line_1based	target_token_index_0based	target_id	predicted_id	loss
1	5	31219	31219	0.000709534
1	6	680	680	0.000143051
1	7	511	511	0.000144958
1	8	1862	1862	0.000841141
1	9	13	13	0
1	10	50256	50256	0
2	5	286	286	2.09808e-05
2	6	10211	10211	0.00136757
2	7	318	318	0.00028038
2	8	3221	3221	0.00250816
2	9	10693	10693	0.000888824
2	10	618	618	0.00012207
2	11	9759	9759	0.00195503
2	12	284	284	0.00022316
2	13	262	262	0.000356674
2	14	5044	5044	0.00124359
2	15	13	13	0
2	16	50256	50256	0
3	5	1205	1205	0.000707626
3	6	2641	2641	0.000375748
3	7	663	663	8.58307e-05
3	8	20596	20596	0.00235367
3	9	11	11	3.05176e-05
3	10	11222	11222	0.000778198
3	11	88	88	0.00128365
3	12	4645	4645	0.00105286
3	13	13	13	2.47955e-05
3	14	50256	50256	0
4	5	5922	5922	0.000228882
4	6	39966	39966	0.000160217
4	7	287	287	1.90735e-05
4	8	257	257	2.09808e-05
4	9	36594	36594	0.000511169
4	10	290	290	1.71661e-05
4	11	1577	1577	0.000305176
4	12	4082	4082	1.33514e-05
4	13	13	13	0
4	14	50256	50256	0
5	5	945	945	0.000144958
5	6	4439	4439	0.000370026
5	7	23938	23938	0.000219345
5	8	26742	26742	8.96454e-05
5	9	981	981	0.000265121
5	10	30580	30580	0.000202179
5	11	511	511	4.95911e-05
5	12	8954	8954	0.000335693
5	13	13022	13022	6.48499e-05
5	14	13	13	1.90735e-06
5	15	50256	50256	0
6	5	5739	5739	0.000400543
6	6	11	11	0.000200272
6	7	281	281	0.000705719
6	8	2134	2134	0.000473022
6	9	351	351	0.000322342
6	10	645	645	0.00107956
6	11	2010	2010	0.00128746
6	12	2700	2700	0.00145531
6	13	16047	16047	0.000825882
6	14	6937	6937	0.000692368
6	15	15432	15432	0.00129509
6	16	13	13	1.71661e-05
6	17	50256	50256	0
7	5	296	296	0.000696182
7	6	1045	1045	0.000324249
7	7	1249	1249	0.000864029
7	8	21678	21678	0.00102997
7	9	284	284	6.67572e-05
7	10	1445	1445	0.00149345
7	11	832	832	0.000423431
7	12	12835	12835	0.00120735
7	13	16649	16649	0.000350952
7	14	13	13	0
7	15	50256	50256	0
8	5	734	734	0.00176239
8	6	9403	9403	0.00127983
8	7	5667	5667	0.00109291
8	8	13	13	0
8	9	50256	50256	0
9	5	4983	4983	0.000637054
9	6	355	355	7.24792e-05
9	7	281	281	0.000244141
9	8	14312	14312	0.000230789
9	9	20562	20562	0.000328064
9	10	3716	3716	0.000253677
9	11	13	13	3.8147e-06
9	12	50256	50256	0
10	5	13522	13522	0.000389099
10	6	5732	5732	0.00041008
10	7	663	663	0.000148773
10	8	29973	29973	0.0021019
10	9	2785	2785	0.00022316
10	10	2568	2568	0.000864029
10	11	13	13	0
10	12	50256	50256	0
11	5	284	284	0.000635147
11	6	787	787	0.000816345
11	7	34476	34476	0.00163078
11	8	1141	1141	0.000448227
11	9	5205	5205	0.000354767
11	10	44411	44411	0.000757217
11	11	13	13	1.90735e-06
11	12	50256	50256	0
12	5	257	257	0.000148773
12	6	43836	43836	0.000606537
12	7	416	416	0.000274658
12	8	12304	12304	0.00056839
12	9	1780	1780	0.000164032
12	10	299	299	0.000368118
12	11	12345	12345	0.000589371
12	12	1088	1088	0.000204086
12	13	281	281	0.000104904
12	14	14709	14709	0.000444412
12	15	415	415	0.000249863
12	16	13	13	0
12	17	50256	50256	0
13	5	257	257	9.53674e-06
13	6	12505	12505	0.000274658
13	7	3716	3716	0.000169754
13	8	287	287	0.000303268
13	9	1944	1944	0.000148773
13	10	12	12	0.000108719
13	11	820	820	0.000148773
13	12	31057	31057	0.000144958
13	13	13	13	0
13	14	50256	50256	0
14	5	2173	2173	0.00100708
14	6	284	284	0.000131607
14	7	3435	3435	0.000768661
14	8	973	973	0.000457764
14	9	287	287	0.000265121
14	10	867	867	0.000642776
14	11	3597	3597	0.000337601
14	12	3341	3341	0.000612259
14	13	13	13	1.14441e-05
14	14	50256	50256	0
15	5	3665	3665	0.00041008
15	6	7405	7405	0.000196457
15	7	284	284	3.62396e-05
15	8	1057	1057	0.000986099
15	9	2138	2138	0.000240326
15	10	621	621	3.62396e-05
15	11	6129	6129	0.000654221
15	12	13	13	0
15	13	50256	50256	0
16	5	471	471	0.00053978
16	6	5031	5031	0.000707626
16	7	272	272	0.000967026
16	8	7012	7012	0.00105667
16	9	9459	9459	0.000144958
16	10	11	11	7.24792e-05
16	11	281	281	0.000164032
16	12	37874	37874	0.000291824
16	13	1748	1748	0.000188828
16	14	13	13	0
16	15	50256	50256	0
17	5	326	326	0.00037384
17	6	2107	2107	0.000402451
17	7	287	287	3.62396e-05
17	8	8389	8389	0.000715256
17	9	20848	20848	5.72205e-05
17	10	13	13	1.90735e-06
17	11	50256	50256	0
18	5	11863	11863	0.00151634
18	6	351	351	0.000663757
18	7	262	262	0.000150681
18	8	1037	1037	0.000911713
18	9	286	286	7.43866e-05
18	10	16869	16869	0.000617981
18	11	49835	49835	0.000185013
18	12	13	13	0
18	13	50256	50256	0
19	5	257	257	3.24249e-05
19	6	20562	20562	0.000551224
19	7	290	290	0.000137329
19	8	28757	28757	0.000648499
19	9	3716	3716	0.000213623
19	10	287	287	0.000272751
19	11	17113	17113	0.00141716
19	12	4763	4763	0.000713348
19	13	11	11	0.000120163
19	14	8602	8602	0.000967026
19	15	13	13	1.90735e-06
19	16	50256	50256	0
20	5	286	286	0
20	6	15238	15238	0.00114441
20	7	11	11	0.000112534
20	8	257	257	0.000131607
20	9	42238	42238	0.000350952
20	10	1499	1499	0.000257492
20	11	13	13	7.05719e-05
20	12	50256	50256	0
21	5	3665	3665	0.000387192
21	6	25041	25041	0.000209808
21	7	11278	11278	0.000610352
21	8	326	326	2.47955e-05
21	9	460	460	0.000444412
21	10	11589	11589	0.000419617
21	11	8976	8976	0.000230789
21	12	257	257	3.43323e-05
21	13	16161	16161	0.000150681
21	14	338	338	5.72205e-05
21	15	22204	22204	0.000200272
21	16	13	13	0
21	17	50256	50256	0
22	5	17669	17669	0.000715256
22	6	23235	23235	0.000881195
22	7	40270	40270	0.001194
22	8	284	284	0.000522614
22	9	530	530	0.00290489
22	10	11863	11863	0.00978851
22	11	22037	22037	0.00149345
22	12	13	13	5.72205e-06
22	13	50256	50256	0
23	5	1262	1262	6.48499e-05
23	6	4839	4839	0.000694275
23	7	12	12	0.000106812
23	8	29289	29289	0.000547409
23	9	15835	15835	0.000453949
23	10	13	13	3.8147e-06
23	11	50256	50256	0
24	5	286	286	1.52588e-05
24	6	4771	4771	0.00217438
24	7	326	326	0.000181198
24	8	1445	1445	0.00118828
24	9	739	739	0.000490189
24	10	511	511	0.000402451
24	11	898	898	0.000934601
24	12	3463	3463	0.000350952
24	13	13	13	0
24	14	50256	50256	0
25	5	976	976	0.000450134
25	6	355	355	0.000175476
25	7	1194	1194	0.00200844
25	8	1573	1573	0.00216484
25	9	475	475	0.00182533
25	10	460	460	0.00359535
25	11	13238	13238	0.000368118
25	12	287	287	2.86102e-05
25	13	3616	3616	0.00178719
25	14	393	393	0.000406265
25	15	24993	24993	0.000234604
25	16	13	13	0
25	17	50256	50256	0
26	5	8384	8384	0.00192451
26	6	319	319	0.000440598
26	7	5667	5667	0.00768471
26	8	11	11	0.00144196
26	9	8701	8701	0.00386429
26	10	274	274	0.00149536
26	11	11	11	0.00119591
26	12	290	290	0.00222397
26	13	584	584	0.00134087
26	14	4618	4618	0.00203133
26	15	2587	2587	0.0116062
26	16	13	13	0
26	17	50256	50256	0
27	5	284	284	0.00050354
27	6	4735	4735	0.000854492
27	7	318	318	0.000635147
27	8	1444	1444	0.000795364
27	9	32553	32553	0.000175476
27	10	13	13	4.00543e-05
27	11	50256	50256	0
28	5	287	287	0.000110626
28	6	257	257	0.000116348
28	7	269	269	0.000431061
28	8	8325	8325	0.000337601
28	9	298	298	0.000436783
28	10	5931	5931	0.000667572
28	11	6314	6314	0.00066185
28	12	13	13	0
28	13	50256	50256	0
29	5	25834	25834	0.00131989
29	6	17783	17783	0.000198364
29	7	7545	7545	0.00015831
29	8	3805	3805	0.000272751
29	9	1719	1719	0.000104904
29	10	645	645	0.000312805
29	11	37368	37368	0.000183105
29	12	13	13	0
29	13	50256	50256	0
30	5	6071	6071	0.00028801
30	6	2641	2641	7.05719e-05
30	7	257	257	1.14441e-05
30	8	24911	24911	0.00037384
30	9	13	13	0
30	10	50256	50256	0
31	5	12491	12491	0.000284195
31	6	265	265	0.000333786
31	7	318	318	0.000127792
31	8	407	407	0.000328064
31	9	257	257	7.62939e-05
31	10	1611	1611	0.000617981
31	11	286	286	3.8147e-06
31	12	17135	17135	0.000331879
31	13	13	13	3.8147e-05
31	14	50256	50256	0
32	5	11	11	0.000358582
32	6	262	262	3.8147e-06
32	7	9848	9848	0.000585556
32	8	286	286	3.43323e-05
32	9	14580	14580	0.0011158
32	10	21767	21767	0.000524521
32	11	262	262	2.86102e-05
32	12	9848	9848	0.000497818
32	13	286	286	5.72205e-06
32	14	18349	18349	0.000354767
32	15	13	13	3.8147e-06
32	16	50256	50256	0
33	5	1123	1123	3.8147e-05
33	6	584	584	0.000331879
33	7	1973	1973	0.000173569
33	8	262	262	0.00030899
33	9	41407	41407	0.000951767
33	10	286	286	4.19617e-05
33	11	47403	47403	8.2016e-05
33	12	13	13	2.09808e-05
33	13	50256	50256	0
34	5	416	416	0.000238419
34	6	2876	2876	0.00117111
34	7	3723	3723	0.000669479
34	8	290	290	2.67029e-05
34	9	27172	27172	0.00121117
34	10	3101	3101	0.000421524
34	11	267	267	0.00063324
34	12	265	265	0.0004673
34	13	21824	21824	0.00107765
34	14	13	13	0
34	15	50256	50256	0
35	5	663	663	2.47955e-05
35	6	9686	9686	0.000299454
35	7	290	290	5.72205e-06
35	8	6727	6727	0.000434875
35	9	10645	10645	2.09808e-05
35	10	13	13	0
35	11	50256	50256	0
36	5	11880	11880	4.57764e-05
36	6	5419	5419	0.000205994
36	7	340	340	0.00111389
36	8	2824	2824	0.00236893
36	9	5931	5931	0.000282288
36	10	1321	1321	0.00145721
36	11	422	422	0.000358582
36	12	663	663	0.00031662
36	13	21334	21334	0.000694275
36	14	13	13	0
36	15	50256	50256	0
37	5	287	287	9.72748e-05
37	6	262	262	0.000125885
37	7	8434	8434	0.000650406
37	8	1027	1027	0.000976562
37	9	4909	4909	0.00135994
37	10	23326	23326	0.000774384
37	11	4778	4778	0.000423431
37	12	2950	2950	0.00158882
37	13	287	287	3.8147e-06
37	14	4854	4854	8.96454e-05
37	15	13	13	0
37	16	50256	50256	0
38	5	2630	2630	0.000125885
38	6	262	262	0
38	7	5337	5337	0.000362396
38	8	44487	44487	0.000162125
38	9	9869	9869	0.000404358
38	10	12898	12898	0.000284195
38	11	546	546	0.000259399
38	12	257	257	0.000123978
38	13	8557	8557	0.000278473
38	14	7002	7002	0.000148773
38	15	13	13	0
38	16	50256	50256	0
39	5	257	257	0.000339508
39	6	38712	38712	0.000991821
39	7	460	460	0.000480652
39	8	6486	6486	0.00143433
39	9	379	379	0.000465393
39	10	845	845	0.000940323
39	11	1180	1180	0.000673294
39	12	18868	18868	0.000431061
39	13	422	422	0.000190735
39	14	3668	3668	0.000457764
39	15	13	13	9.91821e-05
39	16	50256	50256	0
40	5	976	976	0.00150108
40	6	1271	1271	0.000936508
40	7	286	286	0.000162125
40	8	28722	28722	0.00183868
40	9	355	355	0.000528336
40	10	1237	1237	0.00133133
40	11	684	684	0.000724792
40	12	13	13	1.90735e-06
40	13	50256	50256	0
41	5	5048	5048	4.57764e-05
41	6	82	82	0.00012207
41	7	4731	4731	0.000297546
41	8	1938	1938	0.000810623
41	9	284	284	5.53131e-05
41	10	458	458	0.000350952
41	11	1347	1347	0.00105286
41	12	2138	2138	0.000274658
41	13	621	621	8.01086e-05
41	14	9563	9563	0.000305176
41	15	262	262	4.76837e-05
41	16	13042	13042	0.000665665
41	17	13	13	0
41	18	50256	50256	0
42	5	1712	1712	0.000488281
42	6	32107	32107	0.000642776
42	7	1296	1296	0.000265121
42	8	262	262	0.000148773
42	9	20831	20831	0.000650406
42	10	24491	24491	0.000417709
42	11	22829	22829	0.000169754
42	12	13	13	1.90735e-05
42	13	50256	50256	0
43	5	3825	3825	0.00271416
43	6	318	318	0.000577927
43	7	1444	1444	0.000543594
43	8	262	262	0.000257492
43	9	2825	2825	0.00271416
43	10	22829	22829	0.000343323
43	11	13	13	1.90735e-06
43	12	50256	50256	0
44	5	262	262	0.000520706
44	6	3825	3825	0.000629425
44	7	11	11	0.000518799
44	8	21094	21094	0.00153923
44	9	468	468	0.000696182
44	10	257	257	0.000232697
44	11	37546	37546	0.00129128
44	12	2811	2811	0.000869751
44	13	4417	4417	0.000297546
44	14	13	13	0
44	15	50256	50256	0
45	5	257	257	5.34058e-05
45	6	5863	5863	0.000167847
45	7	670	670	9.53674e-05
45	8	416	416	4.19617e-05
45	9	12386	12386	0.000379562
45	10	46525	46525	0.000238419
45	11	13	13	0
45	12	50256	50256	0
46	5	262	262	0
46	6	9653	9653	0.000282288
46	7	326	326	0.000144958
46	8	8080	8080	0.000610352
46	9	607	607	0.000295639
46	10	18815	18815	0.00019455
46	11	13	13	0
46	12	50256	50256	0
47	5	422	422	2.86102e-05
47	6	826	826	0.000404358
47	7	284	284	7.62939e-06
47	8	1364	1364	0.000120163
47	9	13	13	0
47	10	50256	50256	0
48	5	1872	1872	0.000114441
48	6	389	389	0.000423431
48	7	3917	3917	0.000810623
48	8	351	351	5.72205e-05
48	9	12281	12281	0.000459671
48	10	64	64	0.000574112
48	11	399	399	0.000255585
48	12	9019	9019	0.000236511
48	13	13	13	5.72205e-06
48	14	50256	50256	0
49	5	257	257	0.000644684
49	6	1296	1296	0.00139618
49	7	286	286	0.000705719
49	8	31094	31094	0.000873566
49	9	11881	11881	0.000402451
49	10	13	13	1.90735e-06
49	11	50256	50256	0
50	5	17226	17226	0.000761032
50	6	1271	1271	0.000627518
50	7	286	286	0.000108719
50	8	597	597	0.00135994
50	9	5931	5931	8.2016e-05
50	10	5002	5002	0.000637054
50	11	13	13	4.95911e-05
50	12	50256	50256	0
51	5	422	422	2.28882e-05
51	6	262	262	2.09808e-05
51	7	15921	15921	8.01086e-05
51	8	286	286	1.90735e-06
51	9	19450	19450	0.000984192
51	10	7150	7150	0.000238419
51	11	13	13	0
51	12	50256	50256	0
52	5	25388	25388	0.000204086
52	6	3623	3623	0.000183105
52	7	284	284	1.14441e-05
52	8	1620	1620	0.000238419
52	9	12370	12370	0.000297546
52	10	670	670	0.000644684
52	11	13	13	0
52	12	50256	50256	0
53	5	262	262	0.00053215
53	6	6869	6869	0.000997543
53	7	7021	7021	0.00178909
53	8	636	636	0.000526428
53	9	393	393	0.000598907
53	10	477	477	0.00249863
53	11	286	286	0.000164032
53	12	262	262	0.000421524
53	13	3825	3825	0.00190926
53	14	422	422	6.48499e-05
53	15	1570	1570	0.00131989
53	16	13	13	0
53	17	50256	50256	0
54	5	393	393	0.000238419
54	6	7686	7686	0.0010376
54	7	3170	3170	0.000379562
54	8	422	422	0.000343323
54	9	5100	5100	0.00117493
54	10	18955	18955	0.000667572
54	11	4991	4991	0.000366211
54	12	13	13	3.8147e-06
54	13	50256	50256	0
55	5	3872	3872	0.00138283
55	6	3815	3815	6.10352e-05
55	7	884	884	0.000631332
55	8	355	355	2.28882e-05
55	9	2081	2081	0.00217438
55	10	290	290	9.15527e-05
55	11	3991	3991	0.00265121
55	12	13	13	0
55	13	50256	50256	0
56	5	6903	6903	0.00022316
56	6	286	286	1.90735e-05
56	7	1692	1692	0.00131416
56	8	2910	2910	0.00159836
56	9	13	13	0
56	10	50256	50256	0
57	5	287	287	1.71661e-05
57	6	2166	2166	0.00173378
57	7	286	286	0.000400543
57	8	663	663	0.00136757
57	9	3491	3491	0.000898361
57	10	460	460	0.0007267
57	11	2728	2728	0.000961304
57	12	257	257	0.000148773
57	13	40757	40757	0.00111198
57	14	19550	19550	0.00107765
57	15	287	287	6.48499e-05
57	16	262	262	5.72205e-06
57	17	3491	3491	0.000360489
57	18	338	338	0.000263214
57	19	22204	22204	0.00022316
57	20	13	13	0
57	21	50256	50256	1.90735e-06
58	5	3170	3170	0.000934601
58	6	12972	12972	0.000667572
58	7	43591	43591	0.000617981
58	8	355	355	6.10352e-05
58	9	15100	15100	0.000259399
58	10	16667	16667	7.82013e-05
58	11	1443	1443	2.28882e-05
58	12	13	13	0
58	13	50256	50256	0
59	5	1510	1510	0.000377655
59	6	400	400	0.000537872
59	7	286	286	8.01086e-05
59	8	257	257	4.57764e-05
59	9	4326	4326	0.00123024
59	10	13	13	0
59	11	50256	50256	0
60	5	735	735	3.62396e-05
60	6	460	460	8.58307e-05
60	7	10199	10199	0.000185013
60	8	284	284	2.67029e-05
60	9	5044	5044	0.000240326
60	10	9230	9230	0.000320435
60	11	13	13	0
60	12	50256	50256	0
61	5	290	290	0.00015831
61	6	38467	38467	0.00175476
61	7	5594	5594	0.000762939
61	8	284	284	0.000181198
61	9	262	262	0.000205994
61	10	304	304	0.000772476
61	11	2724	2724	0.000677109
61	12	560	560	0.000844955
61	13	6421	6421	0.000267029
61	14	13	13	0
61	15	50256	50256	0
62	5	13971	13971	0.000364304
62	6	9403	9403	0.000101089
62	7	42626	42626	0.000101089
62	8	3349	3349	3.8147e-05
62	9	739	739	8.2016e-05
62	10	11080	11080	0.000181198
62	11	3403	3403	4.95911e-05
62	12	13	13	0
62	13	50256	50256	0
63	5	7319	7319	0.000303268
63	6	16379	16379	9.72748e-05
63	7	13	13	0
63	8	50256	50256	0
64	5	47933	47933	0.00043869
64	6	832	832	6.48499e-05
64	7	257	257	1.90735e-06
64	8	8122	8122	9.15527e-05
64	9	13	13	1.90735e-06
64	10	50256	50256	0
65	5	2339	2339	0.000679016
65	6	8573	8573	0.00239182
65	7	326	326	0.000478745
65	8	1037	1037	0.000881195
65	9	606	606	0.000427246
65	10	7906	7906	0.00170135
65	11	832	832	0.000518799
65	12	262	262	0.000402451
65	13	1633	1633	0.00271034
65	14	13	13	0
65	15	50256	50256	0
66	5	262	262	0.000106812
66	6	5417	5417	0.00151443
66	7	832	832	0.000133514
66	8	257	257	0.000156403
66	9	25979	25979	0.00137711
66	10	287	287	0.000106812
66	11	10836	10836	0.00276566
66	12	13	13	0
66	13	50256	50256	0
67	5	286	286	0.000232697
67	6	7517	7517	0.000753403
67	7	11	11	6.29425e-05
67	8	319	319	9.53674e-05
67	9	262	262	1.52588e-05
67	10	5866	5866	0.00103188
67	11	406	406	0.00222778
67	12	733	733	0.000776291
67	13	2959	2959	0.00136757
67	14	13	13	0.000144958
67	15	50256	50256	0
68	5	4778	4778	0.000202179
68	6	326	326	0.000173569
68	7	3031	3031	0.00101471
68	8	284	284	1.33514e-05
68	9	15938	15938	0.000513077
68	10	26306	26306	0.000324249
68	11	287	287	0.000102997
68	12	40333	40333	0.000188828
68	13	13	13	0
68	14	50256	50256	0
69	5	284	284	2.28882e-05
69	6	45075	45075	0.000762939
69	7	262	262	3.43323e-05
69	8	1271	1271	0.000545502
69	9	286	286	1.33514e-05
69	10	23235	23235	0.000417709
69	11	286	286	0.000324249
69	12	1123	1123	0.00264931
69	13	5002	5002	0.00351715
69	14	13	13	0.000148773
69	15	50256	50256	0
70	5	287	287	0.000244141
70	6	663	663	0.000652313
70	7	13179	13179	0.000818253
70	8	13	13	5.72205e-05
70	9	50256	50256	0
71	5	3623	3623	0.000825882
71	6	11	11	0.000173569
71	7	8977	8977	0.00119209
71	8	11	11	0.000268936
71	9	290	290	9.91821e-05
71	10	3223	3223	0.00177956
71	11	2300	2300	0.000333786
71	12	1978	1978	0.000757217
71	13	287	287	0.000110626
71	14	27982	27982	0.000831604
71	15	13	13	1.90735e-06
71	16	50256	50256	0
72	5	11904	11904	0.000921249
72	6	832	832	0.000537872
72	7	2005	2005	0.00276184
72	8	83	83	0.000892639
72	9	654	654	0.000713348
72	10	393	393	0.000286102
72	11	584	584	0.00124931
72	12	7494	7494	0.00165367
72	13	876	876	0.00356293
72	14	8573	8573	0.00203133
72	15	13	13	1.90735e-06
72	16	50256	50256	0
73	5	5451	5451	5.14984e-05
73	6	3407	3407	0.000310898
73	7	262	262	1.14441e-05
73	8	25868	25868	0.000415802
73	9	5882	5882	0.000236511
73	10	1757	1757	9.15527e-05
73	11	7698	7698	4.76837e-05
73	12	13	13	0
73	13	50256	50256	0
74	5	351	351	0.00160789
74	6	7572	7572	0.000368118
74	7	286	286	2.28882e-05
74	8	4376	4376	0.0011692
74	9	22969	22969	0.000272751
74	10	13	13	5.72205e-06
74	11	50256	50256	0
75	5	24866	24866	0.000501633
75	6	284	284	2.67029e-05
75	7	257	257	8.2016e-05
75	8	2440	2440	0.00053215
75	9	11067	11067	0.000152588
75	10	7078	7078	0.00018692
75	11	13	13	1.90735e-05
75	12	50256	50256	0
76	5	13020	13020	0.000682831
76	6	34262	34262	0.000543594
76	7	422	422	0.000125885
76	8	257	257	9.91821e-05
76	9	8701	8701	0.000768661
76	10	13	13	1.90735e-06
76	11	50256	50256	0
77	5	2826	2826	0.000936508
77	6	351	351	8.39233e-05
77	7	663	663	8.39233e-05
77	8	1767	1767	0.00162697
77	9	4855	4855	0.00062561
77	10	1022	1022	8.96454e-05
77	11	262	262	0.000185013
77	12	2137	2137	0.00044632
77	13	338	338	0.000133514
77	14	14475	14475	0.000585556
77	15	13	13	2.09808e-05
77	16	50256	50256	0
78	5	11061	11061	0.00103378
78	6	257	257	0.000209808
78	7	37327	37327	0.000476837
78	8	4645	4645	0.000404358
78	9	1900	1900	0.000558853
78	10	355	355	3.05176e-05
78	11	262	262	5.53131e-05
78	12	6124	6124	0.00121117
78	13	6391	6391	0.000514984
78	14	17180	17180	0.000137329
78	15	13	13	0
78	16	50256	50256	8.39233e-05
79	5	351	351	3.05176e-05
79	6	281	281	8.39233e-05
79	7	30690	30690	0.000684738
79	8	6082	6082	0.000139236
79	9	286	286	6.86646e-05
79	10	5186	5186	0.000453949
79	11	3877	3877	0.000392914
79	12	13	13	0
79	13	50256	50256	0
80	5	6342	6342	0.00528336
80	6	11	11	0.000242233
80	7	257	257	0.000120163
80	8	1748	1748	0.00491333
80	9	319	319	0.000810623
80	10	262	262	0.000106812
80	11	1001	1001	0.00195122
80	12	500	500	0.00312805
80	13	13	13	7.62939e-06
80	14	50256	50256	0
81	5	1141	1141	0.000379562
81	6	262	262	9.15527e-05
81	7	1110	1110	0.00191879
81	8	618	618	0.000190735
81	9	1956	1956	0.000997543
81	10	1175	1175	0.000274658
81	11	907	907	0.000404358
81	12	5443	5443	0.000181198
81	13	621	621	0.000108719
81	14	6716	6716	0.000940323
81	15	1660	1660	0.000392914
81	16	13	13	0
81	17	50256	50256	0
82	5	10157	10157	0.000320435
82	6	549	549	0.000108719
82	7	32653	32653	0.000183105
82	8	297	297	0.000402451
82	9	544	544	0.000169754
82	10	7813	7813	0.000349045
82	11	37834	37834	4.00543e-05
82	12	13	13	1.90735e-06
82	13	50256	50256	0
83	5	1271	1271	0.00103188
83	6	4249	4249	0.000307083
83	7	257	257	4.00543e-05
83	8	4633	4633	0.000570297
83	9	1271	1271	0.000185013
83	10	13	13	0
83	11	50256	50256	0
84	5	3139	3139	0.000268936
84	6	286	286	3.62396e-05
84	7	10836	10836	0.00436783
84	8	11	11	0.000162125
84	9	287	287	0.000274658
84	10	262	262	0.000555038
84	11	1499	1499	0.00169945
84	12	338	338	0.000965118
84	13	5093	5093	0.00130272
84	14	13	13	1.90735e-06
84	15	50256	50256	0
85	5	19812	19812	0.000576019
85	6	20775	20775	0.000406265
85	7	25730	25730	0.000400543
85	8	17628	17628	0.000991821
85	9	13	13	0
85	10	50256	50256	0
86	5	318	318	0.000143051
86	6	4635	4635	0.00094986
86	7	416	416	0.000154495
86	8	38797	38797	0.000669479
86	9	278	278	0.000659943
86	10	37624	37624	0.000667572
86	11	41266	41266	0.000370026
86	12	351	351	3.24249e-05
86	13	8268	8268	0.00161743
86	14	13	13	0
86	15	50256	50256	0
87	5	262	262	1.14441e-05
87	6	10359	10359	0.00056839
87	7	290	290	1.52588e-05
87	8	262	262	4.19617e-05
87	9	10329	10329	0.000408173
87	10	13	13	0
87	11	50256	50256	0
88	5	11685	11685	0.000160217
88	6	286	286	5.34058e-05
88	7	18190	18190	0.000476837
88	8	290	290	0.000188828
88	9	511	511	0.000312805
88	10	3585	3585	0.000513077
88	11	6116	6116	0.000234604
88	12	13	13	0
88	13	50256	50256	0
89	5	18044	18044	0.0014286
89	6	1633	1633	0.000511169
89	7	832	832	0.000362396
89	8	511	511	0.000770569
89	9	6611	6611	0.000226974
89	10	28439	28439	0.000123978
89	11	13	13	0
89	12	50256	50256	0
90	5	15061	15061	0.000749588
90	6	36402	36402	0.000459671
90	7	286	286	1.90735e-05
90	8	257	257	7.82013e-05
90	9	19690	19690	0.000429153
90	10	5509	5509	0.000398636
90	11	13	13	1.90735e-06
90	12	50256	50256	0
91	5	11	11	0.000320435
91	6	1690	1690	0.0014286
91	7	41266	41266	0.000526428
91	8	393	393	0.000392914
91	9	2511	2511	0.000757217
91	10	680	680	0.000696182
91	11	11	11	0.000238419
91	12	351	351	0.00132942
91	13	1622	1622	0.000694275
91	14	654	654	0.000677109
91	15	13	13	8.96454e-05
91	16	50256	50256	0
92	5	4104	4104	0.000738144
92	6	1088	1088	0.000185013
92	7	17648	17648	0.00163078
92	8	290	290	4.57764e-05
92	9	832	832	0.000452042
92	10	28431	28431	0.000764847
92	11	13	13	0
92	12	50256	50256	0
93	5	257	257	0.000263214
93	6	2139	2139	0.00127029
93	7	3170	3170	0.000413895
93	8	319	319	0.000822067
93	9	262	262	0.000270844
93	10	5230	5230	0.000511169
93	11	2138	2138	0.000226974
93	12	621	621	8.58307e-05
93	13	257	257	7.62939e-06
93	14	6171	6171	0.00201416
93	15	5177	5177	0.00270462
93	16	329	329	0.000276566
93	17	262	262	0.000165939
93	18	5230	5230	0.000583649
93	19	13	13	1.14441e-05
93	20	50256	50256	0
94	5	6588	6588	0.000440598
94	6	17556	17556	0.000814438
94	7	326	326	0.000255585
94	8	5419	5419	0.000722885
94	9	8509	8509	0.00115013
94	10	15756	15756	0.00021553
94	11	4485	4485	4.95911e-05
94	12	13	13	3.8147e-06
94	13	50256	50256	0
95	5	11073	11073	0.000230789
95	6	281	281	3.24249e-05
95	7	772	772	0.000196457
95	8	18253	18253	0.000114441
95	9	13	13	0
95	10	50256	50256	0
96	5	318	318	0.000793457
96	6	262	262	0.000221252
96	7	1218	1218	0.00102043
96	8	13	13	0
96	9	50256	50256	0
97	5	262	262	0.000141144
97	6	20938	20938	0.00170708
97	7	7679	7679	0.000358582
97	8	1444	1444	0.000339508
97	9	262	262	4.57764e-05
97	10	14673	14673	0.00034523
97	11	22829	22829	0.00019455
97	12	13	13	0
97	13	50256	50256	0
98	5	6870	6870	0.00227737
98	6	8787	8787	0.00106239
98	7	1231	1231	4.3869e-05
98	8	38875	38875	0.000362396
98	9	1123	1123	8.58307e-05
98	10	4637	4637	0.00111961
98	11	257	257	9.91821e-05
98	12	4571	4571	0.000501633
98	13	13	13	0
98	14	50256	50256	0
99	5	2138	2138	0.00167656
99	6	621	621	0.000329971
99	7	1660	1660	0.00164223
99	8	11	11	0.000989914
99	9	287	287	0.00415802
99	10	511	511	0.0014019
99	11	1311	1311	0.000236511
99	12	862	862	0.000408173
99	13	13	13	0
99	14	50256	50256	0
100	5	1514	1514	8.2016e-05
100	6	3096	3096	0.000226974
100	7	468	468	0.000236511
100	8	43063	43063	0.000558853
100	9	3951	3951	0.000713348
100	10	287	287	2.09808e-05
100	11	1123	1123	0.000768661
100	12	4571	4571	0.00268555
100	13	13	13	1.90735e-06
100	14	50256	50256	0
101	5	48573	48573	0.00084877
101	6	6134	6134	0.000144958
101	7	16573	16573	0.000328064
101	8	284	284	7.43866e-05
101	9	1204	1204	0.00103951
101	10	11061	11061	0.000793457
101	11	32085	32085	0.00079155
101	12	729	729	0.000741959
101	13	13	13	0
101	14	50256	50256	0
102	5	9197	9197	0.00133896
102	6	8320	8320	0.00122452
102	7	689	689	0.000637054
102	8	772	772	0.000339508
102	9	611	611	0.000680923
102	10	663	663	0.000156403
102	11	2866	2866	0.00197029
102	12	14768	14768	0.00263786
102	13	6937	6937	0.000413895
102	14	13	13	0
102	15	50256	50256	0
103	5	1660	1660	0.00254631
103	6	40169	40169	0.00168991
103	7	379	379	0.00031662
103	8	257	257	9.15527e-05
103	9	2793	2793	0.00260162
103	10	5951	5951	0.00100899
103	11	13	13	1.90735e-06
103	12	50256	50256	0
104	5	262	262	3.62396e-05
104	6	23902	23902	0.000841141
104	7	23642	23642	0.000162125
104	8	16161	16161	0.00015831
104	9	1444	1444	0.000104904
104	10	262	262	5.53131e-05
104	11	34822	34822	0.000246048
104	12	6378	6378	3.24249e-05
104	13	13	13	0
104	14	50256	50256	0
105	5	1022	1022	0.000318527
105	6	4237	4237	0.000328064
105	7	290	290	0.000209808
105	8	3957	3957	0.000347137
105	9	393	393	0.000106812
105	10	6143	6143	0.000818253
105	11	21379	21379	0.000364304
105	12	13	13	1.14441e-05
105	13	50256	50256	0
106	5	262	262	0.000148773
106	6	22088	22088	0.000743866
106	7	291	291	0.000413895
106	8	13061	13061	0.000276566
106	9	21072	21072	0.000272751
106	10	44921	44921	8.01086e-05
106	11	13	13	0
106	12	50256	50256	0
107	5	1660	1660	8.58307e-05
107	6	287	287	1.14441e-05
107	7	6546	6546	0.00104904
107	8	2945	2945	0.000114441
107	9	5667	5667	0.000164032
107	10	11	11	0.000259399
107	11	21552	21552	0.00225449
107	12	11	11	6.86646e-05
107	13	393	393	0.000377655
107	14	11135	11135	0.000965118
107	15	13	13	1.90735e-06
107	16	50256	50256	0
108	5	7627	7627	0.000459671
108	6	904	904	0.000314713
108	7	656	656	6.48499e-05
108	8	262	262	5.72205e-06
108	9	10596	10596	0.000696182
108	10	10692	10692	0.000717163
108	11	13	13	0.000116348
108	12	50256	50256	0
109	5	262	262	0.000213623
109	6	16577	16577	0.000940323
109	7	15921	15921	0.000150681
109	8	286	286	1.90735e-06
109	9	257	257	0.000366211
109	10	14281	14281	0.00125885
109	11	17793	17793	0.000162125
109	12	13	13	0
109	13	50256	50256	0
110	5	41917	41917	0.000886917
110	6	9978	9978	0.000209808
110	7	326	326	8.39233e-05
110	8	460	460	0.000890732
110	9	3650	3650	0.00112915
110	10	290	290	8.58307e-05
110	11	21937	21937	0.00147438
110	12	24284	24284	0.000473022
110	13	17794	17794	0.000696182
110	14	286	286	3.8147e-06
110	15	34573	34573	0.000492096
110	16	13	13	1.90735e-06
110	17	50256	50256	0
111	5	6591	6591	0.000427246
111	6	1080	1080	0.00114441
111	7	11	11	0.00185394
111	8	22721	22721	0.00101852
111	9	468	468	0.000720978
111	10	262	262	0.00012207
111	11	6000	6000	0.00125694
111	12	2347	2347	0.00106049
111	13	13	13	0
111	14	50256	50256	0
112	5	34616	34616	0.000202179
112	6	29120	29120	0.000284195
112	7	656	656	0.000497818
112	8	262	262	4.00543e-05
112	9	1402	1402	0.000694275
112	10	45426	45426	0.000650406
112	11	13	13	3.8147e-06
112	12	50256	50256	0
113	5	3625	3625	0.000144958
113	6	329	329	8.96454e-05
113	7	3356	3356	0.000165939
113	8	290	290	4.00543e-05
113	9	13017	13017	0.000686646
113	10	13	13	0
113	11	50256	50256	0
114	5	8122	8122	0.000940323
114	6	11	11	0.00154114
114	7	9472	9472	0.00129318
114	8	663	663	0.000270844
114	9	8434	8434	0.00106621
114	10	4755	4755	0.00118637
114	11	318	318	0.000925064
114	12	4735	4735	0.00271416
114	13	13	13	0
114	14	50256	50256	0
115	5	8802	8802	4.3869e-05
115	6	19079	19079	8.58307e-05
115	7	1998	1998	0.000127792
115	8	6697	6697	6.29425e-05
115	9	7028	7028	7.43866e-05
115	10	13	13	1.90735e-06
115	11	50256	50256	0
116	5	274	274	0.000490189
116	6	13617	13617	0.000938416
116	7	278	278	0.000473022
116	8	329	329	0.000831604
116	9	1103	1103	0.00251961
116	10	3146	3146	0.00151062
116	11	13	13	1.90735e-06
116	12	50256	50256	0
117	5	13204	13204	7.43866e-05
117	6	4991	4991	0.000450134
117	7	286	286	8.01086e-05
117	8	2877	2877	0.000497818
117	9	20296	20296	0.000997543
117	10	13	13	5.72205e-06
117	11	50256	50256	0
118	5	281	281	4.95911e-05
118	6	1633	1633	0.000404358
118	7	1014	1014	0.000379562
118	8	1022	1022	0.000675201
118	9	262	262	0.000127792
118	10	300	300	0.000747681
118	11	38621	38621	0.000852585
118	12	87	87	0.00088501
118	13	290	290	4.19617e-05
118	14	262	262	2.09808e-05
118	15	18443	18443	0.000284195
118	16	11072	11072	0.000358582
118	17	13	13	0
118	18	50256	50256	3.8147e-06
119	5	9460	9460	0.000110626
119	6	293	293	0.00148201
119	7	9280	9280	0.000173569
119	8	48556	48556	0.000112534
119	9	1321	1321	0.000328064
119	10	546	546	0.000541687
119	11	262	262	0.000131607
119	12	4067	4067	0.000732422
119	13	286	286	0.000148773
119	14	2057	2057	0.000938416
119	15	13	13	0
119	16	50256	50256	0
120	5	17522	17522	0.00158882
120	6	318	318	0.000440598
120	7	5017	5017	0.00252151
120	8	351	351	6.10352e-05
120	9	16252	16252	0.00237656
120	10	13	13	0
120	11	50256	50256	0
121	5	257	257	9.53674e-06
121	6	2393	2393	0.000883102
121	7	338	338	1.71661e-05
121	8	5794	5794	0.00172043
121	9	11	11	0.000295639
121	10	475	475	0.000984192
121	11	340	340	0.000440598
121	12	857	857	0.00105858
121	13	407	407	0.000305176
121	14	9149	9149	0.00053978
121	15	326	326	0.000448227
121	16	5794	5794	0.00237656
121	17	13	13	0
121	18	50256	50256	0
122	5	262	262	0.000234604
122	6	3139	3139	0.000200272
122	7	286	286	3.8147e-06
122	8	21506	21506	0.00126076
122	9	287	287	8.96454e-05
122	10	3687	3687	0.000244141
122	11	5478	5478	0.000585556
122	12	13	13	0
122	13	50256	50256	0
123	5	16021	16021	0.00133896
123	6	11447	11447	0.000465393
123	7	10717	10717	0.00138474
123	8	1444	1444	0.000139236
123	9	257	257	0.000383377
123	10	9529	9529	0.00118256
123	11	528	528	0.000701904
123	12	462	462	0.00244331
123	13	13	13	3.8147e-06
123	14	50256	50256	0
124	5	866	866	0.000358582
124	6	2636	2636	0.000104904
124	7	20296	20296	0.000268936
124	8	290	290	8.39233e-05
124	9	48914	48914	0.000257492
124	10	20901	20901	0.000160217
124	11	832	832	0.000312805
124	12	30020	30020	0.000118256
124	13	13	13	0
124	14	50256	50256	0
125	5	82	82	0.000555038
125	6	262	262	0.00021553
125	7	2989	2989	0.000772476
125	8	16654	16654	0.000253677
125	9	287	287	4.95911e-05
125	10	257	257	4.95911e-05
125	11	23243	23243	0.000444412
125	12	8379	8379	0.000299454
125	13	13	13	7.62939e-06
125	14	50256	50256	0
126	5	3519	3519	9.91821e-05
126	6	1171	1171	0.000314713
126	7	290	290	2.67029e-05
126	8	2839	2839	0.000127792
126	9	8251	8251	5.91278e-05
126	10	13	13	0
126	11	50256	50256	0
127	5	318	318	7.62939e-05
127	6	1444	1444	0.0001297
127	7	32896	32896	0.000167847
127	8	14596	14596	2.47955e-05
127	9	13	13	0
127	10	50256	50256	0
128	5	925	925	0.000110626
128	6	7525	7525	0.000732422
128	7	422	422	0.000274658
128	8	15317	15317	0.000400543
128	9	290	290	9.53674e-06
128	10	31861	31861	0.000364304
128	11	13	13	2.86102e-05
128	12	50256	50256	0
129	5	257	257	0.000238419
129	6	7226	7226	0.000982285
129	7	21264	21264	0.00069046
129	8	36264	36264	0.000389099
129	9	36869	36869	0.000627518
129	10	21126	21126	0.000959396
129	11	7405	7405	0.000524521
129	12	290	290	0.000127792
129	13	14754	14754	0.000703812
129	14	663	663	5.72205e-06
129	15	7894	7894	0.00104904
129	16	13	13	0
129	17	50256	50256	0
130	5	290	290	5.72205e-05
130	6	17298	17298	0.0014286
130	7	287	287	2.28882e-05
130	8	262	262	6.86646e-05
130	9	7976	7976	0.000616074
130	10	2436	2436	0.000225067
130	11	26676	26676	3.05176e-05
130	12	13	13	0
130	13	50256	50256	0
131	5	389	389	0.000429153
131	6	262	262	8.39233e-05
131	7	717	717	0.000938416
131	8	9403	9403	0.00134277
131	9	5667	5667	0.000169754
131	10	286	286	0.00114059
131	11	257	257	0.000204086
131	12	4618	4618	0.00365067
131	13	39880	39880	0.00289345
131	14	13	13	0
131	15	50256	50256	0
132	5	4847	4847	0.000291824
132	6	287	287	0.000164032
132	7	5788	5788	0.00189018
132	8	416	416	0.000286102
132	9	17247	17247	0.000989914
132	10	7572	7572	0.000293732
132	11	286	286	5.53131e-05
132	12	37410	37410	0.000442505
132	13	3951	3951	0.000699997
132	14	13	13	0
132	15	50256	50256	0
133	5	7667	7667	0.000303268
133	6	8598	8598	0.000457764
133	7	16069	16069	0.000114441
133	8	13	13	0
133	9	50256	50256	0
134	5	9260	9260	4.3869e-05
134	6	1577	1577	0.000249863
134	7	262	262	1.90735e-06
134	8	5440	5440	0.000371933
134	9	663	663	4.95911e-05
134	10	14688	14688	0.00056839
134	11	680	680	0.000127792
134	12	5585	5585	0.000104904
134	13	13	13	3.43323e-05
134	14	50256	50256	0
135	5	389	389	0.000654221
135	6	1036	1036	0.00144577
135	7	515	515	0.000448227
135	8	284	284	0.000247955
135	9	787	787	0.00126648
135	10	257	257	0.000133514
135	11	279	279	0.000711441
135	12	2150	2150	0.000787735
135	13	298	298	0.00075531
135	14	1779	1779	0.000473022
135	15	3681	3681	0.000301361
135	16	13	13	0
135	17	50256	50256	0
136	5	24830	24830	0.00243759
136	6	287	287	1.14441e-05
136	7	543	543	0.00094223
136	8	1123	1123	0.000654221
136	9	6194	6194	0.00115776
136	10	2391	2391	0.000564575
136	11	6870	6870	0.000635147
136	12	530	530	0.00025177
136	13	44278	44278	0.000566483
136	14	415	415	0.000383377
136	15	393	393	6.67572e-05
136	16	48617	48617	0.000131607
136	17	13	13	0
136	18	50256	50256	0
137	5	3473	3473	0.000146866
137	6	5688	5688	0.000400543
137	7	286	286	5.53131e-05
137	8	12925	12925	0.000883102
137	9	5207	5207	0.00021553
137	10	286	286	0.000123978
137	11	1660	1660	0.000429153
137	12	4771	4771	0.000368118
137	13	13	13	3.8147e-06
137	14	50256	50256	0
138	5	3825	3825	0.000612259
138	6	338	338	9.53674e-05
138	7	4755	4755	0.00210571
138	8	26161	26161	0.000417709
138	9	17669	17669	0.000677109
138	10	656	656	0.000494003
138	11	43142	43142	0.00151062
138	12	290	290	0.000148773
138	13	10050	10050	0.00125694
138	14	2568	2568	0.000963211
138	15	13	13	0
138	16	50256	50256	0
139	5	3881	3881	0.0038662
139	6	326	326	0.000162125
139	7	460	460	0.000743866
139	8	47577	47577	0.00154305
139	9	6364	6364	0.000968933
139	10	625	625	0.000558853
139	11	41917	41917	0.00125313
139	12	1661	1661	0.00115395
139	13	66	66	0.000427246
139	14	2040	2040	0.00160789
139	15	13	13	0
139	16	50256	50256	0
140	5	286	286	3.8147e-06
140	6	28722	28722	0.000564575
140	7	287	287	3.62396e-05
140	8	257	257	0.000141144
140	9	5931	5931	0.000488281
140	10	6317	6317	0.000200272
140	11	13	13	0
140	12	50256	50256	0
141	5	5002	5002	0.000148773
141	6	326	326	0.000282288
141	7	318	318	0.000379562
141	8	8122	8122	0.0011158
141	9	379	379	0.000612259
141	10	8850	8850	0.00107765
141	11	2119	2119	0.000892639
141	12	5951	5951	0.000328064
141	13	13	13	3.8147e-06
141	14	50256	50256	0
142	5	284	284	0.000112534
142	6	22792	22792	0.000972748
142	7	962	962	0.00044632
142	8	2763	2763	0.000606537
142	9	403	403	0.000436783
142	10	338	338	3.8147e-05
142	11	22234	22234	0.000606537
142	12	287	287	8.39233e-05
142	13	36094	36094	0.00088501
142	14	13	13	0
142	15	50256	50256	0
143	5	38467	38467	0.000749588
143	6	1296	1296	0.000545502
143	7	1969	1969	0.00152397
143	8	15814	15814	0.000169754
143	9	351	351	8.01086e-05
143	10	262	262	0.000167847
143	11	11135	11135	0.000635147
143	12	286	286	0.000144958
143	13	6134	6134	0.00139809
143	14	13	13	3.8147e-06
143	15	50256	50256	0
144	5	262	262	7.24792e-05
144	6	39522	39522	0.000202179
144	7	286	286	7.62939e-06
144	8	1568	1568	0.000488281
144	9	4795	4795	0.000101089
144	10	10752	10752	0.000123978
144	11	12153	12153	7.05719e-05
144	12	274	274	7.43866e-05
144	13	13	13	0
144	14	50256	50256	0
145	5	319	319	8.7738e-05
145	6	2995	2995	0.00104904
145	7	1141	1141	4.76837e-05
145	8	262	262	3.8147e-05
145	9	44695	44695	0.000677109
145	10	1810	1810	0.00012207
145	11	13	13	1.90735e-06
145	12	50256	50256	0
146	5	48440	48440	0.000572205
146	6	11904	11904	0.000120163
146	7	973	973	0.000907898
146	8	355	355	0.000577927
146	9	257	257	0.000354767
146	10	25721	25721	0.000238419
146	11	13	13	0
146	12	50256	50256	0
147	5	319	319	0.000175476
147	6	46376	46376	0.00150681
147	7	11	11	0.000593185
147	8	16083	16083	0.00211334
147	9	981	981	0.000886917
147	10	262	262	0.000543594
147	11	46376	46376	0.000833511
147	12	318	318	0.000118256
147	13	9583	9583	0.000593185
147	14	13	13	0
147	15	50256	50256	0
148	5	9779	9779	0.0020256
148	6	318	318	7.43866e-05
148	7	257	257	0.000165939
148	8	7446	7446	0.000768661
148	9	8379	8379	0.000825882
148	10	326	326	0.00079155
148	11	22625	22625	0.000778198
148	12	284	284	4.3869e-05
148	13	257	257	2.86102e-05
148	14	10345	10345	0.000621796
148	15	1720	1720	0.00088501
148	16	13	13	0
148	17	50256	50256	0
149	5	1254	1254	0.00041008
149	6	3463	3463	0.00028038
149	7	1203	1203	0.00138474
149	8	780	780	0.000179291
149	9	484	484	0.00056839
149	10	290	290	0.000205994
149	11	511	511	0.000629425
149	12	16807	16807	0.000831604
149	13	389	389	0.000141144
149	14	17282	17282	0.000310898
149	15	7463	7463	0.00050354
149	16	1978	1978	0.00100327
149	17	13	13	0
149	18	50256	50256	0
150	5	262	262	0.000440598
150	6	6697	6697	0.00147057
150	7	4571	4571	0.00100136
150	8	422	422	0.000442505
150	9	749	749	0.00361443
150	10	584	584	0.00069046
150	11	14705	14705	0.0030632
150	12	287	287	0.000183105
150	13	674	674	0.000520706
150	14	6591	6591	0.00114632
150	15	1080	1080	0.000404358
150	16	13	13	0
150	17	50256	50256	0
151	5	287	287	1.90735e-06
151	6	10598	10598	0.000286102
151	7	287	287	5.72205e-06
151	8	5846	5846	0.000211716
151	9	37078	37078	2.47955e-05
151	10	13	13	0
151	11	50256	50256	0
152	5	9505	9505	0.000473022
152	6	379	379	5.91278e-05
152	7	262	262	1.14441e-05
152	8	5645	5645	0.00123405
152	9	286	286	2.28882e-05
152	10	11945	11945	0.000694275
152	11	287	287	6.10352e-05
152	12	867	867	0.000659943
152	13	24039	24039	4.00543e-05
152	14	13	13	0
152	15	50256	50256	0
153	5	3106	3106	0.00172043
153	6	36186	36186	0.000436783
153	7	326	326	5.34058e-05
153	8	4909	4909	0.00164604
153	9	6588	6588	0.00179672
153	10	13	13	1.52588e-05
153	11	50256	50256	0
154	5	2630	2630	0.000202179
154	6	262	262	1.14441e-05
154	7	711	711	0.000432968
154	8	1900	1900	0.000125885
154	9	355	355	0.000118256
154	10	383	383	0.000793457
154	11	23165	23165	9.34601e-05
154	12	1471	1471	8.96454e-05
154	13	30215	30215	2.28882e-05
154	14	13	13	0
154	15	50256	50256	0
155	5	1497	1497	0.00113297
155	6	422	422	0.000257492
155	7	262	262	1.71661e-05
155	8	2612	2612	0.000854492
155	9	11	11	8.58307e-05
155	10	7692	7692	0.00184059
155	11	286	286	0.000150681
155	12	663	663	0.000537872
155	13	11863	11863	0.00130844
155	14	2695	2695	0.000137329
155	15	13	13	0
155	16	50256	50256	0
156	5	21718	21718	0.000862122
156	6	6296	6296	0.000808716
156	7	1474	1474	0.000486374
156	8	6342	6342	0.00184059
156	9	287	287	0.000171661
156	10	4881	4881	0.0021286
156	11	13	13	0
156	12	50256	50256	0
157	5	257	257	5.34058e-05
157	6	2060	2060	0.000484467
157	7	19078	19078	0.000789642
157	8	1143	1143	0.000221252
157	9	5935	5935	0.000326157
157	10	326	326	4.76837e-05
157	11	36319	36319	0.000247955
157	12	656	656	0.000120163
157	13	4553	4553	0.000415802
157	14	39966	39966	0.000494003
157	15	13	13	0
157	16	50256	50256	0
158	5	257	257	0.000514984
158	6	4553	4553	0.0011692
158	7	13239	13239	0.000534058
158	8	422	422	0.000150681
158	9	6134	6134	0.00265694
158	10	290	290	8.7738e-05
158	11	4695	4695	0.000871658
158	12	13	13	0
158	13	50256	50256	0
159	5	881	881	2.47955e-05
159	6	286	286	2.47955e-05
159	7	21673	21673	0.000579834
159	8	338	338	5.91278e-05
159	9	6156	6156	0.000459671
159	10	26898	26898	0.000335693
159	11	4417	4417	0.000434875
159	12	13	13	0
159	13	50256	50256	0
160	5	262	262	1.71661e-05
160	6	1180	1180	0.00044632
160	7	4069	4069	0.00292397
160	8	286	286	3.62396e-05
160	9	3056	3056	0.0007267
160	10	290	290	4.00543e-05
160	11	1660	1660	0.00411987
160	12	319	319	0.0017128
160	13	7815	7815	0.00176239
160	14	13	13	0.000101089
160	15	50256	50256	0
161	5	11	11	0.000450134
161	6	262	262	0.000114441
161	7	3825	3825	0.00177193
161	8	24234	24234	0.00069809
161	9	262	262	3.05176e-05
161	10	33258	33258	0.000797272
161	11	1602	1602	0.000230789
161	12	1352	1352	0.000852585
161	13	13	13	1.90735e-06
161	14	50256	50256	0
162	5	45656	45656	0.000507355
162	6	621	621	0.000131607
162	7	7424	7424	0.00148773
162	8	2266	2266	0.000341415
162	9	1657	1657	0.000371933
162	10	13	13	1.90735e-06
162	11	50256	50256	0
163	5	925	925	0.000259399
163	6	510	510	0.000473022
163	7	286	286	0.00018692
163	8	30362	30362	0.000621796
163	9	16057	16057	0.000389099
163	10	68	68	0.0004673
163	11	13	13	0
163	12	50256	50256	0
164	5	3356	3356	0.000339508
164	6	286	286	0.000350952
164	7	15938	15938	0.00248909
164	8	656	656	0.000177383
164	9	290	290	0.000272751
164	10	503	503	0.00121689
164	11	286	286	0.000133514
164	12	257	257	0.000167847
164	13	2685	2685	0.0019207
164	14	13	13	0
164	15	50256	50256	0
165	5	5732	5732	0.00028801
165	6	351	351	0.000616074
165	7	262	262	0.000143051
165	8	6616	6616	0.00180626
165	9	286	286	3.8147e-06
165	10	663	663	0.000476837
165	11	2866	2866	0.00134468
165	12	287	287	8.58307e-05
165	13	15993	15993	0.00156212
165	14	12933	12933	6.48499e-05
165	15	13	13	7.62939e-06
165	16	50256	50256	0
166	5	286	286	1.33514e-05
166	6	15317	15317	0.000471115
166	7	290	290	1.90735e-06
166	8	19783	19783	0.000480652
166	9	13	13	0
166	10	50256	50256	0
167	5	5366	5366	0.00163078
167	6	286	286	0.000137329
167	7	262	262	0.000505447
167	8	7022	7022	0.00127602
167	9	286	286	0.000890732
167	10	347	347	0.00120926
167	11	8553	8553	0.00111389
167	12	78	78	0.00041008
167	13	13	13	3.24249e-05
167	14	50256	50256	0
168	5	286	286	0.000209808
168	6	5186	5186	0.000408173
168	7	3877	3877	0.000171661
168	8	13	13	0
168	9	50256	50256	0
169	5	1768	1768	0.000370026
169	6	3994	3994	0.000179291
169	7	262	262	1.14441e-05
169	8	13204	13204	0.000329971
169	9	7532	7532	0.000120163
169	10	41927	41927	5.53131e-05
169	11	10680	10680	3.8147e-05
169	12	13	13	0
169	13	50256	50256	0
170	5	3139	3139	0.000486374
170	6	286	286	3.8147e-06
170	7	29638	29638	0.000923157
170	8	11	11	0.000137329
170	9	2138	2138	0.000513077
170	10	621	621	0.000240326
170	11	11294	11294	0.000551224
170	12	23117	23117	0.000154495
170	13	42124	42124	5.72205e-05
170	14	13	13	0
170	15	50256	50256	0
171	5	338	338	5.72205e-06
171	6	383	383	0.000564575
171	7	9467	9467	0.000104904
171	8	13274	13274	0.000181198
171	9	286	286	4.76837e-05
171	10	14059	14059	0.00028038
171	11	3407	3407	8.39233e-05
171	12	24203	24203	0.000219345
171	13	29906	29906	0.000154495
171	14	13	13	0
171	15	50256	50256	0
172	5	12	12	0.000173569
172	6	2164	2164	0.0007267
172	7	1328	1328	0.00019455
172	8	31513	31513	0.000692368
172	9	3881	3881	0.000480652
172	10	2219	2219	0.000406265
172	11	287	287	0.000114441
172	12	9151	9151	0.00161171
172	13	291	291	0.000617981
172	14	20048	20048	0.00168228
172	15	13	13	0
172	16	50256	50256	0
173	5	1115	1115	0.000984192
173	6	11954	11954	0.000221252
173	7	11	11	0.000141144
173	8	734	734	0.000522614
173	9	8901	8901	0.000312805
173	10	2910	2910	0.00037384
173	11	832	832	0.000322342
173	12	663	663	7.05719e-05
173	13	308	308	0.000825882
173	14	2171	2171	4.00543e-05
173	15	13	13	0
173	16	50256	50256	0
174	5	12278	12278	0.00170326
174	6	17655	17655	0.00513077
174	7	1626	1626	0.000360489
174	8	15114	15114	0.00161552
174	9	393	393	0.000209808
174	10	1022	1022	0.000528336
174	11	257	257	0.000646591
174	12	6279	6279	0.00279999
174	13	290	290	4.95911e-05
174	14	262	262	0.00030899
174	15	2323	2323	0.00175095
174	16	13	13	1.90735e-06
174	17	50256	50256	0
175	5	39526	39526	0.000944138
175	6	2877	2877	0.000869751
175	7	351	351	0.000143051
175	8	257	257	3.8147e-05
175	9	5205	5205	0.00209236
175	10	33567	33567	0.00066185
175	11	6587	6587	0.000621796
175	12	5212	5212	0.000305176
175	13	13	13	2.86102e-05
175	14	50256	50256	0
176	5	262	262	6.86646e-05
176	6	4376	4376	0.0014267
176	7	3006	3006	0.000600815
176	8	286	286	0.000101089
176	9	257	257	0.000141144
176	10	23470	23470	0.000955582
176	11	2512	2512	0.000444412
176	12	3328	3328	8.58307e-05
176	13	16882	16882	0.000305176
176	14	13	13	1.90735e-06
176	15	50256	50256	0
177	5	9417	9417	0.000720978
177	6	9136	9136	0.000284195
177	7	6492	6492	0.000961304
177	8	422	422	3.43323e-05
177	9	1728	1728	0.000705719
177	10	2266	2266	0.000434875
177	11	33773	33773	0.000314713
177	12	13	13	0
177	13	50256	50256	0
178	5	7411	7411	0.000274658
178	6	6953	6953	0.000680923
178	7	11	11	0.000156403
178	8	11863	11863	0.00154877
178	9	11	11	0.000282288
178	10	290	290	0.000177383
178	11	1660	1660	0.00094986
178	12	13	13	3.62396e-05
178	13	50256	50256	0
179	5	1277	1277	0.00199509
179	6	511	511	6.86646e-05
179	7	734	734	0.000501633
179	8	2951	2951	0.000314713
179	9	14799	14799	0.000131607
179	10	981	981	0.000164032
179	11	21976	21976	0.000171661
179	12	511	511	0.000102997
179	13	21334	21334	0.000356674
179	14	13	13	0
179	15	50256	50256	0
180	5	11	11	0.000293732
180	6	2138	2138	0.000562668
180	7	621	621	0.000448227
180	8	2458	2458	0.00034523
180	9	287	287	0.00030899
180	10	663	663	0.000177383
180	11	5253	5253	0.00170898
180	12	422	422	0.000675201
180	13	262	262	0.000114441
180	14	3825	3825	0.00186157
180	15	11	11	0.000478745
180	16	5640	5640	0.000684738
180	17	262	262	8.01086e-05
180	18	7028	7028	0.000167847
180	19	13	13	0
180	20	50256	50256	0
181	5	8064	8064	0.00259399
181	6	286	286	1.14441e-05
181	7	257	257	3.24249e-05
181	8	48862	48862	0.00167084
181	9	485	485	0.000549316
181	10	272	272	0.000795364
181	11	9197	9197	0.00139999
181	12	338	338	0.000370026
181	13	38447	38447	0.00152588
181	14	284	284	1.71661e-05
181	15	663	663	3.8147e-05
181	16	14753	14753	0.00150681
181	17	13	13	0
181	18	50256	50256	0
182	5	874	874	0.00168991
182	6	287	287	0.00053978
182	7	262	262	3.8147e-06
182	8	8434	8434	0.000808716
182	9	1027	1027	0.000740051
182	10	1037	1037	0.0012188
182	11	4886	4886	0.000448227
182	12	13179	13179	0.000509262
182	13	286	286	0.000360489
182	14	262	262	0
182	15	1182	1182	0.000217438
182	16	13	13	0
182	17	50256	50256	0
183	5	1262	1262	0.000526428
183	6	14091	14091	0.000236511
183	7	7572	7572	0.00069046
183	8	319	319	0.00053215
183	9	24012	24012	0.00133133
183	10	458	458	0.000610352
183	11	34387	34387	0.000419617
183	12	13	13	0
183	13	50256	50256	0
184	5	3463	3463	0.000801086
184	6	318	318	0.000179291
184	7	262	262	0.000335693
184	8	29973	29973	0.0015831
184	9	2700	2700	0.000709534
184	10	7205	7205	0.00129128
184	11	319	319	0.000152588
184	12	281	281	0.000349045
184	13	2134	2134	0.00109482
184	14	13	13	8.58307e-05
184	15	50256	50256	0
185	5	7475	7475	0.000135422
185	6	11	11	8.96454e-05
185	7	355	355	0.00015831
185	8	618	618	0.00116158
185	9	466	466	0.000480652
185	10	407	407	0.000167847
185	11	4329	4329	0.000425339
185	12	836	836	3.8147e-05
185	13	470	470	2.28882e-05
185	14	13	13	0
185	15	50256	50256	0
186	5	19700	19700	0.000305176
186	6	6588	6588	8.58307e-05
186	7	378	378	0.000402451
186	8	21622	21622	0.000757217
186	9	13	13	9.53674e-06
186	10	50256	50256	0
187	5	18405	18405	0.000434875
187	6	284	284	0.000120163
187	7	2222	2222	0.00109482
187	8	15619	15619	0.00021553
187	9	1657	1657	0.000125885
187	10	284	284	0.000188828
187	11	257	257	0.000139236
187	12	2962	2962	0.0013752
187	13	13	13	0
187	14	50256	50256	0
188	5	14310	14310	0.00131798
188	6	287	287	1.90735e-05
188	7	8122	8122	0.00209045
188	8	284	284	0.000221252
188	9	7603	7603	0.000612259
188	10	1771	1771	0.000627518
188	11	257	257	0.000144958
188	12	4417	4417	0.000801086
188	13	318	318	0.000234604
188	14	1241	1241	0.00166702
188	15	13	13	0
188	16	50256	50256	0
189	5	262	262	0.000110626
189	6	19517	19517	0.000839233
189	7	6896	6896	0.000549316
189	8	351	351	0.000951767
189	9	262	262	5.72205e-06
189	10	2297	2297	0.00219154
189	11	6896	6896	0.000619888
189	12	13	13	0.000173569
189	13	50256	50256	0
190	5	269	269	0.000638962
190	6	8325	8325	0.000478745
190	7	298	298	0.000320435
190	8	13100	13100	0.000833511
190	9	290	290	0.000257492
190	10	318	318	0.00031662
190	11	4318	4318	0.000827789
190	12	284	284	0.000257492
190	13	10469	10469	0.000778198
190	14	16585	16585	0.000463486
190	15	13	13	0
190	16	50256	50256	0
191	5	3793	3793	0.000270844
191	6	284	284	4.19617e-05
191	7	9161	9161	0.000535965
191	8	1613	1613	8.58307e-05
191	9	1692	1692	0.000802994
191	10	14515	14515	0.000110626
191	11	13	13	3.8147e-06
191	12	50256	50256	0
192	5	15715	15715	0.000688553
192	6	621	621	9.91821e-05
192	7	8122	8122	0.00146294
192	8	1660	1660	0.00116348
192	9	11	11	0.00100708
192	10	523	523	0.00141716
192	11	340	340	0.000679016
192	12	36016	36016	0.000123978
192	13	13	13	0
192	14	50256	50256	0
193	5	9518	9518	0.000228882
193	6	11447	11447	0.000143051
193	7	10717	10717	0.00037384
193	8	13	13	0
193	9	50256	50256	0
194	5	656	656	1.71661e-05
194	6	257	257	1.14441e-05
194	7	4735	4735	6.67572e-05
194	8	13	13	0
194	9	50256	50256	0
195	5	262	262	3.8147e-06
195	6	779	779	0.00139809
195	7	286	286	0.000293732
195	8	1657	1657	0.000297546
195	9	290	290	8.2016e-05
195	10	9082	9082	0.00123215
195	11	287	287	1.33514e-05
195	12	5874	5874	0.000871658
195	13	1242	1242	0.000488281
195	14	13	13	0
195	15	50256	50256	0
196	5	6115	6115	0.000230789
196	6	355	355	0.000114441
196	7	257	257	7.43866e-05
196	8	27216	27216	0.00038147
196	9	875	875	0.000692368
196	10	16912	16912	0.000419617
196	11	13	13	1.90735e-06
196	12	50256	50256	0
197	5	373	373	0.000349045
197	6	257	257	6.29425e-05
197	7	4960	4960	0.000457764
197	8	6761	6761	0.000896454
197	9	286	286	4.19617e-05
197	10	21641	21641	0.00101471
197	11	290	290	0.000116348
197	12	4898	4898	0.00144768
197	13	9967	9967	0.000663757
197	14	20842	20842	0.000205994
197	15	13	13	0
197	16	50256	50256	0
198	5	290	290	5.72205e-06
198	6	2314	2314	0.000370026
198	7	47933	47933	0.000408173
198	8	832	832	0.000177383
198	9	257	257	3.24249e-05
198	10	2818	2818	0.000377655
198	11	17076	17076	0.00103569
198	12	13	13	0
198	13	50256	50256	0
199	5	11945	11945	0.000368118
199	6	1978	1978	0.000705719
199	7	379	379	0.00258064
199	8	867	867	0.000440598
199	9	24039	24039	0.000118256
199	10	13	13	0
199	11	50256	50256	0
200	5	1022	1022	0.00150108
200	6	262	262	0.000295639
200	7	37015	37015	0.00247383
200	8	286	286	0.000143051
200	9	8706	8706	0.000743866
200	10	290	290	1.52588e-05
200	11	22721	22721	0.00292587
200	12	13	13	2.09808e-05
200	13	50256	50256	0
201	5	8850	8850	0.000902176
201	6	5405	5405	0.00082016
201	7	621	621	0.000492096
201	8	832	832	0.00125122
201	9	257	257	0.000833511
201	10	17076	17076	0.000932693
201	11	13	13	0
201	12	50256	50256	0
202	5	257	257	0.000734329
202	6	20831	20831	0.00154495
202	7	15283	15283	0.000209808
202	8	9290	9290	0.00025177
202	9	4143	4143	0.000341415
202	10	12073	12073	0.000226974
202	11	663	663	1.14441e-05
202	12	3833	3833	0.000988007
202	13	13	13	0
202	14	50256	50256	0
203	5	44653	44653	0.000585556
203	6	389	389	0.000268936
203	7	34262	34262	0.00125122
203	8	878	878	0.000509262
203	9	511	511	0.000854492
203	10	15061	15061	0.00108337
203	11	36402	36402	0.000429153
203	12	1280	1280	0.000104904
203	13	13	13	0
203	14	50256	50256	0
204	5	329	329	0.000127792
204	6	262	262	0.000295639
204	7	3491	3491	0.000705719
204	8	12	12	0.000892639
204	9	16760	16760	0.00246811
204	10	13888	13888	0.00169182
204	11	286	286	0.000135422
204	12	663	663	0.000717163
204	13	8234	8234	0.00206757
204	14	17894	17894	0.000831604
204	15	13	13	0
204	16	50256	50256	0
205	5	10396	10396	0.000341415
205	6	12610	12610	0.000341415
205	7	6143	6143	0.000497818
205	8	27452	27452	0.000368118
205	9	1321	1321	0.000171661
205	10	1231	1231	0.000167847
205	11	12948	12948	0.000488281
205	12	1176	1176	0.00031662
205	13	13	13	9.53674e-06
205	14	50256	50256	0
206	5	12091	12091	0.000162125
206	6	21566	21566	0.000165939
206	7	260	260	0.000234604
206	8	739	739	0.000183105
206	9	262	262	3.8147e-05
206	10	3112	3112	0.00028801
206	11	1438	1438	0.000270844
206	12	4424	4424	0.000190735
206	13	11751	11751	8.2016e-05
206	14	7459	7459	3.8147e-05
206	15	13	13	0
206	16	50256	50256	0
207	5	1863	1863	0.000356674
207	6	262	262	0.000127792
207	7	8830	8830	0.0010128
207	8	1735	1735	0.000440598
207	9	286	286	5.72205e-06
207	10	2520	2520	0.00203514
207	11	2253	2253	0.000211716
207	12	13	13	5.72205e-06
207	13	50256	50256	0
208	5	257	257	0.000556946
208	6	31607	31607	0.00113869
208	7	8122	8122	0.000495911
208	8	5732	5732	0.00114441
208	9	351	351	8.2016e-05
208	10	6795	6795	0.000583649
208	11	13	13	0
208	12	50256	50256	0
209	5	3139	3139	0.000312805
209	6	1748	1748	0.000392914
209	7	286	286	2.47955e-05
209	8	16519	16519	0.000549316
209	9	13	13	0
209	10	50256	50256	0
210	5	379	379	0.00149345
210	6	262	262	0.00140381
210	7	3641	3641	0.00172997
210	8	286	286	3.05176e-05
210	9	674	674	0.000631332
210	10	6591	6591	0.00012207
210	11	1080	1080	0.000566483
210	12	13	13	1.52588e-05
210	13	50256	50256	0
211	5	4025	4025	0.00282669
211	6	2010	2010	0.0011673
211	7	2700	2700	0.00109863
211	8	11073	11073	0.002285
211	9	257	257	0.000364304
211	10	4025	4025	0.00302887
211	11	20309	20309	0.00115013
211	12	13	13	0.0001297
211	13	50256	50256	0
212	5	4656	4656	0.000173569
212	6	468	468	7.62939e-05
212	7	6697	6697	0.00094223
212	8	6698	6698	0.000993729
212	9	3025	3025	0.000902176
212	10	3815	3815	0.000993729
212	11	751	751	0.000354767
212	12	284	284	0.000221252
212	13	3598	3598	0.000965118
212	14	13	13	0
212	15	50256	50256	0
213	5	262	262	1.33514e-05
213	6	1138	1138	0.000854492
213	7	37670	37670	0.000219345
213	8	1042	1042	0.000494003
213	9	286	286	0.000114441
213	10	30498	30498	0.000240326
213	11	13	13	0
213	12	50256	50256	0
214	5	16662	16662	0.000688553
214	6	284	284	2.47955e-05
214	7	24949	24949	0.000211716
214	8	290	290	9.53674e-06
214	9	28436	28436	0.000770569
214	10	2057	2057	7.82013e-05
214	11	13	13	0
214	12	50256	50256	0
215	5	4257	4257	0.000602722
215	6	9106	9106	0.000335693
215	7	316	316	0.000530243
215	8	16982	16982	0.000629425
215	9	4879	4879	0.000236511
215	10	286	286	4.76837e-05
215	11	9403	9403	0.000640869
215	12	6134	6134	0.000402451
215	13	13	13	4.19617e-05
215	14	50256	50256	0
216	5	318	318	4.76837e-05
216	6	262	262	0.000225067
216	7	4417	4417	0.000753403
216	8	4067	4067	0.000984192
216	9	3264	3264	0.000593185
216	10	2029	2029	0.000759125
216	11	663	663	5.72205e-05
216	12	2962	2962	0.000417709
216	13	13	13	0
216	14	50256	50256	0
217	5	318	318	7.05719e-05
217	6	9086	9086	0.000549316
217	7	1022	1022	0.0018959
217	8	16256	16256	0.00097084
217	9	290	290	0.00053978
217	10	46117	46117	0.000757217
217	11	968	968	0.000488281
217	12	22777	22777	0.000547409
217	13	13	13	0
217	14	50256	50256	0
218	5	981	981	0.000427246
218	6	8868	8868	0.000366211
218	7	23822	23822	0.000143051
218	8	1022	1022	0.0001297
218	9	606	606	0.000282288
218	10	13	13	9.53674e-06
218	11	50256	50256	0
219	5	8811	8811	0.000293732
219	6	925	925	0.000198364
219	7	422	422	8.96454e-05
219	8	22365	22365	0.000232697
219	9	388	388	0.000202179
219	10	17135	17135	0.000423431
219	11	5026	5026	0.000141144
219	12	47196	47196	0.000263214
219	13	13	13	0
219	14	50256	50256	0
220	5	780	780	0.000183105
220	6	484	484	0.000360489
220	7	389	389	0.000713348
220	8	19346	19346	0.00152206
220	9	621	621	6.67572e-05
220	10	262	262	0.00031662
220	11	7346	7346	0.000865936
220	12	6591	6591	0.000802994
220	13	4417	4417	0.0013752
220	14	13	13	0
220	15	50256	50256	0
221	5	262	262	0.000150681
221	6	8434	8434	0.000404358
221	7	21405	21405	0.000511169
221	8	286	286	1.90735e-06
221	9	1728	1728	0.000394821
221	10	7150	7150	0.000408173
221	11	13	13	7.62939e-06
221	12	50256	50256	0
222	5	2187	2187	0.00162506
222	6	287	287	4.76837e-05
222	7	10801	10801	0.000988007
222	8	290	290	3.24249e-05
222	9	12070	12070	0.00114059
222	10	284	284	0.000226974
222	11	4439	4439	0.000757217
222	12	3056	3056	0.000738144
222	13	13	13	0
222	14	50256	50256	0
223	5	395	395	6.10352e-05
223	6	563	563	0.000465393
223	7	28539	28539	0.000459671
223	8	2995	2995	0.000436783
223	9	7346	7346	0.000909805
223	10	262	262	7.62939e-06
223	11	19636	19636	0.000196457
223	12	29179	29179	0.000181198
223	13	286	286	2.47955e-05
223	14	4492	4492	0.000272751
223	15	13	13	0
223	16	50256	50256	0
224	5	9565	9565	0.00043869
224	6	832	832	9.53674e-05
224	7	35115	35115	0.000289917
224	8	13	13	1.90735e-06
224	9	50256	50256	0
225	5	16824	16824	0.00053215
225	6	262	262	1.14441e-05
225	7	2159	2159	0.000530243
225	8	287	287	3.8147e-05
225	9	412	412	0.000955582
225	10	14400	14400	0.000301361
225	11	12579	12579	0.000297546
225	12	5679	5679	0.000131607
225	13	1380	1380	0.000272751
225	14	576	576	0.00063324
225	15	292	292	0.000944138
225	16	376	376	0.00069809
225	17	10332	10332	0.000356674
225	18	13	13	0
225	19	50256	50256	0
226	5	257	257	0.000362396
226	6	3288	3288	0.000541687
226	7	18645	18645	0.000650406
226	8	1022	1022	0.000274658
226	9	4881	4881	0.00227356
226	10	290	290	6.86646e-05
226	11	8602	8602	0.0031662
226	12	13	13	1.90735e-06
226	13	50256	50256	0
227	5	1296	1296	0.000291824
227	6	618	618	0.000270844
227	7	27163	27163	0.00159264
227	8	13166	13166	0.000394821
227	9	1716	1716	0.000822067
227	10	16001	16001	0.000425339
227	11	276	276	0.000190735
227	12	290	290	7.05719e-05
227	13	20534	20534	0.00102425
227	14	276	276	0.000354767
227	15	1978	1978	0.00060463
227	16	13	13	0
227	17	50256	50256	0
228	5	5931	5931	0.000200272
228	6	4847	4847	0.00110817
228	7	287	287	4.00543e-05
228	8	1502	1502	0.000541687
228	9	286	286	5.91278e-05
228	10	3649	3649	0.000572205
228	11	17226	17226	0.000587463
228	12	1271	1271	0.000389099
228	13	13	13	1.33514e-05
228	14	50256	50256	0
229	5	1141	1141	0.000253677
229	6	262	262	5.72205e-06
229	7	3227	3227	0.000461578
229	8	286	286	4.3869e-05
229	9	18391	18391	0.000741959
229	10	4778	4778	2.09808e-05
229	11	13	13	0
229	12	50256	50256	0
230	5	5931	5931	0.000505447
230	6	33543	33543	0.000513077
230	7	290	290	6.10352e-05
230	8	6149	6149	0.00149345
230	9	5387	5387	0.000333786
230	10	15121	15121	0.000267029
230	11	8573	8573	0.000432968
230	12	13	13	1.14441e-05
230	13	50256	50256	0
231	5	287	287	9.53674e-05
231	6	281	281	0.000814438
231	7	26433	26433	0.000652313
231	8	338	338	0.0001297
231	9	7446	7446	0.000837326
231	10	8379	8379	0.000572205
231	11	13	13	2.09808e-05
231	12	50256	50256	0
232	5	45656	45656	8.96454e-05
232	6	621	621	3.43323e-05
232	7	7424	7424	0.000494003
232	8	45725	45725	0.0001297
232	9	1657	1657	7.05719e-05
232	10	13	13	0
232	11	50256	50256	0
233	5	422	422	0.000598907
233	6	11135	11135	0.00108337
233	7	3812	3812	0.0011425
233	8	262	262	8.96454e-05
233	9	6727	6727	0.00188828
233	10	3354	3354	0.000638962
233	11	286	286	0.000106812
233	12	257	257	0.000282288
233	13	4618	4618	0.00193596
233	14	13	13	2.67029e-05
233	15	50256	50256	0
234	5	11	11	0.000249863
234	6	511	511	0.000389099
234	7	781	781	0.00122833
234	8	16415	16415	0.000236511
234	9	43855	43855	0.000202179
234	10	606	606	0.00019455
234	11	21258	21258	0.000585556
234	12	13	13	0
234	13	50256	50256	0
235	5	338	338	0.000101089
235	6	10861	10861	0.000490189
235	7	49831	49831	0.000219345
235	8	560	560	0.000270844
235	9	9335	9335	0.000459671
235	10	373	373	0.000427246
235	11	4624	4624	0.000310898
235	12	625	625	0.000272751
235	13	465	465	0.00112343
235	14	285	285	0.000543594
235	15	13929	13929	0.000246048
235	16	1431	1431	0.000200272
235	17	1182	1182	0.000270844
235	18	13	13	0
235	19	50256	50256	0
236	5	5752	5752	0.000476837
236	6	24139	24139	0.000156403
236	7	1626	1626	0.0001297
236	8	257	257	4.76837e-05
236	9	50126	50126	0.000675201
236	10	6831	6831	0.000421524
236	11	3084	3084	0.000547409
236	12	13	13	0
236	13	50256	50256	0
237	5	2168	2168	0.000810623
237	6	6673	6673	0.000144958
237	7	511	511	6.86646e-05
237	8	4180	4180	0.000371933
237	9	1817	1817	0.000123978
237	10	13	13	0
237	11	50256	50256	0
238	5	379	379	0.000246048
238	6	393	393	0.000640869
238	7	1474	1474	0.00136375
238	8	3668	3668	0.000335693
238	9	338	338	9.72748e-05
238	10	4417	4417	0.000429153
238	11	13	13	0
238	12	50256	50256	0
239	5	23426	23426	0.000314713
239	6	6007	6007	0.000293732
239	7	286	286	5.72205e-06
239	8	12605	12605	0.000572205
239	9	13232	13232	6.10352e-05
239	10	5474	5474	4.57764e-05
239	11	13	13	0
239	12	50256	50256	0
240	5	1366	1366	0.000766754
240	6	523	523	0.00102997
240	7	326	326	0.000499725
240	8	5100	5100	0.000650406
240	9	1895	1895	0.00069809
240	10	460	460	0.000774384
240	11	307	307	0.00105095
240	12	5443	5443	0.000507355
240	13	13	13	5.72205e-06
240	14	50256	50256	0
241	5	636	636	0.00107002
241	6	286	286	1.52588e-05
241	7	262	262	0.000341415
241	8	4865	4865	0.0012455
241	9	1022	1022	0.000442505
241	10	3340	3340	0.000930786
241	11	290	290	3.24249e-05
241	12	262	262	2.28882e-05
241	13	1578	1578	0.00038147
241	14	1829	1829	0.000114441
241	15	13	13	0
241	16	50256	50256	0
242	5	286	286	2.09808e-05
242	6	14807	14807	0.000535965
242	7	287	287	2.28882e-05
242	8	21199	21199	0.000259399
242	9	7229	7229	4.00543e-05
242	10	13	13	0
242	11	50256	50256	0
243	5	262	262	7.62939e-06
243	6	16936	16936	0.000291824
243	7	1900	1900	0.000238419
243	8	3491	3491	0.00078392
243	9	284	284	4.3869e-05
243	10	262	262	5.72205e-06
243	11	3825	3825	0.000196457
243	12	13	13	0
243	13	50256	50256	0
244	5	5400	5400	0.000402451
244	6	287	287	8.01086e-05
244	7	511	511	0.00025177
244	8	30772	30772	7.43866e-05
244	9	13	13	0
244	10	50256	50256	0
245	5	3154	3154	0.00191307
245	6	5667	5667	0.00107193
245	7	379	379	0.000404358
245	8	262	262	0.000394821
245	9	1660	1660	0.00185394
245	10	338	338	0.00266838
245	11	4417	4417	0.00140762
245	12	13	13	1.90735e-05
245	13	50256	50256	0
246	5	1864	1864	0.000314713
246	6	284	284	6.86646e-05
246	7	511	511	0.000905991
246	8	12213	12213	0.00125885
246	9	351	351	0.00110245
246	10	3867	3867	0.00201607
246	11	290	290	0.000242233
246	12	31607	31607	0.000986099
246	13	21164	21164	8.96454e-05
246	14	13	13	0
246	15	50256	50256	0
247	5	329	329	0.000371933
247	6	496	496	0.00105858
247	7	2354	2354	0.000106812
247	8	257	257	1.33514e-05
247	9	35881	35881	0.000202179
247	10	389	389	3.43323e-05
247	11	4048	4048	0.000139236
247	12	13	13	0
247	13	50256	50256	0
248	5	262	262	0.000110626
248	6	4898	4898	0.000850677
248	7	7972	7972	0.000377655
248	8	1641	1641	0.000349045
248	9	3805	3805	0.00028801
248	10	663	663	4.95911e-05
248	11	1877	1877	0.000196457
248	12	7881	7881	7.43866e-05
248	13	13	13	5.72205e-06
248	14	50256	50256	0
249	5	511	511	0.00019455
249	6	2057	2057	0.000471115
249	7	7525	7525	0.000776291
249	8	416	416	0.000366211
249	9	6600	6600	0.000289917
249	10	584	584	0.000213623
249	11	4695	4695	0.000600815
249	12	13	13	0
249	13	50256	50256	0
250	5	15772	15772	0.000171661
250	6	7386	7386	6.29425e-05
250	7	3891	3891	0.000139236
250	8	656	656	9.53674e-05
250	9	6101	6101	0.000354767
250	10	9405	9405	3.05176e-05
250	11	13	13	1.90735e-06
250	12	50256	50256	0
251	5	318	318	0.000114441
251	6	4055	4055	0.000955582
251	7	276	276	0.000217438
251	8	287	287	0.000164032
251	9	281	281	0.000398636
251	10	11557	11557	0.000297546
251	11	1080	1080	0.000225067
251	12	13	13	0
251	13	50256	50256	0
252	5	257	257	9.91821e-05
252	6	4553	4553	0.000356674
252	7	18480	18480	0.000255585
252	8	3108	3108	0.000434875
252	9	329	329	0.000310898
252	10	1123	1123	0.000459671
252	11	4151	4151	0.00222015
252	12	13	13	0
252	13	50256	50256	0
253	5	973	973	0.000101089
253	6	2116	2116	0.000530243
253	7	12	12	0.00015831
253	8	634	634	0.000333786
253	9	27554	27554	0.000171661
253	10	284	284	1.52588e-05
253	11	7301	7301	0.00116348
253	12	607	607	0.000772476
253	13	1204	1204	0.000333786
253	14	290	290	1.33514e-05
253	15	5369	5369	0.000391006
253	16	13	13	0
253	17	50256	50256	0
254	5	11904	11904	0.000450134
254	6	326	326	0.000667572
254	7	1663	1663	0.00097084
254	8	2641	2641	0.000965118
254	9	262	262	0.00030899
254	10	37185	37185	0.00100327
254	11	286	286	3.62396e-05
254	12	1232	1232	0.000963211
254	13	2454	2454	0.000440598
254	14	6134	6134	0.000413895
254	15	13	13	0
254	16	50256	50256	0
255	5	3491	3491	0.00031662
255	6	287	287	0.000205994
255	7	3668	3668	0.000162125
255	8	338	338	4.19617e-05
255	9	1755	1755	0.000511169
255	10	6766	6766	0.000509262
255	11	618	618	0.000669479
255	12	9569	9569	0.0004673
255	13	416	416	0.000131607
255	14	4156	4156	0.000394821
255	15	5874	5874	0.000436783
255	16	22204	22204	0.000259399
255	17	13	13	3.8147e-06
255	18	50256	50256	0
256	5	16968	16968	0.000219345
256	6	11	11	0.000104904
256	7	3584	3584	0.000566483
256	8	617	617	0.000463486
256	9	5696	5696	0.000274658
256	10	17438	17438	0.000341415
256	11	10338	10338	0.000238419
256	12	625	625	0.000112534
256	13	1728	1728	0.000465393
256	14	5951	5951	0.000894547
256	15	16069	16069	0.000328064
256	16	13	13	1.90735e-06
256	17	50256	50256	0
257	5	12	12	0.000276566
257	6	7784	7784	0.00106621
257	7	29984	29984	0.000484467
257	8	1043	1043	0.000549316
257	9	287	287	0.000102997
257	10	5044	5044	0.00255585
257	11	4778	4778	0.000549316
257	12	13	13	0
257	13	50256	50256	0
258	5	324	324	0.00278854
258	6	2627	2627	0.000335693
258	7	262	262	3.8147e-06
258	8	717	717	0.000974655
258	9	1893	1893	0.000612259
258	10	286	286	7.62939e-06
258	11	3794	3794	0.000564575
258	12	287	287	0.000144958
258	13	11445	11445	0.000148773
258	14	13	13	0
258	15	50256	50256	0
259	5	422	422	0.000284195
259	6	543	543	0.000358582
259	7	749	749	0.000261307
259	8	1660	1660	0.000295639
259	9	290	290	6.29425e-05
259	10	7545	7545	0.00136948
259	11	1540	1540	0.000427246
259	12	2340	2340	0.00041008
259	13	423	423	0.00129318
259	14	587	587	0.00144005
259	15	4615	4615	0.000232697
259	16	13	13	7.62939e-05
259	17	50256	50256	0
260	5	422	422	0.000181198
260	6	826	826	0.000679016
260	7	284	284	5.14984e-05
260	8	1364	1364	0.000320435
260	9	13	13	0
260	10	50256	50256	0
261	5	286	286	0.000133514
261	6	867	867	0.00056076
261	7	1402	1402	0.000764847
261	8	12734	12734	0.00069809
261	9	11856	11856	0.000432968
261	10	1978	1978	0.00021553
261	11	13	13	3.8147e-06
261	12	50256	50256	0
262	5	3917	3917	0.000135422
262	6	351	351	0.000101089
262	7	262	262	5.72205e-06
262	8	4960	4960	0.000423431
262	9	6260	6260	0.000244141
262	10	1001	1001	0.000549316
262	11	72	72	0.000375748
262	12	911	911	0.00146484
262	13	261	261	0.000564575
262	14	1840	1840	0.00132561
262	15	13	13	0
262	16	50256	50256	0
263	5	558	558	0.000198364
263	6	504	504	0.000423431
263	7	351	351	0.000104904
263	8	6466	6466	0.000967026
263	9	276	276	0.000282288
263	10	21755	21755	0.000505447
263	11	290	290	1.71661e-05
263	12	7097	7097	0.000745773
263	13	25612	25612	0.000123978
263	14	13	13	0
263	15	50256	50256	0
264	5	3356	3356	0.00106812
264	6	1863	1863	0.000448227
264	7	31025	31025	0.000362396
264	8	287	287	1.52588e-05
264	9	3668	3668	0.000688553
264	10	338	338	6.29425e-05
264	11	20048	20048	0.0015831
264	12	13	13	9.53674e-06
264	13	50256	50256	0
265	5	318	318	0.000450134
265	6	29679	29679	0.000934601
265	7	11	11	4.76837e-05
265	8	543	543	0.000364304
265	9	14582	14582	0.000986099
265	10	1973	1973	0.000110626
265	11	1811	1811	0.00139236
265	12	14807	14807	0.000682831
265	13	13	13	0
265	14	50256	50256	0
266	5	33274	33274	0.000242233
266	6	468	468	0.000173569
266	7	27913	27913	0.000501633
266	8	1744	1744	0.000326157
266	9	3815	3815	0.000230789
266	10	329	329	0.000165939
266	11	1123	1123	0.000749588
266	12	16839	16839	0.00191307
266	13	13	13	7.43866e-05
266	14	50256	50256	0
267	5	1022	1022	0.000185013
267	6	262	262	3.62396e-05
267	7	2910	2910	0.000644684
267	8	290	290	0.000391006
267	9	7346	7346	0.00117111
267	10	21379	21379	0.000513077
267	11	13	13	7.62939e-06
267	12	50256	50256	0
268	5	13042	13042	0.00147629
268	6	16524	16524	0.00119209
268	7	287	287	0.000150681
268	8	8150	8150	0.000715256
268	9	82	82	0.000566483
268	10	13	13	1.90735e-06
268	11	50256	50256	0
269	5	8701	8701	0.00173569
269	6	1641	1641	0.000236511
269	7	3805	3805	0.000242233
269	8	663	663	6.10352e-05
269	9	4898	4898	0.00131416
269	10	88	88	0.000938416
269	11	21552	21552	0.00213242
269	12	13	13	0
269	13	50256	50256	0
270	5	10451	10451	0.00063324
270	6	552	552	0.000259399
270	7	1769	1769	0.000638962
270	8	257	257	8.58307e-05
270	9	1988	1988	0.00151443
270	10	422	422	0.000106812
270	11	584	584	0.000621796
270	12	3815	3815	0.000787735
270	13	393	393	0.000802994
270	14	14700	14700	0.000377655
270	15	13	13	0
270	16	50256	50256	0
271	5	618	618	0.000587463
271	6	340	340	0.001194
271	7	468	468	0.00136375
271	8	257	257	0.000417709
271	9	7515	7515	0.000915527
271	10	1863	1863	0.000133514
271	11	281	281	0.000148773
271	12	2134	2134	0.00118065
271	13	338	338	0.000310898
271	14	29358	29358	0.00137711
271	15	13	13	0.000112534
271	16	50256	50256	0
272	5	663	663	1.14441e-05
272	6	22421	22421	0.000261307
272	7	981	981	0.000106812
272	8	23934	23934	0.000263214
272	9	262	262	7.62939e-06
272	10	20016	20016	0.000265121
272	11	1022	1022	8.39233e-05
272	12	606	606	0.000282288
272	13	13	13	0
272	14	50256	50256	0
273	5	5667	5667	0.00121307
273	6	8811	8811	0.00149727
273	7	3417	3417	0.000337601
273	8	355	355	2.67029e-05
273	9	25209	25209	0.000549316
273	10	13	13	1.90735e-06
273	11	50256	50256	0
274	5	3601	3601	0.000555038
274	6	540	540	0.000583649
274	7	7128	7128	0.000465393
274	8	5241	5241	0.00034523
274	9	416	416	0.000165939
274	10	7720	7720	0.00060463
274	11	656	656	0.00041008
274	12	257	257	5.91278e-05
274	13	4417	4417	0.000505447
274	14	13	13	1.90735e-06
274	15	50256	50256	0
275	5	4909	4909	0.000110626
275	6	27253	27253	0.000387192
275	7	11945	11945	0.000225067
275	8	13	13	0
275	9	50256	50256	0
276	5	530	530	0.001091
276	6	6588	6588	0.000835419
276	7	22037	22037	0.00156212
276	8	290	290	0.000234604
276	9	734	734	0.001791
276	10	11863	11863	0.000642776
276	11	23235	23235	0.00131798
276	12	13	13	0
276	13	50256	50256	0
277	5	48159	48159	6.86646e-05
277	6	2094	2094	0.000104904
277	7	2264	2264	0.000131607
277	8	844	844	0.000143051
277	9	1258	1258	0.000150681
277	10	319	319	0.000102997
277	11	465	465	0.000305176
277	12	17545	17545	0.000579834
277	13	13	13	0
277	14	50256	50256	0
278	5	1657	1657	0.000226974
278	6	284	284	5.91278e-05
278	7	3151	3151	0.000295639
278	8	262	262	2.28882e-05
278	9	2939	2939	0.000419617
278	10	12694	12694	0.000213623
278	11	329	329	0.000143051
278	12	517	517	0.000333786
278	13	640	640	0.000577927
278	14	13	13	5.72205e-06
278	15	50256	50256	0
279	5	47969	47969	0.00102043
279	6	11	11	0.000192642
279	7	730	730	0.00105476
279	8	335	335	0.000286102
279	9	82	82	0.000246048
279	10	1845	1845	0.000925064
279	11	11	11	0.000118256
279	12	290	290	0.000434875
279	13	285	285	0.000469208
279	14	3970	3970	0.00158501
279	15	21622	21622	0.000743866
279	16	13	13	7.62939e-06
279	17	50256	50256	0
280	5	422	422	0.000165939
280	6	11527	11527	0.000597
280	7	45926	45926	0.000524521
280	8	11	11	4.95911e-05
280	9	981	981	0.000371933
280	10	29049	29049	0.000331879
280	11	363	363	0.000173569
280	12	76	76	0.000738144
280	13	2737	2737	0.000701904
280	14	1663	1663	0.000188828
280	15	18644	18644	0.000358582
280	16	422	422	0.000198364
280	17	11527	11527	0.000272751
280	18	18570	18570	0.000240326
280	19	13	13	0
280	20	50256	50256	0
281	5	16697	16697	0.000694275
281	6	262	262	1.71661e-05
281	7	1767	1767	0.000743866
281	8	338	338	0.000305176
281	9	1660	1660	0.00247765
281	10	290	290	0.00019455
281	11	8268	8268	0.00162125
281	12	5236	5236	5.91278e-05
281	13	13	13	1.90735e-06
281	14	50256	50256	0
282	5	1936	1936	0.000371933
282	6	16021	16021	0.000415802
282	7	3951	3951	0.000812531
282	8	13	13	0
282	9	50256	50256	0
283	5	1573	1573	0.00162315
283	6	351	351	0.00372314
283	7	257	257	0.00201607
283	8	3616	3616	0.00331306
283	9	2092	2092	0.000846863
283	10	284	284	0.000589371
283	11	326	326	0.00312042
283	12	286	286	0.00143051
283	13	1194	1194	0.00201988
283	14	1573	1573	0.00187111
283	15	13	13	1.90735e-06
283	16	50256	50256	0
284	5	11	11	4.95911e-05
284	6	262	262	0.000183105
284	7	11087	11087	0.00193024
284	8	18333	18333	0.00125122
284	9	286	286	7.05719e-05
284	10	257	257	0.000198364
284	11	22950	22950	0.00130463
284	12	751	751	0.000612259
284	13	284	284	3.8147e-06
284	14	11546	11546	0.00103188
284	15	7370	7370	0.000349045
284	16	13	13	0
284	17	50256	50256	0
285	5	262	262	6.48499e-05
285	6	1767	1767	0.000171661
285	7	416	416	8.7738e-05
285	8	10427	10427	0.00169563
285	9	319	319	6.86646e-05
285	10	11945	11945	0.000635147
285	11	13	13	0
285	12	50256	50256	0
286	5	1487	1487	0.000862122
286	6	262	262	3.62396e-05
286	7	4571	4571	0.000400543
286	8	287	287	0.000240326
286	9	543	543	0.00078392
286	10	257	257	2.67029e-05
286	11	17182	17182	0.000507355
286	12	8991	8991	0.000185013
286	13	2700	2700	0.000230789
286	14	13	13	3.8147e-06
286	15	50256	50256	0
287	5	422	422	0.000274658
287	6	262	262	5.72205e-06
287	7	9151	9151	0.000675201
287	8	981	981	0.000598907
287	9	4305	4305	0.000774384
287	10	749	749	0.000696182
287	11	26306	26306	0.000965118
287	12	37056	37056	0.00101852
287	13	2157	2157	7.24792e-05
287	14	13	13	5.72205e-06
287	15	50256	50256	0
288	5	9149	9149	0.000459671
288	6	326	326	0.000127792
288	7	24624	24624	0.000825882
288	8	9240	9240	0.000465393
288	9	393	393	3.62396e-05
288	10	3520	3520	0.00158119
288	11	287	287	4.57764e-05
288	12	511	511	0.000408173
288	13	2656	2656	0.00094223
288	14	1502	1502	0.000646591
288	15	13	13	0
288	16	50256	50256	0
289	5	262	262	4.57764e-05
289	6	2166	2166	0.00123215
289	7	286	286	0.000270844
289	8	262	262	0.000293732
289	9	5422	5422	0.00228882
289	10	1037	1037	0.00191689
289	11	2005	2005	0.0014534
289	12	2057	2057	0.00113297
289	13	13	13	0
289	14	50256	50256	0
290	5	14705	14705	0.0026474
290	6	287	287	8.7738e-05
290	7	674	674	0.00151443
290	8	6591	6591	0.000492096
290	9	1080	1080	0.000358582
290	10	318	318	0.000261307
290	11	12548	12548	0.00216675
290	12	19606	19606	0.000972748
290	13	13	13	3.8147e-05
290	14	50256	50256	0
291	5	5207	5207	0.000307083
291	6	286	286	2.86102e-05
291	7	4898	4898	0.000890732
291	8	1262	1262	0.000221252
291	9	987	987	0.000417709
291	10	48331	48331	0.000213623
291	11	30514	30514	0.00103378
291	12	290	290	0.000392914
291	13	20567	20567	0.00018692
291	14	13	13	0
291	15	50256	50256	0
292	5	2656	2656	0.000297546
292	6	2060	2060	0.000505447
292	7	12	12	0.000860214
292	8	26327	26327	0.00063324
292	9	3815	3815	0.000364304
292	10	618	618	0.000131607
292	11	30240	30240	0.000247955
292	12	287	287	4.3869e-05
292	13	41002	41002	0.00060463
292	14	12	12	9.53674e-05
292	15	23	23	0.00111771
292	16	13	13	0
292	17	50256	50256	0
293	5	12737	12737	0.00138283
293	6	287	287	0.000211716
293	7	2877	2877	0.00196648
293	8	20296	20296	0.00107384
293	9	1231	1231	0.000335693
293	10	852	852	0.000986099
293	11	13529	13529	0.000394821
293	12	416	416	0.000339508
293	13	883	883	0.00037384
293	14	12737	12737	0.000270844
293	15	13	13	0
293	16	50256	50256	0
294	5	460	460	0.000852585
294	6	3067	3067	0.000514984
294	7	832	832	8.2016e-05
294	8	1111	1111	0.000535965
294	9	1540	1540	7.62939e-05
294	10	2340	2340	0.000452042
294	11	290	290	0.00044632
294	12	38236	38236	0.000268936
294	13	13	13	0
294	14	50256	50256	0
295	5	13991	13991	0.00111198
295	6	287	287	9.34601e-05
295	7	3833	3833	0.000852585
295	8	13	13	3.43323e-05
295	9	50256	50256	0
296	5	24742	24742	0.000703812
296	6	12	12	0.000371933
296	7	14337	14337	0.00088501
296	8	24438	24438	0.000314713
296	9	14921	14921	0.000684738
296	10	287	287	0.000230789
296	11	3624	3624	0.00178909
296	12	15274	15274	0.0010643
296	13	290	290	3.8147e-05
296	14	3624	3624	0.00146294
296	15	15180	15180	0.000202179
296	16	13	13	0
296	17	50256	50256	0
297	5	7042	7042	0.000383377
297	6	416	416	0.000179291
297	7	8902	8902	0.000379562
297	8	15134	15134	0.000246048
297	9	28856	28856	0.000371933
297	10	13	13	1.90735e-06
297	11	50256	50256	0
298	5	1402	1402	0.00056076
298	6	11	11	0.000514984
298	7	9403	9403	0.001091
298	8	12	12	0.000469208
298	9	38301	38301	0.000946045
298	10	37215	37215	0.000310898
298	11	431	431	0.000518799
298	12	5289	5289	0.000947952
298	13	13	13	0
298	14	50256	50256	0
299	5	338	338	0.000350952
299	6	2494	2494	0.00197029
299	7	1231	1231	0.000505447
299	8	852	852	0.00136566
299	9	13529	13529	0.000740051
299	10	4045	4045	0.000419617
299	11	287	287	4.00543e-05
299	12	326	326	0.000837326
299	13	6317	6317	0.000324249
299	14	13	13	0
299	15	50256	50256	0
300	5	1474	1474	0.000608444
300	6	262	262	5.72205e-06
300	7	47441	47441	0.000535965
300	8	9700	9700	0.00012207
300	9	5866	5866	0.000511169
300	10	13	13	0
300	11	50256	50256	0
301	5	257	257	0.000144958
301	6	3463	3463	0.000806808
301	7	286	286	0.000270844
301	8	11711	11711	0.00115585
301	9	4961	4961	0.000600815
301	10	284	284	7.82013e-05
301	11	663	663	0.000337601
301	12	898	898	0.001194
301	13	3463	3463	0.000720978
301	14	13	13	0
301	15	50256	50256	0
302	5	11	11	2.47955e-05
302	6	2138	2138	0.000144958
302	7	621	621	3.43323e-05
302	8	6586	6586	0.000440598
302	9	393	393	2.09808e-05
302	10	10930	10930	8.01086e-05
302	11	13	13	0
302	12	50256	50256	0
303	5	373	373	0.000286102
303	6	15283	15283	0.000473022
303	7	287	287	2.47955e-05
303	8	4492	4492	0.000583649
303	9	287	287	1.71661e-05
303	10	1105	1105	0.000299454
303	11	1314	1314	4.95911e-05
303	12	13	13	0
303	13	50256	50256	0
304	5	78	78	0.000104904
304	6	1990	1990	0.000246048
304	7	15688	15688	0.000125885
304	8	338	338	3.24249e-05
304	9	10003	10003	0.00041008
304	10	290	290	3.43323e-05
304	11	14944	14944	0.000431061
304	12	17862	17862	0.000127792
304	13	10399	10399	0.000377655
304	14	319	319	2.67029e-05
304	15	6882	6882	0.000391006
304	16	295	295	0.000324249
304	17	371	371	0.000240326
304	18	2093	2093	0.000177383
304	19	10875	10875	0.000205994
304	20	1134	1134	0.000333786
304	21	709	709	0.000923157
304	22	13	13	2.67029e-05
304	23	50256	50256	0
305	5	385	385	0.000457764
305	6	6486	6486	0.000883102
305	7	287	287	0.000139236
305	8	644	644	0.00104713
305	9	318	318	4.95911e-05
305	10	783	783	0.000347137
305	11	7137	7137	6.48499e-05
305	12	13	13	0
305	13	50256	50256	0
306	5	286	286	7.62939e-06
306	6	262	262	3.8147e-06
306	7	1578	1578	3.05176e-05
306	8	7526	7526	0.000192642
306	9	13	13	0
306	10	50256	50256	0
307	5	29867	29867	0.000343323
307	6	17556	17556	0.000270844
307	7	13	13	0
307	8	50256	50256	0
308	5	25041	25041	0.00028038
308	6	30468	30468	0.000509262
308	7	326	326	0.000249863
308	8	645	645	0.000188828
308	9	2392	2392	0.000818253
308	10	8080	8080	0.000606537
308	11	8850	8850	0.000413895
308	12	4755	4755	0.00263214
308	13	21748	21748	0.000608444
308	14	13	13	1.90735e-06
308	15	50256	50256	0
309	5	3562	3562	0.000185013
309	6	416	416	4.19617e-05
309	7	20849	20849	0.000328064
309	8	7068	7068	0.000270844
309	9	449	449	9.53674e-05
309	10	1211	1211	0.00012207
309	11	7273	7273	5.53131e-05
309	12	26361	26361	2.09808e-05
309	13	13	13	0
309	14	50256	50256	0
310	5	2788	2788	0.000476837
310	6	4331	4331	0.000385284
310	7	326	326	5.34058e-05
310	8	4100	4100	0.000736237
310	9	65	65	0.00037384
310	10	2788	2788	0.000291824
310	11	481	481	0.000331879
310	12	1716	1716	9.53674e-05
310	13	5822	5822	0.000673294
310	14	13	13	0
310	15	50256	50256	0
311	5	5865	5865	3.24249e-05
311	6	15417	15417	0.000146866
311	7	389	389	0.000102997
311	8	7310	7310	0.000274658
311	9	8950	8950	0.000200272
311	10	13	13	0
311	11	50256	50256	0
312	5	28028	28028	0.000406265
312	6	1141	1141	0.00018692
312	7	262	262	1.52588e-05
312	8	1218	1218	0.000263214
312	9	39210	39210	7.82013e-05
312	10	37078	37078	6.86646e-05
312	11	13	13	0
312	12	50256	50256	0
313	5	2685	2685	0.000324249
313	6	26161	26161	0.000583649
313	7	1657	1657	0.000724792
313	8	656	656	0.000377655
313	9	12278	12278	0.000570297
313	10	2568	2568	0.000835419
313	11	13	13	0
313	12	50256	50256	0
314	5	355	355	0.00030899
314	6	2153	2153	0.000732422
314	7	2611	2611	0.00069809
314	8	3608	3608	0.00113869
314	9	82	82	0.00113869
314	10	379	379	0.000839233
314	11	3095	3095	0.00140381
314	12	12	12	0.00037384
314	13	78	78	0.00204277
314	14	5829	5829	0.000814438
314	15	5755	5755	0.000104904
314	16	3212	3212	7.43866e-05
314	17	13	13	0
314	18	50256	50256	0
315	5	407	407	0.00220108
315	6	3706	3706	0.00100327
315	7	12622	12622	0.000102997
315	8	45738	45738	0.000125885
315	9	13	13	7.62939e-06
315	10	50256	50256	0
316	5	262	262	6.48499e-05
316	6	21231	21231	0.00261307
316	7	8769	8769	0.000556946
316	8	78	78	0.00082016
316	9	43397	43397	0.000837326
316	10	257	257	1.90735e-05
316	11	5766	5766	0.0012188
316	12	286	286	5.53131e-05
316	13	530	530	0.000988007
316	14	7319	7319	0.00122643
316	15	13	13	1.90735e-06
316	16	50256	50256	0
317	5	29260	29260	0.000213623
317	6	692	692	0.0001297
317	7	295	295	0.000383377
317	8	4193	4193	0.00034523
317	9	42790	42790	0.000225067
317	10	14075	14075	0.000326157
317	11	13550	13550	0.000160217
317	12	34619	34619	0.000198364
317	13	746	746	0.000419617
317	14	82	82	0.000331879
317	15	287	287	0.000249863
317	16	262	262	6.10352e-05
317	17	29666	29666	0.000139236
317	18	4289	4289	4.76837e-05
317	19	13	13	0
317	20	50256	50256	0
318	5	925	925	0.0007267
318	6	422	422	0.000450134
318	7	373	373	0.00270462
318	8	17914	17914	0.00111008
318	9	2058	2058	0.000205994
318	10	8384	8384	0.000377655
318	11	422	422	0.000299454
318	12	663	663	0.000350952
318	13	1036	1036	0.00133896
318	14	515	515	0.000387192
318	15	10717	10717	0.00108147
318	16	13	13	0
318	17	50256	50256	0
319	5	422	422	0.000190735
319	6	262	262	1.71661e-05
319	7	16577	16577	0.00056076
319	8	9529	9529	0.000478745
319	9	528	528	0.000869751
319	10	2586	2586	0.00146484
319	11	286	286	1.90735e-05
319	12	262	262	3.8147e-05
319	13	7858	7858	0.000932693
319	14	946	946	0.000804901
319	15	4618	4618	0.000488281
319	16	13	13	0
319	17	50256	50256	0
320	5	286	286	3.8147e-06
320	6	262	262	0.000494003
320	7	12108	12108	0.000692368
320	8	286	286	0.000192642
320	9	5828	5828	0.000272751
320	10	13	13	5.53131e-05
320	11	50256	50256	0
321	5	37185	37185	0.000476837
321	6	7268	7268	0.000547409
321	7	262	262	0.000621796
321	8	11904	11904	0.000925064
321	9	973	973	0.00132561
321	10	284	284	0.000879288
321	11	787	787	0.000640869
321	12	11311	11311	0.000141144
321	13	13	13	1.90735e-06
321	14	50256	50256	0
322	5	29909	29909	0.00028038
322	6	3348	3348	0.000110626
322	7	656	656	0.000177383
322	8	15268	15268	0.000785828
322	9	13	13	0
322	10	50256	50256	0
323	5	734	734	0.000204086
323	6	5621	5621	0.000684738
323	7	286	286	2.47955e-05
323	8	14390	14390	0.00100517
323	9	11	11	7.05719e-05
323	10	8811	8811	0.000915527
323	11	1444	1444	0.00015831
323	12	25825	25825	0.000665665
323	13	290	290	2.86102e-05
323	14	356	356	0.00212097
323	15	701	701	0.000501633
323	16	13	13	0
323	17	50256	50256	0
324	5	257	257	0.000701904
324	6	1573	1573	0.00193024
324	7	338	338	0.000688553
324	8	2779	2779	0.00129509
324	9	11	11	0.000551224
324	10	9472	9472	0.00209618
324	11	257	257	6.29425e-05
324	12	35488	35488	0.00139999
324	13	318	318	4.19617e-05
324	14	7223	7223	0.00115967
324	15	706	706	0.000688553
324	16	340	340	0.00112915
324	17	13	13	6.86646e-05
324	18	50256	50256	0
325	5	3912	3912	0.000274658
325	6	1900	1900	9.91821e-05
325	7	355	355	9.91821e-05
325	8	26153	26153	0.000175476
325	9	338	338	1.90735e-05
325	10	16734	16734	0.000160217
325	11	13	13	1.33514e-05
325	12	50256	50256	0
326	5	318	318	0.00110626
326	6	25086	25086	0.00202179
326	7	13	13	0
326	8	50256	50256	0
327	5	976	976	0.00245476
327	6	1986	1986	0.000812531
327	7	3812	3812	0.000291824
327	8	3668	3668	0.000518799
327	9	780	780	0.00115967
327	10	663	663	0.000513077
327	11	13179	13179	0.00245667
327	12	290	290	2.86102e-05
327	13	13066	13066	0.00309563
327	14	389	389	0.00129509
327	15	47192	47192	0.000431061
327	16	13	13	0
327	17	50256	50256	0
328	5	20199	20199	0.000375748
328	6	1779	1779	0.000602722
328	7	4541	4541	0.000961304
328	8	4291	4291	0.000473022
328	9	257	257	0.000160217
328	10	4417	4417	0.000442505
328	11	32162	32162	0.00105286
328	12	2174	2174	0.000370026
328	13	262	262	2.86102e-05
328	14	1633	1633	0.000537872
328	15	338	338	0.000246048
328	16	390	390	0.000476837
328	17	86	86	0.000219345
328	18	966	966	0.000890732
328	19	13	13	3.62396e-05
328	20	50256	50256	0
329	5	262	262	4.57764e-05
329	6	2612	2612	0.00151634
329	7	11	11	4.76837e-05
329	8	2138	2138	0.00097847
329	9	621	621	0.00125313
329	10	6872	6872	0.00140572
329	11	340	340	0.00138664
329	12	1497	1497	0.00244522
329	13	13	13	0
329	14	50256	50256	0
330	5	1688	1688	0.00128555
330	6	26041	26041	0.00088501
330	7	1748	1748	0.000547409
330	8	287	287	0.000347137
330	9	1944	1944	0.00101662
330	10	12	12	0.000318527
330	11	820	820	0.000167847
330	12	32183	32183	0.000240326
330	13	13	13	0
330	14	50256	50256	0
331	5	2347	2347	0.00104904
331	6	318	318	0.000320435
331	7	17298	17298	0.00213242
331	8	287	287	3.62396e-05
331	9	663	663	8.7738e-05
331	10	29984	29984	0.00163269
331	11	13	13	3.8147e-06
331	12	50256	50256	0
332	5	257	257	0.00015831
332	6	46103	46103	0.000284195
332	7	326	326	2.67029e-05
332	8	8186	8186	0.000350952
332	9	728	728	0.000362396
332	10	416	416	5.34058e-05
332	11	16299	16299	0.000659943
332	12	9653	9653	8.58307e-05
332	13	13	13	0
332	14	50256	50256	0
333	5	33828	33828	0.000461578
333	6	2630	2630	0.000310898
333	7	262	262	0.000165939
333	8	4960	4960	0.000968933
333	9	670	670	0.000352859
333	10	383	383	0.000448227
333	11	17388	17388	0.00112724
333	12	286	286	7.05719e-05
333	13	5215	5215	0.000406265
333	14	7285	7285	0.000329971
333	15	13	13	0
333	16	50256	50256	0
334	5	656	656	0.000293732
334	6	262	262	4.57764e-05
334	7	12108	12108	0.000213623
334	8	286	286	0.000106812
334	9	5828	5828	0.000701904
334	10	13	13	4.57764e-05
334	11	50256	50256	0
335	5	1146	1146	0.000293732
335	6	14523	14523	0.000385284
335	7	12076	12076	0.00144196
335	8	4755	4755	0.000623703
335	9	5419	5419	0.000619888
335	10	7716	7716	0.00069046
335	11	663	663	6.10352e-05
335	12	14091	14091	0.000257492
335	13	2214	2214	0.00012207
335	14	13	13	0
335	15	50256	50256	0
336	5	416	416	7.05719e-05
336	6	281	281	1.52588e-05
336	7	12064	12064	0.000177383
336	8	900	900	0.00021553
336	9	13	13	0
336	10	50256	50256	0
337	5	4387	4387	0.000597
337	6	2877	2877	0.000284195
337	7	5044	5044	0.000894547
337	8	416	416	0.00108147
337	9	2347	2347	0.00167656
337	10	13	13	0
337	11	50256	50256	0
338	5	318	318	1.52588e-05
338	6	281	281	8.2016e-05
338	7	12628	12628	0.000202179
338	8	1286	1286	7.43866e-05
338	9	35162	35162	4.76837e-05
338	10	19955	19955	7.05719e-05
338	11	17116	17116	5.53131e-05
338	12	13	13	0
338	13	50256	50256	0
339	5	1255	1255	0.000183105
339	6	422	422	0.000106812
339	7	4802	4802	0.000991821
339	8	29358	29358	0.000341415
339	9	286	286	1.71661e-05
339	10	32085	32085	0.00034523
339	11	729	729	0.000617981
339	12	416	416	0.00163078
339	13	739	739	0.000835419
339	14	8583	8583	0.000354767
339	15	29781	29781	0.000841141
339	16	13	13	0
339	17	50256	50256	0
340	5	4417	4417	0.00284576
340	6	11	11	0.00069046
340	7	340	340	0.00130653
340	8	318	318	0.000679016
340	9	1444	1444	0.000144958
340	10	28856	28856	0.000310898
340	11	13	13	0
340	12	50256	50256	0
341	5	31094	31094	0.00078392
341	6	9813	9813	0.00121498
341	7	3067	3067	0.00145721
341	8	379	379	0.000328064
341	9	262	262	0.000143051
341	10	976	976	0.000955582
341	11	2866	2866	0.00256538
341	12	13	13	0
341	13	50256	50256	0
342	5	338	338	2.86102e-05
342	6	3139	3139	0.00044632
342	7	11	11	0.000120163
342	8	319	319	0.000228882
342	9	262	262	9.53674e-06
342	10	2258	2258	0.000225067
342	11	5451	5451	0.000341415
342	12	13	13	1.14441e-05
342	13	50256	50256	0
343	5	290	290	0.000232697
343	6	262	262	0.000152588
343	7	7431	7431	0.000932693
343	8	323	323	0.000566483
343	9	2271	2271	0.00044632
343	10	389	389	0.000448227
343	11	1688	1688	0.000402451
343	12	46178	46178	0.000167847
343	13	2462	2462	0.000106812
343	14	873	873	0.000310898
343	15	13	13	0
343	16	50256	50256	0
344	5	3303	3303	0.00151253
344	6	13	13	0
344	7	50256	50256	0
345	5	338	338	0.000278473
345	6	1588	1588	0.00138474
345	7	14966	14966	0.00102425
345	8	389	389	0.000314713
345	9	20633	20633	0.000728607
345	10	416	416	0.000209808
345	11	16021	16021	0.00185394
345	12	300	300	0.00185394
345	13	600	600	0.00166893
345	14	1424	1424	0.00671577
345	15	13	13	0
345	16	50256	50256	0
346	5	262	262	0.000228882
346	6	717	717	0.00075531
346	7	1893	1893	0.000299454
346	8	286	286	6.86646e-05
346	9	16256	16256	0.000694275
346	10	706	706	0.0012188
346	11	663	663	0.000263214
346	12	39862	39862	0.000389099
346	13	286	286	3.8147e-05
346	14	10404	10404	0.000713348
346	15	13	13	0
346	16	50256	50256	0
347	5	1022	1022	0.000114441
347	6	5387	5387	0.000522614
347	7	21379	21379	0.000398636
347	8	290	290	0.000108719
347	9	262	262	0.000108719
347	10	7097	7097	0.000329971
347	11	2858	2858	0.000535965
347	12	13	13	7.62939e-06
347	13	50256	50256	0
348	5	17598	17598	0.000738144
348	6	318	318	0.000991821
348	7	262	262	8.7738e-05
348	8	4756	4756	0.000591278
348	9	832	832	8.96454e-05
348	10	543	543	0.000764847
348	11	4704	4704	0.00203323
348	12	8318	8318	0.000728607
348	13	13	13	2.09808e-05
348	14	50256	50256	0
349	5	257	257	5.53131e-05
349	6	8122	8122	0.000997543
349	7	416	416	0.000680923
349	8	10829	10829	0.0020256
349	9	5365	5365	0.000135422
349	10	26758	26758	0.000757217
349	11	17745	17745	0.000892639
349	12	13	13	0
349	13	50256	50256	0
350	5	12912	12912	0.000940323
350	6	5696	5696	0.000146866
350	7	7668	7668	0.00015831
350	8	351	351	0.000185013
350	9	8977	8977	0.000923157
350	10	290	290	4.76837e-05
350	11	26898	26898	0.000936508
350	12	13166	13166	0.000371933
350	13	13	13	0
350	14	50256	50256	0
351	5	14281	14281	0.00136948
351	6	393	393	0.000326157
351	7	28402	28402	0.00183868
351	8	7334	7334	0.00174904
351	9	329	329	0.000354767
351	10	663	663	5.34058e-05
351	11	7956	7956	0.00154305
351	12	5250	5250	2.67029e-05
351	13	15921	15921	0.000295639
351	14	13	13	0
351	15	50256	50256	0
352	5	11471	11471	0.000543594
352	6	11	11	8.2016e-05
352	7	41331	41331	0.00213242
352	8	286	286	0.000173569
352	9	21558	21558	0.00155067
352	10	460	460	0.000255585
352	11	307	307	0.000671387
352	12	24167	24167	0.0014782
352	13	284	284	0.000312805
352	14	1296	1296	0.00157738
352	15	262	262	3.8147e-06
352	16	7714	7714	0.000453949
352	17	286	286	0.000370026
352	18	257	257	0.000326157
352	19	8837	8837	0.000490189
352	20	13	13	1.90735e-06
352	21	50256	50256	3.8147e-06
353	5	504	504	0.000730515
353	6	23470	23470	0.000221252
353	7	36364	36364	0.000402451
353	8	1777	1777	0.000461578
353	9	2367	2367	0.000419617
353	10	656	656	0.000225067
353	11	37285	37285	0.000411987
353	12	338	338	0.000141144
353	13	6450	6450	0.00108337
353	14	6440	6440	0.00175476
353	15	41724	41724	0.000226974
353	16	13	13	0
353	17	50256	50256	0.000160217
354	5	4577	4577	0.000448227
354	6	284	284	2.67029e-05
354	7	10716	10716	0.00087738
354	8	416	416	0.000411987
354	9	9194	9194	0.000816345
354	10	7842	7842	0.000148773
354	11	1431	1431	0.000139236
354	12	4263	4263	0.000347137
354	13	13	13	0
354	14	50256	50256	0
355	5	3623	3623	0.000349045
355	6	326	326	0.000175476
355	7	30174	30174	0.000852585
355	8	691	691	0.000627518
355	9	351	351	0.000371933
355	10	1049	1049	0.000452042
355	11	8722	8722	0.000240326
355	12	739	739	9.15527e-05
355	13	8850	8850	0.00110817
355	14	3403	3403	0.000152588
355	15	13	13	0
355	16	50256	50256	0
356	5	318	318	5.34058e-05
356	6	257	257	1.90735e-05
356	7	31513	31513	0.000564575
356	8	8598	8598	0.00034523
356	9	287	287	0.000123978
356	10	38131	38131	0.000476837
356	11	37270	37270	0.000261307
356	12	13	13	0
356	13	50256	50256	0
357	5	7285	7285	0.000131607
357	6	351	351	0.000139236
357	7	262	262	5.34058e-05
357	8	289	289	0.000541687
357	9	343	343	0.0004673
357	10	363	363	0.000652313
357	11	2271	2271	0.000331879
357	12	290	290	0.000102997
357	13	479	479	0.000627518
357	14	265	265	0.000614166
357	15	461	461	0.00162697
357	16	2271	2271	0.000362396
357	17	27226	27226	0.000253677
357	18	397	397	0.000432968
357	19	3166	3166	0.00113297
357	20	13	13	0
357	21	50256	50256	0
358	5	2237	2237	0.000799179
358	6	13042	13042	0.000619888
358	7	13	13	1.90735e-06
358	8	50256	50256	0
359	5	46916	46916	0.000392914
359	6	286	286	0.000112534
359	7	530	530	0.00208664
359	8	8122	8122	0.00206184
359	9	34646	34646	0.00191879
359	10	287	287	9.53674e-06
359	11	1194	1194	0.00188065
359	12	2296	2296	0.000602722
359	13	2304	2304	0.000135422
359	14	856	856	0.000102997
359	15	8122	8122	0.000179291
359	16	13	13	0
359	17	50256	50256	0
360	5	890	890	0.0011158
360	6	14659	14659	0.000535965
360	7	7042	7042	0.000667572
360	8	422	422	0.000175476
360	9	4555	4555	0.000234604
360	10	37880	37880	0.000230789
360	11	2615	2615	0.000385284
360	12	7021	7021	0.000528336
360	13	13	13	1.33514e-05
360	14	50256	50256	0
361	5	3812	3812	0.000141144
361	6	1657	1657	0.000183105
361	7	832	832	0.000659943
361	8	257	257	0.000469208
361	9	2882	2882	0.000484467
361	10	1444	1444	0.000404358
361	11	2825	2825	0.000801086
361	12	34248	34248	0.000307083
361	13	1042	1042	0.000383377
361	14	13	13	3.8147e-06
361	15	50256	50256	0
362	5	286	286	5.72205e-06
362	6	262	262	9.53674e-06
362	7	13387	13387	0.000160217
362	8	286	286	3.05176e-05
362	9	262	262	5.53131e-05
362	10	311	311	0.000339508
362	11	32248	32248	0.00015831
362	12	32939	32939	8.2016e-05
362	13	13	13	0
362	14	50256	50256	0
363	5	9030	9030	0.000261307
363	6	973	973	0.000120163
363	7	28713	28713	0.00053978
363	8	284	284	3.8147e-05
363	9	2746	2746	0.000488281
363	10	37209	37209	0.000162125
363	11	16006	16006	0.000371933
363	12	13	13	0
363	13	50256	50256	0
364	5	35831	35831	0.000753403
364	6	26664	26664	7.05719e-05
364	7	4735	4735	9.72748e-05
364	8	422	422	4.57764e-05
364	9	257	257	9.34601e-05
364	10	8122	8122	0.000291824
364	11	13	13	0
364	12	50256	50256	0
365	5	290	290	0.000141144
365	6	1336	1336	0.00452805
365	7	31093	31093	0.000270844
365	8	11	11	0.000240326
365	9	618	618	0.00134468
365	10	6591	6591	0.00198746
365	11	290	290	0.000102997
365	12	25572	25572	0.00237274
365	13	40738	40738	0.000282288
365	14	3048	3048	0.00037384
365	15	19594	19594	0.000278473
365	16	1123	1123	6.67572e-05
365	17	584	584	0.000509262
365	18	13	13	0
365	19	50256	50256	0
366	5	4477	4477	0.000143051
366	6	881	881	0.000246048
366	7	286	286	1.52588e-05
366	8	663	663	0.000234604
366	9	1903	1903	0.000705719
366	10	2478	2478	0.000900269
366	11	2641	2641	0.000123978
366	12	663	663	4.57764e-05
366	13	2802	2802	0.00034523
366	14	338	338	2.28882e-05
366	15	36594	36594	0.000364304
366	16	13	13	0
366	17	50256	50256	0
367	5	3734	3734	0.000286102
367	6	32908	32908	0.000572205
367	7	326	326	0.000101089
367	8	3342	3342	0.00015831
367	9	2344	2344	0.000249863
367	10	39895	39895	0.000146866
367	11	282	282	0.000473022
367	12	13	13	0
367	13	50256	50256	0
368	5	422	422	3.8147e-05
368	6	262	262	0.000154495
368	7	21405	21405	0.000162125
368	8	286	286	1.71661e-05
368	9	269	269	0.000997543
368	10	967	967	0.0007267
368	11	26210	26210	0.000247955
368	12	7150	7150	0.000255585
368	13	13	13	0
368	14	50256	50256	0
369	5	26948	26948	0.00146484
369	6	318	318	2.67029e-05
369	7	257	257	8.01086e-05
369	8	9403	9403	0.000658035
369	9	13	13	0
369	10	50256	50256	0
370	5	1321	1321	2.09808e-05
370	6	355	355	2.86102e-05
370	7	880	880	0.000457764
370	8	355	355	6.67572e-05
370	9	663	663	0.000379562
370	10	21437	21437	0.000444412
370	11	13	13	1.90735e-06
370	12	50256	50256	0
371	5	1735	1735	0.00135803
371	6	4129	4129	0.000318527
371	7	15082	15082	0.000404358
371	8	444	444	0.000654221
371	9	663	663	9.72748e-05
371	10	1989	1989	0.000747681
371	11	416	416	0.000303268
371	12	1440	1440	0.000915527
371	13	13	13	1.90735e-06
371	14	50256	50256	0
372	5	14807	14807	0.000638962
372	6	1444	1444	0.000659943
372	7	262	262	9.72748e-05
372	8	2258	2258	0.000181198
372	9	5451	5451	0.000331879
372	10	290	290	0.000291824
372	11	2520	2520	0.00115204
372	12	5451	5451	0.000671387
372	13	13	13	0
372	14	50256	50256	0
373	5	262	262	3.8147e-06
373	6	4151	4151	0.000923157
373	7	832	832	0.000514984
373	8	262	262	0.000366211
373	9	34047	34047	0.000175476
373	10	13	13	0
373	11	50256	50256	9.53674e-06
374	5	286	286	6.29425e-05
374	6	262	262	1.71661e-05
374	7	25730	25730	0.000551224
374	8	17628	17628	8.96454e-05
374	9	3923	3923	0.00060463
374	10	13	13	0
374	11	50256	50256	0
375	5	4069	4069	0.000253677
375	6	351	351	6.10352e-05
375	7	281	281	2.67029e-05
375	8	2938	2938	0.000179291
375	9	1255	1255	0.000148773
375	10	13	13	0
375	11	50256	50256	0
376	5	8830	8830	0.00138855
376	6	3340	3340	0.000196457
376	7	290	290	0.000114441
376	8	262	262	7.62939e-06
376	9	1578	1578	0.00028801
376	10	1829	1829	4.00543e-05
376	11	13	13	0
376	12	50256	50256	0
377	5	17517	17517	7.24792e-05
377	6	287	287	9.53674e-06
377	7	15142	15142	0.000221252
377	8	318	318	2.09808e-05
377	9	7173	7173	0.000377655
377	10	3917	3917	0.000135422
377	11	351	351	0.000118256
377	12	7068	7068	0.000555038
377	13	9261	9261	0.00018692
377	14	72	72	0.000247955
377	15	402	402	0.00274658
377	16	31330	31330	0.000486374
377	17	13	13	7.62939e-06
377	18	50256	50256	0
378	5	284	284	1.52588e-05
378	6	663	663	2.86102e-05
378	7	8373	8373	0.000738144
378	8	13	13	0
378	9	50256	50256	0
379	5	1748	1748	0.000671387
379	6	351	351	0.000200272
379	7	3881	3881	0.00106239
379	8	12	12	0.00118637
379	9	8968	8968	0.00129509
379	10	28814	28814	0.000331879
379	11	287	287	0.000127792
379	12	8078	8078	0.000419617
379	13	13	13	0
379	14	50256	50256	0
380	5	257	257	4.95911e-05
380	6	6994	6994	0.00315666
380	7	1271	1271	0.0011692
380	8	13	13	0
380	9	50256	50256	0
381	5	2392	2392	0.00173569
381	6	28400	28400	0.000473022
381	7	621	621	0.000225067
381	8	4171	4171	0.00150681
381	9	7424	7424	0.00103378
381	10	1657	1657	0.000907898
381	11	13	13	0
381	12	50256	50256	0
382	5	21622	21622	0.000429153
382	6	416	416	0.0004673
382	7	511	511	0.000221252
382	8	6625	6625	0.000932693
382	9	284	284	0.000156403
382	10	34688	34688	3.24249e-05
382	11	13	13	0
382	12	50256	50256	0
383	5	12866	12866	0.00062561
383	6	278	278	0.000310898
383	7	20365	20365	0.000671387
383	8	3033	3033	0.000246048
383	9	262	262	3.62396e-05
383	10	2095	2095	0.000671387
383	11	25846	25846	0.000179291
383	12	565	565	0.000188828
383	13	733	733	0.000291824
383	14	13	13	0.000289917
383	15	50256	50256	0
384	5	313	313	0.000165939
384	6	48406	48406	0.000356674
384	7	50195	50195	0.000267029
384	8	6296	6296	0.00028801
384	9	24287	24287	0.000253677
384	10	286	286	7.62939e-06
384	11	3660	3660	0.000934601
384	12	5828	5828	0.000217438
384	13	2254	2254	0.000556946
384	14	13	13	3.8147e-06
384	15	50256	50256	0
385	5	2618	2618	0.00307846
385	6	1080	1080	0.00094986
385	7	11	11	0.000465393
385	8	257	257	0.00170898
385	9	5421	5421	0.00144958
385	10	29973	29973	0.00161362
385	11	13066	13066	0.00231171
385	12	318	318	0.00043869
385	13	281	281	0.00101852
385	14	30004	30004	0.00165176
385	15	541	541	0.000799179
385	16	325	325	0.00119972
385	17	13	13	9.53674e-06
385	18	50256	50256	6.86646e-05
386	5	7729	7729	0.000452042
386	6	422	422	1.90735e-05
386	7	7446	7446	0.000431061
386	8	284	284	9.53674e-05
386	9	12183	12183	0.00028038
386	10	418	418	0.00018692
386	11	2586	2586	0.000684738
386	12	13	13	3.8147e-06
386	13	50256	50256	0
387	5	12022	12022	0.000696182
387	6	373	373	0.000509262
387	7	257	257	0.000200272
387	8	1748	1748	0.00123596
387	9	286	286	9.91821e-05
387	10	262	262	0.000415802
387	11	6156	6156	0.00192451
387	12	1423	1423	0.0004673
387	13	385	385	0.000469208
387	14	6916	6916	0.00034523
387	15	14355	14355	9.91821e-05
387	16	13	13	0
387	17	50256	50256	0
388	5	656	656	0.000528336
388	6	257	257	0.000162125
388	7	1296	1296	0.000318527
388	8	5292	5292	0.000606537
388	9	284	284	0.000133514
388	10	21363	21363	0.000366211
388	11	663	663	2.28882e-05
388	12	10154	10154	0.000688553
388	13	13	13	0
388	14	50256	50256	0
389	5	8899	8899	0.000156403
389	6	35076	35076	0.000301361
389	7	18180	18180	0.000265121
389	8	3745	3745	0.000349045
389	9	257	257	0.000104904
389	10	1588	1588	0.000364304
389	11	25979	25979	0.000770569
389	12	287	287	0.00012207
389	13	19483	19483	0.000225067
389	14	290	290	1.52588e-05
389	15	3794	3794	0.00144577
389	16	13	13	0
389	17	50256	50256	0
390	5	1296	1296	1.90735e-05
390	6	257	257	6.10352e-05
390	7	14153	14153	0.000761032
390	8	1339	1339	0.000137329
390	9	1088	1088	0.000505447
390	10	262	262	0.000169754
390	11	3632	3632	0.000236511
390	12	13	13	0
390	13	50256	50256	0
391	5	1262	1262	0.000495911
391	6	12278	12278	0.000610352
391	7	10425	10425	0.000535965
391	8	290	290	4.00543e-05
391	9	5931	5931	0.000131607
391	10	2085	2085	0.000329971
391	11	9302	9302	0.000118256
391	12	13	13	0
391	13	50256	50256	0
392	5	286	286	0.000156403
392	6	257	257	9.15527e-05
392	7	6808	6808	0.00345421
392	8	11	11	0.000772476
392	9	257	257	0.000154495
392	10	1688	1688	0.00132751
392	11	2368	2368	0.00276375
392	12	11	11	0.000518799
392	13	290	290	0.00031662
392	14	257	257	0.000204086
392	15	2818	2818	0.0010891
392	16	8150	8150	0.000598907
392	17	13	13	0
392	18	50256	50256	0
393	5	734	734	0.000423431
393	6	3891	3891	0.000368118
393	7	329	329	0.000249863
393	8	262	262	0.000179291
393	9	976	976	0.000286102
393	10	33158	33158	0.000488281
393	11	13833	13833	0.00018692
393	12	13	13	1.90735e-06
393	13	50256	50256	0
394	5	3578	3578	0.00122643
394	6	38575	38575	0.000274658
394	7	13871	13871	0.000207901
394	8	621	621	9.15527e-05
394	9	262	262	4.00543e-05
394	10	1388	1388	0.000392914
394	11	5046	5046	0.00131416
394	12	3436	3436	0.00126839
394	13	13	13	1.90735e-06
394	14	50256	50256	0
395	5	44504	44504	0.00047493
395	6	422	422	6.48499e-05
395	7	12734	12734	0.000265121
395	8	290	290	0.000242233
395	9	10385	10385	0.000526428
395	10	340	340	0.000301361
395	11	656	656	0.00028038
395	12	12498	12498	0.000810623
395	13	13	13	0
395	14	50256	50256	0
396	5	832	832	2.09808e-05
396	6	257	257	0.000200272
396	7	1429	1429	0.000217438
396	8	1444	1444	8.96454e-05
396	9	285	285	0.00107384
396	10	13929	13929	0.000226974
396	11	2649	2649	8.39233e-05
396	12	13	13	0
396	13	50256	50256	0
397	5	422	422	1.71661e-05
397	6	262	262	6.86646e-05
397	7	25572	25572	0.000558853
397	8	4417	4417	5.91278e-05
397	9	13	13	1.90735e-06
397	10	50256	50256	0.000144958
398	5	11	11	0.000236511
398	6	475	475	0.000650406
398	7	407	407	0.000205994
398	8	790	790	0.00317955
398	9	35991	35991	0.00112915
398	10	318	318	0.000244141
398	11	257	257	0.000293732
398	12	6616	6616	0.00187874
398	13	13	13	1.90735e-06
398	14	50256	50256	0
399	5	618	618	0.000652313
399	6	663	663	0.00120544
399	7	13042	13042	0.00196838
399	8	12611	12611	0.00140762
399	9	378	378	0.000850677
399	10	706	706	0.00105476
399	11	852	852	0.000734329
399	12	458	458	0.000486374
399	13	17758	17758	0.00126839
399	14	13	13	1.90735e-06
399	15	50256	50256	0
400	5	4351	4351	0.000724792
400	6	416	416	0.000408173
400	7	15637	15637	0.000888824
400	8	369	369	0.000511169
400	9	11124	11124	0.000900269
400	10	290	290	0.000144958
400	11	24748	24748	0.00128746
400	12	596	596	0.00131607
400	13	1022	1022	0.000127792
400	14	663	663	0.000606537
400	15	7714	7714	0.000930786
400	16	13	13	0
400	17	50256	50256	0
401	5	1458	1458	0.00130272
401	6	1437	1437	0.000738144
401	7	355	355	0.000148773
401	8	340	340	0.00177765
401	9	30174	30174	0.001194
401	10	351	351	0.00012207
401	11	15938	15938	0.00152588
401	12	287	287	0.000408173
401	13	663	663	0.000907898
401	14	21334	21334	0.000457764
401	15	13	13	0
401	16	50256	50256	0
402	5	373	373	0.000183105
402	6	3170	3170	0.000715256
402	7	329	329	0.000581741
402	8	262	262	4.00543e-05
402	9	6342	6342	0.00217628
402	10	45357	45357	0.00056076
402	11	286	286	6.48499e-05
402	12	49545	49545	0.000144958
402	13	13	13	0
402	14	50256	50256	0
403	5	15268	15268	0.000432968
403	6	290	290	0.000673294
403	7	13532	13532	0.000896454
403	8	2427	2427	0.000286102
403	9	286	286	3.8147e-06
403	10	691	691	0.00269318
403	11	257	257	2.47955e-05
403	12	5969	5969	0.00142288
403	13	10706	10706	0.000177383
403	14	286	286	1.14441e-05
403	15	17848	17848	0.00101852
403	16	13	13	0
403	17	50256	50256	0
404	5	28408	28408	0.000926971
404	6	430	430	0.00060463
404	7	704	704	0.000507355
404	8	1313	1313	0.000579834
404	9	389	389	0.00030899
404	10	1440	1440	0.000869751
404	11	1602	1602	0.00173378
404	12	14796	14796	0.000511169
404	13	44360	44360	0.00019455
404	14	13	13	0
404	15	50256	50256	0
405	5	18665	18665	0.000249863
405	6	1660	1660	0.000102997
405	7	284	284	5.14984e-05
405	8	11684	11684	0.000152588
405	9	290	290	7.62939e-06
405	10	4736	4736	0.000213623
405	11	13	13	0
405	12	50256	50256	0
406	5	21891	21891	0.000600815
406	6	11	11	1.52588e-05
406	7	281	281	0.000154495
406	8	6156	6156	0.000522614
406	9	19517	19517	0.00154495
406	10	1748	1748	0.00145721
406	11	13	13	1.90735e-06
406	12	50256	50256	0
407	5	43088	43088	0.000114441
407	6	351	351	6.48499e-05
407	7	471	471	0.000537872
407	8	12	12	7.82013e-05
407	9	16760	16760	0.00053978
407	10	3272	3272	8.39233e-05
407	11	9004	9004	3.05176e-05
407	12	13	13	0
407	13	50256	50256	0
408	5	13108	13108	7.43866e-05
408	6	10340	10340	1.33514e-05
408	7	13	13	0
408	8	50256	50256	0
409	5	4645	4645	0.00271606
409	6	4635	4635	0.00101662
409	7	416	416	0.000326157
409	8	1728	1728	0.000671387
409	9	38467	38467	0.00109673
409	10	13	13	0
409	11	50256	50256	0
410	5	810	810	0.000692368
410	6	27163	27163	0.00103951
410	7	33408	33408	0.000610352
410	8	12188	12188	0.00041008
410	9	510	510	0.000671387
410	10	1474	1474	0.00134659
410	11	257	257	6.67572e-05
410	12	7850	7850	0.000679016
410	13	338	338	0.000282288
410	14	5422	5422	0.00297356
410	15	13	13	0
410	16	50256	50256	0
411	5	41578	41578	0.00124359
411	6	11	11	0.000257492
411	7	1474	1474	0.000442505
411	8	262	262	0.000108719
411	9	8211	8211	0.000881195
411	10	7051	7051	0.000673294
411	11	13	13	0
411	12	50256	50256	0
412	5	9565	9565	0.00127411
412	6	24049	24049	0.000387192
412	7	862	862	0.000785828
412	8	11	11	0.000358582
412	9	336	336	0.00210381
412	10	15515	15515	0.000492096
412	11	11	11	5.53131e-05
412	12	290	290	8.7738e-05
412	13	584	584	0.000432968
412	14	16759	16759	0.00053978
412	15	13	13	0
412	16	50256	50256	0
413	5	286	286	0.000497818
413	6	734	734	0.00043869
413	7	6134	6134	0.00053978
413	8	523	523	0.000581741
413	9	326	326	9.15527e-05
413	10	484	484	0.00110245
413	11	1663	1663	0.000463486
413	12	1978	1978	0.00069046
413	13	13	13	1.90735e-06
413	14	50256	50256	0
414	5	925	925	0.000127792
414	6	416	416	0.000337601
414	7	10708	10708	0.000658035
414	8	290	290	2.86102e-05
414	9	23610	23610	0.000696182
414	10	7135	7135	0.00025177
414	11	22670	22670	0.000318527
414	12	286	286	2.28882e-05
414	13	3348	3348	0.000219345
414	14	13	13	0
414	15	50256	50256	0
415	5	15568	15568	0.000192642
415	6	1864	1864	0.00084877
415	7	284	284	6.48499e-05
415	8	7729	7729	0.0020752
415	9	5281	5281	0.00216675
415	10	416	416	0.000398636
415	11	31228	31228	0.000591278
415	12	25897	25897	5.72205e-05
415	13	13	13	0
415	14	50256	50256	0
416	5	4909	4909	0.00200462
416	6	749	749	0.00283241
416	7	286	286	0.000352859
416	8	22779	22779	0.000656128
416	9	8602	8602	0.00134659
416	10	290	290	0.000165939
416	11	19101	19101	0.000167847
416	12	13	13	0
416	13	50256	50256	0
417	5	5478	5478	0.000793457
417	6	338	338	0.000135422
417	7	10596	10596	0.00135231
417	8	7051	7051	0.000514984
417	9	11	11	0.000469208
417	10	318	318	0.000108719
417	11	262	262	8.58307e-05
417	12	3139	3139	0.000572205
417	13	286	286	3.05176e-05
417	14	49657	49657	0.000177383
417	15	13	13	0
417	16	50256	50256	0
418	5	874	874	0.0012188
418	6	7330	7330	0.0013237
418	7	20901	20901	0.000480652
418	8	422	422	0.000303268
418	9	33773	33773	0.000770569
418	10	2877	2877	0.000671387
418	11	1626	1626	0.000801086
418	12	511	511	0.000711441
418	13	21379	21379	0.000673294
418	14	13	13	0
418	15	50256	50256	0
419	5	543	543	0.00102043
419	6	2568	2568	0.00079155
419	7	318	318	0.000444412
419	8	11172	11172	0.000915527
419	9	393	393	0.000146866
419	10	670	670	0.000776291
419	11	318	318	0.000436783
419	12	1760	1760	0.000425339
419	13	13	13	0
419	14	50256	50256	0
420	5	6364	6364	0.00162506
420	6	3585	3585	0.000968933
420	7	284	284	0.000205994
420	8	530	530	0.00125504
420	9	1194	1194	0.000110626
420	10	1973	1973	0.000730515
420	11	3668	3668	0.00144577
420	12	338	338	1.14441e-05
420	13	4417	4417	0.00123787
420	14	13	13	0
420	15	50256	50256	0
421	5	19853	19853	0.000118256
421	6	16736	16736	0.000221252
421	7	2029	2029	0.000320435
421	8	262	262	1.52588e-05
421	9	4417	4417	0.000110626
421	10	286	286	1.90735e-06
421	11	8706	8706	0.0011673
421	12	13	13	5.91278e-05
421	13	50256	50256	0
422	5	8384	8384	0.000240326
422	6	329	329	0.000131607
422	7	663	663	5.14984e-05
422	8	35988	35988	0.000524521
422	9	5667	5667	0.000606537
422	10	13	13	0
422	11	50256	50256	0
423	5	929	929	0.000236511
423	6	8231	8231	0.000829697
423	7	11	11	8.96454e-05
423	8	407	407	0.000324249
423	9	1866	1866	0.00169182
423	10	286	286	5.72205e-06
423	11	262	262	3.8147e-05
423	12	6842	6842	0.000705719
423	13	1641	1641	0.000391006
423	14	13	13	0
423	15	50256	50256	0
424	5	416	416	0.00022316
424	6	41878	41878	0.000635147
424	7	1402	1402	0.000217438
424	8	5207	5207	0.000339508
424	9	286	286	3.05176e-05
424	10	2587	2587	0.000434875
424	11	13	13	5.72205e-06
424	12	50256	50256	0
425	5	6588	6588	0.00152016
425	6	23235	23235	0.000715256
425	7	326	326	0.00101662
425	8	460	460	0.000469208
425	9	10649	10649	0.00235558
425	10	1613	1613	0.000808716
425	11	530	530	0.00116539
425	12	1194	1194	0.000331879
425	13	13	13	0
425	14	50256	50256	9.53674e-06
426	5	422	422	0.000312805
426	6	14659	14659	0.000789642
426	7	286	286	2.67029e-05
426	8	23206	23206	0.000663757
426	9	17045	17045	7.43866e-05
426	10	13	13	5.72205e-06
426	11	50256	50256	0
427	5	1111	1111	9.34601e-05
427	6	5594	5594	0.000230789
427	7	284	284	3.8147e-05
427	8	262	262	9.53674e-06
427	9	285	285	0.000310898
427	10	692	692	0.000217438
427	11	17990	17990	0.000156403
427	12	1448	1448	0.000389099
427	13	13	13	7.62939e-06
427	14	50256	50256	0
428	5	286	286	0.00019455
428	6	16639	16639	0.00161552
428	7	544	544	0.000125885
428	8	11	11	0.000562668
428	9	635	635	0.000638962
428	10	1444	1444	5.53131e-05
428	11	262	262	5.72205e-06
428	12	16639	16639	0.00159264
428	13	2066	2066	0.000209808
428	14	13	13	1.90735e-06
428	15	50256	50256	0
429	5	832	832	0.000146866
429	6	47683	47683	0.00110817
429	7	290	290	1.90735e-06
429	8	8106	8106	0.00188065
429	9	503	503	0.000318527
429	10	2057	2057	0.000867844
429	11	13166	13166	0.000509262
429	12	13	13	0
429	13	50256	50256	0
430	5	16839	16839	0.000860214
430	6	338	338	0.000343323
430	7	2292	2292	0.00110245
430	8	15947	15947	0.00025177
430	9	663	663	4.76837e-05
430	10	1295	1295	0.00119591
430	11	1988	1988	0.000387192
430	12	13	13	2.86102e-05
430	13	50256	50256	0
431	5	20629	20629	6.86646e-05
431	6	284	284	2.47955e-05
431	7	11007	11007	0.000333786
431	8	12967	12967	4.95911e-05
431	9	902	902	0.000236511
431	10	13	13	0
431	11	50256	50256	0
432	5	262	262	0.000196457
432	6	6869	6869	0.0015831
432	7	8318	8318	0.00102043
432	8	832	832	0.000293732
432	9	3668	3668	0.000787735
432	10	338	338	3.05176e-05
432	11	9082	9082	0.00297165
432	12	13	13	5.72205e-06
432	13	50256	50256	0
433	5	29410	29410	0.000101089
433	6	544	544	0.000879288
433	7	290	290	0.00100327
433	8	3354	3354	0.00105476
433	9	286	286	4.00543e-05
433	10	7840	7840	0.000909805
433	11	22779	22779	0.00171852
433	12	2031	2031	0.00195503
433	13	13	13	0
433	14	50256	50256	0
434	5	290	290	9.53674e-06
434	6	37919	37919	0.000646591
434	7	710	710	0.000297546
434	8	16189	16189	0.000257492
434	9	3822	3822	0.000440598
434	10	1656	1656	0.000188828
434	11	287	287	7.62939e-05
434	12	24956	24956	0.000490189
434	13	290	290	3.8147e-06
434	14	14173	14173	0.000747681
434	15	2247	2247	5.34058e-05
434	16	13	13	0
434	17	50256	50256	0
435	5	893	893	0.000389099
435	6	325	325	0.000364304
435	7	385	385	0.00115776
435	8	2111	2111	0.000490189
435	9	284	284	7.82013e-05
435	10	1441	1441	0.00104904
435	11	1363	1363	0.000196457
435	12	706	706	0.000411987
435	13	262	262	6.10352e-05
435	14	44695	44695	0.000591278
435	15	1810	1810	0.000150681
435	16	13	13	0
435	17	50256	50256	0
436	5	12277	12277	0.000143051
436	6	12	12	8.96454e-05
436	7	11545	11545	0.000461578
436	8	10340	10340	0.000118256
436	9	13	13	0
436	10	50256	50256	0
437	5	30176	30176	0.00158882
437	6	4778	4778	0.000165939
437	7	1444	1444	0.000337601
437	8	32858	32858	0.00119591
437	9	290	290	4.57764e-05
437	10	47314	47314	0.00149536
437	11	13	13	0
437	12	50256	50256	0
438	5	15358	15358	0.00165558
438	6	1505	1505	0.00047493
438	7	11	11	0.000106812
438	8	543	543	0.00243187
438	9	5419	5419	0.000154495
438	10	1296	1296	0.00109291
438	11	257	257	6.67572e-05
438	12	14153	14153	0.00103188
438	13	4417	4417	0.000896454
438	14	7679	7679	0.000583649
438	15	13	13	1.90735e-06
438	16	50256	50256	0
439	5	24240	24240	0.00505638
439	6	318	318	0.000368118
439	7	257	257	1.71661e-05
439	8	8234	8234	0.00623512
439	9	772	772	0.00204659
439	10	996	996	0.00134087
439	11	340	340	0.000307083
439	12	318	318	0.00105667
439	13	8811	8811	0.00100708
439	14	973	973	0.00177383
439	15	355	355	0.000909805
439	16	257	257	8.58307e-05
439	17	20236	20236	0.00034523
439	18	13	13	0
439	19	50256	50256	1.90735e-06
440	5	286	286	1.90735e-06
440	6	734	734	0.00145531
440	7	13043	13043	0.00104713
440	8	11	11	0.0017643
440	9	1690	1690	0.00120544
440	10	5399	5399	0.00127792
440	11	1978	1978	0.000909805
440	12	13	13	1.33514e-05
440	13	50256	50256	0
441	5	42085	42085	0.00232124
441	6	2138	2138	0.000234604
441	7	621	621	9.15527e-05
441	8	2641	2641	0.000537872
441	9	262	262	3.05176e-05
441	10	3096	3096	0.000486374
441	11	338	338	0.00015831
441	12	24438	24438	0.00112152
441	13	13	13	0
441	14	50256	50256	0
442	5	9530	9530	0.00107193
442	6	5866	5866	0.000413895
442	7	11	11	0.000431061
442	8	318	318	0.000797272
442	9	2520	2520	0.000915527
442	10	4969	4969	0.000764847
442	11	338	338	0.000118256
442	12	3139	3139	0.00168228
442	13	13	13	9.53674e-05
442	14	50256	50256	0
443	5	21031	21031	0.000169754
443	6	15974	15974	0.00028038
443	7	351	351	7.62939e-05
443	8	511	511	0.000236511
443	9	16976	16976	0.000362396
443	10	2166	2166	0.000741959
443	11	7405	7405	0.000631332
443	12	13	13	1.90735e-06
443	13	50256	50256	0
444	5	422	422	8.58307e-05
444	6	530	530	0.00180435
444	7	3303	3303	0.000621796
444	8	656	656	0.000171661
444	9	1194	1194	0.000799179
444	10	10552	10552	0.000576019
444	11	13	13	0
444	12	50256	50256	0
445	5	262	262	0.000106812
445	6	717	717	0.0022316
445	7	290	290	4.3869e-05
445	8	2368	2368	0.0076313
445	9	13620	13620	0.000160217
445	10	286	286	3.24249e-05
445	11	262	262	0.000261307
445	12	25572	25572	0.00103188
445	13	6772	6772	0.000492096
445	14	13	13	0
445	15	50256	50256	0
446	5	9052	9052	0.000312805
446	6	460	460	0.000188828
446	7	21155	21155	0.000333786
446	8	257	257	4.76837e-05
446	9	15004	15004	0.000175476
446	10	13	13	3.8147e-06
446	11	50256	50256	0
447	5	286	286	9.34601e-05
447	6	18064	18064	0.000776291
447	7	24969	24969	0.000598907
447	8	803	803	0.00101852
447	9	5186	5186	0.000408173
447	10	290	290	0.000209808
447	11	14091	14091	0.0010891
447	12	7032	7032	8.58307e-05
447	13	13	13	0
447	14	50256	50256	0
448	5	17456	17456	0.00119781
448	6	338	338	0.000207901
448	7	3139	3139	0.000528336
448	8	11	11	0.000253677
448	9	1474	1474	0.00114059
448	10	262	262	0.000108719
448	11	843	843	0.000844955
448	12	274	274	0.000740051
448	13	21124	21124	0.00166321
448	14	13	13	0
448	15	50256	50256	0
449	5	49810	49810	0.000873566
449	6	5788	5788	0.00102615
449	7	3025	3025	0.000818253
449	8	26741	26741	0.000652313
449	9	460	460	0.000535965
449	10	1656	1656	0.000789642
449	11	355	355	0.000349045
449	12	7987	7987	0.00113487
449	13	38980	38980	0.000234604
449	14	37783	37783	7.82013e-05
449	15	13	13	0
449	16	50256	50256	0
450	5	31685	31685	0.00220871
450	6	82	82	0.000926971
450	7	1588	1588	0.00131035
450	8	12	12	0.000419617
450	9	9888	9888	0.00262833
450	10	3867	3867	0.000286102
450	11	1633	1633	0.000476837
450	12	284	284	0.000392914
450	13	262	262	0.000173569
450	14	826	826	0.00275803
450	15	287	287	8.58307e-05
450	16	262	262	0.000499725
450	17	8342	8342	0.000858307
450	18	42811	42811	0.000101089
450	19	13	13	0
450	20	50256	50256	0
451	5	530	530	0.000499725
451	6	3470	3470	0.00131989
451	7	7370	7370	0.000524521
451	8	34186	34186	0.0015583
451	9	739	739	0.000667572
451	10	530	530	0.00108719
451	11	8137	8137	0.00259399
451	12	286	286	0.000188828
451	13	3833	3833	0.0020237
451	14	13	13	0
451	15	50256	50256	0
452	5	262	262	9.91821e-05
452	6	886	886	0.000558853
452	7	286	286	3.8147e-05
452	8	257	257	4.3869e-05
452	9	1277	1277	0.00294685
452	10	3194	3194	0.000743866
452	11	1808	1808	0.00403976
452	12	287	287	0.000183105
452	13	3594	3594	0.00171852
452	14	13	13	3.8147e-06
452	15	50256	50256	0
453	5	17556	17556	0.00119019
453	6	287	287	0.000154495
453	7	663	663	0.000694275
453	8	4735	4735	0.00170326
453	9	1296	1296	0.000396729
453	10	13	13	3.8147e-06
453	11	50256	50256	0
454	5	402	402	0.00263596
454	6	5350	5350	0.00106049
454	7	318	318	0.000387192
454	8	636	636	0.000509262
454	9	286	286	7.43866e-05
454	10	262	262	3.8147e-06
454	11	4025	4025	0.0013237
454	12	8882	8882	0.000764847
454	13	397	397	0.00209618
454	14	9869	9869	0.00110435
454	15	1045	1045	0.000549316
454	16	13	13	0
454	17	50256	50256	0
455	5	2033	2033	0.000782013
455	6	286	286	1.33514e-05
455	7	26306	26306	0.000627518
455	8	37056	37056	0.000715256
455	9	287	287	5.34058e-05
455	10	32085	32085	0.000631332
455	11	729	729	0.000350952
455	12	13	13	1.90735e-06
455	13	50256	50256	0
456	5	712	712	0.00056076
456	6	39781	39781	0.000547409
456	7	2630	2630	0.00107574
456	8	262	262	1.90735e-06
456	9	5337	5337	0.00107574
456	10	2094	2094	0.000146866
456	11	2264	2264	0.000196457
456	12	844	844	0.000192642
456	13	1258	1258	0.000286102
456	14	13	13	3.8147e-06
456	15	50256	50256	0
457	5	411	411	0.000835419
457	6	15695	15695	9.34601e-05
457	7	78	78	0.000139236
457	8	1724	1724	0.000247955
457	9	284	284	4.76837e-05
457	10	1716	1716	0.000230789
457	11	11835	11835	0.000282288
457	12	27089	27089	5.34058e-05
457	13	13	13	0
457	14	50256	50256	0
458	5	14520	14520	0.000349045
458	6	318	318	0.000101089
458	7	663	663	3.62396e-05
458	8	25317	25317	0.000497818
458	9	13	13	9.15527e-05
458	10	50256	50256	0
459	5	1180	1180	0.000673294
459	6	13204	13204	0.000429153
459	7	5107	5107	0.000932693
459	8	286	286	0.000123978
459	9	262	262	0.000350952
459	10	5002	5002	0.000782013
459	11	6588	6588	0.000364304
459	12	13	13	0.000219345
459	13	50256	50256	0
460	5	17465	17465	0.000448227
460	6	15225	15225	0.00012207
460	7	857	857	0.000200272
460	8	407	407	0.000106812
460	9	6338	6338	0.000389099
460	10	11169	11169	0.000179291
460	11	3703	3703	0.000114441
460	12	326	326	6.48499e-05
460	13	373	373	0.00152969
460	14	1239	1239	0.000682831
460	15	6264	6264	0.000360489
460	16	13	13	0
460	17	50256	50256	0
461	5	525	525	0.00101852
461	6	907	907	0.000667572
461	7	11	11	0.000207901
461	8	308	308	0.000806808
461	9	676	676	0.0014286
461	10	2188	2188	0.000829697
461	11	7150	7150	0.00131226
461	12	14999	14999	0.000770569
461	13	511	511	0.000190735
461	14	5667	5667	0.000629425
461	15	1123	1123	0.000154495
461	16	23608	23608	0.00129318
461	17	13	13	0
461	18	50256	50256	0
462	5	12748	12748	0.0015583
462	6	7463	7463	0.00107574
462	7	5563	5563	0.00132179
462	8	423	423	0.00053215
462	9	6702	6702	0.00305748
462	10	262	262	8.7738e-05
462	11	976	976	0.00113106
462	12	20309	20309	0.00130844
462	13	618	618	0.000551224
462	14	1633	1633	0.00178719
462	15	6625	6625	0.000873566
462	16	318	318	0.000484467
462	17	36480	36480	6.86646e-05
462	18	13	13	0
462	19	50256	50256	0
463	5	511	511	0.000268936
463	6	11904	11904	0.00111389
463	7	287	287	0.000183105
463	8	47314	47314	0.0015583
463	9	2138	2138	0.000616074
463	10	621	621	3.05176e-05
463	11	15921	15921	0.000646591
463	12	13	13	0
463	13	50256	50256	0
464	5	530	530	0.000247955
464	6	7319	7319	0.000274658
464	7	10700	10700	0.000738144
464	8	13	13	0
464	9	50256	50256	0
465	5	3372	3372	0.000923157
465	6	14644	14644	0.000118256
465	7	2291	2291	0.000257492
465	8	4263	4263	0.000675201
465	9	286	286	0.000217438
465	10	14260	14260	0.000699997
465	11	290	290	5.53131e-05
465	12	40317	40317	0.000196457
465	13	13	13	0
465	14	50256	50256	0
466	5	6795	6795	6.29425e-05
466	6	287	287	5.72205e-06
466	7	14174	14174	0.000352859
466	8	6650	6650	3.43323e-05
466	9	13	13	0
466	10	50256	50256	0
467	5	13179	13179	0.00130653
467	6	656	656	0.000349045
467	7	6268	6268	0.0008564
467	8	1863	1863	0.000598907
467	9	663	663	0.000108719
467	10	16488	16488	0.0012989
467	11	13	13	4.3869e-05
467	12	50256	50256	0
468	5	257	257	7.62939e-06
468	6	5664	5664	6.29425e-05
468	7	13	13	0
468	8	50256	50256	0
469	5	2727	2727	0.000160217
469	6	262	262	5.72205e-06
469	7	19812	19812	0.000188828
469	8	3240	3240	6.29425e-05
469	9	286	286	2.28882e-05
469	10	4100	4100	0.000169754
469	11	22311	22311	0.000120163
469	12	13	13	0
469	13	50256	50256	0
470	5	4486	4486	0.00031662
470	6	878	878	9.72748e-05
470	7	8978	8978	0.000112534
470	8	262	262	8.96454e-05
470	9	2258	2258	0.000673294
470	10	6896	6896	0.000692368
470	11	13	13	0
470	12	50256	50256	0
471	5	286	286	2.86102e-05
471	6	7446	7446	0.00525856
471	7	3917	3917	0.000747681
471	8	351	351	0.000104904
471	9	15568	15568	0.00159073
471	10	287	287	0.000152588
471	11	304	304	0.00316238
471	12	2724	2724	0.000616074
471	13	560	560	0.000278473
471	14	6210	6210	0.00149345
471	15	4778	4778	0.000642776
471	16	13	13	0
471	17	50256	50256	0
472	5	16839	16839	0.000242233
472	6	326	326	0.000492096
472	7	460	460	0.000782013
472	8	1011	1011	0.00100517
472	9	530	530	0.000415802
472	10	286	286	5.72205e-06
472	11	734	734	0.000812531
472	12	3815	3815	0.000335693
472	13	13	13	0
472	14	50256	50256	0
473	5	656	656	8.58307e-05
473	6	734	734	0.000190735
473	7	4778	4778	0.000150681
473	8	13	13	0
473	9	50256	50256	0
474	5	17065	17065	0.000230789
474	6	355	355	0.000102997
474	7	13701	13701	0.000526428
474	8	389	389	0.000144958
474	9	7525	7525	0.0007267
474	10	12835	12835	0.000516891
474	11	336	336	0.000654221
474	12	23833	23833	0.000991821
474	13	13	13	5.72205e-06
474	14	50256	50256	0
475	5	284	284	0.000341415
475	6	262	262	3.24249e-05
475	7	4571	4571	0.000469208
475	8	286	286	0.000228882
475	9	3668	3668	0.00291824
475	10	338	338	9.53674e-05
475	11	5093	5093	0.00139427
475	12	5724	5724	0.00613976
475	13	864	864	0.00022316
475	14	16488	16488	0.000169754
475	15	13	13	9.53674e-06
475	16	50256	50256	0
476	5	10183	10183	0.00124931
476	6	2258	2258	0.000732422
476	7	2253	2253	0.000400543
476	8	13	13	7.62939e-06
476	9	50256	50256	0
477	5	402	402	0.00159645
477	6	23638	23638	0.00141335
477	7	21001	21001	0.000339508
477	8	257	257	0.000282288
477	9	1692	1692	0.00183487
477	10	1182	1182	0.000278473
477	11	351	351	0.00028801
477	12	257	257	0.000370026
477	13	18744	18744	0.00062561
477	14	338	338	0.000139236
477	15	1767	1767	0.000404358
477	16	13	13	0
477	17	50256	50256	0
478	5	257	257	7.24792e-05
478	6	26041	26041	0.00019455
478	7	30971	30971	0.000350952
478	8	2524	2524	0.000179291
478	9	319	319	0.000167847
478	10	262	262	6.10352e-05
478	11	575	575	0.000650406
478	12	1229	1229	9.91821e-05
478	13	39036	39036	0.000156403
478	14	24078	24078	0.000173569
478	15	13	13	0
478	16	50256	50256	0
479	5	4729	4729	0.00113678
479	6	530	530	0.000778198
479	7	1194	1194	0.000106812
479	8	287	287	0.000177383
479	9	281	281	0.00163841
479	10	22088	22088	0.00138664
479	11	291	291	0.000371933
479	12	4735	4735	0.00155067
479	13	13	13	1.90735e-06
479	14	50256	50256	0
480	5	355	355	0.00028801
480	6	262	262	2.28882e-05
480	7	3139	3139	0.000137329
480	8	1748	1748	0.000453949
480	9	286	286	1.52588e-05
480	10	16490	16490	0.000349045
480	11	13	13	0
480	12	50256	50256	0
481	5	290	290	4.76837e-05
481	6	6140	6140	0.000757217
481	7	262	262	5.72205e-05
481	8	44639	44639	0.000356674
481	9	286	286	1.33514e-05
481	10	39515	39515	0.000293732
481	11	13	13	0
481	12	50256	50256	0
482	5	262	262	2.86102e-05
482	6	2656	2656	0.000837326
482	7	1366	1366	0.000806808
482	8	284	284	5.34058e-05
482	9	307	307	0.000921249
482	10	49594	49594	0.000579834
482	11	3446	3446	0.000669479
482	12	13	13	2.86102e-05
482	13	50256	50256	0
483	5	1317	1317	0.000658035
483	6	379	379	0.000177383
483	7	262	262	0.000116348
483	8	3726	3726	0.00084877
483	9	286	286	2.86102e-05
483	10	257	257	0.000514984
483	11	3194	3194	0.00156212
483	12	1808	1808	0.00164032
483	13	13	13	0
483	14	50256	50256	0
484	5	2678	2678	0.000310898
484	6	11	11	4.00543e-05
484	7	1390	1390	0.000551224
484	8	14679	14679	0.000150681
484	9	290	290	2.09808e-05
484	10	17322	17322	0.000988007
484	11	13	13	0
484	12	50256	50256	0
485	5	290	290	9.34601e-05
485	6	5594	5594	0.00144958
485	7	284	284	0.000371933
485	8	262	262	1.52588e-05
485	9	610	610	0.0018158
485	10	620	620	0.000226974
485	11	77	77	0.000106812
485	12	2340	2340	0.00043869
485	13	13	13	1.90735e-06
485	14	50256	50256	0
486	5	38967	38967	0.000488281
486	6	5911	5911	0.000221252
486	7	257	257	4.95911e-05
486	8	2524	2524	0.000804901
486	9	338	338	0.000156403
486	10	9574	9574	0.000337601
486	11	286	286	8.01086e-05
486	12	13755	13755	0.000205994
486	13	13	13	0
486	14	50256	50256	0
487	5	3146	3146	0.000656128
487	6	13	13	5.72205e-06
487	7	50256	50256	0
488	5	3407	3407	0.000431061
488	6	6285	6285	0.000320435
488	7	6637	6637	0.000183105
488	8	3170	3170	0.000135422
488	9	1141	1141	0.000516891
488	10	1180	1180	0.000352859
488	11	37860	37860	0.000305176
488	12	459	459	0.00018692
488	13	444	444	0.00043869
488	14	13	13	0
488	15	50256	50256	0
489	5	11	11	4.95911e-05
489	6	981	981	0.00106812
489	7	257	257	0.000120163
489	8	2116	2116	0.000776291
489	9	12	12	0.000564575
489	10	634	634	0.000303268
489	11	12907	12907	0.000478745
489	12	6870	6870	0.00066185
489	13	262	262	2.67029e-05
489	14	6802	6802	0.000232697
489	15	13	13	0
489	16	50256	50256	0
490	5	287	287	5.72205e-06
490	6	2882	2882	0.000202179
490	7	284	284	4.19617e-05
490	8	13522	13522	0.000154495
490	9	13	13	1.14441e-05
490	10	50256	50256	0
491	5	3139	3139	0.00078392
491	6	11	11	0.000137329
491	7	319	319	0.000324249
491	8	262	262	3.43323e-05
491	9	12108	12108	0.000675201
491	10	286	286	0.000190735
491	11	22777	22777	0.000961304
491	12	13	13	0
491	13	50256	50256	0
492	5	24907	24907	0.000356674
492	6	416	416	0.000167847
492	7	31094	31094	0.00015831
492	8	28471	28471	0.000789642
492	9	13	13	0
492	10	50256	50256	0
493	5	7446	7446	0.00182343
493	6	7000	7000	0.00196075
493	7	8513	8513	0.000736237
493	8	1321	1321	0.000455856
493	9	13	13	5.72205e-06
493	10	50256	50256	0
494	5	284	284	7.05719e-05
494	6	3197	3197	0.000844955
494	7	21181	21181	0.000541687
494	8	832	832	0.000402451
494	9	23607	23607	0.00071907
494	10	13	13	1.90735e-06
494	11	50256	50256	0
495	5	20394	20394	0.000291824
495	6	7572	7572	0.000339508
495	7	290	290	5.53131e-05
495	8	987	987	0.00107574
495	9	48331	48331	0.000606537
495	10	15268	15268	0.00108337
495	11	13	13	1.90735e-06
495	12	50256	50256	0
496	5	1973	1973	0.000225067
496	6	2031	2031	0.00053978
496	7	1141	1141	0.000238419
496	8	262	262	0.000362396
496	9	1440	1440	0.00108147
496	10	20283	20283	0.000188828
496	11	4289	4289	0.000127792
496	12	13	13	0
496	13	50256	50256	0
497	5	2057	2057	6.10352e-05
497	6	1863	1863	0.000131607
497	7	262	262	1.52588e-05
497	8	34616	34616	0.000188828
497	9	14998	14998	6.10352e-05
497	10	13	13	0
497	11	50256	50256	0
498	5	878	878	0.000207901
498	6	5033	5033	0.000585556
498	7	8539	8539	0.000394821
498	8	276	276	0.000293732
498	9	6490	6490	0.000297546
498	10	13	13	0
498	11	50256	50256	0
499	5	18355	18355	0.00105095
499	6	12135	12135	0.000295639
499	7	15114	15114	0.00053215
499	8	355	355	0.000408173
499	9	2208	2208	0.00190544
499	10	24494	24494	0.000492096
499	11	276	276	0.000192642
499	12	1660	1660	0.000839233
499	13	44389	44389	0.000766754
499	14	4291	4291	0.000183105
499	15	4771	4771	0.000833511
499	16	13166	13166	0.000741959
499	17	13	13	0
499	18	50256	50256	0
500	5	379	379	0.000621796
500	6	543	543	0.000324249
500	7	2647	2647	0.000406265
500	8	318	318	0.000232697
500	9	6157	6157	0.000391006
500	10	13	13	0
500	11	50256	50256	0
501	5	5440	5440	0.000160217
501	6	3917	3917	0.000165939
501	7	351	351	9.53674e-05
501	8	262	262	1.52588e-05
501	9	509	509	0.000499725
501	10	9019	9019	0.00022316
501	11	525	525	0.000303268
501	12	16734	16734	8.58307e-05
501	13	13	13	0
501	14	50256	50256	0
502	5	262	262	0.000270844
502	6	2297	2297	0.00112152
502	7	6896	6896	0.000434875
502	8	290	290	0.000350952
502	9	262	262	0.000329971
502	10	22035	22035	0.00063324
502	11	12108	12108	0.000961304
502	12	13	13	2.47955e-05
502	13	50256	50256	0
503	5	16968	16968	6.86646e-05
503	6	1660	1660	0.000198364
503	7	2641	2641	0.000207901
503	8	606	606	0.000213623
503	9	12188	12188	0.000442505
503	10	6751	6751	0.000213623
503	11	3833	3833	0.000253677
503	12	13	13	0
503	13	50256	50256	0
504	5	22037	22037	0.00191689
504	6	13100	13100	0.000823975
504	7	284	284	0.000181198
504	8	1440	1440	0.00165176
504	9	19651	19651	0.00210762
504	10	6588	6588	0.000234604
504	11	23235	23235	0.000408173
504	12	13	13	0.00157166
504	13	50256	50256	0
505	5	18391	18391	0.000469208
505	6	4778	4778	0.000226974
505	7	284	284	0.000473022
505	8	1296	1296	0.000707626
505	9	257	257	0.000448227
505	10	649	649	0.00185966
505	11	1976	1976	0.000879288
505	12	35641	35641	0.000400543
505	13	1258	1258	0.000558853
505	14	13	13	5.91278e-05
505	15	50256	50256	0
506	5	625	625	8.01086e-05
506	6	37294	37294	0.000167847
506	7	5207	5207	0.000144958
506	8	13	13	1.90735e-06
506	9	50256	50256	0
507	5	284	284	9.53674e-05
507	6	12405	12405	0.00116348
507	7	290	290	6.10352e-05
507	8	18510	18510	0.000658035
507	9	50126	50126	0.000202179
507	10	1366	1366	0.000270844
507	11	13	13	1.90735e-06
507	12	50256	50256	0
508	5	1022	1022	0.000104904
508	6	290	290	0.000114441
508	7	1088	1088	0.000289917
508	8	262	262	0
508	9	14189	14189	0.000509262
508	10	2442	2442	0.000284195
508	11	290	290	9.53674e-06
508	12	47441	47441	0.000535965
508	13	9700	9700	0.000297546
508	14	18180	18180	0.000349045
508	15	13	13	0
508	16	50256	50256	0
509	5	11	11	0.000188828
509	6	981	981	0.000648499
509	7	4530	4530	0.000844955
509	8	286	286	7.24792e-05
509	9	262	262	0.000131607
509	10	976	976	0.000452042
509	11	1051	1051	0.000272751
509	12	1128	1128	0.000360489
509	13	417	417	0.000392914
509	14	13	13	0
509	15	50256	50256	0
510	5	12	12	0.000102997
510	6	2385	2385	0.000652313
510	7	863	863	0.000329971
510	8	2712	2712	0.000354767
510	9	4116	4116	0.000364304
510	10	4909	4909	0.000638962
510	11	1440	1440	0.00105858
510	12	14803	14803	0.000160217
510	13	13	13	0
510	14	50256	50256	0
511	5	257	257	0.000265121
511	6	14091	14091	0.000570297
511	7	2214	2214	7.82013e-05
511	8	13	13	1.90735e-06
511	9	50256	50256	0
512	5	3188	3188	0.000444412
512	6	393	393	3.05176e-05
512	7	4067	4067	0.00123215
512	8	284	284	9.34601e-05
512	9	1194	1194	0.00047493
512	10	8271	8271	0.000612259
512	11	393	393	0.000185013
512	12	4067	4067	0.000995636
512	13	13	13	5.14984e-05
512	14	50256	50256	0
513	5	4695	4695	0.000209808
513	6	287	287	5.72205e-05
513	7	16976	16976	0.00105858
513	8	11	11	4.95911e-05
513	9	18086	18086	0.00107384
513	10	12	12	0.000246048
513	11	16760	16760	0.000989914
513	12	5667	5667	0.000314713
513	13	13	13	0
513	14	50256	50256	0
514	5	319	319	3.8147e-05
514	6	2869	2869	0.000658035
514	7	338	338	0.000457764
514	8	7022	7022	0.00185013
514	9	286	286	9.72748e-05
514	10	367	367	0.00127983
514	11	684	684	0.000835419
514	12	13415	13415	0.00028038
514	13	13	13	1.90735e-06
514	14	50256	50256	0
515	5	8122	8122	0.00133896
515	6	656	656	0.00233078
515	7	257	257	6.48499e-05
515	8	3623	3623	0.000911713
515	9	379	379	0.000204086
515	10	663	663	0.000116348
515	11	4417	4417	0.0022316
515	12	13	13	0
515	13	50256	50256	0
516	5	416	416	0.000465393
516	6	38797	38797	0.000862122
516	7	278	278	0.000349045
516	8	7545	7545	0.000322342
516	9	351	351	0.000368118
516	10	300	300	0.00107574
516	11	12009	12009	0.000526428
516	12	7408	7408	0.000293732
516	13	11492	11492	0.000205994
516	14	13	13	0
516	15	50256	50256	0
517	5	287	287	0.000299454
517	6	7408	7408	0.00124931
517	7	414	414	0.000307083
517	8	618	618	0.000291824
517	9	1402	1402	0.00119019
517	10	6867	6867	0.000644684
517	11	286	286	0.000192642
517	12	7408	7408	0.00177956
517	13	393	393	0.000608444
517	14	2779	2779	0.00135231
517	15	389	389	0.000675201
517	16	2087	2087	0.00112152
517	17	13	13	0.000507355
517	18	50256	50256	0
518	5	5107	5107	0.000705719
518	6	286	286	7.43866e-05
518	7	3194	3194	0.000465393
518	8	3435	3435	0.000926971
518	9	355	355	0.000255585
518	10	281	281	0.000581741
518	11	1242	1242	0.00206566
518	12	13	13	0
518	13	50256	50256	0
519	5	3017	3017	7.62939e-05
519	6	465	465	0.000240326
519	7	898	898	0.000120163
519	8	35674	35674	0.00050354
519	9	287	287	4.19617e-05
519	10	10123	10123	0.000396729
519	11	6065	6065	9.53674e-05
519	12	24252	24252	3.05176e-05
519	13	13	13	0
519	14	50256	50256	0
520	5	7421	7421	0.000371933
520	6	286	286	9.91821e-05
520	7	3878	3878	0.00100899
520	8	5491	5491	0.000429153
520	9	13	13	1.90735e-06
520	10	50256	50256	0
521	5	44771	44771	3.05176e-05
521	6	262	262	5.14984e-05
521	7	27806	27806	0.00066185
521	8	286	286	4.00543e-05
521	9	262	262	0.000204086
521	10	449	449	0.000499725
521	11	544	544	0.000427246
521	12	1641	1641	0.000328064
521	13	13	13	5.34058e-05
521	14	50256	50256	0
522	5	28721	28721	0.000370026
522	6	287	287	1.52588e-05
522	7	8850	8850	0.000165939
522	8	1103	1103	0.00106049
522	9	34768	34768	0.000463486
522	10	13	13	1.71661e-05
522	11	50256	50256	0
523	5	286	286	7.05719e-05
523	6	10183	10183	0.000818253
523	7	2520	2520	0.000242233
523	8	2253	2253	7.24792e-05
523	9	13	13	0
523	10	50256	50256	0
524	5	31555	31555	0.000101089
524	6	262	262	8.7738e-05
524	7	4434	4434	0.00125313
524	8	323	323	0.000679016
524	9	24078	24078	0.00104904
524	10	422	422	0.000400543
524	11	5060	5060	0.000364304
524	12	26066	26066	0.000114441
524	13	13	13	7.62939e-06
524	14	50256	50256	0
525	5	468	468	2.67029e-05
525	6	37516	37516	0.000267029
525	7	12	12	0.000127792
525	8	26022	26022	0.000423431
525	9	8251	8251	0.00012207
525	10	13	13	0
525	11	50256	50256	0
526	5	262	262	4.00543e-05
526	6	40829	40829	0.000392914
526	7	31643	31643	0.000116348
526	8	4886	4886	0.000139236
526	9	32726	32726	0.000268936
526	10	28192	28192	0.000139236
526	11	17745	17745	0.000312805
526	12	13	13	0
526	13	50256	50256	0
527	5	416	416	0.000825882
527	6	262	262	6.48499e-05
527	7	29973	29973	0.00145721
527	8	3048	3048	0.000715256
527	9	286	286	0.00012207
527	10	262	262	7.62939e-06
527	11	6869	6869	0.00227547
527	12	290	290	0.000179291
527	13	262	262	0.000289917
527	14	3825	3825	0.0014019
527	15	13	13	7.62939e-06
527	16	50256	50256	0
528	5	2587	2587	0.000284195
528	6	422	422	0.000499725
528	7	7815	7815	0.000867844
528	8	284	284	1.14441e-05
528	9	36717	36717	0.000827789
528	10	257	257	1.33514e-05
528	11	3785	3785	0.000400543
528	12	13	13	0
528	13	50256	50256	0
529	5	2568	2568	0.00107384
529	6	832	832	0.00063324
529	7	12213	12213	0.00112534
529	8	1626	1626	0.000320435
529	9	2300	2300	0.00100708
529	10	1231	1231	0.000326157
529	11	11963	11963	0.00101662
529	12	2587	2587	0.00066185
529	13	5202	5202	0.00143814
529	14	13	13	0
529	15	50256	50256	0
530	5	11904	11904	0.00138474
530	6	1043	1043	0.000671387
530	7	2641	2641	0.000141144
530	8	262	262	6.10352e-05
530	9	6891	6891	0.00015831
530	10	4618	4618	0.000104904
530	11	338	338	0.000118256
530	12	15921	15921	0.000770569
530	13	13	13	0
530	14	50256	50256	0
531	5	4833	4833	0.000478745
531	6	37446	37446	0.00031662
531	7	11	11	7.43866e-05
531	8	1123	1123	0.00107384
531	9	351	351	0.000221252
531	10	5093	5093	0.0015049
531	11	290	290	7.05719e-05
531	12	5366	5366	0.00292015
531	13	24971	24971	0.000165939
531	14	13	13	0
531	15	50256	50256	0
532	5	5688	5688	0.000600815
532	6	416	416	0.000209808
532	7	262	262	1.33514e-05
532	8	7492	7492	0.000328064
532	9	5866	5866	0.00018692
532	10	13	13	1.90735e-06
532	11	50256	50256	0
533	5	511	511	0.000112534
533	6	2057	2057	0.000528336
533	7	7525	7525	0.000524521
533	8	416	416	0.000383377
533	9	6600	6600	0.000297546
533	10	4618	4618	0.000131607
533	11	2587	2587	0.000932693
533	12	13	13	0
533	13	50256	50256	0
534	5	656	656	0.000455856
534	6	262	262	5.72205e-06
534	7	2619	2619	0.000679016
534	8	6896	6896	0.000635147
534	9	832	832	0.00043869
534	10	257	257	8.58307e-05
534	11	1588	1588	0.00172234
534	12	25979	25979	0.00105858
534	13	13	13	1.90735e-06
534	14	50256	50256	0
535	5	663	663	5.72205e-05
535	6	8574	8574	0.00142288
535	7	10154	10154	0.000923157
535	8	618	618	0.000146866
535	9	1176	1176	0.00056839
535	10	318	318	0.000108719
535	11	4615	4615	0.00110817
535	12	13	13	1.14441e-05
535	13	50256	50256	0
536	5	3696	3696	0.00056076
536	6	625	625	0.00022316
536	7	640	640	0.000602722
536	8	13	13	0
536	9	50256	50256	0
537	5	41898	41898	0.00157166
537	6	11	11	0.000200272
537	7	15677	15677	0.00102234
537	8	82	82	0.000421524
537	9	262	262	6.10352e-05
537	10	1556	1556	0.000692368
537	11	2838	2838	0.000799179
537	12	286	286	8.2016e-05
537	13	262	262	0.000110626
537	14	17467	17467	0.00164986
537	15	385	385	0.00123024
537	16	5866	5866	0.00137329
537	17	13	13	0
537	18	50256	50256	3.8147e-06
538	5	21079	21079	0.00022316
538	6	262	262	1.33514e-05
538	7	3085	3085	0.000488281
538	8	1627	1627	8.96454e-05
538	9	8686	8686	0.000204086
538	10	284	284	3.43323e-05
538	11	262	262	1.90735e-05
538	12	3465	3465	0.000675201
538	13	402	402	0.000150681
538	14	13	13	8.39233e-05
538	15	50256	50256	0
539	5	29509	29509	0.000421524
539	6	263	263	0.00044632
539	7	621	621	0.000688553
539	8	5814	5814	0.000558853
539	9	32085	32085	0.000125885
539	10	729	729	0.000494003
539	11	286	286	0.000276566
539	12	262	262	0.000284195
539	13	976	976	0.00044632
539	14	3664	3664	0.000825882
539	15	6269	6269	0.000524521
539	16	379	379	8.96454e-05
539	17	7226	7226	0.000471115
539	18	9151	9151	0.000999451
539	19	10101	10101	4.76837e-05
539	20	13	13	1.90735e-06
539	21	50256	50256	1.90735e-06
540	5	1022	1022	0.00056839
540	6	6632	6632	0.00397682
540	7	290	290	0.000358582
540	8	530	530	0.000333786
540	9	11	11	0.000482559
540	10	19889	19889	0.000452042
540	11	13	13	0
540	12	50256	50256	0
541	5	1262	1262	0.00028801
541	6	257	257	4.76837e-05
541	7	2060	2060	0.000289917
541	8	302	302	0.000785828
541	9	276	276	0.000564575
541	10	13	13	0
541	11	50256	50256	0
542	5	11470	11470	0.00121689
542	6	7370	7370	0.000228882
542	7	393	393	4.95911e-05
542	8	734	734	0.000574112
542	9	31028	31028	0.000795364
542	10	2511	2511	0.000436783
542	11	1547	1547	0.00066185
542	12	13	13	0
542	13	50256	50256	0
543	5	3436	3436	0.000371933
543	6	857	857	0.000993729
543	7	407	407	0.000320435
543	8	10385	10385	0.000829697
543	9	262	262	6.67572e-05
543	10	1366	1366	0.000984192
543	11	8574	8574	0.00164604
543	12	2641	2641	0.000453949
543	13	340	340	0.000495911
543	14	13	13	0
543	15	50256	50256	0
544	5	987	987	0.000358582
544	6	48331	48331	0.000343323
544	7	23607	23607	0.000358582
544	8	286	286	2.67029e-05
544	9	21181	21181	0.000999451
544	10	13	13	0
544	11	50256	50256	0
545	5	290	290	1.90735e-06
545	6	11298	11298	0.000135422
545	7	4133	4133	7.62939e-05
545	8	884	884	0.000116348
545	9	355	355	1.90735e-05
545	10	11532	11532	0.000137329
545	11	4963	4963	4.00543e-05
545	12	13	13	0
545	13	50256	50256	0
546	5	287	287	1.90735e-06
546	6	257	257	5.53131e-05
546	7	16430	16430	0.000156403
546	8	13	13	0
546	9	50256	50256	0
547	5	11408	11408	0.00132179
547	6	787	787	0.000181198
547	7	10469	10469	0.00069046
547	8	2300	2300	0.000789642
547	9	422	422	0.000213623
547	10	287	287	0.000259399
547	11	36617	36617	0.00110054
547	12	4237	4237	0.000154495
547	13	13	13	0
547	14	50256	50256	0
548	5	38985	38985	6.86646e-05
548	6	636	636	0.000482559
548	7	286	286	0.000106812
548	8	7840	7840	0.0012722
548	9	17456	17456	0.000898361
548	10	13	13	0
548	11	50256	50256	0
549	5	6268	6268	0.00025177
549	6	656	656	0.00012207
549	7	18411	18411	0.000419617
549	8	2568	2568	0.000318527
549	9	13	13	0
549	10	50256	50256	0
550	5	734	734	0.00356102
550	6	318	318	0.000667572
550	7	262	262	1.90735e-05
550	8	691	691	0.00562096
550	9	772	772	0.00214386
550	10	530	530	0.000589371
550	11	13	13	2.67029e-05
550	12	50256	50256	0
551	5	262	262	0.000448227
551	6	3934	3934	0.0021286
551	7	16395	16395	0.00189209
551	8	15989	15989	0.000837326
551	9	3812	3812	0.000919342
551	10	663	663	0.000572205
551	11	6971	6971	0.00160408
551	12	8384	8384	0.000350952
551	13	832	832	0.0011425
551	14	19794	19794	0.00235176
551	15	13	13	0
551	16	50256	50256	0
552	5	262	262	0.00043869
552	6	3139	3139	0.000259399
552	7	1748	1748	0.000593185
552	8	286	286	6.48499e-05
552	9	27026	27026	0.00263405
552	10	287	287	7.82013e-05
552	11	2520	2520	0.00172234
552	12	7229	7229	0.000114441
552	13	13	13	0
552	14	50256	50256	0
553	5	37989	37989	0.000463486
553	6	7370	7370	0.000272751
553	7	13	13	0
553	8	50256	50256	0
554	5	14422	14422	8.39233e-05
554	6	286	286	3.24249e-05
554	7	36683	36683	0.00108719
554	8	571	571	0.000919342
554	9	10304	10304	0.000528336
554	10	547	547	0.000425339
554	11	23470	23470	0.000232697
554	12	656	656	0.000310898
554	13	7815	7815	0.000480652
554	14	287	287	8.39233e-05
554	15	31592	31592	0.000150681
554	16	13	13	0
554	17	50256	50256	0
555	5	2753	2753	0.000473022
555	6	1295	1295	0.000587463
555	7	1973	1973	8.7738e-05
555	8	262	262	0.000637054
555	9	7714	7714	0.00130081
555	10	286	286	5.34058e-05
555	11	7009	7009	0.00138855
555	12	435	435	0.000459671
555	13	303	303	0.000982285
555	14	11106	11106	0.000152588
555	15	13	13	0
555	16	50256	50256	0
556	5	2939	2939	0.000289917
556	6	19794	19794	0.000419617
556	7	290	290	2.09808e-05
556	8	13902	13902	0.000192642
556	9	13	13	0
556	10	50256	50256	0
557	5	4263	4263	0.000133514
557	6	422	422	0.000225067
557	7	867	867	0.00142479
557	8	1402	1402	0.000196457
557	9	22969	22969	0.000411987
557	10	286	286	2.09808e-05
557	11	3124	3124	0.00136757
557	12	13	13	9.53674e-06
557	13	50256	50256	0
558	5	3923	3923	0.000835419
558	6	287	287	2.47955e-05
558	7	262	262	7.24792e-05
558	8	5739	5739	0.000593185
558	9	8689	8689	0.000265121
558	10	286	286	5.34058e-05
558	11	1881	1881	0.000860214
558	12	39255	39255	0.000753403
558	13	290	290	0.000108719
558	14	1881	1881	0.000814438
558	15	27760	27760	0.000133514
558	16	13	13	0
558	17	50256	50256	0
559	5	286	286	4.57764e-05
559	6	20296	20296	0.000638962
559	7	326	326	0.000362396
559	8	5615	5615	0.000486374
559	9	287	287	9.15527e-05
559	10	262	262	0.000179291
559	11	41917	41917	0.000350952
559	12	1613	1613	0.000591278
559	13	13	13	1.90735e-06
559	14	50256	50256	0
560	5	15170	15170	9.34601e-05
560	6	2577	2577	0.00050354
560	7	8477	8477	0.00100708
560	8	257	257	3.05176e-05
560	9	3350	3350	0.00113678
560	10	8272	8272	0.00107193
560	11	338	338	0.000238419
560	12	1204	1204	0.000617981
560	13	319	319	0.0001297
560	14	281	281	0.00028801
560	15	7022	7022	0.00123215
560	16	13	13	0.000225067
560	17	50256	50256	0
561	5	3825	3825	0.00584602
561	6	1656	1656	0.00022316
561	7	284	284	0.000314713
561	8	1445	1445	0.00510406
561	9	1973	1973	0.00139046
561	10	262	262	0.0011673
561	11	6766	6766	0.00758171
561	12	1123	1123	0.000736237
561	13	1110	1110	0.00439262
561	14	13	13	8.7738e-05
561	15	50256	50256	0
562	5	262	262	2.67029e-05
562	6	15189	15189	0.00157356
562	7	3634	3634	0.00078392
562	8	4279	4279	0.00107384
562	9	11	11	0.000143051
562	10	340	340	0.000301361
562	11	1276	1276	0.000904083
562	12	7719	7719	0.000865936
562	13	284	284	0.000177383
562	14	257	257	5.34058e-05
562	15	16599	16599	0.00125122
562	16	11	11	5.14984e-05
562	17	10929	10929	0.00107956
562	18	11	11	6.86646e-05
562	19	24233	24233	0.0018177
562	20	11	11	3.24249e-05
562	21	393	393	0.000150681
562	22	22062	22062	0.000154495
562	23	13	13	5.72205e-06
562	24	50256	50256	0
563	5	2420	2420	0.000797272
563	6	2915	2915	0.00066185
563	7	13676	13676	0.000543594
563	8	1088	1088	0.000514984
563	9	15985	15985	0.000907898
563	10	11904	11904	0.00030899
563	11	13	13	0
563	12	50256	50256	0
564	5	389	389	1.71661e-05
564	6	3706	3706	0.000982285
564	7	13548	13548	0.000213623
564	8	418	418	9.72748e-05
564	9	11	11	9.91821e-05
564	10	350	350	0.00111771
564	11	1506	1506	0.000394821
564	12	418	418	0.000272751
564	13	11	11	9.53674e-05
564	14	290	290	0.000185013
564	15	39026	39026	0.000535965
564	16	271	271	0.000526428
564	17	13	13	0
564	18	50256	50256	0
565	5	6156	6156	0.000379562
565	6	9088	9088	0.000738144
565	7	286	286	7.43866e-05
565	8	24726	24726	0.000898361
565	9	13399	13399	6.48499e-05
565	10	13	13	0
565	11	50256	50256	0
566	5	1402	1402	0.00015831
566	6	11904	11904	0.00100327
566	7	326	326	9.91821e-05
566	8	3092	3092	0.00154495
566	9	257	257	9.72748e-05
566	10	8904	8904	0.00195694
566	11	8574	8574	0.000516891
566	12	2057	2057	0.000802994
566	13	5127	5127	0.00164986
566	14	13	13	0
566	15	50256	50256	0
567	5	2904	2904	0.000629425
567	6	2087	2087	0.000230789
567	7	2378	2378	0.000547409
567	8	717	717	0.000524521
567	9	13	13	0
567	10	50256	50256	0
568	5	1717	1717	0.000240326
568	6	6327	6327	0.000188828
568	7	360	360	0.000343323
568	8	39781	39781	0.000457764
568	9	262	262	6.48499e-05
568	10	20281	20281	0.000322342
568	11	286	286	3.8147e-06
568	12	383	383	0.000616074
568	13	2764	2764	0.000282288
568	14	286	286	9.34601e-05
568	15	22489	22489	0.000167847
568	16	24568	24568	0.000125885
568	17	78	78	6.86646e-05
568	18	13	13	0
568	19	50256	50256	0
569	5	287	287	2.67029e-05
569	6	2292	2292	0.00104523
569	7	981	981	0.000268936
569	8	257	257	0.000104904
569	9	9664	9664	0.0015564
569	10	318	318	6.29425e-05
569	11	36932	36932	0.00181198
569	12	13	13	0
569	13	50256	50256	0
570	5	516	516	0.000347137
570	6	15113	15113	0.000694275
570	7	4635	4635	0.00056839
570	8	355	355	0.000156403
570	9	257	257	1.14441e-05
570	10	19999	19999	0.000591278
570	11	1868	1868	0.000766754
570	12	14170	14170	0.000629425
570	13	281	281	0.000127792
570	14	8137	8137	0.00205994
570	15	13	13	0
570	16	50256	50256	3.8147e-05
571	5	262	262	0.000112534
571	6	6869	6869	0.00177193
571	7	318	318	0.000352859
571	8	6697	6697	0.00293732
571	9	262	262	0.000207901
571	10	3825	3825	0.00075531
571	11	287	287	0.000640869
571	12	3668	3668	0.00301552
571	13	338	338	7.62939e-06
571	14	6766	6766	0.00296783
571	15	13	13	0
571	16	50256	50256	0
572	5	355	355	2.09808e-05
572	6	262	262	8.96454e-05
572	7	3139	3139	0.000244141
572	8	286	286	3.8147e-06
572	9	262	262	2.67029e-05
572	10	45772	45772	0.000509262
572	11	8065	8065	0.00112152
572	12	13	13	0
572	13	50256	50256	0
573	5	832	832	2.67029e-05
573	6	3668	3668	0.000455856
573	7	338	338	2.86102e-05
573	8	8137	8137	0.00221252
573	9	290	290	3.8147e-06
573	10	12229	12229	0.00194931
573	11	262	262	4.57764e-05
573	12	2323	2323	0.00170517
573	13	318	318	0.000682831
573	14	1444	1444	0.000181198
573	15	257	257	0.000137329
573	16	19999	19999	0.000854492
573	17	578	578	0.00165367
573	18	13	13	0
573	19	50256	50256	0
574	5	660	660	4.19617e-05
574	6	318	318	3.62396e-05
574	7	3917	3917	0.000364304
574	8	351	351	6.10352e-05
574	9	262	262	3.8147e-06
574	10	1855	1855	0.00025177
574	11	24611	24611	0.000110626
574	12	14355	14355	0.000137329
574	13	13	13	0
574	14	50256	50256	0
575	5	2967	2967	0.000570297
575	6	656	656	0.000139236
575	7	10601	10601	0.00135803
575	8	329	329	9.72748e-05
575	9	8509	8509	0.000747681
575	10	290	290	0.000148773
575	11	584	584	0.000463486
575	12	9013	9013	0.00194931
575	13	13	13	0
575	14	50256	50256	0
576	5	14768	14768	0.000953674
576	6	319	319	0.000663757
576	7	24438	24438	0.000957489
576	8	286	286	0.00044632
576	9	262	262	0.000234604
576	10	976	976	0.000738144
576	11	3124	3124	0.00113678
576	12	3690	3690	0.000526428
576	13	8850	8850	0.000375748
576	14	6100	6100	0.000961304
576	15	13	13	0
576	16	50256	50256	0
577	5	3794	3794	0.000585556
577	6	284	284	8.96454e-05
577	7	262	262	1.52588e-05
577	8	5366	5366	0.000494003
577	9	290	290	2.28882e-05
577	10	2807	2807	0.00211334
577	11	284	284	0.000146866
577	12	262	262	0.000688553
577	13	5093	5093	0.000591278
577	14	13	13	3.8147e-06
577	15	50256	50256	0
578	5	6727	6727	0.00159454
578	6	4417	4417	0.000915527
578	7	286	286	4.19617e-05
578	8	262	262	7.43866e-05
578	9	24725	24725	0.00105476
578	10	34573	34573	0.000761032
578	11	6516	6516	0.00146294
578	12	287	287	0.000329971
578	13	281	281	0.000267029
578	14	555	555	0.0012188
578	15	10414	10414	0.00044632
578	16	1389	1389	0.000207901
578	17	14839	14839	0.000322342
578	18	7087	7087	0.000543594
578	19	13	13	0
578	20	50256	50256	0
579	5	257	257	4.57764e-05
579	6	9629	9629	0.000566483
579	7	286	286	4.95911e-05
579	8	987	987	0.000577927
579	9	86	86	0.000860214
579	10	16206	16206	0.000226974
579	11	4618	4618	0.000272751
579	12	26742	26742	0.000406265
579	13	13	13	0
579	14	50256	50256	0
580	5	286	286	5.72205e-06
580	6	4930	4930	0.000648499
580	7	20830	20830	0.000881195
580	8	287	287	6.29425e-05
580	9	3576	3576	0.000947952
580	10	290	290	0.00499725
580	11	6342	6342	0.00100327
580	12	13	13	0
580	13	50256	50256	0
581	5	16524	16524	0.000782013
581	6	284	284	0.000370026
581	7	1180	1180	0.000585556
581	8	10530	10530	0.000976562
581	9	22421	22421	0.000589371
581	10	416	416	0.000230789
581	11	5609	5609	0.000778198
581	12	262	262	2.86102e-05
581	13	12097	12097	0.000429153
581	14	286	286	0.000177383
581	15	511	511	0.000350952
581	16	13026	13026	0.000347137
581	17	16600	16600	4.76837e-05
581	18	13	13	1.71661e-05
581	19	50256	50256	0
582	5	21270	21270	0.000387192
582	6	287	287	1.52588e-05
582	7	11228	11228	0.000354767
582	8	2057	2057	2.47955e-05
582	9	13	13	0
582	10	50256	50256	0
583	5	9215	9215	0.000476837
583	6	17359	17359	0.000419617
583	7	284	284	0.000112534
583	8	1296	1296	0.000463486
583	9	9215	9215	0.000614166
583	10	13	13	0
583	11	50256	50256	0
584	5	4492	4492	0.000478745
584	6	422	422	3.8147e-05
584	7	7840	7840	0.000722885
584	8	4881	4881	0.000822067
584	9	13	13	1.90735e-06
584	10	50256	50256	0
585	5	276	276	0.000190735
585	6	287	287	8.2016e-05
585	7	281	281	7.24792e-05
585	8	11557	11557	7.62939e-05
585	9	1080	1080	6.67572e-05
585	10	13	13	0
585	11	50256	50256	0
586	5	8771	8771	0.000329971
586	6	800	800	0.000230789
586	7	3369	3369	0.000291824
586	8	2346	2346	0.00079155
586	9	11	11	0.000230789
586	10	3264	3264	0.00104141
586	11	393	393	0.000301361
586	12	20762	20762	0.000982285
586	13	13	13	0
586	14	50256	50256	0
587	5	10087	10087	0.00189018
587	6	422	422	7.43866e-05
587	7	477	477	0.000919342
587	8	584	584	0.000585556
587	9	2877	2877	0.00147438
587	10	4695	4695	0.000795364
587	11	13	13	7.62939e-06
587	12	50256	50256	0
588	5	925	925	0.000333786
588	6	422	422	0.00115013
588	7	262	262	0.00015831
588	8	279	279	0.00182724
588	9	342	342	0.00069046
588	10	286	286	1.90735e-06
588	11	262	262	1.33514e-05
588	12	20461	20461	0.000867844
588	13	21180	21180	0.000864029
588	14	4618	4618	0.000450134
588	15	13	13	0
588	16	50256	50256	0
589	5	11	11	0.000778198
589	6	1663	1663	0.00120163
589	7	379	379	0.000778198
589	8	5417	5417	0.00268745
589	9	11	11	0.000265121
589	10	290	290	0.000354767
589	11	1441	1441	0.00153732
589	12	284	284	0.000341415
589	13	40941	40941	0.0018425
589	14	284	284	0.000108719
589	15	22919	22919	0.00203323
589	16	13	13	0
589	17	50256	50256	0
590	5	11	11	0.00056076
590	6	14104	14104	0.000902176
590	7	13015	13015	0.000736237
590	8	11	11	0.000209808
590	9	290	290	8.2016e-05
590	10	3624	3624	0.0011425
590	11	9421	9421	0.000421524
590	12	1063	1063	6.86646e-05
590	13	13	13	0
590	14	50256	50256	0
591	5	29289	29289	0.000717163
591	6	8435	8435	0.000402451
591	7	973	973	0.000253677
591	8	284	284	0.000133514
591	9	5163	5163	0.00104141
591	10	3992	3992	0.000209808
591	11	4133	4133	0.000471115
591	12	13	13	0
591	13	50256	50256	0
592	5	9016	9016	0.000310898
592	6	4731	4731	0.000497818
592	7	318	318	8.96454e-05
592	8	2793	2793	0.00166321
592	9	287	287	2.86102e-05
592	10	7078	7078	0.00128555
592	11	621	621	0.000305176
592	12	262	262	3.43323e-05
592	13	38283	38283	0.00133324
592	14	338	338	0.000133514
592	15	6678	6678	0.0010643
592	16	9016	9016	0.000183105
592	17	4731	4731	0.000421524
592	18	13	13	5.34058e-05
592	19	50256	50256	0
593	5	4635	4635	0.0011158
593	6	416	416	0.000408173
593	7	23147	23147	0.000888824
593	8	44030	44030	0.00066185
593	9	6147	6147	0.00140572
593	10	656	656	0.00028038
593	11	285	285	0.00177002
593	12	10119	10119	0.000162125
593	13	13	13	0
593	14	50256	50256	0
594	5	7363	7363	0.000732422
594	6	284	284	0.000257492
594	7	262	262	8.2016e-05
594	8	7627	7627	0.000526428
594	9	286	286	4.00543e-05
594	10	22779	22779	0.000802994
594	11	7229	7229	0.00028801
594	12	13	13	0
594	13	50256	50256	0
595	5	262	262	0
595	6	13589	13589	0.00138283
595	7	284	284	0.000205994
595	8	262	262	1.14441e-05
595	9	11384	11384	0.00203133
595	10	832	832	7.82013e-05
595	11	262	262	2.67029e-05
595	12	1658	1658	0.00078392
595	13	2522	2522	8.7738e-05
595	14	31111	31111	0.00025177
595	15	13	13	0
595	16	50256	50256	0
596	5	8630	8630	0.000297546
596	6	287	287	4.3869e-05
596	7	2658	2658	0.00185013
596	8	417	417	0.000778198
596	9	292	292	0.00127411
596	10	287	287	0.000143051
596	11	262	262	0.000112534
596	12	25861	25861	0.000867844
596	13	1080	1080	0.000770569
596	14	13	13	0
596	15	50256	50256	0
597	5	11881	11881	0.000579834
597	6	1364	1364	0.000268936
597	7	422	422	0.000263214
597	8	262	262	8.39233e-05
597	9	1903	1903	0.000461578
597	10	3024	3024	7.43866e-05
597	11	6881	6881	8.39233e-05
597	12	13	13	0
597	13	50256	50256	0
598	5	20435	20435	0.000175476
598	6	3356	3356	5.91278e-05
598	7	290	290	9.53674e-06
598	8	5529	5529	0.000492096
598	9	5236	5236	4.57764e-05
598	10	13	13	0
598	11	50256	50256	0
599	5	416	416	0.000183105
599	6	37228	37228	0.000745773
599	7	7888	7888	0.000236511
599	8	11685	11685	0.00034523
599	9	286	286	3.43323e-05
599	10	4898	4898	0.00084877
599	11	11	11	0.000104904
599	12	3221	3221	0.000963211
599	13	351	351	0.000177383
599	14	39623	39623	0.00161171
599	15	13020	13020	0.000528336
599	16	11678	11678	0.000162125
599	17	13	13	0
599	18	50256	50256	0
600	5	13055	13055	0.000228882
600	6	1660	1660	0.000734329
600	7	300	300	0.000816345
600	8	3922	3922	0.00354004
600	9	287	287	0.000110626
600	10	465	465	0.000490189
600	11	11376	11376	0.000398636
600	12	379	379	7.62939e-05
600	13	8118	8118	0.000339508
600	14	933	933	0.00022316
600	15	88	88	0.000133514
600	16	13	13	1.90735e-06
600	17	50256	50256	0
601	5	422	422	0.000230789
601	6	257	257	9.53674e-06
601	7	4417	4417	0.000907898
601	8	736	736	0.000480652
601	9	3812	3812	0.000185013
601	10	257	257	0.000213623
601	11	24783	24783	0.000299454
601	12	13	13	0
601	13	50256	50256	0
602	5	257	257	3.43323e-05
602	6	18778	18778	0.000846863
602	7	14688	14688	0.00063324
602	8	680	680	0.000494003
602	9	12	12	0.000408173
602	10	43745	43745	0.000589371
602	11	19634	19634	0.000244141
602	12	287	287	4.3869e-05
602	13	281	281	0.000205994
602	14	12278	12278	0.000457764
602	15	17655	17655	0.00188255
602	16	13	13	0
602	17	50256	50256	0
603	5	3794	3794	0.00075531
603	6	3994	3994	0.000291824
603	7	20838	20838	0.00136185
603	8	21641	21641	0.00117683
603	9	290	290	8.39233e-05
603	10	42645	42645	0.000614166
603	11	13	13	0
603	12	50256	50256	0
604	5	11	11	7.62939e-06
604	6	14354	14354	0.000621796
604	7	11	11	4.76837e-05
604	8	290	290	3.8147e-05
604	9	7572	7572	0.000324249
604	10	286	286	1.90735e-05
604	11	3292	3292	9.34601e-05
604	12	13	13	0
604	13	50256	50256	0
605	5	379	379	0.00181961
605	6	7496	7496	0.00209236
605	7	290	290	0
605	8	734	734	0.00117874
605	9	7435	7435	0.000450134
605	10	1173	1173	8.2016e-05
605	11	829	829	4.19617e-05
605	12	13	13	0
605	13	50256	50256	0
606	5	290	290	0.000238419
606	6	26306	26306	0.00159645
606	7	21622	21622	0.000541687
606	8	422	422	9.53674e-05
606	9	262	262	9.53674e-06
606	10	9260	9260	0.000631332
606	11	13	13	1.52588e-05
606	12	50256	50256	0
607	5	326	326	9.34601e-05
607	6	8833	8833	0.0027523
607	7	351	351	0.000148773
607	8	262	262	0.000324249
607	9	6000	6000	0.000673294
607	10	8373	8373	0.00113106
607	11	287	287	0.000291824
607	12	257	257	8.39233e-05
607	13	27039	27039	0.000162125
607	14	13	13	1.90735e-06
607	15	50256	50256	0
608	5	7043	7043	0.00213432
608	6	316	316	0.000720978
608	7	787	787	0.00145912
608	8	2647	2647	0.000833511
608	9	287	287	0.000349045
608	10	257	257	0.000175476
608	11	1448	1448	0.000841141
608	12	286	286	0.000461578
608	13	734	734	0.000453949
608	14	13	13	9.53674e-06
608	15	50256	50256	0
609	5	510	510	0.000360489
609	6	15455	15455	0.000740051
609	7	1231	1231	0.000249863
609	8	5609	5609	0.000843048
609	9	262	262	0.000110626
609	10	1321	1321	0.00031662
609	11	852	852	0.000553131
609	12	42517	42517	0.000434875
609	13	798	798	0.000112534
609	14	13	13	3.8147e-06
609	15	50256	50256	0
610	5	13055	13055	4.00543e-05
610	6	383	383	4.76837e-05
610	7	2907	2907	0.000282288
610	8	563	563	0.00038147
610	9	5265	5265	0.000337601
610	10	287	287	3.24249e-05
610	11	49545	49545	0.000118256
610	12	13	13	0
610	13	50256	50256	0
611	5	1239	1239	0.00184059
611	6	11073	11073	0.00102043
611	7	257	257	9.72748e-05
611	8	4633	4633	0.000673294
611	9	1255	1255	0.000190735
611	10	13	13	0
611	11	50256	50256	0
612	5	2630	2630	0.000795364
612	6	3923	3923	0.00156403
612	7	326	326	0.000528336
612	8	7301	7301	0.00133705
612	9	41553	41553	0.000177383
612	10	82	82	0.000144958
612	11	11	11	0.00102043
612	12	37174	37174	0.00284195
612	13	11	11	0.000242233
612	14	290	290	0.00199127
612	15	5369	5369	0.00069809
612	16	13	13	0
612	17	50256	50256	0
613	5	546	546	0.000185013
613	6	262	262	7.62939e-06
613	7	20175	20175	0.000421524
613	8	43989	43989	9.91821e-05
613	9	290	290	5.72205e-06
613	10	38201	38201	0.000221252
613	11	13	13	1.90735e-06
613	12	50256	50256	0
614	5	9518	9518	0.000530243
614	6	5667	5667	0.000442505
614	7	2138	2138	0.000673294
614	8	621	621	0.000183105
614	9	8850	8850	0.000320435
614	10	13737	13737	0.000329971
614	11	13	13	1.90735e-06
614	12	50256	50256	0
615	5	416	416	0.000205994
615	6	27259	27259	0.00151253
615	7	7545	7545	0.000230789
615	8	656	656	7.05719e-05
615	9	1090	1090	0.000310898
615	10	9310	9310	0.00021553
615	11	290	290	1.90735e-05
615	12	483	483	0.00101089
615	13	88	88	0.000320435
615	14	13	13	0
615	15	50256	50256	0
616	5	1633	1633	0.00097847
616	6	5721	5721	0.00141335
616	7	12611	12611	0.00091362
616	8	803	803	0.0013504
616	9	416	416	0.000183105
616	10	41719	41719	0.00088501
616	11	511	511	0.000255585
616	12	11914	11914	0.00106239
616	13	656	656	0.000106812
616	14	257	257	1.90735e-05
616	15	5422	5422	0.00107002
616	16	12239	12239	0.000806808
616	17	13	13	1.52588e-05
616	18	50256	50256	0
617	5	19418	19418	0.000127792
617	6	36578	36578	0.000246048
617	7	351	351	7.62939e-05
617	8	6496	6496	0.000301361
617	9	8188	8188	6.86646e-05
617	10	13	13	0
617	11	50256	50256	0
618	5	355	355	1.33514e-05
618	6	257	257	0.000125885
618	7	1271	1271	0.000200272
618	8	286	286	7.62939e-06
618	9	3470	3470	0.000825882
618	10	9998	9998	0.000270844
618	11	13	13	0
618	12	50256	50256	0
619	5	284	284	0.000219345
619	6	3283	3283	0.00134659
619	7	12967	12967	0.00015831
619	8	902	902	0.00031662
619	9	1973	1973	0.00063324
619	10	257	257	0.000152588
619	11	4417	4417	0.000722885
619	12	13	13	1.90735e-06
619	13	50256	50256	0
620	5	4905	4905	0.00118065
620	6	286	286	1.14441e-05
620	7	281	281	8.2016e-05
620	8	15835	15835	0.000387192
620	9	393	393	4.00543e-05
620	10	875	875	0.00102806
620	11	13168	13168	0.00034523
620	12	11862	11862	0.000205994
620	13	13	13	1.90735e-06
620	14	50256	50256	0
621	5	338	338	4.57764e-05
621	6	1810	1810	0.00071907
621	7	290	290	5.72205e-06
621	8	12689	12689	0.000671387
621	9	3407	3407	0.000148773
621	10	262	262	5.72205e-06
621	11	14332	14332	0.000391006
621	12	2305	2305	0.000165939
621	13	9229	9229	0.000249863
621	14	11796	11796	0.000770569
621	15	286	286	8.01086e-05
621	16	3284	3284	0.000181198
621	17	13	13	0
621	18	50256	50256	0
622	5	3650	3650	0.000844955
622	6	12278	12278	0.000595093
622	7	2568	2568	0.00125122
622	8	832	832	0.00177383
622	9	48287	48287	0.000837326
622	10	5931	5931	0.000125885
622	11	12737	12737	0.00137138
622	12	13	13	0
622	13	50256	50256	0
623	5	4143	4143	0.000284195
623	6	2173	2173	0.000623703
623	7	1497	1497	0.00136757
623	8	422	422	0.000150681
623	9	262	262	6.10352e-05
623	10	3825	3825	0.000684738
623	11	13	13	0
623	12	50256	50256	0
624	5	290	290	3.8147e-06
624	6	6754	6754	0.000162125
624	7	2478	2478	0.000173569
624	8	286	286	6.48499e-05
624	9	2456	2456	0.000593185
624	10	13	13	0
624	11	50256	50256	0
625	5	3033	3033	2.28882e-05
625	6	262	262	8.7738e-05
625	7	26997	26997	0.000768661
625	8	2677	2677	0.000490189
625	9	11	11	6.29425e-05
625	10	3825	3825	0.0021801
625	11	370	370	0.000335693
625	12	46654	46654	0.00103951
625	13	13	13	0
625	14	50256	50256	0
626	5	3139	3139	0.000654221
626	6	373	373	0.00177956
626	7	327	327	0.00344086
626	8	385	385	0.00217819
626	9	1073	1073	0.00206184
626	10	11	11	9.72748e-05
626	11	287	287	0.000110626
626	12	1944	1944	0.000230789
626	13	12	12	0.000429153
626	14	820	820	0.000928879
626	15	25768	25768	0.000993729
626	16	13	13	0
626	17	50256	50256	0
627	5	5403	5403	0.000333786
627	6	663	663	8.96454e-05
627	7	16874	16874	0.000246048
627	8	13	13	0
627	9	50256	50256	0
628	5	2583	2583	0.000717163
628	6	4778	4778	8.2016e-05
628	7	284	284	5.53131e-05
628	8	4439	4439	0.000360489
628	9	649	649	0.000396729
628	10	9471	9471	0.000465393
628	11	13166	13166	0.000274658
628	12	13	13	0
628	13	50256	50256	0
629	5	2568	2568	0.000864029
629	6	832	832	0.000965118
629	7	6565	6565	0.00215912
629	8	2272	2272	0.00223732
629	9	13	13	0
629	10	50256	50256	0
630	5	3519	3519	0.000307083
630	6	1035	1035	0.000411987
630	7	24370	24370	0.000244141
630	8	287	287	1.33514e-05
630	9	13550	13550	0.000228882
630	10	34619	34619	0.000106812
630	11	746	746	0.000383377
630	12	291	291	0.000509262
630	13	11	11	8.39233e-05
630	14	1897	1897	0.000621796
630	15	6210	6210	0.000511169
630	16	11	11	4.95911e-05
630	17	290	290	4.19617e-05
630	18	8312	8312	0.000106812
630	19	14750	14750	8.01086e-05
630	20	13	13	0
630	21	50256	50256	1.90735e-06
631	5	329	329	0.000364304
631	6	663	663	0.00030899
631	7	1913	1913	0.000425339
631	8	8508	8508	0.000247955
631	9	290	290	2.47955e-05
631	10	27892	27892	0.000253677
631	11	35988	35988	0.000173569
631	12	11222	11222	0.000864029
631	13	13	13	0
631	14	50256	50256	0
632	5	329	329	8.96454e-05
632	6	18120	18120	0.000558853
632	7	257	257	5.14984e-05
632	8	1917	1917	0.000392914
632	9	393	393	0.000114441
632	10	9489	9489	0.000526428
632	11	257	257	4.3869e-05
632	12	4876	4876	0.000213623
632	13	13	13	0
632	14	50256	50256	0
633	5	422	422	5.53131e-05
633	6	15756	15756	0.000318527
633	7	5597	5597	0.000104904
633	8	422	422	3.8147e-05
633	9	13686	13686	0.000270844
633	10	49235	49235	1.90735e-05
633	11	13	13	0
633	12	50256	50256	0
634	5	34371	34371	4.95911e-05
634	6	16578	16578	0.000541687
634	7	283	283	0.000362396
634	8	3815	3815	0.000291824
634	9	1262	1262	0.000312805
634	10	16311	16311	0.00157356
634	11	286	286	1.14441e-05
634	12	530	530	0.000226974
634	13	284	284	0.000204086
634	14	1440	1440	0.000818253
634	15	9881	9881	0.00123405
634	16	13	13	0
634	17	50256	50256	0
635	5	2458	2458	0.000339508
635	6	257	257	4.00543e-05
635	7	6769	6769	0.00137138
635	8	338	338	6.67572e-05
635	9	6515	6515	0.000823975
635	10	8373	8373	0.000621796
635	11	618	618	0.000480652
635	12	2723	2723	0.00177383
635	13	290	290	4.3869e-05
635	14	22890	22890	0.00139999
635	15	1445	1445	0.000473022
635	16	3585	3585	0.000862122
635	17	284	284	0.000114441
635	18	1123	1123	0.000352859
635	19	584	584	0.000131607
635	20	13	13	0
635	21	50256	50256	3.8147e-06
636	5	8372	8372	0.000934601
636	6	3354	3354	0.000190735
636	7	286	286	9.34601e-05
636	8	16519	16519	0.000780106
636	9	290	290	3.43323e-05
636	10	17456	17456	0.000925064
636	11	13	13	1.90735e-06
636	12	50256	50256	0
637	5	21767	21767	0.00106239
637	6	262	262	0.000114441
637	7	1271	1271	0.00152969
637	8	286	286	7.24792e-05
637	9	1237	1237	0.00234413
637	10	684	684	0.000911713
637	11	287	287	0.000148773
637	12	663	663	0.000234604
637	13	29984	29984	0.00109291
637	14	13	13	0
637	15	50256	50256	0
638	5	5563	5563	0.000102997
638	6	832	832	0.000175476
638	7	41630	41630	0.000400543
638	8	38445	38445	0.000133514
638	9	5107	5107	0.000782013
638	10	13	13	3.8147e-06
638	11	50256	50256	0
639	5	14921	14921	0.000270844
639	6	5563	5563	0.000396729
639	7	884	884	0.000387192
639	8	355	355	7.82013e-05
639	9	8234	8234	0.00170898
639	10	11	11	0.000375748
639	11	12734	12734	0.00154495
639	12	11	11	0.000331879
639	13	393	393	0.0010128
639	14	14891	14891	0.000314713
639	15	13	13	0
639	16	50256	50256	0
640	5	7997	7997	0.00138855
640	6	416	416	0.000160217
640	7	257	257	4.76837e-05
640	8	10706	10706	0.00031662
640	9	286	286	5.72205e-06
640	10	17848	17848	0.00041008
640	11	13	13	9.53674e-06
640	12	50256	50256	0
641	5	281	281	0.000139236
641	6	4457	4457	0.000999451
641	7	29877	29877	0.000652313
641	8	2858	2858	0.000677109
641	9	11	11	0.000202179
641	10	407	407	0.000806808
641	11	257	257	2.67029e-05
641	12	2818	2818	0.000429153
641	13	17076	17076	0.00104141
641	14	13	13	0
641	15	50256	50256	0
642	5	3194	3194	0.001297
642	6	355	355	0.00126457
642	7	257	257	1.90735e-06
642	8	8064	8064	0.00135994
642	9	286	286	4.19617e-05
642	10	734	734	0.00174332
642	11	37014	37014	0.000192642
642	12	13	13	0
642	13	50256	50256	0
643	5	2107	2107	0.00105667
643	6	290	290	6.10352e-05
643	7	1663	1663	0.00306702
643	8	329	329	0.000635147
643	9	517	517	0.00112343
643	10	621	621	0.000408173
643	11	734	734	0.00164795
643	12	812	812	0.000274658
643	13	13	13	0
643	14	50256	50256	0
644	5	3139	3139	6.86646e-05
644	6	286	286	1.33514e-05
644	7	16952	16952	0.000434875
644	8	287	287	3.8147e-06
644	9	21199	21199	0.000116348
644	10	7229	7229	8.7738e-05
644	11	13	13	0
644	12	50256	50256	0
645	5	4847	4847	0.000593185
645	6	832	832	0.000175476
645	7	10288	10288	0.000780106
645	8	284	284	0.00018692
645	9	584	584	0.000644684
645	10	4847	4847	0.000530243
645	11	13	13	0
645	12	50256	50256	0
646	5	10050	10050	0.000635147
646	6	2568	2568	0.000490189
646	7	284	284	0.00115013
646	8	663	663	0.000202179
646	9	21334	21334	0.000312805
646	10	13	13	1.90735e-06
646	11	50256	50256	0
647	5	48135	48135	0.00131035
647	6	286	286	7.24792e-05
647	7	262	262	4.19617e-05
647	8	11188	11188	0.0016346
647	9	3967	3967	0.000205994
647	10	1176	1176	0.00131416
647	11	286	286	8.58307e-05
647	12	257	257	5.72205e-05
647	13	1729	1729	0.000946045
647	14	22570	22570	0.000741959
647	15	1271	1271	0.000549316
647	16	13	13	0
647	17	50256	50256	0
648	5	262	262	2.67029e-05
648	6	3085	3085	0.000337601
648	7	1627	1627	0.000354767
648	8	8686	8686	0.000190735
648	9	284	284	5.34058e-05
648	10	262	262	3.24249e-05
648	11	3465	3465	0.000219345
648	12	376	376	0.000347137
648	13	13	13	5.72205e-06
648	14	50256	50256	0
649	5	1499	1499	0.000850677
649	6	287	287	5.34058e-05
649	7	262	262	8.39233e-05
649	8	7840	7840	0.00151062
649	9	18020	18020	0.00133896
649	10	13	13	1.90735e-06
649	11	50256	50256	0
650	5	4469	4469	0.000528336
650	6	286	286	3.8147e-05
650	7	26467	26467	0.00060463
650	8	385	385	0.000762939
650	9	1872	1872	0.000307083
650	10	338	338	0.000150681
650	11	3878	3878	0.00285721
650	12	17084	17084	0.000724792
650	13	13	13	0
650	14	50256	50256	0
651	5	2846	2846	0.000570297
651	6	286	286	9.15527e-05
651	7	1223	1223	0.000440598
651	8	2073	2073	0.000272751
651	9	1231	1231	8.96454e-05
651	10	10616	10616	0.000379562
651	11	257	257	3.62396e-05
651	12	18875	18875	0.000322342
651	13	5369	5369	9.72748e-05
651	14	13	13	0
651	15	50256	50256	0
652	5	77	77	0.00043869
652	6	2340	2340	0.000682831
652	7	326	326	0.00066185
652	8	3745	3745	0.000576019
652	9	319	319	0.000173569
652	10	262	262	0.000274658
652	11	2910	2910	0.00117683
652	12	286	286	0.000167847
652	13	11453	11453	0.000270844
652	14	13	13	1.90735e-06
652	15	50256	50256	0
653	5	1602	1602	0.00192833
653	6	14796	14796	0.000293732
653	7	22950	22950	0.00143242
653	8	423	423	0.000204086
653	9	262	262	1.90735e-05
653	10	976	976	0.00253296
653	11	4129	4129	0.00110245
653	12	13	13	1.90735e-06
653	13	50256	50256	0
654	5	6268	6268	3.62396e-05
654	6	4073	4073	0.00184441
654	7	416	416	0.000402451
654	8	29781	29781	0.00221252
654	9	290	290	7.24792e-05
654	10	584	584	0.000284195
654	11	38622	38622	0.000270844
654	12	13	13	0
654	13	50256	50256	0
655	5	635	635	0.000930786
655	6	8811	8811	0.000635147
655	7	1900	1900	0.000417709
655	8	355	355	0.000362396
655	9	5482	5482	0.000810623
655	10	3820	3820	0.000371933
655	11	10872	10872	0.000368118
655	12	16567	16567	0.000413895
655	13	13	13	0
655	14	50256	50256	0
656	5	5405	5405	8.39233e-05
656	6	416	416	0.000207901
656	7	28472	28472	0.00129318
656	8	803	803	0.000362396
656	9	340	340	0.000589371
656	10	351	351	0.000450134
656	11	1633	1633	0.00217438
656	12	13	13	0
656	13	50256	50256	0
657	5	4756	4756	0.00127029
657	6	832	832	0.000207901
657	7	543	543	0.000236511
657	8	1657	1657	0.000505447
657	9	14170	14170	0.00110435
657	10	262	262	5.91278e-05
657	11	18480	18480	0.00175667
657	12	1080	1080	0.00181198
657	13	13	13	0
657	14	50256	50256	0
658	5	4855	4855	0.000146866
658	6	14510	14510	0.000169754
658	7	287	287	1.90735e-05
658	8	6156	6156	0.000471115
658	9	6365	6365	0.000547409
658	10	13	13	1.90735e-06
658	11	50256	50256	0
659	5	423	423	0.000543594
659	6	257	257	5.91278e-05
659	7	2060	2060	0.00169373
659	8	269	269	0.000999451
659	9	313	313	0.00175858
659	10	88	88	0.00106239
659	11	992	992	0.00388908
659	12	261	261	0.000711441
659	13	13	13	0
659	14	50256	50256	0
660	5	2280	2280	0.000411987
660	6	393	393	0.000930786
660	7	15256	15256	0.00148964
660	8	2280	2280	0.00136566
660	9	618	618	0.000225067
660	10	484	484	0.000436783
660	11	21721	21721	0.000562668
660	12	13	13	0
660	13	50256	50256	0
661	5	12	12	0.000335693
661	6	13982	13982	0.00127602
661	7	21824	21824	0.000665665
661	8	5421	5421	0.000679016
661	9	1978	1978	0.000576019
661	10	656	656	0.000434875
661	11	3881	3881	0.00125504
661	12	13	13	0.000432968
661	13	50256	50256	4.57764e-05
662	5	46716	46716	0.00106621
662	6	1805	1805	0.000175476
662	7	262	262	1.52588e-05
662	8	517	517	0.000295639
662	9	19217	19217	0.000392914
662	10	12098	12098	0.000263214
662	11	11061	11061	0.000202179
662	12	606	606	0.000408173
662	13	13	13	3.8147e-06
662	14	50256	50256	0
663	5	37475	37475	0.00031662
663	6	11	11	6.29425e-05
663	7	284	284	0.000267029
663	8	5643	5643	0.00104713
663	9	11	11	7.24792e-05
663	10	3664	3664	0.000616074
663	11	321	321	0.000576019
663	12	45070	45070	0.000123978
663	13	11	11	3.05176e-05
663	14	290	290	0.000354767
663	15	23849	23849	0.000461578
663	16	2339	2339	0.000427246
663	17	1275	1275	0.000276566
663	18	721	721	7.24792e-05
663	19	346	346	0.000572205
663	20	1547	1547	0.000335693
663	21	13	13	0
663	22	50256	50256	0
664	5	3624	3624	0.000659943
664	6	5101	5101	0.000694275
664	7	284	284	0.000629425
664	8	7301	7301	0.00145531
664	9	290	290	4.76837e-05
664	10	5412	5412	0.00115204
664	11	5563	5563	0.000427246
664	12	13	13	0
664	13	50256	50256	0
665	5	262	262	5.72205e-06
665	6	10596	10596	0.00162697
665	7	10692	10692	0.000684738
665	8	832	832	0.00022316
665	9	262	262	0.000181198
665	10	41407	41407	0.00155449
665	11	286	286	2.47955e-05
665	12	47403	47403	0.000406265
665	13	13	13	1.33514e-05
665	14	50256	50256	0
666	5	42096	42096	0.000600815
666	6	379	379	0.000221252
666	7	262	262	0.000101089
666	8	18955	18955	0.00087738
666	9	393	393	6.67572e-05
666	10	22088	22088	0.000329971
666	11	291	291	0.000177383
666	12	1241	1241	0.00152588
666	13	13	13	0
666	14	50256	50256	0
667	5	5563	5563	0.000160217
667	6	416	416	0.000905991
667	7	13157	13157	0.00136566
667	8	517	517	0.000318527
667	9	1657	1657	0.000623703
667	10	621	621	0.000221252
667	11	262	262	0.000144958
667	12	555	555	0.00063324
667	13	64	64	0.00102043
667	14	1384	1384	0.00030899
667	15	4151	4151	0.000461578
667	16	13	13	0
667	17	50256	50256	0
668	5	284	284	3.8147e-06
668	6	8181	8181	0.000375748
668	7	422	422	7.82013e-05
668	8	5509	5509	0.000890732
668	9	13737	13737	0.000171661
668	10	13	13	3.8147e-06
668	11	50256	50256	0
669	5	2753	2753	0.00015831
669	6	1295	1295	0.0004673
669	7	8384	8384	0.000318527
669	8	319	319	0.000167847
669	9	281	281	0.00015831
669	10	7022	7022	0.000209808
669	11	13	13	9.53674e-06
669	12	50256	50256	0
670	5	16524	16524	0.000457764
670	6	13510	13510	0.000286102
670	7	9210	9210	0.000425339
670	8	326	326	5.91278e-05
670	9	389	389	0.00028801
670	10	7425	7425	0.000770569
670	11	351	351	0.000387192
670	12	6428	6428	0.000394821
670	13	5289	5289	0.000192642
670	14	13	13	0
670	15	50256	50256	0
671	5	7596	7596	4.19617e-05
671	6	4791	4791	0.000190735
671	7	591	591	0.000171661
671	8	7346	7346	0.000249863
671	9	257	257	6.48499e-05
671	10	1327	1327	0.000772476
671	11	8434	8434	0.000179291
671	12	7582	7582	0.000173569
671	13	13	13	0
671	14	50256	50256	0
672	5	2291	2291	0.000112534
672	6	24789	24789	0.000640869
672	7	47523	47523	0.000535965
672	8	290	290	7.24792e-05
672	9	14186	14186	0.00115967
672	10	6147	6147	0.000514984
672	11	12835	12835	0.00318146
672	12	13	13	3.8147e-06
672	13	50256	50256	0
673	5	878	878	3.24249e-05
673	6	14342	14342	0.000160217
673	7	1973	1973	4.3869e-05
673	8	2031	2031	0.000337601
673	9	13	13	0
673	10	50256	50256	0
674	5	1104	1104	0.000513077
674	6	966	966	0.000167847
674	7	1444	1444	0.000123978
674	8	257	257	7.43866e-05
674	9	46246	46246	0.000299454
674	10	6098	6098	0.000143051
674	11	388	388	0.000234604
674	12	13	13	1.90735e-06
674	13	50256	50256	0
675	5	656	656	0.000160217
675	6	262	262	3.43323e-05
675	7	1956	1956	0.000562668
675	8	24162	24162	0.000219345
675	9	327	327	0.000408173
675	10	5126	5126	0.000179291
675	11	666	666	0.000202179
675	12	6896	6896	0.000709534
675	13	13	13	0
675	14	50256	50256	0
676	5	5399	5399	0.00130844
676	6	15921	15921	0.00155449
676	7	286	286	4.00543e-05
676	8	867	867	0.000705719
676	9	12734	12734	0.00108147
676	10	13	13	1.33514e-05
676	11	50256	50256	0
677	5	2568	2568	0.000747681
677	6	656	656	0.000322342
677	7	12370	12370	0.00173378
677	8	6268	6268	0.00030899
677	9	13	13	0
677	10	50256	50256	0
678	5	389	389	0.00019455
678	6	1043	1043	0.00148582
678	7	355	355	0.000780106
678	8	880	880	0.00290871
678	9	355	355	0.000146866
678	10	644	644	0.000627518
678	11	484	484	0.000419617
678	12	389	389	0.000179291
678	13	13	13	0
678	14	50256	50256	1.90735e-06
679	5	287	287	5.53131e-05
679	6	262	262	1.33514e-05
679	7	4037	4037	0.000297546
679	8	4482	4482	0.000226974
679	9	286	286	6.29425e-05
679	10	27719	27719	0.000146866
679	11	13	13	3.8147e-06
679	12	50256	50256	0
680	5	3139	3139	0.000164032
680	6	286	286	2.09808e-05
680	7	21291	21291	0.000982285
680	8	11	11	3.24249e-05
680	9	1029	1029	0.00218391
680	10	287	287	0.000104904
680	11	262	262	2.09808e-05
680	12	843	843	0.000850677
680	13	274	274	0.00018692
680	14	13	13	0
680	15	50256	50256	0
681	5	3139	3139	0.000679016
681	6	11	11	0.000154495
681	7	290	290	0.000335693
681	8	262	262	0.000286102
681	9	569	569	0.000869751
681	10	396	396	0.000671387
681	11	4712	4712	0.000335693
681	12	15623	15623	0.00183105
681	13	832	832	0.000253677
681	14	340	340	0.000154495
681	15	13	13	0
681	16	50256	50256	0
682	5	13	13	0
682	6	50256	50256	0
683	5	7306	7306	0.00154305
683	6	10349	10349	0.000371933
683	7	2648	2648	0.000320435
683	8	262	262	5.14984e-05
683	9	976	976	0.000679016
683	10	15004	15004	0.00028801
683	11	3580	3580	0.000205994
683	12	13	13	0
683	13	50256	50256	0
684	5	1103	1103	0.00237656
684	6	3146	3146	0.00327873
684	7	318	318	0.000202179
684	8	3967	3967	0.00159073
684	9	13	13	0
684	10	50256	50256	0
685	5	1296	1296	0.000734329
685	6	618	618	0.000167847
685	7	44030	44030	0.00251007
685	8	2587	2587	0.000659943
685	9	3608	3608	0.000766754
685	10	82	82	0.00128746
685	11	290	290	0.00028038
685	12	4735	4735	0.000879288
685	13	6945	6945	0.000141144
685	14	13	13	0
685	15	50256	50256	0
686	5	5894	5894	0.00345993
686	6	4771	4771	0.00167465
686	7	2458	2458	0.00242233
686	8	3264	3264	0.00114441
686	9	422	422	0.000833511
686	10	4735	4735	0.0023632
686	11	284	284	0.000221252
686	12	3623	3623	0.00242043
686	13	13	13	0
686	14	50256	50256	0
687	5	5002	5002	0.000396729
687	6	423	423	0.000303268
687	7	4961	4961	0.000993729
687	8	386	386	0.0004673
687	9	1122	1122	0.000545502
687	10	9853	9853	0.000352859
687	11	475	475	0.000688553
687	12	1180	1180	0.000255585
687	13	49810	49810	0.00318146
687	14	9853	9853	0.000450134
687	15	13	13	1.14441e-05
687	16	50256	50256	0
688	5	42407	42407	5.34058e-05
688	6	469	469	0.000450134
688	7	318	318	2.47955e-05
688	8	262	262	9.53674e-05
688	9	4318	4318	0.000421524
688	10	2095	2095	0.00105858
688	11	287	287	3.05176e-05
688	12	317	317	0.000896454
688	13	6786	6786	0.00025177
688	14	5074	5074	4.76837e-05
688	15	13	13	0
688	16	50256	50256	0
689	5	925	925	0.000925064
689	6	7525	7525	0.000183105
689	7	286	286	0.000289917
689	8	6383	6383	0.000621796
689	9	50006	50006	0.000238419
689	10	2138	2138	0.000152588
689	11	621	621	2.09808e-05
689	12	9970	9970	0.000143051
689	13	13	13	0
689	14	50256	50256	0
690	5	26600	26600	0.000431061
690	6	663	663	7.43866e-05
690	7	16704	16704	0.000411987
690	8	11348	11348	0.000209808
690	9	1108	1108	1.90735e-05
690	10	13	13	0
690	11	50256	50256	0
691	5	1748	1748	0.000658035
691	6	286	286	9.53674e-06
691	7	8602	8602	0.0014267
691	8	11	11	9.72748e-05
691	9	319	319	0.000190735
691	10	262	262	0.000240326
691	11	314	314	0.00121689
691	12	527	527	0.000587463
691	13	666	666	0.000453949
691	14	24078	24078	0.0007267
691	15	13	13	0
691	16	50256	50256	0
692	5	319	319	4.95911e-05
692	6	49812	49812	0.000844955
692	7	2340	2340	0.000324249
692	8	290	290	0.000123978
692	9	584	584	0.000419617
692	10	1402	1402	0.000770569
692	11	19435	19435	0.000465393
692	12	13	13	3.8147e-06
692	13	50256	50256	0
693	5	1022	1022	8.58307e-05
693	6	7686	7686	7.82013e-05
693	7	13	13	0
693	8	50256	50256	0
694	5	11	11	0.000173569
694	6	318	318	0.000135422
694	7	262	262	2.09808e-05
694	8	2260	2260	0.00144386
694	9	3139	3139	0.000570297
694	10	286	286	0.000228882
694	11	4505	4505	0.00236893
694	12	13	13	0
694	13	50256	50256	0
695	5	2024	2024	0.000324249
695	6	460	460	0.000637054
695	7	307	307	0.000659943
695	8	2087	2087	0.00102043
695	9	416	416	0.000400543
695	10	4375	4375	0.000423431
695	11	511	511	0.000440598
695	12	5470	5470	0.00060463
695	13	2024	2024	0.000429153
695	14	13	13	0
695	15	50256	50256	0
696	5	262	262	7.43866e-05
696	6	25861	25861	0.000452042
696	7	2779	2779	0.00109673
696	8	4326	4326	0.000677109
696	9	329	329	0.000946045
696	10	21969	21969	0.000776291
696	11	34743	34743	9.15527e-05
696	12	5951	5951	0.000152588
696	13	13	13	0
696	14	50256	50256	0
697	5	14729	14729	0.000219345
697	6	286	286	3.8147e-06
697	7	7405	7405	0.000192642
697	8	13	13	1.33514e-05
697	9	50256	50256	0
698	5	262	262	0.000293732
698	6	2685	2685	0.000988007
698	7	8573	8573	0.000963211
698	8	810	810	0.00159454
698	9	5205	5205	0.000635147
698	10	44411	44411	0.000814438
698	11	8833	8833	0.00120735
698	12	287	287	0.000440598
698	13	4077	4077	0.000366211
698	14	6134	6134	0.00103569
698	15	13	13	0
698	16	50256	50256	1.90735e-06
699	5	8850	8850	0.00243568
699	6	1633	1633	0.000537872
699	7	10874	10874	0.00138474
699	8	8384	8384	0.000484467
699	9	286	286	0.000358582
699	10	17745	17745	0.00204086
699	11	7268	7268	0.000846863
699	12	734	734	0.00107574
699	13	11863	11863	0.00260544
699	14	23235	23235	0.00108147
699	15	13	13	0
699	16	50256	50256	0
700	5	416	416	7.82013e-05
700	6	1633	1633	0.00132942
700	7	11581	11581	0.000574112
700	8	8902	8902	0.000265121
700	9	706	706	0.000240326
700	10	14357	14357	0.000238419
700	11	37876	37876	8.2016e-05
700	12	340	340	6.67572e-05
700	13	13	13	0
700	14	50256	50256	0
701	5	13522	13522	0.00043869
701	6	11	11	0.000125885
701	7	257	257	6.48499e-05
701	8	2829	2829	0.000829697
701	9	44017	44017	0.000705719
701	10	14452	14452	0.000555038
701	11	26728	26728	0.000799179
701	12	517	517	0.000703812
701	13	6364	6364	0.00183678
701	14	618	618	0.000711441
701	15	663	663	0.0010376
701	16	4129	4129	0.00152397
701	17	318	318	0.000276566
701	18	3220	3220	0.000469208
701	19	13	13	0
701	20	50256	50256	0
702	5	1785	1785	0.00237465
702	6	17810	17810	0.000383377
702	7	11	11	0.00019455
702	8	1657	1657	0.000986099
702	9	2314	2314	0.00144768
702	10	6654	6654	0.000520706
702	11	284	284	0.000167847
702	12	12899	12899	0.00126076
702	13	17984	17984	0.000284195
702	14	13	13	1.90735e-06
702	15	50256	50256	0
703	5	287	287	1.90735e-05
703	6	262	262	5.91278e-05
703	7	614	614	0.000265121
703	8	1478	1478	0.000167847
703	9	4310	4310	0.000181198
703	10	13	13	0
703	11	50256	50256	0
704	5	281	281	0.000146866
704	6	12278	12278	0.000577927
704	7	6737	6737	0.001091
704	8	13	13	0
704	9	50256	50256	0
705	5	5166	5166	0.0012207
705	6	286	286	0.000322342
705	7	302	302	0.00107002
705	8	5379	5379	0.00047493
705	9	326	326	0.000169754
705	10	12611	12611	0.00144386
705	11	378	378	0.000770569
705	12	1028	1028	0.00158882
705	13	1123	1123	0.000291824
705	14	584	584	0.00050354
705	15	13	13	0
705	16	50256	50256	0
706	5	284	284	3.62396e-05
706	6	1037	1037	0.000429153
706	7	17276	17276	0.000211716
706	8	8574	8574	0.000257492
706	9	12784	12784	6.86646e-05
706	10	13	13	0
706	11	50256	50256	0
707	5	1205	1205	4.3869e-05
707	6	1231	1231	6.10352e-05
707	7	15345	15345	0.000253677
707	8	11904	11904	7.43866e-05
707	9	13	13	0
707	10	50256	50256	0
708	5	262	262	0.000219345
708	6	44345	44345	0.000761032
708	7	8813	8813	0.000478745
708	8	268	268	0.000627518
708	9	1904	1904	0.00069046
708	10	21767	21767	0.00025177
708	11	262	262	0
708	12	2160	2160	0.0017662
708	13	286	286	9.91821e-05
708	14	262	262	3.62396e-05
708	15	24438	24438	0.000873566
708	16	286	286	5.72205e-06
708	17	262	262	1.14441e-05
708	18	584	584	0.000417709
708	19	734	734	0.00141335
708	20	5389	5389	0.000991821
708	21	13	13	0
708	22	50256	50256	0
709	5	32202	32202	0.000965118
709	6	1276	1276	0.000347137
709	7	14999	14999	0.000646591
709	8	663	663	0.000394821
709	9	20831	20831	0.00109482
709	10	409	409	0.000869751
709	11	418	418	0.000682831
709	12	38800	38800	0.000484467
709	13	13	13	0
709	14	50256	50256	1.90735e-06
710	5	4279	4279	0.00129318
710	6	393	393	0.000150681
710	7	2393	2393	0.00111008
710	8	287	287	0.000301361
710	9	19780	19780	0.00192451
710	10	13	13	1.90735e-06
710	11	50256	50256	0
711	5	1245	1245	0.000192642
711	6	286	286	3.43323e-05
711	7	257	257	5.72205e-05
711	8	2700	2700	0.00148392
711	9	546	546	0.00256157
711	10	281	281	0.000322342
711	11	16488	16488	0.00109863
711	12	13	13	6.29425e-05
711	13	50256	50256	0
712	5	1588	1588	0.000253677
712	6	9824	9824	0.000383377
712	7	319	319	0.000244141
712	8	262	262	0.00078392
712	9	10326	10326	0.000358582
712	10	4417	4417	0.000352859
712	11	287	287	9.15527e-05
712	12	25768	25768	0.00144958
712	13	13	13	0
712	14	50256	50256	0
713	5	6869	6869	0.00155258
713	6	338	338	0.000297546
713	7	4252	4252	0.00125504
713	8	18250	18250	0.000457764
713	9	33169	33169	0.000501633
713	10	6698	6698	0.000619888
713	11	4632	4632	0.000957489
713	12	1497	1497	0.000850677
713	13	422	422	6.29425e-05
713	14	3668	3668	0.000524521
713	15	13	13	5.14984e-05
713	16	50256	50256	0
714	5	779	779	0.000257492
714	6	16396	16396	0.000392914
714	7	5405	5405	0.000127792
714	8	284	284	7.62939e-05
714	9	1296	1296	0.000175476
714	10	9824	9824	0.000257492
714	11	393	393	0.000268936
714	12	5986	5986	0.000219345
714	13	13	13	0
714	14	50256	50256	0
715	5	2458	2458	0.000530243
715	6	262	262	1.14441e-05
715	7	4129	4129	0.00185776
715	8	286	286	1.52588e-05
715	9	262	262	5.14984e-05
715	10	8875	8875	0.00133514
715	11	338	338	0.000360489
715	12	1633	1633	0.00331688
715	13	3108	3108	0.00299454
715	14	13	13	2.09808e-05
715	15	50256	50256	0
716	5	287	287	5.72205e-05
716	6	13066	13066	0.00380516
716	7	1088	1088	0.000619888
716	8	262	262	3.8147e-06
716	9	3825	3825	0.00050354
716	10	13	13	0
716	11	50256	50256	0
717	5	47786	47786	0.000453949
717	6	262	262	2.67029e-05
717	7	3356	3356	0.00094223
717	8	286	286	0.000112534
717	9	5186	5186	0.00053978
717	10	3877	3877	0.00102806
717	11	832	832	0.00151062
717	12	663	663	0.00201416
717	13	11963	11963	0.00136185
717	14	13	13	4.3869e-05
717	15	50256	50256	0
718	5	4483	4483	0.000864029
718	6	2057	2057	0.000337601
718	7	422	422	0.000202179
718	8	1111	1111	0.000490189
718	9	6134	6134	0.000461578
718	10	290	290	0.000118256
718	11	4695	4695	0.000699997
718	12	13	13	0
718	13	50256	50256	0
719	5	6268	6268	0.000106812
719	6	832	832	0.000108719
719	7	18842	18842	0.000688553
719	8	722	722	0.000249863
719	9	9941	9941	0.000112534
719	10	13	13	0
719	11	50256	50256	0
720	5	3668	3668	0.000144958
720	6	338	338	0.000177383
720	7	4417	4417	0.00084877
720	8	318	318	3.8147e-05
720	9	1444	1444	9.34601e-05
720	10	2153	2153	0.000802994
720	11	2611	2611	0.000551224
720	12	13	13	3.8147e-06
720	13	50256	50256	0
721	5	262	262	0.000259399
721	6	976	976	0.000514984
721	7	1688	1688	0.000595093
721	8	5044	5044	0.000486374
721	9	1448	1448	0.000722885
721	10	355	355	9.72748e-05
721	11	5417	5417	0.0026474
721	12	281	281	0.000310898
721	13	368	368	0.00203514
721	14	1952	1952	0.000144958
721	15	13	13	0
721	16	50256	50256	0
722	5	656	656	0.000392914
722	6	12278	12278	0.000370026
722	7	2568	2568	0.000385284
722	8	13	13	0
722	9	50256	50256	0
723	5	2219	2219	0.0011673
723	6	1438	1438	0.000535965
723	7	329	329	0.000144958
723	8	21072	21072	0.00116348
723	9	275	275	0.000865936
723	10	291	291	0.000497818
723	11	42084	42084	0.000652313
723	12	378	378	0.000434875
723	13	13	13	1.90735e-06
723	14	50256	50256	0
724	5	9377	9377	0.000734329
724	6	1271	1271	0.000192642
724	7	13	13	1.14441e-05
724	8	50256	50256	0
725	5	19780	19780	0.000396729
725	6	983	983	0.000171661
725	7	351	351	3.24249e-05
725	8	27913	27913	0.000494003
725	9	5207	5207	0.000272751
725	10	13	13	2.28882e-05
725	11	50256	50256	0
726	5	286	286	7.62939e-06
726	6	16490	16490	0.000272751
726	7	287	287	2.09808e-05
726	8	22197	22197	0.000505447
726	9	338	338	1.33514e-05
726	10	13574	13574	0.000827789
726	11	13	13	0
726	12	50256	50256	0
727	5	878	878	0.000114441
727	6	340	340	0.000663757
727	7	5667	5667	0.0012989
727	8	262	262	7.24792e-05
727	9	1767	1767	0.000505447
727	10	13	13	4.19617e-05
727	11	50256	50256	0
728	5	36324	36324	0.000738144
728	6	389	389	0.000774384
728	7	925	925	0.000736237
728	8	422	422	0.000413895
728	9	35988	35988	0.000930786
728	10	2266	2266	0.000299454
728	11	32085	32085	0.000610352
728	12	39642	39642	0.000263214
728	13	13	13	1.90735e-06
728	14	50256	50256	0
729	5	1862	1862	0.000408173
729	6	20611	20611	0.000167847
729	7	34262	34262	0.000152588
729	8	878	878	0.00015831
729	9	484	484	0.000574112
729	10	3938	3938	0.000299454
729	11	4292	4292	0.000244141
729	12	13	13	0
729	13	50256	50256	0
730	5	10874	10874	0.000816345
730	6	286	286	2.09808e-05
730	7	867	867	0.000343323
730	8	5100	5100	0.000326157
730	9	17894	17894	0.000188828
730	10	13	13	7.62939e-06
730	11	50256	50256	0
731	5	1690	1690	0.00012207
731	6	18782	18782	0.000303268
731	7	5609	5609	0.000299454
731	8	1657	1657	0.000268936
731	9	290	290	7.24792e-05
731	10	10908	10908	0.00111198
731	11	8188	8188	3.8147e-05
731	12	13	13	0
731	13	50256	50256	0
732	5	663	663	0.000589371
732	6	1957	1957	0.00195694
732	7	636	636	0.000175476
732	8	290	290	0.000244141
732	9	7386	7386	0.000442505
732	10	351	351	0.000118256
732	11	281	281	0.000514984
732	12	379	379	0.0008564
732	13	1051	1051	0.000396729
732	14	13	13	7.43866e-05
732	15	50256	50256	0
733	5	284	284	3.43323e-05
733	6	5951	5951	0.000984192
733	7	284	284	0.000185013
733	8	1037	1037	0.00123405
733	9	16697	16697	0.00181961
733	10	16930	16930	0.000244141
733	11	393	393	0.000102997
733	12	15134	15134	0.00103569
733	13	13	13	1.14441e-05
733	14	50256	50256	0
734	5	878	878	0.000429153
734	6	8978	8978	0.000152588
734	7	262	262	9.53674e-05
734	8	19517	19517	0.00131989
734	9	6896	6896	0.000715256
734	10	13	13	0
734	11	50256	50256	0
735	5	5400	5400	0.000749588
735	6	287	287	0.000146866
735	7	11711	11711	0.00107956
735	8	3833	3833	0.000654221
735	9	1088	1088	0.000358582
735	10	281	281	0.00019455
735	11	37970	37970	0.000921249
735	12	2134	2134	0.000349045
735	13	13	13	5.72205e-06
735	14	50256	50256	0
736	5	5253	5253	0.00100899
736	6	2138	2138	0.000459671
736	7	621	621	0.000389099
736	8	257	257	0.000101089
736	9	9478	9478	0.000492096
736	10	286	286	1.33514e-05
736	11	640	640	0.000600815
736	12	13	13	1.90735e-06
736	13	50256	50256	0
737	5	4695	4695	0.00171089
737	6	11	11	0.000318527
737	7	772	772	0.000965118
737	8	996	996	0.000329971
737	9	867	867	0.000522614
737	10	22464	22464	0.00021553
737	11	7009	7009	0.000108719
737	12	12734	12734	0.000602722
737	13	13	13	0
737	14	50256	50256	0
738	5	257	257	3.24249e-05
738	6	3992	3992	0.000152588
738	7	2443	2443	0.00015831
738	8	815	815	8.58307e-05
738	9	307	307	0.000156403
738	10	5545	5545	0.000102997
738	11	13	13	1.90735e-06
738	12	50256	50256	0
739	5	13066	13066	0.000841141
739	6	23537	23537	0.00082016
739	7	422	422	0.000167847
739	8	262	262	7.43866e-05
739	9	3825	3825	0.000686646
739	10	13	13	0
739	11	50256	50256	0
740	5	76	76	0.000179291
740	6	8592	8592	0.000543594
740	7	11	11	5.34058e-05
740	8	340	340	0.000453949
740	9	5419	5419	0.00062561
740	10	3197	3197	0.00121689
740	11	1633	1633	0.000436783
740	12	656	656	0.000728607
740	13	262	262	0.000146866
740	14	21726	21726	0.000829697
740	15	13	13	0
740	16	50256	50256	0
741	5	431	431	0.000307083
741	6	260	260	0.000511169
741	7	355	355	0.000101089
741	8	663	663	0.000894547
741	9	25861	25861	0.00288773
741	10	2779	2779	0.000301361
741	11	4326	4326	0.000547409
741	12	13	13	0
741	13	50256	50256	0
742	5	318	318	6.48499e-05
742	6	257	257	0.000110626
742	7	20838	20838	0.00115204
742	8	12505	12505	0.000404358
742	9	3716	3716	0.000228882
742	10	319	319	0.000207901
742	11	262	262	0
742	12	28259	28259	0.000778198
742	13	7022	7022	0.000268936
742	14	286	286	0.00106239
742	15	7349	7349	0.00112915
742	16	13	13	0
742	17	50256	50256	0
743	5	17777	17777	5.34058e-05
743	6	274	274	8.39233e-05
743	7	1138	1138	0.000448227
743	8	37670	37670	0.000146866
743	9	1042	1042	0.000511169
743	10	13	13	0
743	11	50256	50256	0
744	5	3218	3218	0.00167465
744	6	37783	37783	0.000211716
744	7	326	326	0.000270844
744	8	17245	17245	0.000432968
744	9	779	779	0.000350952
744	10	284	284	0.000116348
744	11	3357	3357	0.000232697
744	12	10576	10576	2.28882e-05
744	13	13	13	0
744	14	50256	50256	0
745	5	618	618	0.00021553
745	6	4683	4683	0.00262642
745	7	12586	12586	0.0011425
745	8	1487	1487	0.00138664
745	9	739	739	0.000890732
745	10	4894	4894	0.00113106
745	11	290	290	0.000106812
745	12	3833	3833	0.000764847
745	13	1231	1231	0.000333786
745	14	3190	3190	0.00114632
745	15	24203	24203	0.000183105
745	16	13	13	5.72205e-06
745	17	50256	50256	0
746	5	572	572	0.000247955
746	6	5478	5478	0.000183105
746	7	338	338	4.00543e-05
746	8	35618	35618	0.000846863
746	9	7051	7051	0.000478745
746	10	13	13	0
746	11	50256	50256	0
747	5	8506	8506	0.000352859
747	6	12201	12201	0.000364304
747	7	636	636	0.000608444
747	8	286	286	0.000173569
747	9	281	281	0.000452042
747	10	317	317	0.000883102
747	11	11693	11693	0.000555038
747	12	8952	8952	0.00047493
747	13	312	312	0.000579834
747	14	22035	22035	0.00075531
747	15	39490	39490	0.000291824
747	16	3641	3641	0.000221252
747	17	13	13	0
747	18	50256	50256	0
748	5	645	645	9.72748e-05
748	6	24012	24012	0.000400543
748	7	6143	6143	0.000270844
748	8	458	458	0.000444412
748	9	34387	34387	0.000371933
748	10	13	13	0
748	11	50256	50256	0
749	5	7667	7667	0.00138664
749	6	8701	8701	0.000709534
749	7	4447	4447	0.000448227
749	8	1043	1043	0.000312805
749	9	8384	8384	0.000228882
749	10	287	287	0.000400543
749	11	16519	16519	0.000469208
749	12	290	290	0.000324249
749	13	36421	36421	0.000452042
749	14	13	13	0
749	15	50256	50256	0
750	5	3473	3473	0.00170708
750	6	286	286	4.3869e-05
750	7	517	517	0.00127792
750	8	621	621	0.000242233
750	9	530	530	0.000967026
750	10	34371	34371	0.000696182
750	11	2438	2438	0.000593185
750	12	966	966	0.00028038
750	13	13	13	0
750	14	50256	50256	0
751	5	5640	5640	7.24792e-05
751	6	257	257	2.47955e-05
751	7	15554	15554	0.000165939
751	8	9030	9030	4.19617e-05
751	9	284	284	1.71661e-05
751	10	5587	5587	0.000209808
751	11	13042	13042	9.72748e-05
751	12	13	13	0
751	13	50256	50256	0
752	5	286	286	1.33514e-05
752	6	26742	26742	0.000741959
752	7	1626	1626	0.000341415
752	8	257	257	1.90735e-05
752	9	3704	3704	0.000926971
752	10	286	286	1.90735e-06
752	11	4898	4898	0.00181389
752	12	13	13	0
752	13	50256	50256	0
753	5	24603	24603	0.00179482
753	6	5440	5440	0.000253677
753	7	5140	5140	0.000236511
753	8	287	287	3.24249e-05
753	9	262	262	9.34601e-05
753	10	1388	1388	0.000860214
753	11	27460	27460	0.000822067
753	12	10999	10999	0.000635147
753	13	13	13	0
753	14	50256	50256	0
754	5	1657	1657	0.000154495
754	6	656	656	0.00031662
754	7	7577	7577	0.00141335
754	8	780	780	0.000278473
754	9	1180	1180	0.000974655
754	10	45656	45656	0.000795364
754	11	1006	1006	0.000476837
754	12	974	974	0.00103569
754	13	416	416	0.000137329
754	14	1180	1180	0.000711441
754	15	6867	6867	0.0012188
754	16	13	13	1.90735e-06
754	17	50256	50256	0
755	5	2785	2785	9.53674e-06
755	6	2568	2568	3.8147e-05
755	7	13	13	0
755	8	50256	50256	0
756	5	14568	14568	0.0028286
756	6	351	351	0.000642776
756	7	1180	1180	0.00127411
756	8	5951	5951	0.00115776
756	9	393	393	0.000291824
756	10	20160	20160	0.000907898
756	11	9695	9695	7.05719e-05
756	12	13	13	1.90735e-06
756	13	50256	50256	0
757	5	262	262	8.96454e-05
757	6	31877	31877	0.00183487
757	7	23648	23648	0.000240326
757	8	559	559	0.000291824
757	9	422	422	0.000133514
757	10	262	262	0.000167847
757	11	3942	3942	0.0014286
757	12	850	850	0.000350952
757	13	3642	3642	0.000135422
757	14	7233	7233	2.28882e-05
757	15	13	13	0
757	16	50256	50256	0
758	5	7408	7408	0.000881195
758	6	290	290	8.7738e-05
758	7	34616	34616	0.00028801
758	8	29120	29120	0.000265121
758	9	13	13	0
758	10	50256	50256	0
759	5	389	389	9.53674e-06
759	6	14921	14921	0.000854492
759	7	656	656	3.8147e-05
759	8	20144	20144	0.000429153
759	9	290	290	2.28882e-05
759	10	13439	13439	0.000118256
759	11	13	13	0
759	12	50256	50256	0
760	5	318	318	0.000118256
760	6	262	262	4.00543e-05
760	7	3139	3139	0.000173569
760	8	286	286	1.71661e-05
760	9	17333	17333	0.000961304
760	10	11	11	8.2016e-05
760	11	281	281	0.000226974
760	12	7022	7022	0.000682831
760	13	1499	1499	0.000926971
760	14	13	13	0
760	15	50256	50256	0
761	5	17008	17008	0.00063324
761	6	8811	8811	0.00063324
761	7	925	925	0.0010128
761	8	1262	1262	0.000291824
761	9	17797	17797	0.000732422
761	10	44749	44749	0.000318527
761	11	13	13	5.72205e-06
761	12	50256	50256	0
762	5	1962	1962	0.000551224
762	6	1142	1142	0.000558853
762	7	3970	3970	0.00102997
762	8	287	287	0.000667572
762	9	2882	2882	0.000814438
762	10	284	284	0.000167847
762	11	262	262	0.000217438
762	12	13471	13471	0.000858307
762	13	286	286	5.34058e-05
762	14	257	257	5.53131e-05
762	15	7897	7897	0.00105095
762	16	3240	3240	0.000123978
762	17	13	13	0
762	18	50256	50256	0
763	5	26371	26371	0.000686646
763	6	2100	2100	0.000133514
763	7	3800	3800	0.000116348
763	8	286	286	1.52588e-05
763	9	257	257	0.000179291
763	10	35113	35113	0.000349045
763	11	393	393	0.000141144
763	12	44400	44400	0.000659943
763	13	13	13	0
763	14	50256	50256	0
764	5	1978	1978	0.000198364
764	6	287	287	6.29425e-05
764	7	257	257	1.52588e-05
764	8	2266	2266	0.00043869
764	9	1140	1140	0.000679016
764	10	6317	6317	0.000564575
764	11	13	13	0
764	12	50256	50256	0
765	5	511	511	0.000228882
765	6	5667	5667	0.00087738
765	7	1141	1141	0.000663757
765	8	257	257	5.53131e-05
765	9	3218	3218	0.000869751
765	10	21819	21819	0.000371933
765	11	6772	6772	0.000289917
765	12	13	13	0
765	13	50256	50256	0
766	5	23638	23638	0.000936508
766	6	373	373	0.000614166
766	7	3170	3170	0.000986099
766	8	329	329	0.000825882
766	9	262	262	0.000289917
766	10	872	872	0.000741959
766	11	33766	33766	0.000497818
766	12	5311	5311	0.000331879
766	13	3046	3046	0.00030899
766	14	84	84	0.00131798
766	15	13	13	0
766	16	50256	50256	0
767	5	8833	8833	0.00127983
767	6	287	287	0.000102997
767	7	262	262	3.8147e-05
767	8	1402	1402	0.00131989
767	9	45426	45426	0.000823975
767	10	13	13	0
767	11	50256	50256	0
768	5	281	281	0.000183105
768	6	21670	21670	0.000427246
768	7	28287	28287	0.000156403
768	8	389	389	8.01086e-05
768	9	9518	9518	0.000537872
768	10	5667	5667	0.000209808
768	11	13	13	2.28882e-05
768	12	50256	50256	0
769	5	8573	8573	0.000335693
769	6	286	286	6.67572e-05
769	7	48573	48573	0.000339508
769	8	6134	6134	0.00154495
769	9	13	13	3.8147e-06
769	10	50256	50256	0
770	5	16613	16613	0.00030899
770	6	1626	1626	0.000169754
770	7	262	262	0.000209808
770	8	1692	1692	0.000839233
770	9	7721	7721	0.000226974
770	10	13	13	0
770	11	50256	50256	0
771	5	24927	24927	0.000411987
771	6	399	399	7.62939e-05
771	7	2306	2306	0.000249863
771	8	35815	35815	0.000164032
771	9	287	287	2.67029e-05
771	10	22381	22381	0.00041008
771	11	39255	39255	7.05719e-05
771	12	1004	1004	0.000431061
771	13	6120	6120	0.000154495
771	14	4698	4698	0.000324249
771	15	262	262	3.24249e-05
771	16	32306	32306	0.000171661
771	17	13	13	3.8147e-06
771	18	50256	50256	0
772	5	1657	1657	0.00147629
772	6	26842	26842	0.00275803
772	7	618	618	0.000413895
772	8	340	340	0.00224113
772	9	14170	14170	0.00326729
772	10	257	257	0.00094986
772	11	1180	1180	0.00255775
772	12	13245	13245	0.0013752
772	13	2587	2587	0.000263214
772	14	379	379	0.000953674
772	15	281	281	0.000883102
772	16	9848	9848	0.00114059
772	17	13	13	3.8147e-06
772	18	50256	50256	0
773	5	351	351	8.58307e-05
773	6	663	663	0.000268936
773	7	16488	16488	0.000307083
773	8	37229	37229	0.000225067
773	9	2048	2048	5.53131e-05
773	10	656	656	4.76837e-05
773	11	262	262	9.53674e-06
773	12	6614	6614	0.000965118
773	13	286	286	0.00021553
773	14	663	663	0.000118256
773	15	13066	13066	0.000875473
773	16	13	13	4.00543e-05
773	17	50256	50256	0
774	5	286	286	3.05176e-05
774	6	14159	14159	0.00221443
774	7	287	287	6.29425e-05
774	8	262	262	0.000181198
774	9	18020	18020	0.000780106
774	10	6896	6896	0.000211716
774	11	13	13	3.8147e-06
774	12	50256	50256	0
775	5	3210	3210	0.0010891
775	6	4141	4141	0.000450134
775	7	12	12	0.00019455
775	8	2385	2385	0.00214005
775	9	863	863	0.000297546
775	10	6203	6203	0.000545502
775	11	468	468	0.00102234
775	12	15334	15334	0.000873566
775	13	12	12	0.000190735
775	14	11545	11545	0.000837326
775	15	4116	4116	0.000455856
775	16	13	13	0
775	17	50256	50256	0
776	5	318	318	0.00021553
776	6	262	262	0.00030899
776	7	640	640	0.00164032
776	8	2672	2672	0.00124359
776	9	329	329	0.000310898
776	10	2063	2063	0.00233078
776	11	286	286	0.00019455
776	12	257	257	0.000133514
776	13	1588	1588	0.000747681
776	14	3265	3265	0.000478745
776	15	286	286	0.000112534
776	16	10411	10411	0.000671387
776	17	21354	21354	0.000400543
776	18	17751	17751	0.000429153
776	19	72	72	0.000619888
776	20	284	284	0.000240326
776	21	22119	22119	0.000597
776	22	319	319	8.39233e-05
776	23	2811	2811	0.000207901
776	24	13	13	0
776	25	50256	50256	0
777	5	832	832	9.53674e-06
777	6	881	881	0.000183105
777	7	286	286	1.33514e-05
777	8	262	262	1.71661e-05
777	9	13009	13009	0.000188828
777	10	22329	22329	0.000282288
777	11	13	13	7.62939e-06
777	12	50256	50256	0
778	5	37546	37546	0.00100708
778	6	1767	1767	0.00115967
778	7	284	284	0.000392914
778	8	257	257	0.000169754
778	9	38427	38427	0.000350952
778	10	1767	1767	0.000331879
778	11	13	13	0
778	12	50256	50256	0
779	5	10017	10017	0.000259399
779	6	351	351	7.62939e-05
779	7	37414	37414	0.000553131
779	8	326	326	0.000125885
779	9	5419	5419	0.000465393
779	10	4180	4180	0.000469208
779	11	11192	11192	0.000242233
779	12	576	576	0.000379562
779	13	3386	3386	0.000553131
779	14	13	13	7.62939e-06
779	15	50256	50256	0
780	5	422	422	0.00101662
780	6	2587	2587	0.00122833
780	7	6427	6427	0.000989914
780	8	832	832	0.000141144
780	9	340	340	0.00108147
780	10	13	13	5.72205e-06
780	11	50256	50256	0
781	5	16882	16882	0.000665665
781	6	318	318	0.000101089
781	7	11172	11172	0.000450134
781	8	422	422	8.7738e-05
781	9	4376	4376	0.00131798
781	10	16649	16649	0.000143051
781	11	4291	4291	0.000371933
781	12	3348	3348	0.000352859
781	13	13	13	0
781	14	50256	50256	0
782	5	290	290	0.00015831
782	6	2962	2962	0.00123978
782	7	1657	1657	0.000492096
782	8	351	351	0.00102234
782	9	26929	26929	0.00181389
782	10	22353	22353	5.53131e-05
782	11	13	13	0
782	12	50256	50256	0
783	5	257	257	0.00021553
783	6	3992	3992	0.000675201
783	7	3188	3188	0.000623703
783	8	1262	1262	0.000219345
783	9	41485	41485	0.000253677
783	10	13	13	0
783	11	50256	50256	0
784	5	8850	8850	0.00216103
784	6	5931	5931	0.000555038
784	7	12737	12737	0.000806808
784	8	45075	45075	0.00155258
784	9	2472	2472	0.000431061
784	10	2347	2347	0.000432968
784	11	284	284	4.00543e-05
784	12	281	281	0.000150681
784	13	6275	6275	0.000667572
784	14	40874	40874	6.48499e-05
784	15	13	13	0
784	16	50256	50256	0
785	5	5563	5563	6.29425e-05
785	6	257	257	5.91278e-05
785	7	5405	5405	0.00084877
785	8	88	88	0.00115967
785	9	4417	4417	0.000961304
785	10	706	706	0.00084877
785	11	9645	9645	0.000610352
785	12	13	13	0
785	13	50256	50256	0
786	5	1103	1103	0.00161743
786	6	1271	1271	0.00144958
786	7	5260	5260	0.00261879
786	8	663	663	0.00012207
786	9	5253	5253	0.00135612
786	10	422	422	4.3869e-05
786	11	6632	6632	0.00140953
786	12	13	13	0
786	13	50256	50256	0
787	5	5679	5679	0.000185013
787	6	257	257	2.09808e-05
787	7	7002	7002	0.000247955
787	8	832	832	0.000146866
787	9	5783	5783	0.000152588
787	10	11	11	2.67029e-05
787	11	49893	49893	0.000371933
787	12	2870	2870	0.000171661
787	13	11	11	7.43866e-05
787	14	290	290	6.67572e-05
787	15	20494	20494	0.000108719
787	16	13	13	0
787	17	50256	50256	0
788	5	422	422	0.00043869
788	6	262	262	3.62396e-05
788	7	14707	14707	0.00181007
788	8	4755	4755	0.000637054
788	9	286	286	0.000152588
788	10	257	257	3.8147e-05
788	11	4858	4858	0.000591278
788	12	3491	3491	0.000986099
788	13	13	13	1.52588e-05
788	14	50256	50256	0
789	5	318	318	7.62939e-05
789	6	7685	7685	0.0010643
789	7	3194	3194	0.000589371
789	8	281	281	0.000278473
789	9	19318	19318	0.00140381
789	10	1015	1015	0.000457764
789	11	2029	2029	0.000574112
789	12	663	663	0.000110626
789	13	22655	22655	0.000778198
789	14	7078	7078	0.000211716
789	15	13	13	0
789	16	50256	50256	0
790	5	48862	48862	0.000862122
790	6	485	485	0.000265121
790	7	272	272	0.000480652
790	8	6614	6614	0.000724792
790	9	1239	1239	0.000295639
790	10	36177	36177	0.00025177
790	11	13	13	7.62939e-06
790	12	50256	50256	0
791	5	5822	5822	0.000801086
791	6	286	286	0.000114441
791	7	6156	6156	0.0021534
791	8	25942	25942	0.000679016
791	9	261	261	0.000293732
791	10	13	13	0
791	11	50256	50256	0
792	5	6203	6203	0.0012989
792	6	1262	1262	0.000844955
792	7	18018	18018	0.000406265
792	8	326	326	0.000688553
792	9	8181	8181	0.000265121
792	10	422	422	0.000183105
792	11	4025	4025	0.00214195
792	12	6493	6493	0.000242233
792	13	18018	18018	0.000429153
792	14	13	13	0
792	15	50256	50256	0
793	5	787	787	0.00012207
793	6	510	510	0.000680923
793	7	262	262	2.86102e-05
793	8	4318	4318	0.000356674
793	9	10927	10927	0.000146866
793	10	1080	1080	6.29425e-05
793	11	13	13	0
793	12	50256	50256	0
794	5	262	262	0.00337219
794	6	7446	7446	0.00115013
794	7	287	287	0.000349045
794	8	257	257	0.00132942
794	9	7226	7226	0.001297
794	10	5044	5044	0.00126839
794	11	2685	2685	0.00047493
794	12	13	13	3.05176e-05
794	13	50256	50256	0
795	5	3623	3623	0.00190926
795	6	2458	2458	0.00112724
795	7	656	656	0.000799179
795	8	257	257	6.48499e-05
795	9	8122	8122	0.00226784
795	10	13	13	0
795	11	50256	50256	0
796	5	45636	45636	4.57764e-05
796	6	15027	15027	0.000616074
796	7	318	318	5.14984e-05
796	8	284	284	0.000535965
796	9	25432	25432	0.00101662
796	10	5207	5207	0.000160217
796	11	656	656	0.000423431
796	12	257	257	0.000232697
796	13	1844	1844	0.00169754
796	14	4286	4286	0.000400543
796	15	393	393	0.000135422
796	16	5485	5485	0.000844955
796	17	13	13	0.000165939
796	18	50256	50256	0
797	5	625	625	2.67029e-05
797	6	281	281	0.00030899
797	7	1989	1989	0.000173569
797	8	13	13	0
797	9	50256	50256	0
798	5	318	318	2.67029e-05
798	6	783	783	0.000448227
798	7	1900	1900	0.000234604
798	8	355	355	3.43323e-05
798	9	25299	25299	0.00044632
798	10	13	13	1.90735e-06
798	11	50256	50256	0
799	5	7679	7679	0.000112534
799	6	42909	42909	0.000576019
799	7	881	881	0.000364304
799	8	286	286	5.72205e-06
799	9	262	262	1.71661e-05
799	10	3825	3825	0.000123978
799	11	338	338	0.000160217
799	12	13568	13568	0.000556946
799	13	49961	49961	0.000154495
799	14	11881	11881	8.96454e-05
799	15	13	13	0
799	16	50256	50256	0
800	5	307	307	0.000688553
800	6	9086	9086	0.000318527
800	7	656	656	0.00199318
800	8	2237	2237	0.000900269
800	9	1602	1602	0.000513077
800	10	14796	14796	0.000270844
800	11	44360	44360	0.000600815
800	12	13	13	0
800	13	50256	50256	0
801	5	287	287	6.86646e-05
801	6	2800	2800	0.00175667
801	7	351	351	4.57764e-05
801	8	262	262	0.000106812
801	9	2323	2323	0.00212479
801	10	13	13	1.71661e-05
801	11	50256	50256	0
802	5	1351	1351	0.000946045
802	6	318	318	0.000511169
802	7	663	663	0.000635147
802	8	3504	3504	0.00304031
802	9	1988	1988	0.00162697
802	10	393	393	0.000650406
802	11	262	262	0.000799179
802	12	1612	1612	0.00167274
802	13	286	286	0.000268936
802	14	663	663	0.000715256
802	15	734	734	0.000747681
802	16	3504	3504	0.00223923
802	17	3815	3815	0.000989914
802	18	13	13	0
802	19	50256	50256	0
803	5	49586	49586	0.000156403
803	6	422	422	6.67572e-05
803	7	257	257	0.000104904
803	8	781	781	0.000514984
803	9	7241	7241	0.000207901
803	10	7679	7679	8.2016e-05
803	11	1022	1022	0.000806808
803	12	6228	6228	0.000221252
803	13	15747	15747	0.000711441
803	14	13	13	0
803	15	50256	50256	0
804	5	12834	12834	0.000154495
804	6	8811	8811	0.000356674
804	7	925	925	0.00028038
804	8	422	422	0.000183105
804	9	6147	6147	0.000402451
804	10	477	477	0.00053215
804	11	19417	19417	0.000190735
804	12	13	13	0
804	13	50256	50256	0
805	5	402	402	0.000190735
805	6	724	724	0.000383377
805	7	1428	1428	0.000167847
805	8	284	284	6.48499e-05
805	9	406	406	0.000583649
805	10	359	359	0.000562668
805	11	541	541	0.000675201
805	12	315	315	0.000520706
805	13	287	287	5.53131e-05
805	14	402	402	0.00157166
805	15	724	724	0.000247955
805	16	1428	1428	0.000143051
805	17	338	338	0.000116348
805	18	48899	48899	0.000413895
805	19	13	13	0
805	20	50256	50256	0
806	5	4326	4326	0.000207901
806	6	329	329	0.000303268
806	7	2033	2033	0.00117302
806	8	286	286	4.57764e-05
806	9	9136	9136	0.000982285
806	10	13	13	0
806	11	50256	50256	0
807	5	3318	3318	8.7738e-05
807	6	1060	1060	0.000339508
807	7	276	276	0.000501633
807	8	4823	4823	0.000991821
807	9	1231	1231	0.000261307
807	10	16006	16006	0.000875473
807	11	13	13	0
807	12	50256	50256	0
808	5	832	832	0.000125885
808	6	257	257	7.43866e-05
808	7	1429	1429	0.000663757
808	8	1444	1444	0.000247955
808	9	1007	1007	0.000490189
808	10	10514	10514	7.82013e-05
808	11	13	13	0
808	12	50256	50256	0
809	5	318	318	0.000188828
809	6	5447	5447	0.00113106
809	7	284	284	5.72205e-05
809	8	307	307	0.000484467
809	9	530	530	0.000497818
809	10	13	13	1.90735e-06
809	11	50256	50256	0
810	5	19780	19780	0.000823975
810	6	5822	5822	0.000457764
810	7	318	318	0.000423431
810	8	7384	7384	0.000541687
810	9	290	290	1.33514e-05
810	10	645	645	0.00162125
810	11	2742	2742	0.000455856
810	12	1445	1445	0.000627518
810	13	460	460	0.000677109
810	14	4781	4781	0.00136566
810	15	262	262	5.14984e-05
810	16	1368	1368	0.000225067
810	17	13	13	0
810	18	50256	50256	0
811	5	4166	4166	0.000102997
811	6	257	257	5.91278e-05
811	7	1409	1409	0.000421524
811	8	540	540	0.000289917
811	9	12	12	0.000213623
811	10	28469	28469	0.000812531
811	11	12	12	0.000102997
811	12	4906	4906	0.000751495
811	13	13570	13570	0.000513077
811	14	1080	1080	0.000148773
811	15	287	287	9.15527e-05
811	16	5515	5515	0.000238419
811	17	20283	20283	0.000217438
811	18	12	12	0.000146866
811	19	14792	14792	0.000471115
811	20	2031	2031	0.000553131
811	21	13	13	0
811	22	50256	50256	0
812	5	503	503	0.000642776
812	6	416	416	0.000520706
812	7	2344	2344	0.000436783
812	8	11	11	7.24792e-05
812	9	19435	19435	0.00355721
812	10	11	11	0.000169754
812	11	10087	10087	0.00656891
812	12	11	11	0.000600815
812	13	393	393	0.00112343
812	14	584	584	0.0011692
812	15	4695	4695	0.000677109
812	16	13	13	0
812	17	50256	50256	0
813	5	290	290	1.90735e-06
813	6	423	423	0.000585556
813	7	511	511	0.00015831
813	8	898	898	0.000471115
813	9	14599	14599	0.000217438
813	10	44935	44935	0.000217438
813	11	8573	8573	0.000667572
813	12	13	13	0
813	13	50256	50256	0
814	5	1660	1660	0.000238419
814	6	338	338	0.000209808
814	7	23708	23708	0.00133705
814	8	1029	1029	0.000587463
814	9	24372	24372	0.000471115
814	10	966	966	0.000108719
814	11	3688	3688	0.000556946
814	12	351	351	0.000143051
814	13	2092	2092	0.000909805
814	14	12	12	0.000310898
814	15	13982	13982	0.000959396
814	16	17745	17745	0.00106049
814	17	13	13	2.47955e-05
814	18	50256	50256	0
815	5	3984	3984	0.000106812
815	6	5679	5679	0.000192642
815	7	10439	10439	0.000202179
815	8	286	286	9.53674e-06
815	9	262	262	1.90735e-05
815	10	9842	9842	0.000120163
815	11	437	437	0.000768661
815	12	544	544	0.000263214
815	13	1641	1641	0.00012207
815	14	13	13	0
815	15	50256	50256	0
816	5	8638	8638	0.000305176
816	6	2587	2587	8.2016e-05
816	7	422	422	0.000505447
816	8	530	530	0.00180435
816	9	4067	4067	0.00110245
816	10	284	284	5.72205e-06
816	11	1194	1194	0.000150681
816	12	13	13	9.53674e-06
816	13	50256	50256	0
817	5	9315	9315	0.000631332
817	6	6404	6404	0.000171661
817	7	859	859	0.00019455
817	8	389	389	0.000120163
817	9	10730	10730	0.000164032
817	10	13	13	0
817	11	50256	50256	0
818	5	3867	3867	0.000394821
818	6	1633	1633	0.000169754
818	7	13	13	0
818	8	50256	50256	0
819	5	1232	1232	0.000740051
819	6	2454	2454	0.000230789
819	7	1641	1641	0.000101089
819	8	2138	2138	0.000556946
819	9	621	621	8.39233e-05
819	10	262	262	1.52588e-05
819	11	5509	5509	0.00154305
819	12	6701	6701	0.00112534
819	13	1448	1448	0.000398636
819	14	13	13	1.33514e-05
819	15	50256	50256	0
820	5	2134	2134	0.0023632
820	6	319	319	0.000314713
820	7	1194	1194	0.000896454
820	8	468	468	0.00123787
820	9	281	281	0.000370026
820	10	4961	4961	0.00113297
820	11	290	290	0.000152588
820	12	6697	6697	0.00109482
820	13	5212	5212	0.00234604
820	14	2700	2700	0.000226974
820	15	13	13	1.90735e-06
820	16	50256	50256	0
821	5	318	318	0.000137329
821	6	1900	1900	0.000663757
821	7	329	329	0.000183105
821	8	44741	44741	0.00124741
821	9	11527	11527	0.000219345
821	10	21641	21641	0.00139236
821	11	13	13	0
821	12	50256	50256	0
822	5	2420	2420	0.000621796
822	6	2915	2915	0.000204086
822	7	287	287	7.05719e-05
822	8	543	543	0.00060463
822	9	14390	14390	0.00137901
822	10	1296	1296	0.000616074
822	11	4263	4263	0.000293732
822	12	393	393	9.53674e-05
822	13	7572	7572	0.00123787
822	14	13	13	3.8147e-06
822	15	50256	50256	0
823	5	1660	1660	0.000209808
823	6	832	832	0.000770569
823	7	511	511	0.000526428
823	8	308	308	0.0015564
823	9	2171	2171	0.000236511
823	10	13	13	1.90735e-06
823	11	50256	50256	0
824	5	5822	5822	0.00208092
824	6	290	290	4.57764e-05
824	7	257	257	0.000204086
824	8	10929	10929	0.00110435
824	9	1141	1141	0.000375748
824	10	257	257	8.7738e-05
824	11	2060	2060	0.0013504
824	12	19780	19780	0.00034523
824	13	1445	1445	0.000734329
824	14	13	13	0
824	15	50256	50256	0
825	5	416	416	0.000120163
825	6	38797	38797	0.000566483
825	7	278	278	0.000350952
825	8	17797	17797	0.000385284
825	9	44749	44749	0.000331879
825	10	351	351	0.000211716
825	11	257	257	0.000196457
825	12	15936	15936	0.000272751
825	13	3968	3968	6.86646e-05
825	14	13	13	9.53674e-06
825	15	50256	50256	0
826	5	1111	1111	0.00109673
826	6	21506	21506	0.000757217
826	7	290	290	2.28882e-05
826	8	25794	25794	0.00135422
826	9	13	13	5.72205e-06
826	10	50256	50256	0
827	5	393	393	0.000511169
827	6	27756	27756	0.00223732
827	7	351	351	0.000423431
827	8	257	257	0.000329971
827	9	2010	2010	0.0027256
827	10	5186	5186	0.00127411
827	11	3877	3877	0.000179291
827	12	13	13	0
827	13	50256	50256	0
828	5	2401	2401	0.000986099
828	6	2879	2879	0.000774384
828	7	900	900	0.000486374
828	8	11	11	0.000175476
828	9	1123	1123	0.000509262
828	10	886	886	0.00231361
828	11	286	286	0.000118256
828	12	257	257	0.000457764
828	13	17763	17763	0.0014801
828	14	2523	2523	0.000804901
828	15	257	257	0.00012207
828	16	1271	1271	0.00135803
828	17	422	422	0.000827789
828	18	6632	6632	0.00458717
828	19	832	832	0.000934601
828	20	2237	2237	0.000909805
828	21	13	13	1.90735e-06
828	22	50256	50256	0
829	5	496	496	0.00019455
829	6	6204	6204	0.000715256
829	7	1474	1474	0.000835419
829	8	1944	1944	0.000902176
829	9	12	12	0.000148773
829	10	820	820	0.0010128
829	11	25266	25266	0.000392914
829	12	13	13	0
829	13	50256	50256	0
830	5	262	262	1.90735e-05
830	6	45656	45656	0.000854492
830	7	286	286	2.09808e-05
830	8	1657	1657	0.000484467
830	9	11300	11300	0.000556946
830	10	1022	1022	0.00021553
830	11	12899	12899	0.000675201
830	12	27982	27982	0.000221252
830	13	13	13	7.62939e-06
830	14	50256	50256	0
831	5	36288	36288	0.00012207
831	6	423	423	9.53674e-05
831	7	42014	42014	0.000205994
831	8	307	307	0.000137329
831	9	4730	4730	0.0001297
831	10	13	13	1.90735e-06
831	11	50256	50256	0
832	5	21001	21001	0.000118256
832	6	5385	5385	0.000425339
832	7	5563	5563	0.000391006
832	8	287	287	0.000333786
832	9	4320	4320	0.000724792
832	10	2339	2339	0.000320435
832	11	14752	14752	0.000261307
832	12	13	13	0
832	13	50256	50256	0
833	5	12070	12070	8.7738e-05
833	6	35901	35901	0.000389099
833	7	12	12	0.000253677
833	8	16760	16760	0.00107765
833	9	8849	8849	0.00114632
833	10	656	656	0.000844955
833	11	21558	21558	0.000394821
833	12	284	284	0.000411987
833	13	3551	3551	0.000499725
833	14	269	269	0.000244141
833	15	1726	1726	0.000226974
833	16	6933	6933	2.28882e-05
833	17	13	13	0
833	18	50256	50256	0
834	5	4888	4888	0.000453949
834	6	416	416	4.19617e-05
834	7	3644	3644	0.000440598
834	8	4056	4056	4.00543e-05
834	9	13	13	0
834	10	50256	50256	0
835	5	2700	2700	0.000347137
835	6	832	832	0.000102997
835	7	1803	1803	0.000175476
835	8	44796	44796	0.000141144
835	9	8122	8122	0.000144958
835	10	13	13	1.90735e-06
835	11	50256	50256	0
836	5	3877	3877	0.000261307
836	6	11	11	0.000104904
836	7	981	981	0.00103569
836	8	1237	1237	0.000452042
836	9	684	684	0.00125694
836	10	3283	3283	0.000457764
836	11	3967	3967	0.001091
836	12	5186	5186	0.000354767
836	13	3877	3877	0.000816345
836	14	13	13	0
836	15	50256	50256	0
837	5	2524	2524	0.000204086
837	6	287	287	2.28882e-05
837	7	1944	1944	5.91278e-05
837	8	12	12	0.000289917
837	9	820	820	0.000181198
837	10	7648	7648	0.000139236
837	11	13	13	7.62939e-06
837	12	50256	50256	0
838	5	286	286	0.000169754
838	6	20422	20422	0.00361633
838	7	11	11	0.000473022
838	8	257	257	8.39233e-05
838	9	46909	46909	0.00284767
838	10	38656	38656	0.00062561
838	11	318	318	0.000228882
838	12	10090	10090	0.0018425
838	13	355	355	0.000415802
838	14	257	257	0.000179291
838	15	4898	4898	0.00216484
838	16	7972	7972	0.00078392
838	17	8875	8875	0.000738144
838	18	13	13	0
838	19	50256	50256	1.90735e-06
839	5	15061	15061	0.00227737
839	6	8811	8811	0.00129509
839	7	21126	21126	0.00353432
839	8	656	656	0.000192642
839	9	257	257	6.67572e-05
839	10	8234	8234	0.00235748
839	11	13	13	0
839	12	50256	50256	0
840	5	1660	1660	0.00066185
840	6	20199	20199	0.000566483
840	7	18190	18190	0.000408173
840	8	4291	4291	0.000150681
840	9	4771	4771	0.000442505
840	10	24770	24770	0.00154877
840	11	287	287	3.62396e-05
840	12	15114	15114	0.00173759
840	13	13	13	0
840	14	50256	50256	0
841	5	663	663	0.000240326
841	6	35988	35988	0.00239563
841	7	11904	11904	0.000318527
841	8	290	290	2.09808e-05
841	9	318	318	0.000518799
841	10	407	407	0.00226402
841	11	257	257	0.000383377
841	12	8701	8701	0.00062561
841	13	13	13	5.72205e-06
841	14	50256	50256	0
842	5	71	71	8.96454e-05
842	6	36417	36417	0.000680923
842	7	287	287	2.28882e-05
842	8	6156	6156	0.000234604
842	9	14937	14937	0.000602722
842	10	43372	43372	0.000379562
842	11	321	321	0.000244141
842	12	666	666	0.00044632
842	13	13399	13399	0.000204086
842	14	13	13	1.90735e-06
842	15	50256	50256	0
843	5	2081	2081	0.00147247
843	6	284	284	0.000120163
843	7	3991	3991	0.00653076
843	8	290	290	7.62939e-06
843	9	3991	3991	0.00207901
843	10	284	284	0.000274658
843	11	2081	2081	0.0056572
843	12	13	13	2.47955e-05
843	13	50256	50256	0
844	5	6268	6268	4.57764e-05
844	6	2173	2173	0.000812531
844	7	3812	3812	0.000545502
844	8	262	262	8.58307e-05
844	9	9197	9197	0.0013237
844	10	338	338	9.53674e-05
844	11	3641	3641	0.000818253
844	12	13	13	0
844	13	50256	50256	0
845	5	17467	17467	0.00030899
845	6	382	382	0.000461578
845	7	2722	2722	0.000185013
845	8	262	262	9.53674e-06
845	9	20715	20715	0.000389099
845	10	15895	15895	0.000209808
845	11	287	287	1.52588e-05
845	12	33818	33818	0.000307083
845	13	287	287	2.09808e-05
845	14	35145	35145	0.000188828
845	15	13	13	0
845	16	50256	50256	0
846	5	44543	44543	0.00218773
846	6	4144	4144	0.000844955
846	7	16083	16083	0.000507355
846	8	925	925	0.00022316
846	9	422	422	5.14984e-05
846	10	7545	7545	0.000383377
846	11	13	13	0
846	12	50256	50256	0
847	5	2033	2033	0.0020504
847	6	286	286	2.47955e-05
847	7	1660	1660	0.00223541
847	8	20199	20199	0.00151062
847	9	287	287	4.76837e-05
847	10	1633	1633	0.0014267
847	11	351	351	0.000688553
847	12	663	663	0.000980377
847	13	36275	36275	0.00152206
847	14	2033	2033	0.0004673
847	15	379	379	0.000597
847	16	262	262	0.000602722
847	17	976	976	0.00227928
847	18	5951	5951	0.000415802
847	19	13	13	5.53131e-05
847	20	50256	50256	0
848	5	976	976	0.001091
848	6	12234	12234	0.00109291
848	7	1988	1988	0.000709534
848	8	11	11	0.00114059
848	9	257	257	0.00025177
848	10	3074	3074	0.000440598
848	11	1444	1444	0.000112534
848	12	257	257	7.43866e-05
848	13	17661	17661	0.00183105
848	14	13	13	0
848	15	50256	50256	0
849	5	1205	1205	0.000267029
849	6	287	287	7.62939e-06
849	7	5055	5055	0.000303268
849	8	393	393	3.05176e-05
849	9	3105	3105	0.000205994
849	10	12	12	0.000259399
849	11	31462	31462	0.000432968
849	12	1660	1660	0.000108719
849	13	13	13	0
849	14	50256	50256	0
850	5	656	656	0.000125885
850	6	257	257	6.29425e-05
850	7	8122	8122	0.000394821
850	8	13	13	3.8147e-06
850	9	50256	50256	0
851	5	10384	10384	0.000751495
851	6	284	284	6.10352e-05
851	7	262	262	6.86646e-05
851	8	6156	6156	0.000810623
851	9	15433	15433	0.000394821
851	10	6959	6959	0.000152588
851	11	286	286	1.90735e-05
851	12	2011	2011	0.00125122
851	13	66	66	0.000875473
851	14	268	268	0.00130844
851	15	3609	3609	0.000324249
851	16	13	13	0
851	17	50256	50256	0
852	5	27602	27602	0.000471115
852	6	1084	1084	0.000238419
852	7	515	515	0.000350952
852	8	290	290	0.000125885
852	9	16577	16577	0.0019455
852	10	284	284	0.000110626
852	11	4439	4439	0.00117302
852	12	26868	26868	9.15527e-05
852	13	13	13	0
852	14	50256	50256	0
853	5	319	319	0.000133514
853	6	262	262	3.62396e-05
853	7	4013	4013	0.000143051
853	8	25986	25986	8.58307e-05
853	9	34603	34603	0.000139236
853	10	21891	21891	0.000139236
853	11	13	13	0
853	12	50256	50256	0
854	5	36140	36140	0.00135612
854	6	11	11	0.000160217
854	7	281	281	0.00094223
854	8	19318	19318	0.00156593
854	9	1015	1015	0.000602722
854	10	318	318	0.000576019
854	11	9086	9086	0.000469208
854	12	656	656	0.000516891
854	13	14104	14104	0.000827789
854	14	4961	4961	0.000307083
854	15	5026	5026	0.000780106
854	16	49644	49644	0.000631332
854	17	4831	4831	5.14984e-05
854	18	13	13	1.90735e-06
854	19	50256	50256	1.90735e-06
855	5	2081	2081	0.00213432
855	6	11135	11135	0.000833511
855	7	1043	1043	0.000997543
855	8	287	287	4.00543e-05
855	9	48573	48573	0.00162315
855	10	6134	6134	0.000339508
855	11	13	13	0
855	12	50256	50256	0
856	5	1371	1371	0.000234604
856	6	617	617	0.000411987
856	7	1321	1321	0.000270844
856	8	422	422	0.000133514
856	9	262	262	7.62939e-06
856	10	2656	2656	0.000797272
856	11	1366	1366	0.000650406
856	12	13	13	1.90735e-06
856	13	50256	50256	0
857	5	83	83	0.000156403
857	6	270	270	0.000171661
857	7	9620	9620	0.000173569
857	8	287	287	5.72205e-05
857	9	262	262	1.14441e-05
857	10	614	614	0.000400543
857	11	1315	1315	0.000108719
857	12	2481	2481	9.72748e-05
857	13	13	13	0
857	14	50256	50256	0
858	5	1011	1011	0.000179291
858	6	262	262	7.82013e-05
858	7	2910	2910	0.00115776
858	8	13840	13840	0.000366211
858	9	2622	2622	0.000442505
858	10	416	416	0.00015831
858	11	867	867	0.00103569
858	12	4693	4693	0.000431061
858	13	329	329	0.000244141
858	14	5935	5935	0.000411987
858	15	3227	3227	0.00041008
858	16	13	13	9.53674e-06
858	17	50256	50256	0
859	5	338	338	4.3869e-05
859	6	8137	8137	0.00203896
859	7	42909	42909	0.00126076
859	8	2266	2266	0.000431061
859	9	1657	1657	0.00115204
859	10	290	290	0.000127792
859	11	22625	22625	0.00115585
859	12	284	284	4.76837e-05
859	13	663	663	3.8147e-05
859	14	4171	4171	0.00133324
859	15	5585	5585	0.000146866
859	16	13	13	0
859	17	50256	50256	0
860	5	281	281	0.000411987
860	6	16295	16295	0.00212669
860	7	6140	6140	0.000509262
860	8	318	318	0.00028038
860	9	1444	1444	0.000450134
860	10	663	663	0.000289917
860	11	2962	2962	0.000656128
860	12	13	13	0
860	13	50256	50256	0
861	5	418	418	0.000141144
861	6	389	389	0.000146866
861	7	262	262	3.05176e-05
861	8	734	734	0.000810623
861	9	1402	1402	0.000665665
861	10	31093	31093	0.000320435
861	11	286	286	4.95911e-05
861	12	8706	8706	0.000837326
861	13	13	13	1.90735e-06
861	14	50256	50256	0
862	5	12622	12622	3.43323e-05
862	6	45738	45738	0.000205994
862	7	287	287	3.24249e-05
862	8	607	607	0.000162125
862	9	5337	5337	0.000297546
862	10	45738	45738	0.000141144
862	11	13	13	0
862	12	50256	50256	0
863	5	3395	3395	0.000394821
863	6	37670	37670	0.000183105
863	7	5958	5958	0.000917435
863	8	6140	6140	0.000461578
863	9	351	351	0.000452042
863	10	8547	8547	0.00053978
863	11	273	273	0.000217438
863	12	3409	3409	8.58307e-05
863	13	11400	11400	9.15527e-05
863	14	338	338	4.3869e-05
863	15	11359	11359	0.000185013
863	16	13389	13389	7.43866e-05
863	17	13	13	3.8147e-06
863	18	50256	50256	0
864	5	460	460	0.00101089
864	6	307	307	0.000989914
864	7	7042	7042	0.00171852
864	8	416	416	0.000349045
864	9	4375	4375	0.000734329
864	10	262	262	7.62939e-06
864	11	734	734	0.000154495
864	12	18148	18148	0.000833511
864	13	2846	2846	0.000261307
864	14	284	284	0.000255585
864	15	7330	7330	0.000356674
864	16	262	262	5.72205e-06
864	17	1306	1306	0.000268936
864	18	3381	3381	0.000226974
864	19	13	13	0
864	20	50256	50256	0
865	5	11880	11880	4.95911e-05
865	6	5419	5419	0.000114441
865	7	340	340	0.000839233
865	8	2834	2834	0.000732422
865	9	5667	5667	0.000240326
865	10	422	422	0.000356674
865	11	13737	13737	0.000322342
865	12	13	13	0
865	13	50256	50256	0
866	5	6903	6903	0.000322342
866	6	318	318	0.000112534
866	7	281	281	0.000549316
866	8	37287	37287	0.000333786
866	9	9814	9814	5.34058e-05
866	10	15763	15763	2.67029e-05
866	11	13	13	0
866	12	50256	50256	0
867	5	78	78	0.000545502
867	6	318	318	0.000591278
867	7	4888	4888	0.00138855
867	8	416	416	0.00021553
867	9	16256	16256	0.000650406
867	10	11	11	0.00031662
867	11	15336	15336	0.00415993
867	12	11	11	0.000135422
867	13	290	290	5.72205e-06
867	14	46070	46070	0.00114059
867	15	72	72	0.00130272
867	16	13	13	0
867	17	50256	50256	0
868	5	19435	19435	7.24792e-05
868	6	351	351	0.000125885
868	7	9518	9518	0.000507355
868	8	5667	5667	9.72748e-05
868	9	13	13	1.90735e-06
868	10	50256	50256	0
869	5	547	547	0.000425339
869	6	14212	14212	0.00022316
869	7	1748	1748	0.000137329
869	8	12	12	0.000492096
869	9	27219	27219	0.000940323
869	10	287	287	1.90735e-05
869	11	6156	6156	0.000679016
869	12	10315	10315	0.000652313
869	13	13	13	0
869	14	50256	50256	0
870	5	832	832	0.000646591
870	6	262	262	0.000339508
870	7	11963	11963	0.00103188
870	8	3356	3356	0.000919342
870	9	286	286	0.000102997
870	10	257	257	0.000274658
870	11	11711	11711	0.00111198
870	12	13	13	0
870	13	50256	50256	0
871	5	3170	3170	0.000520706
871	6	416	416	0.000597
871	7	262	262	0.000217438
871	8	3457	3457	0.00171471
871	9	292	292	0.000383377
871	10	287	287	0.00025177
871	11	262	262	2.86102e-05
871	12	843	843	0.000829697
871	13	274	274	0.000270844
871	14	21124	21124	0.000757217
871	15	13	13	1.90735e-06
871	16	50256	50256	0
872	5	1729	1729	0.00111389
872	6	4164	4164	0.000753403
872	7	18196	18196	0.000629425
872	8	5002	5002	7.62939e-05
872	9	326	326	0.00030899
872	10	318	318	0.000888824
872	11	8122	8122	0.00195312
872	12	379	379	0.00062561
872	13	8850	8850	0.00120354
872	14	2119	2119	0.000347137
872	15	5951	5951	0.000436783
872	16	13	13	0
872	17	50256	50256	0
873	5	286	286	1.52588e-05
873	6	28722	28722	0.000431061
873	7	287	287	1.71661e-05
873	8	257	257	0.000225067
873	9	5931	5931	0.000905991
873	10	6317	6317	0.000259399
873	11	13	13	0
873	12	50256	50256	0
874	5	10947	10947	0.000261307
874	6	4046	4046	0.000534058
874	7	422	422	6.86646e-05
874	8	7346	7346	0.000627518
874	9	27149	27149	5.91278e-05
874	10	13	13	0
874	11	50256	50256	0
875	5	973	973	6.10352e-05
875	6	329	329	0.00069809
875	7	35788	35788	0.000230789
875	8	4263	4263	8.39233e-05
875	9	13	13	0
875	10	50256	50256	0
876	5	27458	27458	0.00021553
876	6	12	12	0.000175476
876	7	11487	11487	0.00128555
876	8	1448	1448	0.000574112
876	9	1690	1690	0.00125504
876	10	423	423	0.001194
876	11	2092	2092	0.000865936
876	12	5931	5931	0.000728607
876	13	6608	6608	0.000312805
876	14	13	13	5.72205e-06
876	15	50256	50256	0
877	5	7306	7306	0.00129509
877	6	3623	3623	0.000976562
877	7	379	379	0.000501633
877	8	6937	6937	0.00182343
877	9	5951	5951	0.00225639
877	10	11	11	0.000255585
877	11	3833	3833	0.00245857
877	12	5732	5732	0.000654221
877	13	355	355	0.00101662
877	14	6115	6115	0.00257683
877	15	20638	20638	0.000101089
877	16	13	13	0
877	17	50256	50256	0
878	5	1588	1588	0.00113297
878	6	6903	6903	0.000671387
878	7	286	286	4.57764e-05
878	8	2258	2258	0.00132179
878	9	5478	5478	0.00116348
878	10	13	13	0
878	11	50256	50256	0
879	5	42909	42909	0.00113869
879	6	2568	2568	0.00131226
879	7	422	422	4.00543e-05
879	8	663	663	0.000230789
879	9	21334	21334	0.000980377
879	10	13	13	1.90735e-06
879	11	50256	50256	0
880	5	7714	7714	7.24792e-05
880	6	3170	3170	0.000198364
880	7	1231	1231	0.000463486
880	8	29871	29871	0.000169754
880	9	13	13	3.8147e-06
880	10	50256	50256	0
881	5	262	262	4.57764e-05
881	6	21189	21189	0.000570297
881	7	21226	21226	0.000205994
881	8	286	286	3.8147e-05
881	9	867	867	0.000734329
881	10	4903	4903	0.00012207
881	11	694	694	0.000131607
881	12	418	418	0.000257492
881	13	1037	1037	0.00111389
881	14	606	606	0.000631332
881	15	36331	36331	0.000663757
881	16	284	284	0.000104904
881	17	16649	16649	0.000362396
881	18	13	13	0
881	19	50256	50256	0
882	5	22421	22421	0.000509262
882	6	3025	3025	0.00114632
882	7	7531	7531	0.00147629
882	8	19998	19998	0.000898361
882	9	423	423	0.000425339
882	10	257	257	0.000301361
882	11	8064	8064	0.00169563
882	12	286	286	0.000152588
882	13	734	734	0.000423431
882	14	284	284	6.67572e-05
882	15	530	530	0.00119209
882	16	13	13	1.90735e-06
882	17	50256	50256	0
883	5	2010	2010	0.000486374
883	6	5186	5186	0.000265121
883	7	3877	3877	0.000370026
883	8	13	13	3.24249e-05
883	9	50256	50256	0
884	5	11	11	2.09808e-05
884	6	290	290	8.01086e-05
884	7	21813	21813	0.000480652
884	8	4166	4166	0.000127792
884	9	422	422	8.96454e-05
884	10	9133	9133	0.000314713
884	11	20328	20328	8.96454e-05
884	12	13	13	0
884	13	50256	50256	0
885	5	326	326	0.000196457
885	6	257	257	0.000371933
885	7	12649	12649	0.000562668
885	8	460	460	0.000574112
885	9	12260	12260	0.00106812
885	10	3264	3264	0.000408173
885	11	13	13	2.67029e-05
885	12	50256	50256	0
886	5	286	286	1.90735e-05
886	6	10529	10529	0.00041008
886	7	893	893	0.000318527
886	8	325	325	0.000234604
886	9	385	385	0.000516891
886	10	287	287	7.24792e-05
886	11	262	262	9.34601e-05
886	12	28032	28032	0.000350952
886	13	13	13	0
886	14	50256	50256	0
887	5	2431	2431	1.33514e-05
887	6	13	13	0
887	7	50256	50256	0
888	5	11	11	0.00120735
888	6	543	543	0.000284195
888	7	5419	5419	0.000188828
888	8	262	262	0.00019455
888	9	1767	1767	0.000631332
888	10	16274	16274	0.000421524
888	11	27997	27997	2.86102e-05
888	12	13	13	0
888	13	50256	50256	0
889	5	16704	16704	0.00047493
889	6	279	279	0.000253677
889	7	2150	2150	0.000406265
889	8	1387	1387	8.2016e-05
889	9	422	422	5.53131e-05
889	10	18577	18577	0.000574112
889	11	33694	33694	0.00012207
889	12	11904	11904	0.000173569
889	13	13	13	0
889	14	50256	50256	0
890	5	388	388	0.000463486
890	6	12007	12007	0.000297546
890	7	1278	1278	0.000154495
890	8	9189	9189	0.000179291
890	9	21592	21592	0.000162125
890	10	22830	22830	9.53674e-05
890	11	290	290	3.05176e-05
890	12	584	584	0.000793457
890	13	1171	1171	0.000740051
890	14	5444	5444	0.0001297
890	15	9928	9928	6.48499e-05
890	16	13	13	0
890	17	50256	50256	0
891	5	286	286	0.000133514
891	6	8031	8031	0.00110054
891	7	11	11	2.67029e-05
891	8	6296	6296	0.000759125
891	9	319	319	0.000253677
891	10	262	262	1.71661e-05
891	11	309	309	0.000507355
891	12	1856	1856	0.000303268
891	13	5866	5866	0.000234604
891	14	13	13	0
891	15	50256	50256	0
892	5	416	416	8.01086e-05
892	6	763	763	0.00189781
892	7	363	363	0.000518799
892	8	8306	8306	0.000593185
892	9	17797	17797	0.000371933
892	10	7545	7545	0.000419617
892	11	290	290	0.000249863
892	12	12273	12273	0.000669479
892	13	262	262	2.09808e-05
892	14	7186	7186	0.000640869
892	15	1090	1090	0.000127792
892	16	9310	9310	0.000144958
892	17	13	13	0
892	18	50256	50256	0
893	5	287	287	0.000104904
893	6	23217	23217	0.00047493
893	7	460	460	0.000261307
893	8	1037	1037	0.000808716
893	9	2270	2270	0.000520706
893	10	12586	12586	0.000778198
893	11	5475	5475	0.000205994
893	12	13	13	0
893	13	50256	50256	0
894	5	832	832	0.00115204
894	6	262	262	0.000114441
894	7	17661	17661	0.000938416
894	8	286	286	2.47955e-05
894	9	262	262	0.000135422
894	10	3942	3942	0.00122833
894	11	290	290	3.24249e-05
894	12	35769	35769	0.00168419
894	13	666	666	0.000185013
894	14	13375	13375	0.00109673
894	15	13	13	0
894	16	50256	50256	0
895	5	1115	1115	0.00144196
895	6	13043	13043	0.00191689
895	7	326	326	0.000236511
895	8	1296	1296	0.000328064
895	9	257	257	9.91821e-05
895	10	2060	2060	0.00166702
895	11	16257	16257	0.000499725
895	12	13	13	0
895	13	50256	50256	0
896	5	8208	8208	0.000740051
896	6	12	12	0.000204086
896	7	19412	19412	0.00172043
896	8	7475	7475	0.000213623
896	9	13	13	1.90735e-06
896	10	50256	50256	0
897	5	39880	39880	0.0025959
897	6	460	460	0.0016346
897	7	1205	1205	0.000894547
897	8	656	656	0.000259399
897	9	257	257	9.53674e-05
897	10	649	649	0.000665665
897	11	4618	4618	0.00120354
897	12	13	13	0
897	13	50256	50256	0
898	5	1350	1350	3.24249e-05
898	6	900	900	0.000312805
898	7	11597	11597	0.000261307
898	8	7218	7218	0.000154495
898	9	22596	22596	0.00019455
898	10	1871	1871	9.91821e-05
898	11	28818	28818	0.000267029
898	12	2127	2127	0.000484467
898	13	5348	5348	0.000486374
898	14	13	13	0
898	15	50256	50256	0
899	5	5838	5838	0.000125885
899	6	286	286	1.33514e-05
899	7	38330	38330	0.0001297
899	8	287	287	1.71661e-05
899	9	838	838	0.000169754
899	10	2791	2791	3.62396e-05
899	11	13	13	0
899	12	50256	50256	0
900	5	11	11	0.000135422
900	6	717	717	0.00482368
900	7	12	12	0.000520706
900	8	448	448	0.00211906
900	9	16834	16834	0.000146866
900	10	11	11	0.000148773
900	11	262	262	0.000377655
900	12	14555	14555	0.00191116
900	13	2087	2087	0.00079155
900	14	2378	2378	0.000535965
900	15	318	318	0.000564575
900	16	4615	4615	0.00082016
900	17	717	717	0.000722885
900	18	13	13	0
900	19	50256	50256	0
901	5	4180	4180	0.000391006
901	6	30121	30121	0.000116348
901	7	319	319	3.05176e-05
901	8	6163	6163	0.000627518
901	9	3354	3354	0.000267029
901	10	286	286	1.90735e-05
901	11	9664	9664	0.000555038
901	12	13	13	1.33514e-05
901	13	50256	50256	0
902	5	3688	3688	0.000528336
902	6	284	284	0.00022316
902	7	262	262	1.90735e-06
902	8	5485	5485	0.00133514
902	9	286	286	0.000148773
902	10	257	257	5.14984e-05
902	11	6297	6297	0.000370026
902	12	13	13	0
902	13	50256	50256	0
903	5	2318	2318	0.00107765
903	6	19972	19972	0.000915527
903	7	33174	33174	0.000528336
903	8	262	262	6.29425e-05
903	9	5366	5366	0.000835419
903	10	16825	16825	0.00111961
903	11	286	286	1.14441e-05
903	12	1194	1194	0.000556946
903	13	13	13	1.14441e-05
903	14	50256	50256	0
904	5	16122	16122	0.000835419
904	6	11732	11732	0.000144958
904	7	337	337	0.000135422
904	8	5847	5847	0.000272751
904	9	2977	2977	0.000320435
904	10	290	290	7.62939e-05
904	11	383	383	0.00136566
904	12	367	367	0.00075531
904	13	3316	3316	0.000682831
904	14	1891	1891	0.000453949
904	15	286	286	3.24249e-05
904	16	23382	23382	0.000333786
904	17	12	12	0.000114441
904	18	35	35	0.000997543
904	19	480	480	0.000402451
904	20	13	13	0
904	21	50256	50256	1.90735e-06
905	5	625	625	6.67572e-05
905	6	3090	3090	0.000337601
905	7	287	287	9.34601e-05
905	8	8850	8850	0.000160217
905	9	34768	34768	0.000349045
905	10	13	13	4.3869e-05
905	11	50256	50256	0
906	5	284	284	0.000116348
906	6	262	262	1.14441e-05
906	7	28761	28761	0.000396729
906	8	576	576	0.000434875
906	9	1448	1448	0.000835419
906	10	11	11	0.000253677
906	11	407	407	0.000852585
906	12	262	262	6.86646e-05
906	13	38255	38255	0.000637054
906	14	1547	1547	0.000320435
906	15	13	13	0
906	16	50256	50256	0
907	5	7861	7861	0.000516891
907	6	11	11	7.05719e-05
907	7	5387	5387	0.000423431
907	8	14580	14580	0.000675201
907	9	11	11	0.000392914
907	10	290	290	0.000242233
907	11	4596	4596	0.000728607
907	12	6900	6900	0.000789642
907	13	286	286	3.05176e-05
907	14	19606	19606	0.00105095
907	15	287	287	0.000131607
907	16	1660	1660	0.00168228
907	17	3102	3102	0.00378036
907	18	46916	46916	0.000570297
907	19	13	13	1.90735e-06
907	20	50256	50256	0
908	5	3881	3881	0.000295639
908	6	1296	1296	0.000320435
908	7	257	257	3.43323e-05
908	8	4417	4417	0.000354767
908	9	7679	7679	0.000156403
908	10	1444	1444	0.000360489
908	11	842	842	0.000825882
908	12	21446	21446	0.000415802
908	13	319	319	8.96454e-05
908	14	262	262	9.34601e-05
908	15	6869	6869	0.000610352
908	16	13	13	0
908	17	50256	50256	0
909	5	286	286	1.52588e-05
909	6	257	257	3.05176e-05
909	7	35991	35991	0.00201607
909	8	423	423	0.00119209
909	9	4961	4961	0.000652313
909	10	20428	20428	0.000844955
909	11	13	13	3.8147e-06
909	12	50256	50256	0
910	5	10349	10349	0.000576019
910	6	618	618	0.000185013
910	7	663	663	0.000494003
910	8	5002	5002	0.00030899
910	9	48813	48813	0.000234604
910	10	422	422	3.62396e-05
910	11	13181	13181	0.000282288
910	12	1459	1459	0.000286102
910	13	13	13	9.53674e-06
910	14	50256	50256	0
911	5	3623	3623	0.00117493
911	6	25037	25037	0.000875473
911	7	13640	13640	0.000465393
911	8	355	355	4.00543e-05
911	9	44030	44030	0.00155258
911	10	3881	3881	0.000617981
911	11	4735	4735	0.00120926
911	12	6945	6945	0.000144958
911	13	13	13	0
911	14	50256	50256	0
912	5	12269	12269	0.000259399
912	6	11	11	2.09808e-05
912	7	1660	1660	0.000469208
912	8	11	11	8.7738e-05
912	9	290	290	2.09808e-05
912	10	38084	38084	0.000589371
912	11	14093	14093	0.00012207
912	12	1818	1818	7.82013e-05
912	13	13	13	0
912	14	50256	50256	0
913	5	689	689	0.000350952
913	6	9664	9664	0.00107574
913	7	351	351	0.00097084
913	8	28096	28096	0.00165176
913	9	925	925	0.000469208
913	10	1262	1262	0.000585556
913	11	257	257	0.000305176
913	12	17598	17598	0.00246048
913	13	290	290	0.000341415
913	14	4704	4704	0.00208473
913	15	13	13	0
913	16	50256	50256	0
914	5	2057	2057	4.3869e-05
914	6	422	422	0.000406265
914	7	1660	1660	0.000846863
914	8	351	351	0.000246048
914	9	13375	13375	0.00131035
914	10	287	287	1.71661e-05
914	11	511	511	0.000852585
914	12	28552	28552	0.000715256
914	13	13	13	0
914	14	50256	50256	0
915	5	262	262	1.90735e-06
915	6	3463	3463	0.000780106
915	7	286	286	4.57764e-05
915	8	262	262	0.00108528
915	9	11711	11711	0.000770569
915	10	20085	20085	0.000371933
915	11	416	416	0.000379562
915	12	281	281	0.000473022
915	13	2134	2134	0.000572205
915	14	13	13	1.14441e-05
915	15	50256	50256	0
916	5	262	262	0.000165939
916	6	12108	12108	0.000400543
916	7	286	286	1.33514e-05
916	8	17837	17837	0.00111961
916	9	11	11	0.00062561
916	10	318	318	0.000492096
916	11	17837	17837	0.00211716
916	12	338	338	0.000169754
916	13	3139	3139	0.0031929
916	14	13	13	0
916	15	50256	50256	0
917	5	37270	37270	0.00044632
917	6	11	11	1.52588e-05
917	7	30872	30872	0.00105667
917	8	11	11	7.62939e-06
917	9	290	290	0.000125885
917	10	21506	21506	0.00127411
917	11	13	13	0
917	12	50256	50256	0
918	5	3668	3668	0.00124931
918	6	8318	8318	0.000909805
918	7	832	832	9.72748e-05
918	8	16468	16468	0.000858307
918	9	1364	1364	3.24249e-05
918	10	416	416	0.000270844
918	11	401	401	0.000518799
918	12	1039	1039	0.000183105
918	13	13	13	3.8147e-06
918	14	50256	50256	0
919	5	44741	44741	0.00128174
919	6	17757	17757	0.00012207
919	7	319	319	1.71661e-05
919	8	4849	4849	0.00069046
919	9	47967	47967	0.000160217
919	10	28847	28847	0.000156403
919	11	287	287	7.43866e-05
919	12	4492	4492	0.000268936
919	13	13	13	0
919	14	50256	50256	0
920	5	350	350	0.000850677
920	6	9160	9160	0.00041008
920	7	373	373	0.000234604
920	8	3170	3170	0.000286102
920	9	355	355	0.000268936
920	10	257	257	0.00015831
920	11	8966	8966	0.000526428
920	12	10580	10580	6.86646e-05
920	13	13	13	0
920	14	50256	50256	0
921	5	257	257	3.05176e-05
921	6	5252	5252	0.000246048
921	7	33413	33413	0.000150681
921	8	8902	8902	0.00012207
921	9	351	351	0.000116348
921	10	281	281	1.90735e-05
921	11	18762	18762	0.000196457
921	12	2890	2890	0.000104904
921	13	5797	5797	4.3869e-05
921	14	13	13	0
921	15	50256	50256	0
922	5	1811	1811	0.000202179
922	6	6300	6300	0.000358582
922	7	286	286	1.52588e-05
922	8	262	262	0.000289917
922	9	2939	2939	0.000471115
922	10	1444	1444	6.67572e-05
922	11	383	383	0.000457764
922	12	36306	36306	0.000135422
922	13	13	13	1.90735e-06
922	14	50256	50256	0
923	5	460	460	5.72205e-05
923	6	2620	2620	0.000253677
923	7	257	257	0.000108719
923	8	2700	2700	0.000415802
923	9	338	338	0.000125885
923	10	6225	6225	0.000417709
923	11	1245	1245	0.000282288
923	12	13	13	0
923	13	50256	50256	0
924	5	286	286	4.57764e-05
924	6	262	262	5.34058e-05
924	7	3624	3624	0.000619888
924	8	14705	14705	0.000757217
924	9	287	287	1.14441e-05
924	10	674	674	0.00044632
924	11	6591	6591	0.000146866
924	12	1080	1080	0.000514984
924	13	13	13	0
924	14	50256	50256	0
925	5	42742	42742	7.24792e-05
925	6	656	656	6.48499e-05
925	7	734	734	5.91278e-05
925	8	4957	4957	0.000350952
925	9	17751	17751	0.000307083
925	10	72	72	0.000886917
925	11	13	13	7.62939e-06
925	12	50256	50256	0
926	5	257	257	0.000352859
926	6	41236	41236	0.00160789
926	7	338	338	0.000238419
926	8	4417	4417	0.00161171
926	9	389	389	0.00069046
926	10	7009	7009	0.00121689
926	11	1981	1981	0.000118256
926	12	15921	15921	0.000148773
926	13	13	13	0
926	14	50256	50256	0
927	5	286	286	1.52588e-05
927	6	262	262	2.67029e-05
927	7	39046	39046	0.00104523
927	8	973	973	0.00028801
927	9	416	416	0.000537872
927	10	867	867	0.000917435
927	11	5044	5044	0.000900269
927	12	4778	4778	0.000907898
927	13	13	13	1.52588e-05
927	14	50256	50256	0
928	5	5496	5496	8.2016e-05
928	6	326	326	6.29425e-05
928	7	460	460	0.000131607
928	8	2291	2291	0.000478745
928	9	6134	6134	0.000284195
928	10	11	11	0.00041008
928	11	5916	5916	0.00279427
928	12	11	11	0.000150681
928	13	290	290	0.000486374
928	14	23426	23426	0.001194
928	15	13	13	0
928	16	50256	50256	0
929	5	287	287	8.58307e-05
929	6	40941	40941	0.000675201
929	7	15190	15190	0.000156403
929	8	290	290	9.53674e-05
929	9	24768	24768	0.000547409
929	10	13	13	0
929	11	50256	50256	0
930	5	2081	2081	0.00111961
930	6	691	691	0.00143433
930	7	618	618	0.000185013
930	8	1111	1111	0.00235748
930	9	286	286	0.000120163
930	10	663	663	0.000331879
930	11	17311	17311	0.00346947
930	12	389	389	0.000667572
930	13	2081	2081	0.00271797
930	14	13	13	0
930	15	50256	50256	0
931	5	3597	3597	0.000442505
931	6	1080	1080	0.000402451
931	7	973	973	0.000764847
931	8	329	329	0.000917435
931	9	6983	6983	0.00104904
931	10	13	13	3.8147e-06
931	11	50256	50256	0
932	5	262	262	2.28882e-05
932	6	976	976	0.000301361
932	7	6115	6115	0.000217438
932	8	355	355	8.01086e-05
932	9	530	530	0.000293732
932	10	27216	27216	0.000535965
932	11	1247	1247	0.00012207
932	12	16912	16912	0.000371933
932	13	13	13	5.72205e-06
932	14	50256	50256	0
933	5	416	416	0.000549316
933	6	530	530	0.00251579
933	7	5667	5667	0.000257492
933	8	326	326	0.000175476
933	9	1271	1271	0.0012722
933	10	21588	21588	0.000621796
933	11	13	13	1.90735e-06
933	12	50256	50256	0
934	5	17825	17825	0.000156403
934	6	287	287	1.90735e-05
934	7	294	294	8.39233e-05
934	8	6037	6037	1.52588e-05
934	9	13	13	0
934	10	50256	50256	0
935	5	3878	3878	0.0023632
935	6	17084	17084	0.00206184
935	7	318	318	0.00019455
935	8	257	257	1.90735e-05
935	9	4898	4898	0.00105667
935	10	9967	9967	0.000242233
935	11	3601	3601	0.00075531
935	12	11	11	0.00120163
935	13	407	407	0.00495529
935	14	281	281	0.00177956
935	15	3056	3056	0.00214767
935	16	12036	12036	0.00467873
935	17	13	13	3.05176e-05
935	18	50256	50256	0
936	5	416	416	0.000310898
936	6	14583	14583	0.000534058
936	7	257	257	0.000144958
936	8	6314	6314	0.000799179
936	9	379	379	0.000427246
936	10	511	511	0.000120163
936	11	27390	27390	0.00130081
936	12	16649	16649	0.000320435
936	13	13	13	9.53674e-06
936	14	50256	50256	0
937	5	11	11	1.90735e-05
937	6	1444	1444	0.00278282
937	7	262	262	0.000137329
937	8	1162	1162	0.00447273
937	9	4450	4450	0.00120163
937	10	11	11	0.000144958
937	11	318	318	0.00066185
937	12	37546	37546	0.0014801
937	13	621	621	0.000667572
937	14	663	663	0.000118256
937	15	7424	7424	0.00238419
937	16	4417	4417	0.000553131
937	17	13	13	0
937	18	50256	50256	0
938	5	281	281	5.91278e-05
938	6	2134	2134	0.000921249
938	7	338	338	0.000286102
938	8	15432	15432	0.00191307
938	9	2458	2458	0.000522614
938	10	351	351	0.000249863
938	11	640	640	0.00157928
938	12	13	13	1.90735e-06
938	13	50256	50256	0
939	5	37008	37008	0.000699997
939	6	379	379	0.000263214
939	7	5043	5043	0.0017643
939	8	286	286	1.90735e-05
939	9	2910	2910	0.00113869
939	10	8837	8837	0.000429153
939	11	5095	5095	9.91821e-05
939	12	13	13	0
939	13	50256	50256	0
940	5	286	286	6.48499e-05
940	6	987	987	0.000972748
940	7	48331	48331	0.000417709
940	8	4847	4847	0.000658035
940	9	351	351	0.000402451
940	10	257	257	0.000135422
940	11	3867	3867	0.000553131
940	12	28982	28982	0.000289917
940	13	13	13	3.8147e-06
940	14	50256	50256	0
941	5	257	257	1.90735e-06
941	6	22746	22746	0.000108719
941	7	656	656	4.3869e-05
941	8	42713	42713	0.000211716
941	9	13	13	0
941	10	50256	50256	0
942	5	257	257	0.000225067
942	6	1729	1729	0.000747681
942	7	22570	22570	0.000333786
942	8	1271	1271	0.000188828
942	9	3607	3607	0.00222015
942	10	6632	6632	0.000375748
942	11	13	13	1.90735e-06
942	12	50256	50256	0
943	5	1588	1588	0.000387192
943	6	24969	24969	0.000850677
943	7	602	602	0.000686646
943	8	618	618	0.000106812
943	9	257	257	0.000175476
943	10	1080	1080	0.000249863
943	11	318	318	0.000131607
943	12	7986	7986	0.0022068
943	13	1474	1474	0.000797272
943	14	257	257	0.000425339
943	15	3288	3288	0.00138474
943	16	8373	8373	0.000762939
943	17	13	13	0
943	18	50256	50256	0
944	5	2278	2278	0.00160408
944	6	618	618	0.000116348
944	7	257	257	0.000333786
944	8	636	636	0.000921249
944	9	318	318	0.000192642
944	10	10574	10574	0.000934601
944	11	13	13	0
944	12	50256	50256	0
945	5	11	11	4.19617e-05
945	6	47394	47394	0.000358582
945	7	507	507	0.000247955
945	8	389	389	0.000190735
945	9	610	610	0.000711441
945	10	620	620	9.53674e-05
945	11	77	77	9.72748e-05
945	12	2340	2340	0.000322342
945	13	2138	2138	0.000406265
945	14	621	621	2.47955e-05
945	15	19435	19435	0.00100708
945	16	13	13	0
945	17	50256	50256	0
946	5	5101	5101	0.000312805
946	6	290	290	0.000131607
946	7	734	734	0.000740051
946	8	2392	2392	0.000600815
946	9	13017	13017	0.000835419
946	10	41192	41192	0.000125885
946	11	13	13	0
946	12	50256	50256	0
947	5	5389	5389	0.00101471
947	6	290	290	4.00543e-05
947	7	1440	1440	0.00296211
947	8	826	826	0.00139999
947	9	18333	18333	0.000221252
947	10	13	13	1.90735e-06
947	11	50256	50256	0
948	5	4778	4778	0.000261307
948	6	7685	7685	0.00272179
948	7	3994	3994	0.00133324
948	8	6337	6337	0.000234604
948	9	42742	42742	0.000162125
948	10	13	13	0
948	11	50256	50256	0
949	5	286	286	6.10352e-05
949	6	1402	1402	0.0004673
949	7	19468	19468	0.000663757
949	8	5028	5028	0.000305176
949	9	16083	16083	0.000530243
949	10	925	925	0.000175476
949	11	422	422	4.00543e-05
949	12	5026	5026	0.000631332
949	13	47196	47196	0.000299454
949	14	13	13	0
949	15	50256	50256	0
950	5	11	11	0.00015831
950	6	530	530	0.00087738
950	7	256	256	0.00211143
950	8	478	478	0.000478745
950	9	9229	9229	0.000301361
950	10	7480	7480	0.00031662
950	11	1715	1715	0.000164032
950	12	2412	2412	0.000148773
950	13	11061	11061	0.00021553
950	14	1194	1194	0.000394821
950	15	13	13	0
950	16	50256	50256	0
951	5	13017	13017	0.000141144
951	6	6958	6958	0.000619888
951	7	1626	1626	0.000297546
951	8	281	281	0.000202179
951	9	13187	13187	0.00114822
951	10	13	13	0
951	11	50256	50256	0
952	5	262	262	5.14984e-05
952	6	1767	1767	0.000968933
952	7	338	338	0.000226974
952	8	10900	10900	0.00047493
952	9	18370	18370	3.62396e-05
952	10	13	13	0
952	11	50256	50256	0
953	5	10816	10816	0.000598907
953	6	34537	34537	0.000148773
953	7	1900	1900	0.000181198
953	8	329	329	9.34601e-05
953	9	1588	1588	0.000310898
953	10	4636	4636	0.000612259
953	11	874	874	0.000827789
953	12	13	13	1.90735e-06
953	13	50256	50256	0
954	5	3994	3994	7.05719e-05
954	6	5348	5348	0.000671387
954	7	286	286	2.47955e-05
954	8	9838	9838	0.00075531
954	9	5773	5773	0.000360489
954	10	290	290	5.91278e-05
954	11	300	300	0.00146294
954	12	12009	12009	0.000797272
954	13	7408	7408	0.000246048
954	14	11492	11492	0.000185013
954	15	13	13	0
954	16	50256	50256	0
955	5	48573	48573	0.000453949
955	6	4618	4618	0.00157547
955	7	338	338	0.000204086
955	8	19643	19643	0.00204468
955	9	2261	2261	0.00209999
955	10	460	460	0.00012207
955	11	1205	1205	0.000738144
955	12	656	656	0.000143051
955	13	257	257	0.000106812
955	14	9403	9403	0.00279808
955	15	13	13	0
955	16	50256	50256	0
956	5	1663	1663	0.000894547
956	6	287	287	0.000127792
956	7	17475	17475	0.000659943
956	8	12493	12493	0.000175476
956	9	12824	12824	0.000150681
956	10	416	416	0.000125885
956	11	8268	8268	0.000822067
956	12	1660	1660	0.000484467
956	13	13	13	9.53674e-06
956	14	50256	50256	0
957	5	12	12	0.00140381
957	6	46155	46155	0.00364494
957	7	1296	1296	0.000703812
957	8	286	286	0.000177383
957	9	7729	7729	0.00206566
957	10	3194	3194	0.00208664
957	11	287	287	0.00102043
957	12	257	257	5.53131e-05
957	13	8300	8300	0.00050354
957	14	3303	3303	0.00063324
957	15	13	13	0
957	16	50256	50256	0
958	5	905	905	3.62396e-05
958	6	281	281	4.19617e-05
958	7	21388	21388	0.000183105
958	8	18032	18032	5.53131e-05
958	9	12	12	5.14984e-05
958	10	489	489	0.000328064
958	11	1523	1523	0.0001297
958	12	2776	2776	0.000398636
958	13	287	287	1.14441e-05
958	14	3594	3594	0.000762939
958	15	13	13	0
958	16	50256	50256	0
959	5	11	11	0.00019455
959	6	290	290	0.00102425
959	7	1395	1395	0.000867844
959	8	12	12	0.000814438
959	9	20477	20477	0.000614166
959	10	5594	5594	0.001194
959	11	284	284	0.000219345
959	12	262	262	9.53674e-05
959	13	976	976	0.000730515
959	14	31094	31094	0.00130272
959	15	10958	10958	0.000629425
959	16	13	13	0
959	17	50256	50256	0
960	5	14795	14795	3.8147e-05
960	6	3754	3754	0.000205994
960	7	11694	11694	0.000110626
960	8	36103	36103	7.05719e-05
960	9	4178	4178	6.48499e-05
960	10	287	287	9.53674e-06
960	11	9225	9225	0.000118256
960	12	18671	18671	3.62396e-05
960	13	13	13	0
960	14	50256	50256	0
961	5	257	257	8.96454e-05
961	6	1486	1486	0.00170326
961	7	416	416	0.000175476
961	8	5086	5086	0.00104332
961	9	2587	2587	0.000211716
961	10	284	284	0.000177383
961	11	1208	1208	0.00198364
961	12	832	832	0.000101089
961	13	6163	6163	0.00216484
961	14	28431	28431	0.00107765
961	15	13	13	0
961	16	50256	50256	0
962	5	257	257	9.53674e-06
962	6	9314	9314	0.000329971
962	7	11	11	5.72205e-06
962	8	6149	6149	0.000377655
962	9	4269	4269	0.000104904
962	10	286	286	3.8147e-06
962	11	9881	9881	0.00111771
962	12	13	13	0
962	13	50256	50256	0
963	5	22532	22532	0.000204086
963	6	7475	7475	0.000141144
963	7	287	287	3.24249e-05
963	8	281	281	9.53674e-05
963	9	3594	3594	0.000289917
963	10	36246	36246	0.000379562
963	11	13	13	0
963	12	50256	50256	1.90735e-06
964	5	734	734	0.000547409
964	6	8950	8950	0.000444412
964	7	13	13	0
964	8	50256	50256	0
965	5	867	867	0.000328064
965	6	5667	5667	0.00060463
965	7	511	511	0.000114441
965	8	16704	16704	0.00118065
965	9	4077	4077	0.000543594
965	10	3124	3124	0.00069809
965	11	13	13	1.90735e-06
965	12	50256	50256	0
966	5	284	284	5.72205e-06
966	6	11945	11945	0.000392914
966	7	287	287	0.000814438
966	8	262	262	2.47955e-05
966	9	1692	1692	0.00115776
966	10	1767	1767	0.00158501
966	11	13	13	0
966	12	50256	50256	0
967	5	5419	5419	0.000450134
967	6	3608	3608	0.000782013
967	7	262	262	0.000181198
967	8	1692	1692	0.00124741
967	9	1767	1767	0.000684738
967	10	13	13	0
967	11	50256	50256	0
968	5	663	663	1.90735e-06
968	6	20884	20884	0.000183105
968	7	966	966	4.95911e-05
968	8	13	13	5.72205e-06
968	9	50256	50256	0
969	5	9368	9368	0.00148392
969	6	5374	5374	0.000621796
969	7	83	83	0.000392914
969	8	270	270	0.000108719
969	9	9620	9620	0.0001297
969	10	6204	6204	0.000597
969	11	319	319	0.000896454
969	12	281	281	0.000146866
969	13	7022	7022	0.000764847
969	14	287	287	0.000619888
969	15	6233	6233	0.000844955
969	16	3567	3567	0.000486374
969	17	66	66	0.000473022
969	18	25634	25634	0.000240326
969	19	13	13	0
969	20	50256	50256	0
970	5	511	511	0.000120163
970	6	30514	30514	0.000957489
970	7	284	284	2.67029e-05
970	8	6654	6654	0.000534058
970	9	23311	23311	0.000333786
970	10	13	13	0
970	11	50256	50256	0
971	5	13055	13055	9.53674e-05
971	6	262	262	2.09808e-05
971	7	18560	18560	0.00118256
971	8	1900	1900	0.000173569
971	9	355	355	2.47955e-05
971	10	262	262	9.53674e-06
971	11	2892	2892	0.000597
971	12	64	64	0.000253677
971	13	15378	15378	5.72205e-05
971	14	13	13	3.8147e-06
971	15	50256	50256	0
972	5	262	262	7.43866e-05
972	6	7475	7475	0.00097084
972	7	286	286	0.000118256
972	8	257	257	0.000110626
972	9	1573	1573	0.00153732
972	10	393	393	0.00022316
972	11	9546	9546	0.000944138
972	12	284	284	0.000137329
972	13	1296	1296	0.000246048
972	14	1194	1194	0.00138855
972	15	13888	13888	0.00205421
972	16	13	13	0
972	17	50256	50256	0
973	5	4886	4886	0.00126266
973	6	23221	23221	0.000598907
973	7	2458	2458	0.0004673
973	8	284	284	5.53131e-05
973	9	257	257	0.000112534
973	10	2512	2512	0.000494003
973	11	286	286	3.43323e-05
973	12	1366	1366	0.000619888
973	13	13	13	1.90735e-06
973	14	50256	50256	0
974	5	16577	16577	0.00136566
974	6	336	336	0.000635147
974	7	328	328	0.00172424
974	8	5356	5356	0.000631332
974	9	34262	34262	0.000394821
974	10	422	422	0.000152588
974	11	257	257	8.01086e-05
974	12	4693	4693	0.000679016
974	13	286	286	5.53131e-05
974	14	6763	6763	0.000822067
974	15	9042	9042	6.29425e-05
974	16	13	13	3.8147e-06
974	17	50256	50256	0
975	5	2344	2344	0.000385284
975	6	18190	18190	0.000396729
975	7	22425	22425	0.00022316
975	8	6450	6450	0.000440598
975	9	13	13	0
975	10	50256	50256	0
976	5	20838	20838	0.000455856
976	6	11	11	6.10352e-05
976	7	16397	16397	0.00111198
976	8	11	11	3.43323e-05
976	9	290	290	0.000106812
976	10	449	449	0.000961304
976	11	391	391	0.000347137
976	12	28814	28814	0.000131607
976	13	13	13	3.8147e-06
976	14	50256	50256	0
977	5	290	290	5.53131e-05
977	6	39381	39381	0.000541687
977	7	11061	11061	8.01086e-05
977	8	3668	3668	0.000259399
977	9	338	338	4.76837e-05
977	10	4417	4417	0.000555038
977	11	13	13	7.62939e-06
977	12	50256	50256	0
978	5	2128	2128	0.00142288
978	6	618	618	0.000125885
978	7	1633	1633	0.000871658
978	8	318	318	0.000299454
978	9	7924	7924	0.00106621
978	10	1973	1973	0.000225067
978	11	262	262	7.24792e-05
978	12	5743	5743	0.00138855
978	13	286	286	0.000177383
978	14	663	663	0.000831604
978	15	5422	5422	0.00217056
978	16	7604	7604	0.000905991
978	17	13	13	0
978	18	50256	50256	0
979	5	21558	21558	0.00028038
979	6	416	416	0.000358582
979	7	9645	9645	0.000597
979	8	340	340	0.000148773
979	9	287	287	0.000480652
979	10	257	257	6.48499e-05
979	11	8769	8769	0.000629425
979	12	77	77	0.000343323
979	13	13	13	0
979	14	50256	50256	0
980	5	1146	1146	0.000301361
980	6	5047	5047	0.000608444
980	7	13166	13166	0.000793457
980	8	23537	23537	0.000963211
980	9	422	422	0.000143051
980	10	262	262	4.3869e-05
980	11	3825	3825	0.00102425
980	12	13	13	0
980	13	50256	50256	0
981	5	286	286	0.000114441
981	6	17322	17322	0.00126839
981	7	11	11	0.00028801
981	8	7363	7363	0.00240135
981	9	319	319	0.000478745
981	10	262	262	0.000131607
981	11	6035	6035	0.00218201
981	12	3266	3266	0.00168419
981	13	5866	5866	0.000930786
981	14	13	13	2.47955e-05
981	15	50256	50256	0
982	5	373	373	9.53674e-05
982	6	925	925	0.000354767
982	7	329	329	0.000226974
982	8	262	262	0.000139236
982	9	22234	22234	0.000257492
982	10	3716	3716	9.15527e-05
982	11	286	286	4.57764e-05
982	12	31482	31482	0.000389099
982	13	16380	16380	3.62396e-05
982	14	31663	31663	3.62396e-05
982	15	13	13	0
982	16	50256	50256	0
983	5	393	393	9.53674e-06
983	6	9421	9421	0.000841141
983	7	1063	1063	3.62396e-05
983	8	13	13	1.90735e-06
983	9	50256	50256	0
984	5	2134	2134	0.000272751
984	6	338	338	0.000665665
984	7	6268	6268	0.00145149
984	8	3585	3585	0.000198364
984	9	284	284	0.000192642
984	10	262	262	0.000257492
984	11	7346	7346	0.000818253
984	12	1633	1633	0.000482559
984	13	13	13	5.14984e-05
984	14	50256	50256	0
985	5	1123	1123	0.000289917
985	6	5752	5752	0.00140762
985	7	11	11	8.96454e-05
985	8	5721	5721	0.00191116
985	9	11	11	0.000143051
985	10	290	290	0.000257492
985	11	1115	1115	0.000785828
985	12	12	12	0.000371933
985	13	1525	1525	0.0011158
985	14	12	12	0.000379562
985	15	15542	15542	0.0010128
985	16	3091	3091	0.000537872
985	17	4909	4909	0.000329971
985	18	262	262	0.000152588
985	19	19561	19561	0.00109863
985	20	530	530	0.000339508
985	21	832	832	0.000143051
985	22	5193	5193	0.000152588
985	23	1752	1752	9.72748e-05
985	24	1123	1123	8.01086e-05
985	25	13	13	0
985	26	50256	50256	0
986	5	4909	4909	0.00021553
986	6	1115	1115	0.000846863
986	7	12785	12785	0.000272751
986	8	14729	14729	0.000396729
986	9	286	286	3.43323e-05
986	10	5100	5100	0.000988007
986	11	7475	7475	0.000120163
986	12	13	13	0
986	13	50256	50256	0
987	5	734	734	0.000825882
987	6	3967	3967	0.000968933
987	7	2659	2659	0.00146866
987	8	271	271	0.000673294
987	9	669	669	0.0016346
987	10	13	13	0
987	11	50256	50256	0
988	5	286	286	1.14441e-05
988	6	257	257	6.10352e-05
988	7	19690	19690	0.000238419
988	8	1683	1683	0.000144958
988	9	14809	14809	0.000114441
988	10	5509	5509	0.000106812
988	11	13	13	0
988	12	50256	50256	0
989	5	7135	7135	0.00136185
989	6	314	314	0.000593185
989	7	48476	48476	0.000360489
989	8	14664	14664	3.8147e-05
989	9	286	286	3.43323e-05
989	10	23519	23519	0.000389099
989	11	13	13	0
989	12	50256	50256	0
990	5	19942	19942	0.000242233
990	6	326	326	0.000120163
990	7	3994	3994	0.000886917
990	8	663	663	0.000234604
990	9	11904	11904	0.000385284
990	10	13	13	0
990	11	50256	50256	0
991	5	3146	3146	0.0043354
991	6	11	11	0.0022316
991	7	262	262	0.0007267
991	8	34768	34768	0.000648499
991	9	1612	1612	0.0014534
991	10	318	318	0.000352859
991	11	511	511	0.000741959
991	12	2160	2160	0.00210571
991	13	9086	9086	0.00037384
991	14	416	416	0.00203896
991	15	511	511	0.000629425
991	16	954	954	0.000301361
991	17	13	13	1.90735e-06
991	18	50256	50256	1.90735e-06
992	5	291	291	0.000238419
992	6	2456	2456	0.000167847
992	7	44638	44638	0.000165939
992	8	393	393	5.72205e-05
992	9	1950	1950	0.000318527
992	10	5238	5238	0.000350952
992	11	11	11	3.43323e-05
992	12	355	355	0.000514984
992	13	14713	14713	0.000436783
992	14	857	857	0.000347137
992	15	13	13	0
992	16	50256	50256	0
993	5	5485	5485	0.00174904
993	6	284	284	0.000499725
993	7	1037	1037	0.000616074
993	8	2962	2962	0.000452042
993	9	319	319	0.000497818
993	10	5563	5563	0.00163269
993	11	379	379	0.000547409
993	12	1180	1180	0.000715256
993	13	18868	18868	0.00164986
993	14	13	13	2.28882e-05
993	15	50256	50256	0
994	5	47306	47306	0.00136757
994	6	2427	2427	0.000148773
994	7	286	286	1.71661e-05
994	8	9194	9194	0.00229263
994	9	12734	12734	0.000324249
994	10	393	393	0.000391006
994	11	11904	11904	0.000999451
994	12	13	13	0
994	13	50256	50256	0
995	5	20462	20462	0.00031662
995	6	416	416	8.7738e-05
995	7	18381	18381	0.000762939
995	8	449	449	0.000589371
995	9	19210	19210	0.0001297
995	10	287	287	2.86102e-05
995	11	4088	4088	0.00251389
995	12	286	286	8.2016e-05
995	13	38367	38367	0.000909805
995	14	83	83	0.000255585
995	15	1031	1031	0.000951767
995	16	8882	8882	0.000627518
995	17	282	282	0.00128555
995	18	13	13	0
995	19	50256	50256	0
996	5	9151	9151	0.00148201
996	6	4417	4417	0.000591278
996	7	290	290	8.01086e-05
996	8	18616	18616	0.000810623
996	9	867	867	0.000518799
996	10	5385	5385	0.000606537
996	11	5417	5417	0.00106049
996	12	9813	9813	0.00110817
996	13	13	13	0.000179291
996	14	50256	50256	0
997	5	262	262	1.90735e-06
997	6	976	976	0.000123978
997	7	19528	19528	0.000183105
997	8	290	290	2.09808e-05
997	9	2651	2651	0.000368118
997	10	739	739	6.67572e-05
997	11	663	663	4.95911e-05
997	12	7147	7147	0.000328064
997	13	3555	3555	9.53674e-05
997	14	9831	9831	7.82013e-05
997	15	13	13	0
997	16	50256	50256	0
998	5	460	460	9.15527e-05
998	6	2380	2380	0.00022316
998	7	17759	17759	0.000110626
998	8	7310	7310	0.000106812
998	9	1643	1643	0.000749588
998	10	7572	7572	9.53674e-05
998	11	13	13	1.90735e-06
998	12	50256	50256	0
999	5	4961	4961	0.000255585
999	6	284	284	1.14441e-05
999	7	8208	8208	0.000398636
999	8	12	12	3.24249e-05
999	9	13261	13261	0.000591278
999	10	1411	1411	7.62939e-06
999	11	13	13	0
999	12	50256	50256	0
1000	5	1326	1326	7.62939e-05
1000	6	263	263	0.000486374
1000	7	338	338	8.58307e-05
1000	8	7430	7430	0.000902176
1000	9	351	351	3.24249e-05
1000	10	257	257	7.05719e-05
1000	11	18482	18482	0.000696182
1000	12	2905	2905	0.000379562
1000	13	1806	1806	0.000284195
1000	14	28539	28539	0.000679016
1000	15	257	257	0.000204086
1000	16	3785	3785	0.000631332
1000	17	5762	5762	0.000368118
1000	18	257	257	3.43323e-05
1000	19	7858	7858	0.000396729
1000	20	3820	3820	0.000356674
1000	21	13	13	6.29425e-05
1000	22	50256	50256	0
1001	5	262	262	7.62939e-05
1001	6	2679	2679	0.000516891
1001	7	291	291	0.000143051
1001	8	8478	8478	0.000402451
1001	9	286	286	3.8147e-06
1001	10	262	262	0.000217438
1001	11	40136	40136	0.000362396
1001	12	12	12	9.91821e-05
1001	13	22030	22030	0.000453949
1001	14	3303	3303	0.00038147
1001	15	1641	1641	0.000123978
1001	16	13	13	4.3869e-05
1001	17	50256	50256	0
1002	5	271	271	7.82013e-05
1002	6	1630	1630	0.000232697
1002	7	262	262	0
1002	8	2546	2546	0.000196457
1002	9	286	286	6.10352e-05
1002	10	262	262	3.05176e-05
1002	11	34047	34047	9.34601e-05
1002	12	13	13	0
1002	13	50256	50256	0
1003	5	40959	40959	0.00182724
1003	6	11	11	6.10352e-05
1003	7	38985	38985	0.000715256
1003	8	1111	1111	0.000259399
1003	9	6341	6341	0.000713348
1003	10	286	286	4.19617e-05
1003	11	262	262	0.000225067
1003	12	6035	6035	0.00154305
1003	13	3266	3266	0.00121498
1003	14	13	13	6.29425e-05
1003	15	50256	50256	0
1004	5	290	290	1.90735e-06
1004	6	3771	3771	0.000873566
1004	7	10456	10456	0.000349045
1004	8	501	501	0.000322342
1004	9	3033	3033	0.000238419
1004	10	10674	10674	0.000362396
1004	11	14025	14025	0.000230789
1004	12	316	316	0.000240326
1004	13	290	290	0.000144958
1004	14	16703	16703	0.000711441
1004	15	10594	10594	0.000102997
1004	16	1789	1789	5.72205e-05
1004	17	7491	7491	3.24249e-05
1004	18	948	948	3.24249e-05
1004	19	13	13	0
1004	20	50256	50256	0
1005	5	2714	2714	4.95911e-05
1005	6	379	379	2.86102e-05
1005	7	45760	45760	0.000303268
1005	8	287	287	1.33514e-05
1005	9	10315	10315	0.000600815
1005	10	13	13	0
1005	11	50256	50256	0
1006	5	25299	25299	0.00056839
1006	6	373	373	0.000267029
1006	7	6198	6198	0.000270844
1006	8	3170	3170	5.34058e-05
1006	9	355	355	8.2016e-05
1006	10	257	257	0.000211716
1006	11	4302	4302	0.000347137
1006	12	4928	4928	4.19617e-05
1006	13	13	13	0
1006	14	50256	50256	0
1007	5	1204	1204	0.00034523
1007	6	6772	6772	0.000240326
1007	7	1626	1626	0.000267029
1007	8	530	530	0.000581741
1007	9	3957	3957	0.000417709
1007	10	1622	1622	0.000349045
1007	11	13	13	0.000156403
1007	12	50256	50256	0
1008	5	1440	1440	0.00146294
1008	6	12	12	0.000383377
1008	7	32041	32041	0.00128555
1008	8	9998	9998	0.000514984
1008	9	286	286	7.62939e-06
1008	10	3668	3668	0.00101471
1008	11	338	338	5.72205e-06
1008	12	5894	5894	0.00187111
1008	13	8137	8137	0.00306892
1008	14	416	416	0.00167656
1008	15	6115	6115	0.00114632
1008	16	13	13	4.19617e-05
1008	17	50256	50256	0
1009	5	23129	23129	0.000724792
1009	6	286	286	8.58307e-05
1009	7	262	262	2.86102e-05
1009	8	7993	7993	0.000499725
1009	9	8065	8065	0.000701904
1009	10	13	13	0
1009	11	50256	50256	0
1010	5	12278	12278	0.000694275
1010	6	6737	6737	0.000514984
1010	7	656	656	0.000198364
1010	8	38071	38071	0.00234032
1010	9	326	326	0.000219345
1010	10	4439	4439	0.000770569
1010	11	2128	2128	0.000972748
1010	12	13	13	0
1010	13	50256	50256	0
1011	5	8122	8122	0.00102043
1011	6	3102	3102	0.000984192
1011	7	46916	46916	0.000658035
1011	8	11	11	0.000267029
1011	9	4771	4771	0.000841141
1011	10	24770	24770	0.00187683
1011	11	11	11	0.000310898
1011	12	393	393	0.00279617
1011	13	1111	1111	0.00454712
1011	14	9951	9951	0.00108528
1011	15	287	287	0.000448227
1011	16	1633	1633	0.000724792
1011	17	13	13	3.8147e-06
1011	18	50256	50256	0
1012	5	8811	8811	0.000654221
1012	6	1663	1663	0.000246048
1012	7	355	355	0.000583649
1012	8	2060	2060	0.00143242
1012	9	4778	4778	0.000364304
1012	10	13	13	0
1012	11	50256	50256	0
1013	5	262	262	5.14984e-05
1013	6	19561	19561	0.000644684
1013	7	6632	6632	0.000829697
1013	8	290	290	0.000434875
1013	9	530	530	0.000989914
1013	10	13	13	0
1013	11	50256	50256	0
1014	5	12389	12389	3.24249e-05
1014	6	286	286	1.52588e-05
1014	7	257	257	4.76837e-05
1014	8	1692	1692	0.000205994
1014	9	16162	16162	8.7738e-05
1014	10	13	13	0
1014	11	50256	50256	0
1015	5	422	422	0.000146866
1015	6	257	257	5.14984e-05
1015	7	2166	2166	0.000953674
1015	8	6333	6333	0.00113678
1015	9	1806	1806	0.000415802
1015	10	284	284	0.000213623
1015	11	257	257	5.91278e-05
1015	12	8286	8286	0.000564575
1015	13	599	599	0.000417709
1015	14	30431	30431	0.000167847
1015	15	13	13	1.71661e-05
1015	16	50256	50256	0
1016	5	257	257	8.58307e-05
1016	6	11831	11831	0.000383377
1016	7	5186	5186	0.000207901
1016	8	1459	1459	0.00165749
1016	9	284	284	0.0001297
1016	10	49306	49306	0.000101089
1016	11	13	13	5.72205e-06
1016	12	50256	50256	0
1017	5	16649	16649	0.000385284
1017	6	621	621	0.000980377
1017	7	2266	2266	0.000814438
1017	8	5788	5788	0.00166702
1017	9	13	13	0
1017	10	50256	50256	0
1018	5	257	257	0.000225067
1018	6	4469	4469	0.000692368
1018	7	2138	2138	0.000144958
1018	8	621	621	0.00022316
1018	9	5055	5055	0.000177383
1018	10	5000	5000	0.000108719
1018	11	1479	1479	3.24249e-05
1018	12	13	13	0
1018	13	50256	50256	0
1019	5	5594	5594	0.000452042
1019	6	284	284	4.95911e-05
1019	7	25794	25794	0.000860214
1019	8	290	290	5.53131e-05
1019	9	6486	6486	0.00163651
1019	10	287	287	0.000629425
1019	11	262	262	2.86102e-05
1019	12	8211	8211	0.000459671
1019	13	10692	10692	0.000267029
1019	14	13	13	0
1019	15	50256	50256	0
1020	5	2134	2134	0.000701904
1020	6	1656	1656	0.000797272
1020	7	284	284	0.000247955
1020	8	9117	9117	0.00418472
1020	9	3812	3812	0.000221252
1020	10	393	393	0.000310898
1020	11	1497	1497	0.00285149
1020	12	422	422	0.000171661
1020	13	262	262	0.00159454
1020	14	19091	19091	0.000162125
1020	15	13	13	0
1020	16	50256	50256	0
1021	5	416	416	0.000211716
1021	6	14583	14583	0.000865936
1021	7	257	257	2.28882e-05
1021	8	1218	1218	0.000631332
1021	9	1182	1182	0.000324249
1021	10	706	706	0.000391006
1021	11	36075	36075	0.000497818
1021	12	13	13	0
1021	13	50256	50256	0
1022	5	9951	9951	0.000814438
1022	6	2057	2057	0.000541687
1022	7	422	422	0.000823975
1022	8	262	262	0.000518799
1022	9	1660	1660	0.00146103
1022	10	1088	1088	0.00113678
1022	11	606	606	0.0008564
1022	12	13	13	5.72205e-06
1022	13	50256	50256	0
1023	5	41408	41408	8.01086e-05
1023	6	1088	1088	0.000133514
1023	7	6716	6716	0.000619888
1023	8	6971	6971	0.000263214
1023	9	13	13	0
1023	10	50256	50256	0
1024	5	4556	4556	3.05176e-05
1024	6	1223	1223	6.29425e-05
1024	7	48237	48237	6.67572e-05
1024	8	663	663	3.8147e-06
1024	9	9706	9706	0.000179291
1024	10	13	13	0
1024	11	50256	50256	0
