line_1based	target_token_index_0based	target_id	predicted_id	loss
1	5	31219	257	4.66439
1	6	680	4778	5.22709
1	7	511	511	2.69277
1	8	1862	45656	4.55513
1	9	13	13	0.0493994
1	10	50256	50256	0.00226784
2	5	286	286	0.476505
2	6	10211	1237	6.09218
2	7	318	318	0.292446
2	8	3221	618	5.39012
2	9	10693	618	5.34674
2	10	618	618	2.21545
2	11	9759	3624	5.95254
2	12	284	284	0.1653
2	13	262	262	0.118138
2	14	5044	21334	4.38292
2	15	13	13	0.113786
2	16	50256	50256	0.00272751
3	5	1205	460	5.05065
3	6	2641	284	4.55943
3	7	663	663	1.05978
3	8	20596	734	5.7714
3	9	11	338	1.68219
3	10	11222	393	4.84505
3	11	88	1978	4.26071
3	12	4645	656	4.81689
3	13	13	13	0.00470257
3	14	50256	50256	0.00198364
4	5	5922	11904	4.28523
4	6	39966	284	5.04462
4	7	287	287	0.172071
4	8	257	257	0.90632
4	9	36594	820	4.64821
4	10	290	290	0.138265
4	11	1577	734	5.53783
4	12	4082	13	6.1019
4	13	13	13	0.00224972
4	14	50256	50256	0.00126839
5	5	945	326	4.48041
5	6	4439	1296	3.35383
5	7	23938	460	4.53818
5	8	26742	3170	6.95392
5	9	981	5419	3.07791
5	10	30580	2057	4.81926
5	11	511	511	1.62712
5	12	8954	17076	4.15481
5	13	13022	13	4.50068
5	14	13	13	0.00561523
5	15	50256	50256	0.0024786
6	5	5739	318	5.62517
6	6	11	11	0.0849504
6	7	281	530	2.42622
6	8	2134	318	3.94389
6	9	351	351	0.987619
6	10	645	530	3.90663
6	11	2010	318	4.47016
6	12	2700	2700	3.40622
6	13	16047	14355	6.62429
6	14	6937	257	4.84917
6	15	15432	338	5.1124
6	16	13	13	0.178779
6	17	50256	50256	0.00501919
7	5	296	11904	5.21338
7	6	1045	416	5.28153
7	7	1249	422	5.76758
7	8	21678	284	4.77823
7	9	284	284	0.332305
7	10	1445	584	4.5713
7	11	832	338	1.4713
7	12	12835	511	5.00272
7	13	16649	4618	3.92252
7	14	13	13	0.00338745
7	15	50256	50256	0.00177574
8	5	734	734	2.17821
8	6	9403	2568	5.8372
8	7	5667	2568	2.54807
8	8	13	13	0.0219259
8	9	50256	50256	0.00260258
9	5	4983	318	6.06277
9	6	355	287	1.5738
9	7	281	281	1.7652
9	8	14312	2818	5.18268
9	9	20562	318	5.26567
9	10	3716	338	3.25186
9	11	13	13	0.169924
9	12	50256	50256	0.00412273
10	5	13522	422	5.16681
10	6	5732	656	4.51235
10	7	663	663	1.10518
10	8	29973	1767	5.50178
10	9	2785	284	3.47833
10	10	2568	2568	1.80778
10	11	13	13	0.00414658
10	12	50256	50256	0.00350571
11	5	284	284	0.560435
11	6	787	262	5.92043
11	7	34476	35988	6.52426
11	8	1141	11	2.59083
11	9	5205	511	5.82277
11	10	44411	72	4.86313
11	11	13	13	0.00855827
11	12	50256	50256	0.00175381
12	5	257	257	0.660943
12	6	43836	1573	4.39986
12	7	416	318	1.68773
12	8	12304	257	4.39873
12	9	1780	2568	4.69685
12	10	299	2568	5.89429
12	11	12345	2568	4.87897
12	12	1088	393	3.45658
12	13	281	663	2.27545
12	14	14709	21334	4.86654
12	15	415	13	4.14618
12	16	13	13	0.0160933
12	17	50256	50256	0.0017395
13	5	257	257	0.0795832
13	6	12505	1588	4.2655
13	7	3716	338	3.59633
13	8	287	287	0.10811
13	9	1944	1944	2.84228
13	10	12	12	0.470569
13	11	820	820	2.02151
13	12	31057	8882	5.84086
13	13	13	13	0.0030117
13	14	50256	50256	0.00140572
14	5	2173	416	4.94584
14	6	284	284	0.493537
14	7	3435	1111	6.10329
14	8	973	11	3.98582
14	9	287	287	0.32199
14	10	867	281	3.49698
14	11	3597	7022	5.79116
14	12	3341	3951	5.14956
14	13	13	13	0.00497246
14	14	50256	50256	0.00194359
15	5	3665	5186	4.48423
15	6	7405	284	4.97771
15	7	284	284	0.0920944
15	8	1057	1296	5.1819
15	9	2138	351	2.71397
15	10	621	621	1.1156
15	11	6129	734	6.40979
15	12	13	13	0.00474739
15	13	50256	50256	0.00240517
16	5	471	262	4.20178
16	6	5031	12	4.72809
16	7	272	318	3.20509
16	8	7012	1748	5.40143
16	9	9459	12	5.50243
16	10	11	11	0.182388
16	11	281	262	1.21154
16	12	37874	7022	4.7211
16	13	1748	1748	1.04429
16	14	13	13	0.00371742
16	15	50256	50256	0.00306511
17	5	326	416	1.18821
17	6	2107	326	4.94731
17	7	287	287	0.177107
17	8	8389	511	6.24427
17	9	20848	2057	5.48783
17	10	13	13	0.0028286
17	11	50256	50256	0.00196838
18	5	11863	11863	2.74094
18	6	351	351	1.41743
18	7	262	262	0.302358
18	8	1037	5667	5.76747
18	9	286	286	2.49378
18	10	16869	3354	5.26735
18	11	49835	15921	4.15302
18	12	13	13	0.00408459
18	13	50256	50256	0.00296783
19	5	257	257	0.312284
19	6	20562	12505	5.45039
19	7	290	290	0.106112
19	8	28757	1944	6.81978
19	9	3716	338	3.13295
19	10	287	287	0.54877
19	11	17113	262	6.71934
19	12	4763	338	5.8069
19	13	11	11	0.164453
19	14	8602	663	3.95991
19	15	13	13	0.00258446
19	16	50256	50256	0.00152874
20	5	286	286	0.0645504
20	6	15238	1237	5.50604
20	7	11	318	1.44797
20	8	257	257	0.870652
20	9	42238	4898	5.42542
20	10	1499	13	3.85946
20	11	13	13	0.0108156
20	12	50256	50256	0.00455284
21	5	3665	3139	4.36477
21	6	25041	460	4.2646
21	7	11278	326	5.33825
21	8	326	326	0.767422
21	9	460	326	1.74999
21	10	11589	12278	5.22986
21	11	8976	656	5.73169
21	12	257	257	0.118623
21	13	16161	8122	5.43817
21	14	338	338	0.232539
21	15	22204	13	4.5042
21	16	13	13	0.012372
21	17	50256	50256	0.00310898
22	5	17669	4755	4.087
22	6	23235	393	2.80971
22	7	40270	2568	6.30411
22	8	284	284	0.0986967
22	9	530	530	1.77349
22	10	11863	5667	3.14844
22	11	22037	393	3.48798
22	12	13	13	0.0193453
22	13	50256	50256	0.00324249
23	5	1262	416	2.75017
23	6	4839	12278	5.79071
23	7	12	12	0.796976
23	8	29289	12278	4.54184
23	9	15835	5667	5.57185
23	10	13	13	0.00422001
23	11	50256	50256	0.00264359
24	5	286	286	0.0991812
24	6	4771	1296	5.23511
24	7	326	416	1.27789
24	8	1445	340	4.51261
24	9	739	621	3.10816
24	10	511	1660	3.05529
24	11	898	1660	4.04008
24	12	3463	23235	6.14791
24	13	13	13	0.0596819
24	14	50256	50256	0.00299549
25	5	976	3825	2.71105
25	6	355	11	2.76462
25	7	1194	257	5.58262
25	8	1573	1573	2.99274
25	9	475	318	3.45343
25	10	460	326	1.97414
25	11	13238	20831	5.64054
25	12	287	287	0.313975
25	13	3616	4898	4.76337
25	14	393	393	0.889707
25	15	24993	3825	5.44932
25	16	13	13	0.00335789
25	17	50256	50256	0.00203514
26	5	8384	329	2.79633
26	6	319	319	1.62022
26	7	5667	1660	5.17781
26	8	11	11	0.0781889
26	9	8701	1660	5.64263
26	10	274	274	2.61287
26	11	11	11	0.409749
26	12	290	290	0.258409
26	13	584	584	1.27844
26	14	4618	4618	2.79935
26	15	2587	656	2.67032
26	16	13	13	0.00302219
26	17	50256	50256	0.00139809
27	5	284	284	0.232482
27	6	4735	2266	3.07828
27	7	318	318	0.20234
27	8	1444	1444	1.13512
27	9	32553	734	6.52524
27	10	13	13	0.00218487
27	11	50256	50256	0.00162697
28	5	287	287	0.231791
28	6	257	257	0.118499
28	7	269	1402	4.57779
28	8	8325	5667	5.15998
28	9	298	284	4.10368
28	10	5931	393	3.44388
28	11	6314	729	4.75195
28	12	13	13	0.0157022
28	13	50256	50256	0.00422478
29	5	25834	20831	6.0189
29	6	17783	318	5.29219
29	7	7545	340	3.51118
29	8	3805	319	3.3553
29	9	1719	530	5.38156
29	10	645	1660	4.59375
29	11	37368	729	4.79614
29	12	13	13	0.0264444
29	13	50256	50256	0.00475979
30	5	6071	12278	4.31909
30	6	2641	1231	5.01685
30	7	257	257	0.258918
30	8	24911	14796	4.78369
30	9	13	13	0.00346375
30	10	50256	50256	0.00285721
31	5	12491	318	6.15583
31	6	265	11	6.12186
31	7	318	318	0.994629
31	8	407	618	3.4435
31	9	257	257	0.167926
31	10	1611	7022	5.90798
31	11	286	286	0.0908518
31	12	17135	663	6.42329
31	13	13	13	0.00456524
31	14	50256	50256	0.00176144
32	5	11	11	0.11585
32	6	262	262	0.410833
32	7	9848	3825	5.35112
32	8	286	286	0.348603
32	9	14580	543	4.21507
32	10	21767	11	5.48975
32	11	262	262	0.362828
32	12	9848	3825	5.1121
32	13	286	286	0.187956
32	14	18349	1123	5.50591
32	15	13	13	0.00596809
32	16	50256	50256	0.00222969
33	5	1123	621	3.41679
33	6	584	584	2.45216
33	7	1973	319	2.06931
33	8	262	262	0.116865
33	9	41407	1767	4.30161
33	10	286	286	0.494626
33	11	47403	47403	3.10174
33	12	13	13	0.00414181
33	13	50256	50256	0.00412178
34	5	416	11	1.43704
34	6	2876	1588	5.56599
34	7	3723	11	6.4557
34	8	290	290	0.252217
34	9	27172	6156	5.71346
34	10	3101	12	5.60239
34	11	267	287	6.4564
34	12	265	286	5.04753
34	13	21824	284	5.26125
34	14	13	13	0.00613308
34	15	50256	50256	0.002738
35	5	663	663	1.05758
35	6	9686	13042	4.39268
35	7	290	290	0.122149
35	8	6727	976	4.6103
35	9	10645	34387	3.83439
35	10	13	13	0.00969982
35	11	50256	50256	0.00462246
36	5	11880	326	4.24726
36	6	5419	5419	1.38657
36	7	340	340	2.1893
36	8	2824	460	6.17403
36	9	5931	393	3.44268
36	10	1321	2568	4.09633
36	11	422	422	0.621675
36	12	663	663	0.743651
36	13	21334	21334	2.53682
36	14	13	13	0.00514984
36	15	50256	50256	0.00282955
37	5	287	287	1.14566
37	6	262	262	0.0919933
37	7	8434	4417	4.1631
37	8	1027	1748	3.90122
37	9	4909	287	5.08254
37	10	23326	2057	5.47705
37	11	4778	656	2.63261
37	12	2950	72	5.00224
37	13	287	287	0.410995
37	14	4854	17456	4.52867
37	15	13	13	0.017437
37	16	50256	50256	0.00129223
38	5	2630	2630	2.64589
38	6	262	262	0.191485
38	7	5337	6156	4.29875
38	8	44487	78	4.15472
38	9	9869	544	3.74319
38	10	12898	355	4.37613
38	11	546	355	4.42008
38	12	257	257	1.00028
38	13	8557	2818	4.30756
38	14	7002	7022	3.89509
38	15	13	13	0.00671196
38	16	50256	50256	0.00205231
39	5	257	257	0.486949
39	6	38712	2060	4.97126
39	7	460	326	1.89169
39	8	6486	460	4.97152
39	9	379	318	2.86254
39	10	845	663	5.38003
39	11	1180	1180	2.69278
39	12	18868	2134	3.9684
39	13	422	416	2.59687
39	14	3668	257	3.48297
39	15	13	13	0.00790405
39	16	50256	50256	0.00268364
40	5	976	3139	2.21328
40	6	1271	5186	3.84919
40	7	286	286	0.0698576
40	8	28722	1237	3.81261
40	9	355	355	1.82487
40	10	1237	1237	3.13987
40	11	684	3877	2.97841
40	12	13	13	0.00993061
40	13	50256	50256	0.00450516
41	5	5048	460	5.53871
41	6	82	422	3.99097
41	7	4731	422	5.9028
41	8	1938	618	5.17339
41	9	284	284	0.217912
41	10	458	511	5.59902
41	11	1347	5667	5.87195
41	12	2138	351	3.27306
41	13	621	621	1.52732
41	14	9563	511	6.71915
41	15	262	262	0.139207
41	16	13042	1767	4.83844
41	17	13	13	0.595198
41	18	50256	50256	0.00181293
42	5	1712	1296	5.16589
42	6	32107	1296	4.05691
42	7	1296	1296	1.53602
42	8	262	262	0.108504
42	9	20831	3825	3.64706
42	10	24491	22829	5.24863
42	11	22829	1080	2.95135
42	12	13	13	0.00635719
42	13	50256	50256	0.00443268
43	5	3825	976	2.92135
43	6	318	318	0.61649
43	7	1444	1444	0.959546
43	8	262	262	0.215771
43	9	2825	3825	5.69014
43	10	22829	22829	2.75216
43	11	13	13	0.00464535
43	12	50256	50256	0.00319672
44	5	262	262	0.0660419
44	6	3825	3825	1.83508
44	7	11	11	0.293134
44	8	21094	262	7.16246
44	9	468	11	3.40503
44	10	257	257	1.37535
44	11	37546	4417	4.83292
44	12	2811	1123	5.70553
44	13	4417	4417	2.15402
44	14	13	13	0.005826
44	15	50256	50256	0.00166607
45	5	257	257	0.309648
45	6	5863	1588	4.81385
45	7	670	12	5.28082
45	8	416	416	0.877071
45	9	12386	6156	5.23661
45	10	46525	1978	5.90487
45	11	13	13	0.00418949
45	12	50256	50256	0.0013628
46	5	262	262	0.240449
46	6	9653	3825	5.68629
46	7	326	326	0.787082
46	8	8080	1296	5.29042
46	9	607	281	3.92957
46	10	18815	1767	6.53888
46	11	13	13	0.00333023
46	12	50256	50256	0.00186348
47	5	422	422	0.863262
47	6	826	584	3.96687
47	7	284	284	0.122941
47	8	1364	663	3.9364
47	9	13	13	0.011755
47	10	50256	50256	0.00439739
48	5	1872	389	5.77746
48	6	389	326	2.82447
48	7	3917	663	4.42075
48	8	351	351	0.595507
48	9	12281	4898	5.89859
48	10	64	64	3.71395
48	11	399	287	4.72736
48	12	9019	284	5.12497
48	13	13	13	0.00547409
48	14	50256	50256	0.00234127
49	5	257	257	0.160226
49	6	1296	318	5.43136
49	7	286	286	0.0864325
49	8	31094	257	5.00657
49	9	11881	663	7.13973
49	10	13	13	0.00277138
49	11	50256	50256	0.00321102
50	5	17226	286	4.4156
50	6	1271	318	2.45341
50	7	286	286	0.104682
50	8	597	257	4.98326
50	9	5931	5931	1.93906
50	10	5002	1271	3.56442
50	11	13	13	0.054266
50	12	50256	50256	0.00957584
51	5	422	422	1.06856
51	6	262	262	0.047225
51	7	15921	15921	2.76882
51	8	286	286	0.111392
51	9	19450	16519	5.54128
51	10	7150	1978	4.00797
51	11	13	13	0.00307751
51	12	50256	50256	0.00286674
52	5	25388	511	5.35299
52	6	3623	20838	4.46242
52	7	284	284	0.0996714
52	8	1620	511	4.91474
52	9	12370	511	5.1303
52	10	670	2253	5.5726
52	11	13	13	0.0147486
52	12	50256	50256	0.0011797
53	5	262	262	0.110575
53	6	6869	3825	3.05516
53	7	7021	11	5.81338
53	8	636	262	4.30549
53	9	393	290	2.87147
53	10	477	1402	5.51895
53	11	286	286	0.151489
53	12	262	257	1.22498
53	13	3825	3825	1.83123
53	14	422	422	0.917287
53	15	1570	1194	4.40887
53	16	13	13	0.0100479
53	17	50256	50256	0.00193882
54	5	393	393	1.33643
54	6	7686	2057	5.34056
54	7	3170	3170	3.34022
54	8	422	422	0.483329
54	9	5100	820	6.36551
54	10	18955	5667	5.13036
54	11	4991	3815	4.91192
54	12	13	13	0.00298977
54	13	50256	50256	0.00200558
55	5	3872	4439	5.6873
55	6	3815	338	4.64472
55	7	884	422	5.15742
55	8	355	319	1.4242
55	9	2081	285	4.77092
55	10	290	290	0.142474
55	11	3991	285	5.09566
55	12	13	13	0.0183926
55	13	50256	50256	0.00205517
56	5	6903	12108	3.70672
56	6	286	286	0.192889
56	7	1692	28722	5.62046
56	8	2910	1767	4.67145
56	9	13	13	0.0129271
56	10	50256	50256	0.0145226
57	5	287	287	0.493458
57	6	2166	262	7.2359
57	7	286	286	0.396832
57	8	663	663	1.21836
57	9	3491	6591	4.86712
57	10	460	416	3.33089
57	11	2728	1688	6.75467
57	12	257	257	0.100102
57	13	40757	4417	6.4841
57	14	19550	338	5.47614
57	15	287	287	0.275484
57	16	262	262	0.340604
57	17	3491	4417	4.54328
57	18	338	338	0.185203
57	19	22204	4417	5.24703
57	20	13	13	0.00420189
57	21	50256	50256	0.00220394
58	5	3170	881	3.40725
58	6	12972	422	5.31233
58	7	43591	82	4.03132
58	8	355	355	1.26847
58	9	15100	781	5.23368
58	10	16667	321	4.48412
58	11	1443	77	4.99589
58	12	13	13	0.00663376
58	13	50256	50256	0.00268841
59	5	1510	15921	4.66633
59	6	400	4909	4.24922
59	7	286	286	0.0793953
59	8	257	257	0.150268
59	9	4326	19690	5.10044
59	10	13	13	0.00299549
59	11	50256	50256	0.0030365
60	5	735	2057	5.70422
60	6	460	326	2.2934
60	7	10199	1103	6.11878
60	8	284	284	0.0999174
60	9	5044	584	4.42723
60	10	9230	5667	5.46049
60	11	13	13	0.00272655
60	12	50256	50256	0.00295067
61	5	290	290	0.421339
61	6	38467	262	6.16179
61	7	5594	422	3.58767
61	8	284	284	0.128678
61	9	262	262	0.388052
61	10	304	3825	5.56799
61	11	2724	12	4.4448
61	12	560	284	5.01803
61	13	6421	318	5.17734
61	14	13	13	0.00833035
61	15	50256	50256	0.00175571
62	5	13971	15061	4.25283
62	6	9403	8122	4.63904
62	7	42626	1231	4.48444
62	8	3349	1231	4.86748
62	9	739	621	2.29684
62	10	11080	8850	4.85527
62	11	3403	2266	5.01056
62	12	13	13	0.00345802
62	13	50256	50256	0.00721359
63	5	7319	7319	2.81341
63	6	16379	2568	3.66904
63	7	13	13	0.0110741
63	8	50256	50256	0.0084486
64	5	47933	2568	4.33317
64	6	832	832	0.971842
64	7	257	257	1.65566
64	8	8122	8122	2.92564
64	9	13	13	0.00716877
64	10	50256	50256	0.00511074
65	5	2339	5667	4.08808
65	6	8573	8573	2.54827
65	7	326	416	2.14305
65	8	1037	511	4.64453
65	9	606	511	3.32329
65	10	7906	2057	5.60376
65	11	832	832	0.536674
65	12	262	262	0.707151
65	13	1633	1767	4.39775
65	14	13	13	0.00308132
65	15	50256	50256	0.00207329
66	5	262	262	0.194606
66	6	5417	1767	7.06541
66	7	832	832	0.627171
66	8	257	257	0.550516
66	9	25979	1767	4.08826
66	10	287	287	0.468971
66	11	10836	257	4.09255
66	12	13	13	0.00840664
66	13	50256	50256	0.00200939
67	5	286	286	0.340559
67	6	7517	262	6.69309
67	7	11	11	0.149303
67	8	319	355	1.93685
67	9	262	262	0.282822
67	10	5866	3139	2.8858
67	11	406	13	7.12421
67	12	733	6896	5.30151
67	13	2959	13	5.34536
67	14	13	13	0.0329933
67	15	50256	50256	0.00350571
68	5	4778	338	2.78699
68	6	326	326	0.440265
68	7	3031	1296	5.81067
68	8	284	284	0.0366278
68	9	15938	3668	5.64866
68	10	26306	23235	6.8944
68	11	287	287	1.26581
68	12	40333	1440	5.40161
68	13	13	13	0.00371647
68	14	50256	50256	0.00138855
69	5	284	284	0.364502
69	6	45075	663	6.02422
69	7	262	262	1.42178
69	8	1271	4417	3.77293
69	9	286	286	0.29262
69	10	23235	5186	6.30098
69	11	286	286	0.0362825
69	12	1123	663	2.81135
69	13	5002	13	4.59477
69	14	13	13	0.00364017
69	15	50256	50256	0.00140381
70	5	287	287	0.499794
70	6	663	663	1.83656
70	7	13179	1767	4.3894
70	8	13	13	0.0128174
70	9	50256	50256	0.00784683
71	5	3623	1296	5.49968
71	6	11	11	0.0605345
71	7	8977	1660	4.17906
71	8	11	11	0.0603647
71	9	290	290	0.226122
71	10	3223	1660	5.38002
71	11	2300	393	4.23997
71	12	1978	13	3.9239
71	13	287	287	0.369117
71	14	27982	584	5.26905
71	15	13	13	0.00592136
71	16	50256	50256	0.00194645
72	5	11904	11904	3.23155
72	6	832	832	1.19197
72	7	2005	530	6.21629
72	8	83	12	3.10841
72	9	654	8573	4.74052
72	10	393	393	0.974971
72	11	584	663	3.45981
72	12	7494	4618	5.70263
72	13	876	13	3.79674
72	14	8573	13	3.44263
72	15	13	13	0.00166893
72	16	50256	50256	0.00179672
73	5	5451	12	6.70108
73	6	3407	284	4.6133
73	7	262	262	0.205956
73	8	25868	1767	5.75563
73	9	5882	1080	4.99035
73	10	1757	45738	5.38288
73	11	7698	4618	5.0552
73	12	13	13	0.0033865
73	13	50256	50256	0.00286388
74	5	351	351	0.532022
74	6	7572	530	4.53058
74	7	286	286	0.0562677
74	8	4376	867	5.55396
74	9	22969	5931	4.81281
74	10	13	13	0.00279713
74	11	50256	50256	0.00199413
75	5	24866	12278	5.00194
75	6	284	284	0.0964308
75	7	257	257	0.207291
75	8	2440	1767	6.18185
75	9	11067	966	5.66735
75	10	7078	458	4.59613
75	11	13	13	0.00588512
75	12	50256	50256	0.00186539
76	5	13020	12	4.71628
76	6	34262	416	5.28724
76	7	422	326	2.63796
76	8	257	257	0.107512
76	9	8701	1588	4.51754
76	10	13	13	0.00450325
76	11	50256	50256	0.00242901
77	5	2826	318	5.34692
77	6	351	351	0.492789
77	7	663	663	1.06942
77	8	1767	21334	3.9056
77	9	4855	656	5.21011
77	10	1022	284	2.73126
77	11	262	262	0.910724
77	12	2137	976	6.1073
77	13	338	338	0.24684
77	14	14475	976	5.79288
77	15	13	13	0.00494385
77	16	50256	50256	0.00214481
78	5	11061	422	6.24741
78	6	257	257	0.921777
78	7	37327	14153	6.36142
78	8	4645	338	5.08394
78	9	1900	78	3.55114
78	10	355	355	0.957973
78	11	262	262	0.0938148
78	12	6124	7022	5.73423
78	13	6391	1080	6.19149
78	14	17180	13	4.59688
78	15	13	13	0.00443268
78	16	50256	50256	0.00137901
79	5	351	351	0.75028
79	6	281	663	3.47648
79	7	30690	4417	6.50708
79	8	6082	12	6.61925
79	9	286	286	0.11167
79	10	5186	5186	2.78884
79	11	3877	3877	1.3675
79	12	13	13	0.00299644
79	13	50256	50256	0.00475502
80	5	6342	262	4.54178
80	6	11	11	0.146437
80	7	257	257	0.82303
80	8	1748	1748	2.33412
80	9	319	319	1.07557
80	10	262	262	0.147975
80	11	1001	3139	5.38302
80	12	500	6896	5.76457
80	13	13	13	0.00438595
80	14	50256	50256	0.00252914
81	5	1141	422	3.14226
81	6	262	262	0.14372
81	7	1110	3825	5.60247
81	8	618	318	2.47228
81	9	1956	6591	4.70885
81	10	1175	393	5.93831
81	11	907	393	6.08008
81	12	5443	13	5.49309
81	13	621	621	1.24333
81	14	6716	663	5.89142
81	15	1660	340	3.97912
81	16	13	13	0.0338678
81	17	50256	50256	0.000965118
82	5	10157	1692	5.13031
82	6	549	12	4.67378
82	7	32653	12	5.0235
82	8	297	385	5.05498
82	9	544	284	3.43842
82	10	7813	393	4.51965
82	11	37834	4618	4.97749
82	12	13	13	0.0312757
82	13	50256	50256	0.00421429
83	5	1271	1271	1.97655
83	6	4249	338	4.48625
83	7	257	257	0.108882
83	8	4633	257	5.40494
83	9	1271	1271	1.99096
83	10	13	13	0.0108004
83	11	50256	50256	0.00233746
84	5	3139	3139	1.02788
84	6	286	286	0.595566
84	7	10836	262	3.694
84	8	11	11	0.583182
84	9	287	287	1.51581
84	10	262	262	0.160101
84	11	1499	3139	4.27401
84	12	338	338	0.123869
84	13	5093	3139	3.63489
84	14	13	13	0.0265074
84	15	50256	50256	0.00226879
85	5	19812	1767	3.6273
85	6	20775	15921	4.40678
85	7	25730	15921	3.66948
85	8	17628	17628	3.02442
85	9	13	13	0.00372791
85	10	50256	50256	0.00460911
86	5	318	318	0.629392
86	6	4635	1296	3.83664
86	7	416	416	0.566441
86	8	38797	1296	3.41817
86	9	278	1296	3.81444
86	10	37624	6134	5.84099
86	11	41266	351	5.98381
86	12	351	351	0.872071
86	13	8268	1440	4.78924
86	14	13	13	0.0411301
86	15	50256	50256	0.00163555
87	5	262	262	0.0472364
87	6	10359	3139	5.38409
87	7	290	290	0.0663204
87	8	262	262	0.121686
87	9	10329	19517	4.79567
87	10	13	13	0.0127048
87	11	50256	50256	0.00153637
88	5	11685	286	5.16058
88	6	286	286	0.0234814
88	7	18190	1657	4.1421
88	8	290	290	0.0539093
88	9	511	511	1.12352
88	10	3585	2057	3.65637
88	11	6116	72	5.28237
88	12	13	13	0.00883961
88	13	50256	50256	0.00236702
89	5	18044	511	6.99323
89	6	1633	8701	4.46812
89	7	832	832	1.09173
89	8	511	511	1.29872
89	9	6611	511	6.69828
89	10	28439	284	7.07615
89	11	13	13	0.00305843
89	12	50256	50256	0.0075779
90	5	15061	15061	3.38175
90	6	36402	12622	4.18516
90	7	286	286	0.0314445
90	8	257	257	0.14564
90	9	19690	19690	3.81515
90	10	5509	15921	4.27502
90	11	13	13	0.00503731
90	12	50256	50256	0.0025425
91	5	11	11	0.248131
91	6	1690	981	3.74312
91	7	41266	618	5.41049
91	8	393	393	0.578118
91	9	2511	1660	5.94286
91	10	680	393	5.7333
91	11	11	11	0.115317
91	12	351	290	2.19428
91	13	1622	530	6.6418
91	14	654	338	4.40991
91	15	13	13	0.00270176
91	16	50256	50256	0.00290871
92	5	4104	262	5.45723
92	6	1088	1088	2.34287
92	7	17648	8850	5.2803
92	8	290	290	0.0750799
92	9	832	1657	5.59922
92	10	28431	7424	5.15261
92	11	13	13	0.00279331
92	12	50256	50256	0.00182343
93	5	257	257	0.878294
93	6	2139	1588	3.73074
93	7	3170	3170	2.49993
93	8	319	319	1.14328
93	9	262	262	0.0528851
93	10	5230	1767	5.17872
93	11	2138	287	3.33522
93	12	621	621	1.73611
93	13	257	262	1.30087
93	14	6171	1688	4.30958
93	15	5177	13	5.37708
93	16	329	329	1.34665
93	17	262	262	0.05056
93	18	5230	1767	4.3531
93	19	13	13	0.0193071
93	20	50256	50256	0.00295925
94	5	6588	460	5.11966
94	6	17556	416	4.42109
94	7	326	326	0.882911
94	8	5419	5419	1.89603
94	9	8509	511	4.51253
94	10	15756	2057	5.66642
94	11	4485	1978	4.77983
94	12	13	13	0.00526428
94	13	50256	50256	0.00468636
95	5	11073	318	2.91295
95	6	281	257	1.95748
95	7	772	1767	6.06814
95	8	18253	734	3.81351
95	9	13	13	0.00551891
95	10	50256	50256	0.00327682
96	5	318	318	0.324402
96	6	262	262	0.0992994
96	7	1218	1692	4.1169
96	8	13	13	0.00682259
96	9	50256	50256	0.00285912
97	5	262	262	0.0349436
97	6	20938	1767	5.94478
97	7	7679	338	3.35258
97	8	1444	1444	2.06924
97	9	262	262	0.233682
97	10	14673	3825	6.02491
97	11	22829	4417	2.98394
97	12	13	13	0.00378513
97	13	50256	50256	0.00245571
98	5	6870	2568	5.41375
98	6	8787	318	5.7704
98	7	1231	656	1.90152
98	8	38875	2568	6.10272
98	9	1123	1123	1.73265
98	10	4637	2568	5.03603
98	11	257	257	0.0592985
98	12	4571	21334	4.17098
98	13	13	13	0.00331306
98	14	50256	50256	0.00151348
99	5	2138	355	2.5159
99	6	621	621	1.15708
99	7	1660	621	2.73681
99	8	11	11	0.456614
99	9	287	284	1.553
99	10	511	621	3.74821
99	11	1311	584	5.40316
99	12	862	338	5.46796
99	13	13	13	0.00632381
99	14	50256	50256	0.00277901
100	5	1514	12	4.42208
100	6	3096	318	6.06697
100	7	468	11	4.02097
100	8	43063	257	5.45149
100	9	3951	3877	4.46933
100	10	287	287	0.784914
100	11	1123	1194	2.99702
100	12	4571	21334	4.69834
100	13	13	13	0.00986576
100	14	50256	50256	0.00286388
101	5	48573	1296	4.71908
101	6	6134	284	3.4481
101	7	16573	656	6.57345
101	8	284	287	0.827639
101	9	1204	511	6.48191
101	10	11061	287	5.85032
101	11	32085	511	2.47604
101	12	729	729	2.92662
101	13	13	13	0.0185156
101	14	50256	50256	0.00117779
102	5	9197	5186	5.98048
102	6	8320	318	6.2107
102	7	689	318	5.69864
102	8	772	257	4.73745
102	9	611	1296	6.46043
102	10	663	663	1.62151
102	11	2866	5186	4.46359
102	12	14768	4778	5.35832
102	13	6937	5186	4.18095
102	14	13	13	0.0988073
102	15	50256	50256	0.00192356
103	5	1660	530	3.36778
103	6	40169	11	7.20286
103	7	379	318	2.79131
103	8	257	530	1.932
103	9	2793	3668	5.08326
103	10	5951	23235	4.66526
103	11	13	13	0.00909138
103	12	50256	50256	0.00341511
104	5	262	262	0.0567312
104	6	23902	1767	5.93923
104	7	23642	286	5.41383
104	8	16161	286	6.35475
104	9	1444	1444	1.36088
104	10	262	262	0.225805
104	11	34822	976	5.73256
104	12	6378	6896	4.67932
104	13	13	13	0.00800323
104	14	50256	50256	0.0018034
105	5	1022	422	3.43428
105	6	4237	511	6.11275
105	7	290	290	0.065506
105	8	3957	1660	4.66771
105	9	393	284	2.12285
105	10	6143	5667	5.60495
105	11	21379	5667	3.76666
105	12	13	13	0.00525475
105	13	50256	50256	0.0038929
106	5	262	262	0.772772
106	6	22088	976	4.96101
106	7	291	338	3.56312
106	8	13061	1237	5.25744
106	9	21072	12	4.64666
106	10	44921	286	5.51659
106	11	13	13	0.00694084
106	12	50256	50256	0.00777245
107	5	1660	1660	2.48955
107	6	287	11	1.96548
107	7	6546	1296	5.56633
107	8	2945	416	5.88311
107	9	5667	5667	3.23562
107	10	11	11	0.241069
107	11	21552	393	3.87379
107	12	11	11	0.102477
107	13	393	393	0.745979
107	14	11135	1402	5.09198
107	15	13	13	0.232765
107	16	50256	50256	0.00235939
108	5	7627	373	4.34484
108	6	904	881	4.63652
108	7	656	656	0.207772
108	8	262	262	0.0206032
108	9	10596	19517	4.07036
108	10	10692	6896	4.12866
108	11	13	13	0.00944328
108	12	50256	50256	0.00181198
109	5	262	262	0.0872469
109	6	16577	3139	6.05604
109	7	15921	1080	2.53726
109	8	286	286	0.0640659
109	9	257	262	1.85714
109	10	14281	6156	5.45341
109	11	17793	7229	5.13485
109	12	13	13	0.00539684
109	13	50256	50256	0.00419331
110	5	41917	3139	6.25805
110	6	9978	318	5.86413
110	7	326	318	1.40231
110	8	460	318	3.05706
110	9	3650	1588	4.04367
110	10	290	290	0.0894947
110	11	21937	5186	5.01773
110	12	24284	5289	4.42741
110	13	17794	16912	5.5794
110	14	286	286	0.0986586
110	15	34573	1194	5.25129
110	16	13	13	0.0113554
110	17	50256	50256	0.00310326
111	5	6591	6591	2.93268
111	6	1080	1080	2.03671
111	7	11	11	0.21512
111	8	22721	530	5.34427
111	9	468	351	4.81815
111	10	262	262	0.239757
111	11	6000	3825	4.8876
111	12	2347	1080	5.98777
111	13	13	13	0.00544453
111	14	50256	50256	0.00288677
112	5	34616	2057	4.37274
112	6	29120	2057	4.07815
112	7	656	656	0.627942
112	8	262	262	0.0407944
112	9	1402	1767	3.71217
112	10	45426	45426	4.09036
112	11	13	13	0.00375271
112	12	50256	50256	0.00198364
113	5	3625	13	4.99432
113	6	329	329	1.16197
113	7	3356	663	5.9114
113	8	290	290	0.162385
113	9	13017	734	6.15449
113	10	13	13	0.003932
113	11	50256	50256	0.00309277
114	5	8122	8122	2.63029
114	6	11	11	0.293103
114	7	9472	351	4.97233
114	8	663	663	1.31254
114	9	8434	20831	5.94353
114	10	4755	318	4.38278
114	11	318	318	0.97852
114	12	4735	8122	3.94943
114	13	13	13	0.00667763
114	14	50256	50256	0.00405121
115	5	8802	8802	3.67338
115	6	19079	272	4.25569
115	7	1998	2630	5.4004
115	8	6697	262	5.39419
115	9	7028	1180	5.42548
115	10	13	13	0.00679302
115	11	50256	50256	0.00194931
116	5	274	338	3.53085
116	6	13617	329	5.23428
116	7	278	416	5.77675
116	8	329	329	0.841968
116	9	1103	663	6.45096
116	10	3146	2057	4.04552
116	11	13	13	0.00373745
116	12	50256	50256	0.00204849
117	5	13204	13204	3.49127
117	6	4991	12	5.20142
117	7	286	286	0.172523
117	8	2877	28722	4.70513
117	9	20296	621	4.55742
117	10	13	13	0.0115318
117	11	50256	50256	0.00358868
118	5	281	262	3.27967
118	6	1633	8701	5.33584
118	7	1014	416	4.76756
118	8	1022	284	2.74841
118	9	262	262	0.048604
118	10	300	3825	4.20326
118	11	38621	318	4.87402
118	12	87	6896	5.95389
118	13	290	290	0.15018
118	14	262	262	0.143747
118	15	18443	976	5.74667
118	16	11072	6896	6.21245
118	17	13	13	0.00457478
118	18	50256	50256	0.00198078
119	5	9460	326	5.1074
119	6	293	1296	5.38721
119	7	9280	326	5.26037
119	8	48556	1296	5.32702
119	9	1321	1296	6.06863
119	10	546	11	5.37546
119	11	262	262	0.144037
119	12	4067	3825	5.07122
119	13	286	286	0.0769053
119	14	2057	663	5.96255
119	15	13	13	0.00572109
119	16	50256	50256	0.00107098
120	5	17522	15061	5.73908
120	6	318	318	0.198795
120	7	5017	460	6.15072
120	8	351	351	2.1092
120	9	16252	734	7.01982
120	10	13	13	0.00426102
120	11	50256	50256	0.00288391
121	5	257	257	0.988525
121	6	2393	12278	4.89613
121	7	338	338	0.161347
121	8	5794	4417	4.723
121	9	11	11	1.19748
121	10	475	351	2.62283
121	11	340	351	3.53833
121	12	857	318	4.7078
121	13	407	351	3.36937
121	14	9149	2060	5.15317
121	15	326	326	1.20093
121	16	5794	318	4.9764
121	17	13	13	0.0783482
121	18	50256	50256	0.00357056
122	5	262	262	0.363625
122	6	3139	3139	1.24919
122	7	286	286	0.150866
122	8	21506	262	5.09071
122	9	287	287	0.285046
122	10	3687	262	6.20914
122	11	5478	5478	2.32458
122	12	13	13	0.00270653
122	13	50256	50256	0.00248909
123	5	16021	8122	4.47685
123	6	11447	8122	5.10715
123	7	10717	393	4.96436
123	8	1444	618	3.44032
123	9	257	257	1.52005
123	10	9529	1402	4.93192
123	11	528	12	5.12178
123	12	462	13	5.3798
123	13	13	13	0.00461674
123	14	50256	50256	0.00256634
124	5	866	881	5.76218
124	6	2636	3170	6.30589
124	7	20296	257	5.0422
124	8	290	290	0.0477562
124	9	48914	5337	5.67448
124	10	20901	276	4.95138
124	11	832	11	2.3203
124	12	30020	584	5.3711
124	13	13	13	0.00608253
124	14	50256	50256	0.00194454
125	5	82	422	3.39704
125	6	262	262	0.230107
125	7	2989	1402	6.52911
125	8	16654	329	4.94618
125	9	287	284	2.93932
125	10	257	257	0.509998
125	11	23243	1402	5.54894
125	12	8379	4618	5.08893
125	13	13	13	0.00699329
125	14	50256	50256	0.00143909
126	5	3519	2057	5.11968
126	6	1171	2057	3.29594
126	7	290	290	0.107342
126	8	2839	7840	5.4438
126	9	8251	45738	4.26457
126	10	13	13	0.011178
126	11	50256	50256	0.00389004
127	5	318	318	0.297447
127	6	1444	1444	1.58805
127	7	32896	511	6.04311
127	8	14596	389	5.51707
127	9	13	13	0.0033884
127	10	50256	50256	0.0038147
128	5	925	925	1.79078
128	6	7525	416	5.24723
128	7	422	416	1.28524
128	8	15317	7446	5.78967
128	9	290	290	0.330871
128	10	31861	1440	5.47572
128	11	13	13	0.00282478
128	12	50256	50256	0.00175285
129	5	257	257	1.854
129	6	7226	1688	3.82396
129	7	21264	318	4.10101
129	8	36264	318	4.98973
129	9	36869	618	4.28621
129	10	21126	460	5.15733
129	11	7405	393	5.76384
129	12	290	290	0.180255
129	13	14754	4898	4.93274
129	14	663	663	1.74423
129	15	7894	21334	4.95871
129	16	13	13	0.0162392
129	17	50256	50256	0.00225258
130	5	290	290	0.238061
130	6	17298	1296	5.10598
130	7	287	287	0.411757
130	8	262	262	0.0452871
130	9	7976	1692	4.94614
130	10	2436	6896	5.34393
130	11	26676	6896	4.35029
130	12	13	13	0.00949669
130	13	50256	50256	0.00223923
131	5	389	422	2.65038
131	6	262	262	0.0593615
131	7	717	3139	4.4256
131	8	9403	1402	4.44367
131	9	5667	5667	3.38445
131	10	286	286	0.0301914
131	11	257	257	0.635854
131	12	4618	4618	2.7552
131	13	39880	338	5.42389
131	14	13	13	0.00436306
131	15	50256	50256	0.00097847
132	5	4847	11904	4.35225
132	6	287	287	0.920134
132	7	5788	511	6.36235
132	8	416	416	0.79683
132	9	17247	734	5.6099
132	10	7572	5667	4.13968
132	11	286	286	0.0568771
132	12	37410	1194	5.4813
132	13	3951	15921	5.31584
132	14	13	13	0.00189209
132	15	50256	50256	0.00156403
133	5	7667	2568	4.61461
133	6	8598	1271	4.27472
133	7	16069	16069	3.42498
133	8	13	13	0.00523376
133	9	50256	50256	0.00427151
134	5	9260	11904	4.67873
134	6	1577	5419	4.5625
134	7	262	262	0.677642
134	8	5440	1402	6.01059
134	9	663	663	1.88068
134	10	14688	35988	4.97558
134	11	680	4778	3.61749
134	12	5585	13737	4.20998
134	13	13	13	0.00594234
134	14	50256	50256	0.00242138
135	5	389	284	5.09277
135	6	1036	1588	5.05372
135	7	515	284	4.5927
135	8	284	284	0.083005
135	9	787	1660	3.93749
135	10	257	257	0.423127
135	11	279	6156	5.06713
135	12	2150	2340	5.65674
135	13	298	284	4.29131
135	14	1779	1123	5.28502
135	15	3681	13	5.25734
135	16	13	13	0.0165014
135	17	50256	50256	0.00129128
136	5	24830	4417	5.09752
136	6	287	11	2.68448
136	7	543	257	3.70141
136	8	1123	393	2.55374
136	9	6194	393	6.117
136	10	2391	393	4.69046
136	11	6870	393	4.10235
136	12	530	530	1.83388
136	13	44278	415	5.24435
136	14	415	415	3.16223
136	15	393	290	1.46851
136	16	48617	584	5.96759
136	17	13	13	0.00825691
136	18	50256	50256	0.00291252
137	5	3473	1748	3.56666
137	6	5688	1748	4.49737
137	7	286	286	0.0616932
137	8	12925	734	5.86957
137	9	5207	12	3.25884
137	10	286	286	0.0631857
137	11	1660	663	5.61675
137	12	4771	13	5.58008
137	13	13	13	0.00373554
137	14	50256	50256	0.00211811
138	5	3825	3825	2.21449
138	6	338	338	0.918102
138	7	4755	4755	3.06265
138	8	26161	318	5.27606
138	9	17669	656	3.6337
138	10	656	656	0.287293
138	11	43142	734	5.76829
138	12	290	290	0.267237
138	13	10050	50256	4.90188
138	14	2568	2568	2.33604
138	15	13	13	0.00286293
138	16	50256	50256	0.00281143
139	5	3881	326	6.58185
139	6	326	326	0.920336
139	7	460	460	1.35304
139	8	47577	1296	5.10582
139	9	6364	460	5.56288
139	10	625	1231	3.77
139	11	41917	734	5.33047
139	12	1661	1978	5.43812
139	13	66	72	3.4575
139	14	2040	2057	5.64983
139	15	13	13	0.00450611
139	16	50256	50256	0.00175571
140	5	286	286	0.430772
140	6	28722	257	3.22375
140	7	287	286	1.20921
140	8	257	257	0.623697
140	9	5931	5931	2.44868
140	10	6317	6317	2.95206
140	11	13	13	0.00317574
140	12	50256	50256	0.0023098
141	5	5002	5002	2.88729
141	6	326	326	0.563341
141	7	318	318	0.438573
141	8	8122	8122	2.44326
141	9	379	379	1.73775
141	10	8850	663	2.74609
141	11	2119	1633	3.71387
141	12	5951	5951	2.84273
141	13	13	13	0.00355339
141	14	50256	50256	0.00318813
142	5	284	284	0.698627
142	6	22792	262	5.07817
142	7	962	78	5.22434
142	8	2763	1748	4.66583
142	9	403	12	4.95954
142	10	338	338	0.641225
142	11	22234	6156	4.43842
142	12	287	287	0.606521
142	13	36094	8706	5.08841
142	14	13	13	0.0101271
142	15	50256	50256	0.00186634
143	5	38467	1296	4.67163
143	6	1296	1296	1.70726
143	7	1969	1296	5.45903
143	8	15814	422	5.83575
143	9	351	351	0.346539
143	10	262	262	1.32874
143	11	11135	3825	4.5106
143	12	286	286	0.374537
143	13	6134	663	3.01762
143	14	13	13	0.00350952
143	15	50256	50256	0.00174904
144	5	262	262	0.147178
144	6	39522	3139	4.76719
144	7	286	286	0.189987
144	8	1568	262	4.79695
144	9	4795	385	4.64534
144	10	10752	287	4.22585
144	11	12153	5478	4.642
144	12	274	286	3.08962
144	13	13	13	0.00674248
144	14	50256	50256	0.00539684
145	5	319	319	0.733489
145	6	2995	262	4.25425
145	7	1141	1141	1.70408
145	8	262	262	0.0538836
145	9	44695	1767	3.9828
145	10	1810	13	4.24148
145	11	13	13	0.00691414
145	12	50256	50256	0.00435734
146	5	48440	262	5.815
146	6	11904	1271	3.44222
146	7	973	11	4.56347
146	8	355	355	1.08479
146	9	257	257	0.715998
146	10	25721	7022	4.94514
146	11	13	13	0.00437164
146	12	50256	50256	0.00338078
147	5	319	319	1.65746
147	6	46376	262	4.47333
147	7	11	11	0.307846
147	8	16083	11	4.95483
147	9	981	981	2.20084
147	10	262	262	0.084094
147	11	46376	3139	4.92086
147	12	318	11	1.41472
147	13	9583	262	4.43291
147	14	13	13	0.00701714
147	15	50256	50256	0.00253963
148	5	9779	8122	6.78458
148	6	318	318	0.641511
148	7	257	257	0.467427
148	8	7446	257	4.68304
148	9	8379	393	4.39126
148	10	326	656	1.45584
148	11	22625	5931	5.73738
148	12	284	284	0.0862579
148	13	257	257	0.149755
148	14	10345	1602	4.60409
148	15	1720	13	4.9625
148	16	13	13	0.00316811
148	17	50256	50256	0.00160027
149	5	1254	307	5.41403
149	6	3463	416	8.75772
149	7	1203	422	5.51513
149	8	780	422	3.37461
149	9	484	511	4.16964
149	10	290	290	1.98222
149	11	511	511	1.49416
149	12	16807	584	4.85486
149	13	389	422	2.30291
149	14	17282	584	4.43839
149	15	7463	1978	6.64083
149	16	1978	2057	3.39469
149	17	13	13	0.0112362
149	18	50256	50256	0.00293922
150	5	262	262	0.0893202
150	6	6697	3825	5.45958
150	7	4571	4417	4.09661
150	8	422	416	1.63659
150	9	749	1444	4.90023
150	10	584	13	3.23196
150	11	14705	1402	4.67826
150	12	287	287	0.486704
150	13	674	262	3.38174
150	14	6591	6591	2.96027
150	15	1080	1080	1.87898
150	16	13	13	0.00332642
150	17	50256	50256	0.00124645
151	5	287	287	0.194546
151	6	10598	262	5.13342
151	7	287	287	0.265299
151	8	5846	16519	5.21064
151	9	37078	6896	4.18337
151	10	13	13	0.0041666
151	11	50256	50256	0.00611877
152	5	9505	2753	7.07041
152	6	379	11	1.97028
152	7	262	262	0.113109
152	8	5645	1767	6.36055
152	9	286	286	0.0466909
152	10	11945	257	3.86813
152	11	287	287	0.265975
152	12	867	281	2.91215
152	13	24039	1767	4.34163
152	14	13	13	0.00314426
152	15	50256	50256	0.00196075
153	5	3106	1271	4.10137
153	6	36186	422	6.0322
153	7	326	416	2.25511
153	8	4909	973	3.16426
153	9	6588	663	5.37841
153	10	13	13	0.0214348
153	11	50256	50256	0.00204563
154	5	2630	262	3.1542
154	6	262	262	0.100185
154	7	711	19517	5.94993
154	8	1900	1627	3.45432
154	9	355	355	1.41527
154	10	383	262	4.064
154	11	23165	820	4.97029
154	12	1471	6896	5.77708
154	13	30215	13	7.00708
154	14	13	13	0.00367832
154	15	50256	50256	0.00167274
155	5	1497	11	2.68021
155	6	422	11	1.7592
155	7	262	262	0.120047
155	8	2612	1402	3.75687
155	9	11	11	0.232477
155	10	7692	981	4.57458
155	11	286	286	0.214579
155	12	663	663	1.73082
155	13	11863	11863	3.20471
155	14	2695	1123	5.8599
155	15	13	13	0.00347805
155	16	50256	50256	0.00138664
156	5	21718	21718	3.70263
156	6	6296	6296	3.40159
156	7	1474	1474	2.19126
156	8	6342	262	4.1491
156	9	287	287	0.348561
156	10	4881	4881	3.19829
156	11	13	13	0.00483894
156	12	50256	50256	0.00323391
157	5	257	257	0.243906
157	6	2060	2060	2.71323
157	7	19078	460	5.21845
157	8	1143	12	6.7631
157	9	5935	257	6.26531
157	10	326	326	0.559632
157	11	36319	326	6.49607
157	12	656	326	3.17987
157	13	4553	2060	4.62429
157	14	39966	326	6.12535
157	15	13	13	0.0835581
157	16	50256	50256	0.00248814
158	5	257	257	0.786903
158	6	4553	4553	3.44822
158	7	13239	276	4.91996
158	8	422	422	0.443566
158	9	6134	2057	3.15538
158	10	290	290	0.460253
158	11	4695	4695	3.02132
158	12	13	13	0.00717545
158	13	50256	50256	0.00179005
159	5	881	925	2.78668
159	6	286	286	0.0534363
159	7	21673	262	5.69089
159	8	338	338	0.226539
159	9	6156	6156	3.77451
159	10	26898	1688	5.30554
159	11	4417	338	3.07583
159	12	13	13	0.0260296
159	13	50256	50256	0.00478458
160	5	262	262	2.17191
160	6	1180	3825	5.95631
160	7	4069	3825	6.01892
160	8	286	286	0.130612
160	9	3056	867	5.87179
160	10	290	290	0.0942421
160	11	1660	1660	3.56964
160	12	319	11	4.57132
160	13	7815	281	5.02754
160	14	13	13	0.00597763
160	15	50256	50256	0.00148201
161	5	11	11	0.147556
161	6	262	262	0.302169
161	7	3825	3825	1.12037
161	8	24234	11	5.50308
161	9	262	262	0.0984106
161	10	33258	3825	5.67936
161	11	1602	1080	4.55331
161	12	1352	7022	4.95153
161	13	13	13	0.00393009
161	14	50256	50256	0.00185776
162	5	45656	7424	3.23013
162	6	621	621	1.2665
162	7	7424	7424	2.4795
162	8	2266	1657	2.71415
162	9	1657	1657	1.88712
162	10	13	13	0.0127068
162	11	50256	50256	0.00422859
163	5	925	925	1.98323
163	6	510	318	4.4642
163	7	286	286	0.0550041
163	8	30362	262	5.27216
163	9	16057	378	5.4278
163	10	68	656	6.45182
163	11	13	13	0.00917244
163	12	50256	50256	0.00214195
164	5	3356	3139	5.86135
164	6	286	286	0.0914412
164	7	15938	663	5.73748
164	8	656	656	0.639564
164	9	290	290	1.3485
164	10	503	1296	6.45673
164	11	286	286	0.139923
164	12	257	257	0.970037
164	13	2685	3825	3.99857
164	14	13	13	0.00638866
164	15	50256	50256	0.00172615
165	5	5732	416	4.26986
165	6	351	351	1.91578
165	7	262	262	0.347887
165	8	6616	4417	4.67975
165	9	286	286	0.149588
165	10	663	663	0.707344
165	11	2866	5044	4.25636
165	12	287	422	2.68192
165	13	15993	663	6.72031
165	14	12933	16912	6.99316
165	15	13	13	0.00273132
165	16	50256	50256	0.00159931
166	5	286	286	0.309072
166	6	15317	257	4.31498
166	7	290	290	0.0771208
166	8	19783	7840	5.12409
166	9	13	13	0.00443745
166	10	50256	50256	0.0056591
167	5	5366	318	6.6817
167	6	286	286	0.0998774
167	7	262	262	0.354239
167	8	7022	1692	4.16141
167	9	286	286	0.153445
167	10	347	262	6.02885
167	11	8553	1080	5.88638
167	12	78	286	6.23866
167	13	13	13	0.00567913
167	14	50256	50256	0.00810528
168	5	286	286	0.123703
168	6	5186	5186	2.51596
168	7	3877	3877	1.62999
168	8	13	13	0.0160542
168	9	50256	50256	0.0127945
169	5	1768	329	5.21522
169	6	3994	422	3.38566
169	7	262	262	0.338608
169	8	13204	1402	3.95339
169	9	7532	544	4.21651
169	10	41927	6896	4.49781
169	11	10680	13	4.32755
169	12	13	13	0.00327015
169	13	50256	50256	0.00421143
170	5	3139	3139	0.715608
170	6	286	286	0.310184
170	7	29638	262	5.14698
170	8	11	11	0.125299
170	9	2138	290	2.6196
170	10	621	621	1.00749
170	11	11294	6156	4.89079
170	12	23117	16912	5.03508
170	13	42124	13	5.13179
170	14	13	13	0.00292683
170	15	50256	50256	0.00221634
171	5	338	338	0.18139
171	6	383	3139	4.5619
171	7	9467	925	5.49584
171	8	13274	12	5.53477
171	9	286	286	0.102514
171	10	14059	6156	6.09471
171	11	3407	326	6.25171
171	12	24203	663	4.30255
171	13	29906	13	4.55079
171	14	13	13	0.00247192
171	15	50256	50256	0.00250721
172	5	12	12	1.20082
172	6	2164	3139	4.90599
172	7	1328	12	4.7767
172	8	31513	257	5.27686
172	9	3881	257	4.85523
172	10	2219	4417	5.4684
172	11	287	287	0.443281
172	12	9151	4898	4.88822
172	13	291	12	3.81267
172	14	20048	820	3.63255
172	15	13	13	0.00405979
172	16	50256	50256	0.00281334
173	5	1115	1296	4.67555
173	6	11954	460	5.65017
173	7	11	11	0.129234
173	8	734	530	5.17289
173	9	8901	351	6.51954
173	10	2910	1633	5.2933
173	11	832	11	1.08168
173	12	663	663	1.27915
173	13	308	308	3.55282
173	14	2171	23235	4.60169
173	15	13	13	0.00312138
173	16	50256	50256	0.0020752
174	5	12278	1573	4.48689
174	6	17655	326	4.71823
174	7	1626	351	3.78594
174	8	15114	262	6.23899
174	9	393	290	2.87919
174	10	1022	422	4.10094
174	11	257	262	1.44995
174	12	6279	2818	5.51014
174	13	290	290	1.04135
174	14	262	262	0.188336
174	15	2323	976	4.35567
174	16	13	13	0.0180664
174	17	50256	50256	0.00192642
175	5	39526	8122	4.52508
175	6	2877	257	3.25463
175	7	351	351	0.635849
175	8	257	257	0.156221
175	9	5205	734	5.76373
175	10	33567	393	5.46417
175	11	6587	966	5.33885
175	12	5212	338	4.8038
175	13	13	13	0.00417805
175	14	50256	50256	0.00167274
176	5	262	262	0.253968
176	6	4376	6869	6.56377
176	7	3006	12	5.26653
176	8	286	286	1.04098
176	9	257	262	2.62636
176	10	23470	318	5.33235
176	11	2512	1271	4.14924
176	12	3328	2340	6.09387
176	13	16882	393	6.77425
176	14	13	13	0.0148382
176	15	50256	50256	0.00185204
177	5	9417	326	5.67858
177	6	9136	257	5.61658
177	7	6492	460	5.57352
177	8	422	422	1.01772
177	9	1728	1440	4.04654
177	10	2266	5667	4.15577
177	11	33773	393	5.8484
177	12	13	13	0.0133543
177	13	50256	50256	0.00236511
178	5	7411	11	8.48647
178	6	6953	318	5.40204
178	7	11	11	0.209827
178	8	11863	393	3.42176
178	9	11	11	0.912844
178	10	290	290	0.506397
178	11	1660	1660	2.6159
178	12	13	13	0.021452
178	13	50256	50256	0.00848007
179	5	1277	1588	4.61646
179	6	511	511	1.28578
179	7	734	35988	3.95826
179	8	2951	460	5.80124
179	9	14799	284	5.03365
179	10	981	319	3.13943
179	11	21976	3833	5.21551
179	12	511	511	1.79967
179	13	21334	21334	2.88924
179	14	13	13	0.00226593
179	15	50256	50256	0.00153828
180	5	11	11	0.0458269
180	6	2138	981	2.74712
180	7	621	621	2.27549
180	8	2458	1296	5.79786
180	9	287	287	1.54069
180	10	663	1123	2.5374
180	11	5253	318	5.07074
180	12	422	326	1.95356
180	13	262	262	0.195376
180	14	3825	3825	1.5922
180	15	11	11	1.25962
180	16	5640	290	7.96851
180	17	262	262	0.097497
180	18	7028	3825	5.87076
180	19	13	13	0.0932455
180	20	50256	50256	0.00158882
181	5	8064	3139	4.38375
181	6	286	286	0.130529
181	7	257	257	0.189347
181	8	48862	1688	4.62583
181	9	485	12	4.63508
181	10	272	338	4.23674
181	11	9197	1271	5.26325
181	12	338	338	0.190859
181	13	38447	1692	6.78636
181	14	284	284	0.104187
181	15	663	663	0.381718
181	16	14753	820	5.35078
181	17	13	13	0.0119028
181	18	50256	50256	0.00345993
182	5	874	318	4.58216
182	6	287	287	0.782681
182	7	262	262	0.128027
182	8	8434	318	5.11248
182	9	1027	12	4.5597
182	10	1037	284	3.64343
182	11	4886	12	5.20953
182	12	13179	729	4.76565
182	13	286	286	0.0735626
182	14	262	262	0.604647
182	15	1182	13	4.27548
182	16	13	13	0.0174627
182	17	50256	50256	0.00241661
183	5	1262	11	2.81074
183	6	14091	5186	4.05316
183	7	7572	5931	5.79702
183	8	319	319	1.29395
183	9	24012	734	5.1936
183	10	458	393	4.47874
183	11	34387	3877	3.81406
183	12	13	13	0.0049963
183	13	50256	50256	0.00521278
184	5	3463	1296	6.42285
184	6	318	318	0.441763
184	7	262	262	0.472575
184	8	29973	3825	4.12286
184	9	2700	1080	4.97769
184	10	7205	286	6.84603
184	11	319	355	1.7463
184	12	281	262	1.72814
184	13	2134	2134	2.2768
184	14	13	13	0.0143166
184	15	50256	50256	0.00268936
185	5	7475	318	2.76952
185	6	11	11	0.7389
185	7	355	355	1.64712
185	8	618	618	2.10851
185	9	466	3624	5.83647
185	10	407	351	2.87407
185	11	4329	3877	6.39166
185	12	836	16912	5.41477
185	13	470	16912	4.91941
185	14	13	13	0.00399876
185	15	50256	50256	0.00138283
186	5	19700	7840	4.25383
186	6	6588	5667	4.19911
186	7	378	1088	4.18959
186	8	21622	1088	4.13586
186	9	13	13	0.00351429
186	10	50256	50256	0.00193787
187	5	18405	2057	7.00352
187	6	284	284	0.050519
187	7	2222	1296	5.737
187	8	15619	284	6.23785
187	9	1657	1296	3.1729
187	10	284	284	0.0606861
187	11	257	257	0.342434
187	12	2962	17076	3.82233
187	13	13	13	0.0117455
187	14	50256	50256	0.00170135
188	5	14310	8122	6.55008
188	6	287	287	1.609
188	7	8122	5186	3.77478
188	8	284	287	1.73102
188	9	7603	5186	6.92216
188	10	1771	393	6.79704
188	11	257	257	0.384678
188	12	4417	4417	2.5632
188	13	318	318	0.47683
188	14	1241	5186	4.89977
188	15	13	13	0.00425625
188	16	50256	50256	0.00207138
189	5	262	262	0.0962248
189	6	19517	1767	3.2053
189	7	6896	6896	1.90474
189	8	351	290	4.09973
189	9	262	262	0.0413942
189	10	2297	1767	4.02481
189	11	6896	6896	1.49972
189	12	13	13	0.0166178
189	13	50256	50256	0.00281334
190	5	269	8122	4.92682
190	6	8325	8122	4.6136
190	7	298	12	4.32916
190	8	13100	618	4.83794
190	9	290	290	0.256769
190	10	318	318	2.32448
190	11	4318	1633	4.69955
190	12	284	284	0.242071
190	13	10469	1296	4.87474
190	14	16585	415	5.59363
190	15	13	13	0.00993061
190	16	50256	50256	0.00191307
191	5	3793	4439	4.47731
191	6	284	284	0.214265
191	7	9161	262	5.15135
191	8	1613	284	3.27615
191	9	1692	290	4.76842
191	10	14515	1767	3.90073
191	11	13	13	0.00686646
191	12	50256	50256	0.00265503
192	5	15715	2587	5.5564
192	6	621	511	2.70185
192	7	8122	511	4.9617
192	8	1660	2587	3.90341
192	9	11	11	1.2443
192	10	523	393	4.76594
192	11	340	511	2.92869
192	12	36016	393	6.03168
192	13	13	13	0.016963
192	14	50256	50256	0.00473118
193	5	9518	15061	4.36876
193	6	11447	4778	4.14246
193	7	10717	10717	3.63343
193	8	13	13	0.00591469
193	9	50256	50256	0.00246143
194	5	656	656	0.946541
194	6	257	257	0.120734
194	7	4735	4735	2.74682
194	8	13	13	0.00469208
194	9	50256	50256	0.00376034
195	5	262	262	0.107349
195	6	779	1767	6.78961
195	7	286	286	0.448449
195	8	1657	262	4.192
195	9	290	290	0.0775433
195	10	9082	867	4.47812
195	11	287	287	0.187353
195	12	5874	663	5.02131
195	13	1242	4618	3.99698
195	14	13	13	0.00251293
195	15	50256	50256	0.00154114
196	5	6115	3194	5.08511
196	6	355	329	1.85917
196	7	257	257	0.157698
196	8	27216	7022	4.6624
196	9	875	3877	4.21683
196	10	16912	13	3.59955
196	11	13	13	0.00244999
196	12	50256	50256	0.00340271
197	5	373	318	3.81656
197	6	257	257	0.113882
197	7	4960	1588	5.2223
197	8	6761	12	5.49838
197	9	286	286	0.0271683
197	10	21641	663	5.13572
197	11	290	290	0.0927057
197	12	4898	4898	3.41396
197	13	9967	12	5.01017
197	14	20842	16912	4.67348
197	15	13	13	0.00555611
197	16	50256	50256	0.00297832
198	5	290	290	0.123572
198	6	2314	1296	5.48041
198	7	47933	460	4.8251
198	8	832	832	0.463393
198	9	257	262	0.822925
198	10	2818	1180	4.70968
198	11	17076	13	3.82677
198	12	13	13	0.00660133
198	13	50256	50256	0.00165939
199	5	11945	663	3.97353
199	6	1978	13	3.25888
199	7	379	338	2.35387
199	8	867	663	3.21493
199	9	24039	734	4.53787
199	10	13	13	0.00385189
199	11	50256	50256	0.00279999
200	5	1022	287	2.67079
200	6	262	262	0.186713
200	7	37015	19517	5.94482
200	8	286	286	0.155533
200	9	8706	262	3.53881
200	10	290	290	0.0425472
200	11	22721	262	5.3639
200	12	13	13	0.0130644
200	13	50256	50256	0.00731087
201	5	8850	511	3.13719
201	6	5405	5667	6.55767
201	7	621	621	2.59532
201	8	832	1657	5.59921
201	9	257	257	0.841707
201	10	17076	7424	4.10327
201	11	13	13	0.00432491
201	12	50256	50256	0.00323963
202	5	257	257	0.104322
202	6	20831	8122	4.71999
202	7	15283	318	4.43906
202	8	9290	329	5.75214
202	9	4143	284	9.34965
202	10	12073	663	5.42998
202	11	663	663	1.00257
202	12	3833	663	3.94327
202	13	13	13	0.0283947
202	14	50256	50256	0.00121021
203	5	44653	262	5.62059
203	6	389	416	1.88566
203	7	34262	3170	3.93771
203	8	878	326	2.71019
203	9	511	511	2.31609
203	10	15061	1688	4.68922
203	11	36402	12	4.26833
203	12	1280	66	5.24488
203	13	13	13	0.00515652
203	14	50256	50256	0.00168419
204	5	329	286	3.03625
204	6	262	262	0.0801716
204	7	3491	4417	4.811
204	8	12	12	1.93517
204	9	16760	1402	4.13242
204	10	13888	3877	4.26076
204	11	286	286	0.0664673
204	12	663	663	0.696244
204	13	8234	1692	5.51323
204	14	17894	1080	5.65166
204	15	13	13	0.0047617
204	16	50256	50256	0.00154781
205	5	10396	3170	4.91737
205	6	12610	2057	5.96673
205	7	6143	2057	5.15203
205	8	27452	2057	5.34552
205	9	1321	11904	4.16052
205	10	1231	656	2.37759
205	11	12948	584	4.97668
205	12	1176	4618	6.00602
205	13	13	13	0.0159674
205	14	50256	50256	0.00132084
206	5	12091	262	3.61421
206	6	21566	78	3.8311
206	7	260	78	4.81664
206	8	739	262	3.31994
206	9	262	262	0.364077
206	10	3112	1748	4.67263
206	11	1438	78	4.7079
206	12	4424	1123	5.3363
206	13	11751	14355	4.9653
206	14	7459	72	5.58316
206	15	13	13	0.0106544
206	16	50256	50256	0.00306034
207	5	1863	656	3.14116
207	6	262	262	0.0848198
207	7	8830	1692	5.02426
207	8	1735	1080	6.43678
207	9	286	286	0.255799
207	10	2520	262	4.31262
207	11	2253	2253	1.9559
207	12	13	13	0.0499926
207	13	50256	50256	0.00296783
208	5	257	257	0.486035
208	6	31607	1767	4.90199
208	7	8122	8122	2.80149
208	8	5732	13	4.61032
208	9	351	621	1.56274
208	10	6795	663	5.22112
208	11	13	13	0.00672913
208	12	50256	50256	0.00329876
209	5	3139	3139	1.22005
209	6	1748	1748	1.31365
209	7	286	286	0.112598
209	8	16519	257	3.31716
209	9	13	13	0.00918102
209	10	50256	50256	0.0080843
210	5	379	11	3.49215
210	6	262	262	0.0325451
210	7	3641	3139	5.96181
210	8	286	286	0.0676708
210	9	674	262	4.46356
210	10	6591	1080	3.52915
210	11	1080	1080	2.48397
210	12	13	13	0.00515842
210	13	50256	50256	0.00566769
211	5	4025	3139	4.33112
211	6	2010	1271	5.36992
211	7	2700	1271	4.36051
211	8	11073	11	3.8228
211	9	257	257	0.0669117
211	10	4025	4417	4.02668
211	11	20309	1271	6.11168
211	12	13	13	0.00458908
211	13	50256	50256	0.00622082
212	5	4656	318	4.89712
212	6	468	416	3.22437
212	7	6697	1296	5.01713
212	8	6698	1296	4.42144
212	9	3025	618	3.43696
212	10	3815	338	3.69141
212	11	751	5289	5.03148
212	12	284	284	0.0966444
212	13	3598	13	4.7797
212	14	13	13	0.00989056
212	15	50256	50256	0.00151062
213	5	262	262	0.102126
213	6	1138	1767	5.91236
213	7	37670	12	4.23106
213	8	1042	15921	3.98467
213	9	286	286	0.82074
213	10	30498	257	4.66465
213	11	13	13	0.00256348
213	12	50256	50256	0.00246716
214	5	16662	656	5.88359
214	6	284	284	0.164992
214	7	24949	47314	5.02378
214	8	290	290	0.0424414
214	9	28436	13	3.75347
214	10	2057	2057	1.22904
214	11	13	13	0.00579548
214	12	50256	50256	0.00377846
215	5	4257	3139	5.98897
215	6	9106	1748	5.69825
215	7	316	12	4.69135
215	8	16982	1748	5.32959
215	9	4879	1748	5.61839
215	10	286	286	0.104335
215	11	9403	257	5.89328
215	12	6134	290	3.18596
215	13	13	13	0.00555801
215	14	50256	50256	0.00283527
216	5	318	318	1.00747
216	6	262	262	0.126196
216	7	4417	4417	2.29547
216	8	4067	318	5.89894
216	9	3264	351	5.03093
216	10	2029	287	3.46583
216	11	663	663	0.987825
216	12	2962	584	4.67427
216	13	13	13	0.00597954
216	14	50256	50256	0.00244045
217	5	318	318	0.450663
217	6	9086	257	6.46838
217	7	1022	284	4.01103
217	8	16256	1944	4.1088
217	9	290	290	0.0974817
217	10	46117	6156	5.9723
217	11	968	393	6.74516
217	12	22777	4618	5.08976
217	13	13	13	0.00331497
217	14	50256	50256	0.00218201
218	5	981	981	1.42499
218	6	8868	781	5.52962
218	7	23822	1080	5.68204
218	8	1022	287	2.82458
218	9	606	511	2.48426
218	10	13	13	0.00802708
218	11	50256	50256	0.00308132
219	5	8811	925	3.66038
219	6	925	925	1.71018
219	7	422	422	0.230327
219	8	22365	1296	5.9643
219	9	388	284	4.67983
219	10	17135	393	5.88758
219	11	5026	1123	5.57384
219	12	47196	4618	5.21264
219	13	13	13	0.00589657
219	14	50256	50256	0.00165558
220	5	780	422	4.38928
220	6	484	511	4.94243
220	7	389	284	2.66479
220	8	19346	262	5.40819
220	9	621	621	2.17767
220	10	262	262	0.355202
220	11	7346	1767	5.31352
220	12	6591	4417	3.49209
220	13	4417	4417	2.09731
220	14	13	13	0.00492668
220	15	50256	50256	0.00165558
221	5	262	262	0.113661
221	6	8434	12108	4.52999
221	7	21405	15921	4.75854
221	8	286	286	0.137964
221	9	1728	16519	7.17284
221	10	7150	4618	4.71203
221	11	13	13	0.00335789
221	12	50256	50256	0.00290489
222	5	2187	11	7.4681
222	6	287	287	0.131474
222	7	10801	262	4.95877
222	8	290	290	0.132585
222	9	12070	1296	4.49299
222	10	284	284	0.336613
222	11	4439	7301	4.90047
222	12	3056	13	4.91002
222	13	13	13	0.00924778
222	14	50256	50256	0.00242233
223	5	395	2057	5.19259
223	6	563	262	3.85505
223	7	28539	262	5.56842
223	8	2995	262	4.14857
223	9	7346	1660	3.47845
223	10	262	262	0.16406
223	11	19636	285	5.61472
223	12	29179	1080	5.17191
223	13	286	286	0.1081
223	14	4492	4492	3.13532
223	15	13	13	0.00491238
223	16	50256	50256	0.00171757
224	5	9565	734	4.66094
224	6	832	11	1.55514
224	7	35115	734	5.20756
224	8	13	13	0.00381565
224	9	50256	50256	0.00387001
225	5	16824	78	5.56002
225	6	262	262	0.397985
225	7	2159	1688	5.08292
225	8	287	284	1.89053
225	9	412	262	5.18827
225	10	14400	12	4.51378
225	11	12579	393	5.11615
225	12	5679	385	4.95285
225	13	1380	1123	5.48737
225	14	576	8882	5.13816
225	15	292	397	4.44947
225	16	376	2271	4.3006
225	17	10332	72	5.54453
225	18	13	13	0.0140905
225	19	50256	50256	0.00222206
226	5	257	257	1.17377
226	6	3288	1588	4.86281
226	7	18645	12	5.12291
226	8	1022	284	3.70799
226	9	4881	4881	3.43468
226	10	290	290	0.0576286
226	11	8602	640	4.90062
226	12	13	13	0.00217152
226	13	50256	50256	0.0032053
227	5	1296	1296	1.38254
227	6	618	618	1.68569
227	7	27163	1296	5.1533
227	8	13166	422	3.45437
227	9	1716	1296	5.28193
227	10	16001	12	4.78055
227	11	276	284	4.18324
227	12	290	290	0.13252
227	13	20534	1440	5.48019
227	14	276	12	2.72107
227	15	1978	13	4.12467
227	16	13	13	0.0193644
227	17	50256	50256	0.00167561
228	5	5931	2568	4.30356
228	6	4847	5667	3.42479
228	7	287	287	0.147474
228	8	1502	584	5.78905
228	9	286	286	0.0719728
228	10	3649	734	6.23941
228	11	17226	12	3.72995
228	12	1271	1271	1.76466
228	13	13	13	0.00300407
228	14	50256	50256	0.00180531
229	5	1141	319	1.94658
229	6	262	262	0.0204697
229	7	3227	1767	4.66463
229	8	286	286	0.11534
229	9	18391	262	6.37804
229	10	4778	4778	1.08897
229	11	13	13	0.00951672
229	12	50256	50256	0.00182343
230	5	5931	1660	3.4653
230	6	33543	5667	6.45085
230	7	290	290	0.045414
230	8	6149	1660	4.82649
230	9	5387	1660	4.62861
230	10	15121	393	5.11817
230	11	8573	8573	2.18844
230	12	13	13	0.00772572
230	13	50256	50256	0.00307846
231	5	287	287	0.780034
231	6	281	281	1.16878
231	7	26433	7022	5.82108
231	8	338	338	0.150213
231	9	7446	4898	5.29514
231	10	8379	966	5.042
231	11	13	13	0.0200558
231	12	50256	50256	0.00212193
232	5	45656	7424	3.35887
232	6	621	621	1.33909
232	7	7424	7424	2.52482
232	8	45725	1657	4.77417
232	9	1657	1657	1.58416
232	10	13	13	0.0105238
232	11	50256	50256	0.00400162
233	5	422	422	0.419002
233	6	11135	1588	4.43902
233	7	3812	355	2.97367
233	8	262	262	0.0589447
233	9	6727	3825	5.7573
233	10	3354	3354	2.98283
233	11	286	286	0.043211
233	12	257	257	1.52411
233	13	4618	4618	3.19313
233	14	13	13	0.00617886
233	15	50256	50256	0.0014286
234	5	11	11	0.427145
234	6	511	530	2.4095
234	7	781	1296	4.15733
234	8	16415	3170	5.50096
234	9	43855	393	5.88492
234	10	606	663	3.0102
234	11	21258	584	5.51871
234	12	13	13	0.00593853
234	13	50256	50256	0.00444031
235	5	338	338	0.786526
235	6	10861	1296	4.96349
235	7	49831	12	5.56182
235	8	560	284	5.80527
235	9	9335	1296	5.79367
235	10	373	3170	3.50166
235	11	4624	2057	5.92019
235	12	625	284	5.51023
235	13	465	262	4.4853
235	14	285	511	3.94745
235	15	13929	2057	5.31854
235	16	1431	4618	5.73854
235	17	1182	4618	4.71722
235	18	13	13	0.123908
235	19	50256	50256	0.00179863
236	5	5752	5186	4.76204
236	6	24139	318	6.03707
236	7	1626	284	3.85299
236	8	257	257	0.105753
236	9	50126	14153	5.0121
236	10	6831	706	5.53821
236	11	3084	13	7.84297
236	12	13	13	0.00271797
236	13	50256	50256	0.003829
237	5	2168	262	5.35184
237	6	6673	422	4.28209
237	7	511	511	1.15244
237	8	4180	511	4.61988
237	9	1817	2057	5.09469
237	10	13	13	0.00374699
237	11	50256	50256	0.0020504
238	5	379	318	1.96962
238	6	393	351	2.67229
238	7	1474	351	5.61958
238	8	3668	262	3.54789
238	9	338	338	0.0999699
238	10	4417	4417	2.14448
238	11	13	13	0.0300417
238	12	50256	50256	0.00312996
239	5	23426	15061	5.37749
239	6	6007	1748	3.97915
239	7	286	286	0.0886097
239	8	12605	16519	4.98174
239	9	13232	287	5.45878
239	10	5474	13	4.86903
239	11	13	13	0.00327587
239	12	50256	50256	0.00473595
240	5	1366	281	6.74036
240	6	523	351	6.27371
240	7	326	326	1.26656
240	8	5100	1296	5.76689
240	9	1895	5667	6.69134
240	10	460	326	1.74563
240	11	307	1296	3.82644
240	12	5443	23235	5.26748
240	13	13	13	0.0143757
240	14	50256	50256	0.0019455
241	5	636	881	2.903
241	6	286	286	0.134301
241	7	262	262	0.0784073
241	8	4865	1402	6.19542
241	9	1022	287	3.49953
241	10	3340	290	6.27023
241	11	290	290	0.0321531
241	12	262	262	0.112609
241	13	1578	3139	4.45518
241	14	1829	6896	3.88749
241	15	13	13	0.0111389
241	16	50256	50256	0.00261402
242	5	286	286	0.152231
242	6	14807	16519	5.30275
242	7	287	287	0.187303
242	8	21199	16519	3.86559
242	9	7229	7229	2.23471
242	10	13	13	0.00432777
242	11	50256	50256	0.0050106
243	5	262	262	0.0537968
243	6	16936	6869	5.69608
243	7	1900	1900	3.19137
243	8	3491	286	5.98724
243	9	284	284	0.679904
243	10	262	262	0.031539
243	11	3825	3825	1.85546
243	12	13	13	0.082551
243	13	50256	50256	0.00265598
244	5	5400	5400	3.25252
244	6	287	287	0.247954
244	7	511	511	1.51693
244	8	30772	734	4.32544
244	9	13	13	0.00446987
244	10	50256	50256	0.00297737
245	5	3154	3825	5.44704
245	6	5667	5667	2.61093
245	7	379	11	2.30949
245	8	262	262	0.58769
245	9	1660	3825	3.91811
245	10	338	338	0.199397
245	11	4417	4417	1.64537
245	12	13	13	0.0278921
245	13	50256	50256	0.00251579
246	5	1864	20838	6.68582
246	6	284	284	0.0676365
246	7	511	511	1.49023
246	8	12213	6147	5.29737
246	9	351	351	2.33759
246	10	3867	511	4.88405
246	11	290	290	0.269785
246	12	31607	35988	5.10978
246	13	21164	16069	4.76781
246	14	13	13	0.00668526
246	15	50256	50256	0.00282574
247	5	329	422	2.45429
247	6	496	307	4.55635
247	7	2354	422	5.94882
247	8	257	257	0.133689
247	9	35881	2818	5.81245
247	10	389	389	2.05597
247	11	4048	2057	4.04716
247	12	13	13	0.00277042
247	13	50256	50256	0.00578499
248	5	262	262	0.0650187
248	6	4898	6156	3.64008
248	7	7972	1080	4.94396
248	8	1641	6896	4.48471
248	9	3805	981	3.59498
248	10	663	663	1.07792
248	11	1877	820	5.53258
248	12	7881	4618	5.949
248	13	13	13	0.006073
248	14	50256	50256	0.0017519
249	5	511	511	0.950974
249	6	2057	2057	1.77404
249	7	7525	416	4.40039
249	8	416	416	0.772623
249	9	6600	584	4.11041
249	10	584	584	2.74773
249	11	4695	4695	2.39663
249	12	13	13	0.00467873
249	13	50256	50256	0.00290966
250	5	15772	6268	5.02561
250	6	7386	656	5.9227
250	7	3891	2057	4.65279
250	8	656	656	0.347613
250	9	6101	734	4.86131
250	10	9405	2057	5.34275
250	11	13	13	0.0176659
250	12	50256	50256	0.00271511
251	5	318	318	0.751423
251	6	4055	257	6.48789
251	7	276	12	3.7199
251	8	287	287	0.268724
251	9	281	281	1.60175
251	10	11557	7022	4.79779
251	11	1080	15921	2.44887
251	12	13	13	0.00363541
251	13	50256	50256	0.00503826
252	5	257	257	0.109643
252	6	4553	4553	3.63122
252	7	18480	8122	6.1821
252	8	3108	338	4.94167
252	9	329	286	2.06189
252	10	1123	663	2.62895
252	11	4151	584	4.61022
252	12	13	13	0.00884056
252	13	50256	50256	0.00339603
253	5	973	11	3.63723
253	6	2116	1296	5.8994
253	7	12	12	1.90286
253	8	634	634	4.06156
253	9	27554	284	5.70083
253	10	284	284	0.0512762
253	11	7301	285	4.4499
253	12	607	284	3.71857
253	13	1204	584	4.76294
253	14	290	290	0.325603
253	15	5369	584	4.35346
253	16	13	13	0.017005
253	17	50256	50256	0.00118542
254	5	11904	1402	3.1816
254	6	326	326	0.669682
254	7	1663	1296	3.45442
254	8	2641	284	5.29233
254	9	262	262	0.27344
254	10	37185	3825	6.75807
254	11	286	286	0.243976
254	12	1232	8706	5.54508
254	13	2454	274	6.57773
254	14	6134	663	3.78495
254	15	13	13	0.00369835
254	16	50256	50256	0.00148392
255	5	3491	1080	3.72371
255	6	287	287	1.02921
255	7	3668	3668	2.3028
255	8	338	338	0.121077
255	9	1755	6156	5.71728
255	10	6766	338	5.04254
255	11	618	11	2.24687
255	12	9569	4898	5.59235
255	13	416	416	1.37208
255	14	4156	3624	5.51265
255	15	5874	1123	4.90925
255	16	22204	13	5.06561
255	17	13	13	0.022109
255	18	50256	50256	0.00185966
256	5	16968	16968	3.56553
256	6	11	11	0.350989
256	7	3584	1296	5.21592
256	8	617	1296	4.19408
256	9	5696	1296	5.18952
256	10	17438	7545	5.26146
256	11	10338	2057	4.82456
256	12	625	284	4.20609
256	13	1728	511	5.90394
256	14	5951	2057	4.12222
256	15	16069	2057	4.90458
256	16	13	13	0.0223217
256	17	50256	50256	0.00168133
257	5	12	12	1.71124
257	6	7784	1748	4.50633
257	7	29984	1043	5.25471
257	8	1043	12	2.53872
257	9	287	284	0.879194
257	10	5044	584	3.05937
257	11	4778	4778	1.43306
257	12	13	13	0.0147457
257	13	50256	50256	0.00443363
258	5	324	881	4.64216
258	6	2627	11	4.64034
258	7	262	262	0.0596905
258	8	717	3139	4.25978
258	9	1893	3139	4.80044
258	10	286	286	0.0405455
258	11	3794	262	4.29641
258	12	287	287	0.965633
258	13	11445	49545	4.65247
258	14	13	13	0.00376129
258	15	50256	50256	0.00325394
259	5	422	422	0.467325
259	6	543	262	3.60304
259	7	749	257	5.71945
259	8	1660	1660	2.59276
259	9	290	290	0.114634
259	10	7545	1296	4.87619
259	11	1540	338	4.52391
259	12	2340	2340	2.57552
259	13	423	1296	3.7609
259	14	587	511	7.01436
259	15	4615	1123	5.40625
259	16	13	13	0.152851
259	17	50256	50256	0.00158691
260	5	422	287	1.26786
260	6	826	584	3.50861
260	7	284	284	0.12187
260	8	1364	663	4.22702
260	9	13	13	0.00699043
260	10	50256	50256	0.00260162
261	5	286	286	0.0329542
261	6	867	663	3.01926
261	7	1402	1402	3.09278
261	8	12734	393	3.71534
261	9	11856	5478	5.64046
261	10	1978	13	3.15285
261	11	13	13	0.00638485
261	12	50256	50256	0.00377655
262	5	3917	262	3.21544
262	6	351	351	0.829555
262	7	262	262	0.059741
262	8	4960	4960	3.49263
262	9	6260	544	5.13325
262	10	1001	286	4.64539
262	11	72	6896	3.96768
262	12	911	13	5.14433
262	13	261	13	4.39441
262	14	1840	13	4.86866
262	15	13	13	0.0242739
262	16	50256	50256	0.0022316
263	5	558	416	5.11242
263	6	504	3170	5.02747
263	7	351	351	1.10315
263	8	6466	1180	6.47026
263	9	276	12	3.07274
263	10	21755	284	5.27143
263	11	290	290	0.0801706
263	12	7097	285	5.9007
263	13	25612	72	5.47845
263	14	13	13	0.052062
263	15	50256	50256	0.00163078
264	5	3356	4417	4.59138
264	6	1863	318	5.06138
264	7	31025	7446	7.0042
264	8	287	287	0.071764
264	9	3668	262	3.09846
264	10	338	338	0.12277
264	11	20048	21334	4.78578
264	12	13	13	0.00408649
264	13	50256	50256	0.00256252
265	5	318	318	1.10417
265	6	29679	543	4.24005
265	7	11	11	0.189831
265	8	543	543	2.03268
265	9	14582	1444	4.77177
265	10	1973	351	3.32677
265	11	1811	262	5.11349
265	12	14807	257	4.30054
265	13	13	13	0.00601768
265	14	50256	50256	0.00524235
266	5	33274	11	5.71368
266	6	468	11	4.45192
266	7	27913	257	4.82378
266	8	1744	12	4.90654
266	9	3815	12	3.24365
266	10	329	329	1.58565
266	11	1123	1123	1.34585
266	12	16839	12	3.70565
266	13	13	13	0.00626564
266	14	50256	50256	0.00333786
267	5	1022	284	2.92823
267	6	262	262	0.0806246
267	7	2910	4417	4.7678
267	8	290	290	0.0790548
267	9	7346	1402	4.48719
267	10	21379	11863	4.26804
267	11	13	13	0.00267506
267	12	50256	50256	0.00200939
268	5	13042	5389	3.86185
268	6	16524	318	5.34086
268	7	287	287	0.280493
268	8	8150	1440	5.78722
268	9	82	12	6.76214
268	10	13	13	0.00514698
268	11	50256	50256	0.0033102
269	5	8701	1767	4.26459
269	6	1641	1080	6.32854
269	7	3805	1444	5.05189
269	8	663	663	1.28205
269	9	4898	1402	3.90968
269	10	88	12	4.6335
269	11	21552	290	4.85542
269	12	13	13	0.00666809
269	13	50256	50256	0.00309658
270	5	10451	1573	5.37745
270	6	552	257	5.32783
270	7	1769	618	5.4046
270	8	257	257	0.313019
270	9	1988	618	4.75888
270	10	422	422	0.679356
270	11	584	584	3.11093
270	12	3815	393	5.31785
270	13	393	284	2.2684
270	14	14700	584	4.89788
270	15	13	13	0.0107861
270	16	50256	50256	0.00172806
271	5	618	318	3.68917
271	6	340	340	2.27051
271	7	468	416	4.55018
271	8	257	257	0.283515
271	9	7515	976	5.59087
271	10	1863	326	4.52366
271	11	281	281	1.63875
271	12	2134	2134	3.0288
271	13	338	338	0.373821
271	14	29358	4417	5.62078
271	15	13	13	0.00428009
271	16	50256	50256	0.00183105
272	5	663	663	2.16532
272	6	22421	326	3.18658
272	7	981	981	1.3779
272	8	23934	1296	4.70837
272	9	262	262	0.137362
272	10	20016	318	4.93824
272	11	1022	422	2.7708
272	12	606	663	2.67363
272	13	13	13	0.0169868
272	14	50256	50256	0.00201416
273	5	5667	5667	1.33787
273	6	8811	8811	2.73311
273	7	3417	925	5.00674
273	8	355	355	0.982692
273	9	25209	6156	6.16925
273	10	13	13	0.00454617
273	11	50256	50256	0.00190544
274	5	3601	257	5.78653
274	6	540	416	4.62405
274	7	7128	618	5.58892
274	8	5241	618	6.08956
274	9	416	287	1.78804
274	10	7720	663	5.92785
274	11	656	656	0.954083
274	12	257	257	0.182139
274	13	4417	4417	2.35885
274	14	13	13	0.0188465
274	15	50256	50256	0.0022459
275	5	4909	12622	2.91992
275	6	27253	12622	4.53803
275	7	11945	45738	3.97262
275	8	13	13	0.0038414
275	9	50256	50256	0.00548649
276	5	530	530	2.13897
276	6	6588	2568	4.20915
276	7	22037	5667	3.83757
276	8	290	290	0.260242
276	9	734	734	2.06969
276	10	11863	11863	2.29334
276	11	23235	393	2.89006
276	12	13	13	0.00363159
276	13	50256	50256	0.00455952
277	5	48159	262	4.87812
277	6	2094	262	4.58666
277	7	2264	82	4.00728
277	8	844	82	3.90376
277	9	1258	393	4.77585
277	10	319	319	1.01918
277	11	465	262	4.35556
277	12	17545	4618	5.12082
277	13	13	13	0.0166502
277	14	50256	50256	0.00398064
278	5	1657	511	2.76708
278	6	284	284	0.419519
278	7	3151	1296	5.25048
278	8	262	262	0.490464
278	9	2939	1767	4.83723
278	10	12694	1444	5.13768
278	11	329	329	1.15172
278	12	517	1402	4.94663
278	13	640	1123	4.98217
278	14	13	13	0.0202398
278	15	50256	50256	0.00189495
279	5	47969	1296	6.2212
279	6	11	11	0.138807
279	7	730	981	5.82744
279	8	335	618	5.98746
279	9	82	393	5.07185
279	10	1845	318	5.78215
279	11	11	11	0.1323
279	12	290	290	0.2595
279	13	285	1660	3.50579
279	14	3970	898	6.263
279	15	21622	656	4.79131
279	16	13	13	0.0105257
279	17	50256	50256	0.00264931
280	5	422	422	1.12749
280	6	11527	1296	4.97459
280	7	45926	460	6.20224
280	8	11	11	0.288743
280	9	981	981	1.93938
280	10	29049	1296	6.11707
280	11	363	12	4.96768
280	12	76	13166	6.52371
280	13	2737	2057	5.64921
280	14	1663	2057	5.31834
280	15	18644	2057	6.40537
280	16	422	284	3.88078
280	17	11527	511	5.77037
280	18	18570	2057	5.20643
280	19	13	13	0.0141134
280	20	50256	50256	0.00233173
281	5	16697	262	5.00408
281	6	262	262	0.181205
281	7	1767	1767	2.26574
281	8	338	338	0.475138
281	9	1660	1660	3.70605
281	10	290	290	0.436707
281	11	8268	1660	5.21313
281	12	5236	6896	4.09321
281	13	13	13	0.00277519
281	14	50256	50256	0.0015974
282	5	1936	5186	5.42678
282	6	16021	1271	5.0808
282	7	3951	966	3.83087
282	8	13	13	0.00671387
282	9	50256	50256	0.0133171
283	5	1573	3139	3.316
283	6	351	351	0.558815
283	7	257	257	0.639019
283	8	3616	1688	5.00928
283	9	2092	393	5.15338
283	10	284	284	0.399552
283	11	326	318	2.97535
283	12	286	286	0.024622
283	13	1194	663	3.52534
283	14	1573	318	3.48798
283	15	13	13	0.006917
283	16	50256	50256	0.0021286
284	5	11	11	0.202112
284	6	262	262	0.256591
284	7	11087	6869	5.0962
284	8	18333	78	5.03924
284	9	286	286	0.197341
284	10	257	257	0.339484
284	11	22950	1296	4.79364
284	12	751	77	5.26745
284	13	284	284	0.314342
284	14	11546	3668	5.28159
284	15	7370	12	4.22353
284	16	13	13	0.00403786
284	17	50256	50256	0.0027914
285	5	262	262	0.030242
285	6	1767	1767	2.20105
285	7	416	416	0.947503
285	8	10427	262	5.94195
285	9	319	319	0.614219
285	10	11945	281	3.82165
285	11	13	13	0.00559235
285	12	50256	50256	0.00214958
286	5	1487	1296	5.96321
286	6	262	262	0.167826
286	7	4571	1767	3.93936
286	8	287	287	0.828729
286	9	543	543	2.83277
286	10	257	257	0.267043
286	11	17182	1692	5.47947
286	12	8991	16912	4.15639
286	13	2700	2700	3.77856
286	14	13	13	0.0118284
286	15	50256	50256	0.0016222
287	5	422	422	0.304984
287	6	262	262	0.104126
287	7	9151	1767	5.6427
287	8	981	981	1.82815
287	9	4305	1180	6.03028
287	10	749	393	5.59533
287	11	26306	393	5.252
287	12	37056	6896	3.98917
287	13	2157	13	5.13757
287	14	13	13	0.00322533
287	15	50256	50256	0.0012207
288	5	9149	1296	5.48505
288	6	326	326	0.658964
288	7	24624	326	7.19329
288	8	9240	422	6.05645
288	9	393	393	1.21252
288	10	3520	351	7.62727
288	11	287	287	0.470497
288	12	511	663	2.47325
288	13	2656	2134	3.36965
288	14	1502	584	4.95611
288	15	13	13	0.00266743
288	16	50256	50256	0.00205517
289	5	262	262	0.317739
289	6	2166	8701	4.52645
289	7	286	286	0.188613
289	8	262	262	0.0585375
289	9	5422	1692	5.70069
289	10	1037	1444	3.87075
289	11	2005	663	5.15352
289	12	2057	2057	2.05544
289	13	13	13	0.00747395
289	14	50256	50256	0.00267506
290	5	14705	3825	4.93733
290	6	287	287	0.243215
290	7	674	3668	4.60692
290	8	6591	6591	2.53346
290	9	1080	1080	2.58584
290	10	318	318	0.536131
290	11	12548	6591	6.63218
290	12	19606	1123	3.83545
290	13	13	13	0.027545
290	14	50256	50256	0.00195599
291	5	5207	416	4.55369
291	6	286	286	0.0491133
291	7	4898	3624	4.05543
291	8	1262	12	4.18205
291	9	987	3624	4.88864
291	10	48331	393	4.185
291	11	30514	663	7.90964
291	12	290	290	0.408572
291	13	20567	3624	6.69447
291	14	13	13	0.00271416
291	15	50256	50256	0.00156879
292	5	2656	6869	5.61671
292	6	2060	257	5.80081
292	7	12	12	1.00265
292	8	26327	318	5.53618
292	9	3815	12	4.47809
292	10	618	11	3.38193
292	11	30240	3624	6.7891
292	12	287	287	0.367991
292	13	41002	281	5.34193
292	14	12	12	0.408358
292	15	23	584	4.80535
292	16	13	13	0.00822735
292	17	50256	50256	0.0016098
293	5	12737	1657	5.19649
293	6	287	832	1.12321
293	7	2877	1296	6.34055
293	8	20296	5667	5.98971
293	9	1231	5667	2.92379
293	10	852	5667	4.03068
293	11	13529	1296	4.33166
293	12	416	416	0.615781
293	13	883	1180	4.70947
293	14	12737	5667	4.69668
293	15	13	13	0.00568581
293	16	50256	50256	0.00267124
294	5	460	326	2.55707
294	6	3067	1296	5.43905
294	7	832	832	1.26673
294	8	1111	1296	3.3147
294	9	1540	2587	5.30057
294	10	2340	287	2.54391
294	11	290	290	0.435721
294	12	38236	584	5.39078
294	13	13	13	0.00842381
294	14	50256	50256	0.0020771
295	5	13991	7840	4.73924
295	6	287	832	2.17381
295	7	3833	511	4.07811
295	8	13	13	0.00742054
295	9	50256	50256	0.00461578
296	5	24742	3624	4.95535
296	6	12	12	0.672465
296	7	14337	12278	5.51359
296	8	24438	12	6.00584
296	9	14921	460	5.56834
296	10	287	287	0.376903
296	11	3624	3624	2.0886
296	12	15274	1271	5.87606
296	13	290	290	0.128018
296	14	3624	3624	2.56961
296	15	15180	21334	4.72531
296	16	13	13	0.0117188
296	17	50256	50256	0.00254822
297	5	7042	416	4.02122
297	6	416	416	0.635948
297	7	8902	1296	5.64459
297	8	15134	2057	5.53785
297	9	28856	511	5.76728
297	10	13	13	0.00710678
297	11	50256	50256	0.00209236
298	5	1402	5186	4.62791
298	6	11	618	2.0838
298	7	9403	318	5.97716
298	8	12	12	1.10428
298	9	38301	5186	6.49937
298	10	37215	966	5.37943
298	11	431	16912	4.47072
298	12	5289	13	4.07303
298	13	13	13	0.0188513
298	14	50256	50256	0.00323486
299	5	338	338	0.882347
299	6	2494	12278	4.90242
299	7	1231	1231	1.63216
299	8	852	351	3.22064
299	9	13529	12278	3.79429
299	10	4045	276	4.89443
299	11	287	287	0.321272
299	12	326	663	5.32096
299	13	6317	23235	4.13688
299	14	13	13	0.00383282
299	15	50256	50256	0.0011301
300	5	1474	319	2.35312
300	6	262	262	0.0677061
300	7	47441	5366	5.734
300	8	9700	6896	4.85798
300	9	5866	21124	3.72689
300	10	13	13	0.00611782
300	11	50256	50256	0.00228405
301	5	257	257	0.233979
301	6	3463	12278	4.90391
301	7	286	286	0.0549231
301	8	11711	5186	4.99078
301	9	4961	5931	4.3242
301	10	284	284	0.127337
301	11	663	663	0.687655
301	12	898	734	4.34046
301	13	3463	1271	5.03061
301	14	13	13	0.0105
301	15	50256	50256	0.00187492
302	5	11	11	0.097476
302	6	2138	290	2.27804
302	7	621	621	1.59808
302	8	6586	262	6.61965
302	9	393	393	0.915742
302	10	10930	393	6.21185
302	11	13	13	0.00542831
302	12	50256	50256	0.00627899
303	5	373	416	3.15151
303	6	15283	925	4.2465
303	7	287	287	0.249084
303	8	4492	7840	4.41211
303	9	287	287	0.66915
303	10	1105	3594	5.90288
303	11	1314	15921	5.39584
303	12	13	13	0.00353622
303	13	50256	50256	0.00409603
304	5	78	925	5.42519
304	6	1990	881	6.28145
304	7	15688	257	6.27179
304	8	338	338	0.472926
304	9	10003	1588	5.56124
304	10	290	290	0.125904
304	11	14944	781	5.34433
304	12	17862	1978	5.9265
304	13	10399	1978	6.20877
304	14	319	319	0.90195
304	15	6882	663	5.68377
304	16	295	13166	7.41323
304	17	371	284	5.95557
304	18	2093	72	5.59307
304	19	10875	4618	5.8022
304	20	1134	72	6.03462
304	21	709	13	5.80797
304	22	13	13	0.00333977
304	23	50256	50256	0.00116539
305	5	385	385	1.95189
305	6	6486	318	3.89745
305	7	287	287	0.302642
305	8	644	281	4.85964
305	9	318	318	0.69408
305	10	783	257	4.77806
305	11	7137	12	5.11524
305	12	13	13	0.0118446
305	13	50256	50256	0.00303555
306	5	286	286	0.233668
306	6	262	262	0.155619
306	7	1578	1692	3.52892
306	8	7526	6896	4.16428
306	9	13	13	0.00916386
306	10	50256	50256	0.00751305
307	5	29867	262	5.21272
307	6	17556	4778	4.38782
307	7	13	13	0.0244884
307	8	50256	50256	0.00799465
308	5	25041	460	4.20454
308	6	30468	326	5.74904
308	7	326	326	0.625949
308	8	645	1296	4.25773
308	9	2392	4755	3.94431
308	10	8080	460	5.12602
308	11	8850	663	2.56464
308	12	4755	4755	3.77795
308	13	21748	23235	5.01107
308	14	13	13	0.00652885
308	15	50256	50256	0.00293732
309	5	3562	7667	5.61495
309	6	416	416	0.771783
309	7	20849	6156	5.99722
309	8	7068	281	4.58366
309	9	449	1402	4.32498
309	10	1211	5667	6.49397
309	11	7273	66	6.42674
309	12	26361	72	5.5115
309	13	13	13	0.00515079
309	14	50256	50256	0.00119591
310	5	2788	460	4.61355
310	6	4331	460	4.77775
310	7	326	326	0.919106
310	8	4100	1296	4.33771
310	9	65	5667	5.88647
310	10	2788	5667	5.00746
310	11	481	5667	5.15551
310	12	1716	284	6.39032
310	13	5822	1767	4.69465
310	14	13	13	0.0109844
310	15	50256	50256	0.00269127
311	5	5865	5865	4.04751
311	6	15417	389	4.659
311	7	389	389	1.79735
311	8	7310	663	5.00761
311	9	8950	5667	3.79216
311	10	13	13	0.00710869
311	11	50256	50256	0.00181866
312	5	28028	262	5.73966
312	6	1141	319	2.31985
312	7	262	262	0.0564156
312	8	1218	1692	4.08463
312	9	39210	6896	5.53825
312	10	37078	544	4.72699
312	11	13	13	0.00280952
312	12	50256	50256	0.00266361
313	5	2685	379	4.45315
313	6	26161	318	4.08241
313	7	1657	2568	2.92542
313	8	656	656	0.344448
313	9	12278	12278	2.17864
313	10	2568	2568	1.02573
313	11	13	13	0.00263882
313	12	50256	50256	0.00313091
314	5	355	11	2.96088
314	6	2153	257	4.26033
314	7	2611	318	3.47957
314	8	3608	326	5.39777
314	9	82	11	4.27091
314	10	379	11	3.52511
314	11	3095	3668	4.73282
314	12	12	12	1.25165
314	13	78	11	3.47177
314	14	5829	393	5.50445
314	15	5755	2340	5.38078
314	16	3212	4618	4.89987
314	17	13	13	0.0321741
314	18	50256	50256	0.00188541
315	5	407	257	6.7721
315	6	3706	257	5.03855
315	7	12622	12	4.21597
315	8	45738	45738	2.98964
315	9	13	13	0.00217342
315	10	50256	50256	0.00365162
316	5	262	262	0.162402
316	6	21231	318	4.41949
316	7	8769	318	4.44435
316	8	78	78	2.89118
316	9	43397	262	5.96402
316	10	257	257	0.657061
316	11	5766	1688	4.53923
316	12	286	286	0.747217
316	13	530	663	2.35134
316	14	7319	13	4.69387
316	15	13	13	0.0113773
316	16	50256	50256	0.00417709
317	5	29260	326	3.86805
317	6	692	692	3.74172
317	7	295	515	4.37865
317	8	4193	82	4.12929
317	9	42790	42790	3.78795
317	10	14075	515	4.20854
317	11	13550	34619	4.67825
317	12	34619	284	3.52812
317	13	746	393	4.10141
317	14	82	284	3.71953
317	15	287	287	0.731027
317	16	262	262	0.117296
317	17	29666	3825	5.07807
317	18	4289	4618	4.61678
317	19	13	13	0.0114393
317	20	50256	50256	0.00213337
318	5	925	925	2.07363
318	6	422	422	0.498334
318	7	373	3170	2.86914
318	8	17914	3170	5.79197
318	9	2058	402	4.13715
318	10	8384	287	3.22391
318	11	422	422	0.373033
318	12	663	511	3.15068
318	13	1036	6156	4.66179
318	14	515	389	3.7626
318	15	10717	284	5.73517
318	16	13	13	0.00675011
318	17	50256	50256	0.00111103
319	5	422	11	3.80343
319	6	262	262	0.0537987
319	7	16577	4960	4.80211
319	8	9529	1080	4.90427
319	9	528	64	5.47616
319	10	2586	393	5.23003
319	11	286	286	0.0541134
319	12	262	262	0.495461
319	13	7858	3139	6.08504
319	14	946	1080	6.03837
319	15	4618	1123	3.7242
319	16	13	13	0.0380955
319	17	50256	50256	0.00174904
320	5	286	286	0.151204
320	6	262	262	0.0637388
320	7	12108	12108	2.63554
320	8	286	286	0.612358
320	9	5828	16519	3.28327
320	10	13	13	0.00376797
320	11	50256	50256	0.00486088
321	5	37185	20838	4.90083
321	6	7268	422	6.01347
321	7	262	262	1.51894
321	8	11904	11904	2.43932
321	9	973	973	2.22493
321	10	284	284	0.113947
321	11	787	511	3.16635
321	12	11311	820	5.59844
321	13	13	13	0.00320816
321	14	50256	50256	0.00159645
322	5	29909	734	5.83949
322	6	3348	17745	5.12387
322	7	656	656	0.385724
322	8	15268	734	3.93459
322	9	13	13	0.0528097
322	10	50256	50256	0.00446892
323	5	734	5931	3.55389
323	6	5621	318	5.70474
323	7	286	286	0.0506973
323	8	14390	1296	4.52611
323	9	11	11	0.827123
323	10	8811	981	3.6985
323	11	1444	1444	2.05295
323	12	25825	663	5.45629
323	13	290	290	0.0987215
323	14	356	1296	4.83286
323	15	701	1123	5.05245
323	16	13	13	0.00801563
323	17	50256	50256	0.00250912
324	5	257	257	0.188253
324	6	1573	1573	3.34999
324	7	338	338	0.119585
324	8	2779	4417	4.67832
324	9	11	11	0.287121
324	10	9472	351	4.9468
324	11	257	257	0.0662603
324	12	35488	7022	6.40719
324	13	318	318	0.470494
324	14	7223	663	7.05539
324	15	706	393	3.08639
324	16	340	257	4.71347
324	17	13	13	0.0368166
324	18	50256	50256	0.00187206
325	5	3912	3139	4.36245
325	6	1900	636	3.93036
325	7	355	287	1.82137
325	8	26153	262	5.06477
325	9	338	338	0.133277
325	10	16734	15921	4.52018
325	11	13	13	0.00419426
325	12	50256	50256	0.00270271
326	5	318	318	0.253677
326	6	25086	1588	5.66621
326	7	13	13	0.00281429
326	8	50256	50256	0.0232248
327	5	976	976	2.6135
327	6	1986	618	5.98536
327	7	3812	3812	2.49567
327	8	3668	262	4.59677
327	9	780	11	5.65667
327	10	663	663	0.666074
327	11	13179	1402	5.46416
327	12	290	290	0.468032
327	13	13066	5422	5.53687
327	14	389	422	2.01057
327	15	47192	13	4.26341
327	16	13	13	0.00737953
327	17	50256	50256	0.00111675
328	5	20199	11	5.3053
328	6	1779	12	5.68268
328	7	4541	326	5.34372
328	8	4291	1444	4.50123
328	9	257	257	1.14211
328	10	4417	4417	3.4866
328	11	32162	338	6.60779
328	12	2174	338	5.13725
328	13	262	262	0.774465
328	14	1633	4417	4.03227
328	15	338	338	0.232075
328	16	390	976	6.2613
328	17	86	1444	5.30115
328	18	966	393	3.87789
328	19	13	13	0.0310678
328	20	50256	50256	0.00290871
329	5	262	262	0.0971537
329	6	2612	4417	4.73386
329	7	11	11	0.18154
329	8	2138	290	2.02751
329	9	621	621	1.7121
329	10	6872	530	5.94853
329	11	340	393	3.82098
329	12	1497	338	4.03775
329	13	13	13	0.222588
329	14	50256	50256	0.00219822
330	5	1688	1688	2.65358
330	6	26041	1688	4.15267
330	7	1748	1748	2.08231
330	8	287	287	0.157762
330	9	1944	3668	3.19652
330	10	12	12	0.980878
330	11	820	820	2.20238
330	12	32183	4618	5.50652
330	13	13	13	0.00348473
330	14	50256	50256	0.00157166
331	5	2347	8122	6.56971
331	6	318	318	1.31551
331	7	17298	1296	5.32254
331	8	287	287	0.615691
331	9	663	663	2.00785
331	10	29984	5667	5.53033
331	11	13	13	0.00439358
331	12	50256	50256	0.00259209
332	5	257	257	0.101454
332	6	46103	1588	5.35843
332	7	326	326	1.00587
332	8	8186	460	5.30696
332	9	728	2057	6.04547
332	10	416	416	0.610895
332	11	16299	262	7.25749
332	12	9653	13166	5.21965
332	13	13	13	0.00378132
332	14	50256	50256	0.00148582
333	5	33828	2630	4.89694
333	6	2630	262	4.74149
333	7	262	262	0.0370913
333	8	4960	4960	3.464
333	9	670	12	5.23623
333	10	383	319	3.97789
333	11	17388	6591	5.20473
333	12	286	286	0.287583
333	13	5215	8706	5.57035
333	14	7285	287	4.96959
333	15	13	13	0.0049324
333	16	50256	50256	0.0022316
334	5	656	656	0.292859
334	6	262	262	0.0711794
334	7	12108	12108	2.55393
334	8	286	286	0.413301
334	9	5828	5828	3.04544
334	10	13	13	0.00393391
334	11	50256	50256	0.00268841
335	5	1146	460	4.64388
335	6	14523	460	4.78326
335	7	12076	460	5.71912
335	8	4755	460	5.25235
335	9	5419	5419	1.76054
335	10	7716	852	5.08342
335	11	663	663	1.21575
335	12	14091	14091	3.15117
335	13	2214	2214	3.19084
335	14	13	13	0.0126982
335	15	50256	50256	0.00832272
336	5	416	416	1.06804
336	6	281	281	0.73276
336	7	12064	1767	5.99084
336	8	900	1748	4.28099
336	9	13	13	0.00275326
336	10	50256	50256	0.00400925
337	5	4387	3139	4.09237
337	6	2877	5478	3.50648
337	7	5044	5667	4.14424
337	8	416	416	0.714846
337	9	2347	584	5.34814
337	10	13	13	0.00346088
337	11	50256	50256	0.00307178
338	5	318	318	0.599643
338	6	281	281	1.12034
338	7	12628	1692	5.24773
338	8	1286	12	4.37026
338	9	35162	66	5.33815
338	10	19955	66	5.19296
338	11	17116	13	5.11456
338	12	13	13	0.00384331
338	13	50256	50256	0.00304222
339	5	1255	2057	5.63083
339	6	422	422	0.584497
339	7	4802	257	6.20584
339	8	29358	1402	4.07465
339	9	286	286	0.0579433
339	10	32085	257	5.73592
339	11	729	4618	3.46286
339	12	416	416	0.992543
339	13	739	262	3.77876
339	14	8583	511	5.80746
339	15	29781	6134	5.73936
339	16	13	13	0.00821304
339	17	50256	50256	0.00206757
340	5	4417	3825	2.94224
340	6	11	11	0.813841
340	7	340	340	2.49284
340	8	318	318	0.612155
340	9	1444	1444	2.20342
340	10	28856	340	5.52037
340	11	13	13	0.0269108
340	12	50256	50256	0.0068922
341	5	31094	318	7.24666
341	6	9813	8122	4.75074
341	7	3067	318	6.56524
341	8	379	11	2.96837
341	9	262	262	0.189281
341	10	976	3825	2.55151
341	11	2866	4417	4.45699
341	12	13	13	0.0190353
341	13	50256	50256	0.00414753
342	5	338	338	0.392759
342	6	3139	3139	0.414792
342	7	11	11	0.0847435
342	8	319	319	1.09766
342	9	262	262	0.0939541
342	10	2258	3139	6.36042
342	11	5451	393	3.79351
342	12	13	13	0.0223799
342	13	50256	50256	0.0036726
343	5	290	290	0.256922
343	6	262	262	0.0354633
343	7	7431	6156	5.66261
343	8	323	6896	4.56848
343	9	2271	274	3.82667
343	10	389	389	1.49128
343	11	1688	1588	5.3844
343	12	46178	1080	5.19393
343	13	2462	13	5.20045
343	14	873	13	4.63122
343	15	13	13	0.00550938
343	16	50256	50256	0.00136948
344	5	3303	3303	3.52254
344	6	13	13	0.0246649
344	7	50256	50256	0.0907679
345	5	338	338	1.24148
345	6	1588	307	3.96998
345	7	14966	318	7.15036
345	8	389	422	3.41194
345	9	20633	5419	7.02851
345	10	416	416	0.81302
345	11	16021	1296	7.07289
345	12	300	511	5.353
345	13	600	5667	6.1433
345	14	1424	13	5.8964
345	15	13	13	0.00389385
345	16	50256	50256	0.00178337
346	5	262	262	0.0723009
346	6	717	3139	4.4029
346	7	1893	11	4.8889
346	8	286	286	0.06565
346	9	16256	262	4.55189
346	10	706	393	1.86379
346	11	663	663	2.52158
346	12	39862	6591	5.87642
346	13	286	286	0.0566111
346	14	10404	3668	4.73839
346	15	13	13	0.00336647
346	16	50256	50256	0.00138092
347	5	1022	284	4.07156
347	6	5387	284	5.9967
347	7	21379	511	3.61525
347	8	290	290	0.113346
347	9	262	262	0.313421
347	10	7097	1767	4.89424
347	11	2858	72	5.12617
347	12	13	13	0.0754261
347	13	50256	50256	0.0035553
348	5	17598	460	4.87196
348	6	318	318	0.311613
348	7	262	262	0.935328
348	8	4756	1402	6.15564
348	9	832	832	0.952541
348	10	543	5419	4.14251
348	11	4704	734	4.53725
348	12	8318	656	4.26225
348	13	13	13	0.00415134
348	14	50256	50256	0.00225067
349	5	257	257	0.153457
349	6	8122	8122	2.50325
349	7	416	338	1.29507
349	8	10829	1296	6.73078
349	9	5365	5667	6.14614
349	10	26758	290	5.98303
349	11	17745	13	3.37062
349	12	13	13	0.0042429
349	13	50256	50256	0.00255585
350	5	12912	543	6.0112
350	6	5696	5419	4.89727
350	7	7668	326	6.21188
350	8	351	351	0.525743
350	9	8977	981	4.13635
350	10	290	290	0.243763
350	11	26898	981	6.11863
350	12	13166	13166	3.00694
350	13	13	13	0.00230408
350	14	50256	50256	0.00206089
351	5	14281	6156	4.61499
351	6	393	393	1.82923
351	7	28402	1588	6.14707
351	8	7334	12	6.27188
351	9	329	329	0.931712
351	10	663	663	0.929861
351	11	7956	6156	5.58019
351	12	5250	1978	5.77255
351	13	15921	15921	2.42219
351	14	13	13	0.0045929
351	15	50256	50256	0.00267124
352	5	11471	11	4.59739
352	6	11	11	0.104973
352	7	41331	543	4.58741
352	8	286	286	0.166029
352	9	21558	1296	4.47599
352	10	460	326	2.74334
352	11	307	1296	4.39139
352	12	24167	13166	6.09849
352	13	284	284	0.163455
352	14	1296	1296	1.354
352	15	262	262	0.0984259
352	16	7714	2134	4.21939
352	17	286	286	0.0975924
352	18	257	257	0.39553
352	19	8837	13	4.7549
352	20	13	13	0.00527382
352	21	50256	50256	0.00255394
353	5	504	326	5.41798
353	6	23470	460	5.79184
353	7	36364	318	6.12117
353	8	1777	278	5.86945
353	9	2367	1231	5.64882
353	10	656	656	0.537591
353	11	37285	4898	6.51597
353	12	338	338	0.12908
353	13	6450	8701	6.47396
353	14	6440	13	6.32154
353	15	41724	6134	5.53492
353	16	13	13	0.00401115
353	17	50256	50256	0.00118351
354	5	4577	416	5.87983
354	6	284	284	0.208562
354	7	10716	3668	6.14566
354	8	416	416	0.566612
354	9	9194	3668	4.86031
354	10	7842	276	5.68513
354	11	1431	1978	5.62073
354	12	4263	393	4.62171
354	13	13	13	0.0120707
354	14	50256	50256	0.000896454
355	5	3623	460	4.77404
355	6	326	326	0.343013
355	7	30174	318	4.05172
355	8	691	618	5.93299
355	9	351	351	1.51638
355	10	1049	340	5.41328
355	11	8722	393	5.30148
355	12	739	739	1.75156
355	13	8850	1123	4.59095
355	14	3403	584	4.89732
355	15	13	13	0.00445366
355	16	50256	50256	0.00157261
356	5	318	318	0.67415
356	6	257	257	0.1277
356	7	31513	257	4.73513
356	8	8598	1271	5.24184
356	9	287	287	0.430074
356	10	38131	281	5.38506
356	11	37270	1271	5.69173
356	12	13	13	0.005867
356	13	50256	50256	0.00238228
357	5	7285	287	4.59169
357	6	351	351	1.21753
357	7	262	262	0.435857
357	8	289	5366	4.68621
357	9	343	64	5.23828
357	10	363	9869	4.99751
357	11	2271	9869	4.14237
357	12	290	290	0.201402
357	13	479	4898	5.00073
357	14	265	9869	4.54468
357	15	461	72	5.22086
357	16	2271	397	3.92875
357	17	27226	72	5.01171
357	18	397	397	3.59011
357	19	3166	13	3.99345
357	20	13	13	0.0208883
357	21	50256	50256	0.00258923
358	5	2237	2237	2.95993
358	6	13042	1767	3.31669
358	7	13	13	0.0613852
358	8	50256	50256	0.00670147
359	5	46916	276	3.85833
359	6	286	286	0.0892344
359	7	530	663	1.92734
359	8	8122	1271	3.79688
359	9	34646	338	6.39444
359	10	287	287	0.761925
359	11	1194	663	3.11464
359	12	2296	2568	6.26436
359	13	2304	1978	6.16418
359	14	856	287	6.37325
359	15	8122	663	5.28066
359	16	13	13	0.238236
359	17	50256	50256	0.00170135
360	5	890	262	4.82212
360	6	14659	3170	4.11833
360	7	7042	3170	3.9353
360	8	422	416	1.33125
360	9	4555	1660	4.66556
360	10	37880	72	5.99625
360	11	2615	4618	5.52282
360	12	7021	418	5.52349
360	13	13	13	0.00502872
360	14	50256	50256	0.00273991
361	5	3812	355	2.7404
361	6	1657	1296	2.72825
361	7	832	338	1.59118
361	8	257	257	0.0858355
361	9	2882	2060	5.61231
361	10	1444	1444	1.39691
361	11	2825	257	7.62541
361	12	34248	4618	4.96853
361	13	1042	22829	4.81525
361	14	13	13	0.00350285
361	15	50256	50256	0.00162697
362	5	286	286	0.0607395
362	6	262	262	0.0328608
362	7	13387	1692	5.18894
362	8	286	286	0.287906
362	9	262	262	0.0765057
362	10	311	976	3.898
362	11	32248	6896	5.00976
362	12	32939	6896	4.89458
362	13	13	13	0.00342941
362	14	50256	50256	0.00381184
363	5	9030	416	4.04298
363	6	973	422	2.62811
363	7	28713	422	5.66985
363	8	284	290	1.25258
363	9	2746	1440	5.38683
363	10	37209	2057	4.919
363	11	16006	72	4.55512
363	12	13	13	0.00505352
363	13	50256	50256	0.00353432
364	5	35831	12278	5.11573
364	6	26664	460	5.8682
364	7	4735	5667	3.17603
364	8	422	422	0.614167
364	9	257	257	0.157001
364	10	8122	8122	3.57341
364	11	13	13	0.037529
364	12	50256	50256	0.00158978
365	5	290	290	0.197733
365	6	1336	1296	5.76407
365	7	31093	12	3.45494
365	8	11	11	0.0702467
365	9	618	351	3.37385
365	10	6591	393	4.61797
365	11	290	290	0.408452
365	12	25572	3825	4.874
365	13	40738	706	5.25216
365	14	3048	64	5.08276
365	15	19594	13	5.65806
365	16	1123	1123	1.83048
365	17	584	584	1.36327
365	18	13	13	0.0600729
365	19	50256	50256	0.00236511
366	5	4477	326	5.38069
366	6	881	881	2.84867
366	7	286	286	0.0201588
366	8	663	663	0.372677
366	9	1903	898	5.19955
366	10	2478	12	4.03559
366	11	2641	284	4.42278
366	12	663	663	0.362655
366	13	2802	584	5.0454
366	14	338	338	0.297956
366	15	36594	584	4.43684
366	16	13	13	0.00821781
366	17	50256	50256	0.00153255
367	5	3734	3623	5.06434
367	6	32908	326	4.94785
367	7	326	326	0.542462
367	8	3342	326	4.46416
367	9	2344	326	5.94653
367	10	39895	326	5.78829
367	11	282	23235	4.71578
367	12	13	13	0.0352297
367	13	50256	50256	0.00847912
368	5	422	422	0.357344
368	6	262	262	0.154379
368	7	21405	3139	4.93247
368	8	286	286	0.240336
368	9	269	8706	7.08297
368	10	967	4618	5.51494
368	11	26210	284	4.9181
368	12	7150	284	4.34252
368	13	13	13	0.01159
368	14	50256	50256	0.00227547
369	5	26948	1692	5.54721
369	6	318	318	0.247564
369	7	257	257	1.69611
369	8	9403	8122	5.41862
369	9	13	13	0.0612469
369	10	50256	50256	0.00297737
370	5	1321	2568	4.26363
370	6	355	355	1.51958
370	7	880	663	6.41323
370	8	355	355	1.32913
370	9	663	663	1.07502
370	10	21437	5044	5.38281
370	11	13	13	0.00448418
370	12	50256	50256	0.001441
371	5	1735	3139	5.11318
371	6	4129	1271	5.28346
371	7	15082	460	5.85583
371	8	444	276	5.06966
371	9	663	663	0.727861
371	10	1989	1989	3.01977
371	11	416	416	1.0108
371	12	1440	1440	2.81889
371	13	13	13	0.0528336
371	14	50256	50256	0.00198364
372	5	14807	286	4.95696
372	6	1444	287	4.10842
372	7	262	262	0.421186
372	8	2258	3139	5.13586
372	9	5451	684	4.12231
372	10	290	290	0.177025
372	11	2520	262	3.83465
372	12	5451	684	4.53235
372	13	13	13	0.0441523
372	14	50256	50256	0.00519371
373	5	262	262	0.173681
373	6	4151	1767	4.31134
373	7	832	832	0.589991
373	8	262	262	0.0776138
373	9	34047	1767	4.77019
373	10	13	13	0.00725555
373	11	50256	50256	0.0012207
374	5	286	286	0.139531
374	6	262	262	0.0826864
374	7	25730	12108	4.3134
374	8	17628	17628	3.35641
374	9	3923	329	4.70513
374	10	13	13	0.00531769
374	11	50256	50256	0.00608635
375	5	4069	3139	5.25681
375	6	351	351	0.633541
375	7	281	663	2.63822
375	8	2938	2962	5.34165
375	9	1255	2568	4.11168
375	10	13	13	0.00372982
375	11	50256	50256	0.00279522
376	5	8830	262	5.3741
376	6	3340	284	5.25803
376	7	290	290	0.0464859
376	8	262	262	0.0575399
376	9	1578	3139	3.83713
376	10	1829	6896	3.52383
376	11	13	13	0.00476551
376	12	50256	50256	0.00376892
377	5	17517	2630	4.82045
377	6	287	287	0.430186
377	7	15142	4180	4.37483
377	8	318	318	1.07907
377	9	7173	511	4.38844
377	10	3917	262	3.39413
377	11	351	351	0.528074
377	12	7068	511	3.67186
377	13	9261	284	4.28125
377	14	72	72	2.56602
377	15	402	13	3.32293
377	16	31330	13	3.65946
377	17	13	13	0.0135355
377	18	50256	50256	0.00181961
378	5	284	284	0.0831099
378	6	663	663	0.801635
378	7	8373	1767	5.33949
378	8	13	13	0.00383568
378	9	50256	50256	0.00406551
379	5	1748	1748	1.29545
379	6	351	11	5.49159
379	7	3881	5186	6.01897
379	8	12	12	1.18397
379	9	8968	3139	5.586
379	10	28814	338	4.56044
379	11	287	287	0.308304
379	12	8078	16519	5.15219
379	13	13	13	0.00330067
379	14	50256	50256	0.00342846
380	5	257	257	0.959924
380	6	6994	1767	4.23812
380	7	1271	338	2.41026
380	8	13	13	0.00535583
380	9	50256	50256	0.00769043
381	5	2392	8122	3.67403
381	6	28400	1657	5.03242
381	7	621	621	1.32214
381	8	4171	7424	4.49045
381	9	7424	7424	2.29767
381	10	1657	1657	2.15352
381	11	13	13	0.0291224
381	12	50256	50256	0.00567341
382	5	21622	2057	4.77895
382	6	416	416	1.17656
382	7	511	511	0.953006
382	8	6625	5667	6.73373
382	9	284	284	0.235098
382	10	34688	4695	5.29142
382	11	13	13	0.00510788
382	12	50256	50256	0.00263596
383	5	12866	925	4.65911
383	6	278	925	5.14456
383	7	20365	925	5.28009
383	8	3033	329	4.78423
383	9	262	262	0.0460997
383	10	2095	1767	4.97488
383	11	25846	286	6.38931
383	12	565	6896	5.72768
383	13	733	13	4.05843
383	14	13	13	0.025959
383	15	50256	50256	0.00240326
384	5	313	318	4.53975
384	6	48406	925	5.02343
384	7	50195	272	5.59997
384	8	6296	262	4.13902
384	9	24287	12	5.24026
384	10	286	286	0.113124
384	11	3660	8706	5.02779
384	12	5828	13	5.09457
384	13	2254	13	7.24946
384	14	13	13	0.00490189
384	15	50256	50256	0.0021944
385	5	2618	1573	4.12937
385	6	1080	1080	3.21531
385	7	11	11	0.164821
385	8	257	663	1.79309
385	9	5421	318	6.04489
385	10	29973	4417	3.94747
385	11	13066	338	5.48206
385	12	318	318	0.369853
385	13	281	663	2.24352
385	14	30004	4417	5.00803
385	15	541	284	5.55713
385	16	325	338	6.39051
385	17	13	13	0.0592537
385	18	50256	50256	0.00174618
386	5	7729	925	6.40465
386	6	422	422	0.770802
386	7	7446	1296	4.26196
386	8	284	284	0.418557
386	9	12183	1296	6.18961
386	10	418	12	4.10196
386	11	2586	284	5.39584
386	12	13	13	0.00890732
386	13	50256	50256	0.00191402
387	5	12022	925	3.97859
387	6	373	373	2.99835
387	7	257	257	1.08664
387	8	1748	1748	2.27556
387	9	286	286	1.07717
387	10	262	262	0.0568714
387	11	6156	3139	3.02646
387	12	1423	1080	4.5726
387	13	385	385	2.71399
387	14	6916	14355	4.71915
387	15	14355	338	3.41528
387	16	13	13	0.00781345
387	17	50256	50256	0.00335026
388	5	656	656	0.354741
388	6	257	257	0.359067
388	7	1296	1296	2.14755
388	8	5292	5667	7.36069
388	9	284	284	0.166675
388	10	21363	511	6.38373
388	11	663	663	2.01795
388	12	10154	649	5.59135
388	13	13	13	0.0100842
388	14	50256	50256	0.00220203
389	5	8899	925	5.65029
389	6	35076	925	5.93542
389	7	18180	385	5.01443
389	8	3745	925	4.37788
389	9	257	257	0.282346
389	10	1588	1588	3.26776
389	11	25979	6591	4.33235
389	12	287	287	0.276786
389	13	19483	281	5.5346
389	14	290	290	0.0838985
389	15	3794	4898	3.9185
389	16	13	13	0.0093708
389	17	50256	50256	0.00150681
390	5	1296	5419	2.80564
390	6	257	257	0.149744
390	7	14153	8122	4.64829
390	8	1339	12	5.16199
390	9	1088	284	3.97242
390	10	262	262	1.15106
390	11	3632	1767	4.77902
390	12	13	13	0.0788546
390	13	50256	50256	0.0029583
391	5	1262	11	3.41041
391	6	12278	12278	2.52588
391	7	10425	12278	5.68037
391	8	290	290	0.125458
391	9	5931	734	3.61711
391	10	2085	5667	6.30901
391	11	9302	4618	5.32376
391	12	13	13	0.0117254
391	13	50256	50256	0.00595093
392	5	286	286	0.0730944
392	6	257	257	0.760694
392	7	6808	7226	5.18067
392	8	11	11	0.251226
392	9	257	262	2.45359
392	10	1688	1688	3.46022
392	11	2368	318	4.82007
392	12	11	11	0.195969
392	13	290	290	0.284912
392	14	257	257	1.06373
392	15	2818	2818	3.60857
392	16	8150	5002	4.88718
392	17	13	13	0.00822353
392	18	50256	50256	0.00300312
393	5	734	7840	3.06292
393	6	3891	2057	4.2252
393	7	329	329	1.46909
393	8	262	262	0.0235081
393	9	976	1767	3.63209
393	10	33158	4618	6.05171
393	11	13833	6896	4.81119
393	12	13	13	0.00989532
393	13	50256	50256	0.00204563
394	5	3578	326	4.81579
394	6	38575	1296	5.58341
394	7	13871	1296	5.60295
394	8	621	663	2.81127
394	9	262	262	0.142229
394	10	1388	1767	5.24441
394	11	5046	16912	5.17252
394	12	3436	16912	5.73049
394	13	13	13	0.00207806
394	14	50256	50256	0.00119877
395	5	44504	2568	5.68192
395	6	422	422	1.4275
395	7	12734	663	6.13012
395	8	290	290	0.160466
395	9	10385	1440	6.26247
395	10	340	663	3.56383
395	11	656	656	1.07772
395	12	12498	1194	5.6384
395	13	13	13	0.00314045
395	14	50256	50256	0.00213146
396	5	832	832	0.812337
396	6	257	257	0.173637
396	7	1429	2060	3.76586
396	8	1444	284	1.8889
396	9	285	2060	4.50199
396	10	13929	2057	4.07887
396	11	2649	23235	5.74676
396	12	13	13	0.014452
396	13	50256	50256	0.0026722
397	5	422	422	0.440317
397	6	262	262	0.024869
397	7	25572	1767	4.40799
397	8	4417	4417	2.35098
397	9	13	13	0.00766945
397	10	50256	50256	0.00234127
398	5	11	11	0.728101
398	6	475	351	3.08947
398	7	407	621	2.46462
398	8	790	663	5.43694
398	9	35991	318	4.92244
398	10	318	318	0.198799
398	11	257	257	0.173551
398	12	6616	6591	5.2771
398	13	13	13	0.0163593
398	14	50256	50256	0.00255013
399	5	618	618	1.41433
399	6	663	663	1.13304
399	7	13042	13042	3.31853
399	8	12611	706	4.20499
399	9	378	284	4.58725
399	10	706	393	2.26461
399	11	852	393	4.44296
399	12	458	458	3.35186
399	13	17758	13	4.55523
399	14	13	13	0.00268269
399	15	50256	50256	0.00302029
400	5	4351	11	5.31251
400	6	416	416	1.11517
400	7	15637	3668	5.91742
400	8	369	12	5.55271
400	9	11124	385	5.30082
400	10	290	290	0.150521
400	11	24748	3624	5.6023
400	12	596	1978	6.19424
400	13	1022	11	5.90978
400	14	663	663	0.938907
400	15	7714	21334	4.4187
400	16	13	13	0.00786972
400	17	50256	50256	0.00161839
401	5	1458	318	4.51528
401	6	1437	11	5.8319
401	7	355	355	0.990515
401	8	340	530	3.41846
401	9	30174	318	4.0164
401	10	351	351	1.05416
401	11	15938	663	5.00088
401	12	287	287	1.02624
401	13	663	663	0.89145
401	14	21334	584	3.6524
401	15	13	13	0.00259495
401	16	50256	50256	0.00154686
402	5	373	416	2.33731
402	6	3170	3170	2.76643
402	7	329	329	1.24421
402	8	262	262	0.0584021
402	9	6342	6156	4.33569
402	10	45357	286	4.42357
402	11	286	286	0.0865107
402	12	49545	8706	3.60658
402	13	13	13	0.00820923
402	14	50256	50256	0.00518322
403	5	15268	262	5.75194
403	6	290	290	0.719016
403	7	13532	262	3.81663
403	8	2427	925	4.37305
403	9	286	286	0.319966
403	10	691	262	5.81553
403	11	257	257	0.232599
403	12	5969	3624	5.4168
403	13	10706	10706	4.10934
403	14	286	286	0.126761
403	15	17848	17848	3.33499
403	16	13	13	0.00594425
403	17	50256	50256	0.00272179
404	5	28408	12	4.70053
404	6	430	389	5.48767
404	7	704	389	4.37578
404	8	1313	389	5.53363
404	9	389	389	1.50318
404	10	1440	1440	3.8219
404	11	1602	1602	2.62019
404	12	14796	820	4.09473
404	13	44360	12	6.33428
404	14	13	13	0.0037899
404	15	50256	50256	0.00167751
405	5	18665	2057	5.10804
405	6	1660	511	2.93052
405	7	284	284	0.445087
405	8	11684	511	5.24128
405	9	290	290	0.265805
405	10	4736	17076	5.16859
405	11	13	13	0.0075388
405	12	50256	50256	0.002882
406	5	21891	257	5.26895
406	6	11	11	0.383778
406	7	281	257	3.33094
406	8	6156	6156	3.60652
406	9	19517	6156	4.19638
406	10	1748	1748	1.15255
406	11	13	13	0.00623798
406	12	50256	50256	0.00553799
407	5	43088	1296	5.84288
407	6	351	351	0.436949
407	7	471	1296	5.39829
407	8	12	12	1.46571
407	9	16760	1296	3.82629
407	10	3272	729	5.34326
407	11	9004	415	4.44432
407	12	13	13	0.00775719
407	13	50256	50256	0.0031147
408	5	13108	257	5.13935
408	6	10340	10340	2.80959
408	7	13	13	0.0134411
408	8	50256	50256	0.0312853
409	5	4645	338	4.61182
409	6	4635	326	3.81454
409	7	416	416	1.09277
409	8	1728	663	4.12234
409	9	38467	5002	6.00808
409	10	13	13	0.0117464
409	11	50256	50256	0.00288773
410	5	810	1748	6.33277
410	6	27163	257	5.69101
410	7	33408	11	5.57901
410	8	12188	326	7.06987
410	9	510	318	4.45127
410	10	1474	351	3.60072
410	11	257	257	0.0588913
410	12	7850	21334	5.1102
410	13	338	338	0.229102
410	14	5422	13	3.9354
410	15	13	13	0.00865269
410	16	50256	50256	0.00251198
411	5	41578	262	4.81886
411	6	11	11	0.0750875
411	7	1474	262	3.71498
411	8	262	262	0.0290337
411	9	8211	6156	5.0753
411	10	7051	287	4.40681
411	11	13	13	0.0103884
411	12	50256	50256	0.00650501
412	5	9565	1237	4.93954
412	6	24049	318	5.37911
412	7	862	286	5.39566
412	8	11	11	0.172485
412	9	336	290	5.05695
412	10	15515	3877	5.39775
412	11	11	11	0.305447
412	12	290	290	0.296542
412	13	584	3624	2.77087
412	14	16759	1194	4.48971
412	15	13	13	0.00552559
412	16	50256	50256	0.00329018
413	5	286	338	2.7671
413	6	734	734	2.69435
413	7	6134	5667	3.42249
413	8	523	393	6.44485
413	9	326	2057	3.57402
413	10	484	511	4.82227
413	11	1663	2587	6.18818
413	12	1978	1978	2.94249
413	13	13	13	0.00469303
413	14	50256	50256	0.00202179
414	5	925	925	2.01659
414	6	416	416	1.05753
414	7	10708	3139	4.38033
414	8	290	290	0.643042
414	9	23610	3139	5.54098
414	10	7135	1080	4.9575
414	11	22670	1080	5.32727
414	12	286	286	0.116379
414	13	3348	1123	4.6939
414	14	13	13	0.00409412
414	15	50256	50256	0.00173378
415	5	15568	1588	6.61892
415	6	1864	326	6.40837
415	7	284	284	0.670589
415	8	7729	281	7.094
415	9	5281	1296	7.31721
415	10	416	416	2.01953
415	11	31228	820	6.47712
415	12	25897	72	6.89276
415	13	13	13	0.00616837
415	14	50256	50256	0.0013485
416	5	4909	319	5.46946
416	6	749	511	4.98634
416	7	286	286	0.089736
416	8	22779	8706	4.2662
416	9	8602	1242	3.76599
416	10	290	290	0.0462456
416	11	19101	8706	6.159
416	12	13	13	0.0098238
416	13	50256	50256	0.00276566
417	5	5478	262	5.91518
417	6	338	338	0.375401
417	7	10596	3139	4.60455
417	8	7051	338	4.45406
417	9	11	11	0.268569
417	10	318	318	0.347948
417	11	262	262	0.182282
417	12	3139	3139	2.75689
417	13	286	286	0.208207
417	14	49657	1123	4.47629
417	15	13	13	0.00354862
417	16	50256	50256	0.00195217
418	5	874	925	4.37409
418	6	7330	422	5.37563
418	7	20901	422	4.12082
418	8	422	422	0.412259
418	9	33773	1660	4.75461
418	10	2877	393	4.52149
418	11	1626	351	4.37538
418	12	511	511	2.19809
418	13	21379	2057	3.70379
418	14	13	13	0.0327234
418	15	50256	50256	0.00156879
419	5	543	3668	2.7209
419	6	2568	460	3.51772
419	7	318	318	1.29804
419	8	11172	543	4.27327
419	9	393	393	0.639694
419	10	670	3877	7.78403
419	11	318	318	0.334733
419	12	1760	3668	3.97112
419	13	13	13	0.00323582
419	14	50256	50256	0.00206375
420	5	6364	318	5.21971
420	6	3585	2587	3.50287
420	7	284	284	0.162227
420	8	530	530	1.60588
420	9	1194	1194	2.88549
420	10	1973	393	4.51802
420	11	3668	257	3.37721
420	12	338	338	0.141083
420	13	4417	4417	1.68532
420	14	13	13	0.00289154
420	15	50256	50256	0.00154877
421	5	19853	881	3.81631
421	6	16736	881	4.07551
421	7	2029	355	5.44611
421	8	262	262	0.0481024
421	9	4417	12108	4.40816
421	10	286	286	0.0807905
421	11	8706	8706	3.29188
421	12	13	13	0.00980949
421	13	50256	50256	0.00581932
422	5	8384	287	2.85455
422	6	329	329	0.696986
422	7	663	663	1.26895
422	8	35988	5667	3.5002
422	9	5667	5667	1.35169
422	10	13	13	0.0049963
422	11	50256	50256	0.00145245
423	5	929	11	5.72073
423	6	8231	11	5.07084
423	7	11	11	0.325576
423	8	407	621	3.29537
423	9	1866	262	6.70121
423	10	286	286	0.529602
423	11	262	262	0.580854
423	12	6842	976	6.37067
423	13	1641	6896	4.06383
423	14	13	13	0.00667
423	15	50256	50256	0.00287247
424	5	416	338	1.93267
424	6	41878	50256	5.9481
424	7	1402	4417	3.05766
424	8	5207	12	3.36526
424	9	286	286	0.0730085
424	10	2587	2568	3.75106
424	11	13	13	0.0221663
424	12	50256	50256	0.00528336
425	5	6588	257	6.14437
425	6	23235	23235	2.72929
425	7	326	326	0.805908
425	8	460	318	2.17804
425	9	10649	1296	4.5498
425	10	1613	290	4.61535
425	11	530	530	2.09508
425	12	1194	1194	2.48864
425	13	13	13	0.00614738
425	14	50256	50256	0.00293636
426	5	422	287	2.89199
426	6	14659	925	5.10194
426	7	286	286	0.0377092
426	8	23206	16519	4.66434
426	9	17045	72	5.34515
426	10	13	13	0.00220585
426	11	50256	50256	0.00209141
427	5	1111	511	3.90869
427	6	5594	1296	3.42489
427	7	284	284	0.280844
427	8	262	262	0.12847
427	9	285	1660	3.38226
427	10	692	1296	4.95037
427	11	17990	12	5.09173
427	12	1448	286	3.95867
427	13	13	13	0.00387287
427	14	50256	50256	0.00256538
428	5	286	286	0.0745363
428	6	16639	262	5.52788
428	7	544	329	2.92799
428	8	11	11	0.0543041
428	9	635	981	4.68383
428	10	1444	1444	1.47737
428	11	262	262	0.0700092
428	12	16639	7022	4.89097
428	13	2066	6896	4.91312
428	14	13	13	0.0068121
428	15	50256	50256	0.00312233
429	5	832	832	0.355828
429	6	47683	511	6.00838
429	7	290	290	0.119171
429	8	8106	511	5.15553
429	9	503	1660	6.0394
429	10	2057	2057	1.16269
429	11	13166	284	3.67327
429	12	13	13	0.0070467
429	13	50256	50256	0.00411892
430	5	16839	8122	3.78066
430	6	338	338	0.291752
430	7	2292	1296	4.67777
430	8	15947	257	6.25802
430	9	663	663	1.48256
430	10	1295	318	4.85064
430	11	1988	393	4.22474
430	12	13	13	0.00695515
430	13	50256	50256	0.00875664
431	5	20629	2057	4.63937
431	6	284	284	0.151081
431	7	11007	511	4.49533
431	8	12967	2057	3.90904
431	9	902	2057	3.75086
431	10	13	13	0.00717545
431	11	50256	50256	0.00297165
432	5	262	262	0.165205
432	6	6869	3825	2.86994
432	7	8318	318	4.89444
432	8	832	832	0.583907
432	9	3668	3668	2.68613
432	10	338	338	0.239175
432	11	9082	6869	4.98201
432	12	13	13	0.00410748
432	13	50256	50256	0.00295925
433	5	29410	262	5.02719
433	6	544	544	2.89154
433	7	290	290	0.0870342
433	8	3354	262	2.40709
433	9	286	286	0.19394
433	10	7840	7840	2.41499
433	11	22779	2031	4.15451
433	12	2031	13	2.66963
433	13	13	13	0.00800323
433	14	50256	50256	0.00903606
434	5	290	290	0.117332
434	6	37919	20838	4.88353
434	7	710	83	5.52545
434	8	16189	3170	5.13656
434	9	3822	3170	5.96125
434	10	1656	83	7.13402
434	11	287	287	0.173096
434	12	24956	6156	5.56252
434	13	290	290	0.0962896
434	14	14173	6156	5.42494
434	15	2247	72	5.66572
434	16	13	13	0.00842571
434	17	50256	50256	0.00144863
435	5	893	272	3.97512
435	6	325	11	3.78971
435	7	385	12	2.40779
435	8	2111	6296	5.32162
435	9	284	290	1.21327
435	10	1441	6156	4.84175
435	11	1363	12	5.22808
435	12	706	290	3.54207
435	13	262	262	0.180087
435	14	44695	1692	4.2807
435	15	1810	5866	3.17668
435	16	13	13	0.0166492
435	17	50256	50256	0.00236988
436	5	12277	257	4.23037
436	6	12	338	2.27448
436	7	11545	2568	4.39303
436	8	10340	2568	2.74066
436	9	13	13	0.0101805
436	10	50256	50256	0.00243282
437	5	30176	34616	4.38479
437	6	4778	4778	1.15461
437	7	1444	621	2.32727
437	8	32858	734	6.3957
437	9	290	290	0.183272
437	10	47314	47314	3.60096
437	11	13	13	0.00282383
437	12	50256	50256	0.00205326
438	5	15358	1296	5.68985
438	6	1505	925	5.5741
438	7	11	11	0.481509
438	8	543	262	2.21521
438	9	5419	5419	1.79331
438	10	1296	1296	1.41934
438	11	257	257	0.582124
438	12	14153	14153	3.30558
438	13	4417	4417	1.90283
438	14	7679	338	4.04588
438	15	13	13	0.00717735
438	16	50256	50256	0.00230026
439	5	24240	1573	5.52787
439	6	318	318	0.530198
439	7	257	257	1.8459
439	8	8234	1688	3.9869
439	9	772	618	5.89279
439	10	996	618	4.80023
439	11	340	663	3.20958
439	12	318	318	0.414014
439	13	8811	318	4.29818
439	14	973	12	3.8624
439	15	355	355	1.12795
439	16	257	257	0.380255
439	17	20236	4898	5.60244
439	18	13	13	0.017705
439	19	50256	50256	0.00297928
440	5	286	286	0.0461311
440	6	734	734	2.29669
440	7	13043	2568	5.57393
440	8	11	11	0.176167
440	9	1690	5419	3.91867
440	10	5399	1271	5.29243
440	11	1978	1978	2.58322
440	12	13	13	0.00631332
440	13	50256	50256	0.00368595
441	5	42085	262	6.53177
441	6	2138	351	2.59238
441	7	621	621	1.11106
441	8	2641	621	3.68774
441	9	262	262	0.221617
441	10	3096	318	6.23272
441	11	338	338	0.173381
441	12	24438	20831	5.4346
441	13	13	13	0.011342
441	14	50256	50256	0.00245571
442	5	9530	3825	5.54004
442	6	5866	286	3.95204
442	7	11	11	0.276173
442	8	318	318	0.970043
442	9	2520	262	3.8162
442	10	4969	393	5.08456
442	11	338	338	0.817436
442	12	3139	3139	1.30765
442	13	13	13	0.177299
442	14	50256	50256	0.00721264
443	5	21031	416	5.30822
443	6	15974	422	4.88281
443	7	351	351	0.654722
443	8	511	511	0.849732
443	9	16976	511	4.92736
443	10	2166	5667	7.32981
443	11	7405	5667	5.55068
443	12	13	13	0.00427246
443	13	50256	50256	0.00236511
444	5	422	416	1.95525
444	6	530	663	2.93384
444	7	3303	15921	3.39583
444	8	656	656	0.225404
444	9	1194	1194	2.83693
444	10	10552	13	4.2606
444	11	13	13	0.00324917
444	12	50256	50256	0.00209236
445	5	262	262	0.0522718
445	6	717	1767	5.25619
445	7	290	290	0.0680676
445	8	2368	981	5.09549
445	9	13620	544	5.65916
445	10	286	286	0.110476
445	11	262	262	0.212863
445	12	25572	1767	4.31183
445	13	6772	13	4.27766
445	14	13	13	0.00322628
445	15	50256	50256	0.00215435
446	5	9052	12278	4.83456
446	6	460	326	1.71199
446	7	21155	460	4.65021
446	8	257	257	0.177092
446	9	15004	2060	4.76155
446	10	13	13	0.094902
446	11	50256	50256	0.00394154
447	5	286	286	0.214228
447	6	18064	543	4.71157
447	7	24969	318	3.6799
447	8	803	11	7.31904
447	9	5186	318	4.14817
447	10	290	290	0.723128
447	11	14091	3624	4.73343
447	12	7032	415	5.25861
447	13	13	13	0.00473881
447	14	50256	50256	0.00410175
448	5	17456	17456	3.01552
448	6	338	338	0.153541
448	7	3139	3139	0.893594
448	8	11	11	0.436614
448	9	1474	262	3.38436
448	10	262	262	0.0620623
448	11	843	12108	3.71159
448	12	274	274	3.49904
448	13	21124	13	4.03797
448	14	13	13	0.00696945
448	15	50256	50256	0.00395107
449	5	49810	11904	6.11948
449	6	5788	460	5.72905
449	7	3025	416	5.61271
449	8	26741	925	6.10998
449	9	460	460	1.57682
449	10	1656	318	5.21165
449	11	355	287	1.73308
449	12	7987	1296	6.85064
449	13	38980	13166	4.80393
449	14	37783	2057	4.85975
449	15	13	13	0.00449181
449	16	50256	50256	0.00215626
450	5	31685	373	4.5308
450	6	82	422	2.96505
450	7	1588	1296	4.4329
450	8	12	12	1.14546
450	9	9888	351	5.22348
450	10	3867	5667	6.08249
450	11	1633	5667	5.10918
450	12	284	284	0.29687
450	13	262	262	0.541228
450	14	826	1767	6.61605
450	15	287	287	0.750669
450	16	262	262	0.0284967
450	17	8342	1767	5.58689
450	18	42811	13	4.3603
450	19	13	13	0.0157394
450	20	50256	50256	0.0013628
451	5	530	511	2.69447
451	6	3470	257	6.20376
451	7	7370	284	4.92683
451	8	34186	11	5.4721
451	9	739	739	1.67579
451	10	530	511	2.4443
451	11	8137	8137	3.60344
451	12	286	286	0.0654545
451	13	3833	663	3.85065
451	14	13	13	0.0305853
451	15	50256	50256	0.00210857
452	5	262	262	0.259078
452	6	886	6869	5.03498
452	7	286	286	0.160453
452	8	257	257	0.330309
452	9	1277	1588	4.49834
452	10	3194	3194	2.82949
452	11	1808	393	5.13144
452	12	287	287	0.806662
452	13	3594	1123	3.43737
452	14	13	13	0.0139771
452	15	50256	50256	0.00180244
453	5	17556	12	5.09406
453	6	287	286	2.29453
453	7	663	663	0.813745
453	8	4735	4735	3.28754
453	9	1296	511	5.35056
453	10	13	13	0.00757599
453	11	50256	50256	0.00230026
454	5	402	881	4.36029
454	6	5350	1748	4.58172
454	7	318	318	0.908808
454	8	636	636	2.94712
454	9	286	286	0.0686398
454	10	262	262	0.0502796
454	11	4025	6156	5.25311
454	12	8882	8882	3.57523
454	13	397	14355	4.07924
454	14	9869	286	4.52541
454	15	1045	287	5.94163
454	16	13	13	0.00407696
454	17	50256	50256	0.00179005
455	5	2033	3139	3.93857
455	6	286	286	0.0860386
455	7	26306	257	5.50681
455	8	37056	393	4.39858
455	9	287	287	0.515094
455	10	32085	663	3.09997
455	11	729	729	3.08746
455	12	13	13	0.248858
455	13	50256	50256	0.00380707
456	5	712	326	5.16935
456	6	39781	373	4.36852
456	7	2630	2630	3.44653
456	8	262	262	0.088335
456	9	5337	20831	5.1562
456	10	2094	1444	4.40538
456	11	2264	3812	3.84811
456	12	844	1444	4.35206
456	13	1258	284	3.39827
456	14	13	13	0.00800705
456	15	50256	50256	0.0015192
457	5	411	78	4.95589
457	6	15695	12	4.1718
457	7	78	12	2.42657
457	8	1724	263	5.91439
457	9	284	284	0.53457
457	10	1716	663	5.83737
457	11	11835	393	4.51473
457	12	27089	4618	5.17258
457	13	13	13	0.00779629
457	14	50256	50256	0.00691128
458	5	14520	2753	4.73762
458	6	318	318	0.472537
458	7	663	663	0.698425
458	8	25317	5667	4.62626
458	9	13	13	0.00246716
458	10	50256	50256	0.00250626
459	5	1180	307	4.83588
459	6	13204	318	4.22052
459	7	5107	1748	5.22454
459	8	286	286	0.0621004
459	9	262	262	0.729251
459	10	5002	5002	2.27695
459	11	6588	2057	4.2804
459	12	13	13	0.0396452
459	13	50256	50256	0.00303459
460	5	17465	12278	4.72793
460	6	15225	326	5.09391
460	7	857	326	4.34696
460	8	407	981	2.68919
460	9	6338	511	5.20991
460	10	11169	3703	4.65458
460	11	3703	326	4.74884
460	12	326	326	0.626808
460	13	373	326	3.96014
460	14	1239	2057	4.82699
460	15	6264	2057	4.8986
460	16	13	13	0.0304661
460	17	50256	50256	0.00265312
461	5	525	12	4.99995
461	6	907	12	4.92312
461	7	11	11	0.930224
461	8	308	340	5.1498
461	9	676	618	5.04853
461	10	2188	4618	5.85619
461	11	7150	284	4.45381
461	12	14999	656	5.49929
461	13	511	511	1.36707
461	14	5667	5667	2.74637
461	15	1123	1123	1.82236
461	16	23608	584	4.52027
461	17	13	13	0.0160789
461	18	50256	50256	0.00168419
462	5	12748	981	5.76998
462	6	7463	326	5.31072
462	7	5563	326	5.13211
462	8	423	351	3.29255
462	9	6702	543	5.61481
462	10	262	262	0.8613
462	11	976	3825	2.48234
462	12	20309	729	4.34236
462	13	618	318	2.035
462	14	1633	1633	3.58856
462	15	6625	318	8.02568
462	16	318	318	0.358458
462	17	36480	1296	5.44176
462	18	13	13	0.00890255
462	19	50256	50256	0.00465298
463	5	511	511	2.15157
463	6	11904	11904	3.55692
463	7	287	287	0.484534
463	8	47314	4898	4.54062
463	9	2138	351	3.13062
463	10	621	621	1.12704
463	11	15921	7022	4.08662
463	12	13	13	0.00567913
463	13	50256	50256	0.00239849
464	5	530	663	3.14899
464	6	7319	1767	2.71217
464	7	10700	10700	3.39965
464	8	13	13	0.00989342
464	9	50256	50256	0.0058012
465	5	3372	326	5.29852
465	6	14644	460	6.47661
465	7	2291	1296	4.40833
465	8	4263	5667	3.9318
465	9	286	286	0.210011
465	10	14260	734	6.49824
465	11	290	290	0.0340681
465	12	40317	734	5.31083
465	13	13	13	0.0166988
465	14	50256	50256	0.00182629
466	5	6795	2057	4.55031
466	6	287	287	0.410166
466	7	14174	7840	4.8601
466	8	6650	45738	4.22755
466	9	13	13	0.00723839
466	10	50256	50256	0.00677109
467	5	13179	656	4.79567
467	6	656	656	0.304409
467	7	6268	656	3.0143
467	8	1863	656	3.44951
467	9	663	663	2.18446
467	10	16488	1767	4.66174
467	11	13	13	0.00589371
467	12	50256	50256	0.00414658
468	5	257	257	0.423091
468	6	5664	7319	3.75501
468	7	13	13	0.00995731
468	8	50256	50256	0.0127249
469	5	2727	878	4.5141
469	6	262	262	0.0654945
469	7	19812	8701	4.21461
469	8	3240	6896	4.00938
469	9	286	286	0.0383425
469	10	4100	1296	4.8414
469	11	22311	4618	4.88848
469	12	13	13	0.004529
469	13	50256	50256	0.00200081
470	5	4486	262	4.8607
470	6	878	878	1.63134
470	7	8978	262	3.20206
470	8	262	262	0.0643272
470	9	2258	1767	4.49395
470	10	6896	6896	1.66792
470	11	13	13	0.00499535
470	12	50256	50256	0.00176907
471	5	286	286	0.0329256
471	6	7446	3668	3.87655
471	7	3917	422	4.30285
471	8	351	351	0.774933
471	9	15568	1296	6.11254
471	10	287	290	3.31819
471	11	304	4898	5.8171
471	12	2724	23235	4.6811
471	13	560	338	5.49804
471	14	6210	4618	4.3339
471	15	4778	318	2.18875
471	16	13	13	0.0135469
471	17	50256	50256	0.00124645
472	5	16839	1573	4.04312
472	6	326	326	0.503093
472	7	460	326	1.61279
472	8	1011	1296	5.30919
472	9	530	663	2.20585
472	10	286	286	1.03442
472	11	734	5186	2.70853
472	12	3815	393	4.0267
472	13	13	13	0.0259829
472	14	50256	50256	0.00230598
473	5	656	656	0.309632
473	6	734	734	1.89485
473	7	4778	2568	2.72818
473	8	13	13	0.00744629
473	9	50256	50256	0.0038271
474	5	17065	460	6.45257
474	6	355	329	1.99224
474	7	13701	8978	6.49489
474	8	389	416	2.33457
474	9	7525	307	6.1142
474	10	12835	6134	3.60984
474	11	336	318	5.64553
474	12	23833	13	5.06754
474	13	13	13	0.0257263
474	14	50256	50256	0.00111008
475	5	284	284	0.188895
475	6	262	262	0.0458145
475	7	4571	3139	4.83915
475	8	286	286	0.624092
475	9	3668	3668	3.24565
475	10	338	338	0.0724878
475	11	5093	1692	4.25388
475	12	5724	66	5.93777
475	13	864	6896	5.83111
475	14	16488	72	7.16883
475	15	13	13	0.00286007
475	16	50256	50256	0.00142097
476	5	10183	10183	3.71187
476	6	2258	34616	4.02385
476	7	2253	2253	2.37976
476	8	13	13	0.00727558
476	9	50256	50256	0.00261974
477	5	402	262	7.15961
477	6	23638	373	3.54851
477	7	21001	416	5.12203
477	8	257	262	1.12393
477	9	1692	6156	4.26701
477	10	1182	1767	4.62602
477	11	351	351	0.874524
477	12	257	262	2.38985
477	13	18744	1748	5.65187
477	14	338	338	0.0718126
477	15	1767	1692	4.46614
477	16	13	13	0.00474262
477	17	50256	50256	0.00100899
478	5	257	257	0.325658
478	6	26041	26041	3.83052
478	7	30971	925	5.42592
478	8	2524	12	3.44862
478	9	319	319	1.10585
478	10	262	262	0.0446444
478	11	575	1692	5.83863
478	12	1229	64	5.13766
478	13	39036	6896	4.71874
478	14	24078	14355	4.685
478	15	13	13	0.0188503
478	16	50256	50256	0.00212765
479	5	4729	326	6.22352
479	6	530	663	2.02627
479	7	1194	663	3.5281
479	8	287	287	0.305264
479	9	281	281	1.22299
479	10	22088	7022	4.82778
479	11	291	12	4.19544
479	12	4735	5931	2.91746
479	13	13	13	0.0135584
479	14	50256	50256	0.00162315
480	5	355	319	1.48817
480	6	262	262	0.111488
480	7	3139	3139	1.66279
480	8	1748	286	2.31644
480	9	286	286	0.192623
480	10	16490	16519	3.69287
480	11	13	13	0.00619316
480	12	50256	50256	0.00678921
481	5	290	290	0.060545
481	6	6140	307	6.40745
481	7	262	262	0.0431395
481	8	44639	1767	5.49392
481	9	286	286	0.280664
481	10	39515	8706	5.33158
481	11	13	13	0.00418949
481	12	50256	50256	0.00303841
482	5	262	262	0.659359
482	6	2656	2656	3.29284
482	7	1366	1366	3.67828
482	8	284	284	0.634741
482	9	307	511	3.27733
482	10	49594	13737	5.84008
482	11	3446	6896	5.03426
482	12	13	13	0.0149879
482	13	50256	50256	0.00299835
483	5	1317	318	5.76273
483	6	379	318	3.01168
483	7	262	262	0.401134
483	8	3726	1402	5.52885
483	9	286	286	0.0757065
483	10	257	257	0.261021
483	11	3194	257	3.7073
483	12	1808	4618	5.24691
483	13	13	13	0.00550652
483	14	50256	50256	0.00233746
484	5	2678	6156	5.22306
484	6	11	11	0.165246
484	7	1390	981	4.58522
484	8	14679	351	5.99172
484	9	290	290	0.0348701
484	10	17322	6156	4.34524
484	11	13	13	0.00417995
484	12	50256	50256	0.00351715
485	5	290	290	0.290672
485	6	5594	1296	3.90457
485	7	284	284	0.070096
485	8	262	262	0.0904608
485	9	610	8701	4.9924
485	10	620	2340	4.34503
485	11	77	77	3.68197
485	12	2340	2340	2.62584
485	13	13	13	0.596772
485	14	50256	50256	0.00125408
486	5	38967	925	4.40241
486	6	5911	925	6.21073
486	7	257	257	0.0556812
486	8	2524	1748	4.00621
486	9	338	338	0.154589
486	10	9574	8122	4.69096
486	11	286	286	0.0266762
486	12	13755	257	4.34346
486	13	13	13	0.00612736
486	14	50256	50256	0.00171661
487	5	3146	2568	4.5088
487	6	13	13	0.00692654
487	7	50256	50256	0.00885391
488	5	3407	326	4.75358
488	6	6285	262	5.65549
488	7	6637	460	4.81086
488	8	3170	3170	3.34528
488	9	1141	326	2.43501
488	10	1180	511	3.47029
488	11	37860	1588	5.30437
488	12	459	2057	5.47318
488	13	444	389	5.12554
488	14	13	13	0.0293512
488	15	50256	50256	0.00214577
489	5	11	338	1.99923
489	6	981	981	1.70704
489	7	257	257	0.113378
489	8	2116	14153	6.72134
489	9	12	12	1.59272
489	10	634	781	4.38494
489	11	12907	338	5.32272
489	12	6870	13	9.05683
489	13	262	262	0.435576
489	14	6802	976	5.92695
489	15	13	13	0.00511074
489	16	50256	50256	0.00181484
490	5	287	287	0.0946121
490	6	2882	2882	3.75354
490	7	284	284	0.129946
490	8	13522	262	6.71033
490	9	13	13	0.00257111
490	10	50256	50256	0.00162697
491	5	3139	3139	0.403008
491	6	11	11	0.278433
491	7	319	319	0.795622
491	8	262	262	0.0557461
491	9	12108	3139	2.85421
491	10	286	286	0.096571
491	11	22777	8706	4.67224
491	12	13	13	0.00353718
491	13	50256	50256	0.00513172
492	5	24907	5186	5.38033
492	6	416	416	0.887586
492	7	31094	1194	4.32998
492	8	28471	4618	5.06123
492	9	13	13	0.00322533
492	10	50256	50256	0.00436497
493	5	7446	10183	4.37958
493	6	7000	2057	5.23478
493	7	8513	2057	5.81637
493	8	1321	2057	5.28571
493	9	13	13	0.00564766
493	10	50256	50256	0.00370312
494	5	284	284	0.221635
494	6	3197	7840	5.68922
494	7	21181	734	5.16936
494	8	832	832	1.08183
494	9	23607	7840	4.42259
494	10	13	13	0.00423336
494	11	50256	50256	0.00321388
495	5	20394	1296	4.94324
495	6	7572	2057	5.10725
495	7	290	290	0.203023
495	8	987	734	4.28269
495	9	48331	621	4.396
495	10	15268	663	5.22473
495	11	13	13	0.00465775
495	12	50256	50256	0.00263023
496	5	1973	832	4.04778
496	6	2031	262	2.77049
496	7	1141	319	2.03184
496	8	262	262	1.06328
496	9	1440	1692	5.93643
496	10	20283	8188	5.18299
496	11	4289	6896	4.98399
496	12	13	13	0.0110312
496	13	50256	50256	0.00375271
497	5	2057	2057	1.528
497	6	1863	656	3.3371
497	7	262	262	0.282743
497	8	34616	34616	3.10851
497	9	14998	4881	4.32484
497	10	13	13	0.0102224
497	11	50256	50256	0.0023613
498	5	878	326	3.00986
498	6	5033	511	6.01935
498	7	8539	2057	4.92335
498	8	276	12	3.39816
498	9	6490	284	5.78784
498	10	13	13	0.00491333
498	11	50256	50256	0.00194454
499	5	18355	262	4.63776
499	6	12135	318	4.77908
499	7	15114	257	6.2378
499	8	355	355	1.70951
499	9	2208	4898	4.92531
499	10	24494	12	4.50973
499	11	276	12	3.61265
499	12	1660	393	4.8675
499	13	44389	284	5.10442
499	14	4291	393	4.21321
499	15	4771	393	4.02131
499	16	13166	13166	3.05567
499	17	13	13	0.00399971
499	18	50256	50256	0.00177097
500	5	379	318	1.95127
500	6	543	543	2.04515
500	7	2647	257	5.0978
500	8	318	318	0.429573
500	9	6157	4898	5.75761
500	10	13	13	0.00729084
500	11	50256	50256	0.00373554
501	5	5440	12	5.97278
501	6	3917	1296	5.29873
501	7	351	351	0.612028
501	8	262	262	0.44373
501	9	509	16760	6.29424
501	10	9019	418	4.78206
501	11	525	12	6.10088
501	12	16734	1080	4.52054
501	13	13	13	0.00624752
501	14	50256	50256	0.00137234
502	5	262	262	0.0658112
502	6	2297	12108	4.07045
502	7	6896	6896	1.34109
502	8	290	290	0.0781546
502	9	262	262	0.0846987
502	10	22035	3825	5.482
502	11	12108	12108	2.6881
502	12	13	13	0.0155821
502	13	50256	50256	0.00456429
503	5	16968	511	3.24767
503	6	1660	6147	3.6839
503	7	2641	284	4.14026
503	8	606	511	2.50845
503	9	12188	2057	4.85234
503	10	6751	2057	3.72142
503	11	3833	606	3.49023
503	12	13	13	0.00909519
503	13	50256	50256	0.0043354
504	5	22037	351	4.16518
504	6	13100	422	4.45196
504	7	284	284	0.114505
504	8	1440	511	4.78149
504	9	19651	1660	4.94852
504	10	6588	2057	3.59649
504	11	23235	23235	2.86442
504	12	13	13	0.00464725
504	13	50256	50256	0.0030365
505	5	18391	257	5.19612
505	6	4778	656	2.39049
505	7	284	284	0.127558
505	8	1296	1296	1.66838
505	9	257	257	0.504698
505	10	649	1180	3.8656
505	11	1976	5667	4.84088
505	12	35641	13	5.75336
505	13	1258	72	4.35219
505	14	13	13	0.00708866
505	15	50256	50256	0.00130844
506	5	625	2568	3.76991
506	6	37294	734	6.07105
506	7	5207	1042	3.9707
506	8	13	13	0.00379181
506	9	50256	50256	0.00436211
507	5	284	284	0.207896
507	6	12405	281	4.80104
507	7	290	290	0.0747471
507	8	18510	7840	5.14653
507	9	50126	7229	7.14046
507	10	1366	2253	4.53416
507	11	13	13	0.0127363
507	12	50256	50256	0.00518227
508	5	1022	329	4.06834
508	6	290	290	0.300598
508	7	1088	530	5.78879
508	8	262	262	0.0320282
508	9	14189	1767	5.13268
508	10	2442	287	4.70317
508	11	290	290	0.321031
508	12	47441	584	4.26074
508	13	9700	274	4.34685
508	14	18180	13	4.92056
508	15	13	13	0.00697231
508	16	50256	50256	0.00191784
509	5	11	11	0.667372
509	6	981	981	1.46994
509	7	4530	1296	5.53232
509	8	286	286	0.654737
509	9	262	262	0.886999
509	10	976	3825	2.29243
509	11	1051	729	5.24879
509	12	1128	4618	6.5765
509	13	417	14355	5.3382
509	14	13	13	0.0146112
509	15	50256	50256	0.00178432
510	5	12	12	1.5024
510	6	2385	1573	4.87064
510	7	863	12	4.69444
510	8	2712	326	5.04416
510	9	4116	706	5.05618
510	10	4909	326	7.04495
510	11	1440	3624	3.76994
510	12	14803	20048	4.47693
510	13	13	13	0.00591373
510	14	50256	50256	0.0029335
511	5	257	257	0.284326
511	6	14091	12278	3.35092
511	7	2214	2214	3.10136
511	8	13	13	0.0224361
511	9	50256	50256	0.002388
512	5	3188	8122	4.78333
512	6	393	393	1.20392
512	7	4067	1633	3.71825
512	8	284	284	0.285705
512	9	1194	530	3.47655
512	10	8271	393	5.95061
512	11	393	290	2.25731
512	12	4067	21334	3.68509
512	13	13	13	0.00209427
512	14	50256	50256	0.0017271
513	5	4695	5667	2.81387
513	6	287	287	0.485331
513	7	16976	1111	6.4045
513	8	11	11	0.473225
513	9	18086	351	5.70914
513	10	12	12	0.41798
513	11	16760	16760	2.91166
513	12	5667	5667	2.34013
513	13	13	13	0.0317984
513	14	50256	50256	0.00153446
514	5	319	286	2.78813
514	6	2869	262	5.87259
514	7	338	338	0.273126
514	8	7022	1080	3.34244
514	9	286	286	0.082325
514	10	367	3139	5.09405
514	11	684	1080	3.49188
514	12	13415	13	5.05145
514	13	13	13	0.0130672
514	14	50256	50256	0.00467968
515	5	8122	8122	1.65657
515	6	656	656	0.921053
515	7	257	257	0.160161
515	8	3623	8122	4.20116
515	9	379	832	2.08797
515	10	663	663	2.34197
515	11	4417	4417	2.64074
515	12	13	13	0.0190325
515	13	50256	50256	0.00335312
516	5	416	11	1.35373
516	6	38797	543	3.33082
516	7	278	326	3.99083
516	8	7545	1296	3.0146
516	9	351	351	1.17713
516	10	300	511	4.118
516	11	12009	1660	4.15195
516	12	7408	663	4.59499
516	13	11492	5951	4.58934
516	14	13	13	0.00474644
516	15	50256	50256	0.0020895
517	5	287	287	0.236794
517	6	7408	663	4.57601
517	7	414	393	5.9085
517	8	618	11	1.47727
517	9	1402	1402	2.53549
517	10	6867	393	6.98123
517	11	286	286	0.0719814
517	12	7408	734	4.36097
517	13	393	393	0.517492
517	14	2779	3877	4.63456
517	15	389	284	2.57233
517	16	2087	5667	4.37239
517	17	13	13	0.0195704
517	18	50256	50256	0.00158978
518	5	5107	3139	5.47597
518	6	286	286	0.322544
518	7	3194	3194	3.4016
518	8	3435	262	4.79652
518	9	355	355	0.676414
518	10	281	257	2.57895
518	11	1242	1242	2.6955
518	12	13	13	0.00283146
518	13	50256	50256	0.00439072
519	5	3017	22421	4.76189
519	6	465	739	3.80497
519	7	898	898	4.0599
519	8	35674	618	5.27019
519	9	287	287	0.66256
519	10	10123	38797	5.93613
519	11	6065	12	5.47772
519	12	24252	72	5.00382
519	13	13	13	0.00391388
519	14	50256	50256	0.00420666
520	5	7421	272	5.72129
520	6	286	286	0.0511923
520	7	3878	262	4.81144
520	8	5491	326	6.19403
520	9	13	13	0.00392151
520	10	50256	50256	0.00367165
521	5	44771	329	6.59585
521	6	262	262	0.032608
521	7	27806	1402	6.19177
521	8	286	286	0.133709
521	9	262	262	0.0376348
521	10	449	1402	4.20389
521	11	544	6896	3.9382
521	12	1641	6896	3.15741
521	13	13	13	0.00543499
521	14	50256	50256	0.00290871
522	5	28721	5400	4.23539
522	6	287	287	0.416899
522	7	8850	281	3.20405
522	8	1103	734	4.30749
522	9	34768	584	4.66651
522	10	13	13	0.00487804
522	11	50256	50256	0.00263119
523	5	286	286	0.123216
523	6	10183	16519	5.72883
523	7	2520	3194	4.17102
523	8	2253	2253	2.26528
523	9	13	13	0.0322342
523	10	50256	50256	0.00275517
524	5	31555	326	6.92862
524	6	262	262	0.202285
524	7	4434	1692	7.20606
524	8	323	385	4.47779
524	9	24078	13	3.99186
524	10	422	422	0.386484
524	11	5060	8706	5.83128
524	12	26066	72	6.295
524	13	13	13	0.00616646
524	14	50256	50256	0.00199223
525	5	468	416	3.88138
525	6	37516	3624	6.24533
525	7	12	12	1.37157
525	8	26022	12278	5.39074
525	9	8251	16912	5.89596
525	10	13	13	0.0124292
525	11	50256	50256	0.00540924
526	5	262	262	0.0613661
526	6	40829	1767	5.4915
526	7	31643	3354	4.94414
526	8	4886	262	4.18251
526	9	32726	621	5.40828
526	10	28192	2253	4.42451
526	11	17745	17745	3.63943
526	12	13	13	0.00377464
526	13	50256	50256	0.00204754
527	5	416	11	1.67073
527	6	262	262	0.0901785
527	7	29973	3825	4.39055
527	8	3048	274	4.65159
527	9	286	286	0.235991
527	10	262	262	0.061183
527	11	6869	3825	3.59766
527	12	290	290	0.678729
527	13	262	262	0.0560875
527	14	3825	3825	1.88148
527	15	13	13	0.925591
527	16	50256	50256	0.00274563
528	5	2587	2568	3.51729
528	6	422	422	0.413144
528	7	7815	281	5.50613
528	8	284	284	0.102881
528	9	36717	1180	5.66489
528	10	257	257	0.230712
528	11	3785	1767	4.71651
528	12	13	13	0.0354147
528	13	50256	50256	0.00218201
529	5	2568	2568	1.97368
529	6	832	832	0.551753
529	7	12213	734	5.56162
529	8	1626	351	3.10094
529	9	2300	1657	5.77563
529	10	1231	656	3.31438
529	11	11963	11863	5.58116
529	12	2587	656	2.55343
529	13	5202	13	5.69409
529	14	13	13	0.00375462
529	15	50256	50256	0.00176048
530	5	11904	5667	2.50554
530	6	1043	12	2.7204
530	7	2641	351	4.03931
530	8	262	262	0.149494
530	9	6891	1767	5.67001
530	10	4618	4618	3.08609
530	11	338	338	0.254225
530	12	15921	15921	1.98848
530	13	13	13	0.0163908
530	14	50256	50256	0.00121117
531	5	4833	257	5.46703
531	6	37446	12	5.82971
531	7	11	11	0.075243
531	8	1123	393	2.11941
531	9	351	351	1.52041
531	10	5093	1123	5.39388
531	11	290	290	0.241477
531	12	5366	1402	4.47324
531	13	24971	16912	4.7374
531	14	13	13	0.014245
531	15	50256	50256	0.0026865
532	5	5688	1043	3.57754
532	6	416	416	0.864056
532	7	262	262	0.0342503
532	8	7492	25979	5.23545
532	9	5866	286	2.66236
532	10	13	13	0.00448036
532	11	50256	50256	0.00160885
533	5	511	511	0.848148
533	6	2057	2057	1.33037
533	7	7525	416	4.41841
533	8	416	416	1.05258
533	9	6600	584	4.05978
533	10	4618	4695	3.67042
533	11	2587	4778	2.94366
533	12	13	13	0.00533199
533	13	50256	50256	0.00401211
534	5	656	656	0.243741
534	6	262	262	0.0627317
534	7	2619	1767	6.70262
534	8	6896	6896	1.6714
534	9	832	832	0.509289
534	10	257	257	0.783384
534	11	1588	1588	2.96051
534	12	25979	1271	4.16228
534	13	13	13	0.0107689
534	14	50256	50256	0.00187016
535	5	663	663	1.12505
535	6	8574	8122	4.19641
535	7	10154	460	5.20256
535	8	618	318	2.17575
535	9	1176	1194	4.69411
535	10	318	318	0.584281
535	11	4615	1194	4.5154
535	12	13	13	0.0172253
535	13	50256	50256	0.00903797
536	5	3696	7840	4.55603
536	6	625	625	2.96239
536	7	640	734	4.14536
536	8	13	13	0.0263968
536	9	50256	50256	0.00265026
537	5	41898	262	5.3935
537	6	11	11	0.0667753
537	7	15677	262	5.86875
537	8	82	1444	3.15793
537	9	262	262	0.168564
537	10	1556	3139	6.00022
537	11	2838	1080	5.23833
537	12	286	286	0.0999432
537	13	262	262	0.111416
537	14	17467	3139	6.33764
537	15	385	287	3.6309
537	16	5866	5866	2.49367
537	17	13	13	0.0150051
537	18	50256	50256	0.00471592
538	5	21079	878	4.51537
538	6	262	262	0.0432796
538	7	3085	1692	3.42096
538	8	1627	262	3.70505
538	9	8686	6896	3.20513
538	10	284	284	0.180006
538	11	262	262	0.179806
538	12	3465	1767	3.77843
538	13	402	13	4.35193
538	14	13	13	0.0707178
538	15	50256	50256	0.00291443
539	5	29509	318	5.13232
539	6	263	318	4.06949
539	7	621	621	2.15476
539	8	5814	1296	5.06146
539	9	32085	393	3.66704
539	10	729	393	3.72308
539	11	286	286	0.0903091
539	12	262	262	0.665779
539	13	976	976	2.42731
539	14	3664	1402	5.26411
539	15	6269	1123	5.58979
539	16	379	656	2.66164
539	17	7226	3668	4.65165
539	18	9151	5044	5.81255
539	19	10101	3825	4.71193
539	20	13	13	0.00705147
539	21	50256	50256	0.00222683
540	5	1022	287	3.06545
540	6	6632	663	3.85254
540	7	290	290	0.182435
540	8	530	734	3.17019
540	9	11	355	3.56838
540	10	19889	663	6.48106
540	11	13	13	0.00509453
540	12	50256	50256	0.00282955
541	5	1262	416	2.59598
541	6	257	257	0.395464
541	7	2060	2060	2.81877
541	8	302	8122	5.37831
541	9	276	12	3.59463
541	10	13	13	0.00332451
541	11	50256	50256	0.00249863
542	5	11470	3668	5.1977
542	6	7370	393	4.29893
542	7	393	393	1.02611
542	8	734	734	2.36527
542	9	31028	393	6.88219
542	10	2511	393	6.19343
542	11	1547	16912	5.60248
542	12	13	13	0.00308609
542	13	50256	50256	0.00415516
543	5	3436	326	5.51202
543	6	857	416	4.27767
543	7	407	5419	2.81629
543	8	10385	511	4.56035
543	9	262	262	0.47981
543	10	1366	3825	6.44046
543	11	8574	23235	4.79763
543	12	2641	284	3.4309
543	13	340	257	2.56989
543	14	13	13	0.00720406
543	15	50256	50256	0.00240135
544	5	987	16519	4.13009
544	6	48331	290	3.66854
544	7	23607	734	3.76021
544	8	286	286	0.11175
544	9	21181	734	5.66792
544	10	13	13	0.00543404
544	11	50256	50256	0.00364017
545	5	290	290	0.0873022
545	6	11298	12278	5.77237
545	7	4133	12	5.46345
545	8	884	416	5.25952
545	9	355	355	0.691227
545	10	11532	3624	5.72815
545	11	4963	1978	5.797
545	12	13	13	0.010602
545	13	50256	50256	0.00283051
546	5	287	287	0.286333
546	6	257	257	0.201909
546	7	16430	1767	5.09861
546	8	13	13	0.00383282
546	9	50256	50256	0.00263309
547	5	11408	281	7.28069
547	6	787	1296	4.25204
547	7	10469	318	5.00454
547	8	2300	618	4.89432
547	9	422	422	0.416109
547	10	287	393	6.76069
547	11	36617	3668	5.20194
547	12	4237	23235	5.08785
547	13	13	13	0.00644016
547	14	50256	50256	0.00261879
548	5	38985	329	4.32431
548	6	636	329	3.78377
548	7	286	286	0.161573
548	8	7840	7840	2.39044
548	9	17456	17456	2.92717
548	10	13	13	0.00461292
548	11	50256	50256	0.00351048
549	5	6268	2568	2.51963
549	6	656	656	0.276481
549	7	18411	734	5.59637
549	8	2568	2568	2.23996
549	9	13	13	0.00581169
549	10	50256	50256	0.00440216
550	5	734	663	2.84497
550	6	318	318	0.241286
550	7	262	262	0.353129
550	8	691	3825	5.22392
550	9	772	262	4.69951
550	10	530	262	2.80206
550	11	13	13	0.1167
550	12	50256	50256	0.00389194
551	5	262	262	0.152791
551	6	3934	318	5.45251
551	7	16395	12	4.56124
551	8	15989	12	4.8264
551	9	3812	355	3.04791
551	10	663	663	0.999698
551	11	6971	1194	6.1017
551	12	8384	11	3.42926
551	13	832	832	0.782678
551	14	19794	663	5.68445
551	15	13	13	0.00568581
551	16	50256	50256	0.00147247
552	5	262	262	0.0919771
552	6	3139	3139	1.88508
552	7	1748	286	2.6347
552	8	286	286	0.0783863
552	9	27026	262	5.66558
552	10	287	287	0.275787
552	11	2520	262	4.10614
552	12	7229	7229	2.73312
552	13	13	13	0.00584412
552	14	50256	50256	0.00666809
553	5	37989	734	4.66378
553	6	7370	1978	4.87243
553	7	13	13	0.0143118
553	8	50256	50256	0.00732136
554	5	14422	1748	5.25431
554	6	286	286	0.0318842
554	7	36683	257	6.33106
554	8	571	318	5.79323
554	9	10304	385	5.80511
554	10	547	11	5.06552
554	11	23470	12	4.91491
554	12	656	656	0.524109
554	13	7815	663	6.01185
554	14	287	287	0.178403
554	15	31592	281	5.18707
554	16	13	13	0.0134087
554	17	50256	50256	0.00158787
555	5	2753	318	3.92433
555	6	1295	318	5.63646
555	7	1973	351	3.15887
555	8	262	262	0.155568
555	9	7714	1767	4.4348
555	10	286	286	0.0488253
555	11	7009	663	4.17927
555	12	435	4618	5.46806
555	13	303	13	4.97364
555	14	11106	13	5.60399
555	15	13	13	0.00410461
555	16	50256	50256	0.0023613
556	5	2939	50256	5.3608
556	6	19794	734	5.26094
556	7	290	290	0.16198
556	8	13902	734	4.20724
556	9	13	13	0.0397739
556	10	50256	50256	0.00407887
557	5	4263	2057	3.32912
557	6	422	422	0.305656
557	7	867	530	3.47305
557	8	1402	1402	2.27334
557	9	22969	729	3.98595
557	10	286	286	0.134116
557	11	3124	4618	4.16654
557	12	13	13	0.0148783
557	13	50256	50256	0.0019598
558	5	3923	881	3.44883
558	6	287	286	2.02046
558	7	262	262	0.04282
558	8	5739	3139	5.18159
558	9	8689	286	5.08373
558	10	286	286	0.104083
558	11	1881	8706	4.61508
558	12	39255	338	5.05709
558	13	290	290	0.0412941
558	14	1881	8706	4.28579
558	15	27760	13	5.99079
558	16	13	13	0.00532055
558	17	50256	50256	0.0024786
559	5	286	286	0.219972
559	6	20296	1296	5.09638
559	7	326	326	1.35551
559	8	5615	925	5.11396
559	9	287	287	0.249717
559	10	262	262	0.0993719
559	11	41917	2656	5.47032
559	12	1613	13	5.31209
559	13	13	13	0.0143805
559	14	50256	50256	0.00190639
560	5	15170	326	5.11753
560	6	2577	326	4.74228
560	7	8477	416	6.10138
560	8	257	257	1.79282
560	9	3350	16760	6.31668
560	10	8272	338	6.10146
560	11	338	338	1.24701
560	12	1204	2818	5.75888
560	13	319	319	1.51451
560	14	281	281	0.899817
560	15	7022	7022	2.76042
560	16	13	13	0.254402
560	17	50256	50256	0.0019989
561	5	3825	3825	1.44388
561	6	1656	11	4.48595
561	7	284	284	0.236271
561	8	1445	262	5.018
561	9	1973	351	3.02815
561	10	262	262	0.756784
561	11	6766	3825	5.00553
561	12	1123	1123	1.87538
561	13	1110	584	4.02759
561	14	13	13	0.118424
561	15	50256	50256	0.00236988
562	5	262	262	0.67764
562	6	15189	3825	5.62192
562	7	3634	11	5.39007
562	8	4279	12	5.40196
562	9	11	11	0.234552
562	10	340	340	1.95637
562	11	1276	618	4.73088
562	12	7719	284	6.94963
562	13	284	284	0.326541
562	14	257	257	0.776906
562	15	16599	4417	5.94567
562	16	11	11	0.119889
562	17	10929	530	7.20016
562	18	11	11	0.0980196
562	19	24233	393	7.10243
562	20	11	11	0.0876122
562	21	393	393	1.51673
562	22	22062	584	5.76915
562	23	13	13	0.00357342
562	24	50256	50256	0.00263596
563	5	2420	262	5.51501
563	6	2915	12	4.42348
563	7	13676	5667	6.29451
563	8	1088	2057	3.11691
563	9	15985	511	6.0559
563	10	11904	5667	3.1124
563	11	13	13	0.00609303
563	12	50256	50256	0.00160789
564	5	389	416	1.83691
564	6	3706	318	5.08193
564	7	13548	12	5.02949
564	8	418	12	3.77987
564	9	11	11	0.107717
564	10	350	981	5.86343
564	11	1506	12	4.98348
564	12	418	418	3.74207
564	13	11	11	0.0801172
564	14	290	290	0.115972
564	15	39026	6156	5.00297
564	16	271	338	4.98723
564	17	13	13	0.0256319
564	18	50256	50256	0.00252914
565	5	6156	6156	2.65318
565	6	9088	1748	4.52963
565	7	286	286	0.190379
565	8	24726	1944	4.86872
565	9	13399	389	5.18981
565	10	13	13	0.0047369
565	11	50256	50256	0.00205898
566	5	1402	460	5.94424
566	6	11904	2587	3.45424
566	7	326	326	0.89774
566	8	3092	1296	5.52669
566	9	257	257	0.136431
566	10	8904	8122	4.81486
566	11	8574	4778	4.01412
566	12	2057	2057	2.06257
566	13	5127	656	5.06095
566	14	13	13	0.00844765
566	15	50256	50256	0.00272465
567	5	2904	6903	4.68109
567	6	2087	3877	4.32769
567	7	2378	13	5.30412
567	8	717	3139	4.74342
567	9	13	13	0.101229
567	10	50256	50256	0.00922966
568	5	1717	11	3.73862
568	6	6327	11	3.86816
568	7	360	360	3.66646
568	8	39781	360	3.96222
568	9	262	262	0.0898094
568	10	20281	976	4.94493
568	11	286	286	0.233622
568	12	383	257	4.70335
568	13	2764	1688	4.92861
568	14	286	286	0.299478
568	15	22489	1123	5.63251
568	16	24568	14355	5.17938
568	17	78	329	2.94508
568	18	13	13	0.0402489
568	19	50256	50256	0.00235367
569	5	287	11	2.17214
569	6	2292	3668	5.24774
569	7	981	618	2.92057
569	8	257	257	0.267925
569	9	9664	4898	6.5733
569	10	318	318	0.332971
569	11	36932	5186	6.73336
569	12	13	13	0.00962448
569	13	50256	50256	0.00374603
570	5	516	468	5.68342
570	6	15113	326	5.78809
570	7	4635	326	4.64709
570	8	355	319	2.11382
570	9	257	257	0.708216
570	10	19999	2060	4.90861
570	11	1868	8991	5.74583
570	12	14170	351	5.69071
570	13	281	257	2.2657
570	14	8137	2818	3.79761
570	15	13	13	0.0194159
570	16	50256	50256	0.00172901
571	5	262	262	0.0896187
571	6	6869	6869	2.23697
571	7	318	318	0.319821
571	8	6697	262	5.93295
571	9	262	262	0.969181
571	10	3825	3825	1.3825
571	11	287	11	2.0474
571	12	3668	3668	1.91523
571	13	338	338	0.23274
571	14	6766	6869	5.14329
571	15	13	13	0.0281019
571	16	50256	50256	0.00189114
572	5	355	319	1.63114
572	6	262	262	0.0267181
572	7	3139	3139	1.48024
572	8	286	286	0.363187
572	9	262	262	0.0266695
572	10	45772	3139	5.95151
572	11	8065	6896	4.61004
572	12	13	13	0.0207291
572	13	50256	50256	0.00452709
573	5	832	832	0.959432
573	6	3668	262	4.0305
573	7	338	338	0.0830307
573	8	8137	318	4.26286
573	9	290	290	0.729492
573	10	12229	1660	5.87695
573	11	262	262	0.206467
573	12	2323	3825	5.06905
573	13	318	318	2.09322
573	14	1444	262	2.00731
573	15	257	257	0.42219
573	16	19999	8137	5.19108
573	17	578	966	6.66315
573	18	13	13	0.00859547
573	19	50256	50256	0.00126743
574	5	660	925	5.31254
574	6	318	318	0.419622
574	7	3917	1296	3.42118
574	8	351	351	0.280536
574	9	262	262	0.260757
574	10	1855	2656	4.64516
574	11	24611	1080	5.12821
574	12	14355	13	4.22
574	13	13	13	0.00419235
574	14	50256	50256	0.00182629
575	5	2967	11904	5.3416
575	6	656	656	0.142732
575	7	10601	48573	5.55749
575	8	329	329	0.953244
575	9	8509	584	4.94644
575	10	290	290	0.323767
575	11	584	584	2.57852
575	12	9013	4618	4.8865
575	13	13	13	0.0115337
575	14	50256	50256	0.00114441
576	5	14768	318	5.7134
576	6	319	355	1.91703
576	7	24438	262	8.14174
576	8	286	286	0.0895205
576	9	262	262	0.282317
576	10	976	3825	2.1685
576	11	3124	1123	4.70658
576	12	3690	1123	5.51647
576	13	8850	1123	4.45992
576	14	6100	584	5.23594
576	15	13	13	0.0125952
576	16	50256	50256	0.00204659
577	5	3794	262	3.99459
577	6	284	284	0.739601
577	7	262	262	0.048336
577	8	5366	1402	3.96744
577	9	290	290	1.12208
577	10	2807	5419	6.41636
577	11	284	284	0.171508
577	12	262	262	0.13276
577	13	5093	1767	4.97972
577	14	13	13	0.0105619
577	15	50256	50256	0.0011034
578	5	6727	3139	5.21208
578	6	4417	1080	4.29127
578	7	286	286	0.0780354
578	8	262	262	0.555122
578	9	24725	1692	6.28382
578	10	34573	13	5.83877
578	11	6516	274	5.24525
578	12	287	287	0.996357
578	13	281	281	1.63721
578	14	555	1692	4.26905
578	15	10414	13	5.9999
578	16	1389	13	5.64505
578	17	14839	6896	5.16515
578	18	7087	13	4.83973
578	19	13	13	0.00408077
578	20	50256	50256	0.00196552
579	5	257	257	0.459736
579	6	9629	8064	5.5804
579	7	286	286	0.483364
579	8	987	257	5.79384
579	9	86	3194	4.52011
579	10	16206	393	5.49348
579	11	4618	4618	3.64944
579	12	26742	338	7.76263
579	13	13	13	0.0129471
579	14	50256	50256	0.00375748
580	5	286	286	0.156488
580	6	4930	262	5.03875
580	7	20830	329	5.90784
580	8	287	287	1.18971
580	9	3576	7840	5.38095
580	10	290	290	0.108115
580	11	6342	6156	4.07051
580	12	13	13	0.00991726
580	13	50256	50256	0.0031414
581	5	16524	22421	5.07805
581	6	284	284	0.831113
581	7	1180	1296	3.79479
581	8	10530	326	6.06355
581	9	22421	22421	3.16004
581	10	416	416	0.995465
581	11	5609	1296	4.36062
581	12	262	262	0.507852
581	13	12097	318	5.44655
581	14	286	286	0.124279
581	15	511	511	1.66425
581	16	13026	656	5.41789
581	17	16600	1978	5.67258
581	18	13	13	0.00400543
581	19	50256	50256	0.00204945
582	5	21270	7840	4.64875
582	6	287	287	0.416473
582	7	11228	7840	5.9134
582	8	2057	2057	1.43929
582	9	13	13	0.0134144
582	10	50256	50256	0.00353909
583	5	9215	511	6.38922
583	6	17359	2057	5.96366
583	7	284	284	0.114499
583	8	1296	511	3.3609
583	9	9215	511	6.51026
583	10	13	13	0.00546741
583	11	50256	50256	0.00257778
584	5	4492	2031	3.82239
584	6	422	416	2.58379
584	7	7840	511	4.08476
584	8	4881	4881	2.89072
584	9	13	13	0.0168924
584	10	50256	50256	0.00591755
585	5	276	12	2.96929
585	6	287	287	0.43376
585	7	281	281	0.940982
585	8	11557	820	4.51151
585	9	1080	15921	3.62469
585	10	13	13	0.00272179
585	11	50256	50256	0.00277519
586	5	8771	1688	5.95441
586	6	800	326	4.41406
586	7	3369	7545	5.14203
586	8	2346	618	5.92936
586	9	11	11	0.111887
586	10	3264	351	4.66852
586	11	393	393	1.02049
586	12	20762	584	5.6356
586	13	13	13	0.0357151
586	14	50256	50256	0.00264168
587	5	10087	511	4.91907
587	6	422	416	1.31568
587	7	477	511	5.81291
587	8	584	584	1.84685
587	9	2877	511	4.99465
587	10	4695	511	4.41799
587	11	13	13	0.00485325
587	12	50256	50256	0.00240135
588	5	925	925	1.89631
588	6	422	422	0.648709
588	7	262	262	0.0451136
588	8	279	1767	4.91271
588	9	342	286	5.41901
588	10	286	286	0.228822
588	11	262	262	0.34077
588	12	20461	1767	5.6433
588	13	21180	6896	6.20002
588	14	4618	6896	3.65325
588	15	13	13	0.00656796
588	16	50256	50256	0.00105286
589	5	11	11	0.0468903
589	6	1663	981	4.85634
589	7	379	11	4.82787
589	8	5417	981	4.65114
589	9	11	11	0.0613947
589	10	290	290	0.33873
589	11	1441	5417	5.03845
589	12	284	284	0.902002
589	13	40941	1660	5.02825
589	14	284	290	1.49363
589	15	22919	1660	5.74312
589	16	13	13	0.0166569
589	17	50256	50256	0.00180817
590	5	11	11	0.408766
590	6	14104	318	4.72932
590	7	13015	1573	6.14785
590	8	11	11	0.73578
590	9	290	290	0.212126
590	10	3624	3624	3.03563
590	11	9421	1080	6.35309
590	12	1063	1063	3.14265
590	13	13	13	0.00526524
590	14	50256	50256	0.00214386
591	5	29289	1271	3.81881
591	6	8435	12	4.83873
591	7	973	12	3.05752
591	8	284	284	0.165166
591	9	5163	7840	4.92342
591	10	3992	12	5.23655
591	11	4133	12	5.22191
591	12	13	13	0.00358868
591	13	50256	50256	0.0024147
592	5	9016	326	6.44466
592	6	4731	460	5.21575
592	7	318	318	0.213552
592	8	2793	1296	4.97363
592	9	287	287	0.240956
592	10	7078	281	5.09823
592	11	621	290	4.50204
592	12	262	262	0.10792
592	13	38283	1767	5.02316
592	14	338	338	0.0848408
592	15	6678	5422	5.95848
592	16	9016	4778	5.91328
592	17	4731	338	5.9215
592	18	13	13	0.0211086
592	19	50256	50256	0.00150967
593	5	4635	3623	4.53053
593	6	416	416	0.584232
593	7	23147	1296	5.95771
593	8	44030	511	4.32869
593	9	6147	511	3.2764
593	10	656	656	0.512504
593	11	285	1180	3.49758
593	12	10119	4735	5.77267
593	13	13	13	0.00809574
593	14	50256	50256	0.00210571
594	5	7363	262	5.38687
594	6	284	284	0.208641
594	7	262	262	0.0902433
594	8	7627	1402	5.63363
594	9	286	286	2.86202
594	10	22779	262	3.7189
594	11	7229	6896	2.92863
594	12	13	13	0.00554466
594	13	50256	50256	0.00292492
595	5	262	262	0.0466738
595	6	13589	3825	4.83526
595	7	284	284	0.133704
595	8	262	262	0.219428
595	9	11384	2656	5.98063
595	10	832	338	1.2907
595	11	262	262	0.170192
595	12	1658	1767	5.51081
595	13	2522	6896	5.51862
595	14	31111	6896	4.85982
595	15	13	13	0.0024929
595	16	50256	50256	0.00134087
596	5	8630	925	4.72087
596	6	287	287	0.348881
596	7	2658	262	5.24241
596	8	417	338	4.40517
596	9	292	287	4.03112
596	10	287	287	0.254906
596	11	262	262	0.373954
596	12	25861	1692	4.02859
596	13	1080	1080	2.02408
596	14	13	13	0.00704193
596	15	50256	50256	0.00310993
597	5	11881	257	5.87656
597	6	1364	2057	5.52054
597	7	422	422	0.586511
597	8	262	262	0.053483
597	9	1903	1402	5.90284
597	10	3024	2057	6.23311
597	11	6881	4618	6.15436
597	12	13	13	0.00572872
597	13	50256	50256	0.00211239
598	5	20435	7840	3.89743
598	6	3356	257	5.30855
598	7	290	290	0.205194
598	8	5529	7840	4.46023
598	9	5236	2031	3.32975
598	10	13	13	0.00606441
598	11	50256	50256	0.00614548
599	5	416	416	1.00407
599	6	37228	6156	4.75138
599	7	7888	12	5.31516
599	8	11685	12	5.37805
599	9	286	286	0.0347824
599	10	4898	6156	3.35862
599	11	11	11	0.305234
599	12	3221	1444	4.89614
599	13	351	351	0.774084
599	14	39623	4898	5.6805
599	15	13020	389	5.04785
599	16	11678	13	7.65188
599	17	13	13	0.00477314
599	18	50256	50256	0.0018034
600	5	13055	422	3.23782
600	6	1660	1660	2.50932
600	7	300	11	5.52608
600	8	3922	1296	5.49238
600	9	287	287	0.666538
600	10	465	262	3.41315
600	11	11376	1402	4.4397
600	12	379	11	3.23541
600	13	8118	1123	5.50784
600	14	933	338	5.10597
600	15	88	2340	4.30347
600	16	13	13	0.0222273
600	17	50256	50256	0.00132561
601	5	422	422	1.12884
601	6	257	257	0.306775
601	7	4417	4417	2.55632
601	8	736	338	6.3151
601	9	3812	355	3.13799
601	10	257	257	0.241841
601	11	24783	4417	5.70571
601	12	13	13	0.0133095
601	13	50256	50256	0.00267506
602	5	257	257	0.072278
602	6	18778	4553	4.00449
602	7	14688	11904	4.42704
602	8	680	5667	3.76751
602	9	12	12	0.740163
602	10	43745	2134	6.42004
602	11	19634	338	5.72084
602	12	287	284	0.931438
602	13	281	257	1.34521
602	14	12278	2818	4.21427
602	15	17655	2057	4.0179
602	16	13	13	0.01509
602	17	50256	50256	0.00146389
603	5	3794	3794	3.44323
603	6	3994	422	4.17974
603	7	20838	1588	3.77109
603	8	21641	5667	4.84785
603	9	290	290	0.0228462
603	10	42645	1440	5.5963
603	11	13	13	0.00393486
603	12	50256	50256	0.00147152
604	5	11	11	0.0732479
604	6	14354	981	5.07492
604	7	11	11	0.0791197
604	8	290	290	0.166907
604	9	7572	1660	4.53004
604	10	286	286	0.068552
604	11	3292	734	5.16066
604	12	13	13	0.00330639
604	13	50256	50256	0.0129328
605	5	379	11	2.80083
605	6	7496	5186	5.41322
605	7	290	290	0.294395
605	8	734	3624	2.87752
605	9	7435	3877	5.30655
605	10	1173	16912	5.11564
605	11	829	16912	4.18575
605	12	13	13	0.00442982
605	13	50256	50256	0.00673676
606	5	290	290	0.13448
606	6	26306	734	6.51684
606	7	21622	284	3.85326
606	8	422	422	0.873977
606	9	262	262	0.112984
606	10	9260	1767	5.65266
606	11	13	13	0.00837803
606	12	50256	50256	0.00177288
607	5	326	326	1.4018
607	6	8833	326	6.07784
607	7	351	351	0.599928
607	8	262	262	0.275784
607	9	6000	3825	4.6285
607	10	8373	393	5.23225
607	11	287	287	0.390968
607	12	257	257	1.03254
607	13	27039	7022	5.8075
607	14	13	13	0.0182934
607	15	50256	50256	0.00112915
608	5	7043	1588	4.32673
608	6	316	12	5.26013
608	7	787	1444	4.29576
608	8	2647	257	4.78697
608	9	287	287	0.225173
608	10	257	257	0.193502
608	11	1448	7022	6.29515
608	12	286	286	0.335595
608	13	734	734	3.21856
608	14	13	13	0.850158
608	15	50256	50256	0.00283051
609	5	510	460	4.72331
609	6	15455	460	4.95246
609	7	1231	1231	1.99063
609	8	5609	5419	4.68571
609	9	262	262	1.18999
609	10	1321	656	4.42416
609	11	852	656	3.87958
609	12	42517	2962	5.23745
609	13	798	13	4.23202
609	14	13	13	0.00265121
609	15	50256	50256	0.00153923
610	5	13055	13055	2.45641
610	6	383	262	3.84711
610	7	2907	20838	4.72352
610	8	563	2630	4.20379
610	9	5265	981	5.77501
610	10	287	287	0.639583
610	11	49545	49545	3.53786
610	12	13	13	0.00638962
610	13	50256	50256	0.00261688
611	5	1239	460	5.82386
611	6	11073	460	3.96229
611	7	257	257	0.156547
611	8	4633	8122	4.75247
611	9	1255	460	3.67102
611	10	13	13	0.00632381
611	11	50256	50256	0.00225353
612	5	2630	2630	2.40977
612	6	3923	262	4.91108
612	7	326	326	1.31943
612	8	7301	1296	3.98549
612	9	41553	373	6.33266
612	10	82	82	2.16583
612	11	11	11	0.170413
612	12	37174	290	4.93242
612	13	11	11	0.110388
612	14	290	290	0.187116
612	15	5369	584	3.68863
612	16	13	13	0.00549984
612	17	50256	50256	0.00166798
613	5	546	286	4.35749
613	6	262	262	0.119301
613	7	20175	1767	4.91078
613	8	43989	6896	4.76448
613	9	290	290	0.0589838
613	10	38201	584	4.4144
613	11	13	13	0.00360489
613	12	50256	50256	0.00303555
614	5	9518	7840	4.06733
614	6	5667	4778	2.30905
614	7	2138	290	2.22421
614	8	621	621	1.5127
614	9	8850	281	3.00801
614	10	13737	13737	3.31565
614	11	13	13	0.00299358
614	12	50256	50256	0.0016613
615	5	416	416	0.781189
615	6	27259	1296	6.23798
615	7	7545	1296	3.31878
615	8	656	656	0.452682
615	9	1090	1660	5.43082
615	10	9310	13	7.65727
615	11	290	290	0.35995
615	12	483	584	5.58483
615	13	88	8573	4.21285
615	14	13	13	0.00557518
615	15	50256	50256	0.00165749
616	5	1633	976	3.54578
616	6	5721	286	5.63185
616	7	12611	287	3.82786
616	8	803	329	4.56229
616	9	416	416	0.946976
616	10	41719	340	6.7906
616	11	511	340	2.96224
616	12	11914	1633	5.07883
616	13	656	656	0.824451
616	14	257	257	0.292041
616	15	5422	5422	3.46838
616	16	12239	4618	5.8578
616	17	13	13	0.00438595
616	18	50256	50256	0.00331497
617	5	19418	262	5.71755
617	6	36578	329	6.11124
617	7	351	351	0.772582
617	8	6496	262	6.27251
617	9	8188	2253	3.57473
617	10	13	13	0.0182447
617	11	50256	50256	0.00159168
618	5	355	355	1.26552
618	6	257	257	1.85178
618	7	1271	7022	3.50012
618	8	286	286	0.0543604
618	9	3470	3194	6.90276
618	10	9998	12	4.83353
618	11	13	13	0.00403214
618	12	50256	50256	0.00579548
619	5	284	284	0.0563364
619	6	3283	530	8.36962
619	7	12967	1088	4.67966
619	8	902	290	4.41429
619	9	1973	290	2.75962
619	10	257	257	1.04942
619	11	4417	4417	2.43902
619	12	13	13	0.00985622
619	13	50256	50256	0.00337124
620	5	4905	4417	4.95918
620	6	286	286	0.0736427
620	7	281	257	3.18593
620	8	15835	13042	4.98426
620	9	393	393	0.866561
620	10	875	3877	4.68017
620	11	13168	3877	6.27572
620	12	11862	966	5.65204
620	13	13	13	0.00536728
620	14	50256	50256	0.00227737
621	5	338	338	0.238014
621	6	1810	3139	4.93252
621	7	290	290	0.148958
621	8	12689	1296	5.22681
621	9	3407	262	5.29103
621	10	262	262	0.0777378
621	11	14332	3825	5.46489
621	12	2305	14355	5.51756
621	13	9229	1810	4.75302
621	14	11796	14355	4.77993
621	15	286	286	0.235698
621	16	3284	1123	6.24833
621	17	13	13	0.00920868
621	18	50256	50256	0.00227165
622	5	3650	12278	4.03007
622	6	12278	2568	2.46066
622	7	2568	2568	1.19719
622	8	832	832	1.13598
622	9	48287	734	4.75824
622	10	5931	5931	2.85241
622	11	12737	5667	4.47382
622	12	13	13	0.0131454
622	13	50256	50256	0.00367355
623	5	4143	326	6.53788
623	6	2173	326	5.19631
623	7	1497	416	5.69341
623	8	422	326	3.62583
623	9	262	262	0.173382
623	10	3825	3825	0.993564
623	11	13	13	0.0976009
623	12	50256	50256	0.00262356
624	5	290	290	0.0711555
624	6	6754	6754	3.87959
624	7	2478	2478	4.28476
624	8	286	286	0.105389
624	9	2456	262	6.93726
624	10	13	13	0.0181026
624	11	50256	50256	0.00273705
625	5	3033	355	3.72745
625	6	262	262	0.399273
625	7	26997	6869	5.08063
625	8	2677	1748	5.21382
625	9	11	11	0.34314
625	10	3825	318	2.4006
625	11	370	318	6.12049
625	12	46654	1123	5.32315
625	13	13	13	0.0058403
625	14	50256	50256	0.00205421
626	5	3139	3139	0.797922
626	6	373	11	4.11067
626	7	327	1748	5.11875
626	8	385	287	2.42284
626	9	1073	385	5.87388
626	10	11	11	0.152045
626	11	287	284	1.14876
626	12	1944	262	2.98522
626	13	12	12	0.777447
626	14	820	820	2.55531
626	15	25768	13	4.41325
626	16	13	13	0.0047226
626	17	50256	50256	0.0034399
627	5	5403	1296	4.42999
627	6	663	663	0.555239
627	7	16874	14091	5.27905
627	8	13	13	0.00349808
627	9	50256	50256	0.0062542
628	5	2583	511	5.04635
628	6	4778	4778	1.13559
628	7	284	284	0.107984
628	8	4439	511	3.44418
628	9	649	649	3.78022
628	10	9471	2057	4.41035
628	11	13166	4778	3.54412
628	12	13	13	0.0062809
628	13	50256	50256	0.00305939
629	5	2568	2568	1.1147
629	6	832	832	0.766966
629	7	6565	734	4.31551
629	8	2272	13	4.77677
629	9	13	13	0.0134583
629	10	50256	50256	0.00430393
630	5	3519	373	5.14365
630	6	1035	3170	4.34801
630	7	24370	3170	5.08874
630	8	287	287	0.388494
630	9	13550	6156	4.73924
630	10	34619	393	4.25805
630	11	746	393	3.97146
630	12	291	12	4.26781
630	13	11	11	0.0934467
630	14	1897	290	5.53558
630	15	6210	4618	4.47084
630	16	11	11	0.372725
630	17	290	290	0.444405
630	18	8312	6156	5.76473
630	19	14750	8882	6.75905
630	20	13	13	0.0366917
630	21	50256	50256	0.00195122
631	5	329	329	1.17537
631	6	663	257	1.31694
631	7	1913	820	5.73012
631	8	8508	6896	5.61008
631	9	290	13	1.85124
631	10	27892	663	5.11239
631	11	35988	5044	4.06772
631	12	11222	1123	4.27439
631	13	13	13	0.00813961
631	14	50256	50256	0.00260258
632	5	329	286	2.50336
632	6	18120	1296	5.53808
632	7	257	257	0.0853128
632	8	1917	820	7.15255
632	9	393	393	0.742666
632	10	9489	1296	5.74213
632	11	257	257	0.410587
632	12	4876	584	6.25582
632	13	13	13	0.0311527
632	14	50256	50256	0.00238514
633	5	422	422	0.936441
633	6	15756	11904	5.62569
633	7	5597	973	6.58087
633	8	422	416	1.94618
633	9	13686	1402	5.70456
633	10	49235	8573	6.19159
633	11	13	13	0.00724125
633	12	50256	50256	0.00133705
634	5	34371	318	6.10195
634	6	16578	326	5.37374
634	7	283	12	6.31782
634	8	3815	287	4.33381
634	9	1262	11	3.07374
634	10	16311	4898	6.87585
634	11	286	286	0.0745716
634	12	530	663	3.18319
634	13	284	284	0.243713
634	14	1440	1440	3.13643
634	15	9881	13	4.89592
634	16	13	13	0.00752163
634	17	50256	50256	0.00251961
635	5	2458	318	3.5753
635	6	257	257	0.780128
635	7	6769	6769	4.30483
635	8	338	338	0.150415
635	9	6515	8701	4.96597
635	10	8373	4778	4.29407
635	11	618	11	3.30405
635	12	2723	1194	5.73536
635	13	290	290	0.157079
635	14	22890	584	4.56568
635	15	1445	13	5.05278
635	16	3585	656	4.17994
635	17	284	284	0.105609
635	18	1123	663	2.75543
635	19	584	13	2.4526
635	20	13	13	0.0100412
635	21	50256	50256	0.00139046
636	5	8372	262	5.98989
636	6	3354	3354	2.75991
636	7	286	286	0.0453844
636	8	16519	262	3.32786
636	9	290	290	0.0653381
636	10	17456	17456	3.12643
636	11	13	13	0.00408745
636	12	50256	50256	0.00507259
637	5	21767	318	4.48736
637	6	262	262	0.200614
637	7	1271	4417	3.55405
637	8	286	286	0.148495
637	9	1237	1237	2.76042
637	10	684	3877	2.75292
637	11	287	287	0.375857
637	12	663	663	1.12389
637	13	29984	1767	5.80612
637	14	13	13	0.00411034
637	15	50256	50256	0.00200748
638	5	5563	11904	4.13954
638	6	832	656	1.90326
638	7	41630	3668	5.93225
638	8	38445	287	5.16742
638	9	5107	6896	6.62285
638	10	13	13	0.00256252
638	11	50256	50256	0.00128174
639	5	14921	326	5.27165
639	6	5563	326	4.33576
639	7	884	326	5.47512
639	8	355	355	1.55567
639	9	8234	517	5.14033
639	10	11	11	0.0984602
639	11	12734	393	5.04092
639	12	11	11	0.106373
639	13	393	393	0.829073
639	14	14891	1194	6.00615
639	15	13	13	0.0101261
639	16	50256	50256	0.00204659
640	5	7997	28722	4.46253
640	6	416	416	1.1481
640	7	257	257	0.371469
640	8	10706	15921	3.85371
640	9	286	286	0.271936
640	10	17848	281	3.54794
640	11	13	13	0.00326538
640	12	50256	50256	0.00313663
641	5	281	281	2.40787
641	6	4457	1688	5.13328
641	7	29877	12	4.56121
641	8	2858	385	5.10587
641	9	11	11	0.391696
641	10	407	262	3.23245
641	11	257	257	0.374237
641	12	2818	2818	3.05759
641	13	17076	820	4.32128
641	14	13	13	0.00959206
641	15	50256	50256	0.0021019
642	5	3194	5186	2.86836
642	6	355	355	0.654986
642	7	257	257	0.377749
642	8	8064	7022	4.20935
642	9	286	286	0.12399
642	10	734	1194	3.21226
642	11	37014	3877	4.88912
642	12	13	13	0.00562572
642	13	50256	50256	0.00247955
643	5	2107	318	4.56455
643	6	290	290	0.133736
643	7	1663	1296	3.50771
643	8	329	319	2.84513
643	9	517	262	4.86073
643	10	621	621	1.48085
643	11	734	1660	4.18845
643	12	812	393	6.05611
643	13	13	13	0.00522518
643	14	50256	50256	0.0015316
644	5	3139	3139	1.59572
644	6	286	286	0.159482
644	7	16952	28722	4.72769
644	8	287	287	0.205353
644	9	21199	16519	3.95235
644	10	7229	15921	2.94869
644	11	13	13	0.00607777
644	12	50256	50256	0.00746536
645	5	4847	12278	4.68841
645	6	832	832	1.0276
645	7	10288	734	4.58731
645	8	284	284	0.103354
645	9	584	584	2.36869
645	10	4847	5667	4.5989
645	11	13	13	0.00576401
645	12	50256	50256	0.00194073
646	5	10050	318	4.35622
646	6	2568	2568	1.24843
646	7	284	284	0.233965
646	8	663	663	0.754043
646	9	21334	21334	2.69473
646	10	13	13	0.00255489
646	11	50256	50256	0.00298309
647	5	48135	3139	4.77717
647	6	286	286	0.171497
647	7	262	257	2.11949
647	8	11188	1573	4.74439
647	9	3967	3194	3.79959
647	10	1176	5186	4.78626
647	11	286	286	0.410713
647	12	257	257	0.557732
647	13	1729	7022	4.97542
647	14	22570	5186	3.86542
647	15	1271	4417	2.97953
647	16	13	13	0.0178623
647	17	50256	50256	0.00389767
648	5	262	262	0.0492916
648	6	3085	6156	3.33468
648	7	1627	262	2.85959
648	8	8686	262	2.99611
648	9	284	284	0.189729
648	10	262	262	0.104992
648	11	3465	1692	4.19988
648	12	376	6896	4.11663
648	13	13	13	0.00614548
648	14	50256	50256	0.00362206
649	5	1499	338	3.11379
649	6	287	287	0.446932
649	7	262	262	0.0510464
649	8	7840	7840	2.59282
649	9	18020	7840	4.92628
649	10	13	13	0.0259657
649	11	50256	50256	0.00241089
650	5	4469	976	4.81608
650	6	286	286	0.259816
650	7	26467	1237	5.48806
650	8	385	385	2.19825
650	9	1872	262	4.70823
650	10	338	338	0.19921
650	11	3878	6591	3.82912
650	12	17084	326	5.24033
650	13	13	13	0.00266361
650	14	50256	50256	0.00448227
651	5	2846	3668	6.03634
651	6	286	286	0.15832
651	7	1223	257	6.22743
651	8	2073	12	5.6506
651	9	1231	656	2.44231
651	10	10616	351	7.03034
651	11	257	257	0.116352
651	12	18875	3624	5.93281
651	13	5369	13	5.08031
651	14	13	13	0.0058279
651	15	50256	50256	0.00206375
652	5	77	338	4.03331
652	6	2340	338	3.27562
652	7	326	326	0.54287
652	8	3745	326	5.62343
652	9	319	11	2.39495
652	10	262	262	0.632459
652	11	2910	3825	4.8953
652	12	286	286	0.121643
652	13	11453	1123	5.69244
652	14	13	13	0.00373554
652	15	50256	50256	0.00189304
653	5	1602	1602	3.47146
653	6	14796	12278	5.39417
653	7	22950	460	5.05186
653	8	423	423	2.33612
653	9	262	262	0.125564
653	10	976	976	2.08603
653	11	4129	4417	4.65952
653	12	13	13	0.0796251
653	13	50256	50256	0.00532818
654	5	6268	12278	2.81016
654	6	4073	1296	5.5486
654	7	416	416	0.598001
654	8	29781	1180	5.91511
654	9	290	290	0.156575
654	10	584	584	2.07618
654	11	38622	584	5.87648
654	12	13	13	0.00553799
654	13	50256	50256	0.00256252
655	5	635	3085	5.76157
655	6	8811	8811	3.22622
655	7	1900	1900	2.89626
655	8	355	329	1.92422
655	9	5482	262	6.22929
655	10	3820	8882	5.14034
655	11	10872	66	5.76138
655	12	16567	72	5.86916
655	13	13	13	0.0171061
655	14	50256	50256	0.00197887
656	5	5405	1296	6.38985
656	6	416	416	1.1058
656	7	28472	543	7.36439
656	8	803	355	4.21677
656	9	340	340	2.20518
656	10	351	351	0.587821
656	11	1633	5044	3.89766
656	12	13	13	0.0201578
656	13	50256	50256	0.00358582
657	5	4756	3825	4.47833
657	6	832	11	1.82722
657	7	543	543	2.2451
657	8	1657	1657	2.04945
657	9	14170	351	4.0831
657	10	262	262	0.421361
657	11	18480	3825	6.75587
657	12	1080	1080	2.10632
657	13	13	13	0.014163
657	14	50256	50256	0.00127506
658	5	4855	338	4.42222
658	6	14510	389	4.30747
658	7	287	287	0.435041
658	8	6156	6156	3.76699
658	9	6365	34616	6.30634
658	10	13	13	0.00706005
658	11	50256	50256	0.00350189
659	5	423	326	3.07633
659	6	257	257	0.411222
659	7	2060	2060	3.97269
659	8	269	4778	4.99474
659	9	313	1588	5.16165
659	10	88	338	4.02918
659	11	992	4618	6.18322
659	12	261	13	7.8105
659	13	13	13	0.0040884
659	14	50256	50256	0.00160313
660	5	2280	389	4.69296
660	6	393	284	3.22075
660	7	15256	281	7.41086
660	8	2280	385	3.4402
660	9	618	422	5.4757
660	10	484	663	4.59419
660	11	21721	4618	4.93573
660	12	13	13	0.00200272
660	13	50256	50256	0.00276089
661	5	12	12	2.16055
661	6	13982	16704	4.2904
661	7	21824	45738	4.56011
661	8	5421	318	6.5907
661	9	1978	1978	3.3981
661	10	656	13	1.90223
661	11	3881	734	6.2671
661	12	13	13	0.00592804
661	13	50256	50256	0.00315571
662	5	46716	262	5.69165
662	6	1805	3917	5.31473
662	7	262	262	0.348151
662	8	517	1402	5.44749
662	9	19217	6896	4.48183
662	10	12098	284	4.739
662	11	11061	284	4.42524
662	12	606	606	3.09461
662	13	13	13	0.00490189
662	14	50256	50256	0.00238037
663	5	37475	48862	4.5193
663	6	11	11	0.131442
663	7	284	284	1.0115
663	8	5643	1296	5.14349
663	9	11	11	0.149627
663	10	3664	393	5.49957
663	11	321	77	4.71899
663	12	45070	2340	5.54062
663	13	11	11	0.18765
663	14	290	290	0.501127
663	15	23849	584	5.37022
663	16	2339	1978	4.52212
663	17	1275	72	6.05055
663	18	721	13	6.15596
663	19	346	13	6.82138
663	20	1547	13	5.93853
663	21	13	13	0.0358553
663	22	50256	50256	0.0019207
664	5	3624	3624	2.92631
664	6	5101	1657	4.85445
664	7	284	284	0.442105
664	8	7301	5419	4.88988
664	9	290	290	0.0702972
664	10	5412	1296	6.00386
664	11	5563	318	4.24464
664	12	13	13	0.00212097
664	13	50256	50256	0.00344753
665	5	262	262	0.128946
665	6	10596	1767	4.34127
665	7	10692	286	4.00703
665	8	832	832	1.0889
665	9	262	262	0.0515833
665	10	41407	3825	3.9781
665	11	286	286	0.140132
665	12	47403	262	3.27654
665	13	13	13	0.00325584
665	14	50256	50256	0.00356388
666	5	42096	12	5.58368
666	6	379	11	2.7323
666	7	262	262	1.57326
666	8	18955	4417	5.03112
666	9	393	393	0.913381
666	10	22088	3825	4.5846
666	11	291	338	3.34007
666	12	1241	5186	4.83751
666	13	13	13	0.00754166
666	14	50256	50256	0.00236893
667	5	5563	2568	3.93616
667	6	416	416	0.637037
667	7	13157	1296	5.46211
667	8	517	1657	5.66687
667	9	1657	1657	2.08261
667	10	621	621	1.72016
667	11	262	262	0.0812273
667	12	555	976	5.29253
667	13	64	1080	4.28448
667	14	1384	13	5.75846
667	15	4151	584	3.88387
667	16	13	13	0.00767231
667	17	50256	50256	0.00149345
668	5	284	284	0.107491
668	6	8181	734	6.75945
668	7	422	422	0.878572
668	8	5509	5044	4.33529
668	9	13737	13737	3.13348
668	10	13	13	0.00220966
668	11	50256	50256	0.000990868
669	5	2753	318	3.18786
669	6	1295	2568	5.43854
669	7	8384	287	2.99435
669	8	319	11	1.738
669	9	281	281	1.91673
669	10	7022	7022	2.4244
669	11	13	13	0.0914888
669	12	50256	50256	0.00262737
670	5	16524	12278	6.09701
670	6	13510	416	5.01252
670	7	9210	460	5.61922
670	8	326	326	0.564293
670	9	389	326	3.69793
670	10	7425	12278	4.03108
670	11	351	351	0.850402
670	12	6428	1194	4.81145
670	13	5289	13	3.42032
670	14	13	13	0.00673103
670	15	50256	50256	0.00253677
671	5	7596	3170	5.52664
671	6	4791	3170	5.56408
671	7	591	318	5.67907
671	8	7346	1402	3.27157
671	9	257	257	0.330825
671	10	1327	1588	5.35505
671	11	8434	4417	4.86977
671	12	7582	4618	5.16084
671	13	13	13	0.00548172
671	14	50256	50256	0.00124836
672	5	2291	24789	4.89252
672	6	24789	878	3.97851
672	7	47523	2057	4.61184
672	8	290	290	0.259183
672	9	14186	4439	4.02403
672	10	6147	2057	2.7377
672	11	12835	2057	3.95323
672	12	13	13	0.049262
672	13	50256	50256	0.00449753
673	5	878	878	1.95927
673	6	14342	262	5.29654
673	7	1973	351	2.70104
673	8	2031	2031	2.68434
673	9	13	13	0.00853062
673	10	50256	50256	0.00325108
674	5	1104	12278	4.33118
674	6	966	966	2.70264
674	7	1444	257	2.52436
674	8	257	257	0.237085
674	9	46246	734	4.51033
674	10	6098	966	4.29701
674	11	388	287	4.93885
674	12	13	13	0.00277519
674	13	50256	50256	0.00430202
675	5	656	656	0.234704
675	6	262	262	0.0742617
675	7	1956	1692	5.01496
675	8	24162	6896	5.27161
675	9	327	6896	5.06729
675	10	5126	1978	5.63544
675	11	666	13	5.25707
675	12	6896	6896	1.73145
675	13	13	13	0.00368595
675	14	50256	50256	0.00356483
676	5	5399	6903	4.39033
676	6	15921	15921	2.90853
676	7	286	286	0.452789
676	8	867	257	3.90185
676	9	12734	734	5.23908
676	10	13	13	0.00804806
676	11	50256	50256	0.00450802
677	5	2568	2568	0.574915
677	6	656	656	0.392065
677	7	12370	734	4.75553
677	8	6268	2568	2.03069
677	9	13	13	0.00854492
677	10	50256	50256	0.00897694
678	5	389	13	4.50703
678	6	1043	925	4.53021
678	7	355	287	2.42283
678	8	880	734	5.76726
678	9	355	355	1.04959
678	10	644	734	5.79783
678	11	484	257	5.1582
678	12	389	284	3.73267
678	13	13	13	0.00314236
678	14	50256	50256	0.00136089
679	5	287	287	0.493016
679	6	262	262	0.320419
679	7	4037	1767	4.51766
679	8	4482	6896	4.76761
679	9	286	286	0.268155
679	10	27719	17456	4.32552
679	11	13	13	0.00491142
679	12	50256	50256	0.00649357
680	5	3139	3139	0.487437
680	6	286	286	0.174959
680	7	21291	262	5.26962
680	8	11	11	0.0716982
680	9	1029	981	4.23656
680	10	287	287	0.264475
680	11	262	262	0.100683
680	12	843	3825	3.57211
680	13	274	13	2.84822
680	14	13	13	0.0265541
680	15	50256	50256	0.00336456
681	5	3139	3139	0.726797
681	6	11	11	0.084424
681	7	290	290	0.430539
681	8	262	262	0.135537
681	9	569	3825	5.04232
681	10	396	64	5.10689
681	11	4712	1080	4.83511
681	12	15623	6896	5.69427
681	13	832	11	1.60669
681	14	340	530	3.21719
681	15	13	13	0.00306129
681	16	50256	50256	0.00178528
682	5	13	13	0.014967
682	6	50256	50256	0.0837231
683	5	7306	14153	4.89856
683	6	10349	1296	5.6438
683	7	2648	1444	5.93285
683	8	262	262	0.220507
683	9	976	976	3.40657
683	10	15004	15004	3.81099
683	11	3580	1080	5.3763
683	12	13	13	0.00535011
683	13	50256	50256	0.00289345
684	5	1103	7319	4.49481
684	6	3146	8122	4.66666
684	7	318	318	0.279031
684	8	3967	257	5.5163
684	9	13	13	1.47958
684	10	50256	50256	0.00410557
685	5	1296	1296	1.39211
685	6	618	618	2.40698
685	7	44030	340	4.67189
685	8	2587	2587	3.06251
685	9	3608	351	5.48273
685	10	82	422	2.86692
685	11	290	290	0.0987854
685	12	4735	1660	3.59505
685	13	6945	13166	4.94414
685	14	13	13	0.00528431
685	15	50256	50256	0.00220966
686	5	5894	1296	5.47342
686	6	4771	2587	4.83638
686	7	2458	326	5.60204
686	8	3264	393	5.42406
686	9	422	416	2.02986
686	10	4735	19435	3.58547
686	11	284	284	0.261302
686	12	3623	1296	4.80194
686	13	13	13	0.00609207
686	14	50256	50256	0.00209904
687	5	5002	2060	4.97528
687	6	423	326	2.50935
687	7	4961	257	4.32561
687	8	386	423	5.04688
687	9	1122	393	5.7781
687	10	9853	284	4.35251
687	11	475	656	3.7259
687	12	1180	1180	2.37571
687	13	49810	460	4.25355
687	14	9853	606	5.12944
687	15	13	13	0.0181141
687	16	50256	50256	0.00377941
688	5	42407	416	4.57322
688	6	469	416	5.29114
688	7	318	11	1.41067
688	8	262	262	0.352396
688	9	4318	4318	3.90945
688	10	2095	4778	5.85586
688	11	287	287	0.950701
688	12	317	281	5.97611
688	13	6786	338	4.42681
688	14	5074	13	4.1138
688	15	13	13	0.00673676
688	16	50256	50256	0.00137043
689	5	925	925	3.20527
689	6	7525	11	6.77279
689	7	286	286	0.125712
689	8	6383	262	5.23142
689	9	50006	12	6.64798
689	10	2138	355	4.70292
689	11	621	1444	2.7049
689	12	9970	1123	5.51204
689	13	13	13	0.00819302
689	14	50256	50256	0.00200367
690	5	26600	12278	5.0405
690	6	663	663	1.43662
690	7	16704	12278	3.94933
690	8	11348	734	5.56409
690	9	1108	13	4.62404
690	10	13	13	0.0115404
690	11	50256	50256	0.00651264
691	5	1748	286	1.99832
691	6	286	286	0.176978
691	7	8602	262	4.50505
691	8	11	11	0.239114
691	9	319	319	1.24374
691	10	262	262	0.0719748
691	11	314	3139	4.23352
691	12	527	6896	5.04029
691	13	666	13	4.14901
691	14	24078	13	4.11357
691	15	13	13	0.00595093
691	16	50256	50256	0.00348282
692	5	319	11	1.83247
692	6	49812	1660	6.7807
692	7	2340	2340	3.30055
692	8	290	290	0.159771
692	9	584	584	1.8496
692	10	1402	5667	3.28725
692	11	19435	11863	3.07251
692	12	13	13	0.00971127
692	13	50256	50256	0.00265789
693	5	1022	287	3.67798
693	6	7686	734	6.20959
693	7	13	13	0.00476837
693	8	50256	50256	0.00658417
694	5	11	11	0.0925961
694	6	318	318	0.548639
694	7	262	262	0.0685806
694	8	2260	3139	5.51956
694	9	3139	3139	2.6747
694	10	286	286	0.0709734
694	11	4505	262	4.3672
694	12	13	13	0.00414467
694	13	50256	50256	0.00621033
695	5	2024	656	5.31715
695	6	460	326	2.38909
695	7	307	307	3.01318
695	8	2087	5667	5.36138
695	9	416	416	0.567623
695	10	4375	1111	4.21983
695	11	511	511	1.60003
695	12	5470	584	5.5537
695	13	2024	1978	4.88155
695	14	13	13	0.00248432
695	15	50256	50256	0.00194073
696	5	262	262	0.108574
696	6	25861	3139	4.94245
696	7	2779	1748	5.53257
696	8	4326	1748	4.18891
696	9	329	329	1.30129
696	10	21969	262	5.40336
696	11	34743	286	6.24469
696	12	5951	290	6.02138
696	13	13	13	0.0125408
696	14	50256	50256	0.00488377
697	5	14729	286	4.537
697	6	286	286	0.0726671
697	7	7405	5931	4.07845
697	8	13	13	0.00479889
697	9	50256	50256	0.0104389
698	5	262	262	0.369124
698	6	2685	1767	3.4743
698	7	8573	286	3.32831
698	8	810	286	7.60326
698	9	5205	257	4.60701
698	10	44411	6134	4.32641
698	11	8833	416	3.91922
698	12	287	287	0.348415
698	13	4077	281	4.30271
698	14	6134	6134	2.54949
698	15	13	13	0.00265121
698	16	50256	50256	0.00141048
699	5	8850	663	3.1029
699	6	1633	1767	3.65699
699	7	10874	11	7.15118
699	8	8384	11	3.9451
699	9	286	286	0.0420847
699	10	17745	584	4.12971
699	11	7268	287	6.51263
699	12	734	734	2.63131
699	13	11863	5667	2.74588
699	14	23235	13	3.76083
699	15	13	13	0.00406647
699	16	50256	50256	0.00251102
700	5	416	11	1.51724
700	6	1633	5186	5.01377
700	7	11581	3877	6.31671
700	8	8902	618	4.01099
700	9	706	393	2.41154
700	10	14357	5931	5.66961
700	11	37876	415	5.21813
700	12	340	663	3.64841
700	13	13	13	0.0156775
700	14	50256	50256	0.00265789
701	5	13522	257	6.24419
701	6	11	11	0.124675
701	7	257	257	0.24868
701	8	2829	1688	4.97854
701	9	44017	257	4.70503
701	10	14452	618	5.0079
701	11	26728	11	5.76087
701	12	517	257	4.82577
701	13	6364	618	4.53304
701	14	618	618	1.57374
701	15	663	663	0.886102
701	16	4129	5002	3.79666
701	17	318	318	0.398549
701	18	3220	663	5.23284
701	19	13	13	0.00800323
701	20	50256	50256	0.00370121
702	5	1785	12278	5.11479
702	6	17810	460	4.84821
702	7	11	11	0.977174
702	8	1657	511	2.64833
702	9	2314	351	5.42981
702	10	6654	2057	4.80957
702	11	284	284	0.117826
702	12	12899	734	4.68848
702	13	17984	13	5.05598
702	14	13	13	0.00387478
702	15	50256	50256	0.00248432
703	5	287	287	0.552845
703	6	262	262	0.0568752
703	7	614	19517	4.55876
703	8	1478	6896	5.0413
703	9	4310	6896	4.8116
703	10	13	13	0.00677967
703	11	50256	50256	0.00213814
704	5	281	663	3.07329
704	6	12278	12278	1.84152
704	7	6737	2568	4.287
704	8	13	13	0.00687122
704	9	50256	50256	0.011446
705	5	5166	5186	5.51346
705	6	286	286	0.115736
705	7	302	5186	5.07176
705	8	5379	2568	6.22403
705	9	326	326	1.43817
705	10	12611	1978	4.82248
705	11	378	284	4.32129
705	12	1028	13	6.39222
705	13	1123	13	3.31409
705	14	584	584	2.03184
705	15	13	13	0.0071249
705	16	50256	50256	0.00382137
706	5	284	284	0.20254
706	6	1037	511	4.15955
706	7	17276	511	6.48579
706	8	8574	5667	5.4574
706	9	12784	13737	6.3519
706	10	13	13	0.00480843
706	11	50256	50256	0.00308418
707	5	1205	11904	4.15319
707	6	1231	422	2.39305
707	7	15345	2057	5.23569
707	8	11904	11904	2.82456
707	9	13	13	0.00700378
707	10	50256	50256	0.00273037
708	5	262	262	0.406816
708	6	44345	3825	4.55124
708	7	8813	286	4.80289
708	8	268	286	5.43676
708	9	1904	355	4.99087
708	10	21767	286	5.56113
708	11	262	262	0.530491
708	12	2160	3825	4.28946
708	13	286	286	0.482581
708	14	262	262	0.295109
708	15	24438	3825	4.936
708	16	286	286	0.0668249
708	17	262	262	0.162826
708	18	584	5002	4.24582
708	19	734	1123	4.38106
708	20	5389	12108	4.6608
708	21	13	13	0.00404072
708	22	50256	50256	0.00321579
709	5	32202	20831	4.23256
709	6	1276	618	3.70224
709	7	14999	284	4.45642
709	8	663	663	1.63307
709	9	20831	20831	3.42821
709	10	409	618	4.89693
709	11	418	706	4.25396
709	12	38800	393	6.20894
709	13	13	13	0.00396442
709	14	50256	50256	0.00230408
710	5	4279	6903	5.77301
710	6	393	393	1.19979
710	7	2393	8122	4.62513
710	8	287	287	0.155861
710	9	19780	5186	6.31754
710	10	13	13	0.0196056
710	11	50256	50256	0.00413704
711	5	1245	286	5.42663
711	6	286	286	0.085597
711	7	257	257	1.15923
711	8	2700	1271	4.79338
711	9	546	286	4.11181
711	10	281	257	1.65649
711	11	16488	13	3.98833
711	12	13	13	0.0135565
711	13	50256	50256	0.00459099
712	5	1588	3139	3.87086
712	6	9824	318	5.19164
712	7	319	319	0.697717
712	8	262	262	0.0736046
712	9	10326	3825	5.20494
712	10	4417	4417	2.26714
712	11	287	287	0.986925
712	12	25768	8706	4.04758
712	13	13	13	0.00557899
712	14	50256	50256	0.0018158
713	5	6869	6869	2.12939
713	6	338	338	1.59273
713	7	4252	3139	4.49717
713	8	18250	11	4.90594
713	9	33169	803	4.98533
713	10	6698	1296	4.93099
713	11	4632	393	5.96765
713	12	1497	338	3.58068
713	13	422	416	2.50211
713	14	3668	3668	2.22615
713	15	13	13	0.0280218
713	16	50256	50256	0.00305653
714	5	779	460	5.64845
714	6	16396	460	5.72334
714	7	5405	460	5.14664
714	8	284	284	0.186607
714	9	1296	1296	1.68827
714	10	9824	618	4.2656
714	11	393	832	3.69047
714	12	5986	1194	5.7541
714	13	13	13	0.012043
714	14	50256	50256	0.00230503
715	5	2458	326	2.88679
715	6	262	262	0.134122
715	7	4129	4417	3.42819
715	8	286	286	0.0991383
715	9	262	262	0.17486
715	10	8875	4417	4.7816
715	11	338	338	0.085988
715	12	1633	21334	3.87115
715	13	3108	338	5.00582
715	14	13	13	0.00459099
715	15	50256	50256	0.000808716
716	5	287	287	0.947453
716	6	13066	3668	5.33197
716	7	1088	656	3.10726
716	8	262	262	0.0988588
716	9	3825	3825	2.11893
716	10	13	13	0.0265865
716	11	50256	50256	0.00255489
717	5	47786	50256	5.26528
717	6	262	262	0.31552
717	7	3356	4417	6.00548
717	8	286	286	0.683969
717	9	5186	663	3.4959
717	10	3877	3877	2.24013
717	11	832	832	0.939595
717	12	663	663	0.615863
717	13	11963	584	5.36501
717	14	13	13	0.00482178
717	15	50256	50256	0.00138283
718	5	4483	1296	5.83542
718	6	2057	2057	2.06616
718	7	422	422	0.504625
718	8	1111	1296	3.68983
718	9	6134	511	3.0553
718	10	290	290	0.12021
718	11	4695	4695	2.84299
718	12	13	13	0.0125494
718	13	50256	50256	0.00234985
719	5	6268	6268	1.87257
719	6	832	832	0.274497
719	7	18842	987	4.75025
719	8	722	1978	6.17873
719	9	9941	72	5.30806
719	10	13	13	0.00226212
719	11	50256	50256	0.0017662
720	5	3668	3668	2.0225
720	6	338	338	0.221883
720	7	4417	4417	2.84948
720	8	318	318	0.277407
720	9	1444	1444	1.62401
720	10	2153	6869	5.4681
720	11	2611	318	3.61912
720	12	13	13	0.0141344
720	13	50256	50256	0.0105438
721	5	262	262	0.321378
721	6	976	3825	2.65561
721	7	1688	1688	3.79815
721	8	5044	1080	4.92107
721	9	1448	12	4.81489
721	10	355	262	2.57341
721	11	5417	1123	5.04023
721	12	281	1123	3.3189
721	13	368	7022	5.25657
721	14	1952	16912	4.75056
721	15	13	13	0.00559616
721	16	50256	50256	0.0030117
722	5	656	13	0.957775
722	6	12278	734	2.808
722	7	2568	2568	1.25133
722	8	13	13	0.00785637
722	9	50256	50256	0.00352383
723	5	2219	3139	5.01184
723	6	1438	286	5.40602
723	7	329	329	2.10866
723	8	21072	262	4.73193
723	9	275	544	6.0786
723	10	291	287	4.5493
723	11	42084	5044	5.41474
723	12	378	393	3.58737
723	13	13	13	0.00242043
723	14	50256	50256	0.00186062
724	5	9377	5186	5.03198
724	6	1271	1271	1.90595
724	7	13	13	0.0417814
724	8	50256	50256	0.0348577
725	5	19780	8122	3.65281
725	6	983	318	5.69752
725	7	351	351	0.902491
725	8	27913	663	7.95074
725	9	5207	393	3.4007
725	10	13	13	0.00435543
725	11	50256	50256	0.00361347
726	5	286	286	0.504625
726	6	16490	16490	2.99237
726	7	287	287	0.18506
726	8	22197	16490	4.92536
726	9	338	338	0.237432
726	10	13574	3139	4.8027
726	11	13	13	0.0121574
726	12	50256	50256	0.00865746
727	5	878	878	2.5999
727	6	340	511	4.31237
727	7	5667	5667	1.93003
727	8	262	262	0.0348463
727	9	1767	1767	1.88904
727	10	13	13	0.00486851
727	11	50256	50256	0.0011673
728	5	36324	3794	5.25979
728	6	389	416	2.11305
728	7	925	262	3.35644
728	8	422	422	1.04202
728	9	35988	517	5.32297
728	10	2266	2266	3.21806
728	11	32085	621	3.40764
728	12	39642	5044	5.05929
728	13	13	13	0.00305462
728	14	50256	50256	0.00105858
729	5	1862	511	4.53964
729	6	20611	416	4.58064
729	7	34262	3170	4.47194
729	8	878	326	2.80146
729	9	484	511	3.89887
729	10	3938	2057	4.57175
729	11	4292	72	5.53766
729	12	13	13	0.00604534
729	13	50256	50256	0.00419235
730	5	10874	318	4.78384
730	6	286	286	0.181864
730	7	867	281	3.56666
730	8	5100	5186	5.16012
730	9	17894	1080	4.07803
730	10	13	13	0.00841618
730	11	50256	50256	0.00482178
731	5	1690	981	3.96412
731	6	18782	1296	5.37565
731	7	5609	5419	4.63709
731	8	1657	351	2.63101
731	9	290	290	0.0706902
731	10	10908	1660	5.28369
731	11	8188	8188	3.60986
731	12	13	13	0.00972843
731	13	50256	50256	0.00276947
732	5	663	663	0.627951
732	6	1957	318	5.13875
732	7	636	257	3.58761
732	8	290	290	0.265658
732	9	7386	318	5.55477
732	10	351	351	0.643619
732	11	281	663	2.72315
732	12	379	2134	4.30659
732	13	1051	1123	5.53496
732	14	13	13	0.30758
732	15	50256	50256	0.00160122
733	5	284	284	0.132504
733	6	5951	530	4.93722
733	7	284	284	0.0560217
733	8	1037	511	4.25796
733	9	16697	734	5.26917
733	10	16930	393	6.31944
733	11	393	393	1.30663
733	12	15134	584	5.12724
733	13	13	13	0.00231361
733	14	50256	50256	0.00266933
734	5	878	878	1.92187
734	6	8978	262	3.32078
734	7	262	262	0.0495501
734	8	19517	1767	3.92946
734	9	6896	6896	1.67468
734	10	13	13	0.0286865
734	11	50256	50256	0.00330544
735	5	5400	7840	3.9722
735	6	287	287	0.303707
735	7	11711	7840	4.35756
735	8	3833	2253	4.67571
735	9	1088	5667	3.16156
735	10	281	663	1.9052
735	11	37970	1602	5.5438
735	12	2134	7022	4.25785
735	13	13	13	0.00897694
735	14	50256	50256	0.0012207
736	5	5253	3139	7.19719
736	6	2138	351	3.51459
736	7	621	621	1.47587
736	8	257	663	2.14685
736	9	9478	3624	6.29587
736	10	286	286	0.0415554
736	11	640	1123	4.70764
736	12	13	13	0.00533199
736	13	50256	50256	0.00330544
737	5	4695	4695	2.96101
737	6	11	11	0.35184
737	7	772	262	4.08288
737	8	996	262	5.63636
737	9	867	262	2.48399
737	10	22464	1402	5.86045
737	11	7009	4618	4.17415
737	12	12734	393	3.64597
737	13	13	13	0.018342
737	14	50256	50256	0.00136375
738	5	257	257	0.524579
738	6	3992	3992	3.13736
738	7	2443	3992	4.78759
738	8	815	416	5.6986
738	9	307	460	3.61876
738	10	5545	4618	5.04228
738	11	13	13	0.00331879
738	12	50256	50256	0.00303268
739	5	13066	286	5.0757
739	6	23537	318	4.10529
739	7	422	422	0.480149
739	8	262	262	0.306475
739	9	3825	3825	1.69982
739	10	13	13	0.0514946
739	11	50256	50256	0.00340366
740	5	76	338	4.39298
740	6	8592	326	4.95404
740	7	11	11	0.381804
740	8	340	530	2.17295
740	9	5419	326	2.40732
740	10	3197	530	6.3457
740	11	1633	1633	2.74245
740	12	656	656	0.961088
740	13	262	262	0.0662451
740	14	21726	4417	5.79397
740	15	13	13	0.00345039
740	16	50256	50256	0.00172424
741	5	431	286	4.83212
741	6	260	329	4.55137
741	7	355	355	0.615428
741	8	663	663	1.00329
741	9	25861	1692	4.72613
741	10	2779	1271	4.3
741	11	4326	385	5.53504
741	12	13	13	0.00323772
741	13	50256	50256	0.00590706
742	5	318	318	1.81462
742	6	257	257	0.0889454
742	7	20838	4553	4.96508
742	8	12505	318	3.94793
742	9	3716	12	2.94689
742	10	319	319	1.07105
742	11	262	262	0.205305
742	12	28259	1767	5.58357
742	13	7022	1080	4.48258
742	14	286	286	0.144062
742	15	7349	1123	5.56989
742	16	13	13	0.0172043
742	17	50256	50256	0.00128078
743	5	17777	338	5.79388
743	6	274	13	5.4946
743	7	1138	13	4.53055
743	8	37670	12	4.77171
743	9	1042	15921	4.07013
743	10	13	13	0.00860023
743	11	50256	50256	0.00621891
744	5	3218	257	5.08869
744	6	37783	460	4.43484
744	7	326	326	0.86969
744	8	17245	460	5.47505
744	9	779	460	6.3714
744	10	284	284	0.0663624
744	11	3357	1440	5.13998
744	12	10576	1978	5.03453
744	13	13	13	0.00205231
744	14	50256	50256	0.00147915
745	5	618	11	2.53455
745	6	4683	1296	5.16441
745	7	12586	326	4.46821
745	8	1487	326	6.20661
745	9	739	739	1.839
745	10	4894	511	6.68923
745	11	290	290	0.241008
745	12	3833	511	3.70934
745	13	1231	2587	3.62229
745	14	3190	511	6.05399
745	15	24203	606	4.56961
745	16	13	13	0.148962
745	17	50256	50256	0.00249672
746	5	572	326	5.65218
746	6	5478	257	2.76233
746	7	338	338	0.205795
746	8	35618	6156	4.37266
746	9	7051	286	3.90643
746	10	13	13	0.00817585
746	11	50256	50256	0.00356293
747	5	8506	373	4.86588
747	6	12201	12	5.41629
747	7	636	636	3.78919
747	8	286	286	0.0980864
747	9	281	281	1.56011
747	10	317	2818	5.1949
747	11	11693	12	5.30255
747	12	8952	287	5.33249
747	13	312	385	5.76461
747	14	22035	66	6.6688
747	15	39490	2057	6.16514
747	16	3641	15921	4.47237
747	17	13	13	0.0189037
747	18	50256	50256	0.00189114
748	5	645	663	4.64201
748	6	24012	2568	4.92043
748	7	6143	2266	4.04869
748	8	458	2266	4.27584
748	9	34387	34387	3.53887
748	10	13	13	0.00516891
748	11	50256	50256	0.00393391
749	5	7667	1588	3.89516
749	6	8701	12	4.58879
749	7	4447	12	5.74828
749	8	1043	12	3.49602
749	9	8384	287	2.71306
749	10	287	287	0.121144
749	11	16519	16519	3.521
749	12	290	290	0.0835304
749	13	36421	3594	3.98767
749	14	13	13	0.00296974
749	15	50256	50256	0.00140285
750	5	3473	3139	4.53027
750	6	286	286	0.0615501
750	7	517	257	5.04678
750	8	621	621	2.13167
750	9	530	663	2.18862
750	10	34371	4417	6.54773
750	11	2438	3877	5.75147
750	12	966	393	3.93755
750	13	13	13	0.00877857
750	14	50256	50256	0.00318336
751	5	5640	422	7.17579
751	6	257	257	0.471771
751	7	15554	12278	5.53606
751	8	9030	2057	4.30048
751	9	284	284	0.421674
751	10	5587	734	5.35922
751	11	13042	5667	3.92059
751	12	13	13	0.0101328
751	13	50256	50256	0.00363159
752	5	286	286	0.0679283
752	6	26742	28722	6.93271
752	7	1626	326	3.5263
752	8	257	257	0.120014
752	9	3704	1692	5.97678
752	10	286	286	0.0309439
752	11	4898	4898	3.27304
752	12	13	13	0.00887203
752	13	50256	50256	0.00254822
753	5	24603	1588	6.55777
753	6	5440	318	4.44086
753	7	5140	1588	7.08393
753	8	287	287	0.105484
753	9	262	262	0.306334
753	10	1388	1767	4.9065
753	11	27460	6896	6.85476
753	12	10999	13	6.19847
753	13	13	13	0.00491047
753	14	50256	50256	0.00177479
754	5	1657	1657	1.64862
754	6	656	656	0.290222
754	7	7577	1296	5.36846
754	8	780	981	3.7858
754	9	1180	1180	2.48527
754	10	45656	1180	5.22106
754	11	1006	13737	6.30562
754	12	974	72	6.60176
754	13	416	416	0.652289
754	14	1180	584	2.97266
754	15	6867	13	5.73544
754	16	13	13	0.00737762
754	17	50256	50256	0.00111961
755	5	2785	13	3.13272
755	6	2568	2568	1.41111
755	7	13	13	0.0124683
755	8	50256	50256	0.00347233
756	5	14568	326	7.15326
756	6	351	351	0.735065
756	7	1180	734	3.3532
756	8	5951	23235	4.2749
756	9	393	393	1.37509
756	10	20160	1633	6.73467
756	11	9695	5289	5.23863
756	12	13	13	0.00333691
756	13	50256	50256	0.00346565
757	5	262	262	0.154069
757	6	31877	19517	5.24995
757	7	23648	636	4.80015
757	8	559	636	5.54043
757	9	422	422	0.968168
757	10	262	262	0.0475416
757	11	3942	7022	5.01605
757	12	850	6896	5.42551
757	13	3642	14355	5.72664
757	14	7233	13	4.8875
757	15	13	13	0.01334
757	16	50256	50256	0.00105858
758	5	7408	511	4.72138
758	6	290	290	0.0893774
758	7	34616	584	3.71539
758	8	29120	290	5.10214
758	9	13	13	0.00615978
758	10	50256	50256	0.0049963
759	5	389	416	3.45601
759	6	14921	6268	5.12975
759	7	656	656	0.189583
759	8	20144	734	4.987
759	9	290	290	0.0602283
759	10	13439	584	4.65653
759	11	13	13	0.00563622
759	12	50256	50256	0.00223541
760	5	318	318	0.332207
760	6	262	262	0.170744
760	7	3139	3825	3.48145
760	8	286	286	0.35516
760	9	17333	262	6.17957
760	10	11	11	0.184255
760	11	281	262	3.53341
760	12	7022	7022	2.54128
760	13	1499	338	3.91656
760	14	13	13	0.0066576
760	15	50256	50256	0.00323296
761	5	17008	12	5.21257
761	6	8811	925	4.25816
761	7	925	925	2.49528
761	8	1262	416	3.57666
761	9	17797	1688	5.27246
761	10	44749	257	3.83212
761	11	13	13	0.0631495
761	12	50256	50256	0.00441742
762	5	1962	881	5.93646
762	6	1142	416	5.78314
762	7	3970	3170	6.67047
762	8	287	287	0.243656
762	9	2882	6156	4.69485
762	10	284	284	0.147871
762	11	262	262	0.207553
762	12	13471	7022	5.43116
762	13	286	286	0.110094
762	14	257	257	0.957993
762	15	7897	21334	4.80197
762	16	3240	1080	4.37856
762	17	13	13	0.00918293
762	18	50256	50256	0.00184155
763	5	26371	12278	4.51062
763	6	2100	286	4.5138
763	7	3800	12	4.91202
763	8	286	286	0.105632
763	9	257	257	0.351615
763	10	35113	2060	5.26877
763	11	393	393	1.27548
763	12	44400	14796	5.30614
763	13	13	13	0.00691986
763	14	50256	50256	0.00216198
764	5	1978	13	3.04416
764	6	287	287	0.583759
764	7	257	257	0.843616
764	8	2266	734	3.5143
764	9	1140	5931	5.47229
764	10	6317	6317	2.81317
764	11	13	13	0.0033102
764	12	50256	50256	0.0025053
765	5	511	511	1.32053
765	6	5667	5667	2.17067
765	7	1141	422	1.79267
765	8	257	257	0.45019
765	9	3218	649	6.82749
765	10	21819	2057	5.49947
765	11	6772	72	4.64491
765	12	13	13	0.002882
765	13	50256	50256	0.00230217
766	5	23638	373	3.71665
766	6	373	373	2.36768
766	7	3170	3170	2.4548
766	8	329	329	1.54169
766	9	262	262	0.0616846
766	10	872	3825	5.6992
766	11	33766	1080	5.54261
766	12	5311	6896	5.78698
766	13	3046	1829	5.78713
766	14	84	13	5.37423
766	15	13	13	0.0109844
766	16	50256	50256	0.00208759
767	5	8833	656	4.46854
767	6	287	287	0.368163
767	7	262	262	0.0946531
767	8	1402	1402	1.93111
767	9	45426	45426	3.87366
767	10	13	13	0.00409126
767	11	50256	50256	0.00188541
768	5	281	257	2.08554
768	6	21670	3992	5.87815
768	7	28287	276	6.28979
768	8	389	389	1.51831
768	9	9518	663	4.46654
768	10	5667	5667	1.87531
768	11	13	13	0.00316048
768	12	50256	50256	0.00147438
769	5	8573	287	3.08362
769	6	286	286	0.100219
769	7	48573	987	4.62155
769	8	6134	284	3.1876
769	9	13	13	0.00973797
769	10	50256	50256	0.00357914
770	5	16613	3170	5.70243
770	6	1626	422	3.35013
770	7	262	262	0.524966
770	8	1692	1767	3.29999
770	9	7721	1767	4.91014
770	10	13	13	0.00461388
770	11	50256	50256	0.00148296
771	5	24927	24927	4.20406
771	6	399	78	4.47885
771	7	2306	12	4.69534
771	8	35815	329	4.88685
771	9	287	287	1.01445
771	10	22381	262	5.44008
771	11	39255	393	4.22624
771	12	1004	393	4.77404
771	13	6120	4618	5.35796
771	14	4698	1123	6.44644
771	15	262	262	0.068799
771	16	32306	976	5.77917
771	17	13	13	0.100638
771	18	50256	50256	0.00193024
772	5	1657	8122	3.54631
772	6	26842	326	6.35998
772	7	618	618	1.06924
772	8	340	257	3.20937
772	9	14170	351	4.4818
772	10	257	257	0.15552
772	11	1180	1180	3.75444
772	12	13245	5002	5.77829
772	13	2587	656	3.77522
772	14	379	338	1.91643
772	15	281	257	1.58926
772	16	9848	1767	5.49894
772	17	13	13	0.0189714
772	18	50256	50256	0.00219345
773	5	351	351	0.305337
773	6	663	663	1.01971
773	7	16488	2818	5.76406
773	8	37229	416	6.31421
773	9	2048	1296	6.64487
773	10	656	656	0.242584
773	11	262	262	0.30109
773	12	6614	976	5.76011
773	13	286	286	1.35085
773	14	663	663	0.740353
773	15	13066	21334	5.64905
773	16	13	13	0.020237
773	17	50256	50256	0.00190258
774	5	286	286	0.0730972
774	6	14159	262	5.17637
774	7	287	287	0.293489
774	8	262	262	0.116832
774	9	18020	3139	4.43835
774	10	6896	6896	3.38323
774	11	13	13	0.00425911
774	12	50256	50256	0.00883102
775	5	3210	1296	5.2265
775	6	4141	618	6.42337
775	7	12	338	2.11331
775	8	2385	1573	4.51091
775	9	863	12	4.74392
775	10	6203	318	4.32091
775	11	468	338	4.25628
775	12	15334	257	8.03413
775	13	12	338	1.65715
775	14	11545	11545	4.31873
775	15	4116	338	6.71808
775	16	13	13	0.00479221
775	17	50256	50256	0.00321579
776	5	318	318	1.08012
776	6	262	262	0.475693
776	7	640	6591	6.10594
776	8	2672	1810	4.43913
776	9	329	355	1.91417
776	10	2063	1123	6.04182
776	11	286	286	0.0402718
776	12	257	257	0.828637
776	13	1588	6591	4.76705
776	14	3265	10706	4.52447
776	15	286	286	0.0836973
776	16	10411	1123	4.99883
776	17	21354	13	5.86934
776	18	17751	1123	6.15972
776	19	72	13	3.49523
776	20	284	284	0.384552
776	21	22119	1123	4.61662
776	22	319	287	4.24174
776	23	2811	1123	4.74181
776	24	13	13	0.0286379
776	25	50256	50256	0.00974846
777	5	832	832	0.634368
777	6	881	262	2.46176
777	7	286	286	0.0957909
777	8	262	262	0.0309267
777	9	13009	1767	5.49261
777	10	22329	274	5.63119
777	11	13	13	0.00645828
777	12	50256	50256	0.00183392
778	5	37546	15061	4.98878
778	6	1767	1767	2.30574
778	7	284	284	0.0826426
778	8	257	257	0.882079
778	9	38427	1692	4.96899
778	10	1767	1767	1.7276
778	11	13	13	0.0031786
778	12	50256	50256	0.00219059
779	5	10017	11904	5.80558
779	6	351	351	0.677937
779	7	37414	1180	6.49177
779	8	326	326	1.17578
779	9	5419	5419	2.23018
779	10	4180	511	4.88261
779	11	11192	5667	5.78965
779	12	576	66	5.36953
779	13	3386	13	6.37544
779	14	13	13	0.00758076
779	15	50256	50256	0.00146103
780	5	422	422	0.288116
780	6	2587	1660	3.91319
780	7	6427	422	6.75871
780	8	832	11	1.80628
780	9	340	530	3.09509
780	10	13	13	0.013135
780	11	50256	50256	0.0018158
781	5	16882	475	5.15749
781	6	318	318	1.16969
781	7	11172	645	5.07703
781	8	422	422	1.01614
781	9	4376	1194	5.54418
781	10	16649	23235	4.59806
781	11	4291	393	5.07065
781	12	3348	1194	4.70237
781	13	13	13	0.00333595
781	14	50256	50256	0.00239468
782	5	290	290	0.275189
782	6	2962	45656	3.87556
782	7	1657	1657	1.79036
782	8	351	290	1.94126
782	9	26929	734	5.20579
782	10	22353	13737	4.50214
782	11	13	13	0.00501156
782	12	50256	50256	0.00358105
783	5	257	257	0.563008
783	6	3992	3992	3.89156
783	7	3188	1271	4.03837
783	8	1262	326	2.97569
783	9	41485	734	4.96462
783	10	13	13	0.0198736
783	11	50256	50256	0.00187302
784	5	8850	663	3.49102
784	6	5931	5931	2.65492
784	7	12737	5931	4.86198
784	8	45075	422	7.4403
784	9	2472	530	7.51014
784	10	2347	4618	5.91656
784	11	284	284	0.466268
784	12	281	663	3.02861
784	13	6275	21334	5.50942
784	14	40874	13	5.95959
784	15	13	13	0.0024004
784	16	50256	50256	0.00120068
785	5	5563	2568	3.67858
785	6	257	257	0.264821
785	7	5405	8122	5.45844
785	8	88	706	4.85408
785	9	4417	286	2.09015
785	10	706	393	1.57872
785	11	9645	5186	6.06128
785	12	13	13	0.00362682
785	13	50256	50256	0.00348854
786	5	1103	1103	3.34407
786	6	1271	1271	3.1814
786	7	5260	326	6.20826
786	8	663	257	1.70468
786	9	5253	2818	6.41631
786	10	422	416	2.27209
786	11	6632	511	5.48325
786	12	13	13	0.00805473
786	13	50256	50256	0.00233746
787	5	5679	11	5.38117
787	6	257	257	0.154948
787	7	7002	2060	5.14636
787	8	832	11	1.55709
787	9	5783	543	5.27879
787	10	11	11	0.0954084
787	11	49893	981	5.34494
787	12	2870	318	4.70604
787	13	11	11	0.348571
787	14	290	290	0.0630846
787	15	20494	1180	4.936
787	16	13	13	0.0276709
787	17	50256	50256	0.00266552
788	5	422	351	1.84105
788	6	262	257	1.98729
788	7	14707	976	5.25086
788	8	4755	4417	4.35869
788	9	286	286	1.40457
788	10	257	257	0.180903
788	11	4858	3624	5.76328
788	12	3491	1080	4.36336
788	13	13	13	0.0159082
788	14	50256	50256	0.00130367
789	5	318	318	0.302094
789	6	7685	262	8.49444
789	7	3194	5186	3.34438
789	8	281	257	3.07997
789	9	19318	14091	4.6266
789	10	1015	1015	3.94324
789	11	2029	287	4.65183
789	12	663	663	0.702767
789	13	22655	21334	5.27654
789	14	7078	1123	3.95319
789	15	13	13	0.00518513
789	16	50256	50256	0.00167179
790	5	48862	1688	4.10253
790	6	485	12	4.06616
790	7	272	12	3.65349
790	8	6614	318	4.8099
790	9	1239	7545	4.57593
790	10	36177	393	5.37936
790	11	13	13	0.00526428
790	12	50256	50256	0.00341415
791	5	5822	1271	4.66196
791	6	286	286	0.450786
791	7	6156	257	5.3449
791	8	25942	12	4.83046
791	9	261	13	5.03771
791	10	13	13	0.0177765
791	11	50256	50256	0.00488377
792	5	6203	12278	5.01225
792	6	1262	326	2.95935
792	7	18018	3624	6.19782
792	8	326	326	0.511055
792	9	8181	326	5.7155
792	10	422	326	3.41594
792	11	4025	4025	3.83222
792	12	6493	415	4.84729
792	13	18018	5289	5.23237
792	14	13	13	0.020936
792	15	50256	50256	0.00371265
793	5	787	511	3.51512
793	6	510	307	4.98281
793	7	262	262	0.419771
793	8	4318	1402	4.66528
793	9	10927	12	4.86832
793	10	1080	1080	1.70815
793	11	13	13	0.0912447
793	12	50256	50256	0.00348377
794	5	262	262	0.747855
794	6	7446	1692	6.5819
794	7	287	287	0.725287
794	8	257	262	1.66302
794	9	7226	1588	4.8843
794	10	5044	3877	3.55554
794	11	2685	1271	4.36778
794	12	13	13	0.00439262
794	13	50256	50256	0.00436974
795	5	3623	460	3.53206
795	6	2458	318	3.44192
795	7	656	656	0.143477
795	8	257	257	0.0754852
795	9	8122	8122	1.37948
795	10	13	13	0.0257845
795	11	50256	50256	0.0039978
796	5	45636	460	6.47003
796	6	15027	460	5.62512
796	7	318	318	0.369494
796	8	284	284	0.717393
796	9	25432	2060	6.14128
796	10	5207	12	4.13542
796	11	656	13	1.24582
796	12	257	257	1.94929
796	13	1844	820	6.7629
796	14	4286	1978	5.81471
796	15	393	284	6.91271
796	16	5485	1989	4.60114
796	17	13	13	0.00888729
796	18	50256	50256	0.00303936
797	5	625	2057	3.45148
797	6	281	281	1.3983
797	7	1989	1767	4.0239
797	8	13	13	0.00356197
797	9	50256	50256	0.00286579
798	5	318	318	0.855974
798	6	783	543	5.46952
798	7	1900	329	2.95371
798	8	355	319	2.16934
798	9	25299	4898	6.48265
798	10	13	13	0.00454998
798	11	50256	50256	0.00370693
799	5	7679	338	4.33346
799	6	42909	11	4.76272
799	7	881	881	2.46097
799	8	286	286	0.035428
799	9	262	262	0.0568571
799	10	3825	3825	1.28442
799	11	338	338	0.0990658
799	12	13568	1692	5.7204
799	13	49961	13	5.26454
799	14	11881	284	5.43191
799	15	13	13	0.00436401
799	16	50256	50256	0.00143433
800	5	307	12278	4.44091
800	6	9086	2568	5.70579
800	7	656	656	0.390041
800	8	2237	734	3.72361
800	9	1602	21334	3.37842
800	10	14796	14796	3.40257
800	11	44360	44360	3.20475
800	12	13	13	0.00354576
800	13	50256	50256	0.00421619
801	5	287	11	2.13855
801	6	2800	262	6.27357
801	7	351	351	1.56373
801	8	262	262	0.0391331
801	9	2323	3825	5.02766
801	10	13	13	0.010191
801	11	50256	50256	0.00245285
802	5	1351	1296	6.14348
802	6	318	318	0.257211
802	7	663	663	2.35846
802	8	3504	1402	4.91107
802	9	1988	12	4.0824
802	10	393	290	3.76993
802	11	262	262	0.224269
802	12	1612	5366	6.06855
802	13	286	286	0.141229
802	14	663	663	0.544034
802	15	734	734	2.85235
802	16	3504	1271	4.67481
802	17	3815	12	3.5752
802	18	13	13	0.0053606
802	19	50256	50256	0.00223255
803	5	49586	422	4.79134
803	6	422	422	0.234747
803	7	257	257	0.908727
803	8	781	781	3.9965
803	9	7241	276	4.78473
803	10	7679	13	3.83301
803	11	1022	422	3.90391
803	12	6228	1194	4.30529
803	13	15747	72	4.7562
803	14	13	13	0.00438499
803	15	50256	50256	0.00128365
804	5	12834	416	4.43139
804	6	8811	373	3.78152
804	7	925	3170	3.06849
804	8	422	422	0.639975
804	9	6147	511	2.8193
804	10	477	606	5.1265
804	11	19417	4618	4.90875
804	12	13	13	0.0161247
804	13	50256	50256	0.0022049
805	5	402	402	2.52751
805	6	724	724	3.27617
805	7	1428	724	4.20684
805	8	284	287	3.71118
805	9	406	4492	6.00186
805	10	359	72	5.65848
805	11	541	72	4.88014
805	12	315	72	6.39706
805	13	287	287	0.361514
805	14	402	402	3.28103
805	15	724	72	4.0624
805	16	1428	13	4.55678
805	17	338	338	1.66001
805	18	48899	48899	3.32739
805	19	13	13	0.00721169
805	20	50256	50256	0.0047493
806	5	4326	1748	3.11788
806	6	329	11	1.88814
806	7	2033	3139	5.63369
806	8	286	286	0.128332
806	9	9136	16519	6.66971
806	10	13	13	0.0051012
806	11	50256	50256	0.00887012
807	5	3318	326	5.27165
807	6	1060	460	4.62947
807	7	276	966	4.02026
807	8	4823	2568	5.14637
807	9	1231	2568	2.42753
807	10	16006	13	4.90579
807	11	13	13	0.00370502
807	12	50256	50256	0.00270176
808	5	832	832	0.359155
808	6	257	257	0.563378
808	7	1429	1429	3.88955
808	8	1444	1444	0.955157
808	9	1007	734	6.14152
808	10	10514	23235	4.68565
808	11	13	13	0.00440788
808	12	50256	50256	0.00265026
809	5	318	318	0.380919
809	6	5447	734	5.97116
809	7	284	284	0.446898
809	8	307	48573	3.53352
809	9	530	663	3.80022
809	10	13	13	0.00794697
809	11	50256	50256	0.00204372
810	5	19780	14153	5.14456
810	6	5822	318	5.59078
810	7	318	318	0.686492
810	8	7384	257	6.0473
810	9	290	290	0.479676
810	10	645	530	3.67174
810	11	2742	1402	5.89381
810	12	1445	739	4.58815
810	13	460	318	2.03791
810	14	4781	1180	5.94776
810	15	262	262	2.10882
810	16	1368	1767	5.89712
810	17	13	13	0.00918198
810	18	50256	50256	0.00324059
811	5	4166	11	5.22836
811	6	257	257	0.243948
811	7	1409	318	4.55542
811	8	540	11	5.93178
811	9	12	12	1.56567
811	10	28469	22421	4.55087
811	11	12	12	1.18294
811	12	4906	17763	4.86166
811	13	13570	12	5.58068
811	14	1080	1080	2.44247
811	15	287	287	0.592772
811	16	5515	1440	5.33366
811	17	20283	4618	5.67884
811	18	12	12	0.446135
811	19	14792	820	4.91065
811	20	2031	1123	5.7597
811	21	13	13	0.00438309
811	22	50256	50256	0.00217915
812	5	503	1296	5.15105
812	6	416	11	3.275
812	7	2344	1296	5.32449
812	8	11	11	0.0660992
812	9	19435	1660	4.30362
812	10	11	11	0.231259
812	11	10087	393	5.7389
812	12	11	11	0.0804415
812	13	393	290	1.79895
812	14	584	584	1.78538
812	15	4695	19435	3.52201
812	16	13	13	0.00604343
812	17	50256	50256	0.00284481
813	5	290	290	0.0963306
813	6	423	422	2.4216
813	7	511	511	1.01499
813	8	898	511	4.33435
813	9	14599	2057	6.02443
813	10	44935	72	4.77489
813	11	8573	13	2.83834
813	12	13	13	0.00450897
813	13	50256	50256	0.0029211
814	5	1660	393	4.1534
814	6	338	338	0.597475
814	7	23708	1296	4.95663
814	8	1029	351	4.94585
814	9	24372	351	5.79132
814	10	966	393	4.11729
814	11	3688	284	7.03837
814	12	351	290	1.61929
814	13	2092	663	5.9545
814	14	12	12	1.19769
814	15	13982	12278	4.32423
814	16	17745	1123	3.47838
814	17	13	13	0.00715351
814	18	50256	50256	0.00253391
815	5	3984	329	5.30653
815	6	5679	329	4.63553
815	7	10439	1748	5.28174
815	8	286	286	0.0453053
815	9	262	262	0.149561
815	10	9842	976	5.03419
815	11	437	6896	4.69034
815	12	544	544	3.1596
815	13	1641	1641	3.24119
815	14	13	13	0.0355787
815	15	50256	50256	0.00472736
816	5	8638	2057	6.01093
816	6	2587	2587	2.24419
816	7	422	422	0.992573
816	8	530	530	2.9568
816	9	4067	1767	4.41748
816	10	284	284	0.104133
816	11	1194	21334	2.95719
816	12	13	13	0.00755405
816	13	50256	50256	0.00266075
817	5	9315	15061	5.28703
817	6	6404	460	5.22565
817	7	859	326	5.40106
817	8	389	326	1.8115
817	9	10730	1440	8.02954
817	10	13	13	0.00683689
817	11	50256	50256	0.00353909
818	5	3867	734	4.53859
818	6	1633	1767	4.20406
818	7	13	13	0.0251074
818	8	50256	50256	0.00982761
819	5	1232	1692	5.2499
819	6	2454	45738	5.13687
819	7	1641	1444	4.49476
819	8	2138	284	2.38605
819	9	621	621	0.85662
819	10	262	262	1.56661
819	11	5509	1402	4.22752
819	12	6701	6896	5.58415
819	13	1448	6896	5.6781
819	14	13	13	0.00682259
819	15	50256	50256	0.00220871
820	5	2134	3825	3.60429
820	6	319	11	1.4586
820	7	1194	257	4.1509
820	8	468	262	5.89014
820	9	281	281	1.66423
820	10	4961	318	6.67659
820	11	290	290	0.342774
820	12	6697	1180	5.08628
820	13	5212	4417	5.05269
820	14	2700	13	4.14544
820	15	13	13	0.00451946
820	16	50256	50256	0.00316048
821	5	318	318	0.440069
821	6	1900	925	3.55024
821	7	329	329	1.51999
821	8	44741	262	5.12948
821	9	11527	1688	8.04074
821	10	21641	393	4.78546
821	11	13	13	0.0239267
821	12	50256	50256	0.00352764
822	5	2420	257	4.16543
822	6	2915	12	3.87904
822	7	287	287	0.430689
822	8	543	262	3.40922
822	9	14390	1296	4.35389
822	10	1296	1296	3.70444
822	11	4263	1660	4.33998
822	12	393	393	1.16154
822	13	7572	1660	4.13946
822	14	13	13	0.00562286
822	15	50256	50256	0.00205994
823	5	1660	511	2.86379
823	6	832	832	0.404754
823	7	511	511	0.938159
823	8	308	1660	5.16104
823	9	2171	5667	5.21908
823	10	13	13	0.00245762
823	11	50256	50256	0.00221062
824	5	5822	8122	4.20259
824	6	290	290	0.296349
824	7	257	257	0.968166
824	8	10929	1296	6.35341
824	9	1141	422	3.54453
824	10	257	257	0.141026
824	11	2060	2060	3.0986
824	12	19780	12	5.68252
824	13	1445	23235	5.69188
824	14	13	13	0.00684357
824	15	50256	50256	0.00224495
825	5	416	416	0.739893
825	6	38797	1296	2.91053
825	7	278	326	4.09307
825	8	17797	257	4.59113
825	9	44749	82	4.14322
825	10	351	351	0.530972
825	11	257	257	0.163074
825	12	15936	2060	5.36952
825	13	3968	415	5.11977
825	14	13	13	0.0037775
825	15	50256	50256	0.00146961
826	5	1111	262	3.44081
826	6	21506	8811	6.16658
826	7	290	290	0.0534182
826	8	25794	262	5.12484
826	9	13	13	0.0653687
826	10	50256	50256	0.00336647
827	5	393	393	1.40808
827	6	27756	1296	5.89055
827	7	351	351	0.383406
827	8	257	257	0.0978451
827	9	2010	14091	4.53424
827	10	5186	5186	2.13485
827	11	3877	393	2.29062
827	12	13	13	0.00367641
827	13	50256	50256	0.00354958
828	5	2401	318	4.21624
828	6	2879	318	4.78171
828	7	900	11	6.07994
828	8	11	11	0.456664
828	9	1123	1123	1.97839
828	10	886	729	5.75141
828	11	286	286	0.37339
828	12	257	257	1.15474
828	13	17763	4618	5.10969
828	14	2523	284	6.03831
828	15	257	257	0.185603
828	16	1271	4618	4.04164
828	17	422	422	0.867837
828	18	6632	663	4.9609
828	19	832	832	0.914302
828	20	2237	663	5.82448
828	21	13	13	0.378251
828	22	50256	50256	0.00178337
829	5	496	326	4.34365
829	6	6204	326	4.97564
829	7	1474	319	2.32089
829	8	1944	262	4.08188
829	9	12	12	1.46625
829	10	820	820	1.91955
829	11	25266	7229	4.71367
829	12	13	13	0.00622368
829	13	50256	50256	0.0028677
830	5	262	262	0.418676
830	6	45656	1767	5.21803
830	7	286	286	0.544325
830	8	1657	663	4.58028
830	9	11300	11	6.52628
830	10	1022	284	1.90742
830	11	12899	663	4.8004
830	12	27982	1123	4.76957
830	13	13	13	0.00278664
830	14	50256	50256	0.00240421
831	5	36288	5419	5.75025
831	6	423	5419	3.40322
831	7	42014	2057	5.85906
831	8	307	2057	4.13477
831	9	4730	2057	5.10281
831	10	13	13	0.00521851
831	11	50256	50256	0.00402355
832	5	21001	416	5.36789
832	6	5385	1296	5.74442
832	7	5563	5667	5.06843
832	8	287	287	0.913234
832	9	4320	1944	6.18502
832	10	2339	12	4.3512
832	11	14752	72	6.36493
832	12	13	13	0.00481892
832	13	50256	50256	0.00164127
833	5	12070	318	4.83222
833	6	35901	373	5.70021
833	7	12	12	1.44425
833	8	16760	16760	3.06479
833	9	8849	618	7.3875
833	10	656	290	1.8229
833	11	21558	1296	5.2633
833	12	284	284	0.112364
833	13	3551	1111	5.40247
833	14	269	1402	4.66077
833	15	1726	820	5.82923
833	16	6933	8882	5.98559
833	17	13	13	0.0481977
833	18	50256	50256	0.00200653
834	5	4888	3139	4.86655
834	6	416	416	0.767698
834	7	3644	3668	5.82747
834	8	4056	2568	5.59299
834	9	13	13	0.00993443
834	10	50256	50256	0.00266457
835	5	2700	338	3.43278
835	6	832	832	1.15903
835	7	1803	5186	5.6477
835	8	44796	326	6.25394
835	9	8122	8122	2.95541
835	10	13	13	0.00849533
835	11	50256	50256	0.00480366
836	5	3877	3877	1.94005
836	6	11	11	0.368368
836	7	981	981	2.40507
836	8	1237	1237	2.79125
836	9	684	3877	2.72748
836	10	3283	338	8.18162
836	11	3967	3877	4.61371
836	12	5186	5186	2.79411
836	13	3877	3877	1.99776
836	14	13	13	0.00331974
836	15	50256	50256	0.00391769
837	5	2524	1748	3.86934
837	6	287	287	0.340037
837	7	1944	16519	3.53977
837	8	12	12	0.700309
837	9	820	820	2.57182
837	10	7648	15921	5.80051
837	11	13	13	0.00455761
837	12	50256	50256	0.00392628
838	5	286	286	0.410385
838	6	20422	257	5.35436
838	7	11	11	0.154274
838	8	257	257	0.64386
838	9	46909	1688	5.4792
838	10	38656	12	5.61389
838	11	318	318	0.3792
838	12	10090	22570	6.95109
838	13	355	355	0.826624
838	14	257	257	0.70303
838	15	4898	1688	3.5333
838	16	7972	338	6.12341
838	17	8875	415	5.07757
838	18	13	13	0.00630665
838	19	50256	50256	0.00287056
839	5	15061	15061	3.33524
839	6	8811	460	5.81865
839	7	21126	460	4.15898
839	8	656	656	0.390617
839	9	257	257	0.226741
839	10	8234	15061	5.47805
839	11	13	13	0.00993347
839	12	50256	50256	0.00400257
840	5	1660	1660	2.66418
840	6	20199	11	5.21889
840	7	18190	618	5.70263
840	8	4291	393	4.796
840	9	4771	1660	4.63665
840	10	24770	393	4.2491
840	11	287	287	0.759467
840	12	15114	511	6.01176
840	13	13	13	0.0104942
840	14	50256	50256	0.00270557
841	5	663	262	4.3466
841	6	35988	35988	3.81653
841	7	11904	11904	2.62586
841	8	290	290	0.226873
841	9	318	318	2.02176
841	10	407	1444	3.36622
841	11	257	257	0.248084
841	12	8701	1767	4.26394
841	13	13	13	0.00807571
841	14	50256	50256	0.00188065
842	5	71	389	5.0189
842	6	36417	12	5.06874
842	7	287	287	1.61509
842	8	6156	6156	2.28006
842	9	14937	1588	5.16668
842	10	43372	12	4.87371
842	11	321	1080	4.86716
842	12	666	14355	4.07243
842	13	13399	45738	4.25059
842	14	13	13	0.0039959
842	15	50256	50256	0.00156784
843	5	2081	2057	4.94193
843	6	284	284	0.463896
843	7	3991	511	4.2721
843	8	290	290	0.052597
843	9	3991	47314	4.09676
843	10	284	284	0.352131
843	11	2081	511	4.2797
843	12	13	13	0.024766
843	13	50256	50256	0.00298405
844	5	6268	460	4.05934
844	6	2173	326	5.22868
844	7	3812	329	3.33927
844	8	262	262	0.130615
844	9	9197	1767	5.88584
844	10	338	338	0.250819
844	11	3641	4417	4.82488
844	12	13	13	0.0037775
844	13	50256	50256	0.00273705
845	5	17467	11	4.79851
845	6	382	881	5.00194
845	7	2722	881	5.89059
845	8	262	262	0.139406
845	9	20715	976	5.18329
845	10	15895	329	5.44369
845	11	287	287	0.56711
845	12	33818	35145	4.60558
845	13	287	287	1.31611
845	14	35145	13	3.52649
845	15	13	13	0.0105972
845	16	50256	50256	0.00212955
846	5	44543	925	4.94989
846	6	4144	1043	5.25124
846	7	16083	925	4.73395
846	8	925	925	1.61959
846	9	422	422	0.393929
846	10	7545	351	5.85321
846	11	13	13	0.00384045
846	12	50256	50256	0.0025053
847	5	2033	3825	4.14362
847	6	286	286	0.243237
847	7	1660	530	3.75198
847	8	20199	11	5.88278
847	9	287	287	0.251038
847	10	1633	530	5.07897
847	11	351	290	1.13522
847	12	663	663	1.81219
847	13	36275	21334	6.44649
847	14	2033	1080	5.11577
847	15	379	379	1.59286
847	16	262	262	0.560015
847	17	976	3825	1.84262
847	18	5951	584	3.50651
847	19	13	13	0.0375671
847	20	50256	50256	0.00251389
848	5	976	3825	2.60785
848	6	12234	618	6.11421
848	7	1988	393	4.12352
848	8	11	11	0.178847
848	9	257	262	2.98673
848	10	3074	781	5.9952
848	11	1444	618	3.30783
848	12	257	257	0.815737
848	13	17661	976	5.03245
848	14	13	13	0.00859833
848	15	50256	50256	0.00398064
849	5	1205	2568	4.70231
849	6	287	287	0.883122
849	7	5055	663	5.30039
849	8	393	393	1.04035
849	9	3105	584	6.71299
849	10	12	12	1.52841
849	11	31462	2568	7.61231
849	12	1660	393	4.41233
849	13	13	13	0.0311842
849	14	50256	50256	0.00283909
850	5	656	656	0.432853
850	6	257	257	0.205988
850	7	8122	8122	2.64171
850	8	13	13	0.00413513
850	9	50256	50256	0.00346375
851	5	10384	6156	5.52828
851	6	284	284	0.119742
851	7	262	262	0.114276
851	8	6156	6156	2.99951
851	9	15433	6156	4.76147
851	10	6959	286	5.61493
851	11	286	286	0.0745106
851	12	2011	8706	4.598
851	13	66	287	3.34206
851	14	268	6896	5.39352
851	15	3609	13	4.25945
851	16	13	13	0.00980186
851	17	50256	50256	0.004179
852	5	27602	11904	5.39791
852	6	1084	2057	5.38772
852	7	515	284	3.74901
852	8	290	290	0.801237
852	9	16577	285	6.38531
852	10	284	284	0.115365
852	11	4439	511	3.45492
852	12	26868	2057	4.96307
852	13	13	13	0.0166683
852	14	50256	50256	0.00268459
853	5	319	329	1.77806
853	6	262	262	0.0843821
853	7	4013	19517	7.13959
853	8	25986	6896	6.61076
853	9	34603	6896	6.31162
853	10	21891	6896	6.01519
853	11	13	13	0.009655
853	12	50256	50256	0.00561237
854	5	36140	618	4.75686
854	6	11	11	0.225492
854	7	281	257	2.58027
854	8	19318	1402	4.87097
854	9	1015	1015	3.90943
854	10	318	318	0.559149
854	11	9086	257	4.78327
854	12	656	656	0.602954
854	13	14104	530	5.9669
854	14	4961	257	3.2475
854	15	5026	1123	4.99361
854	16	49644	415	5.64164
854	17	4831	1978	5.59996
854	18	13	13	0.00663948
854	19	50256	50256	0.00227261
855	5	2081	12278	3.91164
855	6	11135	318	4.29446
855	7	1043	12	4.29358
855	8	287	287	0.625367
855	9	48573	1111	5.22228
855	10	6134	393	2.6245
855	11	13	13	0.00483894
855	12	50256	50256	0.0015564
856	5	1371	416	4.3746
856	6	617	326	4.83195
856	7	1321	460	4.00388
856	8	422	422	0.735393
856	9	262	262	0.290218
856	10	2656	2656	3.3161
856	11	1366	1366	3.32565
856	12	13	13	0.0361376
856	13	50256	50256	0.00255489
857	5	83	83	3.04523
857	6	270	973	4.68388
857	7	9620	3170	3.39819
857	8	287	287	0.672005
857	9	262	262	0.0543356
857	10	614	1767	4.69319
857	11	1315	22829	5.33153
857	12	2481	6896	5.77078
857	13	13	13	0.00373363
857	14	50256	50256	0.00201035
858	5	1011	1296	4.8166
858	6	262	262	0.408248
858	7	2910	976	5.58581
858	8	13840	78	5.68361
858	9	2622	329	5.25991
858	10	416	11	2.53548
858	11	867	663	3.39388
858	12	4693	820	4.20697
858	13	329	329	2.05645
858	14	5935	1194	6.07721
858	15	3227	3825	5.1647
858	16	13	13	0.00659466
858	17	50256	50256	0.00273895
859	5	338	12	2.06698
859	6	8137	12278	5.31315
859	7	42909	326	5.94196
859	8	2266	340	4.73899
859	9	1657	340	3.47041
859	10	290	290	0.154677
859	11	22625	4735	4.89224
859	12	284	284	0.0566835
859	13	663	663	0.828485
859	14	4171	35988	5.48605
859	15	5585	23235	4.71324
859	16	13	13	0.0128279
859	17	50256	50256	0.00166321
860	5	281	257	1.83176
860	6	16295	2060	5.20604
860	7	6140	460	6.13701
860	8	318	318	0.779807
860	9	1444	663	2.65121
860	10	663	663	1.11618
860	11	2962	734	4.61044
860	12	13	13	0.00259495
860	13	50256	50256	0.00443649
861	5	418	12	4.1115
861	6	389	422	2.216
861	7	262	262	0.157312
861	8	734	511	3.57372
861	9	1402	1402	2.11251
861	10	31093	12	4.59939
861	11	286	286	0.599873
861	12	8706	8706	3.42635
861	13	13	13	0.00295067
861	14	50256	50256	0.00326729
862	5	12622	12622	3.13334
862	6	45738	45738	1.98623
862	7	287	287	0.345109
862	8	607	262	3.9472
862	9	5337	7840	5.16101
862	10	45738	45738	2.71097
862	11	13	13	0.00388527
862	12	50256	50256	0.00564671
863	5	3395	2060	4.76428
863	6	37670	12	4.53115
863	7	5958	326	5.43136
863	8	6140	326	6.57186
863	9	351	351	1.35911
863	10	8547	1180	4.99314
863	11	273	7545	5.35515
863	12	3409	2340	4.98785
863	13	11400	2340	5.38788
863	14	338	338	0.418671
863	15	11359	1180	5.16296
863	16	13389	4618	5.34902
863	17	13	13	0.00369549
863	18	50256	50256	0.00261307
864	5	460	416	3.10373
864	6	307	1296	3.19033
864	7	7042	2057	3.93883
864	8	416	416	0.525825
864	9	4375	1296	3.92045
864	10	262	262	0.528812
864	11	734	649	5.03418
864	12	18148	5667	6.95959
864	13	2846	262	4.79202
864	14	284	284	0.0602045
864	15	7330	511	5.50904
864	16	262	262	0.846576
864	17	1306	1767	5.34647
864	18	3381	6896	4.98988
864	19	13	13	0.0175667
864	20	50256	50256	0.00128365
865	5	11880	1296	3.31714
865	6	5419	5419	2.24006
865	7	340	663	2.62505
865	8	2834	460	5.23195
865	9	5667	5667	3.13755
865	10	422	422	0.53432
865	11	13737	13737	3.37021
865	12	13	13	0.0113297
865	13	50256	50256	0.00237942
866	5	6903	6903	3.28015
866	6	318	318	0.571564
866	7	281	257	2.23945
866	8	37287	1602	4.82519
866	9	9814	1080	4.69632
866	10	15763	16912	5.04842
866	11	13	13	0.00401497
866	12	50256	50256	0.00440025
867	5	78	1748	2.93171
867	6	318	318	0.338422
867	7	4888	262	4.04581
867	8	416	11	2.43014
867	9	16256	262	4.51034
867	10	11	11	0.148514
867	11	15336	1444	6.27462
867	12	11	11	0.0852375
867	13	290	290	0.273092
867	14	46070	6156	5.75329
867	15	72	13	3.28645
867	16	13	13	0.00517941
867	17	50256	50256	0.00217056
868	5	19435	2568	4.15896
868	6	351	832	2.04438
868	7	9518	734	5.86381
868	8	5667	2568	2.36299
868	9	13	13	0.0146847
868	10	50256	50256	0.00313473
869	5	547	78	5.14951
869	6	14212	881	4.80188
869	7	1748	286	1.89676
869	8	12	338	1.34051
869	9	27219	1296	5.51823
869	10	287	287	0.197852
869	11	6156	6156	3.3651
869	12	10315	6156	4.8897
869	13	13	13	0.0332146
869	14	50256	50256	0.00721359
870	5	832	832	0.590331
870	6	262	262	0.131743
870	7	11963	1767	5.93009
870	8	3356	4417	3.93275
870	9	286	286	0.177008
870	10	257	262	1.16142
870	11	11711	976	4.90572
870	12	13	13	0.0517082
870	13	50256	50256	0.00237083
871	5	3170	3170	2.62083
871	6	416	338	1.10901
871	7	262	262	0.0960312
871	8	3457	4960	5.63663
871	9	292	274	3.98045
871	10	287	287	0.776111
871	11	262	262	0.034852
871	12	843	843	3.88898
871	13	274	286	2.53609
871	14	21124	21124	2.83445
871	15	13	13	0.00354099
871	16	50256	50256	0.0014267
872	5	1729	8122	4.54879
872	6	4164	37670	5.27857
872	7	18196	318	7.40764
872	8	5002	1231	4.44919
872	9	326	326	0.63603
872	10	318	318	0.841601
872	11	8122	8122	3.42145
872	12	379	379	1.76316
872	13	8850	663	3.98067
872	14	2119	21334	4.03976
872	15	5951	19435	4.01443
872	16	13	13	0.0188694
872	17	50256	50256	0.00255108
873	5	286	286	0.170367
873	6	28722	28722	2.49838
873	7	287	287	0.197265
873	8	257	257	0.498992
873	9	5931	5931	1.88331
873	10	6317	6317	2.47021
873	11	13	13	0.00300884
873	12	50256	50256	0.00255299
874	5	10947	2057	4.89092
874	6	4046	2057	5.2235
874	7	422	422	0.773149
874	8	7346	511	4.91369
874	9	27149	4695	5.6124
874	10	13	13	0.00540352
874	11	50256	50256	0.00214005
875	5	973	973	2.21505
875	6	329	287	2.99862
875	7	35788	8208	5.40987
875	8	4263	5667	3.42082
875	9	13	13	0.0053072
875	10	50256	50256	0.00249958
876	5	27458	1688	5.47406
876	6	12	12	0.896554
876	7	11487	1688	5.24422
876	8	1448	12	3.70357
876	9	1690	5419	4.44322
876	10	423	423	2.5399
876	11	2092	663	4.63649
876	12	5931	663	3.7163
876	13	6608	415	5.25736
876	14	13	13	0.00962257
876	15	50256	50256	0.00331688
877	5	7306	257	8.47249
877	6	3623	1296	4.58894
877	7	379	11	3.74693
877	8	6937	257	6.26709
877	9	5951	338	8.40115
877	10	11	11	0.391908
877	11	3833	1123	4.35455
877	12	5732	656	3.82688
877	13	355	355	1.39275
877	14	6115	257	4.89866
877	15	20638	284	7.10534
877	16	13	13	0.00360298
877	17	50256	50256	0.00155067
878	5	1588	1588	3.41804
878	6	6903	1748	4.69963
878	7	286	286	0.048274
878	8	2258	1588	4.40189
878	9	5478	393	3.78982
878	10	13	13	0.00287533
878	11	50256	50256	0.0040884
879	5	42909	326	5.40641
879	6	2568	2568	1.1877
879	7	422	422	0.790102
879	8	663	663	0.475568
879	9	21334	21334	2.09604
879	10	13	13	0.0026083
879	11	50256	50256	0.00223351
880	5	7714	1989	4.50939
880	6	3170	925	3.55581
880	7	1231	1231	1.90716
880	8	29871	1231	5.73329
880	9	13	13	0.00458813
880	10	50256	50256	0.00398636
881	5	262	262	0.487485
881	6	21189	20831	5.02197
881	7	21226	12	4.70909
881	8	286	286	0.269259
881	9	867	530	3.82404
881	10	4903	318	5.0231
881	11	694	418	5.75172
881	12	418	418	3.59115
881	13	1037	739	4.45992
881	14	606	663	2.92996
881	15	36331	13	5.29838
881	16	284	284	0.251377
881	17	16649	511	6.85686
881	18	13	13	0.0143919
881	19	50256	50256	0.00227451
882	5	22421	1296	4.56723
882	6	3025	422	4.35571
882	7	7531	257	5.95466
882	8	19998	422	5.14217
882	9	423	1296	3.65905
882	10	257	257	1.20242
882	11	8064	8064	3.94577
882	12	286	286	0.0870132
882	13	734	663	3.75992
882	14	284	284	0.353489
882	15	530	663	3.00415
882	16	13	13	0.0257082
882	17	50256	50256	0.0013752
883	5	2010	1402	5.18209
883	6	5186	5186	2.56494
883	7	3877	3877	1.6998
883	8	13	13	0.0212088
883	9	50256	50256	0.0111399
884	5	11	11	0.123648
884	6	290	290	0.307988
884	7	21813	1296	5.19248
884	8	4166	262	5.33268
884	9	422	422	0.606733
884	10	9133	1660	6.09449
884	11	20328	4618	4.92391
884	12	13	13	0.00833225
884	13	50256	50256	0.00479889
885	5	326	326	0.378939
885	6	257	257	0.0865698
885	7	12649	460	5.1332
885	8	460	326	1.46065
885	9	12260	1180	6.10615
885	10	3264	351	5.33383
885	11	13	13	0.00321102
885	12	50256	50256	0.00348568
886	5	286	286	0.0850267
886	6	10529	262	5.50752
886	7	893	12	3.71387
886	8	325	338	4.26499
886	9	385	12	2.44602
886	10	287	287	0.260191
886	11	262	262	0.101112
886	12	28032	6156	5.6474
886	13	13	13	0.00997543
886	14	50256	50256	0.00689316
887	5	2431	15921	4.79432
887	6	13	13	0.04076
887	7	50256	50256	0.0434856
888	5	11	11	0.308085
888	6	543	262	3.75983
888	7	5419	351	2.43462
888	8	262	262	0.183429
888	9	1767	1692	4.23214
888	10	16274	13	6.09679
888	11	27997	14355	6.02309
888	12	13	13	0.00653648
888	13	50256	50256	0.00286865
889	5	16704	12278	4.10642
889	6	279	2060	6.54695
889	7	2150	12	5.4621
889	8	1387	3170	6.2573
889	9	422	422	0.54368
889	10	18577	511	6.62297
889	11	33694	23235	6.24831
889	12	11904	5667	3.34429
889	13	13	13	0.0134573
889	14	50256	50256	0.00229359
890	5	388	3170	5.94025
890	6	12007	373	5.28251
890	7	1278	262	4.09015
890	8	9189	262	5.53854
890	9	21592	8188	4.56454
890	10	22830	290	4.93245
890	11	290	290	0.0305128
890	12	584	584	2.66579
890	13	1171	1171	3.6488
890	14	5444	13	5.30622
890	15	9928	13	3.81281
890	16	13	13	0.0363321
890	17	50256	50256	0.00173569
891	5	286	286	0.147943
891	6	8031	262	6.42914
891	7	11	11	0.224814
891	8	6296	319	3.28866
891	9	319	319	0.715629
891	10	262	262	0.0725203
891	11	309	1767	4.60522
891	12	1856	14355	4.93194
891	13	5866	13	2.96291
891	14	13	13	0.00453949
891	15	50256	50256	0.00330448
892	5	416	11	2.0615
892	6	763	262	5.13204
892	7	363	12	4.01067
892	8	8306	329	5.3768
892	9	17797	262	5.01937
892	10	7545	1660	4.26885
892	11	290	290	0.101349
892	12	12273	383	5.52282
892	13	262	262	0.104987
892	14	7186	3825	5.4219
892	15	1090	1660	5.31858
892	16	9310	72	5.33071
892	17	13	13	0.0351381
892	18	50256	50256	0.00213337
893	5	287	287	0.490105
893	6	23217	1111	4.88128
893	7	460	460	1.57638
893	8	1037	511	4.21844
893	9	2270	4735	5.31176
893	10	12586	276	5.38783
893	11	5475	23235	5.1573
893	12	13	13	0.00526905
893	13	50256	50256	0.00363827
894	5	832	11	1.47867
894	6	262	262	0.0316458
894	7	17661	19517	4.79516
894	8	286	286	0.0690432
894	9	262	262	0.217117
894	10	3942	1767	4.77527
894	11	290	290	0.130026
894	12	35769	8706	5.57302
894	13	666	666	3.84827
894	14	13375	6896	5.50915
894	15	13	13	0.00680351
894	16	50256	50256	0.00172806
895	5	1115	3668	4.87819
895	6	13043	12	4.71453
895	7	326	326	1.03658
895	8	1296	1296	2.5797
895	9	257	257	0.909703
895	10	2060	2060	3.39641
895	11	16257	12	4.79629
895	12	13	13	0.0121937
895	13	50256	50256	0.00817299
896	5	8208	734	4.19928
896	6	12	12	0.850227
896	7	19412	1103	6.12527
896	8	7475	338	4.1867
896	9	13	13	0.00662708
896	10	50256	50256	0.00254822
897	5	39880	1767	5.75742
897	6	460	460	1.65862
897	7	1205	460	4.54911
897	8	656	656	0.594589
897	9	257	257	0.170282
897	10	649	734	4.19804
897	11	4618	13737	4.26633
897	12	13	13	0.00387573
897	13	50256	50256	0.00421238
898	5	1350	973	3.82228
898	6	900	973	4.47381
898	7	11597	973	4.26598
898	8	7218	973	3.80454
898	9	22596	22596	3.50954
898	10	1871	28818	3.8984
898	11	28818	402	4.02702
898	12	2127	72	4.17115
898	13	5348	13	5.85779
898	14	13	13	0.0421124
898	15	50256	50256	0.00259113
899	5	5838	1767	3.8756
899	6	286	286	0.0597038
899	7	38330	257	6.13567
899	8	287	287	0.215624
899	9	838	734	5.49136
899	10	2791	6317	5.14355
899	11	13	13	0.00301456
899	12	50256	50256	0.00384426
900	5	11	11	0.15186
900	6	717	262	7.44558
900	7	12	11	4.80377
900	8	448	1688	5.88416
900	9	16834	11	5.90831
900	10	11	11	0.140672
900	11	262	262	0.441507
900	12	14555	3825	6.1502
900	13	2087	1080	6.55248
900	14	2378	286	6.24478
900	15	318	318	1.37917
900	16	4615	1123	4.7562
900	17	717	3825	4.9987
900	18	13	13	0.010046
900	19	50256	50256	0.00413704
901	5	4180	281	5.04982
901	6	30121	6296	5.33106
901	7	319	319	0.689337
901	8	6163	281	5.36953
901	9	3354	3354	2.62931
901	10	286	286	0.121502
901	11	9664	8706	6.19565
901	12	13	13	0.0104675
901	13	50256	50256	0.00608826
902	5	3688	389	5.30052
902	6	284	284	0.108487
902	7	262	262	0.0779095
902	8	5485	1767	5.83653
902	9	286	286	0.0783529
902	10	257	257	0.174268
902	11	6297	2818	5.57893
902	12	13	13	0.00872326
902	13	50256	50256	0.00158501
903	5	2318	1588	4.09895
903	6	19972	272	5.01542
903	7	33174	385	5.16575
903	8	262	262	0.0915003
903	9	5366	1692	4.00687
903	10	16825	6896	6.12923
903	11	286	286	0.18216
903	12	1194	257	4.60067
903	13	13	13	0.0424433
903	14	50256	50256	0.00331306
904	5	16122	1688	4.27123
904	6	11732	78	4.35283
904	7	337	11	4.2967
904	8	5847	78	4.02497
904	9	2977	2977	3.73689
904	10	290	290	0.37172
904	11	383	383	3.63752
904	12	367	1688	4.74716
904	13	3316	12	5.77395
904	14	1891	397	4.92034
904	15	286	286	0.429462
904	16	23382	1123	5.1898
904	17	12	12	1.4526
904	18	35	1123	5.39197
904	19	480	13	5.86891
904	20	13	13	0.0706835
904	21	50256	50256	0.00302029
905	5	625	2057	3.77824
905	6	3090	2568	4.94833
905	7	287	287	0.405362
905	8	8850	511	2.86259
905	9	34768	5667	4.06319
905	10	13	13	0.00366497
905	11	50256	50256	0.0021162
906	5	284	284	0.500793
906	6	262	262	0.108142
906	7	28761	6156	5.9276
906	8	576	544	4.73175
906	9	1448	9869	5.04447
906	10	11	11	0.285911
906	11	407	262	3.55542
906	12	262	262	0.12743
906	13	38255	19517	6.61726
906	14	1547	4618	5.43545
906	15	13	13	0.00656128
906	16	50256	50256	0.00169086
907	5	7861	874	4.8718
907	6	11	11	0.0323458
907	7	5387	351	5.38758
907	8	14580	351	4.57519
907	9	11	11	0.0797701
907	10	290	290	0.313108
907	11	4596	4596	4.28155
907	12	6900	12	4.13306
907	13	286	286	0.115031
907	14	19606	1123	4.11458
907	15	287	287	0.500018
907	16	1660	1123	4.17502
907	17	3102	4778	4.54109
907	18	46916	46916	3.7825
907	19	13	13	0.0049715
907	20	50256	50256	0.00233555
908	5	3881	257	4.32809
908	6	1296	1296	1.52947
908	7	257	257	0.28213
908	8	4417	4417	2.82647
908	9	7679	318	3.8068
908	10	1444	1444	1.27953
908	11	842	543	5.44748
908	12	21446	77	5.44631
908	13	319	11	1.89808
908	14	262	262	0.587944
908	15	6869	3825	2.44759
908	16	13	13	1.28503
908	17	50256	50256	0.00189018
909	5	286	286	0.0599594
909	6	257	257	0.945259
909	7	35991	734	4.62313
909	8	423	422	3.18627
909	9	4961	5931	4.4699
909	10	20428	13	5.34923
909	11	13	13	0.00280094
909	12	50256	50256	0.00205517
910	5	10349	1573	5.67964
910	6	618	618	1.13749
910	7	663	663	0.697489
910	8	5002	5002	2.94582
910	9	48813	12	5.47539
910	10	422	422	0.281948
910	11	13181	584	6.15027
910	12	1459	338	4.8051
910	13	13	13	0.0113373
910	14	50256	50256	0.00169373
911	5	3623	4735	4.90787
911	6	25037	416	6.10897
911	7	13640	257	5.51538
911	8	355	355	0.812784
911	9	44030	257	4.21392
911	10	3881	257	5.07325
911	11	4735	1402	2.90077
911	12	6945	13166	4.43975
911	13	13	13	0.00272369
911	14	50256	50256	0.0018301
912	5	12269	4025	5.44529
912	6	11	11	0.0728197
912	7	1660	530	2.64771
912	8	11	11	0.0486116
912	9	290	290	0.509265
912	10	38084	1660	5.32545
912	11	14093	393	5.85422
912	12	1818	72	6.00595
912	13	13	13	0.0079937
912	14	50256	50256	0.00374413
913	5	689	925	5.33698
913	6	9664	1296	7.4012
913	7	351	351	0.43209
913	8	28096	543	4.85747
913	9	925	925	2.5484
913	10	1262	11	3.51211
913	11	257	257	0.093257
913	12	17598	2818	4.81836
913	13	290	290	0.155735
913	14	4704	1180	5.18632
913	15	13	13	0.0105133
913	16	50256	50256	0.00250053
914	5	2057	2057	1.41494
914	6	422	422	0.509212
914	7	1660	511	2.87255
914	8	351	351	1.2703
914	9	13375	511	6.15745
914	10	287	287	0.282666
914	11	511	511	1.44246
914	12	28552	584	4.86061
914	13	13	13	0.0057869
914	14	50256	50256	0.00200653
915	5	262	262	0.0583925
915	6	3463	3825	5.91468
915	7	286	286	0.123742
915	8	262	262	0.39277
915	9	11711	1692	4.97014
915	10	20085	393	5.56964
915	11	416	287	6.55361
915	12	281	663	1.75726
915	13	2134	2134	2.5906
915	14	13	13	0.00645161
915	15	50256	50256	0.00240898
916	5	262	262	0.105985
916	6	12108	3139	3.00759
916	7	286	286	0.173514
916	8	17837	262	3.83269
916	9	11	11	0.269969
916	10	318	318	0.469474
916	11	17837	262	3.66257
916	12	338	338	0.179527
916	13	3139	3139	1.66805
916	14	13	13	0.00379467
916	15	50256	50256	0.00442505
917	5	37270	3139	5.97303
917	6	11	11	0.12731
917	7	30872	262	5.82992
917	8	11	11	0.298934
917	9	290	290	0.141059
917	10	21506	3139	4.55647
917	11	13	13	0.0255527
917	12	50256	50256	0.00475693
918	5	3668	3668	3.15827
918	6	8318	416	5.09147
918	7	832	11	1.32358
918	8	16468	1296	5.69747
918	9	1364	2057	5.59792
918	10	416	416	0.730075
918	11	401	1296	5.84344
918	12	1039	13166	4.86701
918	13	13	13	0.00692463
918	14	50256	50256	0.00139809
919	5	44741	1688	4.44159
919	6	17757	692	5.10457
919	7	319	11	2.72323
919	8	4849	257	5.18809
919	9	47967	399	5.12765
919	10	28847	287	4.7201
919	11	287	287	0.514174
919	12	4492	262	4.57531
919	13	13	13	0.0100603
919	14	50256	50256	0.00286198
920	5	350	262	6.24746
920	6	9160	3170	4.55818
920	7	373	373	2.41037
920	8	3170	3170	2.29509
920	9	355	355	1.45192
920	10	257	257	0.200411
920	11	8966	820	4.21758
920	12	10580	66	4.28847
920	13	13	13	0.00906277
920	14	50256	50256	0.00167084
921	5	257	257	0.0704355
921	6	5252	2060	4.95238
921	7	33413	12	5.57012
921	8	8902	257	4.65429
921	9	351	351	1.23734
921	10	281	1180	3.85812
921	11	18762	2818	5.41386
921	12	2890	2890	4.42729
921	13	5797	5797	3.75882
921	14	13	13	0.00963974
921	15	50256	50256	0.00188255
922	5	1811	262	5.45862
922	6	6300	262	5.02731
922	7	286	286	0.0585928
922	8	262	262	0.0775251
922	9	2939	3825	4.89801
922	10	1444	1444	1.86484
922	11	383	262	2.95193
922	12	36306	4618	4.86683
922	13	13	13	0.00504494
922	14	50256	50256	0.00373363
923	5	460	460	1.58526
923	6	2620	1296	5.26706
923	7	257	257	0.242768
923	8	2700	8122	4.14492
923	9	338	338	0.191441
923	10	6225	976	5.74614
923	11	1245	966	5.10162
923	12	13	13	0.0147734
923	13	50256	50256	0.00432587
924	5	286	286	0.0979414
924	6	262	262	0.850679
924	7	3624	1692	5.03867
924	8	14705	1080	5.01901
924	9	287	287	0.70795
924	10	674	262	3.1128
924	11	6591	6591	3.09546
924	12	1080	1080	1.63262
924	13	13	13	0.0327539
924	14	50256	50256	0.0036335
925	5	42742	2057	3.71402
925	6	656	656	0.349239
925	7	734	734	2.46312
925	8	4957	5667	5.59586
925	9	17751	6896	4.88685
925	10	72	13737	3.94849
925	11	13	13	0.00529861
925	12	50256	50256	0.00282383
926	5	257	257	0.298331
926	6	41236	8122	4.60019
926	7	338	338	0.0951653
926	8	4417	1767	2.62968
926	9	389	416	3.75819
926	10	7009	663	4.84471
926	11	1981	15921	4.84488
926	12	15921	15921	2.37526
926	13	13	13	0.0123749
926	14	50256	50256	0.0018034
927	5	286	286	0.032958
927	6	262	262	0.0912094
927	7	39046	1767	6.15567
927	8	973	329	3.03521
927	9	416	416	0.67348
927	10	867	663	2.60068
927	11	5044	5044	3.06701
927	12	4778	4778	1.13598
927	13	13	13	0.00272274
927	14	50256	50256	0.00206089
928	5	5496	326	4.46205
928	6	326	326	0.286476
928	7	460	326	2.20164
928	8	2291	1296	5.4222
928	9	6134	1660	4.26495
928	10	11	11	0.287829
928	11	5916	290	5.43797
928	12	11	11	0.13013
928	13	290	290	0.0839767
928	14	23426	3668	5.31296
928	15	13	13	0.00525761
928	16	50256	50256	0.00213242
929	5	287	11	1.72285
929	6	40941	262	4.70048
929	7	15190	351	4.96754
929	8	290	290	0.104887
929	9	24768	1660	5.18865
929	10	13	13	0.00570393
929	11	50256	50256	0.00229263
930	5	2081	1588	4.74674
930	6	691	11	4.09645
930	7	618	11	2.34819
930	8	1111	543	4.17004
930	9	286	286	0.582741
930	10	663	663	1.93663
930	11	17311	734	6.36704
930	12	389	13	2.69689
930	13	2081	1111	4.56658
930	14	13	13	0.00930119
930	15	50256	50256	0.00294018
931	5	3597	3139	5.33732
931	6	1080	1748	2.86286
931	7	973	416	2.53975
931	8	329	329	1.27464
931	9	6983	1944	5.18215
931	10	13	13	0.153818
931	11	50256	50256	0.00367165
932	5	262	262	0.386518
932	6	976	976	2.15285
932	7	6115	5186	4.93841
932	8	355	355	0.973232
932	9	530	663	3.23222
932	10	27216	4417	6.63443
932	11	1247	3877	5.30034
932	12	16912	16912	3.21581
932	13	13	13	0.00562763
932	14	50256	50256	0.00239849
933	5	416	416	1.33738
933	6	530	663	2.23086
933	7	5667	2568	2.17433
933	8	326	416	3.2174
933	9	1271	5667	3.26044
933	10	21588	1978	5.99113
933	11	13	13	0.00370407
933	12	50256	50256	0.00195408
934	5	17825	2568	3.90121
934	6	287	287	0.267398
934	7	294	7840	5.1976
934	8	6037	6317	4.35614
934	9	13	13	0.0089817
934	10	50256	50256	0.00539494
935	5	3878	3878	3.93536
935	6	17084	318	4.31983
935	7	318	318	1.38546
935	8	257	257	0.200428
935	9	4898	4898	2.76844
935	10	9967	3877	3.87081
935	11	3601	12	4.06377
935	12	11	11	1.02699
935	13	407	1444	2.40388
935	14	281	257	2.65424
935	15	3056	21334	4.97933
935	16	12036	2700	4.85919
935	17	13	13	0.017787
935	18	50256	50256	0.00362301
936	5	416	416	0.859832
936	6	14583	1296	3.968
936	7	257	257	0.164252
936	8	6314	8122	4.63684
936	9	379	338	2.01948
936	10	511	511	1.9501
936	11	27390	1633	5.75775
936	12	16649	23235	3.73101
936	13	13	13	0.00595951
936	14	50256	50256	0.00199795
937	5	11	11	0.0688
937	6	1444	981	2.45068
937	7	262	262	0.385273
937	8	1162	1402	5.30484
937	9	4450	286	5.72293
937	10	11	11	0.124994
937	11	318	318	1.46463
937	12	37546	1402	5.08516
937	13	621	393	1.8703
937	14	663	663	2.02299
937	15	7424	1402	4.94337
937	16	4417	4417	2.33369
937	17	13	13	0.0627804
937	18	50256	50256	0.0029707
938	5	281	663	1.99128
938	6	2134	2134	2.42545
938	7	338	338	0.128982
938	8	15432	4417	5.3808
938	9	2458	460	3.40728
938	10	351	351	0.778806
938	11	640	1194	4.06188
938	12	13	13	0.00227928
938	13	50256	50256	0.00239944
939	5	37008	6903	4.35989
939	6	379	338	1.62139
939	7	5043	262	4.8499
939	8	286	286	0.0578756
939	9	2910	976	3.81301
939	10	8837	13	5.19327
939	11	5095	13	4.36609
939	12	13	13	0.00362873
939	13	50256	50256	0.00538158
940	5	286	286	0.313576
940	6	987	987	2.92923
940	7	48331	351	4.10772
940	8	4847	663	4.20246
940	9	351	351	0.642511
940	10	257	663	1.25615
940	11	3867	14796	4.86113
940	12	28982	13	6.1459
940	13	13	13	0.00257206
940	14	50256	50256	0.00213528
941	5	257	257	0.385509
941	6	22746	1767	4.96576
941	7	656	656	0.31513
941	8	42713	734	5.13991
941	9	13	13	0.00652981
941	10	50256	50256	0.00297165
942	5	257	257	0.817254
942	6	1729	3992	4.35808
942	7	22570	22570	3.492
942	8	1271	1271	2.51325
942	9	3607	2568	4.166
942	10	6632	393	4.54058
942	11	13	13	0.0117636
942	12	50256	50256	0.00322056
943	5	1588	1296	4.78693
943	6	24969	24969	3.9469
943	7	602	318	5.51687
943	8	618	618	1.537
943	9	257	257	0.28939
943	10	1080	1080	2.87223
943	11	318	318	0.522424
943	12	7986	257	6.1143
943	13	1474	319	3.50518
943	14	257	257	0.0734138
943	15	3288	7022	4.95962
943	16	8373	415	5.2634
943	17	13	13	0.00726318
943	18	50256	50256	0.00371075
944	5	2278	5186	5.26024
944	6	618	618	1.72364
944	7	257	257	0.136089
944	8	636	8122	7.74845
944	9	318	318	0.78506
944	10	10574	8122	5.94609
944	11	13	13	0.0101471
944	12	50256	50256	0.00375843
945	5	11	11	0.126333
945	6	47394	981	5.81242
945	7	507	618	5.60056
945	8	389	422	2.65446
945	9	610	285	5.1886
945	10	620	77	4.24312
945	11	77	706	3.76363
945	12	2340	2340	2.93915
945	13	2138	2138	2.00358
945	14	621	621	1.62666
945	15	19435	5951	3.36769
945	16	13	13	0.0113144
945	17	50256	50256	0.00186729
946	5	5101	5667	5.18714
946	6	290	290	0.244267
946	7	734	734	2.61897
946	8	2392	1657	3.99129
946	9	13017	734	4.64513
946	10	41192	13	3.97828
946	11	13	13	0.00423336
946	12	50256	50256	0.00481701
947	5	5389	5389	3.1963
947	6	290	290	0.464093
947	7	1440	3624	3.73119
947	8	826	21334	5.95689
947	9	18333	13	4.37037
947	10	13	13	0.0105314
947	11	50256	50256	0.00331116
948	5	4778	656	2.934
948	6	7685	511	5.20282
948	7	3994	284	4.92989
948	8	6337	663	5.69167
948	9	42742	13737	4.02071
948	10	13	13	0.00298977
948	11	50256	50256	0.00237942
949	5	286	286	0.0548086
949	6	1402	1588	6.35314
949	7	19468	12	4.93828
949	8	5028	12	5.23387
949	9	16083	12	5.12854
949	10	925	12	2.9296
949	11	422	416	1.31092
949	12	5026	663	5.05656
949	13	47196	72	4.67112
949	14	13	13	0.00831223
949	15	50256	50256	0.00142765
950	5	11	11	0.112782
950	6	530	530	2.27622
950	7	256	338	6.56262
950	8	478	12	5.88661
950	9	9229	287	4.54242
950	10	7480	77	6.03038
950	11	1715	16912	5.58246
950	12	2412	393	5.44214
950	13	11061	284	4.59948
950	14	1194	1194	2.55047
950	15	13	13	0.0075798
950	16	50256	50256	0.00185776
951	5	13017	5419	4.85316
951	6	6958	326	5.60404
951	7	1626	5419	3.88019
951	8	281	663	1.52775
951	9	13187	1767	5.35385
951	10	13	13	0.0062933
951	11	50256	50256	0.00357819
952	5	262	262	0.0682602
952	6	1767	1767	1.73447
952	7	338	338	0.178473
952	8	10900	1767	5.67264
952	9	18370	12	4.44026
952	10	13	13	0.00296593
952	11	50256	50256	0.00135612
953	5	10816	1688	4.1752
953	6	34537	12	4.60226
953	7	1900	78	4.2816
953	8	329	329	1.81584
953	9	1588	1588	2.90219
953	10	4636	318	5.55035
953	11	874	318	4.94198
953	12	13	13	0.0270414
953	13	50256	50256	0.00718403
954	5	3994	422	3.85615
954	6	5348	511	5.79397
954	7	286	286	0.0594139
954	8	9838	262	5.26403
954	9	5773	284	5.99156
954	10	290	290	0.0614891
954	11	300	584	4.77167
954	12	12009	584	5.98816
954	13	7408	584	4.60718
954	14	11492	584	4.60774
954	15	13	13	0.00463772
954	16	50256	50256	0.00155449
955	5	48573	1296	4.20854
955	6	4618	5667	4.94412
955	7	338	338	0.313293
955	8	19643	1588	6.17326
955	9	2261	2458	7.59842
955	10	460	318	2.86173
955	11	1205	1296	3.92051
955	12	656	656	0.905395
955	13	257	257	0.0708351
955	14	9403	2818	7.74055
955	15	13	13	0.00435543
955	16	50256	50256	0.00156498
956	5	1663	1296	3.40944
956	6	287	287	0.322443
956	7	17475	262	5.66296
956	8	12493	11	7.32265
956	9	12824	11	7.63146
956	10	416	416	1.54203
956	11	8268	1944	4.65648
956	12	1660	1660	2.90253
956	13	13	13	0.00457764
956	14	50256	50256	0.00181103
957	5	12	1748	4.24274
957	6	46155	3139	4.68703
957	7	1296	460	3.92197
957	8	286	286	0.105379
957	9	7729	257	6.14075
957	10	3194	318	5.69392
957	11	287	287	0.57035
957	12	257	257	0.74477
957	13	8300	7022	5.59571
957	14	3303	4618	5.15301
957	15	13	13	0.00432205
957	16	50256	50256	0.00249958
958	5	905	385	5.67144
958	6	281	257	2.01439
958	7	21388	1692	5.54833
958	8	18032	385	4.43841
958	9	12	12	1.73782
958	10	489	820	4.81118
958	11	1523	45738	6.06567
958	12	2776	45738	5.13756
958	13	287	287	0.26829
958	14	3594	7840	4.14491
958	15	13	13	0.0158768
958	16	50256	50256	0.00185204
959	5	11	11	0.131228
959	6	290	290	0.348499
959	7	1395	262	4.5832
959	8	12	12	1.75613
959	9	20477	262	4.88821
959	10	5594	1296	3.3013
959	11	284	284	0.359625
959	12	262	262	0.0820503
959	13	976	3139	3.77827
959	14	31094	6591	4.74299
959	15	10958	1123	4.65458
959	16	13	13	0.00895786
959	17	50256	50256	0.00432301
960	5	14795	326	3.49977
960	6	3754	272	4.02188
960	7	11694	3754	4.20149
960	8	36103	3754	5.03181
960	9	4178	385	5.13658
960	10	287	287	0.246995
960	11	9225	6156	5.19587
960	12	18671	4618	4.02398
960	13	13	13	0.0051918
960	14	50256	50256	0.00257397
961	5	257	257	0.394386
961	6	1486	12278	5.48954
961	7	416	416	0.822803
961	8	5086	2060	5.94414
961	9	2587	11904	3.77958
961	10	284	284	0.382037
961	11	1208	584	6.34199
961	12	832	832	1.09427
961	13	6163	1180	5.26906
961	14	28431	13	5.827
961	15	13	13	0.0079546
961	16	50256	50256	0.00162125
962	5	257	257	0.989143
962	6	9314	1767	4.74349
962	7	11	11	0.443049
962	8	6149	262	5.53749
962	9	4269	318	5.29683
962	10	286	286	0.0681725
962	11	9881	1123	4.31599
962	12	13	13	0.00353813
962	13	50256	50256	0.00368023
963	5	22532	2568	4.59773
963	6	7475	318	3.09157
963	7	287	287	0.226003
963	8	281	281	1.33098
963	9	3594	3594	2.98234
963	10	36246	3303	5.34046
963	11	13	13	0.00498009
963	12	50256	50256	0.00314808
964	5	734	734	2.90046
964	6	8950	2568	4.0333
964	7	13	13	0.0093174
964	8	50256	50256	0.00431538
965	5	867	511	3.51257
965	6	5667	5667	1.85583
965	7	511	511	1.06991
965	8	16704	649	3.85982
965	9	4077	511	4.33632
965	10	3124	45426	4.33146
965	11	13	13	0.00692654
965	12	50256	50256	0.00278664
966	5	284	284	0.212399
966	6	11945	281	4.58932
966	7	287	287	0.95911
966	8	262	262	0.927838
966	9	1692	1692	2.8674
966	10	1767	1767	1.9677
966	11	13	13	0.00428867
966	12	50256	50256	0.00113583
967	5	5419	351	2.07111
967	6	3608	5419	5.35961
967	7	262	262	0.601379
967	8	1692	1767	4.24019
967	9	1767	1767	1.87152
967	10	13	13	0.00473404
967	11	50256	50256	0.00170708
968	5	663	663	0.540585
968	6	20884	1767	4.93474
968	7	966	1978	3.6323
968	8	13	13	0.108363
968	9	50256	50256	0.00354481
969	5	9368	262	5.32177
969	6	5374	3170	4.57309
969	7	83	83	2.6972
969	8	270	373	4.33361
969	9	9620	12	3.38735
969	10	6204	4778	4.44776
969	11	319	319	1.0464
969	12	281	281	1.38011
969	13	7022	7022	2.4243
969	14	287	11	2.82918
969	15	6233	3594	4.74662
969	16	3567	1978	5.78961
969	17	66	66	3.33354
969	18	25634	72	4.93999
969	19	13	13	0.00505066
969	20	50256	50256	0.00139618
970	5	511	511	0.907711
970	6	30514	45656	5.54513
970	7	284	284	0.12014
970	8	6654	511	5.24899
970	9	23311	284	4.4808
970	10	13	13	0.0049305
970	11	50256	50256	0.0037117
971	5	13055	2630	2.74479
971	6	262	262	0.0462971
971	7	18560	19517	5.00829
971	8	1900	1900	2.99508
971	9	355	355	1.77013
971	10	262	262	0.0683689
971	11	2892	843	5.71687
971	12	64	6896	4.04799
971	13	15378	13	5.57952
971	14	13	13	0.00592518
971	15	50256	50256	0.0025568
972	5	262	262	1.70117
972	6	7475	318	3.66992
972	7	286	286	0.0314369
972	8	257	257	0.537509
972	9	1573	1573	2.48134
972	10	393	393	0.77799
972	11	9546	5186	5.41731
972	12	284	284	0.167501
972	13	1296	1296	1.84048
972	14	1194	1194	3.0644
972	15	13888	13888	3.64375
972	16	13	13	0.00707817
972	17	50256	50256	0.00206757
973	5	4886	1748	4.80634
973	6	23221	257	5.55886
973	7	2458	460	4.1013
973	8	284	284	0.209256
973	9	257	257	0.0816269
973	10	2512	1602	5.40343
973	11	286	286	0.121431
973	12	1366	663	4.51046
973	13	13	13	0.0127316
973	14	50256	50256	0.00133133
974	5	16577	262	5.20444
974	6	336	318	4.39926
974	7	328	1296	4.72861
974	8	5356	318	5.35187
974	9	34262	318	4.80385
974	10	422	416	2.64514
974	11	257	257	1.76945
974	12	4693	4693	4.06565
974	13	286	286	0.234898
974	14	6763	281	5.14082
974	15	9042	13166	4.0494
974	16	13	13	0.00423717
974	17	50256	50256	0.00166321
975	5	2344	257	5.18809
975	6	18190	1657	4.30165
975	7	22425	257	5.10865
975	8	6450	5667	5.22635
975	9	13	13	0.00297642
975	10	50256	50256	0.00259113
976	5	20838	1588	3.59144
976	6	11	11	0.0440073
976	7	16397	351	5.59126
976	8	11	11	0.0324354
976	9	290	290	0.146556
976	10	449	3825	4.38423
976	11	391	393	4.96708
976	12	28814	14355	5.05405
976	13	13	13	0.00295353
976	14	50256	50256	0.00264168
977	5	290	290	0.207425
977	6	39381	3624	5.17301
977	7	11061	1978	5.39111
977	8	3668	281	4.45231
977	9	338	338	0.251574
977	10	4417	4417	2.59564
977	11	13	13	0.0436506
977	12	50256	50256	0.00372791
978	5	2128	1296	5.86928
978	6	618	351	2.6324
978	7	1633	340	4.98906
978	8	318	11	1.28476
978	9	7924	1296	6.08855
978	10	1973	284	4.38997
978	11	262	262	0.228045
978	12	5743	976	5.61561
978	13	286	286	0.184368
978	14	663	663	0.663542
978	15	5422	21334	4.36805
978	16	7604	22829	5.43441
978	17	13	13	0.0292959
978	18	50256	50256	0.0018158
979	5	21558	1296	5.70517
979	6	416	416	0.748287
979	7	9645	257	6.04252
979	8	340	663	2.38383
979	9	287	287	0.699142
979	10	257	257	0.167934
979	11	8769	4417	4.5472
979	12	77	338	3.87187
979	13	13	13	0.0280676
979	14	50256	50256	0.00156212
980	5	1146	326	4.60747
980	6	5047	460	5.50307
980	7	13166	2057	3.10276
980	8	23537	981	5.77339
980	9	422	422	0.324681
980	10	262	262	0.380856
980	11	3825	3825	1.20834
980	12	13	13	0.0282488
980	13	50256	50256	0.00214481
981	5	286	286	0.1205
981	6	17322	262	4.61202
981	7	11	11	0.0997553
981	8	7363	262	5.51108
981	9	319	319	1.37186
981	10	262	262	0.081686
981	11	6035	1767	3.81405
981	12	3266	1080	3.15377
981	13	5866	286	2.29339
981	14	13	13	0.00694084
981	15	50256	50256	0.00397491
982	5	373	373	2.5903
982	6	925	925	2.1146
982	7	329	329	1.71649
982	8	262	262	0.0842781
982	9	22234	6156	4.81162
982	10	3716	338	3.41051
982	11	286	286	0.0931282
982	12	31482	8706	4.51267
982	13	16380	6896	5.38498
982	14	31663	13	4.76997
982	15	13	13	0.00781727
982	16	50256	50256	0.00315189
983	5	393	393	1.65872
983	6	9421	734	4.75892
983	7	1063	1063	3.49038
983	8	13	13	0.0117846
983	9	50256	50256	0.01192
984	5	2134	2134	2.80419
984	6	338	338	0.19031
984	7	6268	11904	3.92807
984	8	3585	326	6.77105
984	9	284	284	0.0630779
984	10	262	262	0.323982
984	11	7346	3825	4.48894
984	12	1633	4417	3.72757
984	13	13	13	0.022192
984	14	50256	50256	0.00169373
985	5	1123	1123	2.80958
985	6	5752	318	4.47921
985	7	11	11	0.0889196
985	8	5721	1123	5.39474
985	9	11	11	0.0520868
985	10	290	290	0.81483
985	11	1115	3668	5.41291
985	12	12	12	0.697828
985	13	1525	3825	4.99677
985	14	12	12	0.778732
985	15	15542	820	4.61524
985	16	3091	8882	5.16962
985	17	4909	12	3.4688
985	18	262	262	0.348749
985	19	19561	3825	5.03038
985	20	530	1123	2.8156
985	21	832	338	2.82676
985	22	5193	3624	4.64483
985	23	1752	14355	5.22174
985	24	1123	1123	3.86136
985	25	13	13	0.00598335
985	26	50256	50256	0.00599289
986	5	4909	11	5.43048
986	6	1115	3139	4.77481
986	7	12785	286	5.83518
986	8	14729	286	6.14568
986	9	286	286	0.0305281
986	10	5100	734	5.1856
986	11	7475	1748	3.63546
986	12	13	13	0.00761795
986	13	50256	50256	0.00560665
987	5	734	734	2.28255
987	6	3967	3877	3.82451
987	7	2659	7319	4.56652
987	8	271	13	7.54349
987	9	669	734	5.39634
987	10	13	13	0.00576687
987	11	50256	50256	0.00958157
988	5	286	286	0.713226
988	6	257	257	0.22819
988	7	19690	19690	3.50203
988	8	1683	1080	5.27308
988	9	14809	13	4.80558
988	10	5509	6317	4.54587
988	11	13	13	0.00448799
988	12	50256	50256	0.00422764
989	5	7135	1692	5.39332
989	6	314	1080	4.3138
989	7	48476	1748	5.50462
989	8	14664	1748	5.52065
989	9	286	286	0.136696
989	10	23519	7840	5.3291
989	11	13	13	0.0173416
989	12	50256	50256	0.00433826
990	5	19942	2568	4.4048
990	6	326	326	1.14459
990	7	3994	460	4.35575
990	8	663	663	0.534238
990	9	11904	2568	3.58498
990	10	13	13	0.0142727
990	11	50256	50256	0.00143147
991	5	3146	257	6.45563
991	6	11	11	0.596112
991	7	262	262	0.637907
991	8	34768	1402	5.31221
991	9	1612	286	7.31452
991	10	318	318	0.566628
991	11	511	530	2.43049
991	12	2160	1402	4.70163
991	13	9086	393	5.68108
991	14	416	338	3.41237
991	15	511	663	2.41877
991	16	954	584	5.37257
991	17	13	13	0.0124683
991	18	50256	50256	0.00247478
992	5	291	12	3.52281
992	6	2456	373	6.7103
992	7	44638	12	4.09652
992	8	393	393	1.14006
992	9	1950	1296	5.15157
992	10	5238	12	5.17671
992	11	11	11	0.14493
992	12	355	355	1.25574
992	13	14713	1296	5.48327
992	14	857	12	5.12748
992	15	13	13	0.0939074
992	16	50256	50256	0.00302696
993	5	5485	460	4.92769
993	6	284	284	0.200918
993	7	1037	1296	4.3316
993	8	2962	2962	3.77132
993	9	319	319	0.963036
993	10	5563	2057	4.93457
993	11	379	338	2.57754
993	12	1180	1180	2.62191
993	13	18868	656	4.41328
993	14	13	13	0.00381851
993	15	50256	50256	0.0022049
994	5	47306	5186	6.11788
994	6	2427	1748	4.40193
994	7	286	286	0.0804157
994	8	9194	5186	5.38857
994	9	12734	663	3.68799
994	10	393	393	0.898189
994	11	11904	1402	4.02949
994	12	13	13	0.00357819
994	13	50256	50256	0.0031395
995	5	20462	925	4.85504
995	6	416	11	1.73932
995	7	18381	1588	4.40232
995	8	449	12	3.95878
995	9	19210	12	5.75177
995	10	287	287	0.31442
995	11	4088	262	5.47593
995	12	286	286	0.0707941
995	13	38367	820	5.34855
995	14	83	12	3.5248
995	15	1031	72	5.23007
995	16	8882	338	4.25906
995	17	282	4618	5.22958
995	18	13	13	0.00560665
995	19	50256	50256	0.0018034
996	5	9151	976	4.87147
996	6	4417	3825	2.36335
996	7	290	290	0.124285
996	8	18616	1296	4.79975
996	9	867	530	3.27386
996	10	5385	1657	6.31673
996	11	5417	318	4.58924
996	12	9813	23235	5.81277
996	13	13	13	0.00861835
996	14	50256	50256	0.00451946
997	5	262	262	0.145144
997	6	976	3825	2.70816
997	7	19528	3194	5.61115
997	8	290	290	0.178393
997	9	2651	517	4.93737
997	10	739	1123	2.47547
997	11	663	663	1.41065
997	12	7147	1767	5.76805
997	13	3555	1978	4.80277
997	14	9831	16912	4.28954
997	15	13	13	0.00561142
997	16	50256	50256	0.0011816
998	5	460	326	1.95738
998	6	2380	1296	4.50608
998	7	17759	460	5.00434
998	8	7310	663	4.79324
998	9	1643	663	5.51014
998	10	7572	393	4.95525
998	11	13	13	0.0090704
998	12	50256	50256	0.00277519
999	5	4961	257	4.72251
999	6	284	284	0.209617
999	7	8208	734	4.41444
999	8	12	12	2.49548
999	9	13261	1767	3.51906
999	10	1411	284	4.591
999	11	13	13	0.00398254
999	12	50256	50256	0.00346565
1000	5	1326	12	4.32958
1000	6	263	12	3.97357
1000	7	338	11	4.1666
1000	8	7430	1296	4.66274
1000	9	351	351	1.35697
1000	10	257	257	0.345454
1000	11	18482	1296	4.71397
1000	12	2905	13166	4.00999
1000	13	1806	284	4.75856
1000	14	28539	422	6.71035
1000	15	257	257	0.231319
1000	16	3785	2818	4.75534
1000	17	5762	284	4.88203
1000	18	257	257	0.0560017
1000	19	7858	2818	6.23144
1000	20	3820	706	6.17263
1000	21	13	13	0.0332994
1000	22	50256	50256	0.00266457
1001	5	262	262	0.153105
1001	6	2679	3139	5.75052
1001	7	291	338	2.97034
1001	8	8478	12	5.37461
1001	9	286	286	0.174319
1001	10	262	262	0.238708
1001	11	40136	1080	5.96327
1001	12	12	12	1.14272
1001	13	22030	4618	6.68984
1001	14	3303	4618	4.15175
1001	15	1641	284	5.40858
1001	16	13	13	0.00378704
1001	17	50256	50256	0.00262451
1002	5	271	338	5.51323
1002	6	1630	329	5.02739
1002	7	262	262	0.0921459
1002	8	2546	19517	5.14222
1002	9	286	286	0.452738
1002	10	262	262	0.0395699
1002	11	34047	1767	4.15079
1002	12	13	13	0.00479984
1002	13	50256	50256	0.00480556
1003	5	40959	262	4.04474
1003	6	11	11	0.349768
1003	7	38985	262	4.10675
1003	8	1111	262	5.00662
1003	9	6341	3139	5.3598
1003	10	286	286	0.0415945
1003	11	262	262	0.356466
1003	12	6035	12108	4.30438
1003	13	3266	1080	3.52538
1003	14	13	13	0.0118427
1003	15	50256	50256	0.00476837
1004	5	290	290	0.140678
1004	6	3771	285	5.29611
1004	7	10456	83	5.21196
1004	8	501	83	5.51912
1004	9	3033	385	5.2104
1004	10	10674	606	6.13588
1004	11	14025	8882	5.61325
1004	12	316	83	5.4975
1004	13	290	290	0.0821199
1004	14	16703	1440	4.48672
1004	15	10594	72	4.9731
1004	16	1789	72	5.16744
1004	17	7491	72	4.78336
1004	18	948	13	4.7258
1004	19	13	13	0.0808372
1004	20	50256	50256	0.00194359
1005	5	2714	925	5.06063
1005	6	379	338	2.03493
1005	7	45760	262	5.24232
1005	8	287	287	0.148053
1005	9	10315	16519	5.17324
1005	10	13	13	0.0344133
1005	11	50256	50256	0.00309753
1006	5	25299	262	5.24395
1006	6	373	3170	2.96413
1006	7	6198	3170	5.82316
1006	8	3170	3170	2.53416
1006	9	355	355	1.70807
1006	10	257	257	0.58109
1006	11	4302	1688	4.75096
1006	12	4928	8882	5.15757
1006	13	13	13	0.0351887
1006	14	50256	50256	0.00135994
1007	5	1204	7424	4.63518
1007	6	6772	290	4.14937
1007	7	1626	351	3.77583
1007	8	530	511	2.57815
1007	9	3957	584	3.94362
1007	10	1622	45426	6.26844
1007	11	13	13	0.00805092
1007	12	50256	50256	0.00382996
1008	5	1440	3668	5.20994
1008	6	12	12	0.868353
1008	7	32041	1688	4.62968
1008	8	9998	12	4.75354
1008	9	286	286	0.918031
1008	10	3668	3668	2.57116
1008	11	338	338	0.181561
1008	12	5894	7226	4.1223
1008	13	8137	2134	3.40306
1008	14	416	416	1.39916
1008	15	6115	3624	6.04709
1008	16	13	13	0.0163736
1008	17	50256	50256	0.00247192
1009	5	23129	13204	4.5848
1009	6	286	286	0.0677185
1009	7	262	262	0.33686
1009	8	7993	13204	5.24741
1009	9	8065	6896	4.37078
1009	10	13	13	0.00506401
1009	11	50256	50256	0.00242424
1010	5	12278	12278	1.34397
1010	6	6737	460	4.49464
1010	7	656	656	1.09676
1010	8	38071	663	5.65765
1010	9	326	416	2.37985
1010	10	4439	326	4.40345
1010	11	2128	12278	5.85993
1010	12	13	13	0.00938511
1010	13	50256	50256	0.00535965
1011	5	8122	8122	2.87475
1011	6	3102	416	4.91087
1011	7	46916	276	3.15251
1011	8	11	11	0.501689
1011	9	4771	393	4.19388
1011	10	24770	393	5.24596
1011	11	11	11	0.813859
1011	12	393	393	0.763996
1011	13	1111	1660	6.57318
1011	14	9951	2568	3.9773
1011	15	287	287	0.193657
1011	16	1633	584	3.32525
1011	17	13	13	0.0133018
1011	18	50256	50256	0.00281334
1012	5	8811	1296	3.28108
1012	6	1663	1296	4.32728
1012	7	355	355	1.35904
1012	8	2060	1180	4.65582
1012	9	4778	4778	1.41219
1012	10	13	13	0.00344563
1012	11	50256	50256	0.00255871
1013	5	262	262	0.265633
1013	6	19561	1767	4.72798
1013	7	6632	621	4.11524
1013	8	290	290	0.129511
1013	9	530	530	2.16085
1013	10	13	13	0.00513077
1013	11	50256	50256	0.00180244
1014	5	12389	1271	5.04427
1014	6	286	286	0.162004
1014	7	257	257	1.00425
1014	8	1692	1692	3.19501
1014	9	16162	5186	4.35651
1014	10	13	13	0.00826263
1014	11	50256	50256	0.00666714
1015	5	422	422	1.17162
1015	6	257	257	0.227726
1015	7	2166	1692	4.9673
1015	8	6333	338	7.91286
1015	9	1806	284	5.50019
1015	10	284	284	0.0811367
1015	11	257	257	0.125252
1015	12	8286	21334	5.75041
1015	13	599	7319	5.62494
1015	14	30431	13	6.52734
1015	15	13	13	0.00299072
1015	16	50256	50256	0.0012207
1016	5	257	257	0.429132
1016	6	11831	8122	4.21207
1016	7	5186	257	3.22891
1016	8	1459	3877	4.73971
1016	9	284	284	0.071969
1016	10	49306	734	4.56057
1016	11	13	13	0.00549889
1016	12	50256	50256	0.00237274
1017	5	16649	2266	5.06409
1017	6	621	621	1.02053
1017	7	2266	2266	2.52001
1017	8	5788	2266	5.07275
1017	9	13	13	0.0187302
1017	10	50256	50256	0.00689793
1018	5	257	257	0.576482
1018	6	4469	1692	4.52525
1018	7	2138	393	3.05117
1018	8	621	621	1.03963
1018	9	5055	734	4.94466
1018	10	5000	393	6.03069
1018	11	1479	393	5.49735
1018	12	13	13	0.00202656
1018	13	50256	50256	0.00285435
1019	5	5594	3170	3.47303
1019	6	284	284	0.651299
1019	7	25794	262	5.19401
1019	8	290	290	0.146254
1019	9	6486	262	4.6282
1019	10	287	287	0.700093
1019	11	262	262	0.0316305
1019	12	8211	6156	4.66352
1019	13	10692	6896	4.22249
1019	14	13	13	0.00921249
1019	15	50256	50256	0.00213718
1020	5	2134	2134	2.2834
1020	6	1656	11	4.44347
1020	7	284	284	0.162275
1020	8	9117	262	5.07169
1020	9	3812	3812	2.8032
1020	10	393	393	1.98593
1020	11	1497	11	2.94401
1020	12	422	416	2.0904
1020	13	262	262	0.539358
1020	14	19091	3825	5.06543
1020	15	13	13	0.00561428
1020	16	50256	50256	0.00148582
1021	5	416	416	0.691361
1021	6	14583	1440	4.09289
1021	7	257	257	0.0836058
1021	8	1218	1602	4.39483
1021	9	1182	13	5.19729
1021	10	706	393	2.12984
1021	11	36075	13	5.47547
1021	12	13	13	0.00214195
1021	13	50256	50256	0.00348759
1022	5	9951	2057	4.35764
1022	6	2057	2057	1.37157
1022	7	422	422	0.671937
1022	8	262	262	0.200781
1022	9	1660	511	3.17829
1022	10	1088	284	3.3204
1022	11	606	606	4.01767
1022	12	13	13	0.0188932
1022	13	50256	50256	0.00263691
1023	5	41408	2057	5.05633
1023	6	1088	2057	2.99741
1023	7	6716	511	4.74144
1023	8	6971	13737	5.45353
1023	9	13	13	0.00980473
1023	10	50256	50256	0.00504971
1024	5	4556	460	4.68466
1024	6	1223	663	6.53486
1024	7	48237	663	6.61336
1024	8	663	663	0.836225
1024	9	9706	21334	4.64675
1024	10	13	13	0.00278091
1024	11	50256	50256	0.0030365
