line_1based	target_token_index_0based	target_id	predicted_id	loss
1	5	31219	11945	4.96829
1	6	680	680	2.55703
1	7	511	511	0.400786
1	8	1862	30772	4.70327
1	9	13	13	0.00897217
1	10	50256	50256	0.000230789
2	5	286	286	0.0152092
2	6	10211	10211	4.43364
2	7	318	318	0.174912
2	8	3221	407	5.26862
2	9	10693	460	5.65603
2	10	618	618	0.535989
2	11	9759	674	6.75373
2	12	284	284	0.0736074
2	13	262	262	0.0245047
2	14	5044	4417	3.90935
2	15	13	13	0.00326538
2	16	50256	50256	0.000354767
3	5	1205	1205	2.31547
3	6	2641	2641	1.35064
3	7	663	663	0.188202
3	8	20596	21334	5.74902
3	9	11	11	0.0376101
3	10	11222	21379	4.59685
3	11	88	88	2.30505
3	12	4645	88	5.09321
3	13	13	13	0.00153637
3	14	50256	50256	0.000413895
4	5	5922	5922	3.36686
4	6	39966	39966	3.10251
4	7	287	287	0.0176229
4	8	257	257	0.0175505
4	9	36594	5931	4.57415
4	10	290	290	0.0218525
4	11	1577	584	5.52325
4	12	4082	4082	2.34177
4	13	13	13	3.8147e-05
4	14	50256	50256	0.000322342
5	5	945	3917	3.86224
5	6	4439	4439	1.42304
5	7	23938	23938	1.9846
5	8	26742	511	4.57313
5	9	981	981	1.33554
5	10	30580	29049	6.38288
5	11	511	511	0.335606
5	12	8954	8954	3.83312
5	13	13022	13022	2.79615
5	14	13	13	0.000606537
5	15	50256	50256	0.000152588
6	5	5739	5739	3.69404
6	6	11	11	0.0653219
6	7	281	281	0.686914
6	8	2134	2134	2.01527
6	9	351	351	0.426217
6	10	645	645	1.89575
6	11	2010	2010	2.14494
6	12	2700	5186	2.95521
6	13	16047	546	5.29235
6	14	6937	1978	3.03094
6	15	15432	13	4.57356
6	16	13	13	6.86646e-05
6	17	50256	50256	0.000417709
7	5	296	9030	4.54186
7	6	1045	338	3.78983
7	7	1249	973	6.13854
7	8	21678	12	4.10864
7	9	284	284	0.0714149
7	10	1445	1296	4.35064
7	11	832	832	0.128108
7	12	12835	1657	5.29439
7	13	16649	734	3.94437
7	14	13	13	0.000200272
7	15	50256	50256	0.000326157
8	5	734	734	1.63004
8	6	9403	5667	2.82466
8	7	5667	5667	0.937658
8	8	13	13	0.00663376
8	9	50256	50256	0.000370026
9	5	4983	422	3.1357
9	6	355	355	0.137315
9	7	281	281	0.38796
9	8	14312	14312	3.75737
9	9	20562	2266	4.81632
9	10	3716	287	2.56143
9	11	13	13	0.0193777
9	12	50256	50256	0.000413895
10	5	13522	636	4.98982
10	6	5732	355	2.95109
10	7	663	663	0.155016
10	8	29973	21334	4.17319
10	9	2785	2785	3.16463
10	10	2568	2568	0.892338
10	11	13	13	0.00100899
10	12	50256	50256	0.000528336
11	5	284	284	0.105304
11	6	787	284	2.97604
11	7	34476	787	5.44051
11	8	1141	1141	1.14571
11	9	5205	5205	2.77945
11	10	44411	378	3.6173
11	11	13	13	0.00926399
11	12	50256	50256	0.00244904
12	5	257	257	0.0627098
12	6	43836	2818	5.5036
12	7	416	416	0.134902
12	8	12304	281	3.86707
12	9	1780	1780	2.08931
12	10	299	1780	3.30009
12	11	12345	8251	3.96444
12	12	1088	1088	1.12752
12	13	281	281	0.335308
12	14	14709	2134	4.8914
12	15	415	77	3.18161
12	16	13	13	0.00902557
12	17	50256	50256	0.000768661
13	5	257	257	0.0348272
13	6	12505	8122	6.38019
13	7	3716	3716	1.88846
13	8	287	287	0.0745516
13	9	1944	543	2.90009
13	10	12	12	0.0534315
13	11	820	820	1.84034
13	12	31057	25266	2.61959
13	13	13	13	0.000185013
13	14	50256	50256	0.00012207
14	5	2173	2173	1.95499
14	6	284	284	0.108197
14	7	3435	1364	6.19143
14	8	973	973	1.56977
14	9	287	287	0.0863152
14	10	867	867	2.04894
14	11	3597	1402	4.66682
14	12	3341	1080	4.52023
14	13	13	13	4.57764e-05
14	14	50256	50256	0.00060463
15	5	3665	21334	5.02505
15	6	7405	7405	2.54482
15	7	284	284	0.0469427
15	8	1057	284	5.47184
15	9	2138	2138	0.155905
15	10	621	621	0.153418
15	11	6129	606	5.55081
15	12	13	13	0.000318527
15	13	50256	50256	0.000764847
16	5	471	281	5.89494
16	6	5031	272	3.51207
16	7	272	272	2.09941
16	8	7012	3170	4.49203
16	9	9459	11	3.99815
16	10	11	11	0.0456371
16	11	281	281	0.131622
16	12	37874	2134	5.97042
16	13	1748	1748	1.4522
16	14	13	13	0.00139999
16	15	50256	50256	0.000217438
17	5	326	326	0.357723
17	6	2107	355	3.65478
17	7	287	287	0.0363331
17	8	8389	1944	5.92471
17	9	20848	6896	3.23133
17	10	13	13	0.00426769
17	11	50256	50256	0.000320435
18	5	11863	11863	2.12114
18	6	351	351	0.521586
18	7	262	262	0.00723362
18	8	1037	976	5.8746
18	9	286	286	0.165608
18	10	16869	257	4.60615
18	11	49835	49835	2.35505
18	12	13	13	0.00430489
18	13	50256	50256	0.000270844
19	5	257	257	0.0784311
19	6	20562	1588	5.9009
19	7	290	290	0.208781
19	8	28757	449	5.66446
19	9	3716	3716	1.95998
19	10	287	287	0.0564709
19	11	17113	674	3.61469
19	12	4763	338	3.93937
19	13	11	11	0.0506821
19	14	8602	340	3.51346
19	15	13	13	4.76837e-05
19	16	50256	50256	0.000514984
20	5	286	286	0.00834846
20	6	15238	5828	4.51132
20	7	11	11	0.0335989
20	8	257	257	0.0441256
20	9	42238	42238	4.19587
20	10	1499	1499	2.66942
20	11	13	13	6.48499e-05
20	12	50256	50256	0.000255585
21	5	3665	2060	5.19059
21	6	25041	25041	1.31791
21	7	11278	9030	4.16023
21	8	326	326	0.231592
21	9	460	460	0.461943
21	10	11589	307	4.49538
21	11	8976	8976	2.70503
21	12	257	257	0.117783
21	13	16161	5931	5.65972
21	14	338	338	0.0340853
21	15	22204	22204	2.134
21	16	13	13	0.000116348
21	17	50256	50256	0.000368118
22	5	17669	5207	6.91127
22	6	23235	23235	1.87297
22	7	40270	284	3.69533
22	8	284	284	0.152127
22	9	530	530	1.40156
22	10	11863	6588	2.77655
22	11	22037	23235	3.91698
22	12	13	13	0.0100756
22	13	50256	50256	0.0010643
23	5	1262	1262	0.603319
23	6	4839	281	6.37298
23	7	12	12	0.125371
23	8	29289	820	3.00799
23	9	15835	7405	4.47741
23	10	13	13	0.00897598
23	11	50256	50256	0.000328064
24	5	286	286	0.0130692
24	6	4771	511	7.2323
24	7	326	326	0.414422
24	8	1445	1296	3.00365
24	9	739	739	1.8141
24	10	511	511	0.653784
24	11	898	1633	4.02178
24	12	3463	1271	3.60747
24	13	13	13	0.000440598
24	14	50256	50256	0.000518799
25	5	976	976	2.36373
25	6	355	355	0.292599
25	7	1194	281	2.87677
25	8	1573	618	5.09786
25	9	475	393	3.3282
25	10	460	460	0.784881
25	11	13238	460	4.40264
25	12	287	287	0.0425501
25	13	3616	281	5.61659
25	14	393	393	0.141201
25	15	24993	24993	2.6964
25	16	13	13	0.000284195
25	17	50256	50256	0.000207901
26	5	8384	319	3.37679
26	6	319	422	1.95363
26	7	5667	5667	1.62363
26	8	11	11	0.120287
26	9	8701	5667	6.73557
26	10	274	274	1.91619
26	11	11	11	0.184491
26	12	290	290	0.294936
26	13	584	4695	2.53672
26	14	4618	1080	3.09244
26	15	2587	2587	2.12767
26	16	13	13	0.00137711
26	17	50256	50256	0.000272751
27	5	284	284	0.0962009
27	6	4735	1296	3.76807
27	7	318	318	0.39725
27	8	1444	1444	0.445318
27	9	32553	32553	2.65308
27	10	13	13	2.86102e-05
27	11	50256	50256	0.000423431
28	5	287	287	0.0242529
28	6	257	257	0.0499191
28	7	269	269	2.48657
28	8	8325	8325	2.05371
28	9	298	298	2.11896
28	10	5931	5931	1.53863
28	11	6314	5931	5.51652
28	12	13	13	0.000154495
28	13	50256	50256	0.000682831
29	5	25834	25834	4.28254
29	6	17783	17783	3.15789
29	7	7545	7545	2.11694
29	8	3805	3805	2.2857
29	9	1719	3805	4.42016
29	10	645	645	1.18567
29	11	37368	2010	4.52994
29	12	13	13	0.00976276
29	13	50256	50256	0.000204086
30	5	6071	13902	5.50662
30	6	2641	2641	1.0782
30	7	257	257	0.117712
30	8	24911	24911	3.87143
30	9	13	13	0.0134487
30	10	50256	50256	0.000459671
31	5	12491	12491	2.61547
31	6	265	265	2.54518
31	7	318	318	0.255105
31	8	407	407	1.25681
31	9	257	257	0.213084
31	10	1611	257	5.8014
31	11	286	286	0.0318851
31	12	17135	281	4.32413
31	13	13	13	9.34601e-05
31	14	50256	50256	0.000234604
32	5	11	11	0.190254
32	6	262	262	0.0821085
32	7	9848	3825	4.75993
32	8	286	286	0.012394
32	9	14580	867	5.37941
32	10	21767	21767	1.30756
32	11	262	262	0.0099659
32	12	9848	976	4.6496
32	13	286	286	0.0103331
32	14	18349	286	3.17636
32	15	13	13	0.000185013
32	16	50256	50256	0.000303268
33	5	1123	1123	0.873753
33	6	584	584	1.64477
33	7	1973	1973	1.02717
33	8	262	262	0.00432777
33	9	41407	584	4.89991
33	10	286	286	0.0249348
33	11	47403	47403	2.32673
33	12	13	13	0.000101089
33	13	50256	50256	0.000263214
34	5	416	416	0.146507
34	6	2876	38797	3.79418
34	7	3723	3723	3.40447
34	8	290	290	0.0442019
34	9	27172	262	4.15016
34	10	3101	3101	3.04696
34	11	267	83	3.91596
34	12	265	265	2.61445
34	13	21824	88	3.98902
34	14	13	13	0.0133944
34	15	50256	50256	0.000427246
35	5	663	663	0.147388
35	6	9686	35988	4.45048
35	7	290	290	0.0626755
35	8	6727	584	4.02584
35	9	10645	10645	2.34538
35	10	13	13	7.62939e-05
35	11	50256	50256	0.000318527
36	5	11880	11880	1.84233
36	6	5419	5419	1.34694
36	7	340	340	1.59373
36	8	2824	1262	7.58375
36	9	5931	5931	1.23643
36	10	1321	1321	1.93277
36	11	422	422	0.269883
36	12	663	663	0.243012
36	13	21334	21334	1.98629
36	14	13	13	0.000106812
36	15	50256	50256	0.000286102
37	5	287	287	0.25727
37	6	262	262	0.0307598
37	7	8434	976	3.71496
37	8	1027	1027	2.81346
37	9	4909	4909	2.05475
37	10	23326	4180	5.92988
37	11	4778	4778	0.776597
37	12	2950	13	4.60558
37	13	287	287	0.03545
37	14	4854	4854	3.72892
37	15	13	13	0.000219345
37	16	50256	50256	0.000259399
38	5	2630	2630	1.32607
38	6	262	262	0.0231829
38	7	5337	976	4.13532
38	8	44487	1627	4.07931
38	9	9869	385	3.14297
38	10	12898	1900	4.53484
38	11	546	546	1.68405
38	12	257	257	0.0949812
38	13	8557	3992	5.23975
38	14	7002	7002	3.2706
38	15	13	13	0.000236511
38	16	50256	50256	0.000637054
39	5	257	257	0.143461
39	6	38712	2060	6.89766
39	7	460	460	0.579021
39	8	6486	460	5.25786
39	9	379	379	0.588952
39	10	845	1180	6.73063
39	11	1180	1180	0.962241
39	12	18868	1271	5.13328
39	13	422	422	0.0700598
39	14	3668	3668	1.13892
39	15	13	13	0.00769234
39	16	50256	50256	0.0007267
40	5	976	3825	2.69918
40	6	1271	1271	2.69553
40	7	286	286	0.0196609
40	8	28722	28722	3.33681
40	9	355	355	0.265647
40	10	1237	257	4.75336
40	11	684	684	2.19124
40	12	13	13	0.000574112
40	13	50256	50256	0.000516891
41	5	5048	5048	3.00676
41	6	82	82	1.77735
41	7	4731	4731	3.20177
41	8	1938	4778	3.98942
41	9	284	284	0.104593
41	10	458	284	3.45305
41	11	1347	34387	5.22019
41	12	2138	2138	0.138355
41	13	621	621	0.149083
41	14	9563	621	3.79049
41	15	262	262	0.100409
41	16	13042	4417	4.85684
41	17	13	13	0.0102224
41	18	50256	50256	0.000890732
42	5	1712	1271	5.6101
42	6	32107	17084	4.87052
42	7	1296	1296	1.19388
42	8	262	262	0.0214729
42	9	20831	3825	4.77848
42	10	24491	37670	5.03128
42	11	22829	22829	1.00347
42	12	13	13	0.000247955
42	13	50256	50256	0.00021553
43	5	3825	3825	2.35063
43	6	318	318	0.279739
43	7	1444	1444	2.98469
43	8	262	262	0.0253677
43	9	2825	976	5.06015
43	10	22829	22829	1.24232
43	11	13	13	3.8147e-05
43	12	50256	50256	0.000181198
44	5	262	262	0.0154648
44	6	3825	3825	2.4929
44	7	11	11	0.173002
44	8	21094	281	5.26551
44	9	468	468	0.607173
44	10	257	257	0.331465
44	11	37546	1729	5.40947
44	12	2811	1022	3.63223
44	13	4417	4417	1.23622
44	14	13	13	0.000106812
44	15	50256	50256	0.000257492
45	5	257	257	0.03582
45	6	5863	3288	5.83191
45	7	670	670	2.94246
45	8	416	416	0.122035
45	9	12386	16299	4.05416
45	10	46525	46525	3.29968
45	11	13	13	0.00135517
45	12	50256	50256	0.000228882
46	5	262	262	0.0360613
46	6	9653	976	6.06968
46	7	326	326	0.182158
46	8	8080	8080	2.43772
46	9	607	607	1.63055
46	10	18815	18815	2.87407
46	11	13	13	0.00270271
46	12	50256	50256	0.00012207
47	5	422	422	0.0872116
47	6	826	826	3.20701
47	7	284	284	0.0739298
47	8	1364	1364	2.49343
47	9	13	13	0.00158119
47	10	50256	50256	0.00123215
48	5	1872	338	3.35203
48	6	389	389	0.729296
48	7	3917	3917	1.97747
48	8	351	351	0.112927
48	9	12281	12281	4.38454
48	10	64	64	2.8691
48	11	399	11	2.66743
48	12	9019	274	3.48001
48	13	13	13	0.00502586
48	14	50256	50256	0.000303268
49	5	257	257	0.118673
49	6	1296	8122	4.27021
49	7	286	286	0.0877848
49	8	31094	257	2.58771
49	9	11881	11881	2.98718
49	10	13	13	0.000209808
49	11	50256	50256	0.000440598
50	5	17226	9016	4.22034
50	6	1271	1271	1.72356
50	7	286	286	0.0245123
50	8	597	9881	6.00224
50	9	5931	5931	0.953334
50	10	5002	2587	3.81282
50	11	13	13	0.000616074
50	12	50256	50256	0.000198364
51	5	422	422	0.0952692
51	6	262	262	0.0136633
51	7	15921	15921	3.05041
51	8	286	286	0.064991
51	9	19450	286	4.11129
51	10	7150	7150	1.74793
51	11	13	13	0.0037899
51	12	50256	50256	0.00031662
52	5	25388	881	4.95939
52	6	3623	318	2.69635
52	7	284	284	0.0765152
52	8	1620	284	4.30651
52	9	12370	257	3.67597
52	10	670	4778	3.54861
52	11	13	13	0.000144958
52	12	50256	50256	0.000511169
53	5	262	262	0.0784178
53	6	6869	976	3.41365
53	7	7021	389	4.49942
53	8	636	636	2.04014
53	9	393	318	2.24197
53	10	477	3139	5.09803
53	11	286	286	0.0874681
53	12	262	262	0.0800619
53	13	3825	976	2.5332
53	14	422	422	0.205781
53	15	1570	257	4.38932
53	16	13	13	0.0239849
53	17	50256	50256	0.000242233
54	5	393	393	0.228865
54	6	7686	10930	5.14003
54	7	3170	3170	1.1422
54	8	422	422	0.390785
54	9	5100	3668	3.5692
54	10	18955	1402	5.4158
54	11	4991	4991	3.21302
54	12	13	13	3.05176e-05
54	13	50256	50256	0.000343323
55	5	3872	15268	5.63193
55	6	3815	3815	1.67184
55	7	884	884	2.64281
55	8	355	355	0.133538
55	9	2081	1194	4.28493
55	10	290	290	0.0537472
55	11	3991	584	4.14761
55	12	13	13	0.00109291
55	13	50256	50256	0.000703812
56	5	6903	2057	3.12026
56	6	286	286	0.0819254
56	7	1692	867	3.42757
56	8	2910	734	3.67163
56	9	13	13	0.000101089
56	10	50256	50256	0.00018692
57	5	287	287	0.151687
57	6	2166	1588	4.9645
57	7	286	286	0.035778
57	8	663	663	0.25176
57	9	3491	3825	5.99408
57	10	460	460	0.707073
57	11	2728	307	4.94283
57	12	257	257	0.115835
57	13	40757	1729	4.33131
57	14	19550	338	4.17604
57	15	287	287	0.089633
57	16	262	262	0.0203447
57	17	3491	734	6.3597
57	18	338	338	0.0970993
57	19	22204	22204	1.95784
57	20	13	13	7.43866e-05
57	21	50256	50256	0.000253677
58	5	3170	3170	2.03487
58	6	12972	3170	3.59962
58	7	43591	1900	3.45425
58	8	355	355	0.154892
58	9	15100	15100	3.63734
58	10	16667	16667	2.02215
58	11	1443	1443	2.87458
58	12	13	13	7.24792e-05
58	13	50256	50256	0.00031662
59	5	1510	257	3.87679
59	6	400	400	3.02315
59	7	286	286	0.0284929
59	8	257	257	0.0771799
59	9	4326	4417	5.12041
59	10	13	13	0.0178137
59	11	50256	50256	0.000577927
60	5	735	735	3.30151
60	6	460	460	0.411857
60	7	10199	307	4.98754
60	8	284	284	0.0263615
60	9	5044	734	4.01657
60	10	9230	9230	2.80687
60	11	13	13	5.72205e-05
60	12	50256	50256	0.000261307
61	5	290	290	0.0402164
61	6	38467	584	5.92918
61	7	5594	5594	2.09512
61	8	284	284	0.143164
61	9	262	262	0.0129967
61	10	304	8434	5.2817
61	11	2724	2724	2.18187
61	12	560	560	2.80861
61	13	6421	6421	2.90881
61	14	13	13	0.00335121
61	15	50256	50256	0.00018692
62	5	13971	2524	6.02869
62	6	9403	1271	2.65751
62	7	42626	42626	3.48901
62	8	3349	34262	4.61541
62	9	739	739	1.53203
62	10	11080	11080	2.63252
62	11	3403	3403	2.19375
62	12	13	13	4.57764e-05
62	13	50256	50256	0.00019455
63	5	7319	7319	2.39885
63	6	16379	16379	1.74429
63	7	13	13	0.000305176
63	8	50256	50256	0.00022316
64	5	47933	47933	1.79658
64	6	832	832	0.153412
64	7	257	257	0.0279646
64	8	8122	8122	2.26994
64	9	13	13	0.0390081
64	10	50256	50256	0.000181198
65	5	2339	2339	2.61229
65	6	8573	8573	1.93032
65	7	326	326	0.456433
65	8	1037	1037	1.70992
65	9	606	606	1.89748
65	10	7906	1978	6.13668
65	11	832	832	0.274751
65	12	262	262	0.0409889
65	13	1633	1633	2.33807
65	14	13	13	4.76837e-05
65	15	50256	50256	0.000310898
66	5	262	262	0.0100994
66	6	5417	3139	6.15236
66	7	832	832	0.22718
66	8	257	257	0.0210276
66	9	25979	3139	5.40464
66	10	287	287	0.0345058
66	11	10836	3668	3.51163
66	12	13	13	0.00809288
66	13	50256	50256	0.000419617
67	5	286	286	0.0156336
67	6	7517	7517	3.73775
67	7	11	11	0.0247164
67	8	319	319	0.407674
67	9	262	262	0.0108938
67	10	5866	5866	3.33398
67	11	406	5866	5.5156
67	12	733	733	3.12985
67	13	2959	2959	3.20075
67	14	13	13	0.00597095
67	15	50256	50256	0.000244141
68	5	4778	4778	0.829532
68	6	326	326	0.333602
68	7	3031	645	5.75589
68	8	284	284	0.104268
68	9	15938	11945	6.02934
68	10	26306	26306	2.81369
68	11	287	287	0.0783587
68	12	40333	40333	3.78357
68	13	13	13	3.43323e-05
68	14	50256	50256	0.000196457
69	5	284	284	0.0641747
69	6	45075	284	4.5491
69	7	262	262	0.0503902
69	8	1271	4417	2.51669
69	9	286	286	0.0661097
69	10	23235	5186	3.36676
69	11	286	286	0.0971737
69	12	1123	1123	1.41818
69	13	5002	4417	2.91374
69	14	13	13	9.72748e-05
69	15	50256	50256	0.000574112
70	5	287	287	0.0381546
70	6	663	663	0.192114
70	7	13179	1366	4.68727
70	8	13	13	0.000707626
70	9	50256	50256	0.000408173
71	5	3623	1660	3.70372
71	6	11	11	0.0939312
71	7	8977	393	5.08202
71	8	11	11	0.0602808
71	9	290	290	0.0742178
71	10	3223	449	6.68345
71	11	2300	82	5.39543
71	12	1978	1978	1.85698
71	13	287	287	0.0568838
71	14	27982	281	3.23559
71	15	13	13	0.00214577
71	16	50256	50256	0.000259399
72	5	11904	11904	2.28176
72	6	832	832	0.15051
72	7	2005	2266	5.57105
72	8	83	83	1.78583
72	9	654	560	4.54905
72	10	393	393	0.216211
72	11	584	584	2.30388
72	12	7494	7494	3.79267
72	13	876	13929	4.59245
72	14	8573	8573	1.7562
72	15	13	13	0.000177383
72	16	50256	50256	0.000225067
73	5	5451	5451	2.15564
73	6	3407	373	2.69173
73	7	262	262	0.022193
73	8	25868	2258	5.59077
73	9	5882	5882	3.75072
73	10	1757	1757	3.83373
73	11	7698	7698	2.60507
73	12	13	13	0.000303268
73	13	50256	50256	0.000116348
74	5	351	351	0.18883
74	6	7572	584	5.15975
74	7	286	286	0.0477934
74	8	4376	867	4.17669
74	9	22969	22969	2.48529
74	10	13	13	0.00409222
74	11	50256	50256	0.000265121
75	5	24866	24866	3.09385
75	6	284	284	0.0703354
75	7	257	257	0.0793686
75	8	2440	2060	5.65178
75	9	11067	2173	4.28832
75	10	7078	7078	2.78581
75	11	13	13	0.00184059
75	12	50256	50256	0.000602722
76	5	13020	13020	3.26079
76	6	34262	34262	1.98269
76	7	422	422	0.150422
76	8	257	257	0.261614
76	9	8701	8122	5.1346
76	10	13	13	0.00397301
76	11	50256	50256	0.000656128
77	5	2826	25041	4.50687
77	6	351	351	0.172494
77	7	663	663	0.623777
77	8	1767	4417	4.15493
77	9	4855	460	4.18885
77	10	1022	1022	0.738162
77	11	262	262	0.197924
77	12	2137	3825	6.11675
77	13	338	338	0.0820599
77	14	14475	14475	3.02549
77	15	13	13	3.24249e-05
77	16	50256	50256	0.000431061
78	5	11061	11061	2.71507
78	6	257	257	0.0614386
78	7	37327	1729	5.63835
78	8	4645	4645	2.88884
78	9	1900	1900	1.22147
78	10	355	355	0.286119
78	11	262	262	0.0711575
78	12	6124	3825	6.00947
78	13	6391	6391	4.20642
78	14	17180	17180	2.72155
78	15	13	13	0.00113583
78	16	50256	50256	0.000795364
79	5	351	351	0.154989
79	6	281	281	0.548448
79	7	30690	2134	5.30497
79	8	6082	6082	2.36863
79	9	286	286	0.00824738
79	10	5186	5186	1.40286
79	11	3877	3877	1.20262
79	12	13	13	0.00114441
79	13	50256	50256	0.000692368
80	5	6342	281	5.36395
80	6	11	11	0.066309
80	7	257	257	0.20001
80	8	1748	4417	4.76542
80	9	319	319	0.646947
80	10	262	262	0.0283852
80	11	1001	3825	5.85969
80	12	500	47196	4.0047
80	13	13	13	0.00701618
80	14	50256	50256	0.000148773
81	5	1141	1141	0.978721
81	6	262	262	0.0261402
81	7	1110	976	5.78005
81	8	618	618	0.571327
81	9	1956	1956	2.59265
81	10	1175	1175	3.18069
81	11	907	338	4.0508
81	12	5443	1978	4.92605
81	13	621	621	0.262387
81	14	6716	621	4.00167
81	15	1660	1660	0.924424
81	16	13	13	6.10352e-05
81	17	50256	50256	0.00113678
82	5	10157	976	4.70588
82	6	549	549	3.03188
82	7	32653	32653	2.7069
82	8	297	297	2.58701
82	9	544	544	1.53626
82	10	7813	276	5.23037
82	11	37834	37834	1.85876
82	12	13	13	0.000200272
82	13	50256	50256	0.00015831
83	5	1271	1271	1.70193
83	6	4249	286	3.56604
83	7	257	257	0.0690556
83	8	4633	2060	5.01627
83	9	1271	1271	1.69777
83	10	13	13	0.00953197
83	11	50256	50256	0.000530243
84	5	3139	3139	1.19226
84	6	286	286	0.0429535
84	7	10836	3139	3.88193
84	8	11	11	0.0878143
84	9	287	287	0.129979
84	10	262	262	0.0707712
84	11	1499	976	4.67376
84	12	338	338	0.0813913
84	13	5093	3139	3.84198
84	14	13	13	5.34058e-05
84	15	50256	50256	0.000173569
85	5	19812	262	3.57068
85	6	20775	25730	3.70482
85	7	25730	25730	2.04289
85	8	17628	17628	1.45181
85	9	13	13	0.0734377
85	10	50256	50256	0.000146866
86	5	318	318	0.320226
86	6	4635	925	3.38239
86	7	416	416	0.254217
86	8	38797	38797	1.77748
86	9	278	278	1.01381
86	10	37624	278	6.82668
86	11	41266	3815	4.1257
86	12	351	351	0.291467
86	13	8268	281	4.48246
86	14	13	13	0.0029192
86	15	50256	50256	0.000358582
87	5	262	262	0.00685406
87	6	10359	1578	4.63992
87	7	290	290	0.0413246
87	8	262	262	0.0127611
87	9	10329	1578	4.09276
87	10	13	13	0.00338745
87	11	50256	50256	0.000173569
88	5	11685	11685	1.38416
88	6	286	286	0.00979614
88	7	18190	5667	3.21123
88	8	290	290	0.0387173
88	9	511	511	0.601421
88	10	3585	5667	5.44841
88	11	6116	284	2.88421
88	12	13	13	0.000236511
88	13	50256	50256	0.000234604
89	5	18044	7301	5.7427
89	6	1633	1633	2.02835
89	7	832	832	0.243637
89	8	511	511	0.594928
89	9	6611	6611	4.28641
89	10	28439	28439	2.992
89	11	13	13	3.05176e-05
89	12	50256	50256	0.000177383
90	5	15061	1271	4.1911
90	6	36402	36402	2.77785
90	7	286	286	0.0108461
90	8	257	257	0.0263376
90	9	19690	2060	3.99712
90	10	5509	5509	2.90641
90	11	13	13	0.00772572
90	12	50256	50256	0.000209808
91	5	11	11	0.0680466
91	6	1690	1690	2.26339
91	7	41266	1690	4.04888
91	8	393	393	0.265929
91	9	2511	393	4.13808
91	10	680	286	5.31964
91	11	11	11	0.0434504
91	12	351	351	0.356571
91	13	1622	351	4.30926
91	14	654	2340	4.29403
91	15	13	13	0.0145941
91	16	50256	50256	0.000242233
92	5	4104	787	4.95398
92	6	1088	1088	1.30105
92	7	17648	902	5.04837
92	8	290	290	0.138977
92	9	832	832	0.694633
92	10	28431	13	2.29417
92	11	13	13	9.72748e-05
92	12	50256	50256	0.00139809
93	5	257	257	0.0971136
93	6	2139	7226	5.00784
93	7	3170	3170	1.14716
93	8	319	319	0.532379
93	9	262	262	0.0157127
93	10	5230	286	6.13244
93	11	2138	2138	0.232763
93	12	621	621	0.138269
93	13	257	257	0.171019
93	14	6171	2060	5.42544
93	15	5177	966	5.06853
93	16	329	329	0.260515
93	17	262	262	0.108716
93	18	5230	7229	6.05726
93	19	13	13	4.95911e-05
93	20	50256	50256	0.000749588
94	5	6588	6588	2.42991
94	6	17556	4778	3.47845
94	7	326	326	0.294231
94	8	5419	5419	1.9785
94	9	8509	5419	5.55486
94	10	15756	15756	2.75264
94	11	4485	4485	1.90257
94	12	13	13	7.24792e-05
94	13	50256	50256	0.000152588
95	5	11073	11073	1.80473
95	6	281	281	0.222398
95	7	772	2134	6.46172
95	8	18253	18253	3.3707
95	9	13	13	0.0109549
95	10	50256	50256	0.000520706
96	5	318	318	0.162098
96	6	262	262	0.0342884
96	7	1218	3825	4.88363
96	8	13	13	0.0275126
96	9	50256	50256	0.000228882
97	5	262	262	0.0152512
97	6	20938	976	6.64976
97	7	7679	7679	1.32145
97	8	1444	1444	0.531047
97	9	262	262	0.0151978
97	10	14673	976	4.54525
97	11	22829	22829	0.997505
97	12	13	13	4.95911e-05
97	13	50256	50256	0.000198364
98	5	6870	1231	3.4397
98	6	8787	5419	5.32811
98	7	1231	1231	0.571656
98	8	38875	852	4.16047
98	9	1123	1123	0.590714
98	10	4637	584	4.16041
98	11	257	257	0.0685997
98	12	4571	4417	4.85313
98	13	13	13	6.48499e-05
98	14	50256	50256	0.000232697
99	5	2138	2138	0.324522
99	6	621	621	0.219334
99	7	1660	1660	1.76951
99	8	11	11	0.0930548
99	9	287	287	0.0678234
99	10	511	511	0.498521
99	11	1311	21379	5.57024
99	12	862	862	2.83348
99	13	13	13	6.29425e-05
99	14	50256	50256	0.000217438
100	5	1514	1514	3.80262
100	6	3096	1271	4.58645
100	7	468	468	0.723777
100	8	43063	468	4.51524
100	9	3951	3951	2.18008
100	10	287	287	0.0467005
100	11	1123	530	2.16579
100	12	4571	4417	4.03349
100	13	13	13	0.000131607
100	14	50256	50256	0.000219345
101	5	48573	9518	4.39941
101	6	6134	6134	1.87233
101	7	16573	1626	5.00753
101	8	284	284	0.0560741
101	9	1204	1037	4.96202
101	10	11061	11061	2.26893
101	11	32085	32085	2.9665
101	12	729	729	2.42575
101	13	13	13	7.82013e-05
101	14	50256	50256	0.000761032
102	5	9197	2060	5.2866
102	6	8320	338	3.81297
102	7	689	689	2.58171
102	8	772	618	3.46706
102	9	611	468	4.32384
102	10	663	663	0.0901079
102	11	2866	2060	4.73311
102	12	14768	1262	4.15133
102	13	6937	1978	3.50163
102	14	13	13	0.10366
102	15	50256	50256	0.000617981
103	5	1660	1660	1.83742
103	6	40169	5563	7.14547
103	7	379	379	0.429941
103	8	257	257	0.107352
103	9	2793	8122	7.06249
103	10	5951	5951	1.77648
103	11	13	13	6.67572e-05
103	12	50256	50256	0.000181198
104	5	262	262	0.0089674
104	6	23902	3085	4.40475
104	7	23642	23642	2.5859
104	8	16161	1444	4.45232
104	9	1444	1444	0.319345
104	10	262	262	0.02143
104	11	34822	262	4.16423
104	12	6378	6378	2.79929
104	13	13	13	0.00356197
104	14	50256	50256	0.000185013
105	5	1022	1022	0.541279
105	6	4237	281	3.6259
105	7	290	290	0.0798922
105	8	3957	1123	4.51344
105	9	393	393	0.227461
105	10	6143	1296	5.97562
105	11	21379	21379	2.12632
105	12	13	13	0.000333786
105	13	50256	50256	0.000425339
106	5	262	262	0.0552053
106	6	22088	976	5.61837
106	7	291	291	1.1685
106	8	13061	13061	3.09064
106	9	21072	21072	1.89794
106	10	44921	14355	3.81228
106	11	13	13	6.67572e-05
106	12	50256	50256	0.000387192
107	5	1660	1660	1.08968
107	6	287	287	0.0938206
107	7	6546	1944	5.65767
107	8	2945	9620	3.83688
107	9	5667	5667	0.965292
107	10	11	11	0.0786076
107	11	21552	393	4.7094
107	12	11	11	0.0468369
107	13	393	393	0.616521
107	14	11135	3139	5.41003
107	15	13	13	4.00543e-05
107	16	50256	50256	0.000593185
108	5	7627	416	6.24438
108	6	904	904	3.37471
108	7	656	656	0.150418
108	8	262	262	0.00442791
108	9	10596	10596	3.49619
108	10	10692	10692	2.01759
108	11	13	13	0.000699997
108	12	50256	50256	0.000242233
109	5	262	262	0.0130596
109	6	16577	3825	4.60549
109	7	15921	15921	1.90386
109	8	286	286	0.020483
109	9	257	257	0.0464792
109	10	14281	4898	4.87592
109	11	17793	17793	3.27314
109	12	13	13	0.00187397
109	13	50256	50256	0.000221252
110	5	41917	1588	5.25474
110	6	9978	2630	4.37424
110	7	326	326	0.28412
110	8	460	460	0.591076
110	9	3650	307	4.53848
110	10	290	290	0.0622492
110	11	21937	663	4.67886
110	12	24284	24284	2.71974
110	13	17794	17794	3.2629
110	14	286	286	0.0121393
110	15	34573	281	4.15962
110	16	13	13	0.00211716
110	17	50256	50256	0.00028801
111	5	6591	6591	0.668071
111	6	1080	1080	1.02077
111	7	11	11	0.292994
111	8	22721	340	6.01136
111	9	468	468	0.799213
111	10	262	262	0.0299845
111	11	6000	976	4.77664
111	12	2347	8373	4.33659
111	13	13	13	0.000547409
111	14	50256	50256	0.000152588
112	5	34616	34616	1.98226
112	6	29120	29120	1.59002
112	7	656	656	0.267064
112	8	262	262	0.00561428
112	9	1402	1402	2.46926
112	10	45426	45426	2.40066
112	11	13	13	0.00156021
112	12	50256	50256	0.000291824
113	5	3625	3625	2.07352
113	6	329	329	0.257629
113	7	3356	1660	3.58169
113	8	290	290	0.0241566
113	9	13017	4695	4.58142
113	10	13	13	0.00102139
113	11	50256	50256	0.000282288
114	5	8122	8122	2.20713
114	6	11	11	0.387395
114	7	9472	407	3.03774
114	8	663	663	0.401785
114	9	8434	2962	4.39271
114	10	4755	4417	3.06813
114	11	318	318	0.148562
114	12	4735	4615	5.2143
114	13	13	13	0.000104904
114	14	50256	50256	0.000192642
115	5	8802	8802	2.41322
115	6	19079	19079	2.19076
115	7	1998	19079	3.85879
115	8	6697	257	3.55054
115	9	7028	7028	2.21016
115	10	13	13	0.000118256
115	11	50256	50256	0.000221252
116	5	274	274	1.50626
116	6	13617	373	3.77122
116	7	278	278	1.31187
116	8	329	329	0.529423
116	9	1103	636	4.62457
116	10	3146	3146	2.952
116	11	13	13	0.0015316
116	12	50256	50256	0.000915527
117	5	13204	13204	1.68205
117	6	4991	4991	3.47805
117	7	286	286	0.197659
117	8	2877	2877	2.79856
117	9	20296	2877	3.38959
117	10	13	13	0.0116253
117	11	50256	50256	0.000352859
118	5	281	281	0.288498
118	6	1633	1633	2.45407
118	7	1014	329	4.57565
118	8	1022	1022	0.4581
118	9	262	262	0.0158195
118	10	300	734	5.1329
118	11	38621	38621	2.2954
118	12	87	1973	3.98597
118	13	290	290	0.0787115
118	14	262	262	0.0055294
118	15	18443	262	3.92786
118	16	11072	11072	3.30165
118	17	13	13	0.00149059
118	18	50256	50256	0.000278473
119	5	9460	48331	3.51024
119	6	293	48331	3.84857
119	7	9280	48331	3.37498
119	8	48556	48331	4.72062
119	9	1321	1321	1.63655
119	10	546	1262	3.46377
119	11	262	262	0.0512791
119	12	4067	4417	4.49685
119	13	286	286	0.0295591
119	14	2057	2057	1.84757
119	15	13	13	0.000986099
119	16	50256	50256	0.00050354
120	5	17522	12278	6.01921
120	6	318	318	0.142483
120	7	5017	3917	4.7348
120	8	351	351	0.0818729
120	9	16252	1123	5.35612
120	10	13	13	0.0134706
120	11	50256	50256	0.000320435
121	5	257	257	0.0551167
121	6	2393	3623	5.02256
121	7	338	338	0.112057
121	8	5794	4417	5.68425
121	9	11	11	0.13546
121	10	475	82	3.31539
121	11	340	340	1.31835
121	12	857	857	2.7572
121	13	407	407	1.49639
121	14	9149	407	5.11857
121	15	326	326	0.258039
121	16	5794	1296	5.25057
121	17	13	13	0.00343895
121	18	50256	50256	0.000286102
122	5	262	262	0.0153704
122	6	3139	3139	0.883808
122	7	286	286	0.0245838
122	8	21506	3139	3.22453
122	9	287	287	0.0327168
122	10	3687	2520	4.73081
122	11	5478	5478	1.99619
122	12	13	13	0.000112534
122	13	50256	50256	0.000259399
123	5	16021	2060	4.15292
123	6	11447	11447	2.14312
123	7	10717	10717	2.06953
123	8	1444	1444	0.450294
123	9	257	257	0.124542
123	10	9529	2818	5.40384
123	11	528	528	2.32612
123	12	462	22829	4.78388
123	13	13	13	4.57764e-05
123	14	50256	50256	0.000555038
124	5	866	866	3.24583
124	6	2636	2636	3.32918
124	7	20296	20296	3.04664
124	8	290	290	0.104781
124	9	48914	48914	4.19789
124	10	20901	7525	3.76912
124	11	832	832	0.216901
124	12	30020	30020	2.7496
124	13	13	13	0.00325394
124	14	50256	50256	0.000179291
125	5	82	82	1.9244
125	6	262	262	0.00383186
125	7	2989	976	4.78446
125	8	16654	16654	2.81826
125	9	287	287	0.0368605
125	10	257	257	0.048193
125	11	23243	2818	5.18158
125	12	8379	4778	2.88001
125	13	13	13	6.29425e-05
125	14	50256	50256	0.00022316
126	5	3519	3519	2.09289
126	6	1171	1171	2.92587
126	7	290	290	0.0540657
126	8	2839	19783	3.97293
126	9	8251	8251	0.824623
126	10	13	13	3.05176e-05
126	11	50256	50256	0.00015831
127	5	318	318	0.256951
127	6	1444	1444	0.885126
127	7	32896	257	4.88049
127	8	14596	14596	2.64394
127	9	13	13	0.000165939
127	10	50256	50256	0.00043869
128	5	925	925	0.538413
128	6	7525	925	1.90708
128	7	422	422	0.123743
128	8	15317	15317	3.33639
128	9	290	290	0.0209684
128	10	31861	31861	2.90319
128	11	13	13	4.95911e-05
128	12	50256	50256	0.000486374
129	5	257	257	0.0214911
129	6	7226	7226	3.03868
129	7	21264	21264	2.51572
129	8	36264	36264	2.37025
129	9	36869	36869	2.82221
129	10	21126	326	5.47688
129	11	7405	656	3.05456
129	12	290	290	0.053915
129	13	14754	5369	4.87559
129	14	663	663	0.118216
129	15	7894	21334	5.78623
129	16	13	13	0.00310135
129	17	50256	50256	0.000246048
130	5	290	290	0.025322
130	6	17298	17456	5.12523
130	7	287	287	0.0954208
130	8	262	262	0.00308609
130	9	7976	976	3.96751
130	10	2436	2436	4.13549
130	11	26676	26676	3.08681
130	12	13	13	0.000768661
130	13	50256	50256	0.000179291
131	5	389	389	1.21441
131	6	262	262	0.134315
131	7	717	511	4.05648
131	8	9403	4417	4.16027
131	9	5667	5667	1.4564
131	10	286	286	0.0160646
131	11	257	257	0.176387
131	12	4618	4618	3.10975
131	13	39880	4618	6.33669
131	14	13	13	7.62939e-05
131	15	50256	50256	0.000259399
132	5	4847	11904	3.05848
132	6	287	287	0.0239801
132	7	5788	5667	3.15083
132	8	416	416	0.238052
132	9	17247	38797	4.28332
132	10	7572	4417	3.54526
132	11	286	286	0.00621605
132	12	37410	286	5.91978
132	13	3951	3951	2.11663
132	14	13	13	0.00191593
132	15	50256	50256	0.000453949
133	5	7667	7667	2.05041
133	6	8598	8598	2.57148
133	7	16069	16069	2.29271
133	8	13	13	6.10352e-05
133	9	50256	50256	0.00015831
134	5	9260	9260	2.77299
134	6	1577	2214	5.13972
134	7	262	262	0.0475578
134	8	5440	262	5.03835
134	9	663	663	0.195733
134	10	14688	14688	3.86687
134	11	680	286	3.12142
134	12	5585	5585	1.49115
134	13	13	13	0.000356674
134	14	50256	50256	0.000156403
135	5	389	389	0.764819
135	6	1036	1237	5.10773
135	7	515	326	3.91449
135	8	284	284	0.0614548
135	9	787	4439	2.82912
135	10	257	257	0.272103
135	11	279	1729	4.06606
135	12	2150	83	3.25287
135	13	298	298	2.46218
135	14	1779	298	3.94102
135	15	3681	3681	3.51377
135	16	13	13	0.000362396
135	17	50256	50256	0.000873566
136	5	24830	2134	5.51594
136	6	287	287	0.0478268
136	7	543	281	2.12227
136	8	1123	1123	1.1201
136	9	6194	8434	4.97205
136	10	2391	77	5.31546
136	11	6870	6870	2.24888
136	12	530	530	1.16037
136	13	44278	17745	3.84772
136	14	415	77	3.47453
136	15	393	393	0.142768
136	16	48617	48617	2.68542
136	17	13	13	0.000127792
136	18	50256	50256	0.000322342
137	5	3473	925	5.1108
137	6	5688	8384	4.99099
137	7	286	286	0.0210094
137	8	12925	5828	5.67948
137	9	5207	5207	1.35434
137	10	286	286	0.077323
137	11	1660	1660	1.42367
137	12	4771	1660	3.74774
137	13	13	13	0.0147676
137	14	50256	50256	0.000282288
138	5	3825	3825	2.77236
138	6	338	338	0.0770321
138	7	4755	4417	4.45042
138	8	26161	5419	5.26431
138	9	17669	1657	6.52231
138	10	656	656	0.443624
138	11	43142	43142	4.27208
138	12	290	290	0.0691881
138	13	10050	584	5.03642
138	14	2568	2568	0.845432
138	15	13	13	0.00108242
138	16	50256	50256	0.000366211
139	5	3881	326	3.57741
139	6	326	326	0.790401
139	7	460	460	0.584281
139	8	47577	460	5.12193
139	9	6364	981	4.20341
139	10	625	625	1.46871
139	11	41917	383	4.02823
139	12	1661	1321	3.95179
139	13	66	66	1.70633
139	14	2040	66	3.18922
139	15	13	13	0.0178871
139	16	50256	50256	0.000833511
140	5	286	286	0.0210457
140	6	28722	28722	3.02911
140	7	287	287	0.0500212
140	8	257	257	0.0272751
140	9	5931	5931	2.56351
140	10	6317	6317	1.51026
140	11	13	13	0.000108719
140	12	50256	50256	0.000324249
141	5	5002	5002	2.17527
141	6	326	326	0.42199
141	7	318	318	0.284986
141	8	8122	8122	2.4816
141	9	379	379	0.553944
141	10	8850	8850	1.39565
141	11	2119	3877	3.04252
141	12	5951	5951	1.49128
141	13	13	13	7.82013e-05
141	14	50256	50256	0.000207901
142	5	284	284	0.0858126
142	6	22792	262	2.87571
142	7	962	962	2.85995
142	8	2763	2763	3.4176
142	9	403	403	4.0283
142	10	338	338	0.0791903
142	11	22234	1810	4.35831
142	12	287	287	0.0431051
142	13	36094	36094	3.34557
142	14	13	13	0.0174665
142	15	50256	50256	0.00031662
143	5	38467	4909	4.69661
143	6	1296	1296	0.977957
143	7	1969	832	6.04613
143	8	15814	284	4.62082
143	9	351	351	0.209383
143	10	262	262	0.0232048
143	11	11135	4417	5.87454
143	12	286	286	0.0219784
143	13	6134	6134	2.03635
143	14	13	13	0.000144958
143	15	50256	50256	0.000257492
144	5	262	262	0.0206728
144	6	39522	3139	4.64238
144	7	286	286	0.0369473
144	8	1568	286	3.65429
144	9	4795	4795	2.60767
144	10	10752	10752	2.58049
144	11	12153	10752	3.24236
144	12	274	274	1.61321
144	13	13	13	0.0044775
144	14	50256	50256	0.000207901
145	5	319	319	0.149814
145	6	2995	262	4.30061
145	7	1141	1141	0.964688
145	8	262	262	0.00726128
145	9	44695	44695	3.42727
145	10	1810	1810	1.45893
145	11	13	13	8.96454e-05
145	12	50256	50256	0.000200272
146	5	48440	878	5.07922
146	6	11904	11904	1.35749
146	7	973	973	1.06851
146	8	355	355	0.192891
146	9	257	257	0.0585651
146	10	25721	2818	4.77187
146	11	13	13	0.00317383
146	12	50256	50256	0.000135422
147	5	319	319	0.310935
147	6	46376	881	5.30412
147	7	11	11	0.71362
147	8	16083	8811	3.2758
147	9	981	981	1.47421
147	10	262	262	0.0105648
147	11	46376	286	6.01385
147	12	318	318	0.739877
147	13	9583	9583	2.86771
147	14	13	13	0.00851917
147	15	50256	50256	0.000230789
148	5	9779	257	5.225
148	6	318	318	0.136885
148	7	257	257	0.048275
148	8	7446	8122	4.2555
148	9	8379	8379	2.82284
148	10	326	326	0.538481
148	11	22625	3917	4.77158
148	12	284	284	0.0139599
148	13	257	257	0.236486
148	14	10345	10345	4.02017
148	15	1720	1720	3.42707
148	16	13	13	0.00186348
148	17	50256	50256	0.00022316
149	5	1254	1205	4.99851
149	6	3463	8122	3.12021
149	7	1203	460	6.17211
149	8	780	780	2.2185
149	9	484	460	3.17796
149	10	290	290	0.819578
149	11	511	511	1.0933
149	12	16807	21334	6.90774
149	13	389	389	0.376768
149	14	17282	17282	3.28711
149	15	7463	1022	4.28615
149	16	1978	1978	1.70414
149	17	13	13	0.0460558
149	18	50256	50256	0.000980377
150	5	262	262	0.0416517
150	6	6697	4417	5.7356
150	7	4571	11904	4.08556
150	8	422	422	0.0892086
150	9	749	584	4.24029
150	10	584	1660	3.09463
150	11	14705	4417	4.57519
150	12	287	287	0.0524483
150	13	674	674	1.66469
150	14	6591	6591	0.828156
150	15	1080	1080	0.888025
150	16	13	13	2.28882e-05
150	17	50256	50256	0.000350952
151	5	287	287	0.0183506
151	6	10598	10598	2.98419
151	7	287	287	0.0179224
151	8	5846	5846	3.42524
151	9	37078	37078	1.49796
151	10	13	13	5.91278e-05
151	11	50256	50256	0.00043869
152	5	9505	9505	3.50214
152	6	379	379	0.57233
152	7	262	262	0.0109119
152	8	5645	976	6.12602
152	9	286	286	0.0207453
152	10	11945	11945	3.29424
152	11	287	287	0.0482702
152	12	867	867	1.95833
152	13	24039	24039	1.81312
152	14	13	13	0.000724792
152	15	50256	50256	0.000448227
153	5	3106	16760	3.87436
153	6	36186	5207	6.00271
153	7	326	326	0.297135
153	8	4909	460	3.6667
153	9	6588	1194	2.59002
153	10	13	13	0.00268173
153	11	50256	50256	0.000278473
154	5	2630	2630	2.14334
154	6	262	262	0.00994015
154	7	711	3139	5.13123
154	8	1900	1900	0.451664
154	9	355	355	0.187745
154	10	383	383	1.37819
154	11	23165	23165	2.95651
154	12	1471	1471	2.46411
154	13	30215	30215	2.6843
154	14	13	13	0.00883579
154	15	50256	50256	0.000171661
155	5	1497	1497	2.30628
155	6	422	422	0.0655365
155	7	262	262	0.0030632
155	8	2612	976	5.79114
155	9	11	11	0.130196
155	10	7692	407	4.73076
155	11	286	286	0.0479469
155	12	663	663	0.132836
155	13	11863	1633	5.44806
155	14	2695	6945	3.29397
155	15	13	13	5.34058e-05
155	16	50256	50256	0.000646591
156	5	21718	373	3.68201
156	6	6296	6296	2.13457
156	7	1474	1444	2.14382
156	8	6342	3139	4.69087
156	9	287	287	0.105322
156	10	4881	1660	4.79805
156	11	13	13	0.0103912
156	12	50256	50256	0.0004673
157	5	257	257	0.0210133
157	6	2060	2060	3.09905
157	7	19078	269	5.14476
157	8	1143	1143	3.27354
157	9	5935	5931	5.77552
157	10	326	326	0.333101
157	11	36319	351	5.38353
157	12	656	656	0.0831013
157	13	4553	2060	4.17147
157	14	39966	656	3.35998
157	15	13	13	0.00317478
157	16	50256	50256	0.00273514
158	5	257	257	0.137528
158	6	4553	2060	4.63827
158	7	13239	3170	5.67616
158	8	422	422	0.130826
158	9	6134	6134	1.51644
158	10	290	290	0.159492
158	11	4695	4695	1.89224
158	12	13	13	5.14984e-05
158	13	50256	50256	0.000413895
159	5	881	881	0.929608
159	6	286	286	0.0290365
159	7	21673	6156	5.26763
159	8	338	338	0.0658283
159	9	6156	3139	2.03003
159	10	26898	14937	5.45059
159	11	4417	4417	1.20405
159	12	13	13	0.00164032
159	13	50256	50256	0.000162125
160	5	262	262	0.0241041
160	6	1180	663	2.95021
160	7	4069	1180	6.01941
160	8	286	286	0.0429993
160	9	3056	4492	6.36646
160	10	290	290	0.149651
160	11	1660	1660	1.73063
160	12	319	319	0.209084
160	13	7815	281	4.45504
160	14	13	13	0.0165033
160	15	50256	50256	0.000234604
161	5	11	11	0.0445757
161	6	262	262	0.00505161
161	7	3825	3825	2.5677
161	8	24234	284	2.98669
161	9	262	262	0.0115671
161	10	33258	976	5.72787
161	11	1602	1602	2.25184
161	12	1352	14796	4.49393
161	13	13	13	0.00401306
161	14	50256	50256	0.000171661
162	5	45656	45656	2.70948
162	6	621	621	0.310498
162	7	7424	7424	2.41509
162	8	2266	2266	2.39218
162	9	1657	1657	1.32627
162	10	13	13	0.00262642
162	11	50256	50256	0.00133133
163	5	925	925	0.903451
163	6	510	422	6.54004
163	7	286	286	0.138459
163	8	30362	257	4.0458
163	9	16057	16057	2.88755
163	10	68	47196	5.31928
163	11	13	13	0.000720978
163	12	50256	50256	0.000318527
164	5	3356	3139	4.05652
164	6	286	286	0.126426
164	7	15938	257	6.1946
164	8	656	656	0.205465
164	9	290	290	0.262646
164	10	503	584	4.97383
164	11	286	286	0.0271883
164	12	257	257	0.198597
164	13	2685	4417	4.00733
164	14	13	13	0.000169754
164	15	50256	50256	0.000665665
165	5	5732	5732	3.17152
165	6	351	351	0.157456
165	7	262	262	0.0246944
165	8	6616	3825	5.89647
165	9	286	286	0.040205
165	10	663	663	0.386296
165	11	2866	21334	5.11636
165	12	287	287	0.0546894
165	13	15993	281	4.44187
165	14	12933	12933	2.6973
165	15	13	13	0.000957489
165	16	50256	50256	0.000556946
166	5	286	286	0.0410299
166	6	15317	15317	2.92779
166	7	290	290	0.0233212
166	8	19783	19783	3.03887
166	9	13	13	0.000324249
166	10	50256	50256	0.000190735
167	5	5366	636	5.2559
167	6	286	286	0.0762596
167	7	262	262	0.0786676
167	8	7022	3825	4.55981
167	9	286	286	0.0484972
167	10	347	47403	4.74235
167	11	8553	8553	3.18068
167	12	78	78	1.56044
167	13	13	13	0.000255585
167	14	50256	50256	0.000226974
168	5	286	286	0.0592651
168	6	5186	5186	2.25576
168	7	3877	3877	1.30892
168	8	13	13	0.00994778
168	9	50256	50256	0.000314713
169	5	1768	278	5.32997
169	6	3994	3994	2.22821
169	7	262	262	0.0161161
169	8	13204	13204	3.22594
169	9	7532	7532	3.33849
169	10	41927	41927	4.00941
169	11	10680	10680	2.70323
169	12	13	13	0.000202179
169	13	50256	50256	0.000213623
170	5	3139	3139	1.33078
170	6	286	286	0.0197172
170	7	29638	5828	4.18655
170	8	11	11	0.0277967
170	9	2138	2138	0.218821
170	10	621	621	0.236362
170	11	11294	606	3.52237
170	12	23117	23117	3.32949
170	13	42124	42124	2.45485
170	14	13	13	0.000484467
170	15	50256	50256	0.000366211
171	5	338	338	0.0432568
171	6	383	3139	2.54069
171	7	9467	9467	3.14084
171	8	13274	13274	2.91869
171	9	286	286	0.0318937
171	10	14059	286	4.53974
171	11	3407	3407	2.109
171	12	24203	24203	2.61152
171	13	29906	29906	3.13586
171	14	13	13	0.00587082
171	15	50256	50256	0.000123978
172	5	12	12	0.190644
172	6	2164	820	4.27995
172	7	1328	48331	4.47208
172	8	31513	31513	3.06659
172	9	3881	3881	3.43277
172	10	2219	318	5.59685
172	11	287	287	0.0508165
172	12	9151	6156	4.77474
172	13	291	291	1.7129
172	14	20048	291	5.10596
172	15	13	13	8.2016e-05
172	16	50256	50256	0.00053978
173	5	1115	3139	4.04296
173	6	11954	21767	4.93498
173	7	11	11	0.0551348
173	8	734	734	1.45513
173	9	8901	5621	4.65966
173	10	2910	734	3.52736
173	11	832	832	0.336854
173	12	663	663	0.245708
173	13	308	21334	4.84318
173	14	2171	2171	0.861289
173	15	13	13	0.000514984
173	16	50256	50256	0.000156403
174	5	12278	12278	3.82436
174	6	17655	2568	3.61659
174	7	1626	1626	0.916813
174	8	15114	1123	5.31625
174	9	393	393	0.311392
174	10	1022	318	3.4098
174	11	257	257	0.116453
174	12	6279	8122	6.34439
174	13	290	290	0.0280533
174	14	262	262	0.0266819
174	15	2323	1366	4.57569
174	16	13	13	0.00025177
174	17	50256	50256	0.000553131
175	5	39526	2060	5.21074
175	6	2877	2877	1.55897
175	7	351	351	0.13072
175	8	257	257	0.0681667
175	9	5205	5205	4.2119
175	10	33567	6317	4.15954
175	11	6587	6587	2.76811
175	12	5212	5212	2.71305
175	13	13	13	0.00105858
175	14	50256	50256	0.000289917
176	5	262	262	0.0177231
176	6	4376	976	5.31845
176	7	3006	5207	5.21868
176	8	286	286	0.0449877
176	9	257	257	0.189843
176	10	23470	8122	4.99285
176	11	2512	23235	4.2323
176	12	3328	276	4.80456
176	13	16882	16882	2.45882
176	14	13	13	0.0069046
176	15	50256	50256	0.000162125
177	5	9417	2171	4.21742
177	6	9136	422	3.50624
177	7	6492	422	5.17623
177	8	422	422	0.0775433
177	9	1728	867	3.84746
177	10	2266	2266	2.81999
177	11	33773	2266	4.87327
177	12	13	13	0.000165939
177	13	50256	50256	0.000377655
178	5	7411	257	3.8369
178	6	6953	2173	5.33721
178	7	11	11	0.0599337
178	8	11863	11863	2.63723
178	9	11	11	0.131078
178	10	290	290	0.0504055
178	11	1660	1660	1.93713
178	12	13	13	2.86102e-05
178	13	50256	50256	0.000183105
179	5	1277	307	4.7748
179	6	511	511	0.526656
179	7	734	11904	5.25721
179	8	2951	2951	3.9656
179	9	14799	14799	4.16704
179	10	981	981	0.859852
179	11	21976	8868	5.25894
179	12	511	511	0.450485
179	13	21334	21334	3.28256
179	14	13	13	0.000312805
179	15	50256	50256	0.000192642
180	5	11	11	0.074255
180	6	2138	2138	0.489045
180	7	621	621	0.141413
180	8	2458	981	3.7255
180	9	287	287	0.0389433
180	10	663	663	0.649044
180	11	5253	21334	4.94902
180	12	422	422	0.174048
180	13	262	262	0.0604887
180	14	3825	3825	2.64147
180	15	11	11	0.157176
180	16	5640	5640	3.52255
180	17	262	262	0.0794344
180	18	7028	7028	3.02457
180	19	13	13	0.000394821
180	20	50256	50256	0.000425339
181	5	8064	976	5.22216
181	6	286	286	0.0274372
181	7	257	257	0.0276451
181	8	48862	1729	3.66843
181	9	485	485	2.13824
181	10	272	272	1.78359
181	11	9197	272	4.15766
181	12	338	338	0.077632
181	13	38447	22204	4.67805
181	14	284	284	0.0582218
181	15	663	663	0.135028
181	16	14753	21334	4.61745
181	17	13	13	0.00015831
181	18	50256	50256	0.000299454
182	5	874	925	5.03242
182	6	287	287	0.0442705
182	7	262	262	0.0144329
182	8	8434	976	3.41814
182	9	1027	1027	2.46158
182	10	1037	1037	1.99484
182	11	4886	4886	1.40957
182	12	13179	4886	5.46301
182	13	286	286	0.0309372
182	14	262	262	0.063447
182	15	1182	976	5.18837
182	16	13	13	0.00150871
182	17	50256	50256	0.000305176
183	5	1262	1262	0.915631
183	6	14091	281	4.11066
183	7	7572	2214	4.91769
183	8	319	319	0.305681
183	9	24012	1180	3.26805
183	10	458	458	2.11785
183	11	34387	34387	1.57338
183	12	13	13	0.000921249
183	13	50256	50256	0.000795364
184	5	3463	8122	4.91322
184	6	318	318	0.192252
184	7	262	262	0.0555162
184	8	29973	3825	3.70328
184	9	2700	4618	4.13317
184	10	7205	88	5.09571
184	11	319	319	0.249739
184	12	281	281	0.302484
184	13	2134	2134	2.56856
184	14	13	13	0.016118
184	15	50256	50256	0.000331879
185	5	7475	7475	2.5064
185	6	11	11	0.0685072
185	7	355	355	0.371706
185	8	618	618	1.71632
185	9	466	6591	4.44399
185	10	407	407	0.888067
185	11	4329	407	4.8617
185	12	836	836	2.61823
185	13	470	470	2.82723
185	14	13	13	0.000181198
185	15	50256	50256	0.000383377
186	5	19700	286	4.69409
186	6	6588	6588	1.76344
186	7	378	378	2.88036
186	8	21622	706	2.74255
186	9	13	13	0.00183105
186	10	50256	50256	0.000808716
187	5	18405	18405	3.70723
187	6	284	284	0.0452375
187	7	2222	787	4.59103
187	8	15619	7310	4.84428
187	9	1657	1657	1.06831
187	10	284	284	0.0929003
187	11	257	257	0.172519
187	12	2962	4417	4.57878
187	13	13	13	0.000343323
187	14	50256	50256	0.00044632
188	5	14310	8122	5.17951
188	6	287	287	0.0728455
188	7	8122	281	2.37828
188	8	284	284	0.063446
188	9	7603	4439	4.63681
188	10	1771	1771	3.17053
188	11	257	257	0.0337582
188	12	4417	4417	1.76785
188	13	318	318	0.203892
188	14	1241	1444	4.06583
188	15	13	13	8.96454e-05
188	16	50256	50256	0.000492096
189	5	262	262	0.0148106
189	6	19517	19517	3.75861
189	7	6896	6896	1.07323
189	8	351	351	0.106775
189	9	262	262	0.0151224
189	10	2297	2297	3.77784
189	11	6896	6896	0.885525
189	12	13	13	0.000576019
189	13	50256	50256	0.000207901
190	5	269	269	1.25504
190	6	8325	8325	2.25287
190	7	298	298	2.28859
190	8	13100	298	6.2676
190	9	290	290	0.158672
190	10	318	318	0.979991
190	11	4318	318	6.65166
190	12	284	284	0.106007
190	13	10469	257	5.01925
190	14	16585	16585	3.22669
190	15	13	13	0.000112534
190	16	50256	50256	0.00110817
191	5	3793	3793	3.4143
191	6	284	284	0.060935
191	7	9161	284	4.53298
191	8	1613	1613	2.11092
191	9	1692	1402	2.64083
191	10	14515	14515	2.26247
191	11	13	13	0.000366211
191	12	50256	50256	0.000204086
192	5	15715	25041	3.5437
192	6	621	621	0.45616
192	7	8122	734	2.90849
192	8	1660	340	2.41214
192	9	11	11	0.118198
192	10	523	326	5.98798
192	11	340	340	1.26614
192	12	36016	36016	2.98188
192	13	13	13	0.000293732
192	14	50256	50256	0.00056839
193	5	9518	9518	3.64197
193	6	11447	11447	2.03777
193	7	10717	10717	2.03168
193	8	13	13	0.00547028
193	9	50256	50256	0.000253677
194	5	656	656	0.132261
194	6	257	257	0.0752096
194	7	4735	4417	3.31836
194	8	13	13	0.00273514
194	9	50256	50256	0.00128746
195	5	262	262	0.0201159
195	6	779	11904	6.1394
195	7	286	286	0.0326347
195	8	1657	1657	2.1303
195	9	290	290	0.0414391
195	10	9082	5369	4.59014
195	11	287	287	0.0219107
195	12	5874	5874	2.18145
195	13	1242	7229	3.57578
195	14	13	13	7.62939e-05
195	15	50256	50256	0.00019455
196	5	6115	422	3.84511
196	6	355	355	0.252728
196	7	257	257	0.316036
196	8	27216	2818	4.07687
196	9	875	875	3.2734
196	10	16912	16912	1.9678
196	11	13	13	0.00100899
196	12	50256	50256	0.000196457
197	5	373	373	1.35524
197	6	257	257	0.0631189
197	7	4960	8122	6.11
197	8	6761	6761	3.50857
197	9	286	286	0.0840902
197	10	21641	1194	5.06059
197	11	290	290	0.100842
197	12	4898	4898	3.29917
197	13	9967	1231	3.7124
197	14	20842	20842	2.61639
197	15	13	13	0.000123978
197	16	50256	50256	0.000246048
198	5	290	290	0.0270815
198	6	2314	1123	5.63677
198	7	47933	47933	1.82182
198	8	832	832	0.145228
198	9	257	257	0.054697
198	10	2818	2818	2.22392
198	11	17076	17076	2.23692
198	12	13	13	0.000322342
198	13	50256	50256	0.000209808
199	5	11945	1194	3.69674
199	6	1978	1978	2.15914
199	7	379	379	0.585976
199	8	867	3668	3.17809
199	9	24039	24039	2.29643
199	10	13	13	0.00391102
199	11	50256	50256	0.000904083
200	5	1022	1022	0.628152
200	6	262	262	0.00787926
200	7	37015	3825	5.42763
200	8	286	286	0.0360985
200	9	8706	8706	2.50228
200	10	290	290	0.0339098
200	11	22721	584	5.20433
200	12	13	13	0.00629997
200	13	50256	50256	0.000236511
201	5	8850	281	2.02056
201	6	5405	2568	4.7498
201	7	621	621	0.283008
201	8	832	262	1.58327
201	9	257	257	0.203525
201	10	17076	12278	4.89416
201	11	13	13	0.000310898
201	12	50256	50256	0.000511169
202	5	257	257	0.0989885
202	6	20831	2060	4.98182
202	7	15283	418	4.15186
202	8	9290	278	4.68825
202	9	4143	4143	3.37982
202	10	12073	2173	4.61829
202	11	663	663	0.137051
202	12	3833	1633	3.20201
202	13	13	13	0.0148115
202	14	50256	50256	0.000501633
203	5	44653	31094	6.16539
203	6	389	389	0.635515
203	7	34262	34262	2.32098
203	8	878	878	1.19407
203	9	511	511	0.967998
203	10	15061	16704	5.93066
203	11	36402	36402	3.02474
203	12	1280	286	3.30126
203	13	13	13	6.29425e-05
203	14	50256	50256	0.00041008
204	5	329	329	0.381585
204	6	262	262	0.0267172
204	7	3491	734	5.95198
204	8	12	12	0.163697
204	9	16760	16760	2.72198
204	10	13888	5667	3.74012
204	11	286	286	0.0222034
204	12	663	663	0.0919809
204	13	8234	2134	4.82681
204	14	17894	17894	3.30923
204	15	13	13	0.00240135
204	16	50256	50256	0.000312805
205	5	10396	10396	2.72404
205	6	12610	12610	2.80198
205	7	6143	6143	3.38835
205	8	27452	5931	4.7754
205	9	1321	1321	1.42819
205	10	1231	1231	0.905819
205	11	12948	852	3.29237
205	12	1176	5667	3.57029
205	13	13	13	4.3869e-05
205	14	50256	50256	0.000137329
206	5	12091	262	4.16371
206	6	21566	21566	3.10283
206	7	260	1231	4.45572
206	8	739	739	1.37054
206	9	262	262	0.0189095
206	10	3112	976	5.32299
206	11	1438	5931	5.37475
206	12	4424	1231	3.9382
206	13	11751	11751	2.18906
206	14	7459	7459	2.56763
206	15	13	13	7.82013e-05
206	16	50256	50256	0.000221252
207	5	1863	1863	2.37906
207	6	262	262	0.00250053
207	7	8830	976	5.00438
207	8	1735	3340	3.8727
207	9	286	286	0.0196304
207	10	2520	262	2.11722
207	11	2253	2253	1.40438
207	12	13	13	8.01086e-05
207	13	50256	50256	0.000343323
208	5	257	257	0.100848
208	6	31607	2060	5.71287
208	7	8122	8122	1.75855
208	8	5732	5732	3.37556
208	9	351	351	0.0895958
208	10	6795	281	5.01432
208	11	13	13	0.00350666
208	12	50256	50256	0.000204086
209	5	3139	3139	1.02152
209	6	1748	1748	1.24091
209	7	286	286	0.014904
209	8	16519	422	3.83845
209	9	13	13	0.00850296
209	10	50256	50256	0.000297546
210	5	379	379	0.513138
210	6	262	262	0.039794
210	7	3641	976	5.68699
210	8	286	286	0.0073719
210	9	674	674	1.80431
210	10	6591	6591	1.11008
210	11	1080	1080	0.786057
210	12	13	13	0.00836372
210	13	50256	50256	0.000352859
211	5	4025	8122	4.3861
211	6	2010	2010	2.7979
211	7	2700	1271	2.93544
211	8	11073	1262	3.10251
211	9	257	257	0.0546074
211	10	4025	257	4.46353
211	11	20309	5931	5.56782
211	12	13	13	0.0302744
211	13	50256	50256	0.000450134
212	5	4656	4656	3.53328
212	6	468	468	0.628843
212	7	6697	257	4.04891
212	8	6698	1271	6.84822
212	9	3025	276	4.46015
212	10	3815	3815	1.8694
212	11	751	88	3.49794
212	12	284	284	0.0389042
212	13	3598	284	3.19695
212	14	13	13	0.00174236
212	15	50256	50256	0.000665665
213	5	262	262	0.00281334
213	6	1138	976	5.17477
213	7	37670	37670	1.5663
213	8	1042	1042	1.6512
213	9	286	286	0.0434837
213	10	30498	286	3.43797
213	11	13	13	0.000981331
213	12	50256	50256	0.000284195
214	5	16662	1141	3.31048
214	6	284	284	0.0328569
214	7	24949	1364	3.70597
214	8	290	290	0.0468416
214	9	28436	24768	4.93028
214	10	2057	2057	1.15917
214	11	13	13	5.53131e-05
214	12	50256	50256	0.000385284
215	5	4257	976	5.06867
215	6	9106	9106	3.59056
215	7	316	316	2.54903
215	8	16982	3994	4.70584
215	9	4879	4879	3.27093
215	10	286	286	0.031004
215	11	9403	2057	3.69829
215	12	6134	6134	1.89623
215	13	13	13	4.3869e-05
215	14	50256	50256	0.000200272
216	5	318	318	0.303328
216	6	262	262	0.131174
216	7	4417	4417	1.98587
216	8	4067	4778	4.48972
216	9	3264	284	4.36705
216	10	2029	2029	2.51883
216	11	663	663	0.117957
216	12	2962	2134	3.87674
216	13	13	13	0.000776291
216	14	50256	50256	0.000246048
217	5	318	318	0.237697
217	6	9086	9086	2.59777
217	7	1022	1022	0.976719
217	8	16256	606	5.75245
217	9	290	290	0.102894
217	10	46117	46117	4.13692
217	11	968	13204	4.46057
217	12	22777	286	4.71494
217	13	13	13	3.62396e-05
217	14	50256	50256	0.000448227
218	5	981	981	1.21062
218	6	8868	8868	3.32722
218	7	23822	5594	5.18135
218	8	1022	1022	0.455005
218	9	606	606	0.980301
218	10	13	13	0.0129995
218	11	50256	50256	0.00157166
219	5	8811	925	1.9067
219	6	925	925	0.717198
219	7	422	422	0.097887
219	8	22365	15317	4.85826
219	9	388	388	2.36066
219	10	17135	6317	4.74797
219	11	5026	5026	1.84261
219	12	47196	47196	1.7967
219	13	13	13	0.00713348
219	14	50256	50256	0.000276566
220	5	780	780	2.54045
220	6	484	307	2.68141
220	7	389	389	0.580516
220	8	19346	307	5.55069
220	9	621	621	0.270219
220	10	262	262	0.0268917
220	11	7346	1767	4.30397
220	12	6591	6591	1.37165
220	13	4417	1080	2.5301
220	14	13	13	0.000104904
220	15	50256	50256	0.000606537
221	5	262	262	0.00798416
221	6	8434	8434	3.18255
221	7	21405	21405	3.33821
221	8	286	286	0.0348167
221	9	1728	867	3.6492
221	10	7150	7150	2.32643
221	11	13	13	0.0199213
221	12	50256	50256	0.000295639
222	5	2187	355	4.1192
222	6	287	287	0.055232
222	7	10801	4492	4.50142
222	8	290	290	0.0284843
222	9	12070	4695	4.8146
222	10	284	284	0.0860491
222	11	4439	257	2.02257
222	12	3056	6134	5.11934
222	13	13	13	0.000354767
222	14	50256	50256	0.000284195
223	5	395	395	2.3244
223	6	563	563	2.61784
223	7	28539	973	4.98962
223	8	2995	2630	4.23677
223	9	7346	511	3.18753
223	10	262	262	0.0372248
223	11	19636	976	4.83466
223	12	29179	29179	2.8772
223	13	286	286	0.00952053
223	14	4492	4492	2.49462
223	15	13	13	0.000249863
223	16	50256	50256	0.000192642
224	5	9565	21334	6.45613
224	6	832	832	0.137682
224	7	35115	35115	2.73603
224	8	13	13	0.00120544
224	9	50256	50256	0.000358582
225	5	16824	3139	4.29276
225	6	262	262	0.0122023
225	7	2159	976	5.53173
225	8	287	287	0.0346718
225	9	412	287	3.73308
225	10	14400	12579	2.85093
225	11	12579	12579	2.32761
225	12	5679	5679	2.31987
225	13	1380	1380	3.70216
225	14	576	576	2.67582
225	15	292	666	3.94294
225	16	376	376	3.026
225	17	10332	10332	2.9539
225	18	13	13	0.000705719
225	19	50256	50256	0.000225067
226	5	257	257	0.0458508
226	6	3288	3288	3.93236
226	7	18645	18645	3.78318
226	8	1022	1022	0.415032
226	9	4881	1022	5.1698
226	10	290	290	0.0195436
226	11	8602	584	5.08295
226	12	13	13	0.00780296
226	13	50256	50256	0.000459671
227	5	1296	618	2.33512
227	6	618	618	0.831671
227	7	27163	1296	4.55695
227	8	13166	3815	3.14707
227	9	1716	1716	1.70238
227	10	16001	5931	5.04545
227	11	276	276	1.32474
227	12	290	290	0.340738
227	13	20534	1123	5.09437
227	14	276	276	0.946135
227	15	1978	1978	1.82324
227	16	13	13	0.000133514
227	17	50256	50256	0.000518799
228	5	5931	5931	1.01719
228	6	4847	4847	3.04655
228	7	287	287	0.0499163
228	8	1502	12278	4.40428
228	9	286	286	0.0533791
228	10	3649	3649	3.75669
228	11	17226	9016	3.81811
228	12	1271	1271	1.63972
228	13	13	13	6.29425e-05
228	14	50256	50256	0.00056076
229	5	1141	1141	1.44319
229	6	262	262	0.0124998
229	7	3227	3139	4.98825
229	8	286	286	0.0111113
229	9	18391	18391	4.09375
229	10	4778	4778	1.24852
229	11	13	13	0.000106812
229	12	50256	50256	0.00038147
230	5	5931	5931	1.33067
230	6	33543	5931	4.45069
230	7	290	290	0.103485
230	8	6149	1123	3.94158
230	9	5387	5387	3.91544
230	10	15121	6772	4.86855
230	11	8573	8573	1.50318
230	12	13	13	0.00712109
230	13	50256	50256	0.000646591
231	5	287	287	0.0954704
231	6	281	281	0.250132
231	7	26433	2134	4.70087
231	8	338	338	0.110396
231	9	7446	4417	3.99721
231	10	8379	3815	2.80813
231	11	13	13	0.00727081
231	12	50256	50256	0.000265121
232	5	45656	45656	2.33154
232	6	621	621	0.256807
232	7	7424	7424	2.37357
232	8	45725	2266	4.51797
232	9	1657	1657	1.1908
232	10	13	13	0.00022316
232	11	50256	50256	0.0010643
233	5	422	422	0.224775
233	6	11135	5100	4.77509
233	7	3812	3812	2.44702
233	8	262	262	0.0330572
233	9	6727	15921	5.60072
233	10	3354	4618	3.75777
233	11	286	286	0.00996876
233	12	257	257	0.308128
233	13	4618	4417	3.08577
233	14	13	13	0.000383377
233	15	50256	50256	0.000270844
234	5	11	11	0.035244
234	6	511	511	0.522381
234	7	781	781	3.92073
234	8	16415	2385	3.84635
234	9	43855	11447	4.45322
234	10	606	286	1.88425
234	11	21258	606	4.68717
234	12	13	13	0.00495529
234	13	50256	50256	0.000156403
235	5	338	338	0.036871
235	6	10861	3139	3.98845
235	7	49831	49831	3.10138
235	8	560	560	2.69071
235	9	9335	560	4.12985
235	10	373	373	0.792945
235	11	4624	4624	3.89452
235	12	625	625	0.592384
235	13	465	383	3.25797
235	14	285	584	3.19042
235	15	13929	13929	2.92789
235	16	1431	13929	3.6621
235	17	1182	2587	3.82936
235	18	13	13	6.29425e-05
235	19	50256	50256	0.000242233
236	5	5752	2060	6.51467
236	6	24139	422	4.58133
236	7	1626	1626	0.79641
236	8	257	257	0.0432501
236	9	50126	50126	3.46906
236	10	6831	1716	3.56761
236	11	3084	4778	4.44535
236	12	13	13	9.53674e-05
236	13	50256	50256	0.000230789
237	5	2168	6156	4.13031
237	6	6673	1626	5.45341
237	7	511	511	0.36113
237	8	4180	4180	3.61027
237	9	1817	1817	2.41773
237	10	13	13	0.00224686
237	11	50256	50256	0.000457764
238	5	379	379	0.774872
238	6	393	393	0.925848
238	7	1474	318	3.61454
238	8	3668	257	2.14469
238	9	338	338	0.0370893
238	10	4417	4417	1.4827
238	11	13	13	0.000146866
238	12	50256	50256	0.000267029
239	5	23426	23426	2.90719
239	6	6007	1900	3.72912
239	7	286	286	0.0159702
239	8	12605	286	3.91381
239	9	13232	13232	2.09858
239	10	5474	5474	2.8402
239	11	13	13	8.96454e-05
239	12	50256	50256	9.91821e-05
240	5	1366	1366	2.96519
240	6	523	1037	4.97321
240	7	326	326	0.383931
240	8	5100	5186	3.61318
240	9	1895	1895	4.1967
240	10	460	460	0.485141
240	11	307	307	2.41463
240	12	5443	6134	5.13474
240	13	13	13	0.000238419
240	14	50256	50256	0.000238419
241	5	636	636	2.4156
241	6	286	286	0.110579
241	7	262	262	0.0396681
241	8	4865	976	6.19992
241	9	1022	1022	0.369181
241	10	3340	1022	3.92086
241	11	290	290	0.179679
241	12	262	262	0.00486469
241	13	1578	976	3.18343
241	14	1829	1829	1.21986
241	15	13	13	6.48499e-05
241	16	50256	50256	0.000518799
242	5	286	286	0.0258112
242	6	14807	5828	3.59594
242	7	287	287	0.0254898
242	8	21199	21199	1.79191
242	9	7229	7229	1.07174
242	10	13	13	0.00675392
242	11	50256	50256	0.000349045
243	5	262	262	0.0739546
243	6	16936	976	5.8021
243	7	1900	1900	0.521416
243	8	3491	329	8.2768
243	9	284	284	0.149321
243	10	262	262	0.00850487
243	11	3825	3825	2.44557
243	12	13	13	2.28882e-05
243	13	50256	50256	0.000177383
244	5	5400	5400	3.08849
244	6	287	287	0.0133934
244	7	511	511	0.472075
244	8	30772	30772	2.63996
244	9	13	13	0.00140953
244	10	50256	50256	0.000314713
245	5	3154	11904	8.17221
245	6	5667	5667	0.925306
245	7	379	379	0.488836
245	8	262	262	0.0453138
245	9	1660	1660	2.57135
245	10	338	338	0.147741
245	11	4417	4417	1.68634
245	12	13	13	0.00028038
245	13	50256	50256	0.000240326
246	5	1864	925	3.80151
246	6	284	284	0.0236912
246	7	511	511	1.38033
246	8	12213	13042	6.15923
246	9	351	351	0.131622
246	10	3867	257	5.62271
246	11	290	290	0.0208998
246	12	31607	2247	5.18847
246	13	21164	21164	3.16717
246	14	13	13	4.95911e-05
246	15	50256	50256	0.000213623
247	5	329	329	0.42771
247	6	496	496	1.57405
247	7	2354	2354	3.93639
247	8	257	257	0.0416479
247	9	35881	1729	5.61893
247	10	389	389	0.326395
247	11	4048	4048	2.68191
247	12	13	13	0.000696182
247	13	50256	50256	0.000314713
248	5	262	262	0.0221939
248	6	4898	3825	3.20797
248	7	7972	416	2.9683
248	8	1641	1641	1.26364
248	9	3805	3805	1.70987
248	10	663	663	0.116215
248	11	1877	21334	4.39235
248	12	7881	7881	3.17374
248	13	13	13	0.00238705
248	14	50256	50256	0.000310898
249	5	511	511	0.65486
249	6	2057	5667	3.06754
249	7	7525	7525	1.4982
249	8	416	416	0.115661
249	9	6600	867	3.35132
249	10	584	4618	3.02131
249	11	4695	4695	1.75943
249	12	13	13	5.34058e-05
249	13	50256	50256	0.000305176
250	5	15772	15772	3.57014
250	6	7386	4695	4.36777
250	7	3891	2641	3.81276
250	8	656	656	0.102029
250	9	6101	12899	4.37061
250	10	9405	9405	2.66543
250	11	13	13	8.2016e-05
250	12	50256	50256	0.000455856
251	5	318	318	0.294484
251	6	4055	3917	5.78217
251	7	276	276	1.08952
251	8	287	287	0.0866327
251	9	281	281	0.320632
251	10	11557	2134	3.37884
251	11	1080	1080	1.04541
251	12	13	13	0.000629425
251	13	50256	50256	0.00030899
252	5	257	257	0.0571966
252	6	4553	2818	4.34288
252	7	18480	2266	5.57399
252	8	3108	5931	5.05046
252	9	329	329	0.262589
252	10	1123	1123	0.608762
252	11	4151	584	4.04641
252	12	13	13	0.00969219
252	13	50256	50256	0.000257492
253	5	973	973	0.845165
253	6	2116	355	6.08391
253	7	12	12	0.118057
253	8	634	820	3.36846
253	9	27554	27554	2.84871
253	10	284	284	0.082036
253	11	7301	7301	3.38894
253	12	607	607	1.36053
253	13	1204	11904	4.35935
253	14	290	290	0.042264
253	15	5369	5369	1.3846
253	16	13	13	0.000198364
253	17	50256	50256	0.000274658
254	5	11904	11904	1.82349
254	6	326	326	0.79923
254	7	1663	1663	2.7383
254	8	2641	2641	1.62523
254	9	262	262	0.0274086
254	10	37185	3825	7.00181
254	11	286	286	0.0375319
254	12	1232	4492	3.8963
254	13	2454	2454	2.76651
254	14	6134	6134	1.98371
254	15	13	13	4.19617e-05
254	16	50256	50256	0.000482559
255	5	3491	1402	4.19915
255	6	287	287	0.0576162
255	7	3668	511	2.82216
255	8	338	338	0.177733
255	9	1755	3139	4.93172
255	10	6766	5931	5.71021
255	11	618	618	0.524554
255	12	9569	281	4.51409
255	13	416	416	0.0511036
255	14	4156	38797	3.79104
255	15	5874	5874	1.75237
255	16	22204	22204	2.29366
255	17	13	13	8.96454e-05
255	18	50256	50256	0.000284195
256	5	16968	16968	4.20265
256	6	11	11	0.0638628
256	7	3584	3584	3.60261
256	8	617	544	3.17331
256	9	5696	1321	4.0853
256	10	17438	416	4.30244
256	11	10338	64	5.3234
256	12	625	625	0.930078
256	13	1728	383	5.32872
256	14	5951	5951	2.33882
256	15	16069	13	3.93376
256	16	13	13	0.000120163
256	17	50256	50256	0.000177383
257	5	12	12	0.155821
257	6	7784	820	4.07197
257	7	29984	1767	5.06346
257	8	1043	8384	2.59488
257	9	287	287	0.0277939
257	10	5044	511	3.61778
257	11	4778	4778	1.13607
257	12	13	13	8.2016e-05
257	13	50256	50256	0.000228882
258	5	324	2138	4.48977
258	6	2627	3139	4.03125
258	7	262	262	0.0338936
258	8	717	3139	5.16244
258	9	1893	1893	2.1368
258	10	286	286	0.0171757
258	11	3794	3668	4.34222
258	12	287	287	0.0428877
258	13	11445	11445	3.74859
258	14	13	13	0.00366974
258	15	50256	50256	0.000150681
259	5	422	422	0.117111
259	6	543	543	2.10684
259	7	749	484	4.37489
259	8	1660	1660	1.30197
259	9	290	290	0.0709038
259	10	7545	584	4.68046
259	11	1540	1973	6.73415
259	12	2340	2340	1.81395
259	13	423	460	2.35258
259	14	587	1063	4.68401
259	15	4615	4615	1.91371
259	16	13	13	0.000261307
259	17	50256	50256	0.000537872
260	5	422	422	0.0894995
260	6	826	826	3.03371
260	7	284	284	0.093688
260	8	1364	284	2.84904
260	9	13	13	0.0105953
260	10	50256	50256	0.00175476
261	5	286	286	0.0549316
261	6	867	867	1.70389
261	7	1402	1402	1.46607
261	8	12734	4778	3.77457
261	9	11856	12734	4.53509
261	10	1978	1978	1.4186
261	11	13	13	0.000164032
261	12	50256	50256	0.000644684
262	5	3917	3917	1.07069
262	6	351	351	0.108976
262	7	262	262	0.0111446
262	8	4960	976	4.53967
262	9	6260	6260	2.86259
262	10	1001	1001	3.40574
262	11	72	72	1.61605
262	12	911	72	4.28834
262	13	261	261	1.97414
262	14	1840	13	3.85941
262	15	13	13	0.00380707
262	16	50256	50256	0.00030899
263	5	558	558	2.54656
263	6	504	2630	2.97824
263	7	351	351	0.14298
263	8	6466	351	4.59774
263	9	276	276	1.12718
263	10	21755	21622	4.35578
263	11	290	290	0.0357847
263	12	7097	584	5.22154
263	13	25612	47196	3.86533
263	14	13	13	0.00216293
263	15	50256	50256	0.000320435
264	5	3356	3139	3.43135
264	6	1863	329	1.92785
264	7	31025	13	5.21183
264	8	287	287	0.0841084
264	9	3668	3668	1.46979
264	10	338	338	0.0475349
264	11	20048	4417	5.46281
264	12	13	13	0.000106812
264	13	50256	50256	0.000391006
265	5	318	318	0.164642
265	6	29679	3917	5.91331
265	7	11	11	0.133281
265	8	543	543	1.60535
265	9	14582	5419	4.67569
265	10	1973	1973	1.0616
265	11	1811	262	3.14869
265	12	14807	14807	2.93613
265	13	13	13	0.000120163
265	14	50256	50256	0.00022316
266	5	33274	468	3.96855
266	6	468	468	0.631323
266	7	27913	27913	3.85881
266	8	1744	5207	5.48795
266	9	3815	3815	1.67853
266	10	329	329	0.34845
266	11	1123	1123	0.779663
266	12	16839	584	4.99222
266	13	13	13	8.96454e-05
266	14	50256	50256	0.000818253
267	5	1022	1022	0.638051
267	6	262	262	0.0698624
267	7	2910	1767	4.12108
267	8	290	290	0.0795374
267	9	7346	584	3.39382
267	10	21379	21379	2.06455
267	11	13	13	0.000766754
267	12	50256	50256	0.000164032
268	5	13042	13042	3.57285
268	6	16524	832	4.10482
268	7	287	287	0.1078
268	8	8150	290	5.37053
268	9	82	82	1.92669
268	10	13	13	0.00540161
268	11	50256	50256	0.000431061
269	5	8701	3825	4.75409
269	6	1641	1641	1.65823
269	7	3805	3805	1.6135
269	8	663	663	0.164184
269	9	4898	4898	3.60801
269	10	88	329	3.06718
269	11	21552	397	5.65689
269	12	13	13	0.00066185
269	13	50256	50256	0.000236511
270	5	10451	3288	4.93827
270	6	552	552	3.66271
270	7	1769	1769	4.51817
270	8	257	257	0.0166645
270	9	1988	4417	6.32615
270	10	422	422	0.53935
270	11	584	511	3.63245
270	12	3815	3815	2.26602
270	13	393	393	0.385613
270	14	14700	14700	2.73351
270	15	13	13	6.29425e-05
270	16	50256	50256	0.000314713
271	5	618	618	0.969067
271	6	340	340	2.27545
271	7	468	468	1.73157
271	8	257	257	0.17535
271	9	7515	2060	6.20455
271	10	1863	1863	2.31125
271	11	281	281	0.348724
271	12	2134	2134	2.33544
271	13	338	338	0.33489
271	14	29358	29358	3.62846
271	15	13	13	0.0018177
271	16	50256	50256	0.000572205
272	5	663	663	0.0750542
272	6	22421	21334	4.57368
272	7	981	981	1.29217
272	8	23934	23934	3.79829
272	9	262	262	0.00757599
272	10	20016	3825	5.99051
272	11	1022	1022	0.424866
272	12	606	606	1.00848
272	13	13	13	6.29425e-05
272	14	50256	50256	0.000272751
273	5	5667	4417	2.88958
273	6	8811	8811	2.02691
273	7	3417	925	4.05652
273	8	355	355	0.179688
273	9	25209	25209	4.02639
273	10	13	13	0.0158768
273	11	50256	50256	0.000551224
274	5	3601	12278	7.05954
274	6	540	1231	4.16466
274	7	7128	1231	4.24886
274	8	5241	5241	3.62239
274	9	416	416	0.0739794
274	10	7720	14583	5.74934
274	11	656	656	0.166397
274	12	257	257	0.0732441
274	13	4417	4417	1.4015
274	14	13	13	4.19617e-05
274	15	50256	50256	0.000898361
275	5	4909	4909	1.22667
275	6	27253	27253	4.30558
275	7	11945	11945	2.43984
275	8	13	13	0.00119019
275	9	50256	50256	0.000196457
276	5	530	530	1.76269
276	6	6588	1194	2.2278
276	7	22037	23235	3.6134
276	8	290	290	0.134793
276	9	734	530	1.67208
276	10	11863	11863	3.06686
276	11	23235	23235	1.84888
276	12	13	13	0.00202751
276	13	50256	50256	0.000497818
277	5	48159	48159	1.98047
277	6	2094	2094	1.86186
277	7	2264	2264	1.25096
277	8	844	844	1.81023
277	9	1258	1258	2.49083
277	10	319	319	0.422452
277	11	465	281	5.26054
277	12	17545	17545	3.32792
277	13	13	13	0.000114441
277	14	50256	50256	0.000509262
278	5	1657	1657	1.52242
278	6	284	284	0.131064
278	7	3151	284	4.05659
278	8	262	262	0.0320559
278	9	2939	3825	4.92272
278	10	12694	284	5.24539
278	11	329	329	0.320448
278	12	517	530	3.97693
278	13	640	606	3.73474
278	14	13	13	0.000219345
278	15	50256	50256	0.000650406
279	5	47969	1296	4.43836
279	6	11	11	0.0327139
279	7	730	730	3.09308
279	8	335	2264	4.90421
279	9	82	82	1.79008
279	10	1845	326	4.98959
279	11	11	11	0.0577517
279	12	290	290	0.048502
279	13	285	584	3.39098
279	14	3970	276	4.19061
279	15	21622	21622	2.1069
279	16	13	13	0.000169754
279	17	50256	50256	0.000226974
280	5	422	422	0.0952244
280	6	11527	11527	4.25025
280	7	45926	973	5.31687
280	8	11	11	0.141611
280	9	981	981	1.39338
280	10	29049	29049	3.62942
280	11	363	363	1.18278
280	12	76	83	3.10167
280	13	2737	666	5.47279
280	14	1663	1663	2.19611
280	15	18644	276	4.09626
280	16	422	422	0.0538082
280	17	11527	383	4.15365
280	18	18570	18570	3.12041
280	19	13	13	3.62396e-05
280	20	50256	50256	0.000576019
281	5	16697	584	6.02177
281	6	262	262	0.00644302
281	7	1767	1767	3.16722
281	8	338	338	0.0720387
281	9	1660	4417	2.52789
281	10	290	290	0.0389271
281	11	8268	584	4.99913
281	12	5236	5236	2.96221
281	13	13	13	4.19617e-05
281	14	50256	50256	0.000131607
282	5	1936	1936	3.72128
282	6	16021	16021	2.76253
282	7	3951	3951	2.44338
282	8	13	13	0.0335245
282	9	50256	50256	0.000534058
283	5	1573	8122	4.31302
283	6	351	351	0.12604
283	7	257	257	0.0314789
283	8	3616	1729	6.82
283	9	2092	393	5.18948
283	10	284	284	0.126216
283	11	326	618	3.49583
283	12	286	286	0.0583344
283	13	1194	1194	1.87105
283	14	1573	13	6.60281
283	15	13	13	0.000295639
283	16	50256	50256	0.000804901
284	5	11	11	0.0641708
284	6	262	262	0.0226011
284	7	11087	976	5.38077
284	8	18333	18333	2.55631
284	9	286	286	0.038084
284	10	257	257	0.116096
284	11	22950	2818	5.55259
284	12	751	751	2.85442
284	13	284	284	0.0893583
284	14	11546	4439	5.3682
284	15	7370	7370	1.96401
284	16	13	13	0.000226974
284	17	50256	50256	0.000555038
285	5	262	262	0.0358696
285	6	1767	734	3.05264
285	7	416	416	0.238325
285	8	10427	867	6.73121
285	9	319	319	0.167562
285	10	11945	11945	3.12647
285	11	13	13	0.00449181
285	12	50256	50256	0.000352859
286	5	1487	307	5.92829
286	6	262	262	0.0249786
286	7	4571	3825	4.2072
286	8	287	287	0.0392876
286	9	543	543	1.76761
286	10	257	257	0.188316
286	11	17182	2818	4.93231
286	12	8991	8991	4.09072
286	13	2700	2700	2.46514
286	14	13	13	0.000131607
286	15	50256	50256	0.000173569
287	5	422	422	0.224346
287	6	262	262	0.0134935
287	7	9151	1767	5.94442
287	8	981	981	1.47052
287	9	4305	4305	4.1954
287	10	749	867	3.58615
287	11	26306	867	3.9642
287	12	37056	37056	3.25349
287	13	2157	2157	3.39673
287	14	13	13	0.00345325
287	15	50256	50256	0.000291824
288	5	9149	925	3.05956
288	6	326	326	0.36615
288	7	24624	326	5.29654
288	8	9240	8811	4.31678
288	9	393	393	0.154987
288	10	3520	44400	4.87253
288	11	287	287	0.0175095
288	12	511	511	0.445745
288	13	2656	2656	3.87927
288	14	1502	1366	4.46352
288	15	13	13	5.34058e-05
288	16	50256	50256	0.000179291
289	5	262	262	0.0151157
289	6	2166	3825	4.84996
289	7	286	286	0.0294647
289	8	262	262	0.0642376
289	9	5422	3825	4.34594
289	10	1037	1037	1.20132
289	11	2005	606	4.86315
289	12	2057	2057	1.34087
289	13	13	13	0.00433159
289	14	50256	50256	0.000230789
290	5	14705	3825	6.00343
290	6	287	287	0.0705652
290	7	674	674	1.77174
290	8	6591	6591	0.742671
290	9	1080	1080	0.954848
290	10	318	318	0.200349
290	11	12548	422	5.006
290	12	19606	422	3.03339
290	13	13	13	0.00860596
290	14	50256	50256	0.000259399
291	5	5207	5207	1.23039
291	6	286	286	0.116429
291	7	4898	4898	3.13965
291	8	1262	1262	1.4416
291	9	987	987	3.49868
291	10	48331	48331	0.786647
291	11	30514	5667	4.01169
291	12	290	290	0.0371456
291	13	20567	5369	3.20407
291	14	13	13	0.000154495
291	15	50256	50256	0.000398636
292	5	2656	2656	3.80015
292	6	2060	2060	3.06853
292	7	12	12	0.203999
292	8	26327	820	4.92746
292	9	3815	3815	1.87969
292	10	618	618	0.713218
292	11	30240	281	4.07771
292	12	287	287	0.0488453
292	13	41002	281	4.26703
292	14	12	12	0.112015
292	15	23	820	3.46978
292	16	13	13	0.000196457
292	17	50256	50256	0.000213623
293	5	12737	12737	3.1398
293	6	287	287	0.048728
293	7	2877	2877	2.99477
293	8	20296	1626	3.80557
293	9	1231	1231	1.15997
293	10	852	852	1.83373
293	11	13529	852	3.77556
293	12	416	416	0.217992
293	13	883	21072	5.65734
293	14	12737	12737	2.66835
293	15	13	13	4.19617e-05
293	16	50256	50256	0.00147247
294	5	460	460	0.620836
294	6	3067	460	6.15004
294	7	832	832	0.321333
294	8	1111	3668	4.11758
294	9	1540	1540	4.1032
294	10	2340	2340	1.62593
294	11	290	290	0.0999937
294	12	38236	38236	3.04626
294	13	13	13	4.19617e-05
294	14	50256	50256	0.000377655
295	5	13991	281	4.52384
295	6	287	287	0.0755167
295	7	3833	3833	2.27374
295	8	13	13	5.91278e-05
295	9	50256	50256	0.000707626
296	5	24742	1588	5.84755
296	6	12	12	0.10392
296	7	14337	820	4.72341
296	8	24438	636	3.80174
296	9	14921	5563	3.84575
296	10	287	287	0.138405
296	11	3624	6156	3.59012
296	12	15274	4778	7.11354
296	13	290	290	0.116284
296	14	3624	584	3.40332
296	15	15180	15180	2.50466
296	16	13	13	0.000108719
296	17	50256	50256	0.000284195
297	5	7042	3170	2.9
297	6	416	416	0.173023
297	7	8902	8902	3.27349
297	8	15134	7545	3.50607
297	9	28856	28856	2.32086
297	10	13	13	0.0109644
297	11	50256	50256	0.000463486
298	5	1402	1402	1.83898
298	6	11	11	1.22666
298	7	9403	5667	2.8665
298	8	12	12	0.155629
298	9	38301	820	4.48154
298	10	37215	37215	3.36341
298	11	431	431	2.01951
298	12	5289	5289	2.01684
298	13	13	13	0.000118256
298	14	50256	50256	0.000101089
299	5	338	338	0.142223
299	6	2494	22204	4.94481
299	7	1231	1231	0.867787
299	8	852	852	1.84699
299	9	13529	852	3.52324
299	10	4045	8384	3.72015
299	11	287	287	0.129732
299	12	326	326	2.44006
299	13	6317	6317	1.81189
299	14	13	13	0.000192642
299	15	50256	50256	0.000265121
300	5	1474	1474	1.02696
300	6	262	262	0.00278664
300	7	47441	3825	4.22807
300	8	9700	9700	2.12016
300	9	5866	5866	1.194
300	10	13	13	0.00456238
300	11	50256	50256	0.000291824
301	5	257	257	0.0553389
301	6	3463	8122	4.95694
301	7	286	286	0.0172319
301	8	11711	281	5.02763
301	9	4961	4961	2.64238
301	10	284	284	0.136437
301	11	663	663	0.677461
301	12	898	1633	3.95073
301	13	3463	8122	3.35262
301	14	13	13	8.96454e-05
301	15	50256	50256	0.000392914
302	5	11	11	0.0243721
302	6	2138	2138	0.288702
302	7	621	621	0.0807467
302	8	6586	9970	4.26673
302	9	393	393	0.219158
302	10	10930	10930	2.81454
302	11	13	13	0.000167847
302	12	50256	50256	0.000226974
303	5	373	373	1.26439
303	6	15283	3170	5.04276
303	7	287	287	0.0425816
303	8	4492	4492	2.78381
303	9	287	287	0.0169811
303	10	1105	1105	3.62354
303	11	1314	1314	2.39782
303	12	13	13	0.000268936
303	13	50256	50256	0.000310898
304	5	78	78	1.2766
304	6	1990	326	3.93488
304	7	15688	15688	3.26923
304	8	338	338	0.0607328
304	9	10003	10003	3.64799
304	10	290	290	0.0350094
304	11	14944	290	4.66069
304	12	17862	287	3.42625
304	13	10399	10399	3.57782
304	14	319	319	0.123713
304	15	6882	38797	4.5942
304	16	295	295	2.38976
304	17	371	371	2.83033
304	18	2093	2093	3.37187
304	19	10875	10875	2.01735
304	20	1134	10875	5.19872
304	21	709	751	3.98966
304	22	13	13	0.00883865
304	23	50256	50256	0.000217438
305	5	385	385	1.30644
305	6	6486	1663	3.64545
305	7	287	287	0.0466518
305	8	644	2520	6.51078
305	9	318	318	0.139839
305	10	783	543	3.88171
305	11	7137	7137	3.12964
305	12	13	13	0.007267
305	13	50256	50256	0.000211716
306	5	286	286	0.0212965
306	6	262	262	0.00784492
306	7	1578	1578	2.99539
306	8	7526	1829	2.58241
306	9	13	13	8.01086e-05
306	10	50256	50256	0.000154495
307	5	29867	286	3.69183
307	6	17556	17556	2.81704
307	7	13	13	8.2016e-05
307	8	50256	50256	0.000425339
308	5	25041	25041	1.27164
308	6	30468	9030	4.82739
308	7	326	326	0.265701
308	8	645	645	1.24659
308	9	2392	2010	3.78344
308	10	8080	8080	2.56869
308	11	8850	8850	1.42752
308	12	4755	4618	3.65378
308	13	21748	21748	3.96228
308	14	13	13	0.00782394
308	15	50256	50256	0.000514984
309	5	3562	373	3.93357
309	6	416	416	0.13024
309	7	20849	645	3.95714
309	8	7068	7068	1.45297
309	9	449	449	2.62796
309	10	1211	1211	3.0746
309	11	7273	7273	2.05218
309	12	26361	26361	1.37766
309	13	13	13	0.000597
309	14	50256	50256	0.000221252
310	5	2788	2788	3.46826
310	6	4331	4289	5.64484
310	7	326	326	0.233682
310	8	4100	257	3.49562
310	9	65	22311	3.99178
310	10	2788	2788	3.30093
310	11	481	284	3.7316
310	12	1716	1716	1.80613
310	13	5822	1366	4.34735
310	14	13	13	0.00012207
310	15	50256	50256	0.00038147
311	5	5865	5865	2.65022
311	6	15417	689	5.60554
311	7	389	389	0.40728
311	8	7310	7310	2.8268
311	9	8950	8950	3.36223
311	10	13	13	0.000555038
311	11	50256	50256	0.000516891
312	5	28028	2173	4.00135
312	6	1141	1141	0.689606
312	7	262	262	0.0111465
312	8	1218	4417	4.43426
312	9	39210	706	4.41148
312	10	37078	37078	1.56209
312	11	13	13	0.000209808
312	12	50256	50256	0.000455856
313	5	2685	2685	2.33883
313	6	26161	373	5.19515
313	7	1657	1657	1.44996
313	8	656	656	0.239904
313	9	12278	257	3.26831
313	10	2568	2568	0.808298
313	11	13	13	0.0272703
313	12	50256	50256	0.0007267
314	5	355	355	0.400953
314	6	2153	281	4.47738
314	7	2611	2611	3.22519
314	8	3608	5419	5.20632
314	9	82	82	1.96773
314	10	379	379	0.600049
314	11	3095	8850	6.1366
314	12	12	12	0.172913
314	13	78	16760	3.28187
314	14	5829	6945	4.39884
314	15	5755	5755	3.74858
314	16	3212	3212	2.4021
314	17	13	13	0.00440598
314	18	50256	50256	0.000932693
315	5	407	407	0.862189
315	6	3706	407	4.79567
315	7	12622	12622	2.70358
315	8	45738	45738	2.36461
315	9	13	13	0.0171099
315	10	50256	50256	0.000307083
316	5	262	262	0.0306892
316	6	21231	262	5.25353
316	7	8769	31094	4.48743
316	8	78	78	1.5651
316	9	43397	1863	4.06072
316	10	257	257	0.0443306
316	11	5766	4876	5.53021
316	12	286	286	0.0262766
316	13	530	530	1.25076
316	14	7319	7319	2.72916
316	15	13	13	0.0118465
316	16	50256	50256	0.000165939
317	5	29260	29260	3.71464
317	6	692	692	3.21898
317	7	295	295	2.89139
317	8	4193	4193	3.28301
317	9	42790	338	3.72873
317	10	14075	625	3.8998
317	11	13550	13550	1.99758
317	12	34619	34619	1.38739
317	13	746	746	2.39609
317	14	82	82	1.89882
317	15	287	287	0.0514297
317	16	262	262	0.0194092
317	17	29666	976	5.16146
317	18	4289	4289	1.3391
317	19	13	13	0.000162125
317	20	50256	50256	0.000278473
318	5	925	925	1.10854
318	6	422	422	1.00723
318	7	373	262	2.95072
318	8	17914	3170	3.4381
318	9	2058	373	4.51074
318	10	8384	8384	0.953162
318	11	422	422	0.196329
318	12	663	663	0.559719
318	13	1036	21334	5.75494
318	14	515	4778	3.96286
318	15	10717	706	4.36749
318	16	13	13	0.00944424
318	17	50256	50256	0.00111961
319	5	422	422	0.182311
319	6	262	262	0.00569725
319	7	16577	8434	4.06022
319	8	9529	9529	3.43495
319	9	528	528	2.24179
319	10	2586	274	3.64703
319	11	286	286	0.0454483
319	12	262	262	0.0522118
319	13	7858	976	5.28657
319	14	946	541	4.94108
319	15	4618	4618	1.29211
319	16	13	13	0.00279808
319	17	50256	50256	0.000257492
320	5	286	286	0.0259943
320	6	262	262	0.0197735
320	7	12108	3139	3.04721
320	8	286	286	0.0250311
320	9	5828	286	2.41868
320	10	13	13	0.00108528
320	11	50256	50256	0.000272751
321	5	37185	11904	6.71718
321	6	7268	48331	3.97224
321	7	262	262	0.119696
321	8	11904	11904	2.55962
321	9	973	973	1.05832
321	10	284	284	0.225041
321	11	787	284	2.62262
321	12	11311	11311	3.24269
321	13	13	13	2.67029e-05
321	14	50256	50256	0.000198364
322	5	29909	29909	3.94545
322	6	3348	3348	2.08713
322	7	656	656	0.139819
322	8	15268	15268	3.67462
322	9	13	13	0.00263596
322	10	50256	50256	0.00097084
323	5	734	734	1.0238
323	6	5621	284	3.7422
323	7	286	286	0.0285215
323	8	14390	4695	5.54708
323	9	11	11	0.129419
323	10	8811	8811	1.19524
323	11	1444	1444	1.14242
323	12	25825	25825	3.45023
323	13	290	290	0.0245457
323	14	356	5369	4.67717
323	15	701	701	2.43341
323	16	13	13	0.000463486
323	17	50256	50256	0.000211716
324	5	257	257	0.213
324	6	1573	2060	4.90512
324	7	338	338	0.113323
324	8	2779	4417	5.13739
324	9	11	11	0.111229
324	10	9472	407	3.03091
324	11	257	257	0.0698328
324	12	35488	1729	5.07221
324	13	318	318	0.10595
324	14	7223	1444	6.25704
324	15	706	706	1.71224
324	16	340	340	1.07899
324	17	13	13	0.000135422
324	18	50256	50256	0.000537872
325	5	3912	3139	5.14488
325	6	1900	1900	0.608656
325	7	355	355	0.169614
325	8	26153	880	4.43626
325	9	338	338	0.0611954
325	10	16734	16734	2.15279
325	11	13	13	5.14984e-05
325	12	50256	50256	0.00019455
326	5	318	318	0.110653
326	6	25086	3917	4.53125
326	7	13	13	0.00148582
326	8	50256	50256	0.000268936
327	5	976	976	2.52652
327	6	1986	31094	5.56189
327	7	3812	460	2.78915
327	8	3668	3668	1.54189
327	9	780	780	2.74168
327	10	663	663	0.224397
327	11	13179	21334	5.42736
327	12	290	290	0.0485125
327	13	13066	584	4.51989
327	14	389	389	0.561587
327	15	47192	47192	2.57478
327	16	13	13	0.000680923
327	17	50256	50256	0.000417709
328	5	20199	262	4.03857
328	6	1779	3033	4.14418
328	7	4541	1779	4.8352
328	8	4291	4291	2.29232
328	9	257	257	0.0931835
328	10	4417	4417	1.5761
328	11	32162	291	5.18871
328	12	2174	14170	3.83041
328	13	262	262	0.0413446
328	14	1633	4417	2.03849
328	15	338	338	0.0885725
328	16	390	22204	4.96048
328	17	86	86	2.82242
328	18	966	966	1.5928
328	19	13	13	0.00448132
328	20	50256	50256	0.000839233
329	5	262	262	0.0285854
329	6	2612	976	5.3745
329	7	11	11	0.0602007
329	8	2138	2138	0.172495
329	9	621	621	0.121022
329	10	6872	2641	5.73535
329	11	340	340	1.42209
329	12	1497	379	3.9052
329	13	13	13	0.022625
329	14	50256	50256	0.000328064
330	5	1688	8122	5.01618
330	6	26041	1402	4.68046
330	7	1748	1748	1.67746
330	8	287	287	0.0855875
330	9	1944	1944	2.46999
330	10	12	12	0.0450487
330	11	820	820	1.75597
330	12	32183	32183	2.86718
330	13	13	13	8.96454e-05
330	14	50256	50256	0.000133514
331	5	2347	8122	5.21892
331	6	318	318	0.127985
331	7	17298	1444	6.42326
331	8	287	287	0.027832
331	9	663	663	0.228505
331	10	29984	21334	5.44024
331	11	13	13	6.86646e-05
331	12	50256	50256	0.000497818
332	5	257	257	0.0818806
332	6	46103	1588	4.8912
332	7	326	326	0.303617
332	8	8186	460	4.90371
332	9	728	544	5.52819
332	10	416	416	0.0859194
332	11	16299	16299	3.62039
332	12	9653	544	4.67426
332	13	13	13	0.000804901
332	14	50256	50256	0.000265121
333	5	33828	33828	3.57687
333	6	2630	2630	1.77756
333	7	262	262	0.00598526
333	8	4960	976	4.96096
333	9	670	5207	3.96104
333	10	383	383	1.68059
333	11	17388	9467	4.24987
333	12	286	286	0.0624485
333	13	5215	47403	4.38344
333	14	7285	7285	1.89822
333	15	13	13	0.0053978
333	16	50256	50256	0.000253677
334	5	656	656	0.119181
334	6	262	262	0.00787258
334	7	12108	3139	3.33543
334	8	286	286	0.00977516
334	9	5828	5828	2.3599
334	10	13	13	0.000398636
334	11	50256	50256	0.000434875
335	5	1146	1146	0.860575
335	6	14523	1146	3.94303
335	7	12076	12076	3.93846
335	8	4755	4618	3.48525
335	9	5419	5419	1.9693
335	10	7716	5419	5.41553
335	11	663	663	0.126124
335	12	14091	14091	3.24659
335	13	2214	2214	1.34101
335	14	13	13	0.000339508
335	15	50256	50256	0.000211716
336	5	416	416	0.0808887
336	6	281	281	0.242503
336	7	12064	2134	4.42793
336	8	900	900	2.34673
336	9	13	13	0.0231972
336	10	50256	50256	0.000375748
337	5	4387	3139	6.95026
337	6	2877	2877	1.58166
337	7	5044	511	3.74503
337	8	416	416	0.183598
337	9	2347	16021	5.54254
337	10	13	13	0.000179291
337	11	50256	50256	0.000211716
338	5	318	318	0.179249
338	6	281	281	0.273539
338	7	12628	12628	3.75826
338	8	1286	1286	2.55394
338	9	35162	35162	2.41187
338	10	19955	19955	2.68992
338	11	17116	17116	2.2397
338	12	13	13	0.000705719
338	13	50256	50256	0.000238419
339	5	1255	925	4.50353
339	6	422	422	0.124717
339	7	4802	543	5.71362
339	8	29358	29358	3.48826
339	9	286	286	0.0144558
339	10	32085	1660	3.26121
339	11	729	729	2.45771
339	12	416	416	0.197256
339	13	739	38797	5.22041
339	14	8583	739	3.70572
339	15	29781	340	4.13424
339	16	13	13	0.000173569
339	17	50256	50256	0.000699997
340	5	4417	4417	1.7724
340	6	11	11	0.218245
340	7	340	340	1.6977
340	8	318	318	0.362599
340	9	1444	1444	0.882046
340	10	28856	284	2.71774
340	11	13	13	0.00409317
340	12	50256	50256	0.000219345
341	5	31094	31094	2.25751
341	6	9813	4289	5.75825
341	7	3067	460	5.87835
341	8	379	379	0.429803
341	9	262	262	0.0347767
341	10	976	976	2.38117
341	11	2866	281	4.81489
341	12	13	13	0.0036335
341	13	50256	50256	0.000457764
342	5	338	338	0.0700569
342	6	3139	3139	0.873596
342	7	11	11	0.100699
342	8	319	319	0.455114
342	9	262	262	0.0103436
342	10	2258	3139	3.08546
342	11	5451	5451	2.31844
342	12	13	13	0.000200272
342	13	50256	50256	0.000156403
343	5	290	290	0.069293
343	6	262	262	0.20564
343	7	7431	262	6.25866
343	8	323	323	1.40035
343	9	2271	274	5.14815
343	10	389	389	0.860599
343	11	1688	281	4.60416
343	12	46178	46178	2.75124
343	13	2462	2462	3.40416
343	14	873	873	3.08034
343	15	13	13	0.00128555
343	16	50256	50256	0.000492096
344	5	3303	606	2.7487
344	6	13	13	0.00960827
344	7	50256	50256	0.000696182
345	5	338	338	0.178413
345	6	1588	3139	2.55931
345	7	14966	8811	4.39646
345	8	389	389	0.32958
345	9	20633	9518	5.56488
345	10	416	416	0.144855
345	11	16021	16021	3.18892
345	12	300	300	2.55679
345	13	600	12009	3.38405
345	14	1424	5289	4.09317
345	15	13	13	0.000133514
345	16	50256	50256	0.000526428
346	5	262	262	0.0691595
346	6	717	734	4.00351
346	7	1893	1893	2.37702
346	8	286	286	0.0909986
346	9	16256	867	5.25977
346	10	706	706	1.72325
346	11	663	663	0.371469
346	12	39862	21334	5.42123
346	13	286	286	0.0339813
346	14	10404	10404	3.27111
346	15	13	13	0.000162125
346	16	50256	50256	0.000232697
347	5	1022	1022	0.435387
347	6	5387	1123	3.53071
347	7	21379	21379	2.34171
347	8	290	290	0.0816679
347	9	262	262	0.0521402
347	10	7097	6156	4.97826
347	11	2858	6896	3.98303
347	12	13	13	4.57764e-05
347	13	50256	50256	0.000284195
348	5	17598	8811	4.83753
348	6	318	318	0.0837107
348	7	262	262	0.0533066
348	8	4756	976	5.37238
348	9	832	832	0.292842
348	10	543	543	2.06657
348	11	4704	1180	4.61053
348	12	8318	8318	2.01554
348	13	13	13	0.000173569
348	14	50256	50256	0.000165939
349	5	257	257	0.151227
349	6	8122	8122	2.38497
349	7	416	416	0.182826
349	8	10829	867	4.63622
349	9	5365	5365	3.22967
349	10	26758	576	3.8178
349	11	17745	17745	1.68209
349	12	13	13	4.57764e-05
349	13	50256	50256	0.000415802
350	5	12912	262	4.34245
350	6	5696	278	3.48051
350	7	7668	416	5.21417
350	8	351	351	0.174008
350	9	8977	7408	4.8596
350	10	290	290	0.0881443
350	11	26898	584	6.14564
350	12	13166	13166	1.90526
350	13	13	13	8.58307e-05
350	14	50256	50256	0.000156403
351	5	14281	8122	4.55647
351	6	393	393	0.249526
351	7	28402	393	4.35527
351	8	7334	1271	5.44838
351	9	329	329	0.365809
351	10	663	663	0.0885391
351	11	7956	21334	4.21039
351	12	5250	5250	2.9793
351	13	15921	15921	1.41042
351	14	13	13	0.00028038
351	15	50256	50256	0.000205994
352	5	11471	11471	3.26265
352	6	11	11	0.0329342
352	7	41331	543	5.15417
352	8	286	286	0.0214882
352	9	21558	543	4.20212
352	10	460	460	0.571829
352	11	307	307	1.90144
352	12	24167	307	5.51882
352	13	284	284	0.045845
352	14	1296	1296	1.90416
352	15	262	262	0.127756
352	16	7714	4417	4.6261
352	17	286	286	0.0113173
352	18	257	257	0.047226
352	19	8837	8837	3.7635
352	20	13	13	0.00233555
352	21	50256	50256	0.000324249
353	5	504	504	3.00474
353	6	23470	23470	2.96382
353	7	36364	36364	3.02697
353	8	1777	1777	2.57118
353	9	2367	2138	4.88143
353	10	656	656	0.171824
353	11	37285	10340	5.08703
353	12	338	338	0.05515
353	13	6450	1810	5.23565
353	14	6440	28856	4.8894
353	15	41724	41724	3.2931
353	16	13	13	8.2016e-05
353	17	50256	50256	0.000514984
354	5	4577	4577	3.23768
354	6	284	284	0.043663
354	7	10716	1364	4.35638
354	8	416	416	0.0758371
354	9	9194	9194	3.52921
354	10	7842	7150	4.15383
354	11	1431	666	3.54376
354	12	4263	2057	3.03327
354	13	13	13	0.000207901
354	14	50256	50256	0.00047493
355	5	3623	3623	2.72973
355	6	326	326	0.625002
355	7	30174	326	4.53905
355	8	691	1474	4.36923
355	9	351	351	0.149896
355	10	1049	351	4.45539
355	11	8722	1231	3.99536
355	12	739	739	1.50965
355	13	8850	511	2.00419
355	14	3403	1080	2.87996
355	15	13	13	3.8147e-05
355	16	50256	50256	0.000534058
356	5	318	318	0.212444
356	6	257	257	0.190681
356	7	31513	31513	3.83041
356	8	8598	8598	3.13155
356	9	287	287	0.0919342
356	10	38131	257	3.17489
356	11	37270	8065	3.57601
356	12	13	13	0.0001297
356	13	50256	50256	0.000230789
357	5	7285	7285	1.71158
357	6	351	351	0.142825
357	7	262	262	0.0186453
357	8	289	976	5.06446
357	9	343	363	4.10703
357	10	363	363	1.15141
357	11	2271	83	5.06251
357	12	290	290	0.152796
357	13	479	449	4.80612
357	14	265	265	2.10158
357	15	461	265	4.99856
357	16	2271	88	4.09134
357	17	27226	261	3.7281
357	18	397	397	2.41234
357	19	3166	3166	3.64284
357	20	13	13	0.000246048
357	21	50256	50256	0.000436783
358	5	2237	281	3.17493
358	6	13042	13042	3.10248
358	7	13	13	0.000646591
358	8	50256	50256	0.000286102
359	5	46916	46916	1.44165
359	6	286	286	0.0867453
359	7	530	734	1.99631
359	8	8122	8122	2.7504
359	9	34646	2138	5.05695
359	10	287	287	0.0346317
359	11	1194	281	3.42746
359	12	2296	2296	3.52396
359	13	2304	2066	4.24678
359	14	856	856	3.45952
359	15	8122	8122	2.08993
359	16	13	13	8.58307e-05
359	17	50256	50256	0.00028038
360	5	890	257	5.30019
360	6	14659	1626	5.94022
360	7	7042	3170	3.29757
360	8	422	422	0.104525
360	9	4555	257	3.10433
360	10	37880	37880	2.77999
360	11	2615	2615	3.49173
360	12	7021	1900	4.42883
360	13	13	13	0.0179987
360	14	50256	50256	0.000663757
361	5	3812	284	2.46608
361	6	1657	1657	2.01386
361	7	832	832	0.709117
361	8	257	257	0.198663
361	9	2882	4417	6.07792
361	10	1444	1444	1.04262
361	11	2825	257	4.93157
361	12	34248	22829	3.89924
361	13	1042	1042	1.82422
361	14	13	13	0.000244141
361	15	50256	50256	0.000520706
362	5	286	286	0.0225868
362	6	262	262	0.00434399
362	7	13387	976	4.43819
362	8	286	286	0.0235109
362	9	262	262	0.00656033
362	10	311	976	4.50297
362	11	32248	32248	2.77752
362	12	32939	32939	2.58298
362	13	13	13	0.000225067
362	14	50256	50256	0.000192642
363	5	9030	9030	3.50621
363	6	973	973	0.909843
363	7	28713	284	3.29752
363	8	284	284	0.0569134
363	9	2746	284	3.45959
363	10	37209	37209	2.61976
363	11	16006	16006	1.82143
363	12	13	13	0.000486374
363	13	50256	50256	0.000480652
364	5	35831	2134	5.32928
364	6	26664	48331	4.46133
364	7	4735	8122	3.16872
364	8	422	422	0.0869761
364	9	257	257	0.05303
364	10	8122	4417	2.29841
364	11	13	13	1.71661e-05
364	12	50256	50256	0.000297546
365	5	290	290	0.0706339
365	6	1336	584	6.12649
365	7	31093	832	3.60401
365	8	11	11	0.0224667
365	9	618	618	2.1579
365	10	6591	6591	1.76389
365	11	290	290	0.376267
365	12	25572	1123	5.07828
365	13	40738	6772	4.6124
365	14	3048	3048	3.38005
365	15	19594	24203	4.68897
365	16	1123	1123	0.460343
365	17	584	584	1.72633
365	18	13	13	4.57764e-05
365	19	50256	50256	0.000152588
366	5	4477	4477	3.07718
366	6	881	881	1.36731
366	7	286	286	0.0427551
366	8	663	663	0.11083
366	9	1903	21334	5.001
366	10	2478	2478	2.63314
366	11	2641	2641	1.07136
366	12	663	663	0.198485
366	13	2802	21334	5.30892
366	14	338	338	0.0988035
366	15	36594	22204	4.99237
366	16	13	13	3.24249e-05
366	17	50256	50256	0.000259399
367	5	3734	5922	4.64752
367	6	32908	973	4.32749
367	7	326	326	0.232034
367	8	3342	1141	3.65693
367	9	2344	867	4.30912
367	10	39895	329	4.27895
367	11	282	282	3.15768
367	12	13	13	0.00631523
367	13	50256	50256	0.000314713
368	5	422	422	0.136001
368	6	262	262	0.0519381
368	7	21405	8434	4.01261
368	8	286	286	0.00656796
368	9	269	269	2.38124
368	10	967	8325	3.27296
368	11	26210	967	4.63411
368	12	7150	7150	2.03957
368	13	13	13	0.00037384
368	14	50256	50256	0.000814438
369	5	26948	2134	5.88305
369	6	318	318	0.140805
369	7	257	257	0.0318594
369	8	9403	8122	4.14777
369	9	13	13	0.000291824
369	10	50256	50256	0.000228882
370	5	1321	1321	1.30284
370	6	355	355	0.239596
370	7	880	880	2.45998
370	8	355	355	0.171676
370	9	663	663	0.123649
370	10	21437	21334	3.11179
370	11	13	13	8.39233e-05
370	12	50256	50256	0.000360489
371	5	1735	3139	4.70147
371	6	4129	1271	4.48968
371	7	15082	416	5.04484
371	8	444	1973	4.75591
371	9	663	663	0.138846
371	10	1989	21334	4.36246
371	11	416	416	0.0702181
371	12	1440	281	3.81737
371	13	13	13	0.000125885
371	14	50256	50256	0.000375748
372	5	14807	14807	3.39629
372	6	1444	1444	0.902919
372	7	262	262	0.0166216
372	8	2258	3139	2.98731
372	9	5451	5451	2.29181
372	10	290	290	0.0235796
372	11	2520	2520	2.18529
372	12	5451	2253	3.30745
372	13	13	13	4.76837e-05
372	14	50256	50256	0.000205994
373	5	262	262	0.0510883
373	6	4151	13204	5.62059
373	7	832	832	0.234056
373	8	262	262	0.0302324
373	9	34047	34047	3.55411
373	10	13	13	0.0144596
373	11	50256	50256	0.000165939
374	5	286	286	0.0642519
374	6	262	262	0.048399
374	7	25730	25730	2.41972
374	8	17628	17628	1.46363
374	9	3923	3923	2.41948
374	10	13	13	0.00183678
374	11	50256	50256	0.000320435
375	5	4069	8122	4.82974
375	6	351	351	0.155578
375	7	281	281	0.232819
375	8	2938	2134	5.51903
375	9	1255	1255	2.52518
375	10	13	13	0.00105095
375	11	50256	50256	0.00053978
376	5	8830	262	4.26589
376	6	3340	3340	3.26216
376	7	290	290	0.117308
376	8	262	262	0.00654697
376	9	1578	262	2.88967
376	10	1829	1829	1.13678
376	11	13	13	0.000465393
376	12	50256	50256	0.000226974
377	5	17517	17517	2.37839
377	6	287	287	0.0398512
377	7	15142	1944	4.8261
377	8	318	318	0.114617
377	9	7173	8811	3.89519
377	10	3917	3917	0.845977
377	11	351	351	0.0805254
377	12	7068	7068	1.75015
377	13	9261	449	4.01416
377	14	72	72	1.81912
377	15	402	402	1.64415
377	16	31330	31330	2.56137
377	17	13	13	0.000509262
377	18	50256	50256	0.000551224
378	5	284	284	0.0522757
378	6	663	663	0.162817
378	7	8373	21334	4.14272
378	8	13	13	0.000358582
378	9	50256	50256	0.00028038
379	5	1748	1748	1.957
379	6	351	351	0.182158
379	7	3881	1296	3.03728
379	8	12	12	0.142707
379	9	8968	16760	5.1874
379	10	28814	10692	3.94323
379	11	287	287	0.0189667
379	12	8078	281	3.38278
379	13	13	13	0.000375748
379	14	50256	50256	0.000436783
380	5	257	257	0.0507011
380	6	6994	2818	5.6215
380	7	1271	1271	1.78479
380	8	13	13	0.000116348
380	9	50256	50256	0.0008564
381	5	2392	8122	4.59313
381	6	28400	8080	3.84665
381	7	621	621	0.150965
381	8	4171	606	5.17884
381	9	7424	606	2.61707
381	10	1657	1657	1.67823
381	11	13	13	4.95911e-05
381	12	50256	50256	0.000551224
382	5	21622	21622	1.8198
382	6	416	416	0.0952539
382	7	511	511	0.739691
382	8	6625	11904	5.53481
382	9	284	284	0.0606699
382	10	34688	4439	3.32135
382	11	13	13	0.0096035
382	12	50256	50256	0.00028038
383	5	12866	338	3.32357
383	6	278	278	1.14625
383	7	20365	278	4.80686
383	8	3033	3033	1.25772
383	9	262	262	0.0457439
383	10	2095	976	5.4322
383	11	25846	25846	3.48102
383	12	565	565	3.68769
383	13	733	733	2.66927
383	14	13	13	0.0107574
383	15	50256	50256	0.000213623
384	5	313	338	3.80773
384	6	48406	48406	2.86568
384	7	50195	50195	3.01952
384	8	6296	925	3.05465
384	9	24287	319	3.0641
384	10	286	286	0.0214148
384	11	3660	286	5.21457
384	12	5828	286	2.2545
384	13	2254	14355	4.12326
384	14	13	13	0.00132561
384	15	50256	50256	0.000513077
385	5	2618	820	6.90007
385	6	1080	1080	1.4159
385	7	11	11	0.0868435
385	8	257	257	0.258633
385	9	5421	1180	5.41761
385	10	29973	29973	2.71409
385	11	13066	4618	6.12577
385	12	318	318	0.214993
385	13	281	281	0.444985
385	14	30004	281	4.31205
385	15	541	541	2.77537
385	16	325	325	2.79614
385	17	13	13	0.0390539
385	18	50256	50256	0.000488281
386	5	7729	3170	5.33744
386	6	422	422	0.199873
386	7	7446	867	4.16974
386	8	284	284	0.030405
386	9	12183	11945	4.90167
386	10	418	418	1.44712
386	11	2586	1641	4.21246
386	12	13	13	0.000627518
386	13	50256	50256	0.000511169
387	5	12022	373	4.16162
387	6	373	373	1.01546
387	7	257	257	0.449705
387	8	1748	4417	4.50689
387	9	286	286	0.008605
387	10	262	262	0.0916023
387	11	6156	4417	4.72716
387	12	1423	544	4.42864
387	13	385	385	1.45392
387	14	6916	72	4.15242
387	15	14355	14355	2.77876
387	16	13	13	0.00349998
387	17	50256	50256	0.000299454
388	5	656	656	0.163075
388	6	257	257	0.0688868
388	7	1296	8122	2.6823
388	8	5292	257	3.53961
388	9	284	284	0.0430651
388	10	21363	284	4.7729
388	11	663	663	0.0763569
388	12	10154	21334	5.00894
388	13	13	13	0.00467682
388	14	50256	50256	0.000961304
389	5	8899	8899	2.3058
389	6	35076	8899	3.43292
389	7	18180	18180	3.18115
389	8	3745	318	4.47819
389	9	257	257	0.093646
389	10	1588	1588	2.68996
389	11	25979	25979	2.88062
389	12	287	287	0.0849018
389	13	19483	543	5.63913
389	14	290	290	0.0343723
389	15	3794	3139	3.89442
389	16	13	13	0.0045929
389	17	50256	50256	0.000310898
390	5	1296	1296	1.00528
390	6	257	257	0.0193958
390	7	14153	2060	4.68295
390	8	1339	13204	6.1061
390	9	1088	1088	1.36333
390	10	262	262	0.0201197
390	11	3632	3825	5.1843
390	12	13	13	0.00251579
390	13	50256	50256	0.000318527
391	5	1262	1262	0.97868
391	6	12278	12278	2.0611
391	7	10425	2568	4.42476
391	8	290	290	0.063345
391	9	5931	5931	2.77861
391	10	2085	5931	3.92612
391	11	9302	9302	2.8262
391	12	13	13	0.000236511
391	13	50256	50256	0.000715256
392	5	286	286	0.123087
392	6	257	257	0.0453157
392	7	6808	2060	7.09772
392	8	11	11	0.0886679
392	9	257	257	0.0244503
392	10	1688	2060	4.4855
392	11	2368	5931	5.39208
392	12	11	11	0.0673466
392	13	290	290	0.0344028
392	14	257	257	0.286028
392	15	2818	2818	2.79803
392	16	8150	17076	5.82089
392	17	13	13	0.0020256
392	18	50256	50256	0.000404358
393	5	734	734	1.2738
393	6	3891	832	3.73776
393	7	329	329	0.351129
393	8	262	262	0.0102081
393	9	976	976	2.77117
393	10	33158	286	4.18869
393	11	13833	13833	3.72368
393	12	13	13	0.00604248
393	13	50256	50256	0.000188828
394	5	3578	5563	5.62037
394	6	38575	262	3.78065
394	7	13871	13871	3.92704
394	8	621	621	0.184909
394	9	262	262	0.013669
394	10	1388	1578	4.06546
394	11	5046	5046	2.94871
394	12	3436	3436	3.17525
394	13	13	13	0.00302887
394	14	50256	50256	0.000692368
395	5	44504	44504	2.7157
395	6	422	422	0.0871344
395	7	12734	12734	2.75568
395	8	290	290	0.0917015
395	9	10385	584	5.44288
395	10	340	340	1.37974
395	11	656	656	0.216232
395	12	12498	1194	5.02211
395	13	13	13	2.67029e-05
395	14	50256	50256	0.000980377
396	5	832	832	0.142932
396	6	257	257	0.274377
396	7	1429	5931	4.98365
396	8	1444	1444	0.37578
396	9	285	663	5.22633
396	10	13929	13929	2.36961
396	11	2649	13929	3.53987
396	12	13	13	0.011467
396	13	50256	50256	0.000226974
397	5	422	422	0.0925951
397	6	262	262	0.00392151
397	7	25572	976	4.15561
397	8	4417	4417	1.46034
397	9	13	13	0.00414181
397	10	50256	50256	0.000196457
398	5	11	11	0.0949354
398	6	475	290	3.69334
398	7	407	407	1.67282
398	8	790	281	5.49916
398	9	35991	4417	5.36824
398	10	318	318	0.311094
398	11	257	257	0.201417
398	12	6616	5002	6.46343
398	13	13	13	0.0169497
398	14	50256	50256	0.000343323
399	5	618	618	0.738894
399	6	663	663	0.200469
399	7	13042	13042	3.79114
399	8	12611	329	3.35603
399	9	378	378	2.62422
399	10	706	706	1.53557
399	11	852	852	2.27145
399	12	458	852	3.37004
399	13	17758	34387	3.6686
399	14	13	13	0.000257492
399	15	50256	50256	0.000282288
400	5	4351	881	6.22555
400	6	416	416	0.15714
400	7	15637	38797	4.30198
400	8	369	369	3.22394
400	9	11124	338	3.82527
400	10	290	290	0.0377989
400	11	24748	262	4.76335
400	12	596	596	3.88596
400	13	1022	1022	0.388678
400	14	663	663	0.141403
400	15	7714	1633	4.65836
400	16	13	13	0.000684738
400	17	50256	50256	0.000431061
401	5	1458	11	4.31017
401	6	1437	11	4.17434
401	7	355	355	0.437441
401	8	340	530	1.92429
401	9	30174	5419	4.07635
401	10	351	351	0.164382
401	11	15938	4898	6.28213
401	12	287	287	0.0213356
401	13	663	663	0.303221
401	14	21334	21334	1.4843
401	15	13	13	7.05719e-05
401	16	50256	50256	0.000534058
402	5	373	373	0.999505
402	6	3170	3170	0.896505
402	7	329	329	0.562054
402	8	262	262	0.00667
402	9	6342	976	6.0816
402	10	45357	1042	3.69719
402	11	286	286	0.0286503
402	12	49545	49545	2.70782
402	13	13	13	0.000267029
402	14	50256	50256	0.000299454
403	5	15268	281	4.09279
403	6	290	290	0.105704
403	7	13532	307	4.98715
403	8	2427	2427	2.20072
403	9	286	286	0.00860882
403	10	691	987	4.95715
403	11	257	257	0.113821
403	12	5969	2818	5.48862
403	13	10706	10706	2.74871
403	14	286	286	0.0534658
403	15	17848	17848	2.54674
403	16	13	13	5.91278e-05
403	17	50256	50256	0.000614166
404	5	28408	28408	3.84466
404	6	430	430	4.10418
404	7	704	704	2.8402
404	8	1313	393	5.01863
404	9	389	389	0.37787
404	10	1440	1440	2.80528
404	11	1602	1602	3.26947
404	12	14796	14796	2.04982
404	13	44360	44360	1.03495
404	14	13	13	0.0095253
404	15	50256	50256	0.000299454
405	5	18665	355	5.36688
405	6	1660	1660	0.954374
405	7	284	284	0.0504847
405	8	11684	284	4.26805
405	9	290	290	0.0278482
405	10	4736	19783	3.43404
405	11	13	13	3.24249e-05
405	12	50256	50256	0.000253677
406	5	21891	3139	5.07608
406	6	11	11	0.153537
406	7	281	281	0.494048
406	8	6156	7022	4.30395
406	9	19517	544	5.19966
406	10	1748	6896	2.00202
406	11	13	13	0.000106812
406	12	50256	50256	0.000169754
407	5	43088	43088	4.07778
407	6	351	351	0.0859346
407	7	471	8122	4.79114
407	8	12	12	0.0483398
407	9	16760	16760	2.44775
407	10	3272	3272	3.82536
407	11	9004	9004	2.94503
407	12	13	13	4.57764e-05
407	13	50256	50256	0.000207901
408	5	13108	13108	3.60631
408	6	10340	10340	1.33889
408	7	13	13	0.000343323
408	8	50256	50256	0.000179291
409	5	4645	4778	4.59131
409	6	4635	925	2.67375
409	7	416	416	0.0639963
409	8	1728	867	3.64661
409	9	38467	1402	4.44063
409	10	13	13	0.00745773
409	11	50256	50256	0.000717163
410	5	810	1262	4.11683
410	6	27163	281	4.80083
410	7	33408	326	3.96788
410	8	12188	5931	3.9938
410	9	510	1262	3.79688
410	10	1474	1474	1.86682
410	11	257	257	0.152888
410	12	7850	2060	5.57122
410	13	338	338	0.169315
410	14	5422	14475	4.35546
410	15	13	13	0.0290222
410	16	50256	50256	0.000780106
411	5	41578	318	4.9567
411	6	11	11	0.100841
411	7	1474	318	1.81575
411	8	262	262	0.0200071
411	9	8211	976	4.95781
411	10	7051	7051	2.03175
411	11	13	13	9.72748e-05
411	12	50256	50256	0.000217438
412	5	9565	530	6.2688
412	6	24049	832	4.29244
412	7	862	862	3.04704
412	8	11	11	0.0539923
412	9	336	336	2.77806
412	10	15515	6896	4.9691
412	11	11	11	0.0629368
412	12	290	290	0.0404463
412	13	584	584	1.61581
412	14	16759	16759	2.85229
412	15	13	13	0.000160217
412	16	50256	50256	0.000162125
413	5	286	286	0.0280275
413	6	734	734	1.30169
413	7	6134	6134	2.66875
413	8	523	326	3.99159
413	9	326	326	0.200481
413	10	484	484	2.8309
413	11	1663	1660	2.85497
413	12	1978	1978	1.75309
413	13	13	13	7.43866e-05
413	14	50256	50256	0.000774384
414	5	925	925	0.688608
414	6	416	416	0.093749
414	7	10708	38797	4.02004
414	8	290	290	0.0330086
414	9	23610	290	4.13499
414	10	7135	780	4.57412
414	11	22670	276	3.53426
414	12	286	286	0.02178
414	13	3348	3348	3.25801
414	14	13	13	0.000152588
414	15	50256	50256	0.000385284
415	5	15568	11904	5.16956
415	6	1864	878	3.36978
415	7	284	284	0.0150433
415	8	7729	1364	5.1003
415	9	5281	1042	5.96582
415	10	416	416	0.110352
415	11	31228	31228	3.69336
415	12	25897	25897	3.50633
415	13	13	13	0.000411987
415	14	50256	50256	0.000425339
416	5	4909	4909	1.77668
416	6	749	530	3.7767
416	7	286	286	0.174047
416	8	22779	8706	3.69269
416	9	8602	4417	3.31486
416	10	290	290	0.0231667
416	11	19101	262	3.75564
416	12	13	13	0.000183105
416	13	50256	50256	0.000173569
417	5	5478	5478	3.0873
417	6	338	338	0.0702906
417	7	10596	3139	4.59678
417	8	7051	7051	2.18407
417	9	11	11	0.145127
417	10	318	318	0.312283
417	11	262	262	0.0369978
417	12	3139	3139	1.3388
417	13	286	286	0.0222015
417	14	49657	8706	3.83407
417	15	13	13	0.000112534
417	16	50256	50256	0.000205994
418	5	874	973	3.96498
418	6	7330	625	7.05494
418	7	20901	2266	4.40579
418	8	422	422	0.0743809
418	9	33773	6134	5.13156
418	10	2877	2877	1.52925
418	11	1626	1626	1.18586
418	12	511	511	0.445033
418	13	21379	21379	2.87637
418	14	13	13	4.00543e-05
418	15	50256	50256	0.00115013
419	5	543	543	1.79387
419	6	2568	2568	2.29229
419	7	318	318	0.19002
419	8	11172	3917	4.39114
419	9	393	393	0.245997
419	10	670	4417	4.1719
419	11	318	318	0.155343
419	12	1760	1760	3.1727
419	13	13	13	4.76837e-05
419	14	50256	50256	0.00028038
420	5	6364	468	4.54219
420	6	3585	468	4.75789
420	7	284	284	0.0746803
420	8	530	530	1.61213
420	9	1194	1194	1.94973
420	10	1973	1973	1.73151
420	11	3668	530	2.79492
420	12	338	338	0.08424
420	13	4417	4417	1.80029
420	14	13	13	0.000123978
420	15	50256	50256	0.000608444
421	5	19853	19853	2.44905
421	6	16736	6896	5.07736
421	7	2029	2029	2.23899
421	8	262	262	0.0135803
421	9	4417	4417	1.59479
421	10	286	286	0.0341673
421	11	8706	8706	2.37827
421	12	13	13	0.00432491
421	13	50256	50256	0.000297546
422	5	8384	8384	0.984065
422	6	329	329	1.37783
422	7	663	663	0.139875
422	8	35988	35988	3.69349
422	9	5667	5667	1.06409
422	10	13	13	0.000286102
422	11	50256	50256	0.000629425
423	5	929	929	2.54755
423	6	8231	278	4.80231
423	7	11	11	0.116508
423	8	407	407	0.900702
423	9	1866	1440	5.17241
423	10	286	286	0.110312
423	11	262	262	0.0462971
423	12	6842	976	6.89695
423	13	1641	1641	1.43544
423	14	13	13	0.0019722
423	15	50256	50256	0.000282288
424	5	416	416	0.152222
424	6	41878	38797	4.85264
424	7	1402	1402	1.07046
424	8	5207	832	2.39714
424	9	286	286	0.118414
424	10	2587	2587	1.8343
424	11	13	13	0.0175924
424	12	50256	50256	0.000333786
425	5	6588	6588	2.60034
425	6	23235	23235	1.68057
425	7	326	326	0.276337
425	8	460	460	0.90229
425	9	10649	307	7.17691
425	10	1613	1613	2.57964
425	11	530	530	1.07062
425	12	1194	1194	1.55122
425	13	13	13	0.0144587
425	14	50256	50256	0.000247955
426	5	422	422	0.100787
426	6	14659	383	6.19967
426	7	286	286	0.0336876
426	8	23206	286	3.67914
426	9	17045	17045	2.16025
426	10	13	13	0.000545502
426	11	50256	50256	0.000703812
427	5	1111	1111	2.76292
427	6	5594	5594	2.51116
427	7	284	284	0.0319471
427	8	262	262	0.00856209
427	9	285	4417	3.67305
427	10	692	692	3.90456
427	11	17990	544	5.15025
427	12	1448	1448	2.56388
427	13	13	13	0.0013752
427	14	50256	50256	0.000469208
428	5	286	286	0.0343609
428	6	16639	2520	4.38589
428	7	544	544	1.82072
428	8	11	11	0.0546036
428	9	635	635	2.77795
428	10	1444	1444	0.802525
428	11	262	262	0.0614214
428	12	16639	976	4.79279
428	13	2066	2066	2.95435
428	14	13	13	0.0112085
428	15	50256	50256	0.000179291
429	5	832	832	0.461011
429	6	47683	14583	5.22691
429	7	290	290	0.108747
429	8	8106	5369	5.34881
429	9	503	416	3.2202
429	10	2057	2057	1.06281
429	11	13166	13166	2.06139
429	12	13	13	0.000310898
429	13	50256	50256	0.000314713
430	5	16839	8122	5.26523
430	6	338	338	0.083313
430	7	2292	4417	5.48502
430	8	15947	3805	4.12794
430	9	663	663	0.0875101
430	10	1295	21334	6.2304
430	11	1988	379	3.83738
430	12	13	13	0.000127792
430	13	50256	50256	0.000276566
431	5	20629	20629	1.7169
431	6	284	284	0.0486441
431	7	11007	284	4.00468
431	8	12967	12967	2.2006
431	9	902	621	2.74764
431	10	13	13	0.00284195
431	11	50256	50256	0.00109482
432	5	262	262	0.0170631
432	6	6869	976	4.06641
432	7	8318	8318	2.66036
432	8	832	832	0.237152
432	9	3668	3668	1.75347
432	10	338	338	0.05867
432	11	9082	3139	4.36187
432	12	13	13	7.62939e-05
432	13	50256	50256	0.000150681
433	5	29410	29410	3.40898
433	6	544	544	1.83432
433	7	290	290	0.105546
433	8	3354	584	6.81318
433	9	286	286	0.0102539
433	10	7840	7840	2.43821
433	11	22779	22779	3.68865
433	12	2031	2031	2.46748
433	13	13	13	0.00312328
433	14	50256	50256	0.000406265
434	5	290	290	0.0276403
434	6	37919	37919	3.30507
434	7	710	50256	4.08988
434	8	16189	16189	2.29765
434	9	3822	16189	3.70443
434	10	1656	4778	2.92335
434	11	287	287	0.0307417
434	12	24956	674	4.47321
434	13	290	290	0.0424662
434	14	14173	290	5.09027
434	15	2247	2247	1.75046
434	16	13	13	0.0135412
434	17	50256	50256	0.000303268
435	5	893	893	1.05319
435	6	325	893	2.38644
435	7	385	385	1.7566
435	8	2111	385	4.39161
435	9	284	284	0.0622807
435	10	1441	645	5.51742
435	11	1363	1231	5.18949
435	12	706	706	1.51976
435	13	262	262	0.0273008
435	14	44695	44695	3.24542
435	15	1810	1810	1.52663
435	16	13	13	0.000101089
435	17	50256	50256	0.000230789
436	5	12277	1194	4.32993
436	6	12	12	0.10414
436	7	11545	820	2.75146
436	8	10340	10340	1.2243
436	9	13	13	0.00012207
436	10	50256	50256	9.53674e-05
437	5	30176	16760	5.68679
437	6	4778	4778	0.756815
437	7	1444	1444	0.593427
437	8	32858	32553	4.51804
437	9	290	290	0.0265141
437	10	47314	584	4.13541
437	11	13	13	2.47955e-05
437	12	50256	50256	0.000123978
438	5	15358	1115	5.08805
438	6	1505	7370	5.16055
438	7	11	11	0.0992966
438	8	543	543	2.0427
438	9	5419	5419	1.7564
438	10	1296	1296	2.34151
438	11	257	257	0.0355415
438	12	14153	2060	4.89217
438	13	4417	4417	1.22997
438	14	7679	7679	1.60814
438	15	13	13	0.00078392
438	16	50256	50256	0.000307083
439	5	24240	1588	5.81318
439	6	318	318	0.208766
439	7	257	257	0.194861
439	8	8234	1588	4.70732
439	9	772	326	3.83298
439	10	996	996	2.99862
439	11	340	340	1.2449
439	12	318	318	0.515521
439	13	8811	8811	2.27284
439	14	973	973	1.94446
439	15	355	355	0.461322
439	16	257	257	0.0356998
439	17	20236	20236	4.11669
439	18	13	13	0.000204086
439	19	50256	50256	0.00022316
440	5	286	286	0.0125971
440	6	734	734	1.39751
440	7	13043	13043	3.46738
440	8	11	11	0.0585051
440	9	1690	1690	2.29563
440	10	5399	1296	6.81941
440	11	1978	1978	1.41548
440	12	13	13	0.000154495
440	13	50256	50256	0.000991821
441	5	42085	42085	4.94453
441	6	2138	2138	0.220974
441	7	621	621	0.104269
441	8	2641	2641	1.75039
441	9	262	262	0.0526686
441	10	3096	976	5.90256
441	11	338	338	0.0852709
441	12	24438	4417	4.62379
441	13	13	13	7.82013e-05
441	14	50256	50256	0.000602722
442	5	9530	3139	6.6669
442	6	5866	5866	1.00002
442	7	11	11	0.172036
442	8	318	318	0.592815
442	9	2520	262	2.19006
442	10	4969	7229	5.4776
442	11	338	338	0.0880632
442	12	3139	3139	0.909289
442	13	13	13	0.00625229
442	14	50256	50256	0.000137329
443	5	21031	21031	3.7269
443	6	15974	15974	2.62036
443	7	351	351	0.076314
443	8	511	511	0.812927
443	9	16976	11904	5.7744
443	10	2166	318	4.0922
443	11	7405	2057	3.1316
443	12	13	13	0.00610542
443	13	50256	50256	0.000413895
444	5	422	422	0.0475855
444	6	530	530	1.47681
444	7	3303	1194	3.12183
444	8	656	656	0.112255
444	9	1194	1194	1.40617
444	10	10552	10340	3.32758
444	11	13	13	0.000120163
444	12	50256	50256	0.000823975
445	5	262	262	0.00737
445	6	717	584	3.81036
445	7	290	290	0.227819
445	8	2368	262	7.45476
445	9	13620	832	3.19045
445	10	286	286	0.0206966
445	11	262	262	0.0136404
445	12	25572	976	4.80242
445	13	6772	6772	2.60587
445	14	13	13	0.00435448
445	15	50256	50256	0.000274658
446	5	9052	2060	5.55778
446	6	460	460	0.332062
446	7	21155	307	4.07406
446	8	257	257	0.0781269
446	9	15004	2060	5.53671
446	10	13	13	0.00901127
446	11	50256	50256	0.000448227
447	5	286	286	0.0185652
447	6	18064	31094	4.97925
447	7	24969	24969	3.25639
447	8	803	1022	4.09045
447	9	5186	5186	1.50678
447	10	290	290	0.109472
447	11	14091	14091	3.03028
447	12	7032	2214	2.99283
447	13	13	13	9.15527e-05
447	14	50256	50256	0.000564575
448	5	17456	17456	2.63945
448	6	338	338	0.102049
448	7	3139	3139	0.975758
448	8	11	11	0.0539608
448	9	1474	318	2.41522
448	10	262	262	0.0602732
448	11	843	976	4.41619
448	12	274	274	1.65343
448	13	21124	21124	1.82656
448	14	13	13	0.0106049
448	15	50256	50256	0.000226974
449	5	49810	49810	3.66993
449	6	5788	5667	3.2991
449	7	3025	3025	3.23154
449	8	26741	389	4.1405
449	9	460	460	0.438549
449	10	1656	307	5.54257
449	11	355	355	0.306339
449	12	7987	281	5.12014
449	13	38980	38980	3.41013
449	14	37783	37783	2.42629
449	15	13	13	0.000110626
449	16	50256	50256	0.000917435
450	5	31685	373	5.21813
450	6	82	82	1.75231
450	7	1588	1588	2.24457
450	8	12	12	0.337064
450	9	9888	820	5.85547
450	10	3867	1296	4.45382
450	11	1633	1633	2.16482
450	12	284	284	0.0675812
450	13	262	262	0.024456
450	14	826	976	6.22861
450	15	287	287	0.0820436
450	16	262	262	0.00454903
450	17	8342	976	4.99244
450	18	42811	42811	2.40609
450	19	13	13	0.00126457
450	20	50256	50256	0.000236511
451	5	530	530	1.34518
451	6	3470	684	4.46766
451	7	7370	7370	2.43804
451	8	34186	706	5.42316
451	9	739	739	1.29651
451	10	530	530	1.42979
451	11	8137	1194	5.51613
451	12	286	286	0.0371628
451	13	3833	530	2.91183
451	14	13	13	0.00254059
451	15	50256	50256	0.000289917
452	5	262	262	0.0156536
452	6	886	976	5.37127
452	7	286	286	0.0573769
452	8	257	257	0.079957
452	9	1277	48862	4.94084
452	10	3194	8811	3.29752
452	11	1808	1978	4.31589
452	12	287	287	0.0380478
452	13	3594	281	3.67876
452	14	13	13	0.00138664
452	15	50256	50256	0.000389099
453	5	17556	318	3.63589
453	6	287	287	0.0729866
453	7	663	663	0.274714
453	8	4735	530	3.94409
453	9	1296	1296	1.69715
453	10	13	13	0.00466156
453	11	50256	50256	0.000534058
454	5	402	402	1.83016
454	6	5350	23638	5.18953
454	7	318	318	0.107489
454	8	636	636	2.01047
454	9	286	286	0.022625
454	10	262	262	0.0134048
454	11	4025	976	5.99269
454	12	8882	544	4.19491
454	13	397	397	2.64523
454	14	9869	9869	3.00381
454	15	1045	338	4.10842
454	16	13	13	0.000366211
454	17	50256	50256	0.000244141
455	5	2033	3825	5.27961
455	6	286	286	0.00955391
455	7	26306	867	3.25586
455	8	37056	37056	3.01183
455	9	287	287	0.155009
455	10	32085	867	3.6915
455	11	729	729	2.26884
455	12	13	13	0.00172806
455	13	50256	50256	0.000364304
456	5	712	712	3.54945
456	6	39781	39781	2.85767
456	7	2630	2630	1.87162
456	8	262	262	0.00690651
456	9	5337	976	4.28153
456	10	2094	2094	2.22164
456	11	2264	2264	1.32937
456	12	844	844	1.78081
456	13	1258	1258	2.35111
456	14	13	13	0.0198851
456	15	50256	50256	0.000249863
457	5	411	8325	4.20928
457	6	15695	485	4.26851
457	7	78	78	1.75153
457	8	1724	1724	3.54141
457	9	284	284	0.0624924
457	10	1716	284	3.41119
457	11	11835	14796	3.78392
457	12	27089	27089	2.68877
457	13	13	13	0.00979996
457	14	50256	50256	0.000213623
458	5	14520	278	4.20881
458	6	318	318	0.122742
458	7	663	663	0.339442
458	8	25317	21334	3.32986
458	9	13	13	0.00336647
458	10	50256	50256	0.000263214
459	5	1180	1180	0.865894
459	6	13204	13204	2.91755
459	7	5107	1271	4.82709
459	8	286	286	0.00954819
459	9	262	262	0.00661755
459	10	5002	3825	3.89529
459	11	6588	6588	2.51303
459	12	13	13	0.0202293
459	13	50256	50256	0.000293732
460	5	17465	17465	3.93759
460	6	15225	15225	3.59662
460	7	857	857	2.2547
460	8	407	407	0.925224
460	9	6338	6338	3.61277
460	10	11169	11169	3.6482
460	11	3703	3703	3.97576
460	12	326	326	0.210977
460	13	373	373	0.812982
460	14	1239	1239	2.88604
460	15	6264	6264	3.12706
460	16	13	13	0.0012331
460	17	50256	50256	0.000406265
461	5	525	418	3.43341
461	6	907	338	4.48127
461	7	11	11	0.150932
461	8	308	4898	4.30364
461	9	676	2171	3.48385
461	10	2188	2171	6.2027
461	11	7150	7150	2.4153
461	12	14999	14999	3.07015
461	13	511	511	0.584508
461	14	5667	5667	2.23549
461	15	1123	1123	1.2456
461	16	23608	23608	2.99769
461	17	13	13	0.000226974
461	18	50256	50256	0.000379562
462	5	12748	47394	4.47464
462	6	7463	291	4.75264
462	7	5563	5563	1.96918
462	8	423	389	3.40967
462	9	6702	645	5.39484
462	10	262	262	0.066124
462	11	976	976	1.80813
462	12	20309	5931	5.76071
462	13	618	618	0.811779
462	14	1633	511	2.20628
462	15	6625	5951	5.06494
462	16	318	318	0.142914
462	17	36480	36480	2.95992
462	18	13	13	0.000106812
462	19	50256	50256	0.000205994
463	5	511	511	0.602967
463	6	11904	11904	2.52178
463	7	287	287	0.104669
463	8	47314	1660	5.5363
463	9	2138	2138	0.22714
463	10	621	621	0.105314
463	11	15921	1660	3.30867
463	12	13	13	0.0169954
463	13	50256	50256	0.000534058
464	5	530	530	1.09976
464	6	7319	7319	3.13949
464	7	10700	16379	4.86461
464	8	13	13	0.000211716
464	9	50256	50256	0.000244141
465	5	3372	3372	3.10391
465	6	14644	14644	3.23339
465	7	2291	2291	3.14187
465	8	4263	3170	3.28625
465	9	286	286	0.0338049
465	10	14260	8706	5.5618
465	11	290	290	0.0499859
465	12	40317	40317	3.88394
465	13	13	13	0.00307465
465	14	50256	50256	0.000167847
466	5	6795	6795	2.94145
466	6	287	287	0.0399265
466	7	14174	6156	4.90273
466	8	6650	6650	2.28572
466	9	13	13	0.000997543
466	10	50256	50256	0.000211716
467	5	13179	1271	4.55258
467	6	656	656	0.208558
467	7	6268	318	2.91481
467	8	1863	329	2.39856
467	9	663	663	0.184721
467	10	16488	21334	3.14759
467	11	13	13	0.000232697
467	12	50256	50256	0.000562668
468	5	257	257	0.0389118
468	6	5664	2818	3.82123
468	7	13	13	0.00239563
468	8	50256	50256	0.000196457
469	5	2727	1141	3.6858
469	6	262	262	0.0096302
469	7	19812	976	3.55352
469	8	3240	3240	2.48891
469	9	286	286	0.00770187
469	10	4100	262	3.64907
469	11	22311	22311	2.34162
469	12	13	13	0.000246048
469	13	50256	50256	0.000240326
470	5	4486	15317	5.30609
470	6	878	878	1.18287
470	7	8978	878	2.57639
470	8	262	262	0.00577164
470	9	2258	2258	3.27067
470	10	6896	6896	2.05879
470	11	13	13	0.00404644
470	12	50256	50256	0.000236511
471	5	286	286	0.0424204
471	6	7446	867	4.30635
471	7	3917	3917	1.41446
471	8	351	351	0.232695
471	9	15568	645	6.86256
471	10	287	287	0.0575943
471	11	304	674	4.35996
471	12	2724	2724	2.17106
471	13	560	560	2.69113
471	14	6210	560	3.69999
471	15	4778	4778	1.52926
471	16	13	13	9.15527e-05
471	17	50256	50256	0.000431061
472	5	16839	1296	4.38482
472	6	326	326	0.560123
472	7	460	460	0.717739
472	8	1011	307	5.35336
472	9	530	734	1.82518
472	10	286	286	0.201901
472	11	734	257	1.92708
472	12	3815	5667	3.27341
472	13	13	13	7.62939e-05
472	14	50256	50256	0.000263214
473	5	656	656	0.13446
473	6	734	734	1.30258
473	7	4778	4778	2.01169
473	8	13	13	0.000152588
473	9	50256	50256	0.000585556
474	5	17065	973	3.88451
474	6	355	355	0.178482
474	7	13701	1900	6.22202
474	8	389	389	0.41784
474	9	7525	925	4.70859
474	10	12835	7525	4.86074
474	11	336	336	2.08002
474	12	23833	6896	4.29824
474	13	13	13	0.000131607
474	14	50256	50256	0.000404358
475	5	284	284	0.117006
475	6	262	262	0.00779152
475	7	4571	3139	4.94537
475	8	286	286	0.0208359
475	9	3668	3668	1.42862
475	10	338	338	0.0451841
475	11	5093	3139	3.43678
475	12	5724	7150	4.42697
475	13	864	852	5.00289
475	14	16488	16488	2.63131
475	15	13	13	0.000621796
475	16	50256	50256	0.000400543
476	5	10183	257	3.63511
476	6	2258	3139	2.82159
476	7	2253	2253	1.30755
476	8	13	13	0.0023613
476	9	50256	50256	0.000238419
477	5	402	262	2.89216
477	6	23638	23638	2.07335
477	7	21001	373	6.38156
477	8	257	257	0.0303907
477	9	1692	4417	4.01991
477	10	1182	5931	4.167
477	11	351	351	0.137137
477	12	257	257	0.0312271
477	13	18744	4417	6.18156
477	14	338	338	0.147829
477	15	1767	4417	3.75373
477	16	13	13	0.0203991
477	17	50256	50256	0.000291824
478	5	257	257	0.0693512
478	6	26041	1588	4.56045
478	7	30971	37670	3.30688
478	8	2524	2524	2.36734
478	9	319	319	0.228666
478	10	262	262	0.0408907
478	11	575	8434	5.92619
478	12	1229	1229	3.46999
478	13	39036	39036	2.73787
478	14	24078	1978	2.94272
478	15	13	13	0.00152779
478	16	50256	50256	0.000337601
479	5	4729	379	5.45486
479	6	530	530	1.35064
479	7	1194	1194	1.18252
479	8	287	287	0.0377493
479	9	281	281	0.28131
479	10	22088	2134	6.53291
479	11	291	291	1.00496
479	12	4735	5951	4.02536
479	13	13	13	0.000143051
479	14	50256	50256	0.000476837
480	5	355	355	0.159282
480	6	262	262	0.0117426
480	7	3139	3139	1.36786
480	8	1748	1748	1.32171
480	9	286	286	0.0160933
480	10	16490	15317	3.80304
480	11	13	13	0.00162411
480	12	50256	50256	0.000429153
481	5	290	290	0.0798435
481	6	6140	5419	5.00049
481	7	262	262	0.0134945
481	8	44639	44639	3.91696
481	9	286	286	0.00897121
481	10	39515	286	3.40958
481	11	13	13	0.00786018
481	12	50256	50256	0.000329971
482	5	262	262	0.0273838
482	6	2656	3825	4.29848
482	7	1366	1366	2.64258
482	8	284	284	0.0544462
482	9	307	1180	3.52491
482	10	49594	5545	4.70595
482	11	3446	6896	4.47421
482	12	13	13	6.29425e-05
482	13	50256	50256	0.000583649
483	5	1317	373	7.49827
483	6	379	379	0.62056
483	7	262	262	0.0134821
483	8	3726	976	6.87969
483	9	286	286	0.0816994
483	10	257	257	0.0471687
483	11	3194	8122	3.23203
483	12	1808	1978	3.92038
483	13	13	13	0.00252914
483	14	50256	50256	0.00025177
484	5	2678	881	3.19273
484	6	11	11	0.0695105
484	7	1390	1390	3.28178
484	8	14679	14679	2.77918
484	9	290	290	0.0939236
484	10	17322	3139	4.04439
484	11	13	13	3.24249e-05
484	12	50256	50256	0.000185013
485	5	290	290	0.0453978
485	6	5594	584	3.8029
485	7	284	284	0.0728827
485	8	262	262	0.00550652
485	9	610	2258	6.09482
485	10	620	620	2.41544
485	11	77	77	1.55583
485	12	2340	2340	1.77584
485	13	13	13	0.00100517
485	14	50256	50256	0.000198364
486	5	38967	4886	4.06693
486	6	5911	2630	4.38964
486	7	257	257	0.0351152
486	8	2524	2524	3.18008
486	9	338	338	0.125925
486	10	9574	3139	4.13572
486	11	286	286	0.0109234
486	12	13755	286	3.52976
486	13	13	13	0.000389099
486	14	50256	50256	0.000291824
487	5	3146	3146	3.05744
487	6	13	13	0.00743866
487	7	50256	50256	0.000228882
488	5	3407	1863	3.5448
488	6	6285	262	3.09022
488	7	6637	6637	3.72073
488	8	3170	3170	1.11256
488	9	1141	1141	1.56928
488	10	1180	1180	1.39011
488	11	37860	37860	3.09787
488	12	459	290	3.76291
488	13	444	3877	4.51597
488	14	13	13	0.000179291
488	15	50256	50256	0.000528336
489	5	11	11	0.0933628
489	6	981	981	1.32634
489	7	257	257	0.114909
489	8	2116	1588	6.2745
489	9	12	12	0.078104
489	10	634	820	3.3113
489	11	12907	4289	4.92204
489	12	6870	4778	2.74815
489	13	262	262	0.0143003
489	14	6802	6802	4.05056
489	15	13	13	0.000106812
489	16	50256	50256	0.000133514
490	5	287	287	0.0204687
490	6	2882	8122	3.76348
490	7	284	284	0.045145
490	8	13522	1296	5.64531
490	9	13	13	0.00364876
490	10	50256	50256	0.000265121
491	5	3139	3139	0.646777
491	6	11	11	0.0678968
491	7	319	319	0.354275
491	8	262	262	0.00812912
491	9	12108	12108	2.68796
491	10	286	286	0.0370455
491	11	22777	47403	5.16423
491	12	13	13	3.43323e-05
491	13	50256	50256	0.000198364
492	5	24907	257	5.7315
492	6	416	416	0.0862532
492	7	31094	31094	2.67256
492	8	28471	28471	2.2079
492	9	13	13	0.000347137
492	10	50256	50256	0.00137711
493	5	7446	6156	4.05051
493	6	7000	2173	4.77352
493	7	8513	12967	4.34685
493	8	1321	1321	1.74646
493	9	13	13	0.00109482
493	10	50256	50256	0.000398636
494	5	284	284	0.0229769
494	6	3197	284	3.98397
494	7	21181	1402	4.00057
494	8	832	832	0.108501
494	9	23607	23607	3.13467
494	10	13	13	0.0132523
494	11	50256	50256	0.000339508
495	5	20394	20394	3.32374
495	6	7572	4417	3.74911
495	7	290	290	0.0631857
495	8	987	987	3.23361
495	9	48331	48331	0.872716
495	10	15268	15268	3.87677
495	11	13	13	0.000339508
495	12	50256	50256	0.000152588
496	5	1973	1973	0.904405
496	6	2031	2031	2.17438
496	7	1141	1141	1.33569
496	8	262	262	0.0853262
496	9	1440	530	4.25525
496	10	20283	20283	3.85515
496	11	4289	4289	1.39417
496	12	13	13	0.000293732
496	13	50256	50256	0.000368118
497	5	2057	2057	1.47208
497	6	1863	1863	1.81849
497	7	262	262	0.0195036
497	8	34616	34616	2.8191
497	9	14998	14998	2.48961
497	10	13	13	0.000173569
497	11	50256	50256	0.000268936
498	5	878	878	0.897007
498	6	5033	878	3.91811
498	7	8539	621	4.0425
498	8	276	276	1.41891
498	9	6490	276	3.35077
498	10	13	13	5.34058e-05
498	11	50256	50256	0.000314713
499	5	18355	287	3.91929
499	6	12135	12135	2.6605
499	7	15114	8811	4.54891
499	8	355	355	0.399829
499	9	2208	25209	5.696
499	10	24494	21622	4.93272
499	11	276	276	1.05851
499	12	1660	319	1.97157
499	13	44389	706	5.85583
499	14	4291	1231	2.35469
499	15	4771	530	4.19433
499	16	13166	13166	2.85386
499	17	13	13	0.000196457
499	18	50256	50256	0.00130844
500	5	379	379	0.349782
500	6	543	543	1.59435
500	7	2647	5419	5.05563
500	8	318	318	0.168053
500	9	6157	6157	3.81277
500	10	13	13	0.00322533
500	11	50256	50256	0.000572205
501	5	5440	3139	2.95657
501	6	3917	3917	0.969836
501	7	351	351	0.0745487
501	8	262	262	0.00565815
501	9	509	976	5.85556
501	10	9019	274	3.63603
501	11	525	525	2.82136
501	12	16734	16734	1.94962
501	13	13	13	9.53674e-05
501	14	50256	50256	0.000198364
502	5	262	262	0.00309658
502	6	2297	1578	3.9674
502	7	6896	6896	0.808649
502	8	290	290	0.0855799
502	9	262	262	0.0218468
502	10	22035	1578	4.89715
502	11	12108	12108	3.66337
502	12	13	13	0.0204468
502	13	50256	50256	0.000219345
503	5	16968	2138	4.40621
503	6	1660	1660	1.15205
503	7	2641	2641	1.07204
503	8	606	606	1.65122
503	9	12188	606	5.88361
503	10	6751	656	4.85668
503	11	3833	3833	1.82624
503	12	13	13	0.0323486
503	13	50256	50256	0.000307083
504	5	22037	23235	3.68415
504	6	13100	4778	5.44889
504	7	284	284	0.0288944
504	8	1440	1296	3.24585
504	9	19651	23235	4.95243
504	10	6588	6588	1.75167
504	11	23235	23235	1.81513
504	12	13	13	0.00432968
504	13	50256	50256	0.000499725
505	5	18391	18391	3.43186
505	6	4778	4778	1.09727
505	7	284	284	0.0730247
505	8	1296	1296	1.57953
505	9	257	257	0.0313044
505	10	649	2060	3.60023
505	11	1976	5931	3.7858
505	12	35641	966	3.9536
505	13	1258	1258	2.43363
505	14	13	13	0.00227928
505	15	50256	50256	0.00082016
506	5	625	625	0.477619
506	6	37294	300	4.61498
506	7	5207	5207	1.4787
506	8	13	13	0.00115395
506	9	50256	50256	0.00025177
507	5	284	284	0.0618496
507	6	12405	284	4.70031
507	7	290	290	0.0242386
507	8	18510	5369	5.06769
507	9	50126	50126	2.42331
507	10	1366	1366	2.42487
507	11	13	13	0.00805473
507	12	50256	50256	0.000255585
508	5	1022	1022	0.398821
508	6	290	290	0.251647
508	7	1088	262	3.21248
508	8	262	262	0.0780926
508	9	14189	14189	4.43809
508	10	2442	1810	4.62967
508	11	290	290	0.106254
508	12	47441	47441	3.67037
508	13	9700	9700	2.18501
508	14	18180	5866	3.50342
508	15	13	13	0.00157356
508	16	50256	50256	0.000423431
509	5	11	11	0.0382719
509	6	981	981	1.34263
509	7	4530	4530	4.43872
509	8	286	286	0.0595036
509	9	262	262	0.0161848
509	10	976	976	1.98048
509	11	1051	319	5.79751
509	12	1128	1128	3.61523
509	13	417	417	2.78381
509	14	13	13	0.0604162
509	15	50256	50256	0.000242233
510	5	12	12	0.13668
510	6	2385	2385	2.4359
510	7	863	863	1.89284
510	8	2712	863	5.89891
510	9	4116	22829	3.8146
510	10	4909	4909	2.11666
510	11	1440	1440	2.53885
510	12	14803	14803	2.64291
510	13	13	13	4.3869e-05
510	14	50256	50256	0.000173569
511	5	257	257	0.158512
511	6	14091	1588	3.3906
511	7	2214	2214	1.12095
511	8	13	13	0.00480366
511	9	50256	50256	0.000364304
512	5	3188	8122	5.72609
512	6	393	393	0.144058
512	7	4067	1296	3.31165
512	8	284	284	0.0617275
512	9	1194	1194	1.26397
512	10	8271	10552	4.67672
512	11	393	393	0.130455
512	12	4067	1296	3.43976
512	13	13	13	0.00146294
512	14	50256	50256	0.00028801
513	5	4695	5207	3.35342
513	6	287	287	0.0462761
513	7	16976	1944	5.1138
513	8	11	11	0.0844746
513	9	18086	1690	4.05095
513	10	12	12	0.0369892
513	11	16760	820	2.70806
513	12	5667	5667	0.93105
513	13	13	13	0.000623703
513	14	50256	50256	0.00012207
514	5	319	319	0.162158
514	6	2869	3668	5.15969
514	7	338	338	0.121173
514	8	7022	4417	3.33229
514	9	286	286	0.0709
514	10	367	31094	5.08833
514	11	684	684	2.9134
514	12	13415	13415	2.66384
514	13	13	13	5.72205e-05
514	14	50256	50256	0.000329971
515	5	8122	8122	2.19678
515	6	656	656	0.30107
515	7	257	257	0.0698042
515	8	3623	8122	4.12505
515	9	379	379	1.27207
515	10	663	257	3.39911
515	11	4417	4417	2.57708
515	12	13	13	0.000289917
515	13	50256	50256	0.000743866
516	5	416	416	0.254487
516	6	38797	38797	1.96748
516	7	278	278	1.01865
516	8	7545	278	3.82556
516	9	351	351	0.180355
516	10	300	300	2.53347
516	11	12009	12009	2.61219
516	12	7408	7408	2.68946
516	13	11492	11492	2.28438
516	14	13	13	0.00212097
516	15	50256	50256	0.000289917
517	5	287	287	0.0656147
517	6	7408	530	4.16001
517	7	414	326	5.28836
517	8	618	618	0.709146
517	9	1402	1402	2.19333
517	10	6867	5207	5.6661
517	11	286	286	0.0092392
517	12	7408	7408	2.50093
517	13	393	393	0.219557
517	14	2779	318	6.3601
517	15	389	389	0.641803
517	16	2087	2087	3.31523
517	17	13	13	0.00514698
517	18	50256	50256	0.000518799
518	5	5107	3139	5.64935
518	6	286	286	0.00901318
518	7	3194	8122	4.41891
518	8	3435	3805	5.67931
518	9	355	355	0.273535
518	10	281	281	0.305852
518	11	1242	2134	3.98047
518	12	13	13	4.19617e-05
518	13	50256	50256	0.000679016
519	5	3017	3017	3.21031
519	6	465	465	2.47274
519	7	898	898	3.09054
519	8	35674	35674	4.35485
519	9	287	287	0.0145321
519	10	10123	281	4.49513
519	11	6065	6065	2.79541
519	12	24252	24252	2.86038
519	13	13	13	0.00756836
519	14	50256	50256	0.000177383
520	5	7421	572	3.47457
520	6	286	286	0.121072
520	7	3878	2520	4.22636
520	8	5491	5491	2.81912
520	9	13	13	0.00030899
520	10	50256	50256	0.000350952
521	5	44771	44771	1.94079
521	6	262	262	0.02388
521	7	27806	262	5.29377
521	8	286	286	0.0200901
521	9	262	262	0.0072279
521	10	449	262	3.98907
521	11	544	544	1.40683
521	12	1641	1641	1.13741
521	13	13	13	0.00828648
521	14	50256	50256	0.000135422
522	5	28721	281	5.19329
522	6	287	287	0.0352583
522	7	8850	8850	1.49649
522	8	1103	4417	5.0402
522	9	34768	1402	3.96938
522	10	13	13	0.00168324
522	11	50256	50256	0.000404358
523	5	286	286	0.0150948
523	6	10183	2520	3.79101
523	7	2520	2520	1.50388
523	8	2253	2253	1.27187
523	9	13	13	0.000150681
523	10	50256	50256	0.000244141
524	5	31555	8811	5.21366
524	6	262	262	0.019083
524	7	4434	976	5.30709
524	8	323	323	1.44965
524	9	24078	544	4.64628
524	10	422	422	0.0573626
524	11	5060	281	4.40835
524	12	26066	26066	2.97595
524	13	13	13	0.00347614
524	14	50256	50256	0.000267029
525	5	468	468	0.404927
525	6	37516	468	4.85394
525	7	12	12	0.0458002
525	8	26022	820	4.40247
525	9	8251	8251	0.785724
525	10	13	13	0.000104904
525	11	50256	50256	0.000183105
526	5	262	262	0.00329018
526	6	40829	976	4.91596
526	7	31643	31643	2.80842
526	8	4886	4886	1.39736
526	9	32726	4886	3.03223
526	10	28192	286	4.81703
526	11	17745	17745	1.55717
526	12	13	13	0.000713348
526	13	50256	50256	0.000171661
527	5	416	416	0.179879
527	6	262	262	0.00889969
527	7	29973	3825	3.99125
527	8	3048	3048	3.50226
527	9	286	286	0.0173597
527	10	262	262	0.00541878
527	11	6869	3825	3.80511
527	12	290	290	0.127147
527	13	262	262	0.0163898
527	14	3825	3825	2.66016
527	15	13	13	1.90735e-05
527	16	50256	50256	0.000349045
528	5	2587	734	2.39471
528	6	422	422	0.102065
528	7	7815	281	4.7859
528	8	284	284	0.152582
528	9	36717	4439	4.83361
528	10	257	257	0.0673752
528	11	3785	3785	3.94893
528	12	13	13	0.000688553
528	13	50256	50256	0.000389099
529	5	2568	2568	1.00782
529	6	832	832	0.0975943
529	7	12213	2877	5.58362
529	8	1626	1626	1.22306
529	9	2300	739	5.87181
529	10	1231	1231	0.90635
529	11	11963	852	5.05124
529	12	2587	2587	2.30223
529	13	5202	5202	3.75052
529	14	13	13	0.00361252
529	15	50256	50256	0.000375748
530	5	11904	1660	3.41431
530	6	1043	973	2.89152
530	7	2641	2641	1.01234
530	8	262	262	0.00528145
530	9	6891	1402	5.84996
530	10	4618	4618	1.40453
530	11	338	338	0.110977
530	12	15921	3139	4.43432
530	13	13	13	0.000368118
530	14	50256	50256	0.00025177
531	5	4833	281	4.20588
531	6	37446	37446	3.48788
531	7	11	11	0.0592613
531	8	1123	1123	1.10223
531	9	351	351	0.547326
531	10	5093	530	5.04493
531	11	290	290	0.0454922
531	12	5366	584	6.30201
531	13	24971	11492	3.94377
531	14	13	13	0.0032196
531	15	50256	50256	0.000404358
532	5	5688	3170	4.97534
532	6	416	416	0.0895061
532	7	262	262	0.0614443
532	8	7492	3139	5.61508
532	9	5866	5866	0.67014
532	10	13	13	0.000785828
532	11	50256	50256	0.000202179
533	5	511	511	0.360089
533	6	2057	5667	2.68886
533	7	7525	7525	1.46079
533	8	416	416	0.157887
533	9	6600	867	3.38706
533	10	4618	4618	2.19268
533	11	2587	2587	2.10082
533	12	13	13	0.00328827
533	13	50256	50256	0.000400543
534	5	656	656	0.0978937
534	6	262	262	0.0738811
534	7	2619	3139	7.35854
534	8	6896	6896	1.05772
534	9	832	832	0.453107
534	10	257	257	0.204499
534	11	1588	1588	3.03746
534	12	25979	25979	3.2329
534	13	13	13	0.00353241
534	14	50256	50256	0.000314713
535	5	663	663	0.19286
535	6	8574	3877	4.33151
535	7	10154	1973	5.01538
535	8	618	618	0.474852
535	9	1176	5931	4.0979
535	10	318	318	0.166425
535	11	4615	4615	2.5035
535	12	13	13	0.00413704
535	13	50256	50256	0.000366211
536	5	3696	4439	4.06157
536	6	625	625	0.745839
536	7	640	383	4.22956
536	8	13	13	4.95911e-05
536	9	50256	50256	0.000844955
537	5	41898	11	3.52892
537	6	11	11	0.0587397
537	7	15677	460	4.34691
537	8	82	82	1.61321
537	9	262	262	0.0483112
537	10	1556	976	6.20315
537	11	2838	2838	2.7424
537	12	286	286	0.0173283
537	13	262	262	0.00389004
537	14	17467	976	5.5186
537	15	385	385	1.57208
537	16	5866	5866	0.969143
537	17	13	13	0.0275717
537	18	50256	50256	0.00018692
538	5	21079	21079	2.25963
538	6	262	262	0.00451183
538	7	3085	262	3.09008
538	8	1627	1627	1.33461
538	9	8686	8686	1.19716
538	10	284	284	0.0254431
538	11	262	262	0.00365829
538	12	3465	262	4.68284
538	13	402	402	1.43524
538	14	13	13	0.0171261
538	15	50256	50256	0.000177383
539	5	29509	1262	4.62819
539	6	263	338	3.6494
539	7	621	621	0.589649
539	8	5814	4886	5.56685
539	9	32085	32085	2.82037
539	10	729	729	2.19854
539	11	286	286	0.0353384
539	12	262	262	0.10337
539	13	976	976	2.13667
539	14	3664	286	4.50967
539	15	6269	544	5.736
539	16	379	379	0.454172
539	17	7226	7226	3.07401
539	18	9151	4417	4.64174
539	19	10101	10101	2.55728
539	20	13	13	0.0018177
539	21	50256	50256	0.000318527
540	5	1022	1022	0.597188
540	6	6632	530	3.72479
540	7	290	290	0.074584
540	8	530	530	1.77628
540	9	11	11	0.342993
540	10	19889	19889	3.47822
540	11	13	13	0.000198364
540	12	50256	50256	0.00028801
541	5	1262	1262	0.700209
541	6	257	257	0.0389271
541	7	2060	2060	2.81767
541	8	302	286	4.89258
541	9	276	276	0.955528
541	10	13	13	0.000375748
541	11	50256	50256	0.00125504
542	5	11470	284	4.94761
542	6	7370	7370	1.75729
542	7	393	393	0.335127
542	8	734	734	1.56706
542	9	31028	22969	4.99461
542	10	2511	2511	3.06811
542	11	1547	1547	1.56038
542	12	13	13	0.00878716
542	13	50256	50256	0.000221252
543	5	3436	385	4.10684
543	6	857	857	2.99938
543	7	407	407	1.33019
543	8	10385	407	5.68718
543	9	262	262	0.0279922
543	10	1366	3825	4.03026
543	11	8574	1271	3.79176
543	12	2641	2641	0.907438
543	13	340	340	1.04193
543	14	13	13	0.0721455
543	15	50256	50256	0.000421524
544	5	987	867	3.48781
544	6	48331	48331	0.943104
544	7	23607	23607	3.42989
544	8	286	286	0.0254469
544	9	21181	5828	4.20114
544	10	13	13	0.00345993
544	11	50256	50256	0.00050354
545	5	290	290	0.0268745
545	6	11298	11298	3.71939
545	7	4133	12	3.73737
545	8	884	973	2.82764
545	9	355	355	0.116426
545	10	11532	281	4.82582
545	11	4963	4963	2.30738
545	12	13	13	5.34058e-05
545	13	50256	50256	0.00053978
546	5	287	287	0.0314207
546	6	257	257	0.0259743
546	7	16430	2060	4.71609
546	8	13	13	0.00960827
546	9	50256	50256	0.000286102
547	5	11408	257	4.86361
547	6	787	787	2.37118
547	7	10469	284	4.8621
547	8	2300	5186	5.56786
547	9	422	422	0.164989
547	10	287	287	0.547461
547	11	36617	674	4.79828
547	12	4237	13	2.8873
547	13	13	13	0.000629425
547	14	50256	50256	0.000513077
548	5	38985	38985	3.61757
548	6	636	636	2.17253
548	7	286	286	0.01824
548	8	7840	286	3.19187
548	9	17456	17456	2.61833
548	10	13	13	9.53674e-05
548	11	50256	50256	0.000404358
549	5	6268	6268	1.3881
549	6	656	656	0.153342
549	7	18411	12278	5.43887
549	8	2568	2568	0.81581
549	9	13	13	0.000204086
549	10	50256	50256	0.00107956
550	5	734	734	2.07483
550	6	318	318	0.260528
550	7	262	262	0.0284185
550	8	691	3825	7.29023
550	9	772	351	3.8876
550	10	530	530	1.69738
550	11	13	13	0.101091
550	12	50256	50256	0.000167847
551	5	262	262	0.0467081
551	6	3934	976	4.9689
551	7	16395	900	5.447
551	8	15989	338	5.06187
551	9	3812	3812	2.40002
551	10	663	262	1.09205
551	11	6971	21334	6.80015
551	12	8384	8384	1.10868
551	13	832	832	0.645112
551	14	19794	35115	3.82657
551	15	13	13	0.00139809
551	16	50256	50256	0.000513077
552	5	262	262	0.0240278
552	6	3139	3139	1.18068
552	7	1748	1748	1.48487
552	8	286	286	0.0102491
552	9	27026	5828	5.04397
552	10	287	287	0.0347872
552	11	2520	2520	1.9104
552	12	7229	7229	1.50465
552	13	13	13	0.000211716
552	14	50256	50256	0.000192642
553	5	37989	37989	4.38914
553	6	7370	7370	1.7096
553	7	13	13	0.00267792
553	8	50256	50256	0.000307083
554	5	14422	881	3.19789
554	6	286	286	0.0261612
554	7	36683	262	3.79409
554	8	571	83	4.3545
554	9	10304	385	4.04294
554	10	547	547	3.32052
554	11	23470	23470	3.19643
554	12	656	656	0.722381
554	13	7815	543	4.86016
554	14	287	287	0.060853
554	15	31592	31592	3.40699
554	16	13	13	0.000246048
554	17	50256	50256	0.000732422
555	5	2753	2753	1.11151
555	6	1295	2753	3.65847
555	7	1973	1973	0.778009
555	8	262	262	0.0388584
555	9	7714	3825	4.40423
555	10	286	286	0.0428257
555	11	7009	47403	4.32027
555	12	435	5585	3.76206
555	13	303	303	2.95814
555	14	11106	11106	3.00344
555	15	13	13	8.01086e-05
555	16	50256	50256	0.000581741
556	5	2939	584	4.42098
556	6	19794	19794	3.14696
556	7	290	290	0.0463476
556	8	13902	13902	3.24804
556	9	13	13	0.000196457
556	10	50256	50256	0.00019455
557	5	4263	4263	2.84222
557	6	422	422	0.161119
557	7	867	867	2.01735
557	8	1402	1402	1.54073
557	9	22969	5207	3.23508
557	10	286	286	0.0585279
557	11	3124	286	3.76587
557	12	13	13	0.0213919
557	13	50256	50256	0.000240326
558	5	3923	3923	1.66547
558	6	287	287	0.0513229
558	7	262	262	0.00857353
558	8	5739	2258	6.33288
558	9	8689	8689	2.31443
558	10	286	286	0.0588913
558	11	1881	2520	4.42204
558	12	39255	1973	3.8625
558	13	290	290	0.086647
558	14	1881	262	4.20897
558	15	27760	27760	3.85994
558	16	13	13	0.00817966
558	17	50256	50256	0.00038147
559	5	286	286	0.0657568
559	6	20296	511	4.21025
559	7	326	326	0.625917
559	8	5615	373	4.86097
559	9	287	287	0.0583372
559	10	262	262	0.0118885
559	11	41917	976	5.03792
559	12	1613	1613	3.05625
559	13	13	13	0.0104628
559	14	50256	50256	0.000230789
560	5	15170	15170	1.63334
560	6	2577	15170	4.83792
560	7	8477	468	5.54175
560	8	257	257	0.0226011
560	9	3350	3992	5.17214
560	10	8272	44360	4.36696
560	11	338	338	0.111686
560	12	1204	4417	5.28837
560	13	319	319	0.302867
560	14	281	281	0.210488
560	15	7022	2134	3.09429
560	16	13	13	0.00106239
560	17	50256	50256	0.000524521
561	5	3825	3825	2.4433
561	6	1656	4778	3.39911
561	7	284	284	0.0773926
561	8	1445	1296	4.02441
561	9	1973	1973	1.96673
561	10	262	262	0.0177355
561	11	6766	3825	6.26682
561	12	1123	1123	0.824941
561	13	1110	584	5.13355
561	14	13	13	0.00135422
561	15	50256	50256	0.000442505
562	5	262	262	0.0130262
562	6	15189	976	4.47306
562	7	3634	3634	3.30516
562	8	4279	418	4.65281
562	9	11	11	0.10884
562	10	340	340	1.56957
562	11	1276	1276	3.40195
562	12	7719	14999	4.48436
562	13	284	284	0.0881205
562	14	257	257	0.0692387
562	15	16599	1729	5.94568
562	16	11	11	0.0301762
562	17	10929	407	5.49606
562	18	11	11	0.0896292
562	19	24233	24233	4.91159
562	20	11	11	0.056076
562	21	393	393	0.142557
562	22	22062	22062	3.72128
562	23	13	13	0.0176039
562	24	50256	50256	0.000267029
563	5	2420	2420	4.04548
563	6	2915	2915	2.58264
563	7	13676	287	4.64565
563	8	1088	1088	1.45242
563	9	15985	621	4.07747
563	10	11904	11904	1.58097
563	11	13	13	7.05719e-05
563	12	50256	50256	0.000289917
564	5	389	389	0.385981
564	6	3706	38797	4.72892
564	7	13548	12622	4.77704
564	8	418	418	1.43876
564	9	11	11	0.0358171
564	10	350	262	4.22788
564	11	1506	1506	3.76622
564	12	418	418	1.55676
564	13	11	11	0.0361719
564	14	290	290	0.0722151
564	15	39026	5369	4.41527
564	16	271	271	1.78632
564	17	13	13	0.0188456
564	18	50256	50256	0.000350952
565	5	6156	6156	1.53707
565	6	9088	9088	3.80888
565	7	286	286	0.0150356
565	8	24726	8706	4.7532
565	9	13399	13399	2.91761
565	10	13	13	0.0046587
565	11	50256	50256	0.00022316
566	5	1402	1402	1.3543
566	6	11904	5667	2.64152
566	7	326	326	0.297627
566	8	3092	925	4.74101
566	9	257	257	0.0335684
566	10	8904	2060	5.45065
566	11	8574	8574	3.31376
566	12	2057	2057	2.0082
566	13	5127	5127	3.03303
566	14	13	13	5.34058e-05
566	15	50256	50256	0.000242233
567	5	2904	2266	4.19474
567	6	2087	2087	2.77013
567	7	2378	2641	4.24566
567	8	717	584	3.4107
567	9	13	13	0.00773716
567	10	50256	50256	0.000221252
568	5	1717	416	3.99866
568	6	6327	6327	3.04231
568	7	360	39781	4.29669
568	8	39781	39781	2.75856
568	9	262	262	0.0418625
568	10	20281	976	6.49429
568	11	286	286	0.0518341
568	12	383	383	1.29768
568	13	2764	36306	4.1882
568	14	286	286	0.0399179
568	15	22489	286	4.63559
568	16	24568	83	4.9257
568	17	78	78	1.2119
568	18	13	13	0.0344887
568	19	50256	50256	0.000173569
569	5	287	287	0.0287571
569	6	2292	543	6.21386
569	7	981	981	1.43414
569	8	257	257	0.2646
569	9	9664	9403	5.37957
569	10	318	318	0.159136
569	11	36932	9583	4.41086
569	12	13	13	5.14984e-05
569	13	50256	50256	0.000217438
570	5	516	516	2.91721
570	6	15113	15113	3.45481
570	7	4635	4635	2.17118
570	8	355	355	0.350627
570	9	257	257	0.0899429
570	10	19999	3992	4.76019
570	11	1868	1868	4.21473
570	12	14170	14170	1.74542
570	13	281	281	0.283188
570	14	8137	2134	5.76843
570	15	13	13	0.00208664
570	16	50256	50256	0.00113487
571	5	262	262	0.0292368
571	6	6869	3825	4.13907
571	7	318	318	0.226768
571	8	6697	1296	4.45471
571	9	262	262	0.00542259
571	10	3825	976	2.69945
571	11	287	287	0.0787401
571	12	3668	281	1.96856
571	13	338	338	0.0700912
571	14	6766	4417	5.9411
571	15	13	13	0.00128174
571	16	50256	50256	0.000185013
572	5	355	355	0.197626
572	6	262	262	0.0124588
572	7	3139	3139	1.34346
572	8	286	286	0.0181608
572	9	262	262	0.00855732
572	10	45772	3139	6.50585
572	11	8065	8065	1.47861
572	12	13	13	9.53674e-05
572	13	50256	50256	0.000204086
573	5	832	832	0.292991
573	6	3668	3668	1.69878
573	7	338	338	0.044137
573	8	8137	4417	4.1364
573	9	290	290	0.218771
573	10	12229	584	4.87817
573	11	262	262	0.00778198
573	12	2323	3825	4.45492
573	13	318	318	0.168525
573	14	1444	1444	0.81517
573	15	257	257	0.16501
573	16	19999	2818	4.88893
573	17	578	666	4.81288
573	18	13	13	0.00722885
573	19	50256	50256	0.000350952
574	5	660	7679	3.71736
574	6	318	318	0.119476
574	7	3917	3917	1.34347
574	8	351	351	0.141094
574	9	262	262	0.0101957
574	10	1855	976	5.13872
574	11	24611	24611	3.94595
574	12	14355	14355	2.87169
574	13	13	13	0.00359058
574	14	50256	50256	0.000257492
575	5	2967	1321	4.51297
575	6	656	656	0.123375
575	7	10601	8181	5.13995
575	8	329	329	0.239417
575	9	8509	307	4.58223
575	10	290	290	0.0412016
575	11	584	584	1.49251
575	12	9013	9013	2.24795
575	13	13	13	0.000179291
575	14	50256	50256	0.000518799
576	5	14768	11	4.49355
576	6	319	319	0.405659
576	7	24438	3668	5.16798
576	8	286	286	0.0170221
576	9	262	262	0.0164309
576	10	976	976	2.03995
576	11	3124	2057	4.40231
576	12	3690	5289	4.76402
576	13	8850	8850	0.933442
576	14	6100	3877	4.9158
576	15	13	13	4.00543e-05
576	16	50256	50256	0.000249863
577	5	3794	3668	3.73564
577	6	284	284	0.0399532
577	7	262	262	0.0405378
577	8	5366	3825	5.50681
577	9	290	290	0.0352402
577	10	2807	5369	5.81648
577	11	284	284	0.193791
577	12	262	262	0.00438499
577	13	5093	584	4.63483
577	14	13	13	4.19617e-05
577	15	50256	50256	0.000188828
578	5	6727	976	4.79619
578	6	4417	4417	1.3983
578	7	286	286	0.0150614
578	8	262	262	0.0079422
578	9	24725	976	6.01481
578	10	34573	663	3.71819
578	11	6516	24203	6.407
578	12	287	287	0.0489054
578	13	281	281	0.425428
578	14	555	2134	4.86529
578	15	10414	10414	3.29876
578	16	1389	1389	1.97298
578	17	14839	1389	4.21217
578	18	7087	66	4.10943
578	19	13	13	0.00188828
578	20	50256	50256	0.000320435
579	5	257	257	0.0249434
579	6	9629	2060	4.91635
579	7	286	286	0.0206718
579	8	987	867	3.0653
579	9	86	48331	3.52704
579	10	16206	966	4.42743
579	11	4618	4618	1.33906
579	12	26742	1080	5.40833
579	13	13	13	0.000268936
579	14	50256	50256	0.000505447
580	5	286	286	0.0293217
580	6	4930	4930	3.82836
580	7	20830	20830	2.86999
580	8	287	287	0.0283556
580	9	3576	2520	5.34867
580	10	290	290	0.028882
580	11	6342	3139	4.89976
580	12	13	13	4.00543e-05
580	13	50256	50256	0.00034523
581	5	16524	925	3.88696
581	6	284	284	0.0896778
581	7	1180	1180	1.52771
581	8	10530	1180	4.36082
581	9	22421	1402	3.53174
581	10	416	416	0.0884485
581	11	5609	1180	4.20825
581	12	262	262	0.0141144
581	13	12097	976	6.4495
581	14	286	286	0.0250845
581	15	511	511	0.456595
581	16	13026	898	4.30802
581	17	16600	16600	2.77865
581	18	13	13	0.000154495
581	19	50256	50256	0.000221252
582	5	21270	21270	4.10753
582	6	287	287	0.0620909
582	7	11228	4492	4.35953
582	8	2057	2057	1.20543
582	9	13	13	0.000495911
582	10	50256	50256	0.000225067
583	5	9215	1271	4.96897
583	6	17359	17359	4.01582
583	7	284	284	0.119026
583	8	1296	1296	1.74574
583	9	9215	1271	5.05451
583	10	13	13	0.000299454
583	11	50256	50256	0.000556946
584	5	4492	4492	2.79121
584	6	422	422	0.0850115
584	7	7840	262	3.07225
584	8	4881	2877	5.14683
584	9	13	13	0.0152874
584	10	50256	50256	0.000343323
585	5	276	276	0.980906
585	6	287	287	0.0458126
585	7	281	281	0.259437
585	8	11557	2134	3.26295
585	9	1080	1080	1.03187
585	10	13	13	0.000162125
585	11	50256	50256	0.000864029
586	5	8771	2818	6.49337
586	6	800	800	4.19392
586	7	3369	3369	2.78102
586	8	2346	1900	5.30594
586	9	11	11	0.147184
586	10	3264	318	4.39678
586	11	393	393	0.224383
586	12	20762	14891	3.05291
586	13	13	13	0.0018425
586	14	50256	50256	0.000114441
587	5	10087	4695	5.79221
587	6	422	422	0.169957
587	7	477	262	5.46518
587	8	584	584	1.81333
587	9	2877	2877	2.5276
587	10	4695	4695	2.59889
587	11	13	13	0.0026722
587	12	50256	50256	0.000249863
588	5	925	925	0.787126
588	6	422	422	0.138968
588	7	262	262	0.0963955
588	8	279	8434	3.81391
588	9	342	2150	4.62913
588	10	286	286	0.0226765
588	11	262	262	0.0134363
588	12	20461	8434	4.69398
588	13	21180	21180	4.08402
588	14	4618	4618	1.37598
588	15	13	13	0.000522614
588	16	50256	50256	0.000274658
589	5	11	11	0.0804033
589	6	1663	1663	2.72152
589	7	379	11	2.41425
589	8	5417	3668	6.41996
589	9	11	11	0.168473
589	10	290	290	0.108689
589	11	1441	584	5.29962
589	12	284	284	0.0589552
589	13	40941	3668	4.13052
589	14	284	284	0.107031
589	15	22919	11945	5.04448
589	16	13	13	2.28882e-05
589	17	50256	50256	0.000328064
590	5	11	11	0.102241
590	6	14104	281	3.89387
590	7	13015	1402	4.94042
590	8	11	11	0.0347843
590	9	290	290	0.0352507
590	10	3624	584	3.44709
590	11	9421	9421	2.77608
590	12	1063	1063	1.71036
590	13	13	13	0.000396729
590	14	50256	50256	0.000131607
591	5	29289	820	3.0915
591	6	8435	8435	3.39951
591	7	973	973	0.879665
591	8	284	284	0.10592
591	9	5163	4439	5.73625
591	10	3992	5931	3.38652
591	11	4133	4133	4.26267
591	12	13	13	4.76837e-05
591	13	50256	50256	0.000284195
592	5	9016	9016	2.81405
592	6	4731	326	3.25074
592	7	318	318	0.267769
592	8	2793	3917	6.39009
592	9	287	287	0.0733604
592	10	7078	739	4.21196
592	11	621	621	0.148102
592	12	262	262	0.0519094
592	13	38283	976	6.46997
592	14	338	338	0.0605717
592	15	6678	22204	4.32606
592	16	9016	9016	2.23152
592	17	4731	326	3.20909
592	18	13	13	0.000699997
592	19	50256	50256	0.000213623
593	5	4635	925	4.39238
593	6	416	416	0.164796
593	7	23147	38797	5.68467
593	8	44030	1296	4.01831
593	9	6147	1141	4.37458
593	10	656	656	0.168205
593	11	285	663	2.5662
593	12	10119	10119	2.7884
593	13	13	13	0.000228882
593	14	50256	50256	0.000707626
594	5	7363	925	3.5045
594	6	284	284	0.0777922
594	7	262	262	0.00507545
594	8	7627	976	6.8398
594	9	286	286	0.0459652
594	10	22779	663	3.70942
594	11	7229	7229	1.35552
594	12	13	13	0.000190735
594	13	50256	50256	0.000267029
595	5	262	262	0.0184345
595	6	13589	13204	5.75523
595	7	284	284	0.0449066
595	8	262	262	0.00519753
595	9	11384	8434	5.91215
595	10	832	832	0.106116
595	11	262	262	0.0136385
595	12	1658	1658	4.02828
595	13	2522	2522	2.84468
595	14	31111	31111	2.67647
595	15	13	13	0.00019455
595	16	50256	50256	0.000270844
596	5	8630	925	5.28179
596	6	287	287	0.0147724
596	7	2658	262	3.31383
596	8	417	417	2.97289
596	9	292	292	2.9394
596	10	287	287	0.0459509
596	11	262	262	0.0976906
596	12	25861	976	4.95936
596	13	1080	1080	1.41204
596	14	13	13	0.000133514
596	15	50256	50256	0.000200272
597	5	11881	11881	2.97389
597	6	1364	1364	2.57229
597	7	422	422	0.205029
597	8	262	262	0.0366488
597	9	1903	3825	4.87606
597	10	3024	3024	3.06335
597	11	6881	6881	2.51579
597	12	13	13	5.91278e-05
597	13	50256	50256	0.000246048
598	5	20435	4180	4.29082
598	6	3356	3139	3.05488
598	7	290	290	0.0150566
598	8	5529	19783	3.75962
598	9	5236	5236	2.41642
598	10	13	13	0.000150681
598	11	50256	50256	0.000137329
599	5	416	416	0.0968475
599	6	37228	38797	4.54707
599	7	7888	7888	4.20999
599	8	11685	11685	1.78435
599	9	286	286	0.00693893
599	10	4898	4898	2.7612
599	11	11	11	0.0824738
599	12	3221	407	4.8134
599	13	351	351	0.223551
599	14	39623	663	3.0008
599	15	13020	13020	3.38189
599	16	11678	11678	2.83702
599	17	13	13	0.0170269
599	18	50256	50256	0.00075531
600	5	13055	13055	2.62314
600	6	1660	1660	1.29416
600	7	300	1043	6.64745
600	8	3922	12009	5.28785
600	9	287	287	0.0457506
600	10	465	281	3.23151
600	11	11376	17545	5.96402
600	12	379	379	0.394239
600	13	8118	281	3.70342
600	14	933	2138	5.1058
600	15	88	88	1.6748
600	16	13	13	0.0562572
600	17	50256	50256	0.00094223
601	5	422	422	0.112512
601	6	257	257	0.109161
601	7	4417	4417	1.48402
601	8	736	291	4.36001
601	9	3812	3812	2.49989
601	10	257	257	0.0980339
601	11	24783	24783	3.75123
601	12	13	13	0.000696182
601	13	50256	50256	0.000646591
602	5	257	257	0.0774145
602	6	18778	2060	4.70866
602	7	14688	14688	3.17275
602	8	680	680	2.82103
602	9	12	12	0.0802574
602	10	43745	820	4.40403
602	11	19634	338	4.65229
602	12	287	287	0.052824
602	13	281	281	0.284711
602	14	12278	2134	3.83012
602	15	17655	2568	3.21848
602	16	13	13	0.000293732
602	17	50256	50256	0.000226974
603	5	3794	3668	4.03574
603	6	3994	3994	2.54231
603	7	20838	4695	4.62677
603	8	21641	21641	3.4554
603	9	290	290	0.0143204
603	10	42645	31861	4.74009
603	11	13	13	0.000276566
603	12	50256	50256	0.000127792
604	5	11	11	0.0396919
604	6	14354	11	3.96712
604	7	11	11	0.0640564
604	8	290	290	0.0647707
604	9	7572	584	4.14346
604	10	286	286	0.0467978
604	11	3292	50256	3.25916
604	12	13	13	0.000677109
604	13	50256	50256	0.0001297
605	5	379	318	2.3814
605	6	7496	3668	5.72334
605	7	290	290	0.0453596
605	8	734	734	1.1653
605	9	7435	7435	3.25114
605	10	1173	1173	3.01073
605	11	829	829	2.0913
605	12	13	13	0.00752831
605	13	50256	50256	0.000370026
606	5	290	290	0.150497
606	6	26306	511	5.82514
606	7	21622	21622	2.35723
606	8	422	422	0.132125
606	9	262	262	0.0293159
606	10	9260	3825	4.54245
606	11	13	13	0.0037384
606	12	50256	50256	0.000242233
607	5	326	326	0.245564
607	6	8833	373	5.81338
607	7	351	351	0.0888958
607	8	262	262	0.0319195
607	9	6000	286	5.03973
607	10	8373	8373	2.98073
607	11	287	287	0.0774126
607	12	257	257	0.0767221
607	13	27039	27039	3.80344
607	14	13	13	0.00147533
607	15	50256	50256	0.000379562
608	5	7043	269	5.26736
608	6	316	316	2.94204
608	7	787	284	2.499
608	8	2647	269	5.20281
608	9	287	287	0.0387821
608	10	257	257	0.0246611
608	11	1448	1271	5.96194
608	12	286	286	0.155031
608	13	734	734	1.49553
608	14	13	13	0.0141745
608	15	50256	50256	0.000497818
609	5	510	1262	4.61133
609	6	15455	355	4.9913
609	7	1231	1231	0.557374
609	8	5609	852	3.86171
609	9	262	262	0.0247679
609	10	1321	4417	5.77053
609	11	852	1231	3.28068
609	12	42517	852	3.61806
609	13	798	798	2.86095
609	14	13	13	0.00457764
609	15	50256	50256	0.000408173
610	5	13055	13055	2.08189
610	6	383	383	1.27877
610	7	2907	2907	3.10193
610	8	563	563	3.04394
610	9	5265	3820	4.50561
610	10	287	287	0.0593309
610	11	49545	49545	2.36743
610	12	13	13	0.000699997
610	13	50256	50256	0.000185013
611	5	1239	422	3.0348
611	6	11073	1262	2.20742
611	7	257	257	0.0205832
611	8	4633	1180	4.81524
611	9	1255	1255	2.89627
611	10	13	13	0.000219345
611	11	50256	50256	0.000501633
612	5	2630	326	2.22248
612	6	3923	2630	3.58278
612	7	326	326	0.471795
612	8	7301	5419	4.02461
612	9	41553	460	4.77496
612	10	82	82	1.66456
612	11	11	11	0.0540333
612	12	37174	1690	4.99021
612	13	11	11	0.107956
612	14	290	290	0.0187569
612	15	5369	5369	1.59949
612	16	13	13	0.0011692
612	17	50256	50256	0.000226974
613	5	546	546	1.78894
613	6	262	262	0.0598965
613	7	20175	976	4.84866
613	8	43989	11	3.37996
613	9	290	290	0.0449505
613	10	38201	262	3.90096
613	11	13	13	0.00330925
613	12	50256	50256	0.000165939
614	5	9518	1660	4.64245
614	6	5667	5667	1.03401
614	7	2138	2138	0.623511
614	8	621	621	0.173776
614	9	8850	8850	1.1413
614	10	13737	1080	3.19178
614	11	13	13	0.00497055
614	12	50256	50256	0.000751495
615	5	416	416	0.323977
615	6	27259	416	4.45439
615	7	7545	7545	2.07672
615	8	656	656	0.184591
615	9	1090	1090	2.15673
615	10	9310	9310	3.27756
615	11	290	290	0.0453148
615	12	483	5369	5.57673
615	13	88	88	1.84175
615	14	13	13	0.00937366
615	15	50256	50256	0.000530243
616	5	1633	1633	2.08482
616	6	5721	48331	5.94641
616	7	12611	12611	2.93754
616	8	803	706	4.3227
616	9	416	416	0.205767
616	10	41719	281	5.41097
616	11	511	511	0.492624
616	12	11914	28552	5.44801
616	13	656	656	0.107111
616	14	257	257	0.0745497
616	15	5422	5931	4.38242
616	16	12239	12239	2.9179
616	17	13	13	5.53131e-05
616	18	50256	50256	0.000873566
617	5	19418	19418	3.3387
617	6	36578	36578	4.18684
617	7	351	351	0.115025
617	8	6496	6496	2.56644
617	9	8188	8188	1.46842
617	10	13	13	0.000188828
617	11	50256	50256	0.000293732
618	5	355	355	0.132419
618	6	257	257	0.0360012
618	7	1271	1271	2.30316
618	8	286	286	0.0186071
618	9	3470	606	5.02413
618	10	9998	9998	2.81261
618	11	13	13	0.000667572
618	12	50256	50256	0.000535965
619	5	284	284	0.0958052
619	6	3283	4439	5.10899
619	7	12967	12967	2.26246
619	8	902	902	2.90762
619	9	1973	1973	0.757198
619	10	257	257	0.214032
619	11	4417	4417	1.74052
619	12	13	13	9.72748e-05
619	13	50256	50256	0.000850677
620	5	4905	976	5.34416
620	6	286	286	0.0328732
620	7	281	281	0.350513
620	8	15835	2134	5.73454
620	9	393	393	0.205517
620	10	875	44400	3.96585
620	11	13168	16912	4.43947
620	12	11862	16912	3.59609
620	13	13	13	0.00630379
620	14	50256	50256	0.000198364
621	5	338	338	0.086669
621	6	1810	1810	2.4113
621	7	290	290	0.0340347
621	8	12689	449	5.03972
621	9	3407	3407	2.05549
621	10	262	262	0.0264378
621	11	14332	14332	3.73998
621	12	2305	2305	2.94623
621	13	9229	9229	2.61111
621	14	11796	11796	4.09754
621	15	286	286	0.0342083
621	16	3284	3284	3.13227
621	17	13	13	0.000377655
621	18	50256	50256	0.000267029
622	5	3650	1205	4.45681
622	6	12278	12278	1.31611
622	7	2568	2568	0.903258
622	8	832	832	0.226211
622	9	48287	281	5.35961
622	10	5931	5931	1.07802
622	11	12737	12737	2.70611
622	12	13	13	0.000495911
622	13	50256	50256	0.000511169
623	5	4143	4143	3.22066
623	6	2173	2173	2.63822
623	7	1497	379	3.15983
623	8	422	422	0.0738983
623	9	262	262	0.023983
623	10	3825	3825	2.56216
623	11	13	13	0.0010376
623	12	50256	50256	0.000530243
624	5	290	290	0.042202
624	6	6754	449	4.56628
624	7	2478	832	2.69456
624	8	286	286	0.0334816
624	9	2456	2456	3.71901
624	10	13	13	0.00452423
624	11	50256	50256	0.00018692
625	5	3033	3033	1.0011
625	6	262	262	0.00625134
625	7	26997	976	4.94497
625	8	2677	3139	4.90365
625	9	11	11	0.0412312
625	10	3825	3825	2.88339
625	11	370	5866	4.28027
625	12	46654	46654	2.91705
625	13	13	13	0.000246048
625	14	50256	50256	0.000165939
626	5	3139	3139	1.07236
626	6	373	318	1.83432
626	7	327	3170	5.04991
626	8	385	385	2.29667
626	9	1073	389	5.75508
626	10	11	11	0.133477
626	11	287	287	0.25636
626	12	1944	1660	3.37953
626	13	12	12	0.0643263
626	14	820	820	1.84173
626	15	25768	12	4.50386
626	16	13	13	0.00539303
626	17	50256	50256	0.000148773
627	5	5403	5403	4.08724
627	6	663	663	0.170763
627	7	16874	16874	4.22912
627	8	13	13	0.0126238
627	9	50256	50256	0.000400543
628	5	2583	281	4.8211
628	6	4778	4778	1.0404
628	7	284	284	0.0288658
628	8	4439	4439	1.32377
628	9	649	458	3.81129
628	10	9471	1973	5.20419
628	11	13166	13166	1.34044
628	12	13	13	0.00012207
628	13	50256	50256	0.000459671
629	5	2568	2568	1.11615
629	6	832	832	0.202089
629	7	6565	12278	4.82626
629	8	2272	22353	4.38652
629	9	13	13	0.000476837
629	10	50256	50256	0.000701904
630	5	3519	3519	2.03094
630	6	1035	34619	4.0662
630	7	24370	973	4.2347
630	8	287	287	0.068634
630	9	13550	262	3.1767
630	10	34619	34619	1.41242
630	11	746	34619	2.5094
630	12	291	291	1.35616
630	13	11	11	0.191421
630	14	1897	290	4.69347
630	15	6210	11	3.53288
630	16	11	11	0.069665
630	17	290	290	0.0904522
630	18	8312	262	4.51045
630	19	14750	14750	2.39896
630	20	13	13	0.000772476
630	21	50256	50256	0.000221252
631	5	329	329	0.465387
631	6	663	663	0.140271
631	7	1913	1913	4.31705
631	8	8508	8508	3.35208
631	9	290	290	0.0774031
631	10	27892	27892	4.01121
631	11	35988	35988	3.2855
631	12	11222	1366	5.41745
631	13	13	13	0.00097847
631	14	50256	50256	0.000383377
632	5	329	329	0.306647
632	6	18120	21072	4.2961
632	7	257	257	0.0212717
632	8	1917	5931	5.08749
632	9	393	393	0.123003
632	10	9489	14891	3.75504
632	11	257	257	0.0289478
632	12	4876	3992	3.75553
632	13	13	13	0.00252151
632	14	50256	50256	0.000261307
633	5	422	422	0.0812817
633	6	15756	15756	3.18425
633	7	5597	422	3.47552
633	8	422	422	0.116721
633	9	13686	15756	4.12071
633	10	49235	49235	2.10561
633	11	13	13	0.00393677
633	12	50256	50256	0.000516891
634	5	34371	34371	1.9392
634	6	16578	16578	2.58653
634	7	283	16578	4.7941
634	8	3815	3815	2.50554
634	9	1262	1262	1.50992
634	10	16311	281	4.62456
634	11	286	286	0.0380783
634	12	530	530	1.36078
634	13	284	284	0.20493
634	14	1440	530	2.45869
634	15	9881	9881	2.31564
634	16	13	13	7.05719e-05
634	17	50256	50256	0.000881195
635	5	2458	318	2.33972
635	6	257	257	0.0480232
635	7	6769	1588	5.59182
635	8	338	338	0.0947304
635	9	6515	48899	6.15626
635	10	8373	11863	3.36454
635	11	618	618	0.684147
635	12	2723	281	5.81407
635	13	290	290	0.0281124
635	14	22890	1123	5.33284
635	15	1445	1296	2.91205
635	16	3585	5931	4.02093
635	17	284	284	0.0887928
635	18	1123	1123	1.14982
635	19	584	584	1.42238
635	20	13	13	0.019846
635	21	50256	50256	0.000335693
636	5	8372	1811	4.57515
636	6	3354	4618	3.74179
636	7	286	286	0.0114498
636	8	16519	4492	3.46514
636	9	290	290	0.0179577
636	10	17456	17456	2.87748
636	11	13	13	9.91821e-05
636	12	50256	50256	0.000370026
637	5	21767	21767	2.348
637	6	262	262	0.0880556
637	7	1271	4417	3.34673
637	8	286	286	0.0227976
637	9	1237	1237	3.41106
637	10	684	684	2.27143
637	11	287	287	0.0260544
637	12	663	663	0.198184
637	13	29984	1633	5.58668
637	14	13	13	4.76837e-05
637	15	50256	50256	0.00031662
638	5	5563	5563	1.45762
638	6	832	832	0.214677
638	7	41630	41630	3.10004
638	8	38445	38445	3.61071
638	9	5107	3139	4.1316
638	10	13	13	0.00344467
638	11	50256	50256	0.000465393
639	5	14921	5563	3.8084
639	6	5563	5563	1.52672
639	7	884	973	3.19843
639	8	355	355	0.228239
639	9	8234	530	4.70197
639	10	11	11	0.156269
639	11	12734	12734	2.65468
639	12	11	11	0.0999193
639	13	393	393	0.214648
639	14	14891	14891	2.82289
639	15	13	13	0.000171661
639	16	50256	50256	0.000537872
640	5	7997	28722	5.0776
640	6	416	416	0.0952539
640	7	257	257	0.315136
640	8	10706	10706	3.75654
640	9	286	286	0.010972
640	10	17848	17848	2.13046
640	11	13	13	9.15527e-05
640	12	50256	50256	0.000366211
641	5	281	281	0.15039
641	6	4457	2134	4.18349
641	7	29877	29877	3.5507
641	8	2858	3716	4.04805
641	9	11	11	0.0515032
641	10	407	407	0.910834
641	11	257	257	0.135419
641	12	2818	2818	2.36765
641	13	17076	17076	2.33149
641	14	13	13	0.000183105
641	15	50256	50256	0.000377655
642	5	3194	1271	3.90539
642	6	355	355	0.164375
642	7	257	257	0.0672531
642	8	8064	8122	5.34972
642	9	286	286	0.117737
642	10	734	734	1.29052
642	11	37014	286	3.25193
642	12	13	13	7.24792e-05
642	13	50256	50256	0.000835419
643	5	2107	307	4.18077
643	6	290	290	0.0667696
643	7	1663	3139	3.54401
643	8	329	329	0.705087
643	9	517	340	3.71087
643	10	621	621	0.19758
643	11	734	734	1.46532
643	12	812	812	2.88984
643	13	13	13	0.000408173
643	14	50256	50256	0.000711441
644	5	3139	3139	1.29301
644	6	286	286	0.0131054
644	7	16952	5828	4.75581
644	8	287	287	0.0186243
644	9	21199	21199	1.7004
644	10	7229	7229	1.06114
644	11	13	13	0.00270271
644	12	50256	50256	0.000265121
645	5	4847	11904	4.45655
645	6	832	832	0.171782
645	7	10288	23607	4.59371
645	8	284	284	0.189228
645	9	584	734	2.67367
645	10	4847	2568	4.24409
645	11	13	13	5.53131e-05
645	12	50256	50256	0.000211716
646	5	10050	584	5.26012
646	6	2568	2568	0.972757
646	7	284	284	0.0956755
646	8	663	663	0.160009
646	9	21334	21334	1.94236
646	10	13	13	0.000120163
646	11	50256	50256	0.000413895
647	5	48135	976	6.04429
647	6	286	286	0.010787
647	7	262	262	0.0450144
647	8	11188	976	5.57
647	9	3967	3967	2.89075
647	10	1176	468	3.77039
647	11	286	286	0.0639591
647	12	257	257	0.0875988
647	13	1729	1729	3.39683
647	14	22570	22570	3.11106
647	15	1271	1271	1.75014
647	16	13	13	2.86102e-05
647	17	50256	50256	0.000244141
648	5	262	262	0.014781
648	6	3085	262	3.30755
648	7	1627	1627	1.42394
648	8	8686	8686	1.17916
648	9	284	284	0.0252714
648	10	262	262	0.00634289
648	11	3465	8434	4.22197
648	12	376	376	3.01871
648	13	13	13	0.00479698
648	14	50256	50256	0.000207901
649	5	1499	416	3.42432
649	6	287	287	0.0635872
649	7	262	262	0.0337992
649	8	7840	584	4.30809
649	9	18020	7840	4.32661
649	10	13	13	0.000827789
649	11	50256	50256	0.000249863
650	5	4469	976	5.31011
650	6	286	286	0.0806026
650	7	26467	5828	4.33408
650	8	385	385	1.79092
650	9	1872	385	3.34905
650	10	338	338	0.115957
650	11	3878	22204	4.84297
650	12	17084	10692	3.02923
650	13	13	13	0.000734329
650	14	50256	50256	0.000244141
651	5	2846	287	6.96689
651	6	286	286	0.0554581
651	7	1223	1223	2.6603
651	8	2073	48237	4.99078
651	9	1231	1231	0.702336
651	10	10616	852	5.58198
651	11	257	257	0.0828886
651	12	18875	5931	4.33173
651	13	5369	5369	1.00483
651	14	13	13	0.000442505
651	15	50256	50256	0.000276566
652	5	77	77	1.65356
652	6	2340	326	2.16243
652	7	326	326	0.634601
652	8	3745	326	4.83153
652	9	319	319	0.284936
652	10	262	262	0.0137882
652	11	2910	3825	4.27553
652	12	286	286	0.0304384
652	13	11453	286	3.6805
652	14	13	13	9.34601e-05
652	15	50256	50256	0.000267029
653	5	1602	2134	4.03795
653	6	14796	14796	1.71277
653	7	22950	44360	4.66276
653	8	423	423	2.45201
653	9	262	262	0.0247889
653	10	976	976	2.39095
653	11	4129	1633	4.98323
653	12	13	13	0.000648499
653	13	50256	50256	0.000371933
654	5	6268	6268	1.511
654	6	4073	2173	3.80594
654	7	416	416	0.140768
654	8	29781	530	5.05352
654	9	290	290	0.0839071
654	10	584	584	1.62633
654	11	38622	38622	2.53881
654	12	13	13	0.00538158
654	13	50256	50256	0.000499725
655	5	635	925	3.97168
655	6	8811	8811	1.05699
655	7	1900	925	1.65967
655	8	355	355	0.262541
655	9	5482	674	4.8168
655	10	3820	3820	2.61722
655	11	10872	10872	3.46051
655	12	16567	16567	3.07756
655	13	13	13	0.000118256
655	14	50256	50256	0.000436783
656	5	5405	5405	3.38384
656	6	416	416	0.297565
656	7	28472	4375	5.32236
656	8	803	484	3.47161
656	9	340	340	1.46104
656	10	351	351	0.287795
656	11	1633	8122	3.11261
656	12	13	13	3.24249e-05
656	13	50256	50256	0.000457764
657	5	4756	976	4.83556
657	6	832	832	0.102938
657	7	543	543	1.6851
657	8	1657	1657	1.24395
657	9	14170	14170	1.65736
657	10	262	262	0.0457573
657	11	18480	976	7.03235
657	12	1080	1080	1.26467
657	13	13	13	3.8147e-05
657	14	50256	50256	0.000217438
658	5	4855	460	3.29833
658	6	14510	14510	3.29985
658	7	287	287	0.0204544
658	8	6156	6156	1.59946
658	9	6365	14937	5.41417
658	10	13	13	0.00028038
658	11	50256	50256	0.000329971
659	5	423	423	1.81259
659	6	257	257	0.143614
659	7	2060	2060	2.81492
659	8	269	269	1.50064
659	9	313	8325	4.91409
659	10	88	88	2.6356
659	11	992	88	4.96108
659	12	261	261	2.40706
659	13	13	13	0.000822067
659	14	50256	50256	0.000589371
660	5	2280	2280	2.23534
660	6	393	393	0.314125
660	7	15256	15256	4.1348
660	8	2280	2280	2.86293
660	9	618	618	1.20257
660	10	484	618	3.39644
660	11	21721	21721	3.4851
660	12	13	13	0.00239182
660	13	50256	50256	0.000520706
661	5	12	12	0.137565
661	6	13982	16760	3.7263
661	7	21824	276	4.51909
661	8	5421	1180	4.9755
661	9	1978	1978	1.96032
661	10	656	656	0.101921
661	11	3881	1194	4.01871
661	12	13	13	0.0164499
661	13	50256	50256	0.000511169
662	5	46716	46716	4.17382
662	6	1805	1805	4.01373
662	7	262	262	0.0457668
662	8	517	976	5.31913
662	9	19217	19217	2.82693
662	10	12098	19217	4.21547
662	11	11061	11061	2.58621
662	12	606	606	1.18749
662	13	13	13	0.00467968
662	14	50256	50256	0.000699997
663	5	37475	925	3.8012
663	6	11	11	0.0368166
663	7	284	284	0.0852795
663	8	5643	1364	4.84243
663	9	11	11	0.0793076
663	10	3664	290	3.58551
663	11	321	321	2.19062
663	12	45070	666	3.87768
663	13	11	11	0.0270882
663	14	290	290	0.039629
663	15	23849	5369	4.77214
663	16	2339	2339	2.06765
663	17	1275	666	3.47998
663	18	721	721	3.18152
663	19	346	346	3.49511
663	20	1547	1547	1.65172
663	21	13	13	0.00283432
663	22	50256	50256	0.000228882
664	5	3624	3624	3.99913
664	6	5101	5101	2.81181
664	7	284	284	0.0555439
664	8	7301	1037	3.52122
664	9	290	290	0.22064
664	10	5412	262	6.98018
664	11	5563	5563	1.57272
664	12	13	13	7.05719e-05
664	13	50256	50256	0.000268936
665	5	262	262	0.0145874
665	6	10596	976	3.94542
665	7	10692	10692	1.92788
665	8	832	832	0.196118
665	9	262	262	0.00934315
665	10	41407	976	4.72465
665	11	286	286	0.034318
665	12	47403	47403	2.65781
665	13	13	13	8.96454e-05
665	14	50256	50256	0.000152588
666	5	42096	8384	4.67205
666	6	379	379	0.338901
666	7	262	262	0.0118103
666	8	18955	976	6.17677
666	9	393	393	0.288565
666	10	22088	318	5.2543
666	11	291	291	1.12265
666	12	1241	291	3.60406
666	13	13	13	8.7738e-05
666	14	50256	50256	0.000274658
667	5	5563	5563	1.81459
667	6	416	416	0.191511
667	7	13157	38797	4.44654
667	8	517	867	3.31004
667	9	1657	286	2.72071
667	10	621	621	0.342288
667	11	262	262	0.0136518
667	12	555	976	5.01108
667	13	64	64	3.1931
667	14	1384	399	4.50006
667	15	4151	4417	4.26614
667	16	13	13	0.00053978
667	17	50256	50256	0.000370026
668	5	284	284	0.0448771
668	6	8181	8181	3.39267
668	7	422	422	0.0950089
668	8	5509	1660	4.40124
668	9	13737	13737	1.76655
668	10	13	13	0.000165939
668	11	50256	50256	0.00132561
669	5	2753	2753	1.31309
669	6	1295	2057	3.71575
669	7	8384	8384	1.42656
669	8	319	319	0.682904
669	9	281	281	0.138086
669	10	7022	2134	2.73643
669	11	13	13	0.00144768
669	12	50256	50256	0.000497818
670	5	16524	2138	4.53788
670	6	13510	460	3.50109
670	7	9210	9210	3.68442
670	8	326	326	0.359313
670	9	389	389	1.09365
670	10	7425	34262	5.31422
670	11	351	351	0.1109
670	12	6428	351	4.26975
670	13	5289	5289	1.59874
670	14	13	13	3.62396e-05
670	15	50256	50256	0.00018692
671	5	7596	7596	1.82456
671	6	4791	4791	2.18192
671	7	591	591	3.22982
671	8	7346	511	3.13631
671	9	257	257	0.0945759
671	10	1327	257	5.23265
671	11	8434	8434	2.54613
671	12	7582	7582	1.73954
671	13	13	13	0.00744247
671	14	50256	50256	0.000202179
672	5	2291	2291	2.86598
672	6	24789	24789	2.58988
672	7	47523	47523	3.46465
672	8	290	290	0.0525446
672	9	14186	19783	4.22615
672	10	6147	656	3.74066
672	11	12835	2877	3.61393
672	12	13	13	0.0015049
672	13	50256	50256	0.000553131
673	5	878	878	0.997225
673	6	14342	878	4.98334
673	7	1973	1973	1.0286
673	8	2031	2031	1.96644
673	9	13	13	0.0442123
673	10	50256	50256	0.000295639
674	5	1104	2818	5.43224
674	6	966	966	1.44766
674	7	1444	1444	0.601218
674	8	257	257	0.107846
674	9	46246	46246	4.24829
674	10	6098	6098	3.72882
674	11	388	388	2.79719
674	12	13	13	0.000440598
674	13	50256	50256	0.000406265
675	5	656	656	0.346269
675	6	262	262	0.0906296
675	7	1956	1956	2.53294
675	8	24162	24162	2.86084
675	9	327	327	3.20761
675	10	5126	385	4.47111
675	11	666	666	1.81523
675	12	6896	6896	2.39876
675	13	13	13	0.0112066
675	14	50256	50256	0.000425339
676	5	5399	3825	7.83586
676	6	15921	15921	1.96282
676	7	286	286	0.0894213
676	8	867	867	1.78769
676	9	12734	1402	2.49189
676	10	13	13	0.0109453
676	11	50256	50256	0.000278473
677	5	2568	2568	0.949865
677	6	656	656	0.178182
677	7	12370	12278	4.39584
677	8	6268	6268	1.3683
677	9	13	13	0.0289145
677	10	50256	50256	0.00180054
678	5	389	389	0.570054
678	6	1043	1900	2.95627
678	7	355	355	0.242885
678	8	880	880	2.90446
678	9	355	355	0.253738
678	10	644	880	6.52678
678	11	484	484	2.56094
678	12	389	389	0.516361
678	13	13	13	0.0485439
678	14	50256	50256	0.00271225
679	5	287	287	0.029006
679	6	262	262	0.0168943
679	7	4037	1956	4.42754
679	8	4482	4482	2.48527
679	9	286	286	0.0189276
679	10	27719	286	3.45999
679	11	13	13	0.00899696
679	12	50256	50256	0.000188828
680	5	3139	3139	1.70161
680	6	286	286	0.00798321
680	7	21291	2520	4.69259
680	8	11	11	0.0656071
680	9	1029	1029	3.9569
680	10	287	287	0.0554676
680	11	262	262	0.0323915
680	12	843	976	4.03809
680	13	274	274	1.26481
680	14	13	13	0.00618553
680	15	50256	50256	0.000209808
681	5	3139	3139	1.28006
681	6	11	11	0.0373182
681	7	290	290	0.0853863
681	8	262	262	0.0671244
681	9	569	976	4.97529
681	10	396	4712	4.27386
681	11	4712	4712	3.07471
681	12	15623	6896	5.19287
681	13	832	832	0.482126
681	14	340	340	1.47012
681	15	13	13	0.0010004
681	16	50256	50256	0.000204086
682	5	13	13	0.000545502
682	6	50256	50256	0.000141144
683	5	7306	2134	4.65177
683	6	10349	5679	4.33284
683	7	2648	2648	3.42618
683	8	262	262	0.0172386
683	9	976	976	1.86746
683	10	15004	31094	5.61065
683	11	3580	3580	2.53299
683	12	13	13	0.00135231
683	13	50256	50256	0.000240326
684	5	1103	307	4.46987
684	6	3146	3146	2.69598
684	7	318	318	0.25543
684	8	3967	1271	5.11238
684	9	13	13	0.000108719
684	10	50256	50256	0.000234604
685	5	1296	1296	1.17959
685	6	618	618	1.09954
685	7	44030	1296	4.54848
685	8	2587	2587	2.94764
685	9	3608	326	6.72476
685	10	82	82	2.20684
685	11	290	290	0.0520334
685	12	4735	530	3.56629
685	13	6945	6945	1.22439
685	14	13	13	0.0073967
685	15	50256	50256	0.000379562
686	5	5894	543	3.87796
686	6	4771	1660	3.43885
686	7	2458	379	3.7916
686	8	3264	1444	4.46673
686	9	422	422	0.116651
686	10	4735	734	3.83933
686	11	284	284	0.156699
686	12	3623	1296	3.92773
686	13	13	13	0.00018692
686	14	50256	50256	0.000768661
687	5	5002	2134	3.48915
687	6	423	618	2.38353
687	7	4961	1180	3.48622
687	8	386	386	2.84614
687	9	1122	1122	3.13714
687	10	9853	1810	3.58284
687	11	475	290	3.39253
687	12	1180	1180	0.808671
687	13	49810	2010	4.65317
687	14	9853	290	3.80861
687	15	13	13	0.00520229
687	16	50256	50256	0.000858307
688	5	42407	42407	2.87039
688	6	469	469	3.88668
688	7	318	318	0.240768
688	8	262	262	0.0412712
688	9	4318	976	5.55333
688	10	2095	976	4.82024
688	11	287	287	0.0623617
688	12	317	281	3.28206
688	13	6786	6786	3.00121
688	14	5074	5074	1.54004
688	15	13	13	0.0213299
688	16	50256	50256	0.00018692
689	5	925	925	0.922058
689	6	7525	422	1.84895
689	7	286	286	0.104524
689	8	6383	286	3.54486
689	9	50006	1641	4.16961
689	10	2138	2138	0.330647
689	11	621	621	0.10554
689	12	9970	621	3.34915
689	13	13	13	0.00326538
689	14	50256	50256	0.000686646
690	5	26600	26600	4.0677
690	6	663	663	0.244307
690	7	16704	16704	3.40291
690	8	11348	11348	2.79374
690	9	1108	1108	2.64308
690	10	13	13	0.00166035
690	11	50256	50256	0.000352859
691	5	1748	1748	1.43661
691	6	286	286	0.0300684
691	7	8602	1080	4.29315
691	8	11	11	0.110183
691	9	319	319	0.42892
691	10	262	262	0.0163422
691	11	314	29973	5.13925
691	12	527	666	4.86518
691	13	666	666	1.96973
691	14	24078	666	3.22366
691	15	13	13	0.012495
691	16	50256	50256	0.000423431
692	5	319	319	0.471383
692	6	49812	3668	4.51191
692	7	2340	2340	1.97965
692	8	290	290	0.040329
692	9	584	584	1.79889
692	10	1402	1402	1.9444
692	11	19435	832	4.61858
692	12	13	13	0.00925064
692	13	50256	50256	0.000139236
693	5	1022	1022	0.408191
693	6	7686	4492	4.36241
693	7	13	13	0.000106812
693	8	50256	50256	0.000541687
694	5	11	11	0.0668421
694	6	318	318	0.430098
694	7	262	262	0.0234451
694	8	2260	976	5.68809
694	9	3139	3139	0.647739
694	10	286	286	0.0164728
694	11	4505	286	3.66752
694	12	13	13	0.00579643
694	13	50256	50256	0.000156403
695	5	2024	4778	4.02987
695	6	460	460	0.421392
695	7	307	307	1.82831
695	8	2087	925	3.89515
695	9	416	416	0.108923
695	10	4375	4375	3.206
695	11	511	511	0.262519
695	12	5470	21334	5.21815
695	13	2024	4778	3.8297
695	14	13	13	8.58307e-05
695	15	50256	50256	0.000404358
696	5	262	262	0.0543995
696	6	25861	976	4.79079
696	7	2779	4618	4.40247
696	8	4326	4326	3.09969
696	9	329	329	0.197988
696	10	21969	21969	3.7805
696	11	34743	34743	3.36686
696	12	5951	5951	1.73392
696	13	13	13	5.53131e-05
696	14	50256	50256	0.000236511
697	5	14729	14729	2.52822
697	6	286	286	0.0141878
697	7	7405	7405	2.94233
697	8	13	13	0.00184059
697	9	50256	50256	0.000730515
698	5	262	262	0.18023
698	6	2685	976	3.55791
698	7	8573	8573	2.42447
698	8	810	373	3.63098
698	9	5205	1194	4.34789
698	10	44411	378	3.58285
698	11	8833	8850	4.53065
698	12	287	287	0.0337257
698	13	4077	281	6.68578
698	14	6134	6134	1.44674
698	15	13	13	5.34058e-05
698	16	50256	50256	0.000673294
699	5	8850	511	2.07452
699	6	1633	4417	3.38805
699	7	10874	329	4.40298
699	8	8384	2057	3.75225
699	9	286	286	0.0445461
699	10	17745	17745	3.16686
699	11	7268	329	4.03293
699	12	734	734	1.22752
699	13	11863	11863	2.9209
699	14	23235	23235	1.64398
699	15	13	13	0.00787449
699	16	50256	50256	0.000743866
700	5	416	416	0.0611391
700	6	1633	530	2.98325
700	7	11581	284	4.9506
700	8	8902	416	3.07332
700	9	706	706	1.39219
700	10	14357	14357	2.43339
700	11	37876	88	5.39063
700	12	340	340	0.819222
700	13	13	13	0.000789642
700	14	50256	50256	0.000450134
701	5	13522	3146	5.60962
701	6	11	11	0.177321
701	7	257	257	0.0795832
701	8	2829	1729	5.46762
701	9	44017	44017	3.56576
701	10	14452	338	4.04277
701	11	26728	338	4.91512
701	12	517	867	4.10017
701	13	6364	981	4.43221
701	14	618	618	0.502894
701	15	663	663	0.0925932
701	16	4129	21334	5.02547
701	17	318	318	0.151984
701	18	3220	281	3.18952
701	19	13	13	0.000457764
701	20	50256	50256	0.00025177
702	5	1785	3139	5.55926
702	6	17810	7370	3.93328
702	7	11	11	0.106885
702	8	1657	1657	1.6207
702	9	2314	284	6.46708
702	10	6654	47933	4.39209
702	11	284	284	0.0391502
702	12	12899	12899	3.17199
702	13	17984	17984	2.95125
702	14	13	13	0.000196457
702	15	50256	50256	0.000270844
703	5	287	287	0.0290508
703	6	262	262	0.0110054
703	7	614	262	4.55348
703	8	1478	1315	4.1445
703	9	4310	4310	1.50723
703	10	13	13	0.00131798
703	11	50256	50256	0.000242233
704	5	281	281	0.362991
704	6	12278	12278	2.36301
704	7	6737	2568	2.60978
704	8	13	13	0.00539589
704	9	50256	50256	0.00148201
705	5	5166	1588	5.83975
705	6	286	286	0.00888252
705	7	302	269	5.01262
705	8	5379	37670	4.13806
705	9	326	326	0.262403
705	10	12611	460	2.88795
705	11	378	378	2.33742
705	12	1028	706	5.72167
705	13	1123	1123	0.469879
705	14	584	584	1.71732
705	15	13	13	0.019639
705	16	50256	50256	0.0004673
706	5	284	284	0.077116
706	6	1037	1037	1.0246
706	7	17276	4886	4.24198
706	8	8574	1402	3.5805
706	9	12784	621	3.10727
706	10	13	13	0.00171661
706	11	50256	50256	0.00144386
707	5	1205	1205	2.03854
707	6	1231	1231	0.638034
707	7	15345	15345	2.5994
707	8	11904	11904	1.58728
707	9	13	13	0.00993347
707	10	50256	50256	0.000141144
708	5	262	262	0.0644865
708	6	44345	976	4.99328
708	7	8813	8813	3.42237
708	8	268	14796	4.37718
708	9	1904	460	4.3146
708	10	21767	21767	1.72634
708	11	262	262	0.00630379
708	12	2160	3825	5.87143
708	13	286	286	0.0431995
708	14	262	262	0.0418949
708	15	24438	1633	5.40466
708	16	286	286	0.00721931
708	17	262	262	0.00998306
708	18	584	1633	3.20209
708	19	734	734	1.43537
708	20	5389	284	4.27185
708	21	13	13	2.86102e-05
708	22	50256	50256	0.000217438
709	5	32202	7226	5.19366
709	6	1276	1276	2.72728
709	7	14999	14999	3.11614
709	8	663	663	0.388402
709	9	20831	16704	4.10738
709	10	409	291	4.65695
709	11	418	418	1.65952
709	12	38800	338	4.48582
709	13	13	13	0.0071249
709	14	50256	50256	0.000240326
710	5	4279	2060	5.88341
710	6	393	393	0.251494
710	7	2393	1588	5.3485
710	8	287	287	0.027791
710	9	19780	8850	5.39203
710	10	13	13	0.000295639
710	11	50256	50256	0.000360489
711	5	1245	1245	3.14806
711	6	286	286	0.0510588
711	7	257	257	0.0335865
711	8	2700	4417	3.95889
711	9	546	546	1.95311
711	10	281	281	0.35227
711	11	16488	2134	3.59971
711	12	13	13	0.00115013
711	13	50256	50256	0.00062561
712	5	1588	3668	3.09207
712	6	9824	5667	5.29542
712	7	319	319	0.241352
712	8	262	262	0.0427399
712	9	10326	12108	6.22175
712	10	4417	4417	1.26144
712	11	287	287	0.0891972
712	12	25768	281	5.04452
712	13	13	13	0.000118256
712	14	50256	50256	0.000152588
713	5	6869	262	3.96808
713	6	338	338	0.0783243
713	7	4252	3878	4.0424
713	8	18250	18250	2.39514
713	9	33169	33169	2.83051
713	10	6698	78	6.32115
713	11	4632	1231	5.74128
713	12	1497	1497	2.31692
713	13	422	422	0.131313
713	14	3668	3668	1.35023
713	15	13	13	0.0427465
713	16	50256	50256	0.000293732
714	5	779	779	3.36215
714	6	16396	1141	4.06888
714	7	5405	1444	3.28909
714	8	284	284	0.0833941
714	9	1296	1296	1.58585
714	10	9824	1296	6.37976
714	11	393	393	0.21008
714	12	5986	5986	2.88181
714	13	13	13	9.15527e-05
714	14	50256	50256	0.000198364
715	5	2458	2458	2.45382
715	6	262	262	0.179943
715	7	4129	3825	5.05787
715	8	286	286	0.0215883
715	9	262	262	0.0772991
715	10	8875	3825	5.62025
715	11	338	338	0.129685
715	12	1633	4417	2.93947
715	13	3108	1497	4.41504
715	14	13	13	0.000305176
715	15	50256	50256	0.000228882
716	5	287	287	0.0479832
716	6	13066	1944	6.11228
716	7	1088	1088	2.21949
716	8	262	262	0.0562916
716	9	3825	3139	3.19948
716	10	13	13	0.00726604
716	11	50256	50256	0.00034523
717	5	47786	47786	3.57549
717	6	262	262	0.033268
717	7	3356	4417	4.48086
717	8	286	286	0.0710773
717	9	5186	5186	1.99062
717	10	3877	3877	1.49114
717	11	832	832	0.27982
717	12	663	663	0.221471
717	13	11963	21334	4.61546
717	14	13	13	0.00234795
717	15	50256	50256	0.000379562
718	5	4483	925	5.52377
718	6	2057	2057	1.14222
718	7	422	422	0.0717955
718	8	1111	383	4.09709
718	9	6134	6134	1.3773
718	10	290	290	0.0241766
718	11	4695	4695	1.57007
718	12	13	13	6.29425e-05
718	13	50256	50256	0.000999451
719	5	6268	6268	1.46866
719	6	832	832	0.270835
719	7	18842	262	3.26072
719	8	722	722	2.91103
719	9	9941	16006	3.7488
719	10	13	13	0.00566673
719	11	50256	50256	0.000944138
720	5	3668	3668	1.58975
720	6	338	338	0.0503702
720	7	4417	4417	1.47766
720	8	318	318	0.13091
720	9	1444	1444	0.726736
720	10	2153	281	3.56524
720	11	2611	2611	3.09841
720	12	13	13	0.00668144
720	13	50256	50256	0.000301361
721	5	262	262	0.0087471
721	6	976	976	2.67861
721	7	1688	6588	4.26843
721	8	5044	4417	3.92712
721	9	1448	4778	3.75205
721	10	355	355	0.381652
721	11	5417	281	6.57345
721	12	281	281	0.364701
721	13	368	2134	4.79236
721	14	1952	1952	3.33886
721	15	13	13	0.000429153
721	16	50256	50256	0.000303268
722	5	656	656	0.165213
722	6	12278	12278	1.45304
722	7	2568	2568	0.884628
722	8	13	13	0.000400543
722	9	50256	50256	0.00159073
723	5	2219	3139	6.05414
723	6	1438	5931	5.25234
723	7	329	329	0.338584
723	8	21072	21072	2.14976
723	9	275	66	5.82843
723	10	291	291	0.871937
723	11	42084	6945	4.17964
723	12	378	378	2.28094
723	13	13	13	0.000253677
723	14	50256	50256	0.000286102
724	5	9377	2060	5.40117
724	6	1271	1271	1.68168
724	7	13	13	0.000343323
724	8	50256	50256	0.00053215
725	5	19780	8122	4.50778
725	6	983	983	3.68753
725	7	351	351	0.077508
725	8	27913	12278	4.1795
725	9	5207	5207	1.20338
725	10	13	13	0.00814819
725	11	50256	50256	0.000339508
726	5	286	286	0.00914574
726	6	16490	16490	3.68374
726	7	287	287	0.0151625
726	8	22197	4492	4.8663
726	9	338	338	0.0489588
726	10	13574	16734	5.0482
726	11	13	13	0.000928879
726	12	50256	50256	0.00021553
727	5	878	878	0.881843
727	6	340	511	1.92487
727	7	5667	5667	1.12217
727	8	262	262	0.0181694
727	9	1767	4417	2.88345
727	10	13	13	0.000775337
727	11	50256	50256	0.000307083
728	5	36324	1944	5.69195
728	6	389	389	0.568397
728	7	925	925	1.75066
728	8	422	422	0.247907
728	9	35988	2057	3.83823
728	10	2266	5667	2.82255
728	11	32085	402	3.10462
728	12	39642	7229	3.68045
728	13	13	13	5.53131e-05
728	14	50256	50256	0.00069809
729	5	1862	34262	4.42929
729	6	20611	1141	4.17042
729	7	34262	34262	1.74363
729	8	878	878	0.926081
729	9	484	878	3.11387
729	10	3938	3938	3.46473
729	11	4292	4292	3.21512
729	12	13	13	0.000102997
729	13	50256	50256	0.000606537
730	5	10874	329	4.46884
730	6	286	286	0.0446625
730	7	867	734	2.09585
730	8	5100	1402	4.21485
730	9	17894	17894	3.11071
730	10	13	13	0.00437927
730	11	50256	50256	0.000617981
731	5	1690	1690	2.62591
731	6	18782	1063	4.40221
731	7	5609	543	3.91973
731	8	1657	1657	1.39244
731	9	290	290	0.0261135
731	10	10908	5369	5.03574
731	11	8188	8188	1.46592
731	12	13	13	0.00749207
731	13	50256	50256	0.000284195
732	5	663	663	0.247617
732	6	1957	21334	6.07549
732	7	636	636	1.88188
732	8	290	290	0.0733356
732	9	7386	4695	4.4026
732	10	351	351	0.105178
732	11	281	281	0.82649
732	12	379	12278	8.16687
732	13	1051	281	6.81737
732	14	13	13	0.0116663
732	15	50256	50256	0.000413895
733	5	284	284	0.0370474
733	6	5951	1037	4.13705
733	7	284	284	0.0742645
733	8	1037	1037	1.64568
733	9	16697	606	5.69679
733	10	16930	606	4.16279
733	11	393	393	0.17815
733	12	15134	584	4.43481
733	13	13	13	0.000219345
733	14	50256	50256	0.000261307
734	5	878	878	1.31821
734	6	8978	878	2.47844
734	7	262	262	0.0190573
734	8	19517	2258	4.45788
734	9	6896	6896	1.4085
734	10	13	13	0.00179958
734	11	50256	50256	0.000190735
735	5	5400	281	3.42961
735	6	287	287	0.0490046
735	7	11711	281	5.60816
735	8	3833	3833	1.86463
735	9	1088	1088	1.95247
735	10	281	281	0.75824
735	11	37970	2134	4.68408
735	12	2134	2134	1.7128
735	13	13	13	1.33514e-05
735	14	50256	50256	0.000331879
736	5	5253	13042	5.23073
736	6	2138	2138	0.543766
736	7	621	621	0.118259
736	8	257	257	0.109473
736	9	9478	3785	5.11548
736	10	286	286	0.0217953
736	11	640	530	3.4554
736	12	13	13	0.000106812
736	13	50256	50256	0.000728607
737	5	4695	4695	1.80426
737	6	11	11	0.0710449
737	7	772	981	3.14967
737	8	996	996	3.27574
737	9	867	867	1.66607
737	10	22464	1402	5.25003
737	11	7009	606	3.24478
737	12	12734	12734	2.06503
737	13	13	13	0.0116692
737	14	50256	50256	0.000127792
738	5	257	257	0.0281734
738	6	3992	3992	3.13465
738	7	2443	2443	2.49217
738	8	815	815	3.14213
738	9	307	307	1.29688
738	10	5545	5545	3.01582
738	11	13	13	0.000642776
738	12	50256	50256	0.00022316
739	5	13066	4618	3.84678
739	6	23537	373	4.74266
739	7	422	422	0.0895357
739	8	262	262	0.0105953
739	9	3825	3825	2.53757
739	10	13	13	0.000553131
739	11	50256	50256	0.000240326
740	5	76	76	2.51346
740	6	8592	83	4.93637
740	7	11	11	0.0806198
740	8	340	340	1.50022
740	9	5419	5419	1.56924
740	10	3197	5419	4.53661
740	11	1633	530	2.74036
740	12	656	656	0.163945
740	13	262	262	0.0152931
740	14	21726	976	5.9881
740	15	13	13	4.95911e-05
740	16	50256	50256	0.000236511
741	5	431	431	1.96917
741	6	260	431	4.27335
741	7	355	355	0.423164
741	8	663	663	0.327886
741	9	25861	21334	6.20531
741	10	2779	4618	5.07862
741	11	4326	4326	3.00182
741	12	13	13	7.24792e-05
741	13	50256	50256	0.00028038
742	5	318	318	0.311899
742	6	257	257	0.0339279
742	7	20838	11904	6.52962
742	8	12505	1402	5.79568
742	9	3716	3716	1.83753
742	10	319	319	0.14628
742	11	262	262	0.0111074
742	12	28259	286	4.77647
742	13	7022	7022	2.44677
742	14	286	286	0.182007
742	15	7349	47403	4.64123
742	16	13	13	0.000322342
742	17	50256	50256	0.000257492
743	5	17777	17777	3.28564
743	6	274	274	1.6263
743	7	1138	416	4.6564
743	8	37670	37670	1.76886
743	9	1042	1042	1.74392
743	10	13	13	0.00289917
743	11	50256	50256	0.000257492
744	5	3218	281	4.91664
744	6	37783	37783	2.50712
744	7	326	326	0.220739
744	8	17245	460	4.01391
744	9	779	779	3.43941
744	10	284	284	0.0463734
744	11	3357	4439	4.32516
744	12	10576	10576	2.76614
744	13	13	13	0.000102997
744	14	50256	50256	0.000318527
745	5	618	618	0.815773
745	6	4683	7226	4.67881
745	7	12586	388	4.29168
745	8	1487	423	6.10603
745	9	739	739	1.33304
745	10	4894	739	7.85767
745	11	290	290	0.0332994
745	12	3833	3833	2.22143
745	13	1231	1231	1.4036
745	14	3190	16006	3.47369
745	15	24203	24203	2.43938
745	16	13	13	0.00307751
745	17	50256	50256	0.000600815
746	5	572	572	2.51384
746	6	5478	338	1.9928
746	7	338	338	0.0761089
746	8	35618	3139	4.28202
746	9	7051	7051	1.88596
746	10	13	13	0.0277882
746	11	50256	50256	0.000286102
747	5	8506	373	3.81368
747	6	12201	12201	3.60954
747	7	636	636	2.35619
747	8	286	286	0.0540037
747	9	281	281	0.382318
747	10	317	281	4.23368
747	11	11693	11693	2.80907
747	12	8952	8952	2.57667
747	13	312	8952	3.67253
747	14	22035	898	3.65739
747	15	39490	39490	3.28424
747	16	3641	3641	3.16293
747	17	13	13	4.95911e-05
747	18	50256	50256	0.000434875
748	5	645	645	1.44769
748	6	24012	645	3.15409
748	7	6143	24012	3.54768
748	8	458	458	1.69418
748	9	34387	34387	1.66638
748	10	13	13	0.000102997
748	11	50256	50256	0.000267029
749	5	7667	925	3.97979
749	6	8701	1660	4.11996
749	7	4447	4447	3.63137
749	8	1043	8384	2.20228
749	9	8384	8384	1.45234
749	10	287	287	0.148137
749	11	16519	674	5.30052
749	12	290	290	0.0779161
749	13	36421	5369	3.8798
749	14	13	13	4.00543e-05
749	15	50256	50256	0.000562668
750	5	3473	307	5.38626
750	6	286	286	0.0702467
750	7	517	867	4.40465
750	8	621	621	0.380421
750	9	530	530	1.74804
750	10	34371	17745	3.83326
750	11	2438	34371	4.80104
750	12	966	966	2.72983
750	13	13	13	0.000421524
750	14	50256	50256	0.000555038
751	5	5640	5640	2.65077
751	6	257	257	0.0555582
751	7	15554	2060	4.64623
751	8	9030	9030	2.38923
751	9	284	284	0.0937805
751	10	5587	4439	4.32191
751	11	13042	13042	2.82931
751	12	13	13	7.43866e-05
751	13	50256	50256	0.000249863
752	5	286	286	0.0236721
752	6	26742	867	5.62823
752	7	1626	1626	0.862981
752	8	257	257	0.172664
752	9	3704	5931	5.30437
752	10	286	286	0.0376549
752	11	4898	4898	2.9465
752	12	13	13	0.00905514
752	13	50256	50256	0.000368118
753	5	24603	1588	4.64028
753	6	5440	5440	2.98789
753	7	5140	3917	4.65224
753	8	287	287	0.02211
753	9	262	262	0.00777531
753	10	1388	8434	3.95005
753	11	27460	5046	4.00085
753	12	10999	10999	3.27211
753	13	13	13	0.000133514
753	14	50256	50256	0.000171661
754	5	1657	1657	1.27525
754	6	656	656	0.16843
754	7	7577	4439	4.7949
754	8	780	780	1.9257
754	9	1180	1180	0.887113
754	10	45656	45656	3.66341
754	11	1006	621	4.87024
754	12	974	287	5.43871
754	13	416	416	0.089736
754	14	1180	1180	1.90135
754	15	6867	4417	5.06629
754	16	13	13	0.000164032
754	17	50256	50256	0.00128174
755	5	2785	2785	2.49155
755	6	2568	2568	0.634156
755	7	13	13	0.00586128
755	8	50256	50256	0.000606537
756	5	14568	23235	5.52126
756	6	351	351	0.22026
756	7	1180	1180	1.80944
756	8	5951	4417	3.73017
756	9	393	393	0.533891
756	10	20160	5986	4.50047
756	11	9695	9695	2.37473
756	12	13	13	4.95911e-05
756	13	50256	50256	0.00044632
757	5	262	262	0.0195379
757	6	31877	976	4.38041
757	7	23648	23648	3.13073
757	8	559	422	4.4125
757	9	422	422	0.0578928
757	10	262	262	0.00458527
757	11	3942	976	5.00348
757	12	850	850	3.67247
757	13	3642	3642	3.55627
757	14	7233	7233	3.14885
757	15	13	13	0.000133514
757	16	50256	50256	0.000242233
758	5	7408	7408	3.03067
758	6	290	290	0.0341816
758	7	34616	3139	3.92788
758	8	29120	29120	1.68485
758	9	13	13	0.000640869
758	10	50256	50256	0.000175476
759	5	389	389	0.422379
759	6	14921	925	3.95038
759	7	656	656	0.150139
759	8	20144	656	4.08536
759	9	290	290	0.0403395
759	10	13439	13439	3.06508
759	11	13	13	0.000112534
759	12	50256	50256	0.000864029
760	5	318	318	0.16104
760	6	262	262	0.0150595
760	7	3139	3139	1.34827
760	8	286	286	0.0597248
760	9	17333	8706	5.30498
760	10	11	11	0.0679684
760	11	281	281	0.346229
760	12	7022	7022	2.5946
760	13	1499	286	3.2009
760	14	13	13	0.0349894
760	15	50256	50256	0.000289917
761	5	17008	17008	4.57223
761	6	8811	8811	1.33173
761	7	925	925	1.18109
761	8	1262	1262	1.40946
761	9	17797	468	4.31199
761	10	44749	706	3.40264
761	11	13	13	0.00878525
761	12	50256	50256	0.000471115
762	5	1962	1962	2.61938
762	6	1142	25041	4.4515
762	7	3970	278	3.55417
762	8	287	287	0.100032
762	9	2882	8850	3.98429
762	10	284	284	0.0868683
762	11	262	262	0.014432
762	12	13471	2656	5.35935
762	13	286	286	0.0293884
762	14	257	257	0.0451231
762	15	7897	1729	4.56365
762	16	3240	3240	2.15591
762	17	13	13	0.0071106
762	18	50256	50256	0.000535965
763	5	26371	976	5.08092
763	6	2100	2100	3.65384
763	7	3800	3800	3.20471
763	8	286	286	0.0154009
763	9	257	257	0.0205851
763	10	35113	4876	5.02519
763	11	393	393	0.0864096
763	12	44400	44400	2.6662
763	13	13	13	0.000707626
763	14	50256	50256	0.000137329
764	5	1978	1978	1.59119
764	6	287	287	0.0435896
764	7	257	257	0.0667953
764	8	2266	2266	2.8514
764	9	1140	606	5.39498
764	10	6317	6317	2.05645
764	11	13	13	0.000104904
764	12	50256	50256	0.000497818
765	5	511	511	0.351113
765	6	5667	5667	2.22231
765	7	1141	1141	1.1841
765	8	257	257	0.0311832
765	9	3218	2060	4.87789
765	10	21819	2264	4.50462
765	11	6772	6772	2.42135
765	12	13	13	0.000135422
765	13	50256	50256	0.000333786
766	5	23638	23638	2.3469
766	6	373	373	1.30859
766	7	3170	3170	1.00777
766	8	329	329	0.533
766	9	262	262	0.012763
766	10	872	976	5.18079
766	11	33766	33766	3.12909
766	12	5311	5311	2.08953
766	13	3046	5311	2.52328
766	14	84	431	3.66852
766	15	13	13	0.00306129
766	16	50256	50256	0.000289917
767	5	8833	1262	4.74252
767	6	287	287	0.0247307
767	7	262	262	0.0144768
767	8	1402	1402	1.97837
767	9	45426	45426	2.67938
767	10	13	13	0.000432968
767	11	50256	50256	0.000402451
768	5	281	281	0.651867
768	6	21670	2134	4.75064
768	7	28287	278	4.41843
768	8	389	389	0.400837
768	9	9518	1440	4.17674
768	10	5667	5667	1.02857
768	11	13	13	0.00676727
768	12	50256	50256	0.000453949
769	5	8573	8573	1.54274
769	6	286	286	0.0805855
769	7	48573	867	3.6391
769	8	6134	6134	1.42284
769	9	13	13	9.53674e-05
769	10	50256	50256	0.000310898
770	5	16613	3139	5.1212
770	6	1626	1626	0.901181
770	7	262	262	0.0157127
770	8	1692	3139	3.96171
770	9	7721	7721	1.95521
770	10	13	13	0.000368118
770	11	50256	50256	0.000240326
771	5	24927	976	5.21474
771	6	399	399	1.88793
771	7	2306	2306	2.89854
771	8	35815	35815	3.1689
771	9	287	287	0.0291243
771	10	22381	22381	2.97011
771	11	39255	39255	3.09235
771	12	1004	1973	4.4122
771	13	6120	1973	3.66411
771	14	4698	4698	2.10927
771	15	262	262	0.00403881
771	16	32306	976	4.25483
771	17	13	13	0.00171852
771	18	50256	50256	0.000207901
772	5	1657	8122	4.32346
772	6	26842	14170	6.16855
772	7	618	618	0.924065
772	8	340	340	1.68695
772	9	14170	14170	1.75127
772	10	257	257	0.118703
772	11	1180	4417	4.16456
772	12	13245	2010	7.05678
772	13	2587	4417	2.45183
772	14	379	379	0.561187
772	15	281	281	0.321586
772	16	9848	2134	4.89224
772	17	13	13	0.000738144
772	18	50256	50256	0.000753403
773	5	351	351	0.21137
773	6	663	663	0.577545
773	7	16488	21334	3.47333
773	8	37229	416	5.45944
773	9	2048	44360	4.98976
773	10	656	656	0.256467
773	11	262	262	0.00976372
773	12	6614	3825	6.88078
773	13	286	286	0.0180845
773	14	663	663	0.0586262
773	15	13066	21334	5.01115
773	16	13	13	8.7738e-05
773	17	50256	50256	0.000570297
774	5	286	286	0.0156336
774	6	14159	7840	4.09237
774	7	287	287	0.0481138
774	8	262	262	0.00725842
774	9	18020	18020	4.21795
774	10	6896	6896	0.90828
774	11	13	13	0.00601578
774	12	50256	50256	0.00028801
775	5	3210	3992	5.05328
775	6	4141	307	4.98182
775	7	12	12	0.126375
775	8	2385	820	2.55139
775	9	863	863	1.72524
775	10	6203	863	4.96067
775	11	468	468	0.755194
775	12	15334	468	3.84613
775	13	12	12	0.0686674
775	14	11545	820	3.00955
775	15	4116	1973	3.9696
775	16	13	13	0.00511551
775	17	50256	50256	9.53674e-05
776	5	318	318	0.102176
776	6	262	262	0.021183
776	7	640	3139	6.28661
776	8	2672	1863	5.37915
776	9	329	329	0.342899
776	10	2063	307	4.92064
776	11	286	286	0.00908756
776	12	257	257	0.0850716
776	13	1588	8122	3.5406
776	14	3265	319	4.55482
776	15	286	286	0.0587597
776	16	10411	47403	4.10495
776	17	21354	2340	3.63599
776	18	17751	72	3.84253
776	19	72	72	1.87728
776	20	284	284	0.0963039
776	21	22119	530	5.16393
776	22	319	319	0.21843
776	23	2811	1194	3.59979
776	24	13	13	0.00233841
776	25	50256	50256	0.000282288
777	5	832	832	0.147312
777	6	881	881	1.82548
777	7	286	286	0.0431414
777	8	262	262	0.0142803
777	9	13009	976	5.73455
777	10	22329	8065	3.7512
777	11	13	13	0.000514984
777	12	50256	50256	0.000144958
778	5	37546	8122	4.88865
778	6	1767	1767	2.77236
778	7	284	284	0.0381289
778	8	257	257	0.264573
778	9	38427	1366	5.67183
778	10	1767	1767	2.63704
778	11	13	13	0.00874233
778	12	50256	50256	0.00030899
779	5	10017	20435	5.63368
779	6	351	351	0.0948715
779	7	37414	351	4.56701
779	8	326	326	0.389109
779	9	5419	5419	1.79826
779	10	4180	5419	3.46208
779	11	11192	1817	4.32392
779	12	576	576	2.15856
779	13	3386	13399	3.96367
779	14	13	13	0.00559807
779	15	50256	50256	0.000339508
780	5	422	422	0.166544
780	6	2587	734	2.53006
780	7	6427	422	5.91533
780	8	832	832	0.160192
780	9	340	340	1.35888
780	10	13	13	8.01086e-05
780	11	50256	50256	0.000377655
781	5	16882	16882	3.33421
781	6	318	318	0.151647
781	7	11172	3917	4.27344
781	8	422	422	0.163716
781	9	4376	867	4.28246
781	10	16649	318	3.71953
781	11	4291	1231	3.27536
781	12	3348	3348	3.15205
781	13	13	13	0.000116348
781	14	50256	50256	0.000255585
782	5	290	290	0.0784502
782	6	2962	407	5.38674
782	7	1657	1657	1.80481
782	8	351	351	0.461709
782	9	26929	281	5.68372
782	10	22353	22353	2.3341
782	11	13	13	4.76837e-05
782	12	50256	50256	0.000339508
783	5	257	257	0.0594444
783	6	3992	2060	3.69568
783	7	3188	863	5.1629
783	8	1262	1262	0.617675
783	9	41485	41485	3.58528
783	10	13	13	0.0269327
783	11	50256	50256	0.000507355
784	5	8850	281	2.19847
784	6	5931	1973	4.15625
784	7	12737	12737	3.19529
784	8	45075	284	4.28558
784	9	2472	2472	3.97048
784	10	2347	13042	4.06668
784	11	284	284	0.0662546
784	12	281	257	1.46605
784	13	6275	2134	4.17404
784	14	40874	40874	2.7159
784	15	13	13	0.0226755
784	16	50256	50256	0.000514984
785	5	5563	5563	1.64673
785	6	257	257	0.207649
785	7	5405	8122	4.9309
785	8	88	625	3.08885
785	9	4417	4417	2.26981
785	10	706	706	1.74592
785	11	9645	2031	5.26043
785	12	13	13	0.000352859
785	13	50256	50256	0.000753403
786	5	1103	8122	4.96473
786	6	1271	1271	1.89385
786	7	5260	286	6.68456
786	8	663	663	0.113174
786	9	5253	21334	4.66101
786	10	422	422	0.174507
786	11	6632	734	3.8551
786	12	13	13	0.0537729
786	13	50256	50256	0.000598907
787	5	5679	5679	1.74955
787	6	257	257	0.0209322
787	7	7002	11904	4.89708
787	8	832	832	0.18146
787	9	5783	2138	5.09909
787	10	11	11	0.0715466
787	11	49893	262	3.7001
787	12	2870	22829	4.20147
787	13	11	11	0.0374947
787	14	290	290	0.0347157
787	15	20494	20494	3.60277
787	16	13	13	0.000255585
787	17	50256	50256	0.00030899
788	5	422	422	0.452135
788	6	262	262	0.00959206
788	7	14707	976	7.52803
788	8	4755	5931	3.03708
788	9	286	286	0.00801277
788	10	257	257	0.432659
788	11	4858	7226	5.59929
788	12	3491	318	4.23945
788	13	13	13	9.15527e-05
788	14	50256	50256	0.000173569
789	5	318	318	0.114778
789	6	7685	281	7.17322
789	7	3194	8122	3.52505
789	8	281	281	0.297924
789	9	19318	2134	4.4079
789	10	1015	4778	4.09342
789	11	2029	2029	2.03489
789	12	663	663	0.190887
789	13	22655	21334	4.6842
789	14	7078	7078	2.70913
789	15	13	13	0.000408173
789	16	50256	50256	0.000499725
790	5	48862	48862	3.16438
790	6	485	485	2.051
790	7	272	272	1.66771
790	8	6614	272	4.89965
790	9	1239	286	3.16531
790	10	36177	36177	3.41743
790	11	13	13	0.0193081
790	12	50256	50256	0.000150681
791	5	5822	6156	5.54364
791	6	286	286	0.0221148
791	7	6156	867	2.20497
791	8	25942	10315	4.31262
791	9	261	261	2.49687
791	10	13	13	0.0123186
791	11	50256	50256	0.000413895
792	5	6203	8122	5.07326
792	6	1262	1262	1.18093
792	7	18018	34262	4.44749
792	8	326	326	0.22808
792	9	8181	8181	3.77691
792	10	422	422	0.159989
792	11	4025	867	4.98777
792	12	6493	6493	4.00886
792	13	18018	34262	3.68653
792	14	13	13	0.000104904
792	15	50256	50256	0.00132751
793	5	787	787	1.73115
793	6	510	11447	5.02126
793	7	262	262	0.0374575
793	8	4318	976	5.49405
793	9	10927	832	5.81242
793	10	1080	1080	0.937536
793	11	13	13	0.000177383
793	12	50256	50256	0.000213623
794	5	262	262	0.172346
794	6	7446	3825	5.7845
794	7	287	287	0.0803528
794	8	257	257	0.0370665
794	9	7226	7226	3.24677
794	10	5044	4417	3.27783
794	11	2685	402	3.23188
794	12	13	13	0.0375671
794	13	50256	50256	0.000120163
795	5	3623	8122	3.45924
795	6	2458	379	2.7947
795	7	656	656	0.192678
795	8	257	257	0.0283966
795	9	8122	8122	2.25245
795	10	13	13	0.000656128
795	11	50256	50256	0.000749588
796	5	45636	45636	2.13601
796	6	15027	15027	2.70327
796	7	318	318	0.196404
796	8	284	284	0.36606
796	9	25432	284	5.09308
796	10	5207	5207	1.33752
796	11	656	656	0.110998
796	12	257	257	0.0955687
796	13	1844	2818	4.61292
796	14	4286	666	4.30624
796	15	393	393	0.0867214
796	16	5485	1296	3.99866
796	17	13	13	0.000366211
796	18	50256	50256	0.000534058
797	5	625	625	0.404348
797	6	281	281	0.364534
797	7	1989	281	4.29105
797	8	13	13	0.00146484
797	9	50256	50256	0.00043869
798	5	318	318	0.253997
798	6	783	383	3.89017
798	7	1900	1900	0.614162
798	8	355	355	0.659295
798	9	25299	8850	5.19688
798	10	13	13	0.00361824
798	11	50256	50256	0.000522614
799	5	7679	7679	1.4101
799	6	42909	373	4.42382
799	7	881	881	1.40497
799	8	286	286	0.0570021
799	9	262	262	0.00228977
799	10	3825	976	2.81677
799	11	338	338	0.0749998
799	12	13568	22204	5.18719
799	13	49961	49961	3.26213
799	14	11881	11881	2.00542
799	15	13	13	5.72205e-05
799	16	50256	50256	0.000200272
800	5	307	307	1.89233
800	6	9086	34262	3.80317
800	7	656	656	0.180655
800	8	2237	12278	3.58207
800	9	1602	1602	2.63246
800	10	14796	14796	1.92044
800	11	44360	44360	1.15407
800	12	13	13	0.0025177
800	13	50256	50256	0.0014782
801	5	287	287	0.0404186
801	6	2800	287	5.58297
801	7	351	351	0.160178
801	8	262	262	0.00656891
801	9	2323	1767	4.95449
801	10	13	13	0.0016346
801	11	50256	50256	0.000320435
802	5	1351	1180	6.32448
802	6	318	318	0.200686
802	7	663	663	0.501405
802	8	3504	663	6.59647
802	9	1988	3815	4.10536
802	10	393	393	0.516205
802	11	262	262	0.0480137
802	12	1612	3825	6.88445
802	13	286	286	0.0519934
802	14	663	663	0.293571
802	15	734	530	2.91051
802	16	3504	4417	6.04442
802	17	3815	3815	2.1273
802	18	13	13	5.14984e-05
802	19	50256	50256	0.000202179
803	5	49586	49586	1.9609
803	6	422	422	0.132207
803	7	257	257	0.0591784
803	8	781	3992	4.44482
803	9	7241	1402	4.26269
803	10	7679	7679	1.64349
803	11	1022	1444	1.42427
803	12	6228	1022	3.36544
803	13	15747	23235	4.04251
803	14	13	13	5.14984e-05
803	15	50256	50256	0.00100327
804	5	12834	12834	2.47927
804	6	8811	8811	0.834061
804	7	925	925	0.991546
804	8	422	422	0.0859804
804	9	6147	6134	5.44452
804	10	477	373	4.45457
804	11	19417	286	2.97711
804	12	13	13	0.00012207
804	13	50256	50256	0.00069046
805	5	402	402	1.51592
805	6	724	724	2.908
805	7	1428	1022	4.91605
805	8	284	284	0.0826044
805	9	406	406	3.78738
805	10	359	544	5.18742
805	11	541	541	3.07672
805	12	315	6896	5.21664
805	13	287	287	0.0704269
805	14	402	402	1.89404
805	15	724	402	3.28516
805	16	1428	1022	4.92465
805	17	338	338	0.0956135
805	18	48899	48899	2.86359
805	19	13	13	4.57764e-05
805	20	50256	50256	0.000413895
806	5	4326	1660	3.78929
806	6	329	329	0.249964
806	7	2033	867	4.386
806	8	286	286	0.0105314
806	9	9136	4492	4.12363
806	10	13	13	0.00422668
806	11	50256	50256	0.000383377
807	5	3318	3318	2.06491
807	6	1060	3318	3.86211
807	7	276	276	1.17122
807	8	4823	276	5.25029
807	9	1231	1231	0.840755
807	10	16006	16006	2.27292
807	11	13	13	0.00104713
807	12	50256	50256	0.000156403
808	5	832	832	0.258021
808	6	257	257	0.101769
808	7	1429	649	4.69702
808	8	1444	1444	0.442073
808	9	1007	4439	4.25898
808	10	10514	10514	2.53363
808	11	13	13	0.000709534
808	12	50256	50256	0.000341415
809	5	318	318	0.245498
809	6	5447	3917	5.56333
809	7	284	284	0.0863285
809	8	307	307	2.5597
809	9	530	340	2.42391
809	10	13	13	0.00190926
809	11	50256	50256	0.000413895
810	5	19780	8122	5.17169
810	6	5822	1271	4.17884
810	7	318	318	0.138484
810	8	7384	1444	5.74945
810	9	290	290	0.038846
810	10	645	645	2.39645
810	11	2742	2010	3.62554
810	12	1445	1296	3.15308
810	13	460	460	0.56474
810	14	4781	307	4.68738
810	15	262	262	0.0348492
810	16	1368	1368	4.10313
810	17	13	13	0.000106812
810	18	50256	50256	0.000411987
811	5	4166	1900	3.43525
811	6	257	257	0.0503378
811	7	1409	2060	4.9329
811	8	540	618	4.21564
811	9	12	12	0.0776358
811	10	28469	820	4.96848
811	11	12	12	0.0495863
811	12	4906	820	5.28877
811	13	13570	4778	5.96849
811	14	1080	1080	1.0505
811	15	287	287	0.0493822
811	16	5515	281	4.27975
811	17	20283	20283	3.30048
811	18	12	12	0.0998487
811	19	14792	820	5.28144
811	20	2031	2031	1.34216
811	21	13	13	0.0131865
811	22	50256	50256	0.000268936
812	5	503	3139	3.33483
812	6	416	416	0.210423
812	7	2344	867	5.14517
812	8	11	11	0.174637
812	9	19435	5667	3.41295
812	10	11	11	0.0853271
812	11	10087	1474	4.40278
812	12	11	11	0.0561047
812	13	393	393	0.214033
812	14	584	584	2.00872
812	15	4695	4695	1.83114
812	16	13	13	6.29425e-05
812	17	50256	50256	0.000244141
813	5	290	290	0.041729
813	6	423	290	4.23067
813	7	511	511	1.20908
813	8	898	898	3.15534
813	9	14599	47933	4.43941
813	10	44935	44935	3.38932
813	11	8573	8573	1.48703
813	12	13	13	3.24249e-05
813	13	50256	50256	0.000232697
814	5	1660	1660	1.14629
814	6	338	338	0.159459
814	7	23708	23708	3.59649
814	8	1029	1029	3.92872
814	9	24372	24372	3.88432
814	10	966	966	1.77761
814	11	3688	3688	3.1285
814	12	351	351	0.219843
814	13	2092	351	5.40951
814	14	12	12	0.12915
814	15	13982	820	3.93391
814	16	17745	286	2.49927
814	17	13	13	0.00777626
814	18	50256	50256	0.000387192
815	5	3984	3984	1.75675
815	6	5679	5679	2.1207
815	7	10439	286	3.50605
815	8	286	286	0.0393085
815	9	262	262	0.0384026
815	10	9842	262	5.09709
815	11	437	418	4.10805
815	12	544	544	1.39769
815	13	1641	1641	1.03456
815	14	13	13	0.00216675
815	15	50256	50256	0.000247955
816	5	8638	8638	3.81254
816	6	2587	2587	1.65379
816	7	422	422	0.119162
816	8	530	530	1.32393
816	9	4067	1194	3.38424
816	10	284	284	0.11338
816	11	1194	1194	1.7372
816	12	13	13	0.00928402
816	13	50256	50256	0.000370026
817	5	9315	1588	4.36368
817	6	6404	6404	2.24033
817	7	859	6404	3.30217
817	8	389	389	0.506743
817	9	10730	10730	2.65272
817	10	13	13	0.010294
817	11	50256	50256	0.000360489
818	5	3867	281	5.39111
818	6	1633	1633	2.15088
818	7	13	13	0.00578976
818	8	50256	50256	0.000167847
819	5	1232	976	3.97753
819	6	2454	2454	2.58492
819	7	1641	1641	1.537
819	8	2138	2138	0.3055
819	9	621	621	0.0982847
819	10	262	262	0.0105371
819	11	5509	976	4.69908
819	12	6701	265	4.68001
819	13	1448	1448	2.66192
819	14	13	13	0.0102053
819	15	50256	50256	0.000562668
820	5	2134	1194	3.54881
820	6	319	319	0.372923
820	7	1194	281	2.11468
820	8	468	468	1.22063
820	9	281	281	0.350816
820	10	4961	2134	4.18365
820	11	290	290	0.0728025
820	12	6697	5931	5.05966
820	13	5212	1366	4.01933
820	14	2700	1271	2.66759
820	15	13	13	0.0135098
820	16	50256	50256	0.000907898
821	5	318	318	0.177959
821	6	1900	1900	1.13614
821	7	329	329	0.627364
821	8	44741	44741	3.86893
821	9	11527	290	4.75018
821	10	21641	21641	3.32586
821	11	13	13	0.000516891
821	12	50256	50256	0.000177383
822	5	2420	2420	2.82853
822	6	2915	2915	2.76665
822	7	287	287	0.0868082
822	8	543	543	1.80169
822	9	14390	484	5.34009
822	10	1296	1296	1.61452
822	11	4263	1660	4.14774
822	12	393	393	0.27552
822	13	7572	584	5.00348
822	14	13	13	0.000102997
822	15	50256	50256	0.000261307
823	5	1660	1660	1.59868
823	6	832	832	0.401172
823	7	511	511	0.488093
823	8	308	21334	4.39085
823	9	2171	2171	0.869042
823	10	13	13	0.000314713
823	11	50256	50256	0.000236511
824	5	5822	8122	4.73946
824	6	290	290	0.0639515
824	7	257	257	0.108311
824	8	10929	2060	6.8672
824	9	1141	1141	0.967361
824	10	257	257	0.0907526
824	11	2060	2060	3.01603
824	12	19780	1296	4.97801
824	13	1445	1296	3.28117
824	14	13	13	0.021534
824	15	50256	50256	0.000608444
825	5	416	416	0.0569963
825	6	38797	38797	1.54026
825	7	278	278	0.969558
825	8	17797	278	3.54282
825	9	44749	1973	3.42425
825	10	351	351	0.166021
825	11	257	257	0.0625277
825	12	15936	2818	4.19319
825	13	3968	3968	2.08292
825	14	13	13	3.62396e-05
825	15	50256	50256	0.00060463
826	5	1111	262	3.87395
826	6	21506	21506	3.26895
826	7	290	290	0.0397644
826	8	25794	584	4.45628
826	9	13	13	2.28882e-05
826	10	50256	50256	0.000198364
827	5	393	393	0.204105
827	6	27756	1296	5.6743
827	7	351	351	0.312255
827	8	257	257	0.36916
827	9	2010	2060	3.81522
827	10	5186	5186	1.48305
827	11	3877	3877	1.27508
827	12	13	13	0.000183105
827	13	50256	50256	0.000495911
828	5	2401	2401	3.71253
828	6	2879	2879	3.63604
828	7	900	900	2.4071
828	8	11	11	0.0875463
828	9	1123	1123	0.869946
828	10	886	584	4.81463
828	11	286	286	0.0171671
828	12	257	257	0.0204659
828	13	17763	1729	5.20443
828	14	2523	1973	4.69197
828	15	257	257	0.0265808
828	16	1271	8122	2.72674
828	17	422	422	0.153796
828	18	6632	281	3.75233
828	19	832	832	0.599764
828	20	2237	1194	3.48102
828	21	13	13	7.82013e-05
828	22	50256	50256	0.000326157
829	5	496	496	2.19066
829	6	6204	318	4.74536
829	7	1474	1474	1.354
829	8	1944	3668	3.03237
829	9	12	12	0.071496
829	10	820	820	1.78014
829	11	25266	25266	2.37784
829	12	13	13	0.0066967
829	13	50256	50256	0.00015831
830	5	262	262	0.0236063
830	6	45656	3139	5.12807
830	7	286	286	0.244511
830	8	1657	1657	2.41171
830	9	11300	2641	4.16073
830	10	1022	1022	0.396116
830	11	12899	606	3.70294
830	12	27982	27982	2.94314
830	13	13	13	0.00044632
830	14	50256	50256	0.000392914
831	5	36288	416	4.06567
831	6	423	423	1.56812
831	7	42014	787	4.76037
831	8	307	307	1.14386
831	9	4730	4730	2.52207
831	10	13	13	0.00740051
831	11	50256	50256	0.000680923
832	5	21001	973	5.30714
832	6	5385	1239	4.409
832	7	5563	5563	1.76091
832	8	287	287	0.0624199
832	9	4320	1944	5.08237
832	10	2339	2339	2.22021
832	11	14752	621	3.77574
832	12	13	13	0.000219345
832	13	50256	50256	0.000459671
833	5	12070	973	3.83983
833	6	35901	284	4.34592
833	7	12	12	0.0641794
833	8	16760	16760	2.63902
833	9	8849	1141	6.05584
833	10	656	656	0.364923
833	11	21558	3668	4.46963
833	12	284	284	0.0709362
833	13	3551	787	4.85803
833	14	269	269	0.988869
833	15	1726	8325	3.85346
833	16	6933	6933	2.88968
833	17	13	13	0.000263214
833	18	50256	50256	0.000936508
834	5	4888	973	3.87724
834	6	416	416	0.0590267
834	7	3644	3644	3.73352
834	8	4056	4056	2.07423
834	9	13	13	0.000104904
834	10	50256	50256	0.000236511
835	5	2700	2700	2.34266
835	6	832	832	0.300879
835	7	1803	257	3.73581
835	8	44796	12278	4.74091
835	9	8122	8122	1.7336
835	10	13	13	0.000724792
835	11	50256	50256	0.000614166
836	5	3877	3877	2.05465
836	6	11	11	0.0850945
836	7	981	981	1.31388
836	8	1237	257	3.70575
836	9	684	684	2.34992
836	10	3283	14170	5.18774
836	11	3967	3967	3.10608
836	12	5186	5186	1.69624
836	13	3877	3877	1.38148
836	14	13	13	0.00162315
836	15	50256	50256	0.0007267
837	5	2524	2524	2.26559
837	6	287	287	0.0708075
837	7	1944	1944	1.78876
837	8	12	12	0.0638456
837	9	820	820	1.69697
837	10	7648	25266	2.92135
837	11	13	13	0.000179291
837	12	50256	50256	0.000150681
838	5	286	286	0.305943
838	6	20422	47403	5.88366
838	7	11	11	0.0662546
838	8	257	257	0.0496769
838	9	46909	1729	4.76705
838	10	38656	11	4.85799
838	11	318	318	0.127743
838	12	10090	36932	5.72355
838	13	355	355	0.292231
838	14	257	257	0.150293
838	15	4898	4898	3.06241
838	16	7972	7972	2.90674
838	17	8875	13	4.81536
838	18	13	13	7.24792e-05
838	19	50256	50256	0.000225067
839	5	15061	1588	4.76244
839	6	8811	8811	1.14076
839	7	21126	925	5.32031
839	8	656	656	0.455669
839	9	257	257	0.103565
839	10	8234	4898	4.41061
839	11	13	13	0.000427246
839	12	50256	50256	0.000354767
840	5	1660	1660	1.26939
840	6	20199	379	3.49669
840	7	18190	2138	4.71014
840	8	4291	739	2.58198
840	9	4771	4771	3.13265
840	10	24770	24770	2.72097
840	11	287	287	0.157252
840	12	15114	1660	4.64635
840	13	13	13	0.000116348
840	14	50256	50256	0.00113297
841	5	663	663	0.630686
841	6	35988	1633	5.35099
841	7	11904	11904	1.87025
841	8	290	290	0.0911045
841	9	318	318	1.9022
841	10	407	407	2.53453
841	11	257	257	0.208127
841	12	8701	8122	4.22198
841	13	13	13	0.000188828
841	14	50256	50256	0.000200272
842	5	71	71	3.07472
842	6	36417	338	4.71458
842	7	287	287	0.03304
842	8	6156	6156	1.2357
842	9	14937	14937	2.77246
842	10	43372	14937	4.6259
842	11	321	321	2.00679
842	12	666	666	2.77083
842	13	13399	666	3.67512
842	14	13	13	0.00720406
842	15	50256	50256	0.000286102
843	5	2081	530	3.81863
843	6	284	284	0.0415993
843	7	3991	1364	4.94712
843	8	290	290	0.119544
843	9	3991	584	4.3267
843	10	284	284	0.0709505
843	11	2081	1296	4.6493
843	12	13	13	0.00326538
843	13	50256	50256	0.000320435
844	5	6268	6268	1.23704
844	6	2173	2173	2.12784
844	7	3812	3812	2.11762
844	8	262	262	0.0410881
844	9	9197	3825	5.67201
844	10	338	338	0.0735331
844	11	3641	3641	3.31353
844	12	13	13	0.00110054
844	13	50256	50256	0.000427246
845	5	17467	8811	4.39625
845	6	382	385	4.21904
845	7	2722	2722	2.65709
845	8	262	262	0.0378466
845	9	20715	12108	4.28676
845	10	15895	15895	3.27291
845	11	287	287	0.0302792
845	12	33818	35145	3.74751
845	13	287	287	0.0247068
845	14	35145	35145	2.81205
845	15	13	13	0.0015583
845	16	50256	50256	0.000225067
846	5	44543	44543	4.66699
846	6	4144	373	4.17621
846	7	16083	373	2.94246
846	8	925	925	0.537371
846	9	422	422	0.107537
846	10	7545	7545	2.6173
846	11	13	13	0.000282288
846	12	50256	50256	0.000368118
847	5	2033	3825	5.06863
847	6	286	286	0.0059948
847	7	1660	1660	1.54245
847	8	20199	389	3.7543
847	9	287	287	0.0542135
847	10	1633	511	3.20519
847	11	351	351	0.287878
847	12	663	663	0.559794
847	13	36275	21334	6.51586
847	14	2033	3825	4.26113
847	15	379	379	0.582769
847	16	262	262	0.0217361
847	17	976	976	2.18221
847	18	5951	5951	2.47977
847	19	13	13	0.000169754
847	20	50256	50256	0.000425339
848	5	976	976	2.17466
848	6	12234	31094	5.29949
848	7	1988	318	3.73507
848	8	11	11	0.162992
848	9	257	257	0.0644484
848	10	3074	2060	6.33278
848	11	1444	1444	0.380461
848	12	257	257	0.167671
848	13	17661	1729	5.9242
848	14	13	13	0.0149517
848	15	50256	50256	0.000190735
849	5	1205	1205	2.12572
849	6	287	287	0.0294275
849	7	5055	5055	3.06669
849	8	393	393	0.135282
849	9	3105	10930	5.10174
849	10	12	12	0.168167
849	11	31462	820	5.72495
849	12	1660	1660	1.2703
849	13	13	13	2.28882e-05
849	14	50256	50256	0.000143051
850	5	656	656	0.20543
850	6	257	257	0.0684261
850	7	8122	8122	2.06366
850	8	13	13	0.000295639
850	9	50256	50256	0.000959396
851	5	10384	2134	5.26792
851	6	284	284	0.0566196
851	7	262	262	0.023159
851	8	6156	6156	3.06803
851	9	15433	15433	2.697
851	10	6959	15433	3.15739
851	11	286	286	0.0274706
851	12	2011	286	4.14632
851	13	66	66	1.52191
851	14	268	66	5.51156
851	15	3609	3609	2.88795
851	16	13	13	0.00381184
851	17	50256	50256	0.000471115
852	5	27602	27602	3.90046
852	6	1084	1084	3.59389
852	7	515	515	3.44657
852	8	290	290	0.262424
852	9	16577	262	5.84522
852	10	284	284	0.0688725
852	11	4439	257	1.77739
852	12	26868	26868	3.21118
852	13	13	13	0.000190735
852	14	50256	50256	0.00030899
853	5	319	319	0.216894
853	6	262	262	0.0049572
853	7	4013	1956	3.91042
853	8	25986	25986	2.95493
853	9	34603	34603	2.99652
853	10	21891	2057	4.5555
853	11	13	13	0.0008955
853	12	50256	50256	0.000156403
854	5	36140	5563	5.16358
854	6	11	11	0.106235
854	7	281	281	0.463926
854	8	19318	2134	4.55046
854	9	1015	4778	4.22088
854	10	318	318	0.363826
854	11	9086	1444	3.23809
854	12	656	656	0.187229
854	13	14104	1123	4.33092
854	14	4961	5931	2.77986
854	15	5026	5026	2.35772
854	16	49644	47196	4.63791
854	17	4831	47196	3.22093
854	18	13	13	6.29425e-05
854	19	50256	50256	0.000436783
855	5	2081	3139	6.67819
855	6	11135	1296	4.79704
855	7	1043	1043	1.9765
855	8	287	287	0.0615139
855	9	48573	2877	3.49981
855	10	6134	6134	1.6261
855	11	13	13	3.24249e-05
855	12	50256	50256	0.00119019
856	5	1371	1371	2.80772
856	6	617	617	3.75155
856	7	1321	1321	1.70647
856	8	422	422	0.303255
856	9	262	262	0.0222979
856	10	2656	3825	4.09859
856	11	1366	1366	1.93579
856	12	13	13	9.15527e-05
856	13	50256	50256	0.000406265
857	5	83	83	0.920973
857	6	270	270	2.55164
857	7	9620	9620	2.25174
857	8	287	287	0.045311
857	9	262	262	0.0043602
857	10	614	262	4.60721
857	11	1315	1315	3.19445
857	12	2481	14355	3.69778
857	13	13	13	0.00658512
857	14	50256	50256	0.000169754
858	5	1011	1402	3.81873
858	6	262	262	0.0256433
858	7	2910	3825	4.27749
858	8	13840	416	4.43953
858	9	2622	3716	4.34258
858	10	416	416	0.115987
858	11	867	867	1.55197
858	12	4693	1402	5.10295
858	13	329	329	0.216988
858	14	5935	606	5.31737
858	15	3227	5866	4.02524
858	16	13	13	0.000177383
858	17	50256	50256	0.000232697
859	5	338	338	0.108507
859	6	8137	4417	4.26971
859	7	42909	460	4.82256
859	8	2266	2266	2.56233
859	9	1657	1657	1.72799
859	10	290	290	0.0423212
859	11	22625	584	4.94275
859	12	284	284	0.0377789
859	13	663	663	0.279026
859	14	4171	21334	5.19232
859	15	5585	5585	1.65116
859	16	13	13	0.000141144
859	17	50256	50256	0.000490189
860	5	281	281	0.696292
860	6	16295	18762	5.92433
860	7	6140	1231	6.73064
860	8	318	318	0.171268
860	9	1444	1444	0.413596
860	10	663	663	0.209594
860	11	2962	21334	3.45333
860	12	13	13	0.00747299
860	13	50256	50256	0.000358582
861	5	418	418	1.35216
861	6	389	389	0.639541
861	7	262	262	0.0198355
861	8	734	734	1.47624
861	9	1402	1402	1.6836
861	10	31093	45426	3.53274
861	11	286	286	0.0804224
861	12	8706	8706	2.21658
861	13	13	13	0.000213623
861	14	50256	50256	0.000202179
862	5	12622	12622	1.76954
862	6	45738	45738	2.39101
862	7	287	287	0.0474739
862	8	607	607	1.79349
862	9	5337	607	4.7983
862	10	45738	45738	2.88565
862	11	13	13	0.000305176
862	12	50256	50256	0.00031662
863	5	3395	3395	2.9473
863	6	37670	37670	1.74849
863	7	5958	37670	4.68028
863	8	6140	385	5.00354
863	9	351	351	0.138779
863	10	8547	8547	2.65628
863	11	273	2264	5.11273
863	12	3409	3409	3.76252
863	13	11400	11400	3.09516
863	14	338	338	0.0590105
863	15	11359	22204	4.09591
863	16	13389	7229	3.10988
863	17	13	13	4.95911e-05
863	18	50256	50256	0.000349045
864	5	460	460	0.681376
864	6	307	307	2.04239
864	7	7042	925	3.47067
864	8	416	416	0.12694
864	9	4375	867	3.63785
864	10	262	262	0.0301228
864	11	734	4417	3.21954
864	12	18148	7679	4.94167
864	13	2846	2340	6.76575
864	14	284	284	0.0457897
864	15	7330	4439	6.3363
864	16	262	262	0.104811
864	17	1306	3825	4.8649
864	18	3381	22829	3.43025
864	19	13	13	0.000419617
864	20	50256	50256	0.000543594
865	5	11880	11880	1.80468
865	6	5419	5419	1.42848
865	7	340	340	1.57238
865	8	2834	468	5.70138
865	9	5667	5667	0.841389
865	10	422	422	0.304204
865	11	13737	13737	2.45889
865	12	13	13	0.00149155
865	13	50256	50256	0.000267029
866	5	6903	5667	3.07483
866	6	318	318	0.166597
866	7	281	281	0.352949
866	8	37287	2134	4.06282
866	9	9814	9814	3.2748
866	10	15763	15763	2.60744
866	11	13	13	6.10352e-05
866	12	50256	50256	0.000253677
867	5	78	78	1.76635
867	6	318	318	0.414348
867	7	4888	3917	4.47474
867	8	416	416	0.140338
867	9	16256	38797	6.27481
867	10	11	11	0.0551615
867	11	15336	1690	4.62135
867	12	11	11	0.0481491
867	13	290	290	0.0643129
867	14	46070	5369	4.31809
867	15	72	72	1.61015
867	16	13	13	8.39233e-05
867	17	50256	50256	0.000284195
868	5	19435	19435	2.79795
868	6	351	351	0.163038
868	7	9518	9518	3.6495
868	8	5667	5667	1.1287
868	9	13	13	0.00747776
868	10	50256	50256	0.000535965
869	5	547	287	3.9908
869	6	14212	925	5.06233
869	7	1748	1748	1.51731
869	8	12	12	0.122289
869	9	27219	820	6.04806
869	10	287	287	0.0601721
869	11	6156	6156	1.62911
869	12	10315	10315	3.43421
869	13	13	13	0.00861168
869	14	50256	50256	0.000196457
870	5	832	832	0.204995
870	6	262	262	0.0287037
870	7	11963	3825	5.30316
870	8	3356	11904	3.68455
870	9	286	286	0.0340071
870	10	257	257	0.13521
870	11	11711	4898	5.0122
870	12	13	13	0.0164242
870	13	50256	50256	0.000196457
871	5	3170	3170	0.991043
871	6	416	416	0.145063
871	7	262	262	0.0444288
871	8	3457	976	6.00312
871	9	292	287	3.21238
871	10	287	287	0.0417204
871	11	262	262	0.0141764
871	12	843	976	3.92121
871	13	274	274	1.55028
871	14	21124	21124	1.58428
871	15	13	13	0.00150108
871	16	50256	50256	0.000318527
872	5	1729	1729	3.74127
872	6	4164	272	4.56966
872	7	18196	11	4.60032
872	8	5002	5002	2.16026
872	9	326	326	0.425399
872	10	318	318	0.264598
872	11	8122	1633	2.95402
872	12	379	379	0.562865
872	13	8850	281	1.5582
872	14	2119	1080	3.31699
872	15	5951	5951	1.48673
872	16	13	13	6.10352e-05
872	17	50256	50256	0.000209808
873	5	286	286	0.0256481
873	6	28722	28722	2.77684
873	7	287	287	0.0439014
873	8	257	257	0.0571785
873	9	5931	5931	2.00497
873	10	6317	6317	1.47424
873	11	13	13	0.000143051
873	12	50256	50256	0.000276566
874	5	10947	10947	1.63431
874	6	4046	973	4.24942
874	7	422	422	0.097374
874	8	7346	734	3.22328
874	9	27149	27149	2.48662
874	10	13	13	0.000236511
874	11	50256	50256	0.000328064
875	5	973	973	0.64037
875	6	329	329	0.473899
875	7	35788	35788	3.85484
875	8	4263	4263	2.64956
875	9	13	13	0.00697899
875	10	50256	50256	0.000253677
876	5	27458	976	4.4634
876	6	12	12	0.108432
876	7	11487	820	5.47736
876	8	1448	1448	2.65184
876	9	1690	423	3.29486
876	10	423	618	3.86095
876	11	2092	407	4.57071
876	12	5931	5931	1.83248
876	13	6608	6317	3.93724
876	14	13	13	0.00324345
876	15	50256	50256	0.000162125
877	5	7306	987	4.49197
877	6	3623	318	2.6981
877	7	379	379	1.01152
877	8	6937	3668	5.39626
877	9	5951	4417	2.28846
877	10	11	11	0.16712
877	11	3833	1444	3.11253
877	12	5732	1626	3.64419
877	13	355	355	0.428711
877	14	6115	530	4.91464
877	15	20638	20638	3.19476
877	16	13	13	5.14984e-05
877	17	50256	50256	0.000591278
878	5	1588	3139	2.86122
878	6	6903	6903	2.97258
878	7	286	286	0.0397472
878	8	2258	2258	2.86129
878	9	5478	5478	2.17886
878	10	13	13	0.00234985
878	11	50256	50256	0.000205994
879	5	42909	1444	5.00208
879	6	2568	2568	1.71057
879	7	422	422	0.291467
879	8	663	663	0.122717
879	9	21334	21334	1.72735
879	10	13	13	8.58307e-05
879	11	50256	50256	0.000383377
880	5	7714	15921	3.93295
880	6	3170	3170	1.05917
880	7	1231	1231	0.974931
880	8	29871	29871	2.36026
880	9	13	13	0.0167389
880	10	50256	50256	0.000234604
881	5	262	262	0.00448418
881	6	21189	1956	4.45915
881	7	21226	21226	3.50219
881	8	286	286	0.0165939
881	9	867	867	1.34979
881	10	4903	24039	4.09411
881	11	694	694	3.61852
881	12	418	418	1.38954
881	13	1037	393	6.15097
881	14	606	606	1.28427
881	15	36331	13	3.90475
881	16	284	284	0.0289955
881	17	16649	1194	4.4367
881	18	13	13	0.001647
881	19	50256	50256	0.000385284
882	5	22421	22421	3.42911
882	6	3025	416	3.72414
882	7	7531	3025	5.64581
882	8	19998	19998	4.67445
882	9	423	326	2.12919
882	10	257	257	0.0335732
882	11	8064	2060	5.06846
882	12	286	286	0.0692148
882	13	734	734	1.43827
882	14	284	284	0.0337658
882	15	530	663	1.7503
882	16	13	13	9.72748e-05
882	17	50256	50256	0.000526428
883	5	2010	2010	1.70026
883	6	5186	5186	1.39237
883	7	3877	3877	1.79601
883	8	13	13	0.00206757
883	9	50256	50256	0.000648499
884	5	11	11	0.036026
884	6	290	290	0.0447664
884	7	21813	21813	3.81479
884	8	4166	1900	3.35818
884	9	422	422	0.142734
884	10	9133	9133	4.14673
884	11	20328	20328	2.37248
884	12	13	13	0.00173664
884	13	50256	50256	0.000198364
885	5	326	326	0.267529
885	6	257	257	0.127539
885	7	12649	3992	5.84356
885	8	460	460	0.301405
885	9	12260	307	4.60758
885	10	3264	1444	3.76157
885	11	13	13	0.00790024
885	12	50256	50256	0.000530243
886	5	286	286	0.0286131
886	6	10529	262	3.48819
886	7	893	893	1.08584
886	8	325	325	2.24597
886	9	385	385	1.55465
886	10	287	287	0.0893126
886	11	262	262	0.0539274
886	12	28032	976	5.29815
886	13	13	13	0.00834942
886	14	50256	50256	0.000154495
887	5	2431	2431	1.4092
887	6	13	13	0.00251579
887	7	50256	50256	0.000293732
888	5	11	11	0.107469
888	6	543	543	2.16941
888	7	5419	5419	2.02658
888	8	262	262	0.0320454
888	9	1767	1767	3.06968
888	10	16274	72	5.06726
888	11	27997	27997	2.81037
888	12	13	13	0.000253677
888	13	50256	50256	0.000112534
889	5	16704	16704	3.94548
889	6	279	279	3.08559
889	7	2150	83	3.32393
889	8	1387	418	4.94368
889	9	422	422	0.0903263
889	10	18577	18577	3.69238
889	11	33694	33694	3.4913
889	12	11904	11904	1.4104
889	13	13	13	2.86102e-05
889	14	50256	50256	0.000150681
890	5	388	388	2.50503
890	6	12007	1278	3.63067
890	7	1278	1278	2.15136
890	8	9189	9189	1.87904
890	9	21592	21592	1.96988
890	10	22830	2785	4.97249
890	11	290	290	0.0252943
890	12	584	584	1.49514
890	13	1171	1171	3.318
890	14	5444	1973	4.33682
890	15	9928	47196	3.78267
890	16	13	13	0.000123978
890	17	50256	50256	0.00028801
891	5	286	286	0.0197611
891	6	8031	5828	5.87654
891	7	11	11	0.0674696
891	8	6296	6296	2.78337
891	9	319	319	0.463822
891	10	262	262	0.0242786
891	11	309	976	4.86547
891	12	1856	1856	3.47659
891	13	5866	5866	0.795117
891	14	13	13	0.00047493
891	15	50256	50256	0.000181198
892	5	416	416	0.186866
892	6	763	38797	4.63403
892	7	363	363	1.27011
892	8	8306	363	4.792
892	9	17797	17797	2.42422
892	10	7545	706	3.14038
892	11	290	290	0.0402813
892	12	12273	5369	4.47566
892	13	262	262	0.0134287
892	14	7186	1366	4.65614
892	15	1090	1090	2.04512
892	16	9310	9310	3.28862
892	17	13	13	0.0240679
892	18	50256	50256	0.000411987
893	5	287	287	0.0352306
893	6	23217	465	5.34274
893	7	460	460	0.323014
893	8	1037	307	4.03423
893	9	2270	606	3.79228
893	10	12586	393	3.92988
893	11	5475	5475	3.04434
893	12	13	13	8.2016e-05
893	13	50256	50256	0.000535965
894	5	832	832	0.327791
894	6	262	262	0.0118618
894	7	17661	976	6.14078
894	8	286	286	0.00989056
894	9	262	262	0.00716019
894	10	3942	976	5.00982
894	11	290	290	0.0507345
894	12	35769	449	4.28589
894	13	666	666	1.55483
894	14	13375	1547	5.09684
894	15	13	13	0.000143051
894	16	50256	50256	0.000257492
895	5	1115	1588	3.03875
895	6	13043	13043	3.40622
895	7	326	326	0.188562
895	8	1296	1296	1.48386
895	9	257	257	0.0627174
895	10	2060	2060	3.11601
895	11	16257	16257	3.11704
895	12	13	13	0.00302696
895	13	50256	50256	0.000411987
896	5	8208	1440	3.73985
896	6	12	12	0.0747633
896	7	19412	16760	6.52059
896	8	7475	7475	2.63421
896	9	13	13	0.0290499
896	10	50256	50256	0.000196457
897	5	39880	2134	6.18576
897	6	460	460	0.568274
897	7	1205	307	3.67499
897	8	656	656	0.249717
897	9	257	257	0.0814562
897	10	649	2060	4.10698
897	11	4618	4618	2.10216
897	12	13	13	9.53674e-05
897	13	50256	50256	0.000396729
898	5	1350	1350	2.22839
898	6	900	900	3.07531
898	7	11597	460	3.68182
898	8	7218	7218	2.19076
898	9	22596	22596	2.22809
898	10	1871	1871	2.40276
898	11	28818	28818	2.72492
898	12	2127	1231	4.15677
898	13	5348	5348	3.4335
898	14	13	13	0.000303268
898	15	50256	50256	0.000263214
899	5	5838	5838	3.70599
899	6	286	286	0.0232191
899	7	38330	5828	4.29879
899	8	287	287	0.0192108
899	9	838	838	3.44375
899	10	2791	2791	1.79824
899	11	13	13	0.000745773
899	12	50256	50256	0.000133514
900	5	11	11	0.047595
900	6	717	318	3.98427
900	7	12	12	0.174659
900	8	448	820	4.46656
900	9	16834	21767	4.6901
900	10	11	11	0.0937538
900	11	262	262	0.00946522
900	12	14555	976	6.87777
900	13	2087	2087	2.54936
900	14	2378	2641	4.22347
900	15	318	318	0.141668
900	16	4615	4615	2.83812
900	17	717	318	3.79423
900	18	13	13	6.10352e-05
900	19	50256	50256	0.000112534
901	5	4180	4180	3.50815
901	6	30121	4180	4.19428
901	7	319	319	0.214902
901	8	6163	6163	3.12555
901	9	3354	8065	3.93283
901	10	286	286	0.0195522
901	11	9664	1366	5.60057
901	12	13	13	6.29425e-05
901	13	50256	50256	0.00060463
902	5	3688	422	3.23411
902	6	284	284	0.104207
902	7	262	262	0.0391579
902	8	5485	393	5.49111
902	9	286	286	0.0205965
902	10	257	257	0.0660515
902	11	6297	1729	4.37166
902	12	13	13	0.00114059
902	13	50256	50256	0.000181198
903	5	2318	269	4.19272
903	6	19972	19972	2.96949
903	7	33174	33174	2.71811
903	8	262	262	0.0585194
903	9	5366	976	5.62544
903	10	16825	286	4.65931
903	11	286	286	0.0485229
903	12	1194	1194	1.35634
903	13	13	13	0.00848389
903	14	50256	50256	0.000307083
904	5	16122	976	5.31703
904	6	11732	11732	2.80457
904	7	337	337	2.13083
904	8	5847	5847	3.05357
904	9	2977	2977	3.78449
904	10	290	290	0.0181427
904	11	383	383	1.65274
904	12	367	36306	4.90144
904	13	3316	3316	3.0462
904	14	1891	1891	3.40698
904	15	286	286	0.0221128
904	16	23382	8706	5.40767
904	17	12	12	0.0584955
904	18	35	820	6.40166
904	19	480	39036	3.9241
904	20	13	13	0.000198364
904	21	50256	50256	0.000112534
905	5	625	625	0.453768
905	6	3090	3090	4.50591
905	7	287	287	0.0159788
905	8	8850	8850	1.58913
905	9	34768	34768	3.43106
905	10	13	13	0.000268936
905	11	50256	50256	0.000240326
906	5	284	284	0.0323
906	6	262	262	0.00323486
906	7	28761	976	5.08949
906	8	576	576	2.25852
906	9	1448	11	3.57343
906	10	11	11	0.0302763
906	11	407	407	0.932793
906	12	262	262	0.109395
906	13	38255	976	4.27904
906	14	1547	1547	1.32868
906	15	13	13	0.000244141
906	16	50256	50256	0.000270844
907	5	7861	287	4.65226
907	6	11	11	0.0300074
907	7	5387	290	3.96153
907	8	14580	11	4.60371
907	9	11	11	0.0547342
907	10	290	290	0.036582
907	11	4596	449	4.59295
907	12	6900	6900	3.39009
907	13	286	286	0.00566769
907	14	19606	422	3.58839
907	15	287	287	0.0306053
907	16	1660	1660	1.47311
907	17	3102	3102	2.68283
907	18	46916	46916	1.77769
907	19	13	13	0.000776291
907	20	50256	50256	0.000356674
908	5	3881	3881	2.54377
908	6	1296	1296	1.75056
908	7	257	257	0.0489788
908	8	4417	4417	1.99291
908	9	7679	7679	2.12423
908	10	1444	1444	0.582505
908	11	842	257	3.74609
908	12	21446	2641	5.02801
908	13	319	319	0.227426
908	14	262	262	0.0235271
908	15	6869	3825	4.31324
908	16	13	13	0.000165939
908	17	50256	50256	0.000715256
909	5	286	286	0.140872
909	6	257	257	0.0383425
909	7	35991	4898	6.0955
909	8	423	423	1.7709
909	9	4961	4961	3.13283
909	10	20428	284	3.81878
909	11	13	13	0.00337029
909	12	50256	50256	0.000465393
910	5	10349	2060	4.9504
910	6	618	618	0.866881
910	7	663	663	0.225121
910	8	5002	1633	3.20393
910	9	48813	12611	5.77524
910	10	422	422	0.0607147
910	11	13181	281	4.97976
910	12	1459	1459	2.73729
910	13	13	13	0.000108719
910	14	50256	50256	0.000555038
911	5	3623	1402	4.76662
911	6	25037	25037	2.67247
911	7	13640	25037	4.0974
911	8	355	355	0.301947
911	9	44030	867	4.31322
911	10	3881	3881	2.35311
911	11	4735	734	3.79926
911	12	6945	6945	1.0621
911	13	13	13	0.00015831
911	14	50256	50256	0.000425339
912	5	12269	3146	4.52245
912	6	11	11	0.104474
912	7	1660	1660	1.13964
912	8	11	11	0.0613718
912	9	290	290	0.0366058
912	10	38084	38084	3.75373
912	11	14093	14093	3.76775
912	12	1818	1818	2.64685
912	13	13	13	0.0052681
912	14	50256	50256	0.000133514
913	5	689	689	2.34428
913	6	9664	12278	5.97908
913	7	351	351	0.442833
913	8	28096	257	5.85059
913	9	925	925	0.648561
913	10	1262	416	1.86897
913	11	257	257	0.334775
913	12	17598	8122	5.14526
913	13	290	290	0.137062
913	14	4704	1123	4.74217
913	15	13	13	0.00791645
913	16	50256	50256	0.000614166
914	5	2057	2057	1.56792
914	6	422	422	0.470321
914	7	1660	1660	1.82053
914	8	351	351	0.48529
914	9	13375	7408	5.12683
914	10	287	287	0.115543
914	11	511	511	0.772069
914	12	28552	28552	2.80415
914	13	13	13	0.000141144
914	14	50256	50256	0.000318527
915	5	262	262	0.0471191
915	6	3463	3139	4.4951
915	7	286	286	0.00951481
915	8	262	262	0.120534
915	9	11711	3825	5.44289
915	10	20085	5236	4.76895
915	11	416	416	0.0594711
915	12	281	281	0.359076
915	13	2134	2134	2.51859
915	14	13	13	0.00150681
915	15	50256	50256	0.000297546
916	5	262	262	0.0118732
916	6	12108	3139	3.39782
916	7	286	286	0.00933838
916	8	17837	2258	5.24362
916	9	11	11	0.237659
916	10	318	318	0.233064
916	11	17837	318	4.59326
916	12	338	338	0.174446
916	13	3139	3139	0.916937
916	14	13	13	0.00769424
916	15	50256	50256	0.000167847
917	5	37270	37270	3.60701
917	6	11	11	0.074707
917	7	30872	30872	2.62654
917	8	11	11	0.0401382
917	9	290	290	0.0488243
917	10	21506	3139	3.84104
917	11	13	13	0.000551224
917	12	50256	50256	0.000232697
918	5	3668	3668	0.803474
918	6	8318	8318	2.76267
918	7	832	832	0.196597
918	8	16468	6163	4.89035
918	9	1364	1364	2.01239
918	10	416	416	0.201671
918	11	401	38797	3.9066
918	12	1039	66	3.69305
918	13	13	13	4.95911e-05
918	14	50256	50256	0.000267029
919	5	44741	44741	4.55145
919	6	17757	38797	4.3867
919	7	319	319	0.12798
919	8	4849	262	3.67623
919	9	47967	47967	2.18869
919	10	28847	28847	3.59321
919	11	287	287	0.0800877
919	12	4492	4492	2.46568
919	13	13	13	3.24249e-05
919	14	50256	50256	0.000244141
920	5	350	7840	5.24561
920	6	9160	83	4.35008
920	7	373	373	0.632647
920	8	3170	3170	1.26141
920	9	355	355	0.167138
920	10	257	257	0.224092
920	11	8966	1729	4.47364
920	12	10580	10580	2.6071
920	13	13	13	5.34058e-05
920	14	50256	50256	0.000282288
921	5	257	257	0.0893726
921	6	5252	5252	4.63073
921	7	33413	33413	2.6324
921	8	8902	8902	2.55439
921	9	351	351	0.136242
921	10	281	281	0.768928
921	11	18762	2134	3.65719
921	12	2890	2890	3.37861
921	13	5797	5797	2.98881
921	14	13	13	0.0219479
921	15	50256	50256	0.000347137
922	5	1811	1811	2.73638
922	6	6300	881	3.95757
922	7	286	286	0.0651016
922	8	262	262	0.0203266
922	9	2939	3139	5.39004
922	10	1444	1444	0.609453
922	11	383	383	1.69991
922	12	36306	36306	2.31441
922	13	13	13	0.00492191
922	14	50256	50256	0.000131607
923	5	460	460	0.313487
923	6	2620	307	4.16586
923	7	257	257	0.0482349
923	8	2700	4417	4.31165
923	9	338	338	0.0679874
923	10	6225	22204	5.10198
923	11	1245	1245	2.94729
923	12	13	13	0.0092907
923	13	50256	50256	0.00031662
924	5	286	286	0.112338
924	6	262	262	0.00803375
924	7	3624	976	4.57064
924	8	14705	11904	4.21426
924	9	287	287	0.0453396
924	10	674	674	1.56465
924	11	6591	6591	0.758274
924	12	1080	1080	0.720285
924	13	13	13	0.000814438
924	14	50256	50256	0.000152588
925	5	42742	284	3.19428
925	6	656	656	0.18989
925	7	734	734	1.31468
925	8	4957	4957	3.59481
925	9	17751	72	3.06719
925	10	72	72	1.64332
925	11	13	13	0.000165939
925	12	50256	50256	0.000398636
926	5	257	257	0.202334
926	6	41236	2060	6.39599
926	7	338	338	0.033103
926	8	4417	4417	1.41083
926	9	389	389	1.1569
926	10	7009	606	4.55361
926	11	1981	5585	4.796
926	12	15921	15921	1.6067
926	13	13	13	0.000125885
926	14	50256	50256	0.000432968
927	5	286	286	0.0518503
927	6	262	262	0.018713
927	7	39046	3825	5.61692
927	8	973	973	0.939698
927	9	416	416	0.27571
927	10	867	867	1.87453
927	11	5044	1402	4.1166
927	12	4778	4778	1.4405
927	13	13	13	0.00691223
927	14	50256	50256	0.000144958
928	5	5496	5496	3.29597
928	6	326	326	0.214993
928	7	460	460	0.85662
928	8	2291	460	4.24488
928	9	6134	6134	2.02838
928	10	11	11	0.0522041
928	11	5916	17745	5.43051
928	12	11	11	0.151031
928	13	290	290	0.0305157
928	14	23426	5369	3.62392
928	15	13	13	5.91278e-05
928	16	50256	50256	0.000432968
929	5	287	287	0.0454092
929	6	40941	5055	4.16677
929	7	15190	15190	2.83118
929	8	290	290	0.0608912
929	9	24768	24768	2.9012
929	10	13	13	0.000822067
929	11	50256	50256	0.000514984
930	5	2081	925	4.6945
930	6	691	1474	4.16107
930	7	618	618	1.02259
930	8	1111	3668	4.73112
930	9	286	286	0.0205517
930	10	663	663	0.21745
930	11	17311	21334	5.83259
930	12	389	389	0.481847
930	13	2081	281	5.21108
930	14	13	13	0.00187874
930	15	50256	50256	0.000413895
931	5	3597	3139	5.0633
931	6	1080	1080	1.06671
931	7	973	973	1.63966
931	8	329	329	0.864103
931	9	6983	6983	3.06572
931	10	13	13	0.00309181
931	11	50256	50256	0.000284195
932	5	262	262	0.0251465
932	6	976	3139	2.27034
932	7	6115	6115	3.6381
932	8	355	355	0.274066
932	9	530	530	1.45211
932	10	27216	27216	3.59983
932	11	1247	1247	3.2997
932	12	16912	16912	1.93986
932	13	13	13	5.14984e-05
932	14	50256	50256	0.000267029
933	5	416	416	0.408198
933	6	530	734	2.54401
933	7	5667	5667	2.20999
933	8	326	326	0.602289
933	9	1271	1657	2.30002
933	10	21588	21588	3.64873
933	11	13	13	0.00115967
933	12	50256	50256	0.000432968
934	5	17825	17825	3.42771
934	6	287	287	0.0177765
934	7	294	294	3.5147
934	8	6037	6037	2.1808
934	9	13	13	0.000244141
934	10	50256	50256	0.000148773
935	5	3878	338	3.88843
935	6	17084	17084	3.1252
935	7	318	318	0.187028
935	8	257	257	0.0393496
935	9	4898	8122	4.05957
935	10	9967	276	3.62818
935	11	3601	407	6.80215
935	12	11	11	0.0407734
935	13	407	407	0.976761
935	14	281	281	0.631194
935	15	3056	2134	6.05055
935	16	12036	16912	4.31513
935	17	13	13	7.43866e-05
935	18	50256	50256	0.000421524
936	5	416	416	0.25319
936	6	14583	14583	3.32874
936	7	257	257	0.113288
936	8	6314	4417	5.93542
936	9	379	379	0.463014
936	10	511	511	1.13311
936	11	27390	21334	5.34057
936	12	16649	1194	3.05178
936	13	13	13	0.00038147
936	14	50256	50256	0.000457764
937	5	11	11	0.0944357
937	6	1444	318	2.8619
937	7	262	262	0.00822449
937	8	1162	976	5.93936
937	9	4450	11	5.294
937	10	11	11	0.102332
937	11	318	318	0.2797
937	12	37546	8122	5.77155
937	13	621	621	0.47896
937	14	663	663	0.447934
937	15	7424	21334	7.27696
937	16	4417	4417	1.66142
937	17	13	13	4.19617e-05
937	18	50256	50256	0.000455856
938	5	281	281	0.20815
938	6	2134	2134	2.06741
938	7	338	338	0.096796
938	8	15432	4417	5.2114
938	9	2458	2458	2.46463
938	10	351	351	0.162487
938	11	640	530	4.39016
938	12	13	13	0.00388145
938	13	50256	50256	0.000411987
939	5	37008	10706	5.26026
939	6	379	379	0.443711
939	7	5043	7310	5.20537
939	8	286	286	0.0532579
939	9	2910	867	3.7974
939	10	8837	8837	4.11165
939	11	5095	5095	3.31534
939	12	13	13	0.000242233
939	13	50256	50256	0.000278473
940	5	286	286	0.0506916
940	6	987	987	2.30584
940	7	48331	48331	0.769
940	8	4847	5667	4.85867
940	9	351	351	0.108753
940	10	257	257	0.232065
940	11	3867	4417	6.01849
940	12	28982	28982	3.15376
940	13	13	13	0.000106812
940	14	50256	50256	0.000556946
941	5	257	257	0.111625
941	6	22746	1588	4.99854
941	7	656	656	0.110277
941	8	42713	257	2.92144
941	9	13	13	0.00468349
941	10	50256	50256	0.000421524
942	5	257	257	0.202297
942	6	1729	2060	3.90775
942	7	22570	22570	3.18943
942	8	1271	1271	1.90086
942	9	3607	621	5.22011
942	10	6632	1194	3.32113
942	11	13	13	0.0250597
942	12	50256	50256	0.0010376
943	5	1588	1588	2.27498
943	6	24969	8811	3.7152
943	7	602	8811	4.96715
943	8	618	618	0.729747
943	9	257	257	0.273444
943	10	1080	4417	4.81745
943	11	318	318	0.308552
943	12	7986	257	4.64242
943	13	1474	1474	1.28341
943	14	257	257	0.0500288
943	15	3288	257	4.37151
943	16	8373	8373	3.22987
943	17	13	13	6.29425e-05
943	18	50256	50256	0.000448227
944	5	2278	8122	6.46367
944	6	618	618	0.548718
944	7	257	257	0.177098
944	8	636	8122	3.63411
944	9	318	318	0.210675
944	10	10574	281	3.35464
944	11	13	13	0.000301361
944	12	50256	50256	0.000272751
945	5	11	11	0.0489883
945	6	47394	47394	2.64489
945	7	507	507	3.59153
945	8	389	389	0.382284
945	9	610	610	3.96633
945	10	620	620	1.92689
945	11	77	77	1.63757
945	12	2340	2340	1.67638
945	13	2138	2138	0.177038
945	14	621	621	0.170505
945	15	19435	4695	4.03344
945	16	13	13	0.000112534
945	17	50256	50256	0.000591278
946	5	5101	973	3.16488
946	6	290	290	0.0304537
946	7	734	734	1.45594
946	8	2392	1657	4.70385
946	9	13017	1657	3.49263
946	10	41192	41192	2.83972
946	11	13	13	0.0242329
946	12	50256	50256	0.000154495
947	5	5389	5389	3.39549
947	6	290	290	0.0879707
947	7	1440	1440	3.1203
947	8	826	13042	5.37263
947	9	18333	18333	2.66775
947	10	13	13	0.00307655
947	11	50256	50256	0.00053215
948	5	4778	4778	0.969021
948	6	7685	12	7.40389
948	7	3994	3994	2.71353
948	8	6337	3994	4.63889
948	9	42742	284	3.42748
948	10	13	13	0.0244408
948	11	50256	50256	0.000671387
949	5	286	286	0.0525293
949	6	1402	1402	2.15794
949	7	19468	77	4.48121
949	8	5028	5028	3.34926
949	9	16083	16083	2.82666
949	10	925	925	0.602769
949	11	422	422	0.081377
949	12	5026	5026	1.91829
949	13	47196	47196	1.64596
949	14	13	13	0.012105
949	15	50256	50256	0.000453949
950	5	11	11	0.0885601
950	6	530	530	1.33339
950	7	256	269	3.96908
950	8	478	478	3.18397
950	9	9229	9229	2.54741
950	10	7480	7480	3.03116
950	11	1715	1715	3.49359
950	12	2412	2412	3.36855
950	13	11061	11061	2.35524
950	14	1194	1194	1.29397
950	15	13	13	0.000833511
950	16	50256	50256	0.000663757
951	5	13017	13017	2.53128
951	6	6958	706	4.67397
951	7	1626	1626	0.806289
951	8	281	281	0.412265
951	9	13187	50256	3.58356
951	10	13	13	8.7738e-05
951	11	50256	50256	0.000400543
952	5	262	262	0.0853195
952	6	1767	4417	3.03535
952	7	338	338	0.074419
952	8	10900	22204	5.38923
952	9	18370	18370	2.12862
952	10	13	13	0.000267029
952	11	50256	50256	0.000238419
953	5	10816	1588	4.70662
953	6	34537	1900	4.43282
953	7	1900	1900	0.55162
953	8	329	355	1.36436
953	9	1588	867	5.18798
953	10	4636	22829	5.25067
953	11	874	8384	3.49762
953	12	13	13	0.00103569
953	13	50256	50256	0.000440598
954	5	3994	3994	2.20768
954	6	5348	3994	4.14399
954	7	286	286	0.00953674
954	8	9838	50256	3.82614
954	9	5773	5773	3.79228
954	10	290	290	0.0678864
954	11	300	3139	4.66465
954	12	12009	12009	2.45195
954	13	7408	7408	2.43775
954	14	11492	11492	1.99036
954	15	13	13	0.00535965
954	16	50256	50256	0.000514984
955	5	48573	1588	4.14283
955	6	4618	4618	2.11395
955	7	338	338	0.133839
955	8	19643	3139	4.72894
955	9	2261	22829	5.2521
955	10	460	460	0.496408
955	11	1205	307	3.14384
955	12	656	656	0.149549
955	13	257	257	0.0450525
955	14	9403	8122	3.44967
955	15	13	13	7.82013e-05
955	16	50256	50256	0.000471115
956	5	1663	1663	2.72407
956	6	287	287	0.1156
956	7	17475	8850	4.57427
956	8	12493	12493	2.96315
956	9	12824	621	4.67016
956	10	416	416	0.135401
956	11	8268	6156	5.05138
956	12	1660	1660	1.30032
956	13	13	13	8.01086e-05
956	14	50256	50256	0.000255585
957	5	12	12	0.396379
957	6	46155	820	5.73466
957	7	1296	1296	1.20243
957	8	286	286	0.029644
957	9	7729	257	6.37031
957	10	3194	379	4.44197
957	11	287	287	0.0257607
957	12	257	257	0.0604897
957	13	8300	1729	5.68916
957	14	3303	3303	2.33328
957	15	13	13	0.000362396
957	16	50256	50256	0.00043869
958	5	905	905	3.64618
958	6	281	281	0.154989
958	7	21388	21388	3.98584
958	8	18032	18032	2.40419
958	9	12	12	0.064929
958	10	489	820	5.11603
958	11	1523	1523	3.03799
958	12	2776	2776	3.24003
958	13	287	287	0.0169296
958	14	3594	3594	3.52749
958	15	13	13	0.000326157
958	16	50256	50256	0.000398636
959	5	11	11	0.0197372
959	6	290	290	0.146168
959	7	1395	584	5.73666
959	8	12	12	0.0971756
959	9	20477	820	4.64735
959	10	5594	5594	2.21495
959	11	284	284	0.0803862
959	12	262	262	0.0124397
959	13	976	976	2.91052
959	14	31094	286	2.92043
959	15	10958	10958	2.35142
959	16	13	13	0.00088501
959	17	50256	50256	0.000190735
960	5	14795	14795	1.87674
960	6	3754	14795	3.38388
960	7	11694	11694	2.30044
960	8	36103	11694	3.98505
960	9	4178	4178	3.34133
960	10	287	287	0.0229082
960	11	9225	281	3.53733
960	12	18671	18671	1.71172
960	13	13	13	8.96454e-05
960	14	50256	50256	0.000272751
961	5	257	257	0.0419359
961	6	1486	2060	5.99025
961	7	416	416	0.106314
961	8	5086	4375	5.71288
961	9	2587	2587	1.80815
961	10	284	284	0.0781212
961	11	1208	284	5.63559
961	12	832	832	0.105541
961	13	6163	6163	2.85686
961	14	28431	28431	2.28968
961	15	13	13	9.34601e-05
961	16	50256	50256	0.00103378
962	5	257	257	0.0839481
962	6	9314	1729	4.92515
962	7	11	11	0.0511608
962	8	6149	1123	3.69378
962	9	4269	14170	3.75108
962	10	286	286	0.0132055
962	11	9881	9881	2.17484
962	12	13	13	0.000274658
962	13	50256	50256	0.000385284
963	5	22532	22532	3.6411
963	6	7475	7475	2.73988
963	7	287	287	0.0700407
963	8	281	281	0.200973
963	9	3594	2134	4.51237
963	10	36246	1080	4.1123
963	11	13	13	3.8147e-05
963	12	50256	50256	0.000213623
964	5	734	734	1.02233
964	6	8950	8950	3.12451
964	7	13	13	0.00288391
964	8	50256	50256	0.000217438
965	5	867	867	1.75885
965	6	5667	5667	2.1599
965	7	511	511	0.957877
965	8	16704	2134	4.36494
965	9	4077	5931	5.78571
965	10	3124	6134	4.3557
965	11	13	13	0.000356674
965	12	50256	50256	0.000253677
966	5	284	284	0.0842447
966	6	11945	11945	3.45294
966	7	287	287	0.0603809
966	8	262	262	0.0545225
966	9	1692	1402	3.6228
966	10	1767	1767	2.64131
966	11	13	13	0.00143242
966	12	50256	50256	0.000337601
967	5	5419	5419	1.40871
967	6	3608	262	6.8224
967	7	262	262	0.0356703
967	8	1692	734	3.33384
967	9	1767	734	3.41638
967	10	13	13	0.00103378
967	11	50256	50256	0.000226974
968	5	663	663	0.0873823
968	6	20884	21334	5.33514
968	7	966	966	1.40267
968	8	13	13	0.0317001
968	9	50256	50256	0.000305176
969	5	9368	9368	4.10305
969	6	5374	5374	3.00646
969	7	83	83	1.22875
969	8	270	83	2.8093
969	9	9620	9620	2.45113
969	10	6204	379	5.47442
969	11	319	319	0.496628
969	12	281	281	0.560659
969	13	7022	2134	2.67819
969	14	287	287	0.123831
969	15	6233	281	3.78855
969	16	3567	3567	2.49144
969	17	66	66	1.53816
969	18	25634	66	3.11162
969	19	13	13	0.024889
969	20	50256	50256	0.00062561
970	5	511	511	0.292081
970	6	30514	5667	4.16022
970	7	284	284	0.0399008
970	8	6654	1364	4.34251
970	9	23311	23311	2.47446
970	10	13	13	0.00018692
970	11	50256	50256	0.000268936
971	5	13055	13055	2.23117
971	6	262	262	0.0145206
971	7	18560	3139	5.77866
971	8	1900	1900	0.62767
971	9	355	355	0.170131
971	10	262	262	0.0229874
971	11	2892	976	5.02075
971	12	64	64	3.00762
971	13	15378	15378	3.55631
971	14	13	13	0.00326729
971	15	50256	50256	0.000289917
972	5	262	262	0.141261
972	6	7475	4417	4.5254
972	7	286	286	0.0257711
972	8	257	257	0.118072
972	9	1573	1573	3.68113
972	10	393	393	0.313905
972	11	9546	393	5.36402
972	12	284	284	0.0842819
972	13	1296	1194	2.05643
972	14	1194	1194	1.54893
972	15	13888	1194	4.10158
972	16	13	13	0.000297546
972	17	50256	50256	0.000579834
973	5	4886	4886	1.5969
973	6	23221	4886	4.01861
973	7	2458	2458	1.89484
973	8	284	284	0.116458
973	9	257	257	0.0992317
973	10	2512	4417	6.15986
973	11	286	286	0.0538788
973	12	1366	1366	2.97909
973	13	13	13	4.95911e-05
973	14	50256	50256	0.000574112
974	5	16577	16577	3.8454
974	6	336	336	3.84188
974	7	328	336	4.00758
974	8	5356	925	4.29808
974	9	34262	34262	1.63809
974	10	422	422	0.174408
974	11	257	257	0.130417
974	12	4693	2060	5.53101
974	13	286	286	0.0586262
974	14	6763	286	3.39687
974	15	9042	9042	2.93193
974	16	13	13	0.000104904
974	17	50256	50256	0.000656128
975	5	2344	12278	4.53709
975	6	18190	18190	3.39538
975	7	22425	22425	2.63045
975	8	6450	6450	3.85759
975	9	13	13	0.000358582
975	10	50256	50256	0.000759125
976	5	20838	4695	5.15418
976	6	11	11	0.0309
976	7	16397	2138	4.28923
976	8	11	11	0.15012
976	9	290	290	0.0632963
976	10	449	449	3.07646
976	11	391	544	4.93237
976	12	28814	6896	3.71552
976	13	13	13	0.00252533
976	14	50256	50256	0.000144958
977	5	290	290	0.029542
977	6	39381	584	5.95329
977	7	11061	11061	2.03704
977	8	3668	3668	1.1944
977	9	338	338	0.101213
977	10	4417	4417	1.46111
977	11	13	13	0.00047493
977	12	50256	50256	0.000406265
978	5	2128	8122	5.4019
978	6	618	618	0.655754
978	7	1633	530	2.48411
978	8	318	318	0.20735
978	9	7924	36480	4.96722
978	10	1973	1973	0.914573
978	11	262	262	0.00590801
978	12	5743	976	5.58965
978	13	286	286	0.0365677
978	14	663	663	0.106516
978	15	5422	1633	4.37183
978	16	7604	12239	3.62202
978	17	13	13	0.000116348
978	18	50256	50256	0.000303268
979	5	21558	3917	4.40789
979	6	416	416	0.107577
979	7	9645	281	5.45883
979	8	340	340	1.23258
979	9	287	287	0.0244198
979	10	257	257	0.131289
979	11	8769	2060	4.69845
979	12	77	77	2.11952
979	13	13	13	0.00812626
979	14	50256	50256	0.000335693
980	5	1146	1146	0.9061
980	6	5047	1146	5.34426
980	7	13166	13166	1.40632
980	8	23537	881	4.49216
980	9	422	422	0.11799
980	10	262	262	0.0584946
980	11	3825	3825	1.9822
980	12	13	13	0.000371933
980	13	50256	50256	0.000173569
981	5	286	286	0.0145864
981	6	17322	2520	4.03754
981	7	11	11	0.0223799
981	8	7363	1660	4.03761
981	9	319	319	0.220181
981	10	262	262	0.00241089
981	11	6035	976	5.34046
981	12	3266	8573	3.66743
981	13	5866	5866	0.712242
981	14	13	13	0.00253487
981	15	50256	50256	0.000217438
982	5	373	373	0.661402
982	6	925	3170	2.06455
982	7	329	416	1.07758
982	8	262	262	0.0293417
982	9	22234	3139	5.05093
982	10	3716	3716	1.70426
982	11	286	286	0.0199032
982	12	31482	262	3.81588
982	13	16380	16380	2.95525
982	14	31663	31663	3.25039
982	15	13	13	0.00871754
982	16	50256	50256	0.000514984
983	5	393	393	0.143394
983	6	9421	9421	3.22165
983	7	1063	1063	1.72915
983	8	13	13	0.00163746
983	9	50256	50256	0.000211716
984	5	2134	2134	2.90083
984	6	338	338	0.149766
984	7	6268	3139	3.04711
984	8	3585	2568	4.12992
984	9	284	284	0.0410566
984	10	262	262	0.0152588
984	11	7346	734	4.39621
984	12	1633	1633	2.22537
984	13	13	13	2.47955e-05
984	14	50256	50256	0.000232697
985	5	1123	1123	1.24388
985	6	5752	1296	5.59472
985	7	11	11	0.0580587
985	8	5721	618	6.31548
985	9	11	11	0.0389853
985	10	290	290	0.05264
985	11	1115	584	3.89361
985	12	12	12	0.0833807
985	13	1525	820	5.51633
985	14	12	12	0.0427771
985	15	15542	820	4.69351
985	16	3091	625	4.89505
985	17	4909	4909	1.55973
985	18	262	262	0.0138922
985	19	19561	976	5.64939
985	20	530	530	1.38202
985	21	832	832	0.250022
985	22	5193	5193	3.50462
985	23	1752	966	4.88038
985	24	1123	1123	0.428469
985	25	13	13	4.76837e-05
985	26	50256	50256	5.53131e-05
986	5	4909	4909	1.26835
986	6	1115	1115	3.14795
986	7	12785	12785	3.2206
986	8	14729	14729	2.61708
986	9	286	286	0.0703421
986	10	5100	867	4.39787
986	11	7475	7475	2.67322
986	12	13	13	0.000249863
986	13	50256	50256	0.000289917
987	5	734	734	1.30413
987	6	3967	11863	4.11055
987	7	2659	606	4.53314
987	8	271	271	1.91397
987	9	669	271	4.37899
987	10	13	13	0.00183868
987	11	50256	50256	0.000209808
988	5	286	286	0.0574017
988	6	257	257	0.0967302
988	7	19690	5931	3.86538
988	8	1683	1683	3.06682
988	9	14809	14809	3.23705
988	10	5509	5509	2.85901
988	11	13	13	0.00172901
988	12	50256	50256	0.000221252
989	5	7135	262	5.84301
989	6	314	1271	4.18568
989	7	48476	48476	3.50141
989	8	14664	14664	2.84734
989	9	286	286	0.0295067
989	10	23519	286	4.11138
989	11	13	13	0.000994682
989	12	50256	50256	0.000230789
990	5	19942	19942	3.35857
990	6	326	326	0.572501
990	7	3994	389	3.09887
990	8	663	663	0.299364
990	9	11904	4417	3.75978
990	10	13	13	2.67029e-05
990	11	50256	50256	0.000261307
991	5	3146	3139	4.11544
991	6	11	11	0.0607224
991	7	262	262	0.109894
991	8	34768	3825	5.45433
991	9	1612	318	6.08711
991	10	318	318	0.270072
991	11	511	511	0.805734
991	12	2160	2656	6.36611
991	13	9086	9086	2.78643
991	14	416	416	0.154002
991	15	511	511	0.387406
991	16	954	954	3.27093
991	17	13	13	0.00028801
991	18	50256	50256	0.000270844
992	5	291	291	1.03817
992	6	2456	291	4.63217
992	7	44638	2340	4.53139
992	8	393	393	0.152352
992	9	1950	20762	5.37136
992	10	5238	11	3.98472
992	11	11	11	0.0249472
992	12	355	355	0.205672
992	13	14713	880	5.0933
992	14	857	857	2.75332
992	15	13	13	0.0293932
992	16	50256	50256	0.000846863
993	5	5485	1296	4.83844
993	6	284	284	0.0379572
993	7	1037	1037	2.29102
993	8	2962	1402	4.88507
993	9	319	319	0.245178
993	10	5563	511	3.07658
993	11	379	379	0.762566
993	12	1180	1180	1.32271
993	13	18868	684	4.97425
993	14	13	13	5.14984e-05
993	15	50256	50256	0.000282288
994	5	47306	12278	3.96294
994	6	2427	2427	2.23894
994	7	286	286	0.00957489
994	8	9194	9194	3.31626
994	9	12734	12734	1.99692
994	10	393	393	0.144206
994	11	11904	4417	3.17578
994	12	13	13	0.000217438
994	13	50256	50256	0.000244141
995	5	20462	3170	4.74863
995	6	416	416	0.083581
995	7	18381	38797	3.67985
995	8	449	449	2.50935
995	9	19210	544	4.55574
995	10	287	287	0.0525475
995	11	4088	49545	5.41108
995	12	286	286	0.0110445
995	13	38367	38367	4.09856
995	14	83	83	0.896699
995	15	1031	270	4.76517
995	16	8882	8882	3.75298
995	17	282	13	3.5298
995	18	13	13	0.000104904
995	19	50256	50256	0.000455856
996	5	9151	976	6.03185
996	6	4417	4417	1.90532
996	7	290	290	0.0320854
996	8	18616	976	6.26775
996	9	867	867	1.24916
996	10	5385	24039	4.80889
996	11	5417	8122	5.02068
996	12	9813	3815	5.48038
996	13	13	13	0.00031662
996	14	50256	50256	0.000162125
997	5	262	262	0.0198269
997	6	976	976	1.83864
997	7	19528	19528	3.94137
997	8	290	290	0.0438232
997	9	2651	290	5.33136
997	10	739	739	1.16108
997	11	663	663	0.159224
997	12	7147	16488	4.09738
997	13	3555	3555	3.72533
997	14	9831	9831	2.25216
997	15	13	13	9.15527e-05
997	16	50256	50256	0.000185013
998	5	460	460	0.311625
998	6	2380	307	3.58644
998	7	17759	17759	3.02728
998	8	7310	7310	2.0958
998	9	1643	8950	5.70983
998	10	7572	4417	3.47531
998	11	13	13	8.2016e-05
998	12	50256	50256	0.000181198
999	5	4961	1444	3.10524
999	6	284	284	0.094986
999	7	8208	787	4.57907
999	8	12	12	0.0812092
999	9	13261	820	4.00976
999	10	1411	1411	2.60168
999	11	13	13	0.000204086
999	12	50256	50256	0.000230789
1000	5	1326	1326	2.69387
1000	6	263	287	3.8895
1000	7	338	338	0.213101
1000	8	7430	3139	5.50404
1000	9	351	351	0.0976582
1000	10	257	257	0.291714
1000	11	18482	7226	3.89355
1000	12	2905	325	4.05371
1000	13	1806	1806	2.84583
1000	14	28539	3812	5.25266
1000	15	257	257	0.145397
1000	16	3785	3785	3.99482
1000	17	5762	284	3.73167
1000	18	257	257	0.0659122
1000	19	7858	7858	4.63624
1000	20	3820	3820	2.48414
1000	21	13	13	0.0111837
1000	22	50256	50256	0.000385284
1001	5	262	262	0.0292749
1001	6	2679	976	5.68582
1001	7	291	291	0.980172
1001	8	8478	291	3.72872
1001	9	286	286	0.0118008
1001	10	262	262	0.00872898
1001	11	40136	976	5.46973
1001	12	12	12	0.08706
1001	13	22030	820	5.94147
1001	14	3303	3303	2.4684
1001	15	1641	1641	1.45363
1001	16	13	13	0.0379725
1001	17	50256	50256	0.000249863
1002	5	271	271	1.70997
1002	6	1630	1630	2.64629
1002	7	262	262	0.0126104
1002	8	2546	976	5.21788
1002	9	286	286	0.0155487
1002	10	262	262	0.00892735
1002	11	34047	34047	3.06392
1002	12	13	13	0.00713062
1002	13	50256	50256	0.000139236
1003	5	40959	11	4.01079
1003	6	11	11	0.0387793
1003	7	38985	2630	4.54336
1003	8	1111	636	3.0083
1003	9	6341	416	4.29395
1003	10	286	286	0.0343981
1003	11	262	262	0.0111256
1003	12	6035	976	5.25677
1003	13	3266	11	3.68625
1003	14	13	13	0.0292387
1003	15	50256	50256	0.000221252
1004	5	290	290	0.0349169
1004	6	3771	3771	3.83783
1004	7	10456	10456	3.0116
1004	8	501	2385	5.53498
1004	9	3033	3033	1.81479
1004	10	10674	3033	3.9203
1004	11	14025	14025	2.58897
1004	12	316	316	2.40521
1004	13	290	290	0.0150223
1004	14	16703	290	4.36296
1004	15	10594	10594	3.79247
1004	16	1789	1789	2.30715
1004	17	7491	7491	2.48516
1004	18	948	948	2.57929
1004	19	13	13	0.00176144
1004	20	50256	50256	0.000383377
1005	5	2714	925	3.52682
1005	6	379	379	0.345566
1005	7	45760	2138	4.54713
1005	8	287	287	0.0192928
1005	9	10315	10315	2.91817
1005	10	13	13	0.00770473
1005	11	50256	50256	0.00044632
1006	5	25299	543	5.30724
1006	6	373	373	0.824028
1006	7	6198	3170	4.42737
1006	8	3170	3170	0.771392
1006	9	355	355	0.188515
1006	10	257	257	0.0304461
1006	11	4302	4876	4.89454
1006	12	4928	4928	2.63673
1006	13	13	13	9.15527e-05
1006	14	50256	50256	0.000574112
1007	5	1204	2134	4.76252
1007	6	6772	6772	2.3576
1007	7	1626	1626	1.16965
1007	8	530	530	1.38934
1007	9	3957	1194	4.22968
1007	10	1622	6317	3.62347
1007	11	13	13	0.000806808
1007	12	50256	50256	0.000268936
1008	5	1440	530	3.21685
1008	6	12	12	0.156404
1008	7	32041	820	4.73652
1008	8	9998	9998	2.84832
1008	9	286	286	0.0290632
1008	10	3668	3668	1.68396
1008	11	338	338	0.0486221
1008	12	5894	3139	4.75006
1008	13	8137	4417	4.19596
1008	14	416	416	0.330751
1008	15	6115	511	4.24029
1008	16	13	13	0.00232983
1008	17	50256	50256	0.000572205
1009	5	23129	23129	3.32631
1009	6	286	286	0.0658798
1009	7	262	262	0.0167704
1009	8	7993	976	5.62724
1009	9	8065	8065	1.5487
1009	10	13	13	0.00204086
1009	11	50256	50256	0.000164032
1010	5	12278	12278	2.70057
1010	6	6737	2568	2.57223
1010	7	656	656	0.132334
1010	8	38071	257	4.93192
1010	9	326	326	0.184109
1010	10	4439	4439	1.6356
1010	11	2128	649	5.27247
1010	12	13	13	0.00533867
1010	13	50256	50256	0.000764847
1011	5	8122	1271	2.8466
1011	6	3102	3102	3.51733
1011	7	46916	46916	1.58004
1011	8	11	11	0.184513
1011	9	4771	340	3.73712
1011	10	24770	326	3.46666
1011	11	11	11	0.0992737
1011	12	393	393	0.319944
1011	13	1111	318	6.00704
1011	14	9951	1900	5.32508
1011	15	287	287	0.0618687
1011	16	1633	530	2.75315
1011	17	13	13	9.15527e-05
1011	18	50256	50256	0.000305176
1012	5	8811	8811	1.03788
1012	6	1663	925	4.20387
1012	7	355	355	0.677898
1012	8	2060	257	3.48145
1012	9	4778	4778	1.40714
1012	10	13	13	3.43323e-05
1012	11	50256	50256	0.000406265
1013	5	262	262	0.0880299
1013	6	19561	976	5.30622
1013	7	6632	12278	3.46486
1013	8	290	290	0.0142965
1013	9	530	530	1.38672
1013	10	13	13	0.00440979
1013	11	50256	50256	0.000228882
1014	5	12389	12389	2.08415
1014	6	286	286	0.0563822
1014	7	257	257	0.0593662
1014	8	1692	8122	3.58457
1014	9	16162	16162	2.22985
1014	10	13	13	0.000362396
1014	11	50256	50256	0.000230789
1015	5	422	422	0.231711
1015	6	257	257	0.0676146
1015	7	2166	8122	4.9391
1015	8	6333	286	4.86739
1015	9	1806	1806	2.86232
1015	10	284	284	0.115753
1015	11	257	257	0.1864
1015	12	8286	1729	5.10438
1015	13	599	599	3.16002
1015	14	30431	30431	2.28197
1015	15	13	13	7.43866e-05
1015	16	50256	50256	0.00190353
1016	5	257	257	0.0697298
1016	6	11831	3992	5.94073
1016	7	5186	5186	1.13174
1016	8	1459	3877	3.73766
1016	9	284	284	0.0564442
1016	10	49306	4439	3.77233
1016	11	13	13	0.0031805
1016	12	50256	50256	0.000667572
1017	5	16649	1022	4.05862
1017	6	621	621	0.194976
1017	7	2266	2266	2.97101
1017	8	5788	5667	4.05273
1017	9	13	13	0.000703812
1017	10	50256	50256	0.000591278
1018	5	257	257	0.134634
1018	6	4469	8122	4.80924
1018	7	2138	2138	0.175639
1018	8	621	621	0.12549
1018	9	5055	5055	3.18418
1018	10	5000	5000	3.4964
1018	11	1479	1479	2.80178
1018	12	13	13	0.000135422
1018	13	50256	50256	0.000701904
1019	5	5594	5594	2.04522
1019	6	284	284	0.193169
1019	7	25794	262	4.84948
1019	8	290	290	0.0302172
1019	9	6486	8978	4.38859
1019	10	287	287	0.0176039
1019	11	262	262	0.0307055
1019	12	8211	3825	4.79281
1019	13	10692	10692	1.95812
1019	14	13	13	0.00489044
1019	15	50256	50256	0.000209808
1020	5	2134	2134	2.26682
1020	6	1656	4778	3.24537
1020	7	284	284	0.105558
1020	8	9117	787	5.80965
1020	9	3812	3812	1.87659
1020	10	393	393	0.235195
1020	11	1497	318	4.72305
1020	12	422	422	0.0539846
1020	13	262	262	0.0369225
1020	14	19091	3825	4.93116
1020	15	13	13	6.86646e-05
1020	16	50256	50256	0.000741959
1021	5	416	416	0.0982304
1021	6	14583	14583	3.16009
1021	7	257	257	0.0269079
1021	8	1218	5931	5.52427
1021	9	1182	1080	4.25508
1021	10	706	706	1.24709
1021	11	36075	36075	2.12633
1021	12	13	13	0.000577927
1021	13	50256	50256	0.000509262
1022	5	9951	973	4.72443
1022	6	2057	2057	1.61929
1022	7	422	422	0.269722
1022	8	262	262	0.0920095
1022	9	1660	4417	2.81258
1022	10	1088	1978	3.29132
1022	11	606	606	1.76906
1022	12	13	13	0.0273504
1022	13	50256	50256	0.000394821
1023	5	41408	41408	3.55696
1023	6	1088	1088	1.30302
1023	7	6716	6716	3.62978
1023	8	6971	6134	4.84711
1023	9	13	13	0.000602722
1023	10	50256	50256	0.000911713
1024	5	4556	4556	1.63983
1024	6	1223	1223	2.5976
1024	7	48237	48237	2.58268
1024	8	663	663	0.141421
1024	9	9706	9706	3.81397
1024	10	13	13	0.00705624
1024	11	50256	50256	0.000276566
