line_1based	target_token_index_0based	target_id	predicted_id	loss
1	5	31219	31219	0.000181198
1	6	680	680	0.000387192
1	7	511	511	6.10352e-05
1	8	1862	1862	8.7738e-05
1	9	13	13	1.90735e-06
1	10	50256	50256	0
2	5	286	286	3.43323e-05
2	6	10211	10211	9.15527e-05
2	7	318	318	4.19617e-05
2	8	3221	3221	0.000396729
2	9	10693	10693	0.000476837
2	10	618	618	0.000238419
2	11	9759	9759	4.3869e-05
2	12	284	284	1.71661e-05
2	13	262	262	3.8147e-06
2	14	5044	5044	3.62396e-05
2	15	13	13	0
2	16	50256	50256	0
3	5	1205	1205	0.000780106
3	6	2641	2641	0.000406265
3	7	663	663	1.33514e-05
3	8	20596	20596	0.0001297
3	9	11	11	7.62939e-05
3	10	11222	11222	3.43323e-05
3	11	88	88	0.000293732
3	12	4645	4645	0.000190735
3	13	13	13	3.8147e-05
3	14	50256	50256	0
4	5	5922	5922	7.43866e-05
4	6	39966	39966	0.000354767
4	7	287	287	0
4	8	257	257	5.72205e-06
4	9	36594	36594	0.00012207
4	10	290	290	0
4	11	1577	1577	0.000286102
4	12	4082	4082	2.09808e-05
4	13	13	13	0
4	14	50256	50256	0
5	5	945	945	0.000640869
5	6	4439	4439	0.000259399
5	7	23938	23938	0.00012207
5	8	26742	26742	0.000202179
5	9	981	981	0.000102997
5	10	30580	30580	9.72748e-05
5	11	511	511	0.00015831
5	12	8954	8954	3.62396e-05
5	13	13022	13022	1.33514e-05
5	14	13	13	0
5	15	50256	50256	0
6	5	5739	5739	0.000329971
6	6	11	11	9.53674e-06
6	7	281	281	1.71661e-05
6	8	2134	2134	0.000112534
6	9	351	351	1.90735e-06
6	10	645	645	0.000598907
6	11	2010	2010	0.000514984
6	12	2700	2700	0.000137329
6	13	16047	16047	0.000152588
6	14	6937	6937	0.000442505
6	15	15432	15432	0.00044632
6	16	13	13	5.72205e-06
6	17	50256	50256	0
7	5	296	296	0.00125122
7	6	1045	1045	0.000999451
7	7	1249	1249	7.43866e-05
7	8	21678	21678	0.000356674
7	9	284	284	3.05176e-05
7	10	1445	1445	2.47955e-05
7	11	832	832	3.05176e-05
7	12	12835	12835	0.000513077
7	13	16649	16649	0.00012207
7	14	13	13	0
7	15	50256	50256	0
8	5	734	734	2.47955e-05
8	6	9403	9403	9.91821e-05
8	7	5667	5667	0.000137329
8	8	13	13	0
8	9	50256	50256	0
9	5	4983	4983	3.24249e-05
9	6	355	355	8.7738e-05
9	7	281	281	1.14441e-05
9	8	14312	14312	0.000389099
9	9	20562	20562	0.000144958
9	10	3716	3716	0.000368118
9	11	13	13	0
9	12	50256	50256	0
10	5	13522	13522	0.000185013
10	6	5732	5732	7.43866e-05
10	7	663	663	1.52588e-05
10	8	29973	29973	0.000125885
10	9	2785	2785	0.000125885
10	10	2568	2568	0.000274658
10	11	13	13	0
10	12	50256	50256	0
11	5	284	284	0.000274658
11	6	787	787	0.000366211
11	7	34476	34476	0.000162125
11	8	1141	1141	1.52588e-05
11	9	5205	5205	0.000366211
11	10	44411	44411	0.000143051
11	11	13	13	0
11	12	50256	50256	0
12	5	257	257	0
12	6	43836	43836	0.000173569
12	7	416	416	7.62939e-06
12	8	12304	12304	0.00025177
12	9	1780	1780	0.000329971
12	10	299	299	0.000484467
12	11	12345	12345	0.00012207
12	12	1088	1088	0.000167847
12	13	281	281	1.14441e-05
12	14	14709	14709	7.05719e-05
12	15	415	415	0.00053215
12	16	13	13	0
12	17	50256	50256	0
13	5	257	257	3.05176e-05
13	6	12505	12505	0.000566483
13	7	3716	3716	0.000268936
13	8	287	287	1.14441e-05
13	9	1944	1944	0.000188828
13	10	12	12	2.86102e-05
13	11	820	820	9.91821e-05
13	12	31057	31057	0.000144958
13	13	13	13	0
13	14	50256	50256	0
14	5	2173	2173	8.2016e-05
14	6	284	284	2.86102e-05
14	7	3435	3435	0.00031662
14	8	973	973	0.000125885
14	9	287	287	1.90735e-06
14	10	867	867	4.57764e-05
14	11	3597	3597	0.000110626
14	12	3341	3341	0.000156403
14	13	13	13	3.8147e-06
14	14	50256	50256	0
15	5	3665	3665	5.34058e-05
15	6	7405	7405	4.19617e-05
15	7	284	284	3.8147e-06
15	8	1057	1057	0.000293732
15	9	2138	2138	1.14441e-05
15	10	621	621	2.28882e-05
15	11	6129	6129	0.000179291
15	12	13	13	0
15	13	50256	50256	0
16	5	471	471	0.000411987
16	6	5031	5031	0.00037384
16	7	272	272	0.00028038
16	8	7012	7012	0.000379562
16	9	9459	9459	0.000423431
16	10	11	11	4.3869e-05
16	11	281	281	1.52588e-05
16	12	37874	37874	0.000146866
16	13	1748	1748	0.000240326
16	14	13	13	0
16	15	50256	50256	0
17	5	326	326	3.24249e-05
17	6	2107	2107	0.000110626
17	7	287	287	1.90735e-06
17	8	8389	8389	6.48499e-05
17	9	20848	20848	6.10352e-05
17	10	13	13	0
17	11	50256	50256	0
18	5	11863	11863	0.00015831
18	6	351	351	9.91821e-05
18	7	262	262	0
18	8	1037	1037	0.000293732
18	9	286	286	3.8147e-06
18	10	16869	16869	6.29425e-05
18	11	49835	49835	3.05176e-05
18	12	13	13	0
18	13	50256	50256	0
19	5	257	257	1.14441e-05
19	6	20562	20562	0.00111198
19	7	290	290	1.52588e-05
19	8	28757	28757	6.48499e-05
19	9	3716	3716	9.91821e-05
19	10	287	287	1.90735e-06
19	11	17113	17113	0.000152588
19	12	4763	4763	0.000217438
19	13	11	11	9.53674e-06
19	14	8602	8602	0.000272751
19	15	13	13	1.90735e-06
19	16	50256	50256	0
20	5	286	286	1.90735e-06
20	6	15238	15238	0.000156403
20	7	11	11	3.24249e-05
20	8	257	257	8.39233e-05
20	9	42238	42238	0.0017395
20	10	1499	1499	0.000177383
20	11	13	13	0
20	12	50256	50256	0
21	5	3665	3665	0.00148773
21	6	25041	25041	0.000207901
21	7	11278	11278	0.000862122
21	8	326	326	5.72205e-06
21	9	460	460	0.000110626
21	10	11589	11589	0.000904083
21	11	8976	8976	0.000436783
21	12	257	257	1.90735e-06
21	13	16161	16161	0.000146866
21	14	338	338	7.82013e-05
21	15	22204	22204	0.00172997
21	16	13	13	0
21	17	50256	50256	0
22	5	17669	17669	0.000259399
22	6	23235	23235	0.000226974
22	7	40270	40270	0.000324249
22	8	284	284	2.09808e-05
22	9	530	530	1.90735e-06
22	10	11863	11863	0.00050354
22	11	22037	22037	0.000385284
22	12	13	13	1.90735e-06
22	13	50256	50256	0
23	5	1262	1262	8.01086e-05
23	6	4839	4839	0.000284195
23	7	12	12	1.90735e-06
23	8	29289	29289	0.000196457
23	9	15835	15835	0.000616074
23	10	13	13	0
23	11	50256	50256	0
24	5	286	286	0.000110626
24	6	4771	4771	0.000339508
24	7	326	326	3.62396e-05
24	8	1445	1445	0.000421524
24	9	739	739	0.000104904
24	10	511	511	1.33514e-05
24	11	898	898	6.10352e-05
24	12	3463	3463	4.57764e-05
24	13	13	13	0
24	14	50256	50256	0
25	5	976	976	0.000303268
25	6	355	355	0.000257492
25	7	1194	1194	0.000883102
25	8	1573	1573	0.000160217
25	9	475	475	0.000354767
25	10	460	460	0.000497818
25	11	13238	13238	0.000217438
25	12	287	287	1.90735e-06
25	13	3616	3616	0.000263214
25	14	393	393	7.62939e-06
25	15	24993	24993	4.3869e-05
25	16	13	13	0
25	17	50256	50256	0
26	5	8384	8384	4.57764e-05
26	6	319	319	0.000104904
26	7	5667	5667	0.000429153
26	8	11	11	7.62939e-06
26	9	8701	8701	0.000455856
26	10	274	274	0.000335693
26	11	11	11	4.00543e-05
26	12	290	290	2.09808e-05
26	13	584	584	3.62396e-05
26	14	4618	4618	0.000516891
26	15	2587	2587	6.29425e-05
26	16	13	13	0
26	17	50256	50256	0
27	5	284	284	5.91278e-05
27	6	4735	4735	0.000595093
27	7	318	318	7.24792e-05
27	8	1444	1444	0.000711441
27	9	32553	32553	0.000183105
27	10	13	13	0
27	11	50256	50256	0
28	5	287	287	1.14441e-05
28	6	257	257	9.72748e-05
28	7	269	269	0.00028801
28	8	8325	8325	0.000232697
28	9	298	298	0.000234604
28	10	5931	5931	0.000627518
28	11	6314	6314	0.000915527
28	12	13	13	0
28	13	50256	50256	0
29	5	25834	25834	0.00041008
29	6	17783	17783	0.000255585
29	7	7545	7545	0.000135422
29	8	3805	3805	0.000167847
29	9	1719	1719	0.000205994
29	10	645	645	0.000160217
29	11	37368	37368	6.67572e-05
29	12	13	13	0
29	13	50256	50256	0
30	5	6071	6071	0.000160217
30	6	2641	2641	0.000431061
30	7	257	257	0
30	8	24911	24911	3.24249e-05
30	9	13	13	0
30	10	50256	50256	0
31	5	12491	12491	0.000225067
31	6	265	265	0.00071907
31	7	318	318	0.000274658
31	8	407	407	2.86102e-05
31	9	257	257	0
31	10	1611	1611	0.000295639
31	11	286	286	1.52588e-05
31	12	17135	17135	0.000156403
31	13	13	13	1.14441e-05
31	14	50256	50256	0
32	5	11	11	6.29425e-05
32	6	262	262	0
32	7	9848	9848	6.29425e-05
32	8	286	286	1.90735e-06
32	9	14580	14580	0.000282288
32	10	21767	21767	0.000318527
32	11	262	262	0
32	12	9848	9848	0.000116348
32	13	286	286	0
32	14	18349	18349	6.10352e-05
32	15	13	13	1.90735e-06
32	16	50256	50256	0
33	5	1123	1123	0.000318527
33	6	584	584	0.000221252
33	7	1973	1973	0.000148773
33	8	262	262	2.09808e-05
33	9	41407	41407	4.3869e-05
33	10	286	286	0
33	11	47403	47403	3.62396e-05
33	12	13	13	0
33	13	50256	50256	0
34	5	416	416	0
34	6	2876	2876	0.000185013
34	7	3723	3723	7.43866e-05
34	8	290	290	3.8147e-06
34	9	27172	27172	0.000148773
34	10	3101	3101	0.000204086
34	11	267	267	0.000120163
34	12	265	265	0.000337601
34	13	21824	21824	0.00062561
34	14	13	13	0
34	15	50256	50256	0
35	5	663	663	5.14984e-05
35	6	9686	9686	0.000127792
35	7	290	290	7.62939e-05
35	8	6727	6727	0.000131607
35	9	10645	10645	1.71661e-05
35	10	13	13	0
35	11	50256	50256	0
36	5	11880	11880	0.000509262
36	6	5419	5419	3.8147e-05
36	7	340	340	4.00543e-05
36	8	2824	2824	0.000225067
36	9	5931	5931	0.000658035
36	10	1321	1321	0.000261307
36	11	422	422	2.86102e-05
36	12	663	663	9.53674e-06
36	13	21334	21334	0.000343323
36	14	13	13	0
36	15	50256	50256	0
37	5	287	287	3.05176e-05
37	6	262	262	1.90735e-06
37	7	8434	8434	8.58307e-05
37	8	1027	1027	0.000339508
37	9	4909	4909	0.000459671
37	10	23326	23326	0.000198364
37	11	4778	4778	0.000362396
37	12	2950	2950	3.24249e-05
37	13	287	287	7.62939e-06
37	14	4854	4854	3.43323e-05
37	15	13	13	0
37	16	50256	50256	0
38	5	2630	2630	9.72748e-05
38	6	262	262	0
38	7	5337	5337	0.000110626
38	8	44487	44487	0.000110626
38	9	9869	9869	0.00038147
38	10	12898	12898	3.62396e-05
38	11	546	546	0.000265121
38	12	257	257	1.90735e-06
38	13	8557	8557	0.000139236
38	14	7002	7002	0.000322342
38	15	13	13	0
38	16	50256	50256	0
39	5	257	257	8.2016e-05
39	6	38712	38712	0.000377655
39	7	460	460	0.000337601
39	8	6486	6486	0.000469208
39	9	379	379	0.000198364
39	10	845	845	0.0001297
39	11	1180	1180	8.39233e-05
39	12	18868	18868	0.000160217
39	13	422	422	1.90735e-05
39	14	3668	3668	5.72205e-05
39	15	13	13	0
39	16	50256	50256	0
40	5	976	976	0.000457764
40	6	1271	1271	0.000219345
40	7	286	286	1.90735e-06
40	8	28722	28722	7.62939e-05
40	9	355	355	3.62396e-05
40	10	1237	1237	0.000499725
40	11	684	684	0.000131607
40	12	13	13	1.90735e-06
40	13	50256	50256	0
41	5	5048	5048	0.000209808
41	6	82	82	0.00066185
41	7	4731	4731	0.000452042
41	8	1938	1938	0.00063324
41	9	284	284	3.8147e-05
41	10	458	458	9.53674e-05
41	11	1347	1347	0.000139236
41	12	2138	2138	3.62396e-05
41	13	621	621	2.28882e-05
41	14	9563	9563	8.96454e-05
41	15	262	262	0
41	16	13042	13042	0.000141144
41	17	13	13	0
41	18	50256	50256	0
42	5	1712	1712	0.00041008
42	6	32107	32107	0.000448227
42	7	1296	1296	0.000329971
42	8	262	262	1.90735e-06
42	9	20831	20831	0.000284195
42	10	24491	24491	0.000152588
42	11	22829	22829	0.000240326
42	12	13	13	0
42	13	50256	50256	0
43	5	3825	3825	0.000297546
43	6	318	318	5.72205e-06
43	7	1444	1444	4.00543e-05
43	8	262	262	3.8147e-06
43	9	2825	2825	0.000144958
43	10	22829	22829	6.29425e-05
43	11	13	13	0
43	12	50256	50256	0
44	5	262	262	1.90735e-06
44	6	3825	3825	5.14984e-05
44	7	11	11	3.8147e-06
44	8	21094	21094	0.000505447
44	9	468	468	0.000135422
44	10	257	257	7.43866e-05
44	11	37546	37546	0.00217056
44	12	2811	2811	0.00069046
44	13	4417	4417	0.000102997
44	14	13	13	0
44	15	50256	50256	0
45	5	257	257	7.62939e-06
45	6	5863	5863	0.00012207
45	7	670	670	6.29425e-05
45	8	416	416	1.90735e-05
45	9	12386	12386	6.10352e-05
45	10	46525	46525	8.39233e-05
45	11	13	13	0
45	12	50256	50256	0
46	5	262	262	2.28882e-05
46	6	9653	9653	0.00066185
46	7	326	326	6.29425e-05
46	8	8080	8080	0.000329971
46	9	607	607	0.000404358
46	10	18815	18815	4.3869e-05
46	11	13	13	0
46	12	50256	50256	0
47	5	422	422	1.90735e-06
47	6	826	826	3.8147e-05
47	7	284	284	1.14441e-05
47	8	1364	1364	5.34058e-05
47	9	13	13	0
47	10	50256	50256	0
48	5	1872	1872	0.000535965
48	6	389	389	0.000102997
48	7	3917	3917	0.000682831
48	8	351	351	1.90735e-06
48	9	12281	12281	0.000244141
48	10	64	64	6.86646e-05
48	11	399	399	0.000188828
48	12	9019	9019	0.000162125
48	13	13	13	0
48	14	50256	50256	0
49	5	257	257	7.24792e-05
49	6	1296	1296	0.000333786
49	7	286	286	3.24249e-05
49	8	31094	31094	0.000322342
49	9	11881	11881	0.000101089
49	10	13	13	0
49	11	50256	50256	0
50	5	17226	17226	0.000362396
50	6	1271	1271	9.34601e-05
50	7	286	286	9.91821e-05
50	8	597	597	0.000396729
50	9	5931	5931	1.33514e-05
50	10	5002	5002	0.000293732
50	11	13	13	7.62939e-06
50	12	50256	50256	0
51	5	422	422	3.8147e-06
51	6	262	262	0
51	7	15921	15921	0.000465393
51	8	286	286	1.52588e-05
51	9	19450	19450	2.86102e-05
51	10	7150	7150	0.000205994
51	11	13	13	0
51	12	50256	50256	0
52	5	25388	25388	0.000402451
52	6	3623	3623	0.000226974
52	7	284	284	1.52588e-05
52	8	1620	1620	0.00022316
52	9	12370	12370	0.000492096
52	10	670	670	0.000156403
52	11	13	13	1.90735e-06
52	12	50256	50256	0
53	5	262	262	1.14441e-05
53	6	6869	6869	0.000123978
53	7	7021	7021	0.000425339
53	8	636	636	0.000598907
53	9	393	393	5.72205e-06
53	10	477	477	0.000497818
53	11	286	286	3.8147e-06
53	12	262	262	0.000432968
53	13	3825	3825	3.05176e-05
53	14	422	422	0.000312805
53	15	1570	1570	2.67029e-05
53	16	13	13	0
53	17	50256	50256	0
54	5	393	393	7.82013e-05
54	6	7686	7686	0.000303268
54	7	3170	3170	1.90735e-05
54	8	422	422	3.8147e-06
54	9	5100	5100	0.000169754
54	10	18955	18955	8.2016e-05
54	11	4991	4991	7.82013e-05
54	12	13	13	0
54	13	50256	50256	0
55	5	3872	3872	0.000169754
55	6	3815	3815	0.00034523
55	7	884	884	0.00028038
55	8	355	355	5.72205e-06
55	9	2081	2081	8.58307e-05
55	10	290	290	1.90735e-06
55	11	3991	3991	0.000116348
55	12	13	13	0
55	13	50256	50256	0
56	5	6903	6903	0.000110626
56	6	286	286	5.72205e-06
56	7	1692	1692	0.000207901
56	8	2910	2910	0.00018692
56	9	13	13	1.90735e-06
56	10	50256	50256	0
57	5	287	287	0.000310898
57	6	2166	2166	0.000772476
57	7	286	286	7.43866e-05
57	8	663	663	1.71661e-05
57	9	3491	3491	0.000211716
57	10	460	460	2.86102e-05
57	11	2728	2728	0.000329971
57	12	257	257	1.90735e-06
57	13	40757	40757	0.000564575
57	14	19550	19550	0.000921249
57	15	287	287	1.33514e-05
57	16	262	262	8.2016e-05
57	17	3491	3491	0.000318527
57	18	338	338	0.000183105
57	19	22204	22204	0.000635147
57	20	13	13	0
57	21	50256	50256	0
58	5	3170	3170	7.24792e-05
58	6	12972	12972	0.000114441
58	7	43591	43591	0.000135422
58	8	355	355	0
58	9	15100	15100	3.8147e-05
58	10	16667	16667	9.15527e-05
58	11	1443	1443	4.00543e-05
58	12	13	13	0
58	13	50256	50256	0
59	5	1510	1510	0.000465393
59	6	400	400	0.000371933
59	7	286	286	3.8147e-06
59	8	257	257	7.62939e-06
59	9	4326	4326	0.00062561
59	10	13	13	0
59	11	50256	50256	0
60	5	735	735	0.000143051
60	6	460	460	0.000143051
60	7	10199	10199	5.53131e-05
60	8	284	284	1.90735e-06
60	9	5044	5044	4.00543e-05
60	10	9230	9230	2.47955e-05
60	11	13	13	0
60	12	50256	50256	0
61	5	290	290	3.8147e-06
61	6	38467	38467	0.00056076
61	7	5594	5594	0.000318527
61	8	284	284	9.53674e-05
61	9	262	262	0
61	10	304	304	9.72748e-05
61	11	2724	2724	0.000143051
61	12	560	560	0.00022316
61	13	6421	6421	0.000127792
61	14	13	13	0
61	15	50256	50256	0
62	5	13971	13971	0.000139236
62	6	9403	9403	0.000196457
62	7	42626	42626	0.000249863
62	8	3349	3349	0.000152588
62	9	739	739	0.000411987
62	10	11080	11080	0.000156403
62	11	3403	3403	0.000156403
62	12	13	13	0
62	13	50256	50256	0
63	5	7319	7319	0.000135422
63	6	16379	16379	4.19617e-05
63	7	13	13	0
63	8	50256	50256	0
64	5	47933	47933	0.000299454
64	6	832	832	0.000259399
64	7	257	257	0
64	8	8122	8122	0.000457764
64	9	13	13	0
64	10	50256	50256	0
65	5	2339	2339	0.000328064
65	6	8573	8573	9.53674e-05
65	7	326	326	4.95911e-05
65	8	1037	1037	0.000253677
65	9	606	606	0.000133514
65	10	7906	7906	0.000213623
65	11	832	832	4.76837e-05
65	12	262	262	0
65	13	1633	1633	0.00012207
65	14	13	13	0
65	15	50256	50256	0
66	5	262	262	9.15527e-05
66	6	5417	5417	6.67572e-05
66	7	832	832	9.72748e-05
66	8	257	257	7.82013e-05
66	9	25979	25979	0.000801086
66	10	287	287	3.24249e-05
66	11	10836	10836	0.000240326
66	12	13	13	0
66	13	50256	50256	0
67	5	286	286	5.72205e-06
67	6	7517	7517	0.000465393
67	7	11	11	0.000112534
67	8	319	319	0.000242233
67	9	262	262	3.8147e-06
67	10	5866	5866	0.000135422
67	11	406	406	0.000398636
67	12	733	733	0.000734329
67	13	2959	2959	0.00127792
67	14	13	13	7.62939e-06
67	15	50256	50256	0
68	5	4778	4778	0.000741959
68	6	326	326	1.90735e-06
68	7	3031	3031	0.000253677
68	8	284	284	9.53674e-06
68	9	15938	15938	0.000326157
68	10	26306	26306	0.000234604
68	11	287	287	0
68	12	40333	40333	8.2016e-05
68	13	13	13	0
68	14	50256	50256	0
69	5	284	284	2.09808e-05
69	6	45075	45075	0.000190735
69	7	262	262	1.90735e-06
69	8	1271	1271	4.19617e-05
69	9	286	286	1.90735e-06
69	10	23235	23235	0.000202179
69	11	286	286	5.72205e-06
69	12	1123	1123	0.000228882
69	13	5002	5002	0.000802994
69	14	13	13	0
69	15	50256	50256	0
70	5	287	287	9.53674e-06
70	6	663	663	3.8147e-06
70	7	13179	13179	0.000135422
70	8	13	13	0
70	9	50256	50256	0
71	5	3623	3623	0.00143433
71	6	11	11	6.48499e-05
71	7	8977	8977	0.0014801
71	8	11	11	0.000284195
71	9	290	290	0.00251007
71	10	3223	3223	0.000350952
71	11	2300	2300	0.000179291
71	12	1978	1978	0.000148773
71	13	287	287	3.8147e-06
71	14	27982	27982	1.52588e-05
71	15	13	13	3.8147e-06
71	16	50256	50256	0
72	5	11904	11904	2.86102e-05
72	6	832	832	4.76837e-05
72	7	2005	2005	0.000322342
72	8	83	83	0.000200272
72	9	654	654	0.000453949
72	10	393	393	2.09808e-05
72	11	584	584	4.95911e-05
72	12	7494	7494	0.000286102
72	13	876	876	0.000688553
72	14	8573	8573	4.57764e-05
72	15	13	13	0
72	16	50256	50256	0
73	5	5451	5451	9.34601e-05
73	6	3407	3407	8.7738e-05
73	7	262	262	1.14441e-05
73	8	25868	25868	7.05719e-05
73	9	5882	5882	3.43323e-05
73	10	1757	1757	6.67572e-05
73	11	7698	7698	4.76837e-05
73	12	13	13	0
73	13	50256	50256	0
74	5	351	351	1.33514e-05
74	6	7572	7572	2.86102e-05
74	7	286	286	3.8147e-06
74	8	4376	4376	0.000148773
74	9	22969	22969	0.000198364
74	10	13	13	0
74	11	50256	50256	0
75	5	24866	24866	0.000253677
75	6	284	284	1.90735e-05
75	7	257	257	0
75	8	2440	2440	0.000553131
75	9	11067	11067	0.000185013
75	10	7078	7078	0.000162125
75	11	13	13	0
75	12	50256	50256	0
76	5	13020	13020	0.000175476
76	6	34262	34262	5.53131e-05
76	7	422	422	0.000219345
76	8	257	257	3.05176e-05
76	9	8701	8701	0.00157738
76	10	13	13	0
76	11	50256	50256	0
77	5	2826	2826	0.00210762
77	6	351	351	1.90735e-06
77	7	663	663	1.33514e-05
77	8	1767	1767	0.000947952
77	9	4855	4855	0.000148773
77	10	1022	1022	4.19617e-05
77	11	262	262	0
77	12	2137	2137	0.000398636
77	13	338	338	0.000127792
77	14	14475	14475	2.09808e-05
77	15	13	13	0.000123978
77	16	50256	50256	0
78	5	11061	11061	0.000249863
78	6	257	257	4.76837e-05
78	7	37327	37327	0.000131607
78	8	4645	4645	4.57764e-05
78	9	1900	1900	7.62939e-06
78	10	355	355	5.72205e-06
78	11	262	262	7.62939e-06
78	12	6124	6124	0.000394821
78	13	6391	6391	0.000829697
78	14	17180	17180	7.24792e-05
78	15	13	13	5.72205e-06
78	16	50256	50256	0
79	5	351	351	0.000139236
79	6	281	281	0.000188828
79	7	30690	30690	0.000499725
79	8	6082	6082	0.00034523
79	9	286	286	1.90735e-06
79	10	5186	5186	0.000125885
79	11	3877	3877	4.19617e-05
79	12	13	13	0
79	13	50256	50256	0
80	5	6342	6342	0.000133514
80	6	11	11	7.62939e-06
80	7	257	257	6.10352e-05
80	8	1748	1748	0.000476837
80	9	319	319	9.53674e-06
80	10	262	262	1.14441e-05
80	11	1001	1001	0.000377655
80	12	500	500	0.000282288
80	13	13	13	3.8147e-06
80	14	50256	50256	0
81	5	1141	1141	0.000164032
81	6	262	262	0
81	7	1110	1110	0.000192642
81	8	618	618	0.000307083
81	9	1956	1956	0.000320435
81	10	1175	1175	0.000131607
81	11	907	907	0.000404358
81	12	5443	5443	0.000225067
81	13	621	621	9.34601e-05
81	14	6716	6716	0.00030899
81	15	1660	1660	0.000200272
81	16	13	13	0
81	17	50256	50256	0
82	5	10157	10157	0.000106812
82	6	549	549	9.53674e-05
82	7	32653	32653	0.000165939
82	8	297	297	0.000202179
82	9	544	544	0.000202179
82	10	7813	7813	4.57764e-05
82	11	37834	37834	2.47955e-05
82	12	13	13	0
82	13	50256	50256	0
83	5	1271	1271	0.000185013
83	6	4249	4249	0.000701904
83	7	257	257	5.72205e-06
83	8	4633	4633	0.000143051
83	9	1271	1271	5.72205e-05
83	10	13	13	2.47955e-05
83	11	50256	50256	0
84	5	3139	3139	0.000104904
84	6	286	286	7.62939e-06
84	7	10836	10836	0.00060463
84	8	11	11	9.53674e-06
84	9	287	287	1.33514e-05
84	10	262	262	9.53674e-06
84	11	1499	1499	0.000175476
84	12	338	338	0.000238419
84	13	5093	5093	8.96454e-05
84	14	13	13	0
84	15	50256	50256	0
85	5	19812	19812	0.0001297
85	6	20775	20775	0.000152588
85	7	25730	25730	0.000169754
85	8	17628	17628	0.000205994
85	9	13	13	0
85	10	50256	50256	0
86	5	318	318	3.8147e-05
86	6	4635	4635	0.0001297
86	7	416	416	1.90735e-06
86	8	38797	38797	0.000112534
86	9	278	278	0.000436783
86	10	37624	37624	0.000211716
86	11	41266	41266	0.000432968
86	12	351	351	2.09808e-05
86	13	8268	8268	0.000576019
86	14	13	13	0
86	15	50256	50256	0
87	5	262	262	1.14441e-05
87	6	10359	10359	4.19617e-05
87	7	290	290	1.33514e-05
87	8	262	262	0
87	9	10329	10329	5.53131e-05
87	10	13	13	0
87	11	50256	50256	0
88	5	11685	11685	9.91821e-05
88	6	286	286	2.28882e-05
88	7	18190	18190	6.67572e-05
88	8	290	290	9.53674e-06
88	9	511	511	5.91278e-05
88	10	3585	3585	8.7738e-05
88	11	6116	6116	3.8147e-05
88	12	13	13	0
88	13	50256	50256	0
89	5	18044	18044	0.000160217
89	6	1633	1633	7.05719e-05
89	7	832	832	2.47955e-05
89	8	511	511	1.90735e-06
89	9	6611	6611	4.3869e-05
89	10	28439	28439	5.91278e-05
89	11	13	13	0
89	12	50256	50256	0
90	5	15061	15061	8.39233e-05
90	6	36402	36402	0.000268936
90	7	286	286	3.8147e-06
90	8	257	257	1.90735e-05
90	9	19690	19690	0.000101089
90	10	5509	5509	0.000169754
90	11	13	13	0
90	12	50256	50256	0
91	5	11	11	0.000104904
91	6	1690	1690	0.000528336
91	7	41266	41266	0.000131607
91	8	393	393	1.90735e-05
91	9	2511	2511	0.000234604
91	10	680	680	0.000276566
91	11	11	11	2.86102e-05
91	12	351	351	1.14441e-05
91	13	1622	1622	9.72748e-05
91	14	654	654	0.000110626
91	15	13	13	0
91	16	50256	50256	0
92	5	4104	4104	0.000198364
92	6	1088	1088	0.0001297
92	7	17648	17648	0.000278473
92	8	290	290	9.53674e-06
92	9	832	832	0.000858307
92	10	28431	28431	0.000299454
92	11	13	13	0
92	12	50256	50256	0
93	5	257	257	2.67029e-05
93	6	2139	2139	0.000495911
93	7	3170	3170	1.14441e-05
93	8	319	319	5.34058e-05
93	9	262	262	5.72205e-06
93	10	5230	5230	7.62939e-05
93	11	2138	2138	0.000143051
93	12	621	621	3.05176e-05
93	13	257	257	1.52588e-05
93	14	6171	6171	0.00044632
93	15	5177	5177	0.000263214
93	16	329	329	8.58307e-05
93	17	262	262	0
93	18	5230	5230	0.000156403
93	19	13	13	0
93	20	50256	50256	0
94	5	6588	6588	0.000356674
94	6	17556	17556	0.000310898
94	7	326	326	1.90735e-06
94	8	5419	5419	0.000116348
94	9	8509	8509	0.00031662
94	10	15756	15756	6.48499e-05
94	11	4485	4485	2.67029e-05
94	12	13	13	0
94	13	50256	50256	0
95	5	11073	11073	0.000408173
95	6	281	281	4.3869e-05
95	7	772	772	0.000427246
95	8	18253	18253	6.29425e-05
95	9	13	13	1.90735e-06
95	10	50256	50256	0
96	5	318	318	3.62396e-05
96	6	262	262	0.000226974
96	7	1218	1218	0.000179291
96	8	13	13	0
96	9	50256	50256	0
97	5	262	262	0
97	6	20938	20938	0.000696182
97	7	7679	7679	0.000764847
97	8	1444	1444	1.71661e-05
97	9	262	262	3.8147e-06
97	10	14673	14673	0.000225067
97	11	22829	22829	2.67029e-05
97	12	13	13	0
97	13	50256	50256	0
98	5	6870	6870	0.000871658
98	6	8787	8787	0.000139236
98	7	1231	1231	6.29425e-05
98	8	38875	38875	0.000152588
98	9	1123	1123	6.48499e-05
98	10	4637	4637	5.72205e-05
98	11	257	257	8.01086e-05
98	12	4571	4571	4.95911e-05
98	13	13	13	0
98	14	50256	50256	0
99	5	2138	2138	1.71661e-05
99	6	621	621	0.000265121
99	7	1660	1660	4.19617e-05
99	8	11	11	3.8147e-06
99	9	287	287	5.34058e-05
99	10	511	511	4.76837e-05
99	11	1311	1311	0.000120163
99	12	862	862	0.000427246
99	13	13	13	0
99	14	50256	50256	0
100	5	1514	1514	0.000419617
100	6	3096	3096	0.000843048
100	7	468	468	9.15527e-05
100	8	43063	43063	0.000362396
100	9	3951	3951	0.00018692
100	10	287	287	1.90735e-06
100	11	1123	1123	0.000318527
100	12	4571	4571	0.000112534
100	13	13	13	0
100	14	50256	50256	0
101	5	48573	48573	0.000349045
101	6	6134	6134	9.53674e-05
101	7	16573	16573	0.000185013
101	8	284	284	5.72205e-06
101	9	1204	1204	0.000301361
101	10	11061	11061	0.000297546
101	11	32085	32085	6.67572e-05
101	12	729	729	8.39233e-05
101	13	13	13	1.90735e-06
101	14	50256	50256	0
102	5	9197	9197	0.000766754
102	6	8320	8320	0.000865936
102	7	689	689	8.01086e-05
102	8	772	772	0.000320435
102	9	611	611	0.00025177
102	10	663	663	1.90735e-06
102	11	2866	2866	0.0018692
102	12	14768	14768	0.000720978
102	13	6937	6937	0.000537872
102	14	13	13	0
102	15	50256	50256	0
103	5	1660	1660	0.000360489
103	6	40169	40169	0.000391006
103	7	379	379	1.90735e-05
103	8	257	257	2.86102e-05
103	9	2793	2793	0.000530243
103	10	5951	5951	0.000457764
103	11	13	13	0
103	12	50256	50256	0
104	5	262	262	0
104	6	23902	23902	5.53131e-05
104	7	23642	23642	8.01086e-05
104	8	16161	16161	9.34601e-05
104	9	1444	1444	1.33514e-05
104	10	262	262	0
104	11	34822	34822	2.47955e-05
104	12	6378	6378	2.86102e-05
104	13	13	13	0
104	14	50256	50256	0
105	5	1022	1022	5.72205e-05
105	6	4237	4237	0.000164032
105	7	290	290	3.8147e-06
105	8	3957	3957	0.000104904
105	9	393	393	3.8147e-06
105	10	6143	6143	0.000198364
105	11	21379	21379	8.7738e-05
105	12	13	13	0
105	13	50256	50256	0
106	5	262	262	0
106	6	22088	22088	0.000585556
106	7	291	291	0.000110626
106	8	13061	13061	0.000555038
106	9	21072	21072	0.000112534
106	10	44921	44921	0.000236511
106	11	13	13	0
106	12	50256	50256	0
107	5	1660	1660	0.000274658
107	6	287	287	0
107	7	6546	6546	0.000102997
107	8	2945	2945	0.000232697
107	9	5667	5667	0.000196457
107	10	11	11	3.62396e-05
107	11	21552	21552	0.00015831
107	12	11	11	5.72205e-06
107	13	393	393	0.0001297
107	14	11135	11135	0.000146866
107	15	13	13	0
107	16	50256	50256	0
108	5	7627	7627	0.000175476
108	6	904	904	0.000125885
108	7	656	656	1.52588e-05
108	8	262	262	1.90735e-06
108	9	10596	10596	5.14984e-05
108	10	10692	10692	9.72748e-05
108	11	13	13	0
108	12	50256	50256	0
109	5	262	262	3.24249e-05
109	6	16577	16577	0.000232697
109	7	15921	15921	0.000127792
109	8	286	286	3.05176e-05
109	9	257	257	2.47955e-05
109	10	14281	14281	0.000236511
109	11	17793	17793	6.29425e-05
109	12	13	13	0
109	13	50256	50256	0
110	5	41917	41917	0.000228882
110	6	9978	9978	0.00034523
110	7	326	326	5.72205e-06
110	8	460	460	5.34058e-05
110	9	3650	3650	0.000511169
110	10	290	290	4.76837e-05
110	11	21937	21937	0.000196457
110	12	24284	24284	0.00018692
110	13	17794	17794	0.000234604
110	14	286	286	0
110	15	34573	34573	0.000114441
110	16	13	13	0
110	17	50256	50256	0
111	5	6591	6591	0.000141144
111	6	1080	1080	9.34601e-05
111	7	11	11	0
111	8	22721	22721	6.67572e-05
111	9	468	468	5.91278e-05
111	10	262	262	0.000104904
111	11	6000	6000	0.000150681
111	12	2347	2347	0.000190735
111	13	13	13	0
111	14	50256	50256	0
112	5	34616	34616	5.53131e-05
112	6	29120	29120	0.000108719
112	7	656	656	1.71661e-05
112	8	262	262	5.72205e-06
112	9	1402	1402	0.000160217
112	10	45426	45426	0.00025177
112	11	13	13	0
112	12	50256	50256	0
113	5	3625	3625	0.000320435
113	6	329	329	1.52588e-05
113	7	3356	3356	0.000253677
113	8	290	290	1.90735e-06
113	9	13017	13017	0.000188828
113	10	13	13	0
113	11	50256	50256	0
114	5	8122	8122	0.000265121
114	6	11	11	0.00078392
114	7	9472	9472	0.000459671
114	8	663	663	0
114	9	8434	8434	6.67572e-05
114	10	4755	4755	0.000297546
114	11	318	318	1.33514e-05
114	12	4735	4735	0.000602722
114	13	13	13	4.19617e-05
114	14	50256	50256	0
115	5	8802	8802	0.000242233
115	6	19079	19079	0.000246048
115	7	1998	1998	0.000177383
115	8	6697	6697	0.000312805
115	9	7028	7028	0.000160217
115	10	13	13	1.90735e-06
115	11	50256	50256	0
116	5	274	274	0.000495911
116	6	13617	13617	0.000207901
116	7	278	278	0.000143051
116	8	329	329	5.72205e-06
116	9	1103	1103	0.000133514
116	10	3146	3146	0.000307083
116	11	13	13	0
116	12	50256	50256	0
117	5	13204	13204	0.000555038
117	6	4991	4991	0.000291824
117	7	286	286	0
117	8	2877	2877	0.000217438
117	9	20296	20296	0.000160217
117	10	13	13	3.8147e-06
117	11	50256	50256	0
118	5	281	281	0.000164032
118	6	1633	1633	0.000236511
118	7	1014	1014	0.000364304
118	8	1022	1022	8.01086e-05
118	9	262	262	0
118	10	300	300	0.000183105
118	11	38621	38621	0.000257492
118	12	87	87	0.00108719
118	13	290	290	1.90735e-06
118	14	262	262	0
118	15	18443	18443	0.000104904
118	16	11072	11072	8.58307e-05
118	17	13	13	0
118	18	50256	50256	0
119	5	9460	9460	0.000646591
119	6	293	293	0.000501633
119	7	9280	9280	0.000509262
119	8	48556	48556	0.000574112
119	9	1321	1321	0.000225067
119	10	546	546	0.000246048
119	11	262	262	0
119	12	4067	4067	0.000175476
119	13	286	286	0
119	14	2057	2057	0.000205994
119	15	13	13	0
119	16	50256	50256	0
120	5	17522	17522	0.00113487
120	6	318	318	4.76837e-05
120	7	5017	5017	0.000801086
120	8	351	351	0.000108719
120	9	16252	16252	0.000656128
120	10	13	13	0
120	11	50256	50256	0
121	5	257	257	0.000556946
121	6	2393	2393	0.0049057
121	7	338	338	1.33514e-05
121	8	5794	5794	0.006073
121	9	11	11	0.000787735
121	10	475	475	0.000434875
121	11	340	340	0.000600815
121	12	857	857	0.000495911
121	13	407	407	0.000131607
121	14	9149	9149	0.000307083
121	15	326	326	4.3869e-05
121	16	5794	5794	0.00371361
121	17	13	13	8.01086e-05
121	18	50256	50256	0
122	5	262	262	1.14441e-05
122	6	3139	3139	1.71661e-05
122	7	286	286	0
122	8	21506	21506	2.09808e-05
122	9	287	287	5.72205e-06
122	10	3687	3687	6.67572e-05
122	11	5478	5478	0.000133514
122	12	13	13	0
122	13	50256	50256	0
123	5	16021	16021	0.000764847
123	6	11447	11447	0.000120163
123	7	10717	10717	0.000339508
123	8	1444	1444	0.000181198
123	9	257	257	0.0001297
123	10	9529	9529	0.00015831
123	11	528	528	0.000154495
123	12	462	462	0.000144958
123	13	13	13	0
123	14	50256	50256	0
124	5	866	866	0.000164032
124	6	2636	2636	0.000175476
124	7	20296	20296	0.000219345
124	8	290	290	3.62396e-05
124	9	48914	48914	0.000144958
124	10	20901	20901	0.000144958
124	11	832	832	5.72205e-06
124	12	30020	30020	3.05176e-05
124	13	13	13	0
124	14	50256	50256	0
125	5	82	82	7.82013e-05
125	6	262	262	2.28882e-05
125	7	2989	2989	0.000358582
125	8	16654	16654	3.43323e-05
125	9	287	287	9.53674e-06
125	10	257	257	1.33514e-05
125	11	23243	23243	0.000123978
125	12	8379	8379	0.000112534
125	13	13	13	0
125	14	50256	50256	0
126	5	3519	3519	0.000328064
126	6	1171	1171	0.000120163
126	7	290	290	6.10352e-05
126	8	2839	2839	4.95911e-05
126	9	8251	8251	8.39233e-05
126	10	13	13	0
126	11	50256	50256	0
127	5	318	318	5.72205e-06
127	6	1444	1444	2.28882e-05
127	7	32896	32896	0.000305176
127	8	14596	14596	0.000141144
127	9	13	13	0
127	10	50256	50256	0
128	5	925	925	5.53131e-05
128	6	7525	7525	0.000312805
128	7	422	422	6.48499e-05
128	8	15317	15317	0.000297546
128	9	290	290	3.24249e-05
128	10	31861	31861	5.53131e-05
128	11	13	13	0
128	12	50256	50256	0
129	5	257	257	8.01086e-05
129	6	7226	7226	7.62939e-05
129	7	21264	21264	0.00116348
129	8	36264	36264	0.000335693
129	9	36869	36869	0.000286102
129	10	21126	21126	0.000209808
129	11	7405	7405	0.00019455
129	12	290	290	3.62396e-05
129	13	14754	14754	0.000335693
129	14	663	663	0.000226974
129	15	7894	7894	0.000484467
129	16	13	13	0
129	17	50256	50256	0
130	5	290	290	5.72205e-05
130	6	17298	17298	0.000473022
130	7	287	287	3.8147e-06
130	8	262	262	0
130	9	7976	7976	0.000398636
130	10	2436	2436	0.000421524
130	11	26676	26676	0.000135422
130	12	13	13	9.53674e-06
130	13	50256	50256	0
131	5	389	389	0.000268936
131	6	262	262	0
131	7	717	717	0.000314713
131	8	9403	9403	0.000343323
131	9	5667	5667	0.000183105
131	10	286	286	1.90735e-06
131	11	257	257	7.62939e-06
131	12	4618	4618	0.000179291
131	13	39880	39880	0.000268936
131	14	13	13	5.72205e-06
131	15	50256	50256	0
132	5	4847	4847	0.000228882
132	6	287	287	2.09808e-05
132	7	5788	5788	0.000265121
132	8	416	416	6.67572e-05
132	9	17247	17247	0.000118256
132	10	7572	7572	0.000112534
132	11	286	286	0
132	12	37410	37410	0.000196457
132	13	3951	3951	0.00031662
132	14	13	13	0
132	15	50256	50256	0
133	5	7667	7667	0.000137329
133	6	8598	8598	5.53131e-05
133	7	16069	16069	8.58307e-05
133	8	13	13	1.90735e-06
133	9	50256	50256	0
134	5	9260	9260	0.000228882
134	6	1577	1577	0.000200272
134	7	262	262	3.8147e-06
134	8	5440	5440	0.00025177
134	9	663	663	9.53674e-06
134	10	14688	14688	0.000274658
134	11	680	680	0.000148773
134	12	5585	5585	1.52588e-05
134	13	13	13	0
134	14	50256	50256	0
135	5	389	389	0.000278473
135	6	1036	1036	0.000120163
135	7	515	515	0.000164032
135	8	284	284	3.05176e-05
135	9	787	787	0.000177383
135	10	257	257	0.000232697
135	11	279	279	0.00015831
135	12	2150	2150	0.000253677
135	13	298	298	0.00015831
135	14	1779	1779	0.000268936
135	15	3681	3681	6.48499e-05
135	16	13	13	0
135	17	50256	50256	0
136	5	24830	24830	0.000463486
136	6	287	287	1.71661e-05
136	7	543	543	0.000558853
136	8	1123	1123	5.14984e-05
136	9	6194	6194	0.000574112
136	10	2391	2391	0.000402451
136	11	6870	6870	0.000236511
136	12	530	530	1.52588e-05
136	13	44278	44278	0.000839233
136	14	415	415	0.000488281
136	15	393	393	1.90735e-05
136	16	48617	48617	9.15527e-05
136	17	13	13	0
136	18	50256	50256	0
137	5	3473	3473	0.000417709
137	6	5688	5688	0.00121689
137	7	286	286	1.14441e-05
137	8	12925	12925	0.000211716
137	9	5207	5207	0.000179291
137	10	286	286	1.33514e-05
137	11	1660	1660	0.000545502
137	12	4771	4771	0.000291824
137	13	13	13	0
137	14	50256	50256	0
138	5	3825	3825	0.000457764
138	6	338	338	2.86102e-05
138	7	4755	4755	0.000366211
138	8	26161	26161	0.000997543
138	9	17669	17669	0.000268936
138	10	656	656	3.8147e-06
138	11	43142	43142	0.00018692
138	12	290	290	0.000495911
138	13	10050	10050	0.000471115
138	14	2568	2568	0.000354767
138	15	13	13	1.90735e-06
138	16	50256	50256	0
139	5	3881	3881	0.000255585
139	6	326	326	1.90735e-05
139	7	460	460	0.000366211
139	8	47577	47577	0.000715256
139	9	6364	6364	0.000154495
139	10	625	625	0.000244141
139	11	41917	41917	0.000465393
139	12	1661	1661	0.00031662
139	13	66	66	0.000234604
139	14	2040	2040	0.000133514
139	15	13	13	0
139	16	50256	50256	0
140	5	286	286	3.8147e-05
140	6	28722	28722	6.10352e-05
140	7	287	287	3.8147e-06
140	8	257	257	1.90735e-06
140	9	5931	5931	1.71661e-05
140	10	6317	6317	2.86102e-05
140	11	13	13	0
140	12	50256	50256	0
141	5	5002	5002	5.14984e-05
141	6	326	326	3.8147e-05
141	7	318	318	0.000198364
141	8	8122	8122	0.000118256
141	9	379	379	2.67029e-05
141	10	8850	8850	3.8147e-06
141	11	2119	2119	4.3869e-05
141	12	5951	5951	0.000255585
141	13	13	13	0
141	14	50256	50256	0
142	5	284	284	4.3869e-05
142	6	22792	22792	0.000322342
142	7	962	962	0.000501633
142	8	2763	2763	0.000829697
142	9	403	403	0.000328064
142	10	338	338	3.05176e-05
142	11	22234	22234	0.0001297
142	12	287	287	2.28882e-05
142	13	36094	36094	5.34058e-05
142	14	13	13	0
142	15	50256	50256	0
143	5	38467	38467	0.000154495
143	6	1296	1296	7.82013e-05
143	7	1969	1969	0.000213623
143	8	15814	15814	0.000143051
143	9	351	351	9.53674e-06
143	10	262	262	1.52588e-05
143	11	11135	11135	3.24249e-05
143	12	286	286	1.90735e-06
143	13	6134	6134	7.24792e-05
143	14	13	13	0
143	15	50256	50256	0
144	5	262	262	3.8147e-06
144	6	39522	39522	0.000135422
144	7	286	286	7.62939e-06
144	8	1568	1568	0.000196457
144	9	4795	4795	8.96454e-05
144	10	10752	10752	0.000123978
144	11	12153	12153	8.39233e-05
144	12	274	274	0.000167847
144	13	13	13	1.33514e-05
144	14	50256	50256	0
145	5	319	319	0.000490189
145	6	2995	2995	0.000244141
145	7	1141	1141	8.39233e-05
145	8	262	262	0
145	9	44695	44695	0.000146866
145	10	1810	1810	8.2016e-05
145	11	13	13	0
145	12	50256	50256	0
146	5	48440	48440	0.000143051
146	6	11904	11904	1.52588e-05
146	7	973	973	0.000425339
146	8	355	355	0.000131607
146	9	257	257	2.67029e-05
146	10	25721	25721	4.95911e-05
146	11	13	13	0
146	12	50256	50256	0
147	5	319	319	1.14441e-05
147	6	46376	46376	0.000127792
147	7	11	11	3.8147e-06
147	8	16083	16083	0.000228882
147	9	981	981	0.000102997
147	10	262	262	1.90735e-06
147	11	46376	46376	0.000162125
147	12	318	318	5.72205e-06
147	13	9583	9583	0.000116348
147	14	13	13	0
147	15	50256	50256	0
148	5	9779	9779	0.000207901
148	6	318	318	0.000520706
148	7	257	257	2.28882e-05
148	8	7446	7446	0.000112534
148	9	8379	8379	4.00543e-05
148	10	326	326	0.000123978
148	11	22625	22625	9.53674e-06
148	12	284	284	1.71661e-05
148	13	257	257	1.52588e-05
148	14	10345	10345	0.000116348
148	15	1720	1720	0.00037384
148	16	13	13	0
148	17	50256	50256	0
149	5	1254	1254	0.000242233
149	6	3463	3463	0.000379562
149	7	1203	1203	0.000606537
149	8	780	780	0.000371933
149	9	484	484	0.000347137
149	10	290	290	7.62939e-06
149	11	511	511	6.67572e-05
149	12	16807	16807	0.000183105
149	13	389	389	0.000183105
149	14	17282	17282	0.00012207
149	15	7463	7463	0.000204086
149	16	1978	1978	0.000207901
149	17	13	13	1.33514e-05
149	18	50256	50256	0
150	5	262	262	1.71661e-05
150	6	6697	6697	0.000459671
150	7	4571	4571	0.000326157
150	8	422	422	9.53674e-06
150	9	749	749	0.000108719
150	10	584	584	0.000253677
150	11	14705	14705	0.00075531
150	12	287	287	3.8147e-06
150	13	674	674	0.00038147
150	14	6591	6591	0.000391006
150	15	1080	1080	0.000162125
150	16	13	13	0
150	17	50256	50256	0
151	5	287	287	1.71661e-05
151	6	10598	10598	0.000127792
151	7	287	287	0
151	8	5846	5846	0.000108719
151	9	37078	37078	3.24249e-05
151	10	13	13	0
151	11	50256	50256	0
152	5	9505	9505	0.000278473
152	6	379	379	0.000164032
152	7	262	262	0
152	8	5645	5645	0.000148773
152	9	286	286	7.62939e-06
152	10	11945	11945	2.86102e-05
152	11	287	287	3.8147e-06
152	12	867	867	4.57764e-05
152	13	24039	24039	4.57764e-05
152	14	13	13	0
152	15	50256	50256	0
153	5	3106	3106	0.00053215
153	6	36186	36186	0.00097847
153	7	326	326	0.00062561
153	8	4909	4909	0.000377655
153	9	6588	6588	0.000217438
153	10	13	13	0
153	11	50256	50256	0
154	5	2630	2630	0.000146866
154	6	262	262	9.53674e-06
154	7	711	711	0.000183105
154	8	1900	1900	2.47955e-05
154	9	355	355	3.62396e-05
154	10	383	383	0.000236511
154	11	23165	23165	0.000198364
154	12	1471	1471	9.53674e-05
154	13	30215	30215	0.000131607
154	14	13	13	0
154	15	50256	50256	0
155	5	1497	1497	0.000123978
155	6	422	422	0.000238419
155	7	262	262	0
155	8	2612	2612	0.000423431
155	9	11	11	1.90735e-06
155	10	7692	7692	9.34601e-05
155	11	286	286	1.90735e-05
155	12	663	663	3.8147e-05
155	13	11863	11863	0.00097847
155	14	2695	2695	6.29425e-05
155	15	13	13	0
155	16	50256	50256	0
156	5	21718	21718	0.000469208
156	6	6296	6296	0.00041008
156	7	1474	1474	0.000190735
156	8	6342	6342	0.000169754
156	9	287	287	0.000160217
156	10	4881	4881	0.000297546
156	11	13	13	0
156	12	50256	50256	0
157	5	257	257	0.000156403
157	6	2060	2060	0.000244141
157	7	19078	19078	0.000371933
157	8	1143	1143	0.000375748
157	9	5935	5935	0.000219345
157	10	326	326	9.53674e-06
157	11	36319	36319	8.7738e-05
157	12	656	656	8.96454e-05
157	13	4553	4553	0.000148773
157	14	39966	39966	0.000141144
157	15	13	13	5.72205e-06
157	16	50256	50256	0
158	5	257	257	0.000307083
158	6	4553	4553	0.000171661
158	7	13239	13239	0.000135422
158	8	422	422	1.90735e-06
158	9	6134	6134	0.000101089
158	10	290	290	2.09808e-05
158	11	4695	4695	6.10352e-05
158	12	13	13	0
158	13	50256	50256	0
159	5	881	881	5.72205e-05
159	6	286	286	3.8147e-06
159	7	21673	21673	0.000297546
159	8	338	338	1.90735e-05
159	9	6156	6156	0.000137329
159	10	26898	26898	0.000123978
159	11	4417	4417	2.28882e-05
159	12	13	13	0
159	13	50256	50256	0
160	5	262	262	5.72205e-06
160	6	1180	1180	0.000253677
160	7	4069	4069	0.000267029
160	8	286	286	2.09808e-05
160	9	3056	3056	0.000160217
160	10	290	290	0
160	11	1660	1660	9.15527e-05
160	12	319	319	1.14441e-05
160	13	7815	7815	0.000204086
160	14	13	13	0
160	15	50256	50256	1.14441e-05
161	5	11	11	1.71661e-05
161	6	262	262	1.14441e-05
161	7	3825	3825	0.000221252
161	8	24234	24234	0.000324249
161	9	262	262	1.90735e-06
161	10	33258	33258	0.000368118
161	11	1602	1602	0.00043869
161	12	1352	1352	5.53131e-05
161	13	13	13	0
161	14	50256	50256	0
162	5	45656	45656	0.000101089
162	6	621	621	5.14984e-05
162	7	7424	7424	0.000364304
162	8	2266	2266	9.91821e-05
162	9	1657	1657	6.29425e-05
162	10	13	13	1.90735e-06
162	11	50256	50256	0
163	5	925	925	0.000160217
163	6	510	510	0.000473022
163	7	286	286	1.90735e-06
163	8	30362	30362	0.000337601
163	9	16057	16057	9.72748e-05
163	10	68	68	0.000234604
163	11	13	13	0
163	12	50256	50256	0
164	5	3356	3356	0.000516891
164	6	286	286	8.2016e-05
164	7	15938	15938	0.000230789
164	8	656	656	7.62939e-05
164	9	290	290	1.52588e-05
164	10	503	503	0.000167847
164	11	286	286	6.67572e-05
164	12	257	257	7.05719e-05
164	13	2685	2685	0.000638962
164	14	13	13	1.90735e-06
164	15	50256	50256	0
165	5	5732	5732	0.00037384
165	6	351	351	3.62396e-05
165	7	262	262	7.62939e-06
165	8	6616	6616	0.000638962
165	9	286	286	0
165	10	663	663	1.90735e-06
165	11	2866	2866	0.000947952
165	12	287	287	0.000164032
165	13	15993	15993	5.53131e-05
165	14	12933	12933	7.05719e-05
165	15	13	13	1.33514e-05
165	16	50256	50256	0
166	5	286	286	2.28882e-05
166	6	15317	15317	0.000165939
166	7	290	290	3.8147e-06
166	8	19783	19783	3.43323e-05
166	9	13	13	0
166	10	50256	50256	0
167	5	5366	5366	0.000179291
167	6	286	286	6.10352e-05
167	7	262	262	1.33514e-05
167	8	7022	7022	0.000640869
167	9	286	286	3.8147e-06
167	10	347	347	5.14984e-05
167	11	8553	8553	0.000318527
167	12	78	78	0.000616074
167	13	13	13	0
167	14	50256	50256	0
168	5	286	286	1.52588e-05
168	6	5186	5186	0.000141144
168	7	3877	3877	8.58307e-05
168	8	13	13	0
168	9	50256	50256	1.90735e-06
169	5	1768	1768	0.000133514
169	6	3994	3994	0.000190735
169	7	262	262	1.90735e-06
169	8	13204	13204	0.000497818
169	9	7532	7532	0.000120163
169	10	41927	41927	0.000104904
169	11	10680	10680	8.7738e-05
169	12	13	13	0
169	13	50256	50256	0
170	5	3139	3139	0.000209808
170	6	286	286	5.91278e-05
170	7	29638	29638	0.00066185
170	8	11	11	4.57764e-05
170	9	2138	2138	0.00136948
170	10	621	621	2.47955e-05
170	11	11294	11294	0.00021553
170	12	23117	23117	0.000101089
170	13	42124	42124	0.000139236
170	14	13	13	0
170	15	50256	50256	0
171	5	338	338	0.000179291
171	6	383	383	0.000171661
171	7	9467	9467	0.000162125
171	8	13274	13274	5.53131e-05
171	9	286	286	1.33514e-05
171	10	14059	14059	0.000110626
171	11	3407	3407	0.000127792
171	12	24203	24203	7.24792e-05
171	13	29906	29906	2.28882e-05
171	14	13	13	0
171	15	50256	50256	0
172	5	12	12	0.000919342
172	6	2164	2164	0.00103378
172	7	1328	1328	0.000434875
172	8	31513	31513	0.000398636
172	9	3881	3881	0.000377655
172	10	2219	2219	0.000886917
172	11	287	287	4.19617e-05
172	12	9151	9151	0.00066185
172	13	291	291	0.000335693
172	14	20048	20048	0.000370026
172	15	13	13	0
172	16	50256	50256	0
173	5	1115	1115	0.000635147
173	6	11954	11954	0.000516891
173	7	11	11	0
173	8	734	734	0.000139236
173	9	8901	8901	0.000499725
173	10	2910	2910	0.000265121
173	11	832	832	1.52588e-05
173	12	663	663	0.000192642
173	13	308	308	0.00022316
173	14	2171	2171	5.91278e-05
173	15	13	13	0
173	16	50256	50256	0
174	5	12278	12278	0.000642776
174	6	17655	17655	0.00422859
174	7	1626	1626	0.00222588
174	8	15114	15114	0.000909805
174	9	393	393	0.000146866
174	10	1022	1022	0.00028038
174	11	257	257	0.000133514
174	12	6279	6279	0.00312233
174	13	290	290	0.000556946
174	14	262	262	1.90735e-06
174	15	2323	2323	0.00103951
174	16	13	13	0
174	17	50256	50256	0
175	5	39526	39526	0.000141144
175	6	2877	2877	8.96454e-05
175	7	351	351	1.90735e-05
175	8	257	257	5.72205e-06
175	9	5205	5205	0.000204086
175	10	33567	33567	0.0001297
175	11	6587	6587	9.53674e-05
175	12	5212	5212	6.48499e-05
175	13	13	13	1.90735e-06
175	14	50256	50256	0
176	5	262	262	0.000108719
176	6	4376	4376	0.000127792
176	7	3006	3006	0.000514984
176	8	286	286	3.43323e-05
176	9	257	257	2.28882e-05
176	10	23470	23470	0.000528336
176	11	2512	2512	0.000291824
176	12	3328	3328	0.000383377
176	13	16882	16882	0.000400543
176	14	13	13	0
176	15	50256	50256	0
177	5	9417	9417	0.000354767
177	6	9136	9136	0.000297546
177	7	6492	6492	0.0015049
177	8	422	422	2.47955e-05
177	9	1728	1728	0.000530243
177	10	2266	2266	0.000104904
177	11	33773	33773	0.000228882
177	12	13	13	0
177	13	50256	50256	0
178	5	7411	7411	0.000320435
178	6	6953	6953	0.000524521
178	7	11	11	1.33514e-05
178	8	11863	11863	0.000106812
178	9	11	11	1.90735e-06
178	10	290	290	5.72205e-06
178	11	1660	1660	1.33514e-05
178	12	13	13	7.62939e-06
178	13	50256	50256	0
179	5	1277	1277	0.000225067
179	6	511	511	4.95911e-05
179	7	734	734	0.000209808
179	8	2951	2951	8.7738e-05
179	9	14799	14799	0.000165939
179	10	981	981	0.000148773
179	11	21976	21976	0.000110626
179	12	511	511	1.90735e-05
179	13	21334	21334	6.10352e-05
179	14	13	13	0
179	15	50256	50256	0
180	5	11	11	2.28882e-05
180	6	2138	2138	4.76837e-05
180	7	621	621	8.96454e-05
180	8	2458	2458	0.000205994
180	9	287	287	2.47955e-05
180	10	663	663	3.8147e-06
180	11	5253	5253	0.000370026
180	12	422	422	3.8147e-05
180	13	262	262	0
180	14	3825	3825	0.000267029
180	15	11	11	0.000463486
180	16	5640	5640	0.000343323
180	17	262	262	1.52588e-05
180	18	7028	7028	0.000310898
180	19	13	13	1.90735e-06
180	20	50256	50256	0
181	5	8064	8064	0.000116348
181	6	286	286	8.2016e-05
181	7	257	257	0.000139236
181	8	48862	48862	0.00025177
181	9	485	485	0.000522614
181	10	272	272	0.000297546
181	11	9197	9197	0.000926971
181	12	338	338	3.05176e-05
181	13	38447	38447	0.000562668
181	14	284	284	0
181	15	663	663	2.47955e-05
181	16	14753	14753	0.000110626
181	17	13	13	0
181	18	50256	50256	0
182	5	874	874	0.000421524
182	6	287	287	5.72205e-06
182	7	262	262	0
182	8	8434	8434	0.000101089
182	9	1027	1027	0.000127792
182	10	1037	1037	8.96454e-05
182	11	4886	4886	0.000205994
182	12	13179	13179	0.000314713
182	13	286	286	1.90735e-06
182	14	262	262	1.90735e-06
182	15	1182	1182	0.000196457
182	16	13	13	0
182	17	50256	50256	0
183	5	1262	1262	3.05176e-05
183	6	14091	14091	0.000263214
183	7	7572	7572	0.000112534
183	8	319	319	5.34058e-05
183	9	24012	24012	0.000312805
183	10	458	458	0.000104904
183	11	34387	34387	8.96454e-05
183	12	13	13	0
183	13	50256	50256	0
184	5	3463	3463	7.82013e-05
184	6	318	318	2.09808e-05
184	7	262	262	5.72205e-06
184	8	29973	29973	9.72748e-05
184	9	2700	2700	0.000238419
184	10	7205	7205	0.000547409
184	11	319	319	5.72205e-06
184	12	281	281	1.33514e-05
184	13	2134	2134	3.8147e-05
184	14	13	13	1.90735e-06
184	15	50256	50256	0
185	5	7475	7475	0.000318527
185	6	11	11	9.53674e-06
185	7	355	355	5.72205e-06
185	8	618	618	5.34058e-05
185	9	466	466	0.000120163
185	10	407	407	7.24792e-05
185	11	4329	4329	9.53674e-05
185	12	836	836	4.57764e-05
185	13	470	470	8.2016e-05
185	14	13	13	0
185	15	50256	50256	0
186	5	19700	19700	0.000154495
186	6	6588	6588	6.86646e-05
186	7	378	378	0.000402451
186	8	21622	21622	0.000425339
186	9	13	13	3.8147e-06
186	10	50256	50256	0
187	5	18405	18405	0.000240326
187	6	284	284	0
187	7	2222	2222	0.00028801
187	8	15619	15619	7.62939e-05
187	9	1657	1657	0.000106812
187	10	284	284	2.28882e-05
187	11	257	257	1.90735e-06
187	12	2962	2962	0.000123978
187	13	13	13	0
187	14	50256	50256	0
188	5	14310	14310	0.00050354
188	6	287	287	5.14984e-05
188	7	8122	8122	0.00222206
188	8	284	284	2.86102e-05
188	9	7603	7603	0.00025177
188	10	1771	1771	0.000152588
188	11	257	257	0.000112534
188	12	4417	4417	5.72205e-06
188	13	318	318	3.62396e-05
188	14	1241	1241	0.000940323
188	15	13	13	3.8147e-06
188	16	50256	50256	0
189	5	262	262	0
189	6	19517	19517	0.000198364
189	7	6896	6896	3.43323e-05
189	8	351	351	8.7738e-05
189	9	262	262	0
189	10	2297	2297	0.000192642
189	11	6896	6896	4.19617e-05
189	12	13	13	0
189	13	50256	50256	0
190	5	269	269	0.000110626
190	6	8325	8325	0.000219345
190	7	298	298	0.000104904
190	8	13100	13100	0.000249863
190	9	290	290	0.000116348
190	10	318	318	0.000177383
190	11	4318	4318	0.000209808
190	12	284	284	1.14441e-05
190	13	10469	10469	0.000476837
190	14	16585	16585	0.000141144
190	15	13	13	0
190	16	50256	50256	0
191	5	3793	3793	0.000402451
191	6	284	284	4.95911e-05
191	7	9161	9161	0.000102997
191	8	1613	1613	0.000198364
191	9	1692	1692	0.000204086
191	10	14515	14515	4.95911e-05
191	11	13	13	0
191	12	50256	50256	0
192	5	15715	15715	0.000291824
192	6	621	621	0.000139236
192	7	8122	8122	0.00053215
192	8	1660	1660	3.43323e-05
192	9	11	11	3.8147e-06
192	10	523	523	7.62939e-05
192	11	340	340	0.000396729
192	12	36016	36016	6.48499e-05
192	13	13	13	0
192	14	50256	50256	0
193	5	9518	9518	0.000188828
193	6	11447	11447	0.000116348
193	7	10717	10717	0.000246048
193	8	13	13	0
193	9	50256	50256	0
194	5	656	656	8.39233e-05
194	6	257	257	8.7738e-05
194	7	4735	4735	0.000268936
194	8	13	13	0
194	9	50256	50256	0
195	5	262	262	3.8147e-06
195	6	779	779	0.000324249
195	7	286	286	5.72205e-06
195	8	1657	1657	5.14984e-05
195	9	290	290	4.00543e-05
195	10	9082	9082	4.00543e-05
195	11	287	287	1.90735e-05
195	12	5874	5874	5.14984e-05
195	13	1242	1242	0.000213623
195	14	13	13	0
195	15	50256	50256	0
196	5	6115	6115	0.000183105
196	6	355	355	4.57764e-05
196	7	257	257	3.8147e-06
196	8	27216	27216	5.91278e-05
196	9	875	875	0.000146866
196	10	16912	16912	9.15527e-05
196	11	13	13	0
196	12	50256	50256	0
197	5	373	373	4.19617e-05
197	6	257	257	1.90735e-06
197	7	4960	4960	7.43866e-05
197	8	6761	6761	0.000118256
197	9	286	286	1.90735e-06
197	10	21641	21641	0.000238419
197	11	290	290	9.53674e-06
197	12	4898	4898	2.09808e-05
197	13	9967	9967	2.86102e-05
197	14	20842	20842	1.90735e-05
197	15	13	13	0
197	16	50256	50256	0
198	5	290	290	2.86102e-05
198	6	2314	2314	0.000202179
198	7	47933	47933	3.24249e-05
198	8	832	832	1.71661e-05
198	9	257	257	5.72205e-06
198	10	2818	2818	0.000213623
198	11	17076	17076	0.000198364
198	12	13	13	0
198	13	50256	50256	0
199	5	11945	11945	0.000108719
199	6	1978	1978	0.000278473
199	7	379	379	0.000127792
199	8	867	867	7.62939e-05
199	9	24039	24039	7.05719e-05
199	10	13	13	0
199	11	50256	50256	0
200	5	1022	1022	0.000179291
200	6	262	262	0
200	7	37015	37015	0.000101089
200	8	286	286	5.72205e-06
200	9	8706	8706	0.00018692
200	10	290	290	7.62939e-06
200	11	22721	22721	0.000183105
200	12	13	13	1.90735e-06
200	13	50256	50256	0
201	5	8850	8850	1.33514e-05
201	6	5405	5405	0.000673294
201	7	621	621	0.00018692
201	8	832	832	0.000553131
201	9	257	257	1.14441e-05
201	10	17076	17076	0.000141144
201	11	13	13	0
201	12	50256	50256	0
202	5	257	257	3.8147e-06
202	6	20831	20831	9.72748e-05
202	7	15283	15283	0.000301361
202	8	9290	9290	0.00025177
202	9	4143	4143	0.000263214
202	10	12073	12073	0.000217438
202	11	663	663	1.14441e-05
202	12	3833	3833	0.000343323
202	13	13	13	0
202	14	50256	50256	0
203	5	44653	44653	0.000230789
203	6	389	389	6.29425e-05
203	7	34262	34262	0.000146866
203	8	878	878	0.000196457
203	9	511	511	2.09808e-05
203	10	15061	15061	0.00028801
203	11	36402	36402	0.000137329
203	12	1280	1280	4.76837e-05
203	13	13	13	0
203	14	50256	50256	0
204	5	329	329	0.000141144
204	6	262	262	1.90735e-06
204	7	3491	3491	0.000450134
204	8	12	12	0.00012207
204	9	16760	16760	0.00019455
204	10	13888	13888	0.000242233
204	11	286	286	3.8147e-06
204	12	663	663	3.8147e-06
204	13	8234	8234	0.000623703
204	14	17894	17894	5.53131e-05
204	15	13	13	0
204	16	50256	50256	0
205	5	10396	10396	0.000261307
205	6	12610	12610	0.000173569
205	7	6143	6143	0.000724792
205	8	27452	27452	6.86646e-05
205	9	1321	1321	9.15527e-05
205	10	1231	1231	0.000116348
205	11	12948	12948	0.000154495
205	12	1176	1176	0.00015831
205	13	13	13	0
205	14	50256	50256	0
206	5	12091	12091	0.000120163
206	6	21566	21566	8.01086e-05
206	7	260	260	0.000131607
206	8	739	739	0.000190735
206	9	262	262	9.53674e-06
206	10	3112	3112	0.000185013
206	11	1438	1438	0.000259399
206	12	4424	4424	8.01086e-05
206	13	11751	11751	2.09808e-05
206	14	7459	7459	3.8147e-05
206	15	13	13	0
206	16	50256	50256	0
207	5	1863	1863	0.000240326
207	6	262	262	0.000164032
207	7	8830	8830	0.00019455
207	8	1735	1735	0.00043869
207	9	286	286	0
207	10	2520	2520	0.000106812
207	11	2253	2253	0.000123978
207	12	13	13	0
207	13	50256	50256	0
208	5	257	257	7.62939e-06
208	6	31607	31607	9.72748e-05
208	7	8122	8122	0.000127792
208	8	5732	5732	9.53674e-05
208	9	351	351	0.000196457
208	10	6795	6795	7.05719e-05
208	11	13	13	0
208	12	50256	50256	0
209	5	3139	3139	2.47955e-05
209	6	1748	1748	9.91821e-05
209	7	286	286	1.90735e-06
209	8	16519	16519	2.86102e-05
209	9	13	13	0
209	10	50256	50256	0
210	5	379	379	0.00547028
210	6	262	262	0.000516891
210	7	3641	3641	0.00234795
210	8	286	286	1.90735e-06
210	9	674	674	0.000299454
210	10	6591	6591	0.000162125
210	11	1080	1080	0.000291824
210	12	13	13	0
210	13	50256	50256	0
211	5	4025	4025	0.000366211
211	6	2010	2010	0.000499725
211	7	2700	2700	0.000528336
211	8	11073	11073	0.000507355
211	9	257	257	4.76837e-05
211	10	4025	4025	0.00025177
211	11	20309	20309	0.000419617
211	12	13	13	3.8147e-06
211	13	50256	50256	0
212	5	4656	4656	0.00190926
212	6	468	468	0.000831604
212	7	6697	6697	0.00021553
212	8	6698	6698	0.00200272
212	9	3025	3025	0.00121498
212	10	3815	3815	0.00106621
212	11	751	751	1.33514e-05
212	12	284	284	0.000114441
212	13	3598	3598	0.000101089
212	14	13	13	0
212	15	50256	50256	0
213	5	262	262	2.09808e-05
213	6	1138	1138	0.000366211
213	7	37670	37670	9.91821e-05
213	8	1042	1042	0.000112534
213	9	286	286	0
213	10	30498	30498	6.67572e-05
213	11	13	13	0
213	12	50256	50256	0
214	5	16662	16662	7.43866e-05
214	6	284	284	3.8147e-06
214	7	24949	24949	2.86102e-05
214	8	290	290	3.8147e-06
214	9	28436	28436	7.82013e-05
214	10	2057	2057	8.39233e-05
214	11	13	13	0
214	12	50256	50256	0
215	5	4257	4257	0.000265121
215	6	9106	9106	0.000143051
215	7	316	316	0.000303268
215	8	16982	16982	0.000471115
215	9	4879	4879	6.29425e-05
215	10	286	286	9.53674e-06
215	11	9403	9403	7.82013e-05
215	12	6134	6134	0.000545502
215	13	13	13	0
215	14	50256	50256	0
216	5	318	318	2.67029e-05
216	6	262	262	2.86102e-05
216	7	4417	4417	0.000120163
216	8	4067	4067	0.000192642
216	9	3264	3264	7.05719e-05
216	10	2029	2029	0.000261307
216	11	663	663	1.90735e-06
216	12	2962	2962	4.3869e-05
216	13	13	13	0
216	14	50256	50256	0
217	5	318	318	9.53674e-06
217	6	9086	9086	0.000188828
217	7	1022	1022	0.000127792
217	8	16256	16256	8.2016e-05
217	9	290	290	1.90735e-06
217	10	46117	46117	0.000146866
217	11	968	968	0.000225067
217	12	22777	22777	0.000160217
217	13	13	13	0
217	14	50256	50256	0
218	5	981	981	0.000139236
218	6	8868	8868	7.24792e-05
218	7	23822	23822	0.000125885
218	8	1022	1022	2.86102e-05
218	9	606	606	3.05176e-05
218	10	13	13	0
218	11	50256	50256	0
219	5	8811	8811	0.00357056
219	6	925	925	1.71661e-05
219	7	422	422	1.90735e-06
219	8	22365	22365	6.48499e-05
219	9	388	388	0.000175476
219	10	17135	17135	0.000167847
219	11	5026	5026	0.000123978
219	12	47196	47196	0.000169754
219	13	13	13	5.72205e-06
219	14	50256	50256	0
220	5	780	780	0.000236511
220	6	484	484	0.000228882
220	7	389	389	1.90735e-06
220	8	19346	19346	6.67572e-05
220	9	621	621	7.05719e-05
220	10	262	262	1.90735e-06
220	11	7346	7346	4.57764e-05
220	12	6591	6591	0.000104904
220	13	4417	4417	2.86102e-05
220	14	13	13	0
220	15	50256	50256	0
221	5	262	262	2.09808e-05
221	6	8434	8434	0.000112534
221	7	21405	21405	0.000511169
221	8	286	286	1.90735e-06
221	9	1728	1728	0.00018692
221	10	7150	7150	9.53674e-05
221	11	13	13	0
221	12	50256	50256	0
222	5	2187	2187	0.000270844
222	6	287	287	4.95911e-05
222	7	10801	10801	0.000391006
222	8	290	290	4.19617e-05
222	9	12070	12070	0.000379562
222	10	284	284	1.71661e-05
222	11	4439	4439	0.000200272
222	12	3056	3056	0.000183105
222	13	13	13	1.14441e-05
222	14	50256	50256	0
223	5	395	395	0.000188828
223	6	563	563	0.000289917
223	7	28539	28539	0.000417709
223	8	2995	2995	0.000324249
223	9	7346	7346	9.34601e-05
223	10	262	262	0
223	11	19636	19636	9.91821e-05
223	12	29179	29179	5.72205e-05
223	13	286	286	5.72205e-06
223	14	4492	4492	0.000165939
223	15	13	13	0
223	16	50256	50256	0
224	5	9565	9565	0.000101089
224	6	832	832	4.76837e-05
224	7	35115	35115	3.43323e-05
224	8	13	13	0
224	9	50256	50256	0
225	5	16824	16824	0.000246048
225	6	262	262	1.14441e-05
225	7	2159	2159	0.000427246
225	8	287	287	2.28882e-05
225	9	412	412	0.000200272
225	10	14400	14400	0.000154495
225	11	12579	12579	0.00019455
225	12	5679	5679	7.24792e-05
225	13	1380	1380	8.7738e-05
225	14	576	576	0.000152588
225	15	292	292	0.000349045
225	16	376	376	0.000104904
225	17	10332	10332	2.09808e-05
225	18	13	13	0
225	19	50256	50256	0
226	5	257	257	5.72205e-06
226	6	3288	3288	0.000221252
226	7	18645	18645	0.000350952
226	8	1022	1022	0.000749588
226	9	4881	4881	0.000244141
226	10	290	290	1.71661e-05
226	11	8602	8602	8.2016e-05
226	12	13	13	5.72205e-06
226	13	50256	50256	0
227	5	1296	1296	0.000305176
227	6	618	618	1.52588e-05
227	7	27163	27163	0.000204086
227	8	13166	13166	0.000516891
227	9	1716	1716	0.000484467
227	10	16001	16001	0.000144958
227	11	276	276	4.76837e-05
227	12	290	290	9.72748e-05
227	13	20534	20534	0.000110626
227	14	276	276	0.000101089
227	15	1978	1978	0.000127792
227	16	13	13	0
227	17	50256	50256	0
228	5	5931	5931	5.14984e-05
228	6	4847	4847	0.000778198
228	7	287	287	1.71661e-05
228	8	1502	1502	0.000150681
228	9	286	286	5.14984e-05
228	10	3649	3649	0.000408173
228	11	17226	17226	0.00019455
228	12	1271	1271	0.000226974
228	13	13	13	9.53674e-06
228	14	50256	50256	0
229	5	1141	1141	7.43866e-05
229	6	262	262	0
229	7	3227	3227	7.43866e-05
229	8	286	286	0
229	9	18391	18391	0.000133514
229	10	4778	4778	7.82013e-05
229	11	13	13	0
229	12	50256	50256	0
230	5	5931	5931	0.000205994
230	6	33543	33543	0.000143051
230	7	290	290	5.53131e-05
230	8	6149	6149	0.000301361
230	9	5387	5387	0.00012207
230	10	15121	15121	8.58307e-05
230	11	8573	8573	0.000118256
230	12	13	13	1.90735e-06
230	13	50256	50256	0
231	5	287	287	2.28882e-05
231	6	281	281	5.91278e-05
231	7	26433	26433	0.000574112
231	8	338	338	2.28882e-05
231	9	7446	7446	0.000162125
231	10	8379	8379	0.00043869
231	11	13	13	0
231	12	50256	50256	0
232	5	45656	45656	0.000234604
232	6	621	621	0.000123978
232	7	7424	7424	0.000259399
232	8	45725	45725	9.34601e-05
232	9	1657	1657	3.24249e-05
232	10	13	13	0
232	11	50256	50256	0
233	5	422	422	0.000429153
233	6	11135	11135	0.000160217
233	7	3812	3812	0.000257492
233	8	262	262	9.34601e-05
233	9	6727	6727	7.82013e-05
233	10	3354	3354	0.00012207
233	11	286	286	0
233	12	257	257	1.71661e-05
233	13	4618	4618	0.000118256
233	14	13	13	0
233	15	50256	50256	0
234	5	11	11	0.000104904
234	6	511	511	0.000137329
234	7	781	781	0.000295639
234	8	16415	16415	0.000135422
234	9	43855	43855	0.000173569
234	10	606	606	0.000127792
234	11	21258	21258	5.72205e-05
234	12	13	13	7.62939e-06
234	13	50256	50256	0
235	5	338	338	0.000118256
235	6	10861	10861	0.000391006
235	7	49831	49831	0.000648499
235	8	560	560	0.00060463
235	9	9335	9335	0.000240326
235	10	373	373	0.000385284
235	11	4624	4624	0.00021553
235	12	625	625	0.000202179
235	13	465	465	0.000101089
235	14	285	285	4.95911e-05
235	15	13929	13929	0.000112534
235	16	1431	1431	4.95911e-05
235	17	1182	1182	8.7738e-05
235	18	13	13	0
235	19	50256	50256	0
236	5	5752	5752	0.000413895
236	6	24139	24139	0.000247955
236	7	1626	1626	0.000219345
236	8	257	257	0.000116348
236	9	50126	50126	0.000524521
236	10	6831	6831	0.000360489
236	11	3084	3084	0.000799179
236	12	13	13	0
236	13	50256	50256	0
237	5	2168	2168	0.000339508
237	6	6673	6673	0.000179291
237	7	511	511	8.7738e-05
237	8	4180	4180	7.82013e-05
237	9	1817	1817	7.24792e-05
237	10	13	13	0
237	11	50256	50256	0
238	5	379	379	9.53674e-06
238	6	393	393	2.86102e-05
238	7	1474	1474	0.000579834
238	8	3668	3668	1.90735e-05
238	9	338	338	6.48499e-05
238	10	4417	4417	6.10352e-05
238	11	13	13	0
238	12	50256	50256	0
239	5	23426	23426	0.000221252
239	6	6007	6007	0.000137329
239	7	286	286	3.8147e-06
239	8	12605	12605	5.34058e-05
239	9	13232	13232	0.000190735
239	10	5474	5474	0.000106812
239	11	13	13	0
239	12	50256	50256	0
240	5	1366	1366	0.000133514
240	6	523	523	0.000234604
240	7	326	326	2.47955e-05
240	8	5100	5100	4.3869e-05
240	9	1895	1895	0.000175476
240	10	460	460	1.52588e-05
240	11	307	307	0.000236511
240	12	5443	5443	0.000196457
240	13	13	13	0
240	14	50256	50256	0
241	5	636	636	0.000375748
241	6	286	286	0
241	7	262	262	7.62939e-06
241	8	4865	4865	0.000190735
241	9	1022	1022	0.00066185
241	10	3340	3340	0.000127792
241	11	290	290	6.10352e-05
241	12	262	262	0
241	13	1578	1578	0.000156403
241	14	1829	1829	7.05719e-05
241	15	13	13	0
241	16	50256	50256	0
242	5	286	286	1.52588e-05
242	6	14807	14807	0.000394821
242	7	287	287	1.52588e-05
242	8	21199	21199	0.000131607
242	9	7229	7229	5.72205e-05
242	10	13	13	0
242	11	50256	50256	0
243	5	262	262	1.90735e-06
243	6	16936	16936	0.000175476
243	7	1900	1900	0.000169754
243	8	3491	3491	0.000192642
243	9	284	284	3.8147e-06
243	10	262	262	0
243	11	3825	3825	0.000127792
243	12	13	13	0
243	13	50256	50256	0
244	5	5400	5400	5.14984e-05
244	6	287	287	1.90735e-06
244	7	511	511	4.3869e-05
244	8	30772	30772	4.3869e-05
244	9	13	13	0
244	10	50256	50256	0
245	5	3154	3154	0.000354767
245	6	5667	5667	0.000249863
245	7	379	379	1.52588e-05
245	8	262	262	0
245	9	1660	1660	0.00028801
245	10	338	338	7.62939e-06
245	11	4417	4417	1.14441e-05
245	12	13	13	0
245	13	50256	50256	0
246	5	1864	1864	9.34601e-05
246	6	284	284	1.90735e-06
246	7	511	511	0.000102997
246	8	12213	12213	0.000209808
246	9	351	351	7.43866e-05
246	10	3867	3867	0.000110626
246	11	290	290	2.28882e-05
246	12	31607	31607	0.000169754
246	13	21164	21164	0.000154495
246	14	13	13	0
246	15	50256	50256	0
247	5	329	329	6.10352e-05
247	6	496	496	0.000108719
247	7	2354	2354	0.000200272
247	8	257	257	1.90735e-06
247	9	35881	35881	0.00012207
247	10	389	389	1.90735e-05
247	11	4048	4048	3.24249e-05
247	12	13	13	0
247	13	50256	50256	0
248	5	262	262	5.72205e-06
248	6	4898	4898	0.000114441
248	7	7972	7972	0.000196457
248	8	1641	1641	0.000150681
248	9	3805	3805	3.8147e-05
248	10	663	663	9.53674e-06
248	11	1877	1877	4.19617e-05
248	12	7881	7881	2.67029e-05
248	13	13	13	0
248	14	50256	50256	0
249	5	511	511	5.72205e-06
249	6	2057	2057	0.000341415
249	7	7525	7525	7.82013e-05
249	8	416	416	3.62396e-05
249	9	6600	6600	0.000188828
249	10	584	584	4.76837e-05
249	11	4695	4695	0.000125885
249	12	13	13	0
249	13	50256	50256	0
250	5	15772	15772	0.000276566
250	6	7386	7386	0.000265121
250	7	3891	3891	0.000162125
250	8	656	656	1.14441e-05
250	9	6101	6101	0.000110626
250	10	9405	9405	2.09808e-05
250	11	13	13	0
250	12	50256	50256	0
251	5	318	318	3.8147e-06
251	6	4055	4055	0.00137901
251	7	276	276	0.000307083
251	8	287	287	7.62939e-06
251	9	281	281	0.000305176
251	10	11557	11557	0.00063324
251	11	1080	1080	0.000270844
251	12	13	13	0
251	13	50256	50256	0
252	5	257	257	0.000379562
252	6	4553	4553	0.000549316
252	7	18480	18480	0.000389099
252	8	3108	3108	0.000312805
252	9	329	329	7.62939e-05
252	10	1123	1123	0.000177383
252	11	4151	4151	0.000583649
252	12	13	13	0
252	13	50256	50256	0
253	5	973	973	0.000213623
253	6	2116	2116	0.000192642
253	7	12	12	0.000118256
253	8	634	634	0.00107765
253	9	27554	27554	0.000417709
253	10	284	284	1.14441e-05
253	11	7301	7301	0.000310898
253	12	607	607	0.00021553
253	13	1204	1204	0.00050354
253	14	290	290	7.62939e-06
253	15	5369	5369	0.000143051
253	16	13	13	0
253	17	50256	50256	0
254	5	11904	11904	0.000179291
254	6	326	326	2.28882e-05
254	7	1663	1663	0.000198364
254	8	2641	2641	0.000350952
254	9	262	262	9.53674e-06
254	10	37185	37185	0.000263214
254	11	286	286	2.09808e-05
254	12	1232	1232	8.01086e-05
254	13	2454	2454	0.000486374
254	14	6134	6134	0.000118256
254	15	13	13	1.90735e-06
254	16	50256	50256	0
255	5	3491	3491	0.000453949
255	6	287	287	6.10352e-05
255	7	3668	3668	0.00110626
255	8	338	338	7.43866e-05
255	9	1755	1755	0.000736237
255	10	6766	6766	0.000644684
255	11	618	618	0.0011692
255	12	9569	9569	0.000459671
255	13	416	416	0.000730515
255	14	4156	4156	0.000183105
255	15	5874	5874	7.05719e-05
255	16	22204	22204	0.000595093
255	17	13	13	7.62939e-06
255	18	50256	50256	0
256	5	16968	16968	0.000131607
256	6	11	11	0.000102997
256	7	3584	3584	0.00103569
256	8	617	617	0.000413895
256	9	5696	5696	0.000591278
256	10	17438	17438	0.000556946
256	11	10338	10338	0.000188828
256	12	625	625	0.000724792
256	13	1728	1728	0.000398636
256	14	5951	5951	0.00137138
256	15	16069	16069	0.000488281
256	16	13	13	0
256	17	50256	50256	0
257	5	12	12	2.28882e-05
257	6	7784	7784	0.000274658
257	7	29984	29984	0.000591278
257	8	1043	1043	0.000408173
257	9	287	287	3.8147e-06
257	10	5044	5044	0.000240326
257	11	4778	4778	0.00018692
257	12	13	13	0
257	13	50256	50256	0
258	5	324	324	0.000341415
258	6	2627	2627	0.000213623
258	7	262	262	0
258	8	717	717	2.86102e-05
258	9	1893	1893	6.29425e-05
258	10	286	286	7.62939e-06
258	11	3794	3794	9.91821e-05
258	12	287	287	0
258	13	11445	11445	2.09808e-05
258	14	13	13	0
258	15	50256	50256	0
259	5	422	422	5.91278e-05
259	6	543	543	0.000486374
259	7	749	749	0.000593185
259	8	1660	1660	0.00028038
259	9	290	290	0.000101089
259	10	7545	7545	0.000335693
259	11	1540	1540	0.000320435
259	12	2340	2340	0.000501633
259	13	423	423	0.000139236
259	14	587	587	0.000104904
259	15	4615	4615	0.000234604
259	16	13	13	1.90735e-06
259	17	50256	50256	0
260	5	422	422	4.95911e-05
260	6	826	826	0.000387192
260	7	284	284	0.000101089
260	8	1364	1364	0.000150681
260	9	13	13	0
260	10	50256	50256	0
261	5	286	286	0
261	6	867	867	0.000114441
261	7	1402	1402	0.000379562
261	8	12734	12734	0.00021553
261	9	11856	11856	0.000192642
261	10	1978	1978	0.000228882
261	11	13	13	0
261	12	50256	50256	0
262	5	3917	3917	7.24792e-05
262	6	351	351	5.72205e-06
262	7	262	262	0
262	8	4960	4960	0.000177383
262	9	6260	6260	0.00037384
262	10	1001	1001	0.000366211
262	11	72	72	0.000452042
262	12	911	911	0.000278473
262	13	261	261	0.000204086
262	14	1840	1840	0.000232697
262	15	13	13	1.90735e-06
262	16	50256	50256	0
263	5	558	558	0.000148773
263	6	504	504	0.000154495
263	7	351	351	1.14441e-05
263	8	6466	6466	0.000289917
263	9	276	276	0.000104904
263	10	21755	21755	0.000118256
263	11	290	290	9.53674e-06
263	12	7097	7097	0.000102997
263	13	25612	25612	4.00543e-05
263	14	13	13	0
263	15	50256	50256	0
264	5	3356	3356	0.000415802
264	6	1863	1863	0.000219345
264	7	31025	31025	0.000278473
264	8	287	287	0
264	9	3668	3668	0.000112534
264	10	338	338	0.000185013
264	11	20048	20048	0.000234604
264	12	13	13	0
264	13	50256	50256	0
265	5	318	318	6.29425e-05
265	6	29679	29679	0.000850677
265	7	11	11	1.90735e-06
265	8	543	543	1.33514e-05
265	9	14582	14582	0.000434875
265	10	1973	1973	0.000406265
265	11	1811	1811	0.000535965
265	12	14807	14807	0.000589371
265	13	13	13	0
265	14	50256	50256	0
266	5	33274	33274	0.00038147
266	6	468	468	0.000263214
266	7	27913	27913	9.53674e-05
266	8	1744	1744	0.000118256
266	9	3815	3815	9.15527e-05
266	10	329	329	5.53131e-05
266	11	1123	1123	4.57764e-05
266	12	16839	16839	0.000423431
266	13	13	13	0
266	14	50256	50256	0
267	5	1022	1022	0.000183105
267	6	262	262	1.90735e-06
267	7	2910	2910	8.58307e-05
267	8	290	290	1.90735e-05
267	9	7346	7346	6.86646e-05
267	10	21379	21379	4.19617e-05
267	11	13	13	0
267	12	50256	50256	0
268	5	13042	13042	0.00050354
268	6	16524	16524	9.72748e-05
268	7	287	287	7.62939e-06
268	8	8150	8150	0.000116348
268	9	82	82	0.00182724
268	10	13	13	7.62939e-06
268	11	50256	50256	0
269	5	8701	8701	0.000331879
269	6	1641	1641	0.0010643
269	7	3805	3805	0.00122643
269	8	663	663	0.000318527
269	9	4898	4898	0.000143051
269	10	88	88	0.000453949
269	11	21552	21552	0.000473022
269	12	13	13	0
269	13	50256	50256	0
270	5	10451	10451	0.000318527
270	6	552	552	0.000272751
270	7	1769	1769	0.00071907
270	8	257	257	5.14984e-05
270	9	1988	1988	0.00019455
270	10	422	422	2.28882e-05
270	11	584	584	7.62939e-06
270	12	3815	3815	8.01086e-05
270	13	393	393	0.000101089
270	14	14700	14700	4.19617e-05
270	15	13	13	0
270	16	50256	50256	0
271	5	618	618	8.01086e-05
271	6	340	340	0.000328064
271	7	468	468	5.53131e-05
271	8	257	257	0.00012207
271	9	7515	7515	0.000123978
271	10	1863	1863	0.000349045
271	11	281	281	2.86102e-05
271	12	2134	2134	0.000261307
271	13	338	338	9.72748e-05
271	14	29358	29358	4.57764e-05
271	15	13	13	0
271	16	50256	50256	0
272	5	663	663	7.62939e-05
272	6	22421	22421	0.000204086
272	7	981	981	0.000131607
272	8	23934	23934	0.000118256
272	9	262	262	0
272	10	20016	20016	0.000141144
272	11	1022	1022	8.01086e-05
272	12	606	606	6.86646e-05
272	13	13	13	0
272	14	50256	50256	0
273	5	5667	5667	0.000238419
273	6	8811	8811	0.000526428
273	7	3417	3417	0.000219345
273	8	355	355	7.62939e-06
273	9	25209	25209	5.34058e-05
273	10	13	13	0
273	11	50256	50256	0
274	5	3601	3601	0.000297546
274	6	540	540	0.000429153
274	7	7128	7128	9.91821e-05
274	8	5241	5241	0.000190735
274	9	416	416	7.62939e-06
274	10	7720	7720	0.000139236
274	11	656	656	1.14441e-05
274	12	257	257	3.8147e-06
274	13	4417	4417	0.000135422
274	14	13	13	0
274	15	50256	50256	0
275	5	4909	4909	0.000240326
275	6	27253	27253	0.000165939
275	7	11945	11945	0.000286102
275	8	13	13	0
275	9	50256	50256	0
276	5	530	530	9.53674e-06
276	6	6588	6588	0.000453949
276	7	22037	22037	0.000654221
276	8	290	290	1.90735e-06
276	9	734	734	7.43866e-05
276	10	11863	11863	0.00030899
276	11	23235	23235	0.000520706
276	12	13	13	0
276	13	50256	50256	0
277	5	48159	48159	0.000379562
277	6	2094	2094	8.39233e-05
277	7	2264	2264	0.000114441
277	8	844	844	0.000289917
277	9	1258	1258	9.72748e-05
277	10	319	319	3.43323e-05
277	11	465	465	0.000156403
277	12	17545	17545	2.86102e-05
277	13	13	13	0
277	14	50256	50256	0
278	5	1657	1657	4.00543e-05
278	6	284	284	4.00543e-05
278	7	3151	3151	0.000488281
278	8	262	262	0
278	9	2939	2939	0.000436783
278	10	12694	12694	0.000312805
278	11	329	329	3.62396e-05
278	12	517	517	0.00018692
278	13	640	640	0.000232697
278	14	13	13	7.62939e-06
278	15	50256	50256	0
279	5	47969	47969	0.000587463
279	6	11	11	2.09808e-05
279	7	730	730	0.00037384
279	8	335	335	0.000680923
279	9	82	82	0.000387192
279	10	1845	1845	0.000413895
279	11	11	11	0.000200272
279	12	290	290	0.000383377
279	13	285	285	0.000337601
279	14	3970	3970	0.000230789
279	15	21622	21622	9.15527e-05
279	16	13	13	0
279	17	50256	50256	0
280	5	422	422	5.14984e-05
280	6	11527	11527	0.000160217
280	7	45926	45926	0.000392914
280	8	11	11	7.82013e-05
280	9	981	981	0.000146866
280	10	29049	29049	0.000232697
280	11	363	363	0.000207901
280	12	76	76	0.000312805
280	13	2737	2737	0.000301361
280	14	1663	1663	0.000236511
280	15	18644	18644	0.000181198
280	16	422	422	4.00543e-05
280	17	11527	11527	7.62939e-05
280	18	18570	18570	0.000160217
280	19	13	13	0
280	20	50256	50256	0
281	5	16697	16697	0.000102997
281	6	262	262	0
281	7	1767	1767	0.000247955
281	8	338	338	7.24792e-05
281	9	1660	1660	0.000236511
281	10	290	290	3.8147e-06
281	11	8268	8268	0.000177383
281	12	5236	5236	5.72205e-06
281	13	13	13	1.90735e-06
281	14	50256	50256	0
282	5	1936	1936	0.000141144
282	6	16021	16021	0.000225067
282	7	3951	3951	0.000286102
282	8	13	13	0
282	9	50256	50256	0
283	5	1573	1573	4.95911e-05
283	6	351	351	3.8147e-05
283	7	257	257	3.8147e-06
283	8	3616	3616	0.00103569
283	9	2092	2092	0.000391006
283	10	284	284	3.05176e-05
283	11	326	326	0.000261307
283	12	286	286	1.90735e-06
283	13	1194	1194	0.000354767
283	14	1573	1573	0.00122261
283	15	13	13	2.28882e-05
283	16	50256	50256	0
284	5	11	11	3.8147e-06
284	6	262	262	2.28882e-05
284	7	11087	11087	0.000196457
284	8	18333	18333	0.00019455
284	9	286	286	6.67572e-05
284	10	257	257	3.8147e-06
284	11	22950	22950	0.000940323
284	12	751	751	7.43866e-05
284	13	284	284	7.62939e-06
284	14	11546	11546	0.000112534
284	15	7370	7370	3.62396e-05
284	16	13	13	0
284	17	50256	50256	0
285	5	262	262	5.72205e-05
285	6	1767	1767	0.000173569
285	7	416	416	1.90735e-06
285	8	10427	10427	0.000255585
285	9	319	319	4.3869e-05
285	10	11945	11945	0.000141144
285	11	13	13	1.90735e-06
285	12	50256	50256	0
286	5	1487	1487	0.000350952
286	6	262	262	0
286	7	4571	4571	0.000452042
286	8	287	287	5.34058e-05
286	9	543	543	0.000190735
286	10	257	257	0
286	11	17182	17182	0.000188828
286	12	8991	8991	0.000291824
286	13	2700	2700	7.43866e-05
286	14	13	13	4.00543e-05
286	15	50256	50256	0
287	5	422	422	0.000102997
287	6	262	262	0
287	7	9151	9151	0.000255585
287	8	981	981	0.000209808
287	9	4305	4305	9.72748e-05
287	10	749	749	0.000368118
287	11	26306	26306	0.000108719
287	12	37056	37056	0.000152588
287	13	2157	2157	6.86646e-05
287	14	13	13	0
287	15	50256	50256	0
288	5	9149	9149	9.53674e-05
288	6	326	326	1.33514e-05
288	7	24624	24624	0.000183105
288	8	9240	9240	0.000141144
288	9	393	393	4.57764e-05
288	10	3520	3520	0.00022316
288	11	287	287	1.33514e-05
288	12	511	511	6.86646e-05
288	13	2656	2656	0.000289917
288	14	1502	1502	0.000202179
288	15	13	13	2.86102e-05
288	16	50256	50256	0
289	5	262	262	5.72205e-05
289	6	2166	2166	0.000562668
289	7	286	286	2.67029e-05
289	8	262	262	0
289	9	5422	5422	0.00133705
289	10	1037	1037	0.000436783
289	11	2005	2005	0.000385284
289	12	2057	2057	0.000118256
289	13	13	13	5.72205e-06
289	14	50256	50256	0
290	5	14705	14705	0.00019455
290	6	287	287	5.72205e-06
290	7	674	674	0.000247955
290	8	6591	6591	0.000167847
290	9	1080	1080	0.000123978
290	10	318	318	5.34058e-05
290	11	12548	12548	0.000263214
290	12	19606	19606	0.000217438
290	13	13	13	2.67029e-05
290	14	50256	50256	0
291	5	5207	5207	0.000501633
291	6	286	286	7.62939e-06
291	7	4898	4898	0.000318527
291	8	1262	1262	1.71661e-05
291	9	987	987	0.000514984
291	10	48331	48331	0.000110626
291	11	30514	30514	0.000232697
291	12	290	290	0.000114441
291	13	20567	20567	9.53674e-05
291	14	13	13	0
291	15	50256	50256	0
292	5	2656	2656	0.000593185
292	6	2060	2060	0.000230789
292	7	12	12	4.3869e-05
292	8	26327	26327	0.000499725
292	9	3815	3815	0.000211716
292	10	618	618	4.3869e-05
292	11	30240	30240	0.000314713
292	12	287	287	1.14441e-05
292	13	41002	41002	0.000221252
292	14	12	12	1.90735e-06
292	15	23	23	0.000751495
292	16	13	13	3.8147e-06
292	17	50256	50256	0
293	5	12737	12737	0.000127792
293	6	287	287	0.0001297
293	7	2877	2877	0.000343323
293	8	20296	20296	0.000127792
293	9	1231	1231	4.3869e-05
293	10	852	852	0.000268936
293	11	13529	13529	0.000146866
293	12	416	416	3.8147e-06
293	13	883	883	0.000102997
293	14	12737	12737	0.000190735
293	15	13	13	0
293	16	50256	50256	0
294	5	460	460	0.000213623
294	6	3067	3067	0.000141144
294	7	832	832	2.47955e-05
294	8	1111	1111	0.000665665
294	9	1540	1540	0.000236511
294	10	2340	2340	0.000415802
294	11	290	290	0
294	12	38236	38236	5.34058e-05
294	13	13	13	0
294	14	50256	50256	0
295	5	13991	13991	0.000120163
295	6	287	287	5.72205e-06
295	7	3833	3833	9.91821e-05
295	8	13	13	0
295	9	50256	50256	0
296	5	24742	24742	0.00069046
296	6	12	12	4.00543e-05
296	7	14337	14337	0.000694275
296	8	24438	24438	0.000518799
296	9	14921	14921	0.000495911
296	10	287	287	0.000244141
296	11	3624	3624	0.000110626
296	12	15274	15274	0.000335693
296	13	290	290	6.86646e-05
296	14	3624	3624	8.01086e-05
296	15	15180	15180	0.00019455
296	16	13	13	0
296	17	50256	50256	0
297	5	7042	7042	0.000284195
297	6	416	416	4.19617e-05
297	7	8902	8902	0.000257492
297	8	15134	15134	0.000156403
297	9	28856	28856	0.000352859
297	10	13	13	0
297	11	50256	50256	0
298	5	1402	1402	0.000741959
298	6	11	11	0.000232697
298	7	9403	9403	4.76837e-05
298	8	12	12	9.53674e-06
298	9	38301	38301	0.000144958
298	10	37215	37215	0.00019455
298	11	431	431	0.000379562
298	12	5289	5289	0.000453949
298	13	13	13	0
298	14	50256	50256	0
299	5	338	338	3.8147e-05
299	6	2494	2494	0.000930786
299	7	1231	1231	2.47955e-05
299	8	852	852	0.00015831
299	9	13529	13529	0.000185013
299	10	4045	4045	7.62939e-05
299	11	287	287	5.72205e-06
299	12	326	326	0.000486374
299	13	6317	6317	0.00034523
299	14	13	13	1.90735e-06
299	15	50256	50256	0
300	5	1474	1474	7.24792e-05
300	6	262	262	2.67029e-05
300	7	47441	47441	9.91821e-05
300	8	9700	9700	8.01086e-05
300	9	5866	5866	8.39233e-05
300	10	13	13	0
300	11	50256	50256	0
301	5	257	257	0.000217438
301	6	3463	3463	0.000247955
301	7	286	286	4.3869e-05
301	8	11711	11711	0.000255585
301	9	4961	4961	9.53674e-05
301	10	284	284	1.90735e-05
301	11	663	663	2.47955e-05
301	12	898	898	0.000364304
301	13	3463	3463	9.91821e-05
301	14	13	13	3.8147e-06
301	15	50256	50256	0
302	5	11	11	1.52588e-05
302	6	2138	2138	0.000299454
302	7	621	621	2.47955e-05
302	8	6586	6586	0.000114441
302	9	393	393	1.90735e-06
302	10	10930	10930	9.72748e-05
302	11	13	13	0
302	12	50256	50256	0
303	5	373	373	0.0001297
303	6	15283	15283	5.34058e-05
303	7	287	287	5.72205e-06
303	8	4492	4492	6.86646e-05
303	9	287	287	9.53674e-06
303	10	1105	1105	7.24792e-05
303	11	1314	1314	3.43323e-05
303	12	13	13	0
303	13	50256	50256	0
304	5	78	78	0.000198364
304	6	1990	1990	0.000265121
304	7	15688	15688	0.000211716
304	8	338	338	0.00031662
304	9	10003	10003	0.000152588
304	10	290	290	6.29425e-05
304	11	14944	14944	0.000284195
304	12	17862	17862	0.000307083
304	13	10399	10399	0.00028038
304	14	319	319	5.72205e-06
304	15	6882	6882	0.000200272
304	16	295	295	0.000131607
304	17	371	371	0.000318527
304	18	2093	2093	0.000312805
304	19	10875	10875	0.000331879
304	20	1134	1134	0.000278473
304	21	709	709	0.000455856
304	22	13	13	0
304	23	50256	50256	0
305	5	385	385	0.000213623
305	6	6486	6486	0.000627518
305	7	287	287	5.34058e-05
305	8	644	644	0.000413895
305	9	318	318	1.52588e-05
305	10	783	783	0.000148773
305	11	7137	7137	4.00543e-05
305	12	13	13	0
305	13	50256	50256	0
306	5	286	286	4.3869e-05
306	6	262	262	0
306	7	1578	1578	4.57764e-05
306	8	7526	7526	4.19617e-05
306	9	13	13	0
306	10	50256	50256	0
307	5	29867	29867	5.53131e-05
307	6	17556	17556	0.00021553
307	7	13	13	3.8147e-06
307	8	50256	50256	1.90735e-06
308	5	25041	25041	0.000595093
308	6	30468	30468	0.000177383
308	7	326	326	7.62939e-06
308	8	645	645	8.58307e-05
308	9	2392	2392	0.000282288
308	10	8080	8080	0.000921249
308	11	8850	8850	7.62939e-06
308	12	4755	4755	0.000242233
308	13	21748	21748	0.000329971
308	14	13	13	3.8147e-06
308	15	50256	50256	0
309	5	3562	3562	0.000175476
309	6	416	416	4.57764e-05
309	7	20849	20849	0.000123978
309	8	7068	7068	6.29425e-05
309	9	449	449	0.000175476
309	10	1211	1211	9.15527e-05
309	11	7273	7273	6.10352e-05
309	12	26361	26361	3.05176e-05
309	13	13	13	0
309	14	50256	50256	0
310	5	2788	2788	0.000297546
310	6	4331	4331	0.000610352
310	7	326	326	3.43323e-05
310	8	4100	4100	0.000377655
310	9	65	65	0.00091362
310	10	2788	2788	0.000766754
310	11	481	481	0.000276566
310	12	1716	1716	0.000118256
310	13	5822	5822	0.000202179
310	14	13	13	0
310	15	50256	50256	0
311	5	5865	5865	0.000293732
311	6	15417	15417	0.000375748
311	7	389	389	0.000431061
311	8	7310	7310	0.000377655
311	9	8950	8950	0.0001297
311	10	13	13	0
311	11	50256	50256	0
312	5	28028	28028	0.000221252
312	6	1141	1141	0.000175476
312	7	262	262	1.90735e-06
312	8	1218	1218	0.000135422
312	9	39210	39210	0.000146866
312	10	37078	37078	8.2016e-05
312	11	13	13	1.90735e-06
312	12	50256	50256	0
313	5	2685	2685	0.000602722
313	6	26161	26161	0.000246048
313	7	1657	1657	0.0001297
313	8	656	656	1.14441e-05
313	9	12278	12278	6.67572e-05
313	10	2568	2568	0.000736237
313	11	13	13	1.90735e-06
313	12	50256	50256	0
314	5	355	355	5.14984e-05
314	6	2153	2153	0.000488281
314	7	2611	2611	0.000154495
314	8	3608	3608	0.000377655
314	9	82	82	0.00142097
314	10	379	379	4.76837e-05
314	11	3095	3095	4.19617e-05
314	12	12	12	7.62939e-06
314	13	78	78	0.00022316
314	14	5829	5829	0.000137329
314	15	5755	5755	7.24792e-05
314	16	3212	3212	8.96454e-05
314	17	13	13	0
314	18	50256	50256	0
315	5	407	407	6.10352e-05
315	6	3706	3706	0.000152588
315	7	12622	12622	0.000169754
315	8	45738	45738	7.43866e-05
315	9	13	13	3.8147e-06
315	10	50256	50256	0
316	5	262	262	4.19617e-05
316	6	21231	21231	0.000907898
316	7	8769	8769	0.000253677
316	8	78	78	0.000480652
316	9	43397	43397	0.000295639
316	10	257	257	9.34601e-05
316	11	5766	5766	0.000144958
316	12	286	286	7.43866e-05
316	13	530	530	3.62396e-05
316	14	7319	7319	9.34601e-05
316	15	13	13	3.8147e-06
316	16	50256	50256	0
317	5	29260	29260	0.000448227
317	6	692	692	0.000242233
317	7	295	295	0.000652313
317	8	4193	4193	0.000850677
317	9	42790	42790	0.000747681
317	10	14075	14075	0.000982285
317	11	13550	13550	0.000566483
317	12	34619	34619	0.000335693
317	13	746	746	0.000759125
317	14	82	82	0.0004673
317	15	287	287	0
317	16	262	262	0
317	17	29666	29666	0.000104904
317	18	4289	4289	3.43323e-05
317	19	13	13	1.90735e-06
317	20	50256	50256	0
318	5	925	925	9.72748e-05
318	6	422	422	0.000190735
318	7	373	373	9.53674e-05
318	8	17914	17914	0.000146866
318	9	2058	2058	0.000221252
318	10	8384	8384	0.00043869
318	11	422	422	7.05719e-05
318	12	663	663	0.000202179
318	13	1036	1036	0.000171661
318	14	515	515	0.000160217
318	15	10717	10717	0.000394821
318	16	13	13	0
318	17	50256	50256	0
319	5	422	422	2.28882e-05
319	6	262	262	1.90735e-06
319	7	16577	16577	0.000391006
319	8	9529	9529	0.000404358
319	9	528	528	0.000486374
319	10	2586	2586	0.000160217
319	11	286	286	3.8147e-06
319	12	262	262	9.53674e-06
319	13	7858	7858	0.000370026
319	14	946	946	0.000116348
319	15	4618	4618	0.000312805
319	16	13	13	0
319	17	50256	50256	0
320	5	286	286	0
320	6	262	262	0
320	7	12108	12108	0.0001297
320	8	286	286	0
320	9	5828	5828	8.01086e-05
320	10	13	13	1.90735e-06
320	11	50256	50256	0
321	5	37185	37185	0.000463486
321	6	7268	7268	0.000259399
321	7	262	262	5.72205e-06
321	8	11904	11904	3.62396e-05
321	9	973	973	0.000699997
321	10	284	284	9.53674e-06
321	11	787	787	0.000274658
321	12	11311	11311	1.52588e-05
321	13	13	13	0
321	14	50256	50256	0
322	5	29909	29909	3.8147e-05
322	6	3348	3348	9.53674e-05
322	7	656	656	6.86646e-05
322	8	15268	15268	3.43323e-05
322	9	13	13	0
322	10	50256	50256	0
323	5	734	734	0.000144958
323	6	5621	5621	0.00019455
323	7	286	286	9.53674e-06
323	8	14390	14390	0.000326157
323	9	11	11	3.62396e-05
323	10	8811	8811	0.000659943
323	11	1444	1444	2.28882e-05
323	12	25825	25825	0.000200272
323	13	290	290	1.90735e-05
323	14	356	356	0.00018692
323	15	701	701	8.58307e-05
323	16	13	13	0
323	17	50256	50256	0
324	5	257	257	1.90735e-06
324	6	1573	1573	0.000120163
324	7	338	338	0.000371933
324	8	2779	2779	1.90735e-05
324	9	11	11	8.01086e-05
324	10	9472	9472	0.0427837
324	11	257	257	0.00163841
324	12	35488	35488	0.000179291
324	13	318	318	0.000465393
324	14	7223	7223	0.00179863
324	15	706	706	0.000118256
324	16	340	340	0.000606537
324	17	13	13	0
324	18	50256	50256	0
325	5	3912	3912	5.53131e-05
325	6	1900	1900	4.95911e-05
325	7	355	355	1.52588e-05
325	8	26153	26153	4.76837e-05
325	9	338	338	3.8147e-06
325	10	16734	16734	7.24792e-05
325	11	13	13	0
325	12	50256	50256	0
326	5	318	318	1.52588e-05
326	6	25086	25086	0.000486374
326	7	13	13	0
326	8	50256	50256	2.86102e-05
327	5	976	976	0.000156403
327	6	1986	1986	0.000478745
327	7	3812	3812	0.0004673
327	8	3668	3668	0.000394821
327	9	780	780	0.000234604
327	10	663	663	6.48499e-05
327	11	13179	13179	9.91821e-05
327	12	290	290	0.000190735
327	13	13066	13066	9.72748e-05
327	14	389	389	0.000144958
327	15	47192	47192	3.43323e-05
327	16	13	13	0
327	17	50256	50256	0
328	5	20199	20199	0.000307083
328	6	1779	1779	0.00025177
328	7	4541	4541	0.000335693
328	8	4291	4291	0.000371933
328	9	257	257	3.05176e-05
328	10	4417	4417	0.000631332
328	11	32162	32162	0.00104332
328	12	2174	2174	0.000751495
328	13	262	262	7.05719e-05
328	14	1633	1633	5.53131e-05
328	15	338	338	2.86102e-05
328	16	390	390	0.000581741
328	17	86	86	0.000150681
328	18	966	966	0.000228882
328	19	13	13	0
328	20	50256	50256	0
329	5	262	262	1.90735e-06
329	6	2612	2612	0.00019455
329	7	11	11	7.62939e-06
329	8	2138	2138	3.24249e-05
329	9	621	621	3.8147e-06
329	10	6872	6872	9.53674e-05
329	11	340	340	5.91278e-05
329	12	1497	1497	0.000116348
329	13	13	13	1.90735e-06
329	14	50256	50256	0
330	5	1688	1688	0.00143623
330	6	26041	26041	0.000858307
330	7	1748	1748	0.000364304
330	8	287	287	0
330	9	1944	1944	0.000282288
330	10	12	12	2.47955e-05
330	11	820	820	0.000102997
330	12	32183	32183	4.19617e-05
330	13	13	13	0
330	14	50256	50256	0
331	5	2347	2347	0.00043869
331	6	318	318	2.28882e-05
331	7	17298	17298	0.000289917
331	8	287	287	0
331	9	663	663	3.24249e-05
331	10	29984	29984	0.000236511
331	11	13	13	1.90735e-06
331	12	50256	50256	0
332	5	257	257	1.90735e-06
332	6	46103	46103	0.000356674
332	7	326	326	0.000209808
332	8	8186	8186	0.000537872
332	9	728	728	0.000516891
332	10	416	416	5.34058e-05
332	11	16299	16299	8.7738e-05
332	12	9653	9653	0.000148773
332	13	13	13	0
332	14	50256	50256	0
333	5	33828	33828	0.000148773
333	6	2630	2630	0.000270844
333	7	262	262	5.72205e-06
333	8	4960	4960	0.000185013
333	9	670	670	0.000305176
333	10	383	383	0.000278473
333	11	17388	17388	0.000295639
333	12	286	286	3.05176e-05
333	13	5215	5215	5.72205e-05
333	14	7285	7285	0.000167847
333	15	13	13	1.90735e-06
333	16	50256	50256	0
334	5	656	656	1.52588e-05
334	6	262	262	0
334	7	12108	12108	0.000183105
334	8	286	286	9.53674e-06
334	9	5828	5828	1.33514e-05
334	10	13	13	0
334	11	50256	50256	0
335	5	1146	1146	0.000696182
335	6	14523	14523	0.000688553
335	7	12076	12076	0.000328064
335	8	4755	4755	0.000547409
335	9	5419	5419	0.000368118
335	10	7716	7716	0.000167847
335	11	663	663	1.52588e-05
335	12	14091	14091	0.000291824
335	13	2214	2214	0.000305176
335	14	13	13	0
335	15	50256	50256	0
336	5	416	416	3.8147e-06
336	6	281	281	2.67029e-05
336	7	12064	12064	8.58307e-05
336	8	900	900	0.000682831
336	9	13	13	1.90735e-06
336	10	50256	50256	0
337	5	4387	4387	0.000297546
337	6	2877	2877	0.00025177
337	7	5044	5044	0.000150681
337	8	416	416	7.62939e-05
337	9	2347	2347	4.00543e-05
337	10	13	13	0
337	11	50256	50256	0
338	5	318	318	7.62939e-06
338	6	281	281	9.91821e-05
338	7	12628	12628	8.01086e-05
338	8	1286	1286	0.000204086
338	9	35162	35162	0.000164032
338	10	19955	19955	6.86646e-05
338	11	17116	17116	4.19617e-05
338	12	13	13	0
338	13	50256	50256	0
339	5	1255	1255	0.000741959
339	6	422	422	1.52588e-05
339	7	4802	4802	0.00079155
339	8	29358	29358	0.000110626
339	9	286	286	1.90735e-06
339	10	32085	32085	0.000431061
339	11	729	729	4.19617e-05
339	12	416	416	1.71661e-05
339	13	739	739	9.15527e-05
339	14	8583	8583	0.000167847
339	15	29781	29781	0.000185013
339	16	13	13	0
339	17	50256	50256	0
340	5	4417	4417	0.000722885
340	6	11	11	2.28882e-05
340	7	340	340	0.000413895
340	8	318	318	2.28882e-05
340	9	1444	1444	2.86102e-05
340	10	28856	28856	0.000156403
340	11	13	13	7.62939e-06
340	12	50256	50256	0
341	5	31094	31094	0.000198364
341	6	9813	9813	0.00177574
341	7	3067	3067	0.000453949
341	8	379	379	0.000232697
341	9	262	262	1.90735e-06
341	10	976	976	2.09808e-05
341	11	2866	2866	0.00120926
341	12	13	13	1.90735e-06
341	13	50256	50256	0
342	5	338	338	4.57764e-05
342	6	3139	3139	2.47955e-05
342	7	11	11	4.76837e-05
342	8	319	319	1.52588e-05
342	9	262	262	6.29425e-05
342	10	2258	2258	0.000183105
342	11	5451	5451	5.34058e-05
342	12	13	13	0
342	13	50256	50256	0
343	5	290	290	7.05719e-05
343	6	262	262	0
343	7	7431	7431	0.00038147
343	8	323	323	0.000391006
343	9	2271	2271	0.000133514
343	10	389	389	0.000188828
343	11	1688	1688	0.000143051
343	12	46178	46178	0.000101089
343	13	2462	2462	8.96454e-05
343	14	873	873	0.000230789
343	15	13	13	1.90735e-06
343	16	50256	50256	0
344	5	3303	3303	8.7738e-05
344	6	13	13	0
344	7	50256	50256	0
345	5	338	338	9.34601e-05
345	6	1588	1588	0.000137329
345	7	14966	14966	0.000352859
345	8	389	389	2.47955e-05
345	9	20633	20633	7.05719e-05
345	10	416	416	1.52588e-05
345	11	16021	16021	0.000478745
345	12	300	300	0.000379562
345	13	600	600	0.000102997
345	14	1424	1424	0.000217438
345	15	13	13	0
345	16	50256	50256	0
346	5	262	262	3.8147e-06
346	6	717	717	4.3869e-05
346	7	1893	1893	0.000106812
346	8	286	286	1.90735e-06
346	9	16256	16256	0.000164032
346	10	706	706	3.8147e-06
346	11	663	663	4.00543e-05
346	12	39862	39862	4.76837e-05
346	13	286	286	0
346	14	10404	10404	3.43323e-05
346	15	13	13	0
346	16	50256	50256	0
347	5	1022	1022	0.000930786
347	6	5387	5387	0.000299454
347	7	21379	21379	0.000411987
347	8	290	290	4.3869e-05
347	9	262	262	0
347	10	7097	7097	0.000242233
347	11	2858	2858	7.62939e-05
347	12	13	13	0
347	13	50256	50256	0
348	5	17598	17598	0.000589371
348	6	318	318	1.71661e-05
348	7	262	262	3.05176e-05
348	8	4756	4756	0.000429153
348	9	832	832	0.00015831
348	10	543	543	0.000736237
348	11	4704	4704	0.000350952
348	12	8318	8318	0.000324249
348	13	13	13	0
348	14	50256	50256	0
349	5	257	257	0.000120163
349	6	8122	8122	0.000295639
349	7	416	416	5.72205e-06
349	8	10829	10829	0.000400543
349	9	5365	5365	0.000278473
349	10	26758	26758	0.000162125
349	11	17745	17745	0.000230789
349	12	13	13	0
349	13	50256	50256	0
350	5	12912	12912	0.000217438
350	6	5696	5696	0.00041008
350	7	7668	7668	0.000562668
350	8	351	351	8.7738e-05
350	9	8977	8977	0.000612259
350	10	290	290	0.000104904
350	11	26898	26898	7.24792e-05
350	12	13166	13166	0.000228882
350	13	13	13	0
350	14	50256	50256	0
351	5	14281	14281	0.000383377
351	6	393	393	3.24249e-05
351	7	28402	28402	0.000352859
351	8	7334	7334	0.00110626
351	9	329	329	0.000112534
351	10	663	663	2.09808e-05
351	11	7956	7956	4.19617e-05
351	12	5250	5250	0.00015831
351	13	15921	15921	0.000240326
351	14	13	13	1.71661e-05
351	15	50256	50256	0
352	5	11471	11471	0.000579834
352	6	11	11	5.72205e-06
352	7	41331	41331	0.000684738
352	8	286	286	2.09808e-05
352	9	21558	21558	0.000148773
352	10	460	460	0.000379562
352	11	307	307	0.000234604
352	12	24167	24167	0.000125885
352	13	284	284	7.62939e-06
352	14	1296	1296	0.00063324
352	15	262	262	1.90735e-06
352	16	7714	7714	0.000425339
352	17	286	286	7.82013e-05
352	18	257	257	3.8147e-06
352	19	8837	8837	0.000257492
352	20	13	13	0
352	21	50256	50256	0
353	5	504	504	0.000207901
353	6	23470	23470	0.00180244
353	7	36364	36364	0.00201416
353	8	1777	1777	0.000257492
353	9	2367	2367	0.000192642
353	10	656	656	1.33514e-05
353	11	37285	37285	0.000104904
353	12	338	338	1.71661e-05
353	13	6450	6450	0.000522614
353	14	6440	6440	0.000391006
353	15	41724	41724	4.3869e-05
353	16	13	13	0
353	17	50256	50256	0
354	5	4577	4577	0.000150681
354	6	284	284	3.8147e-06
354	7	10716	10716	0.000164032
354	8	416	416	9.53674e-06
354	9	9194	9194	0.000232697
354	10	7842	7842	0.000200272
354	11	1431	1431	0.000112534
354	12	4263	4263	7.24792e-05
354	13	13	13	0
354	14	50256	50256	0
355	5	3623	3623	0.000553131
355	6	326	326	5.14984e-05
355	7	30174	30174	0.000225067
355	8	691	691	0.000947952
355	9	351	351	0.000127792
355	10	1049	1049	0.000125885
355	11	8722	8722	0.000116348
355	12	739	739	4.19617e-05
355	13	8850	8850	3.05176e-05
355	14	3403	3403	7.43866e-05
355	15	13	13	0
355	16	50256	50256	0
356	5	318	318	3.62396e-05
356	6	257	257	5.72205e-06
356	7	31513	31513	0.000385284
356	8	8598	8598	0.000114441
356	9	287	287	1.90735e-06
356	10	38131	38131	0.000125885
356	11	37270	37270	5.53131e-05
356	12	13	13	0
356	13	50256	50256	0
357	5	7285	7285	0.000205994
357	6	351	351	5.53131e-05
357	7	262	262	0
357	8	289	289	0.000274658
357	9	343	343	0.00050354
357	10	363	363	0.000228882
357	11	2271	2271	0.000190735
357	12	290	290	3.24249e-05
357	13	479	479	0.00028038
357	14	265	265	0.000520706
357	15	461	461	0.000352859
357	16	2271	2271	9.91821e-05
357	17	27226	27226	0.00030899
357	18	397	397	0.00034523
357	19	3166	3166	0.000329971
357	20	13	13	1.14441e-05
357	21	50256	50256	0
358	5	2237	2237	0.000669479
358	6	13042	13042	0.000219345
358	7	13	13	6.10352e-05
358	8	50256	50256	0
359	5	46916	46916	0.00123978
359	6	286	286	4.3869e-05
359	7	530	530	0.00028038
359	8	8122	8122	0.000219345
359	9	34646	34646	0.000385284
359	10	287	287	0.000213623
359	11	1194	1194	0.000398636
359	12	2296	2296	0.000473022
359	13	2304	2304	0.000270844
359	14	856	856	0.000385284
359	15	8122	8122	0.000236511
359	16	13	13	0
359	17	50256	50256	0
360	5	890	890	0.000232697
360	6	14659	14659	0.000123978
360	7	7042	7042	0.000181198
360	8	422	422	9.34601e-05
360	9	4555	4555	7.62939e-05
360	10	37880	37880	6.29425e-05
360	11	2615	2615	5.34058e-05
360	12	7021	7021	0.000278473
360	13	13	13	0
360	14	50256	50256	0
361	5	3812	3812	0.000135422
361	6	1657	1657	0.000106812
361	7	832	832	7.62939e-05
361	8	257	257	4.57764e-05
361	9	2882	2882	0.000167847
361	10	1444	1444	5.72205e-06
361	11	2825	2825	0.000120163
361	12	34248	34248	0.000267029
361	13	1042	1042	0.000209808
361	14	13	13	0
361	15	50256	50256	0
362	5	286	286	1.90735e-06
362	6	262	262	0
362	7	13387	13387	3.8147e-05
362	8	286	286	3.8147e-06
362	9	262	262	0
362	10	311	311	0.00019455
362	11	32248	32248	4.57764e-05
362	12	32939	32939	5.91278e-05
362	13	13	13	0
362	14	50256	50256	0
363	5	9030	9030	0.000154495
363	6	973	973	0.000383377
363	7	28713	28713	0.000154495
363	8	284	284	1.52588e-05
363	9	2746	2746	5.14984e-05
363	10	37209	37209	8.39233e-05
363	11	16006	16006	6.29425e-05
363	12	13	13	0
363	13	50256	50256	0
364	5	35831	35831	0.000196457
364	6	26664	26664	0.000139236
364	7	4735	4735	0.000295639
364	8	422	422	5.72205e-06
364	9	257	257	1.33514e-05
364	10	8122	8122	5.72205e-05
364	11	13	13	0
364	12	50256	50256	0
365	5	290	290	7.62939e-05
365	6	1336	1336	0.00101852
365	7	31093	31093	0.000320435
365	8	11	11	4.3869e-05
365	9	618	618	0.000118256
365	10	6591	6591	0.000679016
365	11	290	290	5.72205e-06
365	12	25572	25572	5.91278e-05
365	13	40738	40738	0.000114441
365	14	3048	3048	0.000261307
365	15	19594	19594	0.000232697
365	16	1123	1123	0.000473022
365	17	584	584	0.000165939
365	18	13	13	0
365	19	50256	50256	0
366	5	4477	4477	0.000452042
366	6	881	881	0.000270844
366	7	286	286	0
366	8	663	663	1.71661e-05
366	9	1903	1903	0.000139236
366	10	2478	2478	0.000259399
366	11	2641	2641	0.000303268
366	12	663	663	1.71661e-05
366	13	2802	2802	0.000137329
366	14	338	338	5.53131e-05
366	15	36594	36594	0.000141144
366	16	13	13	0
366	17	50256	50256	0
367	5	3734	3734	0.000537872
367	6	32908	32908	0.000333786
367	7	326	326	5.72205e-05
367	8	3342	3342	0.000146866
367	9	2344	2344	0.000495911
367	10	39895	39895	0.000131607
367	11	282	282	0.000534058
367	12	13	13	3.8147e-06
367	13	50256	50256	0
368	5	422	422	4.95911e-05
368	6	262	262	0
368	7	21405	21405	0.000301361
368	8	286	286	1.90735e-06
368	9	269	269	0.000198364
368	10	967	967	0.000318527
368	11	26210	26210	0.000228882
368	12	7150	7150	0.00028801
368	13	13	13	0
368	14	50256	50256	0
369	5	26948	26948	0.000593185
369	6	318	318	1.14441e-05
369	7	257	257	1.90735e-06
369	8	9403	9403	0.000492096
369	9	13	13	0.000310898
369	10	50256	50256	0
370	5	1321	1321	8.01086e-05
370	6	355	355	7.05719e-05
370	7	880	880	0.000179291
370	8	355	355	1.14441e-05
370	9	663	663	0.000162125
370	10	21437	21437	3.24249e-05
370	11	13	13	0
370	12	50256	50256	0
371	5	1735	1735	0.000534058
371	6	4129	4129	0.000209808
371	7	15082	15082	0.00105476
371	8	444	444	0.00124168
371	9	663	663	0.000631332
371	10	1989	1989	1.33514e-05
371	11	416	416	0.00015831
371	12	1440	1440	0.00104141
371	13	13	13	2.86102e-05
371	14	50256	50256	0
372	5	14807	14807	7.24792e-05
372	6	1444	1444	0.000118256
372	7	262	262	1.90735e-06
372	8	2258	2258	0.000125885
372	9	5451	5451	5.34058e-05
372	10	290	290	5.72205e-06
372	11	2520	2520	0.000232697
372	12	5451	5451	7.62939e-05
372	13	13	13	0
372	14	50256	50256	0
373	5	262	262	1.71661e-05
373	6	4151	4151	0.000795364
373	7	832	832	0.000432968
373	8	262	262	0
373	9	34047	34047	0.000566483
373	10	13	13	0
373	11	50256	50256	0
374	5	286	286	1.90735e-05
374	6	262	262	1.90735e-06
374	7	25730	25730	8.01086e-05
374	8	17628	17628	0.000131607
374	9	3923	3923	0.000114441
374	10	13	13	1.90735e-06
374	11	50256	50256	0
375	5	4069	4069	0.000629425
375	6	351	351	0.00012207
375	7	281	281	4.95911e-05
375	8	2938	2938	0.000230789
375	9	1255	1255	0.000154495
375	10	13	13	0
375	11	50256	50256	0
376	5	8830	8830	0.000326157
376	6	3340	3340	0.000154495
376	7	290	290	5.72205e-06
376	8	262	262	0
376	9	1578	1578	0.000160217
376	10	1829	1829	4.95911e-05
376	11	13	13	0
376	12	50256	50256	0
377	5	17517	17517	0.000183105
377	6	287	287	3.8147e-06
377	7	15142	15142	0.000150681
377	8	318	318	1.14441e-05
377	9	7173	7173	0.000263214
377	10	3917	3917	0.000143051
377	11	351	351	5.72205e-06
377	12	7068	7068	0.000185013
377	13	9261	9261	5.14984e-05
377	14	72	72	0.000265121
377	15	402	402	0.000154495
377	16	31330	31330	5.91278e-05
377	17	13	13	0
377	18	50256	50256	0
378	5	284	284	3.8147e-06
378	6	663	663	0
378	7	8373	8373	0.000135422
378	8	13	13	0
378	9	50256	50256	0
379	5	1748	1748	0.000209808
379	6	351	351	1.90735e-06
379	7	3881	3881	0.00022316
379	8	12	12	3.24249e-05
379	9	8968	8968	0.000232697
379	10	28814	28814	0.00025177
379	11	287	287	1.90735e-06
379	12	8078	8078	3.43323e-05
379	13	13	13	0
379	14	50256	50256	0
380	5	257	257	1.14441e-05
380	6	6994	6994	0.00180435
380	7	1271	1271	0.000629425
380	8	13	13	0
380	9	50256	50256	0
381	5	2392	2392	0.000423431
381	6	28400	28400	0.000322342
381	7	621	621	5.72205e-06
381	8	4171	4171	0.00034523
381	9	7424	7424	0.000253677
381	10	1657	1657	0.000333786
381	11	13	13	0
381	12	50256	50256	0
382	5	21622	21622	0.00028038
382	6	416	416	1.33514e-05
382	7	511	511	5.91278e-05
382	8	6625	6625	0.000360489
382	9	284	284	9.53674e-06
382	10	34688	34688	8.39233e-05
382	11	13	13	0
382	12	50256	50256	0
383	5	12866	12866	0.000202179
383	6	278	278	0.000324249
383	7	20365	20365	0.000228882
383	8	3033	3033	0.000143051
383	9	262	262	1.90735e-06
383	10	2095	2095	0.000150681
383	11	25846	25846	0.000188828
383	12	565	565	0.00025177
383	13	733	733	0.000238419
383	14	13	13	4.00543e-05
383	15	50256	50256	0
384	5	313	313	0.00133133
384	6	48406	48406	0.000772476
384	7	50195	50195	0.00062561
384	8	6296	6296	0.000299454
384	9	24287	24287	0.000728607
384	10	286	286	7.05719e-05
384	11	3660	3660	0.000255585
384	12	5828	5828	0.00012207
384	13	2254	2254	0.000244141
384	14	13	13	0
384	15	50256	50256	0
385	5	2618	2618	0.000524521
385	6	1080	1080	0.000177383
385	7	11	11	0.000167847
385	8	257	257	7.05719e-05
385	9	5421	5421	0.00112343
385	10	29973	29973	0.000207901
385	11	13066	13066	4.00543e-05
385	12	318	318	1.90735e-06
385	13	281	281	0.000185013
385	14	30004	30004	0.000188828
385	15	541	541	0.00019455
385	16	325	325	0.00107193
385	17	13	13	0
385	18	50256	50256	0
386	5	7729	7729	0.000106812
386	6	422	422	0.000125885
386	7	7446	7446	0.000406265
386	8	284	284	1.90735e-05
386	9	12183	12183	0.000211716
386	10	418	418	2.28882e-05
386	11	2586	2586	0.000648499
386	12	13	13	0
386	13	50256	50256	0
387	5	12022	12022	0.000595093
387	6	373	373	0.000110626
387	7	257	257	7.62939e-06
387	8	1748	1748	0.000835419
387	9	286	286	2.47955e-05
387	10	262	262	0
387	11	6156	6156	9.53674e-05
387	12	1423	1423	0.000200272
387	13	385	385	0.000257492
387	14	6916	6916	0.00041008
387	15	14355	14355	0.000236511
387	16	13	13	3.8147e-06
387	17	50256	50256	0
388	5	656	656	0.000188828
388	6	257	257	1.90735e-06
388	7	1296	1296	5.34058e-05
388	8	5292	5292	0.000192642
388	9	284	284	4.95911e-05
388	10	21363	21363	6.67572e-05
388	11	663	663	2.67029e-05
388	12	10154	10154	6.29425e-05
388	13	13	13	0
388	14	50256	50256	0
389	5	8899	8899	0.00106049
389	6	35076	35076	0.000907898
389	7	18180	18180	0.000864029
389	8	3745	3745	0.000360489
389	9	257	257	0.000133514
389	10	1588	1588	0.000448227
389	11	25979	25979	0.000143051
389	12	287	287	1.52588e-05
389	13	19483	19483	0.000274658
389	14	290	290	0
389	15	3794	3794	0.000303268
389	16	13	13	3.8147e-06
389	17	50256	50256	0
390	5	1296	1296	0.0010376
390	6	257	257	0.00022316
390	7	14153	14153	4.95911e-05
390	8	1339	1339	0.000127792
390	9	1088	1088	0.000127792
390	10	262	262	0
390	11	3632	3632	0.000139236
390	12	13	13	0
390	13	50256	50256	0
391	5	1262	1262	5.91278e-05
391	6	12278	12278	8.39233e-05
391	7	10425	10425	0.000242233
391	8	290	290	5.72205e-06
391	9	5931	5931	5.14984e-05
391	10	2085	2085	2.67029e-05
391	11	9302	9302	2.09808e-05
391	12	13	13	0
391	13	50256	50256	0
392	5	286	286	7.62939e-06
392	6	257	257	1.14441e-05
392	7	6808	6808	0.000631332
392	8	11	11	0.000453949
392	9	257	257	0.000955582
392	10	1688	1688	0.000255585
392	11	2368	2368	0.000284195
392	12	11	11	0
392	13	290	290	0.000310898
392	14	257	257	1.14441e-05
392	15	2818	2818	0.000167847
392	16	8150	8150	0.000230789
392	17	13	13	1.52588e-05
392	18	50256	50256	0
393	5	734	734	7.62939e-06
393	6	3891	3891	0.000104904
393	7	329	329	3.62396e-05
393	8	262	262	0
393	9	976	976	0.000137329
393	10	33158	33158	0.0001297
393	11	13833	13833	3.24249e-05
393	12	13	13	0
393	13	50256	50256	0
394	5	3578	3578	0.000587463
394	6	38575	38575	0.000400543
394	7	13871	13871	0.000207901
394	8	621	621	1.52588e-05
394	9	262	262	0
394	10	1388	1388	0.000282288
394	11	5046	5046	0.000253677
394	12	3436	3436	0.000350952
394	13	13	13	0
394	14	50256	50256	0
395	5	44504	44504	0.000802994
395	6	422	422	0.00031662
395	7	12734	12734	0.000507355
395	8	290	290	0.00021553
395	9	10385	10385	0.000165939
395	10	340	340	0.000354767
395	11	656	656	8.7738e-05
395	12	12498	12498	0.000717163
395	13	13	13	1.52588e-05
395	14	50256	50256	0
396	5	832	832	1.90735e-06
396	6	257	257	1.14441e-05
396	7	1429	1429	6.10352e-05
396	8	1444	1444	3.8147e-06
396	9	285	285	6.29425e-05
396	10	13929	13929	0.0001297
396	11	2649	2649	5.53131e-05
396	12	13	13	0
396	13	50256	50256	0
397	5	422	422	9.53674e-06
397	6	262	262	0
397	7	25572	25572	0.000226974
397	8	4417	4417	0.000104904
397	9	13	13	1.90735e-06
397	10	50256	50256	0
398	5	11	11	0.000257492
398	6	475	475	0.000118256
398	7	407	407	0.000116348
398	8	790	790	0.000148773
398	9	35991	35991	0.000471115
398	10	318	318	5.14984e-05
398	11	257	257	0.000305176
398	12	6616	6616	0.00176048
398	13	13	13	0
398	14	50256	50256	0
399	5	618	618	0.000152588
399	6	663	663	3.8147e-06
399	7	13042	13042	5.72205e-06
399	8	12611	12611	0.000349045
399	9	378	378	0.000469208
399	10	706	706	0.000133514
399	11	852	852	0.00019455
399	12	458	458	4.3869e-05
399	13	17758	17758	7.82013e-05
399	14	13	13	0
399	15	50256	50256	0
400	5	4351	4351	0.000427246
400	6	416	416	0.000230789
400	7	15637	15637	0.000591278
400	8	369	369	0.000383377
400	9	11124	11124	0.000469208
400	10	290	290	1.90735e-05
400	11	24748	24748	0.00031662
400	12	596	596	0.000205994
400	13	1022	1022	7.05719e-05
400	14	663	663	9.53674e-05
400	15	7714	7714	0.000343323
400	16	13	13	2.28882e-05
400	17	50256	50256	0
401	5	1458	1458	0.00109673
401	6	1437	1437	0.000360489
401	7	355	355	1.52588e-05
401	8	340	340	0.00015831
401	9	30174	30174	0.000150681
401	10	351	351	2.67029e-05
401	11	15938	15938	0.00037384
401	12	287	287	7.62939e-06
401	13	663	663	0
401	14	21334	21334	0.000370026
401	15	13	13	0
401	16	50256	50256	0
402	5	373	373	2.28882e-05
402	6	3170	3170	7.62939e-06
402	7	329	329	0.000169754
402	8	262	262	0
402	9	6342	6342	7.62939e-05
402	10	45357	45357	0.000198364
402	11	286	286	9.53674e-06
402	12	49545	49545	0.000135422
402	13	13	13	0
402	14	50256	50256	0
403	5	15268	15268	0.000183105
403	6	290	290	0.000415802
403	7	13532	13532	0.000167847
403	8	2427	2427	0.000228882
403	9	286	286	3.8147e-06
403	10	691	691	0.0004673
403	11	257	257	0.000392914
403	12	5969	5969	0.000267029
403	13	10706	10706	0.000135422
403	14	286	286	5.72205e-06
403	15	17848	17848	5.14984e-05
403	16	13	13	0
403	17	50256	50256	0
404	5	28408	28408	0.000761032
404	6	430	430	0.00365257
404	7	704	704	0.000871658
404	8	1313	1313	0.0016346
404	9	389	389	0.000284195
404	10	1440	1440	0.000642776
404	11	1602	1602	7.82013e-05
404	12	14796	14796	2.47955e-05
404	13	44360	44360	0.00107956
404	14	13	13	4.00543e-05
404	15	50256	50256	0
405	5	18665	18665	7.05719e-05
405	6	1660	1660	2.28882e-05
405	7	284	284	2.09808e-05
405	8	11684	11684	0.000139236
405	9	290	290	2.09808e-05
405	10	4736	4736	4.3869e-05
405	11	13	13	0
405	12	50256	50256	0
406	5	21891	21891	0.000123978
406	6	11	11	3.8147e-06
406	7	281	281	1.71661e-05
406	8	6156	6156	0.000183105
406	9	19517	19517	0.000162125
406	10	1748	1748	3.62396e-05
406	11	13	13	0
406	12	50256	50256	0
407	5	43088	43088	5.34058e-05
407	6	351	351	0
407	7	471	471	0.000171661
407	8	12	12	5.72205e-06
407	9	16760	16760	4.00543e-05
407	10	3272	3272	3.24249e-05
407	11	9004	9004	1.71661e-05
407	12	13	13	0
407	13	50256	50256	0
408	5	13108	13108	5.14984e-05
408	6	10340	10340	5.14984e-05
408	7	13	13	0
408	8	50256	50256	1.90735e-06
409	5	4645	4645	0.000587463
409	6	4635	4635	0.000148773
409	7	416	416	9.53674e-06
409	8	1728	1728	0.000219345
409	9	38467	38467	0.000257492
409	10	13	13	1.90735e-06
409	11	50256	50256	0
410	5	810	810	0.000240326
410	6	27163	27163	0.000341415
410	7	33408	33408	0.000278473
410	8	12188	12188	0.000402451
410	9	510	510	0.00043869
410	10	1474	1474	0.000135422
410	11	257	257	7.62939e-05
410	12	7850	7850	0.000110626
410	13	338	338	3.8147e-06
410	14	5422	5422	0.000139236
410	15	13	13	1.14441e-05
410	16	50256	50256	0
411	5	41578	41578	0.000253677
411	6	11	11	7.62939e-06
411	7	1474	1474	5.72205e-05
411	8	262	262	1.33514e-05
411	9	8211	8211	0.000125885
411	10	7051	7051	9.53674e-05
411	11	13	13	5.72205e-06
411	12	50256	50256	0
412	5	9565	9565	0.00018692
412	6	24049	24049	0.000257492
412	7	862	862	0.000484467
412	8	11	11	4.3869e-05
412	9	336	336	0.000513077
412	10	15515	15515	0.000137329
412	11	11	11	1.71661e-05
412	12	290	290	9.53674e-06
412	13	584	584	6.86646e-05
412	14	16759	16759	8.01086e-05
412	15	13	13	0
412	16	50256	50256	0
413	5	286	286	3.43323e-05
413	6	734	734	0.000238419
413	7	6134	6134	0.000150681
413	8	523	523	0.000541687
413	9	326	326	4.95911e-05
413	10	484	484	0.000255585
413	11	1663	1663	0.0001297
413	12	1978	1978	4.00543e-05
413	13	13	13	0
413	14	50256	50256	0
414	5	925	925	0.000152588
414	6	416	416	5.72205e-06
414	7	10708	10708	0.000619888
414	8	290	290	4.19617e-05
414	9	23610	23610	0.000200272
414	10	7135	7135	0.000167847
414	11	22670	22670	8.58307e-05
414	12	286	286	1.90735e-06
414	13	3348	3348	0.000259399
414	14	13	13	0
414	15	50256	50256	0
415	5	15568	15568	0.000598907
415	6	1864	1864	0.00321198
415	7	284	284	0.00031662
415	8	7729	7729	0.000486374
415	9	5281	5281	0.000579834
415	10	416	416	1.90735e-06
415	11	31228	31228	0.000179291
415	12	25897	25897	0.000131607
415	13	13	13	0
415	14	50256	50256	0
416	5	4909	4909	0.00050354
416	6	749	749	0.000810623
416	7	286	286	0
416	8	22779	22779	0.000144958
416	9	8602	8602	0.00019455
416	10	290	290	3.8147e-06
416	11	19101	19101	0.00015831
416	12	13	13	0
416	13	50256	50256	0
417	5	5478	5478	0.000156403
417	6	338	338	2.28882e-05
417	7	10596	10596	0.000314713
417	8	7051	7051	0.000150681
417	9	11	11	8.96454e-05
417	10	318	318	1.52588e-05
417	11	262	262	1.90735e-06
417	12	3139	3139	3.05176e-05
417	13	286	286	1.52588e-05
417	14	49657	49657	7.82013e-05
417	15	13	13	0
417	16	50256	50256	0
418	5	874	874	0.000722885
418	6	7330	7330	0.000297546
418	7	20901	20901	0.000276566
418	8	422	422	3.43323e-05
418	9	33773	33773	0.000110626
418	10	2877	2877	0.000190735
418	11	1626	1626	0.000396729
418	12	511	511	1.14441e-05
418	13	21379	21379	0.000125885
418	14	13	13	0
418	15	50256	50256	0
419	5	543	543	0.000148773
419	6	2568	2568	7.62939e-05
419	7	318	318	4.57764e-05
419	8	11172	11172	0.000883102
419	9	393	393	7.62939e-06
419	10	670	670	0.000509262
419	11	318	318	0.000102997
419	12	1760	1760	4.76837e-05
419	13	13	13	0
419	14	50256	50256	0
420	5	6364	6364	0.00356483
420	6	3585	3585	0.00397491
420	7	284	284	8.2016e-05
420	8	530	530	0.000169754
420	9	1194	1194	0.000164032
420	10	1973	1973	0.000284195
420	11	3668	3668	0.000440598
420	12	338	338	0.000932693
420	13	4417	4417	6.48499e-05
420	14	13	13	3.8147e-06
420	15	50256	50256	0
421	5	19853	19853	0.000286102
421	6	16736	16736	0.000232697
421	7	2029	2029	0.000423431
421	8	262	262	1.90735e-06
421	9	4417	4417	3.05176e-05
421	10	286	286	1.52588e-05
421	11	8706	8706	0.000209808
421	12	13	13	0
421	13	50256	50256	0
422	5	8384	8384	2.67029e-05
422	6	329	329	5.14984e-05
422	7	663	663	4.19617e-05
422	8	35988	35988	0.000102997
422	9	5667	5667	2.09808e-05
422	10	13	13	0
422	11	50256	50256	0
423	5	929	929	0.000207901
423	6	8231	8231	0.000125885
423	7	11	11	3.8147e-05
423	8	407	407	2.86102e-05
423	9	1866	1866	0.000101089
423	10	286	286	1.71661e-05
423	11	262	262	1.52588e-05
423	12	6842	6842	0.000600815
423	13	1641	1641	0.000303268
423	14	13	13	0
423	15	50256	50256	0
424	5	416	416	1.90735e-06
424	6	41878	41878	0.000665665
424	7	1402	1402	0.000434875
424	8	5207	5207	0.000362396
424	9	286	286	0
424	10	2587	2587	0.000133514
424	11	13	13	0
424	12	50256	50256	0
425	5	6588	6588	0.00034523
425	6	23235	23235	0.000226974
425	7	326	326	3.43323e-05
425	8	460	460	5.53131e-05
425	9	10649	10649	0.000205994
425	10	1613	1613	0.000469208
425	11	530	530	0.000156403
425	12	1194	1194	0.000291824
425	13	13	13	0
425	14	50256	50256	0
426	5	422	422	7.62939e-06
426	6	14659	14659	0.000352859
426	7	286	286	0
426	8	23206	23206	0.000181198
426	9	17045	17045	9.72748e-05
426	10	13	13	0
426	11	50256	50256	0
427	5	1111	1111	0.000442505
427	6	5594	5594	0.000141144
427	7	284	284	1.33514e-05
427	8	262	262	3.8147e-06
427	9	285	285	2.28882e-05
427	10	692	692	0.00041008
427	11	17990	17990	6.67572e-05
427	12	1448	1448	0.000127792
427	13	13	13	0
427	14	50256	50256	0
428	5	286	286	3.8147e-06
428	6	16639	16639	0.000133514
428	7	544	544	0.000179291
428	8	11	11	9.53674e-06
428	9	635	635	0.000213623
428	10	1444	1444	0.000211716
428	11	262	262	1.90735e-06
428	12	16639	16639	4.95911e-05
428	13	2066	2066	7.62939e-05
428	14	13	13	0
428	15	50256	50256	0
429	5	832	832	2.86102e-05
429	6	47683	47683	0.000490189
429	7	290	290	1.90735e-05
429	8	8106	8106	0.000339508
429	9	503	503	0.00025177
429	10	2057	2057	0.000284195
429	11	13166	13166	0.000356674
429	12	13	13	1.90735e-06
429	13	50256	50256	0
430	5	16839	16839	0.000484467
430	6	338	338	2.86102e-05
430	7	2292	2292	0.000368118
430	8	15947	15947	5.91278e-05
430	9	663	663	7.62939e-06
430	10	1295	1295	0.000123978
430	11	1988	1988	9.15527e-05
430	12	13	13	0
430	13	50256	50256	0
431	5	20629	20629	0.00015831
431	6	284	284	0
431	7	11007	11007	9.72748e-05
431	8	12967	12967	3.62396e-05
431	9	902	902	3.05176e-05
431	10	13	13	0
431	11	50256	50256	0
432	5	262	262	7.62939e-06
432	6	6869	6869	0.000715256
432	7	8318	8318	0.000492096
432	8	832	832	1.52588e-05
432	9	3668	3668	2.47955e-05
432	10	338	338	1.90735e-06
432	11	9082	9082	0.000160217
432	12	13	13	0
432	13	50256	50256	0
433	5	29410	29410	0.000207901
433	6	544	544	0.000490189
433	7	290	290	8.58307e-05
433	8	3354	3354	0.000185013
433	9	286	286	3.8147e-06
433	10	7840	7840	9.53674e-05
433	11	22779	22779	0.000183105
433	12	2031	2031	0.000293732
433	13	13	13	0
433	14	50256	50256	0
434	5	290	290	0.000326157
434	6	37919	37919	0.000228882
434	7	710	710	0.000944138
434	8	16189	16189	0.000234604
434	9	3822	3822	0.000793457
434	10	1656	1656	0.000453949
434	11	287	287	0
434	12	24956	24956	7.62939e-05
434	13	290	290	4.76837e-05
434	14	14173	14173	0.000167847
434	15	2247	2247	0.000144958
434	16	13	13	3.8147e-06
434	17	50256	50256	0
435	5	893	893	0.000526428
435	6	325	325	0.000196457
435	7	385	385	0.000131607
435	8	2111	2111	0.000364304
435	9	284	284	9.53674e-06
435	10	1441	1441	0.000392914
435	11	1363	1363	0.000562668
435	12	706	706	0.000492096
435	13	262	262	0
435	14	44695	44695	5.91278e-05
435	15	1810	1810	4.3869e-05
435	16	13	13	0
435	17	50256	50256	0
436	5	12277	12277	9.53674e-05
436	6	12	12	3.05176e-05
436	7	11545	11545	6.67572e-05
436	8	10340	10340	4.00543e-05
436	9	13	13	1.90735e-06
436	10	50256	50256	0
437	5	30176	30176	0.000162125
437	6	4778	4778	0.000265121
437	7	1444	1444	0.000364304
437	8	32858	32858	0.000333786
437	9	290	290	7.24792e-05
437	10	47314	47314	0.000135422
437	11	13	13	0
437	12	50256	50256	0
438	5	15358	15358	0.000284195
438	6	1505	1505	0.000577927
438	7	11	11	2.28882e-05
438	8	543	543	9.15527e-05
438	9	5419	5419	7.43866e-05
438	10	1296	1296	0.000507355
438	11	257	257	5.14984e-05
438	12	14153	14153	0.00028801
438	13	4417	4417	0.000408173
438	14	7679	7679	0.000352859
438	15	13	13	2.47955e-05
438	16	50256	50256	0
439	5	24240	24240	0.000522614
439	6	318	318	4.19617e-05
439	7	257	257	7.62939e-05
439	8	8234	8234	0.00484085
439	9	772	772	0.00170708
439	10	996	996	0.000606537
439	11	340	340	0.000108719
439	12	318	318	9.53674e-06
439	13	8811	8811	0.00126839
439	14	973	973	0.000282288
439	15	355	355	0
439	16	257	257	1.33514e-05
439	17	20236	20236	0.000131607
439	18	13	13	1.90735e-05
439	19	50256	50256	0
440	5	286	286	0
440	6	734	734	7.62939e-06
440	7	13043	13043	0.000284195
440	8	11	11	3.62396e-05
440	9	1690	1690	0.00160217
440	10	5399	5399	0.000629425
440	11	1978	1978	3.24249e-05
440	12	13	13	0
440	13	50256	50256	0
441	5	42085	42085	0.000139236
441	6	2138	2138	1.90735e-06
441	7	621	621	3.8147e-05
441	8	2641	2641	0.000398636
441	9	262	262	4.76837e-05
441	10	3096	3096	0.000259399
441	11	338	338	2.67029e-05
441	12	24438	24438	0.000213623
441	13	13	13	0
441	14	50256	50256	0
442	5	9530	9530	0.000148773
442	6	5866	5866	1.52588e-05
442	7	11	11	7.24792e-05
442	8	318	318	2.67029e-05
442	9	2520	2520	0.000480652
442	10	4969	4969	4.76837e-05
442	11	338	338	4.57764e-05
442	12	3139	3139	0.000400543
442	13	13	13	0
442	14	50256	50256	0
443	5	21031	21031	0.000267029
443	6	15974	15974	0.000198364
443	7	351	351	2.28882e-05
443	8	511	511	8.01086e-05
443	9	16976	16976	0.000146866
443	10	2166	2166	0.000106812
443	11	7405	7405	0.000289917
443	12	13	13	3.62396e-05
443	13	50256	50256	0
444	5	422	422	3.8147e-06
444	6	530	530	1.52588e-05
444	7	3303	3303	0.000209808
444	8	656	656	7.62939e-05
444	9	1194	1194	0.000114441
444	10	10552	10552	7.82013e-05
444	11	13	13	0
444	12	50256	50256	0
445	5	262	262	1.14441e-05
445	6	717	717	0.000110626
445	7	290	290	9.15527e-05
445	8	2368	2368	0.000185013
445	9	13620	13620	0.000185013
445	10	286	286	9.34601e-05
445	11	262	262	2.86102e-05
445	12	25572	25572	5.91278e-05
445	13	6772	6772	0.000183105
445	14	13	13	0
445	15	50256	50256	0
446	5	9052	9052	0.000213623
446	6	460	460	0.000139236
446	7	21155	21155	0.000116348
446	8	257	257	1.90735e-06
446	9	15004	15004	0.000160217
446	10	13	13	0
446	11	50256	50256	0
447	5	286	286	3.05176e-05
447	6	18064	18064	0.000284195
447	7	24969	24969	0.00038147
447	8	803	803	9.15527e-05
447	9	5186	5186	0.000333786
447	10	290	290	3.8147e-06
447	11	14091	14091	0.000144958
447	12	7032	7032	4.19617e-05
447	13	13	13	0
447	14	50256	50256	0
448	5	17456	17456	7.62939e-05
448	6	338	338	4.3869e-05
448	7	3139	3139	5.72205e-06
448	8	11	11	5.34058e-05
448	9	1474	1474	5.34058e-05
448	10	262	262	0
448	11	843	843	2.67029e-05
448	12	274	274	5.53131e-05
448	13	21124	21124	0.000236511
448	14	13	13	0
448	15	50256	50256	0
449	5	49810	49810	8.01086e-05
449	6	5788	5788	0.000371933
449	7	3025	3025	0.00201988
449	8	26741	26741	0.000656128
449	9	460	460	5.72205e-05
449	10	1656	1656	0.000614166
449	11	355	355	6.86646e-05
449	12	7987	7987	0.000673294
449	13	38980	38980	6.86646e-05
449	14	37783	37783	0.00025177
449	15	13	13	0
449	16	50256	50256	0
450	5	31685	31685	0.000541687
450	6	82	82	0.000205994
450	7	1588	1588	0.000452042
450	8	12	12	2.47955e-05
450	9	9888	9888	0.000350952
450	10	3867	3867	0.00167847
450	11	1633	1633	0.000741959
450	12	284	284	7.62939e-06
450	13	262	262	3.8147e-06
450	14	826	826	0.000162125
450	15	287	287	3.8147e-06
450	16	262	262	1.90735e-06
450	17	8342	8342	0.000278473
450	18	42811	42811	0.000108719
450	19	13	13	1.90735e-06
450	20	50256	50256	0
451	5	530	530	4.95911e-05
451	6	3470	3470	0.000133514
451	7	7370	7370	0.000135422
451	8	34186	34186	0.000137329
451	9	739	739	0.000192642
451	10	530	530	3.62396e-05
451	11	8137	8137	9.72748e-05
451	12	286	286	0
451	13	3833	3833	5.91278e-05
451	14	13	13	0
451	15	50256	50256	0
452	5	262	262	0
452	6	886	886	0.000816345
452	7	286	286	4.3869e-05
452	8	257	257	3.8147e-06
452	9	1277	1277	0.000274658
452	10	3194	3194	0.000305176
452	11	1808	1808	0.000455856
452	12	287	287	9.53674e-06
452	13	3594	3594	0.000570297
452	14	13	13	1.90735e-05
452	15	50256	50256	0
453	5	17556	17556	3.43323e-05
453	6	287	287	1.90735e-06
453	7	663	663	0.000637054
453	8	4735	4735	7.05719e-05
453	9	1296	1296	0.000127792
453	10	13	13	0
453	11	50256	50256	0
454	5	402	402	0.000289917
454	6	5350	5350	0.00018692
454	7	318	318	0.000341415
454	8	636	636	0.000213623
454	9	286	286	2.86102e-05
454	10	262	262	1.90735e-06
454	11	4025	4025	0.000171661
454	12	8882	8882	0.000268936
454	13	397	397	0.00103378
454	14	9869	9869	0.000385284
454	15	1045	1045	0.000144958
454	16	13	13	0
454	17	50256	50256	0
455	5	2033	2033	0.000434875
455	6	286	286	1.33514e-05
455	7	26306	26306	0.000146866
455	8	37056	37056	0.000341415
455	9	287	287	3.8147e-06
455	10	32085	32085	0.000419617
455	11	729	729	0.000123978
455	12	13	13	0
455	13	50256	50256	0
456	5	712	712	0.000154495
456	6	39781	39781	0.000160217
456	7	2630	2630	0.000370026
456	8	262	262	1.90735e-06
456	9	5337	5337	0.000244141
456	10	2094	2094	8.96454e-05
456	11	2264	2264	5.14984e-05
456	12	844	844	0.000406265
456	13	1258	1258	4.95911e-05
456	14	13	13	0
456	15	50256	50256	0
457	5	411	411	0.000255585
457	6	15695	15695	0.000110626
457	7	78	78	0.00038147
457	8	1724	1724	0.000114441
457	9	284	284	7.62939e-06
457	10	1716	1716	0.000228882
457	11	11835	11835	5.14984e-05
457	12	27089	27089	3.8147e-05
457	13	13	13	0
457	14	50256	50256	0
458	5	14520	14520	0.000238419
458	6	318	318	5.91278e-05
458	7	663	663	0
458	8	25317	25317	8.58307e-05
458	9	13	13	0
458	10	50256	50256	0
459	5	1180	1180	9.34601e-05
459	6	13204	13204	0.000339508
459	7	5107	5107	0.000421524
459	8	286	286	3.8147e-06
459	9	262	262	1.52588e-05
459	10	5002	5002	0.000774384
459	11	6588	6588	0.000537872
459	12	13	13	0
459	13	50256	50256	0
460	5	17465	17465	0.000455856
460	6	15225	15225	0.000429153
460	7	857	857	0.00012207
460	8	407	407	0.000329971
460	9	6338	6338	0.000125885
460	10	11169	11169	9.91821e-05
460	11	3703	3703	0.000160217
460	12	326	326	1.90735e-05
460	13	373	373	0.000185013
460	14	1239	1239	9.15527e-05
460	15	6264	6264	7.24792e-05
460	16	13	13	1.90735e-06
460	17	50256	50256	0
461	5	525	525	0.000478745
461	6	907	907	0.000444412
461	7	11	11	4.00543e-05
461	8	308	308	0.000185013
461	9	676	676	0.00021553
461	10	2188	2188	0.000370026
461	11	7150	7150	0.000774384
461	12	14999	14999	0.000389099
461	13	511	511	7.62939e-06
461	14	5667	5667	0.000171661
461	15	1123	1123	7.43866e-05
461	16	23608	23608	0.000360489
461	17	13	13	0
461	18	50256	50256	0
462	5	12748	12748	0.00107384
462	6	7463	7463	0.000497818
462	7	5563	5563	0.00117493
462	8	423	423	0.00137711
462	9	6702	6702	0.000749588
462	10	262	262	1.52588e-05
462	11	976	976	2.86102e-05
462	12	20309	20309	0.00053215
462	13	618	618	6.67572e-05
462	14	1633	1633	0.000537872
462	15	6625	6625	0.000219345
462	16	318	318	3.05176e-05
462	17	36480	36480	0.000162125
462	18	13	13	0
462	19	50256	50256	0
463	5	511	511	1.71661e-05
463	6	11904	11904	0.000139236
463	7	287	287	7.62939e-06
463	8	47314	47314	0.000812531
463	9	2138	2138	0.000183105
463	10	621	621	5.53131e-05
463	11	15921	15921	0.000104904
463	12	13	13	0
463	13	50256	50256	0
464	5	530	530	1.52588e-05
464	6	7319	7319	8.7738e-05
464	7	10700	10700	7.62939e-05
464	8	13	13	2.47955e-05
464	9	50256	50256	0
465	5	3372	3372	0.000188828
465	6	14644	14644	0.000116348
465	7	2291	2291	0.000368118
465	8	4263	4263	0.000402451
465	9	286	286	1.90735e-06
465	10	14260	14260	4.95911e-05
465	11	290	290	1.14441e-05
465	12	40317	40317	8.2016e-05
465	13	13	13	1.90735e-06
465	14	50256	50256	0
466	5	6795	6795	0.000135422
466	6	287	287	5.72205e-06
466	7	14174	14174	2.67029e-05
466	8	6650	6650	3.05176e-05
466	9	13	13	0
466	10	50256	50256	0
467	5	13179	13179	0.000488281
467	6	656	656	5.72205e-06
467	7	6268	6268	0.000131607
467	8	1863	1863	3.24249e-05
467	9	663	663	1.14441e-05
467	10	16488	16488	3.43323e-05
467	11	13	13	0
467	12	50256	50256	0
468	5	257	257	1.90735e-06
468	6	5664	5664	0.000114441
468	7	13	13	0
468	8	50256	50256	0
469	5	2727	2727	0.000213623
469	6	262	262	0
469	7	19812	19812	0.000162125
469	8	3240	3240	3.8147e-05
469	9	286	286	5.72205e-06
469	10	4100	4100	0.000331879
469	11	22311	22311	2.09808e-05
469	12	13	13	0
469	13	50256	50256	0
470	5	4486	4486	0.000143051
470	6	878	878	0.000343323
470	7	8978	8978	5.91278e-05
470	8	262	262	7.62939e-06
470	9	2258	2258	0.000101089
470	10	6896	6896	0.000278473
470	11	13	13	0
470	12	50256	50256	0
471	5	286	286	5.72205e-06
471	6	7446	7446	0.000236511
471	7	3917	3917	0.000116348
471	8	351	351	9.91821e-05
471	9	15568	15568	7.43866e-05
471	10	287	287	7.62939e-06
471	11	304	304	0.000370026
471	12	2724	2724	0.000234604
471	13	560	560	0.000244141
471	14	6210	6210	0.000133514
471	15	4778	4778	4.95911e-05
471	16	13	13	0
471	17	50256	50256	0
472	5	16839	16839	0.000768661
472	6	326	326	0.0975704
472	7	460	460	8.39233e-05
472	8	1011	1011	0.00114441
472	9	530	530	0
472	10	286	286	0.000112534
472	11	734	734	1.14441e-05
472	12	3815	3815	0.000106812
472	13	13	13	0
472	14	50256	50256	0
473	5	656	656	5.72205e-06
473	6	734	734	4.76837e-05
473	7	4778	4778	9.15527e-05
473	8	13	13	1.90735e-06
473	9	50256	50256	0
474	5	17065	17065	0.000827789
474	6	355	355	1.71661e-05
474	7	13701	13701	0.00030899
474	8	389	389	2.09808e-05
474	9	7525	7525	0.000152588
474	10	12835	12835	0.000255585
474	11	336	336	0.000225067
474	12	23833	23833	0.000204086
474	13	13	13	4.19617e-05
474	14	50256	50256	0
475	5	284	284	2.09808e-05
475	6	262	262	1.90735e-06
475	7	4571	4571	0.00056839
475	8	286	286	7.24792e-05
475	9	3668	3668	0.000225067
475	10	338	338	5.72205e-06
475	11	5093	5093	0.000261307
475	12	5724	5724	0.000484467
475	13	864	864	0.000526428
475	14	16488	16488	0.000289917
475	15	13	13	2.28882e-05
475	16	50256	50256	0
476	5	10183	10183	8.01086e-05
476	6	2258	2258	5.53131e-05
476	7	2253	2253	7.05719e-05
476	8	13	13	1.71661e-05
476	9	50256	50256	0
477	5	402	402	0.000333786
477	6	23638	23638	0.000320435
477	7	21001	21001	0.000276566
477	8	257	257	1.33514e-05
477	9	1692	1692	0.000221252
477	10	1182	1182	0.000204086
477	11	351	351	1.90735e-06
477	12	257	257	0
477	13	18744	18744	7.05719e-05
477	14	338	338	2.28882e-05
477	15	1767	1767	4.76837e-05
477	16	13	13	1.90735e-06
477	17	50256	50256	0
478	5	257	257	4.57764e-05
478	6	26041	26041	0.000181198
478	7	30971	30971	0.000228882
478	8	2524	2524	0.000196457
478	9	319	319	9.53674e-06
478	10	262	262	0
478	11	575	575	7.82013e-05
478	12	1229	1229	0.000171661
478	13	39036	39036	8.39233e-05
478	14	24078	24078	8.96454e-05
478	15	13	13	5.72205e-06
478	16	50256	50256	0
479	5	4729	4729	0.000156403
479	6	530	530	3.43323e-05
479	7	1194	1194	8.58307e-05
479	8	287	287	1.90735e-05
479	9	281	281	0.000160217
479	10	22088	22088	0.000125885
479	11	291	291	0.000181198
479	12	4735	4735	0.000141144
479	13	13	13	0
479	14	50256	50256	0
480	5	355	355	6.10352e-05
480	6	262	262	1.90735e-06
480	7	3139	3139	0.00021553
480	8	1748	1748	0.000200272
480	9	286	286	1.90735e-06
480	10	16490	16490	9.53674e-05
480	11	13	13	3.8147e-06
480	12	50256	50256	0
481	5	290	290	1.52588e-05
481	6	6140	6140	0.000205994
481	7	262	262	4.76837e-05
481	8	44639	44639	5.14984e-05
481	9	286	286	0
481	10	39515	39515	5.53131e-05
481	11	13	13	0
481	12	50256	50256	0
482	5	262	262	5.72205e-06
482	6	2656	2656	0.000415802
482	7	1366	1366	4.76837e-05
482	8	284	284	1.14441e-05
482	9	307	307	0.000160217
482	10	49594	49594	0.0001297
482	11	3446	3446	0.000335693
482	12	13	13	0
482	13	50256	50256	0
483	5	1317	1317	0.000627518
483	6	379	379	0.000175476
483	7	262	262	0
483	8	3726	3726	0.00025177
483	9	286	286	1.90735e-06
483	10	257	257	2.09808e-05
483	11	3194	3194	0.000312805
483	12	1808	1808	0.000295639
483	13	13	13	0
483	14	50256	50256	0
484	5	2678	2678	5.53131e-05
484	6	11	11	5.72205e-06
484	7	1390	1390	0.000139236
484	8	14679	14679	0.000110626
484	9	290	290	9.53674e-06
484	10	17322	17322	0.000131607
484	11	13	13	0
484	12	50256	50256	0
485	5	290	290	1.90735e-06
485	6	5594	5594	0.000104904
485	7	284	284	3.8147e-06
485	8	262	262	4.57764e-05
485	9	610	610	0.000297546
485	10	620	620	0.000286102
485	11	77	77	0.000274658
485	12	2340	2340	4.00543e-05
485	13	13	13	4.57764e-05
485	14	50256	50256	0
486	5	38967	38967	0.000257492
486	6	5911	5911	0.000232697
486	7	257	257	3.8147e-06
486	8	2524	2524	0.000192642
486	9	338	338	1.14441e-05
486	10	9574	9574	0.000205994
486	11	286	286	1.90735e-06
486	12	13755	13755	8.7738e-05
486	13	13	13	0
486	14	50256	50256	0
487	5	3146	3146	5.34058e-05
487	6	13	13	0
487	7	50256	50256	0
488	5	3407	3407	0.000246048
488	6	6285	6285	0.000284195
488	7	6637	6637	0.000459671
488	8	3170	3170	3.24249e-05
488	9	1141	1141	0.000179291
488	10	1180	1180	5.91278e-05
488	11	37860	37860	0.000154495
488	12	459	459	2.09808e-05
488	13	444	444	0.000514984
488	14	13	13	0
488	15	50256	50256	0
489	5	11	11	0.000146866
489	6	981	981	0.000318527
489	7	257	257	0
489	8	2116	2116	0.000236511
489	9	12	12	1.90735e-06
489	10	634	634	0.000276566
489	11	12907	12907	0.000181198
489	12	6870	6870	0.000328064
489	13	262	262	1.90735e-05
489	14	6802	6802	0.000104904
489	15	13	13	0
489	16	50256	50256	0
490	5	287	287	4.57764e-05
490	6	2882	2882	0.0001297
490	7	284	284	3.8147e-06
490	8	13522	13522	0.000389099
490	9	13	13	1.90735e-06
490	10	50256	50256	0
491	5	3139	3139	6.29425e-05
491	6	11	11	0.000141144
491	7	319	319	5.72205e-06
491	8	262	262	1.90735e-06
491	9	12108	12108	0.000190735
491	10	286	286	0
491	11	22777	22777	0.000310898
491	12	13	13	0
491	13	50256	50256	0
492	5	24907	24907	0.000144958
492	6	416	416	3.43323e-05
492	7	31094	31094	0.000337601
492	8	28471	28471	0.000120163
492	9	13	13	0
492	10	50256	50256	0
493	5	7446	7446	0.000179291
493	6	7000	7000	0.000146866
493	7	8513	8513	0.000246048
493	8	1321	1321	3.62396e-05
493	9	13	13	1.90735e-06
493	10	50256	50256	0
494	5	284	284	1.33514e-05
494	6	3197	3197	0.000377655
494	7	21181	21181	0.000114441
494	8	832	832	4.57764e-05
494	9	23607	23607	8.7738e-05
494	10	13	13	0
494	11	50256	50256	0
495	5	20394	20394	0.000520706
495	6	7572	7572	0.000211716
495	7	290	290	0.000104904
495	8	987	987	0.000402451
495	9	48331	48331	5.72205e-05
495	10	15268	15268	0.000377655
495	11	13	13	0
495	12	50256	50256	0
496	5	1973	1973	0.000123978
496	6	2031	2031	0.000101089
496	7	1141	1141	0.000104904
496	8	262	262	3.43323e-05
496	9	1440	1440	0.000177383
496	10	20283	20283	6.10352e-05
496	11	4289	4289	6.29425e-05
496	12	13	13	0
496	13	50256	50256	0
497	5	2057	2057	0.000118256
497	6	1863	1863	7.05719e-05
497	7	262	262	2.67029e-05
497	8	34616	34616	3.62396e-05
497	9	14998	14998	4.00543e-05
497	10	13	13	0
497	11	50256	50256	0
498	5	878	878	0.000114441
498	6	5033	5033	3.62396e-05
498	7	8539	8539	0.000137329
498	8	276	276	0.000146866
498	9	6490	6490	3.24249e-05
498	10	13	13	0
498	11	50256	50256	0
499	5	18355	18355	0.000352859
499	6	12135	12135	0.000459671
499	7	15114	15114	0.000669479
499	8	355	355	4.95911e-05
499	9	2208	2208	0.000473022
499	10	24494	24494	0.00012207
499	11	276	276	0.000209808
499	12	1660	1660	6.10352e-05
499	13	44389	44389	0.000745773
499	14	4291	4291	0.000413895
499	15	4771	4771	0.000411987
499	16	13166	13166	0.000385284
499	17	13	13	0
499	18	50256	50256	0
500	5	379	379	0.000238419
500	6	543	543	7.24792e-05
500	7	2647	2647	0.000144958
500	8	318	318	2.86102e-05
500	9	6157	6157	0.000152588
500	10	13	13	1.90735e-06
500	11	50256	50256	0
501	5	5440	5440	0.000499725
501	6	3917	3917	0.000106812
501	7	351	351	1.33514e-05
501	8	262	262	0
501	9	509	509	0.000564575
501	10	9019	9019	5.53131e-05
501	11	525	525	0.000150681
501	12	16734	16734	4.95911e-05
501	13	13	13	0
501	14	50256	50256	0
502	5	262	262	0
502	6	2297	2297	0.000110626
502	7	6896	6896	0.000164032
502	8	290	290	6.29425e-05
502	9	262	262	3.8147e-06
502	10	22035	22035	0.000209808
502	11	12108	12108	0.000125885
502	12	13	13	1.90735e-06
502	13	50256	50256	0
503	5	16968	16968	0.000165939
503	6	1660	1660	2.28882e-05
503	7	2641	2641	0.000343323
503	8	606	606	7.05719e-05
503	9	12188	12188	0.000144958
503	10	6751	6751	0.000274658
503	11	3833	3833	0.000181198
503	12	13	13	0
503	13	50256	50256	0
504	5	22037	22037	0.000522614
504	6	13100	13100	0.000185013
504	7	284	284	1.90735e-06
504	8	1440	1440	6.86646e-05
504	9	19651	19651	8.96454e-05
504	10	6588	6588	0.000188828
504	11	23235	23235	0.000305176
504	12	13	13	0
504	13	50256	50256	0
505	5	18391	18391	0.000326157
505	6	4778	4778	0.000305176
505	7	284	284	1.90735e-06
505	8	1296	1296	0.000175476
505	9	257	257	2.28882e-05
505	10	649	649	5.53131e-05
505	11	1976	1976	4.95911e-05
505	12	35641	35641	0.000164032
505	13	1258	1258	0.000114441
505	14	13	13	0
505	15	50256	50256	0
506	5	625	625	0.000453949
506	6	37294	37294	2.86102e-05
506	7	5207	5207	4.57764e-05
506	8	13	13	7.62939e-06
506	9	50256	50256	0
507	5	284	284	5.72205e-06
507	6	12405	12405	0.000148773
507	7	290	290	7.62939e-06
507	8	18510	18510	8.7738e-05
507	9	50126	50126	0.00019455
507	10	1366	1366	4.19617e-05
507	11	13	13	0
507	12	50256	50256	0
508	5	1022	1022	7.24792e-05
508	6	290	290	0.000169754
508	7	1088	1088	0.000238419
508	8	262	262	1.33514e-05
508	9	14189	14189	0.000164032
508	10	2442	2442	0.000324249
508	11	290	290	4.76837e-05
508	12	47441	47441	0.00022316
508	13	9700	9700	0.000127792
508	14	18180	18180	0.000551224
508	15	13	13	0
508	16	50256	50256	0
509	5	11	11	4.19617e-05
509	6	981	981	0.00015831
509	7	4530	4530	6.67572e-05
509	8	286	286	1.33514e-05
509	9	262	262	3.8147e-06
509	10	976	976	6.67572e-05
509	11	1051	1051	0.000114441
509	12	1128	1128	7.05719e-05
509	13	417	417	0.000183105
509	14	13	13	1.90735e-06
509	15	50256	50256	0
510	5	12	12	0.00018692
510	6	2385	2385	0.000862122
510	7	863	863	0.000148773
510	8	2712	2712	8.7738e-05
510	9	4116	4116	0.000205994
510	10	4909	4909	0.000869751
510	11	1440	1440	5.91278e-05
510	12	14803	14803	8.7738e-05
510	13	13	13	0
510	14	50256	50256	0
511	5	257	257	0
511	6	14091	14091	0.000694275
511	7	2214	2214	0.00021553
511	8	13	13	0
511	9	50256	50256	0
512	5	3188	3188	0.000534058
512	6	393	393	1.14441e-05
512	7	4067	4067	0.000112534
512	8	284	284	5.72205e-06
512	9	1194	1194	2.47955e-05
512	10	8271	8271	7.05719e-05
512	11	393	393	1.90735e-06
512	12	4067	4067	0.000211716
512	13	13	13	1.90735e-06
512	14	50256	50256	0
513	5	4695	4695	3.8147e-06
513	6	287	287	0.000167847
513	7	16976	16976	7.24792e-05
513	8	11	11	3.43323e-05
513	9	18086	18086	6.29425e-05
513	10	12	12	3.8147e-06
513	11	16760	16760	4.76837e-05
513	12	5667	5667	8.01086e-05
513	13	13	13	0
513	14	50256	50256	0
514	5	319	319	4.3869e-05
514	6	2869	2869	0.000213623
514	7	338	338	8.01086e-05
514	8	7022	7022	0.000543594
514	9	286	286	1.90735e-06
514	10	367	367	0.000234604
514	11	684	684	0.000221252
514	12	13415	13415	9.15527e-05
514	13	13	13	0
514	14	50256	50256	0
515	5	8122	8122	0.000110626
515	6	656	656	3.8147e-06
515	7	257	257	9.53674e-06
515	8	3623	3623	0.000494003
515	9	379	379	0.000534058
515	10	663	663	1.52588e-05
515	11	4417	4417	3.8147e-05
515	12	13	13	0
515	13	50256	50256	0
516	5	416	416	9.53674e-06
516	6	38797	38797	0.00012207
516	7	278	278	0.000244141
516	8	7545	7545	0.000427246
516	9	351	351	7.62939e-06
516	10	300	300	0.000110626
516	11	12009	12009	9.15527e-05
516	12	7408	7408	0.000246048
516	13	11492	11492	7.24792e-05
516	14	13	13	0
516	15	50256	50256	0
517	5	287	287	1.14441e-05
517	6	7408	7408	0.000238419
517	7	414	414	0.00018692
517	8	618	618	0.000370026
517	9	1402	1402	0.000185013
517	10	6867	6867	0.000232697
517	11	286	286	1.90735e-06
517	12	7408	7408	0.000265121
517	13	393	393	0.000116348
517	14	2779	2779	5.72205e-06
517	15	389	389	0.000125885
517	16	2087	2087	0.000404358
517	17	13	13	0
517	18	50256	50256	0
518	5	5107	5107	0.000324249
518	6	286	286	1.90735e-06
518	7	3194	3194	0.000127792
518	8	3435	3435	0.00019455
518	9	355	355	1.14441e-05
518	10	281	281	3.24249e-05
518	11	1242	1242	0.000181198
518	12	13	13	1.90735e-06
518	13	50256	50256	0
519	5	3017	3017	0.00021553
519	6	465	465	0.000164032
519	7	898	898	0.000209808
519	8	35674	35674	0.00015831
519	9	287	287	3.8147e-06
519	10	10123	10123	8.96454e-05
519	11	6065	6065	5.91278e-05
519	12	24252	24252	7.62939e-05
519	13	13	13	0
519	14	50256	50256	0
520	5	7421	7421	0.000898361
520	6	286	286	7.05719e-05
520	7	3878	3878	0.000667572
520	8	5491	5491	0.000165939
520	9	13	13	1.90735e-06
520	10	50256	50256	0
521	5	44771	44771	0.00025177
521	6	262	262	2.86102e-05
521	7	27806	27806	9.15527e-05
521	8	286	286	0
521	9	262	262	0
521	10	449	449	0.000411987
521	11	544	544	0.000160217
521	12	1641	1641	0.000148773
521	13	13	13	0
521	14	50256	50256	0
522	5	28721	28721	0.00018692
522	6	287	287	3.62396e-05
522	7	8850	8850	1.90735e-05
522	8	1103	1103	0.000171661
522	9	34768	34768	0.000148773
522	10	13	13	1.90735e-06
522	11	50256	50256	0
523	5	286	286	3.8147e-06
523	6	10183	10183	0.00015831
523	7	2520	2520	0.000131607
523	8	2253	2253	5.91278e-05
523	9	13	13	0
523	10	50256	50256	0
524	5	31555	31555	0.000246048
524	6	262	262	1.90735e-06
524	7	4434	4434	0.00019455
524	8	323	323	0.000101089
524	9	24078	24078	0.000165939
524	10	422	422	1.14441e-05
524	11	5060	5060	7.43866e-05
524	12	26066	26066	3.62396e-05
524	13	13	13	0
524	14	50256	50256	0
525	5	468	468	5.53131e-05
525	6	37516	37516	0.000173569
525	7	12	12	5.72205e-06
525	8	26022	26022	0.000156403
525	9	8251	8251	5.14984e-05
525	10	13	13	0
525	11	50256	50256	0
526	5	262	262	1.90735e-06
526	6	40829	40829	0.000165939
526	7	31643	31643	0.000328064
526	8	4886	4886	5.53131e-05
526	9	32726	32726	0.000146866
526	10	28192	28192	0.000209808
526	11	17745	17745	0.00021553
526	12	13	13	0
526	13	50256	50256	0
527	5	416	416	1.90735e-06
527	6	262	262	0
527	7	29973	29973	0.00151253
527	8	3048	3048	0.000293732
527	9	286	286	1.90735e-06
527	10	262	262	0
527	11	6869	6869	0.000213623
527	12	290	290	1.90735e-06
527	13	262	262	8.01086e-05
527	14	3825	3825	8.39233e-05
527	15	13	13	3.05176e-05
527	16	50256	50256	0
528	5	2587	2587	0.000347137
528	6	422	422	5.72205e-06
528	7	7815	7815	0.00030899
528	8	284	284	0.000400543
528	9	36717	36717	0.000650406
528	10	257	257	0
528	11	3785	3785	0.0021019
528	12	13	13	2.47955e-05
528	13	50256	50256	0
529	5	2568	2568	0.000204086
529	6	832	832	4.57764e-05
529	7	12213	12213	0.000341415
529	8	1626	1626	0.000190735
529	9	2300	2300	0.000175476
529	10	1231	1231	0.000211716
529	11	11963	11963	4.57764e-05
529	12	2587	2587	6.86646e-05
529	13	5202	5202	0.000205994
529	14	13	13	0
529	15	50256	50256	0
530	5	11904	11904	9.53674e-06
530	6	1043	1043	0.000106812
530	7	2641	2641	0.000150681
530	8	262	262	0
530	9	6891	6891	8.01086e-05
530	10	4618	4618	9.91821e-05
530	11	338	338	2.86102e-05
530	12	15921	15921	6.29425e-05
530	13	13	13	2.47955e-05
530	14	50256	50256	0
531	5	4833	4833	0.000177383
531	6	37446	37446	0.000247955
531	7	11	11	3.8147e-06
531	8	1123	1123	9.34601e-05
531	9	351	351	3.43323e-05
531	10	5093	5093	0.000152588
531	11	290	290	3.8147e-06
531	12	5366	5366	0.000173569
531	13	24971	24971	1.33514e-05
531	14	13	13	0
531	15	50256	50256	0
532	5	5688	5688	0.000228882
532	6	416	416	1.14441e-05
532	7	262	262	0
532	8	7492	7492	0.000112534
532	9	5866	5866	0.000110626
532	10	13	13	1.90735e-06
532	11	50256	50256	0
533	5	511	511	1.52588e-05
533	6	2057	2057	0.00021553
533	7	7525	7525	5.91278e-05
533	8	416	416	3.8147e-06
533	9	6600	6600	0.000167847
533	10	4618	4618	0.000314713
533	11	2587	2587	0.000253677
533	12	13	13	0
533	13	50256	50256	0
534	5	656	656	1.33514e-05
534	6	262	262	0
534	7	2619	2619	0.00118446
534	8	6896	6896	0.000457764
534	9	832	832	4.57764e-05
534	10	257	257	1.90735e-05
534	11	1588	1588	0.000133514
534	12	25979	25979	0.000188828
534	13	13	13	9.15527e-05
534	14	50256	50256	0
535	5	663	663	3.8147e-05
535	6	8574	8574	0.000297546
535	7	10154	10154	0.000188828
535	8	618	618	0.000160217
535	9	1176	1176	8.7738e-05
535	10	318	318	9.53674e-06
535	11	4615	4615	0.000551224
535	12	13	13	5.72205e-06
535	13	50256	50256	0
536	5	3696	3696	0.000137329
536	6	625	625	0.000450134
536	7	640	640	0.000173569
536	8	13	13	0
536	9	50256	50256	0
537	5	41898	41898	0.000421524
537	6	11	11	7.62939e-06
537	7	15677	15677	0.000333786
537	8	82	82	0.000333786
537	9	262	262	1.90735e-06
537	10	1556	1556	0.000267029
537	11	2838	2838	7.24792e-05
537	12	286	286	1.14441e-05
537	13	262	262	2.09808e-05
537	14	17467	17467	0.000196457
537	15	385	385	4.76837e-05
537	16	5866	5866	3.8147e-05
537	17	13	13	1.90735e-06
537	18	50256	50256	0
538	5	21079	21079	0.000461578
538	6	262	262	0
538	7	3085	3085	8.7738e-05
538	8	1627	1627	9.15527e-05
538	9	8686	8686	6.48499e-05
538	10	284	284	1.90735e-06
538	11	262	262	0
538	12	3465	3465	4.95911e-05
538	13	402	402	0.000299454
538	14	13	13	2.09808e-05
538	15	50256	50256	0
539	5	29509	29509	0.000391006
539	6	263	263	0.000370026
539	7	621	621	0.000249863
539	8	5814	5814	0.000177383
539	9	32085	32085	9.72748e-05
539	10	729	729	0.00018692
539	11	286	286	3.43323e-05
539	12	262	262	3.8147e-05
539	13	976	976	0.000101089
539	14	3664	3664	0.000303268
539	15	6269	6269	0.000326157
539	16	379	379	5.14984e-05
539	17	7226	7226	0.000179291
539	18	9151	9151	0.000179291
539	19	10101	10101	6.29425e-05
539	20	13	13	0
539	21	50256	50256	0
540	5	1022	1022	0.000299454
540	6	6632	6632	0.000461578
540	7	290	290	0.000112534
540	8	530	530	1.90735e-05
540	9	11	11	9.91821e-05
540	10	19889	19889	4.00543e-05
540	11	13	13	0
540	12	50256	50256	0
541	5	1262	1262	2.09808e-05
541	6	257	257	7.62939e-06
541	7	2060	2060	4.76837e-05
541	8	302	302	0.000398636
541	9	276	276	4.95911e-05
541	10	13	13	9.53674e-06
541	11	50256	50256	0
542	5	11470	11470	0.000179291
542	6	7370	7370	4.3869e-05
542	7	393	393	1.90735e-06
542	8	734	734	1.14441e-05
542	9	31028	31028	0.000257492
542	10	2511	2511	0.000640869
542	11	1547	1547	0.000967026
542	12	13	13	0
542	13	50256	50256	0
543	5	3436	3436	0.000425339
543	6	857	857	0.000209808
543	7	407	407	4.00543e-05
543	8	10385	10385	8.7738e-05
543	9	262	262	1.90735e-06
543	10	1366	1366	0.000160217
543	11	8574	8574	0.000108719
543	12	2641	2641	0.00034523
543	13	340	340	0.000144958
543	14	13	13	5.72205e-06
543	15	50256	50256	0
544	5	987	987	6.67572e-05
544	6	48331	48331	7.43866e-05
544	7	23607	23607	0.000104904
544	8	286	286	3.8147e-06
544	9	21181	21181	0.000150681
544	10	13	13	0
544	11	50256	50256	0
545	5	290	290	3.62396e-05
545	6	11298	11298	0.000116348
545	7	4133	4133	0.000177383
545	8	884	884	0.000249863
545	9	355	355	1.71661e-05
545	10	11532	11532	0.00012207
545	11	4963	4963	3.05176e-05
545	12	13	13	0
545	13	50256	50256	0
546	5	287	287	0
546	6	257	257	5.72205e-06
546	7	16430	16430	6.86646e-05
546	8	13	13	0
546	9	50256	50256	0
547	5	11408	11408	0.000389099
547	6	787	787	0.000324249
547	7	10469	10469	0.000343323
547	8	2300	2300	0.000452042
547	9	422	422	3.8147e-05
547	10	287	287	5.72205e-05
547	11	36617	36617	4.00543e-05
547	12	4237	4237	9.72748e-05
547	13	13	13	0
547	14	50256	50256	0
548	5	38985	38985	0.000276566
548	6	636	636	0.000217438
548	7	286	286	0
548	8	7840	7840	0.000314713
548	9	17456	17456	0.000188828
548	10	13	13	0
548	11	50256	50256	0
549	5	6268	6268	4.3869e-05
549	6	656	656	3.43323e-05
549	7	18411	18411	6.48499e-05
549	8	2568	2568	8.7738e-05
549	9	13	13	0
549	10	50256	50256	0
550	5	734	734	0.00102043
550	6	318	318	2.09808e-05
550	7	262	262	0.000465393
550	8	691	691	0.00043869
550	9	772	772	0.0015831
550	10	530	530	2.28882e-05
550	11	13	13	0
550	12	50256	50256	0
551	5	262	262	1.90735e-06
551	6	3934	3934	0.00038147
551	7	16395	16395	0.000423431
551	8	15989	15989	0.000144958
551	9	3812	3812	0.000303268
551	10	663	663	0.000181198
551	11	6971	6971	0.000196457
551	12	8384	8384	0.000102997
551	13	832	832	0.000108719
551	14	19794	19794	7.43866e-05
551	15	13	13	0
551	16	50256	50256	0
552	5	262	262	1.90735e-06
552	6	3139	3139	0.000139236
552	7	1748	1748	0.000352859
552	8	286	286	3.8147e-06
552	9	27026	27026	6.10352e-05
552	10	287	287	3.8147e-06
552	11	2520	2520	0.000171661
552	12	7229	7229	0.000108719
552	13	13	13	0
552	14	50256	50256	0
553	5	37989	37989	7.24792e-05
553	6	7370	7370	0.000118256
553	7	13	13	1.90735e-06
553	8	50256	50256	0
554	5	14422	14422	0.000688553
554	6	286	286	1.33514e-05
554	7	36683	36683	0.000268936
554	8	571	571	0.000785828
554	9	10304	10304	0.000257492
554	10	547	547	0.000305176
554	11	23470	23470	0.0001297
554	12	656	656	4.3869e-05
554	13	7815	7815	0.00182915
554	14	287	287	2.28882e-05
554	15	31592	31592	0.000112534
554	16	13	13	7.62939e-06
554	17	50256	50256	0
555	5	2753	2753	0.000156403
555	6	1295	1295	0.000419617
555	7	1973	1973	0.000202179
555	8	262	262	0
555	9	7714	7714	0.00021553
555	10	286	286	3.8147e-06
555	11	7009	7009	0.00015831
555	12	435	435	0.0001297
555	13	303	303	0.000209808
555	14	11106	11106	5.34058e-05
555	15	13	13	1.90735e-06
555	16	50256	50256	0
556	5	2939	2939	0.000219345
556	6	19794	19794	0.000469208
556	7	290	290	3.8147e-06
556	8	13902	13902	2.86102e-05
556	9	13	13	1.90735e-06
556	10	50256	50256	0
557	5	4263	4263	0.000862122
557	6	422	422	3.05176e-05
557	7	867	867	0.000135422
557	8	1402	1402	0.000520706
557	9	22969	22969	0.000299454
557	10	286	286	0
557	11	3124	3124	0.000164032
557	12	13	13	0
557	13	50256	50256	0
558	5	3923	3923	0.000102997
558	6	287	287	1.90735e-06
558	7	262	262	1.14441e-05
558	8	5739	5739	0.000324249
558	9	8689	8689	0.000114441
558	10	286	286	1.90735e-06
558	11	1881	1881	7.05719e-05
558	12	39255	39255	0.000106812
558	13	290	290	9.53674e-06
558	14	1881	1881	4.95911e-05
558	15	27760	27760	4.00543e-05
558	16	13	13	0
558	17	50256	50256	0
559	5	286	286	0
559	6	20296	20296	0.000307083
559	7	326	326	0.000253677
559	8	5615	5615	0.000146866
559	9	287	287	0.000106812
559	10	262	262	3.8147e-06
559	11	41917	41917	0.000961304
559	12	1613	1613	0.000392914
559	13	13	13	0
559	14	50256	50256	0
560	5	15170	15170	0.000175476
560	6	2577	2577	0.000703812
560	7	8477	8477	0.000925064
560	8	257	257	0
560	9	3350	3350	0.000114441
560	10	8272	8272	0.0001297
560	11	338	338	3.24249e-05
560	12	1204	1204	0.000303268
560	13	319	319	2.47955e-05
560	14	281	281	7.62939e-06
560	15	7022	7022	2.09808e-05
560	16	13	13	0
560	17	50256	50256	0
561	5	3825	3825	2.28882e-05
561	6	1656	1656	0.000282288
561	7	284	284	2.86102e-05
561	8	1445	1445	0.000198364
561	9	1973	1973	4.3869e-05
561	10	262	262	0
561	11	6766	6766	0.000585556
561	12	1123	1123	0.000209808
561	13	1110	1110	0.000173569
561	14	13	13	0
561	15	50256	50256	0
562	5	262	262	7.62939e-06
562	6	15189	15189	0.000270844
562	7	3634	3634	0.00110435
562	8	4279	4279	0.00112343
562	9	11	11	5.72205e-06
562	10	340	340	0.000505447
562	11	1276	1276	0.000831604
562	12	7719	7719	0.000207901
562	13	284	284	5.72205e-06
562	14	257	257	0
562	15	16599	16599	0.000501633
562	16	11	11	1.90735e-06
562	17	10929	10929	0.000181198
562	18	11	11	1.71661e-05
562	19	24233	24233	0.000230789
562	20	11	11	0
562	21	393	393	9.53674e-06
562	22	22062	22062	0.000242233
562	23	13	13	0
562	24	50256	50256	0
563	5	2420	2420	0.000579834
563	6	2915	2915	0.000310898
563	7	13676	13676	0.000644684
563	8	1088	1088	0.000274658
563	9	15985	15985	0.000169754
563	10	11904	11904	0.000221252
563	11	13	13	0
563	12	50256	50256	0
564	5	389	389	3.43323e-05
564	6	3706	3706	0.000205994
564	7	13548	13548	0.000328064
564	8	418	418	0.000120163
564	9	11	11	5.14984e-05
564	10	350	350	0.000328064
564	11	1506	1506	0.000152588
564	12	418	418	6.86646e-05
564	13	11	11	9.72748e-05
564	14	290	290	5.72205e-06
564	15	39026	39026	0.000188828
564	16	271	271	0.000328064
564	17	13	13	0
564	18	50256	50256	5.72205e-06
565	5	6156	6156	0.00015831
565	6	9088	9088	0.000379562
565	7	286	286	3.05176e-05
565	8	24726	24726	8.01086e-05
565	9	13399	13399	0.000177383
565	10	13	13	0
565	11	50256	50256	0
566	5	1402	1402	0.000329971
566	6	11904	11904	6.29425e-05
566	7	326	326	0.000249863
566	8	3092	3092	0.000423431
566	9	257	257	9.53674e-06
566	10	8904	8904	0.000101089
566	11	8574	8574	9.15527e-05
566	12	2057	2057	0.000152588
566	13	5127	5127	0.000238419
566	14	13	13	0
566	15	50256	50256	0
567	5	2904	2904	0.000148773
567	6	2087	2087	0.000234604
567	7	2378	2378	0.000728607
567	8	717	717	5.14984e-05
567	9	13	13	0
567	10	50256	50256	0
568	5	1717	1717	0.000164032
568	6	6327	6327	0.000133514
568	7	360	360	0.00034523
568	8	39781	39781	0.000171661
568	9	262	262	1.14441e-05
568	10	20281	20281	8.7738e-05
568	11	286	286	5.72205e-06
568	12	383	383	5.53131e-05
568	13	2764	2764	6.86646e-05
568	14	286	286	3.43323e-05
568	15	22489	22489	9.72748e-05
568	16	24568	24568	4.3869e-05
568	17	78	78	0.000104904
568	18	13	13	0
568	19	50256	50256	0
569	5	287	287	6.29425e-05
569	6	2292	2292	0.000276566
569	7	981	981	0.000131607
569	8	257	257	0
569	9	9664	9664	0.000928879
569	10	318	318	0.000133514
569	11	36932	36932	0.000709534
569	12	13	13	0
569	13	50256	50256	0
570	5	516	516	0.00034523
570	6	15113	15113	0.000425339
570	7	4635	4635	0.000207901
570	8	355	355	5.72205e-06
570	9	257	257	5.72205e-06
570	10	19999	19999	0.000799179
570	11	1868	1868	0.000352859
570	12	14170	14170	0.000190735
570	13	281	281	4.19617e-05
570	14	8137	8137	0.000457764
570	15	13	13	0
570	16	50256	50256	0
571	5	262	262	5.14984e-05
571	6	6869	6869	0.000423431
571	7	318	318	0.00044632
571	8	6697	6697	0.00018692
571	9	262	262	1.90735e-06
571	10	3825	3825	0.000782013
571	11	287	287	1.71661e-05
571	12	3668	3668	0.000356674
571	13	338	338	0.000156403
571	14	6766	6766	0.000312805
571	15	13	13	0
571	16	50256	50256	0
572	5	355	355	9.53674e-06
572	6	262	262	0
572	7	3139	3139	0.000139236
572	8	286	286	1.90735e-06
572	9	262	262	0
572	10	45772	45772	0.00021553
572	11	8065	8065	0.000432968
572	12	13	13	0
572	13	50256	50256	0
573	5	832	832	7.62939e-05
573	6	3668	3668	1.33514e-05
573	7	338	338	8.01086e-05
573	8	8137	8137	0.00151825
573	9	290	290	0.000562668
573	10	12229	12229	0.00194359
573	11	262	262	2.09808e-05
573	12	2323	2323	0.000486374
573	13	318	318	1.14441e-05
573	14	1444	1444	8.39233e-05
573	15	257	257	2.09808e-05
573	16	19999	19999	0.000501633
573	17	578	578	0.000425339
573	18	13	13	0
573	19	50256	50256	0
574	5	660	660	0.000238419
574	6	318	318	2.28882e-05
574	7	3917	3917	0.000267029
574	8	351	351	1.90735e-06
574	9	262	262	0
574	10	1855	1855	0.000259399
574	11	24611	24611	0.000249863
574	12	14355	14355	9.91821e-05
574	13	13	13	1.90735e-06
574	14	50256	50256	0
575	5	2967	2967	0.000429153
575	6	656	656	2.09808e-05
575	7	10601	10601	0.000232697
575	8	329	329	3.8147e-06
575	9	8509	8509	0.000270844
575	10	290	290	5.72205e-06
575	11	584	584	2.67029e-05
575	12	9013	9013	7.62939e-06
575	13	13	13	0
575	14	50256	50256	0
576	5	14768	14768	0.00289536
576	6	319	319	8.96454e-05
576	7	24438	24438	0.000102997
576	8	286	286	1.90735e-06
576	9	262	262	5.53131e-05
576	10	976	976	0.000305176
576	11	3124	3124	0.000286102
576	12	3690	3690	0.000133514
576	13	8850	8850	0.000120163
576	14	6100	6100	0.000675201
576	15	13	13	0
576	16	50256	50256	0
577	5	3794	3794	0.000272751
577	6	284	284	3.62396e-05
577	7	262	262	5.72205e-06
577	8	5366	5366	0.000196457
577	9	290	290	2.67029e-05
577	10	2807	2807	0.000207901
577	11	284	284	1.33514e-05
577	12	262	262	0
577	13	5093	5093	0.00019455
577	14	13	13	0
577	15	50256	50256	0
578	5	6727	6727	0.000688553
578	6	4417	4417	2.09808e-05
578	7	286	286	0
578	8	262	262	9.53674e-06
578	9	24725	24725	0.000183105
578	10	34573	34573	0.000612259
578	11	6516	6516	0.000209808
578	12	287	287	1.71661e-05
578	13	281	281	6.29425e-05
578	14	555	555	0.000320435
578	15	10414	10414	0.000286102
578	16	1389	1389	0.000238419
578	17	14839	14839	0.000421524
578	18	7087	7087	0.000295639
578	19	13	13	0
578	20	50256	50256	0
579	5	257	257	0.000167847
579	6	9629	9629	0.000444412
579	7	286	286	0.000108719
579	8	987	987	0.00084877
579	9	86	86	0.000610352
579	10	16206	16206	0.000175476
579	11	4618	4618	0.00108337
579	12	26742	26742	3.43323e-05
579	13	13	13	1.90735e-06
579	14	50256	50256	0
580	5	286	286	1.52588e-05
580	6	4930	4930	6.48499e-05
580	7	20830	20830	8.39233e-05
580	8	287	287	0
580	9	3576	3576	9.72748e-05
580	10	290	290	1.71661e-05
580	11	6342	6342	0.000146866
580	12	13	13	0
580	13	50256	50256	0
581	5	16524	16524	0.000131607
581	6	284	284	5.14984e-05
581	7	1180	1180	0.00149536
581	8	10530	10530	0.000566483
581	9	22421	22421	0.000310898
581	10	416	416	4.57764e-05
581	11	5609	5609	0.000432968
581	12	262	262	9.72748e-05
581	13	12097	12097	0.00188065
581	14	286	286	3.8147e-05
581	15	511	511	0.000246048
581	16	13026	13026	0.000274658
581	17	16600	16600	4.19617e-05
581	18	13	13	0
581	19	50256	50256	0
582	5	21270	21270	4.95911e-05
582	6	287	287	3.8147e-06
582	7	11228	11228	8.58307e-05
582	8	2057	2057	9.34601e-05
582	9	13	13	0
582	10	50256	50256	0
583	5	9215	9215	0.000169754
583	6	17359	17359	0.000221252
583	7	284	284	1.33514e-05
583	8	1296	1296	0.000225067
583	9	9215	9215	8.01086e-05
583	10	13	13	0
583	11	50256	50256	0
584	5	4492	4492	0.000123978
584	6	422	422	5.34058e-05
584	7	7840	7840	3.24249e-05
584	8	4881	4881	7.24792e-05
584	9	13	13	7.62939e-06
584	10	50256	50256	0
585	5	276	276	5.53131e-05
585	6	287	287	0
585	7	281	281	1.90735e-06
585	8	11557	11557	0.000102997
585	9	1080	1080	8.7738e-05
585	10	13	13	0
585	11	50256	50256	0
586	5	8771	8771	0.000259399
586	6	800	800	0.00137711
586	7	3369	3369	0.00145531
586	8	2346	2346	0.00418854
586	9	11	11	0.00227547
586	10	3264	3264	0.000270844
586	11	393	393	5.72205e-06
586	12	20762	20762	4.76837e-05
586	13	13	13	0
586	14	50256	50256	0
587	5	10087	10087	0.000606537
587	6	422	422	7.62939e-06
587	7	477	477	0.000789642
587	8	584	584	0.000696182
587	9	2877	2877	0.000764847
587	10	4695	4695	0.000753403
587	11	13	13	1.90735e-06
587	12	50256	50256	0
588	5	925	925	0.000453949
588	6	422	422	6.67572e-05
588	7	262	262	3.8147e-06
588	8	279	279	0.000282288
588	9	342	342	0.00069809
588	10	286	286	5.72205e-06
588	11	262	262	0
588	12	20461	20461	0.00019455
588	13	21180	21180	0.000263214
588	14	4618	4618	9.72748e-05
588	15	13	13	0
588	16	50256	50256	0
589	5	11	11	1.71661e-05
589	6	1663	1663	0.000247955
589	7	379	379	0.000339508
589	8	5417	5417	0.000490189
589	9	11	11	5.53131e-05
589	10	290	290	0
589	11	1441	1441	0.000305176
589	12	284	284	4.3869e-05
589	13	40941	40941	0.000362396
589	14	284	284	6.10352e-05
589	15	22919	22919	0.000480652
589	16	13	13	0
589	17	50256	50256	0
590	5	11	11	0.000156403
590	6	14104	14104	0.000528336
590	7	13015	13015	0.00021553
590	8	11	11	6.67572e-05
590	9	290	290	5.34058e-05
590	10	3624	3624	0.000219345
590	11	9421	9421	6.10352e-05
590	12	1063	1063	2.67029e-05
590	13	13	13	0
590	14	50256	50256	0
591	5	29289	29289	0.000165939
591	6	8435	8435	0.000513077
591	7	973	973	0.00025177
591	8	284	284	4.57764e-05
591	9	5163	5163	0.000114441
591	10	3992	3992	0.000295639
591	11	4133	4133	9.34601e-05
591	12	13	13	3.8147e-06
591	13	50256	50256	0
592	5	9016	9016	0.00084877
592	6	4731	4731	0.000358582
592	7	318	318	0.000120163
592	8	2793	2793	0.00131226
592	9	287	287	1.14441e-05
592	10	7078	7078	0.000217438
592	11	621	621	5.53131e-05
592	12	262	262	1.14441e-05
592	13	38283	38283	0.000738144
592	14	338	338	0.000267029
592	15	6678	6678	0.000282288
592	16	9016	9016	0.000175476
592	17	4731	4731	0.000152588
592	18	13	13	0
592	19	50256	50256	0
593	5	4635	4635	0.000375748
593	6	416	416	3.8147e-06
593	7	23147	23147	4.95911e-05
593	8	44030	44030	0.000255585
593	9	6147	6147	0.000118256
593	10	656	656	2.09808e-05
593	11	285	285	0.000146866
593	12	10119	10119	6.67572e-05
593	13	13	13	0
593	14	50256	50256	0
594	5	7363	7363	0.00028801
594	6	284	284	5.72205e-06
594	7	262	262	0
594	8	7627	7627	0.000102997
594	9	286	286	5.72205e-06
594	10	22779	22779	0.000112534
594	11	7229	7229	5.91278e-05
594	12	13	13	0
594	13	50256	50256	0
595	5	262	262	5.72205e-06
595	6	13589	13589	0.000226974
595	7	284	284	1.90735e-06
595	8	262	262	1.14441e-05
595	9	11384	11384	0.000434875
595	10	832	832	1.71661e-05
595	11	262	262	3.8147e-06
595	12	1658	1658	0.000143051
595	13	2522	2522	8.01086e-05
595	14	31111	31111	0.000232697
595	15	13	13	0
595	16	50256	50256	0
596	5	8630	8630	0.000255585
596	6	287	287	7.62939e-06
596	7	2658	2658	0.000154495
596	8	417	417	0.000358582
596	9	292	292	0.000202179
596	10	287	287	0
596	11	262	262	3.62396e-05
596	12	25861	25861	0.000259399
596	13	1080	1080	8.58307e-05
596	14	13	13	4.3869e-05
596	15	50256	50256	0
597	5	11881	11881	0.00066185
597	6	1364	1364	0.000207901
597	7	422	422	1.52588e-05
597	8	262	262	5.72205e-06
597	9	1903	1903	0.000160217
597	10	3024	3024	0.000230789
597	11	6881	6881	0.000160217
597	12	13	13	0
597	13	50256	50256	0
598	5	20435	20435	7.24792e-05
598	6	3356	3356	0.000242233
598	7	290	290	2.09808e-05
598	8	5529	5529	0.000141144
598	9	5236	5236	3.24249e-05
598	10	13	13	0
598	11	50256	50256	0
599	5	416	416	3.8147e-06
599	6	37228	37228	0.00034523
599	7	7888	7888	0.000249863
599	8	11685	11685	0.00031662
599	9	286	286	0.000118256
599	10	4898	4898	0.000429153
599	11	11	11	4.19617e-05
599	12	3221	3221	0.000576019
599	13	351	351	0
599	14	39623	39623	0.000247955
599	15	13020	13020	0.000108719
599	16	11678	11678	5.34058e-05
599	17	13	13	5.72205e-06
599	18	50256	50256	0
600	5	13055	13055	0.000284195
600	6	1660	1660	0.000162125
600	7	300	300	0.000379562
600	8	3922	3922	0.000249863
600	9	287	287	3.24249e-05
600	10	465	465	9.72748e-05
600	11	11376	11376	0.00021553
600	12	379	379	0.000125885
600	13	8118	8118	0.000150681
600	14	933	933	0.000350952
600	15	88	88	0.000200272
600	16	13	13	0
600	17	50256	50256	0
601	5	422	422	8.01086e-05
601	6	257	257	3.8147e-05
601	7	4417	4417	0.000247955
601	8	736	736	0.00230789
601	9	3812	3812	0.000219345
601	10	257	257	2.47955e-05
601	11	24783	24783	0.000907898
601	12	13	13	0
601	13	50256	50256	0
602	5	257	257	0
602	6	18778	18778	0.00111961
602	7	14688	14688	0.000116348
602	8	680	680	0.00100708
602	9	12	12	6.48499e-05
602	10	43745	43745	0.000179291
602	11	19634	19634	0.000370026
602	12	287	287	1.90735e-05
602	13	281	281	0.000137329
602	14	12278	12278	0.000177383
602	15	17655	17655	9.91821e-05
602	16	13	13	0
602	17	50256	50256	0
603	5	3794	3794	5.72205e-05
603	6	3994	3994	6.48499e-05
603	7	20838	20838	5.53131e-05
603	8	21641	21641	0.000114441
603	9	290	290	1.90735e-06
603	10	42645	42645	0.000110626
603	11	13	13	0
603	12	50256	50256	0
604	5	11	11	5.72205e-06
604	6	14354	14354	0.000181198
604	7	11	11	1.90735e-06
604	8	290	290	7.62939e-06
604	9	7572	7572	0.000192642
604	10	286	286	1.71661e-05
604	11	3292	3292	8.2016e-05
604	12	13	13	0
604	13	50256	50256	0
605	5	379	379	0.000886917
605	6	7496	7496	0.000642776
605	7	290	290	1.90735e-06
605	8	734	734	0.000185013
605	9	7435	7435	0.000385284
605	10	1173	1173	0.000358582
605	11	829	829	0.000131607
605	12	13	13	0
605	13	50256	50256	0
606	5	290	290	8.96454e-05
606	6	26306	26306	0.000255585
606	7	21622	21622	7.82013e-05
606	8	422	422	2.86102e-05
606	9	262	262	1.90735e-06
606	10	9260	9260	0.000148773
606	11	13	13	0
606	12	50256	50256	0
607	5	326	326	0.000173569
607	6	8833	8833	0.00111389
607	7	351	351	1.52588e-05
607	8	262	262	0
607	9	6000	6000	0.000286102
607	10	8373	8373	0.000286102
607	11	287	287	7.24792e-05
607	12	257	257	0
607	13	27039	27039	6.48499e-05
607	14	13	13	0
607	15	50256	50256	0
608	5	7043	7043	0.000389099
608	6	316	316	0.000364304
608	7	787	787	5.72205e-05
608	8	2647	2647	0.000181198
608	9	287	287	1.90735e-06
608	10	257	257	3.8147e-06
608	11	1448	1448	0.000432968
608	12	286	286	1.90735e-05
608	13	734	734	0.000370026
608	14	13	13	0
608	15	50256	50256	0
609	5	510	510	0.000114441
609	6	15455	15455	0.000246048
609	7	1231	1231	0.000133514
609	8	5609	5609	0.000179291
609	9	262	262	0
609	10	1321	1321	4.76837e-05
609	11	852	852	7.62939e-05
609	12	42517	42517	0.000202179
609	13	798	798	7.24792e-05
609	14	13	13	1.90735e-06
609	15	50256	50256	0
610	5	13055	13055	0.000177383
610	6	383	383	0.000423431
610	7	2907	2907	0.000328064
610	8	563	563	0.000400543
610	9	5265	5265	0.000396729
610	10	287	287	2.67029e-05
610	11	49545	49545	0.000169754
610	12	13	13	0
610	13	50256	50256	0
611	5	1239	1239	0.000196457
611	6	11073	11073	0.00028801
611	7	257	257	0
611	8	4633	4633	0.000329971
611	9	1255	1255	0.000133514
611	10	13	13	3.8147e-05
611	11	50256	50256	0
612	5	2630	2630	0.000160217
612	6	3923	3923	0.000185013
612	7	326	326	4.76837e-05
612	8	7301	7301	0.000232697
612	9	41553	41553	0.000101089
612	10	82	82	0.000185013
612	11	11	11	0
612	12	37174	37174	9.34601e-05
612	13	11	11	3.8147e-06
612	14	290	290	2.47955e-05
612	15	5369	5369	0.000148773
612	16	13	13	0
612	17	50256	50256	0
613	5	546	546	9.72748e-05
613	6	262	262	1.90735e-06
613	7	20175	20175	0.000135422
613	8	43989	43989	7.05719e-05
613	9	290	290	5.72205e-06
613	10	38201	38201	4.57764e-05
613	11	13	13	0
613	12	50256	50256	0
614	5	9518	9518	0.000637054
614	6	5667	5667	0.000268936
614	7	2138	2138	7.62939e-06
614	8	621	621	0.000160217
614	9	8850	8850	0.0001297
614	10	13737	13737	9.34601e-05
614	11	13	13	7.62939e-06
614	12	50256	50256	0
615	5	416	416	1.33514e-05
615	6	27259	27259	0.00038147
615	7	7545	7545	0.000402451
615	8	656	656	0.000282288
615	9	1090	1090	0.000570297
615	10	9310	9310	0.000226974
615	11	290	290	1.71661e-05
615	12	483	483	0.000209808
615	13	88	88	0.00021553
615	14	13	13	1.52588e-05
615	15	50256	50256	0
616	5	1633	1633	0.000621796
616	6	5721	5721	0.000389099
616	7	12611	12611	0.000354767
616	8	803	803	0.000303268
616	9	416	416	0.000253677
616	10	41719	41719	0.000101089
616	11	511	511	4.95911e-05
616	12	11914	11914	0.000106812
616	13	656	656	9.91821e-05
616	14	257	257	7.43866e-05
616	15	5422	5422	0.000165939
616	16	12239	12239	6.67572e-05
616	17	13	13	0
616	18	50256	50256	0
617	5	19418	19418	7.05719e-05
617	6	36578	36578	7.05719e-05
617	7	351	351	9.53674e-06
617	8	6496	6496	5.14984e-05
617	9	8188	8188	1.52588e-05
617	10	13	13	0
617	11	50256	50256	0
618	5	355	355	3.8147e-06
618	6	257	257	1.90735e-05
618	7	1271	1271	0.000236511
618	8	286	286	5.72205e-06
618	9	3470	3470	0.000152588
618	10	9998	9998	0.000169754
618	11	13	13	5.72205e-06
618	12	50256	50256	0
619	5	284	284	3.8147e-06
619	6	3283	3283	5.53131e-05
619	7	12967	12967	9.15527e-05
619	8	902	902	7.05719e-05
619	9	1973	1973	2.67029e-05
619	10	257	257	2.28882e-05
619	11	4417	4417	1.14441e-05
619	12	13	13	0
619	13	50256	50256	0
620	5	4905	4905	0.000299454
620	6	286	286	5.91278e-05
620	7	281	281	3.62396e-05
620	8	15835	15835	0.000263214
620	9	393	393	1.14441e-05
620	10	875	875	0.000238419
620	11	13168	13168	0.000160217
620	12	11862	11862	0.000289917
620	13	13	13	1.90735e-06
620	14	50256	50256	0
621	5	338	338	7.62939e-05
621	6	1810	1810	0.000114441
621	7	290	290	0.000102997
621	8	12689	12689	0.000328064
621	9	3407	3407	0.000230789
621	10	262	262	1.90735e-06
621	11	14332	14332	0.000207901
621	12	2305	2305	0.000104904
621	13	9229	9229	0.00019455
621	14	11796	11796	0.000148773
621	15	286	286	5.72205e-06
621	16	3284	3284	6.29425e-05
621	17	13	13	0
621	18	50256	50256	0
622	5	3650	3650	0.000982285
622	6	12278	12278	0.000392914
622	7	2568	2568	0.00124168
622	8	832	832	7.82013e-05
622	9	48287	48287	0.00019455
622	10	5931	5931	6.86646e-05
622	11	12737	12737	0.000146866
622	12	13	13	0
622	13	50256	50256	0
623	5	4143	4143	0.000551224
623	6	2173	2173	0.000226974
623	7	1497	1497	0.000146866
623	8	422	422	1.90735e-06
623	9	262	262	0
623	10	3825	3825	0.00019455
623	11	13	13	5.72205e-06
623	12	50256	50256	0
624	5	290	290	1.33514e-05
624	6	6754	6754	0.000188828
624	7	2478	2478	0.000152588
624	8	286	286	0
624	9	2456	2456	0.000219345
624	10	13	13	0
624	11	50256	50256	0
625	5	3033	3033	0.000110626
625	6	262	262	3.8147e-06
625	7	26997	26997	0.000141144
625	8	2677	2677	0.000205994
625	9	11	11	1.33514e-05
625	10	3825	3825	0.000181198
625	11	370	370	0.000173569
625	12	46654	46654	4.95911e-05
625	13	13	13	0
625	14	50256	50256	0
626	5	3139	3139	0.000709534
626	6	373	373	0.000188828
626	7	327	327	0.000915527
626	8	385	385	0.000440598
626	9	1073	1073	0.00037384
626	10	11	11	3.43323e-05
626	11	287	287	0
626	12	1944	1944	1.14441e-05
626	13	12	12	0.000125885
626	14	820	820	6.86646e-05
626	15	25768	25768	0.000370026
626	16	13	13	0
626	17	50256	50256	0
627	5	5403	5403	6.86646e-05
627	6	663	663	1.33514e-05
627	7	16874	16874	4.57764e-05
627	8	13	13	0
627	9	50256	50256	0
628	5	2583	2583	0.000261307
628	6	4778	4778	0.00015831
628	7	284	284	1.71661e-05
628	8	4439	4439	0.000484467
628	9	649	649	0.000160217
628	10	9471	9471	0.000133514
628	11	13166	13166	0.000463486
628	12	13	13	0
628	13	50256	50256	0
629	5	2568	2568	0.000404358
629	6	832	832	0.000169754
629	7	6565	6565	0.000120163
629	8	2272	2272	0.000242233
629	9	13	13	0
629	10	50256	50256	0
630	5	3519	3519	0.000457764
630	6	1035	1035	0.000501633
630	7	24370	24370	0.00028038
630	8	287	287	5.72205e-06
630	9	13550	13550	0.000196457
630	10	34619	34619	0.000232697
630	11	746	746	0.000431061
630	12	291	291	0.000268936
630	13	11	11	7.82013e-05
630	14	1897	1897	0.000190735
630	15	6210	6210	0.000148773
630	16	11	11	9.53674e-06
630	17	290	290	5.14984e-05
630	18	8312	8312	0.000417709
630	19	14750	14750	5.91278e-05
630	20	13	13	0
630	21	50256	50256	0
631	5	329	329	7.05719e-05
631	6	663	663	3.8147e-05
631	7	1913	1913	0.000154495
631	8	8508	8508	0.000173569
631	9	290	290	3.24249e-05
631	10	27892	27892	0.000120163
631	11	35988	35988	0.00018692
631	12	11222	11222	0.000246048
631	13	13	13	0
631	14	50256	50256	0
632	5	329	329	5.72205e-06
632	6	18120	18120	0.000118256
632	7	257	257	0
632	8	1917	1917	0.000196457
632	9	393	393	1.71661e-05
632	10	9489	9489	7.05719e-05
632	11	257	257	1.90735e-06
632	12	4876	4876	0.000160217
632	13	13	13	0
632	14	50256	50256	0
633	5	422	422	2.09808e-05
633	6	15756	15756	7.62939e-05
633	7	5597	5597	6.10352e-05
633	8	422	422	9.53674e-06
633	9	13686	13686	6.86646e-05
633	10	49235	49235	4.3869e-05
633	11	13	13	0
633	12	50256	50256	0
634	5	34371	34371	0.000165939
634	6	16578	16578	0.000494003
634	7	283	283	0.000593185
634	8	3815	3815	0.00056839
634	9	1262	1262	5.14984e-05
634	10	16311	16311	8.58307e-05
634	11	286	286	0
634	12	530	530	8.2016e-05
634	13	284	284	0.000125885
634	14	1440	1440	0.000120163
634	15	9881	9881	0.000160217
634	16	13	13	0
634	17	50256	50256	0
635	5	2458	2458	0.000274658
635	6	257	257	0.000301361
635	7	6769	6769	0.000663757
635	8	338	338	0.000144958
635	9	6515	6515	0.000259399
635	10	8373	8373	0.000572205
635	11	618	618	0.000385284
635	12	2723	2723	0.000358582
635	13	290	290	1.52588e-05
635	14	22890	22890	0.000211716
635	15	1445	1445	0.000968933
635	16	3585	3585	5.34058e-05
635	17	284	284	0
635	18	1123	1123	9.34601e-05
635	19	584	584	4.95911e-05
635	20	13	13	1.90735e-06
635	21	50256	50256	0
636	5	8372	8372	0.000356674
636	6	3354	3354	0.000263214
636	7	286	286	3.8147e-06
636	8	16519	16519	0.000146866
636	9	290	290	3.8147e-06
636	10	17456	17456	2.47955e-05
636	11	13	13	0
636	12	50256	50256	0
637	5	21767	21767	0.000562668
637	6	262	262	3.8147e-06
637	7	1271	1271	0.000240326
637	8	286	286	0
637	9	1237	1237	0.000133514
637	10	684	684	0.000125885
637	11	287	287	0.00012207
637	12	663	663	1.90735e-06
637	13	29984	29984	0.000299454
637	14	13	13	3.8147e-06
637	15	50256	50256	0
638	5	5563	5563	0.000205994
638	6	832	832	5.14984e-05
638	7	41630	41630	0.000112534
638	8	38445	38445	0.000175476
638	9	5107	5107	0.000413895
638	10	13	13	5.72205e-06
638	11	50256	50256	0
639	5	14921	14921	0.000152588
639	6	5563	5563	0.000106812
639	7	884	884	0.000356674
639	8	355	355	0.000143051
639	9	8234	8234	0.000448227
639	10	11	11	0
639	11	12734	12734	0.000421524
639	12	11	11	0
639	13	393	393	9.34601e-05
639	14	14891	14891	8.58307e-05
639	15	13	13	0
639	16	50256	50256	0
640	5	7997	7997	0.000339508
640	6	416	416	1.14441e-05
640	7	257	257	0
640	8	10706	10706	0.000444412
640	9	286	286	1.90735e-05
640	10	17848	17848	0.000183105
640	11	13	13	0
640	12	50256	50256	0
641	5	281	281	3.05176e-05
641	6	4457	4457	0.000368118
641	7	29877	29877	7.82013e-05
641	8	2858	2858	0.000165939
641	9	11	11	1.33514e-05
641	10	407	407	5.53131e-05
641	11	257	257	1.90735e-06
641	12	2818	2818	0.000165939
641	13	17076	17076	0.000400543
641	14	13	13	0
641	15	50256	50256	0
642	5	3194	3194	0.000375748
642	6	355	355	0.00025177
642	7	257	257	0.000146866
642	8	8064	8064	0.0007267
642	9	286	286	1.14441e-05
642	10	734	734	0.000175476
642	11	37014	37014	0.000259399
642	12	13	13	0
642	13	50256	50256	0
643	5	2107	2107	0.000253677
643	6	290	290	3.24249e-05
643	7	1663	1663	0.000244141
643	8	329	329	5.91278e-05
643	9	517	517	0.00025177
643	10	621	621	0.000259399
643	11	734	734	0.000101089
643	12	812	812	4.19617e-05
643	13	13	13	0
643	14	50256	50256	0
644	5	3139	3139	3.8147e-05
644	6	286	286	0
644	7	16952	16952	0.000133514
644	8	287	287	1.90735e-06
644	9	21199	21199	4.3869e-05
644	10	7229	7229	3.8147e-05
644	11	13	13	0
644	12	50256	50256	0
645	5	4847	4847	0.000205994
645	6	832	832	7.82013e-05
645	7	10288	10288	0.000312805
645	8	284	284	3.62396e-05
645	9	584	584	0.000261307
645	10	4847	4847	5.72205e-05
645	11	13	13	0
645	12	50256	50256	0
646	5	10050	10050	0.000398636
646	6	2568	2568	0.000137329
646	7	284	284	9.53674e-06
646	8	663	663	9.53674e-06
646	9	21334	21334	0.00019455
646	10	13	13	0
646	11	50256	50256	0
647	5	48135	48135	0.000249863
647	6	286	286	4.3869e-05
647	7	262	262	3.8147e-06
647	8	11188	11188	0.000301361
647	9	3967	3967	0.000104904
647	10	1176	1176	0.000480652
647	11	286	286	2.47955e-05
647	12	257	257	0
647	13	1729	1729	0.00108337
647	14	22570	22570	0.000177383
647	15	1271	1271	0.000232697
647	16	13	13	0
647	17	50256	50256	0
648	5	262	262	3.8147e-06
648	6	3085	3085	5.53131e-05
648	7	1627	1627	8.39233e-05
648	8	8686	8686	0.000192642
648	9	284	284	9.53674e-06
648	10	262	262	0
648	11	3465	3465	4.95911e-05
648	12	376	376	3.05176e-05
648	13	13	13	0
648	14	50256	50256	0
649	5	1499	1499	0.000440598
649	6	287	287	1.90735e-06
649	7	262	262	1.14441e-05
649	8	7840	7840	0.000200272
649	9	18020	18020	7.24792e-05
649	10	13	13	0
649	11	50256	50256	0
650	5	4469	4469	9.53674e-05
650	6	286	286	7.24792e-05
650	7	26467	26467	0.000331879
650	8	385	385	0.000282288
650	9	1872	1872	0.000324249
650	10	338	338	6.10352e-05
650	11	3878	3878	0.000175476
650	12	17084	17084	0.000112534
650	13	13	13	0
650	14	50256	50256	0
651	5	2846	2846	0.00012207
651	6	286	286	5.72205e-06
651	7	1223	1223	0.000463486
651	8	2073	2073	0.000211716
651	9	1231	1231	5.53131e-05
651	10	10616	10616	0.000190735
651	11	257	257	9.53674e-06
651	12	18875	18875	0.000139236
651	13	5369	5369	9.15527e-05
651	14	13	13	0
651	15	50256	50256	0
652	5	77	77	0.000188828
652	6	2340	2340	0.000225067
652	7	326	326	9.53674e-05
652	8	3745	3745	0.000444412
652	9	319	319	5.72205e-06
652	10	262	262	1.90735e-06
652	11	2910	2910	0.000102997
652	12	286	286	5.72205e-06
652	13	11453	11453	2.86102e-05
652	14	13	13	0
652	15	50256	50256	0
653	5	1602	1602	0.000494003
653	6	14796	14796	0.000188828
653	7	22950	22950	0.000244141
653	8	423	423	0.000274658
653	9	262	262	5.72205e-06
653	10	976	976	0.000104904
653	11	4129	4129	0.000143051
653	12	13	13	1.90735e-06
653	13	50256	50256	0
654	5	6268	6268	7.05719e-05
654	6	4073	4073	0.000139236
654	7	416	416	1.90735e-06
654	8	29781	29781	0.000139236
654	9	290	290	0
654	10	584	584	5.91278e-05
654	11	38622	38622	6.10352e-05
654	12	13	13	0
654	13	50256	50256	0
655	5	635	635	0.000106812
655	6	8811	8811	0.000232697
655	7	1900	1900	3.05176e-05
655	8	355	355	9.53674e-06
655	9	5482	5482	0.000135422
655	10	3820	3820	0.000200272
655	11	10872	10872	8.96454e-05
655	12	16567	16567	0.00015831
655	13	13	13	1.90735e-06
655	14	50256	50256	0
656	5	5405	5405	0.000177383
656	6	416	416	3.8147e-06
656	7	28472	28472	0.000293732
656	8	803	803	0.000139236
656	9	340	340	4.00543e-05
656	10	351	351	3.8147e-06
656	11	1633	1633	0.000143051
656	12	13	13	0
656	13	50256	50256	0
657	5	4756	4756	0.00053978
657	6	832	832	5.72205e-06
657	7	543	543	0.00101852
657	8	1657	1657	0.000268936
657	9	14170	14170	0.000270844
657	10	262	262	0
657	11	18480	18480	0.00015831
657	12	1080	1080	3.05176e-05
657	13	13	13	0
657	14	50256	50256	0
658	5	4855	4855	0.000211716
658	6	14510	14510	0.000123978
658	7	287	287	0
658	8	6156	6156	5.72205e-06
658	9	6365	6365	0.000112534
658	10	13	13	1.90735e-06
658	11	50256	50256	0
659	5	423	423	6.67572e-05
659	6	257	257	5.14984e-05
659	7	2060	2060	0.000272751
659	8	269	269	0.00162506
659	9	313	313	0.000432968
659	10	88	88	6.10352e-05
659	11	992	992	0.000871658
659	12	261	261	0.000513077
659	13	13	13	0
659	14	50256	50256	0
660	5	2280	2280	6.10352e-05
660	6	393	393	1.90735e-05
660	7	15256	15256	9.72748e-05
660	8	2280	2280	8.2016e-05
660	9	618	618	5.14984e-05
660	10	484	484	7.62939e-05
660	11	21721	21721	1.33514e-05
660	12	13	13	0
660	13	50256	50256	0
661	5	12	12	2.28882e-05
661	6	13982	13982	0.000553131
661	7	21824	21824	9.72748e-05
661	8	5421	5421	0.000610352
661	9	1978	1978	4.3869e-05
661	10	656	656	4.19617e-05
661	11	3881	3881	4.00543e-05
661	12	13	13	0
661	13	50256	50256	0
662	5	46716	46716	0.000192642
662	6	1805	1805	0.000127792
662	7	262	262	0
662	8	517	517	0.000444412
662	9	19217	19217	4.76837e-05
662	10	12098	12098	7.24792e-05
662	11	11061	11061	0.000305176
662	12	606	606	3.8147e-05
662	13	13	13	0
662	14	50256	50256	0
663	5	37475	37475	0.000389099
663	6	11	11	7.62939e-06
663	7	284	284	0.000259399
663	8	5643	5643	0.000814438
663	9	11	11	5.14984e-05
663	10	3664	3664	0.000442505
663	11	321	321	0.000297546
663	12	45070	45070	0.000648499
663	13	11	11	6.67572e-05
663	14	290	290	2.67029e-05
663	15	23849	23849	0.000362396
663	16	2339	2339	0.000432968
663	17	1275	1275	0.000169754
663	18	721	721	0.000520706
663	19	346	346	0.000659943
663	20	1547	1547	0.000368118
663	21	13	13	0
663	22	50256	50256	0
664	5	3624	3624	0.000303268
664	6	5101	5101	0.000549316
664	7	284	284	1.90735e-06
664	8	7301	7301	0.000398636
664	9	290	290	3.05176e-05
664	10	5412	5412	0.000249863
664	11	5563	5563	0.000205994
664	12	13	13	0
664	13	50256	50256	0
665	5	262	262	1.14441e-05
665	6	10596	10596	0.000492096
665	7	10692	10692	0.000356674
665	8	832	832	1.90735e-06
665	9	262	262	0
665	10	41407	41407	0.000221252
665	11	286	286	0
665	12	47403	47403	0.000200272
665	13	13	13	0
665	14	50256	50256	0
666	5	42096	42096	0.00169563
666	6	379	379	0.000173569
666	7	262	262	0.000217438
666	8	18955	18955	0.000259399
666	9	393	393	7.62939e-06
666	10	22088	22088	0.000225067
666	11	291	291	0.000120163
666	12	1241	1241	0.000173569
666	13	13	13	0
666	14	50256	50256	0
667	5	5563	5563	0.000394821
667	6	416	416	1.52588e-05
667	7	13157	13157	0.000509262
667	8	517	517	0.000299454
667	9	1657	1657	8.96454e-05
667	10	621	621	2.86102e-05
667	11	262	262	0
667	12	555	555	0.000957489
667	13	64	64	0.000402451
667	14	1384	1384	8.58307e-05
667	15	4151	4151	8.58307e-05
667	16	13	13	3.05176e-05
667	17	50256	50256	0
668	5	284	284	1.14441e-05
668	6	8181	8181	0.000152588
668	7	422	422	5.72205e-06
668	8	5509	5509	0.000152588
668	9	13737	13737	5.91278e-05
668	10	13	13	0
668	11	50256	50256	0
669	5	2753	2753	0.000173569
669	6	1295	1295	0.000247955
669	7	8384	8384	0.000150681
669	8	319	319	1.52588e-05
669	9	281	281	1.14441e-05
669	10	7022	7022	0.000238419
669	11	13	13	3.8147e-06
669	12	50256	50256	0
670	5	16524	16524	0.000150681
670	6	13510	13510	0.000371933
670	7	9210	9210	0.00019455
670	8	326	326	2.09808e-05
670	9	389	389	6.10352e-05
670	10	7425	7425	0.00015831
670	11	351	351	1.52588e-05
670	12	6428	6428	0.000272751
670	13	5289	5289	0.000165939
670	14	13	13	3.8147e-06
670	15	50256	50256	0
671	5	7596	7596	0.000268936
671	6	4791	4791	0.000253677
671	7	591	591	0.000169754
671	8	7346	7346	0.000205994
671	9	257	257	1.90735e-06
671	10	1327	1327	0.000375748
671	11	8434	8434	0.000406265
671	12	7582	7582	5.72205e-05
671	13	13	13	0
671	14	50256	50256	0
672	5	2291	2291	0.000411987
672	6	24789	24789	0.000156403
672	7	47523	47523	0.000106812
672	8	290	290	2.47955e-05
672	9	14186	14186	3.62396e-05
672	10	6147	6147	5.72205e-05
672	11	12835	12835	0.000106812
672	12	13	13	0
672	13	50256	50256	0
673	5	878	878	0.000123978
673	6	14342	14342	0.000112534
673	7	1973	1973	5.14984e-05
673	8	2031	2031	6.29425e-05
673	9	13	13	3.8147e-05
673	10	50256	50256	0
674	5	1104	1104	0.000556946
674	6	966	966	0.000705719
674	7	1444	1444	0.000165939
674	8	257	257	1.52588e-05
674	9	46246	46246	0.000339508
674	10	6098	6098	6.48499e-05
674	11	388	388	0.000228882
674	12	13	13	0
674	13	50256	50256	0
675	5	656	656	7.62939e-05
675	6	262	262	5.72205e-06
675	7	1956	1956	0.00028038
675	8	24162	24162	0.000171661
675	9	327	327	0.000396729
675	10	5126	5126	7.82013e-05
675	11	666	666	0.000169754
675	12	6896	6896	0.000144958
675	13	13	13	3.8147e-06
675	14	50256	50256	0
676	5	5399	5399	0.000131607
676	6	15921	15921	0.000368118
676	7	286	286	0
676	8	867	867	0.000125885
676	9	12734	12734	0.000450134
676	10	13	13	0
676	11	50256	50256	0
677	5	2568	2568	0.000104904
677	6	656	656	6.29425e-05
677	7	12370	12370	0.000160217
677	8	6268	6268	6.48499e-05
677	9	13	13	0
677	10	50256	50256	0
678	5	389	389	7.24792e-05
678	6	1043	1043	8.2016e-05
678	7	355	355	7.05719e-05
678	8	880	880	0.000267029
678	9	355	355	4.3869e-05
678	10	644	644	0.000272751
678	11	484	484	0.000150681
678	12	389	389	1.33514e-05
678	13	13	13	0
678	14	50256	50256	0
679	5	287	287	1.90735e-06
679	6	262	262	0
679	7	4037	4037	0.000127792
679	8	4482	4482	0.000101089
679	9	286	286	0
679	10	27719	27719	4.3869e-05
679	11	13	13	0
679	12	50256	50256	0
680	5	3139	3139	3.43323e-05
680	6	286	286	1.90735e-06
680	7	21291	21291	0.00031662
680	8	11	11	1.90735e-06
680	9	1029	1029	0.000307083
680	10	287	287	1.71661e-05
680	11	262	262	1.52588e-05
680	12	843	843	0.000183105
680	13	274	274	9.91821e-05
680	14	13	13	2.86102e-05
680	15	50256	50256	0
681	5	3139	3139	4.19617e-05
681	6	11	11	3.8147e-06
681	7	290	290	1.71661e-05
681	8	262	262	0
681	9	569	569	0.000177383
681	10	396	396	0.000154495
681	11	4712	4712	9.91821e-05
681	12	15623	15623	0.000339508
681	13	832	832	0.000101089
681	14	340	340	0.0001297
681	15	13	13	0
681	16	50256	50256	0
682	5	13	13	0
682	6	50256	50256	0
683	5	7306	7306	0.000772476
683	6	10349	10349	0.00117111
683	7	2648	2648	0.000486374
683	8	262	262	3.8147e-06
683	9	976	976	7.62939e-06
683	10	15004	15004	3.8147e-05
683	11	3580	3580	3.62396e-05
683	12	13	13	0
683	13	50256	50256	0
684	5	1103	1103	0.000200272
684	6	3146	3146	0.000152588
684	7	318	318	5.34058e-05
684	8	3967	3967	0.000530243
684	9	13	13	1.71661e-05
684	10	50256	50256	0
685	5	1296	1296	5.53131e-05
685	6	618	618	0.000228882
685	7	44030	44030	0.000816345
685	8	2587	2587	4.95911e-05
685	9	3608	3608	0.00416565
685	10	82	82	0.000339508
685	11	290	290	6.29425e-05
685	12	4735	4735	0.00185204
685	13	6945	6945	7.05719e-05
685	14	13	13	3.8147e-06
685	15	50256	50256	0
686	5	5894	5894	0.000217438
686	6	4771	4771	0.000488281
686	7	2458	2458	0.00161362
686	8	3264	3264	0.000440598
686	9	422	422	9.34601e-05
686	10	4735	4735	5.53131e-05
686	11	284	284	2.09808e-05
686	12	3623	3623	0.000379562
686	13	13	13	5.34058e-05
686	14	50256	50256	0
687	5	5002	5002	0.000654221
687	6	423	423	3.43323e-05
687	7	4961	4961	0.000497818
687	8	386	386	9.53674e-05
687	9	1122	1122	0.000179291
687	10	9853	9853	7.05719e-05
687	11	475	475	0.000236511
687	12	1180	1180	8.7738e-05
687	13	49810	49810	0.000198364
687	14	9853	9853	0.000432968
687	15	13	13	0
687	16	50256	50256	0
688	5	42407	42407	0.000230789
688	6	469	469	0.000125885
688	7	318	318	8.01086e-05
688	8	262	262	1.52588e-05
688	9	4318	4318	7.62939e-05
688	10	2095	2095	0.000375748
688	11	287	287	1.90735e-06
688	12	317	317	0.000190735
688	13	6786	6786	3.8147e-05
688	14	5074	5074	2.86102e-05
688	15	13	13	0
688	16	50256	50256	0
689	5	925	925	0.000587463
689	6	7525	7525	0.00053215
689	7	286	286	1.33514e-05
689	8	6383	6383	0.000272751
689	9	50006	50006	0.000320435
689	10	2138	2138	5.72205e-06
689	11	621	621	2.28882e-05
689	12	9970	9970	7.62939e-06
689	13	13	13	0
689	14	50256	50256	0
690	5	26600	26600	0.000131607
690	6	663	663	7.62939e-06
690	7	16704	16704	0.000202179
690	8	11348	11348	8.58307e-05
690	9	1108	1108	1.33514e-05
690	10	13	13	0
690	11	50256	50256	0
691	5	1748	1748	0.00050354
691	6	286	286	5.72205e-06
691	7	8602	8602	0.000249863
691	8	11	11	0.000154495
691	9	319	319	4.76837e-05
691	10	262	262	1.90735e-06
691	11	314	314	0.000762939
691	12	527	527	0.000272751
691	13	666	666	0.000606537
691	14	24078	24078	0.000183105
691	15	13	13	0
691	16	50256	50256	0
692	5	319	319	7.43866e-05
692	6	49812	49812	0.000457764
692	7	2340	2340	0.000778198
692	8	290	290	3.8147e-06
692	9	584	584	5.72205e-06
692	10	1402	1402	0.000303268
692	11	19435	19435	0.000267029
692	12	13	13	0
692	13	50256	50256	0
693	5	1022	1022	1.71661e-05
693	6	7686	7686	0.000255585
693	7	13	13	0
693	8	50256	50256	1.90735e-06
694	5	11	11	2.09808e-05
694	6	318	318	1.71661e-05
694	7	262	262	7.62939e-06
694	8	2260	2260	0.000123978
694	9	3139	3139	4.95911e-05
694	10	286	286	7.62939e-06
694	11	4505	4505	5.53131e-05
694	12	13	13	0
694	13	50256	50256	0
695	5	2024	2024	0.0001297
695	6	460	460	7.62939e-06
695	7	307	307	2.86102e-05
695	8	2087	2087	0.00031662
695	9	416	416	1.90735e-06
695	10	4375	4375	4.3869e-05
695	11	511	511	4.95911e-05
695	12	5470	5470	9.72748e-05
695	13	2024	2024	0.00012207
695	14	13	13	0
695	15	50256	50256	0
696	5	262	262	3.43323e-05
696	6	25861	25861	0.000377655
696	7	2779	2779	9.72748e-05
696	8	4326	4326	0.000398636
696	9	329	329	0.000423431
696	10	21969	21969	9.15527e-05
696	11	34743	34743	0.000141144
696	12	5951	5951	0.000181198
696	13	13	13	0
696	14	50256	50256	0
697	5	14729	14729	0.000123978
697	6	286	286	3.24249e-05
697	7	7405	7405	0.000144958
697	8	13	13	0
697	9	50256	50256	0
698	5	262	262	1.52588e-05
698	6	2685	2685	0.000709534
698	7	8573	8573	0.000429153
698	8	810	810	0.000335693
698	9	5205	5205	9.91821e-05
698	10	44411	44411	5.34058e-05
698	11	8833	8833	0.000123978
698	12	287	287	1.90735e-05
698	13	4077	4077	9.53674e-05
698	14	6134	6134	0.000110626
698	15	13	13	0
698	16	50256	50256	0
699	5	8850	8850	4.19617e-05
699	6	1633	1633	0.00127029
699	7	10874	10874	0.000226974
699	8	8384	8384	0.000473022
699	9	286	286	2.67029e-05
699	10	17745	17745	0.000343323
699	11	7268	7268	0.00038147
699	12	734	734	9.34601e-05
699	13	11863	11863	0.000219345
699	14	23235	23235	0.000219345
699	15	13	13	0
699	16	50256	50256	0
700	5	416	416	1.71661e-05
700	6	1633	1633	0.000518799
700	7	11581	11581	0.000621796
700	8	8902	8902	0.000102997
700	9	706	706	8.01086e-05
700	10	14357	14357	0.000162125
700	11	37876	37876	8.58307e-05
700	12	340	340	4.76837e-05
700	13	13	13	0
700	14	50256	50256	0
701	5	13522	13522	0.000354767
701	6	11	11	0
701	7	257	257	3.24249e-05
701	8	2829	2829	0.000827789
701	9	44017	44017	0.00109673
701	10	14452	14452	0.000501633
701	11	26728	26728	0.00301552
701	12	517	517	0.00109482
701	13	6364	6364	0.000408173
701	14	618	618	0.0011692
701	15	663	663	5.72205e-06
701	16	4129	4129	0.00188446
701	17	318	318	6.29425e-05
701	18	3220	3220	0.000101089
701	19	13	13	0
701	20	50256	50256	0
702	5	1785	1785	0.000299454
702	6	17810	17810	8.58307e-05
702	7	11	11	0.000164032
702	8	1657	1657	3.8147e-05
702	9	2314	2314	0.000240326
702	10	6654	6654	0.000131607
702	11	284	284	5.72205e-06
702	12	12899	12899	7.43866e-05
702	13	17984	17984	3.43323e-05
702	14	13	13	0
702	15	50256	50256	0
703	5	287	287	1.52588e-05
703	6	262	262	1.33514e-05
703	7	614	614	9.15527e-05
703	8	1478	1478	0.000160217
703	9	4310	4310	8.7738e-05
703	10	13	13	1.90735e-06
703	11	50256	50256	0
704	5	281	281	2.47955e-05
704	6	12278	12278	0.000120163
704	7	6737	6737	9.15527e-05
704	8	13	13	5.72205e-06
704	9	50256	50256	0
705	5	5166	5166	0.000341415
705	6	286	286	0.000318527
705	7	302	302	8.39233e-05
705	8	5379	5379	0.000188828
705	9	326	326	1.52588e-05
705	10	12611	12611	0.000289917
705	11	378	378	0.000513077
705	12	1028	1028	0.000556946
705	13	1123	1123	0.000268936
705	14	584	584	0.00021553
705	15	13	13	3.05176e-05
705	16	50256	50256	0
706	5	284	284	1.90735e-05
706	6	1037	1037	0.000135422
706	7	17276	17276	0.000150681
706	8	8574	8574	7.05719e-05
706	9	12784	12784	5.53131e-05
706	10	13	13	0
706	11	50256	50256	0
707	5	1205	1205	0.000123978
707	6	1231	1231	7.62939e-05
707	7	15345	15345	0.000162125
707	8	11904	11904	6.29425e-05
707	9	13	13	2.28882e-05
707	10	50256	50256	0
708	5	262	262	9.53674e-06
708	6	44345	44345	0.000322342
708	7	8813	8813	0.000484467
708	8	268	268	0.0004673
708	9	1904	1904	0.000423431
708	10	21767	21767	0.000518799
708	11	262	262	3.8147e-06
708	12	2160	2160	0.000389099
708	13	286	286	0.000270844
708	14	262	262	0
708	15	24438	24438	0.000167847
708	16	286	286	7.62939e-06
708	17	262	262	1.90735e-06
708	18	584	584	0.000133514
708	19	734	734	1.33514e-05
708	20	5389	5389	0.000278473
708	21	13	13	0
708	22	50256	50256	0
709	5	32202	32202	0.000196457
709	6	1276	1276	0.000549316
709	7	14999	14999	0.000200272
709	8	663	663	2.86102e-05
709	9	20831	20831	0.000135422
709	10	409	409	0.000297546
709	11	418	418	0.000141144
709	12	38800	38800	6.86646e-05
709	13	13	13	0
709	14	50256	50256	0
710	5	4279	4279	0.000379562
710	6	393	393	5.72205e-06
710	7	2393	2393	0.000165939
710	8	287	287	3.8147e-06
710	9	19780	19780	0.000343323
710	10	13	13	4.3869e-05
710	11	50256	50256	0
711	5	1245	1245	0.000310898
711	6	286	286	3.8147e-06
711	7	257	257	1.90735e-06
711	8	2700	2700	0.000597
711	9	546	546	0.000152588
711	10	281	281	7.24792e-05
711	11	16488	16488	0.000110626
711	12	13	13	9.53674e-06
711	13	50256	50256	0
712	5	1588	1588	8.96454e-05
712	6	9824	9824	0.000457764
712	7	319	319	2.28882e-05
712	8	262	262	1.33514e-05
712	9	10326	10326	0.000173569
712	10	4417	4417	6.10352e-05
712	11	287	287	0
712	12	25768	25768	0.000236511
712	13	13	13	0
712	14	50256	50256	0
713	5	6869	6869	0.000778198
713	6	338	338	2.09808e-05
713	7	4252	4252	0.00124931
713	8	18250	18250	0.000242233
713	9	33169	33169	0.000183105
713	10	6698	6698	0.00025177
713	11	4632	4632	0.000274658
713	12	1497	1497	0.000261307
713	13	422	422	5.72205e-06
713	14	3668	3668	0.000204086
713	15	13	13	0
713	16	50256	50256	0
714	5	779	779	0.00112915
714	6	16396	16396	0.000589371
714	7	5405	5405	0.000152588
714	8	284	284	0
714	9	1296	1296	7.24792e-05
714	10	9824	9824	0.000171661
714	11	393	393	0
714	12	5986	5986	7.43866e-05
714	13	13	13	0
714	14	50256	50256	0
715	5	2458	2458	3.8147e-05
715	6	262	262	5.72205e-06
715	7	4129	4129	0.000110626
715	8	286	286	0
715	9	262	262	1.90735e-05
715	10	8875	8875	0.00131989
715	11	338	338	0.00041008
715	12	1633	1633	0.000135422
715	13	3108	3108	0.000455856
715	14	13	13	0
715	15	50256	50256	0
716	5	287	287	7.24792e-05
716	6	13066	13066	0.00047493
716	7	1088	1088	0.000371933
716	8	262	262	0
716	9	3825	3825	5.91278e-05
716	10	13	13	7.62939e-06
716	11	50256	50256	0
717	5	47786	47786	0.000585556
717	6	262	262	3.05176e-05
717	7	3356	3356	0.000904083
717	8	286	286	2.67029e-05
717	9	5186	5186	3.8147e-05
717	10	3877	3877	0.000246048
717	11	832	832	1.90735e-05
717	12	663	663	6.86646e-05
717	13	11963	11963	0.00028801
717	14	13	13	0
717	15	50256	50256	0
718	5	4483	4483	0.000411987
718	6	2057	2057	0.000383377
718	7	422	422	5.72205e-05
718	8	1111	1111	0.000270844
718	9	6134	6134	0.000492096
718	10	290	290	0
718	11	4695	4695	0.000164032
718	12	13	13	0
718	13	50256	50256	0
719	5	6268	6268	8.96454e-05
719	6	832	832	2.86102e-05
719	7	18842	18842	0.000112534
719	8	722	722	0.000133514
719	9	9941	9941	0.000183105
719	10	13	13	0
719	11	50256	50256	0
720	5	3668	3668	0.000230789
720	6	338	338	1.90735e-05
720	7	4417	4417	6.86646e-05
720	8	318	318	7.62939e-06
720	9	1444	1444	9.53674e-06
720	10	2153	2153	0.000545502
720	11	2611	2611	0.000364304
720	12	13	13	0
720	13	50256	50256	0
721	5	262	262	1.71661e-05
721	6	976	976	0.0001297
721	7	1688	1688	0.000261307
721	8	5044	5044	0.0001297
721	9	1448	1448	0.000148773
721	10	355	355	3.8147e-06
721	11	5417	5417	0.000276566
721	12	281	281	3.24249e-05
721	13	368	368	0.000152588
721	14	1952	1952	0.000429153
721	15	13	13	3.8147e-06
721	16	50256	50256	0
722	5	656	656	0.000101089
722	6	12278	12278	0.000509262
722	7	2568	2568	0.000272751
722	8	13	13	0
722	9	50256	50256	0
723	5	2219	2219	0.00028038
723	6	1438	1438	0.000217438
723	7	329	329	8.39233e-05
723	8	21072	21072	0.000646591
723	9	275	275	0.000312805
723	10	291	291	1.90735e-05
723	11	42084	42084	0.00018692
723	12	378	378	0.000217438
723	13	13	13	0
723	14	50256	50256	0
724	5	9377	9377	6.86646e-05
724	6	1271	1271	5.53131e-05
724	7	13	13	1.90735e-06
724	8	50256	50256	1.90735e-06
725	5	19780	19780	0.00021553
725	6	983	983	6.48499e-05
725	7	351	351	1.90735e-06
725	8	27913	27913	0.000181198
725	9	5207	5207	3.43323e-05
725	10	13	13	4.19617e-05
725	11	50256	50256	0
726	5	286	286	1.90735e-06
726	6	16490	16490	7.05719e-05
726	7	287	287	1.90735e-06
726	8	22197	22197	8.58307e-05
726	9	338	338	3.8147e-05
726	10	13574	13574	0.000143051
726	11	13	13	0
726	12	50256	50256	0
727	5	878	878	0.00028801
727	6	340	340	0.000144958
727	7	5667	5667	8.2016e-05
727	8	262	262	1.90735e-06
727	9	1767	1767	5.34058e-05
727	10	13	13	0
727	11	50256	50256	0
728	5	36324	36324	0.000516891
728	6	389	389	0.000213623
728	7	925	925	0.000270844
728	8	422	422	0.000257492
728	9	35988	35988	5.53131e-05
728	10	2266	2266	0.000141144
728	11	32085	32085	0.000305176
728	12	39642	39642	9.34601e-05
728	13	13	13	0
728	14	50256	50256	0
729	5	1862	1862	0.000232697
729	6	20611	20611	0.000226974
729	7	34262	34262	0.000173569
729	8	878	878	0.000154495
729	9	484	484	0.000183105
729	10	3938	3938	0.000135422
729	11	4292	4292	0.000225067
729	12	13	13	0
729	13	50256	50256	0
730	5	10874	10874	0.0004673
730	6	286	286	9.53674e-06
730	7	867	867	0.000377655
730	8	5100	5100	5.34058e-05
730	9	17894	17894	0.000146866
730	10	13	13	1.52588e-05
730	11	50256	50256	0
731	5	1690	1690	0.000459671
731	6	18782	18782	0.000104904
731	7	5609	5609	0.000349045
731	8	1657	1657	0.000164032
731	9	290	290	4.19617e-05
731	10	10908	10908	0.000162125
731	11	8188	8188	7.43866e-05
731	12	13	13	1.90735e-06
731	13	50256	50256	0
732	5	663	663	0.000118256
732	6	1957	1957	0.000518799
732	7	636	636	0.000236511
732	8	290	290	1.90735e-06
732	9	7386	7386	0.000293732
732	10	351	351	7.05719e-05
732	11	281	281	1.14441e-05
732	12	379	379	0.000265121
732	13	1051	1051	8.2016e-05
732	14	13	13	0
732	15	50256	50256	0
733	5	284	284	9.15527e-05
733	6	5951	5951	0.000883102
733	7	284	284	9.53674e-06
733	8	1037	1037	0.000125885
733	9	16697	16697	0.000204086
733	10	16930	16930	0.000246048
733	11	393	393	1.90735e-06
733	12	15134	15134	0.000463486
733	13	13	13	0
733	14	50256	50256	0
734	5	878	878	0.000282288
734	6	8978	8978	0.000139236
734	7	262	262	1.90735e-06
734	8	19517	19517	0.000204086
734	9	6896	6896	2.09808e-05
734	10	13	13	3.8147e-06
734	11	50256	50256	0
735	5	5400	5400	5.72205e-05
735	6	287	287	6.67572e-05
735	7	11711	11711	0.000366211
735	8	3833	3833	0.000154495
735	9	1088	1088	0.000127792
735	10	281	281	4.19617e-05
735	11	37970	37970	0.000106812
735	12	2134	2134	0.000183105
735	13	13	13	0
735	14	50256	50256	0
736	5	5253	5253	0.00018692
736	6	2138	2138	0.000648499
736	7	621	621	0.000236511
736	8	257	257	0
736	9	9478	9478	0.000329971
736	10	286	286	0
736	11	640	640	0.000272751
736	12	13	13	0
736	13	50256	50256	0
737	5	4695	4695	0.000282288
737	6	11	11	3.43323e-05
737	7	772	772	0.000616074
737	8	996	996	0.000974655
737	9	867	867	2.09808e-05
737	10	22464	22464	0.000417709
737	11	7009	7009	0.000164032
737	12	12734	12734	0.000324249
737	13	13	13	0
737	14	50256	50256	0
738	5	257	257	9.53674e-06
738	6	3992	3992	0.00030899
738	7	2443	2443	4.3869e-05
738	8	815	815	3.24249e-05
738	9	307	307	0.000127792
738	10	5545	5545	9.53674e-06
738	11	13	13	0
738	12	50256	50256	0
739	5	13066	13066	0.000261307
739	6	23537	23537	0.00021553
739	7	422	422	3.43323e-05
739	8	262	262	3.8147e-06
739	9	3825	3825	5.34058e-05
739	10	13	13	0
739	11	50256	50256	0
740	5	76	76	0.000644684
740	6	8592	8592	0.000614166
740	7	11	11	0
740	8	340	340	0.000108719
740	9	5419	5419	0.000303268
740	10	3197	3197	0.000339508
740	11	1633	1633	0.00038147
740	12	656	656	5.72205e-06
740	13	262	262	0.000102997
740	14	21726	21726	0.000150681
740	15	13	13	0
740	16	50256	50256	0
741	5	431	431	0.000787735
741	6	260	260	0.000247955
741	7	355	355	3.62396e-05
741	8	663	663	0
741	9	25861	25861	0.000209808
741	10	2779	2779	4.95911e-05
741	11	4326	4326	0.00115204
741	12	13	13	1.71661e-05
741	13	50256	50256	0
742	5	318	318	0.000125885
742	6	257	257	1.90735e-06
742	7	20838	20838	4.00543e-05
742	8	12505	12505	5.34058e-05
742	9	3716	3716	7.43866e-05
742	10	319	319	8.7738e-05
742	11	262	262	0.00021553
742	12	28259	28259	0.000238419
742	13	7022	7022	7.62939e-05
742	14	286	286	7.62939e-06
742	15	7349	7349	0.000226974
742	16	13	13	1.90735e-06
742	17	50256	50256	0
743	5	17777	17777	0.000143051
743	6	274	274	8.39233e-05
743	7	1138	1138	0.000144958
743	8	37670	37670	0.000137329
743	9	1042	1042	0.000102997
743	10	13	13	0
743	11	50256	50256	0
744	5	3218	3218	0.000537872
744	6	37783	37783	0.000450134
744	7	326	326	0.000137329
744	8	17245	17245	0.000110626
744	9	779	779	0.000434875
744	10	284	284	1.90735e-05
744	11	3357	3357	3.05176e-05
744	12	10576	10576	2.86102e-05
744	13	13	13	0
744	14	50256	50256	0
745	5	618	618	0.000270844
745	6	4683	4683	0.000728607
745	7	12586	12586	0.00103951
745	8	1487	1487	0.00037384
745	9	739	739	0.000133514
745	10	4894	4894	0.000120163
745	11	290	290	0
745	12	3833	3833	0.000476837
745	13	1231	1231	0.000665665
745	14	3190	3190	0.000383377
745	15	24203	24203	0.000146866
745	16	13	13	1.52588e-05
745	17	50256	50256	0
746	5	572	572	0.000314713
746	6	5478	5478	0.000299454
746	7	338	338	0.000125885
746	8	35618	35618	0.000192642
746	9	7051	7051	0.000110626
746	10	13	13	3.8147e-06
746	11	50256	50256	0
747	5	8506	8506	0.000364304
747	6	12201	12201	0.000406265
747	7	636	636	0.000289917
747	8	286	286	1.90735e-05
747	9	281	281	1.33514e-05
747	10	317	317	0.000162125
747	11	11693	11693	5.91278e-05
747	12	8952	8952	0.000137329
747	13	312	312	0.000171661
747	14	22035	22035	0.000137329
747	15	39490	39490	0.000102997
747	16	3641	3641	7.43866e-05
747	17	13	13	1.90735e-06
747	18	50256	50256	0
748	5	645	645	4.95911e-05
748	6	24012	24012	0.000217438
748	7	6143	6143	0.000114441
748	8	458	458	0.000104904
748	9	34387	34387	0.000108719
748	10	13	13	0
748	11	50256	50256	0
749	5	7667	7667	0.000101089
749	6	8701	8701	0.000368118
749	7	4447	4447	0.000310898
749	8	1043	1043	0.000282288
749	9	8384	8384	0.000228882
749	10	287	287	2.67029e-05
749	11	16519	16519	9.91821e-05
749	12	290	290	5.14984e-05
749	13	36421	36421	5.34058e-05
749	14	13	13	0
749	15	50256	50256	0
750	5	3473	3473	0.000507355
750	6	286	286	1.90735e-06
750	7	517	517	0.00021553
750	8	621	621	5.91278e-05
750	9	530	530	7.62939e-05
750	10	34371	34371	0.000173569
750	11	2438	2438	0.000440598
750	12	966	966	0.000362396
750	13	13	13	0
750	14	50256	50256	0
751	5	5640	5640	0.00018692
751	6	257	257	3.8147e-06
751	7	15554	15554	0.000230789
751	8	9030	9030	0.000204086
751	9	284	284	4.19617e-05
751	10	5587	5587	0.000102997
751	11	13042	13042	0.000156403
751	12	13	13	0
751	13	50256	50256	0
752	5	286	286	3.8147e-06
752	6	26742	26742	7.43866e-05
752	7	1626	1626	0.000185013
752	8	257	257	1.33514e-05
752	9	3704	3704	7.43866e-05
752	10	286	286	0
752	11	4898	4898	0.000148773
752	12	13	13	5.72205e-06
752	13	50256	50256	0
753	5	24603	24603	0.000303268
753	6	5440	5440	9.72748e-05
753	7	5140	5140	0.000114441
753	8	287	287	1.90735e-06
753	9	262	262	1.90735e-06
753	10	1388	1388	0.000299454
753	11	27460	27460	0.00021553
753	12	10999	10999	0.000278473
753	13	13	13	5.72205e-06
753	14	50256	50256	0
754	5	1657	1657	1.14441e-05
754	6	656	656	0.000101089
754	7	7577	7577	0.000183105
754	8	780	780	0.00015831
754	9	1180	1180	0.000221252
754	10	45656	45656	0.000299454
754	11	1006	1006	0.00053978
754	12	974	974	0.000289917
754	13	416	416	1.33514e-05
754	14	1180	1180	6.67572e-05
754	15	6867	6867	0.000207901
754	16	13	13	0
754	17	50256	50256	0
755	5	2785	2785	9.91821e-05
755	6	2568	2568	0.000131607
755	7	13	13	0
755	8	50256	50256	0
756	5	14568	14568	0.00135994
756	6	351	351	1.90735e-06
756	7	1180	1180	0.000110626
756	8	5951	5951	0.00053978
756	9	393	393	7.62939e-06
756	10	20160	20160	0.000530243
756	11	9695	9695	0.000494003
756	12	13	13	0
756	13	50256	50256	0
757	5	262	262	7.05719e-05
757	6	31877	31877	0.000448227
757	7	23648	23648	0.000677109
757	8	559	559	0.000169754
757	9	422	422	0.000120163
757	10	262	262	0
757	11	3942	3942	0.00022316
757	12	850	850	0.000236511
757	13	3642	3642	5.14984e-05
757	14	7233	7233	6.67572e-05
757	15	13	13	0
757	16	50256	50256	0
758	5	7408	7408	0.000175476
758	6	290	290	1.71661e-05
758	7	34616	34616	9.53674e-05
758	8	29120	29120	3.43323e-05
758	9	13	13	0
758	10	50256	50256	0
759	5	389	389	2.86102e-05
759	6	14921	14921	8.7738e-05
759	7	656	656	1.52588e-05
759	8	20144	20144	4.3869e-05
759	9	290	290	2.47955e-05
759	10	13439	13439	8.58307e-05
759	11	13	13	0
759	12	50256	50256	0
760	5	318	318	2.47955e-05
760	6	262	262	1.90735e-06
760	7	3139	3139	0.000385284
760	8	286	286	3.8147e-06
760	9	17333	17333	0.00021553
760	10	11	11	9.53674e-06
760	11	281	281	0.000411987
760	12	7022	7022	0.000185013
760	13	1499	1499	0.00367165
760	14	13	13	0
760	15	50256	50256	0
761	5	17008	17008	0.000169754
761	6	8811	8811	0.00170517
761	7	925	925	8.58307e-05
761	8	1262	1262	0.000185013
761	9	17797	17797	0.000818253
761	10	44749	44749	5.72205e-05
761	11	13	13	0
761	12	50256	50256	0
762	5	1962	1962	0.000188828
762	6	1142	1142	0.000198364
762	7	3970	3970	0.00021553
762	8	287	287	0
762	9	2882	2882	0.000165939
762	10	284	284	1.33514e-05
762	11	262	262	0
762	12	13471	13471	0.000213623
762	13	286	286	0
762	14	257	257	0
762	15	7897	7897	5.91278e-05
762	16	3240	3240	2.09808e-05
762	17	13	13	0
762	18	50256	50256	0
763	5	26371	26371	0.000183105
763	6	2100	2100	0.000366211
763	7	3800	3800	0.000385284
763	8	286	286	3.62396e-05
763	9	257	257	3.8147e-06
763	10	35113	35113	7.62939e-05
763	11	393	393	1.14441e-05
763	12	44400	44400	3.24249e-05
763	13	13	13	0
763	14	50256	50256	0
764	5	1978	1978	0.000101089
764	6	287	287	1.14441e-05
764	7	257	257	7.62939e-06
764	8	2266	2266	0.00031662
764	9	1140	1140	0.000137329
764	10	6317	6317	0.000165939
764	11	13	13	0
764	12	50256	50256	0
765	5	511	511	4.3869e-05
765	6	5667	5667	0.000177383
765	7	1141	1141	4.19617e-05
765	8	257	257	0
765	9	3218	3218	0.000480652
765	10	21819	21819	0.000112534
765	11	6772	6772	8.01086e-05
765	12	13	13	0
765	13	50256	50256	0
766	5	23638	23638	0.000162125
766	6	373	373	6.29425e-05
766	7	3170	3170	9.53674e-06
766	8	329	329	1.52588e-05
766	9	262	262	5.72205e-06
766	10	872	872	0.000234604
766	11	33766	33766	0.000144958
766	12	5311	5311	0.000112534
766	13	3046	3046	0.000196457
766	14	84	84	0.000494003
766	15	13	13	5.72205e-06
766	16	50256	50256	0
767	5	8833	8833	0.000366211
767	6	287	287	0
767	7	262	262	0
767	8	1402	1402	0.000295639
767	9	45426	45426	0.000240326
767	10	13	13	0
767	11	50256	50256	0
768	5	281	281	4.95911e-05
768	6	21670	21670	0.000118256
768	7	28287	28287	0.000123978
768	8	389	389	4.76837e-05
768	9	9518	9518	9.91821e-05
768	10	5667	5667	7.05719e-05
768	11	13	13	0
768	12	50256	50256	0
769	5	8573	8573	8.58307e-05
769	6	286	286	0
769	7	48573	48573	0.000463486
769	8	6134	6134	6.48499e-05
769	9	13	13	0
769	10	50256	50256	0
770	5	16613	16613	0.000257492
770	6	1626	1626	0.000364304
770	7	262	262	0
770	8	1692	1692	0.000162125
770	9	7721	7721	9.91821e-05
770	10	13	13	0
770	11	50256	50256	0
771	5	24927	24927	0.000177383
771	6	399	399	0.000217438
771	7	2306	2306	8.58307e-05
771	8	35815	35815	0.000154495
771	9	287	287	1.90735e-06
771	10	22381	22381	0.000249863
771	11	39255	39255	0.000352859
771	12	1004	1004	0.000217438
771	13	6120	6120	0.000284195
771	14	4698	4698	0.000143051
771	15	262	262	0
771	16	32306	32306	9.34601e-05
771	17	13	13	0
771	18	50256	50256	0
772	5	1657	1657	0.000806808
772	6	26842	26842	0.00163269
772	7	618	618	0.000104904
772	8	340	340	5.14984e-05
772	9	14170	14170	0.000602722
772	10	257	257	4.00543e-05
772	11	1180	1180	8.7738e-05
772	12	13245	13245	0.00120544
772	13	2587	2587	0.00041008
772	14	379	379	3.05176e-05
772	15	281	281	6.86646e-05
772	16	9848	9848	0.00160789
772	17	13	13	7.62939e-06
772	18	50256	50256	0
773	5	351	351	6.29425e-05
773	6	663	663	0.000102997
773	7	16488	16488	0.000240326
773	8	37229	37229	0.00030899
773	9	2048	2048	0.000225067
773	10	656	656	7.82013e-05
773	11	262	262	0
773	12	6614	6614	0.000766754
773	13	286	286	0
773	14	663	663	2.86102e-05
773	15	13066	13066	0.000276566
773	16	13	13	0
773	17	50256	50256	0
774	5	286	286	3.8147e-06
774	6	14159	14159	0.000200272
774	7	287	287	1.90735e-06
774	8	262	262	0
774	9	18020	18020	0.000322342
774	10	6896	6896	0.000270844
774	11	13	13	0
774	12	50256	50256	0
775	5	3210	3210	0.000900269
775	6	4141	4141	0.000869751
775	7	12	12	3.8147e-06
775	8	2385	2385	0.00184059
775	9	863	863	5.14984e-05
775	10	6203	6203	0.00056839
775	11	468	468	0.000143051
775	12	15334	15334	0.000270844
775	13	12	12	5.34058e-05
775	14	11545	11545	0.000154495
775	15	4116	4116	5.14984e-05
775	16	13	13	3.8147e-06
775	17	50256	50256	0
776	5	318	318	0.000146866
776	6	262	262	4.00543e-05
776	7	640	640	0.000637054
776	8	2672	2672	0.000238419
776	9	329	329	0.000150681
776	10	2063	2063	0.000278473
776	11	286	286	1.71661e-05
776	12	257	257	5.72205e-06
776	13	1588	1588	8.96454e-05
776	14	3265	3265	0.000415802
776	15	286	286	7.62939e-06
776	16	10411	10411	0.000375748
776	17	21354	21354	0.000188828
776	18	17751	17751	0.000497818
776	19	72	72	0.000984192
776	20	284	284	1.33514e-05
776	21	22119	22119	0.000175476
776	22	319	319	9.53674e-06
776	23	2811	2811	0.000108719
776	24	13	13	0
776	25	50256	50256	0
777	5	832	832	4.57764e-05
777	6	881	881	0.000232697
777	7	286	286	1.90735e-06
777	8	262	262	7.62939e-06
777	9	13009	13009	0.000102997
777	10	22329	22329	6.67572e-05
777	11	13	13	0
777	12	50256	50256	0
778	5	37546	37546	0.000120163
778	6	1767	1767	9.15527e-05
778	7	284	284	1.52588e-05
778	8	257	257	7.62939e-06
778	9	38427	38427	9.53674e-05
778	10	1767	1767	0.000114441
778	11	13	13	0
778	12	50256	50256	0
779	5	10017	10017	0.000148773
779	6	351	351	1.90735e-05
779	7	37414	37414	0.000123978
779	8	326	326	6.10352e-05
779	9	5419	5419	7.05719e-05
779	10	4180	4180	7.24792e-05
779	11	11192	11192	6.10352e-05
779	12	576	576	0.00022316
779	13	3386	3386	0.000253677
779	14	13	13	0
779	15	50256	50256	0
780	5	422	422	4.76837e-05
780	6	2587	2587	0.000106812
780	7	6427	6427	0.000268936
780	8	832	832	6.86646e-05
780	9	340	340	0.000192642
780	10	13	13	0
780	11	50256	50256	0
781	5	16882	16882	0.000480652
781	6	318	318	0.000257492
781	7	11172	11172	0.000411987
781	8	422	422	7.62939e-06
781	9	4376	4376	0.000219345
781	10	16649	16649	0.000255585
781	11	4291	4291	0.000150681
781	12	3348	3348	5.91278e-05
781	13	13	13	0
781	14	50256	50256	0
782	5	290	290	5.34058e-05
782	6	2962	2962	7.62939e-05
782	7	1657	1657	5.91278e-05
782	8	351	351	7.62939e-06
782	9	26929	26929	0.00025177
782	10	22353	22353	4.57764e-05
782	11	13	13	1.90735e-06
782	12	50256	50256	0
783	5	257	257	7.62939e-06
783	6	3992	3992	3.43323e-05
783	7	3188	3188	6.67572e-05
783	8	1262	1262	9.53674e-06
783	9	41485	41485	3.05176e-05
783	10	13	13	0
783	11	50256	50256	0
784	5	8850	8850	6.29425e-05
784	6	5931	5931	0.000219345
784	7	12737	12737	0.000476837
784	8	45075	45075	0.000576019
784	9	2472	2472	0.000230789
784	10	2347	2347	0.000469208
784	11	284	284	4.00543e-05
784	12	281	281	3.24249e-05
784	13	6275	6275	0.000102997
784	14	40874	40874	3.24249e-05
784	15	13	13	0
784	16	50256	50256	0
785	5	5563	5563	8.7738e-05
785	6	257	257	4.76837e-05
785	7	5405	5405	9.72748e-05
785	8	88	88	0.00022316
785	9	4417	4417	0.000101089
785	10	706	706	6.48499e-05
785	11	9645	9645	0.000549316
785	12	13	13	0
785	13	50256	50256	0
786	5	1103	1103	7.24792e-05
786	6	1271	1271	8.96454e-05
786	7	5260	5260	0.000940323
786	8	663	663	3.8147e-05
786	9	5253	5253	0.000123978
786	10	422	422	0.000347137
786	11	6632	6632	0.00043869
786	12	13	13	0
786	13	50256	50256	0
787	5	5679	5679	6.48499e-05
787	6	257	257	0
787	7	7002	7002	0.000556946
787	8	832	832	1.33514e-05
787	9	5783	5783	0.000127792
787	10	11	11	3.8147e-06
787	11	49893	49893	0.000162125
787	12	2870	2870	0.000106812
787	13	11	11	2.09808e-05
787	14	290	290	1.14441e-05
787	15	20494	20494	8.58307e-05
787	16	13	13	0
787	17	50256	50256	0
788	5	422	422	0.000242233
788	6	262	262	1.14441e-05
788	7	14707	14707	0.000185013
788	8	4755	4755	0.000226974
788	9	286	286	1.52588e-05
788	10	257	257	0
788	11	4858	4858	0.000152588
788	12	3491	3491	0.00031662
788	13	13	13	0
788	14	50256	50256	0
789	5	318	318	1.90735e-06
789	6	7685	7685	0.00084877
789	7	3194	3194	0.00176811
789	8	281	281	1.71661e-05
789	9	19318	19318	0.000520706
789	10	1015	1015	0.000343323
789	11	2029	2029	0.000274658
789	12	663	663	9.53674e-06
789	13	22655	22655	0.00025177
789	14	7078	7078	0.000581741
789	15	13	13	0
789	16	50256	50256	0
790	5	48862	48862	0.000598907
790	6	485	485	0.000814438
790	7	272	272	0.000398636
790	8	6614	6614	0.000314713
790	9	1239	1239	0.000131607
790	10	36177	36177	8.39233e-05
790	11	13	13	0
790	12	50256	50256	0
791	5	5822	5822	0.000909805
791	6	286	286	2.28882e-05
791	7	6156	6156	5.34058e-05
791	8	25942	25942	0.00015831
791	9	261	261	0.000389099
791	10	13	13	1.90735e-06
791	11	50256	50256	0
792	5	6203	6203	0.00124931
792	6	1262	1262	4.95911e-05
792	7	18018	18018	0.00019455
792	8	326	326	1.14441e-05
792	9	8181	8181	0.000162125
792	10	422	422	1.14441e-05
792	11	4025	4025	0.000526428
792	12	6493	6493	0.000204086
792	13	18018	18018	9.15527e-05
792	14	13	13	0
792	15	50256	50256	0
793	5	787	787	0.000143051
793	6	510	510	0.000469208
793	7	262	262	1.90735e-06
793	8	4318	4318	0.000156403
793	9	10927	10927	0.000110626
793	10	1080	1080	0.000181198
793	11	13	13	0
793	12	50256	50256	0
794	5	262	262	7.43866e-05
794	6	7446	7446	5.53131e-05
794	7	287	287	2.67029e-05
794	8	257	257	9.53674e-06
794	9	7226	7226	0.000133514
794	10	5044	5044	0.000326157
794	11	2685	2685	0.000543594
794	12	13	13	0
794	13	50256	50256	0
795	5	3623	3623	0.00071907
795	6	2458	2458	0.000577927
795	7	656	656	5.34058e-05
795	8	257	257	1.52588e-05
795	9	8122	8122	0.000335693
795	10	13	13	0
795	11	50256	50256	0
796	5	45636	45636	0.00170517
796	6	15027	15027	0.000200272
796	7	318	318	0.000442505
796	8	284	284	0.000478745
796	9	25432	25432	0.000881195
796	10	5207	5207	0.00105095
796	11	656	656	6.48499e-05
796	12	257	257	0.000213623
796	13	1844	1844	0.000810623
796	14	4286	4286	2.09808e-05
796	15	393	393	9.34601e-05
796	16	5485	5485	0.00213242
796	17	13	13	0
796	18	50256	50256	0
797	5	625	625	9.34601e-05
797	6	281	281	5.72205e-06
797	7	1989	1989	1.14441e-05
797	8	13	13	0
797	9	50256	50256	0
798	5	318	318	9.53674e-06
798	6	783	783	6.29425e-05
798	7	1900	1900	0.00019455
798	8	355	355	4.00543e-05
798	9	25299	25299	1.90735e-05
798	10	13	13	0
798	11	50256	50256	0
799	5	7679	7679	0.000465393
799	6	42909	42909	0.000240326
799	7	881	881	0.000230789
799	8	286	286	0
799	9	262	262	3.24249e-05
799	10	3825	3825	8.58307e-05
799	11	338	338	0
799	12	13568	13568	2.28882e-05
799	13	49961	49961	7.43866e-05
799	14	11881	11881	0.000259399
799	15	13	13	0
799	16	50256	50256	0
800	5	307	307	0.000656128
800	6	9086	9086	0.00110245
800	7	656	656	7.43866e-05
800	8	2237	2237	0.000597
800	9	1602	1602	0.00028801
800	10	14796	14796	0.000425339
800	11	44360	44360	0.000108719
800	12	13	13	0
800	13	50256	50256	0
801	5	287	287	5.53131e-05
801	6	2800	2800	0.0001297
801	7	351	351	1.90735e-05
801	8	262	262	2.09808e-05
801	9	2323	2323	6.86646e-05
801	10	13	13	0
801	11	50256	50256	0
802	5	1351	1351	0.00226784
802	6	318	318	3.8147e-06
802	7	663	663	3.24249e-05
802	8	3504	3504	0.00069809
802	9	1988	1988	0.000873566
802	10	393	393	5.34058e-05
802	11	262	262	1.90735e-06
802	12	1612	1612	7.24792e-05
802	13	286	286	0
802	14	663	663	9.72748e-05
802	15	734	734	0.000213623
802	16	3504	3504	0.000642776
802	17	3815	3815	0.000802994
802	18	13	13	0
802	19	50256	50256	0
803	5	49586	49586	0.000143051
803	6	422	422	9.34601e-05
803	7	257	257	2.86102e-05
803	8	781	781	0.000190735
803	9	7241	7241	3.05176e-05
803	10	7679	7679	0.000244141
803	11	1022	1022	0.000329971
803	12	6228	6228	8.2016e-05
803	13	15747	15747	0.000333786
803	14	13	13	0
803	15	50256	50256	0
804	5	12834	12834	0.000202179
804	6	8811	8811	0.000297546
804	7	925	925	0.000131607
804	8	422	422	5.72205e-06
804	9	6147	6147	0.000118256
804	10	477	477	0.000379562
804	11	19417	19417	3.24249e-05
804	12	13	13	0
804	13	50256	50256	0
805	5	402	402	0.000282288
805	6	724	724	0.000204086
805	7	1428	1428	0.000236511
805	8	284	284	1.71661e-05
805	9	406	406	0.000371933
805	10	359	359	0.000556946
805	11	541	541	0.000400543
805	12	315	315	0.000576019
805	13	287	287	1.90735e-06
805	14	402	402	0.00019455
805	15	724	724	0.000148773
805	16	1428	1428	6.10352e-05
805	17	338	338	5.72205e-05
805	18	48899	48899	5.53131e-05
805	19	13	13	0
805	20	50256	50256	0
806	5	4326	4326	0.00107765
806	6	329	329	0.000270844
806	7	2033	2033	0.000682831
806	8	286	286	0
806	9	9136	9136	0.0001297
806	10	13	13	7.62939e-06
806	11	50256	50256	0
807	5	3318	3318	0.000247955
807	6	1060	1060	0.00044632
807	7	276	276	0.000431061
807	8	4823	4823	0.000576019
807	9	1231	1231	5.53131e-05
807	10	16006	16006	8.2016e-05
807	11	13	13	0
807	12	50256	50256	0
808	5	832	832	3.8147e-06
808	6	257	257	1.90735e-06
808	7	1429	1429	0.000150681
808	8	1444	1444	4.3869e-05
808	9	1007	1007	6.67572e-05
808	10	10514	10514	5.91278e-05
808	11	13	13	0
808	12	50256	50256	0
809	5	318	318	5.72205e-06
809	6	5447	5447	0.00119209
809	7	284	284	1.71661e-05
809	8	307	307	0.00062561
809	9	530	530	0.000131607
809	10	13	13	0
809	11	50256	50256	0
810	5	19780	19780	0.000358582
810	6	5822	5822	0.000391006
810	7	318	318	1.14441e-05
810	8	7384	7384	0.000188828
810	9	290	290	6.67572e-05
810	10	645	645	0.000196457
810	11	2742	2742	0.000112534
810	12	1445	1445	0.000116348
810	13	460	460	4.00543e-05
810	14	4781	4781	0.000436783
810	15	262	262	0
810	16	1368	1368	7.24792e-05
810	17	13	13	0
810	18	50256	50256	0
811	5	4166	4166	0.000494003
811	6	257	257	0.00034523
811	7	1409	1409	0.000244141
811	8	540	540	0.000284195
811	9	12	12	3.05176e-05
811	10	28469	28469	0.000572205
811	11	12	12	7.62939e-06
811	12	4906	4906	0.000217438
811	13	13570	13570	0.00019455
811	14	1080	1080	8.2016e-05
811	15	287	287	3.43323e-05
811	16	5515	5515	0.000154495
811	17	20283	20283	0.000160217
811	18	12	12	7.62939e-06
811	19	14792	14792	0.000169754
811	20	2031	2031	0.000408173
811	21	13	13	0
811	22	50256	50256	0
812	5	503	503	0.00028038
812	6	416	416	5.53131e-05
812	7	2344	2344	0.000522614
812	8	11	11	7.62939e-06
812	9	19435	19435	0.000234604
812	10	11	11	4.19617e-05
812	11	10087	10087	0.000242233
812	12	11	11	0.0001297
812	13	393	393	3.8147e-06
812	14	584	584	3.8147e-05
812	15	4695	4695	4.00543e-05
812	16	13	13	0
812	17	50256	50256	0
813	5	290	290	2.86102e-05
813	6	423	423	0.000108719
813	7	511	511	4.19617e-05
813	8	898	898	9.53674e-05
813	9	14599	14599	0.000171661
813	10	44935	44935	0.000169754
813	11	8573	8573	0.000108719
813	12	13	13	0
813	13	50256	50256	0
814	5	1660	1660	5.14984e-05
814	6	338	338	8.58307e-05
814	7	23708	23708	0.000263214
814	8	1029	1029	0.000911713
814	9	24372	24372	0.000354767
814	10	966	966	0.000587463
814	11	3688	3688	2.86102e-05
814	12	351	351	9.53674e-05
814	13	2092	2092	0.000272751
814	14	12	12	1.71661e-05
814	15	13982	13982	0.000511169
814	16	17745	17745	0.000312805
814	17	13	13	0
814	18	50256	50256	0
815	5	3984	3984	0.000329971
815	6	5679	5679	0.000505447
815	7	10439	10439	0.000133514
815	8	286	286	1.90735e-05
815	9	262	262	1.90735e-06
815	10	9842	9842	0.000143051
815	11	437	437	0.00022316
815	12	544	544	0.000232697
815	13	1641	1641	0.000112534
815	14	13	13	0
815	15	50256	50256	0
816	5	8638	8638	0.000175476
816	6	2587	2587	2.67029e-05
816	7	422	422	0.000156403
816	8	530	530	0.000114441
816	9	4067	4067	0.000183105
816	10	284	284	1.33514e-05
816	11	1194	1194	4.19617e-05
816	12	13	13	0
816	13	50256	50256	0
817	5	9315	9315	0.000137329
817	6	6404	6404	8.01086e-05
817	7	859	859	6.48499e-05
817	8	389	389	5.72205e-05
817	9	10730	10730	1.14441e-05
817	10	13	13	0
817	11	50256	50256	0
818	5	3867	3867	7.24792e-05
818	6	1633	1633	2.86102e-05
818	7	13	13	0
818	8	50256	50256	0
819	5	1232	1232	0.000350952
819	6	2454	2454	0.000209808
819	7	1641	1641	0.000312805
819	8	2138	2138	3.8147e-05
819	9	621	621	5.72205e-06
819	10	262	262	0
819	11	5509	5509	0.000135422
819	12	6701	6701	0.000165939
819	13	1448	1448	0.000209808
819	14	13	13	2.09808e-05
819	15	50256	50256	0
820	5	2134	2134	9.91821e-05
820	6	319	319	2.67029e-05
820	7	1194	1194	0.000169754
820	8	468	468	2.86102e-05
820	9	281	281	0.000154495
820	10	4961	4961	0.000440598
820	11	290	290	0
820	12	6697	6697	0.000350952
820	13	5212	5212	0.000322342
820	14	2700	2700	3.05176e-05
820	15	13	13	0
820	16	50256	50256	0
821	5	318	318	8.96454e-05
821	6	1900	1900	7.05719e-05
821	7	329	329	4.57764e-05
821	8	44741	44741	7.05719e-05
821	9	11527	11527	0.000192642
821	10	21641	21641	0.000116348
821	11	13	13	0
821	12	50256	50256	0
822	5	2420	2420	0.000293732
822	6	2915	2915	0.000652313
822	7	287	287	6.86646e-05
822	8	543	543	0.00137901
822	9	14390	14390	0.000185013
822	10	1296	1296	0.000141144
822	11	4263	4263	0.000766754
822	12	393	393	4.76837e-05
822	13	7572	7572	0.000823975
822	14	13	13	0
822	15	50256	50256	0
823	5	1660	1660	7.05719e-05
823	6	832	832	2.28882e-05
823	7	511	511	8.58307e-05
823	8	308	308	0.000137329
823	9	2171	2171	0.000102997
823	10	13	13	0
823	11	50256	50256	0
824	5	5822	5822	0.000566483
824	6	290	290	9.53674e-05
824	7	257	257	1.90735e-06
824	8	10929	10929	8.39233e-05
824	9	1141	1141	0.000265121
824	10	257	257	1.90735e-06
824	11	2060	2060	8.58307e-05
824	12	19780	19780	0.000284195
824	13	1445	1445	0.000185013
824	14	13	13	1.90735e-06
824	15	50256	50256	0
825	5	416	416	6.10352e-05
825	6	38797	38797	0.000453949
825	7	278	278	0.000162125
825	8	17797	17797	0.000320435
825	9	44749	44749	0.000207901
825	10	351	351	7.62939e-06
825	11	257	257	2.28882e-05
825	12	15936	15936	0.000148773
825	13	3968	3968	4.57764e-05
825	14	13	13	0
825	15	50256	50256	0
826	5	1111	1111	0.00041008
826	6	21506	21506	0.000427246
826	7	290	290	1.14441e-05
826	8	25794	25794	0.000112534
826	9	13	13	1.90735e-06
826	10	50256	50256	0
827	5	393	393	0.000585556
827	6	27756	27756	0.00097084
827	7	351	351	3.43323e-05
827	8	257	257	1.14441e-05
827	9	2010	2010	0.000110626
827	10	5186	5186	1.33514e-05
827	11	3877	3877	0.000484467
827	12	13	13	0
827	13	50256	50256	0
828	5	2401	2401	0.000551224
828	6	2879	2879	0.000553131
828	7	900	900	0.000337601
828	8	11	11	5.14984e-05
828	9	1123	1123	0.000774384
828	10	886	886	0.0015831
828	11	286	286	6.48499e-05
828	12	257	257	0
828	13	17763	17763	0.000396729
828	14	2523	2523	0.000469208
828	15	257	257	3.8147e-06
828	16	1271	1271	0.000320435
828	17	422	422	8.01086e-05
828	18	6632	6632	0.000631332
828	19	832	832	0.000246048
828	20	2237	2237	0.000530243
828	21	13	13	0
828	22	50256	50256	0
829	5	496	496	0.000617981
829	6	6204	6204	0.000364304
829	7	1474	1474	4.57764e-05
829	8	1944	1944	0.000102997
829	9	12	12	0.000232697
829	10	820	820	6.10352e-05
829	11	25266	25266	1.90735e-05
829	12	13	13	0
829	13	50256	50256	0
830	5	262	262	0
830	6	45656	45656	7.05719e-05
830	7	286	286	6.29425e-05
830	8	1657	1657	0.000444412
830	9	11300	11300	9.91821e-05
830	10	1022	1022	2.67029e-05
830	11	12899	12899	4.95911e-05
830	12	27982	27982	3.05176e-05
830	13	13	13	0
830	14	50256	50256	0
831	5	36288	36288	9.15527e-05
831	6	423	423	0.000238419
831	7	42014	42014	0.000183105
831	8	307	307	0.000108719
831	9	4730	4730	3.05176e-05
831	10	13	13	0
831	11	50256	50256	0
832	5	21001	21001	0.000156403
832	6	5385	5385	0.000175476
832	7	5563	5563	0.000164032
832	8	287	287	3.8147e-06
832	9	4320	4320	0.000112534
832	10	2339	2339	0.000171661
832	11	14752	14752	6.86646e-05
832	12	13	13	0
832	13	50256	50256	0
833	5	12070	12070	0.000196457
833	6	35901	35901	0.000244141
833	7	12	12	4.95911e-05
833	8	16760	16760	0.000139236
833	9	8849	8849	0.00119209
833	10	656	656	1.52588e-05
833	11	21558	21558	0.000144958
833	12	284	284	3.43323e-05
833	13	3551	3551	0.000183105
833	14	269	269	0.000295639
833	15	1726	1726	0.000118256
833	16	6933	6933	1.33514e-05
833	17	13	13	0
833	18	50256	50256	0
834	5	4888	4888	0.000213623
834	6	416	416	1.90735e-06
834	7	3644	3644	0.000246048
834	8	4056	4056	4.95911e-05
834	9	13	13	0
834	10	50256	50256	0
835	5	2700	2700	0.000165939
835	6	832	832	7.24792e-05
835	7	1803	1803	0.000152588
835	8	44796	44796	0.000118256
835	9	8122	8122	0.000379562
835	10	13	13	3.8147e-06
835	11	50256	50256	0
836	5	3877	3877	0.000209808
836	6	11	11	1.33514e-05
836	7	981	981	0.000236511
836	8	1237	1237	0.000137329
836	9	684	684	0.000566483
836	10	3283	3283	0.000318527
836	11	3967	3967	0.000473022
836	12	5186	5186	6.67572e-05
836	13	3877	3877	7.24792e-05
836	14	13	13	0
836	15	50256	50256	0
837	5	2524	2524	0.000104904
837	6	287	287	1.90735e-06
837	7	1944	1944	0.000246048
837	8	12	12	7.05719e-05
837	9	820	820	7.05719e-05
837	10	7648	7648	0.000104904
837	11	13	13	0
837	12	50256	50256	0
838	5	286	286	0.000101089
838	6	20422	20422	0.00062561
838	7	11	11	1.90735e-06
838	8	257	257	6.10352e-05
838	9	46909	46909	0.00106049
838	10	38656	38656	0.00105476
838	11	318	318	1.90735e-06
838	12	10090	10090	0.000183105
838	13	355	355	8.01086e-05
838	14	257	257	1.14441e-05
838	15	4898	4898	0.000282288
838	16	7972	7972	0.00028801
838	17	8875	8875	0.000453949
838	18	13	13	2.09808e-05
838	19	50256	50256	0
839	5	15061	15061	0.000165939
839	6	8811	8811	0.00781441
839	7	21126	21126	0.00028801
839	8	656	656	2.28882e-05
839	9	257	257	7.62939e-06
839	10	8234	8234	0.00152016
839	11	13	13	0
839	12	50256	50256	0
840	5	1660	1660	0.000282288
840	6	20199	20199	0.000202179
840	7	18190	18190	0.000619888
840	8	4291	4291	0.000682831
840	9	4771	4771	0.000312805
840	10	24770	24770	0.00022316
840	11	287	287	2.67029e-05
840	12	15114	15114	0.000175476
840	13	13	13	0
840	14	50256	50256	0
841	5	663	663	0.000139236
841	6	35988	35988	0.000301361
841	7	11904	11904	0.000185013
841	8	290	290	3.8147e-06
841	9	318	318	0.000274658
841	10	407	407	7.62939e-06
841	11	257	257	3.8147e-06
841	12	8701	8701	0.00091362
841	13	13	13	0
841	14	50256	50256	0
842	5	71	71	0.000350952
842	6	36417	36417	0.000329971
842	7	287	287	1.90735e-05
842	8	6156	6156	0.000118256
842	9	14937	14937	0.000146866
842	10	43372	43372	0.000257492
842	11	321	321	0.000547409
842	12	666	666	0.000549316
842	13	13399	13399	6.67572e-05
842	14	13	13	0
842	15	50256	50256	0
843	5	2081	2081	0.000154495
843	6	284	284	9.53674e-06
843	7	3991	3991	0.0001297
843	8	290	290	2.09808e-05
843	9	3991	3991	8.96454e-05
843	10	284	284	1.71661e-05
843	11	2081	2081	0.000139236
843	12	13	13	0
843	13	50256	50256	0
844	5	6268	6268	0.000125885
844	6	2173	2173	0.000419617
844	7	3812	3812	0.000209808
844	8	262	262	0
844	9	9197	9197	0.000234604
844	10	338	338	0.000217438
844	11	3641	3641	0.000328064
844	12	13	13	1.90735e-06
844	13	50256	50256	0
845	5	17467	17467	0.000282288
845	6	382	382	0.000219345
845	7	2722	2722	0.000154495
845	8	262	262	0
845	9	20715	20715	0.000181198
845	10	15895	15895	0.00022316
845	11	287	287	1.90735e-06
845	12	33818	33818	4.00543e-05
845	13	287	287	1.52588e-05
845	14	35145	35145	5.72205e-05
845	15	13	13	0
845	16	50256	50256	0
846	5	44543	44543	0.000335693
846	6	4144	4144	0.000198364
846	7	16083	16083	0.000144958
846	8	925	925	9.34601e-05
846	9	422	422	4.3869e-05
846	10	7545	7545	0.000173569
846	11	13	13	0
846	12	50256	50256	0
847	5	2033	2033	0.000343323
847	6	286	286	0
847	7	1660	1660	0.000217438
847	8	20199	20199	0.000297546
847	9	287	287	2.67029e-05
847	10	1633	1633	0.000185013
847	11	351	351	3.05176e-05
847	12	663	663	1.52588e-05
847	13	36275	36275	0.00015831
847	14	2033	2033	0.000392914
847	15	379	379	3.43323e-05
847	16	262	262	1.52588e-05
847	17	976	976	0.000207901
847	18	5951	5951	0.000225067
847	19	13	13	0
847	20	50256	50256	0
848	5	976	976	9.53674e-05
848	6	12234	12234	0.000247955
848	7	1988	1988	0.00015831
848	8	11	11	8.2016e-05
848	9	257	257	6.48499e-05
848	10	3074	3074	0.000469208
848	11	1444	1444	2.67029e-05
848	12	257	257	3.8147e-06
848	13	17661	17661	0.000495911
848	14	13	13	0
848	15	50256	50256	0
849	5	1205	1205	8.7738e-05
849	6	287	287	2.09808e-05
849	7	5055	5055	0.000152588
849	8	393	393	1.14441e-05
849	9	3105	3105	0.000177383
849	10	12	12	1.33514e-05
849	11	31462	31462	0.000171661
849	12	1660	1660	6.29425e-05
849	13	13	13	0
849	14	50256	50256	0
850	5	656	656	7.62939e-06
850	6	257	257	9.53674e-06
850	7	8122	8122	1.52588e-05
850	8	13	13	0
850	9	50256	50256	0
851	5	10384	10384	0.000141144
851	6	284	284	0.000102997
851	7	262	262	7.62939e-06
851	8	6156	6156	0.000646591
851	9	15433	15433	0.000181198
851	10	6959	6959	0.000154495
851	11	286	286	2.47955e-05
851	12	2011	2011	0.000125885
851	13	66	66	9.72748e-05
851	14	268	268	0.000844955
851	15	3609	3609	0.000127792
851	16	13	13	2.28882e-05
851	17	50256	50256	0
852	5	27602	27602	0.000463486
852	6	1084	1084	0.000371933
852	7	515	515	0.000429153
852	8	290	290	5.72205e-06
852	9	16577	16577	0.000328064
852	10	284	284	5.72205e-05
852	11	4439	4439	0.000196457
852	12	26868	26868	0.000133514
852	13	13	13	0
852	14	50256	50256	0
853	5	319	319	0.000154495
853	6	262	262	4.00543e-05
853	7	4013	4013	0.000165939
853	8	25986	25986	9.34601e-05
853	9	34603	34603	0.000102997
853	10	21891	21891	8.2016e-05
853	11	13	13	0
853	12	50256	50256	0
854	5	36140	36140	0.00028038
854	6	11	11	1.90735e-06
854	7	281	281	6.86646e-05
854	8	19318	19318	0.00149345
854	9	1015	1015	0.00113869
854	10	318	318	1.90735e-06
854	11	9086	9086	0.000762939
854	12	656	656	3.05176e-05
854	13	14104	14104	0.000715256
854	14	4961	4961	0.00122261
854	15	5026	5026	0.000202179
854	16	49644	49644	0.000305176
854	17	4831	4831	7.43866e-05
854	18	13	13	0
854	19	50256	50256	0
855	5	2081	2081	0.000198364
855	6	11135	11135	0.000171661
855	7	1043	1043	0.000322342
855	8	287	287	2.86102e-05
855	9	48573	48573	0.000106812
855	10	6134	6134	8.01086e-05
855	11	13	13	0
855	12	50256	50256	0
856	5	1371	1371	0.000364304
856	6	617	617	0.000528336
856	7	1321	1321	0.000793457
856	8	422	422	0.000267029
856	9	262	262	1.90735e-06
856	10	2656	2656	0.00047493
856	11	1366	1366	0.000137329
856	12	13	13	0
856	13	50256	50256	0
857	5	83	83	0.000341415
857	6	270	270	0.000562668
857	7	9620	9620	0.000116348
857	8	287	287	1.90735e-05
857	9	262	262	0
857	10	614	614	3.05176e-05
857	11	1315	1315	4.95911e-05
857	12	2481	2481	5.53131e-05
857	13	13	13	0
857	14	50256	50256	0
858	5	1011	1011	9.91821e-05
858	6	262	262	5.34058e-05
858	7	2910	2910	9.72748e-05
858	8	13840	13840	0.000198364
858	9	2622	2622	0.000314713
858	10	416	416	8.58307e-05
858	11	867	867	9.72748e-05
858	12	4693	4693	0.000352859
858	13	329	329	3.62396e-05
858	14	5935	5935	9.53674e-05
858	15	3227	3227	3.05176e-05
858	16	13	13	1.90735e-06
858	17	50256	50256	0
859	5	338	338	4.95911e-05
859	6	8137	8137	9.72748e-05
859	7	42909	42909	0.00034523
859	8	2266	2266	0.000417709
859	9	1657	1657	0.000299454
859	10	290	290	1.33514e-05
859	11	22625	22625	0.000190735
859	12	284	284	5.34058e-05
859	13	663	663	4.19617e-05
859	14	4171	4171	0.000112534
859	15	5585	5585	5.91278e-05
859	16	13	13	0
859	17	50256	50256	0
860	5	281	281	0.000320435
860	6	16295	16295	0.00170517
860	7	6140	6140	0.000150681
860	8	318	318	3.43323e-05
860	9	1444	1444	2.47955e-05
860	10	663	663	1.33514e-05
860	11	2962	2962	2.09808e-05
860	12	13	13	0
860	13	50256	50256	0
861	5	418	418	0.000413895
861	6	389	389	0.000131607
861	7	262	262	0
861	8	734	734	0.000144958
861	9	1402	1402	9.91821e-05
861	10	31093	31093	5.72205e-05
861	11	286	286	0
861	12	8706	8706	0.00043869
861	13	13	13	0
861	14	50256	50256	0
862	5	12622	12622	9.53674e-05
862	6	45738	45738	5.91278e-05
862	7	287	287	0
862	8	607	607	0.000318527
862	9	5337	5337	0.000164032
862	10	45738	45738	8.58307e-05
862	11	13	13	9.53674e-06
862	12	50256	50256	0
863	5	3395	3395	0.000293732
863	6	37670	37670	0.000230789
863	7	5958	5958	0.000453949
863	8	6140	6140	0.000181198
863	9	351	351	5.14984e-05
863	10	8547	8547	0.000146866
863	11	273	273	0.00053215
863	12	3409	3409	0.000226974
863	13	11400	11400	0.000164032
863	14	338	338	3.24249e-05
863	15	11359	11359	0.000217438
863	16	13389	13389	7.05719e-05
863	17	13	13	0
863	18	50256	50256	0
864	5	460	460	0.000118256
864	6	307	307	3.43323e-05
864	7	7042	7042	0.000261307
864	8	416	416	3.24249e-05
864	9	4375	4375	0.000165939
864	10	262	262	9.53674e-06
864	11	734	734	7.82013e-05
864	12	18148	18148	0.000108719
864	13	2846	2846	0.000131607
864	14	284	284	7.62939e-06
864	15	7330	7330	0.000312805
864	16	262	262	9.53674e-06
864	17	1306	1306	0.000135422
864	18	3381	3381	0.000240326
864	19	13	13	0
864	20	50256	50256	0
865	5	11880	11880	0.000238419
865	6	5419	5419	0.00015831
865	7	340	340	2.86102e-05
865	8	2834	2834	0.000101089
865	9	5667	5667	3.8147e-05
865	10	422	422	1.71661e-05
865	11	13737	13737	0.000486374
865	12	13	13	0
865	13	50256	50256	0
866	5	6903	6903	9.72748e-05
866	6	318	318	3.8147e-06
866	7	281	281	5.72205e-06
866	8	37287	37287	5.14984e-05
866	9	9814	9814	0.000110626
866	10	15763	15763	8.2016e-05
866	11	13	13	0
866	12	50256	50256	0
867	5	78	78	0.000341415
867	6	318	318	1.71661e-05
867	7	4888	4888	0.000343323
867	8	416	416	8.96454e-05
867	9	16256	16256	0.000436783
867	10	11	11	1.90735e-06
867	11	15336	15336	0.000152588
867	12	11	11	1.33514e-05
867	13	290	290	2.09808e-05
867	14	46070	46070	9.53674e-05
867	15	72	72	0.000415802
867	16	13	13	0
867	17	50256	50256	0
868	5	19435	19435	0.000516891
868	6	351	351	0.000171661
868	7	9518	9518	0.000400543
868	8	5667	5667	2.67029e-05
868	9	13	13	0
868	10	50256	50256	0
869	5	547	547	0.000514984
869	6	14212	14212	0.000299454
869	7	1748	1748	0.000291824
869	8	12	12	1.14441e-05
869	9	27219	27219	0.000169754
869	10	287	287	0
869	11	6156	6156	9.53674e-05
869	12	10315	10315	0.000400543
869	13	13	13	1.90735e-06
869	14	50256	50256	0
870	5	832	832	0.000202179
870	6	262	262	1.90735e-06
870	7	11963	11963	0.000482559
870	8	3356	3356	0.000114441
870	9	286	286	1.90735e-06
870	10	257	257	0
870	11	11711	11711	8.2016e-05
870	12	13	13	0
870	13	50256	50256	0
871	5	3170	3170	8.96454e-05
871	6	416	416	5.72205e-06
871	7	262	262	0
871	8	3457	3457	0.000408173
871	9	292	292	0.00038147
871	10	287	287	1.90735e-06
871	11	262	262	1.90735e-06
871	12	843	843	0.000108719
871	13	274	274	8.39233e-05
871	14	21124	21124	0.000324249
871	15	13	13	0
871	16	50256	50256	0
872	5	1729	1729	0.00102234
872	6	4164	4164	0.000797272
872	7	18196	18196	0.000602722
872	8	5002	5002	0.00177765
872	9	326	326	0.000198364
872	10	318	318	3.24249e-05
872	11	8122	8122	8.39233e-05
872	12	379	379	7.43866e-05
872	13	8850	8850	0.00053978
872	14	2119	2119	0.000392914
872	15	5951	5951	0.000185013
872	16	13	13	0
872	17	50256	50256	0
873	5	286	286	1.14441e-05
873	6	28722	28722	1.52588e-05
873	7	287	287	1.90735e-06
873	8	257	257	1.90735e-06
873	9	5931	5931	5.14984e-05
873	10	6317	6317	9.91821e-05
873	11	13	13	0
873	12	50256	50256	1.90735e-06
874	5	10947	10947	5.53131e-05
874	6	4046	4046	0.000246048
874	7	422	422	2.47955e-05
874	8	7346	7346	0.000246048
874	9	27149	27149	2.67029e-05
874	10	13	13	0
874	11	50256	50256	0
875	5	973	973	5.34058e-05
875	6	329	329	6.10352e-05
875	7	35788	35788	7.62939e-05
875	8	4263	4263	0.000167847
875	9	13	13	1.90735e-06
875	10	50256	50256	0
876	5	27458	27458	0.000810623
876	6	12	12	4.95911e-05
876	7	11487	11487	0.000198364
876	8	1448	1448	0.000293732
876	9	1690	1690	0.000514984
876	10	423	423	0.000364304
876	11	2092	2092	0.000469208
876	12	5931	5931	0.000198364
876	13	6608	6608	0.000139236
876	14	13	13	0
876	15	50256	50256	0
877	5	7306	7306	0.000314713
877	6	3623	3623	0.000423431
877	7	379	379	0.000183105
877	8	6937	6937	0.00213432
877	9	5951	5951	0.000234604
877	10	11	11	1.71661e-05
877	11	3833	3833	0.00157356
877	12	5732	5732	4.19617e-05
877	13	355	355	0.000406265
877	14	6115	6115	9.34601e-05
877	15	20638	20638	3.43323e-05
877	16	13	13	0
877	17	50256	50256	0
878	5	1588	1588	0.000318527
878	6	6903	6903	0.000150681
878	7	286	286	1.90735e-06
878	8	2258	2258	0.00012207
878	9	5478	5478	0.000164032
878	10	13	13	0
878	11	50256	50256	0
879	5	42909	42909	0.000123978
879	6	2568	2568	0.000398636
879	7	422	422	5.72205e-06
879	8	663	663	1.90735e-06
879	9	21334	21334	8.58307e-05
879	10	13	13	0
879	11	50256	50256	0
880	5	7714	7714	0.000127792
880	6	3170	3170	4.19617e-05
880	7	1231	1231	0.000110626
880	8	29871	29871	6.10352e-05
880	9	13	13	0
880	10	50256	50256	0
881	5	262	262	4.19617e-05
881	6	21189	21189	0.000154495
881	7	21226	21226	0.000160217
881	8	286	286	4.57764e-05
881	9	867	867	0.000507355
881	10	4903	4903	0.00019455
881	11	694	694	0.000228882
881	12	418	418	3.8147e-05
881	13	1037	1037	0.000234604
881	14	606	606	7.82013e-05
881	15	36331	36331	0.000106812
881	16	284	284	7.62939e-06
881	17	16649	16649	0.0001297
881	18	13	13	5.72205e-06
881	19	50256	50256	0
882	5	22421	22421	0.000204086
882	6	3025	3025	0.000776291
882	7	7531	7531	0.000425339
882	8	19998	19998	0.000392914
882	9	423	423	0.00012207
882	10	257	257	0.000154495
882	11	8064	8064	0.000200272
882	12	286	286	4.76837e-05
882	13	734	734	4.3869e-05
882	14	284	284	7.62939e-06
882	15	530	530	0.000881195
882	16	13	13	0
882	17	50256	50256	0
883	5	2010	2010	0.000362396
883	6	5186	5186	0.000120163
883	7	3877	3877	5.34058e-05
883	8	13	13	1.90735e-06
883	9	50256	50256	0
884	5	11	11	0.000312805
884	6	290	290	0.000642776
884	7	21813	21813	0.00173187
884	8	4166	4166	0.00115585
884	9	422	422	0.000682831
884	10	9133	9133	0.00163651
884	11	20328	20328	6.10352e-05
884	12	13	13	1.33514e-05
884	13	50256	50256	0
885	5	326	326	1.71661e-05
885	6	257	257	4.3869e-05
885	7	12649	12649	0.00056839
885	8	460	460	0.000133514
885	9	12260	12260	0.00022316
885	10	3264	3264	0.00012207
885	11	13	13	1.90735e-06
885	12	50256	50256	0
886	5	286	286	1.90735e-06
886	6	10529	10529	0.00022316
886	7	893	893	0.000225067
886	8	325	325	0.000337601
886	9	385	385	6.29425e-05
886	10	287	287	9.53674e-06
886	11	262	262	0
886	12	28032	28032	0.000484467
886	13	13	13	1.90735e-06
886	14	50256	50256	0
887	5	2431	2431	5.72205e-05
887	6	13	13	0
887	7	50256	50256	0
888	5	11	11	1.71661e-05
888	6	543	543	0.00018692
888	7	5419	5419	0.000318527
888	8	262	262	0
888	9	1767	1767	0.00133705
888	10	16274	16274	5.91278e-05
888	11	27997	27997	8.2016e-05
888	12	13	13	0
888	13	50256	50256	0
889	5	16704	16704	0.000167847
889	6	279	279	0.000289917
889	7	2150	2150	0.00022316
889	8	1387	1387	9.53674e-05
889	9	422	422	2.47955e-05
889	10	18577	18577	7.43866e-05
889	11	33694	33694	0.000196457
889	12	11904	11904	0.000144958
889	13	13	13	0
889	14	50256	50256	0
890	5	388	388	0.000350952
890	6	12007	12007	0.000175476
890	7	1278	1278	0.000255585
890	8	9189	9189	0.000173569
890	9	21592	21592	9.53674e-05
890	10	22830	22830	0.000272751
890	11	290	290	5.72205e-06
890	12	584	584	3.05176e-05
890	13	1171	1171	9.15527e-05
890	14	5444	5444	7.43866e-05
890	15	9928	9928	0.000139236
890	16	13	13	0
890	17	50256	50256	0
891	5	286	286	5.72205e-06
891	6	8031	8031	0.000782013
891	7	11	11	1.14441e-05
891	8	6296	6296	0.000265121
891	9	319	319	1.33514e-05
891	10	262	262	0
891	11	309	309	0.000579834
891	12	1856	1856	0.000370026
891	13	5866	5866	2.47955e-05
891	14	13	13	0
891	15	50256	50256	0
892	5	416	416	5.14984e-05
892	6	763	763	0.000392914
892	7	363	363	8.39233e-05
892	8	8306	8306	0.000198364
892	9	17797	17797	0.000686646
892	10	7545	7545	0.000337601
892	11	290	290	1.71661e-05
892	12	12273	12273	0.000116348
892	13	262	262	1.33514e-05
892	14	7186	7186	0.000171661
892	15	1090	1090	0.000156403
892	16	9310	9310	0.000202179
892	17	13	13	0
892	18	50256	50256	0
893	5	287	287	3.8147e-06
893	6	23217	23217	0.000631332
893	7	460	460	0.000204086
893	8	1037	1037	0.000139236
893	9	2270	2270	0.00038147
893	10	12586	12586	0.000751495
893	11	5475	5475	9.34601e-05
893	12	13	13	0
893	13	50256	50256	0
894	5	832	832	0.000148773
894	6	262	262	0
894	7	17661	17661	0.000648499
894	8	286	286	9.53674e-06
894	9	262	262	0
894	10	3942	3942	0.000135422
894	11	290	290	2.86102e-05
894	12	35769	35769	0.000102997
894	13	666	666	0.000173569
894	14	13375	13375	0.000553131
894	15	13	13	0
894	16	50256	50256	0
895	5	1115	1115	0.000263214
895	6	13043	13043	0.000436783
895	7	326	326	1.14441e-05
895	8	1296	1296	0.000225067
895	9	257	257	8.7738e-05
895	10	2060	2060	5.34058e-05
895	11	16257	16257	4.00543e-05
895	12	13	13	0
895	13	50256	50256	0
896	5	8208	8208	0.000101089
896	6	12	12	0.00012207
896	7	19412	19412	0.000167847
896	8	7475	7475	0.000118256
896	9	13	13	7.24792e-05
896	10	50256	50256	0
897	5	39880	39880	0.000928879
897	6	460	460	0.000293732
897	7	1205	1205	3.43323e-05
897	8	656	656	0.000562668
897	9	257	257	5.72205e-06
897	10	649	649	0.000236511
897	11	4618	4618	0.000156403
897	12	13	13	1.90735e-06
897	13	50256	50256	0
898	5	1350	1350	0.000225067
898	6	900	900	0.00050354
898	7	11597	11597	0.000219345
898	8	7218	7218	0.00019455
898	9	22596	22596	0.000101089
898	10	1871	1871	0.000169754
898	11	28818	28818	0.000133514
898	12	2127	2127	0.000185013
898	13	5348	5348	0.0001297
898	14	13	13	1.90735e-06
898	15	50256	50256	0
899	5	5838	5838	5.53131e-05
899	6	286	286	0
899	7	38330	38330	0.000154495
899	8	287	287	0
899	9	838	838	3.05176e-05
899	10	2791	2791	2.47955e-05
899	11	13	13	0
899	12	50256	50256	0
900	5	11	11	1.33514e-05
900	6	717	717	0.000720978
900	7	12	12	0.000112534
900	8	448	448	0.000541687
900	9	16834	16834	0.000471115
900	10	11	11	0.000135422
900	11	262	262	7.62939e-06
900	12	14555	14555	0.000350952
900	13	2087	2087	0.000169754
900	14	2378	2378	0.000108719
900	15	318	318	1.90735e-06
900	16	4615	4615	0.000427246
900	17	717	717	0.000230789
900	18	13	13	0
900	19	50256	50256	0
901	5	4180	4180	0.000211716
901	6	30121	30121	0.000139236
901	7	319	319	0.000141144
901	8	6163	6163	0.000139236
901	9	3354	3354	0.00028038
901	10	286	286	5.72205e-06
901	11	9664	9664	6.48499e-05
901	12	13	13	1.90735e-06
901	13	50256	50256	0
902	5	3688	3688	0.000133514
902	6	284	284	3.8147e-06
902	7	262	262	0
902	8	5485	5485	0.000268936
902	9	286	286	0
902	10	257	257	9.53674e-06
902	11	6297	6297	0.000135422
902	12	13	13	0
902	13	50256	50256	0
903	5	2318	2318	0.000146866
903	6	19972	19972	0.000314713
903	7	33174	33174	0.000173569
903	8	262	262	1.90735e-06
903	9	5366	5366	0.00031662
903	10	16825	16825	0.000242233
903	11	286	286	3.8147e-06
903	12	1194	1194	7.62939e-06
903	13	13	13	0
903	14	50256	50256	0
904	5	16122	16122	0.000257492
904	6	11732	11732	0.000480652
904	7	337	337	0.000715256
904	8	5847	5847	0.000488281
904	9	2977	2977	0.000246048
904	10	290	290	4.57764e-05
904	11	383	383	0.000364304
904	12	367	367	0.000825882
904	13	3316	3316	0.000324249
904	14	1891	1891	0.000322342
904	15	286	286	3.62396e-05
904	16	23382	23382	0.00031662
904	17	12	12	3.62396e-05
904	18	35	35	0.000387192
904	19	480	480	0.000419617
904	20	13	13	5.72205e-06
904	21	50256	50256	0
905	5	625	625	0.000232697
905	6	3090	3090	0.000116348
905	7	287	287	0
905	8	8850	8850	0.000104904
905	9	34768	34768	9.34601e-05
905	10	13	13	0
905	11	50256	50256	0
906	5	284	284	7.62939e-06
906	6	262	262	0
906	7	28761	28761	0.000432968
906	8	576	576	0.000394821
906	9	1448	1448	0.000125885
906	10	11	11	2.09808e-05
906	11	407	407	0.000261307
906	12	262	262	0
906	13	38255	38255	0.000110626
906	14	1547	1547	0.000141144
906	15	13	13	0
906	16	50256	50256	0
907	5	7861	7861	0.000469208
907	6	11	11	1.33514e-05
907	7	5387	5387	0.000108719
907	8	14580	14580	0.00205612
907	9	11	11	0
907	10	290	290	0.000202179
907	11	4596	4596	0.000278473
907	12	6900	6900	0.000162125
907	13	286	286	0.000116348
907	14	19606	19606	0.000236511
907	15	287	287	0
907	16	1660	1660	0.00104713
907	17	3102	3102	0.000143051
907	18	46916	46916	0.000408173
907	19	13	13	0
907	20	50256	50256	0
908	5	3881	3881	0.00094986
908	6	1296	1296	0.00030899
908	7	257	257	0.000125885
908	8	4417	4417	0.000118256
908	9	7679	7679	0.000263214
908	10	1444	1444	0.000116348
908	11	842	842	0.000257492
908	12	21446	21446	8.39233e-05
908	13	319	319	1.52588e-05
908	14	262	262	0
908	15	6869	6869	0.000457764
908	16	13	13	0
908	17	50256	50256	0
909	5	286	286	1.90735e-06
909	6	257	257	0.000312805
909	7	35991	35991	0.000328064
909	8	423	423	0.000190735
909	9	4961	4961	7.24792e-05
909	10	20428	20428	1.90735e-05
909	11	13	13	0
909	12	50256	50256	0
910	5	10349	10349	0.000207901
910	6	618	618	3.24249e-05
910	7	663	663	1.90735e-06
910	8	5002	5002	0.000293732
910	9	48813	48813	0.000156403
910	10	422	422	0.000118256
910	11	13181	13181	5.91278e-05
910	12	1459	1459	0.000137329
910	13	13	13	0
910	14	50256	50256	0
911	5	3623	3623	0.000162125
911	6	25037	25037	0.000343323
911	7	13640	13640	0.000190735
911	8	355	355	9.53674e-06
911	9	44030	44030	0.000329971
911	10	3881	3881	0.000303268
911	11	4735	4735	0.000501633
911	12	6945	6945	0.000146866
911	13	13	13	0
911	14	50256	50256	0
912	5	12269	12269	0.00022316
912	6	11	11	7.62939e-06
912	7	1660	1660	2.09808e-05
912	8	11	11	5.53131e-05
912	9	290	290	1.52588e-05
912	10	38084	38084	4.95911e-05
912	11	14093	14093	3.05176e-05
912	12	1818	1818	4.76837e-05
912	13	13	13	0
912	14	50256	50256	0
913	5	689	689	0.00154877
913	6	9664	9664	0.000318527
913	7	351	351	4.95911e-05
913	8	28096	28096	0.00037384
913	9	925	925	0.000276566
913	10	1262	1262	2.67029e-05
913	11	257	257	1.52588e-05
913	12	17598	17598	0.000724792
913	13	290	290	0.000137329
913	14	4704	4704	0.000102997
913	15	13	13	0
913	16	50256	50256	0
914	5	2057	2057	7.62939e-05
914	6	422	422	3.8147e-05
914	7	1660	1660	4.57764e-05
914	8	351	351	0.000221252
914	9	13375	13375	0.000114441
914	10	287	287	2.67029e-05
914	11	511	511	0.000112534
914	12	28552	28552	1.90735e-05
914	13	13	13	0
914	14	50256	50256	0
915	5	262	262	1.90735e-06
915	6	3463	3463	0.000495911
915	7	286	286	5.14984e-05
915	8	262	262	1.90735e-06
915	9	11711	11711	6.10352e-05
915	10	20085	20085	0.000259399
915	11	416	416	1.90735e-06
915	12	281	281	2.86102e-05
915	13	2134	2134	7.62939e-05
915	14	13	13	0
915	15	50256	50256	0
916	5	262	262	0
916	6	12108	12108	0.000572205
916	7	286	286	9.53674e-06
916	8	17837	17837	0.000152588
916	9	11	11	3.8147e-06
916	10	318	318	6.48499e-05
916	11	17837	17837	0.000202179
916	12	338	338	7.62939e-06
916	13	3139	3139	0.000108719
916	14	13	13	3.43323e-05
916	15	50256	50256	0
917	5	37270	37270	0.000997543
917	6	11	11	1.90735e-06
917	7	30872	30872	0.00164604
917	8	11	11	3.8147e-06
917	9	290	290	0.00193024
917	10	21506	21506	0.000278473
917	11	13	13	0
917	12	50256	50256	0
918	5	3668	3668	4.19617e-05
918	6	8318	8318	0.000360489
918	7	832	832	1.52588e-05
918	8	16468	16468	4.95911e-05
918	9	1364	1364	0.000141144
918	10	416	416	1.90735e-06
918	11	401	401	8.7738e-05
918	12	1039	1039	2.28882e-05
918	13	13	13	0
918	14	50256	50256	0
919	5	44741	44741	0.000516891
919	6	17757	17757	0.000236511
919	7	319	319	9.53674e-06
919	8	4849	4849	0.000272751
919	9	47967	47967	0.000133514
919	10	28847	28847	0.000164032
919	11	287	287	0.000165939
919	12	4492	4492	0.000183105
919	13	13	13	0
919	14	50256	50256	0
920	5	350	350	0.00012207
920	6	9160	9160	8.96454e-05
920	7	373	373	3.43323e-05
920	8	3170	3170	2.86102e-05
920	9	355	355	4.57764e-05
920	10	257	257	2.28882e-05
920	11	8966	8966	0.000162125
920	12	10580	10580	5.14984e-05
920	13	13	13	0
920	14	50256	50256	0
921	5	257	257	0
921	6	5252	5252	9.91821e-05
921	7	33413	33413	6.29425e-05
921	8	8902	8902	0.00044632
921	9	351	351	1.90735e-06
921	10	281	281	4.76837e-05
921	11	18762	18762	6.67572e-05
921	12	2890	2890	2.28882e-05
921	13	5797	5797	3.24249e-05
921	14	13	13	0
921	15	50256	50256	0
922	5	1811	1811	0.000160217
922	6	6300	6300	0.00018692
922	7	286	286	3.8147e-06
922	8	262	262	0
922	9	2939	2939	0.000137329
922	10	1444	1444	0.000102997
922	11	383	383	0.000125885
922	12	36306	36306	0.000125885
922	13	13	13	1.14441e-05
922	14	50256	50256	0
923	5	460	460	0.000255585
923	6	2620	2620	0.000247955
923	7	257	257	0.000448227
923	8	2700	2700	0.000200272
923	9	338	338	2.86102e-05
923	10	6225	6225	0.000341415
923	11	1245	1245	0.00100327
923	12	13	13	0
923	13	50256	50256	0
924	5	286	286	3.62396e-05
924	6	262	262	1.14441e-05
924	7	3624	3624	0.000160217
924	8	14705	14705	0.000307083
924	9	287	287	0
924	10	674	674	6.67572e-05
924	11	6591	6591	2.09808e-05
924	12	1080	1080	0.000101089
924	13	13	13	1.90735e-06
924	14	50256	50256	0
925	5	42742	42742	0.000286102
925	6	656	656	2.47955e-05
925	7	734	734	1.90735e-06
925	8	4957	4957	0.000144958
925	9	17751	17751	0.000951767
925	10	72	72	0.00015831
925	11	13	13	0
925	12	50256	50256	0
926	5	257	257	7.62939e-06
926	6	41236	41236	0.000482559
926	7	338	338	0.000450134
926	8	4417	4417	0.000148773
926	9	389	389	8.2016e-05
926	10	7009	7009	0.000501633
926	11	1981	1981	0.000268936
926	12	15921	15921	0.000415802
926	13	13	13	9.53674e-06
926	14	50256	50256	0
927	5	286	286	1.90735e-06
927	6	262	262	0
927	7	39046	39046	0.000143051
927	8	973	973	0.000221252
927	9	416	416	1.90735e-06
927	10	867	867	9.72748e-05
927	11	5044	5044	3.43323e-05
927	12	4778	4778	0.00015831
927	13	13	13	0
927	14	50256	50256	0
928	5	5496	5496	0.000173569
928	6	326	326	4.3869e-05
928	7	460	460	0.000226974
928	8	2291	2291	0.000175476
928	9	6134	6134	0.000108719
928	10	11	11	1.90735e-06
928	11	5916	5916	6.48499e-05
928	12	11	11	5.91278e-05
928	13	290	290	0.000150681
928	14	23426	23426	0.00012207
928	15	13	13	0
928	16	50256	50256	0
929	5	287	287	1.90735e-06
929	6	40941	40941	0.000211716
929	7	15190	15190	9.72748e-05
929	8	290	290	1.71661e-05
929	9	24768	24768	9.53674e-05
929	10	13	13	1.90735e-06
929	11	50256	50256	0
930	5	2081	2081	0.000219345
930	6	691	691	0.0001297
930	7	618	618	0.000127792
930	8	1111	1111	0.000257492
930	9	286	286	5.72205e-05
930	10	663	663	1.90735e-06
930	11	17311	17311	0.000326157
930	12	389	389	8.96454e-05
930	13	2081	2081	0.000125885
930	14	13	13	0.000131607
930	15	50256	50256	0
931	5	3597	3597	0.000226974
931	6	1080	1080	3.24249e-05
931	7	973	973	0.00031662
931	8	329	329	1.33514e-05
931	9	6983	6983	5.34058e-05
931	10	13	13	0
931	11	50256	50256	0
932	5	262	262	1.90735e-06
932	6	976	976	0.000137329
932	7	6115	6115	9.34601e-05
932	8	355	355	3.8147e-06
932	9	530	530	0.000154495
932	10	27216	27216	2.86102e-05
932	11	1247	1247	6.10352e-05
932	12	16912	16912	6.67572e-05
932	13	13	13	0
932	14	50256	50256	0
933	5	416	416	3.8147e-06
933	6	530	530	2.09808e-05
933	7	5667	5667	4.95911e-05
933	8	326	326	0.000167847
933	9	1271	1271	0.000230789
933	10	21588	21588	4.76837e-05
933	11	13	13	0
933	12	50256	50256	0
934	5	17825	17825	3.43323e-05
934	6	287	287	1.90735e-06
934	7	294	294	3.43323e-05
934	8	6037	6037	4.00543e-05
934	9	13	13	1.90735e-06
934	10	50256	50256	0
935	5	3878	3878	0.00124359
935	6	17084	17084	0.000476837
935	7	318	318	1.71661e-05
935	8	257	257	0.00012207
935	9	4898	4898	0.000127792
935	10	9967	9967	0.000154495
935	11	3601	3601	0.000854492
935	12	11	11	0.000169754
935	13	407	407	0.000417709
935	14	281	281	8.01086e-05
935	15	3056	3056	0.000303268
935	16	12036	12036	0.000347137
935	17	13	13	0
935	18	50256	50256	0
936	5	416	416	1.90735e-06
936	6	14583	14583	0.000165939
936	7	257	257	5.34058e-05
936	8	6314	6314	0.000570297
936	9	379	379	6.10352e-05
936	10	511	511	4.57764e-05
936	11	27390	27390	0.000148773
936	12	16649	16649	0.000228882
936	13	13	13	0
936	14	50256	50256	0
937	5	11	11	1.90735e-06
937	6	1444	1444	3.24249e-05
937	7	262	262	1.90735e-06
937	8	1162	1162	0.00140762
937	9	4450	4450	0.000347137
937	10	11	11	1.90735e-06
937	11	318	318	1.90735e-06
937	12	37546	37546	0.000635147
937	13	621	621	7.05719e-05
937	14	663	663	4.57764e-05
937	15	7424	7424	0.000692368
937	16	4417	4417	2.67029e-05
937	17	13	13	0
937	18	50256	50256	0
938	5	281	281	1.90735e-06
938	6	2134	2134	0.000526428
938	7	338	338	2.86102e-05
938	8	15432	15432	0.000133514
938	9	2458	2458	0.000217438
938	10	351	351	1.90735e-05
938	11	640	640	2.86102e-05
938	12	13	13	0
938	13	50256	50256	0
939	5	37008	37008	0.000204086
939	6	379	379	4.95911e-05
939	7	5043	5043	7.24792e-05
939	8	286	286	0
939	9	2910	2910	0.000106812
939	10	8837	8837	0.000303268
939	11	5095	5095	8.58307e-05
939	12	13	13	1.90735e-06
939	13	50256	50256	0
940	5	286	286	1.71661e-05
940	6	987	987	0.000278473
940	7	48331	48331	4.76837e-05
940	8	4847	4847	0.000234604
940	9	351	351	1.14441e-05
940	10	257	257	1.33514e-05
940	11	3867	3867	1.90735e-05
940	12	28982	28982	3.05176e-05
940	13	13	13	0
940	14	50256	50256	0
941	5	257	257	5.72205e-06
941	6	22746	22746	0.000188828
941	7	656	656	1.52588e-05
941	8	42713	42713	4.3869e-05
941	9	13	13	0
941	10	50256	50256	0
942	5	257	257	2.28882e-05
942	6	1729	1729	0.000289917
942	7	22570	22570	0.000268936
942	8	1271	1271	0.000352859
942	9	3607	3607	0.000146866
942	10	6632	6632	7.05719e-05
942	11	13	13	0
942	12	50256	50256	0
943	5	1588	1588	0.000511169
943	6	24969	24969	0.000263214
943	7	602	602	0.000299454
943	8	618	618	1.71661e-05
943	9	257	257	0.000204086
943	10	1080	1080	0.000144958
943	11	318	318	5.72205e-06
943	12	7986	7986	0.000326157
943	13	1474	1474	0.000200272
943	14	257	257	5.72205e-06
943	15	3288	3288	8.7738e-05
943	16	8373	8373	0.000392914
943	17	13	13	0
943	18	50256	50256	0
944	5	2278	2278	0.000112534
944	6	618	618	0.000253677
944	7	257	257	0
944	8	636	636	0.00050354
944	9	318	318	3.8147e-06
944	10	10574	10574	0.000131607
944	11	13	13	0
944	12	50256	50256	0
945	5	11	11	3.8147e-06
945	6	47394	47394	0.000455856
945	7	507	507	0.000164032
945	8	389	389	0.000181198
945	9	610	610	0.000623703
945	10	620	620	0.000555038
945	11	77	77	0.000209808
945	12	2340	2340	0.000444412
945	13	2138	2138	0.000152588
945	14	621	621	5.72205e-06
945	15	19435	19435	0.000188828
945	16	13	13	0
945	17	50256	50256	0
946	5	5101	5101	0.000108719
946	6	290	290	3.8147e-06
946	7	734	734	1.71661e-05
946	8	2392	2392	0.00012207
946	9	13017	13017	4.3869e-05
946	10	41192	41192	3.8147e-05
946	11	13	13	0
946	12	50256	50256	0
947	5	5389	5389	0.000436783
947	6	290	290	0.00050354
947	7	1440	1440	9.53674e-06
947	8	826	826	0.000179291
947	9	18333	18333	0.000164032
947	10	13	13	0
947	11	50256	50256	0
948	5	4778	4778	0.000123978
948	6	7685	7685	0.00101471
948	7	3994	3994	0.000234604
948	8	6337	6337	0.000148773
948	9	42742	42742	0.000452042
948	10	13	13	0
948	11	50256	50256	0
949	5	286	286	4.57764e-05
949	6	1402	1402	0.000701904
949	7	19468	19468	0.000516891
949	8	5028	5028	0.000204086
949	9	16083	16083	0.00114441
949	10	925	925	0.000120163
949	11	422	422	4.95911e-05
949	12	5026	5026	0.000387192
949	13	47196	47196	0.000246048
949	14	13	13	0
949	15	50256	50256	0
950	5	11	11	1.90735e-06
950	6	530	530	6.67572e-05
950	7	256	256	0.00043869
950	8	478	478	0.000656128
950	9	9229	9229	0.000703812
950	10	7480	7480	0.000255585
950	11	1715	1715	0.000354767
950	12	2412	2412	0.000347137
950	13	11061	11061	0.000379562
950	14	1194	1194	0.000150681
950	15	13	13	1.90735e-06
950	16	50256	50256	0
951	5	13017	13017	0.000331879
951	6	6958	6958	9.72748e-05
951	7	1626	1626	8.2016e-05
951	8	281	281	4.57764e-05
951	9	13187	13187	8.58307e-05
951	10	13	13	0
951	11	50256	50256	0
952	5	262	262	1.90735e-06
952	6	1767	1767	3.24249e-05
952	7	338	338	2.86102e-05
952	8	10900	10900	3.24249e-05
952	9	18370	18370	1.71661e-05
952	10	13	13	0
952	11	50256	50256	0
953	5	10816	10816	0.000597
953	6	34537	34537	0.000354767
953	7	1900	1900	0.000104904
953	8	329	329	0.0001297
953	9	1588	1588	0.000270844
953	10	4636	4636	0.000230789
953	11	874	874	0.000263214
953	12	13	13	0
953	13	50256	50256	0
954	5	3994	3994	0.000228882
954	6	5348	5348	0.000108719
954	7	286	286	4.95911e-05
954	8	9838	9838	9.15527e-05
954	9	5773	5773	0.000253677
954	10	290	290	1.52588e-05
954	11	300	300	0.000169754
954	12	12009	12009	0.000133514
954	13	7408	7408	0.000347137
954	14	11492	11492	9.34601e-05
954	15	13	13	0
954	16	50256	50256	0
955	5	48573	48573	0.000576019
955	6	4618	4618	0.000379562
955	7	338	338	0.000257492
955	8	19643	19643	0.000396729
955	9	2261	2261	0.000574112
955	10	460	460	0.00102425
955	11	1205	1205	0.000120163
955	12	656	656	1.52588e-05
955	13	257	257	1.52588e-05
955	14	9403	9403	0.000211716
955	15	13	13	3.8147e-06
955	16	50256	50256	0
956	5	1663	1663	0.000289917
956	6	287	287	2.47955e-05
956	7	17475	17475	0.000276566
956	8	12493	12493	0.000337601
956	9	12824	12824	0.00034523
956	10	416	416	7.82013e-05
956	11	8268	8268	0.00018692
956	12	1660	1660	0.000175476
956	13	13	13	0
956	14	50256	50256	0
957	5	12	12	2.86102e-05
957	6	46155	46155	0.000471115
957	7	1296	1296	6.86646e-05
957	8	286	286	5.34058e-05
957	9	7729	7729	0.000167847
957	10	3194	3194	0.000228882
957	11	287	287	1.90735e-06
957	12	257	257	0.000459671
957	13	8300	8300	8.01086e-05
957	14	3303	3303	0.000337601
957	15	13	13	0
957	16	50256	50256	0
958	5	905	905	0.000230789
958	6	281	281	1.33514e-05
958	7	21388	21388	0.000324249
958	8	18032	18032	0.000228882
958	9	12	12	4.76837e-05
958	10	489	489	4.00543e-05
958	11	1523	1523	6.67572e-05
958	12	2776	2776	0.00047493
958	13	287	287	1.33514e-05
958	14	3594	3594	0.000204086
958	15	13	13	0
958	16	50256	50256	0
959	5	11	11	1.14441e-05
959	6	290	290	7.62939e-06
959	7	1395	1395	0.000162125
959	8	12	12	9.72748e-05
959	9	20477	20477	0.000400543
959	10	5594	5594	0.000274658
959	11	284	284	0.00019455
959	12	262	262	0
959	13	976	976	0.000108719
959	14	31094	31094	0.000246048
959	15	10958	10958	7.62939e-05
959	16	13	13	0
959	17	50256	50256	0
960	5	14795	14795	0.000423431
960	6	3754	3754	0.000623703
960	7	11694	11694	0.00031662
960	8	36103	36103	0.000350952
960	9	4178	4178	0.000299454
960	10	287	287	0
960	11	9225	9225	0.00022316
960	12	18671	18671	6.10352e-05
960	13	13	13	0
960	14	50256	50256	0
961	5	257	257	3.8147e-05
961	6	1486	1486	0.00118828
961	7	416	416	1.90735e-06
961	8	5086	5086	0.000164032
961	9	2587	2587	3.05176e-05
961	10	284	284	7.62939e-06
961	11	1208	1208	0.000139236
961	12	832	832	9.53674e-06
961	13	6163	6163	4.3869e-05
961	14	28431	28431	6.10352e-05
961	15	13	13	0
961	16	50256	50256	0
962	5	257	257	1.14441e-05
962	6	9314	9314	0.000228882
962	7	11	11	4.19617e-05
962	8	6149	6149	0.000211716
962	9	4269	4269	9.15527e-05
962	10	286	286	1.90735e-06
962	11	9881	9881	0.000249863
962	12	13	13	0
962	13	50256	50256	0
963	5	22532	22532	0.000221252
963	6	7475	7475	0.000282288
963	7	287	287	9.53674e-06
963	8	281	281	2.47955e-05
963	9	3594	3594	3.43323e-05
963	10	36246	36246	0.000175476
963	11	13	13	0
963	12	50256	50256	0
964	5	734	734	1.14441e-05
964	6	8950	8950	0.000160217
964	7	13	13	1.90735e-06
964	8	50256	50256	9.53674e-06
965	5	867	867	1.90735e-05
965	6	5667	5667	0.00025177
965	7	511	511	2.28882e-05
965	8	16704	16704	0.000148773
965	9	4077	4077	8.96454e-05
965	10	3124	3124	0.000181198
965	11	13	13	0
965	12	50256	50256	0
966	5	284	284	1.71661e-05
966	6	11945	11945	0.000366211
966	7	287	287	0
966	8	262	262	1.14441e-05
966	9	1692	1692	0.00021553
966	10	1767	1767	0.000226974
966	11	13	13	0
966	12	50256	50256	0
967	5	5419	5419	0.000173569
967	6	3608	3608	0.000282288
967	7	262	262	1.90735e-06
967	8	1692	1692	3.43323e-05
967	9	1767	1767	0.00028038
967	10	13	13	1.90735e-06
967	11	50256	50256	0
968	5	663	663	3.8147e-06
968	6	20884	20884	5.72205e-05
968	7	966	966	4.76837e-05
968	8	13	13	0
968	9	50256	50256	0
969	5	9368	9368	0.00108528
969	6	5374	5374	0.000761032
969	7	83	83	0.00105858
969	8	270	270	0.0016346
969	9	9620	9620	0.000959396
969	10	6204	6204	0.000249863
969	11	319	319	6.86646e-05
969	12	281	281	2.67029e-05
969	13	7022	7022	0.00028801
969	14	287	287	9.53674e-06
969	15	6233	6233	0.000114441
969	16	3567	3567	0.000276566
969	17	66	66	0.000202179
969	18	25634	25634	0.000102997
969	19	13	13	0
969	20	50256	50256	0
970	5	511	511	3.05176e-05
970	6	30514	30514	0.000101089
970	7	284	284	1.33514e-05
970	8	6654	6654	0.000312805
970	9	23311	23311	8.2016e-05
970	10	13	13	0
970	11	50256	50256	0
971	5	13055	13055	0.000139236
971	6	262	262	5.34058e-05
971	7	18560	18560	0.000398636
971	8	1900	1900	7.62939e-05
971	9	355	355	7.05719e-05
971	10	262	262	1.90735e-06
971	11	2892	2892	0.000183105
971	12	64	64	0.000167847
971	13	15378	15378	5.91278e-05
971	14	13	13	0
971	15	50256	50256	0
972	5	262	262	1.90735e-06
972	6	7475	7475	0.000980377
972	7	286	286	9.53674e-06
972	8	257	257	0.000131607
972	9	1573	1573	0.000537872
972	10	393	393	3.8147e-05
972	11	9546	9546	0.00116158
972	12	284	284	0.000169754
972	13	1296	1296	7.05719e-05
972	14	1194	1194	0.000123978
972	15	13888	13888	8.39233e-05
972	16	13	13	0
972	17	50256	50256	0
973	5	4886	4886	0.000423431
973	6	23221	23221	0.000274658
973	7	2458	2458	0.00025177
973	8	284	284	5.72205e-06
973	9	257	257	0
973	10	2512	2512	0.000986099
973	11	286	286	0
973	12	1366	1366	0.000219345
973	13	13	13	0
973	14	50256	50256	0
974	5	16577	16577	0.000637054
974	6	336	336	0.000432968
974	7	328	328	0.0014286
974	8	5356	5356	0.000278473
974	9	34262	34262	0.000143051
974	10	422	422	0.000177383
974	11	257	257	5.91278e-05
974	12	4693	4693	0.000169754
974	13	286	286	1.90735e-06
974	14	6763	6763	0.000114441
974	15	9042	9042	2.09808e-05
974	16	13	13	0
974	17	50256	50256	0
975	5	2344	2344	0.000148773
975	6	18190	18190	0.000221252
975	7	22425	22425	0.000139236
975	8	6450	6450	0.000370026
975	9	13	13	3.8147e-06
975	10	50256	50256	0
976	5	20838	20838	0.000322342
976	6	11	11	0.000152588
976	7	16397	16397	0.000356674
976	8	11	11	1.14441e-05
976	9	290	290	1.71661e-05
976	10	449	449	9.53674e-05
976	11	391	391	0.00053215
976	12	28814	28814	0.00028038
976	13	13	13	6.10352e-05
976	14	50256	50256	0
977	5	290	290	1.52588e-05
977	6	39381	39381	0.000230789
977	7	11061	11061	6.29425e-05
977	8	3668	3668	3.05176e-05
977	9	338	338	7.62939e-06
977	10	4417	4417	1.90735e-06
977	11	13	13	7.62939e-06
977	12	50256	50256	0
978	5	2128	2128	0.000385284
978	6	618	618	0.000148773
978	7	1633	1633	0.000257492
978	8	318	318	1.52588e-05
978	9	7924	7924	0.000333786
978	10	1973	1973	3.62396e-05
978	11	262	262	5.72205e-06
978	12	5743	5743	0.000116348
978	13	286	286	9.53674e-06
978	14	663	663	1.33514e-05
978	15	5422	5422	7.62939e-05
978	16	7604	7604	0.000352859
978	17	13	13	1.90735e-06
978	18	50256	50256	0
979	5	21558	21558	7.24792e-05
979	6	416	416	1.90735e-06
979	7	9645	9645	0.000810623
979	8	340	340	5.14984e-05
979	9	287	287	2.86102e-05
979	10	257	257	0
979	11	8769	8769	0.000900269
979	12	77	77	8.7738e-05
979	13	13	13	0
979	14	50256	50256	0
980	5	1146	1146	0.000782013
980	6	5047	5047	0.000448227
980	7	13166	13166	9.72748e-05
980	8	23537	23537	0.000232697
980	9	422	422	3.8147e-06
980	10	262	262	1.90735e-06
980	11	3825	3825	0.000240326
980	12	13	13	0
980	13	50256	50256	0
981	5	286	286	4.57764e-05
981	6	17322	17322	0.000423431
981	7	11	11	1.14441e-05
981	8	7363	7363	0.000528336
981	9	319	319	7.05719e-05
981	10	262	262	5.72205e-06
981	11	6035	6035	0.000759125
981	12	3266	3266	0.000261307
981	13	5866	5866	0.000104904
981	14	13	13	0
981	15	50256	50256	0
982	5	373	373	5.34058e-05
982	6	925	925	0.000127792
982	7	329	329	1.33514e-05
982	8	262	262	1.90735e-06
982	9	22234	22234	0.000127792
982	10	3716	3716	0.000152588
982	11	286	286	0
982	12	31482	31482	8.39233e-05
982	13	16380	16380	0.000177383
982	14	31663	31663	6.48499e-05
982	15	13	13	0
982	16	50256	50256	0
983	5	393	393	1.52588e-05
983	6	9421	9421	0.000108719
983	7	1063	1063	8.58307e-05
983	8	13	13	3.8147e-06
983	9	50256	50256	0
984	5	2134	2134	7.05719e-05
984	6	338	338	1.52588e-05
984	7	6268	6268	0.000448227
984	8	3585	3585	0.000141144
984	9	284	284	7.62939e-06
984	10	262	262	1.90735e-06
984	11	7346	7346	8.7738e-05
984	12	1633	1633	0.000282288
984	13	13	13	0
984	14	50256	50256	0
985	5	1123	1123	0.000268936
985	6	5752	5752	0.00184822
985	7	11	11	5.72205e-06
985	8	5721	5721	0.000427246
985	9	11	11	4.19617e-05
985	10	290	290	2.28882e-05
985	11	1115	1115	0.000282288
985	12	12	12	9.72748e-05
985	13	1525	1525	0.00056076
985	14	12	12	2.67029e-05
985	15	15542	15542	0.000366211
985	16	3091	3091	7.24792e-05
985	17	4909	4909	0.000234604
985	18	262	262	7.62939e-06
985	19	19561	19561	0.00028801
985	20	530	530	0.000205994
985	21	832	832	7.24792e-05
985	22	5193	5193	0.000247955
985	23	1752	1752	0.000391006
985	24	1123	1123	0.000110626
985	25	13	13	0
985	26	50256	50256	0
986	5	4909	4909	0.000255585
986	6	1115	1115	0.000389099
986	7	12785	12785	0.000314713
986	8	14729	14729	0.000556946
986	9	286	286	5.72205e-05
986	10	5100	5100	0.000314713
986	11	7475	7475	9.34601e-05
986	12	13	13	4.00543e-05
986	13	50256	50256	0
987	5	734	734	0.000120163
987	6	3967	3967	7.05719e-05
987	7	2659	2659	0.00028038
987	8	271	271	0.000879288
987	9	669	669	0.000305176
987	10	13	13	1.90735e-06
987	11	50256	50256	0
988	5	286	286	1.90735e-06
988	6	257	257	2.47955e-05
988	7	19690	19690	0.000160217
988	8	1683	1683	8.01086e-05
988	9	14809	14809	5.72205e-05
988	10	5509	5509	6.10352e-05
988	11	13	13	0
988	12	50256	50256	0
989	5	7135	7135	0.000358582
989	6	314	314	0.000297546
989	7	48476	48476	0.000232697
989	8	14664	14664	7.43866e-05
989	9	286	286	0
989	10	23519	23519	0.000337601
989	11	13	13	0
989	12	50256	50256	0
990	5	19942	19942	9.91821e-05
990	6	326	326	7.62939e-05
990	7	3994	3994	0.000102997
990	8	663	663	1.52588e-05
990	9	11904	11904	6.48499e-05
990	10	13	13	1.33514e-05
990	11	50256	50256	0
991	5	3146	3146	0.000995636
991	6	11	11	1.90735e-06
991	7	262	262	1.14441e-05
991	8	34768	34768	0.000268936
991	9	1612	1612	0.000202179
991	10	318	318	6.10352e-05
991	11	511	511	0.000152588
991	12	2160	2160	0.00022316
991	13	9086	9086	4.76837e-05
991	14	416	416	1.33514e-05
991	15	511	511	4.19617e-05
991	16	954	954	1.52588e-05
991	17	13	13	0
991	18	50256	50256	0
992	5	291	291	0.000135422
992	6	2456	2456	0.000360489
992	7	44638	44638	0.000272751
992	8	393	393	3.8147e-06
992	9	1950	1950	0.000795364
992	10	5238	5238	0.00012207
992	11	11	11	5.72205e-06
992	12	355	355	2.28882e-05
992	13	14713	14713	0.000162125
992	14	857	857	0.000125885
992	15	13	13	1.90735e-06
992	16	50256	50256	0
993	5	5485	5485	0.00119591
993	6	284	284	1.71661e-05
993	7	1037	1037	0.000274658
993	8	2962	2962	0.000385284
993	9	319	319	0.000114441
993	10	5563	5563	0.000587463
993	11	379	379	0.000141144
993	12	1180	1180	0.000278473
993	13	18868	18868	0.000522614
993	14	13	13	0
993	15	50256	50256	0
994	5	47306	47306	0.000307083
994	6	2427	2427	0.00022316
994	7	286	286	0
994	8	9194	9194	0.000123978
994	9	12734	12734	0.000389099
994	10	393	393	1.52588e-05
994	11	11904	11904	5.91278e-05
994	12	13	13	9.53674e-05
994	13	50256	50256	0
995	5	20462	20462	0.000234604
995	6	416	416	8.2016e-05
995	7	18381	18381	0.000488281
995	8	449	449	0.000177383
995	9	19210	19210	0.000335693
995	10	287	287	4.95911e-05
995	11	4088	4088	0.000465393
995	12	286	286	0
995	13	38367	38367	0.000259399
995	14	83	83	0.000303268
995	15	1031	1031	0.000425339
995	16	8882	8882	0.000207901
995	17	282	282	0.000806808
995	18	13	13	0
995	19	50256	50256	0
996	5	9151	9151	0.000108719
996	6	4417	4417	2.67029e-05
996	7	290	290	1.90735e-06
996	8	18616	18616	0.000352859
996	9	867	867	5.53131e-05
996	10	5385	5385	0.000247955
996	11	5417	5417	0.00053978
996	12	9813	9813	0.000837326
996	13	13	13	1.90735e-06
996	14	50256	50256	0
997	5	262	262	5.72205e-06
997	6	976	976	9.91821e-05
997	7	19528	19528	5.91278e-05
997	8	290	290	9.53674e-06
997	9	2651	2651	0.000116348
997	10	739	739	0.000282288
997	11	663	663	3.8147e-06
997	12	7147	7147	0.000146866
997	13	3555	3555	2.09808e-05
997	14	9831	9831	4.3869e-05
997	15	13	13	0
997	16	50256	50256	0
998	5	460	460	3.05176e-05
998	6	2380	2380	0.000436783
998	7	17759	17759	0.000404358
998	8	7310	7310	0.000322342
998	9	1643	1643	0.000307083
998	10	7572	7572	0.000144958
998	11	13	13	0
998	12	50256	50256	0
999	5	4961	4961	0.000631332
999	6	284	284	5.72205e-05
999	7	8208	8208	0.000469208
999	8	12	12	2.47955e-05
999	9	13261	13261	8.96454e-05
999	10	1411	1411	1.90735e-05
999	11	13	13	1.90735e-06
999	12	50256	50256	0
1000	5	1326	1326	0.000499725
1000	6	263	263	0.000524521
1000	7	338	338	0.00110054
1000	8	7430	7430	0.000432968
1000	9	351	351	1.90735e-06
1000	10	257	257	0.000123978
1000	11	18482	18482	0.000205994
1000	12	2905	2905	0.000276566
1000	13	1806	1806	0.000358582
1000	14	28539	28539	8.58307e-05
1000	15	257	257	3.8147e-06
1000	16	3785	3785	0.000339508
1000	17	5762	5762	0.000106812
1000	18	257	257	3.8147e-06
1000	19	7858	7858	0.00044632
1000	20	3820	3820	0.000143051
1000	21	13	13	1.90735e-06
1000	22	50256	50256	0
1001	5	262	262	0
1001	6	2679	2679	0.000246048
1001	7	291	291	0.000141144
1001	8	8478	8478	8.58307e-05
1001	9	286	286	2.47955e-05
1001	10	262	262	1.33514e-05
1001	11	40136	40136	0.000123978
1001	12	12	12	1.14441e-05
1001	13	22030	22030	5.91278e-05
1001	14	3303	3303	0.000724792
1001	15	1641	1641	0.000150681
1001	16	13	13	1.90735e-06
1001	17	50256	50256	0
1002	5	271	271	0.000179291
1002	6	1630	1630	0.000102997
1002	7	262	262	7.62939e-06
1002	8	2546	2546	9.15527e-05
1002	9	286	286	1.90735e-06
1002	10	262	262	0
1002	11	34047	34047	3.8147e-05
1002	12	13	13	1.90735e-06
1002	13	50256	50256	0
1003	5	40959	40959	0.000408173
1003	6	11	11	7.62939e-06
1003	7	38985	38985	0.000303268
1003	8	1111	1111	0.000148773
1003	9	6341	6341	0.000118256
1003	10	286	286	3.8147e-06
1003	11	262	262	8.39233e-05
1003	12	6035	6035	0.000267029
1003	13	3266	3266	0.000244141
1003	14	13	13	0
1003	15	50256	50256	0
1004	5	290	290	7.62939e-05
1004	6	3771	3771	0.000267029
1004	7	10456	10456	0.000289917
1004	8	501	501	0.000635147
1004	9	3033	3033	0.000265121
1004	10	10674	10674	6.86646e-05
1004	11	14025	14025	0.000164032
1004	12	316	316	0.000509262
1004	13	290	290	0
1004	14	16703	16703	4.95911e-05
1004	15	10594	10594	8.7738e-05
1004	16	1789	1789	8.58307e-05
1004	17	7491	7491	6.29425e-05
1004	18	948	948	0.000219345
1004	19	13	13	0
1004	20	50256	50256	0
1005	5	2714	2714	0.000171661
1005	6	379	379	0.000213623
1005	7	45760	45760	0.000116348
1005	8	287	287	0
1005	9	10315	10315	0.000102997
1005	10	13	13	3.8147e-06
1005	11	50256	50256	0
1006	5	25299	25299	9.72748e-05
1006	6	373	373	7.05719e-05
1006	7	6198	6198	0.000131607
1006	8	3170	3170	4.00543e-05
1006	9	355	355	9.53674e-06
1006	10	257	257	1.14441e-05
1006	11	4302	4302	0.000141144
1006	12	4928	4928	4.57764e-05
1006	13	13	13	3.8147e-06
1006	14	50256	50256	0
1007	5	1204	1204	0.000150681
1007	6	6772	6772	0.000185013
1007	7	1626	1626	0.00021553
1007	8	530	530	3.8147e-06
1007	9	3957	3957	0.000112534
1007	10	1622	1622	0.000562668
1007	11	13	13	0
1007	12	50256	50256	0
1008	5	1440	1440	0.00106621
1008	6	12	12	5.72205e-06
1008	7	32041	32041	0.000219345
1008	8	9998	9998	0.00050354
1008	9	286	286	3.8147e-05
1008	10	3668	3668	0.000156403
1008	11	338	338	7.43866e-05
1008	12	5894	5894	0.00075531
1008	13	8137	8137	0.000881195
1008	14	416	416	5.72205e-06
1008	15	6115	6115	0.000226974
1008	16	13	13	4.3869e-05
1008	17	50256	50256	0
1009	5	23129	23129	9.72748e-05
1009	6	286	286	9.53674e-06
1009	7	262	262	1.90735e-06
1009	8	7993	7993	0.000141144
1009	9	8065	8065	0.000143051
1009	10	13	13	0
1009	11	50256	50256	0
1010	5	12278	12278	0.00144577
1010	6	6737	6737	0.000102997
1010	7	656	656	1.52588e-05
1010	8	38071	38071	0.00060463
1010	9	326	326	1.90735e-05
1010	10	4439	4439	0.000934601
1010	11	2128	2128	0.000432968
1010	12	13	13	3.8147e-06
1010	13	50256	50256	0
1011	5	8122	8122	0.000185013
1011	6	3102	3102	0.0020237
1011	7	46916	46916	0.000240326
1011	8	11	11	0.000125885
1011	9	4771	4771	0.000986099
1011	10	24770	24770	0.000879288
1011	11	11	11	0.000110626
1011	12	393	393	0.000108719
1011	13	1111	1111	0.000993729
1011	14	9951	9951	0.00053978
1011	15	287	287	0
1011	16	1633	1633	0.00015831
1011	17	13	13	0
1011	18	50256	50256	0
1012	5	8811	8811	0.00110054
1012	6	1663	1663	1.14441e-05
1012	7	355	355	8.01086e-05
1012	8	2060	2060	4.57764e-05
1012	9	4778	4778	0.00012207
1012	10	13	13	0
1012	11	50256	50256	0
1013	5	262	262	7.62939e-06
1013	6	19561	19561	0.000827789
1013	7	6632	6632	0.000516891
1013	8	290	290	4.95911e-05
1013	9	530	530	7.24792e-05
1013	10	13	13	0
1013	11	50256	50256	0
1014	5	12389	12389	4.19617e-05
1014	6	286	286	7.62939e-06
1014	7	257	257	0
1014	8	1692	1692	2.09808e-05
1014	9	16162	16162	2.67029e-05
1014	10	13	13	0
1014	11	50256	50256	0
1015	5	422	422	1.90735e-05
1015	6	257	257	1.90735e-06
1015	7	2166	2166	0.00028801
1015	8	6333	6333	0.000272751
1015	9	1806	1806	0.000301361
1015	10	284	284	7.24792e-05
1015	11	257	257	0
1015	12	8286	8286	0.000423431
1015	13	599	599	0.00078392
1015	14	30431	30431	0.000511169
1015	15	13	13	0
1015	16	50256	50256	0
1016	5	257	257	0
1016	6	11831	11831	0.000957489
1016	7	5186	5186	0.000114441
1016	8	1459	1459	0.00022316
1016	9	284	284	3.8147e-06
1016	10	49306	49306	3.43323e-05
1016	11	13	13	0
1016	12	50256	50256	0
1017	5	16649	16649	0.000219345
1017	6	621	621	5.72205e-06
1017	7	2266	2266	0.000242233
1017	8	5788	5788	0.000398636
1017	9	13	13	0
1017	10	50256	50256	0
1018	5	257	257	1.71661e-05
1018	6	4469	4469	0.000295639
1018	7	2138	2138	3.8147e-06
1018	8	621	621	1.52588e-05
1018	9	5055	5055	5.14984e-05
1018	10	5000	5000	4.00543e-05
1018	11	1479	1479	3.43323e-05
1018	12	13	13	0
1018	13	50256	50256	0
1019	5	5594	5594	0.000120163
1019	6	284	284	5.53131e-05
1019	7	25794	25794	0.000116348
1019	8	290	290	6.48499e-05
1019	9	6486	6486	0.000160217
1019	10	287	287	7.62939e-06
1019	11	262	262	0
1019	12	8211	8211	5.14984e-05
1019	13	10692	10692	6.86646e-05
1019	14	13	13	0
1019	15	50256	50256	0
1020	5	2134	2134	0.000268936
1020	6	1656	1656	0.000162125
1020	7	284	284	5.72205e-06
1020	8	9117	9117	0.000391006
1020	9	3812	3812	0.00018692
1020	10	393	393	7.62939e-06
1020	11	1497	1497	8.39233e-05
1020	12	422	422	6.29425e-05
1020	13	262	262	5.72205e-06
1020	14	19091	19091	9.53674e-05
1020	15	13	13	0
1020	16	50256	50256	0
1021	5	416	416	0
1021	6	14583	14583	1.71661e-05
1021	7	257	257	2.67029e-05
1021	8	1218	1218	0.000219345
1021	9	1182	1182	0.000202179
1021	10	706	706	4.76837e-05
1021	11	36075	36075	0.000141144
1021	12	13	13	0
1021	13	50256	50256	0
1022	5	9951	9951	0.000524521
1022	6	2057	2057	0.000295639
1022	7	422	422	1.14441e-05
1022	8	262	262	1.90735e-06
1022	9	1660	1660	0.000207901
1022	10	1088	1088	8.58307e-05
1022	11	606	606	4.95911e-05
1022	12	13	13	0
1022	13	50256	50256	0
1023	5	41408	41408	0.00015831
1023	6	1088	1088	0.000150681
1023	7	6716	6716	0.000141144
1023	8	6971	6971	0.000200272
1023	9	13	13	0
1023	10	50256	50256	0
1024	5	4556	4556	0.000154495
1024	6	1223	1223	0.000110626
1024	7	48237	48237	5.34058e-05
1024	8	663	663	0
1024	9	9706	9706	4.95911e-05
1024	10	13	13	0
1024	11	50256	50256	0
