line_1based	target_token_index_0based	target_id	predicted_id	loss
1	5	31219	31219	0.00152206
1	6	680	680	0.00338745
1	7	511	511	0.00168419
1	8	1862	1862	0.00343704
1	9	13	13	3.8147e-06
1	10	50256	50256	0
2	5	286	286	0.000379562
2	6	10211	10211	0.00431061
2	7	318	318	0.000270844
2	8	3221	3221	0.00561142
2	9	10693	10693	0.0403023
2	10	618	618	0.00159264
2	11	9759	9759	0.00445747
2	12	284	284	5.72205e-06
2	13	262	262	0.000900269
2	14	5044	5044	0.000135422
2	15	13	13	0
2	16	50256	50256	0
3	5	1205	1205	0.00338936
3	6	2641	2641	0.00111961
3	7	663	663	0.000196457
3	8	20596	20596	0.00063324
3	9	11	11	0.000864029
3	10	11222	11222	0.0576878
3	11	88	88	0.0131359
3	12	4645	4645	0.00111389
3	13	13	13	1.90735e-06
3	14	50256	50256	0
4	5	5922	5922	0.000720978
4	6	39966	39966	0.0082283
4	7	287	287	2.28882e-05
4	8	257	257	8.2016e-05
4	9	36594	36594	0.00393295
4	10	290	290	1.52588e-05
4	11	1577	1577	0.00875473
4	12	4082	4082	0.000396729
4	13	13	13	0
4	14	50256	50256	0
5	5	945	945	0.00550461
5	6	4439	4439	0.00260162
5	7	23938	23938	0.0760956
5	8	26742	26742	0.00169182
5	9	981	981	0.00066185
5	10	30580	30580	0.00177193
5	11	511	511	0.000541687
5	12	8954	8954	0.00152397
5	13	13022	13022	0.000909805
5	14	13	13	0
5	15	50256	50256	0
6	5	5739	5739	0.00495911
6	6	11	11	8.2016e-05
6	7	281	281	0.0182552
6	8	2134	2134	0.00502396
6	9	351	351	5.14984e-05
6	10	645	645	0.0985279
6	11	2010	2010	0.00728798
6	12	2700	2700	0.00505257
6	13	16047	16047	0.0158863
6	14	6937	6937	0.0107784
6	15	15432	15432	0.00819206
6	16	13	13	7.05719e-05
6	17	50256	50256	0
7	5	296	296	0.0104733
7	6	1045	1045	0.00517273
7	7	1249	1249	0.00892639
7	8	21678	21678	0.0057869
7	9	284	284	3.8147e-06
7	10	1445	1445	0.00454521
7	11	832	832	5.72205e-05
7	12	12835	12835	0.000936508
7	13	16649	16649	0.0018692
7	14	13	13	0
7	15	50256	50256	0
8	5	734	734	7.05719e-05
8	6	9403	9403	0.00418472
8	7	5667	5667	0.000570297
8	8	13	13	3.62396e-05
8	9	50256	50256	0
9	5	4983	4983	0.00126266
9	6	355	355	0.000999451
9	7	281	281	5.91278e-05
9	8	14312	14312	0.00022316
9	9	20562	20562	0.0024929
9	10	3716	3716	0.00243187
9	11	13	13	0.000123978
9	12	50256	50256	0
10	5	13522	13522	0.0142441
10	6	5732	5732	0.00149155
10	7	663	663	0.000797272
10	8	29973	29973	0.000591278
10	9	2785	2785	0.000627518
10	10	2568	2568	0.00141525
10	11	13	13	2.86102e-05
10	12	50256	50256	0
11	5	284	284	7.82013e-05
11	6	787	787	0.00475311
11	7	34476	34476	0.0569067
11	8	1141	1141	0.00102043
11	9	5205	5205	0.0462341
11	10	44411	44411	0.0173111
11	11	13	13	0
11	12	50256	50256	0
12	5	257	257	8.2016e-05
12	6	43836	43836	0.00837135
12	7	416	416	0.000492096
12	8	12304	12304	0.00164986
12	9	1780	1780	0.00582695
12	10	299	299	0.00168037
12	11	12345	12345	0.00361061
12	12	1088	1088	0.000444412
12	13	281	281	0.007267
12	14	14709	14709	0.00262642
12	15	415	415	0.000806808
12	16	13	13	1.90735e-06
12	17	50256	50256	0
13	5	257	257	0.000114441
13	6	12505	12505	0.00144577
13	7	3716	3716	0.00296783
13	8	287	287	3.8147e-06
13	9	1944	1944	0.00123978
13	10	12	12	0.00112915
13	11	820	820	0.000724792
13	12	31057	31057	0.000759125
13	13	13	13	0
13	14	50256	50256	0
14	5	2173	2173	0.0016861
14	6	284	284	1.71661e-05
14	7	3435	3435	0.00153732
14	8	973	973	0.00171852
14	9	287	287	1.14441e-05
14	10	867	867	0.000812531
14	11	3597	3597	0.00122643
14	12	3341	3341	0.00220299
14	13	13	13	0
14	14	50256	50256	0
15	5	3665	3665	0.000682831
15	6	7405	7405	0.000705719
15	7	284	284	0.000148773
15	8	1057	1057	0.00188828
15	9	2138	2138	0.000846863
15	10	621	621	0.0035038
15	11	6129	6129	0.000442505
15	12	13	13	0
15	13	50256	50256	0
16	5	471	471	0.00739098
16	6	5031	5031	0.0315514
16	7	272	272	0.00247574
16	8	7012	7012	0.00640678
16	9	9459	9459	0.00246429
16	10	11	11	0.000293732
16	11	281	281	0.00826454
16	12	37874	37874	0.00310707
16	13	1748	1748	0.00160789
16	14	13	13	1.90735e-06
16	15	50256	50256	0
17	5	326	326	0.00079155
17	6	2107	2107	0.00240326
17	7	287	287	9.53674e-06
17	8	8389	8389	0.000295639
17	9	20848	20848	0.000259399
17	10	13	13	0.0328884
17	11	50256	50256	0
18	5	11863	11863	0.000148773
18	6	351	351	0.00184441
18	7	262	262	1.33514e-05
18	8	1037	1037	0.000404358
18	9	286	286	0.000175476
18	10	16869	16869	0.00187302
18	11	49835	49835	0.00138283
18	12	13	13	0
18	13	50256	50256	0
19	5	257	257	0.00018692
19	6	20562	20562	0.0212107
19	7	290	290	0.00101471
19	8	28757	28757	0.213091
19	9	3716	3716	0.00911903
19	10	287	287	8.58307e-05
19	11	17113	17113	0.00138855
19	12	4763	4763	0.002491
19	13	11	11	0.000637054
19	14	8602	8602	0.338894
19	15	13	13	3.8147e-06
19	16	50256	50256	0
20	5	286	286	1.90735e-06
20	6	15238	15238	0.00321579
20	7	11	11	4.57764e-05
20	8	257	257	0.000255585
20	9	42238	42238	0.0011425
20	10	1499	1499	0.000555038
20	11	13	13	1.90735e-06
20	12	50256	50256	0
21	5	3665	3665	0.00615501
21	6	25041	25041	0.00170135
21	7	11278	11278	0.100033
21	8	326	326	0.000619888
21	9	460	460	0.000211716
21	10	11589	11589	0.000850677
21	11	8976	8976	0.00179672
21	12	257	257	3.8147e-06
21	13	16161	16161	0.000679016
21	14	338	338	4.3869e-05
21	15	22204	22204	0.00690651
21	16	13	13	0.000974655
21	17	50256	50256	0
22	5	17669	17669	0.00833893
22	6	23235	23235	0.00152588
22	7	40270	40270	0.000570297
22	8	284	284	3.8147e-06
22	9	530	530	0.000583649
22	10	11863	11863	0.00593758
22	11	22037	22037	0.0132389
22	12	13	13	0.00113678
22	13	50256	50256	0
23	5	1262	1262	0.00015831
23	6	4839	4839	0.00317001
23	7	12	12	0.000524521
23	8	29289	29289	0.000591278
23	9	15835	15835	0.00540924
23	10	13	13	0
23	11	50256	50256	0
24	5	286	286	1.52588e-05
24	6	4771	4771	0.015687
24	7	326	326	3.8147e-06
24	8	1445	1445	0.00430679
24	9	739	739	0.00143242
24	10	511	511	0.000459671
24	11	898	898	0.000143051
24	12	3463	3463	0.000772476
24	13	13	13	5.72205e-06
24	14	50256	50256	0
25	5	976	976	0.00466919
25	6	355	355	0.000415802
25	7	1194	1194	0.000442505
25	8	1573	1573	0.0049305
25	9	475	475	0.00230789
25	10	460	460	0.000404358
25	11	13238	13238	0.00254631
25	12	287	287	3.8147e-06
25	13	3616	3616	0.0036602
25	14	393	393	0.000394821
25	15	24993	24993	0.00280952
25	16	13	13	0
25	17	50256	50256	0
26	5	8384	8384	0.000148773
26	6	319	319	0.000143051
26	7	5667	5667	0.002388
26	8	11	11	0.00837708
26	9	8701	8701	0.0360098
26	10	274	274	0.00559425
26	11	11	11	0.00484085
26	12	290	290	3.8147e-06
26	13	584	584	0.000116348
26	14	4618	4618	0.00330734
26	15	2587	2587	0.00107384
26	16	13	13	0
26	17	50256	50256	0
27	5	284	284	3.05176e-05
27	6	4735	4735	0.000520706
27	7	318	318	0.000185013
27	8	1444	1444	0.00157738
27	9	32553	32553	0.000150681
27	10	13	13	0
27	11	50256	50256	0
28	5	287	287	1.90735e-06
28	6	257	257	5.72205e-06
28	7	269	269	0.000310898
28	8	8325	8325	0.00193596
28	9	298	298	0.00541878
28	10	5931	5931	0.0026207
28	11	6314	6314	0.00431442
28	12	13	13	0
28	13	50256	50256	0
29	5	25834	25834	0.00617981
29	6	17783	17783	0.00533295
29	7	7545	7545	0.0175838
29	8	3805	3805	0.00333786
29	9	1719	1719	0.000692368
29	10	645	645	0.14144
29	11	37368	37368	0.00152397
29	12	13	13	0
29	13	50256	50256	0
30	5	6071	6071	0.00169563
30	6	2641	2641	0.00509453
30	7	257	257	1.90735e-06
30	8	24911	24911	0.00234604
30	9	13	13	0
30	10	50256	50256	0
31	5	12491	12491	0.0014286
31	6	265	265	0.00395966
31	7	318	318	0.00075531
31	8	407	407	0.00139046
31	9	257	257	1.90735e-06
31	10	1611	1611	0.00204277
31	11	286	286	2.86102e-05
31	12	17135	17135	0.000307083
31	13	13	13	1.90735e-06
31	14	50256	50256	0
32	5	11	11	0.00561333
32	6	262	262	0.000232697
32	7	9848	9848	0.000617981
32	8	286	286	3.8147e-06
32	9	14580	14580	0.00743103
32	10	21767	21767	0.00091362
32	11	262	262	2.28882e-05
32	12	9848	9848	0.0024929
32	13	286	286	0
32	14	18349	18349	0.00146294
32	15	13	13	1.90735e-06
32	16	50256	50256	0
33	5	1123	1123	0.00234604
33	6	584	584	0.00125885
33	7	1973	1973	0.000553131
33	8	262	262	4.3869e-05
33	9	41407	41407	0.490799
33	10	286	286	1.52588e-05
33	11	47403	47403	0.000873566
33	12	13	13	0
33	13	50256	50256	0
34	5	416	416	0.0001297
34	6	2876	2876	0.000432968
34	7	3723	3723	0.000671387
34	8	290	290	3.8147e-06
34	9	27172	27172	0.000967026
34	10	3101	3101	0.0076828
34	11	267	267	0.00313568
34	12	265	265	0.00554085
34	13	21824	21824	0.000617981
34	14	13	13	0
34	15	50256	50256	0
35	5	663	663	0.000421524
35	6	9686	9686	0.00211334
35	7	290	290	0.000276566
35	8	6727	6727	0.00420761
35	9	10645	10645	0.00337219
35	10	13	13	0
35	11	50256	50256	0
36	5	11880	11880	0.000722885
36	6	5419	5419	0.000457764
36	7	340	340	0.000196457
36	8	2824	2824	0.00321007
36	9	5931	5931	0.00439262
36	10	1321	1321	0.000602722
36	11	422	422	0.032917
36	12	663	663	3.62396e-05
36	13	21334	21334	0.00427818
36	14	13	13	0
36	15	50256	50256	1.90735e-06
37	5	287	287	0.000110626
37	6	262	262	0.000179291
37	7	8434	8434	0.00135422
37	8	1027	1027	0.00274277
37	9	4909	4909	0.000684738
37	10	23326	23326	0.00442696
37	11	4778	4778	0.0279236
37	12	2950	2950	0.000249863
37	13	287	287	7.82013e-05
37	14	4854	4854	0.00811768
37	15	13	13	8.58307e-05
37	16	50256	50256	0
38	5	2630	2630	0.00115013
38	6	262	262	2.28882e-05
38	7	5337	5337	0.00748062
38	8	44487	44487	0.00094986
38	9	9869	9869	0.00346565
38	10	12898	12898	0.00109482
38	11	546	546	0.018158
38	12	257	257	0.000160217
38	13	8557	8557	0.00210953
38	14	7002	7002	0.00138283
38	15	13	13	0
38	16	50256	50256	0
39	5	257	257	0.000118256
39	6	38712	38712	0.0042305
39	7	460	460	0.00365829
39	8	6486	6486	0.000341415
39	9	379	379	0.000102997
39	10	845	845	0.00193405
39	11	1180	1180	0.0189953
39	12	18868	18868	0.000257492
39	13	422	422	0.000776291
39	14	3668	3668	0.0131397
39	15	13	13	0
39	16	50256	50256	0
40	5	976	976	0.0117197
40	6	1271	1271	0.000453949
40	7	286	286	0
40	8	28722	28722	0.00377655
40	9	355	355	0.00103951
40	10	1237	1237	0.0015049
40	11	684	684	0.000394821
40	12	13	13	3.8147e-06
40	13	50256	50256	0
41	5	5048	5048	0.0138779
41	6	82	82	0.00516891
41	7	4731	4731	0.0017662
41	8	1938	1938	0.00483322
41	9	284	284	0.000171661
41	10	458	458	0.000619888
41	11	1347	1347	0.00150871
41	12	2138	2138	0.00114632
41	13	621	621	0.000654221
41	14	9563	9563	0.000450134
41	15	262	262	0.000293732
41	16	13042	13042	0.00210762
41	17	13	13	3.8147e-06
41	18	50256	50256	0
42	5	1712	1712	0.00178719
42	6	32107	32107	0.00382423
42	7	1296	1296	0.0020771
42	8	262	262	2.67029e-05
42	9	20831	20831	0.00299835
42	10	24491	24491	0.00305176
42	11	22829	22829	0.000986099
42	12	13	13	3.8147e-06
42	13	50256	50256	0
43	5	3825	3825	0.0169201
43	6	318	318	0.00143814
43	7	1444	1444	0.000480652
43	8	262	262	0.000421524
43	9	2825	2825	0.00525856
43	10	22829	22829	0.00248146
43	11	13	13	1.90735e-06
43	12	50256	50256	0
44	5	262	262	0.000196457
44	6	3825	3825	0.000267029
44	7	11	11	0.000240326
44	8	21094	21094	0.00192261
44	9	468	468	0.000295639
44	10	257	257	0.000196457
44	11	37546	37546	0.000905991
44	12	2811	2811	6.86646e-05
44	13	4417	4417	0.000131607
44	14	13	13	0.000257492
44	15	50256	50256	0
45	5	257	257	2.47955e-05
45	6	5863	5863	0.000940323
45	7	670	670	0.000329971
45	8	416	416	0.000753403
45	9	12386	12386	0.00199127
45	10	46525	46525	0.000360489
45	11	13	13	2.47955e-05
45	12	50256	50256	0
46	5	262	262	3.05176e-05
46	6	9653	9653	0.0147781
46	7	326	326	0.000804901
46	8	8080	8080	0.00375938
46	9	607	607	0.000965118
46	10	18815	18815	0.000305176
46	11	13	13	0
46	12	50256	50256	0
47	5	422	422	0.00066185
47	6	826	826	0.000751495
47	7	284	284	1.14441e-05
47	8	1364	1364	0.000759125
47	9	13	13	1.71661e-05
47	10	50256	50256	0
48	5	1872	1872	0.00253677
48	6	389	389	0.00071907
48	7	3917	3917	0.00605774
48	8	351	351	0.000711441
48	9	12281	12281	0.00347328
48	10	64	64	0.000925064
48	11	399	399	0.0144863
48	12	9019	9019	0.00218773
48	13	13	13	7.62939e-06
48	14	50256	50256	0
49	5	257	257	0.00172043
49	6	1296	1296	0.0898409
49	7	286	286	6.67572e-05
49	8	31094	31094	0.000675201
49	9	11881	11881	0.00124359
49	10	13	13	0
49	11	50256	50256	0
50	5	17226	17226	0.0163345
50	6	1271	1271	0.00119972
50	7	286	286	0.000123978
50	8	597	597	0.559651
50	9	5931	5931	0.00120926
50	10	5002	5002	0.00122643
50	11	13	13	0.000106812
50	12	50256	50256	0
51	5	422	422	0.000211716
51	6	262	262	5.72205e-06
51	7	15921	15921	0.00602722
51	8	286	286	1.52588e-05
51	9	19450	19450	0.001194
51	10	7150	7150	0.00103378
51	11	13	13	0
51	12	50256	50256	0
52	5	25388	25388	0.0090313
52	6	3623	3623	0.0038662
52	7	284	284	0.000167847
52	8	1620	1620	0.000699997
52	9	12370	12370	0.0104675
52	10	670	670	0.00873947
52	11	13	13	0.00069809
52	12	50256	50256	0
53	5	262	262	0.000461578
53	6	6869	6869	0.00374222
53	7	7021	7021	0.011198
53	8	636	636	0.0182381
53	9	393	393	0.00111961
53	10	477	477	0.148763
53	11	286	286	0.0001297
53	12	262	262	0.0159168
53	13	3825	3825	0.0107517
53	14	422	422	0.000850677
53	15	1570	1570	0.0550041
53	16	13	13	3.24249e-05
53	17	50256	50256	0
54	5	393	393	0.00270081
54	6	7686	7686	0.000528336
54	7	3170	3170	0.00315285
54	8	422	422	0.000614166
54	9	5100	5100	0.0113049
54	10	18955	18955	0.00396729
54	11	4991	4991	0.000165939
54	12	13	13	0
54	13	50256	50256	0
55	5	3872	3872	0.00466919
55	6	3815	3815	9.15527e-05
55	7	884	884	0.0018158
55	8	355	355	0.00167274
55	9	2081	2081	0.00271988
55	10	290	290	3.8147e-06
55	11	3991	3991	0.000579834
55	12	13	13	3.8147e-06
55	13	50256	50256	0
56	5	6903	6903	0.0151939
56	6	286	286	4.3869e-05
56	7	1692	1692	0.00722408
56	8	2910	2910	0.00535011
56	9	13	13	0
56	10	50256	50256	0
57	5	287	287	0.000101089
57	6	2166	2166	0.0043335
57	7	286	286	0.000123978
57	8	663	663	0.00056076
57	9	3491	3491	0.000837326
57	10	460	460	0.00187302
57	11	2728	2728	0.000591278
57	12	257	257	0.000139236
57	13	40757	40757	0.000738144
57	14	19550	19550	0.0501356
57	15	287	287	0.00245667
57	16	262	262	0.00430298
57	17	3491	3491	0.00379562
57	18	338	338	3.8147e-06
57	19	22204	22204	0.011467
57	20	13	13	5.72205e-06
57	21	50256	50256	0
58	5	3170	3170	0.0013485
58	6	12972	12972	0.00289345
58	7	43591	43591	0.00535393
58	8	355	355	0.0004673
58	9	15100	15100	0.00207901
58	10	16667	16667	0.000841141
58	11	1443	1443	0.000354767
58	12	13	13	1.90735e-06
58	13	50256	50256	0
59	5	1510	1510	0.00429344
59	6	400	400	0.00939941
59	7	286	286	0.000202179
59	8	257	257	2.28882e-05
59	9	4326	4326	0.00110817
59	10	13	13	1.90735e-06
59	11	50256	50256	0
60	5	735	735	0.00550842
60	6	460	460	0.000513077
60	7	10199	10199	0.000947952
60	8	284	284	1.52588e-05
60	9	5044	5044	0.00122261
60	10	9230	9230	0.0031414
60	11	13	13	0
60	12	50256	50256	0
61	5	290	290	5.72205e-06
61	6	38467	38467	0.00643539
61	7	5594	5594	0.000709534
61	8	284	284	5.72205e-06
61	9	262	262	0.000905991
61	10	304	304	0.0101919
61	11	2724	2724	0.00461388
61	12	560	560	0.001194
61	13	6421	6421	0.00501442
61	14	13	13	1.90735e-06
61	15	50256	50256	0
62	5	13971	13971	0.00238991
62	6	9403	9403	0.0115337
62	7	42626	42626	0.000741959
62	8	3349	3349	0.00294113
62	9	739	739	0.00758743
62	10	11080	11080	0.00222015
62	11	3403	3403	0.00322342
62	12	13	13	0.000148773
62	13	50256	50256	0
63	5	7319	7319	0.00147057
63	6	16379	16379	0.000797272
63	7	13	13	0
63	8	50256	50256	0
64	5	47933	47933	0.000892639
64	6	832	832	0.000598907
64	7	257	257	0.000211716
64	8	8122	8122	0.00621414
64	9	13	13	0.00127792
64	10	50256	50256	0
65	5	2339	2339	0.00413513
65	6	8573	8573	0.00925255
65	7	326	326	6.10352e-05
65	8	1037	1037	0.00333786
65	9	606	606	0.00238228
65	10	7906	7906	0.00104332
65	11	832	832	0.00196457
65	12	262	262	0.000629425
65	13	1633	1633	0.00380135
65	14	13	13	0
65	15	50256	50256	0
66	5	262	262	0.000171661
66	6	5417	5417	0.00498962
66	7	832	832	0.00025177
66	8	257	257	0.00723457
66	9	25979	25979	0.000177383
66	10	287	287	0.000696182
66	11	10836	10836	0.00959015
66	12	13	13	0
66	13	50256	50256	0
67	5	286	286	9.53674e-06
67	6	7517	7517	0.00181961
67	7	11	11	0.00103569
67	8	319	319	0.00201416
67	9	262	262	0.000167847
67	10	5866	5866	0.000354767
67	11	406	406	0.002985
67	12	733	733	0.00769806
67	13	2959	2959	0.00646591
67	14	13	13	0.000801086
67	15	50256	50256	0
68	5	4778	4778	0.0266819
68	6	326	326	1.90735e-06
68	7	3031	3031	0.00118446
68	8	284	284	9.53674e-06
68	9	15938	15938	0.00161171
68	10	26306	26306	0.000988007
68	11	287	287	0.000377655
68	12	40333	40333	0.00159645
68	13	13	13	0
68	14	50256	50256	0
69	5	284	284	9.53674e-06
69	6	45075	45075	0.00152588
69	7	262	262	3.24249e-05
69	8	1271	1271	0.00034523
69	9	286	286	4.57764e-05
69	10	23235	23235	0.00883865
69	11	286	286	7.62939e-06
69	12	1123	1123	0.00225449
69	13	5002	5002	0.0088768
69	14	13	13	0
69	15	50256	50256	0
70	5	287	287	0.000387192
70	6	663	663	9.53674e-06
70	7	13179	13179	0.00469589
70	8	13	13	1.90735e-05
70	9	50256	50256	0
71	5	3623	3623	0.017127
71	6	11	11	0.000417709
71	7	8977	8977	0.00312042
71	8	11	11	0.000198364
71	9	290	290	1.33514e-05
71	10	3223	3223	0.0162487
71	11	2300	2300	0.00214005
71	12	1978	1978	0.00062561
71	13	287	287	1.33514e-05
71	14	27982	27982	0.00478363
71	15	13	13	3.8147e-06
71	16	50256	50256	0
72	5	11904	11904	0.00021553
72	6	832	832	0.000217438
72	7	2005	2005	0.0105457
72	8	83	83	0.0355597
72	9	654	654	0.0698032
72	10	393	393	0.00053215
72	11	584	584	8.39233e-05
72	12	7494	7494	0.00405693
72	13	876	876	0.0170612
72	14	8573	8573	0.0119247
72	15	13	13	0
72	16	50256	50256	0
73	5	5451	5451	0.00491524
73	6	3407	3407	0.00275612
73	7	262	262	0.000450134
73	8	25868	25868	0.00340271
73	9	5882	5882	0.0037384
73	10	1757	1757	0.00094223
73	11	7698	7698	0.000741959
73	12	13	13	0
73	13	50256	50256	0
74	5	351	351	0.000778198
74	6	7572	7572	0.00180817
74	7	286	286	5.72205e-06
74	8	4376	4376	0.00745583
74	9	22969	22969	0.00118446
74	10	13	13	0.000972748
74	11	50256	50256	0
75	5	24866	24866	0.0166206
75	6	284	284	3.62396e-05
75	7	257	257	0
75	8	2440	2440	0.000616074
75	9	11067	11067	0.00138474
75	10	7078	7078	0.000688553
75	11	13	13	5.72205e-05
75	12	50256	50256	0
76	5	13020	13020	0.00324821
76	6	34262	34262	5.72205e-05
76	7	422	422	0.00403595
76	8	257	257	1.71661e-05
76	9	8701	8701	0.0206432
76	10	13	13	0
76	11	50256	50256	0
77	5	2826	2826	0.00198364
77	6	351	351	0.00206947
77	7	663	663	0.000228882
77	8	1767	1767	0.000530243
77	9	4855	4855	0.002285
77	10	1022	1022	0.00028038
77	11	262	262	3.62396e-05
77	12	2137	2137	0.000843048
77	13	338	338	1.52588e-05
77	14	14475	14475	0.000581741
77	15	13	13	9.53674e-06
77	16	50256	50256	0
78	5	11061	11061	0.000835419
78	6	257	257	0
78	7	37327	37327	0.0133553
78	8	4645	4645	5.72205e-05
78	9	1900	1900	0.0705204
78	10	355	355	0.00103378
78	11	262	262	0
78	12	6124	6124	0.00228119
78	13	6391	6391	0.00161743
78	14	17180	17180	0.00535774
78	15	13	13	1.52588e-05
78	16	50256	50256	0
79	5	351	351	0.00167274
79	6	281	281	8.39233e-05
79	7	30690	30690	0.000907898
79	8	6082	6082	0.00132179
79	9	286	286	1.90735e-06
79	10	5186	5186	0.00107193
79	11	3877	3877	0.00164032
79	12	13	13	0
79	13	50256	50256	0
80	5	6342	6342	0.00285339
80	6	11	11	0.000125885
80	7	257	257	5.53131e-05
80	8	1748	1748	0.000627518
80	9	319	319	3.8147e-05
80	10	262	262	7.62939e-06
80	11	1001	1001	0.00598526
80	12	500	500	0.00663757
80	13	13	13	2.09808e-05
80	14	50256	50256	0
81	5	1141	1141	0.000720978
81	6	262	262	9.53674e-06
81	7	1110	1110	0.0163021
81	8	618	618	0.00022316
81	9	1956	1956	0.00408173
81	10	1175	1175	0.00584412
81	11	907	907	0.000761032
81	12	5443	5443	0.00124359
81	13	621	621	0.00237274
81	14	6716	6716	0.00531769
81	15	1660	1660	0.00025177
81	16	13	13	0
81	17	50256	50256	0
82	5	10157	10157	0.00118256
82	6	549	549	0.0113316
82	7	32653	32653	0.00618553
82	8	297	297	0.00562668
82	9	544	544	0.00583458
82	10	7813	7813	0.00186539
82	11	37834	37834	0.00106621
82	12	13	13	0
82	13	50256	50256	0
83	5	1271	1271	0.000709534
83	6	4249	4249	0.00216103
83	7	257	257	1.90735e-06
83	8	4633	4633	0.0112553
83	9	1271	1271	0.00154877
83	10	13	13	0.000427246
83	11	50256	50256	0
84	5	3139	3139	0.000827789
84	6	286	286	0.000144958
84	7	10836	10836	0.00352859
84	8	11	11	0.00088501
84	9	287	287	0.00104332
84	10	262	262	0.0872784
84	11	1499	1499	0.00111008
84	12	338	338	4.19617e-05
84	13	5093	5093	0.00215912
84	14	13	13	0
84	15	50256	50256	0
85	5	19812	19812	0.00476837
85	6	20775	20775	0.00356293
85	7	25730	25730	0.00581932
85	8	17628	17628	0.00341415
85	9	13	13	1.33514e-05
85	10	50256	50256	0
86	5	318	318	0.00292969
86	6	4635	4635	0.00164986
86	7	416	416	2.86102e-05
86	8	38797	38797	0.000944138
86	9	278	278	0.00323296
86	10	37624	37624	0.000741959
86	11	41266	41266	0.00444984
86	12	351	351	7.24792e-05
86	13	8268	8268	0.000494003
86	14	13	13	1.14441e-05
86	15	50256	50256	0
87	5	262	262	1.14441e-05
87	6	10359	10359	0.00240135
87	7	290	290	1.71661e-05
87	8	262	262	0.000207901
87	9	10329	10329	0.000238419
87	10	13	13	1.90735e-06
87	11	50256	50256	0
88	5	11685	11685	0.000844955
88	6	286	286	5.72205e-06
88	7	18190	18190	0.00209808
88	8	290	290	0.000139236
88	9	511	511	1.14441e-05
88	10	3585	3585	0.000684738
88	11	6116	6116	0.000263214
88	12	13	13	0.000247955
88	13	50256	50256	0
89	5	18044	18044	0.000751495
89	6	1633	1633	0.000862122
89	7	832	832	0.000289917
89	8	511	511	8.58307e-05
89	9	6611	6611	0.00268745
89	10	28439	28439	0.00579834
89	11	13	13	0
89	12	50256	50256	0
90	5	15061	15061	0.008255
90	6	36402	36402	0.00797462
90	7	286	286	0.000680923
90	8	257	257	0.000375748
90	9	19690	19690	0.000955582
90	10	5509	5509	0.0019722
90	11	13	13	0
90	12	50256	50256	0
91	5	11	11	0.00284767
91	6	1690	1690	0.000667572
91	7	41266	41266	0.0227509
91	8	393	393	0.00313377
91	9	2511	2511	0.0122147
91	10	680	680	0.00895691
91	11	11	11	0.002985
91	12	351	351	0.000108719
91	13	1622	1622	1.52588e-05
91	14	654	654	0.00278664
91	15	13	13	1.52588e-05
91	16	50256	50256	0
92	5	4104	4104	0.00741386
92	6	1088	1088	0.802631
92	7	17648	17648	0.0971746
92	8	290	290	7.62939e-06
92	9	832	832	0.00498581
92	10	28431	28431	0.0169392
92	11	13	13	0
92	12	50256	50256	0
93	5	257	257	1.71661e-05
93	6	2139	2139	0.00734711
93	7	3170	3170	0.00388145
93	8	319	319	0.000606537
93	9	262	262	0.000265121
93	10	5230	5230	0.000198364
93	11	2138	2138	0.00205231
93	12	621	621	0.00896072
93	13	257	257	1.14441e-05
93	14	6171	6171	0.0101566
93	15	5177	5177	0.00810432
93	16	329	329	0.00109482
93	17	262	262	0.000314713
93	18	5230	5230	0.000638962
93	19	13	13	1.71661e-05
93	20	50256	50256	0
94	5	6588	6588	0.0142097
94	6	17556	17556	0.0115528
94	7	326	326	1.14441e-05
94	8	5419	5419	0.000553131
94	9	8509	8509	0.000764847
94	10	15756	15756	0.00139618
94	11	4485	4485	0.000398636
94	12	13	13	0
94	13	50256	50256	0
95	5	11073	11073	0.00426483
95	6	281	281	2.28882e-05
95	7	772	772	0.00379562
95	8	18253	18253	0.00115776
95	9	13	13	1.90735e-06
95	10	50256	50256	0
96	5	318	318	0.00253868
96	6	262	262	0.000320435
96	7	1218	1218	0.00218391
96	8	13	13	1.90735e-06
96	9	50256	50256	0
97	5	262	262	1.90735e-06
97	6	20938	20938	0.000612259
97	7	7679	7679	0.00433159
97	8	1444	1444	9.53674e-05
97	9	262	262	9.34601e-05
97	10	14673	14673	0.00568008
97	11	22829	22829	0.000318527
97	12	13	13	0
97	13	50256	50256	0
98	5	6870	6870	0.00631714
98	6	8787	8787	0.00191307
98	7	1231	1231	0.00478935
98	8	38875	38875	0.0110435
98	9	1123	1123	0.00214958
98	10	4637	4637	0.00462151
98	11	257	257	3.24249e-05
98	12	4571	4571	0.00221252
98	13	13	13	0.000127792
98	14	50256	50256	0
99	5	2138	2138	0.00257683
99	6	621	621	0.00197601
99	7	1660	1660	0.000249863
99	8	11	11	2.86102e-05
99	9	287	287	0.0021801
99	10	511	511	0.000368118
99	11	1311	1311	0.00342941
99	12	862	862	0.00312424
99	13	13	13	0
99	14	50256	50256	0
100	5	1514	1514	0.0012989
100	6	3096	3096	0.00296211
100	7	468	468	0.000663757
100	8	43063	43063	0.00266075
100	9	3951	3951	0.0152206
100	10	287	287	0
100	11	1123	1123	0.00555038
100	12	4571	4571	0.00604439
100	13	13	13	0.000259399
100	14	50256	50256	0
101	5	48573	48573	0.00654602
101	6	6134	6134	0.00701332
101	7	16573	16573	0.0193577
101	8	284	284	4.3869e-05
101	9	1204	1204	0.00279045
101	10	11061	11061	0.00094986
101	11	32085	32085	0.0064888
101	12	729	729	0.00555992
101	13	13	13	0
101	14	50256	50256	0
102	5	9197	9197	0.0190315
102	6	8320	8320	0.00756454
102	7	689	689	0.00069046
102	8	772	772	0.00388908
102	9	611	611	0.00062561
102	10	663	663	2.47955e-05
102	11	2866	2866	0.00408936
102	12	14768	14768	0.00979996
102	13	6937	6937	0.00105286
102	14	13	13	0
102	15	50256	50256	0
103	5	1660	1660	0.00115967
103	6	40169	40169	0.00373077
103	7	379	379	0.00202942
103	8	257	257	0.000473022
103	9	2793	2793	0.000406265
103	10	5951	5951	0.00394058
103	11	13	13	0
103	12	50256	50256	0
104	5	262	262	5.72205e-06
104	6	23902	23902	0.0239773
104	7	23642	23642	0.0168228
104	8	16161	16161	0.00234795
104	9	1444	1444	0.000408173
104	10	262	262	0.000257492
104	11	34822	34822	0.00531387
104	12	6378	6378	0.000938416
104	13	13	13	0
104	14	50256	50256	0
105	5	1022	1022	0.000419617
105	6	4237	4237	0.0605259
105	7	290	290	8.01086e-05
105	8	3957	3957	0.000999451
105	9	393	393	7.82013e-05
105	10	6143	6143	0.000213623
105	11	21379	21379	0.00147629
105	12	13	13	3.8147e-06
105	13	50256	50256	0
106	5	262	262	0.000137329
106	6	22088	22088	0.00263786
106	7	291	291	0.054493
106	8	13061	13061	0.00379181
106	9	21072	21072	0.00133896
106	10	44921	44921	0.00271606
106	11	13	13	0
106	12	50256	50256	0
107	5	1660	1660	0.00162697
107	6	287	287	3.43323e-05
107	7	6546	6546	0.042017
107	8	2945	2945	0.123652
107	9	5667	5667	0.241234
107	10	11	318	9.80301
107	11	21552	21552	0.00395012
107	12	11	11	0.0525646
107	13	393	393	0.028759
107	14	11135	11135	0.00133705
107	15	13	13	7.62939e-06
107	16	50256	50256	0
108	5	7627	7627	0.00691223
108	6	904	904	0.00469398
108	7	656	656	3.8147e-06
108	8	262	262	1.14441e-05
108	9	10596	10596	0.00784302
108	10	10692	10692	0.000263214
108	11	13	13	4.57764e-05
108	12	50256	50256	0
109	5	262	262	7.43866e-05
109	6	16577	16577	0.00082016
109	7	15921	15921	0.00107956
109	8	286	286	0
109	9	257	257	1.71661e-05
109	10	14281	14281	0.0282269
109	11	17793	17793	0.000127792
109	12	13	13	0
109	13	50256	50256	0
110	5	41917	41917	0.0008564
110	6	9978	9978	0.00542068
110	7	326	326	2.67029e-05
110	8	460	460	0.000654221
110	9	3650	3650	0.00152969
110	10	290	290	8.39233e-05
110	11	21937	21937	0.00863838
110	12	24284	24284	0.00155449
110	13	17794	17794	0.001894
110	14	286	286	0
110	15	34573	34573	0.0331316
110	16	13	13	0
110	17	50256	50256	0
111	5	6591	6591	0.000457764
111	6	1080	1080	0.00149536
111	7	11	11	3.24249e-05
111	8	22721	22721	0.000574112
111	9	468	468	3.62396e-05
111	10	262	262	0.00182533
111	11	6000	6000	0.0028038
111	12	2347	2347	0.000333786
111	13	13	13	1.90735e-06
111	14	50256	50256	0
112	5	34616	34616	0.00387764
112	6	29120	29120	0.00100708
112	7	656	656	7.62939e-06
112	8	262	262	2.47955e-05
112	9	1402	1402	0.00362778
112	10	45426	45426	0.00504494
112	11	13	13	5.72205e-06
112	12	50256	50256	0
113	5	3625	3625	0.000850677
113	6	329	329	0.00339508
113	7	3356	3356	0.00774193
113	8	290	290	0.000654221
113	9	13017	13017	0.00134468
113	10	13	13	0
113	11	50256	50256	0
114	5	8122	8122	0.00224495
114	6	11	11	0.00951385
114	7	9472	9472	0.00461578
114	8	663	663	0.000141144
114	9	8434	8434	0.00453186
114	10	4755	4755	0.0118237
114	11	318	318	4.57764e-05
114	12	4735	4735	0.000379562
114	13	13	13	7.05719e-05
114	14	50256	50256	0
115	5	8802	8802	0.00601768
115	6	19079	19079	0.00152588
115	7	1998	1998	0.00349045
115	8	6697	6697	0.00146675
115	9	7028	7028	0.00103951
115	10	13	13	3.43323e-05
115	11	50256	50256	0
116	5	274	274	0.00097847
116	6	13617	13617	0.00162506
116	7	278	278	0.00154495
116	8	329	329	5.91278e-05
116	9	1103	1103	0.000471115
116	10	3146	3146	0.0120201
116	11	13	13	1.90735e-06
116	12	50256	50256	0
117	5	13204	13204	0.00157928
117	6	4991	4991	0.00167847
117	7	286	286	3.05176e-05
117	8	2877	2877	0.0146828
117	9	20296	20296	0.0037899
117	10	13	13	0.00492668
117	11	50256	50256	0
118	5	281	281	0.0168228
118	6	1633	1633	0.0190449
118	7	1014	1014	0.000911713
118	8	1022	1022	0.000150681
118	9	262	262	0.000108719
118	10	300	300	0.00265312
118	11	38621	38621	0.000795364
118	12	87	87	0.00436211
118	13	290	290	2.47955e-05
118	14	262	262	5.72205e-05
118	15	18443	18443	0.00143242
118	16	11072	11072	0.00817871
118	17	13	13	0
118	18	50256	50256	0
119	5	9460	9460	0.0125389
119	6	293	293	0.00661087
119	7	9280	9280	0.0037117
119	8	48556	48556	0.00226402
119	9	1321	1321	0.000385284
119	10	546	546	0.000469208
119	11	262	262	8.39233e-05
119	12	4067	4067	0.00417519
119	13	286	286	1.52588e-05
119	14	2057	2057	0.000541687
119	15	13	13	0
119	16	50256	50256	0
120	5	17522	17522	0.00435638
120	6	318	318	0.122551
120	7	5017	5017	0.00800514
120	8	351	351	9.15527e-05
120	9	16252	16252	0.00220299
120	10	13	13	5.34058e-05
120	11	50256	50256	0
121	5	257	257	2.09808e-05
121	6	2393	2393	0.00793076
121	7	338	338	1.90735e-06
121	8	5794	5794	0.0104313
121	9	11	11	0.000469208
121	10	475	475	0.000207901
121	11	340	340	2.47955e-05
121	12	857	857	0.0155945
121	13	407	407	0.000654221
121	14	9149	9149	0.0032692
121	15	326	326	9.53674e-05
121	16	5794	5794	0.00393105
121	17	13	13	2.67029e-05
121	18	50256	50256	0
122	5	262	262	0.000680923
122	6	3139	3139	7.62939e-06
122	7	286	286	5.72205e-06
122	8	21506	21506	0.000144958
122	9	287	287	0.00298882
122	10	3687	3687	0.0021019
122	11	5478	5478	0.000841141
122	12	13	13	0
122	13	50256	50256	0
123	5	16021	16021	0.00362206
123	6	11447	11447	0.00107765
123	7	10717	10717	0.00145912
123	8	1444	1444	0.000274658
123	9	257	257	0.000164032
123	10	9529	9529	0.00410271
123	11	528	528	0.0031929
123	12	462	462	0.00949097
123	13	13	13	0
123	14	50256	50256	0
124	5	866	866	0.00658226
124	6	2636	2636	0.00936508
124	7	20296	20296	0.0120201
124	8	290	290	0.000236511
124	9	48914	48914	0.00102997
124	10	20901	20901	0.000104904
124	11	832	832	2.28882e-05
124	12	30020	30020	0.00198936
124	13	13	13	0
124	14	50256	50256	0
125	5	82	82	0.00222206
125	6	262	262	1.90735e-06
125	7	2989	2989	0.00224304
125	8	16654	16654	0.0016613
125	9	287	287	2.09808e-05
125	10	257	257	1.33514e-05
125	11	23243	23243	0.00206566
125	12	8379	8379	0.00383949
125	13	13	13	0
125	14	50256	50256	0
126	5	3519	3519	0.00221062
126	6	1171	1171	0.00270271
126	7	290	290	3.62396e-05
126	8	2839	2839	0.00301361
126	9	8251	8251	0.000268936
126	10	13	13	0
126	11	50256	50256	0
127	5	318	318	0.000205994
127	6	1444	1444	4.19617e-05
127	7	32896	32896	0.00335503
127	8	14596	14596	0.000291824
127	9	13	13	0
127	10	50256	50256	0
128	5	925	925	0.0007267
128	6	7525	7525	0.00276756
128	7	422	422	0.00285149
128	8	15317	15317	0.00701523
128	9	290	290	0.0022831
128	10	31861	31861	0.000108719
128	11	13	13	0
128	12	50256	50256	0
129	5	257	257	0.00204086
129	6	7226	7226	0.0010376
129	7	21264	21264	0.00411987
129	8	36264	36264	0.00747681
129	9	36869	36869	0.00473022
129	10	21126	21126	0.00269699
129	11	7405	7405	0.00140953
129	12	290	290	1.90735e-06
129	13	14754	14754	0.00157356
129	14	663	663	6.86646e-05
129	15	7894	7894	0.00216293
129	16	13	13	1.90735e-06
129	17	50256	50256	0
130	5	290	290	0.000112534
130	6	17298	17298	0.00233269
130	7	287	287	0.000301361
130	8	262	262	3.8147e-06
130	9	7976	7976	0.00130844
130	10	2436	2436	0.00204468
130	11	26676	26676	0.000648499
130	12	13	13	0
130	13	50256	50256	0
131	5	389	389	0.0136242
131	6	262	262	5.72205e-06
131	7	717	717	7.62939e-05
131	8	9403	9403	0.0276995
131	9	5667	5667	0.0298758
131	10	286	286	9.91821e-05
131	11	257	257	0.0030365
131	12	4618	4618	0.00347328
131	13	39880	39880	0.0129757
131	14	13	13	1.90735e-06
131	15	50256	50256	0
132	5	4847	4847	0.00106239
132	6	287	287	4.57764e-05
132	7	5788	5788	0.00109673
132	8	416	416	0.00270081
132	9	17247	17247	0.00110435
132	10	7572	7572	0.00140572
132	11	286	286	0
132	12	37410	37410	0.0011425
132	13	3951	3951	0.0110817
132	14	13	13	0
132	15	50256	50256	0
133	5	7667	7667	0.00267029
133	6	8598	8598	0.000785828
133	7	16069	16069	0.00165749
133	8	13	13	1.33514e-05
133	9	50256	50256	0
134	5	9260	9260	0.00194168
134	6	1577	1577	0.00250816
134	7	262	262	4.00543e-05
134	8	5440	5440	0.00820541
134	9	663	663	4.3869e-05
134	10	14688	14688	0.000505447
134	11	680	680	0.00418091
134	12	5585	5585	0.000328064
134	13	13	13	0
134	14	50256	50256	0
135	5	389	389	0.000146866
135	6	1036	1036	0.00138664
135	7	515	515	0.00193024
135	8	284	284	3.43323e-05
135	9	787	787	0.000659943
135	10	257	257	0.000823975
135	11	279	279	0.0370846
135	12	2150	2150	0.0317307
135	13	298	298	0.0078373
135	14	1779	1779	0.0323048
135	15	3681	3681	0.02211
135	16	13	13	3.8147e-06
135	17	50256	50256	0
136	5	24830	24830	0.00196648
136	6	287	287	0.00466537
136	7	543	543	0.00816536
136	8	1123	1123	0.0058918
136	9	6194	6194	0.0027771
136	10	2391	2391	0.019146
136	11	6870	6870	0.000534058
136	12	530	530	0.000188828
136	13	44278	44278	0.0119648
136	14	415	415	0.00862312
136	15	393	393	0.000547409
136	16	48617	48617	0.00125122
136	17	13	13	0
136	18	50256	50256	0
137	5	3473	3473	0.00463295
137	6	5688	5688	0.0368137
137	7	286	286	0.000173569
137	8	12925	12925	0.00405884
137	9	5207	5207	0.00431824
137	10	286	286	0
137	11	1660	1660	0.00613594
137	12	4771	4771	0.288257
137	13	13	13	1.71661e-05
137	14	50256	50256	0
138	5	3825	3825	0.00798607
138	6	338	338	3.05176e-05
138	7	4755	4755	0.0044651
138	8	26161	26161	0.00203133
138	9	17669	17669	0.000440598
138	10	656	656	0
138	11	43142	43142	0.00133133
138	12	290	290	1.52588e-05
138	13	10050	10050	0.00339127
138	14	2568	2568	0.00255775
138	15	13	13	0
138	16	50256	50256	0
139	5	3881	3881	0.00277901
139	6	326	326	0.000303268
139	7	460	460	0.000364304
139	8	47577	47577	0.000770569
139	9	6364	6364	0.000846863
139	10	625	625	0.000772476
139	11	41917	41917	0.0026741
139	12	1661	1661	0.0109024
139	13	66	66	0.00494194
139	14	2040	2040	0.00207901
139	15	13	13	3.8147e-06
139	16	50256	50256	0
140	5	286	286	0.000291824
140	6	28722	28722	0.000415802
140	7	287	287	1.14441e-05
140	8	257	257	0
140	9	5931	5931	8.01086e-05
140	10	6317	6317	0.00127792
140	11	13	13	0
140	12	50256	50256	0
141	5	5002	5002	0.0015316
141	6	326	326	0.0340004
141	7	318	318	0.00437737
141	8	8122	8122	0.00411606
141	9	379	379	4.76837e-05
141	10	8850	8850	0.00448418
141	11	2119	2119	0.000827789
141	12	5951	5951	0.00647736
141	13	13	13	5.72205e-06
141	14	50256	50256	0
142	5	284	284	4.3869e-05
142	6	22792	22792	0.00415039
142	7	962	962	0.00258636
142	8	2763	2763	0.0110798
142	9	403	403	0.00662422
142	10	338	338	1.90735e-06
142	11	22234	22234	0.00312424
142	12	287	287	0.000169754
142	13	36094	36094	0.000658035
142	14	13	13	0
142	15	50256	50256	0
143	5	38467	38467	0.0132065
143	6	1296	1296	4.19617e-05
143	7	1969	1969	0.000408173
143	8	15814	15814	0.00169754
143	9	351	351	0.00120544
143	10	262	262	5.72205e-06
143	11	11135	11135	0.0042038
143	12	286	286	9.53674e-06
143	13	6134	6134	0.0013752
143	14	13	13	1.14441e-05
143	15	50256	50256	0
144	5	262	262	0.000837326
144	6	39522	39522	0.0038414
144	7	286	286	1.90735e-06
144	8	1568	1568	0.00333214
144	9	4795	4795	0.00279045
144	10	10752	10752	0.00123596
144	11	12153	12153	0.00162125
144	12	274	274	0.00352859
144	13	13	13	2.09808e-05
144	14	50256	50256	0
145	5	319	319	0.00129318
145	6	2995	2995	0.00469589
145	7	1141	1141	0.00043869
145	8	262	262	5.14984e-05
145	9	44695	44695	0.00197792
145	10	1810	1810	0.000209808
145	11	13	13	0.000183105
145	12	50256	50256	0
146	5	48440	48440	0.00151253
146	6	11904	11904	0.000335693
146	7	973	973	0.00700951
146	8	355	355	0.00251007
146	9	257	257	2.67029e-05
146	10	25721	25721	0.00357628
146	11	13	13	0
146	12	50256	50256	0
147	5	319	319	0.0086689
147	6	46376	46376	0.0191526
147	7	11	11	5.14984e-05
147	8	16083	16083	0.17424
147	9	981	981	8.58307e-05
147	10	262	262	1.71661e-05
147	11	46376	46376	0.00773239
147	12	318	318	9.15527e-05
147	13	9583	9583	0.0028286
147	14	13	13	6.10352e-05
147	15	50256	50256	0
148	5	9779	9779	0.00480461
148	6	318	318	0.00333786
148	7	257	257	1.14441e-05
148	8	7446	7446	0.000160217
148	9	8379	8379	0.00133705
148	10	326	326	0.000909805
148	11	22625	22625	0.000141144
148	12	284	284	4.19617e-05
148	13	257	257	7.62939e-06
148	14	10345	10345	0.0025959
148	15	1720	1720	0.00149918
148	16	13	13	1.71661e-05
148	17	50256	50256	0
149	5	1254	1254	0.0168447
149	6	3463	3463	0.00329018
149	7	1203	1203	0.0329208
149	8	780	780	0.000917435
149	9	484	484	0.00103951
149	10	290	290	0.000137329
149	11	511	511	0.000518799
149	12	16807	16807	0.00576973
149	13	389	389	0.00144196
149	14	17282	17282	0.00899696
149	15	7463	7463	0.0233727
149	16	1978	1978	0.00796127
149	17	13	13	1.90735e-06
149	18	50256	50256	0
150	5	262	262	4.3869e-05
150	6	6697	6697	0.00190163
150	7	4571	4571	0.00317001
150	8	422	422	0.00030899
150	9	749	749	0.00160217
150	10	584	584	0.00167465
150	11	14705	14705	0.00613213
150	12	287	287	1.52588e-05
150	13	674	674	0.00104523
150	14	6591	6591	0.000278473
150	15	1080	1080	0.000495911
150	16	13	13	0
150	17	50256	50256	0
151	5	287	287	0.000123978
151	6	10598	10598	0.00317383
151	7	287	287	2.67029e-05
151	8	5846	5846	0.0057621
151	9	37078	37078	0.00128937
151	10	13	13	0
151	11	50256	50256	0
152	5	9505	9505	0.00182915
152	6	379	379	0.0032444
152	7	262	262	1.71661e-05
152	8	5645	5645	0.000593185
152	9	286	286	8.96454e-05
152	10	11945	11945	0.00104141
152	11	287	287	7.05719e-05
152	12	867	867	0.0161285
152	13	24039	24039	0.000209808
152	14	13	13	1.90735e-06
152	15	50256	50256	0
153	5	3106	3106	0.00720596
153	6	36186	36186	0.00263786
153	7	326	326	0.00302887
153	8	4909	4909	0.00315285
153	9	6588	6588	0.037138
153	10	13	13	0.00218964
153	11	50256	50256	0
154	5	2630	2630	0.00398636
154	6	262	262	0.000337601
154	7	711	711	0.00600624
154	8	1900	1900	0.00144768
154	9	355	355	0.000640869
154	10	383	383	0.000747681
154	11	23165	23165	0.004776
154	12	1471	1471	0.00144386
154	13	30215	30215	0.000169754
154	14	13	13	1.33514e-05
154	15	50256	50256	0
155	5	1497	1497	0.00202179
155	6	422	422	0.0154858
155	7	262	262	5.14984e-05
155	8	2612	2612	0.00481606
155	9	11	11	1.71661e-05
155	10	7692	7692	0.00737953
155	11	286	286	0.000146866
155	12	663	663	0.000886917
155	13	11863	11863	0.020668
155	14	2695	2695	0.0107346
155	15	13	13	4.3869e-05
155	16	50256	50256	0
156	5	21718	21718	0.00482368
156	6	6296	6296	0.0044899
156	7	1474	1474	0.000770569
156	8	6342	6342	0.00451279
156	9	287	287	5.72205e-06
156	10	4881	4881	0.000402451
156	11	13	13	0.000127792
156	12	50256	50256	0
157	5	257	257	0.00012207
157	6	2060	2060	0.00562286
157	7	19078	19078	0.0123215
157	8	1143	1143	0.00664902
157	9	5935	5935	0.000810623
157	10	326	326	0.000114441
157	11	36319	36319	0.00270653
157	12	656	656	4.19617e-05
157	13	4553	4553	0.000822067
157	14	39966	39966	0.00674057
157	15	13	13	0
157	16	50256	50256	0
158	5	257	257	0.00177765
158	6	4553	4553	0.0314913
158	7	13239	13239	0.00822639
158	8	422	422	8.01086e-05
158	9	6134	6134	0.0024395
158	10	290	290	0.000349045
158	11	4695	4695	0.00028038
158	12	13	13	0
158	13	50256	50256	0
159	5	881	881	0.000461578
159	6	286	286	5.72205e-06
159	7	21673	21673	0.00385475
159	8	338	338	0.000259399
159	9	6156	6156	0.00103951
159	10	26898	26898	0.00340843
159	11	4417	4417	0.00801086
159	12	13	13	0
159	13	50256	50256	0
160	5	262	262	3.8147e-06
160	6	1180	1180	0.00233841
160	7	4069	4069	0.000852585
160	8	286	286	8.58307e-05
160	9	3056	3056	0.000495911
160	10	290	290	1.90735e-06
160	11	1660	1660	8.96454e-05
160	12	319	319	0.000417709
160	13	7815	7815	0.00289154
160	14	13	13	0.00240326
160	15	50256	50256	6.48499e-05
161	5	11	11	0.000484467
161	6	262	262	0.000135422
161	7	3825	3825	0.00916862
161	8	24234	24234	0.0023632
161	9	262	262	0.000291824
161	10	33258	33258	0.00151634
161	11	1602	1602	0.00283623
161	12	1352	1352	0.00337982
161	13	13	13	0
161	14	50256	50256	0
162	5	45656	45656	0.00382614
162	6	621	621	0.000638962
162	7	7424	7424	0.0019207
162	8	2266	2266	0.000104904
162	9	1657	1657	0.000337601
162	10	13	13	1.90735e-06
162	11	50256	50256	0
163	5	925	925	0.000205994
163	6	510	510	0.00309181
163	7	286	286	0
163	8	30362	30362	0.0114555
163	9	16057	16057	0.00447655
163	10	68	68	0.00540543
163	11	13	13	9.53674e-06
163	12	50256	50256	0
164	5	3356	3356	0.00868607
164	6	286	286	1.90735e-05
164	7	15938	15938	0.00966835
164	8	656	656	4.3869e-05
164	9	290	290	0.000347137
164	10	503	503	0.00079155
164	11	286	286	2.67029e-05
164	12	257	257	0.000114441
164	13	2685	2685	0.159485
164	14	13	13	0.000349045
164	15	50256	50256	0
165	5	5732	5732	0.000682831
165	6	351	351	0.00227928
165	7	262	262	1.90735e-06
165	8	6616	6616	0.0020771
165	9	286	286	3.8147e-06
165	10	663	663	5.72205e-06
165	11	2866	2866	0.00378418
165	12	287	287	4.76837e-05
165	13	15993	15993	0.00680161
165	14	12933	12933	0.00205994
165	15	13	13	5.91278e-05
165	16	50256	50256	0
166	5	286	286	0.00015831
166	6	15317	15317	0.0176392
166	7	290	290	3.8147e-06
166	8	19783	19783	0.00258255
166	9	13	13	0
166	10	50256	50256	0
167	5	5366	5366	0.00119209
167	6	286	286	3.8147e-06
167	7	262	262	0.0205822
167	8	7022	7022	0.00748444
167	9	286	286	0.000377655
167	10	347	347	0.0067997
167	11	8553	8553	0.0164051
167	12	78	78	0.000398636
167	13	13	13	0
167	14	50256	50256	0
168	5	286	286	0.000114441
168	6	5186	5186	0.00212669
168	7	3877	3877	0.000444412
168	8	13	13	0
168	9	50256	50256	0
169	5	1768	1768	0.0114326
169	6	3994	3994	0.00489426
169	7	262	262	3.8147e-05
169	8	13204	13204	0.00749207
169	9	7532	7532	0.00339317
169	10	41927	41927	0.00865936
169	11	10680	10680	0.00094223
169	12	13	13	0
169	13	50256	50256	0
170	5	3139	3139	0.000640869
170	6	286	286	2.47955e-05
170	7	29638	29638	0.00455856
170	8	11	11	0.000623703
170	9	2138	2138	0.047678
170	10	621	621	0.00479317
170	11	11294	11294	0.000432968
170	12	23117	23117	0.00107002
170	13	42124	42124	0.000593185
170	14	13	13	1.90735e-06
170	15	50256	50256	0
171	5	338	338	0.000305176
171	6	383	383	0.00784874
171	7	9467	9467	0.0134163
171	8	13274	13274	5.72205e-05
171	9	286	286	1.90735e-05
171	10	14059	14059	0.00365829
171	11	3407	3407	0.014101
171	12	24203	24203	0.0046196
171	13	29906	29906	0.00123405
171	14	13	13	0
171	15	50256	50256	0
172	5	12	12	0.00034523
172	6	2164	2164	0.00373268
172	7	1328	1328	0.00188065
172	8	31513	31513	0.0343876
172	9	3881	3881	0.0184841
172	10	2219	2219	0.00104332
172	11	287	287	0.000909805
172	12	9151	9151	0.000469208
172	13	291	291	0.0169353
172	14	20048	20048	0.0057621
172	15	13	13	0
172	16	50256	50256	0
173	5	1115	1115	0.00645828
173	6	11954	11954	0.00110054
173	7	11	11	2.86102e-05
173	8	734	734	0.0113926
173	9	8901	8901	0.0125198
173	10	2910	2910	0.0049324
173	11	832	832	6.29425e-05
173	12	663	663	3.05176e-05
173	13	308	308	0.000833511
173	14	2171	2171	0.000211716
173	15	13	13	0
173	16	50256	50256	0
174	5	12278	12278	0.00174332
174	6	17655	17655	0.00840759
174	7	1626	1626	0.00547028
174	8	15114	15114	0.00469208
174	9	393	393	5.34058e-05
174	10	1022	1022	9.72748e-05
174	11	257	257	4.19617e-05
174	12	6279	6279	0.00253296
174	13	290	290	0.000169754
174	14	262	262	3.8147e-05
174	15	2323	2323	0.00292778
174	16	13	13	0
174	17	50256	50256	0
175	5	39526	39526	0.00597191
175	6	2877	2877	0.00141525
175	7	351	351	0.000843048
175	8	257	257	1.90735e-06
175	9	5205	5205	0.00712585
175	10	33567	33567	0.00158119
175	11	6587	6587	0.00395775
175	12	5212	5212	0.000335693
175	13	13	13	0
175	14	50256	50256	0
176	5	262	262	0.00564957
176	6	4376	4376	0.00358009
176	7	3006	3006	0.0577717
176	8	286	286	4.95911e-05
176	9	257	257	0.000749588
176	10	23470	23470	0.0105877
176	11	2512	2512	0.000957489
176	12	3328	3328	0.0016346
176	13	16882	16882	0.000753403
176	14	13	13	0
176	15	50256	50256	0
177	5	9417	9417	0.00303078
177	6	9136	9136	0.00100136
177	7	6492	6492	0.0128307
177	8	422	422	0.000310898
177	9	1728	1728	0.0197315
177	10	2266	2266	0.00166893
177	11	33773	2266	0.766123
177	12	13	13	1.90735e-06
177	13	50256	50256	0
178	5	7411	7411	0.0212593
178	6	6953	6953	0.0134516
178	7	11	11	2.67029e-05
178	8	11863	11863	0.0102959
178	9	11	11	3.8147e-05
178	10	290	290	5.14984e-05
178	11	1660	1660	0.00361824
178	12	13	13	3.8147e-06
178	13	50256	50256	0
179	5	1277	1277	0.000926971
179	6	511	511	0.0251637
179	7	734	734	0.00766182
179	8	2951	2951	0.00240326
179	9	14799	14799	0.00511742
179	10	981	981	0.00206375
179	11	21976	21976	0.000652313
179	12	511	511	0.00128174
179	13	21334	21334	0.00437355
179	14	13	13	1.90735e-06
179	15	50256	50256	0
180	5	11	11	0.000471115
180	6	2138	2138	0.00100136
180	7	621	621	0.00458717
180	8	2458	2458	0.00121117
180	9	287	287	0.506716
180	10	663	663	0.0169888
180	11	5253	5253	0.0086956
180	12	422	422	0.00256538
180	13	262	262	2.28882e-05
180	14	3825	3825	0.00129128
180	15	11	11	0.00269127
180	16	5640	5640	0.00186157
180	17	262	262	0.00028801
180	18	7028	7028	0.00211906
180	19	13	13	0
180	20	50256	50256	0
181	5	8064	8064	9.15527e-05
181	6	286	286	0.000204086
181	7	257	257	0.000253677
181	8	48862	48862	0.00425339
181	9	485	485	0.001894
181	10	272	272	0.00297928
181	11	9197	9197	0.00211716
181	12	338	338	0.00110054
181	13	38447	38447	0.00550842
181	14	284	284	4.00543e-05
181	15	663	663	0.000120163
181	16	14753	14753	0.000972748
181	17	13	13	3.8147e-06
181	18	50256	50256	0
182	5	874	874	0.00363922
182	6	287	287	0.000112534
182	7	262	262	6.86646e-05
182	8	8434	8434	0.000667572
182	9	1027	1027	0.00069046
182	10	1037	1037	0.000501633
182	11	4886	4886	0.0084877
182	12	13179	13179	0.007761
182	13	286	286	1.52588e-05
182	14	262	262	0.000263214
182	15	1182	1182	0.0604935
182	16	13	13	0
182	17	50256	50256	0
183	5	1262	1262	0.0670128
183	6	14091	14091	0.000530243
183	7	7572	7572	0.00396156
183	8	319	319	0.000339508
183	9	24012	24012	0.000709534
183	10	458	458	0.00240135
183	11	34387	34387	0.000444412
183	12	13	13	0
183	13	50256	50256	0
184	5	3463	3463	0.00276375
184	6	318	318	0.00503159
184	7	262	262	0.000328064
184	8	29973	29973	0.00621033
184	9	2700	2700	0.00442886
184	10	7205	7205	0.00464249
184	11	319	319	0.000133514
184	12	281	281	0.00109291
184	13	2134	2134	0.000404358
184	14	13	13	1.90735e-06
184	15	50256	50256	0
185	5	7475	7475	0.000112534
185	6	11	11	5.34058e-05
185	7	355	355	0.00115776
185	8	618	618	0.000543594
185	9	466	466	0.00304794
185	10	407	407	0.000303268
185	11	4329	4329	0.00149727
185	12	836	836	0.000492096
185	13	470	470	0.00100136
185	14	13	13	0
185	15	50256	50256	3.8147e-06
186	5	19700	19700	0.00131226
186	6	6588	6588	0.00110626
186	7	378	378	0.00245476
186	8	21622	21622	0.0028801
186	9	13	13	1.33514e-05
186	10	50256	50256	0
187	5	18405	18405	0.00491524
187	6	284	284	0
187	7	2222	2222	0.00398064
187	8	15619	15619	8.58307e-05
187	9	1657	1657	0.000606537
187	10	284	284	3.43323e-05
187	11	257	257	0.00663757
187	12	2962	2962	0.00198746
187	13	13	13	1.14441e-05
187	14	50256	50256	0
188	5	14310	14310	0.000812531
188	6	287	287	2.09808e-05
188	7	8122	8122	0.0188122
188	8	284	284	0.00393295
188	9	7603	7603	0.000375748
188	10	1771	1771	0.00123405
188	11	257	257	0.000234604
188	12	4417	4417	0.00167656
188	13	318	318	0.00109482
188	14	1241	1241	0.00527382
188	15	13	13	0
188	16	50256	50256	0
189	5	262	262	0.000238419
189	6	19517	19517	0.00636482
189	7	6896	6896	0.00129509
189	8	351	351	0.000146866
189	9	262	262	0
189	10	2297	2297	0.0263271
189	11	6896	6896	0.000328064
189	12	13	13	2.28882e-05
189	13	50256	50256	0
190	5	269	269	0.00158501
190	6	8325	8325	0.00247192
190	7	298	298	0.0020237
190	8	13100	13100	0.00156212
190	9	290	290	2.86102e-05
190	10	318	318	0.0011673
190	11	4318	4318	0.00650406
190	12	284	284	0.000213623
190	13	10469	10469	0.00856018
190	14	16585	16585	0.00146484
190	15	13	13	0
190	16	50256	50256	0
191	5	3793	3793	0.00131798
191	6	284	284	2.28882e-05
191	7	9161	9161	0.00202942
191	8	1613	1613	0.000980377
191	9	1692	1692	0.00356483
191	10	14515	14515	0.00141907
191	11	13	13	0
191	12	50256	50256	0
192	5	15715	15715	0.00267792
192	6	621	621	0.001091
192	7	8122	8122	0.000677109
192	8	1660	1660	0.000652313
192	9	11	11	2.28882e-05
192	10	523	523	0.0118294
192	11	340	340	0.000976562
192	12	36016	36016	0.00447655
192	13	13	13	1.90735e-06
192	14	50256	50256	0
193	5	9518	9518	0.00723076
193	6	11447	11447	0.00163078
193	7	10717	10717	0.00174904
193	8	13	13	0
193	9	50256	50256	0
194	5	656	656	3.8147e-05
194	6	257	257	8.39233e-05
194	7	4735	4735	0.000526428
194	8	13	13	0
194	9	50256	50256	0
195	5	262	262	8.01086e-05
195	6	779	779	0.00705528
195	7	286	286	0.0001297
195	8	1657	1657	0.00084877
195	9	290	290	0.000228882
195	10	9082	9082	0.00232315
195	11	287	287	0.000181198
195	12	5874	5874	0.000696182
195	13	1242	1242	0.0139904
195	14	13	13	5.72205e-06
195	15	50256	50256	0
196	5	6115	6115	0.00752831
196	6	355	355	0.000127792
196	7	257	257	1.52588e-05
196	8	27216	27216	0.00769329
196	9	875	875	0.0023098
196	10	16912	16912	0.000396729
196	11	13	13	9.53674e-06
196	12	50256	50256	0
197	5	373	373	0.00467873
197	6	257	257	2.28882e-05
197	7	4960	4960	0.00363159
197	8	6761	6761	0.00128174
197	9	286	286	7.62939e-06
197	10	21641	21641	0.0125427
197	11	290	290	1.90735e-06
197	12	4898	4898	0.00454712
197	13	9967	9967	0.00177002
197	14	20842	20842	0.000167847
197	15	13	13	0
197	16	50256	50256	0
198	5	290	290	1.90735e-05
198	6	2314	2314	0.00094223
198	7	47933	47933	3.62396e-05
198	8	832	832	0.000408173
198	9	257	257	2.86102e-05
198	10	2818	2818	0.00138283
198	11	17076	17076	0.00791931
198	12	13	13	0
198	13	50256	50256	0
199	5	11945	11945	0.00113678
199	6	1978	1978	0.0019207
199	7	379	379	0.000774384
199	8	867	867	0.00212669
199	9	24039	24039	0.00126457
199	10	13	13	1.90735e-06
199	11	50256	50256	0
200	5	1022	1022	0.00326538
200	6	262	262	1.33514e-05
200	7	37015	37015	0.00257874
200	8	286	286	9.53674e-05
200	9	8706	8706	0.00182533
200	10	290	290	4.76837e-05
200	11	22721	22721	0.000646591
200	12	13	13	0
200	13	50256	50256	0
201	5	8850	8850	0.000171661
201	6	5405	5405	0.00362206
201	7	621	621	0.00161171
201	8	832	832	0.00560188
201	9	257	257	5.72205e-06
201	10	17076	17076	0.00645828
201	11	13	13	0
201	12	50256	50256	0
202	5	257	257	2.28882e-05
202	6	20831	20831	0.000314713
202	7	15283	15283	0.00366211
202	8	9290	9290	0.00282097
202	9	4143	4143	0.00949287
202	10	12073	12073	0.00519943
202	11	663	663	0.000150681
202	12	3833	3833	6.67572e-05
202	13	13	13	2.28882e-05
202	14	50256	50256	0
203	5	44653	44653	0.00109482
203	6	389	389	0.00122261
203	7	34262	34262	0.00739861
203	8	878	878	0.00548363
203	9	511	511	0.000211716
203	10	15061	15061	0.0207977
203	11	36402	36402	0.00896931
203	12	1280	1280	0.000629425
203	13	13	13	0
203	14	50256	50256	0
204	5	329	329	0.00256348
204	6	262	262	0.000171661
204	7	3491	3491	0.00566483
204	8	12	12	0.000486374
204	9	16760	16760	0.000423431
204	10	13888	13888	0.0126143
204	11	286	286	1.52588e-05
204	12	663	663	4.00543e-05
204	13	8234	8234	0.00820065
204	14	17894	17894	0.00100899
204	15	13	13	0
204	16	50256	50256	0
205	5	10396	10396	0.0129662
205	6	12610	12610	0.0148125
205	7	6143	6143	0.000488281
205	8	27452	27452	0.0218353
205	9	1321	1321	0.0191612
205	10	1231	1231	0.00252151
205	11	12948	12948	0.00368881
205	12	1176	1176	0.00257874
205	13	13	13	0
205	14	50256	50256	0
206	5	12091	12091	0.00533676
206	6	21566	21566	0.00886917
206	7	260	260	0.00290871
206	8	739	739	0.0195217
206	9	262	262	7.43866e-05
206	10	3112	3112	0.00607872
206	11	1438	1438	0.00325203
206	12	4424	4424	0.000902176
206	13	11751	11751	0.00159264
206	14	7459	7459	0.00148773
206	15	13	13	0
206	16	50256	50256	0
207	5	1863	1863	0.000734329
207	6	262	262	6.48499e-05
207	7	8830	8830	0.0152359
207	8	1735	1735	0.0135136
207	9	286	286	2.09808e-05
207	10	2520	2520	0.00415993
207	11	2253	2253	0.00175095
207	12	13	13	2.09808e-05
207	13	50256	50256	0
208	5	257	257	7.62939e-06
208	6	31607	31607	0.00564003
208	7	8122	8122	0.00140381
208	8	5732	5732	0.000862122
208	9	351	351	0.00426674
208	10	6795	6795	0.000366211
208	11	13	13	3.8147e-06
208	12	50256	50256	0
209	5	3139	3139	0.000167847
209	6	1748	1748	0.000492096
209	7	286	286	1.90735e-06
209	8	16519	16519	0.00352287
209	9	13	13	2.47955e-05
209	10	50256	50256	1.90735e-06
210	5	379	379	5.72205e-05
210	6	262	262	0.00247192
210	7	3641	3641	0.000614166
210	8	286	286	0.00112724
210	9	674	674	0.00921059
210	10	6591	6591	0.000999451
210	11	1080	1080	0.00345612
210	12	13	13	3.8147e-06
210	13	50256	50256	0
211	5	4025	4025	0.083127
211	6	2010	2010	0.00755882
211	7	2700	2700	0.000240326
211	8	11073	11073	0.00094223
211	9	257	257	2.86102e-05
211	10	4025	4025	0.0122948
211	11	20309	20309	0.0137024
211	12	13	13	3.24249e-05
211	13	50256	50256	0
212	5	4656	4656	0.00845337
212	6	468	468	0.000421524
212	7	6697	6697	0.00195503
212	8	6698	6698	0.000671387
212	9	3025	3025	0.000667572
212	10	3815	3815	0.00094223
212	11	751	751	0.038415
212	12	284	284	5.72205e-06
212	13	3598	3598	0.00113678
212	14	13	13	1.90735e-06
212	15	50256	50256	0
213	5	262	262	0.000240326
213	6	1138	1138	0.00585556
213	7	37670	37670	0.00423622
213	8	1042	1042	0.00205612
213	9	286	286	0
213	10	30498	30498	0.00105667
213	11	13	13	2.09808e-05
213	12	50256	50256	0
214	5	16662	16662	0.000295639
214	6	284	284	5.72205e-06
214	7	24949	24949	0.00354195
214	8	290	290	1.90735e-06
214	9	28436	28436	0.0019989
214	10	2057	2057	0.000585556
214	11	13	13	1.90735e-06
214	12	50256	50256	0
215	5	4257	4257	0.00268173
215	6	9106	9106	0.00277328
215	7	316	316	0.00291252
215	8	16982	16982	0.0051918
215	9	4879	4879	0.00104141
215	10	286	286	3.8147e-06
215	11	9403	9403	0.00331879
215	12	6134	6134	0.000112534
215	13	13	13	0.000173569
215	14	50256	50256	0
216	5	318	318	8.2016e-05
216	6	262	262	0.00133324
216	7	4417	4417	0.0188885
216	8	4067	4067	0.00185585
216	9	3264	3264	0.000331879
216	10	2029	2029	0.00101852
216	11	663	663	0.000623703
216	12	2962	2962	0.00863075
216	13	13	13	0
216	14	50256	50256	0
217	5	318	318	0.006567
217	6	9086	9086	0.000318527
217	7	1022	1022	0.0047493
217	8	16256	16256	0.0252628
217	9	290	290	0.000232697
217	10	46117	46117	0.00317574
217	11	968	968	0.00603676
217	12	22777	22777	0.00219154
217	13	13	13	0
217	14	50256	50256	1.90735e-06
218	5	981	981	0.000261307
218	6	8868	8868	0.00279045
218	7	23822	23822	0.00108337
218	8	1022	1022	3.05176e-05
218	9	606	606	0.0010128
218	10	13	13	0
218	11	50256	50256	0
219	5	8811	8811	0.00837708
219	6	925	925	0.000476837
219	7	422	422	3.8147e-05
219	8	22365	22365	0.00278854
219	9	388	388	0.00343323
219	10	17135	17135	0.00486565
219	11	5026	5026	0.00189781
219	12	47196	47196	0.00127029
219	13	13	13	1.90735e-06
219	14	50256	50256	0
220	5	780	780	0.00143433
220	6	484	484	0.000999451
220	7	389	389	6.10352e-05
220	8	19346	19346	3.05176e-05
220	9	621	621	0.00241661
220	10	262	262	0.000150681
220	11	7346	7346	0.00620079
220	12	6591	6591	0.00310898
220	13	4417	4417	0.0024147
220	14	13	13	0
220	15	50256	50256	0
221	5	262	262	0.000230789
221	6	8434	8434	0.00724602
221	7	21405	21405	0.00527382
221	8	286	286	7.05719e-05
221	9	1728	1728	0.0192547
221	10	7150	7150	0.000713348
221	11	13	13	0
221	12	50256	50256	0
222	5	2187	2187	0.0120659
222	6	287	287	1.14441e-05
222	7	10801	10801	0.00342751
222	8	290	290	7.62939e-06
222	9	12070	12070	0.00365639
222	10	284	284	9.34601e-05
222	11	4439	4439	0.00409889
222	12	3056	3056	0.00331497
222	13	13	13	0.0001297
222	14	50256	50256	0
223	5	395	395	0.00319862
223	6	563	563	0.00235176
223	7	28539	28539	0.00423431
223	8	2995	2995	0.00175476
223	9	7346	7346	0.00115585
223	10	262	262	5.72205e-06
223	11	19636	19636	0.00326157
223	12	29179	29179	0.00413322
223	13	286	286	0.000703812
223	14	4492	4492	0.0173302
223	15	13	13	0
223	16	50256	50256	0
224	5	9565	9565	0.00244141
224	6	832	832	0.00174522
224	7	35115	35115	9.72748e-05
224	8	13	13	0
224	9	50256	50256	0
225	5	16824	16824	0.00180244
225	6	262	262	0.000246048
225	7	2159	2159	0.00266075
225	8	287	287	1.14441e-05
225	9	412	412	0.0142956
225	10	14400	14400	0.0079155
225	11	12579	12579	0.000827789
225	12	5679	5679	0.00603867
225	13	1380	1380	0.001091
225	14	576	576	0.00717926
225	15	292	292	0.00569534
225	16	376	376	0.0015583
225	17	10332	10332	0.00079155
225	18	13	13	0
225	19	50256	50256	0
226	5	257	257	0.00397873
226	6	3288	3288	0.00134277
226	7	18645	18645	0.00253487
226	8	1022	1022	0.000623703
226	9	4881	4881	0.00293922
226	10	290	290	0.000183105
226	11	8602	8602	0.0194435
226	12	13	13	0
226	13	50256	50256	0
227	5	1296	1296	0.00362206
227	6	618	618	7.62939e-06
227	7	27163	27163	0.00453758
227	8	13166	13166	0.00219727
227	9	1716	1716	0.00324249
227	10	16001	16001	0.00132942
227	11	276	276	0.00111771
227	12	290	290	0
227	13	20534	20534	0.00167847
227	14	276	276	0.00153351
227	15	1978	1978	0.00243759
227	16	13	13	0
227	17	50256	50256	0
228	5	5931	5931	0.000782013
228	6	4847	4847	0.000671387
228	7	287	287	0.000213623
228	8	1502	1502	0.0097847
228	9	286	286	0.000909805
228	10	3649	3649	0.012392
228	11	17226	17226	0.00923157
228	12	1271	1271	0.00160217
228	13	13	13	1.90735e-06
228	14	50256	50256	0
229	5	1141	1141	0.00268555
229	6	262	262	0
229	7	3227	3227	0.00678062
229	8	286	286	1.71661e-05
229	9	18391	18391	0.00158691
229	10	4778	4778	0.000757217
229	11	13	13	1.90735e-06
229	12	50256	50256	0
230	5	5931	5931	0.00634193
230	6	33543	33543	0.00186348
230	7	290	290	0.000774384
230	8	6149	6149	0.00394249
230	9	5387	5387	0.00809288
230	10	15121	15121	0.0018425
230	11	8573	8573	0.00325012
230	12	13	13	1.90735e-05
230	13	50256	50256	0
231	5	287	287	9.72748e-05
231	6	281	281	0.00012207
231	7	26433	26433	0.00686836
231	8	338	338	4.76837e-05
231	9	7446	7446	0.00592041
231	10	8379	8379	0.0041275
231	11	13	13	3.05176e-05
231	12	50256	50256	0
232	5	45656	45656	0.00227547
232	6	621	621	0.00522614
232	7	7424	7424	0.00364304
232	8	45725	45725	0.00137329
232	9	1657	1657	0.00203514
232	10	13	13	7.62939e-06
232	11	50256	50256	0
233	5	422	422	0.050745
233	6	11135	11135	0.0128374
233	7	3812	3812	0.0118809
233	8	262	262	4.3869e-05
233	9	6727	6727	0.00179482
233	10	3354	3354	0.0132942
233	11	286	286	7.62939e-06
233	12	257	257	0.00688744
233	13	4618	4618	0.00265121
233	14	13	13	0.000799179
233	15	50256	50256	0
234	5	11	11	0.000301361
234	6	511	511	0.00305939
234	7	781	781	0.00450134
234	8	16415	16415	0.0025444
234	9	43855	43855	0.00336838
234	10	606	606	0.00181198
234	11	21258	21258	0.0025692
234	12	13	13	0
234	13	50256	50256	0
235	5	338	338	5.72205e-06
235	6	10861	10861	0.0162735
235	7	49831	49831	0.00544739
235	8	560	560	0.0100517
235	9	9335	9335	0.0184135
235	10	373	373	0.00440979
235	11	4624	4624	0.0390997
235	12	625	625	4.19617e-05
235	13	465	465	0.0413723
235	14	285	285	0.000545502
235	15	13929	13929	0.0011158
235	16	1431	1431	0.00415802
235	17	1182	1182	0.000844955
235	18	13	13	0
235	19	50256	50256	0
236	5	5752	5752	0.0195847
236	6	24139	24139	0.00310135
236	7	1626	1626	0.00241089
236	8	257	257	0.000509262
236	9	50126	50126	0.0016613
236	10	6831	6831	0.00620461
236	11	3084	3084	0.0148087
236	12	13	13	8.2016e-05
236	13	50256	50256	0
237	5	2168	2168	0.00388336
237	6	6673	6673	0.00204086
237	7	511	511	0.000417709
237	8	4180	4180	0.00866318
237	9	1817	1817	0.00201797
237	10	13	13	5.72205e-06
237	11	50256	50256	0
238	5	379	379	0.000904083
238	6	393	393	0.0189438
238	7	1474	1474	0.00535393
238	8	3668	3668	0.00123978
238	9	338	338	0.000112534
238	10	4417	4417	0.00732231
238	11	13	13	0.000846863
238	12	50256	50256	0
239	5	23426	23426	0.000926971
239	6	6007	6007	0.00140381
239	7	286	286	0
239	8	12605	12605	0.000745773
239	9	13232	13232	0.000886917
239	10	5474	5474	0.0027256
239	11	13	13	0
239	12	50256	50256	0
240	5	1366	1366	0.0119305
240	6	523	523	0.000457764
240	7	326	326	1.33514e-05
240	8	5100	5100	0.0188751
240	9	1895	1895	0.00175858
240	10	460	460	0.00419617
240	11	307	307	0.00671768
240	12	5443	5443	0.0115395
240	13	13	13	5.72205e-06
240	14	50256	50256	0
241	5	636	636	0.00211906
241	6	286	286	0
241	7	262	262	5.14984e-05
241	8	4865	4865	0.00141525
241	9	1022	1022	0.000499725
241	10	3340	3340	0.000505447
241	11	290	290	3.8147e-06
241	12	262	262	5.72205e-06
241	13	1578	1578	0.0480804
241	14	1829	1829	0.00197029
241	15	13	13	3.8147e-06
241	16	50256	50256	5.72205e-06
242	5	286	286	0
242	6	14807	14807	0.00198364
242	7	287	287	1.71661e-05
242	8	21199	21199	0.000419617
242	9	7229	7229	0.000162125
242	10	13	13	1.90735e-06
242	11	50256	50256	0
243	5	262	262	3.05176e-05
243	6	16936	16936	0.00480652
243	7	1900	1900	5.72205e-05
243	8	3491	3491	0.00278282
243	9	284	284	3.43323e-05
243	10	262	262	7.62939e-06
243	11	3825	3825	0.000192642
243	12	13	13	1.90735e-06
243	13	50256	50256	0
244	5	5400	5400	0.00924873
244	6	287	287	1.14441e-05
244	7	511	511	0.000196457
244	8	30772	30772	0.001091
244	9	13	13	0
244	10	50256	50256	0
245	5	3154	3154	0.00223541
245	6	5667	5667	0.015501
245	7	379	379	0.000459671
245	8	262	262	9.53674e-06
245	9	1660	1660	0.000644684
245	10	338	338	5.72205e-06
245	11	4417	4417	0.00115967
245	12	13	13	0
245	13	50256	50256	0
246	5	1864	1864	0.0105896
246	6	284	284	0.00028038
246	7	511	511	0.00152779
246	8	12213	12213	0.014822
246	9	351	351	0.00151443
246	10	3867	3867	0.0141773
246	11	290	290	5.72205e-05
246	12	31607	31607	0.00101471
246	13	21164	21164	0.000846863
246	14	13	13	2.47955e-05
246	15	50256	50256	1.90735e-06
247	5	329	329	8.39233e-05
247	6	496	496	0.00434494
247	7	2354	2354	0.000366211
247	8	257	257	3.8147e-06
247	9	35881	35881	0.00198555
247	10	389	389	0.000133514
247	11	4048	4048	0.000144958
247	12	13	13	1.90735e-06
247	13	50256	50256	0
248	5	262	262	0.000160217
248	6	4898	4898	0.00244904
248	7	7972	7972	0.00581169
248	8	1641	1641	0.000980377
248	9	3805	3805	0.000165939
248	10	663	663	6.86646e-05
248	11	1877	1877	0.00692368
248	12	7881	7881	0.000879288
248	13	13	13	0
248	14	50256	50256	0
249	5	511	511	1.33514e-05
249	6	2057	2057	0.021946
249	7	7525	7525	0.00239372
249	8	416	416	0.0076046
249	9	6600	6600	0.00186729
249	10	584	584	0.0385456
249	11	4695	4695	0.000152588
249	12	13	13	1.52588e-05
249	13	50256	50256	0
250	5	15772	15772	0.0167484
250	6	7386	7386	0.00108147
250	7	3891	3891	0.00562477
250	8	656	656	3.05176e-05
250	9	6101	6101	0.00443077
250	10	9405	9405	0.0021019
250	11	13	13	7.62939e-06
250	12	50256	50256	0
251	5	318	318	0.000123978
251	6	4055	4055	0.00087738
251	7	276	276	0.00502777
251	8	287	287	1.90735e-06
251	9	281	281	9.53674e-06
251	10	11557	11557	0.00047493
251	11	1080	1080	0.000240326
251	12	13	13	0
251	13	50256	50256	0
252	5	257	257	0.00477791
252	6	4553	4553	0.00788498
252	7	18480	18480	0.00507545
252	8	3108	3108	0.0261211
252	9	329	329	0.000431061
252	10	1123	1123	0.00710297
252	11	4151	4151	0.00929642
252	12	13	13	0
252	13	50256	50256	0
253	5	973	973	0.0022831
253	6	2116	2116	0.00227737
253	7	12	12	0.000688553
253	8	634	634	0.00107384
253	9	27554	27554	0.000917435
253	10	284	284	3.43323e-05
253	11	7301	7301	0.000268936
253	12	607	607	0.00579262
253	13	1204	1204	0.00699806
253	14	290	290	1.71661e-05
253	15	5369	5369	0.000459671
253	16	13	13	1.90735e-06
253	17	50256	50256	0
254	5	11904	11904	0.00548363
254	6	326	326	0.000133514
254	7	1663	1663	0.000535965
254	8	2641	2641	0.00185776
254	9	262	262	3.8147e-06
254	10	37185	37185	0.0148144
254	11	286	286	0.000787735
254	12	1232	1232	0.0015583
254	13	2454	2454	0.0120811
254	14	6134	6134	0.000635147
254	15	13	13	5.72205e-06
254	16	50256	50256	0
255	5	3491	3491	0.0186386
255	6	287	287	0.000230789
255	7	3668	3668	0.000886917
255	8	338	338	0.000131607
255	9	1755	1755	0.00483894
255	10	6766	6766	0.00148964
255	11	618	618	0.000862122
255	12	9569	9569	0.0011692
255	13	416	416	0.000736237
255	14	4156	4156	0.00302505
255	15	5874	5874	0.00262833
255	16	22204	22204	0.000688553
255	17	13	13	0
255	18	50256	50256	0
256	5	16968	16968	0.00620461
256	6	11	11	0.000183105
256	7	3584	3584	0.00488472
256	8	617	617	0.00594902
256	9	5696	5696	0.0128269
256	10	17438	17438	0.0109425
256	11	10338	10338	0.00294113
256	12	625	625	0.000265121
256	13	1728	1728	0.0013752
256	14	5951	5951	0.000875473
256	15	16069	16069	0.000997543
256	16	13	13	0
256	17	50256	50256	0
257	5	12	12	0.00245476
257	6	7784	7784	0.00933838
257	7	29984	29984	0.0543633
257	8	1043	1043	0.0215225
257	9	287	287	1.52588e-05
257	10	5044	5044	0.00156784
257	11	4778	4778	0.00286102
257	12	13	13	5.72205e-06
257	13	50256	50256	0
258	5	324	324	0.0113316
258	6	2627	2627	0.000555038
258	7	262	262	0
258	8	717	717	0.000776291
258	9	1893	1893	0.0129948
258	10	286	286	1.52588e-05
258	11	3794	3794	0.00287819
258	12	287	287	1.90735e-06
258	13	11445	11445	0.0022831
258	14	13	13	1.90735e-06
258	15	50256	50256	0
259	5	422	422	0.00185585
259	6	543	543	0.0080452
259	7	749	749	0.00872421
259	8	1660	1660	0.00820732
259	9	290	290	9.53674e-06
259	10	7545	7545	0.00163651
259	11	1540	1540	0.0266609
259	12	2340	2340	0.000963211
259	13	423	423	0.00424576
259	14	587	587	0.00250053
259	15	4615	4615	0.00304794
259	16	13	13	5.72205e-06
259	17	50256	50256	0
260	5	422	422	0.000303268
260	6	826	826	0.00198555
260	7	284	284	4.19617e-05
260	8	1364	1364	0.00125504
260	9	13	13	0
260	10	50256	50256	0
261	5	286	286	0
261	6	867	867	0.0017395
261	7	1402	1402	0.000303268
261	8	12734	12734	0.000114441
261	9	11856	11856	0.00367355
261	10	1978	1978	0.00512123
261	11	13	13	2.28882e-05
261	12	50256	50256	0
262	5	3917	3917	0.0020504
262	6	351	351	0.000368118
262	7	262	262	0
262	8	4960	4960	0.00206947
262	9	6260	6260	0.00260925
262	10	1001	1001	0.00368309
262	11	72	72	0.00214386
262	12	911	911	0.00331306
262	13	261	261	0.0262928
262	14	1840	1840	0.00774384
262	15	13	13	7.62939e-05
262	16	50256	50256	3.8147e-06
263	5	558	558	0.000658035
263	6	504	504	0.00323868
263	7	351	351	0.000827789
263	8	6466	6466	0.00406647
263	9	276	276	0.0021286
263	10	21755	21755	0.000793457
263	11	290	290	0.00012207
263	12	7097	7097	0.00856209
263	13	25612	25612	0.00153351
263	14	13	13	0
263	15	50256	50256	0
264	5	3356	3356	0.00688934
264	6	1863	1863	0.00117302
264	7	31025	31025	0.00378036
264	8	287	287	7.62939e-06
264	9	3668	3668	0.00616074
264	10	338	338	0.00050354
264	11	20048	20048	0.00442314
264	12	13	13	1.90735e-06
264	13	50256	50256	0
265	5	318	318	0.00710106
265	6	29679	29679	0.00455666
265	7	11	11	0.000148773
265	8	543	543	0.0106983
265	9	14582	14582	0.012455
265	10	1973	1973	0.00135231
265	11	1811	1811	0.00440025
265	12	14807	14807	0.00121117
265	13	13	13	0
265	14	50256	50256	0
266	5	33274	33274	0.0169506
266	6	468	468	0.000938416
266	7	27913	27913	0.00230598
266	8	1744	1744	0.00898361
266	9	3815	3815	0.00439453
266	10	329	329	0.00281334
266	11	1123	1123	0.00166702
266	12	16839	16839	0.00493622
266	13	13	13	0.00102043
266	14	50256	50256	0
267	5	1022	1022	0.000595093
267	6	262	262	3.8147e-06
267	7	2910	2910	0.0100689
267	8	290	290	2.47955e-05
267	9	7346	7346	0.000112534
267	10	21379	21379	0.000570297
267	11	13	13	1.90735e-06
267	12	50256	50256	0
268	5	13042	13042	0.00460052
268	6	16524	16524	0.00233269
268	7	287	287	3.8147e-06
268	8	8150	8150	0.000921249
268	9	82	82	0.0069046
268	10	13	13	1.90735e-06
268	11	50256	50256	0
269	5	8701	8701	0.00743866
269	6	1641	1641	0.00692177
269	7	3805	3805	0.00287628
269	8	663	663	7.43866e-05
269	9	4898	4898	0.0510235
269	10	88	88	0.0414181
269	11	21552	21552	0.00890541
269	12	13	13	0
269	13	50256	50256	0
270	5	10451	10451	0.00203705
270	6	552	552	0.00272369
270	7	1769	1769	0.00764275
270	8	257	257	5.72205e-05
270	9	1988	1988	0.011137
270	10	422	422	0.000797272
270	11	584	584	0.000293732
270	12	3815	3815	0.00497055
270	13	393	393	0.000253677
270	14	14700	14700	0.00128174
270	15	13	13	1.90735e-05
270	16	50256	50256	0
271	5	618	618	0.00577927
271	6	340	340	0.000850677
271	7	468	468	0.000385284
271	8	257	257	0.00034523
271	9	7515	7515	0.00318718
271	10	1863	1863	0.00041008
271	11	281	281	0.000917435
271	12	2134	2134	0.00424004
271	13	338	338	0.000144958
271	14	29358	29358	0.0122814
271	15	13	13	0
271	16	50256	50256	0
272	5	663	663	0.0244274
272	6	22421	22421	0.431375
272	7	981	981	0.00199127
272	8	23934	23934	0.0907116
272	9	262	262	1.52588e-05
272	10	20016	20016	0.00380516
272	11	1022	1022	0.0445423
272	12	606	606	0.0191383
272	13	13	13	0.000102997
272	14	50256	50256	0
273	5	5667	5667	0.000432968
273	6	8811	8811	0.00379181
273	7	3417	3417	0.000471115
273	8	355	355	0.00779533
273	9	25209	25209	0.000490189
273	10	13	13	0.000125885
273	11	50256	50256	0
274	5	3601	3601	0.00435638
274	6	540	540	0.00159073
274	7	7128	7128	0.00169754
274	8	5241	5241	0.00328827
274	9	416	416	3.24249e-05
274	10	7720	7720	0.00200653
274	11	656	656	6.10352e-05
274	12	257	257	2.67029e-05
274	13	4417	4417	0.00459099
274	14	13	13	4.3869e-05
274	15	50256	50256	1.90735e-06
275	5	4909	4909	0.00119209
275	6	27253	27253	0.000595093
275	7	11945	11945	0.00436974
275	8	13	13	0
275	9	50256	50256	0
276	5	530	530	0.000295639
276	6	6588	6588	0.00303459
276	7	22037	22037	0.00231552
276	8	290	290	1.14441e-05
276	9	734	734	0.00069046
276	10	11863	11863	0.00345802
276	11	23235	23235	0.0168591
276	12	13	13	1.90735e-06
276	13	50256	50256	0
277	5	48159	48159	0.00163269
277	6	2094	2094	0.000961304
277	7	2264	2264	0.00476074
277	8	844	844	0.0135098
277	9	1258	1258	0.00345421
277	10	319	319	0.000114441
277	11	465	465	0.00966644
277	12	17545	17545	0.000638962
277	13	13	13	3.8147e-06
277	14	50256	50256	0
278	5	1657	1657	0.000452042
278	6	284	284	1.14441e-05
278	7	3151	3151	0.00737762
278	8	262	262	2.28882e-05
278	9	2939	2939	0.00161934
278	10	12694	12694	0.000972748
278	11	329	329	0.000148773
278	12	517	517	0.0025425
278	13	640	640	0.00121117
278	14	13	13	1.90735e-06
278	15	50256	50256	0
279	5	47969	47969	0.00810242
279	6	11	11	0.000173569
279	7	730	730	0.00538063
279	8	335	335	0.00851059
279	9	82	82	0.00914192
279	10	1845	1845	0.00494957
279	11	11	11	0.000415802
279	12	290	290	7.62939e-06
279	13	285	285	0.0051384
279	14	3970	3970	0.00895882
279	15	21622	21622	0.0679893
279	16	13	13	1.52588e-05
279	17	50256	50256	0
280	5	422	422	0.00865364
280	6	11527	11527	0.00469589
280	7	45926	45926	0.0119114
280	8	11	11	0.00043869
280	9	981	981	0.000768661
280	10	29049	29049	0.000762939
280	11	363	363	0.000736237
280	12	76	76	0.0021019
280	13	2737	2737	0.00346756
280	14	1663	1663	0.00172424
280	15	18644	18644	0.000703812
280	16	422	422	0.00501823
280	17	11527	11527	0.00103188
280	18	18570	18570	0.00488472
280	19	13	13	0
280	20	50256	50256	0
281	5	16697	16697	0.00273514
281	6	262	262	0.000301361
281	7	1767	1767	0.00441933
281	8	338	338	0.000303268
281	9	1660	1660	0.000444412
281	10	290	290	0.000131607
281	11	8268	8268	0.0033989
281	12	5236	5236	0.00395966
281	13	13	13	0
281	14	50256	50256	0
282	5	1936	1936	0.00131989
282	6	16021	16021	0.0149899
282	7	3951	3951	0.00249863
282	8	13	13	0
282	9	50256	50256	0
283	5	1573	1573	0.00986099
283	6	351	351	0.00223351
283	7	257	257	4.76837e-05
283	8	3616	3616	0.0738449
283	9	2092	2092	0.00617218
283	10	284	284	4.57764e-05
283	11	326	326	0.00586128
283	12	286	286	0.00318146
283	13	1194	1194	0.00271988
283	14	1573	1573	0.00316238
283	15	13	13	1.14441e-05
283	16	50256	50256	0
284	5	11	11	0.000534058
284	6	262	262	0.000448227
284	7	11087	11087	0.00488091
284	8	18333	18333	0.00453758
284	9	286	286	0.00018692
284	10	257	257	9.53674e-06
284	11	22950	22950	0.00512314
284	12	751	751	0.0067749
284	13	284	284	3.8147e-05
284	14	11546	11546	0.00815392
284	15	7370	7370	0.00102997
284	16	13	13	0
284	17	50256	50256	0
285	5	262	262	0.000204086
285	6	1767	1767	0.000263214
285	7	416	416	0.0136375
285	8	10427	10427	0.00237656
285	9	319	319	7.43866e-05
285	10	11945	11945	0.00195312
285	11	13	13	6.10352e-05
285	12	50256	50256	0
286	5	1487	1487	0.0016098
286	6	262	262	1.90735e-06
286	7	4571	4571	0.0019455
286	8	287	287	5.91278e-05
286	9	543	543	0.110119
286	10	257	257	0.0170708
286	11	17182	17182	0.00310707
286	12	8991	8991	0.0125275
286	13	2700	2700	0.00445366
286	14	13	13	8.58307e-05
286	15	50256	50256	0
287	5	422	422	0.0244217
287	6	262	262	0
287	7	9151	9151	0.164185
287	8	981	981	0.000825882
287	9	4305	981	1.06374
287	10	749	749	0.000932693
287	11	26306	26306	0.00205994
287	12	37056	37056	0.00561142
287	13	2157	2157	0.0047493
287	14	13	13	4.57764e-05
287	15	50256	50256	0
288	5	9149	9149	0.0201874
288	6	326	326	0.00792885
288	7	24624	24624	0.00638008
288	8	9240	9240	0.00976181
288	9	393	393	0.000255585
288	10	3520	3520	0.000473022
288	11	287	287	1.90735e-05
288	12	511	511	0.0248394
288	13	2656	2656	0.00146866
288	14	1502	1502	0.0117798
288	15	13	13	6.67572e-05
288	16	50256	50256	0
289	5	262	262	0.00158882
289	6	2166	2166	0.000997543
289	7	286	286	3.8147e-05
289	8	262	262	0.00919342
289	9	5422	5422	0.00100517
289	10	1037	1037	0.000375748
289	11	2005	2005	0.00374413
289	12	2057	2057	0.00107765
289	13	13	13	2.09808e-05
289	14	50256	50256	0
290	5	14705	14705	0.00257301
290	6	287	287	0.00308609
290	7	674	674	0.00275803
290	8	6591	6591	0.00146484
290	9	1080	1080	0.000865936
290	10	318	318	0.000198364
290	11	12548	12548	0.00305176
290	12	19606	19606	0.00104904
290	13	13	13	3.8147e-06
290	14	50256	50256	1.90735e-06
291	5	5207	5207	0.00120354
291	6	286	286	9.53674e-06
291	7	4898	4898	0.00173187
291	8	1262	1262	0.000234604
291	9	987	987	0.000595093
291	10	48331	48331	0.00428391
291	11	30514	30514	0.00215912
291	12	290	290	1.52588e-05
291	13	20567	20567	0.000417709
291	14	13	13	1.90735e-06
291	15	50256	50256	0
292	5	2656	2656	0.00226974
292	6	2060	2060	0.00174332
292	7	12	12	0.000801086
292	8	26327	26327	0.0142708
292	9	3815	3815	0.00949097
292	10	618	618	0.00444603
292	11	30240	30240	0.000865936
292	12	287	287	0.000452042
292	13	41002	41002	0.00327682
292	14	12	12	0.000207901
292	15	23	23	0.00664711
292	16	13	13	1.90735e-06
292	17	50256	50256	0
293	5	12737	12737	0.00341034
293	6	287	287	0.000108719
293	7	2877	2877	0.00388527
293	8	20296	20296	0.00739288
293	9	1231	1231	8.01086e-05
293	10	852	852	0.00138474
293	11	13529	13529	0.00350189
293	12	416	416	0.000543594
293	13	883	883	0.00271797
293	14	12737	12737	0.00174904
293	15	13	13	0
293	16	50256	50256	0
294	5	460	460	0.00439835
294	6	3067	3067	0.0301132
294	7	832	832	8.01086e-05
294	8	1111	1111	0.00581932
294	9	1540	2340	0.744435
294	10	2340	2340	7.43866e-05
294	11	290	290	0
294	12	38236	38236	0.000303268
294	13	13	13	6.67572e-05
294	14	50256	50256	0
295	5	13991	13991	0.00198174
295	6	287	287	0.000162125
295	7	3833	3833	2.28882e-05
295	8	13	13	0.00015831
295	9	50256	50256	0
296	5	24742	24742	0.00889015
296	6	12	12	0.00069809
296	7	14337	14337	0.00108528
296	8	24438	24438	0.00154305
296	9	14921	14921	0.00716782
296	10	287	287	0.000146866
296	11	3624	3624	0.000242233
296	12	15274	15274	0.0138798
296	13	290	290	0.000293732
296	14	3624	3624	0.000167847
296	15	15180	15180	0.00580215
296	16	13	13	3.8147e-06
296	17	50256	50256	0
297	5	7042	7042	0.154122
297	6	416	416	0.0516243
297	7	8902	8902	0.103563
297	8	15134	15134	0.000198364
297	9	28856	28856	0.00347328
297	10	13	13	7.62939e-06
297	11	50256	50256	0
298	5	1402	1402	0.00030899
298	6	11	11	0.00111198
298	7	9403	9403	0.00795555
298	8	12	12	0.000534058
298	9	38301	38301	0.000980377
298	10	37215	37215	0.00371933
298	11	431	431	0.00230408
298	12	5289	5289	0.00271606
298	13	13	13	0
298	14	50256	50256	0
299	5	338	338	0.000102997
299	6	2494	2494	0.00312042
299	7	1231	1231	0.000375748
299	8	852	852	0.000549316
299	9	13529	13529	0.000904083
299	10	4045	4045	0.00469971
299	11	287	287	3.8147e-05
299	12	326	326	0.000297546
299	13	6317	6317	0.00520515
299	14	13	13	0
299	15	50256	50256	0
300	5	1474	1474	0.00131798
300	6	262	262	1.90735e-06
300	7	47441	47441	0.00254822
300	8	9700	9700	0.00132179
300	9	5866	5866	0.00247574
300	10	13	13	0
300	11	50256	50256	0
301	5	257	257	6.67572e-05
301	6	3463	3463	0.000366211
301	7	286	286	5.72205e-06
301	8	11711	11711	0.00151253
301	9	4961	6588	1.22025
301	10	284	284	0.00218201
301	11	663	663	7.62939e-05
301	12	898	898	0.000703812
301	13	3463	3463	0.000577927
301	14	13	13	0
301	15	50256	50256	0
302	5	11	11	0.000528336
302	6	2138	2138	0.000144958
302	7	621	621	0.000650406
302	8	6586	6586	0.000663757
302	9	393	393	0.000919342
302	10	10930	10930	0.000301361
302	11	13	13	5.72205e-06
302	12	50256	50256	0
303	5	373	373	0.00312424
303	6	15283	15283	0.00168037
303	7	287	287	5.72205e-06
303	8	4492	4492	0.00176239
303	9	287	287	0
303	10	1105	1105	0.000930786
303	11	1314	1314	0.00103188
303	12	13	13	1.90735e-06
303	13	50256	50256	0
304	5	78	78	0.00395203
304	6	1990	1990	0.00516701
304	7	15688	15688	0.00833511
304	8	338	338	0.000232697
304	9	10003	10003	0.00640869
304	10	290	290	0.000188828
304	11	14944	14944	0.00881195
304	12	17862	17862	0.00282097
304	13	10399	10399	0.00284767
304	14	319	319	0.000494003
304	15	6882	6882	0.000337601
304	16	295	295	0.000871658
304	17	371	371	0.00115776
304	18	2093	2093	0.000589371
304	19	10875	10875	0.00173569
304	20	1134	1134	0.00229645
304	21	709	709	0.00385857
304	22	13	13	0
304	23	50256	50256	0
305	5	385	385	0.00348663
305	6	6486	6486	0.00269699
305	7	287	287	0.000230789
305	8	644	644	0.0036335
305	9	318	318	0.00772476
305	10	783	783	0.00028801
305	11	7137	7137	0.000368118
305	12	13	13	6.67572e-05
305	13	50256	50256	0
306	5	286	286	0.000162125
306	6	262	262	0.000112534
306	7	1578	1578	0.00284386
306	8	7526	7526	0.00445366
306	9	13	13	4.95911e-05
306	10	50256	50256	0
307	5	29867	29867	0.000333786
307	6	17556	17556	0.00409126
307	7	13	13	9.34601e-05
307	8	50256	50256	1.90735e-06
308	5	25041	25041	0.00522423
308	6	30468	30468	0.0949287
308	7	326	326	0.00668716
308	8	645	645	0.545784
308	9	2392	2392	0.00082016
308	10	8080	8080	0.00213051
308	11	8850	8850	0.0012188
308	12	4755	4755	0.000938416
308	13	21748	21748	0.00630379
308	14	13	13	0.00111961
308	15	50256	50256	0
309	5	3562	3562	0.00855827
309	6	416	416	4.3869e-05
309	7	20849	20849	0.00251389
309	8	7068	7068	0.00234604
309	9	449	449	0.00426102
309	10	1211	1211	0.00178909
309	11	7273	7273	0.000652313
309	12	26361	26361	0.00191498
309	13	13	13	0
309	14	50256	50256	0
310	5	2788	2788	0.00609207
310	6	4331	4331	0.0142155
310	7	326	326	0.00144577
310	8	4100	4100	0.0018959
310	9	65	65	0.00978661
310	10	2788	2788	0.00682449
310	11	481	481	0.000705719
310	12	1716	1716	0.0224934
310	13	5822	5822	0.00670242
310	14	13	13	0
310	15	50256	50256	0
311	5	5865	5865	0.0106297
311	6	15417	15417	0.00175476
311	7	389	389	8.58307e-05
311	8	7310	7310	0.0027523
311	9	8950	8950	0.00237656
311	10	13	13	0
311	11	50256	50256	0
312	5	28028	28028	0.000976562
312	6	1141	1141	0.00136566
312	7	262	262	3.05176e-05
312	8	1218	1218	0.00475121
312	9	39210	39210	0.000457764
312	10	37078	37078	0.00361252
312	11	13	13	1.71661e-05
312	12	50256	50256	0
313	5	2685	2685	0.0166378
313	6	26161	26161	0.00265503
313	7	1657	1657	0.000547409
313	8	656	656	1.90735e-06
313	9	12278	12278	0.00413704
313	10	2568	2568	0.000898361
313	11	13	13	0.00116348
313	12	50256	50256	0
314	5	355	355	0.000217438
314	6	2153	2153	0.00548553
314	7	2611	2611	0.000989914
314	8	3608	3608	0.00380898
314	9	82	82	0.00351524
314	10	379	379	5.34058e-05
314	11	3095	3095	0.00608826
314	12	12	12	0.000185013
314	13	78	78	0.0100641
314	14	5829	5829	0.0108948
314	15	5755	5755	0.000694275
314	16	3212	3212	0.0033741
314	17	13	13	0
314	18	50256	50256	0
315	5	407	407	0.00078392
315	6	3706	3706	0.00443649
315	7	12622	12622	0.00581741
315	8	45738	45738	0.00219536
315	9	13	13	0
315	10	50256	50256	0
316	5	262	262	0.00200462
316	6	21231	21231	0.00678444
316	7	8769	8769	0.0198956
316	8	78	78	0.0259018
316	9	43397	43397	0.00114059
316	10	257	257	0.00125122
316	11	5766	5766	0.00120544
316	12	286	286	5.72205e-06
316	13	530	530	0.0087986
316	14	7319	7319	0.00044632
316	15	13	13	8.39233e-05
316	16	50256	50256	0
317	5	29260	29260	0.00543785
317	6	692	692	0.00758934
317	7	295	295	0.0127792
317	8	4193	4193	0.00822258
317	9	42790	42790	0.00491142
317	10	14075	14075	0.0055542
317	11	13550	13550	0.00345993
317	12	34619	34619	0.00205612
317	13	746	746	0.00448799
317	14	82	82	0.00339317
317	15	287	287	2.28882e-05
317	16	262	262	0.000480652
317	17	29666	29666	0.000577927
317	18	4289	4289	0.00069046
317	19	13	13	0
317	20	50256	50256	0
318	5	925	925	0.00222588
318	6	422	422	0.000545502
318	7	373	373	0.000326157
318	8	17914	17914	0.0053215
318	9	2058	2058	0.0137424
318	10	8384	8384	0.00897026
318	11	422	422	0.00255013
318	12	663	663	0.000974655
318	13	1036	1036	0.00403214
318	14	515	515	0.00471878
318	15	10717	10717	0.00294304
318	16	13	13	0
318	17	50256	50256	0
319	5	422	422	0.000202179
319	6	262	262	0.00015831
319	7	16577	16577	0.00624657
319	8	9529	9529	0.00239563
319	9	528	528	0.00213432
319	10	2586	2586	0.00152588
319	11	286	286	5.72205e-05
319	12	262	262	1.52588e-05
319	13	7858	7858	0.00613594
319	14	946	946	0.0238781
319	15	4618	4618	0.00208282
319	16	13	13	0
319	17	50256	50256	0
320	5	286	286	3.8147e-06
320	6	262	262	1.90735e-06
320	7	12108	12108	0.000795364
320	8	286	286	4.00543e-05
320	9	5828	5828	0.00344467
320	10	13	13	1.90735e-06
320	11	50256	50256	0
321	5	37185	37185	0.0115643
321	6	7268	7268	0.00153732
321	7	262	262	1.71661e-05
321	8	11904	11904	0.000675201
321	9	973	973	0.00619888
321	10	284	284	1.71661e-05
321	11	787	787	0.00450516
321	12	11311	11311	0.000564575
321	13	13	13	1.90735e-06
321	14	50256	50256	0
322	5	29909	29909	0.00721359
322	6	3348	3348	0.00233841
322	7	656	656	7.62939e-06
322	8	15268	15268	0.00363159
322	9	13	13	7.62939e-06
322	10	50256	50256	0
323	5	734	734	0.000741959
323	6	5621	5621	0.00188446
323	7	286	286	0.00012207
323	8	14390	14390	0.00211525
323	9	11	11	0.00230408
323	10	8811	8811	0.0080471
323	11	1444	1444	0.000181198
323	12	25825	25825	0.00331688
323	13	290	290	3.62396e-05
323	14	356	356	0.0032177
323	15	701	701	0.00171089
323	16	13	13	6.48499e-05
323	17	50256	50256	0
324	5	257	257	0
324	6	1573	1573	0.000364304
324	7	338	338	2.28882e-05
324	8	2779	2779	0.00105476
324	9	11	11	4.57764e-05
324	10	9472	9472	0.00174904
324	11	257	257	4.76837e-05
324	12	35488	35488	0.00211716
324	13	318	318	0.00171089
324	14	7223	7223	0.00140762
324	15	706	706	0.0575581
324	16	340	340	0.000947952
324	17	13	13	1.90735e-06
324	18	50256	50256	0
325	5	3912	3912	0.00129128
325	6	1900	1900	0.000427246
325	7	355	355	0.000711441
325	8	26153	26153	0.000320435
325	9	338	338	2.67029e-05
325	10	16734	16734	0.00191307
325	11	13	13	1.33514e-05
325	12	50256	50256	0
326	5	318	318	0.00151634
326	6	25086	25086	0.00295639
326	7	13	13	1.90735e-06
326	8	50256	50256	1.90735e-06
327	5	976	976	0.000263214
327	6	1986	1986	0.000148773
327	7	3812	3812	0.00789452
327	8	3668	3668	0.00105095
327	9	780	780	0.00434303
327	10	663	663	0.000499725
327	11	13179	13179	0.00107574
327	12	290	290	4.00543e-05
327	13	13066	13066	4.3869e-05
327	14	389	389	0.00119019
327	15	47192	47192	0.00307274
327	16	13	13	0
327	17	50256	50256	0
328	5	20199	20199	0.0223446
328	6	1779	1779	0.00184059
328	7	4541	4541	0.0665874
328	8	4291	4291	0.00141716
328	9	257	257	3.05176e-05
328	10	4417	4417	0.000799179
328	11	32162	32162	0.0144672
328	12	2174	2174	0.00800705
328	13	262	262	7.62939e-05
328	14	1633	1633	0.00160599
328	15	338	338	2.09808e-05
328	16	390	390	0.00166321
328	17	86	86	0.031167
328	18	966	966	0.00378609
328	19	13	13	0
328	20	50256	50256	0
329	5	262	262	0.000221252
329	6	2612	2612	0.00670433
329	7	11	11	3.8147e-06
329	8	2138	2138	0.00296783
329	9	621	621	0.000919342
329	10	6872	6872	0.00212097
329	11	340	340	0.00417328
329	12	1497	1497	0.00256348
329	13	13	13	0
329	14	50256	50256	0
330	5	1688	1688	0.00904274
330	6	26041	26041	0.016716
330	7	1748	1748	0.00102234
330	8	287	287	0.000148773
330	9	1944	1944	0.00119591
330	10	12	12	0.00106049
330	11	820	820	0.00154877
330	12	32183	32183	0.00136185
330	13	13	13	0
330	14	50256	50256	0
331	5	2347	2347	0.000143051
331	6	318	318	0.0407877
331	7	17298	17298	0.00221825
331	8	287	287	3.8147e-06
331	9	663	663	3.8147e-06
331	10	29984	29984	0.0391512
331	11	13	13	0
331	12	50256	50256	0
332	5	257	257	0.000802994
332	6	46103	46103	0.00373459
332	7	326	326	0.00128937
332	8	8186	8186	0.0264034
332	9	728	728	0.0130806
332	10	416	416	0.00174713
332	11	16299	16299	0.00177383
332	12	9653	9653	0.00047493
332	13	13	13	5.72205e-06
332	14	50256	50256	0
333	5	33828	33828	0.00764656
333	6	2630	2630	0.00301743
333	7	262	262	0.00012207
333	8	4960	4960	0.00498009
333	9	670	670	0.0200062
333	10	383	383	0.00214577
333	11	17388	17388	0.00556183
333	12	286	286	0.00103378
333	13	5215	5215	0.00263023
333	14	7285	7285	0.0132427
333	15	13	13	0
333	16	50256	50256	0
334	5	656	656	1.71661e-05
334	6	262	262	4.3869e-05
334	7	12108	12108	0.00527954
334	8	286	286	3.8147e-06
334	9	5828	5828	0.00330734
334	10	13	13	0
334	11	50256	50256	0
335	5	1146	1146	0.00455284
335	6	14523	14523	0.0037899
335	7	12076	12076	0.00344467
335	8	4755	4755	0.00366783
335	9	5419	5419	0.00110817
335	10	7716	7716	0.00509644
335	11	663	663	4.76837e-05
335	12	14091	14091	0.012188
335	13	2214	2214	0.00107002
335	14	13	13	7.62939e-06
335	15	50256	50256	0
336	5	416	416	3.05176e-05
336	6	281	281	0.000574112
336	7	12064	12064	0.0011692
336	8	900	900	0.00112534
336	9	13	13	0
336	10	50256	50256	0
337	5	4387	4387	0.0120735
337	6	2877	2877	0.000816345
337	7	5044	5044	0.0027256
337	8	416	416	0.00426292
337	9	2347	2347	0.000974655
337	10	13	13	0.0245018
337	11	50256	50256	0
338	5	318	318	0.00335503
338	6	281	281	0.000522614
338	7	12628	12628	0.0326099
338	8	1286	1286	0.00537109
338	9	35162	35162	0.00322533
338	10	19955	19955	0.00108528
338	11	17116	17116	0.000272751
338	12	13	13	0
338	13	50256	50256	0
339	5	1255	1255	0.00153923
339	6	422	422	0.000167847
339	7	4802	4802	0.00213814
339	8	29358	29358	0.00540352
339	9	286	286	5.53131e-05
339	10	32085	32085	0.00202751
339	11	729	729	0.00577927
339	12	416	416	0.00022316
339	13	739	739	6.29425e-05
339	14	8583	8583	0.00110817
339	15	29781	29781	0.00874901
339	16	13	13	0
339	17	50256	50256	0
340	5	4417	4417	0.00427055
340	6	11	11	0.00388145
340	7	340	340	0.00185394
340	8	318	318	0.000572205
340	9	1444	1444	0.000190735
340	10	28856	28856	0.000255585
340	11	13	13	1.71661e-05
340	12	50256	50256	0
341	5	31094	31094	0.000537872
341	6	9813	9813	0.00248909
341	7	3067	3067	0.19725
341	8	379	379	0.00763512
341	9	262	262	1.14441e-05
341	10	976	976	0.0021801
341	11	2866	2866	0.00495148
341	12	13	13	0.000205994
341	13	50256	50256	0
342	5	338	338	7.24792e-05
342	6	3139	3139	0.000745773
342	7	11	11	0.00589752
342	8	319	319	0.000165939
342	9	262	262	0.00139427
342	10	2258	2258	0.000221252
342	11	5451	5451	0.0070858
342	12	13	13	6.29425e-05
342	13	50256	50256	0
343	5	290	290	0.000406265
343	6	262	262	9.53674e-06
343	7	7431	7431	0.00351906
343	8	323	323	0.00421143
343	9	2271	2271	0.079011
343	10	389	389	0.0419254
343	11	1688	1688	0.00122261
343	12	46178	46178	0.000862122
343	13	2462	2462	0.000688553
343	14	873	873	0.0056076
343	15	13	13	3.8147e-06
343	16	50256	50256	0
344	5	3303	3303	0.00103188
344	6	13	13	1.33514e-05
344	7	50256	50256	0
345	5	338	338	7.62939e-06
345	6	1588	1588	0.00358963
345	7	14966	14966	0.0284081
345	8	389	389	0.000167847
345	9	20633	20633	0.00215149
345	10	416	416	0.00592041
345	11	16021	16021	0.000679016
345	12	300	300	0.0143547
345	13	600	600	0.00151062
345	14	1424	1424	0.0022068
345	15	13	13	0
345	16	50256	50256	0
346	5	262	262	7.62939e-06
346	6	717	717	0.328957
346	7	1893	1893	0.0619726
346	8	286	286	2.47955e-05
346	9	16256	16256	0.0120392
346	10	706	706	2.09808e-05
346	11	663	663	9.34601e-05
346	12	39862	39862	0.00358772
346	13	286	286	1.90735e-06
346	14	10404	10404	0.00143814
346	15	13	13	0
346	16	50256	50256	0
347	5	1022	1022	0.00127029
347	6	5387	5387	0.00214195
347	7	21379	21379	0.00111389
347	8	290	290	4.00543e-05
347	9	262	262	3.05176e-05
347	10	7097	7097	0.000707626
347	11	2858	2858	0.000778198
347	12	13	13	1.90735e-06
347	13	50256	50256	0
348	5	17598	17598	0.00582123
348	6	318	318	0.000246048
348	7	262	262	0.00157166
348	8	4756	4756	0.00695992
348	9	832	832	0.000226974
348	10	543	543	0.00933456
348	11	4704	4704	0.00325966
348	12	8318	8318	0.00923729
348	13	13	13	1.33514e-05
348	14	50256	50256	0
349	5	257	257	9.91821e-05
349	6	8122	8122	0.0098896
349	7	416	416	0.0556908
349	8	10829	10829	0.000688553
349	9	5365	5365	0.00822258
349	10	26758	26758	0.00186539
349	11	17745	17745	0.0101147
349	12	13	13	4.76837e-05
349	13	50256	50256	0
350	5	12912	12912	0.0111408
350	6	5696	5696	0.00306892
350	7	7668	7668	0.00225067
350	8	351	351	0.000135422
350	9	8977	8977	0.00876999
350	10	290	290	9.53674e-06
350	11	26898	26898	0.00354576
350	12	13166	13166	0.00220108
350	13	13	13	2.86102e-05
350	14	50256	50256	0
351	5	14281	14281	0.039299
351	6	393	393	2.28882e-05
351	7	28402	28402	0.0124073
351	8	7334	7334	0.00300217
351	9	329	329	0.00176811
351	10	663	663	6.10352e-05
351	11	7956	7956	0.00338173
351	12	5250	5250	0.000566483
351	13	15921	15921	0.00193787
351	14	13	13	1.90735e-06
351	15	50256	50256	0
352	5	11471	11471	0.00339317
352	6	11	11	0.000267029
352	7	41331	41331	0.000953674
352	8	286	286	1.90735e-05
352	9	21558	21558	0.00151443
352	10	460	460	0.00222206
352	11	307	307	0.0082798
352	12	24167	24167	0.000556946
352	13	284	284	0.000185013
352	14	1296	1296	0.00164413
352	15	262	262	0.000164032
352	16	7714	7714	0.00132751
352	17	286	286	8.2016e-05
352	18	257	257	1.14441e-05
352	19	8837	8837	0.0113773
352	20	13	13	0
352	21	50256	50256	1.90735e-06
353	5	504	504	0.00177574
353	6	23470	23470	0.02141
353	7	36364	36364	0.00527954
353	8	1777	1777	0.00121307
353	9	2367	2367	0.0182304
353	10	656	656	1.90735e-06
353	11	37285	37285	0.000974655
353	12	338	338	1.71661e-05
353	13	6450	6450	0.0030365
353	14	6440	6440	0.00321007
353	15	41724	41724	0.000179291
353	16	13	13	0
353	17	50256	50256	0
354	5	4577	4577	0.000616074
354	6	284	284	0
354	7	10716	10716	0.00274849
354	8	416	416	2.86102e-05
354	9	9194	9194	0.00519753
354	10	7842	7842	0.00234604
354	11	1431	1431	0.00385857
354	12	4263	4263	0.00030899
354	13	13	13	1.33514e-05
354	14	50256	50256	0
355	5	3623	3623	0.00456047
355	6	326	326	0.0030098
355	7	30174	30174	0.00364876
355	8	691	691	0.00390816
355	9	351	351	0.000263214
355	10	1049	1049	0.00109863
355	11	8722	8722	0.000463486
355	12	739	739	0.000545502
355	13	8850	8850	0.0460968
355	14	3403	3403	0.000106812
355	15	13	13	1.90735e-06
355	16	50256	50256	0
356	5	318	318	6.67572e-05
356	6	257	257	0.00091362
356	7	31513	31513	0.000757217
356	8	8598	8598	0.000875473
356	9	287	287	0
356	10	38131	38131	0.00221634
356	11	37270	37270	0.014432
356	12	13	13	0
356	13	50256	50256	0
357	5	7285	7285	0.00716019
357	6	351	351	0.000986099
357	7	262	262	9.53674e-06
357	8	289	289	0.00104904
357	9	343	343	0.00958252
357	10	363	363	0.00265503
357	11	2271	2271	0.0019207
357	12	290	290	2.09808e-05
357	13	479	479	0.00333214
357	14	265	265	0.00197983
357	15	461	461	0.00366592
357	16	2271	2271	0.00555611
357	17	27226	27226	0.00219536
357	18	397	397	0.00250435
357	19	3166	3166	0.00395203
357	20	13	13	3.8147e-06
357	21	50256	50256	0
358	5	2237	2237	0.000761032
358	6	13042	13042	0.003582
358	7	13	13	7.62939e-06
358	8	50256	50256	0
359	5	46916	46916	0.00396729
359	6	286	286	3.8147e-06
359	7	530	530	0.00131607
359	8	8122	8122	0.0110416
359	9	34646	34646	0.0164967
359	10	287	287	0.000591278
359	11	1194	1194	0.000909805
359	12	2296	2296	0.00752449
359	13	2304	2304	0.00476456
359	14	856	856	0.00335693
359	15	8122	8122	0.00711632
359	16	13	13	3.8147e-06
359	17	50256	50256	0
360	5	890	890	0.00628853
360	6	14659	14659	0.00143814
360	7	7042	7042	0.0140648
360	8	422	422	0.00935936
360	9	4555	4555	0.00257683
360	10	37880	37880	0.0032692
360	11	2615	2615	0.00118828
360	12	7021	7021	0.00150108
360	13	13	13	5.72205e-06
360	14	50256	50256	0
361	5	3812	3812	0.0136604
361	6	1657	1657	0.00119591
361	7	832	832	0.00951195
361	8	257	257	0.000341415
361	9	2882	2882	0.05299
361	10	1444	1444	0.0213623
361	11	2825	2825	0.0141792
361	12	34248	34248	0.00394058
361	13	1042	1042	0.0217247
361	14	13	13	5.72205e-06
361	15	50256	50256	0
362	5	286	286	0.00413322
362	6	262	262	0
362	7	13387	13387	0.00345993
362	8	286	286	5.72205e-06
362	9	262	262	1.90735e-06
362	10	311	311	0.000928879
362	11	32248	32248	0.00123215
362	12	32939	32939	0.00382233
362	13	13	13	0
362	14	50256	50256	0
363	5	9030	9030	0.00144577
363	6	973	973	0.00104713
363	7	28713	28713	0.000469208
363	8	284	284	5.72205e-06
363	9	2746	2746	0.00246811
363	10	37209	37209	0.00145912
363	11	16006	16006	0.0015316
363	12	13	13	0
363	13	50256	50256	0
364	5	35831	35831	0.0280075
364	6	26664	26664	0.0196609
364	7	4735	4735	0.000593185
364	8	422	422	0.000152588
364	9	257	257	5.72205e-06
364	10	8122	8122	0.00134277
364	11	13	13	1.90735e-06
364	12	50256	50256	0
365	5	290	290	3.8147e-05
365	6	1336	1336	0.00248909
365	7	31093	31093	0.00906181
365	8	11	11	0.00583649
365	9	618	618	0.00553322
365	10	6591	6591	0.00322342
365	11	290	290	2.47955e-05
365	12	25572	25572	0.00341034
365	13	40738	40738	0.00243378
365	14	3048	3048	0.00151825
365	15	19594	19594	0.00964355
365	16	1123	1123	0.00667
365	17	584	584	6.10352e-05
365	18	13	13	0.000152588
365	19	50256	50256	0
366	5	4477	4477	0.00604439
366	6	881	881	0.0132084
366	7	286	286	0
366	8	663	663	0.00187874
366	9	1903	1903	0.000667572
366	10	2478	2478	0.00175476
366	11	2641	2641	0.00196648
366	12	663	663	0.00296593
366	13	2802	2802	0.0269356
366	14	338	338	5.53131e-05
366	15	36594	36594	0.000556946
366	16	13	13	0
366	17	50256	50256	0
367	5	3734	3734	0.0053215
367	6	32908	32908	0.00101852
367	7	326	326	3.24249e-05
367	8	3342	3342	0.00460243
367	9	2344	2344	0.0191078
367	10	39895	39895	0.00497818
367	11	282	282	0.00878334
367	12	13	13	0
367	13	50256	50256	0
368	5	422	422	0.00584793
368	6	262	262	5.72205e-06
368	7	21405	21405	0.0287056
368	8	286	286	3.43323e-05
368	9	269	269	2.47955e-05
368	10	967	269	4.24934
368	11	26210	26210	0.00123978
368	12	7150	7150	0.00326157
368	13	13	13	3.8147e-06
368	14	50256	50256	0
369	5	26948	26948	0.00884151
369	6	318	318	0.00025177
369	7	257	257	0.000984192
369	8	9403	9403	0.00504494
369	9	13	13	9.53674e-06
369	10	50256	50256	0
370	5	1321	1321	0.000469208
370	6	355	355	0.0110226
370	7	880	880	0.00164413
370	8	355	355	0.00316238
370	9	663	663	5.91278e-05
370	10	21437	21437	0.000770569
370	11	13	13	0.00547409
370	12	50256	50256	0
371	5	1735	1735	0.0583076
371	6	4129	4129	0.00479507
371	7	15082	15082	0.00365257
371	8	444	444	0.00229263
371	9	663	663	0.000293732
371	10	1989	1989	0.000612259
371	11	416	416	0.000488281
371	12	1440	1440	0.0347929
371	13	13	13	3.8147e-06
371	14	50256	50256	0
372	5	14807	14807	0.00485229
372	6	1444	1444	0.000217438
372	7	262	262	5.72205e-06
372	8	2258	2258	0.000146866
372	9	5451	5451	0.00143623
372	10	290	290	1.90735e-06
372	11	2520	2520	0.00111771
372	12	5451	5451	0.00126266
372	13	13	13	0.00348663
372	14	50256	50256	0
373	5	262	262	0.321184
373	6	4151	4151	0.031353
373	7	832	832	0.000179291
373	8	262	262	0.00131607
373	9	34047	34047	0.00152588
373	10	13	13	0
373	11	50256	50256	3.8147e-06
374	5	286	286	8.7738e-05
374	6	262	262	0
374	7	25730	25730	0.00223351
374	8	17628	17628	0.00183487
374	9	3923	3923	0.000453949
374	10	13	13	0
374	11	50256	50256	0
375	5	4069	4069	0.0039196
375	6	351	351	0.00162125
375	7	281	281	0.000133514
375	8	2938	2938	0.00118637
375	9	1255	1255	0.0046196
375	10	13	13	0
375	11	50256	50256	0
376	5	8830	8830	0.00487137
376	6	3340	3340	0.0014801
376	7	290	290	5.72205e-06
376	8	262	262	0.000953674
376	9	1578	1578	0.00148201
376	10	1829	1829	0.000333786
376	11	13	13	0
376	12	50256	50256	0
377	5	17517	17517	0.00102234
377	6	287	287	1.90735e-06
377	7	15142	15142	0.00210571
377	8	318	318	0.00392723
377	9	7173	7173	0.00256729
377	10	3917	3917	0.00316811
377	11	351	351	0.00195885
377	12	7068	7068	0.000801086
377	13	9261	9261	0.000268936
377	14	72	72	0.00607872
377	15	402	402	0.00538063
377	16	31330	31330	0.00115204
377	17	13	13	0
377	18	50256	50256	0
378	5	284	284	0.000110626
378	6	663	663	2.28882e-05
378	7	8373	8373	0.000247955
378	8	13	13	0
378	9	50256	50256	0
379	5	1748	1748	0.00125885
379	6	351	351	0.000173569
379	7	3881	3881	0.00239563
379	8	12	12	0.000459671
379	9	8968	8968	0.00180054
379	10	28814	28814	0.00662422
379	11	287	287	3.43323e-05
379	12	8078	8078	0.000383377
379	13	13	13	0
379	14	50256	50256	0
380	5	257	257	2.09808e-05
380	6	6994	6994	0.00201225
380	7	1271	1271	0.000289917
380	8	13	13	0
380	9	50256	50256	0
381	5	2392	2392	0.0245724
381	6	28400	28400	0.00112343
381	7	621	621	9.53674e-06
381	8	4171	4171	0.0106812
381	9	7424	7424	0.00276184
381	10	1657	1657	0.010006
381	11	13	13	0
381	12	50256	50256	0
382	5	21622	21622	0.00224686
382	6	416	416	0.000720978
382	7	511	511	7.62939e-06
382	8	6625	6625	0.031538
382	9	284	284	0.000192642
382	10	34688	34688	0.000102997
382	11	13	13	7.62939e-06
382	12	50256	50256	0
383	5	12866	12866	0.00451851
383	6	278	278	0.0603695
383	7	20365	20365	0.00191307
383	8	3033	3033	0.000537872
383	9	262	262	5.72205e-05
383	10	2095	2095	0.00440598
383	11	25846	25846	0.000709534
383	12	565	565	0.00151443
383	13	733	733	0.00292397
383	14	13	13	3.43323e-05
383	15	50256	50256	0
384	5	313	313	0.00221634
384	6	48406	48406	0.0303993
384	7	50195	50195	0.0196171
384	8	6296	6296	0.0100403
384	9	24287	24287	0.000144958
384	10	286	286	1.90735e-06
384	11	3660	3660	0.00279045
384	12	5828	5828	0.00343704
384	13	2254	2254	0.000555038
384	14	13	13	0.000120163
384	15	50256	50256	0
385	5	2618	2618	0.00780678
385	6	1080	1080	0.00171661
385	7	11	11	0.00134087
385	8	257	257	2.67029e-05
385	9	5421	5421	0.00354004
385	10	29973	29973	0.00139999
385	11	13066	13066	0.0010891
385	12	318	318	0.00422096
385	13	281	281	4.76837e-05
385	14	30004	30004	0.00566578
385	15	541	541	0.000736237
385	16	325	325	0.000318527
385	17	13	13	3.24249e-05
385	18	50256	50256	0
386	5	7729	7729	0.0157986
386	6	422	422	0.00344467
386	7	7446	7446	0.0414181
386	8	284	284	5.53131e-05
386	9	12183	12183	0.00470161
386	10	418	418	0.00210953
386	11	2586	2586	0.00442505
386	12	13	13	1.90735e-05
386	13	50256	50256	0
387	5	12022	12022	0.00370979
387	6	373	373	0.00979042
387	7	257	257	0.000854492
387	8	1748	1748	0.000713348
387	9	286	286	7.62939e-06
387	10	262	262	0
387	11	6156	6156	0.000621796
387	12	1423	1423	0.00919533
387	13	385	385	0.0201473
387	14	6916	6916	0.0143356
387	15	14355	14355	0.0208168
387	16	13	13	0.000156403
387	17	50256	50256	0
388	5	656	656	5.72205e-06
388	6	257	257	7.62939e-06
388	7	1296	1296	0.026968
388	8	5292	5292	0.00025177
388	9	284	284	7.62939e-06
388	10	21363	21363	0.000261307
388	11	663	663	0.00012207
388	12	10154	10154	0.00646973
388	13	13	13	2.09808e-05
388	14	50256	50256	0
389	5	8899	8899	0.0173912
389	6	35076	35076	0.0104027
389	7	18180	18180	0.00530815
389	8	3745	3745	0.000789642
389	9	257	257	0.000715256
389	10	1588	1588	0.000318527
389	11	25979	25979	0.00210762
389	12	287	287	4.19617e-05
389	13	19483	19483	0.00218773
389	14	290	290	5.72205e-06
389	15	3794	3794	0.00320816
389	16	13	13	0
389	17	50256	50256	0
390	5	1296	1296	0.00688744
390	6	257	257	0.000362396
390	7	14153	14153	0.00028038
390	8	1339	1339	0.000411987
390	9	1088	1088	0.00204277
390	10	262	262	0.00015831
390	11	3632	3632	0.00603294
390	12	13	13	3.8147e-06
390	13	50256	50256	0
391	5	1262	1262	0.00185394
391	6	12278	12278	0.000965118
391	7	10425	10425	0.00633621
391	8	290	290	5.53131e-05
391	9	5931	5931	0.0198803
391	10	2085	2085	0.00209999
391	11	9302	9302	0.00137329
391	12	13	13	3.8147e-06
391	13	50256	50256	0
392	5	286	286	5.72205e-06
392	6	257	257	2.47955e-05
392	7	6808	6808	0.00674248
392	8	11	11	0.00159264
392	9	257	257	9.34601e-05
392	10	1688	1688	0.000968933
392	11	2368	2368	0.000646591
392	12	11	11	0.0297565
392	13	290	290	9.53674e-06
392	14	257	257	0
392	15	2818	2818	0.0205612
392	16	8150	8150	0.00465775
392	17	13	13	7.62939e-06
392	18	50256	50256	0
393	5	734	734	0.00146675
393	6	3891	3891	0.000249863
393	7	329	329	0.000431061
393	8	262	262	1.90735e-06
393	9	976	976	0.00649071
393	10	33158	33158	0.00786972
393	11	13833	13833	0.00165939
393	12	13	13	0
393	13	50256	50256	0
394	5	3578	3578	0.00120163
394	6	38575	38575	0.00584793
394	7	13871	13871	0.00692558
394	8	621	621	0.00136375
394	9	262	262	7.62939e-06
394	10	1388	1388	0.042944
394	11	5046	5046	0.00524139
394	12	3436	3436	0.00423241
394	13	13	13	1.90735e-06
394	14	50256	50256	0
395	5	44504	44504	0.00777435
395	6	422	422	0.00881195
395	7	12734	12734	0.00339699
395	8	290	290	5.72205e-06
395	9	10385	10385	0.00138092
395	10	340	340	0.000419617
395	11	656	656	4.19617e-05
395	12	12498	12498	0.00130272
395	13	13	13	1.33514e-05
395	14	50256	50256	0
396	5	832	832	3.43323e-05
396	6	257	257	7.05719e-05
396	7	1429	1429	0.00159073
396	8	1444	1444	1.90735e-05
396	9	285	285	0.000413895
396	10	13929	13929	0.00259972
396	11	2649	2649	0.000844955
396	12	13	13	2.47955e-05
396	13	50256	50256	0
397	5	422	422	0.00123787
397	6	262	262	0
397	7	25572	25572	0.00273132
397	8	4417	4417	0.00660324
397	9	13	13	0
397	10	50256	50256	0
398	5	11	11	0.00435448
398	6	475	475	0.000263214
398	7	407	407	0.000118256
398	8	790	790	0.00751305
398	9	35991	35991	0.00535202
398	10	318	318	0.000545502
398	11	257	257	0.00129318
398	12	6616	6616	0.00753021
398	13	13	13	5.72205e-06
398	14	50256	50256	0
399	5	618	618	0.000167847
399	6	663	663	1.33514e-05
399	7	13042	13042	0.00295639
399	8	12611	12611	0.00118637
399	9	378	378	0.00332451
399	10	706	706	0.000799179
399	11	852	852	0.00028038
399	12	458	458	0.0101204
399	13	17758	17758	0.0020504
399	14	13	13	0
399	15	50256	50256	0
400	5	4351	4351	0.00650978
400	6	416	416	0.00454712
400	7	15637	15637	0.00758934
400	8	369	369	0.00468063
400	9	11124	11124	0.011734
400	10	290	290	1.33514e-05
400	11	24748	24748	0.00310135
400	12	596	596	0.00292587
400	13	1022	1022	0.000619888
400	14	663	663	8.01086e-05
400	15	7714	7714	0.000715256
400	16	13	13	3.8147e-06
400	17	50256	50256	0
401	5	1458	1458	0.011713
401	6	1437	1437	0.00990295
401	7	355	355	0.000902176
401	8	340	340	0.00313568
401	9	30174	30174	0.00395775
401	10	351	351	0.000871658
401	11	15938	15938	0.000450134
401	12	287	287	2.86102e-05
401	13	663	663	0.0001297
401	14	21334	21334	0.00823021
401	15	13	13	3.8147e-06
401	16	50256	50256	0
402	5	373	373	0.00505257
402	6	3170	3170	0.000181198
402	7	329	329	0.000331879
402	8	262	262	1.90735e-06
402	9	6342	6342	0.000549316
402	10	45357	45357	0.000606537
402	11	286	286	3.24249e-05
402	12	49545	49545	0.0058403
402	13	13	13	3.43323e-05
402	14	50256	50256	0
403	5	15268	15268	0.000236511
403	6	290	290	0.000133514
403	7	13532	13532	0.00333595
403	8	2427	2427	0.00310898
403	9	286	286	0
403	10	691	691	0.052906
403	11	257	257	0.000398636
403	12	5969	5969	0.0110512
403	13	10706	10706	0.000907898
403	14	286	286	1.90735e-06
403	15	17848	17848	0.000955582
403	16	13	13	0
403	17	50256	50256	0
404	5	28408	28408	0.0136757
404	6	430	430	0.00820923
404	7	704	704	0.000469208
404	8	1313	1313	0.0153008
404	9	389	389	0.000324249
404	10	1440	1440	0.000396729
404	11	1602	1602	0.00971794
404	12	14796	14796	0.00595093
404	13	44360	44360	0.00555038
404	14	13	13	1.90735e-06
404	15	50256	50256	0
405	5	18665	18665	0.000816345
405	6	1660	1660	0.000427246
405	7	284	284	2.28882e-05
405	8	11684	11684	0.00298882
405	9	290	290	1.90735e-06
405	10	4736	4736	0.00710297
405	11	13	13	0
405	12	50256	50256	0
406	5	21891	21891	0.00915909
406	6	11	11	0.000677109
406	7	281	281	0.000165939
406	8	6156	6156	0.0121746
406	9	19517	19517	0.0261383
406	10	1748	1748	0.000148773
406	11	13	13	3.8147e-06
406	12	50256	50256	0
407	5	43088	43088	0.00581932
407	6	351	351	0.000118256
407	7	471	471	0.0029068
407	8	12	12	0.000246048
407	9	16760	16760	0.000459671
407	10	3272	3272	0.000905991
407	11	9004	9004	0.00188255
407	12	13	13	0
407	13	50256	50256	0
408	5	13108	13108	0.000577927
408	6	10340	10340	0.000598907
408	7	13	13	0
408	8	50256	50256	0
409	5	4645	4645	0.0127029
409	6	4635	4635	0.00156021
409	7	416	416	5.72205e-06
409	8	1728	1728	0.00126457
409	9	38467	38467	0.00311661
409	10	13	13	2.86102e-05
409	11	50256	50256	0
410	5	810	810	0.0079174
410	6	27163	27163	0.0284758
410	7	33408	33408	0.00418472
410	8	12188	12188	0.00631142
410	9	510	510	0.00772095
410	10	1474	1474	0.000808716
410	11	257	257	1.90735e-06
410	12	7850	7850	0.0059948
410	13	338	338	0
410	14	5422	5422	0.000955582
410	15	13	13	1.33514e-05
410	16	50256	50256	0
411	5	41578	41578	0.00114632
411	6	11	11	0.000114441
411	7	1474	1474	0.00028038
411	8	262	262	3.24249e-05
411	9	8211	8211	0.00097847
411	10	7051	7051	0.00444984
411	11	13	13	0.00037384
411	12	50256	50256	0
412	5	9565	9565	0.00559235
412	6	24049	24049	0.00261879
412	7	862	862	0.0244331
412	8	11	11	0.00157166
412	9	336	336	0.00253868
412	10	15515	15515	0.00175476
412	11	11	11	0.0045929
412	12	290	290	9.53674e-06
412	13	584	584	0.000579834
412	14	16759	16759	0.00605583
412	15	13	13	0
412	16	50256	50256	0
413	5	286	286	3.24249e-05
413	6	734	734	0.00916672
413	7	6134	6134	0.000301361
413	8	523	523	0.00213432
413	9	326	326	0.000102997
413	10	484	484	0.00863838
413	11	1663	1663	0.00135803
413	12	1978	1978	0.00344276
413	13	13	13	3.8147e-06
413	14	50256	50256	0
414	5	925	925	0.00184822
414	6	416	416	0.000164032
414	7	10708	10708	0.00691414
414	8	290	290	0.000152588
414	9	23610	23610	0.0101662
414	10	7135	7135	0.000684738
414	11	22670	22670	0.00247192
414	12	286	286	1.90735e-06
414	13	3348	3348	0.00105476
414	14	13	13	5.72205e-06
414	15	50256	50256	0
415	5	15568	15568	0.00415421
415	6	1864	1864	0.0065155
415	7	284	284	3.8147e-06
415	8	7729	7729	0.00180054
415	9	5281	5281	0.00232887
415	10	416	416	0.000326157
415	11	31228	31228	0.00323105
415	12	25897	25897	0.00182533
415	13	13	13	5.72205e-06
415	14	50256	50256	0
416	5	4909	4909	0.0016613
416	6	749	749	0.00520515
416	7	286	286	1.33514e-05
416	8	22779	22779	0.00157928
416	9	8602	8602	0.0535774
416	10	290	290	1.90735e-06
416	11	19101	19101	0.000869751
416	12	13	13	0
416	13	50256	50256	0
417	5	5478	5478	0.00380516
417	6	338	338	3.05176e-05
417	7	10596	10596	0.00906372
417	8	7051	7051	0.000974655
417	9	11	11	0.000509262
417	10	318	318	0.0012207
417	11	262	262	1.90735e-05
417	12	3139	3139	0.000505447
417	13	286	286	1.71661e-05
417	14	49657	49657	0.00408936
417	15	13	13	0
417	16	50256	50256	0
418	5	874	874	0.0200138
418	6	7330	7330	0.00071907
418	7	20901	20901	0.00238419
418	8	422	422	0.00122452
418	9	33773	33773	0.0184183
418	10	2877	2877	0.000679016
418	11	1626	1626	0.000684738
418	12	511	511	0.00581551
418	13	21379	21379	0.000104904
418	14	13	13	5.72205e-06
418	15	50256	50256	0
419	5	543	543	0.0481472
419	6	2568	2568	5.53131e-05
419	7	318	318	0.000171661
419	8	11172	11172	0.000284195
419	9	393	393	0.000240326
419	10	670	670	0.00235748
419	11	318	318	8.01086e-05
419	12	1760	1760	0.000841141
419	13	13	13	0
419	14	50256	50256	0
420	5	6364	6364	0.00382423
420	6	3585	3585	0.0050869
420	7	284	284	1.14441e-05
420	8	530	530	0.00226021
420	9	1194	1194	0.000204086
420	10	1973	1973	0.0127983
420	11	3668	3668	0.000144958
420	12	338	338	3.05176e-05
420	13	4417	4417	0.000400543
420	14	13	13	9.53674e-06
420	15	50256	50256	0
421	5	19853	19853	0.0017643
421	6	16736	16736	0.00143051
421	7	2029	2029	0.00464249
421	8	262	262	0.00120354
421	9	4417	4417	0.00281906
421	10	286	286	0.000207901
421	11	8706	8706	0.00122452
421	12	13	13	9.53674e-06
421	13	50256	50256	0
422	5	8384	8384	0.000120163
422	6	329	329	0.000371933
422	7	663	663	0.0104122
422	8	35988	35988	0.00129318
422	9	5667	5667	0.000135422
422	10	13	13	0.000286102
422	11	50256	50256	0
423	5	929	929	0.00140572
423	6	8231	8231	0.019577
423	7	11	11	0.000181198
423	8	407	407	0.000171661
423	9	1866	1866	0.00263977
423	10	286	286	1.14441e-05
423	11	262	262	3.8147e-06
423	12	6842	6842	0.00138283
423	13	1641	1641	0.00900841
423	14	13	13	0
423	15	50256	50256	3.8147e-06
424	5	416	416	0.000144958
424	6	41878	41878	0.000753403
424	7	1402	1402	0.000597
424	8	5207	5207	0.0042038
424	9	286	286	0
424	10	2587	2587	0.0602541
424	11	13	13	0.000101089
424	12	50256	50256	0
425	5	6588	6588	0.00929642
425	6	23235	23235	0.0136166
425	7	326	326	5.72205e-06
425	8	460	460	0.00226212
425	9	10649	10649	0.00193596
425	10	1613	1613	0.00413132
425	11	530	530	0.000463486
425	12	1194	1194	0.000242233
425	13	13	13	0.000205994
425	14	50256	50256	0
426	5	422	422	0.000967026
426	6	14659	14659	0.00173759
426	7	286	286	1.90735e-06
426	8	23206	23206	0.00365067
426	9	17045	17045	0.000442505
426	10	13	13	0
426	11	50256	50256	0
427	5	1111	1111	0.000545502
427	6	5594	5594	0.000385284
427	7	284	284	0.000246048
427	8	262	262	1.71661e-05
427	9	285	285	0.00037384
427	10	692	692	0.0173063
427	11	17990	17990	0.00688744
427	12	1448	1448	0.00359535
427	13	13	13	3.8147e-06
427	14	50256	50256	0
428	5	286	286	0.000276566
428	6	16639	16639	0.00159073
428	7	544	544	0.00172043
428	8	11	11	0.000967026
428	9	635	635	0.00331879
428	10	1444	1444	0.000116348
428	11	262	262	0.000339508
428	12	16639	16639	0.000679016
428	13	2066	2066	0.000650406
428	14	13	13	9.53674e-06
428	15	50256	50256	0
429	5	832	832	0.000368118
429	6	47683	47683	0.00875854
429	7	290	290	0.000629425
429	8	8106	8106	0.00427246
429	9	503	503	0.0017662
429	10	2057	2057	0.00232697
429	11	13166	13166	0.00120926
429	12	13	13	0.000354767
429	13	50256	50256	0
430	5	16839	16839	0.00979233
430	6	338	338	2.28882e-05
430	7	2292	2292	0.00632668
430	8	15947	15947	0.00107574
430	9	663	663	0.000616074
430	10	1295	1295	0.00239754
430	11	1988	1988	0.00300026
430	12	13	13	2.86102e-05
430	13	50256	50256	0
431	5	20629	20629	0.00755882
431	6	284	284	1.33514e-05
431	7	11007	11007	0.000614166
431	8	12967	12967	0.00103951
431	9	902	902	0.000543594
431	10	13	13	0
431	11	50256	50256	0
432	5	262	262	2.67029e-05
432	6	6869	6869	0.000831604
432	7	8318	8318	0.000471115
432	8	832	832	0.000127792
432	9	3668	3668	0.000442505
432	10	338	338	6.10352e-05
432	11	9082	9082	0.000904083
432	12	13	13	1.90735e-06
432	13	50256	50256	0
433	5	29410	29410	0.012125
433	6	544	544	0.00902748
433	7	290	290	3.8147e-06
433	8	3354	3354	0.000526428
433	9	286	286	4.3869e-05
433	10	7840	7840	0.00632858
433	11	22779	22779	0.00886154
433	12	2031	2031	0.00224304
433	13	13	13	0
433	14	50256	50256	0
434	5	290	290	0.000181198
434	6	37919	37919	0.00520515
434	7	710	710	0.00366402
434	8	16189	16189	0.00220871
434	9	3822	3822	0.00196648
434	10	1656	1656	0.0108681
434	11	287	287	3.43323e-05
434	12	24956	24956	0.000616074
434	13	290	290	1.90735e-05
434	14	14173	14173	0.00107193
434	15	2247	2247	0.0004673
434	16	13	13	0
434	17	50256	50256	0
435	5	893	893	0.017767
435	6	325	325	0.0048542
435	7	385	385	0.00362206
435	8	2111	2111	0.000858307
435	9	284	284	2.09808e-05
435	10	1441	1441	0.010725
435	11	1363	1363	0.00173759
435	12	706	706	0.674763
435	13	262	262	0
435	14	44695	44695	0.00254631
435	15	1810	1810	0.00071907
435	16	13	13	0
435	17	50256	50256	0
436	5	12277	12277	0.00369072
436	6	12	12	0.00288582
436	7	11545	11545	0.00436783
436	8	10340	10340	0.000335693
436	9	13	13	9.53674e-06
436	10	50256	50256	0
437	5	30176	30176	0.0155277
437	6	4778	4778	0.00129318
437	7	1444	1444	0.00123978
437	8	32858	32858	0.0135403
437	9	290	290	1.71661e-05
437	10	47314	47314	0.00658035
437	11	13	13	1.90735e-06
437	12	50256	50256	0
438	5	15358	15358	0.00851822
438	6	1505	1505	0.0157471
438	7	11	11	0.000442505
438	8	543	543	0.000499725
438	9	5419	5419	5.91278e-05
438	10	1296	1296	0.00998116
438	11	257	257	5.72205e-06
438	12	14153	14153	0.000301361
438	13	4417	4417	0.00294113
438	14	7679	7679	0.00279999
438	15	13	13	1.14441e-05
438	16	50256	50256	0
439	5	24240	24240	0.00914192
439	6	318	318	5.53131e-05
439	7	257	257	3.8147e-06
439	8	8234	8234	0.00111771
439	9	772	772	0.00146103
439	10	996	996	0.00470734
439	11	340	340	0.000318527
439	12	318	318	0.000164032
439	13	8811	8811	0.000780106
439	14	973	973	0.00841331
439	15	355	355	3.43323e-05
439	16	257	257	1.90735e-06
439	17	20236	20236	0.000782013
439	18	13	13	1.71661e-05
439	19	50256	50256	0
440	5	286	286	0
440	6	734	734	0
440	7	13043	13043	0.00727654
440	8	11	11	0.00044632
440	9	1690	1690	0.00187492
440	10	5399	5399	0.00121498
440	11	1978	1978	0.000556946
440	12	13	13	0.000179291
440	13	50256	50256	0
441	5	42085	42085	0.00753021
441	6	2138	2138	0.00211334
441	7	621	621	2.86102e-05
441	8	2641	2641	0.00479507
441	9	262	262	2.28882e-05
441	10	3096	3096	0.00318909
441	11	338	338	3.8147e-06
441	12	24438	24438	0.00721741
441	13	13	13	5.72205e-05
441	14	50256	50256	0
442	5	9530	9530	0.00367355
442	6	5866	5866	0.000368118
442	7	11	11	0.0906496
442	8	318	318	0.00165749
442	9	2520	2520	0.000587463
442	10	4969	4969	0.00822067
442	11	338	338	1.71661e-05
442	12	3139	3139	0.000730515
442	13	13	13	0.000753403
442	14	50256	50256	0
443	5	21031	21031	0.0070343
443	6	15974	15974	0.0120831
443	7	351	351	9.72748e-05
443	8	511	511	0.000986099
443	9	16976	16976	0.0016098
443	10	2166	2166	0.00182724
443	11	7405	7405	0.00119781
443	12	13	13	5.53131e-05
443	13	50256	50256	0
444	5	422	422	0.000667572
444	6	530	530	0.000110626
444	7	3303	3303	0.00141144
444	8	656	656	1.71661e-05
444	9	1194	1194	0.000135422
444	10	10552	10552	0.00120926
444	11	13	13	2.86102e-05
444	12	50256	50256	0
445	5	262	262	7.05719e-05
445	6	717	717	0.00482368
445	7	290	290	8.96454e-05
445	8	2368	2368	0.000658035
445	9	13620	13620	0.0103378
445	10	286	286	3.8147e-06
445	11	262	262	0.000173569
445	12	25572	25572	0.000246048
445	13	6772	6772	0.00477028
445	14	13	13	5.72205e-06
445	15	50256	50256	0
446	5	9052	9052	0.00235367
446	6	460	460	0.0011692
446	7	21155	21155	0.000610352
446	8	257	257	1.71661e-05
446	9	15004	15004	0.00514793
446	10	13	13	0
446	11	50256	50256	0
447	5	286	286	0.00153732
447	6	18064	18064	0.00339317
447	7	24969	24969	0.0141697
447	8	803	803	0.00524521
447	9	5186	5186	0.00277901
447	10	290	290	1.90735e-06
447	11	14091	14091	0.00550079
447	12	7032	7032	0.000337601
447	13	13	13	1.52588e-05
447	14	50256	50256	0
448	5	17456	17456	0.00130844
448	6	338	338	0.000102997
448	7	3139	3139	8.96454e-05
448	8	11	11	0.00130081
448	9	1474	1474	0.000535965
448	10	262	262	0.000274658
448	11	843	843	0.00549126
448	12	274	274	0.000925064
448	13	21124	21124	0.000572205
448	14	13	13	0.000144958
448	15	50256	50256	0
449	5	49810	49810	0.00281525
449	6	5788	5788	0.00318146
449	7	3025	3025	0.00769043
449	8	26741	26741	0.00203705
449	9	460	460	0.00119972
449	10	1656	1656	0.000577927
449	11	355	355	0.000499725
449	12	7987	7987	0.00108719
449	13	38980	38980	0.00252342
449	14	37783	37783	0.00266838
449	15	13	13	0
449	16	50256	50256	0
450	5	31685	31685	0.00267029
450	6	82	82	0.00688362
450	7	1588	1588	0.00105858
450	8	12	12	0.00236702
450	9	9888	9888	0.0021019
450	10	3867	3867	0.00361061
450	11	1633	1633	0.0143661
450	12	284	284	0.000127792
450	13	262	262	0.00136948
450	14	826	826	0.065753
450	15	287	287	2.67029e-05
450	16	262	262	1.14441e-05
450	17	8342	8342	0.000486374
450	18	42811	42811	0.00197411
450	19	13	13	0
450	20	50256	50256	0
451	5	530	530	0.00088501
451	6	3470	3470	0.00223923
451	7	7370	7370	0.00278282
451	8	34186	34186	0.00237846
451	9	739	739	0.000326157
451	10	530	530	0.00230217
451	11	8137	8137	0.000350952
451	12	286	286	3.8147e-06
451	13	3833	3833	2.47955e-05
451	14	13	13	3.8147e-06
451	15	50256	50256	0
452	5	262	262	5.72205e-06
452	6	886	886	0.00976181
452	7	286	286	0.000185013
452	8	257	257	1.90735e-06
452	9	1277	1277	0.002491
452	10	3194	3194	0.00131607
452	11	1808	1808	0.0113602
452	12	287	287	4.76837e-05
452	13	3594	3594	0.00127411
452	14	13	13	0.00167656
452	15	50256	50256	0
453	5	17556	17556	0.0072422
453	6	287	287	8.2016e-05
453	7	663	663	0.000253677
453	8	4735	4735	0.00247765
453	9	1296	1296	0.328475
453	10	13	13	0.000782013
453	11	50256	50256	0
454	5	402	402	0.00273514
454	6	5350	5350	0.00144005
454	7	318	318	0.00437164
454	8	636	636	0.00127983
454	9	286	286	9.91821e-05
454	10	262	262	7.62939e-06
454	11	4025	4025	0.00663567
454	12	8882	8882	0.00246429
454	13	397	397	0.000926971
454	14	9869	9869	0.00616837
454	15	1045	1045	0.000581741
454	16	13	13	0
454	17	50256	50256	0
455	5	2033	2033	0.0080986
455	6	286	286	0.000356674
455	7	26306	26306	0.000396729
455	8	37056	37056	0.00531578
455	9	287	287	0
455	10	32085	32085	0.00360489
455	11	729	729	0.00277901
455	12	13	13	0
455	13	50256	50256	0
456	5	712	712	0.00854874
456	6	39781	39781	0.00191689
456	7	2630	2630	0.00265121
456	8	262	262	0.000131607
456	9	5337	5337	0.0196056
456	10	2094	2094	0.0126095
456	11	2264	2264	0.00635338
456	12	844	844	0.00317574
456	13	1258	1258	0.00117111
456	14	13	13	3.8147e-06
456	15	50256	50256	0
457	5	411	411	0.00992393
457	6	15695	15695	0.00231552
457	7	78	78	0.00530434
457	8	1724	1724	0.00130463
457	9	284	284	0.000257492
457	10	1716	1716	0.0071888
457	11	11835	11835	0.00115204
457	12	27089	27089	0.00088501
457	13	13	13	2.09808e-05
457	14	50256	50256	0
458	5	14520	14520	0.00363159
458	6	318	318	0.00451279
458	7	663	663	5.72205e-06
458	8	25317	25317	0.00207329
458	9	13	13	0
458	10	50256	50256	0
459	5	1180	1180	0.0040741
459	6	13204	13204	0.00448036
459	7	5107	5107	0.000587463
459	8	286	286	1.90735e-06
459	9	262	262	0.000486374
459	10	5002	5002	0.00180054
459	11	6588	6588	0.00186539
459	12	13	13	0
459	13	50256	50256	0
460	5	17465	17465	0.00239944
460	6	15225	15225	0.0040493
460	7	857	857	0.0100193
460	8	407	407	0.00410271
460	9	6338	6338	0.00224495
460	10	11169	11169	0.00164795
460	11	3703	3703	0.0183239
460	12	326	326	2.86102e-05
460	13	373	373	0.0124149
460	14	1239	1239	0.0179863
460	15	6264	6264	0.00131416
460	16	13	13	0
460	17	50256	50256	0
461	5	525	525	0.00205803
461	6	907	907	0.0053196
461	7	11	11	0.000352859
461	8	308	308	0.0271978
461	9	676	676	0.00467491
461	10	2188	2188	0.00317383
461	11	7150	7150	0.0045433
461	12	14999	14999	0.00185966
461	13	511	511	0.000431061
461	14	5667	5667	0.00317192
461	15	1123	1123	0.000606537
461	16	23608	23608	0.00331879
461	17	13	13	0
461	18	50256	50256	0
462	5	12748	12748	0.0103703
462	6	7463	7463	0.00214767
462	7	5563	5563	0.00156212
462	8	423	423	0.00245476
462	9	6702	6702	0.00712585
462	10	262	262	0.000411987
462	11	976	976	0.00358772
462	12	20309	20309	0.00743103
462	13	618	618	0.00250816
462	14	1633	1633	0.0044136
462	15	6625	6625	0.0015564
462	16	318	318	0.000926971
462	17	36480	36480	0.00146484
462	18	13	13	1.90735e-06
462	19	50256	50256	0
463	5	511	511	0.000333786
463	6	11904	11904	0.000135422
463	7	287	287	9.53674e-06
463	8	47314	47314	0.00135994
463	9	2138	2138	0.000482559
463	10	621	621	9.53674e-05
463	11	15921	15921	0.00404549
463	12	13	13	3.8147e-06
463	13	50256	50256	0
464	5	530	530	0.000377655
464	6	7319	7319	0.00206566
464	7	10700	10700	0.0043335
464	8	13	13	1.90735e-06
464	9	50256	50256	0
465	5	3372	3372	0.0151253
465	6	14644	14644	0.000890732
465	7	2291	2291	0.00324059
465	8	4263	4263	0.00312233
465	9	286	286	5.72205e-06
465	10	14260	14260	0.00391579
465	11	290	290	3.8147e-06
465	12	40317	40317	0.00103569
465	13	13	13	1.33514e-05
465	14	50256	50256	0
466	5	6795	6795	0.00313759
466	6	287	287	2.28882e-05
466	7	14174	14174	0.000989914
466	8	6650	6650	0.00347137
466	9	13	13	0
466	10	50256	50256	0
467	5	13179	13179	0.00657272
467	6	656	656	3.8147e-05
467	7	6268	6268	0.00131226
467	8	1863	1863	7.82013e-05
467	9	663	663	2.28882e-05
467	10	16488	16488	0.00626755
467	11	13	13	0
467	12	50256	50256	0
468	5	257	257	4.76837e-05
468	6	5664	5664	0.00184441
468	7	13	13	0
468	8	50256	50256	0
469	5	2727	2727	0.0654602
469	6	262	262	3.8147e-06
469	7	19812	19812	0.00382614
469	8	3240	3240	0.000993729
469	9	286	286	1.14441e-05
469	10	4100	4100	0.00317383
469	11	22311	22311	0.000488281
469	12	13	13	5.72205e-06
469	13	50256	50256	0
470	5	4486	4486	0.00246811
470	6	878	878	0.00428772
470	7	8978	8978	0.00122452
470	8	262	262	5.72205e-06
470	9	2258	2258	0.000116348
470	10	6896	6896	0.000871658
470	11	13	13	7.62939e-06
470	12	50256	50256	0
471	5	286	286	1.52588e-05
471	6	7446	7446	0.000806808
471	7	3917	3917	0.000511169
471	8	351	351	0.00125122
471	9	15568	15568	0.000434875
471	10	287	287	1.14441e-05
471	11	304	304	0.0139475
471	12	2724	2724	0.00828362
471	13	560	560	0.0013752
471	14	6210	6210	0.0363865
471	15	4778	4778	0.017395
471	16	13	13	1.90735e-06
471	17	50256	50256	0
472	5	16839	16839	0.00462914
472	6	326	326	0.000555038
472	7	460	460	0.000267029
472	8	1011	1011	0.0019474
472	9	530	530	1.52588e-05
472	10	286	286	0.000686646
472	11	734	734	0.000549316
472	12	3815	3815	0.0015564
472	13	13	13	3.43323e-05
472	14	50256	50256	0
473	5	656	656	7.62939e-06
473	6	734	734	0.00148582
473	7	4778	4778	0.00146103
473	8	13	13	3.8147e-06
473	9	50256	50256	0
474	5	17065	17065	0.00115776
474	6	355	355	0.000213623
474	7	13701	13701	0.0015049
474	8	389	389	0.0729876
474	9	7525	7525	0.0134068
474	10	12835	12835	0.0020504
474	11	336	336	0.0032959
474	12	23833	23833	0.00242233
474	13	13	13	7.62939e-06
474	14	50256	50256	0
475	5	284	284	2.67029e-05
475	6	262	262	0.000246048
475	7	4571	4571	0.00585175
475	8	286	286	1.52588e-05
475	9	3668	3668	0.000608444
475	10	338	338	3.8147e-06
475	11	5093	5093	0.000246048
475	12	5724	5724	0.0139408
475	13	864	864	0.0113411
475	14	16488	16488	0.0112038
475	15	13	13	9.53674e-06
475	16	50256	50256	0
476	5	10183	10183	0.0020752
476	6	2258	2258	0.00206947
476	7	2253	2253	0.00323105
476	8	13	13	0.000127792
476	9	50256	50256	0
477	5	402	402	0.00999451
477	6	23638	23638	0.00451279
477	7	21001	21001	0.00155258
477	8	257	257	0.000133514
477	9	1692	1692	0.000614166
477	10	1182	1182	0.00519943
477	11	351	351	0.000566483
477	12	257	257	7.05719e-05
477	13	18744	18744	0.0759544
477	14	338	338	1.33514e-05
477	15	1767	1767	0.00690842
477	16	13	13	1.90735e-06
477	17	50256	50256	0
478	5	257	257	4.19617e-05
478	6	26041	26041	0.00515175
478	7	30971	30971	0.00248909
478	8	2524	2524	0.00149918
478	9	319	319	0.000494003
478	10	262	262	1.90735e-06
478	11	575	575	0.0012722
478	12	1229	1229	0.00181007
478	13	39036	39036	0.000753403
478	14	24078	24078	0.000829697
478	15	13	13	0.000160217
478	16	50256	50256	0
479	5	4729	4729	0.0302811
479	6	530	530	0.000785828
479	7	1194	1194	0.000144958
479	8	287	287	1.90735e-05
479	9	281	281	0.000286102
479	10	22088	22088	0.0275726
479	11	291	291	0.0085392
479	12	4735	4735	0.0107002
479	13	13	13	9.53674e-06
479	14	50256	50256	0
480	5	355	355	0.00557518
480	6	262	262	2.67029e-05
480	7	3139	3139	0.0399895
480	8	1748	1748	0.000844955
480	9	286	286	3.8147e-06
480	10	16490	16490	0.0061245
480	11	13	13	0.00100708
480	12	50256	50256	0
481	5	290	290	4.95911e-05
481	6	6140	6140	0.00716972
481	7	262	262	0.000450134
481	8	44639	44639	0.00306702
481	9	286	286	5.72205e-06
481	10	39515	39515	0.00663185
481	11	13	13	0
481	12	50256	50256	0
482	5	262	262	0.000680923
482	6	2656	2656	0.00413513
482	7	1366	1366	0.00163651
482	8	284	284	2.47955e-05
482	9	307	307	0.00120735
482	10	49594	49594	0.000608444
482	11	3446	3446	0.000602722
482	12	13	13	0
482	13	50256	50256	0
483	5	1317	1317	0.00702667
483	6	379	379	0.00192642
483	7	262	262	5.72205e-06
483	8	3726	3726	0.00175476
483	9	286	286	9.15527e-05
483	10	257	257	0.000461578
483	11	3194	3194	0.000589371
483	12	1808	1808	0.00422859
483	13	13	13	0
483	14	50256	50256	0
484	5	2678	2678	0.0103359
484	6	11	11	0.0252419
484	7	1390	1390	0.0010643
484	8	14679	14679	0.0108433
484	9	290	290	9.53674e-06
484	10	17322	17322	0.000236511
484	11	13	13	1.14441e-05
484	12	50256	50256	0
485	5	290	290	4.57764e-05
485	6	5594	5594	0.000198364
485	7	284	284	5.72205e-06
485	8	262	262	0.000118256
485	9	610	610	0.00300598
485	10	620	620	0.0051136
485	11	77	77	0.0305862
485	12	2340	2340	9.15527e-05
485	13	13	13	1.14441e-05
485	14	50256	50256	0
486	5	38967	38967	0.00242805
486	6	5911	5911	0.00233459
486	7	257	257	1.90735e-06
486	8	2524	2524	0.00028038
486	9	338	338	1.90735e-06
486	10	9574	9574	0.000921249
486	11	286	286	0
486	12	13755	13755	0.000940323
486	13	13	13	1.90735e-06
486	14	50256	50256	0
487	5	3146	3146	0.000610352
487	6	13	13	0
487	7	50256	50256	0
488	5	3407	3407	0.00706482
488	6	6285	6285	0.00129318
488	7	6637	6637	0.0028286
488	8	3170	3170	0.00218773
488	9	1141	1141	0.00104904
488	10	1180	1180	0.000450134
488	11	37860	37860	0.00912094
488	12	459	459	0.00124359
488	13	444	444	0.00465012
488	14	13	13	0
488	15	50256	50256	0
489	5	11	11	0.0007267
489	6	981	981	0.000360489
489	7	257	257	0
489	8	2116	2116	0.000513077
489	9	12	12	0.00421333
489	10	634	634	0.000900269
489	11	12907	12907	0.00481987
489	12	6870	6870	0.00141335
489	13	262	262	6.48499e-05
489	14	6802	6802	0.02981
489	15	13	13	0
489	16	50256	50256	0
490	5	287	287	4.00543e-05
490	6	2882	2882	0.000757217
490	7	284	284	7.62939e-06
490	8	13522	13522	0.000778198
490	9	13	13	1.90735e-06
490	10	50256	50256	0
491	5	3139	3139	0.000123978
491	6	11	11	0.00323486
491	7	319	319	0.000154495
491	8	262	262	7.24792e-05
491	9	12108	12108	0.000537872
491	10	286	286	0.00015831
491	11	22777	22777	0.0011158
491	12	13	13	0
491	13	50256	50256	0
492	5	24907	24907	0.00222969
492	6	416	416	0.000188828
492	7	31094	31094	0.00191307
492	8	28471	28471	0.000886917
492	9	13	13	0
492	10	50256	50256	0
493	5	7446	7446	0.00779152
493	6	7000	7000	0.00223351
493	7	8513	8513	0.005373
493	8	1321	1321	0.000974655
493	9	13	13	1.90735e-06
493	10	50256	50256	0
494	5	284	284	0.000185013
494	6	3197	3197	0.00708389
494	7	21181	21181	0.00371361
494	8	832	832	0.000173569
494	9	23607	23607	0.000770569
494	10	13	13	0
494	11	50256	50256	0
495	5	20394	20394	0.00733948
495	6	7572	7572	0.0184326
495	7	290	290	1.90735e-05
495	8	987	987	0.00470734
495	9	48331	48331	0.00400352
495	10	15268	15268	0.000810623
495	11	13	13	0
495	12	50256	50256	0
496	5	1973	1973	0.00256538
496	6	2031	2031	0.00206947
496	7	1141	1141	0.00135803
496	8	262	262	2.67029e-05
496	9	1440	1440	0.000751495
496	10	20283	20283	0.000638962
496	11	4289	4289	0.00150108
496	12	13	13	0
496	13	50256	50256	0
497	5	2057	2057	0.000705719
497	6	1863	1863	0.00012207
497	7	262	262	6.10352e-05
497	8	34616	34616	0.00289726
497	9	14998	14998	0.00182152
497	10	13	13	9.53674e-06
497	11	50256	50256	0
498	5	878	878	0.00126076
498	6	5033	5033	0.00125885
498	7	8539	8539	0.0127659
498	8	276	276	0.00344086
498	9	6490	6490	0.00079155
498	10	13	13	0
498	11	50256	50256	0
499	5	18355	18355	0.0110245
499	6	12135	12135	0.00668526
499	7	15114	15114	0.0028019
499	8	355	355	0.00299644
499	9	2208	2208	0.00505066
499	10	24494	24494	0.0021553
499	11	276	276	0.00611877
499	12	1660	1660	0.00060463
499	13	44389	44389	0.0123329
499	14	4291	4291	0.00378609
499	15	4771	4771	0.0245323
499	16	13166	13166	0.00777054
499	17	13	13	1.90735e-06
499	18	50256	50256	0
500	5	379	379	0.000658035
500	6	543	543	0.00149727
500	7	2647	2647	0.00400162
500	8	318	318	4.19617e-05
500	9	6157	6157	0.00258827
500	10	13	13	0
500	11	50256	50256	0
501	5	5440	5440	0.000490189
501	6	3917	3917	0.00943184
501	7	351	351	0.000104904
501	8	262	262	2.09808e-05
501	9	509	509	0.0062542
501	10	9019	9019	0.00671196
501	11	525	525	0.0213499
501	12	16734	16734	0.00156403
501	13	13	13	0
501	14	50256	50256	0
502	5	262	262	0.000118256
502	6	2297	2297	0.00403214
502	7	6896	6896	0.000247955
502	8	290	290	0.000331879
502	9	262	262	0.000455856
502	10	22035	22035	0.00451469
502	11	12108	12108	0.000841141
502	12	13	13	7.05719e-05
502	13	50256	50256	0
503	5	16968	16968	0.0014267
503	6	1660	1660	0.00056839
503	7	2641	2641	0.0115013
503	8	606	606	0.00225067
503	9	12188	12188	0.00160599
503	10	6751	6751	0.00110245
503	11	3833	3833	0.00038147
503	12	13	13	6.67572e-05
503	13	50256	50256	0
504	5	22037	22037	0.00182915
504	6	13100	13100	0.000997543
504	7	284	284	7.62939e-06
504	8	1440	1440	0.000434875
504	9	19651	19651	0.000459671
504	10	6588	6588	0.0303974
504	11	23235	23235	0.00355721
504	12	13	13	0
504	13	50256	50256	0
505	5	18391	18391	0.00107002
505	6	4778	4778	0.055975
505	7	284	284	1.90735e-06
505	8	1296	1296	0.00180054
505	9	257	257	0.000160217
505	10	649	649	0.00110245
505	11	1976	1976	0.00277519
505	12	35641	35641	0.0050602
505	13	1258	1258	0.00297546
505	14	13	13	0
505	15	50256	50256	0
506	5	625	625	0.00310135
506	6	37294	37294	0.0803432
506	7	5207	5207	0.000974655
506	8	13	13	2.09808e-05
506	9	50256	50256	0
507	5	284	284	7.24792e-05
507	6	12405	12405	0.00264168
507	7	290	290	0.000110626
507	8	18510	18510	0.00101852
507	9	50126	50126	0.00408745
507	10	1366	1366	0.00391006
507	11	13	13	1.14441e-05
507	12	50256	50256	0
508	5	1022	1022	7.43866e-05
508	6	290	290	0.00204849
508	7	1088	1088	0.00769806
508	8	262	262	0.000375748
508	9	14189	14189	0.00374031
508	10	2442	2442	0.0007267
508	11	290	290	0.000106812
508	12	47441	47441	0.00120735
508	13	9700	9700	0.00174713
508	14	18180	18180	0.0060463
508	15	13	13	9.53674e-06
508	16	50256	50256	0
509	5	11	11	0.0126247
509	6	981	981	0.00106239
509	7	4530	4530	0.0131931
509	8	286	286	3.8147e-06
509	9	262	262	0.00012207
509	10	976	976	0.0094614
509	11	1051	1051	0.00133705
509	12	1128	1128	0.00304222
509	13	417	417	0.0348911
509	14	13	13	1.90735e-06
509	15	50256	50256	0
510	5	12	12	0.00161171
510	6	2385	2385	0.00130272
510	7	863	863	0.0409527
510	8	2712	2712	0.0052433
510	9	4116	4116	0.00627136
510	10	4909	4909	0.00025177
510	11	1440	1440	0.000278473
510	12	14803	14803	0.00325203
510	13	13	13	0
510	14	50256	50256	0
511	5	257	257	0
511	6	14091	14091	0.00232506
511	7	2214	2214	0.00427055
511	8	13	13	0.000267029
511	9	50256	50256	0
512	5	3188	3188	0.00404358
512	6	393	393	0.000375748
512	7	4067	4067	0.00142288
512	8	284	284	3.8147e-06
512	9	1194	1194	0.000104904
512	10	8271	8271	0.00158119
512	11	393	393	6.48499e-05
512	12	4067	4067	0.00128937
512	13	13	13	0
512	14	50256	50256	0
513	5	4695	4695	0.000242233
513	6	287	287	0.000455856
513	7	16976	16976	0.00292206
513	8	11	11	0.000164032
513	9	18086	18086	0.00235558
513	10	12	12	7.82013e-05
513	11	16760	16760	0.000379562
513	12	5667	5667	0.0327778
513	13	13	13	0
513	14	50256	50256	0
514	5	319	319	9.34601e-05
514	6	2869	2869	0.00200081
514	7	338	338	9.53674e-06
514	8	7022	7022	0.00473022
514	9	286	286	0
514	10	367	367	0.00271988
514	11	684	684	0.0203304
514	12	13415	13415	0.000478745
514	13	13	13	0
514	14	50256	50256	0
515	5	8122	8122	0.332864
515	6	656	656	0
515	7	257	257	1.90735e-06
515	8	3623	3623	0.570451
515	9	379	379	0.00304222
515	10	663	663	3.43323e-05
515	11	4417	4417	0.000555038
515	12	13	13	0
515	13	50256	50256	0
516	5	416	416	4.3869e-05
516	6	38797	38797	0.00122261
516	7	278	278	0.0051918
516	8	7545	7545	0.0157509
516	9	351	351	0.000127792
516	10	300	300	0.0016861
516	11	12009	12009	0.00343513
516	12	7408	7408	0.00266075
516	13	11492	11492	0.00466156
516	14	13	13	0
516	15	50256	50256	0
517	5	287	287	0.000297546
517	6	7408	7408	0.0278435
517	7	414	414	0.00217438
517	8	618	618	0.000415802
517	9	1402	1402	1.90735e-05
517	10	6867	6867	0.00459671
517	11	286	286	7.62939e-06
517	12	7408	7408	0.00882149
517	13	393	393	0.000955582
517	14	2779	2779	0.000579834
517	15	389	389	0.359506
517	16	2087	2087	0.000789642
517	17	13	13	0.000341415
517	18	50256	50256	0
518	5	5107	5107	0.00680542
518	6	286	286	3.8147e-06
518	7	3194	3194	0.00169563
518	8	3435	3435	0.00977516
518	9	355	355	2.47955e-05
518	10	281	281	0.000204086
518	11	1242	1242	0.0069046
518	12	13	13	4.95911e-05
518	13	50256	50256	0
519	5	3017	3017	0.00485039
519	6	465	465	0.00851822
519	7	898	898	0.00338554
519	8	35674	35674	0.0030098
519	9	287	287	0.000133514
519	10	10123	10123	0.00175858
519	11	6065	6065	0.000951767
519	12	24252	24252	0.000915527
519	13	13	13	0
519	14	50256	50256	0
520	5	7421	7421	0.00421715
520	6	286	286	1.14441e-05
520	7	3878	3878	0.00258827
520	8	5491	5491	0.00745583
520	9	13	13	3.8147e-06
520	10	50256	50256	0
521	5	44771	44771	0.00145721
521	6	262	262	0.0100784
521	7	27806	27806	0.00347519
521	8	286	286	0
521	9	262	262	5.72205e-06
521	10	449	449	0.00512886
521	11	544	544	0.009552
521	12	1641	1641	0.000284195
521	13	13	13	0
521	14	50256	50256	0
522	5	28721	28721	0.00137329
522	6	287	287	0.000480652
522	7	8850	8850	0.00375938
522	8	1103	1103	0.000795364
522	9	34768	34768	0.00101471
522	10	13	13	0
522	11	50256	50256	0
523	5	286	286	6.86646e-05
523	6	10183	10183	0.00175095
523	7	2520	2520	0.00457573
523	8	2253	2253	0.000907898
523	9	13	13	0
523	10	50256	50256	0
524	5	31555	31555	0.134634
524	6	262	262	5.72205e-06
524	7	4434	4434	0.00667572
524	8	323	323	0.00136185
524	9	24078	24078	0.0512257
524	10	422	422	0.00592041
524	11	5060	5060	0.00278282
524	12	26066	26066	0.00138855
524	13	13	13	0
524	14	50256	50256	0
525	5	468	468	0.0812931
525	6	37516	37516	0.000577927
525	7	12	12	0.000125885
525	8	26022	26022	0.00071907
525	9	8251	8251	0.00303078
525	10	13	13	0
525	11	50256	50256	0
526	5	262	262	1.71661e-05
526	6	40829	40829	0.031332
526	7	31643	31643	0.00247002
526	8	4886	4886	0.00483513
526	9	32726	32726	0.00726128
526	10	28192	28192	0.00310707
526	11	17745	17745	0.0983219
526	12	13	13	0
526	13	50256	50256	0
527	5	416	416	0.000812531
527	6	262	262	1.90735e-06
527	7	29973	29973	0.00527573
527	8	3048	3048	0.00149536
527	9	286	286	2.86102e-05
527	10	262	262	3.8147e-06
527	11	6869	6869	0.0191479
527	12	290	290	4.00543e-05
527	13	262	262	1.90735e-06
527	14	3825	3825	8.58307e-05
527	15	13	13	1.90735e-06
527	16	50256	50256	0
528	5	2587	2587	0.00132561
528	6	422	422	0.000469208
528	7	7815	7815	0.000675201
528	8	284	284	5.72205e-06
528	9	36717	36717	0.00182915
528	10	257	257	2.86102e-05
528	11	3785	3785	0.00220871
528	12	13	13	1.52588e-05
528	13	50256	50256	0
529	5	2568	2568	0.000480652
529	6	832	832	0.000125885
529	7	12213	12213	0.00484848
529	8	1626	1626	0.0045681
529	9	2300	2300	0.00146294
529	10	1231	1231	0.000297546
529	11	11963	11963	0.000375748
529	12	2587	2587	0.0121212
529	13	5202	5202	0.000955582
529	14	13	13	1.90735e-06
529	15	50256	50256	0
530	5	11904	11904	0.00140762
530	6	1043	1043	0.00314713
530	7	2641	2641	0.0082531
530	8	262	262	3.8147e-06
530	9	6891	6891	0.00266457
530	10	4618	4618	0.0102024
530	11	338	338	0.000553131
530	12	15921	15921	0.00455284
530	13	13	13	7.62939e-06
530	14	50256	50256	0
531	5	4833	4833	0.00104523
531	6	37446	37446	0.00637436
531	7	11	11	0.000354767
531	8	1123	1123	0.001894
531	9	351	351	0.00028801
531	10	5093	5093	0.00079155
531	11	290	290	4.57764e-05
531	12	5366	5366	0.00335884
531	13	24971	24971	0.000722885
531	14	13	13	0
531	15	50256	50256	0
532	5	5688	5688	0.00484276
532	6	416	416	0.000888824
532	7	262	262	3.8147e-06
532	8	7492	7492	0.00147247
532	9	5866	5866	0.000829697
532	10	13	13	1.90735e-06
532	11	50256	50256	0
533	5	511	511	4.3869e-05
533	6	2057	2057	0.00193214
533	7	7525	7525	0.0044384
533	8	416	416	0.0021553
533	9	6600	6600	0.00245476
533	10	4618	4618	0.00060463
533	11	2587	2587	0.0263615
533	12	13	13	0
533	13	50256	50256	0
534	5	656	656	0
534	6	262	262	9.53674e-06
534	7	2619	2619	0.00696182
534	8	6896	6896	0.00319099
534	9	832	832	0.000137329
534	10	257	257	0.000938416
534	11	1588	1588	0.00395012
534	12	25979	25979	0.000545502
534	13	13	13	3.8147e-06
534	14	50256	50256	0
535	5	663	663	0.000183105
535	6	8574	8574	0.0077095
535	7	10154	10154	0.391134
535	8	618	618	0.00103569
535	9	1176	4615	3.33273
535	10	318	318	0.00028038
535	11	4615	4615	0.107418
535	12	13	13	7.62939e-06
535	13	50256	50256	0
536	5	3696	3696	0.00410652
536	6	625	625	0.000831604
536	7	640	640	0.00047493
536	8	13	13	1.71661e-05
536	9	50256	50256	0
537	5	41898	41898	0.0198116
537	6	11	11	0.000318527
537	7	15677	15677	0.0076828
537	8	82	82	0.0031395
537	9	262	262	0.00149155
537	10	1556	1556	0.0132256
537	11	2838	2838	0.00419998
537	12	286	286	3.24249e-05
537	13	262	262	0.00146484
537	14	17467	17467	0.00136566
537	15	385	385	0.0100708
537	16	5866	5866	0.000137329
537	17	13	13	1.90735e-06
537	18	50256	50256	0
538	5	21079	21079	0.00198936
538	6	262	262	0.000131607
538	7	3085	3085	0.00293732
538	8	1627	1627	0.000375748
538	9	8686	8686	0.000173569
538	10	284	284	9.53674e-06
538	11	262	262	1.71661e-05
538	12	3465	3465	0.000589371
538	13	402	402	0.00499153
538	14	13	13	5.14984e-05
538	15	50256	50256	0
539	5	29509	29509	0.00530243
539	6	263	263	0.00721931
539	7	621	621	0.00496101
539	8	5814	5814	0.00147057
539	9	32085	32085	0.00296974
539	10	729	729	0.00208092
539	11	286	286	0.000621796
539	12	262	262	4.00543e-05
539	13	976	976	0.00772476
539	14	3664	3664	0.00424004
539	15	6269	6269	0.00251961
539	16	379	379	0.000455856
539	17	7226	7226	0.0373516
539	18	9151	9151	0.000211716
539	19	10101	10101	0.00305748
539	20	13	13	0.00116158
539	21	50256	50256	0
540	5	1022	1022	0.00189972
540	6	6632	6632	0.0159454
540	7	290	290	7.43866e-05
540	8	530	530	0.000192642
540	9	11	11	0.00097847
540	10	19889	19889	0.00543976
540	11	13	13	0
540	12	50256	50256	0
541	5	1262	1262	0.00320244
541	6	257	257	2.09808e-05
541	7	2060	2060	0.000385284
541	8	302	302	0.000864029
541	9	276	276	0.0261745
541	10	13	13	3.8147e-06
541	11	50256	50256	0
542	5	11470	11470	0.00528717
542	6	7370	7370	0.000671387
542	7	393	393	1.90735e-05
542	8	734	734	0.00486755
542	9	31028	31028	0.0045929
542	10	2511	2511	0.00617599
542	11	1547	1547	0.00183678
542	12	13	13	0
542	13	50256	50256	0
543	5	3436	3436	0.00229836
543	6	857	857	0.00728798
543	7	407	407	0.000389099
543	8	10385	10385	0.00261688
543	9	262	262	0.000167847
543	10	1366	1366	0.00400543
543	11	8574	8574	0.00323677
543	12	2641	2641	0.000740051
543	13	340	340	0.000185013
543	14	13	13	2.28882e-05
543	15	50256	50256	0
544	5	987	987	0.00140762
544	6	48331	48331	0.00163269
544	7	23607	23607	0.0032177
544	8	286	286	1.52588e-05
544	9	21181	21181	0.0093441
544	10	13	13	0
544	11	50256	50256	0
545	5	290	290	8.39233e-05
545	6	11298	11298	0.001194
545	7	4133	4133	0.00337982
545	8	884	884	0.0113621
545	9	355	355	0.000284195
545	10	11532	11532	0.000879288
545	11	4963	4963	0.000888824
545	12	13	13	1.90735e-06
545	13	50256	50256	0
546	5	287	287	2.47955e-05
546	6	257	257	5.72205e-06
546	7	16430	16430	0.000806808
546	8	13	13	0
546	9	50256	50256	0
547	5	11408	11408	0.0092926
547	6	787	787	0.00144958
547	7	10469	10469	0.00286674
547	8	2300	2300	0.00296974
547	9	422	422	0.000415802
547	10	287	287	0.000511169
547	11	36617	36617	0.00153542
547	12	4237	4237	0.000944138
547	13	13	13	5.72205e-06
547	14	50256	50256	0
548	5	38985	38985	0.0046463
548	6	636	636	0.00311279
548	7	286	286	0
548	8	7840	7840	0.000854492
548	9	17456	17456	0.000385284
548	10	13	13	3.8147e-06
548	11	50256	50256	0
549	5	6268	6268	0.00258636
549	6	656	656	1.71661e-05
549	7	18411	18411	0.00294113
549	8	2568	2568	0.000732422
549	9	13	13	1.90735e-06
549	10	50256	50256	0
550	5	734	734	6.86646e-05
550	6	318	318	0.00463867
550	7	262	262	0.000600815
550	8	691	691	0.0826797
550	9	772	772	0.00328636
550	10	530	530	0.00232887
550	11	13	13	0.000234604
550	12	50256	50256	0
551	5	262	262	0.00595284
551	6	3934	3934	0.00887871
551	7	16395	16395	0.00250244
551	8	15989	15989	0.0120792
551	9	3812	3812	0.0133286
551	10	663	663	0.0175343
551	11	6971	6971	0.000120163
551	12	8384	8384	2.67029e-05
551	13	832	832	5.53131e-05
551	14	19794	19794	0.00186157
551	15	13	13	0
551	16	50256	50256	0
552	5	262	262	0.000730515
552	6	3139	3139	0.001194
552	7	1748	1748	0.000741959
552	8	286	286	9.53674e-06
552	9	27026	27026	0.00028801
552	10	287	287	0.000112534
552	11	2520	2520	0.00296783
552	12	7229	7229	9.15527e-05
552	13	13	13	7.62939e-06
552	14	50256	50256	0
553	5	37989	37989	0.00918198
553	6	7370	7370	0.000686646
553	7	13	13	0
553	8	50256	50256	0
554	5	14422	14422	0.00141144
554	6	286	286	0.000265121
554	7	36683	36683	0.00378418
554	8	571	571	0.00329208
554	9	10304	10304	0.00634003
554	10	547	547	0.0301247
554	11	23470	23470	0.00717926
554	12	656	656	1.90735e-06
554	13	7815	7815	0.00195122
554	14	287	287	0.00199318
554	15	31592	31592	0.00591087
554	16	13	13	9.53674e-06
554	17	50256	50256	0
555	5	2753	2753	0.00358582
555	6	1295	1295	0.00105095
555	7	1973	1973	0.00183868
555	8	262	262	2.67029e-05
555	9	7714	7714	0.00237274
555	10	286	286	0
555	11	7009	7009	0.00255966
555	12	435	435	0.00424576
555	13	303	303	0.00739002
555	14	11106	11106	0.00102615
555	15	13	13	0.000406265
555	16	50256	50256	0
556	5	2939	2939	0.00473213
556	6	19794	19794	0.00356102
556	7	290	290	1.90735e-06
556	8	13902	13902	2.67029e-05
556	9	13	13	0
556	10	50256	50256	0
557	5	4263	4263	0.017252
557	6	422	422	0.00380898
557	7	867	867	0.00587273
557	8	1402	1402	0.00402832
557	9	22969	22969	0.00314713
557	10	286	286	0
557	11	3124	3124	0.00324059
557	12	13	13	0
557	13	50256	50256	0
558	5	3923	3923	0.00109482
558	6	287	287	0.00261497
558	7	262	262	6.10352e-05
558	8	5739	5739	0.00499725
558	9	8689	8689	0.00231743
558	10	286	286	1.90735e-06
558	11	1881	1881	0.000522614
558	12	39255	39255	0.00541306
558	13	290	290	7.62939e-06
558	14	1881	1881	0.00217819
558	15	27760	27760	0.00444984
558	16	13	13	1.90735e-06
558	17	50256	50256	0
559	5	286	286	0
559	6	20296	20296	0.0030899
559	7	326	326	0.00258446
559	8	5615	5615	0.00298119
559	9	287	287	1.90735e-06
559	10	262	262	3.8147e-06
559	11	41917	41917	0.00342941
559	12	1613	1613	0.0161228
559	13	13	13	0.000398636
559	14	50256	50256	0
560	5	15170	15170	0.00268936
560	6	2577	2577	0.0122833
560	7	8477	8477	0.000667572
560	8	257	257	4.00543e-05
560	9	3350	3350	0.000617981
560	10	8272	8272	0.000249863
560	11	338	338	1.71661e-05
560	12	1204	1204	0.00062561
560	13	319	319	3.62396e-05
560	14	281	281	0.000278473
560	15	7022	7022	0.00309563
560	16	13	13	5.34058e-05
560	17	50256	50256	0
561	5	3825	3825	7.82013e-05
561	6	1656	1656	0.000902176
561	7	284	284	2.09808e-05
561	8	1445	1445	0.000198364
561	9	1973	1973	0.00594521
561	10	262	262	0.000253677
561	11	6766	6766	0.00270653
561	12	1123	1123	0.00114441
561	13	1110	1110	0.015974
561	14	13	13	9.53674e-06
561	15	50256	50256	0
562	5	262	262	0.00210953
562	6	15189	15189	0.00255203
562	7	3634	3634	0.0178547
562	8	4279	4279	0.00336075
562	9	11	11	5.72205e-06
562	10	340	340	0.0001297
562	11	1276	1276	0.0194883
562	12	7719	7719	0.00643539
562	13	284	284	1.52588e-05
562	14	257	257	2.09808e-05
562	15	16599	16599	0.00522232
562	16	11	11	0
562	17	10929	10929	0.478162
562	18	11	11	2.09808e-05
562	19	24233	24233	0.0190716
562	20	11	11	7.62939e-06
562	21	393	393	0.00012207
562	22	22062	22062	0.00224304
562	23	13	13	0
562	24	50256	50256	0
563	5	2420	2420	0.00792885
563	6	2915	2915	0.00333595
563	7	13676	13676	0.00324821
563	8	1088	1088	0.00638199
563	9	15985	15985	0.0187817
563	10	11904	11904	0.00097847
563	11	13	13	9.53674e-06
563	12	50256	50256	0
564	5	389	389	6.48499e-05
564	6	3706	3706	0.0014534
564	7	13548	13548	0.00680733
564	8	418	418	0.00050354
564	9	11	11	0.00582314
564	10	350	350	0.0310173
564	11	1506	1506	0.00209045
564	12	418	418	0.000118256
564	13	11	11	0.00139999
564	14	290	290	3.8147e-06
564	15	39026	39026	0.00424767
564	16	271	271	0.0446682
564	17	13	13	1.90735e-06
564	18	50256	50256	0
565	5	6156	6156	0.00853348
565	6	9088	9088	0.00282288
565	7	286	286	7.62939e-05
565	8	24726	24726	0.00116539
565	9	13399	13399	0.00207329
565	10	13	13	7.62939e-06
565	11	50256	50256	0
566	5	1402	1402	0.00653458
566	6	11904	11904	0.0302801
566	7	326	326	3.05176e-05
566	8	3092	3092	0.000770569
566	9	257	257	0.000181198
566	10	8904	8904	0.00888157
566	11	8574	8574	0.000535965
566	12	2057	2057	0.00173187
566	13	5127	5127	0.00619507
566	14	13	13	3.8147e-06
566	15	50256	50256	0
567	5	2904	2904	0.014782
567	6	2087	2087	0.00304222
567	7	2378	2378	0.0170269
567	8	717	717	0.00587463
567	9	13	13	3.8147e-06
567	10	50256	50256	0
568	5	1717	1717	0.00386429
568	6	6327	6327	0.00229645
568	7	360	360	0.0116253
568	8	39781	39781	0.002491
568	9	262	262	0.000114441
568	10	20281	20281	0.000602722
568	11	286	286	0.00047493
568	12	383	383	0.00139999
568	13	2764	2764	0.00247002
568	14	286	286	3.62396e-05
568	15	22489	22489	0.0104294
568	16	24568	24568	0.0165825
568	17	78	78	0.000305176
568	18	13	13	0.0199471
568	19	50256	50256	0
569	5	287	287	3.8147e-06
569	6	2292	2292	0.00788498
569	7	981	981	0.000419617
569	8	257	257	0.000156403
569	9	9664	9664	0.00232506
569	10	318	318	0.000133514
569	11	36932	36932	0.00463295
569	12	13	13	7.24792e-05
569	13	50256	50256	0
570	5	516	516	0.0115185
570	6	15113	15113	0.00281143
570	7	4635	4635	0.0028038
570	8	355	355	0.00260162
570	9	257	257	1.33514e-05
570	10	19999	19999	0.00224304
570	11	1868	1868	0.00327492
570	12	14170	14170	0.000680923
570	13	281	281	0.00188065
570	14	8137	8137	0.00176811
570	15	13	13	0
570	16	50256	50256	0
571	5	262	262	2.67029e-05
571	6	6869	6869	0.010582
571	7	318	318	0.00888252
571	8	6697	6697	0.0354767
571	9	262	262	0.000108719
571	10	3825	3825	0.00466347
571	11	287	287	4.95911e-05
571	12	3668	3668	0.000881195
571	13	338	338	0.000959396
571	14	6766	6766	0.0314445
571	15	13	13	1.90735e-06
571	16	50256	50256	0
572	5	355	355	0.0014801
572	6	262	262	1.90735e-06
572	7	3139	45772	5.87282
572	8	286	286	3.8147e-06
572	9	262	262	1.90735e-06
572	10	45772	45772	0.00207329
572	11	8065	8065	0.00498581
572	12	13	13	1.33514e-05
572	13	50256	50256	0
573	5	832	832	0.00265503
573	6	3668	3668	0.00614548
573	7	338	338	1.52588e-05
573	8	8137	8137	0.0018959
573	9	290	290	0.00148201
573	10	12229	12229	0.0819578
573	11	262	262	0.0146217
573	12	2323	2323	0.00713921
573	13	318	318	0.00194931
573	14	1444	1444	0.00041008
573	15	257	257	0.00038147
573	16	19999	19999	5.53131e-05
573	17	578	578	0.025548
573	18	13	13	7.24792e-05
573	19	50256	50256	0
574	5	660	660	0.00453949
574	6	318	318	0.00247765
574	7	3917	3917	0.00208092
574	8	351	351	0.000169754
574	9	262	262	1.90735e-06
574	10	1855	1855	0.00110626
574	11	24611	24611	0.000785828
574	12	14355	14355	0.0661926
574	13	13	13	0
574	14	50256	50256	0
575	5	2967	2967	0.00445366
575	6	656	656	0.000471115
575	7	10601	10601	0.0099926
575	8	329	329	1.14441e-05
575	9	8509	8509	0.00124359
575	10	290	290	9.91821e-05
575	11	584	584	0.000890732
575	12	9013	9013	0.000331879
575	13	13	13	3.8147e-06
575	14	50256	50256	0
576	5	14768	14768	0.00377274
576	6	319	319	0.00598907
576	7	24438	24438	0.00844479
576	8	286	286	1.33514e-05
576	9	262	262	0.000461578
576	10	976	976	0.00200653
576	11	3124	3124	9.53674e-05
576	12	3690	3690	0.000423431
576	13	8850	8850	0.00365829
576	14	6100	6100	0.00772095
576	15	13	13	0.000209808
576	16	50256	50256	0
577	5	3794	3794	0.00105858
577	6	284	284	5.91278e-05
577	7	262	262	0.00975227
577	8	5366	5366	0.00760078
577	9	290	290	7.62939e-06
577	10	2807	2807	0.000875473
577	11	284	284	0.000154495
577	12	262	262	3.62396e-05
577	13	5093	5093	0.0040493
577	14	13	13	0
577	15	50256	50256	0
578	5	6727	6727	0.0184669
578	6	4417	4417	0.000928879
578	7	286	286	0
578	8	262	262	0.00284958
578	9	24725	24725	0.00675011
578	10	34573	34573	0.0383301
578	11	6516	6516	0.00395775
578	12	287	287	0.000169754
578	13	281	281	0.000232697
578	14	555	555	0.0228262
578	15	10414	10414	0.0553932
578	16	1389	1389	0.178944
578	17	14839	7087	4.74839
578	18	7087	7087	0.000476837
578	19	13	13	0
578	20	50256	50256	0
579	5	257	257	1.52588e-05
579	6	9629	9629	0.00387573
579	7	286	286	0.000322342
579	8	987	987	0.000936508
579	9	86	86	0.00407028
579	10	16206	16206	0.000402451
579	11	4618	4618	0.00332069
579	12	26742	26742	0.00333214
579	13	13	13	0
579	14	50256	50256	0
580	5	286	286	7.62939e-05
580	6	4930	4930	0.00588799
580	7	20830	20830	0.00431633
580	8	287	287	0.00022316
580	9	3576	3576	0.0328579
580	10	290	290	3.62396e-05
580	11	6342	6342	0.00120354
580	12	13	13	3.8147e-06
580	13	50256	50256	0
581	5	16524	16524	0.00918961
581	6	284	284	0.00012207
581	7	1180	1180	0.00793266
581	8	10530	10530	0.00915337
581	9	22421	22421	0.0129776
581	10	416	416	0.000202179
581	11	5609	5609	0.00380516
581	12	262	262	3.24249e-05
581	13	12097	12097	0.00466919
581	14	286	286	5.72205e-06
581	15	511	511	0.000106812
581	16	13026	13026	0.00262642
581	17	16600	16600	0.000431061
581	18	13	13	3.24249e-05
581	19	50256	50256	0
582	5	21270	21270	0.00044632
582	6	287	287	3.8147e-06
582	7	11228	11228	0.000225067
582	8	2057	2057	0.00240517
582	9	13	13	0.000411987
582	10	50256	50256	0
583	5	9215	9215	0.00221252
583	6	17359	17359	0.00433731
583	7	284	284	0.000167847
583	8	1296	1296	0.00977707
583	9	9215	9215	0.0464039
583	10	13	13	0
583	11	50256	50256	0
584	5	4492	4492	0.00170898
584	6	422	422	0.000181198
584	7	7840	7840	4.95911e-05
584	8	4881	4881	0.000246048
584	9	13	13	0
584	10	50256	50256	0
585	5	276	276	0.0054245
585	6	287	287	1.90735e-06
585	7	281	281	6.67572e-05
585	8	11557	11557	0.000930786
585	9	1080	1080	0.000282288
585	10	13	13	0
585	11	50256	50256	0
586	5	8771	8771	0.00923729
586	6	800	800	0.00325584
586	7	3369	3369	0.00281334
586	8	2346	2346	0.0015564
586	9	11	11	0.000247955
586	10	3264	3264	0.0216541
586	11	393	393	0.000284195
586	12	20762	20762	0.000785828
586	13	13	13	0
586	14	50256	50256	0
587	5	10087	10087	0.00911331
587	6	422	422	5.72205e-05
587	7	477	477	0.00650978
587	8	584	584	0.00164986
587	9	2877	2877	0.0087986
587	10	4695	4695	0.00015831
587	11	13	13	3.24249e-05
587	12	50256	50256	0
588	5	925	925	0.00229645
588	6	422	422	0.00261497
588	7	262	262	3.8147e-06
588	8	279	279	0.0414362
588	9	342	342	0.00603676
588	10	286	286	0.00113106
588	11	262	262	2.86102e-05
588	12	20461	20461	0.00603867
588	13	21180	21180	0.00359535
588	14	4618	4618	0.000104904
588	15	13	13	1.90735e-06
588	16	50256	50256	0
589	5	11	11	0.0104885
589	6	1663	1663	0.000398636
589	7	379	379	0.000434875
589	8	5417	5417	0.00239182
589	9	11	11	0.000391006
589	10	290	290	0
589	11	1441	1441	0.000839233
589	12	284	284	5.72205e-06
589	13	40941	40941	0.00789261
589	14	284	284	0.00069809
589	15	22919	22919	0.012207
589	16	13	13	2.67029e-05
589	17	50256	50256	0
590	5	11	11	0.00196648
590	6	14104	14104	0.00551033
590	7	13015	13015	0.012888
590	8	11	11	0.000242233
590	9	290	290	7.62939e-06
590	10	3624	3624	0.001688
590	11	9421	9421	0.000411987
590	12	1063	1063	0.000597
590	13	13	13	0
590	14	50256	50256	0
591	5	29289	29289	0.000705719
591	6	8435	8435	0.00868416
591	7	973	973	0.00555229
591	8	284	284	0.00146484
591	9	5163	5163	0.00330925
591	10	3992	3992	0.00447655
591	11	4133	4133	0.00156212
591	12	13	13	0
591	13	50256	50256	0
592	5	9016	9016	0.00554848
592	6	4731	4731	0.00121689
592	7	318	318	0.000799179
592	8	2793	2793	0.00274277
592	9	287	287	0.000244141
592	10	7078	7078	0.00684166
592	11	621	621	0.00118065
592	12	262	262	3.05176e-05
592	13	38283	38283	0.0015831
592	14	338	338	8.96454e-05
592	15	6678	6678	0.00133324
592	16	9016	9016	0.00302315
592	17	4731	4731	0.000469208
592	18	13	13	0
592	19	50256	50256	0
593	5	4635	4635	0.00671959
593	6	416	416	7.82013e-05
593	7	23147	23147	0.00660706
593	8	44030	44030	0.00126076
593	9	6147	6147	0.00251961
593	10	656	656	1.14441e-05
593	11	285	285	0.00567245
593	12	10119	10119	0.00178528
593	13	13	13	0
593	14	50256	50256	0
594	5	7363	7363	0.0105629
594	6	284	284	7.62939e-05
594	7	262	262	1.33514e-05
594	8	7627	7627	0.00444603
594	9	286	286	0.000387192
594	10	22779	22779	0.00196838
594	11	7229	7229	0.0068512
594	12	13	13	9.53674e-06
594	13	50256	50256	0
595	5	262	262	2.28882e-05
595	6	13589	13589	0.0104694
595	7	284	284	1.90735e-05
595	8	262	262	1.90735e-06
595	9	11384	11384	0.00303078
595	10	832	832	0.000125885
595	11	262	262	1.52588e-05
595	12	1658	1658	0.00268936
595	13	2522	2522	0.00971794
595	14	31111	31111	0.0085144
595	15	13	13	0
595	16	50256	50256	0
596	5	8630	8630	0.00307655
596	6	287	287	7.62939e-06
596	7	2658	2658	0.00408363
596	8	417	417	0.00576401
596	9	292	292	0.0334244
596	10	287	287	3.8147e-06
596	11	262	262	3.8147e-06
596	12	25861	25861	0.00360107
596	13	1080	1080	0.000301361
596	14	13	13	7.62939e-06
596	15	50256	50256	0
597	5	11881	11881	0.0111732
597	6	1364	1364	0.00712204
597	7	422	422	0.00151253
597	8	262	262	9.34601e-05
597	9	1903	1903	0.00520897
597	10	3024	3024	0.00209236
597	11	6881	6881	0.0020504
597	12	13	13	0
597	13	50256	50256	0
598	5	20435	20435	0.00250435
598	6	3356	3356	0.00255966
598	7	290	290	0.000135422
598	8	5529	5529	0.000747681
598	9	5236	5236	0.000476837
598	10	13	13	0
598	11	50256	50256	0
599	5	416	416	0.00177765
599	6	37228	37228	0.0016346
599	7	7888	7888	0.00149345
599	8	11685	11685	0.00432587
599	9	286	286	0
599	10	4898	4898	0.00579262
599	11	11	11	7.62939e-06
599	12	3221	3221	0.0412254
599	13	351	351	0.00642395
599	14	39623	39623	0.00985527
599	15	13020	13020	0.00136185
599	16	11678	11678	0.000497818
599	17	13	13	0.000967026
599	18	50256	50256	0
600	5	13055	13055	0.0035553
600	6	1660	1660	0.00618744
600	7	300	300	0.00461578
600	8	3922	3922	0.00168991
600	9	287	287	0.000164032
600	10	465	465	0.00593185
600	11	11376	11376	0.0064106
600	12	379	379	0.000192642
600	13	8118	8118	0.00270462
600	14	933	933	0.00252151
600	15	88	88	0.0181141
600	16	13	13	0
600	17	50256	50256	0
601	5	422	422	0.000137329
601	6	257	257	0.00237083
601	7	4417	4417	0.000154495
601	8	736	736	0.00178146
601	9	3812	3812	0.00204659
601	10	257	257	1.71661e-05
601	11	24783	24783	0.00468254
601	12	13	13	0
601	13	50256	50256	0
602	5	257	257	0.00087738
602	6	18778	18778	0.0359058
602	7	14688	14688	0.00948143
602	8	680	680	0.00758934
602	9	12	12	0.659035
602	10	43745	43745	0.0112305
602	11	19634	19634	0.00102615
602	12	287	287	2.28882e-05
602	13	281	281	0.000677109
602	14	12278	12278	0.116271
602	15	17655	17655	0.00250435
602	16	13	13	0.00025177
602	17	50256	50256	0
603	5	3794	3794	0.00632095
603	6	3994	3994	0.00188637
603	7	20838	20838	0.00465775
603	8	21641	21641	0.00590324
603	9	290	290	0
603	10	42645	42645	0.0206242
603	11	13	13	1.90735e-06
603	12	50256	50256	0
604	5	11	11	4.95911e-05
604	6	14354	14354	0.010807
604	7	11	11	0.000120163
604	8	290	290	3.62396e-05
604	9	7572	7572	0.0102901
604	10	286	286	1.33514e-05
604	11	3292	3292	0.000705719
604	12	13	13	0
604	13	50256	50256	0
605	5	379	379	0.000961304
605	6	7496	7496	0.000808716
605	7	290	290	1.71661e-05
605	8	734	734	0.000116348
605	9	7435	7435	0.00117683
605	10	1173	1173	0.000972748
605	11	829	829	0.00587082
605	12	13	13	0
605	13	50256	50256	0
606	5	290	290	6.86646e-05
606	6	26306	26306	0.00268173
606	7	21622	21622	0.00564957
606	8	422	422	0.000440598
606	9	262	262	1.90735e-06
606	10	9260	9260	0.00453568
606	11	13	13	4.00543e-05
606	12	50256	50256	0
607	5	326	326	0.00288582
607	6	8833	8833	0.0102472
607	7	351	351	0.000228882
607	8	262	262	1.90735e-06
607	9	6000	6000	0.00649834
607	10	8373	8373	0.00252533
607	11	287	287	0.000181198
607	12	257	257	0.00309753
607	13	27039	27039	0.00558758
607	14	13	13	0.000152588
607	15	50256	50256	0
608	5	7043	7043	0.00147057
608	6	316	316	0.0023098
608	7	787	787	0.00071907
608	8	2647	2647	0.00664711
608	9	287	287	3.8147e-05
608	10	257	257	0.00028038
608	11	1448	1448	0.00166702
608	12	286	286	0
608	13	734	734	0.00248909
608	14	13	13	0.000192642
608	15	50256	50256	0
609	5	510	510	0.00141907
609	6	15455	15455	0.00341606
609	7	1231	1231	0.000547409
609	8	5609	5609	0.00179482
609	9	262	262	3.8147e-06
609	10	1321	1321	0.000547409
609	11	852	852	0.00331116
609	12	42517	42517	0.00756836
609	13	798	798	0.00320244
609	14	13	13	4.19617e-05
609	15	50256	50256	0
610	5	13055	13055	0.00104141
610	6	383	383	0.00219154
610	7	2907	2907	0.00304794
610	8	563	563	0.0013237
610	9	5265	5265	0.0127754
610	10	287	287	1.90735e-06
610	11	49545	49545	0.00168419
610	12	13	13	0
610	13	50256	50256	0
611	5	1239	1239	0.00520706
611	6	11073	11073	0.000505447
611	7	257	257	5.72205e-06
611	8	4633	4633	0.00884056
611	9	1255	1255	0.000888824
611	10	13	13	3.05176e-05
611	11	50256	50256	0
612	5	2630	2630	0.00264359
612	6	3923	3923	0.00253105
612	7	326	326	0.000484467
612	8	7301	7301	0.00407791
612	9	41553	41553	0.00508308
612	10	82	82	0.00202751
612	11	11	11	0.000146866
612	12	37174	37174	0.0272579
612	13	11	11	0.000448227
612	14	290	290	3.8147e-06
612	15	5369	5369	0.000829697
612	16	13	13	0
612	17	50256	50256	0
613	5	546	546	0.00514793
613	6	262	262	0.00237846
613	7	20175	20175	0.000349045
613	8	43989	43989	0.000358582
613	9	290	290	4.57764e-05
613	10	38201	38201	0.00173759
613	11	13	13	5.72205e-06
613	12	50256	50256	0
614	5	9518	9518	0.00345993
614	6	5667	5667	0.00547981
614	7	2138	2138	0.00112152
614	8	621	621	0.00390625
614	9	8850	8850	0.00166321
614	10	13737	13737	0.00129509
614	11	13	13	9.53674e-06
614	12	50256	50256	0
615	5	416	416	0.000244141
615	6	27259	27259	0.00663567
615	7	7545	7545	0.114163
615	8	656	656	3.62396e-05
615	9	1090	1090	0.00571823
615	10	9310	9310	0.000160217
615	11	290	290	6.67572e-05
615	12	483	483	0.025034
615	13	88	88	0.00393486
615	14	13	13	0
615	15	50256	50256	0
616	5	1633	1633	0.00287056
616	6	5721	5721	0.0166264
616	7	12611	12611	0.00922775
616	8	803	803	0.00212669
616	9	416	416	0.000299454
616	10	41719	41719	0.000785828
616	11	511	511	0.000759125
616	12	11914	11914	0.00463104
616	13	656	656	4.95911e-05
616	14	257	257	0.000144958
616	15	5422	5422	0.000812531
616	16	12239	12239	0.000505447
616	17	13	13	0
616	18	50256	50256	0
617	5	19418	19418	0.015089
617	6	36578	36578	0.00278664
617	7	351	351	0.00022316
617	8	6496	6496	0.000736237
617	9	8188	8188	4.76837e-05
617	10	13	13	2.67029e-05
617	11	50256	50256	0
618	5	355	355	0.000143051
618	6	257	257	0
618	7	1271	1271	0.000919342
618	8	286	286	1.14441e-05
618	9	3470	3470	0.00472641
618	10	9998	9998	0.00112724
618	11	13	13	0
618	12	50256	50256	0
619	5	284	284	1.33514e-05
619	6	3283	3283	0.0058651
619	7	12967	12967	0.00442505
619	8	902	902	0.00165367
619	9	1973	1973	8.39233e-05
619	10	257	257	9.53674e-06
619	11	4417	4417	0.000211716
619	12	13	13	0
619	13	50256	50256	0
620	5	4905	4905	0.00315666
620	6	286	286	3.8147e-05
620	7	281	281	0.00178528
620	8	15835	15835	0.00477028
620	9	393	393	0.00151825
620	10	875	875	0.00155258
620	11	13168	13168	0.00555801
620	12	11862	11862	0.00124931
620	13	13	13	4.95911e-05
620	14	50256	50256	0
621	5	338	338	0.000148773
621	6	1810	1810	0.00825691
621	7	290	290	5.72205e-05
621	8	12689	12689	0.00206757
621	9	3407	3407	0.00377083
621	10	262	262	1.90735e-06
621	11	14332	14332	0.00653267
621	12	2305	2305	0.00982857
621	13	9229	9229	0.00079155
621	14	11796	11796	0.0132713
621	15	286	286	2.09808e-05
621	16	3284	3284	0.00177193
621	17	13	13	0
621	18	50256	50256	0
622	5	3650	3650	0.0317736
622	6	12278	12278	0.00907898
622	7	2568	2568	0.00159264
622	8	832	832	0.000320435
622	9	48287	48287	0.00977898
622	10	5931	5931	0.00949287
622	11	12737	12737	0.00179482
622	12	13	13	0
622	13	50256	50256	0
623	5	4143	4143	0.010088
623	6	2173	2173	0.00311852
623	7	1497	1497	0.000230789
623	8	422	422	0.000469208
623	9	262	262	0
623	10	3825	3825	0.000646591
623	11	13	13	0
623	12	50256	50256	0
624	5	290	290	8.2016e-05
624	6	6754	6754	0.00349045
624	7	2478	2478	0.00529671
624	8	286	286	5.72205e-06
624	9	2456	2456	0.00325966
624	10	13	13	5.72205e-06
624	11	50256	50256	0
625	5	3033	3033	0.000600815
625	6	262	262	0.000135422
625	7	26997	26997	0.00102615
625	8	2677	2677	0.00164032
625	9	11	11	4.76837e-05
625	10	3825	3825	0.00242043
625	11	370	370	0.000858307
625	12	46654	46654	0.00190926
625	13	13	13	1.90735e-05
625	14	50256	50256	0
626	5	3139	3139	0.000175476
626	6	373	373	0.043252
626	7	327	327	0.00201035
626	8	385	385	0.0098896
626	9	1073	1073	0.0111561
626	10	11	11	0.00222778
626	11	287	287	1.71661e-05
626	12	1944	1944	0.00539207
626	13	12	12	0.000167847
626	14	820	820	0.000459671
626	15	25768	25768	0.00787926
626	16	13	13	0.000160217
626	17	50256	50256	0
627	5	5403	5403	0.0175686
627	6	663	663	1.71661e-05
627	7	16874	16874	0.000631332
627	8	13	13	0
627	9	50256	50256	0
628	5	2583	2583	0.000553131
628	6	4778	4778	0.00325775
628	7	284	284	7.62939e-06
628	8	4439	4439	0.0041008
628	9	649	649	0.0137825
628	10	9471	9471	0.000968933
628	11	13166	13166	0.00494766
628	12	13	13	0
628	13	50256	50256	0
629	5	2568	2568	0.000190735
629	6	832	832	0.000518799
629	7	6565	6565	0.000837326
629	8	2272	2272	0.0042572
629	9	13	13	0
629	10	50256	50256	0
630	5	3519	3519	0.00732422
630	6	1035	1035	0.00403786
630	7	24370	24370	0.00228882
630	8	287	287	5.53131e-05
630	9	13550	13550	0.00243378
630	10	34619	34619	0.00219536
630	11	746	746	0.00824356
630	12	291	291	0.0132408
630	13	11	11	0.000787735
630	14	1897	1897	0.0286007
630	15	6210	6210	0.0058136
630	16	11	11	4.19617e-05
630	17	290	290	0.000179291
630	18	8312	8312	0.00307655
630	19	14750	14750	8.01086e-05
630	20	13	13	0
630	21	50256	50256	0
631	5	329	329	0.000827789
631	6	663	663	0.00190353
631	7	1913	1913	0.00486183
631	8	8508	8508	0.000547409
631	9	290	290	0.000144958
631	10	27892	27892	0.00234032
631	11	35988	35988	0.00331879
631	12	11222	11222	0.01091
631	13	13	13	6.10352e-05
631	14	50256	50256	0
632	5	329	329	0.000431061
632	6	18120	18120	0.0136566
632	7	257	257	1.90735e-06
632	8	1917	1917	0.000772476
632	9	393	393	0.00626183
632	10	9489	9489	0.00325775
632	11	257	257	1.90735e-06
632	12	4876	4876	0.00199127
632	13	13	13	0
632	14	50256	50256	0
633	5	422	422	0.00066185
633	6	15756	15756	0.00782967
633	7	5597	5597	0.0020771
633	8	422	422	0.000844955
633	9	13686	13686	0.00124359
633	10	49235	49235	0.000722885
633	11	13	13	0
633	12	50256	50256	0
634	5	34371	34371	0.0222864
634	6	16578	16578	0.00128174
634	7	283	283	0.00480652
634	8	3815	3815	0.000234604
634	9	1262	1262	0.0193958
634	10	16311	16311	0.00264549
634	11	286	286	4.95911e-05
634	12	530	530	0.0012722
634	13	284	284	0.000196457
634	14	1440	1440	0.000144958
634	15	9881	9881	0.000263214
634	16	13	13	1.71661e-05
634	17	50256	50256	0
635	5	2458	351	1.89626
635	6	257	257	0.0348778
635	7	6769	6769	0.00442696
635	8	338	338	5.72205e-06
635	9	6515	6515	0.0305529
635	10	8373	8373	0.0818281
635	11	618	618	0.21779
635	12	2723	2723	0.00357628
635	13	290	290	0.000213623
635	14	22890	22890	0.0122166
635	15	1445	1445	0.0123081
635	16	3585	3585	0.00699997
635	17	284	284	5.91278e-05
635	18	1123	1123	0.00170708
635	19	584	584	2.28882e-05
635	20	13	13	0.055439
635	21	50256	50256	0
636	5	8372	8372	0.00542641
636	6	3354	3354	0.00201797
636	7	286	286	4.00543e-05
636	8	16519	16519	0.00389862
636	9	290	290	5.72205e-06
636	10	17456	17456	0.00102615
636	11	13	13	1.90735e-06
636	12	50256	50256	0
637	5	21767	21767	0.0140247
637	6	262	262	6.48499e-05
637	7	1271	1271	6.67572e-05
637	8	286	286	1.14441e-05
637	9	1237	1237	0.00881195
637	10	684	684	0.0122452
637	11	287	287	4.76837e-05
637	12	663	663	0.0034008
637	13	29984	29984	0.00531387
637	14	13	13	0.000123978
637	15	50256	50256	0
638	5	5563	5563	0.00701904
638	6	832	832	0.00686073
638	7	41630	41630	0.00117874
638	8	38445	38445	0.0504665
638	9	5107	5107	0.00208092
638	10	13	13	0
638	11	50256	50256	0
639	5	14921	14921	0.00883484
639	6	5563	5563	0.00208473
639	7	884	884	0.00246811
639	8	355	355	0.00121689
639	9	8234	8234	0.00458431
639	10	11	11	0.000391006
639	11	12734	12734	0.00485802
639	12	11	11	0.000631332
639	13	393	393	1.52588e-05
639	14	14891	14891	0.00106239
639	15	13	13	0
639	16	50256	50256	0
640	5	7997	7997	0.00305176
640	6	416	416	2.47955e-05
640	7	257	257	0
640	8	10706	10706	0.00181961
640	9	286	286	1.90735e-06
640	10	17848	17848	0.000337601
640	11	13	13	0
640	12	50256	50256	0
641	5	281	281	0.000980377
641	6	4457	4457	0.00532532
641	7	29877	29877	0.00413704
641	8	2858	2858	0.00406456
641	9	11	11	0.000160217
641	10	407	407	0.00091362
641	11	257	257	1.71661e-05
641	12	2818	2818	0.00228882
641	13	17076	17076	0.002491
641	14	13	13	0
641	15	50256	50256	0
642	5	3194	3194	0.000228882
642	6	355	355	0.00461578
642	7	257	257	2.67029e-05
642	8	8064	8064	0.00496864
642	9	286	286	2.47955e-05
642	10	734	734	0.0118713
642	11	37014	37014	0.000461578
642	12	13	13	0
642	13	50256	50256	0
643	5	2107	2107	0.00399971
643	6	290	290	7.24792e-05
643	7	1663	1663	0.00221634
643	8	329	329	0.00182915
643	9	517	517	0.000282288
643	10	621	621	0.0041008
643	11	734	734	0.000268936
643	12	812	812	0.000703812
643	13	13	13	0
643	14	50256	50256	0
644	5	3139	3139	0.00416183
644	6	286	286	1.90735e-06
644	7	16952	16952	0.00145912
644	8	287	287	1.90735e-06
644	9	21199	21199	0.00167465
644	10	7229	7229	0.000143051
644	11	13	13	1.90735e-05
644	12	50256	50256	0
645	5	4847	4847	0.000135422
645	6	832	832	0.000181198
645	7	10288	10288	0.0016613
645	8	284	284	5.72205e-06
645	9	584	584	0.00246811
645	10	4847	4847	0.000406265
645	11	13	13	1.90735e-06
645	12	50256	50256	0
646	5	10050	10050	0.00203133
646	6	2568	2568	0.000425339
646	7	284	284	1.14441e-05
646	8	663	663	5.72205e-06
646	9	21334	21334	0.00213051
646	10	13	13	1.90735e-06
646	11	50256	50256	0
647	5	48135	48135	0.00180435
647	6	286	286	2.28882e-05
647	7	262	262	0.000188828
647	8	11188	11188	0.00483322
647	9	3967	3967	0.00322342
647	10	1176	1176	0.0146885
647	11	286	286	1.90735e-05
647	12	257	257	0
647	13	1729	1729	0.00586128
647	14	22570	22570	0.0104198
647	15	1271	1271	0.00538445
647	16	13	13	0.000356674
647	17	50256	50256	0
648	5	262	262	6.67572e-05
648	6	3085	3085	0.000587463
648	7	1627	1627	0.00133514
648	8	8686	8686	0.00053978
648	9	284	284	4.57764e-05
648	10	262	262	2.67029e-05
648	11	3465	3465	0.00125504
648	12	376	376	0.00925064
648	13	13	13	7.62939e-06
648	14	50256	50256	0
649	5	1499	1499	0.0035305
649	6	287	287	0.000200272
649	7	262	262	0.000188828
649	8	7840	7840	0.00226402
649	9	18020	18020	0.00272751
649	10	13	13	0.000205994
649	11	50256	50256	0
650	5	4469	4469	0.00293541
650	6	286	286	9.53674e-06
650	7	26467	26467	0.00393677
650	8	385	385	0.0100307
650	9	1872	1872	0.000652313
650	10	338	338	1.52588e-05
650	11	3878	3878	0.00665665
650	12	17084	17084	0.000724792
650	13	13	13	0
650	14	50256	50256	0
651	5	2846	2846	0.0468655
651	6	286	286	0
651	7	1223	1223	0.000427246
651	8	2073	2073	0.00432968
651	9	1231	1231	0.00018692
651	10	10616	10616	0.00819016
651	11	257	257	6.29425e-05
651	12	18875	18875	0.00172615
651	13	5369	5369	0.00187683
651	14	13	13	1.14441e-05
651	15	50256	50256	0
652	5	77	77	0.0127163
652	6	2340	2340	0.000617981
652	7	326	326	6.10352e-05
652	8	3745	3745	0.000663757
652	9	319	319	0.000101089
652	10	262	262	0.00170898
652	11	2910	2910	0.00542831
652	12	286	286	0.000259399
652	13	11453	11453	0.000455856
652	14	13	13	9.53674e-06
652	15	50256	50256	0
653	5	1602	1602	0.00145149
653	6	14796	14796	0.000551224
653	7	22950	22950	0.00995064
653	8	423	423	0.00403214
653	9	262	262	0.000253677
653	10	976	976	0.111068
653	11	4129	4129	0.000492096
653	12	13	13	0.000988007
653	13	50256	50256	0
654	5	6268	6268	0.0314293
654	6	4073	4073	0.00282097
654	7	416	416	5.72205e-05
654	8	29781	29781	0.000511169
654	9	290	290	0
654	10	584	584	0.0105858
654	11	38622	38622	6.86646e-05
654	12	13	13	0
654	13	50256	50256	0
655	5	635	635	0.0023365
655	6	8811	8811	0.0026474
655	7	1900	1900	0.000669479
655	8	355	355	0.000274658
655	9	5482	5482	0.0057888
655	10	3820	3820	0.0041256
655	11	10872	10872	0.00142097
655	12	16567	16567	0.00827789
655	13	13	13	3.8147e-06
655	14	50256	50256	0
656	5	5405	5405	0.000556946
656	6	416	416	0.00344086
656	7	28472	28472	0.00232887
656	8	803	803	0.000246048
656	9	340	340	0.000246048
656	10	351	351	1.14441e-05
656	11	1633	1633	0.0099144
656	12	13	13	0.00135994
656	13	50256	50256	0
657	5	4756	4756	0.00331497
657	6	832	832	0.000387192
657	7	543	543	0.00626945
657	8	1657	1657	0.000339508
657	9	14170	14170	0.00865364
657	10	262	262	0.00162506
657	11	18480	18480	0.003479
657	12	1080	1080	0.00114822
657	13	13	13	0
657	14	50256	50256	0
658	5	4855	4855	0.00208282
658	6	14510	14510	0.00233269
658	7	287	287	1.90735e-06
658	8	6156	6156	0.00131798
658	9	6365	6365	0.00582504
658	10	13	13	0
658	11	50256	50256	0
659	5	423	423	0.000930786
659	6	257	257	2.67029e-05
659	7	2060	2060	0.00881767
659	8	269	269	4.00543e-05
659	9	313	313	0.0014019
659	10	88	88	0.11046
659	11	992	992	0.0138912
659	12	261	261	0.00838089
659	13	13	13	0
659	14	50256	50256	0
660	5	2280	2280	0.000450134
660	6	393	393	0.000370026
660	7	15256	15256	0.0015049
660	8	2280	2280	0.000360489
660	9	618	618	0.000583649
660	10	484	484	0.000343323
660	11	21721	21721	0.000152588
660	12	13	13	5.72205e-06
660	13	50256	50256	0
661	5	12	12	0.000696182
661	6	13982	13982	0.00340271
661	7	21824	21824	0.00220108
661	8	5421	5421	0.0094471
661	9	1978	1978	0.00151825
661	10	656	656	2.09808e-05
661	11	3881	3881	0.0255566
661	12	13	13	1.90735e-06
661	13	50256	50256	0
662	5	46716	46716	0.001297
662	6	1805	1805	0.00374413
662	7	262	262	0.000202179
662	8	517	517	0.00773239
662	9	19217	19217	0.00782394
662	10	12098	12098	0.00735855
662	11	11061	11061	0.00188255
662	12	606	606	0.0039196
662	13	13	13	0
662	14	50256	50256	0
663	5	37475	37475	0.0832186
663	6	11	11	9.53674e-06
663	7	284	284	5.72205e-06
663	8	5643	5643	0.0989027
663	9	11	11	7.43866e-05
663	10	3664	3664	0.170469
663	11	321	321	0.0152512
663	12	45070	45070	0.000429153
663	13	11	11	0.000780106
663	14	290	290	2.47955e-05
663	15	23849	23849	0.0727806
663	16	2339	2339	0.0156593
663	17	1275	1275	0.00289726
663	18	721	721	0.0189857
663	19	346	346	0.015419
663	20	1547	1547	0.0158482
663	21	13	13	1.90735e-06
663	22	50256	50256	0
664	5	3624	3624	0.000564575
664	6	5101	5101	0.00148201
664	7	284	284	0.000225067
664	8	7301	7301	0.00155067
664	9	290	290	4.3869e-05
664	10	5412	5412	0.000312805
664	11	5563	5563	0.000644684
664	12	13	13	0
664	13	50256	50256	0
665	5	262	262	0.00190353
665	6	10596	10596	0.00335884
665	7	10692	10692	0.000867844
665	8	832	832	0.000196457
665	9	262	262	3.62396e-05
665	10	41407	41407	0.00162888
665	11	286	286	0
665	12	47403	47403	0.000953674
665	13	13	13	5.72205e-06
665	14	50256	50256	0
666	5	42096	42096	0.0082798
666	6	379	379	0.000759125
666	7	262	262	0.000179291
666	8	18955	18955	0.000629425
666	9	393	393	0.000425339
666	10	22088	22088	0.00585365
666	11	291	291	0.00927544
666	12	1241	1241	0.00128555
666	13	13	13	0.0001297
666	14	50256	50256	0
667	5	5563	5563	0.000289917
667	6	416	416	7.62939e-06
667	7	13157	13157	0.00357628
667	8	517	517	0.00267029
667	9	1657	1657	0.00118637
667	10	621	621	0.00121307
667	11	262	262	0
667	12	555	555	0.0207949
667	13	64	64	0.00111389
667	14	1384	1384	0.000404358
667	15	4151	4151	0.00487518
667	16	13	13	0
667	17	50256	50256	0
668	5	284	284	5.72205e-06
668	6	8181	8181	0.0107422
668	7	422	422	0.000597
668	8	5509	5509	0.000253677
668	9	13737	13737	0.00705338
668	10	13	13	0
668	11	50256	50256	0
669	5	2753	2753	0.00464249
669	6	1295	1295	0.350031
669	7	8384	8384	0.000385284
669	8	319	319	0.00012207
669	9	281	281	0.00132942
669	10	7022	7022	0.0325823
669	11	13	13	1.52588e-05
669	12	50256	50256	0
670	5	16524	16524	0.011076
670	6	13510	13510	0.00252533
670	7	9210	9210	0.00706673
670	8	326	326	0.00568199
670	9	389	389	0.00278854
670	10	7425	7425	0.00462723
670	11	351	351	0.000587463
670	12	6428	6428	0.00174332
670	13	5289	5289	0.000829697
670	14	13	13	1.90735e-06
670	15	50256	50256	0
671	5	7596	7596	0.00631905
671	6	4791	4791	0.0015049
671	7	591	591	0.00428581
671	8	7346	7346	0.000213623
671	9	257	257	0.000787735
671	10	1327	1327	0.0132999
671	11	8434	8434	0.00171471
671	12	7582	7582	0.00066185
671	13	13	13	0
671	14	50256	50256	0
672	5	2291	2291	0.0023098
672	6	24789	24789	0.00787544
672	7	47523	47523	0.00149155
672	8	290	290	4.57764e-05
672	9	14186	14186	0.00123596
672	10	6147	6147	0.00452805
672	11	12835	12835	0.0331631
672	12	13	13	1.90735e-06
672	13	50256	50256	0
673	5	878	878	0.00142479
673	6	14342	14342	0.000600815
673	7	1973	1973	0.00141335
673	8	2031	2031	0.0010376
673	9	13	13	1.33514e-05
673	10	50256	50256	0
674	5	1104	1104	0.019865
674	6	966	966	0.00787735
674	7	1444	1444	0.000488281
674	8	257	257	2.86102e-05
674	9	46246	46246	0.00389862
674	10	6098	6098	0.0103149
674	11	388	388	0.00350571
674	12	13	13	5.72205e-06
674	13	50256	50256	0
675	5	656	656	1.90735e-06
675	6	262	262	0.000284195
675	7	1956	1956	0.00614357
675	8	24162	24162	0.00214958
675	9	327	327	0.00999069
675	10	5126	5126	0.000637054
675	11	666	666	0.00917816
675	12	6896	6896	0.000289917
675	13	13	13	1.90735e-06
675	14	50256	50256	0
676	5	5399	5399	0.00241089
676	6	15921	15921	0.00556564
676	7	286	286	1.90735e-06
676	8	867	867	0.00595284
676	9	12734	12734	0.00021553
676	10	13	13	1.90735e-06
676	11	50256	50256	0
677	5	2568	2568	0.000627518
677	6	656	656	3.8147e-06
677	7	12370	12370	0.000762939
677	8	6268	6268	0.00258255
677	9	13	13	0
677	10	50256	50256	0
678	5	389	389	0.000213623
678	6	1043	1043	0.010128
678	7	355	355	0.0045433
678	8	880	880	0.00199699
678	9	355	355	0.0213623
678	10	644	644	0.0163937
678	11	484	484	0.00380898
678	12	389	389	0.000442505
678	13	13	13	0
678	14	50256	50256	0
679	5	287	287	2.47955e-05
679	6	262	262	0
679	7	4037	4037	0.00383568
679	8	4482	4482	0.00155258
679	9	286	286	5.72205e-06
679	10	27719	27719	0.00056076
679	11	13	13	7.62939e-06
679	12	50256	50256	0
680	5	3139	3139	8.7738e-05
680	6	286	286	0.000322342
680	7	21291	21291	0.000738144
680	8	11	11	0.00115776
680	9	1029	1029	0.00366783
680	10	287	287	0.00282478
680	11	262	262	0.000341415
680	12	843	843	0.0021801
680	13	274	274	0.00025177
680	14	13	13	7.62939e-06
680	15	50256	50256	0
681	5	3139	3139	0.000192642
681	6	11	11	1.52588e-05
681	7	290	290	4.76837e-05
681	8	262	262	0.0115528
681	9	569	569	0.00100899
681	10	396	396	0.0242367
681	11	4712	4712	0.00297546
681	12	15623	15623	0.00302696
681	13	832	832	0.000322342
681	14	340	340	0.000265121
681	15	13	13	3.8147e-06
681	16	50256	50256	0
682	5	13	13	7.24792e-05
682	6	50256	50256	0
683	5	7306	7306	0.0328093
683	6	10349	10349	0.00607872
683	7	2648	2648	0.00144958
683	8	262	262	3.8147e-05
683	9	976	976	7.62939e-05
683	10	15004	15004	0.000259399
683	11	3580	3580	0.00130463
683	12	13	13	1.14441e-05
683	13	50256	50256	0
684	5	1103	1103	0.000114441
684	6	3146	3146	0.000905991
684	7	318	318	0.010891
684	8	3967	3967	0.0103397
684	9	13	13	0.000415802
684	10	50256	50256	0
685	5	1296	1296	0.00165367
685	6	618	618	0.000196457
685	7	44030	44030	0.00187111
685	8	2587	2587	0.00128174
685	9	3608	3608	0.0127945
685	10	82	82	0.00175285
685	11	290	290	2.09808e-05
685	12	4735	4735	0.000759125
685	13	6945	6945	0.000585556
685	14	13	13	5.72205e-06
685	15	50256	50256	0
686	5	5894	5894	0.00862122
686	6	4771	4771	0.0133991
686	7	2458	2458	0.00572014
686	8	3264	3264	0.00174141
686	9	422	422	0.000635147
686	10	4735	4735	0.00157356
686	11	284	284	5.72205e-06
686	12	3623	3623	0.0153408
686	13	13	13	6.67572e-05
686	14	50256	50256	0
687	5	5002	5002	0.00110626
687	6	423	423	0.000823975
687	7	4961	4961	0.00148582
687	8	386	386	0.000396729
687	9	1122	1122	0.00336456
687	10	9853	9853	0.000947952
687	11	475	475	0.000566483
687	12	1180	1180	0.00636292
687	13	49810	49810	0.000576019
687	14	9853	9853	0.00179482
687	15	13	13	0.000543594
687	16	50256	50256	0
688	5	42407	42407	0.01021
688	6	469	469	0.01717
688	7	318	318	0.0013485
688	8	262	262	6.29425e-05
688	9	4318	4318	0.00203514
688	10	2095	2095	0.00133514
688	11	287	287	1.71661e-05
688	12	317	317	0.00834656
688	13	6786	6786	0.00548935
688	14	5074	5074	0.00217628
688	15	13	13	5.72205e-06
688	16	50256	50256	0
689	5	925	925	0.107138
689	6	7525	7525	0.00125504
689	7	286	286	3.8147e-06
689	8	6383	6383	0.00966644
689	9	50006	50006	0.00427628
689	10	2138	2138	0.00166321
689	11	621	621	0.00146484
689	12	9970	9970	0.000272751
689	13	13	13	0
689	14	50256	50256	0
690	5	26600	26600	0.00167084
690	6	663	663	0.00223351
690	7	16704	16704	0.00494766
690	8	11348	11348	0.00333214
690	9	1108	1108	0.00158691
690	10	13	13	2.28882e-05
690	11	50256	50256	0
691	5	1748	1748	0.00294876
691	6	286	286	0.000106812
691	7	8602	8602	0.00107956
691	8	11	11	0.000242233
691	9	319	319	0.000722885
691	10	262	262	2.09808e-05
691	11	314	314	0.00149918
691	12	527	527	0.00404549
691	13	666	666	0.00360489
691	14	24078	24078	0.0225735
691	15	13	13	0.00114441
691	16	50256	50256	0
692	5	319	319	0.000284195
692	6	49812	49812	0.011797
692	7	2340	2340	0.00210381
692	8	290	290	0.00245476
692	9	584	584	0.000259399
692	10	1402	1402	0.00164986
692	11	19435	19435	0.00320625
692	12	13	13	0
692	13	50256	50256	0
693	5	1022	1022	0.000190735
693	6	7686	7686	0.000720978
693	7	13	13	0
693	8	50256	50256	0
694	5	11	11	0.00202179
694	6	318	318	0.000843048
694	7	262	262	5.72205e-06
694	8	2260	2260	0.00226784
694	9	3139	3139	0.0305271
694	10	286	286	6.29425e-05
694	11	4505	4505	0.0011158
694	12	13	13	0
694	13	50256	50256	0
695	5	2024	2024	0.00854492
695	6	460	460	0.000150681
695	7	307	307	0.00147438
695	8	2087	2087	0.00191689
695	9	416	416	6.29425e-05
695	10	4375	4375	0.0134811
695	11	511	511	0.00178909
695	12	5470	5470	0.00107193
695	13	2024	2024	0.00097847
695	14	13	13	5.72205e-06
695	15	50256	50256	0
696	5	262	262	0.000423431
696	6	25861	25861	0.0562077
696	7	2779	2779	0.00102425
696	8	4326	4326	0.000637054
696	9	329	329	0.0244827
696	10	21969	21969	0.0032692
696	11	34743	34743	0.00100899
696	12	5951	5951	0.00169563
696	13	13	13	0.00284767
696	14	50256	50256	0
697	5	14729	14729	0.000249863
697	6	286	286	0.000217438
697	7	7405	7405	0.00749207
697	8	13	13	2.86102e-05
697	9	50256	50256	0
698	5	262	262	2.28882e-05
698	6	2685	2685	0.0119705
698	7	8573	8573	0.0064621
698	8	810	810	0.0039444
698	9	5205	5205	0.000873566
698	10	44411	44411	0.000648499
698	11	8833	8833	0.0124264
698	12	287	287	8.39233e-05
698	13	4077	4077	0.00205803
698	14	6134	6134	0.00669098
698	15	13	13	9.72748e-05
698	16	50256	50256	0
699	5	8850	8850	0.00725746
699	6	1633	1633	0.00711823
699	7	10874	10874	0.0134945
699	8	8384	8384	0.00779343
699	9	286	286	5.72205e-06
699	10	17745	17745	0.00678825
699	11	7268	7268	0.000101089
699	12	734	734	0.0001297
699	13	11863	11863	0.00824738
699	14	23235	23235	0.00143814
699	15	13	13	1.90735e-06
699	16	50256	50256	0
700	5	416	416	2.28882e-05
700	6	1633	1633	0.0884275
700	7	11581	11581	0.00422478
700	8	8902	8902	0.00570297
700	9	706	706	0.00584793
700	10	14357	14357	0.000270844
700	11	37876	37876	0.00056076
700	12	340	340	4.00543e-05
700	13	13	13	1.90735e-06
700	14	50256	50256	0
701	5	13522	13522	0.00477791
701	6	11	11	0.000749588
701	7	257	257	0.000482559
701	8	2829	2829	0.00961113
701	9	44017	44017	0.00122643
701	10	14452	14452	0.00321007
701	11	26728	26728	0.00855064
701	12	517	517	0.00443077
701	13	6364	6364	0.015913
701	14	618	618	0.000213623
701	15	663	663	0.000177383
701	16	4129	4129	0.00559044
701	17	318	318	0.000360489
701	18	3220	3220	0.00028038
701	19	13	13	0
701	20	50256	50256	0
702	5	1785	1785	0.00589371
702	6	17810	17810	0.0307598
702	7	11	11	0.00180626
702	8	1657	1657	0.00324059
702	9	2314	2314	0.00160217
702	10	6654	6654	0.00720596
702	11	284	284	8.39233e-05
702	12	12899	12899	0.0162754
702	13	17984	17984	0.00164986
702	14	13	13	0
702	15	50256	50256	0
703	5	287	287	0.000263214
703	6	262	262	3.05176e-05
703	7	614	614	0.0106354
703	8	1478	1478	0.00139046
703	9	4310	4310	0.00189209
703	10	13	13	0
703	11	50256	50256	0
704	5	281	281	0.00526047
704	6	12278	12278	0.00307465
704	7	6737	6737	0.00436974
704	8	13	13	0.00371933
704	9	50256	50256	0
705	5	5166	5166	0.00753403
705	6	286	286	0.000171661
705	7	302	302	0.00346756
705	8	5379	5379	0.00677109
705	9	326	326	0.00290298
705	10	12611	12611	0.00258064
705	11	378	378	0.0297966
705	12	1028	1028	0.0192566
705	13	1123	1123	0.00309753
705	14	584	584	0.000114441
705	15	13	13	0.0337067
705	16	50256	50256	0
706	5	284	284	2.28882e-05
706	6	1037	1037	0.00414276
706	7	17276	17276	0.000928879
706	8	8574	8574	0.000974655
706	9	12784	12784	0.000873566
706	10	13	13	1.90735e-06
706	11	50256	50256	0
707	5	1205	1205	0.00621033
707	6	1231	1231	0.000268936
707	7	15345	15345	0.00111008
707	8	11904	11904	0.000514984
707	9	13	13	5.72205e-05
707	10	50256	50256	0
708	5	262	262	9.34601e-05
708	6	44345	44345	0.00477791
708	7	8813	8813	0.0100689
708	8	268	268	0.00515747
708	9	1904	1904	0.002985
708	10	21767	21767	0.00674057
708	11	262	262	1.52588e-05
708	12	2160	2160	0.00319099
708	13	286	286	0.000162125
708	14	262	262	1.14441e-05
708	15	24438	24438	0.00510788
708	16	286	286	5.72205e-06
708	17	262	262	9.53674e-06
708	18	584	584	0.000284195
708	19	734	734	0.00205231
708	20	5389	5389	0.00144958
708	21	13	13	0
708	22	50256	50256	0
709	5	32202	32202	0.00234604
709	6	1276	1276	0.0145454
709	7	14999	14999	0.00317383
709	8	663	663	0.000204086
709	9	20831	20831	0.0066452
709	10	409	409	0.0101414
709	11	418	418	0.00303078
709	12	38800	38800	0.000774384
709	13	13	13	1.90735e-06
709	14	50256	50256	0
710	5	4279	4279	0.00335884
710	6	393	393	5.34058e-05
710	7	2393	2393	0.00568199
710	8	287	287	1.52588e-05
710	9	19780	19780	0.012394
710	10	13	13	7.82013e-05
710	11	50256	50256	0
711	5	1245	1245	0.001791
711	6	286	286	0.000217438
711	7	257	257	1.90735e-06
711	8	2700	2700	0.0620604
711	9	546	546	0.00506401
711	10	281	281	0.000431061
711	11	16488	16488	0.00122643
711	12	13	13	3.24249e-05
711	13	50256	50256	0
712	5	1588	1588	0.00109863
712	6	9824	9824	0.00294304
712	7	319	319	0.000253677
712	8	262	262	5.72205e-06
712	9	10326	10326	0.00120735
712	10	4417	4417	0.000299454
712	11	287	287	0
712	12	25768	25768	0.00298119
712	13	13	13	0
712	14	50256	50256	1.90735e-06
713	5	6869	6869	0.00247002
713	6	338	338	7.62939e-06
713	7	4252	4252	0.000482559
713	8	18250	18250	0.0012455
713	9	33169	33169	0.0031929
713	10	6698	6698	0.0117521
713	11	4632	4632	0.00523949
713	12	1497	1497	0.0062542
713	13	422	422	0.0050602
713	14	3668	3668	0.0111961
713	15	13	13	1.71661e-05
713	16	50256	50256	0
714	5	779	779	0.0381079
714	6	16396	16396	0.00587273
714	7	5405	5405	0.0213966
714	8	284	284	3.8147e-06
714	9	1296	1296	0.0289688
714	10	9824	9824	0.00354958
714	11	393	393	1.14441e-05
714	12	5986	5986	0.00044632
714	13	13	13	0
714	14	50256	50256	0
715	5	2458	2458	0.0184422
715	6	262	262	5.14984e-05
715	7	4129	4129	0.00497818
715	8	286	286	0.00131798
715	9	262	262	8.01086e-05
715	10	8875	8875	0.00329971
715	11	338	338	0.000553131
715	12	1633	1633	0.00894737
715	13	3108	3108	0.000257492
715	14	13	13	5.72205e-06
715	15	50256	50256	0
716	5	287	287	0.00758171
716	6	13066	13066	0.000444412
716	7	1088	1088	0.0082283
716	8	262	262	1.90735e-06
716	9	3825	3825	0.000291824
716	10	13	13	0
716	11	50256	50256	0
717	5	47786	47786	0.00251007
717	6	262	262	8.39233e-05
717	7	3356	3356	0.0180178
717	8	286	286	1.90735e-06
717	9	5186	5186	0.00338364
717	10	3877	3877	0.00504494
717	11	832	832	1.71661e-05
717	12	663	663	9.53674e-06
717	13	11963	11963	0.000722885
717	14	13	13	0.000202179
717	15	50256	50256	0
718	5	4483	4483	0.00475121
718	6	2057	2057	0.00341797
718	7	422	422	0.0162773
718	8	1111	1111	0.00344467
718	9	6134	6134	0.00328636
718	10	290	290	2.28882e-05
718	11	4695	4695	0.000328064
718	12	13	13	2.28882e-05
718	13	50256	50256	0
719	5	6268	6268	0.00125313
719	6	832	832	5.34058e-05
719	7	18842	18842	0.00540161
719	8	722	722	0.00122643
719	9	9941	9941	0.00326538
719	10	13	13	0
719	11	50256	50256	0
720	5	3668	3668	0.00369072
720	6	338	338	0.00118065
720	7	4417	4417	0.00577927
720	8	318	318	0.000293732
720	9	1444	1444	0.00109482
720	10	2153	2153	0.000452042
720	11	2611	2611	0.00143051
720	12	13	13	0
720	13	50256	50256	0
721	5	262	262	0.000123978
721	6	976	976	0.00230217
721	7	1688	1688	0.00467873
721	8	5044	5044	0.00548363
721	9	1448	1448	0.000398636
721	10	355	355	0.0173588
721	11	5417	5417	0.0117664
721	12	281	281	0.00327873
721	13	368	368	0.00794792
721	14	1952	1952	0.00203896
721	15	13	13	5.72205e-06
721	16	50256	50256	0
722	5	656	656	1.90735e-05
722	6	12278	12278	0.000816345
722	7	2568	2568	0.000234604
722	8	13	13	0.000659943
722	9	50256	50256	0
723	5	2219	2219	0.000787735
723	6	1438	1438	0.00519943
723	7	329	329	0.000175476
723	8	21072	21072	0.0017662
723	9	275	275	0.00195503
723	10	291	291	0.00304604
723	11	42084	42084	0.00246429
723	12	378	378	0.00149918
723	13	13	13	5.72205e-06
723	14	50256	50256	0
724	5	9377	9377	0.000671387
724	6	1271	1271	0.000724792
724	7	13	13	3.62396e-05
724	8	50256	50256	5.72205e-06
725	5	19780	19780	0.00128365
725	6	983	983	0.00115395
725	7	351	351	0.000350952
725	8	27913	27913	0.00116158
725	9	5207	5207	0.0314579
725	10	13	13	1.90735e-06
725	11	50256	50256	0
726	5	286	286	0
726	6	16490	16490	0.00250435
726	7	287	287	9.53674e-06
726	8	22197	22197	0.00307083
726	9	338	338	1.52588e-05
726	10	13574	13574	0.00261497
726	11	13	13	2.67029e-05
726	12	50256	50256	0
727	5	878	878	0.00172234
727	6	340	340	0.000587463
727	7	5667	5667	0.000671387
727	8	262	262	7.62939e-06
727	9	1767	1767	8.7738e-05
727	10	13	13	3.8147e-06
727	11	50256	50256	0
728	5	36324	36324	0.00248528
728	6	389	389	0.00332069
728	7	925	925	0.000324249
728	8	422	422	0.00259209
728	9	35988	35988	0.001091
728	10	2266	2266	0.000926971
728	11	32085	32085	0.00251389
728	12	39642	39642	0.00207901
728	13	13	13	0
728	14	50256	50256	0
729	5	1862	1862	0.00647354
729	6	20611	20611	0.0130806
729	7	34262	34262	0.0049839
729	8	878	878	0.000181198
729	9	484	484	0.000350952
729	10	3938	3938	0.00211716
729	11	4292	4292	0.00575829
729	12	13	13	1.14441e-05
729	13	50256	50256	0
730	5	10874	10874	0.00179672
730	6	286	286	7.62939e-06
730	7	867	867	0.00110435
730	8	5100	5100	0.00213242
730	9	17894	17894	0.00189972
730	10	13	13	2.47955e-05
730	11	50256	50256	0
731	5	1690	1690	0.0212975
731	6	18782	18782	0.000589371
731	7	5609	5609	0.0011158
731	8	1657	1657	8.7738e-05
731	9	290	290	5.72205e-06
731	10	10908	10908	0.00177574
731	11	8188	8188	0.000904083
731	12	13	13	1.90735e-06
731	13	50256	50256	0
732	5	663	663	0.00028801
732	6	1957	1957	0.0200138
732	7	636	636	0.00104904
732	8	290	290	7.62939e-06
732	9	7386	7386	0.00167084
732	10	351	351	0.000104904
732	11	281	281	0.00221443
732	12	379	379	0.000858307
732	13	1051	1051	0.00275421
732	14	13	13	0
732	15	50256	50256	0
733	5	284	284	1.14441e-05
733	6	5951	5951	0.205572
733	7	284	284	1.90735e-06
733	8	1037	1037	0.00107956
733	9	16697	16697	0.00149727
733	10	16930	16930	0.0038166
733	11	393	393	0.000350952
733	12	15134	15134	0.00109482
733	13	13	13	0
733	14	50256	50256	0
734	5	878	878	0.000581741
734	6	8978	8978	0.00212669
734	7	262	262	5.72205e-06
734	8	19517	19517	0.00323296
734	9	6896	6896	0.000938416
734	10	13	13	0.000200272
734	11	50256	50256	0
735	5	5400	5400	0.154541
735	6	287	287	0.000341415
735	7	11711	11711	0.000871658
735	8	3833	3833	7.62939e-06
735	9	1088	1088	0.0880203
735	10	281	281	0.000385284
735	11	37970	37970	0.00138664
735	12	2134	2134	0.00317574
735	13	13	13	3.8147e-06
735	14	50256	50256	0
736	5	5253	5253	0.00581169
736	6	2138	2138	0.00477028
736	7	621	621	0.00699997
736	8	257	257	5.72205e-06
736	9	9478	9478	0.00526047
736	10	286	286	7.24792e-05
736	11	640	640	0.0360432
736	12	13	13	0
736	13	50256	50256	0
737	5	4695	4695	0.000116348
737	6	11	11	0.00120926
737	7	772	772	0.00644875
737	8	996	996	0.0065403
737	9	867	867	0.0208035
737	10	22464	22464	0.0171604
737	11	7009	7009	0.0115433
737	12	12734	12734	0.00139046
737	13	13	13	0
737	14	50256	50256	0
738	5	257	257	5.72205e-06
738	6	3992	3992	0.00376892
738	7	2443	2443	0.00496101
738	8	815	815	0.00112534
738	9	307	307	0.00156784
738	10	5545	5545	0.000728607
738	11	13	13	0
738	12	50256	50256	0
739	5	13066	13066	0.00493336
739	6	23537	23537	0.00162888
739	7	422	422	0.00750923
739	8	262	262	0.000104904
739	9	3825	3825	0.000623703
739	10	13	13	0.000179291
739	11	50256	50256	0
740	5	76	76	0.0110512
740	6	8592	8592	0.00932121
740	7	11	11	0.00084877
740	8	340	340	0.00148964
740	9	5419	5419	0.00380898
740	10	3197	3197	0.00644302
740	11	1633	1633	0.00305748
740	12	656	656	1.14441e-05
740	13	262	262	0.00152588
740	14	21726	21726	0.00038147
740	15	13	13	0
740	16	50256	50256	0
741	5	431	431	0.00587654
741	6	260	260	0.0023613
741	7	355	355	0.000232697
741	8	663	663	0.000104904
741	9	25861	25861	0.00635719
741	10	2779	2779	0.00164413
741	11	4326	4326	0.000682831
741	12	13	13	0
741	13	50256	50256	0
742	5	318	318	0.000909805
742	6	257	257	7.05719e-05
742	7	20838	20838	0.00286293
742	8	12505	12505	0.000366211
742	9	3716	3716	0.0352325
742	10	319	319	0.00912094
742	11	262	262	0.024334
742	12	28259	28259	0.00539017
742	13	7022	7022	0.012043
742	14	286	286	1.90735e-06
742	15	7349	7349	0.00846672
742	16	13	13	1.14441e-05
742	17	50256	50256	0
743	5	17777	17777	0.00339317
743	6	274	274	0.000232697
743	7	1138	1138	0.00287437
743	8	37670	37670	0.00159073
743	9	1042	1042	0.000461578
743	10	13	13	0
743	11	50256	50256	0
744	5	3218	3218	0.00300026
744	6	37783	37783	0.00279427
744	7	326	326	6.67572e-05
744	8	17245	17245	0.00212288
744	9	779	779	0.000793457
744	10	284	284	9.53674e-06
744	11	3357	3357	0.000724792
744	12	10576	10576	0.000553131
744	13	13	13	5.72205e-06
744	14	50256	50256	0
745	5	618	618	0.000774384
745	6	4683	4683	0.00920868
745	7	12586	12586	0.001194
745	8	1487	1487	0.00435448
745	9	739	739	0.0114574
745	10	4894	4894	0.409166
745	11	290	290	3.8147e-06
745	12	3833	3833	0.000297546
745	13	1231	1231	0.00341415
745	14	3190	3190	0.00231552
745	15	24203	24203	0.00395775
745	16	13	13	7.62939e-06
745	17	50256	50256	0
746	5	572	572	0.00734138
746	6	5478	5478	0.000905991
746	7	338	338	2.86102e-05
746	8	35618	35618	0.00778961
746	9	7051	7051	0.00522804
746	10	13	13	8.7738e-05
746	11	50256	50256	0
747	5	8506	8506	0.00515175
747	6	12201	12201	0.00555229
747	7	636	636	0.00382996
747	8	286	286	3.8147e-06
747	9	281	281	0.00087738
747	10	317	317	0.00517082
747	11	11693	11693	0.0026741
747	12	8952	8952	0.00188065
747	13	312	312	0.00472069
747	14	22035	22035	0.00291634
747	15	39490	39490	0.00235176
747	16	3641	3641	0.00172234
747	17	13	13	1.90735e-06
747	18	50256	50256	0
748	5	645	6143	5.61175
748	6	24012	24012	0.0611057
748	7	6143	6143	0.000135422
748	8	458	458	0.166491
748	9	34387	34387	0.00106812
748	10	13	13	0
748	11	50256	50256	0
749	5	7667	7667	0.00159645
749	6	8701	8701	0.00187683
749	7	4447	4447	0.00681114
749	8	1043	1043	0.0147972
749	9	8384	8384	0.00379372
749	10	287	287	2.67029e-05
749	11	16519	16519	0.0144672
749	12	290	290	0
749	13	36421	36421	0.000610352
749	14	13	13	7.62939e-06
749	15	50256	50256	0
750	5	3473	3473	0.00595474
750	6	286	286	0
750	7	517	517	0.00657654
750	8	621	621	0.000926971
750	9	530	530	0.000745773
750	10	34371	34371	0.00172424
750	11	2438	2438	0.0073719
750	12	966	966	0.056572
750	13	13	13	0
750	14	50256	50256	0
751	5	5640	5640	0.00260353
751	6	257	257	2.67029e-05
751	7	15554	15554	0.00248337
751	8	9030	9030	0.00158119
751	9	284	284	2.09808e-05
751	10	5587	5587	0.00160408
751	11	13042	13042	0.0119705
751	12	13	13	0
751	13	50256	50256	0
752	5	286	286	3.8147e-06
752	6	26742	26742	0.00279236
752	7	1626	1626	0.00276375
752	8	257	257	3.05176e-05
752	9	3704	3704	0.00337982
752	10	286	286	2.86102e-05
752	11	4898	4898	3.43323e-05
752	12	13	13	0
752	13	50256	50256	0
753	5	24603	24603	0.0272446
753	6	5440	5440	0.00140762
753	7	5140	5140	0.000106812
753	8	287	287	1.90735e-06
753	9	262	262	1.52588e-05
753	10	1388	1388	0.00313759
753	11	27460	27460	0.00320816
753	12	10999	10999	0.00222778
753	13	13	13	5.34058e-05
753	14	50256	50256	0
754	5	1657	1657	0.00147629
754	6	656	656	2.47955e-05
754	7	7577	7577	0.00446701
754	8	780	780	0.000234604
754	9	1180	1180	0.000589371
754	10	45656	45656	0.000801086
754	11	1006	1006	0.014267
754	12	974	974	0.00187492
754	13	416	416	0.00101471
754	14	1180	1180	0.00219345
754	15	6867	6867	0.0019207
754	16	13	13	0
754	17	50256	50256	0
755	5	2785	2785	0.00166702
755	6	2568	2568	0.000358582
755	7	13	13	1.14441e-05
755	8	50256	50256	0
756	5	14568	14568	0.0110035
756	6	351	351	0.000549316
756	7	1180	1180	0.00291252
756	8	5951	5951	0.00477409
756	9	393	393	9.15527e-05
756	10	20160	20160	0.00212097
756	11	9695	9695	0.00510597
756	12	13	13	1.90735e-06
756	13	50256	50256	0
757	5	262	262	0.00030899
757	6	31877	31877	0.00333786
757	7	23648	23648	0.00471497
757	8	559	559	0.000413895
757	9	422	422	0.00756454
757	10	262	262	5.72205e-05
757	11	3942	3942	0.00284767
757	12	850	850	0.00113487
757	13	3642	3642	0.00489616
757	14	7233	7233	0.000680923
757	15	13	13	3.8147e-06
757	16	50256	50256	0
758	5	7408	7408	0.00576591
758	6	290	290	1.90735e-06
758	7	34616	34616	0.00323105
758	8	29120	29120	0.000576019
758	9	13	13	0
758	10	50256	50256	0
759	5	389	389	0.000226974
759	6	14921	14921	0.0173798
759	7	656	656	1.33514e-05
759	8	20144	20144	0.000930786
759	9	290	290	9.53674e-06
759	10	13439	13439	0.00496292
759	11	13	13	0
759	12	50256	50256	0
760	5	318	318	0.0168676
760	6	262	262	5.72205e-06
760	7	3139	3139	0.000221252
760	8	286	286	9.53674e-06
760	9	17333	17333	0.00538826
760	10	11	11	0.0102615
760	11	281	281	0.00967216
760	12	7022	7022	0.000427246
760	13	1499	1499	0.000514984
760	14	13	13	0
760	15	50256	50256	0
761	5	17008	17008	0.00600243
761	6	8811	8811	0.0114193
761	7	925	925	0.00200081
761	8	1262	1262	0.000205994
761	9	17797	17797	0.00426483
761	10	44749	44749	0.0017662
761	11	13	13	1.90735e-06
761	12	50256	50256	0
762	5	1962	1962	0.00264359
762	6	1142	1142	0.00363159
762	7	3970	3970	0.00169945
762	8	287	287	2.67029e-05
762	9	2882	2882	0.00736046
762	10	284	284	7.62939e-06
762	11	262	262	3.8147e-06
762	12	13471	13471	0.00464249
762	13	286	286	7.62939e-06
762	14	257	257	0
762	15	7897	7897	0.00319481
762	16	3240	3240	0.00255585
762	17	13	13	0
762	18	50256	50256	0
763	5	26371	26371	0.00165939
763	6	2100	2100	0.00184631
763	7	3800	3800	0.00411224
763	8	286	286	0
763	9	257	257	7.43866e-05
763	10	35113	35113	0.0101185
763	11	393	393	0.000246048
763	12	44400	44400	0.000278473
763	13	13	13	0
763	14	50256	50256	0
764	5	1978	1978	0.000976562
764	6	287	287	1.14441e-05
764	7	257	257	7.62939e-06
764	8	2266	2266	0.00411034
764	9	1140	1140	0.0194359
764	10	6317	6317	0.00443268
764	11	13	13	0
764	12	50256	50256	1.90735e-06
765	5	511	511	7.62939e-06
765	6	5667	5667	0.00470161
765	7	1141	1141	0.000648499
765	8	257	257	1.90735e-05
765	9	3218	3218	0.00183678
765	10	21819	21819	0.000417709
765	11	6772	6772	0.00166321
765	12	13	13	0
765	13	50256	50256	0
766	5	23638	23638	0.000312805
766	6	373	373	0.000995636
766	7	3170	3170	0.074791
766	8	329	329	0.000120163
766	9	262	262	1.90735e-06
766	10	872	872	0.000329971
766	11	33766	33766	0.00393295
766	12	5311	5311	0.00123405
766	13	3046	3046	0.00284195
766	14	84	84	0.00378036
766	15	13	13	0.000312805
766	16	50256	50256	0
767	5	8833	8833	0.00514793
767	6	287	287	1.52588e-05
767	7	262	262	1.52588e-05
767	8	1402	1402	0.0011158
767	9	45426	45426	0.0188065
767	10	13	13	0
767	11	50256	50256	0
768	5	281	281	0.000391006
768	6	21670	21670	0.00947952
768	7	28287	28287	0.000728607
768	8	389	389	0.000482559
768	9	9518	9518	0.0014782
768	10	5667	5667	0.00277328
768	11	13	13	0
768	12	50256	50256	0
769	5	8573	8573	0.0113468
769	6	286	286	2.67029e-05
769	7	48573	48573	0.00367165
769	8	6134	6134	0.000379562
769	9	13	13	0
769	10	50256	50256	0
770	5	16613	16613	0.00951958
770	6	1626	1626	0.00214958
770	7	262	262	7.05719e-05
770	8	1692	1692	0.000772476
770	9	7721	7721	0.000488281
770	10	13	13	0
770	11	50256	50256	0
771	5	24927	24927	0.0059185
771	6	399	399	0.0105267
771	7	2306	2306	0.00151825
771	8	35815	35815	0.00179863
771	9	287	287	1.71661e-05
771	10	22381	22381	0.00237083
771	11	39255	39255	0.0186825
771	12	1004	1004	0.0117626
771	13	6120	6120	0.000736237
771	14	4698	4698	0.001297
771	15	262	262	1.33514e-05
771	16	32306	32306	0.00140762
771	17	13	13	7.05719e-05
771	18	50256	50256	0
772	5	1657	1657	0.0504398
772	6	26842	26842	0.871288
772	7	618	618	1.33514e-05
772	8	340	340	0.000448227
772	9	14170	14170	0.00266457
772	10	257	257	0.000421524
772	11	1180	1180	0.0646076
772	12	13245	13245	0.00478935
772	13	2587	2587	0.00828743
772	14	379	379	3.24249e-05
772	15	281	281	0.00103951
772	16	9848	9848	0.00499725
772	17	13	13	1.90735e-06
772	18	50256	50256	0
773	5	351	351	0.000135422
773	6	663	663	0.00607872
773	7	16488	16488	0.00139427
773	8	37229	37229	0.00613976
773	9	2048	2048	0.0149927
773	10	656	656	2.67029e-05
773	11	262	262	0
773	12	6614	6614	0.00458336
773	13	286	286	0
773	14	663	663	6.48499e-05
773	15	13066	13066	0.00176048
773	16	13	13	3.8147e-05
773	17	50256	50256	0
774	5	286	286	1.90735e-06
774	6	14159	14159	0.0101585
774	7	287	287	4.19617e-05
774	8	262	262	2.47955e-05
774	9	18020	18020	0.00157166
774	10	6896	6896	0.0110188
774	11	13	13	1.33514e-05
774	12	50256	50256	0
775	5	3210	3210	0.0229893
775	6	4141	4141	0.0358963
775	7	12	12	0.000219345
775	8	2385	2385	0.00424385
775	9	863	863	0.0039978
775	10	6203	6203	0.00902748
775	11	468	468	0.000354767
775	12	15334	15334	0.00550652
775	13	12	12	7.62939e-05
775	14	11545	11545	0.00639343
775	15	4116	4116	0.00113106
775	16	13	13	2.28882e-05
775	17	50256	50256	0
776	5	318	318	0.000392914
776	6	262	262	1.90735e-05
776	7	640	640	0.00161362
776	8	2672	2672	0.0107288
776	9	329	329	0.0128365
776	10	2063	2063	0.0103788
776	11	286	286	3.8147e-05
776	12	257	10411	2.32067
776	13	1588	1588	0.00185204
776	14	3265	3265	0.0147648
776	15	286	286	5.91278e-05
776	16	10411	10411	0.00116348
776	17	21354	21354	0.012228
776	18	17751	17751	0.0236664
776	19	72	72	0.0103416
776	20	284	284	0.000123978
776	21	22119	22119	0.000858307
776	22	319	319	0.000804901
776	23	2811	2811	0.000999451
776	24	13	13	1.90735e-05
776	25	50256	50256	0
777	5	832	832	0.000139236
777	6	881	881	0.00114441
777	7	286	286	1.14441e-05
777	8	262	262	3.8147e-06
777	9	13009	13009	0.00213051
777	10	22329	22329	0.00388527
777	11	13	13	3.43323e-05
777	12	50256	50256	0
778	5	37546	37546	0.00208855
778	6	1767	1767	0.000905991
778	7	284	284	2.09808e-05
778	8	257	257	3.62396e-05
778	9	38427	38427	0.00109482
778	10	1767	1767	0.000249863
778	11	13	13	6.86646e-05
778	12	50256	50256	0
779	5	10017	10017	0.00276566
779	6	351	351	0.000190735
779	7	37414	37414	0.00344467
779	8	326	326	0.0001297
779	9	5419	5419	0.000116348
779	10	4180	4180	0.00614357
779	11	11192	11192	0.00176811
779	12	576	576	0.0026989
779	13	3386	3386	0.00147438
779	14	13	13	4.19617e-05
779	15	50256	50256	0
780	5	422	422	0.00358582
780	6	2587	2587	0.00396156
780	7	6427	6427	0.000530243
780	8	832	832	0.0010891
780	9	340	340	0.00088501
780	10	13	13	1.90735e-06
780	11	50256	50256	0
781	5	16882	16882	0.000923157
781	6	318	318	0.00263405
781	7	11172	11172	0.000526428
781	8	422	422	0.00209999
781	9	4376	4376	0.00682449
781	10	16649	16649	0.0016346
781	11	4291	4291	0.00075531
781	12	3348	3348	0.000722885
781	13	13	13	0
781	14	50256	50256	0
782	5	290	290	0.000745773
782	6	2962	2962	0.00403976
782	7	1657	1657	0.00129318
782	8	351	351	0.00303268
782	9	26929	26929	0.000864029
782	10	22353	22353	0.000297546
782	11	13	13	0
782	12	50256	50256	0
783	5	257	257	0.000738144
783	6	3992	3992	0.00110817
783	7	3188	3188	0.00195122
783	8	1262	1262	0.00217438
783	9	41485	41485	0.00250435
783	10	13	13	0
783	11	50256	50256	0
784	5	8850	8850	0.0031395
784	6	5931	5931	0.000318527
784	7	12737	12737	0.00105476
784	8	45075	45075	0.00390244
784	9	2472	2472	0.00732994
784	10	2347	2347	0.00100517
784	11	284	284	8.01086e-05
784	12	281	281	0.000150681
784	13	6275	6275	0.00136566
784	14	40874	40874	0.0014534
784	15	13	13	0
784	16	50256	50256	0
785	5	5563	5563	0.132677
785	6	257	257	0.00450516
785	7	5405	5405	0.000127792
785	8	88	88	0.101181
785	9	4417	4417	0.0203876
785	10	706	706	0.00191689
785	11	9645	9645	0.00462723
785	12	13	13	0
785	13	50256	50256	0
786	5	1103	1103	0.000110626
786	6	1271	1271	0.000837326
786	7	5260	5260	0.0332355
786	8	663	663	0.0139942
786	9	5253	5253	0.00206757
786	10	422	422	0.00721169
786	11	6632	6632	0.00213814
786	12	13	13	0
786	13	50256	50256	0
787	5	5679	5679	0.00302124
787	6	257	257	0.000440598
787	7	7002	7002	0.00465393
787	8	832	832	0.00088501
787	9	5783	5783	0.00521088
787	10	11	11	0.00583267
787	11	49893	49893	0.0385227
787	12	2870	2870	0.000907898
787	13	11	11	5.91278e-05
787	14	290	290	1.90735e-06
787	15	20494	20494	0.00258064
787	16	13	13	0
787	17	50256	50256	0
788	5	422	422	0.681549
788	6	262	262	3.8147e-06
788	7	14707	14707	0.00123978
788	8	4755	4755	0.00448227
788	9	286	286	0.000736237
788	10	257	257	0.0023632
788	11	4858	4858	0.00119209
788	12	3491	3491	0.0186729
788	13	13	13	1.90735e-06
788	14	50256	50256	0
789	5	318	318	0.00201416
789	6	7685	7685	0.00310707
789	7	3194	3194	0.00105667
789	8	281	281	0.000663757
789	9	19318	19318	0.00315285
789	10	1015	1015	0.0021286
789	11	2029	2029	0.000915527
789	12	663	663	0.0312805
789	13	22655	22655	0.0036869
789	14	7078	7078	0.00600052
789	15	13	13	5.72205e-06
789	16	50256	50256	0
790	5	48862	48862	0.0109692
790	6	485	485	0.0175552
790	7	272	272	0.00350571
790	8	6614	6614	0.00809288
790	9	1239	1239	0.00144958
790	10	36177	36177	0.00164795
790	11	13	13	0
790	12	50256	50256	0
791	5	5822	5822	0.00940323
791	6	286	286	8.7738e-05
791	7	6156	6156	0.000257492
791	8	25942	25942	0.00151825
791	9	261	261	0.00868416
791	10	13	13	1.33514e-05
791	11	50256	50256	0
792	5	6203	6203	0.00353813
792	6	1262	1262	0.000370026
792	7	18018	18018	0.000562668
792	8	326	326	6.48499e-05
792	9	8181	8181	0.0032959
792	10	422	422	0.00160217
792	11	4025	4025	0.00345421
792	12	6493	6493	0.00050354
792	13	18018	18018	0.000776291
792	14	13	13	8.2016e-05
792	15	50256	50256	0
793	5	787	787	0.00251579
793	6	510	510	0.000408173
793	7	262	262	2.09808e-05
793	8	4318	4318	0.000736237
793	9	10927	10927	0.000951767
793	10	1080	1080	0.000688553
793	11	13	13	3.8147e-06
793	12	50256	50256	0
794	5	262	262	1.71661e-05
794	6	7446	7446	0.00097847
794	7	287	287	0.000228882
794	8	257	257	0.00234222
794	9	7226	7226	0.00289536
794	10	5044	5044	0.00346184
794	11	2685	2685	0.00157166
794	12	13	13	1.90735e-06
794	13	50256	50256	0
795	5	3623	3623	0.00325012
795	6	2458	2458	0.00368309
795	7	656	656	0.000431061
795	8	257	257	7.62939e-06
795	9	8122	8122	0.00270081
795	10	13	13	1.90735e-06
795	11	50256	50256	7.24792e-05
796	5	45636	45636	0.00507355
796	6	15027	15027	0.0162945
796	7	318	318	5.72205e-05
796	8	284	284	9.53674e-05
796	9	25432	25432	0.00379372
796	10	5207	5207	0.00296974
796	11	656	656	1.90735e-06
796	12	257	257	1.33514e-05
796	13	1844	1844	0.00315666
796	14	4286	4286	0.000164032
796	15	393	393	0.000343323
796	16	5485	5485	0.00225258
796	17	13	13	0
796	18	50256	50256	0
797	5	625	625	0.000267029
797	6	281	281	0.00087738
797	7	1989	1989	0.00079155
797	8	13	13	0
797	9	50256	50256	0
798	5	318	318	0.000156403
798	6	783	783	0.000244141
798	7	1900	1900	0.00856209
798	8	355	355	0.00359917
798	9	25299	25299	0.011755
798	10	13	13	1.33514e-05
798	11	50256	50256	0
799	5	7679	7679	0.00814056
799	6	42909	42909	0.0028038
799	7	881	881	0.00353813
799	8	286	286	1.90735e-06
799	9	262	262	0.000185013
799	10	3825	3825	0.00120926
799	11	338	338	2.67029e-05
799	12	13568	13568	0.000980377
799	13	49961	49961	0.00138855
799	14	11881	11881	0.00168037
799	15	13	13	4.3869e-05
799	16	50256	50256	0
800	5	307	307	0.0143108
800	6	9086	9086	0.00270081
800	7	656	656	1.90735e-06
800	8	2237	2237	0.00698853
800	9	1602	1602	0.000520706
800	10	14796	14796	0.0102291
800	11	44360	44360	0.000642776
800	12	13	13	0
800	13	50256	50256	0
801	5	287	287	1.90735e-05
801	6	2800	2800	0.00195694
801	7	351	351	0.000534058
801	8	262	262	2.09808e-05
801	9	2323	2323	0.00774574
801	10	13	13	5.72205e-06
801	11	50256	50256	0
802	5	1351	1351	0.02491
802	6	318	318	3.05176e-05
802	7	663	663	0.000558853
802	8	3504	3504	0.00120544
802	9	1988	1988	0.000963211
802	10	393	393	0.000198364
802	11	262	663	1.70439
802	12	1612	1612	0.00378418
802	13	286	286	0
802	14	663	663	0.000310898
802	15	734	734	0.0284081
802	16	3504	3504	0.009758
802	17	3815	3815	0.00284195
802	18	13	13	1.71661e-05
802	19	50256	50256	0
803	5	49586	49586	0.00127411
803	6	422	422	0.00442123
803	7	257	257	4.19617e-05
803	8	781	781	0.0333633
803	9	7241	7241	0.00791359
803	10	7679	7679	0.0171375
803	11	1022	1022	0.0270348
803	12	6228	6228	0.00156784
803	13	15747	15747	0.000665665
803	14	13	13	1.90735e-06
803	15	50256	50256	1.90735e-06
804	5	12834	12834	0.00403023
804	6	8811	8811	0.000469208
804	7	925	925	0.0252647
804	8	422	422	1.14441e-05
804	9	6147	6147	0.00758934
804	10	477	477	0.00421143
804	11	19417	19417	0.00866318
804	12	13	13	1.90735e-06
804	13	50256	50256	0
805	5	402	402	0.00492477
805	6	724	724	0.00318718
805	7	1428	1428	0.0024147
805	8	284	284	5.34058e-05
805	9	406	406	0.00581741
805	10	359	359	0.0129967
805	11	541	541	0.00629234
805	12	315	315	0.00432014
805	13	287	287	3.43323e-05
805	14	402	402	0.00298691
805	15	724	724	0.00485229
805	16	1428	1428	0.00108719
805	17	338	338	5.91278e-05
805	18	48899	48899	0.00101471
805	19	13	13	3.8147e-06
805	20	50256	50256	0
806	5	4326	4326	0.000377655
806	6	329	329	0.000787735
806	7	2033	2033	0.0135136
806	8	286	286	5.72205e-06
806	9	9136	9136	0.00168419
806	10	13	13	3.8147e-06
806	11	50256	50256	0
807	5	3318	3318	0.0077076
807	6	1060	1060	0.00931931
807	7	276	276	0.00528145
807	8	4823	4823	0.00733185
807	9	1231	1231	0.000450134
807	10	16006	16006	0.00119209
807	11	13	13	5.91278e-05
807	12	50256	50256	0
808	5	832	832	0.000209808
808	6	257	257	9.53674e-06
808	7	1429	1429	0.00246811
808	8	1444	1444	0.000200272
808	9	1007	1007	0.000616074
808	10	10514	10514	0.000301361
808	11	13	13	0
808	12	50256	50256	0
809	5	318	318	0.000648499
809	6	5447	5447	0.00159836
809	7	284	284	4.00543e-05
809	8	307	307	0.000337601
809	9	530	530	0.00265503
809	10	13	13	0
809	11	50256	50256	0
810	5	19780	19780	0.00323677
810	6	5822	5822	0.00581169
810	7	318	318	0.000398636
810	8	7384	7384	0.00440407
810	9	290	290	2.47955e-05
810	10	645	645	0.0340576
810	11	2742	2742	0.00283813
810	12	1445	1445	0.00466347
810	13	460	460	0.000162125
810	14	4781	4781	0.00200272
810	15	262	262	1.14441e-05
810	16	1368	1368	0.000741959
810	17	13	13	0
810	18	50256	50256	0
811	5	4166	4166	0.00130081
811	6	257	257	1.52588e-05
811	7	1409	1409	0.00774384
811	8	540	540	0.017231
811	9	12	12	0.000984192
811	10	28469	28469	0.00411415
811	11	12	12	0.00156021
811	12	4906	4906	0.0105515
811	13	13570	13570	0.00515556
811	14	1080	1080	0.000835419
811	15	287	287	1.90735e-06
811	16	5515	5515	0.00689125
811	17	20283	20283	0.000656128
811	18	12	12	0.000274658
811	19	14792	14792	0.00133705
811	20	2031	2031	0.00724411
811	21	13	13	1.90735e-06
811	22	50256	50256	0
812	5	503	503	0.0395918
812	6	416	416	0.00425529
812	7	2344	2344	0.0341749
812	8	11	11	0.00137138
812	9	19435	19435	0.000247955
812	10	11	11	8.96454e-05
812	11	10087	10087	0.00755692
812	12	11	11	0.000192642
812	13	393	393	5.72205e-05
812	14	584	584	0.00621223
812	15	4695	4695	0.00297356
812	16	13	13	7.62939e-06
812	17	50256	50256	0
813	5	290	290	0.000583649
813	6	423	423	0.0014534
813	7	511	511	0.00556564
813	8	898	898	0.00103188
813	9	14599	14599	0.00235558
813	10	44935	44935	0.000802994
813	11	8573	8573	0.00411034
813	12	13	13	0
813	13	50256	50256	0
814	5	1660	1660	8.96454e-05
814	6	338	338	1.71661e-05
814	7	23708	23708	0.00672531
814	8	1029	1029	0.00782394
814	9	24372	24372	0.0160904
814	10	966	966	0.0030365
814	11	3688	3688	0.00357246
814	12	351	351	0.000244141
814	13	2092	2092	9.91821e-05
814	14	12	12	0.000389099
814	15	13982	13982	0.0217381
814	16	17745	17745	0.0076046
814	17	13	13	3.8147e-06
814	18	50256	50256	0
815	5	3984	3984	0.00310135
815	6	5679	5679	0.00378227
815	7	10439	10439	0.00248909
815	8	286	286	1.14441e-05
815	9	262	262	4.95911e-05
815	10	9842	9842	0.00120354
815	11	437	437	0.00326157
815	12	544	544	0.00116539
815	13	1641	1641	0.00353622
815	14	13	13	0
815	15	50256	50256	0
816	5	8638	8638	0.00549507
816	6	2587	2587	0.00535965
816	7	422	422	0.00329781
816	8	530	530	0.00208664
816	9	4067	4067	0.00439262
816	10	284	284	3.8147e-06
816	11	1194	1194	0.000108719
816	12	13	13	5.72205e-06
816	13	50256	50256	0
817	5	9315	9315	0.00063324
817	6	6404	6404	0.00277138
817	7	859	859	0.00162125
817	8	389	389	0.000102997
817	9	10730	10730	0.000843048
817	10	13	13	0.00149918
817	11	50256	50256	0
818	5	3867	3867	0.000211716
818	6	1633	1633	0.00110626
818	7	13	13	0
818	8	50256	50256	0
819	5	1232	1232	0.00404167
819	6	2454	2454	0.0044899
819	7	1641	1641	0.0036068
819	8	2138	2138	0.00028038
819	9	621	621	0.000102997
819	10	262	262	1.14441e-05
819	11	5509	5509	0.0033741
819	12	6701	6701	0.00204849
819	13	1448	1448	0.00362968
819	14	13	13	0.000383377
819	15	50256	50256	1.90735e-06
820	5	2134	2134	0.00203514
820	6	319	319	0.000734329
820	7	1194	1194	4.57764e-05
820	8	468	468	0.000530243
820	9	281	281	0.00498772
820	10	4961	4961	0.00768471
820	11	290	290	0
820	12	6697	6697	0.00115395
820	13	5212	5212	0.00504112
820	14	2700	2700	0.00393677
820	15	13	13	1.90735e-06
820	16	50256	50256	1.90735e-06
821	5	318	318	0.00154495
821	6	1900	1900	0.000488281
821	7	329	329	0.000343323
821	8	44741	44741	0.00707626
821	9	11527	11527	0.00668144
821	10	21641	21641	0.00186729
821	11	13	13	0
821	12	50256	50256	0
822	5	2420	2420	0.00480843
822	6	2915	2915	0.0110893
822	7	287	287	0.000347137
822	8	543	543	0.00117683
822	9	14390	14390	0.000589371
822	10	1296	1296	0.00156593
822	11	4263	4263	0.00066185
822	12	393	393	0.00109673
822	13	7572	7572	0.010952
822	14	13	13	3.8147e-06
822	15	50256	50256	0
823	5	1660	1660	0.0011673
823	6	832	832	3.43323e-05
823	7	511	511	0.00153542
823	8	308	308	0.00103951
823	9	2171	2171	0.00112724
823	10	13	13	1.90735e-06
823	11	50256	50256	0
824	5	5822	5822	0.000555038
824	6	290	290	0.00153732
824	7	257	257	1.90735e-06
824	8	10929	10929	0.0231895
824	9	1141	1141	0.00102997
824	10	257	257	0
824	11	2060	2060	0.000980377
824	12	19780	19780	0.037508
824	13	1445	1445	0.0139694
824	14	13	13	0.000236511
824	15	50256	50256	0
825	5	416	416	0.00133896
825	6	38797	38797	0.00350952
825	7	278	278	0.0672112
825	8	17797	17797	0.000749588
825	9	44749	44749	0.00378418
825	10	351	351	0.00435829
825	11	257	257	0.00135803
825	12	15936	15936	0.00094223
825	13	3968	3968	0.00152206
825	14	13	13	0
825	15	50256	50256	0
826	5	1111	1111	0.00478172
826	6	21506	21506	0.000982285
826	7	290	290	1.71661e-05
826	8	25794	25794	0.0015583
826	9	13	13	7.62939e-06
826	10	50256	50256	0
827	5	393	393	0.000341415
827	6	27756	27756	0.00318909
827	7	351	351	0.00128174
827	8	257	257	5.72205e-06
827	9	2010	2010	0.00288963
827	10	5186	5186	0.00257492
827	11	3877	3877	0.0017643
827	12	13	13	0
827	13	50256	50256	0
828	5	2401	2401	0.0500698
828	6	2879	2879	0.00124359
828	7	900	900	0.0690517
828	8	11	11	0.000202179
828	9	1123	1123	0.000415802
828	10	886	886	0.00107384
828	11	286	286	1.90735e-05
828	12	257	257	1.90735e-06
828	13	17763	17763	0.0210114
828	14	2523	2523	0.00320625
828	15	257	257	3.62396e-05
828	16	1271	1271	0.0055294
828	17	422	422	0.000398636
828	18	6632	6632	0.00593758
828	19	832	832	0.00015831
828	20	2237	2237	0.0430222
828	21	13	13	6.10352e-05
828	22	50256	50256	0
829	5	496	496	0.00512886
829	6	6204	6204	0.0149288
829	7	1474	1474	0.000246048
829	8	1944	1944	0.0016861
829	9	12	12	0.000356674
829	10	820	820	0.00132751
829	11	25266	25266	0.00056076
829	12	13	13	3.8147e-06
829	13	50256	50256	0
830	5	262	262	0.00066185
830	6	45656	45656	0.00263786
830	7	286	286	5.72205e-06
830	8	1657	1657	0.0017643
830	9	11300	11300	0.0118084
830	10	1022	1022	0.000324249
830	11	12899	12899	0.000652313
830	12	27982	27982	0.00500679
830	13	13	13	0.00115013
830	14	50256	50256	1.90735e-06
831	5	36288	36288	0.00699806
831	6	423	423	0.0017128
831	7	42014	42014	0.00735474
831	8	307	307	0.00558853
831	9	4730	4730	0.00140572
831	10	13	13	0
831	11	50256	50256	0
832	5	21001	21001	0.00109863
832	6	5385	5385	0.0178823
832	7	5563	5563	0.016058
832	8	287	287	0.000253677
832	9	4320	4320	0.00127792
832	10	2339	2339	0.00569344
832	11	14752	14752	0.00102615
832	12	13	13	3.8147e-06
832	13	50256	50256	0
833	5	12070	12070	0.833664
833	6	35901	35901	0.0120182
833	7	12	12	0.00101662
833	8	16760	16760	0.000360489
833	9	8849	8849	0.0185413
833	10	656	656	1.90735e-06
833	11	21558	21558	0.00127029
833	12	284	284	5.72205e-06
833	13	3551	3551	0.00348473
833	14	269	269	0.000408173
833	15	1726	1726	0.00242805
833	16	6933	6933	0.00123215
833	17	13	13	0
833	18	50256	50256	0
834	5	4888	4888	0.00375938
834	6	416	416	2.09808e-05
834	7	3644	3644	0.0111599
834	8	4056	4056	0.00163651
834	9	13	13	0
834	10	50256	50256	0
835	5	2700	2700	0.00167847
835	6	832	832	0.0833778
835	7	1803	1803	0.00723457
835	8	44796	44796	0.027936
835	9	8122	8122	0.094079
835	10	13	13	1.90735e-06
835	11	50256	50256	0
836	5	3877	3877	0.00158882
836	6	11	11	0.000177383
836	7	981	981	0.00165939
836	8	1237	1237	0.00179482
836	9	684	684	0.00715446
836	10	3283	3283	0.00419998
836	11	3967	3967	0.00294495
836	12	5186	5186	0.00670624
836	13	3877	3877	0.000637054
836	14	13	13	0
836	15	50256	50256	0
837	5	2524	2524	6.86646e-05
837	6	287	287	5.72205e-06
837	7	1944	1944	0.00151253
837	8	12	12	9.34601e-05
837	9	820	820	0.000543594
837	10	7648	7648	0.000600815
837	11	13	13	0
837	12	50256	50256	0
838	5	286	286	0.000822067
838	6	20422	20422	0.000358582
838	7	11	11	7.62939e-05
838	8	257	257	5.91278e-05
838	9	46909	46909	0.00454903
838	10	38656	38656	0.00509834
838	11	318	318	7.24792e-05
838	12	10090	10090	0.00231171
838	13	355	355	0.00246239
838	14	257	257	0.00019455
838	15	4898	4898	0.00308609
838	16	7972	7972	0.00140381
838	17	8875	8875	0.00196457
838	18	13	13	3.8147e-05
838	19	50256	50256	0
839	5	15061	15061	0.0350103
839	6	8811	8811	0.00431442
839	7	21126	21126	0.00884056
839	8	656	656	1.90735e-06
839	9	257	257	1.90735e-05
839	10	8234	8234	0.000457764
839	11	13	13	1.90735e-06
839	12	50256	50256	0
840	5	1660	1660	0.000110626
840	6	20199	20199	0.00652313
840	7	18190	18190	0.0101986
840	8	4291	4291	0.00309753
840	9	4771	4771	0.019907
840	10	24770	24770	0.00242996
840	11	287	287	0.00215721
840	12	15114	15114	0.00387001
840	13	13	13	0
840	14	50256	50256	0
841	5	663	663	0.000249863
841	6	35988	35988	0.00729561
841	7	11904	11904	0.0331039
841	8	290	290	3.8147e-06
841	9	318	318	0.00289726
841	10	407	407	0.000341415
841	11	257	257	2.28882e-05
841	12	8701	8701	0.00399017
841	13	13	13	0
841	14	50256	50256	0
842	5	71	71	0.0301075
842	6	36417	36417	0.0188599
842	7	287	287	2.86102e-05
842	8	6156	6156	0.00189209
842	9	14937	14937	0.00846672
842	10	43372	43372	0.00356865
842	11	321	321	0.00948524
842	12	666	666	0.00069046
842	13	13399	13399	0.000196457
842	14	13	13	0
842	15	50256	50256	0
843	5	2081	2081	0.000408173
843	6	284	284	0.000162125
843	7	3991	3991	0.000745773
843	8	290	290	0.000406265
843	9	3991	3991	0.000804901
843	10	284	284	2.09808e-05
843	11	2081	2081	0.00468445
843	12	13	13	0
843	13	50256	50256	0
844	5	6268	6268	0.0135975
844	6	2173	2173	0.00272751
844	7	3812	3812	0.0012722
844	8	262	262	0
844	9	9197	9197	0.000925064
844	10	338	338	5.53131e-05
844	11	3641	3641	0.00413322
844	12	13	13	3.8147e-06
844	13	50256	50256	0
845	5	17467	17467	0.0103321
845	6	382	382	0.00449753
845	7	2722	2722	0.00182915
845	8	262	262	9.53674e-06
845	9	20715	20715	0.00841522
845	10	15895	15895	0.000440598
845	11	287	287	3.8147e-05
845	12	33818	33818	0.00452423
845	13	287	287	7.43866e-05
845	14	35145	35145	0.00151825
845	15	13	13	0
845	16	50256	50256	0
846	5	44543	44543	0.010622
846	6	4144	4144	0.00199699
846	7	16083	16083	0.027729
846	8	925	925	0.00043869
846	9	422	422	0.000619888
846	10	7545	7545	0.00564575
846	11	13	13	6.48499e-05
846	12	50256	50256	0
847	5	2033	2033	0.00387001
847	6	286	286	0.000452042
847	7	1660	1660	0.000207901
847	8	20199	20199	0.00300217
847	9	287	287	0.00145912
847	10	1633	1633	0.000541687
847	11	351	351	0.000795364
847	12	663	663	9.72748e-05
847	13	36275	36275	0.00358009
847	14	2033	2033	0.00206375
847	15	379	379	0.000841141
847	16	262	262	0.00170898
847	17	976	976	0.00461578
847	18	5951	5951	0.0805683
847	19	13	13	3.8147e-06
847	20	50256	50256	0
848	5	976	976	0.216019
848	6	12234	12234	0.00422096
848	7	1988	1988	0.00710678
848	8	11	11	0.000190735
848	9	257	257	0.000175476
848	10	3074	3074	0.00546455
848	11	1444	1444	1.90735e-05
848	12	257	257	4.19617e-05
848	13	17661	17661	0.000648499
848	14	13	13	0.000102997
848	15	50256	50256	0
849	5	1205	1205	0.0253859
849	6	287	287	6.10352e-05
849	7	5055	5055	0.00354576
849	8	393	393	0.000167847
849	9	3105	3105	0.000574112
849	10	12	12	0.000349045
849	11	31462	31462	0.00417328
849	12	1660	1660	0.000148773
849	13	13	13	1.90735e-06
849	14	50256	50256	0
850	5	656	656	3.8147e-06
850	6	257	257	0
850	7	8122	8122	0.000255585
850	8	13	13	1.90735e-06
850	9	50256	50256	0
851	5	10384	10384	0.00652885
851	6	284	284	4.3869e-05
851	7	262	262	0.00198746
851	8	6156	6156	0.00104713
851	9	15433	15433	0.00276756
851	10	6959	6959	0.00181961
851	11	286	286	1.52588e-05
851	12	2011	2011	0.00232697
851	13	66	66	0.00129509
851	14	268	268	0.00216675
851	15	3609	3609	0.0052681
851	16	13	13	0
851	17	50256	50256	0
852	5	27602	27602	0.000423431
852	6	1084	1084	0.00242805
852	7	515	515	0.00499344
852	8	290	290	2.47955e-05
852	9	16577	16577	0.0047493
852	10	284	284	5.72205e-06
852	11	4439	4439	0.00893211
852	12	26868	26868	0.000804901
852	13	13	13	0
852	14	50256	50256	0
853	5	319	319	0.000133514
853	6	262	262	1.90735e-05
853	7	4013	4013	0.00173759
853	8	25986	25986	0.00287056
853	9	34603	34603	0.00487518
853	10	21891	21891	0.0048542
853	11	13	13	1.33514e-05
853	12	50256	50256	0
854	5	36140	36140	0.00550652
854	6	11	11	3.8147e-06
854	7	281	281	0.00263786
854	8	19318	19318	0.000923157
854	9	1015	1015	0.00320053
854	10	318	318	0.00460243
854	11	9086	9086	0.00475693
854	12	656	656	3.05176e-05
854	13	14104	14104	0.0015583
854	14	4961	4961	0.0479679
854	15	5026	5026	0.00266266
854	16	49644	49644	0.0014534
854	17	4831	4831	0.00159264
854	18	13	13	1.90735e-06
854	19	50256	50256	0
855	5	2081	2081	0.0151176
855	6	11135	11135	0.00495338
855	7	1043	1043	0.00740242
855	8	287	287	0.000263214
855	9	48573	48573	0.00141525
855	10	6134	6134	0.000257492
855	11	13	13	9.53674e-05
855	12	50256	50256	0
856	5	1371	1371	0.00307274
856	6	617	617	0.0096035
856	7	1321	1321	0.00371742
856	8	422	422	0.00872421
856	9	262	262	1.90735e-06
856	10	2656	2656	0.00102234
856	11	1366	1366	0.00393295
856	12	13	13	1.90735e-06
856	13	50256	50256	0
857	5	83	83	0.00391388
857	6	270	270	0.00186539
857	7	9620	9620	0.00221825
857	8	287	287	0.000267029
857	9	262	262	5.72205e-06
857	10	614	614	0.00075531
857	11	1315	1315	0.00143433
857	12	2481	2481	0.00572205
857	13	13	13	0
857	14	50256	50256	0
858	5	1011	1011	0.000429153
858	6	262	262	7.05719e-05
858	7	2910	2910	0.00019455
858	8	13840	13840	0.00108719
858	9	2622	2622	0.0013752
858	10	416	416	0.000703812
858	11	867	867	0.0296764
858	12	4693	4693	0.0130634
858	13	329	329	0.00241852
858	14	5935	5935	0.000804901
858	15	3227	3227	0.0117836
858	16	13	13	3.24249e-05
858	17	50256	50256	0
859	5	338	338	0.000120163
859	6	8137	8137	0.00557327
859	7	42909	42909	0.000699997
859	8	2266	2266	0.001297
859	9	1657	1657	0.0030632
859	10	290	290	9.53674e-05
859	11	22625	22625	0.00079155
859	12	284	284	0.000183105
859	13	663	663	2.09808e-05
859	14	4171	4171	0.00583076
859	15	5585	5585	0.0119629
859	16	13	13	0
859	17	50256	50256	0
860	5	281	281	0.00113869
860	6	16295	16295	0.010294
860	7	6140	6140	0.0100155
860	8	318	318	0.00167847
860	9	1444	1444	0.00164223
860	10	663	663	2.28882e-05
860	11	2962	2962	0.00030899
860	12	13	13	0
860	13	50256	50256	0
861	5	418	418	0.00371742
861	6	389	389	0.023035
861	7	262	262	3.8147e-06
861	8	734	734	0.000576019
861	9	1402	1402	0.000125885
861	10	31093	31093	0.00836182
861	11	286	286	1.33514e-05
861	12	8706	8706	0.000799179
861	13	13	13	9.53674e-06
861	14	50256	50256	0
862	5	12622	12622	0.000341415
862	6	45738	45738	0.0018177
862	7	287	287	1.90735e-06
862	8	607	607	0.00129128
862	9	5337	5337	0.00808144
862	10	45738	45738	0.00111008
862	11	13	13	5.72205e-06
862	12	50256	50256	0
863	5	3395	3395	0.0107212
863	6	37670	37670	0.00595474
863	7	5958	5958	0.00908279
863	8	6140	6140	0.00294304
863	9	351	351	3.43323e-05
863	10	8547	8547	0.0026207
863	11	273	273	0.00864983
863	12	3409	3409	0.00388908
863	13	11400	11400	0.00102043
863	14	338	338	2.86102e-05
863	15	11359	11359	0.00115585
863	16	13389	13389	0.000936508
863	17	13	13	3.8147e-06
863	18	50256	50256	0
864	5	460	460	0.00169182
864	6	307	307	0.000627518
864	7	7042	7042	0.00645256
864	8	416	416	0.00274277
864	9	4375	4375	0.00120354
864	10	262	262	0.000137329
864	11	734	734	0.00557518
864	12	18148	18148	0.00111389
864	13	2846	2846	0.00299835
864	14	284	284	5.72205e-06
864	15	7330	7330	0.00366211
864	16	262	262	3.05176e-05
864	17	1306	1306	0.00390053
864	18	3381	3381	0.0275526
864	19	13	13	0
864	20	50256	50256	0
865	5	11880	11880	0.0038166
865	6	5419	5419	0.000331879
865	7	340	340	0.000144958
865	8	2834	2834	0.00460243
865	9	5667	5667	0.0166664
865	10	422	422	0.000146866
865	11	13737	13737	0.00795937
865	12	13	13	0
865	13	50256	50256	0
866	5	6903	6903	0.0082283
866	6	318	318	0.00198746
866	7	281	281	3.43323e-05
866	8	37287	37287	0.00234032
866	9	9814	9814	0.00112343
866	10	15763	15763	0.0016098
866	11	13	13	0
866	12	50256	50256	0
867	5	78	78	0.00179482
867	6	318	318	6.10352e-05
867	7	4888	4888	0.00597191
867	8	416	416	0.000179291
867	9	16256	16256	0.00102425
867	10	11	11	0.00481796
867	11	15336	15336	0.312063
867	12	11	11	2.86102e-05
867	13	290	290	3.8147e-06
867	14	46070	46070	0.000886917
867	15	72	72	0.00100136
867	16	13	13	0
867	17	50256	50256	0
868	5	19435	19435	0.0036335
868	6	351	351	0.00348663
868	7	9518	9518	0.00531769
868	8	5667	5667	0.00328827
868	9	13	13	1.90735e-06
868	10	50256	50256	0
869	5	547	547	0.0603771
869	6	14212	27219	2.44338
869	7	1748	1748	0.00425339
869	8	12	12	0.00553703
869	9	27219	27219	1.71661e-05
869	10	287	287	3.8147e-06
869	11	6156	6156	6.29425e-05
869	12	10315	10315	0.00429726
869	13	13	13	1.90735e-06
869	14	50256	50256	0
870	5	832	832	5.91278e-05
870	6	262	262	0.00123024
870	7	11963	11963	0.000621796
870	8	3356	3356	0.145129
870	9	286	286	1.71661e-05
870	10	257	257	3.8147e-06
870	11	11711	11711	0.00794411
870	12	13	13	1.14441e-05
870	13	50256	50256	0
871	5	3170	3170	0.00144386
871	6	416	416	5.91278e-05
871	7	262	262	1.90735e-06
871	8	3457	3457	0.00227547
871	9	292	292	0.0074234
871	10	287	287	1.33514e-05
871	11	262	262	9.53674e-06
871	12	843	843	0.00219727
871	13	274	274	0.00204277
871	14	21124	21124	0.00378036
871	15	13	13	0
871	16	50256	50256	0
872	5	1729	1729	0.00982666
872	6	4164	4164	0.00291824
872	7	18196	18196	0.00203705
872	8	5002	5002	0.000608444
872	9	326	326	0.0408192
872	10	318	318	4.95911e-05
872	11	8122	8122	0.00140381
872	12	379	379	7.24792e-05
872	13	8850	8850	0.0132236
872	14	2119	2119	0.00381851
872	15	5951	5951	0.00146484
872	16	13	13	1.90735e-06
872	17	50256	50256	0
873	5	286	286	2.28882e-05
873	6	28722	28722	0.001297
873	7	287	287	1.33514e-05
873	8	257	257	0
873	9	5931	5931	0.000228882
873	10	6317	6317	0.000955582
873	11	13	13	0
873	12	50256	50256	0
874	5	10947	10947	0.0317593
874	6	4046	4046	0.0123672
874	7	422	422	0.0018158
874	8	7346	7346	0.000204086
874	9	27149	27149	0.000585556
874	10	13	13	0
874	11	50256	50256	0
875	5	973	973	0.000734329
875	6	329	329	0.000190735
875	7	35788	35788	0.00201797
875	8	4263	4263	0.00114441
875	9	13	13	0
875	10	50256	50256	0
876	5	27458	27458	0.010273
876	6	12	12	0.000389099
876	7	11487	11487	0.00335312
876	8	1448	1448	0.00168419
876	9	1690	1690	0.00449944
876	10	423	423	0.000547409
876	11	2092	2092	0.000356674
876	12	5931	5931	0.000581741
876	13	6608	6608	0.000114441
876	14	13	13	3.8147e-06
876	15	50256	50256	0
877	5	7306	7306	0.0151539
877	6	3623	3623	0.0100746
877	7	379	379	0.000736237
877	8	6937	6937	0.00100327
877	9	5951	5951	0.0048027
877	10	11	11	0.000654221
877	11	3833	3833	0.00559616
877	12	5732	5732	0.000896454
877	13	355	355	0.000810623
877	14	6115	6115	0.0066185
877	15	20638	20638	0.000246048
877	16	13	13	1.90735e-06
877	17	50256	50256	0
878	5	1588	1588	0.00214195
878	6	6903	6903	0.0120144
878	7	286	286	1.14441e-05
878	8	2258	2258	0.00025177
878	9	5478	5478	0.00390053
878	10	13	13	0
878	11	50256	50256	0
879	5	42909	42909	0.00188637
879	6	2568	2568	0.000457764
879	7	422	422	0.000576019
879	8	663	663	0.000104904
879	9	21334	21334	0.00209427
879	10	13	13	0
879	11	50256	50256	0
880	5	7714	7714	0.00201035
880	6	3170	3170	0.00116539
880	7	1231	1231	0.00505257
880	8	29871	29871	0.00312233
880	9	13	13	5.72205e-06
880	10	50256	50256	0
881	5	262	262	7.82013e-05
881	6	21189	21189	0.00915718
881	7	21226	21226	0.00219536
881	8	286	286	0.000322342
881	9	867	867	0.00960922
881	10	4903	4903	0.036191
881	11	694	694	0.00402832
881	12	418	418	0.0174427
881	13	1037	1037	0.000883102
881	14	606	606	0.0100002
881	15	36331	36331	0.0289154
881	16	284	284	0.000185013
881	17	16649	16649	0.00363159
881	18	13	13	0.038765
881	19	50256	50256	0
882	5	22421	22421	0.020648
882	6	3025	3025	0.0114822
882	7	7531	7531	0.00580597
882	8	19998	19998	0.00156212
882	9	423	423	0.00126457
882	10	257	257	0.000392914
882	11	8064	8064	0.00510979
882	12	286	286	0.000762939
882	13	734	734	0.000843048
882	14	284	284	0.000102997
882	15	530	530	0.00152779
882	16	13	13	0.256414
882	17	50256	50256	0
883	5	2010	2010	0.00208282
883	6	5186	5186	0.00519562
883	7	3877	3877	0.000307083
883	8	13	13	0.000225067
883	9	50256	50256	0
884	5	11	11	0.00954247
884	6	290	290	3.43323e-05
884	7	21813	21813	0.00252342
884	8	4166	4166	0.00262642
884	9	422	422	6.86646e-05
884	10	9133	9133	0.000581741
884	11	20328	20328	0.00094986
884	12	13	13	1.90735e-06
884	13	50256	50256	0
885	5	326	326	1.33514e-05
885	6	257	257	2.67029e-05
885	7	12649	12649	0.00299263
885	8	460	460	0.00260544
885	9	12260	12260	0.00295639
885	10	3264	3264	0.00149345
885	11	13	13	0.000595093
885	12	50256	50256	0
886	5	286	286	0
886	6	10529	10529	0.000833511
886	7	893	893	0.00114822
886	8	325	325	0.00105095
886	9	385	385	0.0026474
886	10	287	287	4.95911e-05
886	11	262	262	1.14441e-05
886	12	28032	28032	0.00239754
886	13	13	13	1.90735e-06
886	14	50256	50256	0
887	5	2431	2431	0.000549316
887	6	13	13	1.90735e-06
887	7	50256	50256	0
888	5	11	11	0.000846863
888	6	543	543	0.00357819
888	7	5419	5419	0.00230789
888	8	262	262	1.90735e-06
888	9	1767	1767	0.000230789
888	10	16274	16274	0.00208282
888	11	27997	27997	0.000696182
888	12	13	13	0
888	13	50256	50256	0
889	5	16704	16704	0.000827789
889	6	279	279	0.000328064
889	7	2150	2150	0.00959396
889	8	1387	1387	0.0012207
889	9	422	422	0.00477791
889	10	18577	18577	0.000244141
889	11	33694	33694	0.00124741
889	12	11904	11904	0.0217056
889	13	13	13	0
889	14	50256	50256	0
890	5	388	388	0.00229454
890	6	12007	12007	0.018755
890	7	1278	1278	0.00332642
890	8	9189	9189	0.00530434
890	9	21592	21592	0.00354385
890	10	22830	22830	0.00158119
890	11	290	290	8.7738e-05
890	12	584	584	0.000566483
890	13	1171	1171	0.00498009
890	14	5444	5444	0.000656128
890	15	9928	9928	0.000860214
890	16	13	13	0
890	17	50256	50256	0
891	5	286	286	0.00015831
891	6	8031	8031	0.000793457
891	7	11	11	0.000276566
891	8	6296	6296	0.000747681
891	9	319	319	3.8147e-05
891	10	262	262	9.53674e-06
891	11	309	309	0.00257874
891	12	1856	1856	9.15527e-05
891	13	5866	5866	0.000242233
891	14	13	13	0
891	15	50256	50256	1.90735e-06
892	5	416	416	0.00201035
892	6	763	763	0.0126457
892	7	363	363	0.00304985
892	8	8306	8306	0.00495338
892	9	17797	17797	0.00702858
892	10	7545	7545	0.00434494
892	11	290	290	1.90735e-06
892	12	12273	12273	0.00132179
892	13	262	262	4.19617e-05
892	14	7186	7186	0.00159073
892	15	1090	1090	0.00817871
892	16	9310	9310	0.000585556
892	17	13	13	0
892	18	50256	50256	0
893	5	287	287	0.00015831
893	6	23217	23217	0.000944138
893	7	460	460	0.00102043
893	8	1037	1037	0.0015564
893	9	2270	2270	0.0234032
893	10	12586	12586	0.00549316
893	11	5475	5475	0.0038681
893	12	13	13	0
893	13	50256	50256	0
894	5	832	832	0.00088501
894	6	262	262	0.000278473
894	7	17661	17661	0.00424576
894	8	286	286	0.00501823
894	9	262	262	9.53674e-06
894	10	3942	3942	0.00417709
894	11	290	290	1.14441e-05
894	12	35769	35769	0.00265694
894	13	666	666	0.0842743
894	14	13375	13375	0.00312042
894	15	13	13	9.53674e-06
894	16	50256	50256	0
895	5	1115	1115	0.00715065
895	6	13043	13043	0.00250053
895	7	326	326	0.0133858
895	8	1296	1296	0.00162125
895	9	257	257	1.90735e-06
895	10	2060	2060	0.000286102
895	11	16257	16257	0.000875473
895	12	13	13	0
895	13	50256	50256	0
896	5	8208	8208	0.00222969
896	6	12	12	0.00112343
896	7	19412	19412	0.000837326
896	8	7475	7475	5.91278e-05
896	9	13	13	0
896	10	50256	50256	0
897	5	39880	39880	0.0185547
897	6	460	460	0.00218582
897	7	1205	1205	0.0395098
897	8	656	656	3.8147e-06
897	9	257	257	1.52588e-05
897	10	649	649	0.00154305
897	11	4618	4618	0.00511932
897	12	13	13	0.000150681
897	13	50256	50256	0
898	5	1350	1350	0.00858116
898	6	900	900	0.00725174
898	7	11597	11597	0.0056076
898	8	7218	7218	0.00130463
898	9	22596	22596	0.00369263
898	10	1871	1871	0.00164223
898	11	28818	28818	0.00357819
898	12	2127	2127	0.00213242
898	13	5348	5348	0.00247574
898	14	13	13	1.90735e-05
898	15	50256	50256	0
899	5	5838	5838	0.000402451
899	6	286	286	0
899	7	38330	38330	0.00251198
899	8	287	287	1.33514e-05
899	9	838	838	0.000331879
899	10	2791	2791	0.00101852
899	11	13	13	0
899	12	50256	50256	0
900	5	11	11	0.000379562
900	6	717	717	0.0143433
900	7	12	12	0.00314713
900	8	448	448	0.0258999
900	9	16834	16834	0.0010643
900	10	11	11	0.000940323
900	11	262	262	0.000829697
900	12	14555	14555	0.028266
900	13	2087	2087	0.00566292
900	14	2378	2378	0.00315094
900	15	318	318	0.000932693
900	16	4615	4615	0.000789642
900	17	717	717	0.00117493
900	18	13	13	0.000709534
900	19	50256	50256	0
901	5	4180	4180	0.00203705
901	6	30121	30121	0.00047493
901	7	319	319	0.000110626
901	8	6163	6163	0.0129299
901	9	3354	3354	0.000938416
901	10	286	286	1.33514e-05
901	11	9664	9664	0.00261116
901	12	13	13	0.000123978
901	13	50256	50256	0
902	5	3688	3688	0.0112438
902	6	284	284	1.90735e-06
902	7	262	262	0
902	8	5485	5485	0.00327492
902	9	286	286	0.000278473
902	10	257	257	0.00915337
902	11	6297	6297	0.00136566
902	12	13	13	0
902	13	50256	50256	0
903	5	2318	2318	0.00512505
903	6	19972	19972	0.0105896
903	7	33174	33174	0.00202179
903	8	262	262	2.67029e-05
903	9	5366	5366	0.00019455
903	10	16825	16825	0.000312805
903	11	286	286	3.8147e-06
903	12	1194	1194	0.000972748
903	13	13	13	0
903	14	50256	50256	0
904	5	16122	16122	0.0073452
904	6	11732	11732	0.00481415
904	7	337	337	0.0048027
904	8	5847	5847	0.00809288
904	9	2977	2977	0.014492
904	10	290	290	7.05719e-05
904	11	383	383	0.00175285
904	12	367	367	0.0075531
904	13	3316	3316	0.00555992
904	14	1891	1891	0.00842857
904	15	286	286	0.000135422
904	16	23382	23382	0.00411034
904	17	12	12	0.000375748
904	18	35	35	0.00344276
904	19	480	480	0.00239563
904	20	13	13	0.000324249
904	21	50256	50256	0
905	5	625	625	0.000413895
905	6	3090	3090	0.00302315
905	7	287	287	1.90735e-06
905	8	8850	8850	0.00408173
905	9	34768	34768	0.000156403
905	10	13	13	0
905	11	50256	50256	0
906	5	284	284	0.000593185
906	6	262	262	7.62939e-06
906	7	28761	28761	0.00230789
906	8	576	576	0.00872231
906	9	1448	1448	0.00069046
906	10	11	11	3.05176e-05
906	11	407	407	0.0059433
906	12	262	262	0
906	13	38255	38255	0.00650597
906	14	1547	1547	0.00402451
906	15	13	13	3.8147e-06
906	16	50256	50256	0
907	5	7861	7861	0.00233841
907	6	11	11	9.53674e-06
907	7	5387	5387	0.0234642
907	8	14580	14580	0.0148754
907	9	11	11	0.000961304
907	10	290	290	1.14441e-05
907	11	4596	4596	0.00387573
907	12	6900	6900	0.00349808
907	13	286	286	0.000255585
907	14	19606	19606	0.00136757
907	15	287	287	0
907	16	1660	1660	0.000423431
907	17	3102	3102	0.38693
907	18	46916	46916	0.0217953
907	19	13	13	9.53674e-06
907	20	50256	50256	0
908	5	3881	3881	0.00100899
908	6	1296	1296	0.00211716
908	7	257	257	0.000322342
908	8	4417	4417	0.0221348
908	9	7679	7679	0.00183296
908	10	1444	1444	0.0856266
908	11	842	842	0.00142479
908	12	21446	21446	0.00832176
908	13	319	319	0.00287819
908	14	262	262	0.00377655
908	15	6869	6869	0.00195694
908	16	13	13	0.0666761
908	17	50256	50256	0
909	5	286	286	1.90735e-06
909	6	257	257	0.031498
909	7	35991	35991	0.00217056
909	8	423	423	0.00947571
909	9	4961	4961	0.0734425
909	10	20428	20428	0.0121651
909	11	13	13	5.72205e-06
909	12	50256	50256	0
910	5	10349	10349	0.00396538
910	6	618	618	3.8147e-05
910	7	663	663	1.90735e-06
910	8	5002	5002	0.000677109
910	9	48813	48813	0.000307083
910	10	422	422	0.000135422
910	11	13181	13181	0.00629044
910	12	1459	1459	0.000238419
910	13	13	13	1.33514e-05
910	14	50256	50256	0
911	5	3623	3623	0.0088501
911	6	25037	25037	0.00185966
911	7	13640	13640	0.00433159
911	8	355	355	0.00037384
911	9	44030	44030	0.00367928
911	10	3881	3881	0.00222015
911	11	4735	4735	0.00351715
911	12	6945	6945	0.000244141
911	13	13	13	1.90735e-06
911	14	50256	50256	1.90735e-06
912	5	12269	12269	0.00327492
912	6	11	11	3.24249e-05
912	7	1660	1660	0.00946617
912	8	11	11	9.53674e-06
912	9	290	290	1.14441e-05
912	10	38084	38084	0.00112915
912	11	14093	14093	0.000869751
912	12	1818	1818	0.00110054
912	13	13	13	0
912	14	50256	50256	0
913	5	689	689	0.000793457
913	6	9664	9664	0.00329971
913	7	351	351	0.000143051
913	8	28096	28096	0.00175095
913	9	925	925	0.0013504
913	10	1262	1262	5.14984e-05
913	11	257	257	1.33514e-05
913	12	17598	17598	0.0295763
913	13	290	290	7.62939e-05
913	14	4704	4704	0.00121689
913	15	13	13	0
913	16	50256	50256	0
914	5	2057	2057	0.000905991
914	6	422	422	0.0252361
914	7	1660	1660	6.10352e-05
914	8	351	351	0.00164795
914	9	13375	13375	0.00140762
914	10	287	287	0.000242233
914	11	511	511	0.000179291
914	12	28552	28552	0.00192833
914	13	13	13	0
914	14	50256	50256	0
915	5	262	262	2.67029e-05
915	6	3463	3463	0.0107441
915	7	286	286	0.000141144
915	8	262	262	0.00281143
915	9	11711	11711	0.000461578
915	10	20085	20085	0.0118389
915	11	416	416	0.00192833
915	12	281	281	0.000640869
915	13	2134	2134	0.000450134
915	14	13	13	6.29425e-05
915	15	50256	50256	0
916	5	262	262	1.90735e-06
916	6	12108	12108	0.000461578
916	7	286	286	5.34058e-05
916	8	17837	17837	0.000671387
916	9	11	11	0.000108719
916	10	318	318	8.01086e-05
916	11	17837	17837	0.00250244
916	12	338	338	3.43323e-05
916	13	3139	3139	0.00210381
916	14	13	13	3.43323e-05
916	15	50256	50256	0
917	5	37270	37270	0.000268936
917	6	11	11	5.14984e-05
917	7	30872	30872	0.0020237
917	8	11	11	6.10352e-05
917	9	290	290	7.62939e-06
917	10	21506	21506	0.000165939
917	11	13	13	2.47955e-05
917	12	50256	50256	0
918	5	3668	3668	0.000419617
918	6	8318	8318	0.0020752
918	7	832	832	0.000179291
918	8	16468	16468	0.000965118
918	9	1364	1364	0.00528336
918	10	416	416	0.000705719
918	11	401	401	0.000631332
918	12	1039	1039	0.000875473
918	13	13	13	0
918	14	50256	50256	0
919	5	44741	44741	0.0125427
919	6	17757	17757	0.00592041
919	7	319	287	1.97961
919	8	4849	4849	0.194061
919	9	47967	47967	0.182865
919	10	28847	28847	0.0348263
919	11	287	287	0.0215473
919	12	4492	4492	0.0288067
919	13	13	13	1.90735e-06
919	14	50256	50256	0
920	5	350	350	0.00979233
920	6	9160	9160	0.000965118
920	7	373	373	0.00146675
920	8	3170	3170	0.00444031
920	9	355	355	0.00159836
920	10	257	257	3.8147e-05
920	11	8966	8966	0.00556946
920	12	10580	10580	0.000364304
920	13	13	13	0.000442505
920	14	50256	50256	0
921	5	257	257	5.72205e-06
921	6	5252	5252	0.00141907
921	7	33413	33413	0.000881195
921	8	8902	8902	0.00449944
921	9	351	351	0.000841141
921	10	281	281	0.000274658
921	11	18762	18762	0.00268555
921	12	2890	2890	0.00149536
921	13	5797	5797	0.0013237
921	14	13	13	0
921	15	50256	50256	0
922	5	1811	1811	0.0092144
922	6	6300	6300	0.00349998
922	7	286	286	3.8147e-06
922	8	262	262	7.43866e-05
922	9	2939	2939	0.00115776
922	10	1444	1444	0.000797272
922	11	383	383	0.000368118
922	12	36306	36306	0.00219536
922	13	13	13	0
922	14	50256	50256	0
923	5	460	460	0.00224495
923	6	2620	2620	0.000925064
923	7	257	257	3.62396e-05
923	8	2700	2700	0.0411491
923	9	338	338	3.8147e-06
923	10	6225	6225	0.000930786
923	11	1245	1245	0.00118256
923	12	13	13	7.62939e-06
923	13	50256	50256	0
924	5	286	286	0.000160217
924	6	262	262	0.000230789
924	7	3624	3624	0.00201225
924	8	14705	14705	0.00459099
924	9	287	287	3.8147e-06
924	10	674	674	0.00243568
924	11	6591	6591	0.000869751
924	12	1080	1080	0.000268936
924	13	13	13	0
924	14	50256	50256	0
925	5	42742	42742	0.00269508
925	6	656	656	5.53131e-05
925	7	734	734	1.71661e-05
925	8	4957	4957	0.00442505
925	9	17751	17751	0.00555229
925	10	72	72	0.00556564
925	11	13	13	0.000204086
925	12	50256	50256	0
926	5	257	257	0.000350952
926	6	41236	41236	0.00278854
926	7	338	338	0.000452042
926	8	4417	4417	3.24249e-05
926	9	389	389	0.00402832
926	10	7009	7009	0.00624657
926	11	1981	1981	0.00773239
926	12	15921	15921	0.00722504
926	13	13	13	3.24249e-05
926	14	50256	50256	0
927	5	286	286	0.00025177
927	6	262	262	0
927	7	39046	39046	0.000905991
927	8	973	973	0.0134945
927	9	416	416	0.00466919
927	10	867	867	0.00279427
927	11	5044	5044	0.00263405
927	12	4778	4778	0.00349998
927	13	13	13	0
927	14	50256	50256	0
928	5	5496	5496	0.00391006
928	6	326	326	0.000106812
928	7	460	460	0.00173378
928	8	2291	2291	0.00864029
928	9	6134	6134	0.0193672
928	10	11	11	7.62939e-06
928	11	5916	5916	0.0161743
928	12	11	11	0.00161552
928	13	290	290	3.8147e-06
928	14	23426	23426	0.00107574
928	15	13	13	1.90735e-06
928	16	50256	50256	0
929	5	287	287	0.000255585
929	6	40941	40941	0.00317574
929	7	15190	15190	0.00139236
929	8	290	290	3.8147e-06
929	9	24768	24768	0.000658035
929	10	13	13	1.90735e-06
929	11	50256	50256	0
930	5	2081	2081	0.000829697
930	6	691	691	0.00990486
930	7	618	618	0.000471115
930	8	1111	1111	0.00103569
930	9	286	286	1.52588e-05
930	10	663	663	0.000329971
930	11	17311	17311	0.00416565
930	12	389	389	0.00145721
930	13	2081	2081	0.00467491
930	14	13	13	6.86646e-05
930	15	50256	50256	0
931	5	3597	3597	0.00380325
931	6	1080	1080	0.000419617
931	7	973	973	0.00136757
931	8	329	329	0.000188828
931	9	6983	6983	0.000148773
931	10	13	13	1.52588e-05
931	11	50256	50256	0
932	5	262	262	5.72205e-06
932	6	976	976	0.0132895
932	7	6115	6115	0.0236607
932	8	355	355	0.000131607
932	9	530	530	0.000169754
932	10	27216	27216	0.000406265
932	11	1247	1247	0.0013485
932	12	16912	16912	0.00066185
932	13	13	13	0
932	14	50256	50256	0
933	5	416	416	0.00161552
933	6	530	530	0.000972748
933	7	5667	5667	0.00153923
933	8	326	326	0.00109291
933	9	1271	1271	0.00413895
933	10	21588	21588	0.000473022
933	11	13	13	0
933	12	50256	50256	0
934	5	17825	17825	0.000749588
934	6	287	287	1.90735e-05
934	7	294	294	0.000530243
934	8	6037	6037	0.000663757
934	9	13	13	9.53674e-06
934	10	50256	50256	0
935	5	3878	3878	0.00304031
935	6	17084	17084	0.000799179
935	7	318	318	0.00252533
935	8	257	257	7.62939e-06
935	9	4898	4898	0.000667572
935	10	9967	9967	0.00678062
935	11	3601	3601	0.00202751
935	12	11	11	0.00120735
935	13	407	407	0.00331116
935	14	281	281	0.000959396
935	15	3056	3056	0.00102997
935	16	12036	12036	0.00157356
935	17	13	13	3.8147e-06
935	18	50256	50256	0
936	5	416	416	0.000518799
936	6	14583	14583	0.00255203
936	7	257	257	0.000366211
936	8	6314	6314	0.00309563
936	9	379	379	0.00688362
936	10	511	511	0.000267029
936	11	27390	27390	0.0127659
936	12	16649	16649	0.00439644
936	13	13	13	0
936	14	50256	50256	0
937	5	11	11	1.71661e-05
937	6	1444	1444	0.00474739
937	7	262	262	0.000116348
937	8	1162	1162	0.0011692
937	9	4450	4450	0.00322342
937	10	11	11	7.43866e-05
937	11	318	318	0.00168419
937	12	37546	37546	0.00157928
937	13	621	621	0.00337601
937	14	663	663	5.14984e-05
937	15	7424	7424	0.0109615
937	16	4417	4417	0.000265121
937	17	13	13	0
937	18	50256	50256	1.90735e-06
938	5	281	281	0.000356674
938	6	2134	2134	0.000110626
938	7	338	338	1.71661e-05
938	8	15432	15432	0.00140953
938	9	2458	2458	0.000255585
938	10	351	351	0.00110626
938	11	640	640	0.000301361
938	12	13	13	0.00015831
938	13	50256	50256	0
939	5	37008	37008	0.00102234
939	6	379	379	0.000188828
939	7	5043	5043	0.000812531
939	8	286	286	9.53674e-06
939	9	2910	2910	0.00152588
939	10	8837	8837	0.0030632
939	11	5095	5095	0.00128937
939	12	13	13	0
939	13	50256	50256	0
940	5	286	286	8.58307e-05
940	6	987	987	0.01017
940	7	48331	48331	0.000299454
940	8	4847	4847	0.00481415
940	9	351	351	0.000450134
940	10	257	257	1.90735e-06
940	11	3867	3867	0.00069809
940	12	28982	28982	0.00105858
940	13	13	13	2.47955e-05
940	14	50256	50256	0
941	5	257	257	6.10352e-05
941	6	22746	22746	0.00094986
941	7	656	656	4.76837e-05
941	8	42713	42713	0.0013752
941	9	13	13	0
941	10	50256	50256	0
942	5	257	257	8.96454e-05
942	6	1729	1729	0.00597
942	7	22570	22570	0.029644
942	8	1271	1271	0.000429153
942	9	3607	3607	0.00413513
942	10	6632	6632	0.0076828
942	11	13	13	5.72205e-06
942	12	50256	50256	0
943	5	1588	1588	0.00183487
943	6	24969	24969	0.00142288
943	7	602	602	0.00445747
943	8	618	618	0.000143051
943	9	257	257	0.00021553
943	10	1080	1080	0.0116539
943	11	318	318	1.90735e-05
943	12	7986	7986	0.00585938
943	13	1474	1474	0.000396729
943	14	257	257	5.72205e-05
943	15	3288	3288	0.00150108
943	16	8373	8373	0.00183487
943	17	13	13	3.8147e-06
943	18	50256	50256	0
944	5	2278	2278	0.00276947
944	6	618	618	8.2016e-05
944	7	257	257	0
944	8	636	636	0.00791168
944	9	318	318	0.00177383
944	10	10574	10574	0.00102806
944	11	13	13	0
944	12	50256	50256	0
945	5	11	11	0.000165939
945	6	47394	47394	0.00781059
945	7	507	507	0.00187302
945	8	389	389	0.00381088
945	9	610	610	0.000883102
945	10	620	620	0.00803375
945	11	77	77	0.000776291
945	12	2340	2340	7.43866e-05
945	13	2138	2138	0.000164032
945	14	621	621	0.374189
945	15	19435	19435	0.00385666
945	16	13	13	0
945	17	50256	50256	0
946	5	5101	5101	0.00241852
946	6	290	290	4.3869e-05
946	7	734	734	0.00366402
946	8	2392	2392	0.00282097
946	9	13017	13017	0.00309753
946	10	41192	41192	0.000576019
946	11	13	13	0
946	12	50256	50256	0
947	5	5389	5389	0.0129261
947	6	290	290	0.000576019
947	7	1440	1440	0.00724602
947	8	826	826	0.00227165
947	9	18333	18333	0.00379944
947	10	13	13	3.8147e-06
947	11	50256	50256	0
948	5	4778	4778	0.00464058
948	6	7685	7685	0.00211716
948	7	3994	3994	0.00469971
948	8	6337	6337	0.000514984
948	9	42742	42742	0.0033989
948	10	13	13	1.90735e-06
948	11	50256	50256	0
949	5	286	286	2.47955e-05
949	6	1402	1402	0.0358868
949	7	19468	19468	0.00245285
949	8	5028	5028	0.00316048
949	9	16083	16083	0.00574684
949	10	925	925	0.000801086
949	11	422	422	0.00111198
949	12	5026	5026	0.00212288
949	13	47196	47196	0.00176239
949	14	13	13	5.72205e-06
949	15	50256	50256	0
950	5	11	11	0.0013504
950	6	530	530	0.00425148
950	7	256	256	0.0169144
950	8	478	478	0.0115891
950	9	9229	9229	0.0269623
950	10	7480	7480	0.00186539
950	11	1715	1715	0.00317192
950	12	2412	2412	0.00222778
950	13	11061	11061	0.00292397
950	14	1194	1194	0.0031147
950	15	13	13	1.90735e-06
950	16	50256	50256	0
951	5	13017	13017	0.00192642
951	6	6958	6958	0.0031395
951	7	1626	1626	0.00238991
951	8	281	281	0.000139236
951	9	13187	13187	0.00235558
951	10	13	13	3.8147e-06
951	11	50256	50256	0
952	5	262	262	0.000116348
952	6	1767	1767	0.000104904
952	7	338	338	3.8147e-06
952	8	10900	10900	0.000463486
952	9	18370	18370	0.00121689
952	10	13	13	1.90735e-06
952	11	50256	50256	0
953	5	10816	10816	0.0062542
953	6	34537	34537	0.00554085
953	7	1900	1900	0.000221252
953	8	329	329	0.00235176
953	9	1588	1588	0.000602722
953	10	4636	4636	0.0220718
953	11	874	874	0.0069294
953	12	13	13	0
953	13	50256	50256	0
954	5	3994	3994	0.00596237
954	6	5348	5348	0.0135555
954	7	286	286	2.67029e-05
954	8	9838	9838	0.000320435
954	9	5773	5773	0.00802231
954	10	290	290	1.14441e-05
954	11	300	300	0.00196838
954	12	12009	12009	0.00778389
954	13	7408	7408	0.00154495
954	14	11492	11492	0.00479698
954	15	13	13	0
954	16	50256	50256	0
955	5	48573	48573	0.00887299
955	6	4618	4618	0.0110226
955	7	338	338	4.3869e-05
955	8	19643	19643	0.102368
955	9	2261	2261	0.00187874
955	10	460	460	0.0632401
955	11	1205	1205	0.0341492
955	12	656	656	0
955	13	257	257	0.000188828
955	14	9403	9403	0.00659561
955	15	13	13	0
955	16	50256	50256	0
956	5	1663	1663	0.0550289
956	6	287	287	0.00302315
956	7	17475	17475	0.00920105
956	8	12493	12493	0.0225658
956	9	12824	12824	0.0164661
956	10	416	416	0.0291691
956	11	8268	8268	0.00372505
956	12	1660	1660	0.000247955
956	13	13	13	0
956	14	50256	50256	1.90735e-06
957	5	12	12	0.00210953
957	6	46155	46155	0.0234985
957	7	1296	1296	0.00816154
957	8	286	286	1.33514e-05
957	9	7729	7729	0.00294495
957	10	3194	3194	0.000896454
957	11	287	287	1.90735e-06
957	12	257	257	0.000421524
957	13	8300	8300	0.00292206
957	14	3303	3303	0.00240898
957	15	13	13	0
957	16	50256	50256	0
958	5	905	905	0.00549507
958	6	281	281	0.00109863
958	7	21388	21388	0.00466347
958	8	18032	18032	0.00144005
958	9	12	12	0.00570679
958	10	489	489	0.00210381
958	11	1523	1523	0.000923157
958	12	2776	2776	0.00100899
958	13	287	287	9.53674e-06
958	14	3594	3594	0.0018692
958	15	13	13	1.14441e-05
958	16	50256	50256	0
959	5	11	11	0.06464
959	6	290	290	3.43323e-05
959	7	1395	1395	0.0063324
959	8	12	12	0.000326157
959	9	20477	20477	0.00201607
959	10	5594	5594	7.24792e-05
959	11	284	284	7.43866e-05
959	12	262	262	9.34601e-05
959	13	976	976	0.00225067
959	14	31094	31094	0.00293159
959	15	10958	10958	0.000808716
959	16	13	13	0
959	17	50256	50256	0
960	5	14795	14795	0.0200901
960	6	3754	3754	0.000659943
960	7	11694	11694	0.653185
960	8	36103	36103	0.00502586
960	9	4178	4178	0.00328255
960	10	287	287	1.33514e-05
960	11	9225	9225	0.00218773
960	12	18671	18671	0.0011692
960	13	13	13	0
960	14	50256	50256	0
961	5	257	257	0.000234604
961	6	1486	1486	0.0093708
961	7	416	416	0.000524521
961	8	5086	5086	0.0019989
961	9	2587	2587	0.0276356
961	10	284	284	1.90735e-06
961	11	1208	1208	0.00191498
961	12	832	832	8.58307e-05
961	13	6163	6163	0.000558853
961	14	28431	28431	0.000799179
961	15	13	13	0
961	16	50256	50256	0
962	5	257	257	1.90735e-06
962	6	9314	9314	0.00543594
962	7	11	11	0.00798035
962	8	6149	6149	0.000501633
962	9	4269	4269	0.000577927
962	10	286	286	0
962	11	9881	9881	0.00258446
962	12	13	13	0
962	13	50256	50256	0
963	5	22532	22532	0.00466347
963	6	7475	7475	0.000261307
963	7	287	287	0.00769424
963	8	281	281	0.000940323
963	9	3594	3594	0.0131226
963	10	36246	36246	0.00558662
963	11	13	13	1.33514e-05
963	12	50256	50256	0
964	5	734	734	0.00162125
964	6	8950	8950	0.00660706
964	7	13	13	6.67572e-05
964	8	50256	50256	7.62939e-06
965	5	867	867	0.000679016
965	6	5667	5667	0.000370026
965	7	511	511	0.00156975
965	8	16704	16704	0.0029583
965	9	4077	4077	0.000432968
965	10	3124	3124	0.000463486
965	11	13	13	1.90735e-06
965	12	50256	50256	0
966	5	284	284	3.05176e-05
966	6	11945	11945	0.00662041
966	7	287	287	0.000238419
966	8	262	262	0.000368118
966	9	1692	1692	0.000133514
966	10	1767	1767	0.000185013
966	11	13	13	1.90735e-06
966	12	50256	50256	0
967	5	5419	5419	0.0102444
967	6	3608	3608	0.0244102
967	7	262	262	7.62939e-06
967	8	1692	1692	0.000337601
967	9	1767	1767	0.000923157
967	10	13	13	0.000797272
967	11	50256	50256	0
968	5	663	663	3.8147e-06
968	6	20884	20884	0.00306702
968	7	966	966	0.0079689
968	8	13	13	0
968	9	50256	50256	0
969	5	9368	9368	0.00592422
969	6	5374	5374	0.00831413
969	7	83	83	0.00467491
969	8	270	270	0.00305939
969	9	9620	9620	0.00281906
969	10	6204	6204	0.0591974
969	11	319	319	0.000764847
969	12	281	281	0.0004673
969	13	7022	7022	0.00180817
969	14	287	287	1.90735e-06
969	15	6233	6233	0.00732231
969	16	3567	3567	0.0117645
969	17	66	66	0.00232124
969	18	25634	25634	0.00110626
969	19	13	13	1.90735e-06
969	20	50256	50256	0
970	5	511	511	5.34058e-05
970	6	30514	30514	0.000957489
970	7	284	284	1.71661e-05
970	8	6654	6654	0.000844955
970	9	23311	23311	0.000144958
970	10	13	13	5.72205e-06
970	11	50256	50256	0
971	5	13055	13055	0.0117016
971	6	262	262	4.57764e-05
971	7	18560	18560	0.110371
971	8	1900	1900	0.00172997
971	9	355	355	0.0231438
971	10	262	262	4.57764e-05
971	11	2892	2892	0.00367355
971	12	64	64	0.0260773
971	13	15378	15378	0.0075016
971	14	13	13	0.000677109
971	15	50256	50256	0
972	5	262	262	0.000291824
972	6	7475	7475	0.00225067
972	7	286	286	1.33514e-05
972	8	257	257	0.00658989
972	9	1573	1573	0.0102844
972	10	393	393	0.0039711
972	11	9546	9546	0.00276566
972	12	284	284	7.82013e-05
972	13	1296	1296	0.00626373
972	14	1194	1194	0.000274658
972	15	13888	13888	0.00598335
972	16	13	13	0
972	17	50256	50256	0
973	5	4886	4886	0.00185776
973	6	23221	23221	0.00449753
973	7	2458	2458	0.0312729
973	8	284	284	0.000782013
973	9	257	257	1.90735e-06
973	10	2512	2512	0.012619
973	11	286	286	9.53674e-06
973	12	1366	1366	0.0307541
973	13	13	13	0
973	14	50256	50256	0
974	5	16577	16577	0.0165653
974	6	336	336	0.00118065
974	7	328	328	0.00190353
974	8	5356	5356	0.00219536
974	9	34262	34262	0.00974655
974	10	422	422	0.0138836
974	11	257	257	2.86102e-05
974	12	4693	4693	0.00455093
974	13	286	286	0.000152588
974	14	6763	6763	0.00102043
974	15	9042	9042	0.000650406
974	16	13	13	0.00022316
974	17	50256	50256	0
975	5	2344	2344	0.00863075
975	6	18190	18190	0.00141144
975	7	22425	22425	0.00395584
975	8	6450	6450	0.00399399
975	9	13	13	7.62939e-06
975	10	50256	50256	0
976	5	20838	20838	0.0109138
976	6	11	11	0.00150299
976	7	16397	16397	0.0431957
976	8	11	11	0.000431061
976	9	290	290	1.90735e-06
976	10	449	449	0.00147629
976	11	391	391	0.00410843
976	12	28814	28814	0.00289726
976	13	13	13	9.53674e-06
976	14	50256	50256	0
977	5	290	290	0.000242233
977	6	39381	39381	0.00348473
977	7	11061	11061	0.000356674
977	8	3668	3668	3.05176e-05
977	9	338	338	4.3869e-05
977	10	4417	4417	0.000415802
977	11	13	13	4.00543e-05
977	12	50256	50256	0
978	5	2128	2128	0.000762939
978	6	618	618	0.000831604
978	7	1633	1633	0.00449562
978	8	318	318	0.105363
978	9	7924	7924	0.00379944
978	10	1973	1973	0.00203514
978	11	262	262	0.000114441
978	12	5743	5743	0.000350952
978	13	286	286	1.14441e-05
978	14	663	663	3.24249e-05
978	15	5422	5422	0.00133324
978	16	7604	7604	0.0028019
978	17	13	13	0
978	18	50256	50256	0
979	5	21558	21558	0.0124388
979	6	416	416	9.53674e-06
979	7	9645	9645	0.0075531
979	8	340	340	3.62396e-05
979	9	287	287	0.000583649
979	10	257	257	0.000770569
979	11	8769	8769	0.0199614
979	12	77	77	0.0126743
979	13	13	13	0
979	14	50256	50256	0
980	5	1146	1146	0.00911331
980	6	5047	5047	0.00792122
980	7	13166	13166	0.00758553
980	8	23537	23537	0.000995636
980	9	422	422	0.0126171
980	10	262	262	0.00056839
980	11	3825	3825	0.00127983
980	12	13	13	3.8147e-06
980	13	50256	50256	0
981	5	286	286	0.00227928
981	6	17322	17322	0.00348473
981	7	11	11	3.8147e-05
981	8	7363	7363	0.0176544
981	9	319	319	0.000818253
981	10	262	262	1.71661e-05
981	11	6035	6035	0.00292397
981	12	3266	3266	0.00181389
981	13	5866	5866	0.000787735
981	14	13	13	7.62939e-06
981	15	50256	50256	0
982	5	373	373	0.00590324
982	6	925	925	0.00789833
982	7	329	329	0.000904083
982	8	262	262	0.000135422
982	9	22234	22234	0.00923347
982	10	3716	3716	0.00206566
982	11	286	286	3.8147e-06
982	12	31482	31482	0.00496864
982	13	16380	16380	0.00419235
982	14	31663	31663	0.00174522
982	15	13	13	0.000526428
982	16	50256	50256	0
983	5	393	393	0.00244522
983	6	9421	9421	0.00151634
983	7	1063	1063	0.000314713
983	8	13	13	5.72205e-06
983	9	50256	50256	0
984	5	2134	2134	0.00104713
984	6	338	338	0.000238419
984	7	6268	2134	3.0486
984	8	3585	3585	0.00038147
984	9	284	284	1.33514e-05
984	10	262	262	1.14441e-05
984	11	7346	7346	0.00288773
984	12	1633	1633	0.00930595
984	13	13	13	1.90735e-06
984	14	50256	50256	1.90735e-06
985	5	1123	1123	0.00212097
985	6	5752	5752	0.0141449
985	7	11	11	4.3869e-05
985	8	5721	5721	0.00508499
985	9	11	11	0.000356674
985	10	290	290	0.000249863
985	11	1115	1115	0.00415134
985	12	12	12	0.000106812
985	13	1525	1525	0.00940514
985	14	12	12	9.72748e-05
985	15	15542	15542	0.0269499
985	16	3091	3091	0.0233402
985	17	4909	4909	0.00256157
985	18	262	262	0.00941277
985	19	19561	19561	0.0506191
985	20	530	530	0.0033741
985	21	832	832	0.000244141
985	22	5193	5193	0.00339699
985	23	1752	1752	0.00160789
985	24	1123	1123	0.00191689
985	25	13	13	6.29425e-05
985	26	50256	50256	0
986	5	4909	4909	0.0121288
986	6	1115	1115	0.00131989
986	7	12785	12785	0.00620079
986	8	14729	14729	0.00576782
986	9	286	286	0.0028019
986	10	5100	5100	0.0100594
986	11	7475	7475	0.0349674
986	12	13	13	2.47955e-05
986	13	50256	50256	0
987	5	734	734	0.000991821
987	6	3967	3967	0.00132751
987	7	2659	2659	0.0026722
987	8	271	271	0.00545311
987	9	669	669	0.00701141
987	10	13	13	9.53674e-06
987	11	50256	50256	0
988	5	286	286	5.72205e-06
988	6	257	257	3.05176e-05
988	7	19690	19690	0.000854492
988	8	1683	1683	0.0016098
988	9	14809	14809	0.000593185
988	10	5509	5509	0.000679016
988	11	13	13	1.90735e-06
988	12	50256	50256	0
989	5	7135	7135	0.0043087
989	6	314	314	0.00460625
989	7	48476	48476	0.00704002
989	8	14664	14664	0.00204659
989	9	286	286	1.14441e-05
989	10	23519	23519	0.00946617
989	11	13	13	0
989	12	50256	50256	0
990	5	19942	19942	0.0059967
990	6	326	326	0.000141144
990	7	3994	3994	0.00231743
990	8	663	663	0.000219345
990	9	11904	11904	0.000310898
990	10	13	13	0.0293732
990	11	50256	50256	0
991	5	3146	3146	0.00162125
991	6	11	11	7.82013e-05
991	7	262	262	7.62939e-06
991	8	34768	34768	0.00188446
991	9	1612	1612	0.0342083
991	10	318	318	0.000360489
991	11	511	511	2.67029e-05
991	12	2160	2160	0.00103951
991	13	9086	9086	0.00213242
991	14	416	416	0.000865936
991	15	511	511	1.90735e-05
991	16	954	954	0.00219536
991	17	13	13	0
991	18	50256	50256	1.90735e-06
992	5	291	291	0.0496273
992	6	2456	2456	0.00423622
992	7	44638	44638	0.00546455
992	8	393	393	0.000118256
992	9	1950	1950	0.0144424
992	10	5238	5238	0.00647163
992	11	11	11	0.00314903
992	12	355	355	3.43323e-05
992	13	14713	14713	0.0190039
992	14	857	857	0.0173626
992	15	13	13	4.95911e-05
992	16	50256	50256	0
993	5	5485	5485	0.00976181
993	6	284	284	0.000514984
993	7	1037	1037	0.0010376
993	8	2962	2962	0.00330734
993	9	319	319	0.000400543
993	10	5563	5563	0.0067482
993	11	379	379	0.00153923
993	12	1180	1180	0.00128365
993	13	18868	18868	0.000278473
993	14	13	13	1.90735e-06
993	15	50256	50256	0
994	5	47306	47306	0.0116959
994	6	2427	2427	0.0171318
994	7	286	286	0
994	8	9194	9194	0.0204535
994	9	12734	12734	0.00103378
994	10	393	393	0.000110626
994	11	11904	11904	0.0111771
994	12	13	13	3.8147e-06
994	13	50256	50256	0
995	5	20462	20462	0.00166702
995	6	416	416	0.00106049
995	7	18381	18381	0.00122643
995	8	449	449	0.0138474
995	9	19210	19210	0.00106049
995	10	287	287	9.53674e-06
995	11	4088	4088	0.070549
995	12	286	286	8.58307e-05
995	13	38367	38367	0.00149155
995	14	83	83	0.00616455
995	15	1031	1031	0.00168419
995	16	8882	8882	0.00750923
995	17	282	282	0.0176868
995	18	13	13	1.90735e-06
995	19	50256	50256	0
996	5	9151	9151	0.00166893
996	6	4417	4417	0.00473022
996	7	290	290	0
996	8	18616	18616	0.000900269
996	9	867	867	0.00238991
996	10	5385	5385	0.031209
996	11	5417	5417	0.00394821
996	12	9813	9813	0.000892639
996	13	13	13	0.000587463
996	14	50256	50256	0
997	5	262	262	5.53131e-05
997	6	976	976	0.00790405
997	7	19528	19528	0.00168228
997	8	290	290	0.000190735
997	9	2651	2651	0.00935364
997	10	739	739	0.0063839
997	11	663	663	0.000213623
997	12	7147	7147	0.000694275
997	13	3555	3555	0.000396729
997	14	9831	9831	0.000865936
997	15	13	13	0
997	16	50256	50256	0
998	5	460	460	0.00134659
998	6	2380	2380	0.00444221
998	7	17759	17759	0.0088768
998	8	7310	7310	0.000480652
998	9	1643	1643	0.0133934
998	10	7572	7572	0.00629234
998	11	13	13	7.43866e-05
998	12	50256	50256	0
999	5	4961	4961	0.00596619
999	6	284	284	4.00543e-05
999	7	8208	8208	0.00276566
999	8	12	12	0.000406265
999	9	13261	13261	0.000436783
999	10	1411	1411	0.000740051
999	11	13	13	0
999	12	50256	50256	0
1000	5	1326	1326	0.0162525
1000	6	263	263	0.00711823
1000	7	338	338	2.09808e-05
1000	8	7430	7430	0.404454
1000	9	351	351	0.037796
1000	10	257	257	0.000196457
1000	11	18482	18482	0.0247765
1000	12	2905	2905	0.0308905
1000	13	1806	1806	0.782779
1000	14	28539	28539	0.0157166
1000	15	257	257	7.62939e-06
1000	16	3785	7858	3.86375
1000	17	5762	5762	0.012516
1000	18	257	257	0.000278473
1000	19	7858	7858	0.00129509
1000	20	3820	3820	0.00494957
1000	21	13	13	3.24249e-05
1000	22	50256	50256	0
1001	5	262	262	0.112835
1001	6	2679	2679	0.00694847
1001	7	291	291	0.00252914
1001	8	8478	8478	0.00184631
1001	9	286	286	1.90735e-05
1001	10	262	262	0.000295639
1001	11	40136	40136	0.00783539
1001	12	12	12	0.000202179
1001	13	22030	22030	0.00129128
1001	14	3303	3303	0.00840378
1001	15	1641	1641	0.00433159
1001	16	13	13	0.00015831
1001	17	50256	50256	0
1002	5	271	271	0.0025177
1002	6	1630	1630	0.000827789
1002	7	262	262	0.00545311
1002	8	2546	2546	0.00119591
1002	9	286	286	7.05719e-05
1002	10	262	262	7.62939e-06
1002	11	34047	34047	0.000505447
1002	12	13	13	0.000112534
1002	13	50256	50256	0
1003	5	40959	40959	0.00535774
1003	6	11	11	0.000156403
1003	7	38985	38985	0.00473785
1003	8	1111	1111	0.0275478
1003	9	6341	6341	0.000709534
1003	10	286	286	0
1003	11	262	262	0.000152588
1003	12	6035	6035	0.00865936
1003	13	3266	3266	0.00203705
1003	14	13	13	5.72205e-06
1003	15	50256	50256	0
1004	5	290	290	0.000984192
1004	6	3771	3771	0.0028801
1004	7	10456	10456	0.0039978
1004	8	501	501	0.0157337
1004	9	3033	3033	0.0016613
1004	10	10674	10674	0.00184059
1004	11	14025	14025	0.00575256
1004	12	316	316	0.0094986
1004	13	290	290	0.000377655
1004	14	16703	16703	0.000904083
1004	15	10594	10594	0.00144005
1004	16	1789	1789	0.00532913
1004	17	7491	7491	0.000501633
1004	18	948	948	0.00864983
1004	19	13	13	0
1004	20	50256	50256	0
1005	5	2714	2714	0.00261307
1005	6	379	379	0.00157738
1005	7	45760	45760	0.00071907
1005	8	287	287	1.33514e-05
1005	9	10315	10315	0.00141335
1005	10	13	13	0.000108719
1005	11	50256	50256	0
1006	5	25299	25299	0.000644684
1006	6	373	373	0.000404358
1006	7	6198	6198	0.00212097
1006	8	3170	3170	0.00172424
1006	9	355	355	0.0013752
1006	10	257	257	0.000249863
1006	11	4302	4302	0.00455856
1006	12	4928	4928	0.000391006
1006	13	13	13	5.14984e-05
1006	14	50256	50256	0
1007	5	1204	1204	0.000284195
1007	6	6772	6772	0.00301933
1007	7	1626	1626	0.000623703
1007	8	530	530	0.00021553
1007	9	3957	3957	0.00130653
1007	10	1622	1622	0.00292015
1007	11	13	13	7.62939e-06
1007	12	50256	50256	0
1008	5	1440	1440	0.00088501
1008	6	12	12	0.000808716
1008	7	32041	32041	0.00114632
1008	8	9998	9998	0.00127029
1008	9	286	286	0.000164032
1008	10	3668	3668	0.000923157
1008	11	338	338	1.90735e-05
1008	12	5894	5894	0.000761032
1008	13	8137	8137	0.00167274
1008	14	416	416	0.000993729
1008	15	6115	6115	0.000564575
1008	16	13	13	2.09808e-05
1008	17	50256	50256	0
1009	5	23129	23129	0.00110435
1009	6	286	286	5.72205e-06
1009	7	262	262	1.14441e-05
1009	8	7993	7993	0.00176811
1009	9	8065	8065	0.000692368
1009	10	13	13	0.000455856
1009	11	50256	50256	0
1010	5	12278	12278	0.000772476
1010	6	6737	6737	0.00507355
1010	7	656	656	1.71661e-05
1010	8	38071	38071	0.00150108
1010	9	326	326	0.0212345
1010	10	4439	4439	0.0122204
1010	11	2128	2128	0.00367355
1010	12	13	13	0.00764656
1010	13	50256	50256	0
1011	5	8122	8122	0.00546074
1011	6	3102	3102	0.00271606
1011	7	46916	46916	0.0159264
1011	8	11	11	0.00175285
1011	9	4771	4771	0.0188923
1011	10	24770	24770	0.0103436
1011	11	11	11	0.0149975
1011	12	393	393	0.00760841
1011	13	1111	1111	0.00806808
1011	14	9951	9951	0.0050087
1011	15	287	287	1.90735e-05
1011	16	1633	1633	0.00393677
1011	17	13	13	6.48499e-05
1011	18	50256	50256	0
1012	5	8811	8811	0.00544739
1012	6	1663	1663	0.00147247
1012	7	355	355	0.000352859
1012	8	2060	2060	0.00334167
1012	9	4778	4778	0.00491714
1012	10	13	13	0
1012	11	50256	50256	0
1013	5	262	262	2.47955e-05
1013	6	19561	19561	0.00154305
1013	7	6632	6632	0.0208588
1013	8	290	290	0.000120163
1013	9	530	530	0.000776291
1013	10	13	13	0
1013	11	50256	50256	0
1014	5	12389	12389	0.00361443
1014	6	286	286	5.72205e-06
1014	7	257	257	1.14441e-05
1014	8	1692	1692	0.000537872
1014	9	16162	16162	0.000574112
1014	10	13	13	0
1014	11	50256	50256	0
1015	5	422	422	0.000988007
1015	6	257	257	2.28882e-05
1015	7	2166	2166	0.000484467
1015	8	6333	6333	0.00341034
1015	9	1806	1806	0.00800896
1015	10	284	284	9.72748e-05
1015	11	257	257	1.90735e-06
1015	12	8286	8286	0.000526428
1015	13	599	599	0.00600433
1015	14	30431	30431	0.00078392
1015	15	13	13	0
1015	16	50256	50256	0
1016	5	257	257	0.00018692
1016	6	11831	11831	0.00471878
1016	7	5186	5186	0.0182304
1016	8	1459	1459	0.00354195
1016	9	284	284	1.90735e-06
1016	10	49306	49306	0.0010128
1016	11	13	13	0
1016	12	50256	50256	0
1017	5	16649	16649	0.0197468
1017	6	621	621	7.24792e-05
1017	7	2266	2266	0.000961304
1017	8	5788	5788	0.00323105
1017	9	13	13	7.43866e-05
1017	10	50256	50256	0
1018	5	257	257	1.71661e-05
1018	6	4469	4469	0.000665665
1018	7	2138	2138	0.000131607
1018	8	621	621	5.72205e-05
1018	9	5055	5055	0.00128365
1018	10	5000	5000	0.00321388
1018	11	1479	1479	0.000341415
1018	12	13	13	0
1018	13	50256	50256	0
1019	5	5594	5594	0.000648499
1019	6	284	284	0.000183105
1019	7	25794	25794	0.00180435
1019	8	290	290	0.000162125
1019	9	6486	6486	0.00847244
1019	10	287	287	0.000865936
1019	11	262	262	5.72205e-06
1019	12	8211	8211	0.00268555
1019	13	10692	10692	0.00132179
1019	14	13	13	1.71661e-05
1019	15	50256	50256	0
1020	5	2134	2134	0.000957489
1020	6	1656	1656	0.00273323
1020	7	284	284	0.00113297
1020	8	9117	9117	0.00053978
1020	9	3812	3812	0.012949
1020	10	393	393	0.00069809
1020	11	1497	1497	0.00285721
1020	12	422	422	0.00329781
1020	13	262	262	3.8147e-06
1020	14	19091	19091	0.000162125
1020	15	13	13	0
1020	16	50256	50256	0
1021	5	416	416	0.000177383
1021	6	14583	14583	0.00518608
1021	7	257	257	0.0012722
1021	8	1218	1218	0.000715256
1021	9	1182	1182	0.00123787
1021	10	706	706	0.0215454
1021	11	36075	36075	0.000865936
1021	12	13	13	0
1021	13	50256	50256	0
1022	5	9951	9951	0.00660133
1022	6	2057	2057	0.00957108
1022	7	422	422	0.0115433
1022	8	262	262	4.00543e-05
1022	9	1660	1660	0.000598907
1022	10	1088	1088	0.00341415
1022	11	606	606	0.00133133
1022	12	13	13	5.72205e-06
1022	13	50256	50256	0
1023	5	41408	41408	0.00091362
1023	6	1088	1088	0.0126247
1023	7	6716	6716	0.0244732
1023	8	6971	6971	0.00199699
1023	9	13	13	3.24249e-05
1023	10	50256	50256	0
1024	5	4556	4556	0.00419235
1024	6	1223	1223	0.00269699
1024	7	48237	48237	0.000715256
1024	8	663	663	9.72748e-05
1024	9	9706	9706	0.000896454
1024	10	13	13	0
1024	11	50256	50256	0
