layers=1 width=24 heads=1 feed_forward_width=96 parameters=1238376 samples=1024 scored_targets=10002
2026-09-21 04:46:02 UTC step=0 elapsed_seconds=1.24029 mean_loss=10.8511 errors=10002/10002 exact_sentences=0/1024
2026-09-21 04:46:02 UTC completed_step=16 elapsed_seconds=2.11578 learning_rate=9.6e-05
2026-09-21 04:46:03 UTC completed_step=32 elapsed_seconds=2.77045 learning_rate=0.000192
2026-09-21 04:46:04 UTC completed_step=48 elapsed_seconds=3.42447 learning_rate=0.000288
2026-09-21 04:46:04 UTC completed_step=64 elapsed_seconds=4.07814 learning_rate=0.000384
2026-09-21 04:46:05 UTC completed_step=80 elapsed_seconds=4.73164 learning_rate=0.00048
2026-09-21 04:46:06 UTC completed_step=96 elapsed_seconds=5.38564 learning_rate=0.000576
2026-09-21 04:46:06 UTC completed_step=112 elapsed_seconds=6.03958 learning_rate=0.0006
2026-09-21 04:46:07 UTC completed_step=128 elapsed_seconds=6.69384 learning_rate=0.000599999
2026-09-21 04:46:08 UTC step=128 elapsed_seconds=7.94508 mean_loss=8.87025 errors=8978/10002 exact_sentences=0/1024
2026-09-21 04:46:09 UTC completed_step=144 elapsed_seconds=8.60465 learning_rate=0.000599998
2026-09-21 04:46:10 UTC completed_step=160 elapsed_seconds=9.25787 learning_rate=0.000599997
2026-09-21 04:46:10 UTC completed_step=176 elapsed_seconds=9.9117 learning_rate=0.000599995
2026-09-21 04:46:11 UTC completed_step=192 elapsed_seconds=10.565 learning_rate=0.000599993
2026-09-21 04:46:12 UTC completed_step=208 elapsed_seconds=11.2192 learning_rate=0.00059999
2026-09-21 04:46:12 UTC completed_step=224 elapsed_seconds=11.8736 learning_rate=0.000599987
2026-09-21 04:46:13 UTC completed_step=240 elapsed_seconds=12.5306 learning_rate=0.000599984
2026-09-21 04:46:13 UTC completed_step=256 elapsed_seconds=13.1888 learning_rate=0.00059998
2026-09-21 04:46:15 UTC step=256 elapsed_seconds=14.4365 mean_loss=6.68812 errors=8957/10002 exact_sentences=0/1024
2026-09-21 04:46:15 UTC completed_step=272 elapsed_seconds=15.0982 learning_rate=0.000599975
2026-09-21 04:46:16 UTC completed_step=288 elapsed_seconds=15.7549 learning_rate=0.00059997
2026-09-21 04:46:17 UTC completed_step=304 elapsed_seconds=16.4128 learning_rate=0.000599965
2026-09-21 04:46:17 UTC completed_step=320 elapsed_seconds=17.0706 learning_rate=0.00059996
2026-09-21 04:46:18 UTC completed_step=336 elapsed_seconds=17.7285 learning_rate=0.000599953
2026-09-21 04:46:19 UTC completed_step=352 elapsed_seconds=18.3859 learning_rate=0.000599947
2026-09-21 04:46:19 UTC completed_step=368 elapsed_seconds=19.0441 learning_rate=0.00059994
2026-09-21 04:46:20 UTC completed_step=384 elapsed_seconds=19.7017 learning_rate=0.000599933
2026-09-21 04:46:21 UTC step=384 elapsed_seconds=20.945 mean_loss=6.09021 errors=8025/10002 exact_sentences=1/1024
2026-09-21 04:46:22 UTC completed_step=400 elapsed_seconds=21.6066 learning_rate=0.000599925
2026-09-21 04:46:23 UTC completed_step=416 elapsed_seconds=22.2645 learning_rate=0.000599916
2026-09-21 04:46:23 UTC completed_step=432 elapsed_seconds=22.9224 learning_rate=0.000599908
2026-09-21 04:46:24 UTC completed_step=448 elapsed_seconds=23.58 learning_rate=0.000599899
2026-09-21 04:46:25 UTC completed_step=464 elapsed_seconds=24.2364 learning_rate=0.000599889
2026-09-21 04:46:25 UTC completed_step=480 elapsed_seconds=24.8941 learning_rate=0.000599879
2026-09-21 04:46:26 UTC completed_step=496 elapsed_seconds=25.5513 learning_rate=0.000599869
2026-09-21 04:46:27 UTC completed_step=512 elapsed_seconds=26.2085 learning_rate=0.000599858
2026-09-21 04:46:28 UTC step=512 elapsed_seconds=27.4614 mean_loss=5.78239 errors=7870/10002 exact_sentences=1/1024
2026-09-21 04:46:28 UTC completed_step=528 elapsed_seconds=28.1239 learning_rate=0.000599847
2026-09-21 04:46:29 UTC completed_step=544 elapsed_seconds=28.7812 learning_rate=0.000599835
2026-09-21 04:46:30 UTC completed_step=560 elapsed_seconds=29.4378 learning_rate=0.000599823
2026-09-21 04:46:30 UTC completed_step=576 elapsed_seconds=30.0943 learning_rate=0.00059981
2026-09-21 04:46:31 UTC completed_step=592 elapsed_seconds=30.7509 learning_rate=0.000599797
2026-09-21 04:46:32 UTC completed_step=608 elapsed_seconds=31.4077 learning_rate=0.000599784
2026-09-21 04:46:32 UTC completed_step=624 elapsed_seconds=32.0648 learning_rate=0.00059977
2026-09-21 04:46:33 UTC completed_step=640 elapsed_seconds=32.7218 learning_rate=0.000599756
2026-09-21 04:46:34 UTC step=640 elapsed_seconds=33.9682 mean_loss=5.50683 errors=7618/10002 exact_sentences=1/1024
2026-09-21 04:46:35 UTC completed_step=656 elapsed_seconds=34.6297 learning_rate=0.000599741
2026-09-21 04:46:36 UTC completed_step=672 elapsed_seconds=35.2868 learning_rate=0.000599726
2026-09-21 04:46:36 UTC completed_step=688 elapsed_seconds=35.9424 learning_rate=0.000599711
2026-09-21 04:46:37 UTC completed_step=704 elapsed_seconds=36.5975 learning_rate=0.000599695
2026-09-21 04:46:38 UTC completed_step=720 elapsed_seconds=37.253 learning_rate=0.000599678
2026-09-21 04:46:38 UTC completed_step=736 elapsed_seconds=37.909 learning_rate=0.000599662
2026-09-21 04:46:39 UTC completed_step=752 elapsed_seconds=38.5648 learning_rate=0.000599644
2026-09-21 04:46:40 UTC completed_step=768 elapsed_seconds=39.2208 learning_rate=0.000599627
2026-09-21 04:46:41 UTC step=768 elapsed_seconds=40.4689 mean_loss=5.29988 errors=7563/10002 exact_sentences=1/1024
2026-09-21 04:46:41 UTC completed_step=784 elapsed_seconds=41.1289 learning_rate=0.000599609
2026-09-21 04:46:42 UTC completed_step=800 elapsed_seconds=41.785 learning_rate=0.00059959
2026-09-21 04:46:43 UTC completed_step=816 elapsed_seconds=42.4402 learning_rate=0.000599571
2026-09-21 04:46:43 UTC completed_step=832 elapsed_seconds=43.0968 learning_rate=0.000599552
2026-09-21 04:46:44 UTC completed_step=848 elapsed_seconds=43.7522 learning_rate=0.000599532
2026-09-21 04:46:45 UTC completed_step=864 elapsed_seconds=44.4077 learning_rate=0.000599512
2026-09-21 04:46:45 UTC completed_step=880 elapsed_seconds=45.0635 learning_rate=0.000599491
2026-09-21 04:46:46 UTC completed_step=896 elapsed_seconds=45.7197 learning_rate=0.00059947
2026-09-21 04:46:47 UTC step=896 elapsed_seconds=46.9739 mean_loss=5.13499 errors=7509/10002 exact_sentences=1/1024
2026-09-21 04:46:48 UTC completed_step=912 elapsed_seconds=47.6336 learning_rate=0.000599448
2026-09-21 04:46:49 UTC completed_step=928 elapsed_seconds=48.2869 learning_rate=0.000599426
2026-09-21 04:46:49 UTC completed_step=944 elapsed_seconds=48.942 learning_rate=0.000599404
2026-09-21 04:46:50 UTC completed_step=960 elapsed_seconds=49.5964 learning_rate=0.000599381
2026-09-21 04:46:51 UTC completed_step=976 elapsed_seconds=50.2507 learning_rate=0.000599358
2026-09-21 04:46:51 UTC completed_step=992 elapsed_seconds=50.9049 learning_rate=0.000599334
2026-09-21 04:46:52 UTC completed_step=1008 elapsed_seconds=51.5595 learning_rate=0.00059931
2026-09-21 04:46:53 UTC completed_step=1024 elapsed_seconds=52.2135 learning_rate=0.000599286
2026-09-21 04:46:54 UTC step=1024 elapsed_seconds=53.4532 mean_loss=4.96701 errors=7353/10002 exact_sentences=1/1024
2026-09-21 04:46:54 UTC completed_step=1040 elapsed_seconds=54.1142 learning_rate=0.000599261
2026-09-21 04:46:55 UTC completed_step=1056 elapsed_seconds=54.769 learning_rate=0.000599235
2026-09-21 04:46:56 UTC completed_step=1072 elapsed_seconds=55.4235 learning_rate=0.00059921
2026-09-21 04:46:56 UTC completed_step=1088 elapsed_seconds=56.0781 learning_rate=0.000599183
2026-09-21 04:46:57 UTC completed_step=1104 elapsed_seconds=56.7321 learning_rate=0.000599157
2026-09-21 04:46:58 UTC completed_step=1120 elapsed_seconds=57.3869 learning_rate=0.00059913
2026-09-21 04:46:58 UTC completed_step=1136 elapsed_seconds=58.042 learning_rate=0.000599102
2026-09-21 04:46:59 UTC completed_step=1152 elapsed_seconds=58.6981 learning_rate=0.000599074
2026-09-21 04:47:00 UTC step=1152 elapsed_seconds=59.944 mean_loss=4.80819 errors=7257/10002 exact_sentences=1/1024
2026-09-21 04:47:01 UTC completed_step=1168 elapsed_seconds=60.604 learning_rate=0.000599046
2026-09-21 04:47:02 UTC completed_step=1184 elapsed_seconds=61.2591 learning_rate=0.000599017
2026-09-21 04:47:02 UTC completed_step=1200 elapsed_seconds=61.9142 learning_rate=0.000598988
2026-09-21 04:47:03 UTC completed_step=1216 elapsed_seconds=62.5698 learning_rate=0.000598958
2026-09-21 04:47:04 UTC completed_step=1232 elapsed_seconds=63.2249 learning_rate=0.000598928
2026-09-21 04:47:04 UTC completed_step=1248 elapsed_seconds=63.8805 learning_rate=0.000598898
2026-09-21 04:47:05 UTC completed_step=1264 elapsed_seconds=64.5362 learning_rate=0.000598867
2026-09-21 04:47:05 UTC completed_step=1280 elapsed_seconds=65.1911 learning_rate=0.000598836
2026-09-21 04:47:07 UTC step=1280 elapsed_seconds=66.4504 mean_loss=4.65232 errors=7087/10002 exact_sentences=1/1024
2026-09-21 04:47:07 UTC completed_step=1296 elapsed_seconds=67.1108 learning_rate=0.000598804
2026-09-21 04:47:08 UTC completed_step=1312 elapsed_seconds=67.7665 learning_rate=0.000598772
2026-09-21 04:47:09 UTC completed_step=1328 elapsed_seconds=68.4224 learning_rate=0.000598739
2026-09-21 04:47:09 UTC completed_step=1344 elapsed_seconds=69.0767 learning_rate=0.000598706
2026-09-21 04:47:10 UTC completed_step=1360 elapsed_seconds=69.7318 learning_rate=0.000598672
2026-09-21 04:47:11 UTC completed_step=1376 elapsed_seconds=70.3882 learning_rate=0.000598638
2026-09-21 04:47:11 UTC completed_step=1392 elapsed_seconds=71.0438 learning_rate=0.000598604
2026-09-21 04:47:12 UTC completed_step=1408 elapsed_seconds=71.6999 learning_rate=0.000598569
2026-09-21 04:47:13 UTC step=1408 elapsed_seconds=72.9521 mean_loss=4.50228 errors=6931/10002 exact_sentences=1/1024
2026-09-21 04:47:14 UTC completed_step=1424 elapsed_seconds=73.6119 learning_rate=0.000598534
2026-09-21 04:47:15 UTC completed_step=1440 elapsed_seconds=74.2696 learning_rate=0.000598499
2026-09-21 04:47:15 UTC completed_step=1456 elapsed_seconds=74.9254 learning_rate=0.000598463
2026-09-21 04:47:16 UTC completed_step=1472 elapsed_seconds=75.5821 learning_rate=0.000598426
2026-09-21 04:47:17 UTC completed_step=1488 elapsed_seconds=76.2384 learning_rate=0.000598389
2026-09-21 04:47:17 UTC completed_step=1504 elapsed_seconds=76.8945 learning_rate=0.000598352
2026-09-21 04:47:18 UTC completed_step=1520 elapsed_seconds=77.5499 learning_rate=0.000598314
2026-09-21 04:47:19 UTC completed_step=1536 elapsed_seconds=78.2055 learning_rate=0.000598276
2026-09-21 04:47:20 UTC step=1536 elapsed_seconds=79.4523 mean_loss=4.35279 errors=6665/10002 exact_sentences=1/1024
2026-09-21 04:47:20 UTC completed_step=1552 elapsed_seconds=80.1148 learning_rate=0.000598237
2026-09-21 04:47:21 UTC completed_step=1568 elapsed_seconds=80.7709 learning_rate=0.000598198
2026-09-21 04:47:22 UTC completed_step=1584 elapsed_seconds=81.4264 learning_rate=0.000598159
2026-09-21 04:47:22 UTC completed_step=1600 elapsed_seconds=82.0826 learning_rate=0.000598119
2026-09-21 04:47:23 UTC completed_step=1616 elapsed_seconds=82.7384 learning_rate=0.000598079
2026-09-21 04:47:24 UTC completed_step=1632 elapsed_seconds=83.3942 learning_rate=0.000598038
2026-09-21 04:47:24 UTC completed_step=1648 elapsed_seconds=84.0501 learning_rate=0.000597997
2026-09-21 04:47:25 UTC completed_step=1664 elapsed_seconds=84.7056 learning_rate=0.000597955
2026-09-21 04:47:26 UTC step=1664 elapsed_seconds=85.953 mean_loss=4.20236 errors=6638/10002 exact_sentences=1/1024
2026-09-21 04:47:27 UTC completed_step=1680 elapsed_seconds=86.6131 learning_rate=0.000597913
2026-09-21 04:47:28 UTC completed_step=1696 elapsed_seconds=87.2694 learning_rate=0.000597871
2026-09-21 04:47:28 UTC completed_step=1712 elapsed_seconds=87.9245 learning_rate=0.000597828
2026-09-21 04:47:29 UTC completed_step=1728 elapsed_seconds=88.5805 learning_rate=0.000597785
2026-09-21 04:47:30 UTC completed_step=1744 elapsed_seconds=89.2351 learning_rate=0.000597741
2026-09-21 04:47:30 UTC completed_step=1760 elapsed_seconds=89.8906 learning_rate=0.000597697
2026-09-21 04:47:31 UTC completed_step=1776 elapsed_seconds=90.5465 learning_rate=0.000597653
2026-09-21 04:47:31 UTC completed_step=1792 elapsed_seconds=91.2014 learning_rate=0.000597608
2026-09-21 04:47:33 UTC step=1792 elapsed_seconds=92.4531 mean_loss=4.04885 errors=6338/10002 exact_sentences=1/1024
2026-09-21 04:47:33 UTC completed_step=1808 elapsed_seconds=93.1136 learning_rate=0.000597562
2026-09-21 04:47:34 UTC completed_step=1824 elapsed_seconds=93.7674 learning_rate=0.000597516
2026-09-21 04:47:35 UTC completed_step=1840 elapsed_seconds=94.4212 learning_rate=0.00059747
2026-09-21 04:47:35 UTC completed_step=1856 elapsed_seconds=95.0749 learning_rate=0.000597423
2026-09-21 04:47:36 UTC completed_step=1872 elapsed_seconds=95.7285 learning_rate=0.000597376
2026-09-21 04:47:37 UTC completed_step=1888 elapsed_seconds=96.3823 learning_rate=0.000597329
2026-09-21 04:47:37 UTC completed_step=1904 elapsed_seconds=97.0363 learning_rate=0.000597281
2026-09-21 04:47:38 UTC completed_step=1920 elapsed_seconds=97.6909 learning_rate=0.000597232
2026-09-21 04:47:39 UTC step=1920 elapsed_seconds=98.9438 mean_loss=3.89512 errors=6205/10002 exact_sentences=1/1024
2026-09-21 04:47:40 UTC completed_step=1936 elapsed_seconds=99.6026 learning_rate=0.000597184
2026-09-21 04:47:41 UTC completed_step=1952 elapsed_seconds=100.257 learning_rate=0.000597135
2026-09-21 04:47:41 UTC completed_step=1968 elapsed_seconds=100.91 learning_rate=0.000597085
2026-09-21 04:47:42 UTC completed_step=1984 elapsed_seconds=101.564 learning_rate=0.000597035
2026-09-21 04:47:43 UTC completed_step=2000 elapsed_seconds=102.218 learning_rate=0.000596984
2026-09-21 04:47:43 UTC completed_step=2016 elapsed_seconds=102.872 learning_rate=0.000596933
2026-09-21 04:47:44 UTC completed_step=2032 elapsed_seconds=103.526 learning_rate=0.000596882
2026-09-21 04:47:44 UTC completed_step=2048 elapsed_seconds=104.183 learning_rate=0.00059683
2026-09-21 04:47:46 UTC step=2048 elapsed_seconds=105.426 mean_loss=3.75264 errors=6123/10002 exact_sentences=1/1024
2026-09-21 04:47:46 UTC completed_step=2064 elapsed_seconds=106.089 learning_rate=0.000596778
2026-09-21 04:47:47 UTC completed_step=2080 elapsed_seconds=106.746 learning_rate=0.000596726
2026-09-21 04:47:48 UTC completed_step=2096 elapsed_seconds=107.402 learning_rate=0.000596673
2026-09-21 04:47:48 UTC completed_step=2112 elapsed_seconds=108.058 learning_rate=0.000596619
2026-09-21 04:47:49 UTC completed_step=2128 elapsed_seconds=108.715 learning_rate=0.000596565
2026-09-21 04:47:50 UTC completed_step=2144 elapsed_seconds=109.372 learning_rate=0.000596511
2026-09-21 04:47:50 UTC completed_step=2160 elapsed_seconds=110.027 learning_rate=0.000596456
2026-09-21 04:47:51 UTC completed_step=2176 elapsed_seconds=110.684 learning_rate=0.000596401
2026-09-21 04:47:52 UTC step=2176 elapsed_seconds=111.924 mean_loss=3.62646 errors=6000/10002 exact_sentences=1/1024
2026-09-21 04:47:53 UTC completed_step=2192 elapsed_seconds=112.584 learning_rate=0.000596346
2026-09-21 04:47:54 UTC completed_step=2208 elapsed_seconds=113.24 learning_rate=0.00059629
2026-09-21 04:47:54 UTC completed_step=2224 elapsed_seconds=113.897 learning_rate=0.000596233
2026-09-21 04:47:55 UTC completed_step=2240 elapsed_seconds=114.553 learning_rate=0.000596176
2026-09-21 04:47:56 UTC completed_step=2256 elapsed_seconds=115.21 learning_rate=0.000596119
2026-09-21 04:47:56 UTC completed_step=2272 elapsed_seconds=115.865 learning_rate=0.000596061
2026-09-21 04:47:57 UTC completed_step=2288 elapsed_seconds=116.521 learning_rate=0.000596003
2026-09-21 04:47:57 UTC completed_step=2304 elapsed_seconds=117.177 learning_rate=0.000595945
2026-09-21 04:47:59 UTC step=2304 elapsed_seconds=118.428 mean_loss=3.4862 errors=5685/10002 exact_sentences=2/1024
2026-09-21 04:47:59 UTC completed_step=2320 elapsed_seconds=119.089 learning_rate=0.000595886
2026-09-21 04:48:00 UTC completed_step=2336 elapsed_seconds=119.745 learning_rate=0.000595826
2026-09-21 04:48:01 UTC completed_step=2352 elapsed_seconds=120.4 learning_rate=0.000595767
2026-09-21 04:48:01 UTC completed_step=2368 elapsed_seconds=121.056 learning_rate=0.000595706
2026-09-21 04:48:02 UTC completed_step=2384 elapsed_seconds=121.712 learning_rate=0.000595646
2026-09-21 04:48:03 UTC completed_step=2400 elapsed_seconds=122.367 learning_rate=0.000595585
2026-09-21 04:48:03 UTC completed_step=2416 elapsed_seconds=123.023 learning_rate=0.000595523
2026-09-21 04:48:04 UTC completed_step=2432 elapsed_seconds=123.678 learning_rate=0.000595461
2026-09-21 04:48:05 UTC step=2432 elapsed_seconds=124.955 mean_loss=3.34929 errors=5473/10002 exact_sentences=3/1024
2026-09-21 04:48:06 UTC completed_step=2448 elapsed_seconds=125.615 learning_rate=0.000595399
2026-09-21 04:48:07 UTC completed_step=2464 elapsed_seconds=126.27 learning_rate=0.000595336
2026-09-21 04:48:07 UTC completed_step=2480 elapsed_seconds=126.925 learning_rate=0.000595273
2026-09-21 04:48:08 UTC completed_step=2496 elapsed_seconds=127.582 learning_rate=0.00059521
2026-09-21 04:48:09 UTC completed_step=2512 elapsed_seconds=128.24 learning_rate=0.000595146
2026-09-21 04:48:09 UTC completed_step=2528 elapsed_seconds=128.897 learning_rate=0.000595081
2026-09-21 04:48:10 UTC completed_step=2544 elapsed_seconds=129.553 learning_rate=0.000595016
2026-09-21 04:48:11 UTC completed_step=2560 elapsed_seconds=130.211 learning_rate=0.000594951
2026-09-21 04:48:12 UTC step=2560 elapsed_seconds=131.455 mean_loss=3.22106 errors=5386/10002 exact_sentences=2/1024
2026-09-21 04:48:12 UTC completed_step=2576 elapsed_seconds=132.119 learning_rate=0.000594885
2026-09-21 04:48:13 UTC completed_step=2592 elapsed_seconds=132.776 learning_rate=0.000594819
2026-09-21 04:48:14 UTC completed_step=2608 elapsed_seconds=133.432 learning_rate=0.000594753
2026-09-21 04:48:14 UTC completed_step=2624 elapsed_seconds=134.089 learning_rate=0.000594686
2026-09-21 04:48:15 UTC completed_step=2640 elapsed_seconds=134.746 learning_rate=0.000594618
2026-09-21 04:48:16 UTC completed_step=2656 elapsed_seconds=135.403 learning_rate=0.000594551
2026-09-21 04:48:16 UTC completed_step=2672 elapsed_seconds=136.06 learning_rate=0.000594482
2026-09-21 04:48:17 UTC completed_step=2688 elapsed_seconds=136.717 learning_rate=0.000594414
2026-09-21 04:48:18 UTC step=2688 elapsed_seconds=137.963 mean_loss=3.10423 errors=5155/10002 exact_sentences=3/1024
2026-09-21 04:48:19 UTC completed_step=2704 elapsed_seconds=138.625 learning_rate=0.000594345
2026-09-21 04:48:20 UTC completed_step=2720 elapsed_seconds=139.282 learning_rate=0.000594275
2026-09-21 04:48:20 UTC completed_step=2736 elapsed_seconds=139.94 learning_rate=0.000594205
2026-09-21 04:48:21 UTC completed_step=2752 elapsed_seconds=140.598 learning_rate=0.000594135
2026-09-21 04:48:22 UTC completed_step=2768 elapsed_seconds=141.254 learning_rate=0.000594064
2026-09-21 04:48:22 UTC completed_step=2784 elapsed_seconds=141.912 learning_rate=0.000593993
2026-09-21 04:48:23 UTC completed_step=2800 elapsed_seconds=142.569 learning_rate=0.000593922
2026-09-21 04:48:24 UTC completed_step=2816 elapsed_seconds=143.226 learning_rate=0.00059385
2026-09-21 04:48:25 UTC step=2816 elapsed_seconds=144.475 mean_loss=2.98613 errors=4935/10002 exact_sentences=3/1024
2026-09-21 04:48:25 UTC completed_step=2832 elapsed_seconds=145.138 learning_rate=0.000593777
2026-09-21 04:48:26 UTC completed_step=2848 elapsed_seconds=145.795 learning_rate=0.000593705
2026-09-21 04:48:27 UTC completed_step=2864 elapsed_seconds=146.453 learning_rate=0.000593631
2026-09-21 04:48:27 UTC completed_step=2880 elapsed_seconds=147.11 learning_rate=0.000593558
2026-09-21 04:48:28 UTC completed_step=2896 elapsed_seconds=147.768 learning_rate=0.000593484
2026-09-21 04:48:29 UTC completed_step=2912 elapsed_seconds=148.426 learning_rate=0.000593409
2026-09-21 04:48:29 UTC completed_step=2928 elapsed_seconds=149.083 learning_rate=0.000593334
2026-09-21 04:48:30 UTC completed_step=2944 elapsed_seconds=149.739 learning_rate=0.000593259
2026-09-21 04:48:31 UTC step=2944 elapsed_seconds=150.994 mean_loss=2.86202 errors=4790/10002 exact_sentences=6/1024
2026-09-21 04:48:32 UTC completed_step=2960 elapsed_seconds=151.653 learning_rate=0.000593183
2026-09-21 04:48:33 UTC completed_step=2976 elapsed_seconds=152.308 learning_rate=0.000593107
2026-09-21 04:48:33 UTC completed_step=2992 elapsed_seconds=152.962 learning_rate=0.00059303
2026-09-21 04:48:34 UTC completed_step=3008 elapsed_seconds=153.616 learning_rate=0.000592953
2026-09-21 04:48:35 UTC completed_step=3024 elapsed_seconds=154.27 learning_rate=0.000592876
2026-09-21 04:48:35 UTC completed_step=3040 elapsed_seconds=154.923 learning_rate=0.000592798
2026-09-21 04:48:36 UTC completed_step=3056 elapsed_seconds=155.577 learning_rate=0.00059272
2026-09-21 04:48:37 UTC completed_step=3072 elapsed_seconds=156.231 learning_rate=0.000592641
2026-09-21 04:48:38 UTC step=3072 elapsed_seconds=157.476 mean_loss=2.75225 errors=4561/10002 exact_sentences=8/1024
2026-09-21 04:48:38 UTC completed_step=3088 elapsed_seconds=158.136 learning_rate=0.000592562
2026-09-21 04:48:39 UTC completed_step=3104 elapsed_seconds=158.79 learning_rate=0.000592483
2026-09-21 04:48:40 UTC completed_step=3120 elapsed_seconds=159.444 learning_rate=0.000592403
2026-09-21 04:48:40 UTC completed_step=3136 elapsed_seconds=160.098 learning_rate=0.000592322
2026-09-21 04:48:41 UTC completed_step=3152 elapsed_seconds=160.752 learning_rate=0.000592242
2026-09-21 04:48:42 UTC completed_step=3168 elapsed_seconds=161.407 learning_rate=0.000592161
2026-09-21 04:48:42 UTC completed_step=3184 elapsed_seconds=162.065 learning_rate=0.000592079
2026-09-21 04:48:43 UTC completed_step=3200 elapsed_seconds=162.723 learning_rate=0.000591997
2026-09-21 04:48:44 UTC step=3200 elapsed_seconds=163.979 mean_loss=2.63896 errors=4476/10002 exact_sentences=8/1024
2026-09-21 04:48:45 UTC completed_step=3216 elapsed_seconds=164.642 learning_rate=0.000591915
2026-09-21 04:48:46 UTC completed_step=3232 elapsed_seconds=165.3 learning_rate=0.000591832
2026-09-21 04:48:46 UTC completed_step=3248 elapsed_seconds=165.957 learning_rate=0.000591749
2026-09-21 04:48:47 UTC completed_step=3264 elapsed_seconds=166.616 learning_rate=0.000591665
2026-09-21 04:48:48 UTC completed_step=3280 elapsed_seconds=167.274 learning_rate=0.000591581
2026-09-21 04:48:48 UTC completed_step=3296 elapsed_seconds=167.931 learning_rate=0.000591496
2026-09-21 04:48:49 UTC completed_step=3312 elapsed_seconds=168.589 learning_rate=0.000591411
2026-09-21 04:48:50 UTC completed_step=3328 elapsed_seconds=169.247 learning_rate=0.000591326
2026-09-21 04:48:51 UTC step=3328 elapsed_seconds=170.493 mean_loss=2.53563 errors=4337/10002 exact_sentences=9/1024
2026-09-21 04:48:51 UTC completed_step=3344 elapsed_seconds=171.156 learning_rate=0.00059124
2026-09-21 04:48:52 UTC completed_step=3360 elapsed_seconds=171.814 learning_rate=0.000591154
2026-09-21 04:48:53 UTC completed_step=3376 elapsed_seconds=172.471 learning_rate=0.000591068
2026-09-21 04:48:53 UTC completed_step=3392 elapsed_seconds=173.129 learning_rate=0.000590981
2026-09-21 04:48:54 UTC completed_step=3408 elapsed_seconds=173.79 learning_rate=0.000590893
2026-09-21 04:48:55 UTC completed_step=3424 elapsed_seconds=174.45 learning_rate=0.000590805
2026-09-21 04:48:55 UTC completed_step=3440 elapsed_seconds=175.11 learning_rate=0.000590717
2026-09-21 04:48:56 UTC completed_step=3456 elapsed_seconds=175.771 learning_rate=0.000590629
2026-09-21 04:48:57 UTC step=3456 elapsed_seconds=177.014 mean_loss=2.42857 errors=4145/10002 exact_sentences=11/1024
2026-09-21 04:48:58 UTC completed_step=3472 elapsed_seconds=177.679 learning_rate=0.00059054
2026-09-21 04:48:59 UTC completed_step=3488 elapsed_seconds=178.339 learning_rate=0.00059045
2026-09-21 04:48:59 UTC completed_step=3504 elapsed_seconds=178.999 learning_rate=0.00059036
2026-09-21 04:49:00 UTC completed_step=3520 elapsed_seconds=179.659 learning_rate=0.00059027
2026-09-21 04:49:01 UTC completed_step=3536 elapsed_seconds=180.32 learning_rate=0.000590179
2026-09-21 04:49:01 UTC completed_step=3552 elapsed_seconds=180.98 learning_rate=0.000590088
2026-09-21 04:49:02 UTC completed_step=3568 elapsed_seconds=181.639 learning_rate=0.000589997
2026-09-21 04:49:03 UTC completed_step=3584 elapsed_seconds=182.3 learning_rate=0.000589905
2026-09-21 04:49:04 UTC step=3584 elapsed_seconds=183.547 mean_loss=2.32543 errors=4041/10002 exact_sentences=11/1024
2026-09-21 04:49:05 UTC completed_step=3600 elapsed_seconds=184.214 learning_rate=0.000589812
2026-09-21 04:49:05 UTC completed_step=3616 elapsed_seconds=184.875 learning_rate=0.00058972
2026-09-21 04:49:06 UTC completed_step=3632 elapsed_seconds=185.531 learning_rate=0.000589626
2026-09-21 04:49:06 UTC completed_step=3648 elapsed_seconds=186.186 learning_rate=0.000589533
2026-09-21 04:49:07 UTC completed_step=3664 elapsed_seconds=186.841 learning_rate=0.000589439
2026-09-21 04:49:08 UTC completed_step=3680 elapsed_seconds=187.495 learning_rate=0.000589344
2026-09-21 04:49:08 UTC completed_step=3696 elapsed_seconds=188.149 learning_rate=0.00058925
2026-09-21 04:49:09 UTC completed_step=3712 elapsed_seconds=188.804 learning_rate=0.000589154
2026-09-21 04:49:10 UTC step=3712 elapsed_seconds=190.056 mean_loss=2.23528 errors=3839/10002 exact_sentences=14/1024
2026-09-21 04:49:11 UTC completed_step=3728 elapsed_seconds=190.716 learning_rate=0.000589059
2026-09-21 04:49:12 UTC completed_step=3744 elapsed_seconds=191.369 learning_rate=0.000588963
2026-09-21 04:49:12 UTC completed_step=3760 elapsed_seconds=192.024 learning_rate=0.000588866
2026-09-21 04:49:13 UTC completed_step=3776 elapsed_seconds=192.678 learning_rate=0.000588769
2026-09-21 04:49:14 UTC completed_step=3792 elapsed_seconds=193.333 learning_rate=0.000588672
2026-09-21 04:49:14 UTC completed_step=3808 elapsed_seconds=193.987 learning_rate=0.000588574
2026-09-21 04:49:15 UTC completed_step=3824 elapsed_seconds=194.642 learning_rate=0.000588476
2026-09-21 04:49:16 UTC completed_step=3840 elapsed_seconds=195.296 learning_rate=0.000588378
2026-09-21 04:49:17 UTC step=3840 elapsed_seconds=196.547 mean_loss=2.13151 errors=3686/10002 exact_sentences=15/1024
2026-09-21 04:49:18 UTC completed_step=3856 elapsed_seconds=197.207 learning_rate=0.000588279
2026-09-21 04:49:18 UTC completed_step=3872 elapsed_seconds=197.861 learning_rate=0.00058818
2026-09-21 04:49:19 UTC completed_step=3888 elapsed_seconds=198.516 learning_rate=0.00058808
2026-09-21 04:49:19 UTC completed_step=3904 elapsed_seconds=199.17 learning_rate=0.00058798
2026-09-21 04:49:20 UTC completed_step=3920 elapsed_seconds=199.824 learning_rate=0.000587879
2026-09-21 04:49:21 UTC completed_step=3936 elapsed_seconds=200.478 learning_rate=0.000587778
2026-09-21 04:49:21 UTC completed_step=3952 elapsed_seconds=201.132 learning_rate=0.000587677
2026-09-21 04:49:22 UTC completed_step=3968 elapsed_seconds=201.786 learning_rate=0.000587575
2026-09-21 04:49:23 UTC step=3968 elapsed_seconds=203.035 mean_loss=2.0391 errors=3546/10002 exact_sentences=17/1024
2026-09-21 04:49:24 UTC completed_step=3984 elapsed_seconds=203.694 learning_rate=0.000587473
2026-09-21 04:49:25 UTC completed_step=4000 elapsed_seconds=204.348 learning_rate=0.00058737
2026-09-21 04:49:25 UTC completed_step=4016 elapsed_seconds=205.003 learning_rate=0.000587267
2026-09-21 04:49:26 UTC completed_step=4032 elapsed_seconds=205.658 learning_rate=0.000587164
2026-09-21 04:49:27 UTC completed_step=4048 elapsed_seconds=206.312 learning_rate=0.00058706
2026-09-21 04:49:27 UTC completed_step=4064 elapsed_seconds=206.966 learning_rate=0.000586956
2026-09-21 04:49:28 UTC completed_step=4080 elapsed_seconds=207.62 learning_rate=0.000586851
2026-09-21 04:49:29 UTC completed_step=4096 elapsed_seconds=208.277 learning_rate=0.000586746
2026-09-21 04:49:30 UTC step=4096 elapsed_seconds=209.539 mean_loss=1.95088 errors=3414/10002 exact_sentences=25/1024
2026-09-21 04:49:30 UTC completed_step=4112 elapsed_seconds=210.203 learning_rate=0.00058664
2026-09-21 04:49:31 UTC completed_step=4128 elapsed_seconds=210.86 learning_rate=0.000586535
2026-09-21 04:49:32 UTC completed_step=4144 elapsed_seconds=211.517 learning_rate=0.000586428
2026-09-21 04:49:32 UTC completed_step=4160 elapsed_seconds=212.175 learning_rate=0.000586322
2026-09-21 04:49:33 UTC completed_step=4176 elapsed_seconds=212.832 learning_rate=0.000586214
2026-09-21 04:49:34 UTC completed_step=4192 elapsed_seconds=213.489 learning_rate=0.000586107
2026-09-21 04:49:34 UTC completed_step=4208 elapsed_seconds=214.146 learning_rate=0.000585999
2026-09-21 04:49:35 UTC completed_step=4224 elapsed_seconds=214.803 learning_rate=0.000585891
2026-09-21 04:49:36 UTC step=4224 elapsed_seconds=216.047 mean_loss=1.86539 errors=3240/10002 exact_sentences=29/1024
2026-09-21 04:49:37 UTC completed_step=4240 elapsed_seconds=216.709 learning_rate=0.000585782
2026-09-21 04:49:38 UTC completed_step=4256 elapsed_seconds=217.366 learning_rate=0.000585673
2026-09-21 04:49:38 UTC completed_step=4272 elapsed_seconds=218.023 learning_rate=0.000585563
2026-09-21 04:49:39 UTC completed_step=4288 elapsed_seconds=218.68 learning_rate=0.000585453
2026-09-21 04:49:40 UTC completed_step=4304 elapsed_seconds=219.337 learning_rate=0.000585343
2026-09-21 04:49:40 UTC completed_step=4320 elapsed_seconds=219.992 learning_rate=0.000585232
2026-09-21 04:49:41 UTC completed_step=4336 elapsed_seconds=220.647 learning_rate=0.000585121
2026-09-21 04:49:42 UTC completed_step=4352 elapsed_seconds=221.302 learning_rate=0.00058501
2026-09-21 04:49:43 UTC step=4352 elapsed_seconds=222.562 mean_loss=1.79024 errors=3198/10002 exact_sentences=24/1024
2026-09-21 04:49:44 UTC completed_step=4368 elapsed_seconds=223.222 learning_rate=0.000584898
2026-09-21 04:49:44 UTC completed_step=4384 elapsed_seconds=223.877 learning_rate=0.000584785
2026-09-21 04:49:45 UTC completed_step=4400 elapsed_seconds=224.532 learning_rate=0.000584672
2026-09-21 04:49:45 UTC completed_step=4416 elapsed_seconds=225.187 learning_rate=0.000584559
2026-09-21 04:49:46 UTC completed_step=4432 elapsed_seconds=225.842 learning_rate=0.000584446
2026-09-21 04:49:47 UTC completed_step=4448 elapsed_seconds=226.497 learning_rate=0.000584332
2026-09-21 04:49:47 UTC completed_step=4464 elapsed_seconds=227.152 learning_rate=0.000584217
2026-09-21 04:49:48 UTC completed_step=4480 elapsed_seconds=227.807 learning_rate=0.000584103
2026-09-21 04:49:49 UTC step=4480 elapsed_seconds=229.054 mean_loss=1.70498 errors=2968/10002 exact_sentences=37/1024
2026-09-21 04:49:50 UTC completed_step=4496 elapsed_seconds=229.714 learning_rate=0.000583987
2026-09-21 04:49:51 UTC completed_step=4512 elapsed_seconds=230.367 learning_rate=0.000583872
2026-09-21 04:49:51 UTC completed_step=4528 elapsed_seconds=231.022 learning_rate=0.000583756
2026-09-21 04:49:52 UTC completed_step=4544 elapsed_seconds=231.68 learning_rate=0.000583639
2026-09-21 04:49:53 UTC completed_step=4560 elapsed_seconds=232.339 learning_rate=0.000583523
2026-09-21 04:49:53 UTC completed_step=4576 elapsed_seconds=232.997 learning_rate=0.000583405
2026-09-21 04:49:54 UTC completed_step=4592 elapsed_seconds=233.654 learning_rate=0.000583288
2026-09-21 04:49:55 UTC completed_step=4608 elapsed_seconds=234.311 learning_rate=0.00058317
2026-09-21 04:49:56 UTC step=4608 elapsed_seconds=235.56 mean_loss=1.62424 errors=2834/10002 exact_sentences=42/1024
2026-09-21 04:49:57 UTC completed_step=4624 elapsed_seconds=236.224 learning_rate=0.000583051
2026-09-21 04:49:57 UTC completed_step=4640 elapsed_seconds=236.881 learning_rate=0.000582932
2026-09-21 04:49:58 UTC completed_step=4656 elapsed_seconds=237.54 learning_rate=0.000582813
2026-09-21 04:49:58 UTC completed_step=4672 elapsed_seconds=238.197 learning_rate=0.000582694
2026-09-21 04:49:59 UTC completed_step=4688 elapsed_seconds=238.854 learning_rate=0.000582574
2026-09-21 04:50:00 UTC completed_step=4704 elapsed_seconds=239.512 learning_rate=0.000582453
2026-09-21 04:50:00 UTC completed_step=4720 elapsed_seconds=240.171 learning_rate=0.000582332
2026-09-21 04:50:01 UTC completed_step=4736 elapsed_seconds=240.829 learning_rate=0.000582211
2026-09-21 04:50:02 UTC step=4736 elapsed_seconds=242.106 mean_loss=1.54522 errors=2693/10002 exact_sentences=52/1024
2026-09-21 04:50:03 UTC completed_step=4752 elapsed_seconds=242.769 learning_rate=0.00058209
2026-09-21 04:50:04 UTC completed_step=4768 elapsed_seconds=243.423 learning_rate=0.000581968
2026-09-21 04:50:04 UTC completed_step=4784 elapsed_seconds=244.077 learning_rate=0.000581845
2026-09-21 04:50:05 UTC completed_step=4800 elapsed_seconds=244.73 learning_rate=0.000581722
2026-09-21 04:50:06 UTC completed_step=4816 elapsed_seconds=245.385 learning_rate=0.000581599
2026-09-21 04:50:06 UTC completed_step=4832 elapsed_seconds=246.039 learning_rate=0.000581475
2026-09-21 04:50:07 UTC completed_step=4848 elapsed_seconds=246.693 learning_rate=0.000581351
2026-09-21 04:50:08 UTC completed_step=4864 elapsed_seconds=247.346 learning_rate=0.000581227
2026-09-21 04:50:09 UTC step=4864 elapsed_seconds=248.601 mean_loss=1.47554 errors=2546/10002 exact_sentences=71/1024
2026-09-21 04:50:10 UTC completed_step=4880 elapsed_seconds=249.26 learning_rate=0.000581102
2026-09-21 04:50:10 UTC completed_step=4896 elapsed_seconds=249.914 learning_rate=0.000580977
2026-09-21 04:50:11 UTC completed_step=4912 elapsed_seconds=250.568 learning_rate=0.000580851
2026-09-21 04:50:12 UTC completed_step=4928 elapsed_seconds=251.223 learning_rate=0.000580725
2026-09-21 04:50:12 UTC completed_step=4944 elapsed_seconds=251.877 learning_rate=0.000580599
2026-09-21 04:50:13 UTC completed_step=4960 elapsed_seconds=252.531 learning_rate=0.000580472
2026-09-21 04:50:13 UTC completed_step=4976 elapsed_seconds=253.185 learning_rate=0.000580345
2026-09-21 04:50:14 UTC completed_step=4992 elapsed_seconds=253.844 learning_rate=0.000580217
2026-09-21 04:50:15 UTC step=4992 elapsed_seconds=255.093 mean_loss=1.40658 errors=2396/10002 exact_sentences=86/1024
2026-09-21 04:50:16 UTC completed_step=5008 elapsed_seconds=255.755 learning_rate=0.000580089
2026-09-21 04:50:17 UTC completed_step=5024 elapsed_seconds=256.412 learning_rate=0.000579961
2026-09-21 04:50:17 UTC completed_step=5040 elapsed_seconds=257.069 learning_rate=0.000579832
2026-09-21 04:50:18 UTC completed_step=5056 elapsed_seconds=257.726 learning_rate=0.000579703
2026-09-21 04:50:19 UTC completed_step=5072 elapsed_seconds=258.382 learning_rate=0.000579573
2026-09-21 04:50:19 UTC completed_step=5088 elapsed_seconds=259.039 learning_rate=0.000579443
2026-09-21 04:50:20 UTC completed_step=5104 elapsed_seconds=259.696 learning_rate=0.000579313
2026-09-21 04:50:21 UTC completed_step=5120 elapsed_seconds=260.353 learning_rate=0.000579182
2026-09-21 04:50:22 UTC step=5120 elapsed_seconds=261.609 mean_loss=1.32973 errors=2269/10002 exact_sentences=98/1024
2026-09-21 04:50:23 UTC completed_step=5136 elapsed_seconds=262.274 learning_rate=0.000579051
2026-09-21 04:50:23 UTC completed_step=5152 elapsed_seconds=262.931 learning_rate=0.00057892
2026-09-21 04:50:24 UTC completed_step=5168 elapsed_seconds=263.588 learning_rate=0.000578788
2026-09-21 04:50:25 UTC completed_step=5184 elapsed_seconds=264.245 learning_rate=0.000578655
2026-09-21 04:50:25 UTC completed_step=5200 elapsed_seconds=264.902 learning_rate=0.000578522
2026-09-21 04:50:26 UTC completed_step=5216 elapsed_seconds=265.558 learning_rate=0.000578389
2026-09-21 04:50:27 UTC completed_step=5232 elapsed_seconds=266.216 learning_rate=0.000578256
2026-09-21 04:50:27 UTC completed_step=5248 elapsed_seconds=266.871 learning_rate=0.000578122
2026-09-21 04:50:28 UTC step=5248 elapsed_seconds=268.119 mean_loss=1.26104 errors=2129/10002 exact_sentences=125/1024
2026-09-21 04:50:29 UTC completed_step=5264 elapsed_seconds=268.78 learning_rate=0.000577988
2026-09-21 04:50:30 UTC completed_step=5280 elapsed_seconds=269.437 learning_rate=0.000577853
2026-09-21 04:50:30 UTC completed_step=5296 elapsed_seconds=270.093 learning_rate=0.000577718
2026-09-21 04:50:31 UTC completed_step=5312 elapsed_seconds=270.749 learning_rate=0.000577582
2026-09-21 04:50:32 UTC completed_step=5328 elapsed_seconds=271.404 learning_rate=0.000577446
2026-09-21 04:50:32 UTC completed_step=5344 elapsed_seconds=272.059 learning_rate=0.00057731
2026-09-21 04:50:33 UTC completed_step=5360 elapsed_seconds=272.715 learning_rate=0.000577173
2026-09-21 04:50:34 UTC completed_step=5376 elapsed_seconds=273.371 learning_rate=0.000577036
2026-09-21 04:50:35 UTC step=5376 elapsed_seconds=274.615 mean_loss=1.19203 errors=2038/10002 exact_sentences=147/1024
2026-09-21 04:50:36 UTC completed_step=5392 elapsed_seconds=275.275 learning_rate=0.000576899
2026-09-21 04:50:36 UTC completed_step=5408 elapsed_seconds=275.93 learning_rate=0.000576761
2026-09-21 04:50:37 UTC completed_step=5424 elapsed_seconds=276.586 learning_rate=0.000576623
2026-09-21 04:50:38 UTC completed_step=5440 elapsed_seconds=277.243 learning_rate=0.000576484
2026-09-21 04:50:38 UTC completed_step=5456 elapsed_seconds=277.9 learning_rate=0.000576345
2026-09-21 04:50:39 UTC completed_step=5472 elapsed_seconds=278.557 learning_rate=0.000576206
2026-09-21 04:50:40 UTC completed_step=5488 elapsed_seconds=279.214 learning_rate=0.000576066
2026-09-21 04:50:40 UTC completed_step=5504 elapsed_seconds=279.871 learning_rate=0.000575926
2026-09-21 04:50:41 UTC step=5504 elapsed_seconds=281.132 mean_loss=1.12741 errors=1865/10002 exact_sentences=170/1024
2026-09-21 04:50:42 UTC completed_step=5520 elapsed_seconds=281.793 learning_rate=0.000575785
2026-09-21 04:50:43 UTC completed_step=5536 elapsed_seconds=282.451 learning_rate=0.000575644
2026-09-21 04:50:43 UTC completed_step=5552 elapsed_seconds=283.109 learning_rate=0.000575503
2026-09-21 04:50:44 UTC completed_step=5568 elapsed_seconds=283.766 learning_rate=0.000575361
2026-09-21 04:50:45 UTC completed_step=5584 elapsed_seconds=284.422 learning_rate=0.000575219
2026-09-21 04:50:45 UTC completed_step=5600 elapsed_seconds=285.079 learning_rate=0.000575076
2026-09-21 04:50:46 UTC completed_step=5616 elapsed_seconds=285.736 learning_rate=0.000574933
2026-09-21 04:50:47 UTC completed_step=5632 elapsed_seconds=286.393 learning_rate=0.00057479
2026-09-21 04:50:48 UTC step=5632 elapsed_seconds=287.632 mean_loss=1.06846 errors=1763/10002 exact_sentences=205/1024
2026-09-21 04:50:49 UTC completed_step=5648 elapsed_seconds=288.295 learning_rate=0.000574646
2026-09-21 04:50:49 UTC completed_step=5664 elapsed_seconds=288.952 learning_rate=0.000574502
2026-09-21 04:50:50 UTC completed_step=5680 elapsed_seconds=289.61 learning_rate=0.000574358
2026-09-21 04:50:51 UTC completed_step=5696 elapsed_seconds=290.267 learning_rate=0.000574213
2026-09-21 04:50:51 UTC completed_step=5712 elapsed_seconds=290.923 learning_rate=0.000574067
2026-09-21 04:50:52 UTC completed_step=5728 elapsed_seconds=291.579 learning_rate=0.000573922
2026-09-21 04:50:53 UTC completed_step=5744 elapsed_seconds=292.235 learning_rate=0.000573776
2026-09-21 04:50:53 UTC completed_step=5760 elapsed_seconds=292.891 learning_rate=0.000573629
2026-09-21 04:50:54 UTC step=5760 elapsed_seconds=294.138 mean_loss=1.00561 errors=1607/10002 exact_sentences=238/1024
2026-09-21 04:50:55 UTC completed_step=5776 elapsed_seconds=294.799 learning_rate=0.000573483
2026-09-21 04:50:56 UTC completed_step=5792 elapsed_seconds=295.455 learning_rate=0.000573335
2026-09-21 04:50:56 UTC completed_step=5808 elapsed_seconds=296.111 learning_rate=0.000573188
2026-09-21 04:50:57 UTC completed_step=5824 elapsed_seconds=296.768 learning_rate=0.00057304
2026-09-21 04:50:58 UTC completed_step=5840 elapsed_seconds=297.424 learning_rate=0.000572891
2026-09-21 04:50:58 UTC completed_step=5856 elapsed_seconds=298.08 learning_rate=0.000572743
2026-09-21 04:50:59 UTC completed_step=5872 elapsed_seconds=298.735 learning_rate=0.000572594
2026-09-21 04:51:00 UTC completed_step=5888 elapsed_seconds=299.391 learning_rate=0.000572444
2026-09-21 04:51:01 UTC step=5888 elapsed_seconds=300.64 mean_loss=0.950138 errors=1499/10002 exact_sentences=275/1024
2026-09-21 04:51:02 UTC completed_step=5904 elapsed_seconds=301.3 learning_rate=0.000572294
2026-09-21 04:51:02 UTC completed_step=5920 elapsed_seconds=301.956 learning_rate=0.000572144
2026-09-21 04:51:03 UTC completed_step=5936 elapsed_seconds=302.613 learning_rate=0.000571993
2026-09-21 04:51:04 UTC completed_step=5952 elapsed_seconds=303.27 learning_rate=0.000571842
2026-09-21 04:51:04 UTC completed_step=5968 elapsed_seconds=303.927 learning_rate=0.000571691
2026-09-21 04:51:05 UTC completed_step=5984 elapsed_seconds=304.584 learning_rate=0.000571539
2026-09-21 04:51:06 UTC completed_step=6000 elapsed_seconds=305.24 learning_rate=0.000571387
2026-09-21 04:51:06 UTC completed_step=6016 elapsed_seconds=305.896 learning_rate=0.000571234
2026-09-21 04:51:07 UTC step=6016 elapsed_seconds=307.172 mean_loss=0.890971 errors=1425/10002 exact_sentences=279/1024
2026-09-21 04:51:08 UTC completed_step=6032 elapsed_seconds=307.834 learning_rate=0.000571081
2026-09-21 04:51:09 UTC completed_step=6048 elapsed_seconds=308.49 learning_rate=0.000570928
2026-09-21 04:51:09 UTC completed_step=6064 elapsed_seconds=309.146 learning_rate=0.000570774
2026-09-21 04:51:10 UTC completed_step=6080 elapsed_seconds=309.803 learning_rate=0.00057062
2026-09-21 04:51:11 UTC completed_step=6096 elapsed_seconds=310.459 learning_rate=0.000570466
2026-09-21 04:51:11 UTC completed_step=6112 elapsed_seconds=311.114 learning_rate=0.000570311
2026-09-21 04:51:12 UTC completed_step=6128 elapsed_seconds=311.776 learning_rate=0.000570155
2026-09-21 04:51:13 UTC completed_step=6144 elapsed_seconds=312.439 learning_rate=0.00057
2026-09-21 04:51:14 UTC step=6144 elapsed_seconds=313.685 mean_loss=0.836429 errors=1321/10002 exact_sentences=311/1024
2026-09-21 04:51:15 UTC completed_step=6160 elapsed_seconds=314.352 learning_rate=0.000569844
2026-09-21 04:51:15 UTC completed_step=6176 elapsed_seconds=315.013 learning_rate=0.000569687
2026-09-21 04:51:16 UTC completed_step=6192 elapsed_seconds=315.674 learning_rate=0.000569531
2026-09-21 04:51:17 UTC completed_step=6208 elapsed_seconds=316.334 learning_rate=0.000569373
2026-09-21 04:51:17 UTC completed_step=6224 elapsed_seconds=316.996 learning_rate=0.000569216
2026-09-21 04:51:18 UTC completed_step=6240 elapsed_seconds=317.656 learning_rate=0.000569058
2026-09-21 04:51:19 UTC completed_step=6256 elapsed_seconds=318.317 learning_rate=0.0005689
2026-09-21 04:51:19 UTC completed_step=6272 elapsed_seconds=318.978 learning_rate=0.000568741
2026-09-21 04:51:21 UTC step=6272 elapsed_seconds=320.219 mean_loss=0.79056 errors=1205/10002 exact_sentences=360/1024
2026-09-21 04:51:21 UTC completed_step=6288 elapsed_seconds=320.885 learning_rate=0.000568582
2026-09-21 04:51:22 UTC completed_step=6304 elapsed_seconds=321.546 learning_rate=0.000568422
2026-09-21 04:51:23 UTC completed_step=6320 elapsed_seconds=322.207 learning_rate=0.000568263
2026-09-21 04:51:23 UTC completed_step=6336 elapsed_seconds=322.868 learning_rate=0.000568102
2026-09-21 04:51:24 UTC completed_step=6352 elapsed_seconds=323.524 learning_rate=0.000567942
2026-09-21 04:51:24 UTC completed_step=6368 elapsed_seconds=324.178 learning_rate=0.000567781
2026-09-21 04:51:25 UTC completed_step=6384 elapsed_seconds=324.832 learning_rate=0.00056762
2026-09-21 04:51:26 UTC completed_step=6400 elapsed_seconds=325.486 learning_rate=0.000567458
2026-09-21 04:51:27 UTC step=6400 elapsed_seconds=326.75 mean_loss=0.734242 errors=1071/10002 exact_sentences=411/1024
2026-09-21 04:51:28 UTC completed_step=6416 elapsed_seconds=327.408 learning_rate=0.000567296
2026-09-21 04:51:28 UTC completed_step=6432 elapsed_seconds=328.062 learning_rate=0.000567133
2026-09-21 04:51:29 UTC completed_step=6448 elapsed_seconds=328.717 learning_rate=0.000566971
2026-09-21 04:51:30 UTC completed_step=6464 elapsed_seconds=329.371 learning_rate=0.000566807
2026-09-21 04:51:30 UTC completed_step=6480 elapsed_seconds=330.025 learning_rate=0.000566644
2026-09-21 04:51:31 UTC completed_step=6496 elapsed_seconds=330.679 learning_rate=0.00056648
2026-09-21 04:51:32 UTC completed_step=6512 elapsed_seconds=331.333 learning_rate=0.000566315
2026-09-21 04:51:32 UTC completed_step=6528 elapsed_seconds=331.987 learning_rate=0.000566151
2026-09-21 04:51:34 UTC step=6528 elapsed_seconds=333.228 mean_loss=0.689303 errors=1029/10002 exact_sentences=428/1024
2026-09-21 04:51:34 UTC completed_step=6544 elapsed_seconds=333.887 learning_rate=0.000565986
2026-09-21 04:51:35 UTC completed_step=6560 elapsed_seconds=334.541 learning_rate=0.00056582
2026-09-21 04:51:35 UTC completed_step=6576 elapsed_seconds=335.196 learning_rate=0.000565654
2026-09-21 04:51:36 UTC completed_step=6592 elapsed_seconds=335.851 learning_rate=0.000565488
2026-09-21 04:51:37 UTC completed_step=6608 elapsed_seconds=336.506 learning_rate=0.000565322
2026-09-21 04:51:37 UTC completed_step=6624 elapsed_seconds=337.161 learning_rate=0.000565155
2026-09-21 04:51:38 UTC completed_step=6640 elapsed_seconds=337.816 learning_rate=0.000564987
2026-09-21 04:51:39 UTC completed_step=6656 elapsed_seconds=338.47 learning_rate=0.00056482
2026-09-21 04:51:40 UTC step=6656 elapsed_seconds=339.711 mean_loss=0.643467 errors=892/10002 exact_sentences=485/1024
2026-09-21 04:51:41 UTC completed_step=6672 elapsed_seconds=340.371 learning_rate=0.000564652
2026-09-21 04:51:41 UTC completed_step=6688 elapsed_seconds=341.025 learning_rate=0.000564483
2026-09-21 04:51:42 UTC completed_step=6704 elapsed_seconds=341.679 learning_rate=0.000564314
2026-09-21 04:51:43 UTC completed_step=6720 elapsed_seconds=342.333 learning_rate=0.000564145
2026-09-21 04:51:43 UTC completed_step=6736 elapsed_seconds=342.987 learning_rate=0.000563976
2026-09-21 04:51:44 UTC completed_step=6752 elapsed_seconds=343.642 learning_rate=0.000563806
2026-09-21 04:51:45 UTC completed_step=6768 elapsed_seconds=344.297 learning_rate=0.000563635
2026-09-21 04:51:45 UTC completed_step=6784 elapsed_seconds=344.951 learning_rate=0.000563465
2026-09-21 04:51:47 UTC step=6784 elapsed_seconds=346.205 mean_loss=0.602043 errors=876/10002 exact_sentences=495/1024
2026-09-21 04:51:47 UTC completed_step=6800 elapsed_seconds=346.864 learning_rate=0.000563294
2026-09-21 04:51:48 UTC completed_step=6816 elapsed_seconds=347.521 learning_rate=0.000563122
2026-09-21 04:51:48 UTC completed_step=6832 elapsed_seconds=348.177 learning_rate=0.00056295
2026-09-21 04:51:49 UTC completed_step=6848 elapsed_seconds=348.832 learning_rate=0.000562778
2026-09-21 04:51:50 UTC completed_step=6864 elapsed_seconds=349.488 learning_rate=0.000562606
2026-09-21 04:51:50 UTC completed_step=6880 elapsed_seconds=350.144 learning_rate=0.000562433
2026-09-21 04:51:51 UTC completed_step=6896 elapsed_seconds=350.8 learning_rate=0.00056226
2026-09-21 04:51:52 UTC completed_step=6912 elapsed_seconds=351.457 learning_rate=0.000562086
2026-09-21 04:51:53 UTC step=6912 elapsed_seconds=352.702 mean_loss=0.555622 errors=775/10002 exact_sentences=537/1024
2026-09-21 04:51:54 UTC completed_step=6928 elapsed_seconds=353.364 learning_rate=0.000561912
2026-09-21 04:51:54 UTC completed_step=6944 elapsed_seconds=354.021 learning_rate=0.000561738
2026-09-21 04:51:55 UTC completed_step=6960 elapsed_seconds=354.677 learning_rate=0.000561563
2026-09-21 04:51:56 UTC completed_step=6976 elapsed_seconds=355.333 learning_rate=0.000561388
2026-09-21 04:51:56 UTC completed_step=6992 elapsed_seconds=355.989 learning_rate=0.000561212
2026-09-21 04:51:57 UTC completed_step=7008 elapsed_seconds=356.645 learning_rate=0.000561036
2026-09-21 04:51:58 UTC completed_step=7024 elapsed_seconds=357.302 learning_rate=0.00056086
2026-09-21 04:51:58 UTC completed_step=7040 elapsed_seconds=357.958 learning_rate=0.000560684
2026-09-21 04:52:00 UTC step=7040 elapsed_seconds=359.206 mean_loss=0.517715 errors=673/10002 exact_sentences=594/1024
2026-09-21 04:52:00 UTC completed_step=7056 elapsed_seconds=359.869 learning_rate=0.000560507
2026-09-21 04:52:01 UTC completed_step=7072 elapsed_seconds=360.527 learning_rate=0.000560329
2026-09-21 04:52:01 UTC completed_step=7088 elapsed_seconds=361.185 learning_rate=0.000560152
2026-09-21 04:52:02 UTC completed_step=7104 elapsed_seconds=361.845 learning_rate=0.000559974
2026-09-21 04:52:03 UTC completed_step=7120 elapsed_seconds=362.503 learning_rate=0.000559795
2026-09-21 04:52:03 UTC completed_step=7136 elapsed_seconds=363.161 learning_rate=0.000559617
2026-09-21 04:52:04 UTC completed_step=7152 elapsed_seconds=363.818 learning_rate=0.000559437
2026-09-21 04:52:05 UTC completed_step=7168 elapsed_seconds=364.476 learning_rate=0.000559258
2026-09-21 04:52:06 UTC step=7168 elapsed_seconds=365.743 mean_loss=0.48538 errors=616/10002 exact_sentences=616/1024
2026-09-21 04:52:07 UTC completed_step=7184 elapsed_seconds=366.407 learning_rate=0.000559078
2026-09-21 04:52:07 UTC completed_step=7200 elapsed_seconds=367.065 learning_rate=0.000558898
2026-09-21 04:52:08 UTC completed_step=7216 elapsed_seconds=367.723 learning_rate=0.000558717
2026-09-21 04:52:09 UTC completed_step=7232 elapsed_seconds=368.382 learning_rate=0.000558536
2026-09-21 04:52:09 UTC completed_step=7248 elapsed_seconds=369.04 learning_rate=0.000558355
2026-09-21 04:52:10 UTC completed_step=7264 elapsed_seconds=369.695 learning_rate=0.000558173
2026-09-21 04:52:11 UTC completed_step=7280 elapsed_seconds=370.351 learning_rate=0.000557991
2026-09-21 04:52:11 UTC completed_step=7296 elapsed_seconds=371.006 learning_rate=0.000557809
2026-09-21 04:52:13 UTC step=7296 elapsed_seconds=372.258 mean_loss=0.444208 errors=559/10002 exact_sentences=645/1024
2026-09-21 04:52:13 UTC completed_step=7312 elapsed_seconds=372.918 learning_rate=0.000557626
2026-09-21 04:52:14 UTC completed_step=7328 elapsed_seconds=373.574 learning_rate=0.000557443
2026-09-21 04:52:15 UTC completed_step=7344 elapsed_seconds=374.229 learning_rate=0.00055726
2026-09-21 04:52:15 UTC completed_step=7360 elapsed_seconds=374.885 learning_rate=0.000557076
2026-09-21 04:52:16 UTC completed_step=7376 elapsed_seconds=375.54 learning_rate=0.000556892
2026-09-21 04:52:16 UTC completed_step=7392 elapsed_seconds=376.196 learning_rate=0.000556707
2026-09-21 04:52:17 UTC completed_step=7408 elapsed_seconds=376.852 learning_rate=0.000556522
2026-09-21 04:52:18 UTC completed_step=7424 elapsed_seconds=377.507 learning_rate=0.000556337
2026-09-21 04:52:19 UTC step=7424 elapsed_seconds=378.748 mean_loss=0.412006 errors=530/10002 exact_sentences=663/1024
2026-09-21 04:52:20 UTC completed_step=7440 elapsed_seconds=379.408 learning_rate=0.000556151
2026-09-21 04:52:20 UTC completed_step=7456 elapsed_seconds=380.062 learning_rate=0.000555965
2026-09-21 04:52:21 UTC completed_step=7472 elapsed_seconds=380.719 learning_rate=0.000555779
2026-09-21 04:52:22 UTC completed_step=7488 elapsed_seconds=381.377 learning_rate=0.000555592
2026-09-21 04:52:22 UTC completed_step=7504 elapsed_seconds=382.039 learning_rate=0.000555405
2026-09-21 04:52:23 UTC completed_step=7520 elapsed_seconds=382.698 learning_rate=0.000555218
2026-09-21 04:52:24 UTC completed_step=7536 elapsed_seconds=383.357 learning_rate=0.00055503
2026-09-21 04:52:24 UTC completed_step=7552 elapsed_seconds=384.015 learning_rate=0.000554842
2026-09-21 04:52:26 UTC step=7552 elapsed_seconds=385.266 mean_loss=0.380254 errors=444/10002 exact_sentences=713/1024
2026-09-21 04:52:26 UTC completed_step=7568 elapsed_seconds=385.929 learning_rate=0.000554653
2026-09-21 04:52:27 UTC completed_step=7584 elapsed_seconds=386.589 learning_rate=0.000554464
2026-09-21 04:52:28 UTC completed_step=7600 elapsed_seconds=387.247 learning_rate=0.000554275
2026-09-21 04:52:28 UTC completed_step=7616 elapsed_seconds=387.906 learning_rate=0.000554086
2026-09-21 04:52:29 UTC completed_step=7632 elapsed_seconds=388.565 learning_rate=0.000553896
2026-09-21 04:52:30 UTC completed_step=7648 elapsed_seconds=389.224 learning_rate=0.000553705
2026-09-21 04:52:30 UTC completed_step=7664 elapsed_seconds=389.882 learning_rate=0.000553515
2026-09-21 04:52:31 UTC completed_step=7680 elapsed_seconds=390.542 learning_rate=0.000553324
2026-09-21 04:52:32 UTC step=7680 elapsed_seconds=391.791 mean_loss=0.348016 errors=391/10002 exact_sentences=755/1024
2026-09-21 04:52:33 UTC completed_step=7696 elapsed_seconds=392.457 learning_rate=0.000553132
2026-09-21 04:52:33 UTC completed_step=7712 elapsed_seconds=393.113 learning_rate=0.000552941
2026-09-21 04:52:34 UTC completed_step=7728 elapsed_seconds=393.769 learning_rate=0.000552749
2026-09-21 04:52:35 UTC completed_step=7744 elapsed_seconds=394.426 learning_rate=0.000552556
2026-09-21 04:52:35 UTC completed_step=7760 elapsed_seconds=395.081 learning_rate=0.000552363
2026-09-21 04:52:36 UTC completed_step=7776 elapsed_seconds=395.736 learning_rate=0.00055217
2026-09-21 04:52:37 UTC completed_step=7792 elapsed_seconds=396.392 learning_rate=0.000551977
2026-09-21 04:52:37 UTC completed_step=7808 elapsed_seconds=397.048 learning_rate=0.000551783
2026-09-21 04:52:39 UTC step=7808 elapsed_seconds=398.301 mean_loss=0.320731 errors=366/10002 exact_sentences=762/1024
2026-09-21 04:52:39 UTC completed_step=7824 elapsed_seconds=398.962 learning_rate=0.000551589
2026-09-21 04:52:40 UTC completed_step=7840 elapsed_seconds=399.618 learning_rate=0.000551394
2026-09-21 04:52:41 UTC completed_step=7856 elapsed_seconds=400.274 learning_rate=0.000551199
2026-09-21 04:52:41 UTC completed_step=7872 elapsed_seconds=400.93 learning_rate=0.000551004
2026-09-21 04:52:42 UTC completed_step=7888 elapsed_seconds=401.585 learning_rate=0.000550809
2026-09-21 04:52:43 UTC completed_step=7904 elapsed_seconds=402.241 learning_rate=0.000550613
2026-09-21 04:52:43 UTC completed_step=7920 elapsed_seconds=402.896 learning_rate=0.000550417
2026-09-21 04:52:44 UTC completed_step=7936 elapsed_seconds=403.551 learning_rate=0.00055022
2026-09-21 04:52:45 UTC step=7936 elapsed_seconds=404.799 mean_loss=0.301301 errors=339/10002 exact_sentences=779/1024
2026-09-21 04:52:46 UTC completed_step=7952 elapsed_seconds=405.462 learning_rate=0.000550023
2026-09-21 04:52:46 UTC completed_step=7968 elapsed_seconds=406.123 learning_rate=0.000549826
2026-09-21 04:52:47 UTC completed_step=7984 elapsed_seconds=406.781 learning_rate=0.000549628
2026-09-21 04:52:48 UTC completed_step=8000 elapsed_seconds=407.44 learning_rate=0.00054943
2026-09-21 04:52:48 UTC completed_step=8016 elapsed_seconds=408.1 learning_rate=0.000549232
2026-09-21 04:52:49 UTC completed_step=8032 elapsed_seconds=408.759 learning_rate=0.000549033
2026-09-21 04:52:50 UTC completed_step=8048 elapsed_seconds=409.418 learning_rate=0.000548834
2026-09-21 04:52:50 UTC completed_step=8064 elapsed_seconds=410.078 learning_rate=0.000548634
2026-09-21 04:52:52 UTC step=8064 elapsed_seconds=411.329 mean_loss=0.278252 errors=287/10002 exact_sentences=809/1024
2026-09-21 04:52:52 UTC completed_step=8080 elapsed_seconds=411.993 learning_rate=0.000548435
2026-09-21 04:52:53 UTC completed_step=8096 elapsed_seconds=412.652 learning_rate=0.000548235
2026-09-21 04:52:54 UTC completed_step=8112 elapsed_seconds=413.311 learning_rate=0.000548034
2026-09-21 04:52:54 UTC completed_step=8128 elapsed_seconds=413.97 learning_rate=0.000547833
2026-09-21 04:52:55 UTC completed_step=8144 elapsed_seconds=414.631 learning_rate=0.000547632
2026-09-21 04:52:56 UTC completed_step=8160 elapsed_seconds=415.289 learning_rate=0.000547431
2026-09-21 04:52:56 UTC completed_step=8176 elapsed_seconds=415.948 learning_rate=0.000547229
2026-09-21 04:52:57 UTC completed_step=8192 elapsed_seconds=416.608 learning_rate=0.000547027
2026-09-21 04:52:58 UTC step=8192 elapsed_seconds=417.864 mean_loss=0.250841 errors=258/10002 exact_sentences=833/1024
2026-09-21 04:52:59 UTC completed_step=8208 elapsed_seconds=418.529 learning_rate=0.000546824
2026-09-21 04:52:59 UTC completed_step=8224 elapsed_seconds=419.188 learning_rate=0.000546621
2026-09-21 04:53:00 UTC completed_step=8240 elapsed_seconds=419.846 learning_rate=0.000546418
2026-09-21 04:53:01 UTC completed_step=8256 elapsed_seconds=420.505 learning_rate=0.000546214
2026-09-21 04:53:01 UTC completed_step=8272 elapsed_seconds=421.164 learning_rate=0.000546011
2026-09-21 04:53:02 UTC completed_step=8288 elapsed_seconds=421.822 learning_rate=0.000545806
2026-09-21 04:53:03 UTC completed_step=8304 elapsed_seconds=422.481 learning_rate=0.000545602
2026-09-21 04:53:03 UTC completed_step=8320 elapsed_seconds=423.138 learning_rate=0.000545397
2026-09-21 04:53:05 UTC step=8320 elapsed_seconds=424.379 mean_loss=0.225318 errors=213/10002 exact_sentences=857/1024
2026-09-21 04:53:05 UTC completed_step=8336 elapsed_seconds=425.042 learning_rate=0.000545192
2026-09-21 04:53:06 UTC completed_step=8352 elapsed_seconds=425.701 learning_rate=0.000544986
2026-09-21 04:53:07 UTC completed_step=8368 elapsed_seconds=426.359 learning_rate=0.00054478
2026-09-21 04:53:07 UTC completed_step=8384 elapsed_seconds=427.017 learning_rate=0.000544574
2026-09-21 04:53:08 UTC completed_step=8400 elapsed_seconds=427.673 learning_rate=0.000544367
2026-09-21 04:53:09 UTC completed_step=8416 elapsed_seconds=428.33 learning_rate=0.00054416
2026-09-21 04:53:09 UTC completed_step=8432 elapsed_seconds=428.986 learning_rate=0.000543953
2026-09-21 04:53:10 UTC completed_step=8448 elapsed_seconds=429.642 learning_rate=0.000543745
2026-09-21 04:53:11 UTC step=8448 elapsed_seconds=430.901 mean_loss=0.206204 errors=187/10002 exact_sentences=876/1024
2026-09-21 04:53:12 UTC completed_step=8464 elapsed_seconds=431.563 learning_rate=0.000543537
2026-09-21 04:53:13 UTC completed_step=8480 elapsed_seconds=432.219 learning_rate=0.000543329
2026-09-21 04:53:13 UTC completed_step=8496 elapsed_seconds=432.875 learning_rate=0.00054312
2026-09-21 04:53:14 UTC completed_step=8512 elapsed_seconds=433.532 learning_rate=0.000542911
2026-09-21 04:53:14 UTC completed_step=8528 elapsed_seconds=434.188 learning_rate=0.000542702
2026-09-21 04:53:15 UTC completed_step=8544 elapsed_seconds=434.845 learning_rate=0.000542492
2026-09-21 04:53:16 UTC completed_step=8560 elapsed_seconds=435.501 learning_rate=0.000542282
2026-09-21 04:53:16 UTC completed_step=8576 elapsed_seconds=436.157 learning_rate=0.000542072
2026-09-21 04:53:18 UTC step=8576 elapsed_seconds=437.401 mean_loss=0.191082 errors=157/10002 exact_sentences=903/1024
2026-09-21 04:53:18 UTC completed_step=8592 elapsed_seconds=438.062 learning_rate=0.000541861
2026-09-21 04:53:19 UTC completed_step=8608 elapsed_seconds=438.719 learning_rate=0.00054165
2026-09-21 04:53:20 UTC completed_step=8624 elapsed_seconds=439.379 learning_rate=0.000541439
2026-09-21 04:53:20 UTC completed_step=8640 elapsed_seconds=440.04 learning_rate=0.000541227
2026-09-21 04:53:21 UTC completed_step=8656 elapsed_seconds=440.7 learning_rate=0.000541015
2026-09-21 04:53:22 UTC completed_step=8672 elapsed_seconds=441.36 learning_rate=0.000540803
2026-09-21 04:53:22 UTC completed_step=8688 elapsed_seconds=442.019 learning_rate=0.00054059
2026-09-21 04:53:23 UTC completed_step=8704 elapsed_seconds=442.679 learning_rate=0.000540377
2026-09-21 04:53:24 UTC step=8704 elapsed_seconds=443.922 mean_loss=0.178419 errors=140/10002 exact_sentences=908/1024
2026-09-21 04:53:25 UTC completed_step=8720 elapsed_seconds=444.588 learning_rate=0.000540163
2026-09-21 04:53:26 UTC completed_step=8736 elapsed_seconds=445.249 learning_rate=0.00053995
2026-09-21 04:53:26 UTC completed_step=8752 elapsed_seconds=445.908 learning_rate=0.000539736
2026-09-21 04:53:27 UTC completed_step=8768 elapsed_seconds=446.568 learning_rate=0.000539521
2026-09-21 04:53:28 UTC completed_step=8784 elapsed_seconds=447.228 learning_rate=0.000539307
2026-09-21 04:53:28 UTC completed_step=8800 elapsed_seconds=447.887 learning_rate=0.000539092
2026-09-21 04:53:29 UTC completed_step=8816 elapsed_seconds=448.547 learning_rate=0.000538876
2026-09-21 04:53:30 UTC completed_step=8832 elapsed_seconds=449.207 learning_rate=0.000538661
2026-09-21 04:53:31 UTC step=8832 elapsed_seconds=450.453 mean_loss=0.158745 errors=139/10002 exact_sentences=911/1024
2026-09-21 04:53:31 UTC completed_step=8848 elapsed_seconds=451.116 learning_rate=0.000538444
2026-09-21 04:53:32 UTC completed_step=8864 elapsed_seconds=451.776 learning_rate=0.000538228
2026-09-21 04:53:33 UTC completed_step=8880 elapsed_seconds=452.435 learning_rate=0.000538011
2026-09-21 04:53:33 UTC completed_step=8896 elapsed_seconds=453.093 learning_rate=0.000537794
2026-09-21 04:53:34 UTC completed_step=8912 elapsed_seconds=453.752 learning_rate=0.000537577
2026-09-21 04:53:35 UTC completed_step=8928 elapsed_seconds=454.41 learning_rate=0.000537359
2026-09-21 04:53:35 UTC completed_step=8944 elapsed_seconds=455.069 learning_rate=0.000537141
2026-09-21 04:53:36 UTC completed_step=8960 elapsed_seconds=455.727 learning_rate=0.000536923
2026-09-21 04:53:37 UTC step=8960 elapsed_seconds=456.966 mean_loss=0.149142 errors=123/10002 exact_sentences=921/1024
2026-09-21 04:53:38 UTC completed_step=8976 elapsed_seconds=457.629 learning_rate=0.000536704
2026-09-21 04:53:39 UTC completed_step=8992 elapsed_seconds=458.288 learning_rate=0.000536485
2026-09-21 04:53:39 UTC completed_step=9008 elapsed_seconds=458.947 learning_rate=0.000536266
2026-09-21 04:53:40 UTC completed_step=9024 elapsed_seconds=459.605 learning_rate=0.000536046
2026-09-21 04:53:41 UTC completed_step=9040 elapsed_seconds=460.262 learning_rate=0.000535826
2026-09-21 04:53:41 UTC completed_step=9056 elapsed_seconds=460.921 learning_rate=0.000535606
2026-09-21 04:53:42 UTC completed_step=9072 elapsed_seconds=461.581 learning_rate=0.000535386
2026-09-21 04:53:43 UTC completed_step=9088 elapsed_seconds=462.24 learning_rate=0.000535165
2026-09-21 04:53:44 UTC step=9088 elapsed_seconds=463.481 mean_loss=0.133143 errors=95/10002 exact_sentences=945/1024
2026-09-21 04:53:44 UTC completed_step=9104 elapsed_seconds=464.142 learning_rate=0.000534943
2026-09-21 04:53:45 UTC completed_step=9120 elapsed_seconds=464.796 learning_rate=0.000534722
2026-09-21 04:53:46 UTC completed_step=9136 elapsed_seconds=465.45 learning_rate=0.0005345
2026-09-21 04:53:46 UTC completed_step=9152 elapsed_seconds=466.105 learning_rate=0.000534277
2026-09-21 04:53:47 UTC completed_step=9168 elapsed_seconds=466.76 learning_rate=0.000534055
2026-09-21 04:53:48 UTC completed_step=9184 elapsed_seconds=467.414 learning_rate=0.000533832
2026-09-21 04:53:48 UTC completed_step=9200 elapsed_seconds=468.07 learning_rate=0.000533609
2026-09-21 04:53:49 UTC completed_step=9216 elapsed_seconds=468.726 learning_rate=0.000533385
2026-09-21 04:53:50 UTC step=9216 elapsed_seconds=469.977 mean_loss=0.120873 errors=86/10002 exact_sentences=952/1024
2026-09-21 04:53:51 UTC completed_step=9232 elapsed_seconds=470.638 learning_rate=0.000533161
2026-09-21 04:53:52 UTC completed_step=9248 elapsed_seconds=471.293 learning_rate=0.000532937
2026-09-21 04:53:52 UTC completed_step=9264 elapsed_seconds=471.948 learning_rate=0.000532713
2026-09-21 04:53:53 UTC completed_step=9280 elapsed_seconds=472.603 learning_rate=0.000532488
2026-09-21 04:53:54 UTC completed_step=9296 elapsed_seconds=473.258 learning_rate=0.000532263
2026-09-21 04:53:54 UTC completed_step=9312 elapsed_seconds=473.913 learning_rate=0.000532037
2026-09-21 04:53:55 UTC completed_step=9328 elapsed_seconds=474.569 learning_rate=0.000531811
2026-09-21 04:53:56 UTC completed_step=9344 elapsed_seconds=475.225 learning_rate=0.000531585
2026-09-21 04:53:57 UTC step=9344 elapsed_seconds=476.472 mean_loss=0.113553 errors=74/10002 exact_sentences=961/1024
2026-09-21 04:53:57 UTC completed_step=9360 elapsed_seconds=477.133 learning_rate=0.000531359
2026-09-21 04:53:58 UTC completed_step=9376 elapsed_seconds=477.789 learning_rate=0.000531132
2026-09-21 04:53:59 UTC completed_step=9392 elapsed_seconds=478.444 learning_rate=0.000530905
2026-09-21 04:53:59 UTC completed_step=9408 elapsed_seconds=479.099 learning_rate=0.000530678
2026-09-21 04:54:00 UTC completed_step=9424 elapsed_seconds=479.756 learning_rate=0.00053045
2026-09-21 04:54:01 UTC completed_step=9440 elapsed_seconds=480.412 learning_rate=0.000530222
2026-09-21 04:54:01 UTC completed_step=9456 elapsed_seconds=481.067 learning_rate=0.000529993
2026-09-21 04:54:02 UTC completed_step=9472 elapsed_seconds=481.723 learning_rate=0.000529765
2026-09-21 04:54:03 UTC step=9472 elapsed_seconds=482.969 mean_loss=0.0997524 errors=52/10002 exact_sentences=982/1024
2026-09-21 04:54:04 UTC completed_step=9488 elapsed_seconds=483.63 learning_rate=0.000529536
2026-09-21 04:54:05 UTC completed_step=9504 elapsed_seconds=484.285 learning_rate=0.000529306
2026-09-21 04:54:05 UTC completed_step=9520 elapsed_seconds=484.942 learning_rate=0.000529077
2026-09-21 04:54:06 UTC completed_step=9536 elapsed_seconds=485.598 learning_rate=0.000528847
2026-09-21 04:54:07 UTC completed_step=9552 elapsed_seconds=486.255 learning_rate=0.000528617
2026-09-21 04:54:07 UTC completed_step=9568 elapsed_seconds=486.912 learning_rate=0.000528386
2026-09-21 04:54:08 UTC completed_step=9584 elapsed_seconds=487.568 learning_rate=0.000528155
2026-09-21 04:54:09 UTC completed_step=9600 elapsed_seconds=488.223 learning_rate=0.000527924
2026-09-21 04:54:10 UTC step=9600 elapsed_seconds=489.465 mean_loss=0.0933306 errors=58/10002 exact_sentences=973/1024
2026-09-21 04:54:10 UTC completed_step=9616 elapsed_seconds=490.125 learning_rate=0.000527692
2026-09-21 04:54:11 UTC completed_step=9632 elapsed_seconds=490.781 learning_rate=0.000527461
2026-09-21 04:54:12 UTC completed_step=9648 elapsed_seconds=491.437 learning_rate=0.000527229
2026-09-21 04:54:12 UTC completed_step=9664 elapsed_seconds=492.092 learning_rate=0.000526996
2026-09-21 04:54:13 UTC completed_step=9680 elapsed_seconds=492.747 learning_rate=0.000526763
2026-09-21 04:54:14 UTC completed_step=9696 elapsed_seconds=493.402 learning_rate=0.00052653
2026-09-21 04:54:14 UTC completed_step=9712 elapsed_seconds=494.057 learning_rate=0.000526297
2026-09-21 04:54:15 UTC completed_step=9728 elapsed_seconds=494.713 learning_rate=0.000526063
2026-09-21 04:54:16 UTC step=9728 elapsed_seconds=495.965 mean_loss=0.0837233 errors=61/10002 exact_sentences=968/1024
2026-09-21 04:54:17 UTC completed_step=9744 elapsed_seconds=496.628 learning_rate=0.000525829
2026-09-21 04:54:18 UTC completed_step=9760 elapsed_seconds=497.288 learning_rate=0.000525595
2026-09-21 04:54:18 UTC completed_step=9776 elapsed_seconds=497.947 learning_rate=0.00052536
2026-09-21 04:54:19 UTC completed_step=9792 elapsed_seconds=498.606 learning_rate=0.000525125
2026-09-21 04:54:20 UTC completed_step=9808 elapsed_seconds=499.264 learning_rate=0.00052489
2026-09-21 04:54:20 UTC completed_step=9824 elapsed_seconds=499.923 learning_rate=0.000524654
2026-09-21 04:54:21 UTC completed_step=9840 elapsed_seconds=500.582 learning_rate=0.000524419
2026-09-21 04:54:22 UTC completed_step=9856 elapsed_seconds=501.24 learning_rate=0.000524182
2026-09-21 04:54:23 UTC step=9856 elapsed_seconds=502.516 mean_loss=0.0737542 errors=44/10002 exact_sentences=984/1024
2026-09-21 04:54:23 UTC completed_step=9872 elapsed_seconds=503.179 learning_rate=0.000523946
2026-09-21 04:54:24 UTC completed_step=9888 elapsed_seconds=503.838 learning_rate=0.000523709
2026-09-21 04:54:25 UTC completed_step=9904 elapsed_seconds=504.497 learning_rate=0.000523472
2026-09-21 04:54:25 UTC completed_step=9920 elapsed_seconds=505.156 learning_rate=0.000523235
2026-09-21 04:54:26 UTC completed_step=9936 elapsed_seconds=505.815 learning_rate=0.000522997
2026-09-21 04:54:27 UTC completed_step=9952 elapsed_seconds=506.475 learning_rate=0.000522759
2026-09-21 04:54:27 UTC completed_step=9968 elapsed_seconds=507.133 learning_rate=0.000522521
2026-09-21 04:54:28 UTC completed_step=9984 elapsed_seconds=507.789 learning_rate=0.000522282
2026-09-21 04:54:29 UTC step=9984 elapsed_seconds=509.044 mean_loss=0.0694785 errors=49/10002 exact_sentences=981/1024
2026-09-21 04:54:30 UTC completed_step=10000 elapsed_seconds=509.709 learning_rate=0.000522043
2026-09-21 04:54:31 UTC completed_step=10016 elapsed_seconds=510.369 learning_rate=0.000521804
2026-09-21 04:54:31 UTC completed_step=10032 elapsed_seconds=511.03 learning_rate=0.000521564
2026-09-21 04:54:32 UTC completed_step=10048 elapsed_seconds=511.689 learning_rate=0.000521324
2026-09-21 04:54:33 UTC completed_step=10064 elapsed_seconds=512.349 learning_rate=0.000521084
2026-09-21 04:54:33 UTC completed_step=10080 elapsed_seconds=513.009 learning_rate=0.000520844
2026-09-21 04:54:34 UTC completed_step=10096 elapsed_seconds=513.668 learning_rate=0.000520603
2026-09-21 04:54:35 UTC completed_step=10112 elapsed_seconds=514.328 learning_rate=0.000520362
2026-09-21 04:54:36 UTC step=10112 elapsed_seconds=515.594 mean_loss=0.0636329 errors=34/10002 exact_sentences=994/1024
2026-09-21 04:54:37 UTC completed_step=10128 elapsed_seconds=516.259 learning_rate=0.00052012
2026-09-21 04:54:37 UTC completed_step=10144 elapsed_seconds=516.919 learning_rate=0.000519879
2026-09-21 04:54:38 UTC completed_step=10160 elapsed_seconds=517.579 learning_rate=0.000519637
2026-09-21 04:54:39 UTC completed_step=10176 elapsed_seconds=518.239 learning_rate=0.000519395
2026-09-21 04:54:39 UTC completed_step=10192 elapsed_seconds=518.899 learning_rate=0.000519152
2026-09-21 04:54:40 UTC completed_step=10208 elapsed_seconds=519.554 learning_rate=0.000518909
2026-09-21 04:54:41 UTC completed_step=10224 elapsed_seconds=520.21 learning_rate=0.000518666
2026-09-21 04:54:41 UTC completed_step=10240 elapsed_seconds=520.865 learning_rate=0.000518422
2026-09-21 04:54:42 UTC step=10240 elapsed_seconds=522.107 mean_loss=0.0560387 errors=33/10002 exact_sentences=994/1024
2026-09-21 04:54:43 UTC completed_step=10256 elapsed_seconds=522.768 learning_rate=0.000518179
2026-09-21 04:54:44 UTC completed_step=10272 elapsed_seconds=523.424 learning_rate=0.000517935
2026-09-21 04:54:44 UTC completed_step=10288 elapsed_seconds=524.078 learning_rate=0.00051769
2026-09-21 04:54:45 UTC completed_step=10304 elapsed_seconds=524.734 learning_rate=0.000517446
2026-09-21 04:54:46 UTC completed_step=10320 elapsed_seconds=525.39 learning_rate=0.000517201
2026-09-21 04:54:46 UTC completed_step=10336 elapsed_seconds=526.046 learning_rate=0.000516955
2026-09-21 04:54:47 UTC completed_step=10352 elapsed_seconds=526.702 learning_rate=0.00051671
2026-09-21 04:54:48 UTC completed_step=10368 elapsed_seconds=527.358 learning_rate=0.000516464
2026-09-21 04:54:49 UTC step=10368 elapsed_seconds=528.602 mean_loss=0.0513847 errors=27/10002 exact_sentences=1001/1024
2026-09-21 04:54:50 UTC completed_step=10384 elapsed_seconds=529.262 learning_rate=0.000516218
2026-09-21 04:54:50 UTC completed_step=10400 elapsed_seconds=529.918 learning_rate=0.000515971
2026-09-21 04:54:51 UTC completed_step=10416 elapsed_seconds=530.573 learning_rate=0.000515725
2026-09-21 04:54:52 UTC completed_step=10432 elapsed_seconds=531.231 learning_rate=0.000515478
2026-09-21 04:54:52 UTC completed_step=10448 elapsed_seconds=531.888 learning_rate=0.00051523
2026-09-21 04:54:53 UTC completed_step=10464 elapsed_seconds=532.546 learning_rate=0.000514983
2026-09-21 04:54:53 UTC completed_step=10480 elapsed_seconds=533.204 learning_rate=0.000514735
2026-09-21 04:54:54 UTC completed_step=10496 elapsed_seconds=533.86 learning_rate=0.000514487
2026-09-21 04:54:55 UTC step=10496 elapsed_seconds=535.108 mean_loss=0.0471088 errors=26/10002 exact_sentences=1001/1024
2026-09-21 04:54:56 UTC completed_step=10512 elapsed_seconds=535.77 learning_rate=0.000514238
2026-09-21 04:54:57 UTC completed_step=10528 elapsed_seconds=536.426 learning_rate=0.000513989
2026-09-21 04:54:57 UTC completed_step=10544 elapsed_seconds=537.082 learning_rate=0.00051374
2026-09-21 04:54:58 UTC completed_step=10560 elapsed_seconds=537.738 learning_rate=0.000513491
2026-09-21 04:54:59 UTC completed_step=10576 elapsed_seconds=538.395 learning_rate=0.000513241
2026-09-21 04:54:59 UTC completed_step=10592 elapsed_seconds=539.051 learning_rate=0.000512991
2026-09-21 04:55:00 UTC completed_step=10608 elapsed_seconds=539.708 learning_rate=0.000512741
2026-09-21 04:55:01 UTC completed_step=10624 elapsed_seconds=540.365 learning_rate=0.00051249
2026-09-21 04:55:02 UTC step=10624 elapsed_seconds=541.609 mean_loss=0.0421833 errors=21/10002 exact_sentences=1006/1024
2026-09-21 04:55:03 UTC completed_step=10640 elapsed_seconds=542.271 learning_rate=0.000512239
2026-09-21 04:55:03 UTC completed_step=10656 elapsed_seconds=542.927 learning_rate=0.000511988
2026-09-21 04:55:04 UTC completed_step=10672 elapsed_seconds=543.584 learning_rate=0.000511737
2026-09-21 04:55:05 UTC completed_step=10688 elapsed_seconds=544.242 learning_rate=0.000511485
2026-09-21 04:55:05 UTC completed_step=10704 elapsed_seconds=544.898 learning_rate=0.000511233
2026-09-21 04:55:06 UTC completed_step=10720 elapsed_seconds=545.556 learning_rate=0.000510981
2026-09-21 04:55:07 UTC completed_step=10736 elapsed_seconds=546.212 learning_rate=0.000510728
2026-09-21 04:55:07 UTC completed_step=10752 elapsed_seconds=546.869 learning_rate=0.000510476
2026-09-21 04:55:08 UTC step=10752 elapsed_seconds=548.11 mean_loss=0.0397521 errors=27/10002 exact_sentences=999/1024
2026-09-21 04:55:09 UTC completed_step=10768 elapsed_seconds=548.773 learning_rate=0.000510222
2026-09-21 04:55:10 UTC completed_step=10784 elapsed_seconds=549.429 learning_rate=0.000509969
2026-09-21 04:55:10 UTC completed_step=10800 elapsed_seconds=550.086 learning_rate=0.000509715
2026-09-21 04:55:11 UTC completed_step=10816 elapsed_seconds=550.744 learning_rate=0.000509461
2026-09-21 04:55:12 UTC completed_step=10832 elapsed_seconds=551.401 learning_rate=0.000509207
2026-09-21 04:55:12 UTC completed_step=10848 elapsed_seconds=552.059 learning_rate=0.000508953
2026-09-21 04:55:13 UTC completed_step=10864 elapsed_seconds=552.715 learning_rate=0.000508698
2026-09-21 04:55:14 UTC completed_step=10880 elapsed_seconds=553.373 learning_rate=0.000508443
2026-09-21 04:55:15 UTC step=10880 elapsed_seconds=554.622 mean_loss=0.0391532 errors=34/10002 exact_sentences=993/1024
2026-09-21 04:55:16 UTC completed_step=10896 elapsed_seconds=555.285 learning_rate=0.000508187
2026-09-21 04:55:16 UTC completed_step=10912 elapsed_seconds=555.942 learning_rate=0.000507931
2026-09-21 04:55:17 UTC completed_step=10928 elapsed_seconds=556.599 learning_rate=0.000507675
2026-09-21 04:55:18 UTC completed_step=10944 elapsed_seconds=557.256 learning_rate=0.000507419
2026-09-21 04:55:18 UTC completed_step=10960 elapsed_seconds=557.913 learning_rate=0.000507163
2026-09-21 04:55:19 UTC completed_step=10976 elapsed_seconds=558.571 learning_rate=0.000506906
2026-09-21 04:55:20 UTC completed_step=10992 elapsed_seconds=559.228 learning_rate=0.000506649
2026-09-21 04:55:20 UTC completed_step=11008 elapsed_seconds=559.884 learning_rate=0.000506391
2026-09-21 04:55:21 UTC step=11008 elapsed_seconds=561.139 mean_loss=0.0363553 errors=36/10002 exact_sentences=992/1024
2026-09-21 04:55:22 UTC completed_step=11024 elapsed_seconds=561.799 learning_rate=0.000506134
2026-09-21 04:55:23 UTC completed_step=11040 elapsed_seconds=562.456 learning_rate=0.000505876
2026-09-21 04:55:23 UTC completed_step=11056 elapsed_seconds=563.113 learning_rate=0.000505618
2026-09-21 04:55:24 UTC completed_step=11072 elapsed_seconds=563.77 learning_rate=0.000505359
2026-09-21 04:55:25 UTC completed_step=11088 elapsed_seconds=564.427 learning_rate=0.0005051
2026-09-21 04:55:25 UTC completed_step=11104 elapsed_seconds=565.084 learning_rate=0.000504841
2026-09-21 04:55:26 UTC completed_step=11120 elapsed_seconds=565.742 learning_rate=0.000504582
2026-09-21 04:55:27 UTC completed_step=11136 elapsed_seconds=566.401 learning_rate=0.000504322
2026-09-21 04:55:28 UTC step=11136 elapsed_seconds=567.649 mean_loss=0.0300116 errors=23/10002 exact_sentences=1004/1024
2026-09-21 04:55:29 UTC completed_step=11152 elapsed_seconds=568.309 learning_rate=0.000504062
2026-09-21 04:55:29 UTC completed_step=11168 elapsed_seconds=568.964 learning_rate=0.000503802
2026-09-21 04:55:30 UTC completed_step=11184 elapsed_seconds=569.62 learning_rate=0.000503542
2026-09-21 04:55:31 UTC completed_step=11200 elapsed_seconds=570.275 learning_rate=0.000503281
2026-09-21 04:55:31 UTC completed_step=11216 elapsed_seconds=570.93 learning_rate=0.00050302
2026-09-21 04:55:32 UTC completed_step=11232 elapsed_seconds=571.586 learning_rate=0.000502759
2026-09-21 04:55:33 UTC completed_step=11248 elapsed_seconds=572.242 learning_rate=0.000502497
2026-09-21 04:55:33 UTC completed_step=11264 elapsed_seconds=572.897 learning_rate=0.000502235
2026-09-21 04:55:34 UTC step=11264 elapsed_seconds=574.151 mean_loss=0.0270935 errors=20/10002 exact_sentences=1005/1024
2026-09-21 04:55:35 UTC completed_step=11280 elapsed_seconds=574.813 learning_rate=0.000501973
2026-09-21 04:55:36 UTC completed_step=11296 elapsed_seconds=575.468 learning_rate=0.000501711
2026-09-21 04:55:36 UTC completed_step=11312 elapsed_seconds=576.124 learning_rate=0.000501448
2026-09-21 04:55:37 UTC completed_step=11328 elapsed_seconds=576.78 learning_rate=0.000501186
2026-09-21 04:55:38 UTC completed_step=11344 elapsed_seconds=577.44 learning_rate=0.000500922
2026-09-21 04:55:38 UTC completed_step=11360 elapsed_seconds=578.101 learning_rate=0.000500659
2026-09-21 04:55:39 UTC completed_step=11376 elapsed_seconds=578.761 learning_rate=0.000500395
2026-09-21 04:55:40 UTC completed_step=11392 elapsed_seconds=579.422 learning_rate=0.000500131
2026-09-21 04:55:41 UTC step=11392 elapsed_seconds=580.671 mean_loss=0.0276218 errors=26/10002 exact_sentences=1002/1024
2026-09-21 04:55:42 UTC completed_step=11408 elapsed_seconds=581.335 learning_rate=0.000499867
2026-09-21 04:55:42 UTC completed_step=11424 elapsed_seconds=581.993 learning_rate=0.000499602
2026-09-21 04:55:43 UTC completed_step=11440 elapsed_seconds=582.651 learning_rate=0.000499338
2026-09-21 04:55:44 UTC completed_step=11456 elapsed_seconds=583.309 learning_rate=0.000499073
2026-09-21 04:55:44 UTC completed_step=11472 elapsed_seconds=583.967 learning_rate=0.000498807
2026-09-21 04:55:45 UTC completed_step=11488 elapsed_seconds=584.625 learning_rate=0.000498542
2026-09-21 04:55:46 UTC completed_step=11504 elapsed_seconds=585.284 learning_rate=0.000498276
2026-09-21 04:55:46 UTC completed_step=11520 elapsed_seconds=585.943 learning_rate=0.00049801
2026-09-21 04:55:47 UTC step=11520 elapsed_seconds=587.197 mean_loss=0.0263532 errors=24/10002 exact_sentences=1003/1024
2026-09-21 04:55:48 UTC completed_step=11536 elapsed_seconds=587.861 learning_rate=0.000497743
2026-09-21 04:55:49 UTC completed_step=11552 elapsed_seconds=588.521 learning_rate=0.000497477
2026-09-21 04:55:49 UTC completed_step=11568 elapsed_seconds=589.176 learning_rate=0.00049721
2026-09-21 04:55:50 UTC completed_step=11584 elapsed_seconds=589.832 learning_rate=0.000496942
2026-09-21 04:55:51 UTC completed_step=11600 elapsed_seconds=590.488 learning_rate=0.000496675
2026-09-21 04:55:51 UTC completed_step=11616 elapsed_seconds=591.145 learning_rate=0.000496407
2026-09-21 04:55:52 UTC completed_step=11632 elapsed_seconds=591.799 learning_rate=0.000496139
2026-09-21 04:55:53 UTC completed_step=11648 elapsed_seconds=592.454 learning_rate=0.000495871
2026-09-21 04:55:54 UTC step=11648 elapsed_seconds=593.709 mean_loss=0.0234808 errors=22/10002 exact_sentences=1004/1024
2026-09-21 04:55:55 UTC completed_step=11664 elapsed_seconds=594.37 learning_rate=0.000495602
2026-09-21 04:55:55 UTC completed_step=11680 elapsed_seconds=595.024 learning_rate=0.000495334
2026-09-21 04:55:56 UTC completed_step=11696 elapsed_seconds=595.68 learning_rate=0.000495065
2026-09-21 04:55:57 UTC completed_step=11712 elapsed_seconds=596.336 learning_rate=0.000494795
2026-09-21 04:55:57 UTC completed_step=11728 elapsed_seconds=596.991 learning_rate=0.000494526
2026-09-21 04:55:58 UTC completed_step=11744 elapsed_seconds=597.646 learning_rate=0.000494256
2026-09-21 04:55:59 UTC completed_step=11760 elapsed_seconds=598.301 learning_rate=0.000493986
2026-09-21 04:55:59 UTC completed_step=11776 elapsed_seconds=598.956 learning_rate=0.000493716
2026-09-21 04:56:00 UTC step=11776 elapsed_seconds=600.201 mean_loss=0.0222591 errors=25/10002 exact_sentences=1000/1024
2026-09-21 04:56:01 UTC completed_step=11792 elapsed_seconds=600.862 learning_rate=0.000493445
2026-09-21 04:56:02 UTC completed_step=11808 elapsed_seconds=601.517 learning_rate=0.000493174
2026-09-21 04:56:02 UTC completed_step=11824 elapsed_seconds=602.172 learning_rate=0.000492903
2026-09-21 04:56:03 UTC completed_step=11840 elapsed_seconds=602.828 learning_rate=0.000492632
2026-09-21 04:56:04 UTC completed_step=11856 elapsed_seconds=603.483 learning_rate=0.00049236
2026-09-21 04:56:04 UTC completed_step=11872 elapsed_seconds=604.139 learning_rate=0.000492088
2026-09-21 04:56:05 UTC completed_step=11888 elapsed_seconds=604.793 learning_rate=0.000491816
2026-09-21 04:56:06 UTC completed_step=11904 elapsed_seconds=605.448 learning_rate=0.000491543
2026-09-21 04:56:07 UTC step=11904 elapsed_seconds=606.693 mean_loss=0.0189832 errors=17/10002 exact_sentences=1007/1024
2026-09-21 04:56:08 UTC completed_step=11920 elapsed_seconds=607.353 learning_rate=0.000491271
2026-09-21 04:56:08 UTC completed_step=11936 elapsed_seconds=608.009 learning_rate=0.000490998
2026-09-21 04:56:09 UTC completed_step=11952 elapsed_seconds=608.665 learning_rate=0.000490725
2026-09-21 04:56:10 UTC completed_step=11968 elapsed_seconds=609.321 learning_rate=0.000490451
2026-09-21 04:56:10 UTC completed_step=11984 elapsed_seconds=609.976 learning_rate=0.000490177
2026-09-21 04:56:11 UTC completed_step=12000 elapsed_seconds=610.632 learning_rate=0.000489903
2026-09-21 04:56:12 UTC completed_step=12016 elapsed_seconds=611.288 learning_rate=0.000489629
2026-09-21 04:56:12 UTC completed_step=12032 elapsed_seconds=611.944 learning_rate=0.000489355
2026-09-21 04:56:13 UTC step=12032 elapsed_seconds=613.191 mean_loss=0.0179505 errors=17/10002 exact_sentences=1009/1024
2026-09-21 04:56:14 UTC completed_step=12048 elapsed_seconds=613.855 learning_rate=0.00048908
2026-09-21 04:56:15 UTC completed_step=12064 elapsed_seconds=614.513 learning_rate=0.000488805
2026-09-21 04:56:15 UTC completed_step=12080 elapsed_seconds=615.171 learning_rate=0.00048853
2026-09-21 04:56:16 UTC completed_step=12096 elapsed_seconds=615.828 learning_rate=0.000488255
2026-09-21 04:56:17 UTC completed_step=12112 elapsed_seconds=616.487 learning_rate=0.000487979
2026-09-21 04:56:17 UTC completed_step=12128 elapsed_seconds=617.145 learning_rate=0.000487703
2026-09-21 04:56:18 UTC completed_step=12144 elapsed_seconds=617.804 learning_rate=0.000487427
2026-09-21 04:56:19 UTC completed_step=12160 elapsed_seconds=618.463 learning_rate=0.00048715
2026-09-21 04:56:20 UTC step=12160 elapsed_seconds=619.708 mean_loss=0.0159959 errors=13/10002 exact_sentences=1012/1024
2026-09-21 04:56:21 UTC completed_step=12176 elapsed_seconds=620.371 learning_rate=0.000486873
2026-09-21 04:56:21 UTC completed_step=12192 elapsed_seconds=621.028 learning_rate=0.000486596
2026-09-21 04:56:22 UTC completed_step=12208 elapsed_seconds=621.686 learning_rate=0.000486319
2026-09-21 04:56:23 UTC completed_step=12224 elapsed_seconds=622.344 learning_rate=0.000486042
2026-09-21 04:56:23 UTC completed_step=12240 elapsed_seconds=623.001 learning_rate=0.000485764
2026-09-21 04:56:24 UTC completed_step=12256 elapsed_seconds=623.658 learning_rate=0.000485486
2026-09-21 04:56:25 UTC completed_step=12272 elapsed_seconds=624.316 learning_rate=0.000485208
2026-09-21 04:56:25 UTC completed_step=12288 elapsed_seconds=624.973 learning_rate=0.000484929
2026-09-21 04:56:27 UTC step=12288 elapsed_seconds=626.218 mean_loss=0.017414 errors=16/10002 exact_sentences=1008/1024
2026-09-21 04:56:27 UTC completed_step=12304 elapsed_seconds=626.88 learning_rate=0.000484651
2026-09-21 04:56:28 UTC completed_step=12320 elapsed_seconds=627.537 learning_rate=0.000484372
2026-09-21 04:56:28 UTC completed_step=12336 elapsed_seconds=628.193 learning_rate=0.000484093
2026-09-21 04:56:29 UTC completed_step=12352 elapsed_seconds=628.849 learning_rate=0.000483813
2026-09-21 04:56:30 UTC completed_step=12368 elapsed_seconds=629.505 learning_rate=0.000483534
2026-09-21 04:56:30 UTC completed_step=12384 elapsed_seconds=630.16 learning_rate=0.000483254
2026-09-21 04:56:31 UTC completed_step=12400 elapsed_seconds=630.816 learning_rate=0.000482973
2026-09-21 04:56:32 UTC completed_step=12416 elapsed_seconds=631.472 learning_rate=0.000482693
2026-09-21 04:56:33 UTC step=12416 elapsed_seconds=632.714 mean_loss=0.015161 errors=15/10002 exact_sentences=1010/1024
2026-09-21 04:56:34 UTC completed_step=12432 elapsed_seconds=633.375 learning_rate=0.000482412
2026-09-21 04:56:34 UTC completed_step=12448 elapsed_seconds=634.03 learning_rate=0.000482132
2026-09-21 04:56:35 UTC completed_step=12464 elapsed_seconds=634.688 learning_rate=0.00048185
2026-09-21 04:56:36 UTC completed_step=12480 elapsed_seconds=635.35 learning_rate=0.000481569
2026-09-21 04:56:36 UTC completed_step=12496 elapsed_seconds=636.011 learning_rate=0.000481287
2026-09-21 04:56:37 UTC completed_step=12512 elapsed_seconds=636.673 learning_rate=0.000481006
2026-09-21 04:56:38 UTC completed_step=12528 elapsed_seconds=637.335 learning_rate=0.000480723
2026-09-21 04:56:38 UTC completed_step=12544 elapsed_seconds=637.997 learning_rate=0.000480441
2026-09-21 04:56:40 UTC step=12544 elapsed_seconds=639.244 mean_loss=0.0129266 errors=14/10002 exact_sentences=1011/1024
2026-09-21 04:56:40 UTC completed_step=12560 elapsed_seconds=639.911 learning_rate=0.000480159
2026-09-21 04:56:41 UTC completed_step=12576 elapsed_seconds=640.573 learning_rate=0.000479876
2026-09-21 04:56:42 UTC completed_step=12592 elapsed_seconds=641.235 learning_rate=0.000479593
2026-09-21 04:56:42 UTC completed_step=12608 elapsed_seconds=641.897 learning_rate=0.000479309
2026-09-21 04:56:43 UTC completed_step=12624 elapsed_seconds=642.559 learning_rate=0.000479026
2026-09-21 04:56:44 UTC completed_step=12640 elapsed_seconds=643.22 learning_rate=0.000478742
2026-09-21 04:56:44 UTC completed_step=12656 elapsed_seconds=643.882 learning_rate=0.000478458
2026-09-21 04:56:45 UTC completed_step=12672 elapsed_seconds=644.543 learning_rate=0.000478174
2026-09-21 04:56:46 UTC step=12672 elapsed_seconds=645.795 mean_loss=0.0131667 errors=10/10002 exact_sentences=1014/1024
2026-09-21 04:56:47 UTC completed_step=12688 elapsed_seconds=646.459 learning_rate=0.000477889
2026-09-21 04:56:47 UTC completed_step=12704 elapsed_seconds=647.118 learning_rate=0.000477605
2026-09-21 04:56:48 UTC completed_step=12720 elapsed_seconds=647.775 learning_rate=0.00047732
2026-09-21 04:56:49 UTC completed_step=12736 elapsed_seconds=648.433 learning_rate=0.000477035
2026-09-21 04:56:49 UTC completed_step=12752 elapsed_seconds=649.091 learning_rate=0.000476749
2026-09-21 04:56:50 UTC completed_step=12768 elapsed_seconds=649.748 learning_rate=0.000476464
2026-09-21 04:56:51 UTC completed_step=12784 elapsed_seconds=650.404 learning_rate=0.000476178
2026-09-21 04:56:51 UTC completed_step=12800 elapsed_seconds=651.06 learning_rate=0.000475892
2026-09-21 04:56:53 UTC step=12800 elapsed_seconds=652.303 mean_loss=0.012178 errors=14/10002 exact_sentences=1010/1024
2026-09-21 04:56:53 UTC completed_step=12816 elapsed_seconds=652.965 learning_rate=0.000475605
2026-09-21 04:56:54 UTC completed_step=12832 elapsed_seconds=653.622 learning_rate=0.000475319
2026-09-21 04:56:55 UTC completed_step=12848 elapsed_seconds=654.28 learning_rate=0.000475032
2026-09-21 04:56:55 UTC completed_step=12864 elapsed_seconds=654.937 learning_rate=0.000474745
2026-09-21 04:56:56 UTC completed_step=12880 elapsed_seconds=655.595 learning_rate=0.000474458
2026-09-21 04:56:57 UTC completed_step=12896 elapsed_seconds=656.251 learning_rate=0.00047417
2026-09-21 04:56:57 UTC completed_step=12912 elapsed_seconds=656.907 learning_rate=0.000473883
2026-09-21 04:56:58 UTC completed_step=12928 elapsed_seconds=657.563 learning_rate=0.000473595
2026-09-21 04:56:59 UTC step=12928 elapsed_seconds=658.806 mean_loss=0.0116822 errors=11/10002 exact_sentences=1013/1024
2026-09-21 04:57:00 UTC completed_step=12944 elapsed_seconds=659.466 learning_rate=0.000473306
2026-09-21 04:57:00 UTC completed_step=12960 elapsed_seconds=660.121 learning_rate=0.000473018
2026-09-21 04:57:01 UTC completed_step=12976 elapsed_seconds=660.777 learning_rate=0.000472729
2026-09-21 04:57:02 UTC completed_step=12992 elapsed_seconds=661.433 learning_rate=0.000472441
2026-09-21 04:57:02 UTC completed_step=13008 elapsed_seconds=662.088 learning_rate=0.000472152
2026-09-21 04:57:03 UTC completed_step=13024 elapsed_seconds=662.743 learning_rate=0.000471862
2026-09-21 04:57:04 UTC completed_step=13040 elapsed_seconds=663.399 learning_rate=0.000471573
2026-09-21 04:57:04 UTC completed_step=13056 elapsed_seconds=664.054 learning_rate=0.000471283
2026-09-21 04:57:06 UTC step=13056 elapsed_seconds=665.298 mean_loss=0.0106467 errors=7/10002 exact_sentences=1017/1024
2026-09-21 04:57:06 UTC completed_step=13072 elapsed_seconds=665.959 learning_rate=0.000470993
2026-09-21 04:57:07 UTC completed_step=13088 elapsed_seconds=666.616 learning_rate=0.000470703
2026-09-21 04:57:08 UTC completed_step=13104 elapsed_seconds=667.271 learning_rate=0.000470412
2026-09-21 04:57:08 UTC completed_step=13120 elapsed_seconds=667.926 learning_rate=0.000470122
2026-09-21 04:57:09 UTC completed_step=13136 elapsed_seconds=668.582 learning_rate=0.000469831
2026-09-21 04:57:10 UTC completed_step=13152 elapsed_seconds=669.242 learning_rate=0.00046954
2026-09-21 04:57:10 UTC completed_step=13168 elapsed_seconds=669.902 learning_rate=0.000469249
2026-09-21 04:57:11 UTC completed_step=13184 elapsed_seconds=670.563 learning_rate=0.000468957
2026-09-21 04:57:12 UTC step=13184 elapsed_seconds=671.818 mean_loss=0.00894496 errors=6/10002 exact_sentences=1018/1024
2026-09-21 04:57:13 UTC completed_step=13200 elapsed_seconds=672.481 learning_rate=0.000468665
2026-09-21 04:57:13 UTC completed_step=13216 elapsed_seconds=673.14 learning_rate=0.000468373
2026-09-21 04:57:14 UTC completed_step=13232 elapsed_seconds=673.797 learning_rate=0.000468081
2026-09-21 04:57:15 UTC completed_step=13248 elapsed_seconds=674.456 learning_rate=0.000467789
2026-09-21 04:57:15 UTC completed_step=13264 elapsed_seconds=675.114 learning_rate=0.000467496
2026-09-21 04:57:16 UTC completed_step=13280 elapsed_seconds=675.771 learning_rate=0.000467203
2026-09-21 04:57:17 UTC completed_step=13296 elapsed_seconds=676.429 learning_rate=0.00046691
2026-09-21 04:57:17 UTC completed_step=13312 elapsed_seconds=677.087 learning_rate=0.000466617
2026-09-21 04:57:19 UTC step=13312 elapsed_seconds=678.34 mean_loss=0.00899474 errors=10/10002 exact_sentences=1014/1024
2026-09-21 04:57:19 UTC completed_step=13328 elapsed_seconds=679.005 learning_rate=0.000466323
2026-09-21 04:57:20 UTC completed_step=13344 elapsed_seconds=679.663 learning_rate=0.00046603
2026-09-21 04:57:21 UTC completed_step=13360 elapsed_seconds=680.321 learning_rate=0.000465736
2026-09-21 04:57:21 UTC completed_step=13376 elapsed_seconds=680.978 learning_rate=0.000465442
2026-09-21 04:57:22 UTC completed_step=13392 elapsed_seconds=681.637 learning_rate=0.000465147
2026-09-21 04:57:23 UTC completed_step=13408 elapsed_seconds=682.296 learning_rate=0.000464853
2026-09-21 04:57:23 UTC completed_step=13424 elapsed_seconds=682.955 learning_rate=0.000464558
2026-09-21 04:57:24 UTC completed_step=13440 elapsed_seconds=683.613 learning_rate=0.000464263
2026-09-21 04:57:25 UTC step=13440 elapsed_seconds=684.871 mean_loss=0.00887796 errors=11/10002 exact_sentences=1013/1024
2026-09-21 04:57:26 UTC completed_step=13456 elapsed_seconds=685.534 learning_rate=0.000463968
2026-09-21 04:57:26 UTC completed_step=13472 elapsed_seconds=686.191 learning_rate=0.000463672
2026-09-21 04:57:27 UTC completed_step=13488 elapsed_seconds=686.848 learning_rate=0.000463377
2026-09-21 04:57:28 UTC completed_step=13504 elapsed_seconds=687.505 learning_rate=0.000463081
2026-09-21 04:57:28 UTC completed_step=13520 elapsed_seconds=688.162 learning_rate=0.000462785
2026-09-21 04:57:29 UTC completed_step=13536 elapsed_seconds=688.819 learning_rate=0.000462488
2026-09-21 04:57:30 UTC completed_step=13552 elapsed_seconds=689.476 learning_rate=0.000462192
2026-09-21 04:57:30 UTC completed_step=13568 elapsed_seconds=690.132 learning_rate=0.000461895
2026-09-21 04:57:32 UTC step=13568 elapsed_seconds=691.382 mean_loss=0.00806774 errors=11/10002 exact_sentences=1013/1024
2026-09-21 04:57:32 UTC completed_step=13584 elapsed_seconds=692.043 learning_rate=0.000461598
2026-09-21 04:57:33 UTC completed_step=13600 elapsed_seconds=692.699 learning_rate=0.000461301
2026-09-21 04:57:34 UTC completed_step=13616 elapsed_seconds=693.354 learning_rate=0.000461004
2026-09-21 04:57:34 UTC completed_step=13632 elapsed_seconds=694.008 learning_rate=0.000460706
2026-09-21 04:57:35 UTC completed_step=13648 elapsed_seconds=694.662 learning_rate=0.000460409
2026-09-21 04:57:36 UTC completed_step=13664 elapsed_seconds=695.317 learning_rate=0.000460111
2026-09-21 04:57:36 UTC completed_step=13680 elapsed_seconds=695.972 learning_rate=0.000459813
2026-09-21 04:57:37 UTC completed_step=13696 elapsed_seconds=696.626 learning_rate=0.000459514
2026-09-21 04:57:38 UTC step=13696 elapsed_seconds=697.874 mean_loss=0.0065878 errors=8/10002 exact_sentences=1017/1024
2026-09-21 04:57:39 UTC completed_step=13712 elapsed_seconds=698.533 learning_rate=0.000459216
2026-09-21 04:57:39 UTC completed_step=13728 elapsed_seconds=699.188 learning_rate=0.000458917
2026-09-21 04:57:40 UTC completed_step=13744 elapsed_seconds=699.843 learning_rate=0.000458618
2026-09-21 04:57:41 UTC completed_step=13760 elapsed_seconds=700.498 learning_rate=0.000458319
2026-09-21 04:57:41 UTC completed_step=13776 elapsed_seconds=701.152 learning_rate=0.000458019
2026-09-21 04:57:42 UTC completed_step=13792 elapsed_seconds=701.806 learning_rate=0.00045772
2026-09-21 04:57:43 UTC completed_step=13808 elapsed_seconds=702.461 learning_rate=0.00045742
2026-09-21 04:57:43 UTC completed_step=13824 elapsed_seconds=703.116 learning_rate=0.00045712
2026-09-21 04:57:45 UTC step=13824 elapsed_seconds=704.376 mean_loss=0.0063556 errors=5/10002 exact_sentences=1019/1024
2026-09-21 04:57:45 UTC completed_step=13840 elapsed_seconds=705.04 learning_rate=0.00045682
2026-09-21 04:57:46 UTC completed_step=13856 elapsed_seconds=705.7 learning_rate=0.00045652
2026-09-21 04:57:47 UTC completed_step=13872 elapsed_seconds=706.358 learning_rate=0.000456219
2026-09-21 04:57:47 UTC completed_step=13888 elapsed_seconds=707.016 learning_rate=0.000455918
2026-09-21 04:57:48 UTC completed_step=13904 elapsed_seconds=707.674 learning_rate=0.000455617
2026-09-21 04:57:49 UTC completed_step=13920 elapsed_seconds=708.33 learning_rate=0.000455316
2026-09-21 04:57:49 UTC completed_step=13936 elapsed_seconds=708.987 learning_rate=0.000455015
2026-09-21 04:57:50 UTC completed_step=13952 elapsed_seconds=709.644 learning_rate=0.000454713
2026-09-21 04:57:51 UTC step=13952 elapsed_seconds=710.884 mean_loss=0.00761127 errors=11/10002 exact_sentences=1013/1024
2026-09-21 04:57:52 UTC completed_step=13968 elapsed_seconds=711.546 learning_rate=0.000454411
2026-09-21 04:57:52 UTC completed_step=13984 elapsed_seconds=712.202 learning_rate=0.000454109
2026-09-21 04:57:53 UTC completed_step=14000 elapsed_seconds=712.86 learning_rate=0.000453807
2026-09-21 04:57:54 UTC completed_step=14016 elapsed_seconds=713.517 learning_rate=0.000453505
2026-09-21 04:57:54 UTC completed_step=14032 elapsed_seconds=714.173 learning_rate=0.000453202
2026-09-21 04:57:55 UTC completed_step=14048 elapsed_seconds=714.829 learning_rate=0.000452899
2026-09-21 04:57:56 UTC completed_step=14064 elapsed_seconds=715.486 learning_rate=0.000452596
2026-09-21 04:57:56 UTC completed_step=14080 elapsed_seconds=716.142 learning_rate=0.000452293
2026-09-21 04:57:58 UTC step=14080 elapsed_seconds=717.387 mean_loss=0.00667753 errors=7/10002 exact_sentences=1017/1024
2026-09-21 04:57:58 UTC completed_step=14096 elapsed_seconds=718.051 learning_rate=0.00045199
2026-09-21 04:57:59 UTC completed_step=14112 elapsed_seconds=718.709 learning_rate=0.000451686
2026-09-21 04:58:00 UTC completed_step=14128 elapsed_seconds=719.369 learning_rate=0.000451383
2026-09-21 04:58:00 UTC completed_step=14144 elapsed_seconds=720.027 learning_rate=0.000451079
2026-09-21 04:58:01 UTC completed_step=14160 elapsed_seconds=720.684 learning_rate=0.000450775
2026-09-21 04:58:02 UTC completed_step=14176 elapsed_seconds=721.342 learning_rate=0.00045047
2026-09-21 04:58:02 UTC completed_step=14192 elapsed_seconds=722.001 learning_rate=0.000450166
2026-09-21 04:58:03 UTC completed_step=14208 elapsed_seconds=722.658 learning_rate=0.000449861
2026-09-21 04:58:04 UTC step=14208 elapsed_seconds=723.905 mean_loss=0.00760345 errors=11/10002 exact_sentences=1013/1024
2026-09-21 04:58:05 UTC completed_step=14224 elapsed_seconds=724.568 learning_rate=0.000449556
2026-09-21 04:58:06 UTC completed_step=14240 elapsed_seconds=725.226 learning_rate=0.000449251
2026-09-21 04:58:06 UTC completed_step=14256 elapsed_seconds=725.885 learning_rate=0.000448946
2026-09-21 04:58:07 UTC completed_step=14272 elapsed_seconds=726.543 learning_rate=0.00044864
2026-09-21 04:58:07 UTC completed_step=14288 elapsed_seconds=727.199 learning_rate=0.000448335
2026-09-21 04:58:08 UTC completed_step=14304 elapsed_seconds=727.857 learning_rate=0.000448029
2026-09-21 04:58:09 UTC completed_step=14320 elapsed_seconds=728.515 learning_rate=0.000447723
2026-09-21 04:58:09 UTC completed_step=14336 elapsed_seconds=729.172 learning_rate=0.000447417
2026-09-21 04:58:11 UTC step=14336 elapsed_seconds=730.429 mean_loss=0.00608848 errors=11/10002 exact_sentences=1014/1024
2026-09-21 04:58:11 UTC completed_step=14352 elapsed_seconds=731.093 learning_rate=0.00044711
2026-09-21 04:58:12 UTC completed_step=14368 elapsed_seconds=731.749 learning_rate=0.000446804
2026-09-21 04:58:13 UTC completed_step=14384 elapsed_seconds=732.406 learning_rate=0.000446497
2026-09-21 04:58:13 UTC completed_step=14400 elapsed_seconds=733.063 learning_rate=0.00044619
2026-09-21 04:58:14 UTC completed_step=14416 elapsed_seconds=733.72 learning_rate=0.000445883
2026-09-21 04:58:15 UTC completed_step=14432 elapsed_seconds=734.375 learning_rate=0.000445576
2026-09-21 04:58:15 UTC completed_step=14448 elapsed_seconds=735.032 learning_rate=0.000445268
2026-09-21 04:58:16 UTC completed_step=14464 elapsed_seconds=735.688 learning_rate=0.00044496
2026-09-21 04:58:17 UTC step=14464 elapsed_seconds=736.966 mean_loss=0.00812598 errors=8/10002 exact_sentences=1017/1024
2026-09-21 04:58:18 UTC completed_step=14480 elapsed_seconds=737.628 learning_rate=0.000444653
2026-09-21 04:58:19 UTC completed_step=14496 elapsed_seconds=738.284 learning_rate=0.000444345
2026-09-21 04:58:19 UTC completed_step=14512 elapsed_seconds=738.94 learning_rate=0.000444036
2026-09-21 04:58:20 UTC completed_step=14528 elapsed_seconds=739.597 learning_rate=0.000443728
2026-09-21 04:58:21 UTC completed_step=14544 elapsed_seconds=740.253 learning_rate=0.000443419
2026-09-21 04:58:21 UTC completed_step=14560 elapsed_seconds=740.91 learning_rate=0.000443111
2026-09-21 04:58:22 UTC completed_step=14576 elapsed_seconds=741.566 learning_rate=0.000442802
2026-09-21 04:58:23 UTC completed_step=14592 elapsed_seconds=742.223 learning_rate=0.000442492
2026-09-21 04:58:24 UTC step=14592 elapsed_seconds=743.478 mean_loss=0.00613662 errors=7/10002 exact_sentences=1017/1024
2026-09-21 04:58:24 UTC completed_step=14608 elapsed_seconds=744.14 learning_rate=0.000442183
2026-09-21 04:58:25 UTC completed_step=14624 elapsed_seconds=744.797 learning_rate=0.000441874
2026-09-21 04:58:26 UTC completed_step=14640 elapsed_seconds=745.454 learning_rate=0.000441564
2026-09-21 04:58:26 UTC completed_step=14656 elapsed_seconds=746.111 learning_rate=0.000441254
2026-09-21 04:58:27 UTC completed_step=14672 elapsed_seconds=746.767 learning_rate=0.000440944
2026-09-21 04:58:28 UTC completed_step=14688 elapsed_seconds=747.423 learning_rate=0.000440634
2026-09-21 04:58:28 UTC completed_step=14704 elapsed_seconds=748.08 learning_rate=0.000440324
2026-09-21 04:58:29 UTC completed_step=14720 elapsed_seconds=748.737 learning_rate=0.000440013
2026-09-21 04:58:30 UTC step=14720 elapsed_seconds=749.984 mean_loss=0.00530356 errors=10/10002 exact_sentences=1015/1024
2026-09-21 04:58:31 UTC completed_step=14736 elapsed_seconds=750.646 learning_rate=0.000439702
2026-09-21 04:58:32 UTC completed_step=14752 elapsed_seconds=751.304 learning_rate=0.000439391
2026-09-21 04:58:32 UTC completed_step=14768 elapsed_seconds=751.962 learning_rate=0.00043908
2026-09-21 04:58:33 UTC completed_step=14784 elapsed_seconds=752.62 learning_rate=0.000438769
2026-09-21 04:58:34 UTC completed_step=14800 elapsed_seconds=753.278 learning_rate=0.000438458
2026-09-21 04:58:34 UTC completed_step=14816 elapsed_seconds=753.935 learning_rate=0.000438146
2026-09-21 04:58:35 UTC completed_step=14832 elapsed_seconds=754.591 learning_rate=0.000437834
2026-09-21 04:58:36 UTC completed_step=14848 elapsed_seconds=755.248 learning_rate=0.000437523
2026-09-21 04:58:37 UTC step=14848 elapsed_seconds=756.495 mean_loss=0.00507277 errors=8/10002 exact_sentences=1016/1024
2026-09-21 04:58:37 UTC completed_step=14864 elapsed_seconds=757.158 learning_rate=0.00043721
2026-09-21 04:58:38 UTC completed_step=14880 elapsed_seconds=757.815 learning_rate=0.000436898
2026-09-21 04:58:39 UTC completed_step=14896 elapsed_seconds=758.471 learning_rate=0.000436586
2026-09-21 04:58:39 UTC completed_step=14912 elapsed_seconds=759.128 learning_rate=0.000436273
2026-09-21 04:58:40 UTC completed_step=14928 elapsed_seconds=759.784 learning_rate=0.00043596
2026-09-21 04:58:41 UTC completed_step=14944 elapsed_seconds=760.439 learning_rate=0.000435647
2026-09-21 04:58:41 UTC completed_step=14960 elapsed_seconds=761.1 learning_rate=0.000435334
2026-09-21 04:58:42 UTC completed_step=14976 elapsed_seconds=761.763 learning_rate=0.000435021
2026-09-21 04:58:43 UTC step=14976 elapsed_seconds=763.01 mean_loss=0.00426759 errors=5/10002 exact_sentences=1019/1024
2026-09-21 04:58:44 UTC completed_step=14992 elapsed_seconds=763.675 learning_rate=0.000434708
2026-09-21 04:58:45 UTC completed_step=15008 elapsed_seconds=764.337 learning_rate=0.000434394
2026-09-21 04:58:45 UTC completed_step=15024 elapsed_seconds=764.999 learning_rate=0.00043408
2026-09-21 04:58:46 UTC completed_step=15040 elapsed_seconds=765.66 learning_rate=0.000433766
2026-09-21 04:58:47 UTC completed_step=15056 elapsed_seconds=766.319 learning_rate=0.000433452
2026-09-21 04:58:47 UTC completed_step=15072 elapsed_seconds=766.978 learning_rate=0.000433138
2026-09-21 04:58:48 UTC completed_step=15088 elapsed_seconds=767.638 learning_rate=0.000432823
2026-09-21 04:58:49 UTC completed_step=15104 elapsed_seconds=768.298 learning_rate=0.000432509
2026-09-21 04:58:50 UTC step=15104 elapsed_seconds=769.54 mean_loss=0.00329487 errors=3/10002 exact_sentences=1021/1024
2026-09-21 04:58:51 UTC completed_step=15120 elapsed_seconds=770.205 learning_rate=0.000432194
2026-09-21 04:58:51 UTC completed_step=15136 elapsed_seconds=770.865 learning_rate=0.000431879
2026-09-21 04:58:52 UTC completed_step=15152 elapsed_seconds=771.524 learning_rate=0.000431564
2026-09-21 04:58:52 UTC completed_step=15168 elapsed_seconds=772.183 learning_rate=0.000431249
2026-09-21 04:58:53 UTC completed_step=15184 elapsed_seconds=772.842 learning_rate=0.000430933
2026-09-21 04:58:54 UTC completed_step=15200 elapsed_seconds=773.497 learning_rate=0.000430618
2026-09-21 04:58:54 UTC completed_step=15216 elapsed_seconds=774.153 learning_rate=0.000430302
2026-09-21 04:58:55 UTC completed_step=15232 elapsed_seconds=774.809 learning_rate=0.000429986
2026-09-21 04:58:56 UTC step=15232 elapsed_seconds=776.055 mean_loss=0.00587044 errors=7/10002 exact_sentences=1017/1024
2026-09-21 04:58:57 UTC completed_step=15248 elapsed_seconds=776.717 learning_rate=0.00042967
2026-09-21 04:58:58 UTC completed_step=15264 elapsed_seconds=777.377 learning_rate=0.000429354
2026-09-21 04:58:58 UTC completed_step=15280 elapsed_seconds=778.035 learning_rate=0.000429038
2026-09-21 04:58:59 UTC completed_step=15296 elapsed_seconds=778.692 learning_rate=0.000428721
2026-09-21 04:59:00 UTC completed_step=15312 elapsed_seconds=779.35 learning_rate=0.000428405
2026-09-21 04:59:00 UTC completed_step=15328 elapsed_seconds=780.008 learning_rate=0.000428088
2026-09-21 04:59:01 UTC completed_step=15344 elapsed_seconds=780.666 learning_rate=0.000427771
2026-09-21 04:59:02 UTC completed_step=15360 elapsed_seconds=781.323 learning_rate=0.000427454
2026-09-21 04:59:03 UTC step=15360 elapsed_seconds=782.592 mean_loss=0.00438767 errors=7/10002 exact_sentences=1017/1024
2026-09-21 04:59:04 UTC completed_step=15376 elapsed_seconds=783.255 learning_rate=0.000427136
2026-09-21 04:59:04 UTC completed_step=15392 elapsed_seconds=783.912 learning_rate=0.000426819
2026-09-21 04:59:05 UTC completed_step=15408 elapsed_seconds=784.57 learning_rate=0.000426501
2026-09-21 04:59:06 UTC completed_step=15424 elapsed_seconds=785.233 learning_rate=0.000426184
2026-09-21 04:59:06 UTC completed_step=15440 elapsed_seconds=785.895 learning_rate=0.000425866
2026-09-21 04:59:07 UTC completed_step=15456 elapsed_seconds=786.556 learning_rate=0.000425548
2026-09-21 04:59:08 UTC completed_step=15472 elapsed_seconds=787.217 learning_rate=0.000425229
2026-09-21 04:59:08 UTC completed_step=15488 elapsed_seconds=787.878 learning_rate=0.000424911
2026-09-21 04:59:09 UTC step=15488 elapsed_seconds=789.126 mean_loss=0.00415045 errors=3/10002 exact_sentences=1021/1024
2026-09-21 04:59:10 UTC completed_step=15504 elapsed_seconds=789.788 learning_rate=0.000424592
2026-09-21 04:59:11 UTC completed_step=15520 elapsed_seconds=790.446 learning_rate=0.000424274
2026-09-21 04:59:11 UTC completed_step=15536 elapsed_seconds=791.104 learning_rate=0.000423955
2026-09-21 04:59:12 UTC completed_step=15552 elapsed_seconds=791.762 learning_rate=0.000423636
2026-09-21 04:59:13 UTC completed_step=15568 elapsed_seconds=792.419 learning_rate=0.000423317
2026-09-21 04:59:13 UTC completed_step=15584 elapsed_seconds=793.078 learning_rate=0.000422998
2026-09-21 04:59:14 UTC completed_step=15600 elapsed_seconds=793.735 learning_rate=0.000422678
2026-09-21 04:59:15 UTC completed_step=15616 elapsed_seconds=794.393 learning_rate=0.000422359
2026-09-21 04:59:16 UTC step=15616 elapsed_seconds=795.665 mean_loss=0.00360251 errors=6/10002 exact_sentences=1019/1024
2026-09-21 04:59:17 UTC completed_step=15632 elapsed_seconds=796.327 learning_rate=0.000422039
2026-09-21 04:59:17 UTC completed_step=15648 elapsed_seconds=796.988 learning_rate=0.000421719
2026-09-21 04:59:18 UTC completed_step=15664 elapsed_seconds=797.649 learning_rate=0.000421399
2026-09-21 04:59:19 UTC completed_step=15680 elapsed_seconds=798.31 learning_rate=0.000421079
2026-09-21 04:59:19 UTC completed_step=15696 elapsed_seconds=798.97 learning_rate=0.000420759
2026-09-21 04:59:20 UTC completed_step=15712 elapsed_seconds=799.632 learning_rate=0.000420438
2026-09-21 04:59:21 UTC completed_step=15728 elapsed_seconds=800.292 learning_rate=0.000420118
2026-09-21 04:59:21 UTC completed_step=15744 elapsed_seconds=800.951 learning_rate=0.000419797
2026-09-21 04:59:22 UTC step=15744 elapsed_seconds=802.196 mean_loss=0.00536089 errors=7/10002 exact_sentences=1017/1024
2026-09-21 04:59:23 UTC completed_step=15760 elapsed_seconds=802.86 learning_rate=0.000419476
2026-09-21 04:59:24 UTC completed_step=15776 elapsed_seconds=803.52 learning_rate=0.000419155
2026-09-21 04:59:24 UTC completed_step=15792 elapsed_seconds=804.18 learning_rate=0.000418834
2026-09-21 04:59:25 UTC completed_step=15808 elapsed_seconds=804.84 learning_rate=0.000418513
2026-09-21 04:59:26 UTC completed_step=15824 elapsed_seconds=805.499 learning_rate=0.000418191
2026-09-21 04:59:26 UTC completed_step=15840 elapsed_seconds=806.159 learning_rate=0.00041787
2026-09-21 04:59:27 UTC completed_step=15856 elapsed_seconds=806.818 learning_rate=0.000417548
2026-09-21 04:59:28 UTC completed_step=15872 elapsed_seconds=807.474 learning_rate=0.000417226
2026-09-21 04:59:29 UTC step=15872 elapsed_seconds=808.748 mean_loss=0.00441954 errors=6/10002 exact_sentences=1018/1024
2026-09-21 04:59:30 UTC completed_step=15888 elapsed_seconds=809.41 learning_rate=0.000416904
2026-09-21 04:59:30 UTC completed_step=15904 elapsed_seconds=810.065 learning_rate=0.000416582
2026-09-21 04:59:31 UTC completed_step=15920 elapsed_seconds=810.721 learning_rate=0.00041626
2026-09-21 04:59:32 UTC completed_step=15936 elapsed_seconds=811.376 learning_rate=0.000415938
2026-09-21 04:59:32 UTC completed_step=15952 elapsed_seconds=812.032 learning_rate=0.000415615
2026-09-21 04:59:33 UTC completed_step=15968 elapsed_seconds=812.686 learning_rate=0.000415292
2026-09-21 04:59:34 UTC completed_step=15984 elapsed_seconds=813.341 learning_rate=0.00041497
2026-09-21 04:59:34 UTC completed_step=16000 elapsed_seconds=813.997 learning_rate=0.000414647
2026-09-21 04:59:36 UTC step=16000 elapsed_seconds=815.244 mean_loss=0.00431508 errors=5/10002 exact_sentences=1019/1024
2026-09-21 04:59:36 UTC completed_step=16016 elapsed_seconds=815.903 learning_rate=0.000414324
2026-09-21 04:59:37 UTC completed_step=16032 elapsed_seconds=816.558 learning_rate=0.000414001
2026-09-21 04:59:38 UTC completed_step=16048 elapsed_seconds=817.214 learning_rate=0.000413677
2026-09-21 04:59:38 UTC completed_step=16064 elapsed_seconds=817.869 learning_rate=0.000413354
2026-09-21 04:59:39 UTC completed_step=16080 elapsed_seconds=818.525 learning_rate=0.00041303
2026-09-21 04:59:39 UTC completed_step=16096 elapsed_seconds=819.183 learning_rate=0.000412706
2026-09-21 04:59:40 UTC completed_step=16112 elapsed_seconds=819.843 learning_rate=0.000412383
2026-09-21 04:59:41 UTC completed_step=16128 elapsed_seconds=820.504 learning_rate=0.000412059
2026-09-21 04:59:42 UTC step=16128 elapsed_seconds=821.75 mean_loss=0.0035545 errors=6/10002 exact_sentences=1018/1024
2026-09-21 04:59:43 UTC completed_step=16144 elapsed_seconds=822.412 learning_rate=0.000411734
2026-09-21 04:59:43 UTC completed_step=16160 elapsed_seconds=823.067 learning_rate=0.00041141
2026-09-21 04:59:44 UTC completed_step=16176 elapsed_seconds=823.724 learning_rate=0.000411086
2026-09-21 04:59:45 UTC completed_step=16192 elapsed_seconds=824.38 learning_rate=0.000410761
2026-09-21 04:59:45 UTC completed_step=16208 elapsed_seconds=825.037 learning_rate=0.000410437
2026-09-21 04:59:46 UTC completed_step=16224 elapsed_seconds=825.693 learning_rate=0.000410112
2026-09-21 04:59:47 UTC completed_step=16240 elapsed_seconds=826.348 learning_rate=0.000409787
2026-09-21 04:59:47 UTC completed_step=16256 elapsed_seconds=827.004 learning_rate=0.000409462
2026-09-21 04:59:49 UTC step=16256 elapsed_seconds=828.247 mean_loss=0.00453545 errors=9/10002 exact_sentences=1015/1024
2026-09-21 04:59:49 UTC completed_step=16272 elapsed_seconds=828.908 learning_rate=0.000409137
2026-09-21 04:59:50 UTC completed_step=16288 elapsed_seconds=829.564 learning_rate=0.000408812
2026-09-21 04:59:51 UTC completed_step=16304 elapsed_seconds=830.221 learning_rate=0.000408486
2026-09-21 04:59:51 UTC completed_step=16320 elapsed_seconds=830.879 learning_rate=0.000408161
2026-09-21 04:59:52 UTC completed_step=16336 elapsed_seconds=831.542 learning_rate=0.000407835
2026-09-21 04:59:52 UTC completed_step=16352 elapsed_seconds=832.205 learning_rate=0.000407509
2026-09-21 04:59:53 UTC completed_step=16368 elapsed_seconds=832.867 learning_rate=0.000407183
2026-09-21 04:59:54 UTC completed_step=16384 elapsed_seconds=833.528 learning_rate=0.000406857
2026-09-21 04:59:55 UTC step=16384 elapsed_seconds=834.786 mean_loss=0.00332933 errors=5/10002 exact_sentences=1019/1024
2026-09-21 04:59:56 UTC completed_step=16400 elapsed_seconds=835.455 learning_rate=0.000406531
2026-09-21 04:59:56 UTC completed_step=16416 elapsed_seconds=836.117 learning_rate=0.000406205
2026-09-21 04:59:57 UTC completed_step=16432 elapsed_seconds=836.778 learning_rate=0.000405879
2026-09-21 04:59:58 UTC completed_step=16448 elapsed_seconds=837.438 learning_rate=0.000405552
2026-09-21 04:59:58 UTC completed_step=16464 elapsed_seconds=838.1 learning_rate=0.000405226
2026-09-21 04:59:59 UTC completed_step=16480 elapsed_seconds=838.762 learning_rate=0.000404899
2026-09-21 05:00:00 UTC completed_step=16496 elapsed_seconds=839.423 learning_rate=0.000404572
2026-09-21 05:00:00 UTC completed_step=16512 elapsed_seconds=840.084 learning_rate=0.000404245
2026-09-21 05:00:02 UTC step=16512 elapsed_seconds=841.334 mean_loss=0.00235614 errors=3/10002 exact_sentences=1021/1024
2026-09-21 05:00:02 UTC completed_step=16528 elapsed_seconds=842 learning_rate=0.000403918
2026-09-21 05:00:03 UTC completed_step=16544 elapsed_seconds=842.66 learning_rate=0.000403591
2026-09-21 05:00:04 UTC completed_step=16560 elapsed_seconds=843.316 learning_rate=0.000403263
2026-09-21 05:00:04 UTC completed_step=16576 elapsed_seconds=843.973 learning_rate=0.000402936
2026-09-21 05:00:05 UTC completed_step=16592 elapsed_seconds=844.63 learning_rate=0.000402608
2026-09-21 05:00:06 UTC completed_step=16608 elapsed_seconds=845.286 learning_rate=0.000402281
2026-09-21 05:00:06 UTC completed_step=16624 elapsed_seconds=845.942 learning_rate=0.000401953
2026-09-21 05:00:07 UTC completed_step=16640 elapsed_seconds=846.598 learning_rate=0.000401625
2026-09-21 05:00:08 UTC step=16640 elapsed_seconds=847.841 mean_loss=0.00414603 errors=11/10002 exact_sentences=1013/1024
2026-09-21 05:00:09 UTC completed_step=16656 elapsed_seconds=848.503 learning_rate=0.000401297
2026-09-21 05:00:09 UTC completed_step=16672 elapsed_seconds=849.159 learning_rate=0.000400969
2026-09-21 05:00:10 UTC completed_step=16688 elapsed_seconds=849.815 learning_rate=0.000400641
2026-09-21 05:00:11 UTC completed_step=16704 elapsed_seconds=850.472 learning_rate=0.000400312
2026-09-21 05:00:11 UTC completed_step=16720 elapsed_seconds=851.128 learning_rate=0.000399984
2026-09-21 05:00:12 UTC completed_step=16736 elapsed_seconds=851.785 learning_rate=0.000399655
2026-09-21 05:00:13 UTC completed_step=16752 elapsed_seconds=852.441 learning_rate=0.000399327
2026-09-21 05:00:13 UTC completed_step=16768 elapsed_seconds=853.099 learning_rate=0.000398998
2026-09-21 05:00:15 UTC step=16768 elapsed_seconds=854.344 mean_loss=0.00316045 errors=5/10002 exact_sentences=1019/1024
2026-09-21 05:00:15 UTC completed_step=16784 elapsed_seconds=855.008 learning_rate=0.000398669
2026-09-21 05:00:16 UTC completed_step=16800 elapsed_seconds=855.668 learning_rate=0.00039834
2026-09-21 05:00:17 UTC completed_step=16816 elapsed_seconds=856.327 learning_rate=0.000398011
2026-09-21 05:00:17 UTC completed_step=16832 elapsed_seconds=856.986 learning_rate=0.000397681
2026-09-21 05:00:18 UTC completed_step=16848 elapsed_seconds=857.644 learning_rate=0.000397352
2026-09-21 05:00:19 UTC completed_step=16864 elapsed_seconds=858.305 learning_rate=0.000397023
2026-09-21 05:00:19 UTC completed_step=16880 elapsed_seconds=858.962 learning_rate=0.000396693
2026-09-21 05:00:20 UTC completed_step=16896 elapsed_seconds=859.62 learning_rate=0.000396364
2026-09-21 05:00:21 UTC step=16896 elapsed_seconds=860.867 mean_loss=0.00195839 errors=2/10002 exact_sentences=1022/1024
2026-09-21 05:00:22 UTC completed_step=16912 elapsed_seconds=861.531 learning_rate=0.000396034
2026-09-21 05:00:22 UTC completed_step=16928 elapsed_seconds=862.188 learning_rate=0.000395704
2026-09-21 05:00:23 UTC completed_step=16944 elapsed_seconds=862.846 learning_rate=0.000395374
2026-09-21 05:00:24 UTC completed_step=16960 elapsed_seconds=863.504 learning_rate=0.000395044
2026-09-21 05:00:24 UTC completed_step=16976 elapsed_seconds=864.162 learning_rate=0.000394714
2026-09-21 05:00:25 UTC completed_step=16992 elapsed_seconds=864.819 learning_rate=0.000394383
2026-09-21 05:00:26 UTC completed_step=17008 elapsed_seconds=865.482 learning_rate=0.000394053
2026-09-21 05:00:26 UTC completed_step=17024 elapsed_seconds=866.145 learning_rate=0.000393723
2026-09-21 05:00:28 UTC step=17024 elapsed_seconds=867.389 mean_loss=0.00321112 errors=7/10002 exact_sentences=1017/1024
2026-09-21 05:00:28 UTC completed_step=17040 elapsed_seconds=868.052 learning_rate=0.000393392
2026-09-21 05:00:29 UTC completed_step=17056 elapsed_seconds=868.711 learning_rate=0.000393061
2026-09-21 05:00:30 UTC completed_step=17072 elapsed_seconds=869.369 learning_rate=0.00039273
2026-09-21 05:00:30 UTC completed_step=17088 elapsed_seconds=870.027 learning_rate=0.0003924
2026-09-21 05:00:31 UTC completed_step=17104 elapsed_seconds=870.685 learning_rate=0.000392069
2026-09-21 05:00:32 UTC completed_step=17120 elapsed_seconds=871.342 learning_rate=0.000391738
2026-09-21 05:00:32 UTC completed_step=17136 elapsed_seconds=872 learning_rate=0.000391406
2026-09-21 05:00:33 UTC completed_step=17152 elapsed_seconds=872.657 learning_rate=0.000391075
2026-09-21 05:00:34 UTC step=17152 elapsed_seconds=873.898 mean_loss=0.00471977 errors=8/10002 exact_sentences=1016/1024
2026-09-21 05:00:35 UTC completed_step=17168 elapsed_seconds=874.558 learning_rate=0.000390744
2026-09-21 05:00:36 UTC completed_step=17184 elapsed_seconds=875.215 learning_rate=0.000390412
2026-09-21 05:00:36 UTC completed_step=17200 elapsed_seconds=875.873 learning_rate=0.000390081
2026-09-21 05:00:37 UTC completed_step=17216 elapsed_seconds=876.529 learning_rate=0.000389749
2026-09-21 05:00:37 UTC completed_step=17232 elapsed_seconds=877.188 learning_rate=0.000389417
2026-09-21 05:00:38 UTC completed_step=17248 elapsed_seconds=877.845 learning_rate=0.000389085
2026-09-21 05:00:39 UTC completed_step=17264 elapsed_seconds=878.503 learning_rate=0.000388753
2026-09-21 05:00:39 UTC completed_step=17280 elapsed_seconds=879.16 learning_rate=0.000388421
2026-09-21 05:00:41 UTC step=17280 elapsed_seconds=880.411 mean_loss=0.00230829 errors=4/10002 exact_sentences=1020/1024
2026-09-21 05:00:41 UTC completed_step=17296 elapsed_seconds=881.073 learning_rate=0.000388089
2026-09-21 05:00:42 UTC completed_step=17312 elapsed_seconds=881.734 learning_rate=0.000387757
2026-09-21 05:00:43 UTC completed_step=17328 elapsed_seconds=882.393 learning_rate=0.000387425
2026-09-21 05:00:43 UTC completed_step=17344 elapsed_seconds=883.051 learning_rate=0.000387092
2026-09-21 05:00:44 UTC completed_step=17360 elapsed_seconds=883.709 learning_rate=0.00038676
2026-09-21 05:00:45 UTC completed_step=17376 elapsed_seconds=884.368 learning_rate=0.000386427
2026-09-21 05:00:45 UTC completed_step=17392 elapsed_seconds=885.026 learning_rate=0.000386095
2026-09-21 05:00:46 UTC completed_step=17408 elapsed_seconds=885.685 learning_rate=0.000385762
2026-09-21 05:00:47 UTC step=17408 elapsed_seconds=886.934 mean_loss=0.00190663 errors=4/10002 exact_sentences=1020/1024
2026-09-21 05:00:48 UTC completed_step=17424 elapsed_seconds=887.598 learning_rate=0.000385429
2026-09-21 05:00:49 UTC completed_step=17440 elapsed_seconds=888.256 learning_rate=0.000385096
2026-09-21 05:00:49 UTC completed_step=17456 elapsed_seconds=888.917 learning_rate=0.000384763
2026-09-21 05:00:50 UTC completed_step=17472 elapsed_seconds=889.579 learning_rate=0.00038443
2026-09-21 05:00:51 UTC completed_step=17488 elapsed_seconds=890.241 learning_rate=0.000384097
2026-09-21 05:00:51 UTC completed_step=17504 elapsed_seconds=890.903 learning_rate=0.000383763
2026-09-21 05:00:52 UTC completed_step=17520 elapsed_seconds=891.565 learning_rate=0.00038343
2026-09-21 05:00:53 UTC completed_step=17536 elapsed_seconds=892.227 learning_rate=0.000383097
2026-09-21 05:00:54 UTC step=17536 elapsed_seconds=893.469 mean_loss=0.00229988 errors=5/10002 exact_sentences=1019/1024
2026-09-21 05:00:54 UTC completed_step=17552 elapsed_seconds=894.131 learning_rate=0.000382763
2026-09-21 05:00:55 UTC completed_step=17568 elapsed_seconds=894.787 learning_rate=0.000382429
2026-09-21 05:00:56 UTC completed_step=17584 elapsed_seconds=895.444 learning_rate=0.000382096
2026-09-21 05:00:56 UTC completed_step=17600 elapsed_seconds=896.1 learning_rate=0.000381762
2026-09-21 05:00:57 UTC completed_step=17616 elapsed_seconds=896.756 learning_rate=0.000381428
2026-09-21 05:00:58 UTC completed_step=17632 elapsed_seconds=897.412 learning_rate=0.000381094
2026-09-21 05:00:58 UTC completed_step=17648 elapsed_seconds=898.068 learning_rate=0.00038076
2026-09-21 05:00:59 UTC completed_step=17664 elapsed_seconds=898.724 learning_rate=0.000380426
2026-09-21 05:01:00 UTC step=17664 elapsed_seconds=899.978 mean_loss=0.00189721 errors=3/10002 exact_sentences=1021/1024
2026-09-21 05:01:01 UTC completed_step=17680 elapsed_seconds=900.639 learning_rate=0.000380092
2026-09-21 05:01:02 UTC completed_step=17696 elapsed_seconds=901.297 learning_rate=0.000379757
2026-09-21 05:01:02 UTC completed_step=17712 elapsed_seconds=901.954 learning_rate=0.000379423
2026-09-21 05:01:03 UTC completed_step=17728 elapsed_seconds=902.612 learning_rate=0.000379089
2026-09-21 05:01:04 UTC completed_step=17744 elapsed_seconds=903.269 learning_rate=0.000378754
2026-09-21 05:01:04 UTC completed_step=17760 elapsed_seconds=903.928 learning_rate=0.00037842
2026-09-21 05:01:05 UTC completed_step=17776 elapsed_seconds=904.585 learning_rate=0.000378085
2026-09-21 05:01:06 UTC completed_step=17792 elapsed_seconds=905.243 learning_rate=0.00037775
2026-09-21 05:01:07 UTC step=17792 elapsed_seconds=906.494 mean_loss=0.00149267 errors=2/10002 exact_sentences=1022/1024
2026-09-21 05:01:07 UTC completed_step=17808 elapsed_seconds=907.156 learning_rate=0.000377415
2026-09-21 05:01:08 UTC completed_step=17824 elapsed_seconds=907.813 learning_rate=0.00037708
2026-09-21 05:01:09 UTC completed_step=17840 elapsed_seconds=908.472 learning_rate=0.000376745
2026-09-21 05:01:09 UTC completed_step=17856 elapsed_seconds=909.13 learning_rate=0.00037641
2026-09-21 05:01:10 UTC completed_step=17872 elapsed_seconds=909.787 learning_rate=0.000376075
2026-09-21 05:01:11 UTC completed_step=17888 elapsed_seconds=910.445 learning_rate=0.00037574
2026-09-21 05:01:11 UTC completed_step=17904 elapsed_seconds=911.101 learning_rate=0.000375405
2026-09-21 05:01:12 UTC completed_step=17920 elapsed_seconds=911.756 learning_rate=0.000375069
2026-09-21 05:01:13 UTC step=17920 elapsed_seconds=913.003 mean_loss=0.00225185 errors=4/10002 exact_sentences=1020/1024
2026-09-21 05:01:14 UTC completed_step=17936 elapsed_seconds=913.664 learning_rate=0.000374734
2026-09-21 05:01:15 UTC completed_step=17952 elapsed_seconds=914.319 learning_rate=0.000374399
2026-09-21 05:01:15 UTC completed_step=17968 elapsed_seconds=914.974 learning_rate=0.000374063
2026-09-21 05:01:16 UTC completed_step=17984 elapsed_seconds=915.628 learning_rate=0.000373727
2026-09-21 05:01:17 UTC completed_step=18000 elapsed_seconds=916.283 learning_rate=0.000373392
2026-09-21 05:01:17 UTC completed_step=18016 elapsed_seconds=916.938 learning_rate=0.000373056
2026-09-21 05:01:18 UTC completed_step=18032 elapsed_seconds=917.593 learning_rate=0.00037272
2026-09-21 05:01:19 UTC completed_step=18048 elapsed_seconds=918.248 learning_rate=0.000372384
2026-09-21 05:01:20 UTC step=18048 elapsed_seconds=919.499 mean_loss=0.00181717 errors=3/10002 exact_sentences=1021/1024
2026-09-21 05:01:20 UTC completed_step=18064 elapsed_seconds=920.16 learning_rate=0.000372048
2026-09-21 05:01:21 UTC completed_step=18080 elapsed_seconds=920.815 learning_rate=0.000371712
2026-09-21 05:01:22 UTC completed_step=18096 elapsed_seconds=921.47 learning_rate=0.000371376
2026-09-21 05:01:22 UTC completed_step=18112 elapsed_seconds=922.125 learning_rate=0.00037104
2026-09-21 05:01:23 UTC completed_step=18128 elapsed_seconds=922.779 learning_rate=0.000370704
2026-09-21 05:01:24 UTC completed_step=18144 elapsed_seconds=923.438 learning_rate=0.000370368
2026-09-21 05:01:24 UTC completed_step=18160 elapsed_seconds=924.098 learning_rate=0.000370031
2026-09-21 05:01:25 UTC completed_step=18176 elapsed_seconds=924.757 learning_rate=0.000369695
2026-09-21 05:01:26 UTC step=18176 elapsed_seconds=926.037 mean_loss=0.00184394 errors=3/10002 exact_sentences=1021/1024
2026-09-21 05:01:27 UTC completed_step=18192 elapsed_seconds=926.697 learning_rate=0.000369358
2026-09-21 05:01:28 UTC completed_step=18208 elapsed_seconds=927.354 learning_rate=0.000369022
2026-09-21 05:01:28 UTC completed_step=18224 elapsed_seconds=928.01 learning_rate=0.000368685
2026-09-21 05:01:29 UTC completed_step=18240 elapsed_seconds=928.666 learning_rate=0.000368348
2026-09-21 05:01:30 UTC completed_step=18256 elapsed_seconds=929.322 learning_rate=0.000368012
2026-09-21 05:01:30 UTC completed_step=18272 elapsed_seconds=929.978 learning_rate=0.000367675
2026-09-21 05:01:31 UTC completed_step=18288 elapsed_seconds=930.634 learning_rate=0.000367338
2026-09-21 05:01:32 UTC completed_step=18304 elapsed_seconds=931.291 learning_rate=0.000367001
2026-09-21 05:01:33 UTC step=18304 elapsed_seconds=932.532 mean_loss=0.00222451 errors=4/10002 exact_sentences=1020/1024
2026-09-21 05:01:33 UTC completed_step=18320 elapsed_seconds=933.193 learning_rate=0.000366664
2026-09-21 05:01:34 UTC completed_step=18336 elapsed_seconds=933.849 learning_rate=0.000366327
2026-09-21 05:01:35 UTC completed_step=18352 elapsed_seconds=934.505 learning_rate=0.00036599
2026-09-21 05:01:35 UTC completed_step=18368 elapsed_seconds=935.163 learning_rate=0.000365653
2026-09-21 05:01:36 UTC completed_step=18384 elapsed_seconds=935.823 learning_rate=0.000365316
2026-09-21 05:01:37 UTC completed_step=18400 elapsed_seconds=936.483 learning_rate=0.000364979
2026-09-21 05:01:37 UTC completed_step=18416 elapsed_seconds=937.142 learning_rate=0.000364641
2026-09-21 05:01:38 UTC completed_step=18432 elapsed_seconds=937.802 learning_rate=0.000364304
2026-09-21 05:01:39 UTC step=18432 elapsed_seconds=939.047 mean_loss=0.00240199 errors=4/10002 exact_sentences=1020/1024
2026-09-21 05:01:40 UTC completed_step=18448 elapsed_seconds=939.713 learning_rate=0.000363967
2026-09-21 05:01:41 UTC completed_step=18464 elapsed_seconds=940.373 learning_rate=0.000363629
2026-09-21 05:01:41 UTC completed_step=18480 elapsed_seconds=941.032 learning_rate=0.000363292
2026-09-21 05:01:42 UTC completed_step=18496 elapsed_seconds=941.688 learning_rate=0.000362954
2026-09-21 05:01:43 UTC completed_step=18512 elapsed_seconds=942.346 learning_rate=0.000362616
2026-09-21 05:01:43 UTC completed_step=18528 elapsed_seconds=943.003 learning_rate=0.000362279
2026-09-21 05:01:44 UTC completed_step=18544 elapsed_seconds=943.662 learning_rate=0.000361941
2026-09-21 05:01:45 UTC completed_step=18560 elapsed_seconds=944.32 learning_rate=0.000361603
2026-09-21 05:01:46 UTC step=18560 elapsed_seconds=945.557 mean_loss=0.00188478 errors=2/10002 exact_sentences=1022/1024
2026-09-21 05:01:47 UTC completed_step=18576 elapsed_seconds=946.219 learning_rate=0.000361265
2026-09-21 05:01:47 UTC completed_step=18592 elapsed_seconds=946.879 learning_rate=0.000360927
2026-09-21 05:01:48 UTC completed_step=18608 elapsed_seconds=947.54 learning_rate=0.00036059
2026-09-21 05:01:48 UTC completed_step=18624 elapsed_seconds=948.2 learning_rate=0.000360252
2026-09-21 05:01:49 UTC completed_step=18640 elapsed_seconds=948.86 learning_rate=0.000359914
2026-09-21 05:01:50 UTC completed_step=18656 elapsed_seconds=949.52 learning_rate=0.000359575
2026-09-21 05:01:50 UTC completed_step=18672 elapsed_seconds=950.18 learning_rate=0.000359237
2026-09-21 05:01:51 UTC completed_step=18688 elapsed_seconds=950.841 learning_rate=0.000358899
2026-09-21 05:01:52 UTC step=18688 elapsed_seconds=952.086 mean_loss=0.00106691 errors=2/10002 exact_sentences=1022/1024
2026-09-21 05:01:53 UTC completed_step=18704 elapsed_seconds=952.751 learning_rate=0.000358561
2026-09-21 05:01:54 UTC completed_step=18720 elapsed_seconds=953.412 learning_rate=0.000358223
2026-09-21 05:01:54 UTC completed_step=18736 elapsed_seconds=954.072 learning_rate=0.000357884
2026-09-21 05:01:55 UTC completed_step=18752 elapsed_seconds=954.733 learning_rate=0.000357546
2026-09-21 05:01:56 UTC completed_step=18768 elapsed_seconds=955.394 learning_rate=0.000357208
2026-09-21 05:01:56 UTC completed_step=18784 elapsed_seconds=956.054 learning_rate=0.000356869
2026-09-21 05:01:57 UTC completed_step=18800 elapsed_seconds=956.715 learning_rate=0.000356531
2026-09-21 05:01:58 UTC completed_step=18816 elapsed_seconds=957.376 learning_rate=0.000356192
2026-09-21 05:01:59 UTC step=18816 elapsed_seconds=958.634 mean_loss=0.000591707 errors=1/10002 exact_sentences=1023/1024
2026-09-21 05:02:00 UTC completed_step=18832 elapsed_seconds=959.295 learning_rate=0.000355854
2026-09-21 05:02:00 UTC completed_step=18848 elapsed_seconds=959.952 learning_rate=0.000355515
2026-09-21 05:02:01 UTC completed_step=18864 elapsed_seconds=960.61 learning_rate=0.000355176
2026-09-21 05:02:02 UTC completed_step=18880 elapsed_seconds=961.268 learning_rate=0.000354838
2026-09-21 05:02:02 UTC completed_step=18896 elapsed_seconds=961.924 learning_rate=0.000354499
2026-09-21 05:02:03 UTC completed_step=18912 elapsed_seconds=962.58 learning_rate=0.00035416
2026-09-21 05:02:04 UTC completed_step=18928 elapsed_seconds=963.238 learning_rate=0.000353821
2026-09-21 05:02:04 UTC completed_step=18944 elapsed_seconds=963.894 learning_rate=0.000353483
2026-09-21 05:02:05 UTC step=18944 elapsed_seconds=965.143 mean_loss=0.00101808 errors=3/10002 exact_sentences=1021/1024
2026-09-21 05:02:06 UTC completed_step=18960 elapsed_seconds=965.806 learning_rate=0.000353144
2026-09-21 05:02:07 UTC completed_step=18976 elapsed_seconds=966.463 learning_rate=0.000352805
2026-09-21 05:02:07 UTC completed_step=18992 elapsed_seconds=967.12 learning_rate=0.000352466
2026-09-21 05:02:08 UTC completed_step=19008 elapsed_seconds=967.777 learning_rate=0.000352127
2026-09-21 05:02:09 UTC completed_step=19024 elapsed_seconds=968.432 learning_rate=0.000351788
2026-09-21 05:02:09 UTC completed_step=19040 elapsed_seconds=969.091 learning_rate=0.000351449
2026-09-21 05:02:10 UTC completed_step=19056 elapsed_seconds=969.753 learning_rate=0.00035111
2026-09-21 05:02:11 UTC completed_step=19072 elapsed_seconds=970.413 learning_rate=0.000350771
2026-09-21 05:02:12 UTC step=19072 elapsed_seconds=971.655 mean_loss=0.00400463 errors=10/10002 exact_sentences=1014/1024
2026-09-21 05:02:13 UTC completed_step=19088 elapsed_seconds=972.318 learning_rate=0.000350432
2026-09-21 05:02:13 UTC completed_step=19104 elapsed_seconds=972.976 learning_rate=0.000350092
2026-09-21 05:02:14 UTC completed_step=19120 elapsed_seconds=973.633 learning_rate=0.000349753
2026-09-21 05:02:15 UTC completed_step=19136 elapsed_seconds=974.292 learning_rate=0.000349414
2026-09-21 05:02:15 UTC completed_step=19152 elapsed_seconds=974.95 learning_rate=0.000349075
2026-09-21 05:02:16 UTC completed_step=19168 elapsed_seconds=975.606 learning_rate=0.000348735
2026-09-21 05:02:17 UTC completed_step=19184 elapsed_seconds=976.262 learning_rate=0.000348396
2026-09-21 05:02:17 UTC completed_step=19200 elapsed_seconds=976.918 learning_rate=0.000348057
2026-09-21 05:02:18 UTC step=19200 elapsed_seconds=978.156 mean_loss=0.00320926 errors=9/10002 exact_sentences=1015/1024
2026-09-21 05:02:19 UTC completed_step=19216 elapsed_seconds=978.817 learning_rate=0.000347717
2026-09-21 05:02:20 UTC completed_step=19232 elapsed_seconds=979.473 learning_rate=0.000347378
2026-09-21 05:02:20 UTC completed_step=19248 elapsed_seconds=980.129 learning_rate=0.000347038
2026-09-21 05:02:21 UTC completed_step=19264 elapsed_seconds=980.786 learning_rate=0.000346699
2026-09-21 05:02:22 UTC completed_step=19280 elapsed_seconds=981.446 learning_rate=0.000346359
2026-09-21 05:02:22 UTC completed_step=19296 elapsed_seconds=982.106 learning_rate=0.00034602
2026-09-21 05:02:23 UTC completed_step=19312 elapsed_seconds=982.767 learning_rate=0.00034568
2026-09-21 05:02:24 UTC completed_step=19328 elapsed_seconds=983.427 learning_rate=0.000345341
2026-09-21 05:02:25 UTC step=19328 elapsed_seconds=984.681 mean_loss=0.000707293 errors=1/10002 exact_sentences=1023/1024
2026-09-21 05:02:26 UTC completed_step=19344 elapsed_seconds=985.344 learning_rate=0.000345001
2026-09-21 05:02:26 UTC completed_step=19360 elapsed_seconds=986.004 learning_rate=0.000344661
2026-09-21 05:02:27 UTC completed_step=19376 elapsed_seconds=986.663 learning_rate=0.000344322
2026-09-21 05:02:28 UTC completed_step=19392 elapsed_seconds=987.321 learning_rate=0.000343982
2026-09-21 05:02:28 UTC completed_step=19408 elapsed_seconds=987.979 learning_rate=0.000343642
2026-09-21 05:02:29 UTC completed_step=19424 elapsed_seconds=988.637 learning_rate=0.000343303
2026-09-21 05:02:30 UTC completed_step=19440 elapsed_seconds=989.294 learning_rate=0.000342963
2026-09-21 05:02:30 UTC completed_step=19456 elapsed_seconds=989.953 learning_rate=0.000342623
2026-09-21 05:02:31 UTC step=19456 elapsed_seconds=991.195 mean_loss=0.000603052 errors=1/10002 exact_sentences=1023/1024
2026-09-21 05:02:32 UTC completed_step=19472 elapsed_seconds=991.858 learning_rate=0.000342283
2026-09-21 05:02:33 UTC completed_step=19488 elapsed_seconds=992.515 learning_rate=0.000341944
2026-09-21 05:02:33 UTC completed_step=19504 elapsed_seconds=993.174 learning_rate=0.000341604
2026-09-21 05:02:34 UTC completed_step=19520 elapsed_seconds=993.833 learning_rate=0.000341264
2026-09-21 05:02:35 UTC completed_step=19536 elapsed_seconds=994.492 learning_rate=0.000340924
2026-09-21 05:02:35 UTC completed_step=19552 elapsed_seconds=995.152 learning_rate=0.000340584
2026-09-21 05:02:36 UTC completed_step=19568 elapsed_seconds=995.811 learning_rate=0.000340244
2026-09-21 05:02:37 UTC completed_step=19584 elapsed_seconds=996.47 learning_rate=0.000339904
2026-09-21 05:02:38 UTC step=19584 elapsed_seconds=997.717 mean_loss=0.000835866 errors=3/10002 exact_sentences=1021/1024
2026-09-21 05:02:39 UTC completed_step=19600 elapsed_seconds=998.38 learning_rate=0.000339564
2026-09-21 05:02:39 UTC completed_step=19616 elapsed_seconds=999.036 learning_rate=0.000339225
2026-09-21 05:02:40 UTC completed_step=19632 elapsed_seconds=999.693 learning_rate=0.000338885
2026-09-21 05:02:41 UTC completed_step=19648 elapsed_seconds=1000.35 learning_rate=0.000338545
2026-09-21 05:02:41 UTC completed_step=19664 elapsed_seconds=1001.01 learning_rate=0.000338205
2026-09-21 05:02:42 UTC completed_step=19680 elapsed_seconds=1001.66 learning_rate=0.000337865
2026-09-21 05:02:43 UTC completed_step=19696 elapsed_seconds=1002.32 learning_rate=0.000337525
2026-09-21 05:02:43 UTC completed_step=19712 elapsed_seconds=1002.98 learning_rate=0.000337185
2026-09-21 05:02:45 UTC step=19712 elapsed_seconds=1004.22 mean_loss=0.00213888 errors=6/10002 exact_sentences=1018/1024
2026-09-21 05:02:45 UTC completed_step=19728 elapsed_seconds=1004.88 learning_rate=0.000336845
2026-09-21 05:02:46 UTC completed_step=19744 elapsed_seconds=1005.54 learning_rate=0.000336505
2026-09-21 05:02:46 UTC completed_step=19760 elapsed_seconds=1006.2 learning_rate=0.000336165
2026-09-21 05:02:47 UTC completed_step=19776 elapsed_seconds=1006.85 learning_rate=0.000335824
2026-09-21 05:02:48 UTC completed_step=19792 elapsed_seconds=1007.51 learning_rate=0.000335484
2026-09-21 05:02:48 UTC completed_step=19808 elapsed_seconds=1008.17 learning_rate=0.000335144
2026-09-21 05:02:49 UTC completed_step=19824 elapsed_seconds=1008.83 learning_rate=0.000334804
2026-09-21 05:02:50 UTC completed_step=19840 elapsed_seconds=1009.48 learning_rate=0.000334464
2026-09-21 05:02:51 UTC step=19840 elapsed_seconds=1010.72 mean_loss=0.00125901 errors=3/10002 exact_sentences=1021/1024
2026-09-21 05:02:52 UTC completed_step=19856 elapsed_seconds=1011.39 learning_rate=0.000334124
2026-09-21 05:02:52 UTC completed_step=19872 elapsed_seconds=1012.04 learning_rate=0.000333784
2026-09-21 05:02:53 UTC completed_step=19888 elapsed_seconds=1012.7 learning_rate=0.000333444
2026-09-21 05:02:54 UTC completed_step=19904 elapsed_seconds=1013.36 learning_rate=0.000333104
2026-09-21 05:02:54 UTC completed_step=19920 elapsed_seconds=1014.02 learning_rate=0.000332764
2026-09-21 05:02:55 UTC completed_step=19936 elapsed_seconds=1014.67 learning_rate=0.000332423
2026-09-21 05:02:56 UTC completed_step=19952 elapsed_seconds=1015.33 learning_rate=0.000332083
2026-09-21 05:02:56 UTC completed_step=19968 elapsed_seconds=1015.99 learning_rate=0.000331743
2026-09-21 05:02:58 UTC step=19968 elapsed_seconds=1017.24 mean_loss=0.00062557 errors=1/10002 exact_sentences=1023/1024
2026-09-21 05:02:58 UTC completed_step=19984 elapsed_seconds=1017.9 learning_rate=0.000331403
2026-09-21 05:02:59 UTC completed_step=20000 elapsed_seconds=1018.56 learning_rate=0.000331063
2026-09-21 05:03:00 UTC completed_step=20016 elapsed_seconds=1019.21 learning_rate=0.000330723
2026-09-21 05:03:00 UTC completed_step=20032 elapsed_seconds=1019.87 learning_rate=0.000330383
2026-09-21 05:03:01 UTC completed_step=20048 elapsed_seconds=1020.53 learning_rate=0.000330043
2026-09-21 05:03:01 UTC completed_step=20064 elapsed_seconds=1021.18 learning_rate=0.000329702
2026-09-21 05:03:02 UTC completed_step=20080 elapsed_seconds=1021.84 learning_rate=0.000329362
2026-09-21 05:03:03 UTC completed_step=20096 elapsed_seconds=1022.49 learning_rate=0.000329022
2026-09-21 05:03:04 UTC step=20096 elapsed_seconds=1023.74 mean_loss=0.000498131 errors=1/10002 exact_sentences=1023/1024
2026-09-21 05:03:05 UTC completed_step=20112 elapsed_seconds=1024.4 learning_rate=0.000328682
2026-09-21 05:03:05 UTC completed_step=20128 elapsed_seconds=1025.06 learning_rate=0.000328342
2026-09-21 05:03:06 UTC completed_step=20144 elapsed_seconds=1025.71 learning_rate=0.000328002
2026-09-21 05:03:07 UTC completed_step=20160 elapsed_seconds=1026.37 learning_rate=0.000327662
2026-09-21 05:03:07 UTC completed_step=20176 elapsed_seconds=1027.03 learning_rate=0.000327321
2026-09-21 05:03:08 UTC completed_step=20192 elapsed_seconds=1027.69 learning_rate=0.000326981
2026-09-21 05:03:09 UTC completed_step=20208 elapsed_seconds=1028.35 learning_rate=0.000326641
2026-09-21 05:03:09 UTC completed_step=20224 elapsed_seconds=1029.01 learning_rate=0.000326301
2026-09-21 05:03:11 UTC step=20224 elapsed_seconds=1030.26 mean_loss=0.000413883 errors=1/10002 exact_sentences=1023/1024
2026-09-21 05:03:11 UTC completed_step=20240 elapsed_seconds=1030.92 learning_rate=0.000325961
2026-09-21 05:03:12 UTC completed_step=20256 elapsed_seconds=1031.58 learning_rate=0.000325621
2026-09-21 05:03:13 UTC completed_step=20272 elapsed_seconds=1032.24 learning_rate=0.000325281
2026-09-21 05:03:13 UTC completed_step=20288 elapsed_seconds=1032.89 learning_rate=0.000324941
2026-09-21 05:03:14 UTC completed_step=20304 elapsed_seconds=1033.55 learning_rate=0.000324601
2026-09-21 05:03:14 UTC completed_step=20320 elapsed_seconds=1034.2 learning_rate=0.000324261
2026-09-21 05:03:15 UTC completed_step=20336 elapsed_seconds=1034.86 learning_rate=0.00032392
2026-09-21 05:03:16 UTC completed_step=20352 elapsed_seconds=1035.52 learning_rate=0.00032358
2026-09-21 05:03:17 UTC step=20352 elapsed_seconds=1036.76 mean_loss=0.000396276 errors=1/10002 exact_sentences=1023/1024
2026-09-21 05:03:18 UTC completed_step=20368 elapsed_seconds=1037.43 learning_rate=0.00032324
2026-09-21 05:03:18 UTC completed_step=20384 elapsed_seconds=1038.08 learning_rate=0.0003229
2026-09-21 05:03:19 UTC completed_step=20400 elapsed_seconds=1038.74 learning_rate=0.00032256
2026-09-21 05:03:20 UTC completed_step=20416 elapsed_seconds=1039.39 learning_rate=0.00032222
2026-09-21 05:03:20 UTC completed_step=20432 elapsed_seconds=1040.05 learning_rate=0.00032188
2026-09-21 05:03:21 UTC completed_step=20448 elapsed_seconds=1040.71 learning_rate=0.00032154
2026-09-21 05:03:22 UTC completed_step=20464 elapsed_seconds=1041.37 learning_rate=0.0003212
2026-09-21 05:03:22 UTC completed_step=20480 elapsed_seconds=1042.03 learning_rate=0.00032086
2026-09-21 05:03:24 UTC step=20480 elapsed_seconds=1043.3 mean_loss=0.000905896 errors=3/10002 exact_sentences=1021/1024
2026-09-21 05:03:24 UTC completed_step=20496 elapsed_seconds=1043.96 learning_rate=0.00032052
2026-09-21 05:03:25 UTC completed_step=20512 elapsed_seconds=1044.62 learning_rate=0.000320181
2026-09-21 05:03:26 UTC completed_step=20528 elapsed_seconds=1045.28 learning_rate=0.000319841
2026-09-21 05:03:26 UTC completed_step=20544 elapsed_seconds=1045.94 learning_rate=0.000319501
2026-09-21 05:03:27 UTC completed_step=20560 elapsed_seconds=1046.59 learning_rate=0.000319161
2026-09-21 05:03:28 UTC completed_step=20576 elapsed_seconds=1047.25 learning_rate=0.000318821
2026-09-21 05:03:28 UTC completed_step=20592 elapsed_seconds=1047.9 learning_rate=0.000318481
2026-09-21 05:03:29 UTC completed_step=20608 elapsed_seconds=1048.56 learning_rate=0.000318141
2026-09-21 05:03:30 UTC step=20608 elapsed_seconds=1049.81 mean_loss=0.00300739 errors=6/10002 exact_sentences=1018/1024
2026-09-21 05:03:31 UTC completed_step=20624 elapsed_seconds=1050.47 learning_rate=0.000317802
2026-09-21 05:03:31 UTC completed_step=20640 elapsed_seconds=1051.13 learning_rate=0.000317462
2026-09-21 05:03:32 UTC completed_step=20656 elapsed_seconds=1051.79 learning_rate=0.000317122
2026-09-21 05:03:33 UTC completed_step=20672 elapsed_seconds=1052.45 learning_rate=0.000316782
2026-09-21 05:03:33 UTC completed_step=20688 elapsed_seconds=1053.11 learning_rate=0.000316443
2026-09-21 05:03:34 UTC completed_step=20704 elapsed_seconds=1053.77 learning_rate=0.000316103
2026-09-21 05:03:35 UTC completed_step=20720 elapsed_seconds=1054.43 learning_rate=0.000315763
2026-09-21 05:03:35 UTC completed_step=20736 elapsed_seconds=1055.09 learning_rate=0.000315423
2026-09-21 05:03:37 UTC step=20736 elapsed_seconds=1056.33 mean_loss=0.000983278 errors=2/10002 exact_sentences=1022/1024
2026-09-21 05:03:37 UTC completed_step=20752 elapsed_seconds=1057 learning_rate=0.000315084
2026-09-21 05:03:38 UTC completed_step=20768 elapsed_seconds=1057.66 learning_rate=0.000314744
2026-09-21 05:03:39 UTC completed_step=20784 elapsed_seconds=1058.32 learning_rate=0.000314405
2026-09-21 05:03:39 UTC completed_step=20800 elapsed_seconds=1058.98 learning_rate=0.000314065
2026-09-21 05:03:40 UTC completed_step=20816 elapsed_seconds=1059.65 learning_rate=0.000313726
2026-09-21 05:03:41 UTC completed_step=20832 elapsed_seconds=1060.31 learning_rate=0.000313386
2026-09-21 05:03:41 UTC completed_step=20848 elapsed_seconds=1060.97 learning_rate=0.000313047
2026-09-21 05:03:42 UTC completed_step=20864 elapsed_seconds=1061.63 learning_rate=0.000312707
2026-09-21 05:03:43 UTC step=20864 elapsed_seconds=1062.87 mean_loss=0.000694017 errors=2/10002 exact_sentences=1022/1024
2026-09-21 05:03:44 UTC completed_step=20880 elapsed_seconds=1063.54 learning_rate=0.000312368
2026-09-21 05:03:44 UTC completed_step=20896 elapsed_seconds=1064.2 learning_rate=0.000312028
2026-09-21 05:03:45 UTC completed_step=20912 elapsed_seconds=1064.86 learning_rate=0.000311689
2026-09-21 05:03:46 UTC completed_step=20928 elapsed_seconds=1065.52 learning_rate=0.00031135
2026-09-21 05:03:46 UTC completed_step=20944 elapsed_seconds=1066.18 learning_rate=0.00031101
2026-09-21 05:03:47 UTC completed_step=20960 elapsed_seconds=1066.84 learning_rate=0.000310671
2026-09-21 05:03:48 UTC completed_step=20976 elapsed_seconds=1067.5 learning_rate=0.000310332
2026-09-21 05:03:48 UTC completed_step=20992 elapsed_seconds=1068.15 learning_rate=0.000309992
2026-09-21 05:03:50 UTC step=20992 elapsed_seconds=1069.4 mean_loss=0.000372279 errors=1/10002 exact_sentences=1023/1024
2026-09-21 05:03:50 UTC completed_step=21008 elapsed_seconds=1070.07 learning_rate=0.000309653
2026-09-21 05:03:51 UTC completed_step=21024 elapsed_seconds=1070.73 learning_rate=0.000309314
2026-09-21 05:03:52 UTC completed_step=21040 elapsed_seconds=1071.38 learning_rate=0.000308975
2026-09-21 05:03:52 UTC completed_step=21056 elapsed_seconds=1072.04 learning_rate=0.000308636
2026-09-21 05:03:53 UTC completed_step=21072 elapsed_seconds=1072.7 learning_rate=0.000308297
2026-09-21 05:03:54 UTC completed_step=21088 elapsed_seconds=1073.36 learning_rate=0.000307958
2026-09-21 05:03:54 UTC completed_step=21104 elapsed_seconds=1074.01 learning_rate=0.000307619
2026-09-21 05:03:55 UTC completed_step=21120 elapsed_seconds=1074.67 learning_rate=0.00030728
2026-09-21 05:03:56 UTC step=21120 elapsed_seconds=1075.91 mean_loss=0.000348863 errors=1/10002 exact_sentences=1023/1024
2026-09-21 05:03:57 UTC completed_step=21136 elapsed_seconds=1076.57 learning_rate=0.000306941
2026-09-21 05:03:58 UTC completed_step=21152 elapsed_seconds=1077.24 learning_rate=0.000306602
2026-09-21 05:03:58 UTC completed_step=21168 elapsed_seconds=1077.89 learning_rate=0.000306263
2026-09-21 05:03:59 UTC completed_step=21184 elapsed_seconds=1078.56 learning_rate=0.000305924
2026-09-21 05:04:00 UTC completed_step=21200 elapsed_seconds=1079.22 learning_rate=0.000305586
2026-09-21 05:04:00 UTC completed_step=21216 elapsed_seconds=1079.87 learning_rate=0.000305247
2026-09-21 05:04:01 UTC completed_step=21232 elapsed_seconds=1080.53 learning_rate=0.000304908
2026-09-21 05:04:01 UTC completed_step=21248 elapsed_seconds=1081.19 learning_rate=0.00030457
2026-09-21 05:04:03 UTC step=21248 elapsed_seconds=1082.44 mean_loss=0.000330819 errors=1/10002 exact_sentences=1023/1024
2026-09-21 05:04:03 UTC completed_step=21264 elapsed_seconds=1083.11 learning_rate=0.000304231
2026-09-21 05:04:04 UTC completed_step=21280 elapsed_seconds=1083.76 learning_rate=0.000303892
2026-09-21 05:04:05 UTC completed_step=21296 elapsed_seconds=1084.42 learning_rate=0.000303554
2026-09-21 05:04:05 UTC completed_step=21312 elapsed_seconds=1085.08 learning_rate=0.000303215
2026-09-21 05:04:06 UTC completed_step=21328 elapsed_seconds=1085.74 learning_rate=0.000302877
2026-09-21 05:04:07 UTC completed_step=21344 elapsed_seconds=1086.4 learning_rate=0.000302539
2026-09-21 05:04:07 UTC completed_step=21360 elapsed_seconds=1087.06 learning_rate=0.0003022
2026-09-21 05:04:08 UTC completed_step=21376 elapsed_seconds=1087.72 learning_rate=0.000301862
2026-09-21 05:04:09 UTC step=21376 elapsed_seconds=1088.97 mean_loss=0.000370639 errors=1/10002 exact_sentences=1023/1024
2026-09-21 05:04:10 UTC completed_step=21392 elapsed_seconds=1089.63 learning_rate=0.000301524
2026-09-21 05:04:11 UTC completed_step=21408 elapsed_seconds=1090.29 learning_rate=0.000301185
2026-09-21 05:04:11 UTC completed_step=21424 elapsed_seconds=1090.94 learning_rate=0.000300847
2026-09-21 05:04:12 UTC completed_step=21440 elapsed_seconds=1091.6 learning_rate=0.000300509
2026-09-21 05:04:13 UTC completed_step=21456 elapsed_seconds=1092.26 learning_rate=0.000300171
2026-09-21 05:04:13 UTC completed_step=21472 elapsed_seconds=1092.91 learning_rate=0.000299833
2026-09-21 05:04:14 UTC completed_step=21488 elapsed_seconds=1093.57 learning_rate=0.000299495
2026-09-21 05:04:15 UTC completed_step=21504 elapsed_seconds=1094.23 learning_rate=0.000299157
2026-09-21 05:04:16 UTC step=21504 elapsed_seconds=1095.47 mean_loss=0.00171435 errors=3/10002 exact_sentences=1021/1024
2026-09-21 05:04:16 UTC completed_step=21520 elapsed_seconds=1096.13 learning_rate=0.000298819
2026-09-21 05:04:17 UTC completed_step=21536 elapsed_seconds=1096.79 learning_rate=0.000298481
2026-09-21 05:04:18 UTC completed_step=21552 elapsed_seconds=1097.45 learning_rate=0.000298144
2026-09-21 05:04:18 UTC completed_step=21568 elapsed_seconds=1098.1 learning_rate=0.000297806
2026-09-21 05:04:19 UTC completed_step=21584 elapsed_seconds=1098.76 learning_rate=0.000297468
2026-09-21 05:04:20 UTC completed_step=21600 elapsed_seconds=1099.42 learning_rate=0.00029713
2026-09-21 05:04:20 UTC completed_step=21616 elapsed_seconds=1100.07 learning_rate=0.000296793
2026-09-21 05:04:21 UTC completed_step=21632 elapsed_seconds=1100.73 learning_rate=0.000296455
2026-09-21 05:04:22 UTC step=21632 elapsed_seconds=1101.98 mean_loss=0.000681648 errors=2/10002 exact_sentences=1022/1024
2026-09-21 05:04:23 UTC completed_step=21648 elapsed_seconds=1102.64 learning_rate=0.000296118
2026-09-21 05:04:24 UTC completed_step=21664 elapsed_seconds=1103.3 learning_rate=0.00029578
2026-09-21 05:04:24 UTC completed_step=21680 elapsed_seconds=1103.95 learning_rate=0.000295443
2026-09-21 05:04:25 UTC completed_step=21696 elapsed_seconds=1104.61 learning_rate=0.000295106
2026-09-21 05:04:26 UTC completed_step=21712 elapsed_seconds=1105.27 learning_rate=0.000294768
2026-09-21 05:04:26 UTC completed_step=21728 elapsed_seconds=1105.92 learning_rate=0.000294431
2026-09-21 05:04:27 UTC completed_step=21744 elapsed_seconds=1106.58 learning_rate=0.000294094
2026-09-21 05:04:28 UTC completed_step=21760 elapsed_seconds=1107.24 learning_rate=0.000293757
2026-09-21 05:04:29 UTC step=21760 elapsed_seconds=1108.48 mean_loss=0.00037065 errors=1/10002 exact_sentences=1023/1024
2026-09-21 05:04:29 UTC completed_step=21776 elapsed_seconds=1109.15 learning_rate=0.00029342
2026-09-21 05:04:30 UTC completed_step=21792 elapsed_seconds=1109.81 learning_rate=0.000293083
2026-09-21 05:04:31 UTC completed_step=21808 elapsed_seconds=1110.47 learning_rate=0.000292746
2026-09-21 05:04:31 UTC completed_step=21824 elapsed_seconds=1111.12 learning_rate=0.000292409
2026-09-21 05:04:32 UTC completed_step=21840 elapsed_seconds=1111.78 learning_rate=0.000292072
2026-09-21 05:04:33 UTC completed_step=21856 elapsed_seconds=1112.44 learning_rate=0.000291736
2026-09-21 05:04:33 UTC completed_step=21872 elapsed_seconds=1113.1 learning_rate=0.000291399
2026-09-21 05:04:34 UTC completed_step=21888 elapsed_seconds=1113.76 learning_rate=0.000291062
2026-09-21 05:04:35 UTC step=21888 elapsed_seconds=1115.01 mean_loss=0.000331831 errors=1/10002 exact_sentences=1023/1024
2026-09-21 05:04:36 UTC completed_step=21904 elapsed_seconds=1115.67 learning_rate=0.000290726
2026-09-21 05:04:37 UTC completed_step=21920 elapsed_seconds=1116.33 learning_rate=0.000290389
2026-09-21 05:04:37 UTC completed_step=21936 elapsed_seconds=1116.98 learning_rate=0.000290053
2026-09-21 05:04:38 UTC completed_step=21952 elapsed_seconds=1117.64 learning_rate=0.000289717
2026-09-21 05:04:39 UTC completed_step=21968 elapsed_seconds=1118.29 learning_rate=0.00028938
2026-09-21 05:04:39 UTC completed_step=21984 elapsed_seconds=1118.95 learning_rate=0.000289044
2026-09-21 05:04:40 UTC completed_step=22000 elapsed_seconds=1119.61 learning_rate=0.000288708
2026-09-21 05:04:41 UTC completed_step=22016 elapsed_seconds=1120.27 learning_rate=0.000288372
2026-09-21 05:04:42 UTC step=22016 elapsed_seconds=1121.52 mean_loss=0.000295177 errors=1/10002 exact_sentences=1023/1024
2026-09-21 05:04:42 UTC completed_step=22032 elapsed_seconds=1122.18 learning_rate=0.000288036
2026-09-21 05:04:43 UTC completed_step=22048 elapsed_seconds=1122.84 learning_rate=0.0002877
2026-09-21 05:04:44 UTC completed_step=22064 elapsed_seconds=1123.5 learning_rate=0.000287364
2026-09-21 05:04:44 UTC completed_step=22080 elapsed_seconds=1124.16 learning_rate=0.000287028
2026-09-21 05:04:45 UTC completed_step=22096 elapsed_seconds=1124.82 learning_rate=0.000286692
2026-09-21 05:04:46 UTC completed_step=22112 elapsed_seconds=1125.48 learning_rate=0.000286356
2026-09-21 05:04:46 UTC completed_step=22128 elapsed_seconds=1126.13 learning_rate=0.000286021
2026-09-21 05:04:47 UTC completed_step=22144 elapsed_seconds=1126.79 learning_rate=0.000285685
2026-09-21 05:04:48 UTC step=22144 elapsed_seconds=1128.05 mean_loss=0.000278701 errors=1/10002 exact_sentences=1023/1024
2026-09-21 05:04:49 UTC completed_step=22160 elapsed_seconds=1128.71 learning_rate=0.00028535
2026-09-21 05:04:50 UTC completed_step=22176 elapsed_seconds=1129.37 learning_rate=0.000285014
2026-09-21 05:04:50 UTC completed_step=22192 elapsed_seconds=1130.03 learning_rate=0.000284679
2026-09-21 05:04:51 UTC completed_step=22208 elapsed_seconds=1130.68 learning_rate=0.000284344
2026-09-21 05:04:52 UTC completed_step=22224 elapsed_seconds=1131.34 learning_rate=0.000284009
2026-09-21 05:04:52 UTC completed_step=22240 elapsed_seconds=1131.99 learning_rate=0.000283673
2026-09-21 05:04:53 UTC completed_step=22256 elapsed_seconds=1132.65 learning_rate=0.000283338
2026-09-21 05:04:54 UTC completed_step=22272 elapsed_seconds=1133.31 learning_rate=0.000283003
2026-09-21 05:04:55 UTC step=22272 elapsed_seconds=1134.55 mean_loss=0.000300515 errors=1/10002 exact_sentences=1023/1024
2026-09-21 05:04:56 UTC completed_step=22288 elapsed_seconds=1135.21 learning_rate=0.000282668
2026-09-21 05:04:56 UTC completed_step=22304 elapsed_seconds=1135.87 learning_rate=0.000282334
2026-09-21 05:04:57 UTC completed_step=22320 elapsed_seconds=1136.53 learning_rate=0.000281999
2026-09-21 05:04:57 UTC completed_step=22336 elapsed_seconds=1137.19 learning_rate=0.000281664
2026-09-21 05:04:58 UTC completed_step=22352 elapsed_seconds=1137.84 learning_rate=0.00028133
2026-09-21 05:04:59 UTC completed_step=22368 elapsed_seconds=1138.5 learning_rate=0.000280995
2026-09-21 05:04:59 UTC completed_step=22384 elapsed_seconds=1139.16 learning_rate=0.000280661
2026-09-21 05:05:00 UTC completed_step=22400 elapsed_seconds=1139.82 learning_rate=0.000280326
2026-09-21 05:05:01 UTC step=22400 elapsed_seconds=1141.06 mean_loss=0.000848498 errors=3/10002 exact_sentences=1021/1024
2026-09-21 05:05:02 UTC completed_step=22416 elapsed_seconds=1141.73 learning_rate=0.000279992
2026-09-21 05:05:03 UTC completed_step=22432 elapsed_seconds=1142.38 learning_rate=0.000279658
2026-09-21 05:05:03 UTC completed_step=22448 elapsed_seconds=1143.04 learning_rate=0.000279324
2026-09-21 05:05:04 UTC completed_step=22464 elapsed_seconds=1143.7 learning_rate=0.000278989
2026-09-21 05:05:05 UTC completed_step=22480 elapsed_seconds=1144.37 learning_rate=0.000278655
2026-09-21 05:05:05 UTC completed_step=22496 elapsed_seconds=1145.03 learning_rate=0.000278322
2026-09-21 05:05:06 UTC completed_step=22512 elapsed_seconds=1145.69 learning_rate=0.000277988
2026-09-21 05:05:07 UTC completed_step=22528 elapsed_seconds=1146.35 learning_rate=0.000277654
2026-09-21 05:05:08 UTC step=22528 elapsed_seconds=1147.61 mean_loss=0.0010773 errors=2/10002 exact_sentences=1022/1024
2026-09-21 05:05:09 UTC completed_step=22544 elapsed_seconds=1148.28 learning_rate=0.00027732
2026-09-21 05:05:09 UTC completed_step=22560 elapsed_seconds=1148.94 learning_rate=0.000276987
2026-09-21 05:05:10 UTC completed_step=22576 elapsed_seconds=1149.6 learning_rate=0.000276653
2026-09-21 05:05:11 UTC completed_step=22592 elapsed_seconds=1150.26 learning_rate=0.00027632
2026-09-21 05:05:11 UTC completed_step=22608 elapsed_seconds=1150.92 learning_rate=0.000275987
2026-09-21 05:05:12 UTC completed_step=22624 elapsed_seconds=1151.58 learning_rate=0.000275653
2026-09-21 05:05:13 UTC completed_step=22640 elapsed_seconds=1152.24 learning_rate=0.00027532
2026-09-21 05:05:13 UTC completed_step=22656 elapsed_seconds=1152.9 learning_rate=0.000274987
2026-09-21 05:05:14 UTC step=22656 elapsed_seconds=1154.14 mean_loss=0.000691818 errors=2/10002 exact_sentences=1022/1024
2026-09-21 05:05:15 UTC completed_step=22672 elapsed_seconds=1154.8 learning_rate=0.000274654
2026-09-21 05:05:16 UTC completed_step=22688 elapsed_seconds=1155.47 learning_rate=0.000274321
2026-09-21 05:05:16 UTC completed_step=22704 elapsed_seconds=1156.13 learning_rate=0.000273989
2026-09-21 05:05:17 UTC completed_step=22720 elapsed_seconds=1156.79 learning_rate=0.000273656
2026-09-21 05:05:18 UTC completed_step=22736 elapsed_seconds=1157.45 learning_rate=0.000273323
2026-09-21 05:05:18 UTC completed_step=22752 elapsed_seconds=1158.11 learning_rate=0.000272991
2026-09-21 05:05:19 UTC completed_step=22768 elapsed_seconds=1158.77 learning_rate=0.000272658
2026-09-21 05:05:20 UTC completed_step=22784 elapsed_seconds=1159.44 learning_rate=0.000272326
2026-09-21 05:05:21 UTC step=22784 elapsed_seconds=1160.69 mean_loss=0.000532941 errors=2/10002 exact_sentences=1022/1024
2026-09-21 05:05:22 UTC completed_step=22800 elapsed_seconds=1161.35 learning_rate=0.000271994
2026-09-21 05:05:22 UTC completed_step=22816 elapsed_seconds=1162.01 learning_rate=0.000271662
2026-09-21 05:05:23 UTC completed_step=22832 elapsed_seconds=1162.67 learning_rate=0.00027133
2026-09-21 05:05:24 UTC completed_step=22848 elapsed_seconds=1163.33 learning_rate=0.000270998
2026-09-21 05:05:24 UTC completed_step=22864 elapsed_seconds=1163.99 learning_rate=0.000270666
2026-09-21 05:05:25 UTC completed_step=22880 elapsed_seconds=1164.64 learning_rate=0.000270334
2026-09-21 05:05:26 UTC completed_step=22896 elapsed_seconds=1165.3 learning_rate=0.000270002
2026-09-21 05:05:26 UTC completed_step=22912 elapsed_seconds=1165.96 learning_rate=0.000269671
2026-09-21 05:05:27 UTC step=22912 elapsed_seconds=1167.2 mean_loss=0.000362048 errors=2/10002 exact_sentences=1022/1024
2026-09-21 05:05:28 UTC completed_step=22928 elapsed_seconds=1167.87 learning_rate=0.000269339
2026-09-21 05:05:29 UTC completed_step=22944 elapsed_seconds=1168.53 learning_rate=0.000269008
2026-09-21 05:05:29 UTC completed_step=22960 elapsed_seconds=1169.18 learning_rate=0.000268676
2026-09-21 05:05:30 UTC completed_step=22976 elapsed_seconds=1169.84 learning_rate=0.000268345
2026-09-21 05:05:31 UTC completed_step=22992 elapsed_seconds=1170.5 learning_rate=0.000268014
2026-09-21 05:05:31 UTC completed_step=23008 elapsed_seconds=1171.16 learning_rate=0.000267683
2026-09-21 05:05:32 UTC completed_step=23024 elapsed_seconds=1171.82 learning_rate=0.000267352
2026-09-21 05:05:33 UTC completed_step=23040 elapsed_seconds=1172.47 learning_rate=0.000267021
2026-09-21 05:05:34 UTC step=23040 elapsed_seconds=1173.72 mean_loss=0.000598434 errors=2/10002 exact_sentences=1022/1024
2026-09-21 05:05:35 UTC completed_step=23056 elapsed_seconds=1174.39 learning_rate=0.000266691
2026-09-21 05:05:35 UTC completed_step=23072 elapsed_seconds=1175.04 learning_rate=0.00026636
2026-09-21 05:05:36 UTC completed_step=23088 elapsed_seconds=1175.7 learning_rate=0.00026603
2026-09-21 05:05:37 UTC completed_step=23104 elapsed_seconds=1176.35 learning_rate=0.000265699
2026-09-21 05:05:37 UTC completed_step=23120 elapsed_seconds=1177.01 learning_rate=0.000265369
2026-09-21 05:05:38 UTC completed_step=23136 elapsed_seconds=1177.67 learning_rate=0.000265039
2026-09-21 05:05:39 UTC completed_step=23152 elapsed_seconds=1178.33 learning_rate=0.000264709
2026-09-21 05:05:39 UTC completed_step=23168 elapsed_seconds=1178.99 learning_rate=0.000264379
2026-09-21 05:05:41 UTC step=23168 elapsed_seconds=1180.24 mean_loss=0.000347781 errors=1/10002 exact_sentences=1023/1024
2026-09-21 05:05:41 UTC completed_step=23184 elapsed_seconds=1180.9 learning_rate=0.000264049
2026-09-21 05:05:42 UTC completed_step=23200 elapsed_seconds=1181.56 learning_rate=0.000263719
2026-09-21 05:05:43 UTC completed_step=23216 elapsed_seconds=1182.22 learning_rate=0.000263389
2026-09-21 05:05:43 UTC completed_step=23232 elapsed_seconds=1182.88 learning_rate=0.00026306
2026-09-21 05:05:44 UTC completed_step=23248 elapsed_seconds=1183.54 learning_rate=0.00026273
2026-09-21 05:05:44 UTC completed_step=23264 elapsed_seconds=1184.19 learning_rate=0.000262401
2026-09-21 05:05:45 UTC completed_step=23280 elapsed_seconds=1184.85 learning_rate=0.000262072
2026-09-21 05:05:46 UTC completed_step=23296 elapsed_seconds=1185.51 learning_rate=0.000261742
2026-09-21 05:05:47 UTC step=23296 elapsed_seconds=1186.76 mean_loss=0.000293609 errors=1/10002 exact_sentences=1023/1024
2026-09-21 05:05:48 UTC completed_step=23312 elapsed_seconds=1187.43 learning_rate=0.000261413
2026-09-21 05:05:48 UTC completed_step=23328 elapsed_seconds=1188.08 learning_rate=0.000261084
2026-09-21 05:05:49 UTC completed_step=23344 elapsed_seconds=1188.74 learning_rate=0.000260756
2026-09-21 05:05:50 UTC completed_step=23360 elapsed_seconds=1189.4 learning_rate=0.000260427
2026-09-21 05:05:50 UTC completed_step=23376 elapsed_seconds=1190.05 learning_rate=0.000260098
2026-09-21 05:05:51 UTC completed_step=23392 elapsed_seconds=1190.71 learning_rate=0.00025977
2026-09-21 05:05:52 UTC completed_step=23408 elapsed_seconds=1191.37 learning_rate=0.000259441
2026-09-21 05:05:52 UTC completed_step=23424 elapsed_seconds=1192.03 learning_rate=0.000259113
2026-09-21 05:05:54 UTC step=23424 elapsed_seconds=1193.27 mean_loss=0.000255548 errors=1/10002 exact_sentences=1023/1024
2026-09-21 05:05:54 UTC completed_step=23440 elapsed_seconds=1193.93 learning_rate=0.000258785
2026-09-21 05:05:55 UTC completed_step=23456 elapsed_seconds=1194.59 learning_rate=0.000258457
2026-09-21 05:05:56 UTC completed_step=23472 elapsed_seconds=1195.25 learning_rate=0.000258129
2026-09-21 05:05:56 UTC completed_step=23488 elapsed_seconds=1195.9 learning_rate=0.000257801
2026-09-21 05:05:57 UTC completed_step=23504 elapsed_seconds=1196.56 learning_rate=0.000257474
2026-09-21 05:05:58 UTC completed_step=23520 elapsed_seconds=1197.22 learning_rate=0.000257146
2026-09-21 05:05:58 UTC completed_step=23536 elapsed_seconds=1197.87 learning_rate=0.000256819
2026-09-21 05:05:59 UTC completed_step=23552 elapsed_seconds=1198.53 learning_rate=0.000256491
2026-09-21 05:06:00 UTC step=23552 elapsed_seconds=1199.78 mean_loss=0.000258331 errors=1/10002 exact_sentences=1023/1024
2026-09-21 05:06:01 UTC completed_step=23568 elapsed_seconds=1200.45 learning_rate=0.000256164
2026-09-21 05:06:01 UTC completed_step=23584 elapsed_seconds=1201.1 learning_rate=0.000255837
2026-09-21 05:06:02 UTC completed_step=23600 elapsed_seconds=1201.76 learning_rate=0.00025551
2026-09-21 05:06:03 UTC completed_step=23616 elapsed_seconds=1202.42 learning_rate=0.000255183
2026-09-21 05:06:03 UTC completed_step=23632 elapsed_seconds=1203.08 learning_rate=0.000254856
2026-09-21 05:06:04 UTC completed_step=23648 elapsed_seconds=1203.74 learning_rate=0.000254529
2026-09-21 05:06:05 UTC completed_step=23664 elapsed_seconds=1204.4 learning_rate=0.000254203
2026-09-21 05:06:05 UTC completed_step=23680 elapsed_seconds=1205.06 learning_rate=0.000253877
2026-09-21 05:06:07 UTC step=23680 elapsed_seconds=1206.3 mean_loss=0.00049713 errors=2/10002 exact_sentences=1022/1024
2026-09-21 05:06:07 UTC completed_step=23696 elapsed_seconds=1206.96 learning_rate=0.00025355
2026-09-21 05:06:08 UTC completed_step=23712 elapsed_seconds=1207.62 learning_rate=0.000253224
2026-09-21 05:06:09 UTC completed_step=23728 elapsed_seconds=1208.28 learning_rate=0.000252898
2026-09-21 05:06:09 UTC completed_step=23744 elapsed_seconds=1208.93 learning_rate=0.000252572
2026-09-21 05:06:10 UTC completed_step=23760 elapsed_seconds=1209.59 learning_rate=0.000252246
2026-09-21 05:06:11 UTC completed_step=23776 elapsed_seconds=1210.25 learning_rate=0.000251921
2026-09-21 05:06:11 UTC completed_step=23792 elapsed_seconds=1210.91 learning_rate=0.000251595
2026-09-21 05:06:12 UTC completed_step=23808 elapsed_seconds=1211.56 learning_rate=0.00025127
2026-09-21 05:06:13 UTC step=23808 elapsed_seconds=1212.84 mean_loss=0.000418382 errors=2/10002 exact_sentences=1022/1024
2026-09-21 05:06:14 UTC completed_step=23824 elapsed_seconds=1213.5 learning_rate=0.000250944
2026-09-21 05:06:14 UTC completed_step=23840 elapsed_seconds=1214.16 learning_rate=0.000250619
2026-09-21 05:06:15 UTC completed_step=23856 elapsed_seconds=1214.82 learning_rate=0.000250294
2026-09-21 05:06:16 UTC completed_step=23872 elapsed_seconds=1215.48 learning_rate=0.000249969
2026-09-21 05:06:16 UTC completed_step=23888 elapsed_seconds=1216.14 learning_rate=0.000249645
2026-09-21 05:06:17 UTC completed_step=23904 elapsed_seconds=1216.8 learning_rate=0.00024932
2026-09-21 05:06:18 UTC completed_step=23920 elapsed_seconds=1217.46 learning_rate=0.000248995
2026-09-21 05:06:18 UTC completed_step=23936 elapsed_seconds=1218.12 learning_rate=0.000248671
2026-09-21 05:06:20 UTC step=23936 elapsed_seconds=1219.36 mean_loss=0.00123078 errors=4/10002 exact_sentences=1020/1024
2026-09-21 05:06:20 UTC completed_step=23952 elapsed_seconds=1220.03 learning_rate=0.000248347
2026-09-21 05:06:21 UTC completed_step=23968 elapsed_seconds=1220.68 learning_rate=0.000248022
2026-09-21 05:06:22 UTC completed_step=23984 elapsed_seconds=1221.34 learning_rate=0.000247698
2026-09-21 05:06:22 UTC completed_step=24000 elapsed_seconds=1222 learning_rate=0.000247375
2026-09-21 05:06:23 UTC completed_step=24016 elapsed_seconds=1222.66 learning_rate=0.000247051
2026-09-21 05:06:24 UTC completed_step=24032 elapsed_seconds=1223.32 learning_rate=0.000246727
2026-09-21 05:06:24 UTC completed_step=24048 elapsed_seconds=1223.98 learning_rate=0.000246404
2026-09-21 05:06:25 UTC completed_step=24064 elapsed_seconds=1224.64 learning_rate=0.00024608
2026-09-21 05:06:26 UTC step=24064 elapsed_seconds=1225.89 mean_loss=0.000245278 errors=1/10002 exact_sentences=1023/1024
2026-09-21 05:06:27 UTC completed_step=24080 elapsed_seconds=1226.55 learning_rate=0.000245757
2026-09-21 05:06:28 UTC completed_step=24096 elapsed_seconds=1227.21 learning_rate=0.000245434
2026-09-21 05:06:28 UTC completed_step=24112 elapsed_seconds=1227.87 learning_rate=0.000245111
2026-09-21 05:06:29 UTC completed_step=24128 elapsed_seconds=1228.53 learning_rate=0.000244788
2026-09-21 05:06:29 UTC completed_step=24144 elapsed_seconds=1229.19 learning_rate=0.000244466
2026-09-21 05:06:30 UTC completed_step=24160 elapsed_seconds=1229.85 learning_rate=0.000244143
2026-09-21 05:06:31 UTC completed_step=24176 elapsed_seconds=1230.51 learning_rate=0.000243821
2026-09-21 05:06:31 UTC completed_step=24192 elapsed_seconds=1231.17 learning_rate=0.000243498
2026-09-21 05:06:33 UTC step=24192 elapsed_seconds=1232.41 mean_loss=0.00021915 errors=1/10002 exact_sentences=1023/1024
2026-09-21 05:06:33 UTC completed_step=24208 elapsed_seconds=1233.07 learning_rate=0.000243176
2026-09-21 05:06:34 UTC completed_step=24224 elapsed_seconds=1233.73 learning_rate=0.000242854
2026-09-21 05:06:35 UTC completed_step=24240 elapsed_seconds=1234.39 learning_rate=0.000242532
2026-09-21 05:06:35 UTC completed_step=24256 elapsed_seconds=1235.05 learning_rate=0.000242211
2026-09-21 05:06:36 UTC completed_step=24272 elapsed_seconds=1235.71 learning_rate=0.000241889
2026-09-21 05:06:37 UTC completed_step=24288 elapsed_seconds=1236.37 learning_rate=0.000241567
2026-09-21 05:06:37 UTC completed_step=24304 elapsed_seconds=1237.02 learning_rate=0.000241246
2026-09-21 05:06:38 UTC completed_step=24320 elapsed_seconds=1237.68 learning_rate=0.000240925
2026-09-21 05:06:39 UTC step=24320 elapsed_seconds=1238.93 mean_loss=0.000215646 errors=1/10002 exact_sentences=1023/1024
2026-09-21 05:06:40 UTC completed_step=24336 elapsed_seconds=1239.59 learning_rate=0.000240604
2026-09-21 05:06:41 UTC completed_step=24352 elapsed_seconds=1240.25 learning_rate=0.000240283
2026-09-21 05:06:41 UTC completed_step=24368 elapsed_seconds=1240.91 learning_rate=0.000239962
2026-09-21 05:06:42 UTC completed_step=24384 elapsed_seconds=1241.57 learning_rate=0.000239642
2026-09-21 05:06:43 UTC completed_step=24400 elapsed_seconds=1242.22 learning_rate=0.000239321
2026-09-21 05:06:43 UTC completed_step=24416 elapsed_seconds=1242.88 learning_rate=0.000239001
2026-09-21 05:06:44 UTC completed_step=24432 elapsed_seconds=1243.54 learning_rate=0.000238681
2026-09-21 05:06:44 UTC completed_step=24448 elapsed_seconds=1244.2 learning_rate=0.000238361
2026-09-21 05:06:46 UTC step=24448 elapsed_seconds=1245.45 mean_loss=0.00021456 errors=1/10002 exact_sentences=1023/1024
2026-09-21 05:06:46 UTC completed_step=24464 elapsed_seconds=1246.12 learning_rate=0.000238041
2026-09-21 05:06:47 UTC completed_step=24480 elapsed_seconds=1246.77 learning_rate=0.000237721
2026-09-21 05:06:48 UTC completed_step=24496 elapsed_seconds=1247.43 learning_rate=0.000237402
2026-09-21 05:06:48 UTC completed_step=24512 elapsed_seconds=1248.09 learning_rate=0.000237082
2026-09-21 05:06:49 UTC completed_step=24528 elapsed_seconds=1248.75 learning_rate=0.000236763
2026-09-21 05:06:50 UTC completed_step=24544 elapsed_seconds=1249.41 learning_rate=0.000236444
2026-09-21 05:06:50 UTC completed_step=24560 elapsed_seconds=1250.06 learning_rate=0.000236125
2026-09-21 05:06:51 UTC completed_step=24576 elapsed_seconds=1250.72 learning_rate=0.000235806
2026-09-21 05:06:52 UTC step=24576 elapsed_seconds=1251.98 mean_loss=0.000828073 errors=3/10002 exact_sentences=1021/1024
2026-09-21 05:06:53 UTC completed_step=24592 elapsed_seconds=1252.64 learning_rate=0.000235487
2026-09-21 05:06:54 UTC completed_step=24608 elapsed_seconds=1253.3 learning_rate=0.000235169
2026-09-21 05:06:54 UTC completed_step=24624 elapsed_seconds=1253.96 learning_rate=0.00023485
2026-09-21 05:06:55 UTC completed_step=24640 elapsed_seconds=1254.62 learning_rate=0.000234532
2026-09-21 05:06:56 UTC completed_step=24656 elapsed_seconds=1255.27 learning_rate=0.000234214
2026-09-21 05:06:56 UTC completed_step=24672 elapsed_seconds=1255.93 learning_rate=0.000233896
2026-09-21 05:06:57 UTC completed_step=24688 elapsed_seconds=1256.59 learning_rate=0.000233578
2026-09-21 05:06:58 UTC completed_step=24704 elapsed_seconds=1257.25 learning_rate=0.000233261
2026-09-21 05:06:59 UTC step=24704 elapsed_seconds=1258.49 mean_loss=0.000633602 errors=2/10002 exact_sentences=1022/1024
2026-09-21 05:06:59 UTC completed_step=24720 elapsed_seconds=1259.15 learning_rate=0.000232943
2026-09-21 05:07:00 UTC completed_step=24736 elapsed_seconds=1259.81 learning_rate=0.000232626
2026-09-21 05:07:01 UTC completed_step=24752 elapsed_seconds=1260.47 learning_rate=0.000232309
2026-09-21 05:07:01 UTC completed_step=24768 elapsed_seconds=1261.12 learning_rate=0.000231991
2026-09-21 05:07:02 UTC completed_step=24784 elapsed_seconds=1261.78 learning_rate=0.000231675
2026-09-21 05:07:03 UTC completed_step=24800 elapsed_seconds=1262.44 learning_rate=0.000231358
2026-09-21 05:07:03 UTC completed_step=24816 elapsed_seconds=1263.1 learning_rate=0.000231041
2026-09-21 05:07:04 UTC completed_step=24832 elapsed_seconds=1263.75 learning_rate=0.000230725
2026-09-21 05:07:05 UTC step=24832 elapsed_seconds=1265 mean_loss=0.000275354 errors=1/10002 exact_sentences=1023/1024
2026-09-21 05:07:06 UTC completed_step=24848 elapsed_seconds=1265.66 learning_rate=0.000230409
2026-09-21 05:07:07 UTC completed_step=24864 elapsed_seconds=1266.32 learning_rate=0.000230093
2026-09-21 05:07:07 UTC completed_step=24880 elapsed_seconds=1266.98 learning_rate=0.000229777
2026-09-21 05:07:08 UTC completed_step=24896 elapsed_seconds=1267.64 learning_rate=0.000229461
2026-09-21 05:07:09 UTC completed_step=24912 elapsed_seconds=1268.3 learning_rate=0.000229145
2026-09-21 05:07:09 UTC completed_step=24928 elapsed_seconds=1268.96 learning_rate=0.00022883
2026-09-21 05:07:10 UTC completed_step=24944 elapsed_seconds=1269.61 learning_rate=0.000228515
2026-09-21 05:07:11 UTC completed_step=24960 elapsed_seconds=1270.27 learning_rate=0.0002282
2026-09-21 05:07:12 UTC step=24960 elapsed_seconds=1271.52 mean_loss=0.000218939 errors=1/10002 exact_sentences=1023/1024
2026-09-21 05:07:12 UTC completed_step=24976 elapsed_seconds=1272.18 learning_rate=0.000227885
2026-09-21 05:07:13 UTC completed_step=24992 elapsed_seconds=1272.83 learning_rate=0.00022757
2026-09-21 05:07:14 UTC completed_step=25008 elapsed_seconds=1273.49 learning_rate=0.000227255
2026-09-21 05:07:14 UTC completed_step=25024 elapsed_seconds=1274.15 learning_rate=0.000226941
2026-09-21 05:07:15 UTC completed_step=25040 elapsed_seconds=1274.8 learning_rate=0.000226626
2026-09-21 05:07:16 UTC completed_step=25056 elapsed_seconds=1275.46 learning_rate=0.000226312
2026-09-21 05:07:16 UTC completed_step=25072 elapsed_seconds=1276.12 learning_rate=0.000225998
2026-09-21 05:07:17 UTC completed_step=25088 elapsed_seconds=1276.77 learning_rate=0.000225684
2026-09-21 05:07:18 UTC step=25088 elapsed_seconds=1278.02 mean_loss=0.000207009 errors=1/10002 exact_sentences=1023/1024
2026-09-21 05:07:19 UTC completed_step=25104 elapsed_seconds=1278.68 learning_rate=0.000225371
2026-09-21 05:07:20 UTC completed_step=25120 elapsed_seconds=1279.34 learning_rate=0.000225057
2026-09-21 05:07:20 UTC completed_step=25136 elapsed_seconds=1280 learning_rate=0.000224744
2026-09-21 05:07:21 UTC completed_step=25152 elapsed_seconds=1280.65 learning_rate=0.000224431
2026-09-21 05:07:22 UTC completed_step=25168 elapsed_seconds=1281.31 learning_rate=0.000224118
2026-09-21 05:07:22 UTC completed_step=25184 elapsed_seconds=1281.97 learning_rate=0.000223805
2026-09-21 05:07:23 UTC completed_step=25200 elapsed_seconds=1282.64 learning_rate=0.000223492
2026-09-21 05:07:24 UTC completed_step=25216 elapsed_seconds=1283.3 learning_rate=0.00022318
2026-09-21 05:07:25 UTC step=25216 elapsed_seconds=1284.55 mean_loss=0.000203319 errors=1/10002 exact_sentences=1023/1024
2026-09-21 05:07:26 UTC completed_step=25232 elapsed_seconds=1285.21 learning_rate=0.000222868
2026-09-21 05:07:26 UTC completed_step=25248 elapsed_seconds=1285.87 learning_rate=0.000222555
2026-09-21 05:07:27 UTC completed_step=25264 elapsed_seconds=1286.53 learning_rate=0.000222244
2026-09-21 05:07:27 UTC completed_step=25280 elapsed_seconds=1287.18 learning_rate=0.000221932
2026-09-21 05:07:28 UTC completed_step=25296 elapsed_seconds=1287.84 learning_rate=0.00022162
2026-09-21 05:07:29 UTC completed_step=25312 elapsed_seconds=1288.5 learning_rate=0.000221309
2026-09-21 05:07:29 UTC completed_step=25328 elapsed_seconds=1289.16 learning_rate=0.000220997
2026-09-21 05:07:30 UTC completed_step=25344 elapsed_seconds=1289.82 learning_rate=0.000220686
2026-09-21 05:07:31 UTC step=25344 elapsed_seconds=1291.07 mean_loss=0.000196575 errors=1/10002 exact_sentences=1023/1024
2026-09-21 05:07:32 UTC completed_step=25360 elapsed_seconds=1291.73 learning_rate=0.000220375
2026-09-21 05:07:33 UTC completed_step=25376 elapsed_seconds=1292.39 learning_rate=0.000220065
2026-09-21 05:07:33 UTC completed_step=25392 elapsed_seconds=1293.04 learning_rate=0.000219754
2026-09-21 05:07:34 UTC completed_step=25408 elapsed_seconds=1293.7 learning_rate=0.000219444
2026-09-21 05:07:35 UTC completed_step=25424 elapsed_seconds=1294.36 learning_rate=0.000219133
2026-09-21 05:07:35 UTC completed_step=25440 elapsed_seconds=1295.01 learning_rate=0.000218823
2026-09-21 05:07:36 UTC completed_step=25456 elapsed_seconds=1295.67 learning_rate=0.000218513
2026-09-21 05:07:37 UTC completed_step=25472 elapsed_seconds=1296.33 learning_rate=0.000218204
2026-09-21 05:07:38 UTC step=25472 elapsed_seconds=1297.57 mean_loss=0.000193808 errors=1/10002 exact_sentences=1023/1024
2026-09-21 05:07:39 UTC completed_step=25488 elapsed_seconds=1298.24 learning_rate=0.000217894
2026-09-21 05:07:39 UTC completed_step=25504 elapsed_seconds=1298.9 learning_rate=0.000217585
2026-09-21 05:07:40 UTC completed_step=25520 elapsed_seconds=1299.56 learning_rate=0.000217276
2026-09-21 05:07:41 UTC completed_step=25536 elapsed_seconds=1300.22 learning_rate=0.000216967
2026-09-21 05:07:41 UTC completed_step=25552 elapsed_seconds=1300.87 learning_rate=0.000216658
2026-09-21 05:07:42 UTC completed_step=25568 elapsed_seconds=1301.53 learning_rate=0.000216349
2026-09-21 05:07:42 UTC completed_step=25584 elapsed_seconds=1302.19 learning_rate=0.000216041
2026-09-21 05:07:43 UTC completed_step=25600 elapsed_seconds=1302.85 learning_rate=0.000215733
2026-09-21 05:07:44 UTC step=25600 elapsed_seconds=1304.1 mean_loss=0.00071061 errors=2/10002 exact_sentences=1022/1024
2026-09-21 05:07:45 UTC completed_step=25616 elapsed_seconds=1304.77 learning_rate=0.000215424
2026-09-21 05:07:46 UTC completed_step=25632 elapsed_seconds=1305.43 learning_rate=0.000215117
2026-09-21 05:07:46 UTC completed_step=25648 elapsed_seconds=1306.09 learning_rate=0.000214809
2026-09-21 05:07:47 UTC completed_step=25664 elapsed_seconds=1306.75 learning_rate=0.000214501
2026-09-21 05:07:48 UTC completed_step=25680 elapsed_seconds=1307.41 learning_rate=0.000214194
2026-09-21 05:07:48 UTC completed_step=25696 elapsed_seconds=1308.07 learning_rate=0.000213887
2026-09-21 05:07:49 UTC completed_step=25712 elapsed_seconds=1308.73 learning_rate=0.00021358
2026-09-21 05:07:50 UTC completed_step=25728 elapsed_seconds=1309.39 learning_rate=0.000213273
2026-09-21 05:07:51 UTC step=25728 elapsed_seconds=1310.63 mean_loss=0.000451204 errors=3/10002 exact_sentences=1021/1024
2026-09-21 05:07:52 UTC completed_step=25744 elapsed_seconds=1311.3 learning_rate=0.000212966
2026-09-21 05:07:52 UTC completed_step=25760 elapsed_seconds=1311.96 learning_rate=0.00021266
2026-09-21 05:07:53 UTC completed_step=25776 elapsed_seconds=1312.62 learning_rate=0.000212354
2026-09-21 05:07:54 UTC completed_step=25792 elapsed_seconds=1313.28 learning_rate=0.000212048
2026-09-21 05:07:54 UTC completed_step=25808 elapsed_seconds=1313.94 learning_rate=0.000211742
2026-09-21 05:07:55 UTC completed_step=25824 elapsed_seconds=1314.6 learning_rate=0.000211436
2026-09-21 05:07:56 UTC completed_step=25840 elapsed_seconds=1315.26 learning_rate=0.000211131
2026-09-21 05:07:56 UTC completed_step=25856 elapsed_seconds=1315.92 learning_rate=0.000210825
2026-09-21 05:07:57 UTC step=25856 elapsed_seconds=1317.16 mean_loss=0.000201111 errors=1/10002 exact_sentences=1023/1024
2026-09-21 05:07:58 UTC completed_step=25872 elapsed_seconds=1317.83 learning_rate=0.00021052
2026-09-21 05:07:59 UTC completed_step=25888 elapsed_seconds=1318.49 learning_rate=0.000210215
2026-09-21 05:07:59 UTC completed_step=25904 elapsed_seconds=1319.14 learning_rate=0.00020991
2026-09-21 05:08:00 UTC completed_step=25920 elapsed_seconds=1319.8 learning_rate=0.000209606
2026-09-21 05:08:01 UTC completed_step=25936 elapsed_seconds=1320.46 learning_rate=0.000209302
2026-09-21 05:08:01 UTC completed_step=25952 elapsed_seconds=1321.12 learning_rate=0.000208997
2026-09-21 05:08:02 UTC completed_step=25968 elapsed_seconds=1321.78 learning_rate=0.000208693
2026-09-21 05:08:03 UTC completed_step=25984 elapsed_seconds=1322.43 learning_rate=0.00020839
2026-09-21 05:08:04 UTC step=25984 elapsed_seconds=1323.68 mean_loss=0.000187951 errors=1/10002 exact_sentences=1023/1024
2026-09-21 05:08:05 UTC completed_step=26000 elapsed_seconds=1324.34 learning_rate=0.000208086
2026-09-21 05:08:05 UTC completed_step=26016 elapsed_seconds=1325 learning_rate=0.000207783
2026-09-21 05:08:06 UTC completed_step=26032 elapsed_seconds=1325.66 learning_rate=0.000207479
2026-09-21 05:08:07 UTC completed_step=26048 elapsed_seconds=1326.31 learning_rate=0.000207176
2026-09-21 05:08:07 UTC completed_step=26064 elapsed_seconds=1326.97 learning_rate=0.000206874
2026-09-21 05:08:08 UTC completed_step=26080 elapsed_seconds=1327.63 learning_rate=0.000206571
2026-09-21 05:08:09 UTC completed_step=26096 elapsed_seconds=1328.29 learning_rate=0.000206269
2026-09-21 05:08:09 UTC completed_step=26112 elapsed_seconds=1328.94 learning_rate=0.000205966
2026-09-21 05:08:10 UTC step=26112 elapsed_seconds=1330.19 mean_loss=0.000185922 errors=1/10002 exact_sentences=1023/1024
2026-09-21 05:08:11 UTC completed_step=26128 elapsed_seconds=1330.85 learning_rate=0.000205664
2026-09-21 05:08:12 UTC completed_step=26144 elapsed_seconds=1331.51 learning_rate=0.000205362
2026-09-21 05:08:12 UTC completed_step=26160 elapsed_seconds=1332.17 learning_rate=0.000205061
2026-09-21 05:08:13 UTC completed_step=26176 elapsed_seconds=1332.83 learning_rate=0.000204759
2026-09-21 05:08:14 UTC completed_step=26192 elapsed_seconds=1333.48 learning_rate=0.000204458
2026-09-21 05:08:14 UTC completed_step=26208 elapsed_seconds=1334.14 learning_rate=0.000204157
2026-09-21 05:08:15 UTC completed_step=26224 elapsed_seconds=1334.8 learning_rate=0.000203856
2026-09-21 05:08:16 UTC completed_step=26240 elapsed_seconds=1335.46 learning_rate=0.000203556
2026-09-21 05:08:17 UTC step=26240 elapsed_seconds=1336.71 mean_loss=0.00018695 errors=1/10002 exact_sentences=1023/1024
2026-09-21 05:08:18 UTC completed_step=26256 elapsed_seconds=1337.37 learning_rate=0.000203255
2026-09-21 05:08:18 UTC completed_step=26272 elapsed_seconds=1338.03 learning_rate=0.000202955
2026-09-21 05:08:19 UTC completed_step=26288 elapsed_seconds=1338.69 learning_rate=0.000202655
2026-09-21 05:08:20 UTC completed_step=26304 elapsed_seconds=1339.34 learning_rate=0.000202355
2026-09-21 05:08:20 UTC completed_step=26320 elapsed_seconds=1340 learning_rate=0.000202055
2026-09-21 05:08:21 UTC completed_step=26336 elapsed_seconds=1340.66 learning_rate=0.000201756
2026-09-21 05:08:22 UTC completed_step=26352 elapsed_seconds=1341.32 learning_rate=0.000201457
2026-09-21 05:08:22 UTC completed_step=26368 elapsed_seconds=1341.98 learning_rate=0.000201158
2026-09-21 05:08:24 UTC step=26368 elapsed_seconds=1343.23 mean_loss=0.00019256 errors=1/10002 exact_sentences=1023/1024
2026-09-21 05:08:24 UTC completed_step=26384 elapsed_seconds=1343.89 learning_rate=0.000200859
2026-09-21 05:08:25 UTC completed_step=26400 elapsed_seconds=1344.55 learning_rate=0.00020056
2026-09-21 05:08:25 UTC completed_step=26416 elapsed_seconds=1345.2 learning_rate=0.000200262
2026-09-21 05:08:26 UTC completed_step=26432 elapsed_seconds=1345.86 learning_rate=0.000199964
2026-09-21 05:08:27 UTC completed_step=26448 elapsed_seconds=1346.52 learning_rate=0.000199666
2026-09-21 05:08:27 UTC completed_step=26464 elapsed_seconds=1347.18 learning_rate=0.000199368
2026-09-21 05:08:28 UTC completed_step=26480 elapsed_seconds=1347.83 learning_rate=0.00019907
2026-09-21 05:08:29 UTC completed_step=26496 elapsed_seconds=1348.49 learning_rate=0.000198773
2026-09-21 05:08:30 UTC step=26496 elapsed_seconds=1349.73 mean_loss=0.000245319 errors=1/10002 exact_sentences=1023/1024
2026-09-21 05:08:31 UTC completed_step=26512 elapsed_seconds=1350.4 learning_rate=0.000198476
2026-09-21 05:08:31 UTC completed_step=26528 elapsed_seconds=1351.05 learning_rate=0.000198179
2026-09-21 05:08:32 UTC completed_step=26544 elapsed_seconds=1351.71 learning_rate=0.000197882
2026-09-21 05:08:33 UTC completed_step=26560 elapsed_seconds=1352.37 learning_rate=0.000197586
2026-09-21 05:08:33 UTC completed_step=26576 elapsed_seconds=1353.03 learning_rate=0.000197289
2026-09-21 05:08:34 UTC completed_step=26592 elapsed_seconds=1353.69 learning_rate=0.000196993
2026-09-21 05:08:35 UTC completed_step=26608 elapsed_seconds=1354.35 learning_rate=0.000196697
2026-09-21 05:08:35 UTC completed_step=26624 elapsed_seconds=1355 learning_rate=0.000196402
2026-09-21 05:08:37 UTC step=26624 elapsed_seconds=1356.25 mean_loss=0.000183422 errors=1/10002 exact_sentences=1023/1024
2026-09-21 05:08:37 UTC completed_step=26640 elapsed_seconds=1356.92 learning_rate=0.000196106
2026-09-21 05:08:38 UTC completed_step=26656 elapsed_seconds=1357.58 learning_rate=0.000195811
2026-09-21 05:08:39 UTC completed_step=26672 elapsed_seconds=1358.24 learning_rate=0.000195516
2026-09-21 05:08:39 UTC completed_step=26688 elapsed_seconds=1358.9 learning_rate=0.000195221
2026-09-21 05:08:40 UTC completed_step=26704 elapsed_seconds=1359.56 learning_rate=0.000194926
2026-09-21 05:08:41 UTC completed_step=26720 elapsed_seconds=1360.22 learning_rate=0.000194632
2026-09-21 05:08:41 UTC completed_step=26736 elapsed_seconds=1360.88 learning_rate=0.000194338
2026-09-21 05:08:42 UTC completed_step=26752 elapsed_seconds=1361.53 learning_rate=0.000194044
2026-09-21 05:08:43 UTC step=26752 elapsed_seconds=1362.78 mean_loss=0.000178836 errors=1/10002 exact_sentences=1023/1024
2026-09-21 05:08:44 UTC completed_step=26768 elapsed_seconds=1363.45 learning_rate=0.00019375
2026-09-21 05:08:44 UTC completed_step=26784 elapsed_seconds=1364.11 learning_rate=0.000193456
2026-09-21 05:08:45 UTC completed_step=26800 elapsed_seconds=1364.77 learning_rate=0.000193163
2026-09-21 05:08:46 UTC completed_step=26816 elapsed_seconds=1365.43 learning_rate=0.00019287
2026-09-21 05:08:46 UTC completed_step=26832 elapsed_seconds=1366.09 learning_rate=0.000192577
2026-09-21 05:08:47 UTC completed_step=26848 elapsed_seconds=1366.75 learning_rate=0.000192284
2026-09-21 05:08:48 UTC completed_step=26864 elapsed_seconds=1367.42 learning_rate=0.000191992
2026-09-21 05:08:48 UTC completed_step=26880 elapsed_seconds=1368.08 learning_rate=0.0001917
2026-09-21 05:08:50 UTC step=26880 elapsed_seconds=1369.33 mean_loss=0.00017844 errors=1/10002 exact_sentences=1023/1024
2026-09-21 05:08:50 UTC completed_step=26896 elapsed_seconds=1369.99 learning_rate=0.000191408
2026-09-21 05:08:51 UTC completed_step=26912 elapsed_seconds=1370.65 learning_rate=0.000191116
2026-09-21 05:08:52 UTC completed_step=26928 elapsed_seconds=1371.31 learning_rate=0.000190824
2026-09-21 05:08:52 UTC completed_step=26944 elapsed_seconds=1371.97 learning_rate=0.000190533
2026-09-21 05:08:53 UTC completed_step=26960 elapsed_seconds=1372.62 learning_rate=0.000190242
2026-09-21 05:08:54 UTC completed_step=26976 elapsed_seconds=1373.28 learning_rate=0.000189951
2026-09-21 05:08:54 UTC completed_step=26992 elapsed_seconds=1373.94 learning_rate=0.00018966
2026-09-21 05:08:55 UTC completed_step=27008 elapsed_seconds=1374.6 learning_rate=0.00018937
2026-09-21 05:08:56 UTC step=27008 elapsed_seconds=1375.84 mean_loss=0.000175208 errors=1/10002 exact_sentences=1023/1024
2026-09-21 05:08:57 UTC completed_step=27024 elapsed_seconds=1376.5 learning_rate=0.000189079
2026-09-21 05:08:57 UTC completed_step=27040 elapsed_seconds=1377.16 learning_rate=0.000188789
2026-09-21 05:08:58 UTC completed_step=27056 elapsed_seconds=1377.82 learning_rate=0.0001885
2026-09-21 05:08:59 UTC completed_step=27072 elapsed_seconds=1378.48 learning_rate=0.00018821
2026-09-21 05:08:59 UTC completed_step=27088 elapsed_seconds=1379.14 learning_rate=0.000187921
2026-09-21 05:09:00 UTC completed_step=27104 elapsed_seconds=1379.8 learning_rate=0.000187632
2026-09-21 05:09:01 UTC completed_step=27120 elapsed_seconds=1380.45 learning_rate=0.000187343
2026-09-21 05:09:01 UTC completed_step=27136 elapsed_seconds=1381.11 learning_rate=0.000187054
2026-09-21 05:09:03 UTC step=27136 elapsed_seconds=1382.38 mean_loss=0.000172704 errors=1/10002 exact_sentences=1023/1024
2026-09-21 05:09:03 UTC completed_step=27152 elapsed_seconds=1383.04 learning_rate=0.000186766
2026-09-21 05:09:04 UTC completed_step=27168 elapsed_seconds=1383.7 learning_rate=0.000186477
2026-09-21 05:09:05 UTC completed_step=27184 elapsed_seconds=1384.36 learning_rate=0.000186189
2026-09-21 05:09:05 UTC completed_step=27200 elapsed_seconds=1385.02 learning_rate=0.000185902
2026-09-21 05:09:06 UTC completed_step=27216 elapsed_seconds=1385.68 learning_rate=0.000185614
2026-09-21 05:09:07 UTC completed_step=27232 elapsed_seconds=1386.34 learning_rate=0.000185327
2026-09-21 05:09:07 UTC completed_step=27248 elapsed_seconds=1387 learning_rate=0.00018504
2026-09-21 05:09:08 UTC completed_step=27264 elapsed_seconds=1387.66 learning_rate=0.000184753
2026-09-21 05:09:09 UTC step=27264 elapsed_seconds=1388.91 mean_loss=0.00016893 errors=1/10002 exact_sentences=1023/1024
2026-09-21 05:09:10 UTC completed_step=27280 elapsed_seconds=1389.58 learning_rate=0.000184466
2026-09-21 05:09:11 UTC completed_step=27296 elapsed_seconds=1390.24 learning_rate=0.00018418
2026-09-21 05:09:11 UTC completed_step=27312 elapsed_seconds=1390.9 learning_rate=0.000183894
2026-09-21 05:09:12 UTC completed_step=27328 elapsed_seconds=1391.56 learning_rate=0.000183608
2026-09-21 05:09:13 UTC completed_step=27344 elapsed_seconds=1392.22 learning_rate=0.000183322
2026-09-21 05:09:13 UTC completed_step=27360 elapsed_seconds=1392.88 learning_rate=0.000183037
2026-09-21 05:09:14 UTC completed_step=27376 elapsed_seconds=1393.55 learning_rate=0.000182751
2026-09-21 05:09:15 UTC completed_step=27392 elapsed_seconds=1394.21 learning_rate=0.000182466
2026-09-21 05:09:16 UTC step=27392 elapsed_seconds=1395.46 mean_loss=0.000168696 errors=1/10002 exact_sentences=1023/1024
2026-09-21 05:09:16 UTC completed_step=27408 elapsed_seconds=1396.12 learning_rate=0.000182182
2026-09-21 05:09:17 UTC completed_step=27424 elapsed_seconds=1396.78 learning_rate=0.000181897
2026-09-21 05:09:18 UTC completed_step=27440 elapsed_seconds=1397.44 learning_rate=0.000181613
2026-09-21 05:09:18 UTC completed_step=27456 elapsed_seconds=1398.1 learning_rate=0.000181329
2026-09-21 05:09:19 UTC completed_step=27472 elapsed_seconds=1398.76 learning_rate=0.000181045
2026-09-21 05:09:20 UTC completed_step=27488 elapsed_seconds=1399.41 learning_rate=0.000180761
2026-09-21 05:09:20 UTC completed_step=27504 elapsed_seconds=1400.07 learning_rate=0.000180478
2026-09-21 05:09:21 UTC completed_step=27520 elapsed_seconds=1400.73 learning_rate=0.000180195
2026-09-21 05:09:22 UTC step=27520 elapsed_seconds=1401.97 mean_loss=0.000168478 errors=1/10002 exact_sentences=1023/1024
2026-09-21 05:09:23 UTC completed_step=27536 elapsed_seconds=1402.64 learning_rate=0.000179912
2026-09-21 05:09:24 UTC completed_step=27552 elapsed_seconds=1403.3 learning_rate=0.000179629
2026-09-21 05:09:24 UTC completed_step=27568 elapsed_seconds=1403.96 learning_rate=0.000179347
2026-09-21 05:09:25 UTC completed_step=27584 elapsed_seconds=1404.61 learning_rate=0.000179065
2026-09-21 05:09:26 UTC completed_step=27600 elapsed_seconds=1405.27 learning_rate=0.000178783
2026-09-21 05:09:26 UTC completed_step=27616 elapsed_seconds=1405.93 learning_rate=0.000178501
2026-09-21 05:09:27 UTC completed_step=27632 elapsed_seconds=1406.59 learning_rate=0.00017822
2026-09-21 05:09:28 UTC completed_step=27648 elapsed_seconds=1407.25 learning_rate=0.000177939
2026-09-21 05:09:29 UTC step=27648 elapsed_seconds=1408.5 mean_loss=0.000228804 errors=1/10002 exact_sentences=1023/1024
2026-09-21 05:09:29 UTC completed_step=27664 elapsed_seconds=1409.16 learning_rate=0.000177658
2026-09-21 05:09:30 UTC completed_step=27680 elapsed_seconds=1409.82 learning_rate=0.000177377
2026-09-21 05:09:31 UTC completed_step=27696 elapsed_seconds=1410.48 learning_rate=0.000177097
2026-09-21 05:09:31 UTC completed_step=27712 elapsed_seconds=1411.14 learning_rate=0.000176816
2026-09-21 05:09:32 UTC completed_step=27728 elapsed_seconds=1411.8 learning_rate=0.000176536
2026-09-21 05:09:33 UTC completed_step=27744 elapsed_seconds=1412.46 learning_rate=0.000176257
2026-09-21 05:09:33 UTC completed_step=27760 elapsed_seconds=1413.12 learning_rate=0.000175977
2026-09-21 05:09:34 UTC completed_step=27776 elapsed_seconds=1413.77 learning_rate=0.000175698
2026-09-21 05:09:35 UTC step=27776 elapsed_seconds=1415.02 mean_loss=0.000226982 errors=1/10002 exact_sentences=1023/1024
2026-09-21 05:09:36 UTC completed_step=27792 elapsed_seconds=1415.69 learning_rate=0.000175419
2026-09-21 05:09:37 UTC completed_step=27808 elapsed_seconds=1416.35 learning_rate=0.00017514
2026-09-21 05:09:37 UTC completed_step=27824 elapsed_seconds=1417.01 learning_rate=0.000174862
2026-09-21 05:09:38 UTC completed_step=27840 elapsed_seconds=1417.67 learning_rate=0.000174583
2026-09-21 05:09:39 UTC completed_step=27856 elapsed_seconds=1418.33 learning_rate=0.000174305
2026-09-21 05:09:39 UTC completed_step=27872 elapsed_seconds=1418.98 learning_rate=0.000174028
2026-09-21 05:09:40 UTC completed_step=27888 elapsed_seconds=1419.64 learning_rate=0.00017375
2026-09-21 05:09:41 UTC completed_step=27904 elapsed_seconds=1420.3 learning_rate=0.000173473
2026-09-21 05:09:42 UTC step=27904 elapsed_seconds=1421.54 mean_loss=0.000172061 errors=1/10002 exact_sentences=1023/1024
2026-09-21 05:09:42 UTC completed_step=27920 elapsed_seconds=1422.2 learning_rate=0.000173196
2026-09-21 05:09:43 UTC completed_step=27936 elapsed_seconds=1422.86 learning_rate=0.000172919
2026-09-21 05:09:44 UTC completed_step=27952 elapsed_seconds=1423.52 learning_rate=0.000172642
2026-09-21 05:09:44 UTC completed_step=27968 elapsed_seconds=1424.17 learning_rate=0.000172366
2026-09-21 05:09:45 UTC completed_step=27984 elapsed_seconds=1424.83 learning_rate=0.00017209
2026-09-21 05:09:46 UTC completed_step=28000 elapsed_seconds=1425.49 learning_rate=0.000171814
2026-09-21 05:09:46 UTC completed_step=28016 elapsed_seconds=1426.15 learning_rate=0.000171539
2026-09-21 05:09:47 UTC completed_step=28032 elapsed_seconds=1426.8 learning_rate=0.000171264
2026-09-21 05:09:48 UTC step=28032 elapsed_seconds=1428.05 mean_loss=0.000167404 errors=1/10002 exact_sentences=1023/1024
2026-09-21 05:09:49 UTC completed_step=28048 elapsed_seconds=1428.72 learning_rate=0.000170989
2026-09-21 05:09:50 UTC completed_step=28064 elapsed_seconds=1429.37 learning_rate=0.000170714
2026-09-21 05:09:50 UTC completed_step=28080 elapsed_seconds=1430.03 learning_rate=0.000170439
2026-09-21 05:09:51 UTC completed_step=28096 elapsed_seconds=1430.69 learning_rate=0.000170165
2026-09-21 05:09:52 UTC completed_step=28112 elapsed_seconds=1431.34 learning_rate=0.000169891
2026-09-21 05:09:52 UTC completed_step=28128 elapsed_seconds=1432 learning_rate=0.000169617
2026-09-21 05:09:53 UTC completed_step=28144 elapsed_seconds=1432.66 learning_rate=0.000169344
2026-09-21 05:09:54 UTC completed_step=28160 elapsed_seconds=1433.32 learning_rate=0.00016907
2026-09-21 05:09:55 UTC step=28160 elapsed_seconds=1434.56 mean_loss=0.000167071 errors=1/10002 exact_sentences=1023/1024
2026-09-21 05:09:56 UTC completed_step=28176 elapsed_seconds=1435.23 learning_rate=0.000168798
2026-09-21 05:09:56 UTC completed_step=28192 elapsed_seconds=1435.89 learning_rate=0.000168525
2026-09-21 05:09:57 UTC completed_step=28208 elapsed_seconds=1436.55 learning_rate=0.000168252
2026-09-21 05:09:58 UTC completed_step=28224 elapsed_seconds=1437.21 learning_rate=0.00016798
2026-09-21 05:09:58 UTC completed_step=28240 elapsed_seconds=1437.87 learning_rate=0.000167708
2026-09-21 05:09:59 UTC completed_step=28256 elapsed_seconds=1438.53 learning_rate=0.000167436
2026-09-21 05:09:59 UTC completed_step=28272 elapsed_seconds=1439.19 learning_rate=0.000167165
2026-09-21 05:10:00 UTC completed_step=28288 elapsed_seconds=1439.85 learning_rate=0.000166894
2026-09-21 05:10:01 UTC step=28288 elapsed_seconds=1441.1 mean_loss=0.00016358 errors=1/10002 exact_sentences=1023/1024
2026-09-21 05:10:02 UTC completed_step=28304 elapsed_seconds=1441.76 learning_rate=0.000166623
2026-09-21 05:10:03 UTC completed_step=28320 elapsed_seconds=1442.42 learning_rate=0.000166352
2026-09-21 05:10:03 UTC completed_step=28336 elapsed_seconds=1443.08 learning_rate=0.000166082
2026-09-21 05:10:04 UTC completed_step=28352 elapsed_seconds=1443.74 learning_rate=0.000165812
2026-09-21 05:10:05 UTC completed_step=28368 elapsed_seconds=1444.4 learning_rate=0.000165542
2026-09-21 05:10:05 UTC completed_step=28384 elapsed_seconds=1445.06 learning_rate=0.000165272
2026-09-21 05:10:06 UTC completed_step=28400 elapsed_seconds=1445.72 learning_rate=0.000165003
2026-09-21 05:10:07 UTC completed_step=28416 elapsed_seconds=1446.37 learning_rate=0.000164734
2026-09-21 05:10:08 UTC step=28416 elapsed_seconds=1447.62 mean_loss=0.000161789 errors=1/10002 exact_sentences=1023/1024
2026-09-21 05:10:09 UTC completed_step=28432 elapsed_seconds=1448.28 learning_rate=0.000164465
2026-09-21 05:10:09 UTC completed_step=28448 elapsed_seconds=1448.94 learning_rate=0.000164196
2026-09-21 05:10:10 UTC completed_step=28464 elapsed_seconds=1449.59 learning_rate=0.000163928
2026-09-21 05:10:11 UTC completed_step=28480 elapsed_seconds=1450.25 learning_rate=0.00016366
2026-09-21 05:10:11 UTC completed_step=28496 elapsed_seconds=1450.91 learning_rate=0.000163392
2026-09-21 05:10:12 UTC completed_step=28512 elapsed_seconds=1451.57 learning_rate=0.000163124
2026-09-21 05:10:13 UTC completed_step=28528 elapsed_seconds=1452.23 learning_rate=0.000162857
2026-09-21 05:10:13 UTC completed_step=28544 elapsed_seconds=1452.88 learning_rate=0.00016259
2026-09-21 05:10:14 UTC step=28544 elapsed_seconds=1454.13 mean_loss=0.000161343 errors=1/10002 exact_sentences=1023/1024
2026-09-21 05:10:15 UTC completed_step=28560 elapsed_seconds=1454.79 learning_rate=0.000162323
2026-09-21 05:10:16 UTC completed_step=28576 elapsed_seconds=1455.44 learning_rate=0.000162057
2026-09-21 05:10:16 UTC completed_step=28592 elapsed_seconds=1456.1 learning_rate=0.000161791
2026-09-21 05:10:17 UTC completed_step=28608 elapsed_seconds=1456.76 learning_rate=0.000161525
2026-09-21 05:10:18 UTC completed_step=28624 elapsed_seconds=1457.42 learning_rate=0.000161259
2026-09-21 05:10:18 UTC completed_step=28640 elapsed_seconds=1458.07 learning_rate=0.000160994
2026-09-21 05:10:19 UTC completed_step=28656 elapsed_seconds=1458.73 learning_rate=0.000160729
2026-09-21 05:10:20 UTC completed_step=28672 elapsed_seconds=1459.39 learning_rate=0.000160464
2026-09-21 05:10:21 UTC step=28672 elapsed_seconds=1460.64 mean_loss=0.000160233 errors=1/10002 exact_sentences=1023/1024
2026-09-21 05:10:22 UTC completed_step=28688 elapsed_seconds=1461.3 learning_rate=0.000160199
2026-09-21 05:10:22 UTC completed_step=28704 elapsed_seconds=1461.96 learning_rate=0.000159935
2026-09-21 05:10:23 UTC completed_step=28720 elapsed_seconds=1462.62 learning_rate=0.000159671
2026-09-21 05:10:24 UTC completed_step=28736 elapsed_seconds=1463.28 learning_rate=0.000159407
2026-09-21 05:10:24 UTC completed_step=28752 elapsed_seconds=1463.93 learning_rate=0.000159143
2026-09-21 05:10:25 UTC completed_step=28768 elapsed_seconds=1464.59 learning_rate=0.00015888
2026-09-21 05:10:26 UTC completed_step=28784 elapsed_seconds=1465.25 learning_rate=0.000158617
2026-09-21 05:10:26 UTC completed_step=28800 elapsed_seconds=1465.91 learning_rate=0.000158355
2026-09-21 05:10:27 UTC step=28800 elapsed_seconds=1467.15 mean_loss=0.000160671 errors=1/10002 exact_sentences=1023/1024
2026-09-21 05:10:28 UTC completed_step=28816 elapsed_seconds=1467.81 learning_rate=0.000158092
2026-09-21 05:10:29 UTC completed_step=28832 elapsed_seconds=1468.47 learning_rate=0.00015783
2026-09-21 05:10:29 UTC completed_step=28848 elapsed_seconds=1469.13 learning_rate=0.000157568
2026-09-21 05:10:30 UTC completed_step=28864 elapsed_seconds=1469.79 learning_rate=0.000157307
2026-09-21 05:10:31 UTC completed_step=28880 elapsed_seconds=1470.45 learning_rate=0.000157045
2026-09-21 05:10:31 UTC completed_step=28896 elapsed_seconds=1471.11 learning_rate=0.000156784
2026-09-21 05:10:32 UTC completed_step=28912 elapsed_seconds=1471.77 learning_rate=0.000156523
2026-09-21 05:10:33 UTC completed_step=28928 elapsed_seconds=1472.43 learning_rate=0.000156263
2026-09-21 05:10:34 UTC step=28928 elapsed_seconds=1473.69 mean_loss=0.000172148 errors=1/10002 exact_sentences=1023/1024
2026-09-21 05:10:35 UTC completed_step=28944 elapsed_seconds=1474.35 learning_rate=0.000156003
2026-09-21 05:10:35 UTC completed_step=28960 elapsed_seconds=1475.01 learning_rate=0.000155743
2026-09-21 05:10:36 UTC completed_step=28976 elapsed_seconds=1475.67 learning_rate=0.000155483
2026-09-21 05:10:37 UTC completed_step=28992 elapsed_seconds=1476.33 learning_rate=0.000155224
2026-09-21 05:10:37 UTC completed_step=29008 elapsed_seconds=1476.99 learning_rate=0.000154964
2026-09-21 05:10:38 UTC completed_step=29024 elapsed_seconds=1477.65 learning_rate=0.000154706
2026-09-21 05:10:39 UTC completed_step=29040 elapsed_seconds=1478.31 learning_rate=0.000154447
2026-09-21 05:10:39 UTC completed_step=29056 elapsed_seconds=1478.96 learning_rate=0.000154189
2026-09-21 05:10:40 UTC step=29056 elapsed_seconds=1480.2 mean_loss=0.000159968 errors=1/10002 exact_sentences=1023/1024
2026-09-21 05:10:41 UTC completed_step=29072 elapsed_seconds=1480.87 learning_rate=0.000153931
2026-09-21 05:10:42 UTC completed_step=29088 elapsed_seconds=1481.52 learning_rate=0.000153673
2026-09-21 05:10:42 UTC completed_step=29104 elapsed_seconds=1482.18 learning_rate=0.000153416
2026-09-21 05:10:43 UTC completed_step=29120 elapsed_seconds=1482.84 learning_rate=0.000153158
2026-09-21 05:10:44 UTC completed_step=29136 elapsed_seconds=1483.5 learning_rate=0.000152901
2026-09-21 05:10:44 UTC completed_step=29152 elapsed_seconds=1484.15 learning_rate=0.000152645
2026-09-21 05:10:45 UTC completed_step=29168 elapsed_seconds=1484.81 learning_rate=0.000152389
2026-09-21 05:10:46 UTC completed_step=29184 elapsed_seconds=1485.47 learning_rate=0.000152133
2026-09-21 05:10:47 UTC step=29184 elapsed_seconds=1486.72 mean_loss=0.000166807 errors=1/10002 exact_sentences=1023/1024
2026-09-21 05:10:48 UTC completed_step=29200 elapsed_seconds=1487.38 learning_rate=0.000151877
2026-09-21 05:10:48 UTC completed_step=29216 elapsed_seconds=1488.04 learning_rate=0.000151621
2026-09-21 05:10:49 UTC completed_step=29232 elapsed_seconds=1488.7 learning_rate=0.000151366
2026-09-21 05:10:50 UTC completed_step=29248 elapsed_seconds=1489.36 learning_rate=0.000151111
2026-09-21 05:10:50 UTC completed_step=29264 elapsed_seconds=1490.01 learning_rate=0.000150857
2026-09-21 05:10:51 UTC completed_step=29280 elapsed_seconds=1490.67 learning_rate=0.000150602
2026-09-21 05:10:52 UTC completed_step=29296 elapsed_seconds=1491.33 learning_rate=0.000150348
2026-09-21 05:10:52 UTC completed_step=29312 elapsed_seconds=1491.99 learning_rate=0.000150094
2026-09-21 05:10:54 UTC step=29312 elapsed_seconds=1493.23 mean_loss=0.000157542 errors=1/10002 exact_sentences=1023/1024
2026-09-21 05:10:54 UTC completed_step=29328 elapsed_seconds=1493.9 learning_rate=0.000149841
2026-09-21 05:10:55 UTC completed_step=29344 elapsed_seconds=1494.56 learning_rate=0.000149588
2026-09-21 05:10:56 UTC completed_step=29360 elapsed_seconds=1495.21 learning_rate=0.000149335
2026-09-21 05:10:56 UTC completed_step=29376 elapsed_seconds=1495.87 learning_rate=0.000149082
2026-09-21 05:10:57 UTC completed_step=29392 elapsed_seconds=1496.53 learning_rate=0.00014883
2026-09-21 05:10:57 UTC completed_step=29408 elapsed_seconds=1497.19 learning_rate=0.000148578
2026-09-21 05:10:58 UTC completed_step=29424 elapsed_seconds=1497.85 learning_rate=0.000148326
2026-09-21 05:10:59 UTC completed_step=29440 elapsed_seconds=1498.51 learning_rate=0.000148074
2026-09-21 05:11:00 UTC step=29440 elapsed_seconds=1499.76 mean_loss=0.000156378 errors=1/10002 exact_sentences=1023/1024
2026-09-21 05:11:01 UTC completed_step=29456 elapsed_seconds=1500.42 learning_rate=0.000147823
2026-09-21 05:11:01 UTC completed_step=29472 elapsed_seconds=1501.08 learning_rate=0.000147572
2026-09-21 05:11:02 UTC completed_step=29488 elapsed_seconds=1501.74 learning_rate=0.000147322
2026-09-21 05:11:03 UTC completed_step=29504 elapsed_seconds=1502.4 learning_rate=0.000147071
2026-09-21 05:11:03 UTC completed_step=29520 elapsed_seconds=1503.06 learning_rate=0.000146821
2026-09-21 05:11:04 UTC completed_step=29536 elapsed_seconds=1503.72 learning_rate=0.000146572
2026-09-21 05:11:05 UTC completed_step=29552 elapsed_seconds=1504.38 learning_rate=0.000146322
2026-09-21 05:11:05 UTC completed_step=29568 elapsed_seconds=1505.04 learning_rate=0.000146073
2026-09-21 05:11:07 UTC step=29568 elapsed_seconds=1506.29 mean_loss=0.00204353 errors=2/10002 exact_sentences=1022/1024
2026-09-21 05:11:07 UTC completed_step=29584 elapsed_seconds=1506.95 learning_rate=0.000145824
2026-09-21 05:11:08 UTC completed_step=29600 elapsed_seconds=1507.61 learning_rate=0.000145576
2026-09-21 05:11:09 UTC completed_step=29616 elapsed_seconds=1508.26 learning_rate=0.000145327
2026-09-21 05:11:09 UTC completed_step=29632 elapsed_seconds=1508.92 learning_rate=0.000145079
2026-09-21 05:11:10 UTC completed_step=29648 elapsed_seconds=1509.58 learning_rate=0.000144832
2026-09-21 05:11:11 UTC completed_step=29664 elapsed_seconds=1510.23 learning_rate=0.000144584
2026-09-21 05:11:11 UTC completed_step=29680 elapsed_seconds=1510.89 learning_rate=0.000144337
2026-09-21 05:11:12 UTC completed_step=29696 elapsed_seconds=1511.55 learning_rate=0.00014409
2026-09-21 05:11:13 UTC step=29696 elapsed_seconds=1512.79 mean_loss=0.000162957 errors=1/10002 exact_sentences=1023/1024
2026-09-21 05:11:14 UTC completed_step=29712 elapsed_seconds=1513.46 learning_rate=0.000143844
2026-09-21 05:11:14 UTC completed_step=29728 elapsed_seconds=1514.12 learning_rate=0.000143598
2026-09-21 05:11:15 UTC completed_step=29744 elapsed_seconds=1514.77 learning_rate=0.000143352
2026-09-21 05:11:16 UTC completed_step=29760 elapsed_seconds=1515.43 learning_rate=0.000143106
2026-09-21 05:11:16 UTC completed_step=29776 elapsed_seconds=1516.09 learning_rate=0.000142861
2026-09-21 05:11:17 UTC completed_step=29792 elapsed_seconds=1516.75 learning_rate=0.000142616
2026-09-21 05:11:18 UTC completed_step=29808 elapsed_seconds=1517.41 learning_rate=0.000142371
2026-09-21 05:11:18 UTC completed_step=29824 elapsed_seconds=1518.07 learning_rate=0.000142126
2026-09-21 05:11:20 UTC step=29824 elapsed_seconds=1519.31 mean_loss=0.000156124 errors=0/10002 exact_sentences=1024/1024
2026-09-21 05:11:21 UTC step=29824 elapsed_seconds=1520.58 mean_loss=0.000156124 errors=0/10002 exact_sentences=1024/1024
MEMORIZED checkpoint=/home/ubuntu/checkpoints/memorize_general_facts/width_depth_refine_24_long_0/width_24/layers_1/step_29824
