line_1based	target_token_index_0based	target_id	predicted_id	loss
1	5	31219	4439	4.96001
1	6	680	680	2.95388
1	7	511	511	0.440013
1	8	1862	2656	5.03799
1	9	13	13	0.000692368
1	10	50256	50256	0.000156403
2	5	286	286	0.00896358
2	6	10211	47394	4.60904
2	7	318	318	0.17562
2	8	3221	1444	5.51724
2	9	10693	3812	5.74816
2	10	618	618	0.615024
2	11	9759	674	6.00635
2	12	284	284	0.0527964
2	13	262	262	0.0180387
2	14	5044	1633	4.34014
2	15	13	13	4.19617e-05
2	16	50256	50256	0.000160217
3	5	1205	1205	2.73523
3	6	2641	2641	1.47017
3	7	663	663	0.169516
3	8	20596	21334	6.24459
3	9	11	11	0.0954609
3	10	11222	2138	5.12863
3	11	88	88	2.0041
3	12	4645	72	4.84445
3	13	13	13	0.000697136
3	14	50256	50256	0.000226974
4	5	5922	5922	3.1369
4	6	39966	276	4.07397
4	7	287	287	0.0304728
4	8	257	257	0.0425072
4	9	36594	36594	3.73478
4	10	290	290	0.0234652
4	11	1577	22204	5.57379
4	12	4082	4082	2.44237
4	13	13	13	0.000545502
4	14	50256	50256	0.000173569
5	5	945	945	3.24962
5	6	4439	4439	1.40588
5	7	23938	23938	2.8296
5	8	26742	511	3.99092
5	9	981	981	0.868299
5	10	30580	8868	5.54376
5	11	511	511	0.30431
5	12	8954	8954	3.59695
5	13	13022	13022	2.62037
5	14	13	13	0.000268936
5	15	50256	50256	0.000104904
6	5	5739	5739	2.54058
6	6	11	11	0.0668497
6	7	281	281	0.484369
6	8	2134	2134	2.08881
6	9	351	351	0.27081
6	10	645	645	2.28398
6	11	2010	2010	2.0773
6	12	2700	5186	2.40967
6	13	16047	546	4.90477
6	14	6937	1978	3.72107
6	15	15432	1080	4.69518
6	16	13	13	5.34058e-05
6	17	50256	50256	0.000125885
7	5	296	296	4.0851
7	6	1045	338	3.94754
7	7	1249	973	6.17585
7	8	21678	4289	4.16095
7	9	284	284	0.023221
7	10	1445	1037	4.14279
7	11	832	832	0.155967
7	12	12835	11945	3.53177
7	13	16649	1296	3.06483
7	14	13	13	7.43866e-05
7	15	50256	50256	0.000335693
8	5	734	734	1.22839
8	6	9403	5667	3.53083
8	7	5667	5667	1.46843
8	8	13	13	0.000703812
8	9	50256	50256	0.000324249
9	5	4983	422	3.08786
9	6	355	355	0.130911
9	7	281	281	0.138655
9	8	14312	13187	4.05437
9	9	20562	418	5.51652
9	10	3716	3716	1.67588
9	11	13	13	0.00719929
9	12	50256	50256	0.000221252
10	5	13522	1588	4.92971
10	6	5732	5732	2.39565
10	7	663	663	0.154528
10	8	29973	29973	3.70341
10	9	2785	4618	3.93285
10	10	2568	2568	0.722934
10	11	13	13	5.34058e-05
10	12	50256	50256	0.000263214
11	5	284	284	0.0767727
11	6	787	4439	3.44742
11	7	34476	11061	5.34684
11	8	1141	1141	1.04725
11	9	5205	5205	2.54858
11	10	44411	44411	2.93928
11	11	13	13	0.000164032
11	12	50256	50256	0.000434875
12	5	257	257	0.0686064
12	6	43836	2060	5.4873
12	7	416	416	0.151195
12	8	12304	38797	3.88228
12	9	1780	1780	2.82813
12	10	299	1780	4.06444
12	11	12345	44504	4.34931
12	12	1088	1088	1.06221
12	13	281	281	0.331058
12	14	14709	2134	4.77066
12	15	415	415	3.16769
12	16	13	13	4.00543e-05
12	17	50256	50256	0.000156403
13	5	257	257	0.154856
13	6	12505	1296	5.30362
13	7	3716	3716	1.42029
13	8	287	287	0.0430927
13	9	1944	1944	2.19259
13	10	12	12	0.0700073
13	11	820	820	1.4878
13	12	31057	31057	2.70193
13	13	13	13	0.000217438
13	14	50256	50256	0.000125885
14	5	2173	2173	2.23227
14	6	284	284	0.184143
14	7	3435	1364	6.37224
14	8	973	973	1.40079
14	9	287	287	0.0286512
14	10	867	511	2.09688
14	11	3597	24039	4.46421
14	12	3341	5451	3.97763
14	13	13	13	0.000112534
14	14	50256	50256	0.00060463
15	5	3665	2524	4.58567
15	6	7405	7405	2.75618
15	7	284	284	0.0413351
15	8	1057	284	4.68985
15	9	2138	2138	0.152375
15	10	621	621	0.172519
15	11	6129	9970	5.54075
15	12	13	13	0.000276566
15	13	50256	50256	0.000213623
16	5	471	1588	4.68077
16	6	5031	272	3.4227
16	7	272	272	1.76381
16	8	7012	7012	3.2818
16	9	9459	9459	3.67343
16	10	11	11	0.0378189
16	11	281	281	0.189018
16	12	37874	7022	5.23687
16	13	1748	1748	1.73826
16	14	13	13	0.00130653
16	15	50256	50256	0.000154495
17	5	326	326	0.413614
17	6	2107	1900	4.09751
17	7	287	287	0.0385551
17	8	8389	635	5.85616
17	9	20848	20848	3.20567
17	10	13	13	0.00239944
17	11	50256	50256	0.000188828
18	5	11863	11863	2.23923
18	6	351	351	0.182059
18	7	262	262	0.0150003
18	8	1037	1037	3.88114
18	9	286	286	0.171615
18	10	16869	257	4.42695
18	11	49835	49835	2.47542
18	12	13	13	0.0111837
18	13	50256	50256	0.000293732
19	5	257	257	0.141102
19	6	20562	1588	7.09588
19	7	290	290	0.0851059
19	8	28757	1588	6.38672
19	9	3716	3716	1.46804
19	10	287	287	0.0598822
19	11	17113	674	3.95124
19	12	4763	287	4.08026
19	13	11	11	0.0847626
19	14	8602	407	4.26937
19	15	13	13	4.76837e-05
19	16	50256	50256	0.000179291
20	5	286	286	0.00868034
20	6	15238	286	4.34154
20	7	11	11	0.0500593
20	8	257	257	0.0281534
20	9	42238	42238	3.78237
20	10	1499	286	3.07433
20	11	13	13	6.67572e-05
20	12	50256	50256	0.000164032
21	5	3665	1588	4.44619
21	6	25041	25041	1.09495
21	7	11278	25041	3.90858
21	8	326	326	0.213105
21	9	460	460	0.562712
21	10	11589	460	4.6537
21	11	8976	8976	2.53831
21	12	257	257	0.0612831
21	13	16161	2818	5.57952
21	14	338	338	0.038415
21	15	22204	22204	2.18603
21	16	13	13	7.82013e-05
21	17	50256	50256	0.000123978
22	5	17669	1271	6.65271
22	6	23235	23235	2.03419
22	7	40270	973	4.1908
22	8	284	284	0.0428619
22	9	530	530	1.28712
22	10	11863	6588	2.71798
22	11	22037	23235	3.69725
22	12	13	13	0.000133514
22	13	50256	50256	0.000431061
23	5	1262	1262	0.618044
23	6	4839	12278	5.95351
23	7	12	12	0.139879
23	8	29289	29289	2.46894
23	9	15835	12278	4.809
23	10	13	13	0.00349236
23	11	50256	50256	9.34601e-05
24	5	286	286	0.0608892
24	6	4771	734	5.1057
24	7	326	326	0.456379
24	8	1445	1296	3.47102
24	9	739	739	1.0395
24	10	511	511	0.714016
24	11	898	898	3.11063
24	12	3463	1271	3.61934
24	13	13	13	2.86102e-05
24	14	50256	50256	0.00015831
25	5	976	3139	3.3448
25	6	355	355	0.36117
25	7	1194	1194	1.57938
25	8	1573	468	5.23656
25	9	475	618	3.24416
25	10	460	460	0.5158
25	11	13238	307	4.23752
25	12	287	287	0.0234327
25	13	3616	1944	5.98079
25	14	393	393	0.169738
25	15	24993	24993	2.74183
25	16	13	13	0.000238419
25	17	50256	50256	0.000268936
26	5	8384	319	3.7002
26	6	319	422	1.94945
26	7	5667	1660	3.39495
26	8	11	11	0.132186
26	9	8701	1660	5.18054
26	10	274	1080	2.24907
26	11	11	11	0.154827
26	12	290	290	0.0594273
26	13	584	584	1.98776
26	14	4618	4417	2.57091
26	15	2587	4618	2.58287
26	16	13	13	0.00114822
26	17	50256	50256	0.000270844
27	5	284	284	0.151155
27	6	4735	340	3.86529
27	7	318	318	0.497691
27	8	1444	1444	0.399209
27	9	32553	257	2.70065
27	10	13	13	0.00131702
27	11	50256	50256	0.000259399
28	5	287	287	0.0858374
28	6	257	257	0.0210238
28	7	269	269	2.83742
28	8	8325	8325	2.21039
28	9	298	298	2.16158
28	10	5931	5931	1.65413
28	11	6314	5931	5.53001
28	12	13	13	0.000165939
28	13	50256	50256	0.000160217
29	5	25834	25834	4.21907
29	6	17783	17783	3.52932
29	7	7545	7545	2.08793
29	8	3805	739	2.60014
29	9	1719	739	4.03134
29	10	645	645	1.61517
29	11	37368	37368	2.99072
29	12	13	13	0.00351906
29	13	50256	50256	0.000110626
30	5	6071	8598	5.64327
30	6	2641	2641	1.1684
30	7	257	257	0.0501375
30	8	24911	24911	3.72706
30	9	13	13	0.00210285
30	10	50256	50256	0.000226974
31	5	12491	12491	3.01391
31	6	265	265	2.63361
31	7	318	318	0.229979
31	8	407	407	0.939775
31	9	257	257	0.158471
31	10	1611	2818	4.44123
31	11	286	286	0.0446777
31	12	17135	1123	3.97987
31	13	13	13	0.000165939
31	14	50256	50256	0.000150681
32	5	11	11	0.261121
32	6	262	262	0.0662279
32	7	9848	976	4.47857
32	8	286	286	0.0669336
32	9	14580	5828	4.97804
32	10	21767	21767	1.86229
32	11	262	262	0.00363922
32	12	9848	976	4.47328
32	13	286	286	0.0216923
32	14	18349	18349	2.98759
32	15	13	13	0.000204086
32	16	50256	50256	0.000417709
33	5	1123	1123	0.879654
33	6	584	584	1.40109
33	7	1973	1973	1.58699
33	8	262	262	0.00846958
33	9	41407	976	4.7613
33	10	286	286	0.0234737
33	11	47403	47403	2.0839
33	12	13	13	0.000181198
33	13	50256	50256	0.000150681
34	5	416	416	0.143126
34	6	2876	38797	3.91599
34	7	3723	3723	2.86572
34	8	290	290	0.0240364
34	9	27172	262	4.10162
34	10	3101	3101	3.6479
34	11	267	267	3.24685
34	12	265	265	2.64873
34	13	21824	88	3.55676
34	14	13	13	0.0157175
34	15	50256	50256	0.000267029
35	5	663	663	0.156111
35	6	9686	9686	4.06382
35	7	290	290	0.0404263
35	8	6727	34616	4.14255
35	9	10645	10645	1.9828
35	10	13	13	0.000185013
35	11	50256	50256	0.000192642
36	5	11880	11880	2.73129
36	6	5419	5419	1.32406
36	7	340	340	2.03204
36	8	2824	21767	7.1146
36	9	5931	5931	1.50352
36	10	1321	1321	1.86541
36	11	422	422	0.210797
36	12	663	663	0.153889
36	13	21334	21334	1.99882
36	14	13	13	4.3869e-05
36	15	50256	50256	0.000141144
37	5	287	287	0.0948868
37	6	262	262	0.0139961
37	7	8434	976	4.11446
37	8	1027	1027	2.4038
37	9	4909	4909	1.81182
37	10	23326	1440	5.91492
37	11	4778	4778	0.665865
37	12	2950	13	3.68435
37	13	287	287	0.0481043
37	14	4854	290	3.7738
37	15	13	13	7.24792e-05
37	16	50256	50256	0.000135422
38	5	2630	2630	1.59839
38	6	262	262	0.00567055
38	7	5337	976	4.60652
38	8	44487	2094	3.90988
38	9	9869	9869	3.15755
38	10	12898	9869	4.93193
38	11	546	546	1.65825
38	12	257	257	0.0373421
38	13	8557	2818	4.6759
38	14	7002	7002	3.28529
38	15	13	13	5.34058e-05
38	16	50256	50256	0.000200272
39	5	257	257	0.047596
39	6	38712	1729	6.44948
39	7	460	460	0.433393
39	8	6486	460	5.08948
39	9	379	379	0.405925
39	10	845	8850	5.79552
39	11	1180	1180	0.894312
39	12	18868	45656	4.90019
39	13	422	422	0.0738373
39	14	3668	3668	1.40534
39	15	13	13	0.00251484
39	16	50256	50256	0.000244141
40	5	976	976	2.39176
40	6	1271	1271	2.51493
40	7	286	286	0.032999
40	8	28722	28722	2.99406
40	9	355	355	0.242606
40	10	1237	530	4.10772
40	11	684	606	3.23061
40	12	13	13	0.000827789
40	13	50256	50256	0.000778198
41	5	5048	5048	2.28455
41	6	82	82	1.62319
41	7	4731	4731	2.78352
41	8	1938	326	4.2431
41	9	284	284	0.0637026
41	10	458	458	3.8396
41	11	1347	34387	4.97062
41	12	2138	2138	0.184326
41	13	621	621	0.162194
41	14	9563	621	3.93423
41	15	262	262	0.0212374
41	16	13042	4417	4.64623
41	17	13	13	0.00384712
41	18	50256	50256	0.000164032
42	5	1712	1627	5.21311
42	6	32107	3812	5.83141
42	7	1296	1296	1.06418
42	8	262	262	0.0623264
42	9	20831	976	4.82085
42	10	24491	528	4.66089
42	11	22829	22829	0.860877
42	12	13	13	0.000207901
42	13	50256	50256	0.000513077
43	5	3825	976	2.37313
43	6	318	318	0.265883
43	7	1444	8122	2.96836
43	8	262	262	0.0196609
43	9	2825	976	5.19862
43	10	22829	22829	1.15605
43	11	13	13	0.000181198
43	12	50256	50256	0.000181198
44	5	262	262	0.00335884
44	6	3825	3825	2.26017
44	7	11	11	0.0467758
44	8	21094	2138	5.2742
44	9	468	468	0.700537
44	10	257	257	0.0584564
44	11	37546	4417	5.46642
44	12	2811	606	3.98744
44	13	4417	4417	1.06887
44	14	13	13	3.24249e-05
44	15	50256	50256	0.000167847
45	5	257	257	0.0509882
45	6	5863	279	5.19622
45	7	670	1321	3.7198
45	8	416	416	0.0977478
45	9	12386	12386	3.72452
45	10	46525	46525	3.75363
45	11	13	13	0.00225449
45	12	50256	50256	0.000156403
46	5	262	262	0.0861692
46	6	9653	3139	5.80571
46	7	326	326	0.23443
46	8	8080	8080	2.64597
46	9	607	607	2.37642
46	10	18815	18815	2.72076
46	11	13	13	0.00464916
46	12	50256	50256	0.000299454
47	5	422	422	0.0852995
47	6	826	734	4.38508
47	7	284	284	0.0438471
47	8	1364	1364	1.98733
47	9	13	13	0.000986099
47	10	50256	50256	0.000650406
48	5	1872	1872	3.66474
48	6	389	389	0.616618
48	7	3917	3917	2.15937
48	8	351	351	0.149489
48	9	12281	12281	3.55117
48	10	64	276	3.547
48	11	399	11	3.56355
48	12	9019	9019	3.82493
48	13	13	13	0.00182533
48	14	50256	50256	0.000209808
49	5	257	257	0.202473
49	6	1296	1271	4.02039
49	7	286	286	0.16835
49	8	31094	286	3.11812
49	9	11881	13166	3.48109
49	10	13	13	0.0440178
49	11	50256	50256	0.000301361
50	5	17226	9016	3.91656
50	6	1271	1271	1.59048
50	7	286	286	0.0429115
50	8	597	15317	6.36611
50	9	5931	5931	1.12706
50	10	5002	4417	3.8537
50	11	13	13	8.01086e-05
50	12	50256	50256	0.000152588
51	5	422	422	0.0754995
51	6	262	262	0.00815678
51	7	15921	4417	3.36423
51	8	286	286	0.0308332
51	9	19450	286	4.30191
51	10	7150	7150	1.89197
51	11	13	13	0.000175476
51	12	50256	50256	0.00031662
52	5	25388	18405	4.9561
52	6	3623	8122	2.5925
52	7	284	284	0.0180292
52	8	1620	4439	3.96958
52	9	12370	12370	3.63433
52	10	670	6268	3.66531
52	11	13	13	0.000320435
52	12	50256	50256	0.000408173
53	5	262	262	0.0496588
53	6	6869	3825	3.69453
53	7	7021	8379	4.6
53	8	636	636	2.13016
53	9	393	393	0.195728
53	10	477	636	4.26109
53	11	286	286	0.012022
53	12	262	262	0.0386238
53	13	3825	3825	2.51865
53	14	422	422	0.192863
53	15	1570	281	4.45582
53	16	13	13	0.00875187
53	17	50256	50256	0.000183105
54	5	393	393	0.270791
54	6	7686	2258	6.97381
54	7	3170	3170	0.802681
54	8	422	422	0.101808
54	9	5100	867	2.85015
54	10	18955	21379	4.85724
54	11	4991	4991	3.1325
54	12	13	13	3.8147e-05
54	13	50256	50256	0.000141144
55	5	3872	351	5.65321
55	6	3815	3815	1.39654
55	7	884	1900	3.18141
55	8	355	355	0.118633
55	9	2081	1194	4.00388
55	10	290	290	0.0413008
55	11	3991	5369	5.22197
55	12	13	13	0.0015316
55	13	50256	50256	0.000160217
56	5	6903	422	3.27923
56	6	286	286	0.0450802
56	7	1692	1692	3.04967
56	8	2910	1767	3.75414
56	9	13	13	0.000164032
56	10	50256	50256	0.000257492
57	5	287	287	0.0616379
57	6	2166	511	5.58803
57	7	286	286	0.0659742
57	8	663	663	0.27525
57	9	3491	1633	5.69989
57	10	460	460	0.87376
57	11	2728	307	5.12246
57	12	257	257	0.0381317
57	13	40757	1729	4.95204
57	14	19550	11	4.87247
57	15	287	287	0.0478601
57	16	262	262	0.0165882
57	17	3491	3825	5.10211
57	18	338	338	0.0626955
57	19	22204	22204	2.04783
57	20	13	13	7.05719e-05
57	21	50256	50256	0.000154495
58	5	3170	3170	1.17754
58	6	12972	3170	3.17072
58	7	43591	1900	3.61477
58	8	355	355	0.155118
58	9	15100	15100	3.54602
58	10	16667	16667	1.92706
58	11	1443	1443	2.45484
58	12	13	13	0.000108719
58	13	50256	50256	0.000185013
59	5	1510	286	3.82353
59	6	400	400	2.57981
59	7	286	286	0.04778
59	8	257	257	0.0755348
59	9	4326	4417	4.01429
59	10	13	13	0.00887871
59	11	50256	50256	0.000362396
60	5	735	735	3.05091
60	6	460	460	0.37184
60	7	10199	307	4.34324
60	8	284	284	0.0397615
60	9	5044	1657	5.39725
60	10	9230	9230	3.09045
60	11	13	13	0.000205994
60	12	50256	50256	0.000171661
61	5	290	290	0.0536814
61	6	38467	262	5.72597
61	7	5594	5594	2.6163
61	8	284	284	0.0843592
61	9	262	262	0.00517273
61	10	304	3825	5.53902
61	11	2724	2724	2.39873
61	12	560	560	2.69937
61	13	6421	6421	3.89894
61	14	13	13	0.0113688
61	15	50256	50256	0.000173569
62	5	13971	31513	5.7402
62	6	9403	9403	2.56749
62	7	42626	42626	3.49091
62	8	3349	34262	4.26523
62	9	739	739	0.833398
62	10	11080	11080	3.79328
62	11	3403	3403	1.85473
62	12	13	13	6.67572e-05
62	13	50256	50256	0.000181198
63	5	7319	7319	2.16747
63	6	16379	16379	1.97867
63	7	13	13	0.000102997
63	8	50256	50256	0.000213623
64	5	47933	47933	2.24745
64	6	832	832	0.130269
64	7	257	257	0.0260811
64	8	8122	8122	1.69674
64	9	13	13	3.8147e-05
64	10	50256	50256	0.000169754
65	5	2339	418	3.09541
65	6	8573	8573	2.09715
65	7	326	326	0.373021
65	8	1037	1037	1.84716
65	9	606	606	1.82455
65	10	7906	10340	5.24535
65	11	832	832	0.194229
65	12	262	262	0.0378666
65	13	1633	1633	2.27397
65	14	13	13	1.71661e-05
65	15	50256	50256	0.000230789
66	5	262	262	0.0270309
66	6	5417	3139	6.22769
66	7	832	832	0.288234
66	8	257	257	0.249236
66	9	25979	25979	4.0587
66	10	287	287	0.017683
66	11	10836	3668	4.30837
66	12	13	13	0.00305176
66	13	50256	50256	0.000339508
67	5	286	286	0.0264502
67	6	7517	5828	4.80611
67	7	11	11	0.043396
67	8	319	319	0.354471
67	9	262	262	0.00622654
67	10	5866	3139	3.99774
67	11	406	5866	5.87182
67	12	733	666	3.74596
67	13	2959	13	3.19704
67	14	13	13	0.000776291
67	15	50256	50256	0.000198364
68	5	4778	4778	0.940222
68	6	326	326	0.609659
68	7	3031	3805	5.16697
68	8	284	284	0.0644932
68	9	15938	4439	6.50127
68	10	26306	867	3.35121
68	11	287	287	0.0686884
68	12	40333	1944	3.70938
68	13	13	13	0.000104904
68	14	50256	50256	0.000205994
69	5	284	284	0.0271645
69	6	45075	284	4.84266
69	7	262	262	0.0207405
69	8	1271	1271	2.34385
69	9	286	286	0.0594559
69	10	23235	1194	3.72104
69	11	286	286	0.0295868
69	12	1123	1194	2.75857
69	13	5002	5002	3.17409
69	14	13	13	0.0142317
69	15	50256	50256	0.000312805
70	5	287	287	0.0720263
70	6	663	663	0.162137
70	7	13179	1767	4.03103
70	8	13	13	0.0011673
70	9	50256	50256	0.000421524
71	5	3623	11	3.71669
71	6	11	11	0.083518
71	7	8977	1690	5.53184
71	8	11	11	0.0833683
71	9	290	290	0.0538836
71	10	3223	3624	6.00306
71	11	2300	291	5.20433
71	12	1978	1978	1.8403
71	13	287	287	0.0308084
71	14	27982	281	3.32903
71	15	13	13	0.00133324
71	16	50256	50256	0.000219345
72	5	11904	11904	1.95941
72	6	832	832	0.196834
72	7	2005	35115	6.13559
72	8	83	83	1.67579
72	9	654	270	4.43332
72	10	393	393	0.187988
72	11	584	584	1.8575
72	12	7494	7494	2.58034
72	13	876	3716	4.19806
72	14	8573	8573	1.67129
72	15	13	13	0.0228643
72	16	50256	50256	0.000600815
73	5	5451	5451	2.3205
73	6	3407	3407	2.46205
73	7	262	262	0.00609398
73	8	25868	2258	5.05308
73	9	5882	5882	3.62916
73	10	1757	1757	2.81226
73	11	7698	7698	2.30531
73	12	13	13	0.0043745
73	13	50256	50256	9.91821e-05
74	5	351	351	0.217718
74	6	7572	734	4.40046
74	7	286	286	0.0133038
74	8	4376	867	4.6805
74	9	22969	22969	2.42433
74	10	13	13	0.00021553
74	11	50256	50256	0.000185013
75	5	24866	24866	3.25078
75	6	284	284	0.12653
75	7	257	257	0.0424843
75	8	2440	2060	5.86363
75	9	11067	8379	4.37407
75	10	7078	7078	2.8322
75	11	13	13	0.000535965
75	12	50256	50256	0.000534058
76	5	13020	290	4.19084
76	6	34262	34262	1.96696
76	7	422	422	0.0679865
76	8	257	257	0.0518484
76	9	8701	2060	4.57859
76	10	13	13	0.00888443
76	11	50256	50256	0.000139236
77	5	2826	1262	5.56561
77	6	351	351	0.24635
77	7	663	663	0.153151
77	8	1767	1633	3.65012
77	9	4855	4778	5.46658
77	10	1022	1022	0.470074
77	11	262	262	0.0464935
77	12	2137	284	5.67231
77	13	338	338	0.0799274
77	14	14475	14475	3.01635
77	15	13	13	3.43323e-05
77	16	50256	50256	0.000165939
78	5	11061	11061	2.34388
78	6	257	257	0.0236397
78	7	37327	1729	5.25033
78	8	4645	4778	3.44492
78	9	1900	1900	1.54821
78	10	355	355	0.15724
78	11	262	262	0.0181236
78	12	6124	976	6.12197
78	13	6391	666	4.15994
78	14	17180	17180	2.93634
78	15	13	13	9.91821e-05
78	16	50256	50256	0.000255585
79	5	351	351	0.173582
79	6	281	281	0.437291
79	7	30690	2134	4.94052
79	8	6082	6082	2.64761
79	9	286	286	0.0326099
79	10	5186	5186	1.97252
79	11	3877	3877	1.35755
79	12	13	13	0.000270844
79	13	50256	50256	0.000175476
80	5	6342	8122	6.31147
80	6	11	11	0.0954714
80	7	257	257	0.0970383
80	8	1748	8122	4.32385
80	9	319	319	0.720071
80	10	262	262	0.0423002
80	11	1001	3139	6.88233
80	12	500	72	4.59269
80	13	13	13	0.0117416
80	14	50256	50256	0.000160217
81	5	1141	1141	1.16729
81	6	262	262	0.00926399
81	7	1110	3825	4.87805
81	8	618	618	0.526799
81	9	1956	1956	2.73847
81	10	1175	1175	3.35785
81	11	907	338	3.72446
81	12	5443	3716	4.8456
81	13	621	621	0.206138
81	14	6716	621	3.50514
81	15	1660	1660	0.941569
81	16	13	13	2.67029e-05
81	17	50256	50256	0.000200272
82	5	10157	976	5.15751
82	6	549	549	3.37382
82	7	32653	32653	2.76523
82	8	297	297	2.41966
82	9	544	544	1.85837
82	10	7813	287	4.52274
82	11	37834	37834	2.13576
82	12	13	13	0.00181103
82	13	50256	50256	0.000217438
83	5	1271	1271	1.828
83	6	4249	286	3.46917
83	7	257	257	0.0334787
83	8	4633	2060	4.2576
83	9	1271	1271	1.7733
83	10	13	13	0.000265121
83	11	50256	50256	0.000169754
84	5	3139	3139	1.38137
84	6	286	286	0.0239658
84	7	10836	5828	4.64209
84	8	11	11	0.0711613
84	9	287	287	0.113339
84	10	262	262	0.0209999
84	11	1499	3139	5.49185
84	12	338	338	0.0719109
84	13	5093	3139	3.72156
84	14	13	13	0.00154114
84	15	50256	50256	0.000310898
85	5	19812	19812	3.52685
85	6	20775	25730	3.31538
85	7	25730	25730	2.31496
85	8	17628	17628	1.58324
85	9	13	13	0.0102453
85	10	50256	50256	0.000202179
86	5	318	318	0.227656
86	6	4635	925	3.51137
86	7	416	416	0.117894
86	8	38797	38797	2.59246
86	9	278	278	1.15217
86	10	37624	329	6.12311
86	11	41266	41266	3.84775
86	12	351	351	0.279495
86	13	8268	511	4.40993
86	14	13	13	0.000821114
86	15	50256	50256	0.000310898
87	5	262	262	0.00936413
87	6	10359	262	5.09996
87	7	290	290	0.0486517
87	8	262	262	0.00327587
87	9	10329	976	5.27746
87	10	13	13	0.00540638
87	11	50256	50256	0.000183105
88	5	11685	11685	1.52317
88	6	286	286	0.0108652
88	7	18190	5667	4.25108
88	8	290	290	0.0522165
88	9	511	511	1.04265
88	10	3585	5667	5.58613
88	11	6116	6116	3.11528
88	12	13	13	8.39233e-05
88	13	50256	50256	0.00028801
89	5	18044	355	6.2582
89	6	1633	1633	2.02645
89	7	832	832	0.178534
89	8	511	511	0.563375
89	9	6611	954	4.96847
89	10	28439	28439	2.80643
89	11	13	13	5.72205e-05
89	12	50256	50256	0.000207901
90	5	15061	1748	4.03736
90	6	36402	36402	2.88535
90	7	286	286	0.00924015
90	8	257	257	0.034502
90	9	19690	19690	3.72523
90	10	5509	2264	3.45253
90	11	13	13	0.000619888
90	12	50256	50256	0.000148773
91	5	11	11	0.0801048
91	6	1690	1690	2.41086
91	7	41266	1690	4.28608
91	8	393	393	0.527866
91	9	2511	2511	2.98149
91	10	680	286	4.75163
91	11	11	11	0.124433
91	12	351	351	0.318377
91	13	1622	1123	4.30931
91	14	654	654	3.96971
91	15	13	13	0.00338078
91	16	50256	50256	0.000110626
92	5	4104	284	4.95722
92	6	1088	1088	0.890748
92	7	17648	621	4.93801
92	8	290	290	0.0283318
92	9	832	832	0.568647
92	10	28431	28431	2.18688
92	11	13	13	0.000102997
92	12	50256	50256	0.000642776
93	5	257	257	0.0818138
93	6	2139	1588	6.07288
93	7	3170	3170	0.754937
93	8	319	319	0.253112
93	9	262	262	0.0102396
93	10	5230	976	5.91791
93	11	2138	2138	0.150591
93	12	621	621	0.135203
93	13	257	257	0.0638714
93	14	6171	1729	6.2494
93	15	5177	274	5.33825
93	16	329	329	0.273401
93	17	262	262	0.0291157
93	18	5230	3825	5.78761
93	19	13	13	0.000101089
93	20	50256	50256	0.000202179
94	5	6588	6588	2.8578
94	6	17556	7370	3.2548
94	7	326	326	0.245667
94	8	5419	460	2.14408
94	9	8509	5419	5.73014
94	10	15756	15756	3.26217
94	11	4485	4485	1.98196
94	12	13	13	5.53131e-05
94	13	50256	50256	0.000114441
95	5	11073	11073	2.21966
95	6	281	281	0.174699
95	7	772	11557	4.72997
95	8	18253	18253	2.89612
95	9	13	13	0.00465393
95	10	50256	50256	0.000179291
96	5	318	318	0.191936
96	6	262	262	0.0191793
96	7	1218	3139	4.42321
96	8	13	13	0.0206985
96	9	50256	50256	0.00030899
97	5	262	262	0.00996208
97	6	20938	976	6.28906
97	7	7679	7679	1.99747
97	8	1444	1444	0.525194
97	9	262	262	0.00697899
97	10	14673	976	4.72094
97	11	22829	22829	0.9066
97	12	13	13	0.00314999
97	13	50256	50256	0.000276566
98	5	6870	460	3.0335
98	6	8787	5419	5.23818
98	7	1231	1231	0.417388
98	8	38875	852	4.02098
98	9	1123	1123	0.635381
98	10	4637	23608	4.806
98	11	257	257	0.0889654
98	12	4571	4417	4.79465
98	13	13	13	0.000249863
98	14	50256	50256	0.000148773
99	5	2138	2138	0.271902
99	6	621	621	0.200139
99	7	1660	1660	1.4275
99	8	11	11	0.0689898
99	9	287	287	0.0895967
99	10	511	511	0.716412
99	11	1311	21334	4.89685
99	12	862	862	2.77672
99	13	13	13	2.86102e-05
99	14	50256	50256	0.000202179
100	5	1514	1514	3.29341
100	6	3096	3096	4.49449
100	7	468	468	0.717362
100	8	43063	2237	4.65938
100	9	3951	3951	2.07101
100	10	287	287	0.0698977
100	11	1123	1123	1.17739
100	12	4571	4417	3.89921
100	13	13	13	4.76837e-05
100	14	50256	50256	0.0001297
101	5	48573	34262	3.95176
101	6	6134	6134	1.28847
101	7	16573	284	3.6511
101	8	284	284	0.0796642
101	9	1204	1204	3.49726
101	10	11061	11061	1.85821
101	11	32085	1657	3.91917
101	12	729	729	1.72416
101	13	13	13	0.00442886
101	14	50256	50256	0.000314713
102	5	9197	1729	5.38162
102	6	8320	8320	3.5979
102	7	689	373	4.17218
102	8	772	373	2.72515
102	9	611	468	4.43931
102	10	663	663	0.139582
102	11	2866	4417	4.33153
102	12	14768	276	4.21215
102	13	6937	1978	3.9509
102	14	13	13	0.0175705
102	15	50256	50256	0.000196457
103	5	1660	1660	1.23894
103	6	40169	832	6.2318
103	7	379	379	0.314969
103	8	257	257	0.0656776
103	9	2793	2060	7.23071
103	10	5951	5951	1.85667
103	11	13	13	0.00384521
103	12	50256	50256	0.000185013
104	5	262	262	0.018507
104	6	23902	976	4.79986
104	7	23642	23642	2.10134
104	8	16161	1444	4.72611
104	9	1444	1444	0.294289
104	10	262	262	0.021368
104	11	34822	976	5.13305
104	12	6378	6378	2.02601
104	13	13	13	0.00343132
104	14	50256	50256	0.000234604
105	5	1022	1022	0.312997
105	6	4237	1022	3.13811
105	7	290	290	0.0308161
105	8	3957	484	4.31285
105	9	393	393	0.24182
105	10	6143	11945	5.08631
105	11	21379	21379	1.72928
105	12	13	13	0.0351219
105	13	50256	50256	0.000188828
106	5	262	262	0.0127583
106	6	22088	976	5.56473
106	7	291	291	1.1456
106	8	13061	291	2.94013
106	9	21072	21072	2.82569
106	10	44921	44921	3.08479
106	11	13	13	0.00334549
106	12	50256	50256	0.000471115
107	5	1660	1660	1.0268
107	6	287	287	0.131768
107	7	6546	1944	5.57385
107	8	2945	3033	4.34157
107	9	5667	5667	0.951214
107	10	11	11	0.254294
107	11	21552	4695	4.59221
107	12	11	11	0.0727444
107	13	393	393	0.257851
107	14	11135	3139	4.9276
107	15	13	13	0.00110626
107	16	50256	50256	0.000114441
108	5	7627	881	5.46935
108	6	904	904	3.54678
108	7	656	656	0.106204
108	8	262	262	0.0141735
108	9	10596	8434	3.7817
108	10	10692	10692	1.97924
108	11	13	13	7.24792e-05
108	12	50256	50256	0.000156403
109	5	262	262	0.0108452
109	6	16577	976	4.33201
109	7	15921	15921	2.14964
109	8	286	286	0.0075798
109	9	257	257	0.0217571
109	10	14281	4898	4.64187
109	11	17793	17793	3.06843
109	12	13	13	0.0111904
109	13	50256	50256	0.000234604
110	5	41917	1588	3.94675
110	6	9978	973	4.02881
110	7	326	326	0.265723
110	8	460	460	0.491489
110	9	3650	460	4.90129
110	10	290	290	0.100172
110	11	21937	584	5.10661
110	12	24284	24284	3.29795
110	13	17794	17794	2.22146
110	14	286	286	0.00938511
110	15	34573	47403	5.43103
110	16	13	13	0.00775433
110	17	50256	50256	0.000131607
111	5	6591	6591	0.690081
111	6	1080	1080	1.22429
111	7	11	11	0.27615
111	8	22721	2138	5.25349
111	9	468	468	0.847358
111	10	262	262	0.0267859
111	11	6000	976	4.06295
111	12	2347	8373	4.71392
111	13	13	13	3.43323e-05
111	14	50256	50256	0.000207901
112	5	34616	34616	2.03397
112	6	29120	29120	2.52742
112	7	656	656	0.202203
112	8	262	262	0.0232792
112	9	1402	1402	2.37242
112	10	45426	45426	3.27616
112	11	13	13	1.33514e-05
112	12	50256	50256	0.000173569
113	5	3625	3625	2.71718
113	6	329	329	0.303421
113	7	3356	340	3.69768
113	8	290	290	0.0215502
113	9	13017	11904	4.15235
113	10	13	13	0.00210857
113	11	50256	50256	0.000276566
114	5	8122	8122	1.70549
114	6	11	11	0.202734
114	7	9472	407	3.3143
114	8	663	663	0.156397
114	9	8434	8434	3.84528
114	10	4755	4417	3.70582
114	11	318	318	0.116094
114	12	4735	1444	4.93909
114	13	13	13	7.82013e-05
114	14	50256	50256	0.000265121
115	5	8802	8802	1.88033
115	6	19079	19079	2.37019
115	7	1998	1998	3.18587
115	8	6697	6697	2.8077
115	9	7028	7028	2.30684
115	10	13	13	0.000711441
115	11	50256	50256	0.000217438
116	5	274	274	1.27053
116	6	13617	373	4.11397
116	7	278	278	1.52936
116	8	329	329	0.522846
116	9	1103	373	4.54869
116	10	3146	3146	3.0791
116	11	13	13	0.000469208
116	12	50256	50256	0.000608444
117	5	13204	13204	1.68756
117	6	4991	4991	3.04906
117	7	286	286	0.039257
117	8	2877	2877	2.83495
117	9	20296	1626	3.3029
117	10	13	13	0.00504303
117	11	50256	50256	0.000339508
118	5	281	281	0.198996
118	6	1633	1633	2.29985
118	7	1014	1141	4.66219
118	8	1022	1022	0.392615
118	9	262	262	0.0209846
118	10	300	262	5.08453
118	11	38621	38621	2.83573
118	12	87	1231	4.06838
118	13	290	290	0.0248384
118	14	262	262	0.0234909
118	15	18443	976	5.04369
118	16	11072	11072	3.84418
118	17	13	13	6.10352e-05
118	18	50256	50256	0.000162125
119	5	9460	48331	3.32974
119	6	293	863	4.53571
119	7	9280	48331	3.92111
119	8	48556	48331	4.84265
119	9	1321	1321	1.67128
119	10	546	416	2.81715
119	11	262	262	0.0534391
119	12	4067	4417	4.7139
119	13	286	286	0.0441284
119	14	2057	2057	1.67282
119	15	13	13	0.000812531
119	16	50256	50256	0.00028801
120	5	17522	12278	6.46578
120	6	318	318	0.142899
120	7	5017	3917	4.4303
120	8	351	351	0.0726061
120	9	16252	1123	4.98323
120	10	13	13	0.000177383
120	11	50256	50256	0.000150681
121	5	257	257	0.034482
121	6	2393	4417	4.90762
121	7	338	338	0.0663462
121	8	5794	4417	4.56791
121	9	11	11	0.057518
121	10	475	393	3.49603
121	11	340	340	1.04335
121	12	857	5419	4.38781
121	13	407	407	1.14036
121	14	9149	407	4.17848
121	15	326	326	0.25257
121	16	5794	393	4.08967
121	17	13	13	0.0149889
121	18	50256	50256	0.000108719
122	5	262	262	0.0328474
122	6	3139	3139	0.892586
122	7	286	286	0.107327
122	8	21506	21506	2.48598
122	9	287	287	0.0485916
122	10	3687	21199	5.55315
122	11	5478	5478	1.69856
122	12	13	13	0.000320435
122	13	50256	50256	0.000240326
123	5	16021	2060	4.24504
123	6	11447	11447	2.34591
123	7	10717	10717	2.78255
123	8	1444	1444	0.520565
123	9	257	257	0.111274
123	10	9529	2818	5.26811
123	11	528	528	2.4994
123	12	462	1547	5.31655
123	13	13	13	2.67029e-05
123	14	50256	50256	0.000234604
124	5	866	12	3.38369
124	6	2636	878	4.12398
124	7	20296	20296	2.83401
124	8	290	290	0.0333586
124	9	48914	48914	3.90667
124	10	20901	925	3.3813
124	11	832	832	0.284237
124	12	30020	30020	2.37578
124	13	13	13	0.000253677
124	14	50256	50256	0.000253677
125	5	82	82	2.09235
125	6	262	262	0.0190287
125	7	2989	976	4.9367
125	8	16654	16654	3.59712
125	9	287	287	0.0416842
125	10	257	257	0.0368271
125	11	23243	1729	5.0817
125	12	8379	8379	1.99497
125	13	13	13	5.91278e-05
125	14	50256	50256	0.000156403
126	5	3519	3519	2.31409
126	6	1171	1171	3.63836
126	7	290	290	0.0177107
126	8	2839	2839	3.80929
126	9	8251	8251	1.65061
126	10	13	13	0.000278473
126	11	50256	50256	0.000162125
127	5	318	318	0.265784
127	6	1444	1444	0.471834
127	7	32896	32896	3.65029
127	8	14596	14596	2.72538
127	9	13	13	0.00131226
127	10	50256	50256	0.000869751
128	5	925	925	0.547588
128	6	7525	925	2.67084
128	7	422	422	0.0640039
128	8	15317	15317	3.03585
128	9	290	290	0.0266838
128	10	31861	31861	2.67669
128	11	13	13	3.62396e-05
128	12	50256	50256	0.000167847
129	5	257	257	0.0465279
129	6	7226	7226	3.67894
129	7	21264	21264	2.61289
129	8	36264	36264	2.37484
129	9	36869	36264	3.1759
129	10	21126	385	5.2613
129	11	7405	621	3.49007
129	12	290	290	0.0534468
129	13	14754	5369	4.36111
129	14	663	663	0.111998
129	15	7894	21334	5.81721
129	16	13	13	0.0128155
129	17	50256	50256	0.000139236
130	5	290	290	0.0644503
130	6	17298	584	5.75756
130	7	287	287	0.0513048
130	8	262	262	0.0135841
130	9	7976	976	4.73244
130	10	2436	14796	4.22277
130	11	26676	26676	3.56903
130	12	13	13	0.00248623
130	13	50256	50256	0.000282288
131	5	389	389	0.862436
131	6	262	262	0.0290556
131	7	717	976	4.46043
131	8	9403	1271	3.01276
131	9	5667	5667	1.05993
131	10	286	286	0.029932
131	11	257	257	0.115856
131	12	4618	5931	3.04254
131	13	39880	4618	6.41114
131	14	13	13	0.00388813
131	15	50256	50256	0.000190735
132	5	4847	1321	3.03874
132	6	287	287	0.0265493
132	7	5788	6134	3.26334
132	8	416	416	0.148647
132	9	17247	38797	4.62816
132	10	7572	4695	3.10082
132	11	286	286	0.0316172
132	12	37410	286	5.29292
132	13	3951	3951	2.44347
132	14	13	13	8.58307e-05
132	15	50256	50256	0.000259399
133	5	7667	7667	2.37835
133	6	8598	8598	2.15218
133	7	16069	16069	1.47297
133	8	13	13	6.86646e-05
133	9	50256	50256	0.000228882
134	5	9260	9260	4.04402
134	6	1577	2214	5.31039
134	7	262	262	0.0145597
134	8	5440	976	6.04296
134	9	663	663	0.105237
134	10	14688	29973	3.96271
134	11	680	286	3.50413
134	12	5585	5585	1.48946
134	13	13	13	0.00249577
134	14	50256	50256	0.000402451
135	5	389	389	0.447234
135	6	1036	1180	4.46577
135	7	515	4778	3.46173
135	8	284	284	0.187889
135	9	787	4439	2.7324
135	10	257	257	0.092885
135	11	279	279	3.57917
135	12	2150	2150	2.75383
135	13	298	298	2.41576
135	14	1779	298	4.12181
135	15	3681	3681	3.86655
135	16	13	13	0.000596046
135	17	50256	50256	0.000299454
136	5	24830	2134	5.77753
136	6	287	287	0.0356083
136	7	543	281	2.36748
136	8	1123	1123	1.04435
136	9	6194	6194	4.01468
136	10	2391	66	4.69886
136	11	6870	6870	2.3553
136	12	530	530	1.05088
136	13	44278	7319	5.14513
136	14	415	77	3.11292
136	15	393	393	0.105877
136	16	48617	48617	2.78827
136	17	13	13	4.00543e-05
136	18	50256	50256	0.000148773
137	5	3473	5594	4.88411
137	6	5688	832	4.90757
137	7	286	286	0.0433531
137	8	12925	5828	5.39922
137	9	5207	5207	1.41992
137	10	286	286	0.0143261
137	11	1660	1660	1.29805
137	12	4771	1657	3.01047
137	13	13	13	0.000221252
137	14	50256	50256	0.000234604
138	5	3825	3825	2.47992
138	6	338	338	0.0487366
138	7	4755	4417	4.88819
138	8	26161	373	3.57388
138	9	17669	1271	6.76605
138	10	656	656	0.44594
138	11	43142	880	5.27372
138	12	290	290	0.0254412
138	13	10050	584	4.47368
138	14	2568	2568	1.01982
138	15	13	13	2.67029e-05
138	16	50256	50256	0.000192642
139	5	3881	326	4.71233
139	6	326	326	1.17945
139	7	460	460	0.81511
139	8	47577	460	4.58381
139	9	6364	6364	2.71948
139	10	625	625	1.31102
139	11	41917	300	3.04957
139	12	1661	12009	4.04325
139	13	66	66	1.66981
139	14	2040	66	3.2901
139	15	13	13	0.00592327
139	16	50256	50256	0.000314713
140	5	286	286	0.0142879
140	6	28722	28722	2.69477
140	7	287	287	0.0389996
140	8	257	257	0.0618868
140	9	5931	5931	1.84424
140	10	6317	6317	1.85706
140	11	13	13	5.34058e-05
140	12	50256	50256	0.000179291
141	5	5002	5002	2.34129
141	6	326	326	0.596882
141	7	318	318	0.426706
141	8	8122	8122	1.86898
141	9	379	379	0.566231
141	10	8850	8850	1.18714
141	11	2119	1080	3.45512
141	12	5951	5951	1.35427
141	13	13	13	0.000293732
141	14	50256	50256	0.000146866
142	5	284	284	0.0353575
142	6	22792	22792	2.80511
142	7	962	962	2.91124
142	8	2763	2763	3.32913
142	9	403	338	3.77056
142	10	338	338	0.0357208
142	11	22234	338	4.1861
142	12	287	287	0.0868397
142	13	36094	49545	3.5234
142	14	13	13	0.00736427
142	15	50256	50256	0.000221252
143	5	38467	11863	5.13588
143	6	1296	1296	0.903216
143	7	1969	11945	6.16228
143	8	15814	284	4.6322
143	9	351	351	0.159023
143	10	262	262	0.0167675
143	11	11135	1767	5.92476
143	12	286	286	0.0762644
143	13	6134	6134	2.27922
143	14	13	13	4.76837e-05
143	15	50256	50256	0.000383377
144	5	262	262	0.034627
144	6	39522	2258	4.34399
144	7	286	286	0.0361176
144	8	1568	286	3.05826
144	9	4795	4795	2.57745
144	10	10752	10752	2.4971
144	11	12153	10752	3.75356
144	12	274	274	1.49716
144	13	13	13	0.000379562
144	14	50256	50256	0.000213623
145	5	319	319	0.173956
145	6	2995	3805	4.66618
145	7	1141	1141	0.905326
145	8	262	262	0.0198202
145	9	44695	44695	2.99537
145	10	1810	1810	1.38513
145	11	13	13	0.00130653
145	12	50256	50256	0.000125885
146	5	48440	11904	5.6646
146	6	11904	11904	1.3565
146	7	973	973	1.12808
146	8	355	355	0.191067
146	9	257	257	0.0286636
146	10	25721	2818	4.48768
146	11	13	13	0.00118637
146	12	50256	50256	0.000127792
147	5	319	319	0.313869
147	6	46376	262	5.29918
147	7	11	11	0.46923
147	8	16083	981	4.57093
147	9	981	981	0.864576
147	10	262	262	0.011363
147	11	46376	976	5.82871
147	12	318	318	0.691209
147	13	9583	9583	3.00912
147	14	13	13	5.34058e-05
147	15	50256	50256	0.000125885
148	5	9779	2060	5.56173
148	6	318	318	0.147933
148	7	257	257	0.0858536
148	8	7446	8122	4.75291
148	9	8379	8379	2.07952
148	10	326	326	0.506721
148	11	22625	1296	4.62108
148	12	284	284	0.0626774
148	13	257	257	0.149611
148	14	10345	2818	4.58817
148	15	1720	1720	3.45977
148	16	13	13	0.000389099
148	17	50256	50256	0.000123978
149	5	1254	1626	5.27417
149	6	3463	734	3.23676
149	7	1203	1626	5.84702
149	8	780	780	2.63145
149	9	484	484	2.04389
149	10	290	290	0.310295
149	11	511	511	0.861913
149	12	16807	898	6.20387
149	13	389	389	0.372432
149	14	17282	47192	3.49044
149	15	7463	3716	3.51502
149	16	1978	1978	1.67423
149	17	13	13	2.47955e-05
149	18	50256	50256	0.000490189
150	5	262	262	0.0541105
150	6	6697	1692	4.48197
150	7	4571	8122	4.20008
150	8	422	422	0.0775337
150	9	749	1588	4.55448
150	10	584	584	1.91582
150	11	14705	2568	4.44996
150	12	287	287	0.122211
150	13	674	674	1.77805
150	14	6591	6591	0.649475
150	15	1080	1080	1.06897
150	16	13	13	1.90735e-05
150	17	50256	50256	0.000112534
151	5	287	287	0.0332413
151	6	10598	355	3.29689
151	7	287	287	0.0184946
151	8	5846	355	3.91915
151	9	37078	37078	1.53288
151	10	13	13	0.000112534
151	11	50256	50256	0.000175476
152	5	9505	10692	4.47135
152	6	379	379	0.586956
152	7	262	262	0.0149889
152	8	5645	3825	5.39297
152	9	286	286	0.0122967
152	10	11945	11945	2.79238
152	11	287	287	0.0312319
152	12	867	867	1.37249
152	13	24039	24039	1.449
152	14	13	13	9.53674e-05
152	15	50256	50256	0.000492096
153	5	3106	16760	4.21245
153	6	36186	5207	5.67744
153	7	326	326	0.40947
153	8	4909	460	3.1899
153	9	6588	6588	2.69484
153	10	13	13	0.0120697
153	11	50256	50256	0.000452042
154	5	2630	2630	1.96212
154	6	262	262	0.0148335
154	7	711	3139	5.17491
154	8	1900	1900	0.502597
154	9	355	355	0.099741
154	10	383	383	1.55969
154	11	23165	23165	2.64124
154	12	1471	1471	2.4308
154	13	30215	30215	2.50851
154	14	13	13	0.0019331
154	15	50256	50256	0.000205994
155	5	1497	4778	2.8912
155	6	422	422	0.0938644
155	7	262	262	0.0109119
155	8	2612	976	5.7159
155	9	11	11	0.103186
155	10	7692	2138	5.0786
155	11	286	286	0.0608797
155	12	663	663	0.0939922
155	13	11863	1633	5.41121
155	14	2695	13	3.63859
155	15	13	13	0.000202179
155	16	50256	50256	0.000312805
156	5	21718	373	3.78254
156	6	6296	6296	2.31982
156	7	1474	1444	2.15169
156	8	6342	3139	4.49273
156	9	287	287	0.0562019
156	10	4881	6156	5.78184
156	11	13	13	0.00019455
156	12	50256	50256	0.000183105
157	5	257	257	0.0193481
157	6	2060	2060	2.58747
157	7	19078	269	5.70166
157	8	1143	1143	3.40236
157	9	5935	5931	4.47893
157	10	326	326	0.254949
157	11	36319	1296	5.35278
157	12	656	656	0.0858479
157	13	4553	2060	4.65746
157	14	39966	5186	4.23991
157	15	13	13	8.96454e-05
157	16	50256	50256	0.000238419
158	5	257	257	0.188932
158	6	4553	2060	4.73861
158	7	13239	5563	5.23289
158	8	422	422	0.102373
158	9	6134	6134	2.79746
158	10	290	290	0.117198
158	11	4695	4695	1.61435
158	12	13	13	2.67029e-05
158	13	50256	50256	0.000249863
159	5	881	881	1.05692
159	6	286	286	0.0231409
159	7	21673	4492	5.49652
159	8	338	338	0.0407705
159	9	6156	6156	1.76606
159	10	26898	1810	5.91348
159	11	4417	4417	1.11318
159	12	13	13	0.00379944
159	13	50256	50256	0.000190735
160	5	262	262	0.0220699
160	6	1180	1180	2.66253
160	7	4069	13204	5.91905
160	8	286	286	0.0259132
160	9	3056	867	5.50059
160	10	290	290	0.17302
160	11	1660	1660	1.5712
160	12	319	319	0.301122
160	13	7815	281	5.18662
160	14	13	13	3.43323e-05
160	15	50256	50256	0.000211716
161	5	11	11	0.113486
161	6	262	262	0.0963001
161	7	3825	976	3.05779
161	8	24234	24234	2.82378
161	9	262	262	0.0107298
161	10	33258	976	5.8641
161	11	1602	1602	1.57546
161	12	1352	14796	5.29408
161	13	13	13	0.00214195
161	14	50256	50256	0.000175476
162	5	45656	45656	2.59844
162	6	621	621	0.223445
162	7	7424	7424	2.58441
162	8	2266	2266	2.67581
162	9	1657	1657	1.24389
162	10	13	13	0.000246048
162	11	50256	50256	0.000705719
163	5	925	925	0.881483
163	6	510	416	5.74666
163	7	286	286	0.0237427
163	8	30362	416	4.84251
163	9	16057	16057	3.49216
163	10	68	66	5.01044
163	11	13	13	8.01086e-05
163	12	50256	50256	0.000322342
164	5	3356	1692	4.22703
164	6	286	286	0.091629
164	7	15938	7405	6.48268
164	8	656	656	0.588933
164	9	290	290	0.146191
164	10	503	3139	3.65353
164	11	286	286	0.0468712
164	12	257	257	0.0441961
164	13	2685	4417	4.43739
164	14	13	13	0.000402451
164	15	50256	50256	0.000173569
165	5	5732	5732	2.6571
165	6	351	351	0.192507
165	7	262	262	0.0106564
165	8	6616	3825	5.67988
165	9	286	286	0.0208244
165	10	663	663	0.217052
165	11	2866	2134	4.23227
165	12	287	287	0.0439014
165	13	15993	281	4.85502
165	14	12933	12933	2.59432
165	15	13	13	0.00218678
165	16	50256	50256	0.00019455
166	5	286	286	0.0898952
166	6	15317	15317	3.15988
166	7	290	290	0.0350246
166	8	19783	19783	3.27459
166	9	13	13	4.19617e-05
166	10	50256	50256	0.00015831
167	5	5366	1180	5.32852
167	6	286	286	0.0866718
167	7	262	262	0.0337782
167	8	7022	1633	4.27725
167	9	286	286	0.0786276
167	10	347	286	5.21687
167	11	8553	8553	3.16858
167	12	78	78	1.12757
167	13	13	13	0.000190735
167	14	50256	50256	0.000234604
168	5	286	286	0.0127411
168	6	5186	5186	1.52813
168	7	3877	3877	1.40003
168	8	13	13	0.00581646
168	9	50256	50256	0.000471115
169	5	1768	45656	5.48522
169	6	3994	284	2.23246
169	7	262	262	0.00494003
169	8	13204	13204	2.60581
169	9	7532	4991	3.78906
169	10	41927	41927	3.24017
169	11	10680	10680	2.443
169	12	13	13	0.000867844
169	13	50256	50256	0.000114441
170	5	3139	3139	1.58093
170	6	286	286	0.0063076
170	7	29638	4492	5.48424
170	8	11	11	0.103002
170	9	2138	2138	0.1967
170	10	621	621	0.0964584
170	11	11294	262	4.21421
170	12	23117	23117	2.99528
170	13	42124	42124	2.13987
170	14	13	13	0.00546265
170	15	50256	50256	0.000505447
171	5	338	338	0.0230722
171	6	383	3139	2.51195
171	7	9467	9467	3.64891
171	8	13274	13274	2.97935
171	9	286	286	0.0108252
171	10	14059	286	4.39023
171	11	3407	3407	1.80343
171	12	24203	24203	3.40176
171	13	29906	13	2.92101
171	14	13	13	0.000518799
171	15	50256	50256	0.00022316
172	5	12	12	0.152027
172	6	2164	820	4.21551
172	7	1328	272	4.81379
172	8	31513	31513	3.62866
172	9	3881	3881	2.34724
172	10	2219	1296	5.50114
172	11	287	287	0.05231
172	12	9151	867	4.39287
172	13	291	291	1.31456
172	14	20048	291	5.02277
172	15	13	13	0.000146866
172	16	50256	50256	0.000133514
173	5	1115	3139	4.57853
173	6	11954	863	4.93548
173	7	11	11	0.0866156
173	8	734	1660	2.06093
173	9	8901	48331	4.95964
173	10	2910	734	3.52757
173	11	832	832	0.295011
173	12	663	663	0.221112
173	13	308	21334	4.01813
173	14	2171	2171	1.04523
173	15	13	13	0.000333786
173	16	50256	50256	0.000217438
174	5	12278	12278	2.77174
174	6	17655	2568	2.82701
174	7	1626	1626	1.32073
174	8	15114	12278	5.24984
174	9	393	393	0.261323
174	10	1022	257	2.04149
174	11	257	257	0.22865
174	12	6279	2010	7.47398
174	13	290	290	0.0665922
174	14	262	262	0.00597954
174	15	2323	3825	4.42761
174	16	13	13	0.000118256
174	17	50256	50256	0.000335693
175	5	39526	2060	5.49241
175	6	2877	2877	1.24674
175	7	351	351	0.156515
175	8	257	257	0.0278435
175	9	5205	5931	3.50071
175	10	33567	44411	4.39095
175	11	6587	6587	2.91318
175	12	5212	5212	2.83285
175	13	13	13	0.00495625
175	14	50256	50256	0.000232697
176	5	262	262	0.0237932
176	6	4376	976	6.56627
176	7	3006	3006	4.18394
176	8	286	286	0.0215273
176	9	257	257	0.0706863
176	10	23470	8122	3.96792
176	11	2512	23235	4.32435
176	12	3328	3328	4.03646
176	13	16882	16882	2.41145
176	14	13	13	0.0135441
176	15	50256	50256	0.000204086
177	5	9417	9417	4.10653
177	6	9136	9136	3.128
177	7	6492	422	4.48322
177	8	422	422	0.0930204
177	9	1728	867	4.33276
177	10	2266	2266	2.76227
177	11	33773	5667	5.23322
177	12	13	13	4.95911e-05
177	13	50256	50256	0.000246048
178	5	7411	286	3.58725
178	6	6953	5563	5.17836
178	7	11	11	0.0504885
178	8	11863	1657	3.10531
178	9	11	11	0.103059
178	10	290	290	0.130155
178	11	1660	530	2.08072
178	12	13	13	4.19617e-05
178	13	50256	50256	0.000267029
179	5	1277	307	5.66659
179	6	511	511	0.557252
179	7	734	1633	4.00392
179	8	2951	4886	4.1258
179	9	14799	418	5.03516
179	10	981	981	0.876197
179	11	21976	21976	4.58129
179	12	511	511	0.357049
179	13	21334	21334	2.61653
179	14	13	13	6.10352e-05
179	15	50256	50256	0.000200272
180	5	11	11	0.034935
180	6	2138	2138	0.251426
180	7	621	621	0.176125
180	8	2458	379	3.17741
180	9	287	287	0.131512
180	10	663	663	0.347332
180	11	5253	3825	5.12837
180	12	422	422	0.0983715
180	13	262	262	0.00976658
180	14	3825	3825	2.57192
180	15	11	11	0.100338
180	16	5640	1444	3.01755
180	17	262	262	0.0263348
180	18	7028	7028	2.96135
180	19	13	13	0.000490189
180	20	50256	50256	0.000236511
181	5	8064	3825	4.74499
181	6	286	286	0.0337906
181	7	257	257	0.0336494
181	8	48862	1588	3.78794
181	9	485	485	2.16929
181	10	272	272	1.61236
181	11	9197	9197	3.73862
181	12	338	338	0.0404797
181	13	38447	4417	4.78203
181	14	284	284	0.0566635
181	15	663	663	0.0939445
181	16	14753	21334	5.05401
181	17	13	13	0.000200272
181	18	50256	50256	0.000165939
182	5	874	1663	4.8937
182	6	287	287	0.0486994
182	7	262	262	0.00658894
182	8	8434	4417	4.4348
182	9	1027	1027	2.18518
182	10	1037	1037	2.02861
182	11	4886	4886	1.54377
182	12	13179	1271	4.20136
182	13	286	286	0.0199347
182	14	262	262	0.0546436
182	15	1182	4417	4.29067
182	16	13	13	3.43323e-05
182	17	50256	50256	0.000175476
183	5	1262	1262	0.79099
183	6	14091	12278	3.79836
183	7	7572	2568	5.30298
183	8	319	319	0.351162
183	9	24012	1180	3.90444
183	10	458	458	1.3664
183	11	34387	34387	1.25426
183	12	13	13	0.000746727
183	13	50256	50256	0.000123978
184	5	3463	257	5.29743
184	6	318	318	0.152578
184	7	262	262	0.0156956
184	8	29973	3825	4.41295
184	9	2700	4618	3.63347
184	10	7205	21622	4.67342
184	11	319	319	0.216917
184	12	281	281	0.25423
184	13	2134	2134	1.95023
184	14	13	13	7.82013e-05
184	15	50256	50256	0.000118256
185	5	7475	7475	1.94466
185	6	11	11	0.0693836
185	7	355	11	1.00482
185	8	618	340	2.1402
185	9	466	407	4.15671
185	10	407	407	1.13325
185	11	4329	407	4.26657
185	12	836	836	2.84193
185	13	470	470	2.6779
185	14	13	13	5.34058e-05
185	15	50256	50256	0.000127792
186	5	19700	606	4.83324
186	6	6588	6588	2.01972
186	7	378	1978	3.60387
186	8	21622	21622	2.21322
186	9	13	13	0.00351715
186	10	50256	50256	0.000606537
187	5	18405	18405	3.44976
187	6	284	284	0.0458441
187	7	2222	4439	3.71453
187	8	15619	12967	4.02128
187	9	1657	1657	1.37026
187	10	284	284	0.0311098
187	11	257	257	0.0931711
187	12	2962	4417	3.8406
187	13	13	13	0.000118256
187	14	50256	50256	0.000389099
188	5	14310	8122	5.14309
188	6	287	287	0.0568686
188	7	8122	8122	2.4833
188	8	284	284	0.108345
188	9	7603	4439	3.54987
188	10	1771	1771	3.82394
188	11	257	257	0.0369663
188	12	4417	4417	1.91899
188	13	318	318	0.344815
188	14	1241	1444	4.04712
188	15	13	13	8.7738e-05
188	16	50256	50256	0.000497818
189	5	262	262	0.0460587
189	6	19517	2258	3.91898
189	7	6896	6896	1.02109
189	8	351	351	0.0972061
189	9	262	262	0.0150261
189	10	2297	3139	3.76937
189	11	6896	6896	0.937719
189	12	13	13	0.00428677
189	13	50256	50256	0.000137329
190	5	269	269	1.58995
190	6	8325	8325	2.28596
190	7	298	298	2.10963
190	8	13100	298	4.82374
190	9	290	290	0.0581884
190	10	318	318	1.2473
190	11	4318	1296	6.09501
190	12	284	284	0.072217
190	13	10469	787	4.90465
190	14	16585	16585	3.19276
190	15	13	13	7.24792e-05
190	16	50256	50256	0.000339508
191	5	3793	3793	2.89217
191	6	284	284	0.063344
191	7	9161	787	5.03073
191	8	1613	1613	2.16699
191	9	1692	1692	2.71102
191	10	14515	14515	2.31975
191	11	13	13	2.09808e-05
191	12	50256	50256	0.000190735
192	5	15715	11685	4.72096
192	6	621	621	0.385496
192	7	8122	734	3.80127
192	8	1660	1660	0.935016
192	9	11	11	0.190165
192	10	523	82	5.46375
192	11	340	340	1.23763
192	12	36016	36016	2.62827
192	13	13	13	7.43866e-05
192	14	50256	50256	0.000259399
193	5	9518	48573	3.71525
193	6	11447	11447	2.64866
193	7	10717	10717	2.69799
193	8	13	13	0.00083065
193	9	50256	50256	0.000350952
194	5	656	656	0.108038
194	6	257	257	0.0251322
194	7	4735	4417	3.44674
194	8	13	13	0.000778198
194	9	50256	50256	0.000768661
195	5	262	262	0.0448027
195	6	779	3139	5.81035
195	7	286	286	0.074934
195	8	1657	734	2.30989
195	9	290	290	0.0603685
195	10	9082	584	4.69976
195	11	287	287	0.0166922
195	12	5874	5874	2.74771
195	13	1242	1242	3.12721
195	14	13	13	4.19617e-05
195	15	50256	50256	0.000173569
196	5	6115	12278	3.19515
196	6	355	355	0.208958
196	7	257	257	0.0894279
196	8	27216	2818	3.9255
196	9	875	875	3.4824
196	10	16912	16912	2.03443
196	11	13	13	0.0084095
196	12	50256	50256	0.000152588
197	5	373	373	1.14839
197	6	257	257	0.105083
197	7	4960	257	7.48759
197	8	6761	22969	3.46501
197	9	286	286	0.0431242
197	10	21641	17745	4.52807
197	11	290	290	0.0340204
197	12	4898	584	3.28431
197	13	9967	1141	3.38602
197	14	20842	20842	2.41276
197	15	13	13	5.14984e-05
197	16	50256	50256	0.000190735
198	5	290	290	0.0420046
198	6	2314	12	4.4102
198	7	47933	47933	2.35255
198	8	832	832	0.14668
198	9	257	257	0.0573044
198	10	2818	2818	2.05986
198	11	17076	17076	2.14788
198	12	13	13	8.7738e-05
198	13	50256	50256	0.000164032
199	5	11945	6588	2.81183
199	6	1978	1978	1.59747
199	7	379	379	0.903756
199	8	867	867	2.16479
199	9	24039	24039	1.46319
199	10	13	13	0.000198364
199	11	50256	50256	0.00094986
200	5	1022	1022	0.53054
200	6	262	262	0.0247459
200	7	37015	976	4.802
200	8	286	286	0.0511436
200	9	8706	47403	3.28662
200	10	290	290	0.0323725
200	11	22721	17456	5.41968
200	12	13	13	0.0077858
200	13	50256	50256	0.000413895
201	5	8850	3668	2.30755
201	6	5405	1080	5.22453
201	7	621	621	0.652533
201	8	832	832	0.985914
201	9	257	257	0.153252
201	10	17076	17076	2.85936
201	11	13	13	0.000156403
201	12	50256	50256	0.000354767
202	5	257	257	0.0605536
202	6	20831	1729	4.59237
202	7	15283	680	4.9474
202	8	9290	546	5.00192
202	9	4143	48331	4.46673
202	10	12073	2173	4.62206
202	11	663	663	0.139605
202	12	3833	1633	3.38993
202	13	13	13	0.000879288
202	14	50256	50256	0.000179291
203	5	44653	28722	5.20819
203	6	389	389	0.375286
203	7	34262	34262	2.46597
203	8	878	878	0.856482
203	9	511	511	1.15719
203	10	15061	5667	4.42945
203	11	36402	36402	3.05835
203	12	1280	1280	2.7989
203	13	13	13	0.000587463
203	14	50256	50256	0.000335693
204	5	329	329	0.60088
204	6	262	262	0.0129499
204	7	3491	734	4.74063
204	8	12	12	0.155524
204	9	16760	820	2.38947
204	10	13888	13888	3.87553
204	11	286	286	0.0202332
204	12	663	663	0.149661
204	13	8234	16488	5.3767
204	14	17894	17894	2.96629
204	15	13	13	0.000387192
204	16	50256	50256	0.00012207
205	5	10396	10396	2.83316
205	6	12610	4886	3.91883
205	7	6143	6143	3.33342
205	8	27452	544	4.76368
205	9	1321	1321	1.35829
205	10	1231	1231	0.622676
205	11	12948	852	3.51993
205	12	1176	1176	3.07214
205	13	13	13	6.10352e-05
205	14	50256	50256	0.000156403
206	5	12091	262	3.70069
206	6	21566	21566	2.65433
206	7	260	1900	4.38472
206	8	739	739	1.4255
206	9	262	262	0.0083046
206	10	3112	976	5.82307
206	11	1438	5931	5.42588
206	12	4424	1231	4.22947
206	13	11751	11751	2.00669
206	14	7459	7459	2.53442
206	15	13	13	0.00350285
206	16	50256	50256	0.000202179
207	5	1863	1863	1.67218
207	6	262	262	0.0037384
207	7	8830	976	4.50573
207	8	1735	2214	3.59025
207	9	286	286	0.026042
207	10	2520	2520	1.98493
207	11	2253	2253	1.30642
207	12	13	13	6.86646e-05
207	13	50256	50256	0.000242233
208	5	257	257	0.0406618
208	6	31607	1729	5.61759
208	7	8122	8122	1.73945
208	8	5732	379	2.84912
208	9	351	351	0.104326
208	10	6795	351	3.38803
208	11	13	13	5.14984e-05
208	12	50256	50256	0.000108719
209	5	3139	3139	1.05762
209	6	1748	1748	1.50348
209	7	286	286	0.0116434
209	8	16519	4492	3.285
209	9	13	13	0.000301361
209	10	50256	50256	0.000181198
210	5	379	379	0.41302
210	6	262	262	0.00800419
210	7	3641	976	5.00015
210	8	286	286	0.0106525
210	9	674	674	1.21165
210	10	6591	6591	0.591758
210	11	1080	1080	0.952752
210	12	13	13	0.00130463
210	13	50256	50256	0.000196457
211	5	4025	8122	4.28617
211	6	2010	2010	2.55039
211	7	2700	2700	2.24545
211	8	11073	11073	2.78894
211	9	257	257	0.0628128
211	10	4025	12278	4.85911
211	11	20309	1276	5.46236
211	12	13	13	0.0095768
211	13	50256	50256	0.000249863
212	5	4656	4656	3.02419
212	6	468	468	0.630026
212	7	6697	6697	2.90423
212	8	6698	1271	5.26709
212	9	3025	3025	3.51602
212	10	3815	3815	2.00996
212	11	751	3815	3.05526
212	12	284	284	0.0340223
212	13	3598	3598	3.34199
212	14	13	13	0.000213623
212	15	50256	50256	0.000156403
213	5	262	262	0.00909519
213	6	1138	976	5.63807
213	7	37670	37670	1.79838
213	8	1042	1042	2.10827
213	9	286	286	0.0168018
213	10	30498	286	3.41893
213	11	13	13	0.000276566
213	12	50256	50256	0.000297546
214	5	16662	1364	3.53003
214	6	284	284	0.0330458
214	7	24949	11684	4.09737
214	8	290	290	0.0300903
214	9	28436	290	4.61258
214	10	2057	2057	1.25333
214	11	13	13	3.8147e-05
214	12	50256	50256	0.000198364
215	5	4257	976	5.32188
215	6	9106	9106	3.97443
215	7	316	316	2.8987
215	8	16982	2630	5.27831
215	9	4879	4879	3.21794
215	10	286	286	0.00782776
215	11	9403	2057	3.65076
215	12	6134	6134	2.3261
215	13	13	13	0.000816345
215	14	50256	50256	0.000305176
216	5	318	318	0.147171
216	6	262	262	0.0829248
216	7	4417	4417	1.52935
216	8	4067	7679	4.36163
216	9	3264	1296	4.69839
216	10	2029	2029	2.03906
216	11	663	663	0.115644
216	12	2962	2134	4.20271
216	13	13	13	0.00877666
216	14	50256	50256	0.000213623
217	5	318	318	0.23838
217	6	9086	925	3.20638
217	7	1022	1022	1.038
217	8	16256	1022	5.67708
217	9	290	290	0.0889626
217	10	46117	663	4.28541
217	11	968	863	4.50831
217	12	22777	13	4.70124
217	13	13	13	4.76837e-05
217	14	50256	50256	0.000226974
218	5	981	981	0.801212
218	6	8868	8868	4.03032
218	7	23822	5594	5.24411
218	8	1022	1022	0.429616
218	9	606	606	1.28093
218	10	13	13	0.00853348
218	11	50256	50256	0.000961304
219	5	8811	925	2.52114
219	6	925	925	1.2147
219	7	422	422	0.145414
219	8	22365	383	6.08568
219	9	388	388	2.45594
219	10	17135	21124	4.49227
219	11	5026	5026	2.02972
219	12	47196	47196	1.43643
219	13	13	13	0.0123205
219	14	50256	50256	0.00019455
220	5	780	780	2.66096
220	6	484	484	1.71865
220	7	389	389	0.571708
220	8	19346	484	4.97289
220	9	621	621	0.198345
220	10	262	262	0.0226469
220	11	7346	3825	3.58435
220	12	6591	6591	1.44507
220	13	4417	1080	2.65132
220	14	13	13	5.91278e-05
220	15	50256	50256	0.000207901
221	5	262	262	0.00490665
221	6	8434	8434	3.08378
221	7	21405	21405	3.46932
221	8	286	286	0.0114422
221	9	1728	867	3.86479
221	10	7150	7150	2.21031
221	11	13	13	0.0259609
221	12	50256	50256	0.000205994
222	5	2187	973	4.30034
222	6	287	287	0.021884
222	7	10801	1944	4.5566
222	8	290	290	0.0147839
222	9	12070	12070	3.75047
222	10	284	284	0.0829411
222	11	4439	284	1.82871
222	12	3056	23938	4.61609
222	13	13	13	8.01086e-05
222	14	50256	50256	0.000286102
223	5	395	395	2.65266
223	6	563	563	1.67633
223	7	28539	1626	4.86973
223	8	2995	607	4.48924
223	9	7346	7346	2.94638
223	10	262	262	0.0297184
223	11	19636	976	5.02045
223	12	29179	29179	2.75175
223	13	286	286	0.0248346
223	14	4492	4492	2.44872
223	15	13	13	0.000213623
223	16	50256	50256	0.000173569
224	5	9565	35988	5.06976
224	6	832	832	0.172486
224	7	35115	35115	2.52477
224	8	13	13	0.00038147
224	9	50256	50256	0.000394821
225	5	16824	3139	4.41945
225	6	262	262	0.0348301
225	7	2159	976	5.70377
225	8	287	287	0.0204668
225	9	412	674	5.00668
225	10	14400	14400	2.71165
225	11	12579	12579	3.13133
225	12	5679	5679	2.54872
225	13	1380	1380	3.41837
225	14	576	576	2.65865
225	15	292	666	4.07415
225	16	376	376	3.20968
225	17	10332	10332	2.71085
225	18	13	13	3.43323e-05
225	19	50256	50256	0.000246048
226	5	257	257	0.0716448
226	6	3288	3288	4.04046
226	7	18645	6268	4.72644
226	8	1022	1022	0.420552
226	9	4881	1022	6.31655
226	10	290	290	0.0228529
226	11	8602	2031	4.64823
226	12	13	13	0.0020237
226	13	50256	50256	0.000476837
227	5	1296	1296	1.30758
227	6	618	618	0.615391
227	7	27163	2010	4.42731
227	8	13166	13166	1.51745
227	9	1716	1716	2.01364
227	10	16001	1063	4.99446
227	11	276	276	0.955348
227	12	290	290	0.152304
227	13	20534	407	5.1489
227	14	276	276	0.999623
227	15	1978	1978	2.21275
227	16	13	13	7.43866e-05
227	17	50256	50256	0.000295639
228	5	5931	5931	1.23699
228	6	4847	5931	3.06614
228	7	287	287	0.0505581
228	8	1502	6134	3.5759
228	9	286	286	0.0648956
228	10	3649	286	4.57654
228	11	17226	4778	3.57029
228	12	1271	1271	1.75524
228	13	13	13	7.82013e-05
228	14	50256	50256	0.000375748
229	5	1141	1141	0.845331
229	6	262	262	0.0126982
229	7	3227	3227	4.21878
229	8	286	286	0.0163221
229	9	18391	1194	4.33146
229	10	4778	4778	0.927526
229	11	13	13	8.39233e-05
229	12	50256	50256	0.000183105
230	5	5931	5931	1.64051
230	6	33543	33543	3.63347
230	7	290	290	0.0619736
230	8	6149	1123	4.60744
230	9	5387	460	4.11889
230	10	15121	282	4.96429
230	11	8573	8573	1.71071
230	12	13	13	0.00015831
230	13	50256	50256	0.000200272
231	5	287	287	0.0674906
231	6	281	281	0.176953
231	7	26433	2134	4.80634
231	8	338	338	0.0366945
231	9	7446	3139	4.03238
231	10	8379	8379	2.09167
231	11	13	13	0.00765228
231	12	50256	50256	0.000284195
232	5	45656	45656	2.09182
232	6	621	621	0.287271
232	7	7424	7424	2.78929
232	8	45725	2266	4.33574
232	9	1657	1657	1.18117
232	10	13	13	0.0019722
232	11	50256	50256	0.000780106
233	5	422	422	0.145469
233	6	11135	383	4.95764
233	7	3812	3812	1.58448
233	8	262	262	0.0212917
233	9	6727	3825	4.92696
233	10	3354	8251	3.83739
233	11	286	286	0.00917339
233	12	257	257	0.133492
233	13	4618	4417	2.81645
233	14	13	13	4.19617e-05
233	15	50256	50256	0.000225067
234	5	11	11	0.0412207
234	6	511	511	0.477918
234	7	781	781	3.46629
234	8	16415	16415	3.40839
234	9	43855	621	4.37161
234	10	606	606	1.94621
234	11	21258	22829	4.83161
234	12	13	13	2.67029e-05
234	13	50256	50256	0.000179291
235	5	338	338	0.0281487
235	6	10861	3139	3.96193
235	7	49831	385	3.21875
235	8	560	560	2.59243
235	9	9335	385	5.92255
235	10	373	373	0.552225
235	11	4624	4624	4.07536
235	12	625	625	0.722333
235	13	465	465	3.26314
235	14	285	285	2.6305
235	15	13929	13929	2.61732
235	16	1431	1431	2.43862
235	17	1182	1080	3.40363
235	18	13	13	2.67029e-05
235	19	50256	50256	0.000112534
236	5	5752	2060	6.55601
236	6	24139	287	5.21794
236	7	1626	1626	1.02507
236	8	257	257	0.0378323
236	9	50126	50126	3.06532
236	10	6831	1716	4.67255
236	11	3084	13166	3.88879
236	12	13	13	0.000953674
236	13	50256	50256	0.000143051
237	5	2168	2168	3.46497
237	6	6673	2173	4.8932
237	7	511	511	0.254972
237	8	4180	4180	1.99135
237	9	1817	1817	2.56323
237	10	13	13	0.000432968
237	11	50256	50256	0.000352859
238	5	379	379	0.68082
238	6	393	262	1.48085
238	7	1474	318	3.92648
238	8	3668	530	3.39263
238	9	338	338	0.0787477
238	10	4417	4417	1.02325
238	11	13	13	0.000146866
238	12	50256	50256	0.000236511
239	5	23426	23426	3.60778
239	6	6007	6007	2.76692
239	7	286	286	0.0306692
239	8	12605	12605	3.80398
239	9	13232	13232	2.79459
239	10	5474	2340	2.96587
239	11	13	13	0.00322151
239	12	50256	50256	0.000225067
240	5	1366	1366	2.29319
240	6	523	1037	4.5519
240	7	326	326	0.357717
240	8	5100	1402	3.01058
240	9	1895	1690	4.24592
240	10	460	460	0.516515
240	11	307	484	2.91232
240	12	5443	4730	4.74365
240	13	13	13	0.00466728
240	14	50256	50256	0.000247955
241	5	636	636	2.27062
241	6	286	286	0.0328674
241	7	262	262	0.0518427
241	8	4865	976	6.20909
241	9	1022	1022	0.52307
241	10	3340	1022	3.87229
241	11	290	290	0.0378962
241	12	262	262	0.00354195
241	13	1578	976	3.05018
241	14	1829	1829	1.05566
241	15	13	13	0.000144958
241	16	50256	50256	0.000463486
242	5	286	286	0.0226545
242	6	14807	2057	5.3307
242	7	287	287	0.031846
242	8	21199	262	2.18278
242	9	7229	7229	0.665704
242	10	13	13	0.00344372
242	11	50256	50256	0.000310898
243	5	262	262	0.0220604
243	6	16936	976	6.00383
243	7	1900	1900	0.528625
243	8	3491	329	7.63783
243	9	284	284	0.0597906
243	10	262	262	0.0181789
243	11	3825	3825	2.46349
243	12	13	13	2.09808e-05
243	13	50256	50256	0.000139236
244	5	5400	5400	2.31897
244	6	287	287	0.0243464
244	7	511	511	0.338043
244	8	30772	30772	2.64371
244	9	13	13	0.0165253
244	10	50256	50256	0.000228882
245	5	3154	5667	6.96588
245	6	5667	5667	0.909743
245	7	379	379	0.284939
245	8	262	262	0.0252447
245	9	1660	1660	2.35806
245	10	338	338	0.104629
245	11	4417	4417	1.17971
245	12	13	13	0.00311279
245	13	50256	50256	0.000211716
246	5	1864	1864	2.1247
246	6	284	284	0.0304585
246	7	511	511	0.914382
246	8	12213	11904	6.02066
246	9	351	351	0.223455
246	10	3867	8122	5.34437
246	11	290	290	0.12942
246	12	31607	5369	5.68624
246	13	21164	21164	2.86234
246	14	13	13	8.2016e-05
246	15	50256	50256	0.000175476
247	5	329	329	0.533689
247	6	496	329	2.03642
247	7	2354	496	4.31168
247	8	257	257	0.0382061
247	9	35881	7226	5.35644
247	10	389	389	0.330069
247	11	4048	4048	2.08356
247	12	13	13	0.000108719
247	13	50256	50256	0.000370026
248	5	262	262	0.032732
248	6	4898	3825	3.48382
248	7	7972	329	3.34984
248	8	1641	1641	1.53532
248	9	3805	3805	1.79574
248	10	663	663	0.144127
248	11	1877	21334	4.81302
248	12	7881	7881	2.75682
248	13	13	13	0.000265121
248	14	50256	50256	0.00034523
249	5	511	511	0.603484
249	6	2057	2057	1.88188
249	7	7525	422	2.27083
249	8	416	416	0.157218
249	9	6600	511	3.08948
249	10	584	584	2.1825
249	11	4695	4695	1.87194
249	12	13	13	3.43323e-05
249	13	50256	50256	0.000225067
250	5	15772	15772	3.29737
250	6	7386	7386	3.23013
250	7	3891	2641	3.9652
250	8	656	656	0.10417
250	9	6101	6101	4.72956
250	10	9405	9405	2.6913
250	11	13	13	8.96454e-05
250	12	50256	50256	0.000267029
251	5	318	318	0.183208
251	6	4055	3917	5.08927
251	7	276	276	0.935699
251	8	287	287	0.0377617
251	9	281	281	0.189603
251	10	11557	11557	2.74858
251	11	1080	1080	0.981659
251	12	13	13	7.05719e-05
251	13	50256	50256	0.000167847
252	5	257	257	0.0216856
252	6	4553	2060	4.09287
252	7	18480	1271	4.8496
252	8	3108	3815	4.4168
252	9	329	329	0.379068
252	10	1123	1123	0.815707
252	11	4151	584	4.17208
252	12	13	13	2.09808e-05
252	13	50256	50256	0.000160217
253	5	973	973	0.78876
253	6	2116	973	5.99032
253	7	12	12	0.124722
253	8	634	820	3.45836
253	9	27554	27554	2.67833
253	10	284	284	0.107028
253	11	7301	4439	3.53315
253	12	607	607	2.24732
253	13	1204	1204	2.67552
253	14	290	290	0.0380163
253	15	5369	5369	1.11793
253	16	13	13	7.62939e-05
253	17	50256	50256	0.000188828
254	5	11904	11904	1.39156
254	6	326	326	0.43521
254	7	1663	373	3.88505
254	8	2641	2641	1.38783
254	9	262	262	0.00753212
254	10	37185	976	5.89819
254	11	286	286	0.0556364
254	12	1232	4898	4.24511
254	13	2454	2454	2.65946
254	14	6134	1641	2.25017
254	15	13	13	7.05719e-05
254	16	50256	50256	0.000167847
255	5	3491	318	4.03671
255	6	287	287	0.0383921
255	7	3668	1660	2.00238
255	8	338	338	0.0399361
255	9	1755	3139	5.35167
255	10	6766	5931	5.92423
255	11	618	618	0.578294
255	12	9569	281	5.06781
255	13	416	416	0.0797186
255	14	4156	38797	4.31465
255	15	5874	5874	2.60117
255	16	22204	22204	1.74146
255	17	13	13	3.8147e-05
255	18	50256	50256	0.000131607
256	5	16968	16968	4.19069
256	6	11	11	0.219661
256	7	3584	11	4.22099
256	8	617	617	2.58268
256	9	5696	5696	2.95473
256	10	17438	278	4.02551
256	11	10338	1231	4.14581
256	12	625	625	0.693398
256	13	1728	300	4.61412
256	14	5951	5951	1.47493
256	15	16069	16069	2.43103
256	16	13	13	8.01086e-05
256	17	50256	50256	0.000242233
257	5	12	12	0.0817013
257	6	7784	12	4.35092
257	7	29984	898	4.12228
257	8	1043	1043	2.06175
257	9	287	287	0.0455246
257	10	5044	1660	3.52368
257	11	4778	4778	0.833689
257	12	13	13	6.48499e-05
257	13	50256	50256	9.34601e-05
258	5	324	2420	4.75034
258	6	2627	3139	5.05547
258	7	262	262	0.0288363
258	8	717	3139	4.60635
258	9	1893	1893	1.10229
258	10	286	286	0.0111532
258	11	3794	1660	4.45139
258	12	287	287	0.0486441
258	13	11445	290	3.40907
258	14	13	13	0.00397396
258	15	50256	50256	0.000190735
259	5	422	422	0.0648556
259	6	543	511	3.09083
259	7	749	484	3.96025
259	8	1660	1660	1.28961
259	9	290	290	0.0215006
259	10	7545	2877	4.16113
259	11	1540	706	4.96755
259	12	2340	2340	1.51975
259	13	423	423	1.8332
259	14	587	10340	6.14573
259	15	4615	4615	1.48597
259	16	13	13	0.000284195
259	17	50256	50256	0.000200272
260	5	422	422	0.119664
260	6	826	734	4.36903
260	7	284	284	0.040657
260	8	1364	1364	2.07178
260	9	13	13	0.00159836
260	10	50256	50256	0.00104141
261	5	286	286	0.0117617
261	6	867	867	1.69774
261	7	1402	1402	1.70887
261	8	12734	1402	3.07449
261	9	11856	12734	4.06105
261	10	1978	1978	1.40064
261	11	13	13	0.000125885
261	12	50256	50256	0.000450134
262	5	3917	3917	1.70008
262	6	351	351	0.106341
262	7	262	262	0.0510683
262	8	4960	976	4.98125
262	9	6260	6260	2.73788
262	10	1001	1001	3.79874
262	11	72	72	2.11207
262	12	911	1431	4.90421
262	13	261	261	2.14899
262	14	1840	13	3.46597
262	15	13	13	0.00178909
262	16	50256	50256	0.00015831
263	5	558	558	2.98523
263	6	504	2630	3.39414
263	7	351	351	0.0774918
263	8	6466	351	4.54591
263	9	276	276	1.00445
263	10	21755	21622	4.05863
263	11	290	290	0.024188
263	12	7097	584	5.54958
263	13	25612	25612	3.3524
263	14	13	13	0.0012207
263	15	50256	50256	0.000154495
264	5	3356	3356	2.85194
264	6	1863	1863	1.92993
264	7	31025	5400	4.45076
264	8	287	287	0.0190496
264	9	3668	3668	1.3151
264	10	338	338	0.062274
264	11	20048	22204	6.00201
264	12	13	13	8.2016e-05
264	13	50256	50256	0.000295639
265	5	318	318	0.135193
265	6	29679	3917	4.57187
265	7	11	11	0.0523386
265	8	543	543	1.79384
265	9	14582	5419	5.65138
265	10	1973	1973	1.44924
265	11	1811	34616	4.36965
265	12	14807	832	3.9758
265	13	13	13	1.90735e-05
265	14	50256	50256	0.000244141
266	5	33274	25041	4.11135
266	6	468	468	0.699653
266	7	27913	12278	4.20982
266	8	1744	5922	5.16777
266	9	3815	3815	1.55261
266	10	329	329	0.292081
266	11	1123	1123	1.572
266	12	16839	584	4.83087
266	13	13	13	4.3869e-05
266	14	50256	50256	0.000120163
267	5	1022	1022	0.976278
267	6	262	262	0.00516224
267	7	2910	1692	3.96161
267	8	290	290	0.0506907
267	9	7346	7346	2.94697
267	10	21379	21379	2.15924
267	11	13	13	0.00534439
267	12	50256	50256	0.000190735
268	5	13042	13042	2.98492
268	6	16524	5563	4.95964
268	7	287	287	0.0573769
268	8	8150	1944	4.94283
268	9	82	82	1.28808
268	10	13	13	0.000177383
268	11	50256	50256	0.000358582
269	5	8701	1633	4.99111
269	6	1641	1641	1.47705
269	7	3805	3805	1.91796
269	8	663	663	0.092638
269	9	4898	21334	4.05384
269	10	88	88	2.39803
269	11	21552	1080	5.22802
269	12	13	13	2.28882e-05
269	13	50256	50256	0.000240326
270	5	10451	1729	4.80524
270	6	552	552	3.70087
270	7	1769	1262	4.31506
270	8	257	257	0.149425
270	9	1988	4417	4.98239
270	10	422	422	0.346084
270	11	584	530	4.32229
270	12	3815	1973	3.37276
270	13	393	393	0.275815
270	14	14700	14700	2.66113
270	15	13	13	5.14984e-05
270	16	50256	50256	0.000133514
271	5	618	618	0.94692
271	6	340	340	1.68679
271	7	468	468	1.10805
271	8	257	257	0.0265646
271	9	7515	4417	6.42171
271	10	1863	1863	1.54138
271	11	281	281	0.339916
271	12	2134	2134	1.87832
271	13	338	338	0.105754
271	14	29358	22204	3.67227
271	15	13	13	0.000900269
271	16	50256	50256	0.000225067
272	5	663	663	0.0816813
272	6	22421	898	4.77162
272	7	981	981	0.796899
272	8	23934	23934	4.16664
272	9	262	262	0.0260124
272	10	20016	976	5.38499
272	11	1022	1022	0.371058
272	12	606	606	1.43048
272	13	13	13	5.53131e-05
272	14	50256	50256	0.000232697
273	5	5667	5667	1.23721
273	6	8811	981	3.29724
273	7	3417	925	4.63311
273	8	355	355	0.135257
273	9	25209	25209	3.91309
273	10	13	13	0.00184727
273	11	50256	50256	0.00028801
274	5	3601	12278	6.51387
274	6	540	385	3.88404
274	7	7128	1231	4.37822
274	8	5241	5241	3.45351
274	9	416	416	0.0487919
274	10	7720	38797	5.02146
274	11	656	656	0.154466
274	12	257	257	0.0142298
274	13	4417	4417	1.79508
274	14	13	13	3.62396e-05
274	15	50256	50256	0.000139236
275	5	4909	4909	1.25495
275	6	27253	23607	4.68507
275	7	11945	11945	1.95318
275	8	13	13	0.000181198
275	9	50256	50256	0.000196457
276	5	530	530	1.33143
276	6	6588	6588	2.53983
276	7	22037	23235	3.32227
276	8	290	290	0.0777655
276	9	734	530	1.69387
276	10	11863	11863	2.74709
276	11	23235	23235	1.77928
276	12	13	13	0.0165119
276	13	50256	50256	0.000278473
277	5	48159	48159	1.87523
277	6	2094	2094	1.41056
277	7	2264	2264	0.968873
277	8	844	844	1.39993
277	9	1258	1258	2.37295
277	10	319	319	0.326287
277	11	465	281	4.88531
277	12	17545	17545	2.62951
277	13	13	13	0.000137329
277	14	50256	50256	0.000135422
278	5	1657	1657	1.4221
278	6	284	284	0.0748911
278	7	3151	787	4.56265
278	8	262	262	0.0302162
278	9	2939	1402	4.58384
278	10	12694	284	4.68368
278	11	329	329	0.231834
278	12	517	867	2.94616
278	13	640	621	5.84502
278	14	13	13	9.15527e-05
278	15	50256	50256	0.000181198
279	5	47969	47969	3.65645
279	6	11	11	0.0598249
279	7	730	407	5.44037
279	8	335	1900	6.68298
279	9	82	82	1.42237
279	10	1845	1845	4.0003
279	11	11	11	0.0665226
279	12	290	290	0.0295238
279	13	285	584	3.20404
279	14	3970	276	3.96563
279	15	21622	21622	2.34462
279	16	13	13	7.82013e-05
279	17	50256	50256	0.000135422
280	5	422	422	0.127354
280	6	11527	3668	3.95077
280	7	45926	326	5.28452
280	8	11	11	0.0475979
280	9	981	981	1.08637
280	10	29049	29049	3.84897
280	11	363	363	1.23708
280	12	76	76	2.87272
280	13	2737	431	6.02631
280	14	1663	1663	1.95233
280	15	18644	2138	3.82211
280	16	422	422	0.0621147
280	17	11527	383	4.32748
280	18	18570	18570	2.53767
280	19	13	13	4.76837e-05
280	20	50256	50256	0.00028801
281	5	16697	584	6.09781
281	6	262	262	0.0481119
281	7	1767	1633	2.98381
281	8	338	338	0.1599
281	9	1660	4417	2.66101
281	10	290	290	0.0490026
281	11	8268	584	4.75134
281	12	5236	5236	2.73453
281	13	13	13	0.000171661
281	14	50256	50256	0.000270844
282	5	1936	12278	4.43066
282	6	16021	16021	2.96442
282	7	3951	3951	2.34743
282	8	13	13	0.00934982
282	9	50256	50256	0.000427246
283	5	1573	1296	4.32313
283	6	351	351	0.196295
283	7	257	257	0.0557165
283	8	3616	19999	6.80352
283	9	2092	1296	4.52041
283	10	284	284	0.173428
283	11	326	326	1.81744
283	12	286	286	0.0471363
283	13	1194	1194	1.49671
283	14	1573	13	6.88086
283	15	13	13	7.82013e-05
283	16	50256	50256	0.000202179
284	5	11	11	0.110514
284	6	262	262	0.0160599
284	7	11087	976	5.42503
284	8	18333	18333	3.1625
284	9	286	286	0.0238523
284	10	257	257	0.113951
284	11	22950	4417	6.19966
284	12	751	751	2.10297
284	13	284	284	0.103433
284	14	11546	284	5.28737
284	15	7370	7370	1.6592
284	16	13	13	8.39233e-05
284	17	50256	50256	0.000331879
285	5	262	262	0.0274591
285	6	1767	1767	2.80456
285	7	416	416	0.108185
285	8	10427	867	6.06222
285	9	319	319	0.115825
285	10	11945	11945	2.66791
285	11	13	13	0.000175476
285	12	50256	50256	0.000558853
286	5	1487	307	6.43131
286	6	262	262	0.0640574
286	7	4571	976	4.43486
286	8	287	287	0.0399895
286	9	543	543	2.086
286	10	257	257	0.110489
286	11	17182	2818	4.38832
286	12	8991	8991	3.52703
286	13	2700	2700	1.90025
286	14	13	13	3.05176e-05
286	15	50256	50256	0.000131607
287	5	422	422	0.216576
287	6	262	262	0.0281773
287	7	9151	3825	4.68658
287	8	981	981	0.702888
287	9	4305	867	4.41938
287	10	749	749	3.0892
287	11	26306	1660	4.98915
287	12	37056	37056	2.86208
287	13	2157	2157	3.20905
287	14	13	13	0.00041008
287	15	50256	50256	0.000230789
288	5	9149	9149	3.05705
288	6	326	326	0.369305
288	7	24624	543	4.61937
288	8	9240	1022	4.30567
288	9	393	393	0.108148
288	10	3520	20762	5.016
288	11	287	287	0.0444193
288	12	511	511	0.393829
288	13	2656	11904	3.70649
288	14	1502	1366	3.46792
288	15	13	13	0.00015831
288	16	50256	50256	0.000131607
289	5	262	262	0.00259399
289	6	2166	3825	5.89963
289	7	286	286	0.0180483
289	8	262	262	0.069459
289	9	5422	3825	4.68108
289	10	1037	1037	1.19706
289	11	2005	606	5.30089
289	12	2057	2057	1.92509
289	13	13	13	6.67572e-05
289	14	50256	50256	0.000236511
290	5	14705	3825	5.7068
290	6	287	287	0.0461216
290	7	674	674	2.53814
290	8	6591	6591	0.635926
290	9	1080	1080	1.13682
290	10	318	318	0.206438
290	11	12548	1444	6.06972
290	12	19606	19606	2.78454
290	13	13	13	0.000795364
290	14	50256	50256	0.00031662
291	5	5207	5207	1.50802
291	6	286	286	0.0337076
291	7	4898	734	3.00566
291	8	1262	1262	0.934717
291	9	987	530	3.95085
291	10	48331	48331	1.32295
291	11	30514	30514	3.52006
291	12	290	290	0.0213747
291	13	20567	5369	3.21514
291	14	13	13	3.62396e-05
291	15	50256	50256	0.00015831
292	5	2656	2060	3.71836
292	6	2060	2060	2.83507
292	7	12	12	0.240988
292	8	26327	820	4.69625
292	9	3815	3815	1.72108
292	10	618	618	1.19126
292	11	30240	30240	4.19425
292	12	287	287	0.0367308
292	13	41002	465	3.83865
292	14	12	12	0.087678
292	15	23	820	3.99119
292	16	13	13	0.000509262
292	17	50256	50256	0.000175476
293	5	12737	12737	2.09631
293	6	287	287	0.0369835
293	7	2877	2877	2.09081
293	8	20296	1626	3.07754
293	9	1231	1231	0.635417
293	10	852	852	1.71112
293	11	13529	852	3.81426
293	12	416	416	0.160188
293	13	883	852	5.05756
293	14	12737	12737	2.02738
293	15	13	13	0.000101089
293	16	50256	50256	0.000207901
294	5	460	460	0.497292
294	6	3067	460	5.20455
294	7	832	832	0.181236
294	8	1111	867	2.9389
294	9	1540	1540	3.86397
294	10	2340	2340	1.62256
294	11	290	290	0.135141
294	12	38236	38236	2.87083
294	13	13	13	0.000141144
294	14	50256	50256	0.000205994
295	5	13991	281	4.1372
295	6	287	287	0.0550213
295	7	3833	281	2.80165
295	8	13	13	0.000164032
295	9	50256	50256	0.000284195
296	5	24742	4909	6.01248
296	6	12	12	0.1811
296	7	14337	820	4.82571
296	8	24438	6268	3.39345
296	9	14921	5563	4.16595
296	10	287	287	0.0565586
296	11	3624	3624	2.97065
296	12	15274	13166	5.63135
296	13	290	290	0.0429869
296	14	3624	584	3.51395
296	15	15180	15180	2.39066
296	16	13	13	7.43866e-05
296	17	50256	50256	0.000127792
297	5	7042	2057	3.09775
297	6	416	416	0.197777
297	7	8902	8902	2.7813
297	8	15134	4635	4.17783
297	9	28856	28856	2.13565
297	10	13	13	0.00345898
297	11	50256	50256	0.00031662
298	5	1402	1402	1.42747
298	6	11	11	0.080204
298	7	9403	9403	2.98316
298	8	12	12	0.156286
298	9	38301	820	4.46281
298	10	37215	37215	3.47551
298	11	431	431	2.52793
298	12	5289	5289	2.26968
298	13	13	13	8.7738e-05
298	14	50256	50256	0.000133514
299	5	338	338	0.125141
299	6	2494	1588	6.27402
299	7	1231	1231	0.95452
299	8	852	852	2.15718
299	9	13529	852	3.7909
299	10	4045	656	3.56283
299	11	287	287	0.0390234
299	12	326	326	1.4705
299	13	6317	6317	2.67718
299	14	13	13	0.000387192
299	15	50256	50256	0.000148773
300	5	1474	1474	1.00181
300	6	262	262	0.00460529
300	7	47441	976	4.89632
300	8	9700	9700	2.47128
300	9	5866	5866	0.8531
300	10	13	13	0.00957775
300	11	50256	50256	0.000434875
301	5	257	257	0.0299015
301	6	3463	2060	4.47488
301	7	286	286	0.0253115
301	8	11711	8706	4.62172
301	9	4961	4961	2.80882
301	10	284	284	0.138794
301	11	663	663	0.286213
301	12	898	898	3.20095
301	13	3463	3463	3.24452
301	14	13	13	6.10352e-05
301	15	50256	50256	0.000162125
302	5	11	11	0.0385714
302	6	2138	2138	0.135499
302	7	621	621	0.106369
302	8	6586	9970	4.39389
302	9	393	393	0.1073
302	10	10930	10930	2.04183
302	11	13	13	8.7738e-05
302	12	50256	50256	0.000263214
303	5	373	373	1.1045
303	6	15283	3170	5.27426
303	7	287	287	0.0279636
303	8	4492	4492	2.91811
303	9	287	287	0.0373774
303	10	1105	4492	3.37978
303	11	1314	1314	2.05775
303	12	13	13	0.000310898
303	13	50256	50256	0.00015831
304	5	78	78	0.978695
304	6	1990	1990	3.44424
304	7	15688	15688	3.31346
304	8	338	338	0.0537338
304	9	10003	1810	4.18283
304	10	290	290	0.0842209
304	11	14944	290	4.69524
304	12	17862	17862	3.47999
304	13	10399	10399	3.58224
304	14	319	319	0.183754
304	15	6882	6163	4.67146
304	16	295	295	2.76066
304	17	371	371	2.62235
304	18	2093	371	3.37824
304	19	10875	10875	1.67837
304	20	1134	10875	5.05564
304	21	709	13	4.17899
304	22	13	13	0.00388908
304	23	50256	50256	0.000120163
305	5	385	385	1.17858
305	6	6486	385	3.96158
305	7	287	287	0.0145807
305	8	644	3139	6.8557
305	9	318	318	0.153387
305	10	783	3917	4.11708
305	11	7137	7137	3.07125
305	12	13	13	0.0054493
305	13	50256	50256	0.000152588
306	5	286	286	0.0332708
306	6	262	262	0.00866318
306	7	1578	976	3.12404
306	8	7526	1829	2.57731
306	9	13	13	4.3869e-05
306	10	50256	50256	0.000164032
307	5	29867	23519	4.33734
307	6	17556	17556	2.85823
307	7	13	13	0.00128174
307	8	50256	50256	0.000602722
308	5	25041	25041	1.36517
308	6	30468	25041	4.08847
308	7	326	326	0.253195
308	8	645	645	1.61973
308	9	2392	2010	3.71743
308	10	8080	8080	2.61114
308	11	8850	8850	1.39912
308	12	4755	3403	4.05873
308	13	21748	21748	3.57558
308	14	13	13	0.000448227
308	15	50256	50256	0.000179291
309	5	3562	3170	4.39854
309	6	416	416	0.148083
309	7	20849	38797	3.95811
309	8	7068	7068	1.89634
309	9	449	449	2.54585
309	10	1211	1211	3.01697
309	11	7273	7273	2.05816
309	12	26361	26361	1.845
309	13	13	13	0.000175476
309	14	50256	50256	0.000207901
310	5	2788	2788	3.10595
310	6	4331	284	5.35556
310	7	326	326	0.293908
310	8	4100	4100	2.46739
310	9	65	65	3.31611
310	10	2788	2788	3.11612
310	11	481	284	3.98678
310	12	1716	1716	1.83477
310	13	5822	1271	5.11483
310	14	13	13	4.95911e-05
310	15	50256	50256	0.00028038
311	5	5865	5865	2.59971
311	6	15417	5865	5.80976
311	7	389	389	0.353403
311	8	7310	7310	3.13598
311	9	8950	8950	3.15906
311	10	13	13	0.000322342
311	11	50256	50256	0.000225067
312	5	28028	2173	4.35772
312	6	1141	1141	0.881517
312	7	262	262	0.0429516
312	8	1218	1767	4.04456
312	9	39210	37078	4.92478
312	10	37078	37078	1.71903
312	11	13	13	0.000202179
312	12	50256	50256	0.000312805
313	5	2685	2685	2.40589
313	6	26161	373	3.29277
313	7	1657	1657	2.04856
313	8	656	656	0.199897
313	9	12278	1194	2.66048
313	10	2568	2568	0.801842
313	11	13	13	6.86646e-05
313	12	50256	50256	0.000282288
314	5	355	355	0.1777
314	6	2153	281	4.41418
314	7	2611	2611	3.09831
314	8	3608	284	5.01573
314	9	82	82	1.95588
314	10	379	379	0.433125
314	11	3095	8850	5.25403
314	12	12	12	0.245743
314	13	78	1296	3.55478
314	14	5829	16912	4.07699
314	15	5755	5755	3.38843
314	16	3212	3212	2.5165
314	17	13	13	0.00678444
314	18	50256	50256	0.000202179
315	5	407	407	1.38997
315	6	3706	645	4.86907
315	7	12622	1141	3.35713
315	8	45738	45738	1.83725
315	9	13	13	0.019578
315	10	50256	50256	0.000173569
316	5	262	262	0.00926113
316	6	21231	976	5.73093
316	7	8769	9403	4.07022
316	8	78	78	1.42779
316	9	43397	43397	4.08236
316	10	257	257	0.0350885
316	11	5766	2818	4.93598
316	12	286	286	0.0319433
316	13	530	530	1.09981
316	14	7319	7319	2.46171
316	15	13	13	0.00498962
316	16	50256	50256	0.000120163
317	5	29260	29260	3.89936
317	6	692	692	2.77033
317	7	295	295	3.15413
317	8	4193	371	3.56351
317	9	42790	290	4.24501
317	10	14075	290	3.91587
317	11	13550	13550	2.295
317	12	34619	34619	1.24393
317	13	746	746	2.21085
317	14	82	82	1.39457
317	15	287	287	0.0382242
317	16	262	262	0.00336838
317	17	29666	976	5.84892
317	18	4289	4289	1.30232
317	19	13	13	6.67572e-05
317	20	50256	50256	0.000120163
318	5	925	925	0.887216
318	6	422	422	0.227512
318	7	373	262	2.89385
318	8	17914	3170	3.59838
318	9	2058	278	5.02099
318	10	8384	8384	1.46349
318	11	422	422	0.369482
318	12	663	663	0.212994
318	13	1036	21334	5.24419
318	14	515	278	3.59246
318	15	10717	706	4.17392
318	16	13	13	0.00019455
318	17	50256	50256	0.00030899
319	5	422	422	0.188126
319	6	262	262	0.00784111
319	7	16577	3825	4.6131
319	8	9529	9529	3.43908
319	9	528	528	2.47156
319	10	2586	8573	3.80957
319	11	286	286	0.0141697
319	12	262	262	0.0171509
319	13	7858	976	5.73798
319	14	946	6896	4.37163
319	15	4618	4618	1.45877
319	16	13	13	0.00291157
319	17	50256	50256	0.000169754
320	5	286	286	0.0613394
320	6	262	262	0.0108938
320	7	12108	3139	3.29299
320	8	286	286	0.0107431
320	9	5828	5828	1.84998
320	10	13	13	0.00116158
320	11	50256	50256	0.000234604
321	5	37185	584	5.77172
321	6	7268	48331	4.41122
321	7	262	262	0.0579882
321	8	11904	3139	3.81303
321	9	973	973	2.06557
321	10	284	284	0.378806
321	11	787	787	2.35373
321	12	11311	11311	3.57454
321	13	13	13	0.000602722
321	14	50256	50256	0.000589371
322	5	29909	14583	4.75629
322	6	3348	3348	2.61712
322	7	656	656	0.155403
322	8	15268	15268	2.92347
322	9	13	13	0.000350952
322	10	50256	50256	0.000387192
323	5	734	734	1.06016
323	6	5621	318	4.02857
323	7	286	286	0.0724916
323	8	14390	867	5.73868
323	9	11	11	0.0893536
323	10	8811	8811	1.43167
323	11	1444	1444	1.50562
323	12	25825	25825	3.15253
323	13	290	290	0.0152559
323	14	356	584	4.80389
323	15	701	701	3.29871
323	16	13	13	0.000743866
323	17	50256	50256	0.000171661
324	5	257	257	0.0464487
324	6	1573	8122	5.0192
324	7	338	338	0.0604572
324	8	2779	4417	5.72665
324	9	11	11	0.0629625
324	10	9472	407	3.49855
324	11	257	257	0.0680103
324	12	35488	1729	5.73092
324	13	318	318	0.141562
324	14	7223	1444	5.9001
324	15	706	706	1.38761
324	16	340	340	1.21931
324	17	13	13	4.19617e-05
324	18	50256	50256	0.000146866
325	5	3912	3139	5.09968
325	6	1900	1900	0.565335
325	7	355	355	0.106032
325	8	26153	15317	4.37186
325	9	338	338	0.0697088
325	10	16734	16734	2.64112
325	11	13	13	3.24249e-05
325	12	50256	50256	0.000171661
326	5	318	318	0.107151
326	6	25086	281	5.44281
326	7	13	13	0.00449944
326	8	50256	50256	0.000793457
327	5	976	976	1.89585
327	6	1986	6115	6.0378
327	7	3812	460	2.41167
327	8	3668	511	2.32067
327	9	780	389	3.65737
327	10	663	663	0.230773
327	11	13179	1633	4.18639
327	12	290	290	0.077734
327	13	13066	584	4.50927
327	14	389	389	0.657363
327	15	47192	47192	3.00266
327	16	13	13	0.000265121
327	17	50256	50256	0.000188828
328	5	20199	5207	3.38397
328	6	1779	418	4.96808
328	7	4541	287	5.26404
328	8	4291	739	2.75066
328	9	257	257	0.107313
328	10	4417	4417	1.25055
328	11	32162	7679	5.58864
328	12	2174	2174	3.64292
328	13	262	262	0.0182819
328	14	1633	4417	2.62659
328	15	338	338	0.195492
328	16	390	22204	4.90019
328	17	86	86	2.68262
328	18	966	966	2.11968
328	19	13	13	0.00141811
328	20	50256	50256	0.000169754
329	5	262	262	0.0391083
329	6	2612	976	5.74533
329	7	11	11	0.039094
329	8	2138	2138	0.181772
329	9	621	621	0.107636
329	10	6872	2641	5.19508
329	11	340	340	1.02894
329	12	1497	1497	3.29173
329	13	13	13	0.00112915
329	14	50256	50256	0.000535965
330	5	1688	2060	4.8165
330	6	26041	269	4.35851
330	7	1748	1748	1.59842
330	8	287	287	0.0354567
330	9	1944	1944	1.86798
330	10	12	12	0.0425692
330	11	820	820	1.81522
330	12	32183	32183	2.92144
330	13	13	13	7.43866e-05
330	14	50256	50256	0.000146866
331	5	2347	4417	4.92721
331	6	318	318	0.158877
331	7	17298	340	4.6608
331	8	287	287	0.0253897
331	9	663	663	0.105346
331	10	29984	1602	4.60955
331	11	13	13	0.00164127
331	12	50256	50256	0.000650406
332	5	257	257	0.0854244
332	6	46103	7226	5.75476
332	7	326	326	0.19905
332	8	8186	460	4.74757
332	9	728	276	5.50846
332	10	416	416	0.146016
332	11	16299	38797	3.73041
332	12	9653	5951	4.46523
332	13	13	13	3.05176e-05
332	14	50256	50256	0.00015831
333	5	33828	2173	3.95824
333	6	2630	2630	1.71481
333	7	262	262	0.00951385
333	8	4960	976	5.45959
333	9	670	5207	4.57128
333	10	383	383	1.55094
333	11	17388	23165	3.17534
333	12	286	286	0.00909138
333	13	5215	5215	3.94306
333	14	7285	7285	2.10564
333	15	13	13	0.00461006
333	16	50256	50256	0.00022316
334	5	656	656	0.127046
334	6	262	262	0.0249825
334	7	12108	3139	3.32867
334	8	286	286	0.0132265
334	9	5828	5828	1.63156
334	10	13	13	0.000144958
334	11	50256	50256	0.000200272
335	5	1146	1146	0.887917
335	6	14523	1146	4.15865
335	7	12076	2094	4.90406
335	8	4755	276	4.25872
335	9	5419	5419	1.20387
335	10	7716	5419	4.51125
335	11	663	663	0.130757
335	12	14091	14091	3.37501
335	13	2214	2214	1.57058
335	14	13	13	8.7738e-05
335	15	50256	50256	0.000154495
336	5	416	416	0.161592
336	6	281	281	0.200523
336	7	12064	2134	4.12386
336	8	900	900	2.13967
336	9	13	13	0.00109673
336	10	50256	50256	0.000228882
337	5	4387	3139	7.23428
337	6	2877	2877	1.49782
337	7	5044	1660	3.83823
337	8	416	416	0.479274
337	9	2347	867	5.79909
337	10	13	13	0.000112534
337	11	50256	50256	0.000249863
338	5	318	318	0.183228
338	6	281	281	0.196112
338	7	12628	2134	4.86528
338	8	1286	1286	2.63953
338	9	35162	35162	1.9059
338	10	19955	19955	3.40975
338	11	17116	17116	1.58114
338	12	13	13	0.000114441
338	13	50256	50256	0.000192642
339	5	1255	8811	4.68879
339	6	422	422	0.0620365
339	7	4802	5400	5.67039
339	8	29358	29358	2.91919
339	9	286	286	0.0192108
339	10	32085	5667	3.52076
339	11	729	729	2.32029
339	12	416	416	0.228594
339	13	739	739	2.97199
339	14	8583	739	3.51433
339	15	29781	29781	3.71869
339	16	13	13	0.00300312
339	17	50256	50256	0.000480652
340	5	4417	4417	1.5356
340	6	11	11	0.333304
340	7	340	340	1.47163
340	8	318	318	0.189779
340	9	1444	1444	0.719492
340	10	28856	663	2.78485
340	11	13	13	0.00548744
340	12	50256	50256	0.000331879
341	5	31094	31094	2.43872
341	6	9813	12	6.01961
341	7	3067	460	5.44126
341	8	379	379	0.454947
341	9	262	262	0.00799561
341	10	976	976	2.82544
341	11	2866	2134	4.22366
341	12	13	13	0.00396538
341	13	50256	50256	0.000156403
342	5	338	338	0.0500584
342	6	3139	3139	0.773946
342	7	11	11	0.0601711
342	8	319	319	0.217769
342	9	262	262	0.00502014
342	10	2258	3139	3.00337
342	11	5451	6896	2.41335
342	12	13	13	0.00232887
342	13	50256	50256	0.000146866
343	5	290	290	0.0255899
343	6	262	262	0.0195351
343	7	7431	976	5.33959
343	8	323	323	2.10782
343	9	2271	544	5.1213
343	10	389	389	0.461261
343	11	1688	281	4.38203
343	12	46178	46178	2.1434
343	13	2462	2462	2.28293
343	14	873	2462	3.72807
343	15	13	13	0.00222969
343	16	50256	50256	0.000244141
344	5	3303	3303	2.59355
344	6	13	13	0.00601482
344	7	50256	50256	0.00149536
345	5	338	338	0.0922079
345	6	1588	1588	2.50527
345	7	14966	12278	5.45488
345	8	389	389	0.32966
345	9	20633	34262	4.76284
345	10	416	416	0.0859032
345	11	16021	16021	3.51933
345	12	300	300	1.55433
345	13	600	38621	3.10073
345	14	1424	5074	4.08281
345	15	13	13	0.000339508
345	16	50256	50256	0.000293732
346	5	262	262	0.0400829
346	6	717	3825	3.64551
346	7	1893	1893	1.50835
346	8	286	286	0.0203304
346	9	16256	867	5.62819
346	10	706	706	1.664
346	11	663	663	0.220248
346	12	39862	21334	4.66391
346	13	286	286	0.0362148
346	14	10404	10404	3.00845
346	15	13	13	5.14984e-05
346	16	50256	50256	0.000137329
347	5	1022	1022	0.365999
347	6	5387	1022	3.76044
347	7	21379	21379	2.16946
347	8	290	290	0.0545263
347	9	262	262	0.0290337
347	10	7097	262	5.84146
347	11	2858	6896	4.65967
347	12	13	13	0.000923157
347	13	50256	50256	0.000185013
348	5	17598	8811	5.05434
348	6	318	318	0.108351
348	7	262	262	0.0523958
348	8	4756	976	4.91064
348	9	832	832	0.17742
348	10	543	281	2.59869
348	11	4704	6591	4.1305
348	12	8318	8318	2.43468
348	13	13	13	5.34058e-05
348	14	50256	50256	0.000265121
349	5	257	257	0.0938292
349	6	8122	8122	2.10514
349	7	416	416	0.283044
349	8	10829	38797	5.42376
349	9	5365	5365	3.13152
349	10	26758	26758	4.09892
349	11	17745	17745	1.38306
349	12	13	13	2.67029e-05
349	13	50256	50256	0.000185013
350	5	12912	1440	5.47876
350	6	5696	5696	2.74904
350	7	7668	278	5.1516
350	8	351	351	0.109262
350	9	8977	7408	5.8593
350	10	290	290	0.062377
350	11	26898	584	6.95345
350	12	13166	13166	1.46111
350	13	13	13	0.000177383
350	14	50256	50256	0.000152588
351	5	14281	257	4.81593
351	6	393	393	0.118997
351	7	28402	44400	5.45924
351	8	7334	1271	5.76728
351	9	329	329	0.284948
351	10	663	663	0.10818
351	11	7956	21334	4.62186
351	12	5250	5585	4.21986
351	13	15921	15921	1.72993
351	14	13	13	8.01086e-05
351	15	50256	50256	0.000259399
352	5	11471	11471	2.98364
352	6	11	11	0.0620766
352	7	41331	5419	4.91477
352	8	286	286	0.029727
352	9	21558	543	3.97831
352	10	460	460	0.723245
352	11	307	307	2.57287
352	12	24167	925	4.29456
352	13	284	284	0.031683
352	14	1296	1296	1.60256
352	15	262	262	0.0120564
352	16	7714	3825	4.61554
352	17	286	286	0.0292301
352	18	257	257	0.0849915
352	19	8837	5002	4.63694
352	20	13	13	0.000198364
352	21	50256	50256	0.000141144
353	5	504	973	3.84796
353	6	23470	23470	2.83155
353	7	36364	36364	2.76521
353	8	1777	1777	2.53969
353	9	2367	2138	4.71381
353	10	656	656	0.116801
353	11	37285	15268	5.0357
353	12	338	338	0.043932
353	13	6450	22204	5.03332
353	14	6440	16912	4.9614
353	15	41724	41724	2.68415
353	16	13	13	0.000213623
353	17	50256	50256	0.000205994
354	5	4577	4577	3.14821
354	6	284	284	0.0341778
354	7	10716	4439	4.24806
354	8	416	416	0.138796
354	9	9194	9194	3.70472
354	10	7842	7150	4.59666
354	11	1431	1431	2.55405
354	12	4263	2057	3.25176
354	13	13	13	0.000164032
354	14	50256	50256	0.000387192
355	5	3623	3623	2.62225
355	6	326	326	0.409518
355	7	30174	460	3.93146
355	8	691	925	4.4146
355	9	351	351	0.0976801
355	10	1049	351	4.50645
355	11	8722	1690	4.96407
355	12	739	739	1.04227
355	13	8850	8850	1.72208
355	14	3403	3403	1.97242
355	15	13	13	4.19617e-05
355	16	50256	50256	0.000127792
356	5	318	318	0.187163
356	6	257	257	0.0468378
356	7	31513	2524	4.26208
356	8	8598	8598	2.27687
356	9	287	287	0.0710382
356	10	38131	281	3.10913
356	11	37270	37270	3.53748
356	12	13	13	0.000530243
356	13	50256	50256	0.000143051
357	5	7285	7285	2.08823
357	6	351	351	0.219031
357	7	262	262	0.0170937
357	8	289	976	5.61115
357	9	343	739	4.42022
357	10	363	363	1.24151
357	11	2271	363	4.97686
357	12	290	290	0.105
357	13	479	5369	5.40853
357	14	265	265	2.76947
357	15	461	265	5.49396
357	16	2271	82	4.12542
357	17	27226	290	4.14004
357	18	397	397	2.73982
357	19	3166	9869	3.72553
357	20	13	13	0.000143051
357	21	50256	50256	0.000150681
358	5	2237	2237	2.20922
358	6	13042	13042	3.00411
358	7	13	13	0.00351334
358	8	50256	50256	0.00030899
359	5	46916	46916	1.95716
359	6	286	286	0.0342836
359	7	530	530	1.55377
359	8	8122	1271	3.08544
359	9	34646	468	4.74649
359	10	287	287	0.0384398
359	11	1194	1194	1.97919
359	12	2296	2296	3.43715
359	13	2304	666	4.40191
359	14	856	14355	4.18622
359	15	8122	8122	1.66364
359	16	13	13	5.72205e-05
359	17	50256	50256	0.000261307
360	5	890	18064	5.39232
360	6	14659	1900	6.15018
360	7	7042	1900	3.45443
360	8	422	422	0.104948
360	9	4555	4555	2.95938
360	10	37880	37880	2.62926
360	11	2615	1900	3.94036
360	12	7021	1900	4.42822
360	13	13	13	8.58307e-05
360	14	50256	50256	0.000730515
361	5	3812	3812	2.19236
361	6	1657	734	2.97267
361	7	832	832	0.315419
361	8	257	257	0.422379
361	9	2882	4417	5.00335
361	10	1444	1444	0.571504
361	11	2825	257	4.69745
361	12	34248	22829	4.79276
361	13	1042	1042	1.93102
361	14	13	13	0.00374222
361	15	50256	50256	0.00028801
362	5	286	286	0.0305109
362	6	262	262	0.00412178
362	7	13387	262	4.62821
362	8	286	286	0.022047
362	9	262	262	0.00875473
362	10	311	976	4.5363
362	11	32248	32248	2.61673
362	12	32939	32939	2.50347
362	13	13	13	5.72205e-05
362	14	50256	50256	0.000337601
363	5	9030	9030	2.68157
363	6	973	973	0.825914
363	7	28713	973	3.10412
363	8	284	284	0.0418921
363	9	2746	2746	3.22289
363	10	37209	37209	2.83715
363	11	16006	16006	1.6847
363	12	13	13	0.000896454
363	13	50256	50256	0.000576019
364	5	35831	12278	4.78527
364	6	26664	26664	3.31258
364	7	4735	4735	2.45929
364	8	422	422	0.0935249
364	9	257	257	0.0574732
364	10	8122	8122	1.83254
364	11	13	13	0.000921249
364	12	50256	50256	0.000293732
365	5	290	290	0.0918455
365	6	1336	1123	6.20847
365	7	31093	832	3.76963
365	8	11	11	0.0713854
365	9	618	618	1.61213
365	10	6591	6591	1.32828
365	11	290	290	0.152281
365	12	25572	584	5.10981
365	13	40738	4618	4.98721
365	14	3048	3048	3.60953
365	15	19594	16912	5.35489
365	16	1123	1123	0.694366
365	17	584	584	1.06552
365	18	13	13	0.000112534
365	19	50256	50256	8.58307e-05
366	5	4477	4477	3.0551
366	6	881	881	1.30495
366	7	286	286	0.028882
366	8	663	663	0.0972805
366	9	1903	21334	4.73677
366	10	2478	416	2.74349
366	11	2641	2641	1.04635
366	12	663	663	0.0856047
366	13	2802	21334	5.28265
366	14	338	338	0.0390129
366	15	36594	22204	4.29961
366	16	13	13	5.91278e-05
366	17	50256	50256	0.000240326
367	5	3734	3734	4.53507
367	6	32908	973	4.76637
367	7	326	326	0.251325
367	8	3342	3407	4.14635
367	9	2344	2344	3.47419
367	10	39895	1231	4.45218
367	11	282	282	2.87903
367	12	13	13	0.00413513
367	13	50256	50256	0.000328064
368	5	422	422	0.111127
368	6	262	262	0.0118322
368	7	21405	13204	3.86506
368	8	286	286	0.0181665
368	9	269	269	2.10508
368	10	967	8325	3.42362
368	11	26210	26210	4.56784
368	12	7150	7150	2.01647
368	13	13	13	0.000259399
368	14	50256	50256	0.00043869
369	5	26948	2134	5.9577
369	6	318	318	0.205162
369	7	257	257	0.039463
369	8	9403	9403	2.9791
369	9	13	13	0.00163269
369	10	50256	50256	0.000160217
370	5	1321	1321	1.36998
370	6	355	355	0.171345
370	7	880	880	2.96697
370	8	355	355	0.192883
370	9	663	663	0.0973902
370	10	21437	21334	3.82947
370	11	13	13	5.53131e-05
370	12	50256	50256	0.000238419
371	5	1735	4417	4.14082
371	6	4129	636	3.8447
371	7	15082	15082	3.9268
371	8	444	3716	5.0039
371	9	663	663	0.235532
371	10	1989	16488	4.19167
371	11	416	416	0.104943
371	12	1440	530	2.81744
371	13	13	13	0.000144958
371	14	50256	50256	0.000339508
372	5	14807	5563	3.82515
372	6	1444	1444	0.425688
372	7	262	262	0.0398846
372	8	2258	2258	2.44971
372	9	5451	5451	2.45825
372	10	290	290	0.0205288
372	11	2520	2520	2.81832
372	12	5451	7229	3.81335
372	13	13	13	7.05719e-05
372	14	50256	50256	0.000188828
373	5	262	262	0.00871277
373	6	4151	976	4.50465
373	7	832	832	0.377418
373	8	262	262	0.0118113
373	9	34047	976	3.80165
373	10	13	13	0.000118256
373	11	50256	50256	0.000217438
374	5	286	286	0.056674
374	6	262	262	0.0253563
374	7	25730	25730	3.03667
374	8	17628	17628	1.64679
374	9	3923	3923	2.16271
374	10	13	13	8.01086e-05
374	11	50256	50256	0.000160217
375	5	4069	1271	4.9513
375	6	351	351	0.0924139
375	7	281	281	0.216899
375	8	2938	11557	5.07534
375	9	1255	1255	2.69457
375	10	13	13	0.00816059
375	11	50256	50256	0.000183105
376	5	8830	8830	3.7806
376	6	3340	6268	3.72433
376	7	290	290	0.0301056
376	8	262	262	0.00492382
376	9	1578	262	3.388
376	10	1829	1829	0.941395
376	11	13	13	0.000133514
376	12	50256	50256	0.00043869
377	5	17517	17517	2.38984
377	6	287	287	0.0517721
377	7	15142	635	5.40785
377	8	318	318	0.0863991
377	9	7173	3917	5.0237
377	10	3917	3917	1.13377
377	11	351	351	0.0745821
377	12	7068	7068	2.29659
377	13	9261	449	4.09585
377	14	72	72	2.26707
377	15	402	402	2.40128
377	16	31330	31330	2.51859
377	17	13	13	7.24792e-05
377	18	50256	50256	0.00015831
378	5	284	284	0.0346441
378	6	663	663	0.0971136
378	7	8373	21334	3.46188
378	8	13	13	3.05176e-05
378	9	50256	50256	0.000247955
379	5	1748	1748	2.23504
379	6	351	351	0.201206
379	7	3881	1296	3.08823
379	8	12	12	0.278936
379	9	8968	820	4.94886
379	10	28814	6896	3.38575
379	11	287	287	0.0321016
379	12	8078	281	3.43935
379	13	13	13	4.19617e-05
379	14	50256	50256	0.00012207
380	5	257	257	0.0496702
380	6	6994	257	5.88827
380	7	1271	1271	1.6428
380	8	13	13	0.000213623
380	9	50256	50256	0.000139236
381	5	2392	2010	3.82332
381	6	28400	8080	3.8702
381	7	621	621	0.146329
381	8	4171	621	5.88181
381	9	7424	7424	2.52571
381	10	1657	1657	1.36056
381	11	13	13	8.7738e-05
381	12	50256	50256	0.000415802
382	5	21622	21622	2.02464
382	6	416	416	0.146693
382	7	511	511	0.508254
382	8	6625	11904	4.95315
382	9	284	284	0.0311289
382	10	34688	284	3.34637
382	11	13	13	0.00044632
382	12	50256	50256	0.000148773
383	5	12866	12866	2.50371
383	6	278	278	1.17615
383	7	20365	278	4.89895
383	8	3033	3033	1.37503
383	9	262	262	0.0427904
383	10	2095	976	6.07175
383	11	25846	389	4.79231
383	12	565	565	3.50788
383	13	733	733	3.14167
383	14	13	13	0.00280762
383	15	50256	50256	0.000230789
384	5	313	48406	4.13272
384	6	48406	48406	2.57708
384	7	50195	50195	2.61315
384	8	6296	925	3.56308
384	9	24287	319	2.89813
384	10	286	286	0.0247822
384	11	3660	286	5.64949
384	12	5828	5828	2.01172
384	13	2254	2254	4.17141
384	14	13	13	0.00119591
384	15	50256	50256	0.000247955
385	5	2618	820	6.65352
385	6	1080	1080	1.07279
385	7	11	11	0.0677032
385	8	257	257	0.0247545
385	9	5421	1588	5.33007
385	10	29973	29973	2.76074
385	11	13066	29973	5.56811
385	12	318	318	0.18807
385	13	281	281	0.347356
385	14	30004	2134	4.69791
385	15	541	541	2.74851
385	16	325	11	2.92155
385	17	13	13	0.0384569
385	18	50256	50256	0.000152588
386	5	7729	416	4.17029
386	6	422	422	0.087141
386	7	7446	7840	3.94841
386	8	284	284	0.0731173
386	9	12183	4439	4.46658
386	10	418	418	1.28726
386	11	2586	1641	3.8344
386	12	13	13	5.14984e-05
386	13	50256	50256	0.000261307
387	5	12022	2094	3.97554
387	6	373	373	0.773947
387	7	257	257	0.22619
387	8	1748	1271	3.68686
387	9	286	286	0.00911427
387	10	262	262	0.211276
387	11	6156	976	4.24786
387	12	1423	544	4.07332
387	13	385	385	1.41123
387	14	6916	21124	4.34337
387	15	14355	14355	2.37864
387	16	13	13	0.00038147
387	17	50256	50256	0.00015831
388	5	656	656	0.186946
388	6	257	257	0.245135
388	7	1296	1296	2.66335
388	8	5292	257	3.61646
388	9	284	284	0.063942
388	10	21363	4439	4.67415
388	11	663	663	0.148905
388	12	10154	5186	4.80522
388	13	13	13	0.00182533
388	14	50256	50256	0.000488281
389	5	8899	8899	2.1774
389	6	35076	8899	4.17469
389	7	18180	18180	3.1596
389	8	3745	318	5.88326
389	9	257	257	0.187233
389	10	1588	1588	2.39832
389	11	25979	1444	3.30758
389	12	287	287	0.0303135
389	13	19483	674	5.22457
389	14	290	290	0.0269747
389	15	3794	584	3.64504
389	16	13	13	9.91821e-05
389	17	50256	50256	0.000131607
390	5	1296	1296	0.870955
390	6	257	257	0.0558224
390	7	14153	2060	4.25964
390	8	1339	307	5.50283
390	9	1088	1088	1.32628
390	10	262	262	0.0371695
390	11	3632	976	6.04969
390	12	13	13	0.00163651
390	13	50256	50256	0.00030899
391	5	1262	1262	0.98923
391	6	12278	12278	1.48998
391	7	10425	2568	5.05208
391	8	290	290	0.0635624
391	9	5931	5931	1.66703
391	10	2085	2085	3.37601
391	11	9302	9302	2.53586
391	12	13	13	4.57764e-05
391	13	50256	50256	0.000104904
392	5	286	286	0.0968332
392	6	257	257	0.0137043
392	7	6808	2060	7.48627
392	8	11	11	0.038003
392	9	257	257	0.0406713
392	10	1688	2060	4.95116
392	11	2368	5931	5.30775
392	12	11	11	0.0491791
392	13	290	290	0.0596256
392	14	257	257	0.0608416
392	15	2818	2818	2.45484
392	16	8150	17076	4.35842
392	17	13	13	0.000335693
392	18	50256	50256	0.000162125
393	5	734	734	1.56111
393	6	3891	832	4.35976
393	7	329	329	0.282169
393	8	262	262	0.0342302
393	9	976	976	2.38175
393	10	33158	7319	4.80421
393	11	13833	13833	3.44389
393	12	13	13	0.00263214
393	13	50256	50256	0.000205994
394	5	3578	2173	5.84351
394	6	38575	262	4.04324
394	7	13871	1627	4.35941
394	8	621	621	0.291357
394	9	262	262	0.00415802
394	10	1388	8434	4.28174
394	11	5046	5046	2.87091
394	12	3436	3436	3.75189
394	13	13	13	0.000247955
394	14	50256	50256	0.000431061
395	5	44504	44504	2.86337
395	6	422	422	0.103296
395	7	12734	1194	3.62557
395	8	290	290	0.0239992
395	9	10385	484	6.14893
395	10	340	340	1.02432
395	11	656	656	0.241856
395	12	12498	10340	4.65553
395	13	13	13	2.67029e-05
395	14	50256	50256	0.000198364
396	5	832	832	0.143682
396	6	257	257	0.11786
396	7	1429	5931	4.93935
396	8	1444	1444	0.372481
396	9	285	285	3.34166
396	10	13929	13929	2.60552
396	11	2649	1431	3.53606
396	12	13	13	0.00337601
396	13	50256	50256	0.000181198
397	5	422	422	0.0940838
397	6	262	262	0.00625801
397	7	25572	976	5.13981
397	8	4417	4417	1.12483
397	9	13	13	0.000270844
397	10	50256	50256	0.000240326
398	5	11	11	0.915958
398	6	475	407	4.59048
398	7	407	407	1.05579
398	8	790	5419	5.00196
398	9	35991	4417	4.57354
398	10	318	318	0.610019
398	11	257	257	0.451756
398	12	6616	1296	5.74161
398	13	13	13	0.0112991
398	14	50256	50256	0.000255585
399	5	618	618	0.746196
399	6	663	663	0.138488
399	7	13042	4417	4.21047
399	8	12611	284	4.11547
399	9	378	378	2.7846
399	10	706	706	1.21506
399	11	852	852	1.92106
399	12	458	706	3.50953
399	13	17758	34387	3.14549
399	14	13	13	0.00379181
399	15	50256	50256	0.000120163
400	5	4351	416	5.76188
400	6	416	416	0.113794
400	7	15637	38797	4.29306
400	8	369	369	3.93087
400	9	11124	385	4.4146
400	10	290	290	0.048254
400	11	24748	3624	4.52715
400	12	596	6591	3.82175
400	13	1022	1022	0.331612
400	14	663	663	0.170981
400	15	7714	16488	4.68964
400	16	13	13	0.000589371
400	17	50256	50256	0.00025177
401	5	1458	973	4.53906
401	6	1437	973	4.96941
401	7	355	355	0.207136
401	8	340	340	1.27727
401	9	30174	5419	4.13382
401	10	351	351	0.197602
401	11	15938	1194	5.82278
401	12	287	287	0.0371923
401	13	663	663	0.227329
401	14	21334	21334	1.78176
401	15	13	13	4.3869e-05
401	16	50256	50256	0.00025177
402	5	373	373	0.680375
402	6	3170	3170	0.899394
402	7	329	329	0.4675
402	8	262	262	0.017683
402	9	6342	3139	5.39603
402	10	45357	45357	2.65639
402	11	286	286	0.0130825
402	12	49545	49545	2.1302
402	13	13	13	0.00575066
402	14	50256	50256	0.000242233
403	5	15268	257	4.06823
403	6	290	290	0.033699
403	7	13532	307	5.40449
403	8	2427	2427	2.73439
403	9	286	286	0.0101957
403	10	691	7446	4.82817
403	11	257	257	0.158752
403	12	5969	2060	5.20256
403	13	10706	10706	2.46846
403	14	286	286	0.0665665
403	15	17848	17848	1.81077
403	16	13	13	0.000255585
403	17	50256	50256	0.000190735
404	5	28408	83	3.6594
404	6	430	83	4.74797
404	7	704	704	3.54594
404	8	1313	22829	5.07655
404	9	389	389	0.389098
404	10	1440	1440	3.82909
404	11	1602	1602	2.23004
404	12	14796	14796	1.56776
404	13	44360	44360	0.732391
404	14	13	13	0.00295353
404	15	50256	50256	0.000358582
405	5	18665	973	4.74204
405	6	1660	1660	0.77855
405	7	284	284	0.0375986
405	8	11684	284	3.85581
405	9	290	290	0.0307198
405	10	4736	4736	3.3536
405	11	13	13	3.05176e-05
405	12	50256	50256	0.00015831
406	5	21891	422	4.92301
406	6	11	11	0.114156
406	7	281	281	0.282296
406	8	6156	7022	3.42666
406	9	19517	544	4.63055
406	10	1748	6896	1.92999
406	11	13	13	0.0140476
406	12	50256	50256	0.00015831
407	5	43088	16379	4.46938
407	6	351	351	0.0886784
407	7	471	351	4.26619
407	8	12	12	0.102162
407	9	16760	16760	2.24643
407	10	3272	3272	4.02234
407	11	9004	9004	2.83241
407	12	13	13	8.96454e-05
407	13	50256	50256	0.000144958
408	5	13108	13108	3.62252
408	6	10340	10340	1.38895
408	7	13	13	0.000146866
408	8	50256	50256	0.000259399
409	5	4645	4778	5.70803
409	6	4635	4635	2.26825
409	7	416	416	0.0792933
409	8	1728	867	3.869
409	9	38467	1037	4.86533
409	10	13	13	0.00281715
409	11	50256	50256	0.000337601
410	5	810	1141	3.65683
410	6	27163	12278	5.21312
410	7	33408	284	4.15668
410	8	12188	12737	3.92561
410	9	510	416	3.75918
410	10	1474	318	1.99183
410	11	257	257	0.117794
410	12	7850	2818	5.0258
410	13	338	338	0.0399551
410	14	5422	22204	4.16926
410	15	13	13	0.00185776
410	16	50256	50256	0.000102997
411	5	41578	318	5.65283
411	6	11	11	0.0734539
411	7	1474	1474	1.31432
411	8	262	262	0.00591183
411	9	8211	976	4.84015
411	10	7051	7051	1.95993
411	11	13	13	0.000114441
411	12	50256	50256	0.000192642
412	5	9565	787	5.28161
412	6	24049	832	4.55427
412	7	862	862	2.98986
412	8	11	11	0.0735359
412	9	336	336	2.98607
412	10	15515	1613	5.69992
412	11	11	11	0.0464497
412	12	290	290	0.0519791
412	13	584	584	1.16617
412	14	16759	16759	2.96387
412	15	13	13	0.000156403
412	16	50256	50256	0.000173569
413	5	286	286	0.0172806
413	6	734	734	1.40479
413	7	6134	5667	3.22234
413	8	523	326	3.9972
413	9	326	326	0.293199
413	10	484	484	1.92041
413	11	1663	4695	3.26653
413	12	1978	1978	2.2274
413	13	13	13	1.90735e-05
413	14	50256	50256	0.00102043
414	5	925	925	0.649501
414	6	416	416	0.151211
414	7	10708	38797	4.28379
414	8	290	290	0.0273933
414	9	23610	290	4.48547
414	10	7135	1402	4.24662
414	11	22670	2454	3.99139
414	12	286	286	0.0260353
414	13	3348	3348	3.38577
414	14	13	13	3.62396e-05
414	15	50256	50256	0.000360489
415	5	15568	11904	6.76938
415	6	1864	1864	1.58734
415	7	284	284	0.0421076
415	8	7729	1364	4.99193
415	9	5281	3716	5.43268
415	10	416	416	0.100492
415	11	31228	38797	4.45332
415	12	25897	25897	3.44773
415	13	13	13	0.000434875
415	14	50256	50256	0.00066185
416	5	4909	460	3.08355
416	6	749	5419	3.39281
416	7	286	286	0.0312004
416	8	22779	22779	2.5463
416	9	8602	7229	3.79537
416	10	290	290	0.0415382
416	11	19101	19101	3.38443
416	12	13	13	0.00131226
416	13	50256	50256	0.000259399
417	5	5478	734	3.59607
417	6	338	338	0.0418453
417	7	10596	3139	4.64607
417	8	7051	7051	2.27855
417	9	11	11	0.104531
417	10	318	318	0.297424
417	11	262	262	0.0215969
417	12	3139	3139	1.70905
417	13	286	286	0.0308857
417	14	49657	49657	3.35599
417	15	13	13	3.62396e-05
417	16	50256	50256	0.000198364
418	5	874	1043	3.56928
418	6	7330	739	6.38156
418	7	20901	1900	3.81963
418	8	422	422	0.147149
418	9	33773	7525	5.01333
418	10	2877	2877	1.82808
418	11	1626	1626	1.96005
418	12	511	511	0.402152
418	13	21379	21379	2.62484
418	14	13	13	0.000869751
418	15	50256	50256	0.00021553
419	5	543	1660	3.00239
419	6	2568	2568	1.76336
419	7	318	318	0.361233
419	8	11172	1444	4.07729
419	9	393	393	0.150991
419	10	670	1271	5.28857
419	11	318	318	0.117039
419	12	1760	1760	3.11912
419	13	13	13	5.72205e-05
419	14	50256	50256	0.000318527
420	5	6364	6364	2.91941
420	6	3585	468	5.46382
420	7	284	284	0.047205
420	8	530	530	1.24418
420	9	1194	1194	2.1423
420	10	1973	5931	3.01446
420	11	3668	340	2.22788
420	12	338	338	0.111347
420	13	4417	4417	1.33434
420	14	13	13	3.24249e-05
420	15	50256	50256	0.000272751
421	5	19853	19853	3.04712
421	6	16736	9869	4.99469
421	7	2029	2029	1.86221
421	8	262	262	0.0138226
421	9	4417	4417	1.61651
421	10	286	286	0.0378723
421	11	8706	8706	2.6061
421	12	13	13	0.000192642
421	13	50256	50256	0.000165939
422	5	8384	8384	0.976425
422	6	329	329	0.829259
422	7	663	663	0.216367
422	8	35988	35988	3.34858
422	9	5667	5667	1.10334
422	10	13	13	0.000436783
422	11	50256	50256	0.000946045
423	5	929	929	3.15782
423	6	8231	338	4.52337
423	7	11	11	0.0435228
423	8	407	407	0.956114
423	9	1866	407	5.97864
423	10	286	286	0.0145845
423	11	262	262	0.0468216
423	12	6842	976	7.37991
423	13	1641	1641	1.55987
423	14	13	13	0.00829029
423	15	50256	50256	0.000219345
424	5	416	416	0.178766
424	6	41878	38797	4.51073
424	7	1402	1402	0.918636
424	8	5207	5207	1.83909
424	9	286	286	0.0688009
424	10	2587	2587	1.9692
424	11	13	13	5.14984e-05
424	12	50256	50256	0.00030899
425	5	6588	1657	3.45068
425	6	23235	23235	1.6951
425	7	326	326	0.263164
425	8	460	460	0.896965
425	9	10649	307	7.05418
425	10	1613	1613	2.19781
425	11	530	530	1.2282
425	12	1194	1194	1.52503
425	13	13	13	4.76837e-05
425	14	50256	50256	0.000198364
426	5	422	422	0.15736
426	6	14659	867	6.35255
426	7	286	286	0.0238676
426	8	23206	13755	5.08101
426	9	17045	17045	2.13403
426	10	13	13	0.00172997
426	11	50256	50256	0.000556946
427	5	1111	1111	2.37529
427	6	5594	2630	3.37474
427	7	284	284	0.0191307
427	8	262	262	0.00619125
427	9	285	1767	4.62001
427	10	692	692	3.33059
427	11	17990	617	4.86739
427	12	1448	1448	2.41097
427	13	13	13	0.000419617
427	14	50256	50256	0.000270844
428	5	286	286	0.044589
428	6	16639	7840	4.08454
428	7	544	544	1.80079
428	8	11	11	0.0390644
428	9	635	2138	3.11738
428	10	1444	1444	0.524522
428	11	262	262	0.0772381
428	12	16639	44695	4.32245
428	13	2066	2066	3.48205
428	14	13	13	0.0024519
428	15	50256	50256	0.000141144
429	5	832	832	0.267373
429	6	47683	23607	4.05318
429	7	290	290	0.0613966
429	8	8106	5369	5.09439
429	9	503	416	3.07072
429	10	2057	2057	1.33091
429	11	13166	13166	1.88694
429	12	13	13	0.000156403
429	13	50256	50256	0.000375748
430	5	16839	2060	5.39574
430	6	338	338	0.0685263
430	7	2292	4417	6.07689
430	8	15947	3805	3.59356
430	9	663	663	0.122349
430	10	1295	1271	4.91966
430	11	1988	1988	3.27834
430	12	13	13	0.000476837
430	13	50256	50256	0.0001297
431	5	20629	20629	2.75537
431	6	284	284	0.043808
431	7	11007	284	3.73466
431	8	12967	12967	2.17403
431	9	902	621	3.53142
431	10	13	13	0.00998688
431	11	50256	50256	0.000619888
432	5	262	262	0.0162859
432	6	6869	3825	3.98592
432	7	8318	8318	2.83392
432	8	832	832	0.205626
432	9	3668	3668	1.87087
432	10	338	338	0.0464067
432	11	9082	3139	4.75189
432	12	13	13	8.58307e-05
432	13	50256	50256	0.000295639
433	5	29410	29410	3.71021
433	6	544	544	1.87219
433	7	290	290	0.0608654
433	8	3354	881	5.68508
433	9	286	286	0.0949068
433	10	7840	7840	2.79561
433	11	22779	22779	2.61997
433	12	2031	2031	2.11396
433	13	13	13	0.000164032
433	14	50256	50256	0.000461578
434	5	290	290	0.0455675
434	6	37919	37919	3.25942
434	7	710	460	4.09698
434	8	16189	16189	2.7232
434	9	3822	3822	3.69853
434	10	1656	1656	2.46497
434	11	287	287	0.0307465
434	12	24956	1944	4.40983
434	13	290	290	0.0340357
434	14	14173	290	4.89471
434	15	2247	2247	2.28659
434	16	13	13	0.00716782
434	17	50256	50256	0.000175476
435	5	893	893	1.45181
435	6	325	325	2.08296
435	7	385	385	1.75402
435	8	2111	385	4.76377
435	9	284	284	0.0516987
435	10	1441	584	6.39845
435	11	1363	284	5.70625
435	12	706	706	1.24057
435	13	262	262	0.0327606
435	14	44695	44695	3.35678
435	15	1810	1810	1.54845
435	16	13	13	0.000904083
435	17	50256	50256	0.00022316
436	5	12277	8208	4.31413
436	6	12	12	0.0953627
436	7	11545	29289	2.98648
436	8	10340	10340	1.2626
436	9	13	13	0.000131607
436	10	50256	50256	0.000144958
437	5	30176	820	5.13668
437	6	4778	4778	0.808748
437	7	1444	1444	0.608996
437	8	32858	32858	3.47109
437	9	290	290	0.0371866
437	10	47314	3139	4.07904
437	11	13	13	0.00226974
437	12	50256	50256	0.000219345
438	5	15358	543	5.86584
438	6	1505	278	4.75236
438	7	11	11	0.0502548
438	8	543	543	2.20281
438	9	5419	5419	1.28749
438	10	1296	1296	2.27061
438	11	257	257	0.026782
438	12	14153	2060	4.6789
438	13	4417	4417	1.01076
438	14	7679	7679	2.26668
438	15	13	13	0.0179844
438	16	50256	50256	0.000202179
439	5	24240	1588	6.16082
439	6	318	318	0.117344
439	7	257	257	0.0808649
439	8	8234	4898	4.55269
439	9	772	981	2.96388
439	10	996	996	3.23775
439	11	340	340	1.25465
439	12	318	318	0.286547
439	13	8811	1444	2.50128
439	14	973	973	1.9802
439	15	355	355	0.388277
439	16	257	257	0.0163221
439	17	20236	20236	3.97044
439	18	13	13	0.000221252
439	19	50256	50256	0.000106812
440	5	286	286	0.0190248
440	6	734	734	1.35536
440	7	13043	3815	3.7764
440	8	11	11	0.124935
440	9	1690	1690	1.96796
440	10	5399	1296	6.48945
440	11	1978	1978	1.47739
440	12	13	13	9.72748e-05
440	13	50256	50256	0.000598907
441	5	42085	8080	5.2607
441	6	2138	2138	0.220048
441	7	621	621	0.131688
441	8	2641	2641	2.06232
441	9	262	262	0.0851545
441	10	3096	976	5.86011
441	11	338	338	0.0788269
441	12	24438	3139	5.24159
441	13	13	13	8.96454e-05
441	14	50256	50256	0.000387192
442	5	9530	2258	6.06591
442	6	5866	5866	0.946108
442	7	11	11	0.0727968
442	8	318	318	0.268924
442	9	2520	262	2.93281
442	10	4969	7229	5.0301
442	11	338	338	0.0671978
442	12	3139	3139	0.89236
442	13	13	13	0.0206356
442	14	50256	50256	0.00018692
443	5	21031	973	3.69436
443	6	15974	15974	3.02597
443	7	351	351	0.111071
443	8	511	511	0.838608
443	9	16976	5667	4.65327
443	10	2166	318	3.94786
443	11	7405	7405	2.83873
443	12	13	13	0.000137329
443	13	50256	50256	0.000171661
444	5	422	422	0.05163
444	6	530	530	1.31726
444	7	3303	1194	3.3879
444	8	656	656	0.164621
444	9	1194	1194	1.1866
444	10	10552	10552	3.23832
444	11	13	13	0.000295639
444	12	50256	50256	0.000389099
445	5	262	262	0.0181999
445	6	717	3825	3.84084
445	7	290	290	0.0495586
445	8	2368	584	6.01487
445	9	13620	329	3.20287
445	10	286	286	0.030407
445	11	262	262	0.01404
445	12	25572	976	5.21808
445	13	6772	1080	2.86786
445	14	13	13	0.000165939
445	15	50256	50256	0.000144958
446	5	9052	2060	4.74761
446	6	460	460	0.391289
446	7	21155	307	3.94516
446	8	257	257	0.0132523
446	9	15004	2060	4.51723
446	10	13	13	5.72205e-05
446	11	50256	50256	0.000267029
447	5	286	286	0.0249348
447	6	18064	257	3.76006
447	7	24969	24969	2.44096
447	8	803	1973	3.4365
447	9	5186	5186	1.25951
447	10	290	290	0.159956
447	11	14091	14091	2.6954
447	12	7032	2214	2.52706
447	13	13	13	0.000137329
447	14	50256	50256	0.00028801
448	5	17456	355	3.55403
448	6	338	338	0.140123
448	7	3139	3139	1.00178
448	8	11	11	0.047555
448	9	1474	1444	2.34742
448	10	262	262	0.0358667
448	11	843	976	4.78012
448	12	274	274	1.30779
448	13	21124	21124	2.31618
448	14	13	13	0.00179672
448	15	50256	50256	0.00018692
449	5	49810	49810	3.69577
449	6	5788	5667	3.47463
449	7	3025	2641	3.64077
449	8	26741	3025	4.7531
449	9	460	460	0.683952
449	10	1656	484	4.05925
449	11	355	355	0.180549
449	12	7987	880	4.29814
449	13	38980	38980	3.17453
449	14	37783	37783	3.02146
449	15	13	13	0.000289917
449	16	50256	50256	0.000152588
450	5	31685	373	4.58277
450	6	82	82	1.3189
450	7	1588	1588	1.87679
450	8	12	12	0.532125
450	9	9888	820	5.65434
450	10	3867	1440	4.5954
450	11	1633	1633	2.03727
450	12	284	284	0.111858
450	13	262	262	0.0069952
450	14	826	3825	6.79265
450	15	287	287	0.03901
450	16	262	262	0.00940704
450	17	8342	976	5.25081
450	18	42811	42811	2.89731
450	19	13	13	4.95911e-05
450	20	50256	50256	0.000125885
451	5	530	530	1.12522
451	6	3470	6588	4.48834
451	7	7370	7370	2.18744
451	8	34186	8573	5.83979
451	9	739	739	0.943954
451	10	530	530	1.30121
451	11	8137	5951	6.12818
451	12	286	286	0.0494423
451	13	3833	530	3.04633
451	14	13	13	0.000799179
451	15	50256	50256	0.000291824
452	5	262	262	0.0143814
452	6	886	976	4.94597
452	7	286	286	0.023385
452	8	257	257	0.0254622
452	9	1277	1588	4.902
452	10	3194	3194	2.70453
452	11	1808	3951	4.51666
452	12	287	287	0.0885839
452	13	3594	281	4.28789
452	14	13	13	0.00012207
452	15	50256	50256	0.000268936
453	5	17556	11	3.37528
453	6	287	287	0.0400448
453	7	663	663	0.16788
453	8	4735	2134	3.68505
453	9	1296	1296	1.76266
453	10	13	13	0.0024128
453	11	50256	50256	0.00047493
454	5	402	3139	2.5051
454	6	5350	23638	4.86828
454	7	318	318	0.121682
454	8	636	636	2.32823
454	9	286	286	0.0305185
454	10	262	262	0.0470085
454	11	4025	3825	5.2828
454	12	8882	544	3.59825
454	13	397	397	3.0277
454	14	9869	9869	2.54034
454	15	1045	338	3.64077
454	16	13	13	0.000385284
454	17	50256	50256	0.000150681
455	5	2033	1402	4.31227
455	6	286	286	0.0141621
455	7	26306	867	3.73362
455	8	37056	37056	2.71189
455	9	287	287	0.0969028
455	10	32085	32085	2.76178
455	11	729	729	1.95036
455	12	13	13	8.2016e-05
455	13	50256	50256	0.000204086
456	5	712	385	3.58729
456	6	39781	39781	2.70969
456	7	2630	2630	1.67585
456	8	262	262	0.0144234
456	9	5337	3139	4.50441
456	10	2094	2094	2.52384
456	11	2264	2264	1.08792
456	12	844	844	1.36643
456	13	1258	1258	2.23547
456	14	13	13	0.00145912
456	15	50256	50256	0.000141144
457	5	411	8325	4.1147
457	6	15695	485	5.16256
457	7	78	78	0.958417
457	8	1724	1724	3.63973
457	9	284	284	0.0905333
457	10	1716	1716	2.01755
457	11	11835	5931	4.43201
457	12	27089	27089	2.97331
457	13	13	13	0.00136566
457	14	50256	50256	0.000137329
458	5	14520	7051	3.82227
458	6	318	318	0.106483
458	7	663	663	0.305514
458	8	25317	25317	3.35449
458	9	13	13	9.91821e-05
458	10	50256	50256	0.000255585
459	5	1180	1180	1.66659
459	6	13204	13204	2.85961
459	7	5107	4991	4.425
459	8	286	286	0.0292349
459	9	262	262	0.0839481
459	10	5002	976	3.67445
459	11	6588	6588	2.07458
459	12	13	13	2.47955e-05
459	13	50256	50256	0.000171661
460	5	17465	3139	4.29285
460	6	15225	15225	4.13165
460	7	857	3812	2.62481
460	8	407	407	0.833166
460	9	6338	407	4.19935
460	10	11169	11169	3.45756
460	11	3703	7229	4.63401
460	12	326	326	0.295677
460	13	373	373	1.09075
460	14	1239	1239	3.16391
460	15	6264	6264	2.76167
460	16	13	13	0.00301361
460	17	50256	50256	0.000232697
461	5	525	291	3.82662
461	6	907	338	4.10405
461	7	11	11	0.213637
461	8	308	407	3.60939
461	9	676	2171	3.91687
461	10	2188	24494	4.81761
461	11	7150	7150	2.09677
461	12	14999	14999	2.63113
461	13	511	511	0.36725
461	14	5667	11904	2.31651
461	15	1123	1123	1.39671
461	16	23608	23608	2.39064
461	17	13	13	6.67572e-05
461	18	50256	50256	0.000125885
462	5	12748	543	4.64012
462	6	7463	7463	2.95055
462	7	5563	5563	1.93334
462	8	423	389	2.69545
462	9	6702	5419	5.08572
462	10	262	262	0.00828362
462	11	976	976	1.80436
462	12	20309	7319	5.62644
462	13	618	618	0.792394
462	14	1633	1633	2.47861
462	15	6625	2587	5.10047
462	16	318	318	0.221227
462	17	36480	36480	3.40703
462	18	13	13	4.00543e-05
462	19	50256	50256	0.000150681
463	5	511	511	0.482392
463	6	11904	11904	2.00221
463	7	287	287	0.107908
463	8	47314	1944	4.3623
463	9	2138	2138	0.230314
463	10	621	621	0.123066
463	11	15921	1660	4.38145
463	12	13	13	0.0017519
463	13	50256	50256	0.000301361
464	5	530	530	1.10165
464	6	7319	7319	1.90152
464	7	10700	13166	4.56712
464	8	13	13	0.000259399
464	9	50256	50256	0.00034523
465	5	3372	3372	3.57187
465	6	14644	373	4.0183
465	7	2291	2291	2.88855
465	8	4263	2057	3.64509
465	9	286	286	0.0669985
465	10	14260	3284	4.99467
465	11	290	290	0.0150232
465	12	40317	290	3.84569
465	13	13	13	0.00240135
465	14	50256	50256	0.000226974
466	5	6795	6795	2.6874
466	6	287	287	0.0377436
466	7	14174	14174	4.03775
466	8	6650	6650	2.54063
466	9	13	13	8.01086e-05
466	10	50256	50256	0.000185013
467	5	13179	1271	3.88793
467	6	656	656	0.387703
467	7	6268	6268	3.14294
467	8	1863	329	2.84632
467	9	663	663	0.168976
467	10	16488	21334	2.9022
467	11	13	13	0.000417709
467	12	50256	50256	0.000175476
468	5	257	257	0.0225716
468	6	5664	2060	4.45486
468	7	13	13	0.00176811
468	8	50256	50256	0.000249863
469	5	2727	1141	4.21639
469	6	262	262	0.00508595
469	7	19812	13204	3.46197
469	8	3240	3240	2.23289
469	9	286	286	0.00745964
469	10	4100	262	2.86642
469	11	22311	22311	1.96621
469	12	13	13	0.000827789
469	13	50256	50256	0.000310898
470	5	4486	48573	5.36563
470	6	878	878	0.858901
470	7	8978	8978	2.437
470	8	262	262	0.0101967
470	9	2258	2258	2.7043
470	10	6896	6896	1.84976
470	11	13	13	0.0076704
470	12	50256	50256	0.000366211
471	5	286	286	0.227612
471	6	7446	543	4.04042
471	7	3917	3917	1.57436
471	8	351	351	0.114997
471	9	15568	4898	7.90516
471	10	287	287	0.0858936
471	11	304	2520	3.81466
471	12	2724	2724	2.46643
471	13	560	560	2.75814
471	14	6210	2340	4.00894
471	15	4778	4778	1.0496
471	16	13	13	2.67029e-05
471	17	50256	50256	0.000202179
472	5	16839	1296	4.6133
472	6	326	326	0.33062
472	7	460	460	1.03185
472	8	1011	307	3.86457
472	9	530	530	1.18788
472	10	286	286	0.0132217
472	11	734	734	1.26015
472	12	3815	3815	1.84603
472	13	13	13	3.62396e-05
472	14	50256	50256	0.000164032
473	5	656	656	0.125311
473	6	734	734	1.27221
473	7	4778	4778	1.63388
473	8	13	13	4.76837e-05
473	9	50256	50256	0.000272751
474	5	17065	973	3.53833
474	6	355	355	0.143605
474	7	13701	880	6.1358
474	8	389	389	0.428596
474	9	7525	34262	5.42621
474	10	12835	416	3.64432
474	11	336	336	1.63079
474	12	23833	23833	3.7695
474	13	13	13	4.19617e-05
474	14	50256	50256	0.000240326
475	5	284	284	0.110153
475	6	262	262	0.0101471
475	7	4571	1767	4.28922
475	8	286	286	0.00806618
475	9	3668	3668	1.29152
475	10	338	338	0.0260515
475	11	5093	3139	3.71484
475	12	5724	261	4.66202
475	13	864	261	4.38065
475	14	16488	16488	2.33306
475	15	13	13	0.000118256
475	16	50256	50256	0.000299454
476	5	10183	257	3.71002
476	6	2258	2258	2.49889
476	7	2253	2253	1.49758
476	8	13	13	0.000274658
476	9	50256	50256	0.000469208
477	5	402	262	5.07385
477	6	23638	23638	3.27241
477	7	21001	925	4.6204
477	8	257	257	0.177761
477	9	1692	4417	3.81351
477	10	1182	4417	3.92376
477	11	351	351	0.0693741
477	12	257	257	0.112803
477	13	18744	2818	5.30979
477	14	338	338	0.0461683
477	15	1767	4417	4.08652
477	16	13	13	4.76837e-05
477	17	50256	50256	0.000183105
478	5	257	257	0.0771112
478	6	26041	2060	4.69787
478	7	30971	30971	3.61804
478	8	2524	2524	2.34716
478	9	319	319	0.261052
478	10	262	262	0.00549984
478	11	575	976	5.89544
478	12	1229	1229	3.26971
478	13	39036	39036	3.5131
478	14	24078	24078	3.06401
478	15	13	13	0.000320435
478	16	50256	50256	0.000171661
479	5	4729	543	5.12331
479	6	530	530	1.45576
479	7	1194	1194	1.56674
479	8	287	287	0.0787163
479	9	281	281	0.258487
479	10	22088	2134	6.23536
479	11	291	291	1.17122
479	12	4735	23235	4.16914
479	13	13	13	0.00130463
479	14	50256	50256	0.000583649
480	5	355	355	0.186863
480	6	262	262	0.0208073
480	7	3139	3139	1.12981
480	8	1748	1748	1.38304
480	9	286	286	0.00697708
480	10	16490	28722	3.9101
480	11	13	13	0.00774765
480	12	50256	50256	0.00041008
481	5	290	290	0.0409298
481	6	6140	1626	4.72055
481	7	262	262	0.020278
481	8	44639	2258	4.31856
481	9	286	286	0.0115061
481	10	39515	17848	3.23787
481	11	13	13	0.00996685
481	12	50256	50256	0.000284195
482	5	262	262	0.028326
482	6	2656	1692	4.14374
482	7	1366	1366	2.10343
482	8	284	284	0.153628
482	9	307	307	2.6816
482	10	49594	5545	5.12397
482	11	3446	13166	5.0533
482	12	13	13	0.000125885
482	13	50256	50256	0.00022316
483	5	1317	1588	7.24391
483	6	379	379	0.424066
483	7	262	262	0.0142498
483	8	3726	976	5.31468
483	9	286	286	0.0507517
483	10	257	257	0.0267029
483	11	3194	8122	3.9083
483	12	1808	1978	4.53393
483	13	13	13	2.67029e-05
483	14	50256	50256	0.000329971
484	5	2678	2678	3.28087
484	6	11	11	0.029357
484	7	1390	1390	3.63432
484	8	14679	14679	2.1046
484	9	290	290	0.0274706
484	10	17322	4695	4.15497
484	11	13	13	0.00533676
484	12	50256	50256	0.00019455
485	5	290	290	0.0662222
485	6	5594	4909	3.31866
485	7	284	284	0.0379906
485	8	262	262	0.0116482
485	9	610	2258	4.95723
485	10	620	620	2.34092
485	11	77	77	1.4912
485	12	2340	2340	1.51454
485	13	13	13	0.000413895
485	14	50256	50256	0.000146866
486	5	38967	606	5.06826
486	6	5911	284	4.32309
486	7	257	257	0.0296326
486	8	2524	2524	3.07093
486	9	338	338	0.0831184
486	10	9574	3139	3.36935
486	11	286	286	0.0206604
486	12	13755	13755	2.89201
486	13	13	13	0.00012207
486	14	50256	50256	0.000371933
487	5	3146	3146	3.01399
487	6	13	13	0.0256033
487	7	50256	50256	0.000339508
488	5	3407	5594	2.98691
488	6	6285	7068	3.97418
488	7	6637	3170	4.21731
488	8	3170	3170	0.797801
488	9	1141	1141	1.37486
488	10	1180	1180	1.41211
488	11	37860	37860	2.98113
488	12	459	459	3.31655
488	13	444	3716	4.67067
488	14	13	13	0.0068531
488	15	50256	50256	0.000402451
489	5	11	11	0.0581646
489	6	981	981	0.898586
489	7	257	257	0.185037
489	8	2116	1588	6.05701
489	9	12	12	0.082056
489	10	634	820	3.35658
489	11	12907	1063	4.96269
489	12	6870	6870	2.43142
489	13	262	262	0.0335903
489	14	6802	976	4.48831
489	15	13	13	2.28882e-05
489	16	50256	50256	9.72748e-05
490	5	287	287	0.0209455
490	6	2882	543	4.12874
490	7	284	284	0.0509148
490	8	13522	787	5.36535
490	9	13	13	0.00911427
490	10	50256	50256	0.000234604
491	5	3139	3139	0.821187
491	6	11	11	0.0721464
491	7	319	319	0.258118
491	8	262	262	0.00690556
491	9	12108	12108	2.76296
491	10	286	286	0.0236292
491	11	22777	8706	5.25517
491	12	13	13	4.57764e-05
491	13	50256	50256	0.000219345
492	5	24907	606	5.4286
492	6	416	416	0.0907135
492	7	31094	31094	3.59347
492	8	28471	28471	2.73589
492	9	13	13	0.000102997
492	10	50256	50256	0.000473022
493	5	7446	3139	3.42461
493	6	7000	284	4.64053
493	7	8513	656	4.91028
493	8	1321	1321	1.20528
493	9	13	13	3.24249e-05
493	10	50256	50256	0.000198364
494	5	284	284	0.030365
494	6	3197	787	4.28461
494	7	21181	21181	3.7687
494	8	832	832	0.131687
494	9	23607	23607	3.57353
494	10	13	13	0.000116348
494	11	50256	50256	0.000602722
495	5	20394	3519	3.081
495	6	7572	1660	3.95738
495	7	290	290	0.0542154
495	8	987	8122	4.07769
495	9	48331	48331	1.4668
495	10	15268	15268	3.59642
495	11	13	13	0.000455856
495	12	50256	50256	0.00028038
496	5	1973	1973	0.871677
496	6	2031	2031	2.08931
496	7	1141	1141	1.24154
496	8	262	262	0.0175781
496	9	1440	530	3.93721
496	10	20283	22829	3.63425
496	11	4289	4289	1.4588
496	12	13	13	5.72205e-05
496	13	50256	50256	0.000209808
497	5	2057	2057	1.22199
497	6	1863	1863	1.98923
497	7	262	262	0.038867
497	8	34616	34616	2.95905
497	9	14998	14998	2.63346
497	10	13	13	0.000326157
497	11	50256	50256	0.000152588
498	5	878	878	0.723522
498	6	5033	5033	3.37659
498	7	8539	621	3.96959
498	8	276	276	1.53567
498	9	6490	276	2.89599
498	10	13	13	8.39233e-05
498	11	50256	50256	0.000343323
499	5	18355	1944	4.14801
499	6	12135	12135	2.4326
499	7	15114	407	4.1324
499	8	355	355	0.226134
499	9	2208	1194	5.41171
499	10	24494	24494	3.02437
499	11	276	276	1.54664
499	12	1660	319	1.74419
499	13	44389	11492	5.58546
499	14	4291	2138	2.7417
499	15	4771	1657	3.49972
499	16	13166	13166	2.19607
499	17	13	13	0.000154495
499	18	50256	50256	0.000192642
500	5	379	379	0.47885
500	6	543	543	1.79863
500	7	2647	5419	4.79014
500	8	318	318	0.138628
500	9	6157	6157	3.43658
500	10	13	13	0.00496483
500	11	50256	50256	0.000743866
501	5	5440	3139	3.29138
501	6	3917	3917	1.27064
501	7	351	351	0.0949173
501	8	262	262	0.00253773
501	9	509	44695	6.02937
501	10	9019	1080	3.70786
501	11	525	338	2.87608
501	12	16734	16734	2.01483
501	13	13	13	3.62396e-05
501	14	50256	50256	0.000118256
502	5	262	262	0.0162363
502	6	2297	262	3.95033
502	7	6896	6896	0.90604
502	8	290	290	0.146318
502	9	262	262	0.00949383
502	10	22035	25730	5.24881
502	11	12108	3354	4.15718
502	12	13	13	0.0145416
502	13	50256	50256	0.000219345
503	5	16968	16968	3.7217
503	6	1660	1660	0.945925
503	7	2641	2641	1.25918
503	8	606	606	1.82247
503	9	12188	24039	4.43576
503	10	6751	6317	4.19157
503	11	3833	3833	1.93419
503	12	13	13	0.000835419
503	13	50256	50256	0.000209808
504	5	22037	23235	3.6884
504	6	13100	23235	4.13074
504	7	284	284	0.101241
504	8	1440	530	2.98623
504	9	19651	4961	5.37832
504	10	6588	6588	1.93418
504	11	23235	23235	2.13949
504	12	13	13	0.000162125
504	13	50256	50256	0.000354767
505	5	18391	18391	3.47107
505	6	4778	4778	0.844205
505	7	284	284	0.0915937
505	8	1296	1296	1.8234
505	9	257	257	0.017828
505	10	649	2060	3.7673
505	11	1976	276	4.08106
505	12	35641	35641	3.99705
505	13	1258	1258	2.10684
505	14	13	13	0.00175667
505	15	50256	50256	0.000411987
506	5	625	625	0.608341
506	6	37294	852	5.18524
506	7	5207	5207	1.45458
506	8	13	13	0.00660515
506	9	50256	50256	0.000326157
507	5	284	284	0.0626297
507	6	12405	284	4.14693
507	7	290	290	0.0148773
507	8	18510	13902	5.08071
507	9	50126	50126	2.63644
507	10	1366	1366	2.54539
507	11	13	13	0.000177383
507	12	50256	50256	0.000137329
508	5	1022	1022	0.483301
508	6	290	290	0.350749
508	7	1088	262	3.36071
508	8	262	262	0.0582991
508	9	14189	14189	4.29304
508	10	2442	1810	4.24911
508	11	290	290	0.053071
508	12	47441	2031	4.36489
508	13	9700	9700	2.4439
508	14	18180	5866	3.09141
508	15	13	13	0.000358582
508	16	50256	50256	0.00018692
509	5	11	11	0.053216
509	6	981	981	1.14694
509	7	4530	981	5.80746
509	8	286	286	0.016387
509	9	262	262	0.0180674
509	10	976	976	1.94286
509	11	1051	12278	5.31101
509	12	1128	7150	4.10969
509	13	417	417	3.19489
509	14	13	13	0.0109987
509	15	50256	50256	0.000175476
510	5	12	12	0.136948
510	6	2385	2385	2.37347
510	7	863	863	1.8226
510	8	2712	863	5.6529
510	9	4116	966	3.73656
510	10	4909	4909	1.45097
510	11	1440	530	2.66366
510	12	14803	9881	3.14365
510	13	13	13	9.15527e-05
510	14	50256	50256	0.000181198
511	5	257	257	0.0601797
511	6	14091	1588	4.52849
511	7	2214	2214	1.23811
511	8	13	13	0.000398636
511	9	50256	50256	0.000526428
512	5	3188	1271	5.5528
512	6	393	393	0.155919
512	7	4067	1296	3.08301
512	8	284	284	0.061635
512	9	1194	1194	1.42501
512	10	8271	10552	4.54679
512	11	393	393	0.0834007
512	12	4067	4067	3.04601
512	13	13	13	0.000226974
512	14	50256	50256	0.000328064
513	5	4695	4695	1.87303
513	6	287	287	0.122451
513	7	16976	5667	4.86703
513	8	11	11	0.095582
513	9	18086	1690	3.81902
513	10	12	12	0.0840416
513	11	16760	820	2.20429
513	12	5667	5667	1.06724
513	13	13	13	0.00118065
513	14	50256	50256	0.000165939
514	5	319	319	0.151067
514	6	2869	284	4.61572
514	7	338	338	0.0541143
514	8	7022	4417	4.71235
514	9	286	286	0.033906
514	10	367	286	4.80228
514	11	684	2700	3.47213
514	12	13415	13415	2.75242
514	13	13	13	9.15527e-05
514	14	50256	50256	0.00037384
515	5	8122	8122	1.72744
515	6	656	656	0.316683
515	7	257	257	0.0274477
515	8	3623	8122	4.46652
515	9	379	379	0.954354
515	10	663	663	0.253382
515	11	4417	4417	2.93154
515	12	13	13	0.00102139
515	13	50256	50256	0.000217438
516	5	416	416	0.159606
516	6	38797	38797	2.01403
516	7	278	278	1.0892
516	8	7545	278	3.76092
516	9	351	351	0.102038
516	10	300	300	1.64699
516	11	12009	12009	1.99383
516	12	7408	7408	2.84964
516	13	11492	11492	2.06649
516	14	13	13	0.000320435
516	15	50256	50256	0.000110626
517	5	287	287	0.140381
517	6	7408	511	3.96396
517	7	414	326	5.82457
517	8	618	618	1.02271
517	9	1402	1402	1.77527
517	10	6867	4778	4.53153
517	11	286	286	0.0207577
517	12	7408	7408	2.8162
517	13	393	393	0.305117
517	14	2779	1296	5.35097
517	15	389	389	0.712914
517	16	2087	2087	3.25558
517	17	13	13	0.000104904
517	18	50256	50256	0.000148773
518	5	5107	3139	4.99261
518	6	286	286	0.0213604
518	7	3194	6134	5.06323
518	8	3435	1088	6.00158
518	9	355	355	0.325135
518	10	281	281	0.228638
518	11	1242	2134	3.4675
518	12	13	13	3.43323e-05
518	13	50256	50256	0.000263214
519	5	3017	3017	2.69502
519	6	465	465	3.07629
519	7	898	898	2.19092
519	8	35674	14599	4.93675
519	9	287	287	0.0257263
519	10	10123	663	4.20165
519	11	6065	6065	2.22338
519	12	24252	24252	2.54898
519	13	13	13	0.00451088
519	14	50256	50256	0.000141144
520	5	7421	1022	3.57173
520	6	286	286	0.0807314
520	7	3878	2520	4.21919
520	8	5491	5491	2.35276
520	9	13	13	7.82013e-05
520	10	50256	50256	0.000244141
521	5	44771	44771	2.27245
521	6	262	262	0.0158615
521	7	27806	976	5.55162
521	8	286	286	0.0159798
521	9	262	262	0.0213642
521	10	449	976	3.48663
521	11	544	544	1.70778
521	12	1641	1641	1.37321
521	13	13	13	3.24249e-05
521	14	50256	50256	0.000219345
522	5	28721	281	4.36395
522	6	287	287	0.0462236
522	7	8850	8850	1.34246
522	8	1103	1402	4.44647
522	9	34768	2266	4.17757
522	10	13	13	0.00424576
522	11	50256	50256	0.000659943
523	5	286	286	0.0153389
523	6	10183	10183	3.18885
523	7	2520	2520	2.05838
523	8	2253	2253	1.16525
523	9	13	13	6.86646e-05
523	10	50256	50256	0.00022316
524	5	31555	318	4.94926
524	6	262	262	0.0420361
524	7	4434	976	4.96872
524	8	323	323	1.9712
524	9	24078	544	4.24265
524	10	422	422	0.15522
524	11	5060	5060	4.01005
524	12	26066	26066	2.53014
524	13	13	13	0.000282288
524	14	50256	50256	0.000240326
525	5	468	468	0.420603
525	6	37516	15334	4.62223
525	7	12	12	0.079627
525	8	26022	820	4.21188
525	9	8251	8251	1.2554
525	10	13	13	0.000131607
525	11	50256	50256	0.000200272
526	5	262	262	0.00322533
526	6	40829	262	4.94727
526	7	31643	31643	3.06736
526	8	4886	4886	1.1384
526	9	32726	4886	3.45988
526	10	28192	286	4.68251
526	11	17745	17745	1.4883
526	12	13	13	2.67029e-05
526	13	50256	50256	0.000171661
527	5	416	416	0.231688
527	6	262	262	0.0100832
527	7	29973	13204	4.29205
527	8	3048	4618	3.82854
527	9	286	286	0.0308971
527	10	262	262	0.0161142
527	11	6869	3825	4.3665
527	12	290	290	0.128839
527	13	262	262	0.0265684
527	14	3825	3825	2.96108
527	15	13	13	2.09808e-05
527	16	50256	50256	0.000205994
528	5	2587	2587	1.62565
528	6	422	422	0.0891895
528	7	7815	12278	4.43087
528	8	284	284	0.0181484
528	9	36717	4439	4.92906
528	10	257	257	0.0631037
528	11	3785	2818	4.61687
528	12	13	13	0.000553131
528	13	50256	50256	0.000198364
529	5	2568	2568	0.926311
529	6	832	832	0.242123
529	7	12213	2266	5.76014
529	8	1626	1626	1.88657
529	9	2300	468	5.35919
529	10	1231	1231	0.835087
529	11	11963	852	4.76685
529	12	2587	2587	1.6382
529	13	5202	5202	3.69618
529	14	13	13	6.67572e-05
529	15	50256	50256	0.000656128
530	5	11904	925	3.54033
530	6	1043	1043	2.72525
530	7	2641	2641	1.63982
530	8	262	262	0.00855064
530	9	6891	11904	5.76527
530	10	4618	4618	1.59755
530	11	338	338	0.0862436
530	12	15921	4417	3.73803
530	13	13	13	6.67572e-05
530	14	50256	50256	0.000167847
531	5	4833	12278	4.90599
531	6	37446	11	4.00912
531	7	11	11	0.0319214
531	8	1123	407	1.87939
531	9	351	351	0.722914
531	10	5093	1123	5.06397
531	11	290	290	0.0796909
531	12	5366	584	5.31902
531	13	24971	24971	3.27929
531	14	13	13	0.00685883
531	15	50256	50256	0.000135422
532	5	5688	416	5.06281
532	6	416	416	0.0854979
532	7	262	262	0.0206928
532	8	7492	976	5.92746
532	9	5866	5866	0.759917
532	10	13	13	0.00603867
532	11	50256	50256	0.000494003
533	5	511	511	0.309469
533	6	2057	5667	2.16434
533	7	7525	7525	2.16008
533	8	416	416	0.150655
533	9	6600	6600	3.18382
533	10	4618	584	2.73839
533	11	2587	2587	2.18158
533	12	13	13	8.01086e-05
533	13	50256	50256	0.00028038
534	5	656	656	0.141914
534	6	262	262	0.00453854
534	7	2619	976	5.87603
534	8	6896	6896	1.37372
534	9	832	832	0.364066
534	10	257	257	0.0501623
534	11	1588	1588	2.78382
534	12	25979	25979	3.07096
534	13	13	13	0.00142288
534	14	50256	50256	0.000179291
535	5	663	663	0.070302
535	6	8574	8574	3.77782
535	7	10154	1973	4.3476
535	8	618	618	0.656493
535	9	1176	5186	3.93242
535	10	318	318	0.117001
535	11	4615	4615	1.9091
535	12	13	13	0.000101089
535	13	50256	50256	0.000257492
536	5	3696	3696	3.90269
536	6	625	625	0.96594
536	7	640	1194	3.82319
536	8	13	13	4.76837e-05
536	9	50256	50256	0.000213623
537	5	41898	11	3.54332
537	6	11	11	0.0834827
537	7	15677	5419	4.38463
537	8	82	82	1.53897
537	9	262	262	0.0813608
537	10	1556	976	5.95355
537	11	2838	2838	2.89791
537	12	286	286	0.040947
537	13	262	262	0.00313187
537	14	17467	976	4.5356
537	15	385	385	1.47985
537	16	5866	5866	0.984004
537	17	13	13	0.0151596
537	18	50256	50256	0.00015831
538	5	21079	21079	2.5717
538	6	262	262	0.00764751
538	7	3085	3085	3.54915
538	8	1627	1627	1.24496
538	9	8686	8686	0.946665
538	10	284	284	0.0284367
538	11	262	262	0.00485039
538	12	3465	8434	4.28796
538	13	402	5866	2.12677
538	14	13	13	0.00551224
538	15	50256	50256	0.000328064
539	5	29509	3812	4.85549
539	6	263	263	3.7068
539	7	621	621	0.410449
539	8	5814	262	5.75532
539	9	32085	32085	2.92565
539	10	729	729	1.83596
539	11	286	286	0.0193577
539	12	262	262	0.0174208
539	13	976	976	2.04939
539	14	3664	4961	4.39534
539	15	6269	321	5.23812
539	16	379	379	0.456534
539	17	7226	674	4.31333
539	18	9151	6591	3.97487
539	19	10101	10101	2.77266
539	20	13	13	0.000263214
539	21	50256	50256	0.000198364
540	5	1022	1022	0.845382
540	6	6632	1022	5.26987
540	7	290	290	0.126371
540	8	530	530	1.57957
540	9	11	11	0.244171
540	10	19889	19889	3.30484
540	11	13	13	7.43866e-05
540	12	50256	50256	0.000226974
541	5	1262	1262	0.834629
541	6	257	257	0.055542
541	7	2060	2060	2.40631
541	8	302	286	4.54175
541	9	276	276	1.1361
541	10	13	13	0.00661564
541	11	50256	50256	0.000499725
542	5	11470	4439	4.93011
542	6	7370	7370	1.74639
542	7	393	393	0.186194
542	8	734	734	1.17955
542	9	31028	7435	4.71832
542	10	2511	2511	1.83113
542	11	1547	1547	1.4273
542	12	13	13	0.00533295
542	13	50256	50256	0.000200272
543	5	3436	385	4.31062
543	6	857	460	3.39132
543	7	407	407	1.33308
543	8	10385	407	5.5069
543	9	262	262	0.0513573
543	10	1366	1692	4.19431
543	11	8574	1402	3.42041
543	12	2641	2641	1.18363
543	13	340	530	1.95501
543	14	13	13	0.0062685
543	15	50256	50256	0.000213623
544	5	987	734	3.9412
544	6	48331	48331	1.52733
544	7	23607	5667	3.77049
544	8	286	286	0.0325708
544	9	21181	28722	4.19637
544	10	13	13	0.000455856
544	11	50256	50256	0.000490189
545	5	290	290	0.0455332
545	6	11298	11298	3.3571
545	7	4133	4133	3.43186
545	8	884	973	3.22363
545	9	355	355	0.0920296
545	10	11532	11532	4.24629
545	11	4963	4963	2.52873
545	12	13	13	5.91278e-05
545	13	50256	50256	0.000211716
546	5	287	287	0.0201111
546	6	257	257	0.0261211
546	7	16430	2060	5.03979
546	8	13	13	0.000642776
546	9	50256	50256	0.00030899
547	5	11408	281	6.36359
547	6	787	787	1.88673
547	7	10469	787	4.40091
547	8	2300	418	5.82604
547	9	422	422	0.299012
547	10	287	287	0.137387
547	11	36617	281	6.21088
547	12	4237	4237	2.86059
547	13	13	13	8.7738e-05
547	14	50256	50256	0.000156403
548	5	38985	38985	3.39322
548	6	636	734	2.6275
548	7	286	286	0.021821
548	8	7840	7840	2.35851
548	9	17456	17456	2.59502
548	10	13	13	0.00288773
548	11	50256	50256	0.000389099
549	5	6268	6268	1.26939
549	6	656	656	0.317398
549	7	18411	4439	5.73505
549	8	2568	2568	0.753652
549	9	13	13	0.000101089
549	10	50256	50256	0.000585556
550	5	734	422	1.95933
550	6	318	318	0.121265
550	7	262	262	0.0776062
550	8	691	3139	6.30349
550	9	772	981	2.61136
550	10	530	530	1.8667
550	11	13	13	0.000198364
550	12	50256	50256	0.00022316
551	5	262	262	0.073493
551	6	3934	976	6.05972
551	7	16395	323	5.58473
551	8	15989	278	5.25392
551	9	3812	3812	1.7288
551	10	663	663	0.343982
551	11	6971	2134	4.71657
551	12	8384	8384	1.67155
551	13	832	832	0.372919
551	14	19794	28431	4.6623
551	15	13	13	6.86646e-05
551	16	50256	50256	0.000478745
552	5	262	262	0.0157557
552	6	3139	3139	1.75781
552	7	1748	1748	1.70054
552	8	286	286	0.00978374
552	9	27026	5828	5.06097
552	10	287	287	0.0298185
552	11	2520	262	2.21736
552	12	7229	7229	1.56585
552	13	13	13	0.00244141
552	14	50256	50256	0.000188828
553	5	37989	262	4.41036
553	6	7370	7370	2.09588
553	7	13	13	0.00108528
553	8	50256	50256	0.00056839
554	5	14422	881	2.79493
554	6	286	286	0.0250626
554	7	36683	257	3.25702
554	8	571	893	4.5915
554	9	10304	385	4.16687
554	10	547	547	3.05404
554	11	23470	925	3.33155
554	12	656	656	0.346174
554	13	7815	281	4.90226
554	14	287	287	0.0623665
554	15	31592	281	3.47232
554	16	13	13	0.0068779
554	17	50256	50256	0.000169754
555	5	2753	2753	1.58102
555	6	1295	2753	3.34263
555	7	1973	1973	1.60486
555	8	262	262	0.0442915
555	9	7714	4417	4.68575
555	10	286	286	0.0205526
555	11	7009	281	5.35013
555	12	435	435	3.41877
555	13	303	303	3.1043
555	14	11106	11106	2.47159
555	15	13	13	0.00018692
555	16	50256	50256	0.000257492
556	5	2939	6268	4.4771
556	6	19794	24039	4.26083
556	7	290	290	0.0216942
556	8	13902	5369	3.05189
556	9	13	13	0.000123978
556	10	50256	50256	0.000272751
557	5	4263	4263	2.62357
557	6	422	422	0.0878
557	7	867	867	1.66472
557	8	1402	1402	1.43645
557	9	22969	22969	2.59972
557	10	286	286	0.0109024
557	11	3124	286	3.71852
557	12	13	13	0.00261879
557	13	50256	50256	0.000230789
558	5	3923	3923	1.95774
558	6	287	287	0.0316811
558	7	262	262	0.0161963
558	8	5739	976	5.05343
558	9	8689	8689	3.15123
558	10	286	286	0.0422592
558	11	1881	8706	5.17594
558	12	39255	39255	2.59614
558	13	290	290	0.0377007
558	14	1881	584	5.40908
558	15	27760	290	3.03857
558	16	13	13	0.000310898
558	17	50256	50256	0.000377655
559	5	286	286	0.0272274
559	6	20296	373	3.80387
559	7	326	326	0.328187
559	8	5615	373	4.98174
559	9	287	287	0.0170012
559	10	262	262	0.020112
559	11	41917	976	4.078
559	12	1613	1613	3.30531
559	13	13	13	0.0226336
559	14	50256	50256	0.000177383
560	5	15170	15170	2.16899
560	6	2577	15170	4.73003
560	7	8477	276	6.12262
560	8	257	257	0.0728092
560	9	3350	3350	4.4711
560	10	8272	8272	3.07756
560	11	338	338	0.0548859
560	12	1204	4417	4.32452
560	13	319	319	0.174464
560	14	281	281	0.206302
560	15	7022	2134	3.12396
560	16	13	13	0.000286102
560	17	50256	50256	0.000200272
561	5	3825	3825	2.5246
561	6	1656	4778	3.20586
561	7	284	284	0.0604458
561	8	1445	1296	3.82651
561	9	1973	1973	1.91558
561	10	262	262	0.0662947
561	11	6766	4417	6.44945
561	12	1123	1123	0.803185
561	13	1110	898	4.5709
561	14	13	13	9.15527e-05
561	15	50256	50256	0.000192642
562	5	262	262	0.0145769
562	6	15189	976	5.74172
562	7	3634	3634	2.8296
562	8	4279	418	4.47068
562	9	11	11	0.0338526
562	10	340	340	0.802307
562	11	1276	14170	3.85332
562	12	7719	14999	4.55935
562	13	284	284	0.0687294
562	14	257	257	0.0548534
562	15	16599	5931	6.34461
562	16	11	11	0.0601921
562	17	10929	407	5.26536
562	18	11	11	0.0438995
562	19	24233	407	5.02543
562	20	11	11	0.0486689
562	21	393	393	0.247481
562	22	22062	14700	4.77972
562	23	13	13	0.0041008
562	24	50256	50256	0.000259399
563	5	2420	6156	4.18606
563	6	2915	2915	2.76672
563	7	13676	2641	4.74441
563	8	1088	1088	1.17295
563	9	15985	6716	4.80587
563	10	11904	11904	1.24911
563	11	13	13	2.28882e-05
563	12	50256	50256	0.000154495
564	5	389	389	0.41108
564	6	3706	262	5.02286
564	7	13548	329	4.90626
564	8	418	418	1.26488
564	9	11	11	0.0597105
564	10	350	2138	4.66494
564	11	1506	418	4.38269
564	12	418	418	1.38869
564	13	11	11	0.037878
564	14	290	290	0.0566254
564	15	39026	5369	4.84538
564	16	271	271	2.37569
564	17	13	13	6.86646e-05
564	18	50256	50256	0.000143051
565	5	6156	6156	2.22326
565	6	9088	9088	3.09376
565	7	286	286	0.045186
565	8	24726	286	4.34254
565	9	13399	13399	2.31929
565	10	13	13	0.00303173
565	11	50256	50256	0.000244141
566	5	1402	1402	1.26829
566	6	11904	11904	2.06057
566	7	326	326	0.241907
566	8	3092	5419	5.24407
566	9	257	257	0.0499992
566	10	8904	2060	5.73159
566	11	8574	8574	2.86289
566	12	2057	2057	1.68434
566	13	5127	5127	3.17917
566	14	13	13	7.24792e-05
566	15	50256	50256	0.00012207
567	5	2904	2904	3.89427
567	6	2087	2087	2.83981
567	7	2378	621	4.16122
567	8	717	717	3.04786
567	9	13	13	0.0143871
567	10	50256	50256	0.000236511
568	5	1717	416	3.98071
568	6	6327	6327	2.92665
568	7	360	39781	4.20076
568	8	39781	39781	2.66813
568	9	262	262	0.0753937
568	10	20281	2258	6.6694
568	11	286	286	0.00775146
568	12	383	383	2.20665
568	13	2764	36306	3.50863
568	14	286	286	0.0265522
568	15	22489	8706	4.26098
568	16	24568	11	5.37839
568	17	78	78	0.818717
568	18	13	13	0.0122414
568	19	50256	50256	0.000202179
569	5	287	287	0.0510273
569	6	2292	281	6.21114
569	7	981	981	1.22031
569	8	257	257	0.116014
569	9	9664	8122	4.72469
569	10	318	318	0.189775
569	11	36932	1444	4.39583
569	12	13	13	3.43323e-05
569	13	50256	50256	0.000175476
570	5	516	516	3.27916
570	6	15113	15113	3.21226
570	7	4635	4635	2.4594
570	8	355	355	0.490202
570	9	257	257	0.0735865
570	10	19999	19999	3.7898
570	11	1868	4778	4.5299
570	12	14170	14170	2.35213
570	13	281	281	0.190116
570	14	8137	2134	5.84914
570	15	13	13	0.000116348
570	16	50256	50256	0.000244141
571	5	262	262	0.0380697
571	6	6869	3139	3.80897
571	7	318	318	0.153383
571	8	6697	8122	4.58491
571	9	262	262	0.0180988
571	10	3825	3825	2.50625
571	11	287	287	0.0774441
571	12	3668	3668	1.84876
571	13	338	338	0.031126
571	14	6766	22204	7.0576
571	15	13	13	0.00675774
571	16	50256	50256	0.000198364
572	5	355	355	0.108061
572	6	262	262	0.0108509
572	7	3139	3139	1.57398
572	8	286	286	0.0139465
572	9	262	262	0.00818157
572	10	45772	3139	6.40148
572	11	8065	8065	1.80365
572	12	13	13	3.05176e-05
572	13	50256	50256	0.00019455
573	5	832	832	0.156428
573	6	3668	530	2.05663
573	7	338	338	0.0319796
573	8	8137	4417	4.66194
573	9	290	290	0.0219574
573	10	12229	2031	5.06319
573	11	262	262	0.0403728
573	12	2323	3825	4.59493
573	13	318	318	0.14461
573	14	1444	1444	0.435873
573	15	257	257	0.0531626
573	16	19999	19999	3.72094
573	17	578	4778	4.86093
573	18	13	13	7.62939e-05
573	19	50256	50256	0.000165939
574	5	660	3815	5.48261
574	6	318	318	0.135007
574	7	3917	3917	1.12523
574	8	351	351	0.11417
574	9	262	262	0.0184164
574	10	1855	2258	5.37333
574	11	24611	24611	3.39848
574	12	14355	14355	2.55681
574	13	13	13	0.00981426
574	14	50256	50256	0.000175476
575	5	2967	37670	5.1698
575	6	656	656	0.0966682
575	7	10601	880	4.79141
575	8	329	329	0.335066
575	9	8509	645	5.55191
575	10	290	290	0.103615
575	11	584	584	1.02118
575	12	9013	9013	2.00204
575	13	13	13	0.000183105
575	14	50256	50256	0.000232697
576	5	14768	11	4.2202
576	6	319	319	0.376554
576	7	24438	24438	4.11686
576	8	286	286	0.0192261
576	9	262	262	0.0358524
576	10	976	976	2.15526
576	11	3124	4961	4.39332
576	12	3690	13	4.80477
576	13	8850	8850	1.21965
576	14	6100	3403	5.07926
576	15	13	13	5.72205e-05
576	16	50256	50256	0.000125885
577	5	3794	1022	4.57512
577	6	284	284	0.0692444
577	7	262	262	0.0141535
577	8	5366	976	5.12175
577	9	290	290	0.0309114
577	10	2807	584	5.48581
577	11	284	284	0.14561
577	12	262	262	0.0120068
577	13	5093	3825	4.84254
577	14	13	13	4.19617e-05
577	15	50256	50256	0.000171661
578	5	6727	262	4.22105
578	6	4417	4417	1.17719
578	7	286	286	0.077137
578	8	262	262	0.00489235
578	9	24725	976	5.48168
578	10	34573	606	5.392
578	11	6516	666	5.54055
578	12	287	287	0.0355186
578	13	281	281	0.182274
578	14	555	2134	4.04262
578	15	10414	10414	2.87382
578	16	1389	1389	1.93806
578	17	14839	1389	4.24959
578	18	7087	7087	3.49073
578	19	13	13	0.000566483
578	20	50256	50256	0.000221252
579	5	257	257	0.0715485
579	6	9629	9629	3.56805
579	7	286	286	0.0484028
579	8	987	4898	3.84804
579	9	86	86	3.09689
579	10	16206	966	4.51128
579	11	4618	4618	1.50627
579	12	26742	1080	4.29139
579	13	13	13	0.000272751
579	14	50256	50256	0.000236511
580	5	286	286	0.00626087
580	6	4930	4930	3.63708
580	7	20830	20830	2.67392
580	8	287	287	0.0303431
580	9	3576	1944	4.50097
580	10	290	290	0.0464001
580	11	6342	3139	4.65855
580	12	13	13	2.86102e-05
580	13	50256	50256	0.000152588
581	5	16524	7042	4.32088
581	6	284	284	0.146398
581	7	1180	1180	2.20441
581	8	10530	10530	4.21836
581	9	22421	1402	3.56959
581	10	416	416	0.12596
581	11	5609	1180	4.27895
581	12	262	262	0.0180788
581	13	12097	976	5.86747
581	14	286	286	0.0931969
581	15	511	511	0.675666
581	16	13026	954	4.10324
581	17	16600	16600	2.79255
581	18	13	13	8.01086e-05
581	19	50256	50256	0.000179291
582	5	21270	355	4.31562
582	6	287	287	0.0200319
582	7	11228	287	4.09113
582	8	2057	2057	1.23629
582	9	13	13	0.00117493
582	10	50256	50256	0.000167847
583	5	9215	1271	4.4629
583	6	17359	17359	2.81254
583	7	284	284	0.0374403
583	8	1296	1296	1.07448
583	9	9215	1271	4.88438
583	10	13	13	0.000167847
583	11	50256	50256	0.000644684
584	5	4492	4492	2.41683
584	6	422	422	0.095295
584	7	7840	7840	2.54632
584	8	4881	2031	5.46129
584	9	13	13	3.24249e-05
584	10	50256	50256	0.000175476
585	5	276	276	0.951981
585	6	287	287	0.0380535
585	7	281	281	0.15464
585	8	11557	11557	2.70516
585	9	1080	1080	1.00086
585	10	13	13	7.24792e-05
585	11	50256	50256	0.000185013
586	5	8771	1588	6.00731
586	6	800	1863	4.16021
586	7	3369	3369	3.45743
586	8	2346	11	5.83778
586	9	11	11	0.0602512
586	10	3264	340	3.79665
586	11	393	393	0.202724
586	12	20762	20762	2.87163
586	13	13	13	0.00649548
586	14	50256	50256	0.000209808
587	5	10087	4695	5.56976
587	6	422	422	0.18356
587	7	477	3139	4.97569
587	8	584	584	1.6893
587	9	2877	4695	2.60568
587	10	4695	4695	1.88562
587	11	13	13	0.000617981
587	12	50256	50256	0.000349045
588	5	925	925	0.724981
588	6	422	422	0.207576
588	7	262	262	0.00627136
588	8	279	3825	4.20193
588	9	342	2150	4.27947
588	10	286	286	0.0269413
588	11	262	262	0.0259743
588	12	20461	262	5.37017
588	13	21180	34619	4.38437
588	14	4618	4618	1.51543
588	15	13	13	4.95911e-05
588	16	50256	50256	0.000110626
589	5	11	11	0.0676403
589	6	1663	8811	3.03322
589	7	379	379	0.669252
589	8	5417	8850	5.79144
589	9	11	11	0.134335
589	10	290	290	0.0820408
589	11	1441	530	6.64648
589	12	284	284	0.0475903
589	13	40941	40941	3.74419
589	14	284	284	0.0656052
589	15	22919	40941	5.14224
589	16	13	13	0.000108719
589	17	50256	50256	0.000202179
590	5	11	11	0.0578337
590	6	14104	407	4.48581
590	7	13015	484	5.30825
590	8	11	11	0.0360699
590	9	290	290	0.02106
590	10	3624	584	3.7242
590	11	9421	15180	3.35604
590	12	1063	1063	1.67208
590	13	13	13	0.000156403
590	14	50256	50256	0.000110626
591	5	29289	29289	2.61001
591	6	8435	8435	3.56137
591	7	973	973	0.85415
591	8	284	284	0.0721684
591	9	5163	4439	5.47574
591	10	3992	1022	4.00748
591	11	4133	4133	3.94235
591	12	13	13	0.0036459
591	13	50256	50256	0.000183105
592	5	9016	9016	2.44489
592	6	4731	1141	3.0599
592	7	318	318	0.258666
592	8	2793	8122	5.75977
592	9	287	287	0.0341787
592	10	7078	290	3.00618
592	11	621	621	0.232727
592	12	262	262	0.00498009
592	13	38283	976	6.05381
592	14	338	338	0.0748806
592	15	6678	22204	4.49325
592	16	9016	9016	2.04688
592	17	4731	4731	2.95944
592	18	13	13	0.000143051
592	19	50256	50256	0.000127792
593	5	4635	4635	2.7458
593	6	416	416	0.154623
593	7	23147	38797	5.26382
593	8	44030	44030	3.37987
593	9	6147	1657	4.51448
593	10	656	656	0.159074
593	11	285	285	2.21528
593	12	10119	10119	3.5905
593	13	13	13	0.000286102
593	14	50256	50256	0.000272751
594	5	7363	925	4.13556
594	6	284	284	0.133302
594	7	262	262	0.00490284
594	8	7627	3825	7.47561
594	9	286	286	0.0653667
594	10	22779	22779	2.43046
594	11	7229	7229	1.70777
594	12	13	13	0.000133514
594	13	50256	50256	0.00018692
595	5	262	262	0.00956535
595	6	13589	8434	5.78776
595	7	284	284	0.0308971
595	8	262	262	0.0205441
595	9	11384	1658	6.14442
595	10	832	832	0.134782
595	11	262	262	0.00803757
595	12	1658	1658	3.95212
595	13	2522	2522	2.9196
595	14	31111	31111	3.10849
595	15	13	13	0.000501633
595	16	50256	50256	0.000268936
596	5	8630	355	4.6893
596	6	287	287	0.0192499
596	7	2658	262	3.33937
596	8	417	544	3.53386
596	9	292	292	3.40277
596	10	287	287	0.0210552
596	11	262	262	0.0195208
596	12	25861	976	4.87179
596	13	1080	1080	1.44606
596	14	13	13	0.000104904
596	15	50256	50256	0.000244141
597	5	11881	1444	3.65989
597	6	1364	1364	2.23747
597	7	422	422	0.12012
597	8	262	262	0.00681591
597	9	1903	3825	5.70801
597	10	3024	3024	2.97995
597	11	6881	6881	2.27695
597	12	13	13	3.43323e-05
597	13	50256	50256	0.000221252
598	5	20435	749	4.59222
598	6	3356	3356	2.79312
598	7	290	290	0.0403814
598	8	5529	31861	4.25807
598	9	5236	5236	1.89187
598	10	13	13	0.00625324
598	11	50256	50256	0.000232697
599	5	416	416	0.169628
599	6	37228	38797	4.55858
599	7	7888	7888	3.35155
599	8	11685	11685	1.77765
599	9	286	286	0.00477982
599	10	4898	4898	2.86533
599	11	11	11	0.117971
599	12	3221	407	5.35176
599	13	351	351	0.100021
599	14	39623	39623	3.63417
599	15	13020	729	3.63028
599	16	11678	11678	2.14298
599	17	13	13	0.000106812
599	18	50256	50256	0.000177383
600	5	13055	13055	2.21865
600	6	1660	1660	1.1116
600	7	300	511	2.68549
600	8	3922	12009	5.11994
600	9	287	287	0.0602951
600	10	465	281	3.48534
600	11	11376	3877	5.71125
600	12	379	379	0.269822
600	13	8118	8118	3.32753
600	14	933	621	5.59395
600	15	88	88	1.76367
600	16	13	13	0.0392637
600	17	50256	50256	0.00019455
601	5	422	422	0.0635662
601	6	257	257	0.0439997
601	7	4417	4417	1.66547
601	8	736	48331	4.13597
601	9	3812	3812	1.93101
601	10	257	257	0.147449
601	11	24783	19999	4.3035
601	12	13	13	0.00160599
601	13	50256	50256	0.00021553
602	5	257	257	0.0239229
602	6	18778	1588	4.31392
602	7	14688	14688	3.47908
602	8	680	680	3.14741
602	9	12	12	0.137548
602	10	43745	820	4.13371
602	11	19634	19634	4.18536
602	12	287	287	0.0333109
602	13	281	281	0.251644
602	14	12278	12278	2.28853
602	15	17655	2568	2.79646
602	16	13	13	0.000499725
602	17	50256	50256	0.000183105
603	5	3794	1944	4.5554
603	6	3994	284	2.65452
603	7	20838	584	4.03725
603	8	21641	4778	3.29029
603	9	290	290	0.0254145
603	10	42645	5369	5.11789
603	11	13	13	4.57764e-05
603	12	50256	50256	0.00012207
604	5	11	11	0.0318804
604	6	14354	11	4.18517
604	7	11	11	0.031848
604	8	290	290	0.0352402
604	9	7572	584	3.23564
604	10	286	286	0.0177774
604	11	3292	3292	3.38583
604	12	13	13	0.000537872
604	13	50256	50256	0.000293732
605	5	379	318	1.77922
605	6	7496	3668	5.90699
605	7	290	290	0.0403719
605	8	734	734	1.26727
605	9	7435	7435	2.98136
605	10	1173	1173	2.64806
605	11	829	829	2.15167
605	12	13	13	0.000455856
605	13	50256	50256	0.000436783
606	5	290	290	0.0432158
606	6	26306	584	5.91839
606	7	21622	21622	2.61918
606	8	422	422	0.217067
606	9	262	262	0.0113297
606	10	9260	3825	5.8914
606	11	13	13	0.0122433
606	12	50256	50256	0.000167847
607	5	326	326	0.453362
607	6	8833	5419	6.27052
607	7	351	351	0.140765
607	8	262	262	0.014245
607	9	6000	976	3.98816
607	10	8373	8373	2.81403
607	11	287	287	0.0383654
607	12	257	257	0.0611734
607	13	27039	27039	3.67621
607	14	13	13	0.000612259
607	15	50256	50256	0.000131607
608	5	7043	2060	5.34133
608	6	316	316	3.32722
608	7	787	284	2.73327
608	8	2647	787	4.85202
608	9	287	287	0.0687304
608	10	257	257	0.041544
608	11	1448	4417	5.26792
608	12	286	286	0.015523
608	13	734	734	1.12139
608	14	13	13	0.000118256
608	15	50256	50256	0.000265121
609	5	510	416	4.37294
609	6	15455	284	5.22672
609	7	1231	1231	0.709895
609	8	5609	852	3.54952
609	9	262	262	0.0309162
609	10	1321	11904	5.30669
609	11	852	1231	2.68684
609	12	42517	852	3.42565
609	13	798	798	2.91157
609	14	13	13	0.0151806
609	15	50256	50256	0.000165939
610	5	13055	13055	1.91717
610	6	383	383	1.73891
610	7	2907	2907	3.20393
610	8	563	563	2.105
610	9	5265	563	3.57279
610	10	287	287	0.0376091
610	11	49545	49545	2.6952
610	12	13	13	0.0236444
610	13	50256	50256	0.00015831
611	5	1239	286	3.20862
611	6	11073	11073	2.25769
611	7	257	257	0.0324411
611	8	4633	2818	4.53618
611	9	1255	1255	2.95999
611	10	13	13	6.48499e-05
611	11	50256	50256	0.000350952
612	5	2630	326	2.85056
612	6	3923	355	3.1677
612	7	326	326	0.301846
612	8	7301	460	4.3055
612	9	41553	607	4.63358
612	10	82	82	1.54244
612	11	11	11	0.131873
612	12	37174	37174	4.21301
612	13	11	11	0.044693
612	14	290	290	0.0231743
612	15	5369	5369	1.34465
612	16	13	13	5.91278e-05
612	17	50256	50256	0.000236511
613	5	546	546	1.85862
613	6	262	262	0.0210075
613	7	20175	976	5.15687
613	8	43989	7051	3.81189
613	9	290	290	0.0367184
613	10	38201	38201	3.4983
613	11	13	13	0.000263214
613	12	50256	50256	0.000257492
614	5	9518	867	3.65966
614	6	5667	5667	0.980695
614	7	2138	2138	0.286887
614	8	621	621	0.0956287
614	9	8850	8850	1.87649
614	10	13737	13737	3.33798
614	11	13	13	0.000164032
614	12	50256	50256	0.000204086
615	5	416	416	0.25878
615	6	27259	4556	4.38841
615	7	7545	7545	2.16624
615	8	656	656	0.30873
615	9	1090	1090	2.64936
615	10	9310	9310	2.99142
615	11	290	290	0.0419436
615	12	483	5369	5.23318
615	13	88	88	1.78759
615	14	13	13	0.000335693
615	15	50256	50256	0.000230789
616	5	1633	4417	3.13053
616	6	5721	48331	6.51044
616	7	12611	329	4.06845
616	8	803	1973	3.42176
616	9	416	416	0.0990391
616	10	41719	1194	5.7723
616	11	511	511	0.35774
616	12	11914	2134	6.13758
616	13	656	656	0.131126
616	14	257	257	0.0291662
616	15	5422	5931	4.32534
616	16	12239	12239	2.36335
616	17	13	13	4.19617e-05
616	18	50256	50256	0.000238419
617	5	19418	19418	3.4131
617	6	36578	36578	4.03405
617	7	351	351	0.120517
617	8	6496	6496	3.09347
617	9	8188	8188	1.43117
617	10	13	13	7.82013e-05
617	11	50256	50256	0.000120163
618	5	355	355	0.142922
618	6	257	257	0.036993
618	7	1271	1271	1.8593
618	8	286	286	0.021286
618	9	3470	286	4.7086
618	10	9998	13166	3.03062
618	11	13	13	7.43866e-05
618	12	50256	50256	0.00022316
619	5	284	284	0.0412741
619	6	3283	4439	5.29864
619	7	12967	12967	2.34896
619	8	902	902	3.447
619	9	1973	1973	1.05602
619	10	257	257	0.0705881
619	11	4417	4417	1.9293
619	12	13	13	0.000303268
619	13	50256	50256	0.000333786
620	5	4905	976	5.37632
620	6	286	286	0.0125151
620	7	281	281	0.181152
620	8	15835	2134	5.85305
620	9	393	393	0.115327
620	10	875	1296	3.91404
620	11	13168	16912	4.41217
620	12	11862	14355	4.11485
620	13	13	13	0.000118256
620	14	50256	50256	0.000259399
621	5	338	338	0.101652
621	6	1810	3139	3.88157
621	7	290	290	0.0339804
621	8	12689	449	5.11764
621	9	3407	3407	1.79166
621	10	262	262	0.0079174
621	11	14332	449	5.12919
621	12	2305	2305	2.52619
621	13	9229	9229	1.73043
621	14	11796	9229	4.6778
621	15	286	286	0.0339661
621	16	3284	3284	3.32172
621	17	13	13	7.24792e-05
621	18	50256	50256	0.000108719
622	5	3650	307	4.75671
622	6	12278	12278	1.26022
622	7	2568	2568	1.04537
622	8	832	832	0.429451
622	9	48287	5193	5.17212
622	10	5931	5931	1.04245
622	11	12737	12737	2.36347
622	12	13	13	9.53674e-05
622	13	50256	50256	0.000257492
623	5	4143	1262	4.11234
623	6	2173	2173	2.31066
623	7	1497	379	3.87189
623	8	422	422	0.151459
623	9	262	262	0.00632858
623	10	3825	3825	2.89301
623	11	13	13	7.82013e-05
623	12	50256	50256	0.000486374
624	5	290	290	0.0251236
624	6	6754	6754	4.25359
624	7	2478	2478	2.95943
624	8	286	286	0.0312691
624	9	2456	2456	3.41476
624	10	13	13	0.000966072
624	11	50256	50256	0.000143051
625	5	3033	3033	1.13074
625	6	262	262	0.0089426
625	7	26997	976	4.83209
625	8	2677	7370	4.00384
625	9	11	11	0.0652437
625	10	3825	3825	2.58469
625	11	370	1547	5.29615
625	12	46654	46654	2.62455
625	13	13	13	0.000400543
625	14	50256	50256	0.000164032
626	5	3139	3139	1.44918
626	6	373	373	1.4984
626	7	327	3170	4.00319
626	8	385	385	1.75091
626	9	1073	385	7.0044
626	10	11	11	0.107014
626	11	287	287	0.0607643
626	12	1944	1944	1.87636
626	13	12	12	0.0593042
626	14	820	820	1.38482
626	15	25768	31057	4.89217
626	16	13	13	0.000242233
626	17	50256	50256	0.0001297
627	5	5403	5403	3.69175
627	6	663	663	0.0821037
627	7	16874	16874	3.91768
627	8	13	13	0.0173931
627	9	50256	50256	0.000457764
628	5	2583	284	4.66939
628	6	4778	4778	0.732954
628	7	284	284	0.0589924
628	8	4439	4439	1.59646
628	9	649	649	3.19648
628	10	9471	378	5.47052
628	11	13166	13166	1.05138
628	12	13	13	5.34058e-05
628	13	50256	50256	0.000211716
629	5	2568	2568	0.941835
629	6	832	832	0.180988
629	7	6565	30020	4.79503
629	8	2272	13166	5.57695
629	9	13	13	0.000253677
629	10	50256	50256	0.000629425
630	5	3519	3519	2.45352
630	6	1035	287	4.3452
630	7	24370	2138	4.09838
630	8	287	287	0.026021
630	9	13550	674	3.29529
630	10	34619	34619	1.31944
630	11	746	34619	2.27209
630	12	291	291	1.22108
630	13	11	11	0.0999641
630	14	1897	290	4.0873
630	15	6210	11	3.67304
630	16	11	11	0.136845
630	17	290	290	0.0339289
630	18	8312	20494	3.77213
630	19	14750	14750	2.42965
630	20	13	13	0.00417519
630	21	50256	50256	0.000139236
631	5	329	329	0.41894
631	6	663	663	0.104801
631	7	1913	1913	4.06675
631	8	8508	8508	2.83239
631	9	290	290	0.0292006
631	10	27892	262	4.59996
631	11	35988	35988	3.07875
631	12	11222	6134	6.23324
631	13	13	13	4.3869e-05
631	14	50256	50256	0.000255585
632	5	329	329	0.390283
632	6	18120	1180	4.26824
632	7	257	257	0.0160599
632	8	1917	19999	5.4716
632	9	393	393	0.122034
632	10	9489	20762	3.89268
632	11	257	257	0.0283108
632	12	4876	4876	3.99915
632	13	13	13	0.003479
632	14	50256	50256	0.000244141
633	5	422	422	0.0922403
633	6	15756	422	3.65706
633	7	5597	5597	3.06505
633	8	422	422	0.115947
633	9	13686	656	4.41231
633	10	49235	49235	2.58934
633	11	13	13	5.72205e-05
633	12	50256	50256	0.000244141
634	5	34371	34371	2.66983
634	6	16578	16578	3.10679
634	7	283	298	5.34513
634	8	3815	3815	1.89749
634	9	1262	1262	1.48171
634	10	16311	1194	4.7218
634	11	286	286	0.0527792
634	12	530	530	1.3499
634	13	284	284	0.199267
634	14	1440	530	2.63909
634	15	9881	13	2.91395
634	16	13	13	8.7738e-05
634	17	50256	50256	0.000432968
635	5	2458	2458	2.12113
635	6	257	257	0.0328703
635	7	6769	2818	4.81989
635	8	338	338	0.0776625
635	9	6515	22204	6.05469
635	10	8373	8373	2.71581
635	11	618	618	0.693661
635	12	2723	281	5.09096
635	13	290	290	0.0254164
635	14	22890	584	5.46872
635	15	1445	1022	3.10372
635	16	3585	1973	4.37616
635	17	284	284	0.0585861
635	18	1123	1123	0.77855
635	19	584	584	1.39012
635	20	13	13	0.000320435
635	21	50256	50256	0.000177383
636	5	8372	8372	3.8631
636	6	3354	6134	3.14122
636	7	286	286	0.00610352
636	8	16519	16519	3.29259
636	9	290	290	0.0375633
636	10	17456	17456	2.82115
636	11	13	13	0.00162029
636	12	50256	50256	0.000328064
637	5	21767	318	1.9784
637	6	262	262	0.116372
637	7	1271	4417	2.59222
637	8	286	286	0.296983
637	9	1237	1194	4.269
637	10	684	291	3.0856
637	11	287	287	0.10245
637	12	663	663	0.237206
637	13	29984	21334	4.37003
637	14	13	13	0.000110626
637	15	50256	50256	0.000301361
638	5	5563	5563	1.17135
638	6	832	832	0.160205
638	7	41630	41630	3.20109
638	8	38445	38445	4.30185
638	9	5107	11904	3.62348
638	10	13	13	0.000534058
638	11	50256	50256	0.000396729
639	5	14921	5563	4.44274
639	6	5563	5563	1.72176
639	7	884	973	4.29537
639	8	355	355	0.144648
639	9	8234	543	5.21635
639	10	11	11	0.130913
639	11	12734	12734	2.8828
639	12	11	11	0.0387573
639	13	393	393	0.12753
639	14	14891	14891	2.80538
639	15	13	13	0.0001297
639	16	50256	50256	0.000347137
640	5	7997	422	5.01171
640	6	416	416	0.0688372
640	7	257	257	0.08745
640	8	10706	2060	3.7252
640	9	286	286	0.0275621
640	10	17848	17848	1.72931
640	11	13	13	0.00875568
640	12	50256	50256	0.000261307
641	5	281	281	0.169353
641	6	4457	11557	3.72945
641	7	29877	29877	2.17287
641	8	2858	6896	4.33441
641	9	11	11	0.0794821
641	10	407	407	1.00525
641	11	257	257	0.059535
641	12	2818	2818	2.09403
641	13	17076	17076	2.2326
641	14	13	13	0.000400543
641	15	50256	50256	0.000141144
642	5	3194	2057	3.78577
642	6	355	355	0.200979
642	7	257	257	0.0220757
642	8	8064	4417	4.53467
642	9	286	286	0.0110416
642	10	734	734	1.12443
642	11	37014	37014	3.1621
642	12	13	13	0.000185013
642	13	50256	50256	0.000207901
643	5	2107	307	4.47515
643	6	290	290	0.164809
643	7	1663	3139	3.75046
643	8	329	329	0.904327
643	9	517	1657	3.28995
643	10	621	621	0.242085
643	11	734	734	1.3626
643	12	812	812	3.16096
643	13	13	13	0.00776863
643	14	50256	50256	0.000225067
644	5	3139	3139	1.28064
644	6	286	286	0.0209484
644	7	16952	4492	4.89248
644	8	287	287	0.0234432
644	9	21199	21199	2.19879
644	10	7229	7229	0.809118
644	11	13	13	0.013567
644	12	50256	50256	0.000183105
645	5	4847	4417	4.08201
645	6	832	832	0.130802
645	7	10288	10288	3.53077
645	8	284	284	0.108789
645	9	584	584	2.051
645	10	4847	15921	3.76071
645	11	13	13	1.52588e-05
645	12	50256	50256	0.000221252
646	5	10050	383	3.98782
646	6	2568	2568	0.760262
646	7	284	284	0.117704
646	8	663	663	0.260021
646	9	21334	21334	1.63104
646	10	13	13	3.43323e-05
646	11	50256	50256	0.000160217
647	5	48135	262	4.81836
647	6	286	286	0.0347433
647	7	262	262	0.0520868
647	8	11188	976	5.13144
647	9	3967	3967	2.67646
647	10	1176	5186	3.7453
647	11	286	286	0.0403843
647	12	257	257	0.0235443
647	13	1729	1729	3.2298
647	14	22570	22570	2.52878
647	15	1271	1271	1.447
647	16	13	13	0.000146866
647	17	50256	50256	0.000196457
648	5	262	262	0.00868225
648	6	3085	3085	3.53075
648	7	1627	1627	1.32719
648	8	8686	8686	0.932595
648	9	284	284	0.0388174
648	10	262	262	0.00772476
648	11	3465	8434	4.14879
648	12	376	376	3.68316
648	13	13	13	0.000440598
648	14	50256	50256	0.000232697
649	5	1499	286	3.53486
649	6	287	287	0.048439
649	7	262	262	0.071106
649	8	7840	976	3.74514
649	9	18020	17456	4.96613
649	10	13	13	0.00242901
649	11	50256	50256	0.00025177
650	5	4469	976	5.67809
650	6	286	286	0.0512381
650	7	26467	286	4.97008
650	8	385	385	1.5057
650	9	1872	385	3.89801
650	10	338	338	0.111557
650	11	3878	3139	4.91804
650	12	17084	5491	3.30211
650	13	13	13	9.34601e-05
650	14	50256	50256	0.000228882
651	5	2846	262	6.67835
651	6	286	286	0.0167303
651	7	1223	262	3.29706
651	8	2073	48237	5.60454
651	9	1231	1231	0.475972
651	10	10616	852	6.40813
651	11	257	257	0.0307741
651	12	18875	2818	4.44445
651	13	5369	5369	0.942472
651	14	13	13	4.00543e-05
651	15	50256	50256	0.000137329
652	5	77	77	1.42191
652	6	2340	2340	1.73442
652	7	326	326	0.352075
652	8	3745	326	5.67405
652	9	319	319	0.249058
652	10	262	262	0.0150414
652	11	2910	3825	3.97395
652	12	286	286	0.0219088
652	13	11453	11453	3.223
652	14	13	13	0.00587368
652	15	50256	50256	0.000188828
653	5	1602	1602	3.51068
653	6	14796	14796	1.64177
653	7	22950	44360	5.88172
653	8	423	389	2.24281
653	9	262	262	0.0138578
653	10	976	976	2.969
653	11	4129	734	3.91784
653	12	13	13	9.91821e-05
653	13	50256	50256	0.000133514
654	5	6268	6268	1.29621
654	6	4073	1043	4.32205
654	7	416	416	0.0811062
654	8	29781	38797	4.75347
654	9	290	290	0.0315533
654	10	584	584	1.34709
654	11	38622	38622	2.49786
654	12	13	13	0.00203323
654	13	50256	50256	0.000318527
655	5	635	635	3.60831
655	6	8811	8811	1.29843
655	7	1900	1900	1.15225
655	8	355	355	0.207695
655	9	5482	674	5.24528
655	10	3820	3820	2.97938
655	11	10872	10872	3.66996
655	12	16567	16567	3.09369
655	13	13	13	2.47955e-05
655	14	50256	50256	0.000198364
656	5	5405	5405	2.54929
656	6	416	416	0.101186
656	7	28472	38797	5.05617
656	8	803	1973	3.07921
656	9	340	340	1.53586
656	10	351	351	0.131929
656	11	1633	1633	2.38622
656	12	13	13	4.76837e-05
656	13	50256	50256	0.000144958
657	5	4756	3139	5.12437
657	6	832	832	0.265691
657	7	543	543	2.22637
657	8	1657	1657	1.61288
657	9	14170	14170	2.57225
657	10	262	262	0.0244789
657	11	18480	4417	6.78287
657	12	1080	1080	1.1617
657	13	13	13	0.00216389
657	14	50256	50256	0.000383377
658	5	4855	4855	3.84378
658	6	14510	1022	4.40733
658	7	287	287	0.014185
658	8	6156	6156	1.5732
658	9	6365	9088	4.89236
658	10	13	13	0.00130081
658	11	50256	50256	0.00021553
659	5	423	423	2.01369
659	6	257	257	0.0484266
659	7	2060	2060	2.65236
659	8	269	269	1.77038
659	9	313	8325	5.2572
659	10	88	88	2.3723
659	11	992	88	4.97999
659	12	261	261	2.4677
659	13	13	13	0.00205994
659	14	50256	50256	0.000270844
660	5	2280	2280	2.80504
660	6	393	393	0.476837
660	7	15256	15256	4.06957
660	8	2280	2280	3.18834
660	9	618	618	0.730684
660	10	484	484	1.55647
660	11	21721	484	3.78792
660	12	13	13	0.00139618
660	13	50256	50256	0.00037384
661	5	12	12	0.090909
661	6	13982	16760	3.10783
661	7	21824	17745	4.11938
661	8	5421	1296	4.98448
661	9	1978	1978	1.34136
661	10	656	656	0.176771
661	11	3881	1296	3.16471
661	12	13	13	0.00149918
661	13	50256	50256	0.000234604
662	5	46716	28722	4.19737
662	6	1805	1805	4.09229
662	7	262	262	0.0495644
662	8	517	3825	4.24153
662	9	19217	621	3.6472
662	10	12098	2641	5.58137
662	11	11061	11061	1.78662
662	12	606	606	1.44797
662	13	13	13	0.000185013
662	14	50256	50256	0.000473022
663	5	37475	925	4.56722
663	6	11	11	0.0453396
663	7	284	284	0.124723
663	8	5643	284	4.73348
663	9	11	11	0.0377016
663	10	3664	393	3.74372
663	11	321	321	3.02785
663	12	45070	666	4.70675
663	13	11	11	0.0510693
663	14	290	290	0.0272846
663	15	23849	584	4.65944
663	16	2339	2339	1.8143
663	17	1275	1258	3.91355
663	18	721	721	3.09627
663	19	346	1431	4.11823
663	20	1547	1547	1.24988
663	21	13	13	0.00129128
663	22	50256	50256	0.000190735
664	5	3624	584	4.37752
664	6	5101	973	2.98939
664	7	284	284	0.0812445
664	8	7301	1037	3.52354
664	9	290	290	0.0934067
664	10	5412	5369	6.14791
664	11	5563	5563	1.50892
664	12	13	13	0.00113297
664	13	50256	50256	0.000192642
665	5	262	262	0.00373459
665	6	10596	3139	3.75791
665	7	10692	10692	1.91208
665	8	832	832	0.291823
665	9	262	262	0.0250359
665	10	41407	976	4.97984
665	11	286	286	0.0350933
665	12	47403	47403	2.32008
665	13	13	13	0.000127792
665	14	50256	50256	0.00019455
666	5	42096	25041	4.80686
666	6	379	379	0.353791
666	7	262	262	0.00512123
666	8	18955	976	6.29498
666	9	393	393	0.212644
666	10	22088	318	5.66309
666	11	291	291	0.992054
666	12	1241	1241	2.56196
666	13	13	13	6.67572e-05
666	14	50256	50256	0.000276566
667	5	5563	5563	1.26134
667	6	416	416	0.148769
667	7	13157	416	4.06093
667	8	517	517	2.67679
667	9	1657	621	3.42556
667	10	621	621	0.235901
667	11	262	262	0.0337257
667	12	555	976	4.45361
667	13	64	666	3.62225
667	14	1384	1641	4.1595
667	15	4151	4417	4.05944
667	16	13	13	3.62396e-05
667	17	50256	50256	0.000295639
668	5	284	284	0.0398598
668	6	8181	8181	3.41627
668	7	422	422	0.0880585
668	8	5509	2057	3.99196
668	9	13737	13737	2.23253
668	10	13	13	9.34601e-05
668	11	50256	50256	0.000310898
669	5	2753	2753	1.28728
669	6	1295	2753	3.48997
669	7	8384	8384	1.72495
669	8	319	319	0.206285
669	9	281	281	0.212559
669	10	7022	2134	2.86222
669	11	13	13	0.00437069
669	12	50256	50256	0.000411987
670	5	16524	5667	5.38552
670	6	13510	973	5.25079
670	7	9210	9210	3.54575
670	8	326	326	0.26344
670	9	389	389	0.55647
670	10	7425	34262	4.13856
670	11	351	351	0.116772
670	12	6428	351	3.9523
670	13	5289	5289	1.80386
670	14	13	13	7.24792e-05
670	15	50256	50256	0.000133514
671	5	7596	7596	1.67294
671	6	4791	4791	2.4491
671	7	591	625	3.34022
671	8	7346	7346	3.10376
671	9	257	257	0.0277548
671	10	1327	2818	5.41162
671	11	8434	8434	2.74474
671	12	7582	7582	2.30641
671	13	13	13	0.00172806
671	14	50256	50256	0.000167847
672	5	2291	2291	2.4175
672	6	24789	24789	3.3214
672	7	47523	47523	3.04479
672	8	290	290	0.0145779
672	9	14186	19783	4.37691
672	10	6147	656	4.05773
672	11	12835	12835	3.08387
672	12	13	13	0.00207138
672	13	50256	50256	0.0001297
673	5	878	878	0.904452
673	6	14342	8978	4.9409
673	7	1973	1973	1.03209
673	8	2031	2031	1.94561
673	9	13	13	0.0121326
673	10	50256	50256	0.000265121
674	5	1104	2818	5.8074
674	6	966	966	1.77454
674	7	1444	1444	0.54825
674	8	257	257	0.0579453
674	9	46246	2818	4.29184
674	10	6098	6098	3.61202
674	11	388	388	2.59292
674	12	13	13	3.62396e-05
674	13	50256	50256	0.000198364
675	5	656	656	0.307713
675	6	262	262	0.00864697
675	7	1956	449	3.48553
675	8	24162	24162	2.94113
675	9	327	78	3.38031
675	10	5126	385	4.0014
675	11	666	666	2.21778
675	12	6896	287	2.87867
675	13	13	13	0.000217438
675	14	50256	50256	0.000190735
676	5	5399	3825	7.51714
676	6	15921	1748	2.91108
676	7	286	286	0.0131998
676	8	867	867	1.25981
676	9	12734	12734	2.36524
676	10	13	13	0.000238419
676	11	50256	50256	0.000198364
677	5	2568	2568	1.08224
677	6	656	656	0.188689
677	7	12370	787	4.14207
677	8	6268	6268	1.31778
677	9	13	13	6.86646e-05
677	10	50256	50256	0.000391006
678	5	389	389	0.464349
678	6	1043	1043	3.12863
678	7	355	355	0.330382
678	8	880	880	3.04932
678	9	355	355	0.152633
678	10	644	880	6.45894
678	11	484	484	1.66942
678	12	389	389	0.498939
678	13	13	13	0.00782681
678	14	50256	50256	0.000679016
679	5	287	287	0.0327492
679	6	262	262	0.0189981
679	7	4037	262	4.70737
679	8	4482	4482	2.54516
679	9	286	286	0.0207748
679	10	27719	286	3.20285
679	11	13	13	0.000495911
679	12	50256	50256	0.000177383
680	5	3139	3139	2.03956
680	6	286	286	0.00752926
680	7	21291	7840	5.09892
680	8	11	11	0.0463638
680	9	1029	543	5.0219
680	10	287	287	0.0266371
680	11	262	262	0.00699234
680	12	843	976	4.47124
680	13	274	274	1.30737
680	14	13	13	0.000379562
680	15	50256	50256	0.000185013
681	5	3139	3139	0.943005
681	6	11	11	0.0522966
681	7	290	290	0.059103
681	8	262	262	0.0582075
681	9	569	262	4.63404
681	10	396	396	3.96969
681	11	4712	4712	3.15257
681	12	15623	576	5.18915
681	13	832	832	0.234591
681	14	340	340	1.63999
681	15	13	13	0.000577927
681	16	50256	50256	0.000154495
682	5	13	13	0.000452042
682	6	50256	50256	0.000263214
683	5	7306	12278	5.06944
683	6	10349	1588	5.04123
683	7	2648	8686	3.59213
683	8	262	262	0.0333757
683	9	976	976	2.20987
683	10	15004	1602	4.81327
683	11	3580	3580	2.66043
683	12	13	13	0.000265121
683	13	50256	50256	0.000183105
684	5	1103	307	3.56892
684	6	3146	1767	4.0472
684	7	318	318	0.424701
684	8	3967	1444	5.32785
684	9	13	13	6.29425e-05
684	10	50256	50256	0.000545502
685	5	1296	1296	1.30255
685	6	618	618	0.730366
685	7	44030	1296	3.39067
685	8	2587	379	3.02018
685	9	3608	3812	6.31714
685	10	82	82	1.9921
685	11	290	290	0.0257521
685	12	4735	530	3.46138
685	13	6945	6945	1.40973
685	14	13	13	6.29425e-05
685	15	50256	50256	0.000268936
686	5	5894	3623	4.81023
686	6	4771	1660	3.28539
686	7	2458	379	2.62485
686	8	3264	1194	4.16205
686	9	422	422	0.287863
686	10	4735	530	3.9288
686	11	284	284	0.348363
686	12	3623	1123	7.43805
686	13	13	13	8.7738e-05
686	14	50256	50256	0.001091
687	5	5002	2134	3.6807
687	6	423	423	1.94986
687	7	4961	1194	3.07644
687	8	386	284	3.71587
687	9	1122	1122	4.07226
687	10	9853	6591	4.24703
687	11	475	475	3.12672
687	12	1180	1180	1.07859
687	13	49810	49810	4.16611
687	14	9853	5667	4.36344
687	15	13	13	0.0111227
687	16	50256	50256	0.000276566
688	5	42407	42407	2.77748
688	6	469	469	3.72294
688	7	318	318	0.242629
688	8	262	262	0.0165539
688	9	4318	976	5.52776
688	10	2095	422	4.75276
688	11	287	287	0.0633764
688	12	317	663	3.51389
688	13	6786	11693	2.93543
688	14	5074	5074	1.71057
688	15	13	13	0.00120544
688	16	50256	50256	0.000175476
689	5	925	925	0.685738
689	6	7525	422	2.26107
689	7	286	286	0.0428228
689	8	6383	6383	3.96764
689	9	50006	2138	3.6774
689	10	2138	2138	0.189098
689	11	621	621	0.138474
689	12	9970	9970	3.29194
689	13	13	13	0.000421524
689	14	50256	50256	0.000253677
690	5	26600	26600	4.07193
690	6	663	663	0.169325
690	7	16704	16704	3.57361
690	8	11348	11348	2.92682
690	9	1108	1108	2.52968
690	10	13	13	0.0001297
690	11	50256	50256	0.000324249
691	5	1748	1748	1.52225
691	6	286	286	0.0331554
691	7	8602	3825	5.27673
691	8	11	11	0.113173
691	9	319	319	0.139344
691	10	262	262	0.00749302
691	11	314	3825	6.13614
691	12	527	576	4.5013
691	13	666	666	2.2102
691	14	24078	666	3.84834
691	15	13	13	0.000825882
691	16	50256	50256	0.000196457
692	5	319	319	0.365409
692	6	49812	7408	5.18618
692	7	2340	2340	1.43155
692	8	290	290	0.0389271
692	9	584	530	2.32226
692	10	1402	1402	1.6007
692	11	19435	1402	3.64908
692	12	13	13	0.0197401
692	13	50256	50256	0.000202179
693	5	1022	1022	0.246439
693	6	7686	1022	4.3658
693	7	13	13	0.000211716
693	8	50256	50256	0.000614166
694	5	11	11	0.0345917
694	6	318	318	0.183927
694	7	262	262	0.0148697
694	8	2260	3139	5.44484
694	9	3139	3139	0.631834
694	10	286	286	0.0155573
694	11	4505	262	3.69304
694	12	13	13	0.00148773
694	13	50256	50256	0.000127792
695	5	2024	338	4.44646
695	6	460	460	0.444779
695	7	307	307	2.11027
695	8	2087	34262	3.6919
695	9	416	416	0.118159
695	10	4375	38797	3.36811
695	11	511	511	0.335093
695	12	5470	5470	3.55453
695	13	2024	2340	4.83847
695	14	13	13	0.005826
695	15	50256	50256	0.000211716
696	5	262	262	0.0248976
696	6	25861	976	5.03693
696	7	2779	5931	4.38941
696	8	4326	4326	2.58064
696	9	329	329	0.34326
696	10	21969	21969	4.01502
696	11	34743	34743	3.88813
696	12	5951	5951	1.37303
696	13	13	13	2.67029e-05
696	14	50256	50256	0.00019455
697	5	14729	14729	3.11071
697	6	286	286	0.0181332
697	7	7405	7405	2.54754
697	8	13	13	5.14984e-05
697	9	50256	50256	0.000551224
698	5	262	262	0.121222
698	6	2685	3825	5.50811
698	7	8573	8573	2.7937
698	8	810	318	4.09623
698	9	5205	2010	3.93334
698	10	44411	44411	3.20377
698	11	8833	11	5.3811
698	12	287	287	0.0455389
698	13	4077	8850	6.11133
698	14	6134	6134	1.20737
698	15	13	13	4.76837e-05
698	16	50256	50256	0.000196457
699	5	8850	511	2.3407
699	6	1633	5667	3.45904
699	7	10874	1141	5.11252
699	8	8384	8384	2.6532
699	9	286	286	0.0321646
699	10	17745	17745	2.64608
699	11	7268	7268	2.98824
699	12	734	734	1.56344
699	13	11863	5931	2.77383
699	14	23235	23235	1.81635
699	15	13	13	4.00543e-05
699	16	50256	50256	0.000631332
700	5	416	416	0.117531
700	6	1633	530	3.3729
700	7	11581	1141	5.02596
700	8	8902	8902	2.38541
700	9	706	706	1.23112
700	10	14357	852	3.82995
700	11	37876	44360	4.71424
700	12	340	340	0.920844
700	13	13	13	0.000177383
700	14	50256	50256	0.000230789
701	5	13522	636	5.75466
701	6	11	11	0.155124
701	7	257	257	0.133272
701	8	2829	1729	5.02365
701	9	44017	893	4.33982
701	10	14452	893	4.58982
701	11	26728	338	4.7885
701	12	517	867	2.66105
701	13	6364	981	3.20438
701	14	618	618	0.680153
701	15	663	663	0.160325
701	16	4129	4417	4.44479
701	17	318	318	0.147064
701	18	3220	3220	3.35295
701	19	13	13	7.24792e-05
701	20	50256	50256	0.000205994
702	5	1785	6268	5.72134
702	6	17810	17810	4.09426
702	7	11	11	0.0754652
702	8	1657	1657	1.97409
702	9	2314	284	5.11001
702	10	6654	47933	4.29141
702	11	284	284	0.133974
702	12	12899	4439	4.19482
702	13	17984	17984	2.84111
702	14	13	13	0.0101032
702	15	50256	50256	0.000394821
703	5	287	287	0.0512466
703	6	262	262	0.00539398
703	7	614	262	4.33652
703	8	1478	1478	3.31354
703	9	4310	4310	1.63544
703	10	13	13	0.000125885
703	11	50256	50256	0.000164032
704	5	281	281	0.250564
704	6	12278	12278	1.73147
704	7	6737	2568	2.20033
704	8	13	13	4.95911e-05
704	9	50256	50256	0.000207901
705	5	5166	1588	5.97915
705	6	286	286	0.0605392
705	7	302	4100	4.65502
705	8	5379	1321	4.76569
705	9	326	326	0.211979
705	10	12611	1141	3.38959
705	11	378	378	2.69194
705	12	1028	706	5.24726
705	13	1123	1123	0.663404
705	14	584	584	1.18019
705	15	13	13	0.000417709
705	16	50256	50256	0.000236511
706	5	284	284	0.0622034
706	6	1037	1037	1.30708
706	7	17276	606	4.81295
706	8	8574	8574	2.76037
706	9	12784	12784	2.70056
706	10	13	13	0.00164032
706	11	50256	50256	0.000392914
707	5	1205	1205	2.47132
707	6	1231	1231	0.485826
707	7	15345	852	3.56738
707	8	11904	11904	1.11685
707	9	13	13	1.71661e-05
707	10	50256	50256	0.000135422
708	5	262	262	0.0145531
708	6	44345	976	5.01346
708	7	8813	8813	3.52859
708	8	268	268	2.53416
708	9	1904	1904	3.88011
708	10	21767	21767	1.94553
708	11	262	262	0.00947189
708	12	2160	3825	5.77189
708	13	286	286	0.0314274
708	14	262	262	0.0235758
708	15	24438	3825	4.78385
708	16	286	286	0.0126953
708	17	262	262	0.0138435
708	18	584	734	3.08079
708	19	734	734	1.34674
708	20	5389	284	3.07131
708	21	13	13	5.34058e-05
708	22	50256	50256	0.00031662
709	5	32202	7226	4.53151
709	6	1276	291	3.43622
709	7	14999	14999	2.3612
709	8	663	663	0.260567
709	9	20831	21334	4.13387
709	10	409	291	4.47152
709	11	418	418	1.7566
709	12	38800	291	3.78136
709	13	13	13	0.00413704
709	14	50256	50256	0.000183105
710	5	4279	8122	5.9669
710	6	393	393	0.172806
710	7	2393	1296	5.28645
710	8	287	287	0.0508347
710	9	19780	281	5.50132
710	10	13	13	0.00351906
710	11	50256	50256	0.00037384
711	5	1245	1245	2.77454
711	6	286	286	0.065321
711	7	257	257	0.122416
711	8	2700	1271	3.03949
711	9	546	546	1.91997
711	10	281	281	0.303052
711	11	16488	2134	2.80234
711	12	13	13	0.000123978
711	13	50256	50256	0.000265121
712	5	1588	1588	1.87581
712	6	9824	5931	5.22016
712	7	319	319	0.212638
712	8	262	262	0.0121117
712	9	10326	8434	6.07068
712	10	4417	4417	1.11062
712	11	287	287	0.0362997
712	12	25768	281	4.58642
712	13	13	13	0.000337601
712	14	50256	50256	0.000164032
713	5	6869	3825	3.83855
713	6	338	338	0.0785866
713	7	4252	3139	4.68465
713	8	18250	12	2.92532
713	9	33169	33169	2.8848
713	10	6698	83	5.06061
713	11	4632	329	5.65535
713	12	1497	11	4.32074
713	13	422	422	0.102981
713	14	3668	3668	1.67368
713	15	13	13	0.0193501
713	16	50256	50256	0.000141144
714	5	779	779	3.71344
714	6	16396	16396	4.2243
714	7	5405	5405	2.59705
714	8	284	284	0.0793657
714	9	1296	1296	1.18133
714	10	9824	1296	5.30931
714	11	393	393	0.144797
714	12	5986	5986	2.82193
714	13	13	13	0.00107384
714	14	50256	50256	0.000131607
715	5	2458	2458	2.20172
715	6	262	262	0.0736179
715	7	4129	3825	4.49242
715	8	286	286	0.0745535
715	9	262	262	0.0108757
715	10	8875	976	6.24952
715	11	338	338	0.150826
715	12	1633	4417	3.03695
715	13	3108	1978	4.10398
715	14	13	13	0.00383377
715	15	50256	50256	0.000232697
716	5	287	287	0.0201283
716	6	13066	3668	5.64022
716	7	1088	1088	2.06657
716	8	262	262	0.0935287
716	9	3825	3825	2.68229
716	10	13	13	1.90735e-05
716	11	50256	50256	0.000196457
717	5	47786	5419	4.25701
717	6	262	262	0.0577641
717	7	3356	1657	4.47654
717	8	286	286	0.0123243
717	9	5186	5186	1.44137
717	10	3877	3877	1.30518
717	11	832	832	0.41673
717	12	663	663	0.141807
717	13	11963	16488	4.39487
717	14	13	13	5.53131e-05
717	15	50256	50256	0.000436783
718	5	4483	1900	5.56431
718	6	2057	2057	1.03639
718	7	422	422	0.0632458
718	8	1111	867	3.45979
718	9	6134	6134	1.37002
718	10	290	290	0.0318823
718	11	4695	4695	1.52041
718	12	13	13	7.62939e-05
718	13	50256	50256	0.000505447
719	5	6268	6268	1.60215
719	6	832	832	0.34902
719	7	18842	257	3.04533
719	8	722	722	2.71472
719	9	9941	16006	3.28714
719	10	13	13	9.53674e-05
719	11	50256	50256	0.000923157
720	5	3668	3668	1.4172
720	6	338	338	0.026803
720	7	4417	4417	1.36721
720	8	318	318	0.207189
720	9	1444	1444	0.92368
720	10	2153	281	4.27096
720	11	2611	2611	3.24039
720	12	13	13	0.0185881
720	13	50256	50256	0.000314713
721	5	262	262	0.0367374
721	6	976	976	2.11636
721	7	1688	6115	3.91311
721	8	5044	4618	3.37733
721	9	1448	4778	3.86872
721	10	355	355	0.223673
721	11	5417	281	6.58789
721	12	281	281	0.256153
721	13	368	2134	4.53863
721	14	1952	3877	4.29267
721	15	13	13	0.000305176
721	16	50256	50256	0.000154495
722	5	656	656	0.189832
722	6	12278	12278	1.49871
722	7	2568	2568	0.781184
722	8	13	13	0.00134468
722	9	50256	50256	0.000730515
723	5	2219	7022	5.5206
723	6	1438	468	5.91148
723	7	329	329	0.261522
723	8	21072	21072	2.98346
723	9	275	44921	6.31234
723	10	291	291	1.04303
723	11	42084	6945	4.82917
723	12	378	378	2.45442
723	13	13	13	5.14984e-05
723	14	50256	50256	0.000171661
724	5	9377	2060	4.74074
724	6	1271	1271	1.48476
724	7	13	13	0.000156403
724	8	50256	50256	0.000305176
725	5	19780	8811	3.79134
725	6	983	8811	4.14607
725	7	351	351	0.0574417
725	8	27913	351	4.64693
725	9	5207	5207	1.21124
725	10	13	13	0.00626945
725	11	50256	50256	0.000375748
726	5	286	286	0.00585747
726	6	16490	28722	3.72547
726	7	287	287	0.0202579
726	8	22197	4492	5.20891
726	9	338	338	0.0468245
726	10	13574	3139	5.27111
726	11	13	13	0.0012207
726	12	50256	50256	0.000366211
727	5	878	878	0.780201
727	6	340	530	2.39299
727	7	5667	5667	1.08905
727	8	262	262	0.045269
727	9	1767	734	2.98745
727	10	13	13	0.008358
727	11	50256	50256	0.000200272
728	5	36324	925	6.29449
728	6	389	389	0.378678
728	7	925	925	1.18035
728	8	422	422	0.114566
728	9	35988	867	4.10678
728	10	2266	5667	3.19885
728	11	32085	32085	2.74926
728	12	39642	39642	2.57133
728	13	13	13	8.58307e-05
728	14	50256	50256	0.000289917
729	5	1862	34262	4.99628
729	6	20611	20611	4.03958
729	7	34262	34262	1.7565
729	8	878	878	0.716586
729	9	484	484	2.0351
729	10	3938	484	4.15079
729	11	4292	8188	3.48139
729	12	13	13	6.48499e-05
729	13	50256	50256	0.000196457
730	5	10874	1141	4.31264
730	6	286	286	0.0310335
730	7	867	867	1.33956
730	8	5100	1402	3.49658
730	9	17894	17894	2.56322
730	10	13	13	0.000371933
730	11	50256	50256	0.000453949
731	5	1690	1690	1.88362
731	6	18782	1690	4.14976
731	7	5609	5609	3.20652
731	8	1657	1657	1.18169
731	9	290	290	0.0408878
731	10	10908	31861	4.71987
731	11	8188	8188	1.53524
731	12	13	13	0.0142498
731	13	50256	50256	0.00021553
732	5	663	663	0.173244
732	6	1957	21334	5.24313
732	7	636	636	2.01692
732	8	290	290	0.0557499
732	9	7386	7386	3.81019
732	10	351	351	0.19674
732	11	281	281	0.752055
732	12	379	12278	7.2954
732	13	1051	281	6.07469
732	14	13	13	0.00387573
732	15	50256	50256	0.00053215
733	5	284	284	0.0383224
733	6	5951	1037	4.42069
733	7	284	284	0.0410137
733	8	1037	1037	2.34803
733	9	16697	606	5.83801
733	10	16930	16930	3.87897
733	11	393	393	0.187166
733	12	15134	2587	5.33299
733	13	13	13	8.7738e-05
733	14	50256	50256	0.000255585
734	5	878	878	0.849257
734	6	8978	8978	2.38444
734	7	262	262	0.0253181
734	8	19517	2258	3.89089
734	9	6896	6896	1.1589
734	10	13	13	0.00208664
734	11	50256	50256	0.000185013
735	5	5400	5400	2.86055
735	6	287	287	0.0270128
735	7	11711	281	5.4414
735	8	3833	3833	1.92861
735	9	1088	1088	1.19913
735	10	281	281	0.396357
735	11	37970	2134	4.28045
735	12	2134	2134	1.65764
735	13	13	13	1.14441e-05
735	14	50256	50256	0.000221252
736	5	5253	2134	4.89079
736	6	2138	2138	0.553985
736	7	621	621	0.14866
736	8	257	257	0.0693026
736	9	9478	19999	5.02227
736	10	286	286	0.027729
736	11	640	1194	3.75356
736	12	13	13	5.72205e-05
736	13	50256	50256	0.000204086
737	5	4695	4695	1.88822
737	6	11	11	0.0977316
737	7	772	460	3.80634
737	8	996	996	3.73961
737	9	867	867	1.78415
737	10	22464	24039	4.11026
737	11	7009	606	3.4577
737	12	12734	12734	2.50403
737	13	13	13	0.000497818
737	14	50256	50256	0.000185013
738	5	257	257	0.0439959
738	6	3992	269	3.73586
738	7	2443	2443	3.05712
738	8	815	815	3.28267
738	9	307	307	1.27757
738	10	5545	5545	2.97599
738	11	13	13	0.00366783
738	12	50256	50256	0.000299454
739	5	13066	584	4.54092
739	6	23537	318	3.61867
739	7	422	422	0.0797224
739	8	262	262	0.0420017
739	9	3825	3825	2.13802
739	10	13	13	8.01086e-05
739	11	50256	50256	0.000249863
740	5	76	76	2.31796
740	6	8592	76	5.64485
740	7	11	11	0.0492659
740	8	340	340	0.907399
740	9	5419	5419	1.58385
740	10	3197	5419	5.05774
740	11	1633	1633	1.94829
740	12	656	656	0.116714
740	13	262	262	0.00550842
740	14	21726	976	5.80972
740	15	13	13	0.000484467
740	16	50256	50256	0.000131607
741	5	431	431	2.35204
741	6	260	1626	4.55485
741	7	355	355	0.281936
741	8	663	663	0.111368
741	9	25861	16488	5.2894
741	10	2779	1973	4.86453
741	11	4326	6896	2.84909
741	12	13	13	4.57764e-05
741	13	50256	50256	0.000379562
742	5	318	318	0.189205
742	6	257	257	0.0338421
742	7	20838	4417	5.15309
742	8	12505	973	6.42328
742	9	3716	3716	1.50807
742	10	319	319	0.192014
742	11	262	262	0.0111322
742	12	28259	976	5.18213
742	13	7022	7022	2.56246
742	14	286	286	0.136145
742	15	7349	286	4.79854
742	16	13	13	0.000238419
742	17	50256	50256	0.000144958
743	5	17777	17777	3.82605
743	6	274	274	1.3783
743	7	1138	5866	4.19769
743	8	37670	37670	1.45886
743	9	1042	1042	1.95388
743	10	13	13	0.0284443
743	11	50256	50256	0.000171661
744	5	3218	8122	4.98277
744	6	37783	37783	2.80558
744	7	326	326	0.335802
744	8	17245	5419	4.45719
744	9	779	779	3.43961
744	10	284	284	0.103315
744	11	3357	4439	4.10873
744	12	10576	10576	2.36452
744	13	13	13	5.34058e-05
744	14	50256	50256	0.00015831
745	5	618	618	0.541361
745	6	4683	4683	3.63287
745	7	12586	618	4.23436
745	8	1487	460	5.93231
745	9	739	739	1.17491
745	10	4894	739	7.17933
745	11	290	290	0.0660324
745	12	3833	3833	2.10942
745	13	1231	1231	0.908943
745	14	3190	3190	2.73918
745	15	24203	24203	3.23424
745	16	13	13	0.00496483
745	17	50256	50256	0.000198364
746	5	572	572	2.75555
746	6	5478	5478	1.57429
746	7	338	338	0.0478363
746	8	35618	3139	4.48383
746	9	7051	7051	1.95403
746	10	13	13	0.00390816
746	11	50256	50256	0.000329971
747	5	8506	8506	3.30883
747	6	12201	8811	3.94966
747	7	636	636	2.07428
747	8	286	286	0.0563478
747	9	281	281	0.282903
747	10	317	281	3.56137
747	11	11693	11693	2.39822
747	12	8952	8952	2.31271
747	13	312	8952	4.02958
747	14	22035	898	3.38081
747	15	39490	39490	3.46132
747	16	3641	3641	3.24132
747	17	13	13	3.62396e-05
747	18	50256	50256	0.000238419
748	5	645	645	1.3315
748	6	24012	645	4.17579
748	7	6143	6143	3.00989
748	8	458	458	1.64038
748	9	34387	34387	1.14946
748	10	13	13	0.000638962
748	11	50256	50256	0.000192642
749	5	7667	925	4.1294
749	6	8701	1271	4.60385
749	7	4447	4447	3.80883
749	8	1043	1043	2.16918
749	9	8384	287	2.49427
749	10	287	287	0.109904
749	11	16519	1944	4.39221
749	12	290	290	0.0344944
749	13	36421	5369	3.92249
749	14	13	13	4.57764e-05
749	15	50256	50256	0.000152588
750	5	3473	307	5.43518
750	6	286	286	0.0578032
750	7	517	867	3.85755
750	8	621	621	0.286839
750	9	530	530	1.76652
750	10	34371	34371	3.12012
750	11	2438	34371	4.73156
750	12	966	276	3.02496
750	13	13	13	0.000207901
750	14	50256	50256	0.000314713
751	5	5640	5640	2.36448
751	6	257	257	0.0252104
751	7	15554	2060	4.5844
751	8	9030	9030	2.32565
751	9	284	284	0.0981874
751	10	5587	4439	4.4378
751	11	13042	13042	2.62588
751	12	13	13	0.00240993
751	13	50256	50256	0.000217438
752	5	286	286	0.0085659
752	6	26742	3668	5.03552
752	7	1626	1626	1.90225
752	8	257	257	0.0896788
752	9	3704	2818	4.80298
752	10	286	286	0.0439405
752	11	4898	4898	3.27516
752	12	13	13	0.00122833
752	13	50256	50256	0.000156403
753	5	24603	1588	4.46473
753	6	5440	5440	3.25131
753	7	5140	973	3.47599
753	8	287	287	0.0484743
753	9	262	262	0.00833321
753	10	1388	976	4.52674
753	11	27460	286	5.66153
753	12	10999	5866	4.85132
753	13	13	13	0.000839233
753	14	50256	50256	0.000270844
754	5	1657	1657	1.53933
754	6	656	656	0.223207
754	7	7577	257	5.68453
754	8	780	780	2.23929
754	9	1180	1180	1.34373
754	10	45656	45656	3.67101
754	11	1006	621	5.25016
754	12	974	2138	4.19319
754	13	416	416	0.0985966
754	14	1180	1180	2.37577
754	15	6867	898	4.46767
754	16	13	13	0.000167847
754	17	50256	50256	0.000394821
755	5	2785	2785	3.17518
755	6	2568	2568	0.577359
755	7	13	13	0.000614166
755	8	50256	50256	0.000282288
756	5	14568	12737	5.52054
756	6	351	351	0.14032
756	7	1180	1180	1.55979
756	8	5951	4417	3.81064
756	9	393	393	0.781946
756	10	20160	5986	4.73847
756	11	9695	9695	1.9249
756	12	13	13	0.000112534
756	13	50256	50256	0.000205994
757	5	262	262	0.0733795
757	6	31877	976	5.17979
757	7	23648	23648	3.13749
757	8	559	287	4.63581
757	9	422	422	0.100246
757	10	262	262	0.0125895
757	11	3942	976	5.92517
757	12	850	290	3.92473
757	13	3642	3642	3.54436
757	14	7233	7233	2.98363
757	15	13	13	0.00126648
757	16	50256	50256	0.000143051
758	5	7408	584	3.414
758	6	290	290	0.019558
758	7	34616	34616	3.17067
758	8	29120	29120	2.61606
758	9	13	13	0.000171661
758	10	50256	50256	0.000171661
759	5	389	389	0.501297
759	6	14921	34262	5.25444
759	7	656	656	0.157299
759	8	20144	20144	3.6679
759	9	290	290	0.0172606
759	10	13439	13439	3.41195
759	11	13	13	5.53131e-05
759	12	50256	50256	0.000234604
760	5	318	318	0.143715
760	6	262	262	0.0173082
760	7	3139	3139	1.22583
760	8	286	286	0.0167036
760	9	17333	8706	4.60232
760	10	11	11	0.0530796
760	11	281	281	0.239307
760	12	7022	7022	2.89766
760	13	1499	286	4.66835
760	14	13	13	0.00693798
760	15	50256	50256	0.000185013
761	5	17008	383	4.55735
761	6	8811	8811	1.6556
761	7	925	925	0.972648
761	8	1262	1262	1.91993
761	9	17797	468	5.42048
761	10	44749	706	3.34881
761	11	13	13	0.00315285
761	12	50256	50256	0.000213623
762	5	1962	1962	3.29862
762	6	1142	25041	4.25424
762	7	3970	1321	3.64524
762	8	287	287	0.0206137
762	9	2882	1944	4.42039
762	10	284	284	0.0450315
762	11	262	262	0.00753784
762	12	13471	976	5.4705
762	13	286	286	0.0380602
762	14	257	257	0.102837
762	15	7897	2818	3.66461
762	16	3240	3240	2.30935
762	17	13	13	0.0026741
762	18	50256	50256	0.000146866
763	5	26371	976	4.95177
763	6	2100	2100	3.13547
763	7	3800	3800	2.51285
763	8	286	286	0.0128927
763	9	257	257	0.0518627
763	10	35113	281	5.60737
763	11	393	393	0.100124
763	12	44400	44400	2.48638
763	13	13	13	0.000204086
763	14	50256	50256	0.000209808
764	5	1978	1978	1.50835
764	6	287	287	0.0211325
764	7	257	257	0.025219
764	8	2266	2266	2.87546
764	9	1140	621	5.3885
764	10	6317	6317	1.89594
764	11	13	13	3.8147e-05
764	12	50256	50256	0.000247955
765	5	511	511	0.335432
765	6	5667	5667	1.18374
765	7	1141	1141	1.61571
765	8	257	257	0.0357733
765	9	3218	2060	4.62847
765	10	21819	13166	4.57687
765	11	6772	6772	2.36965
765	12	13	13	0.00147057
765	13	50256	50256	0.000135422
766	5	23638	78	3.00045
766	6	373	373	1.05615
766	7	3170	3170	0.767746
766	8	329	329	0.493962
766	9	262	262	0.00786304
766	10	872	976	5.0654
766	11	33766	33766	2.26556
766	12	5311	5311	1.8602
766	13	3046	3046	2.33549
766	14	84	3046	4.37423
766	15	13	13	0.00295353
766	16	50256	50256	0.000171661
767	5	8833	326	5.42149
767	6	287	287	0.0397282
767	7	262	262	0.00778008
767	8	1402	1402	2.04605
767	9	45426	5207	3.57096
767	10	13	13	1.90735e-05
767	11	50256	50256	0.000183105
768	5	281	281	0.27231
768	6	21670	11557	5.10418
768	7	28287	385	4.3748
768	8	389	389	0.307749
768	9	9518	1440	3.81376
768	10	5667	5667	0.849833
768	11	13	13	7.82013e-05
768	12	50256	50256	0.000228882
769	5	8573	8573	1.70419
769	6	286	286	0.0276203
769	7	48573	867	3.16433
769	8	6134	6134	1.20316
769	9	13	13	0.000768661
769	10	50256	50256	0.000432968
770	5	16613	881	5.42268
770	6	1626	1626	1.12495
770	7	262	262	0.00816345
770	8	1692	3139	4.36614
770	9	7721	7721	2.77722
770	10	13	13	9.72748e-05
770	11	50256	50256	0.000185013
771	5	24927	976	5.03245
771	6	399	11	2.87245
771	7	2306	2306	2.77317
771	8	35815	35815	2.67782
771	9	287	287	0.025465
771	10	22381	674	3.69601
771	11	39255	39255	2.44939
771	12	1004	290	4.61469
771	13	6120	6120	3.0111
771	14	4698	1900	2.84829
771	15	262	262	0.0136433
771	16	32306	32306	3.5727
771	17	13	13	0.00204659
771	18	50256	50256	0.000143051
772	5	1657	8122	3.53852
772	6	26842	1141	6.1678
772	7	618	618	0.619162
772	8	340	340	1.5221
772	9	14170	14170	2.24571
772	10	257	257	0.0128288
772	11	1180	4417	5.75004
772	12	13245	5931	6.26074
772	13	2587	2587	1.62715
772	14	379	379	0.862753
772	15	281	281	0.315638
772	16	9848	2134	4.36025
772	17	13	13	0.00822639
772	18	50256	50256	0.000211716
773	5	351	351	0.168952
773	6	663	663	0.427129
773	7	16488	21334	2.98414
773	8	37229	284	5.96366
773	9	2048	1973	4.87739
773	10	656	656	0.190835
773	11	262	262	0.0360355
773	12	6614	3139	5.89327
773	13	286	286	0.085453
773	14	663	663	0.166178
773	15	13066	1633	4.45866
773	16	13	13	0.000362396
773	17	50256	50256	0.00018692
774	5	286	286	0.00997639
774	6	14159	7840	4.21591
774	7	287	287	0.040184
774	8	262	262	0.00483608
774	9	18020	3139	5.05979
774	10	6896	6896	1.12154
774	11	13	13	4.00543e-05
774	12	50256	50256	0.000394821
775	5	3210	12278	4.94442
775	6	4141	12	5.59482
775	7	12	12	0.0432758
775	8	2385	2385	2.49921
775	9	863	863	1.73133
775	10	6203	863	5.33191
775	11	468	468	0.894257
775	12	15334	12278	3.4031
775	13	12	12	0.0889339
775	14	11545	12	3.35015
775	15	4116	10340	4.11
775	16	13	13	0.00386524
775	17	50256	50256	7.82013e-05
776	5	318	318	0.148202
776	6	262	262	0.0953817
776	7	640	4417	7.36452
776	8	2672	21767	5.29238
776	9	329	329	0.67478
776	10	2063	340	4.85598
776	11	286	286	0.0740576
776	12	257	257	0.0810776
776	13	1588	1588	2.58765
776	14	3265	1444	3.80291
776	15	286	286	0.0343866
776	16	10411	286	4.21764
776	17	21354	21354	3.16316
776	18	17751	274	3.38764
776	19	72	274	2.3579
776	20	284	284	0.0368452
776	21	22119	284	4.88308
776	22	319	319	0.171297
776	23	2811	1194	3.64824
776	24	13	13	0.00134659
776	25	50256	50256	0.000146866
777	5	832	832	0.121154
777	6	881	881	2.05031
777	7	286	286	0.0209246
777	8	262	262	0.061615
777	9	13009	3139	5.65919
777	10	22329	22329	4.16136
777	11	13	13	0.00247002
777	12	50256	50256	0.000221252
778	5	37546	2060	5.64255
778	6	1767	1271	3.02607
778	7	284	284	0.0451784
778	8	257	257	0.115859
778	9	38427	2818	5.06819
778	10	1767	1767	2.42692
778	11	13	13	0.000431061
778	12	50256	50256	0.000242233
779	5	10017	10340	5.10022
779	6	351	351	0.100717
779	7	37414	351	4.76914
779	8	326	326	0.20938
779	9	5419	5419	1.34821
779	10	4180	4180	2.64533
779	11	11192	1817	3.54951
779	12	576	576	2.04944
779	13	3386	5866	4.40122
779	14	13	13	0.00568962
779	15	50256	50256	0.000156403
780	5	422	422	0.23599
780	6	2587	2587	2.06817
780	7	6427	6945	5.12142
780	8	832	832	0.117992
780	9	340	340	1.16243
780	10	13	13	0.00554848
780	11	50256	50256	0.00060463
781	5	16882	16882	2.65592
781	6	318	318	0.212995
781	7	11172	925	3.99697
781	8	422	422	0.123954
781	9	4376	4376	3.97216
781	10	16649	1296	3.24241
781	11	4291	1141	3.27875
781	12	3348	3348	3.05669
781	13	13	13	4.95911e-05
781	14	50256	50256	0.000240326
782	5	290	290	0.046689
782	6	2962	1180	4.01776
782	7	1657	1657	1.53141
782	8	351	351	0.247886
782	9	26929	281	4.73838
782	10	22353	22353	2.37394
782	11	13	13	0.000127792
782	12	50256	50256	0.000320435
783	5	257	257	0.0164862
783	6	3992	1729	4.63632
783	7	3188	8811	4.57321
783	8	1262	1262	0.936407
783	9	41485	41485	3.32549
783	10	13	13	0.000602722
783	11	50256	50256	0.00031662
784	5	8850	281	3.616
784	6	5931	4417	3.39656
784	7	12737	5931	3.17783
784	8	45075	284	3.98235
784	9	2472	2472	3.52775
784	10	2347	4417	4.01853
784	11	284	284	0.0945082
784	12	281	281	0.468334
784	13	6275	2134	4.24687
784	14	40874	40874	2.4296
784	15	13	13	0.00118065
784	16	50256	50256	0.000200272
785	5	5563	5563	1.35362
785	6	257	257	0.0845242
785	7	5405	2060	4.57718
785	8	88	88	2.62273
785	9	4417	4417	1.55036
785	10	706	706	1.2127
785	11	9645	852	4.23331
785	12	13	13	0.000600815
785	13	50256	50256	0.000230789
786	5	1103	2060	4.21755
786	6	1271	1271	2.12939
786	7	5260	284	5.79494
786	8	663	663	0.116787
786	9	5253	21334	4.80556
786	10	422	422	0.201732
786	11	6632	734	3.96669
786	12	13	13	8.2016e-05
786	13	50256	50256	0.000303268
787	5	5679	5679	2.14792
787	6	257	257	0.0343533
787	7	7002	4417	4.08941
787	8	832	832	0.153356
787	9	5783	355	5.41836
787	10	11	11	0.0848389
787	11	49893	49893	3.02735
787	12	2870	11	3.99863
787	13	11	11	0.0729618
787	14	290	290	0.0449448
787	15	20494	20494	3.0326
787	16	13	13	6.86646e-05
787	17	50256	50256	0.000196457
788	5	422	422	0.257148
788	6	262	262	0.0149221
788	7	14707	976	6.94242
788	8	4755	4755	2.66598
788	9	286	286	0.0096035
788	10	257	257	0.0906363
788	11	4858	1729	5.32377
788	12	3491	318	4.03565
788	13	13	13	0.000139236
788	14	50256	50256	0.000154495
789	5	318	318	0.0956326
789	6	7685	281	6.66793
789	7	3194	3194	2.70636
789	8	281	281	0.223098
789	9	19318	2134	4.24437
789	10	1015	23235	4.01776
789	11	2029	2029	1.69184
789	12	663	663	0.147274
789	13	22655	21334	4.06751
789	14	7078	7078	2.63936
789	15	13	13	0.00176525
789	16	50256	50256	0.000261307
790	5	48862	1588	3.83327
790	6	485	485	1.85338
790	7	272	272	1.51453
790	8	6614	262	4.47985
790	9	1239	1239	2.60917
790	10	36177	329	3.63197
790	11	13	13	0.00339031
790	12	50256	50256	0.000291824
791	5	5822	12278	4.86952
791	6	286	286	0.0107517
791	7	6156	6156	2.33911
791	8	25942	544	4.80889
791	9	261	261	2.40831
791	10	13	13	0.0215931
791	11	50256	50256	0.000333786
792	5	6203	2134	4.89751
792	6	1262	1262	0.95639
792	7	18018	281	5.10779
792	8	326	326	0.260615
792	9	8181	1296	4.27395
792	10	422	422	0.0686522
792	11	4025	1194	4.5687
792	12	6493	261	4.0173
792	13	18018	3877	4.23285
792	14	13	13	0.00330734
792	15	50256	50256	0.000453949
793	5	787	787	1.96387
793	6	510	1180	5.19014
793	7	262	262	0.0338745
793	8	4318	3825	4.90561
793	9	10927	416	5.40091
793	10	1080	1080	1.03982
793	11	13	13	2.86102e-05
793	12	50256	50256	0.000118256
794	5	262	262	0.0834732
794	6	7446	3139	4.44826
794	7	287	287	0.571338
794	8	257	257	0.0897284
794	9	7226	4417	3.6645
794	10	5044	1660	3.84741
794	11	2685	4417	3.24376
794	12	13	13	0.0164185
794	13	50256	50256	0.000364304
795	5	3623	8122	3.56294
795	6	2458	2458	1.87542
795	7	656	656	0.28665
795	8	257	257	0.0253201
795	9	8122	8122	2.14259
795	10	13	13	0.00561905
795	11	50256	50256	0.000301361
796	5	45636	45636	2.50814
796	6	15027	15027	3.47443
796	7	318	318	0.266225
796	8	284	284	0.090024
796	9	25432	460	4.87216
796	10	5207	5207	1.36455
796	11	656	656	0.187491
796	12	257	257	0.079649
796	13	1844	1844	4.1714
796	14	4286	66	4.70132
796	15	393	393	0.123533
796	16	5485	318	3.18049
796	17	13	13	0.000667572
796	18	50256	50256	0.000185013
797	5	625	625	0.478498
797	6	281	281	0.176566
797	7	1989	2134	4.46783
797	8	13	13	0.0012207
797	9	50256	50256	0.000267029
798	5	318	318	0.281864
798	6	783	3917	4.48337
798	7	1900	1900	0.671409
798	8	355	355	0.272366
798	9	25299	674	4.67392
798	10	13	13	0.00415325
798	11	50256	50256	0.000236511
799	5	7679	7679	1.69395
799	6	42909	5419	3.75943
799	7	881	881	1.57343
799	8	286	286	0.00412655
799	9	262	262	0.00510979
799	10	3825	976	3.00309
799	11	338	338	0.183711
799	12	13568	3139	5.01638
799	13	49961	49961	3.69465
799	14	11881	11881	2.42248
799	15	13	13	0.000104904
799	16	50256	50256	0.000204086
800	5	307	307	1.94851
800	6	9086	34262	3.7264
800	7	656	656	0.176078
800	8	2237	281	2.92999
800	9	1602	1602	2.07423
800	10	14796	14796	1.47566
800	11	44360	44360	0.83007
800	12	13	13	0.00094986
800	13	50256	50256	0.000528336
801	5	287	287	0.0302668
801	6	2800	1944	5.53274
801	7	351	351	0.109074
801	8	262	262	0.0127277
801	9	2323	3139	4.45307
801	10	13	13	0.00169563
801	11	50256	50256	0.000169754
802	5	1351	1022	5.55658
802	6	318	318	0.0773554
802	7	663	663	0.276429
802	8	3504	663	5.55679
802	9	1988	3815	3.65834
802	10	393	393	0.296137
802	11	262	262	0.00809002
802	12	1612	976	7.40145
802	13	286	286	0.0912352
802	14	663	663	0.134932
802	15	734	530	2.58565
802	16	3504	13	5.33945
802	17	3815	3815	1.61719
802	18	13	13	0.000192642
802	19	50256	50256	0.000198364
803	5	49586	49586	2.33306
803	6	422	422	0.371381
803	7	257	257	0.0601349
803	8	781	279	4.54877
803	9	7241	7241	3.69244
803	10	7679	7679	1.89982
803	11	1022	1022	0.75824
803	12	6228	6228	3.06129
803	13	15747	286	4.46766
803	14	13	13	8.96454e-05
803	15	50256	50256	0.000299454
804	5	12834	12834	2.44292
804	6	8811	8811	1.19818
804	7	925	925	0.712593
804	8	422	422	0.142918
804	9	6147	5100	4.9625
804	10	477	1296	4.28443
804	11	19417	19417	3.05848
804	12	13	13	0.000110626
804	13	50256	50256	0.000205994
805	5	402	402	1.9162
805	6	724	724	3.30425
805	7	1428	724	5.4441
805	8	284	284	0.124974
805	9	406	1037	5.89339
805	10	359	3033	5.21624
805	11	541	541	3.10928
805	12	315	385	5.71657
805	13	287	287	0.0896149
805	14	402	402	1.95542
805	15	724	724	3.46925
805	16	1428	2511	5.33957
805	17	338	338	0.115808
805	18	48899	1810	3.50214
805	19	13	13	5.34058e-05
805	20	50256	50256	0.000133514
806	5	4326	2568	3.14712
806	6	329	329	0.280384
806	7	2033	2033	3.52
806	8	286	286	0.0727062
806	9	9136	286	3.57189
806	10	13	13	4.57764e-05
806	11	50256	50256	0.00062561
807	5	3318	3318	2.49336
807	6	1060	83	3.85395
807	7	276	276	1.0854
807	8	4823	276	5.43429
807	9	1231	1231	0.609195
807	10	16006	16006	2.26472
807	11	13	13	9.34601e-05
807	12	50256	50256	0.000125885
808	5	832	832	0.130938
808	6	257	257	0.0146675
808	7	1429	2060	4.4739
808	8	1444	1444	0.301304
808	9	1007	1007	3.93609
808	10	10514	10514	2.10244
808	11	13	13	4.3869e-05
808	12	50256	50256	0.000324249
809	5	318	318	0.206179
809	6	5447	1444	4.97547
809	7	284	284	0.0598421
809	8	307	307	2.3129
809	9	530	530	1.67073
809	10	13	13	0.00261879
809	11	50256	50256	0.000282288
810	5	19780	2060	5.08023
810	6	5822	8811	4.37873
810	7	318	318	0.164981
810	8	7384	8122	5.09743
810	9	290	290	0.0374432
810	10	645	645	2.06942
810	11	2742	645	3.99382
810	12	1445	1296	2.98958
810	13	460	460	0.644481
810	14	4781	460	5.59086
810	15	262	262	0.029707
810	16	1368	1368	3.71485
810	17	13	13	0.006464
810	18	50256	50256	9.72748e-05
811	5	4166	4166	2.71466
811	6	257	257	0.0308428
811	7	1409	1588	4.98288
811	8	540	460	4.15667
811	9	12	12	0.150787
811	10	28469	820	4.90476
811	11	12	12	0.0657749
811	12	4906	820	5.01458
811	13	13570	2340	4.53559
811	14	1080	1080	0.982624
811	15	287	287	0.0873528
811	16	5515	1944	4.33498
811	17	20283	20283	2.9136
811	18	12	12	0.140996
811	19	14792	820	5.28084
811	20	2031	2031	1.26773
811	21	13	13	0.000383377
811	22	50256	50256	0.000154495
812	5	503	503	3.07703
812	6	416	416	0.216736
812	7	2344	867	5.36555
812	8	11	11	0.0981483
812	9	19435	19435	3.19715
812	10	11	11	0.110606
812	11	10087	1663	4.52062
812	12	11	11	0.123234
812	13	393	393	0.269301
812	14	584	584	1.48512
812	15	4695	4695	1.18805
812	16	13	13	0.000102997
812	17	50256	50256	0.000291824
813	5	290	290	0.0214005
813	6	423	584	2.86123
813	7	511	511	1.15607
813	8	898	898	2.14069
813	9	14599	14599	3.57667
813	10	44935	44935	3.08987
813	11	8573	8573	1.5162
813	12	13	13	0.00887966
813	13	50256	50256	0.000171661
814	5	1660	1660	1.01698
814	6	338	338	0.092802
814	7	23708	3139	4.43266
814	8	1029	543	4.71928
814	9	24372	389	3.89082
814	10	966	966	2.35467
814	11	3688	3688	2.72826
814	12	351	351	0.151592
814	13	2092	351	4.67664
814	14	12	12	0.254235
814	15	13982	820	3.32826
814	16	17745	286	2.69085
814	17	13	13	8.2016e-05
814	18	50256	50256	0.000125885
815	5	3984	3984	2.43793
815	6	5679	5679	2.10188
815	7	10439	286	3.20978
815	8	286	286	0.0311947
815	9	262	262	0.00716496
815	10	9842	976	4.63176
815	11	437	544	3.98519
815	12	544	544	1.61601
815	13	1641	1641	1.4488
815	14	13	13	0.000257492
815	15	50256	50256	0.000219345
816	5	8638	6268	4.20795
816	6	2587	2587	1.73257
816	7	422	422	0.105986
816	8	530	530	1.4739
816	9	4067	1194	3.60602
816	10	284	284	0.0670252
816	11	1194	1194	1.73702
816	12	13	13	0.00025177
816	13	50256	50256	0.000246048
817	5	9315	1588	3.99989
817	6	6404	6404	2.54861
817	7	859	1627	3.59501
817	8	389	389	0.304404
817	9	10730	10730	2.19785
817	10	13	13	0.000419617
817	11	50256	50256	0.000419617
818	5	3867	12278	5.61443
818	6	1633	1633	2.10767
818	7	13	13	0.0186367
818	8	50256	50256	0.000617981
819	5	1232	976	4.1399
819	6	2454	2454	2.68848
819	7	1641	1641	1.61813
819	8	2138	2138	0.311688
819	9	621	621	0.117839
819	10	262	262	0.0474749
819	11	5509	3825	5.57631
819	12	6701	13	4.33048
819	13	1448	1448	2.56092
819	14	13	13	0.000135422
819	15	50256	50256	0.000226974
820	5	2134	1194	3.52978
820	6	319	319	0.50756
820	7	1194	1194	1.4358
820	8	468	319	2.00077
820	9	281	281	0.242657
820	10	4961	2134	3.88161
820	11	290	290	0.108641
820	12	6697	1271	4.32177
820	13	5212	606	3.90376
820	14	2700	2700	1.95239
820	15	13	13	0.00100708
820	16	50256	50256	0.000211716
821	5	318	318	0.260993
821	6	1900	1900	1.30415
821	7	329	329	0.400076
821	8	44741	416	3.86795
821	9	11527	319	4.18932
821	10	21641	21641	3.00933
821	11	13	13	0.00551987
821	12	50256	50256	0.00028801
822	5	2420	2420	3.51143
822	6	2915	973	2.76374
822	7	287	287	0.0644522
822	8	543	867	3.02399
822	9	14390	484	5.04126
822	10	1296	1296	1.3223
822	11	4263	1271	3.94933
822	12	393	393	0.191291
822	13	7572	1271	3.91857
822	14	13	13	6.29425e-05
822	15	50256	50256	0.000217438
823	5	1660	1660	1.22701
823	6	832	832	0.492465
823	7	511	511	1.44244
823	8	308	308	3.04248
823	9	2171	2171	0.976732
823	10	13	13	0.000225067
823	11	50256	50256	0.000164032
824	5	5822	8122	3.87803
824	6	290	290	0.112105
824	7	257	257	0.0484638
824	8	10929	2060	6.73665
824	9	1141	1141	1.03531
824	10	257	257	0.00919151
824	11	2060	2060	2.66651
824	12	19780	269	4.27693
824	13	1445	1296	3.20157
824	14	13	13	0.00674725
824	15	50256	50256	0.000236511
825	5	416	416	0.059927
825	6	38797	38797	2.32387
825	7	278	278	1.12962
825	8	17797	278	4.02896
825	9	44749	276	3.3272
825	10	351	351	0.111509
825	11	257	257	0.053997
825	12	15936	2818	4.14239
825	13	3968	3968	2.30449
825	14	13	13	4.00543e-05
825	15	50256	50256	0.000225067
826	5	1111	2520	3.18247
826	6	21506	21506	2.73665
826	7	290	290	0.0299511
826	8	25794	881	4.13351
826	9	13	13	3.43323e-05
826	10	50256	50256	0.000295639
827	5	393	393	0.158825
827	6	27756	1296	5.71534
827	7	351	351	0.140302
827	8	257	257	0.0215425
827	9	2010	2060	3.76643
827	10	5186	5186	1.24629
827	11	3877	3877	1.14567
827	12	13	13	0.000499725
827	13	50256	50256	0.000133514
828	5	2401	2401	2.96874
828	6	2879	2879	3.51818
828	7	900	900	2.3223
828	8	11	11	0.105219
828	9	1123	1123	1.12491
828	10	886	886	3.78361
828	11	286	286	0.0161543
828	12	257	257	0.0644178
828	13	17763	1588	5.74997
828	14	2523	706	4.99787
828	15	257	257	0.0282345
828	16	1271	1271	2.25923
828	17	422	422	0.185712
828	18	6632	1660	3.76489
828	19	832	832	0.399688
828	20	2237	281	2.61009
828	21	13	13	3.24249e-05
828	22	50256	50256	0.000226974
829	5	496	496	1.28583
829	6	6204	496	4.83988
829	7	1474	379	1.73701
829	8	1944	1944	2.20988
829	9	12	12	0.0698891
829	10	820	820	1.42435
829	11	25266	25266	2.88167
829	12	13	13	6.86646e-05
829	13	50256	50256	0.000106812
830	5	262	262	0.0152321
830	6	45656	1402	3.85421
830	7	286	286	0.197348
830	8	1657	1657	1.53137
830	9	11300	13	4.42032
830	10	1022	1022	0.434726
830	11	12899	257	4.66057
830	12	27982	27982	3.01124
830	13	13	13	3.24249e-05
830	14	50256	50256	0.000387192
831	5	36288	11685	4.59889
831	6	423	423	1.41257
831	7	42014	42014	4.74619
831	8	307	307	1.06267
831	9	4730	4730	1.59973
831	10	13	13	0.00015831
831	11	50256	50256	0.000394821
832	5	21001	1900	4.16375
832	6	5385	5385	4.04443
832	7	5563	5563	1.72532
832	8	287	287	0.0169592
832	9	4320	287	4.65401
832	10	2339	2339	1.74449
832	11	14752	14752	3.47998
832	12	13	13	0.00031662
832	13	50256	50256	0.000267029
833	5	12070	12070	3.32272
833	6	35901	5594	3.73081
833	7	12	12	0.0584698
833	8	16760	820	3.02925
833	9	8849	5667	5.33696
833	10	656	656	0.202912
833	11	21558	543	4.19732
833	12	284	284	0.0777912
833	13	3551	4439	4.39269
833	14	269	269	1.26607
833	15	1726	8325	4.08377
833	16	6933	6933	2.34825
833	17	13	13	0.00191689
833	18	50256	50256	0.00012207
834	5	4888	925	3.48684
834	6	416	416	0.0889349
834	7	3644	38797	4.54452
834	8	4056	4056	1.9979
834	9	13	13	0.0011158
834	10	50256	50256	0.000350952
835	5	2700	2700	1.96775
835	6	832	832	0.198159
835	7	1803	1803	3.39226
835	8	44796	34262	4.98192
835	9	8122	8122	1.61293
835	10	13	13	7.24792e-05
835	11	50256	50256	0.000200272
836	5	3877	3877	1.59513
836	6	11	11	0.147674
836	7	981	981	1.10597
836	8	1237	1180	3.72711
836	9	684	684	2.87347
836	10	3283	460	4.95652
836	11	3967	3967	3.17239
836	12	5186	5186	1.57152
836	13	3877	3877	1.41071
836	14	13	13	0.00118637
836	15	50256	50256	0.000392914
837	5	2524	2524	2.24335
837	6	287	287	0.0302067
837	7	1944	1944	1.88666
837	8	12	12	0.0557966
837	9	820	820	1.36662
837	10	7648	7648	3.10683
837	11	13	13	3.62396e-05
837	12	50256	50256	0.000131607
838	5	286	286	0.112584
838	6	20422	5828	5.94667
838	7	11	11	0.0541239
838	8	257	257	0.0169868
838	9	46909	7226	5.01223
838	10	38656	893	4.3602
838	11	318	318	0.163112
838	12	10090	281	5.63328
838	13	355	355	0.231568
838	14	257	257	0.0220079
838	15	4898	4898	3.48038
838	16	7972	7972	3.30433
838	17	8875	21124	4.86529
838	18	13	13	6.10352e-05
838	19	50256	50256	0.000164032
839	5	15061	8122	5.40021
839	6	8811	8811	1.72205
839	7	21126	925	6.00948
839	8	656	656	0.165655
839	9	257	257	0.13691
839	10	8234	2060	4.79331
839	11	13	13	0.00506783
839	12	50256	50256	0.000154495
840	5	1660	1660	0.907952
840	6	20199	20199	3.46636
840	7	18190	2641	4.41499
840	8	4291	739	3.03109
840	9	4771	1657	3.08703
840	10	24770	3812	4.11205
840	11	287	287	0.0517359
840	12	15114	3833	4.27129
840	13	13	13	0.000335693
840	14	50256	50256	0.000131607
841	5	663	663	0.303194
841	6	35988	35988	3.57173
841	7	11904	11904	1.29153
841	8	290	290	0.0207224
841	9	318	318	0.704961
841	10	407	407	1.44248
841	11	257	257	0.0252571
841	12	8701	2818	6.28025
841	13	13	13	0.00605011
841	14	50256	50256	0.000141144
842	5	71	71	2.82166
842	6	36417	338	4.4334
842	7	287	287	0.0185595
842	8	6156	6156	1.78135
842	9	14937	544	4.45415
842	10	43372	43372	3.66068
842	11	321	321	2.65164
842	12	666	666	2.70249
842	13	13399	666	2.96898
842	14	13	13	0.00434494
842	15	50256	50256	0.000190735
843	5	2081	281	3.83171
843	6	284	284	0.0913963
843	7	3991	4439	5.89231
843	8	290	290	0.0569525
843	9	3991	5369	5.54937
843	10	284	284	0.165162
843	11	2081	530	3.95637
843	12	13	13	0.0377779
843	13	50256	50256	0.000370026
844	5	6268	6268	1.07133
844	6	2173	2173	2.34937
844	7	3812	3812	1.72209
844	8	262	262	0.0380039
844	9	9197	3825	5.51574
844	10	338	338	0.0272741
844	11	3641	3139	3.90617
844	12	13	13	0.000865936
844	13	50256	50256	0.000160217
845	5	17467	17467	3.36372
845	6	382	1626	4.47938
845	7	2722	2722	2.76503
845	8	262	262	0.0143909
845	9	20715	3139	4.65237
845	10	15895	15895	3.233
845	11	287	287	0.018878
845	12	33818	287	3.85747
845	13	287	287	0.0291882
845	14	35145	35145	2.91392
845	15	13	13	0.0010004
845	16	50256	50256	0.000144958
846	5	44543	1588	4.94306
846	6	4144	416	4.43127
846	7	16083	373	3.33162
846	8	925	925	0.592326
846	9	422	422	0.0966854
846	10	7545	511	3.03619
846	11	13	13	4.00543e-05
846	12	50256	50256	0.000135422
847	5	2033	3139	4.68316
847	6	286	286	0.0391197
847	7	1660	511	1.9527
847	8	20199	389	3.68591
847	9	287	287	0.141391
847	10	1633	1660	2.76331
847	11	351	351	0.29465
847	12	663	663	0.429498
847	13	36275	21334	5.65044
847	14	2033	318	3.68947
847	15	379	379	0.649042
847	16	262	262	0.0157185
847	17	976	976	2.91471
847	18	5951	5951	2.72065
847	19	13	13	5.91278e-05
847	20	50256	50256	0.000238419
848	5	976	976	2.27737
848	6	12234	269	5.45747
848	7	1988	1748	3.2233
848	8	11	11	0.0617886
848	9	257	257	0.0239725
848	10	3074	1729	6.53261
848	11	1444	1444	0.378621
848	12	257	257	0.0544443
848	13	17661	1729	5.92987
848	14	13	13	0.0140352
848	15	50256	50256	0.000234604
849	5	1205	460	3.41524
849	6	287	287	0.0268831
849	7	5055	5055	3.04651
849	8	393	393	0.137256
849	9	3105	2511	4.48653
849	10	12	12	0.109776
849	11	31462	16760	5.33694
849	12	1660	1660	0.889835
849	13	13	13	7.82013e-05
849	14	50256	50256	0.000146866
850	5	656	656	0.288662
850	6	257	257	0.0355387
850	7	8122	8122	2.48697
850	8	13	13	8.7738e-05
850	9	50256	50256	0.000854492
851	5	10384	2134	5.22214
851	6	284	284	0.0646162
851	7	262	262	0.016017
851	8	6156	3139	3.12419
851	9	15433	15433	4.0646
851	10	6959	6959	2.46543
851	11	286	286	0.0347338
851	12	2011	47403	3.76413
851	13	66	66	1.19529
851	14	268	66	3.47403
851	15	3609	3609	2.92357
851	16	13	13	0.000118256
851	17	50256	50256	0.000234604
852	5	27602	13204	4.38865
852	6	1084	1084	3.25365
852	7	515	3815	3.33626
852	8	290	290	0.132391
852	9	16577	584	4.81564
852	10	284	284	0.151461
852	11	4439	4439	1.38688
852	12	26868	23938	3.60674
852	13	13	13	0.0102148
852	14	50256	50256	0.000211716
853	5	319	319	0.30137
853	6	262	262	0.00516129
853	7	4013	262	4.33224
853	8	25986	25986	2.13605
853	9	34603	25986	3.49903
853	10	21891	2253	4.19994
853	11	13	13	8.01086e-05
853	12	50256	50256	0.000284195
854	5	36140	379	4.48112
854	6	11	11	0.144136
854	7	281	281	0.153675
854	8	19318	2134	4.49002
854	9	1015	23235	4.19559
854	10	318	318	0.196216
854	11	9086	318	3.34432
854	12	656	656	0.1516
854	13	14104	3668	5.31453
854	14	4961	4961	2.52129
854	15	5026	284	3.61164
854	16	49644	47196	4.36165
854	17	4831	47196	3.19032
854	18	13	13	0.000272751
854	19	50256	50256	0.000150681
855	5	2081	3139	7.52953
855	6	11135	734	4.42272
855	7	1043	1043	2.26662
855	8	287	287	0.0388298
855	9	48573	6156	4.24029
855	10	6134	6134	1.31485
855	11	13	13	2.28882e-05
855	12	50256	50256	0.000164032
856	5	1371	1371	2.17268
856	6	617	617	3.04649
856	7	1321	1321	1.49556
856	8	422	422	0.41055
856	9	262	262	0.0179977
856	10	2656	1767	4.31509
856	11	1366	1366	2.35404
856	12	13	13	4.00543e-05
856	13	50256	50256	0.000154495
857	5	83	83	1.13927
857	6	270	270	2.40432
857	7	9620	9620	3.19545
857	8	287	287	0.029211
857	9	262	262	0.00556374
857	10	614	3139	4.37005
857	11	1315	1315	2.40541
857	12	2481	47196	3.52787
857	13	13	13	0.0018959
857	14	50256	50256	0.000177383
858	5	1011	5419	2.92784
858	6	262	262	0.0125456
858	7	2910	3825	4.24359
858	8	13840	286	4.97953
858	9	2622	13055	3.91869
858	10	416	416	0.103481
858	11	867	867	1.72536
858	12	4693	24039	5.28052
858	13	329	329	0.238608
858	14	5935	4961	4.91408
858	15	3227	3227	3.74809
858	16	13	13	0.00740814
858	17	50256	50256	0.000171661
859	5	338	338	0.131295
859	6	8137	4417	4.58736
859	7	42909	5419	4.36528
859	8	2266	2266	2.99643
859	9	1657	1657	1.81772
859	10	290	290	0.0354156
859	11	22625	584	4.62737
859	12	284	284	0.0234547
859	13	663	663	0.473662
859	14	4171	21334	5.71241
859	15	5585	5585	1.95381
859	16	13	13	0.000478745
859	17	50256	50256	0.000274658
860	5	281	281	0.362985
860	6	16295	2134	6.75014
860	7	6140	3812	5.99119
860	8	318	318	0.191481
860	9	1444	1444	0.463627
860	10	663	663	0.168771
860	11	2962	21334	3.88741
860	12	13	13	0.000505447
860	13	50256	50256	0.000225067
861	5	418	418	1.29223
861	6	389	389	1.19106
861	7	262	262	0.0302525
861	8	734	734	1.12672
861	9	1402	1402	1.60163
861	10	31093	45426	3.64989
861	11	286	286	0.0527725
861	12	8706	8706	2.73955
861	13	13	13	0.000116348
861	14	50256	50256	0.000152588
862	5	12622	12622	1.93487
862	6	45738	45738	1.86235
862	7	287	287	0.0476112
862	8	607	607	3.18557
862	9	5337	607	5.35298
862	10	45738	45738	2.6424
862	11	13	13	6.10352e-05
862	12	50256	50256	0.000263214
863	5	3395	3395	3.03513
863	6	37670	37670	1.59093
863	7	5958	37670	5.80102
863	8	6140	460	5.32689
863	9	351	351	0.15383
863	10	8547	8547	3.1214
863	11	273	12009	5.15105
863	12	3409	625	3.73905
863	13	11400	11400	3.3608
863	14	338	338	0.0575113
863	15	11359	22204	4.26875
863	16	13389	13389	2.72003
863	17	13	13	5.34058e-05
863	18	50256	50256	0.00012207
864	5	460	460	0.452782
864	6	307	307	2.13909
864	7	7042	4635	3.29045
864	8	416	416	0.109588
864	9	4375	867	3.69166
864	10	262	262	0.0210257
864	11	734	734	2.10672
864	12	18148	24039	5.13859
864	13	2846	329	5.00473
864	14	284	284	0.0708399
864	15	7330	351	5.64332
864	16	262	262	0.126657
864	17	1306	44695	4.45957
864	18	3381	22829	3.15362
864	19	13	13	4.3869e-05
864	20	50256	50256	0.000204086
865	5	11880	11880	2.3629
865	6	5419	5419	1.16827
865	7	340	340	1.49404
865	8	2834	14170	5.68085
865	9	5667	5667	0.872077
865	10	422	422	0.168921
865	11	13737	13737	2.34928
865	12	13	13	5.72205e-05
865	13	50256	50256	0.000164032
866	5	6903	11904	3.69769
866	6	318	318	0.111426
866	7	281	281	0.337718
866	8	37287	2134	4.14809
866	9	9814	9814	3.17079
866	10	15763	15763	2.09273
866	11	13	13	0.000259399
866	12	50256	50256	0.000234604
867	5	78	78	1.15334
867	6	318	318	0.394113
867	7	4888	925	4.2124
867	8	416	416	0.0695286
867	9	16256	38797	6.49044
867	10	11	11	0.146168
867	11	15336	2138	4.89086
867	12	11	11	0.0702209
867	13	290	290	0.0342369
867	14	46070	20494	4.51601
867	15	72	72	1.94226
867	16	13	13	0.000200272
867	17	50256	50256	0.00022316
868	5	19435	19435	2.61189
868	6	351	351	0.11312
868	7	9518	9518	3.39731
868	8	5667	5667	0.932707
868	9	13	13	0.00141525
868	10	50256	50256	0.000362396
869	5	547	272	3.64919
869	6	14212	2264	4.91369
869	7	1748	1748	1.18559
869	8	12	12	0.14231
869	9	27219	820	5.68605
869	10	287	287	0.0394268
869	11	6156	6156	1.96663
869	12	10315	1810	4.75615
869	13	13	13	8.7738e-05
869	14	50256	50256	0.000143051
870	5	832	832	0.347567
870	6	262	262	0.04282
870	7	11963	3139	6.4217
870	8	3356	734	3.24395
870	9	286	286	0.0275288
870	10	257	257	0.0375366
870	11	11711	257	5.1657
870	12	13	13	0.00230503
870	13	50256	50256	0.00022316
871	5	3170	3170	0.731953
871	6	416	416	0.222395
871	7	262	262	0.0489922
871	8	3457	449	6.13237
871	9	292	418	3.51424
871	10	287	287	0.0608244
871	11	262	262	0.0134268
871	12	843	449	4.63379
871	13	274	274	1.47215
871	14	21124	21124	1.8718
871	15	13	13	0.000650406
871	16	50256	50256	0.000160217
872	5	1729	1729	3.18567
872	6	4164	22570	3.82296
872	7	18196	11	4.34327
872	8	5002	5002	2.26242
872	9	326	326	0.660828
872	10	318	318	0.233788
872	11	8122	8122	1.89445
872	12	379	379	0.616601
872	13	8850	8850	1.52005
872	14	2119	3403	3.64958
872	15	5951	5951	1.28779
872	16	13	13	5.53131e-05
872	17	50256	50256	0.000106812
873	5	286	286	0.0284195
873	6	28722	28722	2.77599
873	7	287	287	0.0333004
873	8	257	257	0.0233698
873	9	5931	5931	2.12802
873	10	6317	6317	1.78462
873	11	13	13	8.39233e-05
873	12	50256	50256	0.000244141
874	5	10947	10947	2.39091
874	6	4046	6268	4.06569
874	7	422	422	0.0535355
874	8	7346	7346	2.81213
874	9	27149	27149	3.29246
874	10	13	13	0.00205231
874	11	50256	50256	0.00021553
875	5	973	973	0.669328
875	6	329	329	0.374064
875	7	35788	35788	4.19033
875	8	4263	2057	2.79227
875	9	13	13	0.000156403
875	10	50256	50256	0.000429153
876	5	27458	9403	5.14753
876	6	12	12	0.0828648
876	7	11487	29289	5.11588
876	8	1448	1448	2.64156
876	9	1690	1690	1.82678
876	10	423	1296	5.73804
876	11	2092	4961	4.35823
876	12	5931	5931	1.8459
876	13	6608	6317	3.1402
876	14	13	13	7.62939e-05
876	15	50256	50256	8.01086e-05
877	5	7306	987	5.82137
877	6	3623	318	2.88081
877	7	379	379	0.506246
877	8	6937	3668	5.84868
877	9	5951	5951	2.11912
877	10	11	11	0.130219
877	11	3833	3833	3.22077
877	12	5732	2568	2.58353
877	13	355	355	1.04252
877	14	6115	6115	3.38682
877	15	20638	20638	3.24902
877	16	13	13	4.76837e-05
877	17	50256	50256	0.00056076
878	5	1588	1588	2.3728
878	6	6903	6903	3.05223
878	7	286	286	0.0306664
878	8	2258	2258	2.59868
878	9	5478	6896	2.87174
878	10	13	13	0.00366879
878	11	50256	50256	0.000207901
879	5	42909	1444	4.00131
879	6	2568	2568	0.952542
879	7	422	422	0.117964
879	8	663	663	0.18003
879	9	21334	21334	1.43092
879	10	13	13	5.34058e-05
879	11	50256	50256	0.000213623
880	5	7714	1633	3.47605
880	6	3170	3170	0.767241
880	7	1231	1231	0.778592
880	8	29871	29871	2.56158
880	9	13	13	0.00405884
880	10	50256	50256	0.000144958
881	5	262	262	0.0343237
881	6	21189	21189	4.51719
881	7	21226	21226	3.07308
881	8	286	286	0.00819397
881	9	867	867	1.29007
881	10	4903	1402	4.13018
881	11	694	694	3.43481
881	12	418	418	1.41297
881	13	1037	389	4.69676
881	14	606	606	2.079
881	15	36331	13	3.79277
881	16	284	284	0.0193748
881	17	16649	1296	3.85505
881	18	13	13	0.000156403
881	19	50256	50256	0.000244141
882	5	22421	22421	3.21312
882	6	3025	2641	3.6735
882	7	7531	48331	4.34339
882	8	19998	338	4.34987
882	9	423	326	2.71353
882	10	257	257	0.0647459
882	11	8064	4417	4.54346
882	12	286	286	0.0206699
882	13	734	734	1.32457
882	14	284	284	0.0297575
882	15	530	530	1.4065
882	16	13	13	0.00437737
882	17	50256	50256	0.00037384
883	5	2010	2010	2.08837
883	6	5186	5186	1.01751
883	7	3877	3877	1.49575
883	8	13	13	0.000402451
883	9	50256	50256	0.000204086
884	5	11	11	0.0375967
884	6	290	290	0.0309334
884	7	21813	37919	4.36391
884	8	4166	4166	3.08892
884	9	422	422	0.112574
884	10	9133	355	4.65933
884	11	20328	20328	2.73911
884	12	13	13	8.96454e-05
884	13	50256	50256	0.000133514
885	5	326	326	0.473953
885	6	257	257	0.0404711
885	7	12649	279	5.3561
885	8	460	460	0.306794
885	9	12260	460	5.10833
885	10	3264	1022	3.54704
885	11	13	13	2.28882e-05
885	12	50256	50256	0.000200272
886	5	286	286	0.00813866
886	6	10529	262	3.26037
886	7	893	893	1.22422
886	8	325	325	2.06831
886	9	385	385	1.40589
886	10	287	287	0.0543442
886	11	262	262	0.0240822
886	12	28032	976	6.00846
886	13	13	13	0.0012188
886	14	50256	50256	0.000185013
887	5	2431	2431	1.60887
887	6	13	13	7.24792e-05
887	7	50256	50256	0.000207901
888	5	11	11	0.0735006
888	6	543	981	2.55978
888	7	5419	5419	1.37571
888	8	262	262	0.219689
888	9	1767	3825	3.19641
888	10	16274	21124	5.34121
888	11	27997	27997	2.362
888	12	13	13	0.000982285
888	13	50256	50256	0.000108719
889	5	16704	16704	4.05588
889	6	279	279	2.77353
889	7	2150	2150	2.92424
889	8	1387	2150	4.51456
889	9	422	422	0.125823
889	10	18577	18577	3.97913
889	11	33694	33694	3.82367
889	12	11904	11904	1.0997
889	13	13	13	6.86646e-05
889	14	50256	50256	0.000198364
890	5	388	385	3.0288
890	6	12007	1278	3.10899
890	7	1278	1278	2.27471
890	8	9189	9189	2.52644
890	9	21592	21592	2.36528
890	10	22830	287	4.45637
890	11	290	290	0.0368567
890	12	584	584	1.30918
890	13	1171	1171	4.04704
890	14	5444	10340	3.78142
890	15	9928	47196	3.44418
890	16	13	13	0.00634861
890	17	50256	50256	0.000110626
891	5	286	286	0.0139055
891	6	8031	15317	6.09598
891	7	11	11	0.0609446
891	8	6296	6296	2.85702
891	9	319	319	0.272919
891	10	262	262	0.0153971
891	11	309	976	5.5161
891	12	1856	1856	3.2157
891	13	5866	5866	0.894012
891	14	13	13	0.000106812
891	15	50256	50256	0.00019455
892	5	416	416	0.274282
892	6	763	38797	4.92755
892	7	363	363	1.28091
892	8	8306	363	5.23677
892	9	17797	17797	3.03661
892	10	7545	7545	2.8745
892	11	290	290	0.0462608
892	12	12273	5369	4.49321
892	13	262	262	0.00599861
892	14	7186	7186	4.17226
892	15	1090	1090	2.37186
892	16	9310	9310	3.30438
892	17	13	13	0.00153923
892	18	50256	50256	0.000141144
893	5	287	287	0.0554428
893	6	23217	281	4.87931
893	7	460	460	0.485334
893	8	1037	307	3.30469
893	9	2270	606	4.15774
893	10	12586	706	4.09026
893	11	5475	5475	2.96776
893	12	13	13	0.000112534
893	13	50256	50256	0.000185013
894	5	832	832	0.565348
894	6	262	262	0.00591469
894	7	17661	976	5.92797
894	8	286	286	0.00748444
894	9	262	262	0.0092783
894	10	3942	976	5.6827
894	11	290	290	0.0328407
894	12	35769	407	4.09985
894	13	666	666	1.9962
894	14	13375	666	5.02178
894	15	13	13	0.00131989
894	16	50256	50256	0.00018692
895	5	1115	8122	3.98529
895	6	13043	4289	3.82439
895	7	326	326	0.30108
895	8	1296	1296	1.52693
895	9	257	257	0.0551682
895	10	2060	2060	2.72151
895	11	16257	16257	2.78448
895	12	13	13	0.00191593
895	13	50256	50256	0.000160217
896	5	8208	8208	3.68016
896	6	12	12	0.0747719
896	7	19412	16760	5.5752
896	8	7475	7475	2.29284
896	9	13	13	0.00440598
896	10	50256	50256	0.00015831
897	5	39880	2134	6.77153
897	6	460	460	0.537356
897	7	1205	307	4.14901
897	8	656	656	0.114991
897	9	257	257	0.0115671
897	10	649	2060	4.86797
897	11	4618	5931	2.85726
897	12	13	13	0.00735188
897	13	50256	50256	0.000137329
898	5	1350	1350	2.69886
898	6	900	900	2.6518
898	7	11597	385	3.6136
898	8	7218	7218	2.62626
898	9	22596	22596	2.69277
898	10	1871	1871	2.51945
898	11	28818	28818	3.09589
898	12	2127	21379	3.6286
898	13	5348	5348	2.52512
898	14	13	13	0.000135422
898	15	50256	50256	0.000217438
899	5	5838	3139	4.18196
899	6	286	286	0.0150871
899	7	38330	15317	4.15032
899	8	287	287	0.0217876
899	9	838	838	3.54211
899	10	2791	2791	1.68043
899	11	13	13	0.00028038
899	12	50256	50256	0.00018692
900	5	11	11	0.117966
900	6	717	981	4.83705
900	7	12	12	0.60306
900	8	448	820	4.46134
900	9	16834	973	4.99133
900	10	11	11	0.0575504
900	11	262	262	0.0126944
900	12	14555	976	6.21824
900	13	2087	2087	2.88455
900	14	2378	2641	3.74046
900	15	318	318	0.150429
900	16	4615	4615	1.95462
900	17	717	318	3.19682
900	18	13	13	3.62396e-05
900	19	50256	50256	0.000112534
901	5	4180	4180	2.84347
901	6	30121	4180	3.95157
901	7	319	319	0.198593
901	8	6163	262	3.3424
901	9	3354	3354	3.27001
901	10	286	286	0.00831985
901	11	9664	4898	4.64609
901	12	13	13	0.00126648
901	13	50256	50256	0.000221252
902	5	3688	3688	2.23203
902	6	284	284	0.0622559
902	7	262	262	0.0583696
902	8	5485	3825	4.56787
902	9	286	286	0.0386324
902	10	257	257	0.0773754
902	11	6297	6297	3.79514
902	12	13	13	0.000169754
902	13	50256	50256	0.000240326
903	5	2318	269	4.52813
903	6	19972	19972	3.38127
903	7	33174	33174	3.29284
903	8	262	262	0.0474644
903	9	5366	3825	5.59302
903	10	16825	286	4.46839
903	11	286	286	0.0272217
903	12	1194	1194	1.68334
903	13	13	13	0.000185013
903	14	50256	50256	0.000314713
904	5	16122	976	5.26999
904	6	11732	11732	2.97923
904	7	337	337	3.52495
904	8	5847	5847	3.79216
904	9	2977	11	4.91193
904	10	290	290	0.0250702
904	11	383	383	1.9458
904	12	367	36306	4.57988
904	13	3316	3316	3.39936
904	14	1891	1891	3.01266
904	15	286	286	0.0125628
904	16	23382	47403	4.37799
904	17	12	12	0.0637083
904	18	35	820	6.08062
904	19	480	480	3.58003
904	20	13	13	4.57764e-05
904	21	50256	50256	0.000173569
905	5	625	625	0.455741
905	6	3090	307	4.51792
905	7	287	287	0.0341024
905	8	8850	8850	1.50968
905	9	34768	4695	4.06215
905	10	13	13	0.00301361
905	11	50256	50256	0.000185013
906	5	284	284	0.0630465
906	6	262	262	0.0108318
906	7	28761	8434	5.68366
906	8	576	576	2.30436
906	9	1448	8573	3.41458
906	10	11	11	0.0487814
906	11	407	407	0.770178
906	12	262	262	0.0276794
906	13	38255	976	5.46338
906	14	1547	1547	1.20407
906	15	13	13	0.000282288
906	16	50256	50256	0.000209808
907	5	7861	7861	4.01374
907	6	11	11	0.0381269
907	7	5387	407	4.20712
907	8	14580	5866	5.16904
907	9	11	11	0.13716
907	10	290	290	0.0400457
907	11	4596	3139	5.3588
907	12	6900	5207	4.10061
907	13	286	286	0.0529442
907	14	19606	19606	3.33956
907	15	287	287	0.0450735
907	16	1660	1660	1.6226
907	17	3102	3102	2.78594
907	18	46916	46916	2.03107
907	19	13	13	0.000167847
907	20	50256	50256	0.000303268
908	5	3881	3881	2.21697
908	6	1296	1296	1.07126
908	7	257	257	0.0589705
908	8	4417	4417	2.57749
908	9	7679	7679	2.45236
908	10	1444	1444	0.997013
908	11	842	842	3.03187
908	12	21446	832	5.07424
908	13	319	319	0.195908
908	14	262	262	0.0247641
908	15	6869	3825	4.56981
908	16	13	13	2.86102e-05
908	17	50256	50256	0.00019455
909	5	286	286	0.0722694
909	6	257	257	0.0643291
909	7	35991	4417	6.1012
909	8	423	318	2.81355
909	9	4961	4961	2.7131
909	10	20428	284	3.23309
909	11	13	13	0.00331879
909	12	50256	50256	0.000257492
910	5	10349	1729	6.06681
910	6	618	618	0.715404
910	7	663	663	0.414254
910	8	5002	4417	3.22601
910	9	48813	23235	5.15498
910	10	422	422	0.0588064
910	11	13181	281	5.44231
910	12	1459	1459	2.58216
910	13	13	13	0.000278473
910	14	50256	50256	0.000154495
911	5	3623	867	4.35008
911	6	25037	326	4.33884
911	7	13640	13640	3.74518
911	8	355	355	0.289156
911	9	44030	44030	3.51427
911	10	3881	3881	2.68837
911	11	4735	1296	3.77589
911	12	6945	6945	1.24206
911	13	13	13	7.24792e-05
911	14	50256	50256	0.000427246
912	5	12269	34262	6.47963
912	6	11	11	0.0492477
912	7	1660	1660	0.974035
912	8	11	11	0.116061
912	9	290	290	0.122287
912	10	38084	19783	4.44009
912	11	14093	14093	4.09517
912	12	1818	1818	2.76221
912	13	13	13	0.000324249
912	14	50256	50256	0.00018692
913	5	689	373	3.38343
913	6	9664	12278	4.78186
913	7	351	351	0.0847912
913	8	28096	257	5.34182
913	9	925	925	0.572825
913	10	1262	1262	1.56804
913	11	257	257	0.053957
913	12	17598	2060	6.22078
913	13	290	290	0.0301008
913	14	4704	4704	3.58193
913	15	13	13	0.00882816
913	16	50256	50256	0.000167847
914	5	2057	2057	1.32783
914	6	422	422	0.197141
914	7	1660	511	1.60412
914	8	351	351	0.29486
914	9	13375	1660	5.14046
914	10	287	287	0.0477962
914	11	511	1660	2.03207
914	12	28552	28552	2.97602
914	13	13	13	6.10352e-05
914	14	50256	50256	0.00021553
915	5	262	262	0.0152149
915	6	3463	3139	4.25695
915	7	286	286	0.0174599
915	8	262	262	0.136348
915	9	11711	3139	5.39595
915	10	20085	22829	4.92402
915	11	416	416	0.153497
915	12	281	281	0.427402
915	13	2134	2134	2.12167
915	14	13	13	6.67572e-05
915	15	50256	50256	0.000190735
916	5	262	262	0.0206327
916	6	12108	3139	3.5892
916	7	286	286	0.00711536
916	8	17837	5828	6.08584
916	9	11	11	0.119844
916	10	318	318	0.251985
916	11	17837	636	6.17873
916	12	338	338	0.176822
916	13	3139	3139	1.12152
916	14	13	13	0.00862885
916	15	50256	50256	0.000253677
917	5	37270	9194	4.36595
917	6	11	11	0.0435934
917	7	30872	30872	3.6556
917	8	11	11	0.0509443
917	9	290	290	0.0195026
917	10	21506	21506	2.82211
917	11	13	13	0.00012207
917	12	50256	50256	0.000190735
918	5	3668	3668	1.02074
918	6	8318	8318	2.67301
918	7	832	832	0.164326
918	8	16468	35115	5.42146
918	9	1364	1364	1.92061
918	10	416	416	0.112375
918	11	401	38797	4.17731
918	12	1039	1039	3.05281
918	13	13	13	0.00399399
918	14	50256	50256	0.000534058
919	5	44741	44741	3.43375
919	6	17757	17757	3.63486
919	7	319	319	0.16993
919	8	4849	262	3.84482
919	9	47967	47967	2.45956
919	10	28847	28847	3.05035
919	11	287	287	0.0553598
919	12	4492	4492	2.42591
919	13	13	13	2.86102e-05
919	14	50256	50256	0.000228882
920	5	350	262	4.58983
920	6	9160	373	4.26721
920	7	373	373	0.528126
920	8	3170	3170	0.997755
920	9	355	355	0.183274
920	10	257	257	0.0886583
920	11	8966	8966	3.67691
920	12	10580	10580	2.75705
920	13	13	13	0.000240326
920	14	50256	50256	0.000236511
921	5	257	257	0.0152664
921	6	5252	2818	4.3624
921	7	33413	33413	2.77934
921	8	8902	8902	2.1338
921	9	351	351	0.0905352
921	10	281	281	0.339393
921	11	18762	18762	3.5848
921	12	2890	2890	3.74758
921	13	5797	5797	2.87056
921	14	13	13	8.39233e-05
921	15	50256	50256	0.000131607
922	5	1811	373	3.73138
922	6	6300	6300	3.46091
922	7	286	286	0.0817089
922	8	262	262	0.0471449
922	9	2939	3139	4.78669
922	10	1444	1444	0.798985
922	11	383	383	2.22859
922	12	36306	36306	2.24776
922	13	13	13	0.000362396
922	14	50256	50256	0.000175476
923	5	460	460	0.276068
923	6	2620	307	4.32477
923	7	257	257	0.0170383
923	8	2700	1271	3.42625
923	9	338	338	0.0474548
923	10	6225	338	3.9957
923	11	1245	1245	2.80283
923	12	13	13	0.0001297
923	13	50256	50256	0.000171661
924	5	286	286	0.014205
924	6	262	262	0.02701
924	7	3624	976	4.48222
924	8	14705	4417	4.15868
924	9	287	287	0.0336237
924	10	674	674	1.48273
924	11	6591	6591	0.536723
924	12	1080	1080	0.933952
924	13	13	13	7.05719e-05
924	14	50256	50256	0.00018692
925	5	42742	973	3.47913
925	6	656	656	0.106679
925	7	734	734	1.05069
925	8	4957	4957	3.72696
925	9	17751	17751	2.99816
925	10	72	274	2.43777
925	11	13	13	4.19617e-05
925	12	50256	50256	0.00053978
926	5	257	257	0.0438175
926	6	41236	2060	4.97976
926	7	338	338	0.0691833
926	8	4417	4417	1.62441
926	9	389	389	1.57179
926	10	7009	606	4.95264
926	11	1981	606	4.36239
926	12	15921	15921	1.72672
926	13	13	13	0.000356674
926	14	50256	50256	0.000236511
927	5	286	286	0.0495672
927	6	262	262	0.00734234
927	7	39046	976	5.67041
927	8	973	973	0.884303
927	9	416	416	0.130603
927	10	867	867	1.44346
927	11	5044	1402	3.51297
927	12	4778	4778	0.772448
927	13	13	13	0.00214291
927	14	50256	50256	0.000322342
928	5	5496	5496	2.82487
928	6	326	326	0.144984
928	7	460	460	0.531811
928	8	2291	307	4.01613
928	9	6134	6134	1.67572
928	10	11	11	0.211346
928	11	5916	16397	4.85518
928	12	11	11	0.0455704
928	13	290	290	0.0233908
928	14	23426	5369	3.94203
928	15	13	13	5.91278e-05
928	16	50256	50256	0.000204086
929	5	287	287	0.0332985
929	6	40941	40941	3.69756
929	7	15190	284	3.78408
929	8	290	290	0.0288124
929	9	24768	5369	3.30619
929	10	13	13	0.000650406
929	11	50256	50256	0.000371933
930	5	2081	281	4.52816
930	6	691	318	4.59827
930	7	618	618	0.739126
930	8	1111	2520	3.17619
930	9	286	286	0.00675869
930	10	663	663	0.147671
930	11	17311	21334	5.84641
930	12	389	389	0.523373
930	13	2081	281	3.74705
930	14	13	13	2.09808e-05
930	15	50256	50256	0.000190735
931	5	3597	6156	4.29617
931	6	1080	1080	1.61001
931	7	973	973	0.967891
931	8	329	329	0.972935
931	9	6983	6983	3.16861
931	10	13	13	3.8147e-05
931	11	50256	50256	0.000368118
932	5	262	262	0.0268078
932	6	976	976	1.75969
932	7	6115	6115	3.06034
932	8	355	355	0.114549
932	9	530	530	1.62672
932	10	27216	27216	3.12978
932	11	1247	1247	3.31876
932	12	16912	16912	1.76243
932	13	13	13	0.000160217
932	14	50256	50256	0.000295639
933	5	416	416	0.258685
933	6	530	530	1.44042
933	7	5667	5667	1.77524
933	8	326	326	0.398529
933	9	1271	5667	3.57714
933	10	21588	286	3.65143
933	11	13	13	2.67029e-05
933	12	50256	50256	0.00019455
934	5	17825	17825	3.09279
934	6	287	287	0.0227232
934	7	294	35145	3.53646
934	8	6037	6037	1.82848
934	9	13	13	5.91278e-05
934	10	50256	50256	0.000205994
935	5	3878	3139	3.87421
935	6	17084	17084	3.20926
935	7	318	318	0.107966
935	8	257	257	0.0858059
935	9	4898	4898	3.33811
935	10	9967	9967	3.3988
935	11	3601	8122	6.16736
935	12	11	11	0.0632658
935	13	407	407	1.17613
935	14	281	281	0.443154
935	15	3056	2134	6.71788
935	16	12036	6317	4.632
935	17	13	13	2.09808e-05
935	18	50256	50256	0.000127792
936	5	416	416	0.148244
936	6	14583	14583	3.25779
936	7	257	257	0.0494623
936	8	6314	5931	5.54122
936	9	379	379	0.536263
936	10	511	511	0.452518
936	11	27390	3403	5.12143
936	12	16649	1296	2.79875
936	13	13	13	0.00105476
936	14	50256	50256	0.000253677
937	5	11	11	0.07481
937	6	1444	1444	1.43407
937	7	262	262	0.00676632
937	8	1162	976	6.78029
937	9	4450	338	5.77755
937	10	11	11	0.0517015
937	11	318	318	0.318148
937	12	37546	1444	5.96034
937	13	621	621	0.565392
937	14	663	663	0.296725
937	15	7424	1633	6.21845
937	16	4417	4417	1.62411
937	17	13	13	2.09808e-05
937	18	50256	50256	0.000144958
938	5	281	281	0.210907
938	6	2134	2134	2.19732
938	7	338	338	0.123908
938	8	15432	4417	5.10793
938	9	2458	2458	1.91429
938	10	351	351	0.132388
938	11	640	640	3.15263
938	12	13	13	0.00100327
938	13	50256	50256	0.000171661
939	5	37008	28722	5.61741
939	6	379	379	0.389966
939	7	5043	14583	5.50052
939	8	286	286	0.0553541
939	9	2910	1271	3.89345
939	10	8837	8837	3.85602
939	11	5095	5095	3.2327
939	12	13	13	0.000139236
939	13	50256	50256	0.000511169
940	5	286	286	0.0306339
940	6	987	987	3.05945
940	7	48331	48331	1.58049
940	8	4847	5667	5.52154
940	9	351	351	0.117105
940	10	257	257	0.0702314
940	11	3867	4417	6.10107
940	12	28982	28982	2.80796
940	13	13	13	4.19617e-05
940	14	50256	50256	0.00018692
941	5	257	257	0.0423632
941	6	22746	22746	4.50482
941	7	656	656	0.0839186
941	8	42713	656	3.4963
941	9	13	13	0.00291061
941	10	50256	50256	0.000200272
942	5	257	257	0.0857153
942	6	1729	1729	3.92021
942	7	22570	22570	2.29033
942	8	1271	1271	1.53674
942	9	3607	286	5.54837
942	10	6632	1194	3.55382
942	11	13	13	0.00317764
942	12	50256	50256	0.000335693
943	5	1588	1588	2.22671
943	6	24969	257	3.27801
943	7	602	24969	5.35472
943	8	618	618	0.841205
943	9	257	257	0.211217
943	10	1080	4417	5.00005
943	11	318	318	0.184197
943	12	7986	10574	5.46012
943	13	1474	1474	1.45448
943	14	257	257	0.0517035
943	15	3288	2818	4.77186
943	16	8373	8373	2.45923
943	17	13	13	4.3869e-05
943	18	50256	50256	0.000141144
944	5	2278	48862	6.67638
944	6	618	618	0.746029
944	7	257	257	0.12461
944	8	636	8122	4.34833
944	9	318	318	0.199953
944	10	10574	10574	3.33508
944	11	13	13	6.29425e-05
944	12	50256	50256	0.000114441
945	5	11	11	0.0350237
945	6	47394	47394	3.18365
945	7	507	385	3.84541
945	8	389	389	0.340255
945	9	610	34262	4.59365
945	10	620	620	1.96201
945	11	77	77	1.46635
945	12	2340	2340	1.41254
945	13	2138	2138	0.194972
945	14	621	621	0.124168
945	15	19435	3668	3.94325
945	16	13	13	0.00346565
945	17	50256	50256	0.00025177
946	5	5101	5101	3.05842
946	6	290	290	0.0773115
946	7	734	734	1.24284
946	8	2392	2392	3.19983
946	9	13017	621	3.97798
946	10	41192	41192	2.8517
946	11	13	13	0.0206232
946	12	50256	50256	0.000120163
947	5	5389	379	3.36249
947	6	290	290	0.0383577
947	7	1440	530	3.40432
947	8	826	606	6.65442
947	9	18333	389	3.4252
947	10	13	13	0.0122595
947	11	50256	50256	0.0007267
948	5	4778	4778	0.839883
948	6	7685	460	5.83849
948	7	3994	284	2.79821
948	8	6337	1123	3.29543
948	9	42742	4778	3.3529
948	10	13	13	0.00075531
948	11	50256	50256	0.00079155
949	5	286	286	0.010644
949	6	1402	511	3.0832
949	7	19468	22969	4.94442
949	8	5028	3812	4.28753
949	9	16083	373	3.3942
949	10	925	925	0.479348
949	11	422	422	0.097662
949	12	5026	5026	2.45914
949	13	47196	47196	1.47882
949	14	13	13	0.0141582
949	15	50256	50256	0.000297546
950	5	11	11	0.063652
950	6	530	340	1.90155
950	7	256	269	4.36095
950	8	478	478	3.0263
950	9	9229	9229	1.77017
950	10	7480	9229	3.04408
950	11	1715	625	3.35286
950	12	2412	625	3.86326
950	13	11061	11061	1.8814
950	14	1194	1194	0.996176
950	15	13	13	7.82013e-05
950	16	50256	50256	0.00028038
951	5	13017	13017	2.68876
951	6	6958	1141	5.13207
951	7	1626	1626	1.00947
951	8	281	281	0.236287
951	9	13187	13187	2.90484
951	10	13	13	8.2016e-05
951	11	50256	50256	0.00021553
952	5	262	262	0.0195694
952	6	1767	4417	2.99387
952	7	338	338	0.0806046
952	8	10900	4417	5.08152
952	9	18370	18370	2.94186
952	10	13	13	0.000663757
952	11	50256	50256	0.000143051
953	5	10816	1588	4.59806
953	6	34537	34537	4.28424
953	7	1900	1900	0.648774
953	8	329	329	1.09789
953	9	1588	1588	2.82948
953	10	4636	20283	4.86539
953	11	874	874	2.9986
953	12	13	13	0.00264931
953	13	50256	50256	0.000125885
954	5	3994	3994	2.0338
954	6	5348	5348	3.48654
954	7	286	286	0.012104
954	8	9838	416	4.13658
954	9	5773	973	4.02977
954	10	290	290	0.0298853
954	11	300	300	2.50821
954	12	12009	12009	1.96146
954	13	7408	7408	2.77091
954	14	11492	11492	2.00915
954	15	13	13	0.00015831
954	16	50256	50256	0.000225067
955	5	48573	1588	4.67248
955	6	4618	4618	2.29423
955	7	338	338	0.060029
955	8	19643	3139	5.97084
955	9	2261	22829	5.45151
955	10	460	460	0.416049
955	11	1205	307	4.36522
955	12	656	656	0.347499
955	13	257	257	0.0572453
955	14	9403	8122	2.89796
955	15	13	13	3.43323e-05
955	16	50256	50256	0.00012207
956	5	1663	1663	2.52845
956	6	287	287	0.075964
956	7	17475	511	5.029
956	8	12493	12493	2.93634
956	9	12824	12824	3.71953
956	10	416	416	0.0728817
956	11	8268	511	5.22475
956	12	1660	1660	0.874095
956	13	13	13	7.62939e-05
956	14	50256	50256	0.000173569
957	5	12	12	0.0915737
957	6	46155	820	6.51128
957	7	1296	1296	1.14322
957	8	286	286	0.103962
957	9	7729	11945	4.93769
957	10	3194	379	4.39115
957	11	287	287	0.0228882
957	12	257	257	0.0539188
957	13	8300	19999	5.13826
957	14	3303	621	2.79021
957	15	13	13	0.000694275
957	16	50256	50256	0.000238419
958	5	905	318	4.43811
958	6	281	281	0.171214
958	7	21388	12278	4.43717
958	8	18032	18032	2.75981
958	9	12	12	0.0563374
958	10	489	820	4.59434
958	11	1523	1523	3.11135
958	12	2776	2776	3.46058
958	13	287	287	0.0407476
958	14	3594	1944	3.80998
958	15	13	13	0.000377655
958	16	50256	50256	9.72748e-05
959	5	11	11	0.125445
959	6	290	290	0.0433693
959	7	1395	645	4.78217
959	8	12	12	0.073041
959	9	20477	820	4.59983
959	10	5594	5594	2.26997
959	11	284	284	0.0368261
959	12	262	262	0.00422287
959	13	976	976	2.75605
959	14	31094	7319	4.4045
959	15	10958	10958	2.92951
959	16	13	13	0.000490189
959	17	50256	50256	0.000133514
960	5	14795	14795	1.93105
960	6	3754	3754	2.81293
960	7	11694	11694	2.52865
960	8	36103	11694	4.06547
960	9	4178	4178	3.88891
960	10	287	287	0.0223446
960	11	9225	281	3.45913
960	12	18671	18671	1.3894
960	13	13	13	0.000379562
960	14	50256	50256	0.000173569
961	5	257	257	0.0727692
961	6	1486	2060	5.69606
961	7	416	416	0.135501
961	8	5086	8902	5.20329
961	9	2587	2587	1.71174
961	10	284	284	0.0245132
961	11	1208	4439	5.24742
961	12	832	832	0.174973
961	13	6163	6163	3.45087
961	14	28431	28431	1.42242
961	15	13	13	0.000377655
961	16	50256	50256	0.000310898
962	5	257	257	0.0863018
962	6	9314	2060	5.65087
962	7	11	11	0.0341177
962	8	6149	1123	4.22059
962	9	4269	4269	3.45175
962	10	286	286	0.0323715
962	11	9881	9881	2.57605
962	12	13	13	3.62396e-05
962	13	50256	50256	0.000226974
963	5	22532	22532	3.77095
963	6	7475	7475	2.27654
963	7	287	287	0.0427027
963	8	281	281	0.180326
963	9	3594	2134	4.90771
963	10	36246	4778	4.70997
963	11	13	13	0.000900269
963	12	50256	50256	0.000165939
964	5	734	734	1.19734
964	6	8950	8950	3.26063
964	7	13	13	0.00395966
964	8	50256	50256	0.000844955
965	5	867	867	2.15483
965	6	5667	867	2.52332
965	7	511	511	0.554521
965	8	16704	11904	4.39644
965	9	4077	625	5.20086
965	10	3124	6134	4.7499
965	11	13	13	0.00108242
965	12	50256	50256	0.000183105
966	5	284	284	0.0352831
966	6	11945	11945	2.64828
966	7	287	287	0.0526857
966	8	262	262	0.0879784
966	9	1692	1767	3.71008
966	10	1767	1767	2.6817
966	11	13	13	2.09808e-05
966	12	50256	50256	0.000177383
967	5	5419	5419	1.32654
967	6	3608	262	5.93098
967	7	262	262	0.0134535
967	8	1692	2057	3.44264
967	9	1767	734	2.99977
967	10	13	13	0.000135422
967	11	50256	50256	0.000183105
968	5	663	663	0.0829649
968	6	20884	35988	4.59568
968	7	966	966	2.06072
968	8	13	13	0.00264263
968	9	50256	50256	0.000289917
969	5	9368	10529	4.80645
969	6	5374	5374	2.67726
969	7	83	83	1.47816
969	8	270	270	2.56865
969	9	9620	9620	3.09774
969	10	6204	373	4.67854
969	11	319	319	0.231831
969	12	281	281	0.253085
969	13	7022	2134	2.92534
969	14	287	287	0.0956631
969	15	6233	6233	3.37828
969	16	3567	3567	2.7798
969	17	66	66	1.37133
969	18	25634	66	3.55234
969	19	13	13	0.011281
969	20	50256	50256	0.000221252
970	5	511	511	0.362588
970	6	30514	5667	3.61564
970	7	284	284	0.0350132
970	8	6654	1364	4.48922
970	9	23311	23311	2.80971
970	10	13	13	0.00219345
970	11	50256	50256	0.000276566
971	5	13055	13055	1.91896
971	6	262	262	0.0219841
971	7	18560	19517	6.00332
971	8	1900	1900	0.441224
971	9	355	355	0.104748
971	10	262	262	0.0119534
971	11	2892	2297	5.56373
971	12	64	276	2.98803
971	13	15378	21124	3.47149
971	14	13	13	0.000617981
971	15	50256	50256	0.0001297
972	5	262	262	0.0720901
972	6	7475	4417	5.92186
972	7	286	286	0.0285435
972	8	257	257	0.131181
972	9	1573	4417	4.24445
972	10	393	393	0.261677
972	11	9546	1296	4.93373
972	12	284	284	0.0356159
972	13	1296	1296	1.76449
972	14	1194	1194	1.59772
972	15	13888	10552	4.38059
972	16	13	13	0.00169945
972	17	50256	50256	0.000457764
973	5	4886	4886	1.7434
973	6	23221	4886	4.24623
973	7	2458	2458	1.58782
973	8	284	284	0.0527163
973	9	257	257	0.0948277
973	10	2512	4417	5.40383
973	11	286	286	0.00841808
973	12	1366	1366	2.45325
973	13	13	13	0.00373268
973	14	50256	50256	0.00018692
974	5	16577	2520	4.14357
974	6	336	336	2.72339
974	7	328	336	4.67597
974	8	5356	5356	4.43755
974	9	34262	34262	1.65644
974	10	422	422	0.132139
974	11	257	257	0.057909
974	12	4693	4898	5.9407
974	13	286	286	0.0625858
974	14	6763	286	3.22459
974	15	9042	9042	2.43714
974	16	13	13	0.000162125
974	17	50256	50256	0.000352859
975	5	2344	12278	4.3563
975	6	18190	5667	3.70082
975	7	22425	739	3.60917
975	8	6450	21379	3.70606
975	9	13	13	0.000587463
975	10	50256	50256	0.000389099
976	5	20838	4695	4.59541
976	6	11	11	0.107203
976	7	16397	16397	3.54897
976	8	11	11	0.0336781
976	9	290	290	0.133579
976	10	449	584	3.19354
976	11	391	544	5.53005
976	12	28814	6896	3.34028
976	13	13	13	4.95911e-05
976	14	50256	50256	0.000175476
977	5	290	290	0.0331373
977	6	39381	2138	6.11671
977	7	11061	11061	1.81008
977	8	3668	3668	1.25105
977	9	338	338	0.0282555
977	10	4417	4417	1.29248
977	11	13	13	0.000352859
977	12	50256	50256	0.000337601
978	5	2128	12278	5.5169
978	6	618	618	0.602465
978	7	1633	1660	2.46642
978	8	318	318	0.128757
978	9	7924	8122	5.93745
978	10	1973	1973	1.18896
978	11	262	262	0.0362902
978	12	5743	5422	6.07452
978	13	286	286	0.067153
978	14	663	663	0.134428
978	15	5422	21334	4.49892
978	16	7604	12239	2.81476
978	17	13	13	3.24249e-05
978	18	50256	50256	0.000171661
979	5	21558	543	3.77205
979	6	416	416	0.162586
979	7	9645	867	5.46067
979	8	340	340	0.898061
979	9	287	287	0.0539169
979	10	257	257	0.0186815
979	11	8769	2060	4.66178
979	12	77	77	1.56451
979	13	13	13	0.0244532
979	14	50256	50256	0.000173569
980	5	1146	1146	1.15305
980	6	5047	1146	5.39479
980	7	13166	13166	1.18893
980	8	23537	284	3.8821
980	9	422	422	0.116385
980	10	262	262	0.0247831
980	11	3825	3825	2.23645
980	12	13	13	1.71661e-05
980	13	50256	50256	0.000137329
981	5	286	286	0.019743
981	6	17322	3139	4.21296
981	7	11	11	0.0475025
981	8	7363	925	4.57649
981	9	319	319	0.214781
981	10	262	262	0.00970078
981	11	6035	3139	5.29839
981	12	3266	5866	3.61218
981	13	5866	5866	1.00516
981	14	13	13	0.000610352
981	15	50256	50256	0.000162125
982	5	373	373	0.691107
982	6	925	3170	1.54353
982	7	329	416	1.39666
982	8	262	262	0.0203667
982	9	22234	44695	4.18537
982	10	3716	3716	1.36739
982	11	286	286	0.0205393
982	12	31482	286	4.11658
982	13	16380	16380	2.94226
982	14	31663	31663	2.65726
982	15	13	13	6.86646e-05
982	16	50256	50256	0.000278473
983	5	393	393	0.202051
983	6	9421	9421	3.1719
983	7	1063	1063	1.51202
983	8	13	13	0.00332928
983	9	50256	50256	0.00041008
984	5	2134	2134	2.78254
984	6	338	338	0.106481
984	7	6268	3139	3.12592
984	8	3585	2568	4.4068
984	9	284	284	0.0662498
984	10	262	262	0.00776005
984	11	7346	1767	4.38684
984	12	1633	1633	2.30614
984	13	13	13	3.62396e-05
984	14	50256	50256	0.000234604
985	5	1123	1123	0.896721
985	6	5752	1296	5.77445
985	7	11	11	0.06075
985	8	5721	460	5.86185
985	9	11	11	0.0403481
985	10	290	290	0.0686712
985	11	1115	1180	4.69345
985	12	12	12	0.115493
985	13	1525	12	5.20147
985	14	12	12	0.0499506
985	15	15542	820	4.15973
985	16	3091	17794	5.38591
985	17	4909	4909	1.5183
985	18	262	262	0.01828
985	19	19561	2656	4.55679
985	20	530	530	1.48972
985	21	832	832	0.162365
985	22	5193	5193	3.0768
985	23	1752	2138	4.66372
985	24	1123	1123	0.546971
985	25	13	13	2.28882e-05
985	26	50256	50256	4.95911e-05
986	5	4909	4909	1.27858
986	6	1115	4180	4.62667
986	7	12785	12967	4.11852
986	8	14729	14729	2.83884
986	9	286	286	0.0719242
986	10	5100	867	2.92662
986	11	7475	7475	2.12056
986	12	13	13	0.00018692
986	13	50256	50256	0.000209808
987	5	734	734	1.07612
987	6	3967	318	3.07425
987	7	2659	286	3.99112
987	8	271	271	2.23565
987	9	669	329	4.18328
987	10	13	13	0.00028801
987	11	50256	50256	0.000263214
988	5	286	286	0.0236788
988	6	257	257	0.109538
988	7	19690	2060	3.96824
988	8	1683	2094	3.77914
988	9	14809	625	3.80499
988	10	5509	5509	2.64237
988	11	13	13	0.000213623
988	12	50256	50256	0.000152588
989	5	7135	2258	5.80639
989	6	314	4886	4.62548
989	7	48476	48476	2.78092
989	8	14664	14664	2.32571
989	9	286	286	0.0271873
989	10	23519	23519	3.46561
989	11	13	13	0.000936508
989	12	50256	50256	0.000282288
990	5	19942	22829	4.25136
990	6	326	326	0.277737
990	7	3994	1141	3.43218
990	8	663	663	0.340866
990	9	11904	11904	2.75078
990	10	13	13	1.90735e-05
990	11	50256	50256	0.000164032
991	5	3146	3139	4.91266
991	6	11	11	0.0561991
991	7	262	262	0.113053
991	8	34768	976	6.97276
991	9	1612	5207	6.46499
991	10	318	318	0.23801
991	11	511	511	0.856962
991	12	2160	2134	6.26995
991	13	9086	925	3.17778
991	14	416	416	0.153851
991	15	511	511	0.86895
991	16	954	21334	2.89046
991	17	13	13	0.000234604
991	18	50256	50256	0.000249863
992	5	291	291	1.31934
992	6	2456	291	4.03565
992	7	44638	2340	4.27662
992	8	393	393	0.115877
992	9	1950	20762	4.18986
992	10	5238	11	4.88462
992	11	11	11	0.0412731
992	12	355	355	0.208591
992	13	14713	880	5.31607
992	14	857	857	2.66121
992	15	13	13	0.021369
992	16	50256	50256	0.00103188
993	5	5485	1296	5.55428
993	6	284	284	0.126887
993	7	1037	1296	2.33291
993	8	2962	1180	5.39371
993	9	319	319	0.227178
993	10	5563	1657	4.01631
993	11	379	379	0.989194
993	12	1180	1180	2.3011
993	13	18868	1271	4.88796
993	14	13	13	0.00193405
993	15	50256	50256	0.000303268
994	5	47306	12278	4.25676
994	6	2427	2427	2.75292
994	7	286	286	0.0101166
994	8	9194	38797	3.81192
994	9	12734	329	3.76704
994	10	393	393	0.228712
994	11	11904	11904	2.06878
994	12	13	13	0.00948811
994	13	50256	50256	0.000242233
995	5	20462	3170	4.49499
995	6	416	416	0.102412
995	7	18381	38797	3.72882
995	8	449	449	2.24171
995	9	19210	544	4.23725
995	10	287	287	0.0251131
995	11	4088	674	4.8913
995	12	286	286	0.0164194
995	13	38367	66	4.35586
995	14	83	83	1.22211
995	15	1031	1031	4.25354
995	16	8882	8882	3.2939
995	17	282	261	3.37507
995	18	13	13	0.000154495
995	19	50256	50256	0.000190735
996	5	9151	976	5.43223
996	6	4417	4417	1.80432
996	7	290	290	0.0353298
996	8	18616	407	5.94638
996	9	867	867	1.63107
996	10	5385	24039	3.91287
996	11	5417	8811	5.43726
996	12	9813	1296	5.77367
996	13	13	13	0.000127792
996	14	50256	50256	0.000139236
997	5	262	262	0.0284081
997	6	976	976	1.79731
997	7	19528	19528	3.79579
997	8	290	290	0.0308332
997	9	2651	262	5.34093
997	10	739	739	0.963272
997	11	663	663	0.128778
997	12	7147	16488	3.56645
997	13	3555	3555	2.79044
997	14	9831	9831	2.19726
997	15	13	13	0.000165939
997	16	50256	50256	0.000221252
998	5	460	460	0.407297
998	6	2380	2380	3.29912
998	7	17759	17759	2.85485
998	8	7310	7310	2.87617
998	9	1643	8950	4.74348
998	10	7572	4695	2.96133
998	11	13	13	8.01086e-05
998	12	50256	50256	0.000148773
999	5	4961	8122	4.34543
999	6	284	284	0.0471821
999	7	8208	4439	4.18439
999	8	12	12	0.0951204
999	9	13261	820	4.01982
999	10	1411	1411	2.6495
999	11	13	13	5.91278e-05
999	12	50256	50256	0.000144958
1000	5	1326	1326	3.28395
1000	6	263	389	3.9598
1000	7	338	338	0.142262
1000	8	7430	1588	5.46025
1000	9	351	351	0.0715189
1000	10	257	257	0.0412121
1000	11	18482	1588	4.57884
1000	12	2905	2905	3.331
1000	13	1806	385	3.80041
1000	14	28539	3812	5.41833
1000	15	257	257	0.0453625
1000	16	3785	2818	4.29203
1000	17	5762	284	2.97666
1000	18	257	257	0.0178871
1000	19	7858	2818	4.80441
1000	20	3820	3820	3.06643
1000	21	13	13	0.0349789
1000	22	50256	50256	0.000108719
1001	5	262	262	0.0202341
1001	6	2679	976	6.01448
1001	7	291	291	0.791021
1001	8	8478	291	3.83123
1001	9	286	286	0.0138044
1001	10	262	262	0.011301
1001	11	40136	976	5.70081
1001	12	12	12	0.0674477
1001	13	22030	820	5.24477
1001	14	3303	3303	2.70711
1001	15	1641	1641	1.84015
1001	16	13	13	0.0188046
1001	17	50256	50256	0.000246048
1002	5	271	271	2.05173
1002	6	1630	1630	2.96278
1002	7	262	262	0.0135565
1002	8	2546	262	4.68884
1002	9	286	286	0.0149279
1002	10	262	262	0.00482368
1002	11	34047	976	3.57907
1002	12	13	13	1.52588e-05
1002	13	50256	50256	0.000164032
1003	5	40959	11	3.79687
1003	6	11	11	0.128699
1003	7	38985	355	4.07434
1003	8	1111	1111	2.92844
1003	9	6341	832	4.63041
1003	10	286	286	0.0587387
1003	11	262	262	0.00301456
1003	12	6035	976	5.48268
1003	13	3266	5866	3.55643
1003	14	13	13	0.038743
1003	15	50256	50256	0.000221252
1004	5	290	290	0.0222406
1004	6	3771	3771	3.5623
1004	7	10456	10456	2.51628
1004	8	501	10456	5.28804
1004	9	3033	3033	1.50982
1004	10	10674	10674	3.36698
1004	11	14025	14025	2.39688
1004	12	316	316	3.26689
1004	13	290	290	0.0478983
1004	14	16703	37919	4.226
1004	15	10594	1789	3.31017
1004	16	1789	1789	2.20603
1004	17	7491	7491	2.28226
1004	18	948	948	2.67512
1004	19	13	13	0.00192451
1004	20	50256	50256	0.000139236
1005	5	2714	2714	3.45823
1005	6	379	379	0.445626
1005	7	45760	2138	4.14811
1005	8	287	287	0.0354633
1005	9	10315	4695	4.56076
1005	10	13	13	0.0043087
1005	11	50256	50256	0.000349045
1006	5	25299	6156	5.34779
1006	6	373	373	0.829021
1006	7	6198	3170	4.44975
1006	8	3170	3170	0.696932
1006	9	355	355	0.256243
1006	10	257	257	0.103493
1006	11	4302	2818	4.61851
1006	12	4928	4928	2.97206
1006	13	13	13	0.00238514
1006	14	50256	50256	0.000160217
1007	5	1204	1204	3.05774
1007	6	6772	290	2.84652
1007	7	1626	1626	1.06497
1007	8	530	530	1.30632
1007	9	3957	1194	5.28147
1007	10	1622	4778	3.60285
1007	11	13	13	0.00451565
1007	12	50256	50256	0.00021553
1008	5	1440	1296	3.0658
1008	6	12	12	0.265752
1008	7	32041	820	4.81074
1008	8	9998	13166	3.21296
1008	9	286	286	0.0317526
1008	10	3668	3668	1.28898
1008	11	338	338	0.0549297
1008	12	5894	16734	5.99212
1008	13	8137	5931	5.09272
1008	14	416	416	0.283104
1008	15	6115	6115	3.64104
1008	16	13	13	0.00842667
1008	17	50256	50256	0.000165939
1009	5	23129	318	3.40276
1009	6	286	286	0.0285025
1009	7	262	262	0.00545692
1009	8	7993	976	5.61771
1009	9	8065	8065	1.7852
1009	10	13	13	0.000102997
1009	11	50256	50256	0.000167847
1010	5	12278	12278	1.52042
1010	6	6737	2568	2.34707
1010	7	656	656	0.186741
1010	8	38071	12278	4.94159
1010	9	326	326	0.23243
1010	10	4439	4439	1.46465
1010	11	2128	649	5.62887
1010	12	13	13	0.00565243
1010	13	50256	50256	0.000286102
1011	5	8122	8122	2.3951
1011	6	3102	3102	3.04566
1011	7	46916	46916	1.93534
1011	8	11	11	0.061759
1011	9	4771	340	3.30266
1011	10	24770	2340	3.85871
1011	11	11	11	0.184063
1011	12	393	393	0.187589
1011	13	1111	734	3.96239
1011	14	9951	832	4.45255
1011	15	287	287	0.0437727
1011	16	1633	1633	2.27189
1011	17	13	13	1.90735e-05
1011	18	50256	50256	0.000198364
1012	5	8811	8811	1.25105
1012	6	1663	1900	3.95283
1012	7	355	355	0.526262
1012	8	2060	8122	3.19871
1012	9	4778	4778	1.60513
1012	10	13	13	4.76837e-05
1012	11	50256	50256	0.000204086
1013	5	262	262	0.105097
1013	6	19561	3825	5.36217
1013	7	6632	8122	4.05654
1013	8	290	290	0.0388422
1013	9	530	530	1.58682
1013	10	13	13	0.000360489
1013	11	50256	50256	0.000148773
1014	5	12389	12389	2.36719
1014	6	286	286	0.0199604
1014	7	257	257	0.0459709
1014	8	1692	1692	2.933
1014	9	16162	16162	2.62202
1014	10	13	13	6.10352e-05
1014	11	50256	50256	0.000370026
1015	5	422	422	0.0572214
1015	6	257	257	0.0166197
1015	7	2166	4417	5.25772
1015	8	6333	5186	5.38829
1015	9	1806	2340	3.42365
1015	10	284	284	0.143294
1015	11	257	257	0.0633221
1015	12	8286	2818	5.33761
1015	13	599	599	2.91365
1015	14	30431	30431	2.3377
1015	15	13	13	0.000102997
1015	16	50256	50256	0.000192642
1016	5	257	257	0.116272
1016	6	11831	2818	5.7908
1016	7	5186	5186	1.1371
1016	8	1459	3877	3.2827
1016	9	284	284	0.0310631
1016	10	49306	4439	3.33475
1016	11	13	13	0.00103664
1016	12	50256	50256	0.000196457
1017	5	16649	1022	4.23538
1017	6	621	621	0.164374
1017	7	2266	2266	2.83137
1017	8	5788	6134	3.83539
1017	9	13	13	0.000650406
1017	10	50256	50256	0.00126076
1018	5	257	257	0.0851068
1018	6	4469	4417	5.23493
1018	7	2138	2138	0.15403
1018	8	621	621	0.114797
1018	9	5055	5055	3.17267
1018	10	5000	5000	3.12909
1018	11	1479	1479	2.60018
1018	12	13	13	0.00155258
1018	13	50256	50256	0.000221252
1019	5	5594	5594	2.04355
1019	6	284	284	0.0492411
1019	7	25794	262	4.47434
1019	8	290	290	0.0367193
1019	9	6486	3139	5.19357
1019	10	287	287	0.0647068
1019	11	262	262	0.0541964
1019	12	8211	976	4.94448
1019	13	10692	10692	1.83663
1019	14	13	13	0.000137329
1019	15	50256	50256	0.000236511
1020	5	2134	2134	1.84189
1020	6	1656	1656	3.00782
1020	7	284	284	0.13436
1020	8	9117	787	6.138
1020	9	3812	3812	1.66473
1020	10	393	393	0.40654
1020	11	1497	734	4.80184
1020	12	422	422	0.0894814
1020	13	262	262	0.011095
1020	14	19091	19091	3.7391
1020	15	13	13	3.8147e-05
1020	16	50256	50256	0.000209808
1021	5	416	416	0.0862827
1021	6	14583	14583	3.19747
1021	7	257	257	0.114149
1021	8	1218	2060	5.04641
1021	9	1182	1080	3.74195
1021	10	706	706	1.10839
1021	11	36075	36075	2.1846
1021	12	13	13	8.58307e-05
1021	13	50256	50256	0.000196457
1022	5	9951	416	4.5029
1022	6	2057	2057	1.48994
1022	7	422	422	0.309483
1022	8	262	262	0.0747499
1022	9	1660	734	2.50746
1022	10	1088	1088	2.55556
1022	11	606	606	1.6569
1022	12	13	13	0.00925446
1022	13	50256	50256	0.000341415
1023	5	41408	284	3.56199
1023	6	1088	1088	0.909634
1023	7	6716	6716	3.34446
1023	8	6971	34262	4.26221
1023	9	13	13	0.000335693
1023	10	50256	50256	0.000453949
1024	5	4556	4556	2.01149
1024	6	1223	1223	2.71308
1024	7	48237	48237	2.91389
1024	8	663	663	0.215834
1024	9	9706	9706	3.98165
1024	10	13	13	0.0140047
1024	11	50256	50256	0.000230789
