line_1based	target_token_index_0based	target_id	predicted_id	loss
1	5	31219	31219	0.398715
1	6	680	680	0.0250082
1	7	511	511	0.0335207
1	8	1862	1862	0.121398
1	9	13	13	0.00056839
1	10	50256	50256	3.8147e-06
2	5	286	286	0.00758362
2	6	10211	10211	0.600957
2	7	318	318	0.0096426
2	8	3221	3221	0.235494
2	9	10693	10693	0.0650301
2	10	618	618	0.0234346
2	11	9759	9759	0.130908
2	12	284	284	0.0137434
2	13	262	262	0.0231609
2	14	5044	5044	0.0673122
2	15	13	13	0.00248337
2	16	50256	50256	2.28882e-05
3	5	1205	1205	0.0179548
3	6	2641	2641	0.0643225
3	7	663	663	0.0251341
3	8	20596	20596	0.409448
3	9	11	11	0.0230389
3	10	11222	11222	0.133053
3	11	88	88	0.0772028
3	12	4645	4645	0.15569
3	13	13	13	0.00267982
3	14	50256	50256	7.24792e-05
4	5	5922	5922	0.0560093
4	6	39966	39966	0.0389509
4	7	287	287	0.00491714
4	8	257	257	0.00663567
4	9	36594	36594	0.128146
4	10	290	290	0.00642109
4	11	1577	1577	0.311572
4	12	4082	4082	0.0140362
4	13	13	13	3.8147e-06
4	14	50256	50256	0.000110626
5	5	945	945	0.0376396
5	6	4439	4439	0.0512724
5	7	23938	23938	0.0685863
5	8	26742	26742	0.0390396
5	9	981	981	0.0361729
5	10	30580	30580	0.0573101
5	11	511	511	0.0157232
5	12	8954	8954	0.118224
5	13	13022	13022	0.0215235
5	14	13	13	1.90735e-06
5	15	50256	50256	5.72205e-06
6	5	5739	5739	0.0533018
6	6	11	11	0.00690842
6	7	281	281	0.0711908
6	8	2134	2134	0.0498562
6	9	351	351	0.0222263
6	10	645	645	0.117088
6	11	2010	2010	0.0803003
6	12	2700	2700	0.0867682
6	13	16047	16047	0.10084
6	14	6937	6937	0.0720873
6	15	15432	15432	0.146247
6	16	13	13	0.000267029
6	17	50256	50256	3.8147e-05
7	5	296	296	0.119623
7	6	1045	1045	0.0518627
7	7	1249	1249	0.102187
7	8	21678	21678	0.197479
7	9	284	284	0.00362587
7	10	1445	1445	0.128599
7	11	832	832	0.033391
7	12	12835	12835	0.347742
7	13	16649	16649	0.0637503
7	14	13	13	0
7	15	50256	50256	5.72205e-06
8	5	734	734	0.0572891
8	6	9403	9403	0.0686064
8	7	5667	5667	0.0643167
8	8	13	13	0.00100327
8	9	50256	50256	3.8147e-06
9	5	4983	4983	0.0356312
9	6	355	355	0.0100842
9	7	281	281	0.0253696
9	8	14312	14312	0.127121
9	9	20562	20562	0.0433426
9	10	3716	3716	0.022172
9	11	13	13	0.00258446
9	12	50256	50256	3.8147e-06
10	5	13522	13522	0.0463209
10	6	5732	5732	0.0261259
10	7	663	663	0.0100384
10	8	29973	29973	0.178188
10	9	2785	2785	0.031601
10	10	2568	2568	0.0272932
10	11	13	13	0.000398636
10	12	50256	50256	5.72205e-06
11	5	284	284	0.0399065
11	6	787	787	0.14015
11	7	34476	34476	0.150368
11	8	1141	1141	0.0445251
11	9	5205	5205	0.068675
11	10	44411	44411	0.0629311
11	11	13	13	0.000459671
11	12	50256	50256	1.14441e-05
12	5	257	257	0.00716019
12	6	43836	43836	0.196598
12	7	416	416	0.0179377
12	8	12304	12304	0.221513
12	9	1780	1780	0.0541506
12	10	299	299	0.0803423
12	11	12345	12345	0.0820637
12	12	1088	1088	0.0175056
12	13	281	281	0.0547409
12	14	14709	14709	0.207041
12	15	415	415	0.0565529
12	16	13	13	0.00135994
12	17	50256	50256	3.8147e-06
13	5	257	257	0.00444412
13	6	12505	12505	0.0886354
13	7	3716	3716	0.0211048
13	8	287	287	0.00954628
13	9	1944	1944	0.0454836
13	10	12	12	0.0130215
13	11	820	820	0.0552988
13	12	31057	31057	0.0644503
13	13	13	13	1.90735e-06
13	14	50256	50256	5.53131e-05
14	5	2173	2173	0.0499458
14	6	284	284	0.0181055
14	7	3435	3435	0.215416
14	8	973	973	0.0309124
14	9	287	287	0.0280819
14	10	867	867	0.253866
14	11	3597	3597	0.121319
14	12	3341	3341	0.0687103
14	13	13	13	9.53674e-06
14	14	50256	50256	9.72748e-05
15	5	3665	3665	0.0893288
15	6	7405	7405	0.0220051
15	7	284	284	0.020483
15	8	1057	1057	0.445572
15	9	2138	2138	0.0152245
15	10	621	621	0.00848579
15	11	6129	6129	0.289022
15	12	13	13	0.000394821
15	13	50256	50256	5.72205e-06
16	5	471	471	0.0922327
16	6	5031	5031	0.0618343
16	7	272	272	0.0738869
16	8	7012	7012	0.100533
16	9	9459	9459	0.0189581
16	10	11	11	0.00483322
16	11	281	281	0.0212898
16	12	37874	37874	0.0723686
16	13	1748	1748	0.0186615
16	14	13	13	1.90735e-06
16	15	50256	50256	3.8147e-06
17	5	326	326	0.0126171
17	6	2107	2107	0.0460653
17	7	287	287	0.00892639
17	8	8389	8389	0.431885
17	9	20848	20848	0.00996017
17	10	13	13	1.14441e-05
17	11	50256	50256	1.52588e-05
18	5	11863	11863	0.104507
18	6	351	351	0.0447083
18	7	262	262	0.00908089
18	8	1037	1037	0.159189
18	9	286	286	0.0233364
18	10	16869	16869	0.344631
18	11	49835	49835	0.0319262
18	12	13	13	0
18	13	50256	50256	3.8147e-06
19	5	257	257	0.0050869
19	6	20562	20562	0.164127
19	7	290	290	0.014492
19	8	28757	28757	0.368829
19	9	3716	3716	0.0387726
19	10	287	287	0.00625801
19	11	17113	17113	0.35024
19	12	4763	4763	0.0369987
19	13	11	11	0.00543022
19	14	8602	8602	0.360835
19	15	13	13	2.47955e-05
19	16	50256	50256	1.52588e-05
20	5	286	286	0.000360489
20	6	15238	15238	0.576204
20	7	11	11	0.00842094
20	8	257	257	0.0422478
20	9	42238	42238	0.224566
20	10	1499	1499	0.0407143
20	11	13	13	0.00347137
20	12	50256	50256	9.53674e-06
21	5	3665	3665	0.0945148
21	6	25041	25041	0.0378036
21	7	11278	11278	0.0860491
21	8	326	326	0.0115585
21	9	460	460	0.0733309
21	10	11589	11589	0.145638
21	11	8976	8976	0.0501394
21	12	257	257	0.007864
21	13	16161	16161	0.0584221
21	14	338	338	0.00800896
21	15	22204	22204	0.0522995
21	16	13	13	4.57764e-05
21	17	50256	50256	3.8147e-06
22	5	17669	17669	0.118919
22	6	23235	23235	0.0615053
22	7	40270	40270	0.13042
22	8	284	284	0.0292511
22	9	530	530	0.116647
22	10	11863	11863	0.149865
22	11	22037	22037	0.294703
22	12	13	13	0.000495911
22	13	50256	50256	5.72205e-06
23	5	1262	1262	0.00711155
23	6	4839	4839	0.172974
23	7	12	12	0.0121603
23	8	29289	29289	0.569109
23	9	15835	15835	0.0328054
23	10	13	13	3.05176e-05
23	11	50256	50256	1.71661e-05
24	5	286	286	0.00652504
24	6	4771	4771	0.191391
24	7	326	326	0.0267324
24	8	1445	1445	0.120384
24	9	739	739	0.0606642
24	10	511	511	0.101721
24	11	898	898	0.132259
24	12	3463	3463	0.0266953
24	13	13	13	0.00273323
24	14	50256	50256	2.09808e-05
25	5	976	976	0.0906515
25	6	355	355	0.0737743
25	7	1194	1194	0.207429
25	8	1573	1573	0.154415
25	9	475	475	0.119316
25	10	460	460	0.097805
25	11	13238	13238	0.0945921
25	12	287	287	0.00424385
25	13	3616	3616	0.382377
25	14	393	393	0.0218115
25	15	24993	24993	0.0839272
25	16	13	13	0
25	17	50256	50256	1.90735e-06
26	5	8384	8384	0.0797377
26	6	319	319	0.0842171
26	7	5667	5667	0.124405
26	8	11	11	0.0307932
26	9	8701	8701	0.418716
26	10	274	274	0.0720224
26	11	11	11	0.039114
26	12	290	290	0.133156
26	13	584	584	0.10993
26	14	4618	4618	0.0869465
26	15	2587	2587	0.0410976
26	16	13	13	0.00100517
26	17	50256	50256	1.90735e-06
27	5	284	284	0.0323362
27	6	4735	4735	0.0650826
27	7	318	318	0.0228519
27	8	1444	1444	0.0421
27	9	32553	32553	0.118612
27	10	13	13	0.000165939
27	11	50256	50256	1.71661e-05
28	5	287	287	0.0114231
28	6	257	257	0.0148945
28	7	269	269	0.0891323
28	8	8325	8325	0.0716019
28	9	298	298	0.0457592
28	10	5931	5931	0.0681019
28	11	6314	6314	0.137658
28	12	13	13	2.86102e-05
28	13	50256	50256	3.8147e-06
29	5	25834	25834	0.333079
29	6	17783	17783	0.0271463
29	7	7545	7545	0.0157013
29	8	3805	3805	0.0297642
29	9	1719	1719	0.0449495
29	10	645	645	0.0309334
29	11	37368	37368	0.0479088
29	12	13	13	1.14441e-05
29	13	50256	50256	5.72205e-06
30	5	6071	6071	0.219868
30	6	2641	2641	0.0229597
30	7	257	257	0.00288582
30	8	24911	24911	0.0864496
30	9	13	13	0.00472832
30	10	50256	50256	3.8147e-06
31	5	12491	12491	0.0577736
31	6	265	265	0.0559149
31	7	318	318	0.0226002
31	8	407	407	0.0318766
31	9	257	257	0.0249939
31	10	1611	1611	0.124506
31	11	286	286	0.007267
31	12	17135	17135	0.148966
31	13	13	13	0.000488281
31	14	50256	50256	7.82013e-05
32	5	11	11	0.0486212
32	6	262	262	0.0116539
32	7	9848	9848	0.0981083
32	8	286	286	0.000476837
32	9	14580	14580	0.2755
32	10	21767	21767	0.0524349
32	11	262	262	0.00382805
32	12	9848	9848	0.125017
32	13	286	286	0.00366783
32	14	18349	18349	0.148734
32	15	13	13	0.00710869
32	16	50256	50256	1.71661e-05
33	5	1123	1123	0.00894356
33	6	584	584	0.101912
33	7	1973	1973	0.0473566
33	8	262	262	0.00537682
33	9	41407	41407	0.29086
33	10	286	286	0.00846672
33	11	47403	47403	0.0829878
33	12	13	13	0.000108719
33	13	50256	50256	7.62939e-06
34	5	416	416	0.0143738
34	6	2876	2876	0.330857
34	7	3723	3723	0.0487766
34	8	290	290	0.00143051
34	9	27172	27172	0.377199
34	10	3101	3101	0.0576849
34	11	267	267	0.0699739
34	12	265	265	0.05795
34	13	21824	21824	0.157729
34	14	13	13	0.00641918
34	15	50256	50256	3.8147e-06
35	5	663	663	0.00504494
35	6	9686	9686	0.0973063
35	7	290	290	0.00955582
35	8	6727	6727	0.1849
35	9	10645	10645	0.0271187
35	10	13	13	0.000682831
35	11	50256	50256	1.90735e-05
36	5	11880	11880	0.0331364
36	6	5419	5419	0.0192423
36	7	340	340	0.0852242
36	8	2824	2824	0.912854
36	9	5931	5931	0.0355206
36	10	1321	1321	0.0588331
36	11	422	422	0.0551519
36	12	663	663	0.0497541
36	13	21334	21334	0.148273
36	14	13	13	0
36	15	50256	50256	5.72205e-06
37	5	287	287	0.0210857
37	6	262	262	0.0204849
37	7	8434	8434	0.101336
37	8	1027	1027	0.0637522
37	9	4909	4909	0.0838976
37	10	23326	23326	0.169688
37	11	4778	4778	0.036602
37	12	2950	2950	0.0906124
37	13	287	287	0.00446129
37	14	4854	4854	0.113523
37	15	13	13	0
37	16	50256	50256	1.90735e-05
38	5	2630	2630	0.0226374
38	6	262	262	0.000471115
38	7	5337	5337	0.135352
38	8	44487	44487	0.0300636
38	9	9869	9869	0.0440226
38	10	12898	12898	0.0465603
38	11	546	546	0.0313129
38	12	257	257	0.00737381
38	13	8557	8557	0.206468
38	14	7002	7002	0.047884
38	15	13	13	9.53674e-06
38	16	50256	50256	1.90735e-05
39	5	257	257	0.0455418
39	6	38712	38712	0.439914
39	7	460	460	0.0283718
39	8	6486	6486	0.186186
39	9	379	379	0.0266199
39	10	845	845	0.215934
39	11	1180	1180	0.0423527
39	12	18868	18868	0.12717
39	13	422	422	0.0293713
39	14	3668	3668	0.0317678
39	15	13	13	0.00180626
39	16	50256	50256	1.52588e-05
40	5	976	976	0.113844
40	6	1271	1271	0.0800953
40	7	286	286	0.0122643
40	8	28722	28722	0.414249
40	9	355	355	0.0348091
40	10	1237	1237	0.143588
40	11	684	684	0.0706415
40	12	13	13	0.00623703
40	13	50256	50256	7.62939e-06
41	5	5048	5048	0.0115261
41	6	82	82	0.0138674
41	7	4731	4731	0.0498953
41	8	1938	1938	0.0708179
41	9	284	284	0.00647259
41	10	458	458	0.0500031
41	11	1347	1347	0.0484791
41	12	2138	2138	0.0155087
41	13	621	621	0.0117893
41	14	9563	9563	0.0486956
41	15	262	262	0.00190544
41	16	13042	13042	0.0435972
41	17	13	13	6.86646e-05
41	18	50256	50256	1.90735e-05
42	5	1712	1712	0.114409
42	6	32107	32107	0.161654
42	7	1296	1296	0.0456762
42	8	262	262	0.0345707
42	9	20831	20831	0.182499
42	10	24491	24491	0.0631256
42	11	22829	22829	0.0215588
42	12	13	13	0.000551224
42	13	50256	50256	3.8147e-06
43	5	3825	3825	0.524849
43	6	318	318	0.0668402
43	7	1444	1444	0.0458736
43	8	262	262	0.0384712
43	9	2825	2825	0.472325
43	10	22829	22829	0.0439997
43	11	13	13	0.00149727
43	12	50256	50256	5.72205e-06
44	5	262	262	0.010952
44	6	3825	3825	0.123565
44	7	11	11	0.0321188
44	8	21094	21094	0.566744
44	9	468	468	0.0263987
44	10	257	257	0.00543404
44	11	37546	37546	0.24729
44	12	2811	2811	0.0565948
44	13	4417	4417	0.0236969
44	14	13	13	0.000423431
44	15	50256	50256	5.72205e-06
45	5	257	257	0.00394821
45	6	5863	5863	0.112422
45	7	670	670	0.0249243
45	8	416	416	0.00787354
45	9	12386	12386	0.206429
45	10	46525	46525	0.0377569
45	11	13	13	0
45	12	50256	50256	3.8147e-06
46	5	262	262	0.000673294
46	6	9653	9653	0.0628939
46	7	326	326	0.0291996
46	8	8080	8080	0.0773611
46	9	607	607	0.0489426
46	10	18815	18815	0.0245543
46	11	13	13	0.000759125
46	12	50256	50256	5.72205e-06
47	5	422	422	0.00304985
47	6	826	826	0.0440454
47	7	284	284	0.00167465
47	8	1364	1364	0.0378618
47	9	13	13	1.90735e-06
47	10	50256	50256	3.8147e-06
48	5	1872	1872	0.0292549
48	6	389	389	0.0249367
48	7	3917	3917	0.0509911
48	8	351	351	0.00953484
48	9	12281	12281	0.156454
48	10	64	64	0.0520639
48	11	399	399	0.0496073
48	12	9019	9019	0.0311108
48	13	13	13	0.00138855
48	14	50256	50256	8.2016e-05
49	5	257	257	0.121486
49	6	1296	1296	0.130221
49	7	286	286	0.100203
49	8	31094	31094	0.246939
49	9	11881	11881	0.0394936
49	10	13	13	3.8147e-06
49	11	50256	50256	1.33514e-05
50	5	17226	17226	0.0584717
50	6	1271	1271	0.0234985
50	7	286	286	0.00771523
50	8	597	597	0.163542
50	9	5931	5931	0.0257349
50	10	5002	5002	0.0751839
50	11	13	13	7.62939e-06
50	12	50256	50256	9.53674e-06
51	5	422	422	0.0123062
51	6	262	262	0.00453186
51	7	15921	15921	0.0301456
51	8	286	286	0.00053978
51	9	19450	19450	0.320875
51	10	7150	7150	0.0309467
51	11	13	13	0.000659943
51	12	50256	50256	5.72205e-06
52	5	25388	25388	0.0945778
52	6	3623	3623	0.0521069
52	7	284	284	0.00679779
52	8	1620	1620	0.090909
52	9	12370	12370	0.0594196
52	10	670	670	0.0670862
52	11	13	13	0.00114822
52	12	50256	50256	5.72205e-06
53	5	262	262	0.0245056
53	6	6869	6869	0.129559
53	7	7021	7021	0.0536804
53	8	636	636	0.0440245
53	9	393	393	0.0652866
53	10	477	477	0.32414
53	11	286	286	0.0157013
53	12	262	262	0.0317698
53	13	3825	3825	0.137818
53	14	422	422	0.0120201
53	15	1570	1570	0.137444
53	16	13	13	0
53	17	50256	50256	3.8147e-06
54	5	393	393	0.0393877
54	6	7686	7686	0.125373
54	7	3170	3170	0.0307198
54	8	422	422	0.0363064
54	9	5100	5100	0.136414
54	10	18955	18955	0.072176
54	11	4991	4991	0.0405111
54	12	13	13	4.76837e-05
54	13	50256	50256	5.72205e-06
55	5	3872	3872	0.17321
55	6	3815	3815	0.00862598
55	7	884	884	0.0447617
55	8	355	355	0.00833321
55	9	2081	2081	0.149245
55	10	290	290	0.0043087
55	11	3991	3991	0.136219
55	12	13	13	0.00166321
55	13	50256	50256	3.8147e-06
56	5	6903	6903	0.0717545
56	6	286	286	0.00573158
56	7	1692	1692	0.185918
56	8	2910	2910	0.0981836
56	9	13	13	0.00127983
56	10	50256	50256	1.90735e-06
57	5	287	287	0.00416946
57	6	2166	2166	0.179263
57	7	286	286	0.0217457
57	8	663	663	0.0426044
57	9	3491	3491	0.25685
57	10	460	460	0.0278196
57	11	2728	2728	0.252904
57	12	257	257	0.0100212
57	13	40757	40757	0.318919
57	14	19550	19550	0.0730963
57	15	287	287	0.0159054
57	16	262	262	0.015955
57	17	3491	3491	0.147393
57	18	338	338	0.0289888
57	19	22204	22204	0.0839157
57	20	13	13	1.14441e-05
57	21	50256	50256	8.01086e-05
58	5	3170	3170	0.0939684
58	6	12972	12972	0.108861
58	7	43591	43591	0.042079
58	8	355	355	0.0140514
58	9	15100	15100	0.107539
58	10	16667	16667	0.0204821
58	11	1443	1443	0.0119896
58	12	13	13	0.000104904
58	13	50256	50256	5.72205e-06
59	5	1510	1510	0.0634823
59	6	400	400	0.0283575
59	7	286	286	0.00384712
59	8	257	257	0.0110245
59	9	4326	4326	0.0952263
59	10	13	13	6.29425e-05
59	11	50256	50256	1.52588e-05
60	5	735	735	0.0249071
60	6	460	460	0.0191402
60	7	10199	10199	0.0541306
60	8	284	284	0.00366211
60	9	5044	5044	0.0483236
60	10	9230	9230	0.027009
60	11	13	13	0.00050354
60	12	50256	50256	5.72205e-06
61	5	290	290	0.0254354
61	6	38467	38467	0.264615
61	7	5594	5594	0.0747929
61	8	284	284	0.00547218
61	9	262	262	0.0389347
61	10	304	304	0.203514
61	11	2724	2724	0.0496225
61	12	560	560	0.0573273
61	13	6421	6421	0.0370226
61	14	13	13	0
61	15	50256	50256	1.90735e-06
62	5	13971	13971	0.20951
62	6	9403	9403	0.0239038
62	7	42626	42626	0.0399618
62	8	3349	3349	0.0226755
62	9	739	739	0.0210724
62	10	11080	11080	0.0392618
62	11	3403	3403	0.0153732
62	12	13	13	3.62396e-05
62	13	50256	50256	5.72205e-06
63	5	7319	7319	0.0333891
63	6	16379	16379	0.035965
63	7	13	13	0
63	8	50256	50256	5.72205e-06
64	5	47933	47933	0.0336866
64	6	832	832	0.00507164
64	7	257	257	0.00121498
64	8	8122	8122	0.0213203
64	9	13	13	0.00088501
64	10	50256	50256	1.90735e-06
65	5	2339	2339	0.052453
65	6	8573	8573	0.0668125
65	7	326	326	0.0406513
65	8	1037	1037	0.0655489
65	9	606	606	0.0423393
65	10	7906	7906	0.111305
65	11	832	832	0.0170336
65	12	262	262	0.0254326
65	13	1633	1633	0.0825739
65	14	13	13	0.0119362
65	15	50256	50256	3.8147e-06
66	5	262	262	0.00906372
66	6	5417	5417	0.236188
66	7	832	832	0.0216522
66	8	257	257	0.0262299
66	9	25979	25979	0.140916
66	10	287	287	0.00984955
66	11	10836	10836	0.461886
66	12	13	13	0.000350952
66	13	50256	50256	8.2016e-05
67	5	286	286	0.00490189
67	6	7517	7517	0.52151
67	7	11	11	0.00451088
67	8	319	319	0.0329971
67	9	262	262	0.0017128
67	10	5866	5866	0.161957
67	11	406	406	1.19589
67	12	733	733	0.0974751
67	13	2959	2959	0.1164
67	14	13	13	0.00174332
67	15	50256	50256	7.62939e-06
68	5	4778	4778	0.012928
68	6	326	326	0.0170593
68	7	3031	3031	0.137065
68	8	284	284	0.00434494
68	9	15938	15938	0.11034
68	10	26306	26306	0.0382175
68	11	287	287	0.0147095
68	12	40333	40333	0.098835
68	13	13	13	0
68	14	50256	50256	9.15527e-05
69	5	284	284	0.00257492
69	6	45075	45075	0.113981
69	7	262	262	0.00152016
69	8	1271	1271	0.0628824
69	9	286	286	0.00231552
69	10	23235	23235	0.120366
69	11	286	286	0.0219736
69	12	1123	1123	0.288083
69	13	5002	5002	0.250884
69	14	13	13	0.00392532
69	15	50256	50256	7.62939e-06
70	5	287	287	0.0259514
70	6	663	663	0.0474691
70	7	13179	13179	0.156132
70	8	13	13	0.00482941
70	9	50256	50256	5.72205e-06
71	5	3623	3623	0.0920086
71	6	11	11	0.026638
71	7	8977	8977	0.16503
71	8	11	11	0.0311909
71	9	290	290	0.0206203
71	10	3223	3223	0.93077
71	11	2300	2300	0.062809
71	12	1978	1978	0.0565453
71	13	287	287	0.0159378
71	14	27982	27982	0.218896
71	15	13	13	0.0018425
71	16	50256	50256	7.62939e-06
72	5	11904	11904	0.109233
72	6	832	832	0.0148554
72	7	2005	2005	0.227131
72	8	83	83	0.0594463
72	9	654	654	0.0818882
72	10	393	393	0.0372009
72	11	584	584	0.0484848
72	12	7494	7494	0.205054
72	13	876	876	0.203485
72	14	8573	8573	0.0713778
72	15	13	13	0.00133896
72	16	50256	50256	1.14441e-05
73	5	5451	5451	0.00929451
73	6	3407	3407	0.031888
73	7	262	262	0.00118065
73	8	25868	25868	0.170438
73	9	5882	5882	0.0325556
73	10	1757	1757	0.0226574
73	11	7698	7698	0.0174255
73	12	13	13	0.000268936
73	13	50256	50256	5.72205e-06
74	5	351	351	0.0228834
74	6	7572	7572	0.0657082
74	7	286	286	0.00985909
74	8	4376	4376	0.531238
74	9	22969	22969	0.0197363
74	10	13	13	0.00188255
74	11	50256	50256	1.33514e-05
75	5	24866	24866	0.119026
75	6	284	284	0.0055933
75	7	257	257	0.0316572
75	8	2440	2440	0.387717
75	9	11067	11067	0.0463076
75	10	7078	7078	0.0300779
75	11	13	13	0.000740051
75	12	50256	50256	5.72205e-06
76	5	13020	13020	0.0626593
76	6	34262	34262	0.0673609
76	7	422	422	0.0131302
76	8	257	257	0.0186977
76	9	8701	8701	0.130352
76	10	13	13	0.000137329
76	11	50256	50256	1.71661e-05
77	5	2826	2826	0.0937557
77	6	351	351	0.00560379
77	7	663	663	0.0399332
77	8	1767	1767	0.141999
77	9	4855	4855	0.0948706
77	10	1022	1022	0.0299425
77	11	262	262	0.014101
77	12	2137	2137	0.226403
77	13	338	338	0.0308142
77	14	14475	14475	0.0666637
77	15	13	13	6.48499e-05
77	16	50256	50256	2.67029e-05
78	5	11061	11061	0.0868168
78	6	257	257	0.0229778
78	7	37327	37327	0.232979
78	8	4645	4645	0.0445919
78	9	1900	1900	0.0481768
78	10	355	355	0.0118961
78	11	262	262	0.00148582
78	12	6124	6124	0.391385
78	13	6391	6391	0.0811834
78	14	17180	17180	0.0217896
78	15	13	13	0
78	16	50256	50256	0.00285339
79	5	351	351	0.00921726
79	6	281	281	0.00853539
79	7	30690	30690	0.115432
79	8	6082	6082	0.0348186
79	9	286	286	0.00886154
79	10	5186	5186	0.0590858
79	11	3877	3877	0.0333977
79	12	13	13	0.000131607
79	13	50256	50256	5.72205e-06
80	5	6342	6342	0.382132
80	6	11	11	0.0169468
80	7	257	257	0.0929527
80	8	1748	1748	0.166793
80	9	319	319	0.0991392
80	10	262	262	0.0234871
80	11	1001	1001	0.292324
80	12	500	500	0.164812
80	13	13	13	0.00498772
80	14	50256	50256	4.19617e-05
81	5	1141	1141	0.0245466
81	6	262	262	0.00261116
81	7	1110	1110	0.215666
81	8	618	618	0.0569363
81	9	1956	1956	0.175568
81	10	1175	1175	0.0580597
81	11	907	907	0.0557871
81	12	5443	5443	0.021759
81	13	621	621	0.0106602
81	14	6716	6716	0.0945787
81	15	1660	1660	0.0327444
81	16	13	13	1.90735e-06
81	17	50256	50256	3.8147e-06
82	5	10157	10157	0.173624
82	6	549	549	0.0473576
82	7	32653	32653	0.0419436
82	8	297	297	0.0676126
82	9	544	544	0.0325022
82	10	7813	7813	0.0452013
82	11	37834	37834	0.0235729
82	12	13	13	0
82	13	50256	50256	3.8147e-06
83	5	1271	1271	0.0211992
83	6	4249	4249	0.107679
83	7	257	257	0.00849152
83	8	4633	4633	0.179073
83	9	1271	1271	0.00884056
83	10	13	13	1.90735e-06
83	11	50256	50256	1.90735e-05
84	5	3139	3139	0.0659542
84	6	286	286	0.00273132
84	7	10836	10836	0.232846
84	8	11	11	0.0111856
84	9	287	287	0.0891438
84	10	262	262	0.0502377
84	11	1499	1499	0.144334
84	12	338	338	0.0455446
84	13	5093	5093	0.0998211
84	14	13	13	0.00447083
84	15	50256	50256	1.90735e-06
85	5	19812	19812	0.0620098
85	6	20775	20775	0.0458002
85	7	25730	25730	0.0351381
85	8	17628	17628	0.0270634
85	9	13	13	1.52588e-05
85	10	50256	50256	3.8147e-06
86	5	318	318	0.00963497
86	6	4635	4635	0.080719
86	7	416	416	0.0185194
86	8	38797	38797	0.118227
86	9	278	278	0.0313931
86	10	37624	37624	0.109122
86	11	41266	41266	0.0405302
86	12	351	351	0.0116138
86	13	8268	8268	0.183672
86	14	13	13	0.00056839
86	15	50256	50256	5.72205e-06
87	5	262	262	0.000722885
87	6	10359	10359	0.143878
87	7	290	290	0.00442123
87	8	262	262	0.00037384
87	9	10329	10329	0.129285
87	10	13	13	0.000406265
87	11	50256	50256	1.33514e-05
88	5	11685	11685	0.0240278
88	6	286	286	0.00469017
88	7	18190	18190	0.0869141
88	8	290	290	0.0103025
88	9	511	511	0.0567007
88	10	3585	3585	0.0627003
88	11	6116	6116	0.0411062
88	12	13	13	0.000284195
88	13	50256	50256	5.72205e-06
89	5	18044	18044	0.421199
89	6	1633	1633	0.0372648
89	7	832	832	0.0336781
89	8	511	511	0.0463104
89	9	6611	6611	0.112208
89	10	28439	28439	0.0142698
89	11	13	13	0.000146866
89	12	50256	50256	5.72205e-06
90	5	15061	15061	0.0620203
90	6	36402	36402	0.0452814
90	7	286	286	0.00977325
90	8	257	257	0.0109453
90	9	19690	19690	0.164861
90	10	5509	5509	0.0509205
90	11	13	13	0.00165367
90	12	50256	50256	5.72205e-06
91	5	11	11	0.00348091
91	6	1690	1690	0.165343
91	7	41266	41266	0.0385427
91	8	393	393	0.0376663
91	9	2511	2511	0.153084
91	10	680	680	0.104069
91	11	11	11	0.037241
91	12	351	351	0.144282
91	13	1622	1622	0.134053
91	14	654	654	0.0615368
91	15	13	13	0.00364685
91	16	50256	50256	1.71661e-05
92	5	4104	4104	0.223858
92	6	1088	1088	0.0251198
92	7	17648	17648	0.224299
92	8	290	290	0.0104332
92	9	832	832	0.107588
92	10	28431	28431	0.130738
92	11	13	13	3.8147e-06
92	12	50256	50256	5.72205e-06
93	5	257	257	0.0191002
93	6	2139	2139	0.283181
93	7	3170	3170	0.0258427
93	8	319	319	0.033802
93	9	262	262	0.00884247
93	10	5230	5230	0.296745
93	11	2138	2138	0.0179272
93	12	621	621	0.0113525
93	13	257	257	0.00450134
93	14	6171	6171	0.842873
93	15	5177	5177	0.285387
93	16	329	329	0.0262737
93	17	262	262	0.0121841
93	18	5230	5230	0.17487
93	19	13	13	0.000110626
93	20	50256	50256	1.14441e-05
94	5	6588	6588	0.0556412
94	6	17556	17556	0.124022
94	7	326	326	0.034934
94	8	5419	5419	0.0609169
94	9	8509	8509	0.109451
94	10	15756	15756	0.0314722
94	11	4485	4485	0.0290966
94	12	13	13	1.90735e-06
94	13	50256	50256	3.8147e-06
95	5	11073	11073	0.0499439
95	6	281	281	0.0197754
95	7	772	772	0.0355873
95	8	18253	18253	0.0481386
95	9	13	13	3.8147e-06
95	10	50256	50256	3.8147e-06
96	5	318	318	0.0448303
96	6	262	262	0.0192509
96	7	1218	1218	0.238981
96	8	13	13	0.0072813
96	9	50256	50256	5.72205e-06
97	5	262	262	0.0095253
97	6	20938	20938	1.0159
97	7	7679	7679	0.0695238
97	8	1444	1444	0.0186501
97	9	262	262	0.0324211
97	10	14673	14673	0.320772
97	11	22829	22829	0.0253782
97	12	13	13	5.72205e-06
97	13	50256	50256	5.72205e-06
98	5	6870	6870	0.0557289
98	6	8787	8787	0.0665646
98	7	1231	1231	0.0139456
98	8	38875	38875	0.0745392
98	9	1123	1123	0.0217199
98	10	4637	4637	0.168558
98	11	257	257	0.0138683
98	12	4571	4571	0.087286
98	13	13	13	0
98	14	50256	50256	6.48499e-05
99	5	2138	2138	0.376683
99	6	621	621	0.00864601
99	7	1660	1660	0.122913
99	8	11	11	0.0317278
99	9	287	287	0.0783386
99	10	511	511	0.131661
99	11	1311	1311	0.108442
99	12	862	862	0.0543013
99	13	13	13	3.8147e-06
99	14	50256	50256	2.09808e-05
100	5	1514	1514	0.0316391
100	6	3096	3096	0.0416956
100	7	468	468	0.0320301
100	8	43063	43063	0.102845
100	9	3951	3951	0.0459957
100	10	287	287	0.00314331
100	11	1123	1123	0.138355
100	12	4571	4571	0.25252
100	13	13	13	0
100	14	50256	50256	2.86102e-05
101	5	48573	48573	0.0901184
101	6	6134	6134	0.0157118
101	7	16573	16573	0.0723877
101	8	284	284	0.00580597
101	9	1204	1204	0.148664
101	10	11061	11061	0.0400352
101	11	32085	32085	0.0714006
101	12	729	729	0.0594063
101	13	13	13	0
101	14	50256	50256	8.01086e-05
102	5	9197	9197	0.249929
102	6	8320	8320	0.0838594
102	7	689	689	0.0734644
102	8	772	772	0.0746708
102	9	611	611	0.106867
102	10	663	663	0.00685883
102	11	2866	2866	0.343908
102	12	14768	14768	0.100886
102	13	6937	6937	0.0778284
102	14	13	13	0.000394821
102	15	50256	50256	3.8147e-06
103	5	1660	1660	0.386644
103	6	40169	40169	0.116163
103	7	379	379	0.022275
103	8	257	257	0.0495377
103	9	2793	2793	0.595382
103	10	5951	5951	0.0285749
103	11	13	13	6.29425e-05
103	12	50256	50256	1.90735e-06
104	5	262	262	0.000297546
104	6	23902	23902	0.626463
104	7	23642	23642	0.0457201
104	8	16161	16161	0.0312109
104	9	1444	1444	0.0189791
104	10	262	262	0.0104141
104	11	34822	34822	0.114913
104	12	6378	6378	0.0347605
104	13	13	13	0
104	14	50256	50256	9.15527e-05
105	5	1022	1022	0.03088
105	6	4237	4237	0.0495949
105	7	290	290	0.0124512
105	8	3957	3957	0.10732
105	9	393	393	0.0294647
105	10	6143	6143	0.200793
105	11	21379	21379	0.0495768
105	12	13	13	0.000440598
105	13	50256	50256	3.8147e-06
106	5	262	262	0.024148
106	6	22088	22088	0.254805
106	7	291	291	0.0373278
106	8	13061	13061	0.0895538
106	9	21072	21072	0.0492172
106	10	44921	44921	0.0285425
106	11	13	13	0
106	12	50256	50256	5.72205e-06
107	5	1660	1660	0.0128422
107	6	287	287	0.00299454
107	7	6546	6546	0.402856
107	8	2945	2945	0.0196657
107	9	5667	5667	0.0150976
107	10	11	11	0.027298
107	11	21552	21552	0.414947
107	12	11	11	0.00237846
107	13	393	393	0.0471277
107	14	11135	11135	0.200039
107	15	13	13	0.000106812
107	16	50256	50256	5.72205e-06
108	5	7627	7627	0.0953379
108	6	904	904	0.0613003
108	7	656	656	0.0114822
108	8	262	262	0.000432968
108	9	10596	10596	0.194646
108	10	10692	10692	0.025959
108	11	13	13	0.000118256
108	12	50256	50256	3.8147e-06
109	5	262	262	0.0182133
109	6	16577	16577	0.156474
109	7	15921	15921	0.0247402
109	8	286	286	0.00451279
109	9	257	257	0.0364962
109	10	14281	14281	0.207412
109	11	17793	17793	0.0315027
109	12	13	13	0
109	13	50256	50256	3.8147e-06
110	5	41917	41917	0.149891
110	6	9978	9978	0.0612965
110	7	326	326	0.015398
110	8	460	460	0.050271
110	9	3650	3650	0.123923
110	10	290	290	0.0122833
110	11	21937	21937	0.716151
110	12	24284	24284	0.0425262
110	13	17794	17794	0.0393286
110	14	286	286	0.00200653
110	15	34573	34573	0.0746031
110	16	13	13	0.00272942
110	17	50256	50256	3.8147e-06
111	5	6591	6591	0.0329494
111	6	1080	1080	0.0949965
111	7	11	11	0.0443897
111	8	22721	22721	0.310493
111	9	468	468	0.0417004
111	10	262	262	0.0165958
111	11	6000	6000	0.372421
111	12	2347	2347	0.0829048
111	13	13	13	1.90735e-06
111	14	50256	50256	2.67029e-05
112	5	34616	34616	0.0321064
112	6	29120	29120	0.0259562
112	7	656	656	0.0175648
112	8	262	262	0.0129356
112	9	1402	1402	0.103994
112	10	45426	45426	0.0571489
112	11	13	13	1.90735e-06
112	12	50256	50256	3.8147e-06
113	5	3625	3625	0.0175362
113	6	329	329	0.00832081
113	7	3356	3356	0.0541258
113	8	290	290	0.0323524
113	9	13017	13017	0.0711918
113	10	13	13	0.000391006
113	11	50256	50256	1.71661e-05
114	5	8122	8122	0.102284
114	6	11	11	0.0561295
114	7	9472	9472	0.183734
114	8	663	663	0.0128164
114	9	8434	8434	0.306249
114	10	4755	4755	0.153683
114	11	318	318	0.0506163
114	12	4735	4735	0.377695
114	13	13	13	0.00215149
114	14	50256	50256	9.15527e-05
115	5	8802	8802	0.0196581
115	6	19079	19079	0.0307531
115	7	1998	1998	0.0515404
115	8	6697	6697	0.0404205
115	9	7028	7028	0.0392313
115	10	13	13	2.28882e-05
115	11	50256	50256	1.90735e-05
116	5	274	274	0.0201225
116	6	13617	13617	0.0719633
116	7	278	278	0.0388584
116	8	329	329	0.04105
116	9	1103	1103	0.133204
116	10	3146	3146	0.0726604
116	11	13	13	0.00460625
116	12	50256	50256	7.62939e-06
117	5	13204	13204	0.0231237
117	6	4991	4991	0.0505104
117	7	286	286	0.0108566
117	8	2877	2877	0.0856342
117	9	20296	20296	0.10167
117	10	13	13	0.000816345
117	11	50256	50256	5.72205e-06
118	5	281	281	0.00654221
118	6	1633	1633	0.0368328
118	7	1014	1014	0.0801144
118	8	1022	1022	0.0475588
118	9	262	262	0.00348473
118	10	300	300	0.0735426
118	11	38621	38621	0.118674
118	12	87	87	0.0902948
118	13	290	290	0.00449944
118	14	262	262	0.0043869
118	15	18443	18443	0.123605
118	16	11072	11072	0.0583
118	17	13	13	0
118	18	50256	50256	0.000274658
119	5	9460	9460	0.0416346
119	6	293	293	0.113457
119	7	9280	9280	0.0413742
119	8	48556	48556	0.0274267
119	9	1321	1321	0.0269852
119	10	546	546	0.0626183
119	11	262	262	0.0219164
119	12	4067	4067	0.142398
119	13	286	286	0.00407219
119	14	2057	2057	0.102281
119	15	13	13	3.8147e-06
119	16	50256	50256	1.90735e-05
120	5	17522	17522	0.356554
120	6	318	318	0.013814
120	7	5017	5017	0.251793
120	8	351	351	0.0126724
120	9	16252	16252	0.484703
120	10	13	13	0.00312805
120	11	50256	50256	1.71661e-05
121	5	257	257	0.00296211
121	6	2393	2393	0.184152
121	7	338	338	0.00484657
121	8	5794	5794	0.216038
121	9	11	11	0.00511169
121	10	475	475	0.281445
121	11	340	340	0.0429487
121	12	857	857	0.0718699
121	13	407	407	0.0334435
121	14	9149	9149	0.122956
121	15	326	326	0.0348434
121	16	5794	5794	0.167912
121	17	13	13	0.00110817
121	18	50256	50256	3.05176e-05
122	5	262	262	0.017683
122	6	3139	3139	0.0172005
122	7	286	286	0.00124168
122	8	21506	21506	0.172072
122	9	287	287	0.00536728
122	10	3687	3687	0.169262
122	11	5478	5478	0.0266542
122	12	13	13	7.62939e-06
122	13	50256	50256	5.72205e-06
123	5	16021	16021	0.137848
123	6	11447	11447	0.0525084
123	7	10717	10717	0.0270452
123	8	1444	1444	0.0329676
123	9	257	257	0.0129299
123	10	9529	9529	0.114791
123	11	528	528	0.0830708
123	12	462	462	0.246032
123	13	13	13	3.8147e-06
123	14	50256	50256	5.14984e-05
124	5	866	866	0.0540533
124	6	2636	2636	0.0254335
124	7	20296	20296	0.0301313
124	8	290	290	0.0156107
124	9	48914	48914	0.122016
124	10	20901	20901	0.0440826
124	11	832	832	0.0357475
124	12	30020	30020	0.0565977
124	13	13	13	0
124	14	50256	50256	0.000116348
125	5	82	82	0.0751238
125	6	262	262	0.0135326
125	7	2989	2989	0.540673
125	8	16654	16654	0.0702724
125	9	287	287	0.00532913
125	10	257	257	0.0091362
125	11	23243	23243	0.165869
125	12	8379	8379	0.0422306
125	13	13	13	0.00360489
125	14	50256	50256	0.000106812
126	5	3519	3519	0.0287199
126	6	1171	1171	0.0461349
126	7	290	290	0.00743771
126	8	2839	2839	0.162855
126	9	8251	8251	0.0154676
126	10	13	13	0
126	11	50256	50256	1.71661e-05
127	5	318	318	0.0115604
127	6	1444	1444	0.0268202
127	7	32896	32896	0.122057
127	8	14596	14596	0.0166759
127	9	13	13	0
127	10	50256	50256	1.90735e-06
128	5	925	925	0.0146446
128	6	7525	7525	0.066515
128	7	422	422	0.0210552
128	8	15317	15317	0.0551033
128	9	290	290	0.00171089
128	10	31861	31861	0.183035
128	11	13	13	0.000328064
128	12	50256	50256	5.72205e-06
129	5	257	257	0.0106544
129	6	7226	7226	0.217898
129	7	21264	21264	0.0857763
129	8	36264	36264	0.0614929
129	9	36869	36869	0.0618629
129	10	21126	21126	0.0571852
129	11	7405	7405	0.0402699
129	12	290	290	0.0174637
129	13	14754	14754	0.227694
129	14	663	663	0.0236635
129	15	7894	7894	0.292735
129	16	13	13	0.00037384
129	17	50256	50256	3.8147e-06
130	5	290	290	0.0145893
130	6	17298	17298	0.396776
130	7	287	287	0.0283375
130	8	262	262	0.0411024
130	9	7976	7976	0.579534
130	10	2436	2436	0.0360374
130	11	26676	26676	0.0142612
130	12	13	13	0.000389099
130	13	50256	50256	3.8147e-06
131	5	389	389	0.037281
131	6	262	262	0.032177
131	7	717	717	0.154964
131	8	9403	9403	0.10903
131	9	5667	5667	0.0238276
131	10	286	286	0.0134525
131	11	257	257	0.0473003
131	12	4618	4618	0.0971727
131	13	39880	39880	0.151682
131	14	13	13	0.00288677
131	15	50256	50256	7.62939e-06
132	5	4847	4847	0.0497742
132	6	287	287	0.0345001
132	7	5788	5788	0.314759
132	8	416	416	0.0280371
132	9	17247	17247	0.287385
132	10	7572	7572	0.0243969
132	11	286	286	0.0129757
132	12	37410	37410	0.195092
132	13	3951	3951	0.0628738
132	14	13	13	0
132	15	50256	50256	0.000389099
133	5	7667	7667	0.0404749
133	6	8598	8598	0.0360546
133	7	16069	16069	0.017066
133	8	13	13	0
133	9	50256	50256	5.72205e-06
134	5	9260	9260	0.0231686
134	6	1577	1577	0.0768995
134	7	262	262	0.000923157
134	8	5440	5440	0.100354
134	9	663	663	0.00570679
134	10	14688	14688	0.179379
134	11	680	680	0.0151596
134	12	5585	5585	0.0190296
134	13	13	13	0.00161362
134	14	50256	50256	7.62939e-05
135	5	389	389	0.0269384
135	6	1036	1036	0.101877
135	7	515	515	0.0321035
135	8	284	284	0.0308113
135	9	787	787	0.143165
135	10	257	257	0.0168409
135	11	279	279	0.161488
135	12	2150	2150	0.0906687
135	13	298	298	0.0906744
135	14	1779	1779	0.0975266
135	15	3681	3681	0.0607729
135	16	13	13	0
135	17	50256	50256	3.8147e-06
136	5	24830	24830	0.654013
136	6	287	287	0.0105286
136	7	543	543	0.122856
136	8	1123	1123	0.0331364
136	9	6194	6194	0.165769
136	10	2391	2391	0.0641727
136	11	6870	6870	0.0645752
136	12	530	530	0.0271711
136	13	44278	44278	0.0893526
136	14	415	415	0.0564508
136	15	393	393	0.0359545
136	16	48617	48617	0.083147
136	17	13	13	3.8147e-06
136	18	50256	50256	7.62939e-06
137	5	3473	3473	0.0281744
137	6	5688	5688	0.057703
137	7	286	286	0.00921822
137	8	12925	12925	0.379219
137	9	5207	5207	0.0162039
137	10	286	286	0.00683212
137	11	1660	1660	0.062542
137	12	4771	4771	0.118299
137	13	13	13	0.000169754
137	14	50256	50256	6.86646e-05
138	5	3825	3825	0.0607634
138	6	338	338	0.0122719
138	7	4755	4755	0.337532
138	8	26161	26161	0.0933418
138	9	17669	17669	0.095582
138	10	656	656	0.0280943
138	11	43142	43142	0.470621
138	12	290	290	0.00636101
138	13	10050	10050	0.230306
138	14	2568	2568	0.0439987
138	15	13	13	0
138	16	50256	50256	2.09808e-05
139	5	3881	3881	0.118587
139	6	326	326	0.0365677
139	7	460	460	0.0640221
139	8	47577	47577	0.183512
139	9	6364	6364	0.0778294
139	10	625	625	0.0446358
139	11	41917	41917	0.127789
139	12	1661	1661	0.136174
139	13	66	66	0.0627708
139	14	2040	2040	0.0496874
139	15	13	13	0
139	16	50256	50256	3.43323e-05
140	5	286	286	0.000917435
140	6	28722	28722	0.137954
140	7	287	287	0.00170708
140	8	257	257	0.0214958
140	9	5931	5931	0.0843277
140	10	6317	6317	0.0186672
140	11	13	13	1.14441e-05
140	12	50256	50256	3.8147e-06
141	5	5002	5002	0.0255594
141	6	326	326	0.0164413
141	7	318	318	0.0515051
141	8	8122	8122	0.071991
141	9	379	379	0.0285187
141	10	8850	8850	0.0797768
141	11	2119	2119	0.0659428
141	12	5951	5951	0.018362
141	13	13	13	0.00216293
141	14	50256	50256	4.95911e-05
142	5	284	284	0.00271416
142	6	22792	22792	0.250476
142	7	962	962	0.0595865
142	8	2763	2763	0.0716448
142	9	403	403	0.0369892
142	10	338	338	0.00754738
142	11	22234	22234	0.330378
142	12	287	287	0.00271797
142	13	36094	36094	0.203814
142	14	13	13	0.00258636
142	15	50256	50256	5.72205e-06
143	5	38467	38467	0.184989
143	6	1296	1296	0.090539
143	7	1969	1969	0.694965
143	8	15814	15814	0.0368586
143	9	351	351	0.0089016
143	10	262	262	0.0184755
143	11	11135	11135	0.261363
143	12	286	286	0.00884628
143	13	6134	6134	0.192561
143	14	13	13	0.0144529
143	15	50256	50256	1.90735e-06
144	5	262	262	0.00457382
144	6	39522	39522	0.113763
144	7	286	286	0.00287247
144	8	1568	1568	0.136185
144	9	4795	4795	0.0325985
144	10	10752	10752	0.0343904
144	11	12153	12153	0.025094
144	12	274	274	0.0221596
144	13	13	13	0.000173569
144	14	50256	50256	7.82013e-05
145	5	319	319	0.0104237
145	6	2995	2995	0.243076
145	7	1141	1141	0.0158014
145	8	262	262	0.00337982
145	9	44695	44695	0.140428
145	10	1810	1810	0.0210676
145	11	13	13	0.000417709
145	12	50256	50256	3.8147e-06
146	5	48440	48440	0.123051
146	6	11904	11904	0.0121078
146	7	973	973	0.0258274
146	8	355	355	0.0341816
146	9	257	257	0.0205708
146	10	25721	25721	0.112133
146	11	13	13	3.24249e-05
146	12	50256	50256	5.72205e-06
147	5	319	319	0.0296478
147	6	46376	46376	0.470716
147	7	11	11	0.0214844
147	8	16083	16083	0.251766
147	9	981	981	0.0574131
147	10	262	262	0.0181141
147	11	46376	46376	0.290098
147	12	318	318	0.0220137
147	13	9583	9583	0.137374
147	14	13	13	0
147	15	50256	50256	3.8147e-06
148	5	9779	9779	0.750411
148	6	318	318	0.0152063
148	7	257	257	0.0453606
148	8	7446	7446	0.207076
148	9	8379	8379	0.0624161
148	10	326	326	0.0714197
148	11	22625	22625	0.155832
148	12	284	284	0.00595474
148	13	257	257	0.0167131
148	14	10345	10345	0.383804
148	15	1720	1720	0.0975599
148	16	13	13	0
148	17	50256	50256	3.8147e-06
149	5	1254	1254	0.0631075
149	6	3463	3463	0.0453682
149	7	1203	1203	0.181421
149	8	780	780	0.0534735
149	9	484	484	0.0714951
149	10	290	290	0.0262203
149	11	511	511	0.0777874
149	12	16807	16807	0.223169
149	13	389	389	0.0190477
149	14	17282	17282	0.0746374
149	15	7463	7463	0.0343952
149	16	1978	1978	0.0415449
149	17	13	13	0.000125885
149	18	50256	50256	1.14441e-05
150	5	262	262	0.0455675
150	6	6697	6697	0.271642
150	7	4571	4571	0.12812
150	8	422	422	0.0616808
150	9	749	749	0.345912
150	10	584	584	0.0783091
150	11	14705	14705	0.182239
150	12	287	287	0.0151939
150	13	674	674	0.0729065
150	14	6591	6591	0.0404434
150	15	1080	1080	0.0165434
150	16	13	13	0.00200081
150	17	50256	50256	1.90735e-06
151	5	287	287	0.00177956
151	6	10598	10598	0.115875
151	7	287	287	0.00094986
151	8	5846	5846	0.16608
151	9	37078	37078	0.00897598
151	10	13	13	2.67029e-05
151	11	50256	50256	1.71661e-05
152	5	9505	9505	0.0385218
152	6	379	379	0.00656605
152	7	262	262	0.000377655
152	8	5645	5645	0.492765
152	9	286	286	0.00323868
152	10	11945	11945	0.0754213
152	11	287	287	0.00606537
152	12	867	867	0.12476
152	13	24039	24039	0.0228109
152	14	13	13	1.90735e-06
152	15	50256	50256	5.72205e-06
153	5	3106	3106	1.20762
153	6	36186	36186	0.0792074
153	7	326	326	0.0138493
153	8	4909	4909	0.265971
153	9	6588	6588	0.23966
153	10	13	13	1.71661e-05
153	11	50256	50256	1.33514e-05
154	5	2630	2630	0.0263557
154	6	262	262	0.00282288
154	7	711	711	0.371302
154	8	1900	1900	0.0167313
154	9	355	355	0.0174255
154	10	383	383	0.0745029
154	11	23165	23165	0.0991678
154	12	1471	1471	0.0243874
154	13	30215	30215	0.0114088
154	14	13	13	0
154	15	50256	50256	5.72205e-06
155	5	1497	1497	0.0389547
155	6	422	422	0.00666809
155	7	262	262	0.00572014
155	8	2612	2612	0.125892
155	9	11	11	0.0023365
155	10	7692	7692	0.302385
155	11	286	286	0.0110836
155	12	663	663	0.0684986
155	13	11863	11863	0.188081
155	14	2695	2695	0.0366964
155	15	13	13	0
155	16	50256	50256	2.09808e-05
156	5	21718	21718	0.0599909
156	6	6296	6296	0.050477
156	7	1474	1474	0.0436678
156	8	6342	6342	0.138085
156	9	287	287	0.00928688
156	10	4881	4881	0.163568
156	11	13	13	0.000202179
156	12	50256	50256	5.72205e-06
157	5	257	257	0.00120735
157	6	2060	2060	0.0665092
157	7	19078	19078	0.0972223
157	8	1143	1143	0.070694
157	9	5935	5935	0.0402412
157	10	326	326	0.0201378
157	11	36319	36319	0.106869
157	12	656	656	0.0168123
157	13	4553	4553	0.179351
157	14	39966	39966	0.0554142
157	15	13	13	0
157	16	50256	50256	2.47955e-05
158	5	257	257	0.0905752
158	6	4553	4553	0.17211
158	7	13239	13239	0.0456972
158	8	422	422	0.0122232
158	9	6134	6134	0.23714
158	10	290	290	0.0101814
158	11	4695	4695	0.275108
158	12	13	13	1.14441e-05
158	13	50256	50256	1.90735e-06
159	5	881	881	0.00923061
159	6	286	286	0.00696373
159	7	21673	21673	0.533508
159	8	338	338	0.00796509
159	9	6156	6156	0.199564
159	10	26898	26898	0.0925007
159	11	4417	4417	0.0392504
159	12	13	13	7.62939e-06
159	13	50256	50256	3.8147e-06
160	5	262	262	0.00222588
160	6	1180	1180	0.0823526
160	7	4069	4069	0.0577459
160	8	286	286	0.00918007
160	9	3056	3056	0.424428
160	10	290	290	0.00667477
160	11	1660	1660	0.240985
160	12	319	319	0.0662317
160	13	7815	7815	0.225475
160	14	13	13	0.00477409
160	15	50256	50256	1.90735e-06
161	5	11	11	0.0187521
161	6	262	262	0.00692749
161	7	3825	3825	0.163717
161	8	24234	24234	0.18246
161	9	262	262	0.00323868
161	10	33258	33258	0.342943
161	11	1602	1602	0.0494137
161	12	1352	1352	0.11995
161	13	13	13	0.000230789
161	14	50256	50256	7.82013e-05
162	5	45656	45656	0.0314341
162	6	621	621	0.0242844
162	7	7424	7424	0.103596
162	8	2266	2266	0.0412912
162	9	1657	1657	0.0258017
162	10	13	13	0.00179672
162	11	50256	50256	1.90735e-05
163	5	925	925	0.0355043
163	6	510	510	0.0616837
163	7	286	286	0.017354
163	8	30362	30362	0.21947
163	9	16057	16057	0.0828161
163	10	68	68	0.0708284
163	11	13	13	0
163	12	50256	50256	5.72205e-06
164	5	3356	3356	0.0623465
164	6	286	286	0.0397358
164	7	15938	15938	0.403222
164	8	656	656	0.0255318
164	9	290	290	0.088913
164	10	503	503	0.228578
164	11	286	286	0.02981
164	12	257	257	0.0196867
164	13	2685	2685	0.180256
164	14	13	13	0
164	15	50256	50256	3.8147e-06
165	5	5732	5732	0.163408
165	6	351	351	0.111753
165	7	262	262	0.0811119
165	8	6616	6616	0.746361
165	9	286	286	0.000417709
165	10	663	663	0.0324726
165	11	2866	2866	0.421255
165	12	287	287	0.0176287
165	13	15993	15993	0.386485
165	14	12933	12933	0.032238
165	15	13	13	4.95911e-05
165	16	50256	50256	2.09808e-05
166	5	286	286	0.00268555
166	6	15317	15317	0.0788288
166	7	290	290	0.00170135
166	8	19783	19783	0.163619
166	9	13	13	1.90735e-05
166	10	50256	50256	1.90735e-06
167	5	5366	5366	0.183618
167	6	286	286	0.00282669
167	7	262	262	0.0227861
167	8	7022	7022	0.167602
167	9	286	286	0.00791359
167	10	347	347	0.466558
167	11	8553	8553	0.0660629
167	12	78	78	0.0184088
167	13	13	13	0.000980377
167	14	50256	50256	9.72748e-05
168	5	286	286	0.00665474
168	6	5186	5186	0.0288515
168	7	3877	3877	0.0145798
168	8	13	13	1.14441e-05
168	9	50256	50256	5.72205e-06
169	5	1768	1768	0.0610094
169	6	3994	3994	0.0518026
169	7	262	262	0.00540924
169	8	13204	13204	0.0761204
169	9	7532	7532	0.0308762
169	10	41927	41927	0.0195026
169	11	10680	10680	0.0139866
169	12	13	13	1.90735e-06
169	13	50256	50256	3.8147e-06
170	5	3139	3139	0.0553017
170	6	286	286	0.0017395
170	7	29638	29638	0.48199
170	8	11	11	0.0232105
170	9	2138	2138	0.0317173
170	10	621	621	0.00610924
170	11	11294	11294	0.0932674
170	12	23117	23117	0.0329313
170	13	42124	42124	0.02139
170	14	13	13	3.43323e-05
170	15	50256	50256	3.8147e-06
171	5	338	338	0.00285149
171	6	383	383	0.0469723
171	7	9467	9467	0.0532055
171	8	13274	13274	0.0576315
171	9	286	286	0.00513268
171	10	14059	14059	0.1281
171	11	3407	3407	0.0213995
171	12	24203	24203	0.0397472
171	13	29906	29906	0.0283833
171	14	13	13	3.43323e-05
171	15	50256	50256	5.72205e-06
172	5	12	12	0.0181189
172	6	2164	2164	0.996832
172	7	1328	1328	0.0933304
172	8	31513	31513	0.0774031
172	9	3881	3881	0.0717154
172	10	2219	2219	0.0991373
172	11	287	287	0.0155735
172	12	9151	9151	0.199235
172	13	291	291	0.059391
172	14	20048	20048	0.279055
172	15	13	13	0.000789642
172	16	50256	50256	1.90735e-05
173	5	1115	1115	0.223493
173	6	11954	11954	0.0521126
173	7	11	11	0.00311279
173	8	734	734	0.112279
173	9	8901	8901	0.10983
173	10	2910	2910	0.0545673
173	11	832	832	0.0237484
173	12	663	663	0.0324183
173	13	308	308	0.22513
173	14	2171	2171	0.0142813
173	15	13	13	0
173	16	50256	50256	2.47955e-05
174	5	12278	12278	0.107132
174	6	17655	17655	0.199533
174	7	1626	1626	0.0240431
174	8	15114	15114	0.0927744
174	9	393	393	0.035677
174	10	1022	1022	0.153794
174	11	257	257	0.0749826
174	12	6279	6279	0.700949
174	13	290	290	0.00789261
174	14	262	262	0.0530443
174	15	2323	2323	0.102095
174	16	13	13	0.000362396
174	17	50256	50256	3.8147e-06
175	5	39526	39526	0.397344
175	6	2877	2877	0.0706558
175	7	351	351	0.02598
175	8	257	257	0.00626945
175	9	5205	5205	0.175249
175	10	33567	33567	0.0872803
175	11	6587	6587	0.0701399
175	12	5212	5212	0.0537167
175	13	13	13	0.000440598
175	14	50256	50256	0.000102997
176	5	262	262	0.0160847
176	6	4376	4376	0.411559
176	7	3006	3006	0.0818653
176	8	286	286	0.0128078
176	9	257	257	0.0174799
176	10	23470	23470	0.100331
176	11	2512	2512	0.0775309
176	12	3328	3328	0.0383062
176	13	16882	16882	0.0311184
176	14	13	13	0.0016613
176	15	50256	50256	3.8147e-06
177	5	9417	9417	0.0484447
177	6	9136	9136	0.048667
177	7	6492	6492	0.104506
177	8	422	422	0.0107489
177	9	1728	1728	0.196717
177	10	2266	2266	0.0688896
177	11	33773	33773	0.0565701
177	12	13	13	0.00314903
177	13	50256	50256	3.8147e-06
178	5	7411	7411	0.0443029
178	6	6953	6953	0.0366001
178	7	11	11	0.00452042
178	8	11863	11863	0.237243
178	9	11	11	0.00849628
178	10	290	290	0.031002
178	11	1660	1660	0.10317
178	12	13	13	0.000204086
178	13	50256	50256	3.8147e-06
179	5	1277	1277	0.183779
179	6	511	511	0.0221977
179	7	734	734	0.0565491
179	8	2951	2951	0.123199
179	9	14799	14799	0.0314598
179	10	981	981	0.0360279
179	11	21976	21976	0.0633593
179	12	511	511	0.0163803
179	13	21334	21334	0.0450191
179	14	13	13	0
179	15	50256	50256	3.8147e-06
180	5	11	11	0.00567818
180	6	2138	2138	0.0204382
180	7	621	621	0.00749397
180	8	2458	2458	0.101271
180	9	287	287	0.0451536
180	10	663	663	0.0221214
180	11	5253	5253	0.169173
180	12	422	422	0.0222197
180	13	262	262	0.00656891
180	14	3825	3825	0.0823135
180	15	11	11	0.00772095
180	16	5640	5640	0.160744
180	17	262	262	0.00549889
180	18	7028	7028	0.0751209
180	19	13	13	1.90735e-06
180	20	50256	50256	7.62939e-06
181	5	8064	8064	0.292507
181	6	286	286	0.0018158
181	7	257	257	0.0324364
181	8	48862	48862	0.291945
181	9	485	485	0.0360279
181	10	272	272	0.0558786
181	11	9197	9197	0.168985
181	12	338	338	0.0233316
181	13	38447	38447	0.516181
181	14	284	284	0.00833702
181	15	663	663	0.0367489
181	16	14753	14753	0.291358
181	17	13	13	3.43323e-05
181	18	50256	50256	3.05176e-05
182	5	874	874	0.114763
182	6	287	287	0.031436
182	7	262	262	0.00209427
182	8	8434	8434	0.0916214
182	9	1027	1027	0.0826578
182	10	1037	1037	0.0780563
182	11	4886	4886	0.0593224
182	12	13179	13179	0.0783253
182	13	286	286	0.025526
182	14	262	262	0.0038662
182	15	1182	1182	0.111689
182	16	13	13	0.000646591
182	17	50256	50256	3.8147e-06
183	5	1262	1262	0.0306139
183	6	14091	14091	0.0612288
183	7	7572	7572	0.0583334
183	8	319	319	0.0246067
183	9	24012	24012	0.159781
183	10	458	458	0.0579834
183	11	34387	34387	0.0195065
183	12	13	13	0
183	13	50256	50256	5.72205e-06
184	5	3463	3463	0.0711393
184	6	318	318	0.0300493
184	7	262	262	0.00878906
184	8	29973	29973	0.115335
184	9	2700	2700	0.0506248
184	10	7205	7205	0.149313
184	11	319	319	0.0141296
184	12	281	281	0.0311394
184	13	2134	2134	0.0647516
184	14	13	13	0.0288334
184	15	50256	50256	3.8147e-06
185	5	7475	7475	0.0149632
185	6	11	11	0.0338221
185	7	355	355	0.12356
185	8	618	618	0.195165
185	9	466	466	0.264172
185	10	407	407	0.0329876
185	11	4329	4329	0.157879
185	12	836	836	0.0279655
185	13	470	470	0.0135527
185	14	13	13	0.00025177
185	15	50256	50256	1.90735e-06
186	5	19700	19700	0.154806
186	6	6588	6588	0.0119162
186	7	378	378	0.0673914
186	8	21622	21622	0.0840502
186	9	13	13	0.00185204
186	10	50256	50256	1.52588e-05
187	5	18405	18405	0.0999689
187	6	284	284	0.0154057
187	7	2222	2222	0.683009
187	8	15619	15619	0.0371695
187	9	1657	1657	0.0209322
187	10	284	284	0.0232067
187	11	257	257	0.00426102
187	12	2962	2962	0.117821
187	13	13	13	0.00126457
187	14	50256	50256	0.000108719
188	5	14310	14310	0.659824
188	6	287	287	0.0167751
188	7	8122	8122	0.13378
188	8	284	284	0.0144596
188	9	7603	7603	0.640548
188	10	1771	1771	0.0815029
188	11	257	257	0.0039444
188	12	4417	4417	0.054101
188	13	318	318	0.00891399
188	14	1241	1241	0.195825
188	15	13	13	0
188	16	50256	50256	2.09808e-05
189	5	262	262	0.00708771
189	6	19517	19517	0.10647
189	7	6896	6896	0.0200424
189	8	351	351	0.0153599
189	9	262	262	0.0020752
189	10	2297	2297	0.181725
189	11	6896	6896	0.0229359
189	12	13	13	0.0162907
189	13	50256	50256	3.8147e-06
190	5	269	269	0.0911741
190	6	8325	8325	0.0527363
190	7	298	298	0.0425758
190	8	13100	13100	0.0905008
190	9	290	290	0.0451479
190	10	318	318	0.0690956
190	11	4318	4318	0.259097
190	12	284	284	0.0234613
190	13	10469	10469	0.127641
190	14	16585	16585	0.0457592
190	15	13	13	5.72205e-06
190	16	50256	50256	2.28882e-05
191	5	3793	3793	0.0433359
191	6	284	284	0.00506401
191	7	9161	9161	0.164014
191	8	1613	1613	0.0221643
191	9	1692	1692	0.0802746
191	10	14515	14515	0.0277739
191	11	13	13	0
191	12	50256	50256	7.62939e-06
192	5	15715	15715	0.0412502
192	6	621	621	0.0227909
192	7	8122	8122	0.0802116
192	8	1660	1660	0.0769672
192	9	11	11	0.0321236
192	10	523	523	0.119253
192	11	340	340	0.0393543
192	12	36016	36016	0.0459127
192	13	13	13	1.90735e-06
192	14	50256	50256	8.01086e-05
193	5	9518	9518	0.0122004
193	6	11447	11447	0.0105667
193	7	10717	10717	0.0150185
193	8	13	13	0.00269699
193	9	50256	50256	5.72205e-06
194	5	656	656	0.002985
194	6	257	257	0.00291634
194	7	4735	4735	0.0129042
194	8	13	13	0.000307083
194	9	50256	50256	5.72205e-06
195	5	262	262	0.00443077
195	6	779	779	0.217309
195	7	286	286	0.00776482
195	8	1657	1657	0.0926838
195	9	290	290	0.0454998
195	10	9082	9082	0.566854
195	11	287	287	0.00934601
195	12	5874	5874	0.183846
195	13	1242	1242	0.0551329
195	14	13	13	0
195	15	50256	50256	5.72205e-06
196	5	6115	6115	0.0336552
196	6	355	355	0.0108204
196	7	257	257	0.00531197
196	8	27216	27216	0.0800571
196	9	875	875	0.0890036
196	10	16912	16912	0.0556164
196	11	13	13	7.62939e-06
196	12	50256	50256	5.72205e-06
197	5	373	373	0.0449982
197	6	257	257	0.0154648
197	7	4960	4960	0.248395
197	8	6761	6761	0.121425
197	9	286	286	0.0134773
197	10	21641	21641	0.275229
197	11	290	290	0.0251684
197	12	4898	4898	0.179379
197	13	9967	9967	0.054966
197	14	20842	20842	0.0218849
197	15	13	13	1.90735e-06
197	16	50256	50256	1.71661e-05
198	5	290	290	0.0070591
198	6	2314	2314	0.0822248
198	7	47933	47933	0.0314732
198	8	832	832	0.00532913
198	9	257	257	0.0008564
198	10	2818	2818	0.117774
198	11	17076	17076	0.0414639
198	12	13	13	0
198	13	50256	50256	3.8147e-06
199	5	11945	11945	0.0314531
199	6	1978	1978	0.0391922
199	7	379	379	0.048069
199	8	867	867	0.138398
199	9	24039	24039	0.0179358
199	10	13	13	0.000419617
199	11	50256	50256	1.52588e-05
200	5	1022	1022	0.0304384
200	6	262	262	0.0115509
200	7	37015	37015	0.533418
200	8	286	286	0.0189838
200	9	8706	8706	0.124473
200	10	290	290	0.00498009
200	11	22721	22721	0.475757
200	12	13	13	0.000867844
200	13	50256	50256	3.8147e-06
201	5	8850	8850	0.315403
201	6	5405	5405	0.108774
201	7	621	621	0.0644302
201	8	832	832	0.127332
201	9	257	257	0.128803
201	10	17076	17076	0.130254
201	11	13	13	0
201	12	50256	50256	7.62939e-06
202	5	257	8850	0.96371
202	6	20831	20831	1.07963
202	7	15283	15283	0.0507603
202	8	9290	9290	0.0793285
202	9	4143	4143	0.0868034
202	10	12073	12073	0.0538616
202	11	663	663	0.00669861
202	12	3833	3833	0.197057
202	13	13	13	0.00343895
202	14	50256	50256	7.24792e-05
203	5	44653	44653	0.310697
203	6	389	389	0.0491209
203	7	34262	34262	0.0974321
203	8	878	878	0.0680161
203	9	511	511	0.116821
203	10	15061	15061	0.101943
203	11	36402	36402	0.0449924
203	12	1280	1280	0.0186987
203	13	13	13	1.90735e-06
203	14	50256	50256	9.15527e-05
204	5	329	329	0.0287933
204	6	262	262	0.00683022
204	7	3491	3491	0.100802
204	8	12	12	0.059453
204	9	16760	16760	0.439347
204	10	13888	13888	0.11714
204	11	286	286	0.0242825
204	12	663	663	0.0646477
204	13	8234	8234	0.281589
204	14	17894	17894	0.0339794
204	15	13	13	0
204	16	50256	50256	1.71661e-05
205	5	10396	10396	0.0722713
205	6	12610	12610	0.0605583
205	7	6143	6143	0.0612812
205	8	27452	27452	0.0691195
205	9	1321	1321	0.0389128
205	10	1231	1231	0.0482578
205	11	12948	12948	0.10399
205	12	1176	1176	0.0297165
205	13	13	13	0
205	14	50256	50256	8.58307e-05
206	5	12091	12091	0.0498047
206	6	21566	21566	0.0332127
206	7	260	260	0.0373106
206	8	739	739	0.0313501
206	9	262	262	0.00807571
206	10	3112	3112	0.177831
206	11	1438	1438	0.0427666
206	12	4424	4424	0.0420275
206	13	11751	11751	0.0265245
206	14	7459	7459	0.0177565
206	15	13	13	3.24249e-05
206	16	50256	50256	1.90735e-05
207	5	1863	1863	0.0474758
207	6	262	262	0.00769806
207	7	8830	8830	0.319001
207	8	1735	1735	0.0798082
207	9	286	286	0.00280952
207	10	2520	2520	0.440476
207	11	2253	2253	0.0240946
207	12	13	13	8.39233e-05
207	13	50256	50256	3.62396e-05
208	5	257	257	0.101051
208	6	31607	31607	0.348105
208	7	8122	8122	0.0437908
208	8	5732	5732	0.111588
208	9	351	351	0.0211563
208	10	6795	6795	0.232619
208	11	13	13	0.000850677
208	12	50256	50256	3.8147e-06
209	5	3139	3139	0.017581
209	6	1748	1748	0.0213051
209	7	286	286	0.0024662
209	8	16519	16519	0.10708
209	9	13	13	0.0035553
209	10	50256	50256	3.8147e-06
210	5	379	379	0.074687
210	6	262	262	0.0648565
210	7	3641	3641	0.329513
210	8	286	286	0.0021286
210	9	674	674	0.0624599
210	10	6591	6591	0.0195503
210	11	1080	1080	0.0207968
210	12	13	13	0.000352859
210	13	50256	50256	3.8147e-06
211	5	4025	4025	0.229145
211	6	2010	2010	0.0637569
211	7	2700	2700	0.112076
211	8	11073	11073	0.214714
211	9	257	257	0.0103149
211	10	4025	4025	0.378168
211	11	20309	20309	0.153234
211	12	13	13	0.00489998
211	13	50256	50256	4.3869e-05
212	5	4656	4656	0.0330734
212	6	468	468	0.0246668
212	7	6697	6697	0.0969076
212	8	6698	6698	0.0970058
212	9	3025	3025	0.0821886
212	10	3815	3815	0.064538
212	11	751	751	0.0545273
212	12	284	284	0.00917149
212	13	3598	3598	0.258993
212	14	13	13	0.000391006
212	15	50256	50256	3.8147e-06
213	5	262	262	0.00435066
213	6	1138	1138	0.109394
213	7	37670	37670	0.0295124
213	8	1042	1042	0.0213575
213	9	286	286	0.00613976
213	10	30498	30498	0.150313
213	11	13	13	0
213	12	50256	50256	5.72205e-06
214	5	16662	16662	0.0565901
214	6	284	284	0.0021534
214	7	24949	24949	0.0600042
214	8	290	290	0.00258064
214	9	28436	28436	0.150083
214	10	2057	2057	0.00912762
214	11	13	13	0.000923157
214	12	50256	50256	5.72205e-06
215	5	4257	4257	0.281201
215	6	9106	9106	0.0505152
215	7	316	316	0.0627117
215	8	16982	16982	0.128603
215	9	4879	4879	0.0507574
215	10	286	286	0.00806427
215	11	9403	9403	0.104556
215	12	6134	6134	0.0620079
215	13	13	13	6.10352e-05
215	14	50256	50256	7.05719e-05
216	5	318	318	0.00600815
216	6	262	262	0.0138397
216	7	4417	4417	0.0691147
216	8	4067	4067	0.118569
216	9	3264	3264	0.0861034
216	10	2029	2029	0.0755129
216	11	663	663	0.00753021
216	12	2962	2962	0.093339
216	13	13	13	0.00138855
216	14	50256	50256	8.39233e-05
217	5	318	318	0.0215225
217	6	9086	9086	0.0913029
217	7	1022	1022	0.11473
217	8	16256	16256	0.234309
217	9	290	290	0.0164137
217	10	46117	46117	0.20871
217	11	968	968	0.118491
217	12	22777	22777	0.141827
217	13	13	13	0
217	14	50256	50256	2.67029e-05
218	5	981	981	0.0231962
218	6	8868	8868	0.0476904
218	7	23822	23822	0.0215492
218	8	1022	1022	0.0114117
218	9	606	606	0.0339975
218	10	13	13	0.000141144
218	11	50256	50256	1.52588e-05
219	5	8811	8811	0.0365372
219	6	925	925	0.0257015
219	7	422	422	0.0106831
219	8	22365	22365	0.101642
219	9	388	388	0.0306463
219	10	17135	17135	0.0599089
219	11	5026	5026	0.0553303
219	12	47196	47196	0.0785551
219	13	13	13	0
219	14	50256	50256	0.000104904
220	5	780	780	0.0221252
220	6	484	484	0.0473728
220	7	389	389	0.0450869
220	8	19346	19346	0.129157
220	9	621	621	0.00949097
220	10	262	262	0.0102024
220	11	7346	7346	0.136834
220	12	6591	6591	0.0644655
220	13	4417	4417	0.117728
220	14	13	13	6.29425e-05
220	15	50256	50256	3.8147e-06
221	5	262	262	0.00261497
221	6	8434	8434	0.0838223
221	7	21405	21405	0.0806856
221	8	286	286	0.000711441
221	9	1728	1728	0.148833
221	10	7150	7150	0.0474081
221	11	13	13	0.000688553
221	12	50256	50256	5.72205e-06
222	5	2187	2187	0.130796
222	6	287	287	0.0104046
222	7	10801	10801	0.268055
222	8	290	290	0.0119095
222	9	12070	12070	0.230884
222	10	284	284	0.012001
222	11	4439	4439	0.129477
222	12	3056	3056	0.1447
222	13	13	13	4.00543e-05
222	14	50256	50256	5.34058e-05
223	5	395	395	0.0314741
223	6	563	563	0.0451765
223	7	28539	28539	0.065238
223	8	2995	2995	0.111173
223	9	7346	7346	0.0688086
223	10	262	262	0.00397491
223	11	19636	19636	0.205795
223	12	29179	29179	0.0457792
223	13	286	286	0.00486755
223	14	4492	4492	0.0728493
223	15	13	13	1.90735e-06
223	16	50256	50256	2.09808e-05
224	5	9565	9565	0.0952339
224	6	832	832	0.0149918
224	7	35115	35115	0.111741
224	8	13	13	0.000135422
224	9	50256	50256	5.72205e-06
225	5	16824	16824	0.298921
225	6	262	262	0.0085125
225	7	2159	2159	0.193955
225	8	287	287	0.00091362
225	9	412	412	0.430008
225	10	14400	14400	0.0454655
225	11	12579	12579	0.0441084
225	12	5679	5679	0.0322237
225	13	1380	1380	0.0421467
225	14	576	576	0.0388899
225	15	292	292	0.108006
225	16	376	376	0.0375128
225	17	10332	10332	0.028367
225	18	13	13	6.86646e-05
225	19	50256	50256	2.47955e-05
226	5	257	257	0.0244236
226	6	3288	3288	0.120266
226	7	18645	18645	0.0459223
226	8	1022	1022	0.0204372
226	9	4881	4881	0.242529
226	10	290	290	0.00806808
226	11	8602	8602	0.32162
226	12	13	13	0.000143051
226	13	50256	50256	3.8147e-06
227	5	1296	1296	0.0384293
227	6	618	618	0.0414143
227	7	27163	27163	0.593877
227	8	13166	13166	0.060256
227	9	1716	1716	0.0680208
227	10	16001	16001	0.0865364
227	11	276	276	0.0206127
227	12	290	290	0.00868416
227	13	20534	20534	0.317198
227	14	276	276	0.0569267
227	15	1978	1978	0.0670176
227	16	13	13	1.33514e-05
227	17	50256	50256	1.90735e-06
228	5	5931	5931	0.0238104
228	6	4847	4847	0.0891066
228	7	287	287	0.00418854
228	8	1502	1502	0.138909
228	9	286	286	0.00113106
228	10	3649	3649	0.13156
228	11	17226	17226	0.0467205
228	12	1271	1271	0.0183449
228	13	13	13	5.72205e-06
228	14	50256	50256	4.3869e-05
229	5	1141	1141	0.0183277
229	6	262	262	0.00369453
229	7	3227	3227	0.0712271
229	8	286	286	0.00477028
229	9	18391	18391	0.17413
229	10	4778	4778	0.00797272
229	11	13	13	0.000125885
229	12	50256	50256	5.72205e-06
230	5	5931	5931	0.0293493
230	6	33543	33543	0.0575762
230	7	290	290	0.011364
230	8	6149	6149	0.252788
230	9	5387	5387	0.0589046
230	10	15121	15121	0.0342541
230	11	8573	8573	0.0287437
230	12	13	13	0
230	13	50256	50256	3.8147e-06
231	5	287	287	0.0502529
231	6	281	281	0.107443
231	7	26433	26433	0.112901
231	8	338	338	0.0108948
231	9	7446	7446	0.244823
231	10	8379	8379	0.0804806
231	11	13	13	0.0030632
231	12	50256	50256	7.62939e-06
232	5	45656	45656	0.00702572
232	6	621	621	0.00890827
232	7	7424	7424	0.0750055
232	8	45725	45725	0.0320454
232	9	1657	1657	0.0132818
232	10	13	13	0.00034523
232	11	50256	50256	1.90735e-05
233	5	422	422	0.0493469
233	6	11135	11135	0.117252
233	7	3812	3812	0.0571623
233	8	262	262	0.00909615
233	9	6727	6727	0.449791
233	10	3354	3354	0.0738487
233	11	286	286	0.0218029
233	12	257	257	0.0561142
233	13	4618	4618	0.139675
233	14	13	13	0.0322762
233	15	50256	50256	5.72205e-06
234	5	11	11	0.00789833
234	6	511	511	0.039793
234	7	781	781	0.261958
234	8	16415	16415	0.0611544
234	9	43855	43855	0.0429583
234	10	606	606	0.0227623
234	11	21258	21258	0.167167
234	12	13	13	0
234	13	50256	50256	7.62939e-06
235	5	338	338	0.00955677
235	6	10861	10861	0.157413
235	7	49831	49831	0.0406532
235	8	560	560	0.0349684
235	9	9335	9335	0.0593281
235	10	373	373	0.0385199
235	11	4624	4624	0.0657864
235	12	625	625	0.0306425
235	13	465	465	0.0984993
235	14	285	285	0.0971422
235	15	13929	13929	0.0409765
235	16	1431	1431	0.0460005
235	17	1182	1182	0.0472183
235	18	13	13	0
235	19	50256	50256	1.71661e-05
236	5	5752	5752	0.173646
236	6	24139	24139	0.0325041
236	7	1626	1626	0.0138044
236	8	257	257	0.011385
236	9	50126	50126	0.212789
236	10	6831	6831	0.0453234
236	11	3084	3084	0.0478277
236	12	13	13	0
236	13	50256	50256	5.72205e-06
237	5	2168	2168	0.413825
237	6	6673	6673	0.0248737
237	7	511	511	0.0136099
237	8	4180	4180	0.0970154
237	9	1817	1817	0.0306463
237	10	13	13	9.53674e-06
237	11	50256	50256	1.52588e-05
238	5	379	379	0.019743
238	6	393	393	0.10023
238	7	1474	1474	0.129929
238	8	3668	3668	0.0445681
238	9	338	338	0.00864983
238	10	4417	4417	0.0435743
238	11	13	13	0.00182343
238	12	50256	50256	5.72205e-06
239	5	23426	23426	0.0499897
239	6	6007	6007	0.0368013
239	7	286	286	0.00578499
239	8	12605	12605	0.388033
239	9	13232	13232	0.0300274
239	10	5474	5474	0.0181007
239	11	13	13	9.72748e-05
239	12	50256	50256	5.72205e-06
240	5	1366	1366	0.113185
240	6	523	523	0.0769663
240	7	326	326	0.0581608
240	8	5100	5100	0.163895
240	9	1895	1895	0.0768938
240	10	460	460	0.0372028
240	11	307	307	0.112023
240	12	5443	5443	0.0560188
240	13	13	13	0.00246429
240	14	50256	50256	9.72748e-05
241	5	636	636	0.130894
241	6	286	286	0.0177174
241	7	262	262	0.0466185
241	8	4865	4865	0.466251
241	9	1022	1022	0.0391922
241	10	3340	3340	0.0699053
241	11	290	290	0.0117664
241	12	262	262	0.0101204
241	13	1578	1578	0.0833979
241	14	1829	1829	0.0338001
241	15	13	13	0
241	16	50256	50256	2.09808e-05
242	5	286	286	0.00152016
242	6	14807	14807	0.130859
242	7	287	287	0.00123787
242	8	21199	21199	0.131152
242	9	7229	7229	0.00555515
242	10	13	13	0
242	11	50256	50256	1.33514e-05
243	5	262	262	0.00157547
243	6	16936	16936	0.21779
243	7	1900	1900	0.0269918
243	8	3491	3491	0.0452347
243	9	284	284	0.0123453
243	10	262	262	0.000276566
243	11	3825	3825	0.0640383
243	12	13	13	1.90735e-06
243	13	50256	50256	4.95911e-05
244	5	5400	5400	0.0467634
244	6	287	287	0.00292015
244	7	511	511	0.0241737
244	8	30772	30772	0.0485964
244	9	13	13	0
244	10	50256	50256	1.90735e-06
245	5	3154	3154	0.498522
245	6	5667	5667	0.055068
245	7	379	379	0.0349131
245	8	262	262	0.00659943
245	9	1660	1660	0.150756
245	10	338	338	0.0361376
245	11	4417	4417	0.111615
245	12	13	13	4.57764e-05
245	13	50256	50256	3.8147e-06
246	5	1864	1864	0.0419741
246	6	284	284	0.00655556
246	7	511	511	0.176682
246	8	12213	12213	0.146878
246	9	351	351	0.0441818
246	10	3867	3867	0.220404
246	11	290	290	0.0303707
246	12	31607	31607	0.2884
246	13	21164	21164	0.0371428
246	14	13	13	0
246	15	50256	50256	5.72205e-06
247	5	329	329	0.0590763
247	6	496	496	0.164666
247	7	2354	2354	0.0314436
247	8	257	257	0.00177193
247	9	35881	35881	0.0909033
247	10	389	389	0.0119724
247	11	4048	4048	0.0785217
247	12	13	13	0.000234604
247	13	50256	50256	3.8147e-06
248	5	262	262	0.00739098
248	6	4898	4898	0.0992327
248	7	7972	7972	0.0507135
248	8	1641	1641	0.0466003
248	9	3805	3805	0.0277796
248	10	663	663	0.00987816
248	11	1877	1877	0.133838
248	12	7881	7881	0.0169029
248	13	13	13	2.67029e-05
248	14	50256	50256	0.000118256
249	5	511	511	0.0226727
249	6	2057	2057	0.0576582
249	7	7525	7525	0.0553608
249	8	416	416	0.018116
249	9	6600	6600	0.0827131
249	10	584	584	0.0365248
249	11	4695	4695	0.0734615
249	12	13	13	3.8147e-06
249	13	50256	50256	1.90735e-06
250	5	15772	15772	0.0687046
250	6	7386	7386	0.0298729
250	7	3891	3891	0.0376921
250	8	656	656	0.013814
250	9	6101	6101	0.17485
250	10	9405	9405	0.0160198
250	11	13	13	0.000366211
250	12	50256	50256	7.62939e-06
251	5	318	318	0.0191698
251	6	4055	4055	0.249039
251	7	276	276	0.0181885
251	8	287	287	0.00524521
251	9	281	281	0.023428
251	10	11557	11557	0.0523109
251	11	1080	1080	0.00827885
251	12	13	13	0
251	13	50256	50256	3.8147e-06
252	5	257	257	0.00460243
252	6	4553	4553	0.101192
252	7	18480	18480	0.0547543
252	8	3108	3108	0.0383139
252	9	329	329	0.0420694
252	10	1123	1123	0.0925531
252	11	4151	4151	0.204796
252	12	13	13	0.000291824
252	13	50256	50256	3.8147e-06
253	5	973	973	0.0250759
253	6	2116	2116	0.0891781
253	7	12	12	0.0103703
253	8	634	634	0.266319
253	9	27554	27554	0.036809
253	10	284	284	0.00309372
253	11	7301	7301	0.324931
253	12	607	607	0.062706
253	13	1204	1204	0.0621023
253	14	290	290	0.00465775
253	15	5369	5369	0.0672073
253	16	13	13	0
253	17	50256	50256	3.8147e-06
254	5	11904	11904	0.03053
254	6	326	326	0.0309086
254	7	1663	1663	0.0958281
254	8	2641	2641	0.0841074
254	9	262	262	0.0217113
254	10	37185	37185	0.204918
254	11	286	286	0.0160246
254	12	1232	1232	0.172428
254	13	2454	2454	0.0363588
254	14	6134	6134	0.0440083
254	15	13	13	0.000213623
254	16	50256	50256	7.62939e-06
255	5	3491	3491	0.034606
255	6	287	287	0.00755119
255	7	3668	3668	0.0234423
255	8	338	338	0.0135288
255	9	1755	1755	0.283455
255	10	6766	6766	0.0777369
255	11	618	618	0.0840979
255	12	9569	9569	0.0674715
255	13	416	416	0.00865936
255	14	4156	4156	0.170105
255	15	5874	5874	0.078145
255	16	22204	22204	0.0453138
255	17	13	13	1.90735e-06
255	18	50256	50256	9.53674e-06
256	5	16968	16968	0.0743437
256	6	11	11	0.0125542
256	7	3584	3584	0.337912
256	8	617	617	0.0684452
256	9	5696	5696	0.0803699
256	10	17438	17438	0.0609827
256	11	10338	10338	0.0504885
256	12	625	625	0.0203972
256	13	1728	1728	0.115767
256	14	5951	5951	0.05474
256	15	16069	16069	0.026804
256	16	13	13	1.90735e-06
256	17	50256	50256	1.90735e-06
257	5	12	12	0.02388
257	6	7784	7784	0.876661
257	7	29984	29984	0.0644207
257	8	1043	1043	0.0429382
257	9	287	287	0.0114107
257	10	5044	5044	0.123136
257	11	4778	4778	0.0626869
257	12	13	13	3.8147e-06
257	13	50256	50256	3.8147e-06
258	5	324	324	0.164356
258	6	2627	2627	0.0643559
258	7	262	262	0.00345802
258	8	717	717	0.138367
258	9	1893	1893	0.0387297
258	10	286	286	0.00117874
258	11	3794	3794	0.173231
258	12	287	287	0.0131798
258	13	11445	11445	0.118497
258	14	13	13	9.53674e-06
258	15	50256	50256	5.72205e-06
259	5	422	422	0.0123215
259	6	543	543	0.0883055
259	7	749	749	0.0897551
259	8	1660	1660	0.0573788
259	9	290	290	0.0225544
259	10	7545	7545	0.162321
259	11	1540	1540	0.0861511
259	12	2340	2340	0.0363903
259	13	423	423	0.0881023
259	14	587	587	0.371224
259	15	4615	4615	0.0512953
259	16	13	13	0.00351429
259	17	50256	50256	1.90735e-06
260	5	422	422	0.0103054
260	6	826	826	0.0761337
260	7	284	284	0.0085392
260	8	1364	1364	0.0379353
260	9	13	13	3.05176e-05
260	10	50256	50256	3.8147e-06
261	5	286	286	0.00336266
261	6	867	867	0.0683231
261	7	1402	1402	0.0798941
261	8	12734	12734	0.0896339
261	9	11856	11856	0.0602722
261	10	1978	1978	0.0297985
261	11	13	13	0.00912857
261	12	50256	50256	3.8147e-06
262	5	3917	3917	0.0325203
262	6	351	351	0.00285339
262	7	262	262	0.00606918
262	8	4960	4960	0.15258
262	9	6260	6260	0.0570745
262	10	1001	1001	0.083807
262	11	72	72	0.0859957
262	12	911	911	0.2112
262	13	261	261	0.0799799
262	14	1840	1840	0.174022
262	15	13	13	0
262	16	50256	50256	9.53674e-06
263	5	558	558	0.0367451
263	6	504	504	0.0258169
263	7	351	351	0.0237045
263	8	6466	6466	0.310219
263	9	276	276	0.0354805
263	10	21755	21755	0.0941496
263	11	290	290	0.00745869
263	12	7097	7097	0.169109
263	13	25612	25612	0.0307093
263	14	13	13	3.24249e-05
263	15	50256	50256	3.8147e-06
264	5	3356	3356	0.0560894
264	6	1863	1863	0.0536118
264	7	31025	31025	0.080512
264	8	287	287	0.000696182
264	9	3668	3668	0.0869951
264	10	338	338	0.0129013
264	11	20048	20048	0.37307
264	12	13	13	1.90735e-06
264	13	50256	50256	3.8147e-06
265	5	318	318	0.0517635
265	6	29679	29679	0.154552
265	7	11	11	0.0107288
265	8	543	543	0.0669422
265	9	14582	14582	0.0746155
265	10	1973	1973	0.00817776
265	11	1811	1811	0.22061
265	12	14807	14807	0.0497036
265	13	13	13	0.00105095
265	14	50256	50256	3.05176e-05
266	5	33274	33274	0.0280209
266	6	468	468	0.00972843
266	7	27913	27913	0.0438271
266	8	1744	1744	0.0244875
266	9	3815	3815	0.0146074
266	10	329	329	0.0273285
266	11	1123	1123	0.0523043
266	12	16839	16839	0.164637
266	13	13	13	0.00297356
266	14	50256	50256	4.19617e-05
267	5	1022	1022	0.0284891
267	6	262	262	0.00595665
267	7	2910	2910	0.135306
267	8	290	290	0.0092659
267	9	7346	7346	0.362085
267	10	21379	21379	0.0304146
267	11	13	13	0.00299072
267	12	50256	50256	7.62939e-06
268	5	13042	13042	0.0822544
268	6	16524	16524	0.0756416
268	7	287	287	0.0119658
268	8	8150	8150	0.164315
268	9	82	82	0.0529995
268	10	13	13	0.00161171
268	11	50256	50256	1.33514e-05
269	5	8701	8701	0.221868
269	6	1641	1641	0.0915861
269	7	3805	3805	0.0465355
269	8	663	663	0.0116892
269	9	4898	4898	0.282672
269	10	88	88	0.0727758
269	11	21552	21552	0.220459
269	12	13	13	0.000144958
269	13	50256	50256	5.72205e-06
270	5	10451	10451	0.351341
270	6	552	552	0.0707684
270	7	1769	1769	0.103246
270	8	257	257	0.00366783
270	9	1988	1988	0.127674
270	10	422	422	0.0249414
270	11	584	584	0.0654278
270	12	3815	3815	0.0627642
270	13	393	393	0.046669
270	14	14700	14700	0.118598
270	15	13	13	0
270	16	50256	50256	2.09808e-05
271	5	618	618	0.0496664
271	6	340	340	0.0753603
271	7	468	468	0.127481
271	8	257	257	0.0342627
271	9	7515	7515	0.269161
271	10	1863	1863	0.0380096
271	11	281	281	0.038806
271	12	2134	2134	0.0895338
271	13	338	338	0.0310917
271	14	29358	29358	0.29135
271	15	13	13	0.000118256
271	16	50256	50256	1.33514e-05
272	5	663	663	0.00325203
272	6	22421	22421	0.0598288
272	7	981	981	0.0330238
272	8	23934	23934	0.0755129
272	9	262	262	0.00247002
272	10	20016	20016	0.181718
272	11	1022	1022	0.0172148
272	12	606	606	0.0537672
272	13	13	13	0.000278473
272	14	50256	50256	8.39233e-05
273	5	5667	5667	0.0640621
273	6	8811	8811	0.0948095
273	7	3417	3417	0.0831594
273	8	355	355	0.0163155
273	9	25209	25209	0.0625839
273	10	13	13	2.09808e-05
273	11	50256	50256	9.53674e-06
274	5	3601	3601	0.0534105
274	6	540	540	0.0584764
274	7	7128	7128	0.058157
274	8	5241	5241	0.057538
274	9	416	416	0.0102673
274	10	7720	7720	0.192608
274	11	656	656	0.02384
274	12	257	257	0.00968933
274	13	4417	4417	0.0420094
274	14	13	13	0
274	15	50256	50256	5.72205e-06
275	5	4909	4909	0.0315504
275	6	27253	27253	0.0671539
275	7	11945	11945	0.01686
275	8	13	13	0
275	9	50256	50256	5.72205e-06
276	5	530	530	0.235872
276	6	6588	6588	0.0912704
276	7	22037	22037	0.184529
276	8	290	290	0.014884
276	9	734	734	0.217249
276	10	11863	11863	0.0959549
276	11	23235	23235	0.157756
276	12	13	13	0.000131607
276	13	50256	50256	5.72205e-06
277	5	48159	48159	0.0117998
277	6	2094	2094	0.0181656
277	7	2264	2264	0.0151539
277	8	844	844	0.017849
277	9	1258	1258	0.0139923
277	10	319	319	0.0196486
277	11	465	465	0.0302773
277	12	17545	17545	0.0719519
277	13	13	13	0.00112724
277	14	50256	50256	3.8147e-05
278	5	1657	1657	0.0195761
278	6	284	284	0.0162868
278	7	3151	3151	0.118338
278	8	262	262	0.00219727
278	9	2939	2939	0.0777988
278	10	12694	12694	0.0413322
278	11	329	329	0.0166245
278	12	517	517	0.0300665
278	13	640	640	0.0778408
278	14	13	13	0.000247955
278	15	50256	50256	3.8147e-06
279	5	47969	47969	0.435538
279	6	11	11	0.011919
279	7	730	730	0.262106
279	8	335	335	0.0623636
279	9	82	82	0.0344152
279	10	1845	1845	0.115783
279	11	11	11	0.0190887
279	12	290	290	0.0367689
279	13	285	285	0.210251
279	14	3970	3970	0.124696
279	15	21622	21622	0.0817614
279	16	13	13	0.00025177
279	17	50256	50256	3.8147e-06
280	5	422	422	0.0115032
280	6	11527	11527	0.11208
280	7	45926	45926	0.0881701
280	8	11	11	0.0145378
280	9	981	981	0.0833139
280	10	29049	29049	0.0840616
280	11	363	363	0.0530205
280	12	76	76	0.142774
280	13	2737	2737	0.239266
280	14	1663	1663	0.0409889
280	15	18644	18644	0.0727596
280	16	422	422	0.0213299
280	17	11527	11527	0.0614471
280	18	18570	18570	0.0355835
280	19	13	13	0.000455856
280	20	50256	50256	7.62939e-06
281	5	16697	16697	0.238214
281	6	262	262	0.015316
281	7	1767	1767	0.109719
281	8	338	338	0.0217247
281	9	1660	1660	0.293595
281	10	290	290	0.0458422
281	11	8268	8268	0.574309
281	12	5236	5236	0.0338478
281	13	13	13	9.53674e-06
281	14	50256	50256	8.01086e-05
282	5	1936	1936	0.0476847
282	6	16021	16021	0.0515318
282	7	3951	3951	0.0632629
282	8	13	13	0.00220108
282	9	50256	50256	1.33514e-05
283	5	1573	1573	0.389938
283	6	351	351	0.145557
283	7	257	257	0.0487404
283	8	3616	3616	0.828647
283	9	2092	2092	0.111345
283	10	284	284	0.0382328
283	11	326	326	0.305429
283	12	286	286	0.143649
283	13	1194	1194	0.146648
283	14	1573	1573	0.194742
283	15	13	13	0.0130577
283	16	50256	50256	1.71661e-05
284	5	11	11	0.0147324
284	6	262	262	0.0152054
284	7	11087	11087	0.465854
284	8	18333	18333	0.0276451
284	9	286	286	0.0153084
284	10	257	257	0.0211029
284	11	22950	22950	0.400774
284	12	751	751	0.0463552
284	13	284	284	0.00665283
284	14	11546	11546	0.145527
284	15	7370	7370	0.0331383
284	16	13	13	1.90735e-06
284	17	50256	50256	3.8147e-06
285	5	262	262	0.00442314
285	6	1767	1767	0.0287743
285	7	416	416	0.00829506
285	8	10427	10427	0.322749
285	9	319	319	0.0108109
285	10	11945	11945	0.0433874
285	11	13	13	0.000778198
285	12	50256	50256	5.72205e-06
286	5	1487	1487	0.125657
286	6	262	262	0.00608444
286	7	4571	4571	0.0361919
286	8	287	287	0.0170269
286	9	543	543	0.0695333
286	10	257	257	0.0107527
286	11	17182	17182	0.194256
286	12	8991	8991	0.0390606
286	13	2700	2700	0.0355721
286	14	13	13	0.000894547
286	15	50256	50256	3.8147e-06
287	5	422	422	0.0196428
287	6	262	262	0.00775814
287	7	9151	9151	0.0992689
287	8	981	981	0.109749
287	9	4305	4305	0.0766764
287	10	749	749	0.118785
287	11	26306	26306	0.0674496
287	12	37056	37056	0.0358562
287	13	2157	2157	0.0232401
287	14	13	13	1.90735e-06
287	15	50256	50256	3.8147e-06
288	5	9149	9149	0.0469646
288	6	326	326	0.020236
288	7	24624	24624	0.165784
288	8	9240	9240	0.0377665
288	9	393	393	0.0106468
288	10	3520	3520	0.49809
288	11	287	287	0.00338936
288	12	511	511	0.0504827
288	13	2656	2656	0.114186
288	14	1502	1502	0.0765238
288	15	13	13	0
288	16	50256	50256	1.71661e-05
289	5	262	262	0.00643921
289	6	2166	2166	0.203612
289	7	286	286	0.0140362
289	8	262	262	0.0399923
289	9	5422	5422	0.303658
289	10	1037	1037	0.0662193
289	11	2005	2005	0.085557
289	12	2057	2057	0.0486526
289	13	13	13	8.39233e-05
289	14	50256	50256	1.14441e-05
290	5	14705	14705	0.485967
290	6	287	287	0.00169373
290	7	674	674	0.0295506
290	8	6591	6591	0.025135
290	9	1080	1080	0.0213165
290	10	318	318	0.0466995
290	11	12548	12548	0.47279
290	12	19606	19606	0.129798
290	13	13	13	0.000148773
290	14	50256	50256	1.33514e-05
291	5	5207	5207	0.0202551
291	6	286	286	0.0081501
291	7	4898	4898	0.0645571
291	8	1262	1262	0.0293341
291	9	987	987	0.0620365
291	10	48331	48331	0.0291681
291	11	30514	30514	0.106758
291	12	290	290	0.0126419
291	13	20567	20567	0.116436
291	14	13	13	0
291	15	50256	50256	5.72205e-06
292	5	2656	2656	0.054266
292	6	2060	2060	0.0967817
292	7	12	12	0.0358648
292	8	26327	26327	0.231662
292	9	3815	3815	0.0401678
292	10	618	618	0.0206032
292	11	30240	30240	0.066843
292	12	287	287	0.00723267
292	13	41002	41002	0.204606
292	14	12	12	0.0161524
292	15	23	23	0.453832
292	16	13	13	0
292	17	50256	50256	1.90735e-06
293	5	12737	12737	0.102491
293	6	287	287	0.0176334
293	7	2877	2877	0.185061
293	8	20296	20296	0.144968
293	9	1231	1231	0.0403738
293	10	852	852	0.0770245
293	11	13529	13529	0.052206
293	12	416	416	0.0161686
293	13	883	883	0.116597
293	14	12737	12737	0.0321531
293	15	13	13	0
293	16	50256	50256	1.33514e-05
294	5	460	460	0.0401936
294	6	3067	3067	0.0821486
294	7	832	832	0.00806427
294	8	1111	1111	0.0395346
294	9	1540	1540	0.029129
294	10	2340	2340	0.0451088
294	11	290	290	0.0120106
294	12	38236	38236	0.136087
294	13	13	13	0
294	14	50256	50256	0.000104904
295	5	13991	13991	0.15541
295	6	287	287	0.00724602
295	7	3833	3833	0.113731
295	8	13	13	0.00693703
295	9	50256	50256	3.8147e-06
296	5	24742	24742	0.15686
296	6	12	12	0.0178013
296	7	14337	14337	0.568037
296	8	24438	24438	0.0398407
296	9	14921	14921	0.0771732
296	10	287	287	0.0213079
296	11	3624	3624	0.145856
296	12	15274	15274	0.166197
296	13	290	290	0.0132427
296	14	3624	3624	0.17431
296	15	15180	15180	0.0613871
296	16	13	13	0
296	17	50256	50256	3.8147e-06
297	5	7042	7042	0.0346842
297	6	416	416	0.0149555
297	7	8902	8902	0.0662203
297	8	15134	15134	0.043499
297	9	28856	28856	0.0277996
297	10	13	13	0.000247955
297	11	50256	50256	1.71661e-05
298	5	1402	1402	0.0417347
298	6	11	11	0.0288954
298	7	9403	9403	0.110701
298	8	12	12	0.0363293
298	9	38301	38301	0.694168
298	10	37215	37215	0.0574818
298	11	431	431	0.050807
298	12	5289	5289	0.0853052
298	13	13	13	0.00123215
298	14	50256	50256	4.76837e-05
299	5	338	338	0.0615931
299	6	2494	2494	0.891168
299	7	1231	1231	0.037571
299	8	852	852	0.0823212
299	9	13529	13529	0.0636415
299	10	4045	4045	0.0825758
299	11	287	287	0.00606728
299	12	326	326	0.0892963
299	13	6317	6317	0.103928
299	14	13	13	0
299	15	50256	50256	3.8147e-06
300	5	1474	1474	0.0445042
300	6	262	262	0.00307655
300	7	47441	47441	0.125539
300	8	9700	9700	0.0197048
300	9	5866	5866	0.0603666
300	10	13	13	0.0031929
300	11	50256	50256	9.53674e-06
301	5	257	257	0.0178862
301	6	3463	3463	0.124737
301	7	286	286	0.0363264
301	8	11711	11711	0.345478
301	9	4961	4961	0.0639277
301	10	284	284	0.0135803
301	11	663	663	0.109686
301	12	898	898	0.165563
301	13	3463	3463	0.0479002
301	14	13	13	0.0046978
301	15	50256	50256	1.90735e-06
302	5	11	11	0.00512123
302	6	2138	2138	0.00937462
302	7	621	621	0.00375175
302	8	6586	6586	0.117534
302	9	393	393	0.00517082
302	10	10930	10930	0.156855
302	11	13	13	3.8147e-06
302	12	50256	50256	5.72205e-06
303	5	373	373	0.0352459
303	6	15283	15283	0.0754366
303	7	287	287	0.00487137
303	8	4492	4492	0.0901823
303	9	287	287	0.00347137
303	10	1105	1105	0.18743
303	11	1314	1314	0.0205059
303	12	13	13	0
303	13	50256	50256	3.8147e-06
304	5	78	78	0.0172024
304	6	1990	1990	0.0724249
304	7	15688	15688	0.0464287
304	8	338	338	0.0100307
304	9	10003	10003	0.250788
304	10	290	290	0.0048666
304	11	14944	14944	0.31112
304	12	17862	17862	0.0340891
304	13	10399	10399	0.0614109
304	14	319	319	0.012001
304	15	6882	6882	0.136511
304	16	295	295	0.0437641
304	17	371	371	0.0687609
304	18	2093	2093	0.0559006
304	19	10875	10875	0.0484724
304	20	1134	1134	0.0825424
304	21	709	709	0.102285
304	22	13	13	0.000204086
304	23	50256	50256	2.09808e-05
305	5	385	385	0.0322981
305	6	6486	6486	0.0654335
305	7	287	287	0.00509834
305	8	644	644	0.106905
305	9	318	318	0.0106592
305	10	783	783	0.0773335
305	11	7137	7137	0.0193272
305	12	13	13	0
305	13	50256	50256	3.8147e-06
306	5	286	286	0.00382042
306	6	262	262	0.000831604
306	7	1578	1578	0.0444164
306	8	7526	7526	0.0345173
306	9	13	13	4.76837e-05
306	10	50256	50256	3.8147e-06
307	5	29867	29867	0.263277
307	6	17556	17556	0.0498724
307	7	13	13	0.00187111
307	8	50256	50256	7.62939e-06
308	5	25041	25041	0.034276
308	6	30468	30468	0.0725164
308	7	326	326	0.0261536
308	8	645	645	0.0207891
308	9	2392	2392	0.124014
308	10	8080	8080	0.0592232
308	11	8850	8850	0.0346518
308	12	4755	4755	0.136871
308	13	21748	21748	0.084569
308	14	13	13	9.53674e-06
308	15	50256	50256	3.8147e-06
309	5	3562	3562	0.0415125
309	6	416	416	0.00480843
309	7	20849	20849	0.115752
309	8	7068	7068	0.0472136
309	9	449	449	0.0285978
309	10	1211	1211	0.0495634
309	11	7273	7273	0.0274849
309	12	26361	26361	0.0143671
309	13	13	13	0
309	14	50256	50256	0.000108719
310	5	2788	2788	0.0463705
310	6	4331	4331	0.0533133
310	7	326	326	0.00969887
310	8	4100	4100	0.129463
310	9	65	65	0.0526361
310	10	2788	2788	0.051053
310	11	481	481	0.0585003
310	12	1716	1716	0.0344086
310	13	5822	5822	0.083066
310	14	13	13	0
310	15	50256	50256	5.72205e-06
311	5	5865	5865	0.0185776
311	6	15417	15417	0.0283804
311	7	389	389	0.0164633
311	8	7310	7310	0.0392065
311	9	8950	8950	0.0373154
311	10	13	13	0
311	11	50256	50256	1.52588e-05
312	5	28028	28028	0.0358601
312	6	1141	1141	0.0229836
312	7	262	262	0.00248337
312	8	1218	1218	0.0738249
312	9	39210	39210	0.0316677
312	10	37078	37078	0.0113525
312	11	13	13	1.14441e-05
312	12	50256	50256	5.72205e-06
313	5	2685	2685	0.0405035
313	6	26161	26161	0.137492
313	7	1657	1657	0.0599213
313	8	656	656	0.0878191
313	9	12278	12278	0.136933
313	10	2568	2568	0.0426836
313	11	13	13	0
313	12	50256	50256	9.53674e-06
314	5	355	355	0.0223866
314	6	2153	2153	0.106535
314	7	2611	2611	0.0249672
314	8	3608	3608	0.0534582
314	9	82	82	0.0328522
314	10	379	379	0.041091
314	11	3095	3095	0.145254
314	12	12	12	0.0186777
314	13	78	78	0.188779
314	14	5829	5829	0.0895481
314	15	5755	5755	0.0330172
314	16	3212	3212	0.0161505
314	17	13	13	5.72205e-06
314	18	50256	50256	1.14441e-05
315	5	407	407	0.0591774
315	6	3706	3706	0.129101
315	7	12622	12622	0.044939
315	8	45738	45738	0.025259
315	9	13	13	0.000411987
315	10	50256	50256	1.33514e-05
316	5	262	262	0.0148506
316	6	21231	21231	0.640326
316	7	8769	8769	0.0933952
316	8	78	78	0.0541115
316	9	43397	43397	0.0886984
316	10	257	257	0.00571823
316	11	5766	5766	0.358626
316	12	286	286	0.0157413
316	13	530	530	0.0583115
316	14	7319	7319	0.0783625
316	15	13	13	0.00325394
316	16	50256	50256	1.71661e-05
317	5	29260	29260	0.0654345
317	6	692	692	0.040885
317	7	295	295	0.0777712
317	8	4193	4193	0.101686
317	9	42790	42790	0.0794296
317	10	14075	14075	0.0458984
317	11	13550	13550	0.0292807
317	12	34619	34619	0.0197573
317	13	746	746	0.0544415
317	14	82	82	0.0957012
317	15	287	287	0.050456
317	16	262	262	0.00893593
317	17	29666	29666	0.129955
317	18	4289	4289	0.0207205
317	19	13	13	0.00177574
317	20	50256	50256	7.62939e-06
318	5	925	925	0.0571051
318	6	422	422	0.0311146
318	7	373	373	0.209216
318	8	17914	17914	0.200815
318	9	2058	2058	0.0418663
318	10	8384	8384	0.0365772
318	11	422	422	0.0439596
318	12	663	663	0.0383739
318	13	1036	1036	0.182605
318	14	515	515	0.0570421
318	15	10717	10717	0.0504417
318	16	13	13	4.00543e-05
318	17	50256	50256	3.8147e-06
319	5	422	422	0.0217991
319	6	262	262	0.00211906
319	7	16577	16577	0.160438
319	8	9529	9529	0.0563831
319	9	528	528	0.0844793
319	10	2586	2586	0.179478
319	11	286	286	0.00491333
319	12	262	262	0.015274
319	13	7858	7858	0.277124
319	14	946	946	0.143593
319	15	4618	4618	0.0515461
319	16	13	13	0.00094986
319	17	50256	50256	3.8147e-06
320	5	286	286	0.00197983
320	6	262	262	0.00166893
320	7	12108	12108	0.0429773
320	8	286	286	0.00816345
320	9	5828	5828	0.0505142
320	10	13	13	0.000577927
320	11	50256	50256	1.14441e-05
321	5	37185	37185	0.0741987
321	6	7268	7268	0.0409536
321	7	262	262	0.0116625
321	8	11904	11904	0.0718164
321	9	973	973	0.0578861
321	10	284	284	0.0133553
321	11	787	787	0.113182
321	12	11311	11311	0.0168495
321	13	13	13	3.43323e-05
321	14	50256	50256	3.24249e-05
322	5	29909	29909	0.145156
322	6	3348	3348	0.019043
322	7	656	656	0.0116215
322	8	15268	15268	0.0919504
322	9	13	13	0.000396729
322	10	50256	50256	1.90735e-06
323	5	734	734	0.0224171
323	6	5621	5621	0.0874577
323	7	286	286	0.00594902
323	8	14390	14390	0.406138
323	9	11	11	0.00752258
323	10	8811	8811	0.152325
323	11	1444	1444	0.0227604
323	12	25825	25825	0.147028
323	13	290	290	0.00276756
323	14	356	356	0.699704
323	15	701	701	0.0320759
323	16	13	13	0
323	17	50256	50256	3.8147e-06
324	5	257	257	0.0167561
324	6	1573	1573	0.207361
324	7	338	338	0.0492821
324	8	2779	2779	0.262822
324	9	11	11	0.0248375
324	10	9472	9472	0.201732
324	11	257	257	0.00682831
324	12	35488	35488	0.198234
324	13	318	318	0.00538635
324	14	7223	7223	0.878689
324	15	706	706	0.08564
324	16	340	340	0.091239
324	17	13	13	0.000120163
324	18	50256	50256	3.8147e-05
325	5	3912	3912	0.103924
325	6	1900	1900	0.0166111
325	7	355	355	0.0161972
325	8	26153	26153	0.0857887
325	9	338	338	0.012495
325	10	16734	16734	0.0901957
325	11	13	13	0.00274467
325	12	50256	50256	7.62939e-06
326	5	318	318	0.0295782
326	6	25086	25086	0.341482
326	7	13	13	0.00801849
326	8	50256	50256	9.53674e-06
327	5	976	976	0.476814
327	6	1986	1986	0.187639
327	7	3812	3812	0.0309649
327	8	3668	3668	0.0591497
327	9	780	780	0.0789642
327	10	663	663	0.0346327
327	11	13179	13179	0.543967
327	12	290	290	0.0376225
327	13	13066	13066	0.423622
327	14	389	389	0.0913591
327	15	47192	47192	0.0718918
327	16	13	13	0
327	17	50256	50256	8.01086e-05
328	5	20199	20199	0.0379782
328	6	1779	1779	0.0530205
328	7	4541	4541	0.116458
328	8	4291	4291	0.0390844
328	9	257	257	0.0184822
328	10	4417	4417	0.0686092
328	11	32162	32162	0.130813
328	12	2174	2174	0.0600185
328	13	262	262	0.0035038
328	14	1633	1633	0.0883331
328	15	338	338	0.0362768
328	16	390	390	0.249313
328	17	86	86	0.0417223
328	18	966	966	0.0346384
328	19	13	13	0.00448418
328	20	50256	50256	3.8147e-06
329	5	262	262	0.0245323
329	6	2612	2612	0.173894
329	7	11	11	0.00871277
329	8	2138	2138	0.0393658
329	9	621	621	0.0388069
329	10	6872	6872	0.248919
329	11	340	340	0.03444
329	12	1497	1497	0.0779781
329	13	13	13	0.0155621
329	14	50256	50256	7.05719e-05
330	5	1688	1688	0.206841
330	6	26041	26041	0.0862532
330	7	1748	1748	0.0414238
330	8	287	287	0.0423908
330	9	1944	1944	0.124285
330	10	12	12	0.01161
330	11	820	820	0.0513611
330	12	32183	32183	0.0908031
330	13	13	13	0
330	14	50256	50256	4.76837e-05
331	5	2347	2347	0.214706
331	6	318	318	0.00890541
331	7	17298	17298	0.351819
331	8	287	287	0.00798035
331	9	663	663	0.0466328
331	10	29984	29984	0.188617
331	11	13	13	0.000490189
331	12	50256	50256	5.72205e-06
332	5	257	257	0.0409718
332	6	46103	46103	0.152903
332	7	326	326	0.0132542
332	8	8186	8186	0.127368
332	9	728	728	0.0372066
332	10	416	416	0.00926971
332	11	16299	16299	0.294481
332	12	9653	9653	0.037838
332	13	13	13	3.8147e-06
332	14	50256	50256	5.14984e-05
333	5	33828	33828	0.0669079
333	6	2630	2630	0.0420742
333	7	262	262	0.011693
333	8	4960	4960	0.201989
333	9	670	670	0.0406017
333	10	383	383	0.0617495
333	11	17388	17388	0.228088
333	12	286	286	0.00622749
333	13	5215	5215	0.272928
333	14	7285	7285	0.0461864
333	15	13	13	0.000244141
333	16	50256	50256	1.33514e-05
334	5	656	656	0.0137539
334	6	262	262	0.00231171
334	7	12108	12108	0.0491476
334	8	286	286	0.00489426
334	9	5828	5828	0.0853672
334	10	13	13	0.00317955
334	11	50256	50256	7.62939e-06
335	5	1146	1146	0.0518637
335	6	14523	14523	0.106835
335	7	12076	12076	0.0962276
335	8	4755	4755	0.0837669
335	9	5419	5419	0.0619574
335	10	7716	7716	0.100226
335	11	663	663	0.0136614
335	12	14091	14091	0.207119
335	13	2214	2214	0.0219164
335	14	13	13	0
335	15	50256	50256	5.72205e-06
336	5	416	416	0.00494957
336	6	281	281	0.00560379
336	7	12064	12064	0.052639
336	8	900	900	0.0242281
336	9	13	13	1.90735e-05
336	10	50256	50256	3.8147e-06
337	5	4387	4387	0.268347
337	6	2877	2877	0.060813
337	7	5044	5044	0.10901
337	8	416	416	0.042798
337	9	2347	2347	0.171267
337	10	13	13	0.00038147
337	11	50256	50256	1.52588e-05
338	5	318	318	0.00266266
338	6	281	281	0.0215483
338	7	12628	12628	0.0987635
338	8	1286	1286	0.0361691
338	9	35162	35162	0.0317307
338	10	19955	19955	0.0316696
338	11	17116	17116	0.0167074
338	12	13	13	0.000226974
338	13	50256	50256	5.72205e-06
339	5	1255	1255	0.0296192
339	6	422	422	0.0128384
339	7	4802	4802	0.207602
339	8	29358	29358	0.0885696
339	9	286	286	0.00196457
339	10	32085	32085	0.0477591
339	11	729	729	0.0431929
339	12	416	416	0.0467939
339	13	739	739	0.16306
339	14	8583	8583	0.0823765
339	15	29781	29781	0.0997658
339	16	13	13	5.72205e-06
339	17	50256	50256	1.71661e-05
340	5	4417	4417	0.104152
340	6	11	11	0.0438442
340	7	340	340	0.175661
340	8	318	318	0.0569086
340	9	1444	1444	0.0347233
340	10	28856	28856	0.0549097
340	11	13	13	1.14441e-05
340	12	50256	50256	5.72205e-06
341	5	31094	31094	0.0896358
341	6	9813	9813	0.0983267
341	7	3067	3067	0.0967617
341	8	379	379	0.0164871
341	9	262	262	0.0155001
341	10	976	976	0.104216
341	11	2866	2866	0.264467
341	12	13	13	0.0149689
341	13	50256	50256	3.8147e-06
342	5	338	338	0.00451946
342	6	3139	3139	0.0485363
342	7	11	11	0.0125179
342	8	319	319	0.057744
342	9	262	262	0.00756645
342	10	2258	2258	0.0687513
342	11	5451	5451	0.0305281
342	12	13	13	0.0027256
342	13	50256	50256	5.72205e-06
343	5	290	290	0.0207586
343	6	262	262	0.00197029
343	7	7431	7431	0.4226
343	8	323	323	0.0576277
343	9	2271	2271	0.117166
343	10	389	389	0.0495987
343	11	1688	1688	0.139099
343	12	46178	46178	0.0576506
343	13	2462	2462	0.0504179
343	14	873	873	0.0457964
343	15	13	13	1.52588e-05
343	16	50256	50256	5.72205e-06
344	5	3303	3303	0.11329
344	6	13	13	0.000205994
344	7	50256	50256	5.72205e-06
345	5	338	338	0.014225
345	6	1588	1588	0.249456
345	7	14966	14966	0.2259
345	8	389	389	0.0447693
345	9	20633	20633	0.176794
345	10	416	416	0.0158186
345	11	16021	16021	0.22075
345	12	300	300	0.113125
345	13	600	600	0.212564
345	14	1424	1424	0.507971
345	15	13	13	5.72205e-06
345	16	50256	50256	0.000448227
346	5	262	262	0.00843239
346	6	717	717	0.121011
346	7	1893	1893	0.033885
346	8	286	286	0.0056591
346	9	16256	16256	0.149388
346	10	706	706	0.0360432
346	11	663	663	0.0146503
346	12	39862	39862	0.157673
346	13	286	286	0.00577545
346	14	10404	10404	0.226351
346	15	13	13	2.67029e-05
346	16	50256	50256	1.90735e-05
347	5	1022	1022	0.0176229
347	6	5387	5387	0.0518951
347	7	21379	21379	0.0390186
347	8	290	290	0.00437737
347	9	262	262	0.00244522
347	10	7097	7097	0.162505
347	11	2858	2858	0.0470419
347	12	13	13	0.00137138
347	13	50256	50256	3.8147e-06
348	5	17598	17598	0.0608835
348	6	318	318	0.0335884
348	7	262	262	0.0274315
348	8	4756	4756	0.148331
348	9	832	832	0.00865936
348	10	543	543	0.0920973
348	11	4704	4704	0.190233
348	12	8318	8318	0.0448017
348	13	13	13	0.000925064
348	14	50256	50256	4.3869e-05
349	5	257	257	0.0131836
349	6	8122	8122	0.160489
349	7	416	416	0.108
349	8	10829	10829	0.433583
349	9	5365	5365	0.0570316
349	10	26758	26758	0.0582314
349	11	17745	17745	0.0462933
349	12	13	13	0.000164032
349	13	50256	50256	3.8147e-06
350	5	12912	12912	0.454448
350	6	5696	5696	0.0592308
350	7	7668	7668	0.0624113
350	8	351	351	0.0191364
350	9	8977	8977	0.166904
350	10	290	290	0.0133286
350	11	26898	26898	0.377714
350	12	13166	13166	0.0282974
350	13	13	13	1.90735e-06
350	14	50256	50256	9.72748e-05
351	5	14281	14281	0.178811
351	6	393	393	0.0422497
351	7	28402	28402	0.162416
351	8	7334	7334	0.210983
351	9	329	329	0.0137615
351	10	663	663	0.0513659
351	11	7956	7956	0.172917
351	12	5250	5250	0.0358515
351	13	15921	15921	0.0132113
351	14	13	13	1.90735e-06
351	15	50256	50256	3.8147e-06
352	5	11471	11471	0.0340204
352	6	11	11	0.00943375
352	7	41331	41331	0.689396
352	8	286	286	0.00904846
352	9	21558	21558	0.208331
352	10	460	460	0.0334587
352	11	307	307	0.112432
352	12	24167	24167	0.104664
352	13	284	284	0.0195951
352	14	1296	1296	0.238738
352	15	262	262	0.0242195
352	16	7714	7714	0.216269
352	17	286	286	0.0103817
352	18	257	257	0.0250988
352	19	8837	8837	0.092495
352	20	13	13	0.000108719
352	21	50256	50256	0.000524521
353	5	504	504	0.0506592
353	6	23470	23470	0.0487347
353	7	36364	36364	0.0893726
353	8	1777	1777	0.0686121
353	9	2367	2367	0.0590086
353	10	656	656	0.0235586
353	11	37285	37285	0.109925
353	12	338	338	0.015007
353	13	6450	6450	0.280365
353	14	6440	6440	0.218367
353	15	41724	41724	0.0330439
353	16	13	13	3.8147e-06
353	17	50256	50256	3.8147e-05
354	5	4577	4577	0.0656815
354	6	284	284	0.00283432
354	7	10716	10716	0.224447
354	8	416	416	0.0267668
354	9	9194	9194	0.197522
354	10	7842	7842	0.0472479
354	11	1431	1431	0.0320387
354	12	4263	4263	0.0449238
354	13	13	13	0.000610352
354	14	50256	50256	9.53674e-05
355	5	3623	3623	0.0286522
355	6	326	326	0.025713
355	7	30174	30174	0.0891829
355	8	691	691	0.0620918
355	9	351	351	0.0300884
355	10	1049	1049	0.192102
355	11	8722	8722	0.0285559
355	12	739	739	0.0170183
355	13	8850	8850	0.0688848
355	14	3403	3403	0.0611343
355	15	13	13	5.72205e-06
355	16	50256	50256	2.09808e-05
356	5	318	318	0.0195322
356	6	257	257	0.00510025
356	7	31513	31513	0.0722685
356	8	8598	8598	0.0263624
356	9	287	287	0.00584602
356	10	38131	38131	0.10604
356	11	37270	37270	0.0306816
356	12	13	13	9.53674e-06
356	13	50256	50256	3.8147e-06
357	5	7285	7285	0.0309525
357	6	351	351	0.0239162
357	7	262	262	0.00297737
357	8	289	289	0.281015
357	9	343	343	0.11673
357	10	363	363	0.0784006
357	11	2271	2271	0.106129
357	12	290	290	0.0156965
357	13	479	479	0.271127
357	14	265	265	0.0755558
357	15	461	461	0.178294
357	16	2271	2271	0.0761013
357	17	27226	27226	0.0422707
357	18	397	397	0.0504847
357	19	3166	3166	0.133753
357	20	13	13	0.00307274
357	21	50256	50256	0.000314713
358	5	2237	2237	0.109666
358	6	13042	13042	0.0387373
358	7	13	13	0.000238419
358	8	50256	50256	7.62939e-06
359	5	46916	46916	0.0212269
359	6	286	286	0.0129089
359	7	530	530	0.165998
359	8	8122	8122	0.131932
359	9	34646	34646	0.194494
359	10	287	287	0.0109396
359	11	1194	1194	0.199392
359	12	2296	2296	0.173758
359	13	2304	2304	0.0446339
359	14	856	856	0.0403986
359	15	8122	8122	0.0346584
359	16	13	13	1.14441e-05
359	17	50256	50256	1.90735e-06
360	5	890	890	1.01536
360	6	14659	14659	0.071044
360	7	7042	7042	0.058363
360	8	422	422	0.0317707
360	9	4555	4555	0.11788
360	10	37880	37880	0.0405598
360	11	2615	2615	0.0410128
360	12	7021	7021	0.0338526
360	13	13	13	0.000301361
360	14	50256	50256	0.000110626
361	5	3812	3812	0.0236588
361	6	1657	1657	0.0275192
361	7	832	832	0.0596828
361	8	257	257	0.083539
361	9	2882	2882	0.171105
361	10	1444	1444	0.019105
361	11	2825	2825	0.173502
361	12	34248	34248	0.0510798
361	13	1042	1042	0.0247812
361	14	13	13	0.00164795
361	15	50256	50256	3.8147e-06
362	5	286	286	0.00331116
362	6	262	262	0.00108528
362	7	13387	13387	0.197886
362	8	286	286	0.00702286
362	9	262	262	0.00183296
362	10	311	311	0.332643
362	11	32248	32248	0.0465117
362	12	32939	32939	0.0298691
362	13	13	13	8.58307e-05
362	14	50256	50256	4.19617e-05
363	5	9030	9030	0.029314
363	6	973	973	0.0273523
363	7	28713	28713	0.0441904
363	8	284	284	0.00481224
363	9	2746	2746	0.106335
363	10	37209	37209	0.0284424
363	11	16006	16006	0.0218115
363	12	13	13	1.90735e-06
363	13	50256	50256	5.72205e-06
364	5	35831	35831	0.121783
364	6	26664	26664	0.0229712
364	7	4735	4735	0.0164948
364	8	422	422	0.0262299
364	9	257	257	0.00256729
364	10	8122	8122	0.0577536
364	11	13	13	0.000228882
364	12	50256	50256	7.62939e-06
365	5	290	290	0.0064249
365	6	1336	1336	0.751974
365	7	31093	31093	0.0397062
365	8	11	11	0.0350494
365	9	618	618	0.321712
365	10	6591	6591	0.191091
365	11	290	290	0.037221
365	12	25572	25572	0.452964
365	13	40738	40738	0.056366
365	14	3048	3048	0.0482435
365	15	19594	19594	0.0272837
365	16	1123	1123	0.00679874
365	17	584	584	0.0797653
365	18	13	13	0.00435066
365	19	50256	50256	1.90735e-05
366	5	4477	4477	0.0324392
366	6	881	881	0.0226259
366	7	286	286	0.000867844
366	8	663	663	0.025342
366	9	1903	1903	0.211576
366	10	2478	2478	0.0664082
366	11	2641	2641	0.0230122
366	12	663	663	0.00862312
366	13	2802	2802	0.258036
366	14	338	338	0.0178194
366	15	36594	36594	0.0987816
366	16	13	13	0
366	17	50256	50256	1.90735e-06
367	5	3734	3734	0.101556
367	6	32908	32908	0.0960426
367	7	326	326	0.0126686
367	8	3342	3342	0.0776148
367	9	2344	2344	0.0335302
367	10	39895	39895	0.0356684
367	11	282	282	0.0704937
367	12	13	13	0.000167847
367	13	50256	50256	3.8147e-06
368	5	422	422	0.0163708
368	6	262	262	0.0202894
368	7	21405	21405	0.0722761
368	8	286	286	0.00136566
368	9	269	269	0.26005
368	10	967	967	0.112032
368	11	26210	26210	0.0445232
368	12	7150	7150	0.0360222
368	13	13	13	0.00021553
368	14	50256	50256	6.10352e-05
369	5	26948	26948	0.295395
369	6	318	318	0.0194798
369	7	257	257	0.00792694
369	8	9403	9403	0.0697002
369	9	13	13	0.000219345
369	10	50256	50256	1.90735e-06
370	5	1321	1321	0.00395107
370	6	355	355	0.0101318
370	7	880	880	0.147152
370	8	355	355	0.00837135
370	9	663	663	0.100066
370	10	21437	21437	0.0790434
370	11	13	13	0.000923157
370	12	50256	50256	7.62939e-06
371	5	1735	1735	0.203583
371	6	4129	4129	0.0608101
371	7	15082	15082	0.0365572
371	8	444	444	0.0422344
371	9	663	663	0.0213404
371	10	1989	1989	0.103431
371	11	416	416	0.0169945
371	12	1440	1440	0.14024
371	13	13	13	5.91278e-05
371	14	50256	50256	8.96454e-05
372	5	14807	14807	0.0533867
372	6	1444	1444	0.0498247
372	7	262	262	0.0248137
372	8	2258	2258	0.0788059
372	9	5451	5451	0.0222616
372	10	290	290	0.0161009
372	11	2520	2520	0.14591
372	12	5451	5451	0.0321217
372	13	13	13	0
372	14	50256	50256	8.7738e-05
373	5	262	262	0.000318527
373	6	4151	4151	0.20559
373	7	832	832	0.0529099
373	8	262	262	0.00849915
373	9	34047	34047	0.0957422
373	10	13	13	7.62939e-06
373	11	50256	50256	0.000118256
374	5	286	286	0.00875473
374	6	262	262	0.0011425
374	7	25730	25730	0.0698452
374	8	17628	17628	0.0135641
374	9	3923	3923	0.0560904
374	10	13	13	1.90735e-06
374	11	50256	50256	1.71661e-05
375	5	4069	4069	0.0217981
375	6	351	351	0.00969315
375	7	281	281	0.00479507
375	8	2938	2938	0.0573444
375	9	1255	1255	0.0246735
375	10	13	13	0.000677109
375	11	50256	50256	1.90735e-05
376	5	8830	8830	0.670763
376	6	3340	3340	0.0218611
376	7	290	290	0.00144386
376	8	262	262	0.0142164
376	9	1578	1578	0.109146
376	10	1829	1829	0.0161161
376	11	13	13	1.90735e-06
376	12	50256	50256	3.8147e-06
377	5	17517	17517	0.0153704
377	6	287	287	0.00279045
377	7	15142	15142	0.123223
377	8	318	318	0.00488663
377	9	7173	7173	0.109131
377	10	3917	3917	0.0180197
377	11	351	351	0.00461006
377	12	7068	7068	0.149867
377	13	9261	9261	0.0305061
377	14	72	72	0.0183725
377	15	402	402	0.194816
377	16	31330	31330	0.0886059
377	17	13	13	0.000631332
377	18	50256	50256	5.72205e-06
378	5	284	284	0.0038414
378	6	663	663	0.00304794
378	7	8373	8373	0.0604401
378	8	13	13	1.14441e-05
378	9	50256	50256	5.72205e-06
379	5	1748	1748	0.0404892
379	6	351	351	0.047224
379	7	3881	3881	0.162416
379	8	12	12	0.0874214
379	9	8968	8968	1.05642
379	10	28814	28814	0.0433044
379	11	287	287	0.0115261
379	12	8078	8078	0.195421
379	13	13	13	0.00223732
379	14	50256	50256	4.76837e-05
380	5	257	257	0.0237789
380	6	6994	6994	0.423371
380	7	1271	1271	0.020647
380	8	13	13	0.025362
380	9	50256	50256	5.72205e-06
381	5	2392	2392	0.327978
381	6	28400	28400	0.0701351
381	7	621	621	0.0205288
381	8	4171	4171	0.19452
381	9	7424	7424	0.120629
381	10	1657	1657	0.0548506
381	11	13	13	0
381	12	50256	50256	5.72205e-06
382	5	21622	21622	0.0462294
382	6	416	416	0.0456228
382	7	511	511	0.0630426
382	8	6625	6625	0.124748
382	9	284	284	0.0182371
382	10	34688	34688	0.0349779
382	11	13	13	0
382	12	50256	50256	5.72205e-06
383	5	12866	12866	0.0504017
383	6	278	278	0.0331345
383	7	20365	20365	0.0718431
383	8	3033	3033	0.0351648
383	9	262	262	0.00557899
383	10	2095	2095	0.233651
383	11	25846	25846	0.0462713
383	12	565	565	0.0384569
383	13	733	733	0.0603685
383	14	13	13	0.00582504
383	15	50256	50256	3.8147e-06
384	5	313	313	0.0148172
384	6	48406	48406	0.0566206
384	7	50195	50195	0.0495796
384	8	6296	6296	0.0468998
384	9	24287	24287	0.0464811
384	10	286	286	0.00348854
384	11	3660	3660	0.284565
384	12	5828	5828	0.0554037
384	13	2254	2254	0.0569372
384	14	13	13	0.000614166
384	15	50256	50256	1.52588e-05
385	5	2618	2618	1.28357
385	6	1080	1080	0.07061
385	7	11	11	0.0473499
385	8	257	257	0.0791922
385	9	5421	5421	0.619483
385	10	29973	29973	0.204321
385	11	13066	13066	0.121441
385	12	318	318	0.0396976
385	13	281	281	0.0612669
385	14	30004	30004	0.292812
385	15	541	541	0.0785856
385	16	325	325	0.108058
385	17	13	13	0.00159836
385	18	50256	50256	0.00268936
386	5	7729	7729	0.0732555
386	6	422	422	0.0119877
386	7	7446	7446	0.116185
386	8	284	284	0.00796509
386	9	12183	12183	0.102483
386	10	418	418	0.0430689
386	11	2586	2586	0.101496
386	12	13	13	0.00256729
386	13	50256	50256	3.8147e-06
387	5	12022	12022	0.0851336
387	6	373	373	0.0456982
387	7	257	257	0.0172663
387	8	1748	1748	0.092433
387	9	286	286	0.0353165
387	10	262	262	0.0220337
387	11	6156	6156	0.197267
387	12	1423	1423	0.0963097
387	13	385	385	0.0489721
387	14	6916	6916	0.0791187
387	15	14355	14355	0.0324135
387	16	13	13	3.8147e-06
387	17	50256	50256	3.8147e-06
388	5	656	656	0.0642862
388	6	257	257	0.00704002
388	7	1296	1296	0.0552826
388	8	5292	5292	0.182761
388	9	284	284	0.0243778
388	10	21363	21363	0.111569
388	11	663	663	0.0163174
388	12	10154	10154	0.152212
388	13	13	13	3.24249e-05
388	14	50256	50256	0.000110626
389	5	8899	8899	0.051466
389	6	35076	35076	0.0627995
389	7	18180	18180	0.0378895
389	8	3745	3745	0.0525312
389	9	257	257	0.00825691
389	10	1588	1588	0.071435
389	11	25979	25979	0.0789776
389	12	287	287	0.00205612
389	13	19483	19483	0.144541
389	14	290	290	0.00534821
389	15	3794	3794	0.121552
389	16	13	13	0.00170517
389	17	50256	50256	3.8147e-06
390	5	1296	1296	0.00806332
390	6	257	257	0.00555992
390	7	14153	14153	0.246319
390	8	1339	1339	0.0482283
390	9	1088	1088	0.0271235
390	10	262	262	0.00624847
390	11	3632	3632	0.331814
390	12	13	13	0.0037384
390	13	50256	50256	3.8147e-06
391	5	1262	1262	0.0555172
391	6	12278	12278	0.0572157
391	7	10425	10425	0.0484095
391	8	290	290	0.00286674
391	9	5931	5931	0.0452652
391	10	2085	2085	0.0779715
391	11	9302	9302	0.024415
391	12	13	13	7.82013e-05
391	13	50256	50256	3.8147e-06
392	5	286	286	0.0106258
392	6	257	257	0.00375366
392	7	6808	6808	0.563898
392	8	11	11	0.0170994
392	9	257	257	0.0384207
392	10	1688	1688	0.359197
392	11	2368	2368	0.397507
392	12	11	11	0.0178661
392	13	290	290	0.0171223
392	14	257	257	0.0336285
392	15	2818	2818	0.142372
392	16	8150	8150	0.097188
392	17	13	13	0
392	18	50256	50256	1.90735e-05
393	5	734	734	0.0363436
393	6	3891	3891	0.0470514
393	7	329	329	0.0325403
393	8	262	262	0.016592
393	9	976	976	0.0446453
393	10	33158	33158	0.102986
393	11	13833	13833	0.045743
393	12	13	13	0.00150871
393	13	50256	50256	3.8147e-06
394	5	3578	3578	0.218369
394	6	38575	38575	0.0605259
394	7	13871	13871	0.0411167
394	8	621	621	0.0251398
394	9	262	262	0.00205612
394	10	1388	1388	0.155157
394	11	5046	5046	0.14426
394	12	3436	3436	0.0848675
394	13	13	13	2.28882e-05
394	14	50256	50256	0.000116348
395	5	44504	44504	0.0892096
395	6	422	422	0.00885391
395	7	12734	12734	0.0631943
395	8	290	290	0.0348034
395	9	10385	10385	0.285496
395	10	340	340	0.0494642
395	11	656	656	0.0567741
395	12	12498	12498	0.330846
395	13	13	13	3.8147e-06
395	14	50256	50256	8.39233e-05
396	5	832	832	0.00890732
396	6	257	257	0.0227022
396	7	1429	1429	0.0768595
396	8	1444	1444	0.0238056
396	9	285	285	0.128589
396	10	13929	13929	0.0466719
396	11	2649	2649	0.0408411
396	12	13	13	1.90735e-06
396	13	50256	50256	5.72205e-06
397	5	422	422	0.00234985
397	6	262	262	0.0157566
397	7	25572	25572	0.105355
397	8	4417	4417	0.00784492
397	9	13	13	0.000505447
397	10	50256	50256	0.00839043
398	5	11	11	0.0295897
398	6	475	475	0.0918884
398	7	407	407	0.0750599
398	8	790	790	0.271372
398	9	35991	35991	0.183955
398	10	318	318	0.0431652
398	11	257	257	0.0114555
398	12	6616	6616	0.455881
398	13	13	13	3.05176e-05
398	14	50256	50256	9.72748e-05
399	5	618	618	0.0539665
399	6	663	663	0.178571
399	7	13042	13042	0.130026
399	8	12611	12611	0.0911932
399	9	378	378	0.0333672
399	10	706	706	0.0767632
399	11	852	852	0.0760593
399	12	458	458	0.0780659
399	13	17758	17758	0.0440712
399	14	13	13	0
399	15	50256	50256	7.62939e-06
400	5	4351	4351	0.179504
400	6	416	416	0.0122509
400	7	15637	15637	0.286371
400	8	369	369	0.096323
400	9	11124	11124	0.118728
400	10	290	290	0.00741291
400	11	24748	24748	0.405615
400	12	596	596	0.14903
400	13	1022	1022	0.0184879
400	14	663	663	0.0656729
400	15	7714	7714	0.256737
400	16	13	13	0.00156212
400	17	50256	50256	3.8147e-06
401	5	1458	1458	0.128217
401	6	1437	1437	0.0379963
401	7	355	355	0.0101032
401	8	340	340	0.0803013
401	9	30174	30174	0.0882759
401	10	351	351	0.00453949
401	11	15938	15938	0.290241
401	12	287	287	0.0145836
401	13	663	663	0.052887
401	14	21334	21334	0.081068
401	15	13	13	0
401	16	50256	50256	2.09808e-05
402	5	373	373	0.0387468
402	6	3170	3170	0.0366745
402	7	329	329	0.0664921
402	8	262	262	0.000524521
402	9	6342	6342	0.321686
402	10	45357	45357	0.0621557
402	11	286	286	0.00690079
402	12	49545	49545	0.070014
402	13	13	13	4.00543e-05
402	14	50256	50256	8.2016e-05
403	5	15268	15268	0.0964231
403	6	290	290	0.012989
403	7	13532	13532	0.261779
403	8	2427	2427	0.0224504
403	9	286	286	0.00374031
403	10	691	691	0.278746
403	11	257	257	0.0102797
403	12	5969	5969	0.384367
403	13	10706	10706	0.0199642
403	14	286	286	0.00321007
403	15	17848	17848	0.157965
403	16	13	13	1.90735e-06
403	17	50256	50256	3.8147e-06
404	5	28408	28408	0.0832529
404	6	430	430	0.0993662
404	7	704	704	0.0677595
404	8	1313	1313	0.0766735
404	9	389	389	0.0265074
404	10	1440	1440	0.0624695
404	11	1602	1602	0.0538559
404	12	14796	14796	0.066803
404	13	44360	44360	0.0390749
404	14	13	13	2.28882e-05
404	15	50256	50256	5.72205e-06
405	5	18665	18665	0.0710039
405	6	1660	1660	0.012208
405	7	284	284	0.00317192
405	8	11684	11684	0.169261
405	9	290	290	0.00240326
405	10	4736	4736	0.256831
405	11	13	13	7.62939e-06
405	12	50256	50256	7.62939e-06
406	5	21891	21891	0.0943613
406	6	11	11	0.00197029
406	7	281	281	0.0140457
406	8	6156	6156	0.0636435
406	9	19517	19517	0.133787
406	10	1748	1748	0.0975904
406	11	13	13	0.00297928
406	12	50256	50256	1.90735e-06
407	5	43088	43088	0.0249119
407	6	351	351	0.00492668
407	7	471	471	0.116018
407	8	12	12	0.0124187
407	9	16760	16760	0.22532
407	10	3272	3272	0.0262823
407	11	9004	9004	0.0109863
407	12	13	13	0.000114441
407	13	50256	50256	3.8147e-06
408	5	13108	13108	0.0473785
408	6	10340	10340	0.00700951
408	7	13	13	0.000335693
408	8	50256	50256	9.53674e-06
409	5	4645	4645	0.0627527
409	6	4635	4635	0.0677805
409	7	416	416	0.0119781
409	8	1728	1728	0.142109
409	9	38467	38467	0.161671
409	10	13	13	0.00569153
409	11	50256	50256	1.71661e-05
410	5	810	810	0.141059
410	6	27163	27163	0.133786
410	7	33408	33408	0.0661516
410	8	12188	12188	0.0588751
410	9	510	510	0.0617266
410	10	1474	1474	0.0911608
410	11	257	257	0.0145264
410	12	7850	7850	0.219269
410	13	338	338	0.0110378
410	14	5422	5422	0.226008
410	15	13	13	2.86102e-05
410	16	50256	50256	1.52588e-05
411	5	41578	41578	0.138693
411	6	11	11	0.0117989
411	7	1474	1474	0.0683088
411	8	262	262	0.00198555
411	9	8211	8211	0.139241
411	10	7051	7051	0.0501156
411	11	13	13	9.15527e-05
411	12	50256	50256	1.90735e-06
412	5	9565	9565	0.180602
412	6	24049	24049	0.0449934
412	7	862	862	0.0747414
412	8	11	11	0.00754547
412	9	336	336	0.52531
412	10	15515	15515	0.115406
412	11	11	11	0.00361633
412	12	290	290	0.0304155
412	13	584	584	0.100676
412	14	16759	16759	0.0992785
412	15	13	13	1.71661e-05
412	16	50256	50256	5.72205e-06
413	5	286	286	0.00893211
413	6	734	734	0.157664
413	7	6134	6134	0.118767
413	8	523	523	0.0663929
413	9	326	326	0.0217514
413	10	484	484	0.0694141
413	11	1663	1663	0.0774317
413	12	1978	1978	0.0904112
413	13	13	13	6.67572e-05
413	14	50256	50256	6.29425e-05
414	5	925	925	0.0258236
414	6	416	416	0.0196362
414	7	10708	10708	0.174501
414	8	290	290	0.00858498
414	9	23610	23610	0.206436
414	10	7135	7135	0.0558691
414	11	22670	22670	0.050477
414	12	286	286	0.00565147
414	13	3348	3348	0.075819
414	14	13	13	0
414	15	50256	50256	3.8147e-06
415	5	15568	15568	0.0857553
415	6	1864	1864	0.0640793
415	7	284	284	0.0119934
415	8	7729	7729	0.38411
415	9	5281	5281	0.345187
415	10	416	416	0.0480146
415	11	31228	31228	0.163769
415	12	25897	25897	0.0228577
415	13	13	13	0.000356674
415	14	50256	50256	5.72205e-05
416	5	4909	4909	0.261859
416	6	749	749	0.236032
416	7	286	286	0.0347881
416	8	22779	22779	0.149376
416	9	8602	8602	0.14355
416	10	290	290	0.0280886
416	11	19101	19101	0.116097
416	12	13	13	1.52588e-05
416	13	50256	50256	3.8147e-06
417	5	5478	5478	0.109506
417	6	338	338	0.0193558
417	7	10596	10596	0.26827
417	8	7051	7051	0.0443115
417	9	11	11	0.00674438
417	10	318	318	0.05688
417	11	262	262	0.0162086
417	12	3139	3139	0.0724373
417	13	286	286	0.0069828
417	14	49657	49657	0.218948
417	15	13	13	0.000696182
417	16	50256	50256	1.90735e-05
418	5	874	874	0.0693808
418	6	7330	7330	0.137484
418	7	20901	20901	0.0791826
418	8	422	422	0.0307074
418	9	33773	33773	0.159769
418	10	2877	2877	0.0627213
418	11	1626	1626	0.0924826
418	12	511	511	0.0473986
418	13	21379	21379	0.0571098
418	14	13	13	0
418	15	50256	50256	3.8147e-06
419	5	543	543	0.0992575
419	6	2568	2568	0.0333519
419	7	318	318	0.00909519
419	8	11172	11172	0.121618
419	9	393	393	0.0271797
419	10	670	670	0.132841
419	11	318	318	0.035903
419	12	1760	1760	0.160085
419	13	13	13	1.90735e-06
419	14	50256	50256	8.96454e-05
420	5	6364	6364	0.15048
420	6	3585	3585	0.118347
420	7	284	284	0.00572777
420	8	530	530	0.107204
420	9	1194	1194	0.0720453
420	10	1973	1973	0.0887575
420	11	3668	3668	0.117638
420	12	338	338	0.00738335
420	13	4417	4417	0.0936403
420	14	13	13	0
420	15	50256	50256	3.8147e-06
421	5	19853	19853	0.0246601
421	6	16736	16736	0.0299463
421	7	2029	2029	0.0233431
421	8	262	262	0.00200844
421	9	4417	4417	0.0180187
421	10	286	286	0.00257301
421	11	8706	8706	0.06847
421	12	13	13	0.00342178
421	13	50256	50256	5.72205e-06
422	5	8384	8384	0.0231638
422	6	329	329	0.0169849
422	7	663	663	0.0146046
422	8	35988	35988	0.130912
422	9	5667	5667	0.0342531
422	10	13	13	0.000234604
422	11	50256	50256	1.71661e-05
423	5	929	929	0.0291157
423	6	8231	8231	0.0312557
423	7	11	11	0.00170708
423	8	407	407	0.0806408
423	9	1866	1866	0.258636
423	10	286	286	0.0069046
423	11	262	262	0.0149164
423	12	6842	6842	0.3203
423	13	1641	1641	0.035615
423	14	13	13	0.000619888
423	15	50256	50256	3.8147e-06
424	5	416	416	0.0132408
424	6	41878	41878	0.303372
424	7	1402	1402	0.0372162
424	8	5207	5207	0.0384884
424	9	286	286	0.00896835
424	10	2587	2587	0.0730467
424	11	13	13	0
424	12	50256	50256	3.8147e-06
425	5	6588	6588	0.256391
425	6	23235	23235	0.106659
425	7	326	326	0.0278492
425	8	460	460	0.0726004
425	9	10649	10649	0.263856
425	10	1613	1613	0.0588179
425	11	530	530	0.0518875
425	12	1194	1194	0.0785513
425	13	13	13	0.00137901
425	14	50256	50256	0.000213623
426	5	422	422	0.0366459
426	6	14659	14659	0.13959
426	7	286	286	0.0203915
426	8	23206	23206	0.182766
426	9	17045	17045	0.018363
426	10	13	13	0.000419617
426	11	50256	50256	1.14441e-05
427	5	1111	1111	0.0154696
427	6	5594	5594	0.0436964
427	7	284	284	0.00160408
427	8	262	262	0.0021286
427	9	285	285	0.0692329
427	10	692	692	0.0591917
427	11	17990	17990	0.0403128
427	12	1448	1448	0.0260725
427	13	13	13	1.71661e-05
427	14	50256	50256	2.67029e-05
428	5	286	286	0.0215435
428	6	16639	16639	0.639069
428	7	544	544	0.0539942
428	8	11	11	0.0535822
428	9	635	635	0.160385
428	10	1444	1444	0.0339375
428	11	262	262	0.00208092
428	12	16639	16639	0.538331
428	13	2066	2066	0.0394726
428	14	13	13	6.67572e-05
428	15	50256	50256	5.72205e-06
429	5	832	832	0.0131073
429	6	47683	47683	0.271466
429	7	290	290	0.00120735
429	8	8106	8106	0.637096
429	9	503	503	0.0445004
429	10	2057	2057	0.0404863
429	11	13166	13166	0.0813475
429	12	13	13	0.0022583
429	13	50256	50256	3.8147e-06
430	5	16839	16839	0.219748
430	6	338	338	0.0469637
430	7	2292	2292	0.457958
430	8	15947	15947	0.0531349
430	9	663	663	0.01085
430	10	1295	1295	0.158326
430	11	1988	1988	0.0626154
430	12	13	13	0.00209808
430	13	50256	50256	5.72205e-06
431	5	20629	20629	0.025259
431	6	284	284	0.00325966
431	7	11007	11007	0.22388
431	8	12967	12967	0.01581
431	9	902	902	0.0201511
431	10	13	13	0.000144958
431	11	50256	50256	1.52588e-05
432	5	262	262	0.0361462
432	6	6869	6869	0.173418
432	7	8318	8318	0.0709743
432	8	832	832	0.0205631
432	9	3668	3668	0.0874262
432	10	338	338	0.0307608
432	11	9082	9082	0.582677
432	12	13	13	0.00575638
432	13	50256	50256	7.62939e-06
433	5	29410	29410	1.20698
433	6	544	544	0.0484476
433	7	290	290	0.0136156
433	8	3354	3354	0.410618
433	9	286	286	0.00702286
433	10	7840	7840	0.195923
433	11	22779	22779	0.115641
433	12	2031	2031	0.100785
433	13	13	13	1.90735e-06
433	14	50256	50256	7.82013e-05
434	5	290	290	0.00625229
434	6	37919	37919	0.145117
434	7	710	710	0.0739555
434	8	16189	16189	0.05902
434	9	3822	3822	0.0447216
434	10	1656	1656	0.0391607
434	11	287	287	0.0110588
434	12	24956	24956	0.269796
434	13	290	290	0.00225639
434	14	14173	14173	0.406714
434	15	2247	2247	0.0190926
434	16	13	13	3.8147e-06
434	17	50256	50256	3.8147e-06
435	5	893	893	0.0431728
435	6	325	325	0.0550413
435	7	385	385	0.0630417
435	8	2111	2111	0.102808
435	9	284	284	0.00780296
435	10	1441	1441	0.302789
435	11	1363	1363	0.0541372
435	12	706	706	0.0294247
435	13	262	262	0.00513268
435	14	44695	44695	0.156039
435	15	1810	1810	0.0212755
435	16	13	13	1.90735e-06
435	17	50256	50256	3.8147e-06
436	5	12277	12277	0.0604849
436	6	12	12	0.0222502
436	7	11545	11545	0.122453
436	8	10340	10340	0.0171385
436	9	13	13	0.000331879
436	10	50256	50256	1.90735e-06
437	5	30176	30176	0.442489
437	6	4778	4778	0.0117407
437	7	1444	1444	0.0615063
437	8	32858	32858	0.102174
437	9	290	290	0.00317383
437	10	47314	47314	0.302489
437	11	13	13	0.00122643
437	12	50256	50256	3.8147e-06
438	5	15358	15358	0.711189
438	6	1505	1505	0.0673227
438	7	11	11	0.00724602
438	8	543	543	0.22741
438	9	5419	5419	0.0357018
438	10	1296	1296	0.0906286
438	11	257	257	0.0136185
438	12	14153	14153	0.34436
438	13	4417	4417	0.0385284
438	14	7679	7679	0.0676432
438	15	13	13	0.00584221
438	16	50256	50256	2.09808e-05
439	5	24240	24240	0.553797
439	6	318	318	0.0059557
439	7	257	257	0.0163212
439	8	8234	8234	0.190869
439	9	772	772	0.0756254
439	10	996	996	0.040061
439	11	340	340	0.0519943
439	12	318	318	0.060401
439	13	8811	8811	0.122037
439	14	973	973	0.0811758
439	15	355	355	0.0579662
439	16	257	257	0.0123692
439	17	20236	20236	0.21065
439	18	13	13	0.00175667
439	19	50256	50256	3.05176e-05
440	5	286	286	0.0143757
440	6	734	734	0.175135
440	7	13043	13043	0.109267
440	8	11	11	0.0819044
440	9	1690	1690	0.322192
440	10	5399	5399	0.123593
440	11	1978	1978	0.0594778
440	12	13	13	0.00641441
440	13	50256	50256	3.8147e-06
441	5	42085	42085	0.228893
441	6	2138	2138	0.0140715
441	7	621	621	0.0100174
441	8	2641	2641	0.110865
441	9	262	262	0.0172691
441	10	3096	3096	0.134477
441	11	338	338	0.0162992
441	12	24438	24438	0.22495
441	13	13	13	0.00723457
441	14	50256	50256	1.90735e-05
442	5	9530	9530	0.424026
442	6	5866	5866	0.0385923
442	7	11	11	0.0519552
442	8	318	318	0.0620832
442	9	2520	2520	0.217571
442	10	4969	4969	0.0593128
442	11	338	338	0.00949764
442	12	3139	3139	0.12022
442	13	13	13	0.00217819
442	14	50256	50256	2.86102e-05
443	5	21031	21031	0.0521479
443	6	15974	15974	0.0400972
443	7	351	351	0.0118513
443	8	511	511	0.0198193
443	9	16976	16976	0.104676
443	10	2166	2166	0.0540981
443	11	7405	7405	0.0710955
443	12	13	13	0.00238037
443	13	50256	50256	3.8147e-06
444	5	422	422	0.0105782
444	6	530	530	0.0879259
444	7	3303	3303	0.0359774
444	8	656	656	0.0124769
444	9	1194	1194	0.0969849
444	10	10552	10552	0.181117
444	11	13	13	0
444	12	50256	50256	7.62939e-06
445	5	262	262	0.00159264
445	6	717	717	0.149432
445	7	290	290	0.0381727
445	8	2368	2368	1.13077
445	9	13620	13620	0.0424032
445	10	286	286	0.00287628
445	11	262	262	0.0268745
445	12	25572	25572	0.203515
445	13	6772	6772	0.0349693
445	14	13	13	7.62939e-06
445	15	50256	50256	3.8147e-06
446	5	9052	9052	0.285725
446	6	460	460	0.0311394
446	7	21155	21155	0.14964
446	8	257	257	0.0111771
446	9	15004	15004	0.0813398
446	10	13	13	0.000396729
446	11	50256	50256	1.90735e-05
447	5	286	286	0.00346184
447	6	18064	18064	0.242647
447	7	24969	24969	0.0526667
447	8	803	803	0.0689697
447	9	5186	5186	0.0394087
447	10	290	290	0.0246792
447	11	14091	14091	0.13362
447	12	7032	7032	0.0289927
447	13	13	13	0
447	14	50256	50256	9.72748e-05
448	5	17456	17456	0.16734
448	6	338	338	0.0229788
448	7	3139	3139	0.0538578
448	8	11	11	0.0305519
448	9	1474	1474	0.134366
448	10	262	262	0.0084095
448	11	843	843	0.167296
448	12	274	274	0.0296125
448	13	21124	21124	0.0881023
448	14	13	13	2.86102e-05
448	15	50256	50256	3.8147e-06
449	5	49810	49810	0.106004
449	6	5788	5788	0.0961294
449	7	3025	3025	0.0554056
449	8	26741	26741	0.081502
449	9	460	460	0.0180607
449	10	1656	1656	0.0655279
449	11	355	355	0.0679054
449	12	7987	7987	0.183651
449	13	38980	38980	0.0343456
449	14	37783	37783	0.0292206
449	15	13	13	0.000101089
449	16	50256	50256	1.52588e-05
450	5	31685	31685	0.0958757
450	6	82	82	0.0389271
450	7	1588	1588	0.0995035
450	8	12	12	0.0201998
450	9	9888	9888	0.282249
450	10	3867	3867	0.0425282
450	11	1633	1633	0.0236406
450	12	284	284	0.0711994
450	13	262	262	0.0448828
450	14	826	826	0.186516
450	15	287	287	0.0178299
450	16	262	262	0.00817871
450	17	8342	8342	0.371512
450	18	42811	42811	0.0205288
450	19	13	13	0.0010891
450	20	50256	50256	1.33514e-05
451	5	530	530	0.0348673
451	6	3470	3470	0.233109
451	7	7370	7370	0.0485926
451	8	34186	34186	0.0810518
451	9	739	739	0.0366573
451	10	530	530	0.0865583
451	11	8137	8137	0.375019
451	12	286	286	0.0295143
451	13	3833	3833	0.275642
451	14	13	13	0.00460243
451	15	50256	50256	1.90735e-06
452	5	262	262	0.000577927
452	6	886	886	0.217804
452	7	286	286	0.00383949
452	8	257	257	0.0148258
452	9	1277	1277	0.378235
452	10	3194	3194	0.046114
452	11	1808	1808	0.345319
452	12	287	287	0.050395
452	13	3594	3594	0.25692
452	14	13	13	0.00391388
452	15	50256	50256	1.90735e-06
453	5	17556	17556	0.103436
453	6	287	287	0.00574303
453	7	663	663	0.0407314
453	8	4735	4735	0.164054
453	9	1296	1296	0.0384645
453	10	13	13	0.00191116
453	11	50256	50256	1.52588e-05
454	5	402	402	0.0424995
454	6	5350	5350	0.109095
454	7	318	318	0.0156403
454	8	636	636	0.0518265
454	9	286	286	0.00678444
454	10	262	262	0.0188465
454	11	4025	4025	0.171002
454	12	8882	8882	0.109716
454	13	397	397	0.119412
454	14	9869	9869	0.138243
454	15	1045	1045	0.039053
454	16	13	13	0.000991821
454	17	50256	50256	3.8147e-06
455	5	2033	2033	0.0912876
455	6	286	286	0.00559044
455	7	26306	26306	0.15817
455	8	37056	37056	0.0573416
455	9	287	287	0.0112934
455	10	32085	32085	0.0475082
455	11	729	729	0.024724
455	12	13	13	0.000772476
455	13	50256	50256	5.72205e-06
456	5	712	712	0.10589
456	6	39781	39781	0.0623388
456	7	2630	2630	0.0545807
456	8	262	262	0.000175476
456	9	5337	5337	0.267965
456	10	2094	2094	0.0308971
456	11	2264	2264	0.0203667
456	12	844	844	0.0226021
456	13	1258	1258	0.015707
456	14	13	13	0.00015831
456	15	50256	50256	5.72205e-06
457	5	411	411	0.108902
457	6	15695	15695	0.0416002
457	7	78	78	0.0233154
457	8	1724	1724	0.0844116
457	9	284	284	0.0060482
457	10	1716	1716	0.0738144
457	11	11835	11835	0.0688782
457	12	27089	27089	0.0268173
457	13	13	13	1.33514e-05
457	14	50256	50256	7.05719e-05
458	5	14520	14520	0.0355549
458	6	318	318	0.00758171
458	7	663	663	0.00600052
458	8	25317	25317	0.0833931
458	9	13	13	0.000459671
458	10	50256	50256	3.8147e-06
459	5	1180	1180	0.213634
459	6	13204	13204	0.044158
459	7	5107	5107	0.0611563
459	8	286	286	0.0103912
459	9	262	262	0.0731544
459	10	5002	5002	0.0612392
459	11	6588	6588	0.0494175
459	12	13	13	0.00293922
459	13	50256	50256	1.90735e-06
460	5	17465	17465	0.233774
460	6	15225	15225	0.0257301
460	7	857	857	0.0130167
460	8	407	407	0.0183105
460	9	6338	6338	0.132174
460	10	11169	11169	0.0369768
460	11	3703	3703	0.026144
460	12	326	326	0.0109901
460	13	373	373	0.089529
460	14	1239	1239	0.0643396
460	15	6264	6264	0.0422554
460	16	13	13	0
460	17	50256	50256	3.8147e-06
461	5	525	525	0.104207
461	6	907	907	0.0642853
461	7	11	11	0.00740623
461	8	308	308	0.0692921
461	9	676	676	0.0858717
461	10	2188	2188	0.0818243
461	11	7150	7150	0.0696774
461	12	14999	14999	0.0808592
461	13	511	511	0.034935
461	14	5667	5667	0.0500612
461	15	1123	1123	0.0294333
461	16	23608	23608	0.079134
461	17	13	13	1.90735e-06
461	18	50256	50256	3.8147e-06
462	5	12748	12748	1.13827
462	6	7463	7463	0.0858793
462	7	5563	5563	0.0651426
462	8	423	423	0.0770073
462	9	6702	6702	0.803678
462	10	262	262	0.00169182
462	11	976	976	0.263674
462	12	20309	20309	0.195193
462	13	618	618	0.0316019
462	14	1633	1633	0.113987
462	15	6625	6625	0.14727
462	16	318	318	0.0277605
462	17	36480	36480	0.0633917
462	18	13	13	0
462	19	50256	50256	1.33514e-05
463	5	511	511	0.00738239
463	6	11904	11904	0.0726423
463	7	287	287	0.0231552
463	8	47314	47314	0.207166
463	9	2138	2138	0.0126438
463	10	621	621	0.00385284
463	11	15921	15921	0.0681076
463	12	13	13	2.67029e-05
463	13	50256	50256	3.8147e-06
464	5	530	530	0.030365
464	6	7319	7319	0.0471554
464	7	10700	10700	0.142543
464	8	13	13	1.90735e-06
464	9	50256	50256	3.8147e-06
465	5	3372	3372	0.0917177
465	6	14644	14644	0.0584974
465	7	2291	2291	0.037446
465	8	4263	4263	0.0960331
465	9	286	286	0.023531
465	10	14260	14260	0.397149
465	11	290	290	0.021451
465	12	40317	40317	0.137545
465	13	13	13	0
465	14	50256	50256	5.34058e-05
466	5	6795	6795	0.0203581
466	6	287	287	0.00310326
466	7	14174	14174	0.174078
466	8	6650	6650	0.0136986
466	9	13	13	1.90735e-06
466	10	50256	50256	1.90735e-06
467	5	13179	13179	0.0903082
467	6	656	656	0.0358896
467	7	6268	6268	0.0786381
467	8	1863	1863	0.0413208
467	9	663	663	0.0189018
467	10	16488	16488	0.127186
467	11	13	13	9.53674e-06
467	12	50256	50256	3.8147e-06
468	5	257	257	0.00433159
468	6	5664	5664	0.0451784
468	7	13	13	0.000101089
468	8	50256	50256	7.62939e-06
469	5	2727	2727	0.0395823
469	6	262	262	0.00119019
469	7	19812	19812	0.052618
469	8	3240	3240	0.0224123
469	9	286	286	0.00573921
469	10	4100	4100	0.116907
469	11	22311	22311	0.0270758
469	12	13	13	1.90735e-06
469	13	50256	50256	5.72205e-06
470	5	4486	4486	0.0955019
470	6	878	878	0.0158672
470	7	8978	8978	0.0499592
470	8	262	262	0.00596428
470	9	2258	2258	0.16301
470	10	6896	6896	0.0326872
470	11	13	13	1.90735e-06
470	12	50256	50256	5.72205e-06
471	5	286	286	0.00759697
471	6	7446	7446	0.350484
471	7	3917	3917	0.0627213
471	8	351	351	0.00387001
471	9	15568	15568	0.224526
471	10	287	287	0.00768852
471	11	304	304	0.236032
471	12	2724	2724	0.0837307
471	13	560	560	0.0435257
471	14	6210	6210	0.0740471
471	15	4778	4778	0.0399761
471	16	13	13	0
471	17	50256	50256	1.90735e-06
472	5	16839	16839	0.0436945
472	6	326	326	0.0438585
472	7	460	460	0.0517426
472	8	1011	1011	0.132422
472	9	530	530	0.0340223
472	10	286	286	0.00819778
472	11	734	734	0.0395603
472	12	3815	3815	0.0653629
472	13	13	13	0.000101089
472	14	50256	50256	9.34601e-05
473	5	656	656	0.00692558
473	6	734	734	0.0160303
473	7	4778	4778	0.0229073
473	8	13	13	0
473	9	50256	50256	3.8147e-06
474	5	17065	17065	0.0472612
474	6	355	355	0.0160675
474	7	13701	13701	0.101373
474	8	389	389	0.0173397
474	9	7525	7525	0.0568666
474	10	12835	12835	0.0625277
474	11	336	336	0.0630093
474	12	23833	23833	0.143498
474	13	13	13	5.72205e-06
474	14	50256	50256	8.58307e-05
475	5	284	284	0.0200615
475	6	262	262	0.00189972
475	7	4571	4571	0.0618372
475	8	286	286	0.0138912
475	9	3668	3668	0.177688
475	10	338	338	0.0133696
475	11	5093	5093	0.231169
475	12	5724	5724	1.17737
475	13	864	864	0.0390053
475	14	16488	16488	0.0336914
475	15	13	13	0.00120544
475	16	50256	50256	7.62939e-06
476	5	10183	10183	0.731458
476	6	2258	2258	0.0593338
476	7	2253	2253	0.0301495
476	8	13	13	0.000917435
476	9	50256	50256	5.72205e-06
477	5	402	402	0.19475
477	6	23638	23638	0.102077
477	7	21001	21001	0.0541267
477	8	257	257	0.0173607
477	9	1692	1692	0.150144
477	10	1182	1182	0.0459394
477	11	351	351	0.0362778
477	12	257	257	0.01721
477	13	18744	18744	0.163342
477	14	338	338	0.0116596
477	15	1767	1767	0.0638905
477	16	13	13	5.72205e-06
477	17	50256	50256	3.8147e-06
478	5	257	257	0.00634575
478	6	26041	26041	0.0637207
478	7	30971	30971	0.0488939
478	8	2524	2524	0.0383377
478	9	319	319	0.0242767
478	10	262	262	0.00817299
478	11	575	575	0.417325
478	12	1229	1229	0.0416536
478	13	39036	39036	0.0356913
478	14	24078	24078	0.041893
478	15	13	13	0.000831604
478	16	50256	50256	3.8147e-05
479	5	4729	4729	0.124496
479	6	530	530	0.0476809
479	7	1194	1194	0.0318203
479	8	287	287	0.0407019
479	9	281	281	0.0590181
479	10	22088	22088	0.132443
479	11	291	291	0.0393267
479	12	4735	4735	0.0593061
479	13	13	13	5.72205e-05
479	14	50256	50256	0.000106812
480	5	355	355	0.00954247
480	6	262	262	0.0119953
480	7	3139	3139	0.0400295
480	8	1748	1748	0.0387955
480	9	286	286	0.0102921
480	10	16490	16490	0.155787
480	11	13	13	1.90735e-06
480	12	50256	50256	5.72205e-06
481	5	290	290	0.0205841
481	6	6140	6140	0.176954
481	7	262	262	0.00299072
481	8	44639	44639	0.176636
481	9	286	286	0.00114632
481	10	39515	39515	0.22255
481	11	13	13	0.000106812
481	12	50256	50256	5.72205e-06
482	5	262	262	0.00597095
482	6	2656	2656	0.201726
482	7	1366	1366	0.0784235
482	8	284	284	0.0168715
482	9	307	307	0.122718
482	10	49594	49594	0.12926
482	11	3446	3446	0.103408
482	12	13	13	7.62939e-06
482	13	50256	50256	3.8147e-06
483	5	1317	1317	0.0878029
483	6	379	379	0.0222025
483	7	262	262	0.0152855
483	8	3726	3726	0.317443
483	9	286	286	0.00335312
483	10	257	257	0.0594006
483	11	3194	3194	0.270142
483	12	1808	1808	0.25611
483	13	13	13	0.00373459
483	14	50256	50256	5.72205e-06
484	5	2678	2678	0.0447083
484	6	11	11	0.00709724
484	7	1390	1390	0.154124
484	8	14679	14679	0.0252914
484	9	290	290	0.00388908
484	10	17322	17322	0.263082
484	11	13	13	0.000829697
484	12	50256	50256	5.72205e-06
485	5	290	290	0.0149612
485	6	5594	5594	0.0964136
485	7	284	284	0.00171089
485	8	262	262	0.00833702
485	9	610	610	0.240581
485	10	620	620	0.020752
485	11	77	77	0.0110312
485	12	2340	2340	0.0241756
485	13	13	13	0.00303459
485	14	50256	50256	0.000118256
486	5	38967	38967	0.11288
486	6	5911	5911	0.0750799
486	7	257	257	0.00846481
486	8	2524	2524	0.187809
486	9	338	338	0.0247355
486	10	9574	9574	0.0920506
486	11	286	286	0.0020771
486	12	13755	13755	0.096427
486	13	13	13	0
486	14	50256	50256	0.000102997
487	5	3146	3146	0.0404434
487	6	13	13	9.34601e-05
487	7	50256	50256	7.62939e-06
488	5	3407	3407	0.0360785
488	6	6285	6285	0.074707
488	7	6637	6637	0.0570869
488	8	3170	3170	0.0223761
488	9	1141	1141	0.0648956
488	10	1180	1180	0.0387297
488	11	37860	37860	0.0369968
488	12	459	459	0.0378504
488	13	444	444	0.0385971
488	14	13	13	1.52588e-05
488	15	50256	50256	3.8147e-06
489	5	11	11	0.00656319
489	6	981	981	0.0720911
489	7	257	257	0.0114927
489	8	2116	2116	0.102195
489	9	12	12	0.0261497
489	10	634	634	0.183279
489	11	12907	12907	0.0603266
489	12	6870	6870	0.0661983
489	13	262	262	0.000608444
489	14	6802	6802	0.100077
489	15	13	13	0.00189972
489	16	50256	50256	1.52588e-05
490	5	287	287	0.00243759
490	6	2882	2882	0.0640621
490	7	284	284	0.00346565
490	8	13522	13522	0.0379791
490	9	13	13	1.52588e-05
490	10	50256	50256	1.90735e-06
491	5	3139	3139	0.041254
491	6	11	11	0.0335655
491	7	319	319	0.136719
491	8	262	262	0.00758743
491	9	12108	12108	0.186471
491	10	286	286	0.0165081
491	11	22777	22777	0.549186
491	12	13	13	1.33514e-05
491	13	50256	50256	3.8147e-06
492	5	24907	24907	0.0857801
492	6	416	416	0.0097332
492	7	31094	31094	0.0539494
492	8	28471	28471	0.0699005
492	9	13	13	0.00102425
492	10	50256	50256	1.90735e-06
493	5	7446	7446	0.144897
493	6	7000	7000	0.226435
493	7	8513	8513	0.178271
493	8	1321	1321	0.039567
493	9	13	13	0.00123596
493	10	50256	50256	1.90735e-06
494	5	284	284	0.00456047
494	6	3197	3197	0.136547
494	7	21181	21181	0.0458345
494	8	832	832	0.007864
494	9	23607	23607	0.0897226
494	10	13	13	0.00344086
494	11	50256	50256	1.90735e-05
495	5	20394	20394	0.0483809
495	6	7572	7572	0.0210695
495	7	290	290	0.00561714
495	8	987	987	0.0675592
495	9	48331	48331	0.0423012
495	10	15268	15268	0.0787783
495	11	13	13	2.28882e-05
495	12	50256	50256	7.62939e-06
496	5	1973	1973	0.0179586
496	6	2031	2031	0.0380745
496	7	1141	1141	0.0271463
496	8	262	262	0.0115204
496	9	1440	1440	0.174208
496	10	20283	20283	0.050643
496	11	4289	4289	0.0350504
496	12	13	13	0
496	13	50256	50256	3.8147e-06
497	5	2057	2057	0.0111475
497	6	1863	1863	0.0376692
497	7	262	262	0.00277328
497	8	34616	34616	0.0611134
497	9	14998	14998	0.0267773
497	10	13	13	0
497	11	50256	50256	1.71661e-05
498	5	878	878	0.0231962
498	6	5033	5033	0.0502119
498	7	8539	8539	0.0615225
498	8	276	276	0.0265932
498	9	6490	6490	0.0330153
498	10	13	13	1.90735e-05
498	11	50256	50256	9.53674e-06
499	5	18355	18355	0.406172
499	6	12135	12135	0.0391245
499	7	15114	15114	0.0247593
499	8	355	355	0.0391407
499	9	2208	2208	0.323462
499	10	24494	24494	0.0731535
499	11	276	276	0.0278826
499	12	1660	1660	0.0438738
499	13	44389	44389	0.123642
499	14	4291	4291	0.0243702
499	15	4771	4771	0.0502014
499	16	13166	13166	0.0675306
499	17	13	13	0.00037384
499	18	50256	50256	1.90735e-06
500	5	379	379	0.0524549
500	6	543	543	0.0648375
500	7	2647	2647	0.0749493
500	8	318	318	0.0273132
500	9	6157	6157	0.123293
500	10	13	13	0
500	11	50256	50256	1.71661e-05
501	5	5440	5440	0.0293636
501	6	3917	3917	0.0308075
501	7	351	351	0.00410461
501	8	262	262	0.0024395
501	9	509	509	0.410695
501	10	9019	9019	0.0349245
501	11	525	525	0.056798
501	12	16734	16734	0.0320187
501	13	13	13	5.53131e-05
501	14	50256	50256	9.72748e-05
502	5	262	262	0.021101
502	6	2297	2297	0.189672
502	7	6896	6896	0.02917
502	8	290	290	0.0420361
502	9	262	262	0.00902653
502	10	22035	22035	0.239726
502	11	12108	12108	0.0711384
502	12	13	13	0.00123787
502	13	50256	50256	3.8147e-06
503	5	16968	16968	0.0507803
503	6	1660	1660	0.0290518
503	7	2641	2641	0.037282
503	8	606	606	0.0528612
503	9	12188	12188	0.0707293
503	10	6751	6751	0.0411377
503	11	3833	3833	0.0489521
503	12	13	13	0
503	13	50256	50256	3.8147e-06
504	5	22037	22037	0.159225
504	6	13100	13100	0.0783939
504	7	284	284	0.0367641
504	8	1440	1440	0.136424
504	9	19651	19651	0.084012
504	10	6588	6588	0.0179348
504	11	23235	23235	0.142119
504	12	13	13	0.00307465
504	13	50256	50256	3.8147e-06
505	5	18391	18391	0.0488691
505	6	4778	4778	0.0323114
505	7	284	284	0.0262966
505	8	1296	1296	0.0728817
505	9	257	257	0.00705147
505	10	649	649	0.0882797
505	11	1976	1976	0.0445337
505	12	35641	35641	0.0286741
505	13	1258	1258	0.0226517
505	14	13	13	4.00543e-05
505	15	50256	50256	3.8147e-06
506	5	625	625	0.0122614
506	6	37294	37294	0.0433102
506	7	5207	5207	0.0266809
506	8	13	13	3.05176e-05
506	9	50256	50256	5.72205e-06
507	5	284	284	0.00642586
507	6	12405	12405	0.361708
507	7	290	290	0.00266075
507	8	18510	18510	0.294634
507	9	50126	50126	0.0518761
507	10	1366	1366	0.0548725
507	11	13	13	0.00206375
507	12	50256	50256	5.72205e-06
508	5	1022	1022	0.0152435
508	6	290	290	0.0295877
508	7	1088	1088	0.0641737
508	8	262	262	0.00031662
508	9	14189	14189	0.424377
508	10	2442	2442	0.0418949
508	11	290	290	0.000974655
508	12	47441	47441	0.190513
508	13	9700	9700	0.0310287
508	14	18180	18180	0.0595303
508	15	13	13	9.53674e-06
508	16	50256	50256	2.09808e-05
509	5	11	11	0.0214081
509	6	981	981	0.0762215
509	7	4530	4530	0.115683
509	8	286	286	0.00946236
509	9	262	262	0.00710297
509	10	976	976	0.0673208
509	11	1051	1051	0.0641518
509	12	1128	1128	0.0585566
509	13	417	417	0.0560837
509	14	13	13	0.000982285
509	15	50256	50256	3.8147e-06
510	5	12	12	0.0114288
510	6	2385	2385	0.38985
510	7	863	863	0.0503187
510	8	2712	2712	0.105855
510	9	4116	4116	0.0423641
510	10	4909	4909	0.0736246
510	11	1440	1440	0.0747375
510	12	14803	14803	0.0406628
510	13	13	13	0.00118065
510	14	50256	50256	7.05719e-05
511	5	257	257	0.0118637
511	6	14091	14091	0.0943642
511	7	2214	2214	0.0155077
511	8	13	13	0.000177383
511	9	50256	50256	5.72205e-06
512	5	3188	3188	0.0765505
512	6	393	393	0.00871563
512	7	4067	4067	0.127342
512	8	284	284	0.0131207
512	9	1194	1194	0.0793495
512	10	8271	8271	0.200945
512	11	393	393	0.0186501
512	12	4067	4067	0.144949
512	13	13	13	5.72205e-06
512	14	50256	50256	8.58307e-05
513	5	4695	4695	0.0226889
513	6	287	287	0.0040226
513	7	16976	16976	0.205851
513	8	11	11	0.0101986
513	9	18086	18086	0.208999
513	10	12	12	0.013278
513	11	16760	16760	0.286471
513	12	5667	5667	0.0324764
513	13	13	13	0.00264931
513	14	50256	50256	3.62396e-05
514	5	319	319	0.0143757
514	6	2869	2869	0.216466
514	7	338	338	0.0208397
514	8	7022	7022	0.183864
514	9	286	286	0.00945473
514	10	367	367	0.507945
514	11	684	684	0.0710468
514	12	13415	13415	0.0556507
514	13	13	13	0.00464821
514	14	50256	50256	5.53131e-05
515	5	8122	8122	0.0968237
515	6	656	656	0.278548
515	7	257	257	0.000741959
515	8	3623	3623	0.341192
515	9	379	379	0.047533
515	10	663	663	0.0675106
515	11	4417	4417	0.39329
515	12	13	13	0
515	13	50256	50256	3.8147e-06
516	5	416	416	0.0247107
516	6	38797	38797	0.0695629
516	7	278	278	0.0406876
516	8	7545	7545	0.05299
516	9	351	351	0.0248632
516	10	300	300	0.11377
516	11	12009	12009	0.0695591
516	12	7408	7408	0.0279026
516	13	11492	11492	0.0246382
516	14	13	13	0.000102997
516	15	50256	50256	5.72205e-06
517	5	287	287	0.0193138
517	6	7408	7408	0.176717
517	7	414	414	0.0515385
517	8	618	618	0.0305901
517	9	1402	1402	0.178056
517	10	6867	6867	0.0712929
517	11	286	286	0.0115013
517	12	7408	7408	0.226115
517	13	393	393	0.0698948
517	14	2779	2779	0.253244
517	15	389	389	0.0446825
517	16	2087	2087	0.0933704
517	17	13	13	0.000350952
517	18	50256	50256	3.8147e-06
518	5	5107	5107	0.128911
518	6	286	286	0.0079689
518	7	3194	3194	0.159025
518	8	3435	3435	0.176132
518	9	355	355	0.0232601
518	10	281	281	0.145483
518	11	1242	1242	0.217915
518	12	13	13	5.72205e-06
518	13	50256	50256	5.72205e-06
519	5	3017	3017	0.0238543
519	6	465	465	0.0233107
519	7	898	898	0.0456009
519	8	35674	35674	0.0529509
519	9	287	287	0.00431442
519	10	10123	10123	0.135264
519	11	6065	6065	0.045248
519	12	24252	24252	0.0153313
519	13	13	13	7.43866e-05
519	14	50256	50256	8.2016e-05
520	5	7421	7421	0.0882473
520	6	286	286	0.00258255
520	7	3878	3878	0.188613
520	8	5491	5491	0.0663929
520	9	13	13	0.000865936
520	10	50256	50256	3.8147e-06
521	5	44771	44771	0.0302563
521	6	262	262	0.00395966
521	7	27806	27806	0.371759
521	8	286	286	0.00166321
521	9	262	262	0.0114098
521	10	449	449	0.168962
521	11	544	544	0.0448456
521	12	1641	1641	0.0642891
521	13	13	13	0.00340462
521	14	50256	50256	7.82013e-05
522	5	28721	28721	0.164699
522	6	287	287	0.00687027
522	7	8850	8850	0.103099
522	8	1103	1103	0.0962553
522	9	34768	34768	0.0697527
522	10	13	13	9.53674e-06
522	11	50256	50256	1.33514e-05
523	5	286	286	0.0117569
523	6	10183	10183	0.335415
523	7	2520	2520	0.0219889
523	8	2253	2253	0.0104809
523	9	13	13	1.90735e-06
523	10	50256	50256	3.8147e-06
524	5	31555	31555	0.0623598
524	6	262	262	0.0116749
524	7	4434	4434	1.13004
524	8	323	323	0.0651789
524	9	24078	24078	0.11388
524	10	422	422	0.0421486
524	11	5060	5060	0.112063
524	12	26066	26066	0.0218086
524	13	13	13	6.48499e-05
524	14	50256	50256	0.000139236
525	5	468	468	0.0074482
525	6	37516	37516	0.0921421
525	7	12	12	0.0106659
525	8	26022	26022	0.385969
525	9	8251	8251	0.0162048
525	10	13	13	1.90735e-06
525	11	50256	50256	1.71661e-05
526	5	262	262	0.00113678
526	6	40829	40829	0.209085
526	7	31643	31643	0.0291691
526	8	4886	4886	0.0336466
526	9	32726	32726	0.0451612
526	10	28192	28192	0.0390348
526	11	17745	17745	0.0366106
526	12	13	13	0.000156403
526	13	50256	50256	3.8147e-06
527	5	416	416	0.1042
527	6	262	262	0.014657
527	7	29973	29973	0.228918
527	8	3048	3048	0.0544758
527	9	286	286	0.00728798
527	10	262	262	0.00176048
527	11	6869	6869	0.377443
527	12	290	290	0.0234375
527	13	262	262	0.0285044
527	14	3825	3825	0.191066
527	15	13	13	0.00922203
527	16	50256	50256	2.09808e-05
528	5	2587	2587	0.0442924
528	6	422	422	0.0429077
528	7	7815	7815	0.169167
528	8	284	284	0.00764656
528	9	36717	36717	0.293325
528	10	257	257	0.0136423
528	11	3785	3785	0.163116
528	12	13	13	7.24792e-05
528	13	50256	50256	3.8147e-06
529	5	2568	2568	0.0292559
529	6	832	832	0.0424891
529	7	12213	12213	0.234375
529	8	1626	1626	0.0495958
529	9	2300	2300	0.0980358
529	10	1231	1231	0.0370235
529	11	11963	11963	0.119506
529	12	2587	2587	0.055171
529	13	5202	5202	0.098547
529	14	13	13	0
529	15	50256	50256	3.8147e-06
530	5	11904	11904	0.0788937
530	6	1043	1043	0.0820808
530	7	2641	2641	0.0350609
530	8	262	262	0.0105133
530	9	6891	6891	0.232462
530	10	4618	4618	0.0172615
530	11	338	338	0.00964546
530	12	15921	15921	0.068819
530	13	13	13	0
530	14	50256	50256	5.72205e-06
531	5	4833	4833	0.0849514
531	6	37446	37446	0.0493269
531	7	11	11	0.00942421
531	8	1123	1123	0.220932
531	9	351	351	0.0403395
531	10	5093	5093	0.222642
531	11	290	290	0.0254517
531	12	5366	5366	0.295289
531	13	24971	24971	0.0301409
531	14	13	13	0
531	15	50256	50256	5.72205e-06
532	5	5688	5688	0.0530987
532	6	416	416	0.00731468
532	7	262	262	0.000959396
532	8	7492	7492	0.252859
532	9	5866	5866	0.0426073
532	10	13	13	0.000570297
532	11	50256	50256	1.71661e-05
533	5	511	511	0.0136662
533	6	2057	2057	0.038866
533	7	7525	7525	0.0524502
533	8	416	416	0.0144997
533	9	6600	6600	0.0772152
533	10	4618	4618	0.0138798
533	11	2587	2587	0.052125
533	12	13	13	0
533	13	50256	50256	3.8147e-06
534	5	656	656	0.0155888
534	6	262	262	0.0182076
534	7	2619	2619	0.355558
534	8	6896	6896	0.0371971
534	9	832	832	0.0476189
534	10	257	257	0.0355625
534	11	1588	1588	0.12318
534	12	25979	25979	0.0590782
534	13	13	13	4.76837e-05
534	14	50256	50256	9.53674e-06
535	5	663	663	0.00675774
535	6	8574	8574	0.0930967
535	7	10154	10154	0.111797
535	8	618	618	0.0264874
535	9	1176	1176	0.0426769
535	10	318	318	0.012887
535	11	4615	4615	0.105246
535	12	13	13	0.00235462
535	13	50256	50256	3.8147e-06
536	5	3696	3696	0.171213
536	6	625	625	0.0305471
536	7	640	640	0.0829306
536	8	13	13	0.000427246
536	9	50256	50256	5.72205e-06
537	5	41898	41898	0.908061
537	6	11	11	0.00732994
537	7	15677	15677	0.342726
537	8	82	82	0.0286741
537	9	262	262	0.00390053
537	10	1556	1556	0.190181
537	11	2838	2838	0.0684519
537	12	286	286	0.000982285
537	13	262	262	0.0165701
537	14	17467	17467	0.264608
537	15	385	385	0.0519285
537	16	5866	5866	0.0979872
537	17	13	13	0.00980759
537	18	50256	50256	0.000188828
538	5	21079	21079	0.0425758
538	6	262	262	0.00084877
538	7	3085	3085	0.0870895
538	8	1627	1627	0.0227642
538	9	8686	8686	0.0221548
538	10	284	284	0.00393295
538	11	262	262	0.00520897
538	12	3465	3465	0.148243
538	13	402	402	0.031601
538	14	13	13	0.0033474
538	15	50256	50256	3.8147e-06
539	5	29509	29509	0.0741863
539	6	263	263	0.0508232
539	7	621	621	0.0337801
539	8	5814	5814	0.0957365
539	9	32085	32085	0.0228567
539	10	729	729	0.0471544
539	11	286	286	0.0227566
539	12	262	262	0.0145969
539	13	976	976	0.0678873
539	14	3664	3664	0.179255
539	15	6269	6269	0.0638313
539	16	379	379	0.0237064
539	17	7226	7226	0.127126
539	18	9151	9151	0.098609
539	19	10101	10101	0.0196362
539	20	13	13	0.000841141
539	21	50256	50256	0.000297546
540	5	1022	1022	0.0591011
540	6	6632	6632	0.24043
540	7	290	290	0.0211926
540	8	530	530	0.14492
540	9	11	11	0.037014
540	10	19889	19889	0.149784
540	11	13	13	8.39233e-05
540	12	50256	50256	5.72205e-06
541	5	1262	1262	0.0477819
541	6	257	257	0.000881195
541	7	2060	2060	0.0538301
541	8	302	302	0.117725
541	9	276	276	0.0633812
541	10	13	13	0.00097084
541	11	50256	50256	3.05176e-05
542	5	11470	11470	0.328073
542	6	7370	7370	0.0378895
542	7	393	393	0.0300789
542	8	734	734	0.0736818
542	9	31028	31028	0.120749
542	10	2511	2511	0.072032
542	11	1547	1547	0.0813665
542	12	13	13	7.62939e-06
542	13	50256	50256	5.72205e-06
543	5	3436	3436	0.0334768
543	6	857	857	0.03899
543	7	407	407	0.0243845
543	8	10385	10385	0.156514
543	9	262	262	0.00548935
543	10	1366	1366	0.116573
543	11	8574	8574	0.113379
543	12	2641	2641	0.0416107
543	13	340	340	0.0672693
543	14	13	13	0.00397396
543	15	50256	50256	3.8147e-06
544	5	987	987	0.0443707
544	6	48331	48331	0.0291462
544	7	23607	23607	0.0508804
544	8	286	286	0.0100727
544	9	21181	21181	0.0837011
544	10	13	13	0.0041256
544	11	50256	50256	1.71661e-05
545	5	290	290	0.00418472
545	6	11298	11298	0.161369
545	7	4133	4133	0.0212507
545	8	884	884	0.0199099
545	9	355	355	0.00801659
545	10	11532	11532	0.0567636
545	11	4963	4963	0.0149622
545	12	13	13	0.000518799
545	13	50256	50256	5.72205e-06
546	5	287	287	0.000347137
546	6	257	257	0.00561333
546	7	16430	16430	0.0758619
546	8	13	13	1.90735e-06
546	9	50256	50256	6.67572e-05
547	5	11408	11408	0.564577
547	6	787	787	0.06007
547	7	10469	10469	0.055047
547	8	2300	2300	0.0902615
547	9	422	422	0.0251064
547	10	287	287	0.0173607
547	11	36617	36617	0.264267
547	12	4237	4237	0.0311022
547	13	13	13	1.33514e-05
547	14	50256	50256	0.000101089
548	5	38985	38985	0.0400639
548	6	636	636	0.037859
548	7	286	286	0.00705719
548	8	7840	7840	0.233106
548	9	17456	17456	0.117186
548	10	13	13	0
548	11	50256	50256	1.90735e-05
549	5	6268	6268	0.0348396
549	6	656	656	0.0105801
549	7	18411	18411	0.127982
549	8	2568	2568	0.040926
549	9	13	13	5.72205e-06
549	10	50256	50256	3.8147e-06
550	5	734	734	0.277597
550	6	318	318	0.0631409
550	7	262	262	0.144461
550	8	691	691	0.782584
550	9	772	772	0.0854883
550	10	530	530	0.0658445
550	11	13	13	0.00231171
550	12	50256	50256	7.62939e-06
551	5	262	262	0.0531693
551	6	3934	3934	0.553897
551	7	16395	16395	0.26541
551	8	15989	15989	0.139412
551	9	3812	3812	0.0660725
551	10	663	663	0.0491314
551	11	6971	6971	0.269424
551	12	8384	8384	0.0578566
551	13	832	832	0.136322
551	14	19794	19794	0.375212
551	15	13	13	1.90735e-05
551	16	50256	50256	2.47955e-05
552	5	262	262	0.0429583
552	6	3139	3139	0.0330219
552	7	1748	1748	0.0409136
552	8	286	286	0.00102425
552	9	27026	27026	0.587609
552	10	287	287	0.00348473
552	11	2520	2520	0.306303
552	12	7229	7229	0.022768
552	13	13	13	0
552	14	50256	50256	9.72748e-05
553	5	37989	37989	0.0331049
553	6	7370	7370	0.0301819
553	7	13	13	0.00140953
553	8	50256	50256	9.53674e-06
554	5	14422	14422	0.0312338
554	6	286	286	0.0085125
554	7	36683	36683	0.496621
554	8	571	571	0.135978
554	9	10304	10304	0.101562
554	10	547	547	0.0640182
554	11	23470	23470	0.0739136
554	12	656	656	0.0182371
554	13	7815	7815	0.140278
554	14	287	287	0.0144215
554	15	31592	31592	0.0643482
554	16	13	13	0
554	17	50256	50256	1.90735e-06
555	5	2753	2753	0.0419254
555	6	1295	1295	0.049468
555	7	1973	1973	0.0257187
555	8	262	262	0.0288858
555	9	7714	7714	0.25469
555	10	286	286	0.00308418
555	11	7009	7009	0.112599
555	12	435	435	0.0655088
555	13	303	303	0.0927343
555	14	11106	11106	0.0187016
555	15	13	13	0
555	16	50256	50256	1.90735e-05
556	5	2939	2939	0.0465527
556	6	19794	19794	0.0584164
556	7	290	290	0.00811386
556	8	13902	13902	0.0746508
556	9	13	13	0
556	10	50256	50256	3.8147e-06
557	5	4263	4263	0.0280361
557	6	422	422	0.0342541
557	7	867	867	0.151619
557	8	1402	1402	0.0248165
557	9	22969	22969	0.079071
557	10	286	286	0.00397491
557	11	3124	3124	0.168097
557	12	13	13	0.000658035
557	13	50256	50256	3.8147e-06
558	5	3923	3923	0.0820093
558	6	287	287	0.0130386
558	7	262	262	0.00570297
558	8	5739	5739	0.0749636
558	9	8689	8689	0.0323944
558	10	286	286	0.00528526
558	11	1881	1881	0.188616
558	12	39255	39255	0.0817642
558	13	290	290	0.017107
558	14	1881	1881	0.202203
558	15	27760	27760	0.0476999
558	16	13	13	0.000171661
558	17	50256	50256	3.8147e-06
559	5	286	286	0.00906181
559	6	20296	20296	0.105411
559	7	326	326	0.0153904
559	8	5615	5615	0.105906
559	9	287	287	0.00504494
559	10	262	262	0.00770569
559	11	41917	41917	0.134003
559	12	1613	1613	0.107864
559	13	13	13	0.00497627
559	14	50256	50256	3.8147e-05
560	5	15170	15170	0.0438156
560	6	2577	2577	0.13213
560	7	8477	8477	0.449837
560	8	257	257	0.00906658
560	9	3350	3350	0.203471
560	10	8272	8272	0.107034
560	11	338	338	0.0227108
560	12	1204	1204	0.178266
560	13	319	319	0.0197077
560	14	281	281	0.108915
560	15	7022	7022	0.135046
560	16	13	13	0.00477409
560	17	50256	50256	3.8147e-06
561	5	3825	3825	0.15852
561	6	1656	1656	0.0640717
561	7	284	284	0.0317154
561	8	1445	1445	0.145935
561	9	1973	1973	0.0689373
561	10	262	262	0.0309677
561	11	6766	6766	0.757855
561	12	1123	1123	0.110459
561	13	1110	1110	0.258849
561	14	13	13	0.00918579
561	15	50256	50256	3.8147e-06
562	5	262	262	0.00430584
562	6	15189	15189	0.537631
562	7	3634	3634	0.0439816
562	8	4279	4279	0.0416746
562	9	11	11	0.00682831
562	10	340	340	0.0607557
562	11	1276	1276	0.117394
562	12	7719	7719	0.156241
562	13	284	284	0.0154514
562	14	257	257	0.0137558
562	15	16599	16599	1.41516
562	16	11	11	0.00601387
562	17	10929	10929	0.184639
562	18	11	11	0.00351906
562	19	24233	24233	0.316395
562	20	11	11	0.0124931
562	21	393	393	0.025795
562	22	22062	22062	0.0348911
562	23	13	13	0
562	24	50256	50256	6.86646e-05
563	5	2420	2420	0.128008
563	6	2915	2915	0.0385056
563	7	13676	13676	0.038661
563	8	1088	1088	0.0242472
563	9	15985	15985	0.118599
563	10	11904	11904	0.0323153
563	11	13	13	0.000923157
563	12	50256	50256	5.72205e-06
564	5	389	389	0.0115604
564	6	3706	3706	0.119636
564	7	13548	13548	0.0557919
564	8	418	418	0.0248899
564	9	11	11	0.00269318
564	10	350	350	0.26291
564	11	1506	1506	0.0927839
564	12	418	418	0.0507555
564	13	11	11	0.0167427
564	14	290	290	0.0265446
564	15	39026	39026	0.269171
564	16	271	271	0.0667562
564	17	13	13	0.000101089
564	18	50256	50256	1.71661e-05
565	5	6156	6156	0.0730505
565	6	9088	9088	0.141841
565	7	286	286	0.00554085
565	8	24726	24726	0.250551
565	9	13399	13399	0.027318
565	10	13	13	1.90735e-06
565	11	50256	50256	1.71661e-05
566	5	1402	1402	0.023675
566	6	11904	11904	0.0640249
566	7	326	326	0.0257149
566	8	3092	3092	0.244066
566	9	257	257	0.0153818
566	10	8904	8904	0.247985
566	11	8574	8574	0.0402746
566	12	2057	2057	0.0977354
566	13	5127	5127	0.0855074
566	14	13	13	0
566	15	50256	50256	5.72205e-06
567	5	2904	2904	0.0631399
567	6	2087	2087	0.03755
567	7	2378	2378	0.0506506
567	8	717	717	0.061389
567	9	13	13	0.00442982
567	10	50256	50256	3.8147e-06
568	5	1717	1717	0.0653667
568	6	6327	6327	0.0538282
568	7	360	360	0.116772
568	8	39781	39781	0.0527744
568	9	262	262	0.00882339
568	10	20281	20281	0.250405
568	11	286	286	0.00276947
568	12	383	383	0.142498
568	13	2764	2764	0.214856
568	14	286	286	0.0118351
568	15	22489	22489	0.184281
568	16	24568	24568	0.0378342
568	17	78	78	0.0153961
568	18	13	13	8.01086e-05
568	19	50256	50256	2.28882e-05
569	5	287	287	0.0189915
569	6	2292	2292	0.66501
569	7	981	981	0.062377
569	8	257	257	0.0344296
569	9	9664	9664	0.238902
569	10	318	318	0.0254841
569	11	36932	36932	1.7867
569	12	13	13	0.000272751
569	13	50256	50256	3.8147e-06
570	5	516	516	0.064395
570	6	15113	15113	0.0529146
570	7	4635	4635	0.0542364
570	8	355	355	0.0298977
570	9	257	257	0.0010128
570	10	19999	19999	0.127209
570	11	1868	1868	0.0770741
570	12	14170	14170	0.0876207
570	13	281	281	0.0473061
570	14	8137	8137	0.318049
570	15	13	13	0.000711441
570	16	50256	50256	0.000169754
571	5	262	262	0.0203466
571	6	6869	6869	0.111266
571	7	318	318	0.0272684
571	8	6697	6697	0.529335
571	9	262	262	0.0120239
571	10	3825	3825	0.154557
571	11	287	287	0.0445423
571	12	3668	3668	0.151157
571	13	338	338	0.019722
571	14	6766	6766	0.437982
571	15	13	13	0.00172997
571	16	50256	50256	1.71661e-05
572	5	355	355	0.0101223
572	6	262	262	0.0106754
572	7	3139	3139	0.0402889
572	8	286	286	0.00407982
572	9	262	262	0.00124168
572	10	45772	45772	0.2255
572	11	8065	8065	0.0689468
572	12	13	13	0.000600815
572	13	50256	50256	3.8147e-06
573	5	832	832	0.0162239
573	6	3668	3668	0.0568714
573	7	338	338	0.00564003
573	8	8137	8137	0.193723
573	9	290	290	0.00979614
573	10	12229	12229	0.379737
573	11	262	262	0.00311852
573	12	2323	2323	0.206131
573	13	318	318	0.0259638
573	14	1444	1444	0.113357
573	15	257	257	0.095067
573	16	19999	19999	0.22876
573	17	578	578	0.566016
573	18	13	13	0
573	19	50256	50256	2.47955e-05
574	5	660	660	0.024106
574	6	318	318	0.00333595
574	7	3917	3917	0.0521069
574	8	351	351	0.00570488
574	9	262	262	0.00727367
574	10	1855	1855	0.31836
574	11	24611	24611	0.0212011
574	12	14355	14355	0.0189648
574	13	13	13	3.8147e-06
574	14	50256	50256	8.39233e-05
575	5	2967	2967	0.0467777
575	6	656	656	0.0110493
575	7	10601	10601	0.262171
575	8	329	329	0.0178413
575	9	8509	8509	0.0885572
575	10	290	290	0.00687122
575	11	584	584	0.101993
575	12	9013	9013	0.0806313
575	13	13	13	7.62939e-06
575	14	50256	50256	1.33514e-05
576	5	14768	14768	0.0610952
576	6	319	319	0.0320263
576	7	24438	24438	0.135227
576	8	286	286	0.0139656
576	9	262	262	0.0420914
576	10	976	976	0.0746174
576	11	3124	3124	0.108354
576	12	3690	3690	0.0786152
576	13	8850	8850	0.0289993
576	14	6100	6100	0.184848
576	15	13	13	0.000577927
576	16	50256	50256	1.33514e-05
577	5	3794	3794	0.136177
577	6	284	284	0.00361252
577	7	262	262	0.0100288
577	8	5366	5366	0.164287
577	9	290	290	0.0242262
577	10	2807	2807	0.442599
577	11	284	284	0.0131817
577	12	262	262	0.0214033
577	13	5093	5093	0.203847
577	14	13	13	0.0112677
577	15	50256	50256	3.8147e-06
578	5	6727	6727	0.417919
578	6	4417	4417	0.0553827
578	7	286	286	0.00916672
578	8	262	262	0.0100632
578	9	24725	24725	0.604248
578	10	34573	34573	0.0684729
578	11	6516	6516	0.0768099
578	12	287	287	0.0155582
578	13	281	281	0.0315409
578	14	555	555	0.306432
578	15	10414	10414	0.108382
578	16	1389	1389	0.0293961
578	17	14839	14839	0.0318108
578	18	7087	7087	0.041235
578	19	13	13	0.000139236
578	20	50256	50256	7.62939e-06
579	5	257	257	0.00791931
579	6	9629	9629	0.213383
579	7	286	286	0.000581741
579	8	987	987	0.147346
579	9	86	86	0.106211
579	10	16206	16206	0.0505896
579	11	4618	4618	0.0222855
579	12	26742	26742	0.0757751
579	13	13	13	0.00262833
579	14	50256	50256	8.7738e-05
580	5	286	286	0.000648499
580	6	4930	4930	0.188495
580	7	20830	20830	0.0433531
580	8	287	287	0.00231361
580	9	3576	3576	0.199039
580	10	290	290	0.00477123
580	11	6342	6342	0.106303
580	12	13	13	2.09808e-05
580	13	50256	50256	3.8147e-06
581	5	16524	16524	0.0858335
581	6	284	284	0.0322695
581	7	1180	1180	0.0807858
581	8	10530	10530	0.24207
581	9	22421	22421	0.0615501
581	10	416	416	0.0284452
581	11	5609	5609	0.0852003
581	12	262	262	0.00494957
581	13	12097	12097	0.2256
581	14	286	286	0.0179176
581	15	511	511	0.0326996
581	16	13026	13026	0.241218
581	17	16600	16600	0.0217724
581	18	13	13	0.000232697
581	19	50256	50256	2.47955e-05
582	5	21270	21270	0.0567541
582	6	287	287	0.00355721
582	7	11228	11228	0.123716
582	8	2057	2057	0.00981426
582	9	13	13	6.86646e-05
582	10	50256	50256	1.90735e-06
583	5	9215	9215	0.0523319
583	6	17359	17359	0.05023
583	7	284	284	0.00825691
583	8	1296	1296	0.0449305
583	9	9215	9215	0.148949
583	10	13	13	0
583	11	50256	50256	1.71661e-05
584	5	4492	4492	0.0537205
584	6	422	422	0.00685692
584	7	7840	7840	0.159216
584	8	4881	4881	0.0886145
584	9	13	13	1.71661e-05
584	10	50256	50256	3.8147e-06
585	5	276	276	0.0161934
585	6	287	287	0.00560951
585	7	281	281	0.0155716
585	8	11557	11557	0.0309696
585	9	1080	1080	0.0123892
585	10	13	13	0
585	11	50256	50256	1.52588e-05
586	5	8771	8771	0.396489
586	6	800	800	0.0480661
586	7	3369	3369	0.0712833
586	8	2346	2346	0.207312
586	9	11	11	0.031435
586	10	3264	3264	0.21267
586	11	393	393	0.0371656
586	12	20762	20762	0.405455
586	13	13	13	1.90735e-06
586	14	50256	50256	5.91278e-05
587	5	10087	10087	0.141765
587	6	422	422	0.0128422
587	7	477	477	0.114869
587	8	584	584	0.0553322
587	9	2877	2877	0.194367
587	10	4695	4695	0.113604
587	11	13	13	0.00264359
587	12	50256	50256	7.62939e-06
588	5	925	925	0.038969
588	6	422	422	0.0202484
588	7	262	262	0.00163841
588	8	279	279	0.340785
588	9	342	342	0.10348
588	10	286	286	0.00745392
588	11	262	262	0.0136156
588	12	20461	20461	0.435554
588	13	21180	21180	0.123114
588	14	4618	4618	0.0469475
588	15	13	13	1.90735e-06
588	16	50256	50256	5.14984e-05
589	5	11	11	0.0216417
589	6	1663	1663	0.151623
589	7	379	379	0.0398798
589	8	5417	5417	0.354005
589	9	11	11	0.0186815
589	10	290	290	0.0489893
589	11	1441	1441	0.432568
589	12	284	284	0.0298424
589	13	40941	40941	0.492416
589	14	284	284	0.0190525
589	15	22919	22919	1.08339
589	16	13	13	0.00156975
589	17	50256	50256	1.90735e-06
590	5	11	11	0.0317888
590	6	14104	14104	0.218261
590	7	13015	13015	0.110843
590	8	11	11	0.0136433
590	9	290	290	0.0209112
590	10	3624	3624	0.159374
590	11	9421	9421	0.0565052
590	12	1063	1063	0.00667381
590	13	13	13	0
590	14	50256	50256	0.000101089
591	5	29289	29289	1.42263
591	6	8435	8435	0.0504293
591	7	973	973	0.0305443
591	8	284	284	0.0228233
591	9	5163	5163	0.448523
591	10	3992	3992	0.0348082
591	11	4133	4133	0.0485411
591	12	13	13	0.000375748
591	13	50256	50256	3.8147e-06
592	5	9016	9016	0.0647421
592	6	4731	4731	0.0493336
592	7	318	318	0.00972366
592	8	2793	2793	0.433668
592	9	287	287	0.0146999
592	10	7078	7078	0.218927
592	11	621	621	0.0471888
592	12	262	262	0.0344687
592	13	38283	38283	0.599083
592	14	338	338	0.0419998
592	15	6678	6678	0.223166
592	16	9016	9016	0.0617476
592	17	4731	4731	0.0588169
592	18	13	13	0.0017395
592	19	50256	50256	2.09808e-05
593	5	4635	4635	0.0899124
593	6	416	416	0.0335293
593	7	23147	23147	0.161111
593	8	44030	44030	0.0589523
593	9	6147	6147	0.0741701
593	10	656	656	0.033534
593	11	285	285	0.268163
593	12	10119	10119	0.0270185
593	13	13	13	0.000354767
593	14	50256	50256	8.01086e-05
594	5	7363	7363	0.115486
594	6	284	284	0.0114231
594	7	262	262	0.0182104
594	8	7627	7627	0.146035
594	9	286	286	0.00344849
594	10	22779	22779	0.116885
594	11	7229	7229	0.070219
594	12	13	13	0
594	13	50256	50256	3.8147e-06
595	5	262	262	0.000192642
595	6	13589	13589	0.231282
595	7	284	284	0.0113564
595	8	262	262	0.00141144
595	9	11384	11384	0.344
595	10	832	832	0.0161514
595	11	262	262	0.0077095
595	12	1658	1658	0.254625
595	13	2522	2522	0.044323
595	14	31111	31111	0.0238953
595	15	13	13	0
595	16	50256	50256	1.71661e-05
596	5	8630	8630	0.143572
596	6	287	287	0.0017395
596	7	2658	2658	0.306207
596	8	417	417	0.0638847
596	9	292	292	0.106438
596	10	287	287	0.00648212
596	11	262	262	0.00411797
596	12	25861	25861	0.419353
596	13	1080	1080	0.0770655
596	14	13	13	0.0063839
596	15	50256	50256	5.72205e-06
597	5	11881	11881	0.0484867
597	6	1364	1364	0.0493536
597	7	422	422	0.0256329
597	8	262	262	0.00198936
597	9	1903	1903	0.116828
597	10	3024	3024	0.0304918
597	11	6881	6881	0.0191469
597	12	13	13	0.000391006
597	13	50256	50256	3.8147e-06
598	5	20435	20435	0.0654726
598	6	3356	3356	0.0244064
598	7	290	290	0.00637245
598	8	5529	5529	0.193226
598	9	5236	5236	0.00917912
598	10	13	13	1.90735e-05
598	11	50256	50256	1.52588e-05
599	5	416	416	0.0111389
599	6	37228	37228	0.360975
599	7	7888	7888	0.0369349
599	8	11685	11685	0.0409145
599	9	286	286	0.00996399
599	10	4898	4898	0.0987473
599	11	11	11	0.0095768
599	12	3221	3221	0.262992
599	13	351	351	0.0208521
599	14	39623	39623	0.217977
599	15	13020	13020	0.0683136
599	16	11678	11678	0.0283422
599	17	13	13	5.72205e-06
599	18	50256	50256	3.05176e-05
600	5	13055	13055	0.0352516
600	6	1660	1660	0.0627556
600	7	300	300	0.0937881
600	8	3922	3922	0.331308
600	9	287	287	0.00790977
600	10	465	465	0.137269
600	11	11376	11376	0.114551
600	12	379	379	0.00940895
600	13	8118	8118	0.0603571
600	14	933	933	0.0302181
600	15	88	88	0.0183411
600	16	13	13	3.43323e-05
600	17	50256	50256	1.90735e-06
601	5	422	422	0.0219908
601	6	257	257	0.0693235
601	7	4417	4417	0.0981331
601	8	736	736	0.114314
601	9	3812	3812	0.0348349
601	10	257	257	0.0188446
601	11	24783	24783	0.203277
601	12	13	13	0
601	13	50256	50256	3.8147e-06
602	5	257	257	0.00495911
602	6	18778	18778	0.29388
602	7	14688	14688	0.0595798
602	8	680	680	0.0376463
602	9	12	12	0.0440664
602	10	43745	43745	0.320982
602	11	19634	19634	0.0366383
602	12	287	287	0.00411224
602	13	281	281	0.0748539
602	14	12278	12278	0.0676737
602	15	17655	17655	0.115616
602	16	13	13	3.05176e-05
602	17	50256	50256	1.14441e-05
603	5	3794	3794	0.212161
603	6	3994	3994	0.0650473
603	7	20838	20838	0.124824
603	8	21641	21641	0.19163
603	9	290	290	0.00738335
603	10	42645	42645	0.490949
603	11	13	13	0.00159073
603	12	50256	50256	5.72205e-06
604	5	11	11	0.000917435
604	6	14354	14354	0.184711
604	7	11	11	0.0008564
604	8	290	290	0.0129471
604	9	7572	7572	0.0758514
604	10	286	286	0.000829697
604	11	3292	3292	0.0698061
604	12	13	13	3.62396e-05
604	13	50256	50256	3.8147e-06
605	5	379	379	0.0277576
605	6	7496	7496	0.139627
605	7	290	290	0.00969219
605	8	734	734	0.058672
605	9	7435	7435	0.0882502
605	10	1173	1173	0.0284081
605	11	829	829	0.0114803
605	12	13	13	9.53674e-06
605	13	50256	50256	5.72205e-06
606	5	290	290	0.0150318
606	6	26306	26306	0.235878
606	7	21622	21622	0.0398502
606	8	422	422	0.0226555
606	9	262	262	0.00112724
606	10	9260	9260	0.222207
606	11	13	13	3.8147e-06
606	12	50256	50256	1.33514e-05
607	5	326	326	0.0563698
607	6	8833	8833	0.208357
607	7	351	351	0.0594826
607	8	262	262	0.0114346
607	9	6000	6000	0.221779
607	10	8373	8373	0.0613813
607	11	287	287	0.0096302
607	12	257	257	0.0207844
607	13	27039	27039	0.110631
607	14	13	13	0
607	15	50256	50256	3.8147e-06
608	5	7043	7043	0.953908
608	6	316	316	0.0789003
608	7	787	787	0.109867
608	8	2647	2647	0.0692472
608	9	287	287	0.0276623
608	10	257	257	0.0243015
608	11	1448	1448	0.177938
608	12	286	286	0.0256042
608	13	734	734	0.0864105
608	14	13	13	3.8147e-06
608	15	50256	50256	5.72205e-06
609	5	510	510	0.03407
609	6	15455	15455	0.0801172
609	7	1231	1231	0.0165682
609	8	5609	5609	0.0683517
609	9	262	262	0.0104904
609	10	1321	1321	0.0503445
609	11	852	852	0.0447617
609	12	42517	42517	0.0997543
609	13	798	798	0.0394135
609	14	13	13	0
609	15	50256	50256	3.8147e-06
610	5	13055	13055	0.0160236
610	6	383	383	0.0262575
610	7	2907	2907	0.116836
610	8	563	563	0.0785027
610	9	5265	5265	0.0638657
610	10	287	287	0.0157795
610	11	49545	49545	0.0879154
610	12	13	13	7.43866e-05
610	13	50256	50256	3.8147e-06
611	5	1239	1239	0.125496
611	6	11073	11073	0.180876
611	7	257	257	0.00759697
611	8	4633	4633	0.186839
611	9	1255	1255	0.0339041
611	10	13	13	3.8147e-06
611	11	50256	50256	1.52588e-05
612	5	2630	2630	0.0943222
612	6	3923	3923	0.120267
612	7	326	326	0.0159016
612	8	7301	7301	0.088994
612	9	41553	41553	0.0484676
612	10	82	82	0.0169573
612	11	11	11	0.0708885
612	12	37174	37174	0.300864
612	13	11	11	0.0155973
612	14	290	290	0.105538
612	15	5369	5369	0.0808086
612	16	13	13	0
612	17	50256	50256	3.8147e-06
613	5	546	546	0.0288639
613	6	262	262	0.000564575
613	7	20175	20175	0.707502
613	8	43989	43989	0.0453291
613	9	290	290	0.00102997
613	10	38201	38201	0.11958
613	11	13	13	0.002285
613	12	50256	50256	5.72205e-06
614	5	9518	9518	0.0587654
614	6	5667	5667	0.0253201
614	7	2138	2138	0.0296965
614	8	621	621	0.00990772
614	9	8850	8850	0.0518999
614	10	13737	13737	0.0484638
614	11	13	13	2.28882e-05
614	12	50256	50256	3.8147e-06
615	5	416	416	0.0115051
615	6	27259	27259	0.603107
615	7	7545	7545	0.0232744
615	8	656	656	0.0174656
615	9	1090	1090	0.139193
615	10	9310	9310	0.0247412
615	11	290	290	0.00260925
615	12	483	483	0.45246
615	13	88	88	0.0309534
615	14	13	13	5.53131e-05
615	15	50256	50256	3.8147e-06
616	5	1633	1633	0.0835371
616	6	5721	5721	0.134698
616	7	12611	12611	0.066494
616	8	803	803	0.0830584
616	9	416	416	0.0278444
616	10	41719	41719	0.128653
616	11	511	511	0.0308876
616	12	11914	11914	0.14277
616	13	656	656	0.0126839
616	14	257	257	0.012681
616	15	5422	5422	0.147855
616	16	12239	12239	0.16821
616	17	13	13	0.00217438
616	18	50256	50256	3.8147e-06
617	5	19418	19418	0.0333624
617	6	36578	36578	0.0339069
617	7	351	351	0.00704288
617	8	6496	6496	0.165919
617	9	8188	8188	0.0178127
617	10	13	13	0
617	11	50256	50256	1.52588e-05
618	5	355	355	0.0162964
618	6	257	257	0.0107994
618	7	1271	1271	0.0239763
618	8	286	286	0.000656128
618	9	3470	3470	0.116465
618	10	9998	9998	0.0120096
618	11	13	13	0.000593185
618	12	50256	50256	5.72205e-06
619	5	284	284	0.0209217
619	6	3283	3283	0.228091
619	7	12967	12967	0.0297928
619	8	902	902	0.0247278
619	9	1973	1973	0.032218
619	10	257	257	0.0149574
619	11	4417	4417	0.0712719
619	12	13	13	0.000432968
619	13	50256	50256	3.8147e-06
620	5	4905	4905	1.12487
620	6	286	286	0.00311279
620	7	281	281	0.06359
620	8	15835	15835	0.1337
620	9	393	393	0.0220394
620	10	875	875	0.221462
620	11	13168	13168	0.111043
620	12	11862	11862	0.0496769
620	13	13	13	0.00251389
620	14	50256	50256	0.000120163
621	5	338	338	0.00943375
621	6	1810	1810	0.0855227
621	7	290	290	0.00314331
621	8	12689	12689	0.144779
621	9	3407	3407	0.0224066
621	10	262	262	0.00753784
621	11	14332	14332	0.1349
621	12	2305	2305	0.046361
621	13	9229	9229	0.0380955
621	14	11796	11796	0.0497885
621	15	286	286	0.00370026
621	16	3284	3284	0.0846043
621	17	13	13	1.90735e-06
621	18	50256	50256	2.47955e-05
622	5	3650	3650	0.0980492
622	6	12278	12278	0.0416851
622	7	2568	2568	0.0513716
622	8	832	832	0.0359821
622	9	48287	48287	0.102205
622	10	5931	5931	0.0238285
622	11	12737	12737	0.0796013
622	12	13	13	0.00128555
622	13	50256	50256	3.8147e-06
623	5	4143	4143	0.0518913
623	6	2173	2173	0.0738249
623	7	1497	1497	0.0881948
623	8	422	422	0.0195227
623	9	262	262	0.00812149
623	10	3825	3825	0.07166
623	11	13	13	0.00181389
623	12	50256	50256	5.72205e-06
624	5	290	290	0.00133896
624	6	6754	6754	0.122911
624	7	2478	2478	0.0209541
624	8	286	286	0.00177002
624	9	2456	2456	0.100879
624	10	13	13	0.00129318
624	11	50256	50256	1.71661e-05
625	5	3033	3033	0.0240202
625	6	262	262	0.00321579
625	7	26997	26997	0.323845
625	8	2677	2677	0.0489855
625	9	11	11	0.00448418
625	10	3825	3825	0.144262
625	11	370	370	0.061141
625	12	46654	46654	0.0299644
625	13	13	13	3.8147e-06
625	14	50256	50256	0.000104904
626	5	3139	3139	0.0520439
626	6	373	373	0.0928726
626	7	327	327	0.280331
626	8	385	385	0.144862
626	9	1073	1073	0.37753
626	10	11	11	0.0184708
626	11	287	287	0.0259323
626	12	1944	1944	0.0881596
626	13	12	12	0.020112
626	14	820	820	0.0993071
626	15	25768	25768	0.167151
626	16	13	13	3.8147e-06
626	17	50256	50256	1.71661e-05
627	5	5403	5403	0.16655
627	6	663	663	0.0199623
627	7	16874	16874	0.0736113
627	8	13	13	3.8147e-06
627	9	50256	50256	5.72205e-06
628	5	2583	2583	0.445376
628	6	4778	4778	0.0349121
628	7	284	284	0.00823402
628	8	4439	4439	0.0704679
628	9	649	649	0.127049
628	10	9471	9471	0.0597782
628	11	13166	13166	0.0213776
628	12	13	13	0
628	13	50256	50256	3.8147e-06
629	5	2568	2568	0.02882
629	6	832	832	0.0612049
629	7	6565	6565	0.203448
629	8	2272	2272	0.123842
629	9	13	13	1.90735e-06
629	10	50256	50256	5.72205e-06
630	5	3519	3519	0.0426207
630	6	1035	1035	0.0454607
630	7	24370	24370	0.0286741
630	8	287	287	0.0031929
630	9	13550	13550	0.108987
630	10	34619	34619	0.0295897
630	11	746	746	0.0526934
630	12	291	291	0.0859203
630	13	11	11	0.0277042
630	14	1897	1897	0.211945
630	15	6210	6210	0.0540466
630	16	11	11	0.00699615
630	17	290	290	0.0141611
630	18	8312	8312	0.169046
630	19	14750	14750	0.0148687
630	20	13	13	0.000339508
630	21	50256	50256	0.000602722
631	5	329	329	0.0399675
631	6	663	663	0.0299063
631	7	1913	1913	0.209331
631	8	8508	8508	0.0518656
631	9	290	290	0.00252533
631	10	27892	27892	0.181434
631	11	35988	35988	0.0524168
631	12	11222	11222	0.0925245
631	13	13	13	3.8147e-06
631	14	50256	50256	9.15527e-05
632	5	329	329	0.0218801
632	6	18120	18120	0.107703
632	7	257	257	0.0114136
632	8	1917	1917	0.148066
632	9	393	393	0.0175638
632	10	9489	9489	0.118287
632	11	257	257	0.00716591
632	12	4876	4876	0.112601
632	13	13	13	0.001688
632	14	50256	50256	0.000118256
633	5	422	422	0.00113678
633	6	15756	15756	0.0975809
633	7	5597	5597	0.0318327
633	8	422	422	0.0053997
633	9	13686	13686	0.147552
633	10	49235	49235	0.0112267
633	11	13	13	0
633	12	50256	50256	3.8147e-06
634	5	34371	34371	0.0177135
634	6	16578	16578	0.0517979
634	7	283	283	0.0449915
634	8	3815	3815	0.0210485
634	9	1262	1262	0.0326719
634	10	16311	16311	0.126353
634	11	286	286	0.00223351
634	12	530	530	0.0980129
634	13	284	284	0.0177917
634	14	1440	1440	0.11943
634	15	9881	9881	0.0651665
634	16	13	13	4.57764e-05
634	17	50256	50256	1.90735e-06
635	5	2458	2458	0.0384912
635	6	257	257	0.00369835
635	7	6769	6769	0.392542
635	8	338	338	0.0147734
635	9	6515	6515	0.269238
635	10	8373	8373	0.0436878
635	11	618	618	0.0212336
635	12	2723	2723	0.174496
635	13	290	290	0.00189018
635	14	22890	22890	0.502141
635	15	1445	1445	0.0413218
635	16	3585	3585	0.0704327
635	17	284	284	0.0173292
635	18	1123	1123	0.0535688
635	19	584	584	0.0935192
635	20	13	13	0.00214767
635	21	50256	50256	0.000253677
636	5	8372	8372	0.220874
636	6	3354	3354	0.0329018
636	7	286	286	0.00681305
636	8	16519	16519	0.209981
636	9	290	290	0.0100574
636	10	17456	17456	0.154884
636	11	13	13	0
636	12	50256	50256	3.8147e-06
637	5	21767	21767	0.167855
637	6	262	262	0.00160599
637	7	1271	1271	0.123881
637	8	286	286	0.00471306
637	9	1237	1237	0.333251
637	10	684	684	0.053875
637	11	287	287	0.0263128
637	12	663	663	0.0316792
637	13	29984	29984	0.152125
637	14	13	13	1.90735e-06
637	15	50256	50256	3.8147e-06
638	5	5563	5563	0.0135269
638	6	832	832	0.0400753
638	7	41630	41630	0.251304
638	8	38445	38445	0.0357428
638	9	5107	5107	0.0448065
638	10	13	13	0.000156403
638	11	50256	50256	1.90735e-05
639	5	14921	14921	0.0505629
639	6	5563	5563	0.0429659
639	7	884	884	0.0363932
639	8	355	355	0.0136642
639	9	8234	8234	0.288383
639	10	11	11	0.0281382
639	11	12734	12734	0.373339
639	12	11	11	0.06007
639	13	393	393	0.181833
639	14	14891	14891	0.125683
639	15	13	13	0
639	16	50256	50256	1.52588e-05
640	5	7997	7997	0.516623
640	6	416	416	0.0137539
640	7	257	257	0.0206375
640	8	10706	10706	0.0575752
640	9	286	286	0.00240898
640	10	17848	17848	0.0835571
640	11	13	13	0.00053215
640	12	50256	50256	5.72205e-06
641	5	281	281	0.0161619
641	6	4457	4457	0.0993176
641	7	29877	29877	0.0465393
641	8	2858	2858	0.0403824
641	9	11	11	0.00775528
641	10	407	407	0.0664711
641	11	257	257	0.0170498
641	12	2818	2818	0.115905
641	13	17076	17076	0.0582495
641	14	13	13	0
641	15	50256	50256	5.72205e-06
642	5	3194	3194	0.0927858
642	6	355	355	0.0411739
642	7	257	257	0.000385284
642	8	8064	8064	0.214454
642	9	286	286	0.00160789
642	10	734	734	0.12822
642	11	37014	37014	0.0496111
642	12	13	13	3.8147e-05
642	13	50256	50256	5.72205e-06
643	5	2107	2107	0.14425
643	6	290	290	0.0111465
643	7	1663	1663	0.280983
643	8	329	329	0.0591431
643	9	517	517	0.139029
643	10	621	621	0.0191851
643	11	734	734	0.0984516
643	12	812	812	0.0528278
643	13	13	13	3.8147e-06
643	14	50256	50256	2.28882e-05
644	5	3139	3139	0.0291758
644	6	286	286	0.00120926
644	7	16952	16952	0.26647
644	8	287	287	0.00179482
644	9	21199	21199	0.0826454
644	10	7229	7229	0.0113115
644	11	13	13	0
644	12	50256	50256	5.72205e-06
645	5	4847	4847	0.0848351
645	6	832	832	0.0326567
645	7	10288	10288	0.189179
645	8	284	284	0.018795
645	9	584	584	0.0916967
645	10	4847	4847	0.0880527
645	11	13	13	1.90735e-06
645	12	50256	50256	7.62939e-06
646	5	10050	10050	0.102621
646	6	2568	2568	0.0161896
646	7	284	284	0.0170994
646	8	663	663	0.0111828
646	9	21334	21334	0.0588284
646	10	13	13	7.43866e-05
646	11	50256	50256	9.53674e-06
647	5	48135	48135	0.405609
647	6	286	286	0.00483322
647	7	262	262	0.0255604
647	8	11188	11188	0.354677
647	9	3967	3967	0.0420589
647	10	1176	1176	0.0763454
647	11	286	286	0.00133705
647	12	257	257	0.00477219
647	13	1729	1729	0.126247
647	14	22570	22570	0.0230961
647	15	1271	1271	0.0186949
647	16	13	13	1.14441e-05
647	17	50256	50256	1.52588e-05
648	5	262	262	0.00371933
648	6	3085	3085	0.088872
648	7	1627	1627	0.0352774
648	8	8686	8686	0.01441
648	9	284	284	0.00336647
648	10	262	262	0.00317574
648	11	3465	3465	0.117349
648	12	376	376	0.0285625
648	13	13	13	0.00102043
648	14	50256	50256	0.000108719
649	5	1499	1499	0.0550003
649	6	287	287	0.0339012
649	7	262	262	0.0124741
649	8	7840	7840	0.165812
649	9	18020	18020	0.0705175
649	10	13	13	3.8147e-06
649	11	50256	50256	1.71661e-05
650	5	4469	4469	0.166525
650	6	286	286	0.0133514
650	7	26467	26467	0.255568
650	8	385	385	0.0659313
650	9	1872	1872	0.0693617
650	10	338	338	0.0122576
650	11	3878	3878	0.300818
650	12	17084	17084	0.0388212
650	13	13	13	0.0026474
650	14	50256	50256	5.53131e-05
651	5	2846	2846	0.44855
651	6	286	286	0.00276375
651	7	1223	1223	0.377137
651	8	2073	2073	0.0998487
651	9	1231	1231	0.0274305
651	10	10616	10616	0.0525475
651	11	257	257	0.00579834
651	12	18875	18875	0.199052
651	13	5369	5369	0.035018
651	14	13	13	0
651	15	50256	50256	5.72205e-06
652	5	77	77	0.0173712
652	6	2340	2340	0.0509043
652	7	326	326	0.0642834
652	8	3745	3745	0.133711
652	9	319	319	0.0354309
652	10	262	262	0.0288868
652	11	2910	2910	0.312615
652	12	286	286	0.0157452
652	13	11453	11453	0.105829
652	14	13	13	0.00301933
652	15	50256	50256	3.8147e-06
653	5	1602	1602	0.184504
653	6	14796	14796	0.0416918
653	7	22950	22950	0.326495
653	8	423	423	0.0408916
653	9	262	262	0.00150108
653	10	976	976	0.220844
653	11	4129	4129	0.0986547
653	12	13	13	0.00134659
653	13	50256	50256	3.8147e-06
654	5	6268	6268	0.0127831
654	6	4073	4073	0.109815
654	7	416	416	0.00981712
654	8	29781	29781	0.131582
654	9	290	290	0.00343132
654	10	584	584	0.120087
654	11	38622	38622	0.0530024
654	12	13	13	0
654	13	50256	50256	3.8147e-06
655	5	635	635	0.251506
655	6	8811	8811	0.0585451
655	7	1900	1900	0.047698
655	8	355	355	0.0179157
655	9	5482	5482	0.240831
655	10	3820	3820	0.0302067
655	11	10872	10872	0.0432539
655	12	16567	16567	0.0578384
655	13	13	13	0
655	14	50256	50256	3.8147e-05
656	5	5405	5405	0.0135412
656	6	416	416	0.0106239
656	7	28472	28472	0.272047
656	8	803	803	0.0236454
656	9	340	340	0.0345869
656	10	351	351	0.0278053
656	11	1633	1633	0.0939178
656	12	13	13	0.00107956
656	13	50256	50256	3.8147e-06
657	5	4756	4756	0.186836
657	6	832	832	0.00740719
657	7	543	543	0.073967
657	8	1657	1657	0.0352669
657	9	14170	14170	0.177086
657	10	262	262	0.00786781
657	11	18480	18480	0.563005
657	12	1080	1080	0.0531359
657	13	13	13	0.003479
657	14	50256	50256	2.86102e-05
658	5	4855	4855	0.0310278
658	6	14510	14510	0.0304651
658	7	287	287	0.00849915
658	8	6156	6156	0.0370045
658	9	6365	6365	0.0946455
658	10	13	13	6.29425e-05
658	11	50256	50256	1.33514e-05
659	5	423	423	0.0600204
659	6	257	257	0.00410652
659	7	2060	2060	0.142949
659	8	269	269	0.141786
659	9	313	313	0.105695
659	10	88	88	0.0402231
659	11	992	992	0.387956
659	12	261	261	0.0413399
659	13	13	13	0.000265121
659	14	50256	50256	1.14441e-05
660	5	2280	2280	0.0176935
660	6	393	393	0.0249872
660	7	15256	15256	0.0903883
660	8	2280	2280	0.0380821
660	9	618	618	0.0393124
660	10	484	484	0.0732851
660	11	21721	21721	0.0334177
660	12	13	13	0.000299454
660	13	50256	50256	5.72205e-06
661	5	12	12	0.0437088
661	6	13982	13982	0.31274
661	7	21824	21824	0.103798
661	8	5421	5421	0.160076
661	9	1978	1978	0.0463467
661	10	656	656	0.0666208
661	11	3881	3881	0.146832
661	12	13	13	0.00632477
661	13	50256	50256	2.28882e-05
662	5	46716	46716	0.726469
662	6	1805	1805	0.0896692
662	7	262	262	0.00726986
662	8	517	517	0.172571
662	9	19217	19217	0.0492182
662	10	12098	12098	0.0437212
662	11	11061	11061	0.0388985
662	12	606	606	0.0589113
662	13	13	13	0.000301361
662	14	50256	50256	8.96454e-05
663	5	37475	37475	0.0475121
663	6	11	11	0.00478172
663	7	284	284	0.0613699
663	8	5643	5643	0.407383
663	9	11	11	0.0102482
663	10	3664	3664	0.189678
663	11	321	321	0.0486355
663	12	45070	45070	0.0588722
663	13	11	11	0.00516129
663	14	290	290	0.0247421
663	15	23849	23849	0.163803
663	16	2339	2339	0.0434904
663	17	1275	1275	0.0434999
663	18	721	721	0.0509548
663	19	346	346	0.0561676
663	20	1547	1547	0.0461102
663	21	13	13	1.90735e-06
663	22	50256	50256	7.62939e-05
664	5	3624	3624	0.192792
664	6	5101	5101	0.0757017
664	7	284	284	0.0170822
664	8	7301	7301	0.22388
664	9	290	290	0.0247107
664	10	5412	5412	0.337703
664	11	5563	5563	0.0329351
664	12	13	13	0.000125885
664	13	50256	50256	5.72205e-06
665	5	262	262	0.000593185
665	6	10596	10596	0.188271
665	7	10692	10692	0.0295858
665	8	832	832	0.0189123
665	9	262	262	0.00679588
665	10	41407	41407	0.241154
665	11	286	286	0.00402451
665	12	47403	47403	0.153535
665	13	13	13	2.67029e-05
665	14	50256	50256	0.000106812
666	5	42096	42096	0.0449791
666	6	379	379	0.0135984
666	7	262	262	0.0118713
666	8	18955	18955	0.118186
666	9	393	393	0.0129147
666	10	22088	22088	0.0630579
666	11	291	291	0.0207052
666	12	1241	1241	0.110424
666	13	13	13	0
666	14	50256	50256	4.76837e-05
667	5	5563	5563	0.0243635
667	6	416	416	0.0743141
667	7	13157	13157	0.256426
667	8	517	517	0.0352459
667	9	1657	1657	0.0239124
667	10	621	621	0.0543537
667	11	262	262	0.0146132
667	12	555	555	0.106634
667	13	64	64	0.114239
667	14	1384	1384	0.0503607
667	15	4151	4151	0.0469093
667	16	13	13	0.00131798
667	17	50256	50256	3.8147e-06
668	5	284	284	0.00169754
668	6	8181	8181	0.0965471
668	7	422	422	0.00694847
668	8	5509	5509	0.109557
668	9	13737	13737	0.0552664
668	10	13	13	7.62939e-06
668	11	50256	50256	1.52588e-05
669	5	2753	2753	0.0248528
669	6	1295	1295	0.0301352
669	7	8384	8384	0.0362911
669	8	319	319	0.0264111
669	9	281	281	0.0354042
669	10	7022	7022	0.0524569
669	11	13	13	0.000759125
669	12	50256	50256	5.72205e-06
670	5	16524	16524	0.0522966
670	6	13510	13510	0.05268
670	7	9210	9210	0.0488777
670	8	326	326	0.0139923
670	9	389	389	0.0483646
670	10	7425	7425	0.100205
670	11	351	351	0.0125046
670	12	6428	6428	0.165078
670	13	5289	5289	0.0398026
670	14	13	13	3.8147e-06
670	15	50256	50256	3.8147e-06
671	5	7596	7596	0.0260544
671	6	4791	4791	0.0514441
671	7	591	591	0.0618725
671	8	7346	7346	0.0523005
671	9	257	257	0.0101929
671	10	1327	1327	0.577399
671	11	8434	8434	0.0625763
671	12	7582	7582	0.0288324
671	13	13	13	0.0004673
671	14	50256	50256	0.000112534
672	5	2291	2291	0.0169668
672	6	24789	24789	0.0465727
672	7	47523	47523	0.0583429
672	8	290	290	0.00784969
672	9	14186	14186	0.298134
672	10	6147	6147	0.0443058
672	11	12835	12835	0.0684204
672	12	13	13	0.00370979
672	13	50256	50256	3.8147e-06
673	5	878	878	0.0103321
673	6	14342	14342	0.0315752
673	7	1973	1973	0.00620747
673	8	2031	2031	0.0313091
673	9	13	13	0
673	10	50256	50256	7.62939e-06
674	5	1104	1104	0.373259
674	6	966	966	0.0353012
674	7	1444	1444	0.0453005
674	8	257	257	0.0135479
674	9	46246	46246	0.354009
674	10	6098	6098	0.0602903
674	11	388	388	0.0347786
674	12	13	13	0.000947952
674	13	50256	50256	3.8147e-06
675	5	656	656	0.043129
675	6	262	262	0.0190639
675	7	1956	1956	0.240893
675	8	24162	24162	0.0407238
675	9	327	327	0.0555954
675	10	5126	5126	0.0507612
675	11	666	666	0.0465164
675	12	6896	6896	0.0780344
675	13	13	13	0.0004673
675	14	50256	50256	7.62939e-06
676	5	5399	5399	0.246661
676	6	15921	15921	0.0692902
676	7	286	286	0.00188637
676	8	867	867	0.212672
676	9	12734	12734	0.0929766
676	10	13	13	0.00030899
676	11	50256	50256	1.71661e-05
677	5	2568	2568	0.0424232
677	6	656	656	0.0238914
677	7	12370	12370	0.385131
677	8	6268	6268	0.0493374
677	9	13	13	0.00191307
677	10	50256	50256	1.90735e-06
678	5	389	389	0.0993156
678	6	1043	1043	0.0945816
678	7	355	355	0.0261402
678	8	880	880	0.178332
678	9	355	355	0.0135975
678	10	644	644	0.178308
678	11	484	484	0.0378332
678	12	389	389	0.0146284
678	13	13	13	7.62939e-06
678	14	50256	50256	0.0001297
679	5	287	287	0.00748634
679	6	262	262	0.00589561
679	7	4037	4037	0.212605
679	8	4482	4482	0.0495949
679	9	286	286	0.00482368
679	10	27719	27719	0.131954
679	11	13	13	4.00543e-05
679	12	50256	50256	3.8147e-06
680	5	3139	3139	0.0266714
680	6	286	286	0.00305367
680	7	21291	21291	0.396461
680	8	11	11	0.015873
680	9	1029	1029	0.602782
680	10	287	287	0.00314522
680	11	262	262	0.0127163
680	12	843	843	0.0825748
680	13	274	274	0.0166883
680	14	13	13	0.000919342
680	15	50256	50256	3.8147e-06
681	5	3139	3139	0.0739899
681	6	11	11	0.0192451
681	7	290	290	0.0667133
681	8	262	262	0.0395279
681	9	569	569	0.822371
681	10	396	396	0.0693436
681	11	4712	4712	0.05019
681	12	15623	15623	0.160778
681	13	832	832	0.0327778
681	14	340	340	0.0648708
681	15	13	13	0.000127792
681	16	50256	50256	2.09808e-05
682	5	13	13	5.72205e-06
682	6	50256	50256	9.53674e-06
683	5	7306	7306	0.177771
683	6	10349	10349	0.0805416
683	7	2648	2648	0.0771351
683	8	262	262	0.00590897
683	9	976	976	0.140056
683	10	15004	15004	0.0594206
683	11	3580	3580	0.0199432
683	12	13	13	0.000148773
683	13	50256	50256	3.8147e-06
684	5	1103	1103	0.0665579
684	6	3146	3146	0.0936499
684	7	318	318	0.0103531
684	8	3967	3967	0.138459
684	9	13	13	0.00463104
684	10	50256	50256	3.8147e-06
685	5	1296	1296	0.0494585
685	6	618	618	0.0325165
685	7	44030	44030	0.218554
685	8	2587	2587	0.0362177
685	9	3608	3608	0.111881
685	10	82	82	0.0737572
685	11	290	290	0.0320873
685	12	4735	4735	0.155307
685	13	6945	6945	0.0241833
685	14	13	13	3.8147e-05
685	15	50256	50256	5.72205e-06
686	5	5894	5894	0.591177
686	6	4771	4771	0.109284
686	7	2458	2458	0.149344
686	8	3264	3264	0.0954199
686	9	422	422	0.0382366
686	10	4735	4735	0.119328
686	11	284	284	0.0231924
686	12	3623	3623	0.193787
686	13	13	13	0
686	14	50256	50256	6.29425e-05
687	5	5002	5002	0.0429449
687	6	423	423	0.059597
687	7	4961	4961	0.0811491
687	8	386	386	0.0970383
687	9	1122	1122	0.0544424
687	10	9853	9853	0.0506659
687	11	475	475	0.103505
687	12	1180	1180	0.0532045
687	13	49810	49810	0.237953
687	14	9853	9853	0.101469
687	15	13	13	0.00215149
687	16	50256	50256	2.09808e-05
688	5	42407	42407	0.0292253
688	6	469	469	0.0613852
688	7	318	318	0.00889683
688	8	262	262	0.00556183
688	9	4318	4318	0.10132
688	10	2095	2095	0.12691
688	11	287	287	0.00949764
688	12	317	317	0.147395
688	13	6786	6786	0.0663309
688	14	5074	5074	0.0222988
688	15	13	13	1.90735e-06
688	16	50256	50256	2.09808e-05
689	5	925	925	0.0410509
689	6	7525	7525	0.0297365
689	7	286	286	0.00928307
689	8	6383	6383	0.184628
689	9	50006	50006	0.0227747
689	10	2138	2138	0.00422478
689	11	621	621	0.00780487
689	12	9970	9970	0.051919
689	13	13	13	0.00087738
689	14	50256	50256	0.000102997
690	5	26600	26600	0.0594101
690	6	663	663	0.0143652
690	7	16704	16704	0.167293
690	8	11348	11348	0.0363054
690	9	1108	1108	0.0197392
690	10	13	13	0
690	11	50256	50256	1.14441e-05
691	5	1748	1748	0.0599642
691	6	286	286	0.00964737
691	7	8602	8602	0.140531
691	8	11	11	0.0157051
691	9	319	319	0.108233
691	10	262	262	0.0559835
691	11	314	314	0.179375
691	12	527	527	0.059514
691	13	666	666	0.031949
691	14	24078	24078	0.124014
691	15	13	13	0.00533581
691	16	50256	50256	2.67029e-05
692	5	319	319	0.0137424
692	6	49812	49812	0.14577
692	7	2340	2340	0.0408487
692	8	290	290	0.0224714
692	9	584	584	0.0958529
692	10	1402	1402	0.0693312
692	11	19435	19435	0.0484686
692	12	13	13	4.19617e-05
692	13	50256	50256	1.14441e-05
693	5	1022	1022	0.00545311
693	6	7686	7686	0.0202503
693	7	13	13	0.000392914
693	8	50256	50256	9.53674e-06
694	5	11	11	0.00242805
694	6	318	318	0.0843973
694	7	262	262	0.0449953
694	8	2260	2260	0.200049
694	9	3139	3139	0.00567532
694	10	286	286	0.00206757
694	11	4505	4505	0.251734
694	12	13	13	0.00184441
694	13	50256	50256	3.8147e-06
695	5	2024	2024	0.0222292
695	6	460	460	0.0324373
695	7	307	307	0.0383081
695	8	2087	2087	0.135775
695	9	416	416	0.0389767
695	10	4375	4375	0.0782471
695	11	511	511	0.0375576
695	12	5470	5470	0.164126
695	13	2024	2024	0.0335197
695	14	13	13	0.000844955
695	15	50256	50256	3.8147e-06
696	5	262	262	0.00336456
696	6	25861	25861	0.137239
696	7	2779	2779	0.0713882
696	8	4326	4326	0.0615606
696	9	329	329	0.0115967
696	10	21969	21969	0.282947
696	11	34743	34743	0.0235281
696	12	5951	5951	0.0194225
696	13	13	13	0
696	14	50256	50256	4.3869e-05
697	5	14729	14729	0.0227957
697	6	286	286	0.00472069
697	7	7405	7405	0.0263491
697	8	13	13	0.00138283
697	9	50256	50256	5.72205e-06
698	5	262	262	0.020401
698	6	2685	2685	0.192305
698	7	8573	8573	0.115703
698	8	810	810	0.321053
698	9	5205	5205	0.126796
698	10	44411	44411	0.0930262
698	11	8833	8833	0.164515
698	12	287	287	0.0204849
698	13	4077	4077	0.195614
698	14	6134	6134	0.114271
698	15	13	13	7.62939e-06
698	16	50256	50256	6.29425e-05
699	5	8850	257	0.85185
699	6	1633	1633	0.066864
699	7	10874	10874	0.11165
699	8	8384	8384	0.0353613
699	9	286	286	0.00765038
699	10	17745	17745	0.219736
699	11	7268	7268	0.0875187
699	12	734	734	0.0338945
699	13	11863	11863	0.0965223
699	14	23235	23235	0.064085
699	15	13	13	0.0028553
699	16	50256	50256	9.53674e-06
700	5	416	416	0.0105438
700	6	1633	1633	0.19024
700	7	11581	11581	0.125906
700	8	8902	8902	0.036211
700	9	706	706	0.0417871
700	10	14357	14357	0.0766201
700	11	37876	37876	0.0378513
700	12	340	340	0.0150785
700	13	13	13	0.000257492
700	14	50256	50256	7.43866e-05
701	5	13522	13522	0.0506744
701	6	11	11	0.00586319
701	7	257	257	0.0222187
701	8	2829	2829	0.277153
701	9	44017	44017	0.0857058
701	10	14452	14452	0.074543
701	11	26728	26728	0.0847301
701	12	517	517	0.0705872
701	13	6364	6364	0.100181
701	14	618	618	0.076376
701	15	663	663	0.0415382
701	16	4129	4129	0.185808
701	17	318	318	0.0227203
701	18	3220	3220	0.100788
701	19	13	13	0.000339508
701	20	50256	50256	7.62939e-06
702	5	1785	1785	0.358855
702	6	17810	17810	0.0471478
702	7	11	11	0.012681
702	8	1657	1657	0.134563
702	9	2314	2314	0.123215
702	10	6654	6654	0.0526247
702	11	284	284	0.0171709
702	12	12899	12899	0.446589
702	13	17984	17984	0.0334206
702	14	13	13	0.000225067
702	15	50256	50256	3.8147e-06
703	5	287	287	0.00404739
703	6	262	262	0.0233879
703	7	614	614	0.0750923
703	8	1478	1478	0.034483
703	9	4310	4310	0.0229807
703	10	13	13	0.000616074
703	11	50256	50256	1.14441e-05
704	5	281	281	0.0327358
704	6	12278	12278	0.0601892
704	7	6737	6737	0.0772343
704	8	13	13	7.82013e-05
704	9	50256	50256	5.72205e-06
705	5	5166	5166	0.363215
705	6	286	286	0.0145102
705	7	302	302	0.238796
705	8	5379	5379	0.0929289
705	9	326	326	0.0119553
705	10	12611	12611	0.116499
705	11	378	378	0.0759277
705	12	1028	1028	0.326483
705	13	1123	1123	0.0292988
705	14	584	584	0.0701294
705	15	13	13	0.0001297
705	16	50256	50256	1.90735e-05
706	5	284	284	0.00642967
706	6	1037	1037	0.054698
706	7	17276	17276	0.0402918
706	8	8574	8574	0.0312614
706	9	12784	12784	0.0283995
706	10	13	13	0.000911713
706	11	50256	50256	1.52588e-05
707	5	1205	1205	0.00562382
707	6	1231	1231	0.0158911
707	7	15345	15345	0.0332403
707	8	11904	11904	0.00600243
707	9	13	13	0.00071907
707	10	50256	50256	1.90735e-06
708	5	262	262	0.0181093
708	6	44345	44345	0.441683
708	7	8813	8813	0.0704765
708	8	268	268	0.064723
708	9	1904	1904	0.103141
708	10	21767	21767	0.0238209
708	11	262	262	0.000137329
708	12	2160	2160	0.333435
708	13	286	286	0.0130005
708	14	262	262	0.000507355
708	15	24438	24438	0.157643
708	16	286	286	0.00223923
708	17	262	262	0.00822449
708	18	584	584	0.118897
708	19	734	734	0.0869236
708	20	5389	5389	0.0518274
708	21	13	13	0.00134277
708	22	50256	50256	2.09808e-05
709	5	32202	32202	0.277854
709	6	1276	1276	0.0465126
709	7	14999	14999	0.11385
709	8	663	663	0.0646191
709	9	20831	20831	0.309132
709	10	409	409	0.21477
709	11	418	418	0.0919685
709	12	38800	38800	0.0563745
709	13	13	13	8.39233e-05
709	14	50256	50256	9.34601e-05
710	5	4279	4279	0.158424
710	6	393	393	0.0111485
710	7	2393	2393	0.265087
710	8	287	287	0.0250225
710	9	19780	19780	0.236155
710	10	13	13	0.00263977
710	11	50256	50256	1.71661e-05
711	5	1245	1245	0.0171661
711	6	286	286	0.00392723
711	7	257	257	0.0113411
711	8	2700	2700	0.0952263
711	9	546	546	0.174564
711	10	281	281	0.0742674
711	11	16488	16488	0.16284
711	12	13	13	0.00134087
711	13	50256	50256	7.62939e-06
712	5	1588	1588	0.0558529
712	6	9824	9824	0.0446911
712	7	319	319	0.0245638
712	8	262	262	0.0243673
712	9	10326	10326	0.324427
712	10	4417	4417	0.0536442
712	11	287	287	0.0111771
712	12	25768	25768	0.183721
712	13	13	13	1.33514e-05
712	14	50256	50256	4.76837e-05
713	5	6869	6869	0.179598
713	6	338	338	0.0610008
713	7	4252	4252	0.384065
713	8	18250	18250	0.0658913
713	9	33169	33169	0.0543776
713	10	6698	6698	0.0819311
713	11	4632	4632	0.161336
713	12	1497	1497	0.10639
713	13	422	422	0.0193148
713	14	3668	3668	0.10391
713	15	13	13	0.00435448
713	16	50256	50256	2.09808e-05
714	5	779	779	0.0392561
714	6	16396	16396	0.0568895
714	7	5405	5405	0.0182638
714	8	284	284	0.00998497
714	9	1296	1296	0.0272083
714	10	9824	9824	0.0519094
714	11	393	393	0.0203104
714	12	5986	5986	0.0827169
714	13	13	13	0.00171089
714	14	50256	50256	8.58307e-05
715	5	2458	2458	0.0405865
715	6	262	262	0.0137138
715	7	4129	4129	0.249332
715	8	286	286	0.00128746
715	9	262	262	0.0125866
715	10	8875	8875	0.188122
715	11	338	338	0.015192
715	12	1633	1633	0.169117
715	13	3108	3108	0.124438
715	14	13	13	3.24249e-05
715	15	50256	50256	3.8147e-06
716	5	287	287	0.00331497
716	6	13066	13066	0.431876
716	7	1088	1088	0.0376167
716	8	262	262	0.0176849
716	9	3825	3825	0.121736
716	10	13	13	0.00276184
716	11	50256	50256	5.72205e-06
717	5	47786	47786	0.033843
717	6	262	262	0.00449181
717	7	3356	3356	0.111369
717	8	286	286	0.0249023
717	9	5186	5186	0.138214
717	10	3877	3877	0.0353336
717	11	832	832	0.0691204
717	12	663	663	0.168382
717	13	11963	11963	0.238595
717	14	13	13	0.00206375
717	15	50256	50256	3.8147e-06
718	5	4483	4483	0.220777
718	6	2057	2057	0.0340147
718	7	422	422	0.0271549
718	8	1111	1111	0.0601625
718	9	6134	6134	0.0559454
718	10	290	290	0.0209522
718	11	4695	4695	0.119266
718	12	13	13	0.000152588
718	13	50256	50256	3.8147e-06
719	5	6268	6268	0.0194721
719	6	832	832	0.0112705
719	7	18842	18842	0.189139
719	8	722	722	0.0563612
719	9	9941	9941	0.0407238
719	10	13	13	0
719	11	50256	50256	9.53674e-06
720	5	3668	3668	0.0236206
720	6	338	338	0.00797558
720	7	4417	4417	0.0514145
720	8	318	318	0.0130892
720	9	1444	1444	0.051774
720	10	2153	2153	0.0793858
720	11	2611	2611	0.0417395
720	12	13	13	0.00181007
720	13	50256	50256	1.90735e-06
721	5	262	262	0.00859833
721	6	976	976	0.0822811
721	7	1688	1688	0.0930576
721	8	5044	5044	0.106072
721	9	1448	1448	0.0548525
721	10	355	355	0.0220308
721	11	5417	5417	0.358974
721	12	281	281	0.0395288
721	13	368	368	0.348509
721	14	1952	1952	0.0650768
721	15	13	13	0
721	16	50256	50256	2.28882e-05
722	5	656	656	0.0495558
722	6	12278	12278	0.0508986
722	7	2568	2568	0.0244179
722	8	13	13	0
722	9	50256	50256	5.72205e-06
723	5	2219	2219	0.0889339
723	6	1438	1438	0.0669432
723	7	329	329	0.0355616
723	8	21072	21072	0.140767
723	9	275	275	0.140174
723	10	291	291	0.0415735
723	11	42084	42084	0.105408
723	12	378	378	0.0569153
723	13	13	13	1.90735e-05
723	14	50256	50256	8.39233e-05
724	5	9377	9377	0.139282
724	6	1271	1271	0.0200586
724	7	13	13	0.00107765
724	8	50256	50256	9.53674e-06
725	5	19780	19780	0.0486259
725	6	983	983	0.0353193
725	7	351	351	0.00725651
725	8	27913	27913	0.11407
725	9	5207	5207	0.0346832
725	10	13	13	0.00140381
725	11	50256	50256	1.90735e-05
726	5	286	286	0.00151634
726	6	16490	16490	0.127067
726	7	287	287	0.00281143
726	8	22197	22197	0.415038
726	9	338	338	0.00410652
726	10	13574	13574	0.312738
726	11	13	13	0.000549316
726	12	50256	50256	5.72205e-06
727	5	878	878	0.0120592
727	6	340	340	0.0495405
727	7	5667	5667	0.037816
727	8	262	262	0.0168152
727	9	1767	1767	0.0418921
727	10	13	13	0.000123978
727	11	50256	50256	1.71661e-05
728	5	36324	36324	0.211308
728	6	389	389	0.0364885
728	7	925	925	0.0539961
728	8	422	422	0.0238781
728	9	35988	35988	0.108176
728	10	2266	2266	0.0484924
728	11	32085	32085	0.0431614
728	12	39642	39642	0.0949707
728	13	13	13	0.000135422
728	14	50256	50256	8.01086e-05
729	5	1862	1862	0.0903349
729	6	20611	20611	0.0513802
729	7	34262	34262	0.0294352
729	8	878	878	0.0633841
729	9	484	484	0.0982122
729	10	3938	3938	0.0545826
729	11	4292	4292	0.0344219
729	12	13	13	1.71661e-05
729	13	50256	50256	3.8147e-06
730	5	10874	10874	0.109239
730	6	286	286	0.00446129
730	7	867	867	0.052474
730	8	5100	5100	0.043313
730	9	17894	17894	0.0429001
730	10	13	13	9.15527e-05
730	11	50256	50256	1.71661e-05
731	5	1690	1690	0.0194712
731	6	18782	18782	0.0445099
731	7	5609	5609	0.0367155
731	8	1657	1657	0.030632
731	9	290	290	0.0146427
731	10	10908	10908	0.470121
731	11	8188	8188	0.00764942
731	12	13	13	0
731	13	50256	50256	5.72205e-06
732	5	663	663	0.0324354
732	6	1957	1957	0.427534
732	7	636	636	0.0552044
732	8	290	290	0.0410099
732	9	7386	7386	0.094532
732	10	351	351	0.0184555
732	11	281	281	0.0698195
732	12	379	379	0.154251
732	13	1051	1051	0.114803
732	14	13	13	0.00333977
732	15	50256	50256	5.72205e-06
733	5	284	284	0.0101223
733	6	5951	5951	0.106665
733	7	284	284	0.0107613
733	8	1037	1037	0.105183
733	9	16697	16697	0.093689
733	10	16930	16930	0.0418787
733	11	393	393	0.00850105
733	12	15134	15134	0.200499
733	13	13	13	0.000656128
733	14	50256	50256	5.34058e-05
734	5	878	878	0.0458288
734	6	8978	8978	0.0654049
734	7	262	262	0.00369263
734	8	19517	19517	0.290717
734	9	6896	6896	0.05266
734	10	13	13	0
734	11	50256	50256	2.47955e-05
735	5	5400	5400	0.0601854
735	6	287	287	0.0052433
735	7	11711	11711	0.0914249
735	8	3833	3833	0.0524321
735	9	1088	1088	0.0489044
735	10	281	281	0.0513248
735	11	37970	37970	0.144729
735	12	2134	2134	0.0376568
735	13	13	13	1.52588e-05
735	14	50256	50256	9.72748e-05
736	5	5253	5253	0.0531578
736	6	2138	2138	0.0243664
736	7	621	621	0.00759506
736	8	257	257	0.0230751
736	9	9478	9478	0.163448
736	10	286	286	0.00381088
736	11	640	640	0.204719
736	12	13	13	0.000179291
736	13	50256	50256	3.8147e-06
737	5	4695	4695	0.199274
737	6	11	11	0.0176105
737	7	772	772	0.173882
737	8	996	996	0.0427246
737	9	867	867	0.0605783
737	10	22464	22464	0.0727167
737	11	7009	7009	0.0460644
737	12	12734	12734	0.0617733
737	13	13	13	0.00223351
737	14	50256	50256	3.8147e-05
738	5	257	257	0.00356483
738	6	3992	3992	0.027936
738	7	2443	2443	0.045887
738	8	815	815	0.0361633
738	9	307	307	0.0246124
738	10	5545	5545	0.0650749
738	11	13	13	3.8147e-06
738	12	50256	50256	7.62939e-06
739	5	13066	13066	0.0388365
739	6	23537	23537	0.045083
739	7	422	422	0.0190029
739	8	262	262	0.0127563
739	9	3825	3825	0.0580759
739	10	13	13	0.00200844
739	11	50256	50256	1.33514e-05
740	5	76	76	0.0715971
740	6	8592	8592	0.0736551
740	7	11	11	0.0138664
740	8	340	340	0.0411997
740	9	5419	5419	0.0559444
740	10	3197	3197	0.151421
740	11	1633	1633	0.045927
740	12	656	656	0.0511141
740	13	262	262	0.00562477
740	14	21726	21726	0.328675
740	15	13	13	0
740	16	50256	50256	2.09808e-05
741	5	431	431	0.0206184
741	6	260	260	0.0661154
741	7	355	355	0.0190592
741	8	663	663	0.0682659
741	9	25861	25861	0.37385
741	10	2779	2779	0.0271721
741	11	4326	4326	0.0338001
741	12	13	13	1.14441e-05
741	13	50256	50256	3.8147e-06
742	5	318	318	0.00656319
742	6	257	257	0.018816
742	7	20838	20838	0.150659
742	8	12505	12505	0.0887671
742	9	3716	3716	0.0252447
742	10	319	319	0.0402794
742	11	262	262	0.0121574
742	12	28259	28259	0.20064
742	13	7022	7022	0.0422773
742	14	286	286	0.00621605
742	15	7349	7349	0.487315
742	16	13	13	0.00256157
742	17	50256	50256	3.8147e-06
743	5	17777	17777	0.0142794
743	6	274	274	0.0190897
743	7	1138	1138	0.0511885
743	8	37670	37670	0.0266953
743	9	1042	1042	0.0298681
743	10	13	13	0.000255585
743	11	50256	50256	1.90735e-05
744	5	3218	3218	0.171944
744	6	37783	37783	0.0545874
744	7	326	326	0.0276279
744	8	17245	17245	0.159708
744	9	779	779	0.0858097
744	10	284	284	0.020916
744	11	3357	3357	0.0851107
744	12	10576	10576	0.0142384
744	13	13	13	1.90735e-06
744	14	50256	50256	1.90735e-05
745	5	618	618	0.042654
745	6	4683	4683	0.858625
745	7	12586	12586	0.165236
745	8	1487	1487	0.149835
745	9	739	739	0.0705166
745	10	4894	4894	0.959959
745	11	290	290	0.0107651
745	12	3833	3833	0.288557
745	13	1231	1231	0.068326
745	14	3190	3190	0.194263
745	15	24203	24203	0.0470171
745	16	13	13	0.000286102
745	17	50256	50256	1.90735e-06
746	5	572	572	0.045145
746	6	5478	5478	0.0337992
746	7	338	338	0.0123072
746	8	35618	35618	0.246956
746	9	7051	7051	0.0248756
746	10	13	13	6.48499e-05
746	11	50256	50256	1.90735e-05
747	5	8506	8506	0.0537987
747	6	12201	12201	0.0957918
747	7	636	636	0.0568056
747	8	286	286	0.0289192
747	9	281	281	0.0706167
747	10	317	317	0.12175
747	11	11693	11693	0.0920668
747	12	8952	8952	0.0542641
747	13	312	312	0.0944834
747	14	22035	22035	0.0957804
747	15	39490	39490	0.0643911
747	16	3641	3641	0.044569
747	17	13	13	1.33514e-05
747	18	50256	50256	0.000177383
748	5	645	645	0.0249262
748	6	24012	24012	0.0751467
748	7	6143	6143	0.0602312
748	8	458	458	0.0462437
748	9	34387	34387	0.0204649
748	10	13	13	0
748	11	50256	50256	1.52588e-05
749	5	7667	7667	0.189455
749	6	8701	8701	0.0608034
749	7	4447	4447	0.0614824
749	8	1043	1043	0.0249014
749	9	8384	8384	0.0527239
749	10	287	287	0.0323563
749	11	16519	16519	0.292078
749	12	290	290	0.0064373
749	13	36421	36421	0.209521
749	14	13	13	0.00144196
749	15	50256	50256	3.8147e-06
750	5	3473	3473	0.181566
750	6	286	286	0.00192451
750	7	517	517	0.165713
750	8	621	621	0.0377808
750	9	530	530	0.131801
750	10	34371	34371	0.112616
750	11	2438	2438	0.123757
750	12	966	966	0.0393572
750	13	13	13	0.00117874
750	14	50256	50256	0.000108719
751	5	5640	5640	0.0276031
751	6	257	257	0.00264359
751	7	15554	15554	0.125961
751	8	9030	9030	0.0183334
751	9	284	284	0.00445366
751	10	5587	5587	0.116334
751	11	13042	13042	0.0134172
751	12	13	13	0
751	13	50256	50256	3.8147e-06
752	5	286	286	0.00441933
752	6	26742	26742	0.148005
752	7	1626	1626	0.01826
752	8	257	257	0.00715637
752	9	3704	3704	0.213318
752	10	286	286	0.0014267
752	11	4898	4898	0.151912
752	12	13	13	0.000776291
752	13	50256	50256	3.8147e-06
753	5	24603	24603	0.288509
753	6	5440	5440	0.034421
753	7	5140	5140	0.0617561
753	8	287	287	0.00237083
753	9	262	262	0.00350761
753	10	1388	1388	0.216804
753	11	27460	27460	0.0516748
753	12	10999	10999	0.0533962
753	13	13	13	0
753	14	50256	50256	9.34601e-05
754	5	1657	1657	0.0198698
754	6	656	656	0.0335865
754	7	7577	7577	0.208262
754	8	780	780	0.0408964
754	9	1180	1180	0.0858793
754	10	45656	45656	0.0963392
754	11	1006	1006	0.0938053
754	12	974	974	0.111187
754	13	416	416	0.00564003
754	14	1180	1180	0.0701303
754	15	6867	6867	0.140487
754	16	13	13	0.00271988
754	17	50256	50256	1.90735e-06
755	5	2785	2785	0.002285
755	6	2568	2568	0.00623798
755	7	13	13	0
755	8	50256	50256	7.62939e-06
756	5	14568	14568	0.193635
756	6	351	351	0.062541
756	7	1180	1180	0.150767
756	8	5951	5951	0.0813112
756	9	393	393	0.111853
756	10	20160	20160	0.320217
756	11	9695	9695	0.0143633
756	12	13	13	0.000154495
756	13	50256	50256	1.90735e-06
757	5	262	262	0.0135651
757	6	31877	31877	0.728589
757	7	23648	23648	0.0620556
757	8	559	559	0.0429897
757	9	422	422	0.00859833
757	10	262	262	0.0153475
757	11	3942	3942	0.354428
757	12	850	850	0.0584135
757	13	3642	3642	0.0275183
757	14	7233	7233	0.0172358
757	15	13	13	0
757	16	50256	50256	2.09808e-05
758	5	7408	7408	0.156047
758	6	290	290	0.00632286
758	7	34616	34616	0.094327
758	8	29120	29120	0.0329294
758	9	13	13	0.000511169
758	10	50256	50256	1.90735e-06
759	5	389	389	0.00580692
759	6	14921	14921	0.0764008
759	7	656	656	0.00813293
759	8	20144	20144	0.0678501
759	9	290	290	0.00231743
759	10	13439	13439	0.19736
759	11	13	13	0.00034523
759	12	50256	50256	5.72205e-06
760	5	318	318	0.0118608
760	6	262	262	0.00499916
760	7	3139	3139	0.0281429
760	8	286	286	0.00269127
760	9	17333	17333	0.459933
760	10	11	11	0.00486374
760	11	281	281	0.0173903
760	12	7022	7022	0.0578632
760	13	1499	1499	0.0846996
760	14	13	13	0.000141144
760	15	50256	50256	5.72205e-06
761	5	17008	17008	0.0894928
761	6	8811	8811	0.0465965
761	7	925	925	0.0731115
761	8	1262	1262	0.050972
761	9	17797	17797	0.0551538
761	10	44749	44749	0.0321589
761	11	13	13	0.000898361
761	12	50256	50256	7.62939e-06
762	5	1962	1962	0.0797243
762	6	1142	1142	0.106398
762	7	3970	3970	0.100175
762	8	287	287	0.00828552
762	9	2882	2882	0.295696
762	10	284	284	0.0172558
762	11	262	262	0.0249186
762	12	13471	13471	0.328177
762	13	286	286	0.0114079
762	14	257	257	0.013731
762	15	7897	7897	0.23125
762	16	3240	3240	0.0305119
762	17	13	13	7.62939e-06
762	18	50256	50256	1.33514e-05
763	5	26371	26371	0.478887
763	6	2100	2100	0.0549908
763	7	3800	3800	0.0271978
763	8	286	286	0.00438309
763	9	257	257	0.0101433
763	10	35113	35113	0.154023
763	11	393	393	0.0287895
763	12	44400	44400	0.0955219
763	13	13	13	0.00631714
763	14	50256	50256	8.96454e-05
764	5	1978	1978	0.0134497
764	6	287	287	0.00415802
764	7	257	257	0.00141525
764	8	2266	2266	0.0775242
764	9	1140	1140	0.13018
764	10	6317	6317	0.0365696
764	11	13	13	0.00270081
764	12	50256	50256	5.72205e-06
765	5	511	511	0.0219975
765	6	5667	5667	0.0647755
765	7	1141	1141	0.0345459
765	8	257	257	0.0133991
765	9	3218	3218	0.341618
765	10	21819	21819	0.0751419
765	11	6772	6772	0.032177
765	12	13	13	0.0014801
765	13	50256	50256	3.8147e-06
766	5	23638	23638	0.0545731
766	6	373	373	0.0459661
766	7	3170	3170	0.0338326
766	8	329	329	0.0583096
766	9	262	262	0.0152531
766	10	872	872	0.424862
766	11	33766	33766	0.0790195
766	12	5311	5311	0.081563
766	13	3046	3046	0.0706224
766	14	84	84	0.132869
766	15	13	13	1.33514e-05
766	16	50256	50256	1.71661e-05
767	5	8833	8833	0.164852
767	6	287	287	0.012085
767	7	262	262	0.0120945
767	8	1402	1402	0.125244
767	9	45426	45426	0.0826321
767	10	13	13	0
767	11	50256	50256	1.33514e-05
768	5	281	281	0.05054
768	6	21670	21670	0.136816
768	7	28287	28287	0.0462446
768	8	389	389	0.00983429
768	9	9518	9518	0.0674133
768	10	5667	5667	0.0252542
768	11	13	13	0.000364304
768	12	50256	50256	7.62939e-06
769	5	8573	8573	0.0500402
769	6	286	286	0.0260754
769	7	48573	48573	0.12781
769	8	6134	6134	0.0325851
769	9	13	13	3.43323e-05
769	10	50256	50256	1.90735e-06
770	5	16613	16613	0.0475445
770	6	1626	1626	0.0293655
770	7	262	262	0.00635147
770	8	1692	1692	0.12743
770	9	7721	7721	0.052207
770	10	13	13	1.90735e-06
770	11	50256	50256	1.90735e-05
771	5	24927	24927	0.176679
771	6	399	399	0.0204067
771	7	2306	2306	0.0322466
771	8	35815	35815	0.0288267
771	9	287	287	0.00483322
771	10	22381	22381	0.141635
771	11	39255	39255	0.0288877
771	12	1004	1004	0.0741987
771	13	6120	6120	0.0487194
771	14	4698	4698	0.0336914
771	15	262	262	0.00301361
771	16	32306	32306	0.0973349
771	17	13	13	3.8147e-05
771	18	50256	50256	3.05176e-05
772	5	1657	1657	0.0738258
772	6	26842	26842	0.175558
772	7	618	618	0.0316725
772	8	340	340	0.0643082
772	9	14170	14170	0.191571
772	10	257	257	0.0408726
772	11	1180	1180	0.36006
772	12	13245	13245	0.173727
772	13	2587	2587	0.0325613
772	14	379	379	0.0606804
772	15	281	281	0.0875187
772	16	9848	9848	0.218082
772	17	13	13	1.90735e-06
772	18	50256	50256	0.000228882
773	5	351	351	0.02001
773	6	663	663	0.111849
773	7	16488	16488	0.138229
773	8	37229	37229	0.0570154
773	9	2048	2048	0.0203924
773	10	656	656	0.0119047
773	11	262	262	0.0303612
773	12	6614	6614	0.302173
773	13	286	286	0.00674248
773	14	663	663	0.019187
773	15	13066	13066	0.242603
773	16	13	13	0.00706863
773	17	50256	50256	3.8147e-06
774	5	286	286	0.00371361
774	6	14159	14159	0.53229
774	7	287	287	0.0208912
774	8	262	262	0.103572
774	9	18020	18020	0.0860786
774	10	6896	6896	0.0266123
774	11	13	13	0.00123978
774	12	50256	50256	5.72205e-06
775	5	3210	3210	0.288764
775	6	4141	4141	0.0590305
775	7	12	12	0.0121202
775	8	2385	2385	0.642276
775	9	863	863	0.0643101
775	10	6203	6203	0.0730753
775	11	468	468	0.059885
775	12	15334	15334	0.139354
775	13	12	12	0.0265942
775	14	11545	11545	0.240981
775	15	4116	4116	0.0549965
775	16	13	13	0.000144958
775	17	50256	50256	9.53674e-06
776	5	318	318	0.0184641
776	6	262	262	0.0550957
776	7	640	640	0.319935
776	8	2672	2672	0.176819
776	9	329	329	0.0278521
776	10	2063	2063	1.05559
776	11	286	286	0.017067
776	12	257	257	0.00929737
776	13	1588	1588	0.219319
776	14	3265	3265	0.081131
776	15	286	286	0.00798035
776	16	10411	10411	0.314529
776	17	21354	21354	0.0424795
776	18	17751	17751	0.0349493
776	19	72	72	0.0256853
776	20	284	284	0.0145559
776	21	22119	22119	0.131743
776	22	319	319	0.0116081
776	23	2811	2811	0.0225897
776	24	13	13	0.000282288
776	25	50256	50256	3.8147e-06
777	5	832	832	0.00854397
777	6	881	881	0.0310621
777	7	286	286	0.00097084
777	8	262	262	0.00139046
777	9	13009	13009	0.297947
777	10	22329	22329	0.0556898
777	11	13	13	3.8147e-06
777	12	50256	50256	7.62939e-06
778	5	37546	37546	0.157661
778	6	1767	1767	0.0293751
778	7	284	284	0.0184259
778	8	257	257	0.0256271
778	9	38427	38427	0.174721
778	10	1767	1767	0.0223627
778	11	13	13	0.000104904
778	12	50256	50256	7.62939e-06
779	5	10017	10017	0.0758657
779	6	351	351	0.00248337
779	7	37414	37414	0.157276
779	8	326	326	0.0121365
779	9	5419	5419	0.0677691
779	10	4180	4180	0.0806742
779	11	11192	11192	0.0449572
779	12	576	576	0.0340328
779	13	3386	3386	0.0507908
779	14	13	13	1.90735e-06
779	15	50256	50256	5.72205e-06
780	5	422	422	0.0642757
780	6	2587	2587	0.186761
780	7	6427	6427	0.0882626
780	8	832	832	0.0171337
780	9	340	340	0.0950699
780	10	13	13	0.00133896
780	11	50256	50256	1.14441e-05
781	5	16882	16882	0.0746622
781	6	318	318	0.00985622
781	7	11172	11172	0.0962219
781	8	422	422	0.00724792
781	9	4376	4376	0.193466
781	10	16649	16649	0.0117636
781	11	4291	4291	0.0411873
781	12	3348	3348	0.0475826
781	13	13	13	1.71661e-05
781	14	50256	50256	4.19617e-05
782	5	290	290	0.0202408
782	6	2962	2962	0.252174
782	7	1657	1657	0.0699692
782	8	351	351	0.0374546
782	9	26929	26929	0.404198
782	10	22353	22353	0.0208244
782	11	13	13	1.90735e-06
782	12	50256	50256	7.62939e-06
783	5	257	257	0.00709724
783	6	3992	3992	0.102712
783	7	3188	3188	0.0649014
783	8	1262	1262	0.0260811
783	9	41485	41485	0.048049
783	10	13	13	8.7738e-05
783	11	50256	50256	9.53674e-06
784	5	8850	8850	0.321474
784	6	5931	5931	0.0697422
784	7	12737	12737	0.121378
784	8	45075	45075	0.109794
784	9	2472	2472	0.0542135
784	10	2347	2347	0.0380802
784	11	284	284	0.00997734
784	12	281	281	0.0565748
784	13	6275	6275	0.161359
784	14	40874	40874	0.0166435
784	15	13	13	3.8147e-06
784	16	50256	50256	2.09808e-05
785	5	5563	5563	0.0119343
785	6	257	257	0.0280209
785	7	5405	5405	0.128339
785	8	88	88	0.0724916
785	9	4417	4417	0.0645628
785	10	706	706	0.0916691
785	11	9645	9645	0.110598
785	12	13	13	0.00492096
785	13	50256	50256	3.8147e-06
786	5	1103	1103	0.174564
786	6	1271	1271	0.0512896
786	7	5260	5260	0.18801
786	8	663	663	0.0138588
786	9	5253	5253	0.163624
786	10	422	422	0.0138416
786	11	6632	6632	0.166433
786	12	13	13	0
786	13	50256	50256	3.8147e-06
787	5	5679	5679	0.0300293
787	6	257	257	0.00309944
787	7	7002	7002	0.0642252
787	8	832	832	0.00880718
787	9	5783	5783	0.0668173
787	10	11	11	0.00429916
787	11	49893	49893	0.14199
787	12	2870	2870	0.0645866
787	13	11	11	0.00769615
787	14	290	290	0.0204544
787	15	20494	20494	0.147454
787	16	13	13	0
787	17	50256	50256	3.8147e-06
788	5	422	422	0.0304756
788	6	262	262	0.01548
788	7	14707	14707	0.52242
788	8	4755	4755	0.0568619
788	9	286	286	0.00982666
788	10	257	257	0.0246897
788	11	4858	4858	0.266273
788	12	3491	3491	0.0960417
788	13	13	13	0.00956917
788	14	50256	50256	0.000114441
789	5	318	318	0.0155172
789	6	7685	7685	0.446013
789	7	3194	3194	0.0540781
789	8	281	281	0.0330534
789	9	19318	19318	0.135091
789	10	1015	1015	0.0450716
789	11	2029	2029	0.0360289
789	12	663	663	0.0106897
789	13	22655	22655	0.364245
789	14	7078	7078	0.0257969
789	15	13	13	4.76837e-05
789	16	50256	50256	1.90735e-05
790	5	48862	48862	0.218091
790	6	485	485	0.0249176
790	7	272	272	0.0485497
790	8	6614	6614	0.161353
790	9	1239	1239	0.0576506
790	10	36177	36177	0.0362501
790	11	13	13	5.72205e-06
790	12	50256	50256	7.62939e-06
791	5	5822	5822	0.105692
791	6	286	286	0.0183258
791	7	6156	6156	0.306258
791	8	25942	25942	0.0628853
791	9	261	261	0.0359478
791	10	13	13	0.000749588
791	11	50256	50256	1.71661e-05
792	5	6203	6203	0.162035
792	6	1262	1262	0.0671511
792	7	18018	18018	0.0773621
792	8	326	326	0.0267544
792	9	8181	8181	0.0459356
792	10	422	422	0.0122662
792	11	4025	4025	0.18038
792	12	6493	6493	0.0862455
792	13	18018	18018	0.052002
792	14	13	13	0.000387192
792	15	50256	50256	5.72205e-06
793	5	787	787	0.010848
793	6	510	510	0.0532446
793	7	262	262	0.00225639
793	8	4318	4318	0.0968103
793	9	10927	10927	0.0399275
793	10	1080	1080	0.0115995
793	11	13	13	1.90735e-06
793	12	50256	50256	5.72205e-06
794	5	262	262	0.170911
794	6	7446	7446	0.225324
794	7	287	287	0.00905037
794	8	257	257	0.249564
794	9	7226	7226	0.216806
794	10	5044	5044	0.0774708
794	11	2685	2685	0.0961199
794	12	13	13	0.000247955
794	13	50256	50256	3.8147e-06
795	5	3623	3623	0.165934
795	6	2458	2458	0.0781384
795	7	656	656	0.0583115
795	8	257	257	0.00377655
795	9	8122	8122	0.178061
795	10	13	13	0
795	11	50256	50256	1.71661e-05
796	5	45636	45636	0.030756
796	6	15027	15027	0.0558443
796	7	318	318	0.0109158
796	8	284	284	0.0713768
796	9	25432	25432	0.788481
796	10	5207	5207	0.0371428
796	11	656	656	0.0754795
796	12	257	257	0.015007
796	13	1844	1844	0.63148
796	14	4286	4286	0.0925388
796	15	393	393	0.0236254
796	16	5485	5485	0.205779
796	17	13	13	1.90735e-06
796	18	50256	50256	1.71661e-05
797	5	625	625	0.00758362
797	6	281	281	0.0876455
797	7	1989	1989	0.0398884
797	8	13	13	0.000143051
797	9	50256	50256	9.53674e-06
798	5	318	318	0.00299644
798	6	783	783	0.105494
798	7	1900	1900	0.0138559
798	8	355	355	0.00364876
798	9	25299	25299	0.105373
798	10	13	13	0.000995636
798	11	50256	50256	1.71661e-05
799	5	7679	7679	0.0147038
799	6	42909	42909	0.069562
799	7	881	881	0.0471764
799	8	286	286	0.00122261
799	9	262	262	0.00252342
799	10	3825	3825	0.0604448
799	11	338	338	0.011898
799	12	13568	13568	0.456244
799	13	49961	49961	0.0348339
799	14	11881	11881	0.0248375
799	15	13	13	0
799	16	50256	50256	3.62396e-05
800	5	307	307	0.0905647
800	6	9086	9086	0.0983648
800	7	656	656	0.0634489
800	8	2237	2237	0.166965
800	9	1602	1602	0.0368214
800	10	14796	14796	0.044878
800	11	44360	44360	0.0493793
800	12	13	13	0
800	13	50256	50256	3.8147e-06
801	5	287	287	0.00718689
801	6	2800	2800	0.133703
801	7	351	351	0.00921249
801	8	262	262	0.0202217
801	9	2323	2323	0.164119
801	10	13	13	0.00809097
801	11	50256	50256	1.71661e-05
802	5	1351	1351	0.146922
802	6	318	318	0.0192671
802	7	663	663	0.0398846
802	8	3504	3504	0.672729
802	9	1988	1988	0.0869703
802	10	393	393	0.0405855
802	11	262	262	0.022666
802	12	1612	1612	0.189494
802	13	286	286	0.0337038
802	14	663	663	0.13554
802	15	734	734	0.113959
802	16	3504	3504	0.264387
802	17	3815	3815	0.0671225
802	18	13	13	0.00253105
802	19	50256	50256	2.28882e-05
803	5	49586	49586	0.0230513
803	6	422	422	0.0102758
803	7	257	257	0.00583076
803	8	781	781	0.159801
803	9	7241	7241	0.0448971
803	10	7679	7679	0.0284338
803	11	1022	1022	0.0391731
803	12	6228	6228	0.059473
803	13	15747	15747	0.0419779
803	14	13	13	0
803	15	50256	50256	5.72205e-06
804	5	12834	12834	0.0189896
804	6	8811	8811	0.0269108
804	7	925	925	0.023181
804	8	422	422	0.0144978
804	9	6147	6147	0.053978
804	10	477	477	0.051774
804	11	19417	19417	0.0294981
804	12	13	13	7.62939e-06
804	13	50256	50256	3.8147e-06
805	5	402	402	0.0212526
805	6	724	724	0.0903559
805	7	1428	1428	0.0264473
805	8	284	284	0.0103493
805	9	406	406	0.199231
805	10	359	359	0.0893488
805	11	541	541	0.0682545
805	12	315	315	0.0796814
805	13	287	287	0.010273
805	14	402	402	0.133604
805	15	724	724	0.0456123
805	16	1428	1428	0.025116
805	17	338	338	0.0170736
805	18	48899	48899	0.0831747
805	19	13	13	0
805	20	50256	50256	5.72205e-06
806	5	4326	4326	0.0148354
806	6	329	329	0.0101376
806	7	2033	2033	0.346133
806	8	286	286	0.00157547
806	9	9136	9136	0.233283
806	10	13	13	3.43323e-05
806	11	50256	50256	1.52588e-05
807	5	3318	3318	0.0340366
807	6	1060	1060	0.0465422
807	7	276	276	0.0325203
807	8	4823	4823	0.142733
807	9	1231	1231	0.0220184
807	10	16006	16006	0.0581589
807	11	13	13	1.90735e-06
807	12	50256	50256	7.62939e-06
808	5	832	832	0.0286694
808	6	257	257	0.0130825
808	7	1429	1429	0.129181
808	8	1444	1444	0.0195141
808	9	1007	1007	0.157477
808	10	10514	10514	0.0232706
808	11	13	13	0
808	12	50256	50256	5.72205e-06
809	5	318	318	0.0204611
809	6	5447	5447	0.587851
809	7	284	284	0.0102901
809	8	307	307	0.173065
809	9	530	530	0.0438576
809	10	13	13	0.00342369
809	11	50256	50256	1.71661e-05
810	5	19780	19780	0.315114
810	6	5822	5822	0.123741
810	7	318	318	0.0243111
810	8	7384	7384	0.173825
810	9	290	290	0.00483894
810	10	645	645	0.283128
810	11	2742	2742	0.0711632
810	12	1445	1445	0.0494442
810	13	460	460	0.0834084
810	14	4781	4781	0.497255
810	15	262	262	0.00768661
810	16	1368	1368	0.12352
810	17	13	13	0
810	18	50256	50256	4.95911e-05
811	5	4166	4166	0.0234365
811	6	257	257	0.00467873
811	7	1409	1409	0.206768
811	8	540	540	0.0569696
811	9	12	12	0.031702
811	10	28469	28469	0.261478
811	11	12	12	0.0345726
811	12	4906	4906	0.184482
811	13	13570	13570	0.086504
811	14	1080	1080	0.022047
811	15	287	287	0.0131626
811	16	5515	5515	0.13984
811	17	20283	20283	0.0374651
811	18	12	12	0.0184402
811	19	14792	14792	0.215973
811	20	2031	2031	0.0438547
811	21	13	13	0
811	22	50256	50256	6.67572e-05
812	5	503	503	0.0637178
812	6	416	416	0.0156326
812	7	2344	2344	0.104068
812	8	11	11	0.00484085
812	9	19435	19435	0.497101
812	10	11	11	0.00433159
812	11	10087	10087	0.640412
812	12	11	11	0.00969696
812	13	393	393	0.113665
812	14	584	584	0.0633612
812	15	4695	4695	0.065712
812	16	13	13	7.62939e-05
812	17	50256	50256	3.8147e-06
813	5	290	290	0.00341225
813	6	423	423	0.0230694
813	7	511	511	0.0146465
813	8	898	898	0.0436268
813	9	14599	14599	0.0402555
813	10	44935	44935	0.0356789
813	11	8573	8573	0.0373354
813	12	13	13	7.62939e-06
813	13	50256	50256	3.8147e-06
814	5	1660	1660	0.0163755
814	6	338	338	0.045496
814	7	23708	23708	0.493526
814	8	1029	1029	0.0577679
814	9	24372	24372	0.0538168
814	10	966	966	0.0260201
814	11	3688	3688	0.118394
814	12	351	351	0.0214815
814	13	2092	2092	0.0987158
814	14	12	12	0.0479002
814	15	13982	13982	0.20575
814	16	17745	17745	0.0541344
814	17	13	13	0.00426865
814	18	50256	50256	3.05176e-05
815	5	3984	3984	0.025033
815	6	5679	5679	0.0395775
815	7	10439	10439	0.0465393
815	8	286	286	0.00449181
815	9	262	262	0.00272751
815	10	9842	9842	0.139915
815	11	437	437	0.0542183
815	12	544	544	0.0261154
815	13	1641	1641	0.0421181
815	14	13	13	0.00015831
815	15	50256	50256	1.90735e-06
816	5	8638	8638	0.0250225
816	6	2587	2587	0.0114841
816	7	422	422	0.0208826
816	8	530	530	0.0601435
816	9	4067	4067	0.0486479
816	10	284	284	0.00362206
816	11	1194	1194	0.0448723
816	12	13	13	0.00197983
816	13	50256	50256	3.8147e-06
817	5	9315	9315	0.182867
817	6	6404	6404	0.0306416
817	7	859	859	0.0289202
817	8	389	389	0.0106287
817	9	10730	10730	0.0468073
817	10	13	13	0
817	11	50256	50256	1.33514e-05
818	5	3867	3867	0.0418987
818	6	1633	1633	0.00505161
818	7	13	13	0.00050354
818	8	50256	50256	7.62939e-06
819	5	1232	1232	0.164133
819	6	2454	2454	0.0408802
819	7	1641	1641	0.0375671
819	8	2138	2138	0.0375614
819	9	621	621	0.00639153
819	10	262	262	0.0163708
819	11	5509	5509	0.11516
819	12	6701	6701	0.105728
819	13	1448	1448	0.0302715
819	14	13	13	0.00415039
819	15	50256	50256	3.05176e-05
820	5	2134	2134	0.094882
820	6	319	319	0.0409908
820	7	1194	1194	0.13433
820	8	468	468	0.110929
820	9	281	281	0.0161428
820	10	4961	4961	0.142309
820	11	290	290	0.0469007
820	12	6697	6697	0.312319
820	13	5212	5212	0.0826378
820	14	2700	2700	0.0840302
820	15	13	13	6.86646e-05
820	16	50256	50256	1.14441e-05
821	5	318	318	0.0108423
821	6	1900	1900	0.0868301
821	7	329	329	0.0139275
821	8	44741	44741	0.366308
821	9	11527	11527	0.0375853
821	10	21641	21641	0.202466
821	11	13	13	7.43866e-05
821	12	50256	50256	1.90735e-06
822	5	2420	2420	0.104225
822	6	2915	2915	0.0220165
822	7	287	287	0.0145378
822	8	543	543	0.1134
822	9	14390	14390	0.161007
822	10	1296	1296	0.0365782
822	11	4263	4263	0.0635357
822	12	393	393	0.0543566
822	13	7572	7572	0.208301
822	14	13	13	0.00019455
822	15	50256	50256	1.90735e-06
823	5	1660	1660	0.129743
823	6	832	832	0.0758419
823	7	511	511	0.075881
823	8	308	308	0.141646
823	9	2171	2171	0.0241613
823	10	13	13	3.8147e-06
823	11	50256	50256	1.52588e-05
824	5	5822	5822	0.26193
824	6	290	290	0.0187798
824	7	257	257	0.0169106
824	8	10929	10929	0.275575
824	9	1141	1141	0.0231199
824	10	257	257	0.00530243
824	11	2060	2060	0.409451
824	12	19780	19780	0.0620613
824	13	1445	1445	0.062254
824	14	13	13	0.00119209
824	15	50256	50256	5.72205e-06
825	5	416	416	0.0163479
825	6	38797	38797	0.103361
825	7	278	278	0.0303783
825	8	17797	17797	0.0558834
825	9	44749	44749	0.0342855
825	10	351	351	0.00678635
825	11	257	257	0.0228481
825	12	15936	15936	0.163548
825	13	3968	3968	0.0284472
825	14	13	13	0.000513077
825	15	50256	50256	5.72205e-06
826	5	1111	1111	0.210608
826	6	21506	21506	0.071435
826	7	290	290	0.00560951
826	8	25794	25794	0.264186
826	9	13	13	0.00522423
826	10	50256	50256	1.90735e-06
827	5	393	393	0.033433
827	6	27756	27756	0.298904
827	7	351	351	0.02314
827	8	257	257	0.00833511
827	9	2010	2010	0.142829
827	10	5186	5186	0.0757227
827	11	3877	3877	0.0276566
827	12	13	13	7.62939e-06
827	13	50256	50256	3.8147e-06
828	5	2401	2401	0.143383
828	6	2879	2879	0.0977869
828	7	900	900	0.0607405
828	8	11	11	0.0195866
828	9	1123	1123	0.112446
828	10	886	886	0.218896
828	11	286	286	0.00961876
828	12	257	257	0.0640202
828	13	17763	17763	0.487886
828	14	2523	2523	0.187671
828	15	257	257	0.0158195
828	16	1271	1271	0.115044
828	17	422	422	0.0431519
828	18	6632	6632	0.242786
828	19	832	832	0.107635
828	20	2237	2237	0.0795031
828	21	13	13	0.00182343
828	22	50256	50256	6.48499e-05
829	5	496	496	0.018815
829	6	6204	6204	0.0515614
829	7	1474	1474	0.0333357
829	8	1944	1944	0.0724459
829	9	12	12	0.0106792
829	10	820	820	0.0939989
829	11	25266	25266	0.102463
829	12	13	13	0
829	13	50256	50256	9.53674e-06
830	5	262	262	0.00457954
830	6	45656	45656	0.122516
830	7	286	286	0.00525665
830	8	1657	1657	0.0621977
830	9	11300	11300	0.103841
830	10	1022	1022	0.0254164
830	11	12899	12899	0.207215
830	12	27982	27982	0.0565109
830	13	13	13	0.000566483
830	14	50256	50256	6.10352e-05
831	5	36288	36288	0.0459976
831	6	423	423	0.0117064
831	7	42014	42014	0.0855598
831	8	307	307	0.0139055
831	9	4730	4730	0.0467091
831	10	13	13	0.000335693
831	11	50256	50256	1.52588e-05
832	5	21001	21001	0.0328302
832	6	5385	5385	0.0453854
832	7	5563	5563	0.0556974
832	8	287	287	0.011466
832	9	4320	4320	0.30196
832	10	2339	2339	0.0348854
832	11	14752	14752	0.0354671
832	12	13	13	0.000389099
832	13	50256	50256	1.90735e-06
833	5	12070	12070	0.0383635
833	6	35901	35901	0.0865374
833	7	12	12	0.0169935
833	8	16760	16760	0.915691
833	9	8849	8849	1.39439
833	10	656	656	0.0386095
833	11	21558	21558	0.139284
833	12	284	284	0.0155392
833	13	3551	3551	0.25969
833	14	269	269	0.0550699
833	15	1726	1726	0.0691223
833	16	6933	6933	0.0221462
833	17	13	13	1.90735e-06
833	18	50256	50256	2.28882e-05
834	5	4888	4888	0.065897
834	6	416	416	0.00455666
834	7	3644	3644	0.114914
834	8	4056	4056	0.0148163
834	9	13	13	0.000558853
834	10	50256	50256	1.90735e-06
835	5	2700	2700	0.0199699
835	6	832	832	0.0105848
835	7	1803	1803	0.0701895
835	8	44796	44796	0.0290012
835	9	8122	8122	0.0254536
835	10	13	13	1.14441e-05
835	11	50256	50256	1.52588e-05
836	5	3877	3877	0.0227938
836	6	11	11	0.0279484
836	7	981	981	0.0529537
836	8	1237	1237	0.0811377
836	9	684	684	0.0769224
836	10	3283	3283	0.0838175
836	11	3967	3967	0.0706959
836	12	5186	5186	0.0416908
836	13	3877	3877	0.0582447
836	14	13	13	3.8147e-06
836	15	50256	50256	5.72205e-06
837	5	2524	2524	0.0254555
837	6	287	287	0.00240326
837	7	1944	1944	0.0148029
837	8	12	12	0.00796318
837	9	820	820	0.0549879
837	10	7648	7648	0.0638819
837	11	13	13	4.19617e-05
837	12	50256	50256	3.8147e-06
838	5	286	286	0.00468826
838	6	20422	20422	1.61813
838	7	11	11	0.0120659
838	8	257	257	0.133348
838	9	46909	46909	0.667635
838	10	38656	38656	0.0840302
838	11	318	318	0.0141964
838	12	10090	10090	0.556682
838	13	355	355	0.0434685
838	14	257	257	0.027832
838	15	4898	4898	0.141797
838	16	7972	7972	0.0729361
838	17	8875	8875	0.0581636
838	18	13	13	5.72205e-06
838	19	50256	50256	3.62396e-05
839	5	15061	15061	0.22351
839	6	8811	8811	0.0913448
839	7	21126	21126	0.148671
839	8	656	656	0.0377464
839	9	257	257	0.0328312
839	10	8234	8234	0.201625
839	11	13	13	0.000959396
839	12	50256	50256	7.62939e-06
840	5	1660	1660	0.0711937
840	6	20199	20199	0.0686283
840	7	18190	18190	0.0589991
840	8	4291	4291	0.0471096
840	9	4771	4771	0.0303869
840	10	24770	24770	0.108165
840	11	287	287	0.00885963
840	12	15114	15114	0.16815
840	13	13	13	0.00270844
840	14	50256	50256	9.72748e-05
841	5	663	663	0.0447426
841	6	35988	35988	0.286328
841	7	11904	11904	0.0230522
841	8	290	290	0.0360794
841	9	318	318	0.0921831
841	10	407	407	0.145162
841	11	257	257	0.0322685
841	12	8701	8701	0.120911
841	13	13	13	0.000795364
841	14	50256	50256	3.62396e-05
842	5	71	71	0.0274963
842	6	36417	36417	0.0673532
842	7	287	287	0.00222397
842	8	6156	6156	0.0490065
842	9	14937	14937	0.083499
842	10	43372	43372	0.0534649
842	11	321	321	0.0437555
842	12	666	666	0.0552626
842	13	13399	13399	0.0648041
842	14	13	13	4.19617e-05
842	15	50256	50256	3.8147e-06
843	5	2081	2081	0.129064
843	6	284	284	0.00452614
843	7	3991	3991	0.591453
843	8	290	290	0.00538063
843	9	3991	3991	0.182273
843	10	284	284	0.00504875
843	11	2081	2081	0.391816
843	12	13	13	0.000286102
843	13	50256	50256	3.8147e-06
844	5	6268	6268	0.0104389
844	6	2173	2173	0.0455809
844	7	3812	3812	0.0432606
844	8	262	262	0.0144997
844	9	9197	9197	0.174415
844	10	338	338	0.0175495
844	11	3641	3641	0.125902
844	12	13	13	0
844	13	50256	50256	1.90735e-06
845	5	17467	17467	0.0399933
845	6	382	382	0.0895815
845	7	2722	2722	0.0627918
845	8	262	262	0.0018158
845	9	20715	20715	0.157291
845	10	15895	15895	0.0483303
845	11	287	287	0.00627327
845	12	33818	33818	0.149318
845	13	287	287	0.00542641
845	14	35145	35145	0.14988
845	15	13	13	0
845	16	50256	50256	2.09808e-05
846	5	44543	44543	0.629937
846	6	4144	4144	0.0347071
846	7	16083	16083	0.0254364
846	8	925	925	0.0145149
846	9	422	422	0.0183506
846	10	7545	7545	0.0271711
846	11	13	13	1.52588e-05
846	12	50256	50256	5.72205e-06
847	5	2033	2033	0.407924
847	6	286	286	0.0219727
847	7	1660	1660	0.183323
847	8	20199	20199	0.0658865
847	9	287	287	0.0152721
847	10	1633	1633	0.178457
847	11	351	351	0.0978584
847	12	663	663	0.104294
847	13	36275	36275	0.315268
847	14	2033	2033	0.0707273
847	15	379	379	0.0314188
847	16	262	262	0.0354824
847	17	976	976	0.26769
847	18	5951	5951	0.0519838
847	19	13	13	0.0013485
847	20	50256	50256	1.90735e-06
848	5	976	976	0.0717201
848	6	12234	12234	0.179896
848	7	1988	1988	0.0634584
848	8	11	11	0.0339394
848	9	257	257	0.024744
848	10	3074	3074	0.146532
848	11	1444	1444	0.0173893
848	12	257	257	0.0296717
848	13	17661	17661	0.352675
848	14	13	13	0.000240326
848	15	50256	50256	5.72205e-06
849	5	1205	1205	0.0373611
849	6	287	287	0.00495529
849	7	5055	5055	0.0759974
849	8	393	393	0.0189514
849	9	3105	3105	0.11312
849	10	12	12	0.0323257
849	11	31462	31462	0.532228
849	12	1660	1660	0.0373259
849	13	13	13	0
849	14	50256	50256	7.82013e-05
850	5	656	656	0.0126762
850	6	257	257	0.00426102
850	7	8122	8122	0.0351372
850	8	13	13	3.24249e-05
850	9	50256	50256	5.72205e-06
851	5	10384	10384	0.165756
851	6	284	284	0.0027504
851	7	262	262	0.00343704
851	8	6156	6156	0.138408
851	9	15433	15433	0.0583334
851	10	6959	6959	0.0309381
851	11	286	286	0.00584412
851	12	2011	2011	0.169634
851	13	66	66	0.0726242
851	14	268	268	0.102803
851	15	3609	3609	0.0503693
851	16	13	13	4.19617e-05
851	17	50256	50256	1.71661e-05
852	5	27602	27602	0.0664005
852	6	1084	1084	0.0484762
852	7	515	515	0.0368137
852	8	290	290	0.0146523
852	9	16577	16577	0.149131
852	10	284	284	0.0133953
852	11	4439	4439	0.117583
852	12	26868	26868	0.0419722
852	13	13	13	3.62396e-05
852	14	50256	50256	0.000112534
853	5	319	319	0.031147
853	6	262	262	0.00151443
853	7	4013	4013	0.200847
853	8	25986	25986	0.0592279
853	9	34603	34603	0.0414038
853	10	21891	21891	0.0405607
853	11	13	13	0
853	12	50256	50256	5.72205e-06
854	5	36140	36140	0.165647
854	6	11	11	0.0146427
854	7	281	281	0.0507002
854	8	19318	19318	0.160772
854	9	1015	1015	0.0581989
854	10	318	318	0.0384359
854	11	9086	9086	0.104854
854	12	656	656	0.0302744
854	13	14104	14104	0.334027
854	14	4961	4961	0.0643826
854	15	5026	5026	0.0976171
854	16	49644	49644	0.159124
854	17	4831	4831	0.0285025
854	18	13	13	0.00111961
854	19	50256	50256	2.86102e-05
855	5	2081	2081	0.152038
855	6	11135	11135	0.0869331
855	7	1043	1043	0.0749254
855	8	287	287	0.011385
855	9	48573	48573	0.218131
855	10	6134	6134	0.0340452
855	11	13	13	0.000213623
855	12	50256	50256	5.72205e-06
856	5	1371	1371	0.0299263
856	6	617	617	0.0452414
856	7	1321	1321	0.0331936
856	8	422	422	0.025629
856	9	262	262	0.000577927
856	10	2656	2656	0.100232
856	11	1366	1366	0.0657339
856	12	13	13	0.000692368
856	13	50256	50256	1.90735e-06
857	5	83	83	0.0209188
857	6	270	270	0.0250654
857	7	9620	9620	0.0299702
857	8	287	287	0.00725174
857	9	262	262	0.00223351
857	10	614	614	0.083128
857	11	1315	1315	0.029232
857	12	2481	2481	0.0193233
857	13	13	13	0
857	14	50256	50256	7.05719e-05
858	5	1011	1011	0.0496979
858	6	262	262	0.00691795
858	7	2910	2910	0.11615
858	8	13840	13840	0.0685987
858	9	2622	2622	0.0398006
858	10	416	416	0.0157785
858	11	867	867	0.152754
858	12	4693	4693	0.0634623
858	13	329	329	0.0291386
858	14	5935	5935	0.170292
858	15	3227	3227	0.0637341
858	16	13	13	0.0013485
858	17	50256	50256	1.90735e-06
859	5	338	338	0.0134773
859	6	8137	8137	0.294436
859	7	42909	42909	0.104137
859	8	2266	2266	0.145185
859	9	1657	1657	0.0654049
859	10	290	290	0.0183125
859	11	22625	22625	0.25922
859	12	284	284	0.00936985
859	13	663	663	0.0194817
859	14	4171	4171	0.220937
859	15	5585	5585	0.0338888
859	16	13	13	9.53674e-06
859	17	50256	50256	1.90735e-06
860	5	281	281	0.050993
860	6	16295	16295	0.386686
860	7	6140	6140	0.0820179
860	8	318	318	0.0492535
860	9	1444	1444	0.0565081
860	10	663	663	0.0360556
860	11	2962	2962	0.230106
860	12	13	13	0.000295639
860	13	50256	50256	3.8147e-06
861	5	418	418	0.0248394
861	6	389	389	0.046176
861	7	262	262	0.00116158
861	8	734	734	0.0610876
861	9	1402	1402	0.0707722
861	10	31093	31093	0.0760498
861	11	286	286	0.00406456
861	12	8706	8706	0.116986
861	13	13	13	0.00263786
861	14	50256	50256	9.34601e-05
862	5	12622	12622	0.0155706
862	6	45738	45738	0.0229616
862	7	287	287	0.00930977
862	8	607	607	0.110741
862	9	5337	5337	0.0789776
862	10	45738	45738	0.0412102
862	11	13	13	1.90735e-06
862	12	50256	50256	9.53674e-06
863	5	3395	3395	0.0928707
863	6	37670	37670	0.0486631
863	7	5958	5958	0.128545
863	8	6140	6140	0.0648966
863	9	351	351	0.0178976
863	10	8547	8547	0.192719
863	11	273	273	0.081522
863	12	3409	3409	0.0672684
863	13	11400	11400	0.0257034
863	14	338	338	0.00576973
863	15	11359	11359	0.274933
863	16	13389	13389	0.0225925
863	17	13	13	1.90735e-06
863	18	50256	50256	1.52588e-05
864	5	460	460	0.0334978
864	6	307	307	0.0633097
864	7	7042	7042	0.0599804
864	8	416	416	0.046319
864	9	4375	4375	0.0971651
864	10	262	262	0.00349236
864	11	734	734	0.14585
864	12	18148	18148	0.102184
864	13	2846	2846	0.0419636
864	14	284	284	0.0152168
864	15	7330	7330	0.0893316
864	16	262	262	0.0092411
864	17	1306	1306	0.504104
864	18	3381	3381	0.0536318
864	19	13	13	3.8147e-06
864	20	50256	50256	5.72205e-06
865	5	11880	11880	0.0111742
865	6	5419	5419	0.0171528
865	7	340	340	0.0271845
865	8	2834	2834	0.104013
865	9	5667	5667	0.0186834
865	10	422	422	0.0167713
865	11	13737	13737	0.0676451
865	12	13	13	0
865	13	50256	50256	3.8147e-06
866	5	6903	6903	0.0639677
866	6	318	318	0.0122385
866	7	281	281	0.0422535
866	8	37287	37287	0.177416
866	9	9814	9814	0.0342236
866	10	15763	15763	0.0147953
866	11	13	13	1.90735e-06
866	12	50256	50256	7.62939e-06
867	5	78	78	0.0162954
867	6	318	318	0.0380116
867	7	4888	4888	0.289787
867	8	416	416	0.0110073
867	9	16256	16256	0.122648
867	10	11	11	0.0039959
867	11	15336	15336	0.627629
867	12	11	11	0.00761032
867	13	290	290	0.0101128
867	14	46070	46070	0.648454
867	15	72	72	0.120292
867	16	13	13	0.0027771
867	17	50256	50256	1.90735e-06
868	5	19435	19435	0.0100279
868	6	351	351	0.00676537
868	7	9518	9518	0.0677042
868	8	5667	5667	0.0087471
868	9	13	13	0.00245667
868	10	50256	50256	3.8147e-06
869	5	547	547	0.0690556
869	6	14212	14212	0.047821
869	7	1748	1748	0.0263824
869	8	12	12	0.043499
869	9	27219	27219	0.378162
869	10	287	287	0.00713444
869	11	6156	6156	0.139277
869	12	10315	10315	0.0911932
869	13	13	13	0
869	14	50256	50256	4.00543e-05
870	5	832	832	0.0506191
870	6	262	262	0.0325642
870	7	11963	11963	0.153926
870	8	3356	3356	0.0752897
870	9	286	286	0.0108013
870	10	257	257	0.0152721
870	11	11711	11711	0.148503
870	12	13	13	0.000146866
870	13	50256	50256	3.8147e-06
871	5	3170	3170	0.0641708
871	6	416	416	0.0193844
871	7	262	262	0.00540924
871	8	3457	3457	1.19628
871	9	292	292	0.0440016
871	10	287	287	0.00890923
871	11	262	262	0.000844955
871	12	843	843	0.239922
871	13	274	274	0.0178928
871	14	21124	21124	0.0706434
871	15	13	13	0.000442505
871	16	50256	50256	1.52588e-05
872	5	1729	1729	0.237489
872	6	4164	4164	0.119388
872	7	18196	18196	0.0995073
872	8	5002	5002	0.0351295
872	9	326	326	0.029561
872	10	318	318	0.0672169
872	11	8122	8122	0.147005
872	12	379	379	0.0444126
872	13	8850	8850	0.0530453
872	14	2119	2119	0.0641241
872	15	5951	5951	0.0241652
872	16	13	13	0.000156403
872	17	50256	50256	1.90735e-06
873	5	286	286	0.00148773
873	6	28722	28722	0.0853453
873	7	287	287	0.00136566
873	8	257	257	0.0258799
873	9	5931	5931	0.0902691
873	10	6317	6317	0.0190229
873	11	13	13	1.71661e-05
873	12	50256	50256	3.8147e-06
874	5	10947	10947	0.0536766
874	6	4046	4046	0.086031
874	7	422	422	0.013751
874	8	7346	7346	0.0909538
874	9	27149	27149	0.02036
874	10	13	13	5.72205e-06
874	11	50256	50256	3.8147e-06
875	5	973	973	0.00784302
875	6	329	329	0.0337324
875	7	35788	35788	0.0728521
875	8	4263	4263	0.00889301
875	9	13	13	0.000814438
875	10	50256	50256	1.90735e-06
876	5	27458	27458	0.0668221
876	6	12	12	0.0221348
876	7	11487	11487	1.12613
876	8	1448	1448	0.0592556
876	9	1690	1690	0.0663443
876	10	423	423	0.0799732
876	11	2092	2092	0.160488
876	12	5931	5931	0.0614805
876	13	6608	6608	0.0716162
876	14	13	13	0.000993729
876	15	50256	50256	5.72205e-06
877	5	7306	7306	0.253658
877	6	3623	3623	0.0861435
877	7	379	379	0.0158377
877	8	6937	6937	0.240431
877	9	5951	5951	0.157875
877	10	11	11	0.037344
877	11	3833	3833	0.271627
877	12	5732	5732	0.05795
877	13	355	355	0.0758829
877	14	6115	6115	0.215104
877	15	20638	20638	0.0338125
877	16	13	13	0
877	17	50256	50256	5.34058e-05
878	5	1588	1588	0.212998
878	6	6903	6903	0.062932
878	7	286	286	0.0102673
878	8	2258	2258	0.146965
878	9	5478	5478	0.0526152
878	10	13	13	0.000944138
878	11	50256	50256	1.14441e-05
879	5	42909	42909	0.062089
879	6	2568	2568	0.036458
879	7	422	422	0.0146923
879	8	663	663	0.0129061
879	9	21334	21334	0.0444698
879	10	13	13	0.000205994
879	11	50256	50256	1.90735e-05
880	5	7714	7714	0.0375996
880	6	3170	3170	0.0252867
880	7	1231	1231	0.0456276
880	8	29871	29871	0.0629768
880	9	13	13	0.00162125
880	10	50256	50256	3.8147e-06
881	5	262	262	0.00259972
881	6	21189	21189	0.397097
881	7	21226	21226	0.0427532
881	8	286	286	0.00998497
881	9	867	867	0.106952
881	10	4903	4903	0.0689907
881	11	694	694	0.0390177
881	12	418	418	0.0347643
881	13	1037	1037	0.150493
881	14	606	606	0.0863228
881	15	36331	36331	0.127336
881	16	284	284	0.0057745
881	17	16649	16649	0.0329885
881	18	13	13	0
881	19	50256	50256	3.05176e-05
882	5	22421	22421	0.0579529
882	6	3025	3025	0.0949335
882	7	7531	7531	0.107742
882	8	19998	19998	0.0866251
882	9	423	423	0.0341425
882	10	257	257	0.0453148
882	11	8064	8064	0.257574
882	12	286	286	0.00305939
882	13	734	734	0.0900774
882	14	284	284	0.0146427
882	15	530	530	0.0635719
882	16	13	13	0.00196266
882	17	50256	50256	3.8147e-06
883	5	2010	2010	0.0589056
883	6	5186	5186	0.0236206
883	7	3877	3877	0.0299578
883	8	13	13	0.0012207
883	9	50256	50256	5.72205e-06
884	5	11	11	0.00339508
884	6	290	290	0.0193005
884	7	21813	21813	0.336364
884	8	4166	4166	0.0212908
884	9	422	422	0.0144796
884	10	9133	9133	0.134159
884	11	20328	20328	0.0131197
884	12	13	13	9.72748e-05
884	13	50256	50256	3.8147e-06
885	5	326	326	0.04109
885	6	257	257	0.0257263
885	7	12649	12649	0.192795
885	8	460	460	0.052042
885	9	12260	12260	0.122002
885	10	3264	3264	0.0393076
885	11	13	13	0.00163078
885	12	50256	50256	5.72205e-06
886	5	286	286	0.00437737
886	6	10529	10529	0.208212
886	7	893	893	0.03514
886	8	325	325	0.0372763
886	9	385	385	0.0531511
886	10	287	287	0.00175476
886	11	262	262	0.0381613
886	12	28032	28032	0.306149
886	13	13	13	0.00508118
886	14	50256	50256	2.67029e-05
887	5	2431	2431	0.0114422
887	6	13	13	5.72205e-05
887	7	50256	50256	7.62939e-06
888	5	11	11	0.0413723
888	6	543	543	0.0663958
888	7	5419	5419	0.0520353
888	8	262	262	0.029727
888	9	1767	1767	0.0804272
888	10	16274	16274	0.0452423
888	11	27997	27997	0.0132656
888	12	13	13	0.000177383
888	13	50256	50256	5.72205e-06
889	5	16704	16704	0.107592
889	6	279	279	0.0556145
889	7	2150	2150	0.0719652
889	8	1387	1387	0.0276051
889	9	422	422	0.00961113
889	10	18577	18577	0.135262
889	11	33694	33694	0.0331059
889	12	11904	11904	0.0185909
889	13	13	13	1.90735e-06
889	14	50256	50256	0.000116348
890	5	388	388	0.0561504
890	6	12007	12007	0.055232
890	7	1278	1278	0.0477419
890	8	9189	9189	0.0383511
890	9	21592	21592	0.0398674
890	10	22830	22830	0.0314102
890	11	290	290	0.00579739
890	12	584	584	0.109094
890	13	1171	1171	0.0905066
890	14	5444	5444	0.0480661
890	15	9928	9928	0.0152168
890	16	13	13	2.09808e-05
890	17	50256	50256	3.8147e-06
891	5	286	286	0.0107632
891	6	8031	8031	0.427439
891	7	11	11	0.00377846
891	8	6296	6296	0.137051
891	9	319	319	0.0162487
891	10	262	262	0.00609016
891	11	309	309	0.835612
891	12	1856	1856	0.0568428
891	13	5866	5866	0.0497456
891	14	13	13	1.90735e-05
891	15	50256	50256	5.72205e-06
892	5	416	416	0.0152969
892	6	763	763	0.637881
892	7	363	363	0.0633202
892	8	8306	8306	0.0857801
892	9	17797	17797	0.0468693
892	10	7545	7545	0.033268
892	11	290	290	0.0143223
892	12	12273	12273	0.27731
892	13	262	262	0.00544548
892	14	7186	7186	0.352604
892	15	1090	1090	0.0562286
892	16	9310	9310	0.0209513
892	17	13	13	4.57764e-05
892	18	50256	50256	3.62396e-05
893	5	287	287	0.0134125
893	6	23217	23217	0.196186
893	7	460	460	0.0440874
893	8	1037	1037	0.0832291
893	9	2270	2270	0.188648
893	10	12586	12586	0.130122
893	11	5475	5475	0.0219917
893	12	13	13	1.90735e-06
893	13	50256	50256	3.8147e-06
894	5	832	832	0.0568523
894	6	262	262	0.0213928
894	7	17661	17661	0.259131
894	8	286	286	0.0102768
894	9	262	262	0.00950623
894	10	3942	3942	0.232103
894	11	290	290	0.014061
894	12	35769	35769	0.521978
894	13	666	666	0.054903
894	14	13375	13375	0.138137
894	15	13	13	1.90735e-06
894	16	50256	50256	9.53674e-06
895	5	1115	1115	0.0964079
895	6	13043	13043	0.0862865
895	7	326	326	0.0708199
895	8	1296	1296	0.0893803
895	9	257	257	0.0359707
895	10	2060	2060	0.420851
895	11	16257	16257	0.114009
895	12	13	13	0.00082016
895	13	50256	50256	3.8147e-06
896	5	8208	8208	0.0924006
896	6	12	12	0.0230637
896	7	19412	19412	0.498938
896	8	7475	7475	0.036109
896	9	13	13	0.00640488
896	10	50256	50256	3.8147e-06
897	5	39880	39880	0.225918
897	6	460	460	0.0551901
897	7	1205	1205	0.117308
897	8	656	656	0.0443792
897	9	257	257	0.0215969
897	10	649	649	0.182698
897	11	4618	4618	0.0512743
897	12	13	13	2.47955e-05
897	13	50256	50256	3.8147e-06
898	5	1350	1350	0.00903606
898	6	900	900	0.0166397
898	7	11597	11597	0.035821
898	8	7218	7218	0.0262012
898	9	22596	22596	0.0280752
898	10	1871	1871	0.0273418
898	11	28818	28818	0.0305042
898	12	2127	2127	0.0420046
898	13	5348	5348	0.0398064
898	14	13	13	4.3869e-05
898	15	50256	50256	7.62939e-06
899	5	5838	5838	0.176297
899	6	286	286	0.000999451
899	7	38330	38330	0.264338
899	8	287	287	0.00129318
899	9	838	838	0.245508
899	10	2791	2791	0.0199938
899	11	13	13	0.000160217
899	12	50256	50256	5.72205e-06
900	5	11	11	0.0178623
900	6	717	717	0.728915
900	7	12	12	0.0482616
900	8	448	448	1.48865
900	9	16834	16834	0.0444918
900	10	11	11	0.016573
900	11	262	262	0.0941706
900	12	14555	14555	0.33309
900	13	2087	2087	0.0393972
900	14	2378	2378	0.0650749
900	15	318	318	0.0295963
900	16	4615	4615	0.124039
900	17	717	717	0.124636
900	18	13	13	1.33514e-05
900	19	50256	50256	1.33514e-05
901	5	4180	4180	0.0975657
901	6	30121	30121	0.0274439
901	7	319	319	0.0110989
901	8	6163	6163	0.111742
901	9	3354	3354	0.0544968
901	10	286	286	0.00691605
901	11	9664	9664	0.164727
901	12	13	13	0.000181198
901	13	50256	50256	3.8147e-06
902	5	3688	3688	0.0583782
902	6	284	284	0.0194149
902	7	262	262	0.000955582
902	8	5485	5485	0.294162
902	9	286	286	0.0105324
902	10	257	257	0.0073185
902	11	6297	6297	0.11894
902	12	13	13	1.14441e-05
902	13	50256	50256	3.8147e-06
903	5	2318	2318	0.117969
903	6	19972	19972	0.0729046
903	7	33174	33174	0.0755968
903	8	262	262	0.0127001
903	9	5366	5366	0.133108
903	10	16825	16825	0.119682
903	11	286	286	0.00676346
903	12	1194	1194	0.108205
903	13	13	13	0.0128841
903	14	50256	50256	8.2016e-05
904	5	16122	16122	0.312664
904	6	11732	11732	0.0385981
904	7	337	337	0.0367584
904	8	5847	5847	0.0480614
904	9	2977	2977	0.0581207
904	10	290	290	0.00108528
904	11	383	383	0.228639
904	12	367	367	0.191785
904	13	3316	3316	0.101827
904	14	1891	1891	0.0667543
904	15	286	286	0.00903511
904	16	23382	23382	0.194691
904	17	12	12	0.023263
904	18	35	35	0.456234
904	19	480	480	0.051053
904	20	13	13	1.90735e-06
904	21	50256	50256	0.000518799
905	5	625	625	0.00515175
905	6	3090	3090	0.0619307
905	7	287	287	0.00111008
905	8	8850	8850	0.021719
905	9	34768	34768	0.0307159
905	10	13	13	0.000160217
905	11	50256	50256	1.52588e-05
906	5	284	284	0.0056057
906	6	262	262	0.00075531
906	7	28761	28761	0.228354
906	8	576	576	0.0393438
906	9	1448	1448	0.0401049
906	10	11	11	0.020462
906	11	407	407	0.168688
906	12	262	262	0.0146418
906	13	38255	38255	0.22017
906	14	1547	1547	0.0474663
906	15	13	13	3.8147e-05
906	16	50256	50256	1.90735e-05
907	5	7861	7861	0.0667753
907	6	11	11	0.00913811
907	7	5387	5387	0.060894
907	8	14580	14580	0.0815306
907	9	11	11	0.0133333
907	10	290	290	0.00346947
907	11	4596	4596	0.37576
907	12	6900	6900	0.0744667
907	13	286	286	0.000831604
907	14	19606	19606	0.117145
907	15	287	287	0.01511
907	16	1660	1660	0.0635891
907	17	3102	3102	0.066824
907	18	46916	46916	0.022191
907	19	13	13	0.000459671
907	20	50256	50256	9.91821e-05
908	5	3881	3881	0.0386982
908	6	1296	1296	0.0506506
908	7	257	257	0.0109901
908	8	4417	4417	0.0314999
908	9	7679	7679	0.0466318
908	10	1444	1444	0.0248995
908	11	842	842	0.221255
908	12	21446	21446	0.0746498
908	13	319	319	0.0123854
908	14	262	262	0.0059948
908	15	6869	6869	0.129976
908	16	13	13	0.00195503
908	17	50256	50256	3.8147e-06
909	5	286	286	0.00524902
909	6	257	257	0.0212173
909	7	35991	35991	0.224425
909	8	423	423	0.117064
909	9	4961	4961	0.0813208
909	10	20428	20428	0.0853462
909	11	13	13	3.8147e-06
909	12	50256	50256	1.90735e-06
910	5	10349	10349	0.131759
910	6	618	618	0.0213184
910	7	663	663	0.0402327
910	8	5002	5002	0.137415
910	9	48813	48813	0.0409431
910	10	422	422	0.00682163
910	11	13181	13181	0.112505
910	12	1459	1459	0.0455236
910	13	13	13	1.90735e-06
910	14	50256	50256	0.000143051
911	5	3623	3623	0.0938215
911	6	25037	25037	0.0836134
911	7	13640	13640	0.0444679
911	8	355	355	0.0113459
911	9	44030	44030	0.201037
911	10	3881	3881	0.111535
911	11	4735	4735	0.0439167
911	12	6945	6945	0.0276375
911	13	13	13	0
911	14	50256	50256	5.72205e-05
912	5	12269	12269	0.0406036
912	6	11	11	0.00336266
912	7	1660	1660	0.0482512
912	8	11	11	0.00618553
912	9	290	290	0.0350647
912	10	38084	38084	0.532595
912	11	14093	14093	0.0578728
912	12	1818	1818	0.0220461
912	13	13	13	0.0011158
912	14	50256	50256	9.53674e-05
913	5	689	689	0.0363903
913	6	9664	9664	0.102188
913	7	351	351	0.0206738
913	8	28096	28096	0.234609
913	9	925	925	0.0408964
913	10	1262	1262	0.0427113
913	11	257	257	0.0130939
913	12	17598	17598	0.282938
913	13	290	290	0.0291443
913	14	4704	4704	0.416395
913	15	13	13	0.00155067
913	16	50256	50256	2.28882e-05
914	5	2057	2057	0.0163221
914	6	422	422	0.0294647
914	7	1660	1660	0.0697565
914	8	351	351	0.022419
914	9	13375	13375	0.187789
914	10	287	287	0.00893974
914	11	511	511	0.0835943
914	12	28552	28552	0.127574
914	13	13	13	0.000207901
914	14	50256	50256	9.34601e-05
915	5	262	262	0.000679016
915	6	3463	3463	0.141926
915	7	286	286	0.00751877
915	8	262	262	0.0884323
915	9	11711	11711	0.198167
915	10	20085	20085	0.0598984
915	11	416	416	0.0119028
915	12	281	281	0.0243607
915	13	2134	2134	0.0926208
915	14	13	13	0.00187683
915	15	50256	50256	1.90735e-06
916	5	262	262	0.00247765
916	6	12108	12108	0.0932074
916	7	286	286	0.00165558
916	8	17837	17837	0.173456
916	9	11	11	0.0244904
916	10	318	318	0.135197
916	11	17837	17837	0.315658
916	12	338	338	0.0222034
916	13	3139	3139	0.1335
916	14	13	13	0
916	15	50256	50256	1.90735e-05
917	5	37270	37270	0.0878372
917	6	11	11	0.00140762
917	7	30872	30872	0.391029
917	8	11	11	0.000715256
917	9	290	290	0.016139
917	10	21506	21506	0.162025
917	11	13	13	0
917	12	50256	50256	5.72205e-06
918	5	3668	3668	0.083436
918	6	8318	8318	0.0366192
918	7	832	832	0.0148335
918	8	16468	16468	0.204553
918	9	1364	1364	0.0243807
918	10	416	416	0.0324917
918	11	401	401	0.13393
918	12	1039	1039	0.0340986
918	13	13	13	0.000696182
918	14	50256	50256	0.000120163
919	5	44741	44741	0.265824
919	6	17757	17757	0.025773
919	7	319	319	0.00634384
919	8	4849	4849	0.325732
919	9	47967	47967	0.02845
919	10	28847	28847	0.0440521
919	11	287	287	0.00743675
919	12	4492	4492	0.0636835
919	13	13	13	0
919	14	50256	50256	7.82013e-05
920	5	350	350	0.425003
920	6	9160	9160	0.0521698
920	7	373	373	0.0176487
920	8	3170	3170	0.0708103
920	9	355	355	0.0519581
920	10	257	257	0.0122185
920	11	8966	8966	0.159792
920	12	10580	10580	0.0385084
920	13	13	13	1.90735e-06
920	14	50256	50256	0.000102997
921	5	257	257	0.00292015
921	6	5252	5252	0.167936
921	7	33413	33413	0.043294
921	8	8902	8902	0.03158
921	9	351	351	0.0213394
921	10	281	281	0.00609589
921	11	18762	18762	0.0957556
921	12	2890	2890	0.0297413
921	13	5797	5797	0.015976
921	14	13	13	0.000862122
921	15	50256	50256	5.72205e-06
922	5	1811	1811	0.0439892
922	6	6300	6300	0.0651665
922	7	286	286	0.00408554
922	8	262	262	0.0367441
922	9	2939	2939	0.106093
922	10	1444	1444	0.0175066
922	11	383	383	0.124885
922	12	36306	36306	0.0552425
922	13	13	13	0.000469208
922	14	50256	50256	8.7738e-05
923	5	460	460	0.0118999
923	6	2620	2620	0.121918
923	7	257	257	0.0110283
923	8	2700	2700	0.0902472
923	9	338	338	0.0361261
923	10	6225	6225	0.202671
923	11	1245	1245	0.0402927
923	12	13	13	0
923	13	50256	50256	7.62939e-06
924	5	286	286	0.00929642
924	6	262	262	0.0205135
924	7	3624	3624	0.102901
924	8	14705	14705	0.0779276
924	9	287	287	0.00350189
924	10	674	674	0.0751152
924	11	6591	6591	0.0213509
924	12	1080	1080	0.022501
924	13	13	13	0.00560951
924	14	50256	50256	1.90735e-05
925	5	42742	42742	0.0090704
925	6	656	656	0.0110846
925	7	734	734	0.00971699
925	8	4957	4957	0.0419931
925	9	17751	17751	0.0350657
925	10	72	72	0.0445681
925	11	13	13	0.000141144
925	12	50256	50256	7.62939e-06
926	5	257	257	0.0359707
926	6	41236	41236	0.342494
926	7	338	338	0.0248852
926	8	4417	4417	0.145002
926	9	389	389	0.0571957
926	10	7009	7009	0.130651
926	11	1981	1981	0.0370083
926	12	15921	15921	0.0238285
926	13	13	13	1.90735e-06
926	14	50256	50256	2.47955e-05
927	5	286	286	0.015419
927	6	262	262	0.00377083
927	7	39046	39046	0.307737
927	8	973	973	0.0300198
927	9	416	416	0.0298176
927	10	867	867	0.0771875
927	11	5044	5044	0.0945997
927	12	4778	4778	0.0529642
927	13	13	13	0.00563335
927	14	50256	50256	8.58307e-05
928	5	5496	5496	0.0226974
928	6	326	326	0.0124645
928	7	460	460	0.0637455
928	8	2291	2291	0.117145
928	9	6134	6134	0.0679865
928	10	11	11	0.0253811
928	11	5916	5916	0.398792
928	12	11	11	0.00815392
928	13	290	290	0.0258074
928	14	23426	23426	0.229507
928	15	13	13	7.62939e-06
928	16	50256	50256	2.09808e-05
929	5	287	287	0.011507
929	6	40941	40941	0.146358
929	7	15190	15190	0.0237589
929	8	290	290	0.00358582
929	9	24768	24768	0.213707
929	10	13	13	0.000377655
929	11	50256	50256	1.71661e-05
930	5	2081	2081	0.115562
930	6	691	691	0.134798
930	7	618	618	0.0621405
930	8	1111	1111	0.268018
930	9	286	286	0.00861359
930	10	663	663	0.0729713
930	11	17311	17311	0.510322
930	12	389	389	0.0478048
930	13	2081	2081	0.221931
930	14	13	13	0.000101089
930	15	50256	50256	9.53674e-06
931	5	3597	3597	0.132639
931	6	1080	1080	0.0311766
931	7	973	973	0.091116
931	8	329	329	0.0768337
931	9	6983	6983	0.147208
931	10	13	13	0.00326538
931	11	50256	50256	1.71661e-05
932	5	262	262	0.0041275
932	6	976	976	0.0654383
932	7	6115	6115	0.0400791
932	8	355	355	0.0143681
932	9	530	530	0.0243206
932	10	27216	27216	0.0986052
932	11	1247	1247	0.0778198
932	12	16912	16912	0.0267715
932	13	13	13	1.90735e-06
932	14	50256	50256	6.67572e-05
933	5	416	416	0.0538759
933	6	530	530	0.059947
933	7	5667	5667	0.0483742
933	8	326	326	0.033577
933	9	1271	1271	0.0631113
933	10	21588	21588	0.0814514
933	11	13	13	7.62939e-05
933	12	50256	50256	3.8147e-06
934	5	17825	17825	0.0450859
934	6	287	287	0.000911713
934	7	294	294	0.0929575
934	8	6037	6037	0.0125532
934	9	13	13	0
934	10	50256	50256	1.90735e-06
935	5	3878	3878	0.239286
935	6	17084	17084	0.072772
935	7	318	318	0.018918
935	8	257	257	0.0347424
935	9	4898	4898	0.144815
935	10	9967	9967	0.0595293
935	11	3601	3601	0.0540352
935	12	11	11	0.0213099
935	13	407	407	0.203902
935	14	281	281	0.216523
935	15	3056	3056	0.251764
935	16	12036	12036	0.269395
935	17	13	13	3.05176e-05
935	18	50256	50256	4.57764e-05
936	5	416	416	0.0119038
936	6	14583	14583	0.117555
936	7	257	257	0.0179548
936	8	6314	6314	0.131843
936	9	379	379	0.0280485
936	10	511	511	0.0245981
936	11	27390	27390	0.220508
936	12	16649	16649	0.0220547
936	13	13	13	9.72748e-05
936	14	50256	50256	8.58307e-05
937	5	11	11	0.00305176
937	6	1444	1444	0.698589
937	7	262	262	0.00626564
937	8	1162	1162	2.01081
937	9	4450	4450	0.0844193
937	10	11	11	0.0180941
937	11	318	318	0.564631
937	12	37546	37546	0.263147
937	13	621	621	0.0448732
937	14	663	663	0.100692
937	15	7424	7424	0.407599
937	16	4417	4417	0.0425148
937	17	13	13	0
937	18	50256	50256	0.0001297
938	5	281	281	0.00768661
938	6	2134	2134	0.0602188
938	7	338	338	0.0517511
938	8	15432	15432	0.321076
938	9	2458	2458	0.0536165
938	10	351	351	0.0417938
938	11	640	640	0.156854
938	12	13	13	0.00602913
938	13	50256	50256	1.33514e-05
939	5	37008	37008	0.126287
939	6	379	379	0.0161219
939	7	5043	5043	0.243167
939	8	286	286	0.0126209
939	9	2910	2910	0.190842
939	10	8837	8837	0.0782204
939	11	5095	5095	0.0266552
939	12	13	13	0
939	13	50256	50256	3.8147e-06
940	5	286	286	0.00551224
940	6	987	987	0.130089
940	7	48331	48331	0.0350676
940	8	4847	4847	0.0754547
940	9	351	351	0.0298252
940	10	257	257	0.0166807
940	11	3867	3867	0.123402
940	12	28982	28982	0.0407734
940	13	13	13	3.8147e-06
940	14	50256	50256	0.000112534
941	5	257	257	0.0026989
941	6	22746	22746	0.0688677
941	7	656	656	0.00233269
941	8	42713	42713	0.0736837
941	9	13	13	0.000244141
941	10	50256	50256	1.90735e-06
942	5	257	257	0.0681782
942	6	1729	1729	0.243325
942	7	22570	22570	0.0445843
942	8	1271	1271	0.0156794
942	9	3607	3607	0.436098
942	10	6632	6632	0.0819101
942	11	13	13	0.0115547
942	12	50256	50256	5.72205e-06
943	5	1588	1588	0.0709944
943	6	24969	24969	0.110842
943	7	602	602	0.0984659
943	8	618	618	0.0134659
943	9	257	257	0.0180922
943	10	1080	1080	0.048996
943	11	318	318	0.0243416
943	12	7986	7986	1.17446
943	13	1474	1474	0.0565901
943	14	257	257	0.0394039
943	15	3288	3288	0.359792
943	16	8373	8373	0.0471745
943	17	13	13	0.000350952
943	18	50256	50256	2.28882e-05
944	5	2278	2278	0.465663
944	6	618	618	0.0162325
944	7	257	257	0.0554914
944	8	636	636	0.112267
944	9	318	318	0.0389318
944	10	10574	10574	0.136391
944	11	13	13	0
944	12	50256	50256	5.72205e-06
945	5	11	11	0.00669289
945	6	47394	47394	0.14688
945	7	507	507	0.0464296
945	8	389	389	0.027276
945	9	610	610	0.10821
945	10	620	620	0.0165367
945	11	77	77	0.0130644
945	12	2340	2340	0.0335188
945	13	2138	2138	0.0237465
945	14	621	621	0.0039959
945	15	19435	19435	0.0687761
945	16	13	13	0.000818253
945	17	50256	50256	1.90735e-06
946	5	5101	5101	0.0446148
946	6	290	290	0.00708389
946	7	734	734	0.054266
946	8	2392	2392	0.07339
946	9	13017	13017	0.0488214
946	10	41192	41192	0.0300026
946	11	13	13	9.72748e-05
946	12	50256	50256	5.72205e-06
947	5	5389	5389	0.0914021
947	6	290	290	0.0193863
947	7	1440	1440	0.10183
947	8	826	826	0.12056
947	9	18333	18333	0.035861
947	10	13	13	2.09808e-05
947	11	50256	50256	1.52588e-05
948	5	4778	4778	0.0654573
948	6	7685	7685	0.292959
948	7	3994	3994	0.105448
948	8	6337	6337	0.0534544
948	9	42742	42742	0.0219326
948	10	13	13	0.000442505
948	11	50256	50256	1.90735e-05
949	5	286	286	0.00175476
949	6	1402	1402	0.133726
949	7	19468	19468	0.0881987
949	8	5028	5028	0.0657396
949	9	16083	16083	0.0452766
949	10	925	925	0.0251398
949	11	422	422	0.00638771
949	12	5026	5026	0.136367
949	13	47196	47196	0.0859146
949	14	13	13	0
949	15	50256	50256	3.8147e-06
950	5	11	11	0.00250816
950	6	530	530	0.0614233
950	7	256	256	0.200694
950	8	478	478	0.0600929
950	9	9229	9229	0.0477982
950	10	7480	7480	0.0750437
950	11	1715	1715	0.0360832
950	12	2412	2412	0.0393953
950	13	11061	11061	0.030201
950	14	1194	1194	0.0654707
950	15	13	13	7.62939e-06
950	16	50256	50256	2.86102e-05
951	5	13017	13017	0.0135241
951	6	6958	6958	0.0533991
951	7	1626	1626	0.0335722
951	8	281	281	0.0272837
951	9	13187	13187	0.0972176
951	10	13	13	3.62396e-05
951	11	50256	50256	1.90735e-05
952	5	262	262	0.00730896
952	6	1767	1767	0.0508308
952	7	338	338	0.00736427
952	8	10900	10900	0.247981
952	9	18370	18370	0.0144157
952	10	13	13	3.8147e-06
952	11	50256	50256	1.71661e-05
953	5	10816	10816	0.170924
953	6	34537	34537	0.0267153
953	7	1900	1900	0.0147457
953	8	329	329	0.0208435
953	9	1588	1588	0.104152
953	10	4636	4636	0.0813007
953	11	874	874	0.0633011
953	12	13	13	0.00115204
953	13	50256	50256	3.8147e-06
954	5	3994	3994	0.0190392
954	6	5348	5348	0.0391264
954	7	286	286	0.00573921
954	8	9838	9838	0.354887
954	9	5773	5773	0.165113
954	10	290	290	0.0171051
954	11	300	300	0.195573
954	12	12009	12009	0.0997772
954	13	7408	7408	0.0336599
954	14	11492	11492	0.0314589
954	15	13	13	0.00437546
954	16	50256	50256	3.8147e-06
955	5	48573	48573	0.0530405
955	6	4618	4618	0.0388775
955	7	338	338	0.0233154
955	8	19643	19643	0.281366
955	9	2261	2261	0.0764103
955	10	460	460	0.0424614
955	11	1205	1205	0.096138
955	12	656	656	0.028492
955	13	257	257	0.0394669
955	14	9403	9403	0.202671
955	15	13	13	0.0026741
955	16	50256	50256	1.90735e-05
956	5	1663	1663	0.0542316
956	6	287	287	0.0175838
956	7	17475	17475	0.246551
956	8	12493	12493	0.0470314
956	9	12824	12824	0.0260973
956	10	416	416	0.0109081
956	11	8268	8268	0.197513
956	12	1660	1660	0.0389185
956	13	13	13	0.000387192
956	14	50256	50256	5.34058e-05
957	5	12	12	0.0620203
957	6	46155	46155	1.31196
957	7	1296	1296	0.0427485
957	8	286	286	0.00907516
957	9	7729	7729	0.242725
957	10	3194	3194	0.0927639
957	11	287	287	0.0329361
957	12	257	257	0.0315018
957	13	8300	8300	0.229982
957	14	3303	3303	0.0458746
957	15	13	13	0.0018177
957	16	50256	50256	1.71661e-05
958	5	905	905	0.0119457
958	6	281	281	0.00929165
958	7	21388	21388	0.0441418
958	8	18032	18032	0.0274715
958	9	12	12	0.0143089
958	10	489	489	0.150654
958	11	1523	1523	0.0324907
958	12	2776	2776	0.0518999
958	13	287	287	0.00525475
958	14	3594	3594	0.11188
958	15	13	13	9.53674e-06
958	16	50256	50256	1.52588e-05
959	5	11	11	0.103733
959	6	290	290	0.124013
959	7	1395	1395	0.504949
959	8	12	12	0.0413113
959	9	20477	20477	0.337702
959	10	5594	5594	0.0861654
959	11	284	284	0.0289135
959	12	262	262	0.00398636
959	13	976	976	0.117354
959	14	31094	31094	0.174865
959	15	10958	10958	0.0588312
959	16	13	13	0
959	17	50256	50256	1.90735e-06
960	5	14795	14795	0.0240164
960	6	3754	3754	0.0383511
960	7	11694	11694	0.0384588
960	8	36103	36103	0.0304995
960	9	4178	4178	0.021246
960	10	287	287	0.00401306
960	11	9225	9225	0.16862
960	12	18671	18671	0.0130234
960	13	13	13	0
960	14	50256	50256	0.00012207
961	5	257	257	0.00781822
961	6	1486	1486	0.710211
961	7	416	416	0.00975418
961	8	5086	5086	0.300418
961	9	2587	2587	0.0324898
961	10	284	284	0.0387611
961	11	1208	1208	0.361562
961	12	832	832	0.0307732
961	13	6163	6163	0.228351
961	14	28431	28431	0.0525484
961	15	13	13	0
961	16	50256	50256	2.28882e-05
962	5	257	257	0.00106812
962	6	9314	9314	0.116975
962	7	11	11	0.00652122
962	8	6149	6149	0.269577
962	9	4269	4269	0.0254889
962	10	286	286	0.00103378
962	11	9881	9881	0.203612
962	12	13	13	0.000160217
962	13	50256	50256	3.8147e-06
963	5	22532	22532	0.0272255
963	6	7475	7475	0.0140724
963	7	287	287	0.00325012
963	8	281	281	0.0089016
963	9	3594	3594	0.0650148
963	10	36246	36246	0.0895491
963	11	13	13	0.00184822
963	12	50256	50256	3.8147e-06
964	5	734	734	0.0181875
964	6	8950	8950	0.0498638
964	7	13	13	0.000928879
964	8	50256	50256	9.53674e-06
965	5	867	867	0.056385
965	6	5667	5667	0.0882177
965	7	511	511	0.0417919
965	8	16704	16704	0.274241
965	9	4077	4077	0.0733671
965	10	3124	3124	0.110007
965	11	13	13	1.71661e-05
965	12	50256	50256	5.72205e-06
966	5	284	284	0.00976944
966	6	11945	11945	0.0644665
966	7	287	287	0.012331
966	8	262	262	0.00800133
966	9	1692	1692	0.112702
966	10	1767	1767	0.0419035
966	11	13	13	0.00294495
966	12	50256	50256	3.8147e-06
967	5	5419	5419	0.0625401
967	6	3608	3608	0.109667
967	7	262	262	0.0175991
967	8	1692	1692	0.18434
967	9	1767	1767	0.0678234
967	10	13	13	0.00227165
967	11	50256	50256	1.71661e-05
968	5	663	663	0.00357246
968	6	20884	20884	0.0826302
968	7	966	966	0.0210629
968	8	13	13	0.000139236
968	9	50256	50256	5.72205e-06
969	5	9368	9368	0.910353
969	6	5374	5374	0.071105
969	7	83	83	0.031189
969	8	270	270	0.0289078
969	9	9620	9620	0.0330248
969	10	6204	6204	0.0618067
969	11	319	319	0.061079
969	12	281	281	0.0401382
969	13	7022	7022	0.11937
969	14	287	287	0.0180683
969	15	6233	6233	0.312889
969	16	3567	3567	0.0623245
969	17	66	66	0.0493422
969	18	25634	25634	0.03615
969	19	13	13	0
969	20	50256	50256	5.72205e-06
970	5	511	511	0.0167923
970	6	30514	30514	0.0657082
970	7	284	284	0.0123386
970	8	6654	6654	0.106723
970	9	23311	23311	0.0349131
970	10	13	13	0.000133514
970	11	50256	50256	1.52588e-05
971	5	13055	13055	0.0133514
971	6	262	262	0.00655937
971	7	18560	18560	0.503983
971	8	1900	1900	0.0153675
971	9	355	355	0.00576973
971	10	262	262	0.0001297
971	11	2892	2892	0.454122
971	12	64	64	0.0339813
971	13	15378	15378	0.0262909
971	14	13	13	0.00028801
971	15	50256	50256	3.8147e-06
972	5	262	262	0.00351143
972	6	7475	7475	0.0989704
972	7	286	286	0.0279865
972	8	257	257	0.0386429
972	9	1573	1573	0.156646
972	10	393	393	0.00729465
972	11	9546	9546	0.16957
972	12	284	284	0.00872231
972	13	1296	1296	0.0622692
972	14	1194	1194	0.0872459
972	15	13888	13888	0.305655
972	16	13	13	0.0019207
972	17	50256	50256	3.8147e-06
973	5	4886	4886	0.0594444
973	6	23221	23221	0.0991688
973	7	2458	2458	0.0483751
973	8	284	284	0.0187731
973	9	257	257	0.0100994
973	10	2512	2512	0.116096
973	11	286	286	0.0158844
973	12	1366	1366	0.137709
973	13	13	13	0.000141144
973	14	50256	50256	8.39233e-05
974	5	16577	16577	0.322746
974	6	336	336	0.0533991
974	7	328	328	0.133229
974	8	5356	5356	0.0704098
974	9	34262	34262	0.0475569
974	10	422	422	0.0176125
974	11	257	257	0.00265312
974	12	4693	4693	0.111079
974	13	286	286	0.0154095
974	14	6763	6763	0.280692
974	15	9042	9042	0.0173168
974	16	13	13	0.000383377
974	17	50256	50256	3.8147e-06
975	5	2344	2344	0.0572252
975	6	18190	18190	0.0610456
975	7	22425	22425	0.0559301
975	8	6450	6450	0.0841379
975	9	13	13	0.00310707
975	10	50256	50256	1.90735e-06
976	5	20838	20838	0.0652266
976	6	11	11	0.0108719
976	7	16397	16397	0.280157
976	8	11	11	0.00336456
976	9	290	290	0.0295553
976	10	449	449	0.173143
976	11	391	391	0.0574789
976	12	28814	28814	0.0232649
976	13	13	13	0.00244141
976	14	50256	50256	9.91821e-05
977	5	290	290	0.00505638
977	6	39381	39381	0.224414
977	7	11061	11061	0.00858688
977	8	3668	3668	0.0226068
977	9	338	338	0.00525475
977	10	4417	4417	0.0399561
977	11	13	13	0.000520706
977	12	50256	50256	5.72205e-06
978	5	2128	2128	0.351254
978	6	618	618	0.0302095
978	7	1633	1633	0.11777
978	8	318	318	0.0526505
978	9	7924	7924	0.410599
978	10	1973	1973	0.0343428
978	11	262	262	0.00279236
978	12	5743	5743	0.404331
978	13	286	286	0.00745201
978	14	663	663	0.0907593
978	15	5422	5422	0.182321
978	16	7604	7604	0.28487
978	17	13	13	0
978	18	50256	50256	7.62939e-06
979	5	21558	21558	0.0355358
979	6	416	416	0.0249949
979	7	9645	9645	0.233659
979	8	340	340	0.0282421
979	9	287	287	0.025671
979	10	257	257	0.00353241
979	11	8769	8769	0.157682
979	12	77	77	0.0496025
979	13	13	13	8.7738e-05
979	14	50256	50256	8.01086e-05
980	5	1146	1146	0.048172
980	6	5047	5047	0.086956
980	7	13166	13166	0.0255594
980	8	23537	23537	0.0753012
980	9	422	422	0.0156898
980	10	262	262	0.00104904
980	11	3825	3825	0.0627546
980	12	13	13	0.00682354
980	13	50256	50256	5.72205e-06
981	5	286	286	0.0140915
981	6	17322	17322	0.203675
981	7	11	11	0.00240517
981	8	7363	7363	0.573708
981	9	319	319	0.0335646
981	10	262	262	0.0577555
981	11	6035	6035	0.255613
981	12	3266	3266	0.0692644
981	13	5866	5866	0.0753403
981	14	13	13	0.000823975
981	15	50256	50256	2.67029e-05
982	5	373	373	0.0155334
982	6	925	925	0.0355587
982	7	329	329	0.0189381
982	8	262	262	0.00712204
982	9	22234	22234	0.141826
982	10	3716	3716	0.0126495
982	11	286	286	0.00891113
982	12	31482	31482	0.192952
982	13	16380	16380	0.0309343
982	14	31663	31663	0.0182829
982	15	13	13	0
982	16	50256	50256	2.28882e-05
983	5	393	393	0.00254822
983	6	9421	9421	0.0648489
983	7	1063	1063	0.00540161
983	8	13	13	0.000265121
983	9	50256	50256	5.72205e-06
984	5	2134	2134	0.0290604
984	6	338	338	0.0200548
984	7	6268	6268	0.158895
984	8	3585	3585	0.0208149
984	9	284	284	0.0121021
984	10	262	262	0.0482359
984	11	7346	7346	0.124599
984	12	1633	1633	0.0391827
984	13	13	13	0.00702667
984	14	50256	50256	2.86102e-05
985	5	1123	1123	0.0609493
985	6	5752	5752	0.266726
985	7	11	11	0.0196095
985	8	5721	5721	0.334317
985	9	11	11	0.0321379
985	10	290	290	0.010808
985	11	1115	1115	0.302948
985	12	12	12	0.0334482
985	13	1525	1525	0.331057
985	14	12	12	0.0237246
985	15	15542	15542	0.473397
985	16	3091	3091	0.0576181
985	17	4909	4909	0.0461435
985	18	262	262	0.029315
985	19	19561	19561	0.162977
985	20	530	530	0.032136
985	21	832	832	0.023962
985	22	5193	5193	0.0517254
985	23	1752	1752	0.0162287
985	24	1123	1123	0.0049324
985	25	13	13	0
985	26	50256	50256	0
986	5	4909	4909	0.0279436
986	6	1115	1115	0.0933123
986	7	12785	12785	0.0450964
986	8	14729	14729	0.0296936
986	9	286	286	0.00639725
986	10	5100	5100	0.123922
986	11	7475	7475	0.0219688
986	12	13	13	0.00172615
986	13	50256	50256	5.72205e-06
987	5	734	734	0.0594854
987	6	3967	3967	0.0709858
987	7	2659	2659	0.0831366
987	8	271	271	0.0669603
987	9	669	669	0.135751
987	10	13	13	0.000116348
987	11	50256	50256	1.90735e-06
988	5	286	286	0.0105286
988	6	257	257	0.00589943
988	7	19690	19690	0.0699816
988	8	1683	1683	0.0337753
988	9	14809	14809	0.0313473
988	10	5509	5509	0.0216293
988	11	13	13	0.000453949
988	12	50256	50256	5.72205e-06
989	5	7135	7135	0.323857
989	6	314	314	0.0598984
989	7	48476	48476	0.0415974
989	8	14664	14664	0.0177126
989	9	286	286	0.00394058
989	10	23519	23519	0.174706
989	11	13	13	0.0004673
989	12	50256	50256	7.62939e-06
990	5	19942	19942	0.0346336
990	6	326	326	0.0157642
990	7	3994	3994	0.0550327
990	8	663	663	0.0110178
990	9	11904	11904	0.0298395
990	10	13	13	1.90735e-05
990	11	50256	50256	3.05176e-05
991	5	3146	3146	0.231435
991	6	11	11	0.0144806
991	7	262	262	0.101151
991	8	34768	34768	0.753976
991	9	1612	1612	0.179369
991	10	318	318	0.0367613
991	11	511	511	0.0352983
991	12	2160	2160	0.249438
991	13	9086	9086	0.0529737
991	14	416	416	0.0635347
991	15	511	511	0.0285988
991	16	954	954	0.0946875
991	17	13	13	0
991	18	50256	50256	4.57764e-05
992	5	291	291	0.0410242
992	6	2456	2456	0.0507812
992	7	44638	44638	0.0318918
992	8	393	393	0.0118351
992	9	1950	1950	0.118123
992	10	5238	5238	0.0620222
992	11	11	11	0.00559998
992	12	355	355	0.0510225
992	13	14713	14713	0.249125
992	14	857	857	0.0396376
992	15	13	13	0.00150108
992	16	50256	50256	2.09808e-05
993	5	5485	5485	0.219693
993	6	284	284	0.0181017
993	7	1037	1037	0.187034
993	8	2962	2962	0.160426
993	9	319	319	0.0529251
993	10	5563	5563	0.106101
993	11	379	379	0.05128
993	12	1180	1180	0.142455
993	13	18868	18868	0.154427
993	14	13	13	0.000356674
993	15	50256	50256	3.8147e-06
994	5	47306	47306	0.209003
994	6	2427	2427	0.0400658
994	7	286	286	0.00453758
994	8	9194	9194	0.380378
994	9	12734	12734	0.0550976
994	10	393	393	0.0748281
994	11	11904	11904	0.124479
994	12	13	13	0.000299454
994	13	50256	50256	3.8147e-06
995	5	20462	20462	0.0549946
995	6	416	416	0.0117559
995	7	18381	18381	0.144504
995	8	449	449	0.0417967
995	9	19210	19210	0.0304508
995	10	287	287	0.00269127
995	11	4088	4088	0.352407
995	12	286	286	0.0105629
995	13	38367	38367	0.2178
995	14	83	83	0.038146
995	15	1031	1031	0.102512
995	16	8882	8882	0.0798359
995	17	282	282	0.116491
995	18	13	13	0
995	19	50256	50256	1.52588e-05
996	5	9151	9151	0.384095
996	6	4417	4417	0.0736628
996	7	290	290	0.0326967
996	8	18616	18616	0.316622
996	9	867	867	0.0568953
996	10	5385	5385	0.118182
996	11	5417	5417	0.201184
996	12	9813	9813	0.123362
996	13	13	13	0.00253105
996	14	50256	50256	0.000110626
997	5	262	262	0.0024147
997	6	976	976	0.0294647
997	7	19528	19528	0.0451269
997	8	290	290	0.00224876
997	9	2651	2651	0.139183
997	10	739	739	0.035428
997	11	663	663	0.0203505
997	12	7147	7147	0.167689
997	13	3555	3555	0.0455036
997	14	9831	9831	0.0233812
997	15	13	13	0
997	16	50256	50256	2.28882e-05
998	5	460	460	0.00858974
998	6	2380	2380	0.0585556
998	7	17759	17759	0.0438194
998	8	7310	7310	0.0421181
998	9	1643	1643	0.142332
998	10	7572	7572	0.0128965
998	11	13	13	1.90735e-06
998	12	50256	50256	5.72205e-06
999	5	4961	4961	0.0505438
999	6	284	284	0.0028286
999	7	8208	8208	0.137154
999	8	12	12	0.00544262
999	9	13261	13261	0.488806
999	10	1411	1411	0.0101805
999	11	13	13	0
999	12	50256	50256	3.8147e-06
1000	5	1326	1326	0.037055
1000	6	263	263	0.0436773
1000	7	338	338	0.0163078
1000	8	7430	7430	0.387516
1000	9	351	351	0.0125141
1000	10	257	257	0.0277309
1000	11	18482	18482	0.186144
1000	12	2905	2905	0.0546408
1000	13	1806	1806	0.0400934
1000	14	28539	28539	0.0584993
1000	15	257	257	0.00759792
1000	16	3785	3785	0.139711
1000	17	5762	5762	0.0680161
1000	18	257	257	0.00731277
1000	19	7858	7858	0.125222
1000	20	3820	3820	0.0375919
1000	21	13	13	0.00030899
1000	22	50256	50256	9.15527e-05
1001	5	262	262	0.00547981
1001	6	2679	2679	0.308888
1001	7	291	291	0.0377121
1001	8	8478	8478	0.0992031
1001	9	286	286	0.00222397
1001	10	262	262	0.00803852
1001	11	40136	40136	0.355093
1001	12	12	12	0.0176086
1001	13	22030	22030	0.443781
1001	14	3303	3303	0.0533533
1001	15	1641	1641	0.030632
1001	16	13	13	0.000442505
1001	17	50256	50256	3.8147e-06
1002	5	271	271	0.0148134
1002	6	1630	1630	0.0849285
1002	7	262	262	0.000282288
1002	8	2546	2546	0.161717
1002	9	286	286	0.00434875
1002	10	262	262	0.000478745
1002	11	34047	34047	0.08599
1002	12	13	13	0
1002	13	50256	50256	3.8147e-06
1003	5	40959	40959	0.634833
1003	6	11	11	0.0103931
1003	7	38985	38985	0.202796
1003	8	1111	1111	0.028532
1003	9	6341	6341	0.0558071
1003	10	286	286	0.00555038
1003	11	262	262	0.0407085
1003	12	6035	6035	0.208438
1003	13	3266	3266	0.0619888
1003	14	13	13	0.00716209
1003	15	50256	50256	9.72748e-05
1004	5	290	290	0.00422287
1004	6	3771	3771	0.385981
1004	7	10456	10456	0.0509739
1004	8	501	501	0.0675287
1004	9	3033	3033	0.0476742
1004	10	10674	10674	0.0623226
1004	11	14025	14025	0.0405331
1004	12	316	316	0.0510731
1004	13	290	290	0.0172625
1004	14	16703	16703	0.210641
1004	15	10594	10594	0.0273609
1004	16	1789	1789	0.0224724
1004	17	7491	7491	0.0222263
1004	18	948	948	0.0172186
1004	19	13	13	0
1004	20	50256	50256	7.62939e-06
1005	5	2714	2714	0.0191259
1005	6	379	379	0.00427151
1005	7	45760	45760	0.0490561
1005	8	287	287	0.00281525
1005	9	10315	10315	0.118715
1005	10	13	13	1.90735e-05
1005	11	50256	50256	1.52588e-05
1006	5	25299	25299	0.0854063
1006	6	373	373	0.0291786
1006	7	6198	6198	0.0723639
1006	8	3170	3170	0.0114746
1006	9	355	355	0.022048
1006	10	257	257	0.0203171
1006	11	4302	4302	0.206391
1006	12	4928	4928	0.0324926
1006	13	13	13	0.000907898
1006	14	50256	50256	8.58307e-05
1007	5	1204	1204	0.0755873
1007	6	6772	6772	0.0243921
1007	7	1626	1626	0.0185852
1007	8	530	530	0.0548763
1007	9	3957	3957	0.0615826
1007	10	1622	1622	0.0282564
1007	11	13	13	0.00293541
1007	12	50256	50256	1.90735e-06
1008	5	1440	1440	0.156475
1008	6	12	12	0.0350275
1008	7	32041	32041	0.490169
1008	8	9998	9998	0.0327787
1008	9	286	286	0.00340652
1008	10	3668	3668	0.0678911
1008	11	338	338	0.00246811
1008	12	5894	5894	0.411687
1008	13	8137	8137	0.163996
1008	14	416	416	0.0391693
1008	15	6115	6115	0.162586
1008	16	13	13	0.000677109
1008	17	50256	50256	1.90735e-06
1009	5	23129	23129	0.0990725
1009	6	286	286	0.00613976
1009	7	262	262	0.00597572
1009	8	7993	7993	0.403642
1009	9	8065	8065	0.0564747
1009	10	13	13	0.000137329
1009	11	50256	50256	1.71661e-05
1010	5	12278	12278	0.099781
1010	6	6737	6737	0.0660219
1010	7	656	656	0.0260906
1010	8	38071	38071	0.773991
1010	9	326	326	0.0405693
1010	10	4439	4439	0.102423
1010	11	2128	2128	0.212081
1010	12	13	13	0.00254631
1010	13	50256	50256	3.8147e-06
1011	5	8122	8122	0.0570488
1011	6	3102	3102	0.0948296
1011	7	46916	46916	0.0162783
1011	8	11	11	0.0132256
1011	9	4771	4771	0.0941076
1011	10	24770	24770	0.107644
1011	11	11	11	0.0342712
1011	12	393	393	0.130815
1011	13	1111	1111	0.358682
1011	14	9951	9951	0.102938
1011	15	287	287	0.0137043
1011	16	1633	1633	0.103105
1011	17	13	13	0.00544167
1011	18	50256	50256	3.24249e-05
1012	5	8811	8811	0.0914297
1012	6	1663	1663	0.0398216
1012	7	355	355	0.0449181
1012	8	2060	2060	0.233054
1012	9	4778	4778	0.0470428
1012	10	13	13	0.00449371
1012	11	50256	50256	1.14441e-05
1013	5	262	262	0.0279655
1013	6	19561	19561	0.121793
1013	7	6632	6632	0.0727234
1013	8	290	290	0.0270538
1013	9	530	530	0.0727377
1013	10	13	13	0.014431
1013	11	50256	50256	1.90735e-05
1014	5	12389	12389	0.01404
1014	6	286	286	0.0043869
1014	7	257	257	0.00828552
1014	8	1692	1692	0.0693855
1014	9	16162	16162	0.0344439
1014	10	13	13	0
1014	11	50256	50256	1.90735e-05
1015	5	422	422	0.0286455
1015	6	257	257	0.00967979
1015	7	2166	2166	0.0901909
1015	8	6333	6333	0.13474
1015	9	1806	1806	0.0724363
1015	10	284	284	0.0250273
1015	11	257	257	0.0146675
1015	12	8286	8286	0.237367
1015	13	599	599	0.0698948
1015	14	30431	30431	0.0237627
1015	15	13	13	0
1015	16	50256	50256	2.47955e-05
1016	5	257	257	0.0123243
1016	6	11831	11831	0.110483
1016	7	5186	5186	0.0248575
1016	8	1459	1459	0.163488
1016	9	284	284	0.00259972
1016	10	49306	49306	0.113762
1016	11	13	13	0.000427246
1016	12	50256	50256	5.72205e-06
1017	5	16649	16649	0.0502596
1017	6	621	621	0.0460091
1017	7	2266	2266	0.0960503
1017	8	5788	5788	0.166908
1017	9	13	13	0.00141525
1017	10	50256	50256	3.8147e-06
1018	5	257	257	0.0169573
1018	6	4469	4469	0.19426
1018	7	2138	2138	0.0149488
1018	8	621	621	0.010169
1018	9	5055	5055	0.0648422
1018	10	5000	5000	0.0307522
1018	11	1479	1479	0.01754
1018	12	13	13	0
1018	13	50256	50256	5.72205e-06
1019	5	5594	5594	0.0282307
1019	6	284	284	0.00587845
1019	7	25794	25794	0.187881
1019	8	290	290	0.00994873
1019	9	6486	6486	0.141807
1019	10	287	287	0.0160637
1019	11	262	262	0.0121441
1019	12	8211	8211	0.152067
1019	13	10692	10692	0.0282784
1019	14	13	13	0
1019	15	50256	50256	5.72205e-06
1020	5	2134	2134	0.0391455
1020	6	1656	1656	0.061574
1020	7	284	284	0.0231285
1020	8	9117	9117	0.400112
1020	9	3812	3812	0.0312185
1020	10	393	393	0.0481262
1020	11	1497	1497	0.147017
1020	12	422	422	0.027771
1020	13	262	262	0.0332928
1020	14	19091	19091	0.139458
1020	15	13	13	0
1020	16	50256	50256	1.52588e-05
1021	5	416	416	0.0154047
1021	6	14583	14583	0.118692
1021	7	257	257	0.0119762
1021	8	1218	1218	0.276499
1021	9	1182	1182	0.0646982
1021	10	706	706	0.0566273
1021	11	36075	36075	0.0697861
1021	12	13	13	1.14441e-05
1021	13	50256	50256	5.72205e-06
1022	5	9951	9951	0.0825415
1022	6	2057	2057	0.0536709
1022	7	422	422	0.0132675
1022	8	262	262	0.0197105
1022	9	1660	1660	0.128606
1022	10	1088	1088	0.0884857
1022	11	606	606	0.0716734
1022	12	13	13	3.24249e-05
1022	13	50256	50256	3.8147e-06
1023	5	41408	41408	0.0138617
1023	6	1088	1088	0.0131445
1023	7	6716	6716	0.0484066
1023	8	6971	6971	0.0436049
1023	9	13	13	0.00124168
1023	10	50256	50256	1.90735e-06
1024	5	4556	4556	0.0213356
1024	6	1223	1223	0.0396538
1024	7	48237	48237	0.0360804
1024	8	663	663	0.00320244
1024	9	9706	9706	0.0577593
1024	10	13	13	0.000190735
1024	11	50256	50256	9.53674e-06
