line_1based	target_token_index_0based	target_id	predicted_id	loss
1	5	31219	31219	0.173913
1	6	680	680	0.0542841
1	7	511	511	0.0160332
1	8	1862	1862	0.0860415
1	9	13	13	5.91278e-05
1	10	50256	50256	1.14441e-05
2	5	286	286	0.008358
2	6	10211	10211	0.353747
2	7	318	318	0.0205145
2	8	3221	3221	0.170848
2	9	10693	10693	0.0635929
2	10	618	618	0.0111074
2	11	9759	9759	0.131185
2	12	284	284	0.0152016
2	13	262	262	0.0030098
2	14	5044	5044	0.0982637
2	15	13	13	0.00446987
2	16	50256	50256	9.53674e-06
3	5	1205	1205	0.0375738
3	6	2641	2641	0.0401278
3	7	663	663	0.00721931
3	8	20596	20596	0.258929
3	9	11	11	0.0195284
3	10	11222	11222	0.119266
3	11	88	88	0.0661421
3	12	4645	4645	0.0709372
3	13	13	13	0.000112534
3	14	50256	50256	3.8147e-06
4	5	5922	5922	0.0617466
4	6	39966	39966	0.0296221
4	7	287	287	0.003685
4	8	257	257	0.026125
4	9	36594	36594	0.0519085
4	10	290	290	0.00247574
4	11	1577	1577	0.230657
4	12	4082	4082	0.0381746
4	13	13	13	1.90735e-06
4	14	50256	50256	5.72205e-06
5	5	945	945	0.0249395
5	6	4439	4439	0.0339746
5	7	23938	23938	0.0927782
5	8	26742	26742	0.0260773
5	9	981	981	0.0304193
5	10	30580	30580	0.0703459
5	11	511	511	0.00909424
5	12	8954	8954	0.128055
5	13	13022	13022	0.028574
5	14	13	13	1.90735e-06
5	15	50256	50256	7.62939e-06
6	5	5739	5739	0.043889
6	6	11	11	0.00819492
6	7	281	281	0.029706
6	8	2134	2134	0.0449562
6	9	351	351	0.0110903
6	10	645	645	0.0677567
6	11	2010	2010	0.0430384
6	12	2700	2700	0.0649996
6	13	16047	16047	0.101255
6	14	6937	6937	0.0588818
6	15	15432	15432	0.151817
6	16	13	13	0.0019207
6	17	50256	50256	1.90735e-05
7	5	296	296	0.186599
7	6	1045	1045	0.0480871
7	7	1249	1249	0.15175
7	8	21678	21678	0.0357771
7	9	284	284	0.00442886
7	10	1445	1445	0.0581532
7	11	832	832	0.0249739
7	12	12835	12835	0.087244
7	13	16649	16649	0.0422478
7	14	13	13	1.90735e-05
7	15	50256	50256	1.90735e-06
8	5	734	734	0.039114
8	6	9403	9403	0.060298
8	7	5667	5667	0.0294275
8	8	13	13	0.00244522
8	9	50256	50256	5.72205e-06
9	5	4983	4983	0.0150852
9	6	355	355	0.00572395
9	7	281	281	0.0428667
9	8	14312	14312	0.204843
9	9	20562	20562	0.0592775
9	10	3716	3716	0.0189638
9	11	13	13	0.00015831
9	12	50256	50256	1.14441e-05
10	5	13522	13522	0.068984
10	6	5732	5732	0.0195894
10	7	663	663	0.00902939
10	8	29973	29973	0.0607071
10	9	2785	2785	0.0571537
10	10	2568	2568	0.0176096
10	11	13	13	3.8147e-06
10	12	50256	50256	1.52588e-05
11	5	284	284	0.0084877
11	6	787	787	0.0725832
11	7	34476	34476	0.10819
11	8	1141	1141	0.0222254
11	9	5205	5205	0.0514059
11	10	44411	44411	0.0906162
11	11	13	13	5.72205e-06
11	12	50256	50256	3.8147e-06
12	5	257	257	0.00271225
12	6	43836	43836	0.0858326
12	7	416	416	0.004879
12	8	12304	12304	0.109199
12	9	1780	1780	0.0627747
12	10	299	299	0.093811
12	11	12345	12345	0.104548
12	12	1088	1088	0.0195808
12	13	281	281	0.00680542
12	14	14709	14709	0.177947
12	15	415	415	0.047225
12	16	13	13	0.000816345
12	17	50256	50256	1.33514e-05
13	5	257	257	0.0114803
13	6	12505	12505	0.0538864
13	7	3716	3716	0.0136137
13	8	287	287	0.00314522
13	9	1944	1944	0.0369892
13	10	12	12	0.00823212
13	11	820	820	0.0552874
13	12	31057	31057	0.186634
13	13	13	13	9.53674e-06
13	14	50256	50256	5.72205e-06
14	5	2173	2173	0.0547943
14	6	284	284	0.0143881
14	7	3435	3435	0.064271
14	8	973	973	0.0221291
14	9	287	287	0.0113449
14	10	867	867	0.0569229
14	11	3597	3597	0.0919762
14	12	3341	3341	0.0917168
14	13	13	13	7.62939e-06
14	14	50256	50256	5.72205e-06
15	5	3665	3665	0.109664
15	6	7405	7405	0.0209579
15	7	284	284	0.00455856
15	8	1057	1057	0.206536
15	9	2138	2138	0.017622
15	10	621	621	0.00914574
15	11	6129	6129	0.0982323
15	12	13	13	0.000204086
15	13	50256	50256	5.72205e-06
16	5	471	471	0.0669546
16	6	5031	5031	0.0442095
16	7	272	272	0.0445642
16	8	7012	7012	0.0767641
16	9	9459	9459	0.0466499
16	10	11	11	0.00637436
16	11	281	281	0.0170469
16	12	37874	37874	0.0857821
16	13	1748	1748	0.0273685
16	14	13	13	0.00322342
16	15	50256	50256	3.8147e-06
17	5	326	326	0.00656509
17	6	2107	2107	0.0680265
17	7	287	287	0.00867462
17	8	8389	8389	0.17461
17	9	20848	20848	0.0423689
17	10	13	13	0.000177383
17	11	50256	50256	9.53674e-05
18	5	11863	11863	0.0447645
18	6	351	351	0.0359211
18	7	262	262	0.0036869
18	8	1037	1037	0.0790768
18	9	286	286	0.00662899
18	10	16869	16869	0.315803
18	11	49835	49835	0.0302811
18	12	13	13	9.72748e-05
18	13	50256	50256	7.62939e-06
19	5	257	257	0.00329971
19	6	20562	20562	0.145397
19	7	290	290	0.00619507
19	8	28757	28757	0.223739
19	9	3716	3716	0.0277643
19	10	287	287	0.00200081
19	11	17113	17113	0.206465
19	12	4763	4763	0.0631132
19	13	11	11	0.00672913
19	14	8602	8602	0.126589
19	15	13	13	0.000236511
19	16	50256	50256	1.33514e-05
20	5	286	286	0.00308037
20	6	15238	15238	0.230334
20	7	11	11	0.00508118
20	8	257	257	0.0372992
20	9	42238	42238	0.232438
20	10	1499	1499	0.0288258
20	11	13	13	0.000118256
20	12	50256	50256	9.53674e-06
21	5	3665	3665	0.134563
21	6	25041	25041	0.0357504
21	7	11278	11278	0.062891
21	8	326	326	0.0124741
21	9	460	460	0.0407362
21	10	11589	11589	0.170148
21	11	8976	8976	0.0355024
21	12	257	257	0.00459194
21	13	16161	16161	0.150698
21	14	338	338	0.0257835
21	15	22204	22204	0.0871706
21	16	13	13	1.90735e-06
21	17	50256	50256	9.53674e-06
22	5	17669	17669	0.118844
22	6	23235	23235	0.0665464
22	7	40270	40270	0.0719566
22	8	284	284	0.0126991
22	9	530	530	0.0295582
22	10	11863	11863	0.0724478
22	11	22037	22037	0.258844
22	12	13	13	3.8147e-06
22	13	50256	50256	3.8147e-06
23	5	1262	1262	0.0132236
23	6	4839	4839	0.140648
23	7	12	12	0.0115061
23	8	29289	29289	0.100471
23	9	15835	15835	0.0394611
23	10	13	13	0.0014801
23	11	50256	50256	1.33514e-05
24	5	286	286	0.00551414
24	6	4771	4771	0.0805941
24	7	326	326	0.00981712
24	8	1445	1445	0.0660019
24	9	739	739	0.0512314
24	10	511	511	0.0380373
24	11	898	898	0.0700645
24	12	3463	3463	0.0273046
24	13	13	13	1.90735e-06
24	14	50256	50256	3.8147e-06
25	5	976	976	0.0680161
25	6	355	355	0.0720005
25	7	1194	1194	0.0873232
25	8	1573	1573	0.133088
25	9	475	475	0.104947
25	10	460	460	0.0432062
25	11	13238	13238	0.206158
25	12	287	287	0.00361252
25	13	3616	3616	0.359809
25	14	393	393	0.011508
25	15	24993	24993	0.095787
25	16	13	13	0
25	17	50256	50256	4.3869e-05
26	5	8384	8384	0.0260105
26	6	319	319	0.0167856
26	7	5667	5667	0.0573587
26	8	11	11	0.00343323
26	9	8701	8701	0.145019
26	10	274	274	0.0549707
26	11	11	11	0.0166912
26	12	290	290	0.0309076
26	13	584	584	0.0898104
26	14	4618	4618	0.0866547
26	15	2587	2587	0.0778036
26	16	13	13	0.000387192
26	17	50256	50256	1.33514e-05
27	5	284	284	0.0350285
27	6	4735	4735	0.0774469
27	7	318	318	0.0248489
27	8	1444	1444	0.103812
27	9	32553	32553	0.0665979
27	10	13	13	8.7738e-05
27	11	50256	50256	0.000413895
28	5	287	287	0.00684738
28	6	257	257	0.00891113
28	7	269	269	0.0605011
28	8	8325	8325	0.0399952
28	9	298	298	0.0377769
28	10	5931	5931	0.0491552
28	11	6314	6314	0.0949745
28	12	13	13	1.33514e-05
28	13	50256	50256	9.53674e-06
29	5	25834	25834	0.182399
29	6	17783	17783	0.0526676
29	7	7545	7545	0.0224094
29	8	3805	3805	0.0236692
29	9	1719	1719	0.0326929
29	10	645	645	0.0287218
29	11	37368	37368	0.0493727
29	12	13	13	6.10352e-05
29	13	50256	50256	9.53674e-06
30	5	6071	6071	0.0741997
30	6	2641	2641	0.0076437
30	7	257	257	0.0100155
30	8	24911	24911	0.0738811
30	9	13	13	5.72205e-05
30	10	50256	50256	3.43323e-05
31	5	12491	12491	0.0711594
31	6	265	265	0.0753613
31	7	318	318	0.00919151
31	8	407	407	0.0289936
31	9	257	257	0.0139008
31	10	1611	1611	0.131576
31	11	286	286	0.00337029
31	12	17135	17135	0.0450964
31	13	13	13	0.000190735
31	14	50256	50256	9.53674e-06
32	5	11	11	0.0114975
32	6	262	262	0.0049324
32	7	9848	9848	0.101412
32	8	286	286	0.00462341
32	9	14580	14580	0.17487
32	10	21767	21767	0.0230684
32	11	262	262	0.00160027
32	12	9848	9848	0.0863724
32	13	286	286	0.00946331
32	14	18349	18349	0.184063
32	15	13	13	9.53674e-06
32	16	50256	50256	9.53674e-06
33	5	1123	1123	0.0134115
33	6	584	584	0.0302
33	7	1973	1973	0.0293598
33	8	262	262	0.0097332
33	9	41407	41407	0.124393
33	10	286	286	0.00371933
33	11	47403	47403	0.0520496
33	12	13	13	0
33	13	50256	50256	9.53674e-06
34	5	416	416	0.00439644
34	6	2876	2876	0.112692
34	7	3723	3723	0.032423
34	8	290	290	0.000967026
34	9	27172	27172	0.0863476
34	10	3101	3101	0.0617552
34	11	267	267	0.0779743
34	12	265	265	0.0531387
34	13	21824	21824	0.0526171
34	14	13	13	9.91821e-05
34	15	50256	50256	1.90735e-06
35	5	663	663	0.00380898
35	6	9686	9686	0.100161
35	7	290	290	0.00365448
35	8	6727	6727	0.0830526
35	9	10645	10645	0.0241041
35	10	13	13	0.000921249
35	11	50256	50256	3.8147e-06
36	5	11880	11880	0.0309486
36	6	5419	5419	0.0112486
36	7	340	340	0.0280247
36	8	2824	2824	0.258492
36	9	5931	5931	0.0379047
36	10	1321	1321	0.105401
36	11	422	422	0.00323677
36	12	663	663	0.000844955
36	13	21334	21334	0.0463724
36	14	13	13	3.8147e-06
36	15	50256	50256	1.33514e-05
37	5	287	287	0.0143242
37	6	262	262	0.001791
37	7	8434	8434	0.168099
37	8	1027	1027	0.0503025
37	9	4909	4909	0.0511446
37	10	23326	23326	0.244781
37	11	4778	4778	0.0305815
37	12	2950	2950	0.206803
37	13	287	287	0.00481033
37	14	4854	4854	0.0673075
37	15	13	13	6.67572e-05
37	16	50256	50256	1.33514e-05
38	5	2630	2630	0.0232372
38	6	262	262	0.00209236
38	7	5337	5337	0.0887804
38	8	44487	44487	0.0483646
38	9	9869	9869	0.0620794
38	10	12898	12898	0.0728827
38	11	546	546	0.026845
38	12	257	257	0.0197344
38	13	8557	8557	0.203243
38	14	7002	7002	0.0351105
38	15	13	13	9.53674e-06
38	16	50256	50256	5.72205e-06
39	5	257	257	0.0128479
39	6	38712	38712	0.196909
39	7	460	460	0.0229025
39	8	6486	6486	0.183341
39	9	379	379	0.0274544
39	10	845	845	0.0744076
39	11	1180	1180	0.027895
39	12	18868	18868	0.0622768
39	13	422	422	0.0206947
39	14	3668	3668	0.0616703
39	15	13	13	0.000110626
39	16	50256	50256	1.33514e-05
40	5	976	976	0.235286
40	6	1271	1271	0.0751247
40	7	286	286	0.00228691
40	8	28722	28722	0.204526
40	9	355	355	0.0168543
40	10	1237	1237	0.106576
40	11	684	684	0.03298
40	12	13	13	0.0004673
40	13	50256	50256	9.53674e-06
41	5	5048	5048	0.0432673
41	6	82	82	0.0242233
41	7	4731	4731	0.105411
41	8	1938	1938	0.126978
41	9	284	284	0.00178528
41	10	458	458	0.0579834
41	11	1347	1347	0.114524
41	12	2138	2138	0.00981712
41	13	621	621	0.00602531
41	14	9563	9563	0.0659533
41	15	262	262	0.00422478
41	16	13042	13042	0.0274715
41	17	13	13	3.05176e-05
41	18	50256	50256	0.000509262
42	5	1712	1712	0.14242
42	6	32107	32107	0.155616
42	7	1296	1296	0.035387
42	8	262	262	0.012146
42	9	20831	20831	0.149576
42	10	24491	24491	0.0563221
42	11	22829	22829	0.0178175
42	12	13	13	0.000387192
42	13	50256	50256	3.8147e-06
43	5	3825	3825	0.105599
43	6	318	318	0.008955
43	7	1444	1444	0.0225983
43	8	262	262	0.00722694
43	9	2825	2825	0.213588
43	10	22829	22829	0.042304
43	11	13	13	1.52588e-05
43	12	50256	50256	5.72205e-06
44	5	262	262	0.000921249
44	6	3825	3825	0.0603533
44	7	11	11	0.00907516
44	8	21094	21094	0.423962
44	9	468	468	0.0442905
44	10	257	257	0.00375938
44	11	37546	37546	0.140833
44	12	2811	2811	0.045887
44	13	4417	4417	0.0190525
44	14	13	13	0
44	15	50256	50256	5.72205e-06
45	5	257	257	0.00210953
45	6	5863	5863	0.125375
45	7	670	670	0.0261717
45	8	416	416	0.0100403
45	9	12386	12386	0.0864687
45	10	46525	46525	0.0296154
45	11	13	13	0.000148773
45	12	50256	50256	3.8147e-06
46	5	262	262	0.00641823
46	6	9653	9653	0.087079
46	7	326	326	0.0149899
46	8	8080	8080	0.0922203
46	9	607	607	0.0561867
46	10	18815	18815	0.0353622
46	11	13	13	3.05176e-05
46	12	50256	50256	1.90735e-06
47	5	422	422	0.00397682
47	6	826	826	0.0276003
47	7	284	284	0.00284195
47	8	1364	1364	0.0166864
47	9	13	13	9.53674e-06
47	10	50256	50256	2.47955e-05
48	5	1872	1872	0.0445051
48	6	389	389	0.0253153
48	7	3917	3917	0.0355358
48	8	351	351	0.008955
48	9	12281	12281	0.0613966
48	10	64	64	0.0567169
48	11	399	399	0.0631037
48	12	9019	9019	0.0466394
48	13	13	13	2.67029e-05
48	14	50256	50256	5.72205e-06
49	5	257	257	0.0321217
49	6	1296	1296	0.050168
49	7	286	286	0.0437279
49	8	31094	31094	0.109513
49	9	11881	11881	0.0706606
49	10	13	13	8.58307e-05
49	11	50256	50256	1.90735e-06
50	5	17226	17226	0.0979757
50	6	1271	1271	0.0224848
50	7	286	286	0.00887489
50	8	597	597	0.0984421
50	9	5931	5931	0.0244808
50	10	5002	5002	0.0756721
50	11	13	13	0.00160599
50	12	50256	50256	9.53674e-06
51	5	422	422	0.00244904
51	6	262	262	0.00604248
51	7	15921	15921	0.0574284
51	8	286	286	0.00203514
51	9	19450	19450	0.255325
51	10	7150	7150	0.0303917
51	11	13	13	3.24249e-05
51	12	50256	50256	1.90735e-06
52	5	25388	25388	0.0660639
52	6	3623	3623	0.0303078
52	7	284	284	0.00328445
52	8	1620	1620	0.133033
52	9	12370	12370	0.0590887
52	10	670	670	0.0525198
52	11	13	13	0.00388908
52	12	50256	50256	4.19617e-05
53	5	262	262	0.0021534
53	6	6869	6869	0.10671
53	7	7021	7021	0.120869
53	8	636	636	0.0445023
53	9	393	393	0.0702343
53	10	477	477	0.18261
53	11	286	286	0.00578308
53	12	262	262	0.0338478
53	13	3825	3825	0.140542
53	14	422	422	0.019681
53	15	1570	1570	0.229834
53	16	13	13	0.000572205
53	17	50256	50256	3.05176e-05
54	5	393	393	0.0216703
54	6	7686	7686	0.060462
54	7	3170	3170	0.0261726
54	8	422	422	0.00767899
54	9	5100	5100	0.046422
54	10	18955	18955	0.104489
54	11	4991	4991	0.0296688
54	12	13	13	9.53674e-06
54	13	50256	50256	1.90735e-06
55	5	3872	3872	0.138873
55	6	3815	3815	0.0176315
55	7	884	884	0.0195522
55	8	355	355	0.00686646
55	9	2081	2081	0.122776
55	10	290	290	0.00519562
55	11	3991	3991	0.16489
55	12	13	13	1.90735e-06
55	13	50256	50256	3.8147e-06
56	5	6903	6903	0.0438213
56	6	286	286	0.00148392
56	7	1692	1692	0.0824995
56	8	2910	2910	0.192895
56	9	13	13	0.000200272
56	10	50256	50256	1.71661e-05
57	5	287	287	0.0364313
57	6	2166	2166	0.145286
57	7	286	286	0.0143566
57	8	663	663	0.0819893
57	9	3491	3491	0.238619
57	10	460	460	0.0259628
57	11	2728	2728	0.316245
57	12	257	257	0.0149479
57	13	40757	40757	0.561001
57	14	19550	19550	0.0970144
57	15	287	287	0.00983429
57	16	262	262	0.00801468
57	17	3491	3491	0.287641
57	18	338	338	0.0245085
57	19	22204	22204	0.169984
57	20	13	13	0.00018692
57	21	50256	50256	3.8147e-06
58	5	3170	3170	0.0287552
58	6	12972	12972	0.0848303
58	7	43591	43591	0.0456877
58	8	355	355	0.0126486
58	9	15100	15100	0.0882025
58	10	16667	16667	0.0306845
58	11	1443	1443	0.0312557
58	12	13	13	3.43323e-05
58	13	50256	50256	9.53674e-06
59	5	1510	1510	0.0671787
59	6	400	400	0.0255299
59	7	286	286	0.00470352
59	8	257	257	0.00477982
59	9	4326	4326	0.0473433
59	10	13	13	0.00211906
59	11	50256	50256	3.8147e-06
60	5	735	735	0.019392
60	6	460	460	0.00652504
60	7	10199	10199	0.03613
60	8	284	284	0.00354958
60	9	5044	5044	0.0171766
60	10	9230	9230	0.0311813
60	11	13	13	0
60	12	50256	50256	1.90735e-06
61	5	290	290	0.0160761
61	6	38467	38467	0.0802841
61	7	5594	5594	0.0320826
61	8	284	284	0.00556564
61	9	262	262	0.00102806
61	10	304	304	0.109179
61	11	2724	2724	0.0531702
61	12	560	560	0.0436888
61	13	6421	6421	0.0570002
61	14	13	13	0.000232697
61	15	50256	50256	5.72205e-06
62	5	13971	13971	0.129272
62	6	9403	9403	0.0452414
62	7	42626	42626	0.0584316
62	8	3349	3349	0.0392303
62	9	739	739	0.0127401
62	10	11080	11080	0.057209
62	11	3403	3403	0.0270901
62	12	13	13	0.000169754
62	13	50256	50256	9.53674e-06
63	5	7319	7319	0.0371332
63	6	16379	16379	0.0658121
63	7	13	13	0
63	8	50256	50256	5.53131e-05
64	5	47933	47933	0.0134611
64	6	832	832	0.00111961
64	7	257	257	0.00177956
64	8	8122	8122	0.00833607
64	9	13	13	0.000104904
64	10	50256	50256	9.53674e-06
65	5	2339	2339	0.0484009
65	6	8573	8573	0.0763121
65	7	326	326	0.0333576
65	8	1037	1037	0.0843821
65	9	606	606	0.108162
65	10	7906	7906	0.180366
65	11	832	832	0.0078373
65	12	262	262	0.00891304
65	13	1633	1633	0.0462761
65	14	13	13	1.33514e-05
65	15	50256	50256	3.05176e-05
66	5	262	262	0.00456429
66	6	5417	5417	0.200609
66	7	832	832	0.0130157
66	8	257	257	0.0202866
66	9	25979	25979	0.1693
66	10	287	287	0.000986099
66	11	10836	10836	0.295939
66	12	13	13	0.00127029
66	13	50256	50256	7.62939e-06
67	5	286	286	0.00152779
67	6	7517	7517	0.463266
67	7	11	11	0.00475693
67	8	319	319	0.0252676
67	9	262	262	0.00138092
67	10	5866	5866	0.13423
67	11	406	406	0.794941
67	12	733	733	0.0831442
67	13	2959	2959	0.0697603
67	14	13	13	0.00187492
67	15	50256	50256	6.29425e-05
68	5	4778	4778	0.0101728
68	6	326	326	0.0273609
68	7	3031	3031	0.250925
68	8	284	284	0.00227356
68	9	15938	15938	0.155568
68	10	26306	26306	0.0464525
68	11	287	287	0.00601768
68	12	40333	40333	0.0737715
68	13	13	13	7.62939e-06
68	14	50256	50256	1.90735e-06
69	5	284	284	0.00291824
69	6	45075	45075	0.112488
69	7	262	262	0.0059185
69	8	1271	1271	0.0480204
69	9	286	286	0.000459671
69	10	23235	23235	0.0739946
69	11	286	286	0.00568962
69	12	1123	1123	0.0650225
69	13	5002	5002	0.0703459
69	14	13	13	0.00276947
69	15	50256	50256	1.71661e-05
70	5	287	287	0.0137005
70	6	663	663	0.0114698
70	7	13179	13179	0.0747414
70	8	13	13	2.86102e-05
70	9	50256	50256	6.29425e-05
71	5	3623	3623	0.135189
71	6	11	11	0.00644302
71	7	8977	8977	0.126987
71	8	11	11	0.0057354
71	9	290	290	0.0140266
71	10	3223	3223	0.408845
71	11	2300	2300	0.0730906
71	12	1978	1978	0.0238647
71	13	287	287	0.00665283
71	14	27982	27982	0.0969791
71	15	13	13	0.00413895
71	16	50256	50256	9.91821e-05
72	5	11904	11904	0.0471096
72	6	832	832	0.0259237
72	7	2005	2005	0.103352
72	8	83	83	0.0466213
72	9	654	654	0.104965
72	10	393	393	0.0276747
72	11	584	584	0.0404005
72	12	7494	7494	0.0729914
72	13	876	876	0.0730572
72	14	8573	8573	0.0217314
72	15	13	13	7.62939e-06
72	16	50256	50256	1.14441e-05
73	5	5451	5451	0.0158062
73	6	3407	3407	0.0251646
73	7	262	262	0.00154686
73	8	25868	25868	0.0751371
73	9	5882	5882	0.0308313
73	10	1757	1757	0.0442457
73	11	7698	7698	0.0261946
73	12	13	13	0.000333786
73	13	50256	50256	1.14441e-05
74	5	351	351	0.00733948
74	6	7572	7572	0.0599527
74	7	286	286	0.00795555
74	8	4376	4376	0.104009
74	9	22969	22969	0.0545292
74	10	13	13	0.00102806
74	11	50256	50256	9.53674e-06
75	5	24866	24866	0.198621
75	6	284	284	0.00882912
75	7	257	257	0.00444412
75	8	2440	2440	0.361185
75	9	11067	11067	0.0587206
75	10	7078	7078	0.0451422
75	11	13	13	0.000841141
75	12	50256	50256	1.52588e-05
76	5	13020	13020	0.0389423
76	6	34262	34262	0.0443182
76	7	422	422	0.0118408
76	8	257	257	0.0166416
76	9	8701	8701	0.0803852
76	10	13	13	5.72205e-06
76	11	50256	50256	3.8147e-06
77	5	2826	2826	1.30894
77	6	351	351	0.0139284
77	7	663	663	0.0648041
77	8	1767	1767	0.265766
77	9	4855	4855	0.0919237
77	10	1022	1022	0.0150003
77	11	262	262	0.0261707
77	12	2137	2137	0.219191
77	13	338	338	0.0245075
77	14	14475	14475	0.0870972
77	15	13	13	1.90735e-06
77	16	50256	50256	1.14441e-05
78	5	11061	11061	0.0338268
78	6	257	257	0.0109711
78	7	37327	37327	0.355079
78	8	4645	4645	0.0462666
78	9	1900	1900	0.0303535
78	10	355	355	0.014431
78	11	262	262	0.00408554
78	12	6124	6124	1.68927
78	13	6391	6391	0.1034
78	14	17180	17180	0.0265274
78	15	13	13	1.90735e-06
78	16	50256	50256	1.14441e-05
79	5	351	351	0.0050621
79	6	281	281	0.0133514
79	7	30690	30690	0.167946
79	8	6082	6082	0.0352545
79	9	286	286	0.00275803
79	10	5186	5186	0.0233278
79	11	3877	3877	0.0137854
79	12	13	13	7.62939e-06
79	13	50256	50256	9.53674e-06
80	5	6342	6342	0.149604
80	6	11	11	0.0113869
80	7	257	257	0.0170174
80	8	1748	1748	0.0695286
80	9	319	319	0.0204487
80	10	262	262	0.0227509
80	11	1001	1001	0.130616
80	12	500	500	0.158777
80	13	13	13	0.00556946
80	14	50256	50256	1.52588e-05
81	5	1141	1141	0.0244083
81	6	262	262	0.00110245
81	7	1110	1110	0.323571
81	8	618	618	0.0270452
81	9	1956	1956	0.116454
81	10	1175	1175	0.0722971
81	11	907	907	0.0390835
81	12	5443	5443	0.038888
81	13	621	621	0.00758743
81	14	6716	6716	0.0795422
81	15	1660	1660	0.036376
81	16	13	13	3.05176e-05
81	17	50256	50256	5.72205e-06
82	5	10157	10157	0.134971
82	6	549	549	0.0477762
82	7	32653	32653	0.0430984
82	8	297	297	0.0600386
82	9	544	544	0.0204067
82	10	7813	7813	0.0341959
82	11	37834	37834	0.0293436
82	12	13	13	3.62396e-05
82	13	50256	50256	7.62939e-06
83	5	1271	1271	0.0281496
83	6	4249	4249	0.0691395
83	7	257	257	0.00434113
83	8	4633	4633	0.154752
83	9	1271	1271	0.0290794
83	10	13	13	4.00543e-05
83	11	50256	50256	5.72205e-06
84	5	3139	3139	0.0891657
84	6	286	286	0.0019474
84	7	10836	10836	0.197303
84	8	11	11	0.0142269
84	9	287	287	0.0121059
84	10	262	262	0.00559235
84	11	1499	1499	0.117036
84	12	338	338	0.0366068
84	13	5093	5093	0.110186
84	14	13	13	5.72205e-06
84	15	50256	50256	5.72205e-06
85	5	19812	19812	0.0644493
85	6	20775	20775	0.0459404
85	7	25730	25730	0.0307941
85	8	17628	17628	0.0176678
85	9	13	13	0.00231743
85	10	50256	50256	3.8147e-05
86	5	318	318	0.0119228
86	6	4635	4635	0.0465002
86	7	416	416	0.00658035
86	8	38797	38797	0.0866156
86	9	278	278	0.0303335
86	10	37624	37624	0.0743866
86	11	41266	41266	0.0375404
86	12	351	351	0.0154963
86	13	8268	8268	0.103344
86	14	13	13	0.00103569
86	15	50256	50256	1.90735e-06
87	5	262	262	0.00206947
87	6	10359	10359	0.156363
87	7	290	290	0.00220871
87	8	262	262	0.00193596
87	9	10329	10329	0.126012
87	10	13	13	0.0004673
87	11	50256	50256	3.8147e-06
88	5	11685	11685	0.00977421
88	6	286	286	0.00200653
88	7	18190	18190	0.0875521
88	8	290	290	0.00998688
88	9	511	511	0.0377827
88	10	3585	3585	0.0559502
88	11	6116	6116	0.0450077
88	12	13	13	3.43323e-05
88	13	50256	50256	1.90735e-06
89	5	18044	18044	0.091341
89	6	1633	1633	0.0216322
89	7	832	832	0.0391197
89	8	511	511	0.0142899
89	9	6611	6611	0.13769
89	10	28439	28439	0.0389194
89	11	13	13	1.14441e-05
89	12	50256	50256	1.52588e-05
90	5	15061	15061	0.0474596
90	6	36402	36402	0.0421867
90	7	286	286	0.00257683
90	8	257	257	0.00206184
90	9	19690	19690	0.0774183
90	10	5509	5509	0.0501976
90	11	13	13	3.05176e-05
90	12	50256	50256	0.000112534
91	5	11	11	0.0037899
91	6	1690	1690	0.0716867
91	7	41266	41266	0.0829506
91	8	393	393	0.0156498
91	9	2511	2511	0.0816317
91	10	680	680	0.0831099
91	11	11	11	0.00933075
91	12	351	351	0.0401535
91	13	1622	1622	0.0803394
91	14	654	654	0.055459
91	15	13	13	0.000673294
91	16	50256	50256	1.90735e-05
92	5	4104	4104	0.155641
92	6	1088	1088	0.0189133
92	7	17648	17648	0.0805588
92	8	290	290	0.00454521
92	9	832	832	0.0281973
92	10	28431	28431	0.0776243
92	11	13	13	0.000133514
92	12	50256	50256	7.62939e-06
93	5	257	257	0.0121613
93	6	2139	2139	0.188107
93	7	3170	3170	0.0243826
93	8	319	319	0.0295067
93	9	262	262	0.0177612
93	10	5230	5230	0.183545
93	11	2138	2138	0.0218697
93	12	621	621	0.00939941
93	13	257	257	0.00669479
93	14	6171	6171	1.80284
93	15	5177	5177	0.22257
93	16	329	329	0.0107574
93	17	262	262	0.00259018
93	18	5230	5230	0.149377
93	19	13	13	0.00747299
93	20	50256	50256	1.71661e-05
94	5	6588	6588	0.0467968
94	6	17556	17556	0.127436
94	7	326	326	0.0292149
94	8	5419	5419	0.0472345
94	9	8509	8509	0.103153
94	10	15756	15756	0.041379
94	11	4485	4485	0.0485973
94	12	13	13	9.53674e-06
94	13	50256	50256	1.90735e-06
95	5	11073	11073	0.0384941
95	6	281	281	0.0149746
95	7	772	772	0.0442705
95	8	18253	18253	0.0957041
95	9	13	13	0.00112915
95	10	50256	50256	7.62939e-06
96	5	318	318	0.0110168
96	6	262	262	0.00602341
96	7	1218	1218	0.184853
96	8	13	13	1.33514e-05
96	9	50256	50256	0.000104904
97	5	262	262	0.00509644
97	6	20938	20938	0.710805
97	7	7679	7679	0.0250082
97	8	1444	1444	0.0168676
97	9	262	262	0.00850201
97	10	14673	14673	0.292643
97	11	22829	22829	0.0113497
97	12	13	13	0
97	13	50256	50256	3.8147e-06
98	5	6870	6870	0.0404329
98	6	8787	8787	0.0595102
98	7	1231	1231	0.0188456
98	8	38875	38875	0.0730629
98	9	1123	1123	0.0155649
98	10	4637	4637	0.0891533
98	11	257	257	0.00350571
98	12	4571	4571	0.0474377
98	13	13	13	3.8147e-06
98	14	50256	50256	3.8147e-06
99	5	2138	2138	0.0455856
99	6	621	621	0.00461578
99	7	1660	1660	0.0612707
99	8	11	11	0.00403023
99	9	287	287	0.0131321
99	10	511	511	0.0296412
99	11	1311	1311	0.110563
99	12	862	862	0.0535688
99	13	13	13	0.001297
99	14	50256	50256	4.3869e-05
100	5	1514	1514	0.0382528
100	6	3096	3096	0.0590057
100	7	468	468	0.0246668
100	8	43063	43063	0.0539885
100	9	3951	3951	0.026329
100	10	287	287	0.0133543
100	11	1123	1123	0.0698328
100	12	4571	4571	0.10696
100	13	13	13	3.24249e-05
100	14	50256	50256	5.72205e-06
101	5	48573	48573	0.0743179
101	6	6134	6134	0.0210905
101	7	16573	16573	0.0594397
101	8	284	284	0.00570869
101	9	1204	1204	0.0928936
101	10	11061	11061	0.0568905
101	11	32085	32085	0.0569963
101	12	729	729	0.0505438
101	13	13	13	4.3869e-05
101	14	50256	50256	1.90735e-06
102	5	9197	9197	0.126541
102	6	8320	8320	0.0885544
102	7	689	689	0.0601053
102	8	772	772	0.0349874
102	9	611	611	0.107013
102	10	663	663	0.00527191
102	11	2866	2866	0.159837
102	12	14768	14768	0.0548563
102	13	6937	6937	0.0690002
102	14	13	13	0.000461578
102	15	50256	50256	1.52588e-05
103	5	1660	1660	0.0224991
103	6	40169	40169	0.301174
103	7	379	379	0.0265741
103	8	257	257	0.00949669
103	9	2793	2793	0.238933
103	10	5951	5951	0.034687
103	11	13	13	0.000131607
103	12	50256	50256	7.62939e-06
104	5	262	262	0.000614166
104	6	23902	23902	0.463756
104	7	23642	23642	0.0553637
104	8	16161	16161	0.0564394
104	9	1444	1444	0.0178566
104	10	262	262	0.00742817
104	11	34822	34822	0.379651
104	12	6378	6378	0.0323858
104	13	13	13	7.62939e-06
104	14	50256	50256	1.52588e-05
105	5	1022	1022	0.0194426
105	6	4237	4237	0.0507498
105	7	290	290	0.00404739
105	8	3957	3957	0.0623093
105	9	393	393	0.00969028
105	10	6143	6143	0.0717583
105	11	21379	21379	0.0524416
105	12	13	13	3.43323e-05
105	13	50256	50256	5.72205e-06
106	5	262	262	0.0139103
106	6	22088	22088	0.131166
106	7	291	291	0.0316448
106	8	13061	13061	0.101248
106	9	21072	21072	0.0339098
106	10	44921	44921	0.0295124
106	11	13	13	9.53674e-06
106	12	50256	50256	5.72205e-06
107	5	1660	1660	0.0249758
107	6	287	287	0.0075798
107	7	6546	6546	0.112282
107	8	2945	2945	0.0282822
107	9	5667	5667	0.0214272
107	10	11	11	0.00882149
107	11	21552	21552	0.0988941
107	12	11	11	0.00998688
107	13	393	393	0.0264816
107	14	11135	11135	0.0633698
107	15	13	13	0.00100708
107	16	50256	50256	1.33514e-05
108	5	7627	7627	0.0680885
108	6	904	904	0.0347748
108	7	656	656	0.00551605
108	8	262	262	0.000343323
108	9	10596	10596	0.128561
108	10	10692	10692	0.0520344
108	11	13	13	9.53674e-06
108	12	50256	50256	1.14441e-05
109	5	262	262	0.00739288
109	6	16577	16577	0.0700912
109	7	15921	15921	0.0147972
109	8	286	286	0.000297546
109	9	257	257	0.00247192
109	10	14281	14281	0.252854
109	11	17793	17793	0.0349722
109	12	13	13	0.000198364
109	13	50256	50256	3.8147e-06
110	5	41917	41917	0.127506
110	6	9978	9978	0.0671101
110	7	326	326	0.0127087
110	8	460	460	0.0197115
110	9	3650	3650	0.120562
110	10	290	290	0.00432205
110	11	21937	21937	0.260276
110	12	24284	24284	0.0832119
110	13	17794	17794	0.0335588
110	14	286	286	0.00109863
110	15	34573	34573	0.0768642
110	16	13	13	7.05719e-05
110	17	50256	50256	1.90735e-06
111	5	6591	6591	0.0280972
111	6	1080	1080	0.022769
111	7	11	11	0.0117474
111	8	22721	22721	0.250242
111	9	468	468	0.0608702
111	10	262	262	0.00386047
111	11	6000	6000	0.11017
111	12	2347	2347	0.0457411
111	13	13	13	0.000411987
111	14	50256	50256	3.8147e-06
112	5	34616	34616	0.0781927
112	6	29120	29120	0.0417004
112	7	656	656	0.0128765
112	8	262	262	0.00538445
112	9	1402	1402	0.0485659
112	10	45426	45426	0.0730658
112	11	13	13	7.62939e-06
112	12	50256	50256	7.62939e-06
113	5	3625	3625	0.0130205
113	6	329	329	0.00655556
113	7	3356	3356	0.0615339
113	8	290	290	0.00583649
113	9	13017	13017	0.0438137
113	10	13	13	0.000217438
113	11	50256	50256	2.28882e-05
114	5	8122	8122	0.12676
114	6	11	11	0.0114059
114	7	9472	9472	0.146438
114	8	663	663	0.00934982
114	9	8434	8434	0.104103
114	10	4755	4755	0.102013
114	11	318	318	0.0165043
114	12	4735	4735	0.255101
114	13	13	13	0.00511551
114	14	50256	50256	3.43323e-05
115	5	8802	8802	0.0318632
115	6	19079	19079	0.041851
115	7	1998	1998	0.0391712
115	8	6697	6697	0.0269251
115	9	7028	7028	0.0341196
115	10	13	13	0.000143051
115	11	50256	50256	9.53674e-06
116	5	274	274	0.0175123
116	6	13617	13617	0.127794
116	7	278	278	0.0330935
116	8	329	329	0.0261908
116	9	1103	1103	0.0508823
116	10	3146	3146	0.0398626
116	11	13	13	0
116	12	50256	50256	1.14441e-05
117	5	13204	13204	0.0257301
117	6	4991	4991	0.0270348
117	7	286	286	0.00102615
117	8	2877	2877	0.0389977
117	9	20296	20296	0.0565367
117	10	13	13	8.96454e-05
117	11	50256	50256	3.8147e-06
118	5	281	281	0.0138874
118	6	1633	1633	0.055665
118	7	1014	1014	0.0752964
118	8	1022	1022	0.0122061
118	9	262	262	0.00015831
118	10	300	300	0.107011
118	11	38621	38621	0.0979271
118	12	87	87	0.0736208
118	13	290	290	0.00566292
118	14	262	262	0.000896454
118	15	18443	18443	0.279188
118	16	11072	11072	0.0528193
118	17	13	13	7.62939e-06
118	18	50256	50256	3.43323e-05
119	5	9460	9460	0.0924664
119	6	293	293	0.195522
119	7	9280	9280	0.0952883
119	8	48556	48556	0.053319
119	9	1321	1321	0.0352488
119	10	546	546	0.0635691
119	11	262	262	0.00505829
119	12	4067	4067	0.0758772
119	13	286	286	0.00774384
119	14	2057	2057	0.0660887
119	15	13	13	8.58307e-05
119	16	50256	50256	1.90735e-06
120	5	17522	17522	0.590746
120	6	318	318	0.00414753
120	7	5017	5017	0.384355
120	8	351	351	0.00899315
120	9	16252	16252	0.174003
120	10	13	13	7.43866e-05
120	11	50256	50256	1.33514e-05
121	5	257	257	0.00708389
121	6	2393	2393	0.234908
121	7	338	338	0.0212116
121	8	5794	5794	0.105037
121	9	11	11	0.00271797
121	10	475	475	0.0961876
121	11	340	340	0.0442467
121	12	857	857	0.0616684
121	13	407	407	0.0331783
121	14	9149	9149	0.0601482
121	15	326	326	0.00595284
121	16	5794	5794	0.0647039
121	17	13	13	1.52588e-05
121	18	50256	50256	0.000694275
122	5	262	262	0.000511169
122	6	3139	3139	0.0168295
122	7	286	286	0.00056076
122	8	21506	21506	0.0577059
122	9	287	287	0.00859833
122	10	3687	3687	0.185585
122	11	5478	5478	0.050931
122	12	13	13	1.52588e-05
122	13	50256	50256	5.72205e-06
123	5	16021	16021	0.109653
123	6	11447	11447	0.057107
123	7	10717	10717	0.0292501
123	8	1444	1444	0.0253515
123	9	257	257	0.00638199
123	10	9529	9529	0.0757723
123	11	528	528	0.0299473
123	12	462	462	0.0975618
123	13	13	13	1.52588e-05
123	14	50256	50256	3.8147e-06
124	5	866	866	0.0819788
124	6	2636	2636	0.0502596
124	7	20296	20296	0.0551748
124	8	290	290	0.00504112
124	9	48914	48914	0.294198
124	10	20901	20901	0.0475702
124	11	832	832	0.022438
124	12	30020	30020	0.0862083
124	13	13	13	2.67029e-05
124	14	50256	50256	3.8147e-06
125	5	82	82	0.0364895
125	6	262	262	0.00578499
125	7	2989	2989	0.313025
125	8	16654	16654	0.0593071
125	9	287	287	0.00383949
125	10	257	257	0.00339508
125	11	23243	23243	0.288
125	12	8379	8379	0.0525036
125	13	13	13	0.000204086
125	14	50256	50256	4.19617e-05
126	5	3519	3519	0.0316267
126	6	1171	1171	0.0357294
126	7	290	290	0.00741291
126	8	2839	2839	0.0562286
126	9	8251	8251	0.0141993
126	10	13	13	5.72205e-06
126	11	50256	50256	5.72205e-06
127	5	318	318	0.00683403
127	6	1444	1444	0.0336637
127	7	32896	32896	0.140096
127	8	14596	14596	0.0277319
127	9	13	13	2.47955e-05
127	10	50256	50256	5.72205e-06
128	5	925	925	0.0197067
128	6	7525	7525	0.041604
128	7	422	422	0.0170307
128	8	15317	15317	0.0338573
128	9	290	290	0.00164795
128	10	31861	31861	0.0809031
128	11	13	13	9.53674e-06
128	12	50256	50256	1.90735e-06
129	5	257	257	0.00903511
129	6	7226	7226	0.139694
129	7	21264	21264	0.172767
129	8	36264	36264	0.0759687
129	9	36869	36869	0.0728207
129	10	21126	21126	0.0684834
129	11	7405	7405	0.0581942
129	12	290	290	0.00749016
129	13	14754	14754	0.31121
129	14	663	663	0.0133114
129	15	7894	7894	0.180725
129	16	13	13	7.62939e-06
129	17	50256	50256	6.86646e-05
130	5	290	290	0.00221443
130	6	17298	17298	0.163275
130	7	287	287	0.00471878
130	8	262	262	0.00763321
130	9	7976	7976	0.579681
130	10	2436	2436	0.0602846
130	11	26676	26676	0.0158768
130	12	13	13	5.72205e-06
130	13	50256	50256	3.8147e-06
131	5	389	389	0.0411692
131	6	262	262	0.00164223
131	7	717	717	0.0725775
131	8	9403	9403	0.0680876
131	9	5667	5667	0.0372133
131	10	286	286	0.00266457
131	11	257	257	0.00408554
131	12	4618	4618	0.10445
131	13	39880	39880	0.0685482
131	14	13	13	0.00196838
131	15	50256	50256	1.33514e-05
132	5	4847	4847	0.037775
132	6	287	287	0.00322914
132	7	5788	5788	0.0990372
132	8	416	416	0.0187483
132	9	17247	17247	0.147192
132	10	7572	7572	0.0231266
132	11	286	286	0.00378418
132	12	37410	37410	0.164749
132	13	3951	3951	0.033885
132	14	13	13	0.00184059
132	15	50256	50256	1.90735e-06
133	5	7667	7667	0.0293226
133	6	8598	8598	0.0383654
133	7	16069	16069	0.0285358
133	8	13	13	0.00041008
133	9	50256	50256	1.52588e-05
134	5	9260	9260	0.0326929
134	6	1577	1577	0.142664
134	7	262	262	0.00231934
134	8	5440	5440	0.16736
134	9	663	663	0.0039463
134	10	14688	14688	0.222075
134	11	680	680	0.0378466
134	12	5585	5585	0.0315418
134	13	13	13	0.000753403
134	14	50256	50256	5.72205e-06
135	5	389	389	0.0640745
135	6	1036	1036	0.107156
135	7	515	515	0.0443916
135	8	284	284	0.0172539
135	9	787	787	0.110066
135	10	257	257	0.0140944
135	11	279	279	0.225527
135	12	2150	2150	0.0681572
135	13	298	298	0.0597477
135	14	1779	1779	0.0663099
135	15	3681	3681	0.057478
135	16	13	13	1.90735e-06
135	17	50256	50256	9.53674e-06
136	5	24830	24830	0.71406
136	6	287	287	0.0134335
136	7	543	543	0.0781384
136	8	1123	1123	0.0302219
136	9	6194	6194	0.246126
136	10	2391	2391	0.0663519
136	11	6870	6870	0.0330992
136	12	530	530	0.0275707
136	13	44278	44278	0.11213
136	14	415	415	0.0577469
136	15	393	393	0.00502396
136	16	48617	48617	0.105456
136	17	13	13	0
136	18	50256	50256	5.34058e-05
137	5	3473	3473	0.05163
137	6	5688	5688	0.0603876
137	7	286	286	0.00175476
137	8	12925	12925	0.240849
137	9	5207	5207	0.0392237
137	10	286	286	0.00270271
137	11	1660	1660	0.0262785
137	12	4771	4771	0.0802107
137	13	13	13	5.14984e-05
137	14	50256	50256	1.90735e-06
138	5	3825	3825	0.127181
138	6	338	338	0.0334158
138	7	4755	4755	0.210576
138	8	26161	26161	0.0854683
138	9	17669	17669	0.109382
138	10	656	656	0.0237226
138	11	43142	43142	0.128496
138	12	290	290	0.00730801
138	13	10050	10050	0.225672
138	14	2568	2568	0.0333786
138	15	13	13	5.72205e-06
138	16	50256	50256	7.62939e-06
139	5	3881	3881	0.0770559
139	6	326	326	0.0327692
139	7	460	460	0.0635424
139	8	47577	47577	0.386081
139	9	6364	6364	0.0504875
139	10	625	625	0.0279827
139	11	41917	41917	0.0674658
139	12	1661	1661	0.0690098
139	13	66	66	0.0511589
139	14	2040	2040	0.053381
139	15	13	13	1.90735e-06
139	16	50256	50256	1.52588e-05
140	5	286	286	0.00217247
140	6	28722	28722	0.0457039
140	7	287	287	0.00374222
140	8	257	257	0.00771523
140	9	5931	5931	0.0161943
140	10	6317	6317	0.0309305
140	11	13	13	2.67029e-05
140	12	50256	50256	3.8147e-06
141	5	5002	5002	0.0310535
141	6	326	326	0.0145321
141	7	318	318	0.0104084
141	8	8122	8122	0.0644512
141	9	379	379	0.00599384
141	10	8850	8850	0.0402889
141	11	2119	2119	0.0375605
141	12	5951	5951	0.0123777
141	13	13	13	0.00279236
141	14	50256	50256	1.90735e-05
142	5	284	284	0.00397682
142	6	22792	22792	0.0984268
142	7	962	962	0.0600176
142	8	2763	2763	0.0628843
142	9	403	403	0.0439091
142	10	338	338	0.00450706
142	11	22234	22234	0.10586
142	12	287	287	0.000581741
142	13	36094	36094	0.0653257
142	14	13	13	0
142	15	50256	50256	1.52588e-05
143	5	38467	38467	0.0837936
143	6	1296	1296	0.0312901
143	7	1969	1969	0.183057
143	8	15814	15814	0.0576029
143	9	351	351	0.00900459
143	10	262	262	0.00030899
143	11	11135	11135	0.113682
143	12	286	286	0.00848484
143	13	6134	6134	0.0609646
143	14	13	13	0.000526428
143	15	50256	50256	3.8147e-06
144	5	262	262	0.00377274
144	6	39522	39522	0.0661173
144	7	286	286	0.000389099
144	8	1568	1568	0.101084
144	9	4795	4795	0.0557928
144	10	10752	10752	0.0503302
144	11	12153	12153	0.0407152
144	12	274	274	0.0383005
144	13	13	13	1.90735e-06
144	14	50256	50256	5.72205e-06
145	5	319	319	0.0109425
145	6	2995	2995	0.0892258
145	7	1141	1141	0.017005
145	8	262	262	0.000339508
145	9	44695	44695	0.110681
145	10	1810	1810	0.0281248
145	11	13	13	0.00136185
145	12	50256	50256	7.62939e-06
146	5	48440	48440	0.120152
146	6	11904	11904	0.0331182
146	7	973	973	0.027894
146	8	355	355	0.0209494
146	9	257	257	0.0109797
146	10	25721	25721	0.169635
146	11	13	13	0.00212288
146	12	50256	50256	5.72205e-06
147	5	319	319	0.0293751
147	6	46376	46376	0.24919
147	7	11	11	0.0193357
147	8	16083	16083	0.12841
147	9	981	981	0.0421019
147	10	262	262	0.00504494
147	11	46376	46376	0.233962
147	12	318	318	0.0105305
147	13	9583	9583	0.143616
147	14	13	13	0.00043869
147	15	50256	50256	9.53674e-06
148	5	9779	9779	1.03002
148	6	318	318	0.0101261
148	7	257	257	0.00440025
148	8	7446	7446	0.11479
148	9	8379	8379	0.0636969
148	10	326	326	0.0321054
148	11	22625	22625	0.114407
148	12	284	284	0.00877953
148	13	257	257	0.0127392
148	14	10345	10345	0.309943
148	15	1720	1720	0.0663433
148	16	13	13	5.53131e-05
148	17	50256	50256	1.33514e-05
149	5	1254	1254	0.0744753
149	6	3463	3463	0.0272236
149	7	1203	1203	0.212095
149	8	780	780	0.0294638
149	9	484	484	0.026475
149	10	290	290	0.0139256
149	11	511	511	0.0280085
149	12	16807	16807	0.214577
149	13	389	389	0.019228
149	14	17282	17282	0.129631
149	15	7463	7463	0.0435991
149	16	1978	1978	0.0207863
149	17	13	13	0.000354767
149	18	50256	50256	5.91278e-05
150	5	262	262	0.0071907
150	6	6697	6697	0.136354
150	7	4571	4571	0.0866528
150	8	422	422	0.0153236
150	9	749	749	0.10288
150	10	584	584	0.0485191
150	11	14705	14705	0.0882111
150	12	287	287	0.000637054
150	13	674	674	0.0645323
150	14	6591	6591	0.0129747
150	15	1080	1080	0.0414343
150	16	13	13	5.72205e-06
150	17	50256	50256	5.34058e-05
151	5	287	287	0.00135803
151	6	10598	10598	0.0870314
151	7	287	287	0.000986099
151	8	5846	5846	0.124329
151	9	37078	37078	0.0112371
151	10	13	13	1.90735e-06
151	11	50256	50256	1.90735e-06
152	5	9505	9505	0.0587664
152	6	379	379	0.0078783
152	7	262	262	0.00649834
152	8	5645	5645	0.215216
152	9	286	286	0.00468063
152	10	11945	11945	0.0552063
152	11	287	287	0.00153923
152	12	867	867	0.0555716
152	13	24039	24039	0.0286522
152	14	13	13	0.000738144
152	15	50256	50256	1.90735e-06
153	5	3106	3106	0.332078
153	6	36186	36186	0.0658646
153	7	326	326	0.0124969
153	8	4909	4909	0.0861864
153	9	6588	6588	0.0686312
153	10	13	13	7.82013e-05
153	11	50256	50256	1.52588e-05
154	5	2630	2630	0.0173283
154	6	262	262	0.00288582
154	7	711	711	0.145494
154	8	1900	1900	0.02279
154	9	355	355	0.00405693
154	10	383	383	0.0213556
154	11	23165	23165	0.111449
154	12	1471	1471	0.0330658
154	13	30215	30215	0.0246782
154	14	13	13	6.29425e-05
154	15	50256	50256	1.90735e-06
155	5	1497	1497	0.0327349
155	6	422	422	0.00490761
155	7	262	262	0.0050602
155	8	2612	2612	0.493487
155	9	11	11	0.00552177
155	10	7692	7692	0.0962839
155	11	286	286	0.000879288
155	12	663	663	0.0335588
155	13	11863	11863	0.383756
155	14	2695	2695	0.0362511
155	15	13	13	4.57764e-05
155	16	50256	50256	8.96454e-05
156	5	21718	21718	0.0585222
156	6	6296	6296	0.0630608
156	7	1474	1474	0.0325336
156	8	6342	6342	0.0791769
156	9	287	287	0.00626183
156	10	4881	4881	0.0815306
156	11	13	13	6.86646e-05
156	12	50256	50256	5.72205e-06
157	5	257	257	0.00438404
157	6	2060	2060	0.0762234
157	7	19078	19078	0.107372
157	8	1143	1143	0.0449734
157	9	5935	5935	0.0333109
157	10	326	326	0.0119457
157	11	36319	36319	0.0598698
157	12	656	656	0.00875664
157	13	4553	4553	0.0874557
157	14	39966	39966	0.041729
157	15	13	13	0
157	16	50256	50256	3.8147e-06
158	5	257	257	0.00514793
158	6	4553	4553	0.114402
158	7	13239	13239	0.0642071
158	8	422	422	0.00650024
158	9	6134	6134	0.108139
158	10	290	290	0.00635719
158	11	4695	4695	0.0916491
158	12	13	13	7.62939e-06
158	13	50256	50256	1.90735e-05
159	5	881	881	0.0154228
159	6	286	286	0.00203896
159	7	21673	21673	0.202727
159	8	338	338	0.00698471
159	9	6156	6156	0.0490751
159	10	26898	26898	0.101967
159	11	4417	4417	0.0269299
159	12	13	13	3.8147e-06
159	13	50256	50256	7.62939e-06
160	5	262	262	0.00768661
160	6	1180	1180	0.0846996
160	7	4069	4069	0.0509901
160	8	286	286	0.00538445
160	9	3056	3056	0.284713
160	10	290	290	0.00060463
160	11	1660	1660	0.118289
160	12	319	319	0.0694857
160	13	7815	7815	0.164745
160	14	13	13	2.67029e-05
160	15	50256	50256	7.62939e-06
161	5	11	11	0.0154533
161	6	262	262	0.00613976
161	7	3825	3825	0.291664
161	8	24234	24234	0.082201
161	9	262	262	0.00541306
161	10	33258	33258	0.636277
161	11	1602	1602	0.0493536
161	12	1352	1352	0.149816
161	13	13	13	7.43866e-05
161	14	50256	50256	1.33514e-05
162	5	45656	45656	0.0537901
162	6	621	621	0.0150909
162	7	7424	7424	0.0515108
162	8	2266	2266	0.0260401
162	9	1657	1657	0.0218468
162	10	13	13	0.000120163
162	11	50256	50256	1.71661e-05
163	5	925	925	0.0579195
163	6	510	510	0.187747
163	7	286	286	0.00845146
163	8	30362	30362	0.143212
163	9	16057	16057	0.0718689
163	10	68	68	0.107354
163	11	13	13	1.90735e-06
163	12	50256	50256	1.14441e-05
164	5	3356	3356	0.11883
164	6	286	286	0.00337982
164	7	15938	15938	0.113249
164	8	656	656	0.0393667
164	9	290	290	0.0111408
164	10	503	503	0.138365
164	11	286	286	0.00278282
164	12	257	257	0.0439425
164	13	2685	2685	0.0982056
164	14	13	13	1.90735e-06
164	15	50256	50256	1.90735e-06
165	5	5732	5732	0.0492344
165	6	351	351	0.0156975
165	7	262	262	0.00128174
165	8	6616	6616	0.321
165	9	286	286	0.00652122
165	10	663	663	0.012949
165	11	2866	2866	0.204445
165	12	287	287	0.00446892
165	13	15993	15993	0.238947
165	14	12933	12933	0.0220251
165	15	13	13	0.000192642
165	16	50256	50256	0.00082016
166	5	286	286	0.00322723
166	6	15317	15317	0.0618315
166	7	290	290	0.00333786
166	8	19783	19783	0.080863
166	9	13	13	0.000125885
166	10	50256	50256	9.53674e-06
167	5	5366	5366	0.0767603
167	6	286	286	0.00271416
167	7	262	262	0.0113554
167	8	7022	7022	0.123507
167	9	286	286	0.00326157
167	10	347	347	0.87899
167	11	8553	8553	0.0511608
167	12	78	78	0.0195293
167	13	13	13	0.00148201
167	14	50256	50256	1.90735e-06
168	5	286	286	0.000137329
168	6	5186	5186	0.028307
168	7	3877	3877	0.0178823
168	8	13	13	0.000120163
168	9	50256	50256	5.72205e-06
169	5	1768	1768	0.0495319
169	6	3994	3994	0.0338087
169	7	262	262	0.00374222
169	8	13204	13204	0.0757999
169	9	7532	7532	0.0549231
169	10	41927	41927	0.0551081
169	11	10680	10680	0.034831
169	12	13	13	0
169	13	50256	50256	9.53674e-06
170	5	3139	3139	0.0304642
170	6	286	286	0.00224876
170	7	29638	29638	0.364482
170	8	11	11	0.0019455
170	9	2138	2138	0.0178385
170	10	621	621	0.0083046
170	11	11294	11294	0.0844336
170	12	23117	23117	0.0388222
170	13	42124	42124	0.0224409
170	14	13	13	4.00543e-05
170	15	50256	50256	9.53674e-06
171	5	338	338	0.0066843
171	6	383	383	0.0382156
171	7	9467	9467	0.0836315
171	8	13274	13274	0.038641
171	9	286	286	0.0007267
171	10	14059	14059	0.118921
171	11	3407	3407	0.029995
171	12	24203	24203	0.0455027
171	13	29906	29906	0.0306902
171	14	13	13	1.33514e-05
171	15	50256	50256	3.8147e-06
172	5	12	12	0.0171909
172	6	2164	2164	0.28099
172	7	1328	1328	0.0902033
172	8	31513	31513	0.0593834
172	9	3881	3881	0.0507441
172	10	2219	2219	0.0654116
172	11	287	287	0.00710964
172	12	9151	9151	0.121131
172	13	291	291	0.0732222
172	14	20048	20048	0.208925
172	15	13	13	2.28882e-05
172	16	50256	50256	1.52588e-05
173	5	1115	1115	0.178448
173	6	11954	11954	0.0717154
173	7	11	11	0.00240517
173	8	734	734	0.0860043
173	9	8901	8901	0.116529
173	10	2910	2910	0.0737448
173	11	832	832	0.0176926
173	12	663	663	0.0108099
173	13	308	308	0.222946
173	14	2171	2171	0.0274611
173	15	13	13	1.33514e-05
173	16	50256	50256	3.8147e-06
174	5	12278	12278	0.0735741
174	6	17655	17655	0.0972767
174	7	1626	1626	0.0200558
174	8	15114	15114	0.186425
174	9	393	393	0.0467415
174	10	1022	1022	0.0362234
174	11	257	257	0.0264883
174	12	6279	6279	0.489833
174	13	290	290	0.015542
174	14	262	262	0.0124588
174	15	2323	2323	0.184667
174	16	13	13	5.72205e-06
174	17	50256	50256	1.14441e-05
175	5	39526	39526	0.180429
175	6	2877	2877	0.0455313
175	7	351	351	0.023839
175	8	257	257	0.00605011
175	9	5205	5205	0.0803547
175	10	33567	33567	0.201467
175	11	6587	6587	0.0542345
175	12	5212	5212	0.0350513
175	13	13	13	0.00232506
175	14	50256	50256	1.90735e-06
176	5	262	262	0.00164413
176	6	4376	4376	0.228044
176	7	3006	3006	0.0758791
176	8	286	286	0.00724411
176	9	257	257	0.0180473
176	10	23470	23470	0.102885
176	11	2512	2512	0.0909357
176	12	3328	3328	0.0496645
176	13	16882	16882	0.027895
176	14	13	13	0.00116158
176	15	50256	50256	1.90735e-06
177	5	9417	9417	0.0702076
177	6	9136	9136	0.0552759
177	7	6492	6492	0.0572262
177	8	422	422	0.00863647
177	9	1728	1728	0.0878105
177	10	2266	2266	0.0475054
177	11	33773	33773	0.0990915
177	12	13	13	0.000307083
177	13	50256	50256	3.8147e-06
178	5	7411	7411	0.0481758
178	6	6953	6953	0.0406885
178	7	11	11	0.00222015
178	8	11863	11863	0.0669212
178	9	11	11	0.00967026
178	10	290	290	0.00363731
178	11	1660	1660	0.0353842
178	12	13	13	1.14441e-05
178	13	50256	50256	1.90735e-06
179	5	1277	1277	0.183926
179	6	511	511	0.032774
179	7	734	734	0.0418539
179	8	2951	2951	0.240643
179	9	14799	14799	0.042078
179	10	981	981	0.013895
179	11	21976	21976	0.077548
179	12	511	511	0.0139189
179	13	21334	21334	0.0364017
179	14	13	13	1.90735e-06
179	15	50256	50256	1.90735e-06
180	5	11	11	0.0130777
180	6	2138	2138	0.0210428
180	7	621	621	0.00695038
180	8	2458	2458	0.0901365
180	9	287	287	0.00878334
180	10	663	663	0.01091
180	11	5253	5253	0.0618992
180	12	422	422	0.0191116
180	13	262	262	0.00326538
180	14	3825	3825	0.0945435
180	15	11	11	0.00941849
180	16	5640	5640	0.0863104
180	17	262	262	0.00562477
180	18	7028	7028	0.0557785
180	19	13	13	0.00180435
180	20	50256	50256	0.00047493
181	5	8064	8064	0.148811
181	6	286	286	0.00246429
181	7	257	257	0.00171852
181	8	48862	48862	0.149207
181	9	485	485	0.0349827
181	10	272	272	0.0459127
181	11	9197	9197	0.10676
181	12	338	338	0.0150633
181	13	38447	38447	0.210421
181	14	284	284	0.00645065
181	15	663	663	0.0191269
181	16	14753	14753	0.153897
181	17	13	13	5.72205e-06
181	18	50256	50256	1.52588e-05
182	5	874	874	0.0866318
182	6	287	287	0.00388145
182	7	262	262	0.000286102
182	8	8434	8434	0.0858727
182	9	1027	1027	0.071064
182	10	1037	1037	0.0693121
182	11	4886	4886	0.0632219
182	12	13179	13179	0.0600224
182	13	286	286	0.00778198
182	14	262	262	0.00148582
182	15	1182	1182	0.056674
182	16	13	13	1.90735e-06
182	17	50256	50256	1.90735e-06
183	5	1262	1262	0.0382309
183	6	14091	14091	0.0422888
183	7	7572	7572	0.0346928
183	8	319	319	0.0106535
183	9	24012	24012	0.102493
183	10	458	458	0.0582962
183	11	34387	34387	0.0380869
183	12	13	13	1.90735e-06
183	13	50256	50256	5.72205e-06
184	5	3463	3463	0.0670204
184	6	318	318	0.0112791
184	7	262	262	0.0119324
184	8	29973	29973	0.0851965
184	9	2700	2700	0.0558777
184	10	7205	7205	0.0951395
184	11	319	319	0.0115528
184	12	281	281	0.0173798
184	13	2134	2134	0.0649462
184	14	13	13	0.00623322
184	15	50256	50256	3.8147e-06
185	5	7475	7475	0.019145
185	6	11	11	0.0169296
185	7	355	355	0.0336094
185	8	618	618	0.049511
185	9	466	466	0.133821
185	10	407	407	0.0295792
185	11	4329	4329	0.0650272
185	12	836	836	0.0453272
185	13	470	470	0.0209036
185	14	13	13	5.72205e-06
185	15	50256	50256	5.72205e-06
186	5	19700	19700	0.0841131
186	6	6588	6588	0.0181627
186	7	378	378	0.0391407
186	8	21622	21622	0.0398188
186	9	13	13	0.00118637
186	10	50256	50256	3.8147e-06
187	5	18405	18405	0.106391
187	6	284	284	0.00227165
187	7	2222	2222	0.212651
187	8	15619	15619	0.0260906
187	9	1657	1657	0.0125999
187	10	284	284	0.00922012
187	11	257	257	0.00739098
187	12	2962	2962	0.063199
187	13	13	13	0.00301361
187	14	50256	50256	3.8147e-06
188	5	14310	14310	0.183294
188	6	287	287	0.00384903
188	7	8122	8122	0.0890808
188	8	284	284	0.0116615
188	9	7603	7603	0.329495
188	10	1771	1771	0.0435829
188	11	257	257	0.00330544
188	12	4417	4417	0.0404654
188	13	318	318	0.0122337
188	14	1241	1241	0.214596
188	15	13	13	1.90735e-06
188	16	50256	50256	0.000152588
189	5	262	262	0.00739193
189	6	19517	19517	0.198005
189	7	6896	6896	0.0272732
189	8	351	351	0.00818539
189	9	262	262	0.00178528
189	10	2297	2297	0.221235
189	11	6896	6896	0.0347109
189	12	13	13	1.52588e-05
189	13	50256	50256	1.90735e-05
190	5	269	269	0.0683069
190	6	8325	8325	0.0313759
190	7	298	298	0.0297899
190	8	13100	13100	0.105554
190	9	290	290	0.0039959
190	10	318	318	0.0498695
190	11	4318	4318	0.158998
190	12	284	284	0.00652122
190	13	10469	10469	0.122915
190	14	16585	16585	0.0315142
190	15	13	13	2.86102e-05
190	16	50256	50256	1.90735e-06
191	5	3793	3793	0.0726681
191	6	284	284	0.00177383
191	7	9161	9161	0.309667
191	8	1613	1613	0.0343943
191	9	1692	1692	0.0571699
191	10	14515	14515	0.0477114
191	11	13	13	1.90735e-06
191	12	50256	50256	7.62939e-06
192	5	15715	15715	0.0432453
192	6	621	621	0.0157671
192	7	8122	8122	0.0978851
192	8	1660	1660	0.0272837
192	9	11	11	0.00403023
192	10	523	523	0.0573158
192	11	340	340	0.0233126
192	12	36016	36016	0.0471468
192	13	13	13	0.000198364
192	14	50256	50256	1.33514e-05
193	5	9518	9518	0.025425
193	6	11447	11447	0.0184937
193	7	10717	10717	0.0143642
193	8	13	13	0.000394821
193	9	50256	50256	5.72205e-06
194	5	656	656	0.00390434
194	6	257	257	0.00213432
194	7	4735	4735	0.021246
194	8	13	13	7.05719e-05
194	9	50256	50256	7.62939e-06
195	5	262	262	0.00475121
195	6	779	779	0.224804
195	7	286	286	0.00131607
195	8	1657	1657	0.0642614
195	9	290	290	0.00927353
195	10	9082	9082	0.265763
195	11	287	287	0.00428391
195	12	5874	5874	0.0709839
195	13	1242	1242	0.0665503
195	14	13	13	0.00100327
195	15	50256	50256	1.90735e-06
196	5	6115	6115	0.040987
196	6	355	355	0.0141592
196	7	257	257	0.0056839
196	8	27216	27216	0.070219
196	9	875	875	0.0652018
196	10	16912	16912	0.0291424
196	11	13	13	0.000312805
196	12	50256	50256	5.72205e-06
197	5	373	373	0.0190792
197	6	257	257	0.00711632
197	7	4960	4960	0.240843
197	8	6761	6761	0.0477543
197	9	286	286	0.00274658
197	10	21641	21641	0.192961
197	11	290	290	0.00258255
197	12	4898	4898	0.175496
197	13	9967	9967	0.0594778
197	14	20842	20842	0.0713005
197	15	13	13	0.000213623
197	16	50256	50256	3.8147e-06
198	5	290	290	0.00123215
198	6	2314	2314	0.128172
198	7	47933	47933	0.018856
198	8	832	832	0.00468063
198	9	257	257	0.00629425
198	10	2818	2818	0.0661573
198	11	17076	17076	0.0387497
198	12	13	13	3.8147e-06
198	13	50256	50256	3.8147e-06
199	5	11945	11945	0.0279703
199	6	1978	1978	0.0269518
199	7	379	379	0.025959
199	8	867	867	0.0339136
199	9	24039	24039	0.0293016
199	10	13	13	0.000213623
199	11	50256	50256	3.8147e-06
200	5	1022	1022	0.0133867
200	6	262	262	0.00266457
200	7	37015	37015	0.987981
200	8	286	286	0.00169563
200	9	8706	8706	0.108634
200	10	290	290	0.00768185
200	11	22721	22721	0.117812
200	12	13	13	0.000484467
200	13	50256	50256	7.62939e-06
201	5	8850	8850	0.0723019
201	6	5405	5405	0.078021
201	7	621	621	0.0257988
201	8	832	832	0.0241632
201	9	257	257	0.00861931
201	10	17076	17076	0.0799541
201	11	13	13	2.67029e-05
201	12	50256	50256	1.90735e-06
202	5	257	257	0.00277138
202	6	20831	20831	0.183038
202	7	15283	15283	0.0646296
202	8	9290	9290	0.0541811
202	9	4143	4143	0.0503502
202	10	12073	12073	0.0900211
202	11	663	663	0.00668526
202	12	3833	3833	0.0944214
202	13	13	13	0
202	14	50256	50256	3.8147e-06
203	5	44653	44653	0.266526
203	6	389	389	0.0428801
203	7	34262	34262	0.190997
203	8	878	878	0.0435114
203	9	511	511	0.0474424
203	10	15061	15061	0.154739
203	11	36402	36402	0.038105
203	12	1280	1280	0.0178556
203	13	13	13	2.09808e-05
203	14	50256	50256	1.33514e-05
204	5	329	329	0.0170746
204	6	262	262	0.0109091
204	7	3491	3491	0.0908546
204	8	12	12	0.0202122
204	9	16760	16760	0.0992336
204	10	13888	13888	0.0831757
204	11	286	286	0.0060215
204	12	663	663	0.00424385
204	13	8234	8234	0.137758
204	14	17894	17894	0.0278139
204	15	13	13	1.52588e-05
204	16	50256	50256	2.67029e-05
205	5	10396	10396	0.0568676
205	6	12610	12610	0.0449762
205	7	6143	6143	0.0428715
205	8	27452	27452	0.0681496
205	9	1321	1321	0.0237179
205	10	1231	1231	0.057003
205	11	12948	12948	0.125206
205	12	1176	1176	0.0368967
205	13	13	13	0.000230789
205	14	50256	50256	1.71661e-05
206	5	12091	12091	0.0420895
206	6	21566	21566	0.0394487
206	7	260	260	0.0367746
206	8	739	739	0.0151777
206	9	262	262	0.00198555
206	10	3112	3112	0.232338
206	11	1438	1438	0.0304661
206	12	4424	4424	0.0435781
206	13	11751	11751	0.031745
206	14	7459	7459	0.0145836
206	15	13	13	1.90735e-06
206	16	50256	50256	0.000108719
207	5	1863	1863	0.0513468
207	6	262	262	0.0014801
207	7	8830	8830	0.106777
207	8	1735	1735	0.0549803
207	9	286	286	0.00015831
207	10	2520	2520	0.100947
207	11	2253	2253	0.0319719
207	12	13	13	1.90735e-06
207	13	50256	50256	1.33514e-05
208	5	257	257	0.00208282
208	6	31607	31607	0.0907822
208	7	8122	8122	0.0501623
208	8	5732	5732	0.0258474
208	9	351	351	0.0135193
208	10	6795	6795	0.0723696
208	11	13	13	0.000110626
208	12	50256	50256	3.8147e-06
209	5	3139	3139	0.00670719
209	6	1748	1748	0.0162287
209	7	286	286	0.00375557
209	8	16519	16519	0.0223808
209	9	13	13	0.000833511
209	10	50256	50256	2.28882e-05
210	5	379	379	0.0482359
210	6	262	262	0.000265121
210	7	3641	3641	0.0861416
210	8	286	286	0.00374603
210	9	674	674	0.0447531
210	10	6591	6591	0.0118656
210	11	1080	1080	0.0182858
210	12	13	13	3.62396e-05
210	13	50256	50256	3.8147e-06
211	5	4025	4025	0.12907
211	6	2010	2010	0.0660295
211	7	2700	2700	0.120805
211	8	11073	11073	0.0949097
211	9	257	257	0.0105667
211	10	4025	4025	0.116961
211	11	20309	20309	0.161247
211	12	13	13	0.00207138
211	13	50256	50256	7.62939e-06
212	5	4656	4656	0.0259027
212	6	468	468	0.025589
212	7	6697	6697	0.0882692
212	8	6698	6698	0.0779619
212	9	3025	3025	0.0484886
212	10	3815	3815	0.0605249
212	11	751	751	0.043911
212	12	284	284	0.00580215
212	13	3598	3598	0.0562038
212	14	13	13	2.47955e-05
212	15	50256	50256	1.90735e-06
213	5	262	262	0.00430107
213	6	1138	1138	0.134391
213	7	37670	37670	0.0444679
213	8	1042	1042	0.0333261
213	9	286	286	0.0088768
213	10	30498	30498	0.170897
213	11	13	13	0.0021534
213	12	50256	50256	1.90735e-06
214	5	16662	16662	0.0387306
214	6	284	284	0.00344658
214	7	24949	24949	0.0835581
214	8	290	290	0.00343895
214	9	28436	28436	0.13412
214	10	2057	2057	0.0234976
214	11	13	13	0.000295639
214	12	50256	50256	7.62939e-06
215	5	4257	4257	0.149837
215	6	9106	9106	0.0727034
215	7	316	316	0.0394878
215	8	16982	16982	0.0811911
215	9	4879	4879	0.0419779
215	10	286	286	0.000255585
215	11	9403	9403	0.084774
215	12	6134	6134	0.0261917
215	13	13	13	9.53674e-06
215	14	50256	50256	2.47955e-05
216	5	318	318	0.00541878
216	6	262	262	0.00692749
216	7	4417	4417	0.0304108
216	8	4067	4067	0.0815325
216	9	3264	3264	0.0623102
216	10	2029	2029	0.0591898
216	11	663	663	0.0109329
216	12	2962	2962	0.0566931
216	13	13	13	0.000123978
216	14	50256	50256	5.72205e-06
217	5	318	318	0.0134573
217	6	9086	9086	0.0572004
217	7	1022	1022	0.0950813
217	8	16256	16256	0.109926
217	9	290	290	0.0334167
217	10	46117	46117	0.505818
217	11	968	968	0.134173
217	12	22777	22777	0.0799599
217	13	13	13	1.90735e-06
217	14	50256	50256	1.90735e-06
218	5	981	981	0.0321712
218	6	8868	8868	0.0674515
218	7	23822	23822	0.0243692
218	8	1022	1022	0.011488
218	9	606	606	0.030488
218	10	13	13	1.90735e-06
218	11	50256	50256	4.19617e-05
219	5	8811	8811	0.0757599
219	6	925	925	0.0663366
219	7	422	422	0.00847435
219	8	22365	22365	0.210405
219	9	388	388	0.0596638
219	10	17135	17135	0.0536003
219	11	5026	5026	0.0497017
219	12	47196	47196	0.0311108
219	13	13	13	2.67029e-05
219	14	50256	50256	1.33514e-05
220	5	780	780	0.040225
220	6	484	484	0.0325432
220	7	389	389	0.0331945
220	8	19346	19346	0.103715
220	9	621	621	0.0149231
220	10	262	262	0.00572205
220	11	7346	7346	0.111517
220	12	6591	6591	0.0238018
220	13	4417	4417	0.0353508
220	14	13	13	1.90735e-06
220	15	50256	50256	1.71661e-05
221	5	262	262	0.00885391
221	6	8434	8434	0.0796595
221	7	21405	21405	0.0573778
221	8	286	286	0.000213623
221	9	1728	1728	0.0860128
221	10	7150	7150	0.0573902
221	11	13	13	0.000774384
221	12	50256	50256	1.90735e-06
222	5	2187	2187	0.0635614
222	6	287	287	0.00556374
222	7	10801	10801	0.11228
222	8	290	290	0.00305367
222	9	12070	12070	0.114764
222	10	284	284	0.00640869
222	11	4439	4439	0.06952
222	12	3056	3056	0.121087
222	13	13	13	7.62939e-06
222	14	50256	50256	5.72205e-06
223	5	395	395	0.0328579
223	6	563	563	0.0473118
223	7	28539	28539	0.0391665
223	8	2995	2995	0.0617142
223	9	7346	7346	0.0642395
223	10	262	262	0.00496674
223	11	19636	19636	0.139421
223	12	29179	29179	0.0292101
223	13	286	286	0.00226593
223	14	4492	4492	0.0525255
223	15	13	13	0.000274658
223	16	50256	50256	1.14441e-05
224	5	9565	9565	0.101482
224	6	832	832	0.00673485
224	7	35115	35115	0.0640965
224	8	13	13	6.67572e-05
224	9	50256	50256	7.62939e-06
225	5	16824	16824	0.253995
225	6	262	262	0.00940514
225	7	2159	2159	0.431281
225	8	287	287	0.00500107
225	9	412	412	0.185552
225	10	14400	14400	0.0728836
225	11	12579	12579	0.047945
225	12	5679	5679	0.0367737
225	13	1380	1380	0.0588055
225	14	576	576	0.0537014
225	15	292	292	0.0814772
225	16	376	376	0.0440979
225	17	10332	10332	0.0437384
225	18	13	13	1.14441e-05
225	19	50256	50256	9.53674e-06
226	5	257	257	0.0178204
226	6	3288	3288	0.169137
226	7	18645	18645	0.0484562
226	8	1022	1022	0.0134964
226	9	4881	4881	0.0963545
226	10	290	290	0.0126209
226	11	8602	8602	0.0510445
226	12	13	13	5.72205e-06
226	13	50256	50256	1.14441e-05
227	5	1296	1296	0.0271559
227	6	618	618	0.0370092
227	7	27163	27163	0.0568342
227	8	13166	13166	0.044075
227	9	1716	1716	0.0674877
227	10	16001	16001	0.0651112
227	11	276	276	0.0108519
227	12	290	290	0.00952911
227	13	20534	20534	0.266453
227	14	276	276	0.0360746
227	15	1978	1978	0.0243702
227	16	13	13	0.00231743
227	17	50256	50256	1.90735e-06
228	5	5931	5931	0.02071
228	6	4847	4847	0.062562
228	7	287	287	0.0166836
228	8	1502	1502	0.0446892
228	9	286	286	0.00359726
228	10	3649	3649	0.220382
228	11	17226	17226	0.0449476
228	12	1271	1271	0.0423241
228	13	13	13	0.00209236
228	14	50256	50256	1.90735e-06
229	5	1141	1141	0.0112591
229	6	262	262	0.00109482
229	7	3227	3227	0.0412025
229	8	286	286	0.001297
229	9	18391	18391	0.108957
229	10	4778	4778	0.0278416
229	11	13	13	1.90735e-06
229	12	50256	50256	1.90735e-06
230	5	5931	5931	0.0436869
230	6	33543	33543	0.0592575
230	7	290	290	0.000896454
230	8	6149	6149	0.111934
230	9	5387	5387	0.0754709
230	10	15121	15121	0.073576
230	11	8573	8573	0.0393152
230	12	13	13	5.91278e-05
230	13	50256	50256	1.90735e-06
231	5	287	287	0.0228024
231	6	281	281	0.0468149
231	7	26433	26433	0.388113
231	8	338	338	0.0280466
231	9	7446	7446	0.0995913
231	10	8379	8379	0.058589
231	11	13	13	0.000116348
231	12	50256	50256	1.52588e-05
232	5	45656	45656	0.0112991
232	6	621	621	0.0164223
232	7	7424	7424	0.0284243
232	8	45725	45725	0.0454578
232	9	1657	1657	0.0170794
232	10	13	13	0.000165939
232	11	50256	50256	1.33514e-05
233	5	422	422	0.0128603
233	6	11135	11135	0.0610342
233	7	3812	3812	0.0339279
233	8	262	262	0.00845909
233	9	6727	6727	0.30579
233	10	3354	3354	0.0602503
233	11	286	286	0.000537872
233	12	257	257	0.00810623
233	13	4618	4618	0.210182
233	14	13	13	0.00087738
233	15	50256	50256	3.8147e-06
234	5	11	11	0.00376892
234	6	511	511	0.0325165
234	7	781	781	0.143954
234	8	16415	16415	0.0745993
234	9	43855	43855	0.0648546
234	10	606	606	0.0341663
234	11	21258	21258	0.208499
234	12	13	13	3.8147e-06
234	13	50256	50256	7.62939e-06
235	5	338	338	0.00770569
235	6	10861	10861	0.201568
235	7	49831	49831	0.0617075
235	8	560	560	0.0470705
235	9	9335	9335	0.0697174
235	10	373	373	0.0367413
235	11	4624	4624	0.114131
235	12	625	625	0.0329294
235	13	465	465	0.102306
235	14	285	285	0.126948
235	15	13929	13929	0.0803385
235	16	1431	1431	0.0471611
235	17	1182	1182	0.0430832
235	18	13	13	0
235	19	50256	50256	1.90735e-06
236	5	5752	5752	0.119869
236	6	24139	24139	0.0480299
236	7	1626	1626	0.0183849
236	8	257	257	0.00633812
236	9	50126	50126	0.125999
236	10	6831	6831	0.0679064
236	11	3084	3084	0.0787354
236	12	13	13	0.000684738
236	13	50256	50256	3.8147e-06
237	5	2168	2168	0.104105
237	6	6673	6673	0.0317287
237	7	511	511	0.00806808
237	8	4180	4180	0.0742807
237	9	1817	1817	0.0496073
237	10	13	13	1.14441e-05
237	11	50256	50256	9.53674e-06
238	5	379	379	0.011694
238	6	393	393	0.0314617
238	7	1474	1474	0.074461
238	8	3668	3668	0.01894
238	9	338	338	0.00476456
238	10	4417	4417	0.0255108
238	11	13	13	0.000335693
238	12	50256	50256	9.53674e-06
239	5	23426	23426	0.0384731
239	6	6007	6007	0.0272398
239	7	286	286	0.000936508
239	8	12605	12605	0.131682
239	9	13232	13232	0.024622
239	10	5474	5474	0.0151472
239	11	13	13	5.72205e-06
239	12	50256	50256	7.62939e-06
240	5	1366	1366	0.0619087
240	6	523	523	0.0872202
240	7	326	326	0.0114956
240	8	5100	5100	0.0581999
240	9	1895	1895	0.0662012
240	10	460	460	0.0153389
240	11	307	307	0.0620403
240	12	5443	5443	0.0628777
240	13	13	13	9.34601e-05
240	14	50256	50256	0
241	5	636	636	0.119166
241	6	286	286	0.00917816
241	7	262	262	0.0125275
241	8	4865	4865	0.809583
241	9	1022	1022	0.0256138
241	10	3340	3340	0.0785942
241	11	290	290	0.00669575
241	12	262	262	0.00659561
241	13	1578	1578	0.166107
241	14	1829	1829	0.0424042
241	15	13	13	3.8147e-06
241	16	50256	50256	3.8147e-06
242	5	286	286	0.000333786
242	6	14807	14807	0.0648031
242	7	287	287	0.00796318
242	8	21199	21199	0.0565882
242	9	7229	7229	0.0233707
242	10	13	13	2.28882e-05
242	11	50256	50256	3.8147e-06
243	5	262	262	0.000728607
243	6	16936	16936	0.286702
243	7	1900	1900	0.0455532
243	8	3491	3491	0.0968695
243	9	284	284	0.00731373
243	10	262	262	0.00707817
243	11	3825	3825	0.0542927
243	12	13	13	5.34058e-05
243	13	50256	50256	1.90735e-06
244	5	5400	5400	0.0337858
244	6	287	287	0.00210953
244	7	511	511	0.00608826
244	8	30772	30772	0.0603304
244	9	13	13	1.90735e-06
244	10	50256	50256	3.24249e-05
245	5	3154	3154	0.313209
245	6	5667	5667	0.0260773
245	7	379	379	0.0132132
245	8	262	262	0.00867653
245	9	1660	1660	0.0718756
245	10	338	338	0.00532722
245	11	4417	4417	0.0487471
245	12	13	13	0.00235558
245	13	50256	50256	5.72205e-06
246	5	1864	1864	0.0503721
246	6	284	284	0.00350761
246	7	511	511	0.0552216
246	8	12213	12213	0.129344
246	9	351	351	0.00385284
246	10	3867	3867	0.101187
246	11	290	290	0.0130091
246	12	31607	31607	0.104998
246	13	21164	21164	0.031373
246	14	13	13	1.33514e-05
246	15	50256	50256	5.72205e-06
247	5	329	329	0.0128422
247	6	496	496	0.0884495
247	7	2354	2354	0.0428238
247	8	257	257	0.00192642
247	9	35881	35881	0.403586
247	10	389	389	0.0212784
247	11	4048	4048	0.054471
247	12	13	13	1.90735e-06
247	13	50256	50256	3.8147e-06
248	5	262	262	0.00672913
248	6	4898	4898	0.0624266
248	7	7972	7972	0.0381222
248	8	1641	1641	0.0243549
248	9	3805	3805	0.022274
248	10	663	663	0.00960636
248	11	1877	1877	0.261789
248	12	7881	7881	0.026104
248	13	13	13	0.00139236
248	14	50256	50256	3.8147e-06
249	5	511	511	0.00883579
249	6	2057	2057	0.0367918
249	7	7525	7525	0.0417843
249	8	416	416	0.0185795
249	9	6600	6600	0.0898256
249	10	584	584	0.0409498
249	11	4695	4695	0.0448723
249	12	13	13	7.62939e-06
249	13	50256	50256	0.000116348
250	5	15772	15772	0.0540733
250	6	7386	7386	0.031662
250	7	3891	3891	0.0534353
250	8	656	656	0.0120564
250	9	6101	6101	0.123719
250	10	9405	9405	0.0282516
250	11	13	13	8.7738e-05
250	12	50256	50256	3.8147e-06
251	5	318	318	0.0111666
251	6	4055	4055	0.1162
251	7	276	276	0.0251417
251	8	287	287	0.0045166
251	9	281	281	0.0264091
251	10	11557	11557	0.0526209
251	11	1080	1080	0.0263395
251	12	13	13	3.62396e-05
251	13	50256	50256	1.90735e-06
252	5	257	257	0.0119171
252	6	4553	4553	0.105058
252	7	18480	18480	0.146996
252	8	3108	3108	0.0336208
252	9	329	329	0.00800896
252	10	1123	1123	0.0432224
252	11	4151	4151	0.0851841
252	12	13	13	1.90735e-06
252	13	50256	50256	1.71661e-05
253	5	973	973	0.0123367
253	6	2116	2116	0.0744896
253	7	12	12	0.0161915
253	8	634	634	0.134081
253	9	27554	27554	0.052494
253	10	284	284	0.00320816
253	11	7301	7301	0.0972118
253	12	607	607	0.0503216
253	13	1204	1204	0.075428
253	14	290	290	0.00492477
253	15	5369	5369	0.0546026
253	16	13	13	1.90735e-06
253	17	50256	50256	5.34058e-05
254	5	11904	11904	0.0833139
254	6	326	326	0.0271654
254	7	1663	1663	0.090786
254	8	2641	2641	0.0516367
254	9	262	262	0.00265503
254	10	37185	37185	0.179792
254	11	286	286	0.0141315
254	12	1232	1232	0.0964804
254	13	2454	2454	0.0335083
254	14	6134	6134	0.0488167
254	15	13	13	0.00392342
254	16	50256	50256	9.53674e-06
255	5	3491	3491	0.0493698
255	6	287	287	0.00665474
255	7	3668	3668	0.021225
255	8	338	338	0.00384712
255	9	1755	1755	0.192986
255	10	6766	6766	0.0777369
255	11	618	618	0.0321121
255	12	9569	9569	0.0615053
255	13	416	416	0.00883102
255	14	4156	4156	0.148849
255	15	5874	5874	0.0660763
255	16	22204	22204	0.0729771
255	17	13	13	1.90735e-06
255	18	50256	50256	7.62939e-06
256	5	16968	16968	0.0764532
256	6	11	11	0.0116749
256	7	3584	3584	0.360035
256	8	617	617	0.0484562
256	9	5696	5696	0.0601196
256	10	17438	17438	0.101309
256	11	10338	10338	0.0453539
256	12	625	625	0.0239124
256	13	1728	1728	0.0814323
256	14	5951	5951	0.0548658
256	15	16069	16069	0.0575552
256	16	13	13	7.62939e-06
256	17	50256	50256	0.000185013
257	5	12	12	0.0182114
257	6	7784	7784	0.189578
257	7	29984	29984	0.0690918
257	8	1043	1043	0.0293999
257	9	287	287	0.00747299
257	10	5044	5044	0.0339441
257	11	4778	4778	0.0404015
257	12	13	13	5.72205e-06
257	13	50256	50256	3.8147e-06
258	5	324	324	0.117679
258	6	2627	2627	0.074707
258	7	262	262	0.00160408
258	8	717	717	0.0583315
258	9	1893	1893	0.0229769
258	10	286	286	0.000961304
258	11	3794	3794	0.115254
258	12	287	287	0.00411224
258	13	11445	11445	0.0829906
258	14	13	13	0.000204086
258	15	50256	50256	3.8147e-06
259	5	422	422	0.00721169
259	6	543	543	0.111048
259	7	749	749	0.122059
259	8	1660	1660	0.0835142
259	9	290	290	0.0133972
259	10	7545	7545	0.117503
259	11	1540	1540	0.0504456
259	12	2340	2340	0.0323982
259	13	423	423	0.0353336
259	14	587	587	0.146239
259	15	4615	4615	0.0570707
259	16	13	13	0.00184441
259	17	50256	50256	0.000249863
260	5	422	422	0.00718117
260	6	826	826	0.04529
260	7	284	284	0.00487518
260	8	1364	1364	0.0318117
260	9	13	13	9.53674e-06
260	10	50256	50256	1.33514e-05
261	5	286	286	0.00127983
261	6	867	867	0.0335426
261	7	1402	1402	0.0196819
261	8	12734	12734	0.0347986
261	9	11856	11856	0.0316324
261	10	1978	1978	0.0171671
261	11	13	13	0
261	12	50256	50256	1.90735e-06
262	5	3917	3917	0.00967598
262	6	351	351	0.00426292
262	7	262	262	0.00102615
262	8	4960	4960	0.0568333
262	9	6260	6260	0.0477743
262	10	1001	1001	0.0546322
262	11	72	72	0.0575714
262	12	911	911	0.111663
262	13	261	261	0.050848
262	14	1840	1840	0.100716
262	15	13	13	1.33514e-05
262	16	50256	50256	1.90735e-06
263	5	558	558	0.0447226
263	6	504	504	0.037653
263	7	351	351	0.0144405
263	8	6466	6466	0.109989
263	9	276	276	0.0257015
263	10	21755	21755	0.121731
263	11	290	290	0.00478745
263	12	7097	7097	0.15887
263	13	25612	25612	0.0414248
263	14	13	13	0.000282288
263	15	50256	50256	1.90735e-06
264	5	3356	3356	0.0357199
264	6	1863	1863	0.0543375
264	7	31025	31025	0.135369
264	8	287	287	0.00468254
264	9	3668	3668	0.0145941
264	10	338	338	0.00286293
264	11	20048	20048	0.152164
264	12	13	13	1.90735e-05
264	13	50256	50256	1.90735e-06
265	5	318	318	0.0140991
265	6	29679	29679	0.0848398
265	7	11	11	0.00231743
265	8	543	543	0.0723162
265	9	14582	14582	0.176266
265	10	1973	1973	0.0146551
265	11	1811	1811	0.106179
265	12	14807	14807	0.036005
265	13	13	13	7.43866e-05
265	14	50256	50256	0.000221252
266	5	33274	33274	0.0589666
266	6	468	468	0.0316677
266	7	27913	27913	0.061224
266	8	1744	1744	0.0682487
266	9	3815	3815	0.0240889
266	10	329	329	0.0154743
266	11	1123	1123	0.0247831
266	12	16839	16839	0.0855675
266	13	13	13	1.71661e-05
266	14	50256	50256	5.72205e-06
267	5	1022	1022	0.0170059
267	6	262	262	0.00615501
267	7	2910	2910	0.0828772
267	8	290	290	0.00371742
267	9	7346	7346	0.0698805
267	10	21379	21379	0.0451536
267	11	13	13	0.000310898
267	12	50256	50256	2.09808e-05
268	5	13042	13042	0.0534267
268	6	16524	16524	0.0566912
268	7	287	287	0.0117607
268	8	8150	8150	0.115704
268	9	82	82	0.0325823
268	10	13	13	0.000101089
268	11	50256	50256	3.8147e-06
269	5	8701	8701	0.121485
269	6	1641	1641	0.0260849
269	7	3805	3805	0.0249615
269	8	663	663	0.00433731
269	9	4898	4898	0.130551
269	10	88	88	0.0459661
269	11	21552	21552	0.091568
269	12	13	13	0.00269318
269	13	50256	50256	3.8147e-06
270	5	10451	10451	0.357828
270	6	552	552	0.0541782
270	7	1769	1769	0.0711765
270	8	257	257	0.00749207
270	9	1988	1988	0.0947914
270	10	422	422	0.0173798
270	11	584	584	0.133852
270	12	3815	3815	0.0794916
270	13	393	393	0.0741167
270	14	14700	14700	0.101548
270	15	13	13	7.62939e-06
270	16	50256	50256	3.43323e-05
271	5	618	618	0.0470104
271	6	340	340	0.0391655
271	7	468	468	0.111627
271	8	257	257	0.00727844
271	9	7515	7515	0.530748
271	10	1863	1863	0.0824013
271	11	281	281	0.0428038
271	12	2134	2134	0.074563
271	13	338	338	0.0331249
271	14	29358	29358	0.145099
271	15	13	13	4.00543e-05
271	16	50256	50256	1.90735e-05
272	5	663	663	0.00137138
272	6	22421	22421	0.060545
272	7	981	981	0.0197926
272	8	23934	23934	0.0536232
272	9	262	262	0.000679016
272	10	20016	20016	0.209875
272	11	1022	1022	0.0150232
272	12	606	606	0.04177
272	13	13	13	5.72205e-06
272	14	50256	50256	2.28882e-05
273	5	5667	5667	0.0505257
273	6	8811	8811	0.0719976
273	7	3417	3417	0.214008
273	8	355	355	0.0123615
273	9	25209	25209	0.0612192
273	10	13	13	0.000209808
273	11	50256	50256	1.52588e-05
274	5	3601	3601	0.0954914
274	6	540	540	0.0529442
274	7	7128	7128	0.0489597
274	8	5241	5241	0.0437689
274	9	416	416	0.00288773
274	10	7720	7720	0.118651
274	11	656	656	0.00977898
274	12	257	257	0.00919342
274	13	4417	4417	0.0467186
274	14	13	13	0
274	15	50256	50256	1.90735e-06
275	5	4909	4909	0.0102119
275	6	27253	27253	0.0672016
275	7	11945	11945	0.0277567
275	8	13	13	1.90735e-06
275	9	50256	50256	6.29425e-05
276	5	530	530	0.053854
276	6	6588	6588	0.0727854
276	7	22037	22037	0.178649
276	8	290	290	0.0124111
276	9	734	734	0.0961494
276	10	11863	11863	0.0664244
276	11	23235	23235	0.0376558
276	12	13	13	1.90735e-06
276	13	50256	50256	5.72205e-06
277	5	48159	48159	0.020649
277	6	2094	2094	0.0238066
277	7	2264	2264	0.0102644
277	8	844	844	0.0124912
277	9	1258	1258	0.00937557
277	10	319	319	0.00668526
277	11	465	465	0.0286865
277	12	17545	17545	0.0464869
277	13	13	13	4.76837e-05
277	14	50256	50256	3.8147e-06
278	5	1657	1657	0.0228481
278	6	284	284	0.00224113
278	7	3151	3151	0.146577
278	8	262	262	0.0025177
278	9	2939	2939	0.109705
278	10	12694	12694	0.0556955
278	11	329	329	0.00993538
278	12	517	517	0.0594759
278	13	640	640	0.058341
278	14	13	13	0.000101089
278	15	50256	50256	1.90735e-06
279	5	47969	47969	0.200763
279	6	11	11	0.00338745
279	7	730	730	0.45144
279	8	335	335	0.088624
279	9	82	82	0.0200462
279	10	1845	1845	0.0548992
279	11	11	11	0.00645065
279	12	290	290	0.0288258
279	13	285	285	0.138965
279	14	3970	3970	0.0883923
279	15	21622	21622	0.0343952
279	16	13	13	3.8147e-05
279	17	50256	50256	4.57764e-05
280	5	422	422	0.00270844
280	6	11527	11527	0.0512295
280	7	45926	45926	0.0770531
280	8	11	11	0.00836372
280	9	981	981	0.0601072
280	10	29049	29049	0.179884
280	11	363	363	0.0662823
280	12	76	76	0.12993
280	13	2737	2737	0.197622
280	14	1663	1663	0.0312662
280	15	18644	18644	0.0669689
280	16	422	422	0.00959015
280	17	11527	11527	0.0555172
280	18	18570	18570	0.0483475
280	19	13	13	4.00543e-05
280	20	50256	50256	3.8147e-06
281	5	16697	16697	0.136308
281	6	262	262	0.00331497
281	7	1767	1767	0.0906773
281	8	338	338	0.0246935
281	9	1660	1660	0.0900936
281	10	290	290	0.00403595
281	11	8268	8268	0.129323
281	12	5236	5236	0.0239878
281	13	13	13	5.72205e-06
281	14	50256	50256	5.72205e-06
282	5	1936	1936	0.0812521
282	6	16021	16021	0.0503521
282	7	3951	3951	0.0923738
282	8	13	13	0.000577927
282	9	50256	50256	2.28882e-05
283	5	1573	1573	0.165948
283	6	351	351	0.0421581
283	7	257	257	0.00515366
283	8	3616	3616	0.513643
283	9	2092	2092	0.118123
283	10	284	284	0.0201197
283	11	326	326	0.169394
283	12	286	286	0.053751
283	13	1194	1194	0.107563
283	14	1573	1573	0.116602
283	15	13	13	3.8147e-06
283	16	50256	50256	7.62939e-06
284	5	11	11	0.0161219
284	6	262	262	0.0125122
284	7	11087	11087	0.784861
284	8	18333	18333	0.0506706
284	9	286	286	0.0137424
284	10	257	257	0.0021553
284	11	22950	22950	0.445951
284	12	751	751	0.0795918
284	13	284	284	0.00301361
284	14	11546	11546	0.0840406
284	15	7370	7370	0.023324
284	16	13	13	0
284	17	50256	50256	7.62939e-06
285	5	262	262	0.00337791
285	6	1767	1767	0.0329208
285	7	416	416	0.0102558
285	8	10427	10427	0.0794611
285	9	319	319	0.00831127
285	10	11945	11945	0.0455523
285	11	13	13	2.47955e-05
285	12	50256	50256	7.62939e-06
286	5	1487	1487	0.149413
286	6	262	262	0.0256939
286	7	4571	4571	0.103655
286	8	287	287	0.013319
286	9	543	543	0.101941
286	10	257	257	0.016716
286	11	17182	17182	0.195901
286	12	8991	8991	0.0601358
286	13	2700	2700	0.0424976
286	14	13	13	1.90735e-06
286	15	50256	50256	0
287	5	422	422	0.0134611
287	6	262	262	0.000646591
287	7	9151	9151	0.137596
287	8	981	981	0.0687284
287	9	4305	4305	0.152808
287	10	749	749	0.0652342
287	11	26306	26306	0.0639019
287	12	37056	37056	0.0450544
287	13	2157	2157	0.0340118
287	14	13	13	2.86102e-05
287	15	50256	50256	1.52588e-05
288	5	9149	9149	0.0337105
288	6	326	326	0.00853157
288	7	24624	24624	0.118344
288	8	9240	9240	0.0456333
288	9	393	393	0.0062952
288	10	3520	3520	0.272976
288	11	287	287	0.0110073
288	12	511	511	0.0163355
288	13	2656	2656	0.0467348
288	14	1502	1502	0.054493
288	15	13	13	0.00100327
288	16	50256	50256	5.72205e-06
289	5	262	262	0.0239983
289	6	2166	2166	0.144335
289	7	286	286	0.00488091
289	8	262	262	0.0263977
289	9	5422	5422	0.140208
289	10	1037	1037	0.0747604
289	11	2005	2005	0.133319
289	12	2057	2057	0.0410709
289	13	13	13	4.3869e-05
289	14	50256	50256	1.14441e-05
290	5	14705	14705	0.105002
290	6	287	287	0.0050087
290	7	674	674	0.057682
290	8	6591	6591	0.014658
290	9	1080	1080	0.0135374
290	10	318	318	0.0208817
290	11	12548	12548	0.606695
290	12	19606	19606	0.0958014
290	13	13	13	1.33514e-05
290	14	50256	50256	3.8147e-06
291	5	5207	5207	0.0134506
291	6	286	286	0.00559425
291	7	4898	4898	0.0493822
291	8	1262	1262	0.0230598
291	9	987	987	0.0249987
291	10	48331	48331	0.0264511
291	11	30514	30514	0.087491
291	12	290	290	0.00271225
291	13	20567	20567	0.0695095
291	14	13	13	5.72205e-06
291	15	50256	50256	1.90735e-06
292	5	2656	2656	0.054348
292	6	2060	2060	0.0691166
292	7	12	12	0.017622
292	8	26327	26327	0.268867
292	9	3815	3815	0.0291071
292	10	618	618	0.0229855
292	11	30240	30240	0.0684729
292	12	287	287	0.00373077
292	13	41002	41002	0.0570335
292	14	12	12	0.00815105
292	15	23	23	0.307729
292	16	13	13	3.8147e-06
292	17	50256	50256	3.62396e-05
293	5	12737	12737	0.0621023
293	6	287	287	0.0125237
293	7	2877	2877	0.0646362
293	8	20296	20296	0.0819101
293	9	1231	1231	0.0436964
293	10	852	852	0.0595531
293	11	13529	13529	0.0481825
293	12	416	416	0.0122919
293	13	883	883	0.157707
293	14	12737	12737	0.031148
293	15	13	13	0.000236511
293	16	50256	50256	3.62396e-05
294	5	460	460	0.0253391
294	6	3067	3067	0.0600624
294	7	832	832	0.0129004
294	8	1111	1111	0.0424232
294	9	1540	1540	0.057538
294	10	2340	2340	0.0293484
294	11	290	290	0.00659943
294	12	38236	38236	0.0637312
294	13	13	13	0
294	14	50256	50256	5.72205e-06
295	5	13991	13991	0.106056
295	6	287	287	0.0083065
295	7	3833	3833	0.0514765
295	8	13	13	0
295	9	50256	50256	2.28882e-05
296	5	24742	24742	0.272639
296	6	12	12	0.020277
296	7	14337	14337	0.417393
296	8	24438	24438	0.0683031
296	9	14921	14921	0.0360861
296	10	287	287	0.00556374
296	11	3624	3624	0.0560789
296	12	15274	15274	0.320007
296	13	290	290	0.00760269
296	14	3624	3624	0.0785151
296	15	15180	15180	0.166457
296	16	13	13	1.90735e-06
296	17	50256	50256	1.33514e-05
297	5	7042	7042	0.0375452
297	6	416	416	0.00940895
297	7	8902	8902	0.0543642
297	8	15134	15134	0.0487738
297	9	28856	28856	0.0231361
297	10	13	13	7.62939e-06
297	11	50256	50256	9.53674e-06
298	5	1402	1402	0.0418568
298	6	11	11	0.0259295
298	7	9403	9403	0.0578394
298	8	12	12	0.0294151
298	9	38301	38301	0.295674
298	10	37215	37215	0.0329638
298	11	431	431	0.0361996
298	12	5289	5289	0.0502014
298	13	13	13	5.72205e-06
298	14	50256	50256	0
299	5	338	338	0.0229731
299	6	2494	2494	0.384014
299	7	1231	1231	0.0370617
299	8	852	852	0.0903549
299	9	13529	13529	0.054409
299	10	4045	4045	0.0446482
299	11	287	287	0.00315857
299	12	326	326	0.0987921
299	13	6317	6317	0.0640774
299	14	13	13	3.8147e-06
299	15	50256	50256	1.90735e-06
300	5	1474	1474	0.0294838
300	6	262	262	0.00121498
300	7	47441	47441	0.111
300	8	9700	9700	0.0412855
300	9	5866	5866	0.0780888
300	10	13	13	3.24249e-05
300	11	50256	50256	3.24249e-05
301	5	257	257	0.0183353
301	6	3463	3463	0.0447102
301	7	286	286	0.0031929
301	8	11711	11711	0.0872593
301	9	4961	4961	0.0501184
301	10	284	284	0.0112839
301	11	663	663	0.0406818
301	12	898	898	0.0904284
301	13	3463	3463	0.0268841
301	14	13	13	1.90735e-06
301	15	50256	50256	3.8147e-06
302	5	11	11	0.00100517
302	6	2138	2138	0.0228977
302	7	621	621	0.00319672
302	8	6586	6586	0.0678673
302	9	393	393	0.00474453
302	10	10930	10930	0.0980177
302	11	13	13	0.000160217
302	12	50256	50256	0.000112534
303	5	373	373	0.0283375
303	6	15283	15283	0.0923738
303	7	287	287	0.0104294
303	8	4492	4492	0.108582
303	9	287	287	0.00947189
303	10	1105	1105	0.149243
303	11	1314	1314	0.0312786
303	12	13	13	0.000673294
303	13	50256	50256	1.90735e-06
304	5	78	78	0.0120096
304	6	1990	1990	0.0771542
304	7	15688	15688	0.0573606
304	8	338	338	0.0103283
304	9	10003	10003	0.171332
304	10	290	290	0.0029068
304	11	14944	14944	0.164458
304	12	17862	17862	0.0363636
304	13	10399	10399	0.0572186
304	14	319	319	0.00680065
304	15	6882	6882	0.0927439
304	16	295	295	0.0595655
304	17	371	371	0.103023
304	18	2093	2093	0.0582838
304	19	10875	10875	0.0640564
304	20	1134	1134	0.0975571
304	21	709	709	0.0551138
304	22	13	13	0.00157547
304	23	50256	50256	2.86102e-05
305	5	385	385	0.016077
305	6	6486	6486	0.0730648
305	7	287	287	0.00736046
305	8	644	644	0.10675
305	9	318	318	0.00928116
305	10	783	783	0.179989
305	11	7137	7137	0.0289316
305	12	13	13	1.90735e-06
305	13	50256	50256	5.72205e-06
306	5	286	286	0.00222969
306	6	262	262	0.00622177
306	7	1578	1578	0.0547209
306	8	7526	7526	0.0338602
306	9	13	13	0.000534058
306	10	50256	50256	8.7738e-05
307	5	29867	29867	0.0902166
307	6	17556	17556	0.0697031
307	7	13	13	0
307	8	50256	50256	9.53674e-06
308	5	25041	25041	0.0402231
308	6	30468	30468	0.0478039
308	7	326	326	0.0100803
308	8	645	645	0.0347471
308	9	2392	2392	0.070447
308	10	8080	8080	0.062089
308	11	8850	8850	0.0499716
308	12	4755	4755	0.105918
308	13	21748	21748	0.102893
308	14	13	13	0.00218582
308	15	50256	50256	1.90735e-06
309	5	3562	3562	0.0554266
309	6	416	416	0.00267982
309	7	20849	20849	0.186199
309	8	7068	7068	0.0463448
309	9	449	449	0.0513906
309	10	1211	1211	0.0631342
309	11	7273	7273	0.0311298
309	12	26361	26361	0.0269766
309	13	13	13	1.52588e-05
309	14	50256	50256	5.72205e-06
310	5	2788	2788	0.0642138
310	6	4331	4331	0.0928726
310	7	326	326	0.00723362
310	8	4100	4100	0.0889616
310	9	65	65	0.104336
310	10	2788	2788	0.0759516
310	11	481	481	0.0939274
310	12	1716	1716	0.0530796
310	13	5822	5822	0.0893431
310	14	13	13	0.000202179
310	15	50256	50256	3.8147e-06
311	5	5865	5865	0.0269365
311	6	15417	15417	0.0360498
311	7	389	389	0.00876236
311	8	7310	7310	0.0354958
311	9	8950	8950	0.0358
311	10	13	13	1.90735e-06
311	11	50256	50256	0.000164032
312	5	28028	28028	0.0231791
312	6	1141	1141	0.00975609
312	7	262	262	0.000402451
312	8	1218	1218	0.0362215
312	9	39210	39210	0.0412302
312	10	37078	37078	0.0127411
312	11	13	13	0.000354767
312	12	50256	50256	1.90735e-06
313	5	2685	2685	0.020112
313	6	26161	26161	0.0586224
313	7	1657	1657	0.0294437
313	8	656	656	0.00504494
313	9	12278	12278	0.0235519
313	10	2568	2568	0.0318909
313	11	13	13	1.90735e-06
313	12	50256	50256	7.62939e-06
314	5	355	355	0.0256062
314	6	2153	2153	0.0562
314	7	2611	2611	0.050436
314	8	3608	3608	0.0606432
314	9	82	82	0.0274124
314	10	379	379	0.0164003
314	11	3095	3095	0.0913887
314	12	12	12	0.0101233
314	13	78	78	0.0711203
314	14	5829	5829	0.0792856
314	15	5755	5755	0.0348797
314	16	3212	3212	0.0291834
314	17	13	13	0.000774384
314	18	50256	50256	1.33514e-05
315	5	407	407	0.0292778
315	6	3706	3706	0.0689325
315	7	12622	12622	0.0364218
315	8	45738	45738	0.0149488
315	9	13	13	8.7738e-05
315	10	50256	50256	4.95911e-05
316	5	262	262	0.0255222
316	6	21231	21231	0.840122
316	7	8769	8769	0.0701971
316	8	78	78	0.0280752
316	9	43397	43397	0.0966082
316	10	257	257	0.0105677
316	11	5766	5766	0.268808
316	12	286	286	0.00186729
316	13	530	530	0.0296612
316	14	7319	7319	0.0558128
316	15	13	13	0.00100517
316	16	50256	50256	5.53131e-05
317	5	29260	29260	0.0664291
317	6	692	692	0.0597258
317	7	295	295	0.0701923
317	8	4193	4193	0.106543
317	9	42790	42790	0.0718355
317	10	14075	14075	0.0511494
317	11	13550	13550	0.0289059
317	12	34619	34619	0.0173569
317	13	746	746	0.050045
317	14	82	82	0.0563297
317	15	287	287	0.00769043
317	16	262	262	0.00290298
317	17	29666	29666	0.141876
317	18	4289	4289	0.0231199
317	19	13	13	0.000930786
317	20	50256	50256	3.8147e-06
318	5	925	925	0.0325251
318	6	422	422	0.0172482
318	7	373	373	0.0853395
318	8	17914	17914	0.146436
318	9	2058	2058	0.0571823
318	10	8384	8384	0.0337152
318	11	422	422	0.022522
318	12	663	663	0.018198
318	13	1036	1036	0.113349
318	14	515	515	0.0275469
318	15	10717	10717	0.0376329
318	16	13	13	5.72205e-06
318	17	50256	50256	1.90735e-06
319	5	422	422	0.00579262
319	6	262	262	0.000947952
319	7	16577	16577	0.116654
319	8	9529	9529	0.0546331
319	9	528	528	0.0391016
319	10	2586	2586	0.109036
319	11	286	286	0.00392723
319	12	262	262	0.010603
319	13	7858	7858	0.1456
319	14	946	946	0.0707054
319	15	4618	4618	0.0307178
319	16	13	13	6.29425e-05
319	17	50256	50256	2.09808e-05
320	5	286	286	0.00194168
320	6	262	262	0.00327492
320	7	12108	12108	0.0276728
320	8	286	286	0.00104713
320	9	5828	5828	0.0508318
320	10	13	13	0.000570297
320	11	50256	50256	7.62939e-06
321	5	37185	37185	0.107745
321	6	7268	7268	0.0448046
321	7	262	262	0.00603294
321	8	11904	11904	0.0613937
321	9	973	973	0.0275021
321	10	284	284	0.00788498
321	11	787	787	0.0373526
321	12	11311	11311	0.0494204
321	13	13	13	0.000259399
321	14	50256	50256	3.8147e-06
322	5	29909	29909	0.0852346
322	6	3348	3348	0.0252609
322	7	656	656	0.0117502
322	8	15268	15268	0.0738468
322	9	13	13	0.00021553
322	10	50256	50256	2.09808e-05
323	5	734	734	0.034502
323	6	5621	5621	0.0787354
323	7	286	286	0.00181961
323	8	14390	14390	0.248674
323	9	11	11	0.00183105
323	10	8811	8811	0.0993996
323	11	1444	1444	0.021944
323	12	25825	25825	0.129382
323	13	290	290	0.0089922
323	14	356	356	0.737531
323	15	701	701	0.0392618
323	16	13	13	5.72205e-06
323	17	50256	50256	3.8147e-06
324	5	257	257	0.00136185
324	6	1573	1573	0.13053
324	7	338	338	0.0414276
324	8	2779	2779	0.163721
324	9	11	11	0.0290661
324	10	9472	9472	0.106689
324	11	257	257	0.0185661
324	12	35488	35488	0.359778
324	13	318	318	0.00725079
324	14	7223	7223	0.767881
324	15	706	706	0.0315704
324	16	340	340	0.0396452
324	17	13	13	3.05176e-05
324	18	50256	50256	1.52588e-05
325	5	3912	3912	0.11793
325	6	1900	1900	0.0185766
325	7	355	355	0.00718689
325	8	26153	26153	0.0731382
325	9	338	338	0.00676155
325	10	16734	16734	0.0769138
325	11	13	13	3.8147e-06
325	12	50256	50256	7.62939e-06
326	5	318	318	0.0118895
326	6	25086	25086	0.27545
326	7	13	13	2.28882e-05
326	8	50256	50256	4.57764e-05
327	5	976	976	0.0559082
327	6	1986	1986	0.279267
327	7	3812	3812	0.0318089
327	8	3668	3668	0.0380335
327	9	780	780	0.067646
327	10	663	663	0.035512
327	11	13179	13179	0.168281
327	12	290	290	0.00688553
327	13	13066	13066	0.13078
327	14	389	389	0.048418
327	15	47192	47192	0.0518703
327	16	13	13	0
327	17	50256	50256	7.62939e-06
328	5	20199	20199	0.132553
328	6	1779	1779	0.0398798
328	7	4541	4541	0.0760469
328	8	4291	4291	0.0259495
328	9	257	257	0.00570679
328	10	4417	4417	0.0697641
328	11	32162	32162	0.121116
328	12	2174	2174	0.0362015
328	13	262	262	0.000600815
328	14	1633	1633	0.108222
328	15	338	338	0.0245228
328	16	390	390	0.406138
328	17	86	86	0.0571022
328	18	966	966	0.035943
328	19	13	13	0.000102997
328	20	50256	50256	3.8147e-06
329	5	262	262	0.0076685
329	6	2612	2612	0.131866
329	7	11	11	0.00588226
329	8	2138	2138	0.0170908
329	9	621	621	0.00613403
329	10	6872	6872	0.126682
329	11	340	340	0.0134773
329	12	1497	1497	0.0536194
329	13	13	13	0.00474548
329	14	50256	50256	5.53131e-05
330	5	1688	1688	0.190244
330	6	26041	26041	0.115035
330	7	1748	1748	0.0566139
330	8	287	287	0.00541306
330	9	1944	1944	0.0851154
330	10	12	12	0.00805855
330	11	820	820	0.0672913
330	12	32183	32183	0.201654
330	13	13	13	1.90735e-06
330	14	50256	50256	7.62939e-06
331	5	2347	2347	0.188469
331	6	318	318	0.0118637
331	7	17298	17298	0.15782
331	8	287	287	0.0113859
331	9	663	663	0.0167065
331	10	29984	29984	0.184355
331	11	13	13	1.90735e-06
331	12	50256	50256	9.53674e-06
332	5	257	257	0.00329018
332	6	46103	46103	0.109883
332	7	326	326	0.0145702
332	8	8186	8186	0.0871172
332	9	728	728	0.0525808
332	10	416	416	0.0100155
332	11	16299	16299	0.155134
332	12	9653	9653	0.0460806
332	13	13	13	0.000774384
332	14	50256	50256	1.90735e-06
333	5	33828	33828	0.0526752
333	6	2630	2630	0.0210409
333	7	262	262	0.0026226
333	8	4960	4960	0.0585518
333	9	670	670	0.0636358
333	10	383	383	0.0304556
333	11	17388	17388	0.140142
333	12	286	286	0.00262642
333	13	5215	5215	0.190382
333	14	7285	7285	0.0303993
333	15	13	13	0.000274658
333	16	50256	50256	5.72205e-06
334	5	656	656	0.0059433
334	6	262	262	0.0013237
334	7	12108	12108	0.0293951
334	8	286	286	0.00463104
334	9	5828	5828	0.0395489
334	10	13	13	0.000637054
334	11	50256	50256	3.8147e-06
335	5	1146	1146	0.0543528
335	6	14523	14523	0.276893
335	7	12076	12076	0.384072
335	8	4755	4755	0.105567
335	9	5419	5419	0.0285826
335	10	7716	7716	0.141873
335	11	663	663	0.0142527
335	12	14091	14091	0.0742016
335	13	2214	2214	0.0403557
335	14	13	13	0.00266838
335	15	50256	50256	5.72205e-06
336	5	416	416	0.00438309
336	6	281	281	0.0137701
336	7	12064	12064	0.0805731
336	8	900	900	0.0268173
336	9	13	13	0.00120735
336	10	50256	50256	7.62939e-06
337	5	4387	4387	0.601232
337	6	2877	2877	0.0573177
337	7	5044	5044	0.0856771
337	8	416	416	0.0201712
337	9	2347	2347	0.0731077
337	10	13	13	0.00581551
337	11	50256	50256	1.90735e-06
338	5	318	318	0.00301743
338	6	281	281	0.00930405
338	7	12628	12628	0.0817108
338	8	1286	1286	0.0548935
338	9	35162	35162	0.0528612
338	10	19955	19955	0.0447741
338	11	17116	17116	0.0226707
338	12	13	13	1.90735e-06
338	13	50256	50256	1.90735e-06
339	5	1255	1255	0.0643921
339	6	422	422	0.00959206
339	7	4802	4802	0.115101
339	8	29358	29358	0.0406246
339	9	286	286	0.00173569
339	10	32085	32085	0.0850887
339	11	729	729	0.0379305
339	12	416	416	0.0171766
339	13	739	739	0.0800896
339	14	8583	8583	0.115393
339	15	29781	29781	0.0464506
339	16	13	13	0.000406265
339	17	50256	50256	5.72205e-06
340	5	4417	4417	0.0467844
340	6	11	11	0.0144825
340	7	340	340	0.047061
340	8	318	318	0.00984955
340	9	1444	1444	0.0547533
340	10	28856	28856	0.0409298
340	11	13	13	0.000465393
340	12	50256	50256	7.43866e-05
341	5	31094	31094	0.040617
341	6	9813	9813	0.0876493
341	7	3067	3067	0.0843287
341	8	379	379	0.0178862
341	9	262	262	0.00975609
341	10	976	976	0.0540638
341	11	2866	2866	0.194923
341	12	13	13	0.00327301
341	13	50256	50256	2.28882e-05
342	5	338	338	0.00389671
342	6	3139	3139	0.0192051
342	7	11	11	0.00879192
342	8	319	319	0.00408936
342	9	262	262	0.00123215
342	10	2258	2258	0.0624208
342	11	5451	5451	0.0469494
342	12	13	13	0.000923157
342	13	50256	50256	2.67029e-05
343	5	290	290	0.00439262
343	6	262	262	0.00424767
343	7	7431	7431	0.31101
343	8	323	323	0.0600853
343	9	2271	2271	0.0679436
343	10	389	389	0.0433159
343	11	1688	1688	0.0733528
343	12	46178	46178	0.0657091
343	13	2462	2462	0.0436945
343	14	873	873	0.0339308
343	15	13	13	0.000190735
343	16	50256	50256	9.53674e-06
344	5	3303	3303	0.024847
344	6	13	13	0.000490189
344	7	50256	50256	2.09808e-05
345	5	338	338	0.0202188
345	6	1588	1588	0.128356
345	7	14966	14966	0.181401
345	8	389	389	0.00969887
345	9	20633	20633	0.0798082
345	10	416	416	0.0072403
345	11	16021	16021	0.127174
345	12	300	300	0.0633135
345	13	600	600	0.0802202
345	14	1424	1424	0.0651083
345	15	13	13	1.90735e-05
345	16	50256	50256	5.72205e-06
346	5	262	262	0.015811
346	6	717	717	0.068202
346	7	1893	1893	0.0429211
346	8	286	286	0.00157166
346	9	16256	16256	0.167079
346	10	706	706	0.0515585
346	11	663	663	0.0549536
346	12	39862	39862	0.288595
346	13	286	286	0.00686646
346	14	10404	10404	0.137744
346	15	13	13	3.8147e-06
346	16	50256	50256	9.53674e-06
347	5	1022	1022	0.0187674
347	6	5387	5387	0.0711403
347	7	21379	21379	0.0566864
347	8	290	290	0.00495338
347	9	262	262	0.000434875
347	10	7097	7097	0.159157
347	11	2858	2858	0.0522051
347	12	13	13	3.05176e-05
347	13	50256	50256	7.62939e-06
348	5	17598	17598	0.0787907
348	6	318	318	0.00713921
348	7	262	262	0.00120544
348	8	4756	4756	0.154854
348	9	832	832	0.01437
348	10	543	543	0.0318947
348	11	4704	4704	0.209766
348	12	8318	8318	0.0644293
348	13	13	13	0.0054245
348	14	50256	50256	9.91821e-05
349	5	257	257	0.0135117
349	6	8122	8122	0.174373
349	7	416	416	0.0524588
349	8	10829	10829	0.251138
349	9	5365	5365	0.0541344
349	10	26758	26758	0.057785
349	11	17745	17745	0.0293703
349	12	13	13	4.19617e-05
349	13	50256	50256	3.8147e-06
350	5	12912	12912	0.140323
350	6	5696	5696	0.0475512
350	7	7668	7668	0.142044
350	8	351	351	0.00963879
350	9	8977	8977	0.121345
350	10	290	290	0.00436592
350	11	26898	26898	0.105801
350	12	13166	13166	0.0296583
350	13	13	13	3.8147e-06
350	14	50256	50256	5.72205e-06
351	5	14281	14281	0.257088
351	6	393	393	0.0140362
351	7	28402	28402	0.103784
351	8	7334	7334	0.0885849
351	9	329	329	0.0165787
351	10	663	663	0.0241575
351	11	7956	7956	0.246404
351	12	5250	5250	0.0378695
351	13	15921	15921	0.0127983
351	14	13	13	1.33514e-05
351	15	50256	50256	1.90735e-06
352	5	11471	11471	0.0435972
352	6	11	11	0.00188828
352	7	41331	41331	0.199913
352	8	286	286	0.0115986
352	9	21558	21558	0.10736
352	10	460	460	0.021327
352	11	307	307	0.0670004
352	12	24167	24167	0.18276
352	13	284	284	0.0122786
352	14	1296	1296	0.0630455
352	15	262	262	0.00682259
352	16	7714	7714	0.0983076
352	17	286	286	0.0106201
352	18	257	257	0.00419998
352	19	8837	8837	0.0925322
352	20	13	13	5.72205e-06
352	21	50256	50256	1.90735e-06
353	5	504	504	0.0361719
353	6	23470	23470	0.0547752
353	7	36364	36364	0.0985889
353	8	1777	1777	0.067565
353	9	2367	2367	0.057251
353	10	656	656	0.011652
353	11	37285	37285	0.106058
353	12	338	338	0.0246239
353	13	6450	6450	0.197277
353	14	6440	6440	0.205618
353	15	41724	41724	0.0503588
353	16	13	13	4.57764e-05
353	17	50256	50256	2.67029e-05
354	5	4577	4577	0.0492344
354	6	284	284	0.00508499
354	7	10716	10716	0.0994987
354	8	416	416	0.0182972
354	9	9194	9194	0.139767
354	10	7842	7842	0.0426846
354	11	1431	1431	0.0281487
354	12	4263	4263	0.0305567
354	13	13	13	0.000528336
354	14	50256	50256	3.8147e-06
355	5	3623	3623	0.0230598
355	6	326	326	0.0380669
355	7	30174	30174	0.123372
355	8	691	691	0.110574
355	9	351	351	0.0210981
355	10	1049	1049	0.0968628
355	11	8722	8722	0.0491657
355	12	739	739	0.0169163
355	13	8850	8850	0.0324049
355	14	3403	3403	0.0696335
355	15	13	13	0.000112534
355	16	50256	50256	2.09808e-05
356	5	318	318	0.00838947
356	6	257	257	0.00716972
356	7	31513	31513	0.0843477
356	8	8598	8598	0.0379934
356	9	287	287	0.00338554
356	10	38131	38131	0.132895
356	11	37270	37270	0.0288324
356	12	13	13	1.14441e-05
356	13	50256	50256	5.72205e-06
357	5	7285	7285	0.0185289
357	6	351	351	0.00859451
357	7	262	262	0.00703526
357	8	289	289	0.248454
357	9	343	343	0.117475
357	10	363	363	0.0622492
357	11	2271	2271	0.0987539
357	12	290	290	0.00359917
357	13	479	479	0.191945
357	14	265	265	0.0484877
357	15	461	461	0.144861
357	16	2271	2271	0.069726
357	17	27226	27226	0.0571861
357	18	397	397	0.0643835
357	19	3166	3166	0.0785799
357	20	13	13	3.8147e-06
357	21	50256	50256	1.90735e-06
358	5	2237	2237	0.0506582
358	6	13042	13042	0.045269
358	7	13	13	0.00118637
358	8	50256	50256	5.72205e-06
359	5	46916	46916	0.0266695
359	6	286	286	0.00335884
359	7	530	530	0.0551977
359	8	8122	8122	0.126768
359	9	34646	34646	0.126943
359	10	287	287	0.00759506
359	11	1194	1194	0.0946302
359	12	2296	2296	0.115809
359	13	2304	2304	0.0470076
359	14	856	856	0.0358973
359	15	8122	8122	0.0287142
359	16	13	13	0.000789642
359	17	50256	50256	9.53674e-06
360	5	890	890	0.218984
360	6	14659	14659	0.0504541
360	7	7042	7042	0.0445566
360	8	422	422	0.014864
360	9	4555	4555	0.0770741
360	10	37880	37880	0.0328388
360	11	2615	2615	0.0407743
360	12	7021	7021	0.0469856
360	13	13	13	0.000558853
360	14	50256	50256	1.90735e-06
361	5	3812	3812	0.0336304
361	6	1657	1657	0.0361567
361	7	832	832	0.0406685
361	8	257	257	0.0283689
361	9	2882	2882	0.124135
361	10	1444	1444	0.0211143
361	11	2825	2825	0.117867
361	12	34248	34248	0.0685883
361	13	1042	1042	0.0392885
361	14	13	13	8.96454e-05
361	15	50256	50256	1.90735e-06
362	5	286	286	0.00159454
362	6	262	262	0.000556946
362	7	13387	13387	0.362213
362	8	286	286	0.00650787
362	9	262	262	0.00573349
362	10	311	311	0.454182
362	11	32248	32248	0.0464134
362	12	32939	32939	0.0384321
362	13	13	13	0.000324249
362	14	50256	50256	3.8147e-06
363	5	9030	9030	0.0265293
363	6	973	973	0.0227385
363	7	28713	28713	0.0441313
363	8	284	284	0.00396919
363	9	2746	2746	0.0964823
363	10	37209	37209	0.0351086
363	11	16006	16006	0.0236101
363	12	13	13	1.90735e-06
363	13	50256	50256	5.72205e-06
364	5	35831	35831	0.0854778
364	6	26664	26664	0.0284119
364	7	4735	4735	0.0277443
364	8	422	422	0.0150738
364	9	257	257	0.00338554
364	10	8122	8122	0.0433664
364	11	13	13	0.000143051
364	12	50256	50256	1.14441e-05
365	5	290	290	0.00686932
365	6	1336	1336	0.346197
365	7	31093	31093	0.0478573
365	8	11	11	0.00632095
365	9	618	618	0.0851192
365	10	6591	6591	0.11572
365	11	290	290	0.028553
365	12	25572	25572	0.186324
365	13	40738	40738	0.109854
365	14	3048	3048	0.0557451
365	15	19594	19594	0.0538692
365	16	1123	1123	0.0127745
365	17	584	584	0.047286
365	18	13	13	1.71661e-05
365	19	50256	50256	1.90735e-06
366	5	4477	4477	0.0738802
366	6	881	881	0.0536098
366	7	286	286	0.000335693
366	8	663	663	0.0065403
366	9	1903	1903	0.171975
366	10	2478	2478	0.0760412
366	11	2641	2641	0.0164709
366	12	663	663	0.00510979
366	13	2802	2802	0.208852
366	14	338	338	0.0130472
366	15	36594	36594	0.10215
366	16	13	13	5.72205e-06
366	17	50256	50256	7.62939e-06
367	5	3734	3734	0.0996809
367	6	32908	32908	0.0588837
367	7	326	326	0.00650501
367	8	3342	3342	0.072938
367	9	2344	2344	0.0412369
367	10	39895	39895	0.0410776
367	11	282	282	0.0723934
367	12	13	13	0.00082016
367	13	50256	50256	1.90735e-06
368	5	422	422	0.00666618
368	6	262	262	0.00953674
368	7	21405	21405	0.069149
368	8	286	286	0.000419617
368	9	269	269	0.0609179
368	10	967	967	0.132445
368	11	26210	26210	0.10629
368	12	7150	7150	0.0461473
368	13	13	13	3.8147e-06
368	14	50256	50256	3.8147e-06
369	5	26948	26948	0.176131
369	6	318	318	0.0103102
369	7	257	257	0.0131435
369	8	9403	9403	0.13199
369	9	13	13	7.43866e-05
369	10	50256	50256	2.28882e-05
370	5	1321	1321	0.0223494
370	6	355	355	0.0155716
370	7	880	880	0.172445
370	8	355	355	0.00418091
370	9	663	663	0.0670128
370	10	21437	21437	0.142034
370	11	13	13	1.90735e-06
370	12	50256	50256	7.62939e-06
371	5	1735	1735	0.113335
371	6	4129	4129	0.0356903
371	7	15082	15082	0.0543585
371	8	444	444	0.0573854
371	9	663	663	0.00375938
371	10	1989	1989	0.119599
371	11	416	416	0.0158176
371	12	1440	1440	0.0866842
371	13	13	13	2.67029e-05
371	14	50256	50256	3.8147e-06
372	5	14807	14807	0.0526056
372	6	1444	1444	0.0248604
372	7	262	262	0.00420761
372	8	2258	2258	0.0913973
372	9	5451	5451	0.0531712
372	10	290	290	0.00906181
372	11	2520	2520	0.0550499
372	12	5451	5451	0.0677338
372	13	13	13	5.72205e-06
372	14	50256	50256	3.24249e-05
373	5	262	262	0.00603294
373	6	4151	4151	0.0987768
373	7	832	832	0.0101032
373	8	262	262	0.00708961
373	9	34047	34047	0.0961285
373	10	13	13	7.62939e-06
373	11	50256	50256	1.14441e-05
374	5	286	286	0.00391579
374	6	262	262	0.00106621
374	7	25730	25730	0.0396242
374	8	17628	17628	0.0209236
374	9	3923	3923	0.0222378
374	10	13	13	7.62939e-05
374	11	50256	50256	1.90735e-06
375	5	4069	4069	0.0233812
375	6	351	351	0.0071249
375	7	281	281	0.00784779
375	8	2938	2938	0.0604982
375	9	1255	1255	0.026228
375	10	13	13	0.00211906
375	11	50256	50256	2.47955e-05
376	5	8830	8830	0.109306
376	6	3340	3340	0.0310659
376	7	290	290	0.00181961
376	8	262	262	0.000711441
376	9	1578	1578	0.0670633
376	10	1829	1829	0.017561
376	11	13	13	2.67029e-05
376	12	50256	50256	5.72205e-06
377	5	17517	17517	0.0161085
377	6	287	287	0.00130844
377	7	15142	15142	0.0955095
377	8	318	318	0.00478935
377	9	7173	7173	0.0915613
377	10	3917	3917	0.0164671
377	11	351	351	0.0103168
377	12	7068	7068	0.0836906
377	13	9261	9261	0.0524349
377	14	72	72	0.0334654
377	15	402	402	0.0651731
377	16	31330	31330	0.0394564
377	17	13	13	9.53674e-06
377	18	50256	50256	0.00018692
378	5	284	284	0.00410461
378	6	663	663	0.00115967
378	7	8373	8373	0.0263214
378	8	13	13	0.000326157
378	9	50256	50256	9.53674e-06
379	5	1748	1748	0.0713949
379	6	351	351	0.0215406
379	7	3881	3881	0.0768681
379	8	12	12	0.0167923
379	9	8968	8968	0.724866
379	10	28814	28814	0.0413847
379	11	287	287	0.00748062
379	12	8078	8078	0.0549517
379	13	13	13	0.000307083
379	14	50256	50256	3.8147e-06
380	5	257	257	0.00571823
380	6	6994	6994	0.506178
380	7	1271	1271	0.0334845
380	8	13	13	0.00425148
380	9	50256	50256	3.8147e-05
381	5	2392	2392	0.125317
381	6	28400	28400	0.100394
381	7	621	621	0.0113945
381	8	4171	4171	0.128941
381	9	7424	7424	0.0799999
381	10	1657	1657	0.0372639
381	11	13	13	4.57764e-05
381	12	50256	50256	1.14441e-05
382	5	21622	21622	0.0297232
382	6	416	416	0.0209255
382	7	511	511	0.0222979
382	8	6625	6625	0.120606
382	9	284	284	0.00764656
382	10	34688	34688	0.068656
382	11	13	13	0.000137329
382	12	50256	50256	1.52588e-05
383	5	12866	12866	0.0440283
383	6	278	278	0.0328588
383	7	20365	20365	0.0602036
383	8	3033	3033	0.0219421
383	9	262	262	0.0025444
383	10	2095	2095	0.103872
383	11	25846	25846	0.0443239
383	12	565	565	0.0495205
383	13	733	733	0.0478907
383	14	13	13	0.0024147
383	15	50256	50256	5.72205e-06
384	5	313	313	0.046979
384	6	48406	48406	0.0687618
384	7	50195	50195	0.0648289
384	8	6296	6296	0.0482044
384	9	24287	24287	0.0356331
384	10	286	286	0.00132179
384	11	3660	3660	0.190607
384	12	5828	5828	0.0762005
384	13	2254	2254	0.0534592
384	14	13	13	1.90735e-06
384	15	50256	50256	1.90735e-06
385	5	2618	2618	1.53394
385	6	1080	1080	0.0476093
385	7	11	11	0.0509357
385	8	257	257	0.0161095
385	9	5421	5421	0.292311
385	10	29973	29973	0.0983572
385	11	13066	13066	0.0858536
385	12	318	318	0.0130043
385	13	281	281	0.0396214
385	14	30004	30004	0.293507
385	15	541	541	0.0829916
385	16	325	325	0.0810747
385	17	13	13	0.00144196
385	18	50256	50256	1.71661e-05
386	5	7729	7729	0.0591669
386	6	422	422	0.00597095
386	7	7446	7446	0.070652
386	8	284	284	0.00904655
386	9	12183	12183	0.244636
386	10	418	418	0.0385847
386	11	2586	2586	0.103539
386	12	13	13	2.47955e-05
386	13	50256	50256	7.62939e-06
387	5	12022	12022	0.0336685
387	6	373	373	0.0135326
387	7	257	257	0.0109615
387	8	1748	1748	0.0944805
387	9	286	286	0.000400543
387	10	262	262	0.0108433
387	11	6156	6156	0.0981178
387	12	1423	1423	0.148435
387	13	385	385	0.0436068
387	14	6916	6916	0.150463
387	15	14355	14355	0.0187473
387	16	13	13	5.72205e-06
387	17	50256	50256	1.52588e-05
388	5	656	656	0.0248327
388	6	257	257	0.0124874
388	7	1296	1296	0.0478649
388	8	5292	5292	0.0759773
388	9	284	284	0.00436211
388	10	21363	21363	0.142263
388	11	663	663	0.0167885
388	12	10154	10154	0.0823431
388	13	13	13	2.67029e-05
388	14	50256	50256	7.62939e-06
389	5	8899	8899	0.0731449
389	6	35076	35076	0.0905294
389	7	18180	18180	0.0664406
389	8	3745	3745	0.0633802
389	9	257	257	0.0123997
389	10	1588	1588	0.120539
389	11	25979	25979	0.0628605
389	12	287	287	0.00297165
389	13	19483	19483	0.163189
389	14	290	290	0.00598621
389	15	3794	3794	0.105139
389	16	13	13	0.00102043
389	17	50256	50256	7.62939e-06
390	5	1296	1296	0.027916
390	6	257	257	0.00201607
390	7	14153	14153	0.214623
390	8	1339	1339	0.0497522
390	9	1088	1088	0.034852
390	10	262	262	0.00508499
390	11	3632	3632	0.523881
390	12	13	13	7.62939e-06
390	13	50256	50256	9.53674e-06
391	5	1262	1262	0.0306911
391	6	12278	12278	0.0549326
391	7	10425	10425	0.107859
391	8	290	290	0.000587463
391	9	5931	5931	0.0514097
391	10	2085	2085	0.111421
391	11	9302	9302	0.0272942
391	12	13	13	1.90735e-06
391	13	50256	50256	5.72205e-06
392	5	286	286	0.00500107
392	6	257	257	0.00568581
392	7	6808	6808	1.70959
392	8	11	11	0.00613594
392	9	257	257	0.0204601
392	10	1688	1688	0.705407
392	11	2368	2368	0.15272
392	12	11	11	0.0115528
392	13	290	290	0.0079937
392	14	257	257	0.0260315
392	15	2818	2818	0.24862
392	16	8150	8150	0.105883
392	17	13	13	7.62939e-06
392	18	50256	50256	2.47955e-05
393	5	734	734	0.0377235
393	6	3891	3891	0.0394039
393	7	329	329	0.00830841
393	8	262	262	0.0112896
393	9	976	976	0.0457458
393	10	33158	33158	0.058032
393	11	13833	13833	0.0447502
393	12	13	13	0.000448227
393	13	50256	50256	5.72205e-06
394	5	3578	3578	0.185679
394	6	38575	38575	0.0424728
394	7	13871	13871	0.0377073
394	8	621	621	0.0134163
394	9	262	262	0.00172615
394	10	1388	1388	0.117099
394	11	5046	5046	0.0917158
394	12	3436	3436	0.0814095
394	13	13	13	1.52588e-05
394	14	50256	50256	9.53674e-06
395	5	44504	44504	0.0727625
395	6	422	422	0.00562477
395	7	12734	12734	0.0512114
395	8	290	290	0.00935936
395	9	10385	10385	0.107842
395	10	340	340	0.0435553
395	11	656	656	0.0194778
395	12	12498	12498	0.146871
395	13	13	13	0
395	14	50256	50256	0.000492096
396	5	832	832	0.00230408
396	6	257	257	0.00819397
396	7	1429	1429	0.0922976
396	8	1444	1444	0.00707054
396	9	285	285	0.103893
396	10	13929	13929	0.038763
396	11	2649	2649	0.0355692
396	12	13	13	0.000553131
396	13	50256	50256	3.8147e-06
397	5	422	422	0.00401878
397	6	262	262	0.00044632
397	7	25572	25572	0.0716972
397	8	4417	4417	0.0139875
397	9	13	13	4.00543e-05
397	10	50256	50256	5.72205e-06
398	5	11	11	0.0206871
398	6	475	475	0.15683
398	7	407	407	0.0282717
398	8	790	790	0.22596
398	9	35991	35991	0.124264
398	10	318	318	0.0157928
398	11	257	257	0.0120583
398	12	6616	6616	0.187914
398	13	13	13	0.00579834
398	14	50256	50256	1.90735e-06
399	5	618	618	0.0178471
399	6	663	663	0.0489969
399	7	13042	13042	0.0670042
399	8	12611	12611	0.0506401
399	9	378	378	0.0494356
399	10	706	706	0.0719213
399	11	852	852	0.093256
399	12	458	458	0.0603704
399	13	17758	17758	0.046711
399	14	13	13	1.90735e-06
399	15	50256	50256	3.8147e-06
400	5	4351	4351	0.251928
400	6	416	416	0.020463
400	7	15637	15637	0.153717
400	8	369	369	0.0569715
400	9	11124	11124	0.0536423
400	10	290	290	0.00590515
400	11	24748	24748	0.172399
400	12	596	596	0.0839739
400	13	1022	1022	0.0226765
400	14	663	663	0.0347662
400	15	7714	7714	0.134373
400	16	13	13	0.00581932
400	17	50256	50256	1.71661e-05
401	5	1458	1458	0.0989151
401	6	1437	1437	0.0408697
401	7	355	355	0.00498962
401	8	340	340	0.0217485
401	9	30174	30174	0.108358
401	10	351	351	0.012557
401	11	15938	15938	0.11254
401	12	287	287	0.00948334
401	13	663	663	0.0190887
401	14	21334	21334	0.0248833
401	15	13	13	3.8147e-06
401	16	50256	50256	1.52588e-05
402	5	373	373	0.0249233
402	6	3170	3170	0.0584059
402	7	329	329	0.0324926
402	8	262	262	0.0045929
402	9	6342	6342	0.102837
402	10	45357	45357	0.0464325
402	11	286	286	0.00167084
402	12	49545	49545	0.128811
402	13	13	13	0.000766754
402	14	50256	50256	1.33514e-05
403	5	15268	15268	0.0861797
403	6	290	290	0.00389099
403	7	13532	13532	0.184046
403	8	2427	2427	0.0402403
403	9	286	286	0.000402451
403	10	691	691	0.184563
403	11	257	257	0.0116262
403	12	5969	5969	1.05762
403	13	10706	10706	0.0607691
403	14	286	286	0.00163269
403	15	17848	17848	0.11496
403	16	13	13	0
403	17	50256	50256	1.52588e-05
404	5	28408	28408	0.0613127
404	6	430	430	0.111759
404	7	704	704	0.0732222
404	8	1313	1313	0.126398
404	9	389	389	0.0132132
404	10	1440	1440	0.0686407
404	11	1602	1602	0.0783224
404	12	14796	14796	0.0753174
404	13	44360	44360	0.0317097
404	14	13	13	0
404	15	50256	50256	1.90735e-06
405	5	18665	18665	0.0581541
405	6	1660	1660	0.0127897
405	7	284	284	0.00207901
405	8	11684	11684	0.120067
405	9	290	290	0.00563717
405	10	4736	4736	0.127008
405	11	13	13	2.09808e-05
405	12	50256	50256	1.33514e-05
406	5	21891	21891	0.0770102
406	6	11	11	0.00568676
406	7	281	281	0.0129662
406	8	6156	6156	0.103374
406	9	19517	19517	0.144415
406	10	1748	1748	0.0813684
406	11	13	13	0.000925064
406	12	50256	50256	7.62939e-06
407	5	43088	43088	0.0453348
407	6	351	351	0.0104618
407	7	471	471	0.0391436
407	8	12	12	0.0173283
407	9	16760	16760	0.0806789
407	10	3272	3272	0.0797634
407	11	9004	9004	0.0162792
407	12	13	13	3.8147e-06
407	13	50256	50256	7.62939e-06
408	5	13108	13108	0.0370483
408	6	10340	10340	0.0147533
408	7	13	13	0.000457764
408	8	50256	50256	5.34058e-05
409	5	4645	4645	0.0456924
409	6	4635	4635	0.0310459
409	7	416	416	0.0199642
409	8	1728	1728	0.0672083
409	9	38467	38467	0.0823755
409	10	13	13	0.000637054
409	11	50256	50256	1.90735e-06
410	5	810	810	0.105717
410	6	27163	27163	0.0769367
410	7	33408	33408	0.0594378
410	8	12188	12188	0.0614557
410	9	510	510	0.0730915
410	10	1474	1474	0.0301476
410	11	257	257	0.0131454
410	12	7850	7850	0.155604
410	13	338	338	0.016468
410	14	5422	5422	0.146664
410	15	13	13	0.00294495
410	16	50256	50256	7.43866e-05
411	5	41578	41578	0.221197
411	6	11	11	0.0130043
411	7	1474	1474	0.0399075
411	8	262	262	0.000375748
411	9	8211	8211	0.153565
411	10	7051	7051	0.0577021
411	11	13	13	1.90735e-05
411	12	50256	50256	2.86102e-05
412	5	9565	9565	0.122361
412	6	24049	24049	0.0956306
412	7	862	862	0.0458097
412	8	11	11	0.00489807
412	9	336	336	0.132135
412	10	15515	15515	0.122796
412	11	11	11	0.00718117
412	12	290	290	0.00418854
412	13	584	584	0.0500584
412	14	16759	16759	0.0770779
412	15	13	13	2.47955e-05
412	16	50256	50256	2.28882e-05
413	5	286	286	0.00321579
413	6	734	734	0.0782795
413	7	6134	6134	0.0408859
413	8	523	523	0.0600243
413	9	326	326	0.0173502
413	10	484	484	0.0691023
413	11	1663	1663	0.0427055
413	12	1978	1978	0.0560808
413	13	13	13	1.90735e-06
413	14	50256	50256	3.8147e-06
414	5	925	925	0.0272322
414	6	416	416	0.00398636
414	7	10708	10708	0.136209
414	8	290	290	0.00407982
414	9	23610	23610	0.139588
414	10	7135	7135	0.0603724
414	11	22670	22670	0.0464106
414	12	286	286	0.0035305
414	13	3348	3348	0.0569925
414	14	13	13	1.90735e-06
414	15	50256	50256	1.90735e-06
415	5	15568	15568	0.11588
415	6	1864	1864	0.0613489
415	7	284	284	0.00408173
415	8	7729	7729	0.102493
415	9	5281	5281	0.0989857
415	10	416	416	0.021925
415	11	31228	31228	0.118591
415	12	25897	25897	0.0304422
415	13	13	13	1.52588e-05
415	14	50256	50256	5.72205e-06
416	5	4909	4909	0.0598469
416	6	749	749	0.146699
416	7	286	286	0.0129185
416	8	22779	22779	0.104705
416	9	8602	8602	0.0782251
416	10	290	290	0.00786591
416	11	19101	19101	0.0714226
416	12	13	13	8.2016e-05
416	13	50256	50256	5.72205e-06
417	5	5478	5478	0.0799179
417	6	338	338	0.0104418
417	7	10596	10596	0.119164
417	8	7051	7051	0.0737123
417	9	11	11	0.00862694
417	10	318	318	0.017539
417	11	262	262	0.00798798
417	12	3139	3139	0.0432129
417	13	286	286	0.0030098
417	14	49657	49657	0.159044
417	15	13	13	0.000102997
417	16	50256	50256	0.000101089
418	5	874	874	0.0514565
418	6	7330	7330	0.0735664
418	7	20901	20901	0.0543156
418	8	422	422	0.0184612
418	9	33773	33773	0.056119
418	10	2877	2877	0.0631523
418	11	1626	1626	0.0613966
418	12	511	511	0.0377607
418	13	21379	21379	0.0505724
418	14	13	13	2.67029e-05
418	15	50256	50256	1.90735e-06
419	5	543	543	0.12993
419	6	2568	2568	0.0966759
419	7	318	318	0.0170584
419	8	11172	11172	0.089365
419	9	393	393	0.0260468
419	10	670	670	0.180244
419	11	318	318	0.0156631
419	12	1760	1760	0.128141
419	13	13	13	7.62939e-06
419	14	50256	50256	1.52588e-05
420	5	6364	6364	0.134531
420	6	3585	3585	0.0792389
420	7	284	284	0.00702477
420	8	530	530	0.0728817
420	9	1194	1194	0.046751
420	10	1973	1973	0.0447311
420	11	3668	3668	0.0699053
420	12	338	338	0.00995064
420	13	4417	4417	0.045989
420	14	13	13	0.00246429
420	15	50256	50256	0.000127792
421	5	19853	19853	0.0220881
421	6	16736	16736	0.0269604
421	7	2029	2029	0.0250387
421	8	262	262	0.00555229
421	9	4417	4417	0.00930119
421	10	286	286	0.000173569
421	11	8706	8706	0.0514927
421	12	13	13	4.76837e-05
421	13	50256	50256	5.72205e-06
422	5	8384	8384	0.00893593
422	6	329	329	0.0037117
422	7	663	663	0.00630951
422	8	35988	35988	0.055027
422	9	5667	5667	0.0250387
422	10	13	13	0.000444412
422	11	50256	50256	4.19617e-05
423	5	929	929	0.0531321
423	6	8231	8231	0.0572281
423	7	11	11	0.00346184
423	8	407	407	0.0393629
423	9	1866	1866	0.157365
423	10	286	286	0.0137653
423	11	262	262	0.000934601
423	12	6842	6842	0.483747
423	13	1641	1641	0.024806
423	14	13	13	7.24792e-05
423	15	50256	50256	3.8147e-06
424	5	416	416	0.0117512
424	6	41878	41878	0.110039
424	7	1402	1402	0.0195599
424	8	5207	5207	0.0379019
424	9	286	286	0.00450134
424	10	2587	2587	0.0286331
424	11	13	13	5.72205e-06
424	12	50256	50256	3.8147e-06
425	5	6588	6588	0.0456619
425	6	23235	23235	0.0271997
425	7	326	326	0.0393095
425	8	460	460	0.0437174
425	9	10649	10649	0.190586
425	10	1613	1613	0.0405006
425	11	530	530	0.0297642
425	12	1194	1194	0.0284023
425	13	13	13	1.90735e-06
425	14	50256	50256	9.72748e-05
426	5	422	422	0.00711441
426	6	14659	14659	0.0717688
426	7	286	286	0.00337791
426	8	23206	23206	0.134131
426	9	17045	17045	0.0231304
426	10	13	13	3.8147e-06
426	11	50256	50256	1.90735e-06
427	5	1111	1111	0.0145779
427	6	5594	5594	0.0375834
427	7	284	284	0.000616074
427	8	262	262	0.00250053
427	9	285	285	0.0274315
427	10	692	692	0.0460796
427	11	17990	17990	0.0619745
427	12	1448	1448	0.026248
427	13	13	13	0.00127983
427	14	50256	50256	1.90735e-06
428	5	286	286	0.000804901
428	6	16639	16639	0.369865
428	7	544	544	0.055007
428	8	11	11	0.0138912
428	9	635	635	0.203256
428	10	1444	1444	0.0121737
428	11	262	262	0.00627327
428	12	16639	16639	0.417844
428	13	2066	2066	0.0737896
428	14	13	13	5.72205e-06
428	15	50256	50256	9.53674e-06
429	5	832	832	0.0116997
429	6	47683	47683	0.350772
429	7	290	290	0.00215149
429	8	8106	8106	0.503345
429	9	503	503	0.0445938
429	10	2057	2057	0.0320568
429	11	13166	13166	0.0346632
429	12	13	13	0.0040493
429	13	50256	50256	3.8147e-06
430	5	16839	16839	0.131642
430	6	338	338	0.00961971
430	7	2292	2292	0.254528
430	8	15947	15947	0.0560198
430	9	663	663	0.00813103
430	10	1295	1295	0.243478
430	11	1988	1988	0.136672
430	12	13	13	0.00396538
430	13	50256	50256	5.72205e-06
431	5	20629	20629	0.0122805
431	6	284	284	0.00231552
431	7	11007	11007	0.117316
431	8	12967	12967	0.0161972
431	9	902	902	0.0193558
431	10	13	13	0.000110626
431	11	50256	50256	1.90735e-06
432	5	262	262	0.00533867
432	6	6869	6869	0.0711327
432	7	8318	8318	0.114978
432	8	832	832	0.0236588
432	9	3668	3668	0.0305605
432	10	338	338	0.0134773
432	11	9082	9082	0.175475
432	12	13	13	0.00513458
432	13	50256	50256	5.72205e-06
433	5	29410	29410	0.199106
433	6	544	544	0.0287619
433	7	290	290	0.00828743
433	8	3354	3354	0.120497
433	9	286	286	0.00111961
433	10	7840	7840	0.151605
433	11	22779	22779	0.110893
433	12	2031	2031	0.05616
433	13	13	13	0.0001297
433	14	50256	50256	3.8147e-06
434	5	290	290	0.0028553
434	6	37919	37919	0.108927
434	7	710	710	0.119319
434	8	16189	16189	0.0580149
434	9	3822	3822	0.0607853
434	10	1656	1656	0.0363646
434	11	287	287	0.00305367
434	12	24956	24956	0.13374
434	13	290	290	0.00452805
434	14	14173	14173	0.121085
434	15	2247	2247	0.0187254
434	16	13	13	0.000219345
434	17	50256	50256	5.72205e-05
435	5	893	893	0.0247221
435	6	325	325	0.0357523
435	7	385	385	0.0487041
435	8	2111	2111	0.0811949
435	9	284	284	0.00416183
435	10	1441	1441	0.101937
435	11	1363	1363	0.0403271
435	12	706	706	0.0188971
435	13	262	262	0.00601768
435	14	44695	44695	0.152791
435	15	1810	1810	0.0283937
435	16	13	13	1.90735e-06
435	17	50256	50256	3.8147e-06
436	5	12277	12277	0.0498209
436	6	12	12	0.00757122
436	7	11545	11545	0.0421839
436	8	10340	10340	0.0261259
436	9	13	13	5.72205e-06
436	10	50256	50256	1.14441e-05
437	5	30176	30176	0.134974
437	6	4778	4778	0.0236406
437	7	1444	1444	0.030261
437	8	32858	32858	0.0424938
437	9	290	290	0.0030632
437	10	47314	47314	0.0568771
437	11	13	13	0.000114441
437	12	50256	50256	1.90735e-06
438	5	15358	15358	0.21368
438	6	1505	1505	0.0936441
438	7	11	11	0.00292969
438	8	543	543	0.0646458
438	9	5419	5419	0.094779
438	10	1296	1296	0.0707693
438	11	257	257	0.020771
438	12	14153	14153	0.183349
438	13	4417	4417	0.0171108
438	14	7679	7679	0.0495405
438	15	13	13	0.00200462
438	16	50256	50256	5.72205e-06
439	5	24240	24240	0.855639
439	6	318	318	0.0148678
439	7	257	257	0.00436592
439	8	8234	8234	0.223417
439	9	772	772	0.0610209
439	10	996	996	0.0456705
439	11	340	340	0.0236254
439	12	318	318	0.00585747
439	13	8811	8811	0.0811529
439	14	973	973	0.0386992
439	15	355	355	0.020998
439	16	257	257	0.0109129
439	17	20236	20236	0.120092
439	18	13	13	2.67029e-05
439	19	50256	50256	7.62939e-06
440	5	286	286	0.00430298
440	6	734	734	0.0326538
440	7	13043	13043	0.0391073
440	8	11	11	0.0106754
440	9	1690	1690	0.0938663
440	10	5399	5399	0.0834951
440	11	1978	1978	0.0387478
440	12	13	13	0.000148773
440	13	50256	50256	1.90735e-06
441	5	42085	42085	0.188621
441	6	2138	2138	0.0142937
441	7	621	621	0.0073452
441	8	2641	2641	0.0363083
441	9	262	262	0.0105247
441	10	3096	3096	0.147145
441	11	338	338	0.0135212
441	12	24438	24438	0.0967798
441	13	13	13	0.00523758
441	14	50256	50256	9.53674e-06
442	5	9530	9530	0.176763
442	6	5866	5866	0.0409069
442	7	11	11	0.0174227
442	8	318	318	0.0313005
442	9	2520	2520	0.118847
442	10	4969	4969	0.0846319
442	11	338	338	0.00563526
442	12	3139	3139	0.0354919
442	13	13	13	0.00060463
442	14	50256	50256	3.05176e-05
443	5	21031	21031	0.0262823
443	6	15974	15974	0.0293665
443	7	351	351	0.00560951
443	8	511	511	0.0126982
443	9	16976	16976	0.0661802
443	10	2166	2166	0.0481567
443	11	7405	7405	0.0438242
443	12	13	13	0.000114441
443	13	50256	50256	1.90735e-06
444	5	422	422	0.00373459
444	6	530	530	0.0346394
444	7	3303	3303	0.0864735
444	8	656	656	0.0144968
444	9	1194	1194	0.0536604
444	10	10552	10552	0.0593348
444	11	13	13	1.90735e-06
444	12	50256	50256	7.62939e-06
445	5	262	262	0.00113678
445	6	717	717	0.114371
445	7	290	290	0.00409317
445	8	2368	2368	0.195223
445	9	13620	13620	0.0418186
445	10	286	286	0.000358582
445	11	262	262	0.00269508
445	12	25572	25572	0.194538
445	13	6772	6772	0.087347
445	14	13	13	2.86102e-05
445	15	50256	50256	1.90735e-06
446	5	9052	9052	0.22198
446	6	460	460	0.0172071
446	7	21155	21155	0.0990105
446	8	257	257	0.00385475
446	9	15004	15004	0.13268
446	10	13	13	1.90735e-06
446	11	50256	50256	9.53674e-06
447	5	286	286	0.000350952
447	6	18064	18064	0.214284
447	7	24969	24969	0.0864887
447	8	803	803	0.0644693
447	9	5186	5186	0.0671387
447	10	290	290	0.00909138
447	11	14091	14091	0.0924978
447	12	7032	7032	0.0739527
447	13	13	13	0
447	14	50256	50256	1.90735e-06
448	5	17456	17456	0.031683
448	6	338	338	0.00713253
448	7	3139	3139	0.0475149
448	8	11	11	0.00281143
448	9	1474	1474	0.0237322
448	10	262	262	0.00184822
448	11	843	843	0.0623064
448	12	274	274	0.0295429
448	13	21124	21124	0.0213127
448	14	13	13	5.72205e-06
448	15	50256	50256	1.33514e-05
449	5	49810	49810	0.0801029
449	6	5788	5788	0.0861635
449	7	3025	3025	0.0508366
449	8	26741	26741	0.0956821
449	9	460	460	0.0173159
449	10	1656	1656	0.103922
449	11	355	355	0.0190325
449	12	7987	7987	0.0735788
449	13	38980	38980	0.0352974
449	14	37783	37783	0.0273008
449	15	13	13	0.000543594
449	16	50256	50256	3.43323e-05
450	5	31685	31685	0.0677271
450	6	82	82	0.0217037
450	7	1588	1588	0.0412512
450	8	12	12	0.0161686
450	9	9888	9888	0.695956
450	10	3867	3867	0.0423193
450	11	1633	1633	0.0550327
450	12	284	284	0.00985909
450	13	262	262	0.00266647
450	14	826	826	0.124878
450	15	287	287	0.0166407
450	16	262	262	0.0051918
450	17	8342	8342	0.337335
450	18	42811	42811	0.0285492
450	19	13	13	0.000192642
450	20	50256	50256	1.52588e-05
451	5	530	530	0.0204496
451	6	3470	3470	0.182504
451	7	7370	7370	0.0480709
451	8	34186	34186	0.0559931
451	9	739	739	0.0133266
451	10	530	530	0.0486612
451	11	8137	8137	0.0914516
451	12	286	286	0.00568771
451	13	3833	3833	0.0830107
451	14	13	13	0.000232697
451	15	50256	50256	3.8147e-06
452	5	262	262	0.00739861
452	6	886	886	0.160254
452	7	286	286	0.0050354
452	8	257	257	0.00266266
452	9	1277	1277	0.207546
452	10	3194	3194	0.0502024
452	11	1808	1808	0.069458
452	12	287	287	0.0187836
452	13	3594	3594	0.0977573
452	14	13	13	1.52588e-05
452	15	50256	50256	1.90735e-06
453	5	17556	17556	0.217896
453	6	287	287	0.0183105
453	7	663	663	0.0281258
453	8	4735	4735	0.124618
453	9	1296	1296	0.026577
453	10	13	13	0.00110054
453	11	50256	50256	3.8147e-06
454	5	402	402	0.0513029
454	6	5350	5350	0.110291
454	7	318	318	0.00427246
454	8	636	636	0.0292158
454	9	286	286	0.00344276
454	10	262	262	0.00926018
454	11	4025	4025	0.101752
454	12	8882	8882	0.148188
454	13	397	397	0.112675
454	14	9869	9869	0.0861454
454	15	1045	1045	0.0773726
454	16	13	13	1.33514e-05
454	17	50256	50256	2.09808e-05
455	5	2033	2033	0.0557394
455	6	286	286	0.00982857
455	7	26306	26306	0.069006
455	8	37056	37056	0.0336838
455	9	287	287	0.00414658
455	10	32085	32085	0.0442266
455	11	729	729	0.0553598
455	12	13	13	2.28882e-05
455	13	50256	50256	5.72205e-06
456	5	712	712	0.056735
456	6	39781	39781	0.0310049
456	7	2630	2630	0.0434036
456	8	262	262	0.00069809
456	9	5337	5337	0.0461178
456	10	2094	2094	0.0269728
456	11	2264	2264	0.0137596
456	12	844	844	0.0142002
456	13	1258	1258	0.00927448
456	14	13	13	0.000347137
456	15	50256	50256	1.90735e-06
457	5	411	411	0.139516
457	6	15695	15695	0.0514193
457	7	78	78	0.0262327
457	8	1724	1724	0.0637236
457	9	284	284	0.00889778
457	10	1716	1716	0.0764217
457	11	11835	11835	0.0682211
457	12	27089	27089	0.0318079
457	13	13	13	0.00108719
457	14	50256	50256	3.8147e-06
458	5	14520	14520	0.0241814
458	6	318	318	0.00235367
458	7	663	663	0.00340843
458	8	25317	25317	0.0866776
458	9	13	13	0.00131989
458	10	50256	50256	8.2016e-05
459	5	1180	1180	0.0429325
459	6	13204	13204	0.0879698
459	7	5107	5107	0.0781002
459	8	286	286	0.00341797
459	9	262	262	0.000707626
459	10	5002	5002	0.082468
459	11	6588	6588	0.0514841
459	12	13	13	0.000125885
459	13	50256	50256	9.53674e-06
460	5	17465	17465	0.0998631
460	6	15225	15225	0.0337324
460	7	857	857	0.025528
460	8	407	407	0.00898075
460	9	6338	6338	0.0878162
460	10	11169	11169	0.0600147
460	11	3703	3703	0.0325031
460	12	326	326	0.00671577
460	13	373	373	0.0521917
460	14	1239	1239	0.046278
460	15	6264	6264	0.0300264
460	16	13	13	1.14441e-05
460	17	50256	50256	1.90735e-06
461	5	525	525	0.0726051
461	6	907	907	0.078826
461	7	11	11	0.0108824
461	8	308	308	0.0723743
461	9	676	676	0.0754175
461	10	2188	2188	0.0498066
461	11	7150	7150	0.0277662
461	12	14999	14999	0.0672455
461	13	511	511	0.026473
461	14	5667	5667	0.0824089
461	15	1123	1123	0.0328188
461	16	23608	23608	0.101541
461	17	13	13	9.53674e-06
461	18	50256	50256	3.43323e-05
462	5	12748	12748	0.187128
462	6	7463	7463	0.0467939
462	7	5563	5563	0.0576372
462	8	423	423	0.0394669
462	9	6702	6702	0.283695
462	10	262	262	0.0100784
462	11	976	976	0.0663309
462	12	20309	20309	0.125592
462	13	618	618	0.0262375
462	14	1633	1633	0.0535431
462	15	6625	6625	0.08638
462	16	318	318	0.00352859
462	17	36480	36480	0.071023
462	18	13	13	3.8147e-06
462	19	50256	50256	5.72205e-06
463	5	511	511	0.00699711
463	6	11904	11904	0.0398512
463	7	287	287	0.0139351
463	8	47314	47314	0.0615664
463	9	2138	2138	0.0126066
463	10	621	621	0.00314713
463	11	15921	15921	0.0503139
463	12	13	13	0.000377655
463	13	50256	50256	5.72205e-06
464	5	530	530	0.0117846
464	6	7319	7319	0.0346174
464	7	10700	10700	0.0866337
464	8	13	13	0.000923157
464	9	50256	50256	1.90735e-05
465	5	3372	3372	0.110346
465	6	14644	14644	0.0608473
465	7	2291	2291	0.0591707
465	8	4263	4263	0.0405722
465	9	286	286	0.00815773
465	10	14260	14260	0.134636
465	11	290	290	0.0121632
465	12	40317	40317	0.0731344
465	13	13	13	0.00127792
465	14	50256	50256	6.86646e-05
466	5	6795	6795	0.0199919
466	6	287	287	0.00569344
466	7	14174	14174	0.0883551
466	8	6650	6650	0.030489
466	9	13	13	2.67029e-05
466	10	50256	50256	1.52588e-05
467	5	13179	13179	0.0971012
467	6	656	656	0.00946045
467	7	6268	6268	0.0494823
467	8	1863	1863	0.0565233
467	9	663	663	0.0211697
467	10	16488	16488	0.101417
467	11	13	13	5.72205e-06
467	12	50256	50256	9.15527e-05
468	5	257	257	0.00135612
468	6	5664	5664	0.0608835
468	7	13	13	3.8147e-06
468	8	50256	50256	2.47955e-05
469	5	2727	2727	0.0535059
469	6	262	262	0.00921249
469	7	19812	19812	0.0850458
469	8	3240	3240	0.023469
469	9	286	286	0.00371552
469	10	4100	4100	0.104834
469	11	22311	22311	0.0434666
469	12	13	13	5.72205e-06
469	13	50256	50256	5.72205e-06
470	5	4486	4486	0.100167
470	6	878	878	0.0177364
470	7	8978	8978	0.0297899
470	8	262	262	0.00221634
470	9	2258	2258	0.0917349
470	10	6896	6896	0.0498123
470	11	13	13	7.62939e-06
470	12	50256	50256	2.67029e-05
471	5	286	286	0.000530243
471	6	7446	7446	0.111859
471	7	3917	3917	0.0603695
471	8	351	351	0.00425911
471	9	15568	15568	0.0973301
471	10	287	287	0.0141039
471	11	304	304	0.0623999
471	12	2724	2724	0.0436983
471	13	560	560	0.03971
471	14	6210	6210	0.0826607
471	15	4778	4778	0.0328045
471	16	13	13	1.90735e-06
471	17	50256	50256	3.8147e-06
472	5	16839	16839	0.062952
472	6	326	326	0.0206985
472	7	460	460	0.0229788
472	8	1011	1011	0.11593
472	9	530	530	0.0134954
472	10	286	286	0.0176926
472	11	734	734	0.035203
472	12	3815	3815	0.0741472
472	13	13	13	0.00538254
472	14	50256	50256	7.62939e-06
473	5	656	656	0.00475502
473	6	734	734	0.0259514
473	7	4778	4778	0.0224485
473	8	13	13	0.000677109
473	9	50256	50256	5.72205e-06
474	5	17065	17065	0.0525475
474	6	355	355	0.0141706
474	7	13701	13701	0.206992
474	8	389	389	0.013732
474	9	7525	7525	0.0701094
474	10	12835	12835	0.0632257
474	11	336	336	0.0770197
474	12	23833	23833	0.169294
474	13	13	13	3.8147e-06
474	14	50256	50256	1.90735e-06
475	5	284	284	0.00251007
475	6	262	262	0.000793457
475	7	4571	4571	0.0537176
475	8	286	286	0.0049572
475	9	3668	3668	0.0201616
475	10	338	338	0.00897598
475	11	5093	5093	0.0756989
475	12	5724	5724	0.38603
475	13	864	864	0.0468845
475	14	16488	16488	0.0481806
475	15	13	13	2.09808e-05
475	16	50256	50256	1.90735e-06
476	5	10183	10183	0.0570869
476	6	2258	2258	0.0374937
476	7	2253	2253	0.0414677
476	8	13	13	1.90735e-06
476	9	50256	50256	7.82013e-05
477	5	402	402	0.0738955
477	6	23638	23638	0.118529
477	7	21001	21001	0.089941
477	8	257	257	0.0152111
477	9	1692	1692	0.16344
477	10	1182	1182	0.0739574
477	11	351	351	0.0233107
477	12	257	257	0.0125923
477	13	18744	18744	0.370953
477	14	338	338	0.0206976
477	15	1767	1767	0.093173
477	16	13	13	4.3869e-05
477	17	50256	50256	6.86646e-05
478	5	257	257	0.00131416
478	6	26041	26041	0.127548
478	7	30971	30971	0.0478239
478	8	2524	2524	0.0268621
478	9	319	319	0.0103569
478	10	262	262	0.00829315
478	11	575	575	0.158801
478	12	1229	1229	0.0526829
478	13	39036	39036	0.043726
478	14	24078	24078	0.0548849
478	15	13	13	0.000110626
478	16	50256	50256	9.53674e-06
479	5	4729	4729	0.0761347
479	6	530	530	0.021904
479	7	1194	1194	0.0364532
479	8	287	287	0.0199709
479	9	281	281	0.037077
479	10	22088	22088	0.123
479	11	291	291	0.0190086
479	12	4735	4735	0.0494719
479	13	13	13	0.000318527
479	14	50256	50256	9.53674e-06
480	5	355	355	0.00636673
480	6	262	262	0.00562477
480	7	3139	3139	0.0149279
480	8	1748	1748	0.0249166
480	9	286	286	0.000484467
480	10	16490	16490	0.0364971
480	11	13	13	0
480	12	50256	50256	1.33514e-05
481	5	290	290	0.00075531
481	6	6140	6140	0.0464935
481	7	262	262	0.00595093
481	8	44639	44639	0.0925665
481	9	286	286	0.000911713
481	10	39515	39515	0.0558443
481	11	13	13	3.8147e-06
481	12	50256	50256	3.8147e-06
482	5	262	262	0.00230026
482	6	2656	2656	0.0531158
482	7	1366	1366	0.0410385
482	8	284	284	0.0121088
482	9	307	307	0.0715694
482	10	49594	49594	0.107828
482	11	3446	3446	0.133926
482	12	13	13	0.000425339
482	13	50256	50256	3.8147e-06
483	5	1317	1317	0.156045
483	6	379	379	0.0423622
483	7	262	262	0.00996208
483	8	3726	3726	0.200816
483	9	286	286	0.00477982
483	10	257	257	0.0115795
483	11	3194	3194	0.102417
483	12	1808	1808	0.0995274
483	13	13	13	3.05176e-05
483	14	50256	50256	3.8147e-06
484	5	2678	2678	0.0429802
484	6	11	11	0.00136948
484	7	1390	1390	0.0842094
484	8	14679	14679	0.0368643
484	9	290	290	0.004673
484	10	17322	17322	0.0829868
484	11	13	13	0.00224495
484	12	50256	50256	5.72205e-06
485	5	290	290	0.00342178
485	6	5594	5594	0.0746298
485	7	284	284	0.00128365
485	8	262	262	0.00109673
485	9	610	610	0.112985
485	10	620	620	0.0346251
485	11	77	77	0.020112
485	12	2340	2340	0.0252542
485	13	13	13	0.000133514
485	14	50256	50256	7.62939e-06
486	5	38967	38967	0.0692778
486	6	5911	5911	0.0732422
486	7	257	257	0.00332832
486	8	2524	2524	0.0898924
486	9	338	338	0.0108547
486	10	9574	9574	0.0622358
486	11	286	286	0.000808716
486	12	13755	13755	0.0651617
486	13	13	13	1.90735e-06
486	14	50256	50256	1.14441e-05
487	5	3146	3146	0.0324678
487	6	13	13	0.00030899
487	7	50256	50256	3.8147e-06
488	5	3407	3407	0.0207376
488	6	6285	6285	0.0626211
488	7	6637	6637	0.046586
488	8	3170	3170	0.0244865
488	9	1141	1141	0.0276194
488	10	1180	1180	0.0293102
488	11	37860	37860	0.0706425
488	12	459	459	0.0426359
488	13	444	444	0.0406466
488	14	13	13	8.2016e-05
488	15	50256	50256	7.62939e-06
489	5	11	11	0.00379753
489	6	981	981	0.0526695
489	7	257	257	0.00123978
489	8	2116	2116	0.103349
489	9	12	12	0.0101414
489	10	634	634	0.145214
489	11	12907	12907	0.0632887
489	12	6870	6870	0.0266533
489	13	262	262	0.00218582
489	14	6802	6802	0.273335
489	15	13	13	1.90735e-06
489	16	50256	50256	9.53674e-06
490	5	287	287	0.00109482
490	6	2882	2882	0.0968609
490	7	284	284	0.00520706
490	8	13522	13522	0.073534
490	9	13	13	0.000507355
490	10	50256	50256	6.48499e-05
491	5	3139	3139	0.0263586
491	6	11	11	0.00553894
491	7	319	319	0.0352154
491	8	262	262	0.0112228
491	9	12108	12108	0.0235891
491	10	286	286	0.0022068
491	11	22777	22777	0.118649
491	12	13	13	5.72205e-06
491	13	50256	50256	2.28882e-05
492	5	24907	24907	0.0550556
492	6	416	416	0.00867462
492	7	31094	31094	0.0536089
492	8	28471	28471	0.0486412
492	9	13	13	8.39233e-05
492	10	50256	50256	5.72205e-06
493	5	7446	7446	0.0457468
493	6	7000	7000	0.144114
493	7	8513	8513	0.133811
493	8	1321	1321	0.049242
493	9	13	13	0.00325203
493	10	50256	50256	2.09808e-05
494	5	284	284	0.00117302
494	6	3197	3197	0.0894537
494	7	21181	21181	0.0517006
494	8	832	832	0.00529861
494	9	23607	23607	0.0778399
494	10	13	13	0.000127792
494	11	50256	50256	5.72205e-06
495	5	20394	20394	0.0398369
495	6	7572	7572	0.0120707
495	7	290	290	0.00805092
495	8	987	987	0.0268993
495	9	48331	48331	0.0262737
495	10	15268	15268	0.0700388
495	11	13	13	0
495	12	50256	50256	7.62939e-06
496	5	1973	1973	0.00441837
496	6	2031	2031	0.0270538
496	7	1141	1141	0.00650883
496	8	262	262	0.00292206
496	9	1440	1440	0.0450993
496	10	20283	20283	0.0360346
496	11	4289	4289	0.0289335
496	12	13	13	7.62939e-06
496	13	50256	50256	3.8147e-06
497	5	2057	2057	0.0168095
497	6	1863	1863	0.0277596
497	7	262	262	0.00134468
497	8	34616	34616	0.0290556
497	9	14998	14998	0.0386877
497	10	13	13	0.000108719
497	11	50256	50256	1.90735e-06
498	5	878	878	0.0212793
498	6	5033	5033	0.0516815
498	7	8539	8539	0.0615435
498	8	276	276	0.0219946
498	9	6490	6490	0.0567026
498	10	13	13	0
498	11	50256	50256	4.95911e-05
499	5	18355	18355	0.135803
499	6	12135	12135	0.0579472
499	7	15114	15114	0.0431433
499	8	355	355	0.0266018
499	9	2208	2208	0.132463
499	10	24494	24494	0.0254507
499	11	276	276	0.0156527
499	12	1660	1660	0.0243359
499	13	44389	44389	0.155336
499	14	4291	4291	0.0332985
499	15	4771	4771	0.0532274
499	16	13166	13166	0.0488348
499	17	13	13	5.14984e-05
499	18	50256	50256	5.72205e-06
500	5	379	379	0.0134764
500	6	543	543	0.0693388
500	7	2647	2647	0.0847635
500	8	318	318	0.00852585
500	9	6157	6157	0.0870609
500	10	13	13	0.00262833
500	11	50256	50256	2.86102e-05
501	5	5440	5440	0.0164804
501	6	3917	3917	0.0433598
501	7	351	351	0.00451374
501	8	262	262	0.00270653
501	9	509	509	0.310524
501	10	9019	9019	0.0401697
501	11	525	525	0.0578709
501	12	16734	16734	0.0482988
501	13	13	13	1.90735e-06
501	14	50256	50256	1.90735e-06
502	5	262	262	0.000722885
502	6	2297	2297	0.214733
502	7	6896	6896	0.0286655
502	8	290	290	0.00681877
502	9	262	262	0.000244141
502	10	22035	22035	0.27511
502	11	12108	12108	0.0478983
502	12	13	13	8.58307e-05
502	13	50256	50256	1.14441e-05
503	5	16968	16968	0.0328884
503	6	1660	1660	0.0256586
503	7	2641	2641	0.02425
503	8	606	606	0.0336494
503	9	12188	12188	0.0927925
503	10	6751	6751	0.0812378
503	11	3833	3833	0.0290184
503	12	13	13	0
503	13	50256	50256	1.14441e-05
504	5	22037	22037	0.233816
504	6	13100	13100	0.086525
504	7	284	284	0.0114651
504	8	1440	1440	0.0301905
504	9	19651	19651	0.0792732
504	10	6588	6588	0.0307589
504	11	23235	23235	0.0636225
504	12	13	13	0.00394344
504	13	50256	50256	1.52588e-05
505	5	18391	18391	0.0948029
505	6	4778	4778	0.0257797
505	7	284	284	0.0121078
505	8	1296	1296	0.0146103
505	9	257	257	0.0134239
505	10	649	649	0.120877
505	11	1976	1976	0.0596733
505	12	35641	35641	0.0377483
505	13	1258	1258	0.0131779
505	14	13	13	0.000118256
505	15	50256	50256	1.90735e-06
506	5	625	625	0.0103493
506	6	37294	37294	0.05268
506	7	5207	5207	0.0346518
506	8	13	13	9.53674e-06
506	9	50256	50256	1.90735e-06
507	5	284	284	0.00792503
507	6	12405	12405	0.133402
507	7	290	290	0.00310516
507	8	18510	18510	0.125093
507	9	50126	50126	0.0353689
507	10	1366	1366	0.0419044
507	11	13	13	0.00102234
507	12	50256	50256	1.90735e-06
508	5	1022	1022	0.0183582
508	6	290	290	0.00879288
508	7	1088	1088	0.0339565
508	8	262	262	0.00225258
508	9	14189	14189	0.241693
508	10	2442	2442	0.0282125
508	11	290	290	0.00124168
508	12	47441	47441	0.0581808
508	13	9700	9700	0.0430002
508	14	18180	18180	0.107731
508	15	13	13	2.86102e-05
508	16	50256	50256	1.33514e-05
509	5	11	11	0.00965214
509	6	981	981	0.0431452
509	7	4530	4530	0.152936
509	8	286	286	0.00769997
509	9	262	262	0.009058
509	10	976	976	0.0588684
509	11	1051	1051	0.114536
509	12	1128	1128	0.0633984
509	13	417	417	0.041398
509	14	13	13	3.05176e-05
509	15	50256	50256	9.53674e-06
510	5	12	12	0.00586319
510	6	2385	2385	0.0820398
510	7	863	863	0.0430012
510	8	2712	2712	0.094552
510	9	4116	4116	0.0248785
510	10	4909	4909	0.0221663
510	11	1440	1440	0.0901918
510	12	14803	14803	0.0677624
510	13	13	13	1.14441e-05
510	14	50256	50256	5.72205e-06
511	5	257	257	0.0154877
511	6	14091	14091	0.0328398
511	7	2214	2214	0.0282621
511	8	13	13	0.00012207
511	9	50256	50256	1.71661e-05
512	5	3188	3188	0.124441
512	6	393	393	0.0131283
512	7	4067	4067	0.0485649
512	8	284	284	0.0110779
512	9	1194	1194	0.0550814
512	10	8271	8271	0.102459
512	11	393	393	0.0061512
512	12	4067	4067	0.0446053
512	13	13	13	7.05719e-05
512	14	50256	50256	5.72205e-06
513	5	4695	4695	0.0262871
513	6	287	287	0.0065403
513	7	16976	16976	0.0780392
513	8	11	11	0.0050602
513	9	18086	18086	0.0877838
513	10	12	12	0.00794601
513	11	16760	16760	0.11236
513	12	5667	5667	0.0282192
513	13	13	13	1.52588e-05
513	14	50256	50256	0.000114441
514	5	319	319	0.0060463
514	6	2869	2869	0.173872
514	7	338	338	0.00863457
514	8	7022	7022	0.0462561
514	9	286	286	0.00199699
514	10	367	367	0.199104
514	11	684	684	0.083457
514	12	13415	13415	0.0313082
514	13	13	13	0.000473022
514	14	50256	50256	1.90735e-06
515	5	8122	8122	0.0492659
515	6	656	656	0.0233402
515	7	257	257	0.00290871
515	8	3623	3623	0.215714
515	9	379	379	0.016346
515	10	663	663	0.0201149
515	11	4417	4417	0.0930557
515	12	13	13	1.90735e-06
515	13	50256	50256	3.8147e-06
516	5	416	416	0.0104027
516	6	38797	38797	0.0364189
516	7	278	278	0.0241766
516	8	7545	7545	0.0490322
516	9	351	351	0.0115862
516	10	300	300	0.0781078
516	11	12009	12009	0.0411243
516	12	7408	7408	0.0236197
516	13	11492	11492	0.0268021
516	14	13	13	1.90735e-06
516	15	50256	50256	1.90735e-06
517	5	287	287	0.0131187
517	6	7408	7408	0.0630751
517	7	414	414	0.0629168
517	8	618	618	0.00535583
517	9	1402	1402	0.0432262
517	10	6867	6867	0.0772352
517	11	286	286	0.00979805
517	12	7408	7408	0.097374
517	13	393	393	0.0130672
517	14	2779	2779	0.119697
517	15	389	389	0.0571861
517	16	2087	2087	0.0879679
517	17	13	13	4.95911e-05
517	18	50256	50256	1.33514e-05
518	5	5107	5107	0.149748
518	6	286	286	0.00135994
518	7	3194	3194	0.0876656
518	8	3435	3435	0.064888
518	9	355	355	0.0217514
518	10	281	281	0.0500507
518	11	1242	1242	0.117521
518	12	13	13	3.62396e-05
518	13	50256	50256	5.72205e-06
519	5	3017	3017	0.0286264
519	6	465	465	0.0301218
519	7	898	898	0.0683956
519	8	35674	35674	0.0441952
519	9	287	287	0.00262451
519	10	10123	10123	0.117188
519	11	6065	6065	0.0399904
519	12	24252	24252	0.0204268
519	13	13	13	7.62939e-06
519	14	50256	50256	3.8147e-06
520	5	7421	7421	0.0667772
520	6	286	286	0.00314903
520	7	3878	3878	0.0876656
520	8	5491	5491	0.0755911
520	9	13	13	0.000427246
520	10	50256	50256	5.72205e-06
521	5	44771	44771	0.0240908
521	6	262	262	0.00160027
521	7	27806	27806	0.161272
521	8	286	286	0.00406837
521	9	262	262	0.00344849
521	10	449	449	0.116819
521	11	544	544	0.0439768
521	12	1641	1641	0.0218554
521	13	13	13	4.00543e-05
521	14	50256	50256	1.90735e-06
522	5	28721	28721	0.251508
522	6	287	287	0.00363922
522	7	8850	8850	0.0500097
522	8	1103	1103	0.0637007
522	9	34768	34768	0.0970163
522	10	13	13	1.90735e-06
522	11	50256	50256	1.52588e-05
523	5	286	286	0.000814438
523	6	10183	10183	0.0754786
523	7	2520	2520	0.0547438
523	8	2253	2253	0.016614
523	9	13	13	1.90735e-06
523	10	50256	50256	7.62939e-06
524	5	31555	31555	0.187151
524	6	262	262	0.0120811
524	7	4434	4434	0.597099
524	8	323	323	0.0528584
524	9	24078	24078	0.0732012
524	10	422	422	0.014946
524	11	5060	5060	0.131878
524	12	26066	26066	0.0442677
524	13	13	13	7.24792e-05
524	14	50256	50256	1.90735e-06
525	5	468	468	0.0186138
525	6	37516	37516	0.0526896
525	7	12	12	0.00762463
525	8	26022	26022	0.181989
525	9	8251	8251	0.0133286
525	10	13	13	1.14441e-05
525	11	50256	50256	7.62939e-06
526	5	262	262	0.00517082
526	6	40829	40829	0.140119
526	7	31643	31643	0.057313
526	8	4886	4886	0.0400248
526	9	32726	32726	0.0790958
526	10	28192	28192	0.0337477
526	11	17745	17745	0.0320978
526	12	13	13	3.05176e-05
526	13	50256	50256	9.53674e-06
527	5	416	416	0.0176086
527	6	262	262	0.0204172
527	7	29973	29973	0.109308
527	8	3048	3048	0.0723705
527	9	286	286	0.0165386
527	10	262	262	0.000154495
527	11	6869	6869	0.470222
527	12	290	290	0.0113945
527	13	262	262	0.000286102
527	14	3825	3825	0.140124
527	15	13	13	0.0035305
527	16	50256	50256	6.48499e-05
528	5	2587	2587	0.0416832
528	6	422	422	0.00492477
528	7	7815	7815	0.133537
528	8	284	284	0.00688934
528	9	36717	36717	0.230672
528	10	257	257	0.0223761
528	11	3785	3785	0.124566
528	12	13	13	1.90735e-06
528	13	50256	50256	3.8147e-06
529	5	2568	2568	0.0194874
529	6	832	832	0.0189352
529	7	12213	12213	0.0985222
529	8	1626	1626	0.0303164
529	9	2300	2300	0.0911283
529	10	1231	1231	0.0421152
529	11	11963	11963	0.0866642
529	12	2587	2587	0.0668468
529	13	5202	5202	0.0636024
529	14	13	13	7.62939e-06
529	15	50256	50256	7.62939e-06
530	5	11904	11904	0.0269823
530	6	1043	1043	0.0697145
530	7	2641	2641	0.0202589
530	8	262	262	0.00162506
530	9	6891	6891	0.228062
530	10	4618	4618	0.0268917
530	11	338	338	0.0115004
530	12	15921	15921	0.0567284
530	13	13	13	5.72205e-05
530	14	50256	50256	1.33514e-05
531	5	4833	4833	0.0921202
531	6	37446	37446	0.0635719
531	7	11	11	0.00588989
531	8	1123	1123	0.0324821
531	9	351	351	0.0217266
531	10	5093	5093	0.105735
531	11	290	290	0.0126657
531	12	5366	5366	0.0903463
531	13	24971	24971	0.078105
531	14	13	13	1.52588e-05
531	15	50256	50256	1.90735e-06
532	5	5688	5688	0.0385571
532	6	416	416	0.00699425
532	7	262	262	0.000448227
532	8	7492	7492	0.142885
532	9	5866	5866	0.0316801
532	10	13	13	3.62396e-05
532	11	50256	50256	1.90735e-06
533	5	511	511	0.00478649
533	6	2057	2057	0.0227604
533	7	7525	7525	0.0375547
533	8	416	416	0.0151825
533	9	6600	6600	0.0568295
533	10	4618	4618	0.0204115
533	11	2587	2587	0.0281973
533	12	13	13	9.53674e-06
533	13	50256	50256	3.43323e-05
534	5	656	656	0.0110102
534	6	262	262	0.00163078
534	7	2619	2619	0.472336
534	8	6896	6896	0.0530939
534	9	832	832	0.0191612
534	10	257	257	0.00775337
534	11	1588	1588	0.169622
534	12	25979	25979	0.0778275
534	13	13	13	0.000768661
534	14	50256	50256	3.8147e-06
535	5	663	663	0.00586796
535	6	8574	8574	0.147405
535	7	10154	10154	0.0821571
535	8	618	618	0.0214806
535	9	1176	1176	0.0503263
535	10	318	318	0.0104008
535	11	4615	4615	0.0782747
535	12	13	13	0.00041008
535	13	50256	50256	5.72205e-06
536	5	3696	3696	0.0475168
536	6	625	625	0.0142641
536	7	640	640	0.0263872
536	8	13	13	2.28882e-05
536	9	50256	50256	3.8147e-06
537	5	41898	41898	0.135896
537	6	11	11	0.00760937
537	7	15677	15677	0.163223
537	8	82	82	0.0279694
537	9	262	262	0.0114098
537	10	1556	1556	0.327629
537	11	2838	2838	0.056118
537	12	286	286	0.00611877
537	13	262	262	0.000713348
537	14	17467	17467	0.15411
537	15	385	385	0.0509853
537	16	5866	5866	0.0691652
537	17	13	13	0.00126457
537	18	50256	50256	0.000383377
538	5	21079	21079	0.02351
538	6	262	262	0.00134087
538	7	3085	3085	0.120299
538	8	1627	1627	0.0174274
538	9	8686	8686	0.0154076
538	10	284	284	0.00190735
538	11	262	262	2.86102e-05
538	12	3465	3465	0.141145
538	13	402	402	0.0705547
538	14	13	13	0.000745773
538	15	50256	50256	5.72205e-06
539	5	29509	29509	0.161406
539	6	263	263	0.0854235
539	7	621	621	0.0259476
539	8	5814	5814	0.0931606
539	9	32085	32085	0.0333977
539	10	729	729	0.0405302
539	11	286	286	0.0101242
539	12	262	262	0.0178833
539	13	976	976	0.0884542
539	14	3664	3664	0.114793
539	15	6269	6269	0.112677
539	16	379	379	0.0266342
539	17	7226	7226	0.123157
539	18	9151	9151	0.128773
539	19	10101	10101	0.0242558
539	20	13	13	0.00106049
539	21	50256	50256	3.8147e-06
540	5	1022	1022	0.038537
540	6	6632	6632	0.0564137
540	7	290	290	0.00848007
540	8	530	530	0.0228395
540	9	11	11	0.017313
540	10	19889	19889	0.0745535
540	11	13	13	0.000444412
540	12	50256	50256	5.72205e-06
541	5	1262	1262	0.0319538
541	6	257	257	0.0010891
541	7	2060	2060	0.0364895
541	8	302	302	0.106742
541	9	276	276	0.0233288
541	10	13	13	0.00167465
541	11	50256	50256	1.14441e-05
542	5	11470	11470	0.092577
542	6	7370	7370	0.0318375
542	7	393	393	0.0127048
542	8	734	734	0.0389128
542	9	31028	31028	0.469064
542	10	2511	2511	0.0747776
542	11	1547	1547	0.075613
542	12	13	13	3.8147e-06
542	13	50256	50256	3.8147e-06
543	5	3436	3436	0.0389986
543	6	857	857	0.0324526
543	7	407	407	0.0166883
543	8	10385	10385	0.0513277
543	9	262	262	0.00249481
543	10	1366	1366	0.0648289
543	11	8574	8574	0.0720911
543	12	2641	2641	0.0446005
543	13	340	340	0.0197401
543	14	13	13	0.00356674
543	15	50256	50256	9.53674e-06
544	5	987	987	0.0558701
544	6	48331	48331	0.0310898
544	7	23607	23607	0.0864573
544	8	286	286	0.00306511
544	9	21181	21181	0.12554
544	10	13	13	0.000520706
544	11	50256	50256	1.14441e-05
545	5	290	290	0.00185013
545	6	11298	11298	0.0598507
545	7	4133	4133	0.0175219
545	8	884	884	0.0138445
545	9	355	355	0.00655556
545	10	11532	11532	0.070405
545	11	4963	4963	0.0287733
545	12	13	13	3.8147e-06
545	13	50256	50256	9.53674e-06
546	5	287	287	0.00164604
546	6	257	257	0.00217819
546	7	16430	16430	0.0631313
546	8	13	13	1.71661e-05
546	9	50256	50256	1.14441e-05
547	5	11408	11408	0.475634
547	6	787	787	0.039691
547	7	10469	10469	0.106163
547	8	2300	2300	0.0564146
547	9	422	422	0.00860786
547	10	287	287	0.017252
547	11	36617	36617	0.174924
547	12	4237	4237	0.0369244
547	13	13	13	1.71661e-05
547	14	50256	50256	5.72205e-06
548	5	38985	38985	0.0383539
548	6	636	636	0.0263157
548	7	286	286	0.0051918
548	8	7840	7840	0.0488777
548	9	17456	17456	0.04492
548	10	13	13	2.67029e-05
548	11	50256	50256	3.8147e-06
549	5	6268	6268	0.0264626
549	6	656	656	0.0108109
549	7	18411	18411	0.10897
549	8	2568	2568	0.0252848
549	9	13	13	0
549	10	50256	50256	7.62939e-06
550	5	734	734	0.0397148
550	6	318	318	0.0116796
550	7	262	262	0.0131474
550	8	691	691	0.206827
550	9	772	772	0.0464993
550	10	530	530	0.0358381
550	11	13	13	0.00344276
550	12	50256	50256	0.000431061
551	5	262	262	0.00820923
551	6	3934	3934	1.45704
551	7	16395	16395	0.544482
551	8	15989	15989	0.139832
551	9	3812	3812	0.032732
551	10	663	663	0.0147505
551	11	6971	6971	0.413977
551	12	8384	8384	0.0290203
551	13	832	832	0.054512
551	14	19794	19794	0.215462
551	15	13	13	0.000364304
551	16	50256	50256	8.39233e-05
552	5	262	262	0.00295067
552	6	3139	3139	0.0384865
552	7	1748	1748	0.0337992
552	8	286	286	0.00260735
552	9	27026	27026	0.218247
552	10	287	287	0.00950909
552	11	2520	2520	0.0913439
552	12	7229	7229	0.0608044
552	13	13	13	1.33514e-05
552	14	50256	50256	2.47955e-05
553	5	37989	37989	0.0241404
553	6	7370	7370	0.0234966
553	7	13	13	1.90735e-06
553	8	50256	50256	1.33514e-05
554	5	14422	14422	0.0294533
554	6	286	286	0.000282288
554	7	36683	36683	0.267712
554	8	571	571	0.164174
554	9	10304	10304	0.100007
554	10	547	547	0.0613089
554	11	23470	23470	0.0539503
554	12	656	656	0.0174551
554	13	7815	7815	0.0755558
554	14	287	287	0.00874901
554	15	31592	31592	0.0749397
554	16	13	13	0
554	17	50256	50256	1.14441e-05
555	5	2753	2753	0.0230179
555	6	1295	1295	0.0454969
555	7	1973	1973	0.0295343
555	8	262	262	0.0068512
555	9	7714	7714	0.1521
555	10	286	286	0.00357628
555	11	7009	7009	0.107271
555	12	435	435	0.13474
555	13	303	303	0.21894
555	14	11106	11106	0.040493
555	15	13	13	0
555	16	50256	50256	1.90735e-05
556	5	2939	2939	0.0521975
556	6	19794	19794	0.0672197
556	7	290	290	0.00259399
556	8	13902	13902	0.0646248
556	9	13	13	0.000471115
556	10	50256	50256	7.62939e-06
557	5	4263	4263	0.027256
557	6	422	422	0.00944519
557	7	867	867	0.0567617
557	8	1402	1402	0.0437918
557	9	22969	22969	0.0348377
557	10	286	286	0.00186348
557	11	3124	3124	0.0906725
557	12	13	13	5.72205e-06
557	13	50256	50256	1.90735e-06
558	5	3923	3923	0.0275316
558	6	287	287	0.00952721
558	7	262	262	0.0176859
558	8	5739	5739	0.126842
558	9	8689	8689	0.038394
558	10	286	286	0.000333786
558	11	1881	1881	0.222756
558	12	39255	39255	0.10126
558	13	290	290	0.00220299
558	14	1881	1881	0.242354
558	15	27760	27760	0.0896778
558	16	13	13	8.39233e-05
558	17	50256	50256	5.34058e-05
559	5	286	286	0.000595093
559	6	20296	20296	0.0832891
559	7	326	326	0.0117645
559	8	5615	5615	0.181736
559	9	287	287	0.021286
559	10	262	262	0.00126457
559	11	41917	41917	0.0824461
559	12	1613	1613	0.0703869
559	13	13	13	0.00651932
559	14	50256	50256	1.33514e-05
560	5	15170	15170	0.0442085
560	6	2577	2577	0.111169
560	7	8477	8477	0.311109
560	8	257	257	0.0128307
560	9	3350	3350	0.152141
560	10	8272	8272	0.0392246
560	11	338	338	0.00580406
560	12	1204	1204	0.142597
560	13	319	319	0.0186033
560	14	281	281	0.0305977
560	15	7022	7022	0.129945
560	16	13	13	0.000102997
560	17	50256	50256	1.90735e-05
561	5	3825	3825	0.15477
561	6	1656	1656	0.058444
561	7	284	284	0.00662041
561	8	1445	1445	0.106821
561	9	1973	1973	0.0471516
561	10	262	262	0.0187654
561	11	6766	6766	0.415729
561	12	1123	1123	0.052247
561	13	1110	1110	0.284895
561	14	13	13	0.00205994
561	15	50256	50256	5.72205e-06
562	5	262	262	0.000654221
562	6	15189	15189	0.501765
562	7	3634	3634	0.172799
562	8	4279	4279	0.0971737
562	9	11	11	0.00750542
562	10	340	340	0.142824
562	11	1276	1276	0.102548
562	12	7719	7719	0.128614
562	13	284	284	0.00662422
562	14	257	257	0.0259933
562	15	16599	16599	0.307
562	16	11	11	0.00943184
562	17	10929	10929	0.110499
562	18	11	11	0.00661087
562	19	24233	24233	0.406212
562	20	11	11	0.00784206
562	21	393	393	0.0203114
562	22	22062	22062	0.0635118
562	23	13	13	0.000972748
562	24	50256	50256	0.000343323
563	5	2420	2420	0.0799904
563	6	2915	2915	0.048831
563	7	13676	13676	0.0517664
563	8	1088	1088	0.0212755
563	9	15985	15985	0.182536
563	10	11904	11904	0.0373068
563	11	13	13	2.28882e-05
563	12	50256	50256	1.52588e-05
564	5	389	389	0.00805092
564	6	3706	3706	0.104006
564	7	13548	13548	0.0628815
564	8	418	418	0.0262394
564	9	11	11	0.0163202
564	10	350	350	0.143989
564	11	1506	1506	0.0601101
564	12	418	418	0.0309649
564	13	11	11	0.00930977
564	14	290	290	0.01017
564	15	39026	39026	0.207431
564	16	271	271	0.052475
564	17	13	13	7.62939e-06
564	18	50256	50256	1.90735e-05
565	5	6156	6156	0.0439215
565	6	9088	9088	0.0384722
565	7	286	286	0.00105095
565	8	24726	24726	0.134612
565	9	13399	13399	0.0302048
565	10	13	13	1.90735e-06
565	11	50256	50256	3.8147e-06
566	5	1402	1402	0.0258694
566	6	11904	11904	0.0576105
566	7	326	326	0.0121517
566	8	3092	3092	0.0868073
566	9	257	257	0.00473022
566	10	8904	8904	0.198939
566	11	8574	8574	0.0340347
566	12	2057	2057	0.04877
566	13	5127	5127	0.0888176
566	14	13	13	0.000242233
566	15	50256	50256	1.90735e-06
567	5	2904	2904	0.0387421
567	6	2087	2087	0.0210056
567	7	2378	2378	0.0244331
567	8	717	717	0.0292988
567	9	13	13	0.000331879
567	10	50256	50256	3.8147e-06
568	5	1717	1717	0.0397205
568	6	6327	6327	0.0524597
568	7	360	360	0.0632448
568	8	39781	39781	0.030899
568	9	262	262	0.0020237
568	10	20281	20281	0.13227
568	11	286	286	0.000434875
568	12	383	383	0.102551
568	13	2764	2764	0.121614
568	14	286	286	0.00470734
568	15	22489	22489	0.218302
568	16	24568	24568	0.0427542
568	17	78	78	0.0239925
568	18	13	13	9.34601e-05
568	19	50256	50256	7.62939e-06
569	5	287	287	0.0114822
569	6	2292	2292	0.132588
569	7	981	981	0.0447006
569	8	257	257	0.0110226
569	9	9664	9664	0.107779
569	10	318	318	0.0127506
569	11	36932	36932	0.265373
569	12	13	13	1.90735e-06
569	13	50256	50256	3.8147e-06
570	5	516	516	0.108331
570	6	15113	15113	0.0569754
570	7	4635	4635	0.0262117
570	8	355	355	0.0168991
570	9	257	257	0.00226021
570	10	19999	19999	0.219353
570	11	1868	1868	0.0607033
570	12	14170	14170	0.0479231
570	13	281	281	0.029561
570	14	8137	8137	0.132475
570	15	13	13	9.53674e-06
570	16	50256	50256	9.53674e-06
571	5	262	262	0.00355148
571	6	6869	6869	0.131799
571	7	318	318	0.0229425
571	8	6697	6697	0.303105
571	9	262	262	0.0168705
571	10	3825	3825	0.238882
571	11	287	287	0.0327702
571	12	3668	3668	0.0874233
571	13	338	338	0.00424767
571	14	6766	6766	0.247593
571	15	13	13	0.00221825
571	16	50256	50256	2.86102e-05
572	5	355	355	0.00585365
572	6	262	262	0.00069809
572	7	3139	3139	0.0491266
572	8	286	286	0.00782394
572	9	262	262	0.000265121
572	10	45772	45772	0.267676
572	11	8065	8065	0.0417538
572	12	13	13	1.90735e-06
572	13	50256	50256	5.72205e-06
573	5	832	832	0.00714302
573	6	3668	3668	0.0312099
573	7	338	338	0.0119543
573	8	8137	8137	0.0697536
573	9	290	290	0.00366402
573	10	12229	12229	0.181886
573	11	262	262	0.00406647
573	12	2323	2323	0.180346
573	13	318	318	0.00227165
573	14	1444	1444	0.0585709
573	15	257	257	0.0102272
573	16	19999	19999	0.250579
573	17	578	578	0.244049
573	18	13	13	4.76837e-05
573	19	50256	50256	3.8147e-06
574	5	660	660	0.0436611
574	6	318	318	0.00541687
574	7	3917	3917	0.0315819
574	8	351	351	0.00332451
574	9	262	262	0.00204849
574	10	1855	1855	0.248523
574	11	24611	24611	0.037487
574	12	14355	14355	0.0206995
574	13	13	13	7.62939e-06
574	14	50256	50256	1.71661e-05
575	5	2967	2967	0.0684977
575	6	656	656	0.00483894
575	7	10601	10601	0.245051
575	8	329	329	0.0344982
575	9	8509	8509	0.110702
575	10	290	290	0.0065918
575	11	584	584	0.0424538
575	12	9013	9013	0.0679312
575	13	13	13	1.14441e-05
575	14	50256	50256	1.90735e-05
576	5	14768	14768	0.0851526
576	6	319	319	0.0236092
576	7	24438	24438	0.172184
576	8	286	286	0.00749207
576	9	262	262	0.0105667
576	10	976	976	0.0801163
576	11	3124	3124	0.113516
576	12	3690	3690	0.0991096
576	13	8850	8850	0.0424156
576	14	6100	6100	0.224536
576	15	13	13	3.43323e-05
576	16	50256	50256	5.72205e-06
577	5	3794	3794	0.129917
577	6	284	284	0.0106592
577	7	262	262	0.00771999
577	8	5366	5366	0.220815
577	9	290	290	0.0144577
577	10	2807	2807	0.339787
577	11	284	284	0.0120239
577	12	262	262	0.000156403
577	13	5093	5093	0.125662
577	14	13	13	5.72205e-06
577	15	50256	50256	1.90735e-06
578	5	6727	6727	0.378439
578	6	4417	4417	0.0357237
578	7	286	286	0.00935173
578	8	262	262	0.00381851
578	9	24725	24725	1.11246
578	10	34573	34573	0.0871782
578	11	6516	6516	0.0852308
578	12	287	287	0.00234032
578	13	281	281	0.0269499
578	14	555	555	0.29487
578	15	10414	10414	0.139215
578	16	1389	1389	0.0563202
578	17	14839	14839	0.0769749
578	18	7087	7087	0.0656967
578	19	13	13	3.8147e-05
578	20	50256	50256	5.72205e-06
579	5	257	257	0.00637436
579	6	9629	9629	0.120606
579	7	286	286	0.00404167
579	8	987	987	0.065176
579	9	86	86	0.0557356
579	10	16206	16206	0.0660496
579	11	4618	4618	0.036706
579	12	26742	26742	0.0850163
579	13	13	13	1.90735e-06
579	14	50256	50256	3.8147e-06
580	5	286	286	0.00152206
580	6	4930	4930	0.0979643
580	7	20830	20830	0.0610428
580	8	287	287	0.011694
580	9	3576	3576	0.113493
580	10	290	290	0.00250626
580	11	6342	6342	0.13335
580	12	13	13	5.72205e-06
580	13	50256	50256	3.8147e-06
581	5	16524	16524	0.0964375
581	6	284	284	0.00939941
581	7	1180	1180	0.0442581
581	8	10530	10530	0.137283
581	9	22421	22421	0.0542727
581	10	416	416	0.0300694
581	11	5609	5609	0.0919495
581	12	262	262	0.00265884
581	13	12097	12097	0.166271
581	14	286	286	0.000854492
581	15	511	511	0.0404139
581	16	13026	13026	0.170217
581	17	16600	16600	0.0220861
581	18	13	13	3.62396e-05
581	19	50256	50256	3.8147e-06
582	5	21270	21270	0.0578022
582	6	287	287	0.000984192
582	7	11228	11228	0.102662
582	8	2057	2057	0.0160875
582	9	13	13	0.000116348
582	10	50256	50256	2.09808e-05
583	5	9215	9215	0.0486307
583	6	17359	17359	0.042738
583	7	284	284	0.00301361
583	8	1296	1296	0.0466871
583	9	9215	9215	0.078433
583	10	13	13	7.62939e-06
583	11	50256	50256	5.72205e-06
584	5	4492	4492	0.0429306
584	6	422	422	0.0127754
584	7	7840	7840	0.0576515
584	8	4881	4881	0.0720024
584	9	13	13	0.000387192
584	10	50256	50256	8.58307e-05
585	5	276	276	0.00958633
585	6	287	287	0.00196266
585	7	281	281	0.0126019
585	8	11557	11557	0.0499544
585	9	1080	1080	0.015173
585	10	13	13	0.000181198
585	11	50256	50256	5.72205e-06
586	5	8771	8771	0.355749
586	6	800	800	0.0550489
586	7	3369	3369	0.0547152
586	8	2346	2346	0.0627985
586	9	11	11	0.00614357
586	10	3264	3264	0.0678854
586	11	393	393	0.0180988
586	12	20762	20762	0.0978584
586	13	13	13	7.62939e-06
586	14	50256	50256	1.90735e-06
587	5	10087	10087	0.160391
587	6	422	422	0.00745773
587	7	477	477	0.118412
587	8	584	584	0.0351658
587	9	2877	2877	0.0874624
587	10	4695	4695	0.0921307
587	11	13	13	3.8147e-06
587	12	50256	50256	0.0047226
588	5	925	925	0.0470219
588	6	422	422	0.0112724
588	7	262	262	0.000768661
588	8	279	279	0.169946
588	9	342	342	0.117576
588	10	286	286	0.00351524
588	11	262	262	0.0159626
588	12	20461	20461	0.930825
588	13	21180	21180	0.110507
588	14	4618	4618	0.024457
588	15	13	13	9.15527e-05
588	16	50256	50256	1.52588e-05
589	5	11	11	0.012641
589	6	1663	1663	0.0708733
589	7	379	379	0.0378876
589	8	5417	5417	0.196995
589	9	11	11	0.00485611
589	10	290	290	0.0133924
589	11	1441	1441	0.217739
589	12	284	284	0.00436974
589	13	40941	40941	0.311028
589	14	284	284	0.0191422
589	15	22919	22919	0.788193
589	16	13	13	0
589	17	50256	50256	3.8147e-05
590	5	11	11	0.00797272
590	6	14104	14104	0.105589
590	7	13015	13015	0.0696077
590	8	11	11	0.00841331
590	9	290	290	0.0178146
590	10	3624	3624	0.111819
590	11	9421	9421	0.0568132
590	12	1063	1063	0.0208187
590	13	13	13	5.72205e-06
590	14	50256	50256	1.33514e-05
591	5	29289	29289	0.21959
591	6	8435	8435	0.0396729
591	7	973	973	0.0123606
591	8	284	284	0.0026474
591	9	5163	5163	0.199174
591	10	3992	3992	0.0498314
591	11	4133	4133	0.0414276
591	12	13	13	2.28882e-05
591	13	50256	50256	3.8147e-06
592	5	9016	9016	0.0615768
592	6	4731	4731	0.0926352
592	7	318	318	0.0098114
592	8	2793	2793	0.143694
592	9	287	287	0.0228634
592	10	7078	7078	0.214516
592	11	621	621	0.0250225
592	12	262	262	0.0137329
592	13	38283	38283	0.522048
592	14	338	338	0.0110073
592	15	6678	6678	0.253342
592	16	9016	9016	0.0683804
592	17	4731	4731	0.0754128
592	18	13	13	0.00891495
592	19	50256	50256	3.8147e-06
593	5	4635	4635	0.0527468
593	6	416	416	0.010725
593	7	23147	23147	0.165975
593	8	44030	44030	0.0352745
593	9	6147	6147	0.065279
593	10	656	656	0.00928879
593	11	285	285	0.061883
593	12	10119	10119	0.0327511
593	13	13	13	1.52588e-05
593	14	50256	50256	1.90735e-06
594	5	7363	7363	0.104234
594	6	284	284	0.004282
594	7	262	262	0.000879288
594	8	7627	7627	0.164528
594	9	286	286	0.00445175
594	10	22779	22779	0.128857
594	11	7229	7229	0.0514889
594	12	13	13	1.52588e-05
594	13	50256	50256	1.90735e-06
595	5	262	262	0.00330353
595	6	13589	13589	0.2439
595	7	284	284	0.0042572
595	8	262	262	0.000976562
595	9	11384	11384	0.299527
595	10	832	832	0.011116
595	11	262	262	0.00177383
595	12	1658	1658	0.191442
595	13	2522	2522	0.0592422
595	14	31111	31111	0.0481501
595	15	13	13	1.71661e-05
595	16	50256	50256	9.53674e-06
596	5	8630	8630	0.119697
596	6	287	287	0.00088501
596	7	2658	2658	0.154046
596	8	417	417	0.0567112
596	9	292	292	0.0529985
596	10	287	287	0.00276184
596	11	262	262	0.00717163
596	12	25861	25861	0.109899
596	13	1080	1080	0.0529671
596	14	13	13	0.000146866
596	15	50256	50256	1.90735e-06
597	5	11881	11881	0.040802
597	6	1364	1364	0.0257215
597	7	422	422	0.0152893
597	8	262	262	0.00134277
597	9	1903	1903	0.070714
597	10	3024	3024	0.050128
597	11	6881	6881	0.0222187
597	12	13	13	1.90735e-06
597	13	50256	50256	1.90735e-06
598	5	20435	20435	0.0989618
598	6	3356	3356	0.0327387
598	7	290	290	0.00323677
598	8	5529	5529	0.161538
598	9	5236	5236	0.0179453
598	10	13	13	0.000143051
598	11	50256	50256	1.14441e-05
599	5	416	416	0.0193882
599	6	37228	37228	0.205387
599	7	7888	7888	0.0445309
599	8	11685	11685	0.0204468
599	9	286	286	0.00152588
599	10	4898	4898	0.063179
599	11	11	11	0.00676727
599	12	3221	3221	0.168621
599	13	351	351	0.0196362
599	14	39623	39623	0.0967112
599	15	13020	13020	0.047163
599	16	11678	11678	0.0278025
599	17	13	13	0.000320435
599	18	50256	50256	1.14441e-05
600	5	13055	13055	0.0491438
600	6	1660	1660	0.0385904
600	7	300	300	0.0649023
600	8	3922	3922	0.322421
600	9	287	287	0.000469208
600	10	465	465	0.0752993
600	11	11376	11376	0.111483
600	12	379	379	0.0185385
600	13	8118	8118	0.0784369
600	14	933	933	0.0317535
600	15	88	88	0.0245075
600	16	13	13	0.00270844
600	17	50256	50256	5.72205e-06
601	5	422	422	0.00345039
601	6	257	257	0.00246048
601	7	4417	4417	0.0372744
601	8	736	736	0.0711432
601	9	3812	3812	0.0164785
601	10	257	257	0.0137501
601	11	24783	24783	0.123198
601	12	13	13	0
601	13	50256	50256	3.8147e-06
602	5	257	257	0.00180244
602	6	18778	18778	0.152877
602	7	14688	14688	0.0652933
602	8	680	680	0.0359488
602	9	12	12	0.0269079
602	10	43745	43745	0.362046
602	11	19634	19634	0.0567598
602	12	287	287	0.00684357
602	13	281	281	0.0174904
602	14	12278	12278	0.0653954
602	15	17655	17655	0.0734091
602	16	13	13	3.8147e-06
602	17	50256	50256	1.90735e-06
603	5	3794	3794	0.158096
603	6	3994	3994	0.0252295
603	7	20838	20838	0.0356226
603	8	21641	21641	0.0702543
603	9	290	290	0.00471115
603	10	42645	42645	0.219643
603	11	13	13	0.000154495
603	12	50256	50256	3.8147e-06
604	5	11	11	0.00138855
604	6	14354	14354	0.0773783
604	7	11	11	0.00453568
604	8	290	290	0.00387192
604	9	7572	7572	0.0322084
604	10	286	286	0.00161552
604	11	3292	3292	0.0554647
604	12	13	13	2.09808e-05
604	13	50256	50256	2.86102e-05
605	5	379	379	0.0319948
605	6	7496	7496	0.106181
605	7	290	290	0.00391769
605	8	734	734	0.0593195
605	9	7435	7435	0.165312
605	10	1173	1173	0.0335102
605	11	829	829	0.0168095
605	12	13	13	0.000484467
605	13	50256	50256	1.90735e-06
606	5	290	290	0.0109196
606	6	26306	26306	0.0492029
606	7	21622	21622	0.0452976
606	8	422	422	0.0116501
606	9	262	262	0.00105095
606	10	9260	9260	0.0583811
606	11	13	13	0.00172424
606	12	50256	50256	1.14441e-05
607	5	326	326	0.0403976
607	6	8833	8833	0.0897942
607	7	351	351	0.018322
607	8	262	262	0.00824451
607	9	6000	6000	0.191847
607	10	8373	8373	0.0486736
607	11	287	287	0.020359
607	12	257	257	0.0115318
607	13	27039	27039	0.139627
607	14	13	13	5.72205e-06
607	15	50256	50256	1.90735e-06
608	5	7043	7043	0.308455
608	6	316	316	0.0424614
608	7	787	787	0.041151
608	8	2647	2647	0.085886
608	9	287	287	0.0121365
608	10	257	257	0.0118904
608	11	1448	1448	0.0747185
608	12	286	286	0.00667
608	13	734	734	0.035181
608	14	13	13	0.0015049
608	15	50256	50256	1.90735e-06
609	5	510	510	0.0774651
609	6	15455	15455	0.141582
609	7	1231	1231	0.0472593
609	8	5609	5609	0.155288
609	9	262	262	0.00150871
609	10	1321	1321	0.0631628
609	11	852	852	0.0665836
609	12	42517	42517	0.125031
609	13	798	798	0.0235205
609	14	13	13	5.72205e-06
609	15	50256	50256	3.8147e-06
610	5	13055	13055	0.0166664
610	6	383	383	0.0379162
610	7	2907	2907	0.0648594
610	8	563	563	0.0393753
610	9	5265	5265	0.0432215
610	10	287	287	0.00334358
610	11	49545	49545	0.0779448
610	12	13	13	0.000171661
610	13	50256	50256	1.14441e-05
611	5	1239	1239	0.0585995
611	6	11073	11073	0.0936537
611	7	257	257	0.00291443
611	8	4633	4633	0.133735
611	9	1255	1255	0.0361681
611	10	13	13	3.43323e-05
611	11	50256	50256	3.8147e-06
612	5	2630	2630	0.0362644
612	6	3923	3923	0.0513926
612	7	326	326	0.0082798
612	8	7301	7301	0.112003
612	9	41553	41553	0.0573397
612	10	82	82	0.0240307
612	11	11	11	0.0113945
612	12	37174	37174	0.0973482
612	13	11	11	0.00290871
612	14	290	290	0.0071888
612	15	5369	5369	0.0398855
612	16	13	13	0.000167847
612	17	50256	50256	7.62939e-06
613	5	546	546	0.0416422
613	6	262	262	0.0021019
613	7	20175	20175	0.559757
613	8	43989	43989	0.0324345
613	9	290	290	0.00510788
613	10	38201	38201	0.0998716
613	11	13	13	0.000989914
613	12	50256	50256	1.90735e-05
614	5	9518	9518	0.0326805
614	6	5667	5667	0.00937748
614	7	2138	2138	0.0179472
614	8	621	621	0.00456619
614	9	8850	8850	0.0388193
614	10	13737	13737	0.0410557
614	11	13	13	7.62939e-06
614	12	50256	50256	3.24249e-05
615	5	416	416	0.0118408
615	6	27259	27259	0.26874
615	7	7545	7545	0.0297527
615	8	656	656	0.017375
615	9	1090	1090	0.0773811
615	10	9310	9310	0.0191269
615	11	290	290	0.00518608
615	12	483	483	0.273785
615	13	88	88	0.027627
615	14	13	13	0.00109291
615	15	50256	50256	1.90735e-06
616	5	1633	1633	0.112563
616	6	5721	5721	0.166712
616	7	12611	12611	0.0572796
616	8	803	803	0.0687447
616	9	416	416	0.0273514
616	10	41719	41719	0.164413
616	11	511	511	0.0221539
616	12	11914	11914	0.167301
616	13	656	656	0.0172253
616	14	257	257	0.00435638
616	15	5422	5422	0.0985699
616	16	12239	12239	0.075964
616	17	13	13	7.62939e-05
616	18	50256	50256	3.8147e-06
617	5	19418	19418	0.0505877
617	6	36578	36578	0.0377779
617	7	351	351	0.00602818
617	8	6496	6496	0.0555992
617	9	8188	8188	0.0174332
617	10	13	13	0
617	11	50256	50256	3.8147e-06
618	5	355	355	0.00323486
618	6	257	257	0.00797844
618	7	1271	1271	0.00854683
618	8	286	286	0.001091
618	9	3470	3470	0.0724869
618	10	9998	9998	0.0357561
618	11	13	13	8.01086e-05
618	12	50256	50256	5.72205e-06
619	5	284	284	0.0126085
619	6	3283	3283	0.121206
619	7	12967	12967	0.0690641
619	8	902	902	0.0225525
619	9	1973	1973	0.0182781
619	10	257	257	0.00637817
619	11	4417	4417	0.0171137
619	12	13	13	6.86646e-05
619	13	50256	50256	1.90735e-06
620	5	4905	4905	0.752533
620	6	286	286	0.000593185
620	7	281	281	0.0563745
620	8	15835	15835	0.170944
620	9	393	393	0.0184021
620	10	875	875	0.128908
620	11	13168	13168	0.0678053
620	12	11862	11862	0.0541086
620	13	13	13	0.00242996
620	14	50256	50256	1.90735e-06
621	5	338	338	0.00421524
621	6	1810	1810	0.068347
621	7	290	290	0.00274086
621	8	12689	12689	0.104896
621	9	3407	3407	0.0338402
621	10	262	262	0.00463295
621	11	14332	14332	0.14133
621	12	2305	2305	0.055335
621	13	9229	9229	0.0447969
621	14	11796	11796	0.0413609
621	15	286	286	0.000606537
621	16	3284	3284	0.0670366
621	17	13	13	1.90735e-06
621	18	50256	50256	5.53131e-05
622	5	3650	3650	0.0887985
622	6	12278	12278	0.0445652
622	7	2568	2568	0.0258598
622	8	832	832	0.00649643
622	9	48287	48287	0.102458
622	10	5931	5931	0.0267105
622	11	12737	12737	0.0586672
622	12	13	13	2.28882e-05
622	13	50256	50256	1.90735e-06
623	5	4143	4143	0.0636997
623	6	2173	2173	0.10239
623	7	1497	1497	0.0472021
623	8	422	422	0.0102386
623	9	262	262	0.00286865
623	10	3825	3825	0.084446
623	11	13	13	3.8147e-06
623	12	50256	50256	1.52588e-05
624	5	290	290	0.00198936
624	6	6754	6754	0.0757532
624	7	2478	2478	0.0317249
624	8	286	286	0.0039463
624	9	2456	2456	0.047863
624	10	13	13	2.09808e-05
624	11	50256	50256	5.72205e-06
625	5	3033	3033	0.0408945
625	6	262	262	0.00144577
625	7	26997	26997	0.497048
625	8	2677	2677	0.0447006
625	9	11	11	0.00324821
625	10	3825	3825	0.0573702
625	11	370	370	0.11663
625	12	46654	46654	0.0498009
625	13	13	13	4.19617e-05
625	14	50256	50256	1.14441e-05
626	5	3139	3139	0.036396
626	6	373	373	0.0404577
626	7	327	327	0.0846729
626	8	385	385	0.0820951
626	9	1073	1073	0.282671
626	10	11	11	0.0101957
626	11	287	287	0.0140114
626	12	1944	1944	0.117203
626	13	12	12	0.0152359
626	14	820	820	0.0642786
626	15	25768	25768	0.120326
626	16	13	13	5.72205e-06
626	17	50256	50256	3.43323e-05
627	5	5403	5403	0.0923891
627	6	663	663	0.0110779
627	7	16874	16874	0.118679
627	8	13	13	0.000564575
627	9	50256	50256	2.47955e-05
628	5	2583	2583	0.144189
628	6	4778	4778	0.0238791
628	7	284	284	0.0045948
628	8	4439	4439	0.0636835
628	9	649	649	0.090416
628	10	9471	9471	0.0637302
628	11	13166	13166	0.0199718
628	12	13	13	3.8147e-06
628	13	50256	50256	3.8147e-06
629	5	2568	2568	0.0279016
629	6	832	832	0.00969505
629	7	6565	6565	0.0980053
629	8	2272	2272	0.0869074
629	9	13	13	1.33514e-05
629	10	50256	50256	3.8147e-06
630	5	3519	3519	0.0357389
630	6	1035	1035	0.0821791
630	7	24370	24370	0.0345392
630	8	287	287	0.00233841
630	9	13550	13550	0.0619602
630	10	34619	34619	0.0271893
630	11	746	746	0.0535831
630	12	291	291	0.0776825
630	13	11	11	0.00870514
630	14	1897	1897	0.056427
630	15	6210	6210	0.042263
630	16	11	11	0.0150871
630	17	290	290	0.00695801
630	18	8312	8312	0.0860615
630	19	14750	14750	0.0157595
630	20	13	13	3.8147e-06
630	21	50256	50256	2.09808e-05
631	5	329	329	0.0238266
631	6	663	663	0.0389929
631	7	1913	1913	0.288707
631	8	8508	8508	0.0374165
631	9	290	290	0.00209808
631	10	27892	27892	0.232183
631	11	35988	35988	0.070919
631	12	11222	11222	0.0752888
631	13	13	13	0.00285149
631	14	50256	50256	5.72205e-06
632	5	329	329	0.0172682
632	6	18120	18120	0.119881
632	7	257	257	0.0107498
632	8	1917	1917	0.222116
632	9	393	393	0.00818253
632	10	9489	9489	0.171802
632	11	257	257	0.0112896
632	12	4876	4876	0.120955
632	13	13	13	1.52588e-05
632	14	50256	50256	3.8147e-06
633	5	422	422	0.00261307
633	6	15756	15756	0.0509357
633	7	5597	5597	0.0607557
633	8	422	422	0.0077343
633	9	13686	13686	0.153764
633	10	49235	49235	0.0186758
633	11	13	13	1.90735e-06
633	12	50256	50256	3.8147e-06
634	5	34371	34371	0.0235853
634	6	16578	16578	0.077157
634	7	283	283	0.0625744
634	8	3815	3815	0.0264578
634	9	1262	1262	0.0561485
634	10	16311	16311	0.0313511
634	11	286	286	0.00115395
634	12	530	530	0.0393476
634	13	284	284	0.00666428
634	14	1440	1440	0.0588522
634	15	9881	9881	0.0723515
634	16	13	13	1.90735e-06
634	17	50256	50256	3.8147e-06
635	5	2458	2458	0.0347052
635	6	257	257	0.00378799
635	7	6769	6769	0.109296
635	8	338	338	0.00380707
635	9	6515	6515	0.196042
635	10	8373	8373	0.0298252
635	11	618	618	0.0164242
635	12	2723	2723	0.0848293
635	13	290	290	0.00300217
635	14	22890	22890	0.207095
635	15	1445	1445	0.0361462
635	16	3585	3585	0.0441179
635	17	284	284	0.0168133
635	18	1123	1123	0.0615339
635	19	584	584	0.0425797
635	20	13	13	0.000181198
635	21	50256	50256	5.72205e-06
636	5	8372	8372	0.254859
636	6	3354	3354	0.0419121
636	7	286	286	0.00144005
636	8	16519	16519	0.0610619
636	9	290	290	0.00573158
636	10	17456	17456	0.0536003
636	11	13	13	0.000185013
636	12	50256	50256	5.72205e-06
637	5	21767	21767	0.052186
637	6	262	262	0.000110626
637	7	1271	1271	0.099679
637	8	286	286	0.00989151
637	9	1237	1237	0.0934772
637	10	684	684	0.0391073
637	11	287	287	0.00990105
637	12	663	663	0.0217018
637	13	29984	29984	0.113682
637	14	13	13	3.8147e-06
637	15	50256	50256	5.72205e-06
638	5	5563	5563	0.0176077
638	6	832	832	0.0075264
638	7	41630	41630	0.0880213
638	8	38445	38445	0.0445347
638	9	5107	5107	0.0547428
638	10	13	13	0.00185394
638	11	50256	50256	2.86102e-05
639	5	14921	14921	0.0297632
639	6	5563	5563	0.0302649
639	7	884	884	0.0365725
639	8	355	355	0.00634003
639	9	8234	8234	0.313265
639	10	11	11	0.0182085
639	11	12734	12734	0.109168
639	12	11	11	0.0173073
639	13	393	393	0.0106325
639	14	14891	14891	0.122705
639	15	13	13	1.33514e-05
639	16	50256	50256	0.000150681
640	5	7997	7997	0.134149
640	6	416	416	0.0090065
640	7	257	257	0.0064888
640	8	10706	10706	0.0522585
640	9	286	286	0.00034523
640	10	17848	17848	0.0701265
640	11	13	13	5.72205e-06
640	12	50256	50256	1.90735e-06
641	5	281	281	0.00644302
641	6	4457	4457	0.0842199
641	7	29877	29877	0.0513325
641	8	2858	2858	0.0373554
641	9	11	11	0.00621605
641	10	407	407	0.0263672
641	11	257	257	0.00254822
641	12	2818	2818	0.0430384
641	13	17076	17076	0.0454931
641	14	13	13	1.14441e-05
641	15	50256	50256	1.90735e-06
642	5	3194	3194	0.065444
642	6	355	355	0.0303802
642	7	257	257	0.00492096
642	8	8064	8064	0.13819
642	9	286	286	0.000713348
642	10	734	734	0.0525494
642	11	37014	37014	0.0518932
642	12	13	13	0.000993729
642	13	50256	50256	1.90735e-06
643	5	2107	2107	0.0910425
643	6	290	290	0.0060463
643	7	1663	1663	0.0629883
643	8	329	329	0.0292282
643	9	517	517	0.111928
643	10	621	621	0.031004
643	11	734	734	0.0580463
643	12	812	812	0.0590925
643	13	13	13	0.000268936
643	14	50256	50256	3.8147e-06
644	5	3139	3139	0.0142155
644	6	286	286	0.000366211
644	7	16952	16952	0.18658
644	8	287	287	0.0028801
644	9	21199	21199	0.0667534
644	10	7229	7229	0.020771
644	11	13	13	2.09808e-05
644	12	50256	50256	3.43323e-05
645	5	4847	4847	0.0501099
645	6	832	832	0.0168924
645	7	10288	10288	0.150646
645	8	284	284	0.00301743
645	9	584	584	0.0754452
645	10	4847	4847	0.0758696
645	11	13	13	7.62939e-06
645	12	50256	50256	5.72205e-06
646	5	10050	10050	0.0909004
646	6	2568	2568	0.0194616
646	7	284	284	0.00611496
646	8	663	663	0.00521755
646	9	21334	21334	0.0178194
646	10	13	13	1.90735e-06
646	11	50256	50256	3.8147e-06
647	5	48135	48135	0.271585
647	6	286	286	0.00970459
647	7	262	262	0.0113239
647	8	11188	11188	0.426908
647	9	3967	3967	0.0504131
647	10	1176	1176	0.0533018
647	11	286	286	0.00567627
647	12	257	257	0.00159454
647	13	1729	1729	0.107205
647	14	22570	22570	0.0515938
647	15	1271	1271	0.0106764
647	16	13	13	0.000482559
647	17	50256	50256	1.33514e-05
648	5	262	262	0.000846863
648	6	3085	3085	0.101173
648	7	1627	1627	0.022398
648	8	8686	8686	0.016964
648	9	284	284	0.00176048
648	10	262	262	0.0114012
648	11	3465	3465	0.140629
648	12	376	376	0.0533962
648	13	13	13	3.24249e-05
648	14	50256	50256	5.72205e-06
649	5	1499	1499	0.0353212
649	6	287	287	0.0173416
649	7	262	262	0.00827026
649	8	7840	7840	0.0493917
649	9	18020	18020	0.0445614
649	10	13	13	0.000219345
649	11	50256	50256	1.90735e-05
650	5	4469	4469	0.212969
650	6	286	286	0.00763893
650	7	26467	26467	0.24948
650	8	385	385	0.0299149
650	9	1872	1872	0.100449
650	10	338	338	0.0176249
650	11	3878	3878	0.102713
650	12	17084	17084	0.0726042
650	13	13	13	1.33514e-05
650	14	50256	50256	3.8147e-06
651	5	2846	2846	0.159289
651	6	286	286	0.0042305
651	7	1223	1223	0.190205
651	8	2073	2073	0.0485601
651	9	1231	1231	0.018302
651	10	10616	10616	0.101684
651	11	257	257	0.00946712
651	12	18875	18875	0.140285
651	13	5369	5369	0.0369425
651	14	13	13	2.09808e-05
651	15	50256	50256	5.72205e-06
652	5	77	77	0.017189
652	6	2340	2340	0.0195265
652	7	326	326	0.0278568
652	8	3745	3745	0.120058
652	9	319	319	0.00495911
652	10	262	262	0.0120316
652	11	2910	2910	0.0968294
652	12	286	286	0.00180435
652	13	11453	11453	0.102462
652	14	13	13	3.8147e-06
652	15	50256	50256	1.14441e-05
653	5	1602	1602	0.104056
653	6	14796	14796	0.037364
653	7	22950	22950	0.30543
653	8	423	423	0.046917
653	9	262	262	0.00131607
653	10	976	976	0.0486412
653	11	4129	4129	0.0509615
653	12	13	13	1.14441e-05
653	13	50256	50256	1.90735e-06
654	5	6268	6268	0.0319681
654	6	4073	4073	0.0490961
654	7	416	416	0.00493431
654	8	29781	29781	0.071847
654	9	290	290	0.00232315
654	10	584	584	0.0631399
654	11	38622	38622	0.0694504
654	12	13	13	1.90735e-06
654	13	50256	50256	5.72205e-06
655	5	635	635	0.10094
655	6	8811	8811	0.0239391
655	7	1900	1900	0.0623827
655	8	355	355	0.0352535
655	9	5482	5482	0.160268
655	10	3820	3820	0.0303049
655	11	10872	10872	0.0374603
655	12	16567	16567	0.0577555
655	13	13	13	2.28882e-05
655	14	50256	50256	3.8147e-06
656	5	5405	5405	0.0165567
656	6	416	416	0.0121536
656	7	28472	28472	0.131234
656	8	803	803	0.0261593
656	9	340	340	0.0222816
656	10	351	351	0.0116949
656	11	1633	1633	0.018858
656	12	13	13	0.0004673
656	13	50256	50256	9.53674e-06
657	5	4756	4756	0.270105
657	6	832	832	0.00522995
657	7	543	543	0.0535679
657	8	1657	1657	0.026825
657	9	14170	14170	0.120893
657	10	262	262	0.00128746
657	11	18480	18480	0.252391
657	12	1080	1080	0.0441999
657	13	13	13	0.00200844
657	14	50256	50256	3.8147e-06
658	5	4855	4855	0.0458784
658	6	14510	14510	0.0468016
658	7	287	287	0.00588226
658	8	6156	6156	0.048871
658	9	6365	6365	0.0970049
658	10	13	13	0.000247955
658	11	50256	50256	1.14441e-05
659	5	423	423	0.0500746
659	6	257	257	0.00224113
659	7	2060	2060	0.0820847
659	8	269	269	0.130296
659	9	313	313	0.111533
659	10	88	88	0.0464039
659	11	992	992	0.102853
659	12	261	261	0.0550947
659	13	13	13	1.14441e-05
659	14	50256	50256	3.8147e-06
660	5	2280	2280	0.0193157
660	6	393	393	0.0225706
660	7	15256	15256	0.126855
660	8	2280	2280	0.0475235
660	9	618	618	0.0306845
660	10	484	484	0.0450258
660	11	21721	21721	0.0207567
660	12	13	13	4.19617e-05
660	13	50256	50256	7.62939e-06
661	5	12	12	0.029973
661	6	13982	13982	0.210568
661	7	21824	21824	0.0554295
661	8	5421	5421	0.114148
661	9	1978	1978	0.0433264
661	10	656	656	0.0255852
661	11	3881	3881	0.0418243
661	12	13	13	0.00022316
661	13	50256	50256	1.90735e-06
662	5	46716	46716	0.16666
662	6	1805	1805	0.072094
662	7	262	262	0.00444984
662	8	517	517	0.0449324
662	9	19217	19217	0.0419817
662	10	12098	12098	0.0437679
662	11	11061	11061	0.0187778
662	12	606	606	0.0358028
662	13	13	13	0
662	14	50256	50256	7.62939e-06
663	5	37475	37475	0.038516
663	6	11	11	0.00261879
663	7	284	284	0.0179701
663	8	5643	5643	0.199107
663	9	11	11	0.00819778
663	10	3664	3664	0.0851583
663	11	321	321	0.0840387
663	12	45070	45070	0.0716257
663	13	11	11	0.00333595
663	14	290	290	0.00756073
663	15	23849	23849	0.162836
663	16	2339	2339	0.0644989
663	17	1275	1275	0.0969772
663	18	721	721	0.0534945
663	19	346	346	0.0436058
663	20	1547	1547	0.0281658
663	21	13	13	0.000125885
663	22	50256	50256	1.90735e-05
664	5	3624	3624	0.205856
664	6	5101	5101	0.0993538
664	7	284	284	0.0125265
664	8	7301	7301	0.107747
664	9	290	290	0.00270653
664	10	5412	5412	0.524329
664	11	5563	5563	0.0391407
664	12	13	13	0.00053215
664	13	50256	50256	1.90735e-06
665	5	262	262	0.000289917
665	6	10596	10596	0.0793381
665	7	10692	10692	0.0409451
665	8	832	832	0.0216494
665	9	262	262	0.00234795
665	10	41407	41407	0.119798
665	11	286	286	0.00383949
665	12	47403	47403	0.0602465
665	13	13	13	0
665	14	50256	50256	2.28882e-05
666	5	42096	42096	0.0803623
666	6	379	379	0.00572586
666	7	262	262	0.00107002
666	8	18955	18955	0.159861
666	9	393	393	0.0117149
666	10	22088	22088	0.0911255
666	11	291	291	0.0328131
666	12	1241	1241	0.153218
666	13	13	13	2.09808e-05
666	14	50256	50256	7.62939e-06
667	5	5563	5563	0.0113659
667	6	416	416	0.0128345
667	7	13157	13157	0.381816
667	8	517	517	0.0489168
667	9	1657	1657	0.0411787
667	10	621	621	0.0167074
667	11	262	262	0.00183868
667	12	555	555	0.210675
667	13	64	64	0.0993319
667	14	1384	1384	0.0505276
667	15	4151	4151	0.0353727
667	16	13	13	1.90735e-06
667	17	50256	50256	1.71661e-05
668	5	284	284	0.00667953
668	6	8181	8181	0.0649986
668	7	422	422	0.0084095
668	8	5509	5509	0.0826378
668	9	13737	13737	0.0772915
668	10	13	13	0.000114441
668	11	50256	50256	1.14441e-05
669	5	2753	2753	0.0137634
669	6	1295	1295	0.0344734
669	7	8384	8384	0.0236673
669	8	319	319	0.00483131
669	9	281	281	0.0124826
669	10	7022	7022	0.0352859
669	11	13	13	0.000925064
669	12	50256	50256	9.53674e-06
670	5	16524	16524	0.0484953
670	6	13510	13510	0.0474014
670	7	9210	9210	0.0349627
670	8	326	326	0.00595284
670	9	389	389	0.0217247
670	10	7425	7425	0.0543528
670	11	351	351	0.00763512
670	12	6428	6428	0.0648985
670	13	5289	5289	0.030282
670	14	13	13	1.90735e-06
670	15	50256	50256	0
671	5	7596	7596	0.0419998
671	6	4791	4791	0.058423
671	7	591	591	0.0430803
671	8	7346	7346	0.0482664
671	9	257	257	0.00664139
671	10	1327	1327	0.306116
671	11	8434	8434	0.0480404
671	12	7582	7582	0.0347223
671	13	13	13	0.000238419
671	14	50256	50256	5.72205e-06
672	5	2291	2291	0.0143738
672	6	24789	24789	0.0431137
672	7	47523	47523	0.0239019
672	8	290	290	0.00264359
672	9	14186	14186	0.179092
672	10	6147	6147	0.0366783
672	11	12835	12835	0.0493126
672	12	13	13	0.000188828
672	13	50256	50256	5.72205e-06
673	5	878	878	0.00967026
673	6	14342	14342	0.0332403
673	7	1973	1973	0.00705051
673	8	2031	2031	0.0216751
673	9	13	13	5.53131e-05
673	10	50256	50256	5.72205e-06
674	5	1104	1104	0.264941
674	6	966	966	0.0188541
674	7	1444	1444	0.00930595
674	8	257	257	0.00358009
674	9	46246	46246	0.294878
674	10	6098	6098	0.0279932
674	11	388	388	0.0293283
674	12	13	13	0.000581741
674	13	50256	50256	1.90735e-06
675	5	656	656	0.0177708
675	6	262	262	0.00404358
675	7	1956	1956	0.088933
675	8	24162	24162	0.0775738
675	9	327	327	0.0423784
675	10	5126	5126	0.0412931
675	11	666	666	0.0526819
675	12	6896	6896	0.116069
675	13	13	13	0.000102997
675	14	50256	50256	1.52588e-05
676	5	5399	5399	0.0984201
676	6	15921	15921	0.0382471
676	7	286	286	0.00296783
676	8	867	867	0.0605326
676	9	12734	12734	0.0547094
676	10	13	13	0.000762939
676	11	50256	50256	9.53674e-06
677	5	2568	2568	0.0161924
677	6	656	656	0.00717735
677	7	12370	12370	0.0670509
677	8	6268	6268	0.0481386
677	9	13	13	0.00331116
677	10	50256	50256	5.72205e-06
678	5	389	389	0.065094
678	6	1043	1043	0.0799532
678	7	355	355	0.0106411
678	8	880	880	0.207977
678	9	355	355	0.0104713
678	10	644	644	0.208602
678	11	484	484	0.0261269
678	12	389	389	0.0201836
678	13	13	13	0.000566483
678	14	50256	50256	1.14441e-05
679	5	287	287	0.00464058
679	6	262	262	0.00334167
679	7	4037	4037	0.223306
679	8	4482	4482	0.0406542
679	9	286	286	0.00265694
679	10	27719	27719	0.103119
679	11	13	13	1.90735e-06
679	12	50256	50256	3.8147e-06
680	5	3139	3139	0.0710583
680	6	286	286	9.34601e-05
680	7	21291	21291	0.304879
680	8	11	11	0.00304413
680	9	1029	1029	0.0826054
680	10	287	287	0.0091629
680	11	262	262	0.00355721
680	12	843	843	0.0731916
680	13	274	274	0.0129499
680	14	13	13	1.14441e-05
680	15	50256	50256	1.14441e-05
681	5	3139	3139	0.0249939
681	6	11	11	0.00765038
681	7	290	290	0.0292492
681	8	262	262	0.00554276
681	9	569	569	0.273144
681	10	396	396	0.116928
681	11	4712	4712	0.0700932
681	12	15623	15623	0.145376
681	13	832	832	0.0119629
681	14	340	340	0.0406523
681	15	13	13	5.53131e-05
681	16	50256	50256	4.19617e-05
682	5	13	13	9.53674e-06
682	6	50256	50256	3.8147e-05
683	5	7306	7306	0.226246
683	6	10349	10349	0.11836
683	7	2648	2648	0.0611258
683	8	262	262	0.00297546
683	9	976	976	0.0916815
683	10	15004	15004	0.0862484
683	11	3580	3580	0.0359821
683	12	13	13	0.000963211
683	13	50256	50256	1.71661e-05
684	5	1103	1103	0.0768633
684	6	3146	3146	0.0794477
684	7	318	318	0.0123501
684	8	3967	3967	0.0955505
684	9	13	13	9.72748e-05
684	10	50256	50256	3.24249e-05
685	5	1296	1296	0.0568171
685	6	618	618	0.0574446
685	7	44030	44030	0.091712
685	8	2587	2587	0.0439215
685	9	3608	3608	0.11733
685	10	82	82	0.0351534
685	11	290	290	0.00703335
685	12	4735	4735	0.0296392
685	13	6945	6945	0.0112906
685	14	13	13	3.8147e-06
685	15	50256	50256	7.62939e-06
686	5	5894	5894	0.129584
686	6	4771	4771	0.102774
686	7	2458	2458	0.0824318
686	8	3264	3264	0.0755224
686	9	422	422	0.0187111
686	10	4735	4735	0.155537
686	11	284	284	0.0171757
686	12	3623	3623	0.165016
686	13	13	13	0.000511169
686	14	50256	50256	3.8147e-06
687	5	5002	5002	0.0582466
687	6	423	423	0.0313625
687	7	4961	4961	0.0444431
687	8	386	386	0.105894
687	9	1122	1122	0.0814085
687	10	9853	9853	0.0549889
687	11	475	475	0.0644808
687	12	1180	1180	0.0491619
687	13	49810	49810	0.0837774
687	14	9853	9853	0.0561714
687	15	13	13	0.000368118
687	16	50256	50256	5.72205e-06
688	5	42407	42407	0.0513887
688	6	469	469	0.135648
688	7	318	318	0.00629997
688	8	262	262	0.000232697
688	9	4318	4318	0.0734415
688	10	2095	2095	0.0653811
688	11	287	287	0.00515556
688	12	317	317	0.0754986
688	13	6786	6786	0.0506649
688	14	5074	5074	0.0122232
688	15	13	13	2.67029e-05
688	16	50256	50256	2.09808e-05
689	5	925	925	0.0424976
689	6	7525	7525	0.0661039
689	7	286	286	0.00328827
689	8	6383	6383	0.361657
689	9	50006	50006	0.0896969
689	10	2138	2138	0.00701046
689	11	621	621	0.00567818
689	12	9970	9970	0.0445929
689	13	13	13	3.62396e-05
689	14	50256	50256	1.90735e-06
690	5	26600	26600	0.0601015
690	6	663	663	0.00951672
690	7	16704	16704	0.13201
690	8	11348	11348	0.0388756
690	9	1108	1108	0.0201645
690	10	13	13	0.000139236
690	11	50256	50256	9.53674e-06
691	5	1748	1748	0.0324783
691	6	286	286	0.00255966
691	7	8602	8602	0.0831413
691	8	11	11	0.0104008
691	9	319	319	0.01651
691	10	262	262	0.00892258
691	11	314	314	0.120183
691	12	527	527	0.11141
691	13	666	666	0.034874
691	14	24078	24078	0.116296
691	15	13	13	0.00015831
691	16	50256	50256	3.8147e-06
692	5	319	319	0.00605011
692	6	49812	49812	0.153104
692	7	2340	2340	0.039175
692	8	290	290	0.0151386
692	9	584	584	0.0245171
692	10	1402	1402	0.0531301
692	11	19435	19435	0.0458221
692	12	13	13	1.33514e-05
692	13	50256	50256	1.33514e-05
693	5	1022	1022	0.00715923
693	6	7686	7686	0.0237427
693	7	13	13	5.72205e-06
693	8	50256	50256	1.71661e-05
694	5	11	11	0.00354004
694	6	318	318	0.0132351
694	7	262	262	0.000347137
694	8	2260	2260	0.296374
694	9	3139	3139	0.019536
694	10	286	286	0.000162125
694	11	4505	4505	0.226277
694	12	13	13	0.00041008
694	13	50256	50256	5.91278e-05
695	5	2024	2024	0.0153208
695	6	460	460	0.0149794
695	7	307	307	0.0472307
695	8	2087	2087	0.0700779
695	9	416	416	0.0249367
695	10	4375	4375	0.128519
695	11	511	511	0.0266581
695	12	5470	5470	0.156522
695	13	2024	2024	0.0310907
695	14	13	13	0.000181198
695	15	50256	50256	1.90735e-06
696	5	262	262	0.00598526
696	6	25861	25861	0.114599
696	7	2779	2779	0.0669947
696	8	4326	4326	0.0400896
696	9	329	329	0.010397
696	10	21969	21969	0.181052
696	11	34743	34743	0.037303
696	12	5951	5951	0.0126476
696	13	13	13	0.00159454
696	14	50256	50256	3.8147e-06
697	5	14729	14729	0.0286388
697	6	286	286	0.00183487
697	7	7405	7405	0.0295992
697	8	13	13	0.000135422
697	9	50256	50256	2.86102e-05
698	5	262	262	0.0119867
698	6	2685	2685	0.109159
698	7	8573	8573	0.0812664
698	8	810	810	0.117173
698	9	5205	5205	0.067338
698	10	44411	44411	0.113159
698	11	8833	8833	0.0578833
698	12	287	287	0.00759315
698	13	4077	4077	0.144665
698	14	6134	6134	0.0576582
698	15	13	13	0.000490189
698	16	50256	50256	2.28882e-05
699	5	8850	8850	0.0835848
699	6	1633	1633	0.125235
699	7	10874	10874	0.153786
699	8	8384	8384	0.104424
699	9	286	286	0.0127678
699	10	17745	17745	0.089632
699	11	7268	7268	0.0695448
699	12	734	734	0.0443621
699	13	11863	11863	0.147788
699	14	23235	23235	0.0749197
699	15	13	13	6.86646e-05
699	16	50256	50256	7.62939e-06
700	5	416	416	0.00752354
700	6	1633	1633	0.0378847
700	7	11581	11581	0.219161
700	8	8902	8902	0.0767879
700	9	706	706	0.0391865
700	10	14357	14357	0.09478
700	11	37876	37876	0.0497532
700	12	340	340	0.0185108
700	13	13	13	0.000232697
700	14	50256	50256	1.90735e-05
701	5	13522	13522	0.0816965
701	6	11	11	0.00362015
701	7	257	257	0.0337811
701	8	2829	2829	0.501785
701	9	44017	44017	0.14751
701	10	14452	14452	0.146794
701	11	26728	26728	0.190324
701	12	517	517	0.0695267
701	13	6364	6364	0.0839481
701	14	618	618	0.0485668
701	15	663	663	0.0114174
701	16	4129	4129	0.117993
701	17	318	318	0.00626469
701	18	3220	3220	0.0882864
701	19	13	13	3.8147e-05
701	20	50256	50256	6.67572e-05
702	5	1785	1785	0.275489
702	6	17810	17810	0.052331
702	7	11	11	0.00171661
702	8	1657	1657	0.0532455
702	9	2314	2314	0.121846
702	10	6654	6654	0.0653667
702	11	284	284	0.00675678
702	12	12899	12899	0.131191
702	13	17984	17984	0.0360498
702	14	13	13	0.000524521
702	15	50256	50256	1.71661e-05
703	5	287	287	0.0142193
703	6	262	262	0.00117493
703	7	614	614	0.0765581
703	8	1478	1478	0.0732813
703	9	4310	4310	0.0280075
703	10	13	13	1.52588e-05
703	11	50256	50256	7.62939e-06
704	5	281	281	0.0214624
704	6	12278	12278	0.0296612
704	7	6737	6737	0.0306082
704	8	13	13	0.000167847
704	9	50256	50256	9.53674e-06
705	5	5166	5166	0.419906
705	6	286	286	0.013649
705	7	302	302	0.222755
705	8	5379	5379	0.0818062
705	9	326	326	0.0171337
705	10	12611	12611	0.107866
705	11	378	378	0.058753
705	12	1028	1028	0.287515
705	13	1123	1123	0.0308199
705	14	584	584	0.0306921
705	15	13	13	7.82013e-05
705	16	50256	50256	5.72205e-06
706	5	284	284	0.0137587
706	6	1037	1037	0.015975
706	7	17276	17276	0.0589542
706	8	8574	8574	0.0301256
706	9	12784	12784	0.0347433
706	10	13	13	8.39233e-05
706	11	50256	50256	2.86102e-05
707	5	1205	1205	0.0084219
707	6	1231	1231	0.0136223
707	7	15345	15345	0.0306082
707	8	11904	11904	0.0127163
707	9	13	13	1.90735e-06
707	10	50256	50256	1.52588e-05
708	5	262	262	0.00772476
708	6	44345	44345	0.66828
708	7	8813	8813	0.0633802
708	8	268	268	0.0924807
708	9	1904	1904	0.178516
708	10	21767	21767	0.0389109
708	11	262	262	0.00136948
708	12	2160	2160	0.228354
708	13	286	286	0.00485992
708	14	262	262	0.000703812
708	15	24438	24438	0.0864077
708	16	286	286	0.00506783
708	17	262	262	0.0008564
708	18	584	584	0.0579576
708	19	734	734	0.0315762
708	20	5389	5389	0.06847
708	21	13	13	0.00179863
708	22	50256	50256	1.52588e-05
709	5	32202	32202	0.238145
709	6	1276	1276	0.0603895
709	7	14999	14999	0.0936556
709	8	663	663	0.0237484
709	9	20831	20831	0.160975
709	10	409	409	0.177252
709	11	418	418	0.0437307
709	12	38800	38800	0.0592022
709	13	13	13	5.91278e-05
709	14	50256	50256	3.8147e-06
710	5	4279	4279	0.141814
710	6	393	393	0.011446
710	7	2393	2393	0.208419
710	8	287	287	0.0165768
710	9	19780	19780	0.0965357
710	10	13	13	0.0113125
710	11	50256	50256	2.47955e-05
711	5	1245	1245	0.037631
711	6	286	286	0.00907516
711	7	257	257	0.00653076
711	8	2700	2700	0.0751143
711	9	546	546	0.0549774
711	10	281	281	0.0212793
711	11	16488	16488	0.0716696
711	12	13	13	1.71661e-05
711	13	50256	50256	5.72205e-06
712	5	1588	1588	0.0297012
712	6	9824	9824	0.0513906
712	7	319	319	0.0162172
712	8	262	262	0.00382233
712	9	10326	10326	0.255159
712	10	4417	4417	0.0119276
712	11	287	287	0.00198364
712	12	25768	25768	0.0920715
712	13	13	13	1.90735e-06
712	14	50256	50256	1.90735e-05
713	5	6869	6869	0.107396
713	6	338	338	0.00953865
713	7	4252	4252	0.32097
713	8	18250	18250	0.0636158
713	9	33169	33169	0.0513353
713	10	6698	6698	0.0703964
713	11	4632	4632	0.0870056
713	12	1497	1497	0.0362282
713	13	422	422	0.00837517
713	14	3668	3668	0.0422783
713	15	13	13	0.00161171
713	16	50256	50256	0.000160217
714	5	779	779	0.034502
714	6	16396	16396	0.0827856
714	7	5405	5405	0.0351334
714	8	284	284	0.0102501
714	9	1296	1296	0.0245514
714	10	9824	9824	0.0712538
714	11	393	393	0.0210857
714	12	5986	5986	0.0698729
714	13	13	13	0.00271606
714	14	50256	50256	5.72205e-06
715	5	2458	2458	0.041955
715	6	262	262	0.000759125
715	7	4129	4129	0.100105
715	8	286	286	0.00639153
715	9	262	262	0.00635338
715	10	8875	8875	0.184226
715	11	338	338	0.00873661
715	12	1633	1633	0.111941
715	13	3108	3108	0.0787411
715	14	13	13	0.000961304
715	15	50256	50256	1.90735e-06
716	5	287	287	0.000873566
716	6	13066	13066	0.0858278
716	7	1088	1088	0.0328045
716	8	262	262	0.00325012
716	9	3825	3825	0.0635853
716	10	13	13	0.00187492
716	11	50256	50256	1.52588e-05
717	5	47786	47786	0.052742
717	6	262	262	0.00327492
717	7	3356	3356	0.0641594
717	8	286	286	0.00134659
717	9	5186	5186	0.0329266
717	10	3877	3877	0.0256739
717	11	832	832	0.0149555
717	12	663	663	0.028059
717	13	11963	11963	0.105545
717	14	13	13	0.00344276
717	15	50256	50256	1.90735e-06
718	5	4483	4483	0.180735
718	6	2057	2057	0.0208445
718	7	422	422	0.00763321
718	8	1111	1111	0.0577545
718	9	6134	6134	0.0645876
718	10	290	290	0.00701141
718	11	4695	4695	0.0529461
718	12	13	13	5.72205e-06
718	13	50256	50256	1.33514e-05
719	5	6268	6268	0.0368214
719	6	832	832	0.0127792
719	7	18842	18842	0.102859
719	8	722	722	0.0309153
719	9	9941	9941	0.0283003
719	10	13	13	1.90735e-06
719	11	50256	50256	1.90735e-06
720	5	3668	3668	0.0222263
720	6	338	338	0.00270653
720	7	4417	4417	0.0260448
720	8	318	318	0.00751877
720	9	1444	1444	0.0202847
720	10	2153	2153	0.0535622
720	11	2611	2611	0.0255804
720	12	13	13	0.000131607
720	13	50256	50256	5.72205e-06
721	5	262	262	0.000165939
721	6	976	976	0.0622129
721	7	1688	1688	0.108346
721	8	5044	5044	0.0984116
721	9	1448	1448	0.0548229
721	10	355	355	0.0231991
721	11	5417	5417	0.135661
721	12	281	281	0.0243769
721	13	368	368	0.304962
721	14	1952	1952	0.0487013
721	15	13	13	0
721	16	50256	50256	8.2016e-05
722	5	656	656	0.00705719
722	6	12278	12278	0.0139389
722	7	2568	2568	0.0154495
722	8	13	13	0.00125885
722	9	50256	50256	2.09808e-05
723	5	2219	2219	0.0656214
723	6	1438	1438	0.046752
723	7	329	329	0.0193415
723	8	21072	21072	0.0475521
723	9	275	275	0.0960083
723	10	291	291	0.0419731
723	11	42084	42084	0.114428
723	12	378	378	0.0638819
723	13	13	13	7.62939e-06
723	14	50256	50256	5.72205e-06
724	5	9377	9377	0.118628
724	6	1271	1271	0.0210047
724	7	13	13	5.72205e-06
724	8	50256	50256	7.62939e-06
725	5	19780	19780	0.0482779
725	6	983	983	0.121999
725	7	351	351	0.0144825
725	8	27913	27913	0.0634222
725	9	5207	5207	0.040946
725	10	13	13	0.000417709
725	11	50256	50256	5.72205e-06
726	5	286	286	0.000709534
726	6	16490	16490	0.054307
726	7	287	287	0.00257301
726	8	22197	22197	0.118678
726	9	338	338	0.00700378
726	10	13574	13574	0.253329
726	11	13	13	0
726	12	50256	50256	3.8147e-06
727	5	878	878	0.00714207
727	6	340	340	0.0287342
727	7	5667	5667	0.0268345
727	8	262	262	0.00238991
727	9	1767	1767	0.0239429
727	10	13	13	4.76837e-05
727	11	50256	50256	0.0001297
728	5	36324	36324	0.249043
728	6	389	389	0.0181112
728	7	925	925	0.0456305
728	8	422	422	0.011219
728	9	35988	35988	0.11094
728	10	2266	2266	0.108997
728	11	32085	32085	0.0655937
728	12	39642	39642	0.110894
728	13	13	13	1.71661e-05
728	14	50256	50256	1.90735e-06
729	5	1862	1862	0.0768948
729	6	20611	20611	0.0461483
729	7	34262	34262	0.0483112
729	8	878	878	0.036521
729	9	484	484	0.0501318
729	10	3938	3938	0.0371447
729	11	4292	4292	0.0429373
729	12	13	13	0.000391006
729	13	50256	50256	1.52588e-05
730	5	10874	10874	0.0721607
730	6	286	286	0.00129509
730	7	867	867	0.0666571
730	8	5100	5100	0.0818806
730	9	17894	17894	0.0328674
730	10	13	13	4.19617e-05
730	11	50256	50256	1.90735e-06
731	5	1690	1690	0.0241632
731	6	18782	18782	0.051919
731	7	5609	5609	0.0496864
731	8	1657	1657	0.0295467
731	9	290	290	0.00204659
731	10	10908	10908	0.140547
731	11	8188	8188	0.0174561
731	12	13	13	0
731	13	50256	50256	5.72205e-06
732	5	663	663	0.0130348
732	6	1957	1957	0.182456
732	7	636	636	0.0329285
732	8	290	290	0.0159245
732	9	7386	7386	0.103447
732	10	351	351	0.0150785
732	11	281	281	0.065691
732	12	379	379	0.116629
732	13	1051	1051	0.139335
732	14	13	13	0.00337315
732	15	50256	50256	1.90735e-06
733	5	284	284	0.0048542
733	6	5951	5951	0.242925
733	7	284	284	0.0103741
733	8	1037	1037	0.0733814
733	9	16697	16697	0.070446
733	10	16930	16930	0.0626135
733	11	393	393	0.00763416
733	12	15134	15134	0.084897
733	13	13	13	1.90735e-06
733	14	50256	50256	0.000286102
734	5	878	878	0.0153732
734	6	8978	8978	0.0227394
734	7	262	262	0.00257874
734	8	19517	19517	0.10624
734	9	6896	6896	0.0353289
734	10	13	13	5.72205e-06
734	11	50256	50256	2.47955e-05
735	5	5400	5400	0.0539093
735	6	287	287	0.00152779
735	7	11711	11711	0.0895119
735	8	3833	3833	0.0467396
735	9	1088	1088	0.0273228
735	10	281	281	0.0280075
735	11	37970	37970	0.332039
735	12	2134	2134	0.0253248
735	13	13	13	0.00034523
735	14	50256	50256	1.14441e-05
736	5	5253	5253	0.0416632
736	6	2138	2138	0.0112085
736	7	621	621	0.00524139
736	8	257	257	0.0105686
736	9	9478	9478	0.175625
736	10	286	286	0.00441742
736	11	640	640	0.0533476
736	12	13	13	1.90735e-06
736	13	50256	50256	2.67029e-05
737	5	4695	4695	0.0603056
737	6	11	11	0.0134087
737	7	772	772	0.0402441
737	8	996	996	0.0787039
737	9	867	867	0.0459871
737	10	22464	22464	0.104646
737	11	7009	7009	0.0602579
737	12	12734	12734	0.0423737
737	13	13	13	4.95911e-05
737	14	50256	50256	3.8147e-05
738	5	257	257	0.00235176
738	6	3992	3992	0.0352478
738	7	2443	2443	0.0584621
738	8	815	815	0.0512371
738	9	307	307	0.0320997
738	10	5545	5545	0.0373802
738	11	13	13	3.62396e-05
738	12	50256	50256	9.53674e-06
739	5	13066	13066	0.0241699
739	6	23537	23537	0.0374231
739	7	422	422	0.00386238
739	8	262	262	0.00959778
739	9	3825	3825	0.0219116
739	10	13	13	0.000955582
739	11	50256	50256	0.000143051
740	5	76	76	0.0467186
740	6	8592	8592	0.236536
740	7	11	11	0.00311661
740	8	340	340	0.0398741
740	9	5419	5419	0.04986
740	10	3197	3197	0.123057
740	11	1633	1633	0.0307932
740	12	656	656	0.0276661
740	13	262	262	0.0214586
740	14	21726	21726	0.464119
740	15	13	13	6.48499e-05
740	16	50256	50256	1.90735e-05
741	5	431	431	0.0404501
741	6	260	260	0.051733
741	7	355	355	0.0110645
741	8	663	663	0.0263634
741	9	25861	25861	0.199735
741	10	2779	2779	0.0592546
741	11	4326	4326	0.0265198
741	12	13	13	7.62939e-06
741	13	50256	50256	1.52588e-05
742	5	318	318	0.0107565
742	6	257	257	0.00857162
742	7	20838	20838	0.0945921
742	8	12505	12505	0.0815659
742	9	3716	3716	0.0197983
742	10	319	319	0.0250616
742	11	262	262	0.00385094
742	12	28259	28259	0.289982
742	13	7022	7022	0.0693302
742	14	286	286	0.00382423
742	15	7349	7349	0.793068
742	16	13	13	0.000579834
742	17	50256	50256	7.62939e-06
743	5	17777	17777	0.0163288
743	6	274	274	0.0245113
743	7	1138	1138	0.0877476
743	8	37670	37670	0.0449982
743	9	1042	1042	0.0417356
743	10	13	13	0.0019722
743	11	50256	50256	3.8147e-06
744	5	3218	3218	0.205268
744	6	37783	37783	0.0595274
744	7	326	326	0.00806808
744	8	17245	17245	0.171208
744	9	779	779	0.0920277
744	10	284	284	0.0136986
744	11	3357	3357	0.142817
744	12	10576	10576	0.0303783
744	13	13	13	1.33514e-05
744	14	50256	50256	5.72205e-06
745	5	618	618	0.0315208
745	6	4683	4683	0.163304
745	7	12586	12586	0.0982485
745	8	1487	1487	0.170717
745	9	739	739	0.0308027
745	10	4894	4894	0.513083
745	11	290	290	0.0062809
745	12	3833	3833	0.0959587
745	13	1231	1231	0.0573769
745	14	3190	3190	0.145089
745	15	24203	24203	0.0433826
745	16	13	13	0.00371552
745	17	50256	50256	9.53674e-06
746	5	572	572	0.0408239
746	6	5478	5478	0.0150623
746	7	338	338	0.00668812
746	8	35618	35618	0.122176
746	9	7051	7051	0.0352621
746	10	13	13	2.28882e-05
746	11	50256	50256	3.8147e-06
747	5	8506	8506	0.0623941
747	6	12201	12201	0.0821114
747	7	636	636	0.0359211
747	8	286	286	0.00477409
747	9	281	281	0.0250559
747	10	317	317	0.0975142
747	11	11693	11693	0.073884
747	12	8952	8952	0.0716124
747	13	312	312	0.0946951
747	14	22035	22035	0.0673571
747	15	39490	39490	0.0616913
747	16	3641	3641	0.0483322
747	17	13	13	8.7738e-05
747	18	50256	50256	2.47955e-05
748	5	645	645	0.0731249
748	6	24012	24012	0.112937
748	7	6143	6143	0.101974
748	8	458	458	0.0519304
748	9	34387	34387	0.0177565
748	10	13	13	3.8147e-06
748	11	50256	50256	1.14441e-05
749	5	7667	7667	0.0594358
749	6	8701	8701	0.065589
749	7	4447	4447	0.124344
749	8	1043	1043	0.0311775
749	9	8384	8384	0.0360651
749	10	287	287	0.0167484
749	11	16519	16519	0.0665169
749	12	290	290	0.00267601
749	13	36421	36421	0.0485144
749	14	13	13	0.00161362
749	15	50256	50256	1.90735e-06
750	5	3473	3473	0.149174
750	6	286	286	0.0126619
750	7	517	517	0.0874643
750	8	621	621	0.0237265
750	9	530	530	0.101212
750	10	34371	34371	0.0944004
750	11	2438	2438	0.136376
750	12	966	966	0.0582342
750	13	13	13	3.8147e-06
750	14	50256	50256	1.90735e-06
751	5	5640	5640	0.0377779
751	6	257	257	0.00618553
751	7	15554	15554	0.246456
751	8	9030	9030	0.0287695
751	9	284	284	0.0104809
751	10	5587	5587	0.0816412
751	11	13042	13042	0.0156927
751	12	13	13	0.000228882
751	13	50256	50256	3.8147e-06
752	5	286	286	0.00201607
752	6	26742	26742	0.0654478
752	7	1626	1626	0.0297518
752	8	257	257	0.00921249
752	9	3704	3704	0.10212
752	10	286	286	0.00377846
752	11	4898	4898	0.0819769
752	12	13	13	0.000116348
752	13	50256	50256	1.90735e-06
753	5	24603	24603	0.432806
753	6	5440	5440	0.0359192
753	7	5140	5140	0.0705824
753	8	287	287	0.0109425
753	9	262	262	0.00117302
753	10	1388	1388	0.132419
753	11	27460	27460	0.05334
753	12	10999	10999	0.0334816
753	13	13	13	1.71661e-05
753	14	50256	50256	1.90735e-06
754	5	1657	1657	0.0235147
754	6	656	656	0.0114145
754	7	7577	7577	0.0942459
754	8	780	780	0.0285816
754	9	1180	1180	0.044755
754	10	45656	45656	0.0972948
754	11	1006	1006	0.125779
754	12	974	974	0.0764866
754	13	416	416	0.00512505
754	14	1180	1180	0.0637007
754	15	6867	6867	0.0979347
754	16	13	13	0.000522614
754	17	50256	50256	7.62939e-06
755	5	2785	2785	0.00616074
755	6	2568	2568	0.0060606
755	7	13	13	1.90735e-06
755	8	50256	50256	1.90735e-05
756	5	14568	14568	0.133339
756	6	351	351	0.0180569
756	7	1180	1180	0.0494356
756	8	5951	5951	0.042141
756	9	393	393	0.0406828
756	10	20160	20160	0.105596
756	11	9695	9695	0.0277042
756	12	13	13	0.000696182
756	13	50256	50256	9.53674e-06
757	5	262	262	0.000347137
757	6	31877	31877	0.413968
757	7	23648	23648	0.0539579
757	8	559	559	0.0337839
757	9	422	422	0.00480461
757	10	262	262	0.00805855
757	11	3942	3942	0.244565
757	12	850	850	0.0607662
757	13	3642	3642	0.0428791
757	14	7233	7233	0.0351286
757	15	13	13	7.62939e-06
757	16	50256	50256	5.72205e-06
758	5	7408	7408	0.100922
758	6	290	290	0.00977325
758	7	34616	34616	0.0838394
758	8	29120	29120	0.0239391
758	9	13	13	0.0014019
758	10	50256	50256	3.05176e-05
759	5	389	389	0.0195312
759	6	14921	14921	0.0261431
759	7	656	656	0.00583649
759	8	20144	20144	0.069562
759	9	290	290	0.00103188
759	10	13439	13439	0.076313
759	11	13	13	0
759	12	50256	50256	2.47955e-05
760	5	318	318	0.00661278
760	6	262	262	0.00288391
760	7	3139	3139	0.061389
760	8	286	286	0.00300217
760	9	17333	17333	0.175468
760	10	11	11	0.00716496
760	11	281	281	0.0167189
760	12	7022	7022	0.0537109
760	13	1499	1499	0.0710974
760	14	13	13	9.53674e-06
760	15	50256	50256	7.62939e-06
761	5	17008	17008	0.121023
761	6	8811	8811	0.0539503
761	7	925	925	0.0668411
761	8	1262	1262	0.0533533
761	9	17797	17797	0.0676489
761	10	44749	44749	0.0786295
761	11	13	13	0.00031662
761	12	50256	50256	3.8147e-06
762	5	1962	1962	0.0715055
762	6	1142	1142	0.0950537
762	7	3970	3970	0.0639734
762	8	287	287	0.00759697
762	9	2882	2882	0.125343
762	10	284	284	0.00675201
762	11	262	262	0.0259571
762	12	13471	13471	0.321877
762	13	286	286	0.00572777
762	14	257	257	0.0155048
762	15	7897	7897	0.414721
762	16	3240	3240	0.0380316
762	17	13	13	0.000469208
762	18	50256	50256	1.14441e-05
763	5	26371	26371	0.133571
763	6	2100	2100	0.0329914
763	7	3800	3800	0.0314064
763	8	286	286	0.00224686
763	9	257	257	0.00257301
763	10	35113	35113	0.176101
763	11	393	393	0.0073185
763	12	44400	44400	0.0774956
763	13	13	13	0.000835419
763	14	50256	50256	3.8147e-06
764	5	1978	1978	0.0145273
764	6	287	287	0.00355911
764	7	257	257	0.00114632
764	8	2266	2266	0.0287657
764	9	1140	1140	0.14722
764	10	6317	6317	0.051878
764	11	13	13	9.53674e-06
764	12	50256	50256	9.53674e-06
765	5	511	511	0.0104036
765	6	5667	5667	0.026762
765	7	1141	1141	0.0282917
765	8	257	257	0.00258636
765	9	3218	3218	0.0939226
765	10	21819	21819	0.0532036
765	11	6772	6772	0.0190668
765	12	13	13	0.000116348
765	13	50256	50256	1.90735e-06
766	5	23638	23638	0.0952053
766	6	373	373	0.0820417
766	7	3170	3170	0.0260372
766	8	329	329	0.023674
766	9	262	262	0.00313377
766	10	872	872	0.29783
766	11	33766	33766	0.0949001
766	12	5311	5311	0.0785408
766	13	3046	3046	0.0960798
766	14	84	84	0.0884571
766	15	13	13	5.72205e-06
766	16	50256	50256	1.71661e-05
767	5	8833	8833	0.0923538
767	6	287	287	0.0118999
767	7	262	262	0.000135422
767	8	1402	1402	0.0307379
767	9	45426	45426	0.0532436
767	10	13	13	0.00075531
767	11	50256	50256	5.72205e-06
768	5	281	281	0.0185423
768	6	21670	21670	0.322448
768	7	28287	28287	0.0617943
768	8	389	389	0.015008
768	9	9518	9518	0.0582952
768	10	5667	5667	0.0129499
768	11	13	13	0.000392914
768	12	50256	50256	3.8147e-06
769	5	8573	8573	0.0272112
769	6	286	286	0.00736237
769	7	48573	48573	0.0278683
769	8	6134	6134	0.0136976
769	9	13	13	0.000301361
769	10	50256	50256	1.14441e-05
770	5	16613	16613	0.0581312
770	6	1626	1626	0.0216875
770	7	262	262	0.0157967
770	8	1692	1692	0.0688753
770	9	7721	7721	0.051096
770	10	13	13	8.96454e-05
770	11	50256	50256	9.53674e-06
771	5	24927	24927	0.213702
771	6	399	399	0.0382986
771	7	2306	2306	0.055171
771	8	35815	35815	0.0296888
771	9	287	287	0.00467873
771	10	22381	22381	0.147758
771	11	39255	39255	0.0432682
771	12	1004	1004	0.0740585
771	13	6120	6120	0.0477114
771	14	4698	4698	0.029047
771	15	262	262	0.00175667
771	16	32306	32306	0.0601158
771	17	13	13	1.90735e-06
771	18	50256	50256	7.24792e-05
772	5	1657	1657	0.0592251
772	6	26842	26842	0.120755
772	7	618	618	0.0112772
772	8	340	340	0.0753937
772	9	14170	14170	0.0714092
772	10	257	257	0.00380898
772	11	1180	1180	0.112103
772	12	13245	13245	0.100349
772	13	2587	2587	0.0148058
772	14	379	379	0.0205402
772	15	281	281	0.0469656
772	16	9848	9848	0.149117
772	17	13	13	1.90735e-06
772	18	50256	50256	5.14984e-05
773	5	351	351	0.0198278
773	6	663	663	0.0300083
773	7	16488	16488	0.0925703
773	8	37229	37229	0.0335484
773	9	2048	2048	0.0305843
773	10	656	656	0.00694752
773	11	262	262	0.00286674
773	12	6614	6614	0.19168
773	13	286	286	0.00868416
773	14	663	663	0.00494576
773	15	13066	13066	0.129492
773	16	13	13	0.00214767
773	17	50256	50256	2.47955e-05
774	5	286	286	0.00530052
774	6	14159	14159	0.126651
774	7	287	287	0.0056591
774	8	262	262	0.000873566
774	9	18020	18020	0.0673189
774	10	6896	6896	0.0171547
774	11	13	13	9.53674e-06
774	12	50256	50256	9.53674e-06
775	5	3210	3210	0.97907
775	6	4141	4141	0.0780115
775	7	12	12	0.00884438
775	8	2385	2385	0.1054
775	9	863	863	0.0379705
775	10	6203	6203	0.0849819
775	11	468	468	0.0312576
775	12	15334	15334	0.131205
775	13	12	12	0.00836182
775	14	11545	11545	0.124175
775	15	4116	4116	0.0411911
775	16	13	13	9.72748e-05
775	17	50256	50256	1.52588e-05
776	5	318	318	0.0047226
776	6	262	262	0.0273628
776	7	640	640	0.23532
776	8	2672	2672	0.0686827
776	9	329	329	0.0195303
776	10	2063	2063	0.26845
776	11	286	286	0.00355339
776	12	257	257	0.0105858
776	13	1588	1588	0.116104
776	14	3265	3265	0.0691633
776	15	286	286	0.00041008
776	16	10411	10411	0.229111
776	17	21354	21354	0.045475
776	18	17751	17751	0.0509243
776	19	72	72	0.0305834
776	20	284	284	0.00522232
776	21	22119	22119	0.142665
776	22	319	319	0.00603294
776	23	2811	2811	0.0148096
776	24	13	13	0.000286102
776	25	50256	50256	1.90735e-06
777	5	832	832	0.00229263
777	6	881	881	0.0203924
777	7	286	286	0.000154495
777	8	262	262	0.000209808
777	9	13009	13009	0.366428
777	10	22329	22329	0.0541344
777	11	13	13	0.000230789
777	12	50256	50256	9.53674e-06
778	5	37546	37546	0.235459
778	6	1767	1767	0.0658178
778	7	284	284	0.0118895
778	8	257	257	0.0116768
778	9	38427	38427	0.160328
778	10	1767	1767	0.020874
778	11	13	13	0
778	12	50256	50256	2.28882e-05
779	5	10017	10017	0.0534401
779	6	351	351	0.00433636
779	7	37414	37414	0.0803833
779	8	326	326	0.0101652
779	9	5419	5419	0.048274
779	10	4180	4180	0.0598259
779	11	11192	11192	0.054368
779	12	576	576	0.0406628
779	13	3386	3386	0.0475445
779	14	13	13	4.95911e-05
779	15	50256	50256	3.8147e-06
780	5	422	422	0.0181799
780	6	2587	2587	0.04389
780	7	6427	6427	0.117139
780	8	832	832	0.00906754
780	9	340	340	0.0255404
780	10	13	13	0.000162125
780	11	50256	50256	5.72205e-06
781	5	16882	16882	0.0390644
781	6	318	318	0.00197983
781	7	11172	11172	0.0820198
781	8	422	422	0.00927544
781	9	4376	4376	0.10324
781	10	16649	16649	0.0291624
781	11	4291	4291	0.0707426
781	12	3348	3348	0.034441
781	13	13	13	0.000211716
781	14	50256	50256	1.90735e-05
782	5	290	290	0.00339794
782	6	2962	2962	0.106839
782	7	1657	1657	0.0293751
782	8	351	351	0.0215101
782	9	26929	26929	0.118375
782	10	22353	22353	0.0285311
782	11	13	13	1.14441e-05
782	12	50256	50256	7.62939e-06
783	5	257	257	0.00148201
783	6	3992	3992	0.0651903
783	7	3188	3188	0.0913343
783	8	1262	1262	0.0268812
783	9	41485	41485	0.0252523
783	10	13	13	0.000123978
783	11	50256	50256	1.90735e-06
784	5	8850	8850	0.0908365
784	6	5931	5931	0.0523396
784	7	12737	12737	0.0702133
784	8	45075	45075	0.0687275
784	9	2472	2472	0.0475788
784	10	2347	2347	0.0396652
784	11	284	284	0.00476265
784	12	281	281	0.0589771
784	13	6275	6275	0.0634785
784	14	40874	40874	0.013402
784	15	13	13	1.33514e-05
784	16	50256	50256	2.09808e-05
785	5	5563	5563	0.0119429
785	6	257	257	0.0048275
785	7	5405	5405	0.083395
785	8	88	88	0.04813
785	9	4417	4417	0.022686
785	10	706	706	0.0501499
785	11	9645	9645	0.0526361
785	12	13	13	6.67572e-05
785	13	50256	50256	3.8147e-06
786	5	1103	1103	0.0627851
786	6	1271	1271	0.0330629
786	7	5260	5260	0.147346
786	8	663	663	0.00631714
786	9	5253	5253	0.0863867
786	10	422	422	0.0129204
786	11	6632	6632	0.0518255
786	12	13	13	5.72205e-06
786	13	50256	50256	1.52588e-05
787	5	5679	5679	0.0355587
787	6	257	257	0.00860596
787	7	7002	7002	0.0919342
787	8	832	832	0.0127792
787	9	5783	5783	0.0861692
787	10	11	11	0.00522709
787	11	49893	49893	0.118959
787	12	2870	2870	0.0523777
787	13	11	11	0.00480843
787	14	290	290	0.0111504
787	15	20494	20494	0.0910997
787	16	13	13	2.67029e-05
787	17	50256	50256	2.09808e-05
788	5	422	422	0.0180779
788	6	262	262	0.00561142
788	7	14707	14707	0.604841
788	8	4755	4755	0.0642271
788	9	286	286	0.00398636
788	10	257	257	0.00572395
788	11	4858	4858	0.427567
788	12	3491	3491	0.0575542
788	13	13	13	0.00246048
788	14	50256	50256	1.90735e-06
789	5	318	318	0.00656891
789	6	7685	7685	0.226303
789	7	3194	3194	0.0549488
789	8	281	281	0.0298071
789	9	19318	19318	0.325077
789	10	1015	1015	0.0438004
789	11	2029	2029	0.0340872
789	12	663	663	0.00229073
789	13	22655	22655	0.465397
789	14	7078	7078	0.0530767
789	15	13	13	1.71661e-05
789	16	50256	50256	5.72205e-06
790	5	48862	48862	0.137373
790	6	485	485	0.0296412
790	7	272	272	0.0419264
790	8	6614	6614	0.116467
790	9	1239	1239	0.0248508
790	10	36177	36177	0.0396185
790	11	13	13	0.000455856
790	12	50256	50256	1.90735e-05
791	5	5822	5822	0.111683
791	6	286	286	0.010355
791	7	6156	6156	0.0816822
791	8	25942	25942	0.122546
791	9	261	261	0.049737
791	10	13	13	1.90735e-06
791	11	50256	50256	3.8147e-06
792	5	6203	6203	0.106693
792	6	1262	1262	0.0221796
792	7	18018	18018	0.0731459
792	8	326	326	0.00551605
792	9	8181	8181	0.0731897
792	10	422	422	0.0157948
792	11	4025	4025	0.114275
792	12	6493	6493	0.121072
792	13	18018	18018	0.0520821
792	14	13	13	0.000114441
792	15	50256	50256	1.90735e-06
793	5	787	787	0.0257597
793	6	510	510	0.0863514
793	7	262	262	0.00154114
793	8	4318	4318	0.0769835
793	9	10927	10927	0.0441103
793	10	1080	1080	0.0198689
793	11	13	13	0.000511169
793	12	50256	50256	6.67572e-05
794	5	262	262	0.00809479
794	6	7446	7446	0.134231
794	7	287	287	0.00775528
794	8	257	257	0.0329466
794	9	7226	7226	0.145047
794	10	5044	5044	0.0778303
794	11	2685	2685	0.112267
794	12	13	13	5.34058e-05
794	13	50256	50256	3.8147e-06
795	5	3623	3623	0.0646038
795	6	2458	2458	0.0358524
795	7	656	656	0.0132256
795	8	257	257	0.00138664
795	9	8122	8122	0.0829716
795	10	13	13	5.91278e-05
795	11	50256	50256	9.53674e-06
796	5	45636	45636	0.0681171
796	6	15027	15027	0.0804996
796	7	318	318	0.00518036
796	8	284	284	0.0103388
796	9	25432	25432	0.287291
796	10	5207	5207	0.0544605
796	11	656	656	0.0632353
796	12	257	257	0.00797081
796	13	1844	1844	0.500077
796	14	4286	4286	0.0402622
796	15	393	393	0.00713921
796	16	5485	5485	0.137584
796	17	13	13	0.0018177
796	18	50256	50256	9.53674e-06
797	5	625	625	0.00805473
797	6	281	281	0.0112257
797	7	1989	1989	0.0400677
797	8	13	13	0.00123024
797	9	50256	50256	3.8147e-06
798	5	318	318	0.00781441
798	6	783	783	0.222457
798	7	1900	1900	0.0285692
798	8	355	355	0.0174561
798	9	25299	25299	0.0568123
798	10	13	13	3.8147e-06
798	11	50256	50256	9.53674e-06
799	5	7679	7679	0.0101185
799	6	42909	42909	0.046629
799	7	881	881	0.0646095
799	8	286	286	0.000579834
799	9	262	262	0.00286674
799	10	3825	3825	0.073246
799	11	338	338	0.00614834
799	12	13568	13568	0.137596
799	13	49961	49961	0.0310955
799	14	11881	11881	0.0285912
799	15	13	13	0.000299454
799	16	50256	50256	7.62939e-06
800	5	307	307	0.0672684
800	6	9086	9086	0.0686598
800	7	656	656	0.0198383
800	8	2237	2237	0.0909386
800	9	1602	1602	0.0378284
800	10	14796	14796	0.0382214
800	11	44360	44360	0.0389538
800	12	13	13	0
800	13	50256	50256	1.90735e-06
801	5	287	287	0.00844955
801	6	2800	2800	0.17542
801	7	351	351	0.0155134
801	8	262	262	0.00361633
801	9	2323	2323	0.120133
801	10	13	13	0.00238037
801	11	50256	50256	1.52588e-05
802	5	1351	1351	0.129156
802	6	318	318	0.00519753
802	7	663	663	0.137951
802	8	3504	3504	0.885261
802	9	1988	1988	0.157622
802	10	393	393	0.0778646
802	11	262	262	0.00964928
802	12	1612	1612	0.346081
802	13	286	286	0.0132751
802	14	663	663	0.0263901
802	15	734	734	0.129035
802	16	3504	3504	0.392447
802	17	3815	3815	0.0543509
802	18	13	13	8.58307e-05
802	19	50256	50256	7.62939e-06
803	5	49586	49586	0.0250607
803	6	422	422	0.00677299
803	7	257	257	0.00668335
803	8	781	781	0.0991373
803	9	7241	7241	0.0657997
803	10	7679	7679	0.0148363
803	11	1022	1022	0.0277519
803	12	6228	6228	0.0774889
803	13	15747	15747	0.061552
803	14	13	13	1.90735e-05
803	15	50256	50256	1.90735e-06
804	5	12834	12834	0.0140104
804	6	8811	8811	0.0168066
804	7	925	925	0.0222445
804	8	422	422	0.00726891
804	9	6147	6147	0.0285645
804	10	477	477	0.0736074
804	11	19417	19417	0.0413952
804	12	13	13	0.000202179
804	13	50256	50256	1.90735e-06
805	5	402	402	0.0429697
805	6	724	724	0.0684519
805	7	1428	1428	0.0490246
805	8	284	284	0.010211
805	9	406	406	0.468839
805	10	359	359	0.192212
805	11	541	541	0.0746727
805	12	315	315	0.131772
805	13	287	287	0.00642014
805	14	402	402	0.177662
805	15	724	724	0.0717239
805	16	1428	1428	0.0422764
805	17	338	338	0.0107489
805	18	48899	48899	0.0855303
805	19	13	13	5.72205e-06
805	20	50256	50256	7.62939e-06
806	5	4326	4326	0.0359535
806	6	329	329	0.00514221
806	7	2033	2033	0.123428
806	8	286	286	0.00136757
806	9	9136	9136	0.109367
806	10	13	13	0.000232697
806	11	50256	50256	5.72205e-06
807	5	3318	3318	0.0502405
807	6	1060	1060	0.0393085
807	7	276	276	0.0175362
807	8	4823	4823	0.206513
807	9	1231	1231	0.0275173
807	10	16006	16006	0.0454712
807	11	13	13	1.90735e-06
807	12	50256	50256	5.72205e-06
808	5	832	832	0.00508118
808	6	257	257	0.00754642
808	7	1429	1429	0.062295
808	8	1444	1444	0.00680542
808	9	1007	1007	0.0800829
808	10	10514	10514	0.0165339
808	11	13	13	7.62939e-06
808	12	50256	50256	1.90735e-06
809	5	318	318	0.007864
809	6	5447	5447	0.166887
809	7	284	284	0.00387383
809	8	307	307	0.0407581
809	9	530	530	0.0111818
809	10	13	13	1.90735e-06
809	11	50256	50256	1.90735e-06
810	5	19780	19780	0.10497
810	6	5822	5822	0.149108
810	7	318	318	0.0165148
810	8	7384	7384	0.150267
810	9	290	290	0.00555515
810	10	645	645	0.0926609
810	11	2742	2742	0.101169
810	12	1445	1445	0.0333443
810	13	460	460	0.0448895
810	14	4781	4781	0.445214
810	15	262	262	0.0277681
810	16	1368	1368	0.094306
810	17	13	13	2.28882e-05
810	18	50256	50256	5.72205e-06
811	5	4166	4166	0.0233688
811	6	257	257	0.00871658
811	7	1409	1409	0.249164
811	8	540	540	0.0564966
811	9	12	12	0.0170221
811	10	28469	28469	0.54593
811	11	12	12	0.0164843
811	12	4906	4906	0.5073
811	13	13570	13570	0.0644007
811	14	1080	1080	0.0112343
811	15	287	287	0.0126896
811	16	5515	5515	0.0877514
811	17	20283	20283	0.0535154
811	18	12	12	0.0176525
811	19	14792	14792	0.136652
811	20	2031	2031	0.0255966
811	21	13	13	4.76837e-05
811	22	50256	50256	7.62939e-06
812	5	503	503	0.0581541
812	6	416	416	0.0131874
812	7	2344	2344	0.139843
812	8	11	11	0.00409889
812	9	19435	19435	0.553213
812	10	11	11	0.00842094
812	11	10087	10087	0.542671
812	12	11	11	0.0096035
812	13	393	393	0.302579
812	14	584	584	0.0223904
812	15	4695	4695	0.136408
812	16	13	13	1.14441e-05
812	17	50256	50256	0.000499725
813	5	290	290	0.00446701
813	6	423	423	0.0429564
813	7	511	511	0.0603895
813	8	898	898	0.0959883
813	9	14599	14599	0.0566483
813	10	44935	44935	0.0469952
813	11	8573	8573	0.0297861
813	12	13	13	2.28882e-05
813	13	50256	50256	1.90735e-06
814	5	1660	1660	0.0100689
814	6	338	338	0.0133753
814	7	23708	23708	0.237753
814	8	1029	1029	0.0485992
814	9	24372	24372	0.0488148
814	10	966	966	0.0288191
814	11	3688	3688	0.052907
814	12	351	351	0.0125322
814	13	2092	2092	0.115152
814	14	12	12	0.0281477
814	15	13982	13982	0.258102
814	16	17745	17745	0.0486107
814	17	13	13	0.00376129
814	18	50256	50256	8.96454e-05
815	5	3984	3984	0.0223284
815	6	5679	5679	0.027483
815	7	10439	10439	0.0475054
815	8	286	286	0.00423622
815	9	262	262	0.000825882
815	10	9842	9842	0.0736227
815	11	437	437	0.0544481
815	12	544	544	0.0226526
815	13	1641	1641	0.0162315
815	14	13	13	2.67029e-05
815	15	50256	50256	1.71661e-05
816	5	8638	8638	0.0508766
816	6	2587	2587	0.0183649
816	7	422	422	0.008358
816	8	530	530	0.0324974
816	9	4067	4067	0.0568981
816	10	284	284	0.00731659
816	11	1194	1194	0.0438519
816	12	13	13	0.000886917
816	13	50256	50256	5.72205e-06
817	5	9315	9315	0.219702
817	6	6404	6404	0.033205
817	7	859	859	0.0315657
817	8	389	389	0.00984097
817	9	10730	10730	0.0584126
817	10	13	13	1.90735e-06
817	11	50256	50256	5.72205e-06
818	5	3867	3867	0.0377455
818	6	1633	1633	0.0151691
818	7	13	13	0.00102806
818	8	50256	50256	1.14441e-05
819	5	1232	1232	0.125434
819	6	2454	2454	0.0436153
819	7	1641	1641	0.0476646
819	8	2138	2138	0.0237856
819	9	621	621	0.00596428
819	10	262	262	0.0231791
819	11	5509	5509	0.103574
819	12	6701	6701	0.156919
819	13	1448	1448	0.0384054
819	14	13	13	0.000787735
819	15	50256	50256	3.8147e-06
820	5	2134	2134	0.0658274
820	6	319	319	0.0354929
820	7	1194	1194	0.124019
820	8	468	468	0.0711946
820	9	281	281	0.0505075
820	10	4961	4961	0.191311
820	11	290	290	0.0161076
820	12	6697	6697	0.269853
820	13	5212	5212	0.0804672
820	14	2700	2700	0.0542107
820	15	13	13	3.8147e-06
820	16	50256	50256	7.62939e-06
821	5	318	318	0.0126934
821	6	1900	1900	0.042984
821	7	329	329	0.0144882
821	8	44741	44741	0.0645723
821	9	11527	11527	0.0299206
821	10	21641	21641	0.041544
821	11	13	13	5.72205e-06
821	12	50256	50256	0.000207901
822	5	2420	2420	0.0485802
822	6	2915	2915	0.0469065
822	7	287	287	0.0044136
822	8	543	543	0.031806
822	9	14390	14390	0.127904
822	10	1296	1296	0.0169516
822	11	4263	4263	0.0308828
822	12	393	393	0.0157585
822	13	7572	7572	0.0770321
822	14	13	13	0.00133896
822	15	50256	50256	1.90735e-06
823	5	1660	1660	0.0444298
823	6	832	832	0.0196066
823	7	511	511	0.024682
823	8	308	308	0.131968
823	9	2171	2171	0.0298309
823	10	13	13	7.62939e-06
823	11	50256	50256	3.8147e-06
824	5	5822	5822	0.167649
824	6	290	290	0.0145321
824	7	257	257	0.00969505
824	8	10929	10929	0.446767
824	9	1141	1141	0.028657
824	10	257	257	0.0039711
824	11	2060	2060	0.194483
824	12	19780	19780	0.0974321
824	13	1445	1445	0.210799
824	14	13	13	0.0095005
824	15	50256	50256	1.90735e-06
825	5	416	416	0.0118465
825	6	38797	38797	0.0608387
825	7	278	278	0.0161152
825	8	17797	17797	0.0776215
825	9	44749	44749	0.0486069
825	10	351	351	0.00824738
825	11	257	257	0.00561905
825	12	15936	15936	0.227653
825	13	3968	3968	0.0271482
825	14	13	13	5.72205e-06
825	15	50256	50256	3.8147e-06
826	5	1111	1111	0.0595808
826	6	21506	21506	0.046855
826	7	290	290	0.00781822
826	8	25794	25794	0.0879917
826	9	13	13	5.72205e-06
826	10	50256	50256	3.24249e-05
827	5	393	393	0.0192385
827	6	27756	27756	0.294996
827	7	351	351	0.00784302
827	8	257	257	0.00787735
827	9	2010	2010	0.104443
827	10	5186	5186	0.0591183
827	11	3877	3877	0.012044
827	12	13	13	1.14441e-05
827	13	50256	50256	5.72205e-06
828	5	2401	2401	0.13539
828	6	2879	2879	0.131759
828	7	900	900	0.0537748
828	8	11	11	0.0055027
828	9	1123	1123	0.0344839
828	10	886	886	0.191921
828	11	286	286	0.000768661
828	12	257	257	0.00978184
828	13	17763	17763	0.334709
828	14	2523	2523	0.109739
828	15	257	257	0.00824738
828	16	1271	1271	0.0549803
828	17	422	422	0.019743
828	18	6632	6632	0.0634012
828	19	832	832	0.0255432
828	20	2237	2237	0.103817
828	21	13	13	5.72205e-06
828	22	50256	50256	7.62939e-06
829	5	496	496	0.0439072
829	6	6204	6204	0.0426531
829	7	1474	1474	0.0260925
829	8	1944	1944	0.0695467
829	9	12	12	0.0133724
829	10	820	820	0.0581131
829	11	25266	25266	0.108596
829	12	13	13	1.90735e-06
829	13	50256	50256	3.8147e-06
830	5	262	262	0.00508499
830	6	45656	45656	0.120286
830	7	286	286	0.00875854
830	8	1657	1657	0.0747786
830	9	11300	11300	0.0871363
830	10	1022	1022	0.0206575
830	11	12899	12899	0.147282
830	12	27982	27982	0.0484791
830	13	13	13	1.90735e-06
830	14	50256	50256	1.90735e-06
831	5	36288	36288	0.0720377
831	6	423	423	0.0120087
831	7	42014	42014	0.0922127
831	8	307	307	0.0312109
831	9	4730	4730	0.0351286
831	10	13	13	1.90735e-06
831	11	50256	50256	2.28882e-05
832	5	21001	21001	0.0410185
832	6	5385	5385	0.103548
832	7	5563	5563	0.0232582
832	8	287	287	0.00328064
832	9	4320	4320	0.109895
832	10	2339	2339	0.0458918
832	11	14752	14752	0.0463572
832	12	13	13	0.00100327
832	13	50256	50256	3.8147e-06
833	5	12070	12070	0.0302534
833	6	35901	35901	0.0669508
833	7	12	12	0.0171871
833	8	16760	16760	0.0700541
833	9	8849	8849	0.405319
833	10	656	656	0.0236988
833	11	21558	21558	0.126408
833	12	284	284	0.00576019
833	13	3551	3551	0.101977
833	14	269	269	0.0347633
833	15	1726	1726	0.0657578
833	16	6933	6933	0.0241165
833	17	13	13	0
833	18	50256	50256	9.53674e-06
834	5	4888	4888	0.0290852
834	6	416	416	0.00557327
834	7	3644	3644	0.154185
834	8	4056	4056	0.0268106
834	9	13	13	0.00244141
834	10	50256	50256	2.67029e-05
835	5	2700	2700	0.0488329
835	6	832	832	0.0167055
835	7	1803	1803	0.080267
835	8	44796	44796	0.0375576
835	9	8122	8122	0.0212727
835	10	13	13	1.90735e-06
835	11	50256	50256	1.90735e-05
836	5	3877	3877	0.0208502
836	6	11	11	0.0198469
836	7	981	981	0.0448751
836	8	1237	1237	0.0413647
836	9	684	684	0.0319595
836	10	3283	3283	0.0825253
836	11	3967	3967	0.0662727
836	12	5186	5186	0.0298281
836	13	3877	3877	0.0366964
836	14	13	13	1.71661e-05
836	15	50256	50256	7.62939e-06
837	5	2524	2524	0.0232172
837	6	287	287	0.00304985
837	7	1944	1944	0.0141525
837	8	12	12	0.00551605
837	9	820	820	0.0579329
837	10	7648	7648	0.0881195
837	11	13	13	0
837	12	50256	50256	7.62939e-06
838	5	286	286	0.00563812
838	6	20422	20422	0.697568
838	7	11	11	0.0217619
838	8	257	257	0.0153074
838	9	46909	46909	0.340831
838	10	38656	38656	0.0821972
838	11	318	318	0.00517082
838	12	10090	10090	0.786193
838	13	355	355	0.0331736
838	14	257	257	0.00551414
838	15	4898	4898	0.129052
838	16	7972	7972	0.0600796
838	17	8875	8875	0.0579958
838	18	13	13	7.62939e-06
838	19	50256	50256	7.62939e-06
839	5	15061	15061	0.24404
839	6	8811	8811	0.0597162
839	7	21126	21126	0.144814
839	8	656	656	0.0247545
839	9	257	257	0.0149803
839	10	8234	8234	0.211347
839	11	13	13	1.90735e-06
839	12	50256	50256	5.72205e-06
840	5	1660	1660	0.0164337
840	6	20199	20199	0.0688848
840	7	18190	18190	0.0529881
840	8	4291	4291	0.05054
840	9	4771	4771	0.0376635
840	10	24770	24770	0.0818758
840	11	287	287	0.0039711
840	12	15114	15114	0.0939674
840	13	13	13	0.000175476
840	14	50256	50256	3.8147e-06
841	5	663	663	0.0310421
841	6	35988	35988	0.175266
841	7	11904	11904	0.0494509
841	8	290	290	0.0185947
841	9	318	318	0.0576754
841	10	407	407	0.0264797
841	11	257	257	0.0211916
841	12	8701	8701	0.161139
841	13	13	13	5.72205e-06
841	14	50256	50256	5.72205e-06
842	5	71	71	0.033102
842	6	36417	36417	0.0747805
842	7	287	287	0.00155258
842	8	6156	6156	0.0187159
842	9	14937	14937	0.148454
842	10	43372	43372	0.0819273
842	11	321	321	0.0858984
842	12	666	666	0.116824
842	13	13399	13399	0.0944672
842	14	13	13	0
842	15	50256	50256	1.90735e-06
843	5	2081	2081	0.0689602
843	6	284	284	0.0085659
843	7	3991	3991	0.312124
843	8	290	290	0.00583839
843	9	3991	3991	0.177594
843	10	284	284	0.0208588
843	11	2081	2081	0.268614
843	12	13	13	3.8147e-06
843	13	50256	50256	3.62396e-05
844	5	6268	6268	0.0171881
844	6	2173	2173	0.0590792
844	7	3812	3812	0.0186567
844	8	262	262	0.00819397
844	9	9197	9197	0.144878
844	10	338	338	0.0133457
844	11	3641	3641	0.104531
844	12	13	13	9.53674e-06
844	13	50256	50256	7.62939e-06
845	5	17467	17467	0.0569191
845	6	382	382	0.0860405
845	7	2722	2722	0.0355949
845	8	262	262	0.00019455
845	9	20715	20715	0.169989
845	10	15895	15895	0.0358219
845	11	287	287	0.00226784
845	12	33818	33818	0.140803
845	13	287	287	0.00589085
845	14	35145	35145	0.145981
845	15	13	13	3.05176e-05
845	16	50256	50256	3.05176e-05
846	5	44543	44543	0.319494
846	6	4144	4144	0.0601521
846	7	16083	16083	0.0601768
846	8	925	925	0.0210276
846	9	422	422	0.00370216
846	10	7545	7545	0.0289545
846	11	13	13	0.00186157
846	12	50256	50256	1.90735e-06
847	5	2033	2033	0.150388
847	6	286	286	0.006464
847	7	1660	1660	0.0846281
847	8	20199	20199	0.0795736
847	9	287	287	0.00245285
847	10	1633	1633	0.0852051
847	11	351	351	0.0188274
847	12	663	663	0.0324421
847	13	36275	36275	0.517831
847	14	2033	2033	0.0589428
847	15	379	379	0.0290012
847	16	262	262	0.0138369
847	17	976	976	0.107511
847	18	5951	5951	0.0432301
847	19	13	13	0.000148773
847	20	50256	50256	1.90735e-06
848	5	976	976	0.0554895
848	6	12234	12234	0.172849
848	7	1988	1988	0.0789137
848	8	11	11	0.00753975
848	9	257	257	0.00170708
848	10	3074	3074	0.288011
848	11	1444	1444	0.0182962
848	12	257	257	0.00870323
848	13	17661	17661	0.129395
848	14	13	13	2.86102e-05
848	15	50256	50256	5.72205e-06
849	5	1205	1205	0.025691
849	6	287	287	0.00581551
849	7	5055	5055	0.0564146
849	8	393	393	0.0138159
849	9	3105	3105	0.166975
849	10	12	12	0.0113773
849	11	31462	31462	0.203227
849	12	1660	1660	0.015193
849	13	13	13	0.00168037
849	14	50256	50256	7.62939e-06
850	5	656	656	0.00101089
850	6	257	257	0.000839233
850	7	8122	8122	0.00558567
850	8	13	13	1.90735e-06
850	9	50256	50256	1.33514e-05
851	5	10384	10384	0.136908
851	6	284	284	0.00239372
851	7	262	262	0.000530243
851	8	6156	6156	0.0552902
851	9	15433	15433	0.0852299
851	10	6959	6959	0.0283241
851	11	286	286	0.00161743
851	12	2011	2011	0.153535
851	13	66	66	0.0361891
851	14	268	268	0.124956
851	15	3609	3609	0.0434303
851	16	13	13	0.000629425
851	17	50256	50256	1.14441e-05
852	5	27602	27602	0.0477123
852	6	1084	1084	0.0547504
852	7	515	515	0.0388384
852	8	290	290	0.0175953
852	9	16577	16577	0.170339
852	10	284	284	0.0125942
852	11	4439	4439	0.083952
852	12	26868	26868	0.0667305
852	13	13	13	0.000299454
852	14	50256	50256	9.53674e-06
853	5	319	319	0.016922
853	6	262	262	0.00535583
853	7	4013	4013	0.121087
853	8	25986	25986	0.0428352
853	9	34603	34603	0.0534582
853	10	21891	21891	0.0451403
853	11	13	13	3.62396e-05
853	12	50256	50256	5.14984e-05
854	5	36140	36140	0.123824
854	6	11	11	0.0135336
854	7	281	281	0.0159893
854	8	19318	19318	0.345456
854	9	1015	1015	0.0681534
854	10	318	318	0.0211782
854	11	9086	9086	0.108174
854	12	656	656	0.0106468
854	13	14104	14104	0.114373
854	14	4961	4961	0.0688658
854	15	5026	5026	0.0626497
854	16	49644	49644	0.106277
854	17	4831	4831	0.0280142
854	18	13	13	1.90735e-06
854	19	50256	50256	7.62939e-06
855	5	2081	2081	0.148332
855	6	11135	11135	0.10829
855	7	1043	1043	0.0656729
855	8	287	287	0.00938797
855	9	48573	48573	0.136974
855	10	6134	6134	0.028821
855	11	13	13	9.53674e-06
855	12	50256	50256	5.72205e-06
856	5	1371	1371	0.0188475
856	6	617	617	0.0240726
856	7	1321	1321	0.0327749
856	8	422	422	0.00583076
856	9	262	262	0.00230789
856	10	2656	2656	0.0644255
856	11	1366	1366	0.0267172
856	12	13	13	3.43323e-05
856	13	50256	50256	5.72205e-06
857	5	83	83	0.042346
857	6	270	270	0.0455885
857	7	9620	9620	0.0416975
857	8	287	287	0.01443
857	9	262	262	0.000852585
857	10	614	614	0.0788336
857	11	1315	1315	0.069294
857	12	2481	2481	0.0406914
857	13	13	13	1.90735e-06
857	14	50256	50256	3.8147e-06
858	5	1011	1011	0.040349
858	6	262	262	0.00613785
858	7	2910	2910	0.109056
858	8	13840	13840	0.0579872
858	9	2622	2622	0.036911
858	10	416	416	0.00782013
858	11	867	867	0.061615
858	12	4693	4693	0.0878983
858	13	329	329	0.0174294
858	14	5935	5935	0.0795202
858	15	3227	3227	0.0507984
858	16	13	13	0.000473022
858	17	50256	50256	7.62939e-06
859	5	338	338	0.00436783
859	6	8137	8137	0.103479
859	7	42909	42909	0.0411282
859	8	2266	2266	0.124047
859	9	1657	1657	0.0372686
859	10	290	290	0.0175133
859	11	22625	22625	0.132442
859	12	284	284	0.00473404
859	13	663	663	0.0248642
859	14	4171	4171	0.159192
859	15	5585	5585	0.0344601
859	16	13	13	1.33514e-05
859	17	50256	50256	2.28882e-05
860	5	281	281	0.0151234
860	6	16295	16295	0.49075
860	7	6140	6140	0.0768557
860	8	318	318	0.0183001
860	9	1444	1444	0.0350657
860	10	663	663	0.0133791
860	11	2962	2962	0.108157
860	12	13	13	2.47955e-05
860	13	50256	50256	1.90735e-06
861	5	418	418	0.0148373
861	6	389	389	0.0329952
861	7	262	262	0.0108337
861	8	734	734	0.0317802
861	9	1402	1402	0.0733824
861	10	31093	31093	0.0522804
861	11	286	286	0.00232697
861	12	8706	8706	0.100532
861	13	13	13	1.90735e-05
861	14	50256	50256	5.72205e-06
862	5	12622	12622	0.0148315
862	6	45738	45738	0.0150585
862	7	287	287	0.00211334
862	8	607	607	0.0330992
862	9	5337	5337	0.0558434
862	10	45738	45738	0.0247946
862	11	13	13	3.8147e-06
862	12	50256	50256	9.53674e-06
863	5	3395	3395	0.0701075
863	6	37670	37670	0.040679
863	7	5958	5958	0.0817871
863	8	6140	6140	0.0487137
863	9	351	351	0.0290966
863	10	8547	8547	0.107236
863	11	273	273	0.196906
863	12	3409	3409	0.0827274
863	13	11400	11400	0.0262804
863	14	338	338	0.00534725
863	15	11359	11359	0.211369
863	16	13389	13389	0.0204639
863	17	13	13	1.90735e-06
863	18	50256	50256	3.8147e-06
864	5	460	460	0.0395164
864	6	307	307	0.1017
864	7	7042	7042	0.0754852
864	8	416	416	0.0220375
864	9	4375	4375	0.134426
864	10	262	262	0.00971222
864	11	734	734	0.0951281
864	12	18148	18148	0.116301
864	13	2846	2846	0.0534954
864	14	284	284	0.00933075
864	15	7330	7330	0.203672
864	16	262	262	0.0167046
864	17	1306	1306	0.423831
864	18	3381	3381	0.0515738
864	19	13	13	9.53674e-06
864	20	50256	50256	1.90735e-06
865	5	11880	11880	0.0240946
865	6	5419	5419	0.0104675
865	7	340	340	0.0148115
865	8	2834	2834	0.111387
865	9	5667	5667	0.0220079
865	10	422	422	0.0112038
865	11	13737	13737	0.0477953
865	12	13	13	5.72205e-06
865	13	50256	50256	2.28882e-05
866	5	6903	6903	0.0443735
866	6	318	318	0.00867844
866	7	281	281	0.0117836
866	8	37287	37287	0.10706
866	9	9814	9814	0.0538654
866	10	15763	15763	0.018404
866	11	13	13	5.34058e-05
866	12	50256	50256	1.90735e-06
867	5	78	78	0.0367918
867	6	318	318	0.00468826
867	7	4888	4888	0.0766954
867	8	416	416	0.0169792
867	9	16256	16256	0.149369
867	10	11	11	0.0106983
867	11	15336	15336	0.244502
867	12	11	11	0.0099659
867	13	290	290	0.0202351
867	14	46070	46070	0.30642
867	15	72	72	0.0404577
867	16	13	13	2.28882e-05
867	17	50256	50256	3.8147e-06
868	5	19435	19435	0.0108576
868	6	351	351	0.00938225
868	7	9518	9518	0.0338001
868	8	5667	5667	0.00749207
868	9	13	13	0.00084877
868	10	50256	50256	0.000137329
869	5	547	547	0.05688
869	6	14212	14212	0.0582285
869	7	1748	1748	0.0245008
869	8	12	12	0.0391579
869	9	27219	27219	0.228414
869	10	287	287	0.0053978
869	11	6156	6156	0.0704985
869	12	10315	10315	0.0808887
869	13	13	13	3.05176e-05
869	14	50256	50256	1.33514e-05
870	5	832	832	0.041069
870	6	262	262	0.00270081
870	7	11963	11963	0.063221
870	8	3356	3356	0.0591764
870	9	286	286	0.00234222
870	10	257	257	0.0281944
870	11	11711	11711	0.131901
870	12	13	13	0.000177383
870	13	50256	50256	3.8147e-06
871	5	3170	3170	0.0290117
871	6	416	416	0.0126171
871	7	262	262	0.00278473
871	8	3457	3457	0.266212
871	9	292	292	0.0508862
871	10	287	287	0.00160408
871	11	262	262	0.000185013
871	12	843	843	0.0732021
871	13	274	274	0.0107174
871	14	21124	21124	0.0311584
871	15	13	13	9.15527e-05
871	16	50256	50256	5.72205e-06
872	5	1729	1729	0.119914
872	6	4164	4164	0.0760183
872	7	18196	18196	0.0642595
872	8	5002	5002	0.0408983
872	9	326	326	0.0148659
872	10	318	318	0.0188494
872	11	8122	8122	0.0564308
872	12	379	379	0.0116959
872	13	8850	8850	0.0488396
872	14	2119	2119	0.0511007
872	15	5951	5951	0.0123806
872	16	13	13	1.90735e-06
872	17	50256	50256	3.05176e-05
873	5	286	286	0.0013237
873	6	28722	28722	0.041585
873	7	287	287	0.00174332
873	8	257	257	0.00813103
873	9	5931	5931	0.02038
873	10	6317	6317	0.0383434
873	11	13	13	1.71661e-05
873	12	50256	50256	5.72205e-06
874	5	10947	10947	0.030899
874	6	4046	4046	0.0398664
874	7	422	422	0.00401878
874	8	7346	7346	0.0341587
874	9	27149	27149	0.0254316
874	10	13	13	0.000402451
874	11	50256	50256	3.8147e-06
875	5	973	973	0.00528336
875	6	329	329	0.0146408
875	7	35788	35788	0.115404
875	8	4263	4263	0.0105619
875	9	13	13	0.000383377
875	10	50256	50256	2.28882e-05
876	5	27458	27458	0.17434
876	6	12	12	0.0211258
876	7	11487	11487	0.33958
876	8	1448	1448	0.0411968
876	9	1690	1690	0.0591822
876	10	423	423	0.029541
876	11	2092	2092	0.102831
876	12	5931	5931	0.0312405
876	13	6608	6608	0.0575638
876	14	13	13	9.53674e-06
876	15	50256	50256	2.67029e-05
877	5	7306	7306	0.156396
877	6	3623	3623	0.0771494
877	7	379	379	0.0392885
877	8	6937	6937	0.21811
877	9	5951	5951	0.116483
877	10	11	11	0.00912666
877	11	3833	3833	0.149603
877	12	5732	5732	0.0548506
877	13	355	355	0.0272694
877	14	6115	6115	0.0735998
877	15	20638	20638	0.0271492
877	16	13	13	6.86646e-05
877	17	50256	50256	9.53674e-06
878	5	1588	1588	0.0391016
878	6	6903	6903	0.0642576
878	7	286	286	0.0071907
878	8	2258	2258	0.0558567
878	9	5478	5478	0.0617218
878	10	13	13	0.000242233
878	11	50256	50256	1.14441e-05
879	5	42909	42909	0.0252304
879	6	2568	2568	0.0264997
879	7	422	422	0.0100384
879	8	663	663	0.00372505
879	9	21334	21334	0.0106878
879	10	13	13	1.90735e-06
879	11	50256	50256	1.90735e-06
880	5	7714	7714	0.098896
880	6	3170	3170	0.0406361
880	7	1231	1231	0.0186806
880	8	29871	29871	0.070425
880	9	13	13	0.00128174
880	10	50256	50256	4.19617e-05
881	5	262	262	0.00110054
881	6	21189	21189	0.244972
881	7	21226	21226	0.0446405
881	8	286	286	0.000595093
881	9	867	867	0.0592051
881	10	4903	4903	0.109732
881	11	694	694	0.0431013
881	12	418	418	0.0283194
881	13	1037	1037	0.0503225
881	14	606	606	0.0525036
881	15	36331	36331	0.229341
881	16	284	284	0.00262642
881	17	16649	16649	0.0778408
881	18	13	13	4.3869e-05
881	19	50256	50256	1.90735e-06
882	5	22421	22421	0.0457993
882	6	3025	3025	0.0599642
882	7	7531	7531	0.144058
882	8	19998	19998	0.116693
882	9	423	423	0.0186796
882	10	257	257	0.0197792
882	11	8064	8064	0.0908012
882	12	286	286	0.0158234
882	13	734	734	0.0585423
882	14	284	284	0.0101881
882	15	530	530	0.0574408
882	16	13	13	5.14984e-05
882	17	50256	50256	3.24249e-05
883	5	2010	2010	0.0353899
883	6	5186	5186	0.0136108
883	7	3877	3877	0.023241
883	8	13	13	0.00232697
883	9	50256	50256	3.8147e-05
884	5	11	11	0.00362015
884	6	290	290	0.00596714
884	7	21813	21813	0.197289
884	8	4166	4166	0.036027
884	9	422	422	0.0087986
884	10	9133	9133	0.0445681
884	11	20328	20328	0.0171614
884	12	13	13	5.72205e-06
884	13	50256	50256	8.7738e-05
885	5	326	326	0.0225039
885	6	257	257	0.0270309
885	7	12649	12649	0.231016
885	8	460	460	0.0212612
885	9	12260	12260	0.205046
885	10	3264	3264	0.0491781
885	11	13	13	0.000658035
885	12	50256	50256	1.90735e-06
886	5	286	286	0.000343323
886	6	10529	10529	0.217786
886	7	893	893	0.0272627
886	8	325	325	0.0386028
886	9	385	385	0.0396261
886	10	287	287	0.0056839
886	11	262	262	0.00169563
886	12	28032	28032	0.364569
886	13	13	13	1.90735e-06
886	14	50256	50256	3.8147e-06
887	5	2431	2431	0.0163336
887	6	13	13	0.000213623
887	7	50256	50256	3.05176e-05
888	5	11	11	0.0116463
888	6	543	543	0.0634241
888	7	5419	5419	0.0353527
888	8	262	262	0.00583935
888	9	1767	1767	0.0703163
888	10	16274	16274	0.0759659
888	11	27997	27997	0.028285
888	12	13	13	0.000141144
888	13	50256	50256	4.95911e-05
889	5	16704	16704	0.0847349
889	6	279	279	0.0654278
889	7	2150	2150	0.0557051
889	8	1387	1387	0.0323458
889	9	422	422	0.00742722
889	10	18577	18577	0.0712557
889	11	33694	33694	0.0408487
889	12	11904	11904	0.0203629
889	13	13	13	0.000192642
889	14	50256	50256	1.90735e-06
890	5	388	388	0.0527115
890	6	12007	12007	0.0747766
890	7	1278	1278	0.0707617
890	8	9189	9189	0.0593081
890	9	21592	21592	0.0376778
890	10	22830	22830	0.0223866
890	11	290	290	0.001688
890	12	584	584	0.040164
890	13	1171	1171	0.0591908
890	14	5444	5444	0.0371304
890	15	9928	9928	0.0253773
890	16	13	13	0.00101089
890	17	50256	50256	1.71661e-05
891	5	286	286	0.00584221
891	6	8031	8031	0.404201
891	7	11	11	0.00107956
891	8	6296	6296	0.0834656
891	9	319	319	0.0176353
891	10	262	262	0.0088892
891	11	309	309	0.640429
891	12	1856	1856	0.0525408
891	13	5866	5866	0.0280743
891	14	13	13	0.000705719
891	15	50256	50256	1.14441e-05
892	5	416	416	0.017168
892	6	763	763	0.359604
892	7	363	363	0.0471725
892	8	8306	8306	0.0779619
892	9	17797	17797	0.0417795
892	10	7545	7545	0.0655289
892	11	290	290	0.011301
892	12	12273	12273	0.225255
892	13	262	262	0.0123005
892	14	7186	7186	0.208945
892	15	1090	1090	0.0353422
892	16	9310	9310	0.0192003
892	17	13	13	0.000494003
892	18	50256	50256	1.14441e-05
893	5	287	287	0.013875
893	6	23217	23217	0.117227
893	7	460	460	0.0300732
893	8	1037	1037	0.12711
893	9	2270	2270	0.148978
893	10	12586	12586	0.0936747
893	11	5475	5475	0.0406904
893	12	13	13	5.14984e-05
893	13	50256	50256	0.000293732
894	5	832	832	0.0260448
894	6	262	262	0.0102634
894	7	17661	17661	0.31867
894	8	286	286	0.0116844
894	9	262	262	0.0081892
894	10	3942	3942	0.244974
894	11	290	290	0.00892639
894	12	35769	35769	0.347158
894	13	666	666	0.0710707
894	14	13375	13375	0.191111
894	15	13	13	7.62939e-06
894	16	50256	50256	6.29425e-05
895	5	1115	1115	0.114809
895	6	13043	13043	0.0693865
895	7	326	326	0.0168562
895	8	1296	1296	0.039629
895	9	257	257	0.00852394
895	10	2060	2060	0.120687
895	11	16257	16257	0.103795
895	12	13	13	0.00159454
895	13	50256	50256	1.90735e-06
896	5	8208	8208	0.0658512
896	6	12	12	0.00577736
896	7	19412	19412	0.307384
896	8	7475	7475	0.0310106
896	9	13	13	0.00205612
896	10	50256	50256	2.09808e-05
897	5	39880	39880	0.160019
897	6	460	460	0.0281096
897	7	1205	1205	0.108828
897	8	656	656	0.00515747
897	9	257	257	0.00424957
897	10	649	649	0.15486
897	11	4618	4618	0.0501575
897	12	13	13	9.53674e-06
897	13	50256	50256	1.90735e-06
898	5	1350	1350	0.0194254
898	6	900	900	0.034688
898	7	11597	11597	0.0319881
898	8	7218	7218	0.0315638
898	9	22596	22596	0.0365648
898	10	1871	1871	0.0372009
898	11	28818	28818	0.0497332
898	12	2127	2127	0.068368
898	13	5348	5348	0.027524
898	14	13	13	2.47955e-05
898	15	50256	50256	5.14984e-05
899	5	5838	5838	0.169272
899	6	286	286	0.00309753
899	7	38330	38330	0.137768
899	8	287	287	0.00230026
899	9	838	838	0.290312
899	10	2791	2791	0.0315542
899	11	13	13	3.43323e-05
899	12	50256	50256	5.72205e-06
900	5	11	11	0.0129232
900	6	717	717	0.088047
900	7	12	12	0.00938225
900	8	448	448	0.420413
900	9	16834	16834	0.0530291
900	10	11	11	0.00973511
900	11	262	262	0.00382614
900	12	14555	14555	0.151136
900	13	2087	2087	0.0300283
900	14	2378	2378	0.0262852
900	15	318	318	0.00590324
900	16	4615	4615	0.0854731
900	17	717	717	0.0462446
900	18	13	13	9.53674e-06
900	19	50256	50256	5.72205e-06
901	5	4180	4180	0.0971527
901	6	30121	30121	0.0690022
901	7	319	319	0.0169125
901	8	6163	6163	0.199723
901	9	3354	3354	0.0398502
901	10	286	286	0.00478172
901	11	9664	9664	0.0982504
901	12	13	13	0.000724792
901	13	50256	50256	3.8147e-06
902	5	3688	3688	0.0934229
902	6	284	284	0.0126019
902	7	262	262	0.00395203
902	8	5485	5485	0.100636
902	9	286	286	0.00166512
902	10	257	257	0.0132885
902	11	6297	6297	0.11682
902	12	13	13	3.8147e-06
902	13	50256	50256	1.90735e-06
903	5	2318	2318	0.20867
903	6	19972	19972	0.0511303
903	7	33174	33174	0.0461721
903	8	262	262	0.00523758
903	9	5366	5366	0.210335
903	10	16825	16825	0.121417
903	11	286	286	0.00197983
903	12	1194	1194	0.0218163
903	13	13	13	2.67029e-05
903	14	50256	50256	7.62939e-06
904	5	16122	16122	0.283657
904	6	11732	11732	0.0682058
904	7	337	337	0.0653744
904	8	5847	5847	0.0523338
904	9	2977	2977	0.0438347
904	10	290	290	0.00169945
904	11	383	383	0.0735874
904	12	367	367	0.164798
904	13	3316	3316	0.0862103
904	14	1891	1891	0.0459948
904	15	286	286	0.00422096
904	16	23382	23382	0.297291
904	17	12	12	0.0227823
904	18	35	35	0.852758
904	19	480	480	0.0705137
904	20	13	13	0.000801086
904	21	50256	50256	3.8147e-06
905	5	625	625	0.00546455
905	6	3090	3090	0.0537329
905	7	287	287	0.0032692
905	8	8850	8850	0.0217371
905	9	34768	34768	0.0522738
905	10	13	13	0.000413895
905	11	50256	50256	3.8147e-06
906	5	284	284	0.00209808
906	6	262	262	0.000473022
906	7	28761	28761	0.364772
906	8	576	576	0.0430946
906	9	1448	1448	0.0626774
906	10	11	11	0.0144176
906	11	407	407	0.0520258
906	12	262	262	0.0100136
906	13	38255	38255	0.429129
906	14	1547	1547	0.0478468
906	15	13	13	3.24249e-05
906	16	50256	50256	0.000246048
907	5	7861	7861	0.0866013
907	6	11	11	0.00382805
907	7	5387	5387	0.0641775
907	8	14580	14580	0.0601616
907	9	11	11	0.0134716
907	10	290	290	0.00853634
907	11	4596	4596	0.208059
907	12	6900	6900	0.0337458
907	13	286	286	0.00163651
907	14	19606	19606	0.0777464
907	15	287	287	0.00762749
907	16	1660	1660	0.0192642
907	17	3102	3102	0.0887499
907	18	46916	46916	0.0154057
907	19	13	13	0.000734329
907	20	50256	50256	9.53674e-06
908	5	3881	3881	0.019249
908	6	1296	1296	0.0330791
908	7	257	257	0.0126419
908	8	4417	4417	0.0258751
908	9	7679	7679	0.0370941
908	10	1444	1444	0.0148125
908	11	842	842	0.0725574
908	12	21446	21446	0.0520725
908	13	319	319	0.0174122
908	14	262	262	0.00233459
908	15	6869	6869	0.0737886
908	16	13	13	0.000114441
908	17	50256	50256	2.86102e-05
909	5	286	286	0.00725937
909	6	257	257	0.0127687
909	7	35991	35991	0.199637
909	8	423	423	0.0223427
909	9	4961	4961	0.0606899
909	10	20428	20428	0.0726089
909	11	13	13	0.000202179
909	12	50256	50256	1.71661e-05
910	5	10349	10349	0.167366
910	6	618	618	0.0255909
910	7	663	663	0.0182209
910	8	5002	5002	0.0413418
910	9	48813	48813	0.0328779
910	10	422	422	0.00304222
910	11	13181	13181	0.0863476
910	12	1459	1459	0.0452805
910	13	13	13	0.00069046
910	14	50256	50256	1.33514e-05
911	5	3623	3623	0.0970287
911	6	25037	25037	0.14085
911	7	13640	13640	0.057272
911	8	355	355	0.0124054
911	9	44030	44030	0.0933313
911	10	3881	3881	0.0615425
911	11	4735	4735	0.0568132
911	12	6945	6945	0.0144444
911	13	13	13	0
911	14	50256	50256	5.72205e-06
912	5	12269	12269	0.0558033
912	6	11	11	0.00373268
912	7	1660	1660	0.0550194
912	8	11	11	0.0041008
912	9	290	290	0.0234718
912	10	38084	38084	0.227546
912	11	14093	14093	0.0400171
912	12	1818	1818	0.0296097
912	13	13	13	9.53674e-05
912	14	50256	50256	7.62939e-06
913	5	689	689	0.0474186
913	6	9664	9664	0.0986042
913	7	351	351	0.0202188
913	8	28096	28096	0.121129
913	9	925	925	0.0253687
913	10	1262	1262	0.0300055
913	11	257	257	0.0164089
913	12	17598	17598	0.195973
913	13	290	290	0.00941849
913	14	4704	4704	0.180423
913	15	13	13	0.000364304
913	16	50256	50256	2.67029e-05
914	5	2057	2057	0.019908
914	6	422	422	0.0300026
914	7	1660	1660	0.0658236
914	8	351	351	0.0208244
914	9	13375	13375	0.102448
914	10	287	287	0.00617599
914	11	511	511	0.00625992
914	12	28552	28552	0.176774
914	13	13	13	5.72205e-06
914	14	50256	50256	1.90735e-06
915	5	262	262	0.000123978
915	6	3463	3463	0.0854588
915	7	286	286	0.0112152
915	8	262	262	0.0405369
915	9	11711	11711	0.0940351
915	10	20085	20085	0.043581
915	11	416	416	0.00348663
915	12	281	281	0.0534039
915	13	2134	2134	0.0508194
915	14	13	13	0.000488281
915	15	50256	50256	1.90735e-06
916	5	262	262	0.0143785
916	6	12108	12108	0.114946
916	7	286	286	0.000213623
916	8	17837	17837	0.239619
916	9	11	11	0.0105181
916	10	318	318	0.026145
916	11	17837	17837	0.296784
916	12	338	338	0.0189495
916	13	3139	3139	0.0295115
916	14	13	13	0.00231361
916	15	50256	50256	2.47955e-05
917	5	37270	37270	0.0514021
917	6	11	11	0.0031929
917	7	30872	30872	0.0943069
917	8	11	11	0.0050106
917	9	290	290	0.00167847
917	10	21506	21506	0.0399389
917	11	13	13	3.24249e-05
917	12	50256	50256	4.95911e-05
918	5	3668	3668	0.0349264
918	6	8318	8318	0.0803547
918	7	832	832	0.00639343
918	8	16468	16468	0.127507
918	9	1364	1364	0.0209713
918	10	416	416	0.00929832
918	11	401	401	0.183678
918	12	1039	1039	0.0418844
918	13	13	13	0.000171661
918	14	50256	50256	1.90735e-06
919	5	44741	44741	0.120471
919	6	17757	17757	0.0632086
919	7	319	319	0.0119095
919	8	4849	4849	0.0637121
919	9	47967	47967	0.0275946
919	10	28847	28847	0.0383797
919	11	287	287	0.00279999
919	12	4492	4492	0.0502319
919	13	13	13	5.72205e-05
919	14	50256	50256	5.72205e-06
920	5	350	350	0.0828428
920	6	9160	9160	0.0430746
920	7	373	373	0.0134583
920	8	3170	3170	0.0154991
920	9	355	355	0.0157871
920	10	257	257	0.000869751
920	11	8966	8966	0.184045
920	12	10580	10580	0.0322027
920	13	13	13	1.90735e-06
920	14	50256	50256	1.90735e-06
921	5	257	257	0.00265312
921	6	5252	5252	0.108589
921	7	33413	33413	0.037446
921	8	8902	8902	0.0246058
921	9	351	351	0.010314
921	10	281	281	0.0257492
921	11	18762	18762	0.152532
921	12	2890	2890	0.0458212
921	13	5797	5797	0.0165777
921	14	13	13	2.67029e-05
921	15	50256	50256	5.72205e-06
922	5	1811	1811	0.0661659
922	6	6300	6300	0.0494108
922	7	286	286	0.00327492
922	8	262	262	0.00209808
922	9	2939	2939	0.0880957
922	10	1444	1444	0.0260534
922	11	383	383	0.0334558
922	12	36306	36306	0.0693455
922	13	13	13	1.90735e-06
922	14	50256	50256	1.14441e-05
923	5	460	460	0.0128784
923	6	2620	2620	0.106364
923	7	257	257	0.00790024
923	8	2700	2700	0.109797
923	9	338	338	0.00926018
923	10	6225	6225	0.16573
923	11	1245	1245	0.0314817
923	12	13	13	3.8147e-06
923	13	50256	50256	1.90735e-06
924	5	286	286	0.0120201
924	6	262	262	0.00999546
924	7	3624	3624	0.0851269
924	8	14705	14705	0.168801
924	9	287	287	0.00703239
924	10	674	674	0.0384474
924	11	6591	6591	0.0100336
924	12	1080	1080	0.0285959
924	13	13	13	3.8147e-05
924	14	50256	50256	1.90735e-06
925	5	42742	42742	0.0112991
925	6	656	656	0.00780582
925	7	734	734	0.0277653
925	8	4957	4957	0.064002
925	9	17751	17751	0.0428267
925	10	72	72	0.0316324
925	11	13	13	5.34058e-05
925	12	50256	50256	5.72205e-06
926	5	257	257	0.00125313
926	6	41236	41236	0.353146
926	7	338	338	0.00285912
926	8	4417	4417	0.0413094
926	9	389	389	0.0256042
926	10	7009	7009	0.0912104
926	11	1981	1981	0.0666924
926	12	15921	15921	0.0167942
926	13	13	13	0.000160217
926	14	50256	50256	1.33514e-05
927	5	286	286	0.000181198
927	6	262	262	0.00206757
927	7	39046	39046	0.583041
927	8	973	973	0.0414953
927	9	416	416	0.0249062
927	10	867	867	0.0502167
927	11	5044	5044	0.0474033
927	12	4778	4778	0.0526142
927	13	13	13	0.000297546
927	14	50256	50256	1.90735e-06
928	5	5496	5496	0.0250492
928	6	326	326	0.00762558
928	7	460	460	0.0193825
928	8	2291	2291	0.0663595
928	9	6134	6134	0.0286627
928	10	11	11	0.0149412
928	11	5916	5916	0.117385
928	12	11	11	0.00236702
928	13	290	290	0.00319862
928	14	23426	23426	0.0980434
928	15	13	13	2.86102e-05
928	16	50256	50256	9.53674e-06
929	5	287	287	0.00534058
929	6	40941	40941	0.212703
929	7	15190	15190	0.0269823
929	8	290	290	0.000637054
929	9	24768	24768	0.107804
929	10	13	13	7.62939e-06
929	11	50256	50256	3.62396e-05
930	5	2081	2081	0.107797
930	6	691	691	0.138311
930	7	618	618	0.0248289
930	8	1111	1111	0.11835
930	9	286	286	0.00442886
930	10	663	663	0.0194654
930	11	17311	17311	0.299067
930	12	389	389	0.0193243
930	13	2081	2081	0.138749
930	14	13	13	3.43323e-05
930	15	50256	50256	1.90735e-06
931	5	3597	3597	0.0603094
931	6	1080	1080	0.0252609
931	7	973	973	0.0397701
931	8	329	329	0.0386791
931	9	6983	6983	0.100849
931	10	13	13	0.000221252
931	11	50256	50256	1.52588e-05
932	5	262	262	0.0065136
932	6	976	976	0.0294886
932	7	6115	6115	0.0318117
932	8	355	355	0.0117168
932	9	530	530	0.0258789
932	10	27216	27216	0.0846786
932	11	1247	1247	0.043664
932	12	16912	16912	0.0149641
932	13	13	13	5.72205e-06
932	14	50256	50256	5.72205e-06
933	5	416	416	0.00949287
933	6	530	530	0.0539732
933	7	5667	5667	0.0874987
933	8	326	326	0.0164127
933	9	1271	1271	0.0606031
933	10	21588	21588	0.0735312
933	11	13	13	5.72205e-06
933	12	50256	50256	1.90735e-06
934	5	17825	17825	0.0276794
934	6	287	287	0.00155067
934	7	294	294	0.0506964
934	8	6037	6037	0.0199575
934	9	13	13	3.8147e-06
934	10	50256	50256	3.8147e-05
935	5	3878	3878	0.140944
935	6	17084	17084	0.0475044
935	7	318	318	0.0133114
935	8	257	257	0.0224018
935	9	4898	4898	0.0833626
935	10	9967	9967	0.055069
935	11	3601	3601	0.0724831
935	12	11	11	0.00564003
935	13	407	407	0.0541906
935	14	281	281	0.0789928
935	15	3056	3056	0.11183
935	16	12036	12036	0.0654697
935	17	13	13	4.19617e-05
935	18	50256	50256	7.62939e-06
936	5	416	416	0.00431633
936	6	14583	14583	0.0387259
936	7	257	257	0.0117874
936	8	6314	6314	0.0948448
936	9	379	379	0.0211182
936	10	511	511	0.0155563
936	11	27390	27390	0.203271
936	12	16649	16649	0.0244884
936	13	13	13	3.05176e-05
936	14	50256	50256	3.8147e-06
937	5	11	11	0.00576401
937	6	1444	1444	0.0674324
937	7	262	262	0.0136013
937	8	1162	1162	1.95001
937	9	4450	4450	0.122743
937	10	11	11	0.0105782
937	11	318	318	0.0326557
937	12	37546	37546	0.249328
937	13	621	621	0.0572186
937	14	663	663	0.0253954
937	15	7424	7424	0.177816
937	16	4417	4417	0.0349112
937	17	13	13	1.90735e-06
937	18	50256	50256	0.000114441
938	5	281	281	0.0130558
938	6	2134	2134	0.0188456
938	7	338	338	0.0136099
938	8	15432	15432	0.124277
938	9	2458	2458	0.0489655
938	10	351	351	0.0182514
938	11	640	640	0.0648975
938	12	13	13	0.000350952
938	13	50256	50256	7.62939e-05
939	5	37008	37008	0.104644
939	6	379	379	0.0163584
939	7	5043	5043	0.154584
939	8	286	286	0.00378609
939	9	2910	2910	0.138797
939	10	8837	8837	0.05758
939	11	5095	5095	0.0418949
939	12	13	13	5.72205e-06
939	13	50256	50256	1.90735e-06
940	5	286	286	0.00583076
940	6	987	987	0.0704508
940	7	48331	48331	0.030653
940	8	4847	4847	0.068141
940	9	351	351	0.0241356
940	10	257	257	0.00470352
940	11	3867	3867	0.100953
940	12	28982	28982	0.0237675
940	13	13	13	1.33514e-05
940	14	50256	50256	1.90735e-06
941	5	257	257	0.0039444
941	6	22746	22746	0.0804634
941	7	656	656	0.00573158
941	8	42713	42713	0.0441437
941	9	13	13	4.57764e-05
941	10	50256	50256	4.76837e-05
942	5	257	257	0.0045166
942	6	1729	1729	0.113605
942	7	22570	22570	0.0248423
942	8	1271	1271	0.0121059
942	9	3607	3607	0.219533
942	10	6632	6632	0.0332956
942	11	13	13	0.000120163
942	12	50256	50256	3.8147e-06
943	5	1588	1588	0.0889311
943	6	24969	24969	0.123091
943	7	602	602	0.114577
943	8	618	618	0.0180254
943	9	257	257	0.0167999
943	10	1080	1080	0.109084
943	11	318	318	0.00610733
943	12	7986	7986	0.393471
943	13	1474	1474	0.0387726
943	14	257	257	0.00686264
943	15	3288	3288	0.34145
943	16	8373	8373	0.0490818
943	17	13	13	0.000118256
943	18	50256	50256	3.8147e-06
944	5	2278	2278	0.354592
944	6	618	618	0.0144043
944	7	257	257	0.024642
944	8	636	636	0.0716162
944	9	318	318	0.00801277
944	10	10574	10574	0.117458
944	11	13	13	0.00136948
944	12	50256	50256	7.62939e-06
945	5	11	11	0.00532532
945	6	47394	47394	0.171012
945	7	507	507	0.0292597
945	8	389	389	0.00777245
945	9	610	610	0.147724
945	10	620	620	0.0303879
945	11	77	77	0.0142593
945	12	2340	2340	0.0268297
945	13	2138	2138	0.0163498
945	14	621	621	0.0033741
945	15	19435	19435	0.11069
945	16	13	13	1.52588e-05
945	17	50256	50256	3.05176e-05
946	5	5101	5101	0.057909
946	6	290	290	0.00364304
946	7	734	734	0.0179071
946	8	2392	2392	0.0491533
946	9	13017	13017	0.0555582
946	10	41192	41192	0.053195
946	11	13	13	1.90735e-05
946	12	50256	50256	5.72205e-06
947	5	5389	5389	0.0827789
947	6	290	290	0.00764084
947	7	1440	1440	0.140048
947	8	826	826	0.0873575
947	9	18333	18333	0.0567427
947	10	13	13	0.000110626
947	11	50256	50256	5.72205e-06
948	5	4778	4778	0.029767
948	6	7685	7685	0.139644
948	7	3994	3994	0.0755005
948	8	6337	6337	0.0660753
948	9	42742	42742	0.0268612
948	10	13	13	3.8147e-06
948	11	50256	50256	1.90735e-06
949	5	286	286	0.00468254
949	6	1402	1402	0.0517998
949	7	19468	19468	0.126826
949	8	5028	5028	0.0955391
949	9	16083	16083	0.0489235
949	10	925	925	0.0283947
949	11	422	422	0.0100594
949	12	5026	5026	0.0675278
949	13	47196	47196	0.0612173
949	14	13	13	2.28882e-05
949	15	50256	50256	0
950	5	11	11	0.00146294
950	6	530	530	0.0224409
950	7	256	256	0.184974
950	8	478	478	0.0635147
950	9	9229	9229	0.0572863
950	10	7480	7480	0.0724478
950	11	1715	1715	0.0433798
950	12	2412	2412	0.030714
950	13	11061	11061	0.0237179
950	14	1194	1194	0.0364056
950	15	13	13	0.000593185
950	16	50256	50256	1.14441e-05
951	5	13017	13017	0.0258188
951	6	6958	6958	0.0801563
951	7	1626	1626	0.0231743
951	8	281	281	0.0240326
951	9	13187	13187	0.0859184
951	10	13	13	0.000419617
951	11	50256	50256	1.90735e-06
952	5	262	262	0.000654221
952	6	1767	1767	0.0510416
952	7	338	338	0.00383282
952	8	10900	10900	0.190543
952	9	18370	18370	0.0143824
952	10	13	13	3.8147e-06
952	11	50256	50256	3.24249e-05
953	5	10816	10816	0.153184
953	6	34537	34537	0.0268173
953	7	1900	1900	0.017169
953	8	329	329	0.0118494
953	9	1588	1588	0.0666714
953	10	4636	4636	0.0651245
953	11	874	874	0.0470886
953	12	13	13	0
953	13	50256	50256	1.90735e-06
954	5	3994	3994	0.0145884
954	6	5348	5348	0.0265675
954	7	286	286	0.000665665
954	8	9838	9838	0.411046
954	9	5773	5773	0.120356
954	10	290	290	0.0043869
954	11	300	300	0.13002
954	12	12009	12009	0.0481215
954	13	7408	7408	0.0263605
954	14	11492	11492	0.0173397
954	15	13	13	1.90735e-06
954	16	50256	50256	3.62396e-05
955	5	48573	48573	0.0788498
955	6	4618	4618	0.0525904
955	7	338	338	0.0295353
955	8	19643	19643	0.413545
955	9	2261	2261	0.0783377
955	10	460	460	0.0341396
955	11	1205	1205	0.0765848
955	12	656	656	0.00745964
955	13	257	257	0.0147781
955	14	9403	9403	0.0861416
955	15	13	13	2.67029e-05
955	16	50256	50256	1.52588e-05
956	5	1663	1663	0.0541725
956	6	287	287	0.00988007
956	7	17475	17475	0.198259
956	8	12493	12493	0.0508022
956	9	12824	12824	0.0367746
956	10	416	416	0.00504398
956	11	8268	8268	0.178392
956	12	1660	1660	0.0376673
956	13	13	13	0.00060463
956	14	50256	50256	9.53674e-06
957	5	12	12	0.00967789
957	6	46155	46155	0.643821
957	7	1296	1296	0.0516739
957	8	286	286	0.023756
957	9	7729	7729	0.165639
957	10	3194	3194	0.0357237
957	11	287	287	0.00498009
957	12	257	257	0.0162601
957	13	8300	8300	0.362419
957	14	3303	3303	0.0228348
957	15	13	13	3.8147e-06
957	16	50256	50256	1.33514e-05
958	5	905	905	0.0205259
958	6	281	281	0.00571251
958	7	21388	21388	0.144501
958	8	18032	18032	0.0318937
958	9	12	12	0.00767994
958	10	489	489	0.177816
958	11	1523	1523	0.0317106
958	12	2776	2776	0.0287914
958	13	287	287	0.00194359
958	14	3594	3594	0.0753002
958	15	13	13	1.33514e-05
958	16	50256	50256	1.71661e-05
959	5	11	11	0.0229473
959	6	290	290	0.016737
959	7	1395	1395	0.198242
959	8	12	12	0.0115919
959	9	20477	20477	0.550797
959	10	5594	5594	0.0398197
959	11	284	284	0.0109978
959	12	262	262	0.00188065
959	13	976	976	0.0634527
959	14	31094	31094	0.0987349
959	15	10958	10958	0.0612297
959	16	13	13	2.86102e-05
959	17	50256	50256	1.52588e-05
960	5	14795	14795	0.0298939
960	6	3754	3754	0.0566502
960	7	11694	11694	0.0443134
960	8	36103	36103	0.0265665
960	9	4178	4178	0.0198965
960	10	287	287	0.00220299
960	11	9225	9225	0.0727386
960	12	18671	18671	0.0249224
960	13	13	13	1.14441e-05
960	14	50256	50256	1.90735e-06
961	5	257	257	0.0109844
961	6	1486	1486	0.159949
961	7	416	416	0.0152225
961	8	5086	5086	0.127567
961	9	2587	2587	0.0155287
961	10	284	284	0.00632286
961	11	1208	1208	0.138664
961	12	832	832	0.00724792
961	13	6163	6163	0.272836
961	14	28431	28431	0.045105
961	15	13	13	3.8147e-06
961	16	50256	50256	8.2016e-05
962	5	257	257	0.0069046
962	6	9314	9314	0.0946341
962	7	11	11	0.0033226
962	8	6149	6149	0.0733509
962	9	4269	4269	0.056632
962	10	286	286	0.0020237
962	11	9881	9881	0.0632973
962	12	13	13	7.43866e-05
962	13	50256	50256	9.53674e-06
963	5	22532	22532	0.0358562
963	6	7475	7475	0.0194921
963	7	287	287	0.0119781
963	8	281	281	0.0260324
963	9	3594	3594	0.116245
963	10	36246	36246	0.121216
963	11	13	13	9.72748e-05
963	12	50256	50256	3.8147e-06
964	5	734	734	0.0222988
964	6	8950	8950	0.0277519
964	7	13	13	9.53674e-06
964	8	50256	50256	5.91278e-05
965	5	867	867	0.0337963
965	6	5667	5667	0.0626326
965	7	511	511	0.0148144
965	8	16704	16704	0.158382
965	9	4077	4077	0.0429249
965	10	3124	3124	0.0748081
965	11	13	13	0.000242233
965	12	50256	50256	1.90735e-06
966	5	284	284	0.00469017
966	6	11945	11945	0.0951643
966	7	287	287	0.00546265
966	8	262	262	0.00087738
966	9	1692	1692	0.0399723
966	10	1767	1767	0.0403814
966	11	13	13	0.000703812
966	12	50256	50256	1.71661e-05
967	5	5419	5419	0.0340595
967	6	3608	3608	0.156301
967	7	262	262	0.0164862
967	8	1692	1692	0.108876
967	9	1767	1767	0.0713463
967	10	13	13	0.000152588
967	11	50256	50256	3.8147e-06
968	5	663	663	0.00368881
968	6	20884	20884	0.0853224
968	7	966	966	0.0151424
968	8	13	13	0.000207901
968	9	50256	50256	9.53674e-06
969	5	9368	9368	0.189053
969	6	5374	5374	0.0459642
969	7	83	83	0.0280247
969	8	270	270	0.0592432
969	9	9620	9620	0.0552435
969	10	6204	6204	0.0546227
969	11	319	319	0.028553
969	12	281	281	0.0257616
969	13	7022	7022	0.125149
969	14	287	287	0.00906754
969	15	6233	6233	0.146965
969	16	3567	3567	0.0531912
969	17	66	66	0.0259809
969	18	25634	25634	0.0874271
969	19	13	13	1.14441e-05
969	20	50256	50256	9.53674e-06
970	5	511	511	0.0115175
970	6	30514	30514	0.10181
970	7	284	284	0.00459862
970	8	6654	6654	0.0714235
970	9	23311	23311	0.0350952
970	10	13	13	0.00019455
970	11	50256	50256	1.90735e-06
971	5	13055	13055	0.0192204
971	6	262	262	0.00187874
971	7	18560	18560	0.664325
971	8	1900	1900	0.0252104
971	9	355	355	0.0100746
971	10	262	262	0.000965118
971	11	2892	2892	0.668274
971	12	64	64	0.0716124
971	13	15378	15378	0.0465984
971	14	13	13	0.000379562
971	15	50256	50256	3.8147e-06
972	5	262	262	0.00995827
972	6	7475	7475	0.090559
972	7	286	286	0.0153522
972	8	257	257	0.00681496
972	9	1573	1573	0.158667
972	10	393	393	0.0204792
972	11	9546	9546	0.24915
972	12	284	284	0.00704098
972	13	1296	1296	0.0363865
972	14	1194	1194	0.0764132
972	15	13888	13888	0.116664
972	16	13	13	0.000165939
972	17	50256	50256	1.52588e-05
973	5	4886	4886	0.0576658
973	6	23221	23221	0.120983
973	7	2458	2458	0.0397987
973	8	284	284	0.00547981
973	9	257	257	0.0206089
973	10	2512	2512	0.145394
973	11	286	286	0.00612068
973	12	1366	1366	0.0718184
973	13	13	13	0.000144958
973	14	50256	50256	3.8147e-06
974	5	16577	16577	0.110901
974	6	336	336	0.0699291
974	7	328	328	0.120493
974	8	5356	5356	0.055665
974	9	34262	34262	0.0331812
974	10	422	422	0.0067997
974	11	257	257	0.00805855
974	12	4693	4693	0.149802
974	13	286	286	0.0136852
974	14	6763	6763	0.134457
974	15	9042	9042	0.0224133
974	16	13	13	8.7738e-05
974	17	50256	50256	1.90735e-06
975	5	2344	2344	0.0415316
975	6	18190	18190	0.0583086
975	7	22425	22425	0.0666733
975	8	6450	6450	0.0615978
975	9	13	13	0.00201607
975	10	50256	50256	2.28882e-05
976	5	20838	20838	0.0675583
976	6	11	11	0.0089817
976	7	16397	16397	0.144666
976	8	11	11	0.00232506
976	9	290	290	0.00270462
976	10	449	449	0.0735884
976	11	391	391	0.0976944
976	12	28814	28814	0.0460577
976	13	13	13	0.00153351
976	14	50256	50256	1.14441e-05
977	5	290	290	0.00285339
977	6	39381	39381	0.0860195
977	7	11061	11061	0.0171251
977	8	3668	3668	0.022995
977	9	338	338	0.00111771
977	10	4417	4417	0.0177259
977	11	13	13	9.91821e-05
977	12	50256	50256	2.47955e-05
978	5	2128	2128	0.187879
978	6	618	618	0.0300722
978	7	1633	1633	0.119723
978	8	318	318	0.0187464
978	9	7924	7924	0.28368
978	10	1973	1973	0.0324459
978	11	262	262	0.00422287
978	12	5743	5743	0.177895
978	13	286	286	0.00596046
978	14	663	663	0.0159121
978	15	5422	5422	0.108479
978	16	7604	7604	0.12317
978	17	13	13	1.90735e-06
978	18	50256	50256	2.86102e-05
979	5	21558	21558	0.054244
979	6	416	416	0.0089407
979	7	9645	9645	0.0925894
979	8	340	340	0.0204687
979	9	287	287	0.0140305
979	10	257	257	0.00573921
979	11	8769	8769	0.0867662
979	12	77	77	0.0334978
979	13	13	13	0.00163651
979	14	50256	50256	2.28882e-05
980	5	1146	1146	0.0651503
980	6	5047	5047	0.171573
980	7	13166	13166	0.0350151
980	8	23537	23537	0.0613022
980	9	422	422	0.00938606
980	10	262	262	0.00382805
980	11	3825	3825	0.0238371
980	12	13	13	0.00116158
980	13	50256	50256	5.72205e-06
981	5	286	286	0.00410652
981	6	17322	17322	0.15299
981	7	11	11	0.00588417
981	8	7363	7363	0.291274
981	9	319	319	0.0116253
981	10	262	262	0.00218964
981	11	6035	6035	0.215034
981	12	3266	3266	0.070138
981	13	5866	5866	0.0570574
981	14	13	13	0.00109482
981	15	50256	50256	7.62939e-06
982	5	373	373	0.00977039
982	6	925	925	0.0258503
982	7	329	329	0.00860214
982	8	262	262	0.00638008
982	9	22234	22234	0.115832
982	10	3716	3716	0.0315685
982	11	286	286	0.0037899
982	12	31482	31482	0.144367
982	13	16380	16380	0.0293989
982	14	31663	31663	0.0136662
982	15	13	13	1.90735e-06
982	16	50256	50256	3.8147e-06
983	5	393	393	0.00430107
983	6	9421	9421	0.0320873
983	7	1063	1063	0.0140305
983	8	13	13	3.62396e-05
983	9	50256	50256	5.53131e-05
984	5	2134	2134	0.0337057
984	6	338	338	0.00863743
984	7	6268	6268	0.0833921
984	8	3585	3585	0.049181
984	9	284	284	0.00297546
984	10	262	262	0.00586319
984	11	7346	7346	0.0885296
984	12	1633	1633	0.0356388
984	13	13	13	5.72205e-06
984	14	50256	50256	9.53674e-06
985	5	1123	1123	0.0404167
985	6	5752	5752	0.151054
985	7	11	11	0.00745773
985	8	5721	5721	0.240878
985	9	11	11	0.021616
985	10	290	290	0.0117226
985	11	1115	1115	0.136849
985	12	12	12	0.0386677
985	13	1525	1525	0.506243
985	14	12	12	0.0158844
985	15	15542	15542	0.534486
985	16	3091	3091	0.0343294
985	17	4909	4909	0.0348978
985	18	262	262	0.0137978
985	19	19561	19561	0.119704
985	20	530	530	0.0208788
985	21	832	832	0.0131702
985	22	5193	5193	0.0659666
985	23	1752	1752	0.0460005
985	24	1123	1123	0.00243568
985	25	13	13	1.90735e-06
985	26	50256	50256	0
986	5	4909	4909	0.0150833
986	6	1115	1115	0.0807905
986	7	12785	12785	0.0508261
986	8	14729	14729	0.0229244
986	9	286	286	0.00142288
986	10	5100	5100	0.05972
986	11	7475	7475	0.0530586
986	12	13	13	0.000566483
986	13	50256	50256	5.72205e-06
987	5	734	734	0.033577
987	6	3967	3967	0.0928984
987	7	2659	2659	0.0827103
987	8	271	271	0.0520029
987	9	669	669	0.167674
987	10	13	13	0.00192261
987	11	50256	50256	3.62396e-05
988	5	286	286	0.00308228
988	6	257	257	0.00126076
988	7	19690	19690	0.0631151
988	8	1683	1683	0.0616779
988	9	14809	14809	0.0449429
988	10	5509	5509	0.0254965
988	11	13	13	1.71661e-05
988	12	50256	50256	3.8147e-06
989	5	7135	7135	0.192666
989	6	314	314	0.0758162
989	7	48476	48476	0.131571
989	8	14664	14664	0.0446873
989	9	286	286	0.00331306
989	10	23519	23519	0.257637
989	11	13	13	3.24249e-05
989	12	50256	50256	1.33514e-05
990	5	19942	19942	0.0560312
990	6	326	326	0.0197945
990	7	3994	3994	0.0438862
990	8	663	663	0.0117168
990	9	11904	11904	0.1022
990	10	13	13	1.90735e-06
990	11	50256	50256	1.14441e-05
991	5	3146	3146	0.0840769
991	6	11	11	0.0102272
991	7	262	262	0.00644684
991	8	34768	34768	0.133816
991	9	1612	1612	0.0956955
991	10	318	318	0.027256
991	11	511	511	0.014061
991	12	2160	2160	0.0786018
991	13	9086	9086	0.0387621
991	14	416	416	0.0198574
991	15	511	511	0.0409222
991	16	954	954	0.0633574
991	17	13	13	1.90735e-06
991	18	50256	50256	1.14441e-05
992	5	291	291	0.0380125
992	6	2456	2456	0.0646353
992	7	44638	44638	0.0731926
992	8	393	393	0.0119514
992	9	1950	1950	0.138844
992	10	5238	5238	0.0791082
992	11	11	11	0.00753021
992	12	355	355	0.047061
992	13	14713	14713	0.13593
992	14	857	857	0.0319033
992	15	13	13	0.000476837
992	16	50256	50256	4.76837e-05
993	5	5485	5485	0.123574
993	6	284	284	0.00490379
993	7	1037	1037	0.131773
993	8	2962	2962	0.122389
993	9	319	319	0.0319166
993	10	5563	5563	0.110304
993	11	379	379	0.046567
993	12	1180	1180	0.101607
993	13	18868	18868	0.0831261
993	14	13	13	0.00205612
993	15	50256	50256	3.8147e-06
994	5	47306	47306	0.103886
994	6	2427	2427	0.0384645
994	7	286	286	0.00526237
994	8	9194	9194	0.15626
994	9	12734	12734	0.0366087
994	10	393	393	0.0239925
994	11	11904	11904	0.118767
994	12	13	13	0.000347137
994	13	50256	50256	1.14441e-05
995	5	20462	20462	0.121616
995	6	416	416	0.0128059
995	7	18381	18381	0.237501
995	8	449	449	0.0642929
995	9	19210	19210	0.0690975
995	10	287	287	0.00560188
995	11	4088	4088	0.226725
995	12	286	286	0.0109253
995	13	38367	38367	0.17922
995	14	83	83	0.0406685
995	15	1031	1031	0.140042
995	16	8882	8882	0.0732613
995	17	282	282	0.134605
995	18	13	13	0
995	19	50256	50256	3.8147e-06
996	5	9151	9151	0.151138
996	6	4417	4417	0.0548124
996	7	290	290	0.0228443
996	8	18616	18616	0.219353
996	9	867	867	0.0221672
996	10	5385	5385	0.120956
996	11	5417	5417	0.102629
996	12	9813	9813	0.10582
996	13	13	13	0.000387192
996	14	50256	50256	1.90735e-06
997	5	262	262	0.00264359
997	6	976	976	0.0430965
997	7	19528	19528	0.0742197
997	8	290	290	0.00284576
997	9	2651	2651	0.154281
997	10	739	739	0.0213947
997	11	663	663	0.0161371
997	12	7147	7147	0.20376
997	13	3555	3555	0.0381336
997	14	9831	9831	0.0227747
997	15	13	13	3.8147e-06
997	16	50256	50256	1.52588e-05
998	5	460	460	0.00574207
998	6	2380	2380	0.0562468
998	7	17759	17759	0.0348148
998	8	7310	7310	0.033143
998	9	1643	1643	0.0674782
998	10	7572	7572	0.0305691
998	11	13	13	1.90735e-06
998	12	50256	50256	5.72205e-06
999	5	4961	4961	0.0613346
999	6	284	284	0.0104895
999	7	8208	8208	0.127547
999	8	12	12	0.00408936
999	9	13261	13261	0.141973
999	10	1411	1411	0.0264339
999	11	13	13	0
999	12	50256	50256	1.90735e-06
1000	5	1326	1326	0.038806
1000	6	263	263	0.0415497
1000	7	338	338	0.0114059
1000	8	7430	7430	0.249838
1000	9	351	351	0.0130138
1000	10	257	257	0.00179291
1000	11	18482	18482	0.350643
1000	12	2905	2905	0.0505209
1000	13	1806	1806	0.04076
1000	14	28539	28539	0.024025
1000	15	257	257	0.00172615
1000	16	3785	3785	0.160684
1000	17	5762	5762	0.0456791
1000	18	257	257	0.00382996
1000	19	7858	7858	0.195118
1000	20	3820	3820	0.0368347
1000	21	13	13	0.00069046
1000	22	50256	50256	3.05176e-05
1001	5	262	262	0.00339127
1001	6	2679	2679	0.5914
1001	7	291	291	0.0415926
1001	8	8478	8478	0.062191
1001	9	286	286	0.00169563
1001	10	262	262	0.00166512
1001	11	40136	40136	0.617637
1001	12	12	12	0.0149498
1001	13	22030	22030	0.320621
1001	14	3303	3303	0.0376072
1001	15	1641	1641	0.0282364
1001	16	13	13	0.000181198
1001	17	50256	50256	1.71661e-05
1002	5	271	271	0.0176134
1002	6	1630	1630	0.0637684
1002	7	262	262	0.00127602
1002	8	2546	2546	0.159469
1002	9	286	286	0.000427246
1002	10	262	262	0.00579834
1002	11	34047	34047	0.117733
1002	12	13	13	0.00109673
1002	13	50256	50256	3.8147e-06
1003	5	40959	40959	0.169983
1003	6	11	11	0.00434303
1003	7	38985	38985	0.156006
1003	8	1111	1111	0.070199
1003	9	6341	6341	0.0513849
1003	10	286	286	0.000808716
1003	11	262	262	0.000570297
1003	12	6035	6035	0.144926
1003	13	3266	3266	0.0501633
1003	14	13	13	0.00147438
1003	15	50256	50256	5.72205e-06
1004	5	290	290	0.00218201
1004	6	3771	3771	0.182427
1004	7	10456	10456	0.0713005
1004	8	501	501	0.141557
1004	9	3033	3033	0.0307589
1004	10	10674	10674	0.0482807
1004	11	14025	14025	0.042942
1004	12	316	316	0.0275421
1004	13	290	290	0.0100517
1004	14	16703	16703	0.145683
1004	15	10594	10594	0.0392828
1004	16	1789	1789	0.0343113
1004	17	7491	7491	0.0319099
1004	18	948	948	0.0183153
1004	19	13	13	9.53674e-06
1004	20	50256	50256	7.62939e-06
1005	5	2714	2714	0.0285597
1005	6	379	379	0.0042305
1005	7	45760	45760	0.0815535
1005	8	287	287	0.00551796
1005	9	10315	10315	0.0957565
1005	10	13	13	0.00126839
1005	11	50256	50256	3.8147e-06
1006	5	25299	25299	0.0871077
1006	6	373	373	0.0186043
1006	7	6198	6198	0.107006
1006	8	3170	3170	0.0259476
1006	9	355	355	0.021966
1006	10	257	257	0.0133142
1006	11	4302	4302	0.23767
1006	12	4928	4928	0.0360918
1006	13	13	13	0.00117874
1006	14	50256	50256	3.8147e-06
1007	5	1204	1204	0.0690289
1007	6	6772	6772	0.0517836
1007	7	1626	1626	0.0245991
1007	8	530	530	0.0171051
1007	9	3957	3957	0.097146
1007	10	1622	1622	0.0442715
1007	11	13	13	0.000452042
1007	12	50256	50256	1.90735e-06
1008	5	1440	1440	0.105015
1008	6	12	12	0.029314
1008	7	32041	32041	0.170218
1008	8	9998	9998	0.0394497
1008	9	286	286	0.00227165
1008	10	3668	3668	0.0545197
1008	11	338	338	0.00452995
1008	12	5894	5894	0.144729
1008	13	8137	8137	0.077033
1008	14	416	416	0.0268688
1008	15	6115	6115	0.0906992
1008	16	13	13	1.33514e-05
1008	17	50256	50256	3.8147e-06
1009	5	23129	23129	0.074543
1009	6	286	286	0.00886822
1009	7	262	262	0.00367641
1009	8	7993	7993	0.506838
1009	9	8065	8065	0.0518656
1009	10	13	13	1.90735e-06
1009	11	50256	50256	1.90735e-05
1010	5	12278	12278	0.0651808
1010	6	6737	6737	0.0569859
1010	7	656	656	0.00694275
1010	8	38071	38071	0.116519
1010	9	326	326	0.0188341
1010	10	4439	4439	0.107914
1010	11	2128	2128	0.17291
1010	12	13	13	5.72205e-06
1010	13	50256	50256	1.90735e-06
1011	5	8122	8122	0.0552139
1011	6	3102	3102	0.0708714
1011	7	46916	46916	0.025569
1011	8	11	11	0.0067749
1011	9	4771	4771	0.085618
1011	10	24770	24770	0.0993032
1011	11	11	11	0.0187292
1011	12	393	393	0.0594769
1011	13	1111	1111	0.113994
1011	14	9951	9951	0.114761
1011	15	287	287	0.0067997
1011	16	1633	1633	0.0346632
1011	17	13	13	0.00028038
1011	18	50256	50256	1.33514e-05
1012	5	8811	8811	0.0870094
1012	6	1663	1663	0.0974073
1012	7	355	355	0.0317478
1012	8	2060	2060	0.141282
1012	9	4778	4778	0.0922689
1012	10	13	13	7.82013e-05
1012	11	50256	50256	5.72205e-06
1013	5	262	262	0.0188942
1013	6	19561	19561	0.0958548
1013	7	6632	6632	0.0448561
1013	8	290	290	0.00672913
1013	9	530	530	0.0432987
1013	10	13	13	7.82013e-05
1013	11	50256	50256	2.67029e-05
1014	5	12389	12389	0.0197773
1014	6	286	286	0.00275612
1014	7	257	257	0.000909805
1014	8	1692	1692	0.0240412
1014	9	16162	16162	0.0772991
1014	10	13	13	0.000782013
1014	11	50256	50256	1.14441e-05
1015	5	422	422	0.0206928
1015	6	257	257	0.00470924
1015	7	2166	2166	0.161681
1015	8	6333	6333	0.171197
1015	9	1806	1806	0.0587273
1015	10	284	284	0.00581741
1015	11	257	257	0.00478745
1015	12	8286	8286	0.410253
1015	13	599	599	0.0539484
1015	14	30431	30431	0.0215816
1015	15	13	13	7.62939e-06
1015	16	50256	50256	1.52588e-05
1016	5	257	257	0.00639534
1016	6	11831	11831	0.167384
1016	7	5186	5186	0.0297689
1016	8	1459	1459	0.101039
1016	9	284	284	0.00810432
1016	10	49306	49306	0.0809603
1016	11	13	13	3.8147e-06
1016	12	50256	50256	3.05176e-05
1017	5	16649	16649	0.0536327
1017	6	621	621	0.0583591
1017	7	2266	2266	0.0778694
1017	8	5788	5788	0.0721779
1017	9	13	13	0.000253677
1017	10	50256	50256	5.72205e-06
1018	5	257	257	0.0083847
1018	6	4469	4469	0.103435
1018	7	2138	2138	0.0121069
1018	8	621	621	0.00282288
1018	9	5055	5055	0.0621414
1018	10	5000	5000	0.0265284
1018	11	1479	1479	0.0193968
1018	12	13	13	3.8147e-06
1018	13	50256	50256	3.05176e-05
1019	5	5594	5594	0.0221577
1019	6	284	284	0.005229
1019	7	25794	25794	0.141973
1019	8	290	290	0.00477314
1019	9	6486	6486	0.110643
1019	10	287	287	0.0091877
1019	11	262	262	0.000526428
1019	12	8211	8211	0.159835
1019	13	10692	10692	0.0662155
1019	14	13	13	1.14441e-05
1019	15	50256	50256	9.53674e-06
1020	5	2134	2134	0.0454931
1020	6	1656	1656	0.0407686
1020	7	284	284	0.0071888
1020	8	9117	9117	0.631289
1020	9	3812	3812	0.0167322
1020	10	393	393	0.017643
1020	11	1497	1497	0.0907555
1020	12	422	422	0.00875664
1020	13	262	262	0.00881577
1020	14	19091	19091	0.121197
1020	15	13	13	3.8147e-06
1020	16	50256	50256	0.000375748
1021	5	416	416	0.00185585
1021	6	14583	14583	0.0473728
1021	7	257	257	0.00184822
1021	8	1218	1218	0.110593
1021	9	1182	1182	0.0548487
1021	10	706	706	0.0367756
1021	11	36075	36075	0.0495071
1021	12	13	13	0.00177002
1021	13	50256	50256	9.53674e-06
1022	5	9951	9951	0.103493
1022	6	2057	2057	0.0378065
1022	7	422	422	0.0151024
1022	8	262	262	0.0112877
1022	9	1660	1660	0.0418367
1022	10	1088	1088	0.0510921
1022	11	606	606	0.0885973
1022	12	13	13	0.00573349
1022	13	50256	50256	5.72205e-06
1023	5	41408	41408	0.0136156
1023	6	1088	1088	0.0155659
1023	7	6716	6716	0.0516052
1023	8	6971	6971	0.0800982
1023	9	13	13	6.48499e-05
1023	10	50256	50256	1.33514e-05
1024	5	4556	4556	0.0326643
1024	6	1223	1223	0.047205
1024	7	48237	48237	0.0285206
1024	8	663	663	0.00482178
1024	9	9706	9706	0.0458193
1024	10	13	13	0.000125885
1024	11	50256	50256	2.09808e-05
