line_1based	target_token_index_0based	target_id	predicted_id	loss
1	5	31219	31219	1.00006
1	6	680	680	0.191904
1	7	511	511	0.302038
1	8	1862	1862	1.31757
1	9	13	13	0.00111389
1	10	50256	50256	3.8147e-06
2	5	286	286	0.00605583
2	6	10211	10211	0.984979
2	7	318	318	0.0105133
2	8	3221	1487	4.4577
2	9	10693	10693	0.592128
2	10	618	618	0.100388
2	11	9759	9759	1.13869
2	12	284	284	0.032835
2	13	262	262	0.0155182
2	14	5044	5044	1.4256
2	15	13	13	0.000179291
2	16	50256	50256	7.62939e-06
3	5	1205	1205	0.152679
3	6	2641	2641	0.0808792
3	7	663	663	0.0302658
3	8	20596	20596	2.0098
3	9	11	11	0.0268517
3	10	11222	11222	1.08664
3	11	88	88	0.573297
3	12	4645	4645	1.33483
3	13	13	13	0.00528526
3	14	50256	50256	0.000175476
4	5	5922	5922	0.759757
4	6	39966	39966	0.37681
4	7	287	287	0.01684
4	8	257	257	0.093996
4	9	36594	36594	0.556692
4	10	290	290	0.00849724
4	11	1577	1577	0.28309
4	12	4082	4082	0.121353
4	13	13	13	0
4	14	50256	50256	9.15527e-05
5	5	945	945	0.0658169
5	6	4439	4439	0.0751781
5	7	23938	23938	0.908968
5	8	26742	26742	1.25486
5	9	981	981	0.217726
5	10	30580	30580	0.758783
5	11	511	511	0.0216274
5	12	8954	8954	0.602696
5	13	13022	13022	0.0622025
5	14	13	13	5.72205e-06
5	15	50256	50256	0.000577927
6	5	5739	5739	0.3477
6	6	11	11	0.21777
6	7	281	281	0.155123
6	8	2134	2134	1.26759
6	9	351	351	0.406874
6	10	645	645	0.811266
6	11	2010	2010	0.515621
6	12	2700	2700	0.664066
6	13	16047	16047	0.892389
6	14	6937	6937	0.608011
6	15	15432	15432	1.83067
6	16	13	13	0
6	17	50256	50256	9.53674e-06
7	5	296	296	0.596422
7	6	1045	1045	0.221609
7	7	1249	1249	1.10688
7	8	21678	21678	0.649041
7	9	284	284	0.109764
7	10	1445	1445	1.0765
7	11	832	832	0.244352
7	12	12835	28431	2.46703
7	13	16649	16649	0.477717
7	14	13	13	0
7	15	50256	50256	4.19617e-05
8	5	734	734	0.324369
8	6	9403	9403	1.21393
8	7	5667	5667	0.252943
8	8	13	13	0.0253468
8	9	50256	50256	6.48499e-05
9	5	4983	4983	0.268391
9	6	355	355	0.0795879
9	7	281	281	0.13974
9	8	14312	14312	0.217018
9	9	20562	20562	0.305841
9	10	3716	3716	0.0944061
9	11	13	13	0.00269318
9	12	50256	50256	1.14441e-05
10	5	13522	13522	0.918594
10	6	5732	5732	0.546474
10	7	663	663	0.151789
10	8	29973	7346	2.20301
10	9	2785	2785	0.220413
10	10	2568	2568	0.0695477
10	11	13	13	2.09808e-05
10	12	50256	50256	1.90735e-05
11	5	284	284	0.0686436
11	6	787	787	0.465136
11	7	34476	34476	1.39797
11	8	1141	1141	0.137424
11	9	5205	5205	0.736622
11	10	44411	44411	0.313942
11	11	13	13	0.00424004
11	12	50256	50256	1.14441e-05
12	5	257	257	0.016861
12	6	43836	43836	0.873597
12	7	416	416	0.055685
12	8	12304	12304	0.873633
12	9	1780	1780	0.223707
12	10	299	299	0.163475
12	11	12345	12345	0.273836
12	12	1088	1088	0.0786362
12	13	281	281	0.0638275
12	14	14709	14709	1.26272
12	15	415	415	0.385652
12	16	13	13	1.90735e-05
12	17	50256	50256	2.28882e-05
13	5	257	257	0.0159817
13	6	12505	12505	0.326504
13	7	3716	3716	0.177368
13	8	287	287	0.00913048
13	9	1944	1944	0.155031
13	10	12	12	0.0171795
13	11	820	820	0.637487
13	12	31057	31057	0.245005
13	13	13	13	0.000114441
13	14	50256	50256	1.90735e-05
14	5	2173	2173	0.437649
14	6	284	284	0.0427456
14	7	3435	3435	1.17783
14	8	973	973	0.168409
14	9	287	287	0.0422058
14	10	867	867	0.446537
14	11	3597	3597	0.356462
14	12	3341	3341	0.12318
14	13	13	13	0
14	14	50256	50256	9.53674e-05
15	5	3665	3665	0.971225
15	6	7405	7405	0.390518
15	7	284	284	0.0285568
15	8	1057	1057	0.901473
15	9	2138	2138	0.0871077
15	10	621	621	0.00742912
15	11	6129	6129	0.634382
15	12	13	13	0.000747681
15	13	50256	50256	7.62939e-06
16	5	471	471	0.232571
16	6	5031	5031	0.211435
16	7	272	272	0.175644
16	8	7012	7012	0.338708
16	9	9459	9459	0.280199
16	10	11	11	0.017849
16	11	281	281	0.0848732
16	12	37874	37874	0.450586
16	13	1748	1748	0.0564346
16	14	13	13	0.000141144
16	15	50256	50256	1.52588e-05
17	5	326	326	0.104937
17	6	2107	2107	0.98112
17	7	287	287	0.00018692
17	8	8389	8389	0.737802
17	9	20848	20848	0.248182
17	10	13	13	0.00256729
17	11	50256	50256	8.7738e-05
18	5	11863	11863	0.193906
18	6	351	351	0.179575
18	7	262	262	0.0802574
18	8	1037	1037	1.03633
18	9	286	286	0.0109291
18	10	16869	16869	0.515373
18	11	49835	49835	0.122314
18	12	13	13	3.8147e-06
18	13	50256	50256	0
19	5	257	257	0.0267715
19	6	20562	20562	0.513436
19	7	290	290	0.0192547
19	8	28757	28757	0.95151
19	9	3716	3716	0.173469
19	10	287	287	0.00753212
19	11	17113	17113	0.462996
19	12	4763	4763	0.247674
19	13	11	11	0.00486374
19	14	8602	8602	0.312486
19	15	13	13	0
19	16	50256	50256	0
20	5	286	286	0.0055294
20	6	15238	15238	0.804539
20	7	11	11	0.020052
20	8	257	257	0.00207138
20	9	42238	42238	0.697656
20	10	1499	1499	0.190783
20	11	13	13	0.000261307
20	12	50256	50256	0
21	5	3665	3665	0.830701
21	6	25041	25041	0.302315
21	7	11278	11278	0.435612
21	8	326	326	0.0766506
21	9	460	460	0.167
21	10	11589	11589	0.769886
21	11	8976	8976	0.184233
21	12	257	257	0.0512543
21	13	16161	16161	0.850383
21	14	338	338	0.0527248
21	15	22204	22204	0.266748
21	16	13	13	1.14441e-05
21	17	50256	50256	5.72205e-05
22	5	17669	8122	3.09539
22	6	23235	23235	0.707185
22	7	40270	40270	0.720576
22	8	284	284	0.101536
22	9	530	530	0.4116
22	10	11863	11863	0.973619
22	11	22037	22037	0.607426
22	12	13	13	0
22	13	50256	50256	0.000789642
23	5	1262	1262	0.0687027
23	6	4839	4839	0.299948
23	7	12	12	0.0151634
23	8	29289	29289	0.288311
23	9	15835	15835	0.751134
23	10	13	13	0.000209808
23	11	50256	50256	3.43323e-05
24	5	286	286	0.0295029
24	6	4771	4771	0.575191
24	7	326	326	0.167526
24	8	1445	1445	0.832122
24	9	739	739	0.118319
24	10	511	511	0.523152
24	11	898	898	0.400974
24	12	3463	3463	0.378007
24	13	13	13	0.00062561
24	14	50256	50256	0.000629425
25	5	976	976	1.62192
25	6	355	326	7.96477
25	7	1194	1633	5.14816
25	8	1573	3194	3.00023
25	9	475	475	0.469378
25	10	460	460	0.29677
25	11	13238	307	2.46977
25	12	287	287	0.0217705
25	13	3616	9645	3.93509
25	14	393	393	0.0525475
25	15	24993	24993	0.213276
25	16	13	13	0.00429726
25	17	50256	50256	0
26	5	8384	1657	1.71507
26	6	319	416	1.43051
26	7	5667	1366	3.41028
26	8	11	11	0.0167179
26	9	8701	5002	3.13434
26	10	274	6134	2.12117
26	11	11	11	0.131924
26	12	290	290	0.0118237
26	13	584	584	0.278685
26	14	4618	4618	0.870053
26	15	2587	2587	1.27982
26	16	13	13	0.0107861
26	17	50256	50256	6.86646e-05
27	5	284	284	0.106676
27	6	4735	1444	1.66261
27	7	318	318	0.166382
27	8	1444	1444	1.19094
27	9	32553	32553	0.133159
27	10	13	13	0.000905991
27	11	50256	50256	0
28	5	287	287	0.17378
28	6	257	257	0.0743752
28	7	269	269	0.533151
28	8	8325	8325	0.194393
28	9	298	298	0.535295
28	10	5931	5931	0.212418
28	11	6314	6314	1.23405
28	12	13	13	0.0108604
28	13	50256	50256	0
29	5	25834	25834	0.227251
29	6	17783	17783	0.225973
29	7	7545	7545	0.264396
29	8	3805	3805	0.19445
29	9	1719	1719	0.222395
29	10	645	645	0.136683
29	11	37368	37368	0.219675
29	12	13	13	0.00383377
29	13	50256	50256	0
30	5	6071	6071	1.98345
30	6	2641	2641	0.121298
30	7	257	257	0.00988579
30	8	24911	24911	0.941918
30	9	13	13	0.0051403
30	10	50256	50256	1.33514e-05
31	5	12491	12491	0.269264
31	6	265	265	0.160156
31	7	318	318	0.0414448
31	8	407	407	0.250677
31	9	257	257	0.00781822
31	10	1611	1611	0.782813
31	11	286	286	0.0165825
31	12	17135	17135	0.480334
31	13	13	13	8.58307e-05
31	14	50256	50256	3.8147e-06
32	5	11	11	0.0303802
32	6	262	262	0.0161495
32	7	9848	9848	1.64068
32	8	286	286	0.0025177
32	9	14580	14580	1.02507
32	10	21767	21767	0.244953
32	11	262	262	0.00196266
32	12	9848	9848	1.22896
32	13	286	286	0.0172424
32	14	18349	18349	0.365733
32	15	13	13	0.00652122
32	16	50256	50256	1.14441e-05
33	5	1123	1123	0.0187054
33	6	584	584	0.356316
33	7	1973	1973	0.21731
33	8	262	262	0.00231743
33	9	41407	34616	3.03778
33	10	286	286	0.0365505
33	11	47403	47403	0.249775
33	12	13	13	0.00159645
33	13	50256	50256	0
34	5	416	416	0.010952
34	6	2876	2876	0.197071
34	7	3723	3723	0.21545
34	8	290	290	0.0347672
34	9	27172	27172	0.309956
34	10	3101	3101	0.247753
34	11	267	267	0.404007
34	12	265	265	0.216808
34	13	21824	21824	0.370298
34	14	13	13	0.00206947
34	15	50256	50256	0.00987244
35	5	663	663	0.0605545
35	6	9686	9686	1.74995
35	7	290	290	0.0636711
35	8	6727	6727	1.89795
35	9	10645	10645	0.0649891
35	10	13	13	0
35	11	50256	50256	3.8147e-06
36	5	11880	11880	0.189001
36	6	5419	5419	0.11454
36	7	340	340	0.272453
36	8	2824	2824	2.69608
36	9	5931	5931	0.283431
36	10	1321	11904	3.46016
36	11	422	422	0.112677
36	12	663	663	0.10463
36	13	21334	21334	0.479449
36	14	13	13	0.00829506
36	15	50256	50256	3.8147e-05
37	5	287	287	0.0575809
37	6	262	262	0.0305614
37	7	8434	8434	0.915031
37	8	1027	1027	0.276839
37	9	4909	4909	0.3536
37	10	23326	23326	1.63274
37	11	4778	4778	0.152452
37	12	2950	2950	0.377939
37	13	287	287	0.0293045
37	14	4854	4854	0.396274
37	15	13	13	0.000118256
37	16	50256	50256	1.52588e-05
38	5	2630	2630	0.0484505
38	6	262	262	0.045166
38	7	5337	5337	0.629516
38	8	44487	44487	0.193737
38	9	9869	9869	0.158867
38	10	12898	12898	0.216906
38	11	546	546	0.173136
38	12	257	257	0.00477982
38	13	8557	8557	0.561482
38	14	7002	7002	0.281365
38	15	13	13	0.0193195
38	16	50256	50256	0
39	5	257	257	0.116405
39	6	38712	38712	2.35316
39	7	460	460	0.0939369
39	8	6486	307	4.64276
39	9	379	379	0.104244
39	10	845	845	1.60611
39	11	1180	1180	0.278521
39	12	18868	18868	0.633791
39	13	422	422	0.101208
39	14	3668	3668	0.170984
39	15	13	13	7.62939e-06
39	16	50256	50256	4.95911e-05
40	5	976	976	2.13922
40	6	1271	1271	1.39452
40	7	286	286	0.0166912
40	8	28722	28722	1.51455
40	9	355	355	0.105225
40	10	1237	1237	0.849607
40	11	684	684	0.371393
40	12	13	13	0.00127411
40	13	50256	50256	1.14441e-05
41	5	5048	5048	0.264105
41	6	82	82	0.0835094
41	7	4731	4731	0.469718
41	8	1938	1938	0.475693
41	9	284	284	0.0186176
41	10	458	458	0.542655
41	11	1347	1347	0.318428
41	12	2138	2138	0.0523148
41	13	621	621	0.0111027
41	14	9563	9563	0.299213
41	15	262	262	0.0540733
41	16	13042	13042	1.43571
41	17	13	13	0
41	18	50256	50256	1.14441e-05
42	5	1712	1712	0.515381
42	6	32107	32107	0.555729
42	7	1296	1296	0.496634
42	8	262	262	0.0432396
42	9	20831	20831	1.0353
42	10	24491	24491	0.793181
42	11	22829	22829	0.251747
42	12	13	13	0
42	13	50256	50256	1.14441e-05
43	5	3825	1767	1.93758
43	6	318	318	0.161886
43	7	1444	1444	0.631608
43	8	262	262	0.00140953
43	9	2825	3825	5.86378
43	10	22829	22829	0.164593
43	11	13	13	0
43	12	50256	50256	3.8147e-06
44	5	262	262	0.00140953
44	6	3825	3825	1.29752
44	7	11	11	0.10664
44	8	21094	21094	0.785622
44	9	468	468	0.147497
44	10	257	257	0.015913
44	11	37546	1688	4.71926
44	12	2811	2811	0.72368
44	13	4417	4417	0.390582
44	14	13	13	0.000822067
44	15	50256	50256	1.90735e-06
45	5	257	257	0.00344658
45	6	5863	5863	0.259069
45	7	670	670	0.132907
45	8	416	416	0.0131893
45	9	12386	12386	0.422423
45	10	46525	46525	0.221313
45	11	13	13	0.000513077
45	12	50256	50256	2.28882e-05
46	5	262	262	0.020771
46	6	9653	9653	0.603747
46	7	326	326	0.0451088
46	8	8080	8080	0.380358
46	9	607	607	0.235835
46	10	18815	18815	0.245975
46	11	13	13	0.00156021
46	12	50256	50256	3.8147e-06
47	5	422	422	0.0622234
47	6	826	826	1.56261
47	7	284	284	0.0228748
47	8	1364	1364	0.518338
47	9	13	13	0.00448608
47	10	50256	50256	5.34058e-05
48	5	1872	1872	0.543255
48	6	389	389	0.137522
48	7	3917	3917	0.502448
48	8	351	351	0.0335102
48	9	12281	12281	1.28064
48	10	64	64	0.166979
48	11	399	399	0.292786
48	12	9019	9019	0.388579
48	13	13	13	5.72205e-06
48	14	50256	50256	0.000137329
49	5	257	257	0.199961
49	6	1296	1296	1.19718
49	7	286	286	0.00876045
49	8	31094	31094	1.77259
49	9	11881	11881	0.669189
49	10	13	13	0
49	11	50256	50256	2.47955e-05
50	5	17226	17226	0.51816
50	6	1271	1271	0.412998
50	7	286	286	0.016552
50	8	597	597	1.13083
50	9	5931	5931	0.361696
50	10	5002	5002	1.20369
50	11	13	13	0.000961304
50	12	50256	50256	0.000169754
51	5	422	422	0.0152206
51	6	262	262	0.379366
51	7	15921	15921	1.46943
51	8	286	286	0.104626
51	9	19450	19450	1.03993
51	10	7150	7150	0.799433
51	11	13	13	0
51	12	50256	50256	1.52588e-05
52	5	25388	25388	0.519784
52	6	3623	3623	0.409128
52	7	284	284	0.0293827
52	8	1620	1620	0.492371
52	9	12370	12370	0.85691
52	10	670	670	0.258109
52	11	13	13	0.000328064
52	12	50256	50256	0
53	5	262	262	0.00104332
53	6	6869	3825	2.11312
53	7	7021	7021	1.29524
53	8	636	636	0.539754
53	9	393	393	0.0500889
53	10	477	477	1.52884
53	11	286	286	0.0197964
53	12	262	262	0.504894
53	13	3825	3825	1.71449
53	14	422	422	0.0253525
53	15	1570	1570	0.53897
53	16	13	13	0.0325451
53	17	50256	50256	1.52588e-05
54	5	393	393	0.0702991
54	6	7686	7686	0.68704
54	7	3170	3170	0.248051
54	8	422	422	0.0899925
54	9	5100	5100	0.823459
54	10	18955	18955	1.17108
54	11	4991	4991	0.417915
54	12	13	13	0.000804901
54	13	50256	50256	7.62939e-06
55	5	3872	3872	0.559389
55	6	3815	3815	0.0748453
55	7	884	884	0.449358
55	8	355	355	0.104717
55	9	2081	2081	0.869873
55	10	290	290	0.0116711
55	11	3991	3991	0.821206
55	12	13	13	0
55	13	50256	50256	2.28882e-05
56	5	6903	6903	0.285577
56	6	286	286	0.0118084
56	7	1692	1692	1.62259
56	8	2910	2910	2.1189
56	9	13	13	0.0421753
56	10	50256	50256	0.00166702
57	5	287	287	0.0230789
57	6	2166	2166	1.44061
57	7	286	286	0.113892
57	8	663	663	0.229012
57	9	3491	691	2.06165
57	10	460	460	0.0808315
57	11	2728	2728	0.978133
57	12	257	257	0.0523453
57	13	40757	40757	0.948504
57	14	19550	19550	0.356392
57	15	287	287	0.0711098
57	16	262	262	0.0001297
57	17	3491	976	2.07322
57	18	338	338	0.136507
57	19	22204	22204	0.312777
57	20	13	13	1.33514e-05
57	21	50256	50256	0.00484467
58	5	3170	3170	0.170368
58	6	12972	12972	0.374058
58	7	43591	43591	0.243633
58	8	355	355	0.0376492
58	9	15100	15100	0.243361
58	10	16667	16667	0.228901
58	11	1443	1443	0.109085
58	12	13	13	0.00282669
58	13	50256	50256	0
59	5	1510	1510	0.506422
59	6	400	400	0.333941
59	7	286	286	0.0379086
59	8	257	257	0.00684738
59	9	4326	4326	1.24901
59	10	13	13	5.91278e-05
59	11	50256	50256	7.62939e-06
60	5	735	735	0.0999508
60	6	460	460	0.0328274
60	7	10199	10199	0.430156
60	8	284	284	0.00785446
60	9	5044	5044	0.666129
60	10	9230	9230	0.103497
60	11	13	13	1.52588e-05
60	12	50256	50256	1.14441e-05
61	5	290	290	0.00694656
61	6	38467	38467	0.530057
61	7	5594	5594	0.460301
61	8	284	284	0.0347481
61	9	262	262	0.000362396
61	10	304	7446	3.74264
61	11	2724	2724	0.317877
61	12	560	560	0.298361
61	13	6421	6421	0.371155
61	14	13	13	0.0192223
61	15	50256	50256	0
62	5	13971	13971	0.107361
62	6	9403	9403	0.406613
62	7	42626	42626	0.801683
62	8	3349	3349	0.341949
62	9	739	739	0.102871
62	10	11080	11080	0.18421
62	11	3403	3403	0.0753479
62	12	13	13	0.00409698
62	13	50256	50256	1.90735e-06
63	5	7319	7319	0.27897
63	6	16379	16379	0.080267
63	7	13	13	0
63	8	50256	50256	0
64	5	47933	47933	0.304585
64	6	832	832	0.0641041
64	7	257	257	0.0137005
64	8	8122	8122	0.505655
64	9	13	13	0.00145149
64	10	50256	50256	3.05176e-05
65	5	2339	2339	0.476589
65	6	8573	8573	0.592003
65	7	326	326	0.193012
65	8	1037	1037	0.293751
65	9	606	606	0.2433
65	10	7906	7906	0.836651
65	11	832	832	0.128485
65	12	262	262	0.0159779
65	13	1633	1633	1.06621
65	14	13	13	0
65	15	50256	50256	0.0142326
66	5	262	262	0.00889015
66	6	5417	5417	1.21932
66	7	832	832	0.0359116
66	8	257	257	0.0161572
66	9	25979	25979	0.98983
66	10	287	287	0.00453186
66	11	10836	10836	0.921948
66	12	13	13	3.8147e-06
66	13	50256	50256	8.39233e-05
67	5	286	286	0.000232697
67	6	7517	7517	0.783316
67	7	11	11	0.0693474
67	8	319	319	0.128922
67	9	262	262	0.0656376
67	10	5866	5866	1.73168
67	11	406	406	1.03714
67	12	733	733	0.270202
67	13	2959	2959	0.211851
67	14	13	13	0
67	15	50256	50256	2.67029e-05
68	5	4778	4778	0.143324
68	6	326	326	0.0819912
68	7	3031	3031	1.06869
68	8	284	284	0.00852585
68	9	15938	15938	1.19756
68	10	26306	26306	0.711279
68	11	287	287	0.0290222
68	12	40333	40333	0.324245
68	13	13	13	0
68	14	50256	50256	0.000358582
69	5	284	284	0.0324574
69	6	45075	45075	0.421334
69	7	262	262	0.0593128
69	8	1271	1271	1.04286
69	9	286	286	0.0481319
69	10	23235	23235	0.813567
69	11	286	286	0.0289822
69	12	1123	1123	0.360966
69	13	5002	5002	0.733194
69	14	13	13	0.0008564
69	15	50256	50256	0.00109863
70	5	287	287	0.0185719
70	6	663	663	0.0802078
70	7	13179	13179	0.573732
70	8	13	13	0.000915527
70	9	50256	50256	1.14441e-05
71	5	3623	3623	1.71515
71	6	11	11	0.0542107
71	7	8977	8977	1.35629
71	8	11	11	0.0331306
71	9	290	290	0.0941277
71	10	3223	3771	3.89586
71	11	2300	2300	0.270491
71	12	1978	1978	0.233103
71	13	287	287	0.00653458
71	14	27982	27982	0.655523
71	15	13	13	2.09808e-05
71	16	50256	50256	0
72	5	11904	11904	1.35638
72	6	832	832	0.0793972
72	7	2005	2005	0.675512
72	8	83	83	0.250285
72	9	654	654	0.554794
72	10	393	393	0.148321
72	11	584	584	0.799274
72	12	7494	7494	0.577698
72	13	876	876	0.239929
72	14	8573	8573	0.358931
72	15	13	13	0
72	16	50256	50256	0.000116348
73	5	5451	5451	0.0936127
73	6	3407	3407	0.18646
73	7	262	262	0.0087471
73	8	25868	25868	0.18977
73	9	5882	5882	0.15333
73	10	1757	1757	0.109081
73	11	7698	7698	0.0952778
73	12	13	13	0.00316048
73	13	50256	50256	7.62939e-06
74	5	351	351	0.176161
74	6	7572	7572	1.33584
74	7	286	286	0.018198
74	8	4376	23206	3.77513
74	9	22969	22969	0.520332
74	10	13	13	0.0118046
74	11	50256	50256	8.7738e-05
75	5	24866	24866	0.434813
75	6	284	284	0.121269
75	7	257	257	0.00717735
75	8	2440	2440	1.99313
75	9	11067	11067	0.30077
75	10	7078	7078	0.204803
75	11	13	13	5.72205e-06
75	12	50256	50256	0
76	5	13020	13020	0.503952
76	6	34262	34262	0.181976
76	7	422	422	0.072897
76	8	257	257	0.0244732
76	9	8701	8701	0.951059
76	10	13	13	6.67572e-05
76	11	50256	50256	1.90735e-06
77	5	2826	2826	1.34285
77	6	351	351	0.162233
77	7	663	663	0.0880013
77	8	1767	1767	1.93226
77	9	4855	4855	0.639315
77	10	1022	1022	0.068615
77	11	262	262	0.0148735
77	12	2137	7446	3.04413
77	13	338	338	0.0788326
77	14	14475	14475	0.315372
77	15	13	13	1.90735e-06
77	16	50256	50256	1.14441e-05
78	5	11061	11061	0.195023
78	6	257	257	0.118319
78	7	37327	37327	1.46665
78	8	4645	4645	0.597195
78	9	1900	1900	0.172976
78	10	355	355	0.0282917
78	11	262	262	0.113489
78	12	6124	6124	1.75478
78	13	6391	6391	0.398489
78	14	17180	17180	0.1136
78	15	13	13	0.000114441
78	16	50256	50256	1.14441e-05
79	5	351	351	0.156252
79	6	281	281	0.100449
79	7	30690	7022	3.17429
79	8	6082	6082	0.247747
79	9	286	286	0.0943031
79	10	5186	5186	0.286625
79	11	3877	3877	0.136667
79	12	13	13	0.00682449
79	13	50256	50256	3.8147e-06
80	5	6342	13522	2.69013
80	6	11	11	0.00390625
80	7	257	257	0.0037899
80	8	1748	1748	2.08597
80	9	319	319	0.516989
80	10	262	262	0.0182476
80	11	1001	976	1.74175
80	12	500	500	0.452977
80	13	13	13	0
80	14	50256	50256	2.67029e-05
81	5	1141	1141	0.273012
81	6	262	262	0.0071888
81	7	1110	976	4.91942
81	8	618	618	0.277502
81	9	1956	1956	0.401875
81	10	1175	1175	0.355476
81	11	907	907	0.327187
81	12	5443	5443	1.42925
81	13	621	621	0.128368
81	14	6716	6716	0.409983
81	15	1660	1660	0.639441
81	16	13	13	0.00447083
81	17	50256	50256	6.10352e-05
82	5	10157	10157	0.596735
82	6	549	549	0.162289
82	7	32653	32653	0.13884
82	8	297	297	0.123241
82	9	544	544	0.0829182
82	10	7813	7813	0.158079
82	11	37834	37834	0.0516624
82	12	13	13	0
82	13	50256	50256	0.000732422
83	5	1271	1271	0.66718
83	6	4249	4249	0.463481
83	7	257	257	0.0222054
83	8	4633	4633	0.612439
83	9	1271	1271	0.32221
83	10	13	13	0.000417709
83	11	50256	50256	3.8147e-06
84	5	3139	3139	0.649077
84	6	286	286	0.00605202
84	7	10836	10836	0.929334
84	8	11	11	0.0544014
84	9	287	287	0.0348778
84	10	262	262	0.00378418
84	11	1499	1499	1.80832
84	12	338	338	0.287758
84	13	5093	5093	1.21938
84	14	13	13	0.00182152
84	15	50256	50256	7.62939e-06
85	5	19812	19812	0.151663
85	6	20775	20775	0.189892
85	7	25730	25730	0.127666
85	8	17628	17628	0.19852
85	9	13	13	0.000329971
85	10	50256	50256	0
86	5	318	318	0.0809746
86	6	4635	4635	0.209061
86	7	416	416	0.059864
86	8	38797	38797	0.582351
86	9	278	278	0.157711
86	10	37624	37624	0.51738
86	11	41266	41266	0.301261
86	12	351	351	0.0406208
86	13	8268	8268	2.0071
86	14	13	13	0.000131607
86	15	50256	50256	3.8147e-05
87	5	262	262	0.016695
87	6	10359	10359	1.89079
87	7	290	290	0.0646343
87	8	262	262	0.081749
87	9	10329	10329	0.591688
87	10	13	13	0.000289917
87	11	50256	50256	3.8147e-06
88	5	11685	11685	0.141497
88	6	286	286	0.00845909
88	7	18190	18190	1.20878
88	8	290	290	0.0188332
88	9	511	511	0.374468
88	10	3585	3585	0.881347
88	11	6116	6116	0.0450878
88	12	13	13	0.00274658
88	13	50256	50256	7.62939e-06
89	5	18044	18044	0.889414
89	6	1633	1633	0.726912
89	7	832	832	0.0834904
89	8	511	511	0.579214
89	9	6611	6611	0.674938
89	10	28439	28439	0.0610332
89	11	13	13	0
89	12	50256	50256	0.000545502
90	5	15061	15061	1.86691
90	6	36402	36402	0.380346
90	7	286	286	0.00234795
90	8	257	257	0.0707874
90	9	19690	19690	0.992164
90	10	5509	5509	0.443324
90	11	13	13	0.00110435
90	12	50256	50256	3.8147e-06
91	5	11	11	0.0488548
91	6	1690	1690	0.653802
91	7	41266	41266	0.32378
91	8	393	393	0.0610542
91	9	2511	2511	0.277237
91	10	680	680	0.231646
91	11	11	11	0.0317783
91	12	351	351	0.0881119
91	13	1622	1622	0.643829
91	14	654	654	0.640056
91	15	13	13	0.0133877
91	16	50256	50256	4.95911e-05
92	5	4104	4104	0.671988
92	6	1088	1088	0.332773
92	7	17648	17648	0.385344
92	8	290	290	0.010828
92	9	832	832	0.306751
92	10	28431	28431	0.313704
92	11	13	13	0.000349045
92	12	50256	50256	1.52588e-05
93	5	257	257	0.00198555
93	6	2139	2139	1.20525
93	7	3170	3170	0.278107
93	8	319	319	0.0431747
93	9	262	262	0.0197754
93	10	5230	5230	0.874706
93	11	2138	2138	0.128566
93	12	621	621	0.0202217
93	13	257	257	0.0208797
93	14	6171	6171	1.13453
93	15	5177	5177	0.191755
93	16	329	329	0.109819
93	17	262	262	0.0599937
93	18	5230	5230	1.15384
93	19	13	13	0.00745773
93	20	50256	50256	0.000816345
94	5	6588	6588	0.567328
94	6	17556	17556	0.565042
94	7	326	326	0.566219
94	8	5419	5419	1.25838
94	9	8509	8509	0.881479
94	10	15756	15756	1.00269
94	11	4485	4485	0.133917
94	12	13	13	2.09808e-05
94	13	50256	50256	7.62939e-06
95	5	11073	11073	0.0638227
95	6	281	281	0.113819
95	7	772	1271	4.29248
95	8	18253	18253	0.221107
95	9	13	13	0.00182724
95	10	50256	50256	0.00131035
96	5	318	318	0.0506706
96	6	262	262	0.0365639
96	7	1218	12108	1.84766
96	8	13	13	0.0290794
96	9	50256	50256	0
97	5	262	262	0.00603294
97	6	20938	3942	3.82295
97	7	7679	7679	0.47345
97	8	1444	1444	0.0835056
97	9	262	262	0.0515976
97	10	14673	14673	1.6866
97	11	22829	22829	0.036787
97	12	13	13	0
97	13	50256	50256	0.000148773
98	5	6870	6870	0.539637
98	6	8787	8787	0.696166
98	7	1231	1231	0.166046
98	8	38875	38875	1.99298
98	9	1123	1123	0.24856
98	10	4637	4637	0.496197
98	11	257	257	0.0700169
98	12	4571	3096	4.85171
98	13	13	13	0.000869751
98	14	50256	50256	3.8147e-06
99	5	2138	2138	0.282967
99	6	621	621	0.0525188
99	7	1660	734	2.17493
99	8	11	11	0.161951
99	9	287	287	0.175127
99	10	511	511	0.270411
99	11	1311	1311	0.875801
99	12	862	862	0.481134
99	13	13	13	0.0157261
99	14	50256	50256	2.28882e-05
100	5	1514	1514	0.412994
100	6	3096	8701	2.37233
100	7	468	468	0.12129
100	8	43063	43063	1.18248
100	9	3951	3951	0.269423
100	10	287	287	0.0124454
100	11	1123	1123	0.147381
100	12	4571	3139	2.33006
100	13	13	13	0
100	14	50256	50256	0
101	5	48573	48573	0.903419
101	6	6134	6134	0.580684
101	7	16573	389	2.57889
101	8	284	284	0.0219822
101	9	1204	1440	3.44586
101	10	11061	11061	0.504076
101	11	32085	32085	0.422454
101	12	729	729	0.416375
101	13	13	13	0
101	14	50256	50256	0
102	5	9197	8122	5.00598
102	6	8320	8320	0.372815
102	7	689	689	0.294436
102	8	772	772	0.76624
102	9	611	611	0.855033
102	10	663	663	0.0465164
102	11	2866	2866	1.70293
102	12	14768	14768	0.485896
102	13	6937	6937	1.03692
102	14	13	13	0
102	15	50256	50256	1.52588e-05
103	5	1660	1660	1.10626
103	6	40169	40169	1.08926
103	7	379	379	0.0877666
103	8	257	257	0.0677452
103	9	2793	2793	2.05025
103	10	5951	5951	0.590104
103	11	13	13	0.00756264
103	12	50256	50256	3.8147e-06
104	5	262	262	0.00596237
104	6	23902	23902	0.606262
104	7	23642	23642	0.247291
104	8	16161	16161	0.481531
104	9	1444	1444	0.0766315
104	10	262	262	0.0313892
104	11	34822	34822	0.945676
104	12	6378	6378	0.145973
104	13	13	13	0
104	14	50256	50256	1.14441e-05
105	5	1022	1022	0.113401
105	6	4237	4237	1.25493
105	7	290	290	0.0960617
105	8	3957	3957	1.19848
105	9	393	393	0.0580044
105	10	6143	6143	0.808568
105	11	21379	21379	0.321372
105	12	13	13	0
105	13	50256	50256	0.000156403
106	5	262	262	0.00302887
106	6	22088	22088	1.79514
106	7	291	291	0.510802
106	8	13061	13061	0.626821
106	9	21072	21072	0.237352
106	10	44921	44921	0.197884
106	11	13	13	0
106	12	50256	50256	0
107	5	1660	1660	0.435948
107	6	287	287	0.0716133
107	7	6546	6546	0.682031
107	8	2945	2945	0.689848
107	9	5667	5667	0.142122
107	10	11	11	0.0101128
107	11	21552	21552	0.511691
107	12	11	11	0.0591583
107	13	393	393	0.0232658
107	14	11135	11135	0.81663
107	15	13	13	0
107	16	50256	50256	1.14441e-05
108	5	7627	7627	0.812534
108	6	904	904	0.376317
108	7	656	656	0.179356
108	8	262	262	0.0402451
108	9	10596	1578	2.78042
108	10	10692	10692	0.295206
108	11	13	13	0.00617218
108	12	50256	50256	0
109	5	262	262	0.000190735
109	6	16577	16577	2.47892
109	7	15921	15921	0.138666
109	8	286	286	0.010191
109	9	257	257	0.0140572
109	10	14281	14281	1.95123
109	11	17793	17793	0.279331
109	12	13	13	0.0102139
109	13	50256	50256	0
110	5	41917	41917	1.10489
110	6	9978	9978	0.677485
110	7	326	326	0.0288563
110	8	460	460	0.280964
110	9	3650	3650	1.45916
110	10	290	290	0.0224495
110	11	21937	25572	2.84015
110	12	24284	24284	0.443457
110	13	17794	17794	0.133684
110	14	286	286	0.0162792
110	15	34573	34573	0.178633
110	16	13	13	0.00273895
110	17	50256	50256	0.00012207
111	5	6591	6591	0.48439
111	6	1080	1080	0.865744
111	7	11	11	0.0164986
111	8	22721	22721	1.15429
111	9	468	468	0.271563
111	10	262	262	0.110813
111	11	6000	976	2.64776
111	12	2347	2347	1.65265
111	13	13	13	0.00185013
111	14	50256	50256	3.8147e-06
112	5	34616	34616	0.396856
112	6	29120	29120	0.21571
112	7	656	656	0.0700016
112	8	262	262	0.0385284
112	9	1402	1402	1.00171
112	10	45426	45426	0.113324
112	11	13	13	0
112	12	50256	50256	1.90735e-06
113	5	3625	3625	0.113886
113	6	329	329	0.0668583
113	7	3356	3356	0.472864
113	8	290	290	0.146042
113	9	13017	13017	1.09808
113	10	13	13	0.000295639
113	11	50256	50256	3.8147e-06
114	5	8122	1444	1.3905
114	6	11	11	0.0193157
114	7	9472	9472	0.710913
114	8	663	663	0.00558472
114	9	8434	8434	1.00147
114	10	4755	4755	1.86911
114	11	318	318	0.152298
114	12	4735	4735	1.77068
114	13	13	13	0.0196724
114	14	50256	50256	7.62939e-06
115	5	8802	8802	0.172045
115	6	19079	19079	0.154299
115	7	1998	1998	0.053215
115	8	6697	6697	0.411979
115	9	7028	7028	0.174183
115	10	13	13	0
115	11	50256	50256	1.14441e-05
116	5	274	274	0.128299
116	6	13617	13617	0.611773
116	7	278	278	0.102478
116	8	329	329	0.355867
116	9	1103	1103	0.534611
116	10	3146	3146	0.554156
116	11	13	13	0
116	12	50256	50256	0
117	5	13204	13204	0.298252
117	6	4991	4991	0.750448
117	7	286	286	0.00142479
117	8	2877	2877	0.907559
117	9	20296	20296	1.18236
117	10	13	13	0
117	11	50256	50256	0.000225067
118	5	281	281	0.0398178
118	6	1633	1633	1.14286
118	7	1014	1014	0.316973
118	8	1022	1022	0.102926
118	9	262	262	0.0153866
118	10	300	300	1.79653
118	11	38621	38621	0.266343
118	12	87	87	0.196417
118	13	290	290	0.0766354
118	14	262	262	0.0051918
118	15	18443	18443	0.758075
118	16	11072	11072	0.116772
118	17	13	13	0.000204086
118	18	50256	50256	3.8147e-06
119	5	9460	9460	0.306744
119	6	293	293	0.530136
119	7	9280	9280	0.360331
119	8	48556	48556	0.270996
119	9	1321	1321	0.225275
119	10	546	546	0.885777
119	11	262	262	0.00374413
119	12	4067	3825	5.60796
119	13	286	286	0.0558052
119	14	2057	2057	0.484509
119	15	13	13	6.29425e-05
119	16	50256	50256	2.67029e-05
120	5	17522	17522	1.33343
120	6	318	318	0.0673714
120	7	5017	5017	1.20333
120	8	351	351	0.0990829
120	9	16252	16252	1.41571
120	10	13	13	0.00159645
120	11	50256	50256	4.95911e-05
121	5	257	257	0.00474167
121	6	2393	2393	2.26157
121	7	338	338	0.144575
121	8	5794	5794	1.56527
121	9	11	11	0.0174675
121	10	475	475	1.8774
121	11	340	340	0.475571
121	12	857	857	0.692001
121	13	407	407	0.0227871
121	14	9149	4683	4.05497
121	15	326	326	0.078043
121	16	5794	5794	0.640108
121	17	13	13	0
121	18	50256	50256	0.000331879
122	5	262	262	0.0314865
122	6	3139	3139	0.642368
122	7	286	286	0.000293732
122	8	21506	21506	0.595537
122	9	287	287	0.0288486
122	10	3687	3687	0.593065
122	11	5478	5478	0.192422
122	12	13	13	1.14441e-05
122	13	50256	50256	7.62939e-06
123	5	16021	16021	0.489259
123	6	11447	11447	0.172171
123	7	10717	10717	0.165403
123	8	1444	1444	0.444098
123	9	257	257	0.00221252
123	10	9529	9529	0.623569
123	11	528	528	0.351421
123	12	462	462	0.287786
123	13	13	13	0
123	14	50256	50256	4.76837e-05
124	5	866	866	0.468981
124	6	2636	2636	0.307961
124	7	20296	20296	1.20784
124	8	290	290	0.0130348
124	9	48914	48914	1.00312
124	10	20901	20901	0.560599
124	11	832	832	0.154367
124	12	30020	30020	0.18598
124	13	13	13	0
124	14	50256	50256	0.000240326
125	5	82	82	0.397347
125	6	262	262	0.0628414
125	7	2989	976	2.75723
125	8	16654	16654	0.270086
125	9	287	287	0.0173302
125	10	257	257	0.104408
125	11	23243	23243	1.00727
125	12	8379	8379	0.359776
125	13	13	13	0
125	14	50256	50256	0
126	5	3519	3519	0.173231
126	6	1171	1171	0.262609
126	7	290	290	0.0139751
126	8	2839	2839	0.445483
126	9	8251	8251	0.099905
126	10	13	13	0
126	11	50256	50256	0.00507355
127	5	318	318	0.039278
127	6	1444	1444	0.109268
127	7	32896	32896	0.490762
127	8	14596	14596	0.089798
127	9	13	13	0
127	10	50256	50256	0
128	5	925	925	0.105699
128	6	7525	7525	0.139269
128	7	422	422	0.0503368
128	8	15317	15317	0.41464
128	9	290	290	0.0213261
128	10	31861	31861	0.227507
128	11	13	13	0
128	12	50256	50256	2.86102e-05
129	5	257	257	0.0098877
129	6	7226	1688	1.85319
129	7	21264	21264	0.4655
129	8	36264	36264	0.310669
129	9	36869	36869	0.260244
129	10	21126	21126	0.377461
129	11	7405	7405	0.522841
129	12	290	290	0.00378609
129	13	14754	14754	0.427761
129	14	663	663	0.022028
129	15	7894	7894	1.43078
129	16	13	13	0.00053215
129	17	50256	50256	3.8147e-06
130	5	290	290	0.00235748
130	6	17298	3833	3.78827
130	7	287	287	0.0802879
130	8	262	262	0.000152588
130	9	7976	3825	3.29673
130	10	2436	2436	0.326951
130	11	26676	26676	0.125875
130	12	13	13	0
130	13	50256	50256	0
131	5	389	389	0.207861
131	6	262	262	0.0362225
131	7	717	2910	5.82214
131	8	9403	9403	0.980631
131	9	5667	5667	0.683593
131	10	286	286	0.0227222
131	11	257	257	0.0975552
131	12	4618	4618	0.988903
131	13	39880	7150	1.90769
131	14	13	13	0.000228882
131	15	50256	50256	5.91278e-05
132	5	4847	4847	1.13761
132	6	287	287	0.0448132
132	7	5788	5788	2.25972
132	8	416	416	0.0666409
132	9	17247	17247	0.6415
132	10	7572	7572	0.334696
132	11	286	286	0.00129509
132	12	37410	37410	0.954674
132	13	3951	3951	0.320714
132	14	13	13	0.00132942
132	15	50256	50256	1.14441e-05
133	5	7667	7667	0.0699825
133	6	8598	8598	0.100503
133	7	16069	16069	0.0208893
133	8	13	13	0
133	9	50256	50256	6.10352e-05
134	5	9260	9260	0.55455
134	6	1577	1577	0.275511
134	7	262	262	0.00398254
134	8	5440	5440	1.85674
134	9	663	663	0.0905018
134	10	14688	14688	1.50908
134	11	680	680	0.18676
134	12	5585	5585	0.0821857
134	13	13	13	3.8147e-06
134	14	50256	50256	0.0217133
135	5	389	389	0.161581
135	6	1036	8902	4.39994
135	7	515	515	0.342548
135	8	284	284	0.0233707
135	9	787	787	0.568572
135	10	257	257	0.0658817
135	11	279	279	1.51473
135	12	2150	2150	0.646646
135	13	298	298	1.20031
135	14	1779	1779	0.832374
135	15	3681	3681	0.187986
135	16	13	13	0.00292015
135	17	50256	50256	0.000125885
136	5	24830	24830	1.05608
136	6	287	287	0.0139923
136	7	543	543	1.73837
136	8	1123	1123	0.161467
136	9	6194	6194	2.6465
136	10	2391	2391	0.639268
136	11	6870	6870	0.463001
136	12	530	530	0.217358
136	13	44278	44278	0.483318
136	14	415	415	0.324634
136	15	393	393	0.039896
136	16	48617	48617	0.356339
136	17	13	13	0
136	18	50256	50256	7.62939e-06
137	5	3473	3473	0.232323
137	6	5688	5688	0.367192
137	7	286	286	0.00967789
137	8	12925	12925	1.04644
137	9	5207	5207	0.131438
137	10	286	286	0.0583344
137	11	1660	1660	0.358471
137	12	4771	4771	0.318923
137	13	13	13	8.2016e-05
137	14	50256	50256	0
138	5	3825	3825	1.71149
138	6	338	338	0.0618687
138	7	4755	15921	3.99493
138	8	26161	26161	0.903687
138	9	17669	17669	0.872118
138	10	656	656	0.00744438
138	11	43142	43142	0.870354
138	12	290	290	0.0253162
138	13	10050	10050	0.704369
138	14	2568	2568	0.180922
138	15	13	13	0
138	16	50256	50256	0
139	5	3881	3881	0.395885
139	6	326	326	0.185312
139	7	460	460	0.162655
139	8	47577	47577	1.56802
139	9	6364	6364	0.312063
139	10	625	625	0.484054
139	11	41917	41917	1.14062
139	12	1661	1661	0.612337
139	13	66	66	0.23205
139	14	2040	2040	0.173351
139	15	13	13	0.00262833
139	16	50256	50256	9.53674e-05
140	5	286	286	0.0107231
140	6	28722	28722	0.623185
140	7	287	287	0.000595093
140	8	257	257	0.113792
140	9	5931	1180	2.06144
140	10	6317	6317	0.641549
140	11	13	13	0
140	12	50256	50256	1.14441e-05
141	5	5002	5002	1.32257
141	6	326	326	0.216393
141	7	318	318	0.0650253
141	8	8122	8122	0.295418
141	9	379	379	0.12369
141	10	8850	8850	0.274155
141	11	2119	2119	0.306358
141	12	5951	5951	0.256723
141	13	13	13	0
141	14	50256	50256	4.19617e-05
142	5	284	284	0.0090313
142	6	22792	22792	0.25495
142	7	962	962	0.29884
142	8	2763	2763	0.354491
142	9	403	403	0.414455
142	10	338	338	0.0146217
142	11	22234	22234	0.787659
142	12	287	287	0.0395679
142	13	36094	36094	0.128538
142	14	13	13	0.0119991
142	15	50256	50256	3.05176e-05
143	5	38467	38467	0.26088
143	6	1296	1296	0.298873
143	7	1969	1969	1.0968
143	8	15814	15814	0.773233
143	9	351	351	0.297344
143	10	262	262	7.82013e-05
143	11	11135	11135	0.89999
143	12	286	286	0.00240517
143	13	6134	6134	0.125666
143	14	13	13	0
143	15	50256	50256	3.8147e-06
144	5	262	262	0.0153198
144	6	39522	39522	1.123
144	7	286	286	0.0237198
144	8	1568	1568	0.369741
144	9	4795	4795	0.154125
144	10	10752	10752	0.226959
144	11	12153	12153	0.31926
144	12	274	274	0.160024
144	13	13	13	0
144	14	50256	50256	0
145	5	319	319	0.17342
145	6	2995	2995	1.78463
145	7	1141	1141	0.0805016
145	8	262	262	0.0809422
145	9	44695	44695	1.91601
145	10	1810	1810	0.280956
145	11	13	13	0.000137329
145	12	50256	50256	0
146	5	48440	48440	0.253438
146	6	11904	11904	0.258686
146	7	973	973	0.123144
146	8	355	355	0.087019
146	9	257	257	0.0244484
146	10	25721	25721	0.276389
146	11	13	13	0
146	12	50256	50256	3.8147e-06
147	5	319	319	0.386673
147	6	46376	10385	4.9338
147	7	11	11	0.0472507
147	8	16083	16083	0.665326
147	9	981	981	0.373594
147	10	262	262	0.0306721
147	11	46376	3085	5.85727
147	12	318	318	0.0508347
147	13	9583	9583	0.0909081
147	14	13	13	0.00258446
147	15	50256	50256	3.8147e-06
148	5	9779	9779	1.72493
148	6	318	318	0.105936
148	7	257	257	0.0391731
148	8	7446	14091	4.25789
148	9	8379	8379	0.726782
148	10	326	326	0.136362
148	11	22625	22625	0.618316
148	12	284	284	0.011858
148	13	257	257	0.0107956
148	14	10345	10345	1.07243
148	15	1720	1720	0.339087
148	16	13	13	3.8147e-06
148	17	50256	50256	1.14441e-05
149	5	1254	1254	0.565887
149	6	3463	3463	0.417028
149	7	1203	1203	0.451916
149	8	780	780	1.19892
149	9	484	484	0.286887
149	10	290	290	0.196787
149	11	511	511	0.225988
149	12	16807	16807	2.36141
149	13	389	389	0.0909576
149	14	17282	17282	0.577697
149	15	7463	7463	0.331569
149	16	1978	1978	0.172195
149	17	13	13	0
149	18	50256	50256	2.47955e-05
150	5	262	262	0.00978279
150	6	6697	4571	2.6615
150	7	4571	4571	2.05995
150	8	422	422	0.267757
150	9	749	749	0.856607
150	10	584	584	0.544817
150	11	14705	14705	1.92212
150	12	287	287	0.0023098
150	13	674	674	0.320765
150	14	6591	6591	0.175995
150	15	1080	1080	0.0946846
150	16	13	13	0
150	17	50256	50256	3.8147e-06
151	5	287	287	0.00118828
151	6	10598	10598	0.220798
151	7	287	287	0.0232086
151	8	5846	5846	0.344509
151	9	37078	37078	0.0461063
151	10	13	13	0
151	11	50256	50256	3.05176e-05
152	5	9505	9505	0.143473
152	6	379	379	0.0470619
152	7	262	262	0.00287437
152	8	5645	5645	0.906475
152	9	286	286	0.00263405
152	10	11945	11945	0.299721
152	11	287	287	0.0488911
152	12	867	867	0.488514
152	13	24039	24039	0.145914
152	14	13	13	0.000673294
152	15	50256	50256	3.8147e-06
153	5	3106	3106	0.557575
153	6	36186	36186	0.356459
153	7	326	326	0.0266171
153	8	4909	4909	0.10339
153	9	6588	6588	0.350921
153	10	13	13	0.000228882
153	11	50256	50256	0
154	5	2630	2630	0.13308
154	6	262	262	0.0149479
154	7	711	711	1.47969
154	8	1900	1900	0.0507832
154	9	355	355	0.0217896
154	10	383	383	0.111284
154	11	23165	23165	0.246761
154	12	1471	1471	0.0806179
154	13	30215	30215	0.0607948
154	14	13	13	0.00158691
154	15	50256	50256	1.52588e-05
155	5	1497	1497	0.26646
155	6	422	422	0.0142326
155	7	262	262	0.0032177
155	8	2612	2612	1.67932
155	9	11	11	0.0263119
155	10	7692	7692	0.338636
155	11	286	286	0.00815964
155	12	663	663	0.0122089
155	13	11863	11863	1.93328
155	14	2695	2695	0.246815
155	15	13	13	0
155	16	50256	50256	3.43323e-05
156	5	21718	21718	0.467661
156	6	6296	6296	0.325078
156	7	1474	1474	0.173027
156	8	6342	6342	1.82374
156	9	287	287	0.0208244
156	10	4881	4881	1.61646
156	11	13	13	0
156	12	50256	50256	0
157	5	257	257	0.0150566
157	6	2060	2060	0.769832
157	7	19078	19078	0.805357
157	8	1143	1143	0.317312
157	9	5935	5935	0.410764
157	10	326	326	0.443535
157	11	36319	36319	0.702079
157	12	656	656	0.027607
157	13	4553	4025	3.57662
157	14	39966	39966	0.525865
157	15	13	13	0
157	16	50256	50256	2.67029e-05
158	5	257	257	0.0684204
158	6	4553	4553	2.35603
158	7	13239	13239	1.03517
158	8	422	422	0.109718
158	9	6134	6134	0.412132
158	10	290	290	0.0461922
158	11	4695	584	1.69687
158	12	13	13	0
158	13	50256	50256	7.62939e-05
159	5	881	881	0.0582113
159	6	286	286	0.0144482
159	7	21673	21673	0.619678
159	8	338	338	0.015913
159	9	6156	6156	0.338684
159	10	26898	26898	0.741822
159	11	4417	4417	0.187321
159	12	13	13	8.96454e-05
159	13	50256	50256	7.62939e-06
160	5	262	262	0.0239754
160	6	1180	5931	2.52685
160	7	4069	1180	2.23407
160	8	286	286	0.0688343
160	9	3056	1402	2.23533
160	10	290	290	0.0901928
160	11	1660	4735	3.73329
160	12	319	13	1.08475
160	13	7815	6697	5.829
160	14	13	13	0.000419617
160	15	50256	50256	7.62939e-06
161	5	11	11	0.0219193
161	6	262	262	0.0159702
161	7	3825	8211	3.11909
161	8	24234	24234	0.242382
161	9	262	262	0.00203514
161	10	33258	33258	0.967397
161	11	1602	1602	0.341045
161	12	1352	1352	0.319194
161	13	13	13	3.8147e-05
161	14	50256	50256	3.8147e-06
162	5	45656	45656	0.477938
162	6	621	621	0.0223465
162	7	7424	7424	0.393142
162	8	2266	2266	0.811122
162	9	1657	1657	0.294189
162	10	13	13	5.34058e-05
162	11	50256	50256	0
163	5	925	925	0.946247
163	6	510	510	0.912296
163	7	286	286	0.174229
163	8	30362	4237	2.10776
163	9	16057	16057	0.323794
163	10	68	68	0.399263
163	11	13	13	0.0132198
163	12	50256	50256	0
164	5	3356	1271	3.07516
164	6	286	286	0.0734501
164	7	15938	1296	2.70282
164	8	656	656	0.107248
164	9	290	290	0.114714
164	10	503	318	1.82569
164	11	286	286	0.0520821
164	12	257	257	0.210112
164	13	2685	2685	1.57853
164	14	13	13	1.90735e-06
164	15	50256	50256	5.34058e-05
165	5	5732	5732	0.624494
165	6	351	351	0.0960903
165	7	262	262	0.000207901
165	8	6616	976	4.8473
165	9	286	286	0.0600243
165	10	663	663	0.103823
165	11	2866	5253	2.66533
165	12	287	287	0.0248928
165	13	15993	15993	0.419838
165	14	12933	12933	0.134743
165	15	13	13	0
165	16	50256	50256	7.62939e-06
166	5	286	286	0.0089817
166	6	15317	15317	0.346872
166	7	290	290	0.0421162
166	8	19783	19783	0.223213
166	9	13	13	0
166	10	50256	50256	0
167	5	5366	5366	1.76056
167	6	286	286	0.000867844
167	7	262	262	0.00564003
167	8	7022	717	5.56078
167	9	286	286	0.00219345
167	10	347	347	1.14541
167	11	8553	8553	0.479839
167	12	78	78	0.228291
167	13	13	13	0.00290871
167	14	50256	50256	4.19617e-05
168	5	286	286	0.0118675
168	6	5186	5186	0.252552
168	7	3877	3877	0.203781
168	8	13	13	0.000509262
168	9	50256	50256	8.01086e-05
169	5	1768	1768	0.173096
169	6	3994	3994	0.104244
169	7	262	262	0.00598907
169	8	13204	13204	0.679351
169	9	7532	7532	0.240627
169	10	41927	41927	0.182713
169	11	10680	10680	0.0521545
169	12	13	13	5.72205e-06
169	13	50256	50256	0
170	5	3139	3139	1.1724
170	6	286	286	0.00201035
170	7	29638	28722	2.36746
170	8	11	11	0.096159
170	9	2138	2138	0.187593
170	10	621	621	0.0340061
170	11	11294	11294	0.684756
170	12	23117	23117	0.272661
170	13	42124	42124	0.0985565
170	14	13	13	7.62939e-06
170	15	50256	50256	0.000534058
171	5	338	338	0.0677166
171	6	383	383	0.428192
171	7	9467	9467	0.506872
171	8	13274	13274	0.15447
171	9	286	286	0.0120354
171	10	14059	14059	0.916332
171	11	3407	3407	0.157291
171	12	24203	24203	0.168545
171	13	29906	29906	0.153997
171	14	13	13	0.00634003
171	15	50256	50256	3.8147e-06
172	5	12	12	0.144421
172	6	2164	2164	0.954457
172	7	1328	1328	0.893755
172	8	31513	31513	0.954678
172	9	3881	3881	0.40657
172	10	2219	2219	1.99192
172	11	287	287	0.13483
172	12	9151	9151	1.35896
172	13	291	291	0.374736
172	14	20048	20048	0.749257
172	15	13	13	0
172	16	50256	50256	0
173	5	1115	1115	2.44006
173	6	11954	11954	0.449436
173	7	11	11	0.0395546
173	8	734	734	0.833199
173	9	8901	8901	0.568206
173	10	2910	2910	1.892
173	11	832	832	0.210735
173	12	663	663	0.0921307
173	13	308	308	1.6163
173	14	2171	2171	0.0933971
173	15	13	13	5.72205e-06
173	16	50256	50256	4.95911e-05
174	5	12278	12278	0.335272
174	6	17655	17655	0.943482
174	7	1626	1626	0.261212
174	8	15114	11863	3.31449
174	9	393	393	0.445103
174	10	1022	1022	1.06636
174	11	257	257	0.0121803
174	12	6279	1448	2.05082
174	13	290	290	0.0369759
174	14	262	262	0.00689125
174	15	2323	3825	2.59737
174	16	13	13	0
174	17	50256	50256	0
175	5	39526	39526	1.14042
175	6	2877	2877	0.581791
175	7	351	351	0.255148
175	8	257	257	0.00647736
175	9	5205	5205	0.74931
175	10	33567	33567	0.360586
175	11	6587	6587	0.300947
175	12	5212	5212	0.398623
175	13	13	13	0.00163841
175	14	50256	50256	0.000133514
176	5	262	262	0.170418
176	6	4376	976	3.25975
176	7	3006	3006	0.209783
176	8	286	286	0.0633926
176	9	257	257	0.0181084
176	10	23470	2779	2.26734
176	11	2512	2512	0.700193
176	12	3328	3328	0.398927
176	13	16882	16882	0.385559
176	14	13	13	1.90735e-05
176	15	50256	50256	3.8147e-05
177	5	9417	9417	0.466337
177	6	9136	9136	0.386756
177	7	6492	6492	0.523445
177	8	422	422	0.0829868
177	9	1728	1728	0.546659
177	10	2266	2266	0.534322
177	11	33773	33773	1.61818
177	12	13	13	0
177	13	50256	50256	1.90735e-05
178	5	7411	7411	0.735057
178	6	6953	6953	0.32122
178	7	11	11	0.00179482
178	8	11863	11863	0.128336
178	9	11	11	0.0827026
178	10	290	290	0.00269508
178	11	1660	1660	0.207046
178	12	13	13	0
178	13	50256	50256	3.43323e-05
179	5	1277	1277	1.29946
179	6	511	511	0.0971584
179	7	734	734	0.540017
179	8	2951	2951	0.609222
179	9	14799	14799	0.128881
179	10	981	981	0.189114
179	11	21976	21976	0.342184
179	12	511	511	0.0663433
179	13	21334	21334	0.214024
179	14	13	13	1.90735e-06
179	15	50256	50256	7.62939e-06
180	5	11	11	0.0169163
180	6	2138	2138	0.199559
180	7	621	621	0.475433
180	8	2458	2458	1.20229
180	9	287	287	0.165911
180	10	663	663	0.127399
180	11	5253	5253	1.7495
180	12	422	422	0.0725632
180	13	262	262	0.0302277
180	14	3825	3825	1.89278
180	15	11	11	0.0891571
180	16	5640	5640	0.195099
180	17	262	262	0.000259399
180	18	7028	7028	0.919469
180	19	13	13	0
180	20	50256	50256	0.000816345
181	5	8064	8064	1.50122
181	6	286	286	0.0144367
181	7	257	257	0.0806046
181	8	48862	48862	1.15268
181	9	485	485	0.218355
181	10	272	272	0.220324
181	11	9197	9197	1.69908
181	12	338	338	0.00739098
181	13	38447	38447	0.791063
181	14	284	284	0.040369
181	15	663	663	0.179811
181	16	14753	14753	0.886777
181	17	13	13	0.00926399
181	18	50256	50256	7.62939e-06
182	5	874	874	1.62614
182	6	287	287	0.168247
182	7	262	262	0.0428772
182	8	8434	8434	0.611335
182	9	1027	1027	0.497907
182	10	1037	1037	0.519902
182	11	4886	4886	0.176722
182	12	13179	13179	0.529148
182	13	286	286	0.181126
182	14	262	262	0.0011425
182	15	1182	1182	2.27244
182	16	13	13	0
182	17	50256	50256	3.05176e-05
183	5	1262	1262	1.10753
183	6	14091	14091	1.63323
183	7	7572	1262	3.37122
183	8	319	319	0.294807
183	9	24012	24012	2.42669
183	10	458	458	0.147181
183	11	34387	34387	0.201752
183	12	13	13	0
183	13	50256	50256	7.62939e-06
184	5	3463	3463	0.794888
184	6	318	318	0.165232
184	7	262	262	0.000722885
184	8	29973	29973	2.04164
184	9	2700	2700	0.611649
184	10	7205	7205	0.534742
184	11	319	319	0.0250568
184	12	281	281	0.013876
184	13	2134	2134	1.29291
184	14	13	13	2.47955e-05
184	15	50256	50256	1.14441e-05
185	5	7475	7475	0.707891
185	6	11	11	0.0741272
185	7	355	355	0.0914345
185	8	618	618	0.237881
185	9	466	466	0.807726
185	10	407	407	0.0706902
185	11	4329	4329	0.887232
185	12	836	836	0.157784
185	13	470	470	0.0752678
185	14	13	13	0.00289917
185	15	50256	50256	2.28882e-05
186	5	19700	19700	1.0212
186	6	6588	6588	0.148748
186	7	378	378	0.22876
186	8	21622	21622	0.679527
186	9	13	13	0.0053997
186	10	50256	50256	0
187	5	18405	18405	0.334217
187	6	284	284	0.00730515
187	7	2222	2222	1.3097
187	8	15619	15619	0.359779
187	9	1657	1657	0.306347
187	10	284	284	0.0768337
187	11	257	257	0.0826416
187	12	2962	21891	5.42395
187	13	13	13	0
187	14	50256	50256	0.000762939
188	5	14310	14310	1.88214
188	6	287	287	0.0518475
188	7	8122	8122	1.39083
188	8	284	284	0.000354767
188	9	7603	15938	2.73501
188	10	1771	1771	0.292344
188	11	257	257	0.0657425
188	12	4417	4417	0.601489
188	13	318	318	0.0465031
188	14	1241	1241	0.6262
188	15	13	13	0.000106812
188	16	50256	50256	0
189	5	262	262	0.0235806
189	6	19517	19517	1.16055
189	7	6896	6896	0.163686
189	8	351	351	0.194733
189	9	262	262	0.0735836
189	10	2297	2297	1.1018
189	11	6896	6896	0.121225
189	12	13	13	5.72205e-05
189	13	50256	50256	0.000205994
190	5	269	269	0.257024
190	6	8325	8325	0.437127
190	7	298	298	0.478169
190	8	13100	13100	0.970006
190	9	290	290	0.0994263
190	10	318	318	0.662531
190	11	4318	4318	1.85318
190	12	284	284	0.0272141
190	13	10469	10469	0.957404
190	14	16585	16585	0.0953045
190	15	13	13	0
190	16	50256	50256	0
191	5	3793	3793	0.271753
191	6	284	284	0.0192814
191	7	9161	9161	0.40842
191	8	1613	1613	0.281734
191	9	1692	1692	0.179619
191	10	14515	14515	0.0745239
191	11	13	13	0
191	12	50256	50256	1.14441e-05
192	5	15715	15715	0.468869
192	6	621	621	0.121588
192	7	8122	8122	0.814944
192	8	1660	1660	1.73111
192	9	11	11	0.00336266
192	10	523	1690	2.37064
192	11	340	340	0.387265
192	12	36016	36016	0.0802631
192	13	13	13	0.0018425
192	14	50256	50256	7.62939e-06
193	5	9518	9518	0.159386
193	6	11447	11447	0.180138
193	7	10717	10717	0.106829
193	8	13	13	0.000795364
193	9	50256	50256	1.90735e-06
194	5	656	656	0.0355492
194	6	257	257	0.00676155
194	7	4735	4735	0.580271
194	8	13	13	0.000476837
194	9	50256	50256	1.90735e-06
195	5	262	262	0.0769138
195	6	779	20296	2.51099
195	7	286	286	0.0748577
195	8	1657	1657	0.291813
195	9	290	290	0.0249271
195	10	9082	9082	0.541089
195	11	287	287	0.0178471
195	12	5874	5874	0.223917
195	13	1242	1242	0.404696
195	14	13	13	8.7738e-05
195	15	50256	50256	3.8147e-06
196	5	6115	6115	0.760681
196	6	355	355	0.118547
196	7	257	257	0.371429
196	8	27216	27216	1.07025
196	9	875	875	0.531259
196	10	16912	16912	0.065752
196	11	13	13	0
196	12	50256	50256	0
197	5	373	373	0.0835457
197	6	257	257	0.0983181
197	7	4960	4960	0.881384
197	8	6761	6761	0.403784
197	9	286	286	0.105543
197	10	21641	21641	1.05097
197	11	290	290	0.021719
197	12	4898	4898	0.829729
197	13	9967	9967	0.294546
197	14	20842	20842	0.115675
197	15	13	13	0.000368118
197	16	50256	50256	5.34058e-05
198	5	290	290	0.113628
198	6	2314	2314	0.525306
198	7	47933	47933	0.275262
198	8	832	832	0.0850334
198	9	257	257	0.00742149
198	10	2818	2818	1.07389
198	11	17076	17076	0.483652
198	12	13	13	0
198	13	50256	50256	1.14441e-05
199	5	11945	11945	0.591715
199	6	1978	1978	0.223024
199	7	379	379	0.524969
199	8	867	867	0.583474
199	9	24039	24039	0.135366
199	10	13	13	0.00381088
199	11	50256	50256	0
200	5	1022	1022	0.128357
200	6	262	262	0.0100021
200	7	37015	3139	2.6576
200	8	286	286	0.0344296
200	9	8706	8706	0.308261
200	10	290	290	0.00927353
200	11	22721	22721	0.999003
200	12	13	13	0.0018177
200	13	50256	50256	3.8147e-06
201	5	8850	8850	0.266004
201	6	5405	5405	0.559076
201	7	621	621	0.23106
201	8	832	832	0.305698
201	9	257	257	0.15608
201	10	17076	17076	1.13831
201	11	13	13	7.24792e-05
201	12	50256	50256	3.8147e-06
202	5	257	257	0.019268
202	6	20831	20831	1.32113
202	7	15283	15283	0.323418
202	8	9290	9290	0.782841
202	9	4143	4143	0.241851
202	10	12073	12073	0.397671
202	11	663	663	0.00898743
202	12	3833	3833	1.63611
202	13	13	13	0
202	14	50256	50256	0
203	5	44653	44653	1.33403
203	6	389	389	0.0832882
203	7	34262	34262	0.972001
203	8	878	878	0.273615
203	9	511	511	0.0567112
203	10	15061	670	3.55059
203	11	36402	36402	0.355224
203	12	1280	1280	0.0951939
203	13	13	13	0.000984192
203	14	50256	50256	3.8147e-06
204	5	329	329	0.313639
204	6	262	262	0.0142403
204	7	3491	3491	1.04201
204	8	12	12	0.0724907
204	9	16760	16760	0.348503
204	10	13888	13888	0.665915
204	11	286	286	0.037714
204	12	663	663	0.26746
204	13	8234	3435	4.15525
204	14	17894	17894	0.0977688
204	15	13	13	0
204	16	50256	50256	0.0021019
205	5	10396	10396	0.350328
205	6	12610	12610	0.28834
205	7	6143	6143	0.330651
205	8	27452	27452	0.445269
205	9	1321	1321	0.270332
205	10	1231	1231	0.156346
205	11	12948	12948	0.588441
205	12	1176	1176	0.326759
205	13	13	13	0.00505829
205	14	50256	50256	0.000148773
206	5	12091	12091	0.4361
206	6	21566	21566	0.389446
206	7	260	260	0.178179
206	8	739	739	0.141859
206	9	262	262	0.00446701
206	10	3112	976	1.46297
206	11	1438	1438	0.495684
206	12	4424	4424	0.20348
206	13	11751	11751	0.127964
206	14	7459	7459	0.026022
206	15	13	13	7.24792e-05
206	16	50256	50256	0
207	5	1863	1863	0.486402
207	6	262	262	0.000135422
207	7	8830	3825	5.60621
207	8	1735	1735	0.285902
207	9	286	286	0.0514927
207	10	2520	2520	0.818703
207	11	2253	2253	0.0975876
207	12	13	13	0
207	13	50256	50256	3.8147e-06
208	5	257	257	0.0474186
208	6	31607	10349	3.68101
208	7	8122	8122	0.354089
208	8	5732	5732	0.75027
208	9	351	351	0.0548401
208	10	6795	6795	0.427913
208	11	13	13	1.52588e-05
208	12	50256	50256	0
209	5	3139	3139	0.26528
209	6	1748	1748	0.0514107
209	7	286	286	0.0235996
209	8	16519	16519	0.12089
209	9	13	13	0.000177383
209	10	50256	50256	5.34058e-05
210	5	379	379	0.320681
210	6	262	262	0.00131226
210	7	3641	3139	3.01717
210	8	286	286	0.0193367
210	9	674	674	0.245127
210	10	6591	6591	0.258359
210	11	1080	1080	0.174505
210	12	13	13	0
210	13	50256	50256	0
211	5	4025	6697	3.12272
211	6	2010	2010	0.23803
211	7	2700	2700	0.93273
211	8	11073	11073	0.383782
211	9	257	257	0.0133038
211	10	4025	20831	3.9489
211	11	20309	1402	3.56826
211	12	13	13	0
211	13	50256	50256	2.09808e-05
212	5	4656	4656	0.134285
212	6	468	468	0.0856915
212	7	6697	6697	2.0312
212	8	6698	6698	1.26432
212	9	3025	3025	0.826583
212	10	3815	3815	0.168041
212	11	751	751	0.117325
212	12	284	284	0.00990677
212	13	3598	3598	0.086916
212	14	13	13	0.00148773
212	15	50256	50256	3.8147e-06
213	5	262	262	0.00852585
213	6	1138	6869	4.19181
213	7	37670	37670	0.33035
213	8	1042	1042	0.201525
213	9	286	286	0.00874901
213	10	30498	30498	0.314779
213	11	13	13	0.0082798
213	12	50256	50256	3.8147e-06
214	5	16662	16662	0.252949
214	6	284	284	0.0080204
214	7	24949	24949	0.421855
214	8	290	290	0.0117321
214	9	28436	28436	1.67475
214	10	2057	2057	0.126247
214	11	13	13	0.00182152
214	12	50256	50256	0
215	5	4257	4257	1.10494
215	6	9106	9106	0.281044
215	7	316	316	0.612698
215	8	16982	16982	0.356968
215	9	4879	4879	0.21265
215	10	286	286	0.00647736
215	11	9403	9403	2.15223
215	12	6134	6134	0.290027
215	13	13	13	0.00568199
215	14	50256	50256	1.71661e-05
216	5	318	318	0.199429
216	6	262	262	0.00417328
216	7	4417	4417	1.01979
216	8	4067	4067	0.985786
216	9	3264	3264	0.837716
216	10	2029	2029	0.437256
216	11	663	663	0.00537109
216	12	2962	2962	0.725596
216	13	13	13	0
216	14	50256	50256	1.52588e-05
217	5	318	318	0.0354118
217	6	9086	8811	1.92764
217	7	1022	1022	0.407665
217	8	16256	1111	2.41277
217	9	290	290	0.0816002
217	10	46117	46117	1.91869
217	11	968	968	0.664862
217	12	22777	22777	0.807401
217	13	13	13	0
217	14	50256	50256	0.000202179
218	5	981	981	0.20466
218	6	8868	8868	0.5399
218	7	23822	23822	0.271925
218	8	1022	1022	0.0703964
218	9	606	606	0.230805
218	10	13	13	0.000400543
218	11	50256	50256	2.67029e-05
219	5	8811	8811	0.311089
219	6	925	925	0.111774
219	7	422	422	0.077095
219	8	22365	22365	1.17196
219	9	388	388	0.31627
219	10	17135	17135	0.447774
219	11	5026	5026	0.0576725
219	12	47196	47196	0.0521393
219	13	13	13	0
219	14	50256	50256	8.39233e-05
220	5	780	780	0.506828
220	6	484	484	0.276564
220	7	389	389	0.167852
220	8	19346	19346	1.39037
220	9	621	621	0.273371
220	10	262	262	0.00694084
220	11	7346	976	2.25387
220	12	6591	6591	0.1271
220	13	4417	4417	1.14887
220	14	13	13	0
220	15	50256	50256	7.62939e-06
221	5	262	262	0.000297546
221	6	8434	8434	2.33427
221	7	21405	21405	0.785231
221	8	286	286	0.00774956
221	9	1728	1728	0.464483
221	10	7150	7150	0.988765
221	11	13	13	0
221	12	50256	50256	7.62939e-06
222	5	2187	2187	0.526558
222	6	287	287	0.0316486
222	7	10801	10801	0.546419
222	8	290	290	0.032444
222	9	12070	12070	1.78286
222	10	284	284	0.105188
222	11	4439	4439	0.300165
222	12	3056	3056	1.13945
222	13	13	13	0.0041275
222	14	50256	50256	7.62939e-06
223	5	395	395	0.151724
223	6	563	563	0.245321
223	7	28539	28539	0.449837
223	8	2995	2995	0.58052
223	9	7346	7346	0.481806
223	10	262	262	0.0157375
223	11	19636	19636	1.67429
223	12	29179	29179	0.270391
223	13	286	286	0.00474167
223	14	4492	4492	0.182643
223	15	13	13	1.52588e-05
223	16	50256	50256	0
224	5	9565	9565	0.772241
224	6	832	832	0.0544567
224	7	35115	35115	0.289467
224	8	13	13	3.8147e-06
224	9	50256	50256	1.90735e-06
225	5	16824	16824	0.272942
225	6	262	262	0.0288582
225	7	2159	976	2.18674
225	8	287	287	0.125353
225	9	412	412	1.04453
225	10	14400	14400	0.279068
225	11	12579	12579	0.119289
225	12	5679	5679	0.0932293
225	13	1380	1380	0.504877
225	14	576	576	0.457144
225	15	292	292	0.589191
225	16	376	376	0.209711
225	17	10332	10332	0.0883636
225	18	13	13	0
225	19	50256	50256	3.8147e-06
226	5	257	257	0.000608444
226	6	3288	3288	1.10358
226	7	18645	18645	0.623191
226	8	1022	1022	0.343611
226	9	4881	3668	1.93683
226	10	290	290	0.0523415
226	11	8602	8602	0.624176
226	12	13	13	0
226	13	50256	50256	1.90735e-05
227	5	1296	1296	0.391497
227	6	618	618	0.828924
227	7	27163	27163	1.25628
227	8	13166	13166	0.250464
227	9	1716	1716	0.269997
227	10	16001	16001	0.440334
227	11	276	276	0.125158
227	12	290	290	0.108603
227	13	20534	5369	2.45765
227	14	276	276	0.0704556
227	15	1978	1978	0.507717
227	16	13	13	5.53131e-05
227	17	50256	50256	1.14441e-05
228	5	5931	5931	0.160864
228	6	4847	4847	0.391576
228	7	287	287	0.0477066
228	8	1502	1502	0.629746
228	9	286	286	0.00030899
228	10	3649	3649	1.70623
228	11	17226	17226	0.295736
228	12	1271	1271	0.193507
228	13	13	13	0
228	14	50256	50256	7.62939e-06
229	5	1141	1141	0.110586
229	6	262	262	0.0144405
229	7	3227	3139	2.49376
229	8	286	286	0.000448227
229	9	18391	18391	0.517602
229	10	4778	4778	0.333076
229	11	13	13	0
229	12	50256	50256	0
230	5	5931	5931	0.128671
230	6	33543	33543	0.965273
230	7	290	290	0.00269318
230	8	6149	6149	0.452353
230	9	5387	5387	0.487264
230	10	15121	15121	0.39245
230	11	8573	8573	0.0874805
230	12	13	13	0
230	13	50256	50256	3.8147e-05
231	5	287	287	0.014183
231	6	281	281	0.218229
231	7	26433	26433	0.684151
231	8	338	338	0.0702152
231	9	7446	7446	1.70074
231	10	8379	8379	0.540015
231	11	13	13	6.67572e-05
231	12	50256	50256	0
232	5	45656	45656	0.0951614
232	6	621	621	0.0263977
232	7	7424	7424	0.0640507
232	8	45725	45725	0.31422
232	9	1657	1657	0.171568
232	10	13	13	0
232	11	50256	50256	3.8147e-06
233	5	422	422	0.191156
233	6	11135	11135	1.73718
233	7	3812	3812	0.351009
233	8	262	262	0.00596619
233	9	6727	584	2.86428
233	10	3354	3354	0.25074
233	11	286	286	0.000600815
233	12	257	257	0.130959
233	13	4618	4618	0.692613
233	14	13	13	0
233	15	50256	50256	2.47955e-05
234	5	11	11	0.00300598
234	6	511	511	0.0811272
234	7	781	781	0.434954
234	8	16415	16415	0.230745
234	9	43855	43855	0.356004
234	10	606	606	0.168732
234	11	21258	21258	0.414682
234	12	13	13	0
234	13	50256	50256	3.8147e-06
235	5	338	338	0.0503044
235	6	10861	10861	1.37805
235	7	49831	49831	0.369142
235	8	560	560	0.222668
235	9	9335	9335	0.582808
235	10	373	373	0.173758
235	11	4624	4624	0.266994
235	12	625	625	0.0396309
235	13	465	465	0.637857
235	14	285	285	0.2646
235	15	13929	13929	0.370815
235	16	1431	1431	0.239996
235	17	1182	1182	0.578884
235	18	13	13	0
235	19	50256	50256	6.10352e-05
236	5	5752	5752	2.17721
236	6	24139	24139	0.378311
236	7	1626	1626	0.0643406
236	8	257	257	0.0295639
236	9	50126	50126	0.91382
236	10	6831	6831	0.59971
236	11	3084	3084	0.159861
236	12	13	13	1.14441e-05
236	13	50256	50256	1.90735e-06
237	5	2168	2168	0.689204
237	6	6673	6673	0.245054
237	7	511	511	0.0940495
237	8	4180	4180	0.478741
237	9	1817	1817	0.0855846
237	10	13	13	1.90735e-06
237	11	50256	50256	5.72205e-06
238	5	379	379	0.757139
238	6	393	393	0.266497
238	7	1474	1474	1.08972
238	8	3668	3668	0.412578
238	9	338	338	0.0138817
238	10	4417	4417	0.632956
238	11	13	13	0.00880241
238	12	50256	50256	7.62939e-06
239	5	23426	23426	0.171693
239	6	6007	6007	0.127785
239	7	286	286	0.0190926
239	8	12605	12605	0.796078
239	9	13232	13232	0.216686
239	10	5474	5474	0.0699177
239	11	13	13	5.14984e-05
239	12	50256	50256	9.53674e-05
240	5	1366	1366	0.983021
240	6	523	336	2.85289
240	7	326	326	0.179903
240	8	5100	717	2.63812
240	9	1895	1895	0.605925
240	10	460	460	0.102194
240	11	307	307	1.61694
240	12	5443	5443	0.956125
240	13	13	13	0
240	14	50256	50256	0.000125885
241	5	636	636	1.07532
241	6	286	286	0.00286102
241	7	262	262	0.0528069
241	8	4865	976	3.5842
241	9	1022	1022	0.106426
241	10	3340	3340	0.346964
241	11	290	290	0.111492
241	12	262	262	0.00742149
241	13	1578	1578	1.46966
241	14	1829	1829	0.141438
241	15	13	13	1.90735e-06
241	16	50256	50256	0
242	5	286	286	0.00110817
242	6	14807	14807	0.611348
242	7	287	287	0.0186691
242	8	21199	21199	0.110342
242	9	7229	7229	0.0413685
242	10	13	13	0.000291824
242	11	50256	50256	0
243	5	262	262	0.107267
243	6	16936	16936	0.514108
243	7	1900	1900	0.130157
243	8	3491	3491	0.425889
243	9	284	284	0.0553627
243	10	262	262	0.00681877
243	11	3825	3825	0.625754
243	12	13	13	0
243	13	50256	50256	1.90735e-05
244	5	5400	5400	0.970613
244	6	287	287	0.115456
244	7	511	511	0.162163
244	8	30772	30772	0.374926
244	9	13	13	0.0112495
244	10	50256	50256	0
245	5	3154	3154	0.966648
245	6	5667	5667	0.336462
245	7	379	379	0.208395
245	8	262	262	0.000591278
245	9	1660	4417	1.28021
245	10	338	338	0.0333691
245	11	4417	4417	0.181892
245	12	13	13	0
245	13	50256	50256	8.01086e-05
246	5	1864	1864	0.492646
246	6	284	284	0.113396
246	7	511	511	0.764152
246	8	12213	3154	4.20508
246	9	351	351	0.166077
246	10	3867	8268	4.08401
246	11	290	290	0.0306549
246	12	31607	4735	2.56086
246	13	21164	21164	0.138512
246	14	13	13	7.62939e-06
246	15	50256	50256	3.8147e-05
247	5	329	329	0.0625896
247	6	496	496	0.328184
247	7	2354	2354	0.444764
247	8	257	257	0.0135746
247	9	35881	35881	0.249063
247	10	389	389	0.0486107
247	11	4048	4048	0.146402
247	12	13	13	0.00186157
247	13	50256	50256	0
248	5	262	262	0.000617981
248	6	4898	4898	0.671633
248	7	7972	7972	0.158008
248	8	1641	1641	0.14673
248	9	3805	3805	0.0527954
248	10	663	663	0.00430298
248	11	1877	1877	1.11479
248	12	7881	7881	0.0743446
248	13	13	13	0.00216484
248	14	50256	50256	7.62939e-05
249	5	511	511	0.117334
249	6	2057	2057	0.388021
249	7	7525	7525	0.426807
249	8	416	416	0.00727844
249	9	6600	6600	0.822383
249	10	584	584	0.121677
249	11	4695	4695	0.279613
249	12	13	13	0
249	13	50256	50256	0
250	5	15772	15772	0.420094
250	6	7386	7386	0.972255
250	7	3891	3891	0.247511
250	8	656	656	0.0208702
250	9	6101	6101	0.350761
250	10	9405	9405	0.158566
250	11	13	13	0.00728035
250	12	50256	50256	3.8147e-05
251	5	318	318	0.27623
251	6	4055	4055	1.9203
251	7	276	276	0.0982113
251	8	287	287	0.0437107
251	9	281	281	0.252758
251	10	11557	11557	1.36729
251	11	1080	1080	0.106819
251	12	13	13	0
251	13	50256	50256	0
252	5	257	257	0.0576153
252	6	4553	4553	2.0736
252	7	18480	18480	0.740002
252	8	3108	3108	0.765908
252	9	329	329	0.115181
252	10	1123	1123	0.364161
252	11	4151	4151	1.00814
252	12	13	13	0
252	13	50256	50256	1.90735e-06
253	5	973	973	0.1521
253	6	2116	2116	0.597928
253	7	12	12	0.0111141
253	8	634	634	0.89825
253	9	27554	27554	0.402786
253	10	284	284	0.00494766
253	11	7301	7301	0.75114
253	12	607	607	0.354588
253	13	1204	1204	1.11064
253	14	290	290	0.00357628
253	15	5369	5369	0.436386
253	16	13	13	0
253	17	50256	50256	1.90735e-05
254	5	11904	11904	0.564208
254	6	326	326	0.281325
254	7	1663	1663	0.401563
254	8	2641	2641	0.185133
254	9	262	262	0.00461769
254	10	37185	3139	5.62503
254	11	286	286	0.00356865
254	12	1232	1232	1.4964
254	13	2454	2454	0.590122
254	14	6134	6134	0.402103
254	15	13	13	0
254	16	50256	50256	1.14441e-05
255	5	3491	3491	0.505952
255	6	287	287	0.0762978
255	7	3668	3668	0.142267
255	8	338	338	0.0683403
255	9	1755	1755	1.28844
255	10	6766	6766	1.07812
255	11	618	618	0.134256
255	12	9569	9569	0.596266
255	13	416	416	0.0348644
255	14	4156	4156	0.57522
255	15	5874	5874	0.0693493
255	16	22204	22204	0.190902
255	17	13	13	7.62939e-06
255	18	50256	50256	0.000232697
256	5	16968	16968	0.754016
256	6	11	11	0.00396156
256	7	3584	3584	1.10553
256	8	617	617	0.389668
256	9	5696	5696	0.320875
256	10	17438	17438	0.234589
256	11	10338	10338	0.21854
256	12	625	625	0.0535583
256	13	1728	1728	0.306309
256	14	5951	5951	0.131518
256	15	16069	16069	0.135136
256	16	13	13	0
256	17	50256	50256	3.8147e-06
257	5	12	12	0.00717545
257	6	7784	7784	0.638569
257	7	29984	29984	0.627097
257	8	1043	1043	0.532528
257	9	287	287	0.0189171
257	10	5044	530	3.90707
257	11	4778	4778	0.272394
257	12	13	13	0.000511169
257	13	50256	50256	0
258	5	324	324	0.559182
258	6	2627	2627	0.654021
258	7	262	262	0.0374336
258	8	717	717	0.735
258	9	1893	1893	0.363242
258	10	286	286	0.00122833
258	11	3794	3794	1.30836
258	12	287	287	0.077589
258	13	11445	11445	0.652869
258	14	13	13	0
258	15	50256	50256	1.90735e-06
259	5	422	422	0.0886898
259	6	543	543	0.894032
259	7	749	749	0.744002
259	8	1660	1660	0.348694
259	9	290	290	0.0843029
259	10	7545	7545	0.402549
259	11	1540	1540	0.555688
259	12	2340	2340	0.252884
259	13	423	423	0.164246
259	14	587	587	0.422167
259	15	4615	4615	0.195395
259	16	13	13	0.00899315
259	17	50256	50256	2.47955e-05
260	5	422	422	0.111465
260	6	826	826	1.8754
260	7	284	284	0.0560341
260	8	1364	1364	0.842634
260	9	13	13	0.0085144
260	10	50256	50256	0.00217819
261	5	286	286	0.0481911
261	6	867	867	0.380918
261	7	1402	1402	0.554379
261	8	12734	12734	1.22103
261	9	11856	11856	0.528833
261	10	1978	1978	0.206388
261	11	13	13	0.00161743
261	12	50256	50256	0.000118256
262	5	3917	3917	0.508461
262	6	351	351	0.0378094
262	7	262	262	0.0031929
262	8	4960	4960	0.92581
262	9	6260	6260	0.180319
262	10	1001	1001	0.297272
262	11	72	72	0.285423
262	12	911	911	1.34001
262	13	261	261	0.432465
262	14	1840	1840	0.803042
262	15	13	13	0.0103054
262	16	50256	50256	1.14441e-05
263	5	558	558	0.227581
263	6	504	504	0.159206
263	7	351	351	0.129965
263	8	6466	6466	0.380736
263	9	276	276	0.0846539
263	10	21755	21755	0.403655
263	11	290	290	0.00878906
263	12	7097	7097	1.56589
263	13	25612	25612	0.129049
263	14	13	13	0.00413132
263	15	50256	50256	9.15527e-05
264	5	3356	3356	0.505041
264	6	1863	1863	0.483362
264	7	31025	31025	1.83141
264	8	287	287	0.0600128
264	9	3668	3668	0.306271
264	10	338	338	0.100245
264	11	20048	20048	1.19394
264	12	13	13	1.90735e-06
264	13	50256	50256	0
265	5	318	318	0.0808086
265	6	29679	29679	1.14292
265	7	11	11	0.0463581
265	8	543	543	0.418387
265	9	14582	14582	0.602742
265	10	1973	1973	0.213717
265	11	1811	1811	0.509156
265	12	14807	14807	0.584098
265	13	13	13	3.8147e-06
265	14	50256	50256	3.8147e-06
266	5	33274	33274	0.246058
266	6	468	468	0.198503
266	7	27913	27913	1.12302
266	8	1744	1744	0.7226
266	9	3815	3815	0.397598
266	10	329	329	0.715776
266	11	1123	1123	0.351076
266	12	16839	16839	1.42029
266	13	13	13	0.000156403
266	14	50256	50256	1.14441e-05
267	5	1022	1022	0.0646
267	6	262	262	0.213226
267	7	2910	2910	1.71976
267	8	290	290	0.00416374
267	9	7346	7346	0.779249
267	10	21379	21379	0.642442
267	11	13	13	9.91821e-05
267	12	50256	50256	0.000389099
268	5	13042	13042	1.47554
268	6	16524	16524	0.363565
268	7	287	287	0.00491142
268	8	8150	543	2.64342
268	9	82	82	0.0939541
268	10	13	13	0.00691032
268	11	50256	50256	0
269	5	8701	8701	1.51105
269	6	1641	1641	0.0935612
269	7	3805	3805	0.203329
269	8	663	663	0.0398445
269	9	4898	4898	1.26192
269	10	88	88	1.00207
269	11	21552	21552	0.777225
269	12	13	13	0.00261116
269	13	50256	50256	0.000312805
270	5	10451	10451	0.714561
270	6	552	552	0.382647
270	7	1769	1769	0.310545
270	8	257	257	0.143835
270	9	1988	4618	3.59457
270	10	422	422	0.0984039
270	11	584	584	0.589746
270	12	3815	3815	0.369627
270	13	393	393	0.0463982
270	14	14700	14700	0.444586
270	15	13	13	0.00509453
270	16	50256	50256	1.33514e-05
271	5	618	618	0.103981
271	6	340	340	0.808565
271	7	468	468	0.36187
271	8	257	257	0.00436592
271	9	7515	8122	3.85024
271	10	1863	1863	0.682694
271	11	281	281	0.166162
271	12	2134	2134	0.967098
271	13	338	338	0.0930347
271	14	29358	29358	2.15598
271	15	13	13	0.000759125
271	16	50256	50256	3.43323e-05
272	5	663	663	0.0151291
272	6	22421	22421	1.05133
272	7	981	981	0.163368
272	8	23934	23934	0.155011
272	9	262	262	0.0327263
272	10	20016	5337	2.03409
272	11	1022	1022	0.0995522
272	12	606	606	0.168893
272	13	13	13	0
272	14	50256	50256	0
273	5	5667	5667	0.982445
273	6	8811	8811	0.145976
273	7	3417	3417	0.739326
273	8	355	355	0.046587
273	9	25209	25209	0.622492
273	10	13	13	0.000429153
273	11	50256	50256	3.43323e-05
274	5	3601	3601	1.05086
274	6	540	540	1.61019
274	7	7128	7128	0.574697
274	8	5241	5241	0.344002
274	9	416	416	0.044981
274	10	7720	7720	1.11827
274	11	656	656	0.0611191
274	12	257	257	0.0614548
274	13	4417	4417	0.772109
274	14	13	13	0
274	15	50256	50256	3.8147e-06
275	5	4909	4909	0.205949
275	6	27253	27253	0.547462
275	7	11945	11945	0.532485
275	8	13	13	0.000816345
275	9	50256	50256	5.72205e-06
276	5	530	530	0.609089
276	6	6588	6588	1.08292
276	7	22037	22037	0.553497
276	8	290	290	0.219023
276	9	734	734	0.692103
276	10	11863	11863	0.898436
276	11	23235	23235	1.08122
276	12	13	13	0
276	13	50256	50256	0.00043869
277	5	48159	48159	0.0920391
277	6	2094	2094	0.0837822
277	7	2264	2264	0.0544472
277	8	844	844	0.121721
277	9	1258	1258	0.113314
277	10	319	319	0.0385036
277	11	465	465	0.297476
277	12	17545	17545	0.116951
277	13	13	13	5.72205e-06
277	14	50256	50256	0.000320435
278	5	1657	1657	0.444082
278	6	284	284	0.113901
278	7	3151	3151	0.6125
278	8	262	262	0.0403175
278	9	2939	2939	2.43108
278	10	12694	12694	0.35988
278	11	329	329	0.0706959
278	12	517	517	0.832618
278	13	640	640	0.342865
278	14	13	13	0.00158882
278	15	50256	50256	5.72205e-05
279	5	47969	47969	0.463853
279	6	11	11	0.0927067
279	7	730	730	0.624246
279	8	335	335	1.02778
279	9	82	82	0.227492
279	10	1845	1845	1.13004
279	11	11	11	0.0111408
279	12	290	290	0.00575829
279	13	285	285	0.68709
279	14	3970	3970	0.721342
279	15	21622	21622	0.398377
279	16	13	13	3.8147e-06
279	17	50256	50256	0
280	5	422	422	0.0702286
280	6	11527	11527	1.06829
280	7	45926	45926	0.199068
280	8	11	11	0.0415154
280	9	981	981	0.143244
280	10	29049	29049	0.536635
280	11	363	363	0.101688
280	12	76	76	0.272108
280	13	2737	2737	0.322186
280	14	1663	1663	0.259587
280	15	18644	18644	0.65873
280	16	422	422	0.0999966
280	17	11527	11527	1.1269
280	18	18570	18570	0.165963
280	19	13	13	0
280	20	50256	50256	0.00146866
281	5	16697	4735	4.51546
281	6	262	262	0.0620537
281	7	1767	1660	2.81083
281	8	338	338	0.181271
281	9	1660	5894	3.59577
281	10	290	290	0.106352
281	11	8268	5822	2.317
281	12	5236	5236	0.160532
281	13	13	13	0.0158005
281	14	50256	50256	0
282	5	1936	1936	0.380836
282	6	16021	16021	0.380364
282	7	3951	3951	0.225159
282	8	13	13	0.000421524
282	9	50256	50256	0.000431061
283	5	1573	1588	3.92591
283	6	351	351	0.204115
283	7	257	257	0.0968628
283	8	3616	20831	3.50623
283	9	2092	2092	2.13774
283	10	284	284	0.104816
283	11	326	373	4.28067
283	12	286	286	0.00154877
283	13	1194	1194	1.90438
283	14	1573	13	10.9024
283	15	13	13	0
283	16	50256	50256	0.00166702
284	5	11	11	0.0201721
284	6	262	262	0.00790977
284	7	11087	11087	1.60448
284	8	18333	18333	0.651797
284	9	286	286	0.0431175
284	10	257	257	0.00359726
284	11	22950	22950	1.86372
284	12	751	751	0.469788
284	13	284	284	0.0397911
284	14	11546	11546	0.656026
284	15	7370	7370	0.194342
284	16	13	13	0
284	17	50256	50256	0
285	5	262	262	0.00669479
285	6	1767	1767	1.15688
285	7	416	416	0.0523167
285	8	10427	656	1.99781
285	9	319	319	0.142885
285	10	11945	11945	0.158415
285	11	13	13	0.022377
285	12	50256	50256	0
286	5	1487	307	4.46786
286	6	262	262	0.000469208
286	7	4571	4571	1.68423
286	8	287	287	0.058918
286	9	543	543	0.758667
286	10	257	257	0.0513344
286	11	17182	17182	1.63459
286	12	8991	8991	0.278065
286	13	2700	2700	0.313442
286	14	13	13	0.0192261
286	15	50256	50256	9.53674e-06
287	5	422	422	0.106895
287	6	262	262	0.0416794
287	7	9151	3825	2.71018
287	8	981	981	0.154362
287	9	4305	4305	0.557387
287	10	749	749	0.846522
287	11	26306	26306	0.993202
287	12	37056	37056	0.423895
287	13	2157	2157	0.0971527
287	14	13	13	0.00921059
287	15	50256	50256	5.72205e-06
288	5	9149	9149	0.692417
288	6	326	326	0.329212
288	7	24624	24624	0.851261
288	8	9240	9240	0.457836
288	9	393	393	0.0495281
288	10	3520	3520	0.737301
288	11	287	287	0.0302296
288	12	511	511	0.186957
288	13	2656	16807	2.16156
288	14	1502	1502	0.243625
288	15	13	13	0
288	16	50256	50256	5.53131e-05
289	5	262	262	0.0176773
289	6	2166	2166	2.17466
289	7	286	286	0.00485039
289	8	262	262	0.0399761
289	9	5422	717	4.90252
289	10	1037	1037	0.525126
289	11	2005	2005	0.457231
289	12	2057	2057	0.180222
289	13	13	13	0
289	14	50256	50256	0
290	5	14705	7446	2.82455
290	6	287	287	0.00882721
290	7	674	674	0.574022
290	8	6591	6591	0.149046
290	9	1080	1080	0.380892
290	10	318	318	0.116131
290	11	12548	1760	6.14518
290	12	19606	19606	1.00067
290	13	13	13	0
290	14	50256	50256	7.62939e-05
291	5	5207	5207	0.538289
291	6	286	286	0.00314522
291	7	4898	4898	0.282976
291	8	1262	1262	0.396708
291	9	987	987	0.514997
291	10	48331	48331	0.215674
291	11	30514	30514	1.76356
291	12	290	290	0.0209465
291	13	20567	20567	0.628716
291	14	13	13	0
291	15	50256	50256	0.000249863
292	5	2656	2656	0.983139
292	6	2060	2060	0.392121
292	7	12	12	0.0129623
292	8	26327	820	2.29418
292	9	3815	3815	0.0684166
292	10	618	618	0.0972347
292	11	30240	30240	0.769427
292	12	287	287	0.00940514
292	13	41002	41002	0.625327
292	14	12	12	0.0564995
292	15	23	23	1.3208
292	16	13	13	7.43866e-05
292	17	50256	50256	1.14441e-05
293	5	12737	12737	1.05547
293	6	287	287	0.00442314
293	7	2877	3623	2.6179
293	8	20296	20296	1.36372
293	9	1231	1231	0.54715
293	10	852	852	0.498763
293	11	13529	13529	0.306519
293	12	416	416	0.0708866
293	13	883	883	0.567399
293	14	12737	12737	0.864879
293	15	13	13	0
293	16	50256	50256	7.62939e-06
294	5	460	460	0.160425
294	6	3067	3067	0.72148
294	7	832	832	0.0629902
294	8	1111	1111	0.429108
294	9	1540	1540	1.52085
294	10	2340	2340	0.105175
294	11	290	290	0.0507469
294	12	38236	38236	0.440444
294	13	13	13	5.72205e-06
294	14	50256	50256	3.8147e-05
295	5	13991	13991	1.01637
295	6	287	287	0.0116978
295	7	3833	3833	0.373322
295	8	13	13	3.8147e-06
295	9	50256	50256	1.71661e-05
296	5	24742	24742	1.34433
296	6	12	12	0.0962162
296	7	14337	820	2.68978
296	8	24438	24438	0.98894
296	9	14921	14921	0.993685
296	10	287	287	0.0360107
296	11	3624	3624	0.359273
296	12	15274	15274	0.869971
296	13	290	290	0.0191097
296	14	3624	350	3.09196
296	15	15180	15180	0.307087
296	16	13	13	4.3869e-05
296	17	50256	50256	9.15527e-05
297	5	7042	7042	0.332688
297	6	416	416	0.091238
297	7	8902	543	4.08649
297	8	15134	15134	0.270808
297	9	28856	28856	0.273766
297	10	13	13	0.032032
297	11	50256	50256	2.67029e-05
298	5	1402	1402	0.811069
298	6	11	11	0.114445
298	7	9403	9403	0.387471
298	8	12	12	0.127811
298	9	38301	38301	1.20376
298	10	37215	37215	0.255772
298	11	431	431	0.19388
298	12	5289	5289	0.194952
298	13	13	13	0
298	14	50256	50256	3.8147e-06
299	5	338	338	0.236301
299	6	2494	2494	2.19796
299	7	1231	1231	0.103586
299	8	852	852	0.508047
299	9	13529	13529	0.543381
299	10	4045	4045	0.938856
299	11	287	287	0.0292492
299	12	326	326	0.184664
299	13	6317	6317	1.1625
299	14	13	13	0
299	15	50256	50256	5.72205e-06
300	5	1474	1474	0.127487
300	6	262	262	0.000495911
300	7	47441	47441	0.889702
300	8	9700	9700	0.214712
300	9	5866	5866	0.183378
300	10	13	13	0
300	11	50256	50256	3.8147e-06
301	5	257	257	0.108131
301	6	3463	3463	1.68392
301	7	286	286	0.00614548
301	8	11711	6697	2.80552
301	9	4961	4961	0.856718
301	10	284	284	0.0229053
301	11	663	663	0.432341
301	12	898	898	0.694313
301	13	3463	3463	0.556898
301	14	13	13	0.0206089
301	15	50256	50256	0
302	5	11	11	0.00695229
302	6	2138	2138	0.00887108
302	7	621	621	0.039854
302	8	6586	6586	0.254959
302	9	393	393	0.000579834
302	10	10930	10930	0.206291
302	11	13	13	1.14441e-05
302	12	50256	50256	3.8147e-06
303	5	373	373	0.260736
303	6	15283	15283	0.409693
303	7	287	287	0.0935822
303	8	4492	4492	0.501101
303	9	287	287	0.0118599
303	10	1105	1105	0.384932
303	11	1314	1314	0.0964298
303	12	13	13	0
303	13	50256	50256	1.90735e-05
304	5	78	78	0.0698662
304	6	1990	1990	0.131322
304	7	15688	15688	0.16909
304	8	338	338	0.029417
304	9	10003	10003	0.238934
304	10	290	290	0.00658798
304	11	14944	14944	0.430195
304	12	17862	17862	0.183737
304	13	10399	10399	0.401018
304	14	319	319	0.0369453
304	15	6882	6882	0.565075
304	16	295	295	0.116217
304	17	371	371	0.14974
304	18	2093	2093	0.1143
304	19	10875	10875	0.274254
304	20	1134	1134	0.594404
304	21	709	709	0.228527
304	22	13	13	0.0135212
304	23	50256	50256	0.0344086
305	5	385	385	0.0896425
305	6	6486	6486	0.685504
305	7	287	287	0.0554218
305	8	644	644	0.686275
305	9	318	318	0.0768299
305	10	783	783	0.610581
305	11	7137	7137	0.141945
305	12	13	13	0.00686455
305	13	50256	50256	0
306	5	286	286	0.000463486
306	6	262	262	0.00271606
306	7	1578	1578	0.431835
306	8	7526	7526	0.138992
306	9	13	13	0.00297928
306	10	50256	50256	7.62939e-06
307	5	29867	29867	1.71258
307	6	17556	17556	0.361319
307	7	13	13	0
307	8	50256	50256	6.48499e-05
308	5	25041	25041	0.239271
308	6	30468	30468	0.462376
308	7	326	326	0.0608139
308	8	645	645	0.396435
308	9	2392	2392	0.855217
308	10	8080	8080	0.218521
308	11	8850	8850	0.362965
308	12	4755	4755	1.31409
308	13	21748	21748	0.15949
308	14	13	13	3.8147e-06
308	15	50256	50256	7.62939e-06
309	5	3562	3562	0.214176
309	6	416	416	0.00408554
309	7	20849	20849	0.0959148
309	8	7068	7068	0.0525436
309	9	449	449	0.158237
309	10	1211	1211	0.384293
309	11	7273	7273	0.101795
309	12	26361	26361	0.025528
309	13	13	13	0.000133514
309	14	50256	50256	2.67029e-05
310	5	2788	2788	0.307629
310	6	4331	4331	0.683092
310	7	326	326	0.119877
310	8	4100	4100	0.389891
310	9	65	65	0.262387
310	10	2788	2788	0.231712
310	11	481	481	0.36739
310	12	1716	1716	0.0671043
310	13	5822	5822	1.2226
310	14	13	13	0.000881195
310	15	50256	50256	2.28882e-05
311	5	5865	5865	0.0652657
311	6	15417	15417	0.111238
311	7	389	389	0.0275002
311	8	7310	7310	0.16363
311	9	8950	8950	0.218731
311	10	13	13	0
311	11	50256	50256	3.8147e-06
312	5	28028	28028	0.244062
312	6	1141	1141	0.155655
312	7	262	262	0.0142593
312	8	1218	1218	0.462277
312	9	39210	39210	0.242375
312	10	37078	37078	0.0565815
312	11	13	13	0.00094986
312	12	50256	50256	0.00018692
313	5	2685	2685	0.23783
313	6	26161	26161	1.56562
313	7	1657	1657	0.604933
313	8	656	656	0.041214
313	9	12278	12278	0.328792
313	10	2568	2568	0.266796
313	11	13	13	0.00598526
313	12	50256	50256	3.8147e-06
314	5	355	355	0.0582962
314	6	2153	2153	1.79914
314	7	2611	2611	0.519874
314	8	3608	3608	0.350801
314	9	82	82	0.042078
314	10	379	379	0.225311
314	11	3095	3095	1.58393
314	12	12	12	0.154118
314	13	78	78	0.718081
314	14	5829	5829	0.431749
314	15	5755	5755	0.316058
314	16	3212	3212	0.0984383
314	17	13	13	0.00583458
314	18	50256	50256	0
315	5	407	407	0.284595
315	6	3706	3706	0.479662
315	7	12622	12622	0.277416
315	8	45738	45738	0.176003
315	9	13	13	0.00462532
315	10	50256	50256	3.8147e-06
316	5	262	262	0.00148201
316	6	21231	21231	1.82454
316	7	8769	8769	1.5722
316	8	78	78	0.353442
316	9	43397	43397	0.885529
316	10	257	257	0.0206985
316	11	5766	41236	2.59683
316	12	286	286	6.29425e-05
316	13	530	530	0.150633
316	14	7319	7319	0.58622
316	15	13	13	0.0101128
316	16	50256	50256	3.8147e-06
317	5	29260	29260	0.325375
317	6	692	692	0.163771
317	7	295	295	0.310539
317	8	4193	4193	0.159781
317	9	42790	42790	0.222706
317	10	14075	14075	0.187428
317	11	13550	13550	0.120859
317	12	34619	34619	0.166401
317	13	746	746	0.159538
317	14	82	82	0.131194
317	15	287	287	0.0487576
317	16	262	262	0.0126972
317	17	29666	976	2.84812
317	18	4289	4289	0.132402
317	19	13	13	7.62939e-06
317	20	50256	50256	1.90735e-05
318	5	925	925	0.569959
318	6	422	422	0.104969
318	7	373	373	1.12645
318	8	17914	17914	0.729256
318	9	2058	2058	0.314995
318	10	8384	8384	0.129738
318	11	422	422	0.139891
318	12	663	663	0.142624
318	13	1036	29984	2.5523
318	14	515	515	0.269482
318	15	10717	10717	0.214016
318	16	13	13	1.90735e-06
318	17	50256	50256	9.15527e-05
319	5	422	422	0.0342999
319	6	262	262	5.91278e-05
319	7	16577	16577	1.07715
319	8	9529	9529	0.442307
319	9	528	528	0.369612
319	10	2586	2586	0.458513
319	11	286	286	0.0559998
319	12	262	262	0.0596142
319	13	7858	7858	0.724379
319	14	946	946	0.37534
319	15	4618	4618	0.190918
319	16	13	13	0.00222397
319	17	50256	50256	1.14441e-05
320	5	286	286	0.0541973
320	6	262	262	0.0248203
320	7	12108	12108	0.578882
320	8	286	286	0.0257835
320	9	5828	5828	0.200418
320	10	13	13	0.00028801
320	11	50256	50256	0
321	5	37185	37185	1.10123
321	6	7268	7268	0.426453
321	7	262	262	0.167555
321	8	11904	11904	2.00431
321	9	973	973	0.62451
321	10	284	284	0.0156879
321	11	787	787	0.60148
321	12	11311	11311	0.447971
321	13	13	13	0.00509453
321	14	50256	50256	0.00199127
322	5	29909	29909	0.409035
322	6	3348	3348	0.209168
322	7	656	656	0.0321789
322	8	15268	15268	0.388144
322	9	13	13	0.00276756
322	10	50256	50256	7.62939e-06
323	5	734	734	0.157713
323	6	5621	5621	0.547496
323	7	286	286	0.0646534
323	8	14390	14390	1.87928
323	9	11	11	0.00357819
323	10	8811	8811	0.663193
323	11	1444	1444	0.189877
323	12	25825	25825	0.724079
323	13	290	290	0.00561523
323	14	356	356	1.30647
323	15	701	701	0.0924397
323	16	13	13	0
323	17	50256	50256	3.8147e-06
324	5	257	257	0.0187607
324	6	1573	2134	2.1529
324	7	338	338	0.00733948
324	8	2779	2779	2.02263
324	9	11	11	0.0419102
324	10	9472	9472	0.484481
324	11	257	257	0.210985
324	12	35488	13042	3.47074
324	13	318	318	0.129274
324	14	7223	1444	3.9621
324	15	706	706	0.466526
324	16	340	340	0.489171
324	17	13	13	0.000114441
324	18	50256	50256	1.14441e-05
325	5	3912	3912	0.807301
325	6	1900	1900	0.0533934
325	7	355	355	0.0789566
325	8	26153	26153	0.581279
325	9	338	338	0.0399647
325	10	16734	16734	0.160183
325	11	13	13	1.90735e-06
325	12	50256	50256	1.90735e-06
326	5	318	318	0.0584869
326	6	25086	25086	0.468534
326	7	13	13	1.33514e-05
326	8	50256	50256	3.8147e-06
327	5	976	976	0.89901
327	6	1986	1986	1.42024
327	7	3812	3812	0.532503
327	8	3668	3668	0.865958
327	9	780	780	0.776452
327	10	663	663	0.147635
327	11	13179	13179	1.6489
327	12	290	290	0.0131454
327	13	13066	3833	3.78875
327	14	389	389	0.145798
327	15	47192	47192	0.249313
327	16	13	13	0
327	17	50256	50256	7.62939e-06
328	5	20199	20199	0.656363
328	6	1779	1779	0.808554
328	7	4541	4541	0.582781
328	8	4291	4291	0.26219
328	9	257	257	0.0144863
328	10	4417	4417	0.967731
328	11	32162	32162	1.10181
328	12	2174	2174	0.214277
328	13	262	262	0.0762253
328	14	1633	1633	0.717216
328	15	338	338	0.0336685
328	16	390	390	1.22109
328	17	86	86	0.20835
328	18	966	966	0.212339
328	19	13	13	0
328	20	50256	50256	1.14441e-05
329	5	262	262	0.0143299
329	6	2612	2612	1.15005
329	7	11	11	0.0626335
329	8	2138	2138	0.0275764
329	9	621	621	0.134058
329	10	6872	6872	1.00686
329	11	340	340	0.194778
329	12	1497	1497	0.545816
329	13	13	13	0.00413513
329	14	50256	50256	0.000354767
330	5	1688	9629	4.68648
330	6	26041	26041	0.599541
330	7	1748	1748	0.0998421
330	8	287	287	0.0326023
330	9	1944	1944	1.50765
330	10	12	12	0.0284405
330	11	820	820	0.461235
330	12	32183	32183	0.340292
330	13	13	13	1.90735e-06
330	14	50256	50256	0.000297546
331	5	2347	2347	0.832424
331	6	318	318	0.0104504
331	7	17298	3917	2.41551
331	8	287	287	0.00837898
331	9	663	262	0.817816
331	10	29984	2962	1.78465
331	11	13	13	0.000621796
331	12	50256	50256	0
332	5	257	257	0.0333767
332	6	46103	46103	0.460112
332	7	326	326	0.0678539
332	8	8186	8186	0.22154
332	9	728	728	0.440183
332	10	416	416	0.0904865
332	11	16299	16299	0.33822
332	12	9653	9653	0.393405
332	13	13	13	0.00621796
332	14	50256	50256	1.14441e-05
333	5	33828	33828	0.442223
333	6	2630	2630	0.0731983
333	7	262	262	0.0562859
333	8	4960	4960	1.59471
333	9	670	670	0.281709
333	10	383	383	0.385044
333	11	17388	17388	0.329201
333	12	286	286	0.00339508
333	13	5215	5215	1.02114
333	14	7285	7285	0.200554
333	15	13	13	5.72205e-06
333	16	50256	50256	3.8147e-06
334	5	656	656	0.0558586
334	6	262	262	0.0242462
334	7	12108	12108	0.581413
334	8	286	286	0.00800896
334	9	5828	5828	0.233401
334	10	13	13	0.000104904
334	11	50256	50256	0
335	5	1146	1146	0.118765
335	6	14523	14523	0.397869
335	7	12076	12076	1.54908
335	8	4755	4755	0.640241
335	9	5419	5419	0.212414
335	10	7716	7716	0.560892
335	11	663	663	0.0231819
335	12	14091	14091	1.78288
335	13	2214	2214	0.0911827
335	14	13	13	0
335	15	50256	50256	0
336	5	416	416	0.0222969
336	6	281	281	0.0303917
336	7	12064	12064	0.549046
336	8	900	900	0.217116
336	9	13	13	0
336	10	50256	50256	7.62939e-06
337	5	4387	4387	2.43778
337	6	2877	2877	0.761815
337	7	5044	5044	0.52863
337	8	416	13	0.923496
337	9	2347	2347	2.06789
337	10	13	13	1.90735e-06
337	11	50256	50256	1.90735e-06
338	5	318	318	0.095396
338	6	281	281	0.0242119
338	7	12628	12628	0.302902
338	8	1286	1286	0.240982
338	9	35162	35162	0.254791
338	10	19955	19955	0.266809
338	11	17116	17116	0.0364647
338	12	13	13	0.000827789
338	13	50256	50256	3.05176e-05
339	5	1255	16524	1.96275
339	6	422	422	0.0821667
339	7	4802	11527	1.8651
339	8	29358	29358	0.475969
339	9	286	286	2.86102e-05
339	10	32085	32085	0.466703
339	11	729	729	0.387739
339	12	416	416	0.877331
339	13	739	867	2.56786
339	14	8583	8583	0.603683
339	15	29781	29781	0.421163
339	16	13	13	0.000320435
339	17	50256	50256	0.00140381
340	5	4417	4417	1.61056
340	6	11	11	0.050106
340	7	340	340	0.294434
340	8	318	318	0.0141582
340	9	1444	1444	0.208471
340	10	28856	28856	0.0870438
340	11	13	13	0.00905609
340	12	50256	50256	0
341	5	31094	31094	0.490065
341	6	9813	9813	1.05411
341	7	3067	3067	0.622005
341	8	379	379	0.0907249
341	9	262	262	8.2016e-05
341	10	976	976	2.59653
341	11	2866	7408	4.40201
341	12	13	13	1.90735e-06
341	13	50256	50256	3.8147e-06
342	5	338	338	0.0904846
342	6	3139	3139	0.251779
342	7	11	11	0.00615883
342	8	319	319	0.00810814
342	9	262	262	0.0425873
342	10	2258	2258	1.33518
342	11	5451	5451	0.466488
342	12	13	13	1.52588e-05
342	13	50256	50256	7.62939e-06
343	5	290	290	0.165779
343	6	262	262	0.0392952
343	7	7431	7431	1.70188
343	8	323	323	0.472829
343	9	2271	2271	0.228922
343	10	389	389	0.370312
343	11	1688	1688	0.744314
343	12	46178	46178	0.575775
343	13	2462	2462	0.241817
343	14	873	873	0.163988
343	15	13	13	0.00204849
343	16	50256	50256	0
344	5	3303	3303	0.0880728
344	6	13	13	0.000160217
344	7	50256	50256	0
345	5	338	338	0.0385723
345	6	1588	1588	0.688776
345	7	14966	14966	0.568394
345	8	389	389	0.060709
345	9	20633	20633	0.457393
345	10	416	416	0.0125504
345	11	16021	16021	1.05379
345	12	300	300	0.57937
345	13	600	600	0.34659
345	14	1424	1424	0.155174
345	15	13	13	0
345	16	50256	50256	3.8147e-06
346	5	262	262	0.138874
346	6	717	2166	2.38281
346	7	1893	1893	0.514434
346	8	286	286	0.00544739
346	9	16256	16256	1.83816
346	10	706	706	0.342197
346	11	663	663	0.480923
346	12	39862	39862	1.18052
346	13	286	286	0.0028038
346	14	10404	10404	0.581094
346	15	13	13	0.000150681
346	16	50256	50256	9.53674e-06
347	5	1022	1022	0.270974
347	6	5387	5387	1.13848
347	7	21379	21379	1.24189
347	8	290	290	0.0582047
347	9	262	262	0.0472603
347	10	7097	3825	2.66455
347	11	2858	2858	0.108246
347	12	13	13	3.8147e-06
347	13	50256	50256	0
348	5	17598	17598	0.57614
348	6	318	318	0.00230217
348	7	262	262	0.0458202
348	8	4756	4756	0.981616
348	9	832	832	0.279282
348	10	543	543	0.515706
348	11	4704	4704	0.771397
348	12	8318	8318	0.184179
348	13	13	13	0
348	14	50256	50256	3.8147e-06
349	5	257	257	0.0268288
349	6	8122	8122	0.538667
349	7	416	416	0.00865746
349	8	10829	10829	0.76724
349	9	5365	5365	0.179234
349	10	26758	26758	0.144377
349	11	17745	17745	0.110184
349	12	13	13	0
349	13	50256	50256	5.72205e-06
350	5	12912	12912	0.441942
350	6	5696	5696	0.205408
350	7	7668	7668	0.352167
350	8	351	351	0.18182
350	9	8977	8977	1.60964
350	10	290	290	0.0451698
350	11	26898	26898	1.29667
350	12	13166	13166	0.170174
350	13	13	13	0
350	14	50256	50256	0.000473022
351	5	14281	14281	2.30198
351	6	393	393	0.0445232
351	7	28402	28402	0.63456
351	8	7334	7334	0.271259
351	9	329	329	0.0544014
351	10	663	663	0.032814
351	11	7956	7956	1.81229
351	12	5250	5250	0.434166
351	13	15921	15921	0.238257
351	14	13	13	0.00191879
351	15	50256	50256	3.8147e-05
352	5	11471	11471	0.247426
352	6	11	11	0.015707
352	7	41331	41331	1.55383
352	8	286	286	0.030592
352	9	21558	21558	0.382995
352	10	460	460	0.119453
352	11	307	307	0.879572
352	12	24167	24167	0.861022
352	13	284	284	0.0307922
352	14	1296	1296	0.102818
352	15	262	262	0.0160217
352	16	7714	7714	1.2109
352	17	286	286	0.0109291
352	18	257	257	0.0855465
352	19	8837	8837	1.71436
352	20	13	13	9.53674e-06
352	21	50256	50256	0.0211601
353	5	504	504	0.199606
353	6	23470	23470	0.252692
353	7	36364	36364	0.139135
353	8	1777	1777	0.209286
353	9	2367	2367	0.187141
353	10	656	656	0.0726662
353	11	37285	37285	0.271112
353	12	338	338	0.0811062
353	13	6450	6450	1.22665
353	14	6440	6440	0.371758
353	15	41724	41724	0.116016
353	16	13	13	0.00434875
353	17	50256	50256	3.8147e-06
354	5	4577	4577	0.845392
354	6	284	284	0.118013
354	7	10716	10716	0.207657
354	8	416	416	0.0468006
354	9	9194	9194	1.05834
354	10	7842	7842	0.328522
354	11	1431	1431	0.209282
354	12	4263	4263	0.538797
354	13	13	13	0
354	14	50256	50256	7.24792e-05
355	5	3623	3623	0.596252
355	6	326	326	0.0717354
355	7	30174	30174	1.06936
355	8	691	691	0.674393
355	9	351	351	0.51379
355	10	1049	1049	0.733413
355	11	8722	8722	0.227722
355	12	739	739	0.152643
355	13	8850	8850	0.438022
355	14	3403	3403	0.198074
355	15	13	13	0
355	16	50256	50256	7.62939e-06
356	5	318	318	0.00484085
356	6	257	257	0.0112972
356	7	31513	31513	0.670752
356	8	8598	8598	0.158655
356	9	287	287	0.0294781
356	10	38131	38131	0.170382
356	11	37270	37270	0.201224
356	12	13	13	0.0422497
356	13	50256	50256	3.8147e-06
357	5	7285	7285	0.17297
357	6	351	351	0.0397015
357	7	262	262	6.29425e-05
357	8	289	976	2.44369
357	9	343	343	0.316117
357	10	363	363	0.187351
357	11	2271	2271	0.289705
357	12	290	290	0.0296249
357	13	479	479	0.486385
357	14	265	265	0.145618
357	15	461	461	0.650978
357	16	2271	2271	0.140896
357	17	27226	27226	0.362131
357	18	397	397	0.717
357	19	3166	3166	0.4652
357	20	13	13	0
357	21	50256	50256	3.8147e-05
358	5	2237	2237	0.497305
358	6	13042	13042	0.81863
358	7	13	13	0
358	8	50256	50256	3.8147e-06
359	5	46916	46916	0.278037
359	6	286	286	0.00197411
359	7	530	1296	1.9207
359	8	8122	8122	0.799189
359	9	34646	34646	1.13371
359	10	287	287	0.00315475
359	11	1194	1194	0.327909
359	12	2296	2296	0.518229
359	13	2304	2304	0.181265
359	14	856	856	0.422838
359	15	8122	8122	0.369387
359	16	13	13	3.43323e-05
359	17	50256	50256	3.05176e-05
360	5	890	890	2.14675
360	6	14659	14659	0.583209
360	7	7042	7042	0.391482
360	8	422	422	0.0611858
360	9	4555	4555	1.24254
360	10	37880	37880	0.182278
360	11	2615	2615	0.130558
360	12	7021	7021	0.416298
360	13	13	13	0.00369072
360	14	50256	50256	0
361	5	3812	3812	0.558565
361	6	1657	1657	0.707827
361	7	832	832	0.0235119
361	8	257	257	0.00611877
361	9	2882	19517	4.81048
361	10	1444	1444	0.284538
361	11	2825	43397	4.31603
361	12	34248	34248	0.235025
361	13	1042	1042	0.188021
361	14	13	13	0
361	15	50256	50256	3.8147e-05
362	5	286	286	0.00464439
362	6	262	262	0.000610352
362	7	13387	13387	0.896597
362	8	286	286	0.0204182
362	9	262	262	0.000703812
362	10	311	311	1.12049
362	11	32248	32248	0.164093
362	12	32939	32939	0.0265617
362	13	13	13	0.000705719
362	14	50256	50256	0.000175476
363	5	9030	9030	0.257528
363	6	973	973	0.178953
363	7	28713	28713	0.234789
363	8	284	284	0.0190964
363	9	2746	2746	0.173584
363	10	37209	37209	0.168314
363	11	16006	16006	0.04883
363	12	13	13	0.000106812
363	13	50256	50256	0
364	5	35831	35831	1.70023
364	6	26664	26664	0.471785
364	7	4735	4735	0.589068
364	8	422	422	0.361811
364	9	257	257	0.0676327
364	10	8122	8122	1.01604
364	11	13	13	0
364	12	50256	50256	1.14441e-05
365	5	290	290	0.0202637
365	6	1336	734	3.65702
365	7	31093	31093	0.996958
365	8	11	11	0.00457573
365	9	618	618	1.31863
365	10	6591	6591	0.9295
365	11	290	290	0.23263
365	12	25572	25572	0.95222
365	13	40738	40738	0.518059
365	14	3048	3048	0.242842
365	15	19594	19594	0.939644
365	16	1123	1123	0.234785
365	17	584	584	0.306756
365	18	13	13	1.90735e-06
365	19	50256	50256	0.000141144
366	5	4477	4477	0.238852
366	6	881	881	0.0893421
366	7	286	286	0.0446377
366	8	663	663	0.0608177
366	9	1903	4376	2.67944
366	10	2478	2478	0.197433
366	11	2641	2641	0.12043
366	12	663	663	0.0467148
366	13	2802	2802	1.87889
366	14	338	338	0.0351429
366	15	36594	36594	0.477513
366	16	13	13	0
366	17	50256	50256	0.000278473
367	5	3734	3734	0.693905
367	6	32908	32908	0.511648
367	7	326	326	0.0353165
367	8	3342	3342	0.331509
367	9	2344	2344	0.977601
367	10	39895	39895	0.55735
367	11	282	282	0.461975
367	12	13	13	0.00795746
367	13	50256	50256	0
368	5	422	422	0.267069
368	6	262	262	0.0392761
368	7	21405	21405	0.912792
368	8	286	286	0.0103951
368	9	269	269	0.707177
368	10	967	967	0.757757
368	11	26210	26210	0.564707
368	12	7150	7150	0.611424
368	13	13	13	0.000200272
368	14	50256	50256	0
369	5	26948	4571	7.43481
369	6	318	318	0.100058
369	7	257	257	0.0214939
369	8	9403	9403	1.78501
369	9	13	13	5.72205e-06
369	10	50256	50256	1.33514e-05
370	5	1321	1321	0.0628338
370	6	355	355	0.0820122
370	7	880	880	0.369097
370	8	355	355	0.0678959
370	9	663	663	0.0601902
370	10	21437	21437	0.392382
370	11	13	13	0.00300407
370	12	50256	50256	0
371	5	1735	1735	1.52684
371	6	4129	4129	0.924076
371	7	15082	15082	0.382835
371	8	444	444	0.227892
371	9	663	663	0.0862904
371	10	1989	3354	3.24867
371	11	416	416	0.0952053
371	12	1440	1440	0.55043
371	13	13	13	0.0247593
371	14	50256	50256	1.90735e-06
372	5	14807	14807	1.72332
372	6	1444	1444	0.557381
372	7	262	262	0.00942612
372	8	2258	976	3.27035
372	9	5451	5451	0.537906
372	10	290	290	0.0222969
372	11	2520	2520	1.60352
372	12	5451	5451	0.173664
372	13	13	290	1.33791
372	14	50256	50256	3.8147e-06
373	5	262	262	0.0170784
373	6	4151	4151	2.34408
373	7	832	832	0.0213051
373	8	262	262	0.0874424
373	9	34047	34047	1.47326
373	10	13	13	7.62939e-06
373	11	50256	50256	0
374	5	286	286	0.0118809
374	6	262	262	0.0118561
374	7	25730	25730	0.225338
374	8	17628	17628	0.195279
374	9	3923	3923	0.20822
374	10	13	13	0.000673294
374	11	50256	50256	1.90735e-06
375	5	4069	4069	0.380721
375	6	351	351	0.0571976
375	7	281	281	0.0591812
375	8	2938	2938	1.11729
375	9	1255	1255	0.148329
375	10	13	13	1.90735e-06
375	11	50256	50256	0
376	5	8830	734	2.68261
376	6	3340	3340	0.209633
376	7	290	290	0.0385761
376	8	262	262	0.0193424
376	9	1578	1578	0.714585
376	10	1829	1829	0.0917683
376	11	13	13	0.00025177
376	12	50256	50256	0
377	5	17517	17517	0.18841
377	6	287	287	0.0107288
377	7	15142	15142	0.434448
377	8	318	318	0.00791359
377	9	7173	7173	0.838167
377	10	3917	3917	0.273214
377	11	351	351	0.0088501
377	12	7068	7068	0.138374
377	13	9261	9261	0.218165
377	14	72	72	0.129675
377	15	402	402	0.47946
377	16	31330	31330	0.156902
377	17	13	13	1.52588e-05
377	18	50256	50256	2.28882e-05
378	5	284	284	0.0214958
378	6	663	663	0.0673275
378	7	8373	8373	0.31354
378	8	13	13	3.8147e-06
378	9	50256	50256	1.33514e-05
379	5	1748	5667	1.46524
379	6	351	351	0.179047
379	7	3881	3881	0.432473
379	8	12	12	0.223577
379	9	8968	820	2.79735
379	10	28814	28814	0.453533
379	11	287	287	0.0150738
379	12	8078	8078	0.124798
379	13	13	13	0.00174713
379	14	50256	50256	4.3869e-05
380	5	257	257	0.0103092
380	6	6994	649	2.42987
380	7	1271	1271	0.224335
380	8	13	13	0.00667953
380	9	50256	50256	1.90735e-06
381	5	2392	2392	1.40657
381	6	28400	28400	0.263939
381	7	621	621	0.0307465
381	8	4171	4171	0.614629
381	9	7424	7424	0.303784
381	10	1657	1657	0.695147
381	11	13	13	0.00012207
381	12	50256	50256	0.00149345
382	5	21622	21622	0.309685
382	6	416	416	0.0134869
382	7	511	511	0.229639
382	8	6625	6203	5.21169
382	9	284	284	0.0990791
382	10	34688	34688	0.515264
382	11	13	13	0.0131645
382	12	50256	50256	0
383	5	12866	12866	0.429306
383	6	278	278	0.151136
383	7	20365	20365	0.410973
383	8	3033	3033	0.187565
383	9	262	262	0.0367641
383	10	2095	2095	1.07954
383	11	25846	25846	0.295147
383	12	565	565	0.133949
383	13	733	733	0.128995
383	14	13	13	0.0169449
383	15	50256	50256	0.000808716
384	5	313	313	0.280081
384	6	48406	48406	0.583166
384	7	50195	50195	0.567976
384	8	6296	6296	0.436367
384	9	24287	24287	0.400505
384	10	286	286	0.00627327
384	11	3660	3660	0.91357
384	12	5828	5828	0.390265
384	13	2254	2254	0.300592
384	14	13	13	0
384	15	50256	50256	9.53674e-06
385	5	2618	820	1.7684
385	6	1080	1080	0.190798
385	7	11	11	0.0522594
385	8	257	257	0.0865898
385	9	5421	4469	3.94972
385	10	29973	29973	1.94432
385	11	13066	16488	2.96156
385	12	318	318	0.203327
385	13	281	281	0.322121
385	14	30004	30004	1.47581
385	15	541	541	0.368175
385	16	325	325	0.403308
385	17	13	13	0.00711632
385	18	50256	50256	3.8147e-06
386	5	7729	7729	0.277912
386	6	422	422	0.0379581
386	7	7446	734	1.75428
386	8	284	284	0.205957
386	9	12183	12183	0.663391
386	10	418	418	0.241034
386	11	2586	2586	0.590553
386	12	13	13	0
386	13	50256	50256	3.43323e-05
387	5	12022	12022	0.160271
387	6	373	373	0.0621052
387	7	257	257	0.0953064
387	8	1748	1748	0.842612
387	9	286	286	0.0293121
387	10	262	262	0.077301
387	11	6156	6156	0.843085
387	12	1423	1423	0.579889
387	13	385	385	0.192747
387	14	6916	6916	0.257368
387	15	14355	14355	0.0894279
387	16	13	13	0
387	17	50256	50256	0.000236511
388	5	656	656	0.125877
388	6	257	257	0.0304718
388	7	1296	1296	0.451304
388	8	5292	5292	0.562988
388	9	284	284	0.0236778
388	10	21363	21363	0.39761
388	11	663	663	0.112406
388	12	10154	10154	0.91536
388	13	13	13	0.00445938
388	14	50256	50256	0
389	5	8899	8899	0.474545
389	6	35076	35076	0.31702
389	7	18180	18180	0.26158
389	8	3745	3745	1.10669
389	9	257	257	0.00129128
389	10	1588	1588	1.54788
389	11	25979	25979	0.215682
389	12	287	287	0.00615311
389	13	19483	19483	0.979177
389	14	290	290	0.0691757
389	15	3794	3794	0.777734
389	16	13	13	0.00417328
389	17	50256	50256	0
390	5	1296	1296	0.591885
390	6	257	257	0.0120945
390	7	14153	14153	2.44369
390	8	1339	1339	1.03001
390	9	1088	1088	0.1434
390	10	262	262	0.0502243
390	11	3632	3632	1.71187
390	12	13	13	0.0262051
390	13	50256	50256	3.8147e-06
391	5	1262	1262	0.512203
391	6	12278	12278	0.934932
391	7	10425	10425	0.356157
391	8	290	290	0.0307312
391	9	5931	5931	0.474382
391	10	2085	2085	0.384666
391	11	9302	9302	0.126514
391	12	13	13	0
391	13	50256	50256	8.96454e-05
392	5	286	286	0.0291843
392	6	257	257	0.159756
392	7	6808	649	4.00615
392	8	11	11	0.0103989
392	9	257	257	0.0223007
392	10	1688	1688	0.97859
392	11	2368	1633	2.53212
392	12	11	11	0.0947552
392	13	290	290	0.0476875
392	14	257	257	0.158295
392	15	2818	2818	1.72027
392	16	8150	8150	1.93829
392	17	13	13	0.00444031
392	18	50256	50256	6.10352e-05
393	5	734	734	0.297945
393	6	3891	3891	0.212183
393	7	329	329	0.0407276
393	8	262	262	0.00559425
393	9	976	976	0.433229
393	10	33158	33158	0.773923
393	11	13833	13833	0.110146
393	12	13	13	0
393	13	50256	50256	3.8147e-06
394	5	3578	3578	1.60907
394	6	38575	38575	0.517267
394	7	13871	13871	0.1472
394	8	621	621	0.0914021
394	9	262	262	0.00876427
394	10	1388	1388	1.05498
394	11	5046	5046	1.5356
394	12	3436	3436	0.601293
394	13	13	13	0.000442505
394	14	50256	50256	0.000106812
395	5	44504	44504	0.42284
395	6	422	422	0.0380859
395	7	12734	12734	0.67193
395	8	290	290	0.00475121
395	9	10385	13522	5.14709
395	10	340	340	0.249826
395	11	656	656	0.0933533
395	12	12498	12498	0.648518
395	13	13	13	0.024992
395	14	50256	50256	0.00069809
396	5	832	832	0.0506744
396	6	257	257	0.00900078
396	7	1429	1429	0.95609
396	8	1444	1444	0.159863
396	9	285	285	0.590335
396	10	13929	13929	0.352974
396	11	2649	2649	0.221352
396	12	13	13	0.000141144
396	13	50256	50256	2.28882e-05
397	5	422	422	0.0992775
397	6	262	262	0.00117493
397	7	25572	25572	0.70226
397	8	4417	4417	0.303244
397	9	13	13	0.026823
397	10	50256	50256	3.43323e-05
398	5	11	11	0.0157642
398	6	475	475	0.618523
398	7	407	407	0.0526962
398	8	790	4329	4.11899
398	9	35991	35991	0.851061
398	10	318	318	0.178604
398	11	257	257	0.108297
398	12	6616	6616	1.62749
398	13	13	13	0.00414848
398	14	50256	50256	0
399	5	618	618	0.224371
399	6	663	257	0.960825
399	7	13042	1573	3.02385
399	8	12611	12611	0.897548
399	9	378	378	0.480298
399	10	706	706	0.554968
399	11	852	852	0.303707
399	12	458	458	0.569809
399	13	17758	17758	0.262369
399	14	13	13	0.00200462
399	15	50256	50256	0
400	5	4351	4351	0.562861
400	6	416	416	0.0471687
400	7	15637	15637	0.121927
400	8	369	369	0.399497
400	9	11124	11124	0.85567
400	10	290	290	0.0123463
400	11	24748	24748	1.75977
400	12	596	596	0.312151
400	13	1022	1022	0.142119
400	14	663	663	0.0366821
400	15	7714	7714	1.18726
400	16	13	13	0
400	17	50256	50256	3.8147e-06
401	5	1458	1458	0.932054
401	6	1437	1437	0.230968
401	7	355	355	0.0154934
401	8	340	340	0.612871
401	9	30174	30174	0.964684
401	10	351	351	0.0233612
401	11	15938	340	2.39077
401	12	287	287	0.040041
401	13	663	663	0.027832
401	14	21334	21334	0.2626
401	15	13	13	3.8147e-06
401	16	50256	50256	9.53674e-06
402	5	373	373	0.0542889
402	6	3170	3170	0.183714
402	7	329	329	0.105564
402	8	262	262	0.000980377
402	9	6342	2910	5.79504
402	10	45357	45357	0.269129
402	11	286	286	0.00251007
402	12	49545	49545	0.246246
402	13	13	13	0.0201054
402	14	50256	50256	6.48499e-05
403	5	15268	15268	0.369431
403	6	290	290	0.0777912
403	7	13532	13532	1.81318
403	8	2427	2427	0.246942
403	9	286	286	0.0181122
403	10	691	691	1.8441
403	11	257	257	0.054306
403	12	5969	5969	1.84986
403	13	10706	10706	0.243074
403	14	286	286	0.0119476
403	15	17848	17848	0.255665
403	16	13	13	1.14441e-05
403	17	50256	50256	9.53674e-06
404	5	28408	28408	0.68938
404	6	430	430	0.827635
404	7	704	704	0.242794
404	8	1313	1313	0.302258
404	9	389	389	0.216009
404	10	1440	1440	1.27415
404	11	1602	1602	1.32469
404	12	14796	14796	0.184715
404	13	44360	44360	0.178907
404	14	13	13	0.0184269
404	15	50256	50256	3.05176e-05
405	5	18665	18665	0.470497
405	6	1660	1660	0.191132
405	7	284	284	0.0231647
405	8	11684	11684	0.474566
405	9	290	290	0.0523701
405	10	4736	4736	0.278721
405	11	13	13	3.8147e-06
405	12	50256	50256	0
406	5	21891	2393	2.46137
406	6	11	11	0.039053
406	7	281	281	0.0958557
406	8	6156	1180	2.11069
406	9	19517	19517	1.18333
406	10	1748	1748	0.33083
406	11	13	13	0
406	12	50256	50256	0
407	5	43088	43088	0.24535
407	6	351	351	0.0332794
407	7	471	471	0.387183
407	8	12	12	0.00884247
407	9	16760	16760	0.421175
407	10	3272	3272	0.390548
407	11	9004	9004	0.128147
407	12	13	13	0
407	13	50256	50256	2.67029e-05
408	5	13108	13108	0.239141
408	6	10340	10340	0.0567856
408	7	13	13	0
408	8	50256	50256	0.00018692
409	5	4645	4645	0.536135
409	6	4635	4635	0.155823
409	7	416	416	0.0266266
409	8	1728	1728	1.47046
409	9	38467	38467	1.08316
409	10	13	13	0.0071125
409	11	50256	50256	1.90735e-05
410	5	810	810	0.398359
410	6	27163	27163	0.891186
410	7	33408	33408	0.494471
410	8	12188	12188	0.35433
410	9	510	510	0.894809
410	10	1474	1474	0.136921
410	11	257	257	0.0936527
410	12	7850	7850	1.29669
410	13	338	338	0.0564079
410	14	5422	5422	0.601509
410	15	13	13	0.0140209
410	16	50256	50256	0.000310898
411	5	41578	41578	0.74316
411	6	11	11	0.0751057
411	7	1474	1474	0.066164
411	8	262	262	0.00803757
411	9	8211	976	1.91911
411	10	7051	7051	0.501561
411	11	13	13	0
411	12	50256	50256	0
412	5	9565	9565	1.62209
412	6	24049	24049	0.737028
412	7	862	862	0.554708
412	8	11	11	0.0154037
412	9	336	336	0.821537
412	10	15515	15515	1.35131
412	11	11	11	0.0768852
412	12	290	290	0.0846119
412	13	584	584	0.471249
412	14	16759	16759	0.206264
412	15	13	13	0
412	16	50256	50256	3.8147e-06
413	5	286	286	0.00106049
413	6	734	734	0.798202
413	7	6134	2057	2.74494
413	8	523	389	2.35886
413	9	326	326	0.136377
413	10	484	484	1.33769
413	11	1663	1663	1.65217
413	12	1978	1978	0.50845
413	13	13	13	0
413	14	50256	50256	0.000305176
414	5	925	925	0.0811605
414	6	416	416	0.0315895
414	7	10708	10708	0.405988
414	8	290	290	0.0103436
414	9	23610	23610	0.783668
414	10	7135	7135	1.48103
414	11	22670	22670	0.247248
414	12	286	286	0.002985
414	13	3348	3348	0.224344
414	14	13	13	0.00977898
414	15	50256	50256	2.67029e-05
415	5	15568	15568	1.07039
415	6	1864	1864	0.356987
415	7	284	284	0.0337677
415	8	7729	787	3.15503
415	9	5281	20394	3.26689
415	10	416	416	0.0120125
415	11	31228	31228	0.665691
415	12	25897	25897	0.186972
415	13	13	13	0.00240326
415	14	50256	50256	0
416	5	4909	4909	0.26502
416	6	749	749	0.929218
416	7	286	286	0.0755367
416	8	22779	22779	0.692057
416	9	8602	8602	0.953925
416	10	290	290	0.00124741
416	11	19101	19101	0.621472
416	12	13	13	0.000751495
416	13	50256	50256	0
417	5	5478	1660	3.27523
417	6	338	338	0.00766373
417	7	10596	35618	3.2676
417	8	7051	7051	0.700565
417	9	11	11	0.176659
417	10	318	318	0.058918
417	11	262	262	0.0375385
417	12	3139	3139	1.28284
417	13	286	286	0.118235
417	14	49657	49657	0.587152
417	15	13	13	0.00844574
417	16	50256	50256	2.67029e-05
418	5	874	874	1.44682
418	6	7330	7330	0.758767
418	7	20901	20901	1.06079
418	8	422	422	0.0854301
418	9	33773	33773	1.58729
418	10	2877	2877	1.24357
418	11	1626	1626	1.19625
418	12	511	511	0.1376
418	13	21379	21379	1.33082
418	14	13	13	0.00704765
418	15	50256	50256	0.000106812
419	5	543	543	0.727173
419	6	2568	2568	1.25441
419	7	318	318	0.140919
419	8	11172	11172	1.8523
419	9	393	393	0.137161
419	10	670	670	0.490292
419	11	318	318	0.0415649
419	12	1760	1760	0.498012
419	13	13	13	1.90735e-06
419	14	50256	50256	3.8147e-06
420	5	6364	6364	0.601821
420	6	3585	3585	0.6556
420	7	284	284	0.000965118
420	8	530	530	0.827532
420	9	1194	1194	0.90443
420	10	1973	1973	0.586466
420	11	3668	3668	0.298851
420	12	338	338	0.0216198
420	13	4417	4417	0.209011
420	14	13	13	0.178783
420	15	50256	50256	0.000541687
421	5	19853	19853	0.0888195
421	6	16736	16736	0.0808716
421	7	2029	2029	0.097434
421	8	262	262	0.00488091
421	9	4417	4417	0.27956
421	10	286	286	0.00413513
421	11	8706	8706	0.219891
421	12	13	13	0
421	13	50256	50256	4.57764e-05
422	5	8384	8384	0.0718288
422	6	329	329	0.25367
422	7	663	663	0.0532188
422	8	35988	35988	0.570813
422	9	5667	5667	0.180914
422	10	13	13	0
422	11	50256	50256	0.000114441
423	5	929	929	0.204853
423	6	8231	8231	0.198633
423	7	11	11	0.0143719
423	8	407	407	0.0725155
423	9	1866	1866	0.0903492
423	10	286	286	0.0154114
423	11	262	262	0.0233555
423	12	6842	976	2.37483
423	13	1641	1641	0.120272
423	14	13	13	4.95911e-05
423	15	50256	50256	0
424	5	416	416	0.0603561
424	6	41878	41878	0.39889
424	7	1402	1402	0.363958
424	8	5207	5207	0.367439
424	9	286	286	0.0379009
424	10	2587	2587	0.452913
424	11	13	13	0
424	12	50256	50256	0
425	5	6588	6588	0.751415
425	6	23235	23235	0.143877
425	7	326	326	0.0431404
425	8	460	460	0.186972
425	9	10649	307	1.52113
425	10	1613	1613	0.527843
425	11	530	530	0.2131
425	12	1194	1194	0.302043
425	13	13	13	0
425	14	50256	50256	0.00205994
426	5	422	422	0.0787315
426	6	14659	14659	1.25982
426	7	286	286	0.00831413
426	8	23206	23206	1.28001
426	9	17045	17045	0.132759
426	10	13	13	1.33514e-05
426	11	50256	50256	1.71661e-05
427	5	1111	1111	0.092864
427	6	5594	5594	0.378729
427	7	284	284	0.000387192
427	8	262	262	0.00236511
427	9	285	285	0.178745
427	10	692	692	0.304864
427	11	17990	17990	0.429579
427	12	1448	1448	0.207529
427	13	13	13	0
427	14	50256	50256	6.10352e-05
428	5	286	286	0.00144577
428	6	16639	16639	1.22929
428	7	544	544	0.275518
428	8	11	11	0.021719
428	9	635	635	0.260211
428	10	1444	1444	0.0608253
428	11	262	262	0.109867
428	12	16639	16639	1.95538
428	13	2066	2066	0.1579
428	14	13	13	0
428	15	50256	50256	3.8147e-06
429	5	832	832	0.0924129
429	6	47683	47683	0.741635
429	7	290	290	0.0273819
429	8	8106	8106	1.53096
429	9	503	503	0.350447
429	10	2057	2057	0.20488
429	11	13166	13166	0.59818
429	12	13	13	0
429	13	50256	50256	0.000133514
430	5	16839	16839	2.40392
430	6	338	338	0.0975151
430	7	2292	2292	1.0753
430	8	15947	15947	0.372315
430	9	663	663	0.0527878
430	10	1295	1295	2.0521
430	11	1988	1988	1.95375
430	12	13	13	0
430	13	50256	50256	0
431	5	20629	20629	0.0677223
431	6	284	284	0.0186138
431	7	11007	11007	0.28661
431	8	12967	12967	0.124521
431	9	902	902	0.0988483
431	10	13	13	0.000869751
431	11	50256	50256	1.52588e-05
432	5	262	262	0.0349636
432	6	6869	3825	2.58819
432	7	8318	8318	0.295943
432	8	832	832	0.00662041
432	9	3668	3668	0.152874
432	10	338	338	0.03298
432	11	9082	9082	1.02333
432	12	13	13	1.33514e-05
432	13	50256	50256	2.28882e-05
433	5	29410	29410	1.25645
433	6	544	544	0.40284
433	7	290	290	0.0156689
433	8	3354	3354	2.7541
433	9	286	286	0.000482559
433	10	7840	7840	0.173897
433	11	22779	2520	1.93144
433	12	2031	2031	0.54133
433	13	13	13	0
433	14	50256	50256	7.62939e-06
434	5	290	290	0.0633564
434	6	37919	37919	0.40933
434	7	710	710	0.439981
434	8	16189	16189	0.239708
434	9	3822	3822	0.454954
434	10	1656	1656	0.300782
434	11	287	287	0.00554276
434	12	24956	24956	0.643959
434	13	290	290	0.0709114
434	14	14173	14173	1.13821
434	15	2247	2247	0.0800018
434	16	13	13	7.62939e-06
434	17	50256	50256	3.8147e-05
435	5	893	893	0.252542
435	6	325	325	0.242931
435	7	385	385	0.211351
435	8	2111	2111	0.603911
435	9	284	284	0.0886974
435	10	1441	1441	0.662683
435	11	1363	1363	0.507648
435	12	706	706	0.315628
435	13	262	262	0.146372
435	14	44695	44695	2.2388
435	15	1810	1810	0.217728
435	16	13	13	0
435	17	50256	50256	0.00230408
436	5	12277	12277	0.474069
436	6	12	12	0.15699
436	7	11545	11545	0.482149
436	8	10340	10340	0.114038
436	9	13	13	0
436	10	50256	50256	0.000185013
437	5	30176	30176	1.49968
437	6	4778	4778	0.260204
437	7	1444	1444	0.175337
437	8	32858	32858	0.613535
437	9	290	290	0.0364208
437	10	47314	47314	1.29273
437	11	13	13	0.0015049
437	12	50256	50256	0
438	5	15358	15358	0.715912
438	6	1505	1505	0.512864
438	7	11	11	0.00206566
438	8	543	543	1.17556
438	9	5419	5419	0.156526
438	10	1296	1296	1.55124
438	11	257	257	0.0320225
438	12	14153	14153	1.84815
438	13	4417	4417	0.666133
438	14	7679	7679	0.474292
438	15	13	13	0.00518608
438	16	50256	50256	7.62939e-06
439	5	24240	24240	1.7198
439	6	318	318	0.0568752
439	7	257	257	0.0352955
439	8	8234	2392	3.8703
439	9	772	772	0.64705
439	10	996	996	0.705221
439	11	340	340	0.233579
439	12	318	318	0.0789471
439	13	8811	1444	2.49889
439	14	973	973	1.15491
439	15	355	355	0.0100441
439	16	257	257	0.0968285
439	17	20236	20236	0.180719
439	18	13	13	0.0113029
439	19	50256	50256	4.57764e-05
440	5	286	286	0.125002
440	6	734	734	0.339333
440	7	13043	13043	0.862488
440	8	11	11	0.0236225
440	9	1690	1690	0.420074
440	10	5399	6588	4.18483
440	11	1978	1978	0.105659
440	12	13	13	0.000106812
440	13	50256	50256	4.95911e-05
441	5	42085	42085	0.98938
441	6	2138	2138	0.0799828
441	7	621	621	0.0565796
441	8	2641	2641	0.31962
441	9	262	262	0.0230789
441	10	3096	13042	2.9272
441	11	338	338	0.100254
441	12	24438	24438	1.21569
441	13	13	13	0.00731277
441	14	50256	50256	0.000679016
442	5	9530	976	2.60532
442	6	5866	5866	0.287278
442	7	11	11	0.0865917
442	8	318	318	0.0108929
442	9	2520	17456	2.18297
442	10	4969	4969	0.458651
442	11	338	338	0.0481853
442	12	3139	3139	0.394225
442	13	13	13	0.0188999
442	14	50256	50256	5.34058e-05
443	5	21031	21031	0.172678
443	6	15974	15974	0.164817
443	7	351	351	0.0392036
443	8	511	511	0.26452
443	9	16976	9403	6.24487
443	10	2166	2166	1.17278
443	11	7405	7405	0.375119
443	12	13	13	0.00047493
443	13	50256	50256	0
444	5	422	422	0.0561371
444	6	530	530	0.262209
444	7	3303	3303	0.502207
444	8	656	656	0.122253
444	9	1194	1194	0.702558
444	10	10552	10552	0.186769
444	11	13	13	0
444	12	50256	50256	4.19617e-05
445	5	262	262	0.00131798
445	6	717	717	1.42199
445	7	290	290	0.220682
445	8	2368	4735	7.13046
445	9	13620	13620	0.407307
445	10	286	286	0.0336456
445	11	262	262	0.00581551
445	12	25572	25572	1.63591
445	13	6772	6772	0.43119
445	14	13	13	0
445	15	50256	50256	0
446	5	9052	9052	1.12518
446	6	460	460	0.0703392
446	7	21155	21155	0.492251
446	8	257	257	0.0304623
446	9	15004	15004	1.21491
446	10	13	13	0.0266972
446	11	50256	50256	0
447	5	286	286	0.0787487
447	6	18064	18064	0.989241
447	7	24969	24969	0.174126
447	8	803	803	0.680905
447	9	5186	5186	0.468247
447	10	290	290	0.0666733
447	11	14091	14091	2.61893
447	12	7032	7032	0.155405
447	13	13	13	0
447	14	50256	50256	7.62939e-06
448	5	17456	17456	0.65521
448	6	338	338	0.102585
448	7	3139	3139	0.322919
448	8	11	11	0.000307083
448	9	1474	1474	0.163889
448	10	262	262	0.105003
448	11	843	843	1.61012
448	12	274	274	0.571385
448	13	21124	21124	0.109041
448	14	13	13	3.8147e-06
448	15	50256	50256	7.62939e-06
449	5	49810	49810	0.819999
449	6	5788	5788	1.05732
449	7	3025	3025	0.646678
449	8	26741	26741	0.463514
449	9	460	460	0.0757313
449	10	1656	16524	2.29536
449	11	355	355	0.032568
449	12	7987	7987	0.811123
449	13	38980	38980	0.379057
449	14	37783	37783	0.639091
449	15	13	13	0.00148392
449	16	50256	50256	9.15527e-05
450	5	31685	31685	0.465564
450	6	82	82	0.28532
450	7	1588	1588	0.697704
450	8	12	12	0.142284
450	9	9888	9888	1.01535
450	10	3867	3867	1.07291
450	11	1633	1633	1.27695
450	12	284	284	0.0170231
450	13	262	262	0.000192642
450	14	826	826	1.78944
450	15	287	287	0.0410309
450	16	262	262	0.113197
450	17	8342	976	2.82703
450	18	42811	42811	0.0756245
450	19	13	13	0
450	20	50256	50256	6.10352e-05
451	5	530	530	0.266205
451	6	3470	2700	2.82105
451	7	7370	7370	0.437349
451	8	34186	34186	1.46641
451	9	739	739	0.487254
451	10	530	530	1.11103
451	11	8137	8137	1.05548
451	12	286	286	0.0383759
451	13	3833	9403	3.06356
451	14	13	13	0.00069046
451	15	50256	50256	9.91821e-05
452	5	262	262	0.121735
452	6	886	1218	4.12729
452	7	286	286	0.227533
452	8	257	257	0.121208
452	9	1277	2656	3.96386
452	10	3194	3194	0.909715
452	11	1808	1808	0.989096
452	12	287	287	0.031105
452	13	3594	3594	0.996753
452	14	13	13	0.0068264
452	15	50256	50256	3.8147e-05
453	5	17556	17556	0.683674
453	6	287	287	0.00367928
453	7	663	663	0.103224
453	8	4735	3867	4.80265
453	9	1296	1296	0.460205
453	10	13	13	0.000139236
453	11	50256	50256	4.19617e-05
454	5	402	402	0.312935
454	6	5350	5350	0.355068
454	7	318	318	0.0277596
454	8	636	636	0.740497
454	9	286	286	0.00280762
454	10	262	262	0.185213
454	11	4025	3825	2.62136
454	12	8882	8882	0.539644
454	13	397	397	1.60386
454	14	9869	9869	0.569603
454	15	1045	1045	0.716463
454	16	13	13	1.71661e-05
454	17	50256	50256	3.8147e-06
455	5	2033	3491	2.13052
455	6	286	286	0.0399609
455	7	26306	26306	1.62978
455	8	37056	37056	0.236103
455	9	287	287	0.0442715
455	10	32085	32085	0.971144
455	11	729	729	0.26855
455	12	13	13	1.14441e-05
455	13	50256	50256	0
456	5	712	712	0.321037
456	6	39781	39781	0.112171
456	7	2630	2630	0.0648861
456	8	262	262	0.00982475
456	9	5337	5337	0.918416
456	10	2094	2094	0.0689278
456	11	2264	2264	0.0946598
456	12	844	844	0.082716
456	13	1258	1258	0.143456
456	14	13	13	3.8147e-06
456	15	50256	50256	4.00543e-05
457	5	411	411	0.99966
457	6	15695	15695	0.35203
457	7	78	78	0.177588
457	8	1724	1724	0.351122
457	9	284	284	0.0222664
457	10	1716	1716	0.283165
457	11	11835	11835	0.417803
457	12	27089	27089	0.12093
457	13	13	13	0.000366211
457	14	50256	50256	0
458	5	14520	14520	0.246919
458	6	318	318	0.0350399
458	7	663	663	0.039999
458	8	25317	25317	1.58652
458	9	13	13	0.00138664
458	10	50256	50256	3.8147e-05
459	5	1180	1180	0.174958
459	6	13204	13204	1.54472
459	7	5107	5107	0.544488
459	8	286	286	0.00233841
459	9	262	262	0.00741577
459	10	5002	3825	2.47351
459	11	6588	6588	0.390547
459	12	13	13	1.52588e-05
459	13	50256	50256	0.000221252
460	5	17465	17465	0.908162
460	6	15225	15225	0.226983
460	7	857	857	0.197911
460	8	407	407	0.0260315
460	9	6338	6338	1.19986
460	10	11169	11169	0.351744
460	11	3703	3703	0.161758
460	12	326	326	0.0396709
460	13	373	373	0.130709
460	14	1239	1239	0.280704
460	15	6264	6264	0.160555
460	16	13	13	0
460	17	50256	50256	0
461	5	525	525	1.11538
461	6	907	907	0.918784
461	7	11	11	0.0222855
461	8	308	308	1.09998
461	9	676	676	0.384821
461	10	2188	2188	0.497716
461	11	7150	7150	0.803076
461	12	14999	14999	0.552992
461	13	511	511	0.172916
461	14	5667	5667	1.74164
461	15	1123	1123	1.32652
461	16	23608	23608	0.437861
461	17	13	13	0
461	18	50256	50256	0.00123596
462	5	12748	12748	1.25294
462	6	7463	7463	0.298979
462	7	5563	5563	0.213858
462	8	423	423	0.321051
462	9	6702	6702	1.33793
462	10	262	262	0.000827789
462	11	976	976	1.13931
462	12	20309	3124	3.27166
462	13	618	618	0.148405
462	14	1633	1633	0.539266
462	15	6625	5667	3.16187
462	16	318	318	0.10573
462	17	36480	36480	0.249365
462	18	13	13	0
462	19	50256	50256	0.000213623
463	5	511	511	0.212831
463	6	11904	11904	0.716058
463	7	287	287	0.219074
463	8	47314	47314	1.85598
463	9	2138	2138	0.0867176
463	10	621	621	0.0256023
463	11	15921	15921	1.12139
463	12	13	13	0
463	13	50256	50256	0
464	5	530	530	0.291082
464	6	7319	7319	0.408964
464	7	10700	10700	0.191521
464	8	13	13	1.90735e-06
464	9	50256	50256	3.8147e-06
465	5	3372	3372	0.262882
465	6	14644	14644	0.344772
465	7	2291	2291	0.108364
465	8	4263	4263	0.27235
465	9	286	286	0.0253696
465	10	14260	14260	0.427168
465	11	290	290	0.0331955
465	12	40317	40317	0.454173
465	13	13	13	0.002285
465	14	50256	50256	0.000106812
466	5	6795	6795	0.127481
466	6	287	287	0.00947762
466	7	14174	14174	0.227358
466	8	6650	6650	0.0987186
466	9	13	13	1.90735e-06
466	10	50256	50256	3.05176e-05
467	5	13179	13179	0.434246
467	6	656	656	0.311825
467	7	6268	6268	0.748016
467	8	1863	3812	2.46093
467	9	663	663	0.0773239
467	10	16488	11904	3.06917
467	11	13	13	0.00219917
467	12	50256	50256	1.14441e-05
468	5	257	257	0.0117664
468	6	5664	5664	0.134851
468	7	13	13	0.0126152
468	8	50256	50256	0
469	5	2727	2727	0.125923
469	6	262	262	0.00967407
469	7	19812	19812	0.114836
469	8	3240	3240	0.0977669
469	9	286	286	0.0277119
469	10	4100	4100	0.297012
469	11	22311	22311	0.110096
469	12	13	13	0.00184822
469	13	50256	50256	3.8147e-06
470	5	4486	4486	0.185564
470	6	878	878	0.120159
470	7	8978	8978	0.0840855
470	8	262	262	0.018959
470	9	2258	976	2.22598
470	10	6896	6896	0.288048
470	11	13	13	0.000333786
470	12	50256	50256	1.52588e-05
471	5	286	286	0.0275574
471	6	7446	7446	1.19709
471	7	3917	530	3.56135
471	8	351	351	0.251097
471	9	15568	12281	2.81413
471	10	287	287	0.030117
471	11	304	304	1.20179
471	12	2724	2724	0.19009
471	13	560	560	0.17054
471	14	6210	6210	0.382118
471	15	4778	4778	0.185505
471	16	13	13	0
471	17	50256	50256	0
472	5	16839	16839	1.58817
472	6	326	326	0.23501
472	7	460	460	0.445515
472	8	1011	1011	1.82576
472	9	530	530	0.86409
472	10	286	286	0.0171452
472	11	734	4077	3.97384
472	12	3815	3815	0.750844
472	13	13	13	0.00485229
472	14	50256	50256	3.43323e-05
473	5	656	656	0.048584
473	6	734	734	0.435098
473	7	4778	4778	0.337667
473	8	13	13	0
473	9	50256	50256	0
474	5	17065	17065	0.182423
474	6	355	355	0.0420856
474	7	13701	13701	0.620104
474	8	389	389	0.0699615
474	9	7525	7525	0.626777
474	10	12835	12835	0.527421
474	11	336	336	0.86022
474	12	23833	23833	0.32679
474	13	13	13	0
474	14	50256	50256	0
475	5	284	284	0.0584812
475	6	262	262	6.48499e-05
475	7	4571	2910	2.78866
475	8	286	286	0.0424919
475	9	3668	3668	0.325556
475	10	338	338	0.0306377
475	11	5093	5093	1.29066
475	12	5724	5724	0.78271
475	13	864	864	0.280415
475	14	16488	8137	1.84744
475	15	13	13	7.62939e-06
475	16	50256	50256	7.62939e-06
476	5	10183	10183	0.16498
476	6	2258	2258	0.246019
476	7	2253	2253	0.0642414
476	8	13	13	0
476	9	50256	50256	0
477	5	402	402	0.0840778
477	6	23638	23638	0.325093
477	7	21001	21001	0.331589
477	8	257	257	0.112452
477	9	1692	3139	2.40998
477	10	1182	1767	2.0396
477	11	351	351	0.0550442
477	12	257	257	0.0832596
477	13	18744	2060	2.9742
477	14	338	338	0.0968647
477	15	1767	4417	2.00859
477	16	13	13	0
477	17	50256	50256	4.57764e-05
478	5	257	262	4.01339
478	6	26041	26041	0.700517
478	7	30971	30971	0.735754
478	8	2524	2524	0.336796
478	9	319	319	0.227276
478	10	262	262	0.000459671
478	11	575	575	0.64373
478	12	1229	1229	0.239222
478	13	39036	39036	0.306391
478	14	24078	24078	0.280539
478	15	13	13	0.013876
478	16	50256	50256	0
479	5	4729	4729	0.278337
479	6	530	530	0.417683
479	7	1194	1194	0.136317
479	8	287	287	0.0193329
479	9	281	281	0.194611
479	10	22088	22088	0.833347
479	11	291	291	0.256107
479	12	4735	4735	1.40102
479	13	13	13	2.09808e-05
479	14	50256	50256	1.14441e-05
480	5	355	355	0.152962
480	6	262	262	0.00333786
480	7	3139	3139	0.312589
480	8	1748	1748	0.201431
480	9	286	286	0.00820923
480	10	16490	16490	0.26524
480	11	13	13	0.000860214
480	12	50256	50256	0.000110626
481	5	290	290	0.00543976
481	6	6140	6140	0.296274
481	7	262	262	0.0314884
481	8	44639	44639	0.349464
481	9	286	286	0.0132751
481	10	39515	39515	0.101852
481	11	13	13	0.000364304
481	12	50256	50256	3.8147e-06
482	5	262	262	0.0951653
482	6	2656	2656	1.35431
482	7	1366	1366	0.759922
482	8	284	284	0.286743
482	9	307	307	0.459478
482	10	49594	49594	1.18009
482	11	3446	11222	2.7315
482	12	13	13	0
482	13	50256	50256	0
483	5	1317	1317	0.504371
483	6	379	379	0.142481
483	7	262	262	0.00306511
483	8	3726	2266	2.73137
483	9	286	286	0.00289726
483	10	257	257	0.0184002
483	11	3194	3194	0.380619
483	12	1808	1808	0.676319
483	13	13	13	7.62939e-05
483	14	50256	50256	0.000125885
484	5	2678	2678	0.322343
484	6	11	11	0.00725174
484	7	1390	1390	0.489894
484	8	14679	14679	0.180464
484	9	290	290	0.0343723
484	10	17322	17322	1.77211
484	11	13	13	0.00131035
484	12	50256	50256	1.90735e-06
485	5	290	290	0.0591679
485	6	5594	5594	0.953726
485	7	284	284	0.111795
485	8	262	262	0.00223541
485	9	610	3825	4.87845
485	10	620	620	0.496641
485	11	77	77	0.207176
485	12	2340	2340	0.339855
485	13	13	13	3.8147e-06
485	14	50256	50256	2.67029e-05
486	5	38967	38967	0.541224
486	6	5911	5911	0.252781
486	7	257	257	0.00617981
486	8	2524	2524	0.855198
486	9	338	338	0.055542
486	10	9574	9574	0.499323
486	11	286	286	0.026804
486	12	13755	13755	0.282656
486	13	13	13	1.90735e-06
486	14	50256	50256	1.14441e-05
487	5	3146	3146	0.204604
487	6	13	13	3.8147e-06
487	7	50256	50256	0
488	5	3407	3407	0.224329
488	6	6285	6285	0.292788
488	7	6637	6637	0.314831
488	8	3170	3170	0.118271
488	9	1141	1141	0.31781
488	10	1180	1180	0.221208
488	11	37860	37860	0.363317
488	12	459	459	0.131836
488	13	444	444	0.351271
488	14	13	13	0.00591469
488	15	50256	50256	7.62939e-06
489	5	11	11	0.0288868
489	6	981	981	0.250952
489	7	257	257	0.0274601
489	8	2116	2116	1.17286
489	9	12	12	0.0503101
489	10	634	634	0.871173
489	11	12907	12907	0.504438
489	12	6870	6870	0.196142
489	13	262	262	0.0164318
489	14	6802	6802	0.699394
489	15	13	13	0.00859642
489	16	50256	50256	0
490	5	287	287	0.0140934
490	6	2882	13522	2.32544
490	7	284	284	0.099741
490	8	13522	3991	2.07782
490	9	13	13	0.00966644
490	10	50256	50256	7.62939e-06
491	5	3139	3139	0.606782
491	6	11	11	0.0263405
491	7	319	319	0.0682526
491	8	262	262	0.140236
491	9	12108	12108	0.910766
491	10	286	286	0.0066185
491	11	22777	22777	0.642154
491	12	13	13	0.00116539
491	13	50256	50256	0
492	5	24907	24907	0.178705
492	6	416	416	0.0241508
492	7	31094	31094	0.806445
492	8	28471	28471	0.223959
492	9	13	13	3.8147e-06
492	10	50256	50256	2.28882e-05
493	5	7446	7446	0.979531
493	6	7000	47933	2.75472
493	7	8513	8513	0.987095
493	8	1321	1321	0.265741
493	9	13	13	0.0142097
493	10	50256	50256	0
494	5	284	284	0.00524521
494	6	3197	3197	0.381883
494	7	21181	21181	0.211999
494	8	832	832	0.0172424
494	9	23607	23607	0.0640945
494	10	13	13	0
494	11	50256	50256	0
495	5	20394	20394	0.440026
495	6	7572	7572	0.111792
495	7	290	290	0.0547581
495	8	987	987	1.01497
495	9	48331	48331	0.187677
495	10	15268	15268	0.414749
495	11	13	13	3.8147e-06
495	12	50256	50256	0.000106812
496	5	1973	1973	0.0456676
496	6	2031	2031	0.211117
496	7	1141	1141	0.124619
496	8	262	262	0.00803757
496	9	1440	1440	0.68452
496	10	20283	20283	0.635914
496	11	4289	4289	0.0866833
496	12	13	13	0.000164032
496	13	50256	50256	0.000198364
497	5	2057	2057	0.189196
497	6	1863	1863	0.468311
497	7	262	262	0.0464287
497	8	34616	34616	0.647028
497	9	14998	14998	0.340918
497	10	13	13	0.00273705
497	11	50256	50256	0
498	5	878	878	0.14559
498	6	5033	5033	0.150141
498	7	8539	8539	0.266278
498	8	276	276	0.131338
498	9	6490	6490	0.139111
498	10	13	13	0.00603104
498	11	50256	50256	0
499	5	18355	18355	0.501411
499	6	12135	12135	0.158077
499	7	15114	15114	1.12671
499	8	355	355	0.0841122
499	9	2208	2208	0.942952
499	10	24494	24494	0.389957
499	11	276	276	0.172689
499	12	1660	1660	0.51793
499	13	44389	44389	0.61672
499	14	4291	4291	0.234751
499	15	4771	4771	0.390558
499	16	13166	13166	0.602371
499	17	13	13	8.58307e-05
499	18	50256	50256	6.48499e-05
500	5	379	379	0.11882
500	6	543	543	0.271569
500	7	2647	2647	0.427727
500	8	318	318	0.0142746
500	9	6157	6157	0.493909
500	10	13	13	0.000167847
500	11	50256	50256	1.14441e-05
501	5	5440	5440	0.817991
501	6	3917	3917	0.279536
501	7	351	351	0.0783768
501	8	262	262	0.00467682
501	9	509	7446	2.81188
501	10	9019	9019	0.444959
501	11	525	525	0.364791
501	12	16734	16734	0.130823
501	13	13	13	0
501	14	50256	50256	0.00191879
502	5	262	262	0.0127182
502	6	2297	2297	1.64643
502	7	6896	6896	0.28051
502	8	290	290	0.0363312
502	9	262	262	0.0246334
502	10	22035	22035	2.06754
502	11	12108	12108	0.503571
502	12	13	13	0.000114441
502	13	50256	50256	3.8147e-06
503	5	16968	16968	0.78406
503	6	1660	1660	0.204067
503	7	2641	2641	0.249567
503	8	606	606	0.5711
503	9	12188	12188	0.390911
503	10	6751	6751	0.274525
503	11	3833	3833	0.589532
503	12	13	13	0
503	13	50256	50256	3.8147e-06
504	5	22037	22037	0.886098
504	6	13100	13100	0.255608
504	7	284	284	0.0804596
504	8	1440	1440	0.289012
504	9	19651	19651	1.44334
504	10	6588	6588	0.637478
504	11	23235	23235	0.426517
504	12	13	13	3.24249e-05
504	13	50256	50256	3.8147e-06
505	5	18391	18391	0.251339
505	6	4778	4778	0.237976
505	7	284	284	0.0258293
505	8	1296	1296	0.455035
505	9	257	257	0.0297565
505	10	649	1729	2.68166
505	11	1976	1976	0.289547
505	12	35641	35641	0.138821
505	13	1258	1258	0.0846233
505	14	13	13	0.00362968
505	15	50256	50256	8.2016e-05
506	5	625	625	0.0752792
506	6	37294	37294	0.336609
506	7	5207	5207	0.24932
506	8	13	13	0.000106812
506	9	50256	50256	7.62939e-06
507	5	284	284	0.0179424
507	6	12405	12405	0.641503
507	7	290	290	0.0122814
507	8	18510	18510	0.996993
507	9	50126	50126	0.306374
507	10	1366	1366	0.377914
507	11	13	13	3.8147e-06
507	12	50256	50256	0
508	5	1022	1022	0.0275478
508	6	290	290	0.0986595
508	7	1088	1088	0.270174
508	8	262	262	0.286308
508	9	14189	14189	0.762074
508	10	2442	2442	0.162956
508	11	290	290	0.0284729
508	12	47441	47441	0.408945
508	13	9700	9700	0.314529
508	14	18180	18180	0.290878
508	15	13	13	0.00170708
508	16	50256	50256	4.57764e-05
509	5	11	11	0.0117168
509	6	981	981	0.147169
509	7	4530	4530	0.287857
509	8	286	286	0.0132217
509	9	262	262	0.00725555
509	10	976	976	0.839965
509	11	1051	1051	1.39494
509	12	1128	1128	0.12632
509	13	417	417	0.227662
509	14	13	13	0.0262566
509	15	50256	50256	0
510	5	12	12	0.104378
510	6	2385	2385	0.566612
510	7	863	863	0.183924
510	8	2712	2712	0.537004
510	9	4116	4116	0.128553
510	10	4909	4909	0.59378
510	11	1440	1440	0.566098
510	12	14803	14803	0.186352
510	13	13	13	0.000169754
510	14	50256	50256	3.05176e-05
511	5	257	257	0.148949
511	6	14091	3139	2.79881
511	7	2214	2214	0.102182
511	8	13	13	0.0100784
511	9	50256	50256	0
512	5	3188	3188	1.1728
512	6	393	393	0.0784531
512	7	4067	4067	0.392738
512	8	284	284	0.00886726
512	9	1194	1194	0.709936
512	10	8271	8271	0.417753
512	11	393	393	0.045208
512	12	4067	4067	0.647364
512	13	13	13	0
512	14	50256	50256	0.000583649
513	5	4695	4695	1.24967
513	6	287	287	0.0227451
513	7	16976	2292	4.26274
513	8	11	11	0.0147533
513	9	18086	47314	2.60916
513	10	12	12	0.153538
513	11	16760	16760	1.1355
513	12	5667	5667	1.15073
513	13	13	13	1.14441e-05
513	14	50256	50256	3.43323e-05
514	5	319	319	0.0245914
514	6	2869	2869	0.756464
514	7	338	338	0.0520554
514	8	7022	7022	0.477501
514	9	286	286	0.0107346
514	10	367	367	0.417755
514	11	684	684	1.43326
514	12	13415	13415	0.424793
514	13	13	13	2.67029e-05
514	14	50256	50256	0.000137329
515	5	8122	8122	1.20279
515	6	656	656	0.178719
515	7	257	257	0.190712
515	8	3623	8122	2.70066
515	9	379	379	0.202511
515	10	663	663	0.0383244
515	11	4417	1633	2.81811
515	12	13	13	0
515	13	50256	50256	2.86102e-05
516	5	416	416	0.00792694
516	6	38797	38797	0.244662
516	7	278	278	0.110594
516	8	7545	7545	0.305962
516	9	351	351	0.17939
516	10	300	300	0.511114
516	11	12009	12009	0.0457401
516	12	7408	7408	0.271061
516	13	11492	11492	0.0971241
516	14	13	13	1.71661e-05
516	15	50256	50256	6.10352e-05
517	5	287	287	0.0448055
517	6	7408	7408	1.32929
517	7	414	414	1.32341
517	8	618	618	0.0646553
517	9	1402	1402	0.891822
517	10	6867	6867	0.427677
517	11	286	286	0.0256577
517	12	7408	7408	1.09673
517	13	393	393	0.067358
517	14	2779	2779	1.51662
517	15	389	389	0.141428
517	16	2087	2087	0.468924
517	17	13	13	1.14441e-05
517	18	50256	50256	3.8147e-06
518	5	5107	5107	0.800281
518	6	286	286	0.001194
518	7	3194	3194	0.67422
518	8	3435	3435	0.624473
518	9	355	355	0.160061
518	10	281	281	0.0163136
518	11	1242	1242	0.339743
518	12	13	13	7.62939e-06
518	13	50256	50256	1.90735e-05
519	5	3017	3017	0.10639
519	6	465	465	0.26067
519	7	898	898	0.660194
519	8	35674	35674	0.335199
519	9	287	287	0.0262299
519	10	10123	10123	0.221351
519	11	6065	6065	0.167624
519	12	24252	24252	0.0654125
519	13	13	13	0.00240326
519	14	50256	50256	1.33514e-05
520	5	7421	7421	0.543045
520	6	286	286	0.0308037
520	7	3878	3878	0.883622
520	8	5491	5491	0.20961
520	9	13	13	3.05176e-05
520	10	50256	50256	9.53674e-06
521	5	44771	44771	0.122019
521	6	262	262	0.00100899
521	7	27806	27806	1.73684
521	8	286	286	0.0106544
521	9	262	262	0.00244904
521	10	449	449	0.284204
521	11	544	544	0.412014
521	12	1641	1641	0.069725
521	13	13	13	1.90735e-06
521	14	50256	50256	7.62939e-06
522	5	28721	28721	0.407696
522	6	287	287	0.0212345
522	7	8850	8850	0.139774
522	8	1103	1103	0.288083
522	9	34768	34768	0.724841
522	10	13	13	0
522	11	50256	50256	0
523	5	286	286	0.0086174
523	6	10183	10183	0.466124
523	7	2520	2520	0.850159
523	8	2253	2253	0.0429077
523	9	13	13	0
523	10	50256	50256	4.95911e-05
524	5	31555	31555	0.730289
524	6	262	262	0.0289688
524	7	4434	4434	1.17121
524	8	323	323	0.172189
524	9	24078	24078	0.299925
524	10	422	422	0.0253124
524	11	5060	5060	0.628325
524	12	26066	26066	0.120653
524	13	13	13	0.00193977
524	14	50256	50256	0.000915527
525	5	468	468	0.0284748
525	6	37516	37516	0.270679
525	7	12	12	0.0203876
525	8	26022	26022	0.756215
525	9	8251	8251	0.0861855
525	10	13	13	0.00305176
525	11	50256	50256	0
526	5	262	262	0.00571823
526	6	40829	40829	0.468961
526	7	31643	31643	0.157318
526	8	4886	4886	0.131613
526	9	32726	32726	0.194311
526	10	28192	28192	0.238583
526	11	17745	17745	0.172892
526	12	13	13	0
526	13	50256	50256	1.90735e-06
527	5	416	286	2.45353
527	6	262	262	0.000448227
527	7	29973	7346	3.54621
527	8	3048	3048	0.510375
527	9	286	286	0.000488281
527	10	262	262	0.00244904
527	11	6869	6869	1.51725
527	12	290	290	0.000387192
527	13	262	262	0.0174122
527	14	3825	6869	2.37424
527	15	13	13	0.000106812
527	16	50256	50256	1.14441e-05
528	5	2587	2587	0.616373
528	6	422	422	0.0887527
528	7	7815	7815	1.50522
528	8	284	284	0.0872059
528	9	36717	36717	1.13623
528	10	257	257	0.00796509
528	11	3785	3785	0.815221
528	12	13	13	0.00474548
528	13	50256	50256	2.67029e-05
529	5	2568	2568	0.263608
529	6	832	832	0.12159
529	7	12213	6565	2.30543
529	8	1626	1626	0.0903397
529	9	2300	2300	0.72589
529	10	1231	1231	0.159494
529	11	11963	12737	2.46888
529	12	2587	2587	0.30336
529	13	5202	5202	0.294574
529	14	13	13	6.10352e-05
529	15	50256	50256	9.53674e-06
530	5	11904	11904	0.456033
530	6	1043	1043	0.422319
530	7	2641	2641	0.239082
530	8	262	262	0.0735455
530	9	6891	14580	2.87362
530	10	4618	4618	0.176753
530	11	338	338	0.0201721
530	12	15921	15921	0.269163
530	13	13	13	0.000234604
530	14	50256	50256	0.000190735
531	5	4833	4833	0.896402
531	6	37446	37446	0.463964
531	7	11	11	0.00745392
531	8	1123	1123	0.409513
531	9	351	351	0.306456
531	10	5093	5093	1.76422
531	11	290	290	0.00664902
531	12	5366	5366	2.46192
531	13	24971	24971	0.0849171
531	14	13	13	0
531	15	50256	50256	0
532	5	5688	5688	0.117807
532	6	416	416	0.0151024
532	7	262	262	0.00175667
532	8	7492	7492	0.436633
532	9	5866	5866	0.141392
532	10	13	13	0
532	11	50256	50256	7.62939e-06
533	5	511	511	0.126535
533	6	2057	2057	0.544161
533	7	7525	7525	0.550192
533	8	416	416	0.00498581
533	9	6600	6600	0.851688
533	10	4618	4618	0.345436
533	11	2587	2587	0.45377
533	12	13	13	0
533	13	50256	50256	0
534	5	656	656	0.0853481
534	6	262	262	0.178064
534	7	2619	3139	3.34338
534	8	6896	6896	0.327202
534	9	832	832	0.142887
534	10	257	257	0.0209045
534	11	1588	1588	1.13405
534	12	25979	25979	0.29177
534	13	13	13	0.0285587
534	14	50256	50256	4.57764e-05
535	5	663	663	0.0307159
535	6	8574	13179	7.69426
535	7	10154	10154	0.801226
535	8	618	618	0.109907
535	9	1176	1176	0.613626
535	10	318	318	0.0178699
535	11	4615	4615	0.249848
535	12	13	13	0
535	13	50256	50256	3.8147e-05
536	5	3696	3696	0.463235
536	6	625	625	0.120907
536	7	640	640	1.36872
536	8	13	13	0.00288963
536	9	50256	50256	1.14441e-05
537	5	41898	41898	0.889624
537	6	11	11	0.0174484
537	7	15677	15677	1.33017
537	8	82	82	0.225809
537	9	262	262	0.0320148
537	10	1556	976	1.96266
537	11	2838	2838	0.116131
537	12	286	286	0.0556355
537	13	262	262	0.00318336
537	14	17467	17467	0.722999
537	15	385	385	0.213242
537	16	5866	5866	0.209189
537	17	13	13	0.00287247
537	18	50256	50256	3.8147e-06
538	5	21079	21079	0.0847301
538	6	262	262	0.0105801
538	7	3085	3085	0.307823
538	8	1627	1627	0.104916
538	9	8686	8686	0.136883
538	10	284	284	0.00530434
538	11	262	262	0.000759125
538	12	3465	3465	0.471638
538	13	402	402	0.187551
538	14	13	13	0
538	15	50256	50256	2.28882e-05
539	5	29509	29509	0.280308
539	6	263	263	0.331058
539	7	621	621	0.089056
539	8	5814	5814	0.594209
539	9	32085	32085	0.480535
539	10	729	729	0.291122
539	11	286	286	0.0041008
539	12	262	262	0.000486374
539	13	976	976	1.54045
539	14	3664	2700	1.79262
539	15	6269	6269	1.49964
539	16	379	379	0.143337
539	17	7226	7226	0.810652
539	18	9151	9151	0.97121
539	19	10101	10101	0.178391
539	20	13	13	0
539	21	50256	50256	0.00150681
540	5	1022	1262	2.85817
540	6	6632	6632	0.237671
540	7	290	290	0.00598145
540	8	530	530	0.938985
540	9	11	11	0.108511
540	10	19889	19889	0.776442
540	11	13	13	0.0142288
540	12	50256	50256	2.67029e-05
541	5	1262	1262	0.371515
541	6	257	257	0.0516949
541	7	2060	2060	0.472566
541	8	302	302	1.02618
541	9	276	276	1.08159
541	10	13	13	0.0134201
541	11	50256	50256	7.62939e-06
542	5	11470	11470	0.954762
542	6	7370	7370	0.259808
542	7	393	393	0.233429
542	8	734	734	0.176868
542	9	31028	31028	1.04856
542	10	2511	2511	0.376088
542	11	1547	1547	0.0820026
542	12	13	13	3.24249e-05
542	13	50256	50256	4.57764e-05
543	5	3436	3436	0.42592
543	6	857	857	0.455296
543	7	407	407	0.101776
543	8	10385	10385	2.16527
543	9	262	262	0.0100117
543	10	1366	5337	6.20432
543	11	8574	8574	0.626792
543	12	2641	2641	0.62995
543	13	340	340	0.302641
543	14	13	13	0.00175667
543	15	50256	50256	0
544	5	987	987	0.271995
544	6	48331	48331	0.198402
544	7	23607	23607	0.27868
544	8	286	286	0.0111446
544	9	21181	21181	0.456284
544	10	13	13	1.90735e-05
544	11	50256	50256	4.3869e-05
545	5	290	290	0.00709534
545	6	11298	11298	0.505033
545	7	4133	4133	0.195959
545	8	884	884	0.226398
545	9	355	355	0.0258045
545	10	11532	11532	0.195139
545	11	4963	4963	0.115095
545	12	13	13	0.000154495
545	13	50256	50256	1.90735e-06
546	5	287	287	0.047039
546	6	257	257	0.0320549
546	7	16430	16430	0.293168
546	8	13	13	0.0138893
546	9	50256	50256	0
547	5	11408	11408	0.579375
547	6	787	787	0.330604
547	7	10469	1103	3.28443
547	8	2300	2300	0.778878
547	9	422	422	0.0452919
547	10	287	287	0.431215
547	11	36617	36617	1.00632
547	12	4237	4237	0.568329
547	13	13	13	0
547	14	50256	50256	0
548	5	38985	38985	0.154173
548	6	636	636	0.278487
548	7	286	286	0.00132179
548	8	7840	7840	0.131384
548	9	17456	17456	2.00347
548	10	13	13	0
548	11	50256	50256	8.01086e-05
549	5	6268	6268	0.303659
549	6	656	656	0.141222
549	7	18411	18411	0.720931
549	8	2568	2568	0.118773
549	9	13	13	0
549	10	50256	50256	1.90735e-06
550	5	734	734	0.352694
550	6	318	318	0.187504
550	7	262	262	0.000265121
550	8	691	691	3.04738
550	9	772	772	0.599163
550	10	530	1194	1.68671
550	11	13	13	0.0460377
550	12	50256	50256	3.8147e-05
551	5	262	262	0.0153275
551	6	3934	976	5.05897
551	7	16395	2150	3.30052
551	8	15989	15989	0.541039
551	9	3812	3812	0.410713
551	10	663	663	0.121967
551	11	6971	25317	2.74206
551	12	8384	8384	0.278395
551	13	832	832	0.048851
551	14	19794	19794	0.90063
551	15	13	13	0
551	16	50256	50256	2.86102e-05
552	5	262	262	0.0170212
552	6	3139	3139	0.667171
552	7	1748	1748	0.201321
552	8	286	286	0.00417328
552	9	27026	27026	0.690172
552	10	287	287	0.0174484
552	11	2520	2520	0.34924
552	12	7229	7229	0.0865898
552	13	13	13	0
552	14	50256	50256	7.62939e-06
553	5	37989	37989	0.274179
553	6	7370	7370	0.200317
553	7	13	13	0.000417709
553	8	50256	50256	8.96454e-05
554	5	14422	14422	0.280202
554	6	286	286	0.0686741
554	7	36683	36683	0.542765
554	8	571	571	0.267149
554	9	10304	10304	0.265947
554	10	547	547	0.397326
554	11	23470	23470	0.445558
554	12	656	656	0.0909824
554	13	7815	511	2.7065
554	14	287	287	0.0222321
554	15	31592	31592	0.441348
554	16	13	13	0.0278492
554	17	50256	50256	1.90735e-06
555	5	2753	2753	0.225763
555	6	1295	1295	0.359878
555	7	1973	1973	0.256105
555	8	262	262	0.0798149
555	9	7714	4571	3.38123
555	10	286	286	0.0168896
555	11	7009	7009	1.25191
555	12	435	435	0.287983
555	13	303	303	0.564943
555	14	11106	11106	0.0920753
555	15	13	13	0
555	16	50256	50256	1.90735e-05
556	5	2939	2939	2.01052
556	6	19794	19794	0.392346
556	7	290	290	0.0048008
556	8	13902	13902	0.917413
556	9	13	13	0.00830078
556	10	50256	50256	0.00111771
557	5	4263	4263	0.100539
557	6	422	422	0.0952682
557	7	867	867	0.348972
557	8	1402	1402	0.315917
557	9	22969	22969	0.763562
557	10	286	286	0.00464249
557	11	3124	3124	1.37007
557	12	13	13	0
557	13	50256	50256	7.24792e-05
558	5	3923	3923	0.354658
558	6	287	287	0.0518799
558	7	262	262	0.0141411
558	8	5739	5739	1.22724
558	9	8689	8689	0.226971
558	10	286	286	0.000600815
558	11	1881	1881	0.864425
558	12	39255	39255	0.157026
558	13	290	290	0.0172253
558	14	1881	1881	0.877612
558	15	27760	27760	0.188042
558	16	13	13	0.000616074
558	17	50256	50256	3.62396e-05
559	5	286	286	0.0089817
559	6	20296	5788	3.1886
559	7	326	326	0.112169
559	8	5615	5615	0.727386
559	9	287	287	0.0627327
559	10	262	262	0.0141468
559	11	41917	41917	0.531414
559	12	1613	1613	0.737892
559	13	13	13	0.00147247
559	14	50256	50256	5.72205e-06
560	5	15170	15170	0.25573
560	6	2577	2577	0.254927
560	7	8477	8477	0.327639
560	8	257	257	0.043211
560	9	3350	3350	1.16212
560	10	8272	8272	0.251595
560	11	338	338	0.063652
560	12	1204	7022	3.41843
560	13	319	319	0.0439587
560	14	281	281	0.0672855
560	15	7022	7022	0.90404
560	16	13	13	0.0141258
560	17	50256	50256	1.14441e-05
561	5	3825	3825	2.32183
561	6	1656	1656	0.406729
561	7	284	284	0.00590897
561	8	1445	1445	1.2492
561	9	1973	1973	0.326283
561	10	262	262	0.0557079
561	11	6766	1110	3.94151
561	12	1123	1123	0.257292
561	13	1110	1110	1.46198
561	14	13	13	0
561	15	50256	50256	0
562	5	262	262	0.00685692
562	6	15189	15189	1.44015
562	7	3634	3634	0.817883
562	8	4279	22234	2.9071
562	9	11	11	0.00236893
562	10	340	340	0.34551
562	11	1276	1276	0.534081
562	12	7719	7719	0.675312
562	13	284	284	0.0569935
562	14	257	257	0.0613289
562	15	16599	16599	1.27142
562	16	11	11	0.0156288
562	17	10929	10929	1.37158
562	18	11	11	0.0955467
562	19	24233	6937	2.67029
562	20	11	11	0.00822258
562	21	393	393	0.0309334
562	22	22062	22062	0.227737
562	23	13	13	0.00435638
562	24	50256	50256	7.62939e-06
563	5	2420	2420	0.283714
563	6	2915	2915	0.215611
563	7	13676	13676	0.301352
563	8	1088	1088	0.0343933
563	9	15985	15985	0.39506
563	10	11904	11904	0.222338
563	11	13	13	0
563	12	50256	50256	7.62939e-06
564	5	389	389	0.0467205
564	6	3706	3706	0.455491
564	7	13548	13548	1.14839
564	8	418	418	0.283134
564	9	11	11	0.0358944
564	10	350	350	1.4351
564	11	1506	1506	0.491819
564	12	418	418	0.246613
564	13	11	11	0.0532303
564	14	290	290	0.0251408
564	15	39026	39026	2.11977
564	16	271	271	0.31194
564	17	13	13	3.8147e-06
564	18	50256	50256	1.90735e-05
565	5	6156	1402	1.98374
565	6	9088	9088	0.431869
565	7	286	286	0.000185013
565	8	24726	24726	0.705214
565	9	13399	13399	0.0795498
565	10	13	13	0.000902176
565	11	50256	50256	3.8147e-06
566	5	1402	1402	0.300255
566	6	11904	11904	1.5439
566	7	326	326	0.150061
566	8	3092	3092	0.795474
566	9	257	257	0.0549641
566	10	8904	1785	3.10361
566	11	8574	8574	0.534233
566	12	2057	2057	0.301681
566	13	5127	5127	0.218689
566	14	13	13	0
566	15	50256	50256	3.8147e-06
567	5	2904	2904	0.513622
567	6	2087	2087	0.278396
567	7	2378	2378	0.267738
567	8	717	717	0.617532
567	9	13	13	0.00183296
567	10	50256	50256	1.14441e-05
568	5	1717	1717	0.123676
568	6	6327	6327	0.233179
568	7	360	360	0.35375
568	8	39781	39781	0.242554
568	9	262	262	0.0303059
568	10	20281	976	3.92643
568	11	286	286	0.0228271
568	12	383	383	0.33555
568	13	2764	2764	0.190317
568	14	286	286	0.030859
568	15	22489	22489	0.369534
568	16	24568	24568	0.290993
568	17	78	78	0.115268
568	18	13	13	0.000417709
568	19	50256	50256	3.8147e-06
569	5	287	287	0.402002
569	6	2292	2292	1.52769
569	7	981	981	0.329632
569	8	257	257	0.84174
569	9	9664	9664	1.07021
569	10	318	318	0.0895462
569	11	36932	36932	0.761745
569	12	13	13	0.0150642
569	13	50256	50256	0
570	5	516	516	0.277912
570	6	15113	15113	0.22939
570	7	4635	4635	0.11433
570	8	355	355	0.0951538
570	9	257	257	0.0570946
570	10	19999	8966	4.14789
570	11	1868	1868	0.704739
570	12	14170	14170	0.204012
570	13	281	281	0.0836906
570	14	8137	8137	1.79323
570	15	13	13	0
570	16	50256	50256	1.14441e-05
571	5	262	262	0.00022316
571	6	6869	3825	2.58734
571	7	318	318	0.44241
571	8	6697	6697	1.07987
571	9	262	262	0.104748
571	10	3825	7097	3.2643
571	11	287	287	0.0485992
571	12	3668	3668	0.455995
571	13	338	338	0.0053196
571	14	6766	6766	1.97986
571	15	13	13	0
571	16	50256	50256	3.8147e-06
572	5	355	355	0.0256252
572	6	262	262	0.000505447
572	7	3139	3139	0.50859
572	8	286	286	0.00350761
572	9	262	262	0.00473213
572	10	45772	45772	1.51487
572	11	8065	8065	0.0874882
572	12	13	13	0.00269699
572	13	50256	50256	7.62939e-06
573	5	832	832	0.214577
573	6	3668	3668	0.331799
573	7	338	338	0.0775204
573	8	8137	8137	0.935617
573	9	290	290	0.022974
573	10	12229	12229	0.600562
573	11	262	262	0.00264359
573	12	2323	3825	3.59866
573	13	318	318	0.206409
573	14	1444	1444	0.658174
573	15	257	257	0.159637
573	16	19999	19999	1.50148
573	17	578	578	0.604625
573	18	13	13	0
573	19	50256	50256	3.8147e-06
574	5	660	660	0.343513
574	6	318	318	0.0366764
574	7	3917	3917	0.535871
574	8	351	351	0.0972118
574	9	262	262	0.00328445
574	10	1855	1855	0.900447
574	11	24611	24611	0.215232
574	12	14355	14355	0.053339
574	13	13	13	0.0001297
574	14	50256	50256	3.8147e-06
575	5	2967	2967	0.386802
575	6	656	656	0.0285759
575	7	10601	10601	0.157868
575	8	329	329	0.0841618
575	9	8509	8509	0.751293
575	10	290	290	0.00883484
575	11	584	584	0.111609
575	12	9013	9013	0.193078
575	13	13	13	0
575	14	50256	50256	0.000152588
576	5	14768	14768	0.563461
576	6	319	319	1.29485
576	7	24438	1180	4.00909
576	8	286	286	0.137651
576	9	262	262	0.0353584
576	10	976	3139	4.53092
576	11	3124	7408	2.88517
576	12	3690	3690	0.862135
576	13	8850	8850	0.234976
576	14	6100	6100	0.717544
576	15	13	13	0
576	16	50256	50256	6.10352e-05
577	5	3794	3794	1.40975
577	6	284	284	0.00152397
577	7	262	262	0.255323
577	8	5366	5366	2.26247
577	9	290	290	0.000892639
577	10	2807	3624	2.81305
577	11	284	284	0.0443001
577	12	262	262	0.00286865
577	13	5093	5093	0.779183
577	14	13	13	0.00022316
577	15	50256	50256	3.8147e-06
578	5	6727	10596	2.8901
578	6	4417	4417	0.504711
578	7	286	286	0.00338173
578	8	262	262	0.110184
578	9	24725	38985	3.79425
578	10	34573	34573	0.473347
578	11	6516	6516	0.338591
578	12	287	287	0.0484486
578	13	281	281	0.143227
578	14	555	555	2.5229
578	15	10414	10414	0.0632877
578	16	1389	1389	0.204237
578	17	14839	14839	0.21155
578	18	7087	7087	0.158527
578	19	13	13	0
578	20	50256	50256	0
579	5	257	257	0.0167866
579	6	9629	9629	0.932291
579	7	286	286	0.000307083
579	8	987	987	0.634056
579	9	86	86	0.630989
579	10	16206	16206	0.569957
579	11	4618	4618	0.153612
579	12	26742	26742	0.922639
579	13	13	13	0.00586319
579	14	50256	50256	7.62939e-06
580	5	286	286	0.00545883
580	6	4930	4930	0.953303
580	7	20830	20830	0.236024
580	8	287	287	0.00656891
580	9	3576	3576	0.655586
580	10	290	290	0.0108833
580	11	6342	6342	1.21048
580	12	13	13	0.0127449
580	13	50256	50256	1.14441e-05
581	5	16524	16524	1.66858
581	6	284	284	0.0515423
581	7	1180	5044	1.9445
581	8	10530	18868	2.20162
581	9	22421	22421	0.559321
581	10	416	416	0.0462208
581	11	5609	5609	0.495078
581	12	262	262	0.0290451
581	13	12097	3139	3.80505
581	14	286	286	0.00661469
581	15	511	511	0.19982
581	16	13026	13026	0.567842
581	17	16600	16600	0.103867
581	18	13	13	0
581	19	50256	50256	0.0320549
582	5	21270	21270	0.113003
582	6	287	287	0.0181065
582	7	11228	11228	0.239653
582	8	2057	2057	0.0985699
582	9	13	13	0.000839233
582	10	50256	50256	1.14441e-05
583	5	9215	9215	0.297066
583	6	17359	17359	0.289427
583	7	284	284	0.0324764
583	8	1296	1296	0.140778
583	9	9215	9215	0.596231
583	10	13	13	0
583	11	50256	50256	8.01086e-05
584	5	4492	4492	0.726142
584	6	422	422	0.0302048
584	7	7840	7840	0.254832
584	8	4881	4881	1.48412
584	9	13	13	4.95911e-05
584	10	50256	50256	0.000486374
585	5	276	276	0.194653
585	6	287	287	0.0169544
585	7	281	281	0.037653
585	8	11557	11557	0.93691
585	9	1080	1080	0.0824852
585	10	13	13	0
585	11	50256	50256	1.52588e-05
586	5	8771	8771	0.688702
586	6	800	800	0.638326
586	7	3369	3369	0.313222
586	8	2346	2346	1.05465
586	9	11	11	0.013895
586	10	3264	3264	0.417133
586	11	393	393	0.0802956
586	12	20762	20762	0.207582
586	13	13	13	0
586	14	50256	50256	0
587	5	10087	12737	2.1418
587	6	422	422	0.0695419
587	7	477	477	1.17747
587	8	584	584	0.234226
587	9	2877	584	4.2415
587	10	4695	4695	0.500087
587	11	13	13	0
587	12	50256	50256	2.28882e-05
588	5	925	925	0.221772
588	6	422	422	0.0676537
588	7	262	262	0.00114059
588	8	279	279	1.00331
588	9	342	342	0.751486
588	10	286	286	0.0583858
588	11	262	262	0.11795
588	12	20461	20461	0.564848
588	13	21180	21180	0.385168
588	14	4618	4618	0.235493
588	15	13	13	0.0152836
588	16	50256	50256	7.62939e-06
589	5	11	11	0.0326672
589	6	1663	1663	0.888276
589	7	379	379	0.289143
589	8	5417	5417	0.957119
589	9	11	11	0.0174179
589	10	290	290	0.0421982
589	11	1441	1441	0.53864
589	12	284	284	0.0187683
589	13	40941	40941	1.18151
589	14	284	284	0.0141449
589	15	22919	22919	1.18837
589	16	13	13	0
589	17	50256	50256	3.8147e-06
590	5	11	11	0.0831203
590	6	14104	14104	0.53504
590	7	13015	13015	0.504173
590	8	11	11	0.138674
590	9	290	290	0.061676
590	10	3624	3624	1.03425
590	11	9421	9421	0.599001
590	12	1063	1063	0.0461006
590	13	13	13	0
590	14	50256	50256	3.24249e-05
591	5	29289	29289	0.223602
591	6	8435	8435	0.388222
591	7	973	973	0.112963
591	8	284	284	0.02952
591	9	5163	5163	1.08031
591	10	3992	3992	0.255275
591	11	4133	4133	0.248433
591	12	13	13	1.14441e-05
591	13	50256	50256	0.000221252
592	5	9016	9016	0.540837
592	6	4731	4731	0.434701
592	7	318	318	0.0186138
592	8	2793	14688	3.4879
592	9	287	287	0.109062
592	10	7078	7078	1.58931
592	11	621	621	0.297522
592	12	262	262	0.0251999
592	13	38283	38283	2.05211
592	14	338	338	0.0931091
592	15	6678	6678	1.15558
592	16	9016	9016	0.350035
592	17	4731	4731	0.702587
592	18	13	13	0
592	19	50256	50256	1.90735e-05
593	5	4635	4635	0.575476
593	6	416	416	0.00777817
593	7	23147	23147	0.59297
593	8	44030	44030	0.41719
593	9	6147	6147	0.901395
593	10	656	656	0.248318
593	11	285	285	1.87609
593	12	10119	10119	0.216082
593	13	13	13	0
593	14	50256	50256	0.000293732
594	5	7363	6268	2.84007
594	6	284	284	0.0574398
594	7	262	262	0.027977
594	8	7627	4376	2.5413
594	9	286	286	0.0144386
594	10	22779	22779	0.79469
594	11	7229	7229	0.0850945
594	12	13	13	0
594	13	50256	50256	3.8147e-06
595	5	262	262	0.00497055
595	6	13589	13589	1.2142
595	7	284	284	0.182297
595	8	262	262	0.00116158
595	9	11384	1658	1.88342
595	10	832	832	0.0646114
595	11	262	262	0.00428391
595	12	1658	1658	0.821939
595	13	2522	2522	0.134949
595	14	31111	31111	0.142462
595	15	13	13	3.8147e-06
595	16	50256	50256	2.28882e-05
596	5	8630	8630	0.613261
596	6	287	287	0.0597057
596	7	2658	2658	0.554994
596	8	417	417	0.38896
596	9	292	292	0.500332
596	10	287	287	0.00056839
596	11	262	262	0.00222206
596	12	25861	25861	1.60484
596	13	1080	1080	0.251921
596	14	13	13	0
596	15	50256	50256	3.8147e-06
597	5	11881	1043	2.91627
597	6	1364	1364	0.384442
597	7	422	422	0.114975
597	8	262	262	0.0608902
597	9	1903	976	3.11429
597	10	3024	3024	0.265131
597	11	6881	6881	0.0429478
597	12	13	13	0.000244141
597	13	50256	50256	0
598	5	20435	20435	0.327403
598	6	3356	3356	0.250825
598	7	290	290	0.0217552
598	8	5529	5529	1.3239
598	9	5236	5236	0.140575
598	10	13	13	0.000118256
598	11	50256	50256	5.72205e-06
599	5	416	416	0.197739
599	6	37228	37228	1.35388
599	7	7888	7888	0.5043
599	8	11685	11685	0.0699615
599	9	286	286	0.0872974
599	10	4898	4898	1.08127
599	11	11	11	0.0312061
599	12	3221	3221	1.86558
599	13	351	351	0.313187
599	14	39623	39623	0.646502
599	15	13020	13020	0.203291
599	16	11678	11678	0.167566
599	17	13	13	0.00293541
599	18	50256	50256	1.14441e-05
600	5	13055	13055	0.242222
600	6	1660	1660	1.02057
600	7	300	300	0.81153
600	8	3922	3922	0.646292
600	9	287	287	0.309494
600	10	465	465	0.323034
600	11	11376	11376	1.16105
600	12	379	379	0.169428
600	13	8118	8118	0.687416
600	14	933	933	0.202818
600	15	88	88	0.18045
600	16	13	13	0.000473022
600	17	50256	50256	0
601	5	422	422	0.0800552
601	6	257	257	0.0144672
601	7	4417	4417	0.273399
601	8	736	736	0.650669
601	9	3812	3812	0.38533
601	10	257	257	0.0085392
601	11	24783	24783	0.939296
601	12	13	13	0.03582
601	13	50256	50256	0
602	5	257	257	0.0327396
602	6	18778	18778	0.796449
602	7	14688	14688	0.617226
602	8	680	680	0.281619
602	9	12	12	0.086422
602	10	43745	43745	1.16431
602	11	19634	19634	0.322803
602	12	287	287	0.0205936
602	13	281	281	0.204718
602	14	12278	12278	1.26801
602	15	17655	17655	0.302135
602	16	13	13	0.000127792
602	17	50256	50256	1.33514e-05
603	5	3794	3794	0.501955
603	6	3994	3994	0.205291
603	7	20838	20838	0.661941
603	8	21641	21641	0.336581
603	9	290	290	0.0152874
603	10	42645	42645	0.73664
603	11	13	13	0
603	12	50256	50256	0
604	5	11	11	0.0127106
604	6	14354	14354	0.456144
604	7	11	11	0.044569
604	8	290	290	0.00663948
604	9	7572	7572	0.226743
604	10	286	286	0.00258064
604	11	3292	3292	0.208782
604	12	13	13	0.000391006
604	13	50256	50256	0.00015831
605	5	379	8122	3.22476
605	6	7496	7496	2.48738
605	7	290	290	0.105925
605	8	734	3991	2.99853
605	9	7435	7435	1.21552
605	10	1173	1173	0.256357
605	11	829	829	0.164991
605	12	13	13	0.00091362
605	13	50256	50256	7.62939e-06
606	5	290	290	0.12233
606	6	26306	2877	2.8806
606	7	21622	21622	0.662093
606	8	422	422	0.101849
606	9	262	262	0.0364494
606	10	9260	9260	2.45626
606	11	13	13	0
606	12	50256	50256	3.43323e-05
607	5	326	326	0.460474
607	6	8833	8833	1.2589
607	7	351	351	0.149017
607	8	262	262	0.00109482
607	9	6000	300	2.56767
607	10	8373	8373	1.38924
607	11	287	287	0.118425
607	12	257	257	0.178467
607	13	27039	27039	0.562424
607	14	13	13	0.00719833
607	15	50256	50256	2.28882e-05
608	5	7043	7043	1.24875
608	6	316	316	0.648605
608	7	787	787	0.510578
608	8	2647	2647	0.575978
608	9	287	287	0.00626373
608	10	257	257	0.0257282
608	11	1448	1448	1.53148
608	12	286	286	0.00087738
608	13	734	734	0.421148
608	14	13	13	0.000822067
608	15	50256	50256	3.8147e-06
609	5	510	510	0.685449
609	6	15455	15455	0.88785
609	7	1231	1231	0.531292
609	8	5609	5609	0.743532
609	9	262	262	0.0155926
609	10	1321	1321	1.8393
609	11	852	852	0.979694
609	12	42517	42517	0.533513
609	13	798	798	0.167957
609	14	13	13	0
609	15	50256	50256	0.000827789
610	5	13055	13055	0.0484486
610	6	383	383	0.529425
610	7	2907	2907	0.334229
610	8	563	563	0.207953
610	9	5265	5265	0.23456
610	10	287	287	0.0320702
610	11	49545	49545	0.231051
610	12	13	13	0.00881577
610	13	50256	50256	3.8147e-06
611	5	1239	1239	0.176888
611	6	11073	11073	0.201019
611	7	257	257	0.0393372
611	8	4633	4633	1.08373
611	9	1255	1255	0.3082
611	10	13	13	0
611	11	50256	50256	0
612	5	2630	2630	0.312939
612	6	3923	3923	0.554219
612	7	326	326	0.100613
612	8	7301	7301	1.12071
612	9	41553	41553	0.354469
612	10	82	82	0.217021
612	11	11	11	0.0799236
612	12	37174	37174	0.903246
612	13	11	11	0.0356636
612	14	290	290	0.0314865
612	15	5369	5369	0.652224
612	16	13	13	0.00792694
612	17	50256	50256	0
613	5	546	546	0.269718
613	6	262	262	0.0224533
613	7	20175	976	2.27212
613	8	43989	43989	0.101423
613	9	290	290	0.029686
613	10	38201	38201	0.199919
613	11	13	13	0.000185013
613	12	50256	50256	1.90735e-06
614	5	9518	9518	0.476334
614	6	5667	5667	0.118151
614	7	2138	2138	0.138433
614	8	621	621	0.0249805
614	9	8850	8850	0.148245
614	10	13737	13737	0.603779
614	11	13	13	0
614	12	50256	50256	5.72205e-06
615	5	416	416	0.014658
615	6	27259	27259	0.880496
615	7	7545	7545	0.236025
615	8	656	656	0.651384
615	9	1090	1090	0.490563
615	10	9310	9310	0.0718613
615	11	290	290	0.0184708
615	12	483	483	0.882107
615	13	88	88	0.236782
615	14	13	13	0
615	15	50256	50256	5.34058e-05
616	5	1633	1633	0.998879
616	6	5721	5721	1.15882
616	7	12611	12611	1.03164
616	8	803	326	2.30248
616	9	416	416	0.268629
616	10	41719	41719	0.45719
616	11	511	511	0.0840435
616	12	11914	11914	0.928712
616	13	656	656	0.0872612
616	14	257	257	0.00293159
616	15	5422	4417	2.28528
616	16	12239	12239	0.236409
616	17	13	13	0.000326157
616	18	50256	50256	0.000659943
617	5	19418	19418	0.238083
617	6	36578	36578	0.154785
617	7	351	351	0.00654602
617	8	6496	6496	0.130415
617	9	8188	8188	0.028183
617	10	13	13	0
617	11	50256	50256	1.52588e-05
618	5	355	355	0.0330238
618	6	257	257	0.0523434
618	7	1271	1271	0.609836
618	8	286	286	8.7738e-05
618	9	3470	3470	2.1932
618	10	9998	9998	0.158434
618	11	13	13	0.000370026
618	12	50256	50256	1.90735e-06
619	5	284	284	0.0152054
619	6	3283	3283	0.321151
619	7	12967	12967	0.286827
619	8	902	902	0.159554
619	9	1973	1973	0.116745
619	10	257	257	0.011898
619	11	4417	4417	0.376327
619	12	13	13	0
619	13	50256	50256	3.8147e-06
620	5	4905	4905	1.48315
620	6	286	286	0.0388451
620	7	281	281	0.099926
620	8	15835	9260	3.15592
620	9	393	393	0.031353
620	10	875	875	0.819468
620	11	13168	13168	0.1852
620	12	11862	11862	0.11471
620	13	13	13	0.000196457
620	14	50256	50256	0.000232697
621	5	338	338	0.0451622
621	6	1810	1810	0.243267
621	7	290	290	0.0195675
621	8	12689	12689	0.579161
621	9	3407	3407	0.120237
621	10	262	262	0.0247746
621	11	14332	14332	1.03742
621	12	2305	2305	0.184452
621	13	9229	9229	0.0733223
621	14	11796	11796	0.137947
621	15	286	286	0.0105133
621	16	3284	3284	0.123096
621	17	13	13	0.00535774
621	18	50256	50256	7.62939e-06
622	5	3650	3650	0.774297
622	6	12278	12278	0.16281
622	7	2568	2568	0.189072
622	8	832	832	0.299513
622	9	48287	48287	0.218659
622	10	5931	5931	0.0686769
622	11	12737	12737	1.63901
622	12	13	13	0
622	13	50256	50256	4.95911e-05
623	5	4143	4143	0.339284
623	6	2173	2173	0.381319
623	7	1497	1497	0.537117
623	8	422	422	0.0269756
623	9	262	262	0.0363903
623	10	3825	3825	1.17486
623	11	13	13	0
623	12	50256	50256	2.28882e-05
624	5	290	290	0.00910187
624	6	6754	6754	0.726074
624	7	2478	2478	0.120127
624	8	286	286	0.0619011
624	9	2456	2456	0.6879
624	10	13	13	0
624	11	50256	50256	0.00053215
625	5	3033	3033	0.156036
625	6	262	262	0.00401115
625	7	26997	26997	0.877596
625	8	2677	2677	0.190897
625	9	11	11	0.0582027
625	10	3825	3825	1.42362
625	11	370	370	0.752565
625	12	46654	46654	0.218544
625	13	13	13	0.000448227
625	14	50256	50256	3.05176e-05
626	5	3139	3139	0.158279
626	6	373	373	0.179827
626	7	327	327	0.989317
626	8	385	385	1.57899
626	9	1073	1073	0.598904
626	10	11	11	0.0301647
626	11	287	287	0.0102959
626	12	1944	1944	0.296415
626	13	12	12	0.0165291
626	14	820	820	0.615125
626	15	25768	25266	3.45262
626	16	13	13	0
626	17	50256	50256	3.05176e-05
627	5	5403	5403	0.300557
627	6	663	663	0.057169
627	7	16874	16874	0.577084
627	8	13	13	0
627	9	50256	50256	0.00322342
628	5	2583	2583	1.17793
628	6	4778	4778	0.192743
628	7	284	284	0.00254059
628	8	4439	4439	0.369654
628	9	649	649	2.34488
628	10	9471	9471	0.517035
628	11	13166	13166	0.148413
628	12	13	13	1.90735e-06
628	13	50256	50256	3.43323e-05
629	5	2568	2568	0.165739
629	6	832	832	0.129612
629	7	6565	6565	1.00813
629	8	2272	2272	0.535409
629	9	13	13	0
629	10	50256	50256	6.29425e-05
630	5	3519	3519	0.313503
630	6	1035	1035	0.352293
630	7	24370	24370	0.235025
630	8	287	287	0.00485611
630	9	13550	13550	0.230112
630	10	34619	34619	0.163366
630	11	746	746	0.168453
630	12	291	291	0.128855
630	13	11	11	0.0295467
630	14	1897	1897	0.638325
630	15	6210	6210	0.496548
630	16	11	11	0.00573349
630	17	290	290	0.0168877
630	18	8312	8312	0.566744
630	19	14750	14750	0.0801258
630	20	13	13	0.000686646
630	21	50256	50256	7.24792e-05
631	5	329	329	0.0412884
631	6	663	663	0.0600834
631	7	1913	1913	1.41409
631	8	8508	8508	0.155466
631	9	290	290	0.0328522
631	10	27892	27892	0.42243
631	11	35988	35988	0.501503
631	12	11222	11222	0.502365
631	13	13	13	0.00620461
631	14	50256	50256	3.8147e-06
632	5	329	329	0.15958
632	6	18120	18120	0.606759
632	7	257	257	0.0803108
632	8	1917	1917	2.15795
632	9	393	393	0.040926
632	10	9489	9489	0.23782
632	11	257	257	0.00554085
632	12	4876	4876	0.299466
632	13	13	13	0.00699234
632	14	50256	50256	1.90735e-06
633	5	422	422	0.0357304
633	6	15756	15756	0.762674
633	7	5597	5597	0.313557
633	8	422	422	0.0108776
633	9	13686	13686	1.09627
633	10	49235	49235	0.069067
633	11	13	13	1.52588e-05
633	12	50256	50256	1.14441e-05
634	5	34371	34371	0.178189
634	6	16578	16578	0.239922
634	7	283	283	0.33456
634	8	3815	3815	0.150963
634	9	1262	1262	0.253605
634	10	16311	16311	0.566166
634	11	286	286	0.00595474
634	12	530	530	0.870807
634	13	284	284	0.0640621
634	14	1440	1440	0.343716
634	15	9881	9881	0.180161
634	16	13	13	7.62939e-06
634	17	50256	50256	0.000293732
635	5	2458	2458	0.361791
635	6	257	257	0.0308113
635	7	6769	6769	1.26086
635	8	338	338	0.00643158
635	9	6515	6515	1.85891
635	10	8373	8373	0.385788
635	11	618	618	0.226629
635	12	2723	8902	4.76136
635	13	290	290	0.0277252
635	14	22890	22890	2.06787
635	15	1445	1445	0.352509
635	16	3585	3585	0.245958
635	17	284	284	0.0338707
635	18	1123	1123	0.111383
635	19	584	584	0.343985
635	20	13	13	0.00082016
635	21	50256	50256	2.67029e-05
636	5	8372	8372	0.52532
636	6	3354	3354	0.160748
636	7	286	286	0.0305061
636	8	16519	16519	1.02201
636	9	290	290	0.0287762
636	10	17456	17456	1.74177
636	11	13	13	0.00114441
636	12	50256	50256	2.86102e-05
637	5	21767	21767	0.487305
637	6	262	262	0.0131893
637	7	1271	1271	1.83137
637	8	286	286	0.000499725
637	9	1237	1237	1.08946
637	10	684	684	0.475607
637	11	287	287	0.0182724
637	12	663	663	0.149796
637	13	29984	29984	2.05263
637	14	13	13	0.0129223
637	15	50256	50256	7.62939e-06
638	5	5563	5563	0.161865
638	6	832	832	0.0726585
638	7	41630	41630	0.205075
638	8	38445	38445	0.173538
638	9	5107	5107	0.557112
638	10	13	13	0.00212097
638	11	50256	50256	0.000148773
639	5	14921	14921	0.508304
639	6	5563	5563	0.659652
639	7	884	884	0.755203
639	8	355	355	0.122864
639	9	8234	8234	1.47426
639	10	11	11	0.0184422
639	11	12734	12734	0.655257
639	12	11	11	0.0259647
639	13	393	393	0.041769
639	14	14891	14891	0.223522
639	15	13	13	0
639	16	50256	50256	1.14441e-05
640	5	7997	7997	1.54094
640	6	416	416	0.109005
640	7	257	257	0.063364
640	8	10706	10706	0.42869
640	9	286	286	0.00144196
640	10	17848	17848	0.584005
640	11	13	13	3.24249e-05
640	12	50256	50256	0
641	5	281	281	0.103191
641	6	4457	4457	0.587398
641	7	29877	29877	0.268274
641	8	2858	2858	0.171606
641	9	11	11	0.0106392
641	10	407	407	0.0181389
641	11	257	257	0.00221634
641	12	2818	2818	0.287962
641	13	17076	17076	0.153215
641	14	13	13	0.00145912
641	15	50256	50256	0
642	5	3194	3194	1.85867
642	6	355	355	0.0250206
642	7	257	257	0.0196514
642	8	8064	8064	0.849239
642	9	286	286	0.0380459
642	10	734	734	0.420736
642	11	37014	37014	0.40138
642	12	13	13	0
642	13	50256	50256	7.62939e-06
643	5	2107	307	2.69075
643	6	290	290	0.0161514
643	7	1663	1663	0.959776
643	8	329	329	0.430418
643	9	517	517	0.39903
643	10	621	621	0.0774078
643	11	734	734	0.269289
643	12	812	812	0.301054
643	13	13	13	0
643	14	50256	50256	6.10352e-05
644	5	3139	3139	0.512439
644	6	286	286	0.000709534
644	7	16952	16952	0.485409
644	8	287	287	0.00715065
644	9	21199	21199	0.204152
644	10	7229	7229	0.0220203
644	11	13	13	1.90735e-06
644	12	50256	50256	3.8147e-06
645	5	4847	4847	0.727332
645	6	832	832	0.164831
645	7	10288	10288	1.75451
645	8	284	284	0.0491638
645	9	584	584	0.35722
645	10	4847	4695	3.94842
645	11	13	13	9.53674e-06
645	12	50256	50256	0
646	5	10050	10050	0.421895
646	6	2568	2568	0.180416
646	7	284	284	0.259274
646	8	663	663	0.131365
646	9	21334	21334	0.361636
646	10	13	13	0
646	11	50256	50256	0.000263214
647	5	48135	48135	1.14005
647	6	286	286	0.0254593
647	7	262	262	0.0731831
647	8	11188	976	2.55758
647	9	3967	3967	0.373673
647	10	1176	1176	0.88178
647	11	286	286	0.0709629
647	12	257	257	0.0287437
647	13	1729	1729	2.11807
647	14	22570	22570	0.254835
647	15	1271	1271	0.0820093
647	16	13	13	0.00244904
647	17	50256	50256	3.8147e-06
648	5	262	262	0.0486565
648	6	3085	3085	0.287321
648	7	1627	1627	0.196487
648	8	8686	8686	0.101187
648	9	284	284	0.0496006
648	10	262	262	0.00129509
648	11	3465	3465	0.709736
648	12	376	376	0.271542
648	13	13	13	0.000972748
648	14	50256	50256	1.52588e-05
649	5	1499	1499	0.271585
649	6	287	287	0.000804901
649	7	262	262	0.0182228
649	8	7840	13387	2.25631
649	9	18020	18020	0.699037
649	10	13	13	0.0303936
649	11	50256	50256	4.57764e-05
650	5	4469	4469	0.68727
650	6	286	286	0.0981464
650	7	26467	26467	0.784357
650	8	385	385	0.0865555
650	9	1872	1872	0.596808
650	10	338	338	0.00229073
650	11	3878	3878	1.14066
650	12	17084	17084	0.583811
650	13	13	13	3.8147e-06
650	14	50256	50256	0.000297546
651	5	2846	2846	1.97394
651	6	286	286	0.00454712
651	7	1223	1223	0.309654
651	8	2073	2073	0.343235
651	9	1231	1231	0.222321
651	10	10616	10616	0.216579
651	11	257	257	0.00371742
651	12	18875	18875	0.749005
651	13	5369	5369	0.108899
651	14	13	13	1.90735e-06
651	15	50256	50256	1.90735e-06
652	5	77	77	0.0964813
652	6	2340	2340	0.139967
652	7	326	326	0.182362
652	8	3745	3745	1.43499
652	9	319	319	0.0551243
652	10	262	262	0.030756
652	11	2910	4898	2.53195
652	12	286	286	0.00756836
652	13	11453	11453	0.137671
652	14	13	13	3.8147e-06
652	15	50256	50256	2.28882e-05
653	5	1602	1602	1.72475
653	6	14796	14796	0.23641
653	7	22950	22950	1.26789
653	8	423	423	0.198372
653	9	262	262	0.0105286
653	10	976	976	0.649598
653	11	4129	4129	1.97985
653	12	13	13	3.8147e-06
653	13	50256	50256	1.52588e-05
654	5	6268	6268	0.564304
654	6	4073	4073	0.328676
654	7	416	416	0.00690079
654	8	29781	29781	0.676564
654	9	290	290	0.000162125
654	10	584	584	0.309008
654	11	38622	38622	0.15789
654	12	13	13	0.00159645
654	13	50256	50256	1.90735e-06
655	5	635	635	1.01187
655	6	8811	8811	0.424748
655	7	1900	1900	0.723453
655	8	355	355	0.0182896
655	9	5482	5482	0.782951
655	10	3820	3820	0.322862
655	11	10872	10872	0.25782
655	12	16567	16567	0.082468
655	13	13	13	0.00360489
655	14	50256	50256	0
656	5	5405	5405	0.120334
656	6	416	416	0.0312481
656	7	28472	28472	0.867689
656	8	803	803	0.630551
656	9	340	340	0.121202
656	10	351	351	0.116562
656	11	1633	1633	0.74328
656	12	13	13	0
656	13	50256	50256	7.62939e-06
657	5	4756	4756	0.967237
657	6	832	832	0.296387
657	7	543	543	0.58286
657	8	1657	1657	0.859368
657	9	14170	656	3.13455
657	10	262	262	0.101482
657	11	18480	18480	1.77672
657	12	1080	1080	0.067688
657	13	13	13	0
657	14	50256	50256	3.43323e-05
658	5	4855	4855	0.361135
658	6	14510	14510	0.226421
658	7	287	287	0.00131989
658	8	6156	6156	0.635635
658	9	6365	6365	1.02021
658	10	13	13	0.000110626
658	11	50256	50256	2.28882e-05
659	5	423	423	0.222538
659	6	257	257	0.0578156
659	7	2060	2060	0.558278
659	8	269	269	0.148426
659	9	313	313	0.868039
659	10	88	88	0.744889
659	11	992	992	1.61237
659	12	261	261	0.738213
659	13	13	13	0
659	14	50256	50256	4.95911e-05
660	5	2280	2280	0.13899
660	6	393	393	0.052021
660	7	15256	15256	0.163706
660	8	2280	2280	0.162127
660	9	618	618	0.170538
660	10	484	484	0.236972
660	11	21721	21721	0.0834293
660	12	13	13	0
660	13	50256	50256	3.43323e-05
661	5	12	12	0.0548477
661	6	13982	13982	1.08287
661	7	21824	21824	0.488121
661	8	5421	5421	1.32646
661	9	1978	1978	0.344561
661	10	656	656	0.0470657
661	11	3881	3881	0.639139
661	12	13	13	0.0056572
661	13	50256	50256	0
662	5	46716	46716	0.548962
662	6	1805	1805	0.812279
662	7	262	262	0.0146599
662	8	517	517	1.56993
662	9	19217	19217	0.510303
662	10	12098	12098	0.158783
662	11	11061	11061	0.125946
662	12	606	606	0.209985
662	13	13	13	0
662	14	50256	50256	0.000171661
663	5	37475	37475	0.334937
663	6	11	11	0.0666275
663	7	284	284	0.0863533
663	8	5643	5643	0.705189
663	9	11	11	0.0304165
663	10	3664	680	2.78276
663	11	321	321	0.987602
663	12	45070	45070	0.650455
663	13	11	11	0.0202847
663	14	290	290	0.0177078
663	15	23849	23849	1.04972
663	16	2339	2339	0.227716
663	17	1275	1275	0.202143
663	18	721	721	0.132139
663	19	346	346	0.259001
663	20	1547	1547	0.0335979
663	21	13	13	0
663	22	50256	50256	1.90735e-06
664	5	3624	3624	0.911313
664	6	5101	5101	0.836307
664	7	284	284	0.136173
664	8	7301	7301	1.16092
664	9	290	290	0.000480652
664	10	5412	5412	1.81988
664	11	5563	5563	0.235579
664	12	13	13	0
664	13	50256	50256	0
665	5	262	262	0.0224495
665	6	10596	10596	1.19048
665	7	10692	10692	0.193387
665	8	832	832	0.0678616
665	9	262	262	0.0068512
665	10	41407	41407	1.65768
665	11	286	286	0.0806885
665	12	47403	47403	0.159688
665	13	13	13	6.48499e-05
665	14	50256	50256	2.67029e-05
666	5	42096	42096	0.939337
666	6	379	379	0.183081
666	7	262	262	0.00053215
666	8	18955	18955	1.74243
666	9	393	393	0.184929
666	10	22088	22088	1.05413
666	11	291	291	0.233223
666	12	1241	1241	0.199658
666	13	13	13	0.0347404
666	14	50256	50256	3.24249e-05
667	5	5563	5563	0.0700951
667	6	416	416	0.0390282
667	7	13157	13157	0.386795
667	8	517	517	0.304277
667	9	1657	1657	0.619556
667	10	621	621	0.263428
667	11	262	262	0.00152397
667	12	555	555	0.872046
667	13	64	64	0.163431
667	14	1384	1384	0.471827
667	15	4151	4151	0.472111
667	16	13	13	0.00818825
667	17	50256	50256	4.19617e-05
668	5	284	284	0.0280857
668	6	8181	8181	0.632608
668	7	422	422	0.0787411
668	8	5509	5509	0.93295
668	9	13737	13737	0.218605
668	10	13	13	0
668	11	50256	50256	3.05176e-05
669	5	2753	2753	0.116465
669	6	1295	1295	0.141901
669	7	8384	8384	0.231489
669	8	319	319	0.105156
669	9	281	281	0.0473919
669	10	7022	7022	0.228525
669	11	13	13	0.00531769
669	12	50256	50256	1.90735e-06
670	5	16524	16524	1.02329
670	6	13510	13510	0.419189
670	7	9210	9210	0.537636
670	8	326	326	0.149113
670	9	389	389	0.662507
670	10	7425	7425	0.350225
670	11	351	351	0.0256138
670	12	6428	6428	0.243258
670	13	5289	5289	0.146101
670	14	13	13	0.00817108
670	15	50256	50256	1.90735e-06
671	5	7596	7596	0.128521
671	6	4791	4791	0.0880241
671	7	591	591	0.161976
671	8	7346	7346	0.145159
671	9	257	257	0.00421906
671	10	1327	1327	0.38167
671	11	8434	8434	0.156111
671	12	7582	7582	0.213022
671	13	13	13	0.000144958
671	14	50256	50256	4.57764e-05
672	5	2291	2291	0.0710659
672	6	24789	24789	0.309807
672	7	47523	47523	0.180649
672	8	290	290	0.00868797
672	9	14186	14186	0.306396
672	10	6147	6147	0.289356
672	11	12835	12835	0.486444
672	12	13	13	0
672	13	50256	50256	7.24792e-05
673	5	878	878	0.14204
673	6	14342	14342	0.301695
673	7	1973	1973	0.0769081
673	8	2031	2031	0.0350838
673	9	13	13	0.00506783
673	10	50256	50256	0.00937462
674	5	1104	1104	1.05804
674	6	966	966	0.309727
674	7	1444	1444	0.239168
674	8	257	257	0.0214844
674	9	46246	46246	1.5741
674	10	6098	6098	0.302349
674	11	388	388	0.219025
674	12	13	13	0.00527
674	13	50256	50256	5.72205e-05
675	5	656	656	0.0454407
675	6	262	262	0.000802994
675	7	1956	1956	1.15095
675	8	24162	24162	0.148809
675	9	327	327	0.0906143
675	10	5126	5126	0.360523
675	11	666	666	0.214495
675	12	6896	6896	0.0693493
675	13	13	13	0.0235615
675	14	50256	50256	3.8147e-06
676	5	5399	5399	2.07829
676	6	15921	15921	0.167353
676	7	286	286	0.000947952
676	8	867	867	0.480792
676	9	12734	12734	1.28072
676	10	13	13	0.000192642
676	11	50256	50256	0.000835419
677	5	2568	2568	0.217741
677	6	656	656	0.181538
677	7	12370	12370	1.18794
677	8	6268	6268	0.431483
677	9	13	13	0.0383701
677	10	50256	50256	3.8147e-06
678	5	389	389	0.284664
678	6	1043	1043	0.389857
678	7	355	355	0.378212
678	8	880	880	0.913772
678	9	355	355	0.118668
678	10	644	644	0.970635
678	11	484	484	0.195827
678	12	389	389	0.0653133
678	13	13	13	0.0136147
678	14	50256	50256	1.14441e-05
679	5	287	287	0.0408382
679	6	262	262	0.0227184
679	7	4037	4037	0.871053
679	8	4482	4482	0.210459
679	9	286	286	0.0167675
679	10	27719	27719	0.228521
679	11	13	13	0.00203514
679	12	50256	50256	2.67029e-05
680	5	3139	3139	1.16096
680	6	286	286	0.00134468
680	7	21291	21291	1.4217
680	8	11	11	0.01511
680	9	1029	1029	0.792089
680	10	287	287	0.0415306
680	11	262	262	0.00861931
680	12	843	843	0.440549
680	13	274	274	0.509764
680	14	13	13	3.8147e-06
680	15	50256	50256	3.8147e-06
681	5	3139	3139	0.194099
681	6	11	11	0.0346336
681	7	290	290	0.00453377
681	8	262	262	0.0702839
681	9	569	569	2.44494
681	10	396	396	0.587145
681	11	4712	4712	0.310869
681	12	15623	15623	0.521838
681	13	832	832	0.070612
681	14	340	340	0.0997143
681	15	13	13	0.000102997
681	16	50256	50256	0
682	5	13	13	3.05176e-05
682	6	50256	50256	3.05176e-05
683	5	7306	7306	0.619872
683	6	10349	10349	1.16641
683	7	2648	2648	0.314718
683	8	262	262	0.02141
683	9	976	976	1.49134
683	10	15004	15004	0.953713
683	11	3580	3580	0.318756
683	12	13	13	0
683	13	50256	50256	7.62939e-06
684	5	1103	1103	0.404566
684	6	3146	3146	0.732641
684	7	318	318	0.353981
684	8	3967	3967	1.11267
684	9	13	13	0.0480537
684	10	50256	50256	1.52588e-05
685	5	1296	1296	0.960872
685	6	618	618	0.540146
685	7	44030	44030	1.34835
685	8	2587	2587	1.48831
685	9	3608	3608	1.43043
685	10	82	82	0.453912
685	11	290	290	0.12504
685	12	4735	4735	1.58477
685	13	6945	6945	0.210361
685	14	13	13	0.00264359
685	15	50256	50256	3.8147e-06
686	5	5894	4695	3.92742
686	6	4771	4771	0.657028
686	7	2458	2458	0.194429
686	8	3264	3264	1.81488
686	9	422	422	0.0984001
686	10	4735	530	2.32986
686	11	284	284	0.0838299
686	12	3623	530	3.42802
686	13	13	13	0.00204277
686	14	50256	50256	3.8147e-06
687	5	5002	3594	3.47324
687	6	423	423	0.547113
687	7	4961	4961	1.31133
687	8	386	386	0.327257
687	9	1122	1122	0.319298
687	10	9853	9853	0.581115
687	11	475	475	0.172964
687	12	1180	1180	0.554508
687	13	49810	49810	0.773329
687	14	9853	9853	1.22784
687	15	13	13	0.00322151
687	16	50256	50256	9.53674e-06
688	5	42407	42407	0.226528
688	6	469	469	0.341436
688	7	318	318	0.0105896
688	8	262	262	0.00345802
688	9	4318	3825	1.93458
688	10	2095	2095	0.604412
688	11	287	287	0.063776
688	12	317	317	0.960941
688	13	6786	6786	0.14995
688	14	5074	5074	0.130285
688	15	13	13	4.76837e-05
688	16	50256	50256	8.39233e-05
689	5	925	925	0.124609
689	6	7525	7525	0.240334
689	7	286	286	0.0507336
689	8	6383	6383	0.714176
689	9	50006	50006	0.605173
689	10	2138	2138	0.061327
689	11	621	621	0.0460911
689	12	9970	9970	0.173662
689	13	13	13	0.00252724
689	14	50256	50256	0.000106812
690	5	26600	26600	0.511334
690	6	663	663	0.103746
690	7	16704	16704	0.637035
690	8	11348	11348	0.392872
690	9	1108	1108	0.0867138
690	10	13	13	0
690	11	50256	50256	0
691	5	1748	1748	0.114239
691	6	286	286	0.00240326
691	7	8602	8602	1.12067
691	8	11	11	0.0469551
691	9	319	319	0.574898
691	10	262	262	0.0367088
691	11	314	314	2.97584
691	12	527	527	0.913036
691	13	666	666	0.73831
691	14	24078	24078	0.691026
691	15	13	13	0
691	16	50256	50256	3.8147e-06
692	5	319	319	0.261732
692	6	49812	20901	3.32829
692	7	2340	2340	0.333399
692	8	290	290	0.162798
692	9	584	584	0.729289
692	10	1402	1402	0.586418
692	11	19435	19435	0.907375
692	12	13	13	7.62939e-06
692	13	50256	50256	3.8147e-06
693	5	1022	1022	0.0302906
693	6	7686	7686	0.261916
693	7	13	13	0.00460243
693	8	50256	50256	9.72748e-05
694	5	11	11	0.000585556
694	6	318	318	0.00905418
694	7	262	262	0.0386868
694	8	2260	2260	1.06822
694	9	3139	3139	0.407133
694	10	286	286	0.00178719
694	11	4505	4505	1.05997
694	12	13	13	0.023922
694	13	50256	50256	0
695	5	2024	2024	0.270649
695	6	460	460	0.0322819
695	7	307	307	0.30953
695	8	2087	2087	0.195604
695	9	416	416	0.0188885
695	10	4375	4375	0.607974
695	11	511	511	0.0399647
695	12	5470	5470	1.2064
695	13	2024	2024	0.212029
695	14	13	13	0.00162506
695	15	50256	50256	0.000480652
696	5	262	262	0.0489922
696	6	25861	25861	1.05465
696	7	2779	2779	0.492825
696	8	4326	4326	0.587742
696	9	329	329	0.0291805
696	10	21969	21969	0.410812
696	11	34743	34743	0.133766
696	12	5951	5951	0.136848
696	13	13	13	0
696	14	50256	50256	3.8147e-06
697	5	14729	14729	1.04458
697	6	286	286	0.0267086
697	7	7405	7405	1.07605
697	8	13	13	0.000961304
697	9	50256	50256	9.53674e-06
698	5	262	262	0.0496197
698	6	2685	3825	4.81711
698	7	8573	8573	0.333997
698	8	810	810	0.595107
698	9	5205	5205	0.900533
698	10	44411	44411	0.638639
698	11	8833	8833	0.774153
698	12	287	287	0.471006
698	13	4077	4077	0.587719
698	14	6134	6134	0.361087
698	15	13	13	0
698	16	50256	50256	0
699	5	8850	257	2.11005
699	6	1633	1660	2.61585
699	7	10874	10874	0.792541
699	8	8384	8384	0.256191
699	9	286	286	0.0674992
699	10	17745	17745	0.27454
699	11	7268	7268	0.296259
699	12	734	734	0.652632
699	13	11863	11863	0.419595
699	14	23235	23235	0.565497
699	15	13	13	0.00834656
699	16	50256	50256	0.000404358
700	5	416	416	0.0256023
700	6	1633	1633	0.969687
700	7	11581	11581	1.37432
700	8	8902	8902	1.15083
700	9	706	706	0.311314
700	10	14357	14357	0.206512
700	11	37876	37876	0.201138
700	12	340	340	0.0944939
700	13	13	13	0
700	14	50256	50256	1.52588e-05
701	5	13522	6268	2.99617
701	6	11	11	0.000802994
701	7	257	257	0.144274
701	8	2829	3288	2.10762
701	9	44017	44017	0.751568
701	10	14452	14452	0.818579
701	11	26728	26728	1.29634
701	12	517	517	0.17907
701	13	6364	6364	0.592282
701	14	618	618	0.213903
701	15	663	663	0.224201
701	16	4129	5253	4.20883
701	17	318	318	0.126019
701	18	3220	3220	0.192047
701	19	13	13	9.91821e-05
701	20	50256	50256	3.43323e-05
702	5	1785	1785	0.832502
702	6	17810	17810	0.679893
702	7	11	11	0.0328655
702	8	1657	1657	0.432134
702	9	2314	3025	1.65172
702	10	6654	6654	0.427181
702	11	284	284	0.00714874
702	12	12899	12899	0.331449
702	13	17984	17984	0.152611
702	14	13	13	0.00188255
702	15	50256	50256	1.52588e-05
703	5	287	287	0.00219727
703	6	262	262	3.8147e-05
703	7	614	614	0.248882
703	8	1478	1478	0.150143
703	9	4310	4310	0.0876312
703	10	13	13	0
703	11	50256	50256	0
704	5	281	281	0.0918827
704	6	12278	12278	0.767049
704	7	6737	6737	0.543324
704	8	13	13	0.0103645
704	9	50256	50256	0
705	5	5166	5166	1.22223
705	6	286	286	0.0122585
705	7	302	28722	3.38116
705	8	5379	5379	0.545725
705	9	326	326	0.145077
705	10	12611	12611	0.379858
705	11	378	378	0.19622
705	12	1028	1028	1.25277
705	13	1123	1123	0.0857964
705	14	584	584	0.228966
705	15	13	13	1.52588e-05
705	16	50256	50256	0
706	5	284	284	0.0484409
706	6	1037	1037	0.356322
706	7	17276	17276	0.247838
706	8	8574	8574	0.466193
706	9	12784	12784	0.114159
706	10	13	13	0.000133514
706	11	50256	50256	0.000118256
707	5	1205	1205	0.0714397
707	6	1231	1231	0.0912457
707	7	15345	15345	0.109449
707	8	11904	11904	0.212661
707	9	13	13	0
707	10	50256	50256	0.00104141
708	5	262	262	0.000101089
708	6	44345	44345	2.1112
708	7	8813	8813	0.760628
708	8	268	268	0.994582
708	9	1904	1904	2.08701
708	10	21767	21767	0.137495
708	11	262	262	0.0777016
708	12	2160	3139	3.83063
708	13	286	286	8.01086e-05
708	14	262	262	0.00547028
708	15	24438	3825	2.30348
708	16	286	286	0.138519
708	17	262	262	0.00366974
708	18	584	584	0.362103
708	19	734	734	0.261908
708	20	5389	5389	0.488698
708	21	13	13	7.62939e-06
708	22	50256	50256	0
709	5	32202	32202	0.760553
709	6	1276	1276	0.549252
709	7	14999	14999	0.280399
709	8	663	663	0.0762711
709	9	20831	308	2.42565
709	10	409	409	0.868501
709	11	418	418	0.504055
709	12	38800	38800	0.0918007
709	13	13	13	0
709	14	50256	50256	7.62939e-06
710	5	4279	3139	4.69173
710	6	393	393	0.113825
710	7	2393	3139	3.29313
710	8	287	287	0.0380459
710	9	19780	19780	1.48809
710	10	13	13	0.00227165
710	11	50256	50256	0
711	5	1245	1245	0.46368
711	6	286	286	0.00746155
711	7	257	257	0.0290451
711	8	2700	1660	1.47033
711	9	546	546	0.264452
711	10	281	281	0.07934
711	11	16488	16488	2.5942
711	12	13	13	6.10352e-05
711	13	50256	50256	0
712	5	1588	1588	0.38857
712	6	9824	9824	1.99317
712	7	319	319	0.0392799
712	8	262	262	0.208246
712	9	10326	3825	4.30563
712	10	4417	4417	0.443021
712	11	287	287	0.065136
712	12	25768	5822	2.23487
712	13	13	13	8.01086e-05
712	14	50256	50256	3.43323e-05
713	5	6869	4025	3.32636
713	6	338	338	0.084631
713	7	4252	338	0.952624
713	8	18250	18250	0.328686
713	9	33169	33169	0.555784
713	10	6698	6698	1.3076
713	11	4632	729	3.12764
713	12	1497	1497	0.310266
713	13	422	422	0.0366707
713	14	3668	3668	0.456617
713	15	13	13	0.0545273
713	16	50256	50256	7.62939e-06
714	5	779	779	1.0782
714	6	16396	16396	0.200508
714	7	5405	5405	0.263779
714	8	284	284	0.0525112
714	9	1296	1296	0.430605
714	10	9824	9824	1.82051
714	11	393	393	0.0700798
714	12	5986	5986	0.399121
714	13	13	13	0
714	14	50256	50256	1.90735e-05
715	5	2458	2458	0.197736
715	6	262	262	0.00448799
715	7	4129	4129	1.66817
715	8	286	286	0.0121193
715	9	262	262	0.18639
715	10	8875	300	3.28299
715	11	338	338	0.0793819
715	12	1633	1633	1.2532
715	13	3108	3108	0.534914
715	14	13	13	0.000741959
715	15	50256	50256	0.000713348
716	5	287	287	0.0142879
716	6	13066	1728	4.67449
716	7	1088	1088	0.260647
716	8	262	262	0.0694466
716	9	3825	6869	2.64713
716	10	13	13	0.0470886
716	11	50256	50256	7.24792e-05
717	5	47786	47786	0.482588
717	6	262	262	0.00378609
717	7	3356	11904	2.71038
717	8	286	286	0.0817451
717	9	5186	5186	0.786885
717	10	3877	3877	0.190186
717	11	832	832	0.0110493
717	12	663	663	0.129362
717	13	11963	11904	3.56841
717	14	13	13	0.0216236
717	15	50256	50256	0.000125885
718	5	4483	4483	0.693506
718	6	2057	2057	0.309137
718	7	422	422	0.0654449
718	8	1111	1111	0.573503
718	9	6134	5667	1.81944
718	10	290	290	0.00951004
718	11	4695	4695	0.645925
718	12	13	13	0
718	13	50256	50256	0.00381851
719	5	6268	6268	0.184916
719	6	832	832	0.0794964
719	7	18842	18842	0.814784
719	8	722	722	0.19532
719	9	9941	9941	0.189548
719	10	13	13	0
719	11	50256	50256	7.62939e-06
720	5	3668	3668	0.22717
720	6	338	338	0.0770626
720	7	4417	4417	0.340535
720	8	318	318	0.0165482
720	9	1444	1444	0.167141
720	10	2153	2153	0.988794
720	11	2611	2611	0.223942
720	12	13	13	0
720	13	50256	50256	3.8147e-06
721	5	262	262	0.0903053
721	6	976	976	1.45794
721	7	1688	1688	0.512869
721	8	5044	5044	0.982825
721	9	1448	1448	0.263186
721	10	355	355	0.089817
721	11	5417	5417	1.37941
721	12	281	281	0.0901756
721	13	368	368	0.436052
721	14	1952	1952	0.356449
721	15	13	13	0.0123711
721	16	50256	50256	2.28882e-05
722	5	656	656	0.136747
722	6	12278	12278	0.284084
722	7	2568	2568	0.138197
722	8	13	13	0.00959969
722	9	50256	50256	0
723	5	2219	2219	2.25103
723	6	1438	1438	1.44073
723	7	329	329	0.277933
723	8	21072	21072	0.625219
723	9	275	275	0.735107
723	10	291	291	0.330647
723	11	42084	42084	0.964821
723	12	378	378	0.307876
723	13	13	13	5.53131e-05
723	14	50256	50256	2.67029e-05
724	5	9377	3139	2.50037
724	6	1271	1271	0.20152
724	7	13	13	0.00954628
724	8	50256	50256	0.012682
725	5	19780	19780	0.848103
725	6	983	983	0.506616
725	7	351	351	0.119585
725	8	27913	27913	1.06719
725	9	5207	5207	0.308099
725	10	13	13	0
725	11	50256	50256	0
726	5	286	286	0.00438309
726	6	16490	16490	0.22716
726	7	287	287	0.0243168
726	8	22197	22197	0.57662
726	9	338	338	0.0221348
726	10	13574	13574	0.608817
726	11	13	13	0.00312233
726	12	50256	50256	1.52588e-05
727	5	878	878	0.0377903
727	6	340	340	0.331177
727	7	5667	5667	0.322307
727	8	262	262	0.00355721
727	9	1767	1767	0.629696
727	10	13	13	0
727	11	50256	50256	0
728	5	36324	36324	0.537367
728	6	389	389	0.114191
728	7	925	925	0.356755
728	8	422	422	0.259199
728	9	35988	35988	0.409513
728	10	2266	2266	0.69738
728	11	32085	5002	2.4737
728	12	39642	39642	0.18714
728	13	13	13	0.000118256
728	14	50256	50256	3.43323e-05
729	5	1862	1862	0.51855
729	6	20611	20611	0.46624
729	7	34262	34262	0.552777
729	8	878	878	0.298292
729	9	484	484	0.468384
729	10	3938	3938	0.720728
729	11	4292	4292	0.630136
729	12	13	13	0
729	13	50256	50256	3.62396e-05
730	5	10874	10874	0.752579
730	6	286	286	0.00882339
730	7	867	867	0.226737
730	8	5100	5100	0.33618
730	9	17894	17894	0.09375
730	10	13	13	0.00031662
730	11	50256	50256	0.000110626
731	5	1690	1690	0.321241
731	6	18782	18782	0.364993
731	7	5609	5609	0.182363
731	8	1657	1657	0.205395
731	9	290	290	0.040226
731	10	10908	10908	0.890297
731	11	8188	8188	0.0283794
731	12	13	13	0
731	13	50256	50256	7.62939e-06
732	5	663	663	0.0521698
732	6	1957	2962	2.75617
732	7	636	636	0.45045
732	8	290	290	0.0334301
732	9	7386	3991	3.52317
732	10	351	351	0.137968
732	11	281	281	0.0190315
732	12	379	281	10.2705
732	13	1051	6296	2.08092
732	14	13	13	3.8147e-06
732	15	50256	50256	0.00031662
733	5	284	284	0.0685482
733	6	5951	5951	0.73259
733	7	284	284	0.283072
733	8	1037	1037	1.03678
733	9	16697	16697	0.845745
733	10	16930	16930	0.542467
733	11	393	393	0.105476
733	12	15134	15134	0.41751
733	13	13	13	1.90735e-06
733	14	50256	50256	0.000293732
734	5	878	878	0.476554
734	6	8978	8978	0.0567417
734	7	262	262	0.000770569
734	8	19517	19517	1.11545
734	9	6896	6896	0.263275
734	10	13	13	0.0728931
734	11	50256	50256	0.000385284
735	5	5400	5400	1.10172
735	6	287	287	0.0237522
735	7	11711	6697	2.83391
735	8	3833	3833	1.28204
735	9	1088	1088	0.137505
735	10	281	281	0.163593
735	11	37970	37970	0.831083
735	12	2134	2134	0.267639
735	13	13	13	0.0331936
735	14	50256	50256	4.95911e-05
736	5	5253	5253	1.17854
736	6	2138	2138	0.0676718
736	7	621	621	0.108618
736	8	257	257	0.00468063
736	9	9478	15061	1.99921
736	10	286	286	7.05719e-05
736	11	640	640	0.595007
736	12	13	13	0.00342369
736	13	50256	50256	7.24792e-05
737	5	4695	1660	1.70015
737	6	11	11	0.000745773
737	7	772	772	1.30802
737	8	996	996	0.657866
737	9	867	867	0.0989342
737	10	22464	5667	2.82616
737	11	7009	7009	0.551293
737	12	12734	12734	1.76858
737	13	13	13	0.00482368
737	14	50256	50256	0.000782013
738	5	257	257	0.00387383
738	6	3992	3992	0.0433693
738	7	2443	2443	0.388838
738	8	815	815	0.358675
738	9	307	307	0.172889
738	10	5545	5545	0.215899
738	11	13	13	0.000581741
738	12	50256	50256	1.52588e-05
739	5	13066	13066	0.538066
739	6	23537	23537	0.330633
739	7	422	422	0.163069
739	8	262	262	0.000545502
739	9	3825	3825	1.28736
739	10	13	13	0
739	11	50256	50256	1.14441e-05
740	5	76	76	0.172686
740	6	8592	8592	0.473053
740	7	11	11	0.017952
740	8	340	340	0.779635
740	9	5419	5419	0.178488
740	10	3197	3197	0.733348
740	11	1633	1633	0.308404
740	12	656	656	0.0456676
740	13	262	262	0.0266914
740	14	21726	6869	3.16684
740	15	13	13	0
740	16	50256	50256	2.28882e-05
741	5	431	431	0.222997
741	6	260	260	0.379574
741	7	355	355	0.0132713
741	8	663	663	0.201948
741	9	25861	6971	4.40525
741	10	2779	2779	0.3362
741	11	4326	4326	0.731519
741	12	13	13	0.00494385
741	13	50256	50256	3.8147e-06
742	5	318	318	0.0604973
742	6	257	257	0.0134373
742	7	20838	20838	0.636434
742	8	12505	12505	0.928864
742	9	3716	3716	0.219289
742	10	319	319	0.00837517
742	11	262	262	0.00122261
742	12	28259	28259	1.10097
742	13	7022	7022	0.211387
742	14	286	286	8.58307e-05
742	15	7349	7349	0.599014
742	16	13	13	0.00962639
742	17	50256	50256	7.62939e-06
743	5	17777	17777	0.0720577
743	6	274	274	0.170105
743	7	1138	1138	0.616363
743	8	37670	37670	0.183468
743	9	1042	1042	0.135603
743	10	13	13	0.00201416
743	11	50256	50256	1.90735e-06
744	5	3218	3218	2.11441
744	6	37783	37783	0.836487
744	7	326	326	0.023737
744	8	17245	17245	0.945905
744	9	779	779	1.29755
744	10	284	284	0.00797844
744	11	3357	3357	0.422399
744	12	10576	10576	0.0946026
744	13	13	13	1.90735e-06
744	14	50256	50256	0
745	5	618	618	0.131826
745	6	4683	4683	1.19465
745	7	12586	12586	0.217572
745	8	1487	1037	1.83943
745	9	739	739	0.225323
745	10	4894	15432	1.98464
745	11	290	290	0.000713348
745	12	3833	3833	1.7507
745	13	1231	1231	0.187878
745	14	3190	3190	0.632533
745	15	24203	24203	0.13525
745	16	13	13	1.90735e-06
745	17	50256	50256	1.14441e-05
746	5	572	572	0.517918
746	6	5478	5478	0.21197
746	7	338	338	0.0133877
746	8	35618	35618	1.06543
746	9	7051	7051	0.216281
746	10	13	13	0.00878143
746	11	50256	50256	3.8147e-06
747	5	8506	8506	0.130938
747	6	12201	12201	0.191166
747	7	636	636	0.251673
747	8	286	286	0.00159454
747	9	281	281	0.0117397
747	10	317	11557	2.17426
747	11	11693	11693	0.0838299
747	12	8952	8952	0.087141
747	13	312	312	0.11554
747	14	22035	22035	0.338425
747	15	39490	39490	0.410988
747	16	3641	3641	0.246656
747	17	13	13	0.0180187
747	18	50256	50256	0
748	5	645	645	0.222991
748	6	24012	24012	1.12143
748	7	6143	6143	0.414015
748	8	458	458	0.175026
748	9	34387	34387	0.0853806
748	10	13	13	0.00244713
748	11	50256	50256	2.67029e-05
749	5	7667	7667	0.265145
749	6	8701	8701	1.56034
749	7	4447	4447	1.25031
749	8	1043	1043	0.464066
749	9	8384	8384	0.875271
749	10	287	287	0.0310745
749	11	16519	16519	0.955101
749	12	290	290	0.0415535
749	13	36421	36421	0.799965
749	14	13	13	0
749	15	50256	50256	0
750	5	3473	3473	1.90816
750	6	286	286	0.265482
750	7	517	517	1.39506
750	8	621	621	0.186661
750	9	530	530	0.625309
750	10	34371	34371	0.347948
750	11	2438	2438	1.12998
750	12	966	966	0.233461
750	13	13	13	3.24249e-05
750	14	50256	50256	0.000164032
751	5	5640	5640	0.0893002
751	6	257	257	0.00449371
751	7	15554	15554	0.464367
751	8	9030	9030	0.162008
751	9	284	284	0.0159664
751	10	5587	5587	0.442851
751	11	13042	13042	0.605534
751	12	13	13	0
751	13	50256	50256	3.8147e-06
752	5	286	286	0.0109024
752	6	26742	6156	3.16807
752	7	1626	1626	0.127375
752	8	257	257	0.216019
752	9	3704	3704	1.49049
752	10	286	286	0.00720978
752	11	4898	4898	0.974458
752	12	13	13	0.006073
752	13	50256	50256	0
753	5	24603	24603	1.93199
753	6	5440	5440	0.747702
753	7	5140	5140	0.285272
753	8	287	287	0.139147
753	9	262	262	0.0145836
753	10	1388	1388	0.990818
753	11	27460	27460	1.10769
753	12	10999	10999	0.372023
753	13	13	13	0
753	14	50256	50256	0.000347137
754	5	1657	1657	0.274639
754	6	656	656	0.065321
754	7	7577	7577	0.321107
754	8	780	780	0.275714
754	9	1180	1180	0.379836
754	10	45656	45656	1.35297
754	11	1006	1006	0.523427
754	12	974	974	0.695135
754	13	416	416	0.0509319
754	14	1180	1180	0.401888
754	15	6867	6867	0.408008
754	16	13	13	0.00731277
754	17	50256	50256	1.90735e-05
755	5	2785	2785	0.062748
755	6	2568	2568	0.029501
755	7	13	13	1.90735e-06
755	8	50256	50256	8.01086e-05
756	5	14568	14568	0.698301
756	6	351	351	0.0665531
756	7	1180	1180	0.13629
756	8	5951	510	4.70964
756	9	393	393	0.00615692
756	10	20160	20160	0.690299
756	11	9695	9695	0.0663567
756	12	13	13	0.000270844
756	13	50256	50256	0
757	5	262	262	0.0272942
757	6	31877	31877	1.5734
757	7	23648	23648	0.635872
757	8	559	559	0.261187
757	9	422	422	0.147264
757	10	262	262	0.00623131
757	11	3942	3942	2.4201
757	12	850	850	0.332413
757	13	3642	3642	0.32249
757	14	7233	7233	0.142689
757	15	13	13	0
757	16	50256	50256	0
758	5	7408	7408	1.36184
758	6	290	290	0.0539703
758	7	34616	34616	0.858211
758	8	29120	29120	0.174519
758	9	13	13	0.00125313
758	10	50256	50256	0
759	5	389	389	0.0586624
759	6	14921	14921	0.393781
759	7	656	656	0.1196
759	8	20144	20144	0.441218
759	9	290	290	0.0165615
759	10	13439	13439	0.402874
759	11	13	13	0
759	12	50256	50256	0.000135422
760	5	318	318	0.0587292
760	6	262	262	0.00434303
760	7	3139	3139	0.610576
760	8	286	286	0.00833702
760	9	17333	17333	1.27295
760	10	11	11	0.0052948
760	11	281	281	0.0682793
760	12	7022	7022	0.571337
760	13	1499	1499	0.664165
760	14	13	13	0.00899315
760	15	50256	50256	3.8147e-06
761	5	17008	17008	0.395366
761	6	8811	8811	0.535436
761	7	925	925	0.575527
761	8	1262	1262	0.399874
761	9	17797	17797	0.416827
761	10	44749	44749	0.616387
761	11	13	13	0.00224113
761	12	50256	50256	1.14441e-05
762	5	1962	1962	0.371101
762	6	1142	1142	0.300623
762	7	3970	3970	0.213251
762	8	287	287	0.0416222
762	9	2882	1944	2.81656
762	10	284	284	0.181343
762	11	262	262	0.00230408
762	12	13471	13471	2.20364
762	13	286	286	0.0211563
762	14	257	257	0.0258274
762	15	7897	7897	1.80256
762	16	3240	3240	0.202675
762	17	13	13	0.000102997
762	18	50256	50256	9.91821e-05
763	5	26371	26371	0.47751
763	6	2100	2100	0.165976
763	7	3800	3800	0.0747509
763	8	286	286	0.00115776
763	9	257	257	0.0165977
763	10	35113	35113	0.397899
763	11	393	393	0.0153027
763	12	44400	44400	0.10837
763	13	13	13	0.00395584
763	14	50256	50256	4.95911e-05
764	5	1978	1978	0.196634
764	6	287	287	0.00160027
764	7	257	257	0.198732
764	8	2266	2266	0.987855
764	9	1140	6317	2.18773
764	10	6317	6317	0.414671
764	11	13	13	0
764	12	50256	50256	7.62939e-06
765	5	511	511	0.270172
765	6	5667	5667	0.575052
765	7	1141	355	1.51046
765	8	257	257	0.132532
765	9	3218	2656	2.05276
765	10	21819	21819	0.648984
765	11	6772	6772	0.127731
765	12	13	13	0.00496292
765	13	50256	50256	1.14441e-05
766	5	23638	23638	0.120414
766	6	373	373	0.15925
766	7	3170	3170	0.208997
766	8	329	329	0.120342
766	9	262	262	0.00444794
766	10	872	872	0.317623
766	11	33766	33766	0.263342
766	12	5311	5311	0.130732
766	13	3046	3046	0.162724
766	14	84	84	0.127899
766	15	13	13	0.000511169
766	16	50256	50256	3.8147e-05
767	5	8833	8833	0.618289
767	6	287	287	0.0197372
767	7	262	262	0.00566101
767	8	1402	1402	0.342133
767	9	45426	45426	0.20254
767	10	13	13	0
767	11	50256	50256	3.8147e-06
768	5	281	281	0.117947
768	6	21670	21670	2.22004
768	7	28287	28287	0.269663
768	8	389	389	0.0359535
768	9	9518	9518	0.213967
768	10	5667	5667	0.154442
768	11	13	13	0
768	12	50256	50256	1.90735e-05
769	5	8573	8573	0.407295
769	6	286	286	0.00804329
769	7	48573	48573	0.385383
769	8	6134	6134	0.370003
769	9	13	13	0.00111198
769	10	50256	50256	3.8147e-06
770	5	16613	16613	0.787668
770	6	1626	1626	0.176864
770	7	262	262	0.0297775
770	8	1692	1692	2.05931
770	9	7721	7721	0.190151
770	10	13	13	0.00159645
770	11	50256	50256	1.90735e-06
771	5	24927	24927	0.284773
771	6	399	399	0.232752
771	7	2306	2306	0.23896
771	8	35815	35815	0.27035
771	9	287	287	0.00492477
771	10	22381	22381	0.338081
771	11	39255	39255	0.0860291
771	12	1004	1004	0.383446
771	13	6120	6120	0.141127
771	14	4698	4698	0.0732498
771	15	262	262	0.0157509
771	16	32306	32306	0.211376
771	17	13	13	7.62939e-06
771	18	50256	50256	3.8147e-06
772	5	1657	1180	3.6812
772	6	26842	26842	0.674996
772	7	618	618	0.111609
772	8	340	340	0.613252
772	9	14170	14170	0.760014
772	10	257	257	0.166239
772	11	1180	1180	1.51978
772	12	13245	12278	2.03271
772	13	2587	2587	0.186428
772	14	379	379	0.0772705
772	15	281	281	0.0442486
772	16	9848	6156	2.29393
772	17	13	13	0.00413322
772	18	50256	50256	0.00252533
773	5	351	351	0.251783
773	6	663	663	0.148563
773	7	16488	16488	0.673796
773	8	37229	37229	0.534133
773	9	2048	2048	0.457434
773	10	656	656	0.053627
773	11	262	262	0.000267029
773	12	6614	3825	2.03555
773	13	286	286	0.0946274
773	14	663	663	0.138844
773	15	13066	3833	1.46189
773	16	13	13	0.000921249
773	17	50256	50256	7.62939e-06
774	5	286	286	0.0477104
774	6	14159	14159	0.540662
774	7	287	287	0.0847454
774	8	262	262	0.0234108
774	9	18020	18020	1.57127
774	10	6896	6896	0.185163
774	11	13	13	0.000392914
774	12	50256	50256	1.14441e-05
775	5	3210	3210	0.629196
775	6	4141	4141	0.797082
775	7	12	12	0.130611
775	8	2385	2385	0.192169
775	9	863	863	0.0760651
775	10	6203	6203	0.292143
775	11	468	468	0.184574
775	12	15334	15334	0.476226
775	13	12	12	0.0547905
775	14	11545	11545	0.548244
775	15	4116	4116	0.124538
775	16	13	13	0.00229263
775	17	50256	50256	0
776	5	318	318	0.0290012
776	6	262	262	0.0563145
776	7	640	6000	7.93773
776	8	2672	2672	0.302914
776	9	329	329	0.0950527
776	10	2063	2063	1.32983
776	11	286	286	0.00199699
776	12	257	257	0.161451
776	13	1588	1588	1.60807
776	14	3265	3265	0.122736
776	15	286	286	0.00915146
776	16	10411	10411	0.89021
776	17	21354	21354	0.253002
776	18	17751	17751	0.191887
776	19	72	72	0.352716
776	20	284	284	0.0905094
776	21	22119	22119	1.16093
776	22	319	319	0.0444374
776	23	2811	2811	0.439898
776	24	13	13	0
776	25	50256	50256	1.52588e-05
777	5	832	832	0.0276375
777	6	881	881	0.203287
777	7	286	286	0.00610352
777	8	262	262	0.00255203
777	9	13009	13009	0.331572
777	10	22329	22329	0.509653
777	11	13	13	0.00465584
777	12	50256	50256	7.62939e-06
778	5	37546	1588	3.0394
778	6	1767	1767	0.377117
778	7	284	284	0.0049839
778	8	257	257	0.0333385
778	9	38427	38427	1.65507
778	10	1767	1767	0.458808
778	11	13	13	0.000169754
778	12	50256	50256	0
779	5	10017	10017	0.26557
779	6	351	351	0.0334415
779	7	37414	37414	0.478724
779	8	326	326	0.0902672
779	9	5419	5419	0.237333
779	10	4180	4180	0.527636
779	11	11192	11192	0.35984
779	12	576	576	0.168744
779	13	3386	3386	0.244259
779	14	13	13	0.00200272
779	15	50256	50256	3.43323e-05
780	5	422	422	0.146297
780	6	2587	2587	0.764869
780	7	6427	6427	1.49316
780	8	832	832	0.109442
780	9	340	340	0.234547
780	10	13	13	0
780	11	50256	50256	3.8147e-06
781	5	16882	16882	0.81811
781	6	318	318	0.0210953
781	7	11172	11172	2.042
781	8	422	422	0.11801
781	9	4376	7627	3.5561
781	10	16649	16649	0.361122
781	11	4291	4291	0.266041
781	12	3348	3348	0.474373
781	13	13	13	0.00136566
781	14	50256	50256	4.95911e-05
782	5	290	290	0.0209236
782	6	2962	2962	1.73761
782	7	1657	1657	0.34412
782	8	351	351	0.154222
782	9	26929	26929	1.15939
782	10	22353	22353	0.080368
782	11	13	13	0
782	12	50256	50256	6.10352e-05
783	5	257	257	0.00523186
783	6	3992	3992	0.129623
783	7	3188	3188	0.53358
783	8	1262	1262	0.31443
783	9	41485	41485	0.287401
783	10	13	13	0.00219536
783	11	50256	50256	0
784	5	8850	8850	0.727656
784	6	5931	5931	0.795482
784	7	12737	12737	1.56798
784	8	45075	45075	0.341252
784	9	2472	2472	0.574133
784	10	2347	2347	0.904678
784	11	284	284	0.0836277
784	12	281	281	0.166122
784	13	6275	6275	1.1661
784	14	40874	40874	0.0604572
784	15	13	13	0
784	16	50256	50256	3.05176e-05
785	5	5563	5563	0.145994
785	6	257	257	0.0479755
785	7	5405	5405	0.580905
785	8	88	88	0.895035
785	9	4417	4417	0.491311
785	10	706	706	0.121683
785	11	9645	9645	1.61778
785	12	13	13	0
785	13	50256	50256	3.8147e-06
786	5	1103	1103	0.757169
786	6	1271	1271	0.6897
786	7	5260	5260	1.30938
786	8	663	663	0.0844383
786	9	5253	5253	2.12505
786	10	422	422	0.0770569
786	11	6632	6632	0.342066
786	12	13	13	1.52588e-05
786	13	50256	50256	8.58307e-05
787	5	5679	5679	0.08284
787	6	257	262	3.05142
787	7	7002	7002	1.18486
787	8	832	832	0.415682
787	9	5783	5783	0.379726
787	10	11	11	0.00409698
787	11	49893	525	3.84879
787	12	2870	2870	0.269758
787	13	11	11	0.00670052
787	14	290	290	0.104563
787	15	20494	20494	0.449351
787	16	13	13	3.24249e-05
787	17	50256	50256	3.8147e-06
788	5	422	422	0.349684
788	6	262	262	0.145321
788	7	14707	12108	6.93013
788	8	4755	4755	0.27684
788	9	286	286	0.000253677
788	10	257	257	0.0083046
788	11	4858	4858	1.3169
788	12	3491	3491	0.317029
788	13	13	13	0
788	14	50256	50256	0
789	5	318	318	0.0805511
789	6	7685	9086	3.31799
789	7	3194	3194	0.990059
789	8	281	281	0.165167
789	9	19318	19318	1.49313
789	10	1015	1015	0.431673
789	11	2029	2029	0.170689
789	12	663	663	0.0249405
789	13	22655	22655	1.12543
789	14	7078	7078	0.422671
789	15	13	13	9.53674e-06
789	16	50256	50256	3.05176e-05
790	5	48862	48862	1.51011
790	6	485	485	0.294989
790	7	272	272	0.200024
790	8	6614	6614	0.723645
790	9	1239	1239	0.310711
790	10	36177	36177	0.0883198
790	11	13	13	0.00190544
790	12	50256	50256	3.8147e-06
791	5	5822	5822	1.09144
791	6	286	286	0.00211334
791	7	6156	6156	0.512688
791	8	25942	25942	0.580688
791	9	261	261	0.385254
791	10	13	13	0.0220966
791	11	50256	50256	0
792	5	6203	6203	1.2737
792	6	1262	1262	1.11835
792	7	18018	18018	1.2672
792	8	326	326	0.148832
792	9	8181	8181	0.851562
792	10	422	422	0.11097
792	11	4025	867	2.51057
792	12	6493	6493	0.396702
792	13	18018	18018	0.211164
792	14	13	13	0.00336456
792	15	50256	50256	0.000270844
793	5	787	787	0.144426
793	6	510	510	0.881805
793	7	262	262	0.00370979
793	8	4318	4318	0.884536
793	9	10927	10927	0.403481
793	10	1080	1080	0.0615635
793	11	13	13	0.000352859
793	12	50256	50256	0.000648499
794	5	262	262	0.0910854
794	6	7446	3139	4.47388
794	7	287	287	0.0237408
794	8	257	257	0.159689
794	9	7226	7226	1.37677
794	10	5044	5044	1.09288
794	11	2685	2685	1.43677
794	12	13	13	0.00904274
794	13	50256	50256	0
795	5	3623	3623	1.13619
795	6	2458	2458	0.665804
795	7	656	656	0.200762
795	8	257	257	0.00553703
795	9	8122	8122	1.16274
795	10	13	13	0.00633049
795	11	50256	50256	0
796	5	45636	45636	0.30127
796	6	15027	15027	0.252362
796	7	318	318	0.00269318
796	8	284	284	0.0208988
796	9	25432	25432	0.991681
796	10	5207	5207	0.518347
796	11	656	656	0.175411
796	12	257	257	0.0161419
796	13	1844	1844	1.57368
796	14	4286	4286	0.295359
796	15	393	393	0.0392475
796	16	5485	5485	0.815162
796	17	13	13	0.000164032
796	18	50256	50256	9.53674e-05
797	5	625	625	0.0278645
797	6	281	281	0.277704
797	7	1989	9848	2.13665
797	8	13	13	0.000741959
797	9	50256	50256	7.62939e-06
798	5	318	318	0.0214672
798	6	783	783	1.24266
798	7	1900	1900	0.198384
798	8	355	355	0.0365582
798	9	25299	25299	0.670121
798	10	13	13	0.000703812
798	11	50256	50256	0
799	5	7679	7679	0.21245
799	6	42909	42909	1.40869
799	7	881	881	0.259941
799	8	286	286	0.000995636
799	9	262	262	0.000198364
799	10	3825	3825	0.869544
799	11	338	338	0.0755844
799	12	13568	13568	0.474414
799	13	49961	49961	0.616405
799	14	11881	11881	0.128531
799	15	13	13	0
799	16	50256	50256	3.8147e-06
800	5	307	307	0.727253
800	6	9086	1656	2.46416
800	7	656	656	0.065279
800	8	2237	2237	1.61732
800	9	1602	1602	0.293138
800	10	14796	14796	0.214239
800	11	44360	44360	0.0958233
800	12	13	13	0.0137024
800	13	50256	50256	7.62939e-06
801	5	287	287	0.100725
801	6	2800	2800	1.62347
801	7	351	351	0.0280209
801	8	262	262	0.000165939
801	9	2323	1989	3.64159
801	10	13	13	0.0259933
801	11	50256	50256	1.90735e-06
802	5	1351	1351	1.67587
802	6	318	318	0.0312767
802	7	663	663	0.0254822
802	8	3504	3504	1.68956
802	9	1988	1988	0.611474
802	10	393	393	0.314495
802	11	262	262	0.0438328
802	12	1612	24438	4.6646
802	13	286	286	0.010416
802	14	663	663	0.0237045
802	15	734	734	1.26311
802	16	3504	3504	0.625031
802	17	3815	3815	0.348225
802	18	13	13	3.8147e-06
802	19	50256	50256	7.62939e-05
803	5	49586	49586	0.0882092
803	6	422	422	0.0630722
803	7	257	257	0.00157928
803	8	781	781	0.455338
803	9	7241	7241	0.246521
803	10	7679	7679	0.115158
803	11	1022	1022	0.152296
803	12	6228	6228	0.402914
803	13	15747	15747	0.150509
803	14	13	13	1.71661e-05
803	15	50256	50256	0.0197487
804	5	12834	12834	0.204808
804	6	8811	8811	0.100986
804	7	925	925	0.149907
804	8	422	422	0.069706
804	9	6147	6147	0.907324
804	10	477	477	1.22879
804	11	19417	19417	0.147886
804	12	13	13	0.00124741
804	13	50256	50256	7.82013e-05
805	5	402	402	0.134262
805	6	724	724	0.248701
805	7	1428	1428	0.296106
805	8	284	284	0.0174446
805	9	406	406	0.681356
805	10	359	359	0.209778
805	11	541	541	0.18705
805	12	315	315	0.926184
805	13	287	287	0.0400639
805	14	402	402	0.216322
805	15	724	724	0.155399
805	16	1428	1428	0.14979
805	17	338	338	0.0317974
805	18	48899	48899	0.28876
805	19	13	13	0.00170517
805	20	50256	50256	0.000198364
806	5	4326	4326	0.580667
806	6	329	329	0.196049
806	7	2033	2033	1.60222
806	8	286	286	0.0122204
806	9	9136	9136	1.26491
806	10	13	13	0.00627708
806	11	50256	50256	7.62939e-06
807	5	3318	3318	0.324424
807	6	1060	1060	0.54611
807	7	276	276	0.250528
807	8	4823	4823	1.57674
807	9	1231	1231	0.21171
807	10	16006	16006	0.117826
807	11	13	13	0.0048008
807	12	50256	50256	7.62939e-06
808	5	832	832	0.114876
808	6	257	257	0.0311546
808	7	1429	1429	1.27251
808	8	1444	1444	0.163572
808	9	1007	1007	0.494802
808	10	10514	10514	0.0945396
808	11	13	13	1.90735e-06
808	12	50256	50256	3.8147e-06
809	5	318	318	0.0254364
809	6	5447	5447	1.37096
809	7	284	284	0.0251446
809	8	307	307	0.192989
809	9	530	1194	1.74119
809	10	13	13	0.00752449
809	11	50256	50256	0
810	5	19780	19780	1.95164
810	6	5822	5822	1.42529
810	7	318	318	0.0060997
810	8	7384	7384	1.47643
810	9	290	290	0.0244656
810	10	645	645	0.35868
810	11	2742	645	1.51063
810	12	1445	1445	0.463447
810	13	460	460	0.260681
810	14	4781	4781	1.56367
810	15	262	262	0.0834236
810	16	1368	1368	0.494349
810	17	13	13	0.00343323
810	18	50256	50256	1.14441e-05
811	5	4166	4166	0.183453
811	6	257	257	0.00170708
811	7	1409	1409	0.967012
811	8	540	540	1.38777
811	9	12	12	0.164904
811	10	28469	28469	0.705862
811	11	12	12	0.031477
811	12	4906	4906	0.815634
811	13	13570	13570	0.379913
811	14	1080	1080	0.0633469
811	15	287	287	0.114656
811	16	5515	5515	1.57709
811	17	20283	20283	0.437957
811	18	12	12	0.0303898
811	19	14792	14792	0.747524
811	20	2031	2031	0.120691
811	21	13	13	0
811	22	50256	50256	3.8147e-06
812	5	503	503	1.16728
812	6	416	416	0.0910625
812	7	2344	2344	1.6099
812	8	11	11	0.000808716
812	9	19435	19435	0.638181
812	10	11	11	0.0117607
812	11	10087	5002	3.52322
812	12	11	11	0.0845013
812	13	393	393	0.121519
812	14	584	584	1.08646
812	15	4695	4695	0.241686
812	16	13	13	0
812	17	50256	50256	0.000553131
813	5	290	290	0.00499153
813	6	423	423	0.109003
813	7	511	511	0.037035
813	8	898	898	0.485495
813	9	14599	14599	0.322105
813	10	44935	44935	0.186111
813	11	8573	8573	0.0437794
813	12	13	13	0.00588799
813	13	50256	50256	7.62939e-06
814	5	1660	1660	0.270417
814	6	338	338	0.0350418
814	7	23708	23708	1.66313
814	8	1029	1029	0.623024
814	9	24372	24372	1.11146
814	10	966	966	0.254725
814	11	3688	3688	0.555084
814	12	351	351	0.124598
814	13	2092	2092	0.920626
814	14	12	12	0.0358124
814	15	13982	13982	0.546423
814	16	17745	17745	0.517738
814	17	13	13	0.000383377
814	18	50256	50256	3.8147e-06
815	5	3984	3984	0.155941
815	6	5679	5679	0.219109
815	7	10439	10439	0.164417
815	8	286	286	0.0612545
815	9	262	262	0.000629425
815	10	9842	9842	0.206479
815	11	437	437	0.270493
815	12	544	544	0.145508
815	13	1641	1641	0.102896
815	14	13	13	1.33514e-05
815	15	50256	50256	0
816	5	8638	8638	0.316681
816	6	2587	2587	0.478741
816	7	422	422	0.102304
816	8	530	530	0.558008
816	9	4067	4067	0.708474
816	10	284	284	0.0561981
816	11	1194	530	2.64113
816	12	13	13	0.00442123
816	13	50256	50256	6.10352e-05
817	5	9315	9315	0.538906
817	6	6404	6404	0.256514
817	7	859	859	0.133598
817	8	389	389	0.0568142
817	9	10730	10730	0.144452
817	10	13	13	0.0001297
817	11	50256	50256	3.8147e-06
818	5	3867	13066	2.48799
818	6	1633	1633	0.718732
818	7	13	13	0.00366783
818	8	50256	50256	3.8147e-06
819	5	1232	867	2.90782
819	6	2454	2454	0.45963
819	7	1641	1641	0.497564
819	8	2138	2138	0.07691
819	9	621	621	0.0370045
819	10	262	262	0.0082531
819	11	5509	5509	0.870071
819	12	6701	6701	1.22851
819	13	1448	1448	0.116536
819	14	13	13	0
819	15	50256	50256	0.000370026
820	5	2134	2134	1.08827
820	6	319	319	0.296309
820	7	1194	262	4.32997
820	8	468	468	0.200227
820	9	281	281	0.338245
820	10	4961	2134	3.9813
820	11	290	290	0.0938663
820	12	6697	8137	4.3974
820	13	5212	5212	1.19934
820	14	2700	2700	0.917263
820	15	13	13	9.15527e-05
820	16	50256	50256	3.8147e-06
821	5	318	318	0.0275784
821	6	1900	1900	0.201935
821	7	329	329	0.0587215
821	8	44741	44741	0.80765
821	9	11527	11527	1.39172
821	10	21641	21641	0.272141
821	11	13	13	0.000494003
821	12	50256	50256	0.0001297
822	5	2420	2420	0.579035
822	6	2915	2915	0.312928
822	7	287	287	0.009655
822	8	543	543	1.0494
822	9	14390	8122	2.4136
822	10	1296	1296	0.828726
822	11	4263	4263	0.381702
822	12	393	393	0.0523472
822	13	7572	7572	1.16591
822	14	13	13	0.000675201
822	15	50256	50256	7.62939e-06
823	5	1660	1660	1.26572
823	6	832	832	0.398321
823	7	511	511	0.210724
823	8	308	2392	2.62507
823	9	2171	2171	0.102962
823	10	13	13	0.00629044
823	11	50256	50256	3.8147e-06
824	5	5822	543	2.34494
824	6	290	290	0.00123978
824	7	257	257	0.030632
824	8	10929	10929	1.05133
824	9	1141	1141	0.263494
824	10	257	257	0.00647926
824	11	2060	2060	0.834146
824	12	19780	19780	1.51786
824	13	1445	1445	0.397704
824	14	13	13	0.000328064
824	15	50256	50256	0
825	5	416	416	0.0169468
825	6	38797	38797	0.192329
825	7	278	278	0.110569
825	8	17797	17797	0.441586
825	9	44749	44749	0.853327
825	10	351	351	0.0572548
825	11	257	257	0.0706005
825	12	15936	15936	0.825405
825	13	3968	3968	0.122782
825	14	13	13	0.000408173
825	15	50256	50256	7.62939e-05
826	5	1111	1111	1.2082
826	6	21506	734	3.27725
826	7	290	290	0.0811214
826	8	25794	25794	2.28854
826	9	13	13	0.00726318
826	10	50256	50256	1.33514e-05
827	5	393	393	0.244081
827	6	27756	27756	1.51406
827	7	351	351	0.127382
827	8	257	257	0.0462399
827	9	2010	2010	1.12256
827	10	5186	5186	0.639356
827	11	3877	3877	0.242256
827	12	13	13	1.71661e-05
827	13	50256	50256	0
828	5	2401	2401	0.542118
828	6	2879	2879	0.818909
828	7	900	900	0.540744
828	8	11	11	0.0772762
828	9	1123	1123	0.557163
828	10	886	11135	3.25506
828	11	286	286	0.0175133
828	12	257	257	0.393717
828	13	17763	17763	1.16757
828	14	2523	2523	0.207104
828	15	257	257	0.0382824
828	16	1271	1271	1.37729
828	17	422	422	0.0523396
828	18	6632	6632	0.335314
828	19	832	832	0.0587769
828	20	2237	2237	0.68364
828	21	13	13	0
828	22	50256	50256	0.00117493
829	5	496	496	0.183771
829	6	6204	6204	0.819087
829	7	1474	1474	0.288563
829	8	1944	1944	0.374214
829	9	12	12	0.030571
829	10	820	820	0.677795
829	11	25266	25266	0.388323
829	12	13	13	0.000720978
829	13	50256	50256	3.8147e-06
830	5	262	262	0.0132561
830	6	45656	45656	0.87953
830	7	286	286	0.0332203
830	8	1657	1657	0.217424
830	9	11300	11300	1.17011
830	10	1022	1022	0.174133
830	11	12899	12899	0.310192
830	12	27982	27982	0.41395
830	13	13	13	0
830	14	50256	50256	1.14441e-05
831	5	36288	36288	0.167233
831	6	423	423	0.150911
831	7	42014	42014	0.77868
831	8	307	307	0.391811
831	9	4730	4730	0.368427
831	10	13	13	1.90735e-06
831	11	50256	50256	3.8147e-06
832	5	21001	21001	0.178727
832	6	5385	5385	0.772166
832	7	5563	5563	0.207386
832	8	287	287	0.105019
832	9	4320	4320	0.81487
832	10	2339	2339	0.25498
832	11	14752	14752	0.195328
832	12	13	13	0.00238991
832	13	50256	50256	3.8147e-06
833	5	12070	12070	1.68362
833	6	35901	35901	0.490997
833	7	12	12	0.103376
833	8	16760	16760	0.668466
833	9	8849	1231	1.82126
833	10	656	656	0.416519
833	11	21558	21558	0.795193
833	12	284	284	0.0253372
833	13	3551	22119	2.91272
833	14	269	269	0.31794
833	15	1726	1726	0.75539
833	16	6933	6933	0.122458
833	17	13	13	0.00118828
833	18	50256	50256	0.000102997
834	5	4888	4888	0.149389
834	6	416	416	0.00839043
834	7	3644	3644	0.205391
834	8	4056	4056	0.149357
834	9	13	13	0.00816536
834	10	50256	50256	3.05176e-05
835	5	2700	2700	0.316976
835	6	832	832	0.048296
835	7	1803	1803	0.232281
835	8	44796	44796	0.23595
835	9	8122	8122	0.133843
835	10	13	13	0
835	11	50256	50256	2.67029e-05
836	5	3877	3877	0.273445
836	6	11	11	0.000679016
836	7	981	981	0.062952
836	8	1237	1237	0.921934
836	9	684	684	0.605925
836	10	3283	3283	0.589873
836	11	3967	3967	0.341001
836	12	5186	5186	0.394253
836	13	3877	3877	0.320633
836	14	13	13	0.00416756
836	15	50256	50256	6.48499e-05
837	5	2524	2524	0.206016
837	6	287	287	0.00914574
837	7	1944	1944	0.0916824
837	8	12	12	0.0315418
837	9	820	820	0.407597
837	10	7648	7648	0.173346
837	11	13	13	0.00491142
837	12	50256	50256	5.34058e-05
838	5	286	286	0.101982
838	6	20422	20422	1.39597
838	7	11	11	0.000762939
838	8	257	257	0.0185528
838	9	46909	46909	1.41863
838	10	38656	38656	0.463898
838	11	318	318	0.03759
838	12	10090	10090	1.35275
838	13	355	355	0.0485802
838	14	257	257	0.0393944
838	15	4898	4898	1.42749
838	16	7972	7972	0.550895
838	17	8875	8875	0.972897
838	18	13	13	1.33514e-05
838	19	50256	50256	7.62939e-06
839	5	15061	1429	3.44109
839	6	8811	8811	1.02552
839	7	21126	21126	0.964507
839	8	656	656	0.281664
839	9	257	257	0.00115204
839	10	8234	2866	5.10589
839	11	13	13	0.00307846
839	12	50256	50256	9.53674e-06
840	5	1660	1660	0.541767
840	6	20199	20199	0.733828
840	7	18190	18190	1.32388
840	8	4291	4291	0.273088
840	9	4771	4771	0.45867
840	10	24770	24770	1.00962
840	11	287	287	0.180384
840	12	15114	15114	0.94429
840	13	13	13	0
840	14	50256	50256	0.00829315
841	5	663	663	0.0325413
841	6	35988	35988	1.31399
841	7	11904	11904	0.881797
841	8	290	290	0.0897751
841	9	318	318	0.293266
841	10	407	407	0.473673
841	11	257	257	0.460428
841	12	8701	8701	1.70167
841	13	13	13	0.00274849
841	14	50256	50256	3.8147e-06
842	5	71	71	0.225
842	6	36417	36417	0.358692
842	7	287	287	0.0348816
842	8	6156	6156	0.330528
842	9	14937	14937	0.306337
842	10	43372	43372	0.217185
842	11	321	321	0.506533
842	12	666	666	0.361565
842	13	13399	13399	0.0928764
842	14	13	13	0
842	15	50256	50256	3.8147e-06
843	5	2081	2081	0.468594
843	6	284	284	0.0646534
843	7	3991	3991	1.75314
843	8	290	290	0.00613213
843	9	3991	3991	1.29282
843	10	284	284	0.0960503
843	11	2081	2081	1.0312
843	12	13	13	0
843	13	50256	50256	0.00102615
844	5	6268	6268	0.116551
844	6	2173	2173	0.436033
844	7	3812	3812	0.206308
844	8	262	262	0.0034771
844	9	9197	4417	3.63069
844	10	338	338	0.0513649
844	11	3641	3641	1.05249
844	12	13	13	0.0122585
844	13	50256	50256	0
845	5	17467	17467	0.164087
845	6	382	382	0.315736
845	7	2722	2722	0.208405
845	8	262	262	0.00582314
845	9	20715	20715	1.50898
845	10	15895	15895	0.166372
845	11	287	287	0.000745773
845	12	33818	33818	0.660305
845	13	287	287	0.0556049
845	14	35145	35145	0.302097
845	15	13	13	0
845	16	50256	50256	0
846	5	44543	44543	0.700233
846	6	4144	4144	0.298561
846	7	16083	16083	0.107248
846	8	925	925	0.114601
846	9	422	422	0.0491257
846	10	7545	7545	0.244846
846	11	13	13	0.00118637
846	12	50256	50256	1.52588e-05
847	5	2033	2033	1.73731
847	6	286	286	0.0276222
847	7	1660	1660	0.708435
847	8	20199	20199	1.55108
847	9	287	287	0.00379944
847	10	1633	1633	0.694461
847	11	351	351	0.47118
847	12	663	663	0.179808
847	13	36275	308	6.26186
847	14	2033	2033	0.897128
847	15	379	379	0.437349
847	16	262	262	0.243177
847	17	976	976	1.45519
847	18	5951	5951	0.316554
847	19	13	13	0
847	20	50256	50256	0.000213623
848	5	976	976	0.849565
848	6	12234	12234	0.648733
848	7	1988	1988	0.921062
848	8	11	11	0.0484581
848	9	257	257	0.0555191
848	10	3074	3074	1.32493
848	11	1444	1444	0.218105
848	12	257	257	0.0140133
848	13	17661	44695	3.23464
848	14	13	13	0.00069046
848	15	50256	50256	1.14441e-05
849	5	1205	1205	0.0735722
849	6	287	287	0.0575199
849	7	5055	5055	0.34511
849	8	393	393	0.0172729
849	9	3105	3105	0.317171
849	10	12	12	0.0182018
849	11	31462	31462	0.773251
849	12	1660	1660	0.200678
849	13	13	13	0
849	14	50256	50256	3.8147e-06
850	5	656	656	0.0217857
850	6	257	257	0.0174332
850	7	8122	8122	0.1639
850	8	13	13	0.000995636
850	9	50256	50256	0
851	5	10384	10384	1.17367
851	6	284	284	0.0352268
851	7	262	262	0.119947
851	8	6156	6156	1.10948
851	9	15433	15433	0.624776
851	10	6959	6959	0.273272
851	11	286	286	0.0196342
851	12	2011	2011	0.555564
851	13	66	66	0.337713
851	14	268	268	1.88488
851	15	3609	3609	0.346428
851	16	13	13	0
851	17	50256	50256	6.10352e-05
852	5	27602	27602	0.67635
852	6	1084	1084	0.456303
852	7	515	515	0.241594
852	8	290	290	0.0157833
852	9	16577	16577	1.02409
852	10	284	284	0.0519238
852	11	4439	4439	0.296146
852	12	26868	26868	0.187674
852	13	13	13	0.00332642
852	14	50256	50256	0.000118256
853	5	319	319	0.260094
853	6	262	262	0.0060463
853	7	4013	976	2.4313
853	8	25986	25986	0.241714
853	9	34603	34603	0.164564
853	10	21891	21891	0.461983
853	11	13	13	0
853	12	50256	50256	0
854	5	36140	36140	0.765461
854	6	11	11	0.102806
854	7	281	281	0.303366
854	8	19318	19318	1.4027
854	9	1015	1015	0.25559
854	10	318	318	0.0141411
854	11	9086	9086	1.35876
854	12	656	656	0.180685
854	13	14104	1729	2.65182
854	14	4961	4961	0.846726
854	15	5026	5026	0.376219
854	16	49644	49644	0.0906277
854	17	4831	4831	0.0497551
854	18	13	13	0.00165749
854	19	50256	50256	1.71661e-05
855	5	2081	3139	7.30711
855	6	11135	11135	2.62943
855	7	1043	1043	0.671162
855	8	287	287	0.119518
855	9	48573	48573	0.78242
855	10	6134	6134	0.483229
855	11	13	13	0.000488281
855	12	50256	50256	2.47955e-05
856	5	1371	1371	0.307497
856	6	617	617	0.243924
856	7	1321	1321	0.402706
856	8	422	422	0.122648
856	9	262	262	0.0085907
856	10	2656	8434	2.60117
856	11	1366	1366	0.39999
856	12	13	13	0
856	13	50256	50256	0
857	5	83	83	0.202093
857	6	270	270	0.236632
857	7	9620	9620	0.362028
857	8	287	287	0.0672474
857	9	262	262	0.0308418
857	10	614	614	0.393368
857	11	1315	1315	0.154434
857	12	2481	2481	0.130018
857	13	13	13	0.00247383
857	14	50256	50256	7.62939e-06
858	5	1011	1011	0.604781
858	6	262	262	0.0628643
858	7	2910	976	3.20708
858	8	13840	13840	0.329623
858	9	2622	2622	0.420179
858	10	416	416	0.137104
858	11	867	867	0.497266
858	12	4693	4693	0.549998
858	13	329	329	0.105768
858	14	5935	5935	0.75993
858	15	3227	3227	0.682363
858	16	13	13	0
858	17	50256	50256	3.8147e-05
859	5	338	338	0.00394821
859	6	8137	8137	1.06511
859	7	42909	42909	0.517903
859	8	2266	2266	0.714231
859	9	1657	1657	0.81273
859	10	290	290	0.0371037
859	11	22625	22625	1.22657
859	12	284	284	0.114609
859	13	663	663	0.0334148
859	14	4171	4171	0.878711
859	15	5585	5585	0.0906982
859	16	13	13	1.14441e-05
859	17	50256	50256	8.01086e-05
860	5	281	281	0.311754
860	6	16295	2134	2.68565
860	7	6140	6140	0.574931
860	8	318	318	0.0159645
860	9	1444	1444	0.115936
860	10	663	663	0.0525951
860	11	2962	2962	0.623661
860	12	13	13	0
860	13	50256	50256	0
861	5	418	418	0.183295
861	6	389	389	0.0878525
861	7	262	262	0.0367756
861	8	734	734	0.801491
861	9	1402	1402	0.23131
861	10	31093	31093	1.46472
861	11	286	286	0.00993729
861	12	8706	8706	0.275474
861	13	13	13	0.00477219
861	14	50256	50256	1.14441e-05
862	5	12622	12622	0.138914
862	6	45738	45738	0.0960159
862	7	287	287	0.0266209
862	8	607	607	0.0462341
862	9	5337	5337	0.565635
862	10	45738	45738	0.0940933
862	11	13	13	0.00265312
862	12	50256	50256	3.8147e-06
863	5	3395	3395	0.342686
863	6	37670	37670	0.320256
863	7	5958	5958	0.341326
863	8	6140	6140	0.170773
863	9	351	351	0.0413647
863	10	8547	8547	0.268623
863	11	273	273	0.637375
863	12	3409	3409	0.330122
863	13	11400	11400	0.463549
863	14	338	338	0.0366077
863	15	11359	11359	0.523113
863	16	13389	13389	0.218649
863	17	13	13	3.05176e-05
863	18	50256	50256	6.29425e-05
864	5	460	460	0.0945015
864	6	307	307	0.509665
864	7	7042	7042	0.671249
864	8	416	416	0.0191212
864	9	4375	4375	0.907851
864	10	262	262	0.0334301
864	11	734	3825	8.23711
864	12	18148	18148	0.925467
864	13	2846	2846	0.823685
864	14	284	284	0.0506458
864	15	7330	7330	1.1885
864	16	262	262	0.00694466
864	17	1306	976	2.28531
864	18	3381	3381	0.16621
864	19	13	13	0.000711441
864	20	50256	50256	4.19617e-05
865	5	11880	11880	0.0815716
865	6	5419	5419	0.0927734
865	7	340	340	0.807725
865	8	2834	2834	0.87236
865	9	5667	5667	0.28698
865	10	422	422	0.103407
865	11	13737	13737	1.44284
865	12	13	13	0
865	13	50256	50256	0.000486374
866	5	6903	6903	0.368944
866	6	318	318	0.183495
866	7	281	281	0.0429478
866	8	37287	37287	0.784122
866	9	9814	9814	0.226871
866	10	15763	15763	0.146772
866	11	13	13	1.52588e-05
866	12	50256	50256	0
867	5	78	78	0.199594
867	6	318	318	0.00255775
867	7	4888	4888	0.445374
867	8	416	416	0.196836
867	9	16256	14583	5.25672
867	10	11	11	0.0545845
867	11	15336	15336	2.75459
867	12	11	11	0.0398102
867	13	290	290	0.0596752
867	14	46070	46070	0.797256
867	15	72	72	0.123228
867	16	13	13	3.8147e-06
867	17	50256	50256	3.8147e-06
868	5	19435	19435	0.398442
868	6	351	351	0.0401077
868	7	9518	9518	0.289823
868	8	5667	5667	0.377438
868	9	13	13	0
868	10	50256	50256	7.62939e-06
869	5	547	547	0.342691
869	6	14212	14212	0.258465
869	7	1748	1748	0.0822334
869	8	12	12	0.215467
869	9	27219	27219	0.811192
869	10	287	287	0.114218
869	11	6156	6156	1.11795
869	12	10315	10315	0.381921
869	13	13	13	0
869	14	50256	50256	0.000286102
870	5	832	832	0.0969734
870	6	262	262	0.0160122
870	7	11963	3825	3.11655
870	8	3356	3356	0.392723
870	9	286	286	0.00168037
870	10	257	257	0.00931168
870	11	11711	3825	3.46572
870	12	13	13	0.000286102
870	13	50256	50256	3.43323e-05
871	5	3170	3170	0.107977
871	6	416	416	0.00475311
871	7	262	262	0.0118446
871	8	3457	843	1.69646
871	9	292	292	0.199844
871	10	287	287	0.00379372
871	11	262	262	0.00253487
871	12	843	843	0.682525
871	13	274	274	0.152563
871	14	21124	21124	0.0905037
871	15	13	13	0
871	16	50256	50256	0.000183105
872	5	1729	1729	1.99016
872	6	4164	4164	0.632893
872	7	18196	18196	0.701465
872	8	5002	5002	1.67757
872	9	326	326	0.0997801
872	10	318	318	0.00710297
872	11	8122	1444	2.58984
872	12	379	379	0.437061
872	13	8850	543	1.14082
872	14	2119	2119	0.414589
872	15	5951	5951	0.463998
872	16	13	13	0
872	17	50256	50256	7.62939e-06
873	5	286	286	0.010437
873	6	28722	28722	0.566338
873	7	287	287	0.016407
873	8	257	257	0.0326061
873	9	5931	5931	0.668511
873	10	6317	6317	0.478025
873	11	13	13	1.90735e-06
873	12	50256	50256	2.67029e-05
874	5	10947	10947	0.165253
874	6	4046	4046	0.20322
874	7	422	422	0.0302792
874	8	7346	7346	0.349272
874	9	27149	27149	0.0494328
874	10	13	13	0.000371933
874	11	50256	50256	0.000427246
875	5	973	973	0.0303745
875	6	329	329	0.0341434
875	7	35788	35788	0.358955
875	8	4263	4263	0.0902987
875	9	13	13	0.00549889
875	10	50256	50256	7.62939e-06
876	5	27458	27458	0.395569
876	6	12	12	0.0653763
876	7	11487	11487	1.0071
876	8	1448	1448	0.416684
876	9	1690	1690	0.745856
876	10	423	423	0.0750694
876	11	2092	511	2.22507
876	12	5931	5931	0.601089
876	13	6608	6608	0.337979
876	14	13	13	0.00583458
876	15	50256	50256	5.14984e-05
877	5	7306	14091	2.92393
877	6	3623	3623	0.944281
877	7	379	379	0.339609
877	8	6937	8268	4.21681
877	9	5951	5951	0.647092
877	10	11	11	0.0764713
877	11	3833	4695	3.36454
877	12	5732	5732	0.264534
877	13	355	355	0.219379
877	14	6115	6115	1.09462
877	15	20638	20638	0.143801
877	16	13	13	1.90735e-06
877	17	50256	50256	7.62939e-06
878	5	1588	1588	0.387395
878	6	6903	6903	0.205105
878	7	286	286	0.0120888
878	8	2258	2258	0.193943
878	9	5478	5478	0.745586
878	10	13	13	0
878	11	50256	50256	3.8147e-06
879	5	42909	42909	0.466271
879	6	2568	2568	0.542815
879	7	422	422	0.0802555
879	8	663	663	0.0820694
879	9	21334	21334	0.384304
879	10	13	13	2.28882e-05
879	11	50256	50256	2.47955e-05
880	5	7714	7714	1.1028
880	6	3170	3170	0.414351
880	7	1231	1231	0.198946
880	8	29871	29871	0.205488
880	9	13	13	2.67029e-05
880	10	50256	50256	0.000242233
881	5	262	262	0.000440598
881	6	21189	21189	0.605928
881	7	21226	21226	0.303875
881	8	286	286	0.00050354
881	9	867	867	0.272171
881	10	4903	4903	0.417594
881	11	694	694	0.188845
881	12	418	418	0.22738
881	13	1037	1037	0.274384
881	14	606	606	0.3033
881	15	36331	36331	1.32083
881	16	284	284	0.224728
881	17	16649	16649	0.827787
881	18	13	13	0.00973701
881	19	50256	50256	1.14441e-05
882	5	22421	22421	0.695749
882	6	3025	3025	0.515889
882	7	7531	7531	0.493287
882	8	19998	19998	0.296837
882	9	423	423	0.265166
882	10	257	257	0.12879
882	11	8064	8064	1.86001
882	12	286	286	0.00168037
882	13	734	734	0.329323
882	14	284	284	0.206482
882	15	530	4735	1.24741
882	16	13	13	0.000135422
882	17	50256	50256	1.90735e-06
883	5	2010	2010	0.440107
883	6	5186	5186	0.446183
883	7	3877	3877	0.358805
883	8	13	13	0.0023613
883	9	50256	50256	1.14441e-05
884	5	11	11	0.0155315
884	6	290	290	0.0206966
884	7	21813	21813	0.470222
884	8	4166	4166	0.127937
884	9	422	422	0.0265446
884	10	9133	9133	0.457313
884	11	20328	20328	0.0605297
884	12	13	13	0.000802994
884	13	50256	50256	5.72205e-05
885	5	326	326	0.22455
885	6	257	257	0.0711803
885	7	12649	12649	0.866197
885	8	460	460	0.0685806
885	9	12260	12260	0.51955
885	10	3264	3264	0.251684
885	11	13	13	0.000797272
885	12	50256	50256	0.000301361
886	5	286	286	0.0639877
886	6	10529	10529	0.438192
886	7	893	893	0.216251
886	8	325	325	0.346672
886	9	385	385	0.304966
886	10	287	287	0.0385818
886	11	262	262	0.00078392
886	12	28032	28032	0.793864
886	13	13	13	0.0249634
886	14	50256	50256	3.8147e-06
887	5	2431	2431	0.0150433
887	6	13	13	3.8147e-06
887	7	50256	50256	0
888	5	11	11	0.0704536
888	6	543	543	0.660523
888	7	5419	5419	0.145857
888	8	262	262	0.0100555
888	9	1767	3825	1.47266
888	10	16274	16274	0.510846
888	11	27997	27997	0.169119
888	12	13	13	4.95911e-05
888	13	50256	50256	1.14441e-05
889	5	16704	16704	0.356318
889	6	279	279	0.240874
889	7	2150	2150	0.389342
889	8	1387	1387	0.232298
889	9	422	422	0.0212383
889	10	18577	18577	0.293073
889	11	33694	33694	0.112812
889	12	11904	11904	0.142853
889	13	13	13	0
889	14	50256	50256	0.000804901
890	5	388	388	0.411612
890	6	12007	12007	0.186798
890	7	1278	1278	0.175251
890	8	9189	9189	0.205919
890	9	21592	21592	0.351858
890	10	22830	22830	0.189444
890	11	290	290	0.0789413
890	12	584	584	0.181921
890	13	1171	1171	0.480523
890	14	5444	5444	0.39039
890	15	9928	9928	0.0999203
890	16	13	13	0.000469208
890	17	50256	50256	0
891	5	286	286	0.0215511
891	6	8031	7888	3.18464
891	7	11	11	0.0571957
891	8	6296	6296	1.07521
891	9	319	319	0.233194
891	10	262	262	0.00279236
891	11	309	309	1.16107
891	12	1856	1856	0.568262
891	13	5866	5866	0.0833416
891	14	13	13	0
891	15	50256	50256	3.8147e-06
892	5	416	416	0.00838661
892	6	763	763	0.615153
892	7	363	363	0.270838
892	8	8306	8306	0.382231
892	9	17797	17797	0.170677
892	10	7545	7545	0.383138
892	11	290	290	0.123974
892	12	12273	12273	0.369903
892	13	262	262	0.0150433
892	14	7186	7186	0.761642
892	15	1090	1090	0.112213
892	16	9310	9310	0.0844212
892	17	13	13	0.00125122
892	18	50256	50256	1.71661e-05
893	5	287	287	0.0397224
893	6	23217	23217	1.48657
893	7	460	460	0.0774879
893	8	1037	307	2.79495
893	9	2270	2270	1.05485
893	10	12586	12586	0.66213
893	11	5475	5475	0.143497
893	12	13	13	0.0033493
893	13	50256	50256	0
894	5	832	832	0.0514431
894	6	262	262	0.000349045
894	7	17661	4151	5.9172
894	8	286	286	0.000709534
894	9	262	262	0.000188828
894	10	3942	3942	2.19893
894	11	290	290	0.184994
894	12	35769	35769	0.378735
894	13	666	666	0.415134
894	14	13375	13375	1.13234
894	15	13	13	0
894	16	50256	50256	0
895	5	1115	2060	2.28325
895	6	13043	13043	0.704865
895	7	326	326	0.0906487
895	8	1296	1296	0.322475
895	9	257	257	0.0242634
895	10	2060	2060	0.753803
895	11	16257	16257	0.11651
895	12	13	13	0.00133514
895	13	50256	50256	3.8147e-06
896	5	8208	8208	0.567178
896	6	12	12	0.0205021
896	7	19412	19412	0.638545
896	8	7475	7475	0.19571
896	9	13	13	0.00156975
896	10	50256	50256	1.90735e-06
897	5	39880	2134	3.65757
897	6	460	460	0.102856
897	7	1205	1205	0.58589
897	8	656	656	0.0516453
897	9	257	257	0.0435944
897	10	649	8434	3.00873
897	11	4618	4618	0.536647
897	12	13	13	0
897	13	50256	50256	0
898	5	1350	1350	0.151785
898	6	900	900	0.315987
898	7	11597	11597	0.200283
898	8	7218	7218	0.120495
898	9	22596	22596	0.127632
898	10	1871	1871	0.13344
898	11	28818	28818	0.346133
898	12	2127	2127	0.39555
898	13	5348	5348	0.315891
898	14	13	13	0.00504494
898	15	50256	50256	0.00018692
899	5	5838	5838	0.249908
899	6	286	286	0.00589371
899	7	38330	38330	0.153502
899	8	287	287	0.0131397
899	9	838	838	0.122637
899	10	2791	2791	0.0809479
899	11	13	13	5.72205e-06
899	12	50256	50256	4.95911e-05
900	5	11	11	0.0470982
900	6	717	717	1.86066
900	7	12	12	0.119123
900	8	448	448	1.6595
900	9	16834	16834	0.556265
900	10	11	11	0.00108719
900	11	262	262	0.0209255
900	12	14555	5422	2.23726
900	13	2087	2087	0.0977783
900	14	2378	2378	0.290376
900	15	318	318	0.0674114
900	16	4615	4615	0.262774
900	17	717	717	0.564108
900	18	13	13	0
900	19	50256	50256	1.14441e-05
901	5	4180	4180	0.359081
901	6	30121	30121	0.278965
901	7	319	319	0.00798798
901	8	6163	6163	1.09671
901	9	3354	3354	0.405003
901	10	286	286	0.000102997
901	11	9664	9664	1.19294
901	12	13	13	0.0018692
901	13	50256	50256	3.8147e-06
902	5	3688	3688	0.360075
902	6	284	284	0.0440407
902	7	262	262	0.00292397
902	8	5485	5485	0.90454
902	9	286	286	0.00243378
902	10	257	257	0.0145893
902	11	6297	6297	0.758007
902	12	13	13	0
902	13	50256	50256	0.000164032
903	5	2318	2318	1.84881
903	6	19972	19972	0.215878
903	7	33174	33174	0.197674
903	8	262	262	0.0103855
903	9	5366	7135	3.08019
903	10	16825	16825	0.294589
903	11	286	286	0.0078373
903	12	1194	1194	0.528587
903	13	13	13	0
903	14	50256	50256	4.00543e-05
904	5	16122	16122	0.574932
904	6	11732	11732	0.197968
904	7	337	337	0.397327
904	8	5847	5847	0.266238
904	9	2977	2977	0.34221
904	10	290	290	0.0157661
904	11	383	383	0.458249
904	12	367	367	0.540559
904	13	3316	3316	0.49661
904	14	1891	1891	0.195385
904	15	286	286	0.0161514
904	16	23382	23382	1.07588
904	17	12	12	0.0245552
904	18	35	35	1.24128
904	19	480	480	0.223774
904	20	13	13	0
904	21	50256	50256	0.00426674
905	5	625	625	0.0115833
905	6	3090	3090	0.100117
905	7	287	287	0.00965118
905	8	8850	8850	0.0885983
905	9	34768	34768	0.270776
905	10	13	13	0
905	11	50256	50256	1.14441e-05
906	5	284	284	0.0924511
906	6	262	262	0.0107136
906	7	28761	28761	1.04829
906	8	576	576	0.312089
906	9	1448	1448	0.271669
906	10	11	11	0.0609436
906	11	407	407	0.0270653
906	12	262	262	0.00447845
906	13	38255	38255	1.11135
906	14	1547	1547	0.0766792
906	15	13	13	1.52588e-05
906	16	50256	50256	0
907	5	7861	7861	0.452759
907	6	11	11	0.0177288
907	7	5387	5387	0.471653
907	8	14580	34768	2.05085
907	9	11	11	0.00377464
907	10	290	290	0.181273
907	11	4596	4596	1.31959
907	12	6900	6900	0.309383
907	13	286	286	0.0142422
907	14	19606	19606	1.12581
907	15	287	287	0.0674877
907	16	1660	1660	0.585413
907	17	3102	3102	0.390937
907	18	46916	46916	0.177485
907	19	13	13	0.0235119
907	20	50256	50256	0.00435257
908	5	3881	3881	0.279941
908	6	1296	1296	0.186834
908	7	257	257	0.0131187
908	8	4417	4417	1.11786
908	9	7679	7679	0.301311
908	10	1444	1444	0.276001
908	11	842	842	0.549198
908	12	21446	21446	0.207014
908	13	319	319	0.0274754
908	14	262	262	0.000434875
908	15	6869	6869	1.33702
908	16	13	13	0
908	17	50256	50256	2.67029e-05
909	5	286	286	0.00878334
909	6	257	257	0.0442371
909	7	35991	35991	0.729022
909	8	423	423	0.184072
909	9	4961	4961	1.0282
909	10	20428	20428	0.130955
909	11	13	13	0.00144577
909	12	50256	50256	3.8147e-06
910	5	10349	10349	2.10351
910	6	618	618	0.0996532
910	7	663	663	0.26709
910	8	5002	2266	3.829
910	9	48813	48813	1.0235
910	10	422	422	0.00361633
910	11	13181	13181	1.74714
910	12	1459	1459	0.369804
910	13	13	13	0.000507355
910	14	50256	50256	5.72205e-05
911	5	3623	3356	3.31785
911	6	25037	25037	0.51207
911	7	13640	13640	0.286945
911	8	355	355	0.0460224
911	9	44030	44030	0.687511
911	10	3881	3881	0.621202
911	11	4735	4735	0.631805
911	12	6945	6945	0.32015
911	13	13	13	0.00050354
911	14	50256	50256	3.8147e-06
912	5	12269	12269	0.595258
912	6	11	11	0.0159569
912	7	1660	1660	0.215709
912	8	11	11	0.228643
912	9	290	290	0.00503731
912	10	38084	38084	1.56627
912	11	14093	14093	0.153326
912	12	1818	1818	0.0539379
912	13	13	13	0
912	14	50256	50256	0
913	5	689	689	0.232055
913	6	9664	9664	0.63791
913	7	351	351	0.149082
913	8	28096	28096	0.327689
913	9	925	925	0.0616713
913	10	1262	1262	0.215088
913	11	257	257	0.000864029
913	12	17598	17598	0.765465
913	13	290	290	0.0267296
913	14	4704	4704	1.07895
913	15	13	13	0.000709534
913	16	50256	50256	0
914	5	2057	2057	0.151232
914	6	422	422	0.0207195
914	7	1660	1660	0.451051
914	8	351	351	0.100983
914	9	13375	13375	0.69383
914	10	287	287	0.0418606
914	11	511	511	0.200378
914	12	28552	28552	0.322135
914	13	13	13	1.90735e-06
914	14	50256	50256	0.0001297
915	5	262	262	0.00150108
915	6	3463	717	2.88466
915	7	286	286	0.0451241
915	8	262	262	0.00037384
915	9	11711	1271	3.90252
915	10	20085	20085	0.277579
915	11	416	416	0.124605
915	12	281	281	0.0898209
915	13	2134	2134	0.956228
915	14	13	13	5.72205e-06
915	15	50256	50256	0
916	5	262	262	0.10677
916	6	12108	12108	1.77837
916	7	286	286	0.00169945
916	8	17837	17837	1.70537
916	9	11	11	0.0831623
916	10	318	318	0.092907
916	11	17837	783	2.27084
916	12	338	338	0.0668888
916	13	3139	3139	0.627327
916	14	13	13	5.14984e-05
916	15	50256	50256	3.05176e-05
917	5	37270	37270	0.499354
917	6	11	11	0.0115147
917	7	30872	30872	1.31552
917	8	11	11	0.0377903
917	9	290	290	0.00293159
917	10	21506	3139	2.18587
917	11	13	13	0.00471497
917	12	50256	50256	1.52588e-05
918	5	3668	3668	0.276951
918	6	8318	8318	0.170586
918	7	832	832	0.119223
918	8	16468	16468	0.649133
918	9	1364	1364	0.346663
918	10	416	416	0.0936508
918	11	401	401	0.411743
918	12	1039	1039	0.0986443
918	13	13	13	0.000291824
918	14	50256	50256	7.62939e-06
919	5	44741	44741	1.43568
919	6	17757	17757	0.110016
919	7	319	319	0.0292816
919	8	4849	4849	1.46732
919	9	47967	47967	0.195223
919	10	28847	28847	0.386759
919	11	287	287	0.0258884
919	12	4492	4492	0.818967
919	13	13	13	0.00371361
919	14	50256	50256	0
920	5	350	350	1.26578
920	6	9160	9160	0.22637
920	7	373	373	0.0848675
920	8	3170	3170	0.095974
920	9	355	355	0.100941
920	10	257	257	0.00530243
920	11	8966	8966	1.08904
920	12	10580	10580	0.116219
920	13	13	13	0.000488281
920	14	50256	50256	6.10352e-05
921	5	257	257	0.0191612
921	6	5252	5252	0.956676
921	7	33413	33413	0.143389
921	8	8902	8902	0.746978
921	9	351	351	0.0280762
921	10	281	281	0.0855083
921	11	18762	18762	0.779743
921	12	2890	2890	0.157745
921	13	5797	5797	0.071434
921	14	13	13	0
921	15	50256	50256	3.8147e-06
922	5	1811	1811	0.402215
922	6	6300	6300	0.362919
922	7	286	286	0.00501823
922	8	262	262	0.0127754
922	9	2939	10596	2.47538
922	10	1444	1444	0.0406399
922	11	383	383	0.888796
922	12	36306	36306	0.23632
922	13	13	13	0.00284004
922	14	50256	50256	0
923	5	460	460	0.0526447
923	6	2620	2620	0.64937
923	7	257	257	0.0104027
923	8	2700	2700	0.650781
923	9	338	338	0.0302982
923	10	6225	6225	2.16537
923	11	1245	1245	0.261526
923	12	13	13	0.000104904
923	13	50256	50256	2.67029e-05
924	5	286	286	0.0104427
924	6	262	262	0.0344334
924	7	3624	6869	7.87852
924	8	14705	8137	2.77298
924	9	287	287	0.0157032
924	10	674	674	0.194349
924	11	6591	6591	0.294906
924	12	1080	1080	0.259106
924	13	13	13	0
924	14	50256	50256	3.05176e-05
925	5	42742	42742	0.0388165
925	6	656	656	0.0438633
925	7	734	734	0.0539417
925	8	4957	4957	0.20911
925	9	17751	17751	0.189278
925	10	72	72	0.150602
925	11	13	13	2.86102e-05
925	12	50256	50256	0
926	5	257	257	0.028162
926	6	41236	41236	1.12888
926	7	338	338	0.115557
926	8	4417	4417	0.525601
926	9	389	389	0.255802
926	10	7009	7009	0.434299
926	11	1981	1981	1.38267
926	12	15921	15921	0.237799
926	13	13	13	0
926	14	50256	50256	1.90735e-05
927	5	286	286	0.0122166
927	6	262	262	0.0120125
927	7	39046	39046	1.99118
927	8	973	973	0.0977287
927	9	416	416	0.158039
927	10	867	867	0.466539
927	11	5044	5044	1.11512
927	12	4778	4778	0.275383
927	13	13	13	0
927	14	50256	50256	8.01086e-05
928	5	5496	5496	0.107174
928	6	326	326	0.0464592
928	7	460	460	0.0631523
928	8	2291	16524	2.87918
928	9	6134	6134	0.200173
928	10	11	11	0.012495
928	11	5916	5916	0.609314
928	12	11	11	0.0196476
928	13	290	290	0.0537472
928	14	23426	23426	0.341206
928	15	13	13	0
928	16	50256	50256	2.28882e-05
929	5	287	287	0.00275803
929	6	40941	40941	0.444983
929	7	15190	15190	0.168501
929	8	290	290	0.0143127
929	9	24768	24768	0.152622
929	10	13	13	0.00198746
929	11	50256	50256	0
930	5	2081	2081	0.787457
930	6	691	691	1.23453
930	7	618	618	0.138493
930	8	1111	1111	0.246189
930	9	286	286	0.0992279
930	10	663	663	0.0990219
930	11	17311	7956	3.56793
930	12	389	389	0.136478
930	13	2081	734	2.34788
930	14	13	13	1.52588e-05
930	15	50256	50256	0
931	5	3597	3597	0.96316
931	6	1080	1080	0.362206
931	7	973	973	0.110853
931	8	329	329	0.265499
931	9	6983	6983	0.32929
931	10	13	13	0.000110626
931	11	50256	50256	0.00044632
932	5	262	262	0.0414906
932	6	976	976	0.967029
932	7	6115	6115	0.622209
932	8	355	355	0.0381069
932	9	530	530	0.412992
932	10	27216	27216	0.624346
932	11	1247	1247	0.570848
932	12	16912	16912	0.0956192
932	13	13	13	0
932	14	50256	50256	3.8147e-06
933	5	416	416	0.169651
933	6	530	1633	1.9811
933	7	5667	5667	0.725805
933	8	326	326	0.13438
933	9	1271	1271	0.532918
933	10	21588	21588	0.22715
933	11	13	13	0.00691795
933	12	50256	50256	7.62939e-06
934	5	17825	17825	0.0840263
934	6	287	287	0.00821495
934	7	294	294	0.177301
934	8	6037	6037	0.0402508
934	9	13	13	0
934	10	50256	50256	3.8147e-06
935	5	3878	3878	1.13958
935	6	17084	17084	0.594799
935	7	318	318	0.00556374
935	8	257	257	0.0614815
935	9	4898	517	2.552
935	10	9967	9967	0.232302
935	11	3601	3601	0.8867
935	12	11	11	0.000705719
935	13	407	407	0.170994
935	14	281	281	0.327217
935	15	3056	6156	3.8298
935	16	12036	12036	0.307268
935	17	13	13	3.8147e-05
935	18	50256	50256	3.8147e-06
936	5	416	416	0.00365067
936	6	14583	14583	0.518087
936	7	257	257	0.144943
936	8	6314	6314	1.13515
936	9	379	379	0.0963211
936	10	511	511	0.171185
936	11	27390	27390	1.40089
936	12	16649	16649	0.244483
936	13	13	13	0
936	14	50256	50256	0
937	5	11	11	0.00163269
937	6	1444	1444	0.374955
937	7	262	262	0.002388
937	8	1162	976	4.70715
937	9	4450	4450	0.967957
937	10	11	11	0.0453014
937	11	318	318	0.0370808
937	12	37546	15568	4.63962
937	13	621	621	0.510555
937	14	663	663	0.165628
937	15	7424	7424	1.36312
937	16	4417	4417	0.931061
937	17	13	13	0.000389099
937	18	50256	50256	0.000247955
938	5	281	281	0.0675163
938	6	2134	2134	0.879151
938	7	338	338	0.0484982
938	8	15432	15432	1.81997
938	9	2458	2458	0.145992
938	10	351	351	0.0696678
938	11	640	640	0.975239
938	12	13	13	0.0243244
938	13	50256	50256	0
939	5	37008	37008	1.36607
939	6	379	379	0.156591
939	7	5043	5043	0.487205
939	8	286	286	0.0147495
939	9	2910	1692	3.11504
939	10	8837	4417	2.24628
939	11	5095	5095	0.100344
939	12	13	13	0
939	13	50256	50256	0
940	5	286	286	0.00859261
940	6	987	987	1.26088
940	7	48331	48331	0.204356
940	8	4847	4847	1.55908
940	9	351	351	0.0835972
940	10	257	257	0.0159378
940	11	3867	4417	5.19942
940	12	28982	28982	0.208054
940	13	13	13	8.39233e-05
940	14	50256	50256	0
941	5	257	257	0.00504875
941	6	22746	22746	0.239141
941	7	656	656	0.0274887
941	8	42713	42713	0.144741
941	9	13	13	0
941	10	50256	50256	1.90735e-06
942	5	257	257	0.0411739
942	6	1729	1409	2.95069
942	7	22570	22570	0.160172
942	8	1271	1271	0.179183
942	9	3607	3607	0.544532
942	10	6632	6632	0.149021
942	11	13	13	1.71661e-05
942	12	50256	50256	9.72748e-05
943	5	1588	1588	1.05819
943	6	24969	24969	0.628717
943	7	602	602	0.516581
943	8	618	618	0.184593
943	9	257	257	0.0847664
943	10	1080	1080	1.02418
943	11	318	318	0.233521
943	12	7986	7986	1.00916
943	13	1474	1474	0.136702
943	14	257	257	0.0499859
943	15	3288	3288	0.817566
943	16	8373	8373	0.371884
943	17	13	13	0.00302887
943	18	50256	50256	0.000133514
944	5	2278	2278	2.74541
944	6	618	618	0.192902
944	7	257	257	0.00731659
944	8	636	636	1.35316
944	9	318	318	0.189177
944	10	10574	10574	0.162111
944	11	13	13	0.0142269
944	12	50256	50256	0
945	5	11	11	0.000900269
945	6	47394	47394	0.222229
945	7	507	507	0.260111
945	8	389	389	0.0404091
945	9	610	610	1.39657
945	10	620	620	0.259525
945	11	77	77	0.152508
945	12	2340	2340	0.222298
945	13	2138	2138	0.128195
945	14	621	621	0.0927181
945	15	19435	19435	0.676512
945	16	13	13	0.00025177
945	17	50256	50256	1.90735e-05
946	5	5101	5101	1.14282
946	6	290	290	0.0289021
946	7	734	2939	2.31312
946	8	2392	2392	1.42894
946	9	13017	13017	0.539156
946	10	41192	41192	0.136984
946	11	13	13	1.90735e-06
946	12	50256	50256	3.8147e-06
947	5	5389	5389	0.763527
947	6	290	290	0.0911026
947	7	1440	1440	1.35083
947	8	826	9403	4.02524
947	9	18333	18333	0.723737
947	10	13	13	0.0018959
947	11	50256	50256	0.0147209
948	5	4778	4778	0.54271
948	6	7685	8811	1.89417
948	7	3994	3994	0.212044
948	8	6337	6337	0.472082
948	9	42742	42742	0.101574
948	10	13	13	0.00544548
948	11	50256	50256	1.14441e-05
949	5	286	286	0.0191746
949	6	1402	1402	0.753438
949	7	19468	19468	0.63446
949	8	5028	5028	0.0825195
949	9	16083	16083	0.108883
949	10	925	925	0.30582
949	11	422	422	0.136578
949	12	5026	5026	0.440806
949	13	47196	47196	0.0554981
949	14	13	13	0
949	15	50256	50256	0.00053978
950	5	11	11	0.00551224
950	6	530	530	0.482895
950	7	256	256	0.791286
950	8	478	478	0.219395
950	9	9229	9229	0.152004
950	10	7480	7480	0.157604
950	11	1715	1715	0.308945
950	12	2412	2412	0.387325
950	13	11061	11061	0.0742702
950	14	1194	1194	0.71516
950	15	13	13	7.62939e-06
950	16	50256	50256	3.24249e-05
951	5	13017	13017	0.221068
951	6	6958	6958	0.236109
951	7	1626	1626	0.0444736
951	8	281	281	0.0397472
951	9	13187	13187	0.45013
951	10	13	13	0.00387955
951	11	50256	50256	1.90735e-06
952	5	262	262	0.000354767
952	6	1767	1767	0.555156
952	7	338	338	0.0422821
952	8	10900	10900	0.405292
952	9	18370	18370	0.0822296
952	10	13	13	0.00364494
952	11	50256	50256	0
953	5	10816	10816	0.717863
953	6	34537	34537	0.357313
953	7	1900	1900	0.144348
953	8	329	329	0.155737
953	9	1588	1588	0.55232
953	10	4636	4636	0.411682
953	11	874	874	0.584206
953	12	13	13	0
953	13	50256	50256	0
954	5	3994	3994	0.103849
954	6	5348	5348	0.392391
954	7	286	286	0.000940323
954	8	9838	9838	0.582603
954	9	5773	5773	0.216892
954	10	290	290	0.00191689
954	11	300	300	0.544665
954	12	12009	12009	0.135031
954	13	7408	7408	0.475674
954	14	11492	11492	0.186813
954	15	13	13	0.00202179
954	16	50256	50256	3.8147e-06
955	5	48573	48573	1.07232
955	6	4618	4618	0.355986
955	7	338	338	0.0884705
955	8	19643	5894	2.30102
955	9	2261	2261	0.537776
955	10	460	460	0.0267353
955	11	1205	1205	0.395963
955	12	656	656	0.0903111
955	13	257	257	0.00484085
955	14	9403	9403	1.05163
955	15	13	13	3.8147e-06
955	16	50256	50256	0
956	5	1663	1663	0.238459
956	6	287	287	0.00298691
956	7	17475	17475	0.730543
956	8	12493	12493	0.323871
956	9	12824	12824	0.418995
956	10	416	416	0.0215855
956	11	8268	8268	1.65124
956	12	1660	1660	0.318485
956	13	13	13	0
956	14	50256	50256	0
957	5	12	12	0.362619
957	6	46155	46155	0.83735
957	7	1296	1296	0.262556
957	8	286	286	0.284727
957	9	7729	1944	2.09367
957	10	3194	3194	0.624178
957	11	287	287	0.0493221
957	12	257	257	0.463501
957	13	8300	8300	0.781904
957	14	3303	3303	0.241539
957	15	13	13	4.95911e-05
957	16	50256	50256	0
958	5	905	905	0.283067
958	6	281	281	0.0342979
958	7	21388	21388	0.367619
958	8	18032	18032	0.266882
958	9	12	12	0.0353146
958	10	489	489	0.490265
958	11	1523	1523	0.202812
958	12	2776	2776	0.238504
958	13	287	287	0.0240383
958	14	3594	3594	0.481826
958	15	13	13	0.00247002
958	16	50256	50256	3.8147e-06
959	5	11	11	0.0453224
959	6	290	290	0.226612
959	7	1395	1395	1.76097
959	8	12	12	0.0291443
959	9	20477	20477	0.559195
959	10	5594	5594	0.26148
959	11	284	284	0.024147
959	12	262	262	0.126535
959	13	976	976	1.06862
959	14	31094	31094	0.999454
959	15	10958	10958	0.13118
959	16	13	13	9.53674e-06
959	17	50256	50256	3.8147e-06
960	5	14795	14795	0.126123
960	6	3754	3754	0.157505
960	7	11694	11694	0.13306
960	8	36103	36103	0.144016
960	9	4178	4178	0.0767994
960	10	287	287	0.0236893
960	11	9225	9225	0.302429
960	12	18671	18671	0.0887966
960	13	13	13	0
960	14	50256	50256	7.82013e-05
961	5	257	257	0.00842285
961	6	1486	1486	1.12687
961	7	416	416	0.0192223
961	8	5086	5086	1.03397
961	9	2587	2587	0.287579
961	10	284	284	0.0173664
961	11	1208	1208	1.94206
961	12	832	832	0.12163
961	13	6163	6163	0.670563
961	14	28431	28431	0.258017
961	15	13	13	0
961	16	50256	50256	0.000278473
962	5	257	257	0.0135288
962	6	9314	9314	0.402618
962	7	11	11	0.0181732
962	8	6149	6149	0.185685
962	9	4269	4269	0.156576
962	10	286	286	0.0101814
962	11	9881	9881	0.450522
962	12	13	13	0.0362606
962	13	50256	50256	0.00422668
963	5	22532	22532	0.284891
963	6	7475	7475	0.369305
963	7	287	287	0.0194016
963	8	281	281	0.0531654
963	9	3594	3594	1.50924
963	10	36246	36246	0.174107
963	11	13	13	0.007164
963	12	50256	50256	0
964	5	734	734	0.204651
964	6	8950	8950	0.585782
964	7	13	13	0.00440025
964	8	50256	50256	8.7738e-05
965	5	867	867	0.254494
965	6	5667	5667	0.946267
965	7	511	511	0.456193
965	8	16704	16704	0.715832
965	9	4077	4077	0.703823
965	10	3124	3124	1.43907
965	11	13	13	0.00128937
965	12	50256	50256	2.28882e-05
966	5	284	284	0.00621414
966	6	11945	11945	0.325764
966	7	287	287	0.0509529
966	8	262	262	0.00745964
966	9	1692	1692	0.920852
966	10	1767	1767	0.870009
966	11	13	13	0
966	12	50256	50256	7.62939e-06
967	5	5419	5419	0.135427
967	6	3608	1588	2.43534
967	7	262	262	0.125134
967	8	1692	1692	1.17469
967	9	1767	1767	0.522923
967	10	13	13	0
967	11	50256	50256	3.8147e-06
968	5	663	663	0.039957
968	6	20884	20884	0.56908
968	7	966	966	0.137335
968	8	13	13	0
968	9	50256	50256	3.8147e-06
969	5	9368	9368	0.656017
969	6	5374	5374	0.365913
969	7	83	83	0.167751
969	8	270	270	0.298382
969	9	9620	9620	0.540091
969	10	6204	6204	0.636775
969	11	319	319	0.0418968
969	12	281	281	0.0658531
969	13	7022	7022	0.592368
969	14	287	287	0.0413189
969	15	6233	6233	0.773819
969	16	3567	3567	0.313211
969	17	66	66	0.175173
969	18	25634	25634	0.150972
969	19	13	13	1.90735e-06
969	20	50256	50256	4.57764e-05
970	5	511	511	0.0738869
970	6	30514	30514	2.01876
970	7	284	284	0.254381
970	8	6654	6654	0.586883
970	9	23311	23311	0.143705
970	10	13	13	0.0108242
970	11	50256	50256	3.8147e-06
971	5	13055	13055	0.0430527
971	6	262	262	0.0163364
971	7	18560	18560	0.500494
971	8	1900	1900	0.0602875
971	9	355	355	0.0186405
971	10	262	262	0.008955
971	11	2892	2892	0.755626
971	12	64	64	0.182253
971	13	15378	15378	0.0969467
971	14	13	13	0
971	15	50256	50256	2.67029e-05
972	5	262	262	0.0345345
972	6	7475	1573	2.80692
972	7	286	286	0.0388966
972	8	257	257	0.120098
972	9	1573	1573	1.54383
972	10	393	393	0.187685
972	11	9546	9546	0.964876
972	12	284	284	0.00819206
972	13	1296	1296	0.697639
972	14	1194	1194	0.268961
972	15	13888	13888	0.544986
972	16	13	13	0.0175743
972	17	50256	50256	6.10352e-05
973	5	4886	4886	0.522479
973	6	23221	23221	0.342743
973	7	2458	2458	0.355892
973	8	284	284	0.0575142
973	9	257	257	0.053524
973	10	2512	1767	2.20591
973	11	286	286	0.038744
973	12	1366	1366	0.679376
973	13	13	13	0
973	14	50256	50256	3.8147e-06
974	5	16577	304	2.02507
974	6	336	336	1.16201
974	7	328	328	0.516116
974	8	5356	5356	0.291031
974	9	34262	34262	0.0799179
974	10	422	422	0.0215302
974	11	257	257	0.0633163
974	12	4693	4693	1.3489
974	13	286	286	0.0123634
974	14	6763	6763	0.842075
974	15	9042	9042	0.0748558
974	16	13	13	3.24249e-05
974	17	50256	50256	0
975	5	2344	2344	0.590813
975	6	18190	18190	1.06893
975	7	22425	22425	0.545633
975	8	6450	6450	0.318657
975	9	13	13	0.0165806
975	10	50256	50256	7.05719e-05
976	5	20838	20838	0.249124
976	6	11	11	0.0631008
976	7	16397	16397	1.04184
976	8	11	11	0.00424194
976	9	290	290	0.00468636
976	10	449	449	0.351803
976	11	391	391	0.605713
976	12	28814	28814	0.399216
976	13	13	13	0
976	14	50256	50256	0.00289917
977	5	290	290	0.0256023
977	6	39381	39381	0.417856
977	7	11061	11061	0.0855637
977	8	3668	3668	0.0839176
977	9	338	338	0.00861931
977	10	4417	4417	0.334476
977	11	13	13	0.00319481
977	12	50256	50256	0.00139427
978	5	2128	2081	3.71085
978	6	618	618	0.12599
978	7	1633	1633	0.591703
978	8	318	318	0.0654659
978	9	7924	7924	1.5845
978	10	1973	1973	0.585417
978	11	262	262	0.00753021
978	12	5743	3825	1.87205
978	13	286	286	0.0760975
978	14	663	663	0.170345
978	15	5422	5422	1.63361
978	16	7604	7604	0.283085
978	17	13	13	0.00309372
978	18	50256	50256	0.000106812
979	5	21558	21558	0.816076
979	6	416	416	0.212624
979	7	9645	14659	2.41964
979	8	340	340	0.65897
979	9	287	287	0.0562191
979	10	257	257	0.392857
979	11	8769	1692	2.71283
979	12	77	77	0.751526
979	13	13	13	1.52588e-05
979	14	50256	50256	9.91821e-05
980	5	1146	1146	0.119497
980	6	5047	5047	0.384108
980	7	13166	13166	0.294523
980	8	23537	23537	0.264648
980	9	422	422	0.102327
980	10	262	262	0.000413895
980	11	3825	3825	1.25718
980	12	13	13	0
980	13	50256	50256	3.8147e-06
981	5	286	286	0.00363541
981	6	17322	17322	1.4428
981	7	11	11	0.00173187
981	8	7363	6268	2.63155
981	9	319	319	0.0579796
981	10	262	262	0.0203552
981	11	6035	976	3.0807
981	12	3266	3266	0.259647
981	13	5866	5866	0.133951
981	14	13	13	0
981	15	50256	50256	4.95911e-05
982	5	373	373	0.0241089
982	6	925	925	0.0794334
982	7	329	329	0.0612297
982	8	262	262	0.000770569
982	9	22234	22234	1.39103
982	10	3716	3716	0.193624
982	11	286	286	0.0212212
982	12	31482	31482	0.248545
982	13	16380	16380	0.125101
982	14	31663	31663	0.0431862
982	15	13	13	7.62939e-06
982	16	50256	50256	0.000240326
983	5	393	393	0.0150204
983	6	9421	9421	0.620502
983	7	1063	1063	0.0682335
983	8	13	13	0
983	9	50256	50256	0.00791359
984	5	2134	2134	1.04015
984	6	338	338	0.156555
984	7	6268	6268	0.72116
984	8	3585	3585	0.41162
984	9	284	284	0.152676
984	10	262	262	0.148256
984	11	7346	7346	1.2304
984	12	1633	1633	0.703847
984	13	13	13	0
984	14	50256	50256	3.8147e-05
985	5	1123	1123	0.039711
985	6	5752	5752	2.28039
985	7	11	11	0.00641823
985	8	5721	5721	1.57983
985	9	11	11	0.0314827
985	10	290	290	0.135056
985	11	1115	1115	1.53917
985	12	12	12	0.0949383
985	13	1525	1525	0.701145
985	14	12	12	0.0552769
985	15	15542	1525	2.28656
985	16	3091	3091	0.612793
985	17	4909	4909	0.273428
985	18	262	262	0.0127983
985	19	19561	19561	1.40308
985	20	530	530	0.280533
985	21	832	832	0.130459
985	22	5193	5193	0.254318
985	23	1752	1752	0.21771
985	24	1123	1123	0.00615692
985	25	13	13	0
985	26	50256	50256	0
986	5	4909	4909	0.0887737
986	6	1115	1115	0.772784
986	7	12785	12785	1.29167
986	8	14729	14729	0.438249
986	9	286	286	0.012434
986	10	5100	5100	0.700459
986	11	7475	4417	1.34389
986	12	13	13	0
986	13	50256	50256	0
987	5	734	734	0.265789
987	6	3967	3967	1.39343
987	7	2659	2659	0.724479
987	8	271	271	0.311113
987	9	669	669	0.328214
987	10	13	13	0
987	11	50256	50256	0
988	5	286	286	0.0215912
988	6	257	257	0.0193882
988	7	19690	19690	0.662953
988	8	1683	1683	0.209402
988	9	14809	14809	0.210234
988	10	5509	5509	0.445377
988	11	13	13	3.8147e-06
988	12	50256	50256	3.8147e-06
989	5	7135	976	2.0128
989	6	314	314	0.441009
989	7	48476	48476	0.240391
989	8	14664	14664	0.138235
989	9	286	286	0.0120678
989	10	23519	23519	0.215467
989	11	13	13	1.90735e-05
989	12	50256	50256	5.72205e-06
990	5	19942	19942	0.330992
990	6	326	326	0.0200996
990	7	3994	3994	0.292866
990	8	663	663	0.131655
990	9	11904	11904	1.25875
990	10	13	13	0
990	11	50256	50256	4.19617e-05
991	5	3146	3146	1.6467
991	6	11	11	0.0775204
991	7	262	262	0.0335484
991	8	34768	1271	3.2051
991	9	1612	1612	1.39141
991	10	318	318	0.0177612
991	11	511	511	0.189692
991	12	2160	2160	2.34771
991	13	9086	9086	0.570089
991	14	416	416	0.00485611
991	15	511	511	0.0653591
991	16	954	954	0.503604
991	17	13	13	7.62939e-05
991	18	50256	50256	0
992	5	291	291	0.247814
992	6	2456	2456	1.21712
992	7	44638	44638	0.618173
992	8	393	393	0.0567818
992	9	1950	1950	0.528913
992	10	5238	5238	0.427588
992	11	11	11	0.0156307
992	12	355	355	0.090414
992	13	14713	14713	0.163234
992	14	857	857	0.0913563
992	15	13	13	0.00449753
992	16	50256	50256	1.90735e-05
993	5	5485	3491	1.62454
993	6	284	284	0.0309181
993	7	1037	1037	0.255466
993	8	2962	2962	1.23111
993	9	319	393	0.961792
993	10	5563	5563	0.454981
993	11	379	379	0.299782
993	12	1180	281	1.25016
993	13	18868	18868	0.700707
993	14	13	13	0.0191498
993	15	50256	50256	0
994	5	47306	47306	0.773812
994	6	2427	2427	0.327577
994	7	286	286	0.00189209
994	8	9194	9194	1.34989
994	9	12734	12734	0.898223
994	10	393	393	0.0513344
994	11	11904	11904	0.863799
994	12	13	13	0
994	13	50256	50256	6.48499e-05
995	5	20462	20462	0.2295
995	6	416	416	0.0177536
995	7	18381	18381	0.946756
995	8	449	449	0.15981
995	9	19210	19210	0.467299
995	10	287	287	0.0437412
995	11	4088	4088	0.528399
995	12	286	286	0.0159969
995	13	38367	38367	0.576841
995	14	83	83	0.182436
995	15	1031	1031	0.737115
995	16	8882	8882	0.368557
995	17	282	282	0.450578
995	18	13	13	0.00113678
995	19	50256	50256	0.000209808
996	5	9151	7022	2.70767
996	6	4417	4417	0.6002
996	7	290	290	0.00568008
996	8	18616	18616	0.80597
996	9	867	867	0.461164
996	10	5385	1402	2.43645
996	11	5417	5417	1.83924
996	12	9813	9813	1.67611
996	13	13	13	0.00056076
996	14	50256	50256	1.14441e-05
997	5	262	262	0.000463486
997	6	976	976	0.574561
997	7	19528	19528	0.349081
997	8	290	290	0.0125179
997	9	2651	2651	0.530184
997	10	739	739	0.0989513
997	11	663	663	0.0287323
997	12	7147	7147	0.963568
997	13	3555	3555	0.170164
997	14	9831	9831	0.0517731
997	15	13	13	4.57764e-05
997	16	50256	50256	7.62939e-06
998	5	460	460	0.020937
998	6	2380	2380	0.173891
998	7	17759	17759	0.27347
998	8	7310	7310	0.089119
998	9	1643	1643	0.354338
998	10	7572	7572	0.43131
998	11	13	13	0
998	12	50256	50256	4.57764e-05
999	5	4961	4961	0.793325
999	6	284	284	0.00606537
999	7	8208	8208	0.239507
999	8	12	12	0.0217705
999	9	13261	13261	0.542542
999	10	1411	1411	0.0718765
999	11	13	13	0
999	12	50256	50256	1.14441e-05
1000	5	1326	1326	0.243715
1000	6	263	263	0.175892
1000	7	338	338	0.0157299
1000	8	7430	7430	1.21373
1000	9	351	351	0.0877514
1000	10	257	257	0.0341225
1000	11	18482	18482	0.593498
1000	12	2905	2905	0.258398
1000	13	1806	1806	0.205009
1000	14	28539	28539	0.463175
1000	15	257	257	0.0351944
1000	16	3785	3785	0.410471
1000	17	5762	5762	0.229644
1000	18	257	257	0.00443077
1000	19	7858	7858	1.9716
1000	20	3820	3820	0.275089
1000	21	13	13	5.14984e-05
1000	22	50256	50256	1.90735e-06
1001	5	262	262	0.00328827
1001	6	2679	2679	0.996191
1001	7	291	291	0.204168
1001	8	8478	8478	0.193451
1001	9	286	286	0.0322762
1001	10	262	262	0.092474
1001	11	40136	40136	1.07849
1001	12	12	12	0.0494289
1001	13	22030	22030	1.07886
1001	14	3303	3303	0.649879
1001	15	1641	1641	0.0877247
1001	16	13	13	0
1001	17	50256	50256	3.05176e-05
1002	5	271	271	0.15373
1002	6	1630	1630	0.164875
1002	7	262	262	0.0146713
1002	8	2546	2546	0.936183
1002	9	286	286	0.018177
1002	10	262	262	0.00362968
1002	11	34047	34047	1.31675
1002	12	13	13	2.67029e-05
1002	13	50256	50256	0
1003	5	40959	40959	0.285658
1003	6	11	11	0.0141964
1003	7	38985	38985	0.227557
1003	8	1111	1111	0.16576
1003	9	6341	6341	0.24724
1003	10	286	286	0.0712242
1003	11	262	262	0.00761986
1003	12	6035	6035	1.02331
1003	13	3266	3266	0.624541
1003	14	13	13	0.0100498
1003	15	50256	50256	0
1004	5	290	290	0.0203686
1004	6	3771	3771	0.668741
1004	7	10456	10456	0.339043
1004	8	501	501	0.359447
1004	9	3033	3033	0.112143
1004	10	10674	10674	0.248232
1004	11	14025	14025	0.170858
1004	12	316	316	0.299062
1004	13	290	290	0.0195332
1004	14	16703	16703	1.65523
1004	15	10594	10594	0.141926
1004	16	1789	1789	0.183054
1004	17	7491	7491	0.134817
1004	18	948	948	0.0839252
1004	19	13	13	0.00870514
1004	20	50256	50256	1.14441e-05
1005	5	2714	2714	0.178591
1005	6	379	379	0.0831718
1005	7	45760	45760	0.498541
1005	8	287	287	0.0248585
1005	9	10315	10315	0.33449
1005	10	13	13	0.000482559
1005	11	50256	50256	0
1006	5	25299	25299	0.721522
1006	6	373	373	0.25836
1006	7	6198	6198	0.608402
1006	8	3170	3170	0.0549736
1006	9	355	355	0.367161
1006	10	257	257	0.0353985
1006	11	4302	4302	1.46376
1006	12	4928	4928	0.14752
1006	13	13	13	0
1006	14	50256	50256	5.34058e-05
1007	5	1204	1204	1.99499
1007	6	6772	6772	0.242228
1007	7	1626	1626	0.137135
1007	8	530	530	0.5697
1007	9	3957	3957	1.35756
1007	10	1622	1622	0.543741
1007	11	13	13	0.0555706
1007	12	50256	50256	8.7738e-05
1008	5	1440	1440	0.504736
1008	6	12	12	0.0799494
1008	7	32041	32041	1.93812
1008	8	9998	9998	0.28829
1008	9	286	286	0.0054245
1008	10	3668	3668	0.275248
1008	11	338	338	0.0579014
1008	12	5894	4618	2.31292
1008	13	8137	8137	0.917275
1008	14	416	416	0.0604057
1008	15	6115	6115	1.22918
1008	16	13	13	3.8147e-06
1008	17	50256	50256	0
1009	5	23129	23129	0.160843
1009	6	286	286	0.0289326
1009	7	262	262	0.00468063
1009	8	7993	7993	2.0881
1009	9	8065	8065	0.120464
1009	10	13	13	0.00403595
1009	11	50256	50256	1.90735e-05
1010	5	12278	12278	0.657918
1010	6	6737	6737	0.514284
1010	7	656	656	0.0496445
1010	8	38071	38071	1.18013
1010	9	326	326	0.144169
1010	10	4439	4439	0.189912
1010	11	2128	1588	7.34891
1010	12	13	13	0.00357437
1010	13	50256	50256	1.14441e-05
1011	5	8122	2568	4.21982
1011	6	3102	3102	0.724645
1011	7	46916	46916	0.249664
1011	8	11	11	0.304602
1011	9	4771	1660	2.10439
1011	10	24770	24770	0.791929
1011	11	11	11	0.23538
1011	12	393	393	0.00523376
1011	13	1111	1111	0.95998
1011	14	9951	9951	0.934307
1011	15	287	287	0.0457363
1011	16	1633	1633	1.36456
1011	17	13	13	0.0107994
1011	18	50256	50256	6.86646e-05
1012	5	8811	8811	0.688708
1012	6	1663	1663	1.0359
1012	7	355	355	0.0553417
1012	8	2060	2060	1.3451
1012	9	4778	4778	0.308678
1012	10	13	13	0.0382118
1012	11	50256	50256	0
1013	5	262	262	0.0182972
1013	6	19561	19561	1.59911
1013	7	6632	6632	0.317951
1013	8	290	290	0.00558662
1013	9	530	530	0.343338
1013	10	13	13	0.000268936
1013	11	50256	50256	0.000141144
1014	5	12389	12389	0.0497608
1014	6	286	286	0.000499725
1014	7	257	257	0.0252819
1014	8	1692	1692	0.44931
1014	9	16162	16162	0.142645
1014	10	13	13	1.71661e-05
1014	11	50256	50256	0.000276566
1015	5	422	422	0.198977
1015	6	257	257	0.0969582
1015	7	2166	2166	2.28688
1015	8	6333	6333	0.853708
1015	9	1806	1806	0.546864
1015	10	284	284	0.0199318
1015	11	257	257	0.0163231
1015	12	8286	4417	2.16236
1015	13	599	599	0.295086
1015	14	30431	30431	0.126764
1015	15	13	13	0
1015	16	50256	50256	3.8147e-06
1016	5	257	257	0.0227451
1016	6	11831	11831	0.16155
1016	7	5186	5186	0.204487
1016	8	1459	1459	0.949759
1016	9	284	284	0.0331173
1016	10	49306	49306	0.256191
1016	11	13	13	3.8147e-06
1016	12	50256	50256	3.8147e-06
1017	5	16649	16649	0.625714
1017	6	621	621	0.0491638
1017	7	2266	2266	0.0884037
1017	8	5788	11904	2.13877
1017	9	13	13	3.43323e-05
1017	10	50256	50256	3.8147e-06
1018	5	257	257	0.0184479
1018	6	4469	4469	0.609312
1018	7	2138	2138	0.024189
1018	8	621	621	0.0200214
1018	9	5055	5055	0.343182
1018	10	5000	5000	0.203796
1018	11	1479	1479	0.107035
1018	12	13	13	0
1018	13	50256	50256	3.8147e-06
1019	5	5594	5594	0.273393
1019	6	284	284	0.113287
1019	7	25794	12070	3.68737
1019	8	290	290	0.0372581
1019	9	6486	7386	2.82003
1019	10	287	287	0.00187302
1019	11	262	262	0.000461578
1019	12	8211	3139	3.29649
1019	13	10692	10692	0.193932
1019	14	13	13	1.14441e-05
1019	15	50256	50256	3.8147e-06
1020	5	2134	2134	0.307383
1020	6	1656	1656	0.350316
1020	7	284	284	0.0821133
1020	8	9117	9117	1.24859
1020	9	3812	3812	0.197592
1020	10	393	393	0.0230637
1020	11	1497	1497	0.578304
1020	12	422	422	0.0558929
1020	13	262	262	0.00418663
1020	14	19091	19091	1.2989
1020	15	13	13	3.8147e-06
1020	16	50256	50256	3.8147e-06
1021	5	416	416	0.0520954
1021	6	14583	14583	0.217355
1021	7	257	257	0.0185509
1021	8	1218	1218	1.17943
1021	9	1182	1182	0.390272
1021	10	706	706	0.162704
1021	11	36075	36075	0.256256
1021	12	13	13	0.0126781
1021	13	50256	50256	1.52588e-05
1022	5	9951	9951	0.678083
1022	6	2057	2057	0.893385
1022	7	422	422	0.146324
1022	8	262	262	0.0432415
1022	9	1660	1660	0.900687
1022	10	1088	284	0.860632
1022	11	606	606	0.151452
1022	12	13	13	0
1022	13	50256	50256	0.000427246
1023	5	41408	41408	0.0922604
1023	6	1088	1088	0.0942192
1023	7	6716	6716	0.146049
1023	8	6971	6971	0.77733
1023	9	13	13	0.000602722
1023	10	50256	50256	0.00174713
1024	5	4556	4556	0.0965118
1024	6	1223	1223	0.12023
1024	7	48237	48237	0.314359
1024	8	663	663	0.0344334
1024	9	9706	9706	0.412497
1024	10	13	13	1.90735e-06
1024	11	50256	50256	0.000192642
