layers=8 width=16 heads=1 feed_forward_width=64 parameters=847008 samples=1024 scored_targets=10002
2026-09-21 05:46:45 UTC step=0 elapsed_seconds=1.70009 mean_loss=10.8224 errors=10002/10002 exact_sentences=0/1024
2026-09-21 05:46:47 UTC completed_step=16 elapsed_seconds=3.59535 learning_rate=9.6e-05
2026-09-21 05:46:49 UTC completed_step=32 elapsed_seconds=5.27621 learning_rate=0.000192
2026-09-21 05:46:51 UTC completed_step=48 elapsed_seconds=6.95608 learning_rate=0.000288
2026-09-21 05:46:52 UTC completed_step=64 elapsed_seconds=8.63469 learning_rate=0.000384
2026-09-21 05:46:54 UTC completed_step=80 elapsed_seconds=10.3138 learning_rate=0.00048
2026-09-21 05:46:56 UTC completed_step=96 elapsed_seconds=11.9925 learning_rate=0.000576
2026-09-21 05:46:57 UTC completed_step=112 elapsed_seconds=13.6741 learning_rate=0.0006
2026-09-21 05:46:59 UTC completed_step=128 elapsed_seconds=15.3544 learning_rate=0.000599999
2026-09-21 05:47:01 UTC step=128 elapsed_seconds=17.0537 mean_loss=9.46105 errors=8978/10002 exact_sentences=0/1024
2026-09-21 05:47:02 UTC completed_step=144 elapsed_seconds=18.7409 learning_rate=0.000599998
2026-09-21 05:47:04 UTC completed_step=160 elapsed_seconds=20.4192 learning_rate=0.000599997
2026-09-21 05:47:06 UTC completed_step=176 elapsed_seconds=22.0985 learning_rate=0.000599995
2026-09-21 05:47:07 UTC completed_step=192 elapsed_seconds=23.7783 learning_rate=0.000599993
2026-09-21 05:47:09 UTC completed_step=208 elapsed_seconds=25.4579 learning_rate=0.00059999
2026-09-21 05:47:11 UTC completed_step=224 elapsed_seconds=27.138 learning_rate=0.000599987
2026-09-21 05:47:12 UTC completed_step=240 elapsed_seconds=28.8179 learning_rate=0.000599984
2026-09-21 05:47:14 UTC completed_step=256 elapsed_seconds=30.4976 learning_rate=0.00059998
2026-09-21 05:47:16 UTC step=256 elapsed_seconds=32.2038 mean_loss=7.44274 errors=8978/10002 exact_sentences=0/1024
2026-09-21 05:47:17 UTC completed_step=272 elapsed_seconds=33.8875 learning_rate=0.000599975
2026-09-21 05:47:19 UTC completed_step=288 elapsed_seconds=35.5672 learning_rate=0.00059997
2026-09-21 05:47:21 UTC completed_step=304 elapsed_seconds=37.2455 learning_rate=0.000599965
2026-09-21 05:47:23 UTC completed_step=320 elapsed_seconds=38.9273 learning_rate=0.00059996
2026-09-21 05:47:24 UTC completed_step=336 elapsed_seconds=40.6083 learning_rate=0.000599953
2026-09-21 05:47:26 UTC completed_step=352 elapsed_seconds=42.2888 learning_rate=0.000599947
2026-09-21 05:47:28 UTC completed_step=368 elapsed_seconds=43.9704 learning_rate=0.00059994
2026-09-21 05:47:29 UTC completed_step=384 elapsed_seconds=45.6522 learning_rate=0.000599933
2026-09-21 05:47:31 UTC step=384 elapsed_seconds=47.3615 mean_loss=6.34025 errors=8978/10002 exact_sentences=0/1024
2026-09-21 05:47:33 UTC completed_step=400 elapsed_seconds=49.048 learning_rate=0.000599925
2026-09-21 05:47:34 UTC completed_step=416 elapsed_seconds=50.7315 learning_rate=0.000599916
2026-09-21 05:47:36 UTC completed_step=432 elapsed_seconds=52.4151 learning_rate=0.000599908
2026-09-21 05:47:38 UTC completed_step=448 elapsed_seconds=54.0986 learning_rate=0.000599899
2026-09-21 05:47:39 UTC completed_step=464 elapsed_seconds=55.7807 learning_rate=0.000599889
2026-09-21 05:47:41 UTC completed_step=480 elapsed_seconds=57.4636 learning_rate=0.000599879
2026-09-21 05:47:43 UTC completed_step=496 elapsed_seconds=59.1453 learning_rate=0.000599869
2026-09-21 05:47:44 UTC completed_step=512 elapsed_seconds=60.8233 learning_rate=0.000599858
2026-09-21 05:47:46 UTC step=512 elapsed_seconds=62.5116 mean_loss=6.06528 errors=8015/10002 exact_sentences=1/1024
2026-09-21 05:47:48 UTC completed_step=528 elapsed_seconds=64.1987 learning_rate=0.000599847
2026-09-21 05:47:49 UTC completed_step=544 elapsed_seconds=65.8785 learning_rate=0.000599835
2026-09-21 05:47:51 UTC completed_step=560 elapsed_seconds=67.558 learning_rate=0.000599823
2026-09-21 05:47:53 UTC completed_step=576 elapsed_seconds=69.2386 learning_rate=0.00059981
2026-09-21 05:47:55 UTC completed_step=592 elapsed_seconds=70.9182 learning_rate=0.000599797
2026-09-21 05:47:56 UTC completed_step=608 elapsed_seconds=72.5993 learning_rate=0.000599784
2026-09-21 05:47:58 UTC completed_step=624 elapsed_seconds=74.28 learning_rate=0.00059977
2026-09-21 05:48:00 UTC completed_step=640 elapsed_seconds=75.9608 learning_rate=0.000599756
2026-09-21 05:48:01 UTC step=640 elapsed_seconds=77.6504 mean_loss=5.83675 errors=7956/10002 exact_sentences=1/1024
2026-09-21 05:48:03 UTC completed_step=656 elapsed_seconds=79.3357 learning_rate=0.000599741
2026-09-21 05:48:05 UTC completed_step=672 elapsed_seconds=81.0176 learning_rate=0.000599726
2026-09-21 05:48:06 UTC completed_step=688 elapsed_seconds=82.6964 learning_rate=0.000599711
2026-09-21 05:48:08 UTC completed_step=704 elapsed_seconds=84.3766 learning_rate=0.000599695
2026-09-21 05:48:10 UTC completed_step=720 elapsed_seconds=86.0574 learning_rate=0.000599678
2026-09-21 05:48:11 UTC completed_step=736 elapsed_seconds=87.7385 learning_rate=0.000599662
2026-09-21 05:48:13 UTC completed_step=752 elapsed_seconds=89.4205 learning_rate=0.000599644
2026-09-21 05:48:15 UTC completed_step=768 elapsed_seconds=91.1023 learning_rate=0.000599627
2026-09-21 05:48:16 UTC step=768 elapsed_seconds=92.7964 mean_loss=5.57527 errors=7661/10002 exact_sentences=1/1024
2026-09-21 05:48:18 UTC completed_step=784 elapsed_seconds=94.4834 learning_rate=0.000599609
2026-09-21 05:48:20 UTC completed_step=800 elapsed_seconds=96.1629 learning_rate=0.00059959
2026-09-21 05:48:21 UTC completed_step=816 elapsed_seconds=97.8416 learning_rate=0.000599571
2026-09-21 05:48:23 UTC completed_step=832 elapsed_seconds=99.5216 learning_rate=0.000599552
2026-09-21 05:48:25 UTC completed_step=848 elapsed_seconds=101.201 learning_rate=0.000599532
2026-09-21 05:48:26 UTC completed_step=864 elapsed_seconds=102.881 learning_rate=0.000599512
2026-09-21 05:48:28 UTC completed_step=880 elapsed_seconds=104.562 learning_rate=0.000599491
2026-09-21 05:48:30 UTC completed_step=896 elapsed_seconds=106.242 learning_rate=0.00059947
2026-09-21 05:48:32 UTC step=896 elapsed_seconds=107.928 mean_loss=5.37199 errors=7598/10002 exact_sentences=1/1024
2026-09-21 05:48:33 UTC completed_step=912 elapsed_seconds=109.614 learning_rate=0.000599448
2026-09-21 05:48:35 UTC completed_step=928 elapsed_seconds=111.295 learning_rate=0.000599426
2026-09-21 05:48:37 UTC completed_step=944 elapsed_seconds=112.976 learning_rate=0.000599404
2026-09-21 05:48:38 UTC completed_step=960 elapsed_seconds=114.655 learning_rate=0.000599381
2026-09-21 05:48:40 UTC completed_step=976 elapsed_seconds=116.334 learning_rate=0.000599358
2026-09-21 05:48:42 UTC completed_step=992 elapsed_seconds=118.016 learning_rate=0.000599334
2026-09-21 05:48:43 UTC completed_step=1008 elapsed_seconds=119.7 learning_rate=0.00059931
2026-09-21 05:48:45 UTC completed_step=1024 elapsed_seconds=121.384 learning_rate=0.000599286
2026-09-21 05:48:47 UTC step=1024 elapsed_seconds=123.082 mean_loss=5.21352 errors=7526/10002 exact_sentences=1/1024
2026-09-21 05:48:48 UTC completed_step=1040 elapsed_seconds=124.773 learning_rate=0.000599261
2026-09-21 05:48:50 UTC completed_step=1056 elapsed_seconds=126.453 learning_rate=0.000599235
2026-09-21 05:48:52 UTC completed_step=1072 elapsed_seconds=128.133 learning_rate=0.00059921
2026-09-21 05:48:53 UTC completed_step=1088 elapsed_seconds=129.815 learning_rate=0.000599183
2026-09-21 05:48:55 UTC completed_step=1104 elapsed_seconds=131.495 learning_rate=0.000599157
2026-09-21 05:48:57 UTC completed_step=1120 elapsed_seconds=133.177 learning_rate=0.00059913
2026-09-21 05:48:58 UTC completed_step=1136 elapsed_seconds=134.859 learning_rate=0.000599102
2026-09-21 05:49:00 UTC completed_step=1152 elapsed_seconds=136.539 learning_rate=0.000599074
2026-09-21 05:49:02 UTC step=1152 elapsed_seconds=138.242 mean_loss=5.08263 errors=7439/10002 exact_sentences=1/1024
2026-09-21 05:49:04 UTC completed_step=1168 elapsed_seconds=139.928 learning_rate=0.000599046
2026-09-21 05:49:05 UTC completed_step=1184 elapsed_seconds=141.609 learning_rate=0.000599017
2026-09-21 05:49:07 UTC completed_step=1200 elapsed_seconds=143.288 learning_rate=0.000598988
2026-09-21 05:49:09 UTC completed_step=1216 elapsed_seconds=144.968 learning_rate=0.000598958
2026-09-21 05:49:10 UTC completed_step=1232 elapsed_seconds=146.649 learning_rate=0.000598928
2026-09-21 05:49:12 UTC completed_step=1248 elapsed_seconds=148.33 learning_rate=0.000598898
2026-09-21 05:49:14 UTC completed_step=1264 elapsed_seconds=150.011 learning_rate=0.000598867
2026-09-21 05:49:15 UTC completed_step=1280 elapsed_seconds=151.692 learning_rate=0.000598836
2026-09-21 05:49:17 UTC step=1280 elapsed_seconds=153.403 mean_loss=4.97781 errors=7432/10002 exact_sentences=1/1024
2026-09-21 05:49:19 UTC completed_step=1296 elapsed_seconds=155.088 learning_rate=0.000598804
2026-09-21 05:49:20 UTC completed_step=1312 elapsed_seconds=156.769 learning_rate=0.000598772
2026-09-21 05:49:22 UTC completed_step=1328 elapsed_seconds=158.451 learning_rate=0.000598739
2026-09-21 05:49:24 UTC completed_step=1344 elapsed_seconds=160.133 learning_rate=0.000598706
2026-09-21 05:49:25 UTC completed_step=1360 elapsed_seconds=161.814 learning_rate=0.000598672
2026-09-21 05:49:27 UTC completed_step=1376 elapsed_seconds=163.496 learning_rate=0.000598638
2026-09-21 05:49:29 UTC completed_step=1392 elapsed_seconds=165.175 learning_rate=0.000598604
2026-09-21 05:49:30 UTC completed_step=1408 elapsed_seconds=166.854 learning_rate=0.000598569
2026-09-21 05:49:32 UTC step=1408 elapsed_seconds=168.542 mean_loss=4.89737 errors=7302/10002 exact_sentences=1/1024
2026-09-21 05:49:34 UTC completed_step=1424 elapsed_seconds=170.227 learning_rate=0.000598534
2026-09-21 05:49:36 UTC completed_step=1440 elapsed_seconds=171.91 learning_rate=0.000598499
2026-09-21 05:49:37 UTC completed_step=1456 elapsed_seconds=173.592 learning_rate=0.000598463
2026-09-21 05:49:39 UTC completed_step=1472 elapsed_seconds=175.275 learning_rate=0.000598426
2026-09-21 05:49:41 UTC completed_step=1488 elapsed_seconds=176.958 learning_rate=0.000598389
2026-09-21 05:49:42 UTC completed_step=1504 elapsed_seconds=178.64 learning_rate=0.000598352
2026-09-21 05:49:44 UTC completed_step=1520 elapsed_seconds=180.321 learning_rate=0.000598314
2026-09-21 05:49:46 UTC completed_step=1536 elapsed_seconds=182.004 learning_rate=0.000598276
2026-09-21 05:49:47 UTC step=1536 elapsed_seconds=183.693 mean_loss=4.77476 errors=7237/10002 exact_sentences=1/1024
2026-09-21 05:49:49 UTC completed_step=1552 elapsed_seconds=185.381 learning_rate=0.000598237
2026-09-21 05:49:51 UTC completed_step=1568 elapsed_seconds=187.061 learning_rate=0.000598198
2026-09-21 05:49:52 UTC completed_step=1584 elapsed_seconds=188.742 learning_rate=0.000598159
2026-09-21 05:49:54 UTC completed_step=1600 elapsed_seconds=190.424 learning_rate=0.000598119
2026-09-21 05:49:56 UTC completed_step=1616 elapsed_seconds=192.106 learning_rate=0.000598079
2026-09-21 05:49:57 UTC completed_step=1632 elapsed_seconds=193.788 learning_rate=0.000598038
2026-09-21 05:49:59 UTC completed_step=1648 elapsed_seconds=195.469 learning_rate=0.000597997
2026-09-21 05:50:01 UTC completed_step=1664 elapsed_seconds=197.15 learning_rate=0.000597955
2026-09-21 05:50:02 UTC step=1664 elapsed_seconds=198.838 mean_loss=4.68945 errors=7157/10002 exact_sentences=1/1024
2026-09-21 05:50:04 UTC completed_step=1680 elapsed_seconds=200.525 learning_rate=0.000597913
2026-09-21 05:50:06 UTC completed_step=1696 elapsed_seconds=202.208 learning_rate=0.000597871
2026-09-21 05:50:07 UTC completed_step=1712 elapsed_seconds=203.89 learning_rate=0.000597828
2026-09-21 05:50:09 UTC completed_step=1728 elapsed_seconds=205.572 learning_rate=0.000597785
2026-09-21 05:50:11 UTC completed_step=1744 elapsed_seconds=207.253 learning_rate=0.000597741
2026-09-21 05:50:13 UTC completed_step=1760 elapsed_seconds=208.933 learning_rate=0.000597697
2026-09-21 05:50:14 UTC completed_step=1776 elapsed_seconds=210.613 learning_rate=0.000597653
2026-09-21 05:50:16 UTC completed_step=1792 elapsed_seconds=212.294 learning_rate=0.000597608
2026-09-21 05:50:18 UTC step=1792 elapsed_seconds=213.997 mean_loss=4.59463 errors=7097/10002 exact_sentences=1/1024
2026-09-21 05:50:19 UTC completed_step=1808 elapsed_seconds=215.682 learning_rate=0.000597562
2026-09-21 05:50:21 UTC completed_step=1824 elapsed_seconds=217.363 learning_rate=0.000597516
2026-09-21 05:50:23 UTC completed_step=1840 elapsed_seconds=219.047 learning_rate=0.00059747
2026-09-21 05:50:24 UTC completed_step=1856 elapsed_seconds=220.732 learning_rate=0.000597423
2026-09-21 05:50:26 UTC completed_step=1872 elapsed_seconds=222.417 learning_rate=0.000597376
2026-09-21 05:50:28 UTC completed_step=1888 elapsed_seconds=224.101 learning_rate=0.000597329
2026-09-21 05:50:29 UTC completed_step=1904 elapsed_seconds=225.783 learning_rate=0.000597281
2026-09-21 05:50:31 UTC completed_step=1920 elapsed_seconds=227.465 learning_rate=0.000597232
2026-09-21 05:50:33 UTC step=1920 elapsed_seconds=229.149 mean_loss=4.53147 errors=6930/10002 exact_sentences=1/1024
2026-09-21 05:50:34 UTC completed_step=1936 elapsed_seconds=230.837 learning_rate=0.000597184
2026-09-21 05:50:36 UTC completed_step=1952 elapsed_seconds=232.517 learning_rate=0.000597135
2026-09-21 05:50:38 UTC completed_step=1968 elapsed_seconds=234.199 learning_rate=0.000597085
2026-09-21 05:50:39 UTC completed_step=1984 elapsed_seconds=235.88 learning_rate=0.000597035
2026-09-21 05:50:41 UTC completed_step=2000 elapsed_seconds=237.561 learning_rate=0.000596984
2026-09-21 05:50:43 UTC completed_step=2016 elapsed_seconds=239.243 learning_rate=0.000596933
2026-09-21 05:50:45 UTC completed_step=2032 elapsed_seconds=240.927 learning_rate=0.000596882
2026-09-21 05:50:46 UTC completed_step=2048 elapsed_seconds=242.609 learning_rate=0.00059683
2026-09-21 05:50:48 UTC step=2048 elapsed_seconds=244.31 mean_loss=4.41383 errors=6932/10002 exact_sentences=1/1024
2026-09-21 05:50:50 UTC completed_step=2064 elapsed_seconds=245.999 learning_rate=0.000596778
2026-09-21 05:50:51 UTC completed_step=2080 elapsed_seconds=247.681 learning_rate=0.000596726
2026-09-21 05:50:53 UTC completed_step=2096 elapsed_seconds=249.363 learning_rate=0.000596673
2026-09-21 05:50:55 UTC completed_step=2112 elapsed_seconds=251.043 learning_rate=0.000596619
2026-09-21 05:50:56 UTC completed_step=2128 elapsed_seconds=252.725 learning_rate=0.000596565
2026-09-21 05:50:58 UTC completed_step=2144 elapsed_seconds=254.409 learning_rate=0.000596511
2026-09-21 05:51:00 UTC completed_step=2160 elapsed_seconds=256.09 learning_rate=0.000596456
2026-09-21 05:51:01 UTC completed_step=2176 elapsed_seconds=257.772 learning_rate=0.000596401
2026-09-21 05:51:03 UTC step=2176 elapsed_seconds=259.488 mean_loss=4.31875 errors=6764/10002 exact_sentences=1/1024
2026-09-21 05:51:05 UTC completed_step=2192 elapsed_seconds=261.178 learning_rate=0.000596346
2026-09-21 05:51:06 UTC completed_step=2208 elapsed_seconds=262.864 learning_rate=0.00059629
2026-09-21 05:51:08 UTC completed_step=2224 elapsed_seconds=264.548 learning_rate=0.000596233
2026-09-21 05:51:10 UTC completed_step=2240 elapsed_seconds=266.234 learning_rate=0.000596176
2026-09-21 05:51:12 UTC completed_step=2256 elapsed_seconds=267.919 learning_rate=0.000596119
2026-09-21 05:51:13 UTC completed_step=2272 elapsed_seconds=269.602 learning_rate=0.000596061
2026-09-21 05:51:15 UTC completed_step=2288 elapsed_seconds=271.285 learning_rate=0.000596003
2026-09-21 05:51:17 UTC completed_step=2304 elapsed_seconds=272.967 learning_rate=0.000595945
2026-09-21 05:51:18 UTC step=2304 elapsed_seconds=274.667 mean_loss=4.23799 errors=6668/10002 exact_sentences=1/1024
2026-09-21 05:51:20 UTC completed_step=2320 elapsed_seconds=276.354 learning_rate=0.000595886
2026-09-21 05:51:22 UTC completed_step=2336 elapsed_seconds=278.036 learning_rate=0.000595826
2026-09-21 05:51:23 UTC completed_step=2352 elapsed_seconds=279.718 learning_rate=0.000595767
2026-09-21 05:51:25 UTC completed_step=2368 elapsed_seconds=281.4 learning_rate=0.000595706
2026-09-21 05:51:27 UTC completed_step=2384 elapsed_seconds=283.082 learning_rate=0.000595646
2026-09-21 05:51:28 UTC completed_step=2400 elapsed_seconds=284.763 learning_rate=0.000595585
2026-09-21 05:51:30 UTC completed_step=2416 elapsed_seconds=286.446 learning_rate=0.000595523
2026-09-21 05:51:32 UTC completed_step=2432 elapsed_seconds=288.128 learning_rate=0.000595461
2026-09-21 05:51:33 UTC step=2432 elapsed_seconds=289.847 mean_loss=4.14864 errors=6532/10002 exact_sentences=1/1024
2026-09-21 05:51:35 UTC completed_step=2448 elapsed_seconds=291.535 learning_rate=0.000595399
2026-09-21 05:51:37 UTC completed_step=2464 elapsed_seconds=293.217 learning_rate=0.000595336
2026-09-21 05:51:38 UTC completed_step=2480 elapsed_seconds=294.898 learning_rate=0.000595273
2026-09-21 05:51:40 UTC completed_step=2496 elapsed_seconds=296.58 learning_rate=0.00059521
2026-09-21 05:51:42 UTC completed_step=2512 elapsed_seconds=298.261 learning_rate=0.000595146
2026-09-21 05:51:44 UTC completed_step=2528 elapsed_seconds=299.945 learning_rate=0.000595081
2026-09-21 05:51:45 UTC completed_step=2544 elapsed_seconds=301.628 learning_rate=0.000595016
2026-09-21 05:51:47 UTC completed_step=2560 elapsed_seconds=303.312 learning_rate=0.000594951
2026-09-21 05:51:49 UTC step=2560 elapsed_seconds=305.005 mean_loss=4.061 errors=6391/10002 exact_sentences=1/1024
2026-09-21 05:51:50 UTC completed_step=2576 elapsed_seconds=306.7 learning_rate=0.000594885
2026-09-21 05:51:52 UTC completed_step=2592 elapsed_seconds=308.388 learning_rate=0.000594819
2026-09-21 05:51:54 UTC completed_step=2608 elapsed_seconds=310.075 learning_rate=0.000594753
2026-09-21 05:51:55 UTC completed_step=2624 elapsed_seconds=311.756 learning_rate=0.000594686
2026-09-21 05:51:57 UTC completed_step=2640 elapsed_seconds=313.439 learning_rate=0.000594618
2026-09-21 05:51:59 UTC completed_step=2656 elapsed_seconds=315.123 learning_rate=0.000594551
2026-09-21 05:52:00 UTC completed_step=2672 elapsed_seconds=316.806 learning_rate=0.000594482
2026-09-21 05:52:02 UTC completed_step=2688 elapsed_seconds=318.488 learning_rate=0.000594414
2026-09-21 05:52:04 UTC step=2688 elapsed_seconds=320.22 mean_loss=3.98105 errors=6463/10002 exact_sentences=1/1024
2026-09-21 05:52:05 UTC completed_step=2704 elapsed_seconds=321.908 learning_rate=0.000594345
2026-09-21 05:52:07 UTC completed_step=2720 elapsed_seconds=323.589 learning_rate=0.000594275
2026-09-21 05:52:09 UTC completed_step=2736 elapsed_seconds=325.271 learning_rate=0.000594205
2026-09-21 05:52:11 UTC completed_step=2752 elapsed_seconds=326.953 learning_rate=0.000594135
2026-09-21 05:52:12 UTC completed_step=2768 elapsed_seconds=328.635 learning_rate=0.000594064
2026-09-21 05:52:14 UTC completed_step=2784 elapsed_seconds=330.318 learning_rate=0.000593993
2026-09-21 05:52:16 UTC completed_step=2800 elapsed_seconds=332.001 learning_rate=0.000593922
2026-09-21 05:52:17 UTC completed_step=2816 elapsed_seconds=333.683 learning_rate=0.00059385
2026-09-21 05:52:19 UTC step=2816 elapsed_seconds=335.374 mean_loss=3.87115 errors=6222/10002 exact_sentences=1/1024
2026-09-21 05:52:21 UTC completed_step=2832 elapsed_seconds=337.061 learning_rate=0.000593777
2026-09-21 05:52:22 UTC completed_step=2848 elapsed_seconds=338.744 learning_rate=0.000593705
2026-09-21 05:52:24 UTC completed_step=2864 elapsed_seconds=340.426 learning_rate=0.000593631
2026-09-21 05:52:26 UTC completed_step=2880 elapsed_seconds=342.108 learning_rate=0.000593558
2026-09-21 05:52:27 UTC completed_step=2896 elapsed_seconds=343.789 learning_rate=0.000593484
2026-09-21 05:52:29 UTC completed_step=2912 elapsed_seconds=345.473 learning_rate=0.000593409
2026-09-21 05:52:31 UTC completed_step=2928 elapsed_seconds=347.16 learning_rate=0.000593334
2026-09-21 05:52:32 UTC completed_step=2944 elapsed_seconds=348.848 learning_rate=0.000593259
2026-09-21 05:52:34 UTC step=2944 elapsed_seconds=350.538 mean_loss=3.80108 errors=6212/10002 exact_sentences=1/1024
2026-09-21 05:52:36 UTC completed_step=2960 elapsed_seconds=352.23 learning_rate=0.000593183
2026-09-21 05:52:38 UTC completed_step=2976 elapsed_seconds=353.917 learning_rate=0.000593107
2026-09-21 05:52:39 UTC completed_step=2992 elapsed_seconds=355.605 learning_rate=0.00059303
2026-09-21 05:52:41 UTC completed_step=3008 elapsed_seconds=357.292 learning_rate=0.000592953
2026-09-21 05:52:43 UTC completed_step=3024 elapsed_seconds=358.976 learning_rate=0.000592876
2026-09-21 05:52:44 UTC completed_step=3040 elapsed_seconds=360.661 learning_rate=0.000592798
2026-09-21 05:52:46 UTC completed_step=3056 elapsed_seconds=362.344 learning_rate=0.00059272
2026-09-21 05:52:48 UTC completed_step=3072 elapsed_seconds=364.026 learning_rate=0.000592641
2026-09-21 05:52:49 UTC step=3072 elapsed_seconds=365.71 mean_loss=3.71246 errors=6122/10002 exact_sentences=1/1024
2026-09-21 05:52:51 UTC completed_step=3088 elapsed_seconds=367.401 learning_rate=0.000592562
2026-09-21 05:52:53 UTC completed_step=3104 elapsed_seconds=369.084 learning_rate=0.000592483
2026-09-21 05:52:54 UTC completed_step=3120 elapsed_seconds=370.767 learning_rate=0.000592403
2026-09-21 05:52:56 UTC completed_step=3136 elapsed_seconds=372.451 learning_rate=0.000592322
2026-09-21 05:52:58 UTC completed_step=3152 elapsed_seconds=374.135 learning_rate=0.000592242
2026-09-21 05:52:59 UTC completed_step=3168 elapsed_seconds=375.818 learning_rate=0.000592161
2026-09-21 05:53:01 UTC completed_step=3184 elapsed_seconds=377.502 learning_rate=0.000592079
2026-09-21 05:53:03 UTC completed_step=3200 elapsed_seconds=379.185 learning_rate=0.000591997
2026-09-21 05:53:04 UTC step=3200 elapsed_seconds=380.871 mean_loss=3.64505 errors=6137/10002 exact_sentences=1/1024
2026-09-21 05:53:06 UTC completed_step=3216 elapsed_seconds=382.558 learning_rate=0.000591915
2026-09-21 05:53:08 UTC completed_step=3232 elapsed_seconds=384.24 learning_rate=0.000591832
2026-09-21 05:53:10 UTC completed_step=3248 elapsed_seconds=385.922 learning_rate=0.000591749
2026-09-21 05:53:11 UTC completed_step=3264 elapsed_seconds=387.603 learning_rate=0.000591665
2026-09-21 05:53:13 UTC completed_step=3280 elapsed_seconds=389.286 learning_rate=0.000591581
2026-09-21 05:53:15 UTC completed_step=3296 elapsed_seconds=390.969 learning_rate=0.000591496
2026-09-21 05:53:16 UTC completed_step=3312 elapsed_seconds=392.652 learning_rate=0.000591411
2026-09-21 05:53:18 UTC completed_step=3328 elapsed_seconds=394.335 learning_rate=0.000591326
2026-09-21 05:53:20 UTC step=3328 elapsed_seconds=396.027 mean_loss=3.55565 errors=6000/10002 exact_sentences=1/1024
2026-09-21 05:53:21 UTC completed_step=3344 elapsed_seconds=397.715 learning_rate=0.00059124
2026-09-21 05:53:23 UTC completed_step=3360 elapsed_seconds=399.398 learning_rate=0.000591154
2026-09-21 05:53:25 UTC completed_step=3376 elapsed_seconds=401.078 learning_rate=0.000591068
2026-09-21 05:53:26 UTC completed_step=3392 elapsed_seconds=402.759 learning_rate=0.000590981
2026-09-21 05:53:28 UTC completed_step=3408 elapsed_seconds=404.44 learning_rate=0.000590893
2026-09-21 05:53:30 UTC completed_step=3424 elapsed_seconds=406.123 learning_rate=0.000590805
2026-09-21 05:53:31 UTC completed_step=3440 elapsed_seconds=407.806 learning_rate=0.000590717
2026-09-21 05:53:33 UTC completed_step=3456 elapsed_seconds=409.487 learning_rate=0.000590629
2026-09-21 05:53:35 UTC step=3456 elapsed_seconds=411.18 mean_loss=3.47564 errors=5821/10002 exact_sentences=1/1024
2026-09-21 05:53:36 UTC completed_step=3472 elapsed_seconds=412.868 learning_rate=0.00059054
2026-09-21 05:53:38 UTC completed_step=3488 elapsed_seconds=414.551 learning_rate=0.00059045
2026-09-21 05:53:40 UTC completed_step=3504 elapsed_seconds=416.233 learning_rate=0.00059036
2026-09-21 05:53:42 UTC completed_step=3520 elapsed_seconds=417.914 learning_rate=0.00059027
2026-09-21 05:53:43 UTC completed_step=3536 elapsed_seconds=419.595 learning_rate=0.000590179
2026-09-21 05:53:45 UTC completed_step=3552 elapsed_seconds=421.277 learning_rate=0.000590088
2026-09-21 05:53:47 UTC completed_step=3568 elapsed_seconds=422.96 learning_rate=0.000589997
2026-09-21 05:53:48 UTC completed_step=3584 elapsed_seconds=424.642 learning_rate=0.000589905
2026-09-21 05:53:50 UTC step=3584 elapsed_seconds=426.335 mean_loss=3.39571 errors=5757/10002 exact_sentences=1/1024
2026-09-21 05:53:52 UTC completed_step=3600 elapsed_seconds=428.025 learning_rate=0.000589812
2026-09-21 05:53:53 UTC completed_step=3616 elapsed_seconds=429.708 learning_rate=0.00058972
2026-09-21 05:53:55 UTC completed_step=3632 elapsed_seconds=431.391 learning_rate=0.000589626
2026-09-21 05:53:57 UTC completed_step=3648 elapsed_seconds=433.073 learning_rate=0.000589533
2026-09-21 05:53:58 UTC completed_step=3664 elapsed_seconds=434.755 learning_rate=0.000589439
2026-09-21 05:54:00 UTC completed_step=3680 elapsed_seconds=436.437 learning_rate=0.000589344
2026-09-21 05:54:02 UTC completed_step=3696 elapsed_seconds=438.12 learning_rate=0.00058925
2026-09-21 05:54:03 UTC completed_step=3712 elapsed_seconds=439.801 learning_rate=0.000589154
2026-09-21 05:54:05 UTC step=3712 elapsed_seconds=441.493 mean_loss=3.31077 errors=5680/10002 exact_sentences=1/1024
2026-09-21 05:54:07 UTC completed_step=3728 elapsed_seconds=443.18 learning_rate=0.000589059
2026-09-21 05:54:08 UTC completed_step=3744 elapsed_seconds=444.862 learning_rate=0.000588963
2026-09-21 05:54:10 UTC completed_step=3760 elapsed_seconds=446.547 learning_rate=0.000588866
2026-09-21 05:54:12 UTC completed_step=3776 elapsed_seconds=448.231 learning_rate=0.000588769
2026-09-21 05:54:14 UTC completed_step=3792 elapsed_seconds=449.916 learning_rate=0.000588672
2026-09-21 05:54:15 UTC completed_step=3808 elapsed_seconds=451.598 learning_rate=0.000588574
2026-09-21 05:54:17 UTC completed_step=3824 elapsed_seconds=453.28 learning_rate=0.000588476
2026-09-21 05:54:19 UTC completed_step=3840 elapsed_seconds=454.961 learning_rate=0.000588378
2026-09-21 05:54:20 UTC step=3840 elapsed_seconds=456.658 mean_loss=3.2363 errors=5584/10002 exact_sentences=2/1024
2026-09-21 05:54:22 UTC completed_step=3856 elapsed_seconds=458.347 learning_rate=0.000588279
2026-09-21 05:54:24 UTC completed_step=3872 elapsed_seconds=460.03 learning_rate=0.00058818
2026-09-21 05:54:25 UTC completed_step=3888 elapsed_seconds=461.714 learning_rate=0.00058808
2026-09-21 05:54:27 UTC completed_step=3904 elapsed_seconds=463.397 learning_rate=0.00058798
2026-09-21 05:54:29 UTC completed_step=3920 elapsed_seconds=465.079 learning_rate=0.000587879
2026-09-21 05:54:30 UTC completed_step=3936 elapsed_seconds=466.762 learning_rate=0.000587778
2026-09-21 05:54:32 UTC completed_step=3952 elapsed_seconds=468.445 learning_rate=0.000587677
2026-09-21 05:54:34 UTC completed_step=3968 elapsed_seconds=470.127 learning_rate=0.000587575
2026-09-21 05:54:35 UTC step=3968 elapsed_seconds=471.816 mean_loss=3.15646 errors=5428/10002 exact_sentences=2/1024
2026-09-21 05:54:37 UTC completed_step=3984 elapsed_seconds=473.503 learning_rate=0.000587473
2026-09-21 05:54:39 UTC completed_step=4000 elapsed_seconds=475.186 learning_rate=0.00058737
2026-09-21 05:54:40 UTC completed_step=4016 elapsed_seconds=476.871 learning_rate=0.000587267
2026-09-21 05:54:42 UTC completed_step=4032 elapsed_seconds=478.553 learning_rate=0.000587164
2026-09-21 05:54:44 UTC completed_step=4048 elapsed_seconds=480.236 learning_rate=0.00058706
2026-09-21 05:54:46 UTC completed_step=4064 elapsed_seconds=481.918 learning_rate=0.000586956
2026-09-21 05:54:47 UTC completed_step=4080 elapsed_seconds=483.601 learning_rate=0.000586851
2026-09-21 05:54:49 UTC completed_step=4096 elapsed_seconds=485.286 learning_rate=0.000586746
2026-09-21 05:54:51 UTC step=4096 elapsed_seconds=486.977 mean_loss=3.1165 errors=5271/10002 exact_sentences=3/1024
2026-09-21 05:54:52 UTC completed_step=4112 elapsed_seconds=488.67 learning_rate=0.00058664
2026-09-21 05:54:54 UTC completed_step=4128 elapsed_seconds=490.354 learning_rate=0.000586535
2026-09-21 05:54:56 UTC completed_step=4144 elapsed_seconds=492.04 learning_rate=0.000586428
2026-09-21 05:54:57 UTC completed_step=4160 elapsed_seconds=493.724 learning_rate=0.000586322
2026-09-21 05:54:59 UTC completed_step=4176 elapsed_seconds=495.407 learning_rate=0.000586214
2026-09-21 05:55:01 UTC completed_step=4192 elapsed_seconds=497.089 learning_rate=0.000586107
2026-09-21 05:55:02 UTC completed_step=4208 elapsed_seconds=498.771 learning_rate=0.000585999
2026-09-21 05:55:04 UTC completed_step=4224 elapsed_seconds=500.455 learning_rate=0.000585891
2026-09-21 05:55:06 UTC step=4224 elapsed_seconds=502.148 mean_loss=3.02238 errors=5213/10002 exact_sentences=4/1024
2026-09-21 05:55:07 UTC completed_step=4240 elapsed_seconds=503.839 learning_rate=0.000585782
2026-09-21 05:55:09 UTC completed_step=4256 elapsed_seconds=505.524 learning_rate=0.000585673
2026-09-21 05:55:11 UTC completed_step=4272 elapsed_seconds=507.208 learning_rate=0.000585563
2026-09-21 05:55:12 UTC completed_step=4288 elapsed_seconds=508.891 learning_rate=0.000585453
2026-09-21 05:55:14 UTC completed_step=4304 elapsed_seconds=510.575 learning_rate=0.000585343
2026-09-21 05:55:16 UTC completed_step=4320 elapsed_seconds=512.257 learning_rate=0.000585232
2026-09-21 05:55:18 UTC completed_step=4336 elapsed_seconds=513.938 learning_rate=0.000585121
2026-09-21 05:55:19 UTC completed_step=4352 elapsed_seconds=515.62 learning_rate=0.00058501
2026-09-21 05:55:21 UTC step=4352 elapsed_seconds=517.312 mean_loss=2.94751 errors=5076/10002 exact_sentences=3/1024
2026-09-21 05:55:23 UTC completed_step=4368 elapsed_seconds=519 learning_rate=0.000584898
2026-09-21 05:55:24 UTC completed_step=4384 elapsed_seconds=520.686 learning_rate=0.000584785
2026-09-21 05:55:26 UTC completed_step=4400 elapsed_seconds=522.372 learning_rate=0.000584672
2026-09-21 05:55:28 UTC completed_step=4416 elapsed_seconds=524.058 learning_rate=0.000584559
2026-09-21 05:55:29 UTC completed_step=4432 elapsed_seconds=525.743 learning_rate=0.000584446
2026-09-21 05:55:31 UTC completed_step=4448 elapsed_seconds=527.428 learning_rate=0.000584332
2026-09-21 05:55:33 UTC completed_step=4464 elapsed_seconds=529.111 learning_rate=0.000584217
2026-09-21 05:55:34 UTC completed_step=4480 elapsed_seconds=530.794 learning_rate=0.000584103
2026-09-21 05:55:36 UTC step=4480 elapsed_seconds=532.491 mean_loss=2.87316 errors=5011/10002 exact_sentences=6/1024
2026-09-21 05:55:38 UTC completed_step=4496 elapsed_seconds=534.179 learning_rate=0.000583987
2026-09-21 05:55:39 UTC completed_step=4512 elapsed_seconds=535.862 learning_rate=0.000583872
2026-09-21 05:55:41 UTC completed_step=4528 elapsed_seconds=537.546 learning_rate=0.000583756
2026-09-21 05:55:43 UTC completed_step=4544 elapsed_seconds=539.232 learning_rate=0.000583639
2026-09-21 05:55:45 UTC completed_step=4560 elapsed_seconds=540.917 learning_rate=0.000583523
2026-09-21 05:55:46 UTC completed_step=4576 elapsed_seconds=542.601 learning_rate=0.000583405
2026-09-21 05:55:48 UTC completed_step=4592 elapsed_seconds=544.285 learning_rate=0.000583288
2026-09-21 05:55:50 UTC completed_step=4608 elapsed_seconds=545.97 learning_rate=0.00058317
2026-09-21 05:55:51 UTC step=4608 elapsed_seconds=547.683 mean_loss=2.82795 errors=4899/10002 exact_sentences=5/1024
2026-09-21 05:55:53 UTC completed_step=4624 elapsed_seconds=549.375 learning_rate=0.000583051
2026-09-21 05:55:55 UTC completed_step=4640 elapsed_seconds=551.06 learning_rate=0.000582932
2026-09-21 05:55:56 UTC completed_step=4656 elapsed_seconds=552.747 learning_rate=0.000582813
2026-09-21 05:55:58 UTC completed_step=4672 elapsed_seconds=554.429 learning_rate=0.000582694
2026-09-21 05:56:00 UTC completed_step=4688 elapsed_seconds=556.11 learning_rate=0.000582574
2026-09-21 05:56:01 UTC completed_step=4704 elapsed_seconds=557.793 learning_rate=0.000582453
2026-09-21 05:56:03 UTC completed_step=4720 elapsed_seconds=559.475 learning_rate=0.000582332
2026-09-21 05:56:05 UTC completed_step=4736 elapsed_seconds=561.159 learning_rate=0.000582211
2026-09-21 05:56:06 UTC step=4736 elapsed_seconds=562.858 mean_loss=2.73228 errors=4812/10002 exact_sentences=6/1024
2026-09-21 05:56:08 UTC completed_step=4752 elapsed_seconds=564.546 learning_rate=0.00058209
2026-09-21 05:56:10 UTC completed_step=4768 elapsed_seconds=566.228 learning_rate=0.000581968
2026-09-21 05:56:12 UTC completed_step=4784 elapsed_seconds=567.911 learning_rate=0.000581845
2026-09-21 05:56:13 UTC completed_step=4800 elapsed_seconds=569.593 learning_rate=0.000581722
2026-09-21 05:56:15 UTC completed_step=4816 elapsed_seconds=571.275 learning_rate=0.000581599
2026-09-21 05:56:17 UTC completed_step=4832 elapsed_seconds=572.957 learning_rate=0.000581475
2026-09-21 05:56:18 UTC completed_step=4848 elapsed_seconds=574.641 learning_rate=0.000581351
2026-09-21 05:56:20 UTC completed_step=4864 elapsed_seconds=576.324 learning_rate=0.000581227
2026-09-21 05:56:22 UTC step=4864 elapsed_seconds=578.005 mean_loss=2.67981 errors=4697/10002 exact_sentences=7/1024
2026-09-21 05:56:23 UTC completed_step=4880 elapsed_seconds=579.691 learning_rate=0.000581102
2026-09-21 05:56:25 UTC completed_step=4896 elapsed_seconds=581.374 learning_rate=0.000580977
2026-09-21 05:56:27 UTC completed_step=4912 elapsed_seconds=583.058 learning_rate=0.000580851
2026-09-21 05:56:28 UTC completed_step=4928 elapsed_seconds=584.743 learning_rate=0.000580725
2026-09-21 05:56:30 UTC completed_step=4944 elapsed_seconds=586.43 learning_rate=0.000580599
2026-09-21 05:56:32 UTC completed_step=4960 elapsed_seconds=588.115 learning_rate=0.000580472
2026-09-21 05:56:33 UTC completed_step=4976 elapsed_seconds=589.799 learning_rate=0.000580345
2026-09-21 05:56:35 UTC completed_step=4992 elapsed_seconds=591.485 learning_rate=0.000580217
2026-09-21 05:56:37 UTC step=4992 elapsed_seconds=593.185 mean_loss=2.6096 errors=4658/10002 exact_sentences=8/1024
2026-09-21 05:56:38 UTC completed_step=5008 elapsed_seconds=594.875 learning_rate=0.000580089
2026-09-21 05:56:40 UTC completed_step=5024 elapsed_seconds=596.559 learning_rate=0.000579961
2026-09-21 05:56:42 UTC completed_step=5040 elapsed_seconds=598.245 learning_rate=0.000579832
2026-09-21 05:56:44 UTC completed_step=5056 elapsed_seconds=599.931 learning_rate=0.000579703
2026-09-21 05:56:45 UTC completed_step=5072 elapsed_seconds=601.614 learning_rate=0.000579573
2026-09-21 05:56:47 UTC completed_step=5088 elapsed_seconds=603.299 learning_rate=0.000579443
2026-09-21 05:56:49 UTC completed_step=5104 elapsed_seconds=604.982 learning_rate=0.000579313
2026-09-21 05:56:50 UTC completed_step=5120 elapsed_seconds=606.666 learning_rate=0.000579182
2026-09-21 05:56:52 UTC step=5120 elapsed_seconds=608.354 mean_loss=2.53224 errors=4424/10002 exact_sentences=13/1024
2026-09-21 05:56:54 UTC completed_step=5136 elapsed_seconds=610.047 learning_rate=0.000579051
2026-09-21 05:56:55 UTC completed_step=5152 elapsed_seconds=611.732 learning_rate=0.00057892
2026-09-21 05:56:57 UTC completed_step=5168 elapsed_seconds=613.416 learning_rate=0.000578788
2026-09-21 05:56:59 UTC completed_step=5184 elapsed_seconds=615.099 learning_rate=0.000578655
2026-09-21 05:57:00 UTC completed_step=5200 elapsed_seconds=616.784 learning_rate=0.000578522
2026-09-21 05:57:02 UTC completed_step=5216 elapsed_seconds=618.464 learning_rate=0.000578389
2026-09-21 05:57:04 UTC completed_step=5232 elapsed_seconds=620.146 learning_rate=0.000578256
2026-09-21 05:57:05 UTC completed_step=5248 elapsed_seconds=621.827 learning_rate=0.000578122
2026-09-21 05:57:07 UTC step=5248 elapsed_seconds=623.516 mean_loss=2.48561 errors=4363/10002 exact_sentences=12/1024
2026-09-21 05:57:09 UTC completed_step=5264 elapsed_seconds=625.203 learning_rate=0.000577988
2026-09-21 05:57:10 UTC completed_step=5280 elapsed_seconds=626.885 learning_rate=0.000577853
2026-09-21 05:57:12 UTC completed_step=5296 elapsed_seconds=628.568 learning_rate=0.000577718
2026-09-21 05:57:14 UTC completed_step=5312 elapsed_seconds=630.25 learning_rate=0.000577582
2026-09-21 05:57:16 UTC completed_step=5328 elapsed_seconds=631.932 learning_rate=0.000577446
2026-09-21 05:57:17 UTC completed_step=5344 elapsed_seconds=633.616 learning_rate=0.00057731
2026-09-21 05:57:19 UTC completed_step=5360 elapsed_seconds=635.298 learning_rate=0.000577173
2026-09-21 05:57:21 UTC completed_step=5376 elapsed_seconds=636.98 learning_rate=0.000577036
2026-09-21 05:57:22 UTC step=5376 elapsed_seconds=638.662 mean_loss=2.40887 errors=4262/10002 exact_sentences=13/1024
2026-09-21 05:57:24 UTC completed_step=5392 elapsed_seconds=640.356 learning_rate=0.000576899
2026-09-21 05:57:26 UTC completed_step=5408 elapsed_seconds=642.044 learning_rate=0.000576761
2026-09-21 05:57:27 UTC completed_step=5424 elapsed_seconds=643.73 learning_rate=0.000576623
2026-09-21 05:57:29 UTC completed_step=5440 elapsed_seconds=645.417 learning_rate=0.000576484
2026-09-21 05:57:31 UTC completed_step=5456 elapsed_seconds=647.101 learning_rate=0.000576345
2026-09-21 05:57:32 UTC completed_step=5472 elapsed_seconds=648.784 learning_rate=0.000576206
2026-09-21 05:57:34 UTC completed_step=5488 elapsed_seconds=650.467 learning_rate=0.000576066
2026-09-21 05:57:36 UTC completed_step=5504 elapsed_seconds=652.15 learning_rate=0.000575926
2026-09-21 05:57:37 UTC step=5504 elapsed_seconds=653.844 mean_loss=2.36441 errors=4104/10002 exact_sentences=13/1024
2026-09-21 05:57:39 UTC completed_step=5520 elapsed_seconds=655.536 learning_rate=0.000575785
2026-09-21 05:57:41 UTC completed_step=5536 elapsed_seconds=657.223 learning_rate=0.000575644
2026-09-21 05:57:43 UTC completed_step=5552 elapsed_seconds=658.911 learning_rate=0.000575503
2026-09-21 05:57:44 UTC completed_step=5568 elapsed_seconds=660.595 learning_rate=0.000575361
2026-09-21 05:57:46 UTC completed_step=5584 elapsed_seconds=662.279 learning_rate=0.000575219
2026-09-21 05:57:48 UTC completed_step=5600 elapsed_seconds=663.963 learning_rate=0.000575076
2026-09-21 05:57:49 UTC completed_step=5616 elapsed_seconds=665.644 learning_rate=0.000574933
2026-09-21 05:57:51 UTC completed_step=5632 elapsed_seconds=667.325 learning_rate=0.00057479
2026-09-21 05:57:53 UTC step=5632 elapsed_seconds=669.024 mean_loss=2.33356 errors=4123/10002 exact_sentences=18/1024
2026-09-21 05:57:54 UTC completed_step=5648 elapsed_seconds=670.715 learning_rate=0.000574646
2026-09-21 05:57:56 UTC completed_step=5664 elapsed_seconds=672.397 learning_rate=0.000574502
2026-09-21 05:57:58 UTC completed_step=5680 elapsed_seconds=674.079 learning_rate=0.000574358
2026-09-21 05:57:59 UTC completed_step=5696 elapsed_seconds=675.76 learning_rate=0.000574213
2026-09-21 05:58:01 UTC completed_step=5712 elapsed_seconds=677.443 learning_rate=0.000574067
2026-09-21 05:58:03 UTC completed_step=5728 elapsed_seconds=679.123 learning_rate=0.000573922
2026-09-21 05:58:04 UTC completed_step=5744 elapsed_seconds=680.805 learning_rate=0.000573776
2026-09-21 05:58:06 UTC completed_step=5760 elapsed_seconds=682.49 learning_rate=0.000573629
2026-09-21 05:58:08 UTC step=5760 elapsed_seconds=684.177 mean_loss=2.2202 errors=3913/10002 exact_sentences=17/1024
2026-09-21 05:58:09 UTC completed_step=5776 elapsed_seconds=685.865 learning_rate=0.000573483
2026-09-21 05:58:11 UTC completed_step=5792 elapsed_seconds=687.547 learning_rate=0.000573335
2026-09-21 05:58:13 UTC completed_step=5808 elapsed_seconds=689.229 learning_rate=0.000573188
2026-09-21 05:58:15 UTC completed_step=5824 elapsed_seconds=690.91 learning_rate=0.00057304
2026-09-21 05:58:16 UTC completed_step=5840 elapsed_seconds=692.591 learning_rate=0.000572891
2026-09-21 05:58:18 UTC completed_step=5856 elapsed_seconds=694.274 learning_rate=0.000572743
2026-09-21 05:58:20 UTC completed_step=5872 elapsed_seconds=695.958 learning_rate=0.000572594
2026-09-21 05:58:21 UTC completed_step=5888 elapsed_seconds=697.639 learning_rate=0.000572444
2026-09-21 05:58:23 UTC step=5888 elapsed_seconds=699.338 mean_loss=2.16977 errors=3772/10002 exact_sentences=23/1024
2026-09-21 05:58:25 UTC completed_step=5904 elapsed_seconds=701.023 learning_rate=0.000572294
2026-09-21 05:58:26 UTC completed_step=5920 elapsed_seconds=702.703 learning_rate=0.000572144
2026-09-21 05:58:28 UTC completed_step=5936 elapsed_seconds=704.384 learning_rate=0.000571993
2026-09-21 05:58:30 UTC completed_step=5952 elapsed_seconds=706.063 learning_rate=0.000571842
2026-09-21 05:58:31 UTC completed_step=5968 elapsed_seconds=707.743 learning_rate=0.000571691
2026-09-21 05:58:33 UTC completed_step=5984 elapsed_seconds=709.422 learning_rate=0.000571539
2026-09-21 05:58:35 UTC completed_step=6000 elapsed_seconds=711.101 learning_rate=0.000571387
2026-09-21 05:58:36 UTC completed_step=6016 elapsed_seconds=712.779 learning_rate=0.000571234
2026-09-21 05:58:38 UTC step=6016 elapsed_seconds=714.483 mean_loss=2.11631 errors=3703/10002 exact_sentences=24/1024
2026-09-21 05:58:40 UTC completed_step=6032 elapsed_seconds=716.169 learning_rate=0.000571081
2026-09-21 05:58:41 UTC completed_step=6048 elapsed_seconds=717.848 learning_rate=0.000570928
2026-09-21 05:58:43 UTC completed_step=6064 elapsed_seconds=719.526 learning_rate=0.000570774
2026-09-21 05:58:45 UTC completed_step=6080 elapsed_seconds=721.206 learning_rate=0.00057062
2026-09-21 05:58:46 UTC completed_step=6096 elapsed_seconds=722.884 learning_rate=0.000570466
2026-09-21 05:58:48 UTC completed_step=6112 elapsed_seconds=724.564 learning_rate=0.000570311
2026-09-21 05:58:50 UTC completed_step=6128 elapsed_seconds=726.243 learning_rate=0.000570155
2026-09-21 05:58:52 UTC completed_step=6144 elapsed_seconds=727.922 learning_rate=0.00057
2026-09-21 05:58:53 UTC step=6144 elapsed_seconds=729.639 mean_loss=2.06396 errors=3703/10002 exact_sentences=31/1024
2026-09-21 05:58:55 UTC completed_step=6160 elapsed_seconds=731.327 learning_rate=0.000569844
2026-09-21 05:58:57 UTC completed_step=6176 elapsed_seconds=733.005 learning_rate=0.000569687
2026-09-21 05:58:58 UTC completed_step=6192 elapsed_seconds=734.686 learning_rate=0.000569531
2026-09-21 05:59:00 UTC completed_step=6208 elapsed_seconds=736.368 learning_rate=0.000569373
2026-09-21 05:59:02 UTC completed_step=6224 elapsed_seconds=738.049 learning_rate=0.000569216
2026-09-21 05:59:03 UTC completed_step=6240 elapsed_seconds=739.728 learning_rate=0.000569058
2026-09-21 05:59:05 UTC completed_step=6256 elapsed_seconds=741.408 learning_rate=0.0005689
2026-09-21 05:59:07 UTC completed_step=6272 elapsed_seconds=743.087 learning_rate=0.000568741
2026-09-21 05:59:08 UTC step=6272 elapsed_seconds=744.778 mean_loss=1.99924 errors=3536/10002 exact_sentences=31/1024
2026-09-21 05:59:10 UTC completed_step=6288 elapsed_seconds=746.462 learning_rate=0.000568582
2026-09-21 05:59:12 UTC completed_step=6304 elapsed_seconds=748.14 learning_rate=0.000568422
2026-09-21 05:59:13 UTC completed_step=6320 elapsed_seconds=749.82 learning_rate=0.000568263
2026-09-21 05:59:15 UTC completed_step=6336 elapsed_seconds=751.501 learning_rate=0.000568102
2026-09-21 05:59:17 UTC completed_step=6352 elapsed_seconds=753.183 learning_rate=0.000567942
2026-09-21 05:59:18 UTC completed_step=6368 elapsed_seconds=754.864 learning_rate=0.000567781
2026-09-21 05:59:20 UTC completed_step=6384 elapsed_seconds=756.544 learning_rate=0.00056762
2026-09-21 05:59:22 UTC completed_step=6400 elapsed_seconds=758.225 learning_rate=0.000567458
2026-09-21 05:59:24 UTC step=6400 elapsed_seconds=759.928 mean_loss=1.94535 errors=3372/10002 exact_sentences=40/1024
2026-09-21 05:59:25 UTC completed_step=6416 elapsed_seconds=761.614 learning_rate=0.000567296
2026-09-21 05:59:27 UTC completed_step=6432 elapsed_seconds=763.294 learning_rate=0.000567133
2026-09-21 05:59:29 UTC completed_step=6448 elapsed_seconds=764.973 learning_rate=0.000566971
2026-09-21 05:59:30 UTC completed_step=6464 elapsed_seconds=766.653 learning_rate=0.000566807
2026-09-21 05:59:32 UTC completed_step=6480 elapsed_seconds=768.333 learning_rate=0.000566644
2026-09-21 05:59:34 UTC completed_step=6496 elapsed_seconds=770.013 learning_rate=0.00056648
2026-09-21 05:59:35 UTC completed_step=6512 elapsed_seconds=771.693 learning_rate=0.000566315
2026-09-21 05:59:37 UTC completed_step=6528 elapsed_seconds=773.373 learning_rate=0.000566151
2026-09-21 05:59:39 UTC step=6528 elapsed_seconds=775.073 mean_loss=1.90644 errors=3386/10002 exact_sentences=38/1024
2026-09-21 05:59:40 UTC completed_step=6544 elapsed_seconds=776.757 learning_rate=0.000565986
2026-09-21 05:59:42 UTC completed_step=6560 elapsed_seconds=778.438 learning_rate=0.00056582
2026-09-21 05:59:44 UTC completed_step=6576 elapsed_seconds=780.118 learning_rate=0.000565654
2026-09-21 05:59:45 UTC completed_step=6592 elapsed_seconds=781.796 learning_rate=0.000565488
2026-09-21 05:59:47 UTC completed_step=6608 elapsed_seconds=783.476 learning_rate=0.000565322
2026-09-21 05:59:49 UTC completed_step=6624 elapsed_seconds=785.156 learning_rate=0.000565155
2026-09-21 05:59:50 UTC completed_step=6640 elapsed_seconds=786.835 learning_rate=0.000564987
2026-09-21 05:59:52 UTC completed_step=6656 elapsed_seconds=788.516 learning_rate=0.00056482
2026-09-21 05:59:54 UTC step=6656 elapsed_seconds=790.218 mean_loss=1.85568 errors=3284/10002 exact_sentences=49/1024
2026-09-21 05:59:55 UTC completed_step=6672 elapsed_seconds=791.906 learning_rate=0.000564652
2026-09-21 05:59:57 UTC completed_step=6688 elapsed_seconds=793.585 learning_rate=0.000564483
2026-09-21 05:59:59 UTC completed_step=6704 elapsed_seconds=795.265 learning_rate=0.000564314
2026-09-21 06:00:01 UTC completed_step=6720 elapsed_seconds=796.945 learning_rate=0.000564145
2026-09-21 06:00:02 UTC completed_step=6736 elapsed_seconds=798.625 learning_rate=0.000563976
2026-09-21 06:00:04 UTC completed_step=6752 elapsed_seconds=800.307 learning_rate=0.000563806
2026-09-21 06:00:06 UTC completed_step=6768 elapsed_seconds=801.989 learning_rate=0.000563635
2026-09-21 06:00:07 UTC completed_step=6784 elapsed_seconds=803.671 learning_rate=0.000563465
2026-09-21 06:00:09 UTC step=6784 elapsed_seconds=805.378 mean_loss=1.77576 errors=2995/10002 exact_sentences=60/1024
2026-09-21 06:00:11 UTC completed_step=6800 elapsed_seconds=807.063 learning_rate=0.000563294
2026-09-21 06:00:12 UTC completed_step=6816 elapsed_seconds=808.744 learning_rate=0.000563122
2026-09-21 06:00:14 UTC completed_step=6832 elapsed_seconds=810.424 learning_rate=0.00056295
2026-09-21 06:00:16 UTC completed_step=6848 elapsed_seconds=812.103 learning_rate=0.000562778
2026-09-21 06:00:17 UTC completed_step=6864 elapsed_seconds=813.783 learning_rate=0.000562606
2026-09-21 06:00:19 UTC completed_step=6880 elapsed_seconds=815.462 learning_rate=0.000562433
2026-09-21 06:00:21 UTC completed_step=6896 elapsed_seconds=817.142 learning_rate=0.00056226
2026-09-21 06:00:22 UTC completed_step=6912 elapsed_seconds=818.823 learning_rate=0.000562086
2026-09-21 06:00:24 UTC step=6912 elapsed_seconds=820.508 mean_loss=1.73927 errors=2977/10002 exact_sentences=57/1024
2026-09-21 06:00:26 UTC completed_step=6928 elapsed_seconds=822.193 learning_rate=0.000561912
2026-09-21 06:00:27 UTC completed_step=6944 elapsed_seconds=823.873 learning_rate=0.000561738
2026-09-21 06:00:29 UTC completed_step=6960 elapsed_seconds=825.552 learning_rate=0.000561563
2026-09-21 06:00:31 UTC completed_step=6976 elapsed_seconds=827.232 learning_rate=0.000561388
2026-09-21 06:00:33 UTC completed_step=6992 elapsed_seconds=828.911 learning_rate=0.000561212
2026-09-21 06:00:34 UTC completed_step=7008 elapsed_seconds=830.592 learning_rate=0.000561036
2026-09-21 06:00:36 UTC completed_step=7024 elapsed_seconds=832.273 learning_rate=0.00056086
2026-09-21 06:00:38 UTC completed_step=7040 elapsed_seconds=833.954 learning_rate=0.000560684
2026-09-21 06:00:39 UTC step=7040 elapsed_seconds=835.642 mean_loss=1.68561 errors=2871/10002 exact_sentences=78/1024
2026-09-21 06:00:41 UTC completed_step=7056 elapsed_seconds=837.331 learning_rate=0.000560507
2026-09-21 06:00:43 UTC completed_step=7072 elapsed_seconds=839.014 learning_rate=0.000560329
2026-09-21 06:00:44 UTC completed_step=7088 elapsed_seconds=840.694 learning_rate=0.000560152
2026-09-21 06:00:46 UTC completed_step=7104 elapsed_seconds=842.375 learning_rate=0.000559974
2026-09-21 06:00:48 UTC completed_step=7120 elapsed_seconds=844.056 learning_rate=0.000559795
2026-09-21 06:00:49 UTC completed_step=7136 elapsed_seconds=845.736 learning_rate=0.000559617
2026-09-21 06:00:51 UTC completed_step=7152 elapsed_seconds=847.417 learning_rate=0.000559437
2026-09-21 06:00:53 UTC completed_step=7168 elapsed_seconds=849.098 learning_rate=0.000559258
2026-09-21 06:00:54 UTC step=7168 elapsed_seconds=850.799 mean_loss=1.62235 errors=2689/10002 exact_sentences=92/1024
2026-09-21 06:00:56 UTC completed_step=7184 elapsed_seconds=852.495 learning_rate=0.000559078
2026-09-21 06:00:58 UTC completed_step=7200 elapsed_seconds=854.181 learning_rate=0.000558898
2026-09-21 06:00:59 UTC completed_step=7216 elapsed_seconds=855.868 learning_rate=0.000558717
2026-09-21 06:01:01 UTC completed_step=7232 elapsed_seconds=857.551 learning_rate=0.000558536
2026-09-21 06:01:03 UTC completed_step=7248 elapsed_seconds=859.234 learning_rate=0.000558355
2026-09-21 06:01:05 UTC completed_step=7264 elapsed_seconds=860.918 learning_rate=0.000558173
2026-09-21 06:01:06 UTC completed_step=7280 elapsed_seconds=862.599 learning_rate=0.000557991
2026-09-21 06:01:08 UTC completed_step=7296 elapsed_seconds=864.282 learning_rate=0.000557809
2026-09-21 06:01:10 UTC step=7296 elapsed_seconds=865.971 mean_loss=1.59295 errors=2637/10002 exact_sentences=96/1024
2026-09-21 06:01:11 UTC completed_step=7312 elapsed_seconds=867.657 learning_rate=0.000557626
2026-09-21 06:01:13 UTC completed_step=7328 elapsed_seconds=869.336 learning_rate=0.000557443
2026-09-21 06:01:15 UTC completed_step=7344 elapsed_seconds=871.017 learning_rate=0.00055726
2026-09-21 06:01:16 UTC completed_step=7360 elapsed_seconds=872.697 learning_rate=0.000557076
2026-09-21 06:01:18 UTC completed_step=7376 elapsed_seconds=874.381 learning_rate=0.000556892
2026-09-21 06:01:20 UTC completed_step=7392 elapsed_seconds=876.063 learning_rate=0.000556707
2026-09-21 06:01:21 UTC completed_step=7408 elapsed_seconds=877.748 learning_rate=0.000556522
2026-09-21 06:01:23 UTC completed_step=7424 elapsed_seconds=879.428 learning_rate=0.000556337
2026-09-21 06:01:25 UTC step=7424 elapsed_seconds=881.115 mean_loss=1.57967 errors=2771/10002 exact_sentences=84/1024
2026-09-21 06:01:26 UTC completed_step=7440 elapsed_seconds=882.8 learning_rate=0.000556151
2026-09-21 06:01:28 UTC completed_step=7456 elapsed_seconds=884.481 learning_rate=0.000555965
2026-09-21 06:01:30 UTC completed_step=7472 elapsed_seconds=886.162 learning_rate=0.000555779
2026-09-21 06:01:31 UTC completed_step=7488 elapsed_seconds=887.842 learning_rate=0.000555592
2026-09-21 06:01:33 UTC completed_step=7504 elapsed_seconds=889.523 learning_rate=0.000555405
2026-09-21 06:01:35 UTC completed_step=7520 elapsed_seconds=891.203 learning_rate=0.000555218
2026-09-21 06:01:36 UTC completed_step=7536 elapsed_seconds=892.884 learning_rate=0.00055503
2026-09-21 06:01:38 UTC completed_step=7552 elapsed_seconds=894.563 learning_rate=0.000554842
2026-09-21 06:01:40 UTC step=7552 elapsed_seconds=896.262 mean_loss=1.52013 errors=2499/10002 exact_sentences=112/1024
2026-09-21 06:01:42 UTC completed_step=7568 elapsed_seconds=897.949 learning_rate=0.000554653
2026-09-21 06:01:43 UTC completed_step=7584 elapsed_seconds=899.63 learning_rate=0.000554464
2026-09-21 06:01:45 UTC completed_step=7600 elapsed_seconds=901.311 learning_rate=0.000554275
2026-09-21 06:01:47 UTC completed_step=7616 elapsed_seconds=902.993 learning_rate=0.000554086
2026-09-21 06:01:48 UTC completed_step=7632 elapsed_seconds=904.675 learning_rate=0.000553896
2026-09-21 06:01:50 UTC completed_step=7648 elapsed_seconds=906.357 learning_rate=0.000553705
2026-09-21 06:01:52 UTC completed_step=7664 elapsed_seconds=908.04 learning_rate=0.000553515
2026-09-21 06:01:53 UTC completed_step=7680 elapsed_seconds=909.721 learning_rate=0.000553324
2026-09-21 06:01:55 UTC step=7680 elapsed_seconds=911.412 mean_loss=1.47857 errors=2554/10002 exact_sentences=106/1024
2026-09-21 06:01:57 UTC completed_step=7696 elapsed_seconds=913.101 learning_rate=0.000553132
2026-09-21 06:01:58 UTC completed_step=7712 elapsed_seconds=914.782 learning_rate=0.000552941
2026-09-21 06:02:00 UTC completed_step=7728 elapsed_seconds=916.464 learning_rate=0.000552749
2026-09-21 06:02:02 UTC completed_step=7744 elapsed_seconds=918.148 learning_rate=0.000552556
2026-09-21 06:02:03 UTC completed_step=7760 elapsed_seconds=919.83 learning_rate=0.000552363
2026-09-21 06:02:05 UTC completed_step=7776 elapsed_seconds=921.512 learning_rate=0.00055217
2026-09-21 06:02:07 UTC completed_step=7792 elapsed_seconds=923.192 learning_rate=0.000551977
2026-09-21 06:02:08 UTC completed_step=7808 elapsed_seconds=924.874 learning_rate=0.000551783
2026-09-21 06:02:10 UTC step=7808 elapsed_seconds=926.562 mean_loss=1.41759 errors=2326/10002 exact_sentences=138/1024
2026-09-21 06:02:12 UTC completed_step=7824 elapsed_seconds=928.249 learning_rate=0.000551589
2026-09-21 06:02:14 UTC completed_step=7840 elapsed_seconds=929.931 learning_rate=0.000551394
2026-09-21 06:02:15 UTC completed_step=7856 elapsed_seconds=931.614 learning_rate=0.000551199
2026-09-21 06:02:17 UTC completed_step=7872 elapsed_seconds=933.296 learning_rate=0.000551004
2026-09-21 06:02:19 UTC completed_step=7888 elapsed_seconds=934.978 learning_rate=0.000550809
2026-09-21 06:02:20 UTC completed_step=7904 elapsed_seconds=936.66 learning_rate=0.000550613
2026-09-21 06:02:22 UTC completed_step=7920 elapsed_seconds=938.343 learning_rate=0.000550417
2026-09-21 06:02:24 UTC completed_step=7936 elapsed_seconds=940.025 learning_rate=0.00055022
2026-09-21 06:02:25 UTC step=7936 elapsed_seconds=941.74 mean_loss=1.37537 errors=2254/10002 exact_sentences=145/1024
2026-09-21 06:02:27 UTC completed_step=7952 elapsed_seconds=943.427 learning_rate=0.000550023
2026-09-21 06:02:29 UTC completed_step=7968 elapsed_seconds=945.109 learning_rate=0.000549826
2026-09-21 06:02:30 UTC completed_step=7984 elapsed_seconds=946.792 learning_rate=0.000549628
2026-09-21 06:02:32 UTC completed_step=8000 elapsed_seconds=948.478 learning_rate=0.00054943
2026-09-21 06:02:34 UTC completed_step=8016 elapsed_seconds=950.163 learning_rate=0.000549232
2026-09-21 06:02:35 UTC completed_step=8032 elapsed_seconds=951.847 learning_rate=0.000549033
2026-09-21 06:02:37 UTC completed_step=8048 elapsed_seconds=953.529 learning_rate=0.000548834
2026-09-21 06:02:39 UTC completed_step=8064 elapsed_seconds=955.212 learning_rate=0.000548634
2026-09-21 06:02:40 UTC step=8064 elapsed_seconds=956.902 mean_loss=1.33719 errors=2211/10002 exact_sentences=151/1024
2026-09-21 06:02:42 UTC completed_step=8080 elapsed_seconds=958.59 learning_rate=0.000548435
2026-09-21 06:02:44 UTC completed_step=8096 elapsed_seconds=960.277 learning_rate=0.000548235
2026-09-21 06:02:46 UTC completed_step=8112 elapsed_seconds=961.962 learning_rate=0.000548034
2026-09-21 06:02:47 UTC completed_step=8128 elapsed_seconds=963.65 learning_rate=0.000547833
2026-09-21 06:02:49 UTC completed_step=8144 elapsed_seconds=965.333 learning_rate=0.000547632
2026-09-21 06:02:51 UTC completed_step=8160 elapsed_seconds=967.016 learning_rate=0.000547431
2026-09-21 06:02:52 UTC completed_step=8176 elapsed_seconds=968.699 learning_rate=0.000547229
2026-09-21 06:02:54 UTC completed_step=8192 elapsed_seconds=970.381 learning_rate=0.000547027
2026-09-21 06:02:56 UTC step=8192 elapsed_seconds=972.068 mean_loss=1.28862 errors=2072/10002 exact_sentences=173/1024
2026-09-21 06:02:57 UTC completed_step=8208 elapsed_seconds=973.757 learning_rate=0.000546824
2026-09-21 06:02:59 UTC completed_step=8224 elapsed_seconds=975.439 learning_rate=0.000546621
2026-09-21 06:03:01 UTC completed_step=8240 elapsed_seconds=977.124 learning_rate=0.000546418
2026-09-21 06:03:02 UTC completed_step=8256 elapsed_seconds=978.809 learning_rate=0.000546214
2026-09-21 06:03:04 UTC completed_step=8272 elapsed_seconds=980.494 learning_rate=0.000546011
2026-09-21 06:03:06 UTC completed_step=8288 elapsed_seconds=982.179 learning_rate=0.000545806
2026-09-21 06:03:07 UTC completed_step=8304 elapsed_seconds=983.864 learning_rate=0.000545602
2026-09-21 06:03:09 UTC completed_step=8320 elapsed_seconds=985.549 learning_rate=0.000545397
2026-09-21 06:03:11 UTC step=8320 elapsed_seconds=987.243 mean_loss=1.24717 errors=2037/10002 exact_sentences=189/1024
2026-09-21 06:03:13 UTC completed_step=8336 elapsed_seconds=988.93 learning_rate=0.000545192
2026-09-21 06:03:14 UTC completed_step=8352 elapsed_seconds=990.613 learning_rate=0.000544986
2026-09-21 06:03:16 UTC completed_step=8368 elapsed_seconds=992.295 learning_rate=0.00054478
2026-09-21 06:03:18 UTC completed_step=8384 elapsed_seconds=993.978 learning_rate=0.000544574
2026-09-21 06:03:19 UTC completed_step=8400 elapsed_seconds=995.661 learning_rate=0.000544367
2026-09-21 06:03:21 UTC completed_step=8416 elapsed_seconds=997.344 learning_rate=0.00054416
2026-09-21 06:03:23 UTC completed_step=8432 elapsed_seconds=999.028 learning_rate=0.000543953
2026-09-21 06:03:24 UTC completed_step=8448 elapsed_seconds=1000.71 learning_rate=0.000543745
2026-09-21 06:03:26 UTC step=8448 elapsed_seconds=1002.41 mean_loss=1.22997 errors=2061/10002 exact_sentences=187/1024
2026-09-21 06:03:28 UTC completed_step=8464 elapsed_seconds=1004.1 learning_rate=0.000543537
2026-09-21 06:03:29 UTC completed_step=8480 elapsed_seconds=1005.79 learning_rate=0.000543329
2026-09-21 06:03:31 UTC completed_step=8496 elapsed_seconds=1007.48 learning_rate=0.00054312
2026-09-21 06:03:33 UTC completed_step=8512 elapsed_seconds=1009.16 learning_rate=0.000542911
2026-09-21 06:03:34 UTC completed_step=8528 elapsed_seconds=1010.85 learning_rate=0.000542702
2026-09-21 06:03:36 UTC completed_step=8544 elapsed_seconds=1012.54 learning_rate=0.000542492
2026-09-21 06:03:38 UTC completed_step=8560 elapsed_seconds=1014.23 learning_rate=0.000542282
2026-09-21 06:03:40 UTC completed_step=8576 elapsed_seconds=1015.91 learning_rate=0.000542072
2026-09-21 06:03:41 UTC step=8576 elapsed_seconds=1017.61 mean_loss=1.18583 errors=1924/10002 exact_sentences=210/1024
2026-09-21 06:03:43 UTC completed_step=8592 elapsed_seconds=1019.3 learning_rate=0.000541861
2026-09-21 06:03:45 UTC completed_step=8608 elapsed_seconds=1020.98 learning_rate=0.00054165
2026-09-21 06:03:46 UTC completed_step=8624 elapsed_seconds=1022.67 learning_rate=0.000541439
2026-09-21 06:03:48 UTC completed_step=8640 elapsed_seconds=1024.35 learning_rate=0.000541227
2026-09-21 06:03:50 UTC completed_step=8656 elapsed_seconds=1026.03 learning_rate=0.000541015
2026-09-21 06:03:51 UTC completed_step=8672 elapsed_seconds=1027.72 learning_rate=0.000540803
2026-09-21 06:03:53 UTC completed_step=8688 elapsed_seconds=1029.4 learning_rate=0.00054059
2026-09-21 06:03:55 UTC completed_step=8704 elapsed_seconds=1031.08 learning_rate=0.000540377
2026-09-21 06:03:56 UTC step=8704 elapsed_seconds=1032.78 mean_loss=1.16187 errors=1927/10002 exact_sentences=204/1024
2026-09-21 06:03:58 UTC completed_step=8720 elapsed_seconds=1034.48 learning_rate=0.000540163
2026-09-21 06:04:00 UTC completed_step=8736 elapsed_seconds=1036.16 learning_rate=0.00053995
2026-09-21 06:04:01 UTC completed_step=8752 elapsed_seconds=1037.85 learning_rate=0.000539736
2026-09-21 06:04:03 UTC completed_step=8768 elapsed_seconds=1039.53 learning_rate=0.000539521
2026-09-21 06:04:05 UTC completed_step=8784 elapsed_seconds=1041.22 learning_rate=0.000539307
2026-09-21 06:04:06 UTC completed_step=8800 elapsed_seconds=1042.9 learning_rate=0.000539092
2026-09-21 06:04:08 UTC completed_step=8816 elapsed_seconds=1044.58 learning_rate=0.000538876
2026-09-21 06:04:10 UTC completed_step=8832 elapsed_seconds=1046.26 learning_rate=0.000538661
2026-09-21 06:04:12 UTC step=8832 elapsed_seconds=1047.96 mean_loss=1.1052 errors=1746/10002 exact_sentences=246/1024
2026-09-21 06:04:13 UTC completed_step=8848 elapsed_seconds=1049.65 learning_rate=0.000538444
2026-09-21 06:04:15 UTC completed_step=8864 elapsed_seconds=1051.33 learning_rate=0.000538228
2026-09-21 06:04:17 UTC completed_step=8880 elapsed_seconds=1053.02 learning_rate=0.000538011
2026-09-21 06:04:18 UTC completed_step=8896 elapsed_seconds=1054.7 learning_rate=0.000537794
2026-09-21 06:04:20 UTC completed_step=8912 elapsed_seconds=1056.39 learning_rate=0.000537577
2026-09-21 06:04:22 UTC completed_step=8928 elapsed_seconds=1058.07 learning_rate=0.000537359
2026-09-21 06:04:23 UTC completed_step=8944 elapsed_seconds=1059.75 learning_rate=0.000537141
2026-09-21 06:04:25 UTC completed_step=8960 elapsed_seconds=1061.44 learning_rate=0.000536923
2026-09-21 06:04:27 UTC step=8960 elapsed_seconds=1063.13 mean_loss=1.073 errors=1708/10002 exact_sentences=258/1024
2026-09-21 06:04:28 UTC completed_step=8976 elapsed_seconds=1064.81 learning_rate=0.000536704
2026-09-21 06:04:30 UTC completed_step=8992 elapsed_seconds=1066.49 learning_rate=0.000536485
2026-09-21 06:04:32 UTC completed_step=9008 elapsed_seconds=1068.17 learning_rate=0.000536266
2026-09-21 06:04:33 UTC completed_step=9024 elapsed_seconds=1069.86 learning_rate=0.000536046
2026-09-21 06:04:35 UTC completed_step=9040 elapsed_seconds=1071.54 learning_rate=0.000535826
2026-09-21 06:04:37 UTC completed_step=9056 elapsed_seconds=1073.22 learning_rate=0.000535606
2026-09-21 06:04:38 UTC completed_step=9072 elapsed_seconds=1074.9 learning_rate=0.000535386
2026-09-21 06:04:40 UTC completed_step=9088 elapsed_seconds=1076.59 learning_rate=0.000535165
2026-09-21 06:04:42 UTC step=9088 elapsed_seconds=1078.28 mean_loss=1.03278 errors=1662/10002 exact_sentences=263/1024
2026-09-21 06:04:44 UTC completed_step=9104 elapsed_seconds=1079.96 learning_rate=0.000534943
2026-09-21 06:04:45 UTC completed_step=9120 elapsed_seconds=1081.65 learning_rate=0.000534722
2026-09-21 06:04:47 UTC completed_step=9136 elapsed_seconds=1083.33 learning_rate=0.0005345
2026-09-21 06:04:49 UTC completed_step=9152 elapsed_seconds=1085.02 learning_rate=0.000534277
2026-09-21 06:04:50 UTC completed_step=9168 elapsed_seconds=1086.71 learning_rate=0.000534055
2026-09-21 06:04:52 UTC completed_step=9184 elapsed_seconds=1088.39 learning_rate=0.000533832
2026-09-21 06:04:54 UTC completed_step=9200 elapsed_seconds=1090.07 learning_rate=0.000533609
2026-09-21 06:04:55 UTC completed_step=9216 elapsed_seconds=1091.75 learning_rate=0.000533385
2026-09-21 06:04:57 UTC step=9216 elapsed_seconds=1093.45 mean_loss=0.998914 errors=1592/10002 exact_sentences=285/1024
2026-09-21 06:04:59 UTC completed_step=9232 elapsed_seconds=1095.14 learning_rate=0.000533161
2026-09-21 06:05:00 UTC completed_step=9248 elapsed_seconds=1096.82 learning_rate=0.000532937
2026-09-21 06:05:02 UTC completed_step=9264 elapsed_seconds=1098.5 learning_rate=0.000532713
2026-09-21 06:05:04 UTC completed_step=9280 elapsed_seconds=1100.19 learning_rate=0.000532488
2026-09-21 06:05:05 UTC completed_step=9296 elapsed_seconds=1101.87 learning_rate=0.000532263
2026-09-21 06:05:07 UTC completed_step=9312 elapsed_seconds=1103.56 learning_rate=0.000532037
2026-09-21 06:05:09 UTC completed_step=9328 elapsed_seconds=1105.24 learning_rate=0.000531811
2026-09-21 06:05:11 UTC completed_step=9344 elapsed_seconds=1106.92 learning_rate=0.000531585
2026-09-21 06:05:12 UTC step=9344 elapsed_seconds=1108.62 mean_loss=1.00684 errors=1633/10002 exact_sentences=268/1024
2026-09-21 06:05:14 UTC completed_step=9360 elapsed_seconds=1110.31 learning_rate=0.000531359
2026-09-21 06:05:16 UTC completed_step=9376 elapsed_seconds=1111.99 learning_rate=0.000531132
2026-09-21 06:05:17 UTC completed_step=9392 elapsed_seconds=1113.67 learning_rate=0.000530905
2026-09-21 06:05:19 UTC completed_step=9408 elapsed_seconds=1115.36 learning_rate=0.000530678
2026-09-21 06:05:21 UTC completed_step=9424 elapsed_seconds=1117.04 learning_rate=0.00053045
2026-09-21 06:05:22 UTC completed_step=9440 elapsed_seconds=1118.72 learning_rate=0.000530222
2026-09-21 06:05:24 UTC completed_step=9456 elapsed_seconds=1120.4 learning_rate=0.000529993
2026-09-21 06:05:26 UTC completed_step=9472 elapsed_seconds=1122.09 learning_rate=0.000529765
2026-09-21 06:05:27 UTC step=9472 elapsed_seconds=1123.77 mean_loss=0.936615 errors=1428/10002 exact_sentences=311/1024
2026-09-21 06:05:29 UTC completed_step=9488 elapsed_seconds=1125.47 learning_rate=0.000529536
2026-09-21 06:05:31 UTC completed_step=9504 elapsed_seconds=1127.15 learning_rate=0.000529306
2026-09-21 06:05:32 UTC completed_step=9520 elapsed_seconds=1128.83 learning_rate=0.000529077
2026-09-21 06:05:34 UTC completed_step=9536 elapsed_seconds=1130.51 learning_rate=0.000528847
2026-09-21 06:05:36 UTC completed_step=9552 elapsed_seconds=1132.2 learning_rate=0.000528617
2026-09-21 06:05:37 UTC completed_step=9568 elapsed_seconds=1133.88 learning_rate=0.000528386
2026-09-21 06:05:39 UTC completed_step=9584 elapsed_seconds=1135.56 learning_rate=0.000528155
2026-09-21 06:05:41 UTC completed_step=9600 elapsed_seconds=1137.24 learning_rate=0.000527924
2026-09-21 06:05:43 UTC step=9600 elapsed_seconds=1138.93 mean_loss=0.93248 errors=1425/10002 exact_sentences=323/1024
2026-09-21 06:05:44 UTC completed_step=9616 elapsed_seconds=1140.62 learning_rate=0.000527692
2026-09-21 06:05:46 UTC completed_step=9632 elapsed_seconds=1142.3 learning_rate=0.000527461
2026-09-21 06:05:48 UTC completed_step=9648 elapsed_seconds=1143.98 learning_rate=0.000527229
2026-09-21 06:05:49 UTC completed_step=9664 elapsed_seconds=1145.67 learning_rate=0.000526996
2026-09-21 06:05:51 UTC completed_step=9680 elapsed_seconds=1147.35 learning_rate=0.000526763
2026-09-21 06:05:53 UTC completed_step=9696 elapsed_seconds=1149.03 learning_rate=0.00052653
2026-09-21 06:05:54 UTC completed_step=9712 elapsed_seconds=1150.71 learning_rate=0.000526297
2026-09-21 06:05:56 UTC completed_step=9728 elapsed_seconds=1152.4 learning_rate=0.000526063
2026-09-21 06:05:58 UTC step=9728 elapsed_seconds=1154.09 mean_loss=0.891455 errors=1332/10002 exact_sentences=358/1024
2026-09-21 06:05:59 UTC completed_step=9744 elapsed_seconds=1155.78 learning_rate=0.000525829
2026-09-21 06:06:01 UTC completed_step=9760 elapsed_seconds=1157.47 learning_rate=0.000525595
2026-09-21 06:06:03 UTC completed_step=9776 elapsed_seconds=1159.15 learning_rate=0.00052536
2026-09-21 06:06:04 UTC completed_step=9792 elapsed_seconds=1160.84 learning_rate=0.000525125
2026-09-21 06:06:06 UTC completed_step=9808 elapsed_seconds=1162.52 learning_rate=0.00052489
2026-09-21 06:06:08 UTC completed_step=9824 elapsed_seconds=1164.2 learning_rate=0.000524654
2026-09-21 06:06:09 UTC completed_step=9840 elapsed_seconds=1165.89 learning_rate=0.000524419
2026-09-21 06:06:11 UTC completed_step=9856 elapsed_seconds=1167.58 learning_rate=0.000524182
2026-09-21 06:06:13 UTC step=9856 elapsed_seconds=1169.26 mean_loss=0.841375 errors=1164/10002 exact_sentences=400/1024
2026-09-21 06:06:15 UTC completed_step=9872 elapsed_seconds=1170.95 learning_rate=0.000523946
2026-09-21 06:06:16 UTC completed_step=9888 elapsed_seconds=1172.63 learning_rate=0.000523709
2026-09-21 06:06:18 UTC completed_step=9904 elapsed_seconds=1174.32 learning_rate=0.000523472
2026-09-21 06:06:20 UTC completed_step=9920 elapsed_seconds=1176 learning_rate=0.000523235
2026-09-21 06:06:21 UTC completed_step=9936 elapsed_seconds=1177.68 learning_rate=0.000522997
2026-09-21 06:06:23 UTC completed_step=9952 elapsed_seconds=1179.37 learning_rate=0.000522759
2026-09-21 06:06:25 UTC completed_step=9968 elapsed_seconds=1181.05 learning_rate=0.000522521
2026-09-21 06:06:26 UTC completed_step=9984 elapsed_seconds=1182.73 learning_rate=0.000522282
2026-09-21 06:06:28 UTC step=9984 elapsed_seconds=1184.42 mean_loss=0.819063 errors=1195/10002 exact_sentences=392/1024
2026-09-21 06:06:30 UTC completed_step=10000 elapsed_seconds=1186.11 learning_rate=0.000522043
2026-09-21 06:06:31 UTC completed_step=10016 elapsed_seconds=1187.8 learning_rate=0.000521804
2026-09-21 06:06:33 UTC completed_step=10032 elapsed_seconds=1189.48 learning_rate=0.000521564
2026-09-21 06:06:35 UTC completed_step=10048 elapsed_seconds=1191.17 learning_rate=0.000521324
2026-09-21 06:06:36 UTC completed_step=10064 elapsed_seconds=1192.86 learning_rate=0.000521084
2026-09-21 06:06:38 UTC completed_step=10080 elapsed_seconds=1194.54 learning_rate=0.000520844
2026-09-21 06:06:40 UTC completed_step=10096 elapsed_seconds=1196.23 learning_rate=0.000520603
2026-09-21 06:06:41 UTC completed_step=10112 elapsed_seconds=1197.91 learning_rate=0.000520362
2026-09-21 06:06:43 UTC step=10112 elapsed_seconds=1199.63 mean_loss=0.780033 errors=1098/10002 exact_sentences=426/1024
2026-09-21 06:06:45 UTC completed_step=10128 elapsed_seconds=1201.31 learning_rate=0.00052012
2026-09-21 06:06:47 UTC completed_step=10144 elapsed_seconds=1203 learning_rate=0.000519879
2026-09-21 06:06:48 UTC completed_step=10160 elapsed_seconds=1204.68 learning_rate=0.000519637
2026-09-21 06:06:50 UTC completed_step=10176 elapsed_seconds=1206.36 learning_rate=0.000519395
2026-09-21 06:06:52 UTC completed_step=10192 elapsed_seconds=1208.04 learning_rate=0.000519152
2026-09-21 06:06:53 UTC completed_step=10208 elapsed_seconds=1209.72 learning_rate=0.000518909
2026-09-21 06:06:55 UTC completed_step=10224 elapsed_seconds=1211.4 learning_rate=0.000518666
2026-09-21 06:06:57 UTC completed_step=10240 elapsed_seconds=1213.09 learning_rate=0.000518422
2026-09-21 06:06:58 UTC step=10240 elapsed_seconds=1214.81 mean_loss=0.772045 errors=1139/10002 exact_sentences=414/1024
2026-09-21 06:07:00 UTC completed_step=10256 elapsed_seconds=1216.5 learning_rate=0.000518179
2026-09-21 06:07:02 UTC completed_step=10272 elapsed_seconds=1218.18 learning_rate=0.000517935
2026-09-21 06:07:03 UTC completed_step=10288 elapsed_seconds=1219.87 learning_rate=0.00051769
2026-09-21 06:07:05 UTC completed_step=10304 elapsed_seconds=1221.55 learning_rate=0.000517446
2026-09-21 06:07:07 UTC completed_step=10320 elapsed_seconds=1223.23 learning_rate=0.000517201
2026-09-21 06:07:09 UTC completed_step=10336 elapsed_seconds=1224.92 learning_rate=0.000516955
2026-09-21 06:07:10 UTC completed_step=10352 elapsed_seconds=1226.6 learning_rate=0.00051671
2026-09-21 06:07:12 UTC completed_step=10368 elapsed_seconds=1228.28 learning_rate=0.000516464
2026-09-21 06:07:14 UTC step=10368 elapsed_seconds=1229.98 mean_loss=0.770751 errors=1109/10002 exact_sentences=441/1024
2026-09-21 06:07:15 UTC completed_step=10384 elapsed_seconds=1231.67 learning_rate=0.000516218
2026-09-21 06:07:17 UTC completed_step=10400 elapsed_seconds=1233.35 learning_rate=0.000515971
2026-09-21 06:07:19 UTC completed_step=10416 elapsed_seconds=1235.03 learning_rate=0.000515725
2026-09-21 06:07:20 UTC completed_step=10432 elapsed_seconds=1236.71 learning_rate=0.000515478
2026-09-21 06:07:22 UTC completed_step=10448 elapsed_seconds=1238.4 learning_rate=0.00051523
2026-09-21 06:07:24 UTC completed_step=10464 elapsed_seconds=1240.08 learning_rate=0.000514983
2026-09-21 06:07:25 UTC completed_step=10480 elapsed_seconds=1241.77 learning_rate=0.000514735
2026-09-21 06:07:27 UTC completed_step=10496 elapsed_seconds=1243.45 learning_rate=0.000514487
2026-09-21 06:07:29 UTC step=10496 elapsed_seconds=1245.14 mean_loss=0.738388 errors=1114/10002 exact_sentences=418/1024
2026-09-21 06:07:30 UTC completed_step=10512 elapsed_seconds=1246.83 learning_rate=0.000514238
2026-09-21 06:07:32 UTC completed_step=10528 elapsed_seconds=1248.51 learning_rate=0.000513989
2026-09-21 06:07:34 UTC completed_step=10544 elapsed_seconds=1250.19 learning_rate=0.00051374
2026-09-21 06:07:35 UTC completed_step=10560 elapsed_seconds=1251.87 learning_rate=0.000513491
2026-09-21 06:07:37 UTC completed_step=10576 elapsed_seconds=1253.55 learning_rate=0.000513241
2026-09-21 06:07:39 UTC completed_step=10592 elapsed_seconds=1255.24 learning_rate=0.000512991
2026-09-21 06:07:41 UTC completed_step=10608 elapsed_seconds=1256.92 learning_rate=0.000512741
2026-09-21 06:07:42 UTC completed_step=10624 elapsed_seconds=1258.6 learning_rate=0.00051249
2026-09-21 06:07:44 UTC step=10624 elapsed_seconds=1260.32 mean_loss=0.709249 errors=986/10002 exact_sentences=459/1024
2026-09-21 06:07:46 UTC completed_step=10640 elapsed_seconds=1262.01 learning_rate=0.000512239
2026-09-21 06:07:47 UTC completed_step=10656 elapsed_seconds=1263.7 learning_rate=0.000511988
2026-09-21 06:07:49 UTC completed_step=10672 elapsed_seconds=1265.38 learning_rate=0.000511737
2026-09-21 06:07:51 UTC completed_step=10688 elapsed_seconds=1267.06 learning_rate=0.000511485
2026-09-21 06:07:52 UTC completed_step=10704 elapsed_seconds=1268.74 learning_rate=0.000511233
2026-09-21 06:07:54 UTC completed_step=10720 elapsed_seconds=1270.42 learning_rate=0.000510981
2026-09-21 06:07:56 UTC completed_step=10736 elapsed_seconds=1272.1 learning_rate=0.000510728
2026-09-21 06:07:57 UTC completed_step=10752 elapsed_seconds=1273.79 learning_rate=0.000510476
2026-09-21 06:07:59 UTC step=10752 elapsed_seconds=1275.48 mean_loss=0.669296 errors=931/10002 exact_sentences=477/1024
2026-09-21 06:08:01 UTC completed_step=10768 elapsed_seconds=1277.17 learning_rate=0.000510222
2026-09-21 06:08:02 UTC completed_step=10784 elapsed_seconds=1278.85 learning_rate=0.000509969
2026-09-21 06:08:04 UTC completed_step=10800 elapsed_seconds=1280.54 learning_rate=0.000509715
2026-09-21 06:08:06 UTC completed_step=10816 elapsed_seconds=1282.22 learning_rate=0.000509461
2026-09-21 06:08:07 UTC completed_step=10832 elapsed_seconds=1283.9 learning_rate=0.000509207
2026-09-21 06:08:09 UTC completed_step=10848 elapsed_seconds=1285.58 learning_rate=0.000508953
2026-09-21 06:08:11 UTC completed_step=10864 elapsed_seconds=1287.27 learning_rate=0.000508698
2026-09-21 06:08:13 UTC completed_step=10880 elapsed_seconds=1288.95 learning_rate=0.000508443
2026-09-21 06:08:14 UTC step=10880 elapsed_seconds=1290.66 mean_loss=0.663314 errors=907/10002 exact_sentences=502/1024
2026-09-21 06:08:16 UTC completed_step=10896 elapsed_seconds=1292.34 learning_rate=0.000508187
2026-09-21 06:08:18 UTC completed_step=10912 elapsed_seconds=1294.03 learning_rate=0.000507931
2026-09-21 06:08:19 UTC completed_step=10928 elapsed_seconds=1295.71 learning_rate=0.000507675
2026-09-21 06:08:21 UTC completed_step=10944 elapsed_seconds=1297.39 learning_rate=0.000507419
2026-09-21 06:08:23 UTC completed_step=10960 elapsed_seconds=1299.07 learning_rate=0.000507163
2026-09-21 06:08:24 UTC completed_step=10976 elapsed_seconds=1300.75 learning_rate=0.000506906
2026-09-21 06:08:26 UTC completed_step=10992 elapsed_seconds=1302.43 learning_rate=0.000506649
2026-09-21 06:08:28 UTC completed_step=11008 elapsed_seconds=1304.11 learning_rate=0.000506391
2026-09-21 06:08:29 UTC step=11008 elapsed_seconds=1305.82 mean_loss=0.623743 errors=823/10002 exact_sentences=522/1024
2026-09-21 06:08:31 UTC completed_step=11024 elapsed_seconds=1307.5 learning_rate=0.000506134
2026-09-21 06:08:33 UTC completed_step=11040 elapsed_seconds=1309.19 learning_rate=0.000505876
2026-09-21 06:08:34 UTC completed_step=11056 elapsed_seconds=1310.87 learning_rate=0.000505618
2026-09-21 06:08:36 UTC completed_step=11072 elapsed_seconds=1312.55 learning_rate=0.000505359
2026-09-21 06:08:38 UTC completed_step=11088 elapsed_seconds=1314.23 learning_rate=0.0005051
2026-09-21 06:08:40 UTC completed_step=11104 elapsed_seconds=1315.91 learning_rate=0.000504841
2026-09-21 06:08:41 UTC completed_step=11120 elapsed_seconds=1317.6 learning_rate=0.000504582
2026-09-21 06:08:43 UTC completed_step=11136 elapsed_seconds=1319.28 learning_rate=0.000504322
2026-09-21 06:08:45 UTC step=11136 elapsed_seconds=1320.98 mean_loss=0.594754 errors=803/10002 exact_sentences=530/1024
2026-09-21 06:08:46 UTC completed_step=11152 elapsed_seconds=1322.66 learning_rate=0.000504062
2026-09-21 06:08:48 UTC completed_step=11168 elapsed_seconds=1324.34 learning_rate=0.000503802
2026-09-21 06:08:50 UTC completed_step=11184 elapsed_seconds=1326.03 learning_rate=0.000503542
2026-09-21 06:08:51 UTC completed_step=11200 elapsed_seconds=1327.71 learning_rate=0.000503281
2026-09-21 06:08:53 UTC completed_step=11216 elapsed_seconds=1329.39 learning_rate=0.00050302
2026-09-21 06:08:55 UTC completed_step=11232 elapsed_seconds=1331.07 learning_rate=0.000502759
2026-09-21 06:08:56 UTC completed_step=11248 elapsed_seconds=1332.75 learning_rate=0.000502497
2026-09-21 06:08:58 UTC completed_step=11264 elapsed_seconds=1334.43 learning_rate=0.000502235
2026-09-21 06:09:00 UTC step=11264 elapsed_seconds=1336.14 mean_loss=0.597315 errors=819/10002 exact_sentences=525/1024
2026-09-21 06:09:01 UTC completed_step=11280 elapsed_seconds=1337.83 learning_rate=0.000501973
2026-09-21 06:09:03 UTC completed_step=11296 elapsed_seconds=1339.51 learning_rate=0.000501711
2026-09-21 06:09:05 UTC completed_step=11312 elapsed_seconds=1341.19 learning_rate=0.000501448
2026-09-21 06:09:06 UTC completed_step=11328 elapsed_seconds=1342.87 learning_rate=0.000501186
2026-09-21 06:09:08 UTC completed_step=11344 elapsed_seconds=1344.55 learning_rate=0.000500922
2026-09-21 06:09:10 UTC completed_step=11360 elapsed_seconds=1346.23 learning_rate=0.000500659
2026-09-21 06:09:12 UTC completed_step=11376 elapsed_seconds=1347.91 learning_rate=0.000500395
2026-09-21 06:09:13 UTC completed_step=11392 elapsed_seconds=1349.59 learning_rate=0.000500131
2026-09-21 06:09:15 UTC step=11392 elapsed_seconds=1351.29 mean_loss=0.572711 errors=779/10002 exact_sentences=550/1024
2026-09-21 06:09:17 UTC completed_step=11408 elapsed_seconds=1352.97 learning_rate=0.000499867
2026-09-21 06:09:18 UTC completed_step=11424 elapsed_seconds=1354.65 learning_rate=0.000499602
2026-09-21 06:09:20 UTC completed_step=11440 elapsed_seconds=1356.33 learning_rate=0.000499338
2026-09-21 06:09:22 UTC completed_step=11456 elapsed_seconds=1358.01 learning_rate=0.000499073
2026-09-21 06:09:23 UTC completed_step=11472 elapsed_seconds=1359.69 learning_rate=0.000498807
2026-09-21 06:09:25 UTC completed_step=11488 elapsed_seconds=1361.37 learning_rate=0.000498542
2026-09-21 06:09:27 UTC completed_step=11504 elapsed_seconds=1363.05 learning_rate=0.000498276
2026-09-21 06:09:28 UTC completed_step=11520 elapsed_seconds=1364.73 learning_rate=0.00049801
2026-09-21 06:09:30 UTC step=11520 elapsed_seconds=1366.43 mean_loss=0.538013 errors=665/10002 exact_sentences=587/1024
2026-09-21 06:09:32 UTC completed_step=11536 elapsed_seconds=1368.12 learning_rate=0.000497743
2026-09-21 06:09:33 UTC completed_step=11552 elapsed_seconds=1369.8 learning_rate=0.000497477
2026-09-21 06:09:35 UTC completed_step=11568 elapsed_seconds=1371.48 learning_rate=0.00049721
2026-09-21 06:09:37 UTC completed_step=11584 elapsed_seconds=1373.16 learning_rate=0.000496942
2026-09-21 06:09:38 UTC completed_step=11600 elapsed_seconds=1374.85 learning_rate=0.000496675
2026-09-21 06:09:40 UTC completed_step=11616 elapsed_seconds=1376.53 learning_rate=0.000496407
2026-09-21 06:09:42 UTC completed_step=11632 elapsed_seconds=1378.21 learning_rate=0.000496139
2026-09-21 06:09:43 UTC completed_step=11648 elapsed_seconds=1379.89 learning_rate=0.000495871
2026-09-21 06:09:45 UTC step=11648 elapsed_seconds=1381.59 mean_loss=0.51905 errors=610/10002 exact_sentences=631/1024
2026-09-21 06:09:47 UTC completed_step=11664 elapsed_seconds=1383.27 learning_rate=0.000495602
2026-09-21 06:09:49 UTC completed_step=11680 elapsed_seconds=1384.95 learning_rate=0.000495334
2026-09-21 06:09:50 UTC completed_step=11696 elapsed_seconds=1386.63 learning_rate=0.000495065
2026-09-21 06:09:52 UTC completed_step=11712 elapsed_seconds=1388.31 learning_rate=0.000494795
2026-09-21 06:09:54 UTC completed_step=11728 elapsed_seconds=1389.99 learning_rate=0.000494526
2026-09-21 06:09:55 UTC completed_step=11744 elapsed_seconds=1391.67 learning_rate=0.000494256
2026-09-21 06:09:57 UTC completed_step=11760 elapsed_seconds=1393.35 learning_rate=0.000493986
2026-09-21 06:09:59 UTC completed_step=11776 elapsed_seconds=1395.03 learning_rate=0.000493716
2026-09-21 06:10:00 UTC step=11776 elapsed_seconds=1396.73 mean_loss=0.502912 errors=623/10002 exact_sentences=617/1024
2026-09-21 06:10:02 UTC completed_step=11792 elapsed_seconds=1398.42 learning_rate=0.000493445
2026-09-21 06:10:04 UTC completed_step=11808 elapsed_seconds=1400.1 learning_rate=0.000493174
2026-09-21 06:10:05 UTC completed_step=11824 elapsed_seconds=1401.78 learning_rate=0.000492903
2026-09-21 06:10:07 UTC completed_step=11840 elapsed_seconds=1403.46 learning_rate=0.000492632
2026-09-21 06:10:09 UTC completed_step=11856 elapsed_seconds=1405.15 learning_rate=0.00049236
2026-09-21 06:10:10 UTC completed_step=11872 elapsed_seconds=1406.83 learning_rate=0.000492088
2026-09-21 06:10:12 UTC completed_step=11888 elapsed_seconds=1408.51 learning_rate=0.000491816
2026-09-21 06:10:14 UTC completed_step=11904 elapsed_seconds=1410.2 learning_rate=0.000491543
2026-09-21 06:10:15 UTC step=11904 elapsed_seconds=1411.89 mean_loss=0.510746 errors=665/10002 exact_sentences=616/1024
2026-09-21 06:10:17 UTC completed_step=11920 elapsed_seconds=1413.58 learning_rate=0.000491271
2026-09-21 06:10:19 UTC completed_step=11936 elapsed_seconds=1415.26 learning_rate=0.000490998
2026-09-21 06:10:21 UTC completed_step=11952 elapsed_seconds=1416.94 learning_rate=0.000490725
2026-09-21 06:10:22 UTC completed_step=11968 elapsed_seconds=1418.63 learning_rate=0.000490451
2026-09-21 06:10:24 UTC completed_step=11984 elapsed_seconds=1420.31 learning_rate=0.000490177
2026-09-21 06:10:26 UTC completed_step=12000 elapsed_seconds=1422 learning_rate=0.000489903
2026-09-21 06:10:27 UTC completed_step=12016 elapsed_seconds=1423.68 learning_rate=0.000489629
2026-09-21 06:10:29 UTC completed_step=12032 elapsed_seconds=1425.36 learning_rate=0.000489355
2026-09-21 06:10:31 UTC step=12032 elapsed_seconds=1427.06 mean_loss=0.484301 errors=571/10002 exact_sentences=652/1024
2026-09-21 06:10:32 UTC completed_step=12048 elapsed_seconds=1428.75 learning_rate=0.00048908
2026-09-21 06:10:34 UTC completed_step=12064 elapsed_seconds=1430.43 learning_rate=0.000488805
2026-09-21 06:10:36 UTC completed_step=12080 elapsed_seconds=1432.11 learning_rate=0.00048853
2026-09-21 06:10:37 UTC completed_step=12096 elapsed_seconds=1433.8 learning_rate=0.000488255
2026-09-21 06:10:39 UTC completed_step=12112 elapsed_seconds=1435.48 learning_rate=0.000487979
2026-09-21 06:10:41 UTC completed_step=12128 elapsed_seconds=1437.16 learning_rate=0.000487703
2026-09-21 06:10:42 UTC completed_step=12144 elapsed_seconds=1438.84 learning_rate=0.000487427
2026-09-21 06:10:44 UTC completed_step=12160 elapsed_seconds=1440.52 learning_rate=0.00048715
2026-09-21 06:10:46 UTC step=12160 elapsed_seconds=1442.22 mean_loss=0.464976 errors=530/10002 exact_sentences=673/1024
2026-09-21 06:10:47 UTC completed_step=12176 elapsed_seconds=1443.91 learning_rate=0.000486873
2026-09-21 06:10:49 UTC completed_step=12192 elapsed_seconds=1445.59 learning_rate=0.000486596
2026-09-21 06:10:51 UTC completed_step=12208 elapsed_seconds=1447.27 learning_rate=0.000486319
2026-09-21 06:10:53 UTC completed_step=12224 elapsed_seconds=1448.96 learning_rate=0.000486042
2026-09-21 06:10:54 UTC completed_step=12240 elapsed_seconds=1450.64 learning_rate=0.000485764
2026-09-21 06:10:56 UTC completed_step=12256 elapsed_seconds=1452.33 learning_rate=0.000485486
2026-09-21 06:10:58 UTC completed_step=12272 elapsed_seconds=1454.01 learning_rate=0.000485208
2026-09-21 06:10:59 UTC completed_step=12288 elapsed_seconds=1455.69 learning_rate=0.000484929
2026-09-21 06:11:01 UTC step=12288 elapsed_seconds=1457.38 mean_loss=0.482417 errors=645/10002 exact_sentences=623/1024
2026-09-21 06:11:03 UTC completed_step=12304 elapsed_seconds=1459.07 learning_rate=0.000484651
2026-09-21 06:11:04 UTC completed_step=12320 elapsed_seconds=1460.75 learning_rate=0.000484372
2026-09-21 06:11:06 UTC completed_step=12336 elapsed_seconds=1462.43 learning_rate=0.000484093
2026-09-21 06:11:08 UTC completed_step=12352 elapsed_seconds=1464.12 learning_rate=0.000483813
2026-09-21 06:11:09 UTC completed_step=12368 elapsed_seconds=1465.8 learning_rate=0.000483534
2026-09-21 06:11:11 UTC completed_step=12384 elapsed_seconds=1467.48 learning_rate=0.000483254
2026-09-21 06:11:13 UTC completed_step=12400 elapsed_seconds=1469.16 learning_rate=0.000482973
2026-09-21 06:11:14 UTC completed_step=12416 elapsed_seconds=1470.84 learning_rate=0.000482693
2026-09-21 06:11:16 UTC step=12416 elapsed_seconds=1472.56 mean_loss=0.42556 errors=494/10002 exact_sentences=684/1024
2026-09-21 06:11:18 UTC completed_step=12432 elapsed_seconds=1474.25 learning_rate=0.000482412
2026-09-21 06:11:20 UTC completed_step=12448 elapsed_seconds=1475.93 learning_rate=0.000482132
2026-09-21 06:11:21 UTC completed_step=12464 elapsed_seconds=1477.61 learning_rate=0.00048185
2026-09-21 06:11:23 UTC completed_step=12480 elapsed_seconds=1479.3 learning_rate=0.000481569
2026-09-21 06:11:25 UTC completed_step=12496 elapsed_seconds=1480.98 learning_rate=0.000481287
2026-09-21 06:11:26 UTC completed_step=12512 elapsed_seconds=1482.67 learning_rate=0.000481006
2026-09-21 06:11:28 UTC completed_step=12528 elapsed_seconds=1484.35 learning_rate=0.000480723
2026-09-21 06:11:30 UTC completed_step=12544 elapsed_seconds=1486.03 learning_rate=0.000480441
2026-09-21 06:11:31 UTC step=12544 elapsed_seconds=1487.72 mean_loss=0.401621 errors=426/10002 exact_sentences=715/1024
2026-09-21 06:11:33 UTC completed_step=12560 elapsed_seconds=1489.41 learning_rate=0.000480159
2026-09-21 06:11:35 UTC completed_step=12576 elapsed_seconds=1491.09 learning_rate=0.000479876
2026-09-21 06:11:36 UTC completed_step=12592 elapsed_seconds=1492.77 learning_rate=0.000479593
2026-09-21 06:11:38 UTC completed_step=12608 elapsed_seconds=1494.45 learning_rate=0.000479309
2026-09-21 06:11:40 UTC completed_step=12624 elapsed_seconds=1496.13 learning_rate=0.000479026
2026-09-21 06:11:41 UTC completed_step=12640 elapsed_seconds=1497.81 learning_rate=0.000478742
2026-09-21 06:11:43 UTC completed_step=12656 elapsed_seconds=1499.5 learning_rate=0.000478458
2026-09-21 06:11:45 UTC completed_step=12672 elapsed_seconds=1501.18 learning_rate=0.000478174
2026-09-21 06:11:46 UTC step=12672 elapsed_seconds=1502.88 mean_loss=0.411362 errors=475/10002 exact_sentences=697/1024
2026-09-21 06:11:48 UTC completed_step=12688 elapsed_seconds=1504.57 learning_rate=0.000477889
2026-09-21 06:11:50 UTC completed_step=12704 elapsed_seconds=1506.25 learning_rate=0.000477605
2026-09-21 06:11:52 UTC completed_step=12720 elapsed_seconds=1507.93 learning_rate=0.00047732
2026-09-21 06:11:53 UTC completed_step=12736 elapsed_seconds=1509.61 learning_rate=0.000477035
2026-09-21 06:11:55 UTC completed_step=12752 elapsed_seconds=1511.3 learning_rate=0.000476749
2026-09-21 06:11:57 UTC completed_step=12768 elapsed_seconds=1512.98 learning_rate=0.000476464
2026-09-21 06:11:58 UTC completed_step=12784 elapsed_seconds=1514.66 learning_rate=0.000476178
2026-09-21 06:12:00 UTC completed_step=12800 elapsed_seconds=1516.34 learning_rate=0.000475892
2026-09-21 06:12:02 UTC step=12800 elapsed_seconds=1518.03 mean_loss=0.385341 errors=451/10002 exact_sentences=715/1024
2026-09-21 06:12:03 UTC completed_step=12816 elapsed_seconds=1519.72 learning_rate=0.000475605
2026-09-21 06:12:05 UTC completed_step=12832 elapsed_seconds=1521.41 learning_rate=0.000475319
2026-09-21 06:12:07 UTC completed_step=12848 elapsed_seconds=1523.09 learning_rate=0.000475032
2026-09-21 06:12:08 UTC completed_step=12864 elapsed_seconds=1524.77 learning_rate=0.000474745
2026-09-21 06:12:10 UTC completed_step=12880 elapsed_seconds=1526.45 learning_rate=0.000474458
2026-09-21 06:12:12 UTC completed_step=12896 elapsed_seconds=1528.14 learning_rate=0.00047417
2026-09-21 06:12:13 UTC completed_step=12912 elapsed_seconds=1529.82 learning_rate=0.000473883
2026-09-21 06:12:15 UTC completed_step=12928 elapsed_seconds=1531.5 learning_rate=0.000473595
2026-09-21 06:12:17 UTC step=12928 elapsed_seconds=1533.2 mean_loss=0.368946 errors=407/10002 exact_sentences=748/1024
2026-09-21 06:12:18 UTC completed_step=12944 elapsed_seconds=1534.89 learning_rate=0.000473306
2026-09-21 06:12:20 UTC completed_step=12960 elapsed_seconds=1536.57 learning_rate=0.000473018
2026-09-21 06:12:22 UTC completed_step=12976 elapsed_seconds=1538.26 learning_rate=0.000472729
2026-09-21 06:12:24 UTC completed_step=12992 elapsed_seconds=1539.94 learning_rate=0.000472441
2026-09-21 06:12:25 UTC completed_step=13008 elapsed_seconds=1541.62 learning_rate=0.000472152
2026-09-21 06:12:27 UTC completed_step=13024 elapsed_seconds=1543.3 learning_rate=0.000471862
2026-09-21 06:12:29 UTC completed_step=13040 elapsed_seconds=1544.99 learning_rate=0.000471573
2026-09-21 06:12:30 UTC completed_step=13056 elapsed_seconds=1546.67 learning_rate=0.000471283
2026-09-21 06:12:32 UTC step=13056 elapsed_seconds=1548.36 mean_loss=0.370716 errors=394/10002 exact_sentences=751/1024
2026-09-21 06:12:34 UTC completed_step=13072 elapsed_seconds=1550.05 learning_rate=0.000470993
2026-09-21 06:12:35 UTC completed_step=13088 elapsed_seconds=1551.73 learning_rate=0.000470703
2026-09-21 06:12:37 UTC completed_step=13104 elapsed_seconds=1553.41 learning_rate=0.000470412
2026-09-21 06:12:39 UTC completed_step=13120 elapsed_seconds=1555.1 learning_rate=0.000470122
2026-09-21 06:12:40 UTC completed_step=13136 elapsed_seconds=1556.78 learning_rate=0.000469831
2026-09-21 06:12:42 UTC completed_step=13152 elapsed_seconds=1558.46 learning_rate=0.00046954
2026-09-21 06:12:44 UTC completed_step=13168 elapsed_seconds=1560.15 learning_rate=0.000469249
2026-09-21 06:12:45 UTC completed_step=13184 elapsed_seconds=1561.83 learning_rate=0.000468957
2026-09-21 06:12:47 UTC step=13184 elapsed_seconds=1563.53 mean_loss=0.341428 errors=347/10002 exact_sentences=777/1024
2026-09-21 06:12:49 UTC completed_step=13200 elapsed_seconds=1565.22 learning_rate=0.000468665
2026-09-21 06:12:50 UTC completed_step=13216 elapsed_seconds=1566.9 learning_rate=0.000468373
2026-09-21 06:12:52 UTC completed_step=13232 elapsed_seconds=1568.59 learning_rate=0.000468081
2026-09-21 06:12:54 UTC completed_step=13248 elapsed_seconds=1570.28 learning_rate=0.000467789
2026-09-21 06:12:56 UTC completed_step=13264 elapsed_seconds=1571.96 learning_rate=0.000467496
2026-09-21 06:12:57 UTC completed_step=13280 elapsed_seconds=1573.64 learning_rate=0.000467203
2026-09-21 06:12:59 UTC completed_step=13296 elapsed_seconds=1575.32 learning_rate=0.00046691
2026-09-21 06:13:01 UTC completed_step=13312 elapsed_seconds=1577.01 learning_rate=0.000466617
2026-09-21 06:13:02 UTC step=13312 elapsed_seconds=1578.69 mean_loss=0.338859 errors=340/10002 exact_sentences=778/1024
2026-09-21 06:13:04 UTC completed_step=13328 elapsed_seconds=1580.38 learning_rate=0.000466323
2026-09-21 06:13:06 UTC completed_step=13344 elapsed_seconds=1582.07 learning_rate=0.00046603
2026-09-21 06:13:07 UTC completed_step=13360 elapsed_seconds=1583.75 learning_rate=0.000465736
2026-09-21 06:13:09 UTC completed_step=13376 elapsed_seconds=1585.43 learning_rate=0.000465442
2026-09-21 06:13:11 UTC completed_step=13392 elapsed_seconds=1587.11 learning_rate=0.000465147
2026-09-21 06:13:12 UTC completed_step=13408 elapsed_seconds=1588.8 learning_rate=0.000464853
2026-09-21 06:13:14 UTC completed_step=13424 elapsed_seconds=1590.48 learning_rate=0.000464558
2026-09-21 06:13:16 UTC completed_step=13440 elapsed_seconds=1592.16 learning_rate=0.000464263
2026-09-21 06:13:17 UTC step=13440 elapsed_seconds=1593.87 mean_loss=0.320078 errors=321/10002 exact_sentences=786/1024
2026-09-21 06:13:19 UTC completed_step=13456 elapsed_seconds=1595.56 learning_rate=0.000463968
2026-09-21 06:13:21 UTC completed_step=13472 elapsed_seconds=1597.24 learning_rate=0.000463672
2026-09-21 06:13:23 UTC completed_step=13488 elapsed_seconds=1598.93 learning_rate=0.000463377
2026-09-21 06:13:24 UTC completed_step=13504 elapsed_seconds=1600.61 learning_rate=0.000463081
2026-09-21 06:13:26 UTC completed_step=13520 elapsed_seconds=1602.3 learning_rate=0.000462785
2026-09-21 06:13:28 UTC completed_step=13536 elapsed_seconds=1603.98 learning_rate=0.000462488
2026-09-21 06:13:29 UTC completed_step=13552 elapsed_seconds=1605.67 learning_rate=0.000462192
2026-09-21 06:13:31 UTC completed_step=13568 elapsed_seconds=1607.35 learning_rate=0.000461895
2026-09-21 06:13:33 UTC step=13568 elapsed_seconds=1609.05 mean_loss=0.305498 errors=297/10002 exact_sentences=803/1024
2026-09-21 06:13:34 UTC completed_step=13584 elapsed_seconds=1610.73 learning_rate=0.000461598
2026-09-21 06:13:36 UTC completed_step=13600 elapsed_seconds=1612.41 learning_rate=0.000461301
2026-09-21 06:13:38 UTC completed_step=13616 elapsed_seconds=1614.1 learning_rate=0.000461004
2026-09-21 06:13:39 UTC completed_step=13632 elapsed_seconds=1615.78 learning_rate=0.000460706
2026-09-21 06:13:41 UTC completed_step=13648 elapsed_seconds=1617.46 learning_rate=0.000460409
2026-09-21 06:13:43 UTC completed_step=13664 elapsed_seconds=1619.15 learning_rate=0.000460111
2026-09-21 06:13:44 UTC completed_step=13680 elapsed_seconds=1620.83 learning_rate=0.000459813
2026-09-21 06:13:46 UTC completed_step=13696 elapsed_seconds=1622.52 learning_rate=0.000459514
2026-09-21 06:13:48 UTC step=13696 elapsed_seconds=1624.24 mean_loss=0.3049 errors=312/10002 exact_sentences=792/1024
2026-09-21 06:13:50 UTC completed_step=13712 elapsed_seconds=1625.93 learning_rate=0.000459216
2026-09-21 06:13:51 UTC completed_step=13728 elapsed_seconds=1627.61 learning_rate=0.000458917
2026-09-21 06:13:53 UTC completed_step=13744 elapsed_seconds=1629.3 learning_rate=0.000458618
2026-09-21 06:13:55 UTC completed_step=13760 elapsed_seconds=1630.98 learning_rate=0.000458319
2026-09-21 06:13:56 UTC completed_step=13776 elapsed_seconds=1632.67 learning_rate=0.000458019
2026-09-21 06:13:58 UTC completed_step=13792 elapsed_seconds=1634.35 learning_rate=0.00045772
2026-09-21 06:14:00 UTC completed_step=13808 elapsed_seconds=1636.04 learning_rate=0.00045742
2026-09-21 06:14:01 UTC completed_step=13824 elapsed_seconds=1637.73 learning_rate=0.00045712
2026-09-21 06:14:03 UTC step=13824 elapsed_seconds=1639.41 mean_loss=0.286488 errors=256/10002 exact_sentences=825/1024
2026-09-21 06:14:05 UTC completed_step=13840 elapsed_seconds=1641.11 learning_rate=0.00045682
2026-09-21 06:14:06 UTC completed_step=13856 elapsed_seconds=1642.79 learning_rate=0.00045652
2026-09-21 06:14:08 UTC completed_step=13872 elapsed_seconds=1644.48 learning_rate=0.000456219
2026-09-21 06:14:10 UTC completed_step=13888 elapsed_seconds=1646.16 learning_rate=0.000455918
2026-09-21 06:14:11 UTC completed_step=13904 elapsed_seconds=1647.84 learning_rate=0.000455617
2026-09-21 06:14:13 UTC completed_step=13920 elapsed_seconds=1649.53 learning_rate=0.000455316
2026-09-21 06:14:15 UTC completed_step=13936 elapsed_seconds=1651.21 learning_rate=0.000455015
2026-09-21 06:14:16 UTC completed_step=13952 elapsed_seconds=1652.89 learning_rate=0.000454713
2026-09-21 06:14:18 UTC step=13952 elapsed_seconds=1654.61 mean_loss=0.28866 errors=295/10002 exact_sentences=820/1024
2026-09-21 06:14:20 UTC completed_step=13968 elapsed_seconds=1656.3 learning_rate=0.000454411
2026-09-21 06:14:22 UTC completed_step=13984 elapsed_seconds=1657.98 learning_rate=0.000454109
2026-09-21 06:14:23 UTC completed_step=14000 elapsed_seconds=1659.67 learning_rate=0.000453807
2026-09-21 06:14:25 UTC completed_step=14016 elapsed_seconds=1661.35 learning_rate=0.000453505
2026-09-21 06:14:27 UTC completed_step=14032 elapsed_seconds=1663.03 learning_rate=0.000453202
2026-09-21 06:14:28 UTC completed_step=14048 elapsed_seconds=1664.72 learning_rate=0.000452899
2026-09-21 06:14:30 UTC completed_step=14064 elapsed_seconds=1666.4 learning_rate=0.000452596
2026-09-21 06:14:32 UTC completed_step=14080 elapsed_seconds=1668.08 learning_rate=0.000452293
2026-09-21 06:14:33 UTC step=14080 elapsed_seconds=1669.78 mean_loss=0.267258 errors=253/10002 exact_sentences=832/1024
2026-09-21 06:14:35 UTC completed_step=14096 elapsed_seconds=1671.46 learning_rate=0.00045199
2026-09-21 06:14:37 UTC completed_step=14112 elapsed_seconds=1673.15 learning_rate=0.000451686
2026-09-21 06:14:38 UTC completed_step=14128 elapsed_seconds=1674.83 learning_rate=0.000451383
2026-09-21 06:14:40 UTC completed_step=14144 elapsed_seconds=1676.51 learning_rate=0.000451079
2026-09-21 06:14:42 UTC completed_step=14160 elapsed_seconds=1678.2 learning_rate=0.000450775
2026-09-21 06:14:43 UTC completed_step=14176 elapsed_seconds=1679.88 learning_rate=0.00045047
2026-09-21 06:14:45 UTC completed_step=14192 elapsed_seconds=1681.57 learning_rate=0.000450166
2026-09-21 06:14:47 UTC completed_step=14208 elapsed_seconds=1683.25 learning_rate=0.000449861
2026-09-21 06:14:49 UTC step=14208 elapsed_seconds=1684.95 mean_loss=0.265868 errors=254/10002 exact_sentences=831/1024
2026-09-21 06:14:50 UTC completed_step=14224 elapsed_seconds=1686.64 learning_rate=0.000449556
2026-09-21 06:14:52 UTC completed_step=14240 elapsed_seconds=1688.32 learning_rate=0.000449251
2026-09-21 06:14:54 UTC completed_step=14256 elapsed_seconds=1690.01 learning_rate=0.000448946
2026-09-21 06:14:55 UTC completed_step=14272 elapsed_seconds=1691.69 learning_rate=0.00044864
2026-09-21 06:14:57 UTC completed_step=14288 elapsed_seconds=1693.37 learning_rate=0.000448335
2026-09-21 06:14:59 UTC completed_step=14304 elapsed_seconds=1695.05 learning_rate=0.000448029
2026-09-21 06:15:00 UTC completed_step=14320 elapsed_seconds=1696.73 learning_rate=0.000447723
2026-09-21 06:15:02 UTC completed_step=14336 elapsed_seconds=1698.42 learning_rate=0.000447417
2026-09-21 06:15:04 UTC step=14336 elapsed_seconds=1700.12 mean_loss=0.235251 errors=181/10002 exact_sentences=879/1024
2026-09-21 06:15:05 UTC completed_step=14352 elapsed_seconds=1701.81 learning_rate=0.00044711
2026-09-21 06:15:07 UTC completed_step=14368 elapsed_seconds=1703.5 learning_rate=0.000446804
2026-09-21 06:15:09 UTC completed_step=14384 elapsed_seconds=1705.19 learning_rate=0.000446497
2026-09-21 06:15:10 UTC completed_step=14400 elapsed_seconds=1706.87 learning_rate=0.00044619
2026-09-21 06:15:12 UTC completed_step=14416 elapsed_seconds=1708.56 learning_rate=0.000445883
2026-09-21 06:15:14 UTC completed_step=14432 elapsed_seconds=1710.24 learning_rate=0.000445576
2026-09-21 06:15:16 UTC completed_step=14448 elapsed_seconds=1711.93 learning_rate=0.000445268
2026-09-21 06:15:17 UTC completed_step=14464 elapsed_seconds=1713.61 learning_rate=0.00044496
2026-09-21 06:15:19 UTC step=14464 elapsed_seconds=1715.34 mean_loss=0.258428 errors=242/10002 exact_sentences=840/1024
2026-09-21 06:15:21 UTC completed_step=14480 elapsed_seconds=1717.03 learning_rate=0.000444653
2026-09-21 06:15:22 UTC completed_step=14496 elapsed_seconds=1718.71 learning_rate=0.000444345
2026-09-21 06:15:24 UTC completed_step=14512 elapsed_seconds=1720.39 learning_rate=0.000444036
2026-09-21 06:15:26 UTC completed_step=14528 elapsed_seconds=1722.07 learning_rate=0.000443728
2026-09-21 06:15:27 UTC completed_step=14544 elapsed_seconds=1723.76 learning_rate=0.000443419
2026-09-21 06:15:29 UTC completed_step=14560 elapsed_seconds=1725.44 learning_rate=0.000443111
2026-09-21 06:15:31 UTC completed_step=14576 elapsed_seconds=1727.12 learning_rate=0.000442802
2026-09-21 06:15:32 UTC completed_step=14592 elapsed_seconds=1728.8 learning_rate=0.000442492
2026-09-21 06:15:34 UTC step=14592 elapsed_seconds=1730.5 mean_loss=0.224349 errors=185/10002 exact_sentences=878/1024
2026-09-21 06:15:36 UTC completed_step=14608 elapsed_seconds=1732.19 learning_rate=0.000442183
2026-09-21 06:15:37 UTC completed_step=14624 elapsed_seconds=1733.87 learning_rate=0.000441874
2026-09-21 06:15:39 UTC completed_step=14640 elapsed_seconds=1735.56 learning_rate=0.000441564
2026-09-21 06:15:41 UTC completed_step=14656 elapsed_seconds=1737.24 learning_rate=0.000441254
2026-09-21 06:15:43 UTC completed_step=14672 elapsed_seconds=1738.92 learning_rate=0.000440944
2026-09-21 06:15:44 UTC completed_step=14688 elapsed_seconds=1740.6 learning_rate=0.000440634
2026-09-21 06:15:46 UTC completed_step=14704 elapsed_seconds=1742.29 learning_rate=0.000440324
2026-09-21 06:15:48 UTC completed_step=14720 elapsed_seconds=1743.97 learning_rate=0.000440013
2026-09-21 06:15:49 UTC step=14720 elapsed_seconds=1745.67 mean_loss=0.217706 errors=175/10002 exact_sentences=886/1024
2026-09-21 06:15:51 UTC completed_step=14736 elapsed_seconds=1747.35 learning_rate=0.000439702
2026-09-21 06:15:53 UTC completed_step=14752 elapsed_seconds=1749.04 learning_rate=0.000439391
2026-09-21 06:15:54 UTC completed_step=14768 elapsed_seconds=1750.72 learning_rate=0.00043908
2026-09-21 06:15:56 UTC completed_step=14784 elapsed_seconds=1752.41 learning_rate=0.000438769
2026-09-21 06:15:58 UTC completed_step=14800 elapsed_seconds=1754.09 learning_rate=0.000438458
2026-09-21 06:15:59 UTC completed_step=14816 elapsed_seconds=1755.77 learning_rate=0.000438146
2026-09-21 06:16:01 UTC completed_step=14832 elapsed_seconds=1757.45 learning_rate=0.000437834
2026-09-21 06:16:03 UTC completed_step=14848 elapsed_seconds=1759.14 learning_rate=0.000437523
2026-09-21 06:16:04 UTC step=14848 elapsed_seconds=1760.83 mean_loss=0.222831 errors=210/10002 exact_sentences=864/1024
2026-09-21 06:16:06 UTC completed_step=14864 elapsed_seconds=1762.52 learning_rate=0.00043721
2026-09-21 06:16:08 UTC completed_step=14880 elapsed_seconds=1764.21 learning_rate=0.000436898
2026-09-21 06:16:09 UTC completed_step=14896 elapsed_seconds=1765.89 learning_rate=0.000436586
2026-09-21 06:16:11 UTC completed_step=14912 elapsed_seconds=1767.57 learning_rate=0.000436273
2026-09-21 06:16:13 UTC completed_step=14928 elapsed_seconds=1769.26 learning_rate=0.00043596
2026-09-21 06:16:15 UTC completed_step=14944 elapsed_seconds=1770.94 learning_rate=0.000435647
2026-09-21 06:16:16 UTC completed_step=14960 elapsed_seconds=1772.62 learning_rate=0.000435334
2026-09-21 06:16:18 UTC completed_step=14976 elapsed_seconds=1774.31 learning_rate=0.000435021
2026-09-21 06:16:20 UTC step=14976 elapsed_seconds=1776 mean_loss=0.221267 errors=208/10002 exact_sentences=860/1024
2026-09-21 06:16:21 UTC completed_step=14992 elapsed_seconds=1777.69 learning_rate=0.000434708
2026-09-21 06:16:23 UTC completed_step=15008 elapsed_seconds=1779.37 learning_rate=0.000434394
2026-09-21 06:16:25 UTC completed_step=15024 elapsed_seconds=1781.06 learning_rate=0.00043408
2026-09-21 06:16:26 UTC completed_step=15040 elapsed_seconds=1782.74 learning_rate=0.000433766
2026-09-21 06:16:28 UTC completed_step=15056 elapsed_seconds=1784.42 learning_rate=0.000433452
2026-09-21 06:16:30 UTC completed_step=15072 elapsed_seconds=1786.1 learning_rate=0.000433138
2026-09-21 06:16:31 UTC completed_step=15088 elapsed_seconds=1787.79 learning_rate=0.000432823
2026-09-21 06:16:33 UTC completed_step=15104 elapsed_seconds=1789.47 learning_rate=0.000432509
2026-09-21 06:16:35 UTC step=15104 elapsed_seconds=1791.18 mean_loss=0.191741 errors=145/10002 exact_sentences=906/1024
2026-09-21 06:16:36 UTC completed_step=15120 elapsed_seconds=1792.87 learning_rate=0.000432194
2026-09-21 06:16:38 UTC completed_step=15136 elapsed_seconds=1794.56 learning_rate=0.000431879
2026-09-21 06:16:40 UTC completed_step=15152 elapsed_seconds=1796.24 learning_rate=0.000431564
2026-09-21 06:16:42 UTC completed_step=15168 elapsed_seconds=1797.92 learning_rate=0.000431249
2026-09-21 06:16:43 UTC completed_step=15184 elapsed_seconds=1799.61 learning_rate=0.000430933
2026-09-21 06:16:45 UTC completed_step=15200 elapsed_seconds=1801.29 learning_rate=0.000430618
2026-09-21 06:16:47 UTC completed_step=15216 elapsed_seconds=1802.98 learning_rate=0.000430302
2026-09-21 06:16:48 UTC completed_step=15232 elapsed_seconds=1804.66 learning_rate=0.000429986
2026-09-21 06:16:50 UTC step=15232 elapsed_seconds=1806.35 mean_loss=0.182156 errors=135/10002 exact_sentences=919/1024
2026-09-21 06:16:52 UTC completed_step=15248 elapsed_seconds=1808.04 learning_rate=0.00042967
2026-09-21 06:16:53 UTC completed_step=15264 elapsed_seconds=1809.72 learning_rate=0.000429354
2026-09-21 06:16:55 UTC completed_step=15280 elapsed_seconds=1811.41 learning_rate=0.000429038
2026-09-21 06:16:57 UTC completed_step=15296 elapsed_seconds=1813.09 learning_rate=0.000428721
2026-09-21 06:16:58 UTC completed_step=15312 elapsed_seconds=1814.78 learning_rate=0.000428405
2026-09-21 06:17:00 UTC completed_step=15328 elapsed_seconds=1816.46 learning_rate=0.000428088
2026-09-21 06:17:02 UTC completed_step=15344 elapsed_seconds=1818.15 learning_rate=0.000427771
2026-09-21 06:17:03 UTC completed_step=15360 elapsed_seconds=1819.83 learning_rate=0.000427454
2026-09-21 06:17:05 UTC step=15360 elapsed_seconds=1821.53 mean_loss=0.195543 errors=169/10002 exact_sentences=897/1024
2026-09-21 06:17:07 UTC completed_step=15376 elapsed_seconds=1823.23 learning_rate=0.000427136
2026-09-21 06:17:08 UTC completed_step=15392 elapsed_seconds=1824.91 learning_rate=0.000426819
2026-09-21 06:17:10 UTC completed_step=15408 elapsed_seconds=1826.59 learning_rate=0.000426501
2026-09-21 06:17:12 UTC completed_step=15424 elapsed_seconds=1828.27 learning_rate=0.000426184
2026-09-21 06:17:14 UTC completed_step=15440 elapsed_seconds=1829.96 learning_rate=0.000425866
2026-09-21 06:17:15 UTC completed_step=15456 elapsed_seconds=1831.64 learning_rate=0.000425548
2026-09-21 06:17:17 UTC completed_step=15472 elapsed_seconds=1833.32 learning_rate=0.000425229
2026-09-21 06:17:19 UTC completed_step=15488 elapsed_seconds=1835.01 learning_rate=0.000424911
2026-09-21 06:17:20 UTC step=15488 elapsed_seconds=1836.73 mean_loss=0.171111 errors=131/10002 exact_sentences=920/1024
2026-09-21 06:17:22 UTC completed_step=15504 elapsed_seconds=1838.42 learning_rate=0.000424592
2026-09-21 06:17:24 UTC completed_step=15520 elapsed_seconds=1840.11 learning_rate=0.000424274
2026-09-21 06:17:25 UTC completed_step=15536 elapsed_seconds=1841.79 learning_rate=0.000423955
2026-09-21 06:17:27 UTC completed_step=15552 elapsed_seconds=1843.48 learning_rate=0.000423636
2026-09-21 06:17:29 UTC completed_step=15568 elapsed_seconds=1845.16 learning_rate=0.000423317
2026-09-21 06:17:30 UTC completed_step=15584 elapsed_seconds=1846.84 learning_rate=0.000422998
2026-09-21 06:17:32 UTC completed_step=15600 elapsed_seconds=1848.52 learning_rate=0.000422678
2026-09-21 06:17:34 UTC completed_step=15616 elapsed_seconds=1850.21 learning_rate=0.000422359
2026-09-21 06:17:36 UTC step=15616 elapsed_seconds=1851.91 mean_loss=0.174977 errors=146/10002 exact_sentences=899/1024
2026-09-21 06:17:37 UTC completed_step=15632 elapsed_seconds=1853.6 learning_rate=0.000422039
2026-09-21 06:17:39 UTC completed_step=15648 elapsed_seconds=1855.28 learning_rate=0.000421719
2026-09-21 06:17:41 UTC completed_step=15664 elapsed_seconds=1856.97 learning_rate=0.000421399
2026-09-21 06:17:42 UTC completed_step=15680 elapsed_seconds=1858.65 learning_rate=0.000421079
2026-09-21 06:17:44 UTC completed_step=15696 elapsed_seconds=1860.34 learning_rate=0.000420759
2026-09-21 06:17:46 UTC completed_step=15712 elapsed_seconds=1862.03 learning_rate=0.000420438
2026-09-21 06:17:47 UTC completed_step=15728 elapsed_seconds=1863.71 learning_rate=0.000420118
2026-09-21 06:17:49 UTC completed_step=15744 elapsed_seconds=1865.39 learning_rate=0.000419797
2026-09-21 06:17:51 UTC step=15744 elapsed_seconds=1867.1 mean_loss=0.163276 errors=126/10002 exact_sentences=922/1024
2026-09-21 06:17:52 UTC completed_step=15760 elapsed_seconds=1868.79 learning_rate=0.000419476
2026-09-21 06:17:54 UTC completed_step=15776 elapsed_seconds=1870.47 learning_rate=0.000419155
2026-09-21 06:17:56 UTC completed_step=15792 elapsed_seconds=1872.15 learning_rate=0.000418834
2026-09-21 06:17:57 UTC completed_step=15808 elapsed_seconds=1873.83 learning_rate=0.000418513
2026-09-21 06:17:59 UTC completed_step=15824 elapsed_seconds=1875.51 learning_rate=0.000418191
2026-09-21 06:18:01 UTC completed_step=15840 elapsed_seconds=1877.2 learning_rate=0.00041787
2026-09-21 06:18:02 UTC completed_step=15856 elapsed_seconds=1878.88 learning_rate=0.000417548
2026-09-21 06:18:04 UTC completed_step=15872 elapsed_seconds=1880.56 learning_rate=0.000417226
2026-09-21 06:18:06 UTC step=15872 elapsed_seconds=1882.25 mean_loss=0.170691 errors=136/10002 exact_sentences=911/1024
2026-09-21 06:18:08 UTC completed_step=15888 elapsed_seconds=1883.94 learning_rate=0.000416904
2026-09-21 06:18:09 UTC completed_step=15904 elapsed_seconds=1885.62 learning_rate=0.000416582
2026-09-21 06:18:11 UTC completed_step=15920 elapsed_seconds=1887.31 learning_rate=0.00041626
2026-09-21 06:18:13 UTC completed_step=15936 elapsed_seconds=1888.99 learning_rate=0.000415938
2026-09-21 06:18:14 UTC completed_step=15952 elapsed_seconds=1890.68 learning_rate=0.000415615
2026-09-21 06:18:16 UTC completed_step=15968 elapsed_seconds=1892.36 learning_rate=0.000415292
2026-09-21 06:18:18 UTC completed_step=15984 elapsed_seconds=1894.04 learning_rate=0.00041497
2026-09-21 06:18:19 UTC completed_step=16000 elapsed_seconds=1895.72 learning_rate=0.000414647
2026-09-21 06:18:21 UTC step=16000 elapsed_seconds=1897.44 mean_loss=0.145228 errors=87/10002 exact_sentences=951/1024
2026-09-21 06:18:23 UTC completed_step=16016 elapsed_seconds=1899.12 learning_rate=0.000414324
2026-09-21 06:18:24 UTC completed_step=16032 elapsed_seconds=1900.81 learning_rate=0.000414001
2026-09-21 06:18:26 UTC completed_step=16048 elapsed_seconds=1902.5 learning_rate=0.000413677
2026-09-21 06:18:28 UTC completed_step=16064 elapsed_seconds=1904.18 learning_rate=0.000413354
2026-09-21 06:18:29 UTC completed_step=16080 elapsed_seconds=1905.87 learning_rate=0.00041303
2026-09-21 06:18:31 UTC completed_step=16096 elapsed_seconds=1907.55 learning_rate=0.000412706
2026-09-21 06:18:33 UTC completed_step=16112 elapsed_seconds=1909.23 learning_rate=0.000412383
2026-09-21 06:18:35 UTC completed_step=16128 elapsed_seconds=1910.92 learning_rate=0.000412059
2026-09-21 06:18:36 UTC step=16128 elapsed_seconds=1912.63 mean_loss=0.152803 errors=118/10002 exact_sentences=922/1024
2026-09-21 06:18:38 UTC completed_step=16144 elapsed_seconds=1914.32 learning_rate=0.000411734
2026-09-21 06:18:40 UTC completed_step=16160 elapsed_seconds=1916 learning_rate=0.00041141
2026-09-21 06:18:41 UTC completed_step=16176 elapsed_seconds=1917.68 learning_rate=0.000411086
2026-09-21 06:18:43 UTC completed_step=16192 elapsed_seconds=1919.36 learning_rate=0.000410761
2026-09-21 06:18:45 UTC completed_step=16208 elapsed_seconds=1921.05 learning_rate=0.000410437
2026-09-21 06:18:46 UTC completed_step=16224 elapsed_seconds=1922.73 learning_rate=0.000410112
2026-09-21 06:18:48 UTC completed_step=16240 elapsed_seconds=1924.42 learning_rate=0.000409787
2026-09-21 06:18:50 UTC completed_step=16256 elapsed_seconds=1926.1 learning_rate=0.000409462
2026-09-21 06:18:51 UTC step=16256 elapsed_seconds=1927.81 mean_loss=0.13907 errors=90/10002 exact_sentences=952/1024
2026-09-21 06:18:53 UTC completed_step=16272 elapsed_seconds=1929.5 learning_rate=0.000409137
2026-09-21 06:18:55 UTC completed_step=16288 elapsed_seconds=1931.18 learning_rate=0.000408812
2026-09-21 06:18:56 UTC completed_step=16304 elapsed_seconds=1932.87 learning_rate=0.000408486
2026-09-21 06:18:58 UTC completed_step=16320 elapsed_seconds=1934.56 learning_rate=0.000408161
2026-09-21 06:19:00 UTC completed_step=16336 elapsed_seconds=1936.24 learning_rate=0.000407835
2026-09-21 06:19:02 UTC completed_step=16352 elapsed_seconds=1937.93 learning_rate=0.000407509
2026-09-21 06:19:03 UTC completed_step=16368 elapsed_seconds=1939.61 learning_rate=0.000407183
2026-09-21 06:19:05 UTC completed_step=16384 elapsed_seconds=1941.29 learning_rate=0.000406857
2026-09-21 06:19:07 UTC step=16384 elapsed_seconds=1942.99 mean_loss=0.139094 errors=94/10002 exact_sentences=945/1024
2026-09-21 06:19:08 UTC completed_step=16400 elapsed_seconds=1944.69 learning_rate=0.000406531
2026-09-21 06:19:10 UTC completed_step=16416 elapsed_seconds=1946.37 learning_rate=0.000406205
2026-09-21 06:19:12 UTC completed_step=16432 elapsed_seconds=1948.06 learning_rate=0.000405879
2026-09-21 06:19:13 UTC completed_step=16448 elapsed_seconds=1949.74 learning_rate=0.000405552
2026-09-21 06:19:15 UTC completed_step=16464 elapsed_seconds=1951.42 learning_rate=0.000405226
2026-09-21 06:19:17 UTC completed_step=16480 elapsed_seconds=1953.1 learning_rate=0.000404899
2026-09-21 06:19:18 UTC completed_step=16496 elapsed_seconds=1954.79 learning_rate=0.000404572
2026-09-21 06:19:20 UTC completed_step=16512 elapsed_seconds=1956.47 learning_rate=0.000404245
2026-09-21 06:19:22 UTC step=16512 elapsed_seconds=1958.16 mean_loss=0.134884 errors=83/10002 exact_sentences=949/1024
2026-09-21 06:19:23 UTC completed_step=16528 elapsed_seconds=1959.85 learning_rate=0.000403918
2026-09-21 06:19:25 UTC completed_step=16544 elapsed_seconds=1961.53 learning_rate=0.000403591
2026-09-21 06:19:27 UTC completed_step=16560 elapsed_seconds=1963.21 learning_rate=0.000403263
2026-09-21 06:19:28 UTC completed_step=16576 elapsed_seconds=1964.89 learning_rate=0.000402936
2026-09-21 06:19:30 UTC completed_step=16592 elapsed_seconds=1966.58 learning_rate=0.000402608
2026-09-21 06:19:32 UTC completed_step=16608 elapsed_seconds=1968.26 learning_rate=0.000402281
2026-09-21 06:19:34 UTC completed_step=16624 elapsed_seconds=1969.94 learning_rate=0.000401953
2026-09-21 06:19:35 UTC completed_step=16640 elapsed_seconds=1971.62 learning_rate=0.000401625
2026-09-21 06:19:37 UTC step=16640 elapsed_seconds=1973.31 mean_loss=0.119463 errors=70/10002 exact_sentences=966/1024
2026-09-21 06:19:39 UTC completed_step=16656 elapsed_seconds=1975 learning_rate=0.000401297
2026-09-21 06:19:40 UTC completed_step=16672 elapsed_seconds=1976.68 learning_rate=0.000400969
2026-09-21 06:19:42 UTC completed_step=16688 elapsed_seconds=1978.37 learning_rate=0.000400641
2026-09-21 06:19:44 UTC completed_step=16704 elapsed_seconds=1980.05 learning_rate=0.000400312
2026-09-21 06:19:45 UTC completed_step=16720 elapsed_seconds=1981.74 learning_rate=0.000399984
2026-09-21 06:19:47 UTC completed_step=16736 elapsed_seconds=1983.42 learning_rate=0.000399655
2026-09-21 06:19:49 UTC completed_step=16752 elapsed_seconds=1985.1 learning_rate=0.000399327
2026-09-21 06:19:50 UTC completed_step=16768 elapsed_seconds=1986.79 learning_rate=0.000398998
2026-09-21 06:19:52 UTC step=16768 elapsed_seconds=1988.49 mean_loss=0.122912 errors=82/10002 exact_sentences=950/1024
2026-09-21 06:19:54 UTC completed_step=16784 elapsed_seconds=1990.18 learning_rate=0.000398669
2026-09-21 06:19:55 UTC completed_step=16800 elapsed_seconds=1991.86 learning_rate=0.00039834
2026-09-21 06:19:57 UTC completed_step=16816 elapsed_seconds=1993.54 learning_rate=0.000398011
2026-09-21 06:19:59 UTC completed_step=16832 elapsed_seconds=1995.22 learning_rate=0.000397681
2026-09-21 06:20:00 UTC completed_step=16848 elapsed_seconds=1996.91 learning_rate=0.000397352
2026-09-21 06:20:02 UTC completed_step=16864 elapsed_seconds=1998.59 learning_rate=0.000397023
2026-09-21 06:20:04 UTC completed_step=16880 elapsed_seconds=2000.28 learning_rate=0.000396693
2026-09-21 06:20:06 UTC completed_step=16896 elapsed_seconds=2001.96 learning_rate=0.000396364
2026-09-21 06:20:07 UTC step=16896 elapsed_seconds=2003.65 mean_loss=0.116386 errors=76/10002 exact_sentences=960/1024
2026-09-21 06:20:09 UTC completed_step=16912 elapsed_seconds=2005.34 learning_rate=0.000396034
2026-09-21 06:20:11 UTC completed_step=16928 elapsed_seconds=2007.02 learning_rate=0.000395704
2026-09-21 06:20:12 UTC completed_step=16944 elapsed_seconds=2008.71 learning_rate=0.000395374
2026-09-21 06:20:14 UTC completed_step=16960 elapsed_seconds=2010.39 learning_rate=0.000395044
2026-09-21 06:20:16 UTC completed_step=16976 elapsed_seconds=2012.08 learning_rate=0.000394714
2026-09-21 06:20:17 UTC completed_step=16992 elapsed_seconds=2013.77 learning_rate=0.000394383
2026-09-21 06:20:19 UTC completed_step=17008 elapsed_seconds=2015.45 learning_rate=0.000394053
2026-09-21 06:20:21 UTC completed_step=17024 elapsed_seconds=2017.14 learning_rate=0.000393723
2026-09-21 06:20:22 UTC step=17024 elapsed_seconds=2018.84 mean_loss=0.106848 errors=57/10002 exact_sentences=977/1024
2026-09-21 06:20:24 UTC completed_step=17040 elapsed_seconds=2020.52 learning_rate=0.000393392
2026-09-21 06:20:26 UTC completed_step=17056 elapsed_seconds=2022.21 learning_rate=0.000393061
2026-09-21 06:20:27 UTC completed_step=17072 elapsed_seconds=2023.89 learning_rate=0.00039273
2026-09-21 06:20:29 UTC completed_step=17088 elapsed_seconds=2025.58 learning_rate=0.0003924
2026-09-21 06:20:31 UTC completed_step=17104 elapsed_seconds=2027.26 learning_rate=0.000392069
2026-09-21 06:20:33 UTC completed_step=17120 elapsed_seconds=2028.95 learning_rate=0.000391738
2026-09-21 06:20:34 UTC completed_step=17136 elapsed_seconds=2030.63 learning_rate=0.000391406
2026-09-21 06:20:36 UTC completed_step=17152 elapsed_seconds=2032.32 learning_rate=0.000391075
2026-09-21 06:20:38 UTC step=17152 elapsed_seconds=2034.04 mean_loss=0.118795 errors=90/10002 exact_sentences=944/1024
2026-09-21 06:20:39 UTC completed_step=17168 elapsed_seconds=2035.73 learning_rate=0.000390744
2026-09-21 06:20:41 UTC completed_step=17184 elapsed_seconds=2037.41 learning_rate=0.000390412
2026-09-21 06:20:43 UTC completed_step=17200 elapsed_seconds=2039.09 learning_rate=0.000390081
2026-09-21 06:20:44 UTC completed_step=17216 elapsed_seconds=2040.77 learning_rate=0.000389749
2026-09-21 06:20:46 UTC completed_step=17232 elapsed_seconds=2042.46 learning_rate=0.000389417
2026-09-21 06:20:48 UTC completed_step=17248 elapsed_seconds=2044.14 learning_rate=0.000389085
2026-09-21 06:20:49 UTC completed_step=17264 elapsed_seconds=2045.82 learning_rate=0.000388753
2026-09-21 06:20:51 UTC completed_step=17280 elapsed_seconds=2047.5 learning_rate=0.000388421
2026-09-21 06:20:53 UTC step=17280 elapsed_seconds=2049.2 mean_loss=0.103513 errors=67/10002 exact_sentences=966/1024
2026-09-21 06:20:54 UTC completed_step=17296 elapsed_seconds=2050.88 learning_rate=0.000388089
2026-09-21 06:20:56 UTC completed_step=17312 elapsed_seconds=2052.57 learning_rate=0.000387757
2026-09-21 06:20:58 UTC completed_step=17328 elapsed_seconds=2054.26 learning_rate=0.000387425
2026-09-21 06:21:00 UTC completed_step=17344 elapsed_seconds=2055.94 learning_rate=0.000387092
2026-09-21 06:21:01 UTC completed_step=17360 elapsed_seconds=2057.62 learning_rate=0.00038676
2026-09-21 06:21:03 UTC completed_step=17376 elapsed_seconds=2059.3 learning_rate=0.000386427
2026-09-21 06:21:05 UTC completed_step=17392 elapsed_seconds=2060.99 learning_rate=0.000386095
2026-09-21 06:21:06 UTC completed_step=17408 elapsed_seconds=2062.67 learning_rate=0.000385762
2026-09-21 06:21:08 UTC step=17408 elapsed_seconds=2064.37 mean_loss=0.0986513 errors=50/10002 exact_sentences=978/1024
2026-09-21 06:21:10 UTC completed_step=17424 elapsed_seconds=2066.07 learning_rate=0.000385429
2026-09-21 06:21:11 UTC completed_step=17440 elapsed_seconds=2067.75 learning_rate=0.000385096
2026-09-21 06:21:13 UTC completed_step=17456 elapsed_seconds=2069.43 learning_rate=0.000384763
2026-09-21 06:21:15 UTC completed_step=17472 elapsed_seconds=2071.11 learning_rate=0.00038443
2026-09-21 06:21:16 UTC completed_step=17488 elapsed_seconds=2072.8 learning_rate=0.000384097
2026-09-21 06:21:18 UTC completed_step=17504 elapsed_seconds=2074.48 learning_rate=0.000383763
2026-09-21 06:21:20 UTC completed_step=17520 elapsed_seconds=2076.16 learning_rate=0.00038343
2026-09-21 06:21:21 UTC completed_step=17536 elapsed_seconds=2077.85 learning_rate=0.000383097
2026-09-21 06:21:23 UTC step=17536 elapsed_seconds=2079.53 mean_loss=0.100681 errors=68/10002 exact_sentences=961/1024
2026-09-21 06:21:25 UTC completed_step=17552 elapsed_seconds=2081.22 learning_rate=0.000382763
2026-09-21 06:21:26 UTC completed_step=17568 elapsed_seconds=2082.91 learning_rate=0.000382429
2026-09-21 06:21:28 UTC completed_step=17584 elapsed_seconds=2084.59 learning_rate=0.000382096
2026-09-21 06:21:30 UTC completed_step=17600 elapsed_seconds=2086.27 learning_rate=0.000381762
2026-09-21 06:21:32 UTC completed_step=17616 elapsed_seconds=2087.96 learning_rate=0.000381428
2026-09-21 06:21:33 UTC completed_step=17632 elapsed_seconds=2089.64 learning_rate=0.000381094
2026-09-21 06:21:35 UTC completed_step=17648 elapsed_seconds=2091.32 learning_rate=0.00038076
2026-09-21 06:21:37 UTC completed_step=17664 elapsed_seconds=2093.01 learning_rate=0.000380426
2026-09-21 06:21:38 UTC step=17664 elapsed_seconds=2094.7 mean_loss=0.0964857 errors=52/10002 exact_sentences=976/1024
2026-09-21 06:21:40 UTC completed_step=17680 elapsed_seconds=2096.38 learning_rate=0.000380092
2026-09-21 06:21:42 UTC completed_step=17696 elapsed_seconds=2098.07 learning_rate=0.000379757
2026-09-21 06:21:43 UTC completed_step=17712 elapsed_seconds=2099.75 learning_rate=0.000379423
2026-09-21 06:21:45 UTC completed_step=17728 elapsed_seconds=2101.43 learning_rate=0.000379089
2026-09-21 06:21:47 UTC completed_step=17744 elapsed_seconds=2103.12 learning_rate=0.000378754
2026-09-21 06:21:48 UTC completed_step=17760 elapsed_seconds=2104.81 learning_rate=0.00037842
2026-09-21 06:21:50 UTC completed_step=17776 elapsed_seconds=2106.49 learning_rate=0.000378085
2026-09-21 06:21:52 UTC completed_step=17792 elapsed_seconds=2108.17 learning_rate=0.00037775
2026-09-21 06:21:53 UTC step=17792 elapsed_seconds=2109.9 mean_loss=0.0949834 errors=59/10002 exact_sentences=974/1024
2026-09-21 06:21:55 UTC completed_step=17808 elapsed_seconds=2111.59 learning_rate=0.000377415
2026-09-21 06:21:57 UTC completed_step=17824 elapsed_seconds=2113.27 learning_rate=0.00037708
2026-09-21 06:21:59 UTC completed_step=17840 elapsed_seconds=2114.95 learning_rate=0.000376745
2026-09-21 06:22:00 UTC completed_step=17856 elapsed_seconds=2116.64 learning_rate=0.00037641
2026-09-21 06:22:02 UTC completed_step=17872 elapsed_seconds=2118.32 learning_rate=0.000376075
2026-09-21 06:22:04 UTC completed_step=17888 elapsed_seconds=2120 learning_rate=0.00037574
2026-09-21 06:22:05 UTC completed_step=17904 elapsed_seconds=2121.69 learning_rate=0.000375405
2026-09-21 06:22:07 UTC completed_step=17920 elapsed_seconds=2123.37 learning_rate=0.000375069
2026-09-21 06:22:09 UTC step=17920 elapsed_seconds=2125.06 mean_loss=0.0918187 errors=53/10002 exact_sentences=977/1024
2026-09-21 06:22:10 UTC completed_step=17936 elapsed_seconds=2126.75 learning_rate=0.000374734
2026-09-21 06:22:12 UTC completed_step=17952 elapsed_seconds=2128.44 learning_rate=0.000374399
2026-09-21 06:22:14 UTC completed_step=17968 elapsed_seconds=2130.12 learning_rate=0.000374063
2026-09-21 06:22:15 UTC completed_step=17984 elapsed_seconds=2131.8 learning_rate=0.000373727
2026-09-21 06:22:17 UTC completed_step=18000 elapsed_seconds=2133.49 learning_rate=0.000373392
2026-09-21 06:22:19 UTC completed_step=18016 elapsed_seconds=2135.17 learning_rate=0.000373056
2026-09-21 06:22:20 UTC completed_step=18032 elapsed_seconds=2136.86 learning_rate=0.00037272
2026-09-21 06:22:22 UTC completed_step=18048 elapsed_seconds=2138.54 learning_rate=0.000372384
2026-09-21 06:22:24 UTC step=18048 elapsed_seconds=2140.24 mean_loss=0.0805438 errors=44/10002 exact_sentences=985/1024
2026-09-21 06:22:26 UTC completed_step=18064 elapsed_seconds=2141.93 learning_rate=0.000372048
2026-09-21 06:22:27 UTC completed_step=18080 elapsed_seconds=2143.61 learning_rate=0.000371712
2026-09-21 06:22:29 UTC completed_step=18096 elapsed_seconds=2145.3 learning_rate=0.000371376
2026-09-21 06:22:31 UTC completed_step=18112 elapsed_seconds=2146.98 learning_rate=0.00037104
2026-09-21 06:22:32 UTC completed_step=18128 elapsed_seconds=2148.67 learning_rate=0.000370704
2026-09-21 06:22:34 UTC completed_step=18144 elapsed_seconds=2150.35 learning_rate=0.000370368
2026-09-21 06:22:36 UTC completed_step=18160 elapsed_seconds=2152.03 learning_rate=0.000370031
2026-09-21 06:22:37 UTC completed_step=18176 elapsed_seconds=2153.71 learning_rate=0.000369695
2026-09-21 06:22:39 UTC step=18176 elapsed_seconds=2155.4 mean_loss=0.0777636 errors=39/10002 exact_sentences=987/1024
2026-09-21 06:22:41 UTC completed_step=18192 elapsed_seconds=2157.09 learning_rate=0.000369358
2026-09-21 06:22:42 UTC completed_step=18208 elapsed_seconds=2158.78 learning_rate=0.000369022
2026-09-21 06:22:44 UTC completed_step=18224 elapsed_seconds=2160.46 learning_rate=0.000368685
2026-09-21 06:22:46 UTC completed_step=18240 elapsed_seconds=2162.14 learning_rate=0.000368348
2026-09-21 06:22:47 UTC completed_step=18256 elapsed_seconds=2163.83 learning_rate=0.000368012
2026-09-21 06:22:49 UTC completed_step=18272 elapsed_seconds=2165.51 learning_rate=0.000367675
2026-09-21 06:22:51 UTC completed_step=18288 elapsed_seconds=2167.19 learning_rate=0.000367338
2026-09-21 06:22:52 UTC completed_step=18304 elapsed_seconds=2168.88 learning_rate=0.000367001
2026-09-21 06:22:54 UTC step=18304 elapsed_seconds=2170.58 mean_loss=0.0793804 errors=44/10002 exact_sentences=984/1024
2026-09-21 06:22:56 UTC completed_step=18320 elapsed_seconds=2172.27 learning_rate=0.000366664
2026-09-21 06:22:58 UTC completed_step=18336 elapsed_seconds=2173.95 learning_rate=0.000366327
2026-09-21 06:22:59 UTC completed_step=18352 elapsed_seconds=2175.64 learning_rate=0.00036599
2026-09-21 06:23:01 UTC completed_step=18368 elapsed_seconds=2177.32 learning_rate=0.000365653
2026-09-21 06:23:03 UTC completed_step=18384 elapsed_seconds=2179 learning_rate=0.000365316
2026-09-21 06:23:04 UTC completed_step=18400 elapsed_seconds=2180.69 learning_rate=0.000364979
2026-09-21 06:23:06 UTC completed_step=18416 elapsed_seconds=2182.37 learning_rate=0.000364641
2026-09-21 06:23:08 UTC completed_step=18432 elapsed_seconds=2184.06 learning_rate=0.000364304
2026-09-21 06:23:09 UTC step=18432 elapsed_seconds=2185.74 mean_loss=0.0801389 errors=36/10002 exact_sentences=993/1024
2026-09-21 06:23:11 UTC completed_step=18448 elapsed_seconds=2187.43 learning_rate=0.000363967
2026-09-21 06:23:13 UTC completed_step=18464 elapsed_seconds=2189.12 learning_rate=0.000363629
2026-09-21 06:23:14 UTC completed_step=18480 elapsed_seconds=2190.8 learning_rate=0.000363292
2026-09-21 06:23:16 UTC completed_step=18496 elapsed_seconds=2192.49 learning_rate=0.000362954
2026-09-21 06:23:18 UTC completed_step=18512 elapsed_seconds=2194.17 learning_rate=0.000362616
2026-09-21 06:23:19 UTC completed_step=18528 elapsed_seconds=2195.86 learning_rate=0.000362279
2026-09-21 06:23:21 UTC completed_step=18544 elapsed_seconds=2197.54 learning_rate=0.000361941
2026-09-21 06:23:23 UTC completed_step=18560 elapsed_seconds=2199.22 learning_rate=0.000361603
2026-09-21 06:23:25 UTC step=18560 elapsed_seconds=2200.92 mean_loss=0.0716286 errors=41/10002 exact_sentences=987/1024
2026-09-21 06:23:26 UTC completed_step=18576 elapsed_seconds=2202.6 learning_rate=0.000361265
2026-09-21 06:23:28 UTC completed_step=18592 elapsed_seconds=2204.29 learning_rate=0.000360927
2026-09-21 06:23:30 UTC completed_step=18608 elapsed_seconds=2205.97 learning_rate=0.00036059
2026-09-21 06:23:31 UTC completed_step=18624 elapsed_seconds=2207.66 learning_rate=0.000360252
2026-09-21 06:23:33 UTC completed_step=18640 elapsed_seconds=2209.34 learning_rate=0.000359914
2026-09-21 06:23:35 UTC completed_step=18656 elapsed_seconds=2211.03 learning_rate=0.000359575
2026-09-21 06:23:36 UTC completed_step=18672 elapsed_seconds=2212.71 learning_rate=0.000359237
2026-09-21 06:23:38 UTC completed_step=18688 elapsed_seconds=2214.4 learning_rate=0.000358899
2026-09-21 06:23:40 UTC step=18688 elapsed_seconds=2216.08 mean_loss=0.0711508 errors=27/10002 exact_sentences=998/1024
2026-09-21 06:23:41 UTC completed_step=18704 elapsed_seconds=2217.78 learning_rate=0.000358561
2026-09-21 06:23:43 UTC completed_step=18720 elapsed_seconds=2219.46 learning_rate=0.000358223
2026-09-21 06:23:45 UTC completed_step=18736 elapsed_seconds=2221.14 learning_rate=0.000357884
2026-09-21 06:23:46 UTC completed_step=18752 elapsed_seconds=2222.82 learning_rate=0.000357546
2026-09-21 06:23:48 UTC completed_step=18768 elapsed_seconds=2224.51 learning_rate=0.000357208
2026-09-21 06:23:50 UTC completed_step=18784 elapsed_seconds=2226.19 learning_rate=0.000356869
2026-09-21 06:23:51 UTC completed_step=18800 elapsed_seconds=2227.87 learning_rate=0.000356531
2026-09-21 06:23:53 UTC completed_step=18816 elapsed_seconds=2229.56 learning_rate=0.000356192
2026-09-21 06:23:55 UTC step=18816 elapsed_seconds=2231.24 mean_loss=0.0778267 errors=58/10002 exact_sentences=973/1024
2026-09-21 06:23:57 UTC completed_step=18832 elapsed_seconds=2232.94 learning_rate=0.000355854
2026-09-21 06:23:58 UTC completed_step=18848 elapsed_seconds=2234.62 learning_rate=0.000355515
2026-09-21 06:24:00 UTC completed_step=18864 elapsed_seconds=2236.31 learning_rate=0.000355176
2026-09-21 06:24:02 UTC completed_step=18880 elapsed_seconds=2238 learning_rate=0.000354838
2026-09-21 06:24:03 UTC completed_step=18896 elapsed_seconds=2239.68 learning_rate=0.000354499
2026-09-21 06:24:05 UTC completed_step=18912 elapsed_seconds=2241.36 learning_rate=0.00035416
2026-09-21 06:24:07 UTC completed_step=18928 elapsed_seconds=2243.05 learning_rate=0.000353821
2026-09-21 06:24:08 UTC completed_step=18944 elapsed_seconds=2244.73 learning_rate=0.000353483
2026-09-21 06:24:10 UTC step=18944 elapsed_seconds=2246.43 mean_loss=0.0739436 errors=43/10002 exact_sentences=986/1024
2026-09-21 06:24:12 UTC completed_step=18960 elapsed_seconds=2248.12 learning_rate=0.000353144
2026-09-21 06:24:13 UTC completed_step=18976 elapsed_seconds=2249.8 learning_rate=0.000352805
2026-09-21 06:24:15 UTC completed_step=18992 elapsed_seconds=2251.48 learning_rate=0.000352466
2026-09-21 06:24:17 UTC completed_step=19008 elapsed_seconds=2253.17 learning_rate=0.000352127
2026-09-21 06:24:18 UTC completed_step=19024 elapsed_seconds=2254.85 learning_rate=0.000351788
2026-09-21 06:24:20 UTC completed_step=19040 elapsed_seconds=2256.53 learning_rate=0.000351449
2026-09-21 06:24:22 UTC completed_step=19056 elapsed_seconds=2258.21 learning_rate=0.00035111
2026-09-21 06:24:23 UTC completed_step=19072 elapsed_seconds=2259.9 learning_rate=0.000350771
2026-09-21 06:24:25 UTC step=19072 elapsed_seconds=2261.59 mean_loss=0.0631387 errors=33/10002 exact_sentences=995/1024
2026-09-21 06:24:27 UTC completed_step=19088 elapsed_seconds=2263.27 learning_rate=0.000350432
2026-09-21 06:24:29 UTC completed_step=19104 elapsed_seconds=2264.95 learning_rate=0.000350092
2026-09-21 06:24:30 UTC completed_step=19120 elapsed_seconds=2266.64 learning_rate=0.000349753
2026-09-21 06:24:32 UTC completed_step=19136 elapsed_seconds=2268.32 learning_rate=0.000349414
2026-09-21 06:24:34 UTC completed_step=19152 elapsed_seconds=2270.01 learning_rate=0.000349075
2026-09-21 06:24:35 UTC completed_step=19168 elapsed_seconds=2271.69 learning_rate=0.000348735
2026-09-21 06:24:37 UTC completed_step=19184 elapsed_seconds=2273.38 learning_rate=0.000348396
2026-09-21 06:24:39 UTC completed_step=19200 elapsed_seconds=2275.06 learning_rate=0.000348057
2026-09-21 06:24:40 UTC step=19200 elapsed_seconds=2276.77 mean_loss=0.0643868 errors=42/10002 exact_sentences=986/1024
2026-09-21 06:24:42 UTC completed_step=19216 elapsed_seconds=2278.46 learning_rate=0.000347717
2026-09-21 06:24:44 UTC completed_step=19232 elapsed_seconds=2280.14 learning_rate=0.000347378
2026-09-21 06:24:45 UTC completed_step=19248 elapsed_seconds=2281.83 learning_rate=0.000347038
2026-09-21 06:24:47 UTC completed_step=19264 elapsed_seconds=2283.51 learning_rate=0.000346699
2026-09-21 06:24:49 UTC completed_step=19280 elapsed_seconds=2285.19 learning_rate=0.000346359
2026-09-21 06:24:50 UTC completed_step=19296 elapsed_seconds=2286.88 learning_rate=0.00034602
2026-09-21 06:24:52 UTC completed_step=19312 elapsed_seconds=2288.56 learning_rate=0.00034568
2026-09-21 06:24:54 UTC completed_step=19328 elapsed_seconds=2290.24 learning_rate=0.000345341
2026-09-21 06:24:56 UTC step=19328 elapsed_seconds=2291.93 mean_loss=0.0573184 errors=25/10002 exact_sentences=1001/1024
2026-09-21 06:24:57 UTC completed_step=19344 elapsed_seconds=2293.62 learning_rate=0.000345001
2026-09-21 06:24:59 UTC completed_step=19360 elapsed_seconds=2295.3 learning_rate=0.000344661
2026-09-21 06:25:01 UTC completed_step=19376 elapsed_seconds=2296.98 learning_rate=0.000344322
2026-09-21 06:25:02 UTC completed_step=19392 elapsed_seconds=2298.66 learning_rate=0.000343982
2026-09-21 06:25:04 UTC completed_step=19408 elapsed_seconds=2300.35 learning_rate=0.000343642
2026-09-21 06:25:06 UTC completed_step=19424 elapsed_seconds=2302.03 learning_rate=0.000343303
2026-09-21 06:25:07 UTC completed_step=19440 elapsed_seconds=2303.71 learning_rate=0.000342963
2026-09-21 06:25:09 UTC completed_step=19456 elapsed_seconds=2305.39 learning_rate=0.000342623
2026-09-21 06:25:11 UTC step=19456 elapsed_seconds=2307.08 mean_loss=0.073254 errors=67/10002 exact_sentences=962/1024
2026-09-21 06:25:12 UTC completed_step=19472 elapsed_seconds=2308.77 learning_rate=0.000342283
2026-09-21 06:25:14 UTC completed_step=19488 elapsed_seconds=2310.46 learning_rate=0.000341944
2026-09-21 06:25:16 UTC completed_step=19504 elapsed_seconds=2312.14 learning_rate=0.000341604
2026-09-21 06:25:17 UTC completed_step=19520 elapsed_seconds=2313.83 learning_rate=0.000341264
2026-09-21 06:25:19 UTC completed_step=19536 elapsed_seconds=2315.51 learning_rate=0.000340924
2026-09-21 06:25:21 UTC completed_step=19552 elapsed_seconds=2317.2 learning_rate=0.000340584
2026-09-21 06:25:22 UTC completed_step=19568 elapsed_seconds=2318.88 learning_rate=0.000340244
2026-09-21 06:25:24 UTC completed_step=19584 elapsed_seconds=2320.56 learning_rate=0.000339904
2026-09-21 06:25:26 UTC step=19584 elapsed_seconds=2322.28 mean_loss=0.0623353 errors=41/10002 exact_sentences=986/1024
2026-09-21 06:25:28 UTC completed_step=19600 elapsed_seconds=2323.97 learning_rate=0.000339564
2026-09-21 06:25:29 UTC completed_step=19616 elapsed_seconds=2325.65 learning_rate=0.000339225
2026-09-21 06:25:31 UTC completed_step=19632 elapsed_seconds=2327.34 learning_rate=0.000338885
2026-09-21 06:25:33 UTC completed_step=19648 elapsed_seconds=2329.02 learning_rate=0.000338545
2026-09-21 06:25:34 UTC completed_step=19664 elapsed_seconds=2330.7 learning_rate=0.000338205
2026-09-21 06:25:36 UTC completed_step=19680 elapsed_seconds=2332.39 learning_rate=0.000337865
2026-09-21 06:25:38 UTC completed_step=19696 elapsed_seconds=2334.07 learning_rate=0.000337525
2026-09-21 06:25:39 UTC completed_step=19712 elapsed_seconds=2335.76 learning_rate=0.000337185
2026-09-21 06:25:41 UTC step=19712 elapsed_seconds=2337.45 mean_loss=0.0536288 errors=22/10002 exact_sentences=1004/1024
2026-09-21 06:25:43 UTC completed_step=19728 elapsed_seconds=2339.14 learning_rate=0.000336845
2026-09-21 06:25:44 UTC completed_step=19744 elapsed_seconds=2340.82 learning_rate=0.000336505
2026-09-21 06:25:46 UTC completed_step=19760 elapsed_seconds=2342.5 learning_rate=0.000336165
2026-09-21 06:25:48 UTC completed_step=19776 elapsed_seconds=2344.19 learning_rate=0.000335824
2026-09-21 06:25:49 UTC completed_step=19792 elapsed_seconds=2345.87 learning_rate=0.000335484
2026-09-21 06:25:51 UTC completed_step=19808 elapsed_seconds=2347.55 learning_rate=0.000335144
2026-09-21 06:25:53 UTC completed_step=19824 elapsed_seconds=2349.24 learning_rate=0.000334804
2026-09-21 06:25:55 UTC completed_step=19840 elapsed_seconds=2350.92 learning_rate=0.000334464
2026-09-21 06:25:56 UTC step=19840 elapsed_seconds=2352.61 mean_loss=0.0594042 errors=40/10002 exact_sentences=988/1024
2026-09-21 06:25:58 UTC completed_step=19856 elapsed_seconds=2354.3 learning_rate=0.000334124
2026-09-21 06:26:00 UTC completed_step=19872 elapsed_seconds=2355.99 learning_rate=0.000333784
2026-09-21 06:26:01 UTC completed_step=19888 elapsed_seconds=2357.67 learning_rate=0.000333444
2026-09-21 06:26:03 UTC completed_step=19904 elapsed_seconds=2359.36 learning_rate=0.000333104
2026-09-21 06:26:05 UTC completed_step=19920 elapsed_seconds=2361.04 learning_rate=0.000332764
2026-09-21 06:26:06 UTC completed_step=19936 elapsed_seconds=2362.72 learning_rate=0.000332423
2026-09-21 06:26:08 UTC completed_step=19952 elapsed_seconds=2364.4 learning_rate=0.000332083
2026-09-21 06:26:10 UTC completed_step=19968 elapsed_seconds=2366.09 learning_rate=0.000331743
2026-09-21 06:26:11 UTC step=19968 elapsed_seconds=2367.78 mean_loss=0.0548257 errors=29/10002 exact_sentences=997/1024
2026-09-21 06:26:13 UTC completed_step=19984 elapsed_seconds=2369.47 learning_rate=0.000331403
2026-09-21 06:26:15 UTC completed_step=20000 elapsed_seconds=2371.16 learning_rate=0.000331063
2026-09-21 06:26:16 UTC completed_step=20016 elapsed_seconds=2372.84 learning_rate=0.000330723
2026-09-21 06:26:18 UTC completed_step=20032 elapsed_seconds=2374.52 learning_rate=0.000330383
2026-09-21 06:26:20 UTC completed_step=20048 elapsed_seconds=2376.2 learning_rate=0.000330043
2026-09-21 06:26:21 UTC completed_step=20064 elapsed_seconds=2377.89 learning_rate=0.000329702
2026-09-21 06:26:23 UTC completed_step=20080 elapsed_seconds=2379.57 learning_rate=0.000329362
2026-09-21 06:26:25 UTC completed_step=20096 elapsed_seconds=2381.25 learning_rate=0.000329022
2026-09-21 06:26:27 UTC step=20096 elapsed_seconds=2382.96 mean_loss=0.0409478 errors=12/10002 exact_sentences=1012/1024
2026-09-21 06:26:28 UTC completed_step=20112 elapsed_seconds=2384.65 learning_rate=0.000328682
2026-09-21 06:26:30 UTC completed_step=20128 elapsed_seconds=2386.33 learning_rate=0.000328342
2026-09-21 06:26:32 UTC completed_step=20144 elapsed_seconds=2388.02 learning_rate=0.000328002
2026-09-21 06:26:33 UTC completed_step=20160 elapsed_seconds=2389.7 learning_rate=0.000327662
2026-09-21 06:26:35 UTC completed_step=20176 elapsed_seconds=2391.38 learning_rate=0.000327321
2026-09-21 06:26:37 UTC completed_step=20192 elapsed_seconds=2393.07 learning_rate=0.000326981
2026-09-21 06:26:38 UTC completed_step=20208 elapsed_seconds=2394.75 learning_rate=0.000326641
2026-09-21 06:26:40 UTC completed_step=20224 elapsed_seconds=2396.43 learning_rate=0.000326301
2026-09-21 06:26:42 UTC step=20224 elapsed_seconds=2398.12 mean_loss=0.0455316 errors=17/10002 exact_sentences=1010/1024
2026-09-21 06:26:43 UTC completed_step=20240 elapsed_seconds=2399.82 learning_rate=0.000325961
2026-09-21 06:26:45 UTC completed_step=20256 elapsed_seconds=2401.51 learning_rate=0.000325621
2026-09-21 06:26:47 UTC completed_step=20272 elapsed_seconds=2403.19 learning_rate=0.000325281
2026-09-21 06:26:48 UTC completed_step=20288 elapsed_seconds=2404.87 learning_rate=0.000324941
2026-09-21 06:26:50 UTC completed_step=20304 elapsed_seconds=2406.56 learning_rate=0.000324601
2026-09-21 06:26:52 UTC completed_step=20320 elapsed_seconds=2408.24 learning_rate=0.000324261
2026-09-21 06:26:54 UTC completed_step=20336 elapsed_seconds=2409.93 learning_rate=0.00032392
2026-09-21 06:26:55 UTC completed_step=20352 elapsed_seconds=2411.61 learning_rate=0.00032358
2026-09-21 06:26:57 UTC step=20352 elapsed_seconds=2413.31 mean_loss=0.0440666 errors=16/10002 exact_sentences=1010/1024
2026-09-21 06:26:59 UTC completed_step=20368 elapsed_seconds=2415 learning_rate=0.00032324
2026-09-21 06:27:00 UTC completed_step=20384 elapsed_seconds=2416.69 learning_rate=0.0003229
2026-09-21 06:27:02 UTC completed_step=20400 elapsed_seconds=2418.37 learning_rate=0.00032256
2026-09-21 06:27:04 UTC completed_step=20416 elapsed_seconds=2420.06 learning_rate=0.00032222
2026-09-21 06:27:05 UTC completed_step=20432 elapsed_seconds=2421.74 learning_rate=0.00032188
2026-09-21 06:27:07 UTC completed_step=20448 elapsed_seconds=2423.42 learning_rate=0.00032154
2026-09-21 06:27:09 UTC completed_step=20464 elapsed_seconds=2425.11 learning_rate=0.0003212
2026-09-21 06:27:10 UTC completed_step=20480 elapsed_seconds=2426.79 learning_rate=0.00032086
2026-09-21 06:27:12 UTC step=20480 elapsed_seconds=2428.48 mean_loss=0.0430468 errors=21/10002 exact_sentences=1004/1024
2026-09-21 06:27:14 UTC completed_step=20496 elapsed_seconds=2430.18 learning_rate=0.00032052
2026-09-21 06:27:15 UTC completed_step=20512 elapsed_seconds=2431.86 learning_rate=0.000320181
2026-09-21 06:27:17 UTC completed_step=20528 elapsed_seconds=2433.54 learning_rate=0.000319841
2026-09-21 06:27:19 UTC completed_step=20544 elapsed_seconds=2435.23 learning_rate=0.000319501
2026-09-21 06:27:21 UTC completed_step=20560 elapsed_seconds=2436.91 learning_rate=0.000319161
2026-09-21 06:27:22 UTC completed_step=20576 elapsed_seconds=2438.59 learning_rate=0.000318821
2026-09-21 06:27:24 UTC completed_step=20592 elapsed_seconds=2440.28 learning_rate=0.000318481
2026-09-21 06:27:26 UTC completed_step=20608 elapsed_seconds=2441.96 learning_rate=0.000318141
2026-09-21 06:27:27 UTC step=20608 elapsed_seconds=2443.67 mean_loss=0.0420518 errors=20/10002 exact_sentences=1005/1024
2026-09-21 06:27:29 UTC completed_step=20624 elapsed_seconds=2445.36 learning_rate=0.000317802
2026-09-21 06:27:31 UTC completed_step=20640 elapsed_seconds=2447.04 learning_rate=0.000317462
2026-09-21 06:27:32 UTC completed_step=20656 elapsed_seconds=2448.73 learning_rate=0.000317122
2026-09-21 06:27:34 UTC completed_step=20672 elapsed_seconds=2450.42 learning_rate=0.000316782
2026-09-21 06:27:36 UTC completed_step=20688 elapsed_seconds=2452.1 learning_rate=0.000316443
2026-09-21 06:27:37 UTC completed_step=20704 elapsed_seconds=2453.78 learning_rate=0.000316103
2026-09-21 06:27:39 UTC completed_step=20720 elapsed_seconds=2455.46 learning_rate=0.000315763
2026-09-21 06:27:41 UTC completed_step=20736 elapsed_seconds=2457.15 learning_rate=0.000315423
2026-09-21 06:27:42 UTC step=20736 elapsed_seconds=2458.86 mean_loss=0.0376008 errors=19/10002 exact_sentences=1006/1024
2026-09-21 06:27:44 UTC completed_step=20752 elapsed_seconds=2460.55 learning_rate=0.000315084
2026-09-21 06:27:46 UTC completed_step=20768 elapsed_seconds=2462.23 learning_rate=0.000314744
2026-09-21 06:27:48 UTC completed_step=20784 elapsed_seconds=2463.91 learning_rate=0.000314405
2026-09-21 06:27:49 UTC completed_step=20800 elapsed_seconds=2465.6 learning_rate=0.000314065
2026-09-21 06:27:51 UTC completed_step=20816 elapsed_seconds=2467.28 learning_rate=0.000313726
2026-09-21 06:27:53 UTC completed_step=20832 elapsed_seconds=2468.97 learning_rate=0.000313386
2026-09-21 06:27:54 UTC completed_step=20848 elapsed_seconds=2470.65 learning_rate=0.000313047
2026-09-21 06:27:56 UTC completed_step=20864 elapsed_seconds=2472.33 learning_rate=0.000312707
2026-09-21 06:27:58 UTC step=20864 elapsed_seconds=2474.03 mean_loss=0.0438847 errors=28/10002 exact_sentences=999/1024
2026-09-21 06:27:59 UTC completed_step=20880 elapsed_seconds=2475.72 learning_rate=0.000312368
2026-09-21 06:28:01 UTC completed_step=20896 elapsed_seconds=2477.4 learning_rate=0.000312028
2026-09-21 06:28:03 UTC completed_step=20912 elapsed_seconds=2479.09 learning_rate=0.000311689
2026-09-21 06:28:04 UTC completed_step=20928 elapsed_seconds=2480.78 learning_rate=0.00031135
2026-09-21 06:28:06 UTC completed_step=20944 elapsed_seconds=2482.46 learning_rate=0.00031101
2026-09-21 06:28:08 UTC completed_step=20960 elapsed_seconds=2484.14 learning_rate=0.000310671
2026-09-21 06:28:09 UTC completed_step=20976 elapsed_seconds=2485.83 learning_rate=0.000310332
2026-09-21 06:28:11 UTC completed_step=20992 elapsed_seconds=2487.51 learning_rate=0.000309992
2026-09-21 06:28:13 UTC step=20992 elapsed_seconds=2489.21 mean_loss=0.0367928 errors=12/10002 exact_sentences=1015/1024
2026-09-21 06:28:14 UTC completed_step=21008 elapsed_seconds=2490.9 learning_rate=0.000309653
2026-09-21 06:28:16 UTC completed_step=21024 elapsed_seconds=2492.59 learning_rate=0.000309314
2026-09-21 06:28:18 UTC completed_step=21040 elapsed_seconds=2494.28 learning_rate=0.000308975
2026-09-21 06:28:20 UTC completed_step=21056 elapsed_seconds=2495.97 learning_rate=0.000308636
2026-09-21 06:28:21 UTC completed_step=21072 elapsed_seconds=2497.66 learning_rate=0.000308297
2026-09-21 06:28:23 UTC completed_step=21088 elapsed_seconds=2499.34 learning_rate=0.000307958
2026-09-21 06:28:25 UTC completed_step=21104 elapsed_seconds=2501.03 learning_rate=0.000307619
2026-09-21 06:28:26 UTC completed_step=21120 elapsed_seconds=2502.71 learning_rate=0.00030728
2026-09-21 06:28:28 UTC step=21120 elapsed_seconds=2504.4 mean_loss=0.0342102 errors=12/10002 exact_sentences=1013/1024
2026-09-21 06:28:30 UTC completed_step=21136 elapsed_seconds=2506.09 learning_rate=0.000306941
2026-09-21 06:28:31 UTC completed_step=21152 elapsed_seconds=2507.77 learning_rate=0.000306602
2026-09-21 06:28:33 UTC completed_step=21168 elapsed_seconds=2509.46 learning_rate=0.000306263
2026-09-21 06:28:35 UTC completed_step=21184 elapsed_seconds=2511.15 learning_rate=0.000305924
2026-09-21 06:28:36 UTC completed_step=21200 elapsed_seconds=2512.83 learning_rate=0.000305586
2026-09-21 06:28:38 UTC completed_step=21216 elapsed_seconds=2514.52 learning_rate=0.000305247
2026-09-21 06:28:40 UTC completed_step=21232 elapsed_seconds=2516.2 learning_rate=0.000304908
2026-09-21 06:28:41 UTC completed_step=21248 elapsed_seconds=2517.89 learning_rate=0.00030457
2026-09-21 06:28:43 UTC step=21248 elapsed_seconds=2519.58 mean_loss=0.033579 errors=13/10002 exact_sentences=1011/1024
2026-09-21 06:28:45 UTC completed_step=21264 elapsed_seconds=2521.27 learning_rate=0.000304231
2026-09-21 06:28:47 UTC completed_step=21280 elapsed_seconds=2522.96 learning_rate=0.000303892
2026-09-21 06:28:48 UTC completed_step=21296 elapsed_seconds=2524.64 learning_rate=0.000303554
2026-09-21 06:28:50 UTC completed_step=21312 elapsed_seconds=2526.32 learning_rate=0.000303215
2026-09-21 06:28:52 UTC completed_step=21328 elapsed_seconds=2528 learning_rate=0.000302877
2026-09-21 06:28:53 UTC completed_step=21344 elapsed_seconds=2529.69 learning_rate=0.000302539
2026-09-21 06:28:55 UTC completed_step=21360 elapsed_seconds=2531.37 learning_rate=0.0003022
2026-09-21 06:28:57 UTC completed_step=21376 elapsed_seconds=2533.06 learning_rate=0.000301862
2026-09-21 06:28:58 UTC step=21376 elapsed_seconds=2534.76 mean_loss=0.0363851 errors=25/10002 exact_sentences=1003/1024
2026-09-21 06:29:00 UTC completed_step=21392 elapsed_seconds=2536.45 learning_rate=0.000301524
2026-09-21 06:29:02 UTC completed_step=21408 elapsed_seconds=2538.13 learning_rate=0.000301185
2026-09-21 06:29:03 UTC completed_step=21424 elapsed_seconds=2539.82 learning_rate=0.000300847
2026-09-21 06:29:05 UTC completed_step=21440 elapsed_seconds=2541.5 learning_rate=0.000300509
2026-09-21 06:29:07 UTC completed_step=21456 elapsed_seconds=2543.18 learning_rate=0.000300171
2026-09-21 06:29:08 UTC completed_step=21472 elapsed_seconds=2544.86 learning_rate=0.000299833
2026-09-21 06:29:10 UTC completed_step=21488 elapsed_seconds=2546.55 learning_rate=0.000299495
2026-09-21 06:29:12 UTC completed_step=21504 elapsed_seconds=2548.23 learning_rate=0.000299157
2026-09-21 06:29:14 UTC step=21504 elapsed_seconds=2549.93 mean_loss=0.033368 errors=19/10002 exact_sentences=1006/1024
2026-09-21 06:29:15 UTC completed_step=21520 elapsed_seconds=2551.62 learning_rate=0.000298819
2026-09-21 06:29:17 UTC completed_step=21536 elapsed_seconds=2553.3 learning_rate=0.000298481
2026-09-21 06:29:19 UTC completed_step=21552 elapsed_seconds=2554.98 learning_rate=0.000298144
2026-09-21 06:29:20 UTC completed_step=21568 elapsed_seconds=2556.67 learning_rate=0.000297806
2026-09-21 06:29:22 UTC completed_step=21584 elapsed_seconds=2558.35 learning_rate=0.000297468
2026-09-21 06:29:24 UTC completed_step=21600 elapsed_seconds=2560.03 learning_rate=0.00029713
2026-09-21 06:29:25 UTC completed_step=21616 elapsed_seconds=2561.71 learning_rate=0.000296793
2026-09-21 06:29:27 UTC completed_step=21632 elapsed_seconds=2563.4 learning_rate=0.000296455
2026-09-21 06:29:29 UTC step=21632 elapsed_seconds=2565.09 mean_loss=0.027325 errors=11/10002 exact_sentences=1013/1024
2026-09-21 06:29:30 UTC completed_step=21648 elapsed_seconds=2566.78 learning_rate=0.000296118
2026-09-21 06:29:32 UTC completed_step=21664 elapsed_seconds=2568.46 learning_rate=0.00029578
2026-09-21 06:29:34 UTC completed_step=21680 elapsed_seconds=2570.15 learning_rate=0.000295443
2026-09-21 06:29:35 UTC completed_step=21696 elapsed_seconds=2571.83 learning_rate=0.000295106
2026-09-21 06:29:37 UTC completed_step=21712 elapsed_seconds=2573.52 learning_rate=0.000294768
2026-09-21 06:29:39 UTC completed_step=21728 elapsed_seconds=2575.2 learning_rate=0.000294431
2026-09-21 06:29:40 UTC completed_step=21744 elapsed_seconds=2576.88 learning_rate=0.000294094
2026-09-21 06:29:42 UTC completed_step=21760 elapsed_seconds=2578.56 learning_rate=0.000293757
2026-09-21 06:29:44 UTC step=21760 elapsed_seconds=2580.26 mean_loss=0.0309384 errors=12/10002 exact_sentences=1012/1024
2026-09-21 06:29:46 UTC completed_step=21776 elapsed_seconds=2581.95 learning_rate=0.00029342
2026-09-21 06:29:47 UTC completed_step=21792 elapsed_seconds=2583.63 learning_rate=0.000293083
2026-09-21 06:29:49 UTC completed_step=21808 elapsed_seconds=2585.31 learning_rate=0.000292746
2026-09-21 06:29:51 UTC completed_step=21824 elapsed_seconds=2587 learning_rate=0.000292409
2026-09-21 06:29:52 UTC completed_step=21840 elapsed_seconds=2588.68 learning_rate=0.000292072
2026-09-21 06:29:54 UTC completed_step=21856 elapsed_seconds=2590.37 learning_rate=0.000291736
2026-09-21 06:29:56 UTC completed_step=21872 elapsed_seconds=2592.05 learning_rate=0.000291399
2026-09-21 06:29:57 UTC completed_step=21888 elapsed_seconds=2593.73 learning_rate=0.000291062
2026-09-21 06:29:59 UTC step=21888 elapsed_seconds=2595.42 mean_loss=0.0269156 errors=13/10002 exact_sentences=1013/1024
2026-09-21 06:30:01 UTC completed_step=21904 elapsed_seconds=2597.11 learning_rate=0.000290726
2026-09-21 06:30:02 UTC completed_step=21920 elapsed_seconds=2598.8 learning_rate=0.000290389
2026-09-21 06:30:04 UTC completed_step=21936 elapsed_seconds=2600.48 learning_rate=0.000290053
2026-09-21 06:30:06 UTC completed_step=21952 elapsed_seconds=2602.16 learning_rate=0.000289717
2026-09-21 06:30:07 UTC completed_step=21968 elapsed_seconds=2603.84 learning_rate=0.00028938
2026-09-21 06:30:09 UTC completed_step=21984 elapsed_seconds=2605.53 learning_rate=0.000289044
2026-09-21 06:30:11 UTC completed_step=22000 elapsed_seconds=2607.21 learning_rate=0.000288708
2026-09-21 06:30:12 UTC completed_step=22016 elapsed_seconds=2608.89 learning_rate=0.000288372
2026-09-21 06:30:14 UTC step=22016 elapsed_seconds=2610.59 mean_loss=0.0250193 errors=7/10002 exact_sentences=1017/1024
2026-09-21 06:30:16 UTC completed_step=22032 elapsed_seconds=2612.29 learning_rate=0.000288036
2026-09-21 06:30:18 UTC completed_step=22048 elapsed_seconds=2613.97 learning_rate=0.0002877
2026-09-21 06:30:19 UTC completed_step=22064 elapsed_seconds=2615.66 learning_rate=0.000287364
2026-09-21 06:30:21 UTC completed_step=22080 elapsed_seconds=2617.34 learning_rate=0.000287028
2026-09-21 06:30:23 UTC completed_step=22096 elapsed_seconds=2619.02 learning_rate=0.000286692
2026-09-21 06:30:24 UTC completed_step=22112 elapsed_seconds=2620.7 learning_rate=0.000286356
2026-09-21 06:30:26 UTC completed_step=22128 elapsed_seconds=2622.39 learning_rate=0.000286021
2026-09-21 06:30:28 UTC completed_step=22144 elapsed_seconds=2624.07 learning_rate=0.000285685
2026-09-21 06:30:29 UTC step=22144 elapsed_seconds=2625.77 mean_loss=0.0226319 errors=3/10002 exact_sentences=1021/1024
2026-09-21 06:30:31 UTC completed_step=22160 elapsed_seconds=2627.46 learning_rate=0.00028535
2026-09-21 06:30:33 UTC completed_step=22176 elapsed_seconds=2629.14 learning_rate=0.000285014
2026-09-21 06:30:34 UTC completed_step=22192 elapsed_seconds=2630.83 learning_rate=0.000284679
2026-09-21 06:30:36 UTC completed_step=22208 elapsed_seconds=2632.51 learning_rate=0.000284344
2026-09-21 06:30:38 UTC completed_step=22224 elapsed_seconds=2634.19 learning_rate=0.000284009
2026-09-21 06:30:39 UTC completed_step=22240 elapsed_seconds=2635.87 learning_rate=0.000283673
2026-09-21 06:30:41 UTC completed_step=22256 elapsed_seconds=2637.56 learning_rate=0.000283338
2026-09-21 06:30:43 UTC completed_step=22272 elapsed_seconds=2639.24 learning_rate=0.000283003
2026-09-21 06:30:45 UTC step=22272 elapsed_seconds=2640.94 mean_loss=0.0295102 errors=19/10002 exact_sentences=1006/1024
2026-09-21 06:30:46 UTC completed_step=22288 elapsed_seconds=2642.63 learning_rate=0.000282668
2026-09-21 06:30:48 UTC completed_step=22304 elapsed_seconds=2644.32 learning_rate=0.000282334
2026-09-21 06:30:50 UTC completed_step=22320 elapsed_seconds=2646 learning_rate=0.000281999
2026-09-21 06:30:51 UTC completed_step=22336 elapsed_seconds=2647.69 learning_rate=0.000281664
2026-09-21 06:30:53 UTC completed_step=22352 elapsed_seconds=2649.37 learning_rate=0.00028133
2026-09-21 06:30:55 UTC completed_step=22368 elapsed_seconds=2651.06 learning_rate=0.000280995
2026-09-21 06:30:56 UTC completed_step=22384 elapsed_seconds=2652.74 learning_rate=0.000280661
2026-09-21 06:30:58 UTC completed_step=22400 elapsed_seconds=2654.42 learning_rate=0.000280326
2026-09-21 06:31:00 UTC step=22400 elapsed_seconds=2656.11 mean_loss=0.0241266 errors=3/10002 exact_sentences=1021/1024
2026-09-21 06:31:01 UTC completed_step=22416 elapsed_seconds=2657.8 learning_rate=0.000279992
2026-09-21 06:31:03 UTC completed_step=22432 elapsed_seconds=2659.48 learning_rate=0.000279658
2026-09-21 06:31:05 UTC completed_step=22448 elapsed_seconds=2661.17 learning_rate=0.000279324
2026-09-21 06:31:06 UTC completed_step=22464 elapsed_seconds=2662.86 learning_rate=0.000278989
2026-09-21 06:31:08 UTC completed_step=22480 elapsed_seconds=2664.54 learning_rate=0.000278655
2026-09-21 06:31:10 UTC completed_step=22496 elapsed_seconds=2666.23 learning_rate=0.000278322
2026-09-21 06:31:12 UTC completed_step=22512 elapsed_seconds=2667.92 learning_rate=0.000277988
2026-09-21 06:31:13 UTC completed_step=22528 elapsed_seconds=2669.61 learning_rate=0.000277654
2026-09-21 06:31:15 UTC step=22528 elapsed_seconds=2671.29 mean_loss=0.0239145 errors=10/10002 exact_sentences=1014/1024
2026-09-21 06:31:17 UTC completed_step=22544 elapsed_seconds=2672.98 learning_rate=0.00027732
2026-09-21 06:31:18 UTC completed_step=22560 elapsed_seconds=2674.67 learning_rate=0.000276987
2026-09-21 06:31:20 UTC completed_step=22576 elapsed_seconds=2676.35 learning_rate=0.000276653
2026-09-21 06:31:22 UTC completed_step=22592 elapsed_seconds=2678.04 learning_rate=0.00027632
2026-09-21 06:31:23 UTC completed_step=22608 elapsed_seconds=2679.72 learning_rate=0.000275987
2026-09-21 06:31:25 UTC completed_step=22624 elapsed_seconds=2681.4 learning_rate=0.000275653
2026-09-21 06:31:27 UTC completed_step=22640 elapsed_seconds=2683.08 learning_rate=0.00027532
2026-09-21 06:31:28 UTC completed_step=22656 elapsed_seconds=2684.77 learning_rate=0.000274987
2026-09-21 06:31:30 UTC step=22656 elapsed_seconds=2686.47 mean_loss=0.0240893 errors=9/10002 exact_sentences=1015/1024
2026-09-21 06:31:32 UTC completed_step=22672 elapsed_seconds=2688.15 learning_rate=0.000274654
2026-09-21 06:31:33 UTC completed_step=22688 elapsed_seconds=2689.84 learning_rate=0.000274321
2026-09-21 06:31:35 UTC completed_step=22704 elapsed_seconds=2691.52 learning_rate=0.000273989
2026-09-21 06:31:37 UTC completed_step=22720 elapsed_seconds=2693.21 learning_rate=0.000273656
2026-09-21 06:31:38 UTC completed_step=22736 elapsed_seconds=2694.89 learning_rate=0.000273323
2026-09-21 06:31:40 UTC completed_step=22752 elapsed_seconds=2696.57 learning_rate=0.000272991
2026-09-21 06:31:42 UTC completed_step=22768 elapsed_seconds=2698.26 learning_rate=0.000272658
2026-09-21 06:31:44 UTC completed_step=22784 elapsed_seconds=2699.94 learning_rate=0.000272326
2026-09-21 06:31:45 UTC step=22784 elapsed_seconds=2701.64 mean_loss=0.0236482 errors=9/10002 exact_sentences=1015/1024
2026-09-21 06:31:47 UTC completed_step=22800 elapsed_seconds=2703.32 learning_rate=0.000271994
2026-09-21 06:31:49 UTC completed_step=22816 elapsed_seconds=2705.01 learning_rate=0.000271662
2026-09-21 06:31:50 UTC completed_step=22832 elapsed_seconds=2706.69 learning_rate=0.00027133
2026-09-21 06:31:52 UTC completed_step=22848 elapsed_seconds=2708.37 learning_rate=0.000270998
2026-09-21 06:31:54 UTC completed_step=22864 elapsed_seconds=2710.05 learning_rate=0.000270666
2026-09-21 06:31:55 UTC completed_step=22880 elapsed_seconds=2711.74 learning_rate=0.000270334
2026-09-21 06:31:57 UTC completed_step=22896 elapsed_seconds=2713.42 learning_rate=0.000270002
2026-09-21 06:31:59 UTC completed_step=22912 elapsed_seconds=2715.11 learning_rate=0.000269671
2026-09-21 06:32:00 UTC step=22912 elapsed_seconds=2716.8 mean_loss=0.0230395 errors=14/10002 exact_sentences=1012/1024
2026-09-21 06:32:02 UTC completed_step=22928 elapsed_seconds=2718.49 learning_rate=0.000269339
2026-09-21 06:32:04 UTC completed_step=22944 elapsed_seconds=2720.18 learning_rate=0.000269008
2026-09-21 06:32:05 UTC completed_step=22960 elapsed_seconds=2721.87 learning_rate=0.000268676
2026-09-21 06:32:07 UTC completed_step=22976 elapsed_seconds=2723.55 learning_rate=0.000268345
2026-09-21 06:32:09 UTC completed_step=22992 elapsed_seconds=2725.24 learning_rate=0.000268014
2026-09-21 06:32:11 UTC completed_step=23008 elapsed_seconds=2726.92 learning_rate=0.000267683
2026-09-21 06:32:12 UTC completed_step=23024 elapsed_seconds=2728.61 learning_rate=0.000267352
2026-09-21 06:32:14 UTC completed_step=23040 elapsed_seconds=2730.29 learning_rate=0.000267021
2026-09-21 06:32:16 UTC step=23040 elapsed_seconds=2732 mean_loss=0.0196832 errors=8/10002 exact_sentences=1018/1024
2026-09-21 06:32:17 UTC completed_step=23056 elapsed_seconds=2733.69 learning_rate=0.000266691
2026-09-21 06:32:19 UTC completed_step=23072 elapsed_seconds=2735.37 learning_rate=0.00026636
2026-09-21 06:32:21 UTC completed_step=23088 elapsed_seconds=2737.06 learning_rate=0.00026603
2026-09-21 06:32:22 UTC completed_step=23104 elapsed_seconds=2738.74 learning_rate=0.000265699
2026-09-21 06:32:24 UTC completed_step=23120 elapsed_seconds=2740.42 learning_rate=0.000265369
2026-09-21 06:32:26 UTC completed_step=23136 elapsed_seconds=2742.1 learning_rate=0.000265039
2026-09-21 06:32:27 UTC completed_step=23152 elapsed_seconds=2743.79 learning_rate=0.000264709
2026-09-21 06:32:29 UTC completed_step=23168 elapsed_seconds=2745.47 learning_rate=0.000264379
2026-09-21 06:32:31 UTC step=23168 elapsed_seconds=2747.16 mean_loss=0.0164273 errors=2/10002 exact_sentences=1022/1024
2026-09-21 06:32:32 UTC completed_step=23184 elapsed_seconds=2748.85 learning_rate=0.000264049
2026-09-21 06:32:34 UTC completed_step=23200 elapsed_seconds=2750.54 learning_rate=0.000263719
2026-09-21 06:32:36 UTC completed_step=23216 elapsed_seconds=2752.23 learning_rate=0.000263389
2026-09-21 06:32:37 UTC completed_step=23232 elapsed_seconds=2753.91 learning_rate=0.00026306
2026-09-21 06:32:39 UTC completed_step=23248 elapsed_seconds=2755.59 learning_rate=0.00026273
2026-09-21 06:32:41 UTC completed_step=23264 elapsed_seconds=2757.27 learning_rate=0.000262401
2026-09-21 06:32:43 UTC completed_step=23280 elapsed_seconds=2758.95 learning_rate=0.000262072
2026-09-21 06:32:44 UTC completed_step=23296 elapsed_seconds=2760.64 learning_rate=0.000261742
2026-09-21 06:32:46 UTC step=23296 elapsed_seconds=2762.34 mean_loss=0.0215506 errors=10/10002 exact_sentences=1015/1024
2026-09-21 06:32:48 UTC completed_step=23312 elapsed_seconds=2764.02 learning_rate=0.000261413
2026-09-21 06:32:49 UTC completed_step=23328 elapsed_seconds=2765.71 learning_rate=0.000261084
2026-09-21 06:32:51 UTC completed_step=23344 elapsed_seconds=2767.39 learning_rate=0.000260756
2026-09-21 06:32:53 UTC completed_step=23360 elapsed_seconds=2769.08 learning_rate=0.000260427
2026-09-21 06:32:54 UTC completed_step=23376 elapsed_seconds=2770.76 learning_rate=0.000260098
2026-09-21 06:32:56 UTC completed_step=23392 elapsed_seconds=2772.45 learning_rate=0.00025977
2026-09-21 06:32:58 UTC completed_step=23408 elapsed_seconds=2774.13 learning_rate=0.000259441
2026-09-21 06:32:59 UTC completed_step=23424 elapsed_seconds=2775.81 learning_rate=0.000259113
2026-09-21 06:33:01 UTC step=23424 elapsed_seconds=2777.5 mean_loss=0.0192538 errors=5/10002 exact_sentences=1019/1024
2026-09-21 06:33:03 UTC completed_step=23440 elapsed_seconds=2779.19 learning_rate=0.000258785
2026-09-21 06:33:04 UTC completed_step=23456 elapsed_seconds=2780.88 learning_rate=0.000258457
2026-09-21 06:33:06 UTC completed_step=23472 elapsed_seconds=2782.56 learning_rate=0.000258129
2026-09-21 06:33:08 UTC completed_step=23488 elapsed_seconds=2784.24 learning_rate=0.000257801
2026-09-21 06:33:10 UTC completed_step=23504 elapsed_seconds=2785.93 learning_rate=0.000257474
2026-09-21 06:33:11 UTC completed_step=23520 elapsed_seconds=2787.61 learning_rate=0.000257146
2026-09-21 06:33:13 UTC completed_step=23536 elapsed_seconds=2789.3 learning_rate=0.000256819
2026-09-21 06:33:15 UTC completed_step=23552 elapsed_seconds=2790.98 learning_rate=0.000256491
2026-09-21 06:33:16 UTC step=23552 elapsed_seconds=2792.67 mean_loss=0.0172258 errors=6/10002 exact_sentences=1018/1024
2026-09-21 06:33:18 UTC completed_step=23568 elapsed_seconds=2794.36 learning_rate=0.000256164
2026-09-21 06:33:20 UTC completed_step=23584 elapsed_seconds=2796.05 learning_rate=0.000255837
2026-09-21 06:33:21 UTC completed_step=23600 elapsed_seconds=2797.74 learning_rate=0.00025551
2026-09-21 06:33:23 UTC completed_step=23616 elapsed_seconds=2799.42 learning_rate=0.000255183
2026-09-21 06:33:25 UTC completed_step=23632 elapsed_seconds=2801.11 learning_rate=0.000254856
2026-09-21 06:33:26 UTC completed_step=23648 elapsed_seconds=2802.79 learning_rate=0.000254529
2026-09-21 06:33:28 UTC completed_step=23664 elapsed_seconds=2804.48 learning_rate=0.000254203
2026-09-21 06:33:30 UTC completed_step=23680 elapsed_seconds=2806.16 learning_rate=0.000253877
2026-09-21 06:33:31 UTC step=23680 elapsed_seconds=2807.85 mean_loss=0.0164647 errors=7/10002 exact_sentences=1017/1024
2026-09-21 06:33:33 UTC completed_step=23696 elapsed_seconds=2809.54 learning_rate=0.00025355
2026-09-21 06:33:35 UTC completed_step=23712 elapsed_seconds=2811.22 learning_rate=0.000253224
2026-09-21 06:33:36 UTC completed_step=23728 elapsed_seconds=2812.9 learning_rate=0.000252898
2026-09-21 06:33:38 UTC completed_step=23744 elapsed_seconds=2814.59 learning_rate=0.000252572
2026-09-21 06:33:40 UTC completed_step=23760 elapsed_seconds=2816.27 learning_rate=0.000252246
2026-09-21 06:33:42 UTC completed_step=23776 elapsed_seconds=2817.95 learning_rate=0.000251921
2026-09-21 06:33:43 UTC completed_step=23792 elapsed_seconds=2819.64 learning_rate=0.000251595
2026-09-21 06:33:45 UTC completed_step=23808 elapsed_seconds=2821.32 learning_rate=0.00025127
2026-09-21 06:33:47 UTC step=23808 elapsed_seconds=2823.01 mean_loss=0.0158726 errors=9/10002 exact_sentences=1015/1024
2026-09-21 06:33:48 UTC completed_step=23824 elapsed_seconds=2824.7 learning_rate=0.000250944
2026-09-21 06:33:50 UTC completed_step=23840 elapsed_seconds=2826.39 learning_rate=0.000250619
2026-09-21 06:33:52 UTC completed_step=23856 elapsed_seconds=2828.07 learning_rate=0.000250294
2026-09-21 06:33:53 UTC completed_step=23872 elapsed_seconds=2829.75 learning_rate=0.000249969
2026-09-21 06:33:55 UTC completed_step=23888 elapsed_seconds=2831.43 learning_rate=0.000249645
2026-09-21 06:33:57 UTC completed_step=23904 elapsed_seconds=2833.12 learning_rate=0.00024932
2026-09-21 06:33:58 UTC completed_step=23920 elapsed_seconds=2834.8 learning_rate=0.000248995
2026-09-21 06:34:00 UTC completed_step=23936 elapsed_seconds=2836.48 learning_rate=0.000248671
2026-09-21 06:34:02 UTC step=23936 elapsed_seconds=2838.18 mean_loss=0.0148393 errors=5/10002 exact_sentences=1019/1024
2026-09-21 06:34:03 UTC completed_step=23952 elapsed_seconds=2839.87 learning_rate=0.000248347
2026-09-21 06:34:05 UTC completed_step=23968 elapsed_seconds=2841.55 learning_rate=0.000248022
2026-09-21 06:34:07 UTC completed_step=23984 elapsed_seconds=2843.24 learning_rate=0.000247698
2026-09-21 06:34:09 UTC completed_step=24000 elapsed_seconds=2844.92 learning_rate=0.000247375
2026-09-21 06:34:10 UTC completed_step=24016 elapsed_seconds=2846.6 learning_rate=0.000247051
2026-09-21 06:34:12 UTC completed_step=24032 elapsed_seconds=2848.28 learning_rate=0.000246727
2026-09-21 06:34:14 UTC completed_step=24048 elapsed_seconds=2849.97 learning_rate=0.000246404
2026-09-21 06:34:15 UTC completed_step=24064 elapsed_seconds=2851.65 learning_rate=0.00024608
2026-09-21 06:34:17 UTC step=24064 elapsed_seconds=2853.34 mean_loss=0.0147779 errors=6/10002 exact_sentences=1018/1024
2026-09-21 06:34:19 UTC completed_step=24080 elapsed_seconds=2855.03 learning_rate=0.000245757
2026-09-21 06:34:20 UTC completed_step=24096 elapsed_seconds=2856.72 learning_rate=0.000245434
2026-09-21 06:34:22 UTC completed_step=24112 elapsed_seconds=2858.4 learning_rate=0.000245111
2026-09-21 06:34:24 UTC completed_step=24128 elapsed_seconds=2860.08 learning_rate=0.000244788
2026-09-21 06:34:25 UTC completed_step=24144 elapsed_seconds=2861.76 learning_rate=0.000244466
2026-09-21 06:34:27 UTC completed_step=24160 elapsed_seconds=2863.45 learning_rate=0.000244143
2026-09-21 06:34:29 UTC completed_step=24176 elapsed_seconds=2865.13 learning_rate=0.000243821
2026-09-21 06:34:30 UTC completed_step=24192 elapsed_seconds=2866.81 learning_rate=0.000243498
2026-09-21 06:34:32 UTC step=24192 elapsed_seconds=2868.53 mean_loss=0.0141606 errors=4/10002 exact_sentences=1020/1024
2026-09-21 06:34:34 UTC completed_step=24208 elapsed_seconds=2870.22 learning_rate=0.000243176
2026-09-21 06:34:35 UTC completed_step=24224 elapsed_seconds=2871.9 learning_rate=0.000242854
2026-09-21 06:34:37 UTC completed_step=24240 elapsed_seconds=2873.58 learning_rate=0.000242532
2026-09-21 06:34:39 UTC completed_step=24256 elapsed_seconds=2875.27 learning_rate=0.000242211
2026-09-21 06:34:41 UTC completed_step=24272 elapsed_seconds=2876.95 learning_rate=0.000241889
2026-09-21 06:34:42 UTC completed_step=24288 elapsed_seconds=2878.63 learning_rate=0.000241567
2026-09-21 06:34:44 UTC completed_step=24304 elapsed_seconds=2880.32 learning_rate=0.000241246
2026-09-21 06:34:46 UTC completed_step=24320 elapsed_seconds=2882 learning_rate=0.000240925
2026-09-21 06:34:47 UTC step=24320 elapsed_seconds=2883.7 mean_loss=0.0147685 errors=6/10002 exact_sentences=1018/1024
2026-09-21 06:34:49 UTC completed_step=24336 elapsed_seconds=2885.39 learning_rate=0.000240604
2026-09-21 06:34:51 UTC completed_step=24352 elapsed_seconds=2887.07 learning_rate=0.000240283
2026-09-21 06:34:52 UTC completed_step=24368 elapsed_seconds=2888.76 learning_rate=0.000239962
2026-09-21 06:34:54 UTC completed_step=24384 elapsed_seconds=2890.45 learning_rate=0.000239642
2026-09-21 06:34:56 UTC completed_step=24400 elapsed_seconds=2892.13 learning_rate=0.000239321
2026-09-21 06:34:57 UTC completed_step=24416 elapsed_seconds=2893.82 learning_rate=0.000239001
2026-09-21 06:34:59 UTC completed_step=24432 elapsed_seconds=2895.5 learning_rate=0.000238681
2026-09-21 06:35:01 UTC completed_step=24448 elapsed_seconds=2897.18 learning_rate=0.000238361
2026-09-21 06:35:02 UTC step=24448 elapsed_seconds=2898.88 mean_loss=0.0133235 errors=3/10002 exact_sentences=1021/1024
2026-09-21 06:35:04 UTC completed_step=24464 elapsed_seconds=2900.56 learning_rate=0.000238041
2026-09-21 06:35:06 UTC completed_step=24480 elapsed_seconds=2902.25 learning_rate=0.000237721
2026-09-21 06:35:08 UTC completed_step=24496 elapsed_seconds=2903.93 learning_rate=0.000237402
2026-09-21 06:35:09 UTC completed_step=24512 elapsed_seconds=2905.61 learning_rate=0.000237082
2026-09-21 06:35:11 UTC completed_step=24528 elapsed_seconds=2907.29 learning_rate=0.000236763
2026-09-21 06:35:13 UTC completed_step=24544 elapsed_seconds=2908.98 learning_rate=0.000236444
2026-09-21 06:35:14 UTC completed_step=24560 elapsed_seconds=2910.66 learning_rate=0.000236125
2026-09-21 06:35:16 UTC completed_step=24576 elapsed_seconds=2912.35 learning_rate=0.000235806
2026-09-21 06:35:18 UTC step=24576 elapsed_seconds=2914.05 mean_loss=0.0128969 errors=6/10002 exact_sentences=1018/1024
2026-09-21 06:35:19 UTC completed_step=24592 elapsed_seconds=2915.74 learning_rate=0.000235487
2026-09-21 06:35:21 UTC completed_step=24608 elapsed_seconds=2917.43 learning_rate=0.000235169
2026-09-21 06:35:23 UTC completed_step=24624 elapsed_seconds=2919.11 learning_rate=0.00023485
2026-09-21 06:35:24 UTC completed_step=24640 elapsed_seconds=2920.79 learning_rate=0.000234532
2026-09-21 06:35:26 UTC completed_step=24656 elapsed_seconds=2922.47 learning_rate=0.000234214
2026-09-21 06:35:28 UTC completed_step=24672 elapsed_seconds=2924.16 learning_rate=0.000233896
2026-09-21 06:35:29 UTC completed_step=24688 elapsed_seconds=2925.84 learning_rate=0.000233578
2026-09-21 06:35:31 UTC completed_step=24704 elapsed_seconds=2927.52 learning_rate=0.000233261
2026-09-21 06:35:33 UTC step=24704 elapsed_seconds=2929.22 mean_loss=0.0180545 errors=17/10002 exact_sentences=1007/1024
2026-09-21 06:35:34 UTC completed_step=24720 elapsed_seconds=2930.91 learning_rate=0.000232943
2026-09-21 06:35:36 UTC completed_step=24736 elapsed_seconds=2932.59 learning_rate=0.000232626
2026-09-21 06:35:38 UTC completed_step=24752 elapsed_seconds=2934.27 learning_rate=0.000232309
2026-09-21 06:35:40 UTC completed_step=24768 elapsed_seconds=2935.96 learning_rate=0.000231991
2026-09-21 06:35:41 UTC completed_step=24784 elapsed_seconds=2937.64 learning_rate=0.000231675
2026-09-21 06:35:43 UTC completed_step=24800 elapsed_seconds=2939.32 learning_rate=0.000231358
2026-09-21 06:35:45 UTC completed_step=24816 elapsed_seconds=2941.01 learning_rate=0.000231041
2026-09-21 06:35:46 UTC completed_step=24832 elapsed_seconds=2942.69 learning_rate=0.000230725
2026-09-21 06:35:48 UTC step=24832 elapsed_seconds=2944.39 mean_loss=0.0152307 errors=8/10002 exact_sentences=1016/1024
2026-09-21 06:35:50 UTC completed_step=24848 elapsed_seconds=2946.08 learning_rate=0.000230409
2026-09-21 06:35:51 UTC completed_step=24864 elapsed_seconds=2947.77 learning_rate=0.000230093
2026-09-21 06:35:53 UTC completed_step=24880 elapsed_seconds=2949.45 learning_rate=0.000229777
2026-09-21 06:35:55 UTC completed_step=24896 elapsed_seconds=2951.13 learning_rate=0.000229461
2026-09-21 06:35:56 UTC completed_step=24912 elapsed_seconds=2952.82 learning_rate=0.000229145
2026-09-21 06:35:58 UTC completed_step=24928 elapsed_seconds=2954.5 learning_rate=0.00022883
2026-09-21 06:36:00 UTC completed_step=24944 elapsed_seconds=2956.19 learning_rate=0.000228515
2026-09-21 06:36:01 UTC completed_step=24960 elapsed_seconds=2957.87 learning_rate=0.0002282
2026-09-21 06:36:03 UTC step=24960 elapsed_seconds=2959.56 mean_loss=0.0118101 errors=4/10002 exact_sentences=1020/1024
2026-09-21 06:36:05 UTC completed_step=24976 elapsed_seconds=2961.25 learning_rate=0.000227885
2026-09-21 06:36:07 UTC completed_step=24992 elapsed_seconds=2962.94 learning_rate=0.00022757
2026-09-21 06:36:08 UTC completed_step=25008 elapsed_seconds=2964.62 learning_rate=0.000227255
2026-09-21 06:36:10 UTC completed_step=25024 elapsed_seconds=2966.3 learning_rate=0.000226941
2026-09-21 06:36:12 UTC completed_step=25040 elapsed_seconds=2967.99 learning_rate=0.000226626
2026-09-21 06:36:13 UTC completed_step=25056 elapsed_seconds=2969.67 learning_rate=0.000226312
2026-09-21 06:36:15 UTC completed_step=25072 elapsed_seconds=2971.35 learning_rate=0.000225998
2026-09-21 06:36:17 UTC completed_step=25088 elapsed_seconds=2973.03 learning_rate=0.000225684
2026-09-21 06:36:18 UTC step=25088 elapsed_seconds=2974.72 mean_loss=0.0101293 errors=1/10002 exact_sentences=1023/1024
2026-09-21 06:36:20 UTC completed_step=25104 elapsed_seconds=2976.41 learning_rate=0.000225371
2026-09-21 06:36:22 UTC completed_step=25120 elapsed_seconds=2978.09 learning_rate=0.000225057
2026-09-21 06:36:23 UTC completed_step=25136 elapsed_seconds=2979.78 learning_rate=0.000224744
2026-09-21 06:36:25 UTC completed_step=25152 elapsed_seconds=2981.46 learning_rate=0.000224431
2026-09-21 06:36:27 UTC completed_step=25168 elapsed_seconds=2983.14 learning_rate=0.000224118
2026-09-21 06:36:28 UTC completed_step=25184 elapsed_seconds=2984.83 learning_rate=0.000223805
2026-09-21 06:36:30 UTC completed_step=25200 elapsed_seconds=2986.51 learning_rate=0.000223492
2026-09-21 06:36:32 UTC completed_step=25216 elapsed_seconds=2988.2 learning_rate=0.00022318
2026-09-21 06:36:33 UTC step=25216 elapsed_seconds=2989.9 mean_loss=0.00856956 errors=1/10002 exact_sentences=1023/1024
2026-09-21 06:36:35 UTC completed_step=25232 elapsed_seconds=2991.59 learning_rate=0.000222868
2026-09-21 06:36:37 UTC completed_step=25248 elapsed_seconds=2993.27 learning_rate=0.000222555
2026-09-21 06:36:39 UTC completed_step=25264 elapsed_seconds=2994.95 learning_rate=0.000222244
2026-09-21 06:36:40 UTC completed_step=25280 elapsed_seconds=2996.64 learning_rate=0.000221932
2026-09-21 06:36:42 UTC completed_step=25296 elapsed_seconds=2998.32 learning_rate=0.00022162
2026-09-21 06:36:44 UTC completed_step=25312 elapsed_seconds=3000 learning_rate=0.000221309
2026-09-21 06:36:45 UTC completed_step=25328 elapsed_seconds=3001.69 learning_rate=0.000220997
2026-09-21 06:36:47 UTC completed_step=25344 elapsed_seconds=3003.37 learning_rate=0.000220686
2026-09-21 06:36:49 UTC step=25344 elapsed_seconds=3005.07 mean_loss=0.0111546 errors=4/10002 exact_sentences=1020/1024
2026-09-21 06:36:50 UTC completed_step=25360 elapsed_seconds=3006.75 learning_rate=0.000220375
2026-09-21 06:36:52 UTC completed_step=25376 elapsed_seconds=3008.44 learning_rate=0.000220065
2026-09-21 06:36:54 UTC completed_step=25392 elapsed_seconds=3010.12 learning_rate=0.000219754
2026-09-21 06:36:55 UTC completed_step=25408 elapsed_seconds=3011.81 learning_rate=0.000219444
2026-09-21 06:36:57 UTC completed_step=25424 elapsed_seconds=3013.49 learning_rate=0.000219133
2026-09-21 06:36:59 UTC completed_step=25440 elapsed_seconds=3015.18 learning_rate=0.000218823
2026-09-21 06:37:00 UTC completed_step=25456 elapsed_seconds=3016.87 learning_rate=0.000218513
2026-09-21 06:37:02 UTC completed_step=25472 elapsed_seconds=3018.55 learning_rate=0.000218204
2026-09-21 06:37:04 UTC step=25472 elapsed_seconds=3020.26 mean_loss=0.00892452 errors=0/10002 exact_sentences=1024/1024
2026-09-21 06:37:06 UTC step=25472 elapsed_seconds=3021.97 mean_loss=0.00892452 errors=0/10002 exact_sentences=1024/1024
MEMORIZED checkpoint=/home/ubuntu/checkpoints/memorize_general_facts/width_depth_refine_16_deep_long_0/width_16/layers_8/step_25472
