layers=1 width=20 heads=1 feed_forward_width=80 parameters=1031020 samples=1024 scored_targets=10002
2026-09-21 05:13:13 UTC step=0 elapsed_seconds=1.25838 mean_loss=10.8171 errors=10002/10002 exact_sentences=0/1024
2026-09-21 05:13:14 UTC completed_step=16 elapsed_seconds=2.12644 learning_rate=9.6e-05
2026-09-21 05:13:14 UTC completed_step=32 elapsed_seconds=2.77347 learning_rate=0.000192
2026-09-21 05:13:15 UTC completed_step=48 elapsed_seconds=3.42002 learning_rate=0.000288
2026-09-21 05:13:16 UTC completed_step=64 elapsed_seconds=4.06657 learning_rate=0.000384
2026-09-21 05:13:16 UTC completed_step=80 elapsed_seconds=4.71243 learning_rate=0.00048
2026-09-21 05:13:17 UTC completed_step=96 elapsed_seconds=5.35885 learning_rate=0.000576
2026-09-21 05:13:17 UTC completed_step=112 elapsed_seconds=6.00544 learning_rate=0.0006
2026-09-21 05:13:18 UTC completed_step=128 elapsed_seconds=6.65132 learning_rate=0.000599999
2026-09-21 05:13:19 UTC step=128 elapsed_seconds=7.89239 mean_loss=9.14273 errors=8978/10002 exact_sentences=0/1024
2026-09-21 05:13:20 UTC completed_step=144 elapsed_seconds=8.54479 learning_rate=0.000599998
2026-09-21 05:13:21 UTC completed_step=160 elapsed_seconds=9.19105 learning_rate=0.000599997
2026-09-21 05:13:21 UTC completed_step=176 elapsed_seconds=9.83666 learning_rate=0.000599995
2026-09-21 05:13:22 UTC completed_step=192 elapsed_seconds=10.4834 learning_rate=0.000599993
2026-09-21 05:13:23 UTC completed_step=208 elapsed_seconds=11.1299 learning_rate=0.00059999
2026-09-21 05:13:23 UTC completed_step=224 elapsed_seconds=11.7767 learning_rate=0.000599987
2026-09-21 05:13:24 UTC completed_step=240 elapsed_seconds=12.4231 learning_rate=0.000599984
2026-09-21 05:13:25 UTC completed_step=256 elapsed_seconds=13.0699 learning_rate=0.00059998
2026-09-21 05:13:26 UTC step=256 elapsed_seconds=14.318 mean_loss=7.00018 errors=8978/10002 exact_sentences=0/1024
2026-09-21 05:13:26 UTC completed_step=272 elapsed_seconds=14.9688 learning_rate=0.000599975
2026-09-21 05:13:27 UTC completed_step=288 elapsed_seconds=15.6137 learning_rate=0.00059997
2026-09-21 05:13:28 UTC completed_step=304 elapsed_seconds=16.2598 learning_rate=0.000599965
2026-09-21 05:13:28 UTC completed_step=320 elapsed_seconds=16.9056 learning_rate=0.00059996
2026-09-21 05:13:29 UTC completed_step=336 elapsed_seconds=17.5524 learning_rate=0.000599953
2026-09-21 05:13:30 UTC completed_step=352 elapsed_seconds=18.1978 learning_rate=0.000599947
2026-09-21 05:13:30 UTC completed_step=368 elapsed_seconds=18.8444 learning_rate=0.00059994
2026-09-21 05:13:31 UTC completed_step=384 elapsed_seconds=19.4903 learning_rate=0.000599933
2026-09-21 05:13:32 UTC step=384 elapsed_seconds=20.7313 mean_loss=6.17502 errors=8424/10002 exact_sentences=1/1024
2026-09-21 05:13:33 UTC completed_step=400 elapsed_seconds=21.3812 learning_rate=0.000599925
2026-09-21 05:13:33 UTC completed_step=416 elapsed_seconds=22.0266 learning_rate=0.000599916
2026-09-21 05:13:34 UTC completed_step=432 elapsed_seconds=22.6733 learning_rate=0.000599908
2026-09-21 05:13:35 UTC completed_step=448 elapsed_seconds=23.3192 learning_rate=0.000599899
2026-09-21 05:13:35 UTC completed_step=464 elapsed_seconds=23.9649 learning_rate=0.000599889
2026-09-21 05:13:36 UTC completed_step=480 elapsed_seconds=24.6114 learning_rate=0.000599879
2026-09-21 05:13:37 UTC completed_step=496 elapsed_seconds=25.2576 learning_rate=0.000599869
2026-09-21 05:13:37 UTC completed_step=512 elapsed_seconds=25.9037 learning_rate=0.000599858
2026-09-21 05:13:39 UTC step=512 elapsed_seconds=27.1624 mean_loss=6.03313 errors=8063/10002 exact_sentences=1/1024
2026-09-21 05:13:39 UTC completed_step=528 elapsed_seconds=27.8149 learning_rate=0.000599847
2026-09-21 05:13:40 UTC completed_step=544 elapsed_seconds=28.4608 learning_rate=0.000599835
2026-09-21 05:13:41 UTC completed_step=560 elapsed_seconds=29.1045 learning_rate=0.000599823
2026-09-21 05:13:41 UTC completed_step=576 elapsed_seconds=29.7487 learning_rate=0.00059981
2026-09-21 05:13:42 UTC completed_step=592 elapsed_seconds=30.3929 learning_rate=0.000599797
2026-09-21 05:13:42 UTC completed_step=608 elapsed_seconds=31.0366 learning_rate=0.000599784
2026-09-21 05:13:43 UTC completed_step=624 elapsed_seconds=31.6807 learning_rate=0.00059977
2026-09-21 05:13:44 UTC completed_step=640 elapsed_seconds=32.3257 learning_rate=0.000599756
2026-09-21 05:13:45 UTC step=640 elapsed_seconds=33.5655 mean_loss=5.71568 errors=7801/10002 exact_sentences=1/1024
2026-09-21 05:13:46 UTC completed_step=656 elapsed_seconds=34.2142 learning_rate=0.000599741
2026-09-21 05:13:46 UTC completed_step=672 elapsed_seconds=34.8578 learning_rate=0.000599726
2026-09-21 05:13:47 UTC completed_step=688 elapsed_seconds=35.5014 learning_rate=0.000599711
2026-09-21 05:13:48 UTC completed_step=704 elapsed_seconds=36.1453 learning_rate=0.000599695
2026-09-21 05:13:48 UTC completed_step=720 elapsed_seconds=36.7904 learning_rate=0.000599678
2026-09-21 05:13:49 UTC completed_step=736 elapsed_seconds=37.4353 learning_rate=0.000599662
2026-09-21 05:13:50 UTC completed_step=752 elapsed_seconds=38.0796 learning_rate=0.000599644
2026-09-21 05:13:50 UTC completed_step=768 elapsed_seconds=38.7236 learning_rate=0.000599627
2026-09-21 05:13:51 UTC step=768 elapsed_seconds=39.9806 mean_loss=5.4652 errors=7660/10002 exact_sentences=1/1024
2026-09-21 05:13:52 UTC completed_step=784 elapsed_seconds=40.6292 learning_rate=0.000599609
2026-09-21 05:13:53 UTC completed_step=800 elapsed_seconds=41.2733 learning_rate=0.00059959
2026-09-21 05:13:53 UTC completed_step=816 elapsed_seconds=41.9196 learning_rate=0.000599571
2026-09-21 05:13:54 UTC completed_step=832 elapsed_seconds=42.5692 learning_rate=0.000599552
2026-09-21 05:13:55 UTC completed_step=848 elapsed_seconds=43.2176 learning_rate=0.000599532
2026-09-21 05:13:55 UTC completed_step=864 elapsed_seconds=43.8671 learning_rate=0.000599512
2026-09-21 05:13:56 UTC completed_step=880 elapsed_seconds=44.5169 learning_rate=0.000599491
2026-09-21 05:13:57 UTC completed_step=896 elapsed_seconds=45.1659 learning_rate=0.00059947
2026-09-21 05:13:58 UTC step=896 elapsed_seconds=46.415 mean_loss=5.29228 errors=7567/10002 exact_sentences=1/1024
2026-09-21 05:13:59 UTC completed_step=912 elapsed_seconds=47.0689 learning_rate=0.000599448
2026-09-21 05:13:59 UTC completed_step=928 elapsed_seconds=47.7182 learning_rate=0.000599426
2026-09-21 05:14:00 UTC completed_step=944 elapsed_seconds=48.368 learning_rate=0.000599404
2026-09-21 05:14:00 UTC completed_step=960 elapsed_seconds=49.0178 learning_rate=0.000599381
2026-09-21 05:14:01 UTC completed_step=976 elapsed_seconds=49.6672 learning_rate=0.000599358
2026-09-21 05:14:02 UTC completed_step=992 elapsed_seconds=50.3167 learning_rate=0.000599334
2026-09-21 05:14:02 UTC completed_step=1008 elapsed_seconds=50.9666 learning_rate=0.00059931
2026-09-21 05:14:03 UTC completed_step=1024 elapsed_seconds=51.6168 learning_rate=0.000599286
2026-09-21 05:14:04 UTC step=1024 elapsed_seconds=52.8623 mean_loss=5.15578 errors=7456/10002 exact_sentences=1/1024
2026-09-21 05:14:05 UTC completed_step=1040 elapsed_seconds=53.5184 learning_rate=0.000599261
2026-09-21 05:14:06 UTC completed_step=1056 elapsed_seconds=54.1683 learning_rate=0.000599235
2026-09-21 05:14:06 UTC completed_step=1072 elapsed_seconds=54.8183 learning_rate=0.00059921
2026-09-21 05:14:07 UTC completed_step=1088 elapsed_seconds=55.4638 learning_rate=0.000599183
2026-09-21 05:14:08 UTC completed_step=1104 elapsed_seconds=56.1082 learning_rate=0.000599157
2026-09-21 05:14:08 UTC completed_step=1120 elapsed_seconds=56.7535 learning_rate=0.00059913
2026-09-21 05:14:09 UTC completed_step=1136 elapsed_seconds=57.3983 learning_rate=0.000599102
2026-09-21 05:14:09 UTC completed_step=1152 elapsed_seconds=58.044 learning_rate=0.000599074
2026-09-21 05:14:11 UTC step=1152 elapsed_seconds=59.2913 mean_loss=5.01758 errors=7362/10002 exact_sentences=1/1024
2026-09-21 05:14:11 UTC completed_step=1168 elapsed_seconds=59.9416 learning_rate=0.000599046
2026-09-21 05:14:12 UTC completed_step=1184 elapsed_seconds=60.5868 learning_rate=0.000599017
2026-09-21 05:14:13 UTC completed_step=1200 elapsed_seconds=61.2317 learning_rate=0.000598988
2026-09-21 05:14:13 UTC completed_step=1216 elapsed_seconds=61.8772 learning_rate=0.000598958
2026-09-21 05:14:14 UTC completed_step=1232 elapsed_seconds=62.5221 learning_rate=0.000598928
2026-09-21 05:14:15 UTC completed_step=1248 elapsed_seconds=63.1665 learning_rate=0.000598898
2026-09-21 05:14:15 UTC completed_step=1264 elapsed_seconds=63.8117 learning_rate=0.000598867
2026-09-21 05:14:16 UTC completed_step=1280 elapsed_seconds=64.4573 learning_rate=0.000598836
2026-09-21 05:14:17 UTC step=1280 elapsed_seconds=65.7068 mean_loss=4.88106 errors=7170/10002 exact_sentences=1/1024
2026-09-21 05:14:18 UTC completed_step=1296 elapsed_seconds=66.3559 learning_rate=0.000598804
2026-09-21 05:14:18 UTC completed_step=1312 elapsed_seconds=67.0021 learning_rate=0.000598772
2026-09-21 05:14:19 UTC completed_step=1328 elapsed_seconds=67.648 learning_rate=0.000598739
2026-09-21 05:14:20 UTC completed_step=1344 elapsed_seconds=68.2939 learning_rate=0.000598706
2026-09-21 05:14:20 UTC completed_step=1360 elapsed_seconds=68.9365 learning_rate=0.000598672
2026-09-21 05:14:21 UTC completed_step=1376 elapsed_seconds=69.5809 learning_rate=0.000598638
2026-09-21 05:14:22 UTC completed_step=1392 elapsed_seconds=70.2246 learning_rate=0.000598604
2026-09-21 05:14:22 UTC completed_step=1408 elapsed_seconds=70.8687 learning_rate=0.000598569
2026-09-21 05:14:24 UTC step=1408 elapsed_seconds=72.1013 mean_loss=4.74076 errors=7059/10002 exact_sentences=1/1024
2026-09-21 05:14:24 UTC completed_step=1424 elapsed_seconds=72.7503 learning_rate=0.000598534
2026-09-21 05:14:25 UTC completed_step=1440 elapsed_seconds=73.3946 learning_rate=0.000598499
2026-09-21 05:14:25 UTC completed_step=1456 elapsed_seconds=74.0386 learning_rate=0.000598463
2026-09-21 05:14:26 UTC completed_step=1472 elapsed_seconds=74.6831 learning_rate=0.000598426
2026-09-21 05:14:27 UTC completed_step=1488 elapsed_seconds=75.3273 learning_rate=0.000598389
2026-09-21 05:14:27 UTC completed_step=1504 elapsed_seconds=75.9708 learning_rate=0.000598352
2026-09-21 05:14:28 UTC completed_step=1520 elapsed_seconds=76.6141 learning_rate=0.000598314
2026-09-21 05:14:29 UTC completed_step=1536 elapsed_seconds=77.2583 learning_rate=0.000598276
2026-09-21 05:14:30 UTC step=1536 elapsed_seconds=78.5179 mean_loss=4.59845 errors=6876/10002 exact_sentences=1/1024
2026-09-21 05:14:31 UTC completed_step=1552 elapsed_seconds=79.1695 learning_rate=0.000598237
2026-09-21 05:14:31 UTC completed_step=1568 elapsed_seconds=79.8131 learning_rate=0.000598198
2026-09-21 05:14:32 UTC completed_step=1584 elapsed_seconds=80.4574 learning_rate=0.000598159
2026-09-21 05:14:33 UTC completed_step=1600 elapsed_seconds=81.1014 learning_rate=0.000598119
2026-09-21 05:14:33 UTC completed_step=1616 elapsed_seconds=81.7451 learning_rate=0.000598079
2026-09-21 05:14:34 UTC completed_step=1632 elapsed_seconds=82.3897 learning_rate=0.000598038
2026-09-21 05:14:34 UTC completed_step=1648 elapsed_seconds=83.0345 learning_rate=0.000597997
2026-09-21 05:14:35 UTC completed_step=1664 elapsed_seconds=83.6783 learning_rate=0.000597955
2026-09-21 05:14:36 UTC step=1664 elapsed_seconds=84.9321 mean_loss=4.4632 errors=6695/10002 exact_sentences=1/1024
2026-09-21 05:14:37 UTC completed_step=1680 elapsed_seconds=85.5822 learning_rate=0.000597913
2026-09-21 05:14:38 UTC completed_step=1696 elapsed_seconds=86.2262 learning_rate=0.000597871
2026-09-21 05:14:38 UTC completed_step=1712 elapsed_seconds=86.8708 learning_rate=0.000597828
2026-09-21 05:14:39 UTC completed_step=1728 elapsed_seconds=87.5146 learning_rate=0.000597785
2026-09-21 05:14:40 UTC completed_step=1744 elapsed_seconds=88.1602 learning_rate=0.000597741
2026-09-21 05:14:40 UTC completed_step=1760 elapsed_seconds=88.8049 learning_rate=0.000597697
2026-09-21 05:14:41 UTC completed_step=1776 elapsed_seconds=89.4495 learning_rate=0.000597653
2026-09-21 05:14:42 UTC completed_step=1792 elapsed_seconds=90.0943 learning_rate=0.000597608
2026-09-21 05:14:43 UTC step=1792 elapsed_seconds=91.3384 mean_loss=4.32599 errors=6554/10002 exact_sentences=1/1024
2026-09-21 05:14:43 UTC completed_step=1808 elapsed_seconds=91.9876 learning_rate=0.000597562
2026-09-21 05:14:44 UTC completed_step=1824 elapsed_seconds=92.632 learning_rate=0.000597516
2026-09-21 05:14:45 UTC completed_step=1840 elapsed_seconds=93.2767 learning_rate=0.00059747
2026-09-21 05:14:45 UTC completed_step=1856 elapsed_seconds=93.921 learning_rate=0.000597423
2026-09-21 05:14:46 UTC completed_step=1872 elapsed_seconds=94.5656 learning_rate=0.000597376
2026-09-21 05:14:47 UTC completed_step=1888 elapsed_seconds=95.2093 learning_rate=0.000597329
2026-09-21 05:14:47 UTC completed_step=1904 elapsed_seconds=95.853 learning_rate=0.000597281
2026-09-21 05:14:48 UTC completed_step=1920 elapsed_seconds=96.4971 learning_rate=0.000597232
2026-09-21 05:14:49 UTC step=1920 elapsed_seconds=97.7332 mean_loss=4.19855 errors=6461/10002 exact_sentences=1/1024
2026-09-21 05:14:50 UTC completed_step=1936 elapsed_seconds=98.3821 learning_rate=0.000597184
2026-09-21 05:14:50 UTC completed_step=1952 elapsed_seconds=99.0257 learning_rate=0.000597135
2026-09-21 05:14:51 UTC completed_step=1968 elapsed_seconds=99.6692 learning_rate=0.000597085
2026-09-21 05:14:52 UTC completed_step=1984 elapsed_seconds=100.313 learning_rate=0.000597035
2026-09-21 05:14:52 UTC completed_step=2000 elapsed_seconds=100.957 learning_rate=0.000596984
2026-09-21 05:14:53 UTC completed_step=2016 elapsed_seconds=101.601 learning_rate=0.000596933
2026-09-21 05:14:54 UTC completed_step=2032 elapsed_seconds=102.244 learning_rate=0.000596882
2026-09-21 05:14:54 UTC completed_step=2048 elapsed_seconds=102.888 learning_rate=0.00059683
2026-09-21 05:14:56 UTC step=2048 elapsed_seconds=104.14 mean_loss=4.07472 errors=6320/10002 exact_sentences=1/1024
2026-09-21 05:14:56 UTC completed_step=2064 elapsed_seconds=104.79 learning_rate=0.000596778
2026-09-21 05:14:57 UTC completed_step=2080 elapsed_seconds=105.434 learning_rate=0.000596726
2026-09-21 05:14:58 UTC completed_step=2096 elapsed_seconds=106.078 learning_rate=0.000596673
2026-09-21 05:14:58 UTC completed_step=2112 elapsed_seconds=106.722 learning_rate=0.000596619
2026-09-21 05:14:59 UTC completed_step=2128 elapsed_seconds=107.366 learning_rate=0.000596565
2026-09-21 05:14:59 UTC completed_step=2144 elapsed_seconds=108.009 learning_rate=0.000596511
2026-09-21 05:15:00 UTC completed_step=2160 elapsed_seconds=108.655 learning_rate=0.000596456
2026-09-21 05:15:01 UTC completed_step=2176 elapsed_seconds=109.302 learning_rate=0.000596401
2026-09-21 05:15:02 UTC step=2176 elapsed_seconds=110.544 mean_loss=3.95958 errors=6231/10002 exact_sentences=1/1024
2026-09-21 05:15:03 UTC completed_step=2192 elapsed_seconds=111.195 learning_rate=0.000596346
2026-09-21 05:15:03 UTC completed_step=2208 elapsed_seconds=111.841 learning_rate=0.00059629
2026-09-21 05:15:04 UTC completed_step=2224 elapsed_seconds=112.488 learning_rate=0.000596233
2026-09-21 05:15:05 UTC completed_step=2240 elapsed_seconds=113.134 learning_rate=0.000596176
2026-09-21 05:15:05 UTC completed_step=2256 elapsed_seconds=113.781 learning_rate=0.000596119
2026-09-21 05:15:06 UTC completed_step=2272 elapsed_seconds=114.427 learning_rate=0.000596061
2026-09-21 05:15:07 UTC completed_step=2288 elapsed_seconds=115.073 learning_rate=0.000596003
2026-09-21 05:15:07 UTC completed_step=2304 elapsed_seconds=115.72 learning_rate=0.000595945
2026-09-21 05:15:08 UTC step=2304 elapsed_seconds=116.966 mean_loss=3.84648 errors=6089/10002 exact_sentences=1/1024
2026-09-21 05:15:09 UTC completed_step=2320 elapsed_seconds=117.617 learning_rate=0.000595886
2026-09-21 05:15:10 UTC completed_step=2336 elapsed_seconds=118.263 learning_rate=0.000595826
2026-09-21 05:15:10 UTC completed_step=2352 elapsed_seconds=118.909 learning_rate=0.000595767
2026-09-21 05:15:11 UTC completed_step=2368 elapsed_seconds=119.556 learning_rate=0.000595706
2026-09-21 05:15:12 UTC completed_step=2384 elapsed_seconds=120.202 learning_rate=0.000595646
2026-09-21 05:15:12 UTC completed_step=2400 elapsed_seconds=120.847 learning_rate=0.000595585
2026-09-21 05:15:13 UTC completed_step=2416 elapsed_seconds=121.493 learning_rate=0.000595523
2026-09-21 05:15:14 UTC completed_step=2432 elapsed_seconds=122.138 learning_rate=0.000595461
2026-09-21 05:15:15 UTC step=2432 elapsed_seconds=123.386 mean_loss=3.73631 errors=6030/10002 exact_sentences=1/1024
2026-09-21 05:15:15 UTC completed_step=2448 elapsed_seconds=124.035 learning_rate=0.000595399
2026-09-21 05:15:16 UTC completed_step=2464 elapsed_seconds=124.678 learning_rate=0.000595336
2026-09-21 05:15:17 UTC completed_step=2480 elapsed_seconds=125.321 learning_rate=0.000595273
2026-09-21 05:15:17 UTC completed_step=2496 elapsed_seconds=125.964 learning_rate=0.00059521
2026-09-21 05:15:18 UTC completed_step=2512 elapsed_seconds=126.608 learning_rate=0.000595146
2026-09-21 05:15:19 UTC completed_step=2528 elapsed_seconds=127.252 learning_rate=0.000595081
2026-09-21 05:15:19 UTC completed_step=2544 elapsed_seconds=127.896 learning_rate=0.000595016
2026-09-21 05:15:20 UTC completed_step=2560 elapsed_seconds=128.54 learning_rate=0.000594951
2026-09-21 05:15:21 UTC step=2560 elapsed_seconds=129.786 mean_loss=3.62644 errors=5911/10002 exact_sentences=1/1024
2026-09-21 05:15:22 UTC completed_step=2576 elapsed_seconds=130.437 learning_rate=0.000594885
2026-09-21 05:15:23 UTC completed_step=2592 elapsed_seconds=131.081 learning_rate=0.000594819
2026-09-21 05:15:23 UTC completed_step=2608 elapsed_seconds=131.724 learning_rate=0.000594753
2026-09-21 05:15:24 UTC completed_step=2624 elapsed_seconds=132.368 learning_rate=0.000594686
2026-09-21 05:15:24 UTC completed_step=2640 elapsed_seconds=133.012 learning_rate=0.000594618
2026-09-21 05:15:25 UTC completed_step=2656 elapsed_seconds=133.656 learning_rate=0.000594551
2026-09-21 05:15:26 UTC completed_step=2672 elapsed_seconds=134.3 learning_rate=0.000594482
2026-09-21 05:15:26 UTC completed_step=2688 elapsed_seconds=134.944 learning_rate=0.000594414
2026-09-21 05:15:28 UTC step=2688 elapsed_seconds=136.191 mean_loss=3.52291 errors=5811/10002 exact_sentences=1/1024
2026-09-21 05:15:28 UTC completed_step=2704 elapsed_seconds=136.841 learning_rate=0.000594345
2026-09-21 05:15:29 UTC completed_step=2720 elapsed_seconds=137.485 learning_rate=0.000594275
2026-09-21 05:15:30 UTC completed_step=2736 elapsed_seconds=138.129 learning_rate=0.000594205
2026-09-21 05:15:30 UTC completed_step=2752 elapsed_seconds=138.774 learning_rate=0.000594135
2026-09-21 05:15:31 UTC completed_step=2768 elapsed_seconds=139.419 learning_rate=0.000594064
2026-09-21 05:15:32 UTC completed_step=2784 elapsed_seconds=140.064 learning_rate=0.000593993
2026-09-21 05:15:32 UTC completed_step=2800 elapsed_seconds=140.708 learning_rate=0.000593922
2026-09-21 05:15:33 UTC completed_step=2816 elapsed_seconds=141.352 learning_rate=0.00059385
2026-09-21 05:15:34 UTC step=2816 elapsed_seconds=142.596 mean_loss=3.42783 errors=5725/10002 exact_sentences=2/1024
2026-09-21 05:15:35 UTC completed_step=2832 elapsed_seconds=143.246 learning_rate=0.000593777
2026-09-21 05:15:35 UTC completed_step=2848 elapsed_seconds=143.889 learning_rate=0.000593705
2026-09-21 05:15:36 UTC completed_step=2864 elapsed_seconds=144.535 learning_rate=0.000593631
2026-09-21 05:15:37 UTC completed_step=2880 elapsed_seconds=145.18 learning_rate=0.000593558
2026-09-21 05:15:37 UTC completed_step=2896 elapsed_seconds=145.825 learning_rate=0.000593484
2026-09-21 05:15:38 UTC completed_step=2912 elapsed_seconds=146.469 learning_rate=0.000593409
2026-09-21 05:15:39 UTC completed_step=2928 elapsed_seconds=147.114 learning_rate=0.000593334
2026-09-21 05:15:39 UTC completed_step=2944 elapsed_seconds=147.758 learning_rate=0.000593259
2026-09-21 05:15:40 UTC step=2944 elapsed_seconds=148.994 mean_loss=3.32014 errors=5507/10002 exact_sentences=2/1024
2026-09-21 05:15:41 UTC completed_step=2960 elapsed_seconds=149.643 learning_rate=0.000593183
2026-09-21 05:15:42 UTC completed_step=2976 elapsed_seconds=150.289 learning_rate=0.000593107
2026-09-21 05:15:42 UTC completed_step=2992 elapsed_seconds=150.935 learning_rate=0.00059303
2026-09-21 05:15:43 UTC completed_step=3008 elapsed_seconds=151.579 learning_rate=0.000592953
2026-09-21 05:15:44 UTC completed_step=3024 elapsed_seconds=152.224 learning_rate=0.000592876
2026-09-21 05:15:44 UTC completed_step=3040 elapsed_seconds=152.869 learning_rate=0.000592798
2026-09-21 05:15:45 UTC completed_step=3056 elapsed_seconds=153.515 learning_rate=0.00059272
2026-09-21 05:15:46 UTC completed_step=3072 elapsed_seconds=154.161 learning_rate=0.000592641
2026-09-21 05:15:47 UTC step=3072 elapsed_seconds=155.41 mean_loss=3.23232 errors=5427/10002 exact_sentences=2/1024
2026-09-21 05:15:48 UTC completed_step=3088 elapsed_seconds=156.061 learning_rate=0.000592562
2026-09-21 05:15:48 UTC completed_step=3104 elapsed_seconds=156.706 learning_rate=0.000592483
2026-09-21 05:15:49 UTC completed_step=3120 elapsed_seconds=157.351 learning_rate=0.000592403
2026-09-21 05:15:49 UTC completed_step=3136 elapsed_seconds=157.997 learning_rate=0.000592322
2026-09-21 05:15:50 UTC completed_step=3152 elapsed_seconds=158.642 learning_rate=0.000592242
2026-09-21 05:15:51 UTC completed_step=3168 elapsed_seconds=159.288 learning_rate=0.000592161
2026-09-21 05:15:51 UTC completed_step=3184 elapsed_seconds=159.932 learning_rate=0.000592079
2026-09-21 05:15:52 UTC completed_step=3200 elapsed_seconds=160.577 learning_rate=0.000591997
2026-09-21 05:15:53 UTC step=3200 elapsed_seconds=161.815 mean_loss=3.13619 errors=5181/10002 exact_sentences=2/1024
2026-09-21 05:15:54 UTC completed_step=3216 elapsed_seconds=162.465 learning_rate=0.000591915
2026-09-21 05:15:55 UTC completed_step=3232 elapsed_seconds=163.109 learning_rate=0.000591832
2026-09-21 05:15:55 UTC completed_step=3248 elapsed_seconds=163.754 learning_rate=0.000591749
2026-09-21 05:15:56 UTC completed_step=3264 elapsed_seconds=164.398 learning_rate=0.000591665
2026-09-21 05:15:56 UTC completed_step=3280 elapsed_seconds=165.042 learning_rate=0.000591581
2026-09-21 05:15:57 UTC completed_step=3296 elapsed_seconds=165.685 learning_rate=0.000591496
2026-09-21 05:15:58 UTC completed_step=3312 elapsed_seconds=166.329 learning_rate=0.000591411
2026-09-21 05:15:58 UTC completed_step=3328 elapsed_seconds=166.973 learning_rate=0.000591326
2026-09-21 05:16:00 UTC step=3328 elapsed_seconds=168.207 mean_loss=3.05099 errors=5278/10002 exact_sentences=2/1024
2026-09-21 05:16:00 UTC completed_step=3344 elapsed_seconds=168.856 learning_rate=0.00059124
2026-09-21 05:16:01 UTC completed_step=3360 elapsed_seconds=169.5 learning_rate=0.000591154
2026-09-21 05:16:02 UTC completed_step=3376 elapsed_seconds=170.144 learning_rate=0.000591068
2026-09-21 05:16:02 UTC completed_step=3392 elapsed_seconds=170.787 learning_rate=0.000590981
2026-09-21 05:16:03 UTC completed_step=3408 elapsed_seconds=171.431 learning_rate=0.000590893
2026-09-21 05:16:04 UTC completed_step=3424 elapsed_seconds=172.075 learning_rate=0.000590805
2026-09-21 05:16:04 UTC completed_step=3440 elapsed_seconds=172.72 learning_rate=0.000590717
2026-09-21 05:16:05 UTC completed_step=3456 elapsed_seconds=173.363 learning_rate=0.000590629
2026-09-21 05:16:06 UTC step=3456 elapsed_seconds=174.608 mean_loss=2.95098 errors=4967/10002 exact_sentences=2/1024
2026-09-21 05:16:07 UTC completed_step=3472 elapsed_seconds=175.257 learning_rate=0.00059054
2026-09-21 05:16:07 UTC completed_step=3488 elapsed_seconds=175.9 learning_rate=0.00059045
2026-09-21 05:16:08 UTC completed_step=3504 elapsed_seconds=176.545 learning_rate=0.00059036
2026-09-21 05:16:09 UTC completed_step=3520 elapsed_seconds=177.192 learning_rate=0.00059027
2026-09-21 05:16:09 UTC completed_step=3536 elapsed_seconds=177.836 learning_rate=0.000590179
2026-09-21 05:16:10 UTC completed_step=3552 elapsed_seconds=178.481 learning_rate=0.000590088
2026-09-21 05:16:11 UTC completed_step=3568 elapsed_seconds=179.126 learning_rate=0.000589997
2026-09-21 05:16:11 UTC completed_step=3584 elapsed_seconds=179.771 learning_rate=0.000589905
2026-09-21 05:16:12 UTC step=3584 elapsed_seconds=181.012 mean_loss=2.86745 errors=4846/10002 exact_sentences=2/1024
2026-09-21 05:16:13 UTC completed_step=3600 elapsed_seconds=181.664 learning_rate=0.000589812
2026-09-21 05:16:14 UTC completed_step=3616 elapsed_seconds=182.308 learning_rate=0.00058972
2026-09-21 05:16:14 UTC completed_step=3632 elapsed_seconds=182.953 learning_rate=0.000589626
2026-09-21 05:16:15 UTC completed_step=3648 elapsed_seconds=183.598 learning_rate=0.000589533
2026-09-21 05:16:16 UTC completed_step=3664 elapsed_seconds=184.243 learning_rate=0.000589439
2026-09-21 05:16:16 UTC completed_step=3680 elapsed_seconds=184.888 learning_rate=0.000589344
2026-09-21 05:16:17 UTC completed_step=3696 elapsed_seconds=185.534 learning_rate=0.00058925
2026-09-21 05:16:18 UTC completed_step=3712 elapsed_seconds=186.178 learning_rate=0.000589154
2026-09-21 05:16:19 UTC step=3712 elapsed_seconds=187.422 mean_loss=2.78253 errors=4649/10002 exact_sentences=5/1024
2026-09-21 05:16:20 UTC completed_step=3728 elapsed_seconds=188.072 learning_rate=0.000589059
2026-09-21 05:16:20 UTC completed_step=3744 elapsed_seconds=188.717 learning_rate=0.000588963
2026-09-21 05:16:21 UTC completed_step=3760 elapsed_seconds=189.363 learning_rate=0.000588866
2026-09-21 05:16:21 UTC completed_step=3776 elapsed_seconds=190.008 learning_rate=0.000588769
2026-09-21 05:16:22 UTC completed_step=3792 elapsed_seconds=190.654 learning_rate=0.000588672
2026-09-21 05:16:23 UTC completed_step=3808 elapsed_seconds=191.299 learning_rate=0.000588574
2026-09-21 05:16:23 UTC completed_step=3824 elapsed_seconds=191.944 learning_rate=0.000588476
2026-09-21 05:16:24 UTC completed_step=3840 elapsed_seconds=192.589 learning_rate=0.000588378
2026-09-21 05:16:25 UTC step=3840 elapsed_seconds=193.829 mean_loss=2.70399 errors=4632/10002 exact_sentences=3/1024
2026-09-21 05:16:26 UTC completed_step=3856 elapsed_seconds=194.48 learning_rate=0.000588279
2026-09-21 05:16:27 UTC completed_step=3872 elapsed_seconds=195.126 learning_rate=0.00058818
2026-09-21 05:16:27 UTC completed_step=3888 elapsed_seconds=195.772 learning_rate=0.00058808
2026-09-21 05:16:28 UTC completed_step=3904 elapsed_seconds=196.418 learning_rate=0.00058798
2026-09-21 05:16:29 UTC completed_step=3920 elapsed_seconds=197.063 learning_rate=0.000587879
2026-09-21 05:16:29 UTC completed_step=3936 elapsed_seconds=197.709 learning_rate=0.000587778
2026-09-21 05:16:30 UTC completed_step=3952 elapsed_seconds=198.354 learning_rate=0.000587677
2026-09-21 05:16:30 UTC completed_step=3968 elapsed_seconds=199 learning_rate=0.000587575
2026-09-21 05:16:32 UTC step=3968 elapsed_seconds=200.242 mean_loss=2.62291 errors=4392/10002 exact_sentences=4/1024
2026-09-21 05:16:32 UTC completed_step=3984 elapsed_seconds=200.892 learning_rate=0.000587473
2026-09-21 05:16:33 UTC completed_step=4000 elapsed_seconds=201.538 learning_rate=0.00058737
2026-09-21 05:16:34 UTC completed_step=4016 elapsed_seconds=202.184 learning_rate=0.000587267
2026-09-21 05:16:34 UTC completed_step=4032 elapsed_seconds=202.829 learning_rate=0.000587164
2026-09-21 05:16:35 UTC completed_step=4048 elapsed_seconds=203.474 learning_rate=0.00058706
2026-09-21 05:16:36 UTC completed_step=4064 elapsed_seconds=204.117 learning_rate=0.000586956
2026-09-21 05:16:36 UTC completed_step=4080 elapsed_seconds=204.761 learning_rate=0.000586851
2026-09-21 05:16:37 UTC completed_step=4096 elapsed_seconds=205.404 learning_rate=0.000586746
2026-09-21 05:16:38 UTC step=4096 elapsed_seconds=206.647 mean_loss=2.55255 errors=4359/10002 exact_sentences=7/1024
2026-09-21 05:16:39 UTC completed_step=4112 elapsed_seconds=207.297 learning_rate=0.00058664
2026-09-21 05:16:39 UTC completed_step=4128 elapsed_seconds=207.94 learning_rate=0.000586535
2026-09-21 05:16:40 UTC completed_step=4144 elapsed_seconds=208.585 learning_rate=0.000586428
2026-09-21 05:16:41 UTC completed_step=4160 elapsed_seconds=209.229 learning_rate=0.000586322
2026-09-21 05:16:41 UTC completed_step=4176 elapsed_seconds=209.873 learning_rate=0.000586214
2026-09-21 05:16:42 UTC completed_step=4192 elapsed_seconds=210.517 learning_rate=0.000586107
2026-09-21 05:16:43 UTC completed_step=4208 elapsed_seconds=211.161 learning_rate=0.000585999
2026-09-21 05:16:43 UTC completed_step=4224 elapsed_seconds=211.805 learning_rate=0.000585891
2026-09-21 05:16:44 UTC step=4224 elapsed_seconds=213.043 mean_loss=2.47904 errors=4210/10002 exact_sentences=7/1024
2026-09-21 05:16:45 UTC completed_step=4240 elapsed_seconds=213.692 learning_rate=0.000585782
2026-09-21 05:16:46 UTC completed_step=4256 elapsed_seconds=214.336 learning_rate=0.000585673
2026-09-21 05:16:46 UTC completed_step=4272 elapsed_seconds=214.98 learning_rate=0.000585563
2026-09-21 05:16:47 UTC completed_step=4288 elapsed_seconds=215.623 learning_rate=0.000585453
2026-09-21 05:16:48 UTC completed_step=4304 elapsed_seconds=216.267 learning_rate=0.000585343
2026-09-21 05:16:48 UTC completed_step=4320 elapsed_seconds=216.912 learning_rate=0.000585232
2026-09-21 05:16:49 UTC completed_step=4336 elapsed_seconds=217.555 learning_rate=0.000585121
2026-09-21 05:16:50 UTC completed_step=4352 elapsed_seconds=218.197 learning_rate=0.00058501
2026-09-21 05:16:51 UTC step=4352 elapsed_seconds=219.43 mean_loss=2.40581 errors=4092/10002 exact_sentences=8/1024
2026-09-21 05:16:52 UTC completed_step=4368 elapsed_seconds=220.078 learning_rate=0.000584898
2026-09-21 05:16:52 UTC completed_step=4384 elapsed_seconds=220.721 learning_rate=0.000584785
2026-09-21 05:16:53 UTC completed_step=4400 elapsed_seconds=221.364 learning_rate=0.000584672
2026-09-21 05:16:53 UTC completed_step=4416 elapsed_seconds=222.007 learning_rate=0.000584559
2026-09-21 05:16:54 UTC completed_step=4432 elapsed_seconds=222.65 learning_rate=0.000584446
2026-09-21 05:16:55 UTC completed_step=4448 elapsed_seconds=223.293 learning_rate=0.000584332
2026-09-21 05:16:55 UTC completed_step=4464 elapsed_seconds=223.936 learning_rate=0.000584217
2026-09-21 05:16:56 UTC completed_step=4480 elapsed_seconds=224.58 learning_rate=0.000584103
2026-09-21 05:16:57 UTC step=4480 elapsed_seconds=225.818 mean_loss=2.33965 errors=4056/10002 exact_sentences=8/1024
2026-09-21 05:16:58 UTC completed_step=4496 elapsed_seconds=226.467 learning_rate=0.000583987
2026-09-21 05:16:59 UTC completed_step=4512 elapsed_seconds=227.11 learning_rate=0.000583872
2026-09-21 05:16:59 UTC completed_step=4528 elapsed_seconds=227.753 learning_rate=0.000583756
2026-09-21 05:17:00 UTC completed_step=4544 elapsed_seconds=228.398 learning_rate=0.000583639
2026-09-21 05:17:00 UTC completed_step=4560 elapsed_seconds=229.042 learning_rate=0.000583523
2026-09-21 05:17:01 UTC completed_step=4576 elapsed_seconds=229.687 learning_rate=0.000583405
2026-09-21 05:17:02 UTC completed_step=4592 elapsed_seconds=230.332 learning_rate=0.000583288
2026-09-21 05:17:02 UTC completed_step=4608 elapsed_seconds=230.978 learning_rate=0.00058317
2026-09-21 05:17:04 UTC step=4608 elapsed_seconds=232.216 mean_loss=2.2748 errors=3898/10002 exact_sentences=10/1024
2026-09-21 05:17:04 UTC completed_step=4624 elapsed_seconds=232.867 learning_rate=0.000583051
2026-09-21 05:17:05 UTC completed_step=4640 elapsed_seconds=233.512 learning_rate=0.000582932
2026-09-21 05:17:06 UTC completed_step=4656 elapsed_seconds=234.158 learning_rate=0.000582813
2026-09-21 05:17:06 UTC completed_step=4672 elapsed_seconds=234.804 learning_rate=0.000582694
2026-09-21 05:17:07 UTC completed_step=4688 elapsed_seconds=235.448 learning_rate=0.000582574
2026-09-21 05:17:08 UTC completed_step=4704 elapsed_seconds=236.092 learning_rate=0.000582453
2026-09-21 05:17:08 UTC completed_step=4720 elapsed_seconds=236.738 learning_rate=0.000582332
2026-09-21 05:17:09 UTC completed_step=4736 elapsed_seconds=237.383 learning_rate=0.000582211
2026-09-21 05:17:10 UTC step=4736 elapsed_seconds=238.618 mean_loss=2.21923 errors=3856/10002 exact_sentences=9/1024
2026-09-21 05:17:11 UTC completed_step=4752 elapsed_seconds=239.266 learning_rate=0.00058209
2026-09-21 05:17:11 UTC completed_step=4768 elapsed_seconds=239.912 learning_rate=0.000581968
2026-09-21 05:17:12 UTC completed_step=4784 elapsed_seconds=240.557 learning_rate=0.000581845
2026-09-21 05:17:13 UTC completed_step=4800 elapsed_seconds=241.201 learning_rate=0.000581722
2026-09-21 05:17:13 UTC completed_step=4816 elapsed_seconds=241.846 learning_rate=0.000581599
2026-09-21 05:17:14 UTC completed_step=4832 elapsed_seconds=242.491 learning_rate=0.000581475
2026-09-21 05:17:15 UTC completed_step=4848 elapsed_seconds=243.135 learning_rate=0.000581351
2026-09-21 05:17:15 UTC completed_step=4864 elapsed_seconds=243.778 learning_rate=0.000581227
2026-09-21 05:17:16 UTC step=4864 elapsed_seconds=245.027 mean_loss=2.14892 errors=3706/10002 exact_sentences=10/1024
2026-09-21 05:17:17 UTC completed_step=4880 elapsed_seconds=245.676 learning_rate=0.000581102
2026-09-21 05:17:18 UTC completed_step=4896 elapsed_seconds=246.32 learning_rate=0.000580977
2026-09-21 05:17:18 UTC completed_step=4912 elapsed_seconds=246.964 learning_rate=0.000580851
2026-09-21 05:17:19 UTC completed_step=4928 elapsed_seconds=247.607 learning_rate=0.000580725
2026-09-21 05:17:20 UTC completed_step=4944 elapsed_seconds=248.252 learning_rate=0.000580599
2026-09-21 05:17:20 UTC completed_step=4960 elapsed_seconds=248.896 learning_rate=0.000580472
2026-09-21 05:17:21 UTC completed_step=4976 elapsed_seconds=249.54 learning_rate=0.000580345
2026-09-21 05:17:22 UTC completed_step=4992 elapsed_seconds=250.184 learning_rate=0.000580217
2026-09-21 05:17:23 UTC step=4992 elapsed_seconds=251.424 mean_loss=2.08927 errors=3624/10002 exact_sentences=12/1024
2026-09-21 05:17:24 UTC completed_step=5008 elapsed_seconds=252.072 learning_rate=0.000580089
2026-09-21 05:17:24 UTC completed_step=5024 elapsed_seconds=252.716 learning_rate=0.000579961
2026-09-21 05:17:25 UTC completed_step=5040 elapsed_seconds=253.36 learning_rate=0.000579832
2026-09-21 05:17:25 UTC completed_step=5056 elapsed_seconds=254.003 learning_rate=0.000579703
2026-09-21 05:17:26 UTC completed_step=5072 elapsed_seconds=254.647 learning_rate=0.000579573
2026-09-21 05:17:27 UTC completed_step=5088 elapsed_seconds=255.292 learning_rate=0.000579443
2026-09-21 05:17:27 UTC completed_step=5104 elapsed_seconds=255.936 learning_rate=0.000579313
2026-09-21 05:17:28 UTC completed_step=5120 elapsed_seconds=256.581 learning_rate=0.000579182
2026-09-21 05:17:29 UTC step=5120 elapsed_seconds=257.833 mean_loss=2.03983 errors=3562/10002 exact_sentences=9/1024
2026-09-21 05:17:30 UTC completed_step=5136 elapsed_seconds=258.485 learning_rate=0.000579051
2026-09-21 05:17:31 UTC completed_step=5152 elapsed_seconds=259.129 learning_rate=0.00057892
2026-09-21 05:17:31 UTC completed_step=5168 elapsed_seconds=259.773 learning_rate=0.000578788
2026-09-21 05:17:32 UTC completed_step=5184 elapsed_seconds=260.416 learning_rate=0.000578655
2026-09-21 05:17:33 UTC completed_step=5200 elapsed_seconds=261.06 learning_rate=0.000578522
2026-09-21 05:17:33 UTC completed_step=5216 elapsed_seconds=261.703 learning_rate=0.000578389
2026-09-21 05:17:34 UTC completed_step=5232 elapsed_seconds=262.348 learning_rate=0.000578256
2026-09-21 05:17:34 UTC completed_step=5248 elapsed_seconds=262.991 learning_rate=0.000578122
2026-09-21 05:17:36 UTC step=5248 elapsed_seconds=264.229 mean_loss=1.98662 errors=3440/10002 exact_sentences=17/1024
2026-09-21 05:17:36 UTC completed_step=5264 elapsed_seconds=264.879 learning_rate=0.000577988
2026-09-21 05:17:37 UTC completed_step=5280 elapsed_seconds=265.523 learning_rate=0.000577853
2026-09-21 05:17:38 UTC completed_step=5296 elapsed_seconds=266.167 learning_rate=0.000577718
2026-09-21 05:17:38 UTC completed_step=5312 elapsed_seconds=266.811 learning_rate=0.000577582
2026-09-21 05:17:39 UTC completed_step=5328 elapsed_seconds=267.455 learning_rate=0.000577446
2026-09-21 05:17:40 UTC completed_step=5344 elapsed_seconds=268.1 learning_rate=0.00057731
2026-09-21 05:17:40 UTC completed_step=5360 elapsed_seconds=268.743 learning_rate=0.000577173
2026-09-21 05:17:41 UTC completed_step=5376 elapsed_seconds=269.387 learning_rate=0.000577036
2026-09-21 05:17:42 UTC step=5376 elapsed_seconds=270.619 mean_loss=1.92689 errors=3343/10002 exact_sentences=20/1024
2026-09-21 05:17:43 UTC completed_step=5392 elapsed_seconds=271.27 learning_rate=0.000576899
2026-09-21 05:17:43 UTC completed_step=5408 elapsed_seconds=271.916 learning_rate=0.000576761
2026-09-21 05:17:44 UTC completed_step=5424 elapsed_seconds=272.561 learning_rate=0.000576623
2026-09-21 05:17:45 UTC completed_step=5440 elapsed_seconds=273.206 learning_rate=0.000576484
2026-09-21 05:17:45 UTC completed_step=5456 elapsed_seconds=273.85 learning_rate=0.000576345
2026-09-21 05:17:46 UTC completed_step=5472 elapsed_seconds=274.494 learning_rate=0.000576206
2026-09-21 05:17:47 UTC completed_step=5488 elapsed_seconds=275.139 learning_rate=0.000576066
2026-09-21 05:17:47 UTC completed_step=5504 elapsed_seconds=275.783 learning_rate=0.000575926
2026-09-21 05:17:48 UTC step=5504 elapsed_seconds=277.036 mean_loss=1.87645 errors=3272/10002 exact_sentences=19/1024
2026-09-21 05:17:49 UTC completed_step=5520 elapsed_seconds=277.686 learning_rate=0.000575785
2026-09-21 05:17:50 UTC completed_step=5536 elapsed_seconds=278.331 learning_rate=0.000575644
2026-09-21 05:17:50 UTC completed_step=5552 elapsed_seconds=278.975 learning_rate=0.000575503
2026-09-21 05:17:51 UTC completed_step=5568 elapsed_seconds=279.62 learning_rate=0.000575361
2026-09-21 05:17:52 UTC completed_step=5584 elapsed_seconds=280.265 learning_rate=0.000575219
2026-09-21 05:17:52 UTC completed_step=5600 elapsed_seconds=280.909 learning_rate=0.000575076
2026-09-21 05:17:53 UTC completed_step=5616 elapsed_seconds=281.554 learning_rate=0.000574933
2026-09-21 05:17:54 UTC completed_step=5632 elapsed_seconds=282.2 learning_rate=0.00057479
2026-09-21 05:17:55 UTC step=5632 elapsed_seconds=283.444 mean_loss=1.82464 errors=3196/10002 exact_sentences=24/1024
2026-09-21 05:17:56 UTC completed_step=5648 elapsed_seconds=284.095 learning_rate=0.000574646
2026-09-21 05:17:56 UTC completed_step=5664 elapsed_seconds=284.742 learning_rate=0.000574502
2026-09-21 05:17:57 UTC completed_step=5680 elapsed_seconds=285.388 learning_rate=0.000574358
2026-09-21 05:17:57 UTC completed_step=5696 elapsed_seconds=286.035 learning_rate=0.000574213
2026-09-21 05:17:58 UTC completed_step=5712 elapsed_seconds=286.683 learning_rate=0.000574067
2026-09-21 05:17:59 UTC completed_step=5728 elapsed_seconds=287.329 learning_rate=0.000573922
2026-09-21 05:17:59 UTC completed_step=5744 elapsed_seconds=287.975 learning_rate=0.000573776
2026-09-21 05:18:00 UTC completed_step=5760 elapsed_seconds=288.622 learning_rate=0.000573629
2026-09-21 05:18:01 UTC step=5760 elapsed_seconds=289.864 mean_loss=1.77453 errors=3142/10002 exact_sentences=23/1024
2026-09-21 05:18:02 UTC completed_step=5776 elapsed_seconds=290.515 learning_rate=0.000573483
2026-09-21 05:18:03 UTC completed_step=5792 elapsed_seconds=291.163 learning_rate=0.000573335
2026-09-21 05:18:03 UTC completed_step=5808 elapsed_seconds=291.809 learning_rate=0.000573188
2026-09-21 05:18:04 UTC completed_step=5824 elapsed_seconds=292.456 learning_rate=0.00057304
2026-09-21 05:18:05 UTC completed_step=5840 elapsed_seconds=293.103 learning_rate=0.000572891
2026-09-21 05:18:05 UTC completed_step=5856 elapsed_seconds=293.751 learning_rate=0.000572743
2026-09-21 05:18:06 UTC completed_step=5872 elapsed_seconds=294.399 learning_rate=0.000572594
2026-09-21 05:18:06 UTC completed_step=5888 elapsed_seconds=295.046 learning_rate=0.000572444
2026-09-21 05:18:08 UTC step=5888 elapsed_seconds=296.282 mean_loss=1.73901 errors=3033/10002 exact_sentences=29/1024
2026-09-21 05:18:08 UTC completed_step=5904 elapsed_seconds=296.934 learning_rate=0.000572294
2026-09-21 05:18:09 UTC completed_step=5920 elapsed_seconds=297.58 learning_rate=0.000572144
2026-09-21 05:18:10 UTC completed_step=5936 elapsed_seconds=298.227 learning_rate=0.000571993
2026-09-21 05:18:10 UTC completed_step=5952 elapsed_seconds=298.873 learning_rate=0.000571842
2026-09-21 05:18:11 UTC completed_step=5968 elapsed_seconds=299.518 learning_rate=0.000571691
2026-09-21 05:18:12 UTC completed_step=5984 elapsed_seconds=300.163 learning_rate=0.000571539
2026-09-21 05:18:12 UTC completed_step=6000 elapsed_seconds=300.808 learning_rate=0.000571387
2026-09-21 05:18:13 UTC completed_step=6016 elapsed_seconds=301.454 learning_rate=0.000571234
2026-09-21 05:18:14 UTC step=6016 elapsed_seconds=302.691 mean_loss=1.69263 errors=2967/10002 exact_sentences=31/1024
2026-09-21 05:18:15 UTC completed_step=6032 elapsed_seconds=303.342 learning_rate=0.000571081
2026-09-21 05:18:15 UTC completed_step=6048 elapsed_seconds=303.988 learning_rate=0.000570928
2026-09-21 05:18:16 UTC completed_step=6064 elapsed_seconds=304.634 learning_rate=0.000570774
2026-09-21 05:18:17 UTC completed_step=6080 elapsed_seconds=305.28 learning_rate=0.00057062
2026-09-21 05:18:17 UTC completed_step=6096 elapsed_seconds=305.925 learning_rate=0.000570466
2026-09-21 05:18:18 UTC completed_step=6112 elapsed_seconds=306.57 learning_rate=0.000570311
2026-09-21 05:18:19 UTC completed_step=6128 elapsed_seconds=307.216 learning_rate=0.000570155
2026-09-21 05:18:19 UTC completed_step=6144 elapsed_seconds=307.861 learning_rate=0.00057
2026-09-21 05:18:21 UTC step=6144 elapsed_seconds=309.097 mean_loss=1.64627 errors=2940/10002 exact_sentences=30/1024
2026-09-21 05:18:21 UTC completed_step=6160 elapsed_seconds=309.748 learning_rate=0.000569844
2026-09-21 05:18:22 UTC completed_step=6176 elapsed_seconds=310.393 learning_rate=0.000569687
2026-09-21 05:18:22 UTC completed_step=6192 elapsed_seconds=311.039 learning_rate=0.000569531
2026-09-21 05:18:23 UTC completed_step=6208 elapsed_seconds=311.685 learning_rate=0.000569373
2026-09-21 05:18:24 UTC completed_step=6224 elapsed_seconds=312.329 learning_rate=0.000569216
2026-09-21 05:18:24 UTC completed_step=6240 elapsed_seconds=312.974 learning_rate=0.000569058
2026-09-21 05:18:25 UTC completed_step=6256 elapsed_seconds=313.619 learning_rate=0.0005689
2026-09-21 05:18:26 UTC completed_step=6272 elapsed_seconds=314.263 learning_rate=0.000568741
2026-09-21 05:18:27 UTC step=6272 elapsed_seconds=315.506 mean_loss=1.6014 errors=2879/10002 exact_sentences=30/1024
2026-09-21 05:18:28 UTC completed_step=6288 elapsed_seconds=316.155 learning_rate=0.000568582
2026-09-21 05:18:28 UTC completed_step=6304 elapsed_seconds=316.799 learning_rate=0.000568422
2026-09-21 05:18:29 UTC completed_step=6320 elapsed_seconds=317.443 learning_rate=0.000568263
2026-09-21 05:18:30 UTC completed_step=6336 elapsed_seconds=318.087 learning_rate=0.000568102
2026-09-21 05:18:30 UTC completed_step=6352 elapsed_seconds=318.732 learning_rate=0.000567942
2026-09-21 05:18:31 UTC completed_step=6368 elapsed_seconds=319.377 learning_rate=0.000567781
2026-09-21 05:18:31 UTC completed_step=6384 elapsed_seconds=320.021 learning_rate=0.00056762
2026-09-21 05:18:32 UTC completed_step=6400 elapsed_seconds=320.666 learning_rate=0.000567458
2026-09-21 05:18:33 UTC step=6400 elapsed_seconds=321.899 mean_loss=1.56411 errors=2829/10002 exact_sentences=34/1024
2026-09-21 05:18:34 UTC completed_step=6416 elapsed_seconds=322.549 learning_rate=0.000567296
2026-09-21 05:18:35 UTC completed_step=6432 elapsed_seconds=323.194 learning_rate=0.000567133
2026-09-21 05:18:35 UTC completed_step=6448 elapsed_seconds=323.838 learning_rate=0.000566971
2026-09-21 05:18:36 UTC completed_step=6464 elapsed_seconds=324.481 learning_rate=0.000566807
2026-09-21 05:18:37 UTC completed_step=6480 elapsed_seconds=325.127 learning_rate=0.000566644
2026-09-21 05:18:37 UTC completed_step=6496 elapsed_seconds=325.771 learning_rate=0.00056648
2026-09-21 05:18:38 UTC completed_step=6512 elapsed_seconds=326.418 learning_rate=0.000566315
2026-09-21 05:18:39 UTC completed_step=6528 elapsed_seconds=327.063 learning_rate=0.000566151
2026-09-21 05:18:40 UTC step=6528 elapsed_seconds=328.305 mean_loss=1.5188 errors=2728/10002 exact_sentences=45/1024
2026-09-21 05:18:40 UTC completed_step=6544 elapsed_seconds=328.953 learning_rate=0.000565986
2026-09-21 05:18:41 UTC completed_step=6560 elapsed_seconds=329.598 learning_rate=0.00056582
2026-09-21 05:18:42 UTC completed_step=6576 elapsed_seconds=330.243 learning_rate=0.000565654
2026-09-21 05:18:42 UTC completed_step=6592 elapsed_seconds=330.888 learning_rate=0.000565488
2026-09-21 05:18:43 UTC completed_step=6608 elapsed_seconds=331.532 learning_rate=0.000565322
2026-09-21 05:18:44 UTC completed_step=6624 elapsed_seconds=332.176 learning_rate=0.000565155
2026-09-21 05:18:44 UTC completed_step=6640 elapsed_seconds=332.822 learning_rate=0.000564987
2026-09-21 05:18:45 UTC completed_step=6656 elapsed_seconds=333.467 learning_rate=0.00056482
2026-09-21 05:18:46 UTC step=6656 elapsed_seconds=334.705 mean_loss=1.47976 errors=2675/10002 exact_sentences=49/1024
2026-09-21 05:18:47 UTC completed_step=6672 elapsed_seconds=335.356 learning_rate=0.000564652
2026-09-21 05:18:47 UTC completed_step=6688 elapsed_seconds=336.001 learning_rate=0.000564483
2026-09-21 05:18:48 UTC completed_step=6704 elapsed_seconds=336.645 learning_rate=0.000564314
2026-09-21 05:18:49 UTC completed_step=6720 elapsed_seconds=337.29 learning_rate=0.000564145
2026-09-21 05:18:49 UTC completed_step=6736 elapsed_seconds=337.935 learning_rate=0.000563976
2026-09-21 05:18:50 UTC completed_step=6752 elapsed_seconds=338.579 learning_rate=0.000563806
2026-09-21 05:18:51 UTC completed_step=6768 elapsed_seconds=339.223 learning_rate=0.000563635
2026-09-21 05:18:51 UTC completed_step=6784 elapsed_seconds=339.866 learning_rate=0.000563465
2026-09-21 05:18:53 UTC step=6784 elapsed_seconds=341.105 mean_loss=1.43973 errors=2597/10002 exact_sentences=56/1024
2026-09-21 05:18:53 UTC completed_step=6800 elapsed_seconds=341.753 learning_rate=0.000563294
2026-09-21 05:18:54 UTC completed_step=6816 elapsed_seconds=342.397 learning_rate=0.000563122
2026-09-21 05:18:54 UTC completed_step=6832 elapsed_seconds=343.042 learning_rate=0.00056295
2026-09-21 05:18:55 UTC completed_step=6848 elapsed_seconds=343.685 learning_rate=0.000562778
2026-09-21 05:18:56 UTC completed_step=6864 elapsed_seconds=344.329 learning_rate=0.000562606
2026-09-21 05:18:56 UTC completed_step=6880 elapsed_seconds=344.973 learning_rate=0.000562433
2026-09-21 05:18:57 UTC completed_step=6896 elapsed_seconds=345.617 learning_rate=0.00056226
2026-09-21 05:18:58 UTC completed_step=6912 elapsed_seconds=346.262 learning_rate=0.000562086
2026-09-21 05:18:59 UTC step=6912 elapsed_seconds=347.495 mean_loss=1.41143 errors=2549/10002 exact_sentences=59/1024
2026-09-21 05:19:00 UTC completed_step=6928 elapsed_seconds=348.145 learning_rate=0.000561912
2026-09-21 05:19:00 UTC completed_step=6944 elapsed_seconds=348.789 learning_rate=0.000561738
2026-09-21 05:19:01 UTC completed_step=6960 elapsed_seconds=349.432 learning_rate=0.000561563
2026-09-21 05:19:02 UTC completed_step=6976 elapsed_seconds=350.077 learning_rate=0.000561388
2026-09-21 05:19:02 UTC completed_step=6992 elapsed_seconds=350.723 learning_rate=0.000561212
2026-09-21 05:19:03 UTC completed_step=7008 elapsed_seconds=351.372 learning_rate=0.000561036
2026-09-21 05:19:03 UTC completed_step=7024 elapsed_seconds=352.021 learning_rate=0.00056086
2026-09-21 05:19:04 UTC completed_step=7040 elapsed_seconds=352.669 learning_rate=0.000560684
2026-09-21 05:19:05 UTC step=7040 elapsed_seconds=353.919 mean_loss=1.36915 errors=2515/10002 exact_sentences=64/1024
2026-09-21 05:19:06 UTC completed_step=7056 elapsed_seconds=354.572 learning_rate=0.000560507
2026-09-21 05:19:07 UTC completed_step=7072 elapsed_seconds=355.22 learning_rate=0.000560329
2026-09-21 05:19:07 UTC completed_step=7088 elapsed_seconds=355.868 learning_rate=0.000560152
2026-09-21 05:19:08 UTC completed_step=7104 elapsed_seconds=356.515 learning_rate=0.000559974
2026-09-21 05:19:09 UTC completed_step=7120 elapsed_seconds=357.162 learning_rate=0.000559795
2026-09-21 05:19:09 UTC completed_step=7136 elapsed_seconds=357.811 learning_rate=0.000559617
2026-09-21 05:19:10 UTC completed_step=7152 elapsed_seconds=358.459 learning_rate=0.000559437
2026-09-21 05:19:11 UTC completed_step=7168 elapsed_seconds=359.106 learning_rate=0.000559258
2026-09-21 05:19:12 UTC step=7168 elapsed_seconds=360.336 mean_loss=1.33955 errors=2420/10002 exact_sentences=74/1024
2026-09-21 05:19:12 UTC completed_step=7184 elapsed_seconds=360.99 learning_rate=0.000559078
2026-09-21 05:19:13 UTC completed_step=7200 elapsed_seconds=361.638 learning_rate=0.000558898
2026-09-21 05:19:14 UTC completed_step=7216 elapsed_seconds=362.285 learning_rate=0.000558717
2026-09-21 05:19:14 UTC completed_step=7232 elapsed_seconds=362.933 learning_rate=0.000558536
2026-09-21 05:19:15 UTC completed_step=7248 elapsed_seconds=363.581 learning_rate=0.000558355
2026-09-21 05:19:16 UTC completed_step=7264 elapsed_seconds=364.227 learning_rate=0.000558173
2026-09-21 05:19:16 UTC completed_step=7280 elapsed_seconds=364.872 learning_rate=0.000557991
2026-09-21 05:19:17 UTC completed_step=7296 elapsed_seconds=365.516 learning_rate=0.000557809
2026-09-21 05:19:18 UTC step=7296 elapsed_seconds=366.756 mean_loss=1.30381 errors=2417/10002 exact_sentences=75/1024
2026-09-21 05:19:19 UTC completed_step=7312 elapsed_seconds=367.406 learning_rate=0.000557626
2026-09-21 05:19:19 UTC completed_step=7328 elapsed_seconds=368.049 learning_rate=0.000557443
2026-09-21 05:19:20 UTC completed_step=7344 elapsed_seconds=368.694 learning_rate=0.00055726
2026-09-21 05:19:21 UTC completed_step=7360 elapsed_seconds=369.338 learning_rate=0.000557076
2026-09-21 05:19:21 UTC completed_step=7376 elapsed_seconds=369.983 learning_rate=0.000556892
2026-09-21 05:19:22 UTC completed_step=7392 elapsed_seconds=370.627 learning_rate=0.000556707
2026-09-21 05:19:23 UTC completed_step=7408 elapsed_seconds=371.272 learning_rate=0.000556522
2026-09-21 05:19:23 UTC completed_step=7424 elapsed_seconds=371.916 learning_rate=0.000556337
2026-09-21 05:19:25 UTC step=7424 elapsed_seconds=373.159 mean_loss=1.27666 errors=2340/10002 exact_sentences=83/1024
2026-09-21 05:19:25 UTC completed_step=7440 elapsed_seconds=373.807 learning_rate=0.000556151
2026-09-21 05:19:26 UTC completed_step=7456 elapsed_seconds=374.451 learning_rate=0.000555965
2026-09-21 05:19:27 UTC completed_step=7472 elapsed_seconds=375.097 learning_rate=0.000555779
2026-09-21 05:19:27 UTC completed_step=7488 elapsed_seconds=375.74 learning_rate=0.000555592
2026-09-21 05:19:28 UTC completed_step=7504 elapsed_seconds=376.386 learning_rate=0.000555405
2026-09-21 05:19:28 UTC completed_step=7520 elapsed_seconds=377.03 learning_rate=0.000555218
2026-09-21 05:19:29 UTC completed_step=7536 elapsed_seconds=377.674 learning_rate=0.00055503
2026-09-21 05:19:30 UTC completed_step=7552 elapsed_seconds=378.318 learning_rate=0.000554842
2026-09-21 05:19:31 UTC step=7552 elapsed_seconds=379.56 mean_loss=1.23778 errors=2278/10002 exact_sentences=89/1024
2026-09-21 05:19:32 UTC completed_step=7568 elapsed_seconds=380.21 learning_rate=0.000554653
2026-09-21 05:19:32 UTC completed_step=7584 elapsed_seconds=380.854 learning_rate=0.000554464
2026-09-21 05:19:33 UTC completed_step=7600 elapsed_seconds=381.499 learning_rate=0.000554275
2026-09-21 05:19:34 UTC completed_step=7616 elapsed_seconds=382.144 learning_rate=0.000554086
2026-09-21 05:19:34 UTC completed_step=7632 elapsed_seconds=382.788 learning_rate=0.000553896
2026-09-21 05:19:35 UTC completed_step=7648 elapsed_seconds=383.432 learning_rate=0.000553705
2026-09-21 05:19:36 UTC completed_step=7664 elapsed_seconds=384.078 learning_rate=0.000553515
2026-09-21 05:19:36 UTC completed_step=7680 elapsed_seconds=384.723 learning_rate=0.000553324
2026-09-21 05:19:37 UTC step=7680 elapsed_seconds=385.955 mean_loss=1.21528 errors=2253/10002 exact_sentences=93/1024
2026-09-21 05:19:38 UTC completed_step=7696 elapsed_seconds=386.606 learning_rate=0.000553132
2026-09-21 05:19:39 UTC completed_step=7712 elapsed_seconds=387.251 learning_rate=0.000552941
2026-09-21 05:19:39 UTC completed_step=7728 elapsed_seconds=387.895 learning_rate=0.000552749
2026-09-21 05:19:40 UTC completed_step=7744 elapsed_seconds=388.54 learning_rate=0.000552556
2026-09-21 05:19:41 UTC completed_step=7760 elapsed_seconds=389.184 learning_rate=0.000552363
2026-09-21 05:19:41 UTC completed_step=7776 elapsed_seconds=389.827 learning_rate=0.00055217
2026-09-21 05:19:42 UTC completed_step=7792 elapsed_seconds=390.473 learning_rate=0.000551977
2026-09-21 05:19:43 UTC completed_step=7808 elapsed_seconds=391.121 learning_rate=0.000551783
2026-09-21 05:19:44 UTC step=7808 elapsed_seconds=392.364 mean_loss=1.17951 errors=2132/10002 exact_sentences=103/1024
2026-09-21 05:19:44 UTC completed_step=7824 elapsed_seconds=393.016 learning_rate=0.000551589
2026-09-21 05:19:45 UTC completed_step=7840 elapsed_seconds=393.662 learning_rate=0.000551394
2026-09-21 05:19:46 UTC completed_step=7856 elapsed_seconds=394.308 learning_rate=0.000551199
2026-09-21 05:19:46 UTC completed_step=7872 elapsed_seconds=394.953 learning_rate=0.000551004
2026-09-21 05:19:47 UTC completed_step=7888 elapsed_seconds=395.598 learning_rate=0.000550809
2026-09-21 05:19:48 UTC completed_step=7904 elapsed_seconds=396.243 learning_rate=0.000550613
2026-09-21 05:19:48 UTC completed_step=7920 elapsed_seconds=396.888 learning_rate=0.000550417
2026-09-21 05:19:49 UTC completed_step=7936 elapsed_seconds=397.533 learning_rate=0.00055022
2026-09-21 05:19:50 UTC step=7936 elapsed_seconds=398.764 mean_loss=1.1427 errors=2099/10002 exact_sentences=112/1024
2026-09-21 05:19:51 UTC completed_step=7952 elapsed_seconds=399.414 learning_rate=0.000550023
2026-09-21 05:19:52 UTC completed_step=7968 elapsed_seconds=400.059 learning_rate=0.000549826
2026-09-21 05:19:52 UTC completed_step=7984 elapsed_seconds=400.703 learning_rate=0.000549628
2026-09-21 05:19:53 UTC completed_step=8000 elapsed_seconds=401.348 learning_rate=0.00054943
2026-09-21 05:19:53 UTC completed_step=8016 elapsed_seconds=401.994 learning_rate=0.000549232
2026-09-21 05:19:54 UTC completed_step=8032 elapsed_seconds=402.639 learning_rate=0.000549033
2026-09-21 05:19:55 UTC completed_step=8048 elapsed_seconds=403.284 learning_rate=0.000548834
2026-09-21 05:19:55 UTC completed_step=8064 elapsed_seconds=403.929 learning_rate=0.000548634
2026-09-21 05:19:57 UTC step=8064 elapsed_seconds=405.164 mean_loss=1.11396 errors=2041/10002 exact_sentences=120/1024
2026-09-21 05:19:57 UTC completed_step=8080 elapsed_seconds=405.814 learning_rate=0.000548435
2026-09-21 05:19:58 UTC completed_step=8096 elapsed_seconds=406.459 learning_rate=0.000548235
2026-09-21 05:19:59 UTC completed_step=8112 elapsed_seconds=407.103 learning_rate=0.000548034
2026-09-21 05:19:59 UTC completed_step=8128 elapsed_seconds=407.747 learning_rate=0.000547833
2026-09-21 05:20:00 UTC completed_step=8144 elapsed_seconds=408.391 learning_rate=0.000547632
2026-09-21 05:20:00 UTC completed_step=8160 elapsed_seconds=409.036 learning_rate=0.000547431
2026-09-21 05:20:01 UTC completed_step=8176 elapsed_seconds=409.681 learning_rate=0.000547229
2026-09-21 05:20:02 UTC completed_step=8192 elapsed_seconds=410.326 learning_rate=0.000547027
2026-09-21 05:20:03 UTC step=8192 elapsed_seconds=411.574 mean_loss=1.08932 errors=1967/10002 exact_sentences=131/1024
2026-09-21 05:20:04 UTC completed_step=8208 elapsed_seconds=412.226 learning_rate=0.000546824
2026-09-21 05:20:04 UTC completed_step=8224 elapsed_seconds=412.871 learning_rate=0.000546621
2026-09-21 05:20:05 UTC completed_step=8240 elapsed_seconds=413.517 learning_rate=0.000546418
2026-09-21 05:20:06 UTC completed_step=8256 elapsed_seconds=414.161 learning_rate=0.000546214
2026-09-21 05:20:06 UTC completed_step=8272 elapsed_seconds=414.807 learning_rate=0.000546011
2026-09-21 05:20:07 UTC completed_step=8288 elapsed_seconds=415.451 learning_rate=0.000545806
2026-09-21 05:20:08 UTC completed_step=8304 elapsed_seconds=416.097 learning_rate=0.000545602
2026-09-21 05:20:08 UTC completed_step=8320 elapsed_seconds=416.742 learning_rate=0.000545397
2026-09-21 05:20:09 UTC step=8320 elapsed_seconds=417.994 mean_loss=1.0605 errors=1928/10002 exact_sentences=140/1024
2026-09-21 05:20:10 UTC completed_step=8336 elapsed_seconds=418.644 learning_rate=0.000545192
2026-09-21 05:20:11 UTC completed_step=8352 elapsed_seconds=419.291 learning_rate=0.000544986
2026-09-21 05:20:11 UTC completed_step=8368 elapsed_seconds=419.936 learning_rate=0.00054478
2026-09-21 05:20:12 UTC completed_step=8384 elapsed_seconds=420.581 learning_rate=0.000544574
2026-09-21 05:20:13 UTC completed_step=8400 elapsed_seconds=421.225 learning_rate=0.000544367
2026-09-21 05:20:13 UTC completed_step=8416 elapsed_seconds=421.87 learning_rate=0.00054416
2026-09-21 05:20:14 UTC completed_step=8432 elapsed_seconds=422.515 learning_rate=0.000543953
2026-09-21 05:20:15 UTC completed_step=8448 elapsed_seconds=423.159 learning_rate=0.000543745
2026-09-21 05:20:16 UTC step=8448 elapsed_seconds=424.393 mean_loss=1.0444 errors=1869/10002 exact_sentences=142/1024
2026-09-21 05:20:16 UTC completed_step=8464 elapsed_seconds=425.042 learning_rate=0.000543537
2026-09-21 05:20:17 UTC completed_step=8480 elapsed_seconds=425.687 learning_rate=0.000543329
2026-09-21 05:20:18 UTC completed_step=8496 elapsed_seconds=426.332 learning_rate=0.00054312
2026-09-21 05:20:18 UTC completed_step=8512 elapsed_seconds=426.976 learning_rate=0.000542911
2026-09-21 05:20:19 UTC completed_step=8528 elapsed_seconds=427.621 learning_rate=0.000542702
2026-09-21 05:20:20 UTC completed_step=8544 elapsed_seconds=428.266 learning_rate=0.000542492
2026-09-21 05:20:20 UTC completed_step=8560 elapsed_seconds=428.911 learning_rate=0.000542282
2026-09-21 05:20:21 UTC completed_step=8576 elapsed_seconds=429.556 learning_rate=0.000542072
2026-09-21 05:20:22 UTC step=8576 elapsed_seconds=430.797 mean_loss=1.00881 errors=1821/10002 exact_sentences=146/1024
2026-09-21 05:20:23 UTC completed_step=8592 elapsed_seconds=431.446 learning_rate=0.000541861
2026-09-21 05:20:24 UTC completed_step=8608 elapsed_seconds=432.09 learning_rate=0.00054165
2026-09-21 05:20:24 UTC completed_step=8624 elapsed_seconds=432.734 learning_rate=0.000541439
2026-09-21 05:20:25 UTC completed_step=8640 elapsed_seconds=433.378 learning_rate=0.000541227
2026-09-21 05:20:25 UTC completed_step=8656 elapsed_seconds=434.022 learning_rate=0.000541015
2026-09-21 05:20:26 UTC completed_step=8672 elapsed_seconds=434.666 learning_rate=0.000540803
2026-09-21 05:20:27 UTC completed_step=8688 elapsed_seconds=435.311 learning_rate=0.00054059
2026-09-21 05:20:27 UTC completed_step=8704 elapsed_seconds=435.955 learning_rate=0.000540377
2026-09-21 05:20:29 UTC step=8704 elapsed_seconds=437.192 mean_loss=0.983839 errors=1823/10002 exact_sentences=157/1024
2026-09-21 05:20:29 UTC completed_step=8720 elapsed_seconds=437.843 learning_rate=0.000540163
2026-09-21 05:20:30 UTC completed_step=8736 elapsed_seconds=438.487 learning_rate=0.00053995
2026-09-21 05:20:31 UTC completed_step=8752 elapsed_seconds=439.13 learning_rate=0.000539736
2026-09-21 05:20:31 UTC completed_step=8768 elapsed_seconds=439.774 learning_rate=0.000539521
2026-09-21 05:20:32 UTC completed_step=8784 elapsed_seconds=440.418 learning_rate=0.000539307
2026-09-21 05:20:33 UTC completed_step=8800 elapsed_seconds=441.062 learning_rate=0.000539092
2026-09-21 05:20:33 UTC completed_step=8816 elapsed_seconds=441.706 learning_rate=0.000538876
2026-09-21 05:20:34 UTC completed_step=8832 elapsed_seconds=442.35 learning_rate=0.000538661
2026-09-21 05:20:35 UTC step=8832 elapsed_seconds=443.6 mean_loss=0.961759 errors=1769/10002 exact_sentences=168/1024
2026-09-21 05:20:36 UTC completed_step=8848 elapsed_seconds=444.25 learning_rate=0.000538444
2026-09-21 05:20:36 UTC completed_step=8864 elapsed_seconds=444.894 learning_rate=0.000538228
2026-09-21 05:20:37 UTC completed_step=8880 elapsed_seconds=445.538 learning_rate=0.000538011
2026-09-21 05:20:38 UTC completed_step=8896 elapsed_seconds=446.182 learning_rate=0.000537794
2026-09-21 05:20:38 UTC completed_step=8912 elapsed_seconds=446.825 learning_rate=0.000537577
2026-09-21 05:20:39 UTC completed_step=8928 elapsed_seconds=447.469 learning_rate=0.000537359
2026-09-21 05:20:40 UTC completed_step=8944 elapsed_seconds=448.113 learning_rate=0.000537141
2026-09-21 05:20:40 UTC completed_step=8960 elapsed_seconds=448.757 learning_rate=0.000536923
2026-09-21 05:20:41 UTC step=8960 elapsed_seconds=450.029 mean_loss=0.938727 errors=1725/10002 exact_sentences=174/1024
2026-09-21 05:20:42 UTC completed_step=8976 elapsed_seconds=450.677 learning_rate=0.000536704
2026-09-21 05:20:43 UTC completed_step=8992 elapsed_seconds=451.321 learning_rate=0.000536485
2026-09-21 05:20:43 UTC completed_step=9008 elapsed_seconds=451.965 learning_rate=0.000536266
2026-09-21 05:20:44 UTC completed_step=9024 elapsed_seconds=452.608 learning_rate=0.000536046
2026-09-21 05:20:45 UTC completed_step=9040 elapsed_seconds=453.251 learning_rate=0.000535826
2026-09-21 05:20:45 UTC completed_step=9056 elapsed_seconds=453.896 learning_rate=0.000535606
2026-09-21 05:20:46 UTC completed_step=9072 elapsed_seconds=454.539 learning_rate=0.000535386
2026-09-21 05:20:47 UTC completed_step=9088 elapsed_seconds=455.182 learning_rate=0.000535165
2026-09-21 05:20:48 UTC step=9088 elapsed_seconds=456.434 mean_loss=0.908175 errors=1655/10002 exact_sentences=190/1024
2026-09-21 05:20:49 UTC completed_step=9104 elapsed_seconds=457.083 learning_rate=0.000534943
2026-09-21 05:20:49 UTC completed_step=9120 elapsed_seconds=457.727 learning_rate=0.000534722
2026-09-21 05:20:50 UTC completed_step=9136 elapsed_seconds=458.37 learning_rate=0.0005345
2026-09-21 05:20:50 UTC completed_step=9152 elapsed_seconds=459.015 learning_rate=0.000534277
2026-09-21 05:20:51 UTC completed_step=9168 elapsed_seconds=459.661 learning_rate=0.000534055
2026-09-21 05:20:52 UTC completed_step=9184 elapsed_seconds=460.305 learning_rate=0.000533832
2026-09-21 05:20:52 UTC completed_step=9200 elapsed_seconds=460.95 learning_rate=0.000533609
2026-09-21 05:20:53 UTC completed_step=9216 elapsed_seconds=461.595 learning_rate=0.000533385
2026-09-21 05:20:54 UTC step=9216 elapsed_seconds=462.831 mean_loss=0.886907 errors=1603/10002 exact_sentences=208/1024
2026-09-21 05:20:55 UTC completed_step=9232 elapsed_seconds=463.482 learning_rate=0.000533161
2026-09-21 05:20:56 UTC completed_step=9248 elapsed_seconds=464.126 learning_rate=0.000532937
2026-09-21 05:20:56 UTC completed_step=9264 elapsed_seconds=464.77 learning_rate=0.000532713
2026-09-21 05:20:57 UTC completed_step=9280 elapsed_seconds=465.415 learning_rate=0.000532488
2026-09-21 05:20:58 UTC completed_step=9296 elapsed_seconds=466.059 learning_rate=0.000532263
2026-09-21 05:20:58 UTC completed_step=9312 elapsed_seconds=466.703 learning_rate=0.000532037
2026-09-21 05:20:59 UTC completed_step=9328 elapsed_seconds=467.348 learning_rate=0.000531811
2026-09-21 05:20:59 UTC completed_step=9344 elapsed_seconds=467.993 learning_rate=0.000531585
2026-09-21 05:21:01 UTC step=9344 elapsed_seconds=469.235 mean_loss=0.867268 errors=1586/10002 exact_sentences=208/1024
2026-09-21 05:21:01 UTC completed_step=9360 elapsed_seconds=469.885 learning_rate=0.000531359
2026-09-21 05:21:02 UTC completed_step=9376 elapsed_seconds=470.529 learning_rate=0.000531132
2026-09-21 05:21:03 UTC completed_step=9392 elapsed_seconds=471.173 learning_rate=0.000530905
2026-09-21 05:21:03 UTC completed_step=9408 elapsed_seconds=471.818 learning_rate=0.000530678
2026-09-21 05:21:04 UTC completed_step=9424 elapsed_seconds=472.467 learning_rate=0.00053045
2026-09-21 05:21:05 UTC completed_step=9440 elapsed_seconds=473.115 learning_rate=0.000530222
2026-09-21 05:21:05 UTC completed_step=9456 elapsed_seconds=473.763 learning_rate=0.000529993
2026-09-21 05:21:06 UTC completed_step=9472 elapsed_seconds=474.41 learning_rate=0.000529765
2026-09-21 05:21:07 UTC step=9472 elapsed_seconds=475.655 mean_loss=0.843757 errors=1544/10002 exact_sentences=220/1024
2026-09-21 05:21:08 UTC completed_step=9488 elapsed_seconds=476.309 learning_rate=0.000529536
2026-09-21 05:21:08 UTC completed_step=9504 elapsed_seconds=476.957 learning_rate=0.000529306
2026-09-21 05:21:09 UTC completed_step=9520 elapsed_seconds=477.607 learning_rate=0.000529077
2026-09-21 05:21:10 UTC completed_step=9536 elapsed_seconds=478.255 learning_rate=0.000528847
2026-09-21 05:21:10 UTC completed_step=9552 elapsed_seconds=478.902 learning_rate=0.000528617
2026-09-21 05:21:11 UTC completed_step=9568 elapsed_seconds=479.551 learning_rate=0.000528386
2026-09-21 05:21:12 UTC completed_step=9584 elapsed_seconds=480.199 learning_rate=0.000528155
2026-09-21 05:21:12 UTC completed_step=9600 elapsed_seconds=480.847 learning_rate=0.000527924
2026-09-21 05:21:14 UTC step=9600 elapsed_seconds=482.091 mean_loss=0.823058 errors=1561/10002 exact_sentences=216/1024
2026-09-21 05:21:14 UTC completed_step=9616 elapsed_seconds=482.744 learning_rate=0.000527692
2026-09-21 05:21:15 UTC completed_step=9632 elapsed_seconds=483.392 learning_rate=0.000527461
2026-09-21 05:21:15 UTC completed_step=9648 elapsed_seconds=484.04 learning_rate=0.000527229
2026-09-21 05:21:16 UTC completed_step=9664 elapsed_seconds=484.688 learning_rate=0.000526996
2026-09-21 05:21:17 UTC completed_step=9680 elapsed_seconds=485.335 learning_rate=0.000526763
2026-09-21 05:21:17 UTC completed_step=9696 elapsed_seconds=485.981 learning_rate=0.00052653
2026-09-21 05:21:18 UTC completed_step=9712 elapsed_seconds=486.626 learning_rate=0.000526297
2026-09-21 05:21:19 UTC completed_step=9728 elapsed_seconds=487.271 learning_rate=0.000526063
2026-09-21 05:21:20 UTC step=9728 elapsed_seconds=488.541 mean_loss=0.806363 errors=1497/10002 exact_sentences=226/1024
2026-09-21 05:21:21 UTC completed_step=9744 elapsed_seconds=489.192 learning_rate=0.000525829
2026-09-21 05:21:21 UTC completed_step=9760 elapsed_seconds=489.836 learning_rate=0.000525595
2026-09-21 05:21:22 UTC completed_step=9776 elapsed_seconds=490.481 learning_rate=0.00052536
2026-09-21 05:21:23 UTC completed_step=9792 elapsed_seconds=491.126 learning_rate=0.000525125
2026-09-21 05:21:23 UTC completed_step=9808 elapsed_seconds=491.771 learning_rate=0.00052489
2026-09-21 05:21:24 UTC completed_step=9824 elapsed_seconds=492.415 learning_rate=0.000524654
2026-09-21 05:21:25 UTC completed_step=9840 elapsed_seconds=493.06 learning_rate=0.000524419
2026-09-21 05:21:25 UTC completed_step=9856 elapsed_seconds=493.705 learning_rate=0.000524182
2026-09-21 05:21:26 UTC step=9856 elapsed_seconds=494.947 mean_loss=0.7877 errors=1437/10002 exact_sentences=244/1024
2026-09-21 05:21:27 UTC completed_step=9872 elapsed_seconds=495.597 learning_rate=0.000523946
2026-09-21 05:21:28 UTC completed_step=9888 elapsed_seconds=496.241 learning_rate=0.000523709
2026-09-21 05:21:28 UTC completed_step=9904 elapsed_seconds=496.887 learning_rate=0.000523472
2026-09-21 05:21:29 UTC completed_step=9920 elapsed_seconds=497.532 learning_rate=0.000523235
2026-09-21 05:21:30 UTC completed_step=9936 elapsed_seconds=498.177 learning_rate=0.000522997
2026-09-21 05:21:30 UTC completed_step=9952 elapsed_seconds=498.824 learning_rate=0.000522759
2026-09-21 05:21:31 UTC completed_step=9968 elapsed_seconds=499.472 learning_rate=0.000522521
2026-09-21 05:21:32 UTC completed_step=9984 elapsed_seconds=500.121 learning_rate=0.000522282
2026-09-21 05:21:33 UTC step=9984 elapsed_seconds=501.368 mean_loss=0.772052 errors=1391/10002 exact_sentences=254/1024
2026-09-21 05:21:33 UTC completed_step=10000 elapsed_seconds=502.016 learning_rate=0.000522043
2026-09-21 05:21:34 UTC completed_step=10016 elapsed_seconds=502.66 learning_rate=0.000521804
2026-09-21 05:21:35 UTC completed_step=10032 elapsed_seconds=503.304 learning_rate=0.000521564
2026-09-21 05:21:35 UTC completed_step=10048 elapsed_seconds=503.948 learning_rate=0.000521324
2026-09-21 05:21:36 UTC completed_step=10064 elapsed_seconds=504.592 learning_rate=0.000521084
2026-09-21 05:21:37 UTC completed_step=10080 elapsed_seconds=505.235 learning_rate=0.000520844
2026-09-21 05:21:37 UTC completed_step=10096 elapsed_seconds=505.879 learning_rate=0.000520603
2026-09-21 05:21:38 UTC completed_step=10112 elapsed_seconds=506.523 learning_rate=0.000520362
2026-09-21 05:21:39 UTC step=10112 elapsed_seconds=507.759 mean_loss=0.742361 errors=1373/10002 exact_sentences=270/1024
2026-09-21 05:21:40 UTC completed_step=10128 elapsed_seconds=508.407 learning_rate=0.00052012
2026-09-21 05:21:41 UTC completed_step=10144 elapsed_seconds=509.051 learning_rate=0.000519879
2026-09-21 05:21:41 UTC completed_step=10160 elapsed_seconds=509.695 learning_rate=0.000519637
2026-09-21 05:21:42 UTC completed_step=10176 elapsed_seconds=510.339 learning_rate=0.000519395
2026-09-21 05:21:42 UTC completed_step=10192 elapsed_seconds=510.983 learning_rate=0.000519152
2026-09-21 05:21:43 UTC completed_step=10208 elapsed_seconds=511.627 learning_rate=0.000518909
2026-09-21 05:21:44 UTC completed_step=10224 elapsed_seconds=512.273 learning_rate=0.000518666
2026-09-21 05:21:44 UTC completed_step=10240 elapsed_seconds=512.919 learning_rate=0.000518422
2026-09-21 05:21:46 UTC step=10240 elapsed_seconds=514.17 mean_loss=0.719191 errors=1323/10002 exact_sentences=282/1024
2026-09-21 05:21:46 UTC completed_step=10256 elapsed_seconds=514.824 learning_rate=0.000518179
2026-09-21 05:21:47 UTC completed_step=10272 elapsed_seconds=515.469 learning_rate=0.000517935
2026-09-21 05:21:48 UTC completed_step=10288 elapsed_seconds=516.115 learning_rate=0.00051769
2026-09-21 05:21:48 UTC completed_step=10304 elapsed_seconds=516.76 learning_rate=0.000517446
2026-09-21 05:21:49 UTC completed_step=10320 elapsed_seconds=517.405 learning_rate=0.000517201
2026-09-21 05:21:50 UTC completed_step=10336 elapsed_seconds=518.05 learning_rate=0.000516955
2026-09-21 05:21:50 UTC completed_step=10352 elapsed_seconds=518.696 learning_rate=0.00051671
2026-09-21 05:21:51 UTC completed_step=10368 elapsed_seconds=519.341 learning_rate=0.000516464
2026-09-21 05:21:52 UTC step=10368 elapsed_seconds=520.582 mean_loss=0.711919 errors=1363/10002 exact_sentences=281/1024
2026-09-21 05:21:53 UTC completed_step=10384 elapsed_seconds=521.233 learning_rate=0.000516218
2026-09-21 05:21:53 UTC completed_step=10400 elapsed_seconds=521.878 learning_rate=0.000515971
2026-09-21 05:21:54 UTC completed_step=10416 elapsed_seconds=522.524 learning_rate=0.000515725
2026-09-21 05:21:55 UTC completed_step=10432 elapsed_seconds=523.169 learning_rate=0.000515478
2026-09-21 05:21:55 UTC completed_step=10448 elapsed_seconds=523.815 learning_rate=0.00051523
2026-09-21 05:21:56 UTC completed_step=10464 elapsed_seconds=524.46 learning_rate=0.000514983
2026-09-21 05:21:57 UTC completed_step=10480 elapsed_seconds=525.106 learning_rate=0.000514735
2026-09-21 05:21:57 UTC completed_step=10496 elapsed_seconds=525.752 learning_rate=0.000514487
2026-09-21 05:21:58 UTC step=10496 elapsed_seconds=526.987 mean_loss=0.691207 errors=1293/10002 exact_sentences=292/1024
2026-09-21 05:21:59 UTC completed_step=10512 elapsed_seconds=527.637 learning_rate=0.000514238
2026-09-21 05:22:00 UTC completed_step=10528 elapsed_seconds=528.282 learning_rate=0.000513989
2026-09-21 05:22:00 UTC completed_step=10544 elapsed_seconds=528.929 learning_rate=0.00051374
2026-09-21 05:22:01 UTC completed_step=10560 elapsed_seconds=529.575 learning_rate=0.000513491
2026-09-21 05:22:02 UTC completed_step=10576 elapsed_seconds=530.221 learning_rate=0.000513241
2026-09-21 05:22:02 UTC completed_step=10592 elapsed_seconds=530.868 learning_rate=0.000512991
2026-09-21 05:22:03 UTC completed_step=10608 elapsed_seconds=531.514 learning_rate=0.000512741
2026-09-21 05:22:04 UTC completed_step=10624 elapsed_seconds=532.161 learning_rate=0.00051249
2026-09-21 05:22:05 UTC step=10624 elapsed_seconds=533.4 mean_loss=0.670977 errors=1269/10002 exact_sentences=297/1024
2026-09-21 05:22:06 UTC completed_step=10640 elapsed_seconds=534.051 learning_rate=0.000512239
2026-09-21 05:22:06 UTC completed_step=10656 elapsed_seconds=534.698 learning_rate=0.000511988
2026-09-21 05:22:07 UTC completed_step=10672 elapsed_seconds=535.344 learning_rate=0.000511737
2026-09-21 05:22:07 UTC completed_step=10688 elapsed_seconds=535.991 learning_rate=0.000511485
2026-09-21 05:22:08 UTC completed_step=10704 elapsed_seconds=536.636 learning_rate=0.000511233
2026-09-21 05:22:09 UTC completed_step=10720 elapsed_seconds=537.283 learning_rate=0.000510981
2026-09-21 05:22:09 UTC completed_step=10736 elapsed_seconds=537.929 learning_rate=0.000510728
2026-09-21 05:22:10 UTC completed_step=10752 elapsed_seconds=538.575 learning_rate=0.000510476
2026-09-21 05:22:11 UTC step=10752 elapsed_seconds=539.82 mean_loss=0.649725 errors=1189/10002 exact_sentences=320/1024
2026-09-21 05:22:12 UTC completed_step=10768 elapsed_seconds=540.474 learning_rate=0.000510222
2026-09-21 05:22:13 UTC completed_step=10784 elapsed_seconds=541.123 learning_rate=0.000509969
2026-09-21 05:22:13 UTC completed_step=10800 elapsed_seconds=541.77 learning_rate=0.000509715
2026-09-21 05:22:14 UTC completed_step=10816 elapsed_seconds=542.417 learning_rate=0.000509461
2026-09-21 05:22:15 UTC completed_step=10832 elapsed_seconds=543.063 learning_rate=0.000509207
2026-09-21 05:22:15 UTC completed_step=10848 elapsed_seconds=543.71 learning_rate=0.000508953
2026-09-21 05:22:16 UTC completed_step=10864 elapsed_seconds=544.357 learning_rate=0.000508698
2026-09-21 05:22:16 UTC completed_step=10880 elapsed_seconds=545.003 learning_rate=0.000508443
2026-09-21 05:22:18 UTC step=10880 elapsed_seconds=546.253 mean_loss=0.636828 errors=1193/10002 exact_sentences=339/1024
2026-09-21 05:22:18 UTC completed_step=10896 elapsed_seconds=546.904 learning_rate=0.000508187
2026-09-21 05:22:19 UTC completed_step=10912 elapsed_seconds=547.551 learning_rate=0.000507931
2026-09-21 05:22:20 UTC completed_step=10928 elapsed_seconds=548.198 learning_rate=0.000507675
2026-09-21 05:22:20 UTC completed_step=10944 elapsed_seconds=548.844 learning_rate=0.000507419
2026-09-21 05:22:21 UTC completed_step=10960 elapsed_seconds=549.491 learning_rate=0.000507163
2026-09-21 05:22:22 UTC completed_step=10976 elapsed_seconds=550.138 learning_rate=0.000506906
2026-09-21 05:22:22 UTC completed_step=10992 elapsed_seconds=550.785 learning_rate=0.000506649
2026-09-21 05:22:23 UTC completed_step=11008 elapsed_seconds=551.431 learning_rate=0.000506391
2026-09-21 05:22:24 UTC step=11008 elapsed_seconds=552.673 mean_loss=0.621664 errors=1175/10002 exact_sentences=342/1024
2026-09-21 05:22:25 UTC completed_step=11024 elapsed_seconds=553.324 learning_rate=0.000506134
2026-09-21 05:22:25 UTC completed_step=11040 elapsed_seconds=553.971 learning_rate=0.000505876
2026-09-21 05:22:26 UTC completed_step=11056 elapsed_seconds=554.617 learning_rate=0.000505618
2026-09-21 05:22:27 UTC completed_step=11072 elapsed_seconds=555.264 learning_rate=0.000505359
2026-09-21 05:22:27 UTC completed_step=11088 elapsed_seconds=555.911 learning_rate=0.0005051
2026-09-21 05:22:28 UTC completed_step=11104 elapsed_seconds=556.558 learning_rate=0.000504841
2026-09-21 05:22:29 UTC completed_step=11120 elapsed_seconds=557.205 learning_rate=0.000504582
2026-09-21 05:22:29 UTC completed_step=11136 elapsed_seconds=557.852 learning_rate=0.000504322
2026-09-21 05:22:31 UTC step=11136 elapsed_seconds=559.095 mean_loss=0.604915 errors=1110/10002 exact_sentences=358/1024
2026-09-21 05:22:31 UTC completed_step=11152 elapsed_seconds=559.746 learning_rate=0.000504062
2026-09-21 05:22:32 UTC completed_step=11168 elapsed_seconds=560.394 learning_rate=0.000503802
2026-09-21 05:22:32 UTC completed_step=11184 elapsed_seconds=561.041 learning_rate=0.000503542
2026-09-21 05:22:33 UTC completed_step=11200 elapsed_seconds=561.687 learning_rate=0.000503281
2026-09-21 05:22:34 UTC completed_step=11216 elapsed_seconds=562.333 learning_rate=0.00050302
2026-09-21 05:22:34 UTC completed_step=11232 elapsed_seconds=562.98 learning_rate=0.000502759
2026-09-21 05:22:35 UTC completed_step=11248 elapsed_seconds=563.627 learning_rate=0.000502497
2026-09-21 05:22:36 UTC completed_step=11264 elapsed_seconds=564.274 learning_rate=0.000502235
2026-09-21 05:22:37 UTC step=11264 elapsed_seconds=565.505 mean_loss=0.583211 errors=1069/10002 exact_sentences=383/1024
2026-09-21 05:22:38 UTC completed_step=11280 elapsed_seconds=566.157 learning_rate=0.000501973
2026-09-21 05:22:38 UTC completed_step=11296 elapsed_seconds=566.803 learning_rate=0.000501711
2026-09-21 05:22:39 UTC completed_step=11312 elapsed_seconds=567.448 learning_rate=0.000501448
2026-09-21 05:22:40 UTC completed_step=11328 elapsed_seconds=568.092 learning_rate=0.000501186
2026-09-21 05:22:40 UTC completed_step=11344 elapsed_seconds=568.736 learning_rate=0.000500922
2026-09-21 05:22:41 UTC completed_step=11360 elapsed_seconds=569.382 learning_rate=0.000500659
2026-09-21 05:22:41 UTC completed_step=11376 elapsed_seconds=570.026 learning_rate=0.000500395
2026-09-21 05:22:42 UTC completed_step=11392 elapsed_seconds=570.671 learning_rate=0.000500131
2026-09-21 05:22:43 UTC step=11392 elapsed_seconds=571.909 mean_loss=0.582838 errors=1079/10002 exact_sentences=378/1024
2026-09-21 05:22:44 UTC completed_step=11408 elapsed_seconds=572.559 learning_rate=0.000499867
2026-09-21 05:22:45 UTC completed_step=11424 elapsed_seconds=573.204 learning_rate=0.000499602
2026-09-21 05:22:45 UTC completed_step=11440 elapsed_seconds=573.848 learning_rate=0.000499338
2026-09-21 05:22:46 UTC completed_step=11456 elapsed_seconds=574.492 learning_rate=0.000499073
2026-09-21 05:22:47 UTC completed_step=11472 elapsed_seconds=575.137 learning_rate=0.000498807
2026-09-21 05:22:47 UTC completed_step=11488 elapsed_seconds=575.782 learning_rate=0.000498542
2026-09-21 05:22:48 UTC completed_step=11504 elapsed_seconds=576.427 learning_rate=0.000498276
2026-09-21 05:22:49 UTC completed_step=11520 elapsed_seconds=577.071 learning_rate=0.00049801
2026-09-21 05:22:50 UTC step=11520 elapsed_seconds=578.328 mean_loss=0.558237 errors=1006/10002 exact_sentences=398/1024
2026-09-21 05:22:50 UTC completed_step=11536 elapsed_seconds=578.978 learning_rate=0.000497743
2026-09-21 05:22:51 UTC completed_step=11552 elapsed_seconds=579.624 learning_rate=0.000497477
2026-09-21 05:22:52 UTC completed_step=11568 elapsed_seconds=580.27 learning_rate=0.00049721
2026-09-21 05:22:52 UTC completed_step=11584 elapsed_seconds=580.918 learning_rate=0.000496942
2026-09-21 05:22:53 UTC completed_step=11600 elapsed_seconds=581.565 learning_rate=0.000496675
2026-09-21 05:22:54 UTC completed_step=11616 elapsed_seconds=582.211 learning_rate=0.000496407
2026-09-21 05:22:54 UTC completed_step=11632 elapsed_seconds=582.856 learning_rate=0.000496139
2026-09-21 05:22:55 UTC completed_step=11648 elapsed_seconds=583.502 learning_rate=0.000495871
2026-09-21 05:22:56 UTC step=11648 elapsed_seconds=584.758 mean_loss=0.543348 errors=947/10002 exact_sentences=433/1024
2026-09-21 05:22:57 UTC completed_step=11664 elapsed_seconds=585.409 learning_rate=0.000495602
2026-09-21 05:22:58 UTC completed_step=11680 elapsed_seconds=586.055 learning_rate=0.000495334
2026-09-21 05:22:58 UTC completed_step=11696 elapsed_seconds=586.7 learning_rate=0.000495065
2026-09-21 05:22:59 UTC completed_step=11712 elapsed_seconds=587.345 learning_rate=0.000494795
2026-09-21 05:22:59 UTC completed_step=11728 elapsed_seconds=587.991 learning_rate=0.000494526
2026-09-21 05:23:00 UTC completed_step=11744 elapsed_seconds=588.637 learning_rate=0.000494256
2026-09-21 05:23:01 UTC completed_step=11760 elapsed_seconds=589.283 learning_rate=0.000493986
2026-09-21 05:23:01 UTC completed_step=11776 elapsed_seconds=589.929 learning_rate=0.000493716
2026-09-21 05:23:03 UTC step=11776 elapsed_seconds=591.178 mean_loss=0.536927 errors=986/10002 exact_sentences=421/1024
2026-09-21 05:23:03 UTC completed_step=11792 elapsed_seconds=591.831 learning_rate=0.000493445
2026-09-21 05:23:04 UTC completed_step=11808 elapsed_seconds=592.476 learning_rate=0.000493174
2026-09-21 05:23:05 UTC completed_step=11824 elapsed_seconds=593.123 learning_rate=0.000492903
2026-09-21 05:23:05 UTC completed_step=11840 elapsed_seconds=593.768 learning_rate=0.000492632
2026-09-21 05:23:06 UTC completed_step=11856 elapsed_seconds=594.412 learning_rate=0.00049236
2026-09-21 05:23:07 UTC completed_step=11872 elapsed_seconds=595.056 learning_rate=0.000492088
2026-09-21 05:23:07 UTC completed_step=11888 elapsed_seconds=595.701 learning_rate=0.000491816
2026-09-21 05:23:08 UTC completed_step=11904 elapsed_seconds=596.344 learning_rate=0.000491543
2026-09-21 05:23:09 UTC step=11904 elapsed_seconds=597.588 mean_loss=0.518793 errors=933/10002 exact_sentences=431/1024
2026-09-21 05:23:10 UTC completed_step=11920 elapsed_seconds=598.238 learning_rate=0.000491271
2026-09-21 05:23:10 UTC completed_step=11936 elapsed_seconds=598.881 learning_rate=0.000490998
2026-09-21 05:23:11 UTC completed_step=11952 elapsed_seconds=599.525 learning_rate=0.000490725
2026-09-21 05:23:12 UTC completed_step=11968 elapsed_seconds=600.168 learning_rate=0.000490451
2026-09-21 05:23:12 UTC completed_step=11984 elapsed_seconds=600.813 learning_rate=0.000490177
2026-09-21 05:23:13 UTC completed_step=12000 elapsed_seconds=601.456 learning_rate=0.000489903
2026-09-21 05:23:14 UTC completed_step=12016 elapsed_seconds=602.101 learning_rate=0.000489629
2026-09-21 05:23:14 UTC completed_step=12032 elapsed_seconds=602.745 learning_rate=0.000489355
2026-09-21 05:23:15 UTC step=12032 elapsed_seconds=603.997 mean_loss=0.501384 errors=880/10002 exact_sentences=456/1024
2026-09-21 05:23:16 UTC completed_step=12048 elapsed_seconds=604.645 learning_rate=0.00048908
2026-09-21 05:23:17 UTC completed_step=12064 elapsed_seconds=605.289 learning_rate=0.000488805
2026-09-21 05:23:17 UTC completed_step=12080 elapsed_seconds=605.932 learning_rate=0.00048853
2026-09-21 05:23:18 UTC completed_step=12096 elapsed_seconds=606.577 learning_rate=0.000488255
2026-09-21 05:23:19 UTC completed_step=12112 elapsed_seconds=607.223 learning_rate=0.000487979
2026-09-21 05:23:19 UTC completed_step=12128 elapsed_seconds=607.87 learning_rate=0.000487703
2026-09-21 05:23:20 UTC completed_step=12144 elapsed_seconds=608.517 learning_rate=0.000487427
2026-09-21 05:23:21 UTC completed_step=12160 elapsed_seconds=609.162 learning_rate=0.00048715
2026-09-21 05:23:22 UTC step=12160 elapsed_seconds=610.398 mean_loss=0.498491 errors=921/10002 exact_sentences=436/1024
2026-09-21 05:23:22 UTC completed_step=12176 elapsed_seconds=611.047 learning_rate=0.000486873
2026-09-21 05:23:23 UTC completed_step=12192 elapsed_seconds=611.692 learning_rate=0.000486596
2026-09-21 05:23:24 UTC completed_step=12208 elapsed_seconds=612.337 learning_rate=0.000486319
2026-09-21 05:23:24 UTC completed_step=12224 elapsed_seconds=612.982 learning_rate=0.000486042
2026-09-21 05:23:25 UTC completed_step=12240 elapsed_seconds=613.627 learning_rate=0.000485764
2026-09-21 05:23:26 UTC completed_step=12256 elapsed_seconds=614.272 learning_rate=0.000485486
2026-09-21 05:23:26 UTC completed_step=12272 elapsed_seconds=614.917 learning_rate=0.000485208
2026-09-21 05:23:27 UTC completed_step=12288 elapsed_seconds=615.561 learning_rate=0.000484929
2026-09-21 05:23:28 UTC step=12288 elapsed_seconds=616.827 mean_loss=0.481281 errors=849/10002 exact_sentences=469/1024
2026-09-21 05:23:29 UTC completed_step=12304 elapsed_seconds=617.478 learning_rate=0.000484651
2026-09-21 05:23:30 UTC completed_step=12320 elapsed_seconds=618.123 learning_rate=0.000484372
2026-09-21 05:23:30 UTC completed_step=12336 elapsed_seconds=618.767 learning_rate=0.000484093
2026-09-21 05:23:31 UTC completed_step=12352 elapsed_seconds=619.412 learning_rate=0.000483813
2026-09-21 05:23:32 UTC completed_step=12368 elapsed_seconds=620.059 learning_rate=0.000483534
2026-09-21 05:23:32 UTC completed_step=12384 elapsed_seconds=620.708 learning_rate=0.000483254
2026-09-21 05:23:33 UTC completed_step=12400 elapsed_seconds=621.357 learning_rate=0.000482973
2026-09-21 05:23:33 UTC completed_step=12416 elapsed_seconds=622.005 learning_rate=0.000482693
2026-09-21 05:23:35 UTC step=12416 elapsed_seconds=623.252 mean_loss=0.464647 errors=825/10002 exact_sentences=485/1024
2026-09-21 05:23:35 UTC completed_step=12432 elapsed_seconds=623.905 learning_rate=0.000482412
2026-09-21 05:23:36 UTC completed_step=12448 elapsed_seconds=624.554 learning_rate=0.000482132
2026-09-21 05:23:37 UTC completed_step=12464 elapsed_seconds=625.202 learning_rate=0.00048185
2026-09-21 05:23:37 UTC completed_step=12480 elapsed_seconds=625.851 learning_rate=0.000481569
2026-09-21 05:23:38 UTC completed_step=12496 elapsed_seconds=626.499 learning_rate=0.000481287
2026-09-21 05:23:39 UTC completed_step=12512 elapsed_seconds=627.147 learning_rate=0.000481006
2026-09-21 05:23:39 UTC completed_step=12528 elapsed_seconds=627.797 learning_rate=0.000480723
2026-09-21 05:23:40 UTC completed_step=12544 elapsed_seconds=628.444 learning_rate=0.000480441
2026-09-21 05:23:41 UTC step=12544 elapsed_seconds=629.697 mean_loss=0.458229 errors=779/10002 exact_sentences=509/1024
2026-09-21 05:23:42 UTC completed_step=12560 elapsed_seconds=630.351 learning_rate=0.000480159
2026-09-21 05:23:42 UTC completed_step=12576 elapsed_seconds=630.999 learning_rate=0.000479876
2026-09-21 05:23:43 UTC completed_step=12592 elapsed_seconds=631.647 learning_rate=0.000479593
2026-09-21 05:23:44 UTC completed_step=12608 elapsed_seconds=632.296 learning_rate=0.000479309
2026-09-21 05:23:44 UTC completed_step=12624 elapsed_seconds=632.945 learning_rate=0.000479026
2026-09-21 05:23:45 UTC completed_step=12640 elapsed_seconds=633.59 learning_rate=0.000478742
2026-09-21 05:23:46 UTC completed_step=12656 elapsed_seconds=634.234 learning_rate=0.000478458
2026-09-21 05:23:46 UTC completed_step=12672 elapsed_seconds=634.878 learning_rate=0.000478174
2026-09-21 05:23:48 UTC step=12672 elapsed_seconds=636.125 mean_loss=0.438419 errors=760/10002 exact_sentences=505/1024
2026-09-21 05:23:48 UTC completed_step=12688 elapsed_seconds=636.775 learning_rate=0.000477889
2026-09-21 05:23:49 UTC completed_step=12704 elapsed_seconds=637.419 learning_rate=0.000477605
2026-09-21 05:23:50 UTC completed_step=12720 elapsed_seconds=638.065 learning_rate=0.00047732
2026-09-21 05:23:50 UTC completed_step=12736 elapsed_seconds=638.709 learning_rate=0.000477035
2026-09-21 05:23:51 UTC completed_step=12752 elapsed_seconds=639.353 learning_rate=0.000476749
2026-09-21 05:23:51 UTC completed_step=12768 elapsed_seconds=639.997 learning_rate=0.000476464
2026-09-21 05:23:52 UTC completed_step=12784 elapsed_seconds=640.641 learning_rate=0.000476178
2026-09-21 05:23:53 UTC completed_step=12800 elapsed_seconds=641.286 learning_rate=0.000475892
2026-09-21 05:23:54 UTC step=12800 elapsed_seconds=642.537 mean_loss=0.427009 errors=747/10002 exact_sentences=517/1024
2026-09-21 05:23:55 UTC completed_step=12816 elapsed_seconds=643.187 learning_rate=0.000475605
2026-09-21 05:23:55 UTC completed_step=12832 elapsed_seconds=643.832 learning_rate=0.000475319
2026-09-21 05:23:56 UTC completed_step=12848 elapsed_seconds=644.477 learning_rate=0.000475032
2026-09-21 05:23:57 UTC completed_step=12864 elapsed_seconds=645.121 learning_rate=0.000474745
2026-09-21 05:23:57 UTC completed_step=12880 elapsed_seconds=645.766 learning_rate=0.000474458
2026-09-21 05:23:58 UTC completed_step=12896 elapsed_seconds=646.411 learning_rate=0.00047417
2026-09-21 05:23:59 UTC completed_step=12912 elapsed_seconds=647.057 learning_rate=0.000473883
2026-09-21 05:23:59 UTC completed_step=12928 elapsed_seconds=647.702 learning_rate=0.000473595
2026-09-21 05:24:00 UTC step=12928 elapsed_seconds=648.946 mean_loss=0.421504 errors=745/10002 exact_sentences=518/1024
2026-09-21 05:24:01 UTC completed_step=12944 elapsed_seconds=649.595 learning_rate=0.000473306
2026-09-21 05:24:02 UTC completed_step=12960 elapsed_seconds=650.239 learning_rate=0.000473018
2026-09-21 05:24:02 UTC completed_step=12976 elapsed_seconds=650.883 learning_rate=0.000472729
2026-09-21 05:24:03 UTC completed_step=12992 elapsed_seconds=651.527 learning_rate=0.000472441
2026-09-21 05:24:04 UTC completed_step=13008 elapsed_seconds=652.172 learning_rate=0.000472152
2026-09-21 05:24:04 UTC completed_step=13024 elapsed_seconds=652.816 learning_rate=0.000471862
2026-09-21 05:24:05 UTC completed_step=13040 elapsed_seconds=653.46 learning_rate=0.000471573
2026-09-21 05:24:06 UTC completed_step=13056 elapsed_seconds=654.104 learning_rate=0.000471283
2026-09-21 05:24:07 UTC step=13056 elapsed_seconds=655.349 mean_loss=0.403797 errors=699/10002 exact_sentences=543/1024
2026-09-21 05:24:07 UTC completed_step=13072 elapsed_seconds=655.999 learning_rate=0.000470993
2026-09-21 05:24:08 UTC completed_step=13088 elapsed_seconds=656.643 learning_rate=0.000470703
2026-09-21 05:24:09 UTC completed_step=13104 elapsed_seconds=657.288 learning_rate=0.000470412
2026-09-21 05:24:09 UTC completed_step=13120 elapsed_seconds=657.933 learning_rate=0.000470122
2026-09-21 05:24:10 UTC completed_step=13136 elapsed_seconds=658.578 learning_rate=0.000469831
2026-09-21 05:24:11 UTC completed_step=13152 elapsed_seconds=659.222 learning_rate=0.00046954
2026-09-21 05:24:11 UTC completed_step=13168 elapsed_seconds=659.866 learning_rate=0.000469249
2026-09-21 05:24:12 UTC completed_step=13184 elapsed_seconds=660.511 learning_rate=0.000468957
2026-09-21 05:24:13 UTC step=13184 elapsed_seconds=661.766 mean_loss=0.397899 errors=684/10002 exact_sentences=556/1024
2026-09-21 05:24:14 UTC completed_step=13200 elapsed_seconds=662.416 learning_rate=0.000468665
2026-09-21 05:24:15 UTC completed_step=13216 elapsed_seconds=663.061 learning_rate=0.000468373
2026-09-21 05:24:15 UTC completed_step=13232 elapsed_seconds=663.705 learning_rate=0.000468081
2026-09-21 05:24:16 UTC completed_step=13248 elapsed_seconds=664.35 learning_rate=0.000467789
2026-09-21 05:24:16 UTC completed_step=13264 elapsed_seconds=664.995 learning_rate=0.000467496
2026-09-21 05:24:17 UTC completed_step=13280 elapsed_seconds=665.641 learning_rate=0.000467203
2026-09-21 05:24:18 UTC completed_step=13296 elapsed_seconds=666.285 learning_rate=0.00046691
2026-09-21 05:24:18 UTC completed_step=13312 elapsed_seconds=666.93 learning_rate=0.000466617
2026-09-21 05:24:20 UTC step=13312 elapsed_seconds=668.172 mean_loss=0.39086 errors=673/10002 exact_sentences=563/1024
2026-09-21 05:24:20 UTC completed_step=13328 elapsed_seconds=668.825 learning_rate=0.000466323
2026-09-21 05:24:21 UTC completed_step=13344 elapsed_seconds=669.469 learning_rate=0.00046603
2026-09-21 05:24:22 UTC completed_step=13360 elapsed_seconds=670.114 learning_rate=0.000465736
2026-09-21 05:24:22 UTC completed_step=13376 elapsed_seconds=670.76 learning_rate=0.000465442
2026-09-21 05:24:23 UTC completed_step=13392 elapsed_seconds=671.405 learning_rate=0.000465147
2026-09-21 05:24:24 UTC completed_step=13408 elapsed_seconds=672.051 learning_rate=0.000464853
2026-09-21 05:24:24 UTC completed_step=13424 elapsed_seconds=672.696 learning_rate=0.000464558
2026-09-21 05:24:25 UTC completed_step=13440 elapsed_seconds=673.341 learning_rate=0.000464263
2026-09-21 05:24:26 UTC step=13440 elapsed_seconds=674.589 mean_loss=0.375638 errors=640/10002 exact_sentences=586/1024
2026-09-21 05:24:27 UTC completed_step=13456 elapsed_seconds=675.241 learning_rate=0.000463968
2026-09-21 05:24:27 UTC completed_step=13472 elapsed_seconds=675.888 learning_rate=0.000463672
2026-09-21 05:24:28 UTC completed_step=13488 elapsed_seconds=676.535 learning_rate=0.000463377
2026-09-21 05:24:29 UTC completed_step=13504 elapsed_seconds=677.181 learning_rate=0.000463081
2026-09-21 05:24:29 UTC completed_step=13520 elapsed_seconds=677.826 learning_rate=0.000462785
2026-09-21 05:24:30 UTC completed_step=13536 elapsed_seconds=678.472 learning_rate=0.000462488
2026-09-21 05:24:31 UTC completed_step=13552 elapsed_seconds=679.117 learning_rate=0.000462192
2026-09-21 05:24:31 UTC completed_step=13568 elapsed_seconds=679.762 learning_rate=0.000461895
2026-09-21 05:24:32 UTC step=13568 elapsed_seconds=680.998 mean_loss=0.365 errors=596/10002 exact_sentences=612/1024
2026-09-21 05:24:33 UTC completed_step=13584 elapsed_seconds=681.647 learning_rate=0.000461598
2026-09-21 05:24:34 UTC completed_step=13600 elapsed_seconds=682.293 learning_rate=0.000461301
2026-09-21 05:24:34 UTC completed_step=13616 elapsed_seconds=682.939 learning_rate=0.000461004
2026-09-21 05:24:35 UTC completed_step=13632 elapsed_seconds=683.584 learning_rate=0.000460706
2026-09-21 05:24:36 UTC completed_step=13648 elapsed_seconds=684.229 learning_rate=0.000460409
2026-09-21 05:24:36 UTC completed_step=13664 elapsed_seconds=684.875 learning_rate=0.000460111
2026-09-21 05:24:37 UTC completed_step=13680 elapsed_seconds=685.52 learning_rate=0.000459813
2026-09-21 05:24:38 UTC completed_step=13696 elapsed_seconds=686.165 learning_rate=0.000459514
2026-09-21 05:24:39 UTC step=13696 elapsed_seconds=687.416 mean_loss=0.357093 errors=598/10002 exact_sentences=605/1024
2026-09-21 05:24:40 UTC completed_step=13712 elapsed_seconds=688.066 learning_rate=0.000459216
2026-09-21 05:24:40 UTC completed_step=13728 elapsed_seconds=688.712 learning_rate=0.000458917
2026-09-21 05:24:41 UTC completed_step=13744 elapsed_seconds=689.358 learning_rate=0.000458618
2026-09-21 05:24:41 UTC completed_step=13760 elapsed_seconds=690.004 learning_rate=0.000458319
2026-09-21 05:24:42 UTC completed_step=13776 elapsed_seconds=690.651 learning_rate=0.000458019
2026-09-21 05:24:43 UTC completed_step=13792 elapsed_seconds=691.297 learning_rate=0.00045772
2026-09-21 05:24:43 UTC completed_step=13808 elapsed_seconds=691.942 learning_rate=0.00045742
2026-09-21 05:24:44 UTC completed_step=13824 elapsed_seconds=692.588 learning_rate=0.00045712
2026-09-21 05:24:45 UTC step=13824 elapsed_seconds=693.829 mean_loss=0.3451 errors=577/10002 exact_sentences=614/1024
2026-09-21 05:24:46 UTC completed_step=13840 elapsed_seconds=694.481 learning_rate=0.00045682
2026-09-21 05:24:47 UTC completed_step=13856 elapsed_seconds=695.127 learning_rate=0.00045652
2026-09-21 05:24:47 UTC completed_step=13872 elapsed_seconds=695.773 learning_rate=0.000456219
2026-09-21 05:24:48 UTC completed_step=13888 elapsed_seconds=696.419 learning_rate=0.000455918
2026-09-21 05:24:49 UTC completed_step=13904 elapsed_seconds=697.066 learning_rate=0.000455617
2026-09-21 05:24:49 UTC completed_step=13920 elapsed_seconds=697.712 learning_rate=0.000455316
2026-09-21 05:24:50 UTC completed_step=13936 elapsed_seconds=698.358 learning_rate=0.000455015
2026-09-21 05:24:50 UTC completed_step=13952 elapsed_seconds=699.004 learning_rate=0.000454713
2026-09-21 05:24:52 UTC step=13952 elapsed_seconds=700.238 mean_loss=0.335945 errors=554/10002 exact_sentences=623/1024
2026-09-21 05:24:52 UTC completed_step=13968 elapsed_seconds=700.889 learning_rate=0.000454411
2026-09-21 05:24:53 UTC completed_step=13984 elapsed_seconds=701.534 learning_rate=0.000454109
2026-09-21 05:24:54 UTC completed_step=14000 elapsed_seconds=702.182 learning_rate=0.000453807
2026-09-21 05:24:54 UTC completed_step=14016 elapsed_seconds=702.83 learning_rate=0.000453505
2026-09-21 05:24:55 UTC completed_step=14032 elapsed_seconds=703.477 learning_rate=0.000453202
2026-09-21 05:24:56 UTC completed_step=14048 elapsed_seconds=704.124 learning_rate=0.000452899
2026-09-21 05:24:56 UTC completed_step=14064 elapsed_seconds=704.771 learning_rate=0.000452596
2026-09-21 05:24:57 UTC completed_step=14080 elapsed_seconds=705.416 learning_rate=0.000452293
2026-09-21 05:24:58 UTC step=14080 elapsed_seconds=706.659 mean_loss=0.323759 errors=513/10002 exact_sentences=658/1024
2026-09-21 05:24:59 UTC completed_step=14096 elapsed_seconds=707.31 learning_rate=0.00045199
2026-09-21 05:24:59 UTC completed_step=14112 elapsed_seconds=707.956 learning_rate=0.000451686
2026-09-21 05:25:00 UTC completed_step=14128 elapsed_seconds=708.603 learning_rate=0.000451383
2026-09-21 05:25:01 UTC completed_step=14144 elapsed_seconds=709.249 learning_rate=0.000451079
2026-09-21 05:25:01 UTC completed_step=14160 elapsed_seconds=709.896 learning_rate=0.000450775
2026-09-21 05:25:02 UTC completed_step=14176 elapsed_seconds=710.543 learning_rate=0.00045047
2026-09-21 05:25:03 UTC completed_step=14192 elapsed_seconds=711.189 learning_rate=0.000450166
2026-09-21 05:25:03 UTC completed_step=14208 elapsed_seconds=711.834 learning_rate=0.000449861
2026-09-21 05:25:05 UTC step=14208 elapsed_seconds=713.071 mean_loss=0.332186 errors=542/10002 exact_sentences=640/1024
2026-09-21 05:25:05 UTC completed_step=14224 elapsed_seconds=713.722 learning_rate=0.000449556
2026-09-21 05:25:06 UTC completed_step=14240 elapsed_seconds=714.368 learning_rate=0.000449251
2026-09-21 05:25:06 UTC completed_step=14256 elapsed_seconds=715.013 learning_rate=0.000448946
2026-09-21 05:25:07 UTC completed_step=14272 elapsed_seconds=715.658 learning_rate=0.00044864
2026-09-21 05:25:08 UTC completed_step=14288 elapsed_seconds=716.303 learning_rate=0.000448335
2026-09-21 05:25:08 UTC completed_step=14304 elapsed_seconds=716.948 learning_rate=0.000448029
2026-09-21 05:25:09 UTC completed_step=14320 elapsed_seconds=717.594 learning_rate=0.000447723
2026-09-21 05:25:10 UTC completed_step=14336 elapsed_seconds=718.239 learning_rate=0.000447417
2026-09-21 05:25:11 UTC step=14336 elapsed_seconds=719.472 mean_loss=0.315791 errors=508/10002 exact_sentences=657/1024
2026-09-21 05:25:12 UTC completed_step=14352 elapsed_seconds=720.123 learning_rate=0.00044711
2026-09-21 05:25:12 UTC completed_step=14368 elapsed_seconds=720.767 learning_rate=0.000446804
2026-09-21 05:25:13 UTC completed_step=14384 elapsed_seconds=721.413 learning_rate=0.000446497
2026-09-21 05:25:14 UTC completed_step=14400 elapsed_seconds=722.058 learning_rate=0.00044619
2026-09-21 05:25:14 UTC completed_step=14416 elapsed_seconds=722.704 learning_rate=0.000445883
2026-09-21 05:25:15 UTC completed_step=14432 elapsed_seconds=723.348 learning_rate=0.000445576
2026-09-21 05:25:15 UTC completed_step=14448 elapsed_seconds=723.993 learning_rate=0.000445268
2026-09-21 05:25:16 UTC completed_step=14464 elapsed_seconds=724.638 learning_rate=0.00044496
2026-09-21 05:25:17 UTC step=14464 elapsed_seconds=725.891 mean_loss=0.30567 errors=538/10002 exact_sentences=641/1024
2026-09-21 05:25:18 UTC completed_step=14480 elapsed_seconds=726.541 learning_rate=0.000444653
2026-09-21 05:25:19 UTC completed_step=14496 elapsed_seconds=727.187 learning_rate=0.000444345
2026-09-21 05:25:19 UTC completed_step=14512 elapsed_seconds=727.831 learning_rate=0.000444036
2026-09-21 05:25:20 UTC completed_step=14528 elapsed_seconds=728.477 learning_rate=0.000443728
2026-09-21 05:25:21 UTC completed_step=14544 elapsed_seconds=729.124 learning_rate=0.000443419
2026-09-21 05:25:21 UTC completed_step=14560 elapsed_seconds=729.769 learning_rate=0.000443111
2026-09-21 05:25:22 UTC completed_step=14576 elapsed_seconds=730.415 learning_rate=0.000442802
2026-09-21 05:25:23 UTC completed_step=14592 elapsed_seconds=731.061 learning_rate=0.000442492
2026-09-21 05:25:24 UTC step=14592 elapsed_seconds=732.298 mean_loss=0.303247 errors=513/10002 exact_sentences=644/1024
2026-09-21 05:25:24 UTC completed_step=14608 elapsed_seconds=732.949 learning_rate=0.000442183
2026-09-21 05:25:25 UTC completed_step=14624 elapsed_seconds=733.595 learning_rate=0.000441874
2026-09-21 05:25:26 UTC completed_step=14640 elapsed_seconds=734.241 learning_rate=0.000441564
2026-09-21 05:25:26 UTC completed_step=14656 elapsed_seconds=734.886 learning_rate=0.000441254
2026-09-21 05:25:27 UTC completed_step=14672 elapsed_seconds=735.531 learning_rate=0.000440944
2026-09-21 05:25:28 UTC completed_step=14688 elapsed_seconds=736.177 learning_rate=0.000440634
2026-09-21 05:25:28 UTC completed_step=14704 elapsed_seconds=736.823 learning_rate=0.000440324
2026-09-21 05:25:29 UTC completed_step=14720 elapsed_seconds=737.469 learning_rate=0.000440013
2026-09-21 05:25:30 UTC step=14720 elapsed_seconds=738.703 mean_loss=0.28775 errors=479/10002 exact_sentences=668/1024
2026-09-21 05:25:31 UTC completed_step=14736 elapsed_seconds=739.353 learning_rate=0.000439702
2026-09-21 05:25:31 UTC completed_step=14752 elapsed_seconds=740 learning_rate=0.000439391
2026-09-21 05:25:32 UTC completed_step=14768 elapsed_seconds=740.646 learning_rate=0.00043908
2026-09-21 05:25:33 UTC completed_step=14784 elapsed_seconds=741.291 learning_rate=0.000438769
2026-09-21 05:25:33 UTC completed_step=14800 elapsed_seconds=741.936 learning_rate=0.000438458
2026-09-21 05:25:34 UTC completed_step=14816 elapsed_seconds=742.583 learning_rate=0.000438146
2026-09-21 05:25:35 UTC completed_step=14832 elapsed_seconds=743.229 learning_rate=0.000437834
2026-09-21 05:25:35 UTC completed_step=14848 elapsed_seconds=743.876 learning_rate=0.000437523
2026-09-21 05:25:37 UTC step=14848 elapsed_seconds=745.118 mean_loss=0.278633 errors=450/10002 exact_sentences=682/1024
2026-09-21 05:25:37 UTC completed_step=14864 elapsed_seconds=745.769 learning_rate=0.00043721
2026-09-21 05:25:38 UTC completed_step=14880 elapsed_seconds=746.414 learning_rate=0.000436898
2026-09-21 05:25:39 UTC completed_step=14896 elapsed_seconds=747.059 learning_rate=0.000436586
2026-09-21 05:25:39 UTC completed_step=14912 elapsed_seconds=747.703 learning_rate=0.000436273
2026-09-21 05:25:40 UTC completed_step=14928 elapsed_seconds=748.348 learning_rate=0.00043596
2026-09-21 05:25:40 UTC completed_step=14944 elapsed_seconds=748.992 learning_rate=0.000435647
2026-09-21 05:25:41 UTC completed_step=14960 elapsed_seconds=749.636 learning_rate=0.000435334
2026-09-21 05:25:42 UTC completed_step=14976 elapsed_seconds=750.281 learning_rate=0.000435021
2026-09-21 05:25:43 UTC step=14976 elapsed_seconds=751.528 mean_loss=0.275655 errors=475/10002 exact_sentences=670/1024
2026-09-21 05:25:44 UTC completed_step=14992 elapsed_seconds=752.177 learning_rate=0.000434708
2026-09-21 05:25:44 UTC completed_step=15008 elapsed_seconds=752.822 learning_rate=0.000434394
2026-09-21 05:25:45 UTC completed_step=15024 elapsed_seconds=753.468 learning_rate=0.00043408
2026-09-21 05:25:46 UTC completed_step=15040 elapsed_seconds=754.112 learning_rate=0.000433766
2026-09-21 05:25:46 UTC completed_step=15056 elapsed_seconds=754.757 learning_rate=0.000433452
2026-09-21 05:25:47 UTC completed_step=15072 elapsed_seconds=755.405 learning_rate=0.000433138
2026-09-21 05:25:48 UTC completed_step=15088 elapsed_seconds=756.052 learning_rate=0.000432823
2026-09-21 05:25:48 UTC completed_step=15104 elapsed_seconds=756.7 learning_rate=0.000432509
2026-09-21 05:25:49 UTC step=15104 elapsed_seconds=757.932 mean_loss=0.27885 errors=455/10002 exact_sentences=689/1024
2026-09-21 05:25:50 UTC completed_step=15120 elapsed_seconds=758.581 learning_rate=0.000432194
2026-09-21 05:25:51 UTC completed_step=15136 elapsed_seconds=759.225 learning_rate=0.000431879
2026-09-21 05:25:51 UTC completed_step=15152 elapsed_seconds=759.869 learning_rate=0.000431564
2026-09-21 05:25:52 UTC completed_step=15168 elapsed_seconds=760.512 learning_rate=0.000431249
2026-09-21 05:25:53 UTC completed_step=15184 elapsed_seconds=761.157 learning_rate=0.000430933
2026-09-21 05:25:53 UTC completed_step=15200 elapsed_seconds=761.802 learning_rate=0.000430618
2026-09-21 05:25:54 UTC completed_step=15216 elapsed_seconds=762.446 learning_rate=0.000430302
2026-09-21 05:25:55 UTC completed_step=15232 elapsed_seconds=763.09 learning_rate=0.000429986
2026-09-21 05:25:56 UTC step=15232 elapsed_seconds=764.326 mean_loss=0.258302 errors=404/10002 exact_sentences=712/1024
2026-09-21 05:25:56 UTC completed_step=15248 elapsed_seconds=764.975 learning_rate=0.00042967
2026-09-21 05:25:57 UTC completed_step=15264 elapsed_seconds=765.62 learning_rate=0.000429354
2026-09-21 05:25:58 UTC completed_step=15280 elapsed_seconds=766.264 learning_rate=0.000429038
2026-09-21 05:25:58 UTC completed_step=15296 elapsed_seconds=766.909 learning_rate=0.000428721
2026-09-21 05:25:59 UTC completed_step=15312 elapsed_seconds=767.553 learning_rate=0.000428405
2026-09-21 05:26:00 UTC completed_step=15328 elapsed_seconds=768.197 learning_rate=0.000428088
2026-09-21 05:26:00 UTC completed_step=15344 elapsed_seconds=768.842 learning_rate=0.000427771
2026-09-21 05:26:01 UTC completed_step=15360 elapsed_seconds=769.488 learning_rate=0.000427454
2026-09-21 05:26:02 UTC step=15360 elapsed_seconds=770.736 mean_loss=0.249201 errors=395/10002 exact_sentences=724/1024
2026-09-21 05:26:03 UTC completed_step=15376 elapsed_seconds=771.388 learning_rate=0.000427136
2026-09-21 05:26:03 UTC completed_step=15392 elapsed_seconds=772.033 learning_rate=0.000426819
2026-09-21 05:26:04 UTC completed_step=15408 elapsed_seconds=772.677 learning_rate=0.000426501
2026-09-21 05:26:05 UTC completed_step=15424 elapsed_seconds=773.32 learning_rate=0.000426184
2026-09-21 05:26:05 UTC completed_step=15440 elapsed_seconds=773.964 learning_rate=0.000425866
2026-09-21 05:26:06 UTC completed_step=15456 elapsed_seconds=774.608 learning_rate=0.000425548
2026-09-21 05:26:07 UTC completed_step=15472 elapsed_seconds=775.252 learning_rate=0.000425229
2026-09-21 05:26:07 UTC completed_step=15488 elapsed_seconds=775.895 learning_rate=0.000424911
2026-09-21 05:26:09 UTC step=15488 elapsed_seconds=777.131 mean_loss=0.249696 errors=423/10002 exact_sentences=711/1024
2026-09-21 05:26:09 UTC completed_step=15504 elapsed_seconds=777.78 learning_rate=0.000424592
2026-09-21 05:26:10 UTC completed_step=15520 elapsed_seconds=778.425 learning_rate=0.000424274
2026-09-21 05:26:11 UTC completed_step=15536 elapsed_seconds=779.068 learning_rate=0.000423955
2026-09-21 05:26:11 UTC completed_step=15552 elapsed_seconds=779.713 learning_rate=0.000423636
2026-09-21 05:26:12 UTC completed_step=15568 elapsed_seconds=780.356 learning_rate=0.000423317
2026-09-21 05:26:12 UTC completed_step=15584 elapsed_seconds=781.001 learning_rate=0.000422998
2026-09-21 05:26:13 UTC completed_step=15600 elapsed_seconds=781.649 learning_rate=0.000422678
2026-09-21 05:26:14 UTC completed_step=15616 elapsed_seconds=782.3 learning_rate=0.000422359
2026-09-21 05:26:15 UTC step=15616 elapsed_seconds=783.564 mean_loss=0.235428 errors=360/10002 exact_sentences=743/1024
2026-09-21 05:26:16 UTC completed_step=15632 elapsed_seconds=784.215 learning_rate=0.000422039
2026-09-21 05:26:16 UTC completed_step=15648 elapsed_seconds=784.861 learning_rate=0.000421719
2026-09-21 05:26:17 UTC completed_step=15664 elapsed_seconds=785.507 learning_rate=0.000421399
2026-09-21 05:26:18 UTC completed_step=15680 elapsed_seconds=786.152 learning_rate=0.000421079
2026-09-21 05:26:18 UTC completed_step=15696 elapsed_seconds=786.797 learning_rate=0.000420759
2026-09-21 05:26:19 UTC completed_step=15712 elapsed_seconds=787.442 learning_rate=0.000420438
2026-09-21 05:26:20 UTC completed_step=15728 elapsed_seconds=788.086 learning_rate=0.000420118
2026-09-21 05:26:20 UTC completed_step=15744 elapsed_seconds=788.731 learning_rate=0.000419797
2026-09-21 05:26:21 UTC step=15744 elapsed_seconds=789.971 mean_loss=0.239715 errors=389/10002 exact_sentences=726/1024
2026-09-21 05:26:22 UTC completed_step=15760 elapsed_seconds=790.62 learning_rate=0.000419476
2026-09-21 05:26:23 UTC completed_step=15776 elapsed_seconds=791.265 learning_rate=0.000419155
2026-09-21 05:26:23 UTC completed_step=15792 elapsed_seconds=791.91 learning_rate=0.000418834
2026-09-21 05:26:24 UTC completed_step=15808 elapsed_seconds=792.554 learning_rate=0.000418513
2026-09-21 05:26:25 UTC completed_step=15824 elapsed_seconds=793.198 learning_rate=0.000418191
2026-09-21 05:26:25 UTC completed_step=15840 elapsed_seconds=793.843 learning_rate=0.00041787
2026-09-21 05:26:26 UTC completed_step=15856 elapsed_seconds=794.489 learning_rate=0.000417548
2026-09-21 05:26:27 UTC completed_step=15872 elapsed_seconds=795.136 learning_rate=0.000417226
2026-09-21 05:26:28 UTC step=15872 elapsed_seconds=796.39 mean_loss=0.228383 errors=373/10002 exact_sentences=739/1024
2026-09-21 05:26:28 UTC completed_step=15888 elapsed_seconds=797.043 learning_rate=0.000416904
2026-09-21 05:26:29 UTC completed_step=15904 elapsed_seconds=797.689 learning_rate=0.000416582
2026-09-21 05:26:30 UTC completed_step=15920 elapsed_seconds=798.335 learning_rate=0.00041626
2026-09-21 05:26:30 UTC completed_step=15936 elapsed_seconds=798.983 learning_rate=0.000415938
2026-09-21 05:26:31 UTC completed_step=15952 elapsed_seconds=799.629 learning_rate=0.000415615
2026-09-21 05:26:32 UTC completed_step=15968 elapsed_seconds=800.274 learning_rate=0.000415292
2026-09-21 05:26:32 UTC completed_step=15984 elapsed_seconds=800.919 learning_rate=0.00041497
2026-09-21 05:26:33 UTC completed_step=16000 elapsed_seconds=801.565 learning_rate=0.000414647
2026-09-21 05:26:34 UTC step=16000 elapsed_seconds=802.803 mean_loss=0.219773 errors=351/10002 exact_sentences=753/1024
2026-09-21 05:26:35 UTC completed_step=16016 elapsed_seconds=803.454 learning_rate=0.000414324
2026-09-21 05:26:36 UTC completed_step=16032 elapsed_seconds=804.099 learning_rate=0.000414001
2026-09-21 05:26:36 UTC completed_step=16048 elapsed_seconds=804.745 learning_rate=0.000413677
2026-09-21 05:26:37 UTC completed_step=16064 elapsed_seconds=805.39 learning_rate=0.000413354
2026-09-21 05:26:37 UTC completed_step=16080 elapsed_seconds=806.035 learning_rate=0.00041303
2026-09-21 05:26:38 UTC completed_step=16096 elapsed_seconds=806.68 learning_rate=0.000412706
2026-09-21 05:26:39 UTC completed_step=16112 elapsed_seconds=807.326 learning_rate=0.000412383
2026-09-21 05:26:39 UTC completed_step=16128 elapsed_seconds=807.972 learning_rate=0.000412059
2026-09-21 05:26:41 UTC step=16128 elapsed_seconds=809.224 mean_loss=0.21386 errors=316/10002 exact_sentences=783/1024
2026-09-21 05:26:41 UTC completed_step=16144 elapsed_seconds=809.873 learning_rate=0.000411734
2026-09-21 05:26:42 UTC completed_step=16160 elapsed_seconds=810.517 learning_rate=0.00041141
2026-09-21 05:26:43 UTC completed_step=16176 elapsed_seconds=811.161 learning_rate=0.000411086
2026-09-21 05:26:43 UTC completed_step=16192 elapsed_seconds=811.806 learning_rate=0.000410761
2026-09-21 05:26:44 UTC completed_step=16208 elapsed_seconds=812.451 learning_rate=0.000410437
2026-09-21 05:26:45 UTC completed_step=16224 elapsed_seconds=813.095 learning_rate=0.000410112
2026-09-21 05:26:45 UTC completed_step=16240 elapsed_seconds=813.739 learning_rate=0.000409787
2026-09-21 05:26:46 UTC completed_step=16256 elapsed_seconds=814.384 learning_rate=0.000409462
2026-09-21 05:26:47 UTC step=16256 elapsed_seconds=815.617 mean_loss=0.210326 errors=351/10002 exact_sentences=752/1024
2026-09-21 05:26:48 UTC completed_step=16272 elapsed_seconds=816.266 learning_rate=0.000409137
2026-09-21 05:26:48 UTC completed_step=16288 elapsed_seconds=816.911 learning_rate=0.000408812
2026-09-21 05:26:49 UTC completed_step=16304 elapsed_seconds=817.556 learning_rate=0.000408486
2026-09-21 05:26:50 UTC completed_step=16320 elapsed_seconds=818.2 learning_rate=0.000408161
2026-09-21 05:26:50 UTC completed_step=16336 elapsed_seconds=818.844 learning_rate=0.000407835
2026-09-21 05:26:51 UTC completed_step=16352 elapsed_seconds=819.489 learning_rate=0.000407509
2026-09-21 05:26:52 UTC completed_step=16368 elapsed_seconds=820.133 learning_rate=0.000407183
2026-09-21 05:26:52 UTC completed_step=16384 elapsed_seconds=820.778 learning_rate=0.000406857
2026-09-21 05:26:53 UTC step=16384 elapsed_seconds=822.025 mean_loss=0.20867 errors=331/10002 exact_sentences=774/1024
2026-09-21 05:26:54 UTC completed_step=16400 elapsed_seconds=822.678 learning_rate=0.000406531
2026-09-21 05:26:55 UTC completed_step=16416 elapsed_seconds=823.327 learning_rate=0.000406205
2026-09-21 05:26:55 UTC completed_step=16432 elapsed_seconds=823.977 learning_rate=0.000405879
2026-09-21 05:26:56 UTC completed_step=16448 elapsed_seconds=824.627 learning_rate=0.000405552
2026-09-21 05:26:57 UTC completed_step=16464 elapsed_seconds=825.277 learning_rate=0.000405226
2026-09-21 05:26:57 UTC completed_step=16480 elapsed_seconds=825.926 learning_rate=0.000404899
2026-09-21 05:26:58 UTC completed_step=16496 elapsed_seconds=826.574 learning_rate=0.000404572
2026-09-21 05:26:59 UTC completed_step=16512 elapsed_seconds=827.223 learning_rate=0.000404245
2026-09-21 05:27:00 UTC step=16512 elapsed_seconds=828.467 mean_loss=0.195642 errors=313/10002 exact_sentences=771/1024
2026-09-21 05:27:01 UTC completed_step=16528 elapsed_seconds=829.121 learning_rate=0.000403918
2026-09-21 05:27:01 UTC completed_step=16544 elapsed_seconds=829.77 learning_rate=0.000403591
2026-09-21 05:27:02 UTC completed_step=16560 elapsed_seconds=830.417 learning_rate=0.000403263
2026-09-21 05:27:03 UTC completed_step=16576 elapsed_seconds=831.066 learning_rate=0.000402936
2026-09-21 05:27:03 UTC completed_step=16592 elapsed_seconds=831.714 learning_rate=0.000402608
2026-09-21 05:27:04 UTC completed_step=16608 elapsed_seconds=832.363 learning_rate=0.000402281
2026-09-21 05:27:04 UTC completed_step=16624 elapsed_seconds=833.011 learning_rate=0.000401953
2026-09-21 05:27:05 UTC completed_step=16640 elapsed_seconds=833.659 learning_rate=0.000401625
2026-09-21 05:27:06 UTC step=16640 elapsed_seconds=834.903 mean_loss=0.188459 errors=291/10002 exact_sentences=792/1024
2026-09-21 05:27:07 UTC completed_step=16656 elapsed_seconds=835.556 learning_rate=0.000401297
2026-09-21 05:27:08 UTC completed_step=16672 elapsed_seconds=836.204 learning_rate=0.000400969
2026-09-21 05:27:08 UTC completed_step=16688 elapsed_seconds=836.849 learning_rate=0.000400641
2026-09-21 05:27:09 UTC completed_step=16704 elapsed_seconds=837.495 learning_rate=0.000400312
2026-09-21 05:27:10 UTC completed_step=16720 elapsed_seconds=838.141 learning_rate=0.000399984
2026-09-21 05:27:10 UTC completed_step=16736 elapsed_seconds=838.788 learning_rate=0.000399655
2026-09-21 05:27:11 UTC completed_step=16752 elapsed_seconds=839.433 learning_rate=0.000399327
2026-09-21 05:27:12 UTC completed_step=16768 elapsed_seconds=840.079 learning_rate=0.000398998
2026-09-21 05:27:13 UTC step=16768 elapsed_seconds=841.321 mean_loss=0.187672 errors=299/10002 exact_sentences=778/1024
2026-09-21 05:27:13 UTC completed_step=16784 elapsed_seconds=841.972 learning_rate=0.000398669
2026-09-21 05:27:14 UTC completed_step=16800 elapsed_seconds=842.617 learning_rate=0.00039834
2026-09-21 05:27:15 UTC completed_step=16816 elapsed_seconds=843.262 learning_rate=0.000398011
2026-09-21 05:27:15 UTC completed_step=16832 elapsed_seconds=843.908 learning_rate=0.000397681
2026-09-21 05:27:16 UTC completed_step=16848 elapsed_seconds=844.553 learning_rate=0.000397352
2026-09-21 05:27:17 UTC completed_step=16864 elapsed_seconds=845.199 learning_rate=0.000397023
2026-09-21 05:27:17 UTC completed_step=16880 elapsed_seconds=845.844 learning_rate=0.000396693
2026-09-21 05:27:18 UTC completed_step=16896 elapsed_seconds=846.489 learning_rate=0.000396364
2026-09-21 05:27:19 UTC step=16896 elapsed_seconds=847.723 mean_loss=0.183634 errors=302/10002 exact_sentences=779/1024
2026-09-21 05:27:20 UTC completed_step=16912 elapsed_seconds=848.375 learning_rate=0.000396034
2026-09-21 05:27:20 UTC completed_step=16928 elapsed_seconds=849.021 learning_rate=0.000395704
2026-09-21 05:27:21 UTC completed_step=16944 elapsed_seconds=849.667 learning_rate=0.000395374
2026-09-21 05:27:22 UTC completed_step=16960 elapsed_seconds=850.312 learning_rate=0.000395044
2026-09-21 05:27:22 UTC completed_step=16976 elapsed_seconds=850.956 learning_rate=0.000394714
2026-09-21 05:27:23 UTC completed_step=16992 elapsed_seconds=851.602 learning_rate=0.000394383
2026-09-21 05:27:24 UTC completed_step=17008 elapsed_seconds=852.247 learning_rate=0.000394053
2026-09-21 05:27:24 UTC completed_step=17024 elapsed_seconds=852.892 learning_rate=0.000393723
2026-09-21 05:27:26 UTC step=17024 elapsed_seconds=854.128 mean_loss=0.177413 errors=272/10002 exact_sentences=806/1024
2026-09-21 05:27:26 UTC completed_step=17040 elapsed_seconds=854.778 learning_rate=0.000393392
2026-09-21 05:27:27 UTC completed_step=17056 elapsed_seconds=855.423 learning_rate=0.000393061
2026-09-21 05:27:28 UTC completed_step=17072 elapsed_seconds=856.068 learning_rate=0.00039273
2026-09-21 05:27:28 UTC completed_step=17088 elapsed_seconds=856.713 learning_rate=0.0003924
2026-09-21 05:27:29 UTC completed_step=17104 elapsed_seconds=857.358 learning_rate=0.000392069
2026-09-21 05:27:29 UTC completed_step=17120 elapsed_seconds=858.003 learning_rate=0.000391738
2026-09-21 05:27:30 UTC completed_step=17136 elapsed_seconds=858.649 learning_rate=0.000391406
2026-09-21 05:27:31 UTC completed_step=17152 elapsed_seconds=859.294 learning_rate=0.000391075
2026-09-21 05:27:32 UTC step=17152 elapsed_seconds=860.538 mean_loss=0.173741 errors=283/10002 exact_sentences=796/1024
2026-09-21 05:27:33 UTC completed_step=17168 elapsed_seconds=861.188 learning_rate=0.000390744
2026-09-21 05:27:33 UTC completed_step=17184 elapsed_seconds=861.834 learning_rate=0.000390412
2026-09-21 05:27:34 UTC completed_step=17200 elapsed_seconds=862.48 learning_rate=0.000390081
2026-09-21 05:27:35 UTC completed_step=17216 elapsed_seconds=863.128 learning_rate=0.000389749
2026-09-21 05:27:35 UTC completed_step=17232 elapsed_seconds=863.778 learning_rate=0.000389417
2026-09-21 05:27:36 UTC completed_step=17248 elapsed_seconds=864.428 learning_rate=0.000389085
2026-09-21 05:27:37 UTC completed_step=17264 elapsed_seconds=865.077 learning_rate=0.000388753
2026-09-21 05:27:37 UTC completed_step=17280 elapsed_seconds=865.725 learning_rate=0.000388421
2026-09-21 05:27:38 UTC step=17280 elapsed_seconds=866.974 mean_loss=0.169758 errors=267/10002 exact_sentences=811/1024
2026-09-21 05:27:39 UTC completed_step=17296 elapsed_seconds=867.622 learning_rate=0.000388089
2026-09-21 05:27:40 UTC completed_step=17312 elapsed_seconds=868.267 learning_rate=0.000387757
2026-09-21 05:27:40 UTC completed_step=17328 elapsed_seconds=868.912 learning_rate=0.000387425
2026-09-21 05:27:41 UTC completed_step=17344 elapsed_seconds=869.556 learning_rate=0.000387092
2026-09-21 05:27:42 UTC completed_step=17360 elapsed_seconds=870.201 learning_rate=0.00038676
2026-09-21 05:27:42 UTC completed_step=17376 elapsed_seconds=870.846 learning_rate=0.000386427
2026-09-21 05:27:43 UTC completed_step=17392 elapsed_seconds=871.49 learning_rate=0.000386095
2026-09-21 05:27:44 UTC completed_step=17408 elapsed_seconds=872.134 learning_rate=0.000385762
2026-09-21 05:27:45 UTC step=17408 elapsed_seconds=873.374 mean_loss=0.164534 errors=255/10002 exact_sentences=819/1024
2026-09-21 05:27:45 UTC completed_step=17424 elapsed_seconds=874.025 learning_rate=0.000385429
2026-09-21 05:27:46 UTC completed_step=17440 elapsed_seconds=874.669 learning_rate=0.000385096
2026-09-21 05:27:47 UTC completed_step=17456 elapsed_seconds=875.313 learning_rate=0.000384763
2026-09-21 05:27:47 UTC completed_step=17472 elapsed_seconds=875.957 learning_rate=0.00038443
2026-09-21 05:27:48 UTC completed_step=17488 elapsed_seconds=876.604 learning_rate=0.000384097
2026-09-21 05:27:49 UTC completed_step=17504 elapsed_seconds=877.251 learning_rate=0.000383763
2026-09-21 05:27:49 UTC completed_step=17520 elapsed_seconds=877.898 learning_rate=0.00038343
2026-09-21 05:27:50 UTC completed_step=17536 elapsed_seconds=878.545 learning_rate=0.000383097
2026-09-21 05:27:51 UTC step=17536 elapsed_seconds=879.779 mean_loss=0.156696 errors=242/10002 exact_sentences=832/1024
2026-09-21 05:27:52 UTC completed_step=17552 elapsed_seconds=880.434 learning_rate=0.000382763
2026-09-21 05:27:53 UTC completed_step=17568 elapsed_seconds=881.085 learning_rate=0.000382429
2026-09-21 05:27:53 UTC completed_step=17584 elapsed_seconds=881.735 learning_rate=0.000382096
2026-09-21 05:27:54 UTC completed_step=17600 elapsed_seconds=882.385 learning_rate=0.000381762
2026-09-21 05:27:54 UTC completed_step=17616 elapsed_seconds=883.034 learning_rate=0.000381428
2026-09-21 05:27:55 UTC completed_step=17632 elapsed_seconds=883.684 learning_rate=0.000381094
2026-09-21 05:27:56 UTC completed_step=17648 elapsed_seconds=884.334 learning_rate=0.00038076
2026-09-21 05:27:56 UTC completed_step=17664 elapsed_seconds=884.983 learning_rate=0.000380426
2026-09-21 05:27:58 UTC step=17664 elapsed_seconds=886.22 mean_loss=0.159068 errors=257/10002 exact_sentences=821/1024
2026-09-21 05:27:58 UTC completed_step=17680 elapsed_seconds=886.874 learning_rate=0.000380092
2026-09-21 05:27:59 UTC completed_step=17696 elapsed_seconds=887.524 learning_rate=0.000379757
2026-09-21 05:28:00 UTC completed_step=17712 elapsed_seconds=888.173 learning_rate=0.000379423
2026-09-21 05:28:00 UTC completed_step=17728 elapsed_seconds=888.822 learning_rate=0.000379089
2026-09-21 05:28:01 UTC completed_step=17744 elapsed_seconds=889.471 learning_rate=0.000378754
2026-09-21 05:28:02 UTC completed_step=17760 elapsed_seconds=890.116 learning_rate=0.00037842
2026-09-21 05:28:02 UTC completed_step=17776 elapsed_seconds=890.76 learning_rate=0.000378085
2026-09-21 05:28:03 UTC completed_step=17792 elapsed_seconds=891.405 learning_rate=0.00037775
2026-09-21 05:28:04 UTC step=17792 elapsed_seconds=892.642 mean_loss=0.151869 errors=235/10002 exact_sentences=836/1024
2026-09-21 05:28:05 UTC completed_step=17808 elapsed_seconds=893.295 learning_rate=0.000377415
2026-09-21 05:28:05 UTC completed_step=17824 elapsed_seconds=893.943 learning_rate=0.00037708
2026-09-21 05:28:06 UTC completed_step=17840 elapsed_seconds=894.591 learning_rate=0.000376745
2026-09-21 05:28:07 UTC completed_step=17856 elapsed_seconds=895.238 learning_rate=0.00037641
2026-09-21 05:28:07 UTC completed_step=17872 elapsed_seconds=895.884 learning_rate=0.000376075
2026-09-21 05:28:08 UTC completed_step=17888 elapsed_seconds=896.531 learning_rate=0.00037574
2026-09-21 05:28:09 UTC completed_step=17904 elapsed_seconds=897.177 learning_rate=0.000375405
2026-09-21 05:28:09 UTC completed_step=17920 elapsed_seconds=897.824 learning_rate=0.000375069
2026-09-21 05:28:11 UTC step=17920 elapsed_seconds=899.072 mean_loss=0.14486 errors=222/10002 exact_sentences=843/1024
2026-09-21 05:28:11 UTC completed_step=17936 elapsed_seconds=899.726 learning_rate=0.000374734
2026-09-21 05:28:12 UTC completed_step=17952 elapsed_seconds=900.372 learning_rate=0.000374399
2026-09-21 05:28:12 UTC completed_step=17968 elapsed_seconds=901.019 learning_rate=0.000374063
2026-09-21 05:28:13 UTC completed_step=17984 elapsed_seconds=901.665 learning_rate=0.000373727
2026-09-21 05:28:14 UTC completed_step=18000 elapsed_seconds=902.311 learning_rate=0.000373392
2026-09-21 05:28:14 UTC completed_step=18016 elapsed_seconds=902.957 learning_rate=0.000373056
2026-09-21 05:28:15 UTC completed_step=18032 elapsed_seconds=903.602 learning_rate=0.00037272
2026-09-21 05:28:16 UTC completed_step=18048 elapsed_seconds=904.247 learning_rate=0.000372384
2026-09-21 05:28:17 UTC step=18048 elapsed_seconds=905.483 mean_loss=0.143634 errors=218/10002 exact_sentences=849/1024
2026-09-21 05:28:18 UTC completed_step=18064 elapsed_seconds=906.134 learning_rate=0.000372048
2026-09-21 05:28:18 UTC completed_step=18080 elapsed_seconds=906.779 learning_rate=0.000371712
2026-09-21 05:28:19 UTC completed_step=18096 elapsed_seconds=907.424 learning_rate=0.000371376
2026-09-21 05:28:20 UTC completed_step=18112 elapsed_seconds=908.069 learning_rate=0.00037104
2026-09-21 05:28:20 UTC completed_step=18128 elapsed_seconds=908.714 learning_rate=0.000370704
2026-09-21 05:28:21 UTC completed_step=18144 elapsed_seconds=909.36 learning_rate=0.000370368
2026-09-21 05:28:21 UTC completed_step=18160 elapsed_seconds=910.005 learning_rate=0.000370031
2026-09-21 05:28:22 UTC completed_step=18176 elapsed_seconds=910.65 learning_rate=0.000369695
2026-09-21 05:28:23 UTC step=18176 elapsed_seconds=911.901 mean_loss=0.143906 errors=216/10002 exact_sentences=850/1024
2026-09-21 05:28:24 UTC completed_step=18192 elapsed_seconds=912.551 learning_rate=0.000369358
2026-09-21 05:28:25 UTC completed_step=18208 elapsed_seconds=913.197 learning_rate=0.000369022
2026-09-21 05:28:25 UTC completed_step=18224 elapsed_seconds=913.841 learning_rate=0.000368685
2026-09-21 05:28:26 UTC completed_step=18240 elapsed_seconds=914.487 learning_rate=0.000368348
2026-09-21 05:28:27 UTC completed_step=18256 elapsed_seconds=915.133 learning_rate=0.000368012
2026-09-21 05:28:27 UTC completed_step=18272 elapsed_seconds=915.777 learning_rate=0.000367675
2026-09-21 05:28:28 UTC completed_step=18288 elapsed_seconds=916.422 learning_rate=0.000367338
2026-09-21 05:28:29 UTC completed_step=18304 elapsed_seconds=917.069 learning_rate=0.000367001
2026-09-21 05:28:30 UTC step=18304 elapsed_seconds=918.315 mean_loss=0.134368 errors=209/10002 exact_sentences=856/1024
2026-09-21 05:28:30 UTC completed_step=18320 elapsed_seconds=918.965 learning_rate=0.000366664
2026-09-21 05:28:31 UTC completed_step=18336 elapsed_seconds=919.61 learning_rate=0.000366327
2026-09-21 05:28:32 UTC completed_step=18352 elapsed_seconds=920.255 learning_rate=0.00036599
2026-09-21 05:28:32 UTC completed_step=18368 elapsed_seconds=920.899 learning_rate=0.000365653
2026-09-21 05:28:33 UTC completed_step=18384 elapsed_seconds=921.543 learning_rate=0.000365316
2026-09-21 05:28:34 UTC completed_step=18400 elapsed_seconds=922.187 learning_rate=0.000364979
2026-09-21 05:28:34 UTC completed_step=18416 elapsed_seconds=922.832 learning_rate=0.000364641
2026-09-21 05:28:35 UTC completed_step=18432 elapsed_seconds=923.477 learning_rate=0.000364304
2026-09-21 05:28:36 UTC step=18432 elapsed_seconds=924.715 mean_loss=0.131689 errors=204/10002 exact_sentences=858/1024
2026-09-21 05:28:37 UTC completed_step=18448 elapsed_seconds=925.367 learning_rate=0.000363967
2026-09-21 05:28:37 UTC completed_step=18464 elapsed_seconds=926.012 learning_rate=0.000363629
2026-09-21 05:28:38 UTC completed_step=18480 elapsed_seconds=926.657 learning_rate=0.000363292
2026-09-21 05:28:39 UTC completed_step=18496 elapsed_seconds=927.302 learning_rate=0.000362954
2026-09-21 05:28:39 UTC completed_step=18512 elapsed_seconds=927.946 learning_rate=0.000362616
2026-09-21 05:28:40 UTC completed_step=18528 elapsed_seconds=928.591 learning_rate=0.000362279
2026-09-21 05:28:41 UTC completed_step=18544 elapsed_seconds=929.237 learning_rate=0.000361941
2026-09-21 05:28:41 UTC completed_step=18560 elapsed_seconds=929.882 learning_rate=0.000361603
2026-09-21 05:28:43 UTC step=18560 elapsed_seconds=931.133 mean_loss=0.125689 errors=184/10002 exact_sentences=870/1024
2026-09-21 05:28:43 UTC completed_step=18576 elapsed_seconds=931.789 learning_rate=0.000361265
2026-09-21 05:28:44 UTC completed_step=18592 elapsed_seconds=932.44 learning_rate=0.000360927
2026-09-21 05:28:45 UTC completed_step=18608 elapsed_seconds=933.092 learning_rate=0.00036059
2026-09-21 05:28:45 UTC completed_step=18624 elapsed_seconds=933.742 learning_rate=0.000360252
2026-09-21 05:28:46 UTC completed_step=18640 elapsed_seconds=934.395 learning_rate=0.000359914
2026-09-21 05:28:46 UTC completed_step=18656 elapsed_seconds=935.045 learning_rate=0.000359575
2026-09-21 05:28:47 UTC completed_step=18672 elapsed_seconds=935.695 learning_rate=0.000359237
2026-09-21 05:28:48 UTC completed_step=18688 elapsed_seconds=936.344 learning_rate=0.000358899
2026-09-21 05:28:49 UTC step=18688 elapsed_seconds=937.593 mean_loss=0.122146 errors=171/10002 exact_sentences=881/1024
2026-09-21 05:28:50 UTC completed_step=18704 elapsed_seconds=938.247 learning_rate=0.000358561
2026-09-21 05:28:50 UTC completed_step=18720 elapsed_seconds=938.897 learning_rate=0.000358223
2026-09-21 05:28:51 UTC completed_step=18736 elapsed_seconds=939.546 learning_rate=0.000357884
2026-09-21 05:28:52 UTC completed_step=18752 elapsed_seconds=940.196 learning_rate=0.000357546
2026-09-21 05:28:52 UTC completed_step=18768 elapsed_seconds=940.846 learning_rate=0.000357208
2026-09-21 05:28:53 UTC completed_step=18784 elapsed_seconds=941.495 learning_rate=0.000356869
2026-09-21 05:28:54 UTC completed_step=18800 elapsed_seconds=942.146 learning_rate=0.000356531
2026-09-21 05:28:54 UTC completed_step=18816 elapsed_seconds=942.795 learning_rate=0.000356192
2026-09-21 05:28:56 UTC step=18816 elapsed_seconds=944.055 mean_loss=0.116623 errors=171/10002 exact_sentences=880/1024
2026-09-21 05:28:56 UTC completed_step=18832 elapsed_seconds=944.707 learning_rate=0.000355854
2026-09-21 05:28:57 UTC completed_step=18848 elapsed_seconds=945.355 learning_rate=0.000355515
2026-09-21 05:28:57 UTC completed_step=18864 elapsed_seconds=946.003 learning_rate=0.000355176
2026-09-21 05:28:58 UTC completed_step=18880 elapsed_seconds=946.65 learning_rate=0.000354838
2026-09-21 05:28:59 UTC completed_step=18896 elapsed_seconds=947.297 learning_rate=0.000354499
2026-09-21 05:28:59 UTC completed_step=18912 elapsed_seconds=947.945 learning_rate=0.00035416
2026-09-21 05:29:00 UTC completed_step=18928 elapsed_seconds=948.593 learning_rate=0.000353821
2026-09-21 05:29:01 UTC completed_step=18944 elapsed_seconds=949.24 learning_rate=0.000353483
2026-09-21 05:29:02 UTC step=18944 elapsed_seconds=950.475 mean_loss=0.116995 errors=167/10002 exact_sentences=890/1024
2026-09-21 05:29:03 UTC completed_step=18960 elapsed_seconds=951.129 learning_rate=0.000353144
2026-09-21 05:29:03 UTC completed_step=18976 elapsed_seconds=951.776 learning_rate=0.000352805
2026-09-21 05:29:04 UTC completed_step=18992 elapsed_seconds=952.423 learning_rate=0.000352466
2026-09-21 05:29:05 UTC completed_step=19008 elapsed_seconds=953.07 learning_rate=0.000352127
2026-09-21 05:29:05 UTC completed_step=19024 elapsed_seconds=953.717 learning_rate=0.000351788
2026-09-21 05:29:06 UTC completed_step=19040 elapsed_seconds=954.365 learning_rate=0.000351449
2026-09-21 05:29:06 UTC completed_step=19056 elapsed_seconds=955.014 learning_rate=0.00035111
2026-09-21 05:29:07 UTC completed_step=19072 elapsed_seconds=955.661 learning_rate=0.000350771
2026-09-21 05:29:08 UTC step=19072 elapsed_seconds=956.907 mean_loss=0.113462 errors=167/10002 exact_sentences=883/1024
2026-09-21 05:29:09 UTC completed_step=19088 elapsed_seconds=957.559 learning_rate=0.000350432
2026-09-21 05:29:10 UTC completed_step=19104 elapsed_seconds=958.206 learning_rate=0.000350092
2026-09-21 05:29:10 UTC completed_step=19120 elapsed_seconds=958.852 learning_rate=0.000349753
2026-09-21 05:29:11 UTC completed_step=19136 elapsed_seconds=959.497 learning_rate=0.000349414
2026-09-21 05:29:12 UTC completed_step=19152 elapsed_seconds=960.145 learning_rate=0.000349075
2026-09-21 05:29:12 UTC completed_step=19168 elapsed_seconds=960.791 learning_rate=0.000348735
2026-09-21 05:29:13 UTC completed_step=19184 elapsed_seconds=961.437 learning_rate=0.000348396
2026-09-21 05:29:14 UTC completed_step=19200 elapsed_seconds=962.083 learning_rate=0.000348057
2026-09-21 05:29:15 UTC step=19200 elapsed_seconds=963.327 mean_loss=0.115007 errors=177/10002 exact_sentences=877/1024
2026-09-21 05:29:15 UTC completed_step=19216 elapsed_seconds=963.979 learning_rate=0.000347717
2026-09-21 05:29:16 UTC completed_step=19232 elapsed_seconds=964.625 learning_rate=0.000347378
2026-09-21 05:29:17 UTC completed_step=19248 elapsed_seconds=965.272 learning_rate=0.000347038
2026-09-21 05:29:17 UTC completed_step=19264 elapsed_seconds=965.918 learning_rate=0.000346699
2026-09-21 05:29:18 UTC completed_step=19280 elapsed_seconds=966.563 learning_rate=0.000346359
2026-09-21 05:29:19 UTC completed_step=19296 elapsed_seconds=967.209 learning_rate=0.00034602
2026-09-21 05:29:19 UTC completed_step=19312 elapsed_seconds=967.855 learning_rate=0.00034568
2026-09-21 05:29:20 UTC completed_step=19328 elapsed_seconds=968.502 learning_rate=0.000345341
2026-09-21 05:29:21 UTC step=19328 elapsed_seconds=969.738 mean_loss=0.108065 errors=152/10002 exact_sentences=897/1024
2026-09-21 05:29:22 UTC completed_step=19344 elapsed_seconds=970.39 learning_rate=0.000345001
2026-09-21 05:29:22 UTC completed_step=19360 elapsed_seconds=971.036 learning_rate=0.000344661
2026-09-21 05:29:23 UTC completed_step=19376 elapsed_seconds=971.684 learning_rate=0.000344322
2026-09-21 05:29:24 UTC completed_step=19392 elapsed_seconds=972.332 learning_rate=0.000343982
2026-09-21 05:29:24 UTC completed_step=19408 elapsed_seconds=972.979 learning_rate=0.000343642
2026-09-21 05:29:25 UTC completed_step=19424 elapsed_seconds=973.627 learning_rate=0.000343303
2026-09-21 05:29:26 UTC completed_step=19440 elapsed_seconds=974.275 learning_rate=0.000342963
2026-09-21 05:29:26 UTC completed_step=19456 elapsed_seconds=974.922 learning_rate=0.000342623
2026-09-21 05:29:28 UTC step=19456 elapsed_seconds=976.168 mean_loss=0.105202 errors=160/10002 exact_sentences=886/1024
2026-09-21 05:29:28 UTC completed_step=19472 elapsed_seconds=976.82 learning_rate=0.000342283
2026-09-21 05:29:29 UTC completed_step=19488 elapsed_seconds=977.465 learning_rate=0.000341944
2026-09-21 05:29:30 UTC completed_step=19504 elapsed_seconds=978.112 learning_rate=0.000341604
2026-09-21 05:29:30 UTC completed_step=19520 elapsed_seconds=978.758 learning_rate=0.000341264
2026-09-21 05:29:31 UTC completed_step=19536 elapsed_seconds=979.404 learning_rate=0.000340924
2026-09-21 05:29:32 UTC completed_step=19552 elapsed_seconds=980.05 learning_rate=0.000340584
2026-09-21 05:29:32 UTC completed_step=19568 elapsed_seconds=980.696 learning_rate=0.000340244
2026-09-21 05:29:33 UTC completed_step=19584 elapsed_seconds=981.344 learning_rate=0.000339904
2026-09-21 05:29:34 UTC step=19584 elapsed_seconds=982.583 mean_loss=0.101313 errors=143/10002 exact_sentences=902/1024
2026-09-21 05:29:35 UTC completed_step=19600 elapsed_seconds=983.234 learning_rate=0.000339564
2026-09-21 05:29:35 UTC completed_step=19616 elapsed_seconds=983.88 learning_rate=0.000339225
2026-09-21 05:29:36 UTC completed_step=19632 elapsed_seconds=984.526 learning_rate=0.000338885
2026-09-21 05:29:37 UTC completed_step=19648 elapsed_seconds=985.171 learning_rate=0.000338545
2026-09-21 05:29:37 UTC completed_step=19664 elapsed_seconds=985.817 learning_rate=0.000338205
2026-09-21 05:29:38 UTC completed_step=19680 elapsed_seconds=986.464 learning_rate=0.000337865
2026-09-21 05:29:39 UTC completed_step=19696 elapsed_seconds=987.11 learning_rate=0.000337525
2026-09-21 05:29:39 UTC completed_step=19712 elapsed_seconds=987.757 learning_rate=0.000337185
2026-09-21 05:29:40 UTC step=19712 elapsed_seconds=988.992 mean_loss=0.0992565 errors=144/10002 exact_sentences=900/1024
2026-09-21 05:29:41 UTC completed_step=19728 elapsed_seconds=989.643 learning_rate=0.000336845
2026-09-21 05:29:42 UTC completed_step=19744 elapsed_seconds=990.288 learning_rate=0.000336505
2026-09-21 05:29:42 UTC completed_step=19760 elapsed_seconds=990.933 learning_rate=0.000336165
2026-09-21 05:29:43 UTC completed_step=19776 elapsed_seconds=991.578 learning_rate=0.000335824
2026-09-21 05:29:44 UTC completed_step=19792 elapsed_seconds=992.224 learning_rate=0.000335484
2026-09-21 05:29:44 UTC completed_step=19808 elapsed_seconds=992.87 learning_rate=0.000335144
2026-09-21 05:29:45 UTC completed_step=19824 elapsed_seconds=993.516 learning_rate=0.000334804
2026-09-21 05:29:46 UTC completed_step=19840 elapsed_seconds=994.161 learning_rate=0.000334464
2026-09-21 05:29:47 UTC step=19840 elapsed_seconds=995.394 mean_loss=0.0964335 errors=139/10002 exact_sentences=906/1024
2026-09-21 05:29:47 UTC completed_step=19856 elapsed_seconds=996.045 learning_rate=0.000334124
2026-09-21 05:29:48 UTC completed_step=19872 elapsed_seconds=996.69 learning_rate=0.000333784
2026-09-21 05:29:49 UTC completed_step=19888 elapsed_seconds=997.335 learning_rate=0.000333444
2026-09-21 05:29:49 UTC completed_step=19904 elapsed_seconds=997.983 learning_rate=0.000333104
2026-09-21 05:29:50 UTC completed_step=19920 elapsed_seconds=998.634 learning_rate=0.000332764
2026-09-21 05:29:51 UTC completed_step=19936 elapsed_seconds=999.285 learning_rate=0.000332423
2026-09-21 05:29:51 UTC completed_step=19952 elapsed_seconds=999.933 learning_rate=0.000332083
2026-09-21 05:29:52 UTC completed_step=19968 elapsed_seconds=1000.58 learning_rate=0.000331743
2026-09-21 05:29:53 UTC step=19968 elapsed_seconds=1001.83 mean_loss=0.0965103 errors=143/10002 exact_sentences=902/1024
2026-09-21 05:29:54 UTC completed_step=19984 elapsed_seconds=1002.49 learning_rate=0.000331403
2026-09-21 05:29:55 UTC completed_step=20000 elapsed_seconds=1003.14 learning_rate=0.000331063
2026-09-21 05:29:55 UTC completed_step=20016 elapsed_seconds=1003.79 learning_rate=0.000330723
2026-09-21 05:29:56 UTC completed_step=20032 elapsed_seconds=1004.44 learning_rate=0.000330383
2026-09-21 05:29:57 UTC completed_step=20048 elapsed_seconds=1005.09 learning_rate=0.000330043
2026-09-21 05:29:57 UTC completed_step=20064 elapsed_seconds=1005.74 learning_rate=0.000329702
2026-09-21 05:29:58 UTC completed_step=20080 elapsed_seconds=1006.39 learning_rate=0.000329362
2026-09-21 05:29:58 UTC completed_step=20096 elapsed_seconds=1007.04 learning_rate=0.000329022
2026-09-21 05:30:00 UTC step=20096 elapsed_seconds=1008.29 mean_loss=0.0939668 errors=140/10002 exact_sentences=912/1024
2026-09-21 05:30:00 UTC completed_step=20112 elapsed_seconds=1008.95 learning_rate=0.000328682
2026-09-21 05:30:01 UTC completed_step=20128 elapsed_seconds=1009.6 learning_rate=0.000328342
2026-09-21 05:30:02 UTC completed_step=20144 elapsed_seconds=1010.25 learning_rate=0.000328002
2026-09-21 05:30:02 UTC completed_step=20160 elapsed_seconds=1010.9 learning_rate=0.000327662
2026-09-21 05:30:03 UTC completed_step=20176 elapsed_seconds=1011.54 learning_rate=0.000327321
2026-09-21 05:30:04 UTC completed_step=20192 elapsed_seconds=1012.19 learning_rate=0.000326981
2026-09-21 05:30:04 UTC completed_step=20208 elapsed_seconds=1012.83 learning_rate=0.000326641
2026-09-21 05:30:05 UTC completed_step=20224 elapsed_seconds=1013.48 learning_rate=0.000326301
2026-09-21 05:30:06 UTC step=20224 elapsed_seconds=1014.72 mean_loss=0.088897 errors=123/10002 exact_sentences=919/1024
2026-09-21 05:30:07 UTC completed_step=20240 elapsed_seconds=1015.37 learning_rate=0.000325961
2026-09-21 05:30:07 UTC completed_step=20256 elapsed_seconds=1016.02 learning_rate=0.000325621
2026-09-21 05:30:08 UTC completed_step=20272 elapsed_seconds=1016.66 learning_rate=0.000325281
2026-09-21 05:30:09 UTC completed_step=20288 elapsed_seconds=1017.31 learning_rate=0.000324941
2026-09-21 05:30:09 UTC completed_step=20304 elapsed_seconds=1017.95 learning_rate=0.000324601
2026-09-21 05:30:10 UTC completed_step=20320 elapsed_seconds=1018.6 learning_rate=0.000324261
2026-09-21 05:30:11 UTC completed_step=20336 elapsed_seconds=1019.25 learning_rate=0.00032392
2026-09-21 05:30:11 UTC completed_step=20352 elapsed_seconds=1019.89 learning_rate=0.00032358
2026-09-21 05:30:13 UTC step=20352 elapsed_seconds=1021.13 mean_loss=0.0853959 errors=109/10002 exact_sentences=930/1024
2026-09-21 05:30:13 UTC completed_step=20368 elapsed_seconds=1021.79 learning_rate=0.00032324
2026-09-21 05:30:14 UTC completed_step=20384 elapsed_seconds=1022.43 learning_rate=0.0003229
2026-09-21 05:30:15 UTC completed_step=20400 elapsed_seconds=1023.08 learning_rate=0.00032256
2026-09-21 05:30:15 UTC completed_step=20416 elapsed_seconds=1023.72 learning_rate=0.00032222
2026-09-21 05:30:16 UTC completed_step=20432 elapsed_seconds=1024.37 learning_rate=0.00032188
2026-09-21 05:30:16 UTC completed_step=20448 elapsed_seconds=1025.02 learning_rate=0.00032154
2026-09-21 05:30:17 UTC completed_step=20464 elapsed_seconds=1025.67 learning_rate=0.0003212
2026-09-21 05:30:18 UTC completed_step=20480 elapsed_seconds=1026.32 learning_rate=0.00032086
2026-09-21 05:30:19 UTC step=20480 elapsed_seconds=1027.55 mean_loss=0.0854215 errors=123/10002 exact_sentences=919/1024
2026-09-21 05:30:20 UTC completed_step=20496 elapsed_seconds=1028.21 learning_rate=0.00032052
2026-09-21 05:30:20 UTC completed_step=20512 elapsed_seconds=1028.85 learning_rate=0.000320181
2026-09-21 05:30:21 UTC completed_step=20528 elapsed_seconds=1029.5 learning_rate=0.000319841
2026-09-21 05:30:22 UTC completed_step=20544 elapsed_seconds=1030.15 learning_rate=0.000319501
2026-09-21 05:30:22 UTC completed_step=20560 elapsed_seconds=1030.8 learning_rate=0.000319161
2026-09-21 05:30:23 UTC completed_step=20576 elapsed_seconds=1031.45 learning_rate=0.000318821
2026-09-21 05:30:24 UTC completed_step=20592 elapsed_seconds=1032.1 learning_rate=0.000318481
2026-09-21 05:30:24 UTC completed_step=20608 elapsed_seconds=1032.74 learning_rate=0.000318141
2026-09-21 05:30:25 UTC step=20608 elapsed_seconds=1033.99 mean_loss=0.0837272 errors=126/10002 exact_sentences=917/1024
2026-09-21 05:30:26 UTC completed_step=20624 elapsed_seconds=1034.64 learning_rate=0.000317802
2026-09-21 05:30:27 UTC completed_step=20640 elapsed_seconds=1035.29 learning_rate=0.000317462
2026-09-21 05:30:27 UTC completed_step=20656 elapsed_seconds=1035.94 learning_rate=0.000317122
2026-09-21 05:30:28 UTC completed_step=20672 elapsed_seconds=1036.58 learning_rate=0.000316782
2026-09-21 05:30:29 UTC completed_step=20688 elapsed_seconds=1037.23 learning_rate=0.000316443
2026-09-21 05:30:29 UTC completed_step=20704 elapsed_seconds=1037.88 learning_rate=0.000316103
2026-09-21 05:30:30 UTC completed_step=20720 elapsed_seconds=1038.53 learning_rate=0.000315763
2026-09-21 05:30:31 UTC completed_step=20736 elapsed_seconds=1039.18 learning_rate=0.000315423
2026-09-21 05:30:32 UTC step=20736 elapsed_seconds=1040.4 mean_loss=0.0819824 errors=110/10002 exact_sentences=932/1024
2026-09-21 05:30:33 UTC completed_step=20752 elapsed_seconds=1041.06 learning_rate=0.000315084
2026-09-21 05:30:33 UTC completed_step=20768 elapsed_seconds=1041.71 learning_rate=0.000314744
2026-09-21 05:30:34 UTC completed_step=20784 elapsed_seconds=1042.36 learning_rate=0.000314405
2026-09-21 05:30:34 UTC completed_step=20800 elapsed_seconds=1043.01 learning_rate=0.000314065
2026-09-21 05:30:35 UTC completed_step=20816 elapsed_seconds=1043.65 learning_rate=0.000313726
2026-09-21 05:30:36 UTC completed_step=20832 elapsed_seconds=1044.3 learning_rate=0.000313386
2026-09-21 05:30:36 UTC completed_step=20848 elapsed_seconds=1044.95 learning_rate=0.000313047
2026-09-21 05:30:37 UTC completed_step=20864 elapsed_seconds=1045.6 learning_rate=0.000312707
2026-09-21 05:30:38 UTC step=20864 elapsed_seconds=1046.86 mean_loss=0.0777483 errors=109/10002 exact_sentences=926/1024
2026-09-21 05:30:39 UTC completed_step=20880 elapsed_seconds=1047.52 learning_rate=0.000312368
2026-09-21 05:30:40 UTC completed_step=20896 elapsed_seconds=1048.17 learning_rate=0.000312028
2026-09-21 05:30:40 UTC completed_step=20912 elapsed_seconds=1048.81 learning_rate=0.000311689
2026-09-21 05:30:41 UTC completed_step=20928 elapsed_seconds=1049.46 learning_rate=0.00031135
2026-09-21 05:30:42 UTC completed_step=20944 elapsed_seconds=1050.11 learning_rate=0.00031101
2026-09-21 05:30:42 UTC completed_step=20960 elapsed_seconds=1050.76 learning_rate=0.000310671
2026-09-21 05:30:43 UTC completed_step=20976 elapsed_seconds=1051.4 learning_rate=0.000310332
2026-09-21 05:30:43 UTC completed_step=20992 elapsed_seconds=1052.05 learning_rate=0.000309992
2026-09-21 05:30:45 UTC step=20992 elapsed_seconds=1053.29 mean_loss=0.0781347 errors=110/10002 exact_sentences=931/1024
2026-09-21 05:30:45 UTC completed_step=21008 elapsed_seconds=1053.94 learning_rate=0.000309653
2026-09-21 05:30:46 UTC completed_step=21024 elapsed_seconds=1054.59 learning_rate=0.000309314
2026-09-21 05:30:47 UTC completed_step=21040 elapsed_seconds=1055.23 learning_rate=0.000308975
2026-09-21 05:30:47 UTC completed_step=21056 elapsed_seconds=1055.88 learning_rate=0.000308636
2026-09-21 05:30:48 UTC completed_step=21072 elapsed_seconds=1056.52 learning_rate=0.000308297
2026-09-21 05:30:49 UTC completed_step=21088 elapsed_seconds=1057.17 learning_rate=0.000307958
2026-09-21 05:30:49 UTC completed_step=21104 elapsed_seconds=1057.81 learning_rate=0.000307619
2026-09-21 05:30:50 UTC completed_step=21120 elapsed_seconds=1058.46 learning_rate=0.00030728
2026-09-21 05:30:51 UTC step=21120 elapsed_seconds=1059.71 mean_loss=0.0739932 errors=99/10002 exact_sentences=938/1024
2026-09-21 05:30:52 UTC completed_step=21136 elapsed_seconds=1060.36 learning_rate=0.000306941
2026-09-21 05:30:52 UTC completed_step=21152 elapsed_seconds=1061 learning_rate=0.000306602
2026-09-21 05:30:53 UTC completed_step=21168 elapsed_seconds=1061.65 learning_rate=0.000306263
2026-09-21 05:30:54 UTC completed_step=21184 elapsed_seconds=1062.29 learning_rate=0.000305924
2026-09-21 05:30:54 UTC completed_step=21200 elapsed_seconds=1062.94 learning_rate=0.000305586
2026-09-21 05:30:55 UTC completed_step=21216 elapsed_seconds=1063.58 learning_rate=0.000305247
2026-09-21 05:30:56 UTC completed_step=21232 elapsed_seconds=1064.23 learning_rate=0.000304908
2026-09-21 05:30:56 UTC completed_step=21248 elapsed_seconds=1064.88 learning_rate=0.00030457
2026-09-21 05:30:58 UTC step=21248 elapsed_seconds=1066.12 mean_loss=0.0691375 errors=92/10002 exact_sentences=944/1024
2026-09-21 05:30:58 UTC completed_step=21264 elapsed_seconds=1066.77 learning_rate=0.000304231
2026-09-21 05:30:59 UTC completed_step=21280 elapsed_seconds=1067.42 learning_rate=0.000303892
2026-09-21 05:31:00 UTC completed_step=21296 elapsed_seconds=1068.07 learning_rate=0.000303554
2026-09-21 05:31:00 UTC completed_step=21312 elapsed_seconds=1068.71 learning_rate=0.000303215
2026-09-21 05:31:01 UTC completed_step=21328 elapsed_seconds=1069.36 learning_rate=0.000302877
2026-09-21 05:31:01 UTC completed_step=21344 elapsed_seconds=1070.01 learning_rate=0.000302539
2026-09-21 05:31:02 UTC completed_step=21360 elapsed_seconds=1070.65 learning_rate=0.0003022
2026-09-21 05:31:03 UTC completed_step=21376 elapsed_seconds=1071.3 learning_rate=0.000301862
2026-09-21 05:31:04 UTC step=21376 elapsed_seconds=1072.53 mean_loss=0.0696706 errors=97/10002 exact_sentences=939/1024
2026-09-21 05:31:05 UTC completed_step=21392 elapsed_seconds=1073.19 learning_rate=0.000301524
2026-09-21 05:31:05 UTC completed_step=21408 elapsed_seconds=1073.83 learning_rate=0.000301185
2026-09-21 05:31:06 UTC completed_step=21424 elapsed_seconds=1074.48 learning_rate=0.000300847
2026-09-21 05:31:07 UTC completed_step=21440 elapsed_seconds=1075.13 learning_rate=0.000300509
2026-09-21 05:31:07 UTC completed_step=21456 elapsed_seconds=1075.78 learning_rate=0.000300171
2026-09-21 05:31:08 UTC completed_step=21472 elapsed_seconds=1076.42 learning_rate=0.000299833
2026-09-21 05:31:09 UTC completed_step=21488 elapsed_seconds=1077.07 learning_rate=0.000299495
2026-09-21 05:31:09 UTC completed_step=21504 elapsed_seconds=1077.72 learning_rate=0.000299157
2026-09-21 05:31:10 UTC step=21504 elapsed_seconds=1078.96 mean_loss=0.0657838 errors=96/10002 exact_sentences=940/1024
2026-09-21 05:31:11 UTC completed_step=21520 elapsed_seconds=1079.61 learning_rate=0.000298819
2026-09-21 05:31:12 UTC completed_step=21536 elapsed_seconds=1080.26 learning_rate=0.000298481
2026-09-21 05:31:12 UTC completed_step=21552 elapsed_seconds=1080.9 learning_rate=0.000298144
2026-09-21 05:31:13 UTC completed_step=21568 elapsed_seconds=1081.55 learning_rate=0.000297806
2026-09-21 05:31:14 UTC completed_step=21584 elapsed_seconds=1082.19 learning_rate=0.000297468
2026-09-21 05:31:14 UTC completed_step=21600 elapsed_seconds=1082.84 learning_rate=0.00029713
2026-09-21 05:31:15 UTC completed_step=21616 elapsed_seconds=1083.48 learning_rate=0.000296793
2026-09-21 05:31:16 UTC completed_step=21632 elapsed_seconds=1084.13 learning_rate=0.000296455
2026-09-21 05:31:17 UTC step=21632 elapsed_seconds=1085.39 mean_loss=0.0675197 errors=97/10002 exact_sentences=938/1024
2026-09-21 05:31:17 UTC completed_step=21648 elapsed_seconds=1086.03 learning_rate=0.000296118
2026-09-21 05:31:18 UTC completed_step=21664 elapsed_seconds=1086.68 learning_rate=0.00029578
2026-09-21 05:31:19 UTC completed_step=21680 elapsed_seconds=1087.33 learning_rate=0.000295443
2026-09-21 05:31:19 UTC completed_step=21696 elapsed_seconds=1087.97 learning_rate=0.000295106
2026-09-21 05:31:20 UTC completed_step=21712 elapsed_seconds=1088.62 learning_rate=0.000294768
2026-09-21 05:31:21 UTC completed_step=21728 elapsed_seconds=1089.26 learning_rate=0.000294431
2026-09-21 05:31:21 UTC completed_step=21744 elapsed_seconds=1089.91 learning_rate=0.000294094
2026-09-21 05:31:22 UTC completed_step=21760 elapsed_seconds=1090.55 learning_rate=0.000293757
2026-09-21 05:31:23 UTC step=21760 elapsed_seconds=1091.79 mean_loss=0.0626847 errors=87/10002 exact_sentences=947/1024
2026-09-21 05:31:24 UTC completed_step=21776 elapsed_seconds=1092.44 learning_rate=0.00029342
2026-09-21 05:31:25 UTC completed_step=21792 elapsed_seconds=1093.09 learning_rate=0.000293083
2026-09-21 05:31:25 UTC completed_step=21808 elapsed_seconds=1093.73 learning_rate=0.000292746
2026-09-21 05:31:26 UTC completed_step=21824 elapsed_seconds=1094.38 learning_rate=0.000292409
2026-09-21 05:31:26 UTC completed_step=21840 elapsed_seconds=1095.03 learning_rate=0.000292072
2026-09-21 05:31:27 UTC completed_step=21856 elapsed_seconds=1095.67 learning_rate=0.000291736
2026-09-21 05:31:28 UTC completed_step=21872 elapsed_seconds=1096.32 learning_rate=0.000291399
2026-09-21 05:31:28 UTC completed_step=21888 elapsed_seconds=1096.97 learning_rate=0.000291062
2026-09-21 05:31:30 UTC step=21888 elapsed_seconds=1098.23 mean_loss=0.0592866 errors=81/10002 exact_sentences=949/1024
2026-09-21 05:31:30 UTC completed_step=21904 elapsed_seconds=1098.88 learning_rate=0.000290726
2026-09-21 05:31:31 UTC completed_step=21920 elapsed_seconds=1099.53 learning_rate=0.000290389
2026-09-21 05:31:32 UTC completed_step=21936 elapsed_seconds=1100.17 learning_rate=0.000290053
2026-09-21 05:31:32 UTC completed_step=21952 elapsed_seconds=1100.82 learning_rate=0.000289717
2026-09-21 05:31:33 UTC completed_step=21968 elapsed_seconds=1101.47 learning_rate=0.00028938
2026-09-21 05:31:34 UTC completed_step=21984 elapsed_seconds=1102.11 learning_rate=0.000289044
2026-09-21 05:31:34 UTC completed_step=22000 elapsed_seconds=1102.76 learning_rate=0.000288708
2026-09-21 05:31:35 UTC completed_step=22016 elapsed_seconds=1103.41 learning_rate=0.000288372
2026-09-21 05:31:36 UTC step=22016 elapsed_seconds=1104.64 mean_loss=0.0603229 errors=82/10002 exact_sentences=954/1024
2026-09-21 05:31:37 UTC completed_step=22032 elapsed_seconds=1105.29 learning_rate=0.000288036
2026-09-21 05:31:37 UTC completed_step=22048 elapsed_seconds=1105.94 learning_rate=0.0002877
2026-09-21 05:31:38 UTC completed_step=22064 elapsed_seconds=1106.58 learning_rate=0.000287364
2026-09-21 05:31:39 UTC completed_step=22080 elapsed_seconds=1107.23 learning_rate=0.000287028
2026-09-21 05:31:39 UTC completed_step=22096 elapsed_seconds=1107.88 learning_rate=0.000286692
2026-09-21 05:31:40 UTC completed_step=22112 elapsed_seconds=1108.53 learning_rate=0.000286356
2026-09-21 05:31:41 UTC completed_step=22128 elapsed_seconds=1109.17 learning_rate=0.000286021
2026-09-21 05:31:41 UTC completed_step=22144 elapsed_seconds=1109.82 learning_rate=0.000285685
2026-09-21 05:31:43 UTC step=22144 elapsed_seconds=1111.08 mean_loss=0.0565284 errors=76/10002 exact_sentences=957/1024
2026-09-21 05:31:43 UTC completed_step=22160 elapsed_seconds=1111.73 learning_rate=0.00028535
2026-09-21 05:31:44 UTC completed_step=22176 elapsed_seconds=1112.38 learning_rate=0.000285014
2026-09-21 05:31:44 UTC completed_step=22192 elapsed_seconds=1113.03 learning_rate=0.000284679
2026-09-21 05:31:45 UTC completed_step=22208 elapsed_seconds=1113.68 learning_rate=0.000284344
2026-09-21 05:31:46 UTC completed_step=22224 elapsed_seconds=1114.33 learning_rate=0.000284009
2026-09-21 05:31:46 UTC completed_step=22240 elapsed_seconds=1114.97 learning_rate=0.000283673
2026-09-21 05:31:47 UTC completed_step=22256 elapsed_seconds=1115.62 learning_rate=0.000283338
2026-09-21 05:31:48 UTC completed_step=22272 elapsed_seconds=1116.27 learning_rate=0.000283003
2026-09-21 05:31:49 UTC step=22272 elapsed_seconds=1117.5 mean_loss=0.0587451 errors=80/10002 exact_sentences=955/1024
2026-09-21 05:31:50 UTC completed_step=22288 elapsed_seconds=1118.15 learning_rate=0.000282668
2026-09-21 05:31:50 UTC completed_step=22304 elapsed_seconds=1118.8 learning_rate=0.000282334
2026-09-21 05:31:51 UTC completed_step=22320 elapsed_seconds=1119.45 learning_rate=0.000281999
2026-09-21 05:31:52 UTC completed_step=22336 elapsed_seconds=1120.1 learning_rate=0.000281664
2026-09-21 05:31:52 UTC completed_step=22352 elapsed_seconds=1120.74 learning_rate=0.00028133
2026-09-21 05:31:53 UTC completed_step=22368 elapsed_seconds=1121.39 learning_rate=0.000280995
2026-09-21 05:31:53 UTC completed_step=22384 elapsed_seconds=1122.04 learning_rate=0.000280661
2026-09-21 05:31:54 UTC completed_step=22400 elapsed_seconds=1122.68 learning_rate=0.000280326
2026-09-21 05:31:55 UTC step=22400 elapsed_seconds=1123.92 mean_loss=0.054113 errors=75/10002 exact_sentences=958/1024
2026-09-21 05:31:56 UTC completed_step=22416 elapsed_seconds=1124.57 learning_rate=0.000279992
2026-09-21 05:31:57 UTC completed_step=22432 elapsed_seconds=1125.21 learning_rate=0.000279658
2026-09-21 05:31:57 UTC completed_step=22448 elapsed_seconds=1125.86 learning_rate=0.000279324
2026-09-21 05:31:58 UTC completed_step=22464 elapsed_seconds=1126.51 learning_rate=0.000278989
2026-09-21 05:31:59 UTC completed_step=22480 elapsed_seconds=1127.15 learning_rate=0.000278655
2026-09-21 05:31:59 UTC completed_step=22496 elapsed_seconds=1127.8 learning_rate=0.000278322
2026-09-21 05:32:00 UTC completed_step=22512 elapsed_seconds=1128.44 learning_rate=0.000277988
2026-09-21 05:32:01 UTC completed_step=22528 elapsed_seconds=1129.09 learning_rate=0.000277654
2026-09-21 05:32:02 UTC step=22528 elapsed_seconds=1130.32 mean_loss=0.0528135 errors=76/10002 exact_sentences=960/1024
2026-09-21 05:32:02 UTC completed_step=22544 elapsed_seconds=1130.98 learning_rate=0.00027732
2026-09-21 05:32:03 UTC completed_step=22560 elapsed_seconds=1131.62 learning_rate=0.000276987
2026-09-21 05:32:04 UTC completed_step=22576 elapsed_seconds=1132.26 learning_rate=0.000276653
2026-09-21 05:32:04 UTC completed_step=22592 elapsed_seconds=1132.91 learning_rate=0.00027632
2026-09-21 05:32:05 UTC completed_step=22608 elapsed_seconds=1133.56 learning_rate=0.000275987
2026-09-21 05:32:06 UTC completed_step=22624 elapsed_seconds=1134.2 learning_rate=0.000275653
2026-09-21 05:32:06 UTC completed_step=22640 elapsed_seconds=1134.85 learning_rate=0.00027532
2026-09-21 05:32:07 UTC completed_step=22656 elapsed_seconds=1135.5 learning_rate=0.000274987
2026-09-21 05:32:08 UTC step=22656 elapsed_seconds=1136.73 mean_loss=0.0512825 errors=69/10002 exact_sentences=966/1024
2026-09-21 05:32:09 UTC completed_step=22672 elapsed_seconds=1137.38 learning_rate=0.000274654
2026-09-21 05:32:09 UTC completed_step=22688 elapsed_seconds=1138.03 learning_rate=0.000274321
2026-09-21 05:32:10 UTC completed_step=22704 elapsed_seconds=1138.68 learning_rate=0.000273989
2026-09-21 05:32:11 UTC completed_step=22720 elapsed_seconds=1139.32 learning_rate=0.000273656
2026-09-21 05:32:11 UTC completed_step=22736 elapsed_seconds=1139.96 learning_rate=0.000273323
2026-09-21 05:32:12 UTC completed_step=22752 elapsed_seconds=1140.61 learning_rate=0.000272991
2026-09-21 05:32:13 UTC completed_step=22768 elapsed_seconds=1141.26 learning_rate=0.000272658
2026-09-21 05:32:13 UTC completed_step=22784 elapsed_seconds=1141.9 learning_rate=0.000272326
2026-09-21 05:32:15 UTC step=22784 elapsed_seconds=1143.14 mean_loss=0.0499875 errors=66/10002 exact_sentences=966/1024
2026-09-21 05:32:15 UTC completed_step=22800 elapsed_seconds=1143.79 learning_rate=0.000271994
2026-09-21 05:32:16 UTC completed_step=22816 elapsed_seconds=1144.44 learning_rate=0.000271662
2026-09-21 05:32:17 UTC completed_step=22832 elapsed_seconds=1145.08 learning_rate=0.00027133
2026-09-21 05:32:17 UTC completed_step=22848 elapsed_seconds=1145.73 learning_rate=0.000270998
2026-09-21 05:32:18 UTC completed_step=22864 elapsed_seconds=1146.38 learning_rate=0.000270666
2026-09-21 05:32:18 UTC completed_step=22880 elapsed_seconds=1147.03 learning_rate=0.000270334
2026-09-21 05:32:19 UTC completed_step=22896 elapsed_seconds=1147.67 learning_rate=0.000270002
2026-09-21 05:32:20 UTC completed_step=22912 elapsed_seconds=1148.32 learning_rate=0.000269671
2026-09-21 05:32:21 UTC step=22912 elapsed_seconds=1149.55 mean_loss=0.0491664 errors=66/10002 exact_sentences=966/1024
2026-09-21 05:32:22 UTC completed_step=22928 elapsed_seconds=1150.21 learning_rate=0.000269339
2026-09-21 05:32:22 UTC completed_step=22944 elapsed_seconds=1150.85 learning_rate=0.000269008
2026-09-21 05:32:23 UTC completed_step=22960 elapsed_seconds=1151.5 learning_rate=0.000268676
2026-09-21 05:32:24 UTC completed_step=22976 elapsed_seconds=1152.15 learning_rate=0.000268345
2026-09-21 05:32:24 UTC completed_step=22992 elapsed_seconds=1152.79 learning_rate=0.000268014
2026-09-21 05:32:25 UTC completed_step=23008 elapsed_seconds=1153.44 learning_rate=0.000267683
2026-09-21 05:32:26 UTC completed_step=23024 elapsed_seconds=1154.09 learning_rate=0.000267352
2026-09-21 05:32:26 UTC completed_step=23040 elapsed_seconds=1154.73 learning_rate=0.000267021
2026-09-21 05:32:27 UTC step=23040 elapsed_seconds=1155.97 mean_loss=0.0471036 errors=59/10002 exact_sentences=975/1024
2026-09-21 05:32:28 UTC completed_step=23056 elapsed_seconds=1156.63 learning_rate=0.000266691
2026-09-21 05:32:29 UTC completed_step=23072 elapsed_seconds=1157.27 learning_rate=0.00026636
2026-09-21 05:32:29 UTC completed_step=23088 elapsed_seconds=1157.92 learning_rate=0.00026603
2026-09-21 05:32:30 UTC completed_step=23104 elapsed_seconds=1158.56 learning_rate=0.000265699
2026-09-21 05:32:31 UTC completed_step=23120 elapsed_seconds=1159.21 learning_rate=0.000265369
2026-09-21 05:32:31 UTC completed_step=23136 elapsed_seconds=1159.86 learning_rate=0.000265039
2026-09-21 05:32:32 UTC completed_step=23152 elapsed_seconds=1160.5 learning_rate=0.000264709
2026-09-21 05:32:33 UTC completed_step=23168 elapsed_seconds=1161.15 learning_rate=0.000264379
2026-09-21 05:32:34 UTC step=23168 elapsed_seconds=1162.39 mean_loss=0.0454621 errors=56/10002 exact_sentences=975/1024
2026-09-21 05:32:34 UTC completed_step=23184 elapsed_seconds=1163.04 learning_rate=0.000264049
2026-09-21 05:32:35 UTC completed_step=23200 elapsed_seconds=1163.68 learning_rate=0.000263719
2026-09-21 05:32:36 UTC completed_step=23216 elapsed_seconds=1164.33 learning_rate=0.000263389
2026-09-21 05:32:36 UTC completed_step=23232 elapsed_seconds=1164.97 learning_rate=0.00026306
2026-09-21 05:32:37 UTC completed_step=23248 elapsed_seconds=1165.62 learning_rate=0.00026273
2026-09-21 05:32:38 UTC completed_step=23264 elapsed_seconds=1166.26 learning_rate=0.000262401
2026-09-21 05:32:38 UTC completed_step=23280 elapsed_seconds=1166.91 learning_rate=0.000262072
2026-09-21 05:32:39 UTC completed_step=23296 elapsed_seconds=1167.55 learning_rate=0.000261742
2026-09-21 05:32:40 UTC step=23296 elapsed_seconds=1168.78 mean_loss=0.0474519 errors=73/10002 exact_sentences=959/1024
2026-09-21 05:32:41 UTC completed_step=23312 elapsed_seconds=1169.43 learning_rate=0.000261413
2026-09-21 05:32:42 UTC completed_step=23328 elapsed_seconds=1170.08 learning_rate=0.000261084
2026-09-21 05:32:42 UTC completed_step=23344 elapsed_seconds=1170.72 learning_rate=0.000260756
2026-09-21 05:32:43 UTC completed_step=23360 elapsed_seconds=1171.37 learning_rate=0.000260427
2026-09-21 05:32:43 UTC completed_step=23376 elapsed_seconds=1172.01 learning_rate=0.000260098
2026-09-21 05:32:44 UTC completed_step=23392 elapsed_seconds=1172.66 learning_rate=0.00025977
2026-09-21 05:32:45 UTC completed_step=23408 elapsed_seconds=1173.31 learning_rate=0.000259441
2026-09-21 05:32:45 UTC completed_step=23424 elapsed_seconds=1173.96 learning_rate=0.000259113
2026-09-21 05:32:47 UTC step=23424 elapsed_seconds=1175.2 mean_loss=0.0424354 errors=56/10002 exact_sentences=975/1024
2026-09-21 05:32:47 UTC completed_step=23440 elapsed_seconds=1175.85 learning_rate=0.000258785
2026-09-21 05:32:48 UTC completed_step=23456 elapsed_seconds=1176.5 learning_rate=0.000258457
2026-09-21 05:32:49 UTC completed_step=23472 elapsed_seconds=1177.15 learning_rate=0.000258129
2026-09-21 05:32:49 UTC completed_step=23488 elapsed_seconds=1177.8 learning_rate=0.000257801
2026-09-21 05:32:50 UTC completed_step=23504 elapsed_seconds=1178.45 learning_rate=0.000257474
2026-09-21 05:32:51 UTC completed_step=23520 elapsed_seconds=1179.1 learning_rate=0.000257146
2026-09-21 05:32:51 UTC completed_step=23536 elapsed_seconds=1179.75 learning_rate=0.000256819
2026-09-21 05:32:52 UTC completed_step=23552 elapsed_seconds=1180.4 learning_rate=0.000256491
2026-09-21 05:32:53 UTC step=23552 elapsed_seconds=1181.65 mean_loss=0.0411476 errors=46/10002 exact_sentences=984/1024
2026-09-21 05:32:54 UTC completed_step=23568 elapsed_seconds=1182.3 learning_rate=0.000256164
2026-09-21 05:32:54 UTC completed_step=23584 elapsed_seconds=1182.95 learning_rate=0.000255837
2026-09-21 05:32:55 UTC completed_step=23600 elapsed_seconds=1183.6 learning_rate=0.00025551
2026-09-21 05:32:56 UTC completed_step=23616 elapsed_seconds=1184.25 learning_rate=0.000255183
2026-09-21 05:32:56 UTC completed_step=23632 elapsed_seconds=1184.9 learning_rate=0.000254856
2026-09-21 05:32:57 UTC completed_step=23648 elapsed_seconds=1185.55 learning_rate=0.000254529
2026-09-21 05:32:58 UTC completed_step=23664 elapsed_seconds=1186.2 learning_rate=0.000254203
2026-09-21 05:32:58 UTC completed_step=23680 elapsed_seconds=1186.84 learning_rate=0.000253877
2026-09-21 05:33:00 UTC step=23680 elapsed_seconds=1188.08 mean_loss=0.0409721 errors=54/10002 exact_sentences=977/1024
2026-09-21 05:33:00 UTC completed_step=23696 elapsed_seconds=1188.74 learning_rate=0.00025355
2026-09-21 05:33:01 UTC completed_step=23712 elapsed_seconds=1189.38 learning_rate=0.000253224
2026-09-21 05:33:01 UTC completed_step=23728 elapsed_seconds=1190.03 learning_rate=0.000252898
2026-09-21 05:33:02 UTC completed_step=23744 elapsed_seconds=1190.68 learning_rate=0.000252572
2026-09-21 05:33:03 UTC completed_step=23760 elapsed_seconds=1191.33 learning_rate=0.000252246
2026-09-21 05:33:03 UTC completed_step=23776 elapsed_seconds=1191.98 learning_rate=0.000251921
2026-09-21 05:33:04 UTC completed_step=23792 elapsed_seconds=1192.63 learning_rate=0.000251595
2026-09-21 05:33:05 UTC completed_step=23808 elapsed_seconds=1193.27 learning_rate=0.00025127
2026-09-21 05:33:06 UTC step=23808 elapsed_seconds=1194.5 mean_loss=0.0392938 errors=49/10002 exact_sentences=982/1024
2026-09-21 05:33:07 UTC completed_step=23824 elapsed_seconds=1195.15 learning_rate=0.000250944
2026-09-21 05:33:07 UTC completed_step=23840 elapsed_seconds=1195.8 learning_rate=0.000250619
2026-09-21 05:33:08 UTC completed_step=23856 elapsed_seconds=1196.45 learning_rate=0.000250294
2026-09-21 05:33:09 UTC completed_step=23872 elapsed_seconds=1197.1 learning_rate=0.000249969
2026-09-21 05:33:09 UTC completed_step=23888 elapsed_seconds=1197.74 learning_rate=0.000249645
2026-09-21 05:33:10 UTC completed_step=23904 elapsed_seconds=1198.39 learning_rate=0.00024932
2026-09-21 05:33:10 UTC completed_step=23920 elapsed_seconds=1199.04 learning_rate=0.000248995
2026-09-21 05:33:11 UTC completed_step=23936 elapsed_seconds=1199.69 learning_rate=0.000248671
2026-09-21 05:33:12 UTC step=23936 elapsed_seconds=1200.93 mean_loss=0.038244 errors=47/10002 exact_sentences=984/1024
2026-09-21 05:33:13 UTC completed_step=23952 elapsed_seconds=1201.59 learning_rate=0.000248347
2026-09-21 05:33:14 UTC completed_step=23968 elapsed_seconds=1202.24 learning_rate=0.000248022
2026-09-21 05:33:14 UTC completed_step=23984 elapsed_seconds=1202.89 learning_rate=0.000247698
2026-09-21 05:33:15 UTC completed_step=24000 elapsed_seconds=1203.54 learning_rate=0.000247375
2026-09-21 05:33:16 UTC completed_step=24016 elapsed_seconds=1204.19 learning_rate=0.000247051
2026-09-21 05:33:16 UTC completed_step=24032 elapsed_seconds=1204.84 learning_rate=0.000246727
2026-09-21 05:33:17 UTC completed_step=24048 elapsed_seconds=1205.49 learning_rate=0.000246404
2026-09-21 05:33:18 UTC completed_step=24064 elapsed_seconds=1206.14 learning_rate=0.00024608
2026-09-21 05:33:19 UTC step=24064 elapsed_seconds=1207.39 mean_loss=0.0365589 errors=44/10002 exact_sentences=987/1024
2026-09-21 05:33:19 UTC completed_step=24080 elapsed_seconds=1208.04 learning_rate=0.000245757
2026-09-21 05:33:20 UTC completed_step=24096 elapsed_seconds=1208.69 learning_rate=0.000245434
2026-09-21 05:33:21 UTC completed_step=24112 elapsed_seconds=1209.34 learning_rate=0.000245111
2026-09-21 05:33:21 UTC completed_step=24128 elapsed_seconds=1209.99 learning_rate=0.000244788
2026-09-21 05:33:22 UTC completed_step=24144 elapsed_seconds=1210.64 learning_rate=0.000244466
2026-09-21 05:33:23 UTC completed_step=24160 elapsed_seconds=1211.29 learning_rate=0.000244143
2026-09-21 05:33:23 UTC completed_step=24176 elapsed_seconds=1211.94 learning_rate=0.000243821
2026-09-21 05:33:24 UTC completed_step=24192 elapsed_seconds=1212.59 learning_rate=0.000243498
2026-09-21 05:33:25 UTC step=24192 elapsed_seconds=1213.85 mean_loss=0.0372139 errors=43/10002 exact_sentences=987/1024
2026-09-21 05:33:26 UTC completed_step=24208 elapsed_seconds=1214.5 learning_rate=0.000243176
2026-09-21 05:33:27 UTC completed_step=24224 elapsed_seconds=1215.15 learning_rate=0.000242854
2026-09-21 05:33:27 UTC completed_step=24240 elapsed_seconds=1215.8 learning_rate=0.000242532
2026-09-21 05:33:28 UTC completed_step=24256 elapsed_seconds=1216.46 learning_rate=0.000242211
2026-09-21 05:33:29 UTC completed_step=24272 elapsed_seconds=1217.11 learning_rate=0.000241889
2026-09-21 05:33:29 UTC completed_step=24288 elapsed_seconds=1217.76 learning_rate=0.000241567
2026-09-21 05:33:30 UTC completed_step=24304 elapsed_seconds=1218.41 learning_rate=0.000241246
2026-09-21 05:33:31 UTC completed_step=24320 elapsed_seconds=1219.06 learning_rate=0.000240925
2026-09-21 05:33:32 UTC step=24320 elapsed_seconds=1220.3 mean_loss=0.0341191 errors=39/10002 exact_sentences=991/1024
2026-09-21 05:33:32 UTC completed_step=24336 elapsed_seconds=1220.96 learning_rate=0.000240604
2026-09-21 05:33:33 UTC completed_step=24352 elapsed_seconds=1221.6 learning_rate=0.000240283
2026-09-21 05:33:34 UTC completed_step=24368 elapsed_seconds=1222.25 learning_rate=0.000239962
2026-09-21 05:33:34 UTC completed_step=24384 elapsed_seconds=1222.9 learning_rate=0.000239642
2026-09-21 05:33:35 UTC completed_step=24400 elapsed_seconds=1223.54 learning_rate=0.000239321
2026-09-21 05:33:36 UTC completed_step=24416 elapsed_seconds=1224.19 learning_rate=0.000239001
2026-09-21 05:33:36 UTC completed_step=24432 elapsed_seconds=1224.84 learning_rate=0.000238681
2026-09-21 05:33:37 UTC completed_step=24448 elapsed_seconds=1225.49 learning_rate=0.000238361
2026-09-21 05:33:38 UTC step=24448 elapsed_seconds=1226.72 mean_loss=0.0350349 errors=48/10002 exact_sentences=984/1024
2026-09-21 05:33:39 UTC completed_step=24464 elapsed_seconds=1227.37 learning_rate=0.000238041
2026-09-21 05:33:39 UTC completed_step=24480 elapsed_seconds=1228.02 learning_rate=0.000237721
2026-09-21 05:33:40 UTC completed_step=24496 elapsed_seconds=1228.66 learning_rate=0.000237402
2026-09-21 05:33:41 UTC completed_step=24512 elapsed_seconds=1229.31 learning_rate=0.000237082
2026-09-21 05:33:41 UTC completed_step=24528 elapsed_seconds=1229.96 learning_rate=0.000236763
2026-09-21 05:33:42 UTC completed_step=24544 elapsed_seconds=1230.6 learning_rate=0.000236444
2026-09-21 05:33:43 UTC completed_step=24560 elapsed_seconds=1231.25 learning_rate=0.000236125
2026-09-21 05:33:43 UTC completed_step=24576 elapsed_seconds=1231.9 learning_rate=0.000235806
2026-09-21 05:33:45 UTC step=24576 elapsed_seconds=1233.14 mean_loss=0.0326918 errors=40/10002 exact_sentences=991/1024
2026-09-21 05:33:45 UTC completed_step=24592 elapsed_seconds=1233.8 learning_rate=0.000235487
2026-09-21 05:33:46 UTC completed_step=24608 elapsed_seconds=1234.44 learning_rate=0.000235169
2026-09-21 05:33:47 UTC completed_step=24624 elapsed_seconds=1235.09 learning_rate=0.00023485
2026-09-21 05:33:47 UTC completed_step=24640 elapsed_seconds=1235.74 learning_rate=0.000234532
2026-09-21 05:33:48 UTC completed_step=24656 elapsed_seconds=1236.38 learning_rate=0.000234214
2026-09-21 05:33:48 UTC completed_step=24672 elapsed_seconds=1237.03 learning_rate=0.000233896
2026-09-21 05:33:49 UTC completed_step=24688 elapsed_seconds=1237.67 learning_rate=0.000233578
2026-09-21 05:33:50 UTC completed_step=24704 elapsed_seconds=1238.32 learning_rate=0.000233261
2026-09-21 05:33:51 UTC step=24704 elapsed_seconds=1239.56 mean_loss=0.0323765 errors=34/10002 exact_sentences=997/1024
2026-09-21 05:33:52 UTC completed_step=24720 elapsed_seconds=1240.21 learning_rate=0.000232943
2026-09-21 05:33:52 UTC completed_step=24736 elapsed_seconds=1240.86 learning_rate=0.000232626
2026-09-21 05:33:53 UTC completed_step=24752 elapsed_seconds=1241.5 learning_rate=0.000232309
2026-09-21 05:33:54 UTC completed_step=24768 elapsed_seconds=1242.15 learning_rate=0.000231991
2026-09-21 05:33:54 UTC completed_step=24784 elapsed_seconds=1242.8 learning_rate=0.000231675
2026-09-21 05:33:55 UTC completed_step=24800 elapsed_seconds=1243.44 learning_rate=0.000231358
2026-09-21 05:33:56 UTC completed_step=24816 elapsed_seconds=1244.09 learning_rate=0.000231041
2026-09-21 05:33:56 UTC completed_step=24832 elapsed_seconds=1244.73 learning_rate=0.000230725
2026-09-21 05:33:57 UTC step=24832 elapsed_seconds=1245.98 mean_loss=0.0309875 errors=29/10002 exact_sentences=999/1024
2026-09-21 05:33:58 UTC completed_step=24848 elapsed_seconds=1246.63 learning_rate=0.000230409
2026-09-21 05:33:59 UTC completed_step=24864 elapsed_seconds=1247.27 learning_rate=0.000230093
2026-09-21 05:33:59 UTC completed_step=24880 elapsed_seconds=1247.92 learning_rate=0.000229777
2026-09-21 05:34:00 UTC completed_step=24896 elapsed_seconds=1248.56 learning_rate=0.000229461
2026-09-21 05:34:01 UTC completed_step=24912 elapsed_seconds=1249.21 learning_rate=0.000229145
2026-09-21 05:34:01 UTC completed_step=24928 elapsed_seconds=1249.85 learning_rate=0.00022883
2026-09-21 05:34:02 UTC completed_step=24944 elapsed_seconds=1250.5 learning_rate=0.000228515
2026-09-21 05:34:03 UTC completed_step=24960 elapsed_seconds=1251.14 learning_rate=0.0002282
2026-09-21 05:34:04 UTC step=24960 elapsed_seconds=1252.41 mean_loss=0.0308181 errors=38/10002 exact_sentences=993/1024
2026-09-21 05:34:05 UTC completed_step=24976 elapsed_seconds=1253.06 learning_rate=0.000227885
2026-09-21 05:34:05 UTC completed_step=24992 elapsed_seconds=1253.7 learning_rate=0.00022757
2026-09-21 05:34:06 UTC completed_step=25008 elapsed_seconds=1254.35 learning_rate=0.000227255
2026-09-21 05:34:06 UTC completed_step=25024 elapsed_seconds=1254.99 learning_rate=0.000226941
2026-09-21 05:34:07 UTC completed_step=25040 elapsed_seconds=1255.64 learning_rate=0.000226626
2026-09-21 05:34:08 UTC completed_step=25056 elapsed_seconds=1256.29 learning_rate=0.000226312
2026-09-21 05:34:08 UTC completed_step=25072 elapsed_seconds=1256.94 learning_rate=0.000225998
2026-09-21 05:34:09 UTC completed_step=25088 elapsed_seconds=1257.59 learning_rate=0.000225684
2026-09-21 05:34:10 UTC step=25088 elapsed_seconds=1258.83 mean_loss=0.0286427 errors=34/10002 exact_sentences=997/1024
2026-09-21 05:34:11 UTC completed_step=25104 elapsed_seconds=1259.48 learning_rate=0.000225371
2026-09-21 05:34:12 UTC completed_step=25120 elapsed_seconds=1260.13 learning_rate=0.000225057
2026-09-21 05:34:12 UTC completed_step=25136 elapsed_seconds=1260.78 learning_rate=0.000224744
2026-09-21 05:34:13 UTC completed_step=25152 elapsed_seconds=1261.43 learning_rate=0.000224431
2026-09-21 05:34:14 UTC completed_step=25168 elapsed_seconds=1262.08 learning_rate=0.000224118
2026-09-21 05:34:14 UTC completed_step=25184 elapsed_seconds=1262.72 learning_rate=0.000223805
2026-09-21 05:34:15 UTC completed_step=25200 elapsed_seconds=1263.37 learning_rate=0.000223492
2026-09-21 05:34:15 UTC completed_step=25216 elapsed_seconds=1264.02 learning_rate=0.00022318
2026-09-21 05:34:17 UTC step=25216 elapsed_seconds=1265.27 mean_loss=0.0286405 errors=31/10002 exact_sentences=999/1024
2026-09-21 05:34:17 UTC completed_step=25232 elapsed_seconds=1265.92 learning_rate=0.000222868
2026-09-21 05:34:18 UTC completed_step=25248 elapsed_seconds=1266.57 learning_rate=0.000222555
2026-09-21 05:34:19 UTC completed_step=25264 elapsed_seconds=1267.22 learning_rate=0.000222244
2026-09-21 05:34:19 UTC completed_step=25280 elapsed_seconds=1267.87 learning_rate=0.000221932
2026-09-21 05:34:20 UTC completed_step=25296 elapsed_seconds=1268.51 learning_rate=0.00022162
2026-09-21 05:34:21 UTC completed_step=25312 elapsed_seconds=1269.16 learning_rate=0.000221309
2026-09-21 05:34:21 UTC completed_step=25328 elapsed_seconds=1269.81 learning_rate=0.000220997
2026-09-21 05:34:22 UTC completed_step=25344 elapsed_seconds=1270.46 learning_rate=0.000220686
2026-09-21 05:34:23 UTC step=25344 elapsed_seconds=1271.71 mean_loss=0.0284176 errors=40/10002 exact_sentences=989/1024
2026-09-21 05:34:24 UTC completed_step=25360 elapsed_seconds=1272.37 learning_rate=0.000220375
2026-09-21 05:34:24 UTC completed_step=25376 elapsed_seconds=1273.01 learning_rate=0.000220065
2026-09-21 05:34:25 UTC completed_step=25392 elapsed_seconds=1273.66 learning_rate=0.000219754
2026-09-21 05:34:26 UTC completed_step=25408 elapsed_seconds=1274.31 learning_rate=0.000219444
2026-09-21 05:34:26 UTC completed_step=25424 elapsed_seconds=1274.96 learning_rate=0.000219133
2026-09-21 05:34:27 UTC completed_step=25440 elapsed_seconds=1275.6 learning_rate=0.000218823
2026-09-21 05:34:28 UTC completed_step=25456 elapsed_seconds=1276.25 learning_rate=0.000218513
2026-09-21 05:34:28 UTC completed_step=25472 elapsed_seconds=1276.9 learning_rate=0.000218204
2026-09-21 05:34:30 UTC step=25472 elapsed_seconds=1278.14 mean_loss=0.0262508 errors=27/10002 exact_sentences=1000/1024
2026-09-21 05:34:30 UTC completed_step=25488 elapsed_seconds=1278.8 learning_rate=0.000217894
2026-09-21 05:34:31 UTC completed_step=25504 elapsed_seconds=1279.44 learning_rate=0.000217585
2026-09-21 05:34:32 UTC completed_step=25520 elapsed_seconds=1280.09 learning_rate=0.000217276
2026-09-21 05:34:32 UTC completed_step=25536 elapsed_seconds=1280.74 learning_rate=0.000216967
2026-09-21 05:34:33 UTC completed_step=25552 elapsed_seconds=1281.39 learning_rate=0.000216658
2026-09-21 05:34:33 UTC completed_step=25568 elapsed_seconds=1282.03 learning_rate=0.000216349
2026-09-21 05:34:34 UTC completed_step=25584 elapsed_seconds=1282.68 learning_rate=0.000216041
2026-09-21 05:34:35 UTC completed_step=25600 elapsed_seconds=1283.33 learning_rate=0.000215733
2026-09-21 05:34:36 UTC step=25600 elapsed_seconds=1284.58 mean_loss=0.0261757 errors=29/10002 exact_sentences=999/1024
2026-09-21 05:34:37 UTC completed_step=25616 elapsed_seconds=1285.23 learning_rate=0.000215424
2026-09-21 05:34:37 UTC completed_step=25632 elapsed_seconds=1285.88 learning_rate=0.000215117
2026-09-21 05:34:38 UTC completed_step=25648 elapsed_seconds=1286.52 learning_rate=0.000214809
2026-09-21 05:34:39 UTC completed_step=25664 elapsed_seconds=1287.17 learning_rate=0.000214501
2026-09-21 05:34:39 UTC completed_step=25680 elapsed_seconds=1287.82 learning_rate=0.000214194
2026-09-21 05:34:40 UTC completed_step=25696 elapsed_seconds=1288.46 learning_rate=0.000213887
2026-09-21 05:34:41 UTC completed_step=25712 elapsed_seconds=1289.11 learning_rate=0.00021358
2026-09-21 05:34:41 UTC completed_step=25728 elapsed_seconds=1289.75 learning_rate=0.000213273
2026-09-21 05:34:42 UTC step=25728 elapsed_seconds=1290.99 mean_loss=0.0262079 errors=32/10002 exact_sentences=994/1024
2026-09-21 05:34:43 UTC completed_step=25744 elapsed_seconds=1291.64 learning_rate=0.000212966
2026-09-21 05:34:44 UTC completed_step=25760 elapsed_seconds=1292.29 learning_rate=0.00021266
2026-09-21 05:34:44 UTC completed_step=25776 elapsed_seconds=1292.93 learning_rate=0.000212354
2026-09-21 05:34:45 UTC completed_step=25792 elapsed_seconds=1293.58 learning_rate=0.000212048
2026-09-21 05:34:46 UTC completed_step=25808 elapsed_seconds=1294.23 learning_rate=0.000211742
2026-09-21 05:34:46 UTC completed_step=25824 elapsed_seconds=1294.87 learning_rate=0.000211436
2026-09-21 05:34:47 UTC completed_step=25840 elapsed_seconds=1295.52 learning_rate=0.000211131
2026-09-21 05:34:48 UTC completed_step=25856 elapsed_seconds=1296.16 learning_rate=0.000210825
2026-09-21 05:34:49 UTC step=25856 elapsed_seconds=1297.4 mean_loss=0.0248264 errors=32/10002 exact_sentences=996/1024
2026-09-21 05:34:50 UTC completed_step=25872 elapsed_seconds=1298.05 learning_rate=0.00021052
2026-09-21 05:34:50 UTC completed_step=25888 elapsed_seconds=1298.7 learning_rate=0.000210215
2026-09-21 05:34:51 UTC completed_step=25904 elapsed_seconds=1299.35 learning_rate=0.00020991
2026-09-21 05:34:51 UTC completed_step=25920 elapsed_seconds=1299.99 learning_rate=0.000209606
2026-09-21 05:34:52 UTC completed_step=25936 elapsed_seconds=1300.64 learning_rate=0.000209302
2026-09-21 05:34:53 UTC completed_step=25952 elapsed_seconds=1301.29 learning_rate=0.000208997
2026-09-21 05:34:53 UTC completed_step=25968 elapsed_seconds=1301.94 learning_rate=0.000208693
2026-09-21 05:34:54 UTC completed_step=25984 elapsed_seconds=1302.58 learning_rate=0.00020839
2026-09-21 05:34:55 UTC step=25984 elapsed_seconds=1303.84 mean_loss=0.0239093 errors=31/10002 exact_sentences=998/1024
2026-09-21 05:34:56 UTC completed_step=26000 elapsed_seconds=1304.49 learning_rate=0.000208086
2026-09-21 05:34:57 UTC completed_step=26016 elapsed_seconds=1305.14 learning_rate=0.000207783
2026-09-21 05:34:57 UTC completed_step=26032 elapsed_seconds=1305.79 learning_rate=0.000207479
2026-09-21 05:34:58 UTC completed_step=26048 elapsed_seconds=1306.43 learning_rate=0.000207176
2026-09-21 05:34:59 UTC completed_step=26064 elapsed_seconds=1307.08 learning_rate=0.000206874
2026-09-21 05:34:59 UTC completed_step=26080 elapsed_seconds=1307.72 learning_rate=0.000206571
2026-09-21 05:35:00 UTC completed_step=26096 elapsed_seconds=1308.37 learning_rate=0.000206269
2026-09-21 05:35:00 UTC completed_step=26112 elapsed_seconds=1309.02 learning_rate=0.000205966
2026-09-21 05:35:02 UTC step=26112 elapsed_seconds=1310.25 mean_loss=0.0233292 errors=26/10002 exact_sentences=1000/1024
2026-09-21 05:35:02 UTC completed_step=26128 elapsed_seconds=1310.91 learning_rate=0.000205664
2026-09-21 05:35:03 UTC completed_step=26144 elapsed_seconds=1311.55 learning_rate=0.000205362
2026-09-21 05:35:04 UTC completed_step=26160 elapsed_seconds=1312.2 learning_rate=0.000205061
2026-09-21 05:35:04 UTC completed_step=26176 elapsed_seconds=1312.85 learning_rate=0.000204759
2026-09-21 05:35:05 UTC completed_step=26192 elapsed_seconds=1313.49 learning_rate=0.000204458
2026-09-21 05:35:06 UTC completed_step=26208 elapsed_seconds=1314.14 learning_rate=0.000204157
2026-09-21 05:35:06 UTC completed_step=26224 elapsed_seconds=1314.79 learning_rate=0.000203856
2026-09-21 05:35:07 UTC completed_step=26240 elapsed_seconds=1315.43 learning_rate=0.000203556
2026-09-21 05:35:08 UTC step=26240 elapsed_seconds=1316.68 mean_loss=0.0242571 errors=32/10002 exact_sentences=996/1024
2026-09-21 05:35:09 UTC completed_step=26256 elapsed_seconds=1317.33 learning_rate=0.000203255
2026-09-21 05:35:09 UTC completed_step=26272 elapsed_seconds=1317.97 learning_rate=0.000202955
2026-09-21 05:35:10 UTC completed_step=26288 elapsed_seconds=1318.62 learning_rate=0.000202655
2026-09-21 05:35:11 UTC completed_step=26304 elapsed_seconds=1319.27 learning_rate=0.000202355
2026-09-21 05:35:11 UTC completed_step=26320 elapsed_seconds=1319.91 learning_rate=0.000202055
2026-09-21 05:35:12 UTC completed_step=26336 elapsed_seconds=1320.56 learning_rate=0.000201756
2026-09-21 05:35:13 UTC completed_step=26352 elapsed_seconds=1321.21 learning_rate=0.000201457
2026-09-21 05:35:13 UTC completed_step=26368 elapsed_seconds=1321.85 learning_rate=0.000201158
2026-09-21 05:35:15 UTC step=26368 elapsed_seconds=1323.09 mean_loss=0.0233314 errors=30/10002 exact_sentences=997/1024
2026-09-21 05:35:15 UTC completed_step=26384 elapsed_seconds=1323.74 learning_rate=0.000200859
2026-09-21 05:35:16 UTC completed_step=26400 elapsed_seconds=1324.39 learning_rate=0.00020056
2026-09-21 05:35:16 UTC completed_step=26416 elapsed_seconds=1325.03 learning_rate=0.000200262
2026-09-21 05:35:17 UTC completed_step=26432 elapsed_seconds=1325.68 learning_rate=0.000199964
2026-09-21 05:35:18 UTC completed_step=26448 elapsed_seconds=1326.33 learning_rate=0.000199666
2026-09-21 05:35:18 UTC completed_step=26464 elapsed_seconds=1326.98 learning_rate=0.000199368
2026-09-21 05:35:19 UTC completed_step=26480 elapsed_seconds=1327.62 learning_rate=0.00019907
2026-09-21 05:35:20 UTC completed_step=26496 elapsed_seconds=1328.27 learning_rate=0.000198773
2026-09-21 05:35:21 UTC step=26496 elapsed_seconds=1329.51 mean_loss=0.0214213 errors=28/10002 exact_sentences=999/1024
2026-09-21 05:35:22 UTC completed_step=26512 elapsed_seconds=1330.16 learning_rate=0.000198476
2026-09-21 05:35:22 UTC completed_step=26528 elapsed_seconds=1330.8 learning_rate=0.000198179
2026-09-21 05:35:23 UTC completed_step=26544 elapsed_seconds=1331.45 learning_rate=0.000197882
2026-09-21 05:35:24 UTC completed_step=26560 elapsed_seconds=1332.1 learning_rate=0.000197586
2026-09-21 05:35:24 UTC completed_step=26576 elapsed_seconds=1332.74 learning_rate=0.000197289
2026-09-21 05:35:25 UTC completed_step=26592 elapsed_seconds=1333.39 learning_rate=0.000196993
2026-09-21 05:35:25 UTC completed_step=26608 elapsed_seconds=1334.03 learning_rate=0.000196697
2026-09-21 05:35:26 UTC completed_step=26624 elapsed_seconds=1334.68 learning_rate=0.000196402
2026-09-21 05:35:27 UTC step=26624 elapsed_seconds=1335.92 mean_loss=0.0209324 errors=27/10002 exact_sentences=1001/1024
2026-09-21 05:35:28 UTC completed_step=26640 elapsed_seconds=1336.57 learning_rate=0.000196106
2026-09-21 05:35:29 UTC completed_step=26656 elapsed_seconds=1337.21 learning_rate=0.000195811
2026-09-21 05:35:29 UTC completed_step=26672 elapsed_seconds=1337.86 learning_rate=0.000195516
2026-09-21 05:35:30 UTC completed_step=26688 elapsed_seconds=1338.51 learning_rate=0.000195221
2026-09-21 05:35:31 UTC completed_step=26704 elapsed_seconds=1339.15 learning_rate=0.000194926
2026-09-21 05:35:31 UTC completed_step=26720 elapsed_seconds=1339.8 learning_rate=0.000194632
2026-09-21 05:35:32 UTC completed_step=26736 elapsed_seconds=1340.45 learning_rate=0.000194338
2026-09-21 05:35:33 UTC completed_step=26752 elapsed_seconds=1341.09 learning_rate=0.000194044
2026-09-21 05:35:34 UTC step=26752 elapsed_seconds=1342.33 mean_loss=0.0207053 errors=27/10002 exact_sentences=1001/1024
2026-09-21 05:35:34 UTC completed_step=26768 elapsed_seconds=1342.99 learning_rate=0.00019375
2026-09-21 05:35:35 UTC completed_step=26784 elapsed_seconds=1343.63 learning_rate=0.000193456
2026-09-21 05:35:36 UTC completed_step=26800 elapsed_seconds=1344.28 learning_rate=0.000193163
2026-09-21 05:35:36 UTC completed_step=26816 elapsed_seconds=1344.93 learning_rate=0.00019287
2026-09-21 05:35:37 UTC completed_step=26832 elapsed_seconds=1345.58 learning_rate=0.000192577
2026-09-21 05:35:38 UTC completed_step=26848 elapsed_seconds=1346.23 learning_rate=0.000192284
2026-09-21 05:35:38 UTC completed_step=26864 elapsed_seconds=1346.88 learning_rate=0.000191992
2026-09-21 05:35:39 UTC completed_step=26880 elapsed_seconds=1347.53 learning_rate=0.0001917
2026-09-21 05:35:40 UTC step=26880 elapsed_seconds=1348.76 mean_loss=0.0210897 errors=30/10002 exact_sentences=1000/1024
2026-09-21 05:35:41 UTC completed_step=26896 elapsed_seconds=1349.41 learning_rate=0.000191408
2026-09-21 05:35:42 UTC completed_step=26912 elapsed_seconds=1350.06 learning_rate=0.000191116
2026-09-21 05:35:42 UTC completed_step=26928 elapsed_seconds=1350.71 learning_rate=0.000190824
2026-09-21 05:35:43 UTC completed_step=26944 elapsed_seconds=1351.35 learning_rate=0.000190533
2026-09-21 05:35:43 UTC completed_step=26960 elapsed_seconds=1352 learning_rate=0.000190242
2026-09-21 05:35:44 UTC completed_step=26976 elapsed_seconds=1352.65 learning_rate=0.000189951
2026-09-21 05:35:45 UTC completed_step=26992 elapsed_seconds=1353.29 learning_rate=0.00018966
2026-09-21 05:35:45 UTC completed_step=27008 elapsed_seconds=1353.94 learning_rate=0.00018937
2026-09-21 05:35:47 UTC step=27008 elapsed_seconds=1355.18 mean_loss=0.0199796 errors=27/10002 exact_sentences=1002/1024
2026-09-21 05:35:47 UTC completed_step=27024 elapsed_seconds=1355.84 learning_rate=0.000189079
2026-09-21 05:35:48 UTC completed_step=27040 elapsed_seconds=1356.48 learning_rate=0.000188789
2026-09-21 05:35:49 UTC completed_step=27056 elapsed_seconds=1357.13 learning_rate=0.0001885
2026-09-21 05:35:49 UTC completed_step=27072 elapsed_seconds=1357.78 learning_rate=0.00018821
2026-09-21 05:35:50 UTC completed_step=27088 elapsed_seconds=1358.43 learning_rate=0.000187921
2026-09-21 05:35:51 UTC completed_step=27104 elapsed_seconds=1359.08 learning_rate=0.000187632
2026-09-21 05:35:51 UTC completed_step=27120 elapsed_seconds=1359.73 learning_rate=0.000187343
2026-09-21 05:35:52 UTC completed_step=27136 elapsed_seconds=1360.38 learning_rate=0.000187054
2026-09-21 05:35:53 UTC step=27136 elapsed_seconds=1361.62 mean_loss=0.0195237 errors=25/10002 exact_sentences=1003/1024
2026-09-21 05:35:54 UTC completed_step=27152 elapsed_seconds=1362.28 learning_rate=0.000186766
2026-09-21 05:35:54 UTC completed_step=27168 elapsed_seconds=1362.93 learning_rate=0.000186477
2026-09-21 05:35:55 UTC completed_step=27184 elapsed_seconds=1363.57 learning_rate=0.000186189
2026-09-21 05:35:56 UTC completed_step=27200 elapsed_seconds=1364.22 learning_rate=0.000185902
2026-09-21 05:35:56 UTC completed_step=27216 elapsed_seconds=1364.87 learning_rate=0.000185614
2026-09-21 05:35:57 UTC completed_step=27232 elapsed_seconds=1365.52 learning_rate=0.000185327
2026-09-21 05:35:58 UTC completed_step=27248 elapsed_seconds=1366.17 learning_rate=0.00018504
2026-09-21 05:35:58 UTC completed_step=27264 elapsed_seconds=1366.81 learning_rate=0.000184753
2026-09-21 05:36:00 UTC step=27264 elapsed_seconds=1368.05 mean_loss=0.0190307 errors=22/10002 exact_sentences=1006/1024
2026-09-21 05:36:00 UTC completed_step=27280 elapsed_seconds=1368.71 learning_rate=0.000184466
2026-09-21 05:36:01 UTC completed_step=27296 elapsed_seconds=1369.36 learning_rate=0.00018418
2026-09-21 05:36:01 UTC completed_step=27312 elapsed_seconds=1370.01 learning_rate=0.000183894
2026-09-21 05:36:02 UTC completed_step=27328 elapsed_seconds=1370.66 learning_rate=0.000183608
2026-09-21 05:36:03 UTC completed_step=27344 elapsed_seconds=1371.3 learning_rate=0.000183322
2026-09-21 05:36:03 UTC completed_step=27360 elapsed_seconds=1371.95 learning_rate=0.000183037
2026-09-21 05:36:04 UTC completed_step=27376 elapsed_seconds=1372.6 learning_rate=0.000182751
2026-09-21 05:36:05 UTC completed_step=27392 elapsed_seconds=1373.25 learning_rate=0.000182466
2026-09-21 05:36:06 UTC step=27392 elapsed_seconds=1374.49 mean_loss=0.0192142 errors=28/10002 exact_sentences=1001/1024
2026-09-21 05:36:07 UTC completed_step=27408 elapsed_seconds=1375.14 learning_rate=0.000182182
2026-09-21 05:36:07 UTC completed_step=27424 elapsed_seconds=1375.79 learning_rate=0.000181897
2026-09-21 05:36:08 UTC completed_step=27440 elapsed_seconds=1376.44 learning_rate=0.000181613
2026-09-21 05:36:09 UTC completed_step=27456 elapsed_seconds=1377.08 learning_rate=0.000181329
2026-09-21 05:36:09 UTC completed_step=27472 elapsed_seconds=1377.73 learning_rate=0.000181045
2026-09-21 05:36:10 UTC completed_step=27488 elapsed_seconds=1378.38 learning_rate=0.000180761
2026-09-21 05:36:10 UTC completed_step=27504 elapsed_seconds=1379.02 learning_rate=0.000180478
2026-09-21 05:36:11 UTC completed_step=27520 elapsed_seconds=1379.67 learning_rate=0.000180195
2026-09-21 05:36:12 UTC step=27520 elapsed_seconds=1380.92 mean_loss=0.0187789 errors=24/10002 exact_sentences=1001/1024
2026-09-21 05:36:13 UTC completed_step=27536 elapsed_seconds=1381.57 learning_rate=0.000179912
2026-09-21 05:36:14 UTC completed_step=27552 elapsed_seconds=1382.22 learning_rate=0.000179629
2026-09-21 05:36:14 UTC completed_step=27568 elapsed_seconds=1382.87 learning_rate=0.000179347
2026-09-21 05:36:15 UTC completed_step=27584 elapsed_seconds=1383.52 learning_rate=0.000179065
2026-09-21 05:36:16 UTC completed_step=27600 elapsed_seconds=1384.16 learning_rate=0.000178783
2026-09-21 05:36:16 UTC completed_step=27616 elapsed_seconds=1384.81 learning_rate=0.000178501
2026-09-21 05:36:17 UTC completed_step=27632 elapsed_seconds=1385.46 learning_rate=0.00017822
2026-09-21 05:36:18 UTC completed_step=27648 elapsed_seconds=1386.1 learning_rate=0.000177939
2026-09-21 05:36:19 UTC step=27648 elapsed_seconds=1387.34 mean_loss=0.0181468 errors=22/10002 exact_sentences=1004/1024
2026-09-21 05:36:19 UTC completed_step=27664 elapsed_seconds=1387.99 learning_rate=0.000177658
2026-09-21 05:36:20 UTC completed_step=27680 elapsed_seconds=1388.64 learning_rate=0.000177377
2026-09-21 05:36:21 UTC completed_step=27696 elapsed_seconds=1389.29 learning_rate=0.000177097
2026-09-21 05:36:21 UTC completed_step=27712 elapsed_seconds=1389.93 learning_rate=0.000176816
2026-09-21 05:36:22 UTC completed_step=27728 elapsed_seconds=1390.58 learning_rate=0.000176536
2026-09-21 05:36:23 UTC completed_step=27744 elapsed_seconds=1391.22 learning_rate=0.000176257
2026-09-21 05:36:23 UTC completed_step=27760 elapsed_seconds=1391.87 learning_rate=0.000175977
2026-09-21 05:36:24 UTC completed_step=27776 elapsed_seconds=1392.52 learning_rate=0.000175698
2026-09-21 05:36:25 UTC step=27776 elapsed_seconds=1393.77 mean_loss=0.017128 errors=22/10002 exact_sentences=1005/1024
2026-09-21 05:36:26 UTC completed_step=27792 elapsed_seconds=1394.42 learning_rate=0.000175419
2026-09-21 05:36:27 UTC completed_step=27808 elapsed_seconds=1395.06 learning_rate=0.00017514
2026-09-21 05:36:27 UTC completed_step=27824 elapsed_seconds=1395.71 learning_rate=0.000174862
2026-09-21 05:36:28 UTC completed_step=27840 elapsed_seconds=1396.36 learning_rate=0.000174583
2026-09-21 05:36:28 UTC completed_step=27856 elapsed_seconds=1397 learning_rate=0.000174305
2026-09-21 05:36:29 UTC completed_step=27872 elapsed_seconds=1397.65 learning_rate=0.000174028
2026-09-21 05:36:30 UTC completed_step=27888 elapsed_seconds=1398.29 learning_rate=0.00017375
2026-09-21 05:36:30 UTC completed_step=27904 elapsed_seconds=1398.94 learning_rate=0.000173473
2026-09-21 05:36:32 UTC step=27904 elapsed_seconds=1400.2 mean_loss=0.0171167 errors=25/10002 exact_sentences=1005/1024
2026-09-21 05:36:32 UTC completed_step=27920 elapsed_seconds=1400.85 learning_rate=0.000173196
2026-09-21 05:36:33 UTC completed_step=27936 elapsed_seconds=1401.49 learning_rate=0.000172919
2026-09-21 05:36:34 UTC completed_step=27952 elapsed_seconds=1402.14 learning_rate=0.000172642
2026-09-21 05:36:34 UTC completed_step=27968 elapsed_seconds=1402.78 learning_rate=0.000172366
2026-09-21 05:36:35 UTC completed_step=27984 elapsed_seconds=1403.43 learning_rate=0.00017209
2026-09-21 05:36:36 UTC completed_step=28000 elapsed_seconds=1404.08 learning_rate=0.000171814
2026-09-21 05:36:36 UTC completed_step=28016 elapsed_seconds=1404.73 learning_rate=0.000171539
2026-09-21 05:36:37 UTC completed_step=28032 elapsed_seconds=1405.38 learning_rate=0.000171264
2026-09-21 05:36:38 UTC step=28032 elapsed_seconds=1406.62 mean_loss=0.016968 errors=26/10002 exact_sentences=1002/1024
2026-09-21 05:36:39 UTC completed_step=28048 elapsed_seconds=1407.27 learning_rate=0.000170989
2026-09-21 05:36:39 UTC completed_step=28064 elapsed_seconds=1407.91 learning_rate=0.000170714
2026-09-21 05:36:40 UTC completed_step=28080 elapsed_seconds=1408.56 learning_rate=0.000170439
2026-09-21 05:36:41 UTC completed_step=28096 elapsed_seconds=1409.21 learning_rate=0.000170165
2026-09-21 05:36:41 UTC completed_step=28112 elapsed_seconds=1409.85 learning_rate=0.000169891
2026-09-21 05:36:42 UTC completed_step=28128 elapsed_seconds=1410.5 learning_rate=0.000169617
2026-09-21 05:36:43 UTC completed_step=28144 elapsed_seconds=1411.15 learning_rate=0.000169344
2026-09-21 05:36:43 UTC completed_step=28160 elapsed_seconds=1411.79 learning_rate=0.00016907
2026-09-21 05:36:44 UTC step=28160 elapsed_seconds=1413.04 mean_loss=0.01614 errors=23/10002 exact_sentences=1007/1024
2026-09-21 05:36:45 UTC completed_step=28176 elapsed_seconds=1413.69 learning_rate=0.000168798
2026-09-21 05:36:46 UTC completed_step=28192 elapsed_seconds=1414.34 learning_rate=0.000168525
2026-09-21 05:36:46 UTC completed_step=28208 elapsed_seconds=1414.98 learning_rate=0.000168252
2026-09-21 05:36:47 UTC completed_step=28224 elapsed_seconds=1415.63 learning_rate=0.00016798
2026-09-21 05:36:48 UTC completed_step=28240 elapsed_seconds=1416.28 learning_rate=0.000167708
2026-09-21 05:36:48 UTC completed_step=28256 elapsed_seconds=1416.92 learning_rate=0.000167436
2026-09-21 05:36:49 UTC completed_step=28272 elapsed_seconds=1417.57 learning_rate=0.000167165
2026-09-21 05:36:50 UTC completed_step=28288 elapsed_seconds=1418.22 learning_rate=0.000166894
2026-09-21 05:36:51 UTC step=28288 elapsed_seconds=1419.45 mean_loss=0.0156397 errors=23/10002 exact_sentences=1005/1024
2026-09-21 05:36:52 UTC completed_step=28304 elapsed_seconds=1420.11 learning_rate=0.000166623
2026-09-21 05:36:52 UTC completed_step=28320 elapsed_seconds=1420.76 learning_rate=0.000166352
2026-09-21 05:36:53 UTC completed_step=28336 elapsed_seconds=1421.41 learning_rate=0.000166082
2026-09-21 05:36:54 UTC completed_step=28352 elapsed_seconds=1422.06 learning_rate=0.000165812
2026-09-21 05:36:54 UTC completed_step=28368 elapsed_seconds=1422.71 learning_rate=0.000165542
2026-09-21 05:36:55 UTC completed_step=28384 elapsed_seconds=1423.36 learning_rate=0.000165272
2026-09-21 05:36:55 UTC completed_step=28400 elapsed_seconds=1424 learning_rate=0.000165003
2026-09-21 05:36:56 UTC completed_step=28416 elapsed_seconds=1424.65 learning_rate=0.000164734
2026-09-21 05:36:57 UTC step=28416 elapsed_seconds=1425.89 mean_loss=0.0152849 errors=18/10002 exact_sentences=1007/1024
2026-09-21 05:36:58 UTC completed_step=28432 elapsed_seconds=1426.55 learning_rate=0.000164465
2026-09-21 05:36:59 UTC completed_step=28448 elapsed_seconds=1427.19 learning_rate=0.000164196
2026-09-21 05:36:59 UTC completed_step=28464 elapsed_seconds=1427.84 learning_rate=0.000163928
2026-09-21 05:37:00 UTC completed_step=28480 elapsed_seconds=1428.49 learning_rate=0.00016366
2026-09-21 05:37:01 UTC completed_step=28496 elapsed_seconds=1429.14 learning_rate=0.000163392
2026-09-21 05:37:01 UTC completed_step=28512 elapsed_seconds=1429.79 learning_rate=0.000163124
2026-09-21 05:37:02 UTC completed_step=28528 elapsed_seconds=1430.44 learning_rate=0.000162857
2026-09-21 05:37:03 UTC completed_step=28544 elapsed_seconds=1431.09 learning_rate=0.00016259
2026-09-21 05:37:04 UTC step=28544 elapsed_seconds=1432.33 mean_loss=0.0156348 errors=23/10002 exact_sentences=1004/1024
2026-09-21 05:37:04 UTC completed_step=28560 elapsed_seconds=1432.98 learning_rate=0.000162323
2026-09-21 05:37:05 UTC completed_step=28576 elapsed_seconds=1433.62 learning_rate=0.000162057
2026-09-21 05:37:06 UTC completed_step=28592 elapsed_seconds=1434.27 learning_rate=0.000161791
2026-09-21 05:37:06 UTC completed_step=28608 elapsed_seconds=1434.92 learning_rate=0.000161525
2026-09-21 05:37:07 UTC completed_step=28624 elapsed_seconds=1435.57 learning_rate=0.000161259
2026-09-21 05:37:08 UTC completed_step=28640 elapsed_seconds=1436.21 learning_rate=0.000160994
2026-09-21 05:37:08 UTC completed_step=28656 elapsed_seconds=1436.86 learning_rate=0.000160729
2026-09-21 05:37:09 UTC completed_step=28672 elapsed_seconds=1437.51 learning_rate=0.000160464
2026-09-21 05:37:10 UTC step=28672 elapsed_seconds=1438.76 mean_loss=0.015186 errors=22/10002 exact_sentences=1005/1024
2026-09-21 05:37:11 UTC completed_step=28688 elapsed_seconds=1439.41 learning_rate=0.000160199
2026-09-21 05:37:12 UTC completed_step=28704 elapsed_seconds=1440.06 learning_rate=0.000159935
2026-09-21 05:37:12 UTC completed_step=28720 elapsed_seconds=1440.7 learning_rate=0.000159671
2026-09-21 05:37:13 UTC completed_step=28736 elapsed_seconds=1441.35 learning_rate=0.000159407
2026-09-21 05:37:13 UTC completed_step=28752 elapsed_seconds=1442 learning_rate=0.000159143
2026-09-21 05:37:14 UTC completed_step=28768 elapsed_seconds=1442.64 learning_rate=0.00015888
2026-09-21 05:37:15 UTC completed_step=28784 elapsed_seconds=1443.29 learning_rate=0.000158617
2026-09-21 05:37:15 UTC completed_step=28800 elapsed_seconds=1443.93 learning_rate=0.000158355
2026-09-21 05:37:17 UTC step=28800 elapsed_seconds=1445.17 mean_loss=0.0141241 errors=16/10002 exact_sentences=1011/1024
2026-09-21 05:37:17 UTC completed_step=28816 elapsed_seconds=1445.82 learning_rate=0.000158092
2026-09-21 05:37:18 UTC completed_step=28832 elapsed_seconds=1446.47 learning_rate=0.00015783
2026-09-21 05:37:19 UTC completed_step=28848 elapsed_seconds=1447.12 learning_rate=0.000157568
2026-09-21 05:37:19 UTC completed_step=28864 elapsed_seconds=1447.76 learning_rate=0.000157307
2026-09-21 05:37:20 UTC completed_step=28880 elapsed_seconds=1448.41 learning_rate=0.000157045
2026-09-21 05:37:21 UTC completed_step=28896 elapsed_seconds=1449.06 learning_rate=0.000156784
2026-09-21 05:37:21 UTC completed_step=28912 elapsed_seconds=1449.71 learning_rate=0.000156523
2026-09-21 05:37:22 UTC completed_step=28928 elapsed_seconds=1450.35 learning_rate=0.000156263
2026-09-21 05:37:23 UTC step=28928 elapsed_seconds=1451.59 mean_loss=0.014119 errors=19/10002 exact_sentences=1008/1024
2026-09-21 05:37:24 UTC completed_step=28944 elapsed_seconds=1452.24 learning_rate=0.000156003
2026-09-21 05:37:24 UTC completed_step=28960 elapsed_seconds=1452.89 learning_rate=0.000155743
2026-09-21 05:37:25 UTC completed_step=28976 elapsed_seconds=1453.54 learning_rate=0.000155483
2026-09-21 05:37:26 UTC completed_step=28992 elapsed_seconds=1454.19 learning_rate=0.000155224
2026-09-21 05:37:26 UTC completed_step=29008 elapsed_seconds=1454.83 learning_rate=0.000154964
2026-09-21 05:37:27 UTC completed_step=29024 elapsed_seconds=1455.48 learning_rate=0.000154706
2026-09-21 05:37:28 UTC completed_step=29040 elapsed_seconds=1456.13 learning_rate=0.000154447
2026-09-21 05:37:28 UTC completed_step=29056 elapsed_seconds=1456.78 learning_rate=0.000154189
2026-09-21 05:37:29 UTC step=29056 elapsed_seconds=1458.01 mean_loss=0.0142656 errors=18/10002 exact_sentences=1009/1024
2026-09-21 05:37:30 UTC completed_step=29072 elapsed_seconds=1458.66 learning_rate=0.000153931
2026-09-21 05:37:31 UTC completed_step=29088 elapsed_seconds=1459.31 learning_rate=0.000153673
2026-09-21 05:37:31 UTC completed_step=29104 elapsed_seconds=1459.95 learning_rate=0.000153416
2026-09-21 05:37:32 UTC completed_step=29120 elapsed_seconds=1460.6 learning_rate=0.000153158
2026-09-21 05:37:33 UTC completed_step=29136 elapsed_seconds=1461.25 learning_rate=0.000152901
2026-09-21 05:37:33 UTC completed_step=29152 elapsed_seconds=1461.89 learning_rate=0.000152645
2026-09-21 05:37:34 UTC completed_step=29168 elapsed_seconds=1462.54 learning_rate=0.000152389
2026-09-21 05:37:35 UTC completed_step=29184 elapsed_seconds=1463.18 learning_rate=0.000152133
2026-09-21 05:37:36 UTC step=29184 elapsed_seconds=1464.43 mean_loss=0.0136465 errors=21/10002 exact_sentences=1006/1024
2026-09-21 05:37:37 UTC completed_step=29200 elapsed_seconds=1465.08 learning_rate=0.000151877
2026-09-21 05:37:37 UTC completed_step=29216 elapsed_seconds=1465.72 learning_rate=0.000151621
2026-09-21 05:37:38 UTC completed_step=29232 elapsed_seconds=1466.37 learning_rate=0.000151366
2026-09-21 05:37:38 UTC completed_step=29248 elapsed_seconds=1467.02 learning_rate=0.000151111
2026-09-21 05:37:39 UTC completed_step=29264 elapsed_seconds=1467.66 learning_rate=0.000150857
2026-09-21 05:37:40 UTC completed_step=29280 elapsed_seconds=1468.31 learning_rate=0.000150602
2026-09-21 05:37:40 UTC completed_step=29296 elapsed_seconds=1468.96 learning_rate=0.000150348
2026-09-21 05:37:41 UTC completed_step=29312 elapsed_seconds=1469.6 learning_rate=0.000150094
2026-09-21 05:37:42 UTC step=29312 elapsed_seconds=1470.84 mean_loss=0.0132916 errors=19/10002 exact_sentences=1008/1024
2026-09-21 05:37:43 UTC completed_step=29328 elapsed_seconds=1471.49 learning_rate=0.000149841
2026-09-21 05:37:44 UTC completed_step=29344 elapsed_seconds=1472.14 learning_rate=0.000149588
2026-09-21 05:37:44 UTC completed_step=29360 elapsed_seconds=1472.79 learning_rate=0.000149335
2026-09-21 05:37:45 UTC completed_step=29376 elapsed_seconds=1473.44 learning_rate=0.000149082
2026-09-21 05:37:46 UTC completed_step=29392 elapsed_seconds=1474.08 learning_rate=0.00014883
2026-09-21 05:37:46 UTC completed_step=29408 elapsed_seconds=1474.73 learning_rate=0.000148578
2026-09-21 05:37:47 UTC completed_step=29424 elapsed_seconds=1475.38 learning_rate=0.000148326
2026-09-21 05:37:47 UTC completed_step=29440 elapsed_seconds=1476.03 learning_rate=0.000148074
2026-09-21 05:37:49 UTC step=29440 elapsed_seconds=1477.29 mean_loss=0.0130947 errors=19/10002 exact_sentences=1008/1024
2026-09-21 05:37:49 UTC completed_step=29456 elapsed_seconds=1477.94 learning_rate=0.000147823
2026-09-21 05:37:50 UTC completed_step=29472 elapsed_seconds=1478.58 learning_rate=0.000147572
2026-09-21 05:37:51 UTC completed_step=29488 elapsed_seconds=1479.23 learning_rate=0.000147322
2026-09-21 05:37:51 UTC completed_step=29504 elapsed_seconds=1479.88 learning_rate=0.000147071
2026-09-21 05:37:52 UTC completed_step=29520 elapsed_seconds=1480.52 learning_rate=0.000146821
2026-09-21 05:37:53 UTC completed_step=29536 elapsed_seconds=1481.17 learning_rate=0.000146572
2026-09-21 05:37:53 UTC completed_step=29552 elapsed_seconds=1481.81 learning_rate=0.000146322
2026-09-21 05:37:54 UTC completed_step=29568 elapsed_seconds=1482.46 learning_rate=0.000146073
2026-09-21 05:37:55 UTC step=29568 elapsed_seconds=1483.7 mean_loss=0.0128684 errors=17/10002 exact_sentences=1009/1024
2026-09-21 05:37:56 UTC completed_step=29584 elapsed_seconds=1484.35 learning_rate=0.000145824
2026-09-21 05:37:56 UTC completed_step=29600 elapsed_seconds=1485 learning_rate=0.000145576
2026-09-21 05:37:57 UTC completed_step=29616 elapsed_seconds=1485.65 learning_rate=0.000145327
2026-09-21 05:37:58 UTC completed_step=29632 elapsed_seconds=1486.3 learning_rate=0.000145079
2026-09-21 05:37:58 UTC completed_step=29648 elapsed_seconds=1486.95 learning_rate=0.000144832
2026-09-21 05:37:59 UTC completed_step=29664 elapsed_seconds=1487.59 learning_rate=0.000144584
2026-09-21 05:38:00 UTC completed_step=29680 elapsed_seconds=1488.24 learning_rate=0.000144337
2026-09-21 05:38:00 UTC completed_step=29696 elapsed_seconds=1488.89 learning_rate=0.00014409
2026-09-21 05:38:02 UTC step=29696 elapsed_seconds=1490.13 mean_loss=0.0126908 errors=15/10002 exact_sentences=1011/1024
2026-09-21 05:38:02 UTC completed_step=29712 elapsed_seconds=1490.78 learning_rate=0.000143844
2026-09-21 05:38:03 UTC completed_step=29728 elapsed_seconds=1491.43 learning_rate=0.000143598
2026-09-21 05:38:04 UTC completed_step=29744 elapsed_seconds=1492.08 learning_rate=0.000143352
2026-09-21 05:38:04 UTC completed_step=29760 elapsed_seconds=1492.73 learning_rate=0.000143106
2026-09-21 05:38:05 UTC completed_step=29776 elapsed_seconds=1493.38 learning_rate=0.000142861
2026-09-21 05:38:05 UTC completed_step=29792 elapsed_seconds=1494.02 learning_rate=0.000142616
2026-09-21 05:38:06 UTC completed_step=29808 elapsed_seconds=1494.67 learning_rate=0.000142371
2026-09-21 05:38:07 UTC completed_step=29824 elapsed_seconds=1495.32 learning_rate=0.000142126
2026-09-21 05:38:08 UTC step=29824 elapsed_seconds=1496.57 mean_loss=0.0123973 errors=15/10002 exact_sentences=1010/1024
2026-09-21 05:38:09 UTC completed_step=29840 elapsed_seconds=1497.23 learning_rate=0.000141882
2026-09-21 05:38:09 UTC completed_step=29856 elapsed_seconds=1497.87 learning_rate=0.000141638
2026-09-21 05:38:10 UTC completed_step=29872 elapsed_seconds=1498.52 learning_rate=0.000141395
2026-09-21 05:38:11 UTC completed_step=29888 elapsed_seconds=1499.17 learning_rate=0.000141152
2026-09-21 05:38:11 UTC completed_step=29904 elapsed_seconds=1499.83 learning_rate=0.000140909
2026-09-21 05:38:12 UTC completed_step=29920 elapsed_seconds=1500.48 learning_rate=0.000140666
2026-09-21 05:38:13 UTC completed_step=29936 elapsed_seconds=1501.12 learning_rate=0.000140424
2026-09-21 05:38:13 UTC completed_step=29952 elapsed_seconds=1501.78 learning_rate=0.000140182
2026-09-21 05:38:14 UTC step=29952 elapsed_seconds=1503.02 mean_loss=0.0117302 errors=16/10002 exact_sentences=1009/1024
2026-09-21 05:38:15 UTC completed_step=29968 elapsed_seconds=1503.67 learning_rate=0.00013994
2026-09-21 05:38:16 UTC completed_step=29984 elapsed_seconds=1504.32 learning_rate=0.000139698
2026-09-21 05:38:16 UTC completed_step=30000 elapsed_seconds=1504.96 learning_rate=0.000139457
2026-09-21 05:38:17 UTC completed_step=30016 elapsed_seconds=1505.61 learning_rate=0.000139217
2026-09-21 05:38:18 UTC completed_step=30032 elapsed_seconds=1506.25 learning_rate=0.000138976
2026-09-21 05:38:18 UTC completed_step=30048 elapsed_seconds=1506.9 learning_rate=0.000138736
2026-09-21 05:38:19 UTC completed_step=30064 elapsed_seconds=1507.54 learning_rate=0.000138496
2026-09-21 05:38:20 UTC completed_step=30080 elapsed_seconds=1508.19 learning_rate=0.000138256
2026-09-21 05:38:21 UTC step=30080 elapsed_seconds=1509.43 mean_loss=0.011612 errors=15/10002 exact_sentences=1010/1024
2026-09-21 05:38:22 UTC completed_step=30096 elapsed_seconds=1510.08 learning_rate=0.000138017
2026-09-21 05:38:22 UTC completed_step=30112 elapsed_seconds=1510.73 learning_rate=0.000137778
2026-09-21 05:38:23 UTC completed_step=30128 elapsed_seconds=1511.37 learning_rate=0.000137539
2026-09-21 05:38:23 UTC completed_step=30144 elapsed_seconds=1512.02 learning_rate=0.000137301
2026-09-21 05:38:24 UTC completed_step=30160 elapsed_seconds=1512.67 learning_rate=0.000137063
2026-09-21 05:38:25 UTC completed_step=30176 elapsed_seconds=1513.32 learning_rate=0.000136825
2026-09-21 05:38:25 UTC completed_step=30192 elapsed_seconds=1513.97 learning_rate=0.000136587
2026-09-21 05:38:26 UTC completed_step=30208 elapsed_seconds=1514.61 learning_rate=0.00013635
2026-09-21 05:38:27 UTC step=30208 elapsed_seconds=1515.86 mean_loss=0.0111761 errors=15/10002 exact_sentences=1009/1024
2026-09-21 05:38:28 UTC completed_step=30224 elapsed_seconds=1516.51 learning_rate=0.000136113
2026-09-21 05:38:29 UTC completed_step=30240 elapsed_seconds=1517.16 learning_rate=0.000135877
2026-09-21 05:38:29 UTC completed_step=30256 elapsed_seconds=1517.81 learning_rate=0.00013564
2026-09-21 05:38:30 UTC completed_step=30272 elapsed_seconds=1518.46 learning_rate=0.000135405
2026-09-21 05:38:31 UTC completed_step=30288 elapsed_seconds=1519.11 learning_rate=0.000135169
2026-09-21 05:38:31 UTC completed_step=30304 elapsed_seconds=1519.75 learning_rate=0.000134934
2026-09-21 05:38:32 UTC completed_step=30320 elapsed_seconds=1520.4 learning_rate=0.000134699
2026-09-21 05:38:32 UTC completed_step=30336 elapsed_seconds=1521.05 learning_rate=0.000134464
2026-09-21 05:38:34 UTC step=30336 elapsed_seconds=1522.28 mean_loss=0.0108318 errors=14/10002 exact_sentences=1012/1024
2026-09-21 05:38:34 UTC completed_step=30352 elapsed_seconds=1522.94 learning_rate=0.000134229
2026-09-21 05:38:35 UTC completed_step=30368 elapsed_seconds=1523.58 learning_rate=0.000133995
2026-09-21 05:38:36 UTC completed_step=30384 elapsed_seconds=1524.23 learning_rate=0.000133762
2026-09-21 05:38:36 UTC completed_step=30400 elapsed_seconds=1524.88 learning_rate=0.000133528
2026-09-21 05:38:37 UTC completed_step=30416 elapsed_seconds=1525.52 learning_rate=0.000133295
2026-09-21 05:38:38 UTC completed_step=30432 elapsed_seconds=1526.17 learning_rate=0.000133062
2026-09-21 05:38:38 UTC completed_step=30448 elapsed_seconds=1526.82 learning_rate=0.00013283
2026-09-21 05:38:39 UTC completed_step=30464 elapsed_seconds=1527.46 learning_rate=0.000132597
2026-09-21 05:38:40 UTC step=30464 elapsed_seconds=1528.7 mean_loss=0.0113543 errors=13/10002 exact_sentences=1012/1024
2026-09-21 05:38:41 UTC completed_step=30480 elapsed_seconds=1529.36 learning_rate=0.000132365
2026-09-21 05:38:41 UTC completed_step=30496 elapsed_seconds=1530.01 learning_rate=0.000132134
2026-09-21 05:38:42 UTC completed_step=30512 elapsed_seconds=1530.66 learning_rate=0.000131903
2026-09-21 05:38:43 UTC completed_step=30528 elapsed_seconds=1531.3 learning_rate=0.000131672
2026-09-21 05:38:43 UTC completed_step=30544 elapsed_seconds=1531.95 learning_rate=0.000131441
2026-09-21 05:38:44 UTC completed_step=30560 elapsed_seconds=1532.6 learning_rate=0.000131211
2026-09-21 05:38:45 UTC completed_step=30576 elapsed_seconds=1533.25 learning_rate=0.000130981
2026-09-21 05:38:45 UTC completed_step=30592 elapsed_seconds=1533.89 learning_rate=0.000130751
2026-09-21 05:38:47 UTC step=30592 elapsed_seconds=1535.15 mean_loss=0.0110133 errors=15/10002 exact_sentences=1010/1024
2026-09-21 05:38:47 UTC completed_step=30608 elapsed_seconds=1535.8 learning_rate=0.000130522
2026-09-21 05:38:48 UTC completed_step=30624 elapsed_seconds=1536.45 learning_rate=0.000130292
2026-09-21 05:38:49 UTC completed_step=30640 elapsed_seconds=1537.1 learning_rate=0.000130064
2026-09-21 05:38:49 UTC completed_step=30656 elapsed_seconds=1537.75 learning_rate=0.000129835
2026-09-21 05:38:50 UTC completed_step=30672 elapsed_seconds=1538.39 learning_rate=0.000129607
2026-09-21 05:38:50 UTC completed_step=30688 elapsed_seconds=1539.04 learning_rate=0.000129379
2026-09-21 05:38:51 UTC completed_step=30704 elapsed_seconds=1539.69 learning_rate=0.000129152
2026-09-21 05:38:52 UTC completed_step=30720 elapsed_seconds=1540.33 learning_rate=0.000128925
2026-09-21 05:38:53 UTC step=30720 elapsed_seconds=1541.58 mean_loss=0.0104403 errors=14/10002 exact_sentences=1011/1024
2026-09-21 05:38:54 UTC completed_step=30736 elapsed_seconds=1542.24 learning_rate=0.000128698
2026-09-21 05:38:54 UTC completed_step=30752 elapsed_seconds=1542.89 learning_rate=0.000128471
2026-09-21 05:38:55 UTC completed_step=30768 elapsed_seconds=1543.53 learning_rate=0.000128245
2026-09-21 05:38:56 UTC completed_step=30784 elapsed_seconds=1544.18 learning_rate=0.000128019
2026-09-21 05:38:56 UTC completed_step=30800 elapsed_seconds=1544.83 learning_rate=0.000127794
2026-09-21 05:38:57 UTC completed_step=30816 elapsed_seconds=1545.47 learning_rate=0.000127568
2026-09-21 05:38:58 UTC completed_step=30832 elapsed_seconds=1546.12 learning_rate=0.000127344
2026-09-21 05:38:58 UTC completed_step=30848 elapsed_seconds=1546.77 learning_rate=0.000127119
2026-09-21 05:38:59 UTC step=30848 elapsed_seconds=1548.02 mean_loss=0.0101016 errors=14/10002 exact_sentences=1011/1024
2026-09-21 05:39:00 UTC completed_step=30864 elapsed_seconds=1548.67 learning_rate=0.000126895
2026-09-21 05:39:01 UTC completed_step=30880 elapsed_seconds=1549.31 learning_rate=0.000126671
2026-09-21 05:39:01 UTC completed_step=30896 elapsed_seconds=1549.96 learning_rate=0.000126447
2026-09-21 05:39:02 UTC completed_step=30912 elapsed_seconds=1550.6 learning_rate=0.000126224
2026-09-21 05:39:03 UTC completed_step=30928 elapsed_seconds=1551.25 learning_rate=0.000126001
2026-09-21 05:39:03 UTC completed_step=30944 elapsed_seconds=1551.9 learning_rate=0.000125778
2026-09-21 05:39:04 UTC completed_step=30960 elapsed_seconds=1552.54 learning_rate=0.000125556
2026-09-21 05:39:05 UTC completed_step=30976 elapsed_seconds=1553.19 learning_rate=0.000125334
2026-09-21 05:39:06 UTC step=30976 elapsed_seconds=1554.42 mean_loss=0.0103123 errors=15/10002 exact_sentences=1011/1024
2026-09-21 05:39:07 UTC completed_step=30992 elapsed_seconds=1555.08 learning_rate=0.000125112
2026-09-21 05:39:07 UTC completed_step=31008 elapsed_seconds=1555.72 learning_rate=0.000124891
2026-09-21 05:39:08 UTC completed_step=31024 elapsed_seconds=1556.37 learning_rate=0.00012467
2026-09-21 05:39:08 UTC completed_step=31040 elapsed_seconds=1557.02 learning_rate=0.000124449
2026-09-21 05:39:09 UTC completed_step=31056 elapsed_seconds=1557.67 learning_rate=0.000124229
2026-09-21 05:39:10 UTC completed_step=31072 elapsed_seconds=1558.31 learning_rate=0.000124009
2026-09-21 05:39:10 UTC completed_step=31088 elapsed_seconds=1558.96 learning_rate=0.000123789
2026-09-21 05:39:11 UTC completed_step=31104 elapsed_seconds=1559.61 learning_rate=0.000123569
2026-09-21 05:39:12 UTC step=31104 elapsed_seconds=1560.85 mean_loss=0.0100572 errors=14/10002 exact_sentences=1011/1024
2026-09-21 05:39:13 UTC completed_step=31120 elapsed_seconds=1561.5 learning_rate=0.00012335
2026-09-21 05:39:14 UTC completed_step=31136 elapsed_seconds=1562.15 learning_rate=0.000123132
2026-09-21 05:39:14 UTC completed_step=31152 elapsed_seconds=1562.79 learning_rate=0.000122913
2026-09-21 05:39:15 UTC completed_step=31168 elapsed_seconds=1563.44 learning_rate=0.000122695
2026-09-21 05:39:16 UTC completed_step=31184 elapsed_seconds=1564.09 learning_rate=0.000122477
2026-09-21 05:39:16 UTC completed_step=31200 elapsed_seconds=1564.73 learning_rate=0.00012226
2026-09-21 05:39:17 UTC completed_step=31216 elapsed_seconds=1565.38 learning_rate=0.000122043
2026-09-21 05:39:17 UTC completed_step=31232 elapsed_seconds=1566.03 learning_rate=0.000121826
2026-09-21 05:39:19 UTC step=31232 elapsed_seconds=1567.27 mean_loss=0.0102844 errors=18/10002 exact_sentences=1008/1024
2026-09-21 05:39:19 UTC completed_step=31248 elapsed_seconds=1567.92 learning_rate=0.00012161
2026-09-21 05:39:20 UTC completed_step=31264 elapsed_seconds=1568.57 learning_rate=0.000121393
2026-09-21 05:39:21 UTC completed_step=31280 elapsed_seconds=1569.22 learning_rate=0.000121178
2026-09-21 05:39:21 UTC completed_step=31296 elapsed_seconds=1569.87 learning_rate=0.000120962
2026-09-21 05:39:22 UTC completed_step=31312 elapsed_seconds=1570.52 learning_rate=0.000120747
2026-09-21 05:39:23 UTC completed_step=31328 elapsed_seconds=1571.16 learning_rate=0.000120532
2026-09-21 05:39:23 UTC completed_step=31344 elapsed_seconds=1571.81 learning_rate=0.000120318
2026-09-21 05:39:24 UTC completed_step=31360 elapsed_seconds=1572.46 learning_rate=0.000120104
2026-09-21 05:39:25 UTC step=31360 elapsed_seconds=1573.72 mean_loss=0.00975976 errors=13/10002 exact_sentences=1012/1024
2026-09-21 05:39:26 UTC completed_step=31376 elapsed_seconds=1574.37 learning_rate=0.00011989
2026-09-21 05:39:26 UTC completed_step=31392 elapsed_seconds=1575.02 learning_rate=0.000119676
2026-09-21 05:39:27 UTC completed_step=31408 elapsed_seconds=1575.67 learning_rate=0.000119463
2026-09-21 05:39:28 UTC completed_step=31424 elapsed_seconds=1576.31 learning_rate=0.000119251
2026-09-21 05:39:28 UTC completed_step=31440 elapsed_seconds=1576.96 learning_rate=0.000119038
2026-09-21 05:39:29 UTC completed_step=31456 elapsed_seconds=1577.61 learning_rate=0.000118826
2026-09-21 05:39:30 UTC completed_step=31472 elapsed_seconds=1578.26 learning_rate=0.000118614
2026-09-21 05:39:30 UTC completed_step=31488 elapsed_seconds=1578.9 learning_rate=0.000118403
2026-09-21 05:39:32 UTC step=31488 elapsed_seconds=1580.17 mean_loss=0.00968254 errors=14/10002 exact_sentences=1011/1024
2026-09-21 05:39:32 UTC completed_step=31504 elapsed_seconds=1580.82 learning_rate=0.000118192
2026-09-21 05:39:33 UTC completed_step=31520 elapsed_seconds=1581.47 learning_rate=0.000117981
2026-09-21 05:39:34 UTC completed_step=31536 elapsed_seconds=1582.11 learning_rate=0.00011777
2026-09-21 05:39:34 UTC completed_step=31552 elapsed_seconds=1582.76 learning_rate=0.00011756
2026-09-21 05:39:35 UTC completed_step=31568 elapsed_seconds=1583.4 learning_rate=0.000117351
2026-09-21 05:39:35 UTC completed_step=31584 elapsed_seconds=1584.05 learning_rate=0.000117141
2026-09-21 05:39:36 UTC completed_step=31600 elapsed_seconds=1584.7 learning_rate=0.000116932
2026-09-21 05:39:37 UTC completed_step=31616 elapsed_seconds=1585.34 learning_rate=0.000116723
2026-09-21 05:39:38 UTC step=31616 elapsed_seconds=1586.59 mean_loss=0.00931026 errors=13/10002 exact_sentences=1012/1024
2026-09-21 05:39:39 UTC completed_step=31632 elapsed_seconds=1587.24 learning_rate=0.000116515
2026-09-21 05:39:39 UTC completed_step=31648 elapsed_seconds=1587.89 learning_rate=0.000116307
2026-09-21 05:39:40 UTC completed_step=31664 elapsed_seconds=1588.54 learning_rate=0.000116099
2026-09-21 05:39:41 UTC completed_step=31680 elapsed_seconds=1589.19 learning_rate=0.000115892
2026-09-21 05:39:41 UTC completed_step=31696 elapsed_seconds=1589.83 learning_rate=0.000115685
2026-09-21 05:39:42 UTC completed_step=31712 elapsed_seconds=1590.48 learning_rate=0.000115478
2026-09-21 05:39:43 UTC completed_step=31728 elapsed_seconds=1591.13 learning_rate=0.000115272
2026-09-21 05:39:43 UTC completed_step=31744 elapsed_seconds=1591.77 learning_rate=0.000115066
2026-09-21 05:39:44 UTC step=31744 elapsed_seconds=1593.01 mean_loss=0.00895033 errors=14/10002 exact_sentences=1010/1024
2026-09-21 05:39:45 UTC completed_step=31760 elapsed_seconds=1593.66 learning_rate=0.00011486
2026-09-21 05:39:46 UTC completed_step=31776 elapsed_seconds=1594.31 learning_rate=0.000114654
2026-09-21 05:39:46 UTC completed_step=31792 elapsed_seconds=1594.95 learning_rate=0.000114449
2026-09-21 05:39:47 UTC completed_step=31808 elapsed_seconds=1595.6 learning_rate=0.000114245
2026-09-21 05:39:48 UTC completed_step=31824 elapsed_seconds=1596.25 learning_rate=0.00011404
2026-09-21 05:39:48 UTC completed_step=31840 elapsed_seconds=1596.89 learning_rate=0.000113836
2026-09-21 05:39:49 UTC completed_step=31856 elapsed_seconds=1597.54 learning_rate=0.000113633
2026-09-21 05:39:50 UTC completed_step=31872 elapsed_seconds=1598.19 learning_rate=0.00011343
2026-09-21 05:39:51 UTC step=31872 elapsed_seconds=1599.45 mean_loss=0.00883319 errors=13/10002 exact_sentences=1012/1024
2026-09-21 05:39:52 UTC completed_step=31888 elapsed_seconds=1600.11 learning_rate=0.000113227
2026-09-21 05:39:52 UTC completed_step=31904 elapsed_seconds=1600.76 learning_rate=0.000113024
2026-09-21 05:39:53 UTC completed_step=31920 elapsed_seconds=1601.41 learning_rate=0.000112822
2026-09-21 05:39:54 UTC completed_step=31936 elapsed_seconds=1602.05 learning_rate=0.00011262
2026-09-21 05:39:54 UTC completed_step=31952 elapsed_seconds=1602.7 learning_rate=0.000112418
2026-09-21 05:39:55 UTC completed_step=31968 elapsed_seconds=1603.35 learning_rate=0.000112217
2026-09-21 05:39:55 UTC completed_step=31984 elapsed_seconds=1604 learning_rate=0.000112016
2026-09-21 05:39:56 UTC completed_step=32000 elapsed_seconds=1604.65 learning_rate=0.000111816
2026-09-21 05:39:57 UTC step=32000 elapsed_seconds=1605.89 mean_loss=0.00872788 errors=11/10002 exact_sentences=1013/1024
2026-09-21 05:39:58 UTC completed_step=32016 elapsed_seconds=1606.54 learning_rate=0.000111615
2026-09-21 05:39:59 UTC completed_step=32032 elapsed_seconds=1607.19 learning_rate=0.000111416
2026-09-21 05:39:59 UTC completed_step=32048 elapsed_seconds=1607.84 learning_rate=0.000111216
2026-09-21 05:40:00 UTC completed_step=32064 elapsed_seconds=1608.49 learning_rate=0.000111017
2026-09-21 05:40:01 UTC completed_step=32080 elapsed_seconds=1609.14 learning_rate=0.000110818
2026-09-21 05:40:01 UTC completed_step=32096 elapsed_seconds=1609.79 learning_rate=0.00011062
2026-09-21 05:40:02 UTC completed_step=32112 elapsed_seconds=1610.44 learning_rate=0.000110422
2026-09-21 05:40:03 UTC completed_step=32128 elapsed_seconds=1611.09 learning_rate=0.000110224
2026-09-21 05:40:04 UTC step=32128 elapsed_seconds=1612.34 mean_loss=0.00889325 errors=14/10002 exact_sentences=1010/1024
2026-09-21 05:40:04 UTC completed_step=32144 elapsed_seconds=1612.99 learning_rate=0.000110026
2026-09-21 05:40:05 UTC completed_step=32160 elapsed_seconds=1613.64 learning_rate=0.000109829
2026-09-21 05:40:06 UTC completed_step=32176 elapsed_seconds=1614.28 learning_rate=0.000109633
2026-09-21 05:40:06 UTC completed_step=32192 elapsed_seconds=1614.93 learning_rate=0.000109436
2026-09-21 05:40:07 UTC completed_step=32208 elapsed_seconds=1615.58 learning_rate=0.00010924
2026-09-21 05:40:08 UTC completed_step=32224 elapsed_seconds=1616.22 learning_rate=0.000109045
2026-09-21 05:40:08 UTC completed_step=32240 elapsed_seconds=1616.87 learning_rate=0.000108849
2026-09-21 05:40:09 UTC completed_step=32256 elapsed_seconds=1617.52 learning_rate=0.000108654
2026-09-21 05:40:10 UTC step=32256 elapsed_seconds=1618.77 mean_loss=0.00845128 errors=12/10002 exact_sentences=1012/1024
2026-09-21 05:40:11 UTC completed_step=32272 elapsed_seconds=1619.42 learning_rate=0.00010846
2026-09-21 05:40:12 UTC completed_step=32288 elapsed_seconds=1620.07 learning_rate=0.000108265
2026-09-21 05:40:12 UTC completed_step=32304 elapsed_seconds=1620.71 learning_rate=0.000108072
2026-09-21 05:40:13 UTC completed_step=32320 elapsed_seconds=1621.36 learning_rate=0.000107878
2026-09-21 05:40:13 UTC completed_step=32336 elapsed_seconds=1622.01 learning_rate=0.000107685
2026-09-21 05:40:14 UTC completed_step=32352 elapsed_seconds=1622.66 learning_rate=0.000107492
2026-09-21 05:40:15 UTC completed_step=32368 elapsed_seconds=1623.31 learning_rate=0.000107299
2026-09-21 05:40:15 UTC completed_step=32384 elapsed_seconds=1623.95 learning_rate=0.000107107
2026-09-21 05:40:17 UTC step=32384 elapsed_seconds=1625.19 mean_loss=0.00838034 errors=12/10002 exact_sentences=1013/1024
2026-09-21 05:40:17 UTC completed_step=32400 elapsed_seconds=1625.85 learning_rate=0.000106916
2026-09-21 05:40:18 UTC completed_step=32416 elapsed_seconds=1626.5 learning_rate=0.000106724
2026-09-21 05:40:19 UTC completed_step=32432 elapsed_seconds=1627.15 learning_rate=0.000106533
2026-09-21 05:40:19 UTC completed_step=32448 elapsed_seconds=1627.8 learning_rate=0.000106342
2026-09-21 05:40:20 UTC completed_step=32464 elapsed_seconds=1628.45 learning_rate=0.000106152
2026-09-21 05:40:21 UTC completed_step=32480 elapsed_seconds=1629.1 learning_rate=0.000105962
2026-09-21 05:40:21 UTC completed_step=32496 elapsed_seconds=1629.75 learning_rate=0.000105772
2026-09-21 05:40:22 UTC completed_step=32512 elapsed_seconds=1630.39 learning_rate=0.000105583
2026-09-21 05:40:23 UTC step=32512 elapsed_seconds=1631.63 mean_loss=0.00813273 errors=12/10002 exact_sentences=1012/1024
2026-09-21 05:40:24 UTC completed_step=32528 elapsed_seconds=1632.29 learning_rate=0.000105394
2026-09-21 05:40:24 UTC completed_step=32544 elapsed_seconds=1632.93 learning_rate=0.000105205
2026-09-21 05:40:25 UTC completed_step=32560 elapsed_seconds=1633.58 learning_rate=0.000105017
2026-09-21 05:40:26 UTC completed_step=32576 elapsed_seconds=1634.23 learning_rate=0.000104829
2026-09-21 05:40:26 UTC completed_step=32592 elapsed_seconds=1634.88 learning_rate=0.000104642
2026-09-21 05:40:27 UTC completed_step=32608 elapsed_seconds=1635.52 learning_rate=0.000104455
2026-09-21 05:40:28 UTC completed_step=32624 elapsed_seconds=1636.17 learning_rate=0.000104268
2026-09-21 05:40:28 UTC completed_step=32640 elapsed_seconds=1636.81 learning_rate=0.000104081
2026-09-21 05:40:29 UTC step=32640 elapsed_seconds=1638.05 mean_loss=0.00821553 errors=11/10002 exact_sentences=1014/1024
2026-09-21 05:40:30 UTC completed_step=32656 elapsed_seconds=1638.7 learning_rate=0.000103895
2026-09-21 05:40:31 UTC completed_step=32672 elapsed_seconds=1639.35 learning_rate=0.00010371
2026-09-21 05:40:31 UTC completed_step=32688 elapsed_seconds=1639.99 learning_rate=0.000103524
2026-09-21 05:40:32 UTC completed_step=32704 elapsed_seconds=1640.64 learning_rate=0.000103339
2026-09-21 05:40:33 UTC completed_step=32720 elapsed_seconds=1641.29 learning_rate=0.000103155
2026-09-21 05:40:33 UTC completed_step=32736 elapsed_seconds=1641.94 learning_rate=0.00010297
2026-09-21 05:40:34 UTC completed_step=32752 elapsed_seconds=1642.59 learning_rate=0.000102786
2026-09-21 05:40:35 UTC completed_step=32768 elapsed_seconds=1643.23 learning_rate=0.000102603
2026-09-21 05:40:36 UTC step=32768 elapsed_seconds=1644.47 mean_loss=0.00790403 errors=14/10002 exact_sentences=1010/1024
2026-09-21 05:40:37 UTC completed_step=32784 elapsed_seconds=1645.12 learning_rate=0.00010242
2026-09-21 05:40:37 UTC completed_step=32800 elapsed_seconds=1645.77 learning_rate=0.000102237
2026-09-21 05:40:38 UTC completed_step=32816 elapsed_seconds=1646.41 learning_rate=0.000102054
2026-09-21 05:40:39 UTC completed_step=32832 elapsed_seconds=1647.06 learning_rate=0.000101872
2026-09-21 05:40:39 UTC completed_step=32848 elapsed_seconds=1647.71 learning_rate=0.00010169
2026-09-21 05:40:40 UTC completed_step=32864 elapsed_seconds=1648.36 learning_rate=0.000101509
2026-09-21 05:40:40 UTC completed_step=32880 elapsed_seconds=1649 learning_rate=0.000101328
2026-09-21 05:40:41 UTC completed_step=32896 elapsed_seconds=1649.65 learning_rate=0.000101147
2026-09-21 05:40:42 UTC step=32896 elapsed_seconds=1650.89 mean_loss=0.0076337 errors=12/10002 exact_sentences=1012/1024
2026-09-21 05:40:43 UTC completed_step=32912 elapsed_seconds=1651.55 learning_rate=0.000100967
2026-09-21 05:40:44 UTC completed_step=32928 elapsed_seconds=1652.2 learning_rate=0.000100787
2026-09-21 05:40:44 UTC completed_step=32944 elapsed_seconds=1652.84 learning_rate=0.000100607
2026-09-21 05:40:45 UTC completed_step=32960 elapsed_seconds=1653.49 learning_rate=0.000100428
2026-09-21 05:40:46 UTC completed_step=32976 elapsed_seconds=1654.14 learning_rate=0.000100249
2026-09-21 05:40:46 UTC completed_step=32992 elapsed_seconds=1654.79 learning_rate=0.000100071
2026-09-21 05:40:47 UTC completed_step=33008 elapsed_seconds=1655.44 learning_rate=9.98927e-05
2026-09-21 05:40:48 UTC completed_step=33024 elapsed_seconds=1656.09 learning_rate=9.9715e-05
2026-09-21 05:40:49 UTC step=33024 elapsed_seconds=1657.32 mean_loss=0.00749913 errors=11/10002 exact_sentences=1014/1024
2026-09-21 05:40:49 UTC completed_step=33040 elapsed_seconds=1657.97 learning_rate=9.95376e-05
2026-09-21 05:40:50 UTC completed_step=33056 elapsed_seconds=1658.62 learning_rate=9.93606e-05
2026-09-21 05:40:51 UTC completed_step=33072 elapsed_seconds=1659.27 learning_rate=9.91839e-05
2026-09-21 05:40:51 UTC completed_step=33088 elapsed_seconds=1659.92 learning_rate=9.90076e-05
2026-09-21 05:40:52 UTC completed_step=33104 elapsed_seconds=1660.57 learning_rate=9.88317e-05
2026-09-21 05:40:53 UTC completed_step=33120 elapsed_seconds=1661.21 learning_rate=9.86561e-05
2026-09-21 05:40:53 UTC completed_step=33136 elapsed_seconds=1661.86 learning_rate=9.84809e-05
2026-09-21 05:40:54 UTC completed_step=33152 elapsed_seconds=1662.51 learning_rate=9.83061e-05
2026-09-21 05:40:55 UTC step=33152 elapsed_seconds=1663.74 mean_loss=0.0075069 errors=9/10002 exact_sentences=1015/1024
2026-09-21 05:40:56 UTC completed_step=33168 elapsed_seconds=1664.39 learning_rate=9.81316e-05
2026-09-21 05:40:56 UTC completed_step=33184 elapsed_seconds=1665.04 learning_rate=9.79575e-05
2026-09-21 05:40:57 UTC completed_step=33200 elapsed_seconds=1665.69 learning_rate=9.77838e-05
2026-09-21 05:40:58 UTC completed_step=33216 elapsed_seconds=1666.33 learning_rate=9.76105e-05
2026-09-21 05:40:58 UTC completed_step=33232 elapsed_seconds=1666.98 learning_rate=9.74375e-05
2026-09-21 05:40:59 UTC completed_step=33248 elapsed_seconds=1667.63 learning_rate=9.72649e-05
2026-09-21 05:41:00 UTC completed_step=33264 elapsed_seconds=1668.27 learning_rate=9.70926e-05
2026-09-21 05:41:00 UTC completed_step=33280 elapsed_seconds=1668.92 learning_rate=9.69207e-05
2026-09-21 05:41:02 UTC step=33280 elapsed_seconds=1670.16 mean_loss=0.00740519 errors=11/10002 exact_sentences=1013/1024
2026-09-21 05:41:02 UTC completed_step=33296 elapsed_seconds=1670.81 learning_rate=9.67492e-05
2026-09-21 05:41:03 UTC completed_step=33312 elapsed_seconds=1671.46 learning_rate=9.65781e-05
2026-09-21 05:41:04 UTC completed_step=33328 elapsed_seconds=1672.1 learning_rate=9.64073e-05
2026-09-21 05:41:04 UTC completed_step=33344 elapsed_seconds=1672.75 learning_rate=9.62369e-05
2026-09-21 05:41:05 UTC completed_step=33360 elapsed_seconds=1673.4 learning_rate=9.60669e-05
2026-09-21 05:41:05 UTC completed_step=33376 elapsed_seconds=1674.04 learning_rate=9.58973e-05
2026-09-21 05:41:06 UTC completed_step=33392 elapsed_seconds=1674.69 learning_rate=9.5728e-05
2026-09-21 05:41:07 UTC completed_step=33408 elapsed_seconds=1675.34 learning_rate=9.55591e-05
2026-09-21 05:41:08 UTC step=33408 elapsed_seconds=1676.58 mean_loss=0.00735251 errors=10/10002 exact_sentences=1014/1024
2026-09-21 05:41:09 UTC completed_step=33424 elapsed_seconds=1677.23 learning_rate=9.53905e-05
2026-09-21 05:41:09 UTC completed_step=33440 elapsed_seconds=1677.88 learning_rate=9.52224e-05
2026-09-21 05:41:10 UTC completed_step=33456 elapsed_seconds=1678.52 learning_rate=9.50546e-05
2026-09-21 05:41:11 UTC completed_step=33472 elapsed_seconds=1679.17 learning_rate=9.48872e-05
2026-09-21 05:41:11 UTC completed_step=33488 elapsed_seconds=1679.82 learning_rate=9.47201e-05
2026-09-21 05:41:12 UTC completed_step=33504 elapsed_seconds=1680.47 learning_rate=9.45534e-05
2026-09-21 05:41:13 UTC completed_step=33520 elapsed_seconds=1681.11 learning_rate=9.43871e-05
2026-09-21 05:41:13 UTC completed_step=33536 elapsed_seconds=1681.76 learning_rate=9.42212e-05
2026-09-21 05:41:14 UTC step=33536 elapsed_seconds=1683 mean_loss=0.00733278 errors=10/10002 exact_sentences=1014/1024
2026-09-21 05:41:15 UTC completed_step=33552 elapsed_seconds=1683.65 learning_rate=9.40557e-05
2026-09-21 05:41:16 UTC completed_step=33568 elapsed_seconds=1684.3 learning_rate=9.38905e-05
2026-09-21 05:41:16 UTC completed_step=33584 elapsed_seconds=1684.95 learning_rate=9.37257e-05
2026-09-21 05:41:17 UTC completed_step=33600 elapsed_seconds=1685.59 learning_rate=9.35612e-05
2026-09-21 05:41:18 UTC completed_step=33616 elapsed_seconds=1686.24 learning_rate=9.33972e-05
2026-09-21 05:41:18 UTC completed_step=33632 elapsed_seconds=1686.88 learning_rate=9.32335e-05
2026-09-21 05:41:19 UTC completed_step=33648 elapsed_seconds=1687.53 learning_rate=9.30702e-05
2026-09-21 05:41:20 UTC completed_step=33664 elapsed_seconds=1688.18 learning_rate=9.29073e-05
2026-09-21 05:41:21 UTC step=33664 elapsed_seconds=1689.42 mean_loss=0.006925 errors=10/10002 exact_sentences=1014/1024
2026-09-21 05:41:22 UTC completed_step=33680 elapsed_seconds=1690.08 learning_rate=9.27447e-05
2026-09-21 05:41:22 UTC completed_step=33696 elapsed_seconds=1690.72 learning_rate=9.25826e-05
2026-09-21 05:41:23 UTC completed_step=33712 elapsed_seconds=1691.37 learning_rate=9.24208e-05
2026-09-21 05:41:23 UTC completed_step=33728 elapsed_seconds=1692.02 learning_rate=9.22594e-05
2026-09-21 05:41:24 UTC completed_step=33744 elapsed_seconds=1692.67 learning_rate=9.20983e-05
2026-09-21 05:41:25 UTC completed_step=33760 elapsed_seconds=1693.32 learning_rate=9.19377e-05
2026-09-21 05:41:25 UTC completed_step=33776 elapsed_seconds=1693.97 learning_rate=9.17774e-05
2026-09-21 05:41:26 UTC completed_step=33792 elapsed_seconds=1694.62 learning_rate=9.16175e-05
2026-09-21 05:41:27 UTC step=33792 elapsed_seconds=1695.88 mean_loss=0.00710039 errors=10/10002 exact_sentences=1014/1024
2026-09-21 05:41:28 UTC completed_step=33808 elapsed_seconds=1696.53 learning_rate=9.14579e-05
2026-09-21 05:41:29 UTC completed_step=33824 elapsed_seconds=1697.18 learning_rate=9.12988e-05
2026-09-21 05:41:29 UTC completed_step=33840 elapsed_seconds=1697.83 learning_rate=9.114e-05
2026-09-21 05:41:30 UTC completed_step=33856 elapsed_seconds=1698.48 learning_rate=9.09816e-05
2026-09-21 05:41:31 UTC completed_step=33872 elapsed_seconds=1699.12 learning_rate=9.08236e-05
2026-09-21 05:41:31 UTC completed_step=33888 elapsed_seconds=1699.77 learning_rate=9.0666e-05
2026-09-21 05:41:32 UTC completed_step=33904 elapsed_seconds=1700.42 learning_rate=9.05087e-05
2026-09-21 05:41:33 UTC completed_step=33920 elapsed_seconds=1701.06 learning_rate=9.03518e-05
2026-09-21 05:41:34 UTC step=33920 elapsed_seconds=1702.32 mean_loss=0.00684555 errors=10/10002 exact_sentences=1014/1024
2026-09-21 05:41:34 UTC completed_step=33936 elapsed_seconds=1702.97 learning_rate=9.01953e-05
2026-09-21 05:41:35 UTC completed_step=33952 elapsed_seconds=1703.63 learning_rate=9.00392e-05
2026-09-21 05:41:36 UTC completed_step=33968 elapsed_seconds=1704.28 learning_rate=8.98835e-05
2026-09-21 05:41:36 UTC completed_step=33984 elapsed_seconds=1704.93 learning_rate=8.97281e-05
2026-09-21 05:41:37 UTC completed_step=34000 elapsed_seconds=1705.59 learning_rate=8.95732e-05
2026-09-21 05:41:38 UTC completed_step=34016 elapsed_seconds=1706.24 learning_rate=8.94186e-05
2026-09-21 05:41:38 UTC completed_step=34032 elapsed_seconds=1706.89 learning_rate=8.92644e-05
2026-09-21 05:41:39 UTC completed_step=34048 elapsed_seconds=1707.54 learning_rate=8.91106e-05
2026-09-21 05:41:40 UTC step=34048 elapsed_seconds=1708.79 mean_loss=0.00704793 errors=11/10002 exact_sentences=1013/1024
2026-09-21 05:41:41 UTC completed_step=34064 elapsed_seconds=1709.44 learning_rate=8.89571e-05
2026-09-21 05:41:42 UTC completed_step=34080 elapsed_seconds=1710.09 learning_rate=8.88041e-05
2026-09-21 05:41:42 UTC completed_step=34096 elapsed_seconds=1710.73 learning_rate=8.86514e-05
2026-09-21 05:41:43 UTC completed_step=34112 elapsed_seconds=1711.38 learning_rate=8.84991e-05
2026-09-21 05:41:43 UTC completed_step=34128 elapsed_seconds=1712.03 learning_rate=8.83472e-05
2026-09-21 05:41:44 UTC completed_step=34144 elapsed_seconds=1712.68 learning_rate=8.81956e-05
2026-09-21 05:41:45 UTC completed_step=34160 elapsed_seconds=1713.32 learning_rate=8.80445e-05
2026-09-21 05:41:45 UTC completed_step=34176 elapsed_seconds=1713.97 learning_rate=8.78937e-05
2026-09-21 05:41:47 UTC step=34176 elapsed_seconds=1715.21 mean_loss=0.00676547 errors=9/10002 exact_sentences=1015/1024
2026-09-21 05:41:47 UTC completed_step=34192 elapsed_seconds=1715.86 learning_rate=8.77434e-05
2026-09-21 05:41:48 UTC completed_step=34208 elapsed_seconds=1716.51 learning_rate=8.75934e-05
2026-09-21 05:41:49 UTC completed_step=34224 elapsed_seconds=1717.15 learning_rate=8.74438e-05
2026-09-21 05:41:49 UTC completed_step=34240 elapsed_seconds=1717.8 learning_rate=8.72946e-05
2026-09-21 05:41:50 UTC completed_step=34256 elapsed_seconds=1718.45 learning_rate=8.71457e-05
2026-09-21 05:41:51 UTC completed_step=34272 elapsed_seconds=1719.09 learning_rate=8.69973e-05
2026-09-21 05:41:51 UTC completed_step=34288 elapsed_seconds=1719.74 learning_rate=8.68492e-05
2026-09-21 05:41:52 UTC completed_step=34304 elapsed_seconds=1720.39 learning_rate=8.67015e-05
2026-09-21 05:41:53 UTC step=34304 elapsed_seconds=1721.63 mean_loss=0.00674381 errors=10/10002 exact_sentences=1014/1024
2026-09-21 05:41:54 UTC completed_step=34320 elapsed_seconds=1722.28 learning_rate=8.65542e-05
2026-09-21 05:41:54 UTC completed_step=34336 elapsed_seconds=1722.92 learning_rate=8.64073e-05
2026-09-21 05:41:55 UTC completed_step=34352 elapsed_seconds=1723.57 learning_rate=8.62608e-05
2026-09-21 05:41:56 UTC completed_step=34368 elapsed_seconds=1724.22 learning_rate=8.61147e-05
2026-09-21 05:41:56 UTC completed_step=34384 elapsed_seconds=1724.86 learning_rate=8.59689e-05
2026-09-21 05:41:57 UTC completed_step=34400 elapsed_seconds=1725.51 learning_rate=8.58236e-05
2026-09-21 05:41:58 UTC completed_step=34416 elapsed_seconds=1726.16 learning_rate=8.56786e-05
2026-09-21 05:41:58 UTC completed_step=34432 elapsed_seconds=1726.8 learning_rate=8.5534e-05
2026-09-21 05:41:59 UTC step=34432 elapsed_seconds=1728.05 mean_loss=0.00646319 errors=11/10002 exact_sentences=1013/1024
2026-09-21 05:42:00 UTC completed_step=34448 elapsed_seconds=1728.7 learning_rate=8.53898e-05
2026-09-21 05:42:01 UTC completed_step=34464 elapsed_seconds=1729.35 learning_rate=8.5246e-05
2026-09-21 05:42:01 UTC completed_step=34480 elapsed_seconds=1730 learning_rate=8.51026e-05
2026-09-21 05:42:02 UTC completed_step=34496 elapsed_seconds=1730.65 learning_rate=8.49596e-05
2026-09-21 05:42:03 UTC completed_step=34512 elapsed_seconds=1731.3 learning_rate=8.48169e-05
2026-09-21 05:42:03 UTC completed_step=34528 elapsed_seconds=1731.95 learning_rate=8.46747e-05
2026-09-21 05:42:04 UTC completed_step=34544 elapsed_seconds=1732.6 learning_rate=8.45328e-05
2026-09-21 05:42:05 UTC completed_step=34560 elapsed_seconds=1733.25 learning_rate=8.43913e-05
2026-09-21 05:42:06 UTC step=34560 elapsed_seconds=1734.5 mean_loss=0.00650629 errors=12/10002 exact_sentences=1012/1024
2026-09-21 05:42:07 UTC completed_step=34576 elapsed_seconds=1735.15 learning_rate=8.42502e-05
2026-09-21 05:42:07 UTC completed_step=34592 elapsed_seconds=1735.8 learning_rate=8.41096e-05
2026-09-21 05:42:08 UTC completed_step=34608 elapsed_seconds=1736.45 learning_rate=8.39693e-05
2026-09-21 05:42:09 UTC completed_step=34624 elapsed_seconds=1737.09 learning_rate=8.38293e-05
2026-09-21 05:42:09 UTC completed_step=34640 elapsed_seconds=1737.74 learning_rate=8.36898e-05
2026-09-21 05:42:10 UTC completed_step=34656 elapsed_seconds=1738.39 learning_rate=8.35507e-05
2026-09-21 05:42:10 UTC completed_step=34672 elapsed_seconds=1739.04 learning_rate=8.34119e-05
2026-09-21 05:42:11 UTC completed_step=34688 elapsed_seconds=1739.68 learning_rate=8.32736e-05
2026-09-21 05:42:12 UTC step=34688 elapsed_seconds=1740.94 mean_loss=0.00645909 errors=10/10002 exact_sentences=1014/1024
2026-09-21 05:42:13 UTC completed_step=34704 elapsed_seconds=1741.59 learning_rate=8.31356e-05
2026-09-21 05:42:14 UTC completed_step=34720 elapsed_seconds=1742.24 learning_rate=8.29981e-05
2026-09-21 05:42:14 UTC completed_step=34736 elapsed_seconds=1742.89 learning_rate=8.28609e-05
2026-09-21 05:42:15 UTC completed_step=34752 elapsed_seconds=1743.54 learning_rate=8.27241e-05
2026-09-21 05:42:16 UTC completed_step=34768 elapsed_seconds=1744.18 learning_rate=8.25877e-05
2026-09-21 05:42:16 UTC completed_step=34784 elapsed_seconds=1744.83 learning_rate=8.24517e-05
2026-09-21 05:42:17 UTC completed_step=34800 elapsed_seconds=1745.48 learning_rate=8.23161e-05
2026-09-21 05:42:18 UTC completed_step=34816 elapsed_seconds=1746.13 learning_rate=8.21809e-05
2026-09-21 05:42:19 UTC step=34816 elapsed_seconds=1747.36 mean_loss=0.00615195 errors=10/10002 exact_sentences=1014/1024
2026-09-21 05:42:19 UTC completed_step=34832 elapsed_seconds=1748.01 learning_rate=8.20461e-05
2026-09-21 05:42:20 UTC completed_step=34848 elapsed_seconds=1748.66 learning_rate=8.19117e-05
2026-09-21 05:42:21 UTC completed_step=34864 elapsed_seconds=1749.31 learning_rate=8.17777e-05
2026-09-21 05:42:21 UTC completed_step=34880 elapsed_seconds=1749.96 learning_rate=8.1644e-05
2026-09-21 05:42:22 UTC completed_step=34896 elapsed_seconds=1750.61 learning_rate=8.15108e-05
2026-09-21 05:42:23 UTC completed_step=34912 elapsed_seconds=1751.26 learning_rate=8.13779e-05
2026-09-21 05:42:23 UTC completed_step=34928 elapsed_seconds=1751.9 learning_rate=8.12455e-05
2026-09-21 05:42:24 UTC completed_step=34944 elapsed_seconds=1752.55 learning_rate=8.11134e-05
2026-09-21 05:42:25 UTC step=34944 elapsed_seconds=1753.79 mean_loss=0.00624167 errors=10/10002 exact_sentences=1014/1024
2026-09-21 05:42:26 UTC completed_step=34960 elapsed_seconds=1754.44 learning_rate=8.09818e-05
2026-09-21 05:42:27 UTC completed_step=34976 elapsed_seconds=1755.09 learning_rate=8.08505e-05
2026-09-21 05:42:27 UTC completed_step=34992 elapsed_seconds=1755.74 learning_rate=8.07196e-05
2026-09-21 05:42:28 UTC completed_step=35008 elapsed_seconds=1756.4 learning_rate=8.05892e-05
2026-09-21 05:42:28 UTC completed_step=35024 elapsed_seconds=1757.05 learning_rate=8.04591e-05
2026-09-21 05:42:29 UTC completed_step=35040 elapsed_seconds=1757.7 learning_rate=8.03294e-05
2026-09-21 05:42:30 UTC completed_step=35056 elapsed_seconds=1758.35 learning_rate=8.02001e-05
2026-09-21 05:42:30 UTC completed_step=35072 elapsed_seconds=1759.01 learning_rate=8.00712e-05
2026-09-21 05:42:32 UTC step=35072 elapsed_seconds=1760.25 mean_loss=0.00616396 errors=10/10002 exact_sentences=1014/1024
2026-09-21 05:42:32 UTC completed_step=35088 elapsed_seconds=1760.9 learning_rate=7.99427e-05
2026-09-21 05:42:33 UTC completed_step=35104 elapsed_seconds=1761.55 learning_rate=7.98146e-05
2026-09-21 05:42:34 UTC completed_step=35120 elapsed_seconds=1762.19 learning_rate=7.96869e-05
2026-09-21 05:42:34 UTC completed_step=35136 elapsed_seconds=1762.84 learning_rate=7.95596e-05
2026-09-21 05:42:35 UTC completed_step=35152 elapsed_seconds=1763.49 learning_rate=7.94327e-05
2026-09-21 05:42:36 UTC completed_step=35168 elapsed_seconds=1764.13 learning_rate=7.93062e-05
2026-09-21 05:42:36 UTC completed_step=35184 elapsed_seconds=1764.78 learning_rate=7.91801e-05
2026-09-21 05:42:37 UTC completed_step=35200 elapsed_seconds=1765.43 learning_rate=7.90544e-05
2026-09-21 05:42:38 UTC step=35200 elapsed_seconds=1766.67 mean_loss=0.00594564 errors=9/10002 exact_sentences=1015/1024
2026-09-21 05:42:39 UTC completed_step=35216 elapsed_seconds=1767.33 learning_rate=7.89291e-05
2026-09-21 05:42:39 UTC completed_step=35232 elapsed_seconds=1767.97 learning_rate=7.88041e-05
2026-09-21 05:42:40 UTC completed_step=35248 elapsed_seconds=1768.62 learning_rate=7.86796e-05
2026-09-21 05:42:41 UTC completed_step=35264 elapsed_seconds=1769.27 learning_rate=7.85555e-05
2026-09-21 05:42:41 UTC completed_step=35280 elapsed_seconds=1769.92 learning_rate=7.84318e-05
2026-09-21 05:42:42 UTC completed_step=35296 elapsed_seconds=1770.57 learning_rate=7.83085e-05
2026-09-21 05:42:43 UTC completed_step=35312 elapsed_seconds=1771.22 learning_rate=7.81855e-05
2026-09-21 05:42:43 UTC completed_step=35328 elapsed_seconds=1771.87 learning_rate=7.8063e-05
2026-09-21 05:42:45 UTC step=35328 elapsed_seconds=1773.11 mean_loss=0.00613001 errors=10/10002 exact_sentences=1014/1024
2026-09-21 05:42:45 UTC completed_step=35344 elapsed_seconds=1773.77 learning_rate=7.79409e-05
2026-09-21 05:42:46 UTC completed_step=35360 elapsed_seconds=1774.42 learning_rate=7.78192e-05
2026-09-21 05:42:47 UTC completed_step=35376 elapsed_seconds=1775.07 learning_rate=7.76979e-05
2026-09-21 05:42:47 UTC completed_step=35392 elapsed_seconds=1775.73 learning_rate=7.75769e-05
2026-09-21 05:42:48 UTC completed_step=35408 elapsed_seconds=1776.38 learning_rate=7.74564e-05
2026-09-21 05:42:48 UTC completed_step=35424 elapsed_seconds=1777.03 learning_rate=7.73363e-05
2026-09-21 05:42:49 UTC completed_step=35440 elapsed_seconds=1777.68 learning_rate=7.72166e-05
2026-09-21 05:42:50 UTC completed_step=35456 elapsed_seconds=1778.33 learning_rate=7.70973e-05
2026-09-21 05:42:51 UTC step=35456 elapsed_seconds=1779.56 mean_loss=0.00597684 errors=10/10002 exact_sentences=1014/1024
2026-09-21 05:42:52 UTC completed_step=35472 elapsed_seconds=1780.22 learning_rate=7.69784e-05
2026-09-21 05:42:52 UTC completed_step=35488 elapsed_seconds=1780.87 learning_rate=7.68598e-05
2026-09-21 05:42:53 UTC completed_step=35504 elapsed_seconds=1781.52 learning_rate=7.67417e-05
2026-09-21 05:42:54 UTC completed_step=35520 elapsed_seconds=1782.17 learning_rate=7.6624e-05
2026-09-21 05:42:54 UTC completed_step=35536 elapsed_seconds=1782.82 learning_rate=7.65067e-05
2026-09-21 05:42:55 UTC completed_step=35552 elapsed_seconds=1783.47 learning_rate=7.63898e-05
2026-09-21 05:42:56 UTC completed_step=35568 elapsed_seconds=1784.12 learning_rate=7.62733e-05
2026-09-21 05:42:56 UTC completed_step=35584 elapsed_seconds=1784.77 learning_rate=7.61572e-05
2026-09-21 05:42:57 UTC step=35584 elapsed_seconds=1786.02 mean_loss=0.00586774 errors=9/10002 exact_sentences=1015/1024
2026-09-21 05:42:58 UTC completed_step=35600 elapsed_seconds=1786.68 learning_rate=7.60415e-05
2026-09-21 05:42:59 UTC completed_step=35616 elapsed_seconds=1787.33 learning_rate=7.59262e-05
2026-09-21 05:42:59 UTC completed_step=35632 elapsed_seconds=1787.97 learning_rate=7.58113e-05
2026-09-21 05:43:00 UTC completed_step=35648 elapsed_seconds=1788.62 learning_rate=7.56968e-05
2026-09-21 05:43:01 UTC completed_step=35664 elapsed_seconds=1789.27 learning_rate=7.55827e-05
2026-09-21 05:43:01 UTC completed_step=35680 elapsed_seconds=1789.92 learning_rate=7.54691e-05
2026-09-21 05:43:02 UTC completed_step=35696 elapsed_seconds=1790.56 learning_rate=7.53558e-05
2026-09-21 05:43:03 UTC completed_step=35712 elapsed_seconds=1791.21 learning_rate=7.52429e-05
2026-09-21 05:43:04 UTC step=35712 elapsed_seconds=1792.45 mean_loss=0.00569173 errors=10/10002 exact_sentences=1014/1024
2026-09-21 05:43:05 UTC completed_step=35728 elapsed_seconds=1793.1 learning_rate=7.51304e-05
2026-09-21 05:43:05 UTC completed_step=35744 elapsed_seconds=1793.75 learning_rate=7.50184e-05
2026-09-21 05:43:06 UTC completed_step=35760 elapsed_seconds=1794.39 learning_rate=7.49067e-05
2026-09-21 05:43:06 UTC completed_step=35776 elapsed_seconds=1795.04 learning_rate=7.47955e-05
2026-09-21 05:43:07 UTC completed_step=35792 elapsed_seconds=1795.69 learning_rate=7.46846e-05
2026-09-21 05:43:08 UTC completed_step=35808 elapsed_seconds=1796.34 learning_rate=7.45742e-05
2026-09-21 05:43:08 UTC completed_step=35824 elapsed_seconds=1796.98 learning_rate=7.44641e-05
2026-09-21 05:43:09 UTC completed_step=35840 elapsed_seconds=1797.63 learning_rate=7.43545e-05
2026-09-21 05:43:10 UTC step=35840 elapsed_seconds=1798.88 mean_loss=0.00561897 errors=9/10002 exact_sentences=1015/1024
2026-09-21 05:43:11 UTC completed_step=35856 elapsed_seconds=1799.53 learning_rate=7.42453e-05
2026-09-21 05:43:12 UTC completed_step=35872 elapsed_seconds=1800.18 learning_rate=7.41364e-05
2026-09-21 05:43:12 UTC completed_step=35888 elapsed_seconds=1800.82 learning_rate=7.4028e-05
2026-09-21 05:43:13 UTC completed_step=35904 elapsed_seconds=1801.47 learning_rate=7.392e-05
2026-09-21 05:43:14 UTC completed_step=35920 elapsed_seconds=1802.12 learning_rate=7.38124e-05
2026-09-21 05:43:14 UTC completed_step=35936 elapsed_seconds=1802.77 learning_rate=7.37052e-05
2026-09-21 05:43:15 UTC completed_step=35952 elapsed_seconds=1803.41 learning_rate=7.35984e-05
2026-09-21 05:43:16 UTC completed_step=35968 elapsed_seconds=1804.06 learning_rate=7.34921e-05
2026-09-21 05:43:17 UTC step=35968 elapsed_seconds=1805.3 mean_loss=0.00562402 errors=10/10002 exact_sentences=1014/1024
2026-09-21 05:43:17 UTC completed_step=35984 elapsed_seconds=1805.95 learning_rate=7.33861e-05
2026-09-21 05:43:18 UTC completed_step=36000 elapsed_seconds=1806.6 learning_rate=7.32805e-05
2026-09-21 05:43:19 UTC completed_step=36016 elapsed_seconds=1807.25 learning_rate=7.31754e-05
2026-09-21 05:43:19 UTC completed_step=36032 elapsed_seconds=1807.9 learning_rate=7.30706e-05
2026-09-21 05:43:20 UTC completed_step=36048 elapsed_seconds=1808.55 learning_rate=7.29663e-05
2026-09-21 05:43:21 UTC completed_step=36064 elapsed_seconds=1809.19 learning_rate=7.28623e-05
2026-09-21 05:43:21 UTC completed_step=36080 elapsed_seconds=1809.84 learning_rate=7.27588e-05
2026-09-21 05:43:22 UTC completed_step=36096 elapsed_seconds=1810.49 learning_rate=7.26557e-05
2026-09-21 05:43:23 UTC step=36096 elapsed_seconds=1811.75 mean_loss=0.0055141 errors=10/10002 exact_sentences=1014/1024
2026-09-21 05:43:24 UTC completed_step=36112 elapsed_seconds=1812.4 learning_rate=7.2553e-05
2026-09-21 05:43:25 UTC completed_step=36128 elapsed_seconds=1813.05 learning_rate=7.24507e-05
2026-09-21 05:43:25 UTC completed_step=36144 elapsed_seconds=1813.7 learning_rate=7.23488e-05
2026-09-21 05:43:26 UTC completed_step=36160 elapsed_seconds=1814.35 learning_rate=7.22473e-05
2026-09-21 05:43:26 UTC completed_step=36176 elapsed_seconds=1815 learning_rate=7.21462e-05
2026-09-21 05:43:27 UTC completed_step=36192 elapsed_seconds=1815.65 learning_rate=7.20455e-05
2026-09-21 05:43:28 UTC completed_step=36208 elapsed_seconds=1816.3 learning_rate=7.19453e-05
2026-09-21 05:43:28 UTC completed_step=36224 elapsed_seconds=1816.95 learning_rate=7.18454e-05
2026-09-21 05:43:30 UTC step=36224 elapsed_seconds=1818.18 mean_loss=0.00544705 errors=9/10002 exact_sentences=1015/1024
2026-09-21 05:43:30 UTC completed_step=36240 elapsed_seconds=1818.84 learning_rate=7.1746e-05
2026-09-21 05:43:31 UTC completed_step=36256 elapsed_seconds=1819.49 learning_rate=7.16469e-05
2026-09-21 05:43:32 UTC completed_step=36272 elapsed_seconds=1820.14 learning_rate=7.15483e-05
2026-09-21 05:43:32 UTC completed_step=36288 elapsed_seconds=1820.8 learning_rate=7.14501e-05
2026-09-21 05:43:33 UTC completed_step=36304 elapsed_seconds=1821.45 learning_rate=7.13523e-05
2026-09-21 05:43:34 UTC completed_step=36320 elapsed_seconds=1822.1 learning_rate=7.12549e-05
2026-09-21 05:43:34 UTC completed_step=36336 elapsed_seconds=1822.75 learning_rate=7.11579e-05
2026-09-21 05:43:35 UTC completed_step=36352 elapsed_seconds=1823.41 learning_rate=7.10614e-05
2026-09-21 05:43:36 UTC step=36352 elapsed_seconds=1824.64 mean_loss=0.00546836 errors=10/10002 exact_sentences=1014/1024
2026-09-21 05:43:37 UTC completed_step=36368 elapsed_seconds=1825.3 learning_rate=7.09652e-05
2026-09-21 05:43:37 UTC completed_step=36384 elapsed_seconds=1825.95 learning_rate=7.08695e-05
2026-09-21 05:43:38 UTC completed_step=36400 elapsed_seconds=1826.61 learning_rate=7.07741e-05
2026-09-21 05:43:39 UTC completed_step=36416 elapsed_seconds=1827.26 learning_rate=7.06792e-05
2026-09-21 05:43:39 UTC completed_step=36432 elapsed_seconds=1827.91 learning_rate=7.05847e-05
2026-09-21 05:43:40 UTC completed_step=36448 elapsed_seconds=1828.57 learning_rate=7.04906e-05
2026-09-21 05:43:41 UTC completed_step=36464 elapsed_seconds=1829.22 learning_rate=7.03969e-05
2026-09-21 05:43:41 UTC completed_step=36480 elapsed_seconds=1829.87 learning_rate=7.03037e-05
2026-09-21 05:43:43 UTC step=36480 elapsed_seconds=1831.11 mean_loss=0.00544018 errors=9/10002 exact_sentences=1015/1024
2026-09-21 05:43:43 UTC completed_step=36496 elapsed_seconds=1831.76 learning_rate=7.02108e-05
2026-09-21 05:43:44 UTC completed_step=36512 elapsed_seconds=1832.41 learning_rate=7.01183e-05
2026-09-21 05:43:45 UTC completed_step=36528 elapsed_seconds=1833.06 learning_rate=7.00263e-05
2026-09-21 05:43:45 UTC completed_step=36544 elapsed_seconds=1833.7 learning_rate=6.99347e-05
2026-09-21 05:43:46 UTC completed_step=36560 elapsed_seconds=1834.35 learning_rate=6.98435e-05
2026-09-21 05:43:46 UTC completed_step=36576 elapsed_seconds=1834.99 learning_rate=6.97527e-05
2026-09-21 05:43:47 UTC completed_step=36592 elapsed_seconds=1835.64 learning_rate=6.96623e-05
2026-09-21 05:43:48 UTC completed_step=36608 elapsed_seconds=1836.29 learning_rate=6.95723e-05
2026-09-21 05:43:49 UTC step=36608 elapsed_seconds=1837.54 mean_loss=0.00523954 errors=9/10002 exact_sentences=1015/1024
2026-09-21 05:43:50 UTC completed_step=36624 elapsed_seconds=1838.2 learning_rate=6.94827e-05
2026-09-21 05:43:50 UTC completed_step=36640 elapsed_seconds=1838.85 learning_rate=6.93936e-05
2026-09-21 05:43:51 UTC completed_step=36656 elapsed_seconds=1839.5 learning_rate=6.93049e-05
2026-09-21 05:43:52 UTC completed_step=36672 elapsed_seconds=1840.15 learning_rate=6.92165e-05
2026-09-21 05:43:52 UTC completed_step=36688 elapsed_seconds=1840.8 learning_rate=6.91286e-05
2026-09-21 05:43:53 UTC completed_step=36704 elapsed_seconds=1841.45 learning_rate=6.90411e-05
2026-09-21 05:43:54 UTC completed_step=36720 elapsed_seconds=1842.1 learning_rate=6.89541e-05
2026-09-21 05:43:54 UTC completed_step=36736 elapsed_seconds=1842.76 learning_rate=6.88674e-05
2026-09-21 05:43:55 UTC step=36736 elapsed_seconds=1844.02 mean_loss=0.00529316 errors=10/10002 exact_sentences=1014/1024
2026-09-21 05:43:56 UTC completed_step=36752 elapsed_seconds=1844.67 learning_rate=6.87812e-05
2026-09-21 05:43:57 UTC completed_step=36768 elapsed_seconds=1845.32 learning_rate=6.86953e-05
2026-09-21 05:43:57 UTC completed_step=36784 elapsed_seconds=1845.97 learning_rate=6.86099e-05
2026-09-21 05:43:58 UTC completed_step=36800 elapsed_seconds=1846.61 learning_rate=6.85249e-05
2026-09-21 05:43:59 UTC completed_step=36816 elapsed_seconds=1847.26 learning_rate=6.84403e-05
2026-09-21 05:43:59 UTC completed_step=36832 elapsed_seconds=1847.91 learning_rate=6.83561e-05
2026-09-21 05:44:00 UTC completed_step=36848 elapsed_seconds=1848.55 learning_rate=6.82724e-05
2026-09-21 05:44:01 UTC completed_step=36864 elapsed_seconds=1849.2 learning_rate=6.8189e-05
2026-09-21 05:44:02 UTC step=36864 elapsed_seconds=1850.44 mean_loss=0.00529835 errors=10/10002 exact_sentences=1014/1024
2026-09-21 05:44:03 UTC completed_step=36880 elapsed_seconds=1851.1 learning_rate=6.81061e-05
2026-09-21 05:44:03 UTC completed_step=36896 elapsed_seconds=1851.75 learning_rate=6.80236e-05
2026-09-21 05:44:04 UTC completed_step=36912 elapsed_seconds=1852.4 learning_rate=6.79415e-05
2026-09-21 05:44:04 UTC completed_step=36928 elapsed_seconds=1853.05 learning_rate=6.78598e-05
2026-09-21 05:44:05 UTC completed_step=36944 elapsed_seconds=1853.7 learning_rate=6.77785e-05
2026-09-21 05:44:06 UTC completed_step=36960 elapsed_seconds=1854.35 learning_rate=6.76977e-05
2026-09-21 05:44:06 UTC completed_step=36976 elapsed_seconds=1855 learning_rate=6.76173e-05
2026-09-21 05:44:07 UTC completed_step=36992 elapsed_seconds=1855.65 learning_rate=6.75372e-05
2026-09-21 05:44:08 UTC step=36992 elapsed_seconds=1856.89 mean_loss=0.00542942 errors=9/10002 exact_sentences=1015/1024
2026-09-21 05:44:09 UTC completed_step=37008 elapsed_seconds=1857.55 learning_rate=6.74576e-05
2026-09-21 05:44:10 UTC completed_step=37024 elapsed_seconds=1858.2 learning_rate=6.73785e-05
2026-09-21 05:44:10 UTC completed_step=37040 elapsed_seconds=1858.84 learning_rate=6.72997e-05
2026-09-21 05:44:11 UTC completed_step=37056 elapsed_seconds=1859.49 learning_rate=6.72213e-05
2026-09-21 05:44:12 UTC completed_step=37072 elapsed_seconds=1860.14 learning_rate=6.71434e-05
2026-09-21 05:44:12 UTC completed_step=37088 elapsed_seconds=1860.79 learning_rate=6.70659e-05
2026-09-21 05:44:13 UTC completed_step=37104 elapsed_seconds=1861.44 learning_rate=6.69888e-05
2026-09-21 05:44:14 UTC completed_step=37120 elapsed_seconds=1862.09 learning_rate=6.69121e-05
2026-09-21 05:44:15 UTC step=37120 elapsed_seconds=1863.33 mean_loss=0.00504934 errors=9/10002 exact_sentences=1015/1024
2026-09-21 05:44:15 UTC completed_step=37136 elapsed_seconds=1863.98 learning_rate=6.68358e-05
2026-09-21 05:44:16 UTC completed_step=37152 elapsed_seconds=1864.63 learning_rate=6.676e-05
2026-09-21 05:44:17 UTC completed_step=37168 elapsed_seconds=1865.27 learning_rate=6.66846e-05
2026-09-21 05:44:17 UTC completed_step=37184 elapsed_seconds=1865.92 learning_rate=6.66096e-05
2026-09-21 05:44:18 UTC completed_step=37200 elapsed_seconds=1866.57 learning_rate=6.6535e-05
2026-09-21 05:44:19 UTC completed_step=37216 elapsed_seconds=1867.21 learning_rate=6.64608e-05
2026-09-21 05:44:19 UTC completed_step=37232 elapsed_seconds=1867.86 learning_rate=6.6387e-05
2026-09-21 05:44:20 UTC completed_step=37248 elapsed_seconds=1868.51 learning_rate=6.63137e-05
2026-09-21 05:44:21 UTC step=37248 elapsed_seconds=1869.74 mean_loss=0.00506794 errors=10/10002 exact_sentences=1014/1024
2026-09-21 05:44:22 UTC completed_step=37264 elapsed_seconds=1870.4 learning_rate=6.62408e-05
2026-09-21 05:44:23 UTC completed_step=37280 elapsed_seconds=1871.05 learning_rate=6.61683e-05
2026-09-21 05:44:23 UTC completed_step=37296 elapsed_seconds=1871.7 learning_rate=6.60962e-05
2026-09-21 05:44:24 UTC completed_step=37312 elapsed_seconds=1872.35 learning_rate=6.60245e-05
2026-09-21 05:44:24 UTC completed_step=37328 elapsed_seconds=1873 learning_rate=6.59533e-05
2026-09-21 05:44:25 UTC completed_step=37344 elapsed_seconds=1873.65 learning_rate=6.58825e-05
2026-09-21 05:44:26 UTC completed_step=37360 elapsed_seconds=1874.3 learning_rate=6.58121e-05
2026-09-21 05:44:26 UTC completed_step=37376 elapsed_seconds=1874.95 learning_rate=6.57421e-05
2026-09-21 05:44:28 UTC step=37376 elapsed_seconds=1876.19 mean_loss=0.00503031 errors=8/10002 exact_sentences=1016/1024
2026-09-21 05:44:28 UTC completed_step=37392 elapsed_seconds=1876.85 learning_rate=6.56725e-05
2026-09-21 05:44:29 UTC completed_step=37408 elapsed_seconds=1877.5 learning_rate=6.56034e-05
2026-09-21 05:44:30 UTC completed_step=37424 elapsed_seconds=1878.14 learning_rate=6.55347e-05
2026-09-21 05:44:30 UTC completed_step=37440 elapsed_seconds=1878.79 learning_rate=6.54663e-05
2026-09-21 05:44:31 UTC completed_step=37456 elapsed_seconds=1879.43 learning_rate=6.53985e-05
2026-09-21 05:44:32 UTC completed_step=37472 elapsed_seconds=1880.08 learning_rate=6.5331e-05
2026-09-21 05:44:32 UTC completed_step=37488 elapsed_seconds=1880.73 learning_rate=6.52639e-05
2026-09-21 05:44:33 UTC completed_step=37504 elapsed_seconds=1881.37 learning_rate=6.51973e-05
2026-09-21 05:44:34 UTC step=37504 elapsed_seconds=1882.61 mean_loss=0.00511029 errors=9/10002 exact_sentences=1015/1024
2026-09-21 05:44:35 UTC completed_step=37520 elapsed_seconds=1883.27 learning_rate=6.51311e-05
2026-09-21 05:44:35 UTC completed_step=37536 elapsed_seconds=1883.91 learning_rate=6.50653e-05
2026-09-21 05:44:36 UTC completed_step=37552 elapsed_seconds=1884.56 learning_rate=6.49999e-05
2026-09-21 05:44:37 UTC completed_step=37568 elapsed_seconds=1885.21 learning_rate=6.4935e-05
2026-09-21 05:44:37 UTC completed_step=37584 elapsed_seconds=1885.86 learning_rate=6.48705e-05
2026-09-21 05:44:38 UTC completed_step=37600 elapsed_seconds=1886.5 learning_rate=6.48064e-05
2026-09-21 05:44:39 UTC completed_step=37616 elapsed_seconds=1887.15 learning_rate=6.47427e-05
2026-09-21 05:44:39 UTC completed_step=37632 elapsed_seconds=1887.8 learning_rate=6.46794e-05
2026-09-21 05:44:40 UTC step=37632 elapsed_seconds=1889.04 mean_loss=0.00486368 errors=8/10002 exact_sentences=1016/1024
2026-09-21 05:44:41 UTC completed_step=37648 elapsed_seconds=1889.69 learning_rate=6.46166e-05
2026-09-21 05:44:42 UTC completed_step=37664 elapsed_seconds=1890.34 learning_rate=6.45542e-05
2026-09-21 05:44:42 UTC completed_step=37680 elapsed_seconds=1890.98 learning_rate=6.44922e-05
2026-09-21 05:44:43 UTC completed_step=37696 elapsed_seconds=1891.63 learning_rate=6.44306e-05
2026-09-21 05:44:44 UTC completed_step=37712 elapsed_seconds=1892.28 learning_rate=6.43694e-05
2026-09-21 05:44:44 UTC completed_step=37728 elapsed_seconds=1892.93 learning_rate=6.43087e-05
2026-09-21 05:44:45 UTC completed_step=37744 elapsed_seconds=1893.57 learning_rate=6.42484e-05
2026-09-21 05:44:46 UTC completed_step=37760 elapsed_seconds=1894.22 learning_rate=6.41885e-05
2026-09-21 05:44:47 UTC step=37760 elapsed_seconds=1895.48 mean_loss=0.00494651 errors=10/10002 exact_sentences=1014/1024
2026-09-21 05:44:48 UTC completed_step=37776 elapsed_seconds=1896.13 learning_rate=6.4129e-05
2026-09-21 05:44:48 UTC completed_step=37792 elapsed_seconds=1896.78 learning_rate=6.407e-05
2026-09-21 05:44:49 UTC completed_step=37808 elapsed_seconds=1897.43 learning_rate=6.40114e-05
2026-09-21 05:44:50 UTC completed_step=37824 elapsed_seconds=1898.07 learning_rate=6.39531e-05
2026-09-21 05:44:50 UTC completed_step=37840 elapsed_seconds=1898.72 learning_rate=6.38954e-05
2026-09-21 05:44:51 UTC completed_step=37856 elapsed_seconds=1899.37 learning_rate=6.3838e-05
2026-09-21 05:44:51 UTC completed_step=37872 elapsed_seconds=1900.01 learning_rate=6.37811e-05
2026-09-21 05:44:52 UTC completed_step=37888 elapsed_seconds=1900.66 learning_rate=6.37246e-05
2026-09-21 05:44:53 UTC step=37888 elapsed_seconds=1901.9 mean_loss=0.00485005 errors=10/10002 exact_sentences=1014/1024
2026-09-21 05:44:54 UTC completed_step=37904 elapsed_seconds=1902.56 learning_rate=6.36685e-05
2026-09-21 05:44:55 UTC completed_step=37920 elapsed_seconds=1903.21 learning_rate=6.36128e-05
2026-09-21 05:44:55 UTC completed_step=37936 elapsed_seconds=1903.85 learning_rate=6.35575e-05
2026-09-21 05:44:56 UTC completed_step=37952 elapsed_seconds=1904.5 learning_rate=6.35027e-05
2026-09-21 05:44:57 UTC completed_step=37968 elapsed_seconds=1905.15 learning_rate=6.34483e-05
2026-09-21 05:44:57 UTC completed_step=37984 elapsed_seconds=1905.8 learning_rate=6.33943e-05
2026-09-21 05:44:58 UTC completed_step=38000 elapsed_seconds=1906.45 learning_rate=6.33408e-05
2026-09-21 05:44:59 UTC completed_step=38016 elapsed_seconds=1907.11 learning_rate=6.32877e-05
2026-09-21 05:45:00 UTC step=38016 elapsed_seconds=1908.36 mean_loss=0.0047396 errors=9/10002 exact_sentences=1015/1024
2026-09-21 05:45:00 UTC completed_step=38032 elapsed_seconds=1909.01 learning_rate=6.3235e-05
2026-09-21 05:45:01 UTC completed_step=38048 elapsed_seconds=1909.66 learning_rate=6.31827e-05
2026-09-21 05:45:02 UTC completed_step=38064 elapsed_seconds=1910.31 learning_rate=6.31308e-05
2026-09-21 05:45:02 UTC completed_step=38080 elapsed_seconds=1910.97 learning_rate=6.30794e-05
2026-09-21 05:45:03 UTC completed_step=38096 elapsed_seconds=1911.61 learning_rate=6.30284e-05
2026-09-21 05:45:04 UTC completed_step=38112 elapsed_seconds=1912.26 learning_rate=6.29778e-05
2026-09-21 05:45:04 UTC completed_step=38128 elapsed_seconds=1912.91 learning_rate=6.29276e-05
2026-09-21 05:45:05 UTC completed_step=38144 elapsed_seconds=1913.56 learning_rate=6.28779e-05
2026-09-21 05:45:06 UTC step=38144 elapsed_seconds=1914.8 mean_loss=0.00484285 errors=10/10002 exact_sentences=1014/1024
2026-09-21 05:45:07 UTC completed_step=38160 elapsed_seconds=1915.45 learning_rate=6.28285e-05
2026-09-21 05:45:08 UTC completed_step=38176 elapsed_seconds=1916.1 learning_rate=6.27797e-05
2026-09-21 05:45:08 UTC completed_step=38192 elapsed_seconds=1916.75 learning_rate=6.27312e-05
2026-09-21 05:45:09 UTC completed_step=38208 elapsed_seconds=1917.4 learning_rate=6.26831e-05
2026-09-21 05:45:10 UTC completed_step=38224 elapsed_seconds=1918.06 learning_rate=6.26355e-05
2026-09-21 05:45:10 UTC completed_step=38240 elapsed_seconds=1918.71 learning_rate=6.25883e-05
2026-09-21 05:45:11 UTC completed_step=38256 elapsed_seconds=1919.36 learning_rate=6.25415e-05
2026-09-21 05:45:11 UTC completed_step=38272 elapsed_seconds=1920.01 learning_rate=6.24952e-05
2026-09-21 05:45:13 UTC step=38272 elapsed_seconds=1921.25 mean_loss=0.00467261 errors=9/10002 exact_sentences=1015/1024
2026-09-21 05:45:13 UTC completed_step=38288 elapsed_seconds=1921.91 learning_rate=6.24493e-05
2026-09-21 05:45:14 UTC completed_step=38304 elapsed_seconds=1922.55 learning_rate=6.24038e-05
2026-09-21 05:45:15 UTC completed_step=38320 elapsed_seconds=1923.2 learning_rate=6.23587e-05
2026-09-21 05:45:15 UTC completed_step=38336 elapsed_seconds=1923.85 learning_rate=6.23141e-05
2026-09-21 05:45:16 UTC completed_step=38352 elapsed_seconds=1924.5 learning_rate=6.22698e-05
2026-09-21 05:45:17 UTC completed_step=38368 elapsed_seconds=1925.14 learning_rate=6.2226e-05
2026-09-21 05:45:17 UTC completed_step=38384 elapsed_seconds=1925.79 learning_rate=6.21827e-05
2026-09-21 05:45:18 UTC completed_step=38400 elapsed_seconds=1926.44 learning_rate=6.21397e-05
2026-09-21 05:45:19 UTC step=38400 elapsed_seconds=1927.68 mean_loss=0.00467321 errors=9/10002 exact_sentences=1015/1024
2026-09-21 05:45:20 UTC completed_step=38416 elapsed_seconds=1928.33 learning_rate=6.20972e-05
2026-09-21 05:45:20 UTC completed_step=38432 elapsed_seconds=1928.98 learning_rate=6.20551e-05
2026-09-21 05:45:21 UTC completed_step=38448 elapsed_seconds=1929.63 learning_rate=6.20134e-05
2026-09-21 05:45:22 UTC completed_step=38464 elapsed_seconds=1930.27 learning_rate=6.19722e-05
2026-09-21 05:45:22 UTC completed_step=38480 elapsed_seconds=1930.92 learning_rate=6.19313e-05
2026-09-21 05:45:23 UTC completed_step=38496 elapsed_seconds=1931.57 learning_rate=6.18909e-05
2026-09-21 05:45:24 UTC completed_step=38512 elapsed_seconds=1932.22 learning_rate=6.1851e-05
2026-09-21 05:45:24 UTC completed_step=38528 elapsed_seconds=1932.87 learning_rate=6.18114e-05
2026-09-21 05:45:26 UTC step=38528 elapsed_seconds=1934.12 mean_loss=0.00468814 errors=9/10002 exact_sentences=1015/1024
2026-09-21 05:45:26 UTC completed_step=38544 elapsed_seconds=1934.78 learning_rate=6.17723e-05
2026-09-21 05:45:27 UTC completed_step=38560 elapsed_seconds=1935.42 learning_rate=6.17336e-05
2026-09-21 05:45:28 UTC completed_step=38576 elapsed_seconds=1936.07 learning_rate=6.16953e-05
2026-09-21 05:45:28 UTC completed_step=38592 elapsed_seconds=1936.72 learning_rate=6.16575e-05
2026-09-21 05:45:29 UTC completed_step=38608 elapsed_seconds=1937.37 learning_rate=6.16201e-05
2026-09-21 05:45:29 UTC completed_step=38624 elapsed_seconds=1938.02 learning_rate=6.15831e-05
2026-09-21 05:45:30 UTC completed_step=38640 elapsed_seconds=1938.67 learning_rate=6.15465e-05
2026-09-21 05:45:31 UTC completed_step=38656 elapsed_seconds=1939.32 learning_rate=6.15104e-05
2026-09-21 05:45:32 UTC step=38656 elapsed_seconds=1940.55 mean_loss=0.00465454 errors=9/10002 exact_sentences=1015/1024
2026-09-21 05:45:33 UTC completed_step=38672 elapsed_seconds=1941.2 learning_rate=6.14746e-05
2026-09-21 05:45:33 UTC completed_step=38688 elapsed_seconds=1941.85 learning_rate=6.14394e-05
2026-09-21 05:45:34 UTC completed_step=38704 elapsed_seconds=1942.5 learning_rate=6.14045e-05
2026-09-21 05:45:35 UTC completed_step=38720 elapsed_seconds=1943.15 learning_rate=6.13701e-05
2026-09-21 05:45:35 UTC completed_step=38736 elapsed_seconds=1943.8 learning_rate=6.13361e-05
2026-09-21 05:45:36 UTC completed_step=38752 elapsed_seconds=1944.45 learning_rate=6.13025e-05
2026-09-21 05:45:37 UTC completed_step=38768 elapsed_seconds=1945.09 learning_rate=6.12693e-05
2026-09-21 05:45:37 UTC completed_step=38784 elapsed_seconds=1945.74 learning_rate=6.12366e-05
2026-09-21 05:45:38 UTC step=38784 elapsed_seconds=1946.98 mean_loss=0.0048374 errors=10/10002 exact_sentences=1014/1024
2026-09-21 05:45:39 UTC completed_step=38800 elapsed_seconds=1947.64 learning_rate=6.12043e-05
2026-09-21 05:45:40 UTC completed_step=38816 elapsed_seconds=1948.29 learning_rate=6.11724e-05
2026-09-21 05:45:40 UTC completed_step=38832 elapsed_seconds=1948.93 learning_rate=6.11409e-05
2026-09-21 05:45:41 UTC completed_step=38848 elapsed_seconds=1949.58 learning_rate=6.11099e-05
2026-09-21 05:45:42 UTC completed_step=38864 elapsed_seconds=1950.23 learning_rate=6.10793e-05
2026-09-21 05:45:42 UTC completed_step=38880 elapsed_seconds=1950.88 learning_rate=6.10492e-05
2026-09-21 05:45:43 UTC completed_step=38896 elapsed_seconds=1951.53 learning_rate=6.10194e-05
2026-09-21 05:45:44 UTC completed_step=38912 elapsed_seconds=1952.18 learning_rate=6.09901e-05
2026-09-21 05:45:45 UTC step=38912 elapsed_seconds=1953.41 mean_loss=0.00444446 errors=9/10002 exact_sentences=1015/1024
2026-09-21 05:45:46 UTC completed_step=38928 elapsed_seconds=1954.07 learning_rate=6.09612e-05
2026-09-21 05:45:46 UTC completed_step=38944 elapsed_seconds=1954.72 learning_rate=6.09328e-05
2026-09-21 05:45:47 UTC completed_step=38960 elapsed_seconds=1955.37 learning_rate=6.09047e-05
2026-09-21 05:45:47 UTC completed_step=38976 elapsed_seconds=1956.02 learning_rate=6.08771e-05
2026-09-21 05:45:48 UTC completed_step=38992 elapsed_seconds=1956.66 learning_rate=6.08499e-05
2026-09-21 05:45:49 UTC completed_step=39008 elapsed_seconds=1957.31 learning_rate=6.08232e-05
2026-09-21 05:45:49 UTC completed_step=39024 elapsed_seconds=1957.96 learning_rate=6.07968e-05
2026-09-21 05:45:50 UTC completed_step=39040 elapsed_seconds=1958.61 learning_rate=6.07709e-05
2026-09-21 05:45:51 UTC step=39040 elapsed_seconds=1959.85 mean_loss=0.00452197 errors=9/10002 exact_sentences=1015/1024
2026-09-21 05:45:52 UTC completed_step=39056 elapsed_seconds=1960.5 learning_rate=6.07455e-05
2026-09-21 05:45:53 UTC completed_step=39072 elapsed_seconds=1961.15 learning_rate=6.07204e-05
2026-09-21 05:45:53 UTC completed_step=39088 elapsed_seconds=1961.8 learning_rate=6.06958e-05
2026-09-21 05:45:54 UTC completed_step=39104 elapsed_seconds=1962.45 learning_rate=6.06716e-05
2026-09-21 05:45:55 UTC completed_step=39120 elapsed_seconds=1963.1 learning_rate=6.06479e-05
2026-09-21 05:45:55 UTC completed_step=39136 elapsed_seconds=1963.75 learning_rate=6.06245e-05
2026-09-21 05:45:56 UTC completed_step=39152 elapsed_seconds=1964.4 learning_rate=6.06016e-05
2026-09-21 05:45:56 UTC completed_step=39168 elapsed_seconds=1965.05 learning_rate=6.05791e-05
2026-09-21 05:45:58 UTC step=39168 elapsed_seconds=1966.28 mean_loss=0.00454736 errors=9/10002 exact_sentences=1015/1024
2026-09-21 05:45:58 UTC completed_step=39184 elapsed_seconds=1966.94 learning_rate=6.05571e-05
2026-09-21 05:45:59 UTC completed_step=39200 elapsed_seconds=1967.58 learning_rate=6.05355e-05
2026-09-21 05:46:00 UTC completed_step=39216 elapsed_seconds=1968.23 learning_rate=6.05143e-05
2026-09-21 05:46:00 UTC completed_step=39232 elapsed_seconds=1968.88 learning_rate=6.04935e-05
2026-09-21 05:46:01 UTC completed_step=39248 elapsed_seconds=1969.53 learning_rate=6.04731e-05
2026-09-21 05:46:02 UTC completed_step=39264 elapsed_seconds=1970.18 learning_rate=6.04532e-05
2026-09-21 05:46:02 UTC completed_step=39280 elapsed_seconds=1970.83 learning_rate=6.04337e-05
2026-09-21 05:46:03 UTC completed_step=39296 elapsed_seconds=1971.47 learning_rate=6.04147e-05
2026-09-21 05:46:04 UTC step=39296 elapsed_seconds=1972.71 mean_loss=0.00445771 errors=8/10002 exact_sentences=1016/1024
2026-09-21 05:46:05 UTC completed_step=39312 elapsed_seconds=1973.36 learning_rate=6.03961e-05
2026-09-21 05:46:05 UTC completed_step=39328 elapsed_seconds=1974.01 learning_rate=6.03779e-05
2026-09-21 05:46:06 UTC completed_step=39344 elapsed_seconds=1974.66 learning_rate=6.03601e-05
2026-09-21 05:46:07 UTC completed_step=39360 elapsed_seconds=1975.31 learning_rate=6.03427e-05
2026-09-21 05:46:07 UTC completed_step=39376 elapsed_seconds=1975.95 learning_rate=6.03258e-05
2026-09-21 05:46:08 UTC completed_step=39392 elapsed_seconds=1976.6 learning_rate=6.03093e-05
2026-09-21 05:46:09 UTC completed_step=39408 elapsed_seconds=1977.25 learning_rate=6.02933e-05
2026-09-21 05:46:09 UTC completed_step=39424 elapsed_seconds=1977.9 learning_rate=6.02776e-05
2026-09-21 05:46:11 UTC step=39424 elapsed_seconds=1979.13 mean_loss=0.00434123 errors=9/10002 exact_sentences=1015/1024
2026-09-21 05:46:11 UTC completed_step=39440 elapsed_seconds=1979.79 learning_rate=6.02624e-05
2026-09-21 05:46:12 UTC completed_step=39456 elapsed_seconds=1980.44 learning_rate=6.02476e-05
2026-09-21 05:46:13 UTC completed_step=39472 elapsed_seconds=1981.08 learning_rate=6.02333e-05
2026-09-21 05:46:13 UTC completed_step=39488 elapsed_seconds=1981.73 learning_rate=6.02194e-05
2026-09-21 05:46:14 UTC completed_step=39504 elapsed_seconds=1982.38 learning_rate=6.02059e-05
2026-09-21 05:46:14 UTC completed_step=39520 elapsed_seconds=1983.03 learning_rate=6.01928e-05
2026-09-21 05:46:15 UTC completed_step=39536 elapsed_seconds=1983.67 learning_rate=6.01802e-05
2026-09-21 05:46:16 UTC completed_step=39552 elapsed_seconds=1984.32 learning_rate=6.0168e-05
2026-09-21 05:46:17 UTC step=39552 elapsed_seconds=1985.55 mean_loss=0.00453013 errors=8/10002 exact_sentences=1016/1024
2026-09-21 05:46:18 UTC completed_step=39568 elapsed_seconds=1986.21 learning_rate=6.01562e-05
2026-09-21 05:46:18 UTC completed_step=39584 elapsed_seconds=1986.86 learning_rate=6.01448e-05
2026-09-21 05:46:19 UTC completed_step=39600 elapsed_seconds=1987.51 learning_rate=6.01339e-05
2026-09-21 05:46:20 UTC completed_step=39616 elapsed_seconds=1988.16 learning_rate=6.01234e-05
2026-09-21 05:46:20 UTC completed_step=39632 elapsed_seconds=1988.81 learning_rate=6.01133e-05
2026-09-21 05:46:21 UTC completed_step=39648 elapsed_seconds=1989.46 learning_rate=6.01037e-05
2026-09-21 05:46:22 UTC completed_step=39664 elapsed_seconds=1990.11 learning_rate=6.00945e-05
2026-09-21 05:46:22 UTC completed_step=39680 elapsed_seconds=1990.76 learning_rate=6.00857e-05
2026-09-21 05:46:23 UTC step=39680 elapsed_seconds=1992 mean_loss=0.00423986 errors=9/10002 exact_sentences=1015/1024
2026-09-21 05:46:24 UTC completed_step=39696 elapsed_seconds=1992.65 learning_rate=6.00773e-05
2026-09-21 05:46:25 UTC completed_step=39712 elapsed_seconds=1993.3 learning_rate=6.00694e-05
2026-09-21 05:46:25 UTC completed_step=39728 elapsed_seconds=1993.94 learning_rate=6.00619e-05
2026-09-21 05:46:26 UTC completed_step=39744 elapsed_seconds=1994.59 learning_rate=6.00548e-05
2026-09-21 05:46:27 UTC completed_step=39760 elapsed_seconds=1995.24 learning_rate=6.00482e-05
2026-09-21 05:46:27 UTC completed_step=39776 elapsed_seconds=1995.88 learning_rate=6.0042e-05
2026-09-21 05:46:28 UTC completed_step=39792 elapsed_seconds=1996.53 learning_rate=6.00362e-05
2026-09-21 05:46:29 UTC completed_step=39808 elapsed_seconds=1997.18 learning_rate=6.00309e-05
2026-09-21 05:46:30 UTC step=39808 elapsed_seconds=1998.42 mean_loss=0.0042347 errors=8/10002 exact_sentences=1016/1024
2026-09-21 05:46:31 UTC completed_step=39824 elapsed_seconds=1999.07 learning_rate=6.00259e-05
2026-09-21 05:46:31 UTC completed_step=39840 elapsed_seconds=1999.72 learning_rate=6.00214e-05
2026-09-21 05:46:32 UTC completed_step=39856 elapsed_seconds=2000.36 learning_rate=6.00174e-05
2026-09-21 05:46:32 UTC completed_step=39872 elapsed_seconds=2001.01 learning_rate=6.00137e-05
2026-09-21 05:46:33 UTC completed_step=39888 elapsed_seconds=2001.66 learning_rate=6.00105e-05
2026-09-21 05:46:34 UTC completed_step=39904 elapsed_seconds=2002.31 learning_rate=6.00077e-05
2026-09-21 05:46:34 UTC completed_step=39920 elapsed_seconds=2002.96 learning_rate=6.00054e-05
2026-09-21 05:46:35 UTC completed_step=39936 elapsed_seconds=2003.6 learning_rate=6.00034e-05
2026-09-21 05:46:36 UTC step=39936 elapsed_seconds=2004.85 mean_loss=0.00429959 errors=8/10002 exact_sentences=1016/1024
2026-09-21 05:46:37 UTC completed_step=39952 elapsed_seconds=2005.5 learning_rate=6.00019e-05
2026-09-21 05:46:38 UTC completed_step=39968 elapsed_seconds=2006.15 learning_rate=6.00009e-05
2026-09-21 05:46:38 UTC completed_step=39984 elapsed_seconds=2006.8 learning_rate=6.00002e-05
2026-09-21 05:46:39 UTC completed_step=40000 elapsed_seconds=2007.44 learning_rate=6e-05
2026-09-21 05:46:40 UTC step=40000 elapsed_seconds=2008.69 mean_loss=0.00425719 errors=8/10002 exact_sentences=1016/1024
2026-09-21 05:46:41 UTC step=40000 elapsed_seconds=2009.96 mean_loss=0.00425719 errors=8/10002 exact_sentences=1016/1024
BUDGET_EXHAUSTED checkpoint=/home/ubuntu/checkpoints/memorize_general_facts/width_depth_refine_20_long_0/width_20/layers_1/step_40000
