layers=16 width=12 heads=1 feed_forward_width=48 parameters=645720 samples=1024 scored_targets=10002
2026-09-21 06:45:14 UTC step=0 elapsed_seconds=2.18831 mean_loss=10.8355 errors=10002/10002 exact_sentences=0/1024
2026-09-21 06:45:17 UTC completed_step=16 elapsed_seconds=5.10339 learning_rate=9.6e-05
2026-09-21 06:45:19 UTC completed_step=32 elapsed_seconds=7.81198 learning_rate=0.000192
2026-09-21 06:45:22 UTC completed_step=48 elapsed_seconds=10.5201 learning_rate=0.000288
2026-09-21 06:45:25 UTC completed_step=64 elapsed_seconds=13.2295 learning_rate=0.000384
2026-09-21 06:45:27 UTC completed_step=80 elapsed_seconds=15.9415 learning_rate=0.00048
2026-09-21 06:45:30 UTC completed_step=96 elapsed_seconds=18.6535 learning_rate=0.000576
2026-09-21 06:45:33 UTC completed_step=112 elapsed_seconds=21.3642 learning_rate=0.0006
2026-09-21 06:45:36 UTC completed_step=128 elapsed_seconds=24.074 learning_rate=0.000599999
2026-09-21 06:45:38 UTC step=128 elapsed_seconds=26.2621 mean_loss=9.82711 errors=8978/10002 exact_sentences=0/1024
2026-09-21 06:45:40 UTC completed_step=144 elapsed_seconds=28.9759 learning_rate=0.000599998
2026-09-21 06:45:43 UTC completed_step=160 elapsed_seconds=31.6835 learning_rate=0.000599997
2026-09-21 06:45:46 UTC completed_step=176 elapsed_seconds=34.392 learning_rate=0.000599995
2026-09-21 06:45:49 UTC completed_step=192 elapsed_seconds=37.1006 learning_rate=0.000599993
2026-09-21 06:45:51 UTC completed_step=208 elapsed_seconds=39.81 learning_rate=0.00059999
2026-09-21 06:45:54 UTC completed_step=224 elapsed_seconds=42.5199 learning_rate=0.000599987
2026-09-21 06:45:57 UTC completed_step=240 elapsed_seconds=45.23 learning_rate=0.000599984
2026-09-21 06:45:59 UTC completed_step=256 elapsed_seconds=47.9396 learning_rate=0.00059998
2026-09-21 06:46:02 UTC step=256 elapsed_seconds=50.1203 mean_loss=8.07947 errors=8978/10002 exact_sentences=0/1024
2026-09-21 06:46:04 UTC completed_step=272 elapsed_seconds=52.8348 learning_rate=0.000599975
2026-09-21 06:46:07 UTC completed_step=288 elapsed_seconds=55.5425 learning_rate=0.00059997
2026-09-21 06:46:10 UTC completed_step=304 elapsed_seconds=58.2515 learning_rate=0.000599965
2026-09-21 06:46:12 UTC completed_step=320 elapsed_seconds=60.9608 learning_rate=0.00059996
2026-09-21 06:46:15 UTC completed_step=336 elapsed_seconds=63.6726 learning_rate=0.000599953
2026-09-21 06:46:18 UTC completed_step=352 elapsed_seconds=66.382 learning_rate=0.000599947
2026-09-21 06:46:21 UTC completed_step=368 elapsed_seconds=69.0914 learning_rate=0.00059994
2026-09-21 06:46:23 UTC completed_step=384 elapsed_seconds=71.7998 learning_rate=0.000599933
2026-09-21 06:46:25 UTC step=384 elapsed_seconds=74.002 mean_loss=6.81857 errors=8978/10002 exact_sentences=0/1024
2026-09-21 06:46:28 UTC completed_step=400 elapsed_seconds=76.7161 learning_rate=0.000599925
2026-09-21 06:46:31 UTC completed_step=416 elapsed_seconds=79.4261 learning_rate=0.000599916
2026-09-21 06:46:34 UTC completed_step=432 elapsed_seconds=82.1359 learning_rate=0.000599908
2026-09-21 06:46:36 UTC completed_step=448 elapsed_seconds=84.8433 learning_rate=0.000599899
2026-09-21 06:46:39 UTC completed_step=464 elapsed_seconds=87.5512 learning_rate=0.000599889
2026-09-21 06:46:42 UTC completed_step=480 elapsed_seconds=90.2586 learning_rate=0.000599879
2026-09-21 06:46:44 UTC completed_step=496 elapsed_seconds=92.9671 learning_rate=0.000599869
2026-09-21 06:46:47 UTC completed_step=512 elapsed_seconds=95.6744 learning_rate=0.000599858
2026-09-21 06:46:49 UTC step=512 elapsed_seconds=97.8548 mean_loss=6.21679 errors=8978/10002 exact_sentences=0/1024
2026-09-21 06:46:52 UTC completed_step=528 elapsed_seconds=100.573 learning_rate=0.000599847
2026-09-21 06:46:55 UTC completed_step=544 elapsed_seconds=103.284 learning_rate=0.000599835
2026-09-21 06:46:57 UTC completed_step=560 elapsed_seconds=105.994 learning_rate=0.000599823
2026-09-21 06:47:00 UTC completed_step=576 elapsed_seconds=108.704 learning_rate=0.00059981
2026-09-21 06:47:03 UTC completed_step=592 elapsed_seconds=111.413 learning_rate=0.000599797
2026-09-21 06:47:06 UTC completed_step=608 elapsed_seconds=114.122 learning_rate=0.000599784
2026-09-21 06:47:08 UTC completed_step=624 elapsed_seconds=116.832 learning_rate=0.00059977
2026-09-21 06:47:11 UTC completed_step=640 elapsed_seconds=119.543 learning_rate=0.000599756
2026-09-21 06:47:13 UTC step=640 elapsed_seconds=121.716 mean_loss=6.04518 errors=7962/10002 exact_sentences=1/1024
2026-09-21 06:47:16 UTC completed_step=656 elapsed_seconds=124.431 learning_rate=0.000599741
2026-09-21 06:47:19 UTC completed_step=672 elapsed_seconds=127.142 learning_rate=0.000599726
2026-09-21 06:47:21 UTC completed_step=688 elapsed_seconds=129.85 learning_rate=0.000599711
2026-09-21 06:47:24 UTC completed_step=704 elapsed_seconds=132.559 learning_rate=0.000599695
2026-09-21 06:47:27 UTC completed_step=720 elapsed_seconds=135.268 learning_rate=0.000599678
2026-09-21 06:47:29 UTC completed_step=736 elapsed_seconds=137.976 learning_rate=0.000599662
2026-09-21 06:47:32 UTC completed_step=752 elapsed_seconds=140.683 learning_rate=0.000599644
2026-09-21 06:47:35 UTC completed_step=768 elapsed_seconds=143.393 learning_rate=0.000599627
2026-09-21 06:47:37 UTC step=768 elapsed_seconds=145.572 mean_loss=5.837 errors=7956/10002 exact_sentences=1/1024
2026-09-21 06:47:40 UTC completed_step=784 elapsed_seconds=148.286 learning_rate=0.000599609
2026-09-21 06:47:42 UTC completed_step=800 elapsed_seconds=150.997 learning_rate=0.00059959
2026-09-21 06:47:45 UTC completed_step=816 elapsed_seconds=153.706 learning_rate=0.000599571
2026-09-21 06:47:48 UTC completed_step=832 elapsed_seconds=156.418 learning_rate=0.000599552
2026-09-21 06:47:51 UTC completed_step=848 elapsed_seconds=159.126 learning_rate=0.000599532
2026-09-21 06:47:53 UTC completed_step=864 elapsed_seconds=161.835 learning_rate=0.000599512
2026-09-21 06:47:56 UTC completed_step=880 elapsed_seconds=164.549 learning_rate=0.000599491
2026-09-21 06:47:59 UTC completed_step=896 elapsed_seconds=167.261 learning_rate=0.00059947
2026-09-21 06:48:01 UTC step=896 elapsed_seconds=169.444 mean_loss=5.63182 errors=7904/10002 exact_sentences=1/1024
2026-09-21 06:48:04 UTC completed_step=912 elapsed_seconds=172.159 learning_rate=0.000599448
2026-09-21 06:48:06 UTC completed_step=928 elapsed_seconds=174.867 learning_rate=0.000599426
2026-09-21 06:48:09 UTC completed_step=944 elapsed_seconds=177.577 learning_rate=0.000599404
2026-09-21 06:48:12 UTC completed_step=960 elapsed_seconds=180.288 learning_rate=0.000599381
2026-09-21 06:48:14 UTC completed_step=976 elapsed_seconds=182.999 learning_rate=0.000599358
2026-09-21 06:48:17 UTC completed_step=992 elapsed_seconds=185.71 learning_rate=0.000599334
2026-09-21 06:48:20 UTC completed_step=1008 elapsed_seconds=188.422 learning_rate=0.00059931
2026-09-21 06:48:23 UTC completed_step=1024 elapsed_seconds=191.131 learning_rate=0.000599286
2026-09-21 06:48:25 UTC step=1024 elapsed_seconds=193.318 mean_loss=5.45746 errors=7695/10002 exact_sentences=1/1024
2026-09-21 06:48:28 UTC completed_step=1040 elapsed_seconds=196.04 learning_rate=0.000599261
2026-09-21 06:48:30 UTC completed_step=1056 elapsed_seconds=198.749 learning_rate=0.000599235
2026-09-21 06:48:33 UTC completed_step=1072 elapsed_seconds=201.459 learning_rate=0.00059921
2026-09-21 06:48:36 UTC completed_step=1088 elapsed_seconds=204.17 learning_rate=0.000599183
2026-09-21 06:48:38 UTC completed_step=1104 elapsed_seconds=206.88 learning_rate=0.000599157
2026-09-21 06:48:41 UTC completed_step=1120 elapsed_seconds=209.592 learning_rate=0.00059913
2026-09-21 06:48:44 UTC completed_step=1136 elapsed_seconds=212.303 learning_rate=0.000599102
2026-09-21 06:48:46 UTC completed_step=1152 elapsed_seconds=215.012 learning_rate=0.000599074
2026-09-21 06:48:49 UTC step=1152 elapsed_seconds=217.202 mean_loss=5.30981 errors=7600/10002 exact_sentences=1/1024
2026-09-21 06:48:51 UTC completed_step=1168 elapsed_seconds=219.92 learning_rate=0.000599046
2026-09-21 06:48:54 UTC completed_step=1184 elapsed_seconds=222.63 learning_rate=0.000599017
2026-09-21 06:48:57 UTC completed_step=1200 elapsed_seconds=225.34 learning_rate=0.000598988
2026-09-21 06:49:00 UTC completed_step=1216 elapsed_seconds=228.051 learning_rate=0.000598958
2026-09-21 06:49:02 UTC completed_step=1232 elapsed_seconds=230.76 learning_rate=0.000598928
2026-09-21 06:49:05 UTC completed_step=1248 elapsed_seconds=233.471 learning_rate=0.000598898
2026-09-21 06:49:08 UTC completed_step=1264 elapsed_seconds=236.183 learning_rate=0.000598867
2026-09-21 06:49:10 UTC completed_step=1280 elapsed_seconds=238.895 learning_rate=0.000598836
2026-09-21 06:49:13 UTC step=1280 elapsed_seconds=241.099 mean_loss=5.17439 errors=7540/10002 exact_sentences=1/1024
2026-09-21 06:49:15 UTC completed_step=1296 elapsed_seconds=243.813 learning_rate=0.000598804
2026-09-21 06:49:18 UTC completed_step=1312 elapsed_seconds=246.523 learning_rate=0.000598772
2026-09-21 06:49:21 UTC completed_step=1328 elapsed_seconds=249.237 learning_rate=0.000598739
2026-09-21 06:49:23 UTC completed_step=1344 elapsed_seconds=251.951 learning_rate=0.000598706
2026-09-21 06:49:26 UTC completed_step=1360 elapsed_seconds=254.659 learning_rate=0.000598672
2026-09-21 06:49:29 UTC completed_step=1376 elapsed_seconds=257.368 learning_rate=0.000598638
2026-09-21 06:49:32 UTC completed_step=1392 elapsed_seconds=260.079 learning_rate=0.000598604
2026-09-21 06:49:34 UTC completed_step=1408 elapsed_seconds=262.792 learning_rate=0.000598569
2026-09-21 06:49:36 UTC step=1408 elapsed_seconds=264.98 mean_loss=5.07091 errors=7417/10002 exact_sentences=1/1024
2026-09-21 06:49:39 UTC completed_step=1424 elapsed_seconds=267.696 learning_rate=0.000598534
2026-09-21 06:49:42 UTC completed_step=1440 elapsed_seconds=270.407 learning_rate=0.000598499
2026-09-21 06:49:45 UTC completed_step=1456 elapsed_seconds=273.118 learning_rate=0.000598463
2026-09-21 06:49:47 UTC completed_step=1472 elapsed_seconds=275.827 learning_rate=0.000598426
2026-09-21 06:49:50 UTC completed_step=1488 elapsed_seconds=278.539 learning_rate=0.000598389
2026-09-21 06:49:53 UTC completed_step=1504 elapsed_seconds=281.252 learning_rate=0.000598352
2026-09-21 06:49:55 UTC completed_step=1520 elapsed_seconds=283.962 learning_rate=0.000598314
2026-09-21 06:49:58 UTC completed_step=1536 elapsed_seconds=286.672 learning_rate=0.000598276
2026-09-21 06:50:00 UTC step=1536 elapsed_seconds=288.866 mean_loss=4.98709 errors=7391/10002 exact_sentences=1/1024
2026-09-21 06:50:03 UTC completed_step=1552 elapsed_seconds=291.589 learning_rate=0.000598237
2026-09-21 06:50:06 UTC completed_step=1568 elapsed_seconds=294.302 learning_rate=0.000598198
2026-09-21 06:50:08 UTC completed_step=1584 elapsed_seconds=297.013 learning_rate=0.000598159
2026-09-21 06:50:11 UTC completed_step=1600 elapsed_seconds=299.722 learning_rate=0.000598119
2026-09-21 06:50:14 UTC completed_step=1616 elapsed_seconds=302.432 learning_rate=0.000598079
2026-09-21 06:50:17 UTC completed_step=1632 elapsed_seconds=305.142 learning_rate=0.000598038
2026-09-21 06:50:19 UTC completed_step=1648 elapsed_seconds=307.851 learning_rate=0.000597997
2026-09-21 06:50:22 UTC completed_step=1664 elapsed_seconds=310.56 learning_rate=0.000597955
2026-09-21 06:50:24 UTC step=1664 elapsed_seconds=312.746 mean_loss=4.90354 errors=7372/10002 exact_sentences=1/1024
2026-09-21 06:50:27 UTC completed_step=1680 elapsed_seconds=315.462 learning_rate=0.000597913
2026-09-21 06:50:30 UTC completed_step=1696 elapsed_seconds=318.174 learning_rate=0.000597871
2026-09-21 06:50:32 UTC completed_step=1712 elapsed_seconds=320.884 learning_rate=0.000597828
2026-09-21 06:50:35 UTC completed_step=1728 elapsed_seconds=323.594 learning_rate=0.000597785
2026-09-21 06:50:38 UTC completed_step=1744 elapsed_seconds=326.305 learning_rate=0.000597741
2026-09-21 06:50:40 UTC completed_step=1760 elapsed_seconds=329.017 learning_rate=0.000597697
2026-09-21 06:50:43 UTC completed_step=1776 elapsed_seconds=331.728 learning_rate=0.000597653
2026-09-21 06:50:46 UTC completed_step=1792 elapsed_seconds=334.439 learning_rate=0.000597608
2026-09-21 06:50:48 UTC step=1792 elapsed_seconds=336.632 mean_loss=4.81198 errors=7308/10002 exact_sentences=1/1024
2026-09-21 06:50:51 UTC completed_step=1808 elapsed_seconds=339.348 learning_rate=0.000597562
2026-09-21 06:50:54 UTC completed_step=1824 elapsed_seconds=342.061 learning_rate=0.000597516
2026-09-21 06:50:56 UTC completed_step=1840 elapsed_seconds=344.773 learning_rate=0.00059747
2026-09-21 06:50:59 UTC completed_step=1856 elapsed_seconds=347.485 learning_rate=0.000597423
2026-09-21 06:51:02 UTC completed_step=1872 elapsed_seconds=350.196 learning_rate=0.000597376
2026-09-21 06:51:04 UTC completed_step=1888 elapsed_seconds=352.907 learning_rate=0.000597329
2026-09-21 06:51:07 UTC completed_step=1904 elapsed_seconds=355.618 learning_rate=0.000597281
2026-09-21 06:51:10 UTC completed_step=1920 elapsed_seconds=358.33 learning_rate=0.000597232
2026-09-21 06:51:12 UTC step=1920 elapsed_seconds=360.515 mean_loss=4.78509 errors=7295/10002 exact_sentences=1/1024
2026-09-21 06:51:15 UTC completed_step=1936 elapsed_seconds=363.233 learning_rate=0.000597184
2026-09-21 06:51:17 UTC completed_step=1952 elapsed_seconds=365.945 learning_rate=0.000597135
2026-09-21 06:51:20 UTC completed_step=1968 elapsed_seconds=368.657 learning_rate=0.000597085
2026-09-21 06:51:23 UTC completed_step=1984 elapsed_seconds=371.37 learning_rate=0.000597035
2026-09-21 06:51:26 UTC completed_step=2000 elapsed_seconds=374.083 learning_rate=0.000596984
2026-09-21 06:51:28 UTC completed_step=2016 elapsed_seconds=376.796 learning_rate=0.000596933
2026-09-21 06:51:31 UTC completed_step=2032 elapsed_seconds=379.506 learning_rate=0.000596882
2026-09-21 06:51:34 UTC completed_step=2048 elapsed_seconds=382.217 learning_rate=0.00059683
2026-09-21 06:51:36 UTC step=2048 elapsed_seconds=384.388 mean_loss=4.69967 errors=7233/10002 exact_sentences=1/1024
2026-09-21 06:51:39 UTC completed_step=2064 elapsed_seconds=387.109 learning_rate=0.000596778
2026-09-21 06:51:41 UTC completed_step=2080 elapsed_seconds=389.82 learning_rate=0.000596726
2026-09-21 06:51:44 UTC completed_step=2096 elapsed_seconds=392.529 learning_rate=0.000596673
2026-09-21 06:51:47 UTC completed_step=2112 elapsed_seconds=395.24 learning_rate=0.000596619
2026-09-21 06:51:49 UTC completed_step=2128 elapsed_seconds=397.95 learning_rate=0.000596565
2026-09-21 06:51:52 UTC completed_step=2144 elapsed_seconds=400.661 learning_rate=0.000596511
2026-09-21 06:51:55 UTC completed_step=2160 elapsed_seconds=403.372 learning_rate=0.000596456
2026-09-21 06:51:58 UTC completed_step=2176 elapsed_seconds=406.084 learning_rate=0.000596401
2026-09-21 06:52:00 UTC step=2176 elapsed_seconds=408.264 mean_loss=4.6266 errors=7282/10002 exact_sentences=1/1024
2026-09-21 06:52:02 UTC completed_step=2192 elapsed_seconds=410.98 learning_rate=0.000596346
2026-09-21 06:52:05 UTC completed_step=2208 elapsed_seconds=413.692 learning_rate=0.00059629
2026-09-21 06:52:08 UTC completed_step=2224 elapsed_seconds=416.404 learning_rate=0.000596233
2026-09-21 06:52:11 UTC completed_step=2240 elapsed_seconds=419.115 learning_rate=0.000596176
2026-09-21 06:52:13 UTC completed_step=2256 elapsed_seconds=421.827 learning_rate=0.000596119
2026-09-21 06:52:16 UTC completed_step=2272 elapsed_seconds=424.538 learning_rate=0.000596061
2026-09-21 06:52:19 UTC completed_step=2288 elapsed_seconds=427.248 learning_rate=0.000596003
2026-09-21 06:52:21 UTC completed_step=2304 elapsed_seconds=429.959 learning_rate=0.000595945
2026-09-21 06:52:24 UTC step=2304 elapsed_seconds=432.141 mean_loss=4.56152 errors=7155/10002 exact_sentences=1/1024
2026-09-21 06:52:26 UTC completed_step=2320 elapsed_seconds=434.858 learning_rate=0.000595886
2026-09-21 06:52:29 UTC completed_step=2336 elapsed_seconds=437.57 learning_rate=0.000595826
2026-09-21 06:52:32 UTC completed_step=2352 elapsed_seconds=440.283 learning_rate=0.000595767
2026-09-21 06:52:34 UTC completed_step=2368 elapsed_seconds=442.998 learning_rate=0.000595706
2026-09-21 06:52:37 UTC completed_step=2384 elapsed_seconds=445.714 learning_rate=0.000595646
2026-09-21 06:52:40 UTC completed_step=2400 elapsed_seconds=448.431 learning_rate=0.000595585
2026-09-21 06:52:43 UTC completed_step=2416 elapsed_seconds=451.143 learning_rate=0.000595523
2026-09-21 06:52:45 UTC completed_step=2432 elapsed_seconds=453.855 learning_rate=0.000595461
2026-09-21 06:52:48 UTC step=2432 elapsed_seconds=456.038 mean_loss=4.49126 errors=7079/10002 exact_sentences=1/1024
2026-09-21 06:52:50 UTC completed_step=2448 elapsed_seconds=458.754 learning_rate=0.000595399
2026-09-21 06:52:53 UTC completed_step=2464 elapsed_seconds=461.467 learning_rate=0.000595336
2026-09-21 06:52:56 UTC completed_step=2480 elapsed_seconds=464.179 learning_rate=0.000595273
2026-09-21 06:52:58 UTC completed_step=2496 elapsed_seconds=466.892 learning_rate=0.00059521
2026-09-21 06:53:01 UTC completed_step=2512 elapsed_seconds=469.605 learning_rate=0.000595146
2026-09-21 06:53:04 UTC completed_step=2528 elapsed_seconds=472.316 learning_rate=0.000595081
2026-09-21 06:53:07 UTC completed_step=2544 elapsed_seconds=475.027 learning_rate=0.000595016
2026-09-21 06:53:09 UTC completed_step=2560 elapsed_seconds=477.737 learning_rate=0.000594951
2026-09-21 06:53:11 UTC step=2560 elapsed_seconds=479.914 mean_loss=4.41603 errors=7032/10002 exact_sentences=1/1024
2026-09-21 06:53:14 UTC completed_step=2576 elapsed_seconds=482.637 learning_rate=0.000594885
2026-09-21 06:53:17 UTC completed_step=2592 elapsed_seconds=485.349 learning_rate=0.000594819
2026-09-21 06:53:20 UTC completed_step=2608 elapsed_seconds=488.06 learning_rate=0.000594753
2026-09-21 06:53:22 UTC completed_step=2624 elapsed_seconds=490.771 learning_rate=0.000594686
2026-09-21 06:53:25 UTC completed_step=2640 elapsed_seconds=493.481 learning_rate=0.000594618
2026-09-21 06:53:28 UTC completed_step=2656 elapsed_seconds=496.191 learning_rate=0.000594551
2026-09-21 06:53:30 UTC completed_step=2672 elapsed_seconds=498.903 learning_rate=0.000594482
2026-09-21 06:53:33 UTC completed_step=2688 elapsed_seconds=501.613 learning_rate=0.000594414
2026-09-21 06:53:35 UTC step=2688 elapsed_seconds=503.789 mean_loss=4.36284 errors=6904/10002 exact_sentences=1/1024
2026-09-21 06:53:38 UTC completed_step=2704 elapsed_seconds=506.507 learning_rate=0.000594345
2026-09-21 06:53:41 UTC completed_step=2720 elapsed_seconds=509.221 learning_rate=0.000594275
2026-09-21 06:53:43 UTC completed_step=2736 elapsed_seconds=511.935 learning_rate=0.000594205
2026-09-21 06:53:46 UTC completed_step=2752 elapsed_seconds=514.647 learning_rate=0.000594135
2026-09-21 06:53:49 UTC completed_step=2768 elapsed_seconds=517.361 learning_rate=0.000594064
2026-09-21 06:53:52 UTC completed_step=2784 elapsed_seconds=520.071 learning_rate=0.000593993
2026-09-21 06:53:54 UTC completed_step=2800 elapsed_seconds=522.782 learning_rate=0.000593922
2026-09-21 06:53:57 UTC completed_step=2816 elapsed_seconds=525.495 learning_rate=0.00059385
2026-09-21 06:53:59 UTC step=2816 elapsed_seconds=527.667 mean_loss=4.31515 errors=6911/10002 exact_sentences=1/1024
2026-09-21 06:54:02 UTC completed_step=2832 elapsed_seconds=530.384 learning_rate=0.000593777
2026-09-21 06:54:05 UTC completed_step=2848 elapsed_seconds=533.096 learning_rate=0.000593705
2026-09-21 06:54:07 UTC completed_step=2864 elapsed_seconds=535.811 learning_rate=0.000593631
2026-09-21 06:54:10 UTC completed_step=2880 elapsed_seconds=538.524 learning_rate=0.000593558
2026-09-21 06:54:13 UTC completed_step=2896 elapsed_seconds=541.237 learning_rate=0.000593484
2026-09-21 06:54:15 UTC completed_step=2912 elapsed_seconds=543.947 learning_rate=0.000593409
2026-09-21 06:54:18 UTC completed_step=2928 elapsed_seconds=546.657 learning_rate=0.000593334
2026-09-21 06:54:21 UTC completed_step=2944 elapsed_seconds=549.367 learning_rate=0.000593259
2026-09-21 06:54:23 UTC step=2944 elapsed_seconds=551.568 mean_loss=4.24792 errors=6890/10002 exact_sentences=1/1024
2026-09-21 06:54:26 UTC completed_step=2960 elapsed_seconds=554.283 learning_rate=0.000593183
2026-09-21 06:54:28 UTC completed_step=2976 elapsed_seconds=556.994 learning_rate=0.000593107
2026-09-21 06:54:31 UTC completed_step=2992 elapsed_seconds=559.704 learning_rate=0.00059303
2026-09-21 06:54:34 UTC completed_step=3008 elapsed_seconds=562.414 learning_rate=0.000592953
2026-09-21 06:54:37 UTC completed_step=3024 elapsed_seconds=565.124 learning_rate=0.000592876
2026-09-21 06:54:39 UTC completed_step=3040 elapsed_seconds=567.834 learning_rate=0.000592798
2026-09-21 06:54:42 UTC completed_step=3056 elapsed_seconds=570.544 learning_rate=0.00059272
2026-09-21 06:54:45 UTC completed_step=3072 elapsed_seconds=573.257 learning_rate=0.000592641
2026-09-21 06:54:47 UTC step=3072 elapsed_seconds=575.442 mean_loss=4.19336 errors=6806/10002 exact_sentences=1/1024
2026-09-21 06:54:50 UTC completed_step=3088 elapsed_seconds=578.163 learning_rate=0.000592562
2026-09-21 06:54:52 UTC completed_step=3104 elapsed_seconds=580.875 learning_rate=0.000592483
2026-09-21 06:54:55 UTC completed_step=3120 elapsed_seconds=583.584 learning_rate=0.000592403
2026-09-21 06:54:58 UTC completed_step=3136 elapsed_seconds=586.296 learning_rate=0.000592322
2026-09-21 06:55:00 UTC completed_step=3152 elapsed_seconds=589.008 learning_rate=0.000592242
2026-09-21 06:55:03 UTC completed_step=3168 elapsed_seconds=591.721 learning_rate=0.000592161
2026-09-21 06:55:06 UTC completed_step=3184 elapsed_seconds=594.434 learning_rate=0.000592079
2026-09-21 06:55:09 UTC completed_step=3200 elapsed_seconds=597.148 learning_rate=0.000591997
2026-09-21 06:55:11 UTC step=3200 elapsed_seconds=599.325 mean_loss=4.15021 errors=6674/10002 exact_sentences=1/1024
2026-09-21 06:55:14 UTC completed_step=3216 elapsed_seconds=602.043 learning_rate=0.000591915
2026-09-21 06:55:16 UTC completed_step=3232 elapsed_seconds=604.756 learning_rate=0.000591832
2026-09-21 06:55:19 UTC completed_step=3248 elapsed_seconds=607.469 learning_rate=0.000591749
2026-09-21 06:55:22 UTC completed_step=3264 elapsed_seconds=610.181 learning_rate=0.000591665
2026-09-21 06:55:24 UTC completed_step=3280 elapsed_seconds=612.894 learning_rate=0.000591581
2026-09-21 06:55:27 UTC completed_step=3296 elapsed_seconds=615.605 learning_rate=0.000591496
2026-09-21 06:55:30 UTC completed_step=3312 elapsed_seconds=618.318 learning_rate=0.000591411
2026-09-21 06:55:33 UTC completed_step=3328 elapsed_seconds=621.03 learning_rate=0.000591326
2026-09-21 06:55:35 UTC step=3328 elapsed_seconds=623.214 mean_loss=4.10383 errors=6726/10002 exact_sentences=1/1024
2026-09-21 06:55:37 UTC completed_step=3344 elapsed_seconds=625.93 learning_rate=0.00059124
2026-09-21 06:55:40 UTC completed_step=3360 elapsed_seconds=628.64 learning_rate=0.000591154
2026-09-21 06:55:43 UTC completed_step=3376 elapsed_seconds=631.352 learning_rate=0.000591068
2026-09-21 06:55:46 UTC completed_step=3392 elapsed_seconds=634.065 learning_rate=0.000590981
2026-09-21 06:55:48 UTC completed_step=3408 elapsed_seconds=636.773 learning_rate=0.000590893
2026-09-21 06:55:51 UTC completed_step=3424 elapsed_seconds=639.483 learning_rate=0.000590805
2026-09-21 06:55:54 UTC completed_step=3440 elapsed_seconds=642.194 learning_rate=0.000590717
2026-09-21 06:55:56 UTC completed_step=3456 elapsed_seconds=644.903 learning_rate=0.000590629
2026-09-21 06:55:59 UTC step=3456 elapsed_seconds=647.078 mean_loss=4.04883 errors=6527/10002 exact_sentences=1/1024
2026-09-21 06:56:01 UTC completed_step=3472 elapsed_seconds=649.796 learning_rate=0.00059054
2026-09-21 06:56:04 UTC completed_step=3488 elapsed_seconds=652.511 learning_rate=0.00059045
2026-09-21 06:56:07 UTC completed_step=3504 elapsed_seconds=655.224 learning_rate=0.00059036
2026-09-21 06:56:09 UTC completed_step=3520 elapsed_seconds=657.935 learning_rate=0.00059027
2026-09-21 06:56:12 UTC completed_step=3536 elapsed_seconds=660.646 learning_rate=0.000590179
2026-09-21 06:56:15 UTC completed_step=3552 elapsed_seconds=663.357 learning_rate=0.000590088
2026-09-21 06:56:18 UTC completed_step=3568 elapsed_seconds=666.068 learning_rate=0.000589997
2026-09-21 06:56:20 UTC completed_step=3584 elapsed_seconds=668.779 learning_rate=0.000589905
2026-09-21 06:56:22 UTC step=3584 elapsed_seconds=670.968 mean_loss=3.98878 errors=6571/10002 exact_sentences=1/1024
2026-09-21 06:56:25 UTC completed_step=3600 elapsed_seconds=673.689 learning_rate=0.000589812
2026-09-21 06:56:28 UTC completed_step=3616 elapsed_seconds=676.398 learning_rate=0.00058972
2026-09-21 06:56:31 UTC completed_step=3632 elapsed_seconds=679.109 learning_rate=0.000589626
2026-09-21 06:56:33 UTC completed_step=3648 elapsed_seconds=681.82 learning_rate=0.000589533
2026-09-21 06:56:36 UTC completed_step=3664 elapsed_seconds=684.533 learning_rate=0.000589439
2026-09-21 06:56:39 UTC completed_step=3680 elapsed_seconds=687.242 learning_rate=0.000589344
2026-09-21 06:56:41 UTC completed_step=3696 elapsed_seconds=689.952 learning_rate=0.00058925
2026-09-21 06:56:44 UTC completed_step=3712 elapsed_seconds=692.661 learning_rate=0.000589154
2026-09-21 06:56:46 UTC step=3712 elapsed_seconds=694.857 mean_loss=3.95658 errors=6523/10002 exact_sentences=1/1024
2026-09-21 06:56:49 UTC completed_step=3728 elapsed_seconds=697.573 learning_rate=0.000589059
2026-09-21 06:56:52 UTC completed_step=3744 elapsed_seconds=700.285 learning_rate=0.000588963
2026-09-21 06:56:54 UTC completed_step=3760 elapsed_seconds=702.998 learning_rate=0.000588866
2026-09-21 06:56:57 UTC completed_step=3776 elapsed_seconds=705.708 learning_rate=0.000588769
2026-09-21 06:57:00 UTC completed_step=3792 elapsed_seconds=708.42 learning_rate=0.000588672
2026-09-21 06:57:03 UTC completed_step=3808 elapsed_seconds=711.131 learning_rate=0.000588574
2026-09-21 06:57:05 UTC completed_step=3824 elapsed_seconds=713.843 learning_rate=0.000588476
2026-09-21 06:57:08 UTC completed_step=3840 elapsed_seconds=716.553 learning_rate=0.000588378
2026-09-21 06:57:10 UTC step=3840 elapsed_seconds=718.724 mean_loss=3.87963 errors=6420/10002 exact_sentences=1/1024
2026-09-21 06:57:13 UTC completed_step=3856 elapsed_seconds=721.441 learning_rate=0.000588279
2026-09-21 06:57:16 UTC completed_step=3872 elapsed_seconds=724.151 learning_rate=0.00058818
2026-09-21 06:57:18 UTC completed_step=3888 elapsed_seconds=726.864 learning_rate=0.00058808
2026-09-21 06:57:21 UTC completed_step=3904 elapsed_seconds=729.574 learning_rate=0.00058798
2026-09-21 06:57:24 UTC completed_step=3920 elapsed_seconds=732.285 learning_rate=0.000587879
2026-09-21 06:57:26 UTC completed_step=3936 elapsed_seconds=734.999 learning_rate=0.000587778
2026-09-21 06:57:29 UTC completed_step=3952 elapsed_seconds=737.713 learning_rate=0.000587677
2026-09-21 06:57:32 UTC completed_step=3968 elapsed_seconds=740.424 learning_rate=0.000587575
2026-09-21 06:57:34 UTC step=3968 elapsed_seconds=742.613 mean_loss=3.81468 errors=6316/10002 exact_sentences=1/1024
2026-09-21 06:57:37 UTC completed_step=3984 elapsed_seconds=745.332 learning_rate=0.000587473
2026-09-21 06:57:40 UTC completed_step=4000 elapsed_seconds=748.044 learning_rate=0.00058737
2026-09-21 06:57:42 UTC completed_step=4016 elapsed_seconds=750.754 learning_rate=0.000587267
2026-09-21 06:57:45 UTC completed_step=4032 elapsed_seconds=753.464 learning_rate=0.000587164
2026-09-21 06:57:48 UTC completed_step=4048 elapsed_seconds=756.174 learning_rate=0.00058706
2026-09-21 06:57:50 UTC completed_step=4064 elapsed_seconds=758.883 learning_rate=0.000586956
2026-09-21 06:57:53 UTC completed_step=4080 elapsed_seconds=761.592 learning_rate=0.000586851
2026-09-21 06:57:56 UTC completed_step=4096 elapsed_seconds=764.302 learning_rate=0.000586746
2026-09-21 06:57:58 UTC step=4096 elapsed_seconds=766.473 mean_loss=3.78118 errors=6395/10002 exact_sentences=1/1024
2026-09-21 06:58:01 UTC completed_step=4112 elapsed_seconds=769.192 learning_rate=0.00058664
2026-09-21 06:58:03 UTC completed_step=4128 elapsed_seconds=771.902 learning_rate=0.000586535
2026-09-21 06:58:06 UTC completed_step=4144 elapsed_seconds=774.613 learning_rate=0.000586428
2026-09-21 06:58:09 UTC completed_step=4160 elapsed_seconds=777.325 learning_rate=0.000586322
2026-09-21 06:58:12 UTC completed_step=4176 elapsed_seconds=780.038 learning_rate=0.000586214
2026-09-21 06:58:14 UTC completed_step=4192 elapsed_seconds=782.752 learning_rate=0.000586107
2026-09-21 06:58:17 UTC completed_step=4208 elapsed_seconds=785.463 learning_rate=0.000585999
2026-09-21 06:58:20 UTC completed_step=4224 elapsed_seconds=788.175 learning_rate=0.000585891
2026-09-21 06:58:22 UTC step=4224 elapsed_seconds=790.353 mean_loss=3.74572 errors=6277/10002 exact_sentences=1/1024
2026-09-21 06:58:25 UTC completed_step=4240 elapsed_seconds=793.072 learning_rate=0.000585782
2026-09-21 06:58:27 UTC completed_step=4256 elapsed_seconds=795.784 learning_rate=0.000585673
2026-09-21 06:58:30 UTC completed_step=4272 elapsed_seconds=798.496 learning_rate=0.000585563
2026-09-21 06:58:33 UTC completed_step=4288 elapsed_seconds=801.207 learning_rate=0.000585453
2026-09-21 06:58:35 UTC completed_step=4304 elapsed_seconds=803.92 learning_rate=0.000585343
2026-09-21 06:58:38 UTC completed_step=4320 elapsed_seconds=806.631 learning_rate=0.000585232
2026-09-21 06:58:41 UTC completed_step=4336 elapsed_seconds=809.344 learning_rate=0.000585121
2026-09-21 06:58:44 UTC completed_step=4352 elapsed_seconds=812.056 learning_rate=0.00058501
2026-09-21 06:58:46 UTC step=4352 elapsed_seconds=814.234 mean_loss=3.68155 errors=6247/10002 exact_sentences=1/1024
2026-09-21 06:58:48 UTC completed_step=4368 elapsed_seconds=816.951 learning_rate=0.000584898
2026-09-21 06:58:51 UTC completed_step=4384 elapsed_seconds=819.663 learning_rate=0.000584785
2026-09-21 06:58:54 UTC completed_step=4400 elapsed_seconds=822.373 learning_rate=0.000584672
2026-09-21 06:58:57 UTC completed_step=4416 elapsed_seconds=825.083 learning_rate=0.000584559
2026-09-21 06:58:59 UTC completed_step=4432 elapsed_seconds=827.793 learning_rate=0.000584446
2026-09-21 06:59:02 UTC completed_step=4448 elapsed_seconds=830.503 learning_rate=0.000584332
2026-09-21 06:59:05 UTC completed_step=4464 elapsed_seconds=833.214 learning_rate=0.000584217
2026-09-21 06:59:07 UTC completed_step=4480 elapsed_seconds=835.926 learning_rate=0.000584103
2026-09-21 06:59:10 UTC step=4480 elapsed_seconds=838.107 mean_loss=3.62614 errors=6162/10002 exact_sentences=1/1024
2026-09-21 06:59:12 UTC completed_step=4496 elapsed_seconds=840.825 learning_rate=0.000583987
2026-09-21 06:59:15 UTC completed_step=4512 elapsed_seconds=843.536 learning_rate=0.000583872
2026-09-21 06:59:18 UTC completed_step=4528 elapsed_seconds=846.246 learning_rate=0.000583756
2026-09-21 06:59:20 UTC completed_step=4544 elapsed_seconds=848.956 learning_rate=0.000583639
2026-09-21 06:59:23 UTC completed_step=4560 elapsed_seconds=851.669 learning_rate=0.000583523
2026-09-21 06:59:26 UTC completed_step=4576 elapsed_seconds=854.383 learning_rate=0.000583405
2026-09-21 06:59:29 UTC completed_step=4592 elapsed_seconds=857.096 learning_rate=0.000583288
2026-09-21 06:59:31 UTC completed_step=4608 elapsed_seconds=859.807 learning_rate=0.00058317
2026-09-21 06:59:33 UTC step=4608 elapsed_seconds=861.984 mean_loss=3.59966 errors=6116/10002 exact_sentences=1/1024
2026-09-21 06:59:36 UTC completed_step=4624 elapsed_seconds=864.708 learning_rate=0.000583051
2026-09-21 06:59:39 UTC completed_step=4640 elapsed_seconds=867.422 learning_rate=0.000582932
2026-09-21 06:59:42 UTC completed_step=4656 elapsed_seconds=870.135 learning_rate=0.000582813
2026-09-21 06:59:44 UTC completed_step=4672 elapsed_seconds=872.845 learning_rate=0.000582694
2026-09-21 06:59:47 UTC completed_step=4688 elapsed_seconds=875.556 learning_rate=0.000582574
2026-09-21 06:59:50 UTC completed_step=4704 elapsed_seconds=878.267 learning_rate=0.000582453
2026-09-21 06:59:52 UTC completed_step=4720 elapsed_seconds=880.977 learning_rate=0.000582332
2026-09-21 06:59:55 UTC completed_step=4736 elapsed_seconds=883.688 learning_rate=0.000582211
2026-09-21 06:59:57 UTC step=4736 elapsed_seconds=885.857 mean_loss=3.51973 errors=5966/10002 exact_sentences=1/1024
2026-09-21 07:00:00 UTC completed_step=4752 elapsed_seconds=888.573 learning_rate=0.00058209
2026-09-21 07:00:03 UTC completed_step=4768 elapsed_seconds=891.286 learning_rate=0.000581968
2026-09-21 07:00:05 UTC completed_step=4784 elapsed_seconds=893.999 learning_rate=0.000581845
2026-09-21 07:00:08 UTC completed_step=4800 elapsed_seconds=896.711 learning_rate=0.000581722
2026-09-21 07:00:11 UTC completed_step=4816 elapsed_seconds=899.423 learning_rate=0.000581599
2026-09-21 07:00:14 UTC completed_step=4832 elapsed_seconds=902.135 learning_rate=0.000581475
2026-09-21 07:00:16 UTC completed_step=4848 elapsed_seconds=904.847 learning_rate=0.000581351
2026-09-21 07:00:19 UTC completed_step=4864 elapsed_seconds=907.555 learning_rate=0.000581227
2026-09-21 07:00:21 UTC step=4864 elapsed_seconds=909.749 mean_loss=3.49433 errors=5923/10002 exact_sentences=1/1024
2026-09-21 07:00:24 UTC completed_step=4880 elapsed_seconds=912.466 learning_rate=0.000581102
2026-09-21 07:00:27 UTC completed_step=4896 elapsed_seconds=915.176 learning_rate=0.000580977
2026-09-21 07:00:29 UTC completed_step=4912 elapsed_seconds=917.889 learning_rate=0.000580851
2026-09-21 07:00:32 UTC completed_step=4928 elapsed_seconds=920.6 learning_rate=0.000580725
2026-09-21 07:00:35 UTC completed_step=4944 elapsed_seconds=923.311 learning_rate=0.000580599
2026-09-21 07:00:37 UTC completed_step=4960 elapsed_seconds=926.025 learning_rate=0.000580472
2026-09-21 07:00:40 UTC completed_step=4976 elapsed_seconds=928.736 learning_rate=0.000580345
2026-09-21 07:00:43 UTC completed_step=4992 elapsed_seconds=931.445 learning_rate=0.000580217
2026-09-21 07:00:45 UTC step=4992 elapsed_seconds=933.647 mean_loss=3.46438 errors=5871/10002 exact_sentences=1/1024
2026-09-21 07:00:48 UTC completed_step=5008 elapsed_seconds=936.363 learning_rate=0.000580089
2026-09-21 07:00:51 UTC completed_step=5024 elapsed_seconds=939.075 learning_rate=0.000579961
2026-09-21 07:00:53 UTC completed_step=5040 elapsed_seconds=941.791 learning_rate=0.000579832
2026-09-21 07:00:56 UTC completed_step=5056 elapsed_seconds=944.505 learning_rate=0.000579703
2026-09-21 07:00:59 UTC completed_step=5072 elapsed_seconds=947.218 learning_rate=0.000579573
2026-09-21 07:01:01 UTC completed_step=5088 elapsed_seconds=949.931 learning_rate=0.000579443
2026-09-21 07:01:04 UTC completed_step=5104 elapsed_seconds=952.64 learning_rate=0.000579313
2026-09-21 07:01:07 UTC completed_step=5120 elapsed_seconds=955.35 learning_rate=0.000579182
2026-09-21 07:01:09 UTC step=5120 elapsed_seconds=957.527 mean_loss=3.40159 errors=5869/10002 exact_sentences=1/1024
2026-09-21 07:01:12 UTC completed_step=5136 elapsed_seconds=960.251 learning_rate=0.000579051
2026-09-21 07:01:14 UTC completed_step=5152 elapsed_seconds=962.965 learning_rate=0.00057892
2026-09-21 07:01:17 UTC completed_step=5168 elapsed_seconds=965.675 learning_rate=0.000578788
2026-09-21 07:01:20 UTC completed_step=5184 elapsed_seconds=968.386 learning_rate=0.000578655
2026-09-21 07:01:23 UTC completed_step=5200 elapsed_seconds=971.096 learning_rate=0.000578522
2026-09-21 07:01:25 UTC completed_step=5216 elapsed_seconds=973.805 learning_rate=0.000578389
2026-09-21 07:01:28 UTC completed_step=5232 elapsed_seconds=976.517 learning_rate=0.000578256
2026-09-21 07:01:31 UTC completed_step=5248 elapsed_seconds=979.228 learning_rate=0.000578122
2026-09-21 07:01:33 UTC step=5248 elapsed_seconds=981.41 mean_loss=3.3504 errors=5886/10002 exact_sentences=1/1024
2026-09-21 07:01:36 UTC completed_step=5264 elapsed_seconds=984.126 learning_rate=0.000577988
2026-09-21 07:01:38 UTC completed_step=5280 elapsed_seconds=986.837 learning_rate=0.000577853
2026-09-21 07:01:41 UTC completed_step=5296 elapsed_seconds=989.547 learning_rate=0.000577718
2026-09-21 07:01:44 UTC completed_step=5312 elapsed_seconds=992.257 learning_rate=0.000577582
2026-09-21 07:01:46 UTC completed_step=5328 elapsed_seconds=994.967 learning_rate=0.000577446
2026-09-21 07:01:49 UTC completed_step=5344 elapsed_seconds=997.677 learning_rate=0.00057731
2026-09-21 07:01:52 UTC completed_step=5360 elapsed_seconds=1000.39 learning_rate=0.000577173
2026-09-21 07:01:55 UTC completed_step=5376 elapsed_seconds=1003.1 learning_rate=0.000577036
2026-09-21 07:01:57 UTC step=5376 elapsed_seconds=1005.28 mean_loss=3.32928 errors=5861/10002 exact_sentences=1/1024
2026-09-21 07:01:59 UTC completed_step=5392 elapsed_seconds=1008 learning_rate=0.000576899
2026-09-21 07:02:02 UTC completed_step=5408 elapsed_seconds=1010.71 learning_rate=0.000576761
2026-09-21 07:02:05 UTC completed_step=5424 elapsed_seconds=1013.42 learning_rate=0.000576623
2026-09-21 07:02:08 UTC completed_step=5440 elapsed_seconds=1016.14 learning_rate=0.000576484
2026-09-21 07:02:10 UTC completed_step=5456 elapsed_seconds=1018.85 learning_rate=0.000576345
2026-09-21 07:02:13 UTC completed_step=5472 elapsed_seconds=1021.56 learning_rate=0.000576206
2026-09-21 07:02:16 UTC completed_step=5488 elapsed_seconds=1024.27 learning_rate=0.000576066
2026-09-21 07:02:18 UTC completed_step=5504 elapsed_seconds=1026.98 learning_rate=0.000575926
2026-09-21 07:02:21 UTC step=5504 elapsed_seconds=1029.16 mean_loss=3.26382 errors=5612/10002 exact_sentences=1/1024
2026-09-21 07:02:23 UTC completed_step=5520 elapsed_seconds=1031.88 learning_rate=0.000575785
2026-09-21 07:02:26 UTC completed_step=5536 elapsed_seconds=1034.59 learning_rate=0.000575644
2026-09-21 07:02:29 UTC completed_step=5552 elapsed_seconds=1037.3 learning_rate=0.000575503
2026-09-21 07:02:31 UTC completed_step=5568 elapsed_seconds=1040.01 learning_rate=0.000575361
2026-09-21 07:02:34 UTC completed_step=5584 elapsed_seconds=1042.72 learning_rate=0.000575219
2026-09-21 07:02:37 UTC completed_step=5600 elapsed_seconds=1045.43 learning_rate=0.000575076
2026-09-21 07:02:40 UTC completed_step=5616 elapsed_seconds=1048.14 learning_rate=0.000574933
2026-09-21 07:02:42 UTC completed_step=5632 elapsed_seconds=1050.85 learning_rate=0.00057479
2026-09-21 07:02:45 UTC step=5632 elapsed_seconds=1053.04 mean_loss=3.22845 errors=5651/10002 exact_sentences=1/1024
2026-09-21 07:02:47 UTC completed_step=5648 elapsed_seconds=1055.76 learning_rate=0.000574646
2026-09-21 07:02:50 UTC completed_step=5664 elapsed_seconds=1058.47 learning_rate=0.000574502
2026-09-21 07:02:53 UTC completed_step=5680 elapsed_seconds=1061.18 learning_rate=0.000574358
2026-09-21 07:02:55 UTC completed_step=5696 elapsed_seconds=1063.9 learning_rate=0.000574213
2026-09-21 07:02:58 UTC completed_step=5712 elapsed_seconds=1066.61 learning_rate=0.000574067
2026-09-21 07:03:01 UTC completed_step=5728 elapsed_seconds=1069.32 learning_rate=0.000573922
2026-09-21 07:03:04 UTC completed_step=5744 elapsed_seconds=1072.03 learning_rate=0.000573776
2026-09-21 07:03:06 UTC completed_step=5760 elapsed_seconds=1074.74 learning_rate=0.000573629
2026-09-21 07:03:08 UTC step=5760 elapsed_seconds=1076.92 mean_loss=3.17548 errors=5555/10002 exact_sentences=1/1024
2026-09-21 07:03:11 UTC completed_step=5776 elapsed_seconds=1079.63 learning_rate=0.000573483
2026-09-21 07:03:14 UTC completed_step=5792 elapsed_seconds=1082.34 learning_rate=0.000573335
2026-09-21 07:03:17 UTC completed_step=5808 elapsed_seconds=1085.05 learning_rate=0.000573188
2026-09-21 07:03:19 UTC completed_step=5824 elapsed_seconds=1087.76 learning_rate=0.00057304
2026-09-21 07:03:22 UTC completed_step=5840 elapsed_seconds=1090.47 learning_rate=0.000572891
2026-09-21 07:03:25 UTC completed_step=5856 elapsed_seconds=1093.18 learning_rate=0.000572743
2026-09-21 07:03:27 UTC completed_step=5872 elapsed_seconds=1095.89 learning_rate=0.000572594
2026-09-21 07:03:30 UTC completed_step=5888 elapsed_seconds=1098.61 learning_rate=0.000572444
2026-09-21 07:03:32 UTC step=5888 elapsed_seconds=1100.79 mean_loss=3.14814 errors=5478/10002 exact_sentences=1/1024
2026-09-21 07:03:35 UTC completed_step=5904 elapsed_seconds=1103.5 learning_rate=0.000572294
2026-09-21 07:03:38 UTC completed_step=5920 elapsed_seconds=1106.21 learning_rate=0.000572144
2026-09-21 07:03:40 UTC completed_step=5936 elapsed_seconds=1108.92 learning_rate=0.000571993
2026-09-21 07:03:43 UTC completed_step=5952 elapsed_seconds=1111.63 learning_rate=0.000571842
2026-09-21 07:03:46 UTC completed_step=5968 elapsed_seconds=1114.34 learning_rate=0.000571691
2026-09-21 07:03:49 UTC completed_step=5984 elapsed_seconds=1117.05 learning_rate=0.000571539
2026-09-21 07:03:51 UTC completed_step=6000 elapsed_seconds=1119.76 learning_rate=0.000571387
2026-09-21 07:03:54 UTC completed_step=6016 elapsed_seconds=1122.47 learning_rate=0.000571234
2026-09-21 07:03:56 UTC step=6016 elapsed_seconds=1124.68 mean_loss=3.11783 errors=5505/10002 exact_sentences=1/1024
2026-09-21 07:03:59 UTC completed_step=6032 elapsed_seconds=1127.4 learning_rate=0.000571081
2026-09-21 07:04:02 UTC completed_step=6048 elapsed_seconds=1130.11 learning_rate=0.000570928
2026-09-21 07:04:04 UTC completed_step=6064 elapsed_seconds=1132.82 learning_rate=0.000570774
2026-09-21 07:04:07 UTC completed_step=6080 elapsed_seconds=1135.53 learning_rate=0.00057062
2026-09-21 07:04:10 UTC completed_step=6096 elapsed_seconds=1138.24 learning_rate=0.000570466
2026-09-21 07:04:12 UTC completed_step=6112 elapsed_seconds=1140.95 learning_rate=0.000570311
2026-09-21 07:04:15 UTC completed_step=6128 elapsed_seconds=1143.66 learning_rate=0.000570155
2026-09-21 07:04:18 UTC completed_step=6144 elapsed_seconds=1146.37 learning_rate=0.00057
2026-09-21 07:04:20 UTC step=6144 elapsed_seconds=1148.54 mean_loss=3.06379 errors=5553/10002 exact_sentences=1/1024
2026-09-21 07:04:23 UTC completed_step=6160 elapsed_seconds=1151.27 learning_rate=0.000569844
2026-09-21 07:04:25 UTC completed_step=6176 elapsed_seconds=1153.98 learning_rate=0.000569687
2026-09-21 07:04:28 UTC completed_step=6192 elapsed_seconds=1156.69 learning_rate=0.000569531
2026-09-21 07:04:31 UTC completed_step=6208 elapsed_seconds=1159.4 learning_rate=0.000569373
2026-09-21 07:04:34 UTC completed_step=6224 elapsed_seconds=1162.11 learning_rate=0.000569216
2026-09-21 07:04:36 UTC completed_step=6240 elapsed_seconds=1164.83 learning_rate=0.000569058
2026-09-21 07:04:39 UTC completed_step=6256 elapsed_seconds=1167.54 learning_rate=0.0005689
2026-09-21 07:04:42 UTC completed_step=6272 elapsed_seconds=1170.25 learning_rate=0.000568741
2026-09-21 07:04:44 UTC step=6272 elapsed_seconds=1172.42 mean_loss=3.07262 errors=5369/10002 exact_sentences=2/1024
2026-09-21 07:04:47 UTC completed_step=6288 elapsed_seconds=1175.14 learning_rate=0.000568582
2026-09-21 07:04:49 UTC completed_step=6304 elapsed_seconds=1177.85 learning_rate=0.000568422
2026-09-21 07:04:52 UTC completed_step=6320 elapsed_seconds=1180.56 learning_rate=0.000568263
2026-09-21 07:04:55 UTC completed_step=6336 elapsed_seconds=1183.27 learning_rate=0.000568102
2026-09-21 07:04:57 UTC completed_step=6352 elapsed_seconds=1185.98 learning_rate=0.000567942
2026-09-21 07:05:00 UTC completed_step=6368 elapsed_seconds=1188.69 learning_rate=0.000567781
2026-09-21 07:05:03 UTC completed_step=6384 elapsed_seconds=1191.4 learning_rate=0.00056762
2026-09-21 07:05:06 UTC completed_step=6400 elapsed_seconds=1194.11 learning_rate=0.000567458
2026-09-21 07:05:08 UTC step=6400 elapsed_seconds=1196.29 mean_loss=2.99093 errors=5211/10002 exact_sentences=2/1024
2026-09-21 07:05:10 UTC completed_step=6416 elapsed_seconds=1199.01 learning_rate=0.000567296
2026-09-21 07:05:13 UTC completed_step=6432 elapsed_seconds=1201.72 learning_rate=0.000567133
2026-09-21 07:05:16 UTC completed_step=6448 elapsed_seconds=1204.43 learning_rate=0.000566971
2026-09-21 07:05:19 UTC completed_step=6464 elapsed_seconds=1207.14 learning_rate=0.000566807
2026-09-21 07:05:21 UTC completed_step=6480 elapsed_seconds=1209.85 learning_rate=0.000566644
2026-09-21 07:05:24 UTC completed_step=6496 elapsed_seconds=1212.56 learning_rate=0.00056648
2026-09-21 07:05:27 UTC completed_step=6512 elapsed_seconds=1215.28 learning_rate=0.000566315
2026-09-21 07:05:29 UTC completed_step=6528 elapsed_seconds=1217.99 learning_rate=0.000566151
2026-09-21 07:05:32 UTC step=6528 elapsed_seconds=1220.17 mean_loss=2.92517 errors=5178/10002 exact_sentences=4/1024
2026-09-21 07:05:34 UTC completed_step=6544 elapsed_seconds=1222.88 learning_rate=0.000565986
2026-09-21 07:05:37 UTC completed_step=6560 elapsed_seconds=1225.59 learning_rate=0.00056582
2026-09-21 07:05:40 UTC completed_step=6576 elapsed_seconds=1228.3 learning_rate=0.000565654
2026-09-21 07:05:42 UTC completed_step=6592 elapsed_seconds=1231.01 learning_rate=0.000565488
2026-09-21 07:05:45 UTC completed_step=6608 elapsed_seconds=1233.72 learning_rate=0.000565322
2026-09-21 07:05:48 UTC completed_step=6624 elapsed_seconds=1236.43 learning_rate=0.000565155
2026-09-21 07:05:51 UTC completed_step=6640 elapsed_seconds=1239.14 learning_rate=0.000564987
2026-09-21 07:05:53 UTC completed_step=6656 elapsed_seconds=1241.86 learning_rate=0.00056482
2026-09-21 07:05:56 UTC step=6656 elapsed_seconds=1244.03 mean_loss=2.88515 errors=5203/10002 exact_sentences=5/1024
2026-09-21 07:05:58 UTC completed_step=6672 elapsed_seconds=1246.76 learning_rate=0.000564652
2026-09-21 07:06:01 UTC completed_step=6688 elapsed_seconds=1249.47 learning_rate=0.000564483
2026-09-21 07:06:04 UTC completed_step=6704 elapsed_seconds=1252.18 learning_rate=0.000564314
2026-09-21 07:06:06 UTC completed_step=6720 elapsed_seconds=1254.9 learning_rate=0.000564145
2026-09-21 07:06:09 UTC completed_step=6736 elapsed_seconds=1257.61 learning_rate=0.000563976
2026-09-21 07:06:12 UTC completed_step=6752 elapsed_seconds=1260.32 learning_rate=0.000563806
2026-09-21 07:06:15 UTC completed_step=6768 elapsed_seconds=1263.04 learning_rate=0.000563635
2026-09-21 07:06:17 UTC completed_step=6784 elapsed_seconds=1265.75 learning_rate=0.000563465
2026-09-21 07:06:19 UTC step=6784 elapsed_seconds=1267.95 mean_loss=2.87141 errors=5265/10002 exact_sentences=4/1024
2026-09-21 07:06:22 UTC completed_step=6800 elapsed_seconds=1270.66 learning_rate=0.000563294
2026-09-21 07:06:25 UTC completed_step=6816 elapsed_seconds=1273.37 learning_rate=0.000563122
2026-09-21 07:06:28 UTC completed_step=6832 elapsed_seconds=1276.09 learning_rate=0.00056295
2026-09-21 07:06:30 UTC completed_step=6848 elapsed_seconds=1278.79 learning_rate=0.000562778
2026-09-21 07:06:33 UTC completed_step=6864 elapsed_seconds=1281.5 learning_rate=0.000562606
2026-09-21 07:06:36 UTC completed_step=6880 elapsed_seconds=1284.22 learning_rate=0.000562433
2026-09-21 07:06:38 UTC completed_step=6896 elapsed_seconds=1286.93 learning_rate=0.00056226
2026-09-21 07:06:41 UTC completed_step=6912 elapsed_seconds=1289.64 learning_rate=0.000562086
2026-09-21 07:06:43 UTC step=6912 elapsed_seconds=1291.82 mean_loss=2.83292 errors=5013/10002 exact_sentences=7/1024
2026-09-21 07:06:46 UTC completed_step=6928 elapsed_seconds=1294.53 learning_rate=0.000561912
2026-09-21 07:06:49 UTC completed_step=6944 elapsed_seconds=1297.24 learning_rate=0.000561738
2026-09-21 07:06:51 UTC completed_step=6960 elapsed_seconds=1299.95 learning_rate=0.000561563
2026-09-21 07:06:54 UTC completed_step=6976 elapsed_seconds=1302.66 learning_rate=0.000561388
2026-09-21 07:06:57 UTC completed_step=6992 elapsed_seconds=1305.37 learning_rate=0.000561212
2026-09-21 07:07:00 UTC completed_step=7008 elapsed_seconds=1308.08 learning_rate=0.000561036
2026-09-21 07:07:02 UTC completed_step=7024 elapsed_seconds=1310.79 learning_rate=0.00056086
2026-09-21 07:07:05 UTC completed_step=7040 elapsed_seconds=1313.5 learning_rate=0.000560684
2026-09-21 07:07:07 UTC step=7040 elapsed_seconds=1315.68 mean_loss=2.76504 errors=5027/10002 exact_sentences=5/1024
2026-09-21 07:07:10 UTC completed_step=7056 elapsed_seconds=1318.39 learning_rate=0.000560507
2026-09-21 07:07:13 UTC completed_step=7072 elapsed_seconds=1321.11 learning_rate=0.000560329
2026-09-21 07:07:15 UTC completed_step=7088 elapsed_seconds=1323.82 learning_rate=0.000560152
2026-09-21 07:07:18 UTC completed_step=7104 elapsed_seconds=1326.53 learning_rate=0.000559974
2026-09-21 07:07:21 UTC completed_step=7120 elapsed_seconds=1329.25 learning_rate=0.000559795
2026-09-21 07:07:23 UTC completed_step=7136 elapsed_seconds=1331.96 learning_rate=0.000559617
2026-09-21 07:07:26 UTC completed_step=7152 elapsed_seconds=1334.67 learning_rate=0.000559437
2026-09-21 07:07:29 UTC completed_step=7168 elapsed_seconds=1337.38 learning_rate=0.000559258
2026-09-21 07:07:31 UTC step=7168 elapsed_seconds=1339.57 mean_loss=2.75284 errors=4899/10002 exact_sentences=7/1024
2026-09-21 07:07:34 UTC completed_step=7184 elapsed_seconds=1342.29 learning_rate=0.000559078
2026-09-21 07:07:36 UTC completed_step=7200 elapsed_seconds=1345 learning_rate=0.000558898
2026-09-21 07:07:39 UTC completed_step=7216 elapsed_seconds=1347.71 learning_rate=0.000558717
2026-09-21 07:07:42 UTC completed_step=7232 elapsed_seconds=1350.43 learning_rate=0.000558536
2026-09-21 07:07:45 UTC completed_step=7248 elapsed_seconds=1353.14 learning_rate=0.000558355
2026-09-21 07:07:47 UTC completed_step=7264 elapsed_seconds=1355.86 learning_rate=0.000558173
2026-09-21 07:07:50 UTC completed_step=7280 elapsed_seconds=1358.57 learning_rate=0.000557991
2026-09-21 07:07:53 UTC completed_step=7296 elapsed_seconds=1361.28 learning_rate=0.000557809
2026-09-21 07:07:55 UTC step=7296 elapsed_seconds=1363.45 mean_loss=2.7335 errors=5045/10002 exact_sentences=5/1024
2026-09-21 07:07:58 UTC completed_step=7312 elapsed_seconds=1366.17 learning_rate=0.000557626
2026-09-21 07:08:00 UTC completed_step=7328 elapsed_seconds=1368.89 learning_rate=0.000557443
2026-09-21 07:08:03 UTC completed_step=7344 elapsed_seconds=1371.6 learning_rate=0.00055726
2026-09-21 07:08:06 UTC completed_step=7360 elapsed_seconds=1374.32 learning_rate=0.000557076
2026-09-21 07:08:09 UTC completed_step=7376 elapsed_seconds=1377.04 learning_rate=0.000556892
2026-09-21 07:08:11 UTC completed_step=7392 elapsed_seconds=1379.75 learning_rate=0.000556707
2026-09-21 07:08:14 UTC completed_step=7408 elapsed_seconds=1382.47 learning_rate=0.000556522
2026-09-21 07:08:17 UTC completed_step=7424 elapsed_seconds=1385.18 learning_rate=0.000556337
2026-09-21 07:08:19 UTC step=7424 elapsed_seconds=1387.37 mean_loss=2.69679 errors=5013/10002 exact_sentences=4/1024
2026-09-21 07:08:22 UTC completed_step=7440 elapsed_seconds=1390.09 learning_rate=0.000556151
2026-09-21 07:08:24 UTC completed_step=7456 elapsed_seconds=1392.8 learning_rate=0.000555965
2026-09-21 07:08:27 UTC completed_step=7472 elapsed_seconds=1395.51 learning_rate=0.000555779
2026-09-21 07:08:30 UTC completed_step=7488 elapsed_seconds=1398.22 learning_rate=0.000555592
2026-09-21 07:08:32 UTC completed_step=7504 elapsed_seconds=1400.93 learning_rate=0.000555405
2026-09-21 07:08:35 UTC completed_step=7520 elapsed_seconds=1403.64 learning_rate=0.000555218
2026-09-21 07:08:38 UTC completed_step=7536 elapsed_seconds=1406.35 learning_rate=0.00055503
2026-09-21 07:08:41 UTC completed_step=7552 elapsed_seconds=1409.07 learning_rate=0.000554842
2026-09-21 07:08:43 UTC step=7552 elapsed_seconds=1411.26 mean_loss=2.66673 errors=4845/10002 exact_sentences=8/1024
2026-09-21 07:08:45 UTC completed_step=7568 elapsed_seconds=1413.98 learning_rate=0.000554653
2026-09-21 07:08:48 UTC completed_step=7584 elapsed_seconds=1416.69 learning_rate=0.000554464
2026-09-21 07:08:51 UTC completed_step=7600 elapsed_seconds=1419.4 learning_rate=0.000554275
2026-09-21 07:08:54 UTC completed_step=7616 elapsed_seconds=1422.11 learning_rate=0.000554086
2026-09-21 07:08:56 UTC completed_step=7632 elapsed_seconds=1424.82 learning_rate=0.000553896
2026-09-21 07:08:59 UTC completed_step=7648 elapsed_seconds=1427.53 learning_rate=0.000553705
2026-09-21 07:09:02 UTC completed_step=7664 elapsed_seconds=1430.25 learning_rate=0.000553515
2026-09-21 07:09:04 UTC completed_step=7680 elapsed_seconds=1432.96 learning_rate=0.000553324
2026-09-21 07:09:07 UTC step=7680 elapsed_seconds=1435.14 mean_loss=2.61026 errors=4780/10002 exact_sentences=10/1024
2026-09-21 07:09:09 UTC completed_step=7696 elapsed_seconds=1437.86 learning_rate=0.000553132
2026-09-21 07:09:12 UTC completed_step=7712 elapsed_seconds=1440.58 learning_rate=0.000552941
2026-09-21 07:09:15 UTC completed_step=7728 elapsed_seconds=1443.29 learning_rate=0.000552749
2026-09-21 07:09:17 UTC completed_step=7744 elapsed_seconds=1446 learning_rate=0.000552556
2026-09-21 07:09:20 UTC completed_step=7760 elapsed_seconds=1448.71 learning_rate=0.000552363
2026-09-21 07:09:23 UTC completed_step=7776 elapsed_seconds=1451.42 learning_rate=0.00055217
2026-09-21 07:09:26 UTC completed_step=7792 elapsed_seconds=1454.13 learning_rate=0.000551977
2026-09-21 07:09:28 UTC completed_step=7808 elapsed_seconds=1456.84 learning_rate=0.000551783
2026-09-21 07:09:30 UTC step=7808 elapsed_seconds=1459.02 mean_loss=2.55542 errors=4631/10002 exact_sentences=12/1024
2026-09-21 07:09:33 UTC completed_step=7824 elapsed_seconds=1461.74 learning_rate=0.000551589
2026-09-21 07:09:36 UTC completed_step=7840 elapsed_seconds=1464.45 learning_rate=0.000551394
2026-09-21 07:09:39 UTC completed_step=7856 elapsed_seconds=1467.16 learning_rate=0.000551199
2026-09-21 07:09:41 UTC completed_step=7872 elapsed_seconds=1469.87 learning_rate=0.000551004
2026-09-21 07:09:44 UTC completed_step=7888 elapsed_seconds=1472.58 learning_rate=0.000550809
2026-09-21 07:09:47 UTC completed_step=7904 elapsed_seconds=1475.29 learning_rate=0.000550613
2026-09-21 07:09:49 UTC completed_step=7920 elapsed_seconds=1478 learning_rate=0.000550417
2026-09-21 07:09:52 UTC completed_step=7936 elapsed_seconds=1480.71 learning_rate=0.00055022
2026-09-21 07:09:54 UTC step=7936 elapsed_seconds=1482.89 mean_loss=2.5335 errors=4594/10002 exact_sentences=13/1024
2026-09-21 07:09:57 UTC completed_step=7952 elapsed_seconds=1485.61 learning_rate=0.000550023
2026-09-21 07:10:00 UTC completed_step=7968 elapsed_seconds=1488.32 learning_rate=0.000549826
2026-09-21 07:10:03 UTC completed_step=7984 elapsed_seconds=1491.03 learning_rate=0.000549628
2026-09-21 07:10:05 UTC completed_step=8000 elapsed_seconds=1493.74 learning_rate=0.00054943
2026-09-21 07:10:08 UTC completed_step=8016 elapsed_seconds=1496.45 learning_rate=0.000549232
2026-09-21 07:10:11 UTC completed_step=8032 elapsed_seconds=1499.16 learning_rate=0.000549033
2026-09-21 07:10:13 UTC completed_step=8048 elapsed_seconds=1501.88 learning_rate=0.000548834
2026-09-21 07:10:16 UTC completed_step=8064 elapsed_seconds=1504.59 learning_rate=0.000548634
2026-09-21 07:10:18 UTC step=8064 elapsed_seconds=1506.77 mean_loss=2.5077 errors=4608/10002 exact_sentences=13/1024
2026-09-21 07:10:21 UTC completed_step=8080 elapsed_seconds=1509.49 learning_rate=0.000548435
2026-09-21 07:10:24 UTC completed_step=8096 elapsed_seconds=1512.2 learning_rate=0.000548235
2026-09-21 07:10:26 UTC completed_step=8112 elapsed_seconds=1514.91 learning_rate=0.000548034
2026-09-21 07:10:29 UTC completed_step=8128 elapsed_seconds=1517.62 learning_rate=0.000547833
2026-09-21 07:10:32 UTC completed_step=8144 elapsed_seconds=1520.34 learning_rate=0.000547632
2026-09-21 07:10:35 UTC completed_step=8160 elapsed_seconds=1523.05 learning_rate=0.000547431
2026-09-21 07:10:37 UTC completed_step=8176 elapsed_seconds=1525.76 learning_rate=0.000547229
2026-09-21 07:10:40 UTC completed_step=8192 elapsed_seconds=1528.47 learning_rate=0.000547027
2026-09-21 07:10:42 UTC step=8192 elapsed_seconds=1530.65 mean_loss=2.46358 errors=4512/10002 exact_sentences=13/1024
2026-09-21 07:10:45 UTC completed_step=8208 elapsed_seconds=1533.37 learning_rate=0.000546824
2026-09-21 07:10:48 UTC completed_step=8224 elapsed_seconds=1536.08 learning_rate=0.000546621
2026-09-21 07:10:50 UTC completed_step=8240 elapsed_seconds=1538.79 learning_rate=0.000546418
2026-09-21 07:10:53 UTC completed_step=8256 elapsed_seconds=1541.5 learning_rate=0.000546214
2026-09-21 07:10:56 UTC completed_step=8272 elapsed_seconds=1544.21 learning_rate=0.000546011
2026-09-21 07:10:58 UTC completed_step=8288 elapsed_seconds=1546.92 learning_rate=0.000545806
2026-09-21 07:11:01 UTC completed_step=8304 elapsed_seconds=1549.63 learning_rate=0.000545602
2026-09-21 07:11:04 UTC completed_step=8320 elapsed_seconds=1552.34 learning_rate=0.000545397
2026-09-21 07:11:06 UTC step=8320 elapsed_seconds=1554.52 mean_loss=2.44642 errors=4514/10002 exact_sentences=14/1024
2026-09-21 07:11:09 UTC completed_step=8336 elapsed_seconds=1557.23 learning_rate=0.000545192
2026-09-21 07:11:11 UTC completed_step=8352 elapsed_seconds=1559.94 learning_rate=0.000544986
2026-09-21 07:11:14 UTC completed_step=8368 elapsed_seconds=1562.65 learning_rate=0.00054478
2026-09-21 07:11:17 UTC completed_step=8384 elapsed_seconds=1565.36 learning_rate=0.000544574
2026-09-21 07:11:20 UTC completed_step=8400 elapsed_seconds=1568.07 learning_rate=0.000544367
2026-09-21 07:11:22 UTC completed_step=8416 elapsed_seconds=1570.78 learning_rate=0.00054416
2026-09-21 07:11:25 UTC completed_step=8432 elapsed_seconds=1573.49 learning_rate=0.000543953
2026-09-21 07:11:28 UTC completed_step=8448 elapsed_seconds=1576.2 learning_rate=0.000543745
2026-09-21 07:11:30 UTC step=8448 elapsed_seconds=1578.38 mean_loss=2.41615 errors=4377/10002 exact_sentences=15/1024
2026-09-21 07:11:33 UTC completed_step=8464 elapsed_seconds=1581.1 learning_rate=0.000543537
2026-09-21 07:11:35 UTC completed_step=8480 elapsed_seconds=1583.82 learning_rate=0.000543329
2026-09-21 07:11:38 UTC completed_step=8496 elapsed_seconds=1586.53 learning_rate=0.00054312
2026-09-21 07:11:41 UTC completed_step=8512 elapsed_seconds=1589.24 learning_rate=0.000542911
2026-09-21 07:11:43 UTC completed_step=8528 elapsed_seconds=1591.95 learning_rate=0.000542702
2026-09-21 07:11:46 UTC completed_step=8544 elapsed_seconds=1594.66 learning_rate=0.000542492
2026-09-21 07:11:49 UTC completed_step=8560 elapsed_seconds=1597.37 learning_rate=0.000542282
2026-09-21 07:11:52 UTC completed_step=8576 elapsed_seconds=1600.08 learning_rate=0.000542072
2026-09-21 07:11:54 UTC step=8576 elapsed_seconds=1602.27 mean_loss=2.34734 errors=4301/10002 exact_sentences=19/1024
2026-09-21 07:11:56 UTC completed_step=8592 elapsed_seconds=1604.99 learning_rate=0.000541861
2026-09-21 07:11:59 UTC completed_step=8608 elapsed_seconds=1607.7 learning_rate=0.00054165
2026-09-21 07:12:02 UTC completed_step=8624 elapsed_seconds=1610.41 learning_rate=0.000541439
2026-09-21 07:12:05 UTC completed_step=8640 elapsed_seconds=1613.12 learning_rate=0.000541227
2026-09-21 07:12:07 UTC completed_step=8656 elapsed_seconds=1615.83 learning_rate=0.000541015
2026-09-21 07:12:10 UTC completed_step=8672 elapsed_seconds=1618.54 learning_rate=0.000540803
2026-09-21 07:12:13 UTC completed_step=8688 elapsed_seconds=1621.26 learning_rate=0.00054059
2026-09-21 07:12:15 UTC completed_step=8704 elapsed_seconds=1623.96 learning_rate=0.000540377
2026-09-21 07:12:18 UTC step=8704 elapsed_seconds=1626.16 mean_loss=2.32067 errors=4236/10002 exact_sentences=19/1024
2026-09-21 07:12:20 UTC completed_step=8720 elapsed_seconds=1628.89 learning_rate=0.000540163
2026-09-21 07:12:23 UTC completed_step=8736 elapsed_seconds=1631.6 learning_rate=0.00053995
2026-09-21 07:12:26 UTC completed_step=8752 elapsed_seconds=1634.31 learning_rate=0.000539736
2026-09-21 07:12:28 UTC completed_step=8768 elapsed_seconds=1637.02 learning_rate=0.000539521
2026-09-21 07:12:31 UTC completed_step=8784 elapsed_seconds=1639.73 learning_rate=0.000539307
2026-09-21 07:12:34 UTC completed_step=8800 elapsed_seconds=1642.44 learning_rate=0.000539092
2026-09-21 07:12:37 UTC completed_step=8816 elapsed_seconds=1645.15 learning_rate=0.000538876
2026-09-21 07:12:39 UTC completed_step=8832 elapsed_seconds=1647.86 learning_rate=0.000538661
2026-09-21 07:12:42 UTC step=8832 elapsed_seconds=1650.05 mean_loss=2.32999 errors=4338/10002 exact_sentences=20/1024
2026-09-21 07:12:44 UTC completed_step=8848 elapsed_seconds=1652.77 learning_rate=0.000538444
2026-09-21 07:12:47 UTC completed_step=8864 elapsed_seconds=1655.48 learning_rate=0.000538228
2026-09-21 07:12:50 UTC completed_step=8880 elapsed_seconds=1658.19 learning_rate=0.000538011
2026-09-21 07:12:52 UTC completed_step=8896 elapsed_seconds=1660.9 learning_rate=0.000537794
2026-09-21 07:12:55 UTC completed_step=8912 elapsed_seconds=1663.61 learning_rate=0.000537577
2026-09-21 07:12:58 UTC completed_step=8928 elapsed_seconds=1666.32 learning_rate=0.000537359
2026-09-21 07:13:01 UTC completed_step=8944 elapsed_seconds=1669.03 learning_rate=0.000537141
2026-09-21 07:13:03 UTC completed_step=8960 elapsed_seconds=1671.74 learning_rate=0.000536923
2026-09-21 07:13:05 UTC step=8960 elapsed_seconds=1673.92 mean_loss=2.30175 errors=4240/10002 exact_sentences=18/1024
2026-09-21 07:13:08 UTC completed_step=8976 elapsed_seconds=1676.64 learning_rate=0.000536704
2026-09-21 07:13:11 UTC completed_step=8992 elapsed_seconds=1679.35 learning_rate=0.000536485
2026-09-21 07:13:14 UTC completed_step=9008 elapsed_seconds=1682.06 learning_rate=0.000536266
2026-09-21 07:13:16 UTC completed_step=9024 elapsed_seconds=1684.77 learning_rate=0.000536046
2026-09-21 07:13:19 UTC completed_step=9040 elapsed_seconds=1687.48 learning_rate=0.000535826
2026-09-21 07:13:22 UTC completed_step=9056 elapsed_seconds=1690.19 learning_rate=0.000535606
2026-09-21 07:13:24 UTC completed_step=9072 elapsed_seconds=1692.91 learning_rate=0.000535386
2026-09-21 07:13:27 UTC completed_step=9088 elapsed_seconds=1695.62 learning_rate=0.000535165
2026-09-21 07:13:29 UTC step=9088 elapsed_seconds=1697.81 mean_loss=2.26086 errors=4124/10002 exact_sentences=23/1024
2026-09-21 07:13:32 UTC completed_step=9104 elapsed_seconds=1700.53 learning_rate=0.000534943
2026-09-21 07:13:35 UTC completed_step=9120 elapsed_seconds=1703.23 learning_rate=0.000534722
2026-09-21 07:13:37 UTC completed_step=9136 elapsed_seconds=1705.95 learning_rate=0.0005345
2026-09-21 07:13:40 UTC completed_step=9152 elapsed_seconds=1708.66 learning_rate=0.000534277
2026-09-21 07:13:43 UTC completed_step=9168 elapsed_seconds=1711.37 learning_rate=0.000534055
2026-09-21 07:13:46 UTC completed_step=9184 elapsed_seconds=1714.08 learning_rate=0.000533832
2026-09-21 07:13:48 UTC completed_step=9200 elapsed_seconds=1716.8 learning_rate=0.000533609
2026-09-21 07:13:51 UTC completed_step=9216 elapsed_seconds=1719.51 learning_rate=0.000533385
2026-09-21 07:13:53 UTC step=9216 elapsed_seconds=1721.68 mean_loss=2.21893 errors=4137/10002 exact_sentences=19/1024
2026-09-21 07:13:56 UTC completed_step=9232 elapsed_seconds=1724.4 learning_rate=0.000533161
2026-09-21 07:13:59 UTC completed_step=9248 elapsed_seconds=1727.11 learning_rate=0.000532937
2026-09-21 07:14:01 UTC completed_step=9264 elapsed_seconds=1729.82 learning_rate=0.000532713
2026-09-21 07:14:04 UTC completed_step=9280 elapsed_seconds=1732.53 learning_rate=0.000532488
2026-09-21 07:14:07 UTC completed_step=9296 elapsed_seconds=1735.24 learning_rate=0.000532263
2026-09-21 07:14:09 UTC completed_step=9312 elapsed_seconds=1737.95 learning_rate=0.000532037
2026-09-21 07:14:12 UTC completed_step=9328 elapsed_seconds=1740.66 learning_rate=0.000531811
2026-09-21 07:14:15 UTC completed_step=9344 elapsed_seconds=1743.38 learning_rate=0.000531585
2026-09-21 07:14:17 UTC step=9344 elapsed_seconds=1745.55 mean_loss=2.22548 errors=4159/10002 exact_sentences=24/1024
2026-09-21 07:14:20 UTC completed_step=9360 elapsed_seconds=1748.27 learning_rate=0.000531359
2026-09-21 07:14:22 UTC completed_step=9376 elapsed_seconds=1750.99 learning_rate=0.000531132
2026-09-21 07:14:25 UTC completed_step=9392 elapsed_seconds=1753.7 learning_rate=0.000530905
2026-09-21 07:14:28 UTC completed_step=9408 elapsed_seconds=1756.41 learning_rate=0.000530678
2026-09-21 07:14:31 UTC completed_step=9424 elapsed_seconds=1759.13 learning_rate=0.00053045
2026-09-21 07:14:33 UTC completed_step=9440 elapsed_seconds=1761.84 learning_rate=0.000530222
2026-09-21 07:14:36 UTC completed_step=9456 elapsed_seconds=1764.55 learning_rate=0.000529993
2026-09-21 07:14:39 UTC completed_step=9472 elapsed_seconds=1767.26 learning_rate=0.000529765
2026-09-21 07:14:41 UTC step=9472 elapsed_seconds=1769.44 mean_loss=2.17891 errors=3992/10002 exact_sentences=27/1024
2026-09-21 07:14:44 UTC completed_step=9488 elapsed_seconds=1772.16 learning_rate=0.000529536
2026-09-21 07:14:46 UTC completed_step=9504 elapsed_seconds=1774.87 learning_rate=0.000529306
2026-09-21 07:14:49 UTC completed_step=9520 elapsed_seconds=1777.58 learning_rate=0.000529077
2026-09-21 07:14:52 UTC completed_step=9536 elapsed_seconds=1780.29 learning_rate=0.000528847
2026-09-21 07:14:54 UTC completed_step=9552 elapsed_seconds=1783 learning_rate=0.000528617
2026-09-21 07:14:57 UTC completed_step=9568 elapsed_seconds=1785.71 learning_rate=0.000528386
2026-09-21 07:15:00 UTC completed_step=9584 elapsed_seconds=1788.42 learning_rate=0.000528155
2026-09-21 07:15:03 UTC completed_step=9600 elapsed_seconds=1791.13 learning_rate=0.000527924
2026-09-21 07:15:05 UTC step=9600 elapsed_seconds=1793.32 mean_loss=2.15757 errors=3932/10002 exact_sentences=37/1024
2026-09-21 07:15:08 UTC completed_step=9616 elapsed_seconds=1796.03 learning_rate=0.000527692
2026-09-21 07:15:10 UTC completed_step=9632 elapsed_seconds=1798.74 learning_rate=0.000527461
2026-09-21 07:15:13 UTC completed_step=9648 elapsed_seconds=1801.45 learning_rate=0.000527229
2026-09-21 07:15:16 UTC completed_step=9664 elapsed_seconds=1804.16 learning_rate=0.000526996
2026-09-21 07:15:18 UTC completed_step=9680 elapsed_seconds=1806.87 learning_rate=0.000526763
2026-09-21 07:15:21 UTC completed_step=9696 elapsed_seconds=1809.58 learning_rate=0.00052653
2026-09-21 07:15:24 UTC completed_step=9712 elapsed_seconds=1812.29 learning_rate=0.000526297
2026-09-21 07:15:26 UTC completed_step=9728 elapsed_seconds=1815.01 learning_rate=0.000526063
2026-09-21 07:15:29 UTC step=9728 elapsed_seconds=1817.18 mean_loss=2.10951 errors=3906/10002 exact_sentences=32/1024
2026-09-21 07:15:31 UTC completed_step=9744 elapsed_seconds=1819.9 learning_rate=0.000525829
2026-09-21 07:15:34 UTC completed_step=9760 elapsed_seconds=1822.62 learning_rate=0.000525595
2026-09-21 07:15:37 UTC completed_step=9776 elapsed_seconds=1825.33 learning_rate=0.00052536
2026-09-21 07:15:40 UTC completed_step=9792 elapsed_seconds=1828.04 learning_rate=0.000525125
2026-09-21 07:15:42 UTC completed_step=9808 elapsed_seconds=1830.76 learning_rate=0.00052489
2026-09-21 07:15:45 UTC completed_step=9824 elapsed_seconds=1833.47 learning_rate=0.000524654
2026-09-21 07:15:48 UTC completed_step=9840 elapsed_seconds=1836.18 learning_rate=0.000524419
2026-09-21 07:15:50 UTC completed_step=9856 elapsed_seconds=1838.89 learning_rate=0.000524182
2026-09-21 07:15:53 UTC step=9856 elapsed_seconds=1841.06 mean_loss=2.12178 errors=3913/10002 exact_sentences=22/1024
2026-09-21 07:15:55 UTC completed_step=9872 elapsed_seconds=1843.77 learning_rate=0.000523946
2026-09-21 07:15:58 UTC completed_step=9888 elapsed_seconds=1846.48 learning_rate=0.000523709
2026-09-21 07:16:01 UTC completed_step=9904 elapsed_seconds=1849.19 learning_rate=0.000523472
2026-09-21 07:16:03 UTC completed_step=9920 elapsed_seconds=1851.9 learning_rate=0.000523235
2026-09-21 07:16:06 UTC completed_step=9936 elapsed_seconds=1854.61 learning_rate=0.000522997
2026-09-21 07:16:09 UTC completed_step=9952 elapsed_seconds=1857.32 learning_rate=0.000522759
2026-09-21 07:16:12 UTC completed_step=9968 elapsed_seconds=1860.03 learning_rate=0.000522521
2026-09-21 07:16:14 UTC completed_step=9984 elapsed_seconds=1862.74 learning_rate=0.000522282
2026-09-21 07:16:16 UTC step=9984 elapsed_seconds=1864.93 mean_loss=2.10139 errors=3868/10002 exact_sentences=37/1024
2026-09-21 07:16:19 UTC completed_step=10000 elapsed_seconds=1867.64 learning_rate=0.000522043
2026-09-21 07:16:22 UTC completed_step=10016 elapsed_seconds=1870.35 learning_rate=0.000521804
2026-09-21 07:16:25 UTC completed_step=10032 elapsed_seconds=1873.07 learning_rate=0.000521564
2026-09-21 07:16:27 UTC completed_step=10048 elapsed_seconds=1875.78 learning_rate=0.000521324
2026-09-21 07:16:30 UTC completed_step=10064 elapsed_seconds=1878.49 learning_rate=0.000521084
2026-09-21 07:16:33 UTC completed_step=10080 elapsed_seconds=1881.2 learning_rate=0.000520844
2026-09-21 07:16:35 UTC completed_step=10096 elapsed_seconds=1883.91 learning_rate=0.000520603
2026-09-21 07:16:38 UTC completed_step=10112 elapsed_seconds=1886.62 learning_rate=0.000520362
2026-09-21 07:16:40 UTC step=10112 elapsed_seconds=1888.8 mean_loss=2.02804 errors=3817/10002 exact_sentences=34/1024
2026-09-21 07:16:43 UTC completed_step=10128 elapsed_seconds=1891.52 learning_rate=0.00052012
2026-09-21 07:16:46 UTC completed_step=10144 elapsed_seconds=1894.23 learning_rate=0.000519879
2026-09-21 07:16:48 UTC completed_step=10160 elapsed_seconds=1896.93 learning_rate=0.000519637
2026-09-21 07:16:51 UTC completed_step=10176 elapsed_seconds=1899.64 learning_rate=0.000519395
2026-09-21 07:16:54 UTC completed_step=10192 elapsed_seconds=1902.35 learning_rate=0.000519152
2026-09-21 07:16:57 UTC completed_step=10208 elapsed_seconds=1905.06 learning_rate=0.000518909
2026-09-21 07:16:59 UTC completed_step=10224 elapsed_seconds=1907.77 learning_rate=0.000518666
2026-09-21 07:17:02 UTC completed_step=10240 elapsed_seconds=1910.48 learning_rate=0.000518422
2026-09-21 07:17:04 UTC step=10240 elapsed_seconds=1912.66 mean_loss=1.99178 errors=3732/10002 exact_sentences=37/1024
2026-09-21 07:17:07 UTC completed_step=10256 elapsed_seconds=1915.38 learning_rate=0.000518179
2026-09-21 07:17:10 UTC completed_step=10272 elapsed_seconds=1918.09 learning_rate=0.000517935
2026-09-21 07:17:12 UTC completed_step=10288 elapsed_seconds=1920.8 learning_rate=0.00051769
2026-09-21 07:17:15 UTC completed_step=10304 elapsed_seconds=1923.51 learning_rate=0.000517446
2026-09-21 07:17:18 UTC completed_step=10320 elapsed_seconds=1926.23 learning_rate=0.000517201
2026-09-21 07:17:20 UTC completed_step=10336 elapsed_seconds=1928.94 learning_rate=0.000516955
2026-09-21 07:17:23 UTC completed_step=10352 elapsed_seconds=1931.66 learning_rate=0.00051671
2026-09-21 07:17:26 UTC completed_step=10368 elapsed_seconds=1934.37 learning_rate=0.000516464
2026-09-21 07:17:28 UTC step=10368 elapsed_seconds=1936.55 mean_loss=1.97748 errors=3775/10002 exact_sentences=32/1024
2026-09-21 07:17:31 UTC completed_step=10384 elapsed_seconds=1939.27 learning_rate=0.000516218
2026-09-21 07:17:33 UTC completed_step=10400 elapsed_seconds=1941.98 learning_rate=0.000515971
2026-09-21 07:17:36 UTC completed_step=10416 elapsed_seconds=1944.68 learning_rate=0.000515725
2026-09-21 07:17:39 UTC completed_step=10432 elapsed_seconds=1947.39 learning_rate=0.000515478
2026-09-21 07:17:42 UTC completed_step=10448 elapsed_seconds=1950.1 learning_rate=0.00051523
2026-09-21 07:17:44 UTC completed_step=10464 elapsed_seconds=1952.81 learning_rate=0.000514983
2026-09-21 07:17:47 UTC completed_step=10480 elapsed_seconds=1955.52 learning_rate=0.000514735
2026-09-21 07:17:50 UTC completed_step=10496 elapsed_seconds=1958.23 learning_rate=0.000514487
2026-09-21 07:17:52 UTC step=10496 elapsed_seconds=1960.43 mean_loss=1.9911 errors=3798/10002 exact_sentences=38/1024
2026-09-21 07:17:55 UTC completed_step=10512 elapsed_seconds=1963.14 learning_rate=0.000514238
2026-09-21 07:17:57 UTC completed_step=10528 elapsed_seconds=1965.85 learning_rate=0.000513989
2026-09-21 07:18:00 UTC completed_step=10544 elapsed_seconds=1968.57 learning_rate=0.00051374
2026-09-21 07:18:03 UTC completed_step=10560 elapsed_seconds=1971.28 learning_rate=0.000513491
2026-09-21 07:18:05 UTC completed_step=10576 elapsed_seconds=1973.99 learning_rate=0.000513241
2026-09-21 07:18:08 UTC completed_step=10592 elapsed_seconds=1976.7 learning_rate=0.000512991
2026-09-21 07:18:11 UTC completed_step=10608 elapsed_seconds=1979.41 learning_rate=0.000512741
2026-09-21 07:18:14 UTC completed_step=10624 elapsed_seconds=1982.12 learning_rate=0.00051249
2026-09-21 07:18:16 UTC step=10624 elapsed_seconds=1984.31 mean_loss=1.91485 errors=3531/10002 exact_sentences=49/1024
2026-09-21 07:18:18 UTC completed_step=10640 elapsed_seconds=1987.02 learning_rate=0.000512239
2026-09-21 07:18:21 UTC completed_step=10656 elapsed_seconds=1989.74 learning_rate=0.000511988
2026-09-21 07:18:24 UTC completed_step=10672 elapsed_seconds=1992.45 learning_rate=0.000511737
2026-09-21 07:18:27 UTC completed_step=10688 elapsed_seconds=1995.16 learning_rate=0.000511485
2026-09-21 07:18:29 UTC completed_step=10704 elapsed_seconds=1997.87 learning_rate=0.000511233
2026-09-21 07:18:32 UTC completed_step=10720 elapsed_seconds=2000.58 learning_rate=0.000510981
2026-09-21 07:18:35 UTC completed_step=10736 elapsed_seconds=2003.29 learning_rate=0.000510728
2026-09-21 07:18:37 UTC completed_step=10752 elapsed_seconds=2006 learning_rate=0.000510476
2026-09-21 07:18:40 UTC step=10752 elapsed_seconds=2008.18 mean_loss=1.91684 errors=3446/10002 exact_sentences=53/1024
2026-09-21 07:18:42 UTC completed_step=10768 elapsed_seconds=2010.91 learning_rate=0.000510222
2026-09-21 07:18:45 UTC completed_step=10784 elapsed_seconds=2013.62 learning_rate=0.000509969
2026-09-21 07:18:48 UTC completed_step=10800 elapsed_seconds=2016.33 learning_rate=0.000509715
2026-09-21 07:18:51 UTC completed_step=10816 elapsed_seconds=2019.04 learning_rate=0.000509461
2026-09-21 07:18:53 UTC completed_step=10832 elapsed_seconds=2021.76 learning_rate=0.000509207
2026-09-21 07:18:56 UTC completed_step=10848 elapsed_seconds=2024.47 learning_rate=0.000508953
2026-09-21 07:18:59 UTC completed_step=10864 elapsed_seconds=2027.18 learning_rate=0.000508698
2026-09-21 07:19:01 UTC completed_step=10880 elapsed_seconds=2029.89 learning_rate=0.000508443
2026-09-21 07:19:04 UTC step=10880 elapsed_seconds=2032.08 mean_loss=1.87883 errors=3464/10002 exact_sentences=50/1024
2026-09-21 07:19:06 UTC completed_step=10896 elapsed_seconds=2034.79 learning_rate=0.000508187
2026-09-21 07:19:09 UTC completed_step=10912 elapsed_seconds=2037.5 learning_rate=0.000507931
2026-09-21 07:19:12 UTC completed_step=10928 elapsed_seconds=2040.21 learning_rate=0.000507675
2026-09-21 07:19:14 UTC completed_step=10944 elapsed_seconds=2042.92 learning_rate=0.000507419
2026-09-21 07:19:17 UTC completed_step=10960 elapsed_seconds=2045.63 learning_rate=0.000507163
2026-09-21 07:19:20 UTC completed_step=10976 elapsed_seconds=2048.34 learning_rate=0.000506906
2026-09-21 07:19:23 UTC completed_step=10992 elapsed_seconds=2051.05 learning_rate=0.000506649
2026-09-21 07:19:25 UTC completed_step=11008 elapsed_seconds=2053.76 learning_rate=0.000506391
2026-09-21 07:19:27 UTC step=11008 elapsed_seconds=2055.94 mean_loss=1.87045 errors=3574/10002 exact_sentences=42/1024
2026-09-21 07:19:30 UTC completed_step=11024 elapsed_seconds=2058.66 learning_rate=0.000506134
2026-09-21 07:19:33 UTC completed_step=11040 elapsed_seconds=2061.37 learning_rate=0.000505876
2026-09-21 07:19:36 UTC completed_step=11056 elapsed_seconds=2064.08 learning_rate=0.000505618
2026-09-21 07:19:38 UTC completed_step=11072 elapsed_seconds=2066.79 learning_rate=0.000505359
2026-09-21 07:19:41 UTC completed_step=11088 elapsed_seconds=2069.51 learning_rate=0.0005051
2026-09-21 07:19:44 UTC completed_step=11104 elapsed_seconds=2072.22 learning_rate=0.000504841
2026-09-21 07:19:46 UTC completed_step=11120 elapsed_seconds=2074.93 learning_rate=0.000504582
2026-09-21 07:19:49 UTC completed_step=11136 elapsed_seconds=2077.64 learning_rate=0.000504322
2026-09-21 07:19:51 UTC step=11136 elapsed_seconds=2079.83 mean_loss=1.87305 errors=3586/10002 exact_sentences=48/1024
2026-09-21 07:19:54 UTC completed_step=11152 elapsed_seconds=2082.54 learning_rate=0.000504062
2026-09-21 07:19:57 UTC completed_step=11168 elapsed_seconds=2085.25 learning_rate=0.000503802
2026-09-21 07:19:59 UTC completed_step=11184 elapsed_seconds=2087.96 learning_rate=0.000503542
2026-09-21 07:20:02 UTC completed_step=11200 elapsed_seconds=2090.68 learning_rate=0.000503281
2026-09-21 07:20:05 UTC completed_step=11216 elapsed_seconds=2093.39 learning_rate=0.00050302
2026-09-21 07:20:08 UTC completed_step=11232 elapsed_seconds=2096.1 learning_rate=0.000502759
2026-09-21 07:20:10 UTC completed_step=11248 elapsed_seconds=2098.81 learning_rate=0.000502497
2026-09-21 07:20:13 UTC completed_step=11264 elapsed_seconds=2101.52 learning_rate=0.000502235
2026-09-21 07:20:15 UTC step=11264 elapsed_seconds=2103.71 mean_loss=1.80593 errors=3344/10002 exact_sentences=60/1024
2026-09-21 07:20:18 UTC completed_step=11280 elapsed_seconds=2106.44 learning_rate=0.000501973
2026-09-21 07:20:21 UTC completed_step=11296 elapsed_seconds=2109.15 learning_rate=0.000501711
2026-09-21 07:20:23 UTC completed_step=11312 elapsed_seconds=2111.86 learning_rate=0.000501448
2026-09-21 07:20:26 UTC completed_step=11328 elapsed_seconds=2114.57 learning_rate=0.000501186
2026-09-21 07:20:29 UTC completed_step=11344 elapsed_seconds=2117.28 learning_rate=0.000500922
2026-09-21 07:20:31 UTC completed_step=11360 elapsed_seconds=2119.99 learning_rate=0.000500659
2026-09-21 07:20:34 UTC completed_step=11376 elapsed_seconds=2122.7 learning_rate=0.000500395
2026-09-21 07:20:37 UTC completed_step=11392 elapsed_seconds=2125.41 learning_rate=0.000500131
2026-09-21 07:20:39 UTC step=11392 elapsed_seconds=2127.6 mean_loss=1.77966 errors=3222/10002 exact_sentences=77/1024
2026-09-21 07:20:42 UTC completed_step=11408 elapsed_seconds=2130.32 learning_rate=0.000499867
2026-09-21 07:20:45 UTC completed_step=11424 elapsed_seconds=2133.03 learning_rate=0.000499602
2026-09-21 07:20:47 UTC completed_step=11440 elapsed_seconds=2135.74 learning_rate=0.000499338
2026-09-21 07:20:50 UTC completed_step=11456 elapsed_seconds=2138.45 learning_rate=0.000499073
2026-09-21 07:20:53 UTC completed_step=11472 elapsed_seconds=2141.16 learning_rate=0.000498807
2026-09-21 07:20:55 UTC completed_step=11488 elapsed_seconds=2143.87 learning_rate=0.000498542
2026-09-21 07:20:58 UTC completed_step=11504 elapsed_seconds=2146.58 learning_rate=0.000498276
2026-09-21 07:21:01 UTC completed_step=11520 elapsed_seconds=2149.29 learning_rate=0.00049801
2026-09-21 07:21:03 UTC step=11520 elapsed_seconds=2151.48 mean_loss=1.79118 errors=3392/10002 exact_sentences=59/1024
2026-09-21 07:21:06 UTC completed_step=11536 elapsed_seconds=2154.2 learning_rate=0.000497743
2026-09-21 07:21:08 UTC completed_step=11552 elapsed_seconds=2156.91 learning_rate=0.000497477
2026-09-21 07:21:11 UTC completed_step=11568 elapsed_seconds=2159.62 learning_rate=0.00049721
2026-09-21 07:21:14 UTC completed_step=11584 elapsed_seconds=2162.32 learning_rate=0.000496942
2026-09-21 07:21:17 UTC completed_step=11600 elapsed_seconds=2165.03 learning_rate=0.000496675
2026-09-21 07:21:19 UTC completed_step=11616 elapsed_seconds=2167.75 learning_rate=0.000496407
2026-09-21 07:21:22 UTC completed_step=11632 elapsed_seconds=2170.46 learning_rate=0.000496139
2026-09-21 07:21:25 UTC completed_step=11648 elapsed_seconds=2173.17 learning_rate=0.000495871
2026-09-21 07:21:27 UTC step=11648 elapsed_seconds=2175.35 mean_loss=1.74966 errors=3203/10002 exact_sentences=63/1024
2026-09-21 07:21:30 UTC completed_step=11664 elapsed_seconds=2178.06 learning_rate=0.000495602
2026-09-21 07:21:32 UTC completed_step=11680 elapsed_seconds=2180.78 learning_rate=0.000495334
2026-09-21 07:21:35 UTC completed_step=11696 elapsed_seconds=2183.49 learning_rate=0.000495065
2026-09-21 07:21:38 UTC completed_step=11712 elapsed_seconds=2186.2 learning_rate=0.000494795
2026-09-21 07:21:40 UTC completed_step=11728 elapsed_seconds=2188.91 learning_rate=0.000494526
2026-09-21 07:21:43 UTC completed_step=11744 elapsed_seconds=2191.62 learning_rate=0.000494256
2026-09-21 07:21:46 UTC completed_step=11760 elapsed_seconds=2194.33 learning_rate=0.000493986
2026-09-21 07:21:49 UTC completed_step=11776 elapsed_seconds=2197.04 learning_rate=0.000493716
2026-09-21 07:21:51 UTC step=11776 elapsed_seconds=2199.23 mean_loss=1.72749 errors=3155/10002 exact_sentences=65/1024
2026-09-21 07:21:53 UTC completed_step=11792 elapsed_seconds=2201.95 learning_rate=0.000493445
2026-09-21 07:21:56 UTC completed_step=11808 elapsed_seconds=2204.66 learning_rate=0.000493174
2026-09-21 07:21:59 UTC completed_step=11824 elapsed_seconds=2207.37 learning_rate=0.000492903
2026-09-21 07:22:02 UTC completed_step=11840 elapsed_seconds=2210.08 learning_rate=0.000492632
2026-09-21 07:22:04 UTC completed_step=11856 elapsed_seconds=2212.79 learning_rate=0.00049236
2026-09-21 07:22:07 UTC completed_step=11872 elapsed_seconds=2215.5 learning_rate=0.000492088
2026-09-21 07:22:10 UTC completed_step=11888 elapsed_seconds=2218.21 learning_rate=0.000491816
2026-09-21 07:22:12 UTC completed_step=11904 elapsed_seconds=2220.93 learning_rate=0.000491543
2026-09-21 07:22:15 UTC step=11904 elapsed_seconds=2223.11 mean_loss=1.69791 errors=3127/10002 exact_sentences=75/1024
2026-09-21 07:22:17 UTC completed_step=11920 elapsed_seconds=2225.83 learning_rate=0.000491271
2026-09-21 07:22:20 UTC completed_step=11936 elapsed_seconds=2228.54 learning_rate=0.000490998
2026-09-21 07:22:23 UTC completed_step=11952 elapsed_seconds=2231.25 learning_rate=0.000490725
2026-09-21 07:22:25 UTC completed_step=11968 elapsed_seconds=2233.96 learning_rate=0.000490451
2026-09-21 07:22:28 UTC completed_step=11984 elapsed_seconds=2236.67 learning_rate=0.000490177
2026-09-21 07:22:31 UTC completed_step=12000 elapsed_seconds=2239.39 learning_rate=0.000489903
2026-09-21 07:22:34 UTC completed_step=12016 elapsed_seconds=2242.1 learning_rate=0.000489629
2026-09-21 07:22:36 UTC completed_step=12032 elapsed_seconds=2244.81 learning_rate=0.000489355
2026-09-21 07:22:38 UTC step=12032 elapsed_seconds=2246.99 mean_loss=1.67342 errors=3077/10002 exact_sentences=86/1024
2026-09-21 07:22:41 UTC completed_step=12048 elapsed_seconds=2249.7 learning_rate=0.00048908
2026-09-21 07:22:44 UTC completed_step=12064 elapsed_seconds=2252.42 learning_rate=0.000488805
2026-09-21 07:22:47 UTC completed_step=12080 elapsed_seconds=2255.13 learning_rate=0.00048853
2026-09-21 07:22:49 UTC completed_step=12096 elapsed_seconds=2257.84 learning_rate=0.000488255
2026-09-21 07:22:52 UTC completed_step=12112 elapsed_seconds=2260.55 learning_rate=0.000487979
2026-09-21 07:22:55 UTC completed_step=12128 elapsed_seconds=2263.27 learning_rate=0.000487703
2026-09-21 07:22:57 UTC completed_step=12144 elapsed_seconds=2265.98 learning_rate=0.000487427
2026-09-21 07:23:00 UTC completed_step=12160 elapsed_seconds=2268.69 learning_rate=0.00048715
2026-09-21 07:23:02 UTC step=12160 elapsed_seconds=2270.9 mean_loss=1.66549 errors=3064/10002 exact_sentences=92/1024
2026-09-21 07:23:05 UTC completed_step=12176 elapsed_seconds=2273.62 learning_rate=0.000486873
2026-09-21 07:23:08 UTC completed_step=12192 elapsed_seconds=2276.33 learning_rate=0.000486596
2026-09-21 07:23:11 UTC completed_step=12208 elapsed_seconds=2279.04 learning_rate=0.000486319
2026-09-21 07:23:13 UTC completed_step=12224 elapsed_seconds=2281.75 learning_rate=0.000486042
2026-09-21 07:23:16 UTC completed_step=12240 elapsed_seconds=2284.46 learning_rate=0.000485764
2026-09-21 07:23:19 UTC completed_step=12256 elapsed_seconds=2287.17 learning_rate=0.000485486
2026-09-21 07:23:21 UTC completed_step=12272 elapsed_seconds=2289.88 learning_rate=0.000485208
2026-09-21 07:23:24 UTC completed_step=12288 elapsed_seconds=2292.59 learning_rate=0.000484929
2026-09-21 07:23:26 UTC step=12288 elapsed_seconds=2294.78 mean_loss=1.64539 errors=3085/10002 exact_sentences=81/1024
2026-09-21 07:23:29 UTC completed_step=12304 elapsed_seconds=2297.49 learning_rate=0.000484651
2026-09-21 07:23:32 UTC completed_step=12320 elapsed_seconds=2300.2 learning_rate=0.000484372
2026-09-21 07:23:34 UTC completed_step=12336 elapsed_seconds=2302.92 learning_rate=0.000484093
2026-09-21 07:23:37 UTC completed_step=12352 elapsed_seconds=2305.63 learning_rate=0.000483813
2026-09-21 07:23:40 UTC completed_step=12368 elapsed_seconds=2308.34 learning_rate=0.000483534
2026-09-21 07:23:43 UTC completed_step=12384 elapsed_seconds=2311.05 learning_rate=0.000483254
2026-09-21 07:23:45 UTC completed_step=12400 elapsed_seconds=2313.76 learning_rate=0.000482973
2026-09-21 07:23:48 UTC completed_step=12416 elapsed_seconds=2316.48 learning_rate=0.000482693
2026-09-21 07:23:50 UTC step=12416 elapsed_seconds=2318.65 mean_loss=1.6283 errors=3080/10002 exact_sentences=91/1024
2026-09-21 07:23:53 UTC completed_step=12432 elapsed_seconds=2321.37 learning_rate=0.000482412
2026-09-21 07:23:56 UTC completed_step=12448 elapsed_seconds=2324.08 learning_rate=0.000482132
2026-09-21 07:23:58 UTC completed_step=12464 elapsed_seconds=2326.79 learning_rate=0.00048185
2026-09-21 07:24:01 UTC completed_step=12480 elapsed_seconds=2329.5 learning_rate=0.000481569
2026-09-21 07:24:04 UTC completed_step=12496 elapsed_seconds=2332.21 learning_rate=0.000481287
2026-09-21 07:24:06 UTC completed_step=12512 elapsed_seconds=2334.92 learning_rate=0.000481006
2026-09-21 07:24:09 UTC completed_step=12528 elapsed_seconds=2337.64 learning_rate=0.000480723
2026-09-21 07:24:12 UTC completed_step=12544 elapsed_seconds=2340.35 learning_rate=0.000480441
2026-09-21 07:24:14 UTC step=12544 elapsed_seconds=2342.52 mean_loss=1.61248 errors=2886/10002 exact_sentences=92/1024
2026-09-21 07:24:17 UTC completed_step=12560 elapsed_seconds=2345.24 learning_rate=0.000480159
2026-09-21 07:24:19 UTC completed_step=12576 elapsed_seconds=2347.95 learning_rate=0.000479876
2026-09-21 07:24:22 UTC completed_step=12592 elapsed_seconds=2350.66 learning_rate=0.000479593
2026-09-21 07:24:25 UTC completed_step=12608 elapsed_seconds=2353.37 learning_rate=0.000479309
2026-09-21 07:24:28 UTC completed_step=12624 elapsed_seconds=2356.08 learning_rate=0.000479026
2026-09-21 07:24:30 UTC completed_step=12640 elapsed_seconds=2358.8 learning_rate=0.000478742
2026-09-21 07:24:33 UTC completed_step=12656 elapsed_seconds=2361.51 learning_rate=0.000478458
2026-09-21 07:24:36 UTC completed_step=12672 elapsed_seconds=2364.22 learning_rate=0.000478174
2026-09-21 07:24:38 UTC step=12672 elapsed_seconds=2366.4 mean_loss=1.5742 errors=2894/10002 exact_sentences=99/1024
2026-09-21 07:24:41 UTC completed_step=12688 elapsed_seconds=2369.12 learning_rate=0.000477889
2026-09-21 07:24:43 UTC completed_step=12704 elapsed_seconds=2371.83 learning_rate=0.000477605
2026-09-21 07:24:46 UTC completed_step=12720 elapsed_seconds=2374.54 learning_rate=0.00047732
2026-09-21 07:24:49 UTC completed_step=12736 elapsed_seconds=2377.26 learning_rate=0.000477035
2026-09-21 07:24:51 UTC completed_step=12752 elapsed_seconds=2379.97 learning_rate=0.000476749
2026-09-21 07:24:54 UTC completed_step=12768 elapsed_seconds=2382.68 learning_rate=0.000476464
2026-09-21 07:24:57 UTC completed_step=12784 elapsed_seconds=2385.39 learning_rate=0.000476178
2026-09-21 07:25:00 UTC completed_step=12800 elapsed_seconds=2388.1 learning_rate=0.000475892
2026-09-21 07:25:02 UTC step=12800 elapsed_seconds=2390.3 mean_loss=1.56542 errors=2912/10002 exact_sentences=105/1024
2026-09-21 07:25:04 UTC completed_step=12816 elapsed_seconds=2393.03 learning_rate=0.000475605
2026-09-21 07:25:07 UTC completed_step=12832 elapsed_seconds=2395.74 learning_rate=0.000475319
2026-09-21 07:25:10 UTC completed_step=12848 elapsed_seconds=2398.45 learning_rate=0.000475032
2026-09-21 07:25:13 UTC completed_step=12864 elapsed_seconds=2401.16 learning_rate=0.000474745
2026-09-21 07:25:15 UTC completed_step=12880 elapsed_seconds=2403.87 learning_rate=0.000474458
2026-09-21 07:25:18 UTC completed_step=12896 elapsed_seconds=2406.59 learning_rate=0.00047417
2026-09-21 07:25:21 UTC completed_step=12912 elapsed_seconds=2409.3 learning_rate=0.000473883
2026-09-21 07:25:23 UTC completed_step=12928 elapsed_seconds=2412.01 learning_rate=0.000473595
2026-09-21 07:25:26 UTC step=12928 elapsed_seconds=2414.19 mean_loss=1.55815 errors=2863/10002 exact_sentences=109/1024
2026-09-21 07:25:28 UTC completed_step=12944 elapsed_seconds=2416.91 learning_rate=0.000473306
2026-09-21 07:25:31 UTC completed_step=12960 elapsed_seconds=2419.62 learning_rate=0.000473018
2026-09-21 07:25:34 UTC completed_step=12976 elapsed_seconds=2422.33 learning_rate=0.000472729
2026-09-21 07:25:37 UTC completed_step=12992 elapsed_seconds=2425.04 learning_rate=0.000472441
2026-09-21 07:25:39 UTC completed_step=13008 elapsed_seconds=2427.75 learning_rate=0.000472152
2026-09-21 07:25:42 UTC completed_step=13024 elapsed_seconds=2430.46 learning_rate=0.000471862
2026-09-21 07:25:45 UTC completed_step=13040 elapsed_seconds=2433.17 learning_rate=0.000471573
2026-09-21 07:25:47 UTC completed_step=13056 elapsed_seconds=2435.88 learning_rate=0.000471283
2026-09-21 07:25:50 UTC step=13056 elapsed_seconds=2438.05 mean_loss=1.51393 errors=2822/10002 exact_sentences=113/1024
2026-09-21 07:25:52 UTC completed_step=13072 elapsed_seconds=2440.77 learning_rate=0.000470993
2026-09-21 07:25:55 UTC completed_step=13088 elapsed_seconds=2443.48 learning_rate=0.000470703
2026-09-21 07:25:58 UTC completed_step=13104 elapsed_seconds=2446.19 learning_rate=0.000470412
2026-09-21 07:26:00 UTC completed_step=13120 elapsed_seconds=2448.9 learning_rate=0.000470122
2026-09-21 07:26:03 UTC completed_step=13136 elapsed_seconds=2451.61 learning_rate=0.000469831
2026-09-21 07:26:06 UTC completed_step=13152 elapsed_seconds=2454.32 learning_rate=0.00046954
2026-09-21 07:26:09 UTC completed_step=13168 elapsed_seconds=2457.03 learning_rate=0.000469249
2026-09-21 07:26:11 UTC completed_step=13184 elapsed_seconds=2459.74 learning_rate=0.000468957
2026-09-21 07:26:13 UTC step=13184 elapsed_seconds=2461.94 mean_loss=1.50209 errors=2796/10002 exact_sentences=120/1024
2026-09-21 07:26:16 UTC completed_step=13200 elapsed_seconds=2464.65 learning_rate=0.000468665
2026-09-21 07:26:19 UTC completed_step=13216 elapsed_seconds=2467.37 learning_rate=0.000468373
2026-09-21 07:26:22 UTC completed_step=13232 elapsed_seconds=2470.08 learning_rate=0.000468081
2026-09-21 07:26:24 UTC completed_step=13248 elapsed_seconds=2472.79 learning_rate=0.000467789
2026-09-21 07:26:27 UTC completed_step=13264 elapsed_seconds=2475.5 learning_rate=0.000467496
2026-09-21 07:26:30 UTC completed_step=13280 elapsed_seconds=2478.21 learning_rate=0.000467203
2026-09-21 07:26:32 UTC completed_step=13296 elapsed_seconds=2480.92 learning_rate=0.00046691
2026-09-21 07:26:35 UTC completed_step=13312 elapsed_seconds=2483.63 learning_rate=0.000466617
2026-09-21 07:26:37 UTC step=13312 elapsed_seconds=2485.81 mean_loss=1.50878 errors=2812/10002 exact_sentences=115/1024
2026-09-21 07:26:40 UTC completed_step=13328 elapsed_seconds=2488.53 learning_rate=0.000466323
2026-09-21 07:26:43 UTC completed_step=13344 elapsed_seconds=2491.24 learning_rate=0.00046603
2026-09-21 07:26:45 UTC completed_step=13360 elapsed_seconds=2493.96 learning_rate=0.000465736
2026-09-21 07:26:48 UTC completed_step=13376 elapsed_seconds=2496.68 learning_rate=0.000465442
2026-09-21 07:26:51 UTC completed_step=13392 elapsed_seconds=2499.39 learning_rate=0.000465147
2026-09-21 07:26:54 UTC completed_step=13408 elapsed_seconds=2502.1 learning_rate=0.000464853
2026-09-21 07:26:56 UTC completed_step=13424 elapsed_seconds=2504.81 learning_rate=0.000464558
2026-09-21 07:26:59 UTC completed_step=13440 elapsed_seconds=2507.52 learning_rate=0.000464263
2026-09-21 07:27:01 UTC step=13440 elapsed_seconds=2509.69 mean_loss=1.51418 errors=2840/10002 exact_sentences=101/1024
2026-09-21 07:27:04 UTC completed_step=13456 elapsed_seconds=2512.4 learning_rate=0.000463968
2026-09-21 07:27:07 UTC completed_step=13472 elapsed_seconds=2515.11 learning_rate=0.000463672
2026-09-21 07:27:09 UTC completed_step=13488 elapsed_seconds=2517.82 learning_rate=0.000463377
2026-09-21 07:27:12 UTC completed_step=13504 elapsed_seconds=2520.53 learning_rate=0.000463081
2026-09-21 07:27:15 UTC completed_step=13520 elapsed_seconds=2523.24 learning_rate=0.000462785
2026-09-21 07:27:17 UTC completed_step=13536 elapsed_seconds=2525.95 learning_rate=0.000462488
2026-09-21 07:27:20 UTC completed_step=13552 elapsed_seconds=2528.66 learning_rate=0.000462192
2026-09-21 07:27:23 UTC completed_step=13568 elapsed_seconds=2531.37 learning_rate=0.000461895
2026-09-21 07:27:25 UTC step=13568 elapsed_seconds=2533.55 mean_loss=1.48959 errors=2760/10002 exact_sentences=114/1024
2026-09-21 07:27:28 UTC completed_step=13584 elapsed_seconds=2536.26 learning_rate=0.000461598
2026-09-21 07:27:30 UTC completed_step=13600 elapsed_seconds=2538.98 learning_rate=0.000461301
2026-09-21 07:27:33 UTC completed_step=13616 elapsed_seconds=2541.69 learning_rate=0.000461004
2026-09-21 07:27:36 UTC completed_step=13632 elapsed_seconds=2544.41 learning_rate=0.000460706
2026-09-21 07:27:39 UTC completed_step=13648 elapsed_seconds=2547.11 learning_rate=0.000460409
2026-09-21 07:27:41 UTC completed_step=13664 elapsed_seconds=2549.82 learning_rate=0.000460111
2026-09-21 07:27:44 UTC completed_step=13680 elapsed_seconds=2552.53 learning_rate=0.000459813
2026-09-21 07:27:47 UTC completed_step=13696 elapsed_seconds=2555.24 learning_rate=0.000459514
2026-09-21 07:27:49 UTC step=13696 elapsed_seconds=2557.43 mean_loss=1.48254 errors=2774/10002 exact_sentences=109/1024
2026-09-21 07:27:52 UTC completed_step=13712 elapsed_seconds=2560.15 learning_rate=0.000459216
2026-09-21 07:27:54 UTC completed_step=13728 elapsed_seconds=2562.86 learning_rate=0.000458917
2026-09-21 07:27:57 UTC completed_step=13744 elapsed_seconds=2565.57 learning_rate=0.000458618
2026-09-21 07:28:00 UTC completed_step=13760 elapsed_seconds=2568.28 learning_rate=0.000458319
2026-09-21 07:28:02 UTC completed_step=13776 elapsed_seconds=2570.99 learning_rate=0.000458019
2026-09-21 07:28:05 UTC completed_step=13792 elapsed_seconds=2573.7 learning_rate=0.00045772
2026-09-21 07:28:08 UTC completed_step=13808 elapsed_seconds=2576.41 learning_rate=0.00045742
2026-09-21 07:28:11 UTC completed_step=13824 elapsed_seconds=2579.12 learning_rate=0.00045712
2026-09-21 07:28:13 UTC step=13824 elapsed_seconds=2581.3 mean_loss=1.40593 errors=2552/10002 exact_sentences=134/1024
2026-09-21 07:28:15 UTC completed_step=13840 elapsed_seconds=2584.02 learning_rate=0.00045682
2026-09-21 07:28:18 UTC completed_step=13856 elapsed_seconds=2586.73 learning_rate=0.00045652
2026-09-21 07:28:21 UTC completed_step=13872 elapsed_seconds=2589.44 learning_rate=0.000456219
2026-09-21 07:28:24 UTC completed_step=13888 elapsed_seconds=2592.15 learning_rate=0.000455918
2026-09-21 07:28:26 UTC completed_step=13904 elapsed_seconds=2594.86 learning_rate=0.000455617
2026-09-21 07:28:29 UTC completed_step=13920 elapsed_seconds=2597.57 learning_rate=0.000455316
2026-09-21 07:28:32 UTC completed_step=13936 elapsed_seconds=2600.28 learning_rate=0.000455015
2026-09-21 07:28:34 UTC completed_step=13952 elapsed_seconds=2602.99 learning_rate=0.000454713
2026-09-21 07:28:37 UTC step=13952 elapsed_seconds=2605.19 mean_loss=1.43048 errors=2750/10002 exact_sentences=110/1024
2026-09-21 07:28:39 UTC completed_step=13968 elapsed_seconds=2607.9 learning_rate=0.000454411
2026-09-21 07:28:42 UTC completed_step=13984 elapsed_seconds=2610.61 learning_rate=0.000454109
2026-09-21 07:28:45 UTC completed_step=14000 elapsed_seconds=2613.32 learning_rate=0.000453807
2026-09-21 07:28:48 UTC completed_step=14016 elapsed_seconds=2616.03 learning_rate=0.000453505
2026-09-21 07:28:50 UTC completed_step=14032 elapsed_seconds=2618.74 learning_rate=0.000453202
2026-09-21 07:28:53 UTC completed_step=14048 elapsed_seconds=2621.45 learning_rate=0.000452899
2026-09-21 07:28:56 UTC completed_step=14064 elapsed_seconds=2624.16 learning_rate=0.000452596
2026-09-21 07:28:58 UTC completed_step=14080 elapsed_seconds=2626.87 learning_rate=0.000452293
2026-09-21 07:29:01 UTC step=14080 elapsed_seconds=2629.05 mean_loss=1.36581 errors=2448/10002 exact_sentences=148/1024
2026-09-21 07:29:03 UTC completed_step=14096 elapsed_seconds=2631.76 learning_rate=0.00045199
2026-09-21 07:29:06 UTC completed_step=14112 elapsed_seconds=2634.47 learning_rate=0.000451686
2026-09-21 07:29:09 UTC completed_step=14128 elapsed_seconds=2637.18 learning_rate=0.000451383
2026-09-21 07:29:11 UTC completed_step=14144 elapsed_seconds=2639.89 learning_rate=0.000451079
2026-09-21 07:29:14 UTC completed_step=14160 elapsed_seconds=2642.6 learning_rate=0.000450775
2026-09-21 07:29:17 UTC completed_step=14176 elapsed_seconds=2645.32 learning_rate=0.00045047
2026-09-21 07:29:20 UTC completed_step=14192 elapsed_seconds=2648.03 learning_rate=0.000450166
2026-09-21 07:29:22 UTC completed_step=14208 elapsed_seconds=2650.74 learning_rate=0.000449861
2026-09-21 07:29:24 UTC step=14208 elapsed_seconds=2652.92 mean_loss=1.3664 errors=2526/10002 exact_sentences=150/1024
2026-09-21 07:29:27 UTC completed_step=14224 elapsed_seconds=2655.64 learning_rate=0.000449556
2026-09-21 07:29:30 UTC completed_step=14240 elapsed_seconds=2658.35 learning_rate=0.000449251
2026-09-21 07:29:33 UTC completed_step=14256 elapsed_seconds=2661.06 learning_rate=0.000448946
2026-09-21 07:29:35 UTC completed_step=14272 elapsed_seconds=2663.77 learning_rate=0.00044864
2026-09-21 07:29:38 UTC completed_step=14288 elapsed_seconds=2666.48 learning_rate=0.000448335
2026-09-21 07:29:41 UTC completed_step=14304 elapsed_seconds=2669.19 learning_rate=0.000448029
2026-09-21 07:29:43 UTC completed_step=14320 elapsed_seconds=2671.9 learning_rate=0.000447723
2026-09-21 07:29:46 UTC completed_step=14336 elapsed_seconds=2674.61 learning_rate=0.000447417
2026-09-21 07:29:48 UTC step=14336 elapsed_seconds=2676.81 mean_loss=1.38431 errors=2504/10002 exact_sentences=152/1024
2026-09-21 07:29:51 UTC completed_step=14352 elapsed_seconds=2679.52 learning_rate=0.00044711
2026-09-21 07:29:54 UTC completed_step=14368 elapsed_seconds=2682.23 learning_rate=0.000446804
2026-09-21 07:29:56 UTC completed_step=14384 elapsed_seconds=2684.94 learning_rate=0.000446497
2026-09-21 07:29:59 UTC completed_step=14400 elapsed_seconds=2687.65 learning_rate=0.00044619
2026-09-21 07:30:02 UTC completed_step=14416 elapsed_seconds=2690.36 learning_rate=0.000445883
2026-09-21 07:30:05 UTC completed_step=14432 elapsed_seconds=2693.07 learning_rate=0.000445576
2026-09-21 07:30:07 UTC completed_step=14448 elapsed_seconds=2695.78 learning_rate=0.000445268
2026-09-21 07:30:10 UTC completed_step=14464 elapsed_seconds=2698.5 learning_rate=0.00044496
2026-09-21 07:30:12 UTC step=14464 elapsed_seconds=2700.69 mean_loss=1.30697 errors=2366/10002 exact_sentences=175/1024
2026-09-21 07:30:15 UTC completed_step=14480 elapsed_seconds=2703.4 learning_rate=0.000444653
2026-09-21 07:30:18 UTC completed_step=14496 elapsed_seconds=2706.11 learning_rate=0.000444345
2026-09-21 07:30:20 UTC completed_step=14512 elapsed_seconds=2708.83 learning_rate=0.000444036
2026-09-21 07:30:23 UTC completed_step=14528 elapsed_seconds=2711.54 learning_rate=0.000443728
2026-09-21 07:30:26 UTC completed_step=14544 elapsed_seconds=2714.25 learning_rate=0.000443419
2026-09-21 07:30:28 UTC completed_step=14560 elapsed_seconds=2716.96 learning_rate=0.000443111
2026-09-21 07:30:31 UTC completed_step=14576 elapsed_seconds=2719.67 learning_rate=0.000442802
2026-09-21 07:30:34 UTC completed_step=14592 elapsed_seconds=2722.38 learning_rate=0.000442492
2026-09-21 07:30:36 UTC step=14592 elapsed_seconds=2724.59 mean_loss=1.34745 errors=2449/10002 exact_sentences=165/1024
2026-09-21 07:30:39 UTC completed_step=14608 elapsed_seconds=2727.3 learning_rate=0.000442183
2026-09-21 07:30:41 UTC completed_step=14624 elapsed_seconds=2730.01 learning_rate=0.000441874
2026-09-21 07:30:44 UTC completed_step=14640 elapsed_seconds=2732.72 learning_rate=0.000441564
2026-09-21 07:30:47 UTC completed_step=14656 elapsed_seconds=2735.43 learning_rate=0.000441254
2026-09-21 07:30:50 UTC completed_step=14672 elapsed_seconds=2738.14 learning_rate=0.000440944
2026-09-21 07:30:52 UTC completed_step=14688 elapsed_seconds=2740.85 learning_rate=0.000440634
2026-09-21 07:30:55 UTC completed_step=14704 elapsed_seconds=2743.56 learning_rate=0.000440324
2026-09-21 07:30:58 UTC completed_step=14720 elapsed_seconds=2746.27 learning_rate=0.000440013
2026-09-21 07:31:00 UTC step=14720 elapsed_seconds=2748.45 mean_loss=1.30932 errors=2423/10002 exact_sentences=167/1024
2026-09-21 07:31:03 UTC completed_step=14736 elapsed_seconds=2751.17 learning_rate=0.000439702
2026-09-21 07:31:05 UTC completed_step=14752 elapsed_seconds=2753.88 learning_rate=0.000439391
2026-09-21 07:31:08 UTC completed_step=14768 elapsed_seconds=2756.59 learning_rate=0.00043908
2026-09-21 07:31:11 UTC completed_step=14784 elapsed_seconds=2759.3 learning_rate=0.000438769
2026-09-21 07:31:13 UTC completed_step=14800 elapsed_seconds=2762.01 learning_rate=0.000438458
2026-09-21 07:31:16 UTC completed_step=14816 elapsed_seconds=2764.72 learning_rate=0.000438146
2026-09-21 07:31:19 UTC completed_step=14832 elapsed_seconds=2767.44 learning_rate=0.000437834
2026-09-21 07:31:22 UTC completed_step=14848 elapsed_seconds=2770.15 learning_rate=0.000437523
2026-09-21 07:31:24 UTC step=14848 elapsed_seconds=2772.33 mean_loss=1.28468 errors=2349/10002 exact_sentences=178/1024
2026-09-21 07:31:27 UTC completed_step=14864 elapsed_seconds=2775.05 learning_rate=0.00043721
2026-09-21 07:31:29 UTC completed_step=14880 elapsed_seconds=2777.76 learning_rate=0.000436898
2026-09-21 07:31:32 UTC completed_step=14896 elapsed_seconds=2780.47 learning_rate=0.000436586
2026-09-21 07:31:35 UTC completed_step=14912 elapsed_seconds=2783.18 learning_rate=0.000436273
2026-09-21 07:31:37 UTC completed_step=14928 elapsed_seconds=2785.89 learning_rate=0.00043596
2026-09-21 07:31:40 UTC completed_step=14944 elapsed_seconds=2788.6 learning_rate=0.000435647
2026-09-21 07:31:43 UTC completed_step=14960 elapsed_seconds=2791.31 learning_rate=0.000435334
2026-09-21 07:31:45 UTC completed_step=14976 elapsed_seconds=2794.03 learning_rate=0.000435021
2026-09-21 07:31:48 UTC step=14976 elapsed_seconds=2796.2 mean_loss=1.2837 errors=2390/10002 exact_sentences=170/1024
2026-09-21 07:31:50 UTC completed_step=14992 elapsed_seconds=2798.92 learning_rate=0.000434708
2026-09-21 07:31:53 UTC completed_step=15008 elapsed_seconds=2801.63 learning_rate=0.000434394
2026-09-21 07:31:56 UTC completed_step=15024 elapsed_seconds=2804.34 learning_rate=0.00043408
2026-09-21 07:31:59 UTC completed_step=15040 elapsed_seconds=2807.05 learning_rate=0.000433766
2026-09-21 07:32:01 UTC completed_step=15056 elapsed_seconds=2809.76 learning_rate=0.000433452
2026-09-21 07:32:04 UTC completed_step=15072 elapsed_seconds=2812.47 learning_rate=0.000433138
2026-09-21 07:32:07 UTC completed_step=15088 elapsed_seconds=2815.18 learning_rate=0.000432823
2026-09-21 07:32:09 UTC completed_step=15104 elapsed_seconds=2817.89 learning_rate=0.000432509
2026-09-21 07:32:12 UTC step=15104 elapsed_seconds=2820.07 mean_loss=1.29064 errors=2358/10002 exact_sentences=173/1024
2026-09-21 07:32:14 UTC completed_step=15120 elapsed_seconds=2822.79 learning_rate=0.000432194
2026-09-21 07:32:17 UTC completed_step=15136 elapsed_seconds=2825.5 learning_rate=0.000431879
2026-09-21 07:32:20 UTC completed_step=15152 elapsed_seconds=2828.21 learning_rate=0.000431564
2026-09-21 07:32:22 UTC completed_step=15168 elapsed_seconds=2830.92 learning_rate=0.000431249
2026-09-21 07:32:25 UTC completed_step=15184 elapsed_seconds=2833.63 learning_rate=0.000430933
2026-09-21 07:32:28 UTC completed_step=15200 elapsed_seconds=2836.34 learning_rate=0.000430618
2026-09-21 07:32:31 UTC completed_step=15216 elapsed_seconds=2839.05 learning_rate=0.000430302
2026-09-21 07:32:33 UTC completed_step=15232 elapsed_seconds=2841.76 learning_rate=0.000429986
2026-09-21 07:32:35 UTC step=15232 elapsed_seconds=2843.94 mean_loss=1.24129 errors=2166/10002 exact_sentences=197/1024
2026-09-21 07:32:38 UTC completed_step=15248 elapsed_seconds=2846.66 learning_rate=0.00042967
2026-09-21 07:32:41 UTC completed_step=15264 elapsed_seconds=2849.37 learning_rate=0.000429354
2026-09-21 07:32:44 UTC completed_step=15280 elapsed_seconds=2852.08 learning_rate=0.000429038
2026-09-21 07:32:46 UTC completed_step=15296 elapsed_seconds=2854.79 learning_rate=0.000428721
2026-09-21 07:32:49 UTC completed_step=15312 elapsed_seconds=2857.5 learning_rate=0.000428405
2026-09-21 07:32:52 UTC completed_step=15328 elapsed_seconds=2860.21 learning_rate=0.000428088
2026-09-21 07:32:54 UTC completed_step=15344 elapsed_seconds=2862.92 learning_rate=0.000427771
2026-09-21 07:32:57 UTC completed_step=15360 elapsed_seconds=2865.63 learning_rate=0.000427454
2026-09-21 07:32:59 UTC step=15360 elapsed_seconds=2867.81 mean_loss=1.23398 errors=2270/10002 exact_sentences=180/1024
2026-09-21 07:33:02 UTC completed_step=15376 elapsed_seconds=2870.53 learning_rate=0.000427136
2026-09-21 07:33:05 UTC completed_step=15392 elapsed_seconds=2873.24 learning_rate=0.000426819
2026-09-21 07:33:07 UTC completed_step=15408 elapsed_seconds=2875.95 learning_rate=0.000426501
2026-09-21 07:33:10 UTC completed_step=15424 elapsed_seconds=2878.66 learning_rate=0.000426184
2026-09-21 07:33:13 UTC completed_step=15440 elapsed_seconds=2881.37 learning_rate=0.000425866
2026-09-21 07:33:16 UTC completed_step=15456 elapsed_seconds=2884.08 learning_rate=0.000425548
2026-09-21 07:33:18 UTC completed_step=15472 elapsed_seconds=2886.79 learning_rate=0.000425229
2026-09-21 07:33:21 UTC completed_step=15488 elapsed_seconds=2889.5 learning_rate=0.000424911
2026-09-21 07:33:23 UTC step=15488 elapsed_seconds=2891.67 mean_loss=1.2242 errors=2219/10002 exact_sentences=197/1024
2026-09-21 07:33:26 UTC completed_step=15504 elapsed_seconds=2894.39 learning_rate=0.000424592
2026-09-21 07:33:29 UTC completed_step=15520 elapsed_seconds=2897.1 learning_rate=0.000424274
2026-09-21 07:33:31 UTC completed_step=15536 elapsed_seconds=2899.81 learning_rate=0.000423955
2026-09-21 07:33:34 UTC completed_step=15552 elapsed_seconds=2902.52 learning_rate=0.000423636
2026-09-21 07:33:37 UTC completed_step=15568 elapsed_seconds=2905.23 learning_rate=0.000423317
2026-09-21 07:33:39 UTC completed_step=15584 elapsed_seconds=2907.94 learning_rate=0.000422998
2026-09-21 07:33:42 UTC completed_step=15600 elapsed_seconds=2910.65 learning_rate=0.000422678
2026-09-21 07:33:45 UTC completed_step=15616 elapsed_seconds=2913.36 learning_rate=0.000422359
2026-09-21 07:33:47 UTC step=15616 elapsed_seconds=2915.55 mean_loss=1.24485 errors=2342/10002 exact_sentences=181/1024
2026-09-21 07:33:50 UTC completed_step=15632 elapsed_seconds=2918.27 learning_rate=0.000422039
2026-09-21 07:33:52 UTC completed_step=15648 elapsed_seconds=2920.98 learning_rate=0.000421719
2026-09-21 07:33:55 UTC completed_step=15664 elapsed_seconds=2923.68 learning_rate=0.000421399
2026-09-21 07:33:58 UTC completed_step=15680 elapsed_seconds=2926.39 learning_rate=0.000421079
2026-09-21 07:34:01 UTC completed_step=15696 elapsed_seconds=2929.11 learning_rate=0.000420759
2026-09-21 07:34:03 UTC completed_step=15712 elapsed_seconds=2931.82 learning_rate=0.000420438
2026-09-21 07:34:06 UTC completed_step=15728 elapsed_seconds=2934.53 learning_rate=0.000420118
2026-09-21 07:34:09 UTC completed_step=15744 elapsed_seconds=2937.24 learning_rate=0.000419797
2026-09-21 07:34:11 UTC step=15744 elapsed_seconds=2939.43 mean_loss=1.16706 errors=2037/10002 exact_sentences=218/1024
2026-09-21 07:34:14 UTC completed_step=15760 elapsed_seconds=2942.14 learning_rate=0.000419476
2026-09-21 07:34:16 UTC completed_step=15776 elapsed_seconds=2944.85 learning_rate=0.000419155
2026-09-21 07:34:19 UTC completed_step=15792 elapsed_seconds=2947.56 learning_rate=0.000418834
2026-09-21 07:34:22 UTC completed_step=15808 elapsed_seconds=2950.27 learning_rate=0.000418513
2026-09-21 07:34:24 UTC completed_step=15824 elapsed_seconds=2952.99 learning_rate=0.000418191
2026-09-21 07:34:27 UTC completed_step=15840 elapsed_seconds=2955.7 learning_rate=0.00041787
2026-09-21 07:34:30 UTC completed_step=15856 elapsed_seconds=2958.41 learning_rate=0.000417548
2026-09-21 07:34:33 UTC completed_step=15872 elapsed_seconds=2961.12 learning_rate=0.000417226
2026-09-21 07:34:35 UTC step=15872 elapsed_seconds=2963.3 mean_loss=1.17742 errors=2107/10002 exact_sentences=222/1024
2026-09-21 07:34:37 UTC completed_step=15888 elapsed_seconds=2966.02 learning_rate=0.000416904
2026-09-21 07:34:40 UTC completed_step=15904 elapsed_seconds=2968.73 learning_rate=0.000416582
2026-09-21 07:34:43 UTC completed_step=15920 elapsed_seconds=2971.44 learning_rate=0.00041626
2026-09-21 07:34:46 UTC completed_step=15936 elapsed_seconds=2974.15 learning_rate=0.000415938
2026-09-21 07:34:48 UTC completed_step=15952 elapsed_seconds=2976.86 learning_rate=0.000415615
2026-09-21 07:34:51 UTC completed_step=15968 elapsed_seconds=2979.57 learning_rate=0.000415292
2026-09-21 07:34:54 UTC completed_step=15984 elapsed_seconds=2982.28 learning_rate=0.00041497
2026-09-21 07:34:56 UTC completed_step=16000 elapsed_seconds=2984.99 learning_rate=0.000414647
2026-09-21 07:34:59 UTC step=16000 elapsed_seconds=2987.17 mean_loss=1.15266 errors=2048/10002 exact_sentences=210/1024
2026-09-21 07:35:01 UTC completed_step=16016 elapsed_seconds=2989.89 learning_rate=0.000414324
2026-09-21 07:35:04 UTC completed_step=16032 elapsed_seconds=2992.6 learning_rate=0.000414001
2026-09-21 07:35:07 UTC completed_step=16048 elapsed_seconds=2995.31 learning_rate=0.000413677
2026-09-21 07:35:10 UTC completed_step=16064 elapsed_seconds=2998.03 learning_rate=0.000413354
2026-09-21 07:35:12 UTC completed_step=16080 elapsed_seconds=3000.74 learning_rate=0.00041303
2026-09-21 07:35:15 UTC completed_step=16096 elapsed_seconds=3003.45 learning_rate=0.000412706
2026-09-21 07:35:18 UTC completed_step=16112 elapsed_seconds=3006.16 learning_rate=0.000412383
2026-09-21 07:35:20 UTC completed_step=16128 elapsed_seconds=3008.88 learning_rate=0.000412059
2026-09-21 07:35:23 UTC step=16128 elapsed_seconds=3011.05 mean_loss=1.12342 errors=1976/10002 exact_sentences=233/1024
2026-09-21 07:35:25 UTC completed_step=16144 elapsed_seconds=3013.76 learning_rate=0.000411734
2026-09-21 07:35:28 UTC completed_step=16160 elapsed_seconds=3016.47 learning_rate=0.00041141
2026-09-21 07:35:31 UTC completed_step=16176 elapsed_seconds=3019.18 learning_rate=0.000411086
2026-09-21 07:35:33 UTC completed_step=16192 elapsed_seconds=3021.89 learning_rate=0.000410761
2026-09-21 07:35:36 UTC completed_step=16208 elapsed_seconds=3024.61 learning_rate=0.000410437
2026-09-21 07:35:39 UTC completed_step=16224 elapsed_seconds=3027.31 learning_rate=0.000410112
2026-09-21 07:35:41 UTC completed_step=16240 elapsed_seconds=3030.02 learning_rate=0.000409787
2026-09-21 07:35:44 UTC completed_step=16256 elapsed_seconds=3032.73 learning_rate=0.000409462
2026-09-21 07:35:46 UTC step=16256 elapsed_seconds=3034.92 mean_loss=1.1254 errors=1942/10002 exact_sentences=250/1024
2026-09-21 07:35:49 UTC completed_step=16272 elapsed_seconds=3037.64 learning_rate=0.000409137
2026-09-21 07:35:52 UTC completed_step=16288 elapsed_seconds=3040.35 learning_rate=0.000408812
2026-09-21 07:35:55 UTC completed_step=16304 elapsed_seconds=3043.06 learning_rate=0.000408486
2026-09-21 07:35:57 UTC completed_step=16320 elapsed_seconds=3045.77 learning_rate=0.000408161
2026-09-21 07:36:00 UTC completed_step=16336 elapsed_seconds=3048.48 learning_rate=0.000407835
2026-09-21 07:36:03 UTC completed_step=16352 elapsed_seconds=3051.19 learning_rate=0.000407509
2026-09-21 07:36:05 UTC completed_step=16368 elapsed_seconds=3053.9 learning_rate=0.000407183
2026-09-21 07:36:08 UTC completed_step=16384 elapsed_seconds=3056.61 learning_rate=0.000406857
2026-09-21 07:36:10 UTC step=16384 elapsed_seconds=3058.79 mean_loss=1.12106 errors=1921/10002 exact_sentences=247/1024
2026-09-21 07:36:13 UTC completed_step=16400 elapsed_seconds=3061.51 learning_rate=0.000406531
2026-09-21 07:36:16 UTC completed_step=16416 elapsed_seconds=3064.22 learning_rate=0.000406205
2026-09-21 07:36:18 UTC completed_step=16432 elapsed_seconds=3066.93 learning_rate=0.000405879
2026-09-21 07:36:21 UTC completed_step=16448 elapsed_seconds=3069.64 learning_rate=0.000405552
2026-09-21 07:36:24 UTC completed_step=16464 elapsed_seconds=3072.35 learning_rate=0.000405226
2026-09-21 07:36:27 UTC completed_step=16480 elapsed_seconds=3075.06 learning_rate=0.000404899
2026-09-21 07:36:29 UTC completed_step=16496 elapsed_seconds=3077.77 learning_rate=0.000404572
2026-09-21 07:36:32 UTC completed_step=16512 elapsed_seconds=3080.47 learning_rate=0.000404245
2026-09-21 07:36:34 UTC step=16512 elapsed_seconds=3082.67 mean_loss=1.13326 errors=2039/10002 exact_sentences=237/1024
2026-09-21 07:36:37 UTC completed_step=16528 elapsed_seconds=3085.38 learning_rate=0.000403918
2026-09-21 07:36:40 UTC completed_step=16544 elapsed_seconds=3088.09 learning_rate=0.000403591
2026-09-21 07:36:42 UTC completed_step=16560 elapsed_seconds=3090.8 learning_rate=0.000403263
2026-09-21 07:36:45 UTC completed_step=16576 elapsed_seconds=3093.51 learning_rate=0.000402936
2026-09-21 07:36:48 UTC completed_step=16592 elapsed_seconds=3096.22 learning_rate=0.000402608
2026-09-21 07:36:50 UTC completed_step=16608 elapsed_seconds=3098.93 learning_rate=0.000402281
2026-09-21 07:36:53 UTC completed_step=16624 elapsed_seconds=3101.64 learning_rate=0.000401953
2026-09-21 07:36:56 UTC completed_step=16640 elapsed_seconds=3104.35 learning_rate=0.000401625
2026-09-21 07:36:58 UTC step=16640 elapsed_seconds=3106.54 mean_loss=1.10031 errors=1924/10002 exact_sentences=239/1024
2026-09-21 07:37:01 UTC completed_step=16656 elapsed_seconds=3109.25 learning_rate=0.000401297
2026-09-21 07:37:03 UTC completed_step=16672 elapsed_seconds=3111.96 learning_rate=0.000400969
2026-09-21 07:37:06 UTC completed_step=16688 elapsed_seconds=3114.67 learning_rate=0.000400641
2026-09-21 07:37:09 UTC completed_step=16704 elapsed_seconds=3117.38 learning_rate=0.000400312
2026-09-21 07:37:12 UTC completed_step=16720 elapsed_seconds=3120.09 learning_rate=0.000399984
2026-09-21 07:37:14 UTC completed_step=16736 elapsed_seconds=3122.8 learning_rate=0.000399655
2026-09-21 07:37:17 UTC completed_step=16752 elapsed_seconds=3125.51 learning_rate=0.000399327
2026-09-21 07:37:20 UTC completed_step=16768 elapsed_seconds=3128.22 learning_rate=0.000398998
2026-09-21 07:37:22 UTC step=16768 elapsed_seconds=3130.41 mean_loss=1.09104 errors=1906/10002 exact_sentences=258/1024
2026-09-21 07:37:25 UTC completed_step=16784 elapsed_seconds=3133.12 learning_rate=0.000398669
2026-09-21 07:37:27 UTC completed_step=16800 elapsed_seconds=3135.83 learning_rate=0.00039834
2026-09-21 07:37:30 UTC completed_step=16816 elapsed_seconds=3138.54 learning_rate=0.000398011
2026-09-21 07:37:33 UTC completed_step=16832 elapsed_seconds=3141.25 learning_rate=0.000397681
2026-09-21 07:37:35 UTC completed_step=16848 elapsed_seconds=3143.96 learning_rate=0.000397352
2026-09-21 07:37:38 UTC completed_step=16864 elapsed_seconds=3146.67 learning_rate=0.000397023
2026-09-21 07:37:41 UTC completed_step=16880 elapsed_seconds=3149.38 learning_rate=0.000396693
2026-09-21 07:37:44 UTC completed_step=16896 elapsed_seconds=3152.09 learning_rate=0.000396364
2026-09-21 07:37:46 UTC step=16896 elapsed_seconds=3154.27 mean_loss=1.05529 errors=1877/10002 exact_sentences=253/1024
2026-09-21 07:37:48 UTC completed_step=16912 elapsed_seconds=3157 learning_rate=0.000396034
2026-09-21 07:37:51 UTC completed_step=16928 elapsed_seconds=3159.71 learning_rate=0.000395704
2026-09-21 07:37:54 UTC completed_step=16944 elapsed_seconds=3162.42 learning_rate=0.000395374
2026-09-21 07:37:57 UTC completed_step=16960 elapsed_seconds=3165.13 learning_rate=0.000395044
2026-09-21 07:37:59 UTC completed_step=16976 elapsed_seconds=3167.84 learning_rate=0.000394714
2026-09-21 07:38:02 UTC completed_step=16992 elapsed_seconds=3170.54 learning_rate=0.000394383
2026-09-21 07:38:05 UTC completed_step=17008 elapsed_seconds=3173.25 learning_rate=0.000394053
2026-09-21 07:38:07 UTC completed_step=17024 elapsed_seconds=3175.96 learning_rate=0.000393723
2026-09-21 07:38:10 UTC step=17024 elapsed_seconds=3178.13 mean_loss=1.05123 errors=1851/10002 exact_sentences=267/1024
2026-09-21 07:38:12 UTC completed_step=17040 elapsed_seconds=3180.85 learning_rate=0.000393392
2026-09-21 07:38:15 UTC completed_step=17056 elapsed_seconds=3183.56 learning_rate=0.000393061
2026-09-21 07:38:18 UTC completed_step=17072 elapsed_seconds=3186.28 learning_rate=0.00039273
2026-09-21 07:38:20 UTC completed_step=17088 elapsed_seconds=3188.99 learning_rate=0.0003924
2026-09-21 07:38:23 UTC completed_step=17104 elapsed_seconds=3191.7 learning_rate=0.000392069
2026-09-21 07:38:26 UTC completed_step=17120 elapsed_seconds=3194.41 learning_rate=0.000391738
2026-09-21 07:38:29 UTC completed_step=17136 elapsed_seconds=3197.11 learning_rate=0.000391406
2026-09-21 07:38:31 UTC completed_step=17152 elapsed_seconds=3199.82 learning_rate=0.000391075
2026-09-21 07:38:33 UTC step=17152 elapsed_seconds=3202 mean_loss=1.03693 errors=1814/10002 exact_sentences=270/1024
2026-09-21 07:38:36 UTC completed_step=17168 elapsed_seconds=3204.71 learning_rate=0.000390744
2026-09-21 07:38:39 UTC completed_step=17184 elapsed_seconds=3207.42 learning_rate=0.000390412
2026-09-21 07:38:42 UTC completed_step=17200 elapsed_seconds=3210.13 learning_rate=0.000390081
2026-09-21 07:38:44 UTC completed_step=17216 elapsed_seconds=3212.84 learning_rate=0.000389749
2026-09-21 07:38:47 UTC completed_step=17232 elapsed_seconds=3215.55 learning_rate=0.000389417
2026-09-21 07:38:50 UTC completed_step=17248 elapsed_seconds=3218.26 learning_rate=0.000389085
2026-09-21 07:38:52 UTC completed_step=17264 elapsed_seconds=3220.97 learning_rate=0.000388753
2026-09-21 07:38:55 UTC completed_step=17280 elapsed_seconds=3223.68 learning_rate=0.000388421
2026-09-21 07:38:57 UTC step=17280 elapsed_seconds=3225.86 mean_loss=1.05241 errors=1838/10002 exact_sentences=259/1024
2026-09-21 07:39:00 UTC completed_step=17296 elapsed_seconds=3228.58 learning_rate=0.000388089
2026-09-21 07:39:03 UTC completed_step=17312 elapsed_seconds=3231.28 learning_rate=0.000387757
2026-09-21 07:39:05 UTC completed_step=17328 elapsed_seconds=3233.99 learning_rate=0.000387425
2026-09-21 07:39:08 UTC completed_step=17344 elapsed_seconds=3236.7 learning_rate=0.000387092
2026-09-21 07:39:11 UTC completed_step=17360 elapsed_seconds=3239.41 learning_rate=0.00038676
2026-09-21 07:39:14 UTC completed_step=17376 elapsed_seconds=3242.12 learning_rate=0.000386427
2026-09-21 07:39:16 UTC completed_step=17392 elapsed_seconds=3244.82 learning_rate=0.000386095
2026-09-21 07:39:19 UTC completed_step=17408 elapsed_seconds=3247.53 learning_rate=0.000385762
2026-09-21 07:39:21 UTC step=17408 elapsed_seconds=3249.71 mean_loss=1.00203 errors=1737/10002 exact_sentences=288/1024
2026-09-21 07:39:24 UTC completed_step=17424 elapsed_seconds=3252.43 learning_rate=0.000385429
2026-09-21 07:39:27 UTC completed_step=17440 elapsed_seconds=3255.14 learning_rate=0.000385096
2026-09-21 07:39:29 UTC completed_step=17456 elapsed_seconds=3257.85 learning_rate=0.000384763
2026-09-21 07:39:32 UTC completed_step=17472 elapsed_seconds=3260.56 learning_rate=0.00038443
2026-09-21 07:39:35 UTC completed_step=17488 elapsed_seconds=3263.27 learning_rate=0.000384097
2026-09-21 07:39:37 UTC completed_step=17504 elapsed_seconds=3265.98 learning_rate=0.000383763
2026-09-21 07:39:40 UTC completed_step=17520 elapsed_seconds=3268.69 learning_rate=0.00038343
2026-09-21 07:39:43 UTC completed_step=17536 elapsed_seconds=3271.4 learning_rate=0.000383097
2026-09-21 07:39:45 UTC step=17536 elapsed_seconds=3273.59 mean_loss=1.02668 errors=1770/10002 exact_sentences=290/1024
2026-09-21 07:39:48 UTC completed_step=17552 elapsed_seconds=3276.31 learning_rate=0.000382763
2026-09-21 07:39:50 UTC completed_step=17568 elapsed_seconds=3279.02 learning_rate=0.000382429
2026-09-21 07:39:53 UTC completed_step=17584 elapsed_seconds=3281.73 learning_rate=0.000382096
2026-09-21 07:39:56 UTC completed_step=17600 elapsed_seconds=3284.44 learning_rate=0.000381762
2026-09-21 07:39:59 UTC completed_step=17616 elapsed_seconds=3287.15 learning_rate=0.000381428
2026-09-21 07:40:01 UTC completed_step=17632 elapsed_seconds=3289.86 learning_rate=0.000381094
2026-09-21 07:40:04 UTC completed_step=17648 elapsed_seconds=3292.57 learning_rate=0.00038076
2026-09-21 07:40:07 UTC completed_step=17664 elapsed_seconds=3295.28 learning_rate=0.000380426
2026-09-21 07:40:09 UTC step=17664 elapsed_seconds=3297.46 mean_loss=0.989905 errors=1658/10002 exact_sentences=306/1024
2026-09-21 07:40:12 UTC completed_step=17680 elapsed_seconds=3300.18 learning_rate=0.000380092
2026-09-21 07:40:14 UTC completed_step=17696 elapsed_seconds=3302.9 learning_rate=0.000379757
2026-09-21 07:40:17 UTC completed_step=17712 elapsed_seconds=3305.61 learning_rate=0.000379423
2026-09-21 07:40:20 UTC completed_step=17728 elapsed_seconds=3308.31 learning_rate=0.000379089
2026-09-21 07:40:22 UTC completed_step=17744 elapsed_seconds=3311.02 learning_rate=0.000378754
2026-09-21 07:40:25 UTC completed_step=17760 elapsed_seconds=3313.73 learning_rate=0.00037842
2026-09-21 07:40:28 UTC completed_step=17776 elapsed_seconds=3316.44 learning_rate=0.000378085
2026-09-21 07:40:31 UTC completed_step=17792 elapsed_seconds=3319.15 learning_rate=0.00037775
2026-09-21 07:40:33 UTC step=17792 elapsed_seconds=3321.34 mean_loss=0.987051 errors=1730/10002 exact_sentences=286/1024
2026-09-21 07:40:36 UTC completed_step=17808 elapsed_seconds=3324.06 learning_rate=0.000377415
2026-09-21 07:40:38 UTC completed_step=17824 elapsed_seconds=3326.77 learning_rate=0.00037708
2026-09-21 07:40:41 UTC completed_step=17840 elapsed_seconds=3329.49 learning_rate=0.000376745
2026-09-21 07:40:44 UTC completed_step=17856 elapsed_seconds=3332.19 learning_rate=0.00037641
2026-09-21 07:40:46 UTC completed_step=17872 elapsed_seconds=3334.9 learning_rate=0.000376075
2026-09-21 07:40:49 UTC completed_step=17888 elapsed_seconds=3337.62 learning_rate=0.00037574
2026-09-21 07:40:52 UTC completed_step=17904 elapsed_seconds=3340.33 learning_rate=0.000375405
2026-09-21 07:40:55 UTC completed_step=17920 elapsed_seconds=3343.04 learning_rate=0.000375069
2026-09-21 07:40:57 UTC step=17920 elapsed_seconds=3345.24 mean_loss=0.963742 errors=1652/10002 exact_sentences=309/1024
2026-09-21 07:40:59 UTC completed_step=17936 elapsed_seconds=3347.96 learning_rate=0.000374734
2026-09-21 07:41:02 UTC completed_step=17952 elapsed_seconds=3350.67 learning_rate=0.000374399
2026-09-21 07:41:05 UTC completed_step=17968 elapsed_seconds=3353.38 learning_rate=0.000374063
2026-09-21 07:41:08 UTC completed_step=17984 elapsed_seconds=3356.08 learning_rate=0.000373727
2026-09-21 07:41:10 UTC completed_step=18000 elapsed_seconds=3358.79 learning_rate=0.000373392
2026-09-21 07:41:13 UTC completed_step=18016 elapsed_seconds=3361.5 learning_rate=0.000373056
2026-09-21 07:41:16 UTC completed_step=18032 elapsed_seconds=3364.21 learning_rate=0.00037272
2026-09-21 07:41:18 UTC completed_step=18048 elapsed_seconds=3366.92 learning_rate=0.000372384
2026-09-21 07:41:21 UTC step=18048 elapsed_seconds=3369.1 mean_loss=0.950437 errors=1659/10002 exact_sentences=307/1024
2026-09-21 07:41:23 UTC completed_step=18064 elapsed_seconds=3371.82 learning_rate=0.000372048
2026-09-21 07:41:26 UTC completed_step=18080 elapsed_seconds=3374.53 learning_rate=0.000371712
2026-09-21 07:41:29 UTC completed_step=18096 elapsed_seconds=3377.24 learning_rate=0.000371376
2026-09-21 07:41:31 UTC completed_step=18112 elapsed_seconds=3379.94 learning_rate=0.00037104
2026-09-21 07:41:34 UTC completed_step=18128 elapsed_seconds=3382.65 learning_rate=0.000370704
2026-09-21 07:41:37 UTC completed_step=18144 elapsed_seconds=3385.36 learning_rate=0.000370368
2026-09-21 07:41:40 UTC completed_step=18160 elapsed_seconds=3388.07 learning_rate=0.000370031
2026-09-21 07:41:42 UTC completed_step=18176 elapsed_seconds=3390.78 learning_rate=0.000369695
2026-09-21 07:41:44 UTC step=18176 elapsed_seconds=3392.96 mean_loss=0.980172 errors=1745/10002 exact_sentences=287/1024
2026-09-21 07:41:47 UTC completed_step=18192 elapsed_seconds=3395.67 learning_rate=0.000369358
2026-09-21 07:41:50 UTC completed_step=18208 elapsed_seconds=3398.38 learning_rate=0.000369022
2026-09-21 07:41:53 UTC completed_step=18224 elapsed_seconds=3401.09 learning_rate=0.000368685
2026-09-21 07:41:55 UTC completed_step=18240 elapsed_seconds=3403.8 learning_rate=0.000368348
2026-09-21 07:41:58 UTC completed_step=18256 elapsed_seconds=3406.51 learning_rate=0.000368012
2026-09-21 07:42:01 UTC completed_step=18272 elapsed_seconds=3409.22 learning_rate=0.000367675
2026-09-21 07:42:03 UTC completed_step=18288 elapsed_seconds=3411.93 learning_rate=0.000367338
2026-09-21 07:42:06 UTC completed_step=18304 elapsed_seconds=3414.64 learning_rate=0.000367001
2026-09-21 07:42:08 UTC step=18304 elapsed_seconds=3416.82 mean_loss=0.942843 errors=1660/10002 exact_sentences=301/1024
2026-09-21 07:42:11 UTC completed_step=18320 elapsed_seconds=3419.54 learning_rate=0.000366664
2026-09-21 07:42:14 UTC completed_step=18336 elapsed_seconds=3422.25 learning_rate=0.000366327
2026-09-21 07:42:16 UTC completed_step=18352 elapsed_seconds=3424.96 learning_rate=0.00036599
2026-09-21 07:42:19 UTC completed_step=18368 elapsed_seconds=3427.67 learning_rate=0.000365653
2026-09-21 07:42:22 UTC completed_step=18384 elapsed_seconds=3430.37 learning_rate=0.000365316
2026-09-21 07:42:25 UTC completed_step=18400 elapsed_seconds=3433.08 learning_rate=0.000364979
2026-09-21 07:42:27 UTC completed_step=18416 elapsed_seconds=3435.79 learning_rate=0.000364641
2026-09-21 07:42:30 UTC completed_step=18432 elapsed_seconds=3438.5 learning_rate=0.000364304
2026-09-21 07:42:32 UTC step=18432 elapsed_seconds=3440.69 mean_loss=0.907426 errors=1512/10002 exact_sentences=329/1024
2026-09-21 07:42:35 UTC completed_step=18448 elapsed_seconds=3443.41 learning_rate=0.000363967
2026-09-21 07:42:38 UTC completed_step=18464 elapsed_seconds=3446.12 learning_rate=0.000363629
2026-09-21 07:42:40 UTC completed_step=18480 elapsed_seconds=3448.83 learning_rate=0.000363292
2026-09-21 07:42:43 UTC completed_step=18496 elapsed_seconds=3451.53 learning_rate=0.000362954
2026-09-21 07:42:46 UTC completed_step=18512 elapsed_seconds=3454.24 learning_rate=0.000362616
2026-09-21 07:42:48 UTC completed_step=18528 elapsed_seconds=3456.95 learning_rate=0.000362279
2026-09-21 07:42:51 UTC completed_step=18544 elapsed_seconds=3459.66 learning_rate=0.000361941
2026-09-21 07:42:54 UTC completed_step=18560 elapsed_seconds=3462.37 learning_rate=0.000361603
2026-09-21 07:42:56 UTC step=18560 elapsed_seconds=3464.55 mean_loss=0.905151 errors=1526/10002 exact_sentences=342/1024
2026-09-21 07:42:59 UTC completed_step=18576 elapsed_seconds=3467.26 learning_rate=0.000361265
2026-09-21 07:43:01 UTC completed_step=18592 elapsed_seconds=3469.97 learning_rate=0.000360927
2026-09-21 07:43:04 UTC completed_step=18608 elapsed_seconds=3472.68 learning_rate=0.00036059
2026-09-21 07:43:07 UTC completed_step=18624 elapsed_seconds=3475.39 learning_rate=0.000360252
2026-09-21 07:43:10 UTC completed_step=18640 elapsed_seconds=3478.1 learning_rate=0.000359914
2026-09-21 07:43:12 UTC completed_step=18656 elapsed_seconds=3480.81 learning_rate=0.000359575
2026-09-21 07:43:15 UTC completed_step=18672 elapsed_seconds=3483.52 learning_rate=0.000359237
2026-09-21 07:43:18 UTC completed_step=18688 elapsed_seconds=3486.23 learning_rate=0.000358899
2026-09-21 07:43:20 UTC step=18688 elapsed_seconds=3488.42 mean_loss=0.895888 errors=1460/10002 exact_sentences=350/1024
2026-09-21 07:43:23 UTC completed_step=18704 elapsed_seconds=3491.13 learning_rate=0.000358561
2026-09-21 07:43:25 UTC completed_step=18720 elapsed_seconds=3493.84 learning_rate=0.000358223
2026-09-21 07:43:28 UTC completed_step=18736 elapsed_seconds=3496.55 learning_rate=0.000357884
2026-09-21 07:43:31 UTC completed_step=18752 elapsed_seconds=3499.26 learning_rate=0.000357546
2026-09-21 07:43:33 UTC completed_step=18768 elapsed_seconds=3501.97 learning_rate=0.000357208
2026-09-21 07:43:36 UTC completed_step=18784 elapsed_seconds=3504.68 learning_rate=0.000356869
2026-09-21 07:43:39 UTC completed_step=18800 elapsed_seconds=3507.4 learning_rate=0.000356531
2026-09-21 07:43:42 UTC completed_step=18816 elapsed_seconds=3510.11 learning_rate=0.000356192
2026-09-21 07:43:44 UTC step=18816 elapsed_seconds=3512.29 mean_loss=0.912111 errors=1560/10002 exact_sentences=329/1024
2026-09-21 07:43:46 UTC completed_step=18832 elapsed_seconds=3515.01 learning_rate=0.000355854
2026-09-21 07:43:49 UTC completed_step=18848 elapsed_seconds=3517.71 learning_rate=0.000355515
2026-09-21 07:43:52 UTC completed_step=18864 elapsed_seconds=3520.42 learning_rate=0.000355176
2026-09-21 07:43:55 UTC completed_step=18880 elapsed_seconds=3523.14 learning_rate=0.000354838
2026-09-21 07:43:57 UTC completed_step=18896 elapsed_seconds=3525.84 learning_rate=0.000354499
2026-09-21 07:44:00 UTC completed_step=18912 elapsed_seconds=3528.55 learning_rate=0.00035416
2026-09-21 07:44:03 UTC completed_step=18928 elapsed_seconds=3531.26 learning_rate=0.000353821
2026-09-21 07:44:05 UTC completed_step=18944 elapsed_seconds=3533.97 learning_rate=0.000353483
2026-09-21 07:44:08 UTC step=18944 elapsed_seconds=3536.16 mean_loss=0.873691 errors=1432/10002 exact_sentences=360/1024
2026-09-21 07:44:10 UTC completed_step=18960 elapsed_seconds=3538.88 learning_rate=0.000353144
2026-09-21 07:44:13 UTC completed_step=18976 elapsed_seconds=3541.59 learning_rate=0.000352805
2026-09-21 07:44:16 UTC completed_step=18992 elapsed_seconds=3544.3 learning_rate=0.000352466
2026-09-21 07:44:18 UTC completed_step=19008 elapsed_seconds=3547.01 learning_rate=0.000352127
2026-09-21 07:44:21 UTC completed_step=19024 elapsed_seconds=3549.72 learning_rate=0.000351788
2026-09-21 07:44:24 UTC completed_step=19040 elapsed_seconds=3552.42 learning_rate=0.000351449
2026-09-21 07:44:27 UTC completed_step=19056 elapsed_seconds=3555.14 learning_rate=0.00035111
2026-09-21 07:44:29 UTC completed_step=19072 elapsed_seconds=3557.84 learning_rate=0.000350771
2026-09-21 07:44:32 UTC step=19072 elapsed_seconds=3560.03 mean_loss=0.872246 errors=1404/10002 exact_sentences=367/1024
2026-09-21 07:44:34 UTC completed_step=19088 elapsed_seconds=3562.74 learning_rate=0.000350432
2026-09-21 07:44:37 UTC completed_step=19104 elapsed_seconds=3565.45 learning_rate=0.000350092
2026-09-21 07:44:40 UTC completed_step=19120 elapsed_seconds=3568.16 learning_rate=0.000349753
2026-09-21 07:44:42 UTC completed_step=19136 elapsed_seconds=3570.87 learning_rate=0.000349414
2026-09-21 07:44:45 UTC completed_step=19152 elapsed_seconds=3573.58 learning_rate=0.000349075
2026-09-21 07:44:48 UTC completed_step=19168 elapsed_seconds=3576.29 learning_rate=0.000348735
2026-09-21 07:44:50 UTC completed_step=19184 elapsed_seconds=3579 learning_rate=0.000348396
2026-09-21 07:44:53 UTC completed_step=19200 elapsed_seconds=3581.71 learning_rate=0.000348057
2026-09-21 07:44:55 UTC step=19200 elapsed_seconds=3583.89 mean_loss=0.869193 errors=1466/10002 exact_sentences=346/1024
2026-09-21 07:44:58 UTC completed_step=19216 elapsed_seconds=3586.6 learning_rate=0.000347717
2026-09-21 07:45:01 UTC completed_step=19232 elapsed_seconds=3589.31 learning_rate=0.000347378
2026-09-21 07:45:03 UTC completed_step=19248 elapsed_seconds=3592.02 learning_rate=0.000347038
2026-09-21 07:45:06 UTC completed_step=19264 elapsed_seconds=3594.73 learning_rate=0.000346699
2026-09-21 07:45:09 UTC completed_step=19280 elapsed_seconds=3597.44 learning_rate=0.000346359
2026-09-21 07:45:12 UTC completed_step=19296 elapsed_seconds=3600.15 learning_rate=0.00034602
2026-09-21 07:45:14 UTC completed_step=19312 elapsed_seconds=3602.86 learning_rate=0.00034568
2026-09-21 07:45:17 UTC completed_step=19328 elapsed_seconds=3605.57 learning_rate=0.000345341
2026-09-21 07:45:19 UTC step=19328 elapsed_seconds=3607.76 mean_loss=0.840156 errors=1376/10002 exact_sentences=371/1024
2026-09-21 07:45:22 UTC completed_step=19344 elapsed_seconds=3610.47 learning_rate=0.000345001
2026-09-21 07:45:25 UTC completed_step=19360 elapsed_seconds=3613.18 learning_rate=0.000344661
2026-09-21 07:45:27 UTC completed_step=19376 elapsed_seconds=3615.89 learning_rate=0.000344322
2026-09-21 07:45:30 UTC completed_step=19392 elapsed_seconds=3618.6 learning_rate=0.000343982
2026-09-21 07:45:33 UTC completed_step=19408 elapsed_seconds=3621.31 learning_rate=0.000343642
2026-09-21 07:45:35 UTC completed_step=19424 elapsed_seconds=3624.02 learning_rate=0.000343303
2026-09-21 07:45:38 UTC completed_step=19440 elapsed_seconds=3626.73 learning_rate=0.000342963
2026-09-21 07:45:41 UTC completed_step=19456 elapsed_seconds=3629.43 learning_rate=0.000342623
2026-09-21 07:45:43 UTC step=19456 elapsed_seconds=3631.62 mean_loss=0.82246 errors=1329/10002 exact_sentences=397/1024
2026-09-21 07:45:46 UTC completed_step=19472 elapsed_seconds=3634.34 learning_rate=0.000342283
2026-09-21 07:45:49 UTC completed_step=19488 elapsed_seconds=3637.05 learning_rate=0.000341944
2026-09-21 07:45:51 UTC completed_step=19504 elapsed_seconds=3639.75 learning_rate=0.000341604
2026-09-21 07:45:54 UTC completed_step=19520 elapsed_seconds=3642.46 learning_rate=0.000341264
2026-09-21 07:45:57 UTC completed_step=19536 elapsed_seconds=3645.17 learning_rate=0.000340924
2026-09-21 07:45:59 UTC completed_step=19552 elapsed_seconds=3647.88 learning_rate=0.000340584
2026-09-21 07:46:02 UTC completed_step=19568 elapsed_seconds=3650.59 learning_rate=0.000340244
2026-09-21 07:46:05 UTC completed_step=19584 elapsed_seconds=3653.3 learning_rate=0.000339904
2026-09-21 07:46:07 UTC step=19584 elapsed_seconds=3655.51 mean_loss=0.820576 errors=1299/10002 exact_sentences=406/1024
2026-09-21 07:46:10 UTC completed_step=19600 elapsed_seconds=3658.22 learning_rate=0.000339564
2026-09-21 07:46:12 UTC completed_step=19616 elapsed_seconds=3660.93 learning_rate=0.000339225
2026-09-21 07:46:15 UTC completed_step=19632 elapsed_seconds=3663.64 learning_rate=0.000338885
2026-09-21 07:46:18 UTC completed_step=19648 elapsed_seconds=3666.34 learning_rate=0.000338545
2026-09-21 07:46:21 UTC completed_step=19664 elapsed_seconds=3669.05 learning_rate=0.000338205
2026-09-21 07:46:23 UTC completed_step=19680 elapsed_seconds=3671.76 learning_rate=0.000337865
2026-09-21 07:46:26 UTC completed_step=19696 elapsed_seconds=3674.47 learning_rate=0.000337525
2026-09-21 07:46:29 UTC completed_step=19712 elapsed_seconds=3677.18 learning_rate=0.000337185
2026-09-21 07:46:31 UTC step=19712 elapsed_seconds=3679.37 mean_loss=0.830153 errors=1383/10002 exact_sentences=374/1024
2026-09-21 07:46:34 UTC completed_step=19728 elapsed_seconds=3682.08 learning_rate=0.000336845
2026-09-21 07:46:36 UTC completed_step=19744 elapsed_seconds=3684.79 learning_rate=0.000336505
2026-09-21 07:46:39 UTC completed_step=19760 elapsed_seconds=3687.49 learning_rate=0.000336165
2026-09-21 07:46:42 UTC completed_step=19776 elapsed_seconds=3690.2 learning_rate=0.000335824
2026-09-21 07:46:44 UTC completed_step=19792 elapsed_seconds=3692.91 learning_rate=0.000335484
2026-09-21 07:46:47 UTC completed_step=19808 elapsed_seconds=3695.62 learning_rate=0.000335144
2026-09-21 07:46:50 UTC completed_step=19824 elapsed_seconds=3698.33 learning_rate=0.000334804
2026-09-21 07:46:53 UTC completed_step=19840 elapsed_seconds=3701.03 learning_rate=0.000334464
2026-09-21 07:46:55 UTC step=19840 elapsed_seconds=3703.21 mean_loss=0.820999 errors=1320/10002 exact_sentences=389/1024
2026-09-21 07:46:57 UTC completed_step=19856 elapsed_seconds=3705.92 learning_rate=0.000334124
2026-09-21 07:47:00 UTC completed_step=19872 elapsed_seconds=3708.63 learning_rate=0.000333784
2026-09-21 07:47:03 UTC completed_step=19888 elapsed_seconds=3711.34 learning_rate=0.000333444
2026-09-21 07:47:06 UTC completed_step=19904 elapsed_seconds=3714.05 learning_rate=0.000333104
2026-09-21 07:47:08 UTC completed_step=19920 elapsed_seconds=3716.76 learning_rate=0.000332764
2026-09-21 07:47:11 UTC completed_step=19936 elapsed_seconds=3719.47 learning_rate=0.000332423
2026-09-21 07:47:14 UTC completed_step=19952 elapsed_seconds=3722.18 learning_rate=0.000332083
2026-09-21 07:47:16 UTC completed_step=19968 elapsed_seconds=3724.89 learning_rate=0.000331743
2026-09-21 07:47:19 UTC step=19968 elapsed_seconds=3727.07 mean_loss=0.795483 errors=1274/10002 exact_sentences=411/1024
2026-09-21 07:47:21 UTC completed_step=19984 elapsed_seconds=3729.79 learning_rate=0.000331403
2026-09-21 07:47:24 UTC completed_step=20000 elapsed_seconds=3732.5 learning_rate=0.000331063
2026-09-21 07:47:27 UTC completed_step=20016 elapsed_seconds=3735.21 learning_rate=0.000330723
2026-09-21 07:47:29 UTC completed_step=20032 elapsed_seconds=3737.92 learning_rate=0.000330383
2026-09-21 07:47:32 UTC completed_step=20048 elapsed_seconds=3740.63 learning_rate=0.000330043
2026-09-21 07:47:35 UTC completed_step=20064 elapsed_seconds=3743.34 learning_rate=0.000329702
2026-09-21 07:47:38 UTC completed_step=20080 elapsed_seconds=3746.05 learning_rate=0.000329362
2026-09-21 07:47:40 UTC completed_step=20096 elapsed_seconds=3748.76 learning_rate=0.000329022
2026-09-21 07:47:42 UTC step=20096 elapsed_seconds=3750.94 mean_loss=0.772706 errors=1227/10002 exact_sentences=419/1024
2026-09-21 07:47:45 UTC completed_step=20112 elapsed_seconds=3753.66 learning_rate=0.000328682
2026-09-21 07:47:48 UTC completed_step=20128 elapsed_seconds=3756.36 learning_rate=0.000328342
2026-09-21 07:47:51 UTC completed_step=20144 elapsed_seconds=3759.07 learning_rate=0.000328002
2026-09-21 07:47:53 UTC completed_step=20160 elapsed_seconds=3761.78 learning_rate=0.000327662
2026-09-21 07:47:56 UTC completed_step=20176 elapsed_seconds=3764.49 learning_rate=0.000327321
2026-09-21 07:47:59 UTC completed_step=20192 elapsed_seconds=3767.2 learning_rate=0.000326981
2026-09-21 07:48:01 UTC completed_step=20208 elapsed_seconds=3769.91 learning_rate=0.000326641
2026-09-21 07:48:04 UTC completed_step=20224 elapsed_seconds=3772.62 learning_rate=0.000326301
2026-09-21 07:48:06 UTC step=20224 elapsed_seconds=3774.79 mean_loss=0.79823 errors=1338/10002 exact_sentences=379/1024
2026-09-21 07:48:09 UTC completed_step=20240 elapsed_seconds=3777.5 learning_rate=0.000325961
2026-09-21 07:48:12 UTC completed_step=20256 elapsed_seconds=3780.22 learning_rate=0.000325621
2026-09-21 07:48:14 UTC completed_step=20272 elapsed_seconds=3782.93 learning_rate=0.000325281
2026-09-21 07:48:17 UTC completed_step=20288 elapsed_seconds=3785.63 learning_rate=0.000324941
2026-09-21 07:48:20 UTC completed_step=20304 elapsed_seconds=3788.34 learning_rate=0.000324601
2026-09-21 07:48:23 UTC completed_step=20320 elapsed_seconds=3791.05 learning_rate=0.000324261
2026-09-21 07:48:25 UTC completed_step=20336 elapsed_seconds=3793.76 learning_rate=0.00032392
2026-09-21 07:48:28 UTC completed_step=20352 elapsed_seconds=3796.47 learning_rate=0.00032358
2026-09-21 07:48:30 UTC step=20352 elapsed_seconds=3798.66 mean_loss=0.811723 errors=1312/10002 exact_sentences=406/1024
2026-09-21 07:48:33 UTC completed_step=20368 elapsed_seconds=3801.38 learning_rate=0.00032324
2026-09-21 07:48:36 UTC completed_step=20384 elapsed_seconds=3804.09 learning_rate=0.0003229
2026-09-21 07:48:38 UTC completed_step=20400 elapsed_seconds=3806.8 learning_rate=0.00032256
2026-09-21 07:48:41 UTC completed_step=20416 elapsed_seconds=3809.51 learning_rate=0.00032222
2026-09-21 07:48:44 UTC completed_step=20432 elapsed_seconds=3812.22 learning_rate=0.00032188
2026-09-21 07:48:46 UTC completed_step=20448 elapsed_seconds=3814.93 learning_rate=0.00032154
2026-09-21 07:48:49 UTC completed_step=20464 elapsed_seconds=3817.64 learning_rate=0.0003212
2026-09-21 07:48:52 UTC completed_step=20480 elapsed_seconds=3820.34 learning_rate=0.00032086
2026-09-21 07:48:54 UTC step=20480 elapsed_seconds=3822.54 mean_loss=0.749024 errors=1163/10002 exact_sentences=446/1024
2026-09-21 07:48:57 UTC completed_step=20496 elapsed_seconds=3825.26 learning_rate=0.00032052
2026-09-21 07:48:59 UTC completed_step=20512 elapsed_seconds=3827.97 learning_rate=0.000320181
2026-09-21 07:49:02 UTC completed_step=20528 elapsed_seconds=3830.68 learning_rate=0.000319841
2026-09-21 07:49:05 UTC completed_step=20544 elapsed_seconds=3833.39 learning_rate=0.000319501
2026-09-21 07:49:08 UTC completed_step=20560 elapsed_seconds=3836.1 learning_rate=0.000319161
2026-09-21 07:49:10 UTC completed_step=20576 elapsed_seconds=3838.81 learning_rate=0.000318821
2026-09-21 07:49:13 UTC completed_step=20592 elapsed_seconds=3841.52 learning_rate=0.000318481
2026-09-21 07:49:16 UTC completed_step=20608 elapsed_seconds=3844.22 learning_rate=0.000318141
2026-09-21 07:49:18 UTC step=20608 elapsed_seconds=3846.41 mean_loss=0.761424 errors=1207/10002 exact_sentences=420/1024
2026-09-21 07:49:21 UTC completed_step=20624 elapsed_seconds=3849.12 learning_rate=0.000317802
2026-09-21 07:49:23 UTC completed_step=20640 elapsed_seconds=3851.83 learning_rate=0.000317462
2026-09-21 07:49:26 UTC completed_step=20656 elapsed_seconds=3854.54 learning_rate=0.000317122
2026-09-21 07:49:29 UTC completed_step=20672 elapsed_seconds=3857.25 learning_rate=0.000316782
2026-09-21 07:49:31 UTC completed_step=20688 elapsed_seconds=3859.96 learning_rate=0.000316443
2026-09-21 07:49:34 UTC completed_step=20704 elapsed_seconds=3862.67 learning_rate=0.000316103
2026-09-21 07:49:37 UTC completed_step=20720 elapsed_seconds=3865.38 learning_rate=0.000315763
2026-09-21 07:49:40 UTC completed_step=20736 elapsed_seconds=3868.09 learning_rate=0.000315423
2026-09-21 07:49:42 UTC step=20736 elapsed_seconds=3870.28 mean_loss=0.778811 errors=1264/10002 exact_sentences=405/1024
2026-09-21 07:49:44 UTC completed_step=20752 elapsed_seconds=3872.99 learning_rate=0.000315084
2026-09-21 07:49:47 UTC completed_step=20768 elapsed_seconds=3875.7 learning_rate=0.000314744
2026-09-21 07:49:50 UTC completed_step=20784 elapsed_seconds=3878.41 learning_rate=0.000314405
2026-09-21 07:49:53 UTC completed_step=20800 elapsed_seconds=3881.12 learning_rate=0.000314065
2026-09-21 07:49:55 UTC completed_step=20816 elapsed_seconds=3883.83 learning_rate=0.000313726
2026-09-21 07:49:58 UTC completed_step=20832 elapsed_seconds=3886.54 learning_rate=0.000313386
2026-09-21 07:50:01 UTC completed_step=20848 elapsed_seconds=3889.24 learning_rate=0.000313047
2026-09-21 07:50:03 UTC completed_step=20864 elapsed_seconds=3891.95 learning_rate=0.000312707
2026-09-21 07:50:06 UTC step=20864 elapsed_seconds=3894.14 mean_loss=0.737433 errors=1147/10002 exact_sentences=437/1024
2026-09-21 07:50:08 UTC completed_step=20880 elapsed_seconds=3896.85 learning_rate=0.000312368
2026-09-21 07:50:11 UTC completed_step=20896 elapsed_seconds=3899.56 learning_rate=0.000312028
2026-09-21 07:50:14 UTC completed_step=20912 elapsed_seconds=3902.27 learning_rate=0.000311689
2026-09-21 07:50:16 UTC completed_step=20928 elapsed_seconds=3904.98 learning_rate=0.00031135
2026-09-21 07:50:19 UTC completed_step=20944 elapsed_seconds=3907.69 learning_rate=0.00031101
2026-09-21 07:50:22 UTC completed_step=20960 elapsed_seconds=3910.4 learning_rate=0.000310671
2026-09-21 07:50:25 UTC completed_step=20976 elapsed_seconds=3913.11 learning_rate=0.000310332
2026-09-21 07:50:27 UTC completed_step=20992 elapsed_seconds=3915.81 learning_rate=0.000309992
2026-09-21 07:50:29 UTC step=20992 elapsed_seconds=3918.01 mean_loss=0.732703 errors=1171/10002 exact_sentences=448/1024
2026-09-21 07:50:32 UTC completed_step=21008 elapsed_seconds=3920.73 learning_rate=0.000309653
2026-09-21 07:50:35 UTC completed_step=21024 elapsed_seconds=3923.44 learning_rate=0.000309314
2026-09-21 07:50:38 UTC completed_step=21040 elapsed_seconds=3926.15 learning_rate=0.000308975
2026-09-21 07:50:40 UTC completed_step=21056 elapsed_seconds=3928.86 learning_rate=0.000308636
2026-09-21 07:50:43 UTC completed_step=21072 elapsed_seconds=3931.57 learning_rate=0.000308297
2026-09-21 07:50:46 UTC completed_step=21088 elapsed_seconds=3934.28 learning_rate=0.000307958
2026-09-21 07:50:48 UTC completed_step=21104 elapsed_seconds=3936.99 learning_rate=0.000307619
2026-09-21 07:50:51 UTC completed_step=21120 elapsed_seconds=3939.7 learning_rate=0.00030728
2026-09-21 07:50:53 UTC step=21120 elapsed_seconds=3941.88 mean_loss=0.730642 errors=1139/10002 exact_sentences=457/1024
2026-09-21 07:50:56 UTC completed_step=21136 elapsed_seconds=3944.59 learning_rate=0.000306941
2026-09-21 07:50:59 UTC completed_step=21152 elapsed_seconds=3947.3 learning_rate=0.000306602
2026-09-21 07:51:01 UTC completed_step=21168 elapsed_seconds=3950.02 learning_rate=0.000306263
2026-09-21 07:51:04 UTC completed_step=21184 elapsed_seconds=3952.73 learning_rate=0.000305924
2026-09-21 07:51:07 UTC completed_step=21200 elapsed_seconds=3955.44 learning_rate=0.000305586
2026-09-21 07:51:10 UTC completed_step=21216 elapsed_seconds=3958.15 learning_rate=0.000305247
2026-09-21 07:51:12 UTC completed_step=21232 elapsed_seconds=3960.85 learning_rate=0.000304908
2026-09-21 07:51:15 UTC completed_step=21248 elapsed_seconds=3963.56 learning_rate=0.00030457
2026-09-21 07:51:17 UTC step=21248 elapsed_seconds=3965.75 mean_loss=0.716219 errors=1084/10002 exact_sentences=463/1024
2026-09-21 07:51:20 UTC completed_step=21264 elapsed_seconds=3968.46 learning_rate=0.000304231
2026-09-21 07:51:23 UTC completed_step=21280 elapsed_seconds=3971.17 learning_rate=0.000303892
2026-09-21 07:51:25 UTC completed_step=21296 elapsed_seconds=3973.88 learning_rate=0.000303554
2026-09-21 07:51:28 UTC completed_step=21312 elapsed_seconds=3976.58 learning_rate=0.000303215
2026-09-21 07:51:31 UTC completed_step=21328 elapsed_seconds=3979.29 learning_rate=0.000302877
2026-09-21 07:51:33 UTC completed_step=21344 elapsed_seconds=3982 learning_rate=0.000302539
2026-09-21 07:51:36 UTC completed_step=21360 elapsed_seconds=3984.71 learning_rate=0.0003022
2026-09-21 07:51:39 UTC completed_step=21376 elapsed_seconds=3987.42 learning_rate=0.000301862
2026-09-21 07:51:41 UTC step=21376 elapsed_seconds=3989.62 mean_loss=0.700574 errors=1047/10002 exact_sentences=483/1024
2026-09-21 07:51:44 UTC completed_step=21392 elapsed_seconds=3992.33 learning_rate=0.000301524
2026-09-21 07:51:47 UTC completed_step=21408 elapsed_seconds=3995.04 learning_rate=0.000301185
2026-09-21 07:51:49 UTC completed_step=21424 elapsed_seconds=3997.75 learning_rate=0.000300847
2026-09-21 07:51:52 UTC completed_step=21440 elapsed_seconds=4000.46 learning_rate=0.000300509
2026-09-21 07:51:55 UTC completed_step=21456 elapsed_seconds=4003.17 learning_rate=0.000300171
2026-09-21 07:51:57 UTC completed_step=21472 elapsed_seconds=4005.88 learning_rate=0.000299833
2026-09-21 07:52:00 UTC completed_step=21488 elapsed_seconds=4008.59 learning_rate=0.000299495
2026-09-21 07:52:03 UTC completed_step=21504 elapsed_seconds=4011.3 learning_rate=0.000299157
2026-09-21 07:52:05 UTC step=21504 elapsed_seconds=4013.51 mean_loss=0.704979 errors=1089/10002 exact_sentences=478/1024
2026-09-21 07:52:08 UTC completed_step=21520 elapsed_seconds=4016.23 learning_rate=0.000298819
2026-09-21 07:52:10 UTC completed_step=21536 elapsed_seconds=4018.94 learning_rate=0.000298481
2026-09-21 07:52:13 UTC completed_step=21552 elapsed_seconds=4021.65 learning_rate=0.000298144
2026-09-21 07:52:16 UTC completed_step=21568 elapsed_seconds=4024.36 learning_rate=0.000297806
2026-09-21 07:52:19 UTC completed_step=21584 elapsed_seconds=4027.07 learning_rate=0.000297468
2026-09-21 07:52:21 UTC completed_step=21600 elapsed_seconds=4029.79 learning_rate=0.00029713
2026-09-21 07:52:24 UTC completed_step=21616 elapsed_seconds=4032.49 learning_rate=0.000296793
2026-09-21 07:52:27 UTC completed_step=21632 elapsed_seconds=4035.2 learning_rate=0.000296455
2026-09-21 07:52:29 UTC step=21632 elapsed_seconds=4037.38 mean_loss=0.712893 errors=1080/10002 exact_sentences=466/1024
2026-09-21 07:52:32 UTC completed_step=21648 elapsed_seconds=4040.1 learning_rate=0.000296118
2026-09-21 07:52:34 UTC completed_step=21664 elapsed_seconds=4042.81 learning_rate=0.00029578
2026-09-21 07:52:37 UTC completed_step=21680 elapsed_seconds=4045.52 learning_rate=0.000295443
2026-09-21 07:52:40 UTC completed_step=21696 elapsed_seconds=4048.22 learning_rate=0.000295106
2026-09-21 07:52:42 UTC completed_step=21712 elapsed_seconds=4050.93 learning_rate=0.000294768
2026-09-21 07:52:45 UTC completed_step=21728 elapsed_seconds=4053.64 learning_rate=0.000294431
2026-09-21 07:52:48 UTC completed_step=21744 elapsed_seconds=4056.35 learning_rate=0.000294094
2026-09-21 07:52:51 UTC completed_step=21760 elapsed_seconds=4059.06 learning_rate=0.000293757
2026-09-21 07:52:53 UTC step=21760 elapsed_seconds=4061.26 mean_loss=0.70786 errors=1095/10002 exact_sentences=464/1024
2026-09-21 07:52:55 UTC completed_step=21776 elapsed_seconds=4063.97 learning_rate=0.00029342
2026-09-21 07:52:58 UTC completed_step=21792 elapsed_seconds=4066.68 learning_rate=0.000293083
2026-09-21 07:53:01 UTC completed_step=21808 elapsed_seconds=4069.39 learning_rate=0.000292746
2026-09-21 07:53:04 UTC completed_step=21824 elapsed_seconds=4072.11 learning_rate=0.000292409
2026-09-21 07:53:06 UTC completed_step=21840 elapsed_seconds=4074.82 learning_rate=0.000292072
2026-09-21 07:53:09 UTC completed_step=21856 elapsed_seconds=4077.53 learning_rate=0.000291736
2026-09-21 07:53:12 UTC completed_step=21872 elapsed_seconds=4080.24 learning_rate=0.000291399
2026-09-21 07:53:14 UTC completed_step=21888 elapsed_seconds=4082.95 learning_rate=0.000291062
2026-09-21 07:53:17 UTC step=21888 elapsed_seconds=4085.12 mean_loss=0.702837 errors=1074/10002 exact_sentences=469/1024
2026-09-21 07:53:19 UTC completed_step=21904 elapsed_seconds=4087.83 learning_rate=0.000290726
2026-09-21 07:53:22 UTC completed_step=21920 elapsed_seconds=4090.54 learning_rate=0.000290389
2026-09-21 07:53:25 UTC completed_step=21936 elapsed_seconds=4093.25 learning_rate=0.000290053
2026-09-21 07:53:27 UTC completed_step=21952 elapsed_seconds=4095.96 learning_rate=0.000289717
2026-09-21 07:53:30 UTC completed_step=21968 elapsed_seconds=4098.67 learning_rate=0.00028938
2026-09-21 07:53:33 UTC completed_step=21984 elapsed_seconds=4101.38 learning_rate=0.000289044
2026-09-21 07:53:36 UTC completed_step=22000 elapsed_seconds=4104.09 learning_rate=0.000288708
2026-09-21 07:53:38 UTC completed_step=22016 elapsed_seconds=4106.8 learning_rate=0.000288372
2026-09-21 07:53:40 UTC step=22016 elapsed_seconds=4108.97 mean_loss=0.662576 errors=1026/10002 exact_sentences=492/1024
2026-09-21 07:53:43 UTC completed_step=22032 elapsed_seconds=4111.69 learning_rate=0.000288036
2026-09-21 07:53:46 UTC completed_step=22048 elapsed_seconds=4114.4 learning_rate=0.0002877
2026-09-21 07:53:49 UTC completed_step=22064 elapsed_seconds=4117.11 learning_rate=0.000287364
2026-09-21 07:53:51 UTC completed_step=22080 elapsed_seconds=4119.82 learning_rate=0.000287028
2026-09-21 07:53:54 UTC completed_step=22096 elapsed_seconds=4122.52 learning_rate=0.000286692
2026-09-21 07:53:57 UTC completed_step=22112 elapsed_seconds=4125.23 learning_rate=0.000286356
2026-09-21 07:53:59 UTC completed_step=22128 elapsed_seconds=4127.94 learning_rate=0.000286021
2026-09-21 07:54:02 UTC completed_step=22144 elapsed_seconds=4130.65 learning_rate=0.000285685
2026-09-21 07:54:04 UTC step=22144 elapsed_seconds=4132.83 mean_loss=0.642242 errors=900/10002 exact_sentences=537/1024
2026-09-21 07:54:07 UTC completed_step=22160 elapsed_seconds=4135.54 learning_rate=0.00028535
2026-09-21 07:54:10 UTC completed_step=22176 elapsed_seconds=4138.25 learning_rate=0.000285014
2026-09-21 07:54:12 UTC completed_step=22192 elapsed_seconds=4140.96 learning_rate=0.000284679
2026-09-21 07:54:15 UTC completed_step=22208 elapsed_seconds=4143.67 learning_rate=0.000284344
2026-09-21 07:54:18 UTC completed_step=22224 elapsed_seconds=4146.38 learning_rate=0.000284009
2026-09-21 07:54:21 UTC completed_step=22240 elapsed_seconds=4149.08 learning_rate=0.000283673
2026-09-21 07:54:23 UTC completed_step=22256 elapsed_seconds=4151.79 learning_rate=0.000283338
2026-09-21 07:54:26 UTC completed_step=22272 elapsed_seconds=4154.5 learning_rate=0.000283003
2026-09-21 07:54:28 UTC step=22272 elapsed_seconds=4156.68 mean_loss=0.64929 errors=946/10002 exact_sentences=513/1024
2026-09-21 07:54:31 UTC completed_step=22288 elapsed_seconds=4159.4 learning_rate=0.000282668
2026-09-21 07:54:34 UTC completed_step=22304 elapsed_seconds=4162.11 learning_rate=0.000282334
2026-09-21 07:54:36 UTC completed_step=22320 elapsed_seconds=4164.81 learning_rate=0.000281999
2026-09-21 07:54:39 UTC completed_step=22336 elapsed_seconds=4167.53 learning_rate=0.000281664
2026-09-21 07:54:42 UTC completed_step=22352 elapsed_seconds=4170.23 learning_rate=0.00028133
2026-09-21 07:54:44 UTC completed_step=22368 elapsed_seconds=4172.94 learning_rate=0.000280995
2026-09-21 07:54:47 UTC completed_step=22384 elapsed_seconds=4175.65 learning_rate=0.000280661
2026-09-21 07:54:50 UTC completed_step=22400 elapsed_seconds=4178.36 learning_rate=0.000280326
2026-09-21 07:54:52 UTC step=22400 elapsed_seconds=4180.55 mean_loss=0.634105 errors=870/10002 exact_sentences=535/1024
2026-09-21 07:54:55 UTC completed_step=22416 elapsed_seconds=4183.26 learning_rate=0.000279992
2026-09-21 07:54:57 UTC completed_step=22432 elapsed_seconds=4185.97 learning_rate=0.000279658
2026-09-21 07:55:00 UTC completed_step=22448 elapsed_seconds=4188.68 learning_rate=0.000279324
2026-09-21 07:55:03 UTC completed_step=22464 elapsed_seconds=4191.39 learning_rate=0.000278989
2026-09-21 07:55:06 UTC completed_step=22480 elapsed_seconds=4194.1 learning_rate=0.000278655
2026-09-21 07:55:08 UTC completed_step=22496 elapsed_seconds=4196.81 learning_rate=0.000278322
2026-09-21 07:55:11 UTC completed_step=22512 elapsed_seconds=4199.52 learning_rate=0.000277988
2026-09-21 07:55:14 UTC completed_step=22528 elapsed_seconds=4202.23 learning_rate=0.000277654
2026-09-21 07:55:16 UTC step=22528 elapsed_seconds=4204.42 mean_loss=0.632843 errors=908/10002 exact_sentences=528/1024
2026-09-21 07:55:19 UTC completed_step=22544 elapsed_seconds=4207.14 learning_rate=0.00027732
2026-09-21 07:55:21 UTC completed_step=22560 elapsed_seconds=4209.85 learning_rate=0.000276987
2026-09-21 07:55:24 UTC completed_step=22576 elapsed_seconds=4212.56 learning_rate=0.000276653
2026-09-21 07:55:27 UTC completed_step=22592 elapsed_seconds=4215.27 learning_rate=0.00027632
2026-09-21 07:55:29 UTC completed_step=22608 elapsed_seconds=4217.98 learning_rate=0.000275987
2026-09-21 07:55:32 UTC completed_step=22624 elapsed_seconds=4220.69 learning_rate=0.000275653
2026-09-21 07:55:35 UTC completed_step=22640 elapsed_seconds=4223.4 learning_rate=0.00027532
2026-09-21 07:55:38 UTC completed_step=22656 elapsed_seconds=4226.11 learning_rate=0.000274987
2026-09-21 07:55:40 UTC step=22656 elapsed_seconds=4228.29 mean_loss=0.625691 errors=874/10002 exact_sentences=547/1024
2026-09-21 07:55:42 UTC completed_step=22672 elapsed_seconds=4231.01 learning_rate=0.000274654
2026-09-21 07:55:45 UTC completed_step=22688 elapsed_seconds=4233.71 learning_rate=0.000274321
2026-09-21 07:55:48 UTC completed_step=22704 elapsed_seconds=4236.42 learning_rate=0.000273989
2026-09-21 07:55:51 UTC completed_step=22720 elapsed_seconds=4239.13 learning_rate=0.000273656
2026-09-21 07:55:53 UTC completed_step=22736 elapsed_seconds=4241.84 learning_rate=0.000273323
2026-09-21 07:55:56 UTC completed_step=22752 elapsed_seconds=4244.55 learning_rate=0.000272991
2026-09-21 07:55:59 UTC completed_step=22768 elapsed_seconds=4247.26 learning_rate=0.000272658
2026-09-21 07:56:01 UTC completed_step=22784 elapsed_seconds=4249.96 learning_rate=0.000272326
2026-09-21 07:56:04 UTC step=22784 elapsed_seconds=4252.15 mean_loss=0.611983 errors=832/10002 exact_sentences=552/1024
2026-09-21 07:56:06 UTC completed_step=22800 elapsed_seconds=4254.86 learning_rate=0.000271994
2026-09-21 07:56:09 UTC completed_step=22816 elapsed_seconds=4257.57 learning_rate=0.000271662
2026-09-21 07:56:12 UTC completed_step=22832 elapsed_seconds=4260.28 learning_rate=0.00027133
2026-09-21 07:56:14 UTC completed_step=22848 elapsed_seconds=4262.99 learning_rate=0.000270998
2026-09-21 07:56:17 UTC completed_step=22864 elapsed_seconds=4265.7 learning_rate=0.000270666
2026-09-21 07:56:20 UTC completed_step=22880 elapsed_seconds=4268.41 learning_rate=0.000270334
2026-09-21 07:56:23 UTC completed_step=22896 elapsed_seconds=4271.11 learning_rate=0.000270002
2026-09-21 07:56:25 UTC completed_step=22912 elapsed_seconds=4273.82 learning_rate=0.000269671
2026-09-21 07:56:27 UTC step=22912 elapsed_seconds=4276.01 mean_loss=0.607057 errors=824/10002 exact_sentences=562/1024
2026-09-21 07:56:30 UTC completed_step=22928 elapsed_seconds=4278.72 learning_rate=0.000269339
2026-09-21 07:56:33 UTC completed_step=22944 elapsed_seconds=4281.43 learning_rate=0.000269008
2026-09-21 07:56:36 UTC completed_step=22960 elapsed_seconds=4284.14 learning_rate=0.000268676
2026-09-21 07:56:38 UTC completed_step=22976 elapsed_seconds=4286.86 learning_rate=0.000268345
2026-09-21 07:56:41 UTC completed_step=22992 elapsed_seconds=4289.57 learning_rate=0.000268014
2026-09-21 07:56:44 UTC completed_step=23008 elapsed_seconds=4292.27 learning_rate=0.000267683
2026-09-21 07:56:46 UTC completed_step=23024 elapsed_seconds=4294.98 learning_rate=0.000267352
2026-09-21 07:56:49 UTC completed_step=23040 elapsed_seconds=4297.69 learning_rate=0.000267021
2026-09-21 07:56:51 UTC step=23040 elapsed_seconds=4299.88 mean_loss=0.595961 errors=824/10002 exact_sentences=562/1024
2026-09-21 07:56:54 UTC completed_step=23056 elapsed_seconds=4302.6 learning_rate=0.000266691
2026-09-21 07:56:57 UTC completed_step=23072 elapsed_seconds=4305.3 learning_rate=0.00026636
2026-09-21 07:56:59 UTC completed_step=23088 elapsed_seconds=4308.01 learning_rate=0.00026603
2026-09-21 07:57:02 UTC completed_step=23104 elapsed_seconds=4310.72 learning_rate=0.000265699
2026-09-21 07:57:05 UTC completed_step=23120 elapsed_seconds=4313.43 learning_rate=0.000265369
2026-09-21 07:57:08 UTC completed_step=23136 elapsed_seconds=4316.14 learning_rate=0.000265039
2026-09-21 07:57:10 UTC completed_step=23152 elapsed_seconds=4318.84 learning_rate=0.000264709
2026-09-21 07:57:13 UTC completed_step=23168 elapsed_seconds=4321.55 learning_rate=0.000264379
2026-09-21 07:57:15 UTC step=23168 elapsed_seconds=4323.73 mean_loss=0.596758 errors=826/10002 exact_sentences=556/1024
2026-09-21 07:57:18 UTC completed_step=23184 elapsed_seconds=4326.44 learning_rate=0.000264049
2026-09-21 07:57:21 UTC completed_step=23200 elapsed_seconds=4329.15 learning_rate=0.000263719
2026-09-21 07:57:23 UTC completed_step=23216 elapsed_seconds=4331.86 learning_rate=0.000263389
2026-09-21 07:57:26 UTC completed_step=23232 elapsed_seconds=4334.57 learning_rate=0.00026306
2026-09-21 07:57:29 UTC completed_step=23248 elapsed_seconds=4337.28 learning_rate=0.00026273
2026-09-21 07:57:31 UTC completed_step=23264 elapsed_seconds=4339.99 learning_rate=0.000262401
2026-09-21 07:57:34 UTC completed_step=23280 elapsed_seconds=4342.7 learning_rate=0.000262072
2026-09-21 07:57:37 UTC completed_step=23296 elapsed_seconds=4345.4 learning_rate=0.000261742
2026-09-21 07:57:39 UTC step=23296 elapsed_seconds=4347.6 mean_loss=0.57394 errors=773/10002 exact_sentences=577/1024
2026-09-21 07:57:42 UTC completed_step=23312 elapsed_seconds=4350.32 learning_rate=0.000261413
2026-09-21 07:57:45 UTC completed_step=23328 elapsed_seconds=4353.03 learning_rate=0.000261084
2026-09-21 07:57:47 UTC completed_step=23344 elapsed_seconds=4355.74 learning_rate=0.000260756
2026-09-21 07:57:50 UTC completed_step=23360 elapsed_seconds=4358.45 learning_rate=0.000260427
2026-09-21 07:57:53 UTC completed_step=23376 elapsed_seconds=4361.16 learning_rate=0.000260098
2026-09-21 07:57:55 UTC completed_step=23392 elapsed_seconds=4363.87 learning_rate=0.00025977
2026-09-21 07:57:58 UTC completed_step=23408 elapsed_seconds=4366.58 learning_rate=0.000259441
2026-09-21 07:58:01 UTC completed_step=23424 elapsed_seconds=4369.29 learning_rate=0.000259113
2026-09-21 07:58:03 UTC step=23424 elapsed_seconds=4371.49 mean_loss=0.596785 errors=823/10002 exact_sentences=568/1024
2026-09-21 07:58:06 UTC completed_step=23440 elapsed_seconds=4374.21 learning_rate=0.000258785
2026-09-21 07:58:08 UTC completed_step=23456 elapsed_seconds=4376.92 learning_rate=0.000258457
2026-09-21 07:58:11 UTC completed_step=23472 elapsed_seconds=4379.63 learning_rate=0.000258129
2026-09-21 07:58:14 UTC completed_step=23488 elapsed_seconds=4382.34 learning_rate=0.000257801
2026-09-21 07:58:17 UTC completed_step=23504 elapsed_seconds=4385.04 learning_rate=0.000257474
2026-09-21 07:58:19 UTC completed_step=23520 elapsed_seconds=4387.75 learning_rate=0.000257146
2026-09-21 07:58:22 UTC completed_step=23536 elapsed_seconds=4390.46 learning_rate=0.000256819
2026-09-21 07:58:25 UTC completed_step=23552 elapsed_seconds=4393.17 learning_rate=0.000256491
2026-09-21 07:58:27 UTC step=23552 elapsed_seconds=4395.36 mean_loss=0.578209 errors=787/10002 exact_sentences=572/1024
2026-09-21 07:58:30 UTC completed_step=23568 elapsed_seconds=4398.08 learning_rate=0.000256164
2026-09-21 07:58:32 UTC completed_step=23584 elapsed_seconds=4400.79 learning_rate=0.000255837
2026-09-21 07:58:35 UTC completed_step=23600 elapsed_seconds=4403.49 learning_rate=0.00025551
2026-09-21 07:58:38 UTC completed_step=23616 elapsed_seconds=4406.2 learning_rate=0.000255183
2026-09-21 07:58:40 UTC completed_step=23632 elapsed_seconds=4408.91 learning_rate=0.000254856
2026-09-21 07:58:43 UTC completed_step=23648 elapsed_seconds=4411.63 learning_rate=0.000254529
2026-09-21 07:58:46 UTC completed_step=23664 elapsed_seconds=4414.33 learning_rate=0.000254203
2026-09-21 07:58:49 UTC completed_step=23680 elapsed_seconds=4417.04 learning_rate=0.000253877
2026-09-21 07:58:51 UTC step=23680 elapsed_seconds=4419.22 mean_loss=0.577389 errors=787/10002 exact_sentences=579/1024
2026-09-21 07:58:53 UTC completed_step=23696 elapsed_seconds=4421.94 learning_rate=0.00025355
2026-09-21 07:58:56 UTC completed_step=23712 elapsed_seconds=4424.65 learning_rate=0.000253224
2026-09-21 07:58:59 UTC completed_step=23728 elapsed_seconds=4427.35 learning_rate=0.000252898
2026-09-21 07:59:02 UTC completed_step=23744 elapsed_seconds=4430.06 learning_rate=0.000252572
2026-09-21 07:59:04 UTC completed_step=23760 elapsed_seconds=4432.77 learning_rate=0.000252246
2026-09-21 07:59:07 UTC completed_step=23776 elapsed_seconds=4435.48 learning_rate=0.000251921
2026-09-21 07:59:10 UTC completed_step=23792 elapsed_seconds=4438.19 learning_rate=0.000251595
2026-09-21 07:59:12 UTC completed_step=23808 elapsed_seconds=4440.9 learning_rate=0.00025127
2026-09-21 07:59:15 UTC step=23808 elapsed_seconds=4443.07 mean_loss=0.562859 errors=765/10002 exact_sentences=585/1024
2026-09-21 07:59:17 UTC completed_step=23824 elapsed_seconds=4445.79 learning_rate=0.000250944
2026-09-21 07:59:20 UTC completed_step=23840 elapsed_seconds=4448.5 learning_rate=0.000250619
2026-09-21 07:59:23 UTC completed_step=23856 elapsed_seconds=4451.2 learning_rate=0.000250294
2026-09-21 07:59:25 UTC completed_step=23872 elapsed_seconds=4453.91 learning_rate=0.000249969
2026-09-21 07:59:28 UTC completed_step=23888 elapsed_seconds=4456.62 learning_rate=0.000249645
2026-09-21 07:59:31 UTC completed_step=23904 elapsed_seconds=4459.33 learning_rate=0.00024932
2026-09-21 07:59:34 UTC completed_step=23920 elapsed_seconds=4462.04 learning_rate=0.000248995
2026-09-21 07:59:36 UTC completed_step=23936 elapsed_seconds=4464.75 learning_rate=0.000248671
2026-09-21 07:59:38 UTC step=23936 elapsed_seconds=4466.92 mean_loss=0.573633 errors=787/10002 exact_sentences=588/1024
2026-09-21 07:59:41 UTC completed_step=23952 elapsed_seconds=4469.64 learning_rate=0.000248347
2026-09-21 07:59:44 UTC completed_step=23968 elapsed_seconds=4472.35 learning_rate=0.000248022
2026-09-21 07:59:47 UTC completed_step=23984 elapsed_seconds=4475.06 learning_rate=0.000247698
2026-09-21 07:59:49 UTC completed_step=24000 elapsed_seconds=4477.77 learning_rate=0.000247375
2026-09-21 07:59:52 UTC completed_step=24016 elapsed_seconds=4480.48 learning_rate=0.000247051
2026-09-21 07:59:55 UTC completed_step=24032 elapsed_seconds=4483.19 learning_rate=0.000246727
2026-09-21 07:59:57 UTC completed_step=24048 elapsed_seconds=4485.9 learning_rate=0.000246404
2026-09-21 08:00:00 UTC completed_step=24064 elapsed_seconds=4488.61 learning_rate=0.00024608
2026-09-21 08:00:02 UTC step=24064 elapsed_seconds=4490.79 mean_loss=0.541093 errors=675/10002 exact_sentences=616/1024
2026-09-21 08:00:05 UTC completed_step=24080 elapsed_seconds=4493.51 learning_rate=0.000245757
2026-09-21 08:00:08 UTC completed_step=24096 elapsed_seconds=4496.22 learning_rate=0.000245434
2026-09-21 08:00:10 UTC completed_step=24112 elapsed_seconds=4498.93 learning_rate=0.000245111
2026-09-21 08:00:13 UTC completed_step=24128 elapsed_seconds=4501.64 learning_rate=0.000244788
2026-09-21 08:00:16 UTC completed_step=24144 elapsed_seconds=4504.35 learning_rate=0.000244466
2026-09-21 08:00:19 UTC completed_step=24160 elapsed_seconds=4507.06 learning_rate=0.000244143
2026-09-21 08:00:21 UTC completed_step=24176 elapsed_seconds=4509.77 learning_rate=0.000243821
2026-09-21 08:00:24 UTC completed_step=24192 elapsed_seconds=4512.48 learning_rate=0.000243498
2026-09-21 08:00:26 UTC step=24192 elapsed_seconds=4514.66 mean_loss=0.528569 errors=662/10002 exact_sentences=625/1024
2026-09-21 08:00:29 UTC completed_step=24208 elapsed_seconds=4517.38 learning_rate=0.000243176
2026-09-21 08:00:32 UTC completed_step=24224 elapsed_seconds=4520.09 learning_rate=0.000242854
2026-09-21 08:00:34 UTC completed_step=24240 elapsed_seconds=4522.8 learning_rate=0.000242532
2026-09-21 08:00:37 UTC completed_step=24256 elapsed_seconds=4525.51 learning_rate=0.000242211
2026-09-21 08:00:40 UTC completed_step=24272 elapsed_seconds=4528.22 learning_rate=0.000241889
2026-09-21 08:00:42 UTC completed_step=24288 elapsed_seconds=4530.93 learning_rate=0.000241567
2026-09-21 08:00:45 UTC completed_step=24304 elapsed_seconds=4533.64 learning_rate=0.000241246
2026-09-21 08:00:48 UTC completed_step=24320 elapsed_seconds=4536.35 learning_rate=0.000240925
2026-09-21 08:00:50 UTC step=24320 elapsed_seconds=4538.52 mean_loss=0.528009 errors=675/10002 exact_sentences=629/1024
2026-09-21 08:00:53 UTC completed_step=24336 elapsed_seconds=4541.24 learning_rate=0.000240604
2026-09-21 08:00:55 UTC completed_step=24352 elapsed_seconds=4543.95 learning_rate=0.000240283
2026-09-21 08:00:58 UTC completed_step=24368 elapsed_seconds=4546.66 learning_rate=0.000239962
2026-09-21 08:01:01 UTC completed_step=24384 elapsed_seconds=4549.37 learning_rate=0.000239642
2026-09-21 08:01:04 UTC completed_step=24400 elapsed_seconds=4552.07 learning_rate=0.000239321
2026-09-21 08:01:06 UTC completed_step=24416 elapsed_seconds=4554.78 learning_rate=0.000239001
2026-09-21 08:01:09 UTC completed_step=24432 elapsed_seconds=4557.49 learning_rate=0.000238681
2026-09-21 08:01:12 UTC completed_step=24448 elapsed_seconds=4560.2 learning_rate=0.000238361
2026-09-21 08:01:14 UTC step=24448 elapsed_seconds=4562.39 mean_loss=0.531631 errors=659/10002 exact_sentences=613/1024
2026-09-21 08:01:17 UTC completed_step=24464 elapsed_seconds=4565.1 learning_rate=0.000238041
2026-09-21 08:01:19 UTC completed_step=24480 elapsed_seconds=4567.81 learning_rate=0.000237721
2026-09-21 08:01:22 UTC completed_step=24496 elapsed_seconds=4570.52 learning_rate=0.000237402
2026-09-21 08:01:25 UTC completed_step=24512 elapsed_seconds=4573.23 learning_rate=0.000237082
2026-09-21 08:01:27 UTC completed_step=24528 elapsed_seconds=4575.94 learning_rate=0.000236763
2026-09-21 08:01:30 UTC completed_step=24544 elapsed_seconds=4578.65 learning_rate=0.000236444
2026-09-21 08:01:33 UTC completed_step=24560 elapsed_seconds=4581.36 learning_rate=0.000236125
2026-09-21 08:01:36 UTC completed_step=24576 elapsed_seconds=4584.06 learning_rate=0.000235806
2026-09-21 08:01:38 UTC step=24576 elapsed_seconds=4586.24 mean_loss=0.527241 errors=704/10002 exact_sentences=610/1024
2026-09-21 08:01:40 UTC completed_step=24592 elapsed_seconds=4588.96 learning_rate=0.000235487
2026-09-21 08:01:43 UTC completed_step=24608 elapsed_seconds=4591.67 learning_rate=0.000235169
2026-09-21 08:01:46 UTC completed_step=24624 elapsed_seconds=4594.38 learning_rate=0.00023485
2026-09-21 08:01:49 UTC completed_step=24640 elapsed_seconds=4597.09 learning_rate=0.000234532
2026-09-21 08:01:51 UTC completed_step=24656 elapsed_seconds=4599.79 learning_rate=0.000234214
2026-09-21 08:01:54 UTC completed_step=24672 elapsed_seconds=4602.5 learning_rate=0.000233896
2026-09-21 08:01:57 UTC completed_step=24688 elapsed_seconds=4605.21 learning_rate=0.000233578
2026-09-21 08:01:59 UTC completed_step=24704 elapsed_seconds=4607.92 learning_rate=0.000233261
2026-09-21 08:02:02 UTC step=24704 elapsed_seconds=4610.1 mean_loss=0.518304 errors=658/10002 exact_sentences=625/1024
2026-09-21 08:02:04 UTC completed_step=24720 elapsed_seconds=4612.82 learning_rate=0.000232943
2026-09-21 08:02:07 UTC completed_step=24736 elapsed_seconds=4615.53 learning_rate=0.000232626
2026-09-21 08:02:10 UTC completed_step=24752 elapsed_seconds=4618.24 learning_rate=0.000232309
2026-09-21 08:02:12 UTC completed_step=24768 elapsed_seconds=4620.95 learning_rate=0.000231991
2026-09-21 08:02:15 UTC completed_step=24784 elapsed_seconds=4623.66 learning_rate=0.000231675
2026-09-21 08:02:18 UTC completed_step=24800 elapsed_seconds=4626.37 learning_rate=0.000231358
2026-09-21 08:02:21 UTC completed_step=24816 elapsed_seconds=4629.07 learning_rate=0.000231041
2026-09-21 08:02:23 UTC completed_step=24832 elapsed_seconds=4631.78 learning_rate=0.000230725
2026-09-21 08:02:25 UTC step=24832 elapsed_seconds=4633.96 mean_loss=0.512548 errors=648/10002 exact_sentences=645/1024
2026-09-21 08:02:28 UTC completed_step=24848 elapsed_seconds=4636.67 learning_rate=0.000230409
2026-09-21 08:02:31 UTC completed_step=24864 elapsed_seconds=4639.38 learning_rate=0.000230093
2026-09-21 08:02:34 UTC completed_step=24880 elapsed_seconds=4642.08 learning_rate=0.000229777
2026-09-21 08:02:36 UTC completed_step=24896 elapsed_seconds=4644.79 learning_rate=0.000229461
2026-09-21 08:02:39 UTC completed_step=24912 elapsed_seconds=4647.51 learning_rate=0.000229145
2026-09-21 08:02:42 UTC completed_step=24928 elapsed_seconds=4650.22 learning_rate=0.00022883
2026-09-21 08:02:44 UTC completed_step=24944 elapsed_seconds=4652.93 learning_rate=0.000228515
2026-09-21 08:02:47 UTC completed_step=24960 elapsed_seconds=4655.64 learning_rate=0.0002282
2026-09-21 08:02:49 UTC step=24960 elapsed_seconds=4657.83 mean_loss=0.499047 errors=615/10002 exact_sentences=656/1024
2026-09-21 08:02:52 UTC completed_step=24976 elapsed_seconds=4660.54 learning_rate=0.000227885
2026-09-21 08:02:55 UTC completed_step=24992 elapsed_seconds=4663.25 learning_rate=0.00022757
2026-09-21 08:02:57 UTC completed_step=25008 elapsed_seconds=4665.96 learning_rate=0.000227255
2026-09-21 08:03:00 UTC completed_step=25024 elapsed_seconds=4668.67 learning_rate=0.000226941
2026-09-21 08:03:03 UTC completed_step=25040 elapsed_seconds=4671.38 learning_rate=0.000226626
2026-09-21 08:03:06 UTC completed_step=25056 elapsed_seconds=4674.09 learning_rate=0.000226312
2026-09-21 08:03:08 UTC completed_step=25072 elapsed_seconds=4676.8 learning_rate=0.000225998
2026-09-21 08:03:11 UTC completed_step=25088 elapsed_seconds=4679.51 learning_rate=0.000225684
2026-09-21 08:03:13 UTC step=25088 elapsed_seconds=4681.7 mean_loss=0.490177 errors=554/10002 exact_sentences=662/1024
2026-09-21 08:03:16 UTC completed_step=25104 elapsed_seconds=4684.42 learning_rate=0.000225371
2026-09-21 08:03:19 UTC completed_step=25120 elapsed_seconds=4687.12 learning_rate=0.000225057
2026-09-21 08:03:21 UTC completed_step=25136 elapsed_seconds=4689.83 learning_rate=0.000224744
2026-09-21 08:03:24 UTC completed_step=25152 elapsed_seconds=4692.54 learning_rate=0.000224431
2026-09-21 08:03:27 UTC completed_step=25168 elapsed_seconds=4695.25 learning_rate=0.000224118
2026-09-21 08:03:29 UTC completed_step=25184 elapsed_seconds=4697.96 learning_rate=0.000223805
2026-09-21 08:03:32 UTC completed_step=25200 elapsed_seconds=4700.67 learning_rate=0.000223492
2026-09-21 08:03:35 UTC completed_step=25216 elapsed_seconds=4703.38 learning_rate=0.00022318
2026-09-21 08:03:37 UTC step=25216 elapsed_seconds=4705.56 mean_loss=0.488493 errors=550/10002 exact_sentences=672/1024
2026-09-21 08:03:40 UTC completed_step=25232 elapsed_seconds=4708.27 learning_rate=0.000222868
2026-09-21 08:03:42 UTC completed_step=25248 elapsed_seconds=4710.98 learning_rate=0.000222555
2026-09-21 08:03:45 UTC completed_step=25264 elapsed_seconds=4713.69 learning_rate=0.000222244
2026-09-21 08:03:48 UTC completed_step=25280 elapsed_seconds=4716.39 learning_rate=0.000221932
2026-09-21 08:03:51 UTC completed_step=25296 elapsed_seconds=4719.1 learning_rate=0.00022162
2026-09-21 08:03:53 UTC completed_step=25312 elapsed_seconds=4721.81 learning_rate=0.000221309
2026-09-21 08:03:56 UTC completed_step=25328 elapsed_seconds=4724.52 learning_rate=0.000220997
2026-09-21 08:03:59 UTC completed_step=25344 elapsed_seconds=4727.23 learning_rate=0.000220686
2026-09-21 08:04:01 UTC step=25344 elapsed_seconds=4729.42 mean_loss=0.49704 errors=624/10002 exact_sentences=653/1024
2026-09-21 08:04:04 UTC completed_step=25360 elapsed_seconds=4732.13 learning_rate=0.000220375
2026-09-21 08:04:06 UTC completed_step=25376 elapsed_seconds=4734.84 learning_rate=0.000220065
2026-09-21 08:04:09 UTC completed_step=25392 elapsed_seconds=4737.55 learning_rate=0.000219754
2026-09-21 08:04:12 UTC completed_step=25408 elapsed_seconds=4740.26 learning_rate=0.000219444
2026-09-21 08:04:14 UTC completed_step=25424 elapsed_seconds=4742.97 learning_rate=0.000219133
2026-09-21 08:04:17 UTC completed_step=25440 elapsed_seconds=4745.68 learning_rate=0.000218823
2026-09-21 08:04:20 UTC completed_step=25456 elapsed_seconds=4748.39 learning_rate=0.000218513
2026-09-21 08:04:23 UTC completed_step=25472 elapsed_seconds=4751.1 learning_rate=0.000218204
2026-09-21 08:04:25 UTC step=25472 elapsed_seconds=4753.27 mean_loss=0.474492 errors=539/10002 exact_sentences=687/1024
2026-09-21 08:04:27 UTC completed_step=25488 elapsed_seconds=4755.98 learning_rate=0.000217894
2026-09-21 08:04:30 UTC completed_step=25504 elapsed_seconds=4758.69 learning_rate=0.000217585
2026-09-21 08:04:33 UTC completed_step=25520 elapsed_seconds=4761.4 learning_rate=0.000217276
2026-09-21 08:04:36 UTC completed_step=25536 elapsed_seconds=4764.11 learning_rate=0.000216967
2026-09-21 08:04:38 UTC completed_step=25552 elapsed_seconds=4766.82 learning_rate=0.000216658
2026-09-21 08:04:41 UTC completed_step=25568 elapsed_seconds=4769.52 learning_rate=0.000216349
2026-09-21 08:04:44 UTC completed_step=25584 elapsed_seconds=4772.23 learning_rate=0.000216041
2026-09-21 08:04:46 UTC completed_step=25600 elapsed_seconds=4774.94 learning_rate=0.000215733
2026-09-21 08:04:49 UTC step=25600 elapsed_seconds=4777.13 mean_loss=0.504555 errors=626/10002 exact_sentences=638/1024
2026-09-21 08:04:51 UTC completed_step=25616 elapsed_seconds=4779.85 learning_rate=0.000215424
2026-09-21 08:04:54 UTC completed_step=25632 elapsed_seconds=4782.56 learning_rate=0.000215117
2026-09-21 08:04:57 UTC completed_step=25648 elapsed_seconds=4785.27 learning_rate=0.000214809
2026-09-21 08:04:59 UTC completed_step=25664 elapsed_seconds=4787.98 learning_rate=0.000214501
2026-09-21 08:05:02 UTC completed_step=25680 elapsed_seconds=4790.69 learning_rate=0.000214194
2026-09-21 08:05:05 UTC completed_step=25696 elapsed_seconds=4793.4 learning_rate=0.000213887
2026-09-21 08:05:08 UTC completed_step=25712 elapsed_seconds=4796.11 learning_rate=0.00021358
2026-09-21 08:05:10 UTC completed_step=25728 elapsed_seconds=4798.82 learning_rate=0.000213273
2026-09-21 08:05:12 UTC step=25728 elapsed_seconds=4801 mean_loss=0.489477 errors=598/10002 exact_sentences=661/1024
2026-09-21 08:05:15 UTC completed_step=25744 elapsed_seconds=4803.72 learning_rate=0.000212966
2026-09-21 08:05:18 UTC completed_step=25760 elapsed_seconds=4806.43 learning_rate=0.00021266
2026-09-21 08:05:21 UTC completed_step=25776 elapsed_seconds=4809.13 learning_rate=0.000212354
2026-09-21 08:05:23 UTC completed_step=25792 elapsed_seconds=4811.84 learning_rate=0.000212048
2026-09-21 08:05:26 UTC completed_step=25808 elapsed_seconds=4814.55 learning_rate=0.000211742
2026-09-21 08:05:29 UTC completed_step=25824 elapsed_seconds=4817.26 learning_rate=0.000211436
2026-09-21 08:05:31 UTC completed_step=25840 elapsed_seconds=4819.97 learning_rate=0.000211131
2026-09-21 08:05:34 UTC completed_step=25856 elapsed_seconds=4822.68 learning_rate=0.000210825
2026-09-21 08:05:36 UTC step=25856 elapsed_seconds=4824.88 mean_loss=0.458133 errors=540/10002 exact_sentences=678/1024
2026-09-21 08:05:39 UTC completed_step=25872 elapsed_seconds=4827.6 learning_rate=0.00021052
2026-09-21 08:05:42 UTC completed_step=25888 elapsed_seconds=4830.31 learning_rate=0.000210215
2026-09-21 08:05:44 UTC completed_step=25904 elapsed_seconds=4833.02 learning_rate=0.00020991
2026-09-21 08:05:47 UTC completed_step=25920 elapsed_seconds=4835.73 learning_rate=0.000209606
2026-09-21 08:05:50 UTC completed_step=25936 elapsed_seconds=4838.43 learning_rate=0.000209302
2026-09-21 08:05:53 UTC completed_step=25952 elapsed_seconds=4841.15 learning_rate=0.000208997
2026-09-21 08:05:55 UTC completed_step=25968 elapsed_seconds=4843.85 learning_rate=0.000208693
2026-09-21 08:05:58 UTC completed_step=25984 elapsed_seconds=4846.56 learning_rate=0.00020839
2026-09-21 08:06:00 UTC step=25984 elapsed_seconds=4848.75 mean_loss=0.457315 errors=534/10002 exact_sentences=679/1024
2026-09-21 08:06:03 UTC completed_step=26000 elapsed_seconds=4851.46 learning_rate=0.000208086
2026-09-21 08:06:06 UTC completed_step=26016 elapsed_seconds=4854.17 learning_rate=0.000207783
2026-09-21 08:06:08 UTC completed_step=26032 elapsed_seconds=4856.88 learning_rate=0.000207479
2026-09-21 08:06:11 UTC completed_step=26048 elapsed_seconds=4859.59 learning_rate=0.000207176
2026-09-21 08:06:14 UTC completed_step=26064 elapsed_seconds=4862.3 learning_rate=0.000206874
2026-09-21 08:06:16 UTC completed_step=26080 elapsed_seconds=4865.01 learning_rate=0.000206571
2026-09-21 08:06:19 UTC completed_step=26096 elapsed_seconds=4867.72 learning_rate=0.000206269
2026-09-21 08:06:22 UTC completed_step=26112 elapsed_seconds=4870.42 learning_rate=0.000205966
2026-09-21 08:06:24 UTC step=26112 elapsed_seconds=4872.62 mean_loss=0.459301 errors=523/10002 exact_sentences=696/1024
2026-09-21 08:06:27 UTC completed_step=26128 elapsed_seconds=4875.34 learning_rate=0.000205664
2026-09-21 08:06:30 UTC completed_step=26144 elapsed_seconds=4878.04 learning_rate=0.000205362
2026-09-21 08:06:32 UTC completed_step=26160 elapsed_seconds=4880.75 learning_rate=0.000205061
2026-09-21 08:06:35 UTC completed_step=26176 elapsed_seconds=4883.46 learning_rate=0.000204759
2026-09-21 08:06:38 UTC completed_step=26192 elapsed_seconds=4886.17 learning_rate=0.000204458
2026-09-21 08:06:40 UTC completed_step=26208 elapsed_seconds=4888.88 learning_rate=0.000204157
2026-09-21 08:06:43 UTC completed_step=26224 elapsed_seconds=4891.59 learning_rate=0.000203856
2026-09-21 08:06:46 UTC completed_step=26240 elapsed_seconds=4894.3 learning_rate=0.000203556
2026-09-21 08:06:48 UTC step=26240 elapsed_seconds=4896.49 mean_loss=0.460108 errors=532/10002 exact_sentences=692/1024
2026-09-21 08:06:51 UTC completed_step=26256 elapsed_seconds=4899.2 learning_rate=0.000203255
2026-09-21 08:06:53 UTC completed_step=26272 elapsed_seconds=4901.91 learning_rate=0.000202955
2026-09-21 08:06:56 UTC completed_step=26288 elapsed_seconds=4904.62 learning_rate=0.000202655
2026-09-21 08:06:59 UTC completed_step=26304 elapsed_seconds=4907.33 learning_rate=0.000202355
2026-09-21 08:07:02 UTC completed_step=26320 elapsed_seconds=4910.04 learning_rate=0.000202055
2026-09-21 08:07:04 UTC completed_step=26336 elapsed_seconds=4912.75 learning_rate=0.000201756
2026-09-21 08:07:07 UTC completed_step=26352 elapsed_seconds=4915.46 learning_rate=0.000201457
2026-09-21 08:07:10 UTC completed_step=26368 elapsed_seconds=4918.17 learning_rate=0.000201158
2026-09-21 08:07:12 UTC step=26368 elapsed_seconds=4920.36 mean_loss=0.470108 errors=545/10002 exact_sentences=675/1024
2026-09-21 08:07:15 UTC completed_step=26384 elapsed_seconds=4923.07 learning_rate=0.000200859
2026-09-21 08:07:17 UTC completed_step=26400 elapsed_seconds=4925.78 learning_rate=0.00020056
2026-09-21 08:07:20 UTC completed_step=26416 elapsed_seconds=4928.49 learning_rate=0.000200262
2026-09-21 08:07:23 UTC completed_step=26432 elapsed_seconds=4931.2 learning_rate=0.000199964
2026-09-21 08:07:25 UTC completed_step=26448 elapsed_seconds=4933.91 learning_rate=0.000199666
2026-09-21 08:07:28 UTC completed_step=26464 elapsed_seconds=4936.61 learning_rate=0.000199368
2026-09-21 08:07:31 UTC completed_step=26480 elapsed_seconds=4939.32 learning_rate=0.00019907
2026-09-21 08:07:34 UTC completed_step=26496 elapsed_seconds=4942.03 learning_rate=0.000198773
2026-09-21 08:07:36 UTC step=26496 elapsed_seconds=4944.21 mean_loss=0.45321 errors=540/10002 exact_sentences=683/1024
2026-09-21 08:07:38 UTC completed_step=26512 elapsed_seconds=4946.93 learning_rate=0.000198476
2026-09-21 08:07:41 UTC completed_step=26528 elapsed_seconds=4949.63 learning_rate=0.000198179
2026-09-21 08:07:44 UTC completed_step=26544 elapsed_seconds=4952.34 learning_rate=0.000197882
2026-09-21 08:07:47 UTC completed_step=26560 elapsed_seconds=4955.05 learning_rate=0.000197586
2026-09-21 08:07:49 UTC completed_step=26576 elapsed_seconds=4957.76 learning_rate=0.000197289
2026-09-21 08:07:52 UTC completed_step=26592 elapsed_seconds=4960.48 learning_rate=0.000196993
2026-09-21 08:07:55 UTC completed_step=26608 elapsed_seconds=4963.18 learning_rate=0.000196697
2026-09-21 08:07:57 UTC completed_step=26624 elapsed_seconds=4965.89 learning_rate=0.000196402
2026-09-21 08:08:00 UTC step=26624 elapsed_seconds=4968.07 mean_loss=0.425998 errors=450/10002 exact_sentences=732/1024
2026-09-21 08:08:02 UTC completed_step=26640 elapsed_seconds=4970.78 learning_rate=0.000196106
2026-09-21 08:08:05 UTC completed_step=26656 elapsed_seconds=4973.49 learning_rate=0.000195811
2026-09-21 08:08:08 UTC completed_step=26672 elapsed_seconds=4976.2 learning_rate=0.000195516
2026-09-21 08:08:10 UTC completed_step=26688 elapsed_seconds=4978.91 learning_rate=0.000195221
2026-09-21 08:08:13 UTC completed_step=26704 elapsed_seconds=4981.62 learning_rate=0.000194926
2026-09-21 08:08:16 UTC completed_step=26720 elapsed_seconds=4984.33 learning_rate=0.000194632
2026-09-21 08:08:19 UTC completed_step=26736 elapsed_seconds=4987.04 learning_rate=0.000194338
2026-09-21 08:08:21 UTC completed_step=26752 elapsed_seconds=4989.75 learning_rate=0.000194044
2026-09-21 08:08:23 UTC step=26752 elapsed_seconds=4991.94 mean_loss=0.439769 errors=512/10002 exact_sentences=694/1024
2026-09-21 08:08:26 UTC completed_step=26768 elapsed_seconds=4994.65 learning_rate=0.00019375
2026-09-21 08:08:29 UTC completed_step=26784 elapsed_seconds=4997.36 learning_rate=0.000193456
2026-09-21 08:08:32 UTC completed_step=26800 elapsed_seconds=5000.07 learning_rate=0.000193163
2026-09-21 08:08:34 UTC completed_step=26816 elapsed_seconds=5002.78 learning_rate=0.00019287
2026-09-21 08:08:37 UTC completed_step=26832 elapsed_seconds=5005.49 learning_rate=0.000192577
2026-09-21 08:08:40 UTC completed_step=26848 elapsed_seconds=5008.2 learning_rate=0.000192284
2026-09-21 08:08:42 UTC completed_step=26864 elapsed_seconds=5010.91 learning_rate=0.000191992
2026-09-21 08:08:45 UTC completed_step=26880 elapsed_seconds=5013.62 learning_rate=0.0001917
2026-09-21 08:08:47 UTC step=26880 elapsed_seconds=5015.81 mean_loss=0.413946 errors=429/10002 exact_sentences=737/1024
2026-09-21 08:08:50 UTC completed_step=26896 elapsed_seconds=5018.52 learning_rate=0.000191408
2026-09-21 08:08:53 UTC completed_step=26912 elapsed_seconds=5021.23 learning_rate=0.000191116
2026-09-21 08:08:55 UTC completed_step=26928 elapsed_seconds=5023.94 learning_rate=0.000190824
2026-09-21 08:08:58 UTC completed_step=26944 elapsed_seconds=5026.65 learning_rate=0.000190533
2026-09-21 08:09:01 UTC completed_step=26960 elapsed_seconds=5029.35 learning_rate=0.000190242
2026-09-21 08:09:04 UTC completed_step=26976 elapsed_seconds=5032.06 learning_rate=0.000189951
2026-09-21 08:09:06 UTC completed_step=26992 elapsed_seconds=5034.77 learning_rate=0.00018966
2026-09-21 08:09:09 UTC completed_step=27008 elapsed_seconds=5037.48 learning_rate=0.00018937
2026-09-21 08:09:11 UTC step=27008 elapsed_seconds=5039.69 mean_loss=0.41935 errors=438/10002 exact_sentences=740/1024
2026-09-21 08:09:14 UTC completed_step=27024 elapsed_seconds=5042.4 learning_rate=0.000189079
2026-09-21 08:09:17 UTC completed_step=27040 elapsed_seconds=5045.11 learning_rate=0.000188789
2026-09-21 08:09:19 UTC completed_step=27056 elapsed_seconds=5047.82 learning_rate=0.0001885
2026-09-21 08:09:22 UTC completed_step=27072 elapsed_seconds=5050.53 learning_rate=0.00018821
2026-09-21 08:09:25 UTC completed_step=27088 elapsed_seconds=5053.23 learning_rate=0.000187921
2026-09-21 08:09:27 UTC completed_step=27104 elapsed_seconds=5055.94 learning_rate=0.000187632
2026-09-21 08:09:30 UTC completed_step=27120 elapsed_seconds=5058.65 learning_rate=0.000187343
2026-09-21 08:09:33 UTC completed_step=27136 elapsed_seconds=5061.36 learning_rate=0.000187054
2026-09-21 08:09:35 UTC step=27136 elapsed_seconds=5063.54 mean_loss=0.410666 errors=414/10002 exact_sentences=745/1024
2026-09-21 08:09:38 UTC completed_step=27152 elapsed_seconds=5066.26 learning_rate=0.000186766
2026-09-21 08:09:40 UTC completed_step=27168 elapsed_seconds=5068.97 learning_rate=0.000186477
2026-09-21 08:09:43 UTC completed_step=27184 elapsed_seconds=5071.67 learning_rate=0.000186189
2026-09-21 08:09:46 UTC completed_step=27200 elapsed_seconds=5074.38 learning_rate=0.000185902
2026-09-21 08:09:49 UTC completed_step=27216 elapsed_seconds=5077.09 learning_rate=0.000185614
2026-09-21 08:09:51 UTC completed_step=27232 elapsed_seconds=5079.8 learning_rate=0.000185327
2026-09-21 08:09:54 UTC completed_step=27248 elapsed_seconds=5082.51 learning_rate=0.00018504
2026-09-21 08:09:57 UTC completed_step=27264 elapsed_seconds=5085.22 learning_rate=0.000184753
2026-09-21 08:09:59 UTC step=27264 elapsed_seconds=5087.39 mean_loss=0.409066 errors=435/10002 exact_sentences=741/1024
2026-09-21 08:10:02 UTC completed_step=27280 elapsed_seconds=5090.11 learning_rate=0.000184466
2026-09-21 08:10:04 UTC completed_step=27296 elapsed_seconds=5092.82 learning_rate=0.00018418
2026-09-21 08:10:07 UTC completed_step=27312 elapsed_seconds=5095.53 learning_rate=0.000183894
2026-09-21 08:10:10 UTC completed_step=27328 elapsed_seconds=5098.24 learning_rate=0.000183608
2026-09-21 08:10:12 UTC completed_step=27344 elapsed_seconds=5100.94 learning_rate=0.000183322
2026-09-21 08:10:15 UTC completed_step=27360 elapsed_seconds=5103.65 learning_rate=0.000183037
2026-09-21 08:10:18 UTC completed_step=27376 elapsed_seconds=5106.36 learning_rate=0.000182751
2026-09-21 08:10:21 UTC completed_step=27392 elapsed_seconds=5109.07 learning_rate=0.000182466
2026-09-21 08:10:23 UTC step=27392 elapsed_seconds=5111.24 mean_loss=0.397691 errors=408/10002 exact_sentences=751/1024
2026-09-21 08:10:25 UTC completed_step=27408 elapsed_seconds=5113.95 learning_rate=0.000182182
2026-09-21 08:10:28 UTC completed_step=27424 elapsed_seconds=5116.66 learning_rate=0.000181897
2026-09-21 08:10:31 UTC completed_step=27440 elapsed_seconds=5119.37 learning_rate=0.000181613
2026-09-21 08:10:34 UTC completed_step=27456 elapsed_seconds=5122.08 learning_rate=0.000181329
2026-09-21 08:10:36 UTC completed_step=27472 elapsed_seconds=5124.79 learning_rate=0.000181045
2026-09-21 08:10:39 UTC completed_step=27488 elapsed_seconds=5127.5 learning_rate=0.000180761
2026-09-21 08:10:42 UTC completed_step=27504 elapsed_seconds=5130.21 learning_rate=0.000180478
2026-09-21 08:10:44 UTC completed_step=27520 elapsed_seconds=5132.92 learning_rate=0.000180195
2026-09-21 08:10:47 UTC step=27520 elapsed_seconds=5135.09 mean_loss=0.426179 errors=499/10002 exact_sentences=705/1024
2026-09-21 08:10:49 UTC completed_step=27536 elapsed_seconds=5137.8 learning_rate=0.000179912
2026-09-21 08:10:52 UTC completed_step=27552 elapsed_seconds=5140.51 learning_rate=0.000179629
2026-09-21 08:10:55 UTC completed_step=27568 elapsed_seconds=5143.22 learning_rate=0.000179347
2026-09-21 08:10:57 UTC completed_step=27584 elapsed_seconds=5145.93 learning_rate=0.000179065
2026-09-21 08:11:00 UTC completed_step=27600 elapsed_seconds=5148.64 learning_rate=0.000178783
2026-09-21 08:11:03 UTC completed_step=27616 elapsed_seconds=5151.35 learning_rate=0.000178501
2026-09-21 08:11:06 UTC completed_step=27632 elapsed_seconds=5154.06 learning_rate=0.00017822
2026-09-21 08:11:08 UTC completed_step=27648 elapsed_seconds=5156.77 learning_rate=0.000177939
2026-09-21 08:11:10 UTC step=27648 elapsed_seconds=5158.94 mean_loss=0.389012 errors=379/10002 exact_sentences=761/1024
2026-09-21 08:11:13 UTC completed_step=27664 elapsed_seconds=5161.66 learning_rate=0.000177658
2026-09-21 08:11:16 UTC completed_step=27680 elapsed_seconds=5164.37 learning_rate=0.000177377
2026-09-21 08:11:19 UTC completed_step=27696 elapsed_seconds=5167.08 learning_rate=0.000177097
2026-09-21 08:11:21 UTC completed_step=27712 elapsed_seconds=5169.78 learning_rate=0.000176816
2026-09-21 08:11:24 UTC completed_step=27728 elapsed_seconds=5172.5 learning_rate=0.000176536
2026-09-21 08:11:27 UTC completed_step=27744 elapsed_seconds=5175.21 learning_rate=0.000176257
2026-09-21 08:11:29 UTC completed_step=27760 elapsed_seconds=5177.92 learning_rate=0.000175977
2026-09-21 08:11:32 UTC completed_step=27776 elapsed_seconds=5180.62 learning_rate=0.000175698
2026-09-21 08:11:34 UTC step=27776 elapsed_seconds=5182.8 mean_loss=0.403297 errors=422/10002 exact_sentences=732/1024
2026-09-21 08:11:37 UTC completed_step=27792 elapsed_seconds=5185.51 learning_rate=0.000175419
2026-09-21 08:11:40 UTC completed_step=27808 elapsed_seconds=5188.22 learning_rate=0.00017514
2026-09-21 08:11:42 UTC completed_step=27824 elapsed_seconds=5190.93 learning_rate=0.000174862
2026-09-21 08:11:45 UTC completed_step=27840 elapsed_seconds=5193.63 learning_rate=0.000174583
2026-09-21 08:11:48 UTC completed_step=27856 elapsed_seconds=5196.34 learning_rate=0.000174305
2026-09-21 08:11:51 UTC completed_step=27872 elapsed_seconds=5199.05 learning_rate=0.000174028
2026-09-21 08:11:53 UTC completed_step=27888 elapsed_seconds=5201.76 learning_rate=0.00017375
2026-09-21 08:11:56 UTC completed_step=27904 elapsed_seconds=5204.46 learning_rate=0.000173473
2026-09-21 08:11:58 UTC step=27904 elapsed_seconds=5206.65 mean_loss=0.400069 errors=407/10002 exact_sentences=754/1024
2026-09-21 08:12:01 UTC completed_step=27920 elapsed_seconds=5209.36 learning_rate=0.000173196
2026-09-21 08:12:04 UTC completed_step=27936 elapsed_seconds=5212.07 learning_rate=0.000172919
2026-09-21 08:12:06 UTC completed_step=27952 elapsed_seconds=5214.78 learning_rate=0.000172642
2026-09-21 08:12:09 UTC completed_step=27968 elapsed_seconds=5217.49 learning_rate=0.000172366
2026-09-21 08:12:12 UTC completed_step=27984 elapsed_seconds=5220.2 learning_rate=0.00017209
2026-09-21 08:12:14 UTC completed_step=28000 elapsed_seconds=5222.91 learning_rate=0.000171814
2026-09-21 08:12:17 UTC completed_step=28016 elapsed_seconds=5225.62 learning_rate=0.000171539
2026-09-21 08:12:20 UTC completed_step=28032 elapsed_seconds=5228.33 learning_rate=0.000171264
2026-09-21 08:12:22 UTC step=28032 elapsed_seconds=5230.51 mean_loss=0.383168 errors=378/10002 exact_sentences=763/1024
2026-09-21 08:12:25 UTC completed_step=28048 elapsed_seconds=5233.22 learning_rate=0.000170989
2026-09-21 08:12:27 UTC completed_step=28064 elapsed_seconds=5235.93 learning_rate=0.000170714
2026-09-21 08:12:30 UTC completed_step=28080 elapsed_seconds=5238.64 learning_rate=0.000170439
2026-09-21 08:12:33 UTC completed_step=28096 elapsed_seconds=5241.36 learning_rate=0.000170165
2026-09-21 08:12:36 UTC completed_step=28112 elapsed_seconds=5244.07 learning_rate=0.000169891
2026-09-21 08:12:38 UTC completed_step=28128 elapsed_seconds=5246.78 learning_rate=0.000169617
2026-09-21 08:12:41 UTC completed_step=28144 elapsed_seconds=5249.49 learning_rate=0.000169344
2026-09-21 08:12:44 UTC completed_step=28160 elapsed_seconds=5252.2 learning_rate=0.00016907
2026-09-21 08:12:46 UTC step=28160 elapsed_seconds=5254.37 mean_loss=0.393176 errors=398/10002 exact_sentences=753/1024
2026-09-21 08:12:49 UTC completed_step=28176 elapsed_seconds=5257.08 learning_rate=0.000168798
2026-09-21 08:12:51 UTC completed_step=28192 elapsed_seconds=5259.79 learning_rate=0.000168525
2026-09-21 08:12:54 UTC completed_step=28208 elapsed_seconds=5262.5 learning_rate=0.000168252
2026-09-21 08:12:57 UTC completed_step=28224 elapsed_seconds=5265.21 learning_rate=0.00016798
2026-09-21 08:12:59 UTC completed_step=28240 elapsed_seconds=5267.92 learning_rate=0.000167708
2026-09-21 08:13:02 UTC completed_step=28256 elapsed_seconds=5270.63 learning_rate=0.000167436
2026-09-21 08:13:05 UTC completed_step=28272 elapsed_seconds=5273.34 learning_rate=0.000167165
2026-09-21 08:13:08 UTC completed_step=28288 elapsed_seconds=5276.05 learning_rate=0.000166894
2026-09-21 08:13:10 UTC step=28288 elapsed_seconds=5278.23 mean_loss=0.397678 errors=408/10002 exact_sentences=753/1024
2026-09-21 08:13:12 UTC completed_step=28304 elapsed_seconds=5280.94 learning_rate=0.000166623
2026-09-21 08:13:15 UTC completed_step=28320 elapsed_seconds=5283.65 learning_rate=0.000166352
2026-09-21 08:13:18 UTC completed_step=28336 elapsed_seconds=5286.36 learning_rate=0.000166082
2026-09-21 08:13:21 UTC completed_step=28352 elapsed_seconds=5289.07 learning_rate=0.000165812
2026-09-21 08:13:23 UTC completed_step=28368 elapsed_seconds=5291.78 learning_rate=0.000165542
2026-09-21 08:13:26 UTC completed_step=28384 elapsed_seconds=5294.49 learning_rate=0.000165272
2026-09-21 08:13:29 UTC completed_step=28400 elapsed_seconds=5297.2 learning_rate=0.000165003
2026-09-21 08:13:31 UTC completed_step=28416 elapsed_seconds=5299.9 learning_rate=0.000164734
2026-09-21 08:13:34 UTC step=28416 elapsed_seconds=5302.08 mean_loss=0.370393 errors=362/10002 exact_sentences=774/1024
2026-09-21 08:13:36 UTC completed_step=28432 elapsed_seconds=5304.79 learning_rate=0.000164465
2026-09-21 08:13:39 UTC completed_step=28448 elapsed_seconds=5307.5 learning_rate=0.000164196
2026-09-21 08:13:42 UTC completed_step=28464 elapsed_seconds=5310.21 learning_rate=0.000163928
2026-09-21 08:13:44 UTC completed_step=28480 elapsed_seconds=5312.92 learning_rate=0.00016366
2026-09-21 08:13:47 UTC completed_step=28496 elapsed_seconds=5315.63 learning_rate=0.000163392
2026-09-21 08:13:50 UTC completed_step=28512 elapsed_seconds=5318.34 learning_rate=0.000163124
2026-09-21 08:13:53 UTC completed_step=28528 elapsed_seconds=5321.05 learning_rate=0.000162857
2026-09-21 08:13:55 UTC completed_step=28544 elapsed_seconds=5323.76 learning_rate=0.00016259
2026-09-21 08:13:57 UTC step=28544 elapsed_seconds=5325.93 mean_loss=0.368885 errors=333/10002 exact_sentences=781/1024
2026-09-21 08:14:00 UTC completed_step=28560 elapsed_seconds=5328.65 learning_rate=0.000162323
2026-09-21 08:14:03 UTC completed_step=28576 elapsed_seconds=5331.35 learning_rate=0.000162057
2026-09-21 08:14:06 UTC completed_step=28592 elapsed_seconds=5334.06 learning_rate=0.000161791
2026-09-21 08:14:08 UTC completed_step=28608 elapsed_seconds=5336.77 learning_rate=0.000161525
2026-09-21 08:14:11 UTC completed_step=28624 elapsed_seconds=5339.48 learning_rate=0.000161259
2026-09-21 08:14:14 UTC completed_step=28640 elapsed_seconds=5342.19 learning_rate=0.000160994
2026-09-21 08:14:16 UTC completed_step=28656 elapsed_seconds=5344.9 learning_rate=0.000160729
2026-09-21 08:14:19 UTC completed_step=28672 elapsed_seconds=5347.6 learning_rate=0.000160464
2026-09-21 08:14:21 UTC step=28672 elapsed_seconds=5349.77 mean_loss=0.366186 errors=355/10002 exact_sentences=775/1024
2026-09-21 08:14:24 UTC completed_step=28688 elapsed_seconds=5352.49 learning_rate=0.000160199
2026-09-21 08:14:27 UTC completed_step=28704 elapsed_seconds=5355.2 learning_rate=0.000159935
2026-09-21 08:14:29 UTC completed_step=28720 elapsed_seconds=5357.91 learning_rate=0.000159671
2026-09-21 08:14:32 UTC completed_step=28736 elapsed_seconds=5360.62 learning_rate=0.000159407
2026-09-21 08:14:35 UTC completed_step=28752 elapsed_seconds=5363.33 learning_rate=0.000159143
2026-09-21 08:14:38 UTC completed_step=28768 elapsed_seconds=5366.04 learning_rate=0.00015888
2026-09-21 08:14:40 UTC completed_step=28784 elapsed_seconds=5368.75 learning_rate=0.000158617
2026-09-21 08:14:43 UTC completed_step=28800 elapsed_seconds=5371.46 learning_rate=0.000158355
2026-09-21 08:14:45 UTC step=28800 elapsed_seconds=5373.66 mean_loss=0.360357 errors=338/10002 exact_sentences=785/1024
2026-09-21 08:14:48 UTC completed_step=28816 elapsed_seconds=5376.37 learning_rate=0.000158092
2026-09-21 08:14:51 UTC completed_step=28832 elapsed_seconds=5379.09 learning_rate=0.00015783
2026-09-21 08:14:53 UTC completed_step=28848 elapsed_seconds=5381.8 learning_rate=0.000157568
2026-09-21 08:14:56 UTC completed_step=28864 elapsed_seconds=5384.51 learning_rate=0.000157307
2026-09-21 08:14:59 UTC completed_step=28880 elapsed_seconds=5387.22 learning_rate=0.000157045
2026-09-21 08:15:01 UTC completed_step=28896 elapsed_seconds=5389.93 learning_rate=0.000156784
2026-09-21 08:15:04 UTC completed_step=28912 elapsed_seconds=5392.65 learning_rate=0.000156523
2026-09-21 08:15:07 UTC completed_step=28928 elapsed_seconds=5395.36 learning_rate=0.000156263
2026-09-21 08:15:09 UTC step=28928 elapsed_seconds=5397.54 mean_loss=0.364662 errors=362/10002 exact_sentences=778/1024
2026-09-21 08:15:12 UTC completed_step=28944 elapsed_seconds=5400.25 learning_rate=0.000156003
2026-09-21 08:15:14 UTC completed_step=28960 elapsed_seconds=5402.97 learning_rate=0.000155743
2026-09-21 08:15:17 UTC completed_step=28976 elapsed_seconds=5405.68 learning_rate=0.000155483
2026-09-21 08:15:20 UTC completed_step=28992 elapsed_seconds=5408.38 learning_rate=0.000155224
2026-09-21 08:15:23 UTC completed_step=29008 elapsed_seconds=5411.09 learning_rate=0.000154964
2026-09-21 08:15:25 UTC completed_step=29024 elapsed_seconds=5413.8 learning_rate=0.000154706
2026-09-21 08:15:28 UTC completed_step=29040 elapsed_seconds=5416.51 learning_rate=0.000154447
2026-09-21 08:15:31 UTC completed_step=29056 elapsed_seconds=5419.22 learning_rate=0.000154189
2026-09-21 08:15:33 UTC step=29056 elapsed_seconds=5421.39 mean_loss=0.351627 errors=315/10002 exact_sentences=807/1024
2026-09-21 08:15:36 UTC completed_step=29072 elapsed_seconds=5424.1 learning_rate=0.000153931
2026-09-21 08:15:38 UTC completed_step=29088 elapsed_seconds=5426.81 learning_rate=0.000153673
2026-09-21 08:15:41 UTC completed_step=29104 elapsed_seconds=5429.52 learning_rate=0.000153416
2026-09-21 08:15:44 UTC completed_step=29120 elapsed_seconds=5432.23 learning_rate=0.000153158
2026-09-21 08:15:46 UTC completed_step=29136 elapsed_seconds=5434.93 learning_rate=0.000152901
2026-09-21 08:15:49 UTC completed_step=29152 elapsed_seconds=5437.64 learning_rate=0.000152645
2026-09-21 08:15:52 UTC completed_step=29168 elapsed_seconds=5440.35 learning_rate=0.000152389
2026-09-21 08:15:55 UTC completed_step=29184 elapsed_seconds=5443.06 learning_rate=0.000152133
2026-09-21 08:15:57 UTC step=29184 elapsed_seconds=5445.24 mean_loss=0.379408 errors=388/10002 exact_sentences=767/1024
2026-09-21 08:15:59 UTC completed_step=29200 elapsed_seconds=5447.96 learning_rate=0.000151877
2026-09-21 08:16:02 UTC completed_step=29216 elapsed_seconds=5450.67 learning_rate=0.000151621
2026-09-21 08:16:05 UTC completed_step=29232 elapsed_seconds=5453.38 learning_rate=0.000151366
2026-09-21 08:16:08 UTC completed_step=29248 elapsed_seconds=5456.09 learning_rate=0.000151111
2026-09-21 08:16:10 UTC completed_step=29264 elapsed_seconds=5458.8 learning_rate=0.000150857
2026-09-21 08:16:13 UTC completed_step=29280 elapsed_seconds=5461.51 learning_rate=0.000150602
2026-09-21 08:16:16 UTC completed_step=29296 elapsed_seconds=5464.21 learning_rate=0.000150348
2026-09-21 08:16:18 UTC completed_step=29312 elapsed_seconds=5466.92 learning_rate=0.000150094
2026-09-21 08:16:21 UTC step=29312 elapsed_seconds=5469.1 mean_loss=0.353398 errors=332/10002 exact_sentences=780/1024
2026-09-21 08:16:23 UTC completed_step=29328 elapsed_seconds=5471.82 learning_rate=0.000149841
2026-09-21 08:16:26 UTC completed_step=29344 elapsed_seconds=5474.53 learning_rate=0.000149588
2026-09-21 08:16:29 UTC completed_step=29360 elapsed_seconds=5477.24 learning_rate=0.000149335
2026-09-21 08:16:31 UTC completed_step=29376 elapsed_seconds=5479.95 learning_rate=0.000149082
2026-09-21 08:16:34 UTC completed_step=29392 elapsed_seconds=5482.66 learning_rate=0.00014883
2026-09-21 08:16:37 UTC completed_step=29408 elapsed_seconds=5485.36 learning_rate=0.000148578
2026-09-21 08:16:40 UTC completed_step=29424 elapsed_seconds=5488.07 learning_rate=0.000148326
2026-09-21 08:16:42 UTC completed_step=29440 elapsed_seconds=5490.78 learning_rate=0.000148074
2026-09-21 08:16:44 UTC step=29440 elapsed_seconds=5492.95 mean_loss=0.339148 errors=302/10002 exact_sentences=807/1024
2026-09-21 08:16:47 UTC completed_step=29456 elapsed_seconds=5495.67 learning_rate=0.000147823
2026-09-21 08:16:50 UTC completed_step=29472 elapsed_seconds=5498.38 learning_rate=0.000147572
2026-09-21 08:16:53 UTC completed_step=29488 elapsed_seconds=5501.09 learning_rate=0.000147322
2026-09-21 08:16:55 UTC completed_step=29504 elapsed_seconds=5503.8 learning_rate=0.000147071
2026-09-21 08:16:58 UTC completed_step=29520 elapsed_seconds=5506.51 learning_rate=0.000146821
2026-09-21 08:17:01 UTC completed_step=29536 elapsed_seconds=5509.21 learning_rate=0.000146572
2026-09-21 08:17:03 UTC completed_step=29552 elapsed_seconds=5511.92 learning_rate=0.000146322
2026-09-21 08:17:06 UTC completed_step=29568 elapsed_seconds=5514.63 learning_rate=0.000146073
2026-09-21 08:17:08 UTC step=29568 elapsed_seconds=5516.83 mean_loss=0.34493 errors=309/10002 exact_sentences=803/1024
2026-09-21 08:17:11 UTC completed_step=29584 elapsed_seconds=5519.55 learning_rate=0.000145824
2026-09-21 08:17:14 UTC completed_step=29600 elapsed_seconds=5522.26 learning_rate=0.000145576
2026-09-21 08:17:16 UTC completed_step=29616 elapsed_seconds=5524.97 learning_rate=0.000145327
2026-09-21 08:17:19 UTC completed_step=29632 elapsed_seconds=5527.68 learning_rate=0.000145079
2026-09-21 08:17:22 UTC completed_step=29648 elapsed_seconds=5530.39 learning_rate=0.000144832
2026-09-21 08:17:25 UTC completed_step=29664 elapsed_seconds=5533.1 learning_rate=0.000144584
2026-09-21 08:17:27 UTC completed_step=29680 elapsed_seconds=5535.81 learning_rate=0.000144337
2026-09-21 08:17:30 UTC completed_step=29696 elapsed_seconds=5538.52 learning_rate=0.00014409
2026-09-21 08:17:32 UTC step=29696 elapsed_seconds=5540.69 mean_loss=0.331326 errors=275/10002 exact_sentences=827/1024
2026-09-21 08:17:35 UTC completed_step=29712 elapsed_seconds=5543.41 learning_rate=0.000143844
2026-09-21 08:17:38 UTC completed_step=29728 elapsed_seconds=5546.12 learning_rate=0.000143598
2026-09-21 08:17:40 UTC completed_step=29744 elapsed_seconds=5548.82 learning_rate=0.000143352
2026-09-21 08:17:43 UTC completed_step=29760 elapsed_seconds=5551.53 learning_rate=0.000143106
2026-09-21 08:17:46 UTC completed_step=29776 elapsed_seconds=5554.24 learning_rate=0.000142861
2026-09-21 08:17:48 UTC completed_step=29792 elapsed_seconds=5556.95 learning_rate=0.000142616
2026-09-21 08:17:51 UTC completed_step=29808 elapsed_seconds=5559.66 learning_rate=0.000142371
2026-09-21 08:17:54 UTC completed_step=29824 elapsed_seconds=5562.37 learning_rate=0.000142126
2026-09-21 08:17:56 UTC step=29824 elapsed_seconds=5564.55 mean_loss=0.341027 errors=306/10002 exact_sentences=807/1024
2026-09-21 08:17:59 UTC completed_step=29840 elapsed_seconds=5567.27 learning_rate=0.000141882
2026-09-21 08:18:01 UTC completed_step=29856 elapsed_seconds=5569.98 learning_rate=0.000141638
2026-09-21 08:18:04 UTC completed_step=29872 elapsed_seconds=5572.69 learning_rate=0.000141395
2026-09-21 08:18:07 UTC completed_step=29888 elapsed_seconds=5575.4 learning_rate=0.000141152
2026-09-21 08:18:10 UTC completed_step=29904 elapsed_seconds=5578.11 learning_rate=0.000140909
2026-09-21 08:18:12 UTC completed_step=29920 elapsed_seconds=5580.82 learning_rate=0.000140666
2026-09-21 08:18:15 UTC completed_step=29936 elapsed_seconds=5583.53 learning_rate=0.000140424
2026-09-21 08:18:18 UTC completed_step=29952 elapsed_seconds=5586.24 learning_rate=0.000140182
2026-09-21 08:18:20 UTC step=29952 elapsed_seconds=5588.44 mean_loss=0.335444 errors=288/10002 exact_sentences=823/1024
2026-09-21 08:18:23 UTC completed_step=29968 elapsed_seconds=5591.15 learning_rate=0.00013994
2026-09-21 08:18:25 UTC completed_step=29984 elapsed_seconds=5593.86 learning_rate=0.000139698
2026-09-21 08:18:28 UTC completed_step=30000 elapsed_seconds=5596.56 learning_rate=0.000139457
2026-09-21 08:18:31 UTC completed_step=30016 elapsed_seconds=5599.27 learning_rate=0.000139217
2026-09-21 08:18:33 UTC completed_step=30032 elapsed_seconds=5601.98 learning_rate=0.000138976
2026-09-21 08:18:36 UTC completed_step=30048 elapsed_seconds=5604.69 learning_rate=0.000138736
2026-09-21 08:18:39 UTC completed_step=30064 elapsed_seconds=5607.4 learning_rate=0.000138496
2026-09-21 08:18:42 UTC completed_step=30080 elapsed_seconds=5610.1 learning_rate=0.000138256
2026-09-21 08:18:44 UTC step=30080 elapsed_seconds=5612.28 mean_loss=0.326828 errors=270/10002 exact_sentences=825/1024
2026-09-21 08:18:46 UTC completed_step=30096 elapsed_seconds=5614.99 learning_rate=0.000138017
2026-09-21 08:18:49 UTC completed_step=30112 elapsed_seconds=5617.7 learning_rate=0.000137778
2026-09-21 08:18:52 UTC completed_step=30128 elapsed_seconds=5620.41 learning_rate=0.000137539
2026-09-21 08:18:55 UTC completed_step=30144 elapsed_seconds=5623.11 learning_rate=0.000137301
2026-09-21 08:18:57 UTC completed_step=30160 elapsed_seconds=5625.82 learning_rate=0.000137063
2026-09-21 08:19:00 UTC completed_step=30176 elapsed_seconds=5628.54 learning_rate=0.000136825
2026-09-21 08:19:03 UTC completed_step=30192 elapsed_seconds=5631.25 learning_rate=0.000136587
2026-09-21 08:19:05 UTC completed_step=30208 elapsed_seconds=5633.95 learning_rate=0.00013635
2026-09-21 08:19:08 UTC step=30208 elapsed_seconds=5636.14 mean_loss=0.319673 errors=251/10002 exact_sentences=837/1024
2026-09-21 08:19:10 UTC completed_step=30224 elapsed_seconds=5638.86 learning_rate=0.000136113
2026-09-21 08:19:13 UTC completed_step=30240 elapsed_seconds=5641.56 learning_rate=0.000135877
2026-09-21 08:19:16 UTC completed_step=30256 elapsed_seconds=5644.27 learning_rate=0.00013564
2026-09-21 08:19:18 UTC completed_step=30272 elapsed_seconds=5646.99 learning_rate=0.000135405
2026-09-21 08:19:21 UTC completed_step=30288 elapsed_seconds=5649.7 learning_rate=0.000135169
2026-09-21 08:19:24 UTC completed_step=30304 elapsed_seconds=5652.41 learning_rate=0.000134934
2026-09-21 08:19:27 UTC completed_step=30320 elapsed_seconds=5655.12 learning_rate=0.000134699
2026-09-21 08:19:29 UTC completed_step=30336 elapsed_seconds=5657.83 learning_rate=0.000134464
2026-09-21 08:19:31 UTC step=30336 elapsed_seconds=5660.02 mean_loss=0.317869 errors=253/10002 exact_sentences=834/1024
2026-09-21 08:19:34 UTC completed_step=30352 elapsed_seconds=5662.73 learning_rate=0.000134229
2026-09-21 08:19:37 UTC completed_step=30368 elapsed_seconds=5665.44 learning_rate=0.000133995
2026-09-21 08:19:40 UTC completed_step=30384 elapsed_seconds=5668.15 learning_rate=0.000133762
2026-09-21 08:19:42 UTC completed_step=30400 elapsed_seconds=5670.86 learning_rate=0.000133528
2026-09-21 08:19:45 UTC completed_step=30416 elapsed_seconds=5673.57 learning_rate=0.000133295
2026-09-21 08:19:48 UTC completed_step=30432 elapsed_seconds=5676.28 learning_rate=0.000133062
2026-09-21 08:19:50 UTC completed_step=30448 elapsed_seconds=5678.99 learning_rate=0.00013283
2026-09-21 08:19:53 UTC completed_step=30464 elapsed_seconds=5681.7 learning_rate=0.000132597
2026-09-21 08:19:55 UTC step=30464 elapsed_seconds=5683.88 mean_loss=0.317101 errors=262/10002 exact_sentences=836/1024
2026-09-21 08:19:58 UTC completed_step=30480 elapsed_seconds=5686.59 learning_rate=0.000132365
2026-09-21 08:20:01 UTC completed_step=30496 elapsed_seconds=5689.3 learning_rate=0.000132134
2026-09-21 08:20:03 UTC completed_step=30512 elapsed_seconds=5692.01 learning_rate=0.000131903
2026-09-21 08:20:06 UTC completed_step=30528 elapsed_seconds=5694.72 learning_rate=0.000131672
2026-09-21 08:20:09 UTC completed_step=30544 elapsed_seconds=5697.42 learning_rate=0.000131441
2026-09-21 08:20:12 UTC completed_step=30560 elapsed_seconds=5700.13 learning_rate=0.000131211
2026-09-21 08:20:14 UTC completed_step=30576 elapsed_seconds=5702.84 learning_rate=0.000130981
2026-09-21 08:20:17 UTC completed_step=30592 elapsed_seconds=5705.55 learning_rate=0.000130751
2026-09-21 08:20:19 UTC step=30592 elapsed_seconds=5707.73 mean_loss=0.312969 errors=243/10002 exact_sentences=844/1024
2026-09-21 08:20:22 UTC completed_step=30608 elapsed_seconds=5710.44 learning_rate=0.000130522
2026-09-21 08:20:25 UTC completed_step=30624 elapsed_seconds=5713.15 learning_rate=0.000130292
2026-09-21 08:20:27 UTC completed_step=30640 elapsed_seconds=5715.86 learning_rate=0.000130064
2026-09-21 08:20:30 UTC completed_step=30656 elapsed_seconds=5718.57 learning_rate=0.000129835
2026-09-21 08:20:33 UTC completed_step=30672 elapsed_seconds=5721.28 learning_rate=0.000129607
2026-09-21 08:20:35 UTC completed_step=30688 elapsed_seconds=5723.99 learning_rate=0.000129379
2026-09-21 08:20:38 UTC completed_step=30704 elapsed_seconds=5726.7 learning_rate=0.000129152
2026-09-21 08:20:41 UTC completed_step=30720 elapsed_seconds=5729.4 learning_rate=0.000128925
2026-09-21 08:20:43 UTC step=30720 elapsed_seconds=5731.58 mean_loss=0.318246 errors=239/10002 exact_sentences=842/1024
2026-09-21 08:20:46 UTC completed_step=30736 elapsed_seconds=5734.3 learning_rate=0.000128698
2026-09-21 08:20:48 UTC completed_step=30752 elapsed_seconds=5737.01 learning_rate=0.000128471
2026-09-21 08:20:51 UTC completed_step=30768 elapsed_seconds=5739.72 learning_rate=0.000128245
2026-09-21 08:20:54 UTC completed_step=30784 elapsed_seconds=5742.43 learning_rate=0.000128019
2026-09-21 08:20:57 UTC completed_step=30800 elapsed_seconds=5745.14 learning_rate=0.000127794
2026-09-21 08:20:59 UTC completed_step=30816 elapsed_seconds=5747.85 learning_rate=0.000127568
2026-09-21 08:21:02 UTC completed_step=30832 elapsed_seconds=5750.55 learning_rate=0.000127344
2026-09-21 08:21:05 UTC completed_step=30848 elapsed_seconds=5753.26 learning_rate=0.000127119
2026-09-21 08:21:07 UTC step=30848 elapsed_seconds=5755.44 mean_loss=0.317185 errors=267/10002 exact_sentences=832/1024
2026-09-21 08:21:10 UTC completed_step=30864 elapsed_seconds=5758.16 learning_rate=0.000126895
2026-09-21 08:21:12 UTC completed_step=30880 elapsed_seconds=5760.87 learning_rate=0.000126671
2026-09-21 08:21:15 UTC completed_step=30896 elapsed_seconds=5763.58 learning_rate=0.000126447
2026-09-21 08:21:18 UTC completed_step=30912 elapsed_seconds=5766.29 learning_rate=0.000126224
2026-09-21 08:21:20 UTC completed_step=30928 elapsed_seconds=5768.99 learning_rate=0.000126001
2026-09-21 08:21:23 UTC completed_step=30944 elapsed_seconds=5771.7 learning_rate=0.000125778
2026-09-21 08:21:26 UTC completed_step=30960 elapsed_seconds=5774.41 learning_rate=0.000125556
2026-09-21 08:21:29 UTC completed_step=30976 elapsed_seconds=5777.12 learning_rate=0.000125334
2026-09-21 08:21:31 UTC step=30976 elapsed_seconds=5779.3 mean_loss=0.307962 errors=232/10002 exact_sentences=849/1024
2026-09-21 08:21:33 UTC completed_step=30992 elapsed_seconds=5782.01 learning_rate=0.000125112
2026-09-21 08:21:36 UTC completed_step=31008 elapsed_seconds=5784.72 learning_rate=0.000124891
2026-09-21 08:21:39 UTC completed_step=31024 elapsed_seconds=5787.43 learning_rate=0.00012467
2026-09-21 08:21:42 UTC completed_step=31040 elapsed_seconds=5790.14 learning_rate=0.000124449
2026-09-21 08:21:44 UTC completed_step=31056 elapsed_seconds=5792.85 learning_rate=0.000124229
2026-09-21 08:21:47 UTC completed_step=31072 elapsed_seconds=5795.55 learning_rate=0.000124009
2026-09-21 08:21:50 UTC completed_step=31088 elapsed_seconds=5798.26 learning_rate=0.000123789
2026-09-21 08:21:52 UTC completed_step=31104 elapsed_seconds=5800.97 learning_rate=0.000123569
2026-09-21 08:21:55 UTC step=31104 elapsed_seconds=5803.15 mean_loss=0.3111 errors=250/10002 exact_sentences=837/1024
2026-09-21 08:21:57 UTC completed_step=31120 elapsed_seconds=5805.86 learning_rate=0.00012335
2026-09-21 08:22:00 UTC completed_step=31136 elapsed_seconds=5808.57 learning_rate=0.000123132
2026-09-21 08:22:03 UTC completed_step=31152 elapsed_seconds=5811.28 learning_rate=0.000122913
2026-09-21 08:22:05 UTC completed_step=31168 elapsed_seconds=5813.98 learning_rate=0.000122695
2026-09-21 08:22:08 UTC completed_step=31184 elapsed_seconds=5816.69 learning_rate=0.000122477
2026-09-21 08:22:11 UTC completed_step=31200 elapsed_seconds=5819.4 learning_rate=0.00012226
2026-09-21 08:22:14 UTC completed_step=31216 elapsed_seconds=5822.11 learning_rate=0.000122043
2026-09-21 08:22:16 UTC completed_step=31232 elapsed_seconds=5824.82 learning_rate=0.000121826
2026-09-21 08:22:18 UTC step=31232 elapsed_seconds=5827.01 mean_loss=0.300792 errors=241/10002 exact_sentences=852/1024
2026-09-21 08:22:21 UTC completed_step=31248 elapsed_seconds=5829.73 learning_rate=0.00012161
2026-09-21 08:22:24 UTC completed_step=31264 elapsed_seconds=5832.44 learning_rate=0.000121393
2026-09-21 08:22:27 UTC completed_step=31280 elapsed_seconds=5835.14 learning_rate=0.000121178
2026-09-21 08:22:29 UTC completed_step=31296 elapsed_seconds=5837.86 learning_rate=0.000120962
2026-09-21 08:22:32 UTC completed_step=31312 elapsed_seconds=5840.57 learning_rate=0.000120747
2026-09-21 08:22:35 UTC completed_step=31328 elapsed_seconds=5843.27 learning_rate=0.000120532
2026-09-21 08:22:37 UTC completed_step=31344 elapsed_seconds=5845.98 learning_rate=0.000120318
2026-09-21 08:22:40 UTC completed_step=31360 elapsed_seconds=5848.69 learning_rate=0.000120104
2026-09-21 08:22:42 UTC step=31360 elapsed_seconds=5850.87 mean_loss=0.296792 errors=213/10002 exact_sentences=858/1024
2026-09-21 08:22:45 UTC completed_step=31376 elapsed_seconds=5853.59 learning_rate=0.00011989
2026-09-21 08:22:48 UTC completed_step=31392 elapsed_seconds=5856.3 learning_rate=0.000119676
2026-09-21 08:22:50 UTC completed_step=31408 elapsed_seconds=5859.01 learning_rate=0.000119463
2026-09-21 08:22:53 UTC completed_step=31424 elapsed_seconds=5861.72 learning_rate=0.000119251
2026-09-21 08:22:56 UTC completed_step=31440 elapsed_seconds=5864.43 learning_rate=0.000119038
2026-09-21 08:22:59 UTC completed_step=31456 elapsed_seconds=5867.14 learning_rate=0.000118826
2026-09-21 08:23:01 UTC completed_step=31472 elapsed_seconds=5869.85 learning_rate=0.000118614
2026-09-21 08:23:04 UTC completed_step=31488 elapsed_seconds=5872.55 learning_rate=0.000118403
2026-09-21 08:23:06 UTC step=31488 elapsed_seconds=5874.73 mean_loss=0.293665 errors=204/10002 exact_sentences=870/1024
2026-09-21 08:23:09 UTC completed_step=31504 elapsed_seconds=5877.45 learning_rate=0.000118192
2026-09-21 08:23:12 UTC completed_step=31520 elapsed_seconds=5880.15 learning_rate=0.000117981
2026-09-21 08:23:14 UTC completed_step=31536 elapsed_seconds=5882.86 learning_rate=0.00011777
2026-09-21 08:23:17 UTC completed_step=31552 elapsed_seconds=5885.57 learning_rate=0.00011756
2026-09-21 08:23:20 UTC completed_step=31568 elapsed_seconds=5888.28 learning_rate=0.000117351
2026-09-21 08:23:22 UTC completed_step=31584 elapsed_seconds=5890.99 learning_rate=0.000117141
2026-09-21 08:23:25 UTC completed_step=31600 elapsed_seconds=5893.7 learning_rate=0.000116932
2026-09-21 08:23:28 UTC completed_step=31616 elapsed_seconds=5896.41 learning_rate=0.000116723
2026-09-21 08:23:30 UTC step=31616 elapsed_seconds=5898.6 mean_loss=0.29256 errors=204/10002 exact_sentences=864/1024
2026-09-21 08:23:33 UTC completed_step=31632 elapsed_seconds=5901.31 learning_rate=0.000116515
2026-09-21 08:23:35 UTC completed_step=31648 elapsed_seconds=5904.02 learning_rate=0.000116307
2026-09-21 08:23:38 UTC completed_step=31664 elapsed_seconds=5906.74 learning_rate=0.000116099
2026-09-21 08:23:41 UTC completed_step=31680 elapsed_seconds=5909.45 learning_rate=0.000115892
2026-09-21 08:23:44 UTC completed_step=31696 elapsed_seconds=5912.16 learning_rate=0.000115685
2026-09-21 08:23:46 UTC completed_step=31712 elapsed_seconds=5914.87 learning_rate=0.000115478
2026-09-21 08:23:49 UTC completed_step=31728 elapsed_seconds=5917.57 learning_rate=0.000115272
2026-09-21 08:23:52 UTC completed_step=31744 elapsed_seconds=5920.28 learning_rate=0.000115066
2026-09-21 08:23:54 UTC step=31744 elapsed_seconds=5922.45 mean_loss=0.288934 errors=205/10002 exact_sentences=874/1024
2026-09-21 08:23:57 UTC completed_step=31760 elapsed_seconds=5925.17 learning_rate=0.00011486
2026-09-21 08:23:59 UTC completed_step=31776 elapsed_seconds=5927.88 learning_rate=0.000114654
2026-09-21 08:24:02 UTC completed_step=31792 elapsed_seconds=5930.59 learning_rate=0.000114449
2026-09-21 08:24:05 UTC completed_step=31808 elapsed_seconds=5933.3 learning_rate=0.000114245
2026-09-21 08:24:07 UTC completed_step=31824 elapsed_seconds=5936.01 learning_rate=0.00011404
2026-09-21 08:24:10 UTC completed_step=31840 elapsed_seconds=5938.72 learning_rate=0.000113836
2026-09-21 08:24:13 UTC completed_step=31856 elapsed_seconds=5941.43 learning_rate=0.000113633
2026-09-21 08:24:16 UTC completed_step=31872 elapsed_seconds=5944.14 learning_rate=0.00011343
2026-09-21 08:24:18 UTC step=31872 elapsed_seconds=5946.32 mean_loss=0.288439 errors=201/10002 exact_sentences=869/1024
2026-09-21 08:24:21 UTC completed_step=31888 elapsed_seconds=5949.03 learning_rate=0.000113227
2026-09-21 08:24:23 UTC completed_step=31904 elapsed_seconds=5951.74 learning_rate=0.000113024
2026-09-21 08:24:26 UTC completed_step=31920 elapsed_seconds=5954.44 learning_rate=0.000112822
2026-09-21 08:24:29 UTC completed_step=31936 elapsed_seconds=5957.15 learning_rate=0.00011262
2026-09-21 08:24:31 UTC completed_step=31952 elapsed_seconds=5959.86 learning_rate=0.000112418
2026-09-21 08:24:34 UTC completed_step=31968 elapsed_seconds=5962.57 learning_rate=0.000112217
2026-09-21 08:24:37 UTC completed_step=31984 elapsed_seconds=5965.27 learning_rate=0.000112016
2026-09-21 08:24:39 UTC completed_step=32000 elapsed_seconds=5967.98 learning_rate=0.000111816
2026-09-21 08:24:42 UTC step=32000 elapsed_seconds=5970.17 mean_loss=0.285899 errors=194/10002 exact_sentences=877/1024
2026-09-21 08:24:44 UTC completed_step=32016 elapsed_seconds=5972.89 learning_rate=0.000111615
2026-09-21 08:24:47 UTC completed_step=32032 elapsed_seconds=5975.6 learning_rate=0.000111416
2026-09-21 08:24:50 UTC completed_step=32048 elapsed_seconds=5978.31 learning_rate=0.000111216
2026-09-21 08:24:52 UTC completed_step=32064 elapsed_seconds=5981.02 learning_rate=0.000111017
2026-09-21 08:24:55 UTC completed_step=32080 elapsed_seconds=5983.72 learning_rate=0.000110818
2026-09-21 08:24:58 UTC completed_step=32096 elapsed_seconds=5986.43 learning_rate=0.00011062
2026-09-21 08:25:01 UTC completed_step=32112 elapsed_seconds=5989.14 learning_rate=0.000110422
2026-09-21 08:25:03 UTC completed_step=32128 elapsed_seconds=5991.85 learning_rate=0.000110224
2026-09-21 08:25:06 UTC step=32128 elapsed_seconds=5994.04 mean_loss=0.279531 errors=182/10002 exact_sentences=885/1024
2026-09-21 08:25:08 UTC completed_step=32144 elapsed_seconds=5996.75 learning_rate=0.000110026
2026-09-21 08:25:11 UTC completed_step=32160 elapsed_seconds=5999.46 learning_rate=0.000109829
2026-09-21 08:25:14 UTC completed_step=32176 elapsed_seconds=6002.17 learning_rate=0.000109633
2026-09-21 08:25:16 UTC completed_step=32192 elapsed_seconds=6004.88 learning_rate=0.000109436
2026-09-21 08:25:19 UTC completed_step=32208 elapsed_seconds=6007.58 learning_rate=0.00010924
2026-09-21 08:25:22 UTC completed_step=32224 elapsed_seconds=6010.29 learning_rate=0.000109045
2026-09-21 08:25:24 UTC completed_step=32240 elapsed_seconds=6013 learning_rate=0.000108849
2026-09-21 08:25:27 UTC completed_step=32256 elapsed_seconds=6015.71 learning_rate=0.000108654
2026-09-21 08:25:29 UTC step=32256 elapsed_seconds=6017.92 mean_loss=0.283997 errors=200/10002 exact_sentences=870/1024
2026-09-21 08:25:32 UTC completed_step=32272 elapsed_seconds=6020.64 learning_rate=0.00010846
2026-09-21 08:25:35 UTC completed_step=32288 elapsed_seconds=6023.35 learning_rate=0.000108265
2026-09-21 08:25:38 UTC completed_step=32304 elapsed_seconds=6026.06 learning_rate=0.000108072
2026-09-21 08:25:40 UTC completed_step=32320 elapsed_seconds=6028.77 learning_rate=0.000107878
2026-09-21 08:25:43 UTC completed_step=32336 elapsed_seconds=6031.48 learning_rate=0.000107685
2026-09-21 08:25:46 UTC completed_step=32352 elapsed_seconds=6034.19 learning_rate=0.000107492
2026-09-21 08:25:48 UTC completed_step=32368 elapsed_seconds=6036.9 learning_rate=0.000107299
2026-09-21 08:25:51 UTC completed_step=32384 elapsed_seconds=6039.61 learning_rate=0.000107107
2026-09-21 08:25:53 UTC step=32384 elapsed_seconds=6041.78 mean_loss=0.274345 errors=179/10002 exact_sentences=889/1024
2026-09-21 08:25:56 UTC completed_step=32400 elapsed_seconds=6044.49 learning_rate=0.000106916
2026-09-21 08:25:59 UTC completed_step=32416 elapsed_seconds=6047.2 learning_rate=0.000106724
2026-09-21 08:26:01 UTC completed_step=32432 elapsed_seconds=6049.91 learning_rate=0.000106533
2026-09-21 08:26:04 UTC completed_step=32448 elapsed_seconds=6052.62 learning_rate=0.000106342
2026-09-21 08:26:07 UTC completed_step=32464 elapsed_seconds=6055.33 learning_rate=0.000106152
2026-09-21 08:26:10 UTC completed_step=32480 elapsed_seconds=6058.04 learning_rate=0.000105962
2026-09-21 08:26:12 UTC completed_step=32496 elapsed_seconds=6060.75 learning_rate=0.000105772
2026-09-21 08:26:15 UTC completed_step=32512 elapsed_seconds=6063.46 learning_rate=0.000105583
2026-09-21 08:26:17 UTC step=32512 elapsed_seconds=6065.63 mean_loss=0.270521 errors=175/10002 exact_sentences=888/1024
2026-09-21 08:26:20 UTC completed_step=32528 elapsed_seconds=6068.35 learning_rate=0.000105394
2026-09-21 08:26:23 UTC completed_step=32544 elapsed_seconds=6071.06 learning_rate=0.000105205
2026-09-21 08:26:25 UTC completed_step=32560 elapsed_seconds=6073.76 learning_rate=0.000105017
2026-09-21 08:26:28 UTC completed_step=32576 elapsed_seconds=6076.47 learning_rate=0.000104829
2026-09-21 08:26:31 UTC completed_step=32592 elapsed_seconds=6079.18 learning_rate=0.000104642
2026-09-21 08:26:33 UTC completed_step=32608 elapsed_seconds=6081.89 learning_rate=0.000104455
2026-09-21 08:26:36 UTC completed_step=32624 elapsed_seconds=6084.6 learning_rate=0.000104268
2026-09-21 08:26:39 UTC completed_step=32640 elapsed_seconds=6087.31 learning_rate=0.000104081
2026-09-21 08:26:41 UTC step=32640 elapsed_seconds=6089.48 mean_loss=0.27692 errors=193/10002 exact_sentences=876/1024
2026-09-21 08:26:44 UTC completed_step=32656 elapsed_seconds=6092.2 learning_rate=0.000103895
2026-09-21 08:26:46 UTC completed_step=32672 elapsed_seconds=6094.91 learning_rate=0.00010371
2026-09-21 08:26:49 UTC completed_step=32688 elapsed_seconds=6097.62 learning_rate=0.000103524
2026-09-21 08:26:52 UTC completed_step=32704 elapsed_seconds=6100.33 learning_rate=0.000103339
2026-09-21 08:26:55 UTC completed_step=32720 elapsed_seconds=6103.04 learning_rate=0.000103155
2026-09-21 08:26:57 UTC completed_step=32736 elapsed_seconds=6105.75 learning_rate=0.00010297
2026-09-21 08:27:00 UTC completed_step=32752 elapsed_seconds=6108.46 learning_rate=0.000102786
2026-09-21 08:27:03 UTC completed_step=32768 elapsed_seconds=6111.17 learning_rate=0.000102603
2026-09-21 08:27:05 UTC step=32768 elapsed_seconds=6113.36 mean_loss=0.270311 errors=172/10002 exact_sentences=895/1024
2026-09-21 08:27:08 UTC completed_step=32784 elapsed_seconds=6116.08 learning_rate=0.00010242
2026-09-21 08:27:10 UTC completed_step=32800 elapsed_seconds=6118.79 learning_rate=0.000102237
2026-09-21 08:27:13 UTC completed_step=32816 elapsed_seconds=6121.5 learning_rate=0.000102054
2026-09-21 08:27:16 UTC completed_step=32832 elapsed_seconds=6124.21 learning_rate=0.000101872
2026-09-21 08:27:18 UTC completed_step=32848 elapsed_seconds=6126.92 learning_rate=0.00010169
2026-09-21 08:27:21 UTC completed_step=32864 elapsed_seconds=6129.63 learning_rate=0.000101509
2026-09-21 08:27:24 UTC completed_step=32880 elapsed_seconds=6132.34 learning_rate=0.000101328
2026-09-21 08:27:27 UTC completed_step=32896 elapsed_seconds=6135.05 learning_rate=0.000101147
2026-09-21 08:27:29 UTC step=32896 elapsed_seconds=6137.24 mean_loss=0.273802 errors=184/10002 exact_sentences=889/1024
2026-09-21 08:27:31 UTC completed_step=32912 elapsed_seconds=6139.95 learning_rate=0.000100967
2026-09-21 08:27:34 UTC completed_step=32928 elapsed_seconds=6142.66 learning_rate=0.000100787
2026-09-21 08:27:37 UTC completed_step=32944 elapsed_seconds=6145.37 learning_rate=0.000100607
2026-09-21 08:27:40 UTC completed_step=32960 elapsed_seconds=6148.07 learning_rate=0.000100428
2026-09-21 08:27:42 UTC completed_step=32976 elapsed_seconds=6150.78 learning_rate=0.000100249
2026-09-21 08:27:45 UTC completed_step=32992 elapsed_seconds=6153.49 learning_rate=0.000100071
2026-09-21 08:27:48 UTC completed_step=33008 elapsed_seconds=6156.2 learning_rate=9.98927e-05
2026-09-21 08:27:50 UTC completed_step=33024 elapsed_seconds=6158.9 learning_rate=9.9715e-05
2026-09-21 08:27:53 UTC step=33024 elapsed_seconds=6161.08 mean_loss=0.265808 errors=164/10002 exact_sentences=894/1024
2026-09-21 08:27:55 UTC completed_step=33040 elapsed_seconds=6163.79 learning_rate=9.95376e-05
2026-09-21 08:27:58 UTC completed_step=33056 elapsed_seconds=6166.5 learning_rate=9.93606e-05
2026-09-21 08:28:01 UTC completed_step=33072 elapsed_seconds=6169.21 learning_rate=9.91839e-05
2026-09-21 08:28:03 UTC completed_step=33088 elapsed_seconds=6171.92 learning_rate=9.90076e-05
2026-09-21 08:28:06 UTC completed_step=33104 elapsed_seconds=6174.63 learning_rate=9.88317e-05
2026-09-21 08:28:09 UTC completed_step=33120 elapsed_seconds=6177.34 learning_rate=9.86561e-05
2026-09-21 08:28:12 UTC completed_step=33136 elapsed_seconds=6180.04 learning_rate=9.84809e-05
2026-09-21 08:28:14 UTC completed_step=33152 elapsed_seconds=6182.75 learning_rate=9.83061e-05
2026-09-21 08:28:16 UTC step=33152 elapsed_seconds=6184.93 mean_loss=0.26632 errors=171/10002 exact_sentences=890/1024
2026-09-21 08:28:19 UTC completed_step=33168 elapsed_seconds=6187.65 learning_rate=9.81316e-05
2026-09-21 08:28:22 UTC completed_step=33184 elapsed_seconds=6190.36 learning_rate=9.79575e-05
2026-09-21 08:28:25 UTC completed_step=33200 elapsed_seconds=6193.07 learning_rate=9.77838e-05
2026-09-21 08:28:27 UTC completed_step=33216 elapsed_seconds=6195.78 learning_rate=9.76105e-05
2026-09-21 08:28:30 UTC completed_step=33232 elapsed_seconds=6198.48 learning_rate=9.74375e-05
2026-09-21 08:28:33 UTC completed_step=33248 elapsed_seconds=6201.19 learning_rate=9.72649e-05
2026-09-21 08:28:35 UTC completed_step=33264 elapsed_seconds=6203.9 learning_rate=9.70926e-05
2026-09-21 08:28:38 UTC completed_step=33280 elapsed_seconds=6206.62 learning_rate=9.69207e-05
2026-09-21 08:28:40 UTC step=33280 elapsed_seconds=6208.79 mean_loss=0.266361 errors=175/10002 exact_sentences=889/1024
2026-09-21 08:28:43 UTC completed_step=33296 elapsed_seconds=6211.51 learning_rate=9.67492e-05
2026-09-21 08:28:46 UTC completed_step=33312 elapsed_seconds=6214.22 learning_rate=9.65781e-05
2026-09-21 08:28:48 UTC completed_step=33328 elapsed_seconds=6216.93 learning_rate=9.64073e-05
2026-09-21 08:28:51 UTC completed_step=33344 elapsed_seconds=6219.63 learning_rate=9.62369e-05
2026-09-21 08:28:54 UTC completed_step=33360 elapsed_seconds=6222.34 learning_rate=9.60669e-05
2026-09-21 08:28:57 UTC completed_step=33376 elapsed_seconds=6225.05 learning_rate=9.58973e-05
2026-09-21 08:28:59 UTC completed_step=33392 elapsed_seconds=6227.76 learning_rate=9.5728e-05
2026-09-21 08:29:02 UTC completed_step=33408 elapsed_seconds=6230.47 learning_rate=9.55591e-05
2026-09-21 08:29:04 UTC step=33408 elapsed_seconds=6232.65 mean_loss=0.25886 errors=156/10002 exact_sentences=905/1024
2026-09-21 08:29:07 UTC completed_step=33424 elapsed_seconds=6235.37 learning_rate=9.53905e-05
2026-09-21 08:29:10 UTC completed_step=33440 elapsed_seconds=6238.08 learning_rate=9.52224e-05
2026-09-21 08:29:12 UTC completed_step=33456 elapsed_seconds=6240.79 learning_rate=9.50546e-05
2026-09-21 08:29:15 UTC completed_step=33472 elapsed_seconds=6243.5 learning_rate=9.48872e-05
2026-09-21 08:29:18 UTC completed_step=33488 elapsed_seconds=6246.21 learning_rate=9.47201e-05
2026-09-21 08:29:20 UTC completed_step=33504 elapsed_seconds=6248.92 learning_rate=9.45534e-05
2026-09-21 08:29:23 UTC completed_step=33520 elapsed_seconds=6251.63 learning_rate=9.43871e-05
2026-09-21 08:29:26 UTC completed_step=33536 elapsed_seconds=6254.34 learning_rate=9.42212e-05
2026-09-21 08:29:28 UTC step=33536 elapsed_seconds=6256.51 mean_loss=0.253595 errors=151/10002 exact_sentences=901/1024
2026-09-21 08:29:31 UTC completed_step=33552 elapsed_seconds=6259.23 learning_rate=9.40557e-05
2026-09-21 08:29:33 UTC completed_step=33568 elapsed_seconds=6261.94 learning_rate=9.38905e-05
2026-09-21 08:29:36 UTC completed_step=33584 elapsed_seconds=6264.64 learning_rate=9.37257e-05
2026-09-21 08:29:39 UTC completed_step=33600 elapsed_seconds=6267.35 learning_rate=9.35612e-05
2026-09-21 08:29:42 UTC completed_step=33616 elapsed_seconds=6270.06 learning_rate=9.33972e-05
2026-09-21 08:29:44 UTC completed_step=33632 elapsed_seconds=6272.77 learning_rate=9.32335e-05
2026-09-21 08:29:47 UTC completed_step=33648 elapsed_seconds=6275.48 learning_rate=9.30702e-05
2026-09-21 08:29:50 UTC completed_step=33664 elapsed_seconds=6278.18 learning_rate=9.29073e-05
2026-09-21 08:29:52 UTC step=33664 elapsed_seconds=6280.39 mean_loss=0.253634 errors=154/10002 exact_sentences=899/1024
2026-09-21 08:29:55 UTC completed_step=33680 elapsed_seconds=6283.11 learning_rate=9.27447e-05
2026-09-21 08:29:57 UTC completed_step=33696 elapsed_seconds=6285.81 learning_rate=9.25826e-05
2026-09-21 08:30:00 UTC completed_step=33712 elapsed_seconds=6288.52 learning_rate=9.24208e-05
2026-09-21 08:30:03 UTC completed_step=33728 elapsed_seconds=6291.23 learning_rate=9.22594e-05
2026-09-21 08:30:05 UTC completed_step=33744 elapsed_seconds=6293.94 learning_rate=9.20983e-05
2026-09-21 08:30:08 UTC completed_step=33760 elapsed_seconds=6296.65 learning_rate=9.19377e-05
2026-09-21 08:30:11 UTC completed_step=33776 elapsed_seconds=6299.36 learning_rate=9.17774e-05
2026-09-21 08:30:14 UTC completed_step=33792 elapsed_seconds=6302.07 learning_rate=9.16175e-05
2026-09-21 08:30:16 UTC step=33792 elapsed_seconds=6304.25 mean_loss=0.252016 errors=145/10002 exact_sentences=908/1024
2026-09-21 08:30:18 UTC completed_step=33808 elapsed_seconds=6306.97 learning_rate=9.14579e-05
2026-09-21 08:30:21 UTC completed_step=33824 elapsed_seconds=6309.68 learning_rate=9.12988e-05
2026-09-21 08:30:24 UTC completed_step=33840 elapsed_seconds=6312.39 learning_rate=9.114e-05
2026-09-21 08:30:27 UTC completed_step=33856 elapsed_seconds=6315.1 learning_rate=9.09816e-05
2026-09-21 08:30:29 UTC completed_step=33872 elapsed_seconds=6317.82 learning_rate=9.08236e-05
2026-09-21 08:30:32 UTC completed_step=33888 elapsed_seconds=6320.53 learning_rate=9.0666e-05
2026-09-21 08:30:35 UTC completed_step=33904 elapsed_seconds=6323.24 learning_rate=9.05087e-05
2026-09-21 08:30:37 UTC completed_step=33920 elapsed_seconds=6325.95 learning_rate=9.03518e-05
2026-09-21 08:30:40 UTC step=33920 elapsed_seconds=6328.13 mean_loss=0.247738 errors=137/10002 exact_sentences=912/1024
2026-09-21 08:30:42 UTC completed_step=33936 elapsed_seconds=6330.85 learning_rate=9.01953e-05
2026-09-21 08:30:45 UTC completed_step=33952 elapsed_seconds=6333.56 learning_rate=9.00392e-05
2026-09-21 08:30:48 UTC completed_step=33968 elapsed_seconds=6336.27 learning_rate=8.98835e-05
2026-09-21 08:30:50 UTC completed_step=33984 elapsed_seconds=6338.98 learning_rate=8.97281e-05
2026-09-21 08:30:53 UTC completed_step=34000 elapsed_seconds=6341.7 learning_rate=8.95732e-05
2026-09-21 08:30:56 UTC completed_step=34016 elapsed_seconds=6344.41 learning_rate=8.94186e-05
2026-09-21 08:30:59 UTC completed_step=34032 elapsed_seconds=6347.12 learning_rate=8.92644e-05
2026-09-21 08:31:01 UTC completed_step=34048 elapsed_seconds=6349.83 learning_rate=8.91106e-05
2026-09-21 08:31:03 UTC step=34048 elapsed_seconds=6352.02 mean_loss=0.256693 errors=161/10002 exact_sentences=903/1024
2026-09-21 08:31:06 UTC completed_step=34064 elapsed_seconds=6354.73 learning_rate=8.89571e-05
2026-09-21 08:31:09 UTC completed_step=34080 elapsed_seconds=6357.44 learning_rate=8.88041e-05
2026-09-21 08:31:12 UTC completed_step=34096 elapsed_seconds=6360.15 learning_rate=8.86514e-05
2026-09-21 08:31:14 UTC completed_step=34112 elapsed_seconds=6362.86 learning_rate=8.84991e-05
2026-09-21 08:31:17 UTC completed_step=34128 elapsed_seconds=6365.57 learning_rate=8.83472e-05
2026-09-21 08:31:20 UTC completed_step=34144 elapsed_seconds=6368.28 learning_rate=8.81956e-05
2026-09-21 08:31:22 UTC completed_step=34160 elapsed_seconds=6370.99 learning_rate=8.80445e-05
2026-09-21 08:31:25 UTC completed_step=34176 elapsed_seconds=6373.7 learning_rate=8.78937e-05
2026-09-21 08:31:27 UTC step=34176 elapsed_seconds=6375.89 mean_loss=0.251653 errors=155/10002 exact_sentences=901/1024
2026-09-21 08:31:30 UTC completed_step=34192 elapsed_seconds=6378.61 learning_rate=8.77434e-05
2026-09-21 08:31:33 UTC completed_step=34208 elapsed_seconds=6381.32 learning_rate=8.75934e-05
2026-09-21 08:31:36 UTC completed_step=34224 elapsed_seconds=6384.03 learning_rate=8.74438e-05
2026-09-21 08:31:38 UTC completed_step=34240 elapsed_seconds=6386.74 learning_rate=8.72946e-05
2026-09-21 08:31:41 UTC completed_step=34256 elapsed_seconds=6389.45 learning_rate=8.71457e-05
2026-09-21 08:31:44 UTC completed_step=34272 elapsed_seconds=6392.16 learning_rate=8.69973e-05
2026-09-21 08:31:46 UTC completed_step=34288 elapsed_seconds=6394.87 learning_rate=8.68492e-05
2026-09-21 08:31:49 UTC completed_step=34304 elapsed_seconds=6397.58 learning_rate=8.67015e-05
2026-09-21 08:31:51 UTC step=34304 elapsed_seconds=6399.77 mean_loss=0.246249 errors=138/10002 exact_sentences=915/1024
2026-09-21 08:31:54 UTC completed_step=34320 elapsed_seconds=6402.49 learning_rate=8.65542e-05
2026-09-21 08:31:57 UTC completed_step=34336 elapsed_seconds=6405.2 learning_rate=8.64073e-05
2026-09-21 08:31:59 UTC completed_step=34352 elapsed_seconds=6407.91 learning_rate=8.62608e-05
2026-09-21 08:32:02 UTC completed_step=34368 elapsed_seconds=6410.62 learning_rate=8.61147e-05
2026-09-21 08:32:05 UTC completed_step=34384 elapsed_seconds=6413.33 learning_rate=8.59689e-05
2026-09-21 08:32:08 UTC completed_step=34400 elapsed_seconds=6416.04 learning_rate=8.58236e-05
2026-09-21 08:32:10 UTC completed_step=34416 elapsed_seconds=6418.75 learning_rate=8.56786e-05
2026-09-21 08:32:13 UTC completed_step=34432 elapsed_seconds=6421.46 learning_rate=8.5534e-05
2026-09-21 08:32:15 UTC step=34432 elapsed_seconds=6423.66 mean_loss=0.244104 errors=136/10002 exact_sentences=918/1024
2026-09-21 08:32:18 UTC completed_step=34448 elapsed_seconds=6426.38 learning_rate=8.53898e-05
2026-09-21 08:32:21 UTC completed_step=34464 elapsed_seconds=6429.09 learning_rate=8.5246e-05
2026-09-21 08:32:23 UTC completed_step=34480 elapsed_seconds=6431.8 learning_rate=8.51026e-05
2026-09-21 08:32:26 UTC completed_step=34496 elapsed_seconds=6434.51 learning_rate=8.49596e-05
2026-09-21 08:32:29 UTC completed_step=34512 elapsed_seconds=6437.22 learning_rate=8.48169e-05
2026-09-21 08:32:31 UTC completed_step=34528 elapsed_seconds=6439.93 learning_rate=8.46747e-05
2026-09-21 08:32:34 UTC completed_step=34544 elapsed_seconds=6442.64 learning_rate=8.45328e-05
2026-09-21 08:32:37 UTC completed_step=34560 elapsed_seconds=6445.34 learning_rate=8.43913e-05
2026-09-21 08:32:39 UTC step=34560 elapsed_seconds=6447.53 mean_loss=0.243887 errors=148/10002 exact_sentences=912/1024
2026-09-21 08:32:42 UTC completed_step=34576 elapsed_seconds=6450.24 learning_rate=8.42502e-05
2026-09-21 08:32:44 UTC completed_step=34592 elapsed_seconds=6452.95 learning_rate=8.41096e-05
2026-09-21 08:32:47 UTC completed_step=34608 elapsed_seconds=6455.66 learning_rate=8.39693e-05
2026-09-21 08:32:50 UTC completed_step=34624 elapsed_seconds=6458.37 learning_rate=8.38293e-05
2026-09-21 08:32:53 UTC completed_step=34640 elapsed_seconds=6461.08 learning_rate=8.36898e-05
2026-09-21 08:32:55 UTC completed_step=34656 elapsed_seconds=6463.78 learning_rate=8.35507e-05
2026-09-21 08:32:58 UTC completed_step=34672 elapsed_seconds=6466.49 learning_rate=8.34119e-05
2026-09-21 08:33:01 UTC completed_step=34688 elapsed_seconds=6469.21 learning_rate=8.32736e-05
2026-09-21 08:33:03 UTC step=34688 elapsed_seconds=6471.4 mean_loss=0.239424 errors=126/10002 exact_sentences=926/1024
2026-09-21 08:33:06 UTC completed_step=34704 elapsed_seconds=6474.12 learning_rate=8.31356e-05
2026-09-21 08:33:08 UTC completed_step=34720 elapsed_seconds=6476.83 learning_rate=8.29981e-05
2026-09-21 08:33:11 UTC completed_step=34736 elapsed_seconds=6479.54 learning_rate=8.28609e-05
2026-09-21 08:33:14 UTC completed_step=34752 elapsed_seconds=6482.25 learning_rate=8.27241e-05
2026-09-21 08:33:16 UTC completed_step=34768 elapsed_seconds=6484.96 learning_rate=8.25877e-05
2026-09-21 08:33:19 UTC completed_step=34784 elapsed_seconds=6487.67 learning_rate=8.24517e-05
2026-09-21 08:33:22 UTC completed_step=34800 elapsed_seconds=6490.37 learning_rate=8.23161e-05
2026-09-21 08:33:25 UTC completed_step=34816 elapsed_seconds=6493.08 learning_rate=8.21809e-05
2026-09-21 08:33:27 UTC step=34816 elapsed_seconds=6495.26 mean_loss=0.23658 errors=131/10002 exact_sentences=918/1024
2026-09-21 08:33:29 UTC completed_step=34832 elapsed_seconds=6497.99 learning_rate=8.20461e-05
2026-09-21 08:33:32 UTC completed_step=34848 elapsed_seconds=6500.7 learning_rate=8.19117e-05
2026-09-21 08:33:35 UTC completed_step=34864 elapsed_seconds=6503.41 learning_rate=8.17777e-05
2026-09-21 08:33:38 UTC completed_step=34880 elapsed_seconds=6506.11 learning_rate=8.1644e-05
2026-09-21 08:33:40 UTC completed_step=34896 elapsed_seconds=6508.82 learning_rate=8.15108e-05
2026-09-21 08:33:43 UTC completed_step=34912 elapsed_seconds=6511.53 learning_rate=8.13779e-05
2026-09-21 08:33:46 UTC completed_step=34928 elapsed_seconds=6514.24 learning_rate=8.12455e-05
2026-09-21 08:33:48 UTC completed_step=34944 elapsed_seconds=6516.95 learning_rate=8.11134e-05
2026-09-21 08:33:51 UTC step=34944 elapsed_seconds=6519.14 mean_loss=0.237059 errors=128/10002 exact_sentences=923/1024
2026-09-21 08:33:53 UTC completed_step=34960 elapsed_seconds=6521.85 learning_rate=8.09818e-05
2026-09-21 08:33:56 UTC completed_step=34976 elapsed_seconds=6524.56 learning_rate=8.08505e-05
2026-09-21 08:33:59 UTC completed_step=34992 elapsed_seconds=6527.27 learning_rate=8.07196e-05
2026-09-21 08:34:01 UTC completed_step=35008 elapsed_seconds=6529.98 learning_rate=8.05892e-05
2026-09-21 08:34:04 UTC completed_step=35024 elapsed_seconds=6532.69 learning_rate=8.04591e-05
2026-09-21 08:34:07 UTC completed_step=35040 elapsed_seconds=6535.4 learning_rate=8.03294e-05
2026-09-21 08:34:10 UTC completed_step=35056 elapsed_seconds=6538.11 learning_rate=8.02001e-05
2026-09-21 08:34:12 UTC completed_step=35072 elapsed_seconds=6540.82 learning_rate=8.00712e-05
2026-09-21 08:34:14 UTC step=35072 elapsed_seconds=6543 mean_loss=0.236251 errors=127/10002 exact_sentences=919/1024
2026-09-21 08:34:17 UTC completed_step=35088 elapsed_seconds=6545.71 learning_rate=7.99427e-05
2026-09-21 08:34:20 UTC completed_step=35104 elapsed_seconds=6548.42 learning_rate=7.98146e-05
2026-09-21 08:34:23 UTC completed_step=35120 elapsed_seconds=6551.13 learning_rate=7.96869e-05
2026-09-21 08:34:25 UTC completed_step=35136 elapsed_seconds=6553.84 learning_rate=7.95596e-05
2026-09-21 08:34:28 UTC completed_step=35152 elapsed_seconds=6556.55 learning_rate=7.94327e-05
2026-09-21 08:34:31 UTC completed_step=35168 elapsed_seconds=6559.26 learning_rate=7.93062e-05
2026-09-21 08:34:33 UTC completed_step=35184 elapsed_seconds=6561.96 learning_rate=7.91801e-05
2026-09-21 08:34:36 UTC completed_step=35200 elapsed_seconds=6564.67 learning_rate=7.90544e-05
2026-09-21 08:34:38 UTC step=35200 elapsed_seconds=6566.86 mean_loss=0.233269 errors=129/10002 exact_sentences=923/1024
2026-09-21 08:34:41 UTC completed_step=35216 elapsed_seconds=6569.57 learning_rate=7.89291e-05
2026-09-21 08:34:44 UTC completed_step=35232 elapsed_seconds=6572.28 learning_rate=7.88041e-05
2026-09-21 08:34:46 UTC completed_step=35248 elapsed_seconds=6574.99 learning_rate=7.86796e-05
2026-09-21 08:34:49 UTC completed_step=35264 elapsed_seconds=6577.7 learning_rate=7.85555e-05
2026-09-21 08:34:52 UTC completed_step=35280 elapsed_seconds=6580.41 learning_rate=7.84318e-05
2026-09-21 08:34:55 UTC completed_step=35296 elapsed_seconds=6583.12 learning_rate=7.83085e-05
2026-09-21 08:34:57 UTC completed_step=35312 elapsed_seconds=6585.83 learning_rate=7.81855e-05
2026-09-21 08:35:00 UTC completed_step=35328 elapsed_seconds=6588.54 learning_rate=7.8063e-05
2026-09-21 08:35:02 UTC step=35328 elapsed_seconds=6590.72 mean_loss=0.232822 errors=119/10002 exact_sentences=927/1024
2026-09-21 08:35:05 UTC completed_step=35344 elapsed_seconds=6593.44 learning_rate=7.79409e-05
2026-09-21 08:35:08 UTC completed_step=35360 elapsed_seconds=6596.15 learning_rate=7.78192e-05
2026-09-21 08:35:10 UTC completed_step=35376 elapsed_seconds=6598.86 learning_rate=7.76979e-05
2026-09-21 08:35:13 UTC completed_step=35392 elapsed_seconds=6601.57 learning_rate=7.75769e-05
2026-09-21 08:35:16 UTC completed_step=35408 elapsed_seconds=6604.28 learning_rate=7.74564e-05
2026-09-21 08:35:18 UTC completed_step=35424 elapsed_seconds=6606.98 learning_rate=7.73363e-05
2026-09-21 08:35:21 UTC completed_step=35440 elapsed_seconds=6609.69 learning_rate=7.72166e-05
2026-09-21 08:35:24 UTC completed_step=35456 elapsed_seconds=6612.4 learning_rate=7.70973e-05
2026-09-21 08:35:26 UTC step=35456 elapsed_seconds=6614.57 mean_loss=0.231099 errors=120/10002 exact_sentences=928/1024
2026-09-21 08:35:29 UTC completed_step=35472 elapsed_seconds=6617.28 learning_rate=7.69784e-05
2026-09-21 08:35:31 UTC completed_step=35488 elapsed_seconds=6619.99 learning_rate=7.68598e-05
2026-09-21 08:35:34 UTC completed_step=35504 elapsed_seconds=6622.7 learning_rate=7.67417e-05
2026-09-21 08:35:37 UTC completed_step=35520 elapsed_seconds=6625.41 learning_rate=7.6624e-05
2026-09-21 08:35:40 UTC completed_step=35536 elapsed_seconds=6628.12 learning_rate=7.65067e-05
2026-09-21 08:35:42 UTC completed_step=35552 elapsed_seconds=6630.83 learning_rate=7.63898e-05
2026-09-21 08:35:45 UTC completed_step=35568 elapsed_seconds=6633.54 learning_rate=7.62733e-05
2026-09-21 08:35:48 UTC completed_step=35584 elapsed_seconds=6636.24 learning_rate=7.61572e-05
2026-09-21 08:35:50 UTC step=35584 elapsed_seconds=6638.42 mean_loss=0.230685 errors=109/10002 exact_sentences=932/1024
2026-09-21 08:35:53 UTC completed_step=35600 elapsed_seconds=6641.13 learning_rate=7.60415e-05
2026-09-21 08:35:55 UTC completed_step=35616 elapsed_seconds=6643.84 learning_rate=7.59262e-05
2026-09-21 08:35:58 UTC completed_step=35632 elapsed_seconds=6646.55 learning_rate=7.58113e-05
2026-09-21 08:36:01 UTC completed_step=35648 elapsed_seconds=6649.26 learning_rate=7.56968e-05
2026-09-21 08:36:03 UTC completed_step=35664 elapsed_seconds=6651.97 learning_rate=7.55827e-05
2026-09-21 08:36:06 UTC completed_step=35680 elapsed_seconds=6654.68 learning_rate=7.54691e-05
2026-09-21 08:36:09 UTC completed_step=35696 elapsed_seconds=6657.39 learning_rate=7.53558e-05
2026-09-21 08:36:12 UTC completed_step=35712 elapsed_seconds=6660.09 learning_rate=7.52429e-05
2026-09-21 08:36:14 UTC step=35712 elapsed_seconds=6662.27 mean_loss=0.228593 errors=120/10002 exact_sentences=929/1024
2026-09-21 08:36:16 UTC completed_step=35728 elapsed_seconds=6664.98 learning_rate=7.51304e-05
2026-09-21 08:36:19 UTC completed_step=35744 elapsed_seconds=6667.69 learning_rate=7.50184e-05
2026-09-21 08:36:22 UTC completed_step=35760 elapsed_seconds=6670.4 learning_rate=7.49067e-05
2026-09-21 08:36:25 UTC completed_step=35776 elapsed_seconds=6673.11 learning_rate=7.47955e-05
2026-09-21 08:36:27 UTC completed_step=35792 elapsed_seconds=6675.82 learning_rate=7.46846e-05
2026-09-21 08:36:30 UTC completed_step=35808 elapsed_seconds=6678.53 learning_rate=7.45742e-05
2026-09-21 08:36:33 UTC completed_step=35824 elapsed_seconds=6681.24 learning_rate=7.44641e-05
2026-09-21 08:36:35 UTC completed_step=35840 elapsed_seconds=6683.95 learning_rate=7.43545e-05
2026-09-21 08:36:38 UTC step=35840 elapsed_seconds=6686.14 mean_loss=0.225861 errors=108/10002 exact_sentences=932/1024
2026-09-21 08:36:40 UTC completed_step=35856 elapsed_seconds=6688.86 learning_rate=7.42453e-05
2026-09-21 08:36:43 UTC completed_step=35872 elapsed_seconds=6691.56 learning_rate=7.41364e-05
2026-09-21 08:36:46 UTC completed_step=35888 elapsed_seconds=6694.28 learning_rate=7.4028e-05
2026-09-21 08:36:48 UTC completed_step=35904 elapsed_seconds=6696.99 learning_rate=7.392e-05
2026-09-21 08:36:51 UTC completed_step=35920 elapsed_seconds=6699.7 learning_rate=7.38124e-05
2026-09-21 08:36:54 UTC completed_step=35936 elapsed_seconds=6702.41 learning_rate=7.37052e-05
2026-09-21 08:36:57 UTC completed_step=35952 elapsed_seconds=6705.13 learning_rate=7.35984e-05
2026-09-21 08:36:59 UTC completed_step=35968 elapsed_seconds=6707.84 learning_rate=7.34921e-05
2026-09-21 08:37:02 UTC step=35968 elapsed_seconds=6710.03 mean_loss=0.221805 errors=113/10002 exact_sentences=932/1024
2026-09-21 08:37:04 UTC completed_step=35984 elapsed_seconds=6712.74 learning_rate=7.33861e-05
2026-09-21 08:37:07 UTC completed_step=36000 elapsed_seconds=6715.45 learning_rate=7.32805e-05
2026-09-21 08:37:10 UTC completed_step=36016 elapsed_seconds=6718.16 learning_rate=7.31754e-05
2026-09-21 08:37:12 UTC completed_step=36032 elapsed_seconds=6720.87 learning_rate=7.30706e-05
2026-09-21 08:37:15 UTC completed_step=36048 elapsed_seconds=6723.58 learning_rate=7.29663e-05
2026-09-21 08:37:18 UTC completed_step=36064 elapsed_seconds=6726.29 learning_rate=7.28623e-05
2026-09-21 08:37:20 UTC completed_step=36080 elapsed_seconds=6728.99 learning_rate=7.27588e-05
2026-09-21 08:37:23 UTC completed_step=36096 elapsed_seconds=6731.7 learning_rate=7.26557e-05
2026-09-21 08:37:25 UTC step=36096 elapsed_seconds=6733.88 mean_loss=0.222061 errors=107/10002 exact_sentences=937/1024
2026-09-21 08:37:28 UTC completed_step=36112 elapsed_seconds=6736.59 learning_rate=7.2553e-05
2026-09-21 08:37:31 UTC completed_step=36128 elapsed_seconds=6739.3 learning_rate=7.24507e-05
2026-09-21 08:37:33 UTC completed_step=36144 elapsed_seconds=6742.01 learning_rate=7.23488e-05
2026-09-21 08:37:36 UTC completed_step=36160 elapsed_seconds=6744.72 learning_rate=7.22473e-05
2026-09-21 08:37:39 UTC completed_step=36176 elapsed_seconds=6747.43 learning_rate=7.21462e-05
2026-09-21 08:37:42 UTC completed_step=36192 elapsed_seconds=6750.13 learning_rate=7.20455e-05
2026-09-21 08:37:44 UTC completed_step=36208 elapsed_seconds=6752.84 learning_rate=7.19453e-05
2026-09-21 08:37:47 UTC completed_step=36224 elapsed_seconds=6755.55 learning_rate=7.18454e-05
2026-09-21 08:37:49 UTC step=36224 elapsed_seconds=6757.75 mean_loss=0.217827 errors=110/10002 exact_sentences=933/1024
2026-09-21 08:37:52 UTC completed_step=36240 elapsed_seconds=6760.46 learning_rate=7.1746e-05
2026-09-21 08:37:55 UTC completed_step=36256 elapsed_seconds=6763.17 learning_rate=7.16469e-05
2026-09-21 08:37:57 UTC completed_step=36272 elapsed_seconds=6765.88 learning_rate=7.15483e-05
2026-09-21 08:38:00 UTC completed_step=36288 elapsed_seconds=6768.59 learning_rate=7.14501e-05
2026-09-21 08:38:03 UTC completed_step=36304 elapsed_seconds=6771.3 learning_rate=7.13523e-05
2026-09-21 08:38:05 UTC completed_step=36320 elapsed_seconds=6774.01 learning_rate=7.12549e-05
2026-09-21 08:38:08 UTC completed_step=36336 elapsed_seconds=6776.73 learning_rate=7.11579e-05
2026-09-21 08:38:11 UTC completed_step=36352 elapsed_seconds=6779.43 learning_rate=7.10614e-05
2026-09-21 08:38:13 UTC step=36352 elapsed_seconds=6781.61 mean_loss=0.218735 errors=110/10002 exact_sentences=935/1024
2026-09-21 08:38:16 UTC completed_step=36368 elapsed_seconds=6784.33 learning_rate=7.09652e-05
2026-09-21 08:38:19 UTC completed_step=36384 elapsed_seconds=6787.04 learning_rate=7.08695e-05
2026-09-21 08:38:21 UTC completed_step=36400 elapsed_seconds=6789.75 learning_rate=7.07741e-05
2026-09-21 08:38:24 UTC completed_step=36416 elapsed_seconds=6792.46 learning_rate=7.06792e-05
2026-09-21 08:38:27 UTC completed_step=36432 elapsed_seconds=6795.17 learning_rate=7.05847e-05
2026-09-21 08:38:29 UTC completed_step=36448 elapsed_seconds=6797.88 learning_rate=7.04906e-05
2026-09-21 08:38:32 UTC completed_step=36464 elapsed_seconds=6800.59 learning_rate=7.03969e-05
2026-09-21 08:38:35 UTC completed_step=36480 elapsed_seconds=6803.3 learning_rate=7.03037e-05
2026-09-21 08:38:37 UTC step=36480 elapsed_seconds=6805.48 mean_loss=0.219949 errors=105/10002 exact_sentences=937/1024
2026-09-21 08:38:40 UTC completed_step=36496 elapsed_seconds=6808.19 learning_rate=7.02108e-05
2026-09-21 08:38:42 UTC completed_step=36512 elapsed_seconds=6810.9 learning_rate=7.01183e-05
2026-09-21 08:38:45 UTC completed_step=36528 elapsed_seconds=6813.61 learning_rate=7.00263e-05
2026-09-21 08:38:48 UTC completed_step=36544 elapsed_seconds=6816.32 learning_rate=6.99347e-05
2026-09-21 08:38:51 UTC completed_step=36560 elapsed_seconds=6819.03 learning_rate=6.98435e-05
2026-09-21 08:38:53 UTC completed_step=36576 elapsed_seconds=6821.73 learning_rate=6.97527e-05
2026-09-21 08:38:56 UTC completed_step=36592 elapsed_seconds=6824.44 learning_rate=6.96623e-05
2026-09-21 08:38:59 UTC completed_step=36608 elapsed_seconds=6827.15 learning_rate=6.95723e-05
2026-09-21 08:39:01 UTC step=36608 elapsed_seconds=6829.33 mean_loss=0.213046 errors=97/10002 exact_sentences=941/1024
2026-09-21 08:39:04 UTC completed_step=36624 elapsed_seconds=6832.05 learning_rate=6.94827e-05
2026-09-21 08:39:06 UTC completed_step=36640 elapsed_seconds=6834.75 learning_rate=6.93936e-05
2026-09-21 08:39:09 UTC completed_step=36656 elapsed_seconds=6837.47 learning_rate=6.93049e-05
2026-09-21 08:39:12 UTC completed_step=36672 elapsed_seconds=6840.17 learning_rate=6.92165e-05
2026-09-21 08:39:14 UTC completed_step=36688 elapsed_seconds=6842.89 learning_rate=6.91286e-05
2026-09-21 08:39:17 UTC completed_step=36704 elapsed_seconds=6845.59 learning_rate=6.90411e-05
2026-09-21 08:39:20 UTC completed_step=36720 elapsed_seconds=6848.3 learning_rate=6.89541e-05
2026-09-21 08:39:22 UTC completed_step=36736 elapsed_seconds=6851.01 learning_rate=6.88674e-05
2026-09-21 08:39:25 UTC step=36736 elapsed_seconds=6853.19 mean_loss=0.217708 errors=103/10002 exact_sentences=938/1024
2026-09-21 08:39:27 UTC completed_step=36752 elapsed_seconds=6855.91 learning_rate=6.87812e-05
2026-09-21 08:39:30 UTC completed_step=36768 elapsed_seconds=6858.62 learning_rate=6.86953e-05
2026-09-21 08:39:33 UTC completed_step=36784 elapsed_seconds=6861.33 learning_rate=6.86099e-05
2026-09-21 08:39:36 UTC completed_step=36800 elapsed_seconds=6864.04 learning_rate=6.85249e-05
2026-09-21 08:39:38 UTC completed_step=36816 elapsed_seconds=6866.75 learning_rate=6.84403e-05
2026-09-21 08:39:41 UTC completed_step=36832 elapsed_seconds=6869.46 learning_rate=6.83561e-05
2026-09-21 08:39:44 UTC completed_step=36848 elapsed_seconds=6872.17 learning_rate=6.82724e-05
2026-09-21 08:39:46 UTC completed_step=36864 elapsed_seconds=6874.88 learning_rate=6.8189e-05
2026-09-21 08:39:49 UTC step=36864 elapsed_seconds=6877.05 mean_loss=0.216674 errors=102/10002 exact_sentences=936/1024
2026-09-21 08:39:51 UTC completed_step=36880 elapsed_seconds=6879.77 learning_rate=6.81061e-05
2026-09-21 08:39:54 UTC completed_step=36896 elapsed_seconds=6882.48 learning_rate=6.80236e-05
2026-09-21 08:39:57 UTC completed_step=36912 elapsed_seconds=6885.19 learning_rate=6.79415e-05
2026-09-21 08:39:59 UTC completed_step=36928 elapsed_seconds=6887.9 learning_rate=6.78598e-05
2026-09-21 08:40:02 UTC completed_step=36944 elapsed_seconds=6890.61 learning_rate=6.77785e-05
2026-09-21 08:40:05 UTC completed_step=36960 elapsed_seconds=6893.32 learning_rate=6.76977e-05
2026-09-21 08:40:08 UTC completed_step=36976 elapsed_seconds=6896.03 learning_rate=6.76173e-05
2026-09-21 08:40:10 UTC completed_step=36992 elapsed_seconds=6898.74 learning_rate=6.75372e-05
2026-09-21 08:40:12 UTC step=36992 elapsed_seconds=6900.92 mean_loss=0.210601 errors=93/10002 exact_sentences=945/1024
2026-09-21 08:40:15 UTC completed_step=37008 elapsed_seconds=6903.63 learning_rate=6.74576e-05
2026-09-21 08:40:18 UTC completed_step=37024 elapsed_seconds=6906.34 learning_rate=6.73785e-05
2026-09-21 08:40:21 UTC completed_step=37040 elapsed_seconds=6909.05 learning_rate=6.72997e-05
2026-09-21 08:40:23 UTC completed_step=37056 elapsed_seconds=6911.76 learning_rate=6.72213e-05
2026-09-21 08:40:26 UTC completed_step=37072 elapsed_seconds=6914.46 learning_rate=6.71434e-05
2026-09-21 08:40:29 UTC completed_step=37088 elapsed_seconds=6917.17 learning_rate=6.70659e-05
2026-09-21 08:40:31 UTC completed_step=37104 elapsed_seconds=6919.88 learning_rate=6.69888e-05
2026-09-21 08:40:34 UTC completed_step=37120 elapsed_seconds=6922.59 learning_rate=6.69121e-05
2026-09-21 08:40:36 UTC step=37120 elapsed_seconds=6924.78 mean_loss=0.219386 errors=108/10002 exact_sentences=937/1024
2026-09-21 08:40:39 UTC completed_step=37136 elapsed_seconds=6927.49 learning_rate=6.68358e-05
2026-09-21 08:40:42 UTC completed_step=37152 elapsed_seconds=6930.2 learning_rate=6.676e-05
2026-09-21 08:40:44 UTC completed_step=37168 elapsed_seconds=6932.91 learning_rate=6.66846e-05
2026-09-21 08:40:47 UTC completed_step=37184 elapsed_seconds=6935.62 learning_rate=6.66096e-05
2026-09-21 08:40:50 UTC completed_step=37200 elapsed_seconds=6938.33 learning_rate=6.6535e-05
2026-09-21 08:40:53 UTC completed_step=37216 elapsed_seconds=6941.04 learning_rate=6.64608e-05
2026-09-21 08:40:55 UTC completed_step=37232 elapsed_seconds=6943.75 learning_rate=6.6387e-05
2026-09-21 08:40:58 UTC completed_step=37248 elapsed_seconds=6946.47 learning_rate=6.63137e-05
2026-09-21 08:41:00 UTC step=37248 elapsed_seconds=6948.64 mean_loss=0.211022 errors=102/10002 exact_sentences=937/1024
2026-09-21 08:41:03 UTC completed_step=37264 elapsed_seconds=6951.36 learning_rate=6.62408e-05
2026-09-21 08:41:06 UTC completed_step=37280 elapsed_seconds=6954.06 learning_rate=6.61683e-05
2026-09-21 08:41:08 UTC completed_step=37296 elapsed_seconds=6956.78 learning_rate=6.60962e-05
2026-09-21 08:41:11 UTC completed_step=37312 elapsed_seconds=6959.48 learning_rate=6.60245e-05
2026-09-21 08:41:14 UTC completed_step=37328 elapsed_seconds=6962.19 learning_rate=6.59533e-05
2026-09-21 08:41:16 UTC completed_step=37344 elapsed_seconds=6964.9 learning_rate=6.58825e-05
2026-09-21 08:41:19 UTC completed_step=37360 elapsed_seconds=6967.61 learning_rate=6.58121e-05
2026-09-21 08:41:22 UTC completed_step=37376 elapsed_seconds=6970.32 learning_rate=6.57421e-05
2026-09-21 08:41:24 UTC step=37376 elapsed_seconds=6972.49 mean_loss=0.209685 errors=93/10002 exact_sentences=945/1024
2026-09-21 08:41:27 UTC completed_step=37392 elapsed_seconds=6975.21 learning_rate=6.56725e-05
2026-09-21 08:41:29 UTC completed_step=37408 elapsed_seconds=6977.92 learning_rate=6.56034e-05
2026-09-21 08:41:32 UTC completed_step=37424 elapsed_seconds=6980.63 learning_rate=6.55347e-05
2026-09-21 08:41:35 UTC completed_step=37440 elapsed_seconds=6983.34 learning_rate=6.54663e-05
2026-09-21 08:41:38 UTC completed_step=37456 elapsed_seconds=6986.04 learning_rate=6.53985e-05
2026-09-21 08:41:40 UTC completed_step=37472 elapsed_seconds=6988.75 learning_rate=6.5331e-05
2026-09-21 08:41:43 UTC completed_step=37488 elapsed_seconds=6991.46 learning_rate=6.52639e-05
2026-09-21 08:41:46 UTC completed_step=37504 elapsed_seconds=6994.17 learning_rate=6.51973e-05
2026-09-21 08:41:48 UTC step=37504 elapsed_seconds=6996.34 mean_loss=0.206395 errors=93/10002 exact_sentences=945/1024
2026-09-21 08:41:51 UTC completed_step=37520 elapsed_seconds=6999.06 learning_rate=6.51311e-05
2026-09-21 08:41:53 UTC completed_step=37536 elapsed_seconds=7001.77 learning_rate=6.50653e-05
2026-09-21 08:41:56 UTC completed_step=37552 elapsed_seconds=7004.48 learning_rate=6.49999e-05
2026-09-21 08:41:59 UTC completed_step=37568 elapsed_seconds=7007.18 learning_rate=6.4935e-05
2026-09-21 08:42:01 UTC completed_step=37584 elapsed_seconds=7009.89 learning_rate=6.48705e-05
2026-09-21 08:42:04 UTC completed_step=37600 elapsed_seconds=7012.6 learning_rate=6.48064e-05
2026-09-21 08:42:07 UTC completed_step=37616 elapsed_seconds=7015.31 learning_rate=6.47427e-05
2026-09-21 08:42:09 UTC completed_step=37632 elapsed_seconds=7018.02 learning_rate=6.46794e-05
2026-09-21 08:42:12 UTC step=37632 elapsed_seconds=7020.21 mean_loss=0.20726 errors=86/10002 exact_sentences=951/1024
2026-09-21 08:42:14 UTC completed_step=37648 elapsed_seconds=7022.92 learning_rate=6.46166e-05
2026-09-21 08:42:17 UTC completed_step=37664 elapsed_seconds=7025.63 learning_rate=6.45542e-05
2026-09-21 08:42:20 UTC completed_step=37680 elapsed_seconds=7028.34 learning_rate=6.44922e-05
2026-09-21 08:42:23 UTC completed_step=37696 elapsed_seconds=7031.05 learning_rate=6.44306e-05
2026-09-21 08:42:25 UTC completed_step=37712 elapsed_seconds=7033.76 learning_rate=6.43694e-05
2026-09-21 08:42:28 UTC completed_step=37728 elapsed_seconds=7036.46 learning_rate=6.43087e-05
2026-09-21 08:42:31 UTC completed_step=37744 elapsed_seconds=7039.17 learning_rate=6.42484e-05
2026-09-21 08:42:33 UTC completed_step=37760 elapsed_seconds=7041.88 learning_rate=6.41885e-05
2026-09-21 08:42:36 UTC step=37760 elapsed_seconds=7044.09 mean_loss=0.204949 errors=93/10002 exact_sentences=945/1024
2026-09-21 08:42:38 UTC completed_step=37776 elapsed_seconds=7046.8 learning_rate=6.4129e-05
2026-09-21 08:42:41 UTC completed_step=37792 elapsed_seconds=7049.51 learning_rate=6.407e-05
2026-09-21 08:42:44 UTC completed_step=37808 elapsed_seconds=7052.22 learning_rate=6.40114e-05
2026-09-21 08:42:46 UTC completed_step=37824 elapsed_seconds=7054.93 learning_rate=6.39531e-05
2026-09-21 08:42:49 UTC completed_step=37840 elapsed_seconds=7057.64 learning_rate=6.38954e-05
2026-09-21 08:42:52 UTC completed_step=37856 elapsed_seconds=7060.35 learning_rate=6.3838e-05
2026-09-21 08:42:55 UTC completed_step=37872 elapsed_seconds=7063.05 learning_rate=6.37811e-05
2026-09-21 08:42:57 UTC completed_step=37888 elapsed_seconds=7065.76 learning_rate=6.37246e-05
2026-09-21 08:42:59 UTC step=37888 elapsed_seconds=7067.95 mean_loss=0.203732 errors=85/10002 exact_sentences=953/1024
2026-09-21 08:43:02 UTC completed_step=37904 elapsed_seconds=7070.67 learning_rate=6.36685e-05
2026-09-21 08:43:05 UTC completed_step=37920 elapsed_seconds=7073.38 learning_rate=6.36128e-05
2026-09-21 08:43:08 UTC completed_step=37936 elapsed_seconds=7076.09 learning_rate=6.35575e-05
2026-09-21 08:43:10 UTC completed_step=37952 elapsed_seconds=7078.8 learning_rate=6.35027e-05
2026-09-21 08:43:13 UTC completed_step=37968 elapsed_seconds=7081.51 learning_rate=6.34483e-05
2026-09-21 08:43:16 UTC completed_step=37984 elapsed_seconds=7084.22 learning_rate=6.33943e-05
2026-09-21 08:43:18 UTC completed_step=38000 elapsed_seconds=7086.92 learning_rate=6.33408e-05
2026-09-21 08:43:21 UTC completed_step=38016 elapsed_seconds=7089.63 learning_rate=6.32877e-05
2026-09-21 08:43:23 UTC step=38016 elapsed_seconds=7091.82 mean_loss=0.205419 errors=82/10002 exact_sentences=953/1024
2026-09-21 08:43:26 UTC completed_step=38032 elapsed_seconds=7094.53 learning_rate=6.3235e-05
2026-09-21 08:43:29 UTC completed_step=38048 elapsed_seconds=7097.24 learning_rate=6.31827e-05
2026-09-21 08:43:31 UTC completed_step=38064 elapsed_seconds=7099.95 learning_rate=6.31308e-05
2026-09-21 08:43:34 UTC completed_step=38080 elapsed_seconds=7102.66 learning_rate=6.30794e-05
2026-09-21 08:43:37 UTC completed_step=38096 elapsed_seconds=7105.37 learning_rate=6.30284e-05
2026-09-21 08:43:40 UTC completed_step=38112 elapsed_seconds=7108.07 learning_rate=6.29778e-05
2026-09-21 08:43:42 UTC completed_step=38128 elapsed_seconds=7110.78 learning_rate=6.29276e-05
2026-09-21 08:43:45 UTC completed_step=38144 elapsed_seconds=7113.49 learning_rate=6.28779e-05
2026-09-21 08:43:47 UTC step=38144 elapsed_seconds=7115.67 mean_loss=0.203398 errors=93/10002 exact_sentences=946/1024
2026-09-21 08:43:50 UTC completed_step=38160 elapsed_seconds=7118.38 learning_rate=6.28285e-05
2026-09-21 08:43:53 UTC completed_step=38176 elapsed_seconds=7121.1 learning_rate=6.27797e-05
2026-09-21 08:43:55 UTC completed_step=38192 elapsed_seconds=7123.8 learning_rate=6.27312e-05
2026-09-21 08:43:58 UTC completed_step=38208 elapsed_seconds=7126.51 learning_rate=6.26831e-05
2026-09-21 08:44:01 UTC completed_step=38224 elapsed_seconds=7129.22 learning_rate=6.26355e-05
2026-09-21 08:44:03 UTC completed_step=38240 elapsed_seconds=7131.93 learning_rate=6.25883e-05
2026-09-21 08:44:06 UTC completed_step=38256 elapsed_seconds=7134.64 learning_rate=6.25415e-05
2026-09-21 08:44:09 UTC completed_step=38272 elapsed_seconds=7137.35 learning_rate=6.24952e-05
2026-09-21 08:44:11 UTC step=38272 elapsed_seconds=7139.55 mean_loss=0.201942 errors=79/10002 exact_sentences=955/1024
2026-09-21 08:44:14 UTC completed_step=38288 elapsed_seconds=7142.26 learning_rate=6.24493e-05
2026-09-21 08:44:16 UTC completed_step=38304 elapsed_seconds=7144.97 learning_rate=6.24038e-05
2026-09-21 08:44:19 UTC completed_step=38320 elapsed_seconds=7147.68 learning_rate=6.23587e-05
2026-09-21 08:44:22 UTC completed_step=38336 elapsed_seconds=7150.39 learning_rate=6.23141e-05
2026-09-21 08:44:25 UTC completed_step=38352 elapsed_seconds=7153.1 learning_rate=6.22698e-05
2026-09-21 08:44:27 UTC completed_step=38368 elapsed_seconds=7155.81 learning_rate=6.2226e-05
2026-09-21 08:44:30 UTC completed_step=38384 elapsed_seconds=7158.52 learning_rate=6.21827e-05
2026-09-21 08:44:33 UTC completed_step=38400 elapsed_seconds=7161.23 learning_rate=6.21397e-05
2026-09-21 08:44:35 UTC step=38400 elapsed_seconds=7163.43 mean_loss=0.202032 errors=87/10002 exact_sentences=949/1024
2026-09-21 08:44:38 UTC completed_step=38416 elapsed_seconds=7166.15 learning_rate=6.20972e-05
2026-09-21 08:44:40 UTC completed_step=38432 elapsed_seconds=7168.86 learning_rate=6.20551e-05
2026-09-21 08:44:43 UTC completed_step=38448 elapsed_seconds=7171.57 learning_rate=6.20134e-05
2026-09-21 08:44:46 UTC completed_step=38464 elapsed_seconds=7174.28 learning_rate=6.19722e-05
2026-09-21 08:44:48 UTC completed_step=38480 elapsed_seconds=7176.99 learning_rate=6.19313e-05
2026-09-21 08:44:51 UTC completed_step=38496 elapsed_seconds=7179.69 learning_rate=6.18909e-05
2026-09-21 08:44:54 UTC completed_step=38512 elapsed_seconds=7182.4 learning_rate=6.1851e-05
2026-09-21 08:44:57 UTC completed_step=38528 elapsed_seconds=7185.11 learning_rate=6.18114e-05
2026-09-21 08:44:59 UTC step=38528 elapsed_seconds=7187.3 mean_loss=0.199022 errors=85/10002 exact_sentences=950/1024
2026-09-21 08:45:01 UTC completed_step=38544 elapsed_seconds=7190.01 learning_rate=6.17723e-05
2026-09-21 08:45:04 UTC completed_step=38560 elapsed_seconds=7192.72 learning_rate=6.17336e-05
2026-09-21 08:45:07 UTC completed_step=38576 elapsed_seconds=7195.43 learning_rate=6.16953e-05
2026-09-21 08:45:10 UTC completed_step=38592 elapsed_seconds=7198.14 learning_rate=6.16575e-05
2026-09-21 08:45:12 UTC completed_step=38608 elapsed_seconds=7200.84 learning_rate=6.16201e-05
2026-09-21 08:45:15 UTC completed_step=38624 elapsed_seconds=7203.55 learning_rate=6.15831e-05
2026-09-21 08:45:18 UTC completed_step=38640 elapsed_seconds=7206.26 learning_rate=6.15465e-05
2026-09-21 08:45:20 UTC completed_step=38656 elapsed_seconds=7208.97 learning_rate=6.15104e-05
2026-09-21 08:45:23 UTC step=38656 elapsed_seconds=7211.16 mean_loss=0.200992 errors=82/10002 exact_sentences=952/1024
2026-09-21 08:45:25 UTC completed_step=38672 elapsed_seconds=7213.87 learning_rate=6.14746e-05
2026-09-21 08:45:28 UTC completed_step=38688 elapsed_seconds=7216.58 learning_rate=6.14394e-05
2026-09-21 08:45:31 UTC completed_step=38704 elapsed_seconds=7219.29 learning_rate=6.14045e-05
2026-09-21 08:45:33 UTC completed_step=38720 elapsed_seconds=7222 learning_rate=6.13701e-05
2026-09-21 08:45:36 UTC completed_step=38736 elapsed_seconds=7224.71 learning_rate=6.13361e-05
2026-09-21 08:45:39 UTC completed_step=38752 elapsed_seconds=7227.42 learning_rate=6.13025e-05
2026-09-21 08:45:42 UTC completed_step=38768 elapsed_seconds=7230.13 learning_rate=6.12693e-05
2026-09-21 08:45:44 UTC completed_step=38784 elapsed_seconds=7232.84 learning_rate=6.12366e-05
2026-09-21 08:45:46 UTC step=38784 elapsed_seconds=7235.02 mean_loss=0.197431 errors=67/10002 exact_sentences=964/1024
2026-09-21 08:45:49 UTC completed_step=38800 elapsed_seconds=7237.74 learning_rate=6.12043e-05
2026-09-21 08:45:52 UTC completed_step=38816 elapsed_seconds=7240.44 learning_rate=6.11724e-05
2026-09-21 08:45:55 UTC completed_step=38832 elapsed_seconds=7243.15 learning_rate=6.11409e-05
2026-09-21 08:45:57 UTC completed_step=38848 elapsed_seconds=7245.86 learning_rate=6.11099e-05
2026-09-21 08:46:00 UTC completed_step=38864 elapsed_seconds=7248.57 learning_rate=6.10793e-05
2026-09-21 08:46:03 UTC completed_step=38880 elapsed_seconds=7251.28 learning_rate=6.10492e-05
2026-09-21 08:46:05 UTC completed_step=38896 elapsed_seconds=7253.99 learning_rate=6.10194e-05
2026-09-21 08:46:08 UTC completed_step=38912 elapsed_seconds=7256.7 learning_rate=6.09901e-05
2026-09-21 08:46:10 UTC step=38912 elapsed_seconds=7258.88 mean_loss=0.199145 errors=79/10002 exact_sentences=955/1024
2026-09-21 08:46:13 UTC completed_step=38928 elapsed_seconds=7261.6 learning_rate=6.09612e-05
2026-09-21 08:46:16 UTC completed_step=38944 elapsed_seconds=7264.3 learning_rate=6.09328e-05
2026-09-21 08:46:18 UTC completed_step=38960 elapsed_seconds=7267.01 learning_rate=6.09047e-05
2026-09-21 08:46:21 UTC completed_step=38976 elapsed_seconds=7269.72 learning_rate=6.08771e-05
2026-09-21 08:46:24 UTC completed_step=38992 elapsed_seconds=7272.43 learning_rate=6.08499e-05
2026-09-21 08:46:27 UTC completed_step=39008 elapsed_seconds=7275.14 learning_rate=6.08232e-05
2026-09-21 08:46:29 UTC completed_step=39024 elapsed_seconds=7277.84 learning_rate=6.07968e-05
2026-09-21 08:46:32 UTC completed_step=39040 elapsed_seconds=7280.55 learning_rate=6.07709e-05
2026-09-21 08:46:34 UTC step=39040 elapsed_seconds=7282.75 mean_loss=0.195918 errors=83/10002 exact_sentences=953/1024
2026-09-21 08:46:37 UTC completed_step=39056 elapsed_seconds=7285.47 learning_rate=6.07455e-05
2026-09-21 08:46:40 UTC completed_step=39072 elapsed_seconds=7288.18 learning_rate=6.07204e-05
2026-09-21 08:46:42 UTC completed_step=39088 elapsed_seconds=7290.89 learning_rate=6.06958e-05
2026-09-21 08:46:45 UTC completed_step=39104 elapsed_seconds=7293.6 learning_rate=6.06716e-05
2026-09-21 08:46:48 UTC completed_step=39120 elapsed_seconds=7296.31 learning_rate=6.06479e-05
2026-09-21 08:46:50 UTC completed_step=39136 elapsed_seconds=7299.02 learning_rate=6.06245e-05
2026-09-21 08:46:53 UTC completed_step=39152 elapsed_seconds=7301.73 learning_rate=6.06016e-05
2026-09-21 08:46:56 UTC completed_step=39168 elapsed_seconds=7304.44 learning_rate=6.05791e-05
2026-09-21 08:46:58 UTC step=39168 elapsed_seconds=7306.63 mean_loss=0.194195 errors=75/10002 exact_sentences=959/1024
2026-09-21 08:47:01 UTC completed_step=39184 elapsed_seconds=7309.34 learning_rate=6.05571e-05
2026-09-21 08:47:04 UTC completed_step=39200 elapsed_seconds=7312.05 learning_rate=6.05355e-05
2026-09-21 08:47:06 UTC completed_step=39216 elapsed_seconds=7314.76 learning_rate=6.05143e-05
2026-09-21 08:47:09 UTC completed_step=39232 elapsed_seconds=7317.47 learning_rate=6.04935e-05
2026-09-21 08:47:12 UTC completed_step=39248 elapsed_seconds=7320.18 learning_rate=6.04731e-05
2026-09-21 08:47:14 UTC completed_step=39264 elapsed_seconds=7322.89 learning_rate=6.04532e-05
2026-09-21 08:47:17 UTC completed_step=39280 elapsed_seconds=7325.59 learning_rate=6.04337e-05
2026-09-21 08:47:20 UTC completed_step=39296 elapsed_seconds=7328.3 learning_rate=6.04147e-05
2026-09-21 08:47:22 UTC step=39296 elapsed_seconds=7330.48 mean_loss=0.194416 errors=81/10002 exact_sentences=953/1024
2026-09-21 08:47:25 UTC completed_step=39312 elapsed_seconds=7333.2 learning_rate=6.03961e-05
2026-09-21 08:47:27 UTC completed_step=39328 elapsed_seconds=7335.91 learning_rate=6.03779e-05
2026-09-21 08:47:30 UTC completed_step=39344 elapsed_seconds=7338.62 learning_rate=6.03601e-05
2026-09-21 08:47:33 UTC completed_step=39360 elapsed_seconds=7341.33 learning_rate=6.03427e-05
2026-09-21 08:47:36 UTC completed_step=39376 elapsed_seconds=7344.03 learning_rate=6.03258e-05
2026-09-21 08:47:38 UTC completed_step=39392 elapsed_seconds=7346.74 learning_rate=6.03093e-05
2026-09-21 08:47:41 UTC completed_step=39408 elapsed_seconds=7349.45 learning_rate=6.02933e-05
2026-09-21 08:47:44 UTC completed_step=39424 elapsed_seconds=7352.16 learning_rate=6.02776e-05
2026-09-21 08:47:46 UTC step=39424 elapsed_seconds=7354.35 mean_loss=0.192917 errors=77/10002 exact_sentences=959/1024
2026-09-21 08:47:49 UTC completed_step=39440 elapsed_seconds=7357.07 learning_rate=6.02624e-05
2026-09-21 08:47:51 UTC completed_step=39456 elapsed_seconds=7359.78 learning_rate=6.02476e-05
2026-09-21 08:47:54 UTC completed_step=39472 elapsed_seconds=7362.49 learning_rate=6.02333e-05
2026-09-21 08:47:57 UTC completed_step=39488 elapsed_seconds=7365.2 learning_rate=6.02194e-05
2026-09-21 08:47:59 UTC completed_step=39504 elapsed_seconds=7367.91 learning_rate=6.02059e-05
2026-09-21 08:48:02 UTC completed_step=39520 elapsed_seconds=7370.62 learning_rate=6.01928e-05
2026-09-21 08:48:05 UTC completed_step=39536 elapsed_seconds=7373.33 learning_rate=6.01802e-05
2026-09-21 08:48:08 UTC completed_step=39552 elapsed_seconds=7376.04 learning_rate=6.0168e-05
2026-09-21 08:48:10 UTC step=39552 elapsed_seconds=7378.22 mean_loss=0.193631 errors=74/10002 exact_sentences=959/1024
2026-09-21 08:48:12 UTC completed_step=39568 elapsed_seconds=7380.93 learning_rate=6.01562e-05
2026-09-21 08:48:15 UTC completed_step=39584 elapsed_seconds=7383.64 learning_rate=6.01448e-05
2026-09-21 08:48:18 UTC completed_step=39600 elapsed_seconds=7386.36 learning_rate=6.01339e-05
2026-09-21 08:48:21 UTC completed_step=39616 elapsed_seconds=7389.06 learning_rate=6.01234e-05
2026-09-21 08:48:23 UTC completed_step=39632 elapsed_seconds=7391.77 learning_rate=6.01133e-05
2026-09-21 08:48:26 UTC completed_step=39648 elapsed_seconds=7394.48 learning_rate=6.01037e-05
2026-09-21 08:48:29 UTC completed_step=39664 elapsed_seconds=7397.19 learning_rate=6.00945e-05
2026-09-21 08:48:31 UTC completed_step=39680 elapsed_seconds=7399.89 learning_rate=6.00857e-05
2026-09-21 08:48:34 UTC step=39680 elapsed_seconds=7402.09 mean_loss=0.19548 errors=75/10002 exact_sentences=958/1024
2026-09-21 08:48:36 UTC completed_step=39696 elapsed_seconds=7404.8 learning_rate=6.00773e-05
2026-09-21 08:48:39 UTC completed_step=39712 elapsed_seconds=7407.51 learning_rate=6.00694e-05
2026-09-21 08:48:42 UTC completed_step=39728 elapsed_seconds=7410.22 learning_rate=6.00619e-05
2026-09-21 08:48:44 UTC completed_step=39744 elapsed_seconds=7412.93 learning_rate=6.00548e-05
2026-09-21 08:48:47 UTC completed_step=39760 elapsed_seconds=7415.63 learning_rate=6.00482e-05
2026-09-21 08:48:50 UTC completed_step=39776 elapsed_seconds=7418.34 learning_rate=6.0042e-05
2026-09-21 08:48:53 UTC completed_step=39792 elapsed_seconds=7421.05 learning_rate=6.00362e-05
2026-09-21 08:48:55 UTC completed_step=39808 elapsed_seconds=7423.76 learning_rate=6.00309e-05
2026-09-21 08:48:57 UTC step=39808 elapsed_seconds=7425.94 mean_loss=0.190644 errors=64/10002 exact_sentences=969/1024
2026-09-21 08:49:00 UTC completed_step=39824 elapsed_seconds=7428.65 learning_rate=6.00259e-05
2026-09-21 08:49:03 UTC completed_step=39840 elapsed_seconds=7431.36 learning_rate=6.00214e-05
2026-09-21 08:49:06 UTC completed_step=39856 elapsed_seconds=7434.07 learning_rate=6.00174e-05
2026-09-21 08:49:08 UTC completed_step=39872 elapsed_seconds=7436.78 learning_rate=6.00137e-05
2026-09-21 08:49:11 UTC completed_step=39888 elapsed_seconds=7439.5 learning_rate=6.00105e-05
2026-09-21 08:49:14 UTC completed_step=39904 elapsed_seconds=7442.21 learning_rate=6.00077e-05
2026-09-21 08:49:16 UTC completed_step=39920 elapsed_seconds=7444.92 learning_rate=6.00054e-05
2026-09-21 08:49:19 UTC completed_step=39936 elapsed_seconds=7447.63 learning_rate=6.00034e-05
2026-09-21 08:49:21 UTC step=39936 elapsed_seconds=7449.81 mean_loss=0.188836 errors=73/10002 exact_sentences=960/1024
2026-09-21 08:49:24 UTC completed_step=39952 elapsed_seconds=7452.53 learning_rate=6.00019e-05
2026-09-21 08:49:27 UTC completed_step=39968 elapsed_seconds=7455.24 learning_rate=6.00009e-05
2026-09-21 08:49:29 UTC completed_step=39984 elapsed_seconds=7457.95 learning_rate=6.00002e-05
2026-09-21 08:49:32 UTC completed_step=40000 elapsed_seconds=7460.65 learning_rate=6e-05
2026-09-21 08:49:34 UTC step=40000 elapsed_seconds=7462.84 mean_loss=0.190245 errors=69/10002 exact_sentences=963/1024
2026-09-21 08:49:37 UTC step=40000 elapsed_seconds=7465.06 mean_loss=0.190245 errors=69/10002 exact_sentences=963/1024
BUDGET_EXHAUSTED checkpoint=/home/ubuntu/checkpoints/memorize_general_facts/width_depth_refine_12_deep_long_0/width_12/layers_16/step_40000
