layers=8 width=16 heads=1 feed_forward_width=64 parameters=847008 samples=1024 scored_targets=10002
2026-09-21 04:06:25 UTC step=0 elapsed_seconds=1.69531 mean_loss=10.8224 errors=10002/10002 exact_sentences=0/1024
2026-09-21 04:06:27 UTC completed_step=16 elapsed_seconds=3.58887 learning_rate=9.6e-05
2026-09-21 04:06:28 UTC completed_step=32 elapsed_seconds=5.26812 learning_rate=0.000192
2026-09-21 04:06:30 UTC completed_step=48 elapsed_seconds=6.94739 learning_rate=0.000288
2026-09-21 04:06:32 UTC completed_step=64 elapsed_seconds=8.62612 learning_rate=0.000384
2026-09-21 04:06:34 UTC completed_step=80 elapsed_seconds=10.3049 learning_rate=0.00048
2026-09-21 04:06:35 UTC completed_step=96 elapsed_seconds=11.985 learning_rate=0.000576
2026-09-21 04:06:37 UTC completed_step=112 elapsed_seconds=13.6634 learning_rate=0.0006
2026-09-21 04:06:39 UTC completed_step=128 elapsed_seconds=15.342 learning_rate=0.000599997
2026-09-21 04:06:40 UTC step=128 elapsed_seconds=17.039 mean_loss=9.46105 errors=8978/10002 exact_sentences=0/1024
2026-09-21 04:06:42 UTC completed_step=144 elapsed_seconds=18.7227 learning_rate=0.000599994
2026-09-21 04:06:44 UTC completed_step=160 elapsed_seconds=20.3998 learning_rate=0.000599988
2026-09-21 04:06:45 UTC completed_step=176 elapsed_seconds=22.0777 learning_rate=0.000599981
2026-09-21 04:06:47 UTC completed_step=192 elapsed_seconds=23.7558 learning_rate=0.000599972
2026-09-21 04:06:49 UTC completed_step=208 elapsed_seconds=25.4358 learning_rate=0.000599961
2026-09-21 04:06:50 UTC completed_step=224 elapsed_seconds=27.1153 learning_rate=0.000599948
2026-09-21 04:06:52 UTC completed_step=240 elapsed_seconds=28.795 learning_rate=0.000599934
2026-09-21 04:06:54 UTC completed_step=256 elapsed_seconds=30.4735 learning_rate=0.000599918
2026-09-21 04:06:55 UTC step=256 elapsed_seconds=32.1896 mean_loss=7.44281 errors=8978/10002 exact_sentences=0/1024
2026-09-21 04:06:57 UTC completed_step=272 elapsed_seconds=33.8725 learning_rate=0.0005999
2026-09-21 04:06:59 UTC completed_step=288 elapsed_seconds=35.551 learning_rate=0.000599881
2026-09-21 04:07:00 UTC completed_step=304 elapsed_seconds=37.2288 learning_rate=0.00059986
2026-09-21 04:07:02 UTC completed_step=320 elapsed_seconds=38.9077 learning_rate=0.000599837
2026-09-21 04:07:04 UTC completed_step=336 elapsed_seconds=40.5862 learning_rate=0.000599813
2026-09-21 04:07:05 UTC completed_step=352 elapsed_seconds=42.266 learning_rate=0.000599786
2026-09-21 04:07:07 UTC completed_step=368 elapsed_seconds=43.9471 learning_rate=0.000599758
2026-09-21 04:07:09 UTC completed_step=384 elapsed_seconds=45.628 learning_rate=0.000599729
2026-09-21 04:07:11 UTC step=384 elapsed_seconds=47.3204 mean_loss=6.34009 errors=8978/10002 exact_sentences=0/1024
2026-09-21 04:07:12 UTC completed_step=400 elapsed_seconds=49.0049 learning_rate=0.000599697
2026-09-21 04:07:14 UTC completed_step=416 elapsed_seconds=50.6834 learning_rate=0.000599664
2026-09-21 04:07:16 UTC completed_step=432 elapsed_seconds=52.3627 learning_rate=0.000599629
2026-09-21 04:07:17 UTC completed_step=448 elapsed_seconds=54.0417 learning_rate=0.000599593
2026-09-21 04:07:19 UTC completed_step=464 elapsed_seconds=55.7204 learning_rate=0.000599554
2026-09-21 04:07:21 UTC completed_step=480 elapsed_seconds=57.3999 learning_rate=0.000599514
2026-09-21 04:07:22 UTC completed_step=496 elapsed_seconds=59.0785 learning_rate=0.000599473
2026-09-21 04:07:24 UTC completed_step=512 elapsed_seconds=60.7577 learning_rate=0.000599429
2026-09-21 04:07:26 UTC step=512 elapsed_seconds=62.4474 mean_loss=6.06695 errors=8009/10002 exact_sentences=1/1024
2026-09-21 04:07:27 UTC completed_step=528 elapsed_seconds=64.1358 learning_rate=0.000599384
2026-09-21 04:07:29 UTC completed_step=544 elapsed_seconds=65.8162 learning_rate=0.000599337
2026-09-21 04:07:31 UTC completed_step=560 elapsed_seconds=67.4935 learning_rate=0.000599288
2026-09-21 04:07:32 UTC completed_step=576 elapsed_seconds=69.1729 learning_rate=0.000599238
2026-09-21 04:07:34 UTC completed_step=592 elapsed_seconds=70.8511 learning_rate=0.000599186
2026-09-21 04:07:36 UTC completed_step=608 elapsed_seconds=72.5346 learning_rate=0.000599132
2026-09-21 04:07:37 UTC completed_step=624 elapsed_seconds=74.2169 learning_rate=0.000599077
2026-09-21 04:07:39 UTC completed_step=640 elapsed_seconds=75.9011 learning_rate=0.000599019
2026-09-21 04:07:41 UTC step=640 elapsed_seconds=77.6035 mean_loss=5.84454 errors=7952/10002 exact_sentences=1/1024
2026-09-21 04:07:42 UTC completed_step=656 elapsed_seconds=79.2868 learning_rate=0.000598961
2026-09-21 04:07:44 UTC completed_step=672 elapsed_seconds=80.9651 learning_rate=0.0005989
2026-09-21 04:07:46 UTC completed_step=688 elapsed_seconds=82.6426 learning_rate=0.000598838
2026-09-21 04:07:48 UTC completed_step=704 elapsed_seconds=84.3207 learning_rate=0.000598773
2026-09-21 04:07:49 UTC completed_step=720 elapsed_seconds=85.9996 learning_rate=0.000598708
2026-09-21 04:07:51 UTC completed_step=736 elapsed_seconds=87.6794 learning_rate=0.00059864
2026-09-21 04:07:53 UTC completed_step=752 elapsed_seconds=89.3573 learning_rate=0.000598571
2026-09-21 04:07:54 UTC completed_step=768 elapsed_seconds=91.0366 learning_rate=0.0005985
2026-09-21 04:07:56 UTC step=768 elapsed_seconds=92.7411 mean_loss=5.57117 errors=7646/10002 exact_sentences=1/1024
2026-09-21 04:07:58 UTC completed_step=784 elapsed_seconds=94.425 learning_rate=0.000598427
2026-09-21 04:07:59 UTC completed_step=800 elapsed_seconds=96.1042 learning_rate=0.000598353
2026-09-21 04:08:01 UTC completed_step=816 elapsed_seconds=97.7838 learning_rate=0.000598277
2026-09-21 04:08:03 UTC completed_step=832 elapsed_seconds=99.4641 learning_rate=0.000598199
2026-09-21 04:08:04 UTC completed_step=848 elapsed_seconds=101.142 learning_rate=0.00059812
2026-09-21 04:08:06 UTC completed_step=864 elapsed_seconds=102.82 learning_rate=0.000598038
2026-09-21 04:08:08 UTC completed_step=880 elapsed_seconds=104.499 learning_rate=0.000597956
2026-09-21 04:08:09 UTC completed_step=896 elapsed_seconds=106.177 learning_rate=0.000597871
2026-09-21 04:08:11 UTC step=896 elapsed_seconds=107.885 mean_loss=5.37606 errors=7602/10002 exact_sentences=1/1024
2026-09-21 04:08:13 UTC completed_step=912 elapsed_seconds=109.569 learning_rate=0.000597785
2026-09-21 04:08:14 UTC completed_step=928 elapsed_seconds=111.249 learning_rate=0.000597697
2026-09-21 04:08:16 UTC completed_step=944 elapsed_seconds=112.93 learning_rate=0.000597607
2026-09-21 04:08:18 UTC completed_step=960 elapsed_seconds=114.61 learning_rate=0.000597515
2026-09-21 04:08:19 UTC completed_step=976 elapsed_seconds=116.29 learning_rate=0.000597422
2026-09-21 04:08:21 UTC completed_step=992 elapsed_seconds=117.97 learning_rate=0.000597327
2026-09-21 04:08:23 UTC completed_step=1008 elapsed_seconds=119.65 learning_rate=0.000597231
2026-09-21 04:08:25 UTC completed_step=1024 elapsed_seconds=121.331 learning_rate=0.000597133
2026-09-21 04:08:26 UTC step=1024 elapsed_seconds=123.021 mean_loss=5.21879 errors=7488/10002 exact_sentences=1/1024
2026-09-21 04:08:28 UTC completed_step=1040 elapsed_seconds=124.71 learning_rate=0.000597033
2026-09-21 04:08:30 UTC completed_step=1056 elapsed_seconds=126.391 learning_rate=0.000596931
2026-09-21 04:08:31 UTC completed_step=1072 elapsed_seconds=128.072 learning_rate=0.000596827
2026-09-21 04:08:33 UTC completed_step=1088 elapsed_seconds=129.753 learning_rate=0.000596722
2026-09-21 04:08:35 UTC completed_step=1104 elapsed_seconds=131.43 learning_rate=0.000596616
2026-09-21 04:08:36 UTC completed_step=1120 elapsed_seconds=133.108 learning_rate=0.000596507
2026-09-21 04:08:38 UTC completed_step=1136 elapsed_seconds=134.788 learning_rate=0.000596397
2026-09-21 04:08:40 UTC completed_step=1152 elapsed_seconds=136.465 learning_rate=0.000596285
2026-09-21 04:08:41 UTC step=1152 elapsed_seconds=138.162 mean_loss=5.09679 errors=7497/10002 exact_sentences=1/1024
2026-09-21 04:08:43 UTC completed_step=1168 elapsed_seconds=139.849 learning_rate=0.000596171
2026-09-21 04:08:45 UTC completed_step=1184 elapsed_seconds=141.533 learning_rate=0.000596056
2026-09-21 04:08:46 UTC completed_step=1200 elapsed_seconds=143.213 learning_rate=0.000595939
2026-09-21 04:08:48 UTC completed_step=1216 elapsed_seconds=144.895 learning_rate=0.00059582
2026-09-21 04:08:50 UTC completed_step=1232 elapsed_seconds=146.578 learning_rate=0.0005957
2026-09-21 04:08:51 UTC completed_step=1248 elapsed_seconds=148.258 learning_rate=0.000595578
2026-09-21 04:08:53 UTC completed_step=1264 elapsed_seconds=149.939 learning_rate=0.000595454
2026-09-21 04:08:55 UTC completed_step=1280 elapsed_seconds=151.62 learning_rate=0.000595329
2026-09-21 04:08:57 UTC step=1280 elapsed_seconds=153.336 mean_loss=4.98425 errors=7348/10002 exact_sentences=1/1024
2026-09-21 04:08:58 UTC completed_step=1296 elapsed_seconds=155.021 learning_rate=0.000595202
2026-09-21 04:09:00 UTC completed_step=1312 elapsed_seconds=156.701 learning_rate=0.000595073
2026-09-21 04:09:02 UTC completed_step=1328 elapsed_seconds=158.381 learning_rate=0.000594942
2026-09-21 04:09:03 UTC completed_step=1344 elapsed_seconds=160.062 learning_rate=0.00059481
2026-09-21 04:09:05 UTC completed_step=1360 elapsed_seconds=161.743 learning_rate=0.000594676
2026-09-21 04:09:07 UTC completed_step=1376 elapsed_seconds=163.424 learning_rate=0.00059454
2026-09-21 04:09:08 UTC completed_step=1392 elapsed_seconds=165.105 learning_rate=0.000594403
2026-09-21 04:09:10 UTC completed_step=1408 elapsed_seconds=166.787 learning_rate=0.000594264
2026-09-21 04:09:12 UTC step=1408 elapsed_seconds=168.487 mean_loss=4.87138 errors=7311/10002 exact_sentences=1/1024
2026-09-21 04:09:13 UTC completed_step=1424 elapsed_seconds=170.172 learning_rate=0.000594123
2026-09-21 04:09:15 UTC completed_step=1440 elapsed_seconds=171.853 learning_rate=0.000593981
2026-09-21 04:09:17 UTC completed_step=1456 elapsed_seconds=173.534 learning_rate=0.000593837
2026-09-21 04:09:18 UTC completed_step=1472 elapsed_seconds=175.215 learning_rate=0.000593691
2026-09-21 04:09:20 UTC completed_step=1488 elapsed_seconds=176.897 learning_rate=0.000593544
2026-09-21 04:09:22 UTC completed_step=1504 elapsed_seconds=178.579 learning_rate=0.000593395
2026-09-21 04:09:23 UTC completed_step=1520 elapsed_seconds=180.261 learning_rate=0.000593244
2026-09-21 04:09:25 UTC completed_step=1536 elapsed_seconds=181.945 learning_rate=0.000593092
2026-09-21 04:09:27 UTC step=1536 elapsed_seconds=183.642 mean_loss=4.7784 errors=7264/10002 exact_sentences=1/1024
2026-09-21 04:09:29 UTC completed_step=1552 elapsed_seconds=185.333 learning_rate=0.000592938
2026-09-21 04:09:30 UTC completed_step=1568 elapsed_seconds=187.017 learning_rate=0.000592782
2026-09-21 04:09:32 UTC completed_step=1584 elapsed_seconds=188.7 learning_rate=0.000592624
2026-09-21 04:09:34 UTC completed_step=1600 elapsed_seconds=190.38 learning_rate=0.000592465
2026-09-21 04:09:35 UTC completed_step=1616 elapsed_seconds=192.061 learning_rate=0.000592304
2026-09-21 04:09:37 UTC completed_step=1632 elapsed_seconds=193.742 learning_rate=0.000592142
2026-09-21 04:09:39 UTC completed_step=1648 elapsed_seconds=195.424 learning_rate=0.000591978
2026-09-21 04:09:40 UTC completed_step=1664 elapsed_seconds=197.106 learning_rate=0.000591812
2026-09-21 04:09:42 UTC step=1664 elapsed_seconds=198.834 mean_loss=4.68666 errors=7140/10002 exact_sentences=1/1024
2026-09-21 04:09:44 UTC completed_step=1680 elapsed_seconds=200.519 learning_rate=0.000591644
2026-09-21 04:09:45 UTC completed_step=1696 elapsed_seconds=202.198 learning_rate=0.000591475
2026-09-21 04:09:47 UTC completed_step=1712 elapsed_seconds=203.877 learning_rate=0.000591304
2026-09-21 04:09:49 UTC completed_step=1728 elapsed_seconds=205.557 learning_rate=0.000591132
2026-09-21 04:09:50 UTC completed_step=1744 elapsed_seconds=207.238 learning_rate=0.000590957
2026-09-21 04:09:52 UTC completed_step=1760 elapsed_seconds=208.919 learning_rate=0.000590782
2026-09-21 04:09:54 UTC completed_step=1776 elapsed_seconds=210.601 learning_rate=0.000590604
2026-09-21 04:09:55 UTC completed_step=1792 elapsed_seconds=212.28 learning_rate=0.000590425
2026-09-21 04:09:57 UTC step=1792 elapsed_seconds=213.97 mean_loss=4.60418 errors=7023/10002 exact_sentences=1/1024
2026-09-21 04:09:59 UTC completed_step=1808 elapsed_seconds=215.655 learning_rate=0.000590244
2026-09-21 04:10:01 UTC completed_step=1824 elapsed_seconds=217.335 learning_rate=0.000590062
2026-09-21 04:10:02 UTC completed_step=1840 elapsed_seconds=219.017 learning_rate=0.000589877
2026-09-21 04:10:04 UTC completed_step=1856 elapsed_seconds=220.701 learning_rate=0.000589692
2026-09-21 04:10:06 UTC completed_step=1872 elapsed_seconds=222.385 learning_rate=0.000589504
2026-09-21 04:10:07 UTC completed_step=1888 elapsed_seconds=224.068 learning_rate=0.000589315
2026-09-21 04:10:09 UTC completed_step=1904 elapsed_seconds=225.75 learning_rate=0.000589124
2026-09-21 04:10:11 UTC completed_step=1920 elapsed_seconds=227.431 learning_rate=0.000588932
2026-09-21 04:10:12 UTC step=1920 elapsed_seconds=229.15 mean_loss=4.52932 errors=6994/10002 exact_sentences=1/1024
2026-09-21 04:10:14 UTC completed_step=1936 elapsed_seconds=230.837 learning_rate=0.000588738
2026-09-21 04:10:16 UTC completed_step=1952 elapsed_seconds=232.517 learning_rate=0.000588542
2026-09-21 04:10:17 UTC completed_step=1968 elapsed_seconds=234.198 learning_rate=0.000588344
2026-09-21 04:10:19 UTC completed_step=1984 elapsed_seconds=235.878 learning_rate=0.000588145
2026-09-21 04:10:21 UTC completed_step=2000 elapsed_seconds=237.559 learning_rate=0.000587945
2026-09-21 04:10:22 UTC completed_step=2016 elapsed_seconds=239.241 learning_rate=0.000587742
2026-09-21 04:10:24 UTC completed_step=2032 elapsed_seconds=240.923 learning_rate=0.000587538
2026-09-21 04:10:26 UTC completed_step=2048 elapsed_seconds=242.605 learning_rate=0.000587333
2026-09-21 04:10:28 UTC step=2048 elapsed_seconds=244.309 mean_loss=4.41371 errors=6910/10002 exact_sentences=1/1024
2026-09-21 04:10:29 UTC completed_step=2064 elapsed_seconds=245.998 learning_rate=0.000587126
2026-09-21 04:10:31 UTC completed_step=2080 elapsed_seconds=247.681 learning_rate=0.000586917
2026-09-21 04:10:33 UTC completed_step=2096 elapsed_seconds=249.366 learning_rate=0.000586706
2026-09-21 04:10:34 UTC completed_step=2112 elapsed_seconds=251.049 learning_rate=0.000586494
2026-09-21 04:10:36 UTC completed_step=2128 elapsed_seconds=252.73 learning_rate=0.00058628
2026-09-21 04:10:38 UTC completed_step=2144 elapsed_seconds=254.41 learning_rate=0.000586065
2026-09-21 04:10:39 UTC completed_step=2160 elapsed_seconds=256.094 learning_rate=0.000585848
2026-09-21 04:10:41 UTC completed_step=2176 elapsed_seconds=257.779 learning_rate=0.000585629
2026-09-21 04:10:43 UTC step=2176 elapsed_seconds=259.482 mean_loss=4.33008 errors=6803/10002 exact_sentences=1/1024
2026-09-21 04:10:44 UTC completed_step=2192 elapsed_seconds=261.173 learning_rate=0.000585409
2026-09-21 04:10:46 UTC completed_step=2208 elapsed_seconds=262.859 learning_rate=0.000585187
2026-09-21 04:10:48 UTC completed_step=2224 elapsed_seconds=264.544 learning_rate=0.000584963
2026-09-21 04:10:49 UTC completed_step=2240 elapsed_seconds=266.228 learning_rate=0.000584738
2026-09-21 04:10:51 UTC completed_step=2256 elapsed_seconds=267.912 learning_rate=0.000584511
2026-09-21 04:10:53 UTC completed_step=2272 elapsed_seconds=269.594 learning_rate=0.000584282
2026-09-21 04:10:54 UTC completed_step=2288 elapsed_seconds=271.276 learning_rate=0.000584052
2026-09-21 04:10:56 UTC completed_step=2304 elapsed_seconds=272.958 learning_rate=0.000583821
2026-09-21 04:10:58 UTC step=2304 elapsed_seconds=274.661 mean_loss=4.25314 errors=6675/10002 exact_sentences=1/1024
2026-09-21 04:11:00 UTC completed_step=2320 elapsed_seconds=276.348 learning_rate=0.000583587
2026-09-21 04:11:01 UTC completed_step=2336 elapsed_seconds=278.029 learning_rate=0.000583352
2026-09-21 04:11:03 UTC completed_step=2352 elapsed_seconds=279.71 learning_rate=0.000583116
2026-09-21 04:11:05 UTC completed_step=2368 elapsed_seconds=281.392 learning_rate=0.000582877
2026-09-21 04:11:06 UTC completed_step=2384 elapsed_seconds=283.074 learning_rate=0.000582638
2026-09-21 04:11:08 UTC completed_step=2400 elapsed_seconds=284.757 learning_rate=0.000582396
2026-09-21 04:11:10 UTC completed_step=2416 elapsed_seconds=286.439 learning_rate=0.000582153
2026-09-21 04:11:11 UTC completed_step=2432 elapsed_seconds=288.121 learning_rate=0.000581909
2026-09-21 04:11:13 UTC step=2432 elapsed_seconds=289.837 mean_loss=4.15122 errors=6598/10002 exact_sentences=1/1024
2026-09-21 04:11:15 UTC completed_step=2448 elapsed_seconds=291.526 learning_rate=0.000581662
2026-09-21 04:11:16 UTC completed_step=2464 elapsed_seconds=293.209 learning_rate=0.000581414
2026-09-21 04:11:18 UTC completed_step=2480 elapsed_seconds=294.89 learning_rate=0.000581165
2026-09-21 04:11:20 UTC completed_step=2496 elapsed_seconds=296.573 learning_rate=0.000580914
2026-09-21 04:11:21 UTC completed_step=2512 elapsed_seconds=298.255 learning_rate=0.000580661
2026-09-21 04:11:23 UTC completed_step=2528 elapsed_seconds=299.936 learning_rate=0.000580407
2026-09-21 04:11:25 UTC completed_step=2544 elapsed_seconds=301.617 learning_rate=0.000580151
2026-09-21 04:11:27 UTC completed_step=2560 elapsed_seconds=303.297 learning_rate=0.000579894
2026-09-21 04:11:28 UTC step=2560 elapsed_seconds=304.99 mean_loss=4.06648 errors=6492/10002 exact_sentences=1/1024
2026-09-21 04:11:30 UTC completed_step=2576 elapsed_seconds=306.681 learning_rate=0.000579635
2026-09-21 04:11:32 UTC completed_step=2592 elapsed_seconds=308.366 learning_rate=0.000579374
2026-09-21 04:11:33 UTC completed_step=2608 elapsed_seconds=310.05 learning_rate=0.000579112
2026-09-21 04:11:35 UTC completed_step=2624 elapsed_seconds=311.731 learning_rate=0.000578848
2026-09-21 04:11:37 UTC completed_step=2640 elapsed_seconds=313.414 learning_rate=0.000578583
2026-09-21 04:11:38 UTC completed_step=2656 elapsed_seconds=315.096 learning_rate=0.000578316
2026-09-21 04:11:40 UTC completed_step=2672 elapsed_seconds=316.777 learning_rate=0.000578047
2026-09-21 04:11:42 UTC completed_step=2688 elapsed_seconds=318.459 learning_rate=0.000577777
2026-09-21 04:11:43 UTC step=2688 elapsed_seconds=320.154 mean_loss=3.98657 errors=6469/10002 exact_sentences=1/1024
2026-09-21 04:11:45 UTC completed_step=2704 elapsed_seconds=321.84 learning_rate=0.000577505
2026-09-21 04:11:47 UTC completed_step=2720 elapsed_seconds=323.522 learning_rate=0.000577232
2026-09-21 04:11:48 UTC completed_step=2736 elapsed_seconds=325.206 learning_rate=0.000576957
2026-09-21 04:11:50 UTC completed_step=2752 elapsed_seconds=326.889 learning_rate=0.00057668
2026-09-21 04:11:52 UTC completed_step=2768 elapsed_seconds=328.57 learning_rate=0.000576402
2026-09-21 04:11:53 UTC completed_step=2784 elapsed_seconds=330.251 learning_rate=0.000576123
2026-09-21 04:11:55 UTC completed_step=2800 elapsed_seconds=331.931 learning_rate=0.000575842
2026-09-21 04:11:57 UTC completed_step=2816 elapsed_seconds=333.615 learning_rate=0.000575559
2026-09-21 04:11:59 UTC step=2816 elapsed_seconds=335.3 mean_loss=3.90383 errors=6286/10002 exact_sentences=1/1024
2026-09-21 04:12:00 UTC completed_step=2832 elapsed_seconds=336.987 learning_rate=0.000575274
2026-09-21 04:12:02 UTC completed_step=2848 elapsed_seconds=338.669 learning_rate=0.000574989
2026-09-21 04:12:04 UTC completed_step=2864 elapsed_seconds=340.351 learning_rate=0.000574701
2026-09-21 04:12:05 UTC completed_step=2880 elapsed_seconds=342.032 learning_rate=0.000574412
2026-09-21 04:12:07 UTC completed_step=2896 elapsed_seconds=343.714 learning_rate=0.000574121
2026-09-21 04:12:09 UTC completed_step=2912 elapsed_seconds=345.394 learning_rate=0.000573829
2026-09-21 04:12:10 UTC completed_step=2928 elapsed_seconds=347.075 learning_rate=0.000573536
2026-09-21 04:12:12 UTC completed_step=2944 elapsed_seconds=348.757 learning_rate=0.00057324
2026-09-21 04:12:14 UTC step=2944 elapsed_seconds=350.466 mean_loss=3.86129 errors=6142/10002 exact_sentences=1/1024
2026-09-21 04:12:15 UTC completed_step=2960 elapsed_seconds=352.152 learning_rate=0.000572944
2026-09-21 04:12:17 UTC completed_step=2976 elapsed_seconds=353.836 learning_rate=0.000572645
2026-09-21 04:12:19 UTC completed_step=2992 elapsed_seconds=355.519 learning_rate=0.000572345
2026-09-21 04:12:20 UTC completed_step=3008 elapsed_seconds=357.201 learning_rate=0.000572044
2026-09-21 04:12:22 UTC completed_step=3024 elapsed_seconds=358.883 learning_rate=0.000571741
2026-09-21 04:12:24 UTC completed_step=3040 elapsed_seconds=360.565 learning_rate=0.000571436
2026-09-21 04:12:25 UTC completed_step=3056 elapsed_seconds=362.246 learning_rate=0.00057113
2026-09-21 04:12:27 UTC completed_step=3072 elapsed_seconds=363.927 learning_rate=0.000570823
2026-09-21 04:12:29 UTC step=3072 elapsed_seconds=365.621 mean_loss=3.74738 errors=6067/10002 exact_sentences=1/1024
2026-09-21 04:12:31 UTC completed_step=3088 elapsed_seconds=367.309 learning_rate=0.000570514
2026-09-21 04:12:32 UTC completed_step=3104 elapsed_seconds=368.99 learning_rate=0.000570203
2026-09-21 04:12:34 UTC completed_step=3120 elapsed_seconds=370.671 learning_rate=0.000569891
2026-09-21 04:12:36 UTC completed_step=3136 elapsed_seconds=372.354 learning_rate=0.000569577
2026-09-21 04:12:37 UTC completed_step=3152 elapsed_seconds=374.035 learning_rate=0.000569262
2026-09-21 04:12:39 UTC completed_step=3168 elapsed_seconds=375.718 learning_rate=0.000568945
2026-09-21 04:12:41 UTC completed_step=3184 elapsed_seconds=377.399 learning_rate=0.000568627
2026-09-21 04:12:42 UTC completed_step=3200 elapsed_seconds=379.082 learning_rate=0.000568307
2026-09-21 04:12:44 UTC step=3200 elapsed_seconds=380.771 mean_loss=3.65805 errors=6073/10002 exact_sentences=1/1024
2026-09-21 04:12:46 UTC completed_step=3216 elapsed_seconds=382.46 learning_rate=0.000567985
2026-09-21 04:12:47 UTC completed_step=3232 elapsed_seconds=384.144 learning_rate=0.000567663
2026-09-21 04:12:49 UTC completed_step=3248 elapsed_seconds=385.829 learning_rate=0.000567338
2026-09-21 04:12:51 UTC completed_step=3264 elapsed_seconds=387.51 learning_rate=0.000567012
2026-09-21 04:12:52 UTC completed_step=3280 elapsed_seconds=389.193 learning_rate=0.000566685
2026-09-21 04:12:54 UTC completed_step=3296 elapsed_seconds=390.874 learning_rate=0.000566356
2026-09-21 04:12:56 UTC completed_step=3312 elapsed_seconds=392.556 learning_rate=0.000566025
2026-09-21 04:12:57 UTC completed_step=3328 elapsed_seconds=394.238 learning_rate=0.000565694
2026-09-21 04:12:59 UTC step=3328 elapsed_seconds=395.951 mean_loss=3.58014 errors=6049/10002 exact_sentences=1/1024
2026-09-21 04:13:01 UTC completed_step=3344 elapsed_seconds=397.639 learning_rate=0.00056536
2026-09-21 04:13:03 UTC completed_step=3360 elapsed_seconds=399.322 learning_rate=0.000565025
2026-09-21 04:13:04 UTC completed_step=3376 elapsed_seconds=401.006 learning_rate=0.000564689
2026-09-21 04:13:06 UTC completed_step=3392 elapsed_seconds=402.688 learning_rate=0.000564351
2026-09-21 04:13:08 UTC completed_step=3408 elapsed_seconds=404.369 learning_rate=0.000564011
2026-09-21 04:13:09 UTC completed_step=3424 elapsed_seconds=406.049 learning_rate=0.00056367
2026-09-21 04:13:11 UTC completed_step=3440 elapsed_seconds=407.729 learning_rate=0.000563328
2026-09-21 04:13:13 UTC completed_step=3456 elapsed_seconds=409.413 learning_rate=0.000562984
2026-09-21 04:13:14 UTC step=3456 elapsed_seconds=411.113 mean_loss=3.5101 errors=5823/10002 exact_sentences=1/1024
2026-09-21 04:13:16 UTC completed_step=3472 elapsed_seconds=412.8 learning_rate=0.000562639
2026-09-21 04:13:18 UTC completed_step=3488 elapsed_seconds=414.483 learning_rate=0.000562292
2026-09-21 04:13:19 UTC completed_step=3504 elapsed_seconds=416.165 learning_rate=0.000561943
2026-09-21 04:13:21 UTC completed_step=3520 elapsed_seconds=417.85 learning_rate=0.000561594
2026-09-21 04:13:23 UTC completed_step=3536 elapsed_seconds=419.535 learning_rate=0.000561242
2026-09-21 04:13:24 UTC completed_step=3552 elapsed_seconds=421.218 learning_rate=0.000560889
2026-09-21 04:13:26 UTC completed_step=3568 elapsed_seconds=422.899 learning_rate=0.000560535
2026-09-21 04:13:28 UTC completed_step=3584 elapsed_seconds=424.58 learning_rate=0.000560179
2026-09-21 04:13:29 UTC step=3584 elapsed_seconds=426.274 mean_loss=3.42421 errors=5821/10002 exact_sentences=1/1024
2026-09-21 04:13:31 UTC completed_step=3600 elapsed_seconds=427.964 learning_rate=0.000559822
2026-09-21 04:13:33 UTC completed_step=3616 elapsed_seconds=429.645 learning_rate=0.000559464
2026-09-21 04:13:35 UTC completed_step=3632 elapsed_seconds=431.328 learning_rate=0.000559103
2026-09-21 04:13:36 UTC completed_step=3648 elapsed_seconds=433.011 learning_rate=0.000558742
2026-09-21 04:13:38 UTC completed_step=3664 elapsed_seconds=434.693 learning_rate=0.000558379
2026-09-21 04:13:40 UTC completed_step=3680 elapsed_seconds=436.377 learning_rate=0.000558014
2026-09-21 04:13:41 UTC completed_step=3696 elapsed_seconds=438.059 learning_rate=0.000557648
2026-09-21 04:13:43 UTC completed_step=3712 elapsed_seconds=439.746 learning_rate=0.000557281
2026-09-21 04:13:45 UTC step=3712 elapsed_seconds=441.441 mean_loss=3.34202 errors=5672/10002 exact_sentences=1/1024
2026-09-21 04:13:46 UTC completed_step=3728 elapsed_seconds=443.131 learning_rate=0.000556912
2026-09-21 04:13:48 UTC completed_step=3744 elapsed_seconds=444.816 learning_rate=0.000556542
2026-09-21 04:13:50 UTC completed_step=3760 elapsed_seconds=446.499 learning_rate=0.00055617
2026-09-21 04:13:51 UTC completed_step=3776 elapsed_seconds=448.182 learning_rate=0.000555797
2026-09-21 04:13:53 UTC completed_step=3792 elapsed_seconds=449.866 learning_rate=0.000555422
2026-09-21 04:13:55 UTC completed_step=3808 elapsed_seconds=451.549 learning_rate=0.000555046
2026-09-21 04:13:56 UTC completed_step=3824 elapsed_seconds=453.231 learning_rate=0.000554668
2026-09-21 04:13:58 UTC completed_step=3840 elapsed_seconds=454.914 learning_rate=0.000554289
2026-09-21 04:14:00 UTC step=3840 elapsed_seconds=456.614 mean_loss=3.29036 errors=5672/10002 exact_sentences=1/1024
2026-09-21 04:14:02 UTC completed_step=3856 elapsed_seconds=458.301 learning_rate=0.000553909
2026-09-21 04:14:03 UTC completed_step=3872 elapsed_seconds=459.982 learning_rate=0.000553527
2026-09-21 04:14:05 UTC completed_step=3888 elapsed_seconds=461.664 learning_rate=0.000553144
2026-09-21 04:14:07 UTC completed_step=3904 elapsed_seconds=463.344 learning_rate=0.000552759
2026-09-21 04:14:08 UTC completed_step=3920 elapsed_seconds=465.024 learning_rate=0.000552373
2026-09-21 04:14:10 UTC completed_step=3936 elapsed_seconds=466.705 learning_rate=0.000551986
2026-09-21 04:14:12 UTC completed_step=3952 elapsed_seconds=468.387 learning_rate=0.000551597
2026-09-21 04:14:13 UTC completed_step=3968 elapsed_seconds=470.071 learning_rate=0.000551206
2026-09-21 04:14:15 UTC step=3968 elapsed_seconds=471.762 mean_loss=3.22159 errors=5548/10002 exact_sentences=1/1024
2026-09-21 04:14:17 UTC completed_step=3984 elapsed_seconds=473.449 learning_rate=0.000550815
2026-09-21 04:14:18 UTC completed_step=4000 elapsed_seconds=475.132 learning_rate=0.000550421
2026-09-21 04:14:20 UTC completed_step=4016 elapsed_seconds=476.816 learning_rate=0.000550027
2026-09-21 04:14:22 UTC completed_step=4032 elapsed_seconds=478.5 learning_rate=0.000549631
2026-09-21 04:14:23 UTC completed_step=4048 elapsed_seconds=480.183 learning_rate=0.000549234
2026-09-21 04:14:25 UTC completed_step=4064 elapsed_seconds=481.866 learning_rate=0.000548835
2026-09-21 04:14:27 UTC completed_step=4080 elapsed_seconds=483.546 learning_rate=0.000548435
2026-09-21 04:14:28 UTC completed_step=4096 elapsed_seconds=485.229 learning_rate=0.000548033
2026-09-21 04:14:30 UTC step=4096 elapsed_seconds=486.928 mean_loss=3.13354 errors=5450/10002 exact_sentences=2/1024
2026-09-21 04:14:32 UTC completed_step=4112 elapsed_seconds=488.618 learning_rate=0.00054763
2026-09-21 04:14:34 UTC completed_step=4128 elapsed_seconds=490.3 learning_rate=0.000547226
2026-09-21 04:14:35 UTC completed_step=4144 elapsed_seconds=491.984 learning_rate=0.00054682
2026-09-21 04:14:37 UTC completed_step=4160 elapsed_seconds=493.667 learning_rate=0.000546413
2026-09-21 04:14:39 UTC completed_step=4176 elapsed_seconds=495.352 learning_rate=0.000546004
2026-09-21 04:14:40 UTC completed_step=4192 elapsed_seconds=497.039 learning_rate=0.000545595
2026-09-21 04:14:42 UTC completed_step=4208 elapsed_seconds=498.725 learning_rate=0.000545183
2026-09-21 04:14:44 UTC completed_step=4224 elapsed_seconds=500.407 learning_rate=0.000544771
2026-09-21 04:14:45 UTC step=4224 elapsed_seconds=502.107 mean_loss=3.06653 errors=5184/10002 exact_sentences=3/1024
2026-09-21 04:14:47 UTC completed_step=4240 elapsed_seconds=503.794 learning_rate=0.000544357
2026-09-21 04:14:49 UTC completed_step=4256 elapsed_seconds=505.476 learning_rate=0.000543941
2026-09-21 04:14:50 UTC completed_step=4272 elapsed_seconds=507.157 learning_rate=0.000543525
2026-09-21 04:14:52 UTC completed_step=4288 elapsed_seconds=508.839 learning_rate=0.000543107
2026-09-21 04:14:54 UTC completed_step=4304 elapsed_seconds=510.52 learning_rate=0.000542687
2026-09-21 04:14:55 UTC completed_step=4320 elapsed_seconds=512.202 learning_rate=0.000542266
2026-09-21 04:14:57 UTC completed_step=4336 elapsed_seconds=513.886 learning_rate=0.000541844
2026-09-21 04:14:59 UTC completed_step=4352 elapsed_seconds=515.57 learning_rate=0.000541421
2026-09-21 04:15:00 UTC step=4352 elapsed_seconds=517.268 mean_loss=2.99135 errors=5193/10002 exact_sentences=2/1024
2026-09-21 04:15:02 UTC completed_step=4368 elapsed_seconds=518.958 learning_rate=0.000540996
2026-09-21 04:15:04 UTC completed_step=4384 elapsed_seconds=520.639 learning_rate=0.00054057
2026-09-21 04:15:06 UTC completed_step=4400 elapsed_seconds=522.322 learning_rate=0.000540142
2026-09-21 04:15:07 UTC completed_step=4416 elapsed_seconds=524.003 learning_rate=0.000539713
2026-09-21 04:15:09 UTC completed_step=4432 elapsed_seconds=525.688 learning_rate=0.000539283
2026-09-21 04:15:11 UTC completed_step=4448 elapsed_seconds=527.372 learning_rate=0.000538851
2026-09-21 04:15:12 UTC completed_step=4464 elapsed_seconds=529.055 learning_rate=0.000538418
2026-09-21 04:15:14 UTC completed_step=4480 elapsed_seconds=530.735 learning_rate=0.000537984
2026-09-21 04:15:16 UTC step=4480 elapsed_seconds=532.433 mean_loss=2.92383 errors=5117/10002 exact_sentences=3/1024
2026-09-21 04:15:17 UTC completed_step=4496 elapsed_seconds=534.119 learning_rate=0.000537549
2026-09-21 04:15:19 UTC completed_step=4512 elapsed_seconds=535.8 learning_rate=0.000537112
2026-09-21 04:15:21 UTC completed_step=4528 elapsed_seconds=537.483 learning_rate=0.000536674
2026-09-21 04:15:22 UTC completed_step=4544 elapsed_seconds=539.166 learning_rate=0.000536234
2026-09-21 04:15:24 UTC completed_step=4560 elapsed_seconds=540.848 learning_rate=0.000535793
2026-09-21 04:15:26 UTC completed_step=4576 elapsed_seconds=542.531 learning_rate=0.000535351
2026-09-21 04:15:27 UTC completed_step=4592 elapsed_seconds=544.215 learning_rate=0.000534908
2026-09-21 04:15:29 UTC completed_step=4608 elapsed_seconds=545.899 learning_rate=0.000534463
2026-09-21 04:15:31 UTC step=4608 elapsed_seconds=547.592 mean_loss=2.88442 errors=4941/10002 exact_sentences=5/1024
2026-09-21 04:15:32 UTC completed_step=4624 elapsed_seconds=549.285 learning_rate=0.000534017
2026-09-21 04:15:34 UTC completed_step=4640 elapsed_seconds=550.967 learning_rate=0.000533569
2026-09-21 04:15:36 UTC completed_step=4656 elapsed_seconds=552.653 learning_rate=0.000533121
2026-09-21 04:15:38 UTC completed_step=4672 elapsed_seconds=554.334 learning_rate=0.000532671
2026-09-21 04:15:39 UTC completed_step=4688 elapsed_seconds=556.017 learning_rate=0.00053222
2026-09-21 04:15:41 UTC completed_step=4704 elapsed_seconds=557.701 learning_rate=0.000531767
2026-09-21 04:15:43 UTC completed_step=4720 elapsed_seconds=559.384 learning_rate=0.000531313
2026-09-21 04:15:44 UTC completed_step=4736 elapsed_seconds=561.07 learning_rate=0.000530858
2026-09-21 04:15:46 UTC step=4736 elapsed_seconds=562.786 mean_loss=2.78997 errors=4906/10002 exact_sentences=3/1024
2026-09-21 04:15:48 UTC completed_step=4752 elapsed_seconds=564.476 learning_rate=0.000530402
2026-09-21 04:15:49 UTC completed_step=4768 elapsed_seconds=566.16 learning_rate=0.000529944
2026-09-21 04:15:51 UTC completed_step=4784 elapsed_seconds=567.844 learning_rate=0.000529485
2026-09-21 04:15:53 UTC completed_step=4800 elapsed_seconds=569.527 learning_rate=0.000529025
2026-09-21 04:15:54 UTC completed_step=4816 elapsed_seconds=571.212 learning_rate=0.000528563
2026-09-21 04:15:56 UTC completed_step=4832 elapsed_seconds=572.898 learning_rate=0.000528101
2026-09-21 04:15:58 UTC completed_step=4848 elapsed_seconds=574.585 learning_rate=0.000527637
2026-09-21 04:15:59 UTC completed_step=4864 elapsed_seconds=576.271 learning_rate=0.000527171
2026-09-21 04:16:01 UTC step=4864 elapsed_seconds=577.959 mean_loss=2.72422 errors=4708/10002 exact_sentences=5/1024
2026-09-21 04:16:03 UTC completed_step=4880 elapsed_seconds=579.647 learning_rate=0.000526705
2026-09-21 04:16:05 UTC completed_step=4896 elapsed_seconds=581.332 learning_rate=0.000526237
2026-09-21 04:16:06 UTC completed_step=4912 elapsed_seconds=583.015 learning_rate=0.000525768
2026-09-21 04:16:08 UTC completed_step=4928 elapsed_seconds=584.695 learning_rate=0.000525298
2026-09-21 04:16:10 UTC completed_step=4944 elapsed_seconds=586.377 learning_rate=0.000524826
2026-09-21 04:16:11 UTC completed_step=4960 elapsed_seconds=588.059 learning_rate=0.000524353
2026-09-21 04:16:13 UTC completed_step=4976 elapsed_seconds=589.742 learning_rate=0.000523879
2026-09-21 04:16:15 UTC completed_step=4992 elapsed_seconds=591.425 learning_rate=0.000523404
2026-09-21 04:16:16 UTC step=4992 elapsed_seconds=593.124 mean_loss=2.65772 errors=4684/10002 exact_sentences=5/1024
2026-09-21 04:16:18 UTC completed_step=5008 elapsed_seconds=594.813 learning_rate=0.000522927
2026-09-21 04:16:20 UTC completed_step=5024 elapsed_seconds=596.495 learning_rate=0.00052245
2026-09-21 04:16:21 UTC completed_step=5040 elapsed_seconds=598.178 learning_rate=0.000521971
2026-09-21 04:16:23 UTC completed_step=5056 elapsed_seconds=599.861 learning_rate=0.000521491
2026-09-21 04:16:25 UTC completed_step=5072 elapsed_seconds=601.545 learning_rate=0.000521009
2026-09-21 04:16:26 UTC completed_step=5088 elapsed_seconds=603.229 learning_rate=0.000520527
2026-09-21 04:16:28 UTC completed_step=5104 elapsed_seconds=604.913 learning_rate=0.000520043
2026-09-21 04:16:30 UTC completed_step=5120 elapsed_seconds=606.593 learning_rate=0.000519558
2026-09-21 04:16:31 UTC step=5120 elapsed_seconds=608.291 mean_loss=2.59816 errors=4533/10002 exact_sentences=6/1024
2026-09-21 04:16:33 UTC completed_step=5136 elapsed_seconds=609.981 learning_rate=0.000519071
2026-09-21 04:16:35 UTC completed_step=5152 elapsed_seconds=611.663 learning_rate=0.000518584
2026-09-21 04:16:37 UTC completed_step=5168 elapsed_seconds=613.343 learning_rate=0.000518095
2026-09-21 04:16:38 UTC completed_step=5184 elapsed_seconds=615.023 learning_rate=0.000517605
2026-09-21 04:16:40 UTC completed_step=5200 elapsed_seconds=616.706 learning_rate=0.000517114
2026-09-21 04:16:42 UTC completed_step=5216 elapsed_seconds=618.387 learning_rate=0.000516622
2026-09-21 04:16:43 UTC completed_step=5232 elapsed_seconds=620.07 learning_rate=0.000516129
2026-09-21 04:16:45 UTC completed_step=5248 elapsed_seconds=621.752 learning_rate=0.000515634
2026-09-21 04:16:47 UTC step=5248 elapsed_seconds=623.449 mean_loss=2.56185 errors=4545/10002 exact_sentences=7/1024
2026-09-21 04:16:48 UTC completed_step=5264 elapsed_seconds=625.136 learning_rate=0.000515138
2026-09-21 04:16:50 UTC completed_step=5280 elapsed_seconds=626.82 learning_rate=0.000514641
2026-09-21 04:16:52 UTC completed_step=5296 elapsed_seconds=628.503 learning_rate=0.000514143
2026-09-21 04:16:53 UTC completed_step=5312 elapsed_seconds=630.183 learning_rate=0.000513644
2026-09-21 04:16:55 UTC completed_step=5328 elapsed_seconds=631.863 learning_rate=0.000513143
2026-09-21 04:16:57 UTC completed_step=5344 elapsed_seconds=633.543 learning_rate=0.000512641
2026-09-21 04:16:58 UTC completed_step=5360 elapsed_seconds=635.225 learning_rate=0.000512139
2026-09-21 04:17:00 UTC completed_step=5376 elapsed_seconds=636.907 learning_rate=0.000511635
2026-09-21 04:17:02 UTC step=5376 elapsed_seconds=638.62 mean_loss=2.4912 errors=4281/10002 exact_sentences=10/1024
2026-09-21 04:17:04 UTC completed_step=5392 elapsed_seconds=640.307 learning_rate=0.000511129
2026-09-21 04:17:05 UTC completed_step=5408 elapsed_seconds=641.99 learning_rate=0.000510623
2026-09-21 04:17:07 UTC completed_step=5424 elapsed_seconds=643.673 learning_rate=0.000510116
2026-09-21 04:17:09 UTC completed_step=5440 elapsed_seconds=645.357 learning_rate=0.000509607
2026-09-21 04:17:10 UTC completed_step=5456 elapsed_seconds=647.04 learning_rate=0.000509097
2026-09-21 04:17:12 UTC completed_step=5472 elapsed_seconds=648.723 learning_rate=0.000508586
2026-09-21 04:17:14 UTC completed_step=5488 elapsed_seconds=650.406 learning_rate=0.000508074
2026-09-21 04:17:15 UTC completed_step=5504 elapsed_seconds=652.089 learning_rate=0.000507561
2026-09-21 04:17:17 UTC step=5504 elapsed_seconds=653.783 mean_loss=2.43479 errors=4361/10002 exact_sentences=5/1024
2026-09-21 04:17:19 UTC completed_step=5520 elapsed_seconds=655.472 learning_rate=0.000507047
2026-09-21 04:17:20 UTC completed_step=5536 elapsed_seconds=657.156 learning_rate=0.000506531
2026-09-21 04:17:22 UTC completed_step=5552 elapsed_seconds=658.841 learning_rate=0.000506015
2026-09-21 04:17:24 UTC completed_step=5568 elapsed_seconds=660.523 learning_rate=0.000505497
2026-09-21 04:17:25 UTC completed_step=5584 elapsed_seconds=662.203 learning_rate=0.000504978
2026-09-21 04:17:27 UTC completed_step=5600 elapsed_seconds=663.885 learning_rate=0.000504458
2026-09-21 04:17:29 UTC completed_step=5616 elapsed_seconds=665.568 learning_rate=0.000503937
2026-09-21 04:17:30 UTC completed_step=5632 elapsed_seconds=667.251 learning_rate=0.000503415
2026-09-21 04:17:32 UTC step=5632 elapsed_seconds=668.95 mean_loss=2.36325 errors=4178/10002 exact_sentences=13/1024
2026-09-21 04:17:34 UTC completed_step=5648 elapsed_seconds=670.642 learning_rate=0.000502891
2026-09-21 04:17:36 UTC completed_step=5664 elapsed_seconds=672.322 learning_rate=0.000502367
2026-09-21 04:17:37 UTC completed_step=5680 elapsed_seconds=674.002 learning_rate=0.000501842
2026-09-21 04:17:39 UTC completed_step=5696 elapsed_seconds=675.682 learning_rate=0.000501315
2026-09-21 04:17:41 UTC completed_step=5712 elapsed_seconds=677.363 learning_rate=0.000500787
2026-09-21 04:17:42 UTC completed_step=5728 elapsed_seconds=679.043 learning_rate=0.000500259
2026-09-21 04:17:44 UTC completed_step=5744 elapsed_seconds=680.725 learning_rate=0.000499729
2026-09-21 04:17:46 UTC completed_step=5760 elapsed_seconds=682.408 learning_rate=0.000499198
2026-09-21 04:17:47 UTC step=5760 elapsed_seconds=684.093 mean_loss=2.31502 errors=4111/10002 exact_sentences=16/1024
2026-09-21 04:17:49 UTC completed_step=5776 elapsed_seconds=685.78 learning_rate=0.000498666
2026-09-21 04:17:51 UTC completed_step=5792 elapsed_seconds=687.462 learning_rate=0.000498133
2026-09-21 04:17:52 UTC completed_step=5808 elapsed_seconds=689.141 learning_rate=0.000497599
2026-09-21 04:17:54 UTC completed_step=5824 elapsed_seconds=690.822 learning_rate=0.000497063
2026-09-21 04:17:56 UTC completed_step=5840 elapsed_seconds=692.503 learning_rate=0.000496527
2026-09-21 04:17:57 UTC completed_step=5856 elapsed_seconds=694.186 learning_rate=0.00049599
2026-09-21 04:17:59 UTC completed_step=5872 elapsed_seconds=695.869 learning_rate=0.000495451
2026-09-21 04:18:01 UTC completed_step=5888 elapsed_seconds=697.553 learning_rate=0.000494912
2026-09-21 04:18:02 UTC step=5888 elapsed_seconds=699.246 mean_loss=2.26427 errors=3954/10002 exact_sentences=17/1024
2026-09-21 04:18:04 UTC completed_step=5904 elapsed_seconds=700.929 learning_rate=0.000494371
2026-09-21 04:18:06 UTC completed_step=5920 elapsed_seconds=702.608 learning_rate=0.00049383
2026-09-21 04:18:07 UTC completed_step=5936 elapsed_seconds=704.288 learning_rate=0.000493287
2026-09-21 04:18:09 UTC completed_step=5952 elapsed_seconds=705.972 learning_rate=0.000492743
2026-09-21 04:18:11 UTC completed_step=5968 elapsed_seconds=707.655 learning_rate=0.000492199
2026-09-21 04:18:13 UTC completed_step=5984 elapsed_seconds=709.339 learning_rate=0.000491653
2026-09-21 04:18:14 UTC completed_step=6000 elapsed_seconds=711.02 learning_rate=0.000491106
2026-09-21 04:18:16 UTC completed_step=6016 elapsed_seconds=712.704 learning_rate=0.000490558
2026-09-21 04:18:18 UTC step=6016 elapsed_seconds=714.402 mean_loss=2.21 errors=3770/10002 exact_sentences=23/1024
2026-09-21 04:18:19 UTC completed_step=6032 elapsed_seconds=716.09 learning_rate=0.00049001
2026-09-21 04:18:21 UTC completed_step=6048 elapsed_seconds=717.77 learning_rate=0.00048946
2026-09-21 04:18:23 UTC completed_step=6064 elapsed_seconds=719.45 learning_rate=0.000488909
2026-09-21 04:18:24 UTC completed_step=6080 elapsed_seconds=721.13 learning_rate=0.000488357
2026-09-21 04:18:26 UTC completed_step=6096 elapsed_seconds=722.812 learning_rate=0.000487804
2026-09-21 04:18:28 UTC completed_step=6112 elapsed_seconds=724.494 learning_rate=0.00048725
2026-09-21 04:18:29 UTC completed_step=6128 elapsed_seconds=726.177 learning_rate=0.000486695
2026-09-21 04:18:31 UTC completed_step=6144 elapsed_seconds=727.861 learning_rate=0.000486139
2026-09-21 04:18:33 UTC step=6144 elapsed_seconds=729.57 mean_loss=2.14961 errors=3782/10002 exact_sentences=22/1024
2026-09-21 04:18:34 UTC completed_step=6160 elapsed_seconds=731.26 learning_rate=0.000485583
2026-09-21 04:18:36 UTC completed_step=6176 elapsed_seconds=732.943 learning_rate=0.000485025
2026-09-21 04:18:38 UTC completed_step=6192 elapsed_seconds=734.622 learning_rate=0.000484466
2026-09-21 04:18:40 UTC completed_step=6208 elapsed_seconds=736.3 learning_rate=0.000483906
2026-09-21 04:18:41 UTC completed_step=6224 elapsed_seconds=737.978 learning_rate=0.000483345
2026-09-21 04:18:43 UTC completed_step=6240 elapsed_seconds=739.657 learning_rate=0.000482783
2026-09-21 04:18:45 UTC completed_step=6256 elapsed_seconds=741.335 learning_rate=0.00048222
2026-09-21 04:18:46 UTC completed_step=6272 elapsed_seconds=743.014 learning_rate=0.000481657
2026-09-21 04:18:48 UTC step=6272 elapsed_seconds=744.718 mean_loss=2.09763 errors=3652/10002 exact_sentences=24/1024
2026-09-21 04:18:50 UTC completed_step=6288 elapsed_seconds=746.401 learning_rate=0.000481092
2026-09-21 04:18:51 UTC completed_step=6304 elapsed_seconds=748.08 learning_rate=0.000480526
2026-09-21 04:18:53 UTC completed_step=6320 elapsed_seconds=749.759 learning_rate=0.00047996
2026-09-21 04:18:55 UTC completed_step=6336 elapsed_seconds=751.441 learning_rate=0.000479392
2026-09-21 04:18:56 UTC completed_step=6352 elapsed_seconds=753.124 learning_rate=0.000478823
2026-09-21 04:18:58 UTC completed_step=6368 elapsed_seconds=754.806 learning_rate=0.000478254
2026-09-21 04:19:00 UTC completed_step=6384 elapsed_seconds=756.488 learning_rate=0.000477684
2026-09-21 04:19:01 UTC completed_step=6400 elapsed_seconds=758.169 learning_rate=0.000477112
2026-09-21 04:19:03 UTC step=6400 elapsed_seconds=759.875 mean_loss=2.05626 errors=3648/10002 exact_sentences=27/1024
2026-09-21 04:19:05 UTC completed_step=6416 elapsed_seconds=761.562 learning_rate=0.00047654
2026-09-21 04:19:06 UTC completed_step=6432 elapsed_seconds=763.243 learning_rate=0.000475966
2026-09-21 04:19:08 UTC completed_step=6448 elapsed_seconds=764.922 learning_rate=0.000475392
2026-09-21 04:19:10 UTC completed_step=6464 elapsed_seconds=766.601 learning_rate=0.000474817
2026-09-21 04:19:11 UTC completed_step=6480 elapsed_seconds=768.281 learning_rate=0.000474241
2026-09-21 04:19:13 UTC completed_step=6496 elapsed_seconds=769.962 learning_rate=0.000473664
2026-09-21 04:19:15 UTC completed_step=6512 elapsed_seconds=771.643 learning_rate=0.000473086
2026-09-21 04:19:17 UTC completed_step=6528 elapsed_seconds=773.324 learning_rate=0.000472507
2026-09-21 04:19:18 UTC step=6528 elapsed_seconds=775.022 mean_loss=1.98444 errors=3401/10002 exact_sentences=40/1024
2026-09-21 04:19:20 UTC completed_step=6544 elapsed_seconds=776.706 learning_rate=0.000471928
2026-09-21 04:19:22 UTC completed_step=6560 elapsed_seconds=778.386 learning_rate=0.000471347
2026-09-21 04:19:23 UTC completed_step=6576 elapsed_seconds=780.065 learning_rate=0.000470766
2026-09-21 04:19:25 UTC completed_step=6592 elapsed_seconds=781.746 learning_rate=0.000470183
2026-09-21 04:19:27 UTC completed_step=6608 elapsed_seconds=783.428 learning_rate=0.0004696
2026-09-21 04:19:28 UTC completed_step=6624 elapsed_seconds=785.11 learning_rate=0.000469016
2026-09-21 04:19:30 UTC completed_step=6640 elapsed_seconds=786.792 learning_rate=0.000468431
2026-09-21 04:19:32 UTC completed_step=6656 elapsed_seconds=788.473 learning_rate=0.000467845
2026-09-21 04:19:33 UTC step=6656 elapsed_seconds=790.17 mean_loss=1.94573 errors=3334/10002 exact_sentences=38/1024
2026-09-21 04:19:35 UTC completed_step=6672 elapsed_seconds=791.86 learning_rate=0.000467258
2026-09-21 04:19:37 UTC completed_step=6688 elapsed_seconds=793.543 learning_rate=0.00046667
2026-09-21 04:19:38 UTC completed_step=6704 elapsed_seconds=795.225 learning_rate=0.000466081
2026-09-21 04:19:40 UTC completed_step=6720 elapsed_seconds=796.909 learning_rate=0.000465492
2026-09-21 04:19:42 UTC completed_step=6736 elapsed_seconds=798.586 learning_rate=0.000464902
2026-09-21 04:19:43 UTC completed_step=6752 elapsed_seconds=800.266 learning_rate=0.00046431
2026-09-21 04:19:45 UTC completed_step=6768 elapsed_seconds=801.945 learning_rate=0.000463718
2026-09-21 04:19:47 UTC completed_step=6784 elapsed_seconds=803.625 learning_rate=0.000463125
2026-09-21 04:19:49 UTC step=6784 elapsed_seconds=805.313 mean_loss=1.89342 errors=3343/10002 exact_sentences=43/1024
2026-09-21 04:19:50 UTC completed_step=6800 elapsed_seconds=807.002 learning_rate=0.000462532
2026-09-21 04:19:52 UTC completed_step=6816 elapsed_seconds=808.686 learning_rate=0.000461937
2026-09-21 04:19:54 UTC completed_step=6832 elapsed_seconds=810.366 learning_rate=0.000461342
2026-09-21 04:19:55 UTC completed_step=6848 elapsed_seconds=812.045 learning_rate=0.000460745
2026-09-21 04:19:57 UTC completed_step=6864 elapsed_seconds=813.723 learning_rate=0.000460148
2026-09-21 04:19:59 UTC completed_step=6880 elapsed_seconds=815.403 learning_rate=0.00045955
2026-09-21 04:20:00 UTC completed_step=6896 elapsed_seconds=817.085 learning_rate=0.000458951
2026-09-21 04:20:02 UTC completed_step=6912 elapsed_seconds=818.767 learning_rate=0.000458352
2026-09-21 04:20:04 UTC step=6912 elapsed_seconds=820.472 mean_loss=1.8524 errors=3252/10002 exact_sentences=58/1024
2026-09-21 04:20:05 UTC completed_step=6928 elapsed_seconds=822.157 learning_rate=0.000457751
2026-09-21 04:20:07 UTC completed_step=6944 elapsed_seconds=823.838 learning_rate=0.00045715
2026-09-21 04:20:09 UTC completed_step=6960 elapsed_seconds=825.52 learning_rate=0.000456548
2026-09-21 04:20:10 UTC completed_step=6976 elapsed_seconds=827.201 learning_rate=0.000455945
2026-09-21 04:20:12 UTC completed_step=6992 elapsed_seconds=828.88 learning_rate=0.000455342
2026-09-21 04:20:14 UTC completed_step=7008 elapsed_seconds=830.561 learning_rate=0.000454737
2026-09-21 04:20:15 UTC completed_step=7024 elapsed_seconds=832.242 learning_rate=0.000454132
2026-09-21 04:20:17 UTC completed_step=7040 elapsed_seconds=833.921 learning_rate=0.000453526
2026-09-21 04:20:19 UTC step=7040 elapsed_seconds=835.64 mean_loss=1.81452 errors=3051/10002 exact_sentences=62/1024
2026-09-21 04:20:21 UTC completed_step=7056 elapsed_seconds=837.323 learning_rate=0.000452919
2026-09-21 04:20:22 UTC completed_step=7072 elapsed_seconds=839.003 learning_rate=0.000452312
2026-09-21 04:20:24 UTC completed_step=7088 elapsed_seconds=840.683 learning_rate=0.000451703
2026-09-21 04:20:26 UTC completed_step=7104 elapsed_seconds=842.362 learning_rate=0.000451094
2026-09-21 04:20:27 UTC completed_step=7120 elapsed_seconds=844.043 learning_rate=0.000450484
2026-09-21 04:20:29 UTC completed_step=7136 elapsed_seconds=845.725 learning_rate=0.000449873
2026-09-21 04:20:31 UTC completed_step=7152 elapsed_seconds=847.406 learning_rate=0.000449262
2026-09-21 04:20:32 UTC completed_step=7168 elapsed_seconds=849.087 learning_rate=0.00044865
2026-09-21 04:20:34 UTC step=7168 elapsed_seconds=850.818 mean_loss=1.77053 errors=3029/10002 exact_sentences=60/1024
2026-09-21 04:20:36 UTC completed_step=7184 elapsed_seconds=852.507 learning_rate=0.000448037
2026-09-21 04:20:37 UTC completed_step=7200 elapsed_seconds=854.189 learning_rate=0.000447423
2026-09-21 04:20:39 UTC completed_step=7216 elapsed_seconds=855.87 learning_rate=0.000446808
2026-09-21 04:20:41 UTC completed_step=7232 elapsed_seconds=857.55 learning_rate=0.000446193
2026-09-21 04:20:42 UTC completed_step=7248 elapsed_seconds=859.23 learning_rate=0.000445577
2026-09-21 04:20:44 UTC completed_step=7264 elapsed_seconds=860.911 learning_rate=0.00044496
2026-09-21 04:20:46 UTC completed_step=7280 elapsed_seconds=862.596 learning_rate=0.000444343
2026-09-21 04:20:47 UTC completed_step=7296 elapsed_seconds=864.279 learning_rate=0.000443725
2026-09-21 04:20:49 UTC step=7296 elapsed_seconds=865.977 mean_loss=1.73609 errors=2951/10002 exact_sentences=70/1024
2026-09-21 04:20:51 UTC completed_step=7312 elapsed_seconds=867.665 learning_rate=0.000443106
2026-09-21 04:20:53 UTC completed_step=7328 elapsed_seconds=869.347 learning_rate=0.000442486
2026-09-21 04:20:54 UTC completed_step=7344 elapsed_seconds=871.031 learning_rate=0.000441866
2026-09-21 04:20:56 UTC completed_step=7360 elapsed_seconds=872.714 learning_rate=0.000441245
2026-09-21 04:20:58 UTC completed_step=7376 elapsed_seconds=874.397 learning_rate=0.000440623
2026-09-21 04:20:59 UTC completed_step=7392 elapsed_seconds=876.08 learning_rate=0.000440001
2026-09-21 04:21:01 UTC completed_step=7408 elapsed_seconds=877.764 learning_rate=0.000439377
2026-09-21 04:21:03 UTC completed_step=7424 elapsed_seconds=879.445 learning_rate=0.000438754
2026-09-21 04:21:04 UTC step=7424 elapsed_seconds=881.139 mean_loss=1.68013 errors=2775/10002 exact_sentences=81/1024
2026-09-21 04:21:06 UTC completed_step=7440 elapsed_seconds=882.83 learning_rate=0.000438129
2026-09-21 04:21:08 UTC completed_step=7456 elapsed_seconds=884.517 learning_rate=0.000437504
2026-09-21 04:21:09 UTC completed_step=7472 elapsed_seconds=886.201 learning_rate=0.000436878
2026-09-21 04:21:11 UTC completed_step=7488 elapsed_seconds=887.882 learning_rate=0.000436251
2026-09-21 04:21:13 UTC completed_step=7504 elapsed_seconds=889.563 learning_rate=0.000435624
2026-09-21 04:21:14 UTC completed_step=7520 elapsed_seconds=891.244 learning_rate=0.000434996
2026-09-21 04:21:16 UTC completed_step=7536 elapsed_seconds=892.925 learning_rate=0.000434367
2026-09-21 04:21:18 UTC completed_step=7552 elapsed_seconds=894.604 learning_rate=0.000433738
2026-09-21 04:21:20 UTC step=7552 elapsed_seconds=896.303 mean_loss=1.6376 errors=2812/10002 exact_sentences=90/1024
2026-09-21 04:21:21 UTC completed_step=7568 elapsed_seconds=897.988 learning_rate=0.000433108
2026-09-21 04:21:23 UTC completed_step=7584 elapsed_seconds=899.668 learning_rate=0.000432477
2026-09-21 04:21:25 UTC completed_step=7600 elapsed_seconds=901.347 learning_rate=0.000431846
2026-09-21 04:21:26 UTC completed_step=7616 elapsed_seconds=903.028 learning_rate=0.000431214
2026-09-21 04:21:28 UTC completed_step=7632 elapsed_seconds=904.711 learning_rate=0.000430581
2026-09-21 04:21:30 UTC completed_step=7648 elapsed_seconds=906.392 learning_rate=0.000429948
2026-09-21 04:21:31 UTC completed_step=7664 elapsed_seconds=908.074 learning_rate=0.000429314
2026-09-21 04:21:33 UTC completed_step=7680 elapsed_seconds=909.752 learning_rate=0.00042868
2026-09-21 04:21:35 UTC step=7680 elapsed_seconds=911.453 mean_loss=1.60834 errors=2764/10002 exact_sentences=86/1024
2026-09-21 04:21:36 UTC completed_step=7696 elapsed_seconds=913.139 learning_rate=0.000428045
2026-09-21 04:21:38 UTC completed_step=7712 elapsed_seconds=914.819 learning_rate=0.000427409
2026-09-21 04:21:40 UTC completed_step=7728 elapsed_seconds=916.503 learning_rate=0.000426773
2026-09-21 04:21:41 UTC completed_step=7744 elapsed_seconds=918.186 learning_rate=0.000426136
2026-09-21 04:21:43 UTC completed_step=7760 elapsed_seconds=919.87 learning_rate=0.000425498
2026-09-21 04:21:45 UTC completed_step=7776 elapsed_seconds=921.554 learning_rate=0.00042486
2026-09-21 04:21:46 UTC completed_step=7792 elapsed_seconds=923.238 learning_rate=0.000424221
2026-09-21 04:21:48 UTC completed_step=7808 elapsed_seconds=924.923 learning_rate=0.000423582
2026-09-21 04:21:50 UTC step=7808 elapsed_seconds=926.632 mean_loss=1.54719 errors=2507/10002 exact_sentences=106/1024
2026-09-21 04:21:52 UTC completed_step=7824 elapsed_seconds=928.323 learning_rate=0.000422942
2026-09-21 04:21:53 UTC completed_step=7840 elapsed_seconds=930.008 learning_rate=0.000422301
2026-09-21 04:21:55 UTC completed_step=7856 elapsed_seconds=931.695 learning_rate=0.00042166
2026-09-21 04:21:57 UTC completed_step=7872 elapsed_seconds=933.376 learning_rate=0.000421018
2026-09-21 04:21:58 UTC completed_step=7888 elapsed_seconds=935.057 learning_rate=0.000420376
2026-09-21 04:22:00 UTC completed_step=7904 elapsed_seconds=936.738 learning_rate=0.000419733
2026-09-21 04:22:02 UTC completed_step=7920 elapsed_seconds=938.42 learning_rate=0.000419089
2026-09-21 04:22:03 UTC completed_step=7936 elapsed_seconds=940.1 learning_rate=0.000418445
2026-09-21 04:22:05 UTC step=7936 elapsed_seconds=941.798 mean_loss=1.5165 errors=2500/10002 exact_sentences=111/1024
2026-09-21 04:22:07 UTC completed_step=7952 elapsed_seconds=943.484 learning_rate=0.0004178
2026-09-21 04:22:08 UTC completed_step=7968 elapsed_seconds=945.167 learning_rate=0.000417155
2026-09-21 04:22:10 UTC completed_step=7984 elapsed_seconds=946.849 learning_rate=0.000416509
2026-09-21 04:22:12 UTC completed_step=8000 elapsed_seconds=948.532 learning_rate=0.000415863
2026-09-21 04:22:13 UTC completed_step=8016 elapsed_seconds=950.218 learning_rate=0.000415216
2026-09-21 04:22:15 UTC completed_step=8032 elapsed_seconds=951.903 learning_rate=0.000414569
2026-09-21 04:22:17 UTC completed_step=8048 elapsed_seconds=953.59 learning_rate=0.000413921
2026-09-21 04:22:18 UTC completed_step=8064 elapsed_seconds=955.276 learning_rate=0.000413272
2026-09-21 04:22:20 UTC step=8064 elapsed_seconds=956.974 mean_loss=1.47824 errors=2448/10002 exact_sentences=123/1024
2026-09-21 04:22:22 UTC completed_step=8080 elapsed_seconds=958.667 learning_rate=0.000412623
2026-09-21 04:22:24 UTC completed_step=8096 elapsed_seconds=960.35 learning_rate=0.000411974
2026-09-21 04:22:25 UTC completed_step=8112 elapsed_seconds=962.033 learning_rate=0.000411324
2026-09-21 04:22:27 UTC completed_step=8128 elapsed_seconds=963.716 learning_rate=0.000410673
2026-09-21 04:22:29 UTC completed_step=8144 elapsed_seconds=965.4 learning_rate=0.000410022
2026-09-21 04:22:30 UTC completed_step=8160 elapsed_seconds=967.082 learning_rate=0.000409371
2026-09-21 04:22:32 UTC completed_step=8176 elapsed_seconds=968.765 learning_rate=0.000408718
2026-09-21 04:22:34 UTC completed_step=8192 elapsed_seconds=970.448 learning_rate=0.000408066
2026-09-21 04:22:35 UTC step=8192 elapsed_seconds=972.159 mean_loss=1.44506 errors=2371/10002 exact_sentences=126/1024
2026-09-21 04:22:37 UTC completed_step=8208 elapsed_seconds=973.852 learning_rate=0.000407413
2026-09-21 04:22:39 UTC completed_step=8224 elapsed_seconds=975.535 learning_rate=0.000406759
2026-09-21 04:22:40 UTC completed_step=8240 elapsed_seconds=977.217 learning_rate=0.000406105
2026-09-21 04:22:42 UTC completed_step=8256 elapsed_seconds=978.899 learning_rate=0.00040545
2026-09-21 04:22:44 UTC completed_step=8272 elapsed_seconds=980.582 learning_rate=0.000404795
2026-09-21 04:22:45 UTC completed_step=8288 elapsed_seconds=982.263 learning_rate=0.00040414
2026-09-21 04:22:47 UTC completed_step=8304 elapsed_seconds=983.945 learning_rate=0.000403484
2026-09-21 04:22:49 UTC completed_step=8320 elapsed_seconds=985.627 learning_rate=0.000402827
2026-09-21 04:22:51 UTC step=8320 elapsed_seconds=987.314 mean_loss=1.39787 errors=2277/10002 exact_sentences=145/1024
2026-09-21 04:22:52 UTC completed_step=8336 elapsed_seconds=989 learning_rate=0.00040217
2026-09-21 04:22:54 UTC completed_step=8352 elapsed_seconds=990.682 learning_rate=0.000401513
2026-09-21 04:22:56 UTC completed_step=8368 elapsed_seconds=992.363 learning_rate=0.000400855
2026-09-21 04:22:57 UTC completed_step=8384 elapsed_seconds=994.046 learning_rate=0.000400197
2026-09-21 04:22:59 UTC completed_step=8400 elapsed_seconds=995.729 learning_rate=0.000399538
2026-09-21 04:23:01 UTC completed_step=8416 elapsed_seconds=997.412 learning_rate=0.000398879
2026-09-21 04:23:02 UTC completed_step=8432 elapsed_seconds=999.098 learning_rate=0.000398219
2026-09-21 04:23:04 UTC completed_step=8448 elapsed_seconds=1000.79 learning_rate=0.000397559
2026-09-21 04:23:06 UTC step=8448 elapsed_seconds=1002.48 mean_loss=1.36815 errors=2148/10002 exact_sentences=156/1024
2026-09-21 04:23:07 UTC completed_step=8464 elapsed_seconds=1004.17 learning_rate=0.000396899
2026-09-21 04:23:09 UTC completed_step=8480 elapsed_seconds=1005.86 learning_rate=0.000396238
2026-09-21 04:23:11 UTC completed_step=8496 elapsed_seconds=1007.54 learning_rate=0.000395576
2026-09-21 04:23:12 UTC completed_step=8512 elapsed_seconds=1009.22 learning_rate=0.000394914
2026-09-21 04:23:14 UTC completed_step=8528 elapsed_seconds=1010.9 learning_rate=0.000394252
2026-09-21 04:23:16 UTC completed_step=8544 elapsed_seconds=1012.58 learning_rate=0.00039359
2026-09-21 04:23:17 UTC completed_step=8560 elapsed_seconds=1014.26 learning_rate=0.000392927
2026-09-21 04:23:19 UTC completed_step=8576 elapsed_seconds=1015.95 learning_rate=0.000392263
2026-09-21 04:23:21 UTC step=8576 elapsed_seconds=1017.64 mean_loss=1.35727 errors=2153/10002 exact_sentences=159/1024
2026-09-21 04:23:23 UTC completed_step=8592 elapsed_seconds=1019.33 learning_rate=0.000391599
2026-09-21 04:23:24 UTC completed_step=8608 elapsed_seconds=1021.01 learning_rate=0.000390935
2026-09-21 04:23:26 UTC completed_step=8624 elapsed_seconds=1022.7 learning_rate=0.000390271
2026-09-21 04:23:28 UTC completed_step=8640 elapsed_seconds=1024.38 learning_rate=0.000389606
2026-09-21 04:23:29 UTC completed_step=8656 elapsed_seconds=1026.06 learning_rate=0.00038894
2026-09-21 04:23:31 UTC completed_step=8672 elapsed_seconds=1027.74 learning_rate=0.000388275
2026-09-21 04:23:33 UTC completed_step=8688 elapsed_seconds=1029.42 learning_rate=0.000387608
2026-09-21 04:23:34 UTC completed_step=8704 elapsed_seconds=1031.11 learning_rate=0.000386942
2026-09-21 04:23:36 UTC step=8704 elapsed_seconds=1032.8 mean_loss=1.30437 errors=2053/10002 exact_sentences=177/1024
2026-09-21 04:23:38 UTC completed_step=8720 elapsed_seconds=1034.49 learning_rate=0.000386275
2026-09-21 04:23:39 UTC completed_step=8736 elapsed_seconds=1036.17 learning_rate=0.000385608
2026-09-21 04:23:41 UTC completed_step=8752 elapsed_seconds=1037.86 learning_rate=0.00038494
2026-09-21 04:23:43 UTC completed_step=8768 elapsed_seconds=1039.54 learning_rate=0.000384272
2026-09-21 04:23:44 UTC completed_step=8784 elapsed_seconds=1041.22 learning_rate=0.000383604
2026-09-21 04:23:46 UTC completed_step=8800 elapsed_seconds=1042.91 learning_rate=0.000382936
2026-09-21 04:23:48 UTC completed_step=8816 elapsed_seconds=1044.59 learning_rate=0.000382267
2026-09-21 04:23:49 UTC completed_step=8832 elapsed_seconds=1046.27 learning_rate=0.000381597
2026-09-21 04:23:51 UTC step=8832 elapsed_seconds=1047.96 mean_loss=1.26521 errors=1939/10002 exact_sentences=192/1024
2026-09-21 04:23:53 UTC completed_step=8848 elapsed_seconds=1049.65 learning_rate=0.000380928
2026-09-21 04:23:55 UTC completed_step=8864 elapsed_seconds=1051.34 learning_rate=0.000380258
2026-09-21 04:23:56 UTC completed_step=8880 elapsed_seconds=1053.03 learning_rate=0.000379588
2026-09-21 04:23:58 UTC completed_step=8896 elapsed_seconds=1054.71 learning_rate=0.000378917
2026-09-21 04:24:00 UTC completed_step=8912 elapsed_seconds=1056.39 learning_rate=0.000378246
2026-09-21 04:24:01 UTC completed_step=8928 elapsed_seconds=1058.08 learning_rate=0.000377575
2026-09-21 04:24:03 UTC completed_step=8944 elapsed_seconds=1059.76 learning_rate=0.000376904
2026-09-21 04:24:05 UTC completed_step=8960 elapsed_seconds=1061.44 learning_rate=0.000376232
2026-09-21 04:24:06 UTC step=8960 elapsed_seconds=1063.14 mean_loss=1.24709 errors=1958/10002 exact_sentences=202/1024
2026-09-21 04:24:08 UTC completed_step=8976 elapsed_seconds=1064.83 learning_rate=0.00037556
2026-09-21 04:24:10 UTC completed_step=8992 elapsed_seconds=1066.51 learning_rate=0.000374887
2026-09-21 04:24:11 UTC completed_step=9008 elapsed_seconds=1068.19 learning_rate=0.000374215
2026-09-21 04:24:13 UTC completed_step=9024 elapsed_seconds=1069.87 learning_rate=0.000373542
2026-09-21 04:24:15 UTC completed_step=9040 elapsed_seconds=1071.56 learning_rate=0.000372869
2026-09-21 04:24:16 UTC completed_step=9056 elapsed_seconds=1073.24 learning_rate=0.000372195
2026-09-21 04:24:18 UTC completed_step=9072 elapsed_seconds=1074.92 learning_rate=0.000371521
2026-09-21 04:24:20 UTC completed_step=9088 elapsed_seconds=1076.61 learning_rate=0.000370847
2026-09-21 04:24:22 UTC step=9088 elapsed_seconds=1078.32 mean_loss=1.22439 errors=1823/10002 exact_sentences=226/1024
2026-09-21 04:24:23 UTC completed_step=9104 elapsed_seconds=1080.01 learning_rate=0.000370173
2026-09-21 04:24:25 UTC completed_step=9120 elapsed_seconds=1081.69 learning_rate=0.000369499
2026-09-21 04:24:27 UTC completed_step=9136 elapsed_seconds=1083.37 learning_rate=0.000368824
2026-09-21 04:24:28 UTC completed_step=9152 elapsed_seconds=1085.05 learning_rate=0.000368149
2026-09-21 04:24:30 UTC completed_step=9168 elapsed_seconds=1086.74 learning_rate=0.000367474
2026-09-21 04:24:32 UTC completed_step=9184 elapsed_seconds=1088.42 learning_rate=0.000366798
2026-09-21 04:24:33 UTC completed_step=9200 elapsed_seconds=1090.1 learning_rate=0.000366122
2026-09-21 04:24:35 UTC completed_step=9216 elapsed_seconds=1091.78 learning_rate=0.000365446
2026-09-21 04:24:37 UTC step=9216 elapsed_seconds=1093.48 mean_loss=1.16416 errors=1722/10002 exact_sentences=237/1024
2026-09-21 04:24:38 UTC completed_step=9232 elapsed_seconds=1095.17 learning_rate=0.00036477
2026-09-21 04:24:40 UTC completed_step=9248 elapsed_seconds=1096.86 learning_rate=0.000364094
2026-09-21 04:24:42 UTC completed_step=9264 elapsed_seconds=1098.54 learning_rate=0.000363417
2026-09-21 04:24:43 UTC completed_step=9280 elapsed_seconds=1100.22 learning_rate=0.00036274
2026-09-21 04:24:45 UTC completed_step=9296 elapsed_seconds=1101.9 learning_rate=0.000362063
2026-09-21 04:24:47 UTC completed_step=9312 elapsed_seconds=1103.58 learning_rate=0.000361386
2026-09-21 04:24:48 UTC completed_step=9328 elapsed_seconds=1105.27 learning_rate=0.000360708
2026-09-21 04:24:50 UTC completed_step=9344 elapsed_seconds=1106.95 learning_rate=0.000360031
2026-09-21 04:24:52 UTC step=9344 elapsed_seconds=1108.65 mean_loss=1.16421 errors=1684/10002 exact_sentences=251/1024
2026-09-21 04:24:54 UTC completed_step=9360 elapsed_seconds=1110.34 learning_rate=0.000359353
2026-09-21 04:24:55 UTC completed_step=9376 elapsed_seconds=1112.02 learning_rate=0.000358675
2026-09-21 04:24:57 UTC completed_step=9392 elapsed_seconds=1113.7 learning_rate=0.000357997
2026-09-21 04:24:59 UTC completed_step=9408 elapsed_seconds=1115.39 learning_rate=0.000357318
2026-09-21 04:25:00 UTC completed_step=9424 elapsed_seconds=1117.07 learning_rate=0.00035664
2026-09-21 04:25:02 UTC completed_step=9440 elapsed_seconds=1118.75 learning_rate=0.000355961
2026-09-21 04:25:04 UTC completed_step=9456 elapsed_seconds=1120.44 learning_rate=0.000355282
2026-09-21 04:25:05 UTC completed_step=9472 elapsed_seconds=1122.12 learning_rate=0.000354603
2026-09-21 04:25:07 UTC step=9472 elapsed_seconds=1123.82 mean_loss=1.13557 errors=1717/10002 exact_sentences=247/1024
2026-09-21 04:25:09 UTC completed_step=9488 elapsed_seconds=1125.51 learning_rate=0.000353924
2026-09-21 04:25:10 UTC completed_step=9504 elapsed_seconds=1127.2 learning_rate=0.000353244
2026-09-21 04:25:12 UTC completed_step=9520 elapsed_seconds=1128.88 learning_rate=0.000352565
2026-09-21 04:25:14 UTC completed_step=9536 elapsed_seconds=1130.56 learning_rate=0.000351885
2026-09-21 04:25:15 UTC completed_step=9552 elapsed_seconds=1132.25 learning_rate=0.000351205
2026-09-21 04:25:17 UTC completed_step=9568 elapsed_seconds=1133.93 learning_rate=0.000350525
2026-09-21 04:25:19 UTC completed_step=9584 elapsed_seconds=1135.61 learning_rate=0.000349845
2026-09-21 04:25:21 UTC completed_step=9600 elapsed_seconds=1137.3 learning_rate=0.000349165
2026-09-21 04:25:22 UTC step=9600 elapsed_seconds=1139.02 mean_loss=1.09016 errors=1547/10002 exact_sentences=290/1024
2026-09-21 04:25:24 UTC completed_step=9616 elapsed_seconds=1140.71 learning_rate=0.000348485
2026-09-21 04:25:26 UTC completed_step=9632 elapsed_seconds=1142.39 learning_rate=0.000347804
2026-09-21 04:25:27 UTC completed_step=9648 elapsed_seconds=1144.07 learning_rate=0.000347124
2026-09-21 04:25:29 UTC completed_step=9664 elapsed_seconds=1145.75 learning_rate=0.000346443
2026-09-21 04:25:31 UTC completed_step=9680 elapsed_seconds=1147.43 learning_rate=0.000345762
2026-09-21 04:25:32 UTC completed_step=9696 elapsed_seconds=1149.12 learning_rate=0.000345081
2026-09-21 04:25:34 UTC completed_step=9712 elapsed_seconds=1150.8 learning_rate=0.0003444
2026-09-21 04:25:36 UTC completed_step=9728 elapsed_seconds=1152.49 learning_rate=0.000343719
2026-09-21 04:25:37 UTC step=9728 elapsed_seconds=1154.18 mean_loss=1.07009 errors=1528/10002 exact_sentences=289/1024
2026-09-21 04:25:39 UTC completed_step=9744 elapsed_seconds=1155.88 learning_rate=0.000343038
2026-09-21 04:25:41 UTC completed_step=9760 elapsed_seconds=1157.56 learning_rate=0.000342357
2026-09-21 04:25:42 UTC completed_step=9776 elapsed_seconds=1159.25 learning_rate=0.000341676
2026-09-21 04:25:44 UTC completed_step=9792 elapsed_seconds=1160.93 learning_rate=0.000340994
2026-09-21 04:25:46 UTC completed_step=9808 elapsed_seconds=1162.61 learning_rate=0.000340313
2026-09-21 04:25:48 UTC completed_step=9824 elapsed_seconds=1164.3 learning_rate=0.000339631
2026-09-21 04:25:49 UTC completed_step=9840 elapsed_seconds=1165.98 learning_rate=0.00033895
2026-09-21 04:25:51 UTC completed_step=9856 elapsed_seconds=1167.66 learning_rate=0.000338268
2026-09-21 04:25:53 UTC step=9856 elapsed_seconds=1169.37 mean_loss=1.04848 errors=1515/10002 exact_sentences=306/1024
2026-09-21 04:25:54 UTC completed_step=9872 elapsed_seconds=1171.06 learning_rate=0.000337586
2026-09-21 04:25:56 UTC completed_step=9888 elapsed_seconds=1172.74 learning_rate=0.000336904
2026-09-21 04:25:58 UTC completed_step=9904 elapsed_seconds=1174.42 learning_rate=0.000336223
2026-09-21 04:25:59 UTC completed_step=9920 elapsed_seconds=1176.11 learning_rate=0.000335541
2026-09-21 04:26:01 UTC completed_step=9936 elapsed_seconds=1177.79 learning_rate=0.000334859
2026-09-21 04:26:03 UTC completed_step=9952 elapsed_seconds=1179.47 learning_rate=0.000334177
2026-09-21 04:26:04 UTC completed_step=9968 elapsed_seconds=1181.15 learning_rate=0.000333495
2026-09-21 04:26:06 UTC completed_step=9984 elapsed_seconds=1182.83 learning_rate=0.000332813
2026-09-21 04:26:08 UTC step=9984 elapsed_seconds=1184.52 mean_loss=1.01781 errors=1508/10002 exact_sentences=308/1024
2026-09-21 04:26:09 UTC completed_step=10000 elapsed_seconds=1186.21 learning_rate=0.000332131
2026-09-21 04:26:11 UTC completed_step=10016 elapsed_seconds=1187.89 learning_rate=0.000331449
2026-09-21 04:26:13 UTC completed_step=10032 elapsed_seconds=1189.58 learning_rate=0.000330767
2026-09-21 04:26:14 UTC completed_step=10048 elapsed_seconds=1191.26 learning_rate=0.000330085
2026-09-21 04:26:16 UTC completed_step=10064 elapsed_seconds=1192.94 learning_rate=0.000329403
2026-09-21 04:26:18 UTC completed_step=10080 elapsed_seconds=1194.63 learning_rate=0.000328721
2026-09-21 04:26:20 UTC completed_step=10096 elapsed_seconds=1196.31 learning_rate=0.000328039
2026-09-21 04:26:21 UTC completed_step=10112 elapsed_seconds=1197.99 learning_rate=0.000327357
2026-09-21 04:26:23 UTC step=10112 elapsed_seconds=1199.69 mean_loss=1.00217 errors=1445/10002 exact_sentences=312/1024
2026-09-21 04:26:25 UTC completed_step=10128 elapsed_seconds=1201.38 learning_rate=0.000326675
2026-09-21 04:26:26 UTC completed_step=10144 elapsed_seconds=1203.06 learning_rate=0.000325993
2026-09-21 04:26:28 UTC completed_step=10160 elapsed_seconds=1204.75 learning_rate=0.000325312
2026-09-21 04:26:30 UTC completed_step=10176 elapsed_seconds=1206.43 learning_rate=0.00032463
2026-09-21 04:26:31 UTC completed_step=10192 elapsed_seconds=1208.12 learning_rate=0.000323948
2026-09-21 04:26:33 UTC completed_step=10208 elapsed_seconds=1209.8 learning_rate=0.000323266
2026-09-21 04:26:35 UTC completed_step=10224 elapsed_seconds=1211.48 learning_rate=0.000322584
2026-09-21 04:26:36 UTC completed_step=10240 elapsed_seconds=1213.16 learning_rate=0.000321903
2026-09-21 04:26:38 UTC step=10240 elapsed_seconds=1214.85 mean_loss=0.971435 errors=1348/10002 exact_sentences=345/1024
2026-09-21 04:26:40 UTC completed_step=10256 elapsed_seconds=1216.54 learning_rate=0.000321221
2026-09-21 04:26:41 UTC completed_step=10272 elapsed_seconds=1218.23 learning_rate=0.000320539
2026-09-21 04:26:43 UTC completed_step=10288 elapsed_seconds=1219.91 learning_rate=0.000319858
2026-09-21 04:26:45 UTC completed_step=10304 elapsed_seconds=1221.59 learning_rate=0.000319176
2026-09-21 04:26:46 UTC completed_step=10320 elapsed_seconds=1223.28 learning_rate=0.000318495
2026-09-21 04:26:48 UTC completed_step=10336 elapsed_seconds=1224.96 learning_rate=0.000317814
2026-09-21 04:26:50 UTC completed_step=10352 elapsed_seconds=1226.65 learning_rate=0.000317132
2026-09-21 04:26:52 UTC completed_step=10368 elapsed_seconds=1228.33 learning_rate=0.000316451
2026-09-21 04:26:53 UTC step=10368 elapsed_seconds=1230.04 mean_loss=0.9363 errors=1280/10002 exact_sentences=364/1024
2026-09-21 04:26:55 UTC completed_step=10384 elapsed_seconds=1231.73 learning_rate=0.00031577
2026-09-21 04:26:57 UTC completed_step=10400 elapsed_seconds=1233.41 learning_rate=0.000315089
2026-09-21 04:26:58 UTC completed_step=10416 elapsed_seconds=1235.1 learning_rate=0.000314408
2026-09-21 04:27:00 UTC completed_step=10432 elapsed_seconds=1236.78 learning_rate=0.000313727
2026-09-21 04:27:02 UTC completed_step=10448 elapsed_seconds=1238.47 learning_rate=0.000313047
2026-09-21 04:27:03 UTC completed_step=10464 elapsed_seconds=1240.16 learning_rate=0.000312366
2026-09-21 04:27:05 UTC completed_step=10480 elapsed_seconds=1241.84 learning_rate=0.000311685
2026-09-21 04:27:07 UTC completed_step=10496 elapsed_seconds=1243.52 learning_rate=0.000311005
2026-09-21 04:27:08 UTC step=10496 elapsed_seconds=1245.24 mean_loss=0.931214 errors=1236/10002 exact_sentences=378/1024
2026-09-21 04:27:10 UTC completed_step=10512 elapsed_seconds=1246.92 learning_rate=0.000310325
2026-09-21 04:27:12 UTC completed_step=10528 elapsed_seconds=1248.61 learning_rate=0.000309645
2026-09-21 04:27:13 UTC completed_step=10544 elapsed_seconds=1250.29 learning_rate=0.000308965
2026-09-21 04:27:15 UTC completed_step=10560 elapsed_seconds=1251.97 learning_rate=0.000308285
2026-09-21 04:27:17 UTC completed_step=10576 elapsed_seconds=1253.65 learning_rate=0.000307605
2026-09-21 04:27:19 UTC completed_step=10592 elapsed_seconds=1255.34 learning_rate=0.000306926
2026-09-21 04:27:20 UTC completed_step=10608 elapsed_seconds=1257.02 learning_rate=0.000306246
2026-09-21 04:27:22 UTC completed_step=10624 elapsed_seconds=1258.7 learning_rate=0.000305567
2026-09-21 04:27:24 UTC step=10624 elapsed_seconds=1260.39 mean_loss=0.896729 errors=1239/10002 exact_sentences=391/1024
2026-09-21 04:27:25 UTC completed_step=10640 elapsed_seconds=1262.08 learning_rate=0.000304888
2026-09-21 04:27:27 UTC completed_step=10656 elapsed_seconds=1263.77 learning_rate=0.000304209
2026-09-21 04:27:29 UTC completed_step=10672 elapsed_seconds=1265.45 learning_rate=0.00030353
2026-09-21 04:27:30 UTC completed_step=10688 elapsed_seconds=1267.13 learning_rate=0.000302851
2026-09-21 04:27:32 UTC completed_step=10704 elapsed_seconds=1268.81 learning_rate=0.000302173
2026-09-21 04:27:34 UTC completed_step=10720 elapsed_seconds=1270.5 learning_rate=0.000301495
2026-09-21 04:27:35 UTC completed_step=10736 elapsed_seconds=1272.18 learning_rate=0.000300817
2026-09-21 04:27:37 UTC completed_step=10752 elapsed_seconds=1273.86 learning_rate=0.000300139
2026-09-21 04:27:39 UTC step=10752 elapsed_seconds=1275.55 mean_loss=0.876625 errors=1157/10002 exact_sentences=403/1024
2026-09-21 04:27:40 UTC completed_step=10768 elapsed_seconds=1277.24 learning_rate=0.000299461
2026-09-21 04:27:42 UTC completed_step=10784 elapsed_seconds=1278.92 learning_rate=0.000298784
2026-09-21 04:27:44 UTC completed_step=10800 elapsed_seconds=1280.6 learning_rate=0.000298106
2026-09-21 04:27:45 UTC completed_step=10816 elapsed_seconds=1282.28 learning_rate=0.000297429
2026-09-21 04:27:47 UTC completed_step=10832 elapsed_seconds=1283.97 learning_rate=0.000296752
2026-09-21 04:27:49 UTC completed_step=10848 elapsed_seconds=1285.65 learning_rate=0.000296075
2026-09-21 04:27:51 UTC completed_step=10864 elapsed_seconds=1287.33 learning_rate=0.000295399
2026-09-21 04:27:52 UTC completed_step=10880 elapsed_seconds=1289.02 learning_rate=0.000294723
2026-09-21 04:27:54 UTC step=10880 elapsed_seconds=1290.73 mean_loss=0.8566 errors=1063/10002 exact_sentences=433/1024
2026-09-21 04:27:56 UTC completed_step=10896 elapsed_seconds=1292.42 learning_rate=0.000294047
2026-09-21 04:27:57 UTC completed_step=10912 elapsed_seconds=1294.1 learning_rate=0.000293371
2026-09-21 04:27:59 UTC completed_step=10928 elapsed_seconds=1295.79 learning_rate=0.000292695
2026-09-21 04:28:01 UTC completed_step=10944 elapsed_seconds=1297.47 learning_rate=0.00029202
2026-09-21 04:28:02 UTC completed_step=10960 elapsed_seconds=1299.15 learning_rate=0.000291345
2026-09-21 04:28:04 UTC completed_step=10976 elapsed_seconds=1300.84 learning_rate=0.00029067
2026-09-21 04:28:06 UTC completed_step=10992 elapsed_seconds=1302.52 learning_rate=0.000289995
2026-09-21 04:28:07 UTC completed_step=11008 elapsed_seconds=1304.19 learning_rate=0.000289321
2026-09-21 04:28:09 UTC step=11008 elapsed_seconds=1305.89 mean_loss=0.826389 errors=1090/10002 exact_sentences=419/1024
2026-09-21 04:28:11 UTC completed_step=11024 elapsed_seconds=1307.57 learning_rate=0.000288647
2026-09-21 04:28:12 UTC completed_step=11040 elapsed_seconds=1309.25 learning_rate=0.000287973
2026-09-21 04:28:14 UTC completed_step=11056 elapsed_seconds=1310.93 learning_rate=0.0002873
2026-09-21 04:28:16 UTC completed_step=11072 elapsed_seconds=1312.61 learning_rate=0.000286626
2026-09-21 04:28:17 UTC completed_step=11088 elapsed_seconds=1314.28 learning_rate=0.000285953
2026-09-21 04:28:19 UTC completed_step=11104 elapsed_seconds=1315.96 learning_rate=0.000285281
2026-09-21 04:28:21 UTC completed_step=11120 elapsed_seconds=1317.64 learning_rate=0.000284608
2026-09-21 04:28:23 UTC completed_step=11136 elapsed_seconds=1319.32 learning_rate=0.000283936
2026-09-21 04:28:24 UTC step=11136 elapsed_seconds=1321.02 mean_loss=0.809982 errors=1008/10002 exact_sentences=448/1024
2026-09-21 04:28:26 UTC completed_step=11152 elapsed_seconds=1322.7 learning_rate=0.000283264
2026-09-21 04:28:28 UTC completed_step=11168 elapsed_seconds=1324.38 learning_rate=0.000282593
2026-09-21 04:28:29 UTC completed_step=11184 elapsed_seconds=1326.06 learning_rate=0.000281921
2026-09-21 04:28:31 UTC completed_step=11200 elapsed_seconds=1327.74 learning_rate=0.000281251
2026-09-21 04:28:33 UTC completed_step=11216 elapsed_seconds=1329.42 learning_rate=0.00028058
2026-09-21 04:28:34 UTC completed_step=11232 elapsed_seconds=1331.1 learning_rate=0.00027991
2026-09-21 04:28:36 UTC completed_step=11248 elapsed_seconds=1332.78 learning_rate=0.00027924
2026-09-21 04:28:38 UTC completed_step=11264 elapsed_seconds=1334.46 learning_rate=0.00027857
2026-09-21 04:28:39 UTC step=11264 elapsed_seconds=1336.15 mean_loss=0.786707 errors=993/10002 exact_sentences=456/1024
2026-09-21 04:28:41 UTC completed_step=11280 elapsed_seconds=1337.84 learning_rate=0.000277901
2026-09-21 04:28:43 UTC completed_step=11296 elapsed_seconds=1339.52 learning_rate=0.000277232
2026-09-21 04:28:44 UTC completed_step=11312 elapsed_seconds=1341.2 learning_rate=0.000276563
2026-09-21 04:28:46 UTC completed_step=11328 elapsed_seconds=1342.88 learning_rate=0.000275895
2026-09-21 04:28:48 UTC completed_step=11344 elapsed_seconds=1344.56 learning_rate=0.000275227
2026-09-21 04:28:49 UTC completed_step=11360 elapsed_seconds=1346.24 learning_rate=0.000274559
2026-09-21 04:28:51 UTC completed_step=11376 elapsed_seconds=1347.92 learning_rate=0.000273892
2026-09-21 04:28:53 UTC completed_step=11392 elapsed_seconds=1349.6 learning_rate=0.000273225
2026-09-21 04:28:55 UTC step=11392 elapsed_seconds=1351.3 mean_loss=0.778925 errors=952/10002 exact_sentences=465/1024
2026-09-21 04:28:56 UTC completed_step=11408 elapsed_seconds=1352.99 learning_rate=0.000272558
2026-09-21 04:28:58 UTC completed_step=11424 elapsed_seconds=1354.67 learning_rate=0.000271892
2026-09-21 04:29:00 UTC completed_step=11440 elapsed_seconds=1356.34 learning_rate=0.000271226
2026-09-21 04:29:01 UTC completed_step=11456 elapsed_seconds=1358.02 learning_rate=0.000270561
2026-09-21 04:29:03 UTC completed_step=11472 elapsed_seconds=1359.71 learning_rate=0.000269896
2026-09-21 04:29:05 UTC completed_step=11488 elapsed_seconds=1361.39 learning_rate=0.000269231
2026-09-21 04:29:06 UTC completed_step=11504 elapsed_seconds=1363.07 learning_rate=0.000268567
2026-09-21 04:29:08 UTC completed_step=11520 elapsed_seconds=1364.76 learning_rate=0.000267903
2026-09-21 04:29:10 UTC step=11520 elapsed_seconds=1366.45 mean_loss=0.752304 errors=926/10002 exact_sentences=480/1024
2026-09-21 04:29:11 UTC completed_step=11536 elapsed_seconds=1368.13 learning_rate=0.000267239
2026-09-21 04:29:13 UTC completed_step=11552 elapsed_seconds=1369.82 learning_rate=0.000266576
2026-09-21 04:29:15 UTC completed_step=11568 elapsed_seconds=1371.5 learning_rate=0.000265913
2026-09-21 04:29:16 UTC completed_step=11584 elapsed_seconds=1373.18 learning_rate=0.000265251
2026-09-21 04:29:18 UTC completed_step=11600 elapsed_seconds=1374.85 learning_rate=0.000264589
2026-09-21 04:29:20 UTC completed_step=11616 elapsed_seconds=1376.53 learning_rate=0.000263928
2026-09-21 04:29:21 UTC completed_step=11632 elapsed_seconds=1378.22 learning_rate=0.000263267
2026-09-21 04:29:23 UTC completed_step=11648 elapsed_seconds=1379.9 learning_rate=0.000262606
2026-09-21 04:29:25 UTC step=11648 elapsed_seconds=1381.61 mean_loss=0.747739 errors=927/10002 exact_sentences=490/1024
2026-09-21 04:29:27 UTC completed_step=11664 elapsed_seconds=1383.3 learning_rate=0.000261946
2026-09-21 04:29:28 UTC completed_step=11680 elapsed_seconds=1384.98 learning_rate=0.000261286
2026-09-21 04:29:30 UTC completed_step=11696 elapsed_seconds=1386.66 learning_rate=0.000260627
2026-09-21 04:29:32 UTC completed_step=11712 elapsed_seconds=1388.34 learning_rate=0.000259968
2026-09-21 04:29:33 UTC completed_step=11728 elapsed_seconds=1390.02 learning_rate=0.000259309
2026-09-21 04:29:35 UTC completed_step=11744 elapsed_seconds=1391.7 learning_rate=0.000258652
2026-09-21 04:29:37 UTC completed_step=11760 elapsed_seconds=1393.38 learning_rate=0.000257994
2026-09-21 04:29:38 UTC completed_step=11776 elapsed_seconds=1395.06 learning_rate=0.000257337
2026-09-21 04:29:40 UTC step=11776 elapsed_seconds=1396.76 mean_loss=0.734638 errors=891/10002 exact_sentences=503/1024
2026-09-21 04:29:42 UTC completed_step=11792 elapsed_seconds=1398.45 learning_rate=0.00025668
2026-09-21 04:29:43 UTC completed_step=11808 elapsed_seconds=1400.12 learning_rate=0.000256024
2026-09-21 04:29:45 UTC completed_step=11824 elapsed_seconds=1401.8 learning_rate=0.000255369
2026-09-21 04:29:47 UTC completed_step=11840 elapsed_seconds=1403.48 learning_rate=0.000254713
2026-09-21 04:29:48 UTC completed_step=11856 elapsed_seconds=1405.16 learning_rate=0.000254059
2026-09-21 04:29:50 UTC completed_step=11872 elapsed_seconds=1406.84 learning_rate=0.000253404
2026-09-21 04:29:52 UTC completed_step=11888 elapsed_seconds=1408.53 learning_rate=0.000252751
2026-09-21 04:29:53 UTC completed_step=11904 elapsed_seconds=1410.21 learning_rate=0.000252097
2026-09-21 04:29:55 UTC step=11904 elapsed_seconds=1411.89 mean_loss=0.70105 errors=793/10002 exact_sentences=537/1024
2026-09-21 04:29:57 UTC completed_step=11920 elapsed_seconds=1413.58 learning_rate=0.000251445
2026-09-21 04:29:58 UTC completed_step=11936 elapsed_seconds=1415.26 learning_rate=0.000250792
2026-09-21 04:30:00 UTC completed_step=11952 elapsed_seconds=1416.94 learning_rate=0.000250141
2026-09-21 04:30:02 UTC completed_step=11968 elapsed_seconds=1418.62 learning_rate=0.00024949
2026-09-21 04:30:04 UTC completed_step=11984 elapsed_seconds=1420.3 learning_rate=0.000248839
2026-09-21 04:30:05 UTC completed_step=12000 elapsed_seconds=1421.99 learning_rate=0.000248189
2026-09-21 04:30:07 UTC completed_step=12016 elapsed_seconds=1423.67 learning_rate=0.000247539
2026-09-21 04:30:09 UTC completed_step=12032 elapsed_seconds=1425.35 learning_rate=0.00024689
2026-09-21 04:30:10 UTC step=12032 elapsed_seconds=1427.05 mean_loss=0.689306 errors=783/10002 exact_sentences=549/1024
2026-09-21 04:30:12 UTC completed_step=12048 elapsed_seconds=1428.73 learning_rate=0.000246241
2026-09-21 04:30:14 UTC completed_step=12064 elapsed_seconds=1430.41 learning_rate=0.000245593
2026-09-21 04:30:15 UTC completed_step=12080 elapsed_seconds=1432.1 learning_rate=0.000244946
2026-09-21 04:30:17 UTC completed_step=12096 elapsed_seconds=1433.78 learning_rate=0.000244299
2026-09-21 04:30:19 UTC completed_step=12112 elapsed_seconds=1435.47 learning_rate=0.000243652
2026-09-21 04:30:20 UTC completed_step=12128 elapsed_seconds=1437.15 learning_rate=0.000243006
2026-09-21 04:30:22 UTC completed_step=12144 elapsed_seconds=1438.84 learning_rate=0.000242361
2026-09-21 04:30:24 UTC completed_step=12160 elapsed_seconds=1440.52 learning_rate=0.000241716
2026-09-21 04:30:25 UTC step=12160 elapsed_seconds=1442.22 mean_loss=0.675234 errors=809/10002 exact_sentences=528/1024
2026-09-21 04:30:27 UTC completed_step=12176 elapsed_seconds=1443.91 learning_rate=0.000241072
2026-09-21 04:30:29 UTC completed_step=12192 elapsed_seconds=1445.59 learning_rate=0.000240428
2026-09-21 04:30:30 UTC completed_step=12208 elapsed_seconds=1447.27 learning_rate=0.000239785
2026-09-21 04:30:32 UTC completed_step=12224 elapsed_seconds=1448.96 learning_rate=0.000239143
2026-09-21 04:30:34 UTC completed_step=12240 elapsed_seconds=1450.64 learning_rate=0.000238501
2026-09-21 04:30:36 UTC completed_step=12256 elapsed_seconds=1452.32 learning_rate=0.000237859
2026-09-21 04:30:37 UTC completed_step=12272 elapsed_seconds=1454.01 learning_rate=0.000237219
2026-09-21 04:30:39 UTC completed_step=12288 elapsed_seconds=1455.69 learning_rate=0.000236578
2026-09-21 04:30:41 UTC step=12288 elapsed_seconds=1457.38 mean_loss=0.657037 errors=729/10002 exact_sentences=560/1024
2026-09-21 04:30:42 UTC completed_step=12304 elapsed_seconds=1459.07 learning_rate=0.000235939
2026-09-21 04:30:44 UTC completed_step=12320 elapsed_seconds=1460.75 learning_rate=0.0002353
2026-09-21 04:30:46 UTC completed_step=12336 elapsed_seconds=1462.43 learning_rate=0.000234661
2026-09-21 04:30:47 UTC completed_step=12352 elapsed_seconds=1464.11 learning_rate=0.000234024
2026-09-21 04:30:49 UTC completed_step=12368 elapsed_seconds=1465.79 learning_rate=0.000233387
2026-09-21 04:30:51 UTC completed_step=12384 elapsed_seconds=1467.48 learning_rate=0.00023275
2026-09-21 04:30:52 UTC completed_step=12400 elapsed_seconds=1469.16 learning_rate=0.000232114
2026-09-21 04:30:54 UTC completed_step=12416 elapsed_seconds=1470.84 learning_rate=0.000231479
2026-09-21 04:30:56 UTC step=12416 elapsed_seconds=1472.54 mean_loss=0.649319 errors=702/10002 exact_sentences=576/1024
2026-09-21 04:30:57 UTC completed_step=12432 elapsed_seconds=1474.23 learning_rate=0.000230844
2026-09-21 04:30:59 UTC completed_step=12448 elapsed_seconds=1475.91 learning_rate=0.00023021
2026-09-21 04:31:01 UTC completed_step=12464 elapsed_seconds=1477.59 learning_rate=0.000229577
2026-09-21 04:31:02 UTC completed_step=12480 elapsed_seconds=1479.27 learning_rate=0.000228944
2026-09-21 04:31:04 UTC completed_step=12496 elapsed_seconds=1480.95 learning_rate=0.000228312
2026-09-21 04:31:06 UTC completed_step=12512 elapsed_seconds=1482.63 learning_rate=0.000227681
2026-09-21 04:31:08 UTC completed_step=12528 elapsed_seconds=1484.31 learning_rate=0.00022705
2026-09-21 04:31:09 UTC completed_step=12544 elapsed_seconds=1485.99 learning_rate=0.00022642
2026-09-21 04:31:11 UTC step=12544 elapsed_seconds=1487.68 mean_loss=0.641504 errors=729/10002 exact_sentences=571/1024
2026-09-21 04:31:13 UTC completed_step=12560 elapsed_seconds=1489.37 learning_rate=0.00022579
2026-09-21 04:31:14 UTC completed_step=12576 elapsed_seconds=1491.05 learning_rate=0.000225161
2026-09-21 04:31:16 UTC completed_step=12592 elapsed_seconds=1492.73 learning_rate=0.000224533
2026-09-21 04:31:18 UTC completed_step=12608 elapsed_seconds=1494.41 learning_rate=0.000223906
2026-09-21 04:31:19 UTC completed_step=12624 elapsed_seconds=1496.09 learning_rate=0.000223279
2026-09-21 04:31:21 UTC completed_step=12640 elapsed_seconds=1497.77 learning_rate=0.000222653
2026-09-21 04:31:23 UTC completed_step=12656 elapsed_seconds=1499.45 learning_rate=0.000222027
2026-09-21 04:31:24 UTC completed_step=12672 elapsed_seconds=1501.13 learning_rate=0.000221403
2026-09-21 04:31:26 UTC step=12672 elapsed_seconds=1502.83 mean_loss=0.612523 errors=668/10002 exact_sentences=592/1024
2026-09-21 04:31:28 UTC completed_step=12688 elapsed_seconds=1504.51 learning_rate=0.000220779
2026-09-21 04:31:29 UTC completed_step=12704 elapsed_seconds=1506.2 learning_rate=0.000220155
2026-09-21 04:31:31 UTC completed_step=12720 elapsed_seconds=1507.88 learning_rate=0.000219532
2026-09-21 04:31:33 UTC completed_step=12736 elapsed_seconds=1509.56 learning_rate=0.000218911
2026-09-21 04:31:34 UTC completed_step=12752 elapsed_seconds=1511.24 learning_rate=0.000218289
2026-09-21 04:31:36 UTC completed_step=12768 elapsed_seconds=1512.92 learning_rate=0.000217669
2026-09-21 04:31:38 UTC completed_step=12784 elapsed_seconds=1514.6 learning_rate=0.000217049
2026-09-21 04:31:39 UTC completed_step=12800 elapsed_seconds=1516.28 learning_rate=0.00021643
2026-09-21 04:31:41 UTC step=12800 elapsed_seconds=1517.97 mean_loss=0.596913 errors=650/10002 exact_sentences=597/1024
2026-09-21 04:31:43 UTC completed_step=12816 elapsed_seconds=1519.66 learning_rate=0.000215812
2026-09-21 04:31:45 UTC completed_step=12832 elapsed_seconds=1521.34 learning_rate=0.000215194
2026-09-21 04:31:46 UTC completed_step=12848 elapsed_seconds=1523.03 learning_rate=0.000214577
2026-09-21 04:31:48 UTC completed_step=12864 elapsed_seconds=1524.71 learning_rate=0.000213961
2026-09-21 04:31:50 UTC completed_step=12880 elapsed_seconds=1526.4 learning_rate=0.000213345
2026-09-21 04:31:51 UTC completed_step=12896 elapsed_seconds=1528.08 learning_rate=0.000212731
2026-09-21 04:31:53 UTC completed_step=12912 elapsed_seconds=1529.76 learning_rate=0.000212117
2026-09-21 04:31:55 UTC completed_step=12928 elapsed_seconds=1531.44 learning_rate=0.000211504
2026-09-21 04:31:56 UTC step=12928 elapsed_seconds=1533.14 mean_loss=0.590083 errors=600/10002 exact_sentences=623/1024
2026-09-21 04:31:58 UTC completed_step=12944 elapsed_seconds=1534.83 learning_rate=0.000210891
2026-09-21 04:32:00 UTC completed_step=12960 elapsed_seconds=1536.51 learning_rate=0.000210279
2026-09-21 04:32:01 UTC completed_step=12976 elapsed_seconds=1538.19 learning_rate=0.000209669
2026-09-21 04:32:03 UTC completed_step=12992 elapsed_seconds=1539.87 learning_rate=0.000209058
2026-09-21 04:32:05 UTC completed_step=13008 elapsed_seconds=1541.56 learning_rate=0.000208449
2026-09-21 04:32:06 UTC completed_step=13024 elapsed_seconds=1543.24 learning_rate=0.000207841
2026-09-21 04:32:08 UTC completed_step=13040 elapsed_seconds=1544.92 learning_rate=0.000207233
2026-09-21 04:32:10 UTC completed_step=13056 elapsed_seconds=1546.6 learning_rate=0.000206626
2026-09-21 04:32:12 UTC step=13056 elapsed_seconds=1548.3 mean_loss=0.573395 errors=603/10002 exact_sentences=624/1024
2026-09-21 04:32:13 UTC completed_step=13072 elapsed_seconds=1549.98 learning_rate=0.000206019
2026-09-21 04:32:15 UTC completed_step=13088 elapsed_seconds=1551.66 learning_rate=0.000205414
2026-09-21 04:32:17 UTC completed_step=13104 elapsed_seconds=1553.35 learning_rate=0.000204809
2026-09-21 04:32:18 UTC completed_step=13120 elapsed_seconds=1555.03 learning_rate=0.000204205
2026-09-21 04:32:20 UTC completed_step=13136 elapsed_seconds=1556.71 learning_rate=0.000203602
2026-09-21 04:32:22 UTC completed_step=13152 elapsed_seconds=1558.4 learning_rate=0.000203
2026-09-21 04:32:23 UTC completed_step=13168 elapsed_seconds=1560.08 learning_rate=0.000202399
2026-09-21 04:32:25 UTC completed_step=13184 elapsed_seconds=1561.76 learning_rate=0.000201798
2026-09-21 04:32:27 UTC step=13184 elapsed_seconds=1563.45 mean_loss=0.575493 errors=650/10002 exact_sentences=611/1024
2026-09-21 04:32:28 UTC completed_step=13200 elapsed_seconds=1565.14 learning_rate=0.000201198
2026-09-21 04:32:30 UTC completed_step=13216 elapsed_seconds=1566.83 learning_rate=0.000200599
2026-09-21 04:32:32 UTC completed_step=13232 elapsed_seconds=1568.51 learning_rate=0.000200001
2026-09-21 04:32:33 UTC completed_step=13248 elapsed_seconds=1570.19 learning_rate=0.000199404
2026-09-21 04:32:35 UTC completed_step=13264 elapsed_seconds=1571.88 learning_rate=0.000198807
2026-09-21 04:32:37 UTC completed_step=13280 elapsed_seconds=1573.56 learning_rate=0.000198212
2026-09-21 04:32:38 UTC completed_step=13296 elapsed_seconds=1575.24 learning_rate=0.000197617
2026-09-21 04:32:40 UTC completed_step=13312 elapsed_seconds=1576.93 learning_rate=0.000197023
2026-09-21 04:32:42 UTC step=13312 elapsed_seconds=1578.62 mean_loss=0.546503 errors=540/10002 exact_sentences=653/1024
2026-09-21 04:32:44 UTC completed_step=13328 elapsed_seconds=1580.32 learning_rate=0.00019643
2026-09-21 04:32:45 UTC completed_step=13344 elapsed_seconds=1582 learning_rate=0.000195838
2026-09-21 04:32:47 UTC completed_step=13360 elapsed_seconds=1583.68 learning_rate=0.000195246
2026-09-21 04:32:49 UTC completed_step=13376 elapsed_seconds=1585.37 learning_rate=0.000194656
2026-09-21 04:32:50 UTC completed_step=13392 elapsed_seconds=1587.05 learning_rate=0.000194066
2026-09-21 04:32:52 UTC completed_step=13408 elapsed_seconds=1588.74 learning_rate=0.000193477
2026-09-21 04:32:54 UTC completed_step=13424 elapsed_seconds=1590.42 learning_rate=0.000192889
2026-09-21 04:32:55 UTC completed_step=13440 elapsed_seconds=1592.11 learning_rate=0.000192302
2026-09-21 04:32:57 UTC step=13440 elapsed_seconds=1593.81 mean_loss=0.532689 errors=534/10002 exact_sentences=659/1024
2026-09-21 04:32:59 UTC completed_step=13456 elapsed_seconds=1595.5 learning_rate=0.000191716
2026-09-21 04:33:00 UTC completed_step=13472 elapsed_seconds=1597.18 learning_rate=0.000191131
2026-09-21 04:33:02 UTC completed_step=13488 elapsed_seconds=1598.87 learning_rate=0.000190546
2026-09-21 04:33:04 UTC completed_step=13504 elapsed_seconds=1600.55 learning_rate=0.000189963
2026-09-21 04:33:05 UTC completed_step=13520 elapsed_seconds=1602.23 learning_rate=0.00018938
2026-09-21 04:33:07 UTC completed_step=13536 elapsed_seconds=1603.91 learning_rate=0.000188798
2026-09-21 04:33:09 UTC completed_step=13552 elapsed_seconds=1605.6 learning_rate=0.000188217
2026-09-21 04:33:10 UTC completed_step=13568 elapsed_seconds=1607.28 learning_rate=0.000187637
2026-09-21 04:33:12 UTC step=13568 elapsed_seconds=1608.98 mean_loss=0.527221 errors=515/10002 exact_sentences=667/1024
2026-09-21 04:33:14 UTC completed_step=13584 elapsed_seconds=1610.66 learning_rate=0.000187058
2026-09-21 04:33:16 UTC completed_step=13600 elapsed_seconds=1612.34 learning_rate=0.00018648
2026-09-21 04:33:17 UTC completed_step=13616 elapsed_seconds=1614.03 learning_rate=0.000185903
2026-09-21 04:33:19 UTC completed_step=13632 elapsed_seconds=1615.71 learning_rate=0.000185327
2026-09-21 04:33:21 UTC completed_step=13648 elapsed_seconds=1617.39 learning_rate=0.000184751
2026-09-21 04:33:22 UTC completed_step=13664 elapsed_seconds=1619.08 learning_rate=0.000184177
2026-09-21 04:33:24 UTC completed_step=13680 elapsed_seconds=1620.76 learning_rate=0.000183603
2026-09-21 04:33:26 UTC completed_step=13696 elapsed_seconds=1622.44 learning_rate=0.000183031
2026-09-21 04:33:27 UTC step=13696 elapsed_seconds=1624.15 mean_loss=0.512811 errors=497/10002 exact_sentences=681/1024
2026-09-21 04:33:29 UTC completed_step=13712 elapsed_seconds=1625.84 learning_rate=0.000182459
2026-09-21 04:33:31 UTC completed_step=13728 elapsed_seconds=1627.53 learning_rate=0.000181889
2026-09-21 04:33:32 UTC completed_step=13744 elapsed_seconds=1629.21 learning_rate=0.000181319
2026-09-21 04:33:34 UTC completed_step=13760 elapsed_seconds=1630.9 learning_rate=0.00018075
2026-09-21 04:33:36 UTC completed_step=13776 elapsed_seconds=1632.58 learning_rate=0.000180182
2026-09-21 04:33:37 UTC completed_step=13792 elapsed_seconds=1634.27 learning_rate=0.000179615
2026-09-21 04:33:39 UTC completed_step=13808 elapsed_seconds=1635.95 learning_rate=0.000179049
2026-09-21 04:33:41 UTC completed_step=13824 elapsed_seconds=1637.63 learning_rate=0.000178484
2026-09-21 04:33:43 UTC step=13824 elapsed_seconds=1639.34 mean_loss=0.505293 errors=468/10002 exact_sentences=698/1024
2026-09-21 04:33:44 UTC completed_step=13840 elapsed_seconds=1641.04 learning_rate=0.00017792
2026-09-21 04:33:46 UTC completed_step=13856 elapsed_seconds=1642.72 learning_rate=0.000177357
2026-09-21 04:33:48 UTC completed_step=13872 elapsed_seconds=1644.4 learning_rate=0.000176795
2026-09-21 04:33:49 UTC completed_step=13888 elapsed_seconds=1646.09 learning_rate=0.000176234
2026-09-21 04:33:51 UTC completed_step=13904 elapsed_seconds=1647.77 learning_rate=0.000175674
2026-09-21 04:33:53 UTC completed_step=13920 elapsed_seconds=1649.45 learning_rate=0.000175115
2026-09-21 04:33:54 UTC completed_step=13936 elapsed_seconds=1651.13 learning_rate=0.000174557
2026-09-21 04:33:56 UTC completed_step=13952 elapsed_seconds=1652.81 learning_rate=0.000174
2026-09-21 04:33:58 UTC step=13952 elapsed_seconds=1654.51 mean_loss=0.490513 errors=448/10002 exact_sentences=709/1024
2026-09-21 04:33:59 UTC completed_step=13968 elapsed_seconds=1656.2 learning_rate=0.000173444
2026-09-21 04:34:01 UTC completed_step=13984 elapsed_seconds=1657.88 learning_rate=0.000172888
2026-09-21 04:34:03 UTC completed_step=14000 elapsed_seconds=1659.56 learning_rate=0.000172334
2026-09-21 04:34:04 UTC completed_step=14016 elapsed_seconds=1661.24 learning_rate=0.000171781
2026-09-21 04:34:06 UTC completed_step=14032 elapsed_seconds=1662.92 learning_rate=0.000171229
2026-09-21 04:34:08 UTC completed_step=14048 elapsed_seconds=1664.61 learning_rate=0.000170678
2026-09-21 04:34:09 UTC completed_step=14064 elapsed_seconds=1666.29 learning_rate=0.000170128
2026-09-21 04:34:11 UTC completed_step=14080 elapsed_seconds=1667.97 learning_rate=0.000169579
2026-09-21 04:34:13 UTC step=14080 elapsed_seconds=1669.67 mean_loss=0.484246 errors=444/10002 exact_sentences=703/1024
2026-09-21 04:34:15 UTC completed_step=14096 elapsed_seconds=1671.35 learning_rate=0.000169031
2026-09-21 04:34:16 UTC completed_step=14112 elapsed_seconds=1673.03 learning_rate=0.000168484
2026-09-21 04:34:18 UTC completed_step=14128 elapsed_seconds=1674.71 learning_rate=0.000167938
2026-09-21 04:34:20 UTC completed_step=14144 elapsed_seconds=1676.4 learning_rate=0.000167393
2026-09-21 04:34:21 UTC completed_step=14160 elapsed_seconds=1678.08 learning_rate=0.000166849
2026-09-21 04:34:23 UTC completed_step=14176 elapsed_seconds=1679.76 learning_rate=0.000166306
2026-09-21 04:34:25 UTC completed_step=14192 elapsed_seconds=1681.44 learning_rate=0.000165764
2026-09-21 04:34:26 UTC completed_step=14208 elapsed_seconds=1683.12 learning_rate=0.000165223
2026-09-21 04:34:28 UTC step=14208 elapsed_seconds=1684.85 mean_loss=0.471757 errors=425/10002 exact_sentences=721/1024
2026-09-21 04:34:30 UTC completed_step=14224 elapsed_seconds=1686.53 learning_rate=0.000164684
2026-09-21 04:34:31 UTC completed_step=14240 elapsed_seconds=1688.22 learning_rate=0.000164145
2026-09-21 04:34:33 UTC completed_step=14256 elapsed_seconds=1689.9 learning_rate=0.000163607
2026-09-21 04:34:35 UTC completed_step=14272 elapsed_seconds=1691.59 learning_rate=0.000163071
2026-09-21 04:34:36 UTC completed_step=14288 elapsed_seconds=1693.27 learning_rate=0.000162535
2026-09-21 04:34:38 UTC completed_step=14304 elapsed_seconds=1694.95 learning_rate=0.000162001
2026-09-21 04:34:40 UTC completed_step=14320 elapsed_seconds=1696.63 learning_rate=0.000161467
2026-09-21 04:34:42 UTC completed_step=14336 elapsed_seconds=1698.32 learning_rate=0.000160935
2026-09-21 04:34:43 UTC step=14336 elapsed_seconds=1700.01 mean_loss=0.46604 errors=426/10002 exact_sentences=717/1024
2026-09-21 04:34:45 UTC completed_step=14352 elapsed_seconds=1701.7 learning_rate=0.000160404
2026-09-21 04:34:47 UTC completed_step=14368 elapsed_seconds=1703.39 learning_rate=0.000159874
2026-09-21 04:34:48 UTC completed_step=14384 elapsed_seconds=1705.08 learning_rate=0.000159345
2026-09-21 04:34:50 UTC completed_step=14400 elapsed_seconds=1706.76 learning_rate=0.000158817
2026-09-21 04:34:52 UTC completed_step=14416 elapsed_seconds=1708.44 learning_rate=0.00015829
2026-09-21 04:34:53 UTC completed_step=14432 elapsed_seconds=1710.13 learning_rate=0.000157764
2026-09-21 04:34:55 UTC completed_step=14448 elapsed_seconds=1711.81 learning_rate=0.00015724
2026-09-21 04:34:57 UTC completed_step=14464 elapsed_seconds=1713.49 learning_rate=0.000156716
2026-09-21 04:34:58 UTC step=14464 elapsed_seconds=1715.19 mean_loss=0.452229 errors=408/10002 exact_sentences=729/1024
2026-09-21 04:35:00 UTC completed_step=14480 elapsed_seconds=1716.87 learning_rate=0.000156194
2026-09-21 04:35:02 UTC completed_step=14496 elapsed_seconds=1718.56 learning_rate=0.000155672
2026-09-21 04:35:03 UTC completed_step=14512 elapsed_seconds=1720.24 learning_rate=0.000155152
2026-09-21 04:35:05 UTC completed_step=14528 elapsed_seconds=1721.92 learning_rate=0.000154633
2026-09-21 04:35:07 UTC completed_step=14544 elapsed_seconds=1723.61 learning_rate=0.000154115
2026-09-21 04:35:08 UTC completed_step=14560 elapsed_seconds=1725.29 learning_rate=0.000153598
2026-09-21 04:35:10 UTC completed_step=14576 elapsed_seconds=1726.97 learning_rate=0.000153082
2026-09-21 04:35:12 UTC completed_step=14592 elapsed_seconds=1728.66 learning_rate=0.000152568
2026-09-21 04:35:14 UTC step=14592 elapsed_seconds=1730.37 mean_loss=0.443461 errors=367/10002 exact_sentences=757/1024
2026-09-21 04:35:15 UTC completed_step=14608 elapsed_seconds=1732.06 learning_rate=0.000152054
2026-09-21 04:35:17 UTC completed_step=14624 elapsed_seconds=1733.74 learning_rate=0.000151542
2026-09-21 04:35:19 UTC completed_step=14640 elapsed_seconds=1735.42 learning_rate=0.000151031
2026-09-21 04:35:20 UTC completed_step=14656 elapsed_seconds=1737.11 learning_rate=0.00015052
2026-09-21 04:35:22 UTC completed_step=14672 elapsed_seconds=1738.79 learning_rate=0.000150012
2026-09-21 04:35:24 UTC completed_step=14688 elapsed_seconds=1740.47 learning_rate=0.000149504
2026-09-21 04:35:25 UTC completed_step=14704 elapsed_seconds=1742.15 learning_rate=0.000148997
2026-09-21 04:35:27 UTC completed_step=14720 elapsed_seconds=1743.84 learning_rate=0.000148492
2026-09-21 04:35:29 UTC step=14720 elapsed_seconds=1745.55 mean_loss=0.437836 errors=357/10002 exact_sentences=763/1024
2026-09-21 04:35:30 UTC completed_step=14736 elapsed_seconds=1747.23 learning_rate=0.000147987
2026-09-21 04:35:32 UTC completed_step=14752 elapsed_seconds=1748.91 learning_rate=0.000147484
2026-09-21 04:35:34 UTC completed_step=14768 elapsed_seconds=1750.6 learning_rate=0.000146982
2026-09-21 04:35:35 UTC completed_step=14784 elapsed_seconds=1752.28 learning_rate=0.000146481
2026-09-21 04:35:37 UTC completed_step=14800 elapsed_seconds=1753.96 learning_rate=0.000145982
2026-09-21 04:35:39 UTC completed_step=14816 elapsed_seconds=1755.64 learning_rate=0.000145483
2026-09-21 04:35:41 UTC completed_step=14832 elapsed_seconds=1757.32 learning_rate=0.000144986
2026-09-21 04:35:42 UTC completed_step=14848 elapsed_seconds=1759 learning_rate=0.00014449
2026-09-21 04:35:44 UTC step=14848 elapsed_seconds=1760.7 mean_loss=0.426872 errors=343/10002 exact_sentences=762/1024
2026-09-21 04:35:46 UTC completed_step=14864 elapsed_seconds=1762.39 learning_rate=0.000143995
2026-09-21 04:35:47 UTC completed_step=14880 elapsed_seconds=1764.07 learning_rate=0.000143501
2026-09-21 04:35:49 UTC completed_step=14896 elapsed_seconds=1765.75 learning_rate=0.000143009
2026-09-21 04:35:51 UTC completed_step=14912 elapsed_seconds=1767.44 learning_rate=0.000142517
2026-09-21 04:35:52 UTC completed_step=14928 elapsed_seconds=1769.12 learning_rate=0.000142027
2026-09-21 04:35:54 UTC completed_step=14944 elapsed_seconds=1770.8 learning_rate=0.000141538
2026-09-21 04:35:56 UTC completed_step=14960 elapsed_seconds=1772.48 learning_rate=0.00014105
2026-09-21 04:35:57 UTC completed_step=14976 elapsed_seconds=1774.16 learning_rate=0.000140564
2026-09-21 04:35:59 UTC step=14976 elapsed_seconds=1775.86 mean_loss=0.423778 errors=348/10002 exact_sentences=767/1024
2026-09-21 04:36:01 UTC completed_step=14992 elapsed_seconds=1777.55 learning_rate=0.000140078
2026-09-21 04:36:02 UTC completed_step=15008 elapsed_seconds=1779.23 learning_rate=0.000139594
2026-09-21 04:36:04 UTC completed_step=15024 elapsed_seconds=1780.92 learning_rate=0.000139111
2026-09-21 04:36:06 UTC completed_step=15040 elapsed_seconds=1782.6 learning_rate=0.00013863
2026-09-21 04:36:07 UTC completed_step=15056 elapsed_seconds=1784.28 learning_rate=0.000138149
2026-09-21 04:36:09 UTC completed_step=15072 elapsed_seconds=1785.96 learning_rate=0.00013767
2026-09-21 04:36:11 UTC completed_step=15088 elapsed_seconds=1787.64 learning_rate=0.000137192
2026-09-21 04:36:13 UTC completed_step=15104 elapsed_seconds=1789.33 learning_rate=0.000136715
2026-09-21 04:36:14 UTC step=15104 elapsed_seconds=1791.02 mean_loss=0.413903 errors=320/10002 exact_sentences=789/1024
2026-09-21 04:36:16 UTC completed_step=15120 elapsed_seconds=1792.71 learning_rate=0.000136239
2026-09-21 04:36:18 UTC completed_step=15136 elapsed_seconds=1794.39 learning_rate=0.000135765
2026-09-21 04:36:19 UTC completed_step=15152 elapsed_seconds=1796.07 learning_rate=0.000135292
2026-09-21 04:36:21 UTC completed_step=15168 elapsed_seconds=1797.76 learning_rate=0.00013482
2026-09-21 04:36:23 UTC completed_step=15184 elapsed_seconds=1799.44 learning_rate=0.00013435
2026-09-21 04:36:24 UTC completed_step=15200 elapsed_seconds=1801.13 learning_rate=0.00013388
2026-09-21 04:36:26 UTC completed_step=15216 elapsed_seconds=1802.81 learning_rate=0.000133412
2026-09-21 04:36:28 UTC completed_step=15232 elapsed_seconds=1804.49 learning_rate=0.000132945
2026-09-21 04:36:29 UTC step=15232 elapsed_seconds=1806.19 mean_loss=0.405894 errors=338/10002 exact_sentences=772/1024
2026-09-21 04:36:31 UTC completed_step=15248 elapsed_seconds=1807.88 learning_rate=0.00013248
2026-09-21 04:36:33 UTC completed_step=15264 elapsed_seconds=1809.57 learning_rate=0.000132015
2026-09-21 04:36:34 UTC completed_step=15280 elapsed_seconds=1811.25 learning_rate=0.000131552
2026-09-21 04:36:36 UTC completed_step=15296 elapsed_seconds=1812.93 learning_rate=0.00013109
2026-09-21 04:36:38 UTC completed_step=15312 elapsed_seconds=1814.61 learning_rate=0.00013063
2026-09-21 04:36:40 UTC completed_step=15328 elapsed_seconds=1816.3 learning_rate=0.000130171
2026-09-21 04:36:41 UTC completed_step=15344 elapsed_seconds=1817.98 learning_rate=0.000129713
2026-09-21 04:36:43 UTC completed_step=15360 elapsed_seconds=1819.66 learning_rate=0.000129256
2026-09-21 04:36:45 UTC step=15360 elapsed_seconds=1821.35 mean_loss=0.399709 errors=312/10002 exact_sentences=790/1024
2026-09-21 04:36:46 UTC completed_step=15376 elapsed_seconds=1823.05 learning_rate=0.0001288
2026-09-21 04:36:48 UTC completed_step=15392 elapsed_seconds=1824.73 learning_rate=0.000128346
2026-09-21 04:36:50 UTC completed_step=15408 elapsed_seconds=1826.41 learning_rate=0.000127893
2026-09-21 04:36:51 UTC completed_step=15424 elapsed_seconds=1828.09 learning_rate=0.000127442
2026-09-21 04:36:53 UTC completed_step=15440 elapsed_seconds=1829.78 learning_rate=0.000126992
2026-09-21 04:36:55 UTC completed_step=15456 elapsed_seconds=1831.46 learning_rate=0.000126543
2026-09-21 04:36:56 UTC completed_step=15472 elapsed_seconds=1833.14 learning_rate=0.000126095
2026-09-21 04:36:58 UTC completed_step=15488 elapsed_seconds=1834.82 learning_rate=0.000125648
2026-09-21 04:37:00 UTC step=15488 elapsed_seconds=1836.51 mean_loss=0.387121 errors=289/10002 exact_sentences=805/1024
2026-09-21 04:37:01 UTC completed_step=15504 elapsed_seconds=1838.2 learning_rate=0.000125203
2026-09-21 04:37:03 UTC completed_step=15520 elapsed_seconds=1839.89 learning_rate=0.00012476
2026-09-21 04:37:05 UTC completed_step=15536 elapsed_seconds=1841.57 learning_rate=0.000124317
2026-09-21 04:37:06 UTC completed_step=15552 elapsed_seconds=1843.25 learning_rate=0.000123876
2026-09-21 04:37:08 UTC completed_step=15568 elapsed_seconds=1844.93 learning_rate=0.000123436
2026-09-21 04:37:10 UTC completed_step=15584 elapsed_seconds=1846.61 learning_rate=0.000122998
2026-09-21 04:37:12 UTC completed_step=15600 elapsed_seconds=1848.3 learning_rate=0.00012256
2026-09-21 04:37:13 UTC completed_step=15616 elapsed_seconds=1849.98 learning_rate=0.000122125
2026-09-21 04:37:15 UTC step=15616 elapsed_seconds=1851.68 mean_loss=0.38509 errors=284/10002 exact_sentences=805/1024
2026-09-21 04:37:17 UTC completed_step=15632 elapsed_seconds=1853.36 learning_rate=0.00012169
2026-09-21 04:37:18 UTC completed_step=15648 elapsed_seconds=1855.05 learning_rate=0.000121257
2026-09-21 04:37:20 UTC completed_step=15664 elapsed_seconds=1856.73 learning_rate=0.000120825
2026-09-21 04:37:22 UTC completed_step=15680 elapsed_seconds=1858.41 learning_rate=0.000120394
2026-09-21 04:37:23 UTC completed_step=15696 elapsed_seconds=1860.1 learning_rate=0.000119965
2026-09-21 04:37:25 UTC completed_step=15712 elapsed_seconds=1861.78 learning_rate=0.000119537
2026-09-21 04:37:27 UTC completed_step=15728 elapsed_seconds=1863.46 learning_rate=0.000119111
2026-09-21 04:37:28 UTC completed_step=15744 elapsed_seconds=1865.15 learning_rate=0.000118685
2026-09-21 04:37:30 UTC step=15744 elapsed_seconds=1866.83 mean_loss=0.377866 errors=267/10002 exact_sentences=817/1024
2026-09-21 04:37:32 UTC completed_step=15760 elapsed_seconds=1868.52 learning_rate=0.000118262
2026-09-21 04:37:33 UTC completed_step=15776 elapsed_seconds=1870.2 learning_rate=0.000117839
2026-09-21 04:37:35 UTC completed_step=15792 elapsed_seconds=1871.89 learning_rate=0.000117418
2026-09-21 04:37:37 UTC completed_step=15808 elapsed_seconds=1873.57 learning_rate=0.000116998
2026-09-21 04:37:38 UTC completed_step=15824 elapsed_seconds=1875.25 learning_rate=0.00011658
2026-09-21 04:37:40 UTC completed_step=15840 elapsed_seconds=1876.94 learning_rate=0.000116163
2026-09-21 04:37:42 UTC completed_step=15856 elapsed_seconds=1878.62 learning_rate=0.000115747
2026-09-21 04:37:44 UTC completed_step=15872 elapsed_seconds=1880.31 learning_rate=0.000115333
2026-09-21 04:37:45 UTC step=15872 elapsed_seconds=1882 mean_loss=0.368691 errors=260/10002 exact_sentences=821/1024
2026-09-21 04:37:47 UTC completed_step=15888 elapsed_seconds=1883.68 learning_rate=0.00011492
2026-09-21 04:37:49 UTC completed_step=15904 elapsed_seconds=1885.37 learning_rate=0.000114508
2026-09-21 04:37:50 UTC completed_step=15920 elapsed_seconds=1887.05 learning_rate=0.000114098
2026-09-21 04:37:52 UTC completed_step=15936 elapsed_seconds=1888.73 learning_rate=0.000113689
2026-09-21 04:37:54 UTC completed_step=15952 elapsed_seconds=1890.41 learning_rate=0.000113282
2026-09-21 04:37:55 UTC completed_step=15968 elapsed_seconds=1892.09 learning_rate=0.000112876
2026-09-21 04:37:57 UTC completed_step=15984 elapsed_seconds=1893.77 learning_rate=0.000112471
2026-09-21 04:37:59 UTC completed_step=16000 elapsed_seconds=1895.46 learning_rate=0.000112068
2026-09-21 04:38:00 UTC step=16000 elapsed_seconds=1897.16 mean_loss=0.36252 errors=245/10002 exact_sentences=822/1024
2026-09-21 04:38:02 UTC completed_step=16016 elapsed_seconds=1898.85 learning_rate=0.000111666
2026-09-21 04:38:04 UTC completed_step=16032 elapsed_seconds=1900.53 learning_rate=0.000111265
2026-09-21 04:38:05 UTC completed_step=16048 elapsed_seconds=1902.21 learning_rate=0.000110866
2026-09-21 04:38:07 UTC completed_step=16064 elapsed_seconds=1903.9 learning_rate=0.000110468
2026-09-21 04:38:09 UTC completed_step=16080 elapsed_seconds=1905.58 learning_rate=0.000110072
2026-09-21 04:38:10 UTC completed_step=16096 elapsed_seconds=1907.26 learning_rate=0.000109677
2026-09-21 04:38:12 UTC completed_step=16112 elapsed_seconds=1908.94 learning_rate=0.000109284
2026-09-21 04:38:14 UTC completed_step=16128 elapsed_seconds=1910.62 learning_rate=0.000108891
2026-09-21 04:38:16 UTC step=16128 elapsed_seconds=1912.32 mean_loss=0.35428 errors=228/10002 exact_sentences=839/1024
2026-09-21 04:38:17 UTC completed_step=16144 elapsed_seconds=1914.01 learning_rate=0.000108501
2026-09-21 04:38:19 UTC completed_step=16160 elapsed_seconds=1915.69 learning_rate=0.000108111
2026-09-21 04:38:21 UTC completed_step=16176 elapsed_seconds=1917.37 learning_rate=0.000107724
2026-09-21 04:38:22 UTC completed_step=16192 elapsed_seconds=1919.05 learning_rate=0.000107337
2026-09-21 04:38:24 UTC completed_step=16208 elapsed_seconds=1920.74 learning_rate=0.000106952
2026-09-21 04:38:26 UTC completed_step=16224 elapsed_seconds=1922.42 learning_rate=0.000106569
2026-09-21 04:38:27 UTC completed_step=16240 elapsed_seconds=1924.1 learning_rate=0.000106186
2026-09-21 04:38:29 UTC completed_step=16256 elapsed_seconds=1925.79 learning_rate=0.000105806
2026-09-21 04:38:31 UTC step=16256 elapsed_seconds=1927.49 mean_loss=0.348419 errors=235/10002 exact_sentences=835/1024
2026-09-21 04:38:32 UTC completed_step=16272 elapsed_seconds=1929.18 learning_rate=0.000105426
2026-09-21 04:38:34 UTC completed_step=16288 elapsed_seconds=1930.86 learning_rate=0.000105048
2026-09-21 04:38:36 UTC completed_step=16304 elapsed_seconds=1932.54 learning_rate=0.000104672
2026-09-21 04:38:37 UTC completed_step=16320 elapsed_seconds=1934.22 learning_rate=0.000104297
2026-09-21 04:38:39 UTC completed_step=16336 elapsed_seconds=1935.91 learning_rate=0.000103923
2026-09-21 04:38:41 UTC completed_step=16352 elapsed_seconds=1937.59 learning_rate=0.000103551
2026-09-21 04:38:42 UTC completed_step=16368 elapsed_seconds=1939.27 learning_rate=0.000103181
2026-09-21 04:38:44 UTC completed_step=16384 elapsed_seconds=1940.95 learning_rate=0.000102811
2026-09-21 04:38:46 UTC step=16384 elapsed_seconds=1942.69 mean_loss=0.344426 errors=220/10002 exact_sentences=841/1024
2026-09-21 04:38:48 UTC completed_step=16400 elapsed_seconds=1944.38 learning_rate=0.000102443
2026-09-21 04:38:49 UTC completed_step=16416 elapsed_seconds=1946.06 learning_rate=0.000102077
2026-09-21 04:38:51 UTC completed_step=16432 elapsed_seconds=1947.74 learning_rate=0.000101712
2026-09-21 04:38:53 UTC completed_step=16448 elapsed_seconds=1949.43 learning_rate=0.000101349
2026-09-21 04:38:54 UTC completed_step=16464 elapsed_seconds=1951.11 learning_rate=0.000100987
2026-09-21 04:38:56 UTC completed_step=16480 elapsed_seconds=1952.8 learning_rate=0.000100626
2026-09-21 04:38:58 UTC completed_step=16496 elapsed_seconds=1954.49 learning_rate=0.000100267
2026-09-21 04:38:59 UTC completed_step=16512 elapsed_seconds=1956.17 learning_rate=9.99097e-05
2026-09-21 04:39:01 UTC step=16512 elapsed_seconds=1957.88 mean_loss=0.341302 errors=202/10002 exact_sentences=854/1024
2026-09-21 04:39:03 UTC completed_step=16528 elapsed_seconds=1959.56 learning_rate=9.95536e-05
2026-09-21 04:39:04 UTC completed_step=16544 elapsed_seconds=1961.25 learning_rate=9.9199e-05
2026-09-21 04:39:06 UTC completed_step=16560 elapsed_seconds=1962.93 learning_rate=9.88458e-05
2026-09-21 04:39:08 UTC completed_step=16576 elapsed_seconds=1964.61 learning_rate=9.84941e-05
2026-09-21 04:39:09 UTC completed_step=16592 elapsed_seconds=1966.29 learning_rate=9.81439e-05
2026-09-21 04:39:11 UTC completed_step=16608 elapsed_seconds=1967.98 learning_rate=9.77952e-05
2026-09-21 04:39:13 UTC completed_step=16624 elapsed_seconds=1969.66 learning_rate=9.74479e-05
2026-09-21 04:39:15 UTC completed_step=16640 elapsed_seconds=1971.35 learning_rate=9.71021e-05
2026-09-21 04:39:16 UTC step=16640 elapsed_seconds=1973.05 mean_loss=0.334732 errors=217/10002 exact_sentences=848/1024
2026-09-21 04:39:18 UTC completed_step=16656 elapsed_seconds=1974.74 learning_rate=9.67579e-05
2026-09-21 04:39:20 UTC completed_step=16672 elapsed_seconds=1976.43 learning_rate=9.64151e-05
2026-09-21 04:39:21 UTC completed_step=16688 elapsed_seconds=1978.11 learning_rate=9.60737e-05
2026-09-21 04:39:23 UTC completed_step=16704 elapsed_seconds=1979.79 learning_rate=9.57339e-05
2026-09-21 04:39:25 UTC completed_step=16720 elapsed_seconds=1981.48 learning_rate=9.53956e-05
2026-09-21 04:39:26 UTC completed_step=16736 elapsed_seconds=1983.16 learning_rate=9.50588e-05
2026-09-21 04:39:28 UTC completed_step=16752 elapsed_seconds=1984.85 learning_rate=9.47235e-05
2026-09-21 04:39:30 UTC completed_step=16768 elapsed_seconds=1986.53 learning_rate=9.43896e-05
2026-09-21 04:39:31 UTC step=16768 elapsed_seconds=1988.23 mean_loss=0.331899 errors=208/10002 exact_sentences=853/1024
2026-09-21 04:39:33 UTC completed_step=16784 elapsed_seconds=1989.92 learning_rate=9.40573e-05
2026-09-21 04:39:35 UTC completed_step=16800 elapsed_seconds=1991.6 learning_rate=9.37265e-05
2026-09-21 04:39:36 UTC completed_step=16816 elapsed_seconds=1993.29 learning_rate=9.33972e-05
2026-09-21 04:39:38 UTC completed_step=16832 elapsed_seconds=1994.97 learning_rate=9.30694e-05
2026-09-21 04:39:40 UTC completed_step=16848 elapsed_seconds=1996.65 learning_rate=9.27431e-05
2026-09-21 04:39:42 UTC completed_step=16864 elapsed_seconds=1998.34 learning_rate=9.24183e-05
2026-09-21 04:39:43 UTC completed_step=16880 elapsed_seconds=2000.02 learning_rate=9.20951e-05
2026-09-21 04:39:45 UTC completed_step=16896 elapsed_seconds=2001.71 learning_rate=9.17733e-05
2026-09-21 04:39:47 UTC step=16896 elapsed_seconds=2003.41 mean_loss=0.326694 errors=191/10002 exact_sentences=865/1024
2026-09-21 04:39:48 UTC completed_step=16912 elapsed_seconds=2005.1 learning_rate=9.14531e-05
2026-09-21 04:39:50 UTC completed_step=16928 elapsed_seconds=2006.78 learning_rate=9.11344e-05
2026-09-21 04:39:52 UTC completed_step=16944 elapsed_seconds=2008.47 learning_rate=9.08173e-05
2026-09-21 04:39:53 UTC completed_step=16960 elapsed_seconds=2010.15 learning_rate=9.05016e-05
2026-09-21 04:39:55 UTC completed_step=16976 elapsed_seconds=2011.83 learning_rate=9.01875e-05
2026-09-21 04:39:57 UTC completed_step=16992 elapsed_seconds=2013.51 learning_rate=8.98749e-05
2026-09-21 04:39:58 UTC completed_step=17008 elapsed_seconds=2015.19 learning_rate=8.95638e-05
2026-09-21 04:40:00 UTC completed_step=17024 elapsed_seconds=2016.88 learning_rate=8.92543e-05
2026-09-21 04:40:02 UTC step=17024 elapsed_seconds=2018.58 mean_loss=0.322572 errors=196/10002 exact_sentences=863/1024
2026-09-21 04:40:03 UTC completed_step=17040 elapsed_seconds=2020.26 learning_rate=8.89463e-05
2026-09-21 04:40:05 UTC completed_step=17056 elapsed_seconds=2021.95 learning_rate=8.86399e-05
2026-09-21 04:40:07 UTC completed_step=17072 elapsed_seconds=2023.63 learning_rate=8.8335e-05
2026-09-21 04:40:09 UTC completed_step=17088 elapsed_seconds=2025.31 learning_rate=8.80316e-05
2026-09-21 04:40:10 UTC completed_step=17104 elapsed_seconds=2027 learning_rate=8.77298e-05
2026-09-21 04:40:12 UTC completed_step=17120 elapsed_seconds=2028.68 learning_rate=8.74295e-05
2026-09-21 04:40:14 UTC completed_step=17136 elapsed_seconds=2030.36 learning_rate=8.71308e-05
2026-09-21 04:40:15 UTC completed_step=17152 elapsed_seconds=2032.04 learning_rate=8.68336e-05
2026-09-21 04:40:17 UTC step=17152 elapsed_seconds=2033.74 mean_loss=0.315867 errors=182/10002 exact_sentences=867/1024
2026-09-21 04:40:19 UTC completed_step=17168 elapsed_seconds=2035.43 learning_rate=8.6538e-05
2026-09-21 04:40:20 UTC completed_step=17184 elapsed_seconds=2037.11 learning_rate=8.62439e-05
2026-09-21 04:40:22 UTC completed_step=17200 elapsed_seconds=2038.8 learning_rate=8.59514e-05
2026-09-21 04:40:24 UTC completed_step=17216 elapsed_seconds=2040.48 learning_rate=8.56604e-05
2026-09-21 04:40:25 UTC completed_step=17232 elapsed_seconds=2042.16 learning_rate=8.5371e-05
2026-09-21 04:40:27 UTC completed_step=17248 elapsed_seconds=2043.85 learning_rate=8.50832e-05
2026-09-21 04:40:29 UTC completed_step=17264 elapsed_seconds=2045.54 learning_rate=8.47969e-05
2026-09-21 04:40:30 UTC completed_step=17280 elapsed_seconds=2047.22 learning_rate=8.45122e-05
2026-09-21 04:40:32 UTC step=17280 elapsed_seconds=2048.93 mean_loss=0.311793 errors=173/10002 exact_sentences=877/1024
2026-09-21 04:40:34 UTC completed_step=17296 elapsed_seconds=2050.62 learning_rate=8.4229e-05
2026-09-21 04:40:36 UTC completed_step=17312 elapsed_seconds=2052.31 learning_rate=8.39474e-05
2026-09-21 04:40:37 UTC completed_step=17328 elapsed_seconds=2053.99 learning_rate=8.36674e-05
2026-09-21 04:40:39 UTC completed_step=17344 elapsed_seconds=2055.68 learning_rate=8.3389e-05
2026-09-21 04:40:41 UTC completed_step=17360 elapsed_seconds=2057.36 learning_rate=8.31121e-05
2026-09-21 04:40:42 UTC completed_step=17376 elapsed_seconds=2059.05 learning_rate=8.28368e-05
2026-09-21 04:40:44 UTC completed_step=17392 elapsed_seconds=2060.73 learning_rate=8.25631e-05
2026-09-21 04:40:46 UTC completed_step=17408 elapsed_seconds=2062.42 learning_rate=8.2291e-05
2026-09-21 04:40:47 UTC step=17408 elapsed_seconds=2064.13 mean_loss=0.30834 errors=165/10002 exact_sentences=880/1024
2026-09-21 04:40:49 UTC completed_step=17424 elapsed_seconds=2065.82 learning_rate=8.20204e-05
2026-09-21 04:40:51 UTC completed_step=17440 elapsed_seconds=2067.51 learning_rate=8.17514e-05
2026-09-21 04:40:52 UTC completed_step=17456 elapsed_seconds=2069.19 learning_rate=8.14841e-05
2026-09-21 04:40:54 UTC completed_step=17472 elapsed_seconds=2070.88 learning_rate=8.12182e-05
2026-09-21 04:40:56 UTC completed_step=17488 elapsed_seconds=2072.56 learning_rate=8.0954e-05
2026-09-21 04:40:57 UTC completed_step=17504 elapsed_seconds=2074.24 learning_rate=8.06914e-05
2026-09-21 04:40:59 UTC completed_step=17520 elapsed_seconds=2075.93 learning_rate=8.04304e-05
2026-09-21 04:41:01 UTC completed_step=17536 elapsed_seconds=2077.61 learning_rate=8.01709e-05
2026-09-21 04:41:03 UTC step=17536 elapsed_seconds=2079.33 mean_loss=0.304062 errors=165/10002 exact_sentences=878/1024
2026-09-21 04:41:04 UTC completed_step=17552 elapsed_seconds=2081.02 learning_rate=7.99131e-05
2026-09-21 04:41:06 UTC completed_step=17568 elapsed_seconds=2082.7 learning_rate=7.96568e-05
2026-09-21 04:41:08 UTC completed_step=17584 elapsed_seconds=2084.38 learning_rate=7.94022e-05
2026-09-21 04:41:09 UTC completed_step=17600 elapsed_seconds=2086.07 learning_rate=7.91491e-05
2026-09-21 04:41:11 UTC completed_step=17616 elapsed_seconds=2087.76 learning_rate=7.88976e-05
2026-09-21 04:41:13 UTC completed_step=17632 elapsed_seconds=2089.44 learning_rate=7.86478e-05
2026-09-21 04:41:14 UTC completed_step=17648 elapsed_seconds=2091.13 learning_rate=7.83995e-05
2026-09-21 04:41:16 UTC completed_step=17664 elapsed_seconds=2092.81 learning_rate=7.81529e-05
2026-09-21 04:41:18 UTC step=17664 elapsed_seconds=2094.52 mean_loss=0.30064 errors=159/10002 exact_sentences=889/1024
2026-09-21 04:41:19 UTC completed_step=17680 elapsed_seconds=2096.21 learning_rate=7.79078e-05
2026-09-21 04:41:21 UTC completed_step=17696 elapsed_seconds=2097.89 learning_rate=7.76644e-05
2026-09-21 04:41:23 UTC completed_step=17712 elapsed_seconds=2099.58 learning_rate=7.74226e-05
2026-09-21 04:41:24 UTC completed_step=17728 elapsed_seconds=2101.26 learning_rate=7.71824e-05
2026-09-21 04:41:26 UTC completed_step=17744 elapsed_seconds=2102.95 learning_rate=7.69438e-05
2026-09-21 04:41:28 UTC completed_step=17760 elapsed_seconds=2104.64 learning_rate=7.67068e-05
2026-09-21 04:41:30 UTC completed_step=17776 elapsed_seconds=2106.32 learning_rate=7.64714e-05
2026-09-21 04:41:31 UTC completed_step=17792 elapsed_seconds=2108 learning_rate=7.62377e-05
2026-09-21 04:41:33 UTC step=17792 elapsed_seconds=2109.73 mean_loss=0.295985 errors=160/10002 exact_sentences=888/1024
2026-09-21 04:41:35 UTC completed_step=17808 elapsed_seconds=2111.42 learning_rate=7.60055e-05
2026-09-21 04:41:36 UTC completed_step=17824 elapsed_seconds=2113.1 learning_rate=7.5775e-05
2026-09-21 04:41:38 UTC completed_step=17840 elapsed_seconds=2114.78 learning_rate=7.55461e-05
2026-09-21 04:41:40 UTC completed_step=17856 elapsed_seconds=2116.46 learning_rate=7.53189e-05
2026-09-21 04:41:41 UTC completed_step=17872 elapsed_seconds=2118.15 learning_rate=7.50932e-05
2026-09-21 04:41:43 UTC completed_step=17888 elapsed_seconds=2119.83 learning_rate=7.48692e-05
2026-09-21 04:41:45 UTC completed_step=17904 elapsed_seconds=2121.51 learning_rate=7.46468e-05
2026-09-21 04:41:46 UTC completed_step=17920 elapsed_seconds=2123.19 learning_rate=7.44261e-05
2026-09-21 04:41:48 UTC step=17920 elapsed_seconds=2124.88 mean_loss=0.293509 errors=156/10002 exact_sentences=886/1024
2026-09-21 04:41:50 UTC completed_step=17936 elapsed_seconds=2126.57 learning_rate=7.42069e-05
2026-09-21 04:41:51 UTC completed_step=17952 elapsed_seconds=2128.25 learning_rate=7.39895e-05
2026-09-21 04:41:53 UTC completed_step=17968 elapsed_seconds=2129.94 learning_rate=7.37736e-05
2026-09-21 04:41:55 UTC completed_step=17984 elapsed_seconds=2131.62 learning_rate=7.35594e-05
2026-09-21 04:41:57 UTC completed_step=18000 elapsed_seconds=2133.3 learning_rate=7.33468e-05
2026-09-21 04:41:58 UTC completed_step=18016 elapsed_seconds=2134.98 learning_rate=7.31358e-05
2026-09-21 04:42:00 UTC completed_step=18032 elapsed_seconds=2136.67 learning_rate=7.29265e-05
2026-09-21 04:42:02 UTC completed_step=18048 elapsed_seconds=2138.35 learning_rate=7.27188e-05
2026-09-21 04:42:03 UTC step=18048 elapsed_seconds=2140.08 mean_loss=0.290226 errors=138/10002 exact_sentences=903/1024
2026-09-21 04:42:05 UTC completed_step=18064 elapsed_seconds=2141.76 learning_rate=7.25128e-05
2026-09-21 04:42:07 UTC completed_step=18080 elapsed_seconds=2143.45 learning_rate=7.23084e-05
2026-09-21 04:42:08 UTC completed_step=18096 elapsed_seconds=2145.13 learning_rate=7.21057e-05
2026-09-21 04:42:10 UTC completed_step=18112 elapsed_seconds=2146.81 learning_rate=7.19046e-05
2026-09-21 04:42:12 UTC completed_step=18128 elapsed_seconds=2148.49 learning_rate=7.17051e-05
2026-09-21 04:42:13 UTC completed_step=18144 elapsed_seconds=2150.17 learning_rate=7.15073e-05
2026-09-21 04:42:15 UTC completed_step=18160 elapsed_seconds=2151.86 learning_rate=7.13112e-05
2026-09-21 04:42:17 UTC completed_step=18176 elapsed_seconds=2153.54 learning_rate=7.11167e-05
2026-09-21 04:42:18 UTC step=18176 elapsed_seconds=2155.25 mean_loss=0.284792 errors=140/10002 exact_sentences=900/1024
2026-09-21 04:42:20 UTC completed_step=18192 elapsed_seconds=2156.94 learning_rate=7.09238e-05
2026-09-21 04:42:22 UTC completed_step=18208 elapsed_seconds=2158.62 learning_rate=7.07326e-05
2026-09-21 04:42:24 UTC completed_step=18224 elapsed_seconds=2160.3 learning_rate=7.05431e-05
2026-09-21 04:42:25 UTC completed_step=18240 elapsed_seconds=2161.98 learning_rate=7.03552e-05
2026-09-21 04:42:27 UTC completed_step=18256 elapsed_seconds=2163.66 learning_rate=7.01689e-05
2026-09-21 04:42:29 UTC completed_step=18272 elapsed_seconds=2165.34 learning_rate=6.99844e-05
2026-09-21 04:42:30 UTC completed_step=18288 elapsed_seconds=2167.02 learning_rate=6.98014e-05
2026-09-21 04:42:32 UTC completed_step=18304 elapsed_seconds=2168.71 learning_rate=6.96202e-05
2026-09-21 04:42:34 UTC step=18304 elapsed_seconds=2170.41 mean_loss=0.280502 errors=130/10002 exact_sentences=909/1024
2026-09-21 04:42:35 UTC completed_step=18320 elapsed_seconds=2172.1 learning_rate=6.94406e-05
2026-09-21 04:42:37 UTC completed_step=18336 elapsed_seconds=2173.78 learning_rate=6.92626e-05
2026-09-21 04:42:39 UTC completed_step=18352 elapsed_seconds=2175.47 learning_rate=6.90864e-05
2026-09-21 04:42:40 UTC completed_step=18368 elapsed_seconds=2177.15 learning_rate=6.89118e-05
2026-09-21 04:42:42 UTC completed_step=18384 elapsed_seconds=2178.83 learning_rate=6.87388e-05
2026-09-21 04:42:44 UTC completed_step=18400 elapsed_seconds=2180.52 learning_rate=6.85676e-05
2026-09-21 04:42:45 UTC completed_step=18416 elapsed_seconds=2182.2 learning_rate=6.8398e-05
2026-09-21 04:42:47 UTC completed_step=18432 elapsed_seconds=2183.88 learning_rate=6.823e-05
2026-09-21 04:42:49 UTC step=18432 elapsed_seconds=2185.58 mean_loss=0.280155 errors=143/10002 exact_sentences=899/1024
2026-09-21 04:42:50 UTC completed_step=18448 elapsed_seconds=2187.27 learning_rate=6.80638e-05
2026-09-21 04:42:52 UTC completed_step=18464 elapsed_seconds=2188.95 learning_rate=6.78992e-05
2026-09-21 04:42:54 UTC completed_step=18480 elapsed_seconds=2190.64 learning_rate=6.77362e-05
2026-09-21 04:42:56 UTC completed_step=18496 elapsed_seconds=2192.32 learning_rate=6.7575e-05
2026-09-21 04:42:57 UTC completed_step=18512 elapsed_seconds=2194 learning_rate=6.74154e-05
2026-09-21 04:42:59 UTC completed_step=18528 elapsed_seconds=2195.68 learning_rate=6.72575e-05
2026-09-21 04:43:01 UTC completed_step=18544 elapsed_seconds=2197.37 learning_rate=6.71013e-05
2026-09-21 04:43:02 UTC completed_step=18560 elapsed_seconds=2199.05 learning_rate=6.69467e-05
2026-09-21 04:43:04 UTC step=18560 elapsed_seconds=2200.77 mean_loss=0.275665 errors=134/10002 exact_sentences=902/1024
2026-09-21 04:43:06 UTC completed_step=18576 elapsed_seconds=2202.46 learning_rate=6.67939e-05
2026-09-21 04:43:07 UTC completed_step=18592 elapsed_seconds=2204.14 learning_rate=6.66427e-05
2026-09-21 04:43:09 UTC completed_step=18608 elapsed_seconds=2205.82 learning_rate=6.64932e-05
2026-09-21 04:43:11 UTC completed_step=18624 elapsed_seconds=2207.51 learning_rate=6.63454e-05
2026-09-21 04:43:12 UTC completed_step=18640 elapsed_seconds=2209.19 learning_rate=6.61992e-05
2026-09-21 04:43:14 UTC completed_step=18656 elapsed_seconds=2210.87 learning_rate=6.60547e-05
2026-09-21 04:43:16 UTC completed_step=18672 elapsed_seconds=2212.56 learning_rate=6.5912e-05
2026-09-21 04:43:17 UTC completed_step=18688 elapsed_seconds=2214.25 learning_rate=6.57709e-05
2026-09-21 04:43:19 UTC step=18688 elapsed_seconds=2215.96 mean_loss=0.273769 errors=130/10002 exact_sentences=908/1024
2026-09-21 04:43:21 UTC completed_step=18704 elapsed_seconds=2217.65 learning_rate=6.56315e-05
2026-09-21 04:43:23 UTC completed_step=18720 elapsed_seconds=2219.34 learning_rate=6.54938e-05
2026-09-21 04:43:24 UTC completed_step=18736 elapsed_seconds=2221.02 learning_rate=6.53577e-05
2026-09-21 04:43:26 UTC completed_step=18752 elapsed_seconds=2222.7 learning_rate=6.52234e-05
2026-09-21 04:43:28 UTC completed_step=18768 elapsed_seconds=2224.38 learning_rate=6.50907e-05
2026-09-21 04:43:29 UTC completed_step=18784 elapsed_seconds=2226.06 learning_rate=6.49598e-05
2026-09-21 04:43:31 UTC completed_step=18800 elapsed_seconds=2227.74 learning_rate=6.48305e-05
2026-09-21 04:43:33 UTC completed_step=18816 elapsed_seconds=2229.42 learning_rate=6.47029e-05
2026-09-21 04:43:34 UTC step=18816 elapsed_seconds=2231.12 mean_loss=0.273748 errors=139/10002 exact_sentences=902/1024
2026-09-21 04:43:36 UTC completed_step=18832 elapsed_seconds=2232.81 learning_rate=6.4577e-05
2026-09-21 04:43:38 UTC completed_step=18848 elapsed_seconds=2234.49 learning_rate=6.44528e-05
2026-09-21 04:43:39 UTC completed_step=18864 elapsed_seconds=2236.17 learning_rate=6.43303e-05
2026-09-21 04:43:41 UTC completed_step=18880 elapsed_seconds=2237.86 learning_rate=6.42095e-05
2026-09-21 04:43:43 UTC completed_step=18896 elapsed_seconds=2239.55 learning_rate=6.40904e-05
2026-09-21 04:43:44 UTC completed_step=18912 elapsed_seconds=2241.23 learning_rate=6.3973e-05
2026-09-21 04:43:46 UTC completed_step=18928 elapsed_seconds=2242.91 learning_rate=6.38573e-05
2026-09-21 04:43:48 UTC completed_step=18944 elapsed_seconds=2244.6 learning_rate=6.37433e-05
2026-09-21 04:43:49 UTC step=18944 elapsed_seconds=2246.29 mean_loss=0.268569 errors=119/10002 exact_sentences=919/1024
2026-09-21 04:43:51 UTC completed_step=18960 elapsed_seconds=2247.98 learning_rate=6.36309e-05
2026-09-21 04:43:53 UTC completed_step=18976 elapsed_seconds=2249.66 learning_rate=6.35203e-05
2026-09-21 04:43:55 UTC completed_step=18992 elapsed_seconds=2251.35 learning_rate=6.34114e-05
2026-09-21 04:43:56 UTC completed_step=19008 elapsed_seconds=2253.03 learning_rate=6.33042e-05
2026-09-21 04:43:58 UTC completed_step=19024 elapsed_seconds=2254.72 learning_rate=6.31987e-05
2026-09-21 04:44:00 UTC completed_step=19040 elapsed_seconds=2256.41 learning_rate=6.30948e-05
2026-09-21 04:44:01 UTC completed_step=19056 elapsed_seconds=2258.09 learning_rate=6.29927e-05
2026-09-21 04:44:03 UTC completed_step=19072 elapsed_seconds=2259.77 learning_rate=6.28923e-05
2026-09-21 04:44:05 UTC step=19072 elapsed_seconds=2261.46 mean_loss=0.265335 errors=119/10002 exact_sentences=917/1024
2026-09-21 04:44:06 UTC completed_step=19088 elapsed_seconds=2263.15 learning_rate=6.27936e-05
2026-09-21 04:44:08 UTC completed_step=19104 elapsed_seconds=2264.83 learning_rate=6.26966e-05
2026-09-21 04:44:10 UTC completed_step=19120 elapsed_seconds=2266.51 learning_rate=6.26013e-05
2026-09-21 04:44:11 UTC completed_step=19136 elapsed_seconds=2268.2 learning_rate=6.25077e-05
2026-09-21 04:44:13 UTC completed_step=19152 elapsed_seconds=2269.88 learning_rate=6.24158e-05
2026-09-21 04:44:15 UTC completed_step=19168 elapsed_seconds=2271.57 learning_rate=6.23257e-05
2026-09-21 04:44:16 UTC completed_step=19184 elapsed_seconds=2273.25 learning_rate=6.22372e-05
2026-09-21 04:44:18 UTC completed_step=19200 elapsed_seconds=2274.93 learning_rate=6.21505e-05
2026-09-21 04:44:20 UTC step=19200 elapsed_seconds=2276.63 mean_loss=0.261518 errors=121/10002 exact_sentences=917/1024
2026-09-21 04:44:22 UTC completed_step=19216 elapsed_seconds=2278.31 learning_rate=6.20654e-05
2026-09-21 04:44:23 UTC completed_step=19232 elapsed_seconds=2280 learning_rate=6.19821e-05
2026-09-21 04:44:25 UTC completed_step=19248 elapsed_seconds=2281.68 learning_rate=6.19004e-05
2026-09-21 04:44:27 UTC completed_step=19264 elapsed_seconds=2283.36 learning_rate=6.18205e-05
2026-09-21 04:44:28 UTC completed_step=19280 elapsed_seconds=2285.04 learning_rate=6.17423e-05
2026-09-21 04:44:30 UTC completed_step=19296 elapsed_seconds=2286.73 learning_rate=6.16658e-05
2026-09-21 04:44:32 UTC completed_step=19312 elapsed_seconds=2288.41 learning_rate=6.1591e-05
2026-09-21 04:44:33 UTC completed_step=19328 elapsed_seconds=2290.09 learning_rate=6.1518e-05
2026-09-21 04:44:35 UTC step=19328 elapsed_seconds=2291.8 mean_loss=0.258597 errors=119/10002 exact_sentences=920/1024
2026-09-21 04:44:37 UTC completed_step=19344 elapsed_seconds=2293.48 learning_rate=6.14466e-05
2026-09-21 04:44:38 UTC completed_step=19360 elapsed_seconds=2295.16 learning_rate=6.1377e-05
2026-09-21 04:44:40 UTC completed_step=19376 elapsed_seconds=2296.85 learning_rate=6.1309e-05
2026-09-21 04:44:42 UTC completed_step=19392 elapsed_seconds=2298.53 learning_rate=6.12428e-05
2026-09-21 04:44:43 UTC completed_step=19408 elapsed_seconds=2300.21 learning_rate=6.11783e-05
2026-09-21 04:44:45 UTC completed_step=19424 elapsed_seconds=2301.89 learning_rate=6.11155e-05
2026-09-21 04:44:47 UTC completed_step=19440 elapsed_seconds=2303.57 learning_rate=6.10544e-05
2026-09-21 04:44:48 UTC completed_step=19456 elapsed_seconds=2305.25 learning_rate=6.09951e-05
2026-09-21 04:44:50 UTC step=19456 elapsed_seconds=2306.95 mean_loss=0.256963 errors=119/10002 exact_sentences=919/1024
2026-09-21 04:44:52 UTC completed_step=19472 elapsed_seconds=2308.64 learning_rate=6.09374e-05
2026-09-21 04:44:54 UTC completed_step=19488 elapsed_seconds=2310.32 learning_rate=6.08815e-05
2026-09-21 04:44:55 UTC completed_step=19504 elapsed_seconds=2312.01 learning_rate=6.08273e-05
2026-09-21 04:44:57 UTC completed_step=19520 elapsed_seconds=2313.69 learning_rate=6.07748e-05
2026-09-21 04:44:59 UTC completed_step=19536 elapsed_seconds=2315.37 learning_rate=6.07241e-05
2026-09-21 04:45:00 UTC completed_step=19552 elapsed_seconds=2317.06 learning_rate=6.0675e-05
2026-09-21 04:45:02 UTC completed_step=19568 elapsed_seconds=2318.74 learning_rate=6.06277e-05
2026-09-21 04:45:04 UTC completed_step=19584 elapsed_seconds=2320.42 learning_rate=6.0582e-05
2026-09-21 04:45:05 UTC step=19584 elapsed_seconds=2322.12 mean_loss=0.253938 errors=97/10002 exact_sentences=934/1024
2026-09-21 04:45:07 UTC completed_step=19600 elapsed_seconds=2323.8 learning_rate=6.05382e-05
2026-09-21 04:45:09 UTC completed_step=19616 elapsed_seconds=2325.49 learning_rate=6.0496e-05
2026-09-21 04:45:10 UTC completed_step=19632 elapsed_seconds=2327.17 learning_rate=6.04555e-05
2026-09-21 04:45:12 UTC completed_step=19648 elapsed_seconds=2328.85 learning_rate=6.04168e-05
2026-09-21 04:45:14 UTC completed_step=19664 elapsed_seconds=2330.54 learning_rate=6.03798e-05
2026-09-21 04:45:15 UTC completed_step=19680 elapsed_seconds=2332.22 learning_rate=6.03445e-05
2026-09-21 04:45:17 UTC completed_step=19696 elapsed_seconds=2333.91 learning_rate=6.03109e-05
2026-09-21 04:45:19 UTC completed_step=19712 elapsed_seconds=2335.59 learning_rate=6.0279e-05
2026-09-21 04:45:21 UTC step=19712 elapsed_seconds=2337.3 mean_loss=0.255194 errors=110/10002 exact_sentences=924/1024
2026-09-21 04:45:22 UTC completed_step=19728 elapsed_seconds=2338.98 learning_rate=6.02489e-05
2026-09-21 04:45:24 UTC completed_step=19744 elapsed_seconds=2340.67 learning_rate=6.02205e-05
2026-09-21 04:45:26 UTC completed_step=19760 elapsed_seconds=2342.35 learning_rate=6.01938e-05
2026-09-21 04:45:27 UTC completed_step=19776 elapsed_seconds=2344.03 learning_rate=6.01688e-05
2026-09-21 04:45:29 UTC completed_step=19792 elapsed_seconds=2345.72 learning_rate=6.01456e-05
2026-09-21 04:45:31 UTC completed_step=19808 elapsed_seconds=2347.4 learning_rate=6.0124e-05
2026-09-21 04:45:32 UTC completed_step=19824 elapsed_seconds=2349.08 learning_rate=6.01042e-05
2026-09-21 04:45:34 UTC completed_step=19840 elapsed_seconds=2350.76 learning_rate=6.00861e-05
2026-09-21 04:45:36 UTC step=19840 elapsed_seconds=2352.46 mean_loss=0.250743 errors=105/10002 exact_sentences=928/1024
2026-09-21 04:45:37 UTC completed_step=19856 elapsed_seconds=2354.14 learning_rate=6.00698e-05
2026-09-21 04:45:39 UTC completed_step=19872 elapsed_seconds=2355.83 learning_rate=6.00551e-05
2026-09-21 04:45:41 UTC completed_step=19888 elapsed_seconds=2357.51 learning_rate=6.00422e-05
2026-09-21 04:45:42 UTC completed_step=19904 elapsed_seconds=2359.2 learning_rate=6.0031e-05
2026-09-21 04:45:44 UTC completed_step=19920 elapsed_seconds=2360.88 learning_rate=6.00215e-05
2026-09-21 04:45:46 UTC completed_step=19936 elapsed_seconds=2362.56 learning_rate=6.00138e-05
2026-09-21 04:45:47 UTC completed_step=19952 elapsed_seconds=2364.24 learning_rate=6.00078e-05
2026-09-21 04:45:49 UTC completed_step=19968 elapsed_seconds=2365.93 learning_rate=6.00034e-05
2026-09-21 04:45:51 UTC step=19968 elapsed_seconds=2367.64 mean_loss=0.248923 errors=100/10002 exact_sentences=933/1024
2026-09-21 04:45:53 UTC completed_step=19984 elapsed_seconds=2369.33 learning_rate=6.00009e-05
2026-09-21 04:45:54 UTC completed_step=20000 elapsed_seconds=2371.02 learning_rate=6e-05
2026-09-21 04:45:56 UTC step=20000 elapsed_seconds=2372.73 mean_loss=0.247292 errors=106/10002 exact_sentences=926/1024
2026-09-21 04:45:58 UTC step=20000 elapsed_seconds=2374.45 mean_loss=0.247292 errors=106/10002 exact_sentences=926/1024
BUDGET_EXHAUSTED checkpoint=/home/ubuntu/checkpoints/memorize_general_facts/width_depth_long_1/width_16/layers_8/step_20000
