line_1based	target_token_index_0based	target_id	predicted_id	loss
1	5	31219	31219	0.0035553
1	6	680	680	0.00233459
1	7	511	511	0.00123215
1	8	1862	1862	0.00263977
1	9	13	13	0.000106812
1	10	50256	50256	0
2	5	286	286	0.000167847
2	6	10211	10211	0.0043354
2	7	318	318	0.000274658
2	8	3221	3221	0.0108604
2	9	10693	10693	0.00252533
2	10	618	618	0.000858307
2	11	9759	9759	0.0024395
2	12	284	284	0.000385284
2	13	262	262	8.7738e-05
2	14	5044	5044	0.00304794
2	15	13	13	0
2	16	50256	50256	0
3	5	1205	1205	0.00217247
3	6	2641	2641	0.00601196
3	7	663	663	0.00495148
3	8	20596	20596	0.00920105
3	9	11	11	0.000659943
3	10	11222	11222	0.00558281
3	11	88	88	0.00319862
3	12	4645	4645	0.00771523
3	13	13	13	0.000480652
3	14	50256	50256	0
4	5	5922	5922	0.00191116
4	6	39966	39966	0.00105476
4	7	287	287	9.91821e-05
4	8	257	257	0.000150681
4	9	36594	36594	0.00157166
4	10	290	290	0.000450134
4	11	1577	1577	0.00378227
4	12	4082	4082	0.00116539
4	13	13	13	5.34058e-05
4	14	50256	50256	0
5	5	945	945	0.00139618
5	6	4439	4439	0.00115776
5	7	23938	23938	0.00252151
5	8	26742	26742	0.00139809
5	9	981	981	0.000627518
5	10	30580	30580	0.00594711
5	11	511	511	0.00160599
5	12	8954	8954	0.00298691
5	13	13022	13022	0.000242233
5	14	13	13	7.62939e-06
5	15	50256	50256	0
6	5	5739	5739	0.00203705
6	6	11	11	0.000423431
6	7	281	281	0.00448608
6	8	2134	2134	0.0063324
6	9	351	351	0.00304794
6	10	645	645	0.0101223
6	11	2010	2010	0.00127411
6	12	2700	2700	0.00193787
6	13	16047	16047	0.00714684
6	14	6937	6937	0.00451279
6	15	15432	15432	0.00691032
6	16	13	13	3.8147e-06
6	17	50256	50256	1.52588e-05
7	5	296	296	0.00679207
7	6	1045	1045	0.00233078
7	7	1249	1249	0.00337791
7	8	21678	21678	0.00356293
7	9	284	284	0.000860214
7	10	1445	1445	0.00598526
7	11	832	832	0.00746346
7	12	12835	12835	0.0164623
7	13	16649	16649	0.00386238
7	14	13	13	0
7	15	50256	50256	0
8	5	734	734	0.0319996
8	6	9403	9403	0.0103283
8	7	5667	5667	0.00138474
8	8	13	13	0
8	9	50256	50256	0
9	5	4983	4983	0.000576019
9	6	355	355	0.000259399
9	7	281	281	0.00117302
9	8	14312	14312	0.00288582
9	9	20562	20562	0.00304604
9	10	3716	3716	0.00271988
9	11	13	13	8.01086e-05
9	12	50256	50256	0
10	5	13522	13522	0.00603294
10	6	5732	5732	0.00325012
10	7	663	663	0.000957489
10	8	29973	29973	0.00569916
10	9	2785	2785	0.00259399
10	10	2568	2568	0.0015583
10	11	13	13	0
10	12	50256	50256	0
11	5	284	284	0.00112534
11	6	787	787	0.00146675
11	7	34476	34476	0.00470352
11	8	1141	1141	0.00286293
11	9	5205	5205	0.00391579
11	10	44411	44411	0.00320053
11	11	13	13	0
11	12	50256	50256	0
12	5	257	257	0.00129318
12	6	43836	43836	0.00886726
12	7	416	416	0.000991821
12	8	12304	12304	0.0080452
12	9	1780	1780	0.004076
12	10	299	299	0.00806046
12	11	12345	12345	0.006567
12	12	1088	1088	0.00193214
12	13	281	281	0.0020504
12	14	14709	14709	0.00175095
12	15	415	415	0.00150871
12	16	13	13	0.000102997
12	17	50256	50256	0
13	5	257	257	0.00216293
13	6	12505	12505	0.00206757
13	7	3716	3716	0.00133705
13	8	287	287	0.000705719
13	9	1944	1944	0.00174713
13	10	12	12	0.00056839
13	11	820	820	0.00205231
13	12	31057	31057	0.00164795
13	13	13	13	0
13	14	50256	50256	0
14	5	2173	2173	0.0038662
14	6	284	284	0.00156975
14	7	3435	3435	0.00318909
14	8	973	973	0.00525475
14	9	287	287	0.00107956
14	10	867	867	0.00323868
14	11	3597	3597	0.00508308
14	12	3341	3341	0.00578117
14	13	13	13	0
14	14	50256	50256	0
15	5	3665	3665	0.00489426
15	6	7405	7405	0.00266075
15	7	284	284	0.000854492
15	8	1057	1057	0.00653648
15	9	2138	2138	0.00117683
15	10	621	621	0.000148773
15	11	6129	6129	0.00382805
15	12	13	13	6.10352e-05
15	13	50256	50256	0
16	5	471	471	0.00271034
16	6	5031	5031	0.00156784
16	7	272	272	0.000919342
16	8	7012	7012	0.00432396
16	9	9459	9459	0.00398064
16	10	11	11	0.00149727
16	11	281	281	0.00187302
16	12	37874	37874	0.00117493
16	13	1748	1748	0.000396729
16	14	13	13	7.62939e-06
16	15	50256	50256	0
17	5	326	326	0.00285149
17	6	2107	2107	0.00893974
17	7	287	287	0.000160217
17	8	8389	8389	0.0106201
17	9	20848	20848	0.000675201
17	10	13	13	5.72205e-05
17	11	50256	50256	0
18	5	11863	11863	0.00214767
18	6	351	351	0.0102596
18	7	262	262	0
18	8	1037	1037	0.0105419
18	9	286	286	0.00216293
18	10	16869	16869	0.00980949
18	11	49835	49835	0.0017395
18	12	13	13	0
18	13	50256	50256	0
19	5	257	257	0.00196266
19	6	20562	20562	0.00447083
19	7	290	290	0.000675201
19	8	28757	28757	0.00923538
19	9	3716	3716	0.0025444
19	10	287	287	0.00123215
19	11	17113	17113	0.00697899
19	12	4763	4763	0.0026207
19	13	11	11	0.00069809
19	14	8602	8602	0.00423813
19	15	13	13	0.000778198
19	16	50256	50256	0
20	5	286	286	0.00120926
20	6	15238	15238	0.00742722
20	7	11	11	0.000953674
20	8	257	257	0.000734329
20	9	42238	42238	0.00441551
20	10	1499	1499	0.00334358
20	11	13	13	4.95911e-05
20	12	50256	50256	0
21	5	3665	3665	0.00556564
21	6	25041	25041	0.00442696
21	7	11278	11278	0.00259972
21	8	326	326	0.00107956
21	9	460	460	0.000844955
21	10	11589	11589	0.00595856
21	11	8976	8976	0.00209236
21	12	257	257	0.000486374
21	13	16161	16161	0.00411797
21	14	338	338	0.00114441
21	15	22204	22204	0.00188446
21	16	13	13	3.8147e-06
21	17	50256	50256	0
22	5	17669	17669	0.00757599
22	6	23235	23235	0.00376701
22	7	40270	40270	0.00671959
22	8	284	284	0.00102425
22	9	530	530	0.00631714
22	10	11863	11863	0.0035553
22	11	22037	22037	0.00810432
22	12	13	13	0
22	13	50256	50256	0
23	5	1262	1262	0.000228882
23	6	4839	4839	0.00189781
23	7	12	12	0.000305176
23	8	29289	29289	0.0007267
23	9	15835	15835	0.000535965
23	10	13	13	0.000144958
23	11	50256	50256	0
24	5	286	286	0.00142288
24	6	4771	4771	0.00969505
24	7	326	326	0.00131226
24	8	1445	1445	0.0115833
24	9	739	739	0.0113068
24	10	511	511	0.00807953
24	11	898	898	0.00895119
24	12	3463	3463	0.00296402
24	13	13	13	0
24	14	50256	50256	0
25	5	976	976	0.00912857
25	6	355	355	0.00621033
25	7	1194	1194	0.0110073
25	8	1573	1573	0.00765991
25	9	475	475	0.0172577
25	10	460	460	0.0165157
25	11	13238	13238	0.0119019
25	12	287	287	0.00171661
25	13	3616	3616	0.0173149
25	14	393	393	0.00261497
25	15	24993	24993	0.00253868
25	16	13	13	0
25	17	50256	50256	0
26	5	8384	8384	0.000833511
26	6	319	319	0.00488853
26	7	5667	5667	0.0078373
26	8	11	11	0.00205421
26	9	8701	8701	0.0151215
26	10	274	274	0.00201797
26	11	11	11	0.00154877
26	12	290	290	0.00201035
26	13	584	584	0.0100441
26	14	4618	4618	0.00123596
26	15	2587	2587	0.00909615
26	16	13	13	0
26	17	50256	50256	0
27	5	284	284	0.00942421
27	6	4735	4735	0.0121307
27	7	318	318	0.000816345
27	8	1444	1444	0.000732422
27	9	32553	32553	0.00688553
27	10	13	13	0
27	11	50256	50256	0
28	5	287	287	0.000419617
28	6	257	257	0.00159073
28	7	269	269	0.00302887
28	8	8325	8325	0.00293159
28	9	298	298	0.00146675
28	10	5931	5931	0.00193596
28	11	6314	6314	0.00432396
28	12	13	13	0.000350952
28	13	50256	50256	0
29	5	25834	25834	0.0112305
29	6	17783	17783	0.00461006
29	7	7545	7545	0.00249863
29	8	3805	3805	0.00341225
29	9	1719	1719	0.00247002
29	10	645	645	0.00174522
29	11	37368	37368	0.00240517
29	12	13	13	5.53131e-05
29	13	50256	50256	0
30	5	6071	6071	0.00716782
30	6	2641	2641	0.000740051
30	7	257	257	0.00212097
30	8	24911	24911	0.00184441
30	9	13	13	0
30	10	50256	50256	0
31	5	12491	12491	0.00159264
31	6	265	265	0.00159073
31	7	318	318	0.00100708
31	8	407	407	0.0035553
31	9	257	257	0.00356293
31	10	1611	1611	0.00312233
31	11	286	286	0.00111008
31	12	17135	17135	0.00469589
31	13	13	13	0
31	14	50256	50256	0
32	5	11	11	0.000118256
32	6	262	262	0.0016861
32	7	9848	9848	0.00948715
32	8	286	286	0.000610352
32	9	14580	14580	0.00963974
32	10	21767	21767	0.00248528
32	11	262	262	3.8147e-06
32	12	9848	9848	0.00761223
32	13	286	286	0.00112915
32	14	18349	18349	0.00622749
32	15	13	13	0
32	16	50256	50256	0
33	5	1123	1123	0.00194359
33	6	584	584	0.00344467
33	7	1973	1973	0.0039463
33	8	262	262	0.000442505
33	9	41407	41407	0.00335503
33	10	286	286	0.000637054
33	11	47403	47403	0.000701904
33	12	13	13	0
33	13	50256	50256	0
34	5	416	416	0.000370026
34	6	2876	2876	0.00222397
34	7	3723	3723	0.0013485
34	8	290	290	0.000133514
34	9	27172	27172	0.00303268
34	10	3101	3101	0.00214958
34	11	267	267	0.0037365
34	12	265	265	0.00293159
34	13	21824	21824	0.00171471
34	14	13	13	0
34	15	50256	50256	0
35	5	663	663	0.00168228
35	6	9686	9686	0.0045433
35	7	290	290	0.000591278
35	8	6727	6727	0.00239563
35	9	10645	10645	0.00133324
35	10	13	13	8.7738e-05
35	11	50256	50256	0
36	5	11880	11880	0.00503159
36	6	5419	5419	0.0019722
36	7	340	340	0.00509071
36	8	2824	2824	0.00663567
36	9	5931	5931	0.00209618
36	10	1321	1321	0.00642395
36	11	422	422	0.00289154
36	12	663	663	0.00224495
36	13	21334	21334	0.001791
36	14	13	13	0
36	15	50256	50256	0
37	5	287	287	0.00204849
37	6	262	262	0.000404358
37	7	8434	8434	0.0041275
37	8	1027	1027	0.0043335
37	9	4909	4909	0.00910187
37	10	23326	23326	0.00852394
37	11	4778	4778	0.00148964
37	12	2950	2950	0.00466156
37	13	287	287	0.00111008
37	14	4854	4854	0.00116158
37	15	13	13	0.000125885
37	16	50256	50256	0
38	5	2630	2630	0.000406265
38	6	262	262	5.34058e-05
38	7	5337	5337	0.00195694
38	8	44487	44487	0.00223541
38	9	9869	9869	0.00498581
38	10	12898	12898	0.00675392
38	11	546	546	0.00216675
38	12	257	257	0.00522995
38	13	8557	8557	0.00267029
38	14	7002	7002	0.00133133
38	15	13	13	0
38	16	50256	50256	0
39	5	257	257	0.000896454
39	6	38712	38712	0.0111237
39	7	460	460	0.00146294
39	8	6486	6486	0.00337791
39	9	379	379	0.00216675
39	10	845	845	0.00323677
39	11	1180	1180	0.00168419
39	12	18868	18868	0.0052948
39	13	422	422	0.00235748
39	14	3668	3668	0.00491714
39	15	13	13	0.00110626
39	16	50256	50256	0
40	5	976	976	0.0214634
40	6	1271	1271	0.00709152
40	7	286	286	0.000797272
40	8	28722	28722	0.012188
40	9	355	355	0.00235367
40	10	1237	1237	0.0149193
40	11	684	684	0.00459671
40	12	13	13	3.43323e-05
40	13	50256	50256	0
41	5	5048	5048	0.00201035
41	6	82	82	0.00216293
41	7	4731	4731	0.0114117
41	8	1938	1938	0.00440216
41	9	284	284	0.000850677
41	10	458	458	0.00576782
41	11	1347	1347	0.00503349
41	12	2138	2138	0.00321388
41	13	621	621	0.00289154
41	14	9563	9563	0.00366592
41	15	262	262	0.000137329
41	16	13042	13042	0.00630379
41	17	13	13	0
41	18	50256	50256	0
42	5	1712	1712	0.0109787
42	6	32107	32107	0.00874901
42	7	1296	1296	0.00662613
42	8	262	262	0.00352859
42	9	20831	20831	0.0197811
42	10	24491	24491	0.00258827
42	11	22829	22829	0.000694275
42	12	13	13	0
42	13	50256	50256	0
43	5	3825	3825	0.0107403
43	6	318	318	0.00859451
43	7	1444	1444	0.00964165
43	8	262	262	0.00122833
43	9	2825	2825	0.0207462
43	10	22829	22829	0.00401878
43	11	13	13	0
43	12	50256	50256	0
44	5	262	262	0.0148849
44	6	3825	3825	0.0182018
44	7	11	11	0.00587082
44	8	21094	21094	0.0181103
44	9	468	468	0.00403404
44	10	257	257	0.00559235
44	11	37546	37546	0.0208187
44	12	2811	2811	0.00792885
44	13	4417	4417	0.00405884
44	14	13	13	6.86646e-05
44	15	50256	50256	0
45	5	257	257	0.00018692
45	6	5863	5863	0.00527382
45	7	670	670	0.00206184
45	8	416	416	0.000335693
45	9	12386	12386	0.00419807
45	10	46525	46525	0.00242805
45	11	13	13	0
45	12	50256	50256	0
46	5	262	262	0.000110626
46	6	9653	9653	0.00303841
46	7	326	326	0.00104141
46	8	8080	8080	0.00675583
46	9	607	607	0.00103951
46	10	18815	18815	0.00102234
46	11	13	13	0
46	12	50256	50256	0
47	5	422	422	2.67029e-05
47	6	826	826	0.00240707
47	7	284	284	4.57764e-05
47	8	1364	1364	0.00136757
47	9	13	13	5.72205e-05
47	10	50256	50256	0
48	5	1872	1872	0.00463867
48	6	389	389	0.00257492
48	7	3917	3917	0.00191307
48	8	351	351	0.00217438
48	9	12281	12281	0.00551414
48	10	64	64	0.00316238
48	11	399	399	0.00235558
48	12	9019	9019	0.00239563
48	13	13	13	0
48	14	50256	50256	0
49	5	257	257	0.00281906
49	6	1296	1296	0.00889587
49	7	286	286	0.0032959
49	8	31094	31094	0.0120964
49	9	11881	11881	0.0043087
49	10	13	13	0
49	11	50256	50256	0
50	5	17226	17226	0.00304604
50	6	1271	1271	0.00482178
50	7	286	286	0.000591278
50	8	597	597	0.00198936
50	9	5931	5931	0.000780106
50	10	5002	5002	0.00535965
50	11	13	13	0
50	12	50256	50256	0
51	5	422	422	0.00047493
51	6	262	262	0.000457764
51	7	15921	15921	0.00338173
51	8	286	286	0.000404358
51	9	19450	19450	0.00461197
51	10	7150	7150	0.00262451
51	11	13	13	0.000106812
51	12	50256	50256	0
52	5	25388	25388	0.00165176
52	6	3623	3623	0.00265312
52	7	284	284	0.000442505
52	8	1620	1620	0.0045433
52	9	12370	12370	0.0020771
52	10	670	670	0.00461006
52	11	13	13	7.24792e-05
52	12	50256	50256	0
53	5	262	262	0.00146866
53	6	6869	6869	0.055872
53	7	7021	7021	0.012392
53	8	636	636	0.001791
53	9	393	393	0.00453568
53	10	477	477	0.0149498
53	11	286	286	0.00210953
53	12	262	262	0.00135422
53	13	3825	3825	0.0488319
53	14	422	422	0.00774002
53	15	1570	1570	0.00666809
53	16	13	13	0.000457764
53	17	50256	50256	0
54	5	393	393	0.000461578
54	6	7686	7686	0.00242424
54	7	3170	3170	0.00125694
54	8	422	422	0.000665665
54	9	5100	5100	0.00506401
54	10	18955	18955	0.00535583
54	11	4991	4991	0.00549698
54	12	13	13	0
54	13	50256	50256	0
55	5	3872	3872	0.0089817
55	6	3815	3815	0.00141335
55	7	884	884	0.00139999
55	8	355	355	0.000495911
55	9	2081	2081	0.0149021
55	10	290	290	0.0045929
55	11	3991	3991	0.0138302
55	12	13	13	0.000118256
55	13	50256	50256	0
56	5	6903	6903	0.00813484
56	6	286	286	0.000537872
56	7	1692	1692	0.0284519
56	8	2910	2910	0.00745201
56	9	13	13	0.000385284
56	10	50256	50256	0.000217438
57	5	287	287	0.000282288
57	6	2166	2166	0.00553894
57	7	286	286	0.00262833
57	8	663	663	0.00325012
57	9	3491	3491	0.00280571
57	10	460	460	0.00209236
57	11	2728	2728	0.00490189
57	12	257	257	0.00113869
57	13	40757	40757	0.00528717
57	14	19550	19550	0.00199509
57	15	287	287	0.00094986
57	16	262	262	7.62939e-06
57	17	3491	3491	0.00436401
57	18	338	338	0.000947952
57	19	22204	22204	0.00128937
57	20	13	13	0
57	21	50256	50256	0
58	5	3170	3170	0.00273323
58	6	12972	12972	0.00465775
58	7	43591	43591	0.00321198
58	8	355	355	0.00117302
58	9	15100	15100	0.00184822
58	10	16667	16667	0.000654221
58	11	1443	1443	0.000717163
58	12	13	13	3.8147e-06
58	13	50256	50256	0
59	5	1510	1510	0.00436401
59	6	400	400	0.00214386
59	7	286	286	0.000240326
59	8	257	257	0.00261307
59	9	4326	4326	0.00159645
59	10	13	13	0.000511169
59	11	50256	50256	0
60	5	735	735	0.000595093
60	6	460	460	0.00018692
60	7	10199	10199	0.00187302
60	8	284	284	6.10352e-05
60	9	5044	5044	0.00116158
60	10	9230	9230	0.00111389
60	11	13	13	3.43323e-05
60	12	50256	50256	0
61	5	290	290	0.00243759
61	6	38467	38467	0.0164871
61	7	5594	5594	0.00209427
61	8	284	284	0.000892639
61	9	262	262	0.000984192
61	10	304	304	0.00961876
61	11	2724	2724	0.0045414
61	12	560	560	0.00204086
61	13	6421	6421	0.000522614
61	14	13	13	1.52588e-05
61	15	50256	50256	0
62	5	13971	13971	0.00135612
62	6	9403	9403	0.000190735
62	7	42626	42626	0.001297
62	8	3349	3349	0.000829697
62	9	739	739	0.000421524
62	10	11080	11080	0.00207329
62	11	3403	3403	0.000616074
62	12	13	13	0
62	13	50256	50256	0
63	5	7319	7319	0.000673294
63	6	16379	16379	0.000453949
63	7	13	13	0
63	8	50256	50256	0
64	5	47933	47933	0.00105667
64	6	832	832	0.000328064
64	7	257	257	0.000722885
64	8	8122	8122	0.00336647
64	9	13	13	4.57764e-05
64	10	50256	50256	0
65	5	2339	2339	0.00427628
65	6	8573	8573	0.0044384
65	7	326	326	0.00802422
65	8	1037	1037	0.002985
65	9	606	606	0.00390816
65	10	7906	7906	0.00410652
65	11	832	832	0.00106621
65	12	262	262	0.000164032
65	13	1633	1633	0.00227928
65	14	13	13	0
65	15	50256	50256	0
66	5	262	262	0.00363541
66	6	5417	5417	0.0147896
66	7	832	832	0.00270462
66	8	257	257	0.00466919
66	9	25979	25979	0.00494194
66	10	287	287	0.0010891
66	11	10836	10836	0.0130558
66	12	13	13	3.8147e-06
66	13	50256	50256	0
67	5	286	286	0.00163651
67	6	7517	7517	0.00543785
67	7	11	11	0.00115395
67	8	319	319	0.00181961
67	9	262	262	0.00110245
67	10	5866	5866	0.00992966
67	11	406	406	0.0124512
67	12	733	733	0.00164986
67	13	2959	2959	0.00240326
67	14	13	13	0.000209808
67	15	50256	50256	0
68	5	4778	4778	0.000431061
68	6	326	326	0.00452614
68	7	3031	3031	0.00562286
68	8	284	284	0.000335693
68	9	15938	15938	0.00636292
68	10	26306	26306	0.00858879
68	11	287	287	0.00482368
68	12	40333	40333	0.00183678
68	13	13	13	0
68	14	50256	50256	0
69	5	284	284	0.00030899
69	6	45075	45075	0.00928497
69	7	262	262	0.000679016
69	8	1271	1271	0.00465012
69	9	286	286	3.8147e-06
69	10	23235	23235	0.00673866
69	11	286	286	0.00185966
69	12	1123	1123	0.00616074
69	13	5002	5002	0.00928879
69	14	13	13	0
69	15	50256	50256	0
70	5	287	287	0.00125122
70	6	663	663	0.000801086
70	7	13179	13179	0.002285
70	8	13	13	0.000465393
70	9	50256	50256	0
71	5	3623	3623	0.0481358
71	6	11	11	0.00116539
71	7	8977	8977	0.0264378
71	8	11	11	0.001091
71	9	290	290	0.00537109
71	10	3223	3223	0.0229702
71	11	2300	2300	0.00709915
71	12	1978	1978	0.00284576
71	13	287	287	0.00288773
71	14	27982	27982	0.00601959
71	15	13	13	0
71	16	50256	50256	0
72	5	11904	11904	0.0184097
72	6	832	832	0.00762367
72	7	2005	2005	0.016716
72	8	83	83	0.00512505
72	9	654	654	0.00990868
72	10	393	393	0.00312614
72	11	584	584	0.0165615
72	12	7494	7494	0.00779915
72	13	876	876	0.00570679
72	14	8573	8573	0.00382614
72	15	13	13	0
72	16	50256	50256	3.05176e-05
73	5	5451	5451	7.24792e-05
73	6	3407	3407	0.000934601
73	7	262	262	7.62939e-05
73	8	25868	25868	0.00219154
73	9	5882	5882	0.000816345
73	10	1757	1757	0.000509262
73	11	7698	7698	0.0010128
73	12	13	13	3.8147e-06
73	13	50256	50256	0
74	5	351	351	0.000991821
74	6	7572	7572	0.00304985
74	7	286	286	0.00138855
74	8	4376	4376	0.00396156
74	9	22969	22969	0.00410652
74	10	13	13	0
74	11	50256	50256	0
75	5	24866	24866	0.00771904
75	6	284	284	0.00173569
75	7	257	257	0.00405502
75	8	2440	2440	0.0207634
75	9	11067	11067	0.00318336
75	10	7078	7078	0.00133896
75	11	13	13	2.28882e-05
75	12	50256	50256	0
76	5	13020	13020	0.00425339
76	6	34262	34262	0.0038929
76	7	422	422	0.000289917
76	8	257	257	0.00212288
76	9	8701	8701	0.00686455
76	10	13	13	0
76	11	50256	50256	0
77	5	2826	2826	0.00966454
77	6	351	351	0.00350571
77	7	663	663	0.00721359
77	8	1767	1767	0.0107079
77	9	4855	4855	0.00527763
77	10	1022	1022	0.00324821
77	11	262	262	0.00249481
77	12	2137	2137	0.0049324
77	13	338	338	0.00126266
77	14	14475	14475	0.00183105
77	15	13	13	0
77	16	50256	50256	0
78	5	11061	11061	0.00478935
78	6	257	257	0.0044136
78	7	37327	37327	0.00763321
78	8	4645	4645	0.00294876
78	9	1900	1900	0.00336075
78	10	355	355	0.00383759
78	11	262	262	0.00111198
78	12	6124	6124	0.0204659
78	13	6391	6391	0.0059166
78	14	17180	17180	0.000776291
78	15	13	13	7.62939e-06
78	16	50256	50256	7.62939e-06
79	5	351	351	0.0010643
79	6	281	281	0.00215721
79	7	30690	30690	0.00292206
79	8	6082	6082	0.00119209
79	9	286	286	0.00025177
79	10	5186	5186	0.00131416
79	11	3877	3877	0.000295639
79	12	13	13	0
79	13	50256	50256	0
80	5	6342	6342	0.0091362
80	6	11	11	0.00155258
80	7	257	257	0.00574112
80	8	1748	1748	0.0056839
80	9	319	319	0.0143089
80	10	262	262	0.000480652
80	11	1001	1001	0.00896454
80	12	500	500	0.00941849
80	13	13	13	0.000432968
80	14	50256	50256	0
81	5	1141	1141	0.00265884
81	6	262	262	4.95911e-05
81	7	1110	1110	0.0108986
81	8	618	618	0.00515938
81	9	1956	1956	0.0100517
81	10	1175	1175	0.00601196
81	11	907	907	0.00722885
81	12	5443	5443	0.00657272
81	13	621	621	0.00292587
81	14	6716	6716	0.00566101
81	15	1660	1660	0.00300026
81	16	13	13	3.8147e-06
81	17	50256	50256	0
82	5	10157	10157	0.00282669
82	6	549	549	0.000814438
82	7	32653	32653	0.00101662
82	8	297	297	0.00178719
82	9	544	544	0.00325394
82	10	7813	7813	0.00230408
82	11	37834	37834	0.000667572
82	12	13	13	1.90735e-05
82	13	50256	50256	0
83	5	1271	1271	0.000827789
83	6	4249	4249	0.00334167
83	7	257	257	0.000331879
83	8	4633	4633	0.00258064
83	9	1271	1271	0.000589371
83	10	13	13	0
83	11	50256	50256	0
84	5	3139	3139	0.00300598
84	6	286	286	0.00217819
84	7	10836	10836	0.0110359
84	8	11	11	4.95911e-05
84	9	287	287	0.00101852
84	10	262	262	0.00195694
84	11	1499	1499	0.00730515
84	12	338	338	0.00352478
84	13	5093	5093	0.00858879
84	14	13	13	5.34058e-05
84	15	50256	50256	3.8147e-06
85	5	19812	19812	0.000816345
85	6	20775	20775	0.000776291
85	7	25730	25730	0.000585556
85	8	17628	17628	0.00071907
85	9	13	13	0
85	10	50256	50256	0
86	5	318	318	0.000577927
86	6	4635	4635	0.0066433
86	7	416	416	0.000118256
86	8	38797	38797	0.00309563
86	9	278	278	0.00186348
86	10	37624	37624	0.00366592
86	11	41266	41266	0.00265121
86	12	351	351	0.00127029
86	13	8268	8268	0.00566864
86	14	13	13	0.000770569
86	15	50256	50256	0
87	5	262	262	7.62939e-06
87	6	10359	10359	0.0015049
87	7	290	290	0.000621796
87	8	262	262	0.000133514
87	9	10329	10329	0.00104332
87	10	13	13	0
87	11	50256	50256	0
88	5	11685	11685	0.00253105
88	6	286	286	0.000614166
88	7	18190	18190	0.00395584
88	8	290	290	0.00207138
88	9	511	511	0.00094986
88	10	3585	3585	0.00862122
88	11	6116	6116	0.00175858
88	12	13	13	0
88	13	50256	50256	0
89	5	18044	18044	0.0116215
89	6	1633	1633	0.00375366
89	7	832	832	0.001091
89	8	511	511	0.00253487
89	9	6611	6611	0.00861931
89	10	28439	28439	0.00243568
89	11	13	13	2.28882e-05
89	12	50256	50256	0
90	5	15061	15061	0.0119724
90	6	36402	36402	0.00527763
90	7	286	286	0.00101662
90	8	257	257	0.00585556
90	9	19690	19690	0.00479889
90	10	5509	5509	0.00317192
90	11	13	13	0.000518799
90	12	50256	50256	0
91	5	11	11	0.000699997
91	6	1690	1690	0.0150814
91	7	41266	41266	0.00213432
91	8	393	393	0.00206375
91	9	2511	2511	0.0156937
91	10	680	680	0.00761032
91	11	11	11	0.00106812
91	12	351	351	0.00367928
91	13	1622	1622	0.0136871
91	14	654	654	0.00512505
91	15	13	13	0
91	16	50256	50256	0
92	5	4104	4104	0.00409317
92	6	1088	1088	0.00208092
92	7	17648	17648	0.00753784
92	8	290	290	0.000427246
92	9	832	832	0.00402641
92	10	28431	28431	0.00265884
92	11	13	13	0
92	12	50256	50256	0
93	5	257	257	0.00561905
93	6	2139	2139	0.00984573
93	7	3170	3170	0.00189209
93	8	319	319	0.00193405
93	9	262	262	0.00621033
93	10	5230	5230	0.014677
93	11	2138	2138	0.00335503
93	12	621	621	0.00239944
93	13	257	257	0.0160446
93	14	6171	6171	0.0249023
93	15	5177	5177	0.0144997
93	16	329	329	0.00601387
93	17	262	262	0.00590897
93	18	5230	5230	0.00989914
93	19	13	13	3.8147e-06
93	20	50256	50256	9.53674e-05
94	5	6588	6588	0.00231361
94	6	17556	17556	0.00490952
94	7	326	326	0.00387192
94	8	5419	5419	0.00247383
94	9	8509	8509	0.00471878
94	10	15756	15756	0.00229454
94	11	4485	4485	0.00210762
94	12	13	13	4.19617e-05
94	13	50256	50256	0
95	5	11073	11073	0.000232697
95	6	281	281	0.00056839
95	7	772	772	0.0106125
95	8	18253	18253	0.00452423
95	9	13	13	7.24792e-05
95	10	50256	50256	0
96	5	318	318	0.00640869
96	6	262	262	0.000835419
96	7	1218	1218	0.0214787
96	8	13	13	0.000545502
96	9	50256	50256	0
97	5	262	262	0
97	6	20938	20938	0.0219784
97	7	7679	7679	0.0034008
97	8	1444	1444	0.00567245
97	9	262	262	0.0021286
97	10	14673	14673	0.0172024
97	11	22829	22829	0.00120163
97	12	13	13	0
97	13	50256	50256	0
98	5	6870	6870	0.00185394
98	6	8787	8787	0.00339127
98	7	1231	1231	0.00170517
98	8	38875	38875	0.00389862
98	9	1123	1123	0.00227737
98	10	4637	4637	0.00377083
98	11	257	257	0.0011158
98	12	4571	4571	0.00380707
98	13	13	13	0.000255585
98	14	50256	50256	0
99	5	2138	2138	0.0190678
99	6	621	621	0.00526047
99	7	1660	1660	0.00220871
99	8	11	11	0.00152206
99	9	287	287	0.0172615
99	10	511	511	0.00620079
99	11	1311	1311	0.00674438
99	12	862	862	0.00488091
99	13	13	13	5.34058e-05
99	14	50256	50256	0
100	5	1514	1514	0.00140762
100	6	3096	3096	0.00130272
100	7	468	468	0.00557518
100	8	43063	43063	0.00800514
100	9	3951	3951	0.0015583
100	10	287	287	0.00109863
100	11	1123	1123	0.00739288
100	12	4571	4571	0.00506973
100	13	13	13	0.000310898
100	14	50256	50256	0
101	5	48573	48573	0.00363731
101	6	6134	6134	0.000738144
101	7	16573	16573	0.00457382
101	8	284	284	0.000175476
101	9	1204	1204	0.00974083
101	10	11061	11061	0.00138092
101	11	32085	32085	0.00265503
101	12	729	729	0.00233841
101	13	13	13	4.19617e-05
101	14	50256	50256	0
102	5	9197	9197	0.0108204
102	6	8320	8320	0.00989914
102	7	689	689	0.00595284
102	8	772	772	0.00261116
102	9	611	611	0.00357819
102	10	663	663	4.57764e-05
102	11	2866	2866	0.0069294
102	12	14768	14768	0.00522614
102	13	6937	6937	0.00615692
102	14	13	13	0.000549316
102	15	50256	50256	3.8147e-06
103	5	1660	1660	0.0174904
103	6	40169	40169	0.0144577
103	7	379	379	0.00490189
103	8	257	257	0.0014801
103	9	2793	2793	0.0138626
103	10	5951	5951	0.0118484
103	11	13	13	3.8147e-06
103	12	50256	50256	0
104	5	262	262	0
104	6	23902	23902	0.0038147
104	7	23642	23642	0.00314522
104	8	16161	16161	0.00243568
104	9	1444	1444	0.00305557
104	10	262	262	4.57764e-05
104	11	34822	34822	0.00380898
104	12	6378	6378	0.000688553
104	13	13	13	3.8147e-06
104	14	50256	50256	0
105	5	1022	1022	0.00155258
105	6	4237	4237	0.00912666
105	7	290	290	0.000297546
105	8	3957	3957	0.00573349
105	9	393	393	0.000526428
105	10	6143	6143	0.00465202
105	11	21379	21379	0.00412178
105	12	13	13	0.000141144
105	13	50256	50256	0
106	5	262	262	0.00333405
106	6	22088	22088	0.00542641
106	7	291	291	0.00269318
106	8	13061	13061	0.00516701
106	9	21072	21072	0.00154877
106	10	44921	44921	0.00144958
106	11	13	13	5.72205e-05
106	12	50256	50256	0
107	5	1660	1660	0.000957489
107	6	287	287	0.00136185
107	7	6546	6546	0.0039978
107	8	2945	2945	0.00414085
107	9	5667	5667	0.000709534
107	10	11	11	0.000507355
107	11	21552	21552	0.00836372
107	12	11	11	0.000991821
107	13	393	393	0.00439453
107	14	11135	11135	0.00983429
107	15	13	13	0.000175476
107	16	50256	50256	0
108	5	7627	7627	0.00571442
108	6	904	904	0.00315094
108	7	656	656	0.000383377
108	8	262	262	9.15527e-05
108	9	10596	10596	0.00845909
108	10	10692	10692	0.00097847
108	11	13	13	4.95911e-05
108	12	50256	50256	0
109	5	262	262	0.00743103
109	6	16577	16577	0.0108166
109	7	15921	15921	0.00393105
109	8	286	286	0.00328445
109	9	257	257	0.017807
109	10	14281	14281	0.00931168
109	11	17793	17793	0.0012455
109	12	13	13	0
109	13	50256	50256	0
110	5	41917	41917	0.00581932
110	6	9978	9978	0.00768661
110	7	326	326	0.00336075
110	8	460	460	0.00226212
110	9	3650	3650	0.00377655
110	10	290	290	0.00183678
110	11	21937	21937	0.00704765
110	12	24284	24284	0.00271034
110	13	17794	17794	0.00173569
110	14	286	286	0.000507355
110	15	34573	34573	0.00368881
110	16	13	13	5.34058e-05
110	17	50256	50256	0
111	5	6591	6591	0.00661659
111	6	1080	1080	0.00273323
111	7	11	11	0.00333023
111	8	22721	22721	0.0131817
111	9	468	468	0.00455475
111	10	262	262	0.000595093
111	11	6000	6000	0.00956726
111	12	2347	2347	0.00536156
111	13	13	13	0.00018692
111	14	50256	50256	3.8147e-05
112	5	34616	34616	0.00331688
112	6	29120	29120	0.00213242
112	7	656	656	0.00457001
112	8	262	262	0.000110626
112	9	1402	1402	0.00219154
112	10	45426	45426	0.00312996
112	11	13	13	0
112	12	50256	50256	0
113	5	3625	3625	0.00154114
113	6	329	329	0.00103378
113	7	3356	3356	0.00154114
113	8	290	290	0.000597
113	9	13017	13017	0.00421524
113	10	13	13	0
113	11	50256	50256	0
114	5	8122	8122	0.0152683
114	6	11	11	0.0119553
114	7	9472	9472	0.00702667
114	8	663	663	0.00723648
114	9	8434	8434	0.00648689
114	10	4755	4755	0.00606537
114	11	318	318	0.000354767
114	12	4735	4735	0.0101414
114	13	13	13	0
114	14	50256	50256	0
115	5	8802	8802	0.000318527
115	6	19079	19079	0.000436783
115	7	1998	1998	0.000476837
115	8	6697	6697	0.000284195
115	9	7028	7028	0.00120354
115	10	13	13	0
115	11	50256	50256	0
116	5	274	274	0.00234985
116	6	13617	13617	0.00652885
116	7	278	278	0.00402069
116	8	329	329	0.00187683
116	9	1103	1103	0.0178928
116	10	3146	3146	0.00857162
116	11	13	13	0
116	12	50256	50256	0
117	5	13204	13204	0.000265121
117	6	4991	4991	0.00597191
117	7	286	286	0.000244141
117	8	2877	2877	0.00704193
117	9	20296	20296	0.00108528
117	10	13	13	4.57764e-05
117	11	50256	50256	0
118	5	281	281	0.000499725
118	6	1633	1633	0.00184631
118	7	1014	1014	0.00245476
118	8	1022	1022	0.00133896
118	9	262	262	3.8147e-06
118	10	300	300	0.00206184
118	11	38621	38621	0.00468063
118	12	87	87	0.00225258
118	13	290	290	0.000953674
118	14	262	262	4.57764e-05
118	15	18443	18443	0.00306511
118	16	11072	11072	0.0021553
118	17	13	13	0
118	18	50256	50256	0
119	5	9460	9460	0.00187111
119	6	293	293	0.00243378
119	7	9280	9280	0.00354767
119	8	48556	48556	0.00292778
119	9	1321	1321	0.00228119
119	10	546	546	0.00485039
119	11	262	262	0.000488281
119	12	4067	4067	0.0155811
119	13	286	286	0.000282288
119	14	2057	2057	0.0137463
119	15	13	13	0.00680733
119	16	50256	50256	0
120	5	17522	17522	0.00928879
120	6	318	318	0.00257111
120	7	5017	5017	0.00723457
120	8	351	351	0.000888824
120	9	16252	16252	0.00387383
120	10	13	13	0.000114441
120	11	50256	50256	0
121	5	257	257	0.000459671
121	6	2393	2393	0.0298595
121	7	338	338	0.00235367
121	8	5794	5794	0.0079174
121	9	11	11	0.000947952
121	10	475	475	0.0185261
121	11	340	340	0.00508881
121	12	857	857	0.00551224
121	13	407	407	0.00361443
121	14	9149	9149	0.011385
121	15	326	326	0.00105095
121	16	5794	5794	0.00995064
121	17	13	13	3.05176e-05
121	18	50256	50256	0
122	5	262	262	0.000335693
122	6	3139	3139	0.00380898
122	7	286	286	0.000110626
122	8	21506	21506	0.00922775
122	9	287	287	0.000682831
122	10	3687	3687	0.00382042
122	11	5478	5478	0.000505447
122	12	13	13	0.000133514
122	13	50256	50256	0
123	5	16021	16021	0.00337219
123	6	11447	11447	0.00241852
123	7	10717	10717	0.000638962
123	8	1444	1444	0.00104141
123	9	257	257	0.000684738
123	10	9529	9529	0.00431061
123	11	528	528	0.00261307
123	12	462	462	0.0019474
123	13	13	13	0.000133514
123	14	50256	50256	0
124	5	866	866	0.00446701
124	6	2636	2636	0.00205421
124	7	20296	20296	0.00191116
124	8	290	290	0.000839233
124	9	48914	48914	0.00470543
124	10	20901	20901	0.00331879
124	11	832	832	0.00282478
124	12	30020	30020	0.000658035
124	13	13	13	3.8147e-06
124	14	50256	50256	0
125	5	82	82	0.00150681
125	6	262	262	0.00181198
125	7	2989	2989	0.00430679
125	8	16654	16654	0.00213432
125	9	287	287	0.000488281
125	10	257	257	0.00141907
125	11	23243	23243	0.00282288
125	12	8379	8379	0.000659943
125	13	13	13	0
125	14	50256	50256	0
126	5	3519	3519	0.000169754
126	6	1171	1171	0.000528336
126	7	290	290	0.000629425
126	8	2839	2839	0.00133514
126	9	8251	8251	0.000740051
126	10	13	13	0
126	11	50256	50256	0
127	5	318	318	0.000453949
127	6	1444	1444	0.000335693
127	7	32896	32896	0.000944138
127	8	14596	14596	0.000484467
127	9	13	13	1.52588e-05
127	10	50256	50256	0
128	5	925	925	0.00185013
128	6	7525	7525	0.00327301
128	7	422	422	0.00222969
128	8	15317	15317	0.00171661
128	9	290	290	3.05176e-05
128	10	31861	31861	0.00234222
128	11	13	13	0
128	12	50256	50256	0
129	5	257	257	0.00395775
129	6	7226	7226	0.0100994
129	7	21264	21264	0.00577354
129	8	36264	36264	0.00312614
129	9	36869	36869	0.00265884
129	10	21126	21126	0.00177002
129	11	7405	7405	0.00397682
129	12	290	290	0.000175476
129	13	14754	14754	0.0033474
129	14	663	663	0.000675201
129	15	7894	7894	0.00661278
129	16	13	13	0
129	17	50256	50256	0
130	5	290	290	0.0046463
130	6	17298	17298	0.174742
130	7	287	287	0.00439835
130	8	262	262	0.00109863
130	9	7976	7976	0.00332832
130	10	2436	2436	0.00206757
130	11	26676	26676	0.00088501
130	12	13	13	7.62939e-06
130	13	50256	50256	0
131	5	389	389	0.00650215
131	6	262	262	0.0064621
131	7	717	717	0.0143051
131	8	9403	9403	0.00730324
131	9	5667	5667	0.00570679
131	10	286	286	0.00106049
131	11	257	257	0.00609589
131	12	4618	4618	0.00865746
131	13	39880	39880	0.00533485
131	14	13	13	0
131	15	50256	50256	2.28882e-05
132	5	4847	4847	0.00776863
132	6	287	287	0.000564575
132	7	5788	5788	0.00605774
132	8	416	416	0.00432205
132	9	17247	17247	0.00559235
132	10	7572	7572	0.00272369
132	11	286	286	0.000389099
132	12	37410	37410	0.00269127
132	13	3951	3951	0.000905991
132	14	13	13	0
132	15	50256	50256	0
133	5	7667	7667	0.00160789
133	6	8598	8598	0.00103378
133	7	16069	16069	0.000629425
133	8	13	13	2.67029e-05
133	9	50256	50256	0
134	5	9260	9260	0.00120926
134	6	1577	1577	0.000507355
134	7	262	262	4.57764e-05
134	8	5440	5440	0.00250816
134	9	663	663	0.000284195
134	10	14688	14688	0.00543594
134	11	680	680	0.000869751
134	12	5585	5585	0.00111961
134	13	13	13	0.000225067
134	14	50256	50256	0
135	5	389	389	0.00403214
135	6	1036	1036	0.0127258
135	7	515	515	0.00157356
135	8	284	284	0.000473022
135	9	787	787	0.0062542
135	10	257	257	0.0152969
135	11	279	279	0.0172005
135	12	2150	2150	0.00716591
135	13	298	298	0.00584602
135	14	1779	1779	0.00356483
135	15	3681	3681	0.00112534
135	16	13	13	6.86646e-05
135	17	50256	50256	0
136	5	24830	24830	0.0297298
136	6	287	287	0.00226593
136	7	543	543	0.0112782
136	8	1123	1123	0.00702286
136	9	6194	6194	0.0233498
136	10	2391	2391	0.00482178
136	11	6870	6870	0.00338936
136	12	530	530	0.00550461
136	13	44278	44278	0.00364494
136	14	415	415	0.00254822
136	15	393	393	0.00167847
136	16	48617	48617	0.00181198
136	17	13	13	0
136	18	50256	50256	0
137	5	3473	3473	0.00170326
137	6	5688	5688	0.00396538
137	7	286	286	0.000724792
137	8	12925	12925	0.00746536
137	9	5207	5207	0.00176811
137	10	286	286	5.34058e-05
137	11	1660	1660	0.00564194
137	12	4771	4771	0.00645638
137	13	13	13	0
137	14	50256	50256	0
138	5	3825	3825	0.00465775
138	6	338	338	0.00410843
138	7	4755	4755	0.0225754
138	8	26161	26161	0.00618553
138	9	17669	17669	0.00544167
138	10	656	656	0.000507355
138	11	43142	43142	0.00664902
138	12	290	290	0.000144958
138	13	10050	10050	0.00425148
138	14	2568	2568	0.00261497
138	15	13	13	0
138	16	50256	50256	0
139	5	3881	3881	0.00774002
139	6	326	326	0.00285721
139	7	460	460	0.00276184
139	8	47577	47577	0.0130386
139	9	6364	6364	0.00608635
139	10	625	625	0.00448036
139	11	41917	41917	0.00575447
139	12	1661	1661	0.00384903
139	13	66	66	0.00416756
139	14	2040	2040	0.00636482
139	15	13	13	4.95911e-05
139	16	50256	50256	0
140	5	286	286	0.000167847
140	6	28722	28722	0.00325584
140	7	287	287	0.00162125
140	8	257	257	0.000829697
140	9	5931	5931	0.00222969
140	10	6317	6317	0.00643921
140	11	13	13	0.000301361
140	12	50256	50256	0
141	5	5002	5002	0.0033474
141	6	326	326	0.0017662
141	7	318	318	0.00483513
141	8	8122	8122	0.00460815
141	9	379	379	0.000164032
141	10	8850	8850	0.006567
141	11	2119	2119	0.00204086
141	12	5951	5951	0.00117683
141	13	13	13	0
141	14	50256	50256	0
142	5	284	284	0.00094986
142	6	22792	22792	0.00101662
142	7	962	962	0.00119781
142	8	2763	2763	0.00131989
142	9	403	403	0.00298119
142	10	338	338	0.000366211
142	11	22234	22234	0.00533104
142	12	287	287	0.000938416
142	13	36094	36094	0.00183678
142	14	13	13	0
142	15	50256	50256	0
143	5	38467	38467	0.00479317
143	6	1296	1296	0.00171661
143	7	1969	1969	0.00598335
143	8	15814	15814	0.0058651
143	9	351	351	0.00125504
143	10	262	262	0.00355148
143	11	11135	11135	0.00850868
143	12	286	286	0.0019455
143	13	6134	6134	0.00780678
143	14	13	13	0
143	15	50256	50256	0
144	5	262	262	0.000225067
144	6	39522	39522	0.00294685
144	7	286	286	0.000228882
144	8	1568	1568	0.00326729
144	9	4795	4795	0.000747681
144	10	10752	10752	0.000736237
144	11	12153	12153	0.000869751
144	12	274	274	0.000835419
144	13	13	13	1.14441e-05
144	14	50256	50256	0
145	5	319	319	0.00101662
145	6	2995	2995	0.00331879
145	7	1141	1141	0.00200844
145	8	262	262	0.000926971
145	9	44695	44695	0.00117874
145	10	1810	1810	0.000772476
145	11	13	13	0.000205994
145	12	50256	50256	0
146	5	48440	48440	0.00439453
146	6	11904	11904	0.00374413
146	7	973	973	0.00908852
146	8	355	355	0.00642586
146	9	257	257	0.00450897
146	10	25721	25721	0.00263977
146	11	13	13	3.43323e-05
146	12	50256	50256	0
147	5	319	319	0.00374031
147	6	46376	46376	0.0111275
147	7	11	11	0.00210381
147	8	16083	16083	0.0118847
147	9	981	981	0.00870132
147	10	262	262	0.00576019
147	11	46376	46376	0.00802231
147	12	318	318	0.00398064
147	13	9583	9583	0.00411224
147	14	13	13	0
147	15	50256	50256	0
148	5	9779	9779	0.0557194
148	6	318	318	0.00425339
148	7	257	257	0.000484467
148	8	7446	7446	0.104408
148	9	8379	8379	0.00671577
148	10	326	326	0.00428772
148	11	22625	22625	0.0284367
148	12	284	284	0.00330734
148	13	257	257	0.0125065
148	14	10345	10345	0.023304
148	15	1720	1720	0.005867
148	16	13	13	3.8147e-06
148	17	50256	50256	0
149	5	1254	1254	0.0024128
149	6	3463	3463	0.00352478
149	7	1203	1203	0.0113754
149	8	780	780	0.0039444
149	9	484	484	0.0100899
149	10	290	290	0.00154114
149	11	511	511	0.00496101
149	12	16807	16807	0.00425529
149	13	389	389	0.0017662
149	14	17282	17282	0.003582
149	15	7463	7463	0.00259209
149	16	1978	1978	0.00443459
149	17	13	13	0
149	18	50256	50256	0
150	5	262	262	0.000640869
150	6	6697	6697	0.0132179
150	7	4571	4571	0.00742531
150	8	422	422	0.000839233
150	9	749	749	0.0104504
150	10	584	584	0.012495
150	11	14705	14705	0.0135918
150	12	287	287	0.000102997
150	13	674	674	0.00225258
150	14	6591	6591	0.00327873
150	15	1080	1080	0.00279999
150	16	13	13	0
150	17	50256	50256	0
151	5	287	287	1.52588e-05
151	6	10598	10598	0.000991821
151	7	287	287	1.52588e-05
151	8	5846	5846	0.00062561
151	9	37078	37078	0.000249863
151	10	13	13	1.14441e-05
151	11	50256	50256	0
152	5	9505	9505	0.00195312
152	6	379	379	0.000303268
152	7	262	262	9.34601e-05
152	8	5645	5645	0.00992203
152	9	286	286	0.000205994
152	10	11945	11945	0.0122986
152	11	287	287	7.24792e-05
152	12	867	867	0.0109501
152	13	24039	24039	0.000780106
152	14	13	13	0
152	15	50256	50256	0
153	5	3106	3106	0.0104103
153	6	36186	36186	0.0126781
153	7	326	326	0.00292206
153	8	4909	4909	0.00907135
153	9	6588	6588	0.0108833
153	10	13	13	0
153	11	50256	50256	0
154	5	2630	2630	0.000656128
154	6	262	262	0.000453949
154	7	711	711	0.00432777
154	8	1900	1900	0.000511169
154	9	355	355	0.000751495
154	10	383	383	0.00328445
154	11	23165	23165	0.0020771
154	12	1471	1471	0.00193787
154	13	30215	30215	0.000947952
154	14	13	13	0
154	15	50256	50256	0
155	5	1497	1497	0.000728607
155	6	422	422	0.00102615
155	7	262	262	0.000221252
155	8	2612	2612	0.00658226
155	9	11	11	0.000234604
155	10	7692	7692	0.011795
155	11	286	286	0.000919342
155	12	663	663	0.00266647
155	13	11863	11863	0.00515175
155	14	2695	2695	0.00198555
155	15	13	13	0
155	16	50256	50256	0.000175476
156	5	21718	21718	0.00389481
156	6	6296	6296	0.0012207
156	7	1474	1474	0.000730515
156	8	6342	6342	0.0067215
156	9	287	287	0.00038147
156	10	4881	4881	0.00723839
156	11	13	13	0.000152588
156	12	50256	50256	0
157	5	257	257	0.00725555
157	6	2060	2060	0.00282669
157	7	19078	19078	0.00384331
157	8	1143	1143	0.0048008
157	9	5935	5935	0.00330353
157	10	326	326	0.00283241
157	11	36319	36319	0.00617218
157	12	656	656	0.00138664
157	13	4553	4553	0.00575638
157	14	39966	39966	0.00827599
157	15	13	13	0
157	16	50256	50256	0
158	5	257	257	0.00683403
158	6	4553	4553	0.0132904
158	7	13239	13239	0.00662613
158	8	422	422	0.00145721
158	9	6134	6134	0.00202942
158	10	290	290	0.000198364
158	11	4695	4695	0.00476074
158	12	13	13	0
158	13	50256	50256	0
159	5	881	881	0.000282288
159	6	286	286	0.000350952
159	7	21673	21673	0.0122013
159	8	338	338	0.00133896
159	9	6156	6156	0.0110435
159	10	26898	26898	0.00619698
159	11	4417	4417	0.00328255
159	12	13	13	0.000556946
159	13	50256	50256	0
160	5	262	262	0.000225067
160	6	1180	1180	0.0345516
160	7	4069	4069	0.00176239
160	8	286	286	0.000457764
160	9	3056	3056	0.0317917
160	10	290	290	0.00699615
160	11	1660	1660	0.0131683
160	12	319	319	0.0224819
160	13	7815	7815	0.0163078
160	14	13	13	0
160	15	50256	50256	0
161	5	11	11	0.000440598
161	6	262	262	0.000476837
161	7	3825	3825	0.00753021
161	8	24234	24234	0.00163269
161	9	262	262	0.000431061
161	10	33258	33258	0.0176144
161	11	1602	1602	0.00217247
161	12	1352	1352	0.00602341
161	13	13	13	0.000143051
161	14	50256	50256	0
162	5	45656	45656	0.0041523
162	6	621	621	0.00405312
162	7	7424	7424	0.00132561
162	8	2266	2266	0.00432968
162	9	1657	1657	0.00204086
162	10	13	13	8.39233e-05
162	11	50256	50256	7.62939e-06
163	5	925	925	0.0247154
163	6	510	510	0.0122967
163	7	286	286	0.00119019
163	8	30362	30362	0.00994301
163	9	16057	16057	0.00275803
163	10	68	68	0.00433731
163	11	13	13	8.39233e-05
163	12	50256	50256	0
164	5	3356	3356	0.00952339
164	6	286	286	1.52588e-05
164	7	15938	15938	0.0298595
164	8	656	656	0.0064888
164	9	290	290	0.0156765
164	10	503	503	0.0220337
164	11	286	286	0.00123405
164	12	257	257	0.00193787
164	13	2685	2685	0.00890732
164	14	13	13	0
164	15	50256	50256	0
165	5	5732	5732	0.0163879
165	6	351	351	0.0153046
165	7	262	262	3.8147e-05
165	8	6616	6616	0.0126915
165	9	286	286	0.000270844
165	10	663	663	0.00759315
165	11	2866	2866	0.013319
165	12	287	287	0.00142288
165	13	15993	15993	0.00579643
165	14	12933	12933	0.0025444
165	15	13	13	7.62939e-06
165	16	50256	50256	0
166	5	286	286	0
166	6	15317	15317	0.00245857
166	7	290	290	1.14441e-05
166	8	19783	19783	0.00335121
166	9	13	13	0
166	10	50256	50256	0
167	5	5366	5366	0.00870514
167	6	286	286	0.0020256
167	7	262	262	3.8147e-06
167	8	7022	7022	0.00968933
167	9	286	286	0.00364685
167	10	347	347	0.011982
167	11	8553	8553	0.00520515
167	12	78	78	0.00573921
167	13	13	13	0.000175476
167	14	50256	50256	0
168	5	286	286	0.00148201
168	6	5186	5186	0.00202179
168	7	3877	3877	0.00273132
168	8	13	13	0.000289917
168	9	50256	50256	3.8147e-06
169	5	1768	1768	0.00180244
169	6	3994	3994	0.00122833
169	7	262	262	0.000133514
169	8	13204	13204	0.00018692
169	9	7532	7532	0.00187302
169	10	41927	41927	0.00102234
169	11	10680	10680	0.000644684
169	12	13	13	1.14441e-05
169	13	50256	50256	0
170	5	3139	3139	0.00580025
170	6	286	286	0.00211334
170	7	29638	29638	0.0311031
170	8	11	11	0.00112534
170	9	2138	2138	0.00526047
170	10	621	621	0.00159073
170	11	11294	11294	0.0018692
170	12	23117	23117	0.000904083
170	13	42124	42124	0.00025177
170	14	13	13	0
170	15	50256	50256	0
171	5	338	338	2.67029e-05
171	6	383	383	0.0010128
171	7	9467	9467	0.00123787
171	8	13274	13274	0.00182724
171	9	286	286	4.19617e-05
171	10	14059	14059	0.00423813
171	11	3407	3407	0.000389099
171	12	24203	24203	0.00159073
171	13	29906	29906	0.000724792
171	14	13	13	0
171	15	50256	50256	0
172	5	12	12	0.000804901
172	6	2164	2164	0.00567627
172	7	1328	1328	0.00710106
172	8	31513	31513	0.00380516
172	9	3881	3881	0.00455284
172	10	2219	2219	0.00728226
172	11	287	287	0.000762939
172	12	9151	9151	0.00570679
172	13	291	291	0.00283813
172	14	20048	20048	0.00348663
172	15	13	13	0
172	16	50256	50256	0
173	5	1115	1115	0.0423012
173	6	11954	11954	0.0045433
173	7	11	11	0.000581741
173	8	734	734	0.0112095
173	9	8901	8901	0.00408173
173	10	2910	2910	0.00582123
173	11	832	832	0.00228882
173	12	663	663	0.00421906
173	13	308	308	0.00845909
173	14	2171	2171	0.00204468
173	15	13	13	0.00012207
173	16	50256	50256	0
174	5	12278	12278	0.0114727
174	6	17655	17655	0.00706673
174	7	1626	1626	0.00490379
174	8	15114	15114	0.0086937
174	9	393	393	0.00200653
174	10	1022	1022	0.00486565
174	11	257	257	0.00627136
174	12	6279	6279	0.0156651
174	13	290	290	0.000421524
174	14	262	262	0.0019474
174	15	2323	2323	0.00621796
174	16	13	13	0
174	17	50256	50256	0
175	5	39526	39526	0.00739861
175	6	2877	2877	0.00650978
175	7	351	351	0.00637817
175	8	257	257	0.00997543
175	9	5205	5205	0.00569534
175	10	33567	33567	0.00386238
175	11	6587	6587	0.00242996
175	12	5212	5212	0.00199127
175	13	13	13	0.000461578
175	14	50256	50256	0
176	5	262	262	0.000427246
176	6	4376	4376	0.0282097
176	7	3006	3006	0.00609016
176	8	286	286	0.000183105
176	9	257	257	7.05719e-05
176	10	23470	23470	0.0078373
176	11	2512	2512	0.00709534
176	12	3328	3328	0.00350189
176	13	16882	16882	0.0013485
176	14	13	13	0
176	15	50256	50256	0
177	5	9417	9417	0.00818443
177	6	9136	9136	0.0126152
177	7	6492	6492	0.00795937
177	8	422	422	0.00345802
177	9	1728	1728	0.0136662
177	10	2266	2266	0.0191326
177	11	33773	33773	0.0229664
177	12	13	13	0
177	13	50256	50256	0
178	5	7411	7411	0.00277519
178	6	6953	6953	0.010355
178	7	11	11	0.00097847
178	8	11863	11863	0.00786781
178	9	11	11	0.00178719
178	10	290	290	0.00329971
178	11	1660	1660	0.00516891
178	12	13	13	0.00154877
178	13	50256	50256	0
179	5	1277	1277	0.0163689
179	6	511	511	0.00246429
179	7	734	734	0.013319
179	8	2951	2951	0.00385284
179	9	14799	14799	0.00370407
179	10	981	981	0.0013237
179	11	21976	21976	0.00151253
179	12	511	511	0.000699997
179	13	21334	21334	0.00265884
179	14	13	13	6.86646e-05
179	15	50256	50256	0
180	5	11	11	0.00222969
180	6	2138	2138	0.00538445
180	7	621	621	0.00642776
180	8	2458	2458	0.0106449
180	9	287	287	0.00160599
180	10	663	663	0.00403023
180	11	5253	5253	0.00645638
180	12	422	422	0.00229454
180	13	262	262	0.00252151
180	14	3825	3825	0.0095253
180	15	11	11	0.00435257
180	16	5640	5640	0.00347137
180	17	262	262	0.00038147
180	18	7028	7028	0.00315285
180	19	13	13	0
180	20	50256	50256	3.8147e-06
181	5	8064	8064	0.012207
181	6	286	286	0.000347137
181	7	257	257	0.00316238
181	8	48862	48862	0.0132446
181	9	485	485	0.00526428
181	10	272	272	0.00488281
181	11	9197	9197	0.00725937
181	12	338	338	0.00127029
181	13	38447	38447	0.00666618
181	14	284	284	0.00152969
181	15	663	663	0.00116158
181	16	14753	14753	0.00274467
181	17	13	13	0
181	18	50256	50256	0
182	5	874	874	0.00503731
182	6	287	287	0.0026474
182	7	262	262	8.01086e-05
182	8	8434	8434	0.00163841
182	9	1027	1027	0.00758934
182	10	1037	1037	0.00320816
182	11	4886	4886	0.00193405
182	12	13179	13179	0.00366974
182	13	286	286	0.000705719
182	14	262	262	0.00038147
182	15	1182	1182	0.00298882
182	16	13	13	0
182	17	50256	50256	0
183	5	1262	1262	0.00288582
183	6	14091	14091	0.00556183
183	7	7572	7572	0.0045166
183	8	319	319	0.00111771
183	9	24012	24012	0.00673485
183	10	458	458	0.00213432
183	11	34387	34387	0.00162506
183	12	13	13	0
183	13	50256	50256	0
184	5	3463	3463	0.00468445
184	6	318	318	0.00103378
184	7	262	262	0.00172043
184	8	29973	29973	0.00278854
184	9	2700	2700	0.00619698
184	10	7205	7205	0.0050106
184	11	319	319	0.000499725
184	12	281	281	0.00374031
184	13	2134	2134	0.00337791
184	14	13	13	0.000238419
184	15	50256	50256	0
185	5	7475	7475	0.00341034
185	6	11	11	0.00133133
185	7	355	355	0.00603485
185	8	618	618	0.00915909
185	9	466	466	0.00610733
185	10	407	407	0.00223732
185	11	4329	4329	0.00918388
185	12	836	836	0.00294685
185	13	470	470	0.0024147
185	14	13	13	0.000656128
185	15	50256	50256	7.62939e-06
186	5	19700	19700	0.00185013
186	6	6588	6588	0.000225067
186	7	378	378	0.00325775
186	8	21622	21622	0.000465393
186	9	13	13	0
186	10	50256	50256	0
187	5	18405	18405	0.00288582
187	6	284	284	0.00128174
187	7	2222	2222	0.00435066
187	8	15619	15619	0.00379562
187	9	1657	1657	0.000461578
187	10	284	284	0.00104141
187	11	257	257	0.00279617
187	12	2962	2962	0.00340271
187	13	13	13	0.000286102
187	14	50256	50256	0
188	5	14310	14310	0.00822639
188	6	287	287	0.00114059
188	7	8122	8122	0.0284348
188	8	284	284	0.00630188
188	9	7603	7603	0.0103798
188	10	1771	1771	0.0043869
188	11	257	257	0.000623703
188	12	4417	4417	0.00408173
188	13	318	318	0.00469017
188	14	1241	1241	0.00884438
188	15	13	13	0
188	16	50256	50256	0
189	5	262	262	0.000335693
189	6	19517	19517	0.014904
189	7	6896	6896	0.00117493
189	8	351	351	0.0060997
189	9	262	262	1.90735e-05
189	10	2297	2297	0.0366478
189	11	6896	6896	0.00103378
189	12	13	13	0.00133133
189	13	50256	50256	0
190	5	269	269	0.00180244
190	6	8325	8325	0.00553131
190	7	298	298	0.00307465
190	8	13100	13100	0.00436211
190	9	290	290	0.0022316
190	10	318	318	0.0236073
190	11	4318	4318	0.0320683
190	12	284	284	0.00343323
190	13	10469	10469	0.0187321
190	14	16585	16585	0.00191116
190	15	13	13	0
190	16	50256	50256	0
191	5	3793	3793	0.00167847
191	6	284	284	3.05176e-05
191	7	9161	9161	0.00231934
191	8	1613	1613	0.00097084
191	9	1692	1692	0.00555038
191	10	14515	14515	0.000524521
191	11	13	13	0
191	12	50256	50256	0
192	5	15715	15715	0.00310135
192	6	621	621	0.00175095
192	7	8122	8122	0.0160294
192	8	1660	1660	0.0119362
192	9	11	11	1.90735e-05
192	10	523	523	0.0132008
192	11	340	340	0.0103588
192	12	36016	36016	0.00183678
192	13	13	13	8.01086e-05
192	14	50256	50256	0
193	5	9518	9518	0.000873566
193	6	11447	11447	0.000526428
193	7	10717	10717	0.00161171
193	8	13	13	0.000190735
193	9	50256	50256	0
194	5	656	656	0.000289917
194	6	257	257	0.00091362
194	7	4735	4735	0.00202179
194	8	13	13	0.0001297
194	9	50256	50256	0.000125885
195	5	262	262	0.000591278
195	6	779	779	0.00348854
195	7	286	286	0.00103378
195	8	1657	1657	0.0048027
195	9	290	290	0.00143814
195	10	9082	9082	0.0072155
195	11	287	287	0.00111771
195	12	5874	5874	0.00479889
195	13	1242	1242	0.00264549
195	14	13	13	0
195	15	50256	50256	0
196	5	6115	6115	0.00335884
196	6	355	355	0.00182343
196	7	257	257	0.000679016
196	8	27216	27216	0.0069828
196	9	875	875	0.00406075
196	10	16912	16912	0.00230789
196	11	13	13	0.000114441
196	12	50256	50256	0
197	5	373	373	0.00468826
197	6	257	257	0.00246048
197	7	4960	4960	0.00378227
197	8	6761	6761	0.00371742
197	9	286	286	0.000823975
197	10	21641	21641	0.0116711
197	11	290	290	0.000267029
197	12	4898	4898	0.0217781
197	13	9967	9967	0.0078373
197	14	20842	20842	0.00127792
197	15	13	13	0
197	16	50256	50256	0
198	5	290	290	0.000389099
198	6	2314	2314	0.00309563
198	7	47933	47933	0.00105095
198	8	832	832	0.000743866
198	9	257	257	0.000751495
198	10	2818	2818	0.00242043
198	11	17076	17076	0.00147629
198	12	13	13	3.8147e-06
198	13	50256	50256	0
199	5	11945	11945	0.00476837
199	6	1978	1978	0.00463676
199	7	379	379	0.00289154
199	8	867	867	0.00562477
199	9	24039	24039	0.00118256
199	10	13	13	5.34058e-05
199	11	50256	50256	0
200	5	1022	1022	0.00474167
200	6	262	262	0.000495911
200	7	37015	37015	0.00592995
200	8	286	286	0.000392914
200	9	8706	8706	0.00363159
200	10	290	290	0.00199509
200	11	22721	22721	0.00792885
200	12	13	13	0.000511169
200	13	50256	50256	0
201	5	8850	8850	0.0241756
201	6	5405	5405	0.00854874
201	7	621	621	0.00923157
201	8	832	832	0.019968
201	9	257	257	0.0472164
201	10	17076	17076	0.0186939
201	11	13	13	0
201	12	50256	50256	0
202	5	257	257	0.0012722
202	6	20831	20831	0.00921631
202	7	15283	15283	0.00797653
202	8	9290	9290	0.00461197
202	9	4143	4143	0.00553322
202	10	12073	12073	0.00448418
202	11	663	663	0.000846863
202	12	3833	3833	0.00232506
202	13	13	13	1.52588e-05
202	14	50256	50256	0
203	5	44653	44653	0.0145264
203	6	389	389	0.00190926
203	7	34262	34262	0.00992012
203	8	878	878	0.00445557
203	9	511	511	0.0062542
203	10	15061	15061	0.0110512
203	11	36402	36402	0.00613785
203	12	1280	1280	0.00193787
203	13	13	13	0
203	14	50256	50256	0
204	5	329	329	0.00146294
204	6	262	262	0.0032692
204	7	3491	3491	0.0110779
204	8	12	12	0.00450134
204	9	16760	16760	0.0020237
204	10	13888	13888	0.00340843
204	11	286	286	3.8147e-06
204	12	663	663	0.00305176
204	13	8234	8234	0.0113678
204	14	17894	17894	0.00306129
204	15	13	13	3.8147e-05
204	16	50256	50256	0
205	5	10396	10396	0.00420189
205	6	12610	12610	0.00237465
205	7	6143	6143	0.0020752
205	8	27452	27452	0.00337982
205	9	1321	1321	0.00158119
205	10	1231	1231	0.00224113
205	11	12948	12948	0.00268364
205	12	1176	1176	0.00164223
205	13	13	13	0
205	14	50256	50256	0
206	5	12091	12091	0.00123215
206	6	21566	21566	0.00240326
206	7	260	260	0.00220299
206	8	739	739	0.00148582
206	9	262	262	0.000175476
206	10	3112	3112	0.00373459
206	11	1438	1438	0.00319099
206	12	4424	4424	0.00297928
206	13	11751	11751	0.00115395
206	14	7459	7459	0.000358582
206	15	13	13	1.14441e-05
206	16	50256	50256	0
207	5	1863	1863	0.00427055
207	6	262	262	0.000640869
207	7	8830	8830	0.0151043
207	8	1735	1735	0.00657463
207	9	286	286	0.00325394
207	10	2520	2520	0.00672913
207	11	2253	2253	0.00211525
207	12	13	13	0
207	13	50256	50256	0
208	5	257	257	0.00243378
208	6	31607	31607	0.0201569
208	7	8122	8122	0.0131378
208	8	5732	5732	0.00976372
208	9	351	351	0.00734711
208	10	6795	6795	0.00693893
208	11	13	13	0
208	12	50256	50256	0
209	5	3139	3139	0.000417709
209	6	1748	1748	0.000864029
209	7	286	286	0.000747681
209	8	16519	16519	0.00100899
209	9	13	13	0
209	10	50256	50256	3.8147e-06
210	5	379	379	0.00208664
210	6	262	262	0.000904083
210	7	3641	3641	0.0102482
210	8	286	286	0.00242615
210	9	674	674	0.00549698
210	10	6591	6591	0.00180054
210	11	1080	1080	0.0017395
210	12	13	13	0
210	13	50256	50256	0
211	5	4025	4025	0.0929623
211	6	2010	2010	0.00778389
211	7	2700	2700	0.00824165
211	8	11073	11073	0.00485802
211	9	257	257	0.000329971
211	10	4025	4025	0.0548649
211	11	20309	20309	0.0109882
211	12	13	13	0
211	13	50256	50256	1.90735e-05
212	5	4656	4656	0.00156403
212	6	468	468	0.00257301
212	7	6697	6697	0.00595474
212	8	6698	6698	0.00756264
212	9	3025	3025	0.00494003
212	10	3815	3815	0.00878143
212	11	751	751	0.00358772
212	12	284	284	0.000339508
212	13	3598	3598	0.00129318
212	14	13	13	1.90735e-05
212	15	50256	50256	0
213	5	262	262	0.000347137
213	6	1138	1138	0.00478554
213	7	37670	37670	0.000967026
213	8	1042	1042	0.00171471
213	9	286	286	3.43323e-05
213	10	30498	30498	0.00101089
213	11	13	13	0
213	12	50256	50256	0
214	5	16662	16662	0.00229263
214	6	284	284	0.000431061
214	7	24949	24949	0.00632095
214	8	290	290	0.000164032
214	9	28436	28436	0.0137024
214	10	2057	2057	0.00252533
214	11	13	13	4.57764e-05
214	12	50256	50256	0
215	5	4257	4257	0.00452805
215	6	9106	9106	0.00203133
215	7	316	316	0.00163651
215	8	16982	16982	0.00235558
215	9	4879	4879	0.00186729
215	10	286	286	0.000362396
215	11	9403	9403	0.00814629
215	12	6134	6134	0.000905991
215	13	13	13	0
215	14	50256	50256	0
216	5	318	318	0.00291443
216	6	262	262	0.00645447
216	7	4417	4417	0.0190945
216	8	4067	4067	0.0147362
216	9	3264	3264	0.00449562
216	10	2029	2029	0.00500679
216	11	663	663	0.00111008
216	12	2962	2962	0.00890732
216	13	13	13	0.000179291
216	14	50256	50256	0
217	5	318	318	0.000825882
217	6	9086	9086	0.00411606
217	7	1022	1022	0.00555801
217	8	16256	16256	0.0152054
217	9	290	290	0.00672531
217	10	46117	46117	0.00903511
217	11	968	968	0.00775528
217	12	22777	22777	0.00564957
217	13	13	13	0
217	14	50256	50256	0
218	5	981	981	0.00376892
218	6	8868	8868	0.0044651
218	7	23822	23822	0.00248528
218	8	1022	1022	0.00205421
218	9	606	606	0.00428772
218	10	13	13	0
218	11	50256	50256	0
219	5	8811	8811	0.00658989
219	6	925	925	0.00227737
219	7	422	422	0.000679016
219	8	22365	22365	0.00425911
219	9	388	388	0.00200653
219	10	17135	17135	0.00310516
219	11	5026	5026	0.0016861
219	12	47196	47196	0.00242043
219	13	13	13	0.000125885
219	14	50256	50256	0
220	5	780	780	0.00219917
220	6	484	484	0.00325394
220	7	389	389	0.00331306
220	8	19346	19346	0.00222015
220	9	621	621	0.00121307
220	10	262	262	0.00037384
220	11	7346	7346	0.00205803
220	12	6591	6591	0.00342178
220	13	4417	4417	0.00424576
220	14	13	13	0
220	15	50256	50256	0
221	5	262	262	4.95911e-05
221	6	8434	8434	0.00588036
221	7	21405	21405	0.0081234
221	8	286	286	0.000175476
221	9	1728	1728	0.00823212
221	10	7150	7150	0.00646591
221	11	13	13	0
221	12	50256	50256	0
222	5	2187	2187	0.00339317
222	6	287	287	0.000148773
222	7	10801	10801	0.0123253
222	8	290	290	0.000259399
222	9	12070	12070	0.00995064
222	10	284	284	0.00116348
222	11	4439	4439	0.00691605
222	12	3056	3056	0.00475502
222	13	13	13	7.62939e-06
222	14	50256	50256	0
223	5	395	395	0.00200272
223	6	563	563	0.00355148
223	7	28539	28539	0.00415993
223	8	2995	2995	0.00450134
223	9	7346	7346	0.00613213
223	10	262	262	0.000722885
223	11	19636	19636	0.00442505
223	12	29179	29179	0.00156593
223	13	286	286	0.000198364
223	14	4492	4492	0.00233078
223	15	13	13	3.8147e-05
223	16	50256	50256	0
224	5	9565	9565	0.00210762
224	6	832	832	0.00034523
224	7	35115	35115	0.0036602
224	8	13	13	4.57764e-05
224	9	50256	50256	3.8147e-06
225	5	16824	16824	0.00368309
225	6	262	262	0.000144958
225	7	2159	2159	0.00292206
225	8	287	287	0.000225067
225	9	412	412	0.00247192
225	10	14400	14400	0.000766754
225	11	12579	12579	0.000818253
225	12	5679	5679	0.00158119
225	13	1380	1380	0.00278854
225	14	576	576	0.00130081
225	15	292	292	0.00432968
225	16	376	376	0.00141716
225	17	10332	10332	0.0011425
225	18	13	13	7.24792e-05
225	19	50256	50256	0
226	5	257	257	0.00178146
226	6	3288	3288	0.00769043
226	7	18645	18645	0.00374413
226	8	1022	1022	0.00230217
226	9	4881	4881	0.00448227
226	10	290	290	0.00240326
226	11	8602	8602	0.0038147
226	12	13	13	0.000190735
226	13	50256	50256	0
227	5	1296	1296	0.07481
227	6	618	618	0.103363
227	7	27163	27163	0.0720749
227	8	13166	13166	0.00959778
227	9	1716	1716	0.0113754
227	10	16001	16001	0.00444221
227	11	276	276	0.00322151
227	12	290	290	0.00292969
227	13	20534	20534	0.0137539
227	14	276	276	0.00333023
227	15	1978	1978	0.00254822
227	16	13	13	0
227	17	50256	50256	0
228	5	5931	5931	0.00156403
228	6	4847	4847	0.00276375
228	7	287	287	0.00105286
228	8	1502	1502	0.002985
228	9	286	286	0.000171661
228	10	3649	3649	0.00313759
228	11	17226	17226	0.00278091
228	12	1271	1271	0.000776291
228	13	13	13	0
228	14	50256	50256	0
229	5	1141	1141	0.00110817
229	6	262	262	0.000167847
229	7	3227	3227	0.00183105
229	8	286	286	0
229	9	18391	18391	0.00455856
229	10	4778	4778	9.53674e-06
229	11	13	13	0.000148773
229	12	50256	50256	0
230	5	5931	5931	0.00166893
230	6	33543	33543	0.00610542
230	7	290	290	0.000835419
230	8	6149	6149	0.00361061
230	9	5387	5387	0.00190353
230	10	15121	15121	0.00279236
230	11	8573	8573	0.00094986
230	12	13	13	0
230	13	50256	50256	0
231	5	287	287	0.000217438
231	6	281	281	0.0043354
231	7	26433	26433	0.00774956
231	8	338	338	0.000888824
231	9	7446	7446	0.0114136
231	10	8379	8379	0.00271988
231	11	13	13	0.000713348
231	12	50256	50256	0
232	5	45656	45656	0.000452042
232	6	621	621	0.00240707
232	7	7424	7424	0.000101089
232	8	45725	45725	0.00205231
232	9	1657	1657	0.000331879
232	10	13	13	0.00012207
232	11	50256	50256	1.14441e-05
233	5	422	422	0.00195885
233	6	11135	11135	0.0100403
233	7	3812	3812	0.00225258
233	8	262	262	0.00111008
233	9	6727	6727	0.0123711
233	10	3354	3354	0.00388527
233	11	286	286	0.0032959
233	12	257	257	0.00181389
233	13	4618	4618	0.00513268
233	14	13	13	0
233	15	50256	50256	0
234	5	11	11	0.0014534
234	6	511	511	0.000125885
234	7	781	781	0.00541496
234	8	16415	16415	0.00279236
234	9	43855	43855	0.00270462
234	10	606	606	0.00163269
234	11	21258	21258	0.00180817
234	12	13	13	9.53674e-05
234	13	50256	50256	0
235	5	338	338	0.000627518
235	6	10861	10861	0.00437355
235	7	49831	49831	0.00292778
235	8	560	560	0.00384712
235	9	9335	9335	0.00482178
235	10	373	373	0.00157166
235	11	4624	4624	0.00330353
235	12	625	625	0.000879288
235	13	465	465	0.00387001
235	14	285	285	0.005373
235	15	13929	13929	0.0021534
235	16	1431	1431	0.00283813
235	17	1182	1182	0.00530624
235	18	13	13	8.7738e-05
235	19	50256	50256	0
236	5	5752	5752	0.0083313
236	6	24139	24139	0.00895309
236	7	1626	1626	0.0026722
236	8	257	257	0.00185013
236	9	50126	50126	0.00690079
236	10	6831	6831	0.00650787
236	11	3084	3084	0.00364685
236	12	13	13	3.8147e-06
236	13	50256	50256	0
237	5	2168	2168	0.00314522
237	6	6673	6673	0.00164223
237	7	511	511	0.000642776
237	8	4180	4180	0.00133896
237	9	1817	1817	0.000562668
237	10	13	13	2.28882e-05
237	11	50256	50256	0
238	5	379	379	0.00348282
238	6	393	393	0.00769806
238	7	1474	1474	0.00238419
238	8	3668	3668	0.00392723
238	9	338	338	0.000106812
238	10	4417	4417	0.001894
238	11	13	13	0.00018692
238	12	50256	50256	0
239	5	23426	23426	0.00300598
239	6	6007	6007	0.0022049
239	7	286	286	0.000492096
239	8	12605	12605	0.00154305
239	9	13232	13232	0.000925064
239	10	5474	5474	0.000501633
239	11	13	13	1.52588e-05
239	12	50256	50256	0
240	5	1366	1366	0.00828743
240	6	523	523	0.00341225
240	7	326	326	0.00400734
240	8	5100	5100	0.00670242
240	9	1895	1895	0.00342941
240	10	460	460	0.00242233
240	11	307	307	0.00987053
240	12	5443	5443	0.00761414
240	13	13	13	8.7738e-05
240	14	50256	50256	0
241	5	636	636	0.00706673
241	6	286	286	0.00429344
241	7	262	262	0.000720978
241	8	4865	4865	0.00600052
241	9	1022	1022	0.00164032
241	10	3340	3340	0.00422287
241	11	290	290	5.34058e-05
241	12	262	262	0.00109482
241	13	1578	1578	0.00180435
241	14	1829	1829	0.000919342
241	15	13	13	3.8147e-06
241	16	50256	50256	0
242	5	286	286	3.8147e-06
242	6	14807	14807	0.00439835
242	7	287	287	4.95911e-05
242	8	21199	21199	0.000972748
242	9	7229	7229	0.000162125
242	10	13	13	3.8147e-06
242	11	50256	50256	0
243	5	262	262	2.67029e-05
243	6	16936	16936	0.00315857
243	7	1900	1900	0.000518799
243	8	3491	3491	0.00184822
243	9	284	284	0.00030899
243	10	262	262	0.000148773
243	11	3825	3825	0.000888824
243	12	13	13	0
243	13	50256	50256	0
244	5	5400	5400	0.00313568
244	6	287	287	0.000137329
244	7	511	511	0.00309944
244	8	30772	30772	0.000318527
244	9	13	13	0
244	10	50256	50256	0
245	5	3154	3154	0.0133018
245	6	5667	5667	0.0027504
245	7	379	379	0.00671005
245	8	262	262	0.00407028
245	9	1660	1660	0.0099659
245	10	338	338	0.00287628
245	11	4417	4417	0.0167141
245	12	13	13	8.7738e-05
245	13	50256	50256	0
246	5	1864	1864	0.00421524
246	6	284	284	0.00056076
246	7	511	511	0.00234413
246	8	12213	12213	0.0390568
246	9	351	351	0.00588608
246	10	3867	3867	0.0172367
246	11	290	290	0.00306702
246	12	31607	31607	0.018095
246	13	21164	21164	0.00131035
246	14	13	13	0
246	15	50256	50256	0
247	5	329	329	0.00397873
247	6	496	496	0.00692749
247	7	2354	2354	0.0030365
247	8	257	257	0.000761032
247	9	35881	35881	0.0114555
247	10	389	389	0.00227165
247	11	4048	4048	0.00211143
247	12	13	13	4.95911e-05
247	13	50256	50256	0
248	5	262	262	0.000144958
248	6	4898	4898	0.000785828
248	7	7972	7972	0.00265694
248	8	1641	1641	0.00022316
248	9	3805	3805	0.00213432
248	10	663	663	7.62939e-05
248	11	1877	1877	0.00275993
248	12	7881	7881	0.00110245
248	13	13	13	7.62939e-06
248	14	50256	50256	0
249	5	511	511	0.00371933
249	6	2057	2057	0.00306892
249	7	7525	7525	0.0015583
249	8	416	416	0.00365067
249	9	6600	6600	0.00247192
249	10	584	584	0.00367546
249	11	4695	4695	0.00264931
249	12	13	13	0
249	13	50256	50256	0
250	5	15772	15772	0.00232697
250	6	7386	7386	0.00176048
250	7	3891	3891	0.00165176
250	8	656	656	0.00159073
250	9	6101	6101	0.0016613
250	10	9405	9405	0.00079155
250	11	13	13	0
250	12	50256	50256	0
251	5	318	318	0.0015831
251	6	4055	4055	0.00660133
251	7	276	276	0.0010891
251	8	287	287	0.000297546
251	9	281	281	0.000926971
251	10	11557	11557	0.00375557
251	11	1080	1080	0.00164223
251	12	13	13	0
251	13	50256	50256	0
252	5	257	257	0.00274658
252	6	4553	4553	0.00953484
252	7	18480	18480	0.0102692
252	8	3108	3108	0.00997162
252	9	329	329	0.00278091
252	10	1123	1123	0.00741768
252	11	4151	4151	0.00858879
252	12	13	13	6.86646e-05
252	13	50256	50256	0
253	5	973	973	0.00140762
253	6	2116	2116	0.00486755
253	7	12	12	0.000968933
253	8	634	634	0.00508118
253	9	27554	27554	0.00381851
253	10	284	284	0.00056839
253	11	7301	7301	0.00421524
253	12	607	607	0.00325966
253	13	1204	1204	0.00848961
253	14	290	290	0.00116348
253	15	5369	5369	0.00251007
253	16	13	13	0
253	17	50256	50256	0
254	5	11904	11904	0.00470924
254	6	326	326	0.00476646
254	7	1663	1663	0.0125408
254	8	2641	2641	0.0161285
254	9	262	262	0.00165558
254	10	37185	37185	0.0117226
254	11	286	286	0.000585556
254	12	1232	1232	0.00593758
254	13	2454	2454	0.00138855
254	14	6134	6134	0.00290298
254	15	13	13	3.05176e-05
254	16	50256	50256	0
255	5	3491	3491	0.00192642
255	6	287	287	0.00069809
255	7	3668	3668	0.00123024
255	8	338	338	3.8147e-06
255	9	1755	1755	0.00650215
255	10	6766	6766	0.0034771
255	11	618	618	0.0037384
255	12	9569	9569	0.00500488
255	13	416	416	0.000598907
255	14	4156	4156	0.00191879
255	15	5874	5874	0.00327682
255	16	22204	22204	0.00197601
255	17	13	13	5.72205e-05
255	18	50256	50256	0
256	5	16968	16968	0.00192261
256	6	11	11	0.00190163
256	7	3584	3584	0.00286865
256	8	617	617	0.00319099
256	9	5696	5696	0.00589752
256	10	17438	17438	0.0051384
256	11	10338	10338	0.0041256
256	12	625	625	0.00118256
256	13	1728	1728	0.00455475
256	14	5951	5951	0.000787735
256	15	16069	16069	0.000801086
256	16	13	13	2.28882e-05
256	17	50256	50256	0
257	5	12	12	0.00066185
257	6	7784	7784	0.00372314
257	7	29984	29984	0.00189209
257	8	1043	1043	0.00531578
257	9	287	287	7.62939e-06
257	10	5044	5044	0.00493813
257	11	4778	4778	0.00403595
257	12	13	13	0
257	13	50256	50256	0
258	5	324	324	0.00379944
258	6	2627	2627	0.000904083
258	7	262	262	0.000606537
258	8	717	717	0.00390434
258	9	1893	1893	0.0030899
258	10	286	286	0.000793457
258	11	3794	3794	0.00623322
258	12	287	287	0.00170898
258	13	11445	11445	0.00284576
258	14	13	13	0
258	15	50256	50256	0
259	5	422	422	0.00219536
259	6	543	543	0.00652504
259	7	749	749	0.00546074
259	8	1660	1660	0.00280762
259	9	290	290	0.00252533
259	10	7545	7545	0.0191746
259	11	1540	1540	0.00575638
259	12	2340	2340	0.00315094
259	13	423	423	0.00269127
259	14	587	587	0.00865746
259	15	4615	4615	0.00452423
259	16	13	13	0
259	17	50256	50256	0
260	5	422	422	0.000671387
260	6	826	826	0.00568199
260	7	284	284	0.00634766
260	8	1364	1364	0.00428391
260	9	13	13	7.62939e-06
260	10	50256	50256	0
261	5	286	286	0.000267029
261	6	867	867	0.0100136
261	7	1402	1402	0.00674248
261	8	12734	12734	0.00888634
261	9	11856	11856	0.00620651
261	10	1978	1978	0.00276756
261	11	13	13	0.000350952
261	12	50256	50256	0
262	5	3917	3917	0.00226402
262	6	351	351	0.000728607
262	7	262	262	0.000370026
262	8	4960	4960	0.001894
262	9	6260	6260	0.00164032
262	10	1001	1001	0.00243187
262	11	72	72	0.00485229
262	12	911	911	0.00362587
262	13	261	261	0.00195885
262	14	1840	1840	0.00278664
262	15	13	13	7.62939e-06
262	16	50256	50256	0
263	5	558	558	0.00199127
263	6	504	504	0.00173378
263	7	351	351	0.00107956
263	8	6466	6466	0.00732231
263	9	276	276	0.00125694
263	10	21755	21755	0.00298119
263	11	290	290	0.000495911
263	12	7097	7097	0.00276375
263	13	25612	25612	0.00271225
263	14	13	13	0.000102997
263	15	50256	50256	0
264	5	3356	3356	0.00863457
264	6	1863	1863	0.00219154
264	7	31025	31025	0.00666237
264	8	287	287	0.0025177
264	9	3668	3668	0.00605392
264	10	338	338	0.000114441
264	11	20048	20048	0.00640297
264	12	13	13	0
264	13	50256	50256	0
265	5	318	318	0.00484276
265	6	29679	29679	0.0136414
265	7	11	11	0.000543594
265	8	543	543	0.00369644
265	9	14582	14582	0.00597
265	10	1973	1973	0.00123978
265	11	1811	1811	0.00602913
265	12	14807	14807	0.00269318
265	13	13	13	0
265	14	50256	50256	0
266	5	33274	33274	0.00255585
266	6	468	468	0.00147247
266	7	27913	27913	0.00551605
266	8	1744	1744	0.00635147
266	9	3815	3815	0.00209618
266	10	329	329	0.00641251
266	11	1123	1123	0.00327682
266	12	16839	16839	0.0217533
266	13	13	13	0
266	14	50256	50256	0
267	5	1022	1022	0.00132942
267	6	262	262	0.0030098
267	7	2910	2910	0.00908661
267	8	290	290	0.00120735
267	9	7346	7346	0.00605774
267	10	21379	21379	0.00269127
267	11	13	13	2.28882e-05
267	12	50256	50256	0
268	5	13042	13042	0.00606728
268	6	16524	16524	0.00740242
268	7	287	287	0.00208664
268	8	8150	8150	0.00281715
268	9	82	82	0.00203514
268	10	13	13	8.01086e-05
268	11	50256	50256	0
269	5	8701	8701	0.00518417
269	6	1641	1641	0.00134659
269	7	3805	3805	0.00088501
269	8	663	663	0.00130081
269	9	4898	4898	0.00888062
269	10	88	88	0.00847626
269	11	21552	21552	0.00954819
269	12	13	13	0.000377655
269	13	50256	50256	0
270	5	10451	10451	0.0141563
270	6	552	552	0.00362206
270	7	1769	1769	0.0022316
270	8	257	257	0.000497818
270	9	1988	1988	0.02631
270	10	422	422	0.00222015
270	11	584	584	0.00751114
270	12	3815	3815	0.00876617
270	13	393	393	0.00252533
270	14	14700	14700	0.0018692
270	15	13	13	3.8147e-06
270	16	50256	50256	0
271	5	618	618	0.0107937
271	6	340	340	0.0119686
271	7	468	468	0.00188065
271	8	257	257	0.00183105
271	9	7515	7515	0.0351562
271	10	1863	1863	0.00463104
271	11	281	281	0.00410271
271	12	2134	2134	0.00748825
271	13	338	338	0.00273895
271	14	29358	29358	0.0187473
271	15	13	13	0
271	16	50256	50256	0
272	5	663	663	0.00018692
272	6	22421	22421	0.00353813
272	7	981	981	0.000888824
272	8	23934	23934	0.00266838
272	9	262	262	0.000320435
272	10	20016	20016	0.00352287
272	11	1022	1022	0.000434875
272	12	606	606	0.00158882
272	13	13	13	0
272	14	50256	50256	7.62939e-06
273	5	5667	5667	0.00260925
273	6	8811	8811	0.00714302
273	7	3417	3417	0.00652313
273	8	355	355	0.000785828
273	9	25209	25209	0.00193214
273	10	13	13	2.67029e-05
273	11	50256	50256	0
274	5	3601	3601	0.00405502
274	6	540	540	0.00478172
274	7	7128	7128	0.00439835
274	8	5241	5241	0.00283813
274	9	416	416	0.000564575
274	10	7720	7720	0.00549507
274	11	656	656	0.00152588
274	12	257	257	0.00094986
274	13	4417	4417	0.00310135
274	14	13	13	0
274	15	50256	50256	0
275	5	4909	4909	0.00261688
275	6	27253	27253	0.00144386
275	7	11945	11945	0.000782013
275	8	13	13	0.000164032
275	9	50256	50256	0
276	5	530	530	0.0189857
276	6	6588	6588	0.016077
276	7	22037	22037	0.00860977
276	8	290	290	0.00527191
276	9	734	734	0.020319
276	10	11863	11863	0.00649834
276	11	23235	23235	0.0103283
276	12	13	13	0
276	13	50256	50256	0
277	5	48159	48159	0.00063324
277	6	2094	2094	0.000663757
277	7	2264	2264	0.000917435
277	8	844	844	0.000677109
277	9	1258	1258	0.000734329
277	10	319	319	0.000337601
277	11	465	465	0.000867844
277	12	17545	17545	0.00153351
277	13	13	13	0
277	14	50256	50256	0
278	5	1657	1657	0.000646591
278	6	284	284	0.000339508
278	7	3151	3151	0.00154877
278	8	262	262	0.000408173
278	9	2939	2939	0.00429535
278	10	12694	12694	0.00248909
278	11	329	329	0.000730515
278	12	517	517	0.0136337
278	13	640	640	0.0116024
278	14	13	13	0
278	15	50256	50256	0
279	5	47969	47969	0.0085659
279	6	11	11	0.000492096
279	7	730	730	0.00554657
279	8	335	335	0.00302887
279	9	82	82	0.0014782
279	10	1845	1845	0.00592041
279	11	11	11	0.00191116
279	12	290	290	0.000617981
279	13	285	285	0.0150242
279	14	3970	3970	0.0046711
279	15	21622	21622	0.0042057
279	16	13	13	0.000156403
279	17	50256	50256	0
280	5	422	422	0.00214577
280	6	11527	11527	0.00265312
280	7	45926	45926	0.00274086
280	8	11	11	0.000198364
280	9	981	981	0.00107002
280	10	29049	29049	0.00675774
280	11	363	363	0.00573349
280	12	76	76	0.0079422
280	13	2737	2737	0.00493622
280	14	1663	1663	0.00584412
280	15	18644	18644	0.0024662
280	16	422	422	0.000545502
280	17	11527	11527	0.00468063
280	18	18570	18570	0.000526428
280	19	13	13	1.52588e-05
280	20	50256	50256	3.8147e-06
281	5	16697	16697	0.0962391
281	6	262	262	0.00548172
281	7	1767	1767	0.0252628
281	8	338	338	0.00832558
281	9	1660	1660	0.0226555
281	10	290	290	0.0150909
281	11	8268	8268	0.0778313
281	12	5236	5236	0.000841141
281	13	13	13	0
281	14	50256	50256	0
282	5	1936	1936	0.00301743
282	6	16021	16021	0.00200462
282	7	3951	3951	0.00152016
282	8	13	13	0.000160217
282	9	50256	50256	0
283	5	1573	1573	0.020216
283	6	351	351	0.000419617
283	7	257	257	0.00175095
283	8	3616	3616	0.0356655
283	9	2092	2092	0.0109005
283	10	284	284	0.00375748
283	11	326	326	0.00783539
283	12	286	286	0.00667381
283	13	1194	1194	0.0152531
283	14	1573	1573	0.0161438
283	15	13	13	0.000484467
283	16	50256	50256	7.62939e-06
284	5	11	11	0.000696182
284	6	262	262	0.000106812
284	7	11087	11087	0.00498199
284	8	18333	18333	0.00251198
284	9	286	286	0.000804901
284	10	257	257	0.000736237
284	11	22950	22950	0.0103207
284	12	751	751	0.00267792
284	13	284	284	1.14441e-05
284	14	11546	11546	0.00286865
284	15	7370	7370	0.00127792
284	16	13	13	1.90735e-05
284	17	50256	50256	0
285	5	262	262	0.000946045
285	6	1767	1767	0.00558853
285	7	416	416	0.0014267
285	8	10427	10427	0.00450897
285	9	319	319	0.000699997
285	10	11945	11945	0.00528145
285	11	13	13	1.14441e-05
285	12	50256	50256	0
286	5	1487	1487	0.00963974
286	6	262	262	0.000404358
286	7	4571	4571	0.00715256
286	8	287	287	0.00222397
286	9	543	543	0.0116482
286	10	257	257	0.00437546
286	11	17182	17182	0.00765419
286	12	8991	8991	0.00322342
286	13	2700	2700	0.00389099
286	14	13	13	0
286	15	50256	50256	0
287	5	422	422	0.00114059
287	6	262	262	0.00483322
287	7	9151	9151	0.0106735
287	8	981	981	0.00506783
287	9	4305	4305	0.00735283
287	10	749	749	0.00213814
287	11	26306	26306	0.0102215
287	12	37056	37056	0.00495911
287	13	2157	2157	0.00209999
287	14	13	13	5.34058e-05
287	15	50256	50256	0
288	5	9149	9149	0.00301552
288	6	326	326	0.000871658
288	7	24624	24624	0.00560188
288	8	9240	9240	0.00384331
288	9	393	393	0.000774384
288	10	3520	3520	0.00689697
288	11	287	287	0.000202179
288	12	511	511	0.0022068
288	13	2656	2656	0.00646782
288	14	1502	1502	0.00247192
288	15	13	13	0
288	16	50256	50256	0
289	5	262	262	0
289	6	2166	2166	0.0235329
289	7	286	286	0.00141335
289	8	262	262	3.8147e-05
289	9	5422	5422	0.0351505
289	10	1037	1037	0.0095787
289	11	2005	2005	0.00679207
289	12	2057	2057	0.00698853
289	13	13	13	0
289	14	50256	50256	3.8147e-06
290	5	14705	14705	0.0143108
290	6	287	287	0.000835419
290	7	674	674	0.00656128
290	8	6591	6591	0.000236511
290	9	1080	1080	0.00216866
290	10	318	318	0.00309563
290	11	12548	12548	0.0125942
290	12	19606	19606	0.00586128
290	13	13	13	0
290	14	50256	50256	0
291	5	5207	5207	0.00199318
291	6	286	286	0.00107384
291	7	4898	4898	0.00467873
291	8	1262	1262	0.00255394
291	9	987	987	0.0038662
291	10	48331	48331	0.0021019
291	11	30514	30514	0.00485992
291	12	290	290	0.00140762
291	13	20567	20567	0.00226974
291	14	13	13	0
291	15	50256	50256	0
292	5	2656	2656	0.0027504
292	6	2060	2060	0.00163841
292	7	12	12	0.000440598
292	8	26327	26327	0.00164413
292	9	3815	3815	0.00131226
292	10	618	618	0.00201797
292	11	30240	30240	0.00377655
292	12	287	287	0.000547409
292	13	41002	41002	0.00453568
292	14	12	12	0.000709534
292	15	23	23	0.00441933
292	16	13	13	0
292	17	50256	50256	0
293	5	12737	12737	0.00518417
293	6	287	287	0.00152969
293	7	2877	2877	0.00172043
293	8	20296	20296	0.00761032
293	9	1231	1231	0.00587273
293	10	852	852	0.00398827
293	11	13529	13529	0.00502968
293	12	416	416	0.00147247
293	13	883	883	0.00360489
293	14	12737	12737	0.00312042
293	15	13	13	0
293	16	50256	50256	0
294	5	460	460	0.00276566
294	6	3067	3067	0.00474358
294	7	832	832	0.00219345
294	8	1111	1111	0.00312805
294	9	1540	1540	0.00416565
294	10	2340	2340	0.00185585
294	11	290	290	0.00112915
294	12	38236	38236	0.000724792
294	13	13	13	0
294	14	50256	50256	0
295	5	13991	13991	0.00298882
295	6	287	287	0.000629425
295	7	3833	3833	0.00354958
295	8	13	13	0.000522614
295	9	50256	50256	0
296	5	24742	24742	0.00716591
296	6	12	12	0.00256348
296	7	14337	14337	0.00757599
296	8	24438	24438	0.00191879
296	9	14921	14921	0.00345802
296	10	287	287	0.00215149
296	11	3624	3624	0.00639915
296	12	15274	15274	0.00967598
296	13	290	290	0.00317764
296	14	3624	3624	0.0082531
296	15	15180	15180	0.0021553
296	16	13	13	0
296	17	50256	50256	0
297	5	7042	7042	0.00182915
297	6	416	416	0.00110245
297	7	8902	8902	0.00205612
297	8	15134	15134	0.00284004
297	9	28856	28856	0.00183487
297	10	13	13	0.000106812
297	11	50256	50256	0
298	5	1402	1402	0.011034
298	6	11	11	0.00120163
298	7	9403	9403	0.0260468
298	8	12	12	0.00830078
298	9	38301	38301	0.0141697
298	10	37215	37215	0.00586128
298	11	431	431	0.00452423
298	12	5289	5289	0.0062027
298	13	13	13	0.000585556
298	14	50256	50256	0
299	5	338	338	0.00126648
299	6	2494	2494	0.0146523
299	7	1231	1231	0.00508308
299	8	852	852	0.00639915
299	9	13529	13529	0.00544739
299	10	4045	4045	0.00969315
299	11	287	287	0.00352859
299	12	326	326	0.0292358
299	13	6317	6317	0.0298519
299	14	13	13	0
299	15	50256	50256	0
300	5	1474	1474	0.000888824
300	6	262	262	0.000778198
300	7	47441	47441	0.00203896
300	8	9700	9700	0.00217438
300	9	5866	5866	0.00406837
300	10	13	13	0
300	11	50256	50256	0
301	5	257	257	0.000711441
301	6	3463	3463	0.00494003
301	7	286	286	0.00151062
301	8	11711	11711	0.0068531
301	9	4961	4961	0.00318146
301	10	284	284	0.00364113
301	11	663	663	0.00136566
301	12	898	898	0.0045414
301	13	3463	3463	0.00483704
301	14	13	13	0
301	15	50256	50256	0
302	5	11	11	0.000104904
302	6	2138	2138	0.000421524
302	7	621	621	0.00115585
302	8	6586	6586	0.00146103
302	9	393	393	0.000339508
302	10	10930	10930	0.00128746
302	11	13	13	0
302	12	50256	50256	0
303	5	373	373	0.00134468
303	6	15283	15283	0.00132561
303	7	287	287	0.000980377
303	8	4492	4492	0.00387573
303	9	287	287	0.000740051
303	10	1105	1105	0.00406837
303	11	1314	1314	0.000766754
303	12	13	13	0.000141144
303	13	50256	50256	0
304	5	78	78	0.000337601
304	6	1990	1990	0.00178146
304	7	15688	15688	0.00265312
304	8	338	338	0.00031662
304	9	10003	10003	0.00190163
304	10	290	290	0.000663757
304	11	14944	14944	0.00415039
304	12	17862	17862	0.00246048
304	13	10399	10399	0.00385284
304	14	319	319	0.000238419
304	15	6882	6882	0.00102806
304	16	295	295	0.0004673
304	17	371	371	0.000928879
304	18	2093	2093	0.000799179
304	19	10875	10875	0.00125885
304	20	1134	1134	0.00367546
304	21	709	709	0.0028038
304	22	13	13	3.8147e-05
304	23	50256	50256	0
305	5	385	385	0.00382614
305	6	6486	6486	0.00938797
305	7	287	287	0.000450134
305	8	644	644	0.00426483
305	9	318	318	0.00144577
305	10	783	783	0.00808907
305	11	7137	7137	0.00237274
305	12	13	13	0
305	13	50256	50256	0
306	5	286	286	5.34058e-05
306	6	262	262	1.14441e-05
306	7	1578	1578	0.000333786
306	8	7526	7526	0.000709534
306	9	13	13	0.000106812
306	10	50256	50256	1.90735e-05
307	5	29867	29867	0.00217056
307	6	17556	17556	0.00369072
307	7	13	13	8.7738e-05
307	8	50256	50256	0
308	5	25041	25041	0.00696754
308	6	30468	30468	0.00754547
308	7	326	326	0.00172997
308	8	645	645	0.00256538
308	9	2392	2392	0.0101223
308	10	8080	8080	0.00566101
308	11	8850	8850	0.00688171
308	12	4755	4755	0.0080471
308	13	21748	21748	0.00329208
308	14	13	13	0
308	15	50256	50256	0
309	5	3562	3562	0.00110817
309	6	416	416	0.000175476
309	7	20849	20849	0.00205612
309	8	7068	7068	0.00137901
309	9	449	449	0.00153923
309	10	1211	1211	0.00157166
309	11	7273	7273	0.00140572
309	12	26361	26361	0.000921249
309	13	13	13	1.52588e-05
309	14	50256	50256	0
310	5	2788	2788	0.00204659
310	6	4331	4331	0.00198364
310	7	326	326	0.00069809
310	8	4100	4100	0.00327492
310	9	65	65	0.00411034
310	10	2788	2788	0.00279236
310	11	481	481	0.00213242
310	12	1716	1716	0.00178719
310	13	5822	5822	0.00263405
310	14	13	13	0
310	15	50256	50256	0
311	5	5865	5865	0.00181389
311	6	15417	15417	0.00195503
311	7	389	389	0.000976562
311	8	7310	7310	0.00168419
311	9	8950	8950	0.00188065
311	10	13	13	0
311	11	50256	50256	0
312	5	28028	28028	0.00110626
312	6	1141	1141	0.001091
312	7	262	262	0.000259399
312	8	1218	1218	0.00201035
312	9	39210	39210	0.00220299
312	10	37078	37078	0.000501633
312	11	13	13	0
312	12	50256	50256	0
313	5	2685	2685	0.00150108
313	6	26161	26161	0.00223732
313	7	1657	1657	0.00322151
313	8	656	656	0.00438309
313	9	12278	12278	0.00211143
313	10	2568	2568	0.00600433
313	11	13	13	0.000328064
313	12	50256	50256	0
314	5	355	355	0.0040226
314	6	2153	2153	0.0138283
314	7	2611	2611	0.00772476
314	8	3608	3608	0.0104065
314	9	82	82	0.0132446
314	10	379	379	0.00593185
314	11	3095	3095	0.00971413
314	12	12	12	0.00494194
314	13	78	78	0.00518799
314	14	5829	5829	0.00284576
314	15	5755	5755	0.00147247
314	16	3212	3212	0.00155449
314	17	13	13	3.8147e-05
314	18	50256	50256	0
315	5	407	407	0.000955582
315	6	3706	3706	0.00325203
315	7	12622	12622	0.00189781
315	8	45738	45738	0.00104904
315	9	13	13	3.8147e-06
315	10	50256	50256	0
316	5	262	262	0.00031662
316	6	21231	21231	0.00491333
316	7	8769	8769	0.00623512
316	8	78	78	0.00510597
316	9	43397	43397	0.00488281
316	10	257	257	0.00231552
316	11	5766	5766	0.00742912
316	12	286	286	0.000411987
316	13	530	530	0.00445366
316	14	7319	7319	0.0047493
316	15	13	13	0
316	16	50256	50256	0
317	5	29260	29260	0.00312042
317	6	692	692	0.00139809
317	7	295	295	0.00169182
317	8	4193	4193	0.00165558
317	9	42790	42790	0.00218964
317	10	14075	14075	0.00224304
317	11	13550	13550	0.0019474
317	12	34619	34619	0.000965118
317	13	746	746	0.00131989
317	14	82	82	0.00286674
317	15	287	287	0.00216675
317	16	262	262	0.000335693
317	17	29666	29666	0.00317001
317	18	4289	4289	0.000785828
317	19	13	13	0
317	20	50256	50256	0
318	5	925	925	0.00458527
318	6	422	422	0.00479126
318	7	373	373	0.0103703
318	8	17914	17914	0.0135612
318	9	2058	2058	0.00942612
318	10	8384	8384	0.00338745
318	11	422	422	0.00838852
318	12	663	663	0.00616455
318	13	1036	1036	0.00615501
318	14	515	515	0.00245667
318	15	10717	10717	0.00144196
318	16	13	13	4.95911e-05
318	17	50256	50256	0
319	5	422	422	0.000686646
319	6	262	262	4.57764e-05
319	7	16577	16577	0.00623322
319	8	9529	9529	0.00161171
319	9	528	528	0.00191689
319	10	2586	2586	0.00364876
319	11	286	286	0.00172806
319	12	262	262	0.000457764
319	13	7858	7858	0.00552368
319	14	946	946	0.00252914
319	15	4618	4618	0.00259399
319	16	13	13	0
319	17	50256	50256	0
320	5	286	286	0.000165939
320	6	262	262	0.000324249
320	7	12108	12108	0.00170326
320	8	286	286	0.000106812
320	9	5828	5828	0.00204849
320	10	13	13	0.000240326
320	11	50256	50256	0
321	5	37185	37185	0.00583458
321	6	7268	7268	0.00485039
321	7	262	262	0.00115776
321	8	11904	11904	0.018095
321	9	973	973	0.00779343
321	10	284	284	0.00294495
321	11	787	787	0.0128174
321	12	11311	11311	0.00412941
321	13	13	13	3.8147e-06
321	14	50256	50256	0
322	5	29909	29909	0.00197601
322	6	3348	3348	0.000375748
322	7	656	656	0.000440598
322	8	15268	15268	0.00108337
322	9	13	13	0
322	10	50256	50256	0
323	5	734	734	0.00276566
323	6	5621	5621	0.00885201
323	7	286	286	0.000732422
323	8	14390	14390	0.0139065
323	9	11	11	0.000804901
323	10	8811	8811	0.0166435
323	11	1444	1444	0.00185204
323	12	25825	25825	0.00520706
323	13	290	290	0.00118256
323	14	356	356	0.0102882
323	15	701	701	0.00110626
323	16	13	13	3.05176e-05
323	17	50256	50256	0
324	5	257	257	0.00443649
324	6	1573	1573	0.0147705
324	7	338	338	0.00270081
324	8	2779	2779	0.0102558
324	9	11	11	0.00298309
324	10	9472	9472	0.00793648
324	11	257	257	0.000116348
324	12	35488	35488	0.0100136
324	13	318	318	0.000453949
324	14	7223	7223	0.00974846
324	15	706	706	0.00357628
324	16	340	340	0.0114536
324	17	13	13	0
324	18	50256	50256	0
325	5	3912	3912	0.0021534
325	6	1900	1900	0.000312805
325	7	355	355	0.000202179
325	8	26153	26153	0.00136566
325	9	338	338	0.000507355
325	10	16734	16734	0.0107689
325	11	13	13	0
325	12	50256	50256	0
326	5	318	318	0.00266647
326	6	25086	25086	0.0172939
326	7	13	13	3.8147e-06
326	8	50256	50256	0
327	5	976	976	0.0150738
327	6	1986	1986	0.0129509
327	7	3812	3812	0.00135803
327	8	3668	3668	0.00930595
327	9	780	780	0.00465393
327	10	663	663	0.00652885
327	11	13179	13179	0.0160713
327	12	290	290	0.00418854
327	13	13066	13066	0.0112133
327	14	389	389	0.00640297
327	15	47192	47192	0.00123596
327	16	13	13	0
327	17	50256	50256	0
328	5	20199	20199	0.00596619
328	6	1779	1779	0.00474548
328	7	4541	4541	0.00708008
328	8	4291	4291	0.00284767
328	9	257	257	0.00111008
328	10	4417	4417	0.011364
328	11	32162	32162	0.0105743
328	12	2174	2174	0.00590706
328	13	262	262	0.00179291
328	14	1633	1633	0.0257759
328	15	338	338	0.0159683
328	16	390	390	0.0133495
328	17	86	86	0.00424957
328	18	966	966	0.00666237
328	19	13	13	0.000335693
328	20	50256	50256	0
329	5	262	262	0.0027504
329	6	2612	2612	0.00894165
329	7	11	11	0.0012188
329	8	2138	2138	0.00272369
329	9	621	621	0.000808716
329	10	6872	6872	0.00811768
329	11	340	340	0.00463295
329	12	1497	1497	0.00597
329	13	13	13	0
329	14	50256	50256	0
330	5	1688	1688	0.0147629
330	6	26041	26041	0.00569916
330	7	1748	1748	0.00346947
330	8	287	287	0.00102615
330	9	1944	1944	0.00723076
330	10	12	12	0.00395584
330	11	820	820	0.00643921
330	12	32183	32183	0.00111771
330	13	13	13	2.28882e-05
330	14	50256	50256	0
331	5	2347	2347	0.0159454
331	6	318	318	0.00353813
331	7	17298	17298	0.0446415
331	8	287	287	0.0020752
331	9	663	663	0.00718307
331	10	29984	29984	0.00606728
331	11	13	13	0.000152588
331	12	50256	50256	0
332	5	257	257	0.000141144
332	6	46103	46103	0.00631905
332	7	326	326	0.000303268
332	8	8186	8186	0.00252724
332	9	728	728	0.00315857
332	10	416	416	0.00111771
332	11	16299	16299	0.00171661
332	12	9653	9653	0.000883102
332	13	13	13	2.28882e-05
332	14	50256	50256	0
333	5	33828	33828	0.00401115
333	6	2630	2630	0.000967026
333	7	262	262	0.00031662
333	8	4960	4960	0.00908279
333	9	670	670	0.00235939
333	10	383	383	0.00344467
333	11	17388	17388	0.00211143
333	12	286	286	8.7738e-05
333	13	5215	5215	0.00421143
333	14	7285	7285	0.00132751
333	15	13	13	0
333	16	50256	50256	0
334	5	656	656	0.00185394
334	6	262	262	7.62939e-06
334	7	12108	12108	0.0015316
334	8	286	286	0.000247955
334	9	5828	5828	0.00131035
334	10	13	13	7.62939e-06
334	11	50256	50256	0
335	5	1146	1146	0.00276947
335	6	14523	14523	0.00370979
335	7	12076	12076	0.00751305
335	8	4755	4755	0.00414848
335	9	5419	5419	0.00596046
335	10	7716	7716	0.00479698
335	11	663	663	0.00105476
335	12	14091	14091	0.0101604
335	13	2214	2214	0.00336647
335	14	13	13	0.000370026
335	15	50256	50256	0
336	5	416	416	0.000587463
336	6	281	281	6.67572e-05
336	7	12064	12064	0.00101852
336	8	900	900	0.00194168
336	9	13	13	0
336	10	50256	50256	0
337	5	4387	4387	0.0291691
337	6	2877	2877	0.00797081
337	7	5044	5044	0.0122547
337	8	416	416	0.0026722
337	9	2347	2347	0.0141468
337	10	13	13	8.39233e-05
337	11	50256	50256	3.8147e-06
338	5	318	318	0.000175476
338	6	281	281	0.000156403
338	7	12628	12628	0.00164223
338	8	1286	1286	0.000701904
338	9	35162	35162	0.000976562
338	10	19955	19955	0.00123978
338	11	17116	17116	0.00122833
338	12	13	13	6.86646e-05
338	13	50256	50256	0
339	5	1255	1255	0.00728226
339	6	422	422	0.00187302
339	7	4802	4802	0.00722122
339	8	29358	29358	0.00984192
339	9	286	286	0.00158691
339	10	32085	32085	0.00928307
339	11	729	729	0.00324059
339	12	416	416	0.00484085
339	13	739	739	0.00714874
339	14	8583	8583	0.00610733
339	15	29781	29781	0.0031395
339	16	13	13	0
339	17	50256	50256	3.8147e-06
340	5	4417	4417	0.0065155
340	6	11	11	0.000637054
340	7	340	340	0.00415611
340	8	318	318	0.00234222
340	9	1444	1444	0.000335693
340	10	28856	28856	0.00209236
340	11	13	13	0
340	12	50256	50256	0
341	5	31094	31094	0.00543976
341	6	9813	9813	0.00514221
341	7	3067	3067	0.00500107
341	8	379	379	0.000873566
341	9	262	262	0.00445938
341	10	976	976	0.00842285
341	11	2866	2866	0.00654602
341	12	13	13	0.000249863
341	13	50256	50256	0
342	5	338	338	0.000585556
342	6	3139	3139	0.00424385
342	7	11	11	0.00191116
342	8	319	319	0.00687027
342	9	262	262	0.00771713
342	10	2258	2258	0.00486755
342	11	5451	5451	0.00137711
342	12	13	13	0.00131607
342	13	50256	50256	0
343	5	290	290	0.00201035
343	6	262	262	3.8147e-05
343	7	7431	7431	0.00502014
343	8	323	323	0.00237656
343	9	2271	2271	0.00513649
343	10	389	389	0.00251198
343	11	1688	1688	0.00654602
343	12	46178	46178	0.00371933
343	13	2462	2462	0.0015316
343	14	873	873	0.00106049
343	15	13	13	0
343	16	50256	50256	0
344	5	3303	3303	0.00233269
344	6	13	13	3.8147e-06
344	7	50256	50256	0
345	5	338	338	0.00088501
345	6	1588	1588	0.0049839
345	7	14966	14966	0.00517082
345	8	389	389	0.000858307
345	9	20633	20633	0.00540543
345	10	416	416	0.00124741
345	11	16021	16021	0.00404739
345	12	300	300	0.00398445
345	13	600	600	0.0034008
345	14	1424	1424	0.00157547
345	15	13	13	8.2016e-05
345	16	50256	50256	0
346	5	262	262	0.00194359
346	6	717	717	0.00523949
346	7	1893	1893	0.00696564
346	8	286	286	0.000602722
346	9	16256	16256	0.0220108
346	10	706	706	0.0036602
346	11	663	663	0.00414658
346	12	39862	39862	0.00424576
346	13	286	286	0.000425339
346	14	10404	10404	0.000808716
346	15	13	13	0
346	16	50256	50256	0
347	5	1022	1022	0.000911713
347	6	5387	5387	0.00440407
347	7	21379	21379	0.00569916
347	8	290	290	0.00227356
347	9	262	262	0.000465393
347	10	7097	7097	0.00988388
347	11	2858	2858	0.00233078
347	12	13	13	1.52588e-05
347	13	50256	50256	0
348	5	17598	17598	0.0045414
348	6	318	318	0.00186539
348	7	262	262	0.000789642
348	8	4756	4756	0.0102119
348	9	832	832	0.0019989
348	10	543	543	0.00496483
348	11	4704	4704	0.00714493
348	12	8318	8318	0.00325012
348	13	13	13	0
348	14	50256	50256	0
349	5	257	257	0.00658226
349	6	8122	8122	0.0629692
349	7	416	416	0.0078125
349	8	10829	10829	0.013588
349	9	5365	5365	0.00579834
349	10	26758	26758	0.00201416
349	11	17745	17745	0.00248718
349	12	13	13	0
349	13	50256	50256	3.8147e-06
350	5	12912	12912	0.0191898
350	6	5696	5696	0.00730324
350	7	7668	7668	0.00940514
350	8	351	351	0.00309563
350	9	8977	8977	0.0105133
350	10	290	290	0.0037384
350	11	26898	26898	0.0209179
350	12	13166	13166	0.00538063
350	13	13	13	0
350	14	50256	50256	0
351	5	14281	14281	0.00328255
351	6	393	393	0.00272751
351	7	28402	28402	0.0209045
351	8	7334	7334	0.00524521
351	9	329	329	0.000919342
351	10	663	663	0.00115967
351	11	7956	7956	0.00363159
351	12	5250	5250	0.000890732
351	13	15921	15921	0.000518799
351	14	13	13	0
351	15	50256	50256	0
352	5	11471	11471	0.00327873
352	6	11	11	0.000312805
352	7	41331	41331	0.00873184
352	8	286	286	0.00137711
352	9	21558	21558	0.00911522
352	10	460	460	0.00364876
352	11	307	307	0.00555992
352	12	24167	24167	0.00900459
352	13	284	284	0.00155258
352	14	1296	1296	0.0049057
352	15	262	262	0.00304031
352	16	7714	7714	0.00941467
352	17	286	286	0.000724792
352	18	257	257	0.00178909
352	19	8837	8837	0.00332832
352	20	13	13	0
352	21	50256	50256	0
353	5	504	504	0.00310707
353	6	23470	23470	0.00180054
353	7	36364	36364	0.0035305
353	8	1777	1777	0.0031414
353	9	2367	2367	0.00161934
353	10	656	656	0.000883102
353	11	37285	37285	0.00244331
353	12	338	338	0.000751495
353	13	6450	6450	0.0168648
353	14	6440	6440	0.0122986
353	15	41724	41724	0.00225639
353	16	13	13	0
353	17	50256	50256	0
354	5	4577	4577	0.00319672
354	6	284	284	0.00139236
354	7	10716	10716	0.00737381
354	8	416	416	0.00149918
354	9	9194	9194	0.0104237
354	10	7842	7842	0.0012188
354	11	1431	1431	0.00137711
354	12	4263	4263	0.00199699
354	13	13	13	0.00025177
354	14	50256	50256	0
355	5	3623	3623	0.00737381
355	6	326	326	0.0040741
355	7	30174	30174	0.0072155
355	8	691	691	0.0053215
355	9	351	351	0.00196075
355	10	1049	1049	0.00941277
355	11	8722	8722	0.00243378
355	12	739	739	0.00233841
355	13	8850	8850	0.00398827
355	14	3403	3403	0.00297928
355	15	13	13	3.8147e-06
355	16	50256	50256	0
356	5	318	318	0.000167847
356	6	257	257	0.000286102
356	7	31513	31513	0.00313377
356	8	8598	8598	0.00139999
356	9	287	287	0.000606537
356	10	38131	38131	0.00295639
356	11	37270	37270	0.00223541
356	12	13	13	0
356	13	50256	50256	0
357	5	7285	7285	0.00224876
357	6	351	351	0.000736237
357	7	262	262	0.0001297
357	8	289	289	0.00479507
357	9	343	343	0.00350189
357	10	363	363	0.00184441
357	11	2271	2271	0.00305748
357	12	290	290	0.000514984
357	13	479	479	0.0084343
357	14	265	265	0.00408173
357	15	461	461	0.00567055
357	16	2271	2271	0.0049572
357	17	27226	27226	0.00192451
357	18	397	397	0.00128555
357	19	3166	3166	0.00452423
357	20	13	13	0.000123978
357	21	50256	50256	0
358	5	2237	2237	0.0104446
358	6	13042	13042	0.00869942
358	7	13	13	0.00288963
358	8	50256	50256	0
359	5	46916	46916	0.00766563
359	6	286	286	0.00187302
359	7	530	530	0.00619125
359	8	8122	8122	0.0044899
359	9	34646	34646	0.010561
359	10	287	287	0.0029335
359	11	1194	1194	0.0136585
359	12	2296	2296	0.00684738
359	13	2304	2304	0.000896454
359	14	856	856	0.000928879
359	15	8122	8122	0.00281143
359	16	13	13	0
359	17	50256	50256	4.19617e-05
360	5	890	890	0.00561714
360	6	14659	14659	0.00382233
360	7	7042	7042	0.00252724
360	8	422	422	0.00208282
360	9	4555	4555	0.00588799
360	10	37880	37880	0.00270271
360	11	2615	2615	0.00106812
360	12	7021	7021	0.00186539
360	13	13	13	0.000225067
360	14	50256	50256	0
361	5	3812	3812	0.00376701
361	6	1657	1657	0.0170135
361	7	832	832	0.0260124
361	8	257	257	0.00955582
361	9	2882	2882	0.0256119
361	10	1444	1444	0.0027504
361	11	2825	2825	0.00448418
361	12	34248	34248	0.00439644
361	13	1042	1042	0.00164795
361	14	13	13	0
361	15	50256	50256	0
362	5	286	286	0
362	6	262	262	0.000240326
362	7	13387	13387	0.00358391
362	8	286	286	3.43323e-05
362	9	262	262	5.72205e-05
362	10	311	311	0.00413704
362	11	32248	32248	0.00034523
362	12	32939	32939	0.000202179
362	13	13	13	0
362	14	50256	50256	0
363	5	9030	9030	0.00104904
363	6	973	973	0.000480652
363	7	28713	28713	0.000972748
363	8	284	284	0.00012207
363	9	2746	2746	0.001894
363	10	37209	37209	0.000545502
363	11	16006	16006	0.000167847
363	12	13	13	0.000226974
363	13	50256	50256	0
364	5	35831	35831	0.00686646
364	6	26664	26664	0.00169945
364	7	4735	4735	0.00169945
364	8	422	422	0.00113297
364	9	257	257	0.00201607
364	10	8122	8122	0.00438499
364	11	13	13	6.86646e-05
364	12	50256	50256	0.000160217
365	5	290	290	0.00119781
365	6	1336	1336	0.0767078
365	7	31093	31093	0.00632095
365	8	11	11	0.00117302
365	9	618	618	0.0111752
365	10	6591	6591	0.00311089
365	11	290	290	0.00191879
365	12	25572	25572	0.0764065
365	13	40738	40738	0.00586891
365	14	3048	3048	0.00414848
365	15	19594	19594	0.00318146
365	16	1123	1123	0.00397682
365	17	584	584	0.00217628
365	18	13	13	0.00167465
365	19	50256	50256	1.90735e-05
366	5	4477	4477	0.00120926
366	6	881	881	0.00120163
366	7	286	286	0.000164032
366	8	663	663	0.000862122
366	9	1903	1903	0.0047226
366	10	2478	2478	0.00322533
366	11	2641	2641	0.000864029
366	12	663	663	0.00122833
366	13	2802	2802	0.00339699
366	14	338	338	0.000349045
366	15	36594	36594	0.00362015
366	16	13	13	0
366	17	50256	50256	0
367	5	3734	3734	0.00275421
367	6	32908	32908	0.00361443
367	7	326	326	0.0010128
367	8	3342	3342	0.00460625
367	9	2344	2344	0.00171471
367	10	39895	39895	0.00149727
367	11	282	282	0.00230598
367	12	13	13	0.00018692
367	13	50256	50256	0
368	5	422	422	0.00141525
368	6	262	262	0.000110626
368	7	21405	21405	0.00340843
368	8	286	286	4.57764e-05
368	9	269	269	0.00713158
368	10	967	967	0.00504303
368	11	26210	26210	0.00400543
368	12	7150	7150	0.00286293
368	13	13	13	2.67029e-05
368	14	50256	50256	0
369	5	26948	26948	0.0558491
369	6	318	318	0.00487137
369	7	257	257	0.00541878
369	8	9403	9403	0.0114021
369	9	13	13	0.0024147
369	10	50256	50256	0
370	5	1321	1321	0.000761032
370	6	355	355	0.00444031
370	7	880	880	0.00494003
370	8	355	355	0.00238037
370	9	663	663	0.00583839
370	10	21437	21437	0.00292206
370	11	13	13	0.00012207
370	12	50256	50256	3.8147e-06
371	5	1735	1735	0.00502968
371	6	4129	4129	0.00317383
371	7	15082	15082	0.00514603
371	8	444	444	0.00352669
371	9	663	663	0.0018959
371	10	1989	1989	0.00498962
371	11	416	416	0.00127029
371	12	1440	1440	0.00352097
371	13	13	13	8.39233e-05
371	14	50256	50256	0
372	5	14807	14807	0.0080452
372	6	1444	1444	0.00768852
372	7	262	262	0.00128937
372	8	2258	2258	0.00725746
372	9	5451	5451	0.00380135
372	10	290	290	0.00491333
372	11	2520	2520	0.0111847
372	12	5451	5451	0.0092659
372	13	13	13	0.000579834
372	14	50256	50256	0
373	5	262	262	0.00107956
373	6	4151	4151	0.00770378
373	7	832	832	0.00164795
373	8	262	262	0.00564575
373	9	34047	34047	0.00284958
373	10	13	13	0
373	11	50256	50256	3.8147e-06
374	5	286	286	1.14441e-05
374	6	262	262	3.8147e-06
374	7	25730	25730	0.000896454
374	8	17628	17628	0.000356674
374	9	3923	3923	0.00105286
374	10	13	13	1.90735e-05
374	11	50256	50256	0
375	5	4069	4069	0.00210762
375	6	351	351	0.000904083
375	7	281	281	0.00222778
375	8	2938	2938	0.00474548
375	9	1255	1255	0.00193596
375	10	13	13	2.67029e-05
375	11	50256	50256	0
376	5	8830	8830	0.00662422
376	6	3340	3340	0.00326157
376	7	290	290	0.00275421
376	8	262	262	7.62939e-06
376	9	1578	1578	0.00216866
376	10	1829	1829	0.00094223
376	11	13	13	0
376	12	50256	50256	0
377	5	17517	17517	0.00188255
377	6	287	287	8.01086e-05
377	7	15142	15142	0.00572968
377	8	318	318	0.000526428
377	9	7173	7173	0.00285912
377	10	3917	3917	0.000606537
377	11	351	351	0.000499725
377	12	7068	7068	0.00544739
377	13	9261	9261	0.00297737
377	14	72	72	0.00206184
377	15	402	402	0.00168037
377	16	31330	31330	0.000377655
377	17	13	13	3.8147e-06
377	18	50256	50256	0
378	5	284	284	3.8147e-06
378	6	663	663	3.8147e-06
378	7	8373	8373	0.00218964
378	8	13	13	0
378	9	50256	50256	0
379	5	1748	1748	0.00266838
379	6	351	351	0.00445175
379	7	3881	3881	0.00859833
379	8	12	12	0.00432777
379	9	8968	8968	0.0107269
379	10	28814	28814	0.00266457
379	11	287	287	0.00170898
379	12	8078	8078	0.00187111
379	13	13	13	0
379	14	50256	50256	0
380	5	257	257	0.00339699
380	6	6994	6994	0.0107498
380	7	1271	1271	0.00258827
380	8	13	13	0
380	9	50256	50256	0
381	5	2392	2392	0.00301552
381	6	28400	28400	0.00357246
381	7	621	621	0.00158882
381	8	4171	4171	0.00242424
381	9	7424	7424	0.00428772
381	10	1657	1657	0.00406456
381	11	13	13	0
381	12	50256	50256	0
382	5	21622	21622	0.00082016
382	6	416	416	0.00281525
382	7	511	511	0.0054493
382	8	6625	6625	0.00607681
382	9	284	284	0.000984192
382	10	34688	34688	0.00232506
382	11	13	13	8.7738e-05
382	12	50256	50256	0
383	5	12866	12866	0.00238228
383	6	278	278	0.000423431
383	7	20365	20365	0.00161362
383	8	3033	3033	0.000524521
383	9	262	262	0
383	10	2095	2095	0.00153542
383	11	25846	25846	0.00414848
383	12	565	565	0.00226784
383	13	733	733	0.00176811
383	14	13	13	8.39233e-05
383	15	50256	50256	0
384	5	313	313	0.00153351
384	6	48406	48406	0.00448608
384	7	50195	50195	0.00305557
384	8	6296	6296	0.00200272
384	9	24287	24287	0.00430298
384	10	286	286	0.000297546
384	11	3660	3660	0.00576019
384	12	5828	5828	0.00287247
384	13	2254	2254	0.0017395
384	14	13	13	0
384	15	50256	50256	5.34058e-05
385	5	2618	2618	0.0147629
385	6	1080	1080	0.00562477
385	7	11	11	0.00191116
385	8	257	257	0.00353813
385	9	5421	5421	0.0100517
385	10	29973	29973	0.00956154
385	11	13066	13066	0.0109825
385	12	318	318	0.00382233
385	13	281	281	0.0104122
385	14	30004	30004	0.00437355
385	15	541	541	0.00141335
385	16	325	325	0.00187302
385	17	13	13	0.000497818
385	18	50256	50256	0
386	5	7729	7729	0.00319481
386	6	422	422	0.00104523
386	7	7446	7446	0.0133038
386	8	284	284	0.000602722
386	9	12183	12183	0.00326347
386	10	418	418	0.0015049
386	11	2586	2586	0.00362396
386	12	13	13	0.000322342
386	13	50256	50256	0
387	5	12022	12022	0.000829697
387	6	373	373	0.000404358
387	7	257	257	0.000621796
387	8	1748	1748	0.000925064
387	9	286	286	8.01086e-05
387	10	262	262	7.24792e-05
387	11	6156	6156	0.00097084
387	12	1423	1423	0.00370789
387	13	385	385	0.00196266
387	14	6916	6916	0.0018425
387	15	14355	14355	0.000976562
387	16	13	13	0
387	17	50256	50256	0
388	5	656	656	0.00119209
388	6	257	257	0.000629425
388	7	1296	1296	0.00237846
388	8	5292	5292	0.00363922
388	9	284	284	0.00030899
388	10	21363	21363	0.00318336
388	11	663	663	0.000198364
388	12	10154	10154	0.00358582
388	13	13	13	0.000331879
388	14	50256	50256	0
389	5	8899	8899	0.00167465
389	6	35076	35076	0.00283432
389	7	18180	18180	0.00206757
389	8	3745	3745	0.00420189
389	9	257	257	0.000595093
389	10	1588	1588	0.00223923
389	11	25979	25979	0.00159454
389	12	287	287	0.000326157
389	13	19483	19483	0.00693321
389	14	290	290	0.00298309
389	15	3794	3794	0.00575829
389	16	13	13	0.00030899
389	17	50256	50256	0
390	5	1296	1296	0.000730515
390	6	257	257	0.00141144
390	7	14153	14153	0.00367928
390	8	1339	1339	0.00499916
390	9	1088	1088	0.00214005
390	10	262	262	0.001091
390	11	3632	3632	0.00392532
390	12	13	13	4.19617e-05
390	13	50256	50256	0
391	5	1262	1262	0.00236893
391	6	12278	12278	0.00461197
391	7	10425	10425	0.00509834
391	8	290	290	0.00146103
391	9	5931	5931	0.00758743
391	10	2085	2085	0.00374603
391	11	9302	9302	0.00110245
391	12	13	13	0
391	13	50256	50256	0
392	5	286	286	0.000297546
392	6	257	257	0.00167274
392	7	6808	6808	0.0210457
392	8	11	11	0.00410461
392	9	257	257	0.00707626
392	10	1688	1688	0.0260792
392	11	2368	2368	0.0111008
392	12	11	11	0.000530243
392	13	290	290	0.00458527
392	14	257	257	0.00196457
392	15	2818	2818	0.00991631
392	16	8150	8150	0.0025444
392	17	13	13	1.52588e-05
392	18	50256	50256	0
393	5	734	734	0.0033474
393	6	3891	3891	0.00799751
393	7	329	329	0.00287247
393	8	262	262	0.000171661
393	9	976	976	0.00353241
393	10	33158	33158	0.00699615
393	11	13833	13833	0.000875473
393	12	13	13	3.43323e-05
393	13	50256	50256	0
394	5	3578	3578	0.00363541
394	6	38575	38575	0.00133896
394	7	13871	13871	0.00203896
394	8	621	621	0.001194
394	9	262	262	0.000171661
394	10	1388	1388	0.00694847
394	11	5046	5046	0.00411224
394	12	3436	3436	0.00485611
394	13	13	13	0.00018692
394	14	50256	50256	0
395	5	44504	44504	0.00477028
395	6	422	422	0.000513077
395	7	12734	12734	0.00928879
395	8	290	290	0.00150299
395	9	10385	10385	0.0172844
395	10	340	340	0.00175476
395	11	656	656	0.00659752
395	12	12498	12498	0.00297546
395	13	13	13	0.000228882
395	14	50256	50256	0
396	5	832	832	8.2016e-05
396	6	257	257	9.15527e-05
396	7	1429	1429	0.00182152
396	8	1444	1444	0.000720978
396	9	285	285	0.00682068
396	10	13929	13929	0.000762939
396	11	2649	2649	0.000741959
396	12	13	13	0
396	13	50256	50256	0
397	5	422	422	0.000465393
397	6	262	262	6.86646e-05
397	7	25572	25572	0.000370026
397	8	4417	4417	0.000358582
397	9	13	13	3.8147e-06
397	10	50256	50256	0
398	5	11	11	0.00283813
398	6	475	475	0.0105629
398	7	407	407	0.00399971
398	8	790	790	0.0144653
398	9	35991	35991	0.00678444
398	10	318	318	0.00270844
398	11	257	257	0.000984192
398	12	6616	6616	0.0135384
398	13	13	13	0.000688553
398	14	50256	50256	0
399	5	618	618	0.00217438
399	6	663	663	0.00304222
399	7	13042	13042	0.0132999
399	8	12611	12611	0.00281334
399	9	378	378	0.00446129
399	10	706	706	0.00380325
399	11	852	852	0.00993729
399	12	458	458	0.00398064
399	13	17758	17758	0.00222397
399	14	13	13	0
399	15	50256	50256	0
400	5	4351	4351	0.00301361
400	6	416	416	0.00201797
400	7	15637	15637	0.00450516
400	8	369	369	0.00216293
400	9	11124	11124	0.00364113
400	10	290	290	0.00219345
400	11	24748	24748	0.0162468
400	12	596	596	0.00439835
400	13	1022	1022	0.00210381
400	14	663	663	0.00181389
400	15	7714	7714	0.00248909
400	16	13	13	0.000335693
400	17	50256	50256	0
401	5	1458	1458	0.00390816
401	6	1437	1437	0.00605583
401	7	355	355	0.00088501
401	8	340	340	0.00151634
401	9	30174	30174	0.00916672
401	10	351	351	0.000812531
401	11	15938	15938	0.0132217
401	12	287	287	0.00751114
401	13	663	663	0.0073452
401	14	21334	21334	0.00335503
401	15	13	13	0
401	16	50256	50256	0
402	5	373	373	0.00368118
402	6	3170	3170	0.00194168
402	7	329	329	0.00631332
402	8	262	262	0.00561523
402	9	6342	6342	0.0115967
402	10	45357	45357	0.00222588
402	11	286	286	0.000389099
402	12	49545	49545	0.000801086
402	13	13	13	1.14441e-05
402	14	50256	50256	0
403	5	15268	15268	0.00513268
403	6	290	290	0.00202942
403	7	13532	13532	0.00844383
403	8	2427	2427	0.00388718
403	9	286	286	0.000968933
403	10	691	691	0.0081234
403	11	257	257	0.00474548
403	12	5969	5969	0.0117607
403	13	10706	10706	0.00486183
403	14	286	286	9.53674e-05
403	15	17848	17848	0.000570297
403	16	13	13	0
403	17	50256	50256	0
404	5	28408	28408	0.00450134
404	6	430	430	0.00604439
404	7	704	704	0.00488472
404	8	1313	1313	0.00584602
404	9	389	389	0.00421524
404	10	1440	1440	0.00432014
404	11	1602	1602	0.00419426
404	12	14796	14796	0.00230217
404	13	44360	44360	0.000709534
404	14	13	13	7.62939e-06
404	15	50256	50256	0
405	5	18665	18665	0.00133133
405	6	1660	1660	0.000135422
405	7	284	284	3.43323e-05
405	8	11684	11684	0.00186539
405	9	290	290	0.000114441
405	10	4736	4736	0.00135994
405	11	13	13	3.8147e-06
405	12	50256	50256	0
406	5	21891	21891	0.0141296
406	6	11	11	0.00118256
406	7	281	281	0.0161667
406	8	6156	6156	0.0212593
406	9	19517	19517	0.0138474
406	10	1748	1748	0.0035305
406	11	13	13	0.00201035
406	12	50256	50256	0
407	5	43088	43088	0.00161934
407	6	351	351	9.91821e-05
407	7	471	471	0.00494576
407	8	12	12	0.000576019
407	9	16760	16760	0.00154114
407	10	3272	3272	0.00208664
407	11	9004	9004	0.00113487
407	12	13	13	2.28882e-05
407	13	50256	50256	0
408	5	13108	13108	0.000423431
408	6	10340	10340	0.000375748
408	7	13	13	0.000118256
408	8	50256	50256	0
409	5	4645	4645	0.00434113
409	6	4635	4635	0.0035038
409	7	416	416	0.000938416
409	8	1728	1728	0.00318336
409	9	38467	38467	0.00785828
409	10	13	13	0
409	11	50256	50256	0
410	5	810	810	0.00529289
410	6	27163	27163	0.00273323
410	7	33408	33408	0.00683403
410	8	12188	12188	0.00575256
410	9	510	510	0.00494003
410	10	1474	1474	0.00323296
410	11	257	257	0.00215912
410	12	7850	7850	0.0050354
410	13	338	338	0.000671387
410	14	5422	5422	0.00981522
410	15	13	13	0
410	16	50256	50256	0
411	5	41578	41578	0.0137825
411	6	11	11	0.00211525
411	7	1474	1474	0.00438309
411	8	262	262	0.000370026
411	9	8211	8211	0.0104275
411	10	7051	7051	0.00258064
411	11	13	13	0.000228882
411	12	50256	50256	0
412	5	9565	9565	0.00734901
412	6	24049	24049	0.00457954
412	7	862	862	0.00310898
412	8	11	11	0.00030899
412	9	336	336	0.00979614
412	10	15515	15515	0.00589752
412	11	11	11	0.000785828
412	12	290	290	0
412	13	584	584	0.0045433
412	14	16759	16759	0.000705719
412	15	13	13	0
412	16	50256	50256	0
413	5	286	286	0.000171661
413	6	734	734	0.00736618
413	7	6134	6134	0.0174828
413	8	523	523	0.00497246
413	9	326	326	0.00985527
413	10	484	484	0.00745583
413	11	1663	1663	0.0209579
413	12	1978	1978	0.0152569
413	13	13	13	0.00183487
413	14	50256	50256	0
414	5	925	925	0.00158691
414	6	416	416	0.000190735
414	7	10708	10708	0.00201416
414	8	290	290	0.000770569
414	9	23610	23610	0.00379372
414	10	7135	7135	0.00173378
414	11	22670	22670	0.00328636
414	12	286	286	0.00018692
414	13	3348	3348	0.00263596
414	14	13	13	9.53674e-05
414	15	50256	50256	0
415	5	15568	15568	0.00720024
415	6	1864	1864	0.00467873
415	7	284	284	0.00019455
415	8	7729	7729	0.0128918
415	9	5281	5281	0.00612831
415	10	416	416	0.000843048
415	11	31228	31228	0.00674629
415	12	25897	25897	0.00549126
415	13	13	13	0
415	14	50256	50256	0
416	5	4909	4909	0.00552368
416	6	749	749	0.00629616
416	7	286	286	0.00230789
416	8	22779	22779	0.00315666
416	9	8602	8602	0.00553513
416	10	290	290	0.00127411
416	11	19101	19101	0.00248146
416	12	13	13	1.14441e-05
416	13	50256	50256	0
417	5	5478	5478	0.0107746
417	6	338	338	0.00150871
417	7	10596	10596	0.0177803
417	8	7051	7051	0.00629616
417	9	11	11	0.00146103
417	10	318	318	0.00501633
417	11	262	262	0.00112152
417	12	3139	3139	0.00347519
417	13	286	286	0.00163651
417	14	49657	49657	0.00134468
417	15	13	13	0
417	16	50256	50256	0
418	5	874	874	0.00373459
418	6	7330	7330	0.00489426
418	7	20901	20901	0.00867462
418	8	422	422	0.00866127
418	9	33773	33773	0.0213223
418	10	2877	2877	0.00987434
418	11	1626	1626	0.00511932
418	12	511	511	0.00379944
418	13	21379	21379	0.00713158
418	14	13	13	0
418	15	50256	50256	0
419	5	543	543	0.00999451
419	6	2568	2568	0.00737381
419	7	318	318	0.00413704
419	8	11172	11172	0.0174026
419	9	393	393	0.00253868
419	10	670	670	0.0121498
419	11	318	318	0.00537491
419	12	1760	1760	0.000865936
419	13	13	13	0
419	14	50256	50256	0
420	5	6364	6364	0.0133781
420	6	3585	3585	0.0113602
420	7	284	284	0.00759888
420	8	530	530	0.0121059
420	9	1194	1194	0.00879097
420	10	1973	1973	0.00168419
420	11	3668	3668	0.0114059
420	12	338	338	0.00170326
420	13	4417	4417	0.00376701
420	14	13	13	0
420	15	50256	50256	0
421	5	19853	19853	0.000827789
421	6	16736	16736	0.000680923
421	7	2029	2029	0.00050354
421	8	262	262	0.000404358
421	9	4417	4417	0.000911713
421	10	286	286	0.000505447
421	11	8706	8706	0.00078392
421	12	13	13	0
421	13	50256	50256	0
422	5	8384	8384	8.01086e-05
422	6	329	329	9.91821e-05
422	7	663	663	6.10352e-05
422	8	35988	35988	0.000270844
422	9	5667	5667	3.43323e-05
422	10	13	13	0
422	11	50256	50256	0
423	5	929	929	0.000473022
423	6	8231	8231	0.00120163
423	7	11	11	0.00056076
423	8	407	407	0.00087738
423	9	1866	1866	0.00347137
423	10	286	286	0.000621796
423	11	262	262	3.8147e-06
423	12	6842	6842	0.00481224
423	13	1641	1641	0.00317001
423	14	13	13	3.8147e-06
423	15	50256	50256	0
424	5	416	416	0.00236893
424	6	41878	41878	0.0104084
424	7	1402	1402	0.00304985
424	8	5207	5207	0.00509071
424	9	286	286	0.00133133
424	10	2587	2587	0.00579834
424	11	13	13	0.000774384
424	12	50256	50256	0
425	5	6588	6588	0.0050602
425	6	23235	23235	0.0101585
425	7	326	326	0.0145626
425	8	460	460	0.00658035
425	9	10649	10649	0.0116539
425	10	1613	1613	0.00398445
425	11	530	530	0.00491524
425	12	1194	1194	0.00509262
425	13	13	13	0.000562668
425	14	50256	50256	0
426	5	422	422	0.00167465
426	6	14659	14659	0.00347137
426	7	286	286	0.000343323
426	8	23206	23206	0.00642204
426	9	17045	17045	0.00140572
426	10	13	13	6.10352e-05
426	11	50256	50256	0
427	5	1111	1111	0.00104904
427	6	5594	5594	0.00286674
427	7	284	284	0.000171661
427	8	262	262	7.62939e-06
427	9	285	285	0.00267601
427	10	692	692	0.00450706
427	11	17990	17990	0.00117874
427	12	1448	1448	0.00130272
427	13	13	13	1.14441e-05
427	14	50256	50256	0
428	5	286	286	0.000507355
428	6	16639	16639	0.00250816
428	7	544	544	0.00161552
428	8	11	11	0.00348091
428	9	635	635	0.00382996
428	10	1444	1444	0.00123596
428	11	262	262	0.000610352
428	12	16639	16639	0.00572395
428	13	2066	2066	0.00181389
428	14	13	13	2.67029e-05
428	15	50256	50256	0
429	5	832	832	0.00892448
429	6	47683	47683	0.0140629
429	7	290	290	0.000965118
429	8	8106	8106	0.0113144
429	9	503	503	0.00322914
429	10	2057	2057	0.00914192
429	11	13166	13166	0.00530624
429	12	13	13	0
429	13	50256	50256	0
430	5	16839	16839	0.0076313
430	6	338	338	0.00204468
430	7	2292	2292	0.00818062
430	8	15947	15947	0.00346947
430	9	663	663	0.000988007
430	10	1295	1295	0.00781631
430	11	1988	1988	0.00245857
430	12	13	13	0.000370026
430	13	50256	50256	0
431	5	20629	20629	0.000408173
431	6	284	284	0.000247955
431	7	11007	11007	0.00110817
431	8	12967	12967	0.000413895
431	9	902	902	0.00146484
431	10	13	13	0
431	11	50256	50256	0
432	5	262	262	0.00392914
432	6	6869	6869	0.0153008
432	7	8318	8318	0.0107098
432	8	832	832	0.00129318
432	9	3668	3668	0.00352478
432	10	338	338	0.000530243
432	11	9082	9082	0.0135593
432	12	13	13	0.000526428
432	13	50256	50256	0
433	5	29410	29410	0.00547981
433	6	544	544	0.00261879
433	7	290	290	0.000915527
433	8	3354	3354	0.00556374
433	9	286	286	0.000354767
433	10	7840	7840	0.00814056
433	11	22779	22779	0.00542068
433	12	2031	2031	0.00313759
433	13	13	13	0
433	14	50256	50256	0
434	5	290	290	0.000347137
434	6	37919	37919	0.00818253
434	7	710	710	0.0032444
434	8	16189	16189	0.00323105
434	9	3822	3822	0.00240135
434	10	1656	1656	0.00138283
434	11	287	287	0.00183868
434	12	24956	24956	0.00416946
434	13	290	290	0.000312805
434	14	14173	14173	0.00591087
434	15	2247	2247	0.000953674
434	16	13	13	7.62939e-05
434	17	50256	50256	0
435	5	893	893	0.00136948
435	6	325	325	0.00210762
435	7	385	385	0.00270081
435	8	2111	2111	0.00413513
435	9	284	284	0.000198364
435	10	1441	1441	0.0035305
435	11	1363	1363	0.00337029
435	12	706	706	0.000991821
435	13	262	262	0.000408173
435	14	44695	44695	0.00180054
435	15	1810	1810	0.00084877
435	16	13	13	7.62939e-06
435	17	50256	50256	0
436	5	12277	12277	0.00126839
436	6	12	12	0.000705719
436	7	11545	11545	0.00149155
436	8	10340	10340	0.000789642
436	9	13	13	0
436	10	50256	50256	0
437	5	30176	30176	0.0126781
437	6	4778	4778	0.00348663
437	7	1444	1444	0.00471687
437	8	32858	32858	0.00335312
437	9	290	290	0.000167847
437	10	47314	47314	0.0055275
437	11	13	13	0
437	12	50256	50256	0
438	5	15358	15358	0.0116043
438	6	1505	1505	0.00862312
438	7	11	11	0.00223541
438	8	543	543	0.00326538
438	9	5419	5419	0.00423241
438	10	1296	1296	0.00976181
438	11	257	257	0.000394821
438	12	14153	14153	0.00393867
438	13	4417	4417	0.00115013
438	14	7679	7679	0.00122261
438	15	13	13	0
438	16	50256	50256	0
439	5	24240	24240	0.0220871
439	6	318	318	0.00252151
439	7	257	257	0.000154495
439	8	8234	8234	0.0268612
439	9	772	772	0.00281143
439	10	996	996	0.00658035
439	11	340	340	0.0065155
439	12	318	318	0.0095787
439	13	8811	8811	0.0126362
439	14	973	973	0.014473
439	15	355	355	0.00722885
439	16	257	257	0.0107632
439	17	20236	20236	0.00287628
439	18	13	13	0
439	19	50256	50256	0
440	5	286	286	0.00157738
440	6	734	734	0.00935555
440	7	13043	13043	0.0128365
440	8	11	11	0.00169182
440	9	1690	1690	0.0126286
440	10	5399	5399	0.0321789
440	11	1978	1978	0.00718307
440	12	13	13	0.000125885
440	13	50256	50256	0
441	5	42085	42085	0.00560951
441	6	2138	2138	0.00185776
441	7	621	621	0.00654221
441	8	2641	2641	0.00336647
441	9	262	262	0.000736237
441	10	3096	3096	0.00602531
441	11	338	338	0.00139999
441	12	24438	24438	0.0109825
441	13	13	13	0
441	14	50256	50256	0
442	5	9530	9530	0.00734138
442	6	5866	5866	0.00560951
442	7	11	11	0.0128555
442	8	318	318	0.00149155
442	9	2520	2520	0.00370216
442	10	4969	4969	0.00457573
442	11	338	338	0.000865936
442	12	3139	3139	0.00383186
442	13	13	13	0.00115585
442	14	50256	50256	0
443	5	21031	21031	0.00145531
443	6	15974	15974	0.00191116
443	7	351	351	0.0014782
443	8	511	511	0.000570297
443	9	16976	16976	0.00813484
443	10	2166	2166	0.0038681
443	11	7405	7405	0.00414276
443	12	13	13	3.8147e-06
443	13	50256	50256	0
444	5	422	422	0
444	6	530	530	0.00914955
444	7	3303	3303	0.00299835
444	8	656	656	0.00299835
444	9	1194	1194	0.00734711
444	10	10552	10552	0.00404549
444	11	13	13	0
444	12	50256	50256	0
445	5	262	262	0
445	6	717	717	0.00669098
445	7	290	290	0.00940323
445	8	2368	2368	0.0137367
445	9	13620	13620	0.00766182
445	10	286	286	0.000465393
445	11	262	262	7.24792e-05
445	12	25572	25572	0.00579453
445	13	6772	6772	0.00377846
445	14	13	13	0.000396729
445	15	50256	50256	0
446	5	9052	9052	0.00564384
446	6	460	460	0.000772476
446	7	21155	21155	0.00781631
446	8	257	257	0.000917435
446	9	15004	15004	0.00571251
446	10	13	13	0
446	11	50256	50256	0
447	5	286	286	0.000167847
447	6	18064	18064	0.00605011
447	7	24969	24969	0.00523376
447	8	803	803	0.00437927
447	9	5186	5186	0.00344276
447	10	290	290	0.00146866
447	11	14091	14091	0.00811005
447	12	7032	7032	0.00312614
447	13	13	13	9.91821e-05
447	14	50256	50256	0
448	5	17456	17456	0.00457764
448	6	338	338	0.00174522
448	7	3139	3139	0.00167084
448	8	11	11	0.00477219
448	9	1474	1474	0.0087204
448	10	262	262	2.28882e-05
448	11	843	843	0.0103378
448	12	274	274	0.000936508
448	13	21124	21124	0.0045948
448	14	13	13	8.01086e-05
448	15	50256	50256	0
449	5	49810	49810	0.00457191
449	6	5788	5788	0.00262642
449	7	3025	3025	0.00662231
449	8	26741	26741	0.00748253
449	9	460	460	0.00189018
449	10	1656	1656	0.0088253
449	11	355	355	0.00537872
449	12	7987	7987	0.0037632
449	13	38980	38980	0.00178909
449	14	37783	37783	0.00253868
449	15	13	13	4.95911e-05
449	16	50256	50256	1.14441e-05
450	5	31685	31685	0.00453949
450	6	82	82	0.00112152
450	7	1588	1588	0.00188065
450	8	12	12	0.00291252
450	9	9888	9888	0.0128288
450	10	3867	3867	0.00608635
450	11	1633	1633	0.00450516
450	12	284	284	0.00209427
450	13	262	262	0.000152588
450	14	826	826	0.00428963
450	15	287	287	0.00311279
450	16	262	262	0
450	17	8342	8342	0.00210953
450	18	42811	42811	0.000879288
450	19	13	13	3.8147e-06
450	20	50256	50256	0
451	5	530	530	0.012289
451	6	3470	3470	0.0264282
451	7	7370	7370	0.00689888
451	8	34186	34186	0.00917816
451	9	739	739	0.00618744
451	10	530	530	0.00844765
451	11	8137	8137	0.0256748
451	12	286	286	0.00211716
451	13	3833	3833	0.0126495
451	14	13	13	1.33514e-05
451	15	50256	50256	0
452	5	262	262	0.000167847
452	6	886	886	0.0150928
452	7	286	286	0.00215912
452	8	257	257	0.00056839
452	9	1277	1277	0.0187321
452	10	3194	3194	0.00840378
452	11	1808	1808	0.00485992
452	12	287	287	8.01086e-05
452	13	3594	3594	0.00642014
452	14	13	13	0.00053978
452	15	50256	50256	0
453	5	17556	17556	0.0178013
453	6	287	287	0.00594711
453	7	663	663	0.00286102
453	8	4735	4735	0.029377
453	9	1296	1296	0.0228043
453	10	13	13	0.000362396
453	11	50256	50256	0
454	5	402	402	0.003088
454	6	5350	5350	0.00185394
454	7	318	318	0.000488281
454	8	636	636	0.00534248
454	9	286	286	0.00112534
454	10	262	262	0.000205994
454	11	4025	4025	0.00504684
454	12	8882	8882	0.00618935
454	13	397	397	0.00609016
454	14	9869	9869	0.00404549
454	15	1045	1045	0.00415993
454	16	13	13	0
454	17	50256	50256	0
455	5	2033	2033	0.00287056
455	6	286	286	0.00094986
455	7	26306	26306	0.00827789
455	8	37056	37056	0.00479507
455	9	287	287	0.000640869
455	10	32085	32085	0.007967
455	11	729	729	0.00342369
455	12	13	13	0.000804901
455	13	50256	50256	0
456	5	712	712	0.00318146
456	6	39781	39781	0.00242424
456	7	2630	2630	0.0011425
456	8	262	262	0.000297546
456	9	5337	5337	0.00127792
456	10	2094	2094	0.00161362
456	11	2264	2264	0.000976562
456	12	844	844	0.000810623
456	13	1258	1258	0.000675201
456	14	13	13	1.52588e-05
456	15	50256	50256	0
457	5	411	411	0.00847435
457	6	15695	15695	0.00312233
457	7	78	78	0.00148773
457	8	1724	1724	0.00460434
457	9	284	284	0.00155258
457	10	1716	1716	0.00275993
457	11	11835	11835	0.00322723
457	12	27089	27089	0.000444412
457	13	13	13	3.8147e-06
457	14	50256	50256	0
458	5	14520	14520	0.00260735
458	6	318	318	0.000207901
458	7	663	663	0.000736237
458	8	25317	25317	0.00156403
458	9	13	13	5.72205e-05
458	10	50256	50256	0
459	5	1180	1180	0.00369072
459	6	13204	13204	0.00479698
459	7	5107	5107	0.00583267
459	8	286	286	0.00279236
459	9	262	262	0.00146484
459	10	5002	5002	0.0161591
459	11	6588	6588	0.0136757
459	12	13	13	0
459	13	50256	50256	0
460	5	17465	17465	0.00616074
460	6	15225	15225	0.00274086
460	7	857	857	0.00112343
460	8	407	407	0.00268936
460	9	6338	6338	0.00339699
460	10	11169	11169	0.00121498
460	11	3703	3703	0.00125504
460	12	326	326	0.000827789
460	13	373	373	0.00324821
460	14	1239	1239	0.00226212
460	15	6264	6264	0.0013237
460	16	13	13	3.8147e-06
460	17	50256	50256	0
461	5	525	525	0.00795174
461	6	907	907	0.0137711
461	7	11	11	0.00229263
461	8	308	308	0.00974083
461	9	676	676	0.00308418
461	10	2188	2188	0.00149918
461	11	7150	7150	0.0020752
461	12	14999	14999	0.00511742
461	13	511	511	0.00343704
461	14	5667	5667	0.00315094
461	15	1123	1123	0.00938034
461	16	23608	23608	0.0039196
461	17	13	13	0
461	18	50256	50256	0
462	5	12748	12748	0.0123329
462	6	7463	7463	0.00712395
462	7	5563	5563	0.00382042
462	8	423	423	0.00427055
462	9	6702	6702	0.0353985
462	10	262	262	0.00247192
462	11	976	976	0.0109425
462	12	20309	20309	0.00818825
462	13	618	618	0.00485611
462	14	1633	1633	0.013588
462	15	6625	6625	0.00814629
462	16	318	318	0.00143814
462	17	36480	36480	0.00131798
462	18	13	13	0
462	19	50256	50256	0
463	5	511	511	0.00683975
463	6	11904	11904	0.00969505
463	7	287	287	0.00238037
463	8	47314	47314	0.0050106
463	9	2138	2138	0.00137329
463	10	621	621	0.00225067
463	11	15921	15921	0.00492477
463	12	13	13	0.000621796
463	13	50256	50256	0
464	5	530	530	0.00565147
464	6	7319	7319	0.00217056
464	7	10700	10700	0.00598717
464	8	13	13	0.000148773
464	9	50256	50256	0
465	5	3372	3372	0.00417137
465	6	14644	14644	0.00282478
465	7	2291	2291	0.0026226
465	8	4263	4263	0.00183105
465	9	286	286	0.00069809
465	10	14260	14260	0.00157928
465	11	290	290	0.000398636
465	12	40317	40317	0.00116539
465	13	13	13	0
465	14	50256	50256	0
466	5	6795	6795	0.0020237
466	6	287	287	0.000278473
466	7	14174	14174	0.00242996
466	8	6650	6650	0.00122261
466	9	13	13	0.000286102
466	10	50256	50256	0
467	5	13179	13179	0.00670433
467	6	656	656	0.00450706
467	7	6268	6268	0.00395966
467	8	1863	1863	0.00465202
467	9	663	663	0.00354195
467	10	16488	16488	0.00557327
467	11	13	13	0
467	12	50256	50256	0
468	5	257	257	7.62939e-06
468	6	5664	5664	0.000810623
468	7	13	13	2.67029e-05
468	8	50256	50256	0
469	5	2727	2727	0.00173187
469	6	262	262	3.43323e-05
469	7	19812	19812	0.000934601
469	8	3240	3240	0.000637054
469	9	286	286	0.000160217
469	10	4100	4100	0.00235939
469	11	22311	22311	0.00163651
469	12	13	13	1.14441e-05
469	13	50256	50256	0
470	5	4486	4486	0.00663948
470	6	878	878	0.0042572
470	7	8978	8978	0.00315094
470	8	262	262	0.000839233
470	9	2258	2258	0.00564766
470	10	6896	6896	0.00173378
470	11	13	13	7.62939e-06
470	12	50256	50256	0
471	5	286	286	0.00377846
471	6	7446	7446	0.0175438
471	7	3917	3917	0.00531197
471	8	351	351	0.00219727
471	9	15568	15568	0.0119343
471	10	287	287	0.0050354
471	11	304	304	0.00819016
471	12	2724	2724	0.00227547
471	13	560	560	0.00332642
471	14	6210	6210	0.00290298
471	15	4778	4778	0.00197411
471	16	13	13	0.000581741
471	17	50256	50256	0
472	5	16839	16839	0.00862885
472	6	326	326	0.00289154
472	7	460	460	0.0128155
472	8	1011	1011	0.0124416
472	9	530	530	0.00558281
472	10	286	286	0.00648308
472	11	734	734	0.0156021
472	12	3815	3815	0.00856018
472	13	13	13	0
472	14	50256	50256	0
473	5	656	656	0.000722885
473	6	734	734	0.00180626
473	7	4778	4778	0.00207329
473	8	13	13	1.52588e-05
473	9	50256	50256	0
474	5	17065	17065	0.00361252
474	6	355	355	0.00222969
474	7	13701	13701	0.0117207
474	8	389	389	0.00305939
474	9	7525	7525	0.00389671
474	10	12835	12835	0.00465012
474	11	336	336	0.00695229
474	12	23833	23833	0.00996399
474	13	13	13	0.000167847
474	14	50256	50256	0.000133514
475	5	284	284	0.000854492
475	6	262	262	3.43323e-05
475	7	4571	4571	0.00157738
475	8	286	286	0.000358582
475	9	3668	3668	0.00193214
475	10	338	338	0.00101852
475	11	5093	5093	0.00378418
475	12	5724	5724	0.0078373
475	13	864	864	0.0017395
475	14	16488	16488	0.001688
475	15	13	13	0
475	16	50256	50256	0
476	5	10183	10183	0.00776672
476	6	2258	2258	0.00296211
476	7	2253	2253	0.00270653
476	8	13	13	0
476	9	50256	50256	4.95911e-05
477	5	402	402	0.00630379
477	6	23638	23638	0.00411797
477	7	21001	21001	0.00248528
477	8	257	257	0.00258255
477	9	1692	1692	0.00678253
477	10	1182	1182	0.00486565
477	11	351	351	0.00299263
477	12	257	257	0.00152206
477	13	18744	18744	0.00540733
477	14	338	338	0.00100517
477	15	1767	1767	0.00311279
477	16	13	13	0.000175476
477	17	50256	50256	0
478	5	257	257	0.0020504
478	6	26041	26041	0.00348473
478	7	30971	30971	0.00180626
478	8	2524	2524	0.00139046
478	9	319	319	0.000850677
478	10	262	262	2.67029e-05
478	11	575	575	0.00645256
478	12	1229	1229	0.00145149
478	13	39036	39036	0.00249863
478	14	24078	24078	0.00184631
478	15	13	13	2.28882e-05
478	16	50256	50256	0
479	5	4729	4729	0.0016098
479	6	530	530	0.00324821
479	7	1194	1194	0.00138283
479	8	287	287	0.000938416
479	9	281	281	0.00251579
479	10	22088	22088	0.0112705
479	11	291	291	0.00079155
479	12	4735	4735	0.0104847
479	13	13	13	0.000268936
479	14	50256	50256	0
480	5	355	355	0.00018692
480	6	262	262	0.00156021
480	7	3139	3139	0.000455856
480	8	1748	1748	0.00151443
480	9	286	286	0.000827789
480	10	16490	16490	0.00551987
480	11	13	13	0
480	12	50256	50256	0
481	5	290	290	0.000926971
481	6	6140	6140	0.00492287
481	7	262	262	4.57764e-05
481	8	44639	44639	0.00251389
481	9	286	286	3.05176e-05
481	10	39515	39515	0.00194168
481	11	13	13	0
481	12	50256	50256	0
482	5	262	262	0.00102234
482	6	2656	2656	0.00972939
482	7	1366	1366	0.00250435
482	8	284	284	0.000709534
482	9	307	307	0.011179
482	10	49594	49594	0.00827217
482	11	3446	3446	0.00436592
482	12	13	13	0.000331879
482	13	50256	50256	0
483	5	1317	1317	0.00475693
483	6	379	379	0.00150108
483	7	262	262	3.8147e-06
483	8	3726	3726	0.00370598
483	9	286	286	7.24792e-05
483	10	257	257	0.0013504
483	11	3194	3194	0.00378609
483	12	1808	1808	0.0033474
483	13	13	13	3.05176e-05
483	14	50256	50256	0
484	5	2678	2678	0.00167465
484	6	11	11	0.000146866
484	7	1390	1390	0.000951767
484	8	14679	14679	0.00129128
484	9	290	290	9.53674e-05
484	10	17322	17322	0.00429726
484	11	13	13	0
484	12	50256	50256	0
485	5	290	290	0.00107193
485	6	5594	5594	0.00428772
485	7	284	284	0.00178909
485	8	262	262	0.000946045
485	9	610	610	0.00666618
485	10	620	620	0.00699425
485	11	77	77	0.000795364
485	12	2340	2340	0.00153732
485	13	13	13	0.000442505
485	14	50256	50256	0
486	5	38967	38967	0.001791
486	6	5911	5911	0.000770569
486	7	257	257	0.00015831
486	8	2524	2524	0.00337791
486	9	338	338	0.000677109
486	10	9574	9574	0.00197601
486	11	286	286	0.00012207
486	12	13755	13755	0.00082016
486	13	13	13	0
486	14	50256	50256	0
487	5	3146	3146	0.000841141
487	6	13	13	0
487	7	50256	50256	0
488	5	3407	3407	0.00172424
488	6	6285	6285	0.00288963
488	7	6637	6637	0.0030117
488	8	3170	3170	0.00112343
488	9	1141	1141	0.00165176
488	10	1180	1180	0.000770569
488	11	37860	37860	0.00621414
488	12	459	459	0.00154114
488	13	444	444	0.00105858
488	14	13	13	3.05176e-05
488	15	50256	50256	0
489	5	11	11	0.000123978
489	6	981	981	0.00793266
489	7	257	257	0.00487709
489	8	2116	2116	0.00678062
489	9	12	12	0.000600815
489	10	634	634	0.00441933
489	11	12907	12907	0.00232506
489	12	6870	6870	0.00140762
489	13	262	262	0.000934601
489	14	6802	6802	0.00270653
489	15	13	13	0
489	16	50256	50256	0
490	5	287	287	5.34058e-05
490	6	2882	2882	0.00825691
490	7	284	284	0.000114441
490	8	13522	13522	0.00275421
490	9	13	13	4.95911e-05
490	10	50256	50256	0
491	5	3139	3139	0.000741959
491	6	11	11	0.00172615
491	7	319	319	0.000841141
491	8	262	262	0.00025177
491	9	12108	12108	0.00316238
491	10	286	286	0.000246048
491	11	22777	22777	0.00870514
491	12	13	13	0.000774384
491	13	50256	50256	0
492	5	24907	24907	0.00850487
492	6	416	416	0.000663757
492	7	31094	31094	0.00462341
492	8	28471	28471	0.00136375
492	9	13	13	3.8147e-06
492	10	50256	50256	0
493	5	7446	7446	0.0216141
493	6	7000	7000	0.0033741
493	7	8513	8513	0.00381088
493	8	1321	1321	0.00351334
493	9	13	13	0.000183105
493	10	50256	50256	0
494	5	284	284	0.000152588
494	6	3197	3197	0.00189209
494	7	21181	21181	0.000509262
494	8	832	832	0.000274658
494	9	23607	23607	0.00206757
494	10	13	13	0
494	11	50256	50256	0
495	5	20394	20394	0.00112152
495	6	7572	7572	0.00088501
495	7	290	290	0.0022316
495	8	987	987	0.000968933
495	9	48331	48331	0.00138092
495	10	15268	15268	0.00209618
495	11	13	13	0
495	12	50256	50256	0
496	5	1973	1973	0.000692368
496	6	2031	2031	0.00320053
496	7	1141	1141	0.00222206
496	8	262	262	0.000225067
496	9	1440	1440	0.0051899
496	10	20283	20283	0.00247955
496	11	4289	4289	0.000640869
496	12	13	13	0
496	13	50256	50256	0
497	5	2057	2057	0.00105667
497	6	1863	1863	0.00385284
497	7	262	262	0.000667572
497	8	34616	34616	0.00407028
497	9	14998	14998	0.0020752
497	10	13	13	0
497	11	50256	50256	0
498	5	878	878	0.000553131
498	6	5033	5033	0.00175858
498	7	8539	8539	0.00204849
498	8	276	276	0.00418091
498	9	6490	6490	0.000665665
498	10	13	13	1.90735e-05
498	11	50256	50256	0
499	5	18355	18355	0.0044651
499	6	12135	12135	0.00184631
499	7	15114	15114	0.00142097
499	8	355	355	0.000484467
499	9	2208	2208	0.00624657
499	10	24494	24494	0.0042057
499	11	276	276	0.00254822
499	12	1660	1660	0.00182533
499	13	44389	44389	0.00739479
499	14	4291	4291	0.0028019
499	15	4771	4771	0.0109692
499	16	13166	13166	0.00647736
499	17	13	13	7.62939e-06
499	18	50256	50256	0
500	5	379	379	0.00257874
500	6	543	543	0.00202942
500	7	2647	2647	0.00580215
500	8	318	318	0.00243378
500	9	6157	6157	0.00342369
500	10	13	13	6.48499e-05
500	11	50256	50256	0
501	5	5440	5440	0.00169373
501	6	3917	3917	0.00275993
501	7	351	351	0.00019455
501	8	262	262	0.000389099
501	9	509	509	0.00735092
501	10	9019	9019	0.00331688
501	11	525	525	0.00576973
501	12	16734	16734	0.00627708
501	13	13	13	0.00037384
501	14	50256	50256	0
502	5	262	262	0.00524521
502	6	2297	2297	0.0148945
502	7	6896	6896	0.00396919
502	8	290	290	0.00188446
502	9	262	262	7.62939e-06
502	10	22035	22035	0.00489044
502	11	12108	12108	0.00381851
502	12	13	13	0
502	13	50256	50256	0
503	5	16968	16968	0.00395393
503	6	1660	1660	0.000598907
503	7	2641	2641	0.00391579
503	8	606	606	0.00128746
503	9	12188	12188	0.00388145
503	10	6751	6751	0.00122261
503	11	3833	3833	0.000440598
503	12	13	13	0
503	13	50256	50256	0
504	5	22037	22037	0.0130539
504	6	13100	13100	0.00631142
504	7	284	284	0.00102615
504	8	1440	1440	0.00794601
504	9	19651	19651	0.00337791
504	10	6588	6588	0.00176239
504	11	23235	23235	0.00582886
504	12	13	13	0
504	13	50256	50256	0
505	5	18391	18391	0.00590324
505	6	4778	4778	0.00475121
505	7	284	284	0.000957489
505	8	1296	1296	0.00541496
505	9	257	257	0.00361061
505	10	649	649	0.010355
505	11	1976	1976	0.00433731
505	12	35641	35641	0.00116539
505	13	1258	1258	0.000804901
505	14	13	13	0.000102997
505	15	50256	50256	0
506	5	625	625	0.000566483
506	6	37294	37294	0.00242805
506	7	5207	5207	0.00103951
506	8	13	13	9.53674e-05
506	9	50256	50256	0
507	5	284	284	0.00317001
507	6	12405	12405	0.00359344
507	7	290	290	0.000431061
507	8	18510	18510	0.00748062
507	9	50126	50126	0.00190544
507	10	1366	1366	0.00233078
507	11	13	13	0
507	12	50256	50256	0
508	5	1022	1022	0.000873566
508	6	290	290	0.002388
508	7	1088	1088	0.000923157
508	8	262	262	0.00069046
508	9	14189	14189	0.00425911
508	10	2442	2442	0.00193405
508	11	290	290	0.000217438
508	12	47441	47441	0.00172424
508	13	9700	9700	0.00113297
508	14	18180	18180	0.00284004
508	15	13	13	0.000236511
508	16	50256	50256	0
509	5	11	11	0.000131607
509	6	981	981	0.00584412
509	7	4530	4530	0.00603867
509	8	286	286	0.000619888
509	9	262	262	0.00031662
509	10	976	976	0.00750732
509	11	1051	1051	0.00492859
509	12	1128	1128	0.00208282
509	13	417	417	0.00175476
509	14	13	13	0.000104904
509	15	50256	50256	0
510	5	12	12	0.000144958
510	6	2385	2385	0.00187492
510	7	863	863	0.00134468
510	8	2712	2712	0.00284004
510	9	4116	4116	0.0054493
510	10	4909	4909	0.00669861
510	11	1440	1440	0.0056839
510	12	14803	14803	0.000923157
510	13	13	13	0
510	14	50256	50256	0
511	5	257	257	0.000776291
511	6	14091	14091	0.0097065
511	7	2214	2214	0.00392532
511	8	13	13	0
511	9	50256	50256	0.000257492
512	5	3188	3188	0.00654411
512	6	393	393	0.00105476
512	7	4067	4067	0.00439072
512	8	284	284	0.000808716
512	9	1194	1194	0.00570107
512	10	8271	8271	0.00406647
512	11	393	393	0.00053215
512	12	4067	4067	0.00606537
512	13	13	13	0.000411987
512	14	50256	50256	0
513	5	4695	4695	0.00379372
513	6	287	287	0.00531387
513	7	16976	16976	0.0107002
513	8	11	11	0.00126266
513	9	18086	18086	0.00965691
513	10	12	12	0.00247955
513	11	16760	16760	0.00175858
513	12	5667	5667	0.00153351
513	13	13	13	2.67029e-05
513	14	50256	50256	0
514	5	319	319	0.000480652
514	6	2869	2869	0.00512695
514	7	338	338	0.0016346
514	8	7022	7022	0.0180016
514	9	286	286	0.000434875
514	10	367	367	0.0200558
514	11	684	684	0.00621414
514	12	13415	13415	0.00308418
514	13	13	13	8.39233e-05
514	14	50256	50256	0
515	5	8122	8122	0.07197
515	6	656	656	0.00704193
515	7	257	257	0.000576019
515	8	3623	3623	0.184189
515	9	379	379	0.0117359
515	10	663	663	0.0155945
515	11	4417	4417	0.0498905
515	12	13	13	0
515	13	50256	50256	0
516	5	416	416	0.000835419
516	6	38797	38797	0.00336266
516	7	278	278	0.00211525
516	8	7545	7545	0.00259972
516	9	351	351	0.00173569
516	10	300	300	0.00442505
516	11	12009	12009	0.00587463
516	12	7408	7408	0.00275803
516	13	11492	11492	0.00239563
516	14	13	13	0
516	15	50256	50256	0
517	5	287	287	0.001091
517	6	7408	7408	0.00452232
517	7	414	414	0.00644112
517	8	618	618	0.00231743
517	9	1402	1402	0.00771332
517	10	6867	6867	0.00674629
517	11	286	286	0.00019455
517	12	7408	7408	0.0112972
517	13	393	393	0.00478172
517	14	2779	2779	0.0183868
517	15	389	389	0.00438118
517	16	2087	2087	0.0084362
517	17	13	13	0.000263214
517	18	50256	50256	0
518	5	5107	5107	0.00466728
518	6	286	286	0.000289917
518	7	3194	3194	0.00511169
518	8	3435	3435	0.00244904
518	9	355	355	0.00223541
518	10	281	281	0.0044117
518	11	1242	1242	0.00344086
518	12	13	13	0
518	13	50256	50256	0
519	5	3017	3017	0.00218964
519	6	465	465	0.0026226
519	7	898	898	0.00317764
519	8	35674	35674	0.00185585
519	9	287	287	0.000556946
519	10	10123	10123	0.00159836
519	11	6065	6065	0.000946045
519	12	24252	24252	0.00105476
519	13	13	13	3.8147e-06
519	14	50256	50256	0
520	5	7421	7421	0.00831223
520	6	286	286	0.000850677
520	7	3878	3878	0.00363541
520	8	5491	5491	0.00179291
520	9	13	13	8.39233e-05
520	10	50256	50256	0
521	5	44771	44771	0.00189018
521	6	262	262	0.000228882
521	7	27806	27806	0.0038662
521	8	286	286	0.00069809
521	9	262	262	0
521	10	449	449	0.0023632
521	11	544	544	0.00358391
521	12	1641	1641	0.00194931
521	13	13	13	0.000370026
521	14	50256	50256	0
522	5	28721	28721	0.00242424
522	6	287	287	0.000469208
522	7	8850	8850	0.00153351
522	8	1103	1103	0.00411224
522	9	34768	34768	0.00206947
522	10	13	13	0
522	11	50256	50256	0
523	5	286	286	0.00034523
523	6	10183	10183	0.00576782
523	7	2520	2520	0.00107956
523	8	2253	2253	0.00118256
523	9	13	13	0.000221252
523	10	50256	50256	0
524	5	31555	31555	0.00275993
524	6	262	262	0.000869751
524	7	4434	4434	0.00359154
524	8	323	323	0.00364876
524	9	24078	24078	0.00344086
524	10	422	422	0.00138092
524	11	5060	5060	0.00403786
524	12	26066	26066	0.000612259
524	13	13	13	0
524	14	50256	50256	0
525	5	468	468	0.00015831
525	6	37516	37516	0.00701523
525	7	12	12	0.000495911
525	8	26022	26022	0.00532722
525	9	8251	8251	0.00105858
525	10	13	13	0.00018692
525	11	50256	50256	0
526	5	262	262	3.8147e-06
526	6	40829	40829	0.00258064
526	7	31643	31643	0.000665665
526	8	4886	4886	0.000570297
526	9	32726	32726	0.00088501
526	10	28192	28192	0.000452042
526	11	17745	17745	0.000595093
526	12	13	13	0
526	13	50256	50256	0
527	5	416	416	0.0131416
527	6	262	262	0.00149155
527	7	29973	29973	0.029417
527	8	3048	3048	0.0039196
527	9	286	286	0.000434875
527	10	262	262	0
527	11	6869	6869	0.0254135
527	12	290	290	0.0108795
527	13	262	262	0.000862122
527	14	3825	3825	0.0223274
527	15	13	13	0
527	16	50256	50256	0
528	5	2587	2587	0.00304031
528	6	422	422	0.00191879
528	7	7815	7815	0.0151482
528	8	284	284	0.000923157
528	9	36717	36717	0.00624275
528	10	257	257	0.00250816
528	11	3785	3785	0.00785828
528	12	13	13	8.01086e-05
528	13	50256	50256	0
529	5	2568	2568	0.00301743
529	6	832	832	0.0105476
529	7	12213	12213	0.396858
529	8	1626	1626	0.00323105
529	9	2300	2300	0.00602913
529	10	1231	1231	0.00281334
529	11	11963	11963	0.0120735
529	12	2587	2587	0.00274086
529	13	5202	5202	0.00578499
529	14	13	13	5.72205e-05
529	15	50256	50256	0
530	5	11904	11904	0.00511932
530	6	1043	1043	0.00767136
530	7	2641	2641	0.00204659
530	8	262	262	0.000534058
530	9	6891	6891	0.0125237
530	10	4618	4618	0.00248909
530	11	338	338	0.00244713
530	12	15921	15921	0.0056324
530	13	13	13	5.72205e-05
530	14	50256	50256	0
531	5	4833	4833	0.00704193
531	6	37446	37446	0.0141392
531	7	11	11	0.000659943
531	8	1123	1123	0.0161476
531	9	351	351	0.00165367
531	10	5093	5093	0.00919724
531	11	290	290	0.00158501
531	12	5366	5366	0.0370903
531	13	24971	24971	0.00208092
531	14	13	13	0.000137329
531	15	50256	50256	0
532	5	5688	5688	0.00197601
532	6	416	416	0.00146675
532	7	262	262	0
532	8	7492	7492	0.00150871
532	9	5866	5866	0.000650406
532	10	13	13	0.000110626
532	11	50256	50256	3.8147e-06
533	5	511	511	0.000865936
533	6	2057	2057	0.00191116
533	7	7525	7525	0.00159645
533	8	416	416	0.00352859
533	9	6600	6600	0.00257301
533	10	4618	4618	0.000677109
533	11	2587	2587	0.00631142
533	12	13	13	0
533	13	50256	50256	0
534	5	656	656	0.00221062
534	6	262	262	0.00646973
534	7	2619	2619	0.0102329
534	8	6896	6896	0.0021553
534	9	832	832	0.00647354
534	10	257	257	0.0107346
534	11	1588	1588	0.00693703
534	12	25979	25979	0.0111046
534	13	13	13	0
534	14	50256	50256	0
535	5	663	663	0.000354767
535	6	8574	8574	0.015337
535	7	10154	10154	0.00307846
535	8	618	618	0.0029583
535	9	1176	1176	0.0102558
535	10	318	318	0.000389099
535	11	4615	4615	0.00606728
535	12	13	13	0.000255585
535	13	50256	50256	0
536	5	3696	3696	0.00219917
536	6	625	625	0.000656128
536	7	640	640	0.00448418
536	8	13	13	0
536	9	50256	50256	0
537	5	41898	41898	0.00728035
537	6	11	11	0.00044632
537	7	15677	15677	0.00662613
537	8	82	82	0.00137329
537	9	262	262	0
537	10	1556	1556	0.00623703
537	11	2838	2838	0.00141907
537	12	286	286	1.90735e-05
537	13	262	262	0.000190735
537	14	17467	17467	0.00212669
537	15	385	385	0.00193787
537	16	5866	5866	0.0051651
537	17	13	13	0
537	18	50256	50256	0
538	5	21079	21079	0.000219345
538	6	262	262	0
538	7	3085	3085	0.00138283
538	8	1627	1627	0.0014534
538	9	8686	8686	0.001297
538	10	284	284	0.000205994
538	11	262	262	0.000221252
538	12	3465	3465	0.00139999
538	13	402	402	0.001091
538	14	13	13	0
538	15	50256	50256	3.8147e-06
539	5	29509	29509	0.0115185
539	6	263	263	0.00641632
539	7	621	621	0.00591278
539	8	5814	5814	0.0102139
539	9	32085	32085	0.00924492
539	10	729	729	0.00524521
539	11	286	286	0.00188828
539	12	262	262	0.000118256
539	13	976	976	0.0064373
539	14	3664	3664	0.00631332
539	15	6269	6269	0.00900459
539	16	379	379	0.00131226
539	17	7226	7226	0.0100536
539	18	9151	9151	0.00671577
539	19	10101	10101	0.00107956
539	20	13	13	1.90735e-05
539	21	50256	50256	0
540	5	1022	1022	0.00494576
540	6	6632	6632	0.0101776
540	7	290	290	0.00434113
540	8	530	530	0.025526
540	9	11	11	0.00538254
540	10	19889	19889	0.00858116
540	11	13	13	0
540	12	50256	50256	1.14441e-05
541	5	1262	1262	0.00157166
541	6	257	257	0.000183105
541	7	2060	2060	0.0014286
541	8	302	302	0.00253105
541	9	276	276	0.00353432
541	10	13	13	0
541	11	50256	50256	0
542	5	11470	11470	0.00828743
542	6	7370	7370	0.00220871
542	7	393	393	0.00088501
542	8	734	734	0.00536919
542	9	31028	31028	0.0142651
542	10	2511	2511	0.0104427
542	11	1547	1547	0.00182533
542	12	13	13	0
542	13	50256	50256	0
543	5	3436	3436	0.0120792
543	6	857	857	0.00436592
543	7	407	407	0.00448799
543	8	10385	10385	0.00834465
543	9	262	262	0.00396919
543	10	1366	1366	0.017868
543	11	8574	8574	0.00698853
543	12	2641	2641	0.00388145
543	13	340	340	0.00343513
543	14	13	13	0.000110626
543	15	50256	50256	0
544	5	987	987	0.00623894
544	6	48331	48331	0.0012722
544	7	23607	23607	0.000732422
544	8	286	286	0.000152588
544	9	21181	21181	0.00510597
544	10	13	13	0.000213623
544	11	50256	50256	0
545	5	290	290	9.15527e-05
545	6	11298	11298	0.00103378
545	7	4133	4133	0.000576019
545	8	884	884	0.000747681
545	9	355	355	0.000782013
545	10	11532	11532	0.00106812
545	11	4963	4963	0.000427246
545	12	13	13	2.28882e-05
545	13	50256	50256	0
546	5	287	287	1.52588e-05
546	6	257	257	2.28882e-05
546	7	16430	16430	0.00120926
546	8	13	13	7.62939e-05
546	9	50256	50256	0
547	5	11408	11408	0.00982666
547	6	787	787	0.00463867
547	7	10469	10469	0.0113163
547	8	2300	2300	0.00683022
547	9	422	422	0.000827789
547	10	287	287	0.0127335
547	11	36617	36617	0.0141888
547	12	4237	4237	0.00557899
547	13	13	13	0.000205994
547	14	50256	50256	3.8147e-06
548	5	38985	38985	0.00213432
548	6	636	636	0.00170326
548	7	286	286	0.000663757
548	8	7840	7840	0.0084095
548	9	17456	17456	0.00298309
548	10	13	13	0
548	11	50256	50256	0
549	5	6268	6268	0.00350952
549	6	656	656	0.000774384
549	7	18411	18411	0.000959396
549	8	2568	2568	0.000341415
549	9	13	13	0
549	10	50256	50256	0
550	5	734	734	0.0179729
550	6	318	318	0.0094738
550	7	262	262	0.00069046
550	8	691	691	0.021349
550	9	772	772	0.0114307
550	10	530	530	0.0184002
550	11	13	13	0
550	12	50256	50256	0
551	5	262	262	0.000171661
551	6	3934	3934	0.0145226
551	7	16395	16395	0.00797653
551	8	15989	15989	0.00979614
551	9	3812	3812	0.00515175
551	10	663	663	0.0103168
551	11	6971	6971	0.0127335
551	12	8384	8384	0.00425148
551	13	832	832	0.00272369
551	14	19794	19794	0.015274
551	15	13	13	0
551	16	50256	50256	0
552	5	262	262	0.00018692
552	6	3139	3139	0.00137329
552	7	1748	1748	0.0020771
552	8	286	286	0.000976562
552	9	27026	27026	0.00457191
552	10	287	287	0.000217438
552	11	2520	2520	0.00447655
552	12	7229	7229	0.000549316
552	13	13	13	0
552	14	50256	50256	0
553	5	37989	37989	0.00208664
553	6	7370	7370	0.00146294
553	7	13	13	1.90735e-05
553	8	50256	50256	0
554	5	14422	14422	0.000476837
554	6	286	286	1.52588e-05
554	7	36683	36683	0.00452805
554	8	571	571	0.00350761
554	9	10304	10304	0.00760078
554	10	547	547	0.00585938
554	11	23470	23470	0.00482559
554	12	656	656	0.00144768
554	13	7815	7815	0.00592041
554	14	287	287	0.000137329
554	15	31592	31592	0.0014782
554	16	13	13	0
554	17	50256	50256	0
555	5	2753	2753	0.00217628
555	6	1295	1295	0.00184631
555	7	1973	1973	0.00367165
555	8	262	262	3.8147e-06
555	9	7714	7714	0.00171471
555	10	286	286	1.52588e-05
555	11	7009	7009	0.0127621
555	12	435	435	0.00292397
555	13	303	303	0.00242424
555	14	11106	11106	0.00167465
555	15	13	13	0
555	16	50256	50256	0
556	5	2939	2939	0.00344658
556	6	19794	19794	0.0020256
556	7	290	290	0.000736237
556	8	13902	13902	0.00144005
556	9	13	13	0
556	10	50256	50256	0
557	5	4263	4263	0.00318718
557	6	422	422	0.00233459
557	7	867	867	0.00877571
557	8	1402	1402	0.00402451
557	9	22969	22969	0.00686836
557	10	286	286	0.001091
557	11	3124	3124	0.00503922
557	12	13	13	0.000343323
557	13	50256	50256	0
558	5	3923	3923	0.00139809
558	6	287	287	0.000736237
558	7	262	262	0.000183105
558	8	5739	5739	0.00270844
558	9	8689	8689	0.00160217
558	10	286	286	3.8147e-05
558	11	1881	1881	0.004673
558	12	39255	39255	0.00130272
558	13	290	290	0.000339508
558	14	1881	1881	0.00392151
558	15	27760	27760	0.00151253
558	16	13	13	0
558	17	50256	50256	0
559	5	286	286	0.000236511
559	6	20296	20296	0.00671577
559	7	326	326	0.00710487
559	8	5615	5615	0.00340652
559	9	287	287	0.000915527
559	10	262	262	0.000255585
559	11	41917	41917	0.00385094
559	12	1613	1613	0.00920105
559	13	13	13	0.000293732
559	14	50256	50256	0
560	5	15170	15170	0.00134468
560	6	2577	2577	0.00322342
560	7	8477	8477	0.00409126
560	8	257	257	0.000986099
560	9	3350	3350	0.0070591
560	10	8272	8272	0.0127335
560	11	338	338	0.000968933
560	12	1204	1204	0.0134735
560	13	319	319	0.00069046
560	14	281	281	0.00892639
560	15	7022	7022	0.0050602
560	16	13	13	0
560	17	50256	50256	0
561	5	3825	3825	0.0123978
561	6	1656	1656	0.0125198
561	7	284	284	0.00465393
561	8	1445	1445	0.0150414
561	9	1973	1973	0.00641823
561	10	262	262	0.00257492
561	11	6766	6766	0.026907
561	12	1123	1123	0.0126228
561	13	1110	1110	0.0114727
561	14	13	13	0
561	15	50256	50256	0
562	5	262	262	0.00136566
562	6	15189	15189	0.00603294
562	7	3634	3634	0.00334358
562	8	4279	4279	0.00735664
562	9	11	11	0.000499725
562	10	340	340	0.00855637
562	11	1276	1276	0.00186348
562	12	7719	7719	0.00371933
562	13	284	284	0.000812531
562	14	257	257	0.00151062
562	15	16599	16599	0.015316
562	16	11	11	0.00119019
562	17	10929	10929	0.0267849
562	18	11	11	0.00165558
562	19	24233	24233	0.0105648
562	20	11	11	0.000680923
562	21	393	393	0.00164223
562	22	22062	22062	0.000782013
562	23	13	13	3.8147e-06
562	24	50256	50256	0
563	5	2420	2420	0.00882721
563	6	2915	2915	0.00477409
563	7	13676	13676	0.00759315
563	8	1088	1088	0.00275612
563	9	15985	15985	0.0053215
563	10	11904	11904	0.00584221
563	11	13	13	3.8147e-06
563	12	50256	50256	0
564	5	389	389	0.00132751
564	6	3706	3706	0.00398445
564	7	13548	13548	0.00376129
564	8	418	418	0.00168037
564	9	11	11	0.00118446
564	10	350	350	0.00576973
564	11	1506	1506	0.00872803
564	12	418	418	0.00300026
564	13	11	11	0.0008564
564	14	290	290	0.00209236
564	15	39026	39026	0.00904655
564	16	271	271	0.00209618
564	17	13	13	0.0001297
564	18	50256	50256	0
565	5	6156	6156	0.0049839
565	6	9088	9088	0.00519753
565	7	286	286	0.000774384
565	8	24726	24726	0.000526428
565	9	13399	13399	0.000347137
565	10	13	13	0.000179291
565	11	50256	50256	0
566	5	1402	1402	0.00341415
566	6	11904	11904	0.00557899
566	7	326	326	0.00549316
566	8	3092	3092	0.0042572
566	9	257	257	0.00134468
566	10	8904	8904	0.00496864
566	11	8574	8574	0.00314903
566	12	2057	2057	0.00159645
566	13	5127	5127	0.00149536
566	14	13	13	1.52588e-05
566	15	50256	50256	0.00194931
567	5	2904	2904	0.00414658
567	6	2087	2087	0.00100517
567	7	2378	2378	0.00296402
567	8	717	717	0.00831604
567	9	13	13	0.000385284
567	10	50256	50256	0
568	5	1717	1717	0.00301361
568	6	6327	6327	0.00165176
568	7	360	360	0.0017395
568	8	39781	39781	0.00207329
568	9	262	262	0.000293732
568	10	20281	20281	0.00199127
568	11	286	286	0.000133514
568	12	383	383	0.00385284
568	13	2764	2764	0.00303268
568	14	286	286	0.000221252
568	15	22489	22489	0.00136566
568	16	24568	24568	0.00069809
568	17	78	78	0.000722885
568	18	13	13	0
568	19	50256	50256	0
569	5	287	287	0.00269318
569	6	2292	2292	0.0124321
569	7	981	981	0.00289345
569	8	257	257	0.00433922
569	9	9664	9664	0.0109196
569	10	318	318	0.00108719
569	11	36932	36932	0.00787735
569	12	13	13	3.8147e-06
569	13	50256	50256	0
570	5	516	516	0.00426865
570	6	15113	15113	0.00665283
570	7	4635	4635	0.00643921
570	8	355	355	0.00317001
570	9	257	257	0.00460052
570	10	19999	19999	0.00641823
570	11	1868	1868	0.00620842
570	12	14170	14170	0.00386047
570	13	281	281	0.00552559
570	14	8137	8137	0.00537491
570	15	13	13	0.000102997
570	16	50256	50256	0
571	5	262	262	0.00589371
571	6	6869	6869	0.00579834
571	7	318	318	0.00897598
571	8	6697	6697	0.027441
571	9	262	262	0.00902557
571	10	3825	3825	0.0153427
571	11	287	287	0.00239563
571	12	3668	3668	0.0105476
571	13	338	338	0.00474358
571	14	6766	6766	0.0110207
571	15	13	13	0.00273895
571	16	50256	50256	0
572	5	355	355	0.00012207
572	6	262	262	1.14441e-05
572	7	3139	3139	0.000385284
572	8	286	286	0
572	9	262	262	1.14441e-05
572	10	45772	45772	0.00258636
572	11	8065	8065	0.00318527
572	12	13	13	0
572	13	50256	50256	0
573	5	832	832	0.00154877
573	6	3668	3668	0.00922775
573	7	338	338	0.00043869
573	8	8137	8137	0.0213356
573	9	290	290	0.00246429
573	10	12229	12229	0.0292435
573	11	262	262	0.00111771
573	12	2323	2323	0.00753212
573	13	318	318	0.00451279
573	14	1444	1444	0.00478363
573	15	257	257	0.00261116
573	16	19999	19999	0.00707626
573	17	578	578	0.00287437
573	18	13	13	0
573	19	50256	50256	0
574	5	660	660	0.000640869
574	6	318	318	3.43323e-05
574	7	3917	3917	0.00188828
574	8	351	351	0.000576019
574	9	262	262	0.000835419
574	10	1855	1855	0.00372505
574	11	24611	24611	0.00167847
574	12	14355	14355	0.0016861
574	13	13	13	0.000160217
574	14	50256	50256	0
575	5	2967	2967	0.00689507
575	6	656	656	0.00258636
575	7	10601	10601	0.0106964
575	8	329	329	0.00361824
575	9	8509	8509	0.00450325
575	10	290	290	0.00047493
575	11	584	584	0.00455284
575	12	9013	9013	0.00137901
575	13	13	13	0
575	14	50256	50256	0
576	5	14768	14768	0.00703621
576	6	319	319	0.00293732
576	7	24438	24438	0.0075531
576	8	286	286	0.00694466
576	9	262	262	0.00779724
576	10	976	976	0.0327168
576	11	3124	3124	0.00641251
576	12	3690	3690	0.00511742
576	13	8850	8850	0.00500679
576	14	6100	6100	0.00769043
576	15	13	13	0
576	16	50256	50256	0
577	5	3794	3794	0.0236645
577	6	284	284	0.00286102
577	7	262	262	0.00468254
577	8	5366	5366	0.00883484
577	9	290	290	0.00266266
577	10	2807	2807	0.0124912
577	11	284	284	0.00154114
577	12	262	262	6.48499e-05
577	13	5093	5093	0.00537872
577	14	13	13	0.000684738
577	15	50256	50256	0
578	5	6727	6727	0.0352974
578	6	4417	4417	0.00775146
578	7	286	286	0.000244141
578	8	262	262	0.000190735
578	9	24725	24725	0.0192738
578	10	34573	34573	0.00476074
578	11	6516	6516	0.00660324
578	12	287	287	0.00121689
578	13	281	281	0.00335884
578	14	555	555	0.00548172
578	15	10414	10414	0.00218391
578	16	1389	1389	0.00273132
578	17	14839	14839	0.00332832
578	18	7087	7087	0.00569725
578	19	13	13	2.67029e-05
578	20	50256	50256	0
579	5	257	257	0.00167847
579	6	9629	9629	0.00190544
579	7	286	286	9.53674e-05
579	8	987	987	0.00218391
579	9	86	86	0.00172424
579	10	16206	16206	0.00782585
579	11	4618	4618	0.00745201
579	12	26742	26742	0.0039978
579	13	13	13	0.000152588
579	14	50256	50256	0.000164032
580	5	286	286	0.000164032
580	6	4930	4930	0.00771523
580	7	20830	20830	0.0008564
580	8	287	287	0.000164032
580	9	3576	3576	0.00580406
580	10	290	290	0.000480652
580	11	6342	6342	0.0150871
580	12	13	13	0.000226974
580	13	50256	50256	0
581	5	16524	16524	0.00921249
581	6	284	284	0.0027771
581	7	1180	1180	0.0151558
581	8	10530	10530	0.00731659
581	9	22421	22421	0.00403786
581	10	416	416	0.00328445
581	11	5609	5609	0.00494766
581	12	262	262	0.00163269
581	13	12097	12097	0.0133495
581	14	286	286	0.00214005
581	15	511	511	0.00466728
581	16	13026	13026	0.00382042
581	17	16600	16600	0.000957489
581	18	13	13	0
581	19	50256	50256	0
582	5	21270	21270	0.0007267
582	6	287	287	6.48499e-05
582	7	11228	11228	0.00110245
582	8	2057	2057	9.91821e-05
582	9	13	13	0
582	10	50256	50256	5.34058e-05
583	5	9215	9215	0.00782585
583	6	17359	17359	0.00525284
583	7	284	284	0.00114441
583	8	1296	1296	0.011631
583	9	9215	9215	0.00657845
583	10	13	13	9.91821e-05
583	11	50256	50256	2.67029e-05
584	5	4492	4492	0.00315475
584	6	422	422	0.00122833
584	7	7840	7840	0.0107708
584	8	4881	4881	0.00426102
584	9	13	13	0.000167847
584	10	50256	50256	0
585	5	276	276	0.000936508
585	6	287	287	0.00134659
585	7	281	281	0.00108719
585	8	11557	11557	0.000818253
585	9	1080	1080	0.000524521
585	10	13	13	2.28882e-05
585	11	50256	50256	0
586	5	8771	8771	0.00526237
586	6	800	800	0.00131416
586	7	3369	3369	0.00191307
586	8	2346	2346	0.00327682
586	9	11	11	0.000764847
586	10	3264	3264	0.00321198
586	11	393	393	0.00274658
586	12	20762	20762	0.00328445
586	13	13	13	9.15527e-05
586	14	50256	50256	0
587	5	10087	10087	0.00852966
587	6	422	422	0.00434113
587	7	477	477	0.0124969
587	8	584	584	0.0028038
587	9	2877	2877	0.0114002
587	10	4695	4695	0.00609779
587	11	13	13	0.000167847
587	12	50256	50256	0
588	5	925	925	0.0036602
588	6	422	422	0.00754547
588	7	262	262	3.8147e-06
588	8	279	279	0.00562477
588	9	342	342	0.00476456
588	10	286	286	0.00133514
588	11	262	262	3.8147e-06
588	12	20461	20461	0.00243187
588	13	21180	21180	0.00452232
588	14	4618	4618	0.0062561
588	15	13	13	0
588	16	50256	50256	0
589	5	11	11	0.000745773
589	6	1663	1663	0.0211372
589	7	379	379	0.00754166
589	8	5417	5417	0.0226002
589	9	11	11	0.00429535
589	10	290	290	0.000421524
589	11	1441	1441	0.0153084
589	12	284	284	0.000434875
589	13	40941	40941	0.00455856
589	14	284	284	0.00137711
589	15	22919	22919	0.0183773
589	16	13	13	0.000545502
589	17	50256	50256	0
590	5	11	11	0.00222588
590	6	14104	14104	0.00730705
590	7	13015	13015	0.00704193
590	8	11	11	0.000701904
590	9	290	290	0.00291061
590	10	3624	3624	0.00318909
590	11	9421	9421	0.0043354
590	12	1063	1063	0.00030899
590	13	13	13	0
590	14	50256	50256	0
591	5	29289	29289	0.00243568
591	6	8435	8435	0.00125504
591	7	973	973	0.000312805
591	8	284	284	0.000610352
591	9	5163	5163	0.00503922
591	10	3992	3992	0.00158119
591	11	4133	4133	0.00129318
591	12	13	13	3.8147e-05
591	13	50256	50256	0
592	5	9016	9016	0.00441551
592	6	4731	4731	0.00358391
592	7	318	318	0.00341797
592	8	2793	2793	0.0101948
592	9	287	287	0.00577736
592	10	7078	7078	0.00616455
592	11	621	621	0.00329208
592	12	262	262	0.000728607
592	13	38283	38283	0.00506783
592	14	338	338	0.000780106
592	15	6678	6678	0.0113945
592	16	9016	9016	0.00489044
592	17	4731	4731	0.00618744
592	18	13	13	0.000541687
592	19	50256	50256	0
593	5	4635	4635	0.0085125
593	6	416	416	0.00321198
593	7	23147	23147	0.00677299
593	8	44030	44030	0.00377464
593	9	6147	6147	0.00494766
593	10	656	656	0.00156593
593	11	285	285	0.00310707
593	12	10119	10119	0.00353622
593	13	13	13	0.000171661
593	14	50256	50256	0
594	5	7363	7363	0.00157738
594	6	284	284	0.000728607
594	7	262	262	0
594	8	7627	7627	0.00693703
594	9	286	286	4.57764e-05
594	10	22779	22779	0.00314903
594	11	7229	7229	0.0019455
594	12	13	13	2.28882e-05
594	13	50256	50256	0
595	5	262	262	0
595	6	13589	13589	0.00157166
595	7	284	284	0.000110626
595	8	262	262	0.000400543
595	9	11384	11384	0.00211143
595	10	832	832	0.00139046
595	11	262	262	0
595	12	1658	1658	0.00309944
595	13	2522	2522	0.00118446
595	14	31111	31111	0.000686646
595	15	13	13	0
595	16	50256	50256	0
596	5	8630	8630	0.00642014
596	6	287	287	0.000514984
596	7	2658	2658	0.00855064
596	8	417	417	0.00155449
596	9	292	292	0.00120735
596	10	287	287	0.000205994
596	11	262	262	0.000293732
596	12	25861	25861	0.00321198
596	13	1080	1080	0.00643349
596	14	13	13	0
596	15	50256	50256	0
597	5	11881	11881	0.00188255
597	6	1364	1364	0.00233459
597	7	422	422	0.00134659
597	8	262	262	0.00044632
597	9	1903	1903	0.00725365
597	10	3024	3024	0.00529671
597	11	6881	6881	0.00163269
597	12	13	13	0
597	13	50256	50256	0
598	5	20435	20435	0.00166893
598	6	3356	3356	0.000854492
598	7	290	290	0.00144196
598	8	5529	5529	0.0033741
598	9	5236	5236	0.000591278
598	10	13	13	0
598	11	50256	50256	0
599	5	416	416	0.00320435
599	6	37228	37228	0.00951958
599	7	7888	7888	0.00283432
599	8	11685	11685	0.00152206
599	9	286	286	0.000183105
599	10	4898	4898	0.0161533
599	11	11	11	0.00178337
599	12	3221	3221	0.00665665
599	13	351	351	0.00122833
599	14	39623	39623	0.00465012
599	15	13020	13020	0.0013504
599	16	11678	11678	0.00195694
599	17	13	13	0
599	18	50256	50256	0
600	5	13055	13055	0.00190735
600	6	1660	1660	0.00209618
600	7	300	300	0.00204468
600	8	3922	3922	0.00484085
600	9	287	287	0.000671387
600	10	465	465	0.00287247
600	11	11376	11376	0.0029335
600	12	379	379	0.000740051
600	13	8118	8118	0.00323486
600	14	933	933	0.00252151
600	15	88	88	0.00540924
600	16	13	13	3.8147e-06
600	17	50256	50256	0
601	5	422	422	0.000778198
601	6	257	257	0.00211525
601	7	4417	4417	0.00171661
601	8	736	736	0.00564003
601	9	3812	3812	0.0052948
601	10	257	257	0.00129318
601	11	24783	24783	0.00507736
601	12	13	13	0.000402451
601	13	50256	50256	0
602	5	257	257	0.000923157
602	6	18778	18778	0.00915337
602	7	14688	14688	0.00351143
602	8	680	680	0.0014801
602	9	12	12	0.00231934
602	10	43745	43745	0.00603485
602	11	19634	19634	0.00397682
602	12	287	287	0.000394821
602	13	281	281	0.00222397
602	14	12278	12278	0.00188255
602	15	17655	17655	0.00715828
602	16	13	13	0
602	17	50256	50256	0
603	5	3794	3794	0.00583458
603	6	3994	3994	0.00311852
603	7	20838	20838	0.00555801
603	8	21641	21641	0.00258446
603	9	290	290	0.000808716
603	10	42645	42645	0.00398445
603	11	13	13	0
603	12	50256	50256	0
604	5	11	11	0.000219345
604	6	14354	14354	0.00494957
604	7	11	11	0.000205994
604	8	290	290	0.00144005
604	9	7572	7572	0.00509262
604	10	286	286	0.000785828
604	11	3292	3292	0.00273705
604	12	13	13	0
604	13	50256	50256	0
605	5	379	379	0.00700951
605	6	7496	7496	0.016737
605	7	290	290	0.0014534
605	8	734	734	0.014267
605	9	7435	7435	0.00367355
605	10	1173	1173	0.00159836
605	11	829	829	0.000507355
605	12	13	13	0
605	13	50256	50256	0
606	5	290	290	0.00131989
606	6	26306	26306	0.00595856
606	7	21622	21622	0.00511932
606	8	422	422	0.000831604
606	9	262	262	2.67029e-05
606	10	9260	9260	0.00409508
606	11	13	13	3.05176e-05
606	12	50256	50256	0
607	5	326	326	0.00906372
607	6	8833	8833	0.0125179
607	7	351	351	0.0101681
607	8	262	262	1.14441e-05
607	9	6000	6000	0.0115681
607	10	8373	8373	0.00507545
607	11	287	287	0.00244522
607	12	257	257	0.000217438
607	13	27039	27039	0.00111389
607	14	13	13	0
607	15	50256	50256	0
608	5	7043	7043	0.00868416
608	6	316	316	0.00350571
608	7	787	787	0.00294304
608	8	2647	2647	0.00858498
608	9	287	287	0.00111389
608	10	257	257	0.00612259
608	11	1448	1448	0.00240707
608	12	286	286	0.000812531
608	13	734	734	0.00599098
608	14	13	13	0
608	15	50256	50256	0
609	5	510	510	0.00341606
609	6	15455	15455	0.00798607
609	7	1231	1231	0.00146103
609	8	5609	5609	0.0102406
609	9	262	262	0.00289154
609	10	1321	1321	0.0190086
609	11	852	852	0.0119476
609	12	42517	42517	0.00295067
609	13	798	798	0.000707626
609	14	13	13	3.8147e-05
609	15	50256	50256	0
610	5	13055	13055	0.000398636
610	6	383	383	0.000612259
610	7	2907	2907	0.00147057
610	8	563	563	0.00116158
610	9	5265	5265	0.00124168
610	10	287	287	0.000202179
610	11	49545	49545	0.000494003
610	12	13	13	3.8147e-06
610	13	50256	50256	0
611	5	1239	1239	0.00375175
611	6	11073	11073	0.0042038
611	7	257	257	0.00139236
611	8	4633	4633	0.00606918
611	9	1255	1255	0.00314331
611	10	13	13	0
611	11	50256	50256	0
612	5	2630	2630	0.00161552
612	6	3923	3923	0.00387192
612	7	326	326	0.00165176
612	8	7301	7301	0.00626945
612	9	41553	41553	0.00299835
612	10	82	82	0.00209808
612	11	11	11	0.00147629
612	12	37174	37174	0.00285149
612	13	11	11	0.000686646
612	14	290	290	0.00082016
612	15	5369	5369	0.00193977
612	16	13	13	3.8147e-06
612	17	50256	50256	0
613	5	546	546	0.00118065
613	6	262	262	0.000110626
613	7	20175	20175	0.0012722
613	8	43989	43989	0.00078392
613	9	290	290	0.000282288
613	10	38201	38201	0.00141525
613	11	13	13	0
613	12	50256	50256	0
614	5	9518	9518	0.00617599
614	6	5667	5667	0.000743866
614	7	2138	2138	0.00335121
614	8	621	621	0.000343323
614	9	8850	8850	0.00438118
614	10	13737	13737	0.00390434
614	11	13	13	0
614	12	50256	50256	0
615	5	416	416	0.00197983
615	6	27259	27259	0.00469017
615	7	7545	7545	0.00407028
615	8	656	656	0.00941658
615	9	1090	1090	0.00426102
615	10	9310	9310	0.00190544
615	11	290	290	0.000360489
615	12	483	483	0.00368881
615	13	88	88	0.00159073
615	14	13	13	0.000114441
615	15	50256	50256	0
616	5	1633	1633	0.0141468
616	6	5721	5721	0.0161037
616	7	12611	12611	0.00785446
616	8	803	803	0.00709343
616	9	416	416	0.00291252
616	10	41719	41719	0.00501633
616	11	511	511	0.00180626
616	12	11914	11914	0.0103149
616	13	656	656	0.0036068
616	14	257	257	0.0027523
616	15	5422	5422	0.00369263
616	16	12239	12239	0.00394058
616	17	13	13	0.000724792
616	18	50256	50256	0
617	5	19418	19418	0.00192451
617	6	36578	36578	0.00195503
617	7	351	351	0.000156403
617	8	6496	6496	0.00210762
617	9	8188	8188	0.000524521
617	10	13	13	3.8147e-06
617	11	50256	50256	0
618	5	355	355	0.000501633
618	6	257	257	0.00294876
618	7	1271	1271	0.00490761
618	8	286	286	0.00037384
618	9	3470	3470	0.00364685
618	10	9998	9998	0.00259018
618	11	13	13	0.000431061
618	12	50256	50256	0
619	5	284	284	0.00102234
619	6	3283	3283	0.00426292
619	7	12967	12967	0.00172234
619	8	902	902	0.00204849
619	9	1973	1973	0.000770569
619	10	257	257	0.00411415
619	11	4417	4417	0.00428581
619	12	13	13	0
619	13	50256	50256	0
620	5	4905	4905	0.00568008
620	6	286	286	0.00112534
620	7	281	281	0.00201225
620	8	15835	15835	0.0020771
620	9	393	393	0.000896454
620	10	875	875	0.00351715
620	11	13168	13168	0.00245285
620	12	11862	11862	0.00259018
620	13	13	13	0
620	14	50256	50256	0
621	5	338	338	0.000501633
621	6	1810	1810	0.00195312
621	7	290	290	0.000350952
621	8	12689	12689	0.00309372
621	9	3407	3407	0.00121307
621	10	262	262	0.000137329
621	11	14332	14332	0.00256729
621	12	2305	2305	0.0012722
621	13	9229	9229	0.00116158
621	14	11796	11796	0.00610924
621	15	286	286	0.000518799
621	16	3284	3284	0.0022831
621	17	13	13	3.8147e-05
621	18	50256	50256	0
622	5	3650	3650	0.00440407
622	6	12278	12278	0.00170326
622	7	2568	2568	0.00284958
622	8	832	832	0.00304413
622	9	48287	48287	0.00868988
622	10	5931	5931	0.0016613
622	11	12737	12737	0.00167274
622	12	13	13	0.000106812
622	13	50256	50256	7.62939e-06
623	5	4143	4143	0.00425911
623	6	2173	2173	0.00404739
623	7	1497	1497	0.00412178
623	8	422	422	0.00135422
623	9	262	262	1.52588e-05
623	10	3825	3825	0.00380325
623	11	13	13	7.62939e-06
623	12	50256	50256	0
624	5	290	290	0.000205994
624	6	6754	6754	0.00312614
624	7	2478	2478	0.00159454
624	8	286	286	0.000331879
624	9	2456	2456	0.00350761
624	10	13	13	0.000202179
624	11	50256	50256	0
625	5	3033	3033	0.000644684
625	6	262	262	0.000148773
625	7	26997	26997	0.00410843
625	8	2677	2677	0.00227928
625	9	11	11	0.000202179
625	10	3825	3825	0.00196457
625	11	370	370	0.00404167
625	12	46654	46654	0.00181007
625	13	13	13	2.67029e-05
625	14	50256	50256	0
626	5	3139	3139	0.0069294
626	6	373	373	0.00858498
626	7	327	327	0.00877762
626	8	385	385	0.00690079
626	9	1073	1073	0.0132236
626	10	11	11	0.00244713
626	11	287	287	0.00531197
626	12	1944	1944	0.0068531
626	13	12	12	0.00183868
626	14	820	820	0.00261497
626	15	25768	25768	0.00463867
626	16	13	13	0
626	17	50256	50256	0
627	5	5403	5403	0.003088
627	6	663	663	0.00105667
627	7	16874	16874	0.00102615
627	8	13	13	7.62939e-06
627	9	50256	50256	0
628	5	2583	2583	0.00783348
628	6	4778	4778	0.000537872
628	7	284	284	0.000564575
628	8	4439	4439	0.00183105
628	9	649	649	0.00153732
628	10	9471	9471	0.00386238
628	11	13166	13166	0.001688
628	12	13	13	0
628	13	50256	50256	0
629	5	2568	2568	0.00164223
629	6	832	832	0.00445557
629	7	6565	12213	1.22044
629	8	2272	2272	0.00341797
629	9	13	13	0.000774384
629	10	50256	50256	1.90735e-05
630	5	3519	3519	0.00140572
630	6	1035	1035	0.00204277
630	7	24370	24370	0.00109673
630	8	287	287	0.000419617
630	9	13550	13550	0.00167274
630	10	34619	34619	0.00132751
630	11	746	746	0.000988007
630	12	291	291	0.00172424
630	13	11	11	0.00132751
630	14	1897	1897	0.00197411
630	15	6210	6210	0.00318146
630	16	11	11	0.00111771
630	17	290	290	0.000175476
630	18	8312	8312	0.00223732
630	19	14750	14750	0.000320435
630	20	13	13	1.14441e-05
630	21	50256	50256	0
631	5	329	329	0.0181198
631	6	663	663	0.0190582
631	7	1913	1913	0.00403976
631	8	8508	8508	0.00481224
631	9	290	290	0.00012207
631	10	27892	27892	0.00536156
631	11	35988	35988	0.0023098
631	12	11222	11222	0.00369263
631	13	13	13	0.000190735
631	14	50256	50256	0
632	5	329	329	0.000919342
632	6	18120	18120	0.00257111
632	7	257	257	0.000213623
632	8	1917	1917	0.0025444
632	9	393	393	4.57764e-05
632	10	9489	9489	0.00130653
632	11	257	257	0.00100899
632	12	4876	4876	0.000741959
632	13	13	13	3.43323e-05
632	14	50256	50256	0
633	5	422	422	0.00012207
633	6	15756	15756	0.00266647
633	7	5597	5597	0.00153542
633	8	422	422	0.000354767
633	9	13686	13686	0.00223732
633	10	49235	49235	0.000980377
633	11	13	13	3.8147e-06
633	12	50256	50256	0
634	5	34371	34371	0.00133514
634	6	16578	16578	0.00370979
634	7	283	283	0.00411224
634	8	3815	3815	0.00272751
634	9	1262	1262	0.00156403
634	10	16311	16311	0.0118561
634	11	286	286	0.00120354
634	12	530	530	0.00696373
634	13	284	284	0.00178528
634	14	1440	1440	0.00608253
634	15	9881	9881	0.00305367
634	16	13	13	2.28882e-05
634	17	50256	50256	0
635	5	2458	2458	0.00399971
635	6	257	257	0.0025425
635	7	6769	6769	0.0161839
635	8	338	338	0.00464439
635	9	6515	6515	0.0146618
635	10	8373	8373	0.00299835
635	11	618	618	0.00598335
635	12	2723	2723	0.0218582
635	13	290	290	0.00087738
635	14	22890	22890	0.00887489
635	15	1445	1445	0.00190926
635	16	3585	3585	0.00777817
635	17	284	284	0.00199509
635	18	1123	1123	0.0170441
635	19	584	584	0.00916481
635	20	13	13	0.000343323
635	21	50256	50256	0
636	5	8372	8372	0.00476265
636	6	3354	3354	0.00351906
636	7	286	286	0.000324249
636	8	16519	16519	0.00677872
636	9	290	290	0.000450134
636	10	17456	17456	0.00983238
636	11	13	13	0
636	12	50256	50256	0
637	5	21767	21767	0.0079155
637	6	262	262	0.00075531
637	7	1271	1271	0.00606728
637	8	286	286	0.00179672
637	9	1237	1237	0.0226593
637	10	684	684	0.00254822
637	11	287	287	0.000362396
637	12	663	663	0.00271034
637	13	29984	29984	0.00608826
637	14	13	13	0
637	15	50256	50256	0
638	5	5563	5563	0.00311852
638	6	832	832	0.000778198
638	7	41630	41630	0.00279236
638	8	38445	38445	0.00164604
638	9	5107	5107	0.00160599
638	10	13	13	0
638	11	50256	50256	0
639	5	14921	14921	0.00219345
639	6	5563	5563	0.00524712
639	7	884	884	0.00270271
639	8	355	355	0.000587463
639	9	8234	8234	0.00660896
639	10	11	11	0.00426674
639	11	12734	12734	0.00430298
639	12	11	11	0.00159264
639	13	393	393	0.00179482
639	14	14891	14891	0.00128555
639	15	13	13	0
639	16	50256	50256	0
640	5	7997	7997	0.000646591
640	6	416	416	0.000125885
640	7	257	257	0.000358582
640	8	10706	10706	0.00150681
640	9	286	286	0.000812531
640	10	17848	17848	0.00119019
640	11	13	13	0
640	12	50256	50256	0
641	5	281	281	0.00195885
641	6	4457	4457	0.00258446
641	7	29877	29877	0.00114059
641	8	2858	2858	0.000886917
641	9	11	11	9.15527e-05
641	10	407	407	0.00107765
641	11	257	257	0.000907898
641	12	2818	2818	0.00300598
641	13	17076	17076	0.0025692
641	14	13	13	6.86646e-05
641	15	50256	50256	0
642	5	3194	3194	0.0078125
642	6	355	355	0.00299835
642	7	257	257	0.00043869
642	8	8064	8064	0.0077858
642	9	286	286	0.000301361
642	10	734	734	0.00852013
642	11	37014	37014	0.00196838
642	12	13	13	9.15527e-05
642	13	50256	50256	0
643	5	2107	2107	0.0154667
643	6	290	290	0.00231552
643	7	1663	1663	0.00650787
643	8	329	329	0.00221252
643	9	517	517	0.0111217
643	10	621	621	0.00137711
643	11	734	734	0.0117416
643	12	812	812	0.00115013
643	13	13	13	6.10352e-05
643	14	50256	50256	0
644	5	3139	3139	0.000143051
644	6	286	286	0.000118256
644	7	16952	16952	0.00387001
644	8	287	287	0.000156403
644	9	21199	21199	0.00233841
644	10	7229	7229	0.000289917
644	11	13	13	0
644	12	50256	50256	0
645	5	4847	4847	0.00775719
645	6	832	832	0.00205994
645	7	10288	10288	0.00643158
645	8	284	284	0.000240326
645	9	584	584	0.0097847
645	10	4847	4847	0.00557327
645	11	13	13	0
645	12	50256	50256	0
646	5	10050	10050	0.00493813
646	6	2568	2568	0.000507355
646	7	284	284	0.00185394
646	8	663	663	0.00150299
646	9	21334	21334	0.000396729
646	10	13	13	0
646	11	50256	50256	0
647	5	48135	48135	0.0298615
647	6	286	286	0.000396729
647	7	262	262	0.00183105
647	8	11188	11188	0.0394058
647	9	3967	3967	0.00385094
647	10	1176	1176	0.00931931
647	11	286	286	0.00385666
647	12	257	257	0.00403214
647	13	1729	1729	0.0161228
647	14	22570	22570	0.00601006
647	15	1271	1271	0.00224113
647	16	13	13	8.01086e-05
647	17	50256	50256	0
648	5	262	262	0.000133514
648	6	3085	3085	0.00201797
648	7	1627	1627	0.00175858
648	8	8686	8686	0.00180054
648	9	284	284	0.00056076
648	10	262	262	0.00151062
648	11	3465	3465	0.00114441
648	12	376	376	0.00154877
648	13	13	13	0.000274658
648	14	50256	50256	0
649	5	1499	1499	0.00199127
649	6	287	287	0.00262833
649	7	262	262	0.000202179
649	8	7840	7840	0.00658417
649	9	18020	18020	0.00235558
649	10	13	13	0
649	11	50256	50256	0
650	5	4469	4469	0.0122356
650	6	286	286	0.000858307
650	7	26467	26467	0.00749779
650	8	385	385	0.00277328
650	9	1872	1872	0.00691986
650	10	338	338	0.00141335
650	11	3878	3878	0.00414467
650	12	17084	17084	0.00469589
650	13	13	13	0.00038147
650	14	50256	50256	0
651	5	2846	2846	0.00460434
651	6	286	286	0.00324059
651	7	1223	1223	0.00238991
651	8	2073	2073	0.00283051
651	9	1231	1231	0.00133514
651	10	10616	10616	0.000846863
651	11	257	257	0.000236511
651	12	18875	18875	0.00213242
651	13	5369	5369	0.00121689
651	14	13	13	0
651	15	50256	50256	0
652	5	77	77	0.00263023
652	6	2340	2340	0.00231171
652	7	326	326	0.00187683
652	8	3745	3745	0.0062561
652	9	319	319	0.00236511
652	10	262	262	0.00128555
652	11	2910	2910	0.00795364
652	12	286	286	0.00131989
652	13	11453	11453	0.00265503
652	14	13	13	6.86646e-05
652	15	50256	50256	0
653	5	1602	1602	0.0051651
653	6	14796	14796	0.00317955
653	7	22950	22950	0.00343704
653	8	423	423	0.00315285
653	9	262	262	0.00107956
653	10	976	976	0.0111561
653	11	4129	4129	0.00955582
653	12	13	13	0
653	13	50256	50256	0
654	5	6268	6268	0.00261879
654	6	4073	4073	0.00287628
654	7	416	416	0.00030899
654	8	29781	29781	0.00585938
654	9	290	290	0.000274658
654	10	584	584	0.00501823
654	11	38622	38622	0.0011158
654	12	13	13	0
654	13	50256	50256	0
655	5	635	635	0.00389099
655	6	8811	8811	0.00365829
655	7	1900	1900	0.00623322
655	8	355	355	0.00615311
655	9	5482	5482	0.00389099
655	10	3820	3820	0.00155258
655	11	10872	10872	0.00146675
655	12	16567	16567	0.00231743
655	13	13	13	0
655	14	50256	50256	0
656	5	5405	5405	0.00176811
656	6	416	416	0.000545502
656	7	28472	28472	0.00520706
656	8	803	803	0.00201416
656	9	340	340	0.00463676
656	10	351	351	0.00108337
656	11	1633	1633	0.00247574
656	12	13	13	0
656	13	50256	50256	0
657	5	4756	4756	0.00786018
657	6	832	832	0.00213051
657	7	543	543	0.0056839
657	8	1657	1657	0.00118065
657	9	14170	14170	0.00807762
657	10	262	262	4.19617e-05
657	11	18480	18480	0.0125599
657	12	1080	1080	0.00255394
657	13	13	13	0.00031662
657	14	50256	50256	0
658	5	4855	4855	0.00143623
658	6	14510	14510	0.00154495
658	7	287	287	0.000305176
658	8	6156	6156	0.000736237
658	9	6365	6365	0.00198364
658	10	13	13	7.24792e-05
658	11	50256	50256	0
659	5	423	423	0.00075531
659	6	257	257	0.00431252
659	7	2060	2060	0.022047
659	8	269	269	0.00303078
659	9	313	313	0.0083046
659	10	88	88	0.00237083
659	11	992	992	0.0105152
659	12	261	261	0.00255966
659	13	13	13	0.000486374
659	14	50256	50256	0
660	5	2280	2280	0.00139618
660	6	393	393	0.000465393
660	7	15256	15256	0.00243568
660	8	2280	2280	0.00117683
660	9	618	618	0.00222588
660	10	484	484	0.00294304
660	11	21721	21721	0.00165176
660	12	13	13	0.000247955
660	13	50256	50256	0
661	5	12	12	0.0018425
661	6	13982	13982	0.00378609
661	7	21824	21824	0.0039978
661	8	5421	5421	0.00985336
661	9	1978	1978	0.00112534
661	10	656	656	0.00728607
661	11	3881	3881	0.0203037
661	12	13	13	0.000247955
661	13	50256	50256	0
662	5	46716	46716	0.0071888
662	6	1805	1805	0.00255394
662	7	262	262	0.000516891
662	8	517	517	0.0159702
662	9	19217	19217	0.00129128
662	10	12098	12098	0.00250244
662	11	11061	11061	0.00186348
662	12	606	606	0.00238991
662	13	13	13	0
662	14	50256	50256	1.52588e-05
663	5	37475	37475	0.0115128
663	6	11	11	0.0017662
663	7	284	284	0.00291824
663	8	5643	5643	0.00814629
663	9	11	11	0.000818253
663	10	3664	3664	0.00666618
663	11	321	321	0.00443268
663	12	45070	45070	0.00619888
663	13	11	11	0.000211716
663	14	290	290	0.00103378
663	15	23849	23849	0.00628471
663	16	2339	2339	0.00391006
663	17	1275	1275	0.00153351
663	18	721	721	0.00103951
663	19	346	346	0.00111389
663	20	1547	1547	0.00087738
663	21	13	13	0
663	22	50256	50256	0
664	5	3624	3624	0.00472641
664	6	5101	5101	0.00682449
664	7	284	284	0.00117111
664	8	7301	7301	0.0077343
664	9	290	290	0.00179672
664	10	5412	5412	0.0197144
664	11	5563	5563	0.00222588
664	12	13	13	0.000148773
664	13	50256	50256	0
665	5	262	262	0.00107002
665	6	10596	10596	0.00413513
665	7	10692	10692	0.0037117
665	8	832	832	0.00487137
665	9	262	262	0.00056839
665	10	41407	41407	0.00512505
665	11	286	286	0.000370026
665	12	47403	47403	0.000705719
665	13	13	13	0
665	14	50256	50256	0
666	5	42096	42096	0.00672531
666	6	379	379	0.000827789
666	7	262	262	0.000772476
666	8	18955	18955	0.0116024
666	9	393	393	0.00325012
666	10	22088	22088	0.0134487
666	11	291	291	0.00321198
666	12	1241	1241	0.0133057
666	13	13	13	0
666	14	50256	50256	0
667	5	5563	5563	0.00169563
667	6	416	416	0.00106049
667	7	13157	13157	0.00469208
667	8	517	517	0.00564957
667	9	1657	1657	0.00745773
667	10	621	621	0.00358582
667	11	262	262	9.53674e-05
667	12	555	555	0.0025692
667	13	64	64	0.00367737
667	14	1384	1384	0.00748634
667	15	4151	4151	0.00276184
667	16	13	13	0
667	17	50256	50256	0
668	5	284	284	0.000110626
668	6	8181	8181	0.004673
668	7	422	422	0.00263405
668	8	5509	5509	0.00603867
668	9	13737	13737	0.00792503
668	10	13	13	0
668	11	50256	50256	0
669	5	2753	2753	0.001894
669	6	1295	1295	0.00277328
669	7	8384	8384	0.00156021
669	8	319	319	0.00177765
669	9	281	281	0.0025959
669	10	7022	7022	0.00294495
669	11	13	13	1.14441e-05
669	12	50256	50256	0
670	5	16524	16524	0.00468445
670	6	13510	13510	0.00400162
670	7	9210	9210	0.00318336
670	8	326	326	0.000770569
670	9	389	389	0.00597572
670	10	7425	7425	0.00642014
670	11	351	351	0.000524521
670	12	6428	6428	0.00366211
670	13	5289	5289	0.00216103
670	14	13	13	0.000125885
670	15	50256	50256	0
671	5	7596	7596	0.00114632
671	6	4791	4791	0.00113869
671	7	591	591	0.00102234
671	8	7346	7346	0.000461578
671	9	257	257	0.000955582
671	10	1327	1327	0.00358009
671	11	8434	8434	0.00287056
671	12	7582	7582	0.00233841
671	13	13	13	0.000133514
671	14	50256	50256	0
672	5	2291	2291	0.000209808
672	6	24789	24789	0.00178528
672	7	47523	47523	0.000392914
672	8	290	290	9.53674e-05
672	9	14186	14186	0.00174904
672	10	6147	6147	0.000659943
672	11	12835	12835	0.00105286
672	12	13	13	8.39233e-05
672	13	50256	50256	0
673	5	878	878	0.00237083
673	6	14342	14342	0.0059433
673	7	1973	1973	0.0024147
673	8	2031	2031	0.000593185
673	9	13	13	0
673	10	50256	50256	0
674	5	1104	1104	0.00426483
674	6	966	966	0.00109291
674	7	1444	1444	0.00485229
674	8	257	257	0.000610352
674	9	46246	46246	0.00284958
674	10	6098	6098	0.00158691
674	11	388	388	0.00152969
674	12	13	13	8.01086e-05
674	13	50256	50256	0
675	5	656	656	0.000593185
675	6	262	262	7.62939e-06
675	7	1956	1956	0.00240517
675	8	24162	24162	0.00130081
675	9	327	327	0.00224876
675	10	5126	5126	0.00707436
675	11	666	666	0.00133705
675	12	6896	6896	0.00670052
675	13	13	13	0.000267029
675	14	50256	50256	0
676	5	5399	5399	0.0158329
676	6	15921	15921	0.012682
676	7	286	286	0.0018425
676	8	867	867	0.00708008
676	9	12734	12734	0.0078907
676	10	13	13	0
676	11	50256	50256	0
677	5	2568	2568	0.00714874
677	6	656	656	0.00745201
677	7	12370	12370	0.00531006
677	8	6268	6268	0.00664711
677	9	13	13	0.000276566
677	10	50256	50256	0
678	5	389	389	0.00652504
678	6	1043	1043	0.0067749
678	7	355	355	0.00476074
678	8	880	880	0.00123787
678	9	355	355	0.000776291
678	10	644	644	0.00503922
678	11	484	484	0.00531769
678	12	389	389	0.00179482
678	13	13	13	1.52588e-05
678	14	50256	50256	0
679	5	287	287	0.000846863
679	6	262	262	0.00082016
679	7	4037	4037	0.00518036
679	8	4482	4482	0.000980377
679	9	286	286	8.7738e-05
679	10	27719	27719	0.00144196
679	11	13	13	2.28882e-05
679	12	50256	50256	0
680	5	3139	3139	0.00367546
680	6	286	286	0.00258255
680	7	21291	21291	0.00600052
680	8	11	11	0.00235939
680	9	1029	1029	0.00986862
680	10	287	287	0.00679779
680	11	262	262	0.010046
680	12	843	843	0.00585938
680	13	274	274	0.00357246
680	14	13	13	0.00148392
680	15	50256	50256	3.8147e-06
681	5	3139	3139	0.00553131
681	6	11	11	0.000156403
681	7	290	290	0.00213623
681	8	262	262	0.00307655
681	9	569	569	0.00460434
681	10	396	396	0.00263596
681	11	4712	4712	0.0026722
681	12	15623	15623	0.00234604
681	13	832	832	0.000944138
681	14	340	340	0.00139999
681	15	13	13	0.000164032
681	16	50256	50256	0
682	5	13	13	0
682	6	50256	50256	0
683	5	7306	7306	0.00722122
683	6	10349	10349	0.00335503
683	7	2648	2648	0.00253677
683	8	262	262	0.000617981
683	9	976	976	0.00250435
683	10	15004	15004	0.00440407
683	11	3580	3580	0.00111008
683	12	13	13	1.90735e-05
683	13	50256	50256	0
684	5	1103	1103	0.00704956
684	6	3146	3146	0.0166111
684	7	318	318	0.00337219
684	8	3967	3967	0.00987816
684	9	13	13	9.72748e-05
684	10	50256	50256	0
685	5	1296	1296	0.00834656
685	6	618	618	0.00204086
685	7	44030	44030	0.0136757
685	8	2587	2587	0.00781822
685	9	3608	3608	0.0111637
685	10	82	82	0.00688553
685	11	290	290	0.00528717
685	12	4735	4735	0.0201359
685	13	6945	6945	0.00128365
685	14	13	13	7.62939e-06
685	15	50256	50256	0
686	5	5894	5894	0.0173378
686	6	4771	4771	0.0103283
686	7	2458	2458	0.00987434
686	8	3264	3264	0.00946617
686	9	422	422	0.00491714
686	10	4735	4735	0.0368233
686	11	284	284	0.00321198
686	12	3623	3623	0.0674362
686	13	13	13	0.00157547
686	14	50256	50256	0
687	5	5002	5002	0.0106621
687	6	423	423	0.00403786
687	7	4961	4961	0.00868607
687	8	386	386	0.00512695
687	9	1122	1122	0.00288582
687	10	9853	9853	0.00218391
687	11	475	475	0.00454521
687	12	1180	1180	0.0019989
687	13	49810	49810	0.00213623
687	14	9853	9853	0.00376701
687	15	13	13	0.000164032
687	16	50256	50256	0
688	5	42407	42407	0.00255966
688	6	469	469	0.00305939
688	7	318	318	0.000686646
688	8	262	262	0.00279617
688	9	4318	4318	0.00529671
688	10	2095	2095	0.00932121
688	11	287	287	0.00135803
688	12	317	317	0.0105228
688	13	6786	6786	0.0020771
688	14	5074	5074	0.00082016
688	15	13	13	0
688	16	50256	50256	0
689	5	925	925	0.00375175
689	6	7525	7525	0.00136375
689	7	286	286	0.00232315
689	8	6383	6383	0.00835991
689	9	50006	50006	0.00267982
689	10	2138	2138	0.00133133
689	11	621	621	0.00165939
689	12	9970	9970	0.00160027
689	13	13	13	1.52588e-05
689	14	50256	50256	0
690	5	26600	26600	0.00279236
690	6	663	663	0.000564575
690	7	16704	16704	0.00671768
690	8	11348	11348	0.00126266
690	9	1108	1108	0.00050354
690	10	13	13	7.62939e-06
690	11	50256	50256	0
691	5	1748	1748	0.00315666
691	6	286	286	0.00310516
691	7	8602	8602	0.00669289
691	8	11	11	0.00207329
691	9	319	319	0.0105896
691	10	262	262	0.00104141
691	11	314	314	0.00281715
691	12	527	527	0.00566101
691	13	666	666	0.00859642
691	14	24078	24078	0.00392532
691	15	13	13	0
691	16	50256	50256	0
692	5	319	319	0.00102043
692	6	49812	49812	0.0131874
692	7	2340	2340	0.00174332
692	8	290	290	0.00201416
692	9	584	584	0.0079155
692	10	1402	1402	0.00783157
692	11	19435	19435	0.0036068
692	12	13	13	0
692	13	50256	50256	0
693	5	1022	1022	0.00025177
693	6	7686	7686	0.00223351
693	7	13	13	0
693	8	50256	50256	0
694	5	11	11	5.34058e-05
694	6	318	318	0.000209808
694	7	262	262	0.000106812
694	8	2260	2260	0.000993729
694	9	3139	3139	0.00028038
694	10	286	286	7.62939e-06
694	11	4505	4505	0.00167084
694	12	13	13	0
694	13	50256	50256	0
695	5	2024	2024	0.00117302
695	6	460	460	0.00138474
695	7	307	307	0.00911713
695	8	2087	2087	0.00432587
695	9	416	416	0.000598907
695	10	4375	4375	0.001894
695	11	511	511	0.00290871
695	12	5470	5470	0.00601387
695	13	2024	2024	0.00164413
695	14	13	13	0
695	15	50256	50256	0
696	5	262	262	0.00123215
696	6	25861	25861	0.00606346
696	7	2779	2779	0.00769806
696	8	4326	4326	0.00569153
696	9	329	329	0.00359344
696	10	21969	21969	0.00290871
696	11	34743	34743	0.000959396
696	12	5951	5951	0.000766754
696	13	13	13	0
696	14	50256	50256	0
697	5	14729	14729	0.00100517
697	6	286	286	0.000102997
697	7	7405	7405	0.00185013
697	8	13	13	4.57764e-05
697	9	50256	50256	3.8147e-06
698	5	262	262	0.00062561
698	6	2685	2685	0.00381088
698	7	8573	8573	0.00377846
698	8	810	810	0.00795937
698	9	5205	5205	0.00392723
698	10	44411	44411	0.00336266
698	11	8833	8833	0.00514793
698	12	287	287	0.00142288
698	13	4077	4077	0.00289345
698	14	6134	6134	0.00338364
698	15	13	13	0
698	16	50256	50256	0
699	5	8850	8850	0.00774956
699	6	1633	1633	0.0141296
699	7	10874	10874	0.0059948
699	8	8384	8384	0.0102062
699	9	286	286	0.00366974
699	10	17745	17745	0.0160217
699	11	7268	7268	0.00460434
699	12	734	734	0.00951004
699	13	11863	11863	0.00431252
699	14	23235	23235	0.00503349
699	15	13	13	0
699	16	50256	50256	0
700	5	416	416	0.00056076
700	6	1633	1633	0.00709724
700	7	11581	11581	0.011776
700	8	8902	8902	0.0116653
700	9	706	706	0.00695419
700	10	14357	14357	0.00287247
700	11	37876	37876	0.00115204
700	12	340	340	0.000324249
700	13	13	13	0.000328064
700	14	50256	50256	0
701	5	13522	13522	0.0145397
701	6	11	11	0.00699425
701	7	257	262	3.20343
701	8	2829	2829	0.19042
701	9	44017	44017	0.0207062
701	10	14452	14452	0.0183754
701	11	26728	26728	0.0123749
701	12	517	517	0.00889206
701	13	6364	6364	0.0303421
701	14	618	618	0.0180874
701	15	663	663	0.00688171
701	16	4129	4129	0.0163288
701	17	318	318	0.00364113
701	18	3220	3220	0.00286865
701	19	13	13	0.000257492
701	20	50256	50256	0
702	5	1785	1785	0.0129108
702	6	17810	17810	0.00110626
702	7	11	11	0.0001297
702	8	1657	1657	0.00524902
702	9	2314	2314	0.00587273
702	10	6654	6654	0.00134659
702	11	284	284	0.000396729
702	12	12899	12899	0.00678444
702	13	17984	17984	0.000244141
702	14	13	13	0
702	15	50256	50256	0
703	5	287	287	0.000141144
703	6	262	262	0.000453949
703	7	614	614	0.0038414
703	8	1478	1478	0.000734329
703	9	4310	4310	0.00053215
703	10	13	13	7.62939e-05
703	11	50256	50256	0
704	5	281	281	0.00729942
704	6	12278	12278	0.00893402
704	7	6737	6737	0.00765419
704	8	13	13	0
704	9	50256	50256	0
705	5	5166	5166	0.00901794
705	6	286	286	0.000293732
705	7	302	302	0.00519562
705	8	5379	5379	0.00492096
705	9	326	326	0.000511169
705	10	12611	12611	0.00708008
705	11	378	378	0.00424194
705	12	1028	1028	0.00459671
705	13	1123	1123	0.00236511
705	14	584	584	0.0032444
705	15	13	13	0.0001297
705	16	50256	50256	0
706	5	284	284	0.000766754
706	6	1037	1037	0.000829697
706	7	17276	17276	0.00420952
706	8	8574	8574	0.00134659
706	9	12784	12784	0.00165558
706	10	13	13	1.90735e-05
706	11	50256	50256	0
707	5	1205	1205	0.000183105
707	6	1231	1231	0.00134277
707	7	15345	15345	0.000871658
707	8	11904	11904	0.000276566
707	9	13	13	0
707	10	50256	50256	0
708	5	262	262	0.00616264
708	6	44345	44345	0.0796165
708	7	8813	8813	0.00687981
708	8	268	268	0.00688171
708	9	1904	1904	0.00796509
708	10	21767	21767	0.00293922
708	11	262	262	0
708	12	2160	2160	0.014658
708	13	286	286	0.00182152
708	14	262	262	0.000202179
708	15	24438	24438	0.021925
708	16	286	286	0.000370026
708	17	262	262	0.000482559
708	18	584	584	0.0138283
708	19	734	734	0.0167904
708	20	5389	5389	0.00664711
708	21	13	13	0
708	22	50256	50256	0
709	5	32202	32202	0.0071125
709	6	1276	1276	0.00392151
709	7	14999	14999	0.00522232
709	8	663	663	0.00695801
709	9	20831	20831	0.012392
709	10	409	409	0.00319862
709	11	418	418	0.00260544
709	12	38800	38800	0.00149918
709	13	13	13	0.00012207
709	14	50256	50256	0
710	5	4279	4279	0.00575638
710	6	393	393	0.00908661
710	7	2393	2393	0.00591469
710	8	287	287	0.00570679
710	9	19780	19780	0.0179195
710	10	13	13	2.28882e-05
710	11	50256	50256	0
711	5	1245	1245	0.00226212
711	6	286	286	0.00123596
711	7	257	257	0.000497818
711	8	2700	2700	0.00516891
711	9	546	546	0.00394058
711	10	281	281	0.00308228
711	11	16488	16488	0.00219727
711	12	13	13	0
711	13	50256	50256	0
712	5	1588	1588	0.0025692
712	6	9824	9824	0.00347519
712	7	319	319	0.000494003
712	8	262	262	2.28882e-05
712	9	10326	10326	0.0119038
712	10	4417	4417	0.00163078
712	11	287	287	0.000843048
712	12	25768	25768	0.00789642
712	13	13	13	0
712	14	50256	50256	0
713	5	6869	6869	0.032341
713	6	338	338	0.00812912
713	7	4252	4252	0.0248775
713	8	18250	18250	0.00741386
713	9	33169	33169	0.00597191
713	10	6698	6698	0.00737762
713	11	4632	4632	0.00489616
713	12	1497	1497	0.00278473
713	13	422	422	0.000995636
713	14	3668	3668	0.00180244
713	15	13	13	0.000774384
713	16	50256	50256	0
714	5	779	779	0.00242043
714	6	16396	16396	0.00255013
714	7	5405	5405	0.00154114
714	8	284	284	0.000144958
714	9	1296	1296	0.0032959
714	10	9824	9824	0.00415421
714	11	393	393	0.000951767
714	12	5986	5986	0.00394821
714	13	13	13	0
714	14	50256	50256	0
715	5	2458	2458	0.00204849
715	6	262	262	0.00345612
715	7	4129	4129	0.0145855
715	8	286	286	0.000640869
715	9	262	262	0.000175476
715	10	8875	8875	0.0171337
715	11	338	338	0.00452042
715	12	1633	1633	0.00739861
715	13	3108	3108	0.00887871
715	14	13	13	0
715	15	50256	50256	0
716	5	287	287	0.00116348
716	6	13066	13066	0.00989532
716	7	1088	1088	0.0131207
716	8	262	262	0.000236511
716	9	3825	3825	0.0124073
716	10	13	13	0.000968933
716	11	50256	50256	0
717	5	47786	47786	0.00118256
717	6	262	262	7.62939e-05
717	7	3356	3356	0.00955391
717	8	286	286	0.000240326
717	9	5186	5186	0.00327873
717	10	3877	3877	0.00478554
717	11	832	832	0.0128765
717	12	663	663	0.00262451
717	13	11963	11963	0.0176811
717	14	13	13	0.00019455
717	15	50256	50256	0
718	5	4483	4483	0.00532532
718	6	2057	2057	0.00164223
718	7	422	422	0.00176239
718	8	1111	1111	0.00424576
718	9	6134	6134	0.00516129
718	10	290	290	0.000267029
718	11	4695	4695	0.00745964
718	12	13	13	0
718	13	50256	50256	0
719	5	6268	6268	0.00282097
719	6	832	832	0.00237656
719	7	18842	18842	0.00338173
719	8	722	722	0.00152779
719	9	9941	9941	0.000980377
719	10	13	13	7.24792e-05
719	11	50256	50256	3.8147e-06
720	5	3668	3668	0.00122452
720	6	338	338	3.8147e-06
720	7	4417	4417	0.0107002
720	8	318	318	0.00250816
720	9	1444	1444	0.00610924
720	10	2153	2153	0.00263023
720	11	2611	2611	0.00530243
720	12	13	13	0.000267029
720	13	50256	50256	0
721	5	262	262	0.0121365
721	6	976	976	0.0130005
721	7	1688	1688	0.0132294
721	8	5044	5044	0.00711441
721	9	1448	1448	0.00927353
721	10	355	355	0.00577736
721	11	5417	5417	0.0160866
721	12	281	281	0.00544357
721	13	368	368	0.0217724
721	14	1952	1952	0.0032444
721	15	13	13	0
721	16	50256	50256	0
722	5	656	656	0.00119781
722	6	12278	12278	0.000932693
722	7	2568	2568	0.00374413
722	8	13	13	8.39233e-05
722	9	50256	50256	0
723	5	2219	2219	0.00411987
723	6	1438	1438	0.00396347
723	7	329	329	0.00291061
723	8	21072	21072	0.0021534
723	9	275	275	0.00637817
723	10	291	291	0.00340271
723	11	42084	42084	0.00658417
723	12	378	378	0.00495529
723	13	13	13	0
723	14	50256	50256	0
724	5	9377	9377	0.0067234
724	6	1271	1271	0.000911713
724	7	13	13	0.000358582
724	8	50256	50256	0
725	5	19780	19780	0.0081749
725	6	983	983	0.00739288
725	7	351	351	0.00208092
725	8	27913	27913	0.00906754
725	9	5207	5207	0.00323868
725	10	13	13	6.86646e-05
725	11	50256	50256	0
726	5	286	286	0.000156403
726	6	16490	16490	0.00513268
726	7	287	287	0.000141144
726	8	22197	22197	0.00691414
726	9	338	338	9.53674e-05
726	10	13574	13574	0.0118961
726	11	13	13	3.05176e-05
726	12	50256	50256	0
727	5	878	878	0.00459099
727	6	340	340	0.00387192
727	7	5667	5667	0.00847816
727	8	262	262	0.000102997
727	9	1767	1767	0.00391388
727	10	13	13	0.000988007
727	11	50256	50256	0
728	5	36324	36324	0.015337
728	6	389	389	0.00665665
728	7	925	925	0.0106182
728	8	422	422	0.00101089
728	9	35988	35988	0.0212135
728	10	2266	2266	0.0105877
728	11	32085	32085	0.00919914
728	12	39642	39642	0.00347328
728	13	13	13	0
728	14	50256	50256	0
729	5	1862	1862	0.00134468
729	6	20611	20611	0.00286293
729	7	34262	34262	0.00262833
729	8	878	878	0.0023098
729	9	484	484	0.00632858
729	10	3938	3938	0.0032444
729	11	4292	4292	0.00344849
729	12	13	13	0.000102997
729	13	50256	50256	0
730	5	10874	10874	0.0149651
730	6	286	286	0.000118256
730	7	867	867	0.00533485
730	8	5100	5100	0.00498581
730	9	17894	17894	0.00147629
730	10	13	13	0
730	11	50256	50256	0
731	5	1690	1690	0.000389099
731	6	18782	18782	0.00274467
731	7	5609	5609	0.000934601
731	8	1657	1657	0.00143623
731	9	290	290	0.00371552
731	10	10908	10908	0.00546074
731	11	8188	8188	0.000616074
731	12	13	13	3.8147e-06
731	13	50256	50256	0
732	5	663	663	0.00214767
732	6	1957	1957	0.00832367
732	7	636	636	0.00710106
732	8	290	290	0.00619507
732	9	7386	7386	0.00583267
732	10	351	351	0.00197983
732	11	281	281	0.00345421
732	12	379	379	0.00971985
732	13	1051	1051	0.00590897
732	14	13	13	0.000789642
732	15	50256	50256	0
733	5	284	284	0.00149536
733	6	5951	5951	0.0217323
733	7	284	284	0.00308609
733	8	1037	1037	0.0381699
733	9	16697	16697	0.0060482
733	10	16930	16930	0.00442505
733	11	393	393	0.000362396
733	12	15134	15134	0.00342751
733	13	13	13	4.19617e-05
733	14	50256	50256	0
734	5	878	878	0.0014267
734	6	8978	8978	0.00138664
734	7	262	262	0.00109482
734	8	19517	19517	0.00203133
734	9	6896	6896	0.00544739
734	10	13	13	0.000406265
734	11	50256	50256	0
735	5	5400	5400	0.0132217
735	6	287	287	0.000614166
735	7	11711	11711	0.00880241
735	8	3833	3833	0.00332069
735	9	1088	1088	0.00467873
735	10	281	281	0.0096817
735	11	37970	37970	0.00348473
735	12	2134	2134	0.00132561
735	13	13	13	0.000219345
735	14	50256	50256	0
736	5	5253	5253	0.00421715
736	6	2138	2138	0.0116348
736	7	621	621	0.00410461
736	8	257	257	0.011219
736	9	9478	9478	0.0110283
736	10	286	286	0.00176239
736	11	640	640	0.00329781
736	12	13	13	0.000780106
736	13	50256	50256	0
737	5	4695	4695	0.0164413
737	6	11	11	0.00294113
737	7	772	772	0.0146236
737	8	996	996	0.00296021
737	9	867	867	0.00618553
737	10	22464	22464	0.0048542
737	11	7009	7009	0.00271797
737	12	12734	12734	0.00315285
737	13	13	13	0.000366211
737	14	50256	50256	0
738	5	257	257	0.000310898
738	6	3992	3992	0.0014534
738	7	2443	2443	0.00154877
738	8	815	815	0.00143814
738	9	307	307	0.000644684
738	10	5545	5545	0.00274658
738	11	13	13	0.000175476
738	12	50256	50256	0
739	5	13066	13066	0.00175667
739	6	23537	23537	0.0025425
739	7	422	422	0.000314713
739	8	262	262	1.14441e-05
739	9	3825	3825	0.00325012
739	10	13	13	0
739	11	50256	50256	0.000564575
740	5	76	76	0.00315475
740	6	8592	8592	0.0124836
740	7	11	11	0.00139809
740	8	340	340	0.0163898
740	9	5419	5419	0.00884628
740	10	3197	3197	0.00262642
740	11	1633	1633	0.00296783
740	12	656	656	0.00630188
740	13	262	262	0.0202789
740	14	21726	21726	0.00776672
740	15	13	13	0
740	16	50256	50256	0
741	5	431	431	0.00291443
741	6	260	260	0.00296402
741	7	355	355	0.00177002
741	8	663	663	0.00316048
741	9	25861	25861	0.00561905
741	10	2779	2779	0.0010643
741	11	4326	4326	0.00294495
741	12	13	13	0.000133514
741	13	50256	50256	0
742	5	318	318	0.000652313
742	6	257	257	0.000865936
742	7	20838	20838	0.0034523
742	8	12505	12505	0.00219727
742	9	3716	3716	0.000844955
742	10	319	319	0.000408173
742	11	262	262	0.000297546
742	12	28259	28259	0.007164
742	13	7022	7022	0.00100517
742	14	286	286	0.00143433
742	15	7349	7349	0.0109234
742	16	13	13	3.8147e-06
742	17	50256	50256	0
743	5	17777	17777	0.00138092
743	6	274	274	0.000623703
743	7	1138	1138	0.00110817
743	8	37670	37670	0.00144768
743	9	1042	1042	0.000505447
743	10	13	13	3.05176e-05
743	11	50256	50256	0
744	5	3218	3218	0.00224495
744	6	37783	37783	0.00234032
744	7	326	326	0.00220108
744	8	17245	17245	0.0050602
744	9	779	779	0.00334167
744	10	284	284	0.000957489
744	11	3357	3357	0.00247002
744	12	10576	10576	0.00146484
744	13	13	13	0.000347137
744	14	50256	50256	0
745	5	618	618	0.00443077
745	6	4683	4683	0.016674
745	7	12586	12586	0.00466347
745	8	1487	1487	0.00874138
745	9	739	739	0.00395775
745	10	4894	4894	0.00687027
745	11	290	290	0.00139046
745	12	3833	3833	0.0083046
745	13	1231	1231	0.0157814
745	14	3190	3190	0.00524521
745	15	24203	24203	0.00344849
745	16	13	13	0.000114441
745	17	50256	50256	0
746	5	572	572	0.00498772
746	6	5478	5478	0.00172043
746	7	338	338	0.00244904
746	8	35618	35618	0.00669479
746	9	7051	7051	0.000988007
746	10	13	13	0.000328064
746	11	50256	50256	0
747	5	8506	8506	0.00149727
747	6	12201	12201	0.00203323
747	7	636	636	0.00163269
747	8	286	286	0.000207901
747	9	281	281	0.000259399
747	10	317	317	0.00361824
747	11	11693	11693	0.00316238
747	12	8952	8952	0.00287437
747	13	312	312	0.00465202
747	14	22035	22035	0.00336647
747	15	39490	39490	0.00593376
747	16	3641	3641	0.00650406
747	17	13	13	0
747	18	50256	50256	0
748	5	645	645	0.000904083
748	6	24012	24012	0.00794411
748	7	6143	6143	0.00340462
748	8	458	458	0.00133896
748	9	34387	34387	0.000930786
748	10	13	13	0.000110626
748	11	50256	50256	0
749	5	7667	7667	0.00430298
749	6	8701	8701	0.00373268
749	7	4447	4447	0.00446701
749	8	1043	1043	0.00341034
749	9	8384	8384	0.00511932
749	10	287	287	0.00210953
749	11	16519	16519	0.00444031
749	12	290	290	0.000759125
749	13	36421	36421	0.00408363
749	14	13	13	0
749	15	50256	50256	0
750	5	3473	3473	0.0179882
750	6	286	286	0.00018692
750	7	517	517	0.0244198
750	8	621	621	0.00451469
750	9	530	530	0.0151196
750	10	34371	34371	0.00676918
750	11	2438	2438	0.00503922
750	12	966	966	0.00540543
750	13	13	13	8.01086e-05
750	14	50256	50256	0
751	5	5640	5640	0.000915527
751	6	257	257	0.00111008
751	7	15554	15554	0.00575829
751	8	9030	9030	0.00158501
751	9	284	284	0.00019455
751	10	5587	5587	0.00537109
751	11	13042	13042	0.000598907
751	12	13	13	8.7738e-05
751	13	50256	50256	0
752	5	286	286	0.000846863
752	6	26742	26742	0.00342941
752	7	1626	1626	0.00303841
752	8	257	257	0.000217438
752	9	3704	3704	0.00487328
752	10	286	286	0.000320435
752	11	4898	4898	0.00227356
752	12	13	13	0.000209808
752	13	50256	50256	0
753	5	24603	24603	0.00477028
753	6	5440	5440	0.0031662
753	7	5140	5140	0.00342178
753	8	287	287	0.000293732
753	9	262	262	0.000255585
753	10	1388	1388	0.00416374
753	11	27460	27460	0.00716591
753	12	10999	10999	0.00768661
753	13	13	13	0.000179291
753	14	50256	50256	0
754	5	1657	1657	0.00152397
754	6	656	656	0.008564
754	7	7577	7577	0.011816
754	8	780	780	0.00614548
754	9	1180	1180	0.0133438
754	10	45656	45656	0.0209465
754	11	1006	1006	0.00852394
754	12	974	974	0.00772095
754	13	416	416	0.000934601
754	14	1180	1180	0.0116367
754	15	6867	6867	0.0182915
754	16	13	13	7.62939e-06
754	17	50256	50256	0
755	5	2785	2785	0.000282288
755	6	2568	2568	9.91821e-05
755	7	13	13	1.14441e-05
755	8	50256	50256	0
756	5	14568	14568	0.0179787
756	6	351	351	0.00062561
756	7	1180	1180	0.0129604
756	8	5951	5951	0.0136261
756	9	393	393	0.00400543
756	10	20160	20160	0.00802231
756	11	9695	9695	0.00131798
756	12	13	13	0
756	13	50256	50256	0
757	5	262	262	0.00166702
757	6	31877	31877	0.0436459
757	7	23648	23648	0.00483131
757	8	559	559	0.00382423
757	9	422	422	0.00195312
757	10	262	262	0.00030899
757	11	3942	3942	0.0240822
757	12	850	850	0.00295067
757	13	3642	3642	0.00196075
757	14	7233	7233	0.00135231
757	15	13	13	0
757	16	50256	50256	0
758	5	7408	7408	0.0128422
758	6	290	290	0.00507736
758	7	34616	34616	0.00699043
758	8	29120	29120	0.00344658
758	9	13	13	9.15527e-05
758	10	50256	50256	0
759	5	389	389	0.000400543
759	6	14921	14921	0.00336456
759	7	656	656	0.000219345
759	8	20144	20144	0.00237465
759	9	290	290	0.00140381
759	10	13439	13439	0.00200844
759	11	13	13	0
759	12	50256	50256	0
760	5	318	318	0.000839233
760	6	262	262	0.00123215
760	7	3139	3139	0.00337601
760	8	286	286	0.000366211
760	9	17333	17333	0.0110817
760	10	11	11	0.00192833
760	11	281	281	0.00474548
760	12	7022	7022	0.0107155
760	13	1499	1499	0.00739098
760	14	13	13	0
760	15	50256	50256	0
761	5	17008	17008	0.0072403
761	6	8811	8811	0.00702858
761	7	925	925	0.00522232
761	8	1262	1262	0.00564957
761	9	17797	17797	0.00744438
761	10	44749	44749	0.00560379
761	11	13	13	0.00012207
761	12	50256	50256	0
762	5	1962	1962	0.00112343
762	6	1142	1142	0.00172806
762	7	3970	3970	0.00264931
762	8	287	287	0.00050354
762	9	2882	2882	0.00779343
762	10	284	284	0.00135422
762	11	262	262	0.00276184
762	12	13471	13471	0.00534248
762	13	286	286	0.00019455
762	14	257	257	0.00693512
762	15	7897	7897	0.00629616
762	16	3240	3240	0.00215912
762	17	13	13	0
762	18	50256	50256	0
763	5	26371	26371	0.00316238
763	6	2100	2100	0.0020256
763	7	3800	3800	0.000770569
763	8	286	286	0.000102997
763	9	257	257	0.000537872
763	10	35113	35113	0.00389481
763	11	393	393	0.000524521
763	12	44400	44400	0.00144005
763	13	13	13	0.000148773
763	14	50256	50256	0
764	5	1978	1978	0.00304985
764	6	287	287	0.00186157
764	7	257	257	0.00997734
764	8	2266	2266	0.00964928
764	9	1140	1140	0.0130463
764	10	6317	6317	0.00378036
764	11	13	13	0
764	12	50256	50256	0
765	5	511	511	0.00331497
765	6	5667	5667	0.00583267
765	7	1141	1141	0.00261497
765	8	257	257	0.000160217
765	9	3218	3218	0.00916862
765	10	21819	21819	0.00285912
765	11	6772	6772	0.00458145
765	12	13	13	0.000495911
765	13	50256	50256	0
766	5	23638	23638	0.00239754
766	6	373	373	0.00384331
766	7	3170	3170	0.00111771
766	8	329	329	0.00151062
766	9	262	262	0.00159073
766	10	872	872	0.00547218
766	11	33766	33766	0.00155067
766	12	5311	5311	0.00213814
766	13	3046	3046	0.00168419
766	14	84	84	0.00315094
766	15	13	13	0
766	16	50256	50256	0
767	5	8833	8833	0.0119896
767	6	287	287	0.00344467
767	7	262	262	0.00463867
767	8	1402	1402	0.0130901
767	9	45426	45426	0.00535011
767	10	13	13	0
767	11	50256	50256	0
768	5	281	281	0.00278854
768	6	21670	21670	0.00486183
768	7	28287	28287	0.00412369
768	8	389	389	0.00164413
768	9	9518	9518	0.00294495
768	10	5667	5667	0.00110245
768	11	13	13	0
768	12	50256	50256	0
769	5	8573	8573	0.0016861
769	6	286	286	0.00104523
769	7	48573	48573	0.0028019
769	8	6134	6134	0.00165939
769	9	13	13	3.05176e-05
769	10	50256	50256	0
770	5	16613	16613	0.00461578
770	6	1626	1626	0.00287437
770	7	262	262	3.43323e-05
770	8	1692	1692	0.00442314
770	9	7721	7721	0.00173378
770	10	13	13	1.14441e-05
770	11	50256	50256	1.14441e-05
771	5	24927	24927	0.00318718
771	6	399	399	0.00091362
771	7	2306	2306	0.00135231
771	8	35815	35815	0.00122261
771	9	287	287	0.000293732
771	10	22381	22381	0.00233459
771	11	39255	39255	0.00066185
771	12	1004	1004	0.00247192
771	13	6120	6120	0.00104904
771	14	4698	4698	0.000358582
771	15	262	262	3.43323e-05
771	16	32306	32306	0.000947952
771	17	13	13	0
771	18	50256	50256	0
772	5	1657	1657	0.019001
772	6	26842	26842	0.0153484
772	7	618	618	0.00342941
772	8	340	340	0.0147514
772	9	14170	14170	0.00624847
772	10	257	257	0.00473976
772	11	1180	1180	0.0207062
772	12	13245	13245	0.00775528
772	13	2587	2587	0.00292969
772	14	379	379	0.00349808
772	15	281	281	0.00468826
772	16	9848	9848	0.0125275
772	17	13	13	0.000144958
772	18	50256	50256	0
773	5	351	351	0.000644684
773	6	663	663	0.0058651
773	7	16488	16488	0.00379944
773	8	37229	37229	0.00405884
773	9	2048	2048	0.00438118
773	10	656	656	0.00501251
773	11	262	262	5.72205e-05
773	12	6614	6614	0.00808144
773	13	286	286	0.000366211
773	14	663	663	0.00144386
773	15	13066	13066	0.00450325
773	16	13	13	0
773	17	50256	50256	0
774	5	286	286	0.000148773
774	6	14159	14159	0.00656509
774	7	287	287	0.00140381
774	8	262	262	5.72205e-05
774	9	18020	18020	0.00503349
774	10	6896	6896	0.00256538
774	11	13	13	9.15527e-05
774	12	50256	50256	0
775	5	3210	3210	0.00609589
775	6	4141	4141	0.00346947
775	7	12	12	0.00031662
775	8	2385	2385	0.00306511
775	9	863	863	0.00201607
775	10	6203	6203	0.00607872
775	11	468	468	0.00653839
775	12	15334	15334	0.00189018
775	13	12	12	0.000490189
775	14	11545	11545	0.00320053
775	15	4116	4116	0.00377655
775	16	13	13	0.000396729
775	17	50256	50256	0
776	5	318	318	0.00246429
776	6	262	262	0.00317764
776	7	640	640	0.0120716
776	8	2672	2672	0.00740242
776	9	329	329	0.00300598
776	10	2063	2063	0.015564
776	11	286	286	0.00118828
776	12	257	257	0.00210762
776	13	1588	1588	0.0113621
776	14	3265	3265	0.00697136
776	15	286	286	6.10352e-05
776	16	10411	10411	0.00460434
776	17	21354	21354	0.00225449
776	18	17751	17751	0.00516129
776	19	72	72	0.00577545
776	20	284	284	0.000347137
776	21	22119	22119	0.00232124
776	22	319	319	0.000160217
776	23	2811	2811	0.000888824
776	24	13	13	0
776	25	50256	50256	0
777	5	832	832	0.000207901
777	6	881	881	0.00283432
777	7	286	286	0.000110626
777	8	262	262	0.000244141
777	9	13009	13009	0.00405884
777	10	22329	22329	0.00161171
777	11	13	13	7.62939e-05
777	12	50256	50256	0
778	5	37546	37546	0.00832748
778	6	1767	1767	0.0051403
778	7	284	284	0.00249481
778	8	257	257	0.0019722
778	9	38427	38427	0.00691414
778	10	1767	1767	0.00103569
778	11	13	13	0.000133514
778	12	50256	50256	0
779	5	10017	10017	0.00518417
779	6	351	351	0.000841141
779	7	37414	37414	0.00782585
779	8	326	326	0.00141335
779	9	5419	5419	0.0037365
779	10	4180	4180	0.00528717
779	11	11192	11192	0.00333214
779	12	576	576	0.00180817
779	13	3386	3386	0.00217628
779	14	13	13	0
779	15	50256	50256	0
780	5	422	422	0.00492477
780	6	2587	2587	0.00612259
780	7	6427	6427	0.00958824
780	8	832	832	0.00446892
780	9	340	340	0.00349426
780	10	13	13	0.000930786
780	11	50256	50256	0
781	5	16882	16882	0.00502777
781	6	318	318	0.000370026
781	7	11172	11172	0.0136871
781	8	422	422	0.00094986
781	9	4376	4376	0.00822258
781	10	16649	16649	0.00265694
781	11	4291	4291	0.00295448
781	12	3348	3348	0.00405312
781	13	13	13	0
781	14	50256	50256	0
782	5	290	290	0.000490189
782	6	2962	2962	0.0123463
782	7	1657	1657	0.00469208
782	8	351	351	0.00513649
782	9	26929	26929	0.00369644
782	10	22353	22353	0.00170708
782	11	13	13	3.8147e-05
782	12	50256	50256	0
783	5	257	257	0.00118446
783	6	3992	3992	0.00234222
783	7	3188	3188	0.00308228
783	8	1262	1262	0.00146866
783	9	41485	41485	0.00138855
783	10	13	13	0
783	11	50256	50256	0
784	5	8850	8850	0.0157318
784	6	5931	5931	0.00627708
784	7	12737	12737	0.00557899
784	8	45075	45075	0.0100079
784	9	2472	2472	0.0124264
784	10	2347	2347	0.00238419
784	11	284	284	0.00575638
784	12	281	281	0.00900459
784	13	6275	6275	0.00629234
784	14	40874	40874	0.000707626
784	15	13	13	0
784	16	50256	50256	0
785	5	5563	5563	0.000991821
785	6	257	257	0.00187111
785	7	5405	5405	0.00907898
785	8	88	88	0.00545311
785	9	4417	4417	0.0128212
785	10	706	706	0.00723267
785	11	9645	9645	0.00510406
785	12	13	13	0.000339508
785	13	50256	50256	0
786	5	1103	1103	0.00830269
786	6	1271	1271	0.00730515
786	7	5260	5260	0.00847244
786	8	663	663	0.00296783
786	9	5253	5253	0.0113182
786	10	422	422	0.00223541
786	11	6632	6632	0.0120449
786	12	13	13	7.62939e-06
786	13	50256	50256	0
787	5	5679	5679	0.00107384
787	6	257	257	0.000875473
787	7	7002	7002	0.00328827
787	8	832	832	0.000637054
787	9	5783	5783	0.00565147
787	10	11	11	0.00131226
787	11	49893	49893	0.00376511
787	12	2870	2870	0.00312233
787	13	11	11	0.000175476
787	14	290	290	0.000652313
787	15	20494	20494	0.00131607
787	16	13	13	3.8147e-06
787	17	50256	50256	0
788	5	422	422	0.00990295
788	6	262	262	0.00198364
788	7	14707	14707	0.012289
788	8	4755	4755	0.00317192
788	9	286	286	0.00012207
788	10	257	257	0.00315666
788	11	4858	4858	0.00280571
788	12	3491	3491	0.00193024
788	13	13	13	2.67029e-05
788	14	50256	50256	0
789	5	318	318	0.00226974
789	6	7685	7685	0.00537872
789	7	3194	3194	0.00327682
789	8	281	281	0.00422668
789	9	19318	19318	0.0130653
789	10	1015	1015	0.00341225
789	11	2029	2029	0.00249481
789	12	663	663	0.00127602
789	13	22655	22655	0.00545502
789	14	7078	7078	0.00325012
789	15	13	13	0
789	16	50256	50256	0
790	5	48862	48862	0.00967598
790	6	485	485	0.00555229
790	7	272	272	0.000944138
790	8	6614	6614	0.00281334
790	9	1239	1239	0.00352859
790	10	36177	36177	0.00154877
790	11	13	13	1.90735e-05
790	12	50256	50256	0
791	5	5822	5822	0.00548172
791	6	286	286	0.00037384
791	7	6156	6156	0.00476646
791	8	25942	25942	0.00387192
791	9	261	261	0.00202942
791	10	13	13	1.14441e-05
791	11	50256	50256	0
792	5	6203	6203	0.0108204
792	6	1262	1262	0.00319481
792	7	18018	18018	0.0122013
792	8	326	326	0.00707817
792	9	8181	8181	0.0115166
792	10	422	422	0.00030899
792	11	4025	4025	0.0185356
792	12	6493	6493	0.00472832
792	13	18018	18018	0.00618172
792	14	13	13	0
792	15	50256	50256	0
793	5	787	787	0.000543594
793	6	510	510	0.00602531
793	7	262	262	0.000564575
793	8	4318	4318	0.0198917
793	9	10927	10927	0.00221062
793	10	1080	1080	0.000492096
793	11	13	13	0.000114441
793	12	50256	50256	0
794	5	262	262	0.00202942
794	6	7446	7446	0.0288734
794	7	287	287	0.00121307
794	8	257	257	0.0121384
794	9	7226	7226	0.0321884
794	10	5044	5044	0.00844193
794	11	2685	2685	0.0116978
794	12	13	13	0.00043869
794	13	50256	50256	0
795	5	3623	3623	0.0135784
795	6	2458	2458	0.0117512
795	7	656	656	0.00907898
795	8	257	257	0.00151443
795	9	8122	8122	0.00527954
795	10	13	13	3.8147e-06
795	11	50256	50256	2.67029e-05
796	5	45636	45636	0.00395012
796	6	15027	15027	0.00362396
796	7	318	318	0.00110626
796	8	284	284	0.00104904
796	9	25432	25432	0.00637245
796	10	5207	5207	0.00304794
796	11	656	656	0.00575066
796	12	257	257	0.00503922
796	13	1844	1844	0.00565147
796	14	4286	4286	0.00252914
796	15	393	393	0.00156593
796	16	5485	5485	0.00847435
796	17	13	13	0.000278473
796	18	50256	50256	0
797	5	625	625	0.000417709
797	6	281	281	0.000202179
797	7	1989	1989	0.00323677
797	8	13	13	0.0001297
797	9	50256	50256	0
798	5	318	318	0.00341415
798	6	783	783	0.010725
798	7	1900	1900	0.00376511
798	8	355	355	0.00213242
798	9	25299	25299	0.00601196
798	10	13	13	0.000385284
798	11	50256	50256	0
799	5	7679	7679	0.000307083
799	6	42909	42909	0.00838089
799	7	881	881	0.00138283
799	8	286	286	3.8147e-05
799	9	262	262	0.00171661
799	10	3825	3825	0.000640869
799	11	338	338	0.00128365
799	12	13568	13568	0.010107
799	13	49961	49961	0.00231934
799	14	11881	11881	0.00157547
799	15	13	13	0
799	16	50256	50256	0
800	5	307	307	0.00469971
800	6	9086	9086	0.00874329
800	7	656	656	0.00346756
800	8	2237	2237	0.00435257
800	9	1602	1602	0.00324059
800	10	14796	14796	0.00290871
800	11	44360	44360	0.000986099
800	12	13	13	0
800	13	50256	50256	0
801	5	287	287	6.10352e-05
801	6	2800	2800	0.00413322
801	7	351	351	0.00161552
801	8	262	262	0.00361443
801	9	2323	2323	0.00690651
801	10	13	13	0
801	11	50256	50256	0
802	5	1351	1351	0.00316238
802	6	318	318	0.000484467
802	7	663	663	0.00338173
802	8	3504	3504	0.00466156
802	9	1988	1988	0.0080204
802	10	393	393	0.00519371
802	11	262	262	0.000617981
802	12	1612	1612	0.0150566
802	13	286	286	0.0026741
802	14	663	663	0.00285339
802	15	734	734	0.0217018
802	16	3504	3504	0.00424767
802	17	3815	3815	0.00963974
802	18	13	13	0
802	19	50256	50256	0
803	5	49586	49586	0.000263214
803	6	422	422	0.000118256
803	7	257	257	0.000209808
803	8	781	781	0.000619888
803	9	7241	7241	0.00155449
803	10	7679	7679	0.000574112
803	11	1022	1022	0.00028038
803	12	6228	6228	0.00303268
803	13	15747	15747	0.00212669
803	14	13	13	0
803	15	50256	50256	0
804	5	12834	12834	0.00195885
804	6	8811	8811	0.00125885
804	7	925	925	0.00155449
804	8	422	422	0.000707626
804	9	6147	6147	0.00152016
804	10	477	477	0.0032177
804	11	19417	19417	0.00160408
804	12	13	13	5.72205e-05
804	13	50256	50256	0
805	5	402	402	0.000705719
805	6	724	724	0.00217056
805	7	1428	1428	0.00151253
805	8	284	284	0.000324249
805	9	406	406	0.00312805
805	10	359	359	0.00462914
805	11	541	541	0.00131607
805	12	315	315	0.00546837
805	13	287	287	0.000179291
805	14	402	402	0.00785637
805	15	724	724	0.0039463
805	16	1428	1428	0.00205612
805	17	338	338	0.0008564
805	18	48899	48899	0.00162315
805	19	13	13	1.90735e-05
805	20	50256	50256	3.8147e-06
806	5	4326	4326	0.00436592
806	6	329	329	0.00180244
806	7	2033	2033	0.00494576
806	8	286	286	0.00204086
806	9	9136	9136	0.0132008
806	10	13	13	0
806	11	50256	50256	0
807	5	3318	3318	0.00186348
807	6	1060	1060	0.00341225
807	7	276	276	0.00301933
807	8	4823	4823	0.00553513
807	9	1231	1231	0.00375557
807	10	16006	16006	0.004282
807	11	13	13	6.48499e-05
807	12	50256	50256	0
808	5	832	832	0.00629425
808	6	257	257	0.00402069
808	7	1429	1429	0.00345612
808	8	1444	1444	0.0012188
808	9	1007	1007	0.00202751
808	10	10514	10514	0.00103188
808	11	13	13	2.28882e-05
808	12	50256	50256	0
809	5	318	318	0.0004673
809	6	5447	5447	0.00330544
809	7	284	284	0.000190735
809	8	307	307	0.00186157
809	9	530	530	0.00101662
809	10	13	13	9.91821e-05
809	11	50256	50256	0
810	5	19780	19780	0.0218029
810	6	5822	5822	0.0133114
810	7	318	318	0.00493431
810	8	7384	7384	0.0069809
810	9	290	290	0.00178146
810	10	645	645	0.0052948
810	11	2742	2742	0.00460815
810	12	1445	1445	0.00225449
810	13	460	460	0.00462532
810	14	4781	4781	0.00865364
810	15	262	262	0.00123596
810	16	1368	1368	0.00170326
810	17	13	13	0.000139236
810	18	50256	50256	0
811	5	4166	4166	0.0011425
811	6	257	257	0.000205994
811	7	1409	1409	0.00928688
811	8	540	540	0.00482368
811	9	12	12	0.00112534
811	10	28469	28469	0.00473213
811	11	12	12	0.000228882
811	12	4906	4906	0.0033741
811	13	13570	13570	0.00411415
811	14	1080	1080	0.00210571
811	15	287	287	0.00111389
811	16	5515	5515	0.00710106
811	17	20283	20283	0.00150871
811	18	12	12	0.000720978
811	19	14792	14792	0.00197983
811	20	2031	2031	0.000715256
811	21	13	13	0.000289917
811	22	50256	50256	0.000156403
812	5	503	503	0.0038166
812	6	416	416	0.00268364
812	7	2344	2344	0.00679779
812	8	11	11	0.00113678
812	9	19435	19435	0.0141335
812	10	11	11	0.000648499
812	11	10087	10087	0.0242233
812	12	11	11	9.15527e-05
812	13	393	393	0.00738716
812	14	584	584	0.014431
812	15	4695	4695	0.00609398
812	16	13	13	0
812	17	50256	50256	0
813	5	290	290	0.000221252
813	6	423	423	0.000329971
813	7	511	511	0.000795364
813	8	898	898	0.00152016
813	9	14599	14599	0.00255585
813	10	44935	44935	0.00159645
813	11	8573	8573	0.000905991
813	12	13	13	0
813	13	50256	50256	0
814	5	1660	1660	0.00577545
814	6	338	338	0.00251198
814	7	23708	23708	0.00818634
814	8	1029	1029	0.00455093
814	9	24372	24372	0.0086174
814	10	966	966	0.00240898
814	11	3688	3688	0.00382614
814	12	351	351	0.00247192
814	13	2092	2092	0.0104256
814	14	12	12	0.0023613
814	15	13982	13982	0.00937462
814	16	17745	17745	0.00529861
814	17	13	13	0.000144958
814	18	50256	50256	0
815	5	3984	3984	0.000566483
815	6	5679	5679	0.000436783
815	7	10439	10439	0.00173378
815	8	286	286	6.48499e-05
815	9	262	262	8.01086e-05
815	10	9842	9842	0.000921249
815	11	437	437	0.000747681
815	12	544	544	0.000801086
815	13	1641	1641	0.00509834
815	14	13	13	0.000339508
815	15	50256	50256	0
816	5	8638	8638	0.00315475
816	6	2587	2587	0.00146675
816	7	422	422	0.000724792
816	8	530	530	0.0156288
816	9	4067	4067	0.021368
816	10	284	284	0.00214386
816	11	1194	1194	0.0147457
816	12	13	13	6.10352e-05
816	13	50256	50256	0
817	5	9315	9315	0.00589371
817	6	6404	6404	0.00186539
817	7	859	859	0.00220299
817	8	389	389	0.000738144
817	9	10730	10730	0.000808716
817	10	13	13	3.05176e-05
817	11	50256	50256	9.53674e-05
818	5	3867	3867	0.00183487
818	6	1633	1633	0.000181198
818	7	13	13	0
818	8	50256	50256	0
819	5	1232	1232	0.00999451
819	6	2454	2454	0.00323486
819	7	1641	1641	0.00241852
819	8	2138	2138	0.00147438
819	9	621	621	0.00273895
819	10	262	262	0.00405502
819	11	5509	5509	0.00978661
819	12	6701	6701	0.00589943
819	13	1448	1448	0.00305557
819	14	13	13	0
819	15	50256	50256	0
820	5	2134	2134	0.026722
820	6	319	319	0.0113449
820	7	1194	1194	0.021244
820	8	468	468	0.011734
820	9	281	281	0.0283775
820	10	4961	4961	0.0188293
820	11	290	290	0.00450134
820	12	6697	6697	0.0499592
820	13	5212	5212	0.00651932
820	14	2700	2700	0.00377464
820	15	13	13	0
820	16	50256	50256	0
821	5	318	318	0.000711441
821	6	1900	1900	0.000904083
821	7	329	329	0.000465393
821	8	44741	44741	0.004282
821	9	11527	11527	0.00227165
821	10	21641	21641	0.00481796
821	11	13	13	0.000659943
821	12	50256	50256	0
822	5	2420	2420	0.00764656
822	6	2915	2915	0.0037117
822	7	287	287	0.00106812
822	8	543	543	0.00833321
822	9	14390	14390	0.00499344
822	10	1296	1296	0.00156784
822	11	4263	4263	0.00888443
822	12	393	393	0.00333786
822	13	7572	7572	0.00827599
822	14	13	13	0.000232697
822	15	50256	50256	0
823	5	1660	1660	0.0108509
823	6	832	832	0.0241356
823	7	511	511	0.012701
823	8	308	308	0.0154781
823	9	2171	2171	0.00569534
823	10	13	13	0.000148773
823	11	50256	50256	0
824	5	5822	5822	0.0160542
824	6	290	290	0.00256729
824	7	257	257	0.00115585
824	8	10929	10929	0.0291882
824	9	1141	1141	0.00551224
824	10	257	257	0.00118256
824	11	2060	2060	0.0109482
824	12	19780	19780	0.0105038
824	13	1445	1445	0.0130844
824	14	13	13	0
824	15	50256	50256	0
825	5	416	416	0.000431061
825	6	38797	38797	0.00362206
825	7	278	278	0.00248909
825	8	17797	17797	0.00437164
825	9	44749	44749	0.00675392
825	10	351	351	0.00112152
825	11	257	257	0.000898361
825	12	15936	15936	0.00376892
825	13	3968	3968	0.000972748
825	14	13	13	7.62939e-05
825	15	50256	50256	0
826	5	1111	1111	0.00735664
826	6	21506	21506	0.00849533
826	7	290	290	0.000667572
826	8	25794	25794	0.00761414
826	9	13	13	0.000225067
826	10	50256	50256	0
827	5	393	393	0.00281525
827	6	27756	27756	0.0274754
827	7	351	351	0.00162506
827	8	257	257	0.00480652
827	9	2010	2010	0.0152321
827	10	5186	5186	0.00449753
827	11	3877	3877	0.00572205
827	12	13	13	0
827	13	50256	50256	0
828	5	2401	2401	0.00318336
828	6	2879	2879	0.00275993
828	7	900	900	0.00831223
828	8	11	11	0.000936508
828	9	1123	1123	0.00500488
828	10	886	886	0.0102329
828	11	286	286	0.000873566
828	12	257	257	0.001194
828	13	17763	17763	0.0140705
828	14	2523	2523	0.00159836
828	15	257	257	0.000892639
828	16	1271	1271	0.0108833
828	17	422	422	0.00206757
828	18	6632	6632	0.0149593
828	19	832	832	0.00338554
828	20	2237	2237	0.0192471
828	21	13	13	0.000364304
828	22	50256	50256	0
829	5	496	496	0.00283432
829	6	6204	6204	0.00613594
829	7	1474	1474	0.0033989
829	8	1944	1944	0.00257683
829	9	12	12	0.00226593
829	10	820	820	0.00461388
829	11	25266	25266	0.00118446
829	12	13	13	3.8147e-06
829	13	50256	50256	0
830	5	262	262	0.00117493
830	6	45656	45656	0.0149536
830	7	286	286	0.000801086
830	8	1657	1657	0.0068779
830	9	11300	11300	0.00626945
830	10	1022	1022	0.00117874
830	11	12899	12899	0.00775337
830	12	27982	27982	0.00270081
830	13	13	13	0
830	14	50256	50256	0
831	5	36288	36288	0.00128555
831	6	423	423	0.000762939
831	7	42014	42014	0.0049057
831	8	307	307	0.00163841
831	9	4730	4730	0.00158691
831	10	13	13	8.01086e-05
831	11	50256	50256	0
832	5	21001	21001	0.00162506
832	6	5385	5385	0.00187111
832	7	5563	5563	0.00170898
832	8	287	287	0.000289917
832	9	4320	4320	0.00234604
832	10	2339	2339	0.00141716
832	11	14752	14752	0.0021286
832	12	13	13	7.24792e-05
832	13	50256	50256	0
833	5	12070	12070	0.00110245
833	6	35901	35901	0.00285721
833	7	12	12	0.00169373
833	8	16760	16760	0.00320053
833	9	8849	8849	0.00389671
833	10	656	656	0.000881195
833	11	21558	21558	0.00521088
833	12	284	284	0.00235367
833	13	3551	3551	0.00765419
833	14	269	269	0.00240898
833	15	1726	1726	0.00148773
833	16	6933	6933	0.000318527
833	17	13	13	1.52588e-05
833	18	50256	50256	0
834	5	4888	4888	0.00102425
834	6	416	416	0.000404358
834	7	3644	3644	0.00274658
834	8	4056	4056	0.000453949
834	9	13	13	0.000123978
834	10	50256	50256	0
835	5	2700	2700	0.00165939
835	6	832	832	0.00169754
835	7	1803	1803	0.0015583
835	8	44796	44796	0.00123405
835	9	8122	8122	0.00360489
835	10	13	13	0
835	11	50256	50256	7.62939e-06
836	5	3877	3877	0.00153542
836	6	11	11	0.00281334
836	7	981	981	0.00263786
836	8	1237	1237	0.0106659
836	9	684	684	0.00686264
836	10	3283	3283	0.00457764
836	11	3967	3967	0.00231361
836	12	5186	5186	0.00349617
836	13	3877	3877	0.000619888
836	14	13	13	0
836	15	50256	50256	0
837	5	2524	2524	0.000576019
837	6	287	287	0.00018692
837	7	1944	1944	0.000648499
837	8	12	12	0.000255585
837	9	820	820	0.000864029
837	10	7648	7648	0.000478745
837	11	13	13	7.62939e-06
837	12	50256	50256	0
838	5	286	286	0.000362396
838	6	20422	20422	0.0111847
838	7	11	11	0.000679016
838	8	257	257	0.00347519
838	9	46909	46909	0.00693703
838	10	38656	38656	0.00493431
838	11	318	318	0.000324249
838	12	10090	10090	0.00537491
838	13	355	355	0.00260544
838	14	257	257	0.0119705
838	15	4898	4898	0.00671196
838	16	7972	7972	0.0132103
838	17	8875	8875	0.00977516
838	18	13	13	0.000183105
838	19	50256	50256	0
839	5	15061	15061	0.0274029
839	6	8811	8811	0.0276413
839	7	21126	21126	0.0321178
839	8	656	656	0.00714493
839	9	257	257	0.00627708
839	10	8234	8234	0.0206261
839	11	13	13	0
839	12	50256	50256	0
840	5	1660	1660	0.00183296
840	6	20199	20199	0.00551224
840	7	18190	18190	0.00421333
840	8	4291	4291	0.00165176
840	9	4771	4771	0.00548172
840	10	24770	24770	0.0062027
840	11	287	287	0.00214767
840	12	15114	15114	0.00332642
840	13	13	13	0.000167847
840	14	50256	50256	0
841	5	663	663	0.00540543
841	6	35988	35988	0.00955009
841	7	11904	11904	0.00969696
841	8	290	290	0.00131989
841	9	318	318	0.00301552
841	10	407	407	0.00492477
841	11	257	257	0.00371933
841	12	8701	8701	0.00783539
841	13	13	13	0
841	14	50256	50256	0
842	5	71	71	0.00130272
842	6	36417	36417	0.00284195
842	7	287	287	9.91821e-05
842	8	6156	6156	0.00233841
842	9	14937	14937	0.00297546
842	10	43372	43372	0.00326729
842	11	321	321	0.00357628
842	12	666	666	0.00219154
842	13	13399	13399	0.00194168
842	14	13	13	7.62939e-06
842	15	50256	50256	0
843	5	2081	2081	0.00273514
843	6	284	284	0.000564575
843	7	3991	3991	0.0500679
843	8	290	290	0.0013237
843	9	3991	3991	0.0390148
843	10	284	284	0.00100708
843	11	2081	2081	0.0629959
843	12	13	13	0
843	13	50256	50256	0
844	5	6268	6268	0.00124168
844	6	2173	2173	0.00427437
844	7	3812	3812	0.00311852
844	8	262	262	0.00120926
844	9	9197	9197	0.00544167
844	10	338	338	0.00236893
844	11	3641	3641	0.0070591
844	12	13	13	0.000659943
844	13	50256	50256	0
845	5	17467	17467	0.000808716
845	6	382	382	0.00183868
845	7	2722	2722	0.000869751
845	8	262	262	1.14441e-05
845	9	20715	20715	0.00179863
845	10	15895	15895	0.000476837
845	11	287	287	0.000137329
845	12	33818	33818	0.00256538
845	13	287	287	0.000160217
845	14	35145	35145	0.00170326
845	15	13	13	0
845	16	50256	50256	0
846	5	44543	44543	0.0115776
846	6	4144	4144	0.00275612
846	7	16083	16083	0.00305939
846	8	925	925	0.00245285
846	9	422	422	0.000930786
846	10	7545	7545	0.0073967
846	11	13	13	0.00129318
846	12	50256	50256	0
847	5	2033	2033	0.00534248
847	6	286	286	7.62939e-05
847	7	1660	1660	0.00119019
847	8	20199	20199	0.00654221
847	9	287	287	0.00237656
847	10	1633	1633	0.00541496
847	11	351	351	0.00127602
847	12	663	663	0.00404167
847	13	36275	36275	0.0105057
847	14	2033	2033	0.00325966
847	15	379	379	0.00376129
847	16	262	262	0.000518799
847	17	976	976	0.00415611
847	18	5951	5951	0.00278854
847	19	13	13	0.00111008
847	20	50256	50256	0
848	5	976	976	0.010479
848	6	12234	12234	0.00440788
848	7	1988	1988	0.00616264
848	8	11	11	0.00474167
848	9	257	257	0.0033226
848	10	3074	3074	0.0139122
848	11	1444	1444	0.004673
848	12	257	257	0.00279808
848	13	17661	17661	0.0126305
848	14	13	13	0.000339508
848	15	50256	50256	0
849	5	1205	1205	0.00209999
849	6	287	287	0.000865936
849	7	5055	5055	0.004179
849	8	393	393	0.000513077
849	9	3105	3105	0.00427246
849	10	12	12	0.000751495
849	11	31462	31462	0.00109291
849	12	1660	1660	0.000490189
849	13	13	13	0
849	14	50256	50256	0
850	5	656	656	0.00247574
850	6	257	257	0.000125885
850	7	8122	8122	0.00385666
850	8	13	13	2.28882e-05
850	9	50256	50256	0.000492096
851	5	10384	10384	0.00419617
851	6	284	284	0.000221252
851	7	262	262	1.52588e-05
851	8	6156	6156	0.00149536
851	9	15433	15433	0.00461388
851	10	6959	6959	0.00203896
851	11	286	286	0.000591278
851	12	2011	2011	0.00217819
851	13	66	66	0.00212479
851	14	268	268	0.00856209
851	15	3609	3609	0.00244713
851	16	13	13	5.14984e-05
851	17	50256	50256	0
852	5	27602	27602	0.00290871
852	6	1084	1084	0.00165749
852	7	515	515	0.00137329
852	8	290	290	0.00125885
852	9	16577	16577	0.00336838
852	10	284	284	0.000595093
852	11	4439	4439	0.00276184
852	12	26868	26868	0.00204277
852	13	13	13	0.000104904
852	14	50256	50256	0
853	5	319	319	0.00120926
853	6	262	262	0.000480652
853	7	4013	4013	0.00326538
853	8	25986	25986	0.00138855
853	9	34603	34603	0.000652313
853	10	21891	21891	0.00275612
853	11	13	13	0.000553131
853	12	50256	50256	0
854	5	36140	36140	0.0163517
854	6	11	11	0.000589371
854	7	281	281	0.00183105
854	8	19318	19318	0.0219231
854	9	1015	1015	0.00333786
854	10	318	318	0.000167847
854	11	9086	9086	0.0122051
854	12	656	656	0.0041008
854	13	14104	14104	0.018425
854	14	4961	4961	0.00852966
854	15	5026	5026	0.00569725
854	16	49644	49644	0.00149536
854	17	4831	4831	0.000574112
854	18	13	13	7.62939e-06
854	19	50256	50256	0
855	5	2081	2081	0.00622368
855	6	11135	11135	0.00590897
855	7	1043	1043	0.00875664
855	8	287	287	0.00181961
855	9	48573	48573	0.0122776
855	10	6134	6134	0.0038662
855	11	13	13	0.000827789
855	12	50256	50256	0
856	5	1371	1371	0.00123787
856	6	617	617	0.00227547
856	7	1321	1321	0.00148582
856	8	422	422	0.00494766
856	9	262	262	0.000453949
856	10	2656	2656	0.00649071
856	11	1366	1366	0.00231552
856	12	13	13	0
856	13	50256	50256	0
857	5	83	83	0.00194168
857	6	270	270	0.00158691
857	7	9620	9620	0.00196457
857	8	287	287	0.000722885
857	9	262	262	8.01086e-05
857	10	614	614	0.0012455
857	11	1315	1315	0.000642776
857	12	2481	2481	0.000421524
857	13	13	13	3.8147e-06
857	14	50256	50256	0
858	5	1011	1011	0.00310898
858	6	262	262	0.00163651
858	7	2910	2910	0.00453377
858	8	13840	13840	0.00540352
858	9	2622	2622	0.00440025
858	10	416	416	0.00075531
858	11	867	867	0.00634003
858	12	4693	4693	0.00231743
858	13	329	329	0.00234795
858	14	5935	5935	0.00444221
858	15	3227	3227	0.00206757
858	16	13	13	2.28882e-05
858	17	50256	50256	0
859	5	338	338	0.00038147
859	6	8137	8137	0.0124931
859	7	42909	42909	0.00930023
859	8	2266	2266	0.0212498
859	9	1657	1657	0.00486374
859	10	290	290	0.00381851
859	11	22625	22625	0.00795364
859	12	284	284	0.0033989
859	13	663	663	0.00622749
859	14	4171	4171	0.0156803
859	15	5585	5585	0.00128174
859	16	13	13	2.28882e-05
859	17	50256	50256	0
860	5	281	281	0.00685692
860	6	16295	16295	0.0346107
860	7	6140	6140	0.0033989
860	8	318	318	0.00228882
860	9	1444	1444	0.000244141
860	10	663	663	0.00431252
860	11	2962	2962	0.0123863
860	12	13	13	0
860	13	50256	50256	0
861	5	418	418	0.00203323
861	6	389	389	0.00256157
861	7	262	262	0.000793457
861	8	734	734	0.004282
861	9	1402	1402	0.00387383
861	10	31093	31093	0.00413132
861	11	286	286	0.000797272
861	12	8706	8706	0.00351334
861	13	13	13	0
861	14	50256	50256	0
862	5	12622	12622	0.000778198
862	6	45738	45738	0.00120735
862	7	287	287	0.00012207
862	8	607	607	0.0020504
862	9	5337	5337	0.00317192
862	10	45738	45738	0.00162506
862	11	13	13	0
862	12	50256	50256	0
863	5	3395	3395	0.00191879
863	6	37670	37670	0.00105286
863	7	5958	5958	0.0037899
863	8	6140	6140	0.00248528
863	9	351	351	0.00151062
863	10	8547	8547	0.00288963
863	11	273	273	0.00356483
863	12	3409	3409	0.00112724
863	13	11400	11400	0.00103378
863	14	338	338	0.000232697
863	15	11359	11359	0.000984192
863	16	13389	13389	0.000349045
863	17	13	13	0
863	18	50256	50256	0
864	5	460	460	0.00606728
864	6	307	307	0.0103645
864	7	7042	7042	0.00674057
864	8	416	416	0.00344467
864	9	4375	4375	0.00462151
864	10	262	262	0.00222397
864	11	734	734	0.0139179
864	12	18148	18148	0.00619125
864	13	2846	2846	0.00538063
864	14	284	284	0.000499725
864	15	7330	7330	0.0118752
864	16	262	262	0.00263977
864	17	1306	1306	0.00151443
864	18	3381	3381	0.00107193
864	19	13	13	4.95911e-05
864	20	50256	50256	0
865	5	11880	11880	0.00117302
865	6	5419	5419	0.00177002
865	7	340	340	0.000757217
865	8	2834	2834	0.00274849
865	9	5667	5667	0.00144196
865	10	422	422	0.000831604
865	11	13737	13737	0.00776672
865	12	13	13	0
865	13	50256	50256	0
866	5	6903	6903	0.00967598
866	6	318	318	0.00193214
866	7	281	281	0.0026207
866	8	37287	37287	0.00444031
866	9	9814	9814	0.0014267
866	10	15763	15763	0.000497818
866	11	13	13	2.67029e-05
866	12	50256	50256	0
867	5	78	78	0.00210953
867	6	318	318	0.00289536
867	7	4888	4888	0.012291
867	8	416	416	0.00208664
867	9	16256	16256	0.0137577
867	10	11	11	0.00685501
867	11	15336	15336	0.00288773
867	12	11	11	0.000644684
867	13	290	290	0.000534058
867	14	46070	46070	0.0066967
867	15	72	72	0.00304794
867	16	13	13	0.000278473
867	17	50256	50256	0
868	5	19435	19435	0.000648499
868	6	351	351	0.000720978
868	7	9518	9518	0.0028038
868	8	5667	5667	0.000612259
868	9	13	13	0.000125885
868	10	50256	50256	0
869	5	547	547	0.00154877
869	6	14212	14212	0.00296211
869	7	1748	1748	0.00168228
869	8	12	12	0.00294304
869	9	27219	27219	0.0123024
869	10	287	287	0.000331879
869	11	6156	6156	0.00543404
869	12	10315	10315	0.00458908
869	13	13	13	0
869	14	50256	50256	0
870	5	832	832	0.00282097
870	6	262	262	0.00706863
870	7	11963	11963	0.0211639
870	8	3356	3356	0.00475311
870	9	286	286	1.90735e-05
870	10	257	257	0.00728989
870	11	11711	11711	0.0120277
870	12	13	13	0.000457764
870	13	50256	50256	0
871	5	3170	3170	0.001194
871	6	416	416	0.00356293
871	7	262	262	0.00111771
871	8	3457	3457	0.00873947
871	9	292	292	0.00283241
871	10	287	287	0.00088501
871	11	262	262	0.00019455
871	12	843	843	0.00287247
871	13	274	274	0.00312614
871	14	21124	21124	0.00387764
871	15	13	13	0
871	16	50256	50256	0
872	5	1729	1729	0.00632477
872	6	4164	4164	0.00680923
872	7	18196	18196	0.00862885
872	8	5002	5002	0.00773811
872	9	326	326	0.00308418
872	10	318	318	0.00491905
872	11	8122	8122	0.0192471
872	12	379	379	1.90735e-05
872	13	8850	8850	0.0210152
872	14	2119	2119	0.00391769
872	15	5951	5951	0.00183296
872	16	13	13	0
872	17	50256	50256	0
873	5	286	286	0.000198364
873	6	28722	28722	0.00182152
873	7	287	287	0.000545502
873	8	257	257	0.00473022
873	9	5931	5931	0.00148582
873	10	6317	6317	0.0023098
873	11	13	13	2.28882e-05
873	12	50256	50256	0
874	5	10947	10947	0.00275612
874	6	4046	4046	0.000833511
874	7	422	422	0.000282288
874	8	7346	7346	0.00104523
874	9	27149	27149	0.000656128
874	10	13	13	0
874	11	50256	50256	0
875	5	973	973	0.000192642
875	6	329	329	0.000295639
875	7	35788	35788	0.00104523
875	8	4263	4263	0.000263214
875	9	13	13	0
875	10	50256	50256	0
876	5	27458	27458	0.00683212
876	6	12	12	0.00109863
876	7	11487	11487	0.0137386
876	8	1448	1448	0.00468254
876	9	1690	1690	0.0101185
876	10	423	423	0.0152187
876	11	2092	2092	0.0138855
876	12	5931	5931	0.00894737
876	13	6608	6608	0.00451279
876	14	13	13	4.95911e-05
876	15	50256	50256	0
877	5	7306	7306	0.341665
877	6	3623	3623	0.0104828
877	7	379	379	0.0171814
877	8	6937	6937	0.0173492
877	9	5951	5951	0.00659943
877	10	11	11	0.00166321
877	11	3833	3833	0.0150795
877	12	5732	5732	0.00837708
877	13	355	355	0.00805283
877	14	6115	6115	0.00491905
877	15	20638	20638	0.00112534
877	16	13	13	0
877	17	50256	50256	0
878	5	1588	1588	0.00845718
878	6	6903	6903	0.00989151
878	7	286	286	0.00156975
878	8	2258	2258	0.00642776
878	9	5478	5478	0.00778008
878	10	13	13	0.000553131
878	11	50256	50256	0
879	5	42909	42909	0.00387764
879	6	2568	2568	0.0063324
879	7	422	422	0.00531006
879	8	663	663	0.00185204
879	9	21334	21334	0.000442505
879	10	13	13	0
879	11	50256	50256	0
880	5	7714	7714	0.00438309
880	6	3170	3170	0.00344849
880	7	1231	1231	0.00244904
880	8	29871	29871	0.00144005
880	9	13	13	3.8147e-06
880	10	50256	50256	0
881	5	262	262	0.000156403
881	6	21189	21189	0.00791931
881	7	21226	21226	0.00118828
881	8	286	286	0.000236511
881	9	867	867	0.00193596
881	10	4903	4903	0.0102253
881	11	694	694	0.00362587
881	12	418	418	0.00255966
881	13	1037	1037	0.00272369
881	14	606	606	0.00368118
881	15	36331	36331	0.00427055
881	16	284	284	0.000705719
881	17	16649	16649	0.00598526
881	18	13	13	2.67029e-05
881	19	50256	50256	0
882	5	22421	22421	0.00187683
882	6	3025	3025	0.00436974
882	7	7531	7531	0.00695419
882	8	19998	19998	0.00829124
882	9	423	423	0.00540733
882	10	257	257	0.00529289
882	11	8064	8064	0.00296593
882	12	286	286	0.000148773
882	13	734	734	0.00542641
882	14	284	284	0.003479
882	15	530	530	0.00723839
882	16	13	13	2.09808e-05
882	17	50256	50256	0
883	5	2010	2010	0.00331497
883	6	5186	5186	0.00622559
883	7	3877	3877	0.00339699
883	8	13	13	0.000217438
883	9	50256	50256	0
884	5	11	11	0.000183105
884	6	290	290	0.000183105
884	7	21813	21813	0.00329781
884	8	4166	4166	0.00139999
884	9	422	422	0.000549316
884	10	9133	9133	0.00119591
884	11	20328	20328	0.00108719
884	12	13	13	0
884	13	50256	50256	0
885	5	326	326	0.00702286
885	6	257	257	0.00230217
885	7	12649	12649	0.00415039
885	8	460	460	0.00296402
885	9	12260	12260	0.00173759
885	10	3264	3264	0.00195122
885	11	13	13	3.05176e-05
885	12	50256	50256	0
886	5	286	286	8.01086e-05
886	6	10529	10529	0.00229454
886	7	893	893	0.000747681
886	8	325	325	0.000663757
886	9	385	385	0.000333786
886	10	287	287	6.48499e-05
886	11	262	262	0.000125885
886	12	28032	28032	0.00163841
886	13	13	13	7.24792e-05
886	14	50256	50256	0
887	5	2431	2431	0.000394821
887	6	13	13	5.72205e-05
887	7	50256	50256	0
888	5	11	11	0.000675201
888	6	543	543	0.00374222
888	7	5419	5419	0.00326347
888	8	262	262	0.00150299
888	9	1767	1767	0.00170326
888	10	16274	16274	0.00160408
888	11	27997	27997	0.000413895
888	12	13	13	0
888	13	50256	50256	0
889	5	16704	16704	0.00101471
889	6	279	279	0.00314331
889	7	2150	2150	0.00391579
889	8	1387	1387	0.0020237
889	9	422	422	0.00122452
889	10	18577	18577	0.00143623
889	11	33694	33694	0.00155258
889	12	11904	11904	0.00135994
889	13	13	13	0
889	14	50256	50256	0
890	5	388	388	0.000570297
890	6	12007	12007	0.000854492
890	7	1278	1278	0.00071907
890	8	9189	9189	0.000715256
890	9	21592	21592	0.00152016
890	10	22830	22830	0.0020752
890	11	290	290	6.86646e-05
890	12	584	584	0.00480652
890	13	1171	1171	0.00601578
890	14	5444	5444	0.00134659
890	15	9928	9928	0.000146866
890	16	13	13	0
890	17	50256	50256	0
891	5	286	286	0.000240326
891	6	8031	8031	0.020977
891	7	11	11	0.00115585
891	8	6296	6296	0.00701714
891	9	319	319	0.00601959
891	10	262	262	0.00188828
891	11	309	309	0.00519943
891	12	1856	1856	0.00177765
891	13	5866	5866	0.000959396
891	14	13	13	3.8147e-06
891	15	50256	50256	0
892	5	416	416	0.00311661
892	6	763	763	0.00810623
892	7	363	363	0.0034523
892	8	8306	8306	0.00341797
892	9	17797	17797	0.00262451
892	10	7545	7545	0.0038929
892	11	290	290	0.000167847
892	12	12273	12273	0.00346947
892	13	262	262	0.000179291
892	14	7186	7186	0.00536919
892	15	1090	1090	0.00345039
892	16	9310	9310	0.00375557
892	17	13	13	0
892	18	50256	50256	0
893	5	287	287	0.00244904
893	6	23217	23217	0.0150528
893	7	460	460	0.00236511
893	8	1037	1037	0.00699997
893	9	2270	2270	0.00751686
893	10	12586	12586	0.00549889
893	11	5475	5475	0.00123978
893	12	13	13	7.62939e-06
893	13	50256	50256	0
894	5	832	832	0.00337982
894	6	262	262	0.00692368
894	7	17661	17661	0.0641212
894	8	286	286	0.000549316
894	9	262	262	0.00158691
894	10	3942	3942	0.0184536
894	11	290	290	0.00231552
894	12	35769	35769	0.00853539
894	13	666	666	0.00368118
894	14	13375	13375	0.00407219
894	15	13	13	0
894	16	50256	50256	0
895	5	1115	1115	0.0111275
895	6	13043	13043	0.00589561
895	7	326	326	0.00343895
895	8	1296	1296	0.0152054
895	9	257	257	0.00905228
895	10	2060	2060	0.0123825
895	11	16257	16257	0.00331879
895	12	13	13	4.3869e-05
895	13	50256	50256	0
896	5	8208	8208	0.0195694
896	6	12	12	2.28882e-05
896	7	19412	19412	0.0181446
896	8	7475	7475	0.00440407
896	9	13	13	0
896	10	50256	50256	0
897	5	39880	39880	0.00724792
897	6	460	460	0.00481987
897	7	1205	1205	0.00375748
897	8	656	656	0.0045929
897	9	257	257	0.00296783
897	10	649	649	0.00803947
897	11	4618	4618	0.00614929
897	12	13	13	0
897	13	50256	50256	0
898	5	1350	1350	0.000473022
898	6	900	900	0.00119209
898	7	11597	11597	0.00311661
898	8	7218	7218	0.0018692
898	9	22596	22596	0.000957489
898	10	1871	1871	0.000989914
898	11	28818	28818	0.000743866
898	12	2127	2127	0.00167084
898	13	5348	5348	0.00178909
898	14	13	13	0
898	15	50256	50256	0
899	5	5838	5838	0.00115967
899	6	286	286	3.8147e-05
899	7	38330	38330	0.00263023
899	8	287	287	0.000297546
899	9	838	838	0.00238037
899	10	2791	2791	0.000200272
899	11	13	13	1.52588e-05
899	12	50256	50256	0
900	5	11	11	0.00230408
900	6	717	717	0.0141392
900	7	12	12	0.0032692
900	8	448	448	0.00475693
900	9	16834	16834	0.00362396
900	10	11	11	0.00169373
900	11	262	262	0.000278473
900	12	14555	14555	0.00569153
900	13	2087	2087	0.00242615
900	14	2378	2378	0.0031929
900	15	318	318	0.00222969
900	16	4615	4615	0.00280952
900	17	717	717	0.00330162
900	18	13	13	0.000453949
900	19	50256	50256	0
901	5	4180	4180	0.00438118
901	6	30121	30121	0.00446701
901	7	319	319	0.00204468
901	8	6163	6163	0.0137348
901	9	3354	3354	0.00453568
901	10	286	286	0.000682831
901	11	9664	9664	0.0108528
901	12	13	13	0
901	13	50256	50256	0
902	5	3688	3688	0.00540161
902	6	284	284	0.0032692
902	7	262	262	3.8147e-06
902	8	5485	5485	0.00428772
902	9	286	286	0.000724792
902	10	257	257	7.62939e-06
902	11	6297	6297	0.00179672
902	12	13	13	0
902	13	50256	50256	0
903	5	2318	2318	0.00403976
903	6	19972	19972	0.00388908
903	7	33174	33174	0.00349045
903	8	262	262	0.000663757
903	9	5366	5366	0.0113754
903	10	16825	16825	0.00571251
903	11	286	286	0.000530243
903	12	1194	1194	0.00377274
903	13	13	13	0.000175476
903	14	50256	50256	0
904	5	16122	16122	0.00275421
904	6	11732	11732	0.00201225
904	7	337	337	0.00189018
904	8	5847	5847	0.00100327
904	9	2977	2977	0.00187683
904	10	290	290	0.000812531
904	11	383	383	0.0028038
904	12	367	367	0.00265694
904	13	3316	3316	0.00573921
904	14	1891	1891	0.00208473
904	15	286	286	0.000408173
904	16	23382	23382	0.00396156
904	17	12	12	0.000989914
904	18	35	35	0.00471115
904	19	480	480	0.00448227
904	20	13	13	7.24792e-05
904	21	50256	50256	0
905	5	625	625	1.71661e-05
905	6	3090	3090	0.000667572
905	7	287	287	4.57764e-05
905	8	8850	8850	0.00186348
905	9	34768	34768	0.000421524
905	10	13	13	0.0001297
905	11	50256	50256	0
906	5	284	284	0.000968933
906	6	262	262	0.000518799
906	7	28761	28761	0.0052948
906	8	576	576	0.0033493
906	9	1448	1448	0.00308037
906	10	11	11	0.000839233
906	11	407	407	0.00146294
906	12	262	262	0.00179291
906	13	38255	38255	0.0037384
906	14	1547	1547	0.00084877
906	15	13	13	0.000137329
906	16	50256	50256	0
907	5	7861	7861	0.00558662
907	6	11	11	0.000198364
907	7	5387	5387	0.00502968
907	8	14580	14580	0.00573921
907	9	11	11	0.00117111
907	10	290	290	0.00475311
907	11	4596	4596	0.0135937
907	12	6900	6900	0.00554466
907	13	286	286	5.34058e-05
907	14	19606	19606	0.0101376
907	15	287	287	0.0020752
907	16	1660	1660	0.00547028
907	17	3102	3102	0.00248528
907	18	46916	46916	0.00414848
907	19	13	13	0
907	20	50256	50256	0
908	5	3881	3881	0.00322342
908	6	1296	1296	0.00900841
908	7	257	257	0.00730133
908	8	4417	4417	0.0125065
908	9	7679	7679	0.00259018
908	10	1444	1444	0.000247955
908	11	842	842	0.00775337
908	12	21446	21446	0.00447273
908	13	319	319	0.00208282
908	14	262	262	0.000366211
908	15	6869	6869	0.0052681
908	16	13	13	0
908	17	50256	50256	0
909	5	286	286	0.00139236
909	6	257	257	0.000537872
909	7	35991	35991	0.0200329
909	8	423	423	0.0089283
909	9	4961	4961	0.0171642
909	10	20428	20428	0.00678253
909	11	13	13	9.91821e-05
909	12	50256	50256	0
910	5	10349	10349	0.0126076
910	6	618	618	0.00264931
910	7	663	663	0.00614357
910	8	5002	5002	0.0107918
910	9	48813	48813	0.00447845
910	10	422	422	0.000511169
910	11	13181	13181	0.0069294
910	12	1459	1459	0.00200272
910	13	13	13	0
910	14	50256	50256	0
911	5	3623	3623	0.00401306
911	6	25037	25037	0.00967026
911	7	13640	13640	0.00291824
911	8	355	355	0.000816345
911	9	44030	44030	0.01367
911	10	3881	3881	0.00349617
911	11	4735	4735	0.00689316
911	12	6945	6945	0.000947952
911	13	13	13	7.62939e-06
911	14	50256	50256	3.8147e-06
912	5	12269	12269	0.00448227
912	6	11	11	4.95911e-05
912	7	1660	1660	0.00762749
912	8	11	11	0.000476837
912	9	290	290	0.00156784
912	10	38084	38084	0.00335693
912	11	14093	14093	0.00041008
912	12	1818	1818	0.00018692
912	13	13	13	0
912	14	50256	50256	0
913	5	689	689	0.00157166
913	6	9664	9664	0.00420952
913	7	351	351	0.000688553
913	8	28096	28096	0.00901413
913	9	925	925	0.00205612
913	10	1262	1262	0.00164413
913	11	257	257	0.0025177
913	12	17598	17598	0.00479507
913	13	290	290	0.000991821
913	14	4704	4704	0.0118351
913	15	13	13	0.00047493
913	16	50256	50256	0
914	5	2057	2057	0.00152016
914	6	422	422	0.00508881
914	7	1660	1660	0.00683784
914	8	351	351	0.00758362
914	9	13375	13375	0.00867081
914	10	287	287	0.000667572
914	11	511	511	0.00976372
914	12	28552	28552	0.00197983
914	13	13	13	7.62939e-06
914	14	50256	50256	0
915	5	262	262	0.000377655
915	6	3463	3463	0.0202827
915	7	286	286	0
915	8	262	262	0.00112915
915	9	11711	11711	0.0338802
915	10	20085	20085	0.00356102
915	11	416	416	0.00109863
915	12	281	281	0.00820541
915	13	2134	2134	0.0096302
915	14	13	13	0.000335693
915	15	50256	50256	0
916	5	262	262	0.00030899
916	6	12108	12108	0.00446129
916	7	286	286	7.62939e-06
916	8	17837	17837	0.00824165
916	9	11	11	0.00143242
916	10	318	318	0.00453186
916	11	17837	17837	0.0059948
916	12	338	338	0.000366211
916	13	3139	3139	0.0130253
916	14	13	13	0
916	15	50256	50256	0
917	5	37270	37270	0.00346375
917	6	11	11	0
917	7	30872	30872	0.010128
917	8	11	11	3.8147e-06
917	9	290	290	0.000537872
917	10	21506	21506	0.00556755
917	11	13	13	3.8147e-06
917	12	50256	50256	0
918	5	3668	3668	0.00341606
918	6	8318	8318	0.00728607
918	7	832	832	0.0016613
918	8	16468	16468	0.00620842
918	9	1364	1364	0.00200462
918	10	416	416	0.00292587
918	11	401	401	0.00194359
918	12	1039	1039	0.000461578
918	13	13	13	0
918	14	50256	50256	0
919	5	44741	44741	0.00182343
919	6	17757	17757	0.00174522
919	7	319	319	0.000293732
919	8	4849	4849	0.00317574
919	9	47967	47967	0.00126839
919	10	28847	28847	0.00111961
919	11	287	287	0.000183105
919	12	4492	4492	0.00323486
919	13	13	13	0
919	14	50256	50256	0
920	5	350	350	0.00553894
920	6	9160	9160	0.00436211
920	7	373	373	0.00261116
920	8	3170	3170	0.00156784
920	9	355	355	0.00230408
920	10	257	257	0.001194
920	11	8966	8966	0.00348282
920	12	10580	10580	0.000694275
920	13	13	13	3.43323e-05
920	14	50256	50256	0
921	5	257	257	0.000780106
921	6	5252	5252	0.00122452
921	7	33413	33413	0.00211906
921	8	8902	8902	0.00279617
921	9	351	351	0.000808716
921	10	281	281	0.00186157
921	11	18762	18762	0.000936508
921	12	2890	2890	0.000495911
921	13	5797	5797	0.000350952
921	14	13	13	0
921	15	50256	50256	0
922	5	1811	1811	0.00322533
922	6	6300	6300	0.00132179
922	7	286	286	0.000198364
922	8	262	262	1.52588e-05
922	9	2939	2939	0.00219345
922	10	1444	1444	0.00100517
922	11	383	383	0.00151634
922	12	36306	36306	0.00133896
922	13	13	13	1.14441e-05
922	14	50256	50256	0
923	5	460	460	0.000360489
923	6	2620	2620	0.00232124
923	7	257	257	0.000328064
923	8	2700	2700	0.00156593
923	9	338	338	0.000404358
923	10	6225	6225	0.00660515
923	11	1245	1245	0.00395012
923	12	13	13	9.15527e-05
923	13	50256	50256	0
924	5	286	286	4.19617e-05
924	6	262	262	0.000534058
924	7	3624	3624	0.00608826
924	8	14705	14705	0.00184631
924	9	287	287	0.000110626
924	10	674	674	0.00284386
924	11	6591	6591	0.000284195
924	12	1080	1080	0.001091
924	13	13	13	3.05176e-05
924	14	50256	50256	0
925	5	42742	42742	0.000900269
925	6	656	656	0.000770569
925	7	734	734	0.00144005
925	8	4957	4957	0.00169563
925	9	17751	17751	0.00237274
925	10	72	72	0.00427246
925	11	13	13	8.01086e-05
925	12	50256	50256	0
926	5	257	257	0.00630188
926	6	41236	41236	0.0135212
926	7	338	338	0.000602722
926	8	4417	4417	0.00845146
926	9	389	389	0.00440979
926	10	7009	7009	0.0059166
926	11	1981	1981	0.00369263
926	12	15921	15921	0.0021553
926	13	13	13	0
926	14	50256	50256	0
927	5	286	286	0.000930786
927	6	262	262	0.000646591
927	7	39046	39046	0.0051918
927	8	973	973	0.00253868
927	9	416	416	0.00486374
927	10	867	867	0.00288963
927	11	5044	5044	0.00669861
927	12	4778	4778	0.00407028
927	13	13	13	0
927	14	50256	50256	0
928	5	5496	5496	0.00172615
928	6	326	326	0.00112534
928	7	460	460	0.000617981
928	8	2291	2291	0.00652122
928	9	6134	6134	0.00177956
928	10	11	11	0.000818253
928	11	5916	5916	0.00992203
928	12	11	11	0.00125122
928	13	290	290	0.000629425
928	14	23426	23426	0.00649452
928	15	13	13	0.000160217
928	16	50256	50256	0
929	5	287	287	0.000709534
929	6	40941	40941	0.00142097
929	7	15190	15190	0.00253868
929	8	290	290	0.00038147
929	9	24768	24768	0.0022049
929	10	13	13	4.57764e-05
929	11	50256	50256	0
930	5	2081	2081	0.00481033
930	6	691	691	0.0105019
930	7	618	618	0.00928497
930	8	1111	1111	0.0146084
930	9	286	286	0.00258636
930	10	663	663	0.00166702
930	11	17311	17311	0.0197296
930	12	389	389	0.00348473
930	13	2081	2081	0.0127583
930	14	13	13	0
930	15	50256	50256	0
931	5	3597	3597	0.00687218
931	6	1080	1080	0.00504112
931	7	973	973	0.00685692
931	8	329	329	0.00718307
931	9	6983	6983	0.00271034
931	10	13	13	0.000335693
931	11	50256	50256	0
932	5	262	262	0.00126266
932	6	976	976	0.00642586
932	7	6115	6115	0.0033989
932	8	355	355	0.00335312
932	9	530	530	0.011961
932	10	27216	27216	0.00220108
932	11	1247	1247	0.00197601
932	12	16912	16912	0.00180054
932	13	13	13	0.000202179
932	14	50256	50256	0
933	5	416	416	0.00411987
933	6	530	530	0.00669098
933	7	5667	5667	0.00501633
933	8	326	326	0.00494003
933	9	1271	1271	0.00234795
933	10	21588	21588	0.00344658
933	11	13	13	0.000291824
933	12	50256	50256	0
934	5	17825	17825	0.000329971
934	6	287	287	3.8147e-05
934	7	294	294	0.000667572
934	8	6037	6037	0.000190735
934	9	13	13	0
934	10	50256	50256	0
935	5	3878	3878	0.0136662
935	6	17084	17084	0.00462914
935	7	318	318	0.00137329
935	8	257	257	0.00121117
935	9	4898	4898	0.00924873
935	10	9967	9967	0.00629044
935	11	3601	3601	0.00763702
935	12	11	11	0.000888824
935	13	407	407	0.00665474
935	14	281	281	0.0049057
935	15	3056	3056	0.0156879
935	16	12036	12036	0.00499344
935	17	13	13	5.34058e-05
935	18	50256	50256	0
936	5	416	416	0.000919342
936	6	14583	14583	0.00335884
936	7	257	257	0.00237465
936	8	6314	6314	0.00492096
936	9	379	379	0.00156593
936	10	511	511	0.00671387
936	11	27390	27390	0.00274467
936	12	16649	16649	0.00243187
936	13	13	13	1.52588e-05
936	14	50256	50256	0
937	5	11	11	0.000896454
937	6	1444	1444	0.00636101
937	7	262	262	3.8147e-06
937	8	1162	1162	0.0261993
937	9	4450	4450	0.00739288
937	10	11	11	0.000267029
937	11	318	318	0.00691032
937	12	37546	37546	0.0160675
937	13	621	621	0.00437164
937	14	663	663	0.000616074
937	15	7424	7424	0.00682068
937	16	4417	4417	0.00360298
937	17	13	13	0
937	18	50256	50256	0
938	5	281	281	0.00125694
938	6	2134	2134	0.0100574
938	7	338	338	0.00404167
938	8	15432	15432	0.00741196
938	9	2458	2458	0.00410652
938	10	351	351	0.00684547
938	11	640	640	0.025486
938	12	13	13	0
938	13	50256	50256	0
939	5	37008	37008	0.00801086
939	6	379	379	0.000598907
939	7	5043	5043	0.00270653
939	8	286	286	0.0001297
939	9	2910	2910	0.0254116
939	10	8837	8837	0.00318909
939	11	5095	5095	0.00111771
939	12	13	13	1.14441e-05
939	13	50256	50256	0
940	5	286	286	0.000431061
940	6	987	987	0.008255
940	7	48331	48331	0.00172806
940	8	4847	4847	0.00546265
940	9	351	351	0.00504303
940	10	257	257	0.00415993
940	11	3867	3867	0.0120792
940	12	28982	28982	0.00151443
940	13	13	13	0
940	14	50256	50256	0
941	5	257	257	0.000135422
941	6	22746	22746	0.000894547
941	7	656	656	0.00018692
941	8	42713	42713	0.000932693
941	9	13	13	1.14441e-05
941	10	50256	50256	0
942	5	257	257	0.00168991
942	6	1729	1729	0.0012207
942	7	22570	22570	0.00530243
942	8	1271	1271	0.000171661
942	9	3607	3607	0.00359344
942	10	6632	6632	0.00323677
942	11	13	13	0
942	12	50256	50256	0
943	5	1588	1588	0.00947952
943	6	24969	24969	0.00484848
943	7	602	602	0.00546455
943	8	618	618	0.001791
943	9	257	257	0.00362587
943	10	1080	1080	0.00531769
943	11	318	318	0.00242996
943	12	7986	7986	0.00816345
943	13	1474	1474	0.00352287
943	14	257	257	0.0065403
943	15	3288	3288	0.00546074
943	16	8373	8373	0.00297356
943	17	13	13	0
943	18	50256	50256	0
944	5	2278	2278	0.0128098
944	6	618	618	0.000772476
944	7	257	257	0.00306511
944	8	636	636	0.00872421
944	9	318	318	0.00403595
944	10	10574	10574	0.0023632
944	11	13	13	0
944	12	50256	50256	0
945	5	11	11	0.000789642
945	6	47394	47394	0.00654221
945	7	507	507	0.00395775
945	8	389	389	0.00182343
945	9	610	610	0.00709343
945	10	620	620	0.00574875
945	11	77	77	0.00268936
945	12	2340	2340	0.00123024
945	13	2138	2138	0.00273705
945	14	621	621	0.00108719
945	15	19435	19435	0.00337601
945	16	13	13	0.000831604
945	17	50256	50256	0
946	5	5101	5101	0.0046978
946	6	290	290	0.000461578
946	7	734	734	0.00820351
946	8	2392	2392	0.00514603
946	9	13017	13017	0.003582
946	10	41192	41192	0.000988007
946	11	13	13	0
946	12	50256	50256	0
947	5	5389	5389	0.00672722
947	6	290	290	0.00233459
947	7	1440	1440	0.0246677
947	8	826	826	0.0159988
947	9	18333	18333	0.00540161
947	10	13	13	0.000137329
947	11	50256	50256	0
948	5	4778	4778	0.00535011
948	6	7685	7685	0.0108681
948	7	3994	3994	0.00253296
948	8	6337	6337	0.00523758
948	9	42742	42742	0.00258827
948	10	13	13	0.000167847
948	11	50256	50256	0
949	5	286	286	0.0014267
949	6	1402	1402	0.00752449
949	7	19468	19468	0.00538826
949	8	5028	5028	0.00522041
949	9	16083	16083	0.00531578
949	10	925	925	0.000905991
949	11	422	422	6.48499e-05
949	12	5026	5026	0.00536346
949	13	47196	47196	0.00148582
949	14	13	13	0
949	15	50256	50256	0
950	5	11	11	0.00319862
950	6	530	530	0.0142746
950	7	256	256	0.00429344
950	8	478	478	0.00761604
950	9	9229	9229	0.0114193
950	10	7480	7480	0.00789452
950	11	1715	1715	0.00710678
950	12	2412	2412	0.00431442
950	13	11061	11061	0.00550079
950	14	1194	1194	0.00610924
950	15	13	13	0
950	16	50256	50256	0
951	5	13017	13017	0.00192833
951	6	6958	6958	0.00674248
951	7	1626	1626	0.00258827
951	8	281	281	0.00134087
951	9	13187	13187	0.00160027
951	10	13	13	0
951	11	50256	50256	0
952	5	262	262	0.000370026
952	6	1767	1767	0.00255775
952	7	338	338	0.000362396
952	8	10900	10900	0.00617027
952	9	18370	18370	0.00129509
952	10	13	13	1.14441e-05
952	11	50256	50256	0
953	5	10816	10816	0.00262642
953	6	34537	34537	0.00160027
953	7	1900	1900	0.000759125
953	8	329	329	0.000854492
953	9	1588	1588	0.00359917
953	10	4636	4636	0.00467873
953	11	874	874	0.00164413
953	12	13	13	0.000141144
953	13	50256	50256	0
954	5	3994	3994	0.000324249
954	6	5348	5348	0.00174904
954	7	286	286	0.000160217
954	8	9838	9838	0.00437355
954	9	5773	5773	0.00318718
954	10	290	290	0.000991821
954	11	300	300	0.00845528
954	12	12009	12009	0.00372887
954	13	7408	7408	0.00618553
954	14	11492	11492	0.00145721
954	15	13	13	0
954	16	50256	50256	0
955	5	48573	48573	0.00268173
955	6	4618	4618	0.00314522
955	7	338	338	0.00296593
955	8	19643	19643	0.00809288
955	9	2261	2261	0.00317192
955	10	460	460	0.00108337
955	11	1205	1205	0.00499153
955	12	656	656	0.000709534
955	13	257	257	0.00279999
955	14	9403	9403	0.00605965
955	15	13	13	3.43323e-05
955	16	50256	50256	0
956	5	1663	1663	0.00486565
956	6	287	287	4.19617e-05
956	7	17475	17475	0.00753593
956	8	12493	12493	0.00460052
956	9	12824	12824	0.00374985
956	10	416	416	0.00125122
956	11	8268	8268	0.00587654
956	12	1660	1660	0.00286674
956	13	13	13	0
956	14	50256	50256	0
957	5	12	12	0.00374985
957	6	46155	46155	0.00613213
957	7	1296	1296	0.00188255
957	8	286	286	0.00528336
957	9	7729	7729	0.0172081
957	10	3194	3194	0.00898552
957	11	287	287	0.000415802
957	12	257	257	0.00608444
957	13	8300	8300	0.00550461
957	14	3303	3303	0.00181198
957	15	13	13	7.24792e-05
957	16	50256	50256	0
958	5	905	905	0.000347137
958	6	281	281	0.000398636
958	7	21388	21388	0.00244141
958	8	18032	18032	0.00112915
958	9	12	12	0.000640869
958	10	489	489	0.00289345
958	11	1523	1523	0.00137901
958	12	2776	2776	0.00144577
958	13	287	287	0.000274658
958	14	3594	3594	0.00292778
958	15	13	13	0.000150681
958	16	50256	50256	0
959	5	11	11	0.0103378
959	6	290	290	0.00406075
959	7	1395	1395	0.0139217
959	8	12	12	0.00136948
959	9	20477	20477	0.0116024
959	10	5594	5594	0.00378227
959	11	284	284	8.01086e-05
959	12	262	262	0.00094223
959	13	976	976	0.00200653
959	14	31094	31094	0.00785065
959	15	10958	10958	0.00261116
959	16	13	13	0
959	17	50256	50256	0
960	5	14795	14795	0.000713348
960	6	3754	3754	0.00105286
960	7	11694	11694	0.000471115
960	8	36103	36103	0.000507355
960	9	4178	4178	0.00103188
960	10	287	287	6.48499e-05
960	11	9225	9225	0.00151634
960	12	18671	18671	0.000637054
960	13	13	13	7.62939e-06
960	14	50256	50256	0
961	5	257	257	0.00056076
961	6	1486	1486	0.00670052
961	7	416	416	0.000499725
961	8	5086	5086	0.010622
961	9	2587	2587	0.000524521
961	10	284	284	0.0014534
961	11	1208	1208	0.00493622
961	12	832	832	0.00112534
961	13	6163	6163	0.0093441
961	14	28431	28431	0.00184441
961	15	13	13	1.52588e-05
961	16	50256	50256	0
962	5	257	257	0.000225067
962	6	9314	9314	0.00376701
962	7	11	11	0.000232697
962	8	6149	6149	0.00345039
962	9	4269	4269	0.00160408
962	10	286	286	8.7738e-05
962	11	9881	9881	0.00227928
962	12	13	13	0
962	13	50256	50256	0
963	5	22532	22532	0.00231934
963	6	7475	7475	0.00120354
963	7	287	287	0.000507355
963	8	281	281	0.00124741
963	9	3594	3594	0.00186539
963	10	36246	36246	0.00478172
963	11	13	13	0.00037384
963	12	50256	50256	0
964	5	734	734	0.000436783
964	6	8950	8950	0.00130844
964	7	13	13	1.14441e-05
964	8	50256	50256	0
965	5	867	867	0.00380325
965	6	5667	5667	0.00576782
965	7	511	511	0.00380898
965	8	16704	16704	0.0214539
965	9	4077	4077	0.00348663
965	10	3124	3124	0.00498772
965	11	13	13	3.43323e-05
965	12	50256	50256	3.8147e-06
966	5	284	284	0.000362396
966	6	11945	11945	0.00808716
966	7	287	287	0.00155258
966	8	262	262	0.00133896
966	9	1692	1692	0.00973511
966	10	1767	1767	0.00279617
966	11	13	13	3.8147e-06
966	12	50256	50256	0
967	5	5419	5419	0.00474548
967	6	3608	3608	0.0155659
967	7	262	262	0.00328445
967	8	1692	1692	0.015131
967	9	1767	1767	0.0131817
967	10	13	13	0
967	11	50256	50256	0
968	5	663	663	8.39233e-05
968	6	20884	20884	0.000883102
968	7	966	966	0.000322342
968	8	13	13	0
968	9	50256	50256	0
969	5	9368	9368	0.00439072
969	6	5374	5374	0.00321007
969	7	83	83	0.00146866
969	8	270	270	0.0039711
969	9	9620	9620	0.00103378
969	10	6204	6204	0.00387573
969	11	319	319	0.000249863
969	12	281	281	0.00222397
969	13	7022	7022	0.00844193
969	14	287	287	0.00176239
969	15	6233	6233	0.00900269
969	16	3567	3567	0.00324059
969	17	66	66	0.00257874
969	18	25634	25634	0.0026989
969	19	13	13	0
969	20	50256	50256	0
970	5	511	511	0.00172424
970	6	30514	30514	0.0078907
970	7	284	284	0.000644684
970	8	6654	6654	0.00236893
970	9	23311	23311	0.00110054
970	10	13	13	0
970	11	50256	50256	0
971	5	13055	13055	0.00060463
971	6	262	262	2.67029e-05
971	7	18560	18560	0.00330734
971	8	1900	1900	0.00117302
971	9	355	355	0.000347137
971	10	262	262	0
971	11	2892	2892	0.0106583
971	12	64	64	0.00278854
971	13	15378	15378	0.00226974
971	14	13	13	1.90735e-05
971	15	50256	50256	1.52588e-05
972	5	262	262	0.00025177
972	6	7475	7475	0.000782013
972	7	286	286	4.95911e-05
972	8	257	257	0.00151253
972	9	1573	1573	0.000774384
972	10	393	393	0.00289917
972	11	9546	9546	0.0174675
972	12	284	284	0.000144958
972	13	1296	1296	0.008255
972	14	1194	1194	0.00855255
972	15	13888	13888	0.00848961
972	16	13	13	0
972	17	50256	50256	0
973	5	4886	4886	0.00222206
973	6	23221	23221	0.00316429
973	7	2458	2458	0.0028553
973	8	284	284	0.00104523
973	9	257	257	0.00230789
973	10	2512	2512	0.00476265
973	11	286	286	0.0027256
973	12	1366	1366	0.00939178
973	13	13	13	0
973	14	50256	50256	0
974	5	16577	16577	0.00687599
974	6	336	336	0.00382423
974	7	328	328	0.00400543
974	8	5356	5356	0.00487328
974	9	34262	34262	0.00298309
974	10	422	422	0.00178909
974	11	257	257	0.00173759
974	12	4693	4693	0.00660133
974	13	286	286	0.000896454
974	14	6763	6763	0.00621223
974	15	9042	9042	0.00164032
974	16	13	13	3.43323e-05
974	17	50256	50256	0
975	5	2344	2344	0.00156212
975	6	18190	18190	0.00213242
975	7	22425	22425	0.00391579
975	8	6450	6450	0.00242996
975	9	13	13	0
975	10	50256	50256	0
976	5	20838	20838	0.00322342
976	6	11	11	0.00140381
976	7	16397	16397	0.00641632
976	8	11	11	0.000869751
976	9	290	290	0.000217438
976	10	449	449	0.00484848
976	11	391	391	0.00387573
976	12	28814	28814	0.00235748
976	13	13	13	6.86646e-05
976	14	50256	50256	0
977	5	290	290	0.000736237
977	6	39381	39381	0.00473785
977	7	11061	11061	0.00144386
977	8	3668	3668	0.000593185
977	9	338	338	0.000358582
977	10	4417	4417	0.00115776
977	11	13	13	6.10352e-05
977	12	50256	50256	0
978	5	2128	2128	0.00687981
978	6	618	618	0.000799179
978	7	1633	1633	0.00378609
978	8	318	318	0.00436974
978	9	7924	7924	0.0130768
978	10	1973	1973	0.00136566
978	11	262	262	3.8147e-06
978	12	5743	5743	0.00746918
978	13	286	286	5.34058e-05
978	14	663	663	0.00167084
978	15	5422	5422	0.00584793
978	16	7604	7604	0.00811005
978	17	13	13	0.000520706
978	18	50256	50256	0
979	5	21558	21558	0.000675201
979	6	416	416	0.00162888
979	7	9645	9645	0.00530815
979	8	340	340	0.00703621
979	9	287	287	0.000709534
979	10	257	257	0.000720978
979	11	8769	8769	0.00511932
979	12	77	77	0.00384331
979	13	13	13	6.10352e-05
979	14	50256	50256	0
980	5	1146	1146	0.00182343
980	6	5047	5047	0.00198174
980	7	13166	13166	0.00177956
980	8	23537	23537	0.00141144
980	9	422	422	0.00078392
980	10	262	262	0.000247955
980	11	3825	3825	0.00146484
980	12	13	13	0
980	13	50256	50256	0
981	5	286	286	0.000759125
981	6	17322	17322	0.00655556
981	7	11	11	0.000411987
981	8	7363	7363	0.00849533
981	9	319	319	0.00266266
981	10	262	262	0.00209427
981	11	6035	6035	0.00530624
981	12	3266	3266	0.00622559
981	13	5866	5866	0.00857162
981	14	13	13	0.000198364
981	15	50256	50256	0
982	5	373	373	0.000299454
982	6	925	925	0.000738144
982	7	329	329	0.00106239
982	8	262	262	0.000610352
982	9	22234	22234	0.00255775
982	10	3716	3716	0.00209045
982	11	286	286	0.00137711
982	12	31482	31482	0.00238609
982	13	16380	16380	0.000671387
982	14	31663	31663	0.000331879
982	15	13	13	3.8147e-06
982	16	50256	50256	0
983	5	393	393	0.000644684
983	6	9421	9421	0.00452805
983	7	1063	1063	0.000976562
983	8	13	13	0.000263214
983	9	50256	50256	0
984	5	2134	2134	0.00363159
984	6	338	338	0.00141716
984	7	6268	6268	0.00372314
984	8	3585	3585	0.00236702
984	9	284	284	0.000915527
984	10	262	262	6.10352e-05
984	11	7346	7346	0.00781059
984	12	1633	1633	0.00564384
984	13	13	13	0
984	14	50256	50256	0
985	5	1123	1123	0.0415249
985	6	5752	5752	0.0150394
985	7	11	11	0.00325775
985	8	5721	5721	0.150887
985	9	11	11	0.00409317
985	10	290	290	0.00448608
985	11	1115	1115	0.0166912
985	12	12	12	0.00667572
985	13	1525	1525	0.00349236
985	14	12	12	0.000402451
985	15	15542	15542	0.00669289
985	16	3091	3091	0.00741196
985	17	4909	4909	0.00306511
985	18	262	262	0.00163651
985	19	19561	19561	0.00811195
985	20	530	530	0.00247192
985	21	832	832	0.00149918
985	22	5193	5193	0.000761032
985	23	1752	1752	0.000541687
985	24	1123	1123	1.52588e-05
985	25	13	13	0
985	26	50256	50256	0
986	5	4909	4909	0.00147438
986	6	1115	1115	0.00541878
986	7	12785	12785	0.00361824
986	8	14729	14729	0.00265694
986	9	286	286	5.34058e-05
986	10	5100	5100	0.00629044
986	11	7475	7475	0.00258636
986	12	13	13	0.000526428
986	13	50256	50256	0
987	5	734	734	0.00827026
987	6	3967	3967	0.0105495
987	7	2659	2659	0.00654221
987	8	271	271	0.00370979
987	9	669	669	0.00493813
987	10	13	13	1.90735e-05
987	11	50256	50256	0
988	5	286	286	0.000179291
988	6	257	257	0.000146866
988	7	19690	19690	0.000984192
988	8	1683	1683	0.00101089
988	9	14809	14809	0.00172424
988	10	5509	5509	0.00156784
988	11	13	13	0
988	12	50256	50256	0
989	5	7135	7135	0.00257492
989	6	314	314	0.00291443
989	7	48476	48476	0.00310326
989	8	14664	14664	0.00191879
989	9	286	286	0.000431061
989	10	23519	23519	0.00335693
989	11	13	13	0.000213623
989	12	50256	50256	0
990	5	19942	19942	0.000713348
990	6	326	326	0.000587463
990	7	3994	3994	0.00332451
990	8	663	663	0.00136566
990	9	11904	11904	0.00233269
990	10	13	13	0
990	11	50256	50256	0
991	5	3146	7306	1.43027
991	6	11	11	0.0039444
991	7	262	262	0.0476646
991	8	34768	34768	0.0631886
991	9	1612	1612	0.0158482
991	10	318	318	0.00563049
991	11	511	511	0.00907898
991	12	2160	2160	0.0181866
991	13	9086	9086	0.00820923
991	14	416	416	0.00418472
991	15	511	511	0.0118427
991	16	954	954	0.00740242
991	17	13	13	0.000141144
991	18	50256	50256	0
992	5	291	291	0.0015049
992	6	2456	2456	0.00320244
992	7	44638	44638	0.00238037
992	8	393	393	0.000125885
992	9	1950	1950	0.00438309
992	10	5238	5238	0.00369263
992	11	11	11	0.000175476
992	12	355	355	0.00189781
992	13	14713	14713	0.0031395
992	14	857	857	0.00148964
992	15	13	13	0.000118256
992	16	50256	50256	3.8147e-06
993	5	5485	5485	0.0056572
993	6	284	284	5.72205e-05
993	7	1037	1037	0.00840187
993	8	2962	2962	0.0118828
993	9	319	319	0.00421715
993	10	5563	5563	0.00533104
993	11	379	379	0.00716019
993	12	1180	1180	0.00635719
993	13	18868	18868	0.0125561
993	14	13	13	0
993	15	50256	50256	0
994	5	47306	47306	0.0098114
994	6	2427	2427	0.00422096
994	7	286	286	0.000125885
994	8	9194	9194	0.0131531
994	9	12734	12734	0.00337219
994	10	393	393	0.00732422
994	11	11904	11904	0.00786591
994	12	13	13	0
994	13	50256	50256	0
995	5	20462	20462	0.00228691
995	6	416	416	0.000671387
995	7	18381	18381	0.00267029
995	8	449	449	0.00108528
995	9	19210	19210	0.00469208
995	10	287	287	0.000541687
995	11	4088	4088	0.00606346
995	12	286	286	0.00094986
995	13	38367	38367	0.010622
995	14	83	83	0.00435638
995	15	1031	1031	0.00280571
995	16	8882	8882	0.00131416
995	17	282	282	0.0050106
995	18	13	13	0.000572205
995	19	50256	50256	2.67029e-05
996	5	9151	9151	0.00570297
996	6	4417	4417	0.00502205
996	7	290	290	0.000778198
996	8	18616	18616	0.0129738
996	9	867	867	0.00183868
996	10	5385	5385	0.00540924
996	11	5417	5417	0.0088768
996	12	9813	9813	0.00732994
996	13	13	13	0
996	14	50256	50256	0
997	5	262	262	0.000144958
997	6	976	976	0.00111008
997	7	19528	19528	0.00249481
997	8	290	290	0.000797272
997	9	2651	2651	0.00461006
997	10	739	739	0.00228119
997	11	663	663	0.000709534
997	12	7147	7147	0.00187492
997	13	3555	3555	0.000852585
997	14	9831	9831	0.000368118
997	15	13	13	1.52588e-05
997	16	50256	50256	0
998	5	460	460	0.000461578
998	6	2380	2380	0.0022068
998	7	17759	17759	0.00136948
998	8	7310	7310	0.00182915
998	9	1643	1643	0.00353622
998	10	7572	7572	0.00149536
998	11	13	13	0.000267029
998	12	50256	50256	0
999	5	4961	4961	0.00486183
999	6	284	284	0.00179482
999	7	8208	8208	0.00805283
999	8	12	12	0.00211716
999	9	13261	13261	0.0049057
999	10	1411	1411	0.000471115
999	11	13	13	1.52588e-05
999	12	50256	50256	0
1000	5	1326	1326	0.00198364
1000	6	263	263	0.00240135
1000	7	338	338	0.00213623
1000	8	7430	7430	0.00798798
1000	9	351	351	0.000343323
1000	10	257	257	0.000495911
1000	11	18482	18482	0.00459099
1000	12	2905	2905	0.00160408
1000	13	1806	1806	0.000850677
1000	14	28539	28539	0.00220299
1000	15	257	257	0.000917435
1000	16	3785	3785	0.00274086
1000	17	5762	5762	0.00261307
1000	18	257	257	0.0022583
1000	19	7858	7858	0.00300598
1000	20	3820	3820	0.00257492
1000	21	13	13	0
1000	22	50256	50256	0
1001	5	262	262	0
1001	6	2679	2679	0.00391388
1001	7	291	291	0.00148964
1001	8	8478	8478	0.00388527
1001	9	286	286	0.000328064
1001	10	262	262	0.000114441
1001	11	40136	40136	0.00318909
1001	12	12	12	0.000102997
1001	13	22030	22030	0.00193787
1001	14	3303	3303	0.00134659
1001	15	1641	1641	0.000881195
1001	16	13	13	0.000110626
1001	17	50256	50256	0
1002	5	271	271	0.000617981
1002	6	1630	1630	0.00181007
1002	7	262	262	0.000297546
1002	8	2546	2546	0.00151062
1002	9	286	286	0.000335693
1002	10	262	262	6.48499e-05
1002	11	34047	34047	0.000938416
1002	12	13	13	1.14441e-05
1002	13	50256	50256	7.62939e-06
1003	5	40959	40959	0.010788
1003	6	11	11	0.000602722
1003	7	38985	38985	0.00409317
1003	8	1111	1111	0.00312805
1003	9	6341	6341	0.00389862
1003	10	286	286	0.000553131
1003	11	262	262	0.000553131
1003	12	6035	6035	0.00413704
1003	13	3266	3266	0.00621414
1003	14	13	13	7.62939e-06
1003	15	50256	50256	0
1004	5	290	290	0.000648499
1004	6	3771	3771	0.00371742
1004	7	10456	10456	0.00213623
1004	8	501	501	0.00292778
1004	9	3033	3033	0.00136948
1004	10	10674	10674	0.00100327
1004	11	14025	14025	0.00181389
1004	12	316	316	0.00210953
1004	13	290	290	0.00151062
1004	14	16703	16703	0.00400162
1004	15	10594	10594	0.000642776
1004	16	1789	1789	0.000360489
1004	17	7491	7491	0.000364304
1004	18	948	948	0.000352859
1004	19	13	13	1.90735e-05
1004	20	50256	50256	0
1005	5	2714	2714	0.000823975
1005	6	379	379	9.91821e-05
1005	7	45760	45760	0.00225639
1005	8	287	287	0.00012207
1005	9	10315	10315	0.00485229
1005	10	13	13	2.28882e-05
1005	11	50256	50256	0
1006	5	25299	25299	0.00537872
1006	6	373	373	0.0033493
1006	7	6198	6198	0.00383949
1006	8	3170	3170	0.00184441
1006	9	355	355	0.00418091
1006	10	257	257	0.00056839
1006	11	4302	4302	0.00382042
1006	12	4928	4928	0.000806808
1006	13	13	13	7.62939e-06
1006	14	50256	50256	0
1007	5	1204	1204	0.014719
1007	6	6772	6772	0.00424957
1007	7	1626	1626	0.00295448
1007	8	530	530	0.00125313
1007	9	3957	3957	0.00632477
1007	10	1622	1622	0.00277519
1007	11	13	13	9.91821e-05
1007	12	50256	50256	0
1008	5	1440	1440	0.0191154
1008	6	12	12	0.000404358
1008	7	32041	32041	0.0131321
1008	8	9998	9998	0.00769424
1008	9	286	286	0.00025177
1008	10	3668	3668	0.00614166
1008	11	338	338	0.00554085
1008	12	5894	5894	0.0139828
1008	13	8137	8137	0.0103035
1008	14	416	416	0.00413322
1008	15	6115	6115	0.00324631
1008	16	13	13	0
1008	17	50256	50256	0
1009	5	23129	23129	0.00196457
1009	6	286	286	0.000141144
1009	7	262	262	3.8147e-06
1009	8	7993	7993	0.00330734
1009	9	8065	8065	0.00175095
1009	10	13	13	0.000133514
1009	11	50256	50256	6.10352e-05
1010	5	12278	12278	0.00297737
1010	6	6737	6737	0.00336075
1010	7	656	656	0.00144958
1010	8	38071	38071	0.00668144
1010	9	326	326	0.00231743
1010	10	4439	4439	0.00292015
1010	11	2128	2128	0.00991058
1010	12	13	13	0
1010	13	50256	50256	0
1011	5	8122	8122	0.0111809
1011	6	3102	3102	0.0123234
1011	7	46916	46916	0.00682831
1011	8	11	11	0.00775909
1011	9	4771	4771	0.0133133
1011	10	24770	24770	0.0141296
1011	11	11	11	0.00891876
1011	12	393	393	0.0152225
1011	13	1111	1111	0.00848579
1011	14	9951	9951	0.0126781
1011	15	287	287	0.00452042
1011	16	1633	1633	0.00379944
1011	17	13	13	3.8147e-06
1011	18	50256	50256	0
1012	5	8811	8811	0.0199356
1012	6	1663	1663	0.0164261
1012	7	355	355	0.0167847
1012	8	2060	2060	0.0156898
1012	9	4778	4778	0.00535583
1012	10	13	13	8.39233e-05
1012	11	50256	50256	0
1013	5	262	262	0.00337982
1013	6	19561	19561	0.013546
1013	7	6632	6632	0.00426102
1013	8	290	290	0.00264359
1013	9	530	530	0.0375385
1013	10	13	13	0.00387192
1013	11	50256	50256	0
1014	5	12389	12389	0.000722885
1014	6	286	286	0.000171661
1014	7	257	257	7.62939e-05
1014	8	1692	1692	0.00190735
1014	9	16162	16162	0.000747681
1014	10	13	13	1.90735e-05
1014	11	50256	50256	3.8147e-06
1015	5	422	422	0.00082016
1015	6	257	257	0.00165367
1015	7	2166	2166	0.00563622
1015	8	6333	6333	0.00312805
1015	9	1806	1806	0.00135803
1015	10	284	284	0.000392914
1015	11	257	257	0.007164
1015	12	8286	8286	0.00531197
1015	13	599	599	0.00333595
1015	14	30431	30431	0.000354767
1015	15	13	13	0
1015	16	50256	50256	0
1016	5	257	257	0.00533104
1016	6	11831	11831	0.00799179
1016	7	5186	5186	0.00220871
1016	8	1459	1459	0.0023365
1016	9	284	284	0.000686646
1016	10	49306	49306	0.000556946
1016	11	13	13	0
1016	12	50256	50256	0
1017	5	16649	16649	0.00534821
1017	6	621	621	0.00387955
1017	7	2266	2266	0.0108852
1017	8	5788	5788	0.00806236
1017	9	13	13	1.90735e-05
1017	10	50256	50256	0
1018	5	257	257	0.00336838
1018	6	4469	4469	0.00394821
1018	7	2138	2138	0.0001297
1018	8	621	621	0.00185394
1018	9	5055	5055	0.00517845
1018	10	5000	5000	0.00166512
1018	11	1479	1479	0.0012989
1018	12	13	13	1.90735e-05
1018	13	50256	50256	0
1019	5	5594	5594	0.000741959
1019	6	284	284	0.000587463
1019	7	25794	25794	0.0126057
1019	8	290	290	0.000598907
1019	9	6486	6486	0.0099144
1019	10	287	287	0.00018692
1019	11	262	262	3.8147e-06
1019	12	8211	8211	0.00874138
1019	13	10692	10692	0.00182724
1019	14	13	13	0.00037384
1019	15	50256	50256	0
1020	5	2134	2134	0.00550652
1020	6	1656	1656	0.00264549
1020	7	284	284	0.00227356
1020	8	9117	9117	0.0107059
1020	9	3812	3812	0.00224113
1020	10	393	393	0.00463867
1020	11	1497	1497	0.00304794
1020	12	422	422	0.00159454
1020	13	262	262	0.000118256
1020	14	19091	19091	0.00311852
1020	15	13	13	0
1020	16	50256	50256	0
1021	5	416	416	0.000740051
1021	6	14583	14583	0.00471497
1021	7	257	257	0.000736237
1021	8	1218	1218	0.0086937
1021	9	1182	1182	0.0034008
1021	10	706	706	0.0018959
1021	11	36075	36075	0.00209618
1021	12	13	13	3.05176e-05
1021	13	50256	50256	0
1022	5	9951	9951	0.00506973
1022	6	2057	2057	0.00897217
1022	7	422	422	0.00362015
1022	8	262	262	0.00228882
1022	9	1660	1660	0.00656319
1022	10	1088	1088	0.00686073
1022	11	606	606	0.0127335
1022	12	13	13	0
1022	13	50256	50256	0
1023	5	41408	41408	0.000673294
1023	6	1088	1088	0.000644684
1023	7	6716	6716	0.00217819
1023	8	6971	6971	0.00202942
1023	9	13	13	0.000480652
1023	10	50256	50256	0
1024	5	4556	4556	0.000469208
1024	6	1223	1223	0.0004673
1024	7	48237	48237	0.000864029
1024	8	663	663	0.000261307
1024	9	9706	9706	0.00144577
1024	10	13	13	3.8147e-05
1024	11	50256	50256	0
