layers=1 width=24 heads=1 feed_forward_width=96 parameters=1238376 samples=1024 scored_targets=10002
2026-09-21 02:45:00 UTC step=0 elapsed_seconds=1.64282 mean_loss=10.8511 errors=10002/10002 exact_sentences=0/1024
2026-09-21 02:45:06 UTC completed_step=16 elapsed_seconds=7.91038 learning_rate=9.6e-05
2026-09-21 02:45:12 UTC completed_step=32 elapsed_seconds=14.1058 learning_rate=0.000192
2026-09-21 02:45:17 UTC completed_step=48 elapsed_seconds=18.8385 learning_rate=0.000288
2026-09-21 02:45:18 UTC completed_step=64 elapsed_seconds=20.1602 learning_rate=0.000384
2026-09-21 02:45:25 UTC completed_step=80 elapsed_seconds=26.4418 learning_rate=0.00048
2026-09-21 02:45:31 UTC completed_step=96 elapsed_seconds=32.9464 learning_rate=0.000576
2026-09-21 02:45:37 UTC completed_step=112 elapsed_seconds=38.9659 learning_rate=0.0006
2026-09-21 02:45:43 UTC completed_step=128 elapsed_seconds=45.0785 learning_rate=0.000599997
2026-09-21 02:45:46 UTC step=128 elapsed_seconds=47.3336 mean_loss=8.87026 errors=8978/10002 exact_sentences=0/1024
2026-09-21 02:45:51 UTC completed_step=144 elapsed_seconds=53.1491 learning_rate=0.000599994
2026-09-21 02:45:57 UTC completed_step=160 elapsed_seconds=58.9224 learning_rate=0.000599988
2026-09-21 02:45:58 UTC completed_step=176 elapsed_seconds=59.7139 learning_rate=0.000599981
2026-09-21 02:46:04 UTC completed_step=192 elapsed_seconds=66.0542 learning_rate=0.000599972
2026-09-21 02:46:10 UTC completed_step=208 elapsed_seconds=72.0885 learning_rate=0.000599961
2026-09-21 02:46:15 UTC completed_step=224 elapsed_seconds=77.1519 learning_rate=0.000599948
2026-09-21 02:46:20 UTC completed_step=240 elapsed_seconds=82.136 learning_rate=0.000599934
2026-09-21 02:46:24 UTC completed_step=256 elapsed_seconds=86.1541 learning_rate=0.000599918
2026-09-21 02:46:26 UTC step=256 elapsed_seconds=87.6686 mean_loss=6.68815 errors=8957/10002 exact_sentences=0/1024
2026-09-21 02:46:29 UTC completed_step=272 elapsed_seconds=90.698 learning_rate=0.0005999
2026-09-21 02:46:31 UTC completed_step=288 elapsed_seconds=92.9904 learning_rate=0.000599881
2026-09-21 02:46:33 UTC completed_step=304 elapsed_seconds=94.5317 learning_rate=0.00059986
2026-09-21 02:46:37 UTC completed_step=320 elapsed_seconds=98.641 learning_rate=0.000599837
2026-09-21 02:46:42 UTC completed_step=336 elapsed_seconds=104.179 learning_rate=0.000599813
2026-09-21 02:46:44 UTC completed_step=352 elapsed_seconds=105.435 learning_rate=0.000599786
2026-09-21 02:46:47 UTC completed_step=368 elapsed_seconds=109.228 learning_rate=0.000599758
2026-09-21 02:46:51 UTC completed_step=384 elapsed_seconds=112.994 learning_rate=0.000599729
2026-09-21 02:46:53 UTC step=384 elapsed_seconds=114.513 mean_loss=6.0903 errors=8026/10002 exact_sentences=1/1024
2026-09-21 02:46:59 UTC completed_step=400 elapsed_seconds=121.049 learning_rate=0.000599697
2026-09-21 02:47:03 UTC completed_step=416 elapsed_seconds=124.835 learning_rate=0.000599664
2026-09-21 02:47:07 UTC completed_step=432 elapsed_seconds=128.617 learning_rate=0.000599629
2026-09-21 02:47:10 UTC completed_step=448 elapsed_seconds=132.148 learning_rate=0.000599593
2026-09-21 02:47:15 UTC completed_step=464 elapsed_seconds=136.666 learning_rate=0.000599554
2026-09-21 03:00:50 UTC completed_step=480 elapsed_seconds=951.963 learning_rate=0.000599514
2026-09-21 03:00:51 UTC completed_step=496 elapsed_seconds=952.62 learning_rate=0.000599473
2026-09-21 03:00:51 UTC completed_step=512 elapsed_seconds=953.276 learning_rate=0.000599429
2026-09-21 03:00:53 UTC step=512 elapsed_seconds=954.531 mean_loss=5.78262 errors=7870/10002 exact_sentences=1/1024
2026-09-21 03:00:53 UTC completed_step=528 elapsed_seconds=955.195 learning_rate=0.000599384
2026-09-21 03:00:54 UTC completed_step=544 elapsed_seconds=955.853 learning_rate=0.000599337
2026-09-21 03:00:55 UTC completed_step=560 elapsed_seconds=956.51 learning_rate=0.000599288
2026-09-21 03:00:55 UTC completed_step=576 elapsed_seconds=957.168 learning_rate=0.000599238
2026-09-21 03:00:56 UTC completed_step=592 elapsed_seconds=957.824 learning_rate=0.000599186
2026-09-21 03:00:57 UTC completed_step=608 elapsed_seconds=958.481 learning_rate=0.000599132
2026-09-21 03:00:57 UTC completed_step=624 elapsed_seconds=959.136 learning_rate=0.000599077
2026-09-21 03:00:58 UTC completed_step=640 elapsed_seconds=959.792 learning_rate=0.000599019
2026-09-21 03:00:59 UTC step=640 elapsed_seconds=961.052 mean_loss=5.50698 errors=7620/10002 exact_sentences=1/1024
2026-09-21 03:01:00 UTC completed_step=656 elapsed_seconds=961.714 learning_rate=0.000598961
2026-09-21 03:01:01 UTC completed_step=672 elapsed_seconds=962.369 learning_rate=0.0005989
2026-09-21 03:01:01 UTC completed_step=688 elapsed_seconds=963.025 learning_rate=0.000598838
2026-09-21 03:01:02 UTC completed_step=704 elapsed_seconds=963.681 learning_rate=0.000598773
2026-09-21 03:01:03 UTC completed_step=720 elapsed_seconds=964.337 learning_rate=0.000598708
2026-09-21 03:01:03 UTC completed_step=736 elapsed_seconds=964.994 learning_rate=0.00059864
2026-09-21 03:01:04 UTC completed_step=752 elapsed_seconds=965.65 learning_rate=0.000598571
2026-09-21 03:01:05 UTC completed_step=768 elapsed_seconds=966.307 learning_rate=0.0005985
2026-09-21 03:01:06 UTC step=768 elapsed_seconds=967.557 mean_loss=5.30046 errors=7560/10002 exact_sentences=1/1024
2026-09-21 03:01:06 UTC completed_step=784 elapsed_seconds=968.219 learning_rate=0.000598427
2026-09-21 03:01:07 UTC completed_step=800 elapsed_seconds=968.876 learning_rate=0.000598353
2026-09-21 03:01:08 UTC completed_step=816 elapsed_seconds=969.532 learning_rate=0.000598277
2026-09-21 03:01:08 UTC completed_step=832 elapsed_seconds=970.191 learning_rate=0.000598199
2026-09-21 03:01:09 UTC completed_step=848 elapsed_seconds=970.846 learning_rate=0.00059812
2026-09-21 03:01:10 UTC completed_step=864 elapsed_seconds=971.501 learning_rate=0.000598038
2026-09-21 03:01:10 UTC completed_step=880 elapsed_seconds=972.158 learning_rate=0.000597956
2026-09-21 03:01:11 UTC completed_step=896 elapsed_seconds=972.813 learning_rate=0.000597871
2026-09-21 03:01:12 UTC step=896 elapsed_seconds=974.065 mean_loss=5.13626 errors=7508/10002 exact_sentences=1/1024
2026-09-21 03:01:13 UTC completed_step=912 elapsed_seconds=974.726 learning_rate=0.000597785
2026-09-21 03:01:14 UTC completed_step=928 elapsed_seconds=975.381 learning_rate=0.000597697
2026-09-21 03:01:14 UTC completed_step=944 elapsed_seconds=976.038 learning_rate=0.000597607
2026-09-21 03:01:15 UTC completed_step=960 elapsed_seconds=976.697 learning_rate=0.000597515
2026-09-21 03:01:16 UTC completed_step=976 elapsed_seconds=977.354 learning_rate=0.000597422
2026-09-21 03:01:16 UTC completed_step=992 elapsed_seconds=978.014 learning_rate=0.000597327
2026-09-21 03:01:17 UTC completed_step=1008 elapsed_seconds=978.673 learning_rate=0.000597231
2026-09-21 03:01:18 UTC completed_step=1024 elapsed_seconds=979.332 learning_rate=0.000597133
2026-09-21 03:01:19 UTC step=1024 elapsed_seconds=980.623 mean_loss=4.96856 errors=7356/10002 exact_sentences=1/1024
2026-09-21 03:01:19 UTC completed_step=1040 elapsed_seconds=981.289 learning_rate=0.000597033
2026-09-21 03:01:20 UTC completed_step=1056 elapsed_seconds=981.948 learning_rate=0.000596931
2026-09-21 03:01:21 UTC completed_step=1072 elapsed_seconds=982.607 learning_rate=0.000596827
2026-09-21 03:01:21 UTC completed_step=1088 elapsed_seconds=983.267 learning_rate=0.000596722
2026-09-21 03:01:22 UTC completed_step=1104 elapsed_seconds=983.924 learning_rate=0.000596616
2026-09-21 03:01:23 UTC completed_step=1120 elapsed_seconds=984.583 learning_rate=0.000596507
2026-09-21 03:01:23 UTC completed_step=1136 elapsed_seconds=985.242 learning_rate=0.000596397
2026-09-21 03:01:24 UTC completed_step=1152 elapsed_seconds=985.901 learning_rate=0.000596285
2026-09-21 03:01:25 UTC step=1152 elapsed_seconds=987.155 mean_loss=4.80882 errors=7260/10002 exact_sentences=1/1024
2026-09-21 03:01:26 UTC completed_step=1168 elapsed_seconds=987.818 learning_rate=0.000596171
2026-09-21 03:01:27 UTC completed_step=1184 elapsed_seconds=988.476 learning_rate=0.000596056
2026-09-21 03:01:27 UTC completed_step=1200 elapsed_seconds=989.134 learning_rate=0.000595939
2026-09-21 03:01:28 UTC completed_step=1216 elapsed_seconds=989.792 learning_rate=0.00059582
2026-09-21 03:01:29 UTC completed_step=1232 elapsed_seconds=990.45 learning_rate=0.0005957
2026-09-21 03:01:29 UTC completed_step=1248 elapsed_seconds=991.108 learning_rate=0.000595578
2026-09-21 03:01:30 UTC completed_step=1264 elapsed_seconds=991.765 learning_rate=0.000595454
2026-09-21 03:01:31 UTC completed_step=1280 elapsed_seconds=992.423 learning_rate=0.000595329
2026-09-21 03:01:32 UTC step=1280 elapsed_seconds=993.672 mean_loss=4.65431 errors=7091/10002 exact_sentences=1/1024
2026-09-21 03:01:33 UTC completed_step=1296 elapsed_seconds=994.333 learning_rate=0.000595202
2026-09-21 03:01:33 UTC completed_step=1312 elapsed_seconds=994.992 learning_rate=0.000595073
2026-09-21 03:01:34 UTC completed_step=1328 elapsed_seconds=995.649 learning_rate=0.000594942
2026-09-21 03:01:35 UTC completed_step=1344 elapsed_seconds=996.307 learning_rate=0.00059481
2026-09-21 03:01:35 UTC completed_step=1360 elapsed_seconds=996.965 learning_rate=0.000594676
2026-09-21 03:01:36 UTC completed_step=1376 elapsed_seconds=997.623 learning_rate=0.00059454
2026-09-21 03:01:36 UTC completed_step=1392 elapsed_seconds=998.279 learning_rate=0.000594403
2026-09-21 03:01:37 UTC completed_step=1408 elapsed_seconds=998.935 learning_rate=0.000594264
2026-09-21 03:01:38 UTC step=1408 elapsed_seconds=1000.21 mean_loss=4.50656 errors=6920/10002 exact_sentences=1/1024
2026-09-21 03:01:39 UTC completed_step=1424 elapsed_seconds=1000.88 learning_rate=0.000594123
2026-09-21 03:01:40 UTC completed_step=1440 elapsed_seconds=1001.54 learning_rate=0.000593981
2026-09-21 03:01:40 UTC completed_step=1456 elapsed_seconds=1002.2 learning_rate=0.000593837
2026-09-21 03:01:41 UTC completed_step=1472 elapsed_seconds=1002.86 learning_rate=0.000593691
2026-09-21 03:01:42 UTC completed_step=1488 elapsed_seconds=1003.52 learning_rate=0.000593544
2026-09-21 03:01:42 UTC completed_step=1504 elapsed_seconds=1004.18 learning_rate=0.000593395
2026-09-21 03:01:43 UTC completed_step=1520 elapsed_seconds=1004.84 learning_rate=0.000593244
2026-09-21 03:01:44 UTC completed_step=1536 elapsed_seconds=1005.49 learning_rate=0.000593092
2026-09-21 03:01:45 UTC step=1536 elapsed_seconds=1006.75 mean_loss=4.35393 errors=6691/10002 exact_sentences=1/1024
2026-09-21 03:01:46 UTC completed_step=1552 elapsed_seconds=1007.42 learning_rate=0.000592938
2026-09-21 03:01:46 UTC completed_step=1568 elapsed_seconds=1008.07 learning_rate=0.000592782
2026-09-21 03:01:47 UTC completed_step=1584 elapsed_seconds=1008.73 learning_rate=0.000592624
2026-09-21 03:01:48 UTC completed_step=1600 elapsed_seconds=1009.39 learning_rate=0.000592465
2026-09-21 03:01:48 UTC completed_step=1616 elapsed_seconds=1010.05 learning_rate=0.000592304
2026-09-21 03:01:49 UTC completed_step=1632 elapsed_seconds=1010.71 learning_rate=0.000592142
2026-09-21 03:01:50 UTC completed_step=1648 elapsed_seconds=1011.36 learning_rate=0.000591978
2026-09-21 03:01:50 UTC completed_step=1664 elapsed_seconds=1012.02 learning_rate=0.000591812
2026-09-21 03:01:51 UTC step=1664 elapsed_seconds=1013.26 mean_loss=4.20255 errors=6627/10002 exact_sentences=1/1024
2026-09-21 03:01:52 UTC completed_step=1680 elapsed_seconds=1013.93 learning_rate=0.000591644
2026-09-21 03:01:53 UTC completed_step=1696 elapsed_seconds=1014.6 learning_rate=0.000591475
2026-09-21 03:01:53 UTC completed_step=1712 elapsed_seconds=1015.26 learning_rate=0.000591304
2026-09-21 03:01:54 UTC completed_step=1728 elapsed_seconds=1015.93 learning_rate=0.000591132
2026-09-21 03:01:55 UTC completed_step=1744 elapsed_seconds=1016.59 learning_rate=0.000590957
2026-09-21 03:01:55 UTC completed_step=1760 elapsed_seconds=1017.25 learning_rate=0.000590782
2026-09-21 03:01:56 UTC completed_step=1776 elapsed_seconds=1017.91 learning_rate=0.000590604
2026-09-21 03:01:57 UTC completed_step=1792 elapsed_seconds=1018.58 learning_rate=0.000590425
2026-09-21 03:01:58 UTC step=1792 elapsed_seconds=1019.83 mean_loss=4.05748 errors=6428/10002 exact_sentences=1/1024
2026-09-21 03:01:59 UTC completed_step=1808 elapsed_seconds=1020.5 learning_rate=0.000590244
2026-09-21 03:01:59 UTC completed_step=1824 elapsed_seconds=1021.16 learning_rate=0.000590062
2026-09-21 03:02:00 UTC completed_step=1840 elapsed_seconds=1021.82 learning_rate=0.000589877
2026-09-21 03:02:01 UTC completed_step=1856 elapsed_seconds=1022.48 learning_rate=0.000589692
2026-09-21 03:02:01 UTC completed_step=1872 elapsed_seconds=1023.14 learning_rate=0.000589504
2026-09-21 03:02:02 UTC completed_step=1888 elapsed_seconds=1023.79 learning_rate=0.000589315
2026-09-21 03:02:03 UTC completed_step=1904 elapsed_seconds=1024.45 learning_rate=0.000589124
2026-09-21 03:02:03 UTC completed_step=1920 elapsed_seconds=1025.11 learning_rate=0.000588932
2026-09-21 03:02:05 UTC step=1920 elapsed_seconds=1026.35 mean_loss=3.90148 errors=6271/10002 exact_sentences=1/1024
2026-09-21 03:02:05 UTC completed_step=1936 elapsed_seconds=1027.02 learning_rate=0.000588738
2026-09-21 03:02:06 UTC completed_step=1952 elapsed_seconds=1027.67 learning_rate=0.000588542
2026-09-21 03:02:07 UTC completed_step=1968 elapsed_seconds=1028.33 learning_rate=0.000588344
2026-09-21 03:02:07 UTC completed_step=1984 elapsed_seconds=1028.99 learning_rate=0.000588145
2026-09-21 03:02:08 UTC completed_step=2000 elapsed_seconds=1029.65 learning_rate=0.000587945
2026-09-21 03:02:09 UTC completed_step=2016 elapsed_seconds=1030.3 learning_rate=0.000587742
2026-09-21 03:02:09 UTC completed_step=2032 elapsed_seconds=1030.96 learning_rate=0.000587538
2026-09-21 03:02:10 UTC completed_step=2048 elapsed_seconds=1031.62 learning_rate=0.000587333
2026-09-21 03:02:11 UTC step=2048 elapsed_seconds=1032.86 mean_loss=3.75959 errors=6087/10002 exact_sentences=1/1024
2026-09-21 03:02:12 UTC completed_step=2064 elapsed_seconds=1033.52 learning_rate=0.000587126
2026-09-21 03:02:12 UTC completed_step=2080 elapsed_seconds=1034.18 learning_rate=0.000586917
2026-09-21 03:02:13 UTC completed_step=2096 elapsed_seconds=1034.83 learning_rate=0.000586706
2026-09-21 03:02:14 UTC completed_step=2112 elapsed_seconds=1035.49 learning_rate=0.000586494
2026-09-21 03:02:14 UTC completed_step=2128 elapsed_seconds=1036.14 learning_rate=0.00058628
2026-09-21 03:02:15 UTC completed_step=2144 elapsed_seconds=1036.8 learning_rate=0.000586065
2026-09-21 03:02:16 UTC completed_step=2160 elapsed_seconds=1037.45 learning_rate=0.000585848
2026-09-21 03:02:16 UTC completed_step=2176 elapsed_seconds=1038.11 learning_rate=0.000585629
2026-09-21 03:02:18 UTC step=2176 elapsed_seconds=1039.36 mean_loss=3.62897 errors=5994/10002 exact_sentences=1/1024
2026-09-21 03:02:18 UTC completed_step=2192 elapsed_seconds=1040.02 learning_rate=0.000585409
2026-09-21 03:02:19 UTC completed_step=2208 elapsed_seconds=1040.68 learning_rate=0.000585187
2026-09-21 03:02:20 UTC completed_step=2224 elapsed_seconds=1041.33 learning_rate=0.000584963
2026-09-21 03:02:20 UTC completed_step=2240 elapsed_seconds=1041.99 learning_rate=0.000584738
2026-09-21 03:02:21 UTC completed_step=2256 elapsed_seconds=1042.65 learning_rate=0.000584511
2026-09-21 03:02:22 UTC completed_step=2272 elapsed_seconds=1043.3 learning_rate=0.000584282
2026-09-21 03:02:22 UTC completed_step=2288 elapsed_seconds=1043.96 learning_rate=0.000584052
2026-09-21 03:02:23 UTC completed_step=2304 elapsed_seconds=1044.62 learning_rate=0.000583821
2026-09-21 03:02:24 UTC step=2304 elapsed_seconds=1045.88 mean_loss=3.49621 errors=5768/10002 exact_sentences=1/1024
2026-09-21 03:02:25 UTC completed_step=2320 elapsed_seconds=1046.54 learning_rate=0.000583587
2026-09-21 03:02:25 UTC completed_step=2336 elapsed_seconds=1047.19 learning_rate=0.000583352
2026-09-21 03:02:26 UTC completed_step=2352 elapsed_seconds=1047.85 learning_rate=0.000583116
2026-09-21 03:02:27 UTC completed_step=2368 elapsed_seconds=1048.51 learning_rate=0.000582877
2026-09-21 03:02:27 UTC completed_step=2384 elapsed_seconds=1049.16 learning_rate=0.000582638
2026-09-21 03:02:28 UTC completed_step=2400 elapsed_seconds=1049.82 learning_rate=0.000582396
2026-09-21 03:02:29 UTC completed_step=2416 elapsed_seconds=1050.47 learning_rate=0.000582153
2026-09-21 03:02:29 UTC completed_step=2432 elapsed_seconds=1051.13 learning_rate=0.000581909
2026-09-21 03:02:31 UTC step=2432 elapsed_seconds=1052.4 mean_loss=3.36888 errors=5461/10002 exact_sentences=3/1024
2026-09-21 03:02:31 UTC completed_step=2448 elapsed_seconds=1053.06 learning_rate=0.000581662
2026-09-21 03:02:32 UTC completed_step=2464 elapsed_seconds=1053.72 learning_rate=0.000581414
2026-09-21 03:02:33 UTC completed_step=2480 elapsed_seconds=1054.37 learning_rate=0.000581165
2026-09-21 03:02:33 UTC completed_step=2496 elapsed_seconds=1055.03 learning_rate=0.000580914
2026-09-21 03:02:34 UTC completed_step=2512 elapsed_seconds=1055.68 learning_rate=0.000580661
2026-09-21 03:02:35 UTC completed_step=2528 elapsed_seconds=1056.34 learning_rate=0.000580407
2026-09-21 03:02:35 UTC completed_step=2544 elapsed_seconds=1057 learning_rate=0.000580151
2026-09-21 03:02:36 UTC completed_step=2560 elapsed_seconds=1057.66 learning_rate=0.000579894
2026-09-21 03:02:37 UTC step=2560 elapsed_seconds=1058.9 mean_loss=3.23814 errors=5376/10002 exact_sentences=2/1024
2026-09-21 03:02:38 UTC completed_step=2576 elapsed_seconds=1059.57 learning_rate=0.000579635
2026-09-21 03:02:38 UTC completed_step=2592 elapsed_seconds=1060.23 learning_rate=0.000579374
2026-09-21 03:02:39 UTC completed_step=2608 elapsed_seconds=1060.88 learning_rate=0.000579112
2026-09-21 03:02:40 UTC completed_step=2624 elapsed_seconds=1061.54 learning_rate=0.000578848
2026-09-21 03:02:40 UTC completed_step=2640 elapsed_seconds=1062.2 learning_rate=0.000578583
2026-09-21 03:02:41 UTC completed_step=2656 elapsed_seconds=1062.86 learning_rate=0.000578316
2026-09-21 03:02:42 UTC completed_step=2672 elapsed_seconds=1063.52 learning_rate=0.000578047
2026-09-21 03:02:42 UTC completed_step=2688 elapsed_seconds=1064.17 learning_rate=0.000577777
2026-09-21 03:02:44 UTC step=2688 elapsed_seconds=1065.42 mean_loss=3.12377 errors=5195/10002 exact_sentences=3/1024
2026-09-21 03:02:44 UTC completed_step=2704 elapsed_seconds=1066.09 learning_rate=0.000577505
2026-09-21 03:02:45 UTC completed_step=2720 elapsed_seconds=1066.74 learning_rate=0.000577232
2026-09-21 03:02:46 UTC completed_step=2736 elapsed_seconds=1067.4 learning_rate=0.000576957
2026-09-21 03:02:46 UTC completed_step=2752 elapsed_seconds=1068.06 learning_rate=0.00057668
2026-09-21 03:02:47 UTC completed_step=2768 elapsed_seconds=1068.71 learning_rate=0.000576402
2026-09-21 03:02:48 UTC completed_step=2784 elapsed_seconds=1069.37 learning_rate=0.000576123
2026-09-21 03:02:48 UTC completed_step=2800 elapsed_seconds=1070.02 learning_rate=0.000575842
2026-09-21 03:02:49 UTC completed_step=2816 elapsed_seconds=1070.68 learning_rate=0.000575559
2026-09-21 03:02:50 UTC step=2816 elapsed_seconds=1071.95 mean_loss=3.01125 errors=4988/10002 exact_sentences=3/1024
2026-09-21 03:02:51 UTC completed_step=2832 elapsed_seconds=1072.61 learning_rate=0.000575274
2026-09-21 03:02:51 UTC completed_step=2848 elapsed_seconds=1073.27 learning_rate=0.000574989
2026-09-21 03:02:52 UTC completed_step=2864 elapsed_seconds=1073.93 learning_rate=0.000574701
2026-09-21 03:02:53 UTC completed_step=2880 elapsed_seconds=1074.6 learning_rate=0.000574412
2026-09-21 03:02:53 UTC completed_step=2896 elapsed_seconds=1075.25 learning_rate=0.000574121
2026-09-21 03:02:54 UTC completed_step=2912 elapsed_seconds=1075.91 learning_rate=0.000573829
2026-09-21 03:02:55 UTC completed_step=2928 elapsed_seconds=1076.57 learning_rate=0.000573536
2026-09-21 03:02:55 UTC completed_step=2944 elapsed_seconds=1077.23 learning_rate=0.00057324
2026-09-21 03:02:57 UTC step=2944 elapsed_seconds=1078.48 mean_loss=2.89635 errors=4786/10002 exact_sentences=7/1024
2026-09-21 03:02:57 UTC completed_step=2960 elapsed_seconds=1079.14 learning_rate=0.000572944
2026-09-21 03:02:58 UTC completed_step=2976 elapsed_seconds=1079.8 learning_rate=0.000572645
2026-09-21 03:02:59 UTC completed_step=2992 elapsed_seconds=1080.46 learning_rate=0.000572345
2026-09-21 03:02:59 UTC completed_step=3008 elapsed_seconds=1081.12 learning_rate=0.000572044
2026-09-21 03:03:00 UTC completed_step=3024 elapsed_seconds=1081.77 learning_rate=0.000571741
2026-09-21 03:03:01 UTC completed_step=3040 elapsed_seconds=1082.43 learning_rate=0.000571436
2026-09-21 03:03:01 UTC completed_step=3056 elapsed_seconds=1083.09 learning_rate=0.00057113
2026-09-21 03:03:02 UTC completed_step=3072 elapsed_seconds=1083.75 learning_rate=0.000570823
2026-09-21 03:03:03 UTC step=3072 elapsed_seconds=1084.99 mean_loss=2.77713 errors=4576/10002 exact_sentences=8/1024
2026-09-21 03:03:04 UTC completed_step=3088 elapsed_seconds=1085.66 learning_rate=0.000570514
2026-09-21 03:03:05 UTC completed_step=3104 elapsed_seconds=1086.32 learning_rate=0.000570203
2026-09-21 03:03:05 UTC completed_step=3120 elapsed_seconds=1086.97 learning_rate=0.000569891
2026-09-21 03:03:06 UTC completed_step=3136 elapsed_seconds=1087.63 learning_rate=0.000569577
2026-09-21 03:03:06 UTC completed_step=3152 elapsed_seconds=1088.29 learning_rate=0.000569262
2026-09-21 03:03:07 UTC completed_step=3168 elapsed_seconds=1088.95 learning_rate=0.000568945
2026-09-21 03:03:08 UTC completed_step=3184 elapsed_seconds=1089.6 learning_rate=0.000568627
2026-09-21 03:03:08 UTC completed_step=3200 elapsed_seconds=1090.26 learning_rate=0.000568307
2026-09-21 03:03:10 UTC step=3200 elapsed_seconds=1091.51 mean_loss=2.67117 errors=4471/10002 exact_sentences=8/1024
2026-09-21 03:03:10 UTC completed_step=3216 elapsed_seconds=1092.18 learning_rate=0.000567985
2026-09-21 03:03:11 UTC completed_step=3232 elapsed_seconds=1092.83 learning_rate=0.000567663
2026-09-21 03:03:12 UTC completed_step=3248 elapsed_seconds=1093.49 learning_rate=0.000567338
2026-09-21 03:03:12 UTC completed_step=3264 elapsed_seconds=1094.14 learning_rate=0.000567012
2026-09-21 03:03:13 UTC completed_step=3280 elapsed_seconds=1094.8 learning_rate=0.000566685
2026-09-21 03:03:14 UTC completed_step=3296 elapsed_seconds=1095.46 learning_rate=0.000566356
2026-09-21 03:03:14 UTC completed_step=3312 elapsed_seconds=1096.12 learning_rate=0.000566025
2026-09-21 03:03:15 UTC completed_step=3328 elapsed_seconds=1096.77 learning_rate=0.000565694
2026-09-21 03:03:16 UTC step=3328 elapsed_seconds=1098.03 mean_loss=2.56487 errors=4315/10002 exact_sentences=9/1024
2026-09-21 03:03:17 UTC completed_step=3344 elapsed_seconds=1098.69 learning_rate=0.00056536
2026-09-21 03:03:18 UTC completed_step=3360 elapsed_seconds=1099.35 learning_rate=0.000565025
2026-09-21 03:03:18 UTC completed_step=3376 elapsed_seconds=1100 learning_rate=0.000564689
2026-09-21 03:03:19 UTC completed_step=3392 elapsed_seconds=1100.66 learning_rate=0.000564351
2026-09-21 03:03:20 UTC completed_step=3408 elapsed_seconds=1101.31 learning_rate=0.000564011
2026-09-21 03:03:20 UTC completed_step=3424 elapsed_seconds=1101.97 learning_rate=0.00056367
2026-09-21 03:03:21 UTC completed_step=3440 elapsed_seconds=1102.63 learning_rate=0.000563328
2026-09-21 03:03:21 UTC completed_step=3456 elapsed_seconds=1103.29 learning_rate=0.000562984
2026-09-21 03:03:23 UTC step=3456 elapsed_seconds=1104.53 mean_loss=2.46591 errors=4244/10002 exact_sentences=9/1024
2026-09-21 03:03:23 UTC completed_step=3472 elapsed_seconds=1105.2 learning_rate=0.000562639
2026-09-21 03:03:24 UTC completed_step=3488 elapsed_seconds=1105.86 learning_rate=0.000562292
2026-09-21 03:03:25 UTC completed_step=3504 elapsed_seconds=1106.52 learning_rate=0.000561943
2026-09-21 03:03:25 UTC completed_step=3520 elapsed_seconds=1107.18 learning_rate=0.000561594
2026-09-21 03:03:26 UTC completed_step=3536 elapsed_seconds=1107.85 learning_rate=0.000561242
2026-09-21 03:03:27 UTC completed_step=3552 elapsed_seconds=1108.51 learning_rate=0.000560889
2026-09-21 03:03:27 UTC completed_step=3568 elapsed_seconds=1109.17 learning_rate=0.000560535
2026-09-21 03:03:28 UTC completed_step=3584 elapsed_seconds=1109.83 learning_rate=0.000560179
2026-09-21 03:03:29 UTC step=3584 elapsed_seconds=1111.08 mean_loss=2.36575 errors=4102/10002 exact_sentences=11/1024
2026-09-21 03:03:30 UTC completed_step=3600 elapsed_seconds=1111.75 learning_rate=0.000559822
2026-09-21 03:03:31 UTC completed_step=3616 elapsed_seconds=1112.41 learning_rate=0.000559464
2026-09-21 03:03:31 UTC completed_step=3632 elapsed_seconds=1113.07 learning_rate=0.000559103
2026-09-21 03:03:32 UTC completed_step=3648 elapsed_seconds=1113.73 learning_rate=0.000558742
2026-09-21 03:03:33 UTC completed_step=3664 elapsed_seconds=1114.39 learning_rate=0.000558379
2026-09-21 03:03:33 UTC completed_step=3680 elapsed_seconds=1115.04 learning_rate=0.000558014
2026-09-21 03:03:34 UTC completed_step=3696 elapsed_seconds=1115.7 learning_rate=0.000557648
2026-09-21 03:03:35 UTC completed_step=3712 elapsed_seconds=1116.36 learning_rate=0.000557281
2026-09-21 03:03:36 UTC step=3712 elapsed_seconds=1117.63 mean_loss=2.27246 errors=3918/10002 exact_sentences=13/1024
2026-09-21 03:03:37 UTC completed_step=3728 elapsed_seconds=1118.29 learning_rate=0.000556912
2026-09-21 03:03:37 UTC completed_step=3744 elapsed_seconds=1118.95 learning_rate=0.000556542
2026-09-21 03:03:38 UTC completed_step=3760 elapsed_seconds=1119.61 learning_rate=0.00055617
2026-09-21 03:03:38 UTC completed_step=3776 elapsed_seconds=1120.26 learning_rate=0.000555797
2026-09-21 03:03:39 UTC completed_step=3792 elapsed_seconds=1120.92 learning_rate=0.000555422
2026-09-21 03:03:40 UTC completed_step=3808 elapsed_seconds=1121.58 learning_rate=0.000555046
2026-09-21 03:03:40 UTC completed_step=3824 elapsed_seconds=1122.24 learning_rate=0.000554668
2026-09-21 03:03:41 UTC completed_step=3840 elapsed_seconds=1122.89 learning_rate=0.000554289
2026-09-21 03:03:42 UTC step=3840 elapsed_seconds=1124.15 mean_loss=2.17809 errors=3771/10002 exact_sentences=13/1024
2026-09-21 03:03:43 UTC completed_step=3856 elapsed_seconds=1124.81 learning_rate=0.000553909
2026-09-21 03:03:44 UTC completed_step=3872 elapsed_seconds=1125.47 learning_rate=0.000553527
2026-09-21 03:03:44 UTC completed_step=3888 elapsed_seconds=1126.12 learning_rate=0.000553144
2026-09-21 03:03:45 UTC completed_step=3904 elapsed_seconds=1126.78 learning_rate=0.000552759
2026-09-21 03:03:46 UTC completed_step=3920 elapsed_seconds=1127.43 learning_rate=0.000552373
2026-09-21 03:03:46 UTC completed_step=3936 elapsed_seconds=1128.09 learning_rate=0.000551986
2026-09-21 03:03:47 UTC completed_step=3952 elapsed_seconds=1128.75 learning_rate=0.000551597
2026-09-21 03:03:48 UTC completed_step=3968 elapsed_seconds=1129.4 learning_rate=0.000551206
2026-09-21 03:03:49 UTC step=3968 elapsed_seconds=1130.65 mean_loss=2.088 errors=3614/10002 exact_sentences=18/1024
2026-09-21 03:03:50 UTC completed_step=3984 elapsed_seconds=1131.31 learning_rate=0.000550815
2026-09-21 03:03:50 UTC completed_step=4000 elapsed_seconds=1131.97 learning_rate=0.000550421
2026-09-21 03:03:51 UTC completed_step=4016 elapsed_seconds=1132.63 learning_rate=0.000550027
2026-09-21 03:03:52 UTC completed_step=4032 elapsed_seconds=1133.29 learning_rate=0.000549631
2026-09-21 03:03:52 UTC completed_step=4048 elapsed_seconds=1133.95 learning_rate=0.000549234
2026-09-21 03:03:53 UTC completed_step=4064 elapsed_seconds=1134.61 learning_rate=0.000548835
2026-09-21 03:03:53 UTC completed_step=4080 elapsed_seconds=1135.26 learning_rate=0.000548435
2026-09-21 03:03:54 UTC completed_step=4096 elapsed_seconds=1135.92 learning_rate=0.000548033
2026-09-21 03:03:55 UTC step=4096 elapsed_seconds=1137.2 mean_loss=2.00103 errors=3452/10002 exact_sentences=20/1024
2026-09-21 03:03:56 UTC completed_step=4112 elapsed_seconds=1137.86 learning_rate=0.00054763
2026-09-21 03:03:57 UTC completed_step=4128 elapsed_seconds=1138.52 learning_rate=0.000547226
2026-09-21 03:03:57 UTC completed_step=4144 elapsed_seconds=1139.18 learning_rate=0.00054682
2026-09-21 03:03:58 UTC completed_step=4160 elapsed_seconds=1139.84 learning_rate=0.000546413
2026-09-21 03:03:59 UTC completed_step=4176 elapsed_seconds=1140.5 learning_rate=0.000546004
2026-09-21 03:03:59 UTC completed_step=4192 elapsed_seconds=1141.16 learning_rate=0.000545595
2026-09-21 03:04:00 UTC completed_step=4208 elapsed_seconds=1141.82 learning_rate=0.000545183
2026-09-21 03:04:01 UTC completed_step=4224 elapsed_seconds=1142.48 learning_rate=0.000544771
2026-09-21 03:04:02 UTC step=4224 elapsed_seconds=1143.75 mean_loss=1.91812 errors=3350/10002 exact_sentences=28/1024
2026-09-21 03:04:03 UTC completed_step=4240 elapsed_seconds=1144.41 learning_rate=0.000544357
2026-09-21 03:04:03 UTC completed_step=4256 elapsed_seconds=1145.07 learning_rate=0.000543941
2026-09-21 03:04:04 UTC completed_step=4272 elapsed_seconds=1145.72 learning_rate=0.000543525
2026-09-21 03:04:05 UTC completed_step=4288 elapsed_seconds=1146.38 learning_rate=0.000543107
2026-09-21 03:04:05 UTC completed_step=4304 elapsed_seconds=1147.03 learning_rate=0.000542687
2026-09-21 03:04:06 UTC completed_step=4320 elapsed_seconds=1147.69 learning_rate=0.000542266
2026-09-21 03:04:07 UTC completed_step=4336 elapsed_seconds=1148.34 learning_rate=0.000541844
2026-09-21 03:04:07 UTC completed_step=4352 elapsed_seconds=1149 learning_rate=0.000541421
2026-09-21 03:04:08 UTC step=4352 elapsed_seconds=1150.27 mean_loss=1.84428 errors=3242/10002 exact_sentences=26/1024
2026-09-21 03:04:09 UTC completed_step=4368 elapsed_seconds=1150.93 learning_rate=0.000540996
2026-09-21 03:04:10 UTC completed_step=4384 elapsed_seconds=1151.59 learning_rate=0.00054057
2026-09-21 03:04:10 UTC completed_step=4400 elapsed_seconds=1152.25 learning_rate=0.000540142
2026-09-21 03:04:11 UTC completed_step=4416 elapsed_seconds=1152.91 learning_rate=0.000539713
2026-09-21 03:04:12 UTC completed_step=4432 elapsed_seconds=1153.57 learning_rate=0.000539283
2026-09-21 03:04:12 UTC completed_step=4448 elapsed_seconds=1154.23 learning_rate=0.000538851
2026-09-21 03:04:13 UTC completed_step=4464 elapsed_seconds=1154.88 learning_rate=0.000538418
2026-09-21 03:04:14 UTC completed_step=4480 elapsed_seconds=1155.54 learning_rate=0.000537984
2026-09-21 03:04:15 UTC step=4480 elapsed_seconds=1156.78 mean_loss=1.76618 errors=3011/10002 exact_sentences=35/1024
2026-09-21 03:04:16 UTC completed_step=4496 elapsed_seconds=1157.45 learning_rate=0.000537549
2026-09-21 03:04:16 UTC completed_step=4512 elapsed_seconds=1158.1 learning_rate=0.000537112
2026-09-21 03:04:17 UTC completed_step=4528 elapsed_seconds=1158.76 learning_rate=0.000536674
2026-09-21 03:04:18 UTC completed_step=4544 elapsed_seconds=1159.42 learning_rate=0.000536234
2026-09-21 03:04:18 UTC completed_step=4560 elapsed_seconds=1160.07 learning_rate=0.000535793
2026-09-21 03:04:19 UTC completed_step=4576 elapsed_seconds=1160.73 learning_rate=0.000535351
2026-09-21 03:04:20 UTC completed_step=4592 elapsed_seconds=1161.39 learning_rate=0.000534908
2026-09-21 03:04:20 UTC completed_step=4608 elapsed_seconds=1162.05 learning_rate=0.000534463
2026-09-21 03:04:22 UTC step=4608 elapsed_seconds=1163.3 mean_loss=1.69551 errors=3023/10002 exact_sentences=28/1024
2026-09-21 03:04:22 UTC completed_step=4624 elapsed_seconds=1163.96 learning_rate=0.000534017
2026-09-21 03:04:23 UTC completed_step=4640 elapsed_seconds=1164.62 learning_rate=0.000533569
2026-09-21 03:04:23 UTC completed_step=4656 elapsed_seconds=1165.28 learning_rate=0.000533121
2026-09-21 03:04:24 UTC completed_step=4672 elapsed_seconds=1165.94 learning_rate=0.000532671
2026-09-21 03:04:25 UTC completed_step=4688 elapsed_seconds=1166.6 learning_rate=0.00053222
2026-09-21 03:04:25 UTC completed_step=4704 elapsed_seconds=1167.26 learning_rate=0.000531767
2026-09-21 03:04:26 UTC completed_step=4720 elapsed_seconds=1167.91 learning_rate=0.000531313
2026-09-21 03:04:27 UTC completed_step=4736 elapsed_seconds=1168.57 learning_rate=0.000530858
2026-09-21 03:04:28 UTC step=4736 elapsed_seconds=1169.85 mean_loss=1.61675 errors=2792/10002 exact_sentences=42/1024
2026-09-21 03:04:29 UTC completed_step=4752 elapsed_seconds=1170.52 learning_rate=0.000530402
2026-09-21 03:04:29 UTC completed_step=4768 elapsed_seconds=1171.18 learning_rate=0.000529944
2026-09-21 03:04:30 UTC completed_step=4784 elapsed_seconds=1171.83 learning_rate=0.000529485
2026-09-21 03:04:31 UTC completed_step=4800 elapsed_seconds=1172.49 learning_rate=0.000529025
2026-09-21 03:04:31 UTC completed_step=4816 elapsed_seconds=1173.15 learning_rate=0.000528563
2026-09-21 03:04:32 UTC completed_step=4832 elapsed_seconds=1173.81 learning_rate=0.000528101
2026-09-21 03:04:33 UTC completed_step=4848 elapsed_seconds=1174.46 learning_rate=0.000527637
2026-09-21 03:04:33 UTC completed_step=4864 elapsed_seconds=1175.12 learning_rate=0.000527171
2026-09-21 03:04:35 UTC step=4864 elapsed_seconds=1176.38 mean_loss=1.54558 errors=2671/10002 exact_sentences=60/1024
2026-09-21 03:04:35 UTC completed_step=4880 elapsed_seconds=1177.04 learning_rate=0.000526705
2026-09-21 03:04:36 UTC completed_step=4896 elapsed_seconds=1177.7 learning_rate=0.000526237
2026-09-21 03:04:37 UTC completed_step=4912 elapsed_seconds=1178.36 learning_rate=0.000525768
2026-09-21 03:04:37 UTC completed_step=4928 elapsed_seconds=1179.01 learning_rate=0.000525298
2026-09-21 03:04:38 UTC completed_step=4944 elapsed_seconds=1179.67 learning_rate=0.000524826
2026-09-21 03:04:39 UTC completed_step=4960 elapsed_seconds=1180.33 learning_rate=0.000524353
2026-09-21 03:04:39 UTC completed_step=4976 elapsed_seconds=1180.98 learning_rate=0.000523879
2026-09-21 03:04:40 UTC completed_step=4992 elapsed_seconds=1181.64 learning_rate=0.000523404
2026-09-21 03:04:41 UTC step=4992 elapsed_seconds=1182.88 mean_loss=1.47959 errors=2522/10002 exact_sentences=75/1024
2026-09-21 03:04:42 UTC completed_step=5008 elapsed_seconds=1183.54 learning_rate=0.000522927
2026-09-21 03:04:42 UTC completed_step=5024 elapsed_seconds=1184.2 learning_rate=0.00052245
2026-09-21 03:04:43 UTC completed_step=5040 elapsed_seconds=1184.86 learning_rate=0.000521971
2026-09-21 03:04:44 UTC completed_step=5056 elapsed_seconds=1185.52 learning_rate=0.000521491
2026-09-21 03:04:44 UTC completed_step=5072 elapsed_seconds=1186.18 learning_rate=0.000521009
2026-09-21 03:04:45 UTC completed_step=5088 elapsed_seconds=1186.84 learning_rate=0.000520527
2026-09-21 03:04:46 UTC completed_step=5104 elapsed_seconds=1187.5 learning_rate=0.000520043
2026-09-21 03:04:46 UTC completed_step=5120 elapsed_seconds=1188.17 learning_rate=0.000519558
2026-09-21 03:04:48 UTC step=5120 elapsed_seconds=1189.42 mean_loss=1.41113 errors=2434/10002 exact_sentences=82/1024
2026-09-21 03:04:48 UTC completed_step=5136 elapsed_seconds=1190.09 learning_rate=0.000519071
2026-09-21 03:04:49 UTC completed_step=5152 elapsed_seconds=1190.75 learning_rate=0.000518584
2026-09-21 03:04:50 UTC completed_step=5168 elapsed_seconds=1191.41 learning_rate=0.000518095
2026-09-21 03:04:50 UTC completed_step=5184 elapsed_seconds=1192.07 learning_rate=0.000517605
2026-09-21 03:04:51 UTC completed_step=5200 elapsed_seconds=1192.73 learning_rate=0.000517114
2026-09-21 03:04:52 UTC completed_step=5216 elapsed_seconds=1193.39 learning_rate=0.000516622
2026-09-21 03:04:52 UTC completed_step=5232 elapsed_seconds=1194.05 learning_rate=0.000516129
2026-09-21 03:04:53 UTC completed_step=5248 elapsed_seconds=1194.71 learning_rate=0.000515634
2026-09-21 03:04:54 UTC step=5248 elapsed_seconds=1195.97 mean_loss=1.35194 errors=2319/10002 exact_sentences=92/1024
2026-09-21 03:04:55 UTC completed_step=5264 elapsed_seconds=1196.63 learning_rate=0.000515138
2026-09-21 03:04:56 UTC completed_step=5280 elapsed_seconds=1197.29 learning_rate=0.000514641
2026-09-21 03:04:56 UTC completed_step=5296 elapsed_seconds=1197.95 learning_rate=0.000514143
2026-09-21 03:04:57 UTC completed_step=5312 elapsed_seconds=1198.61 learning_rate=0.000513644
2026-09-21 03:04:57 UTC completed_step=5328 elapsed_seconds=1199.27 learning_rate=0.000513143
2026-09-21 03:04:58 UTC completed_step=5344 elapsed_seconds=1199.93 learning_rate=0.000512641
2026-09-21 03:04:59 UTC completed_step=5360 elapsed_seconds=1200.59 learning_rate=0.000512139
2026-09-21 03:04:59 UTC completed_step=5376 elapsed_seconds=1201.25 learning_rate=0.000511635
2026-09-21 03:05:01 UTC step=5376 elapsed_seconds=1202.5 mean_loss=1.28819 errors=2209/10002 exact_sentences=115/1024
2026-09-21 03:05:01 UTC completed_step=5392 elapsed_seconds=1203.17 learning_rate=0.000511129
2026-09-21 03:05:02 UTC completed_step=5408 elapsed_seconds=1203.83 learning_rate=0.000510623
2026-09-21 03:05:03 UTC completed_step=5424 elapsed_seconds=1204.49 learning_rate=0.000510116
2026-09-21 03:05:03 UTC completed_step=5440 elapsed_seconds=1205.15 learning_rate=0.000509607
2026-09-21 03:05:04 UTC completed_step=5456 elapsed_seconds=1205.8 learning_rate=0.000509097
2026-09-21 03:05:05 UTC completed_step=5472 elapsed_seconds=1206.46 learning_rate=0.000508586
2026-09-21 03:05:05 UTC completed_step=5488 elapsed_seconds=1207.12 learning_rate=0.000508074
2026-09-21 03:05:06 UTC completed_step=5504 elapsed_seconds=1207.78 learning_rate=0.000507561
2026-09-21 03:05:07 UTC step=5504 elapsed_seconds=1209.02 mean_loss=1.22396 errors=2054/10002 exact_sentences=140/1024
2026-09-21 03:05:08 UTC completed_step=5520 elapsed_seconds=1209.69 learning_rate=0.000507047
2026-09-21 03:05:09 UTC completed_step=5536 elapsed_seconds=1210.35 learning_rate=0.000506531
2026-09-21 03:05:09 UTC completed_step=5552 elapsed_seconds=1211.01 learning_rate=0.000506015
2026-09-21 03:05:10 UTC completed_step=5568 elapsed_seconds=1211.66 learning_rate=0.000505497
2026-09-21 03:05:11 UTC completed_step=5584 elapsed_seconds=1212.32 learning_rate=0.000504978
2026-09-21 03:05:11 UTC completed_step=5600 elapsed_seconds=1212.98 learning_rate=0.000504458
2026-09-21 03:05:12 UTC completed_step=5616 elapsed_seconds=1213.64 learning_rate=0.000503937
2026-09-21 03:05:13 UTC completed_step=5632 elapsed_seconds=1214.3 learning_rate=0.000503415
2026-09-21 03:05:14 UTC step=5632 elapsed_seconds=1215.55 mean_loss=1.1687 errors=1953/10002 exact_sentences=147/1024
2026-09-21 03:05:14 UTC completed_step=5648 elapsed_seconds=1216.21 learning_rate=0.000502891
2026-09-21 03:05:15 UTC completed_step=5664 elapsed_seconds=1216.88 learning_rate=0.000502367
2026-09-21 03:05:16 UTC completed_step=5680 elapsed_seconds=1217.54 learning_rate=0.000501842
2026-09-21 03:05:16 UTC completed_step=5696 elapsed_seconds=1218.2 learning_rate=0.000501315
2026-09-21 03:05:17 UTC completed_step=5712 elapsed_seconds=1218.85 learning_rate=0.000500787
2026-09-21 03:05:18 UTC completed_step=5728 elapsed_seconds=1219.51 learning_rate=0.000500259
2026-09-21 03:05:18 UTC completed_step=5744 elapsed_seconds=1220.17 learning_rate=0.000499729
2026-09-21 03:05:19 UTC completed_step=5760 elapsed_seconds=1220.83 learning_rate=0.000499198
2026-09-21 03:05:20 UTC step=5760 elapsed_seconds=1222.07 mean_loss=1.10935 errors=1826/10002 exact_sentences=185/1024
2026-09-21 03:05:21 UTC completed_step=5776 elapsed_seconds=1222.74 learning_rate=0.000498666
2026-09-21 03:05:22 UTC completed_step=5792 elapsed_seconds=1223.4 learning_rate=0.000498133
2026-09-21 03:05:22 UTC completed_step=5808 elapsed_seconds=1224.06 learning_rate=0.000497599
2026-09-21 03:05:23 UTC completed_step=5824 elapsed_seconds=1224.72 learning_rate=0.000497063
2026-09-21 03:05:24 UTC completed_step=5840 elapsed_seconds=1225.38 learning_rate=0.000496527
2026-09-21 03:05:24 UTC completed_step=5856 elapsed_seconds=1226.04 learning_rate=0.00049599
2026-09-21 03:05:25 UTC completed_step=5872 elapsed_seconds=1226.7 learning_rate=0.000495451
2026-09-21 03:05:26 UTC completed_step=5888 elapsed_seconds=1227.36 learning_rate=0.000494912
2026-09-21 03:05:27 UTC step=5888 elapsed_seconds=1228.61 mean_loss=1.0542 errors=1683/10002 exact_sentences=224/1024
2026-09-21 03:05:27 UTC completed_step=5904 elapsed_seconds=1229.27 learning_rate=0.000494371
2026-09-21 03:05:28 UTC completed_step=5920 elapsed_seconds=1229.93 learning_rate=0.00049383
2026-09-21 03:05:29 UTC completed_step=5936 elapsed_seconds=1230.59 learning_rate=0.000493287
2026-09-21 03:05:29 UTC completed_step=5952 elapsed_seconds=1231.25 learning_rate=0.000492743
2026-09-21 03:05:30 UTC completed_step=5968 elapsed_seconds=1231.91 learning_rate=0.000492199
2026-09-21 03:05:31 UTC completed_step=5984 elapsed_seconds=1232.57 learning_rate=0.000491653
2026-09-21 03:05:31 UTC completed_step=6000 elapsed_seconds=1233.23 learning_rate=0.000491106
2026-09-21 03:05:32 UTC completed_step=6016 elapsed_seconds=1233.89 learning_rate=0.000490558
2026-09-21 03:05:33 UTC step=6016 elapsed_seconds=1235.15 mean_loss=0.997242 errors=1599/10002 exact_sentences=241/1024
2026-09-21 03:05:34 UTC completed_step=6032 elapsed_seconds=1235.82 learning_rate=0.00049001
2026-09-21 03:05:35 UTC completed_step=6048 elapsed_seconds=1236.47 learning_rate=0.00048946
2026-09-21 03:05:35 UTC completed_step=6064 elapsed_seconds=1237.13 learning_rate=0.000488909
2026-09-21 03:05:36 UTC completed_step=6080 elapsed_seconds=1237.79 learning_rate=0.000488357
2026-09-21 03:05:37 UTC completed_step=6096 elapsed_seconds=1238.45 learning_rate=0.000487804
2026-09-21 03:05:37 UTC completed_step=6112 elapsed_seconds=1239.11 learning_rate=0.00048725
2026-09-21 03:05:38 UTC completed_step=6128 elapsed_seconds=1239.77 learning_rate=0.000486695
2026-09-21 03:05:39 UTC completed_step=6144 elapsed_seconds=1240.43 learning_rate=0.000486139
2026-09-21 03:05:40 UTC step=6144 elapsed_seconds=1241.67 mean_loss=0.953928 errors=1506/10002 exact_sentences=250/1024
2026-09-21 03:05:41 UTC completed_step=6160 elapsed_seconds=1242.34 learning_rate=0.000485583
2026-09-21 03:05:41 UTC completed_step=6176 elapsed_seconds=1243 learning_rate=0.000485025
2026-09-21 03:05:42 UTC completed_step=6192 elapsed_seconds=1243.65 learning_rate=0.000484466
2026-09-21 03:05:43 UTC completed_step=6208 elapsed_seconds=1244.31 learning_rate=0.000483906
2026-09-21 03:05:43 UTC completed_step=6224 elapsed_seconds=1244.97 learning_rate=0.000483345
2026-09-21 03:05:44 UTC completed_step=6240 elapsed_seconds=1245.63 learning_rate=0.000482783
2026-09-21 03:05:44 UTC completed_step=6256 elapsed_seconds=1246.29 learning_rate=0.00048222
2026-09-21 03:05:45 UTC completed_step=6272 elapsed_seconds=1246.95 learning_rate=0.000481657
2026-09-21 03:05:46 UTC step=6272 elapsed_seconds=1248.2 mean_loss=0.89597 errors=1391/10002 exact_sentences=295/1024
2026-09-21 03:05:47 UTC completed_step=6288 elapsed_seconds=1248.86 learning_rate=0.000481092
2026-09-21 03:05:48 UTC completed_step=6304 elapsed_seconds=1249.52 learning_rate=0.000480526
2026-09-21 03:05:48 UTC completed_step=6320 elapsed_seconds=1250.18 learning_rate=0.00047996
2026-09-21 03:05:49 UTC completed_step=6336 elapsed_seconds=1250.84 learning_rate=0.000479392
2026-09-21 03:05:50 UTC completed_step=6352 elapsed_seconds=1251.49 learning_rate=0.000478823
2026-09-21 03:05:50 UTC completed_step=6368 elapsed_seconds=1252.15 learning_rate=0.000478254
2026-09-21 03:05:51 UTC completed_step=6384 elapsed_seconds=1252.81 learning_rate=0.000477684
2026-09-21 03:05:52 UTC completed_step=6400 elapsed_seconds=1253.47 learning_rate=0.000477112
2026-09-21 03:05:53 UTC step=6400 elapsed_seconds=1254.71 mean_loss=0.853604 errors=1274/10002 exact_sentences=329/1024
2026-09-21 03:05:54 UTC completed_step=6416 elapsed_seconds=1255.38 learning_rate=0.00047654
2026-09-21 03:05:54 UTC completed_step=6432 elapsed_seconds=1256.03 learning_rate=0.000475966
2026-09-21 03:05:55 UTC completed_step=6448 elapsed_seconds=1256.69 learning_rate=0.000475392
2026-09-21 03:05:56 UTC completed_step=6464 elapsed_seconds=1257.35 learning_rate=0.000474817
2026-09-21 03:05:56 UTC completed_step=6480 elapsed_seconds=1258.01 learning_rate=0.000474241
2026-09-21 03:05:57 UTC completed_step=6496 elapsed_seconds=1258.67 learning_rate=0.000473664
2026-09-21 03:05:58 UTC completed_step=6512 elapsed_seconds=1259.33 learning_rate=0.000473086
2026-09-21 03:05:58 UTC completed_step=6528 elapsed_seconds=1259.99 learning_rate=0.000472507
2026-09-21 03:05:59 UTC step=6528 elapsed_seconds=1261.26 mean_loss=0.80722 errors=1194/10002 exact_sentences=367/1024
2026-09-21 03:06:00 UTC completed_step=6544 elapsed_seconds=1261.92 learning_rate=0.000471928
2026-09-21 03:06:01 UTC completed_step=6560 elapsed_seconds=1262.58 learning_rate=0.000471347
2026-09-21 03:06:01 UTC completed_step=6576 elapsed_seconds=1263.23 learning_rate=0.000470766
2026-09-21 03:06:02 UTC completed_step=6592 elapsed_seconds=1263.89 learning_rate=0.000470183
2026-09-21 03:06:03 UTC completed_step=6608 elapsed_seconds=1264.55 learning_rate=0.0004696
2026-09-21 03:06:03 UTC completed_step=6624 elapsed_seconds=1265.2 learning_rate=0.000469016
2026-09-21 03:06:04 UTC completed_step=6640 elapsed_seconds=1265.86 learning_rate=0.000468431
2026-09-21 03:06:05 UTC completed_step=6656 elapsed_seconds=1266.52 learning_rate=0.000467845
2026-09-21 03:06:06 UTC step=6656 elapsed_seconds=1267.79 mean_loss=0.76588 errors=1127/10002 exact_sentences=383/1024
2026-09-21 03:06:07 UTC completed_step=6672 elapsed_seconds=1268.46 learning_rate=0.000467258
2026-09-21 03:06:07 UTC completed_step=6688 elapsed_seconds=1269.11 learning_rate=0.00046667
2026-09-21 03:06:08 UTC completed_step=6704 elapsed_seconds=1269.77 learning_rate=0.000466081
2026-09-21 03:06:09 UTC completed_step=6720 elapsed_seconds=1270.43 learning_rate=0.000465492
2026-09-21 03:06:09 UTC completed_step=6736 elapsed_seconds=1271.08 learning_rate=0.000464902
2026-09-21 03:06:10 UTC completed_step=6752 elapsed_seconds=1271.74 learning_rate=0.00046431
2026-09-21 03:06:11 UTC completed_step=6768 elapsed_seconds=1272.4 learning_rate=0.000463718
2026-09-21 03:06:11 UTC completed_step=6784 elapsed_seconds=1273.06 learning_rate=0.000463125
2026-09-21 03:06:13 UTC step=6784 elapsed_seconds=1274.33 mean_loss=0.720918 errors=1038/10002 exact_sentences=419/1024
2026-09-21 03:06:13 UTC completed_step=6800 elapsed_seconds=1274.99 learning_rate=0.000462532
2026-09-21 03:06:14 UTC completed_step=6816 elapsed_seconds=1275.64 learning_rate=0.000461937
2026-09-21 03:06:15 UTC completed_step=6832 elapsed_seconds=1276.3 learning_rate=0.000461342
2026-09-21 03:06:15 UTC completed_step=6848 elapsed_seconds=1276.96 learning_rate=0.000460745
2026-09-21 03:06:16 UTC completed_step=6864 elapsed_seconds=1277.61 learning_rate=0.000460148
2026-09-21 03:06:16 UTC completed_step=6880 elapsed_seconds=1278.27 learning_rate=0.00045955
2026-09-21 03:06:17 UTC completed_step=6896 elapsed_seconds=1278.92 learning_rate=0.000458951
2026-09-21 03:06:18 UTC completed_step=6912 elapsed_seconds=1279.58 learning_rate=0.000458352
2026-09-21 03:06:19 UTC step=6912 elapsed_seconds=1280.85 mean_loss=0.681688 errors=998/10002 exact_sentences=437/1024
2026-09-21 03:06:20 UTC completed_step=6928 elapsed_seconds=1281.51 learning_rate=0.000457751
2026-09-21 03:06:20 UTC completed_step=6944 elapsed_seconds=1282.17 learning_rate=0.00045715
2026-09-21 03:06:21 UTC completed_step=6960 elapsed_seconds=1282.82 learning_rate=0.000456548
2026-09-21 03:06:22 UTC completed_step=6976 elapsed_seconds=1283.49 learning_rate=0.000455945
2026-09-21 03:06:22 UTC completed_step=6992 elapsed_seconds=1284.15 learning_rate=0.000455342
2026-09-21 03:06:23 UTC completed_step=7008 elapsed_seconds=1284.8 learning_rate=0.000454737
2026-09-21 03:06:24 UTC completed_step=7024 elapsed_seconds=1285.46 learning_rate=0.000454132
2026-09-21 03:06:24 UTC completed_step=7040 elapsed_seconds=1286.12 learning_rate=0.000453526
2026-09-21 03:06:26 UTC step=7040 elapsed_seconds=1287.38 mean_loss=0.639469 errors=913/10002 exact_sentences=476/1024
2026-09-21 03:06:26 UTC completed_step=7056 elapsed_seconds=1288.04 learning_rate=0.000452919
2026-09-21 03:06:27 UTC completed_step=7072 elapsed_seconds=1288.7 learning_rate=0.000452312
2026-09-21 03:06:28 UTC completed_step=7088 elapsed_seconds=1289.36 learning_rate=0.000451703
2026-09-21 03:06:28 UTC completed_step=7104 elapsed_seconds=1290.02 learning_rate=0.000451094
2026-09-21 03:06:29 UTC completed_step=7120 elapsed_seconds=1290.68 learning_rate=0.000450484
2026-09-21 03:06:30 UTC completed_step=7136 elapsed_seconds=1291.34 learning_rate=0.000449873
2026-09-21 03:06:30 UTC completed_step=7152 elapsed_seconds=1291.99 learning_rate=0.000449262
2026-09-21 03:06:31 UTC completed_step=7168 elapsed_seconds=1292.65 learning_rate=0.00044865
2026-09-21 03:06:32 UTC step=7168 elapsed_seconds=1293.9 mean_loss=0.601262 errors=849/10002 exact_sentences=500/1024
2026-09-21 03:06:33 UTC completed_step=7184 elapsed_seconds=1294.56 learning_rate=0.000448037
2026-09-21 03:06:33 UTC completed_step=7200 elapsed_seconds=1295.22 learning_rate=0.000447423
2026-09-21 03:06:34 UTC completed_step=7216 elapsed_seconds=1295.88 learning_rate=0.000446808
2026-09-21 03:06:35 UTC completed_step=7232 elapsed_seconds=1296.54 learning_rate=0.000446193
2026-09-21 03:06:35 UTC completed_step=7248 elapsed_seconds=1297.2 learning_rate=0.000445577
2026-09-21 03:06:36 UTC completed_step=7264 elapsed_seconds=1297.86 learning_rate=0.00044496
2026-09-21 03:06:37 UTC completed_step=7280 elapsed_seconds=1298.52 learning_rate=0.000444343
2026-09-21 03:06:37 UTC completed_step=7296 elapsed_seconds=1299.17 learning_rate=0.000443725
2026-09-21 03:06:39 UTC step=7296 elapsed_seconds=1300.42 mean_loss=0.568607 errors=763/10002 exact_sentences=551/1024
2026-09-21 03:06:39 UTC completed_step=7312 elapsed_seconds=1301.08 learning_rate=0.000443106
2026-09-21 03:06:40 UTC completed_step=7328 elapsed_seconds=1301.74 learning_rate=0.000442486
2026-09-21 03:06:41 UTC completed_step=7344 elapsed_seconds=1302.4 learning_rate=0.000441866
2026-09-21 03:06:41 UTC completed_step=7360 elapsed_seconds=1303.06 learning_rate=0.000441245
2026-09-21 03:06:42 UTC completed_step=7376 elapsed_seconds=1303.72 learning_rate=0.000440623
2026-09-21 03:06:43 UTC completed_step=7392 elapsed_seconds=1304.38 learning_rate=0.000440001
2026-09-21 03:06:43 UTC completed_step=7408 elapsed_seconds=1305.03 learning_rate=0.000439377
2026-09-21 03:06:44 UTC completed_step=7424 elapsed_seconds=1305.69 learning_rate=0.000438754
2026-09-21 03:06:45 UTC step=7424 elapsed_seconds=1306.96 mean_loss=0.535885 errors=721/10002 exact_sentences=567/1024
2026-09-21 03:06:46 UTC completed_step=7440 elapsed_seconds=1307.63 learning_rate=0.000438129
2026-09-21 03:06:46 UTC completed_step=7456 elapsed_seconds=1308.28 learning_rate=0.000437504
2026-09-21 03:06:47 UTC completed_step=7472 elapsed_seconds=1308.94 learning_rate=0.000436878
2026-09-21 03:06:48 UTC completed_step=7488 elapsed_seconds=1309.6 learning_rate=0.000436251
2026-09-21 03:06:48 UTC completed_step=7504 elapsed_seconds=1310.26 learning_rate=0.000435624
2026-09-21 03:06:49 UTC completed_step=7520 elapsed_seconds=1310.92 learning_rate=0.000434996
2026-09-21 03:06:50 UTC completed_step=7536 elapsed_seconds=1311.57 learning_rate=0.000434367
2026-09-21 03:06:50 UTC completed_step=7552 elapsed_seconds=1312.23 learning_rate=0.000433738
2026-09-21 03:06:52 UTC step=7552 elapsed_seconds=1313.5 mean_loss=0.49917 errors=627/10002 exact_sentences=613/1024
2026-09-21 03:06:52 UTC completed_step=7568 elapsed_seconds=1314.16 learning_rate=0.000433108
2026-09-21 03:06:53 UTC completed_step=7584 elapsed_seconds=1314.82 learning_rate=0.000432477
2026-09-21 03:06:54 UTC completed_step=7600 elapsed_seconds=1315.48 learning_rate=0.000431846
2026-09-21 03:06:54 UTC completed_step=7616 elapsed_seconds=1316.14 learning_rate=0.000431214
2026-09-21 03:06:55 UTC completed_step=7632 elapsed_seconds=1316.79 learning_rate=0.000430581
2026-09-21 03:06:56 UTC completed_step=7648 elapsed_seconds=1317.45 learning_rate=0.000429948
2026-09-21 03:06:56 UTC completed_step=7664 elapsed_seconds=1318.11 learning_rate=0.000429314
2026-09-21 03:06:57 UTC completed_step=7680 elapsed_seconds=1318.77 learning_rate=0.00042868
2026-09-21 03:06:58 UTC step=7680 elapsed_seconds=1320.01 mean_loss=0.473919 errors=612/10002 exact_sentences=624/1024
2026-09-21 03:06:59 UTC completed_step=7696 elapsed_seconds=1320.68 learning_rate=0.000428045
2026-09-21 03:07:00 UTC completed_step=7712 elapsed_seconds=1321.34 learning_rate=0.000427409
2026-09-21 03:07:00 UTC completed_step=7728 elapsed_seconds=1322 learning_rate=0.000426773
2026-09-21 03:07:01 UTC completed_step=7744 elapsed_seconds=1322.66 learning_rate=0.000426136
2026-09-21 03:07:02 UTC completed_step=7760 elapsed_seconds=1323.32 learning_rate=0.000425498
2026-09-21 03:07:02 UTC completed_step=7776 elapsed_seconds=1323.98 learning_rate=0.00042486
2026-09-21 03:07:03 UTC completed_step=7792 elapsed_seconds=1324.64 learning_rate=0.000424221
2026-09-21 03:07:04 UTC completed_step=7808 elapsed_seconds=1325.3 learning_rate=0.000423582
2026-09-21 03:07:05 UTC step=7808 elapsed_seconds=1326.54 mean_loss=0.441511 errors=537/10002 exact_sentences=663/1024
2026-09-21 03:07:05 UTC completed_step=7824 elapsed_seconds=1327.21 learning_rate=0.000422942
2026-09-21 03:07:06 UTC completed_step=7840 elapsed_seconds=1327.87 learning_rate=0.000422301
2026-09-21 03:07:07 UTC completed_step=7856 elapsed_seconds=1328.53 learning_rate=0.00042166
2026-09-21 03:07:07 UTC completed_step=7872 elapsed_seconds=1329.19 learning_rate=0.000421018
2026-09-21 03:07:08 UTC completed_step=7888 elapsed_seconds=1329.85 learning_rate=0.000420376
2026-09-21 03:07:09 UTC completed_step=7904 elapsed_seconds=1330.51 learning_rate=0.000419733
2026-09-21 03:07:09 UTC completed_step=7920 elapsed_seconds=1331.17 learning_rate=0.000419089
2026-09-21 03:07:10 UTC completed_step=7936 elapsed_seconds=1331.83 learning_rate=0.000418445
2026-09-21 03:07:11 UTC step=7936 elapsed_seconds=1333.09 mean_loss=0.415653 errors=521/10002 exact_sentences=661/1024
2026-09-21 03:07:12 UTC completed_step=7952 elapsed_seconds=1333.75 learning_rate=0.0004178
2026-09-21 03:07:13 UTC completed_step=7968 elapsed_seconds=1334.41 learning_rate=0.000417155
2026-09-21 03:07:13 UTC completed_step=7984 elapsed_seconds=1335.07 learning_rate=0.000416509
2026-09-21 03:07:14 UTC completed_step=8000 elapsed_seconds=1335.73 learning_rate=0.000415863
2026-09-21 03:07:15 UTC completed_step=8016 elapsed_seconds=1336.4 learning_rate=0.000415216
2026-09-21 03:07:15 UTC completed_step=8032 elapsed_seconds=1337.05 learning_rate=0.000414569
2026-09-21 03:07:16 UTC completed_step=8048 elapsed_seconds=1337.72 learning_rate=0.000413921
2026-09-21 03:07:17 UTC completed_step=8064 elapsed_seconds=1338.38 learning_rate=0.000413272
2026-09-21 03:07:18 UTC step=8064 elapsed_seconds=1339.63 mean_loss=0.390956 errors=458/10002 exact_sentences=708/1024
2026-09-21 03:07:19 UTC completed_step=8080 elapsed_seconds=1340.29 learning_rate=0.000412623
2026-09-21 03:07:19 UTC completed_step=8096 elapsed_seconds=1340.95 learning_rate=0.000411974
2026-09-21 03:07:20 UTC completed_step=8112 elapsed_seconds=1341.61 learning_rate=0.000411324
2026-09-21 03:07:20 UTC completed_step=8128 elapsed_seconds=1342.27 learning_rate=0.000410673
2026-09-21 03:07:21 UTC completed_step=8144 elapsed_seconds=1342.92 learning_rate=0.000410022
2026-09-21 03:07:22 UTC completed_step=8160 elapsed_seconds=1343.58 learning_rate=0.000409371
2026-09-21 03:07:22 UTC completed_step=8176 elapsed_seconds=1344.24 learning_rate=0.000408718
2026-09-21 03:07:23 UTC completed_step=8192 elapsed_seconds=1344.9 learning_rate=0.000408066
2026-09-21 03:07:24 UTC step=8192 elapsed_seconds=1346.14 mean_loss=0.364699 errors=422/10002 exact_sentences=718/1024
2026-09-21 03:07:25 UTC completed_step=8208 elapsed_seconds=1346.81 learning_rate=0.000407413
2026-09-21 03:07:26 UTC completed_step=8224 elapsed_seconds=1347.47 learning_rate=0.000406759
2026-09-21 03:07:26 UTC completed_step=8240 elapsed_seconds=1348.13 learning_rate=0.000406105
2026-09-21 03:07:27 UTC completed_step=8256 elapsed_seconds=1348.79 learning_rate=0.00040545
2026-09-21 03:07:28 UTC completed_step=8272 elapsed_seconds=1349.45 learning_rate=0.000404795
2026-09-21 03:07:28 UTC completed_step=8288 elapsed_seconds=1350.11 learning_rate=0.00040414
2026-09-21 03:07:29 UTC completed_step=8304 elapsed_seconds=1350.77 learning_rate=0.000403484
2026-09-21 03:07:30 UTC completed_step=8320 elapsed_seconds=1351.43 learning_rate=0.000402827
2026-09-21 03:07:31 UTC step=8320 elapsed_seconds=1352.68 mean_loss=0.339634 errors=364/10002 exact_sentences=759/1024
2026-09-21 03:07:32 UTC completed_step=8336 elapsed_seconds=1353.34 learning_rate=0.00040217
2026-09-21 03:07:32 UTC completed_step=8352 elapsed_seconds=1353.99 learning_rate=0.000401513
2026-09-21 03:07:33 UTC completed_step=8368 elapsed_seconds=1354.65 learning_rate=0.000400855
2026-09-21 03:07:34 UTC completed_step=8384 elapsed_seconds=1355.31 learning_rate=0.000400197
2026-09-21 03:07:34 UTC completed_step=8400 elapsed_seconds=1355.97 learning_rate=0.000399538
2026-09-21 03:07:35 UTC completed_step=8416 elapsed_seconds=1356.62 learning_rate=0.000398879
2026-09-21 03:07:35 UTC completed_step=8432 elapsed_seconds=1357.28 learning_rate=0.000398219
2026-09-21 03:07:36 UTC completed_step=8448 elapsed_seconds=1357.94 learning_rate=0.000397559
2026-09-21 03:07:37 UTC step=8448 elapsed_seconds=1359.22 mean_loss=0.317704 errors=324/10002 exact_sentences=784/1024
2026-09-21 03:07:38 UTC completed_step=8464 elapsed_seconds=1359.88 learning_rate=0.000396899
2026-09-21 03:07:39 UTC completed_step=8480 elapsed_seconds=1360.54 learning_rate=0.000396238
2026-09-21 03:07:39 UTC completed_step=8496 elapsed_seconds=1361.2 learning_rate=0.000395576
2026-09-21 03:07:40 UTC completed_step=8512 elapsed_seconds=1361.86 learning_rate=0.000394914
2026-09-21 03:07:41 UTC completed_step=8528 elapsed_seconds=1362.52 learning_rate=0.000394252
2026-09-21 03:07:41 UTC completed_step=8544 elapsed_seconds=1363.18 learning_rate=0.00039359
2026-09-21 03:07:42 UTC completed_step=8560 elapsed_seconds=1363.84 learning_rate=0.000392927
2026-09-21 03:07:43 UTC completed_step=8576 elapsed_seconds=1364.49 learning_rate=0.000392263
2026-09-21 03:07:44 UTC step=8576 elapsed_seconds=1365.74 mean_loss=0.301846 errors=321/10002 exact_sentences=787/1024
2026-09-21 03:07:45 UTC completed_step=8592 elapsed_seconds=1366.4 learning_rate=0.000391599
2026-09-21 03:07:45 UTC completed_step=8608 elapsed_seconds=1367.06 learning_rate=0.000390935
2026-09-21 03:07:46 UTC completed_step=8624 elapsed_seconds=1367.71 learning_rate=0.000390271
2026-09-21 03:07:47 UTC completed_step=8640 elapsed_seconds=1368.37 learning_rate=0.000389606
2026-09-21 03:07:47 UTC completed_step=8656 elapsed_seconds=1369.03 learning_rate=0.00038894
2026-09-21 03:07:48 UTC completed_step=8672 elapsed_seconds=1369.69 learning_rate=0.000388275
2026-09-21 03:07:49 UTC completed_step=8688 elapsed_seconds=1370.35 learning_rate=0.000387608
2026-09-21 03:07:49 UTC completed_step=8704 elapsed_seconds=1371 learning_rate=0.000386942
2026-09-21 03:07:50 UTC step=8704 elapsed_seconds=1372.26 mean_loss=0.281171 errors=270/10002 exact_sentences=824/1024
2026-09-21 03:07:51 UTC completed_step=8720 elapsed_seconds=1372.92 learning_rate=0.000386275
2026-09-21 03:07:52 UTC completed_step=8736 elapsed_seconds=1373.58 learning_rate=0.000385608
2026-09-21 03:07:52 UTC completed_step=8752 elapsed_seconds=1374.24 learning_rate=0.00038494
2026-09-21 03:07:53 UTC completed_step=8768 elapsed_seconds=1374.9 learning_rate=0.000384272
2026-09-21 03:07:54 UTC completed_step=8784 elapsed_seconds=1375.55 learning_rate=0.000383604
2026-09-21 03:07:54 UTC completed_step=8800 elapsed_seconds=1376.21 learning_rate=0.000382936
2026-09-21 03:07:55 UTC completed_step=8816 elapsed_seconds=1376.87 learning_rate=0.000382267
2026-09-21 03:07:56 UTC completed_step=8832 elapsed_seconds=1377.53 learning_rate=0.000381597
2026-09-21 03:07:57 UTC step=8832 elapsed_seconds=1378.8 mean_loss=0.261191 errors=232/10002 exact_sentences=847/1024
2026-09-21 03:07:58 UTC completed_step=8848 elapsed_seconds=1379.47 learning_rate=0.000380928
2026-09-21 03:07:58 UTC completed_step=8864 elapsed_seconds=1380.12 learning_rate=0.000380258
2026-09-21 03:07:59 UTC completed_step=8880 elapsed_seconds=1380.78 learning_rate=0.000379588
2026-09-21 03:08:00 UTC completed_step=8896 elapsed_seconds=1381.45 learning_rate=0.000378917
2026-09-21 03:08:00 UTC completed_step=8912 elapsed_seconds=1382.11 learning_rate=0.000378246
2026-09-21 03:08:01 UTC completed_step=8928 elapsed_seconds=1382.78 learning_rate=0.000377575
2026-09-21 03:08:02 UTC completed_step=8944 elapsed_seconds=1383.44 learning_rate=0.000376904
2026-09-21 03:08:02 UTC completed_step=8960 elapsed_seconds=1384.11 learning_rate=0.000376232
2026-09-21 03:08:04 UTC step=8960 elapsed_seconds=1385.37 mean_loss=0.243382 errors=231/10002 exact_sentences=846/1024
2026-09-21 03:08:04 UTC completed_step=8976 elapsed_seconds=1386.03 learning_rate=0.00037556
2026-09-21 03:08:05 UTC completed_step=8992 elapsed_seconds=1386.7 learning_rate=0.000374887
2026-09-21 03:08:06 UTC completed_step=9008 elapsed_seconds=1387.36 learning_rate=0.000374215
2026-09-21 03:08:06 UTC completed_step=9024 elapsed_seconds=1388.02 learning_rate=0.000373542
2026-09-21 03:08:07 UTC completed_step=9040 elapsed_seconds=1388.68 learning_rate=0.000372869
2026-09-21 03:08:08 UTC completed_step=9056 elapsed_seconds=1389.35 learning_rate=0.000372195
2026-09-21 03:08:08 UTC completed_step=9072 elapsed_seconds=1390.01 learning_rate=0.000371521
2026-09-21 03:08:09 UTC completed_step=9088 elapsed_seconds=1390.67 learning_rate=0.000370847
2026-09-21 03:08:10 UTC step=9088 elapsed_seconds=1391.92 mean_loss=0.226216 errors=205/10002 exact_sentences=859/1024
2026-09-21 03:08:11 UTC completed_step=9104 elapsed_seconds=1392.58 learning_rate=0.000370173
2026-09-21 03:08:11 UTC completed_step=9120 elapsed_seconds=1393.24 learning_rate=0.000369499
2026-09-21 03:08:12 UTC completed_step=9136 elapsed_seconds=1393.9 learning_rate=0.000368824
2026-09-21 03:08:13 UTC completed_step=9152 elapsed_seconds=1394.56 learning_rate=0.000368149
2026-09-21 03:08:13 UTC completed_step=9168 elapsed_seconds=1395.22 learning_rate=0.000367474
2026-09-21 03:08:14 UTC completed_step=9184 elapsed_seconds=1395.87 learning_rate=0.000366798
2026-09-21 03:08:15 UTC completed_step=9200 elapsed_seconds=1396.53 learning_rate=0.000366122
2026-09-21 03:08:15 UTC completed_step=9216 elapsed_seconds=1397.19 learning_rate=0.000365446
2026-09-21 03:08:17 UTC step=9216 elapsed_seconds=1398.44 mean_loss=0.211186 errors=170/10002 exact_sentences=891/1024
2026-09-21 03:08:17 UTC completed_step=9232 elapsed_seconds=1399.1 learning_rate=0.00036477
2026-09-21 03:08:18 UTC completed_step=9248 elapsed_seconds=1399.76 learning_rate=0.000364094
2026-09-21 03:08:19 UTC completed_step=9264 elapsed_seconds=1400.42 learning_rate=0.000363417
2026-09-21 03:08:19 UTC completed_step=9280 elapsed_seconds=1401.07 learning_rate=0.00036274
2026-09-21 03:08:20 UTC completed_step=9296 elapsed_seconds=1401.73 learning_rate=0.000362063
2026-09-21 03:08:21 UTC completed_step=9312 elapsed_seconds=1402.39 learning_rate=0.000361386
2026-09-21 03:08:21 UTC completed_step=9328 elapsed_seconds=1403.04 learning_rate=0.000360708
2026-09-21 03:08:22 UTC completed_step=9344 elapsed_seconds=1403.7 learning_rate=0.000360031
2026-09-21 03:08:23 UTC step=9344 elapsed_seconds=1404.97 mean_loss=0.196982 errors=158/10002 exact_sentences=893/1024
2026-09-21 03:08:24 UTC completed_step=9360 elapsed_seconds=1405.64 learning_rate=0.000359353
2026-09-21 03:08:25 UTC completed_step=9376 elapsed_seconds=1406.3 learning_rate=0.000358675
2026-09-21 03:08:25 UTC completed_step=9392 elapsed_seconds=1406.96 learning_rate=0.000357997
2026-09-21 03:08:26 UTC completed_step=9408 elapsed_seconds=1407.62 learning_rate=0.000357318
2026-09-21 03:08:26 UTC completed_step=9424 elapsed_seconds=1408.29 learning_rate=0.00035664
2026-09-21 03:08:27 UTC completed_step=9440 elapsed_seconds=1408.95 learning_rate=0.000355961
2026-09-21 03:08:28 UTC completed_step=9456 elapsed_seconds=1409.61 learning_rate=0.000355282
2026-09-21 03:08:28 UTC completed_step=9472 elapsed_seconds=1410.27 learning_rate=0.000354603
2026-09-21 03:08:30 UTC step=9472 elapsed_seconds=1411.53 mean_loss=0.184212 errors=139/10002 exact_sentences=907/1024
2026-09-21 03:08:30 UTC completed_step=9488 elapsed_seconds=1412.19 learning_rate=0.000353924
2026-09-21 03:08:31 UTC completed_step=9504 elapsed_seconds=1412.85 learning_rate=0.000353244
2026-09-21 03:08:32 UTC completed_step=9520 elapsed_seconds=1413.51 learning_rate=0.000352565
2026-09-21 03:08:32 UTC completed_step=9536 elapsed_seconds=1414.16 learning_rate=0.000351885
2026-09-21 03:08:33 UTC completed_step=9552 elapsed_seconds=1414.82 learning_rate=0.000351205
2026-09-21 03:08:34 UTC completed_step=9568 elapsed_seconds=1415.48 learning_rate=0.000350525
2026-09-21 03:08:34 UTC completed_step=9584 elapsed_seconds=1416.14 learning_rate=0.000349845
2026-09-21 03:08:35 UTC completed_step=9600 elapsed_seconds=1416.8 learning_rate=0.000349165
2026-09-21 03:08:36 UTC step=9600 elapsed_seconds=1418.05 mean_loss=0.169914 errors=130/10002 exact_sentences=915/1024
2026-09-21 03:08:37 UTC completed_step=9616 elapsed_seconds=1418.72 learning_rate=0.000348485
2026-09-21 03:08:38 UTC completed_step=9632 elapsed_seconds=1419.38 learning_rate=0.000347804
2026-09-21 03:08:38 UTC completed_step=9648 elapsed_seconds=1420.04 learning_rate=0.000347124
2026-09-21 03:08:39 UTC completed_step=9664 elapsed_seconds=1420.7 learning_rate=0.000346443
2026-09-21 03:08:40 UTC completed_step=9680 elapsed_seconds=1421.36 learning_rate=0.000345762
2026-09-21 03:08:40 UTC completed_step=9696 elapsed_seconds=1422.02 learning_rate=0.000345081
2026-09-21 03:08:41 UTC completed_step=9712 elapsed_seconds=1422.68 learning_rate=0.0003444
2026-09-21 03:08:42 UTC completed_step=9728 elapsed_seconds=1423.33 learning_rate=0.000343719
2026-09-21 03:08:43 UTC step=9728 elapsed_seconds=1424.58 mean_loss=0.161291 errors=112/10002 exact_sentences=925/1024
2026-09-21 03:08:43 UTC completed_step=9744 elapsed_seconds=1425.25 learning_rate=0.000343038
2026-09-21 03:08:44 UTC completed_step=9760 elapsed_seconds=1425.91 learning_rate=0.000342357
2026-09-21 03:08:45 UTC completed_step=9776 elapsed_seconds=1426.56 learning_rate=0.000341676
2026-09-21 03:08:45 UTC completed_step=9792 elapsed_seconds=1427.22 learning_rate=0.000340994
2026-09-21 03:08:46 UTC completed_step=9808 elapsed_seconds=1427.88 learning_rate=0.000340313
2026-09-21 03:08:47 UTC completed_step=9824 elapsed_seconds=1428.54 learning_rate=0.000339631
2026-09-21 03:08:47 UTC completed_step=9840 elapsed_seconds=1429.2 learning_rate=0.00033895
2026-09-21 03:08:48 UTC completed_step=9856 elapsed_seconds=1429.86 learning_rate=0.000338268
2026-09-21 03:08:49 UTC step=9856 elapsed_seconds=1431.1 mean_loss=0.150467 errors=103/10002 exact_sentences=936/1024
2026-09-21 03:08:50 UTC completed_step=9872 elapsed_seconds=1431.76 learning_rate=0.000337586
2026-09-21 03:08:51 UTC completed_step=9888 elapsed_seconds=1432.42 learning_rate=0.000336904
2026-09-21 03:08:51 UTC completed_step=9904 elapsed_seconds=1433.08 learning_rate=0.000336223
2026-09-21 03:08:52 UTC completed_step=9920 elapsed_seconds=1433.74 learning_rate=0.000335541
2026-09-21 03:08:53 UTC completed_step=9936 elapsed_seconds=1434.4 learning_rate=0.000334859
2026-09-21 03:08:53 UTC completed_step=9952 elapsed_seconds=1435.06 learning_rate=0.000334177
2026-09-21 03:08:54 UTC completed_step=9968 elapsed_seconds=1435.72 learning_rate=0.000333495
2026-09-21 03:08:55 UTC completed_step=9984 elapsed_seconds=1436.37 learning_rate=0.000332813
2026-09-21 03:08:56 UTC step=9984 elapsed_seconds=1437.65 mean_loss=0.137068 errors=85/10002 exact_sentences=950/1024
2026-09-21 03:08:57 UTC completed_step=10000 elapsed_seconds=1438.31 learning_rate=0.000332131
2026-09-21 03:08:57 UTC completed_step=10016 elapsed_seconds=1438.97 learning_rate=0.000331449
2026-09-21 03:08:58 UTC completed_step=10032 elapsed_seconds=1439.63 learning_rate=0.000330767
2026-09-21 03:08:59 UTC completed_step=10048 elapsed_seconds=1440.29 learning_rate=0.000330085
2026-09-21 03:08:59 UTC completed_step=10064 elapsed_seconds=1440.95 learning_rate=0.000329403
2026-09-21 03:09:00 UTC completed_step=10080 elapsed_seconds=1441.61 learning_rate=0.000328721
2026-09-21 03:09:00 UTC completed_step=10096 elapsed_seconds=1442.27 learning_rate=0.000328039
2026-09-21 03:09:01 UTC completed_step=10112 elapsed_seconds=1442.94 learning_rate=0.000327357
2026-09-21 03:09:02 UTC step=10112 elapsed_seconds=1444.19 mean_loss=0.127596 errors=75/10002 exact_sentences=957/1024
2026-09-21 03:09:03 UTC completed_step=10128 elapsed_seconds=1444.85 learning_rate=0.000326675
2026-09-21 03:09:04 UTC completed_step=10144 elapsed_seconds=1445.51 learning_rate=0.000325993
2026-09-21 03:09:04 UTC completed_step=10160 elapsed_seconds=1446.17 learning_rate=0.000325312
2026-09-21 03:09:05 UTC completed_step=10176 elapsed_seconds=1446.84 learning_rate=0.00032463
2026-09-21 03:09:06 UTC completed_step=10192 elapsed_seconds=1447.49 learning_rate=0.000323948
2026-09-21 03:09:06 UTC completed_step=10208 elapsed_seconds=1448.15 learning_rate=0.000323266
2026-09-21 03:09:07 UTC completed_step=10224 elapsed_seconds=1448.81 learning_rate=0.000322584
2026-09-21 03:09:08 UTC completed_step=10240 elapsed_seconds=1449.47 learning_rate=0.000321903
2026-09-21 03:09:09 UTC step=10240 elapsed_seconds=1450.75 mean_loss=0.122237 errors=68/10002 exact_sentences=963/1024
2026-09-21 03:09:10 UTC completed_step=10256 elapsed_seconds=1451.41 learning_rate=0.000321221
2026-09-21 03:09:10 UTC completed_step=10272 elapsed_seconds=1452.07 learning_rate=0.000320539
2026-09-21 03:09:11 UTC completed_step=10288 elapsed_seconds=1452.72 learning_rate=0.000319858
2026-09-21 03:09:12 UTC completed_step=10304 elapsed_seconds=1453.38 learning_rate=0.000319176
2026-09-21 03:09:12 UTC completed_step=10320 elapsed_seconds=1454.04 learning_rate=0.000318495
2026-09-21 03:09:13 UTC completed_step=10336 elapsed_seconds=1454.7 learning_rate=0.000317814
2026-09-21 03:09:14 UTC completed_step=10352 elapsed_seconds=1455.35 learning_rate=0.000317132
2026-09-21 03:09:14 UTC completed_step=10368 elapsed_seconds=1456.01 learning_rate=0.000316451
2026-09-21 03:09:15 UTC step=10368 elapsed_seconds=1457.26 mean_loss=0.112055 errors=58/10002 exact_sentences=973/1024
2026-09-21 03:09:16 UTC completed_step=10384 elapsed_seconds=1457.92 learning_rate=0.00031577
2026-09-21 03:09:17 UTC completed_step=10400 elapsed_seconds=1458.58 learning_rate=0.000315089
2026-09-21 03:09:17 UTC completed_step=10416 elapsed_seconds=1459.24 learning_rate=0.000314408
2026-09-21 03:09:18 UTC completed_step=10432 elapsed_seconds=1459.9 learning_rate=0.000313727
2026-09-21 03:09:19 UTC completed_step=10448 elapsed_seconds=1460.56 learning_rate=0.000313047
2026-09-21 03:09:19 UTC completed_step=10464 elapsed_seconds=1461.21 learning_rate=0.000312366
2026-09-21 03:09:20 UTC completed_step=10480 elapsed_seconds=1461.88 learning_rate=0.000311685
2026-09-21 03:09:21 UTC completed_step=10496 elapsed_seconds=1462.54 learning_rate=0.000311005
2026-09-21 03:09:22 UTC step=10496 elapsed_seconds=1463.79 mean_loss=0.104756 errors=61/10002 exact_sentences=967/1024
2026-09-21 03:09:23 UTC completed_step=10512 elapsed_seconds=1464.46 learning_rate=0.000310325
2026-09-21 03:09:23 UTC completed_step=10528 elapsed_seconds=1465.12 learning_rate=0.000309645
2026-09-21 03:09:24 UTC completed_step=10544 elapsed_seconds=1465.78 learning_rate=0.000308965
2026-09-21 03:09:25 UTC completed_step=10560 elapsed_seconds=1466.44 learning_rate=0.000308285
2026-09-21 03:09:25 UTC completed_step=10576 elapsed_seconds=1467.1 learning_rate=0.000307605
2026-09-21 03:09:26 UTC completed_step=10592 elapsed_seconds=1467.76 learning_rate=0.000306926
2026-09-21 03:09:27 UTC completed_step=10608 elapsed_seconds=1468.42 learning_rate=0.000306246
2026-09-21 03:09:27 UTC completed_step=10624 elapsed_seconds=1469.08 learning_rate=0.000305567
2026-09-21 03:09:29 UTC step=10624 elapsed_seconds=1470.34 mean_loss=0.100188 errors=65/10002 exact_sentences=967/1024
2026-09-21 03:09:29 UTC completed_step=10640 elapsed_seconds=1471 learning_rate=0.000304888
2026-09-21 03:09:30 UTC completed_step=10656 elapsed_seconds=1471.66 learning_rate=0.000304209
2026-09-21 03:09:31 UTC completed_step=10672 elapsed_seconds=1472.31 learning_rate=0.00030353
2026-09-21 03:09:31 UTC completed_step=10688 elapsed_seconds=1472.97 learning_rate=0.000302851
2026-09-21 03:09:32 UTC completed_step=10704 elapsed_seconds=1473.63 learning_rate=0.000302173
2026-09-21 03:09:32 UTC completed_step=10720 elapsed_seconds=1474.29 learning_rate=0.000301495
2026-09-21 03:09:33 UTC completed_step=10736 elapsed_seconds=1474.95 learning_rate=0.000300817
2026-09-21 03:09:34 UTC completed_step=10752 elapsed_seconds=1475.61 learning_rate=0.000300139
2026-09-21 03:09:35 UTC step=10752 elapsed_seconds=1476.86 mean_loss=0.0909814 errors=41/10002 exact_sentences=987/1024
2026-09-21 03:09:36 UTC completed_step=10768 elapsed_seconds=1477.52 learning_rate=0.000299461
2026-09-21 03:09:36 UTC completed_step=10784 elapsed_seconds=1478.18 learning_rate=0.000298784
2026-09-21 03:09:37 UTC completed_step=10800 elapsed_seconds=1478.84 learning_rate=0.000298106
2026-09-21 03:09:38 UTC completed_step=10816 elapsed_seconds=1479.5 learning_rate=0.000297429
2026-09-21 03:09:38 UTC completed_step=10832 elapsed_seconds=1480.16 learning_rate=0.000296752
2026-09-21 03:09:39 UTC completed_step=10848 elapsed_seconds=1480.82 learning_rate=0.000296075
2026-09-21 03:09:40 UTC completed_step=10864 elapsed_seconds=1481.48 learning_rate=0.000295399
2026-09-21 03:09:40 UTC completed_step=10880 elapsed_seconds=1482.14 learning_rate=0.000294723
2026-09-21 03:09:42 UTC step=10880 elapsed_seconds=1483.4 mean_loss=0.0855417 errors=45/10002 exact_sentences=987/1024
2026-09-21 03:09:42 UTC completed_step=10896 elapsed_seconds=1484.07 learning_rate=0.000294047
2026-09-21 03:09:43 UTC completed_step=10912 elapsed_seconds=1484.73 learning_rate=0.000293371
2026-09-21 03:09:44 UTC completed_step=10928 elapsed_seconds=1485.39 learning_rate=0.000292695
2026-09-21 03:09:44 UTC completed_step=10944 elapsed_seconds=1486.05 learning_rate=0.00029202
2026-09-21 03:09:45 UTC completed_step=10960 elapsed_seconds=1486.71 learning_rate=0.000291345
2026-09-21 03:09:46 UTC completed_step=10976 elapsed_seconds=1487.37 learning_rate=0.00029067
2026-09-21 03:09:46 UTC completed_step=10992 elapsed_seconds=1488.03 learning_rate=0.000289995
2026-09-21 03:09:47 UTC completed_step=11008 elapsed_seconds=1488.7 learning_rate=0.000289321
2026-09-21 03:09:48 UTC step=11008 elapsed_seconds=1489.96 mean_loss=0.0795835 errors=34/10002 exact_sentences=993/1024
2026-09-21 03:09:49 UTC completed_step=11024 elapsed_seconds=1490.62 learning_rate=0.000288647
2026-09-21 03:09:49 UTC completed_step=11040 elapsed_seconds=1491.28 learning_rate=0.000287973
2026-09-21 03:09:50 UTC completed_step=11056 elapsed_seconds=1491.93 learning_rate=0.0002873
2026-09-21 03:09:51 UTC completed_step=11072 elapsed_seconds=1492.59 learning_rate=0.000286626
2026-09-21 03:09:51 UTC completed_step=11088 elapsed_seconds=1493.25 learning_rate=0.000285953
2026-09-21 03:09:52 UTC completed_step=11104 elapsed_seconds=1493.91 learning_rate=0.000285281
2026-09-21 03:09:53 UTC completed_step=11120 elapsed_seconds=1494.57 learning_rate=0.000284608
2026-09-21 03:09:53 UTC completed_step=11136 elapsed_seconds=1495.22 learning_rate=0.000283936
2026-09-21 03:09:55 UTC step=11136 elapsed_seconds=1496.48 mean_loss=0.0749388 errors=32/10002 exact_sentences=995/1024
2026-09-21 03:09:55 UTC completed_step=11152 elapsed_seconds=1497.14 learning_rate=0.000283264
2026-09-21 03:09:56 UTC completed_step=11168 elapsed_seconds=1497.8 learning_rate=0.000282593
2026-09-21 03:09:57 UTC completed_step=11184 elapsed_seconds=1498.46 learning_rate=0.000281921
2026-09-21 03:09:57 UTC completed_step=11200 elapsed_seconds=1499.12 learning_rate=0.000281251
2026-09-21 03:09:58 UTC completed_step=11216 elapsed_seconds=1499.78 learning_rate=0.00028058
2026-09-21 03:09:59 UTC completed_step=11232 elapsed_seconds=1500.44 learning_rate=0.00027991
2026-09-21 03:09:59 UTC completed_step=11248 elapsed_seconds=1501.1 learning_rate=0.00027924
2026-09-21 03:10:00 UTC completed_step=11264 elapsed_seconds=1501.76 learning_rate=0.00027857
2026-09-21 03:10:01 UTC step=11264 elapsed_seconds=1503 mean_loss=0.0692763 errors=28/10002 exact_sentences=998/1024
2026-09-21 03:10:02 UTC completed_step=11280 elapsed_seconds=1503.67 learning_rate=0.000277901
2026-09-21 03:10:03 UTC completed_step=11296 elapsed_seconds=1504.33 learning_rate=0.000277232
2026-09-21 03:10:03 UTC completed_step=11312 elapsed_seconds=1504.99 learning_rate=0.000276563
2026-09-21 03:10:04 UTC completed_step=11328 elapsed_seconds=1505.65 learning_rate=0.000275895
2026-09-21 03:10:05 UTC completed_step=11344 elapsed_seconds=1506.31 learning_rate=0.000275227
2026-09-21 03:10:05 UTC completed_step=11360 elapsed_seconds=1506.97 learning_rate=0.000274559
2026-09-21 03:10:06 UTC completed_step=11376 elapsed_seconds=1507.63 learning_rate=0.000273892
2026-09-21 03:10:06 UTC completed_step=11392 elapsed_seconds=1508.28 learning_rate=0.000273225
2026-09-21 03:10:08 UTC step=11392 elapsed_seconds=1509.53 mean_loss=0.0653174 errors=29/10002 exact_sentences=1000/1024
2026-09-21 03:10:08 UTC completed_step=11408 elapsed_seconds=1510.19 learning_rate=0.000272558
2026-09-21 03:10:09 UTC completed_step=11424 elapsed_seconds=1510.85 learning_rate=0.000271892
2026-09-21 03:10:10 UTC completed_step=11440 elapsed_seconds=1511.51 learning_rate=0.000271226
2026-09-21 03:10:10 UTC completed_step=11456 elapsed_seconds=1512.17 learning_rate=0.000270561
2026-09-21 03:10:11 UTC completed_step=11472 elapsed_seconds=1512.83 learning_rate=0.000269896
2026-09-21 03:10:12 UTC completed_step=11488 elapsed_seconds=1513.49 learning_rate=0.000269231
2026-09-21 03:10:12 UTC completed_step=11504 elapsed_seconds=1514.15 learning_rate=0.000268567
2026-09-21 03:10:13 UTC completed_step=11520 elapsed_seconds=1514.8 learning_rate=0.000267903
2026-09-21 03:10:14 UTC step=11520 elapsed_seconds=1516.06 mean_loss=0.0610063 errors=26/10002 exact_sentences=1005/1024
2026-09-21 03:10:15 UTC completed_step=11536 elapsed_seconds=1516.72 learning_rate=0.000267239
2026-09-21 03:10:16 UTC completed_step=11552 elapsed_seconds=1517.38 learning_rate=0.000266576
2026-09-21 03:10:16 UTC completed_step=11568 elapsed_seconds=1518.04 learning_rate=0.000265913
2026-09-21 03:10:17 UTC completed_step=11584 elapsed_seconds=1518.7 learning_rate=0.000265251
2026-09-21 03:10:18 UTC completed_step=11600 elapsed_seconds=1519.36 learning_rate=0.000264589
2026-09-21 03:10:18 UTC completed_step=11616 elapsed_seconds=1520.02 learning_rate=0.000263928
2026-09-21 03:10:19 UTC completed_step=11632 elapsed_seconds=1520.68 learning_rate=0.000263267
2026-09-21 03:10:20 UTC completed_step=11648 elapsed_seconds=1521.34 learning_rate=0.000262606
2026-09-21 03:10:21 UTC step=11648 elapsed_seconds=1522.59 mean_loss=0.0569521 errors=25/10002 exact_sentences=1004/1024
2026-09-21 03:10:21 UTC completed_step=11664 elapsed_seconds=1523.26 learning_rate=0.000261946
2026-09-21 03:10:22 UTC completed_step=11680 elapsed_seconds=1523.92 learning_rate=0.000261286
2026-09-21 03:10:23 UTC completed_step=11696 elapsed_seconds=1524.58 learning_rate=0.000260627
2026-09-21 03:10:23 UTC completed_step=11712 elapsed_seconds=1525.24 learning_rate=0.000259968
2026-09-21 03:10:24 UTC completed_step=11728 elapsed_seconds=1525.9 learning_rate=0.000259309
2026-09-21 03:10:25 UTC completed_step=11744 elapsed_seconds=1526.56 learning_rate=0.000258652
2026-09-21 03:10:25 UTC completed_step=11760 elapsed_seconds=1527.22 learning_rate=0.000257994
2026-09-21 03:10:26 UTC completed_step=11776 elapsed_seconds=1527.88 learning_rate=0.000257337
2026-09-21 03:10:27 UTC step=11776 elapsed_seconds=1529.13 mean_loss=0.0533486 errors=24/10002 exact_sentences=1004/1024
2026-09-21 03:10:28 UTC completed_step=11792 elapsed_seconds=1529.8 learning_rate=0.00025668
2026-09-21 03:10:29 UTC completed_step=11808 elapsed_seconds=1530.46 learning_rate=0.000256024
2026-09-21 03:10:29 UTC completed_step=11824 elapsed_seconds=1531.11 learning_rate=0.000255369
2026-09-21 03:10:30 UTC completed_step=11840 elapsed_seconds=1531.77 learning_rate=0.000254713
2026-09-21 03:10:31 UTC completed_step=11856 elapsed_seconds=1532.43 learning_rate=0.000254059
2026-09-21 03:10:31 UTC completed_step=11872 elapsed_seconds=1533.09 learning_rate=0.000253404
2026-09-21 03:10:32 UTC completed_step=11888 elapsed_seconds=1533.74 learning_rate=0.000252751
2026-09-21 03:10:33 UTC completed_step=11904 elapsed_seconds=1534.4 learning_rate=0.000252097
2026-09-21 03:10:34 UTC step=11904 elapsed_seconds=1535.65 mean_loss=0.0503696 errors=22/10002 exact_sentences=1007/1024
2026-09-21 03:10:35 UTC completed_step=11920 elapsed_seconds=1536.32 learning_rate=0.000251445
2026-09-21 03:10:35 UTC completed_step=11936 elapsed_seconds=1536.98 learning_rate=0.000250792
2026-09-21 03:10:36 UTC completed_step=11952 elapsed_seconds=1537.64 learning_rate=0.000250141
2026-09-21 03:10:37 UTC completed_step=11968 elapsed_seconds=1538.3 learning_rate=0.00024949
2026-09-21 03:10:37 UTC completed_step=11984 elapsed_seconds=1538.96 learning_rate=0.000248839
2026-09-21 03:10:38 UTC completed_step=12000 elapsed_seconds=1539.62 learning_rate=0.000248189
2026-09-21 03:10:38 UTC completed_step=12016 elapsed_seconds=1540.28 learning_rate=0.000247539
2026-09-21 03:10:39 UTC completed_step=12032 elapsed_seconds=1540.94 learning_rate=0.00024689
2026-09-21 03:10:40 UTC step=12032 elapsed_seconds=1542.2 mean_loss=0.0467152 errors=21/10002 exact_sentences=1008/1024
2026-09-21 03:10:41 UTC completed_step=12048 elapsed_seconds=1542.86 learning_rate=0.000246241
2026-09-21 03:10:42 UTC completed_step=12064 elapsed_seconds=1543.52 learning_rate=0.000245593
2026-09-21 03:10:42 UTC completed_step=12080 elapsed_seconds=1544.18 learning_rate=0.000244946
2026-09-21 03:10:43 UTC completed_step=12096 elapsed_seconds=1544.85 learning_rate=0.000244299
2026-09-21 03:10:44 UTC completed_step=12112 elapsed_seconds=1545.51 learning_rate=0.000243652
2026-09-21 03:10:44 UTC completed_step=12128 elapsed_seconds=1546.17 learning_rate=0.000243006
2026-09-21 03:10:45 UTC completed_step=12144 elapsed_seconds=1546.83 learning_rate=0.000242361
2026-09-21 03:10:46 UTC completed_step=12160 elapsed_seconds=1547.49 learning_rate=0.000241716
2026-09-21 03:10:47 UTC step=12160 elapsed_seconds=1548.75 mean_loss=0.0436819 errors=18/10002 exact_sentences=1009/1024
2026-09-21 03:10:48 UTC completed_step=12176 elapsed_seconds=1549.41 learning_rate=0.000241072
2026-09-21 03:10:48 UTC completed_step=12192 elapsed_seconds=1550.07 learning_rate=0.000240428
2026-09-21 03:10:49 UTC completed_step=12208 elapsed_seconds=1550.72 learning_rate=0.000239785
2026-09-21 03:10:50 UTC completed_step=12224 elapsed_seconds=1551.38 learning_rate=0.000239143
2026-09-21 03:10:50 UTC completed_step=12240 elapsed_seconds=1552.04 learning_rate=0.000238501
2026-09-21 03:10:51 UTC completed_step=12256 elapsed_seconds=1552.69 learning_rate=0.000237859
2026-09-21 03:10:52 UTC completed_step=12272 elapsed_seconds=1553.35 learning_rate=0.000237219
2026-09-21 03:10:52 UTC completed_step=12288 elapsed_seconds=1554.01 learning_rate=0.000236578
2026-09-21 03:10:53 UTC step=12288 elapsed_seconds=1555.27 mean_loss=0.0416046 errors=17/10002 exact_sentences=1011/1024
2026-09-21 03:10:54 UTC completed_step=12304 elapsed_seconds=1555.94 learning_rate=0.000235939
2026-09-21 03:10:55 UTC completed_step=12320 elapsed_seconds=1556.59 learning_rate=0.0002353
2026-09-21 03:10:55 UTC completed_step=12336 elapsed_seconds=1557.25 learning_rate=0.000234661
2026-09-21 03:10:56 UTC completed_step=12352 elapsed_seconds=1557.91 learning_rate=0.000234024
2026-09-21 03:10:57 UTC completed_step=12368 elapsed_seconds=1558.57 learning_rate=0.000233387
2026-09-21 03:10:57 UTC completed_step=12384 elapsed_seconds=1559.23 learning_rate=0.00023275
2026-09-21 03:10:58 UTC completed_step=12400 elapsed_seconds=1559.89 learning_rate=0.000232114
2026-09-21 03:10:59 UTC completed_step=12416 elapsed_seconds=1560.55 learning_rate=0.000231479
2026-09-21 03:11:00 UTC step=12416 elapsed_seconds=1561.8 mean_loss=0.038097 errors=16/10002 exact_sentences=1012/1024
2026-09-21 03:11:01 UTC completed_step=12432 elapsed_seconds=1562.46 learning_rate=0.000230844
2026-09-21 03:11:01 UTC completed_step=12448 elapsed_seconds=1563.12 learning_rate=0.00023021
2026-09-21 03:11:02 UTC completed_step=12464 elapsed_seconds=1563.78 learning_rate=0.000229577
2026-09-21 03:11:03 UTC completed_step=12480 elapsed_seconds=1564.44 learning_rate=0.000228944
2026-09-21 03:11:03 UTC completed_step=12496 elapsed_seconds=1565.1 learning_rate=0.000228312
2026-09-21 03:11:04 UTC completed_step=12512 elapsed_seconds=1565.76 learning_rate=0.000227681
2026-09-21 03:11:05 UTC completed_step=12528 elapsed_seconds=1566.42 learning_rate=0.00022705
2026-09-21 03:11:05 UTC completed_step=12544 elapsed_seconds=1567.08 learning_rate=0.00022642
2026-09-21 03:11:07 UTC step=12544 elapsed_seconds=1568.34 mean_loss=0.0359102 errors=15/10002 exact_sentences=1013/1024
2026-09-21 03:11:07 UTC completed_step=12560 elapsed_seconds=1569 learning_rate=0.00022579
2026-09-21 03:11:08 UTC completed_step=12576 elapsed_seconds=1569.66 learning_rate=0.000225161
2026-09-21 03:11:09 UTC completed_step=12592 elapsed_seconds=1570.32 learning_rate=0.000224533
2026-09-21 03:11:09 UTC completed_step=12608 elapsed_seconds=1570.98 learning_rate=0.000223906
2026-09-21 03:11:10 UTC completed_step=12624 elapsed_seconds=1571.63 learning_rate=0.000223279
2026-09-21 03:11:11 UTC completed_step=12640 elapsed_seconds=1572.29 learning_rate=0.000222653
2026-09-21 03:11:11 UTC completed_step=12656 elapsed_seconds=1572.95 learning_rate=0.000222027
2026-09-21 03:11:12 UTC completed_step=12672 elapsed_seconds=1573.61 learning_rate=0.000221403
2026-09-21 03:11:13 UTC step=12672 elapsed_seconds=1574.87 mean_loss=0.0346905 errors=15/10002 exact_sentences=1013/1024
2026-09-21 03:11:14 UTC completed_step=12688 elapsed_seconds=1575.54 learning_rate=0.000220779
2026-09-21 03:11:14 UTC completed_step=12704 elapsed_seconds=1576.2 learning_rate=0.000220155
2026-09-21 03:11:15 UTC completed_step=12720 elapsed_seconds=1576.86 learning_rate=0.000219532
2026-09-21 03:11:16 UTC completed_step=12736 elapsed_seconds=1577.52 learning_rate=0.000218911
2026-09-21 03:11:16 UTC completed_step=12752 elapsed_seconds=1578.17 learning_rate=0.000218289
2026-09-21 03:11:17 UTC completed_step=12768 elapsed_seconds=1578.83 learning_rate=0.000217669
2026-09-21 03:11:18 UTC completed_step=12784 elapsed_seconds=1579.49 learning_rate=0.000217049
2026-09-21 03:11:18 UTC completed_step=12800 elapsed_seconds=1580.15 learning_rate=0.00021643
2026-09-21 03:11:20 UTC step=12800 elapsed_seconds=1581.4 mean_loss=0.0324661 errors=13/10002 exact_sentences=1014/1024
2026-09-21 03:11:20 UTC completed_step=12816 elapsed_seconds=1582.07 learning_rate=0.000215812
2026-09-21 03:11:21 UTC completed_step=12832 elapsed_seconds=1582.73 learning_rate=0.000215194
2026-09-21 03:11:22 UTC completed_step=12848 elapsed_seconds=1583.38 learning_rate=0.000214577
2026-09-21 03:11:22 UTC completed_step=12864 elapsed_seconds=1584.04 learning_rate=0.000213961
2026-09-21 03:11:23 UTC completed_step=12880 elapsed_seconds=1584.7 learning_rate=0.000213345
2026-09-21 03:11:24 UTC completed_step=12896 elapsed_seconds=1585.36 learning_rate=0.000212731
2026-09-21 03:11:24 UTC completed_step=12912 elapsed_seconds=1586.01 learning_rate=0.000212117
2026-09-21 03:11:25 UTC completed_step=12928 elapsed_seconds=1586.67 learning_rate=0.000211504
2026-09-21 03:11:26 UTC step=12928 elapsed_seconds=1587.92 mean_loss=0.030293 errors=13/10002 exact_sentences=1016/1024
2026-09-21 03:11:27 UTC completed_step=12944 elapsed_seconds=1588.58 learning_rate=0.000210891
2026-09-21 03:11:27 UTC completed_step=12960 elapsed_seconds=1589.24 learning_rate=0.000210279
2026-09-21 03:11:28 UTC completed_step=12976 elapsed_seconds=1589.9 learning_rate=0.000209669
2026-09-21 03:11:29 UTC completed_step=12992 elapsed_seconds=1590.56 learning_rate=0.000209058
2026-09-21 03:11:29 UTC completed_step=13008 elapsed_seconds=1591.22 learning_rate=0.000208449
2026-09-21 03:11:30 UTC completed_step=13024 elapsed_seconds=1591.88 learning_rate=0.000207841
2026-09-21 03:11:31 UTC completed_step=13040 elapsed_seconds=1592.54 learning_rate=0.000207233
2026-09-21 03:11:31 UTC completed_step=13056 elapsed_seconds=1593.2 learning_rate=0.000206626
2026-09-21 03:11:33 UTC step=13056 elapsed_seconds=1594.44 mean_loss=0.0285787 errors=14/10002 exact_sentences=1014/1024
2026-09-21 03:11:33 UTC completed_step=13072 elapsed_seconds=1595.11 learning_rate=0.000206019
2026-09-21 03:11:34 UTC completed_step=13088 elapsed_seconds=1595.77 learning_rate=0.000205414
2026-09-21 03:11:35 UTC completed_step=13104 elapsed_seconds=1596.43 learning_rate=0.000204809
2026-09-21 03:11:35 UTC completed_step=13120 elapsed_seconds=1597.09 learning_rate=0.000204205
2026-09-21 03:11:36 UTC completed_step=13136 elapsed_seconds=1597.75 learning_rate=0.000203602
2026-09-21 03:11:37 UTC completed_step=13152 elapsed_seconds=1598.41 learning_rate=0.000203
2026-09-21 03:11:37 UTC completed_step=13168 elapsed_seconds=1599.07 learning_rate=0.000202399
2026-09-21 03:11:38 UTC completed_step=13184 elapsed_seconds=1599.73 learning_rate=0.000201798
2026-09-21 03:11:39 UTC step=13184 elapsed_seconds=1601 mean_loss=0.026421 errors=11/10002 exact_sentences=1016/1024
2026-09-21 03:11:40 UTC completed_step=13200 elapsed_seconds=1601.67 learning_rate=0.000201198
2026-09-21 03:11:41 UTC completed_step=13216 elapsed_seconds=1602.33 learning_rate=0.000200599
2026-09-21 03:11:41 UTC completed_step=13232 elapsed_seconds=1602.99 learning_rate=0.000200001
2026-09-21 03:11:42 UTC completed_step=13248 elapsed_seconds=1603.64 learning_rate=0.000199404
2026-09-21 03:11:43 UTC completed_step=13264 elapsed_seconds=1604.3 learning_rate=0.000198807
2026-09-21 03:11:43 UTC completed_step=13280 elapsed_seconds=1604.96 learning_rate=0.000198212
2026-09-21 03:11:44 UTC completed_step=13296 elapsed_seconds=1605.62 learning_rate=0.000197617
2026-09-21 03:11:44 UTC completed_step=13312 elapsed_seconds=1606.28 learning_rate=0.000197023
2026-09-21 03:11:46 UTC step=13312 elapsed_seconds=1607.55 mean_loss=0.0260309 errors=10/10002 exact_sentences=1017/1024
2026-09-21 03:11:46 UTC completed_step=13328 elapsed_seconds=1608.21 learning_rate=0.00019643
2026-09-21 03:11:47 UTC completed_step=13344 elapsed_seconds=1608.87 learning_rate=0.000195838
2026-09-21 03:11:48 UTC completed_step=13360 elapsed_seconds=1609.53 learning_rate=0.000195246
2026-09-21 03:11:48 UTC completed_step=13376 elapsed_seconds=1610.19 learning_rate=0.000194656
2026-09-21 03:11:49 UTC completed_step=13392 elapsed_seconds=1610.85 learning_rate=0.000194066
2026-09-21 03:11:50 UTC completed_step=13408 elapsed_seconds=1611.51 learning_rate=0.000193477
2026-09-21 03:11:50 UTC completed_step=13424 elapsed_seconds=1612.17 learning_rate=0.000192889
2026-09-21 03:11:51 UTC completed_step=13440 elapsed_seconds=1612.83 learning_rate=0.000192302
2026-09-21 03:11:52 UTC step=13440 elapsed_seconds=1614.09 mean_loss=0.0240687 errors=11/10002 exact_sentences=1016/1024
2026-09-21 03:11:53 UTC completed_step=13456 elapsed_seconds=1614.76 learning_rate=0.000191716
2026-09-21 03:11:54 UTC completed_step=13472 elapsed_seconds=1615.41 learning_rate=0.000191131
2026-09-21 03:11:54 UTC completed_step=13488 elapsed_seconds=1616.07 learning_rate=0.000190546
2026-09-21 03:11:55 UTC completed_step=13504 elapsed_seconds=1616.73 learning_rate=0.000189963
2026-09-21 03:11:56 UTC completed_step=13520 elapsed_seconds=1617.38 learning_rate=0.00018938
2026-09-21 03:11:56 UTC completed_step=13536 elapsed_seconds=1618.04 learning_rate=0.000188798
2026-09-21 03:11:57 UTC completed_step=13552 elapsed_seconds=1618.7 learning_rate=0.000188217
2026-09-21 03:11:58 UTC completed_step=13568 elapsed_seconds=1619.35 learning_rate=0.000187637
2026-09-21 03:11:59 UTC step=13568 elapsed_seconds=1620.61 mean_loss=0.0230425 errors=9/10002 exact_sentences=1017/1024
2026-09-21 03:11:59 UTC completed_step=13584 elapsed_seconds=1621.28 learning_rate=0.000187058
2026-09-21 03:12:00 UTC completed_step=13600 elapsed_seconds=1621.95 learning_rate=0.00018648
2026-09-21 03:12:01 UTC completed_step=13616 elapsed_seconds=1622.61 learning_rate=0.000185903
2026-09-21 03:12:01 UTC completed_step=13632 elapsed_seconds=1623.28 learning_rate=0.000185327
2026-09-21 03:12:02 UTC completed_step=13648 elapsed_seconds=1623.94 learning_rate=0.000184751
2026-09-21 03:12:03 UTC completed_step=13664 elapsed_seconds=1624.6 learning_rate=0.000184177
2026-09-21 03:12:03 UTC completed_step=13680 elapsed_seconds=1625.26 learning_rate=0.000183603
2026-09-21 03:12:04 UTC completed_step=13696 elapsed_seconds=1625.92 learning_rate=0.000183031
2026-09-21 03:12:05 UTC step=13696 elapsed_seconds=1627.19 mean_loss=0.0212333 errors=8/10002 exact_sentences=1018/1024
2026-09-21 03:12:06 UTC completed_step=13712 elapsed_seconds=1627.86 learning_rate=0.000182459
2026-09-21 03:12:07 UTC completed_step=13728 elapsed_seconds=1628.52 learning_rate=0.000181889
2026-09-21 03:12:07 UTC completed_step=13744 elapsed_seconds=1629.18 learning_rate=0.000181319
2026-09-21 03:12:08 UTC completed_step=13760 elapsed_seconds=1629.85 learning_rate=0.00018075
2026-09-21 03:12:09 UTC completed_step=13776 elapsed_seconds=1630.51 learning_rate=0.000180182
2026-09-21 03:12:09 UTC completed_step=13792 elapsed_seconds=1631.17 learning_rate=0.000179615
2026-09-21 03:12:10 UTC completed_step=13808 elapsed_seconds=1631.83 learning_rate=0.000179049
2026-09-21 03:12:11 UTC completed_step=13824 elapsed_seconds=1632.5 learning_rate=0.000178484
2026-09-21 03:12:12 UTC step=13824 elapsed_seconds=1633.76 mean_loss=0.0208142 errors=12/10002 exact_sentences=1015/1024
2026-09-21 03:12:13 UTC completed_step=13840 elapsed_seconds=1634.43 learning_rate=0.00017792
2026-09-21 03:12:13 UTC completed_step=13856 elapsed_seconds=1635.09 learning_rate=0.000177357
2026-09-21 03:12:14 UTC completed_step=13872 elapsed_seconds=1635.75 learning_rate=0.000176795
2026-09-21 03:12:15 UTC completed_step=13888 elapsed_seconds=1636.41 learning_rate=0.000176234
2026-09-21 03:12:15 UTC completed_step=13904 elapsed_seconds=1637.06 learning_rate=0.000175674
2026-09-21 03:12:16 UTC completed_step=13920 elapsed_seconds=1637.72 learning_rate=0.000175115
2026-09-21 03:12:17 UTC completed_step=13936 elapsed_seconds=1638.38 learning_rate=0.000174557
2026-09-21 03:12:17 UTC completed_step=13952 elapsed_seconds=1639.04 learning_rate=0.000174
2026-09-21 03:12:19 UTC step=13952 elapsed_seconds=1640.3 mean_loss=0.0191494 errors=10/10002 exact_sentences=1017/1024
2026-09-21 03:12:19 UTC completed_step=13968 elapsed_seconds=1640.96 learning_rate=0.000173444
2026-09-21 03:12:20 UTC completed_step=13984 elapsed_seconds=1641.62 learning_rate=0.000172888
2026-09-21 03:12:20 UTC completed_step=14000 elapsed_seconds=1642.29 learning_rate=0.000172334
2026-09-21 03:12:21 UTC completed_step=14016 elapsed_seconds=1642.95 learning_rate=0.000171781
2026-09-21 03:12:22 UTC completed_step=14032 elapsed_seconds=1643.61 learning_rate=0.000171229
2026-09-21 03:12:22 UTC completed_step=14048 elapsed_seconds=1644.27 learning_rate=0.000170678
2026-09-21 03:12:23 UTC completed_step=14064 elapsed_seconds=1644.93 learning_rate=0.000170128
2026-09-21 03:12:24 UTC completed_step=14080 elapsed_seconds=1645.59 learning_rate=0.000169579
2026-09-21 03:12:25 UTC step=14080 elapsed_seconds=1646.85 mean_loss=0.0183214 errors=9/10002 exact_sentences=1017/1024
2026-09-21 03:12:26 UTC completed_step=14096 elapsed_seconds=1647.52 learning_rate=0.000169031
2026-09-21 03:12:26 UTC completed_step=14112 elapsed_seconds=1648.18 learning_rate=0.000168484
2026-09-21 03:12:27 UTC completed_step=14128 elapsed_seconds=1648.84 learning_rate=0.000167938
2026-09-21 03:12:28 UTC completed_step=14144 elapsed_seconds=1649.5 learning_rate=0.000167393
2026-09-21 03:12:28 UTC completed_step=14160 elapsed_seconds=1650.16 learning_rate=0.000166849
2026-09-21 03:12:29 UTC completed_step=14176 elapsed_seconds=1650.82 learning_rate=0.000166306
2026-09-21 03:12:30 UTC completed_step=14192 elapsed_seconds=1651.48 learning_rate=0.000165764
2026-09-21 03:12:30 UTC completed_step=14208 elapsed_seconds=1652.13 learning_rate=0.000165223
2026-09-21 03:12:32 UTC step=14208 elapsed_seconds=1653.39 mean_loss=0.0178773 errors=7/10002 exact_sentences=1018/1024
2026-09-21 03:12:32 UTC completed_step=14224 elapsed_seconds=1654.06 learning_rate=0.000164684
2026-09-21 03:12:33 UTC completed_step=14240 elapsed_seconds=1654.71 learning_rate=0.000164145
2026-09-21 03:12:34 UTC completed_step=14256 elapsed_seconds=1655.37 learning_rate=0.000163607
2026-09-21 03:12:34 UTC completed_step=14272 elapsed_seconds=1656.03 learning_rate=0.000163071
2026-09-21 03:12:35 UTC completed_step=14288 elapsed_seconds=1656.69 learning_rate=0.000162535
2026-09-21 03:12:36 UTC completed_step=14304 elapsed_seconds=1657.34 learning_rate=0.000162001
2026-09-21 03:12:36 UTC completed_step=14320 elapsed_seconds=1658 learning_rate=0.000161467
2026-09-21 03:12:37 UTC completed_step=14336 elapsed_seconds=1658.66 learning_rate=0.000160935
2026-09-21 03:12:38 UTC step=14336 elapsed_seconds=1659.93 mean_loss=0.0168837 errors=9/10002 exact_sentences=1017/1024
2026-09-21 03:12:39 UTC completed_step=14352 elapsed_seconds=1660.59 learning_rate=0.000160404
2026-09-21 03:12:39 UTC completed_step=14368 elapsed_seconds=1661.25 learning_rate=0.000159874
2026-09-21 03:12:40 UTC completed_step=14384 elapsed_seconds=1661.91 learning_rate=0.000159345
2026-09-21 03:12:41 UTC completed_step=14400 elapsed_seconds=1662.57 learning_rate=0.000158817
2026-09-21 03:12:41 UTC completed_step=14416 elapsed_seconds=1663.23 learning_rate=0.00015829
2026-09-21 03:12:42 UTC completed_step=14432 elapsed_seconds=1663.89 learning_rate=0.000157764
2026-09-21 03:12:43 UTC completed_step=14448 elapsed_seconds=1664.55 learning_rate=0.00015724
2026-09-21 03:12:43 UTC completed_step=14464 elapsed_seconds=1665.21 learning_rate=0.000156716
2026-09-21 03:12:45 UTC step=14464 elapsed_seconds=1666.48 mean_loss=0.0156989 errors=10/10002 exact_sentences=1016/1024
2026-09-21 03:12:45 UTC completed_step=14480 elapsed_seconds=1667.15 learning_rate=0.000156194
2026-09-21 03:12:46 UTC completed_step=14496 elapsed_seconds=1667.8 learning_rate=0.000155672
2026-09-21 03:12:47 UTC completed_step=14512 elapsed_seconds=1668.46 learning_rate=0.000155152
2026-09-21 03:12:47 UTC completed_step=14528 elapsed_seconds=1669.12 learning_rate=0.000154633
2026-09-21 03:12:48 UTC completed_step=14544 elapsed_seconds=1669.77 learning_rate=0.000154115
2026-09-21 03:12:49 UTC completed_step=14560 elapsed_seconds=1670.43 learning_rate=0.000153598
2026-09-21 03:12:49 UTC completed_step=14576 elapsed_seconds=1671.09 learning_rate=0.000153082
2026-09-21 03:12:50 UTC completed_step=14592 elapsed_seconds=1671.75 learning_rate=0.000152568
2026-09-21 03:12:51 UTC step=14592 elapsed_seconds=1673.02 mean_loss=0.015161 errors=6/10002 exact_sentences=1019/1024
2026-09-21 03:12:52 UTC completed_step=14608 elapsed_seconds=1673.68 learning_rate=0.000152054
2026-09-21 03:12:53 UTC completed_step=14624 elapsed_seconds=1674.34 learning_rate=0.000151542
2026-09-21 03:12:53 UTC completed_step=14640 elapsed_seconds=1675 learning_rate=0.000151031
2026-09-21 03:12:54 UTC completed_step=14656 elapsed_seconds=1675.66 learning_rate=0.00015052
2026-09-21 03:12:55 UTC completed_step=14672 elapsed_seconds=1676.32 learning_rate=0.000150012
2026-09-21 03:12:55 UTC completed_step=14688 elapsed_seconds=1676.98 learning_rate=0.000149504
2026-09-21 03:12:56 UTC completed_step=14704 elapsed_seconds=1677.64 learning_rate=0.000148997
2026-09-21 03:12:57 UTC completed_step=14720 elapsed_seconds=1678.3 learning_rate=0.000148492
2026-09-21 03:12:58 UTC step=14720 elapsed_seconds=1679.57 mean_loss=0.0144843 errors=5/10002 exact_sentences=1020/1024
2026-09-21 03:12:58 UTC completed_step=14736 elapsed_seconds=1680.24 learning_rate=0.000147987
2026-09-21 03:12:59 UTC completed_step=14752 elapsed_seconds=1680.9 learning_rate=0.000147484
2026-09-21 03:13:00 UTC completed_step=14768 elapsed_seconds=1681.56 learning_rate=0.000146982
2026-09-21 03:13:00 UTC completed_step=14784 elapsed_seconds=1682.21 learning_rate=0.000146481
2026-09-21 03:13:01 UTC completed_step=14800 elapsed_seconds=1682.87 learning_rate=0.000145982
2026-09-21 03:13:02 UTC completed_step=14816 elapsed_seconds=1683.54 learning_rate=0.000145483
2026-09-21 03:13:02 UTC completed_step=14832 elapsed_seconds=1684.2 learning_rate=0.000144986
2026-09-21 03:13:03 UTC completed_step=14848 elapsed_seconds=1684.86 learning_rate=0.00014449
2026-09-21 03:13:04 UTC step=14848 elapsed_seconds=1686.12 mean_loss=0.0137996 errors=6/10002 exact_sentences=1019/1024
2026-09-21 03:13:05 UTC completed_step=14864 elapsed_seconds=1686.79 learning_rate=0.000143995
2026-09-21 03:13:06 UTC completed_step=14880 elapsed_seconds=1687.45 learning_rate=0.000143501
2026-09-21 03:13:06 UTC completed_step=14896 elapsed_seconds=1688.11 learning_rate=0.000143009
2026-09-21 03:13:07 UTC completed_step=14912 elapsed_seconds=1688.77 learning_rate=0.000142517
2026-09-21 03:13:08 UTC completed_step=14928 elapsed_seconds=1689.43 learning_rate=0.000142027
2026-09-21 03:13:08 UTC completed_step=14944 elapsed_seconds=1690.1 learning_rate=0.000141538
2026-09-21 03:13:09 UTC completed_step=14960 elapsed_seconds=1690.76 learning_rate=0.00014105
2026-09-21 03:13:10 UTC completed_step=14976 elapsed_seconds=1691.42 learning_rate=0.000140564
2026-09-21 03:13:11 UTC step=14976 elapsed_seconds=1692.66 mean_loss=0.0129788 errors=6/10002 exact_sentences=1019/1024
2026-09-21 03:13:12 UTC completed_step=14992 elapsed_seconds=1693.32 learning_rate=0.000140078
2026-09-21 03:13:12 UTC completed_step=15008 elapsed_seconds=1693.98 learning_rate=0.000139594
2026-09-21 03:13:13 UTC completed_step=15024 elapsed_seconds=1694.64 learning_rate=0.000139111
2026-09-21 03:13:14 UTC completed_step=15040 elapsed_seconds=1695.31 learning_rate=0.00013863
2026-09-21 03:13:14 UTC completed_step=15056 elapsed_seconds=1695.97 learning_rate=0.000138149
2026-09-21 03:13:15 UTC completed_step=15072 elapsed_seconds=1696.64 learning_rate=0.00013767
2026-09-21 03:13:16 UTC completed_step=15088 elapsed_seconds=1697.3 learning_rate=0.000137192
2026-09-21 03:13:16 UTC completed_step=15104 elapsed_seconds=1697.96 learning_rate=0.000136715
2026-09-21 03:13:17 UTC step=15104 elapsed_seconds=1699.21 mean_loss=0.0124645 errors=6/10002 exact_sentences=1018/1024
2026-09-21 03:13:18 UTC completed_step=15120 elapsed_seconds=1699.88 learning_rate=0.000136239
2026-09-21 03:13:19 UTC completed_step=15136 elapsed_seconds=1700.54 learning_rate=0.000135765
2026-09-21 03:13:19 UTC completed_step=15152 elapsed_seconds=1701.19 learning_rate=0.000135292
2026-09-21 03:13:20 UTC completed_step=15168 elapsed_seconds=1701.85 learning_rate=0.00013482
2026-09-21 03:13:21 UTC completed_step=15184 elapsed_seconds=1702.51 learning_rate=0.00013435
2026-09-21 03:13:21 UTC completed_step=15200 elapsed_seconds=1703.17 learning_rate=0.00013388
2026-09-21 03:13:22 UTC completed_step=15216 elapsed_seconds=1703.83 learning_rate=0.000133412
2026-09-21 03:13:23 UTC completed_step=15232 elapsed_seconds=1704.49 learning_rate=0.000132945
2026-09-21 03:13:24 UTC step=15232 elapsed_seconds=1705.75 mean_loss=0.0121383 errors=6/10002 exact_sentences=1018/1024
2026-09-21 03:13:25 UTC completed_step=15248 elapsed_seconds=1706.42 learning_rate=0.00013248
2026-09-21 03:13:25 UTC completed_step=15264 elapsed_seconds=1707.08 learning_rate=0.000132015
2026-09-21 03:13:26 UTC completed_step=15280 elapsed_seconds=1707.74 learning_rate=0.000131552
2026-09-21 03:13:27 UTC completed_step=15296 elapsed_seconds=1708.4 learning_rate=0.00013109
2026-09-21 03:13:27 UTC completed_step=15312 elapsed_seconds=1709.06 learning_rate=0.00013063
2026-09-21 03:13:28 UTC completed_step=15328 elapsed_seconds=1709.72 learning_rate=0.000130171
2026-09-21 03:13:29 UTC completed_step=15344 elapsed_seconds=1710.38 learning_rate=0.000129713
2026-09-21 03:13:29 UTC completed_step=15360 elapsed_seconds=1711.04 learning_rate=0.000129256
2026-09-21 03:13:31 UTC step=15360 elapsed_seconds=1712.31 mean_loss=0.0118163 errors=5/10002 exact_sentences=1020/1024
2026-09-21 03:13:31 UTC completed_step=15376 elapsed_seconds=1712.98 learning_rate=0.0001288
2026-09-21 03:13:32 UTC completed_step=15392 elapsed_seconds=1713.64 learning_rate=0.000128346
2026-09-21 03:13:33 UTC completed_step=15408 elapsed_seconds=1714.3 learning_rate=0.000127893
2026-09-21 03:13:33 UTC completed_step=15424 elapsed_seconds=1714.97 learning_rate=0.000127442
2026-09-21 03:13:34 UTC completed_step=15440 elapsed_seconds=1715.63 learning_rate=0.000126992
2026-09-21 03:13:34 UTC completed_step=15456 elapsed_seconds=1716.29 learning_rate=0.000126543
2026-09-21 03:13:35 UTC completed_step=15472 elapsed_seconds=1716.94 learning_rate=0.000126095
2026-09-21 03:13:36 UTC completed_step=15488 elapsed_seconds=1717.6 learning_rate=0.000125648
2026-09-21 03:13:37 UTC step=15488 elapsed_seconds=1718.86 mean_loss=0.0114137 errors=6/10002 exact_sentences=1018/1024
2026-09-21 03:13:38 UTC completed_step=15504 elapsed_seconds=1719.53 learning_rate=0.000125203
2026-09-21 03:13:38 UTC completed_step=15520 elapsed_seconds=1720.2 learning_rate=0.00012476
2026-09-21 03:13:39 UTC completed_step=15536 elapsed_seconds=1720.86 learning_rate=0.000124317
2026-09-21 03:13:40 UTC completed_step=15552 elapsed_seconds=1721.53 learning_rate=0.000123876
2026-09-21 03:13:40 UTC completed_step=15568 elapsed_seconds=1722.19 learning_rate=0.000123436
2026-09-21 03:13:41 UTC completed_step=15584 elapsed_seconds=1722.85 learning_rate=0.000122998
2026-09-21 03:13:42 UTC completed_step=15600 elapsed_seconds=1723.52 learning_rate=0.00012256
2026-09-21 03:13:42 UTC completed_step=15616 elapsed_seconds=1724.18 learning_rate=0.000122125
2026-09-21 03:13:44 UTC step=15616 elapsed_seconds=1725.42 mean_loss=0.0106877 errors=6/10002 exact_sentences=1018/1024
2026-09-21 03:13:44 UTC completed_step=15632 elapsed_seconds=1726.09 learning_rate=0.00012169
2026-09-21 03:13:45 UTC completed_step=15648 elapsed_seconds=1726.75 learning_rate=0.000121257
2026-09-21 03:13:46 UTC completed_step=15664 elapsed_seconds=1727.41 learning_rate=0.000120825
2026-09-21 03:13:46 UTC completed_step=15680 elapsed_seconds=1728.07 learning_rate=0.000120394
2026-09-21 03:13:47 UTC completed_step=15696 elapsed_seconds=1728.73 learning_rate=0.000119965
2026-09-21 03:13:48 UTC completed_step=15712 elapsed_seconds=1729.39 learning_rate=0.000119537
2026-09-21 03:13:48 UTC completed_step=15728 elapsed_seconds=1730.04 learning_rate=0.000119111
2026-09-21 03:13:49 UTC completed_step=15744 elapsed_seconds=1730.7 learning_rate=0.000118685
2026-09-21 03:13:50 UTC step=15744 elapsed_seconds=1731.96 mean_loss=0.0102125 errors=4/10002 exact_sentences=1020/1024
2026-09-21 03:13:51 UTC completed_step=15760 elapsed_seconds=1732.63 learning_rate=0.000118262
2026-09-21 03:13:51 UTC completed_step=15776 elapsed_seconds=1733.29 learning_rate=0.000117839
2026-09-21 03:13:52 UTC completed_step=15792 elapsed_seconds=1733.95 learning_rate=0.000117418
2026-09-21 03:13:53 UTC completed_step=15808 elapsed_seconds=1734.61 learning_rate=0.000116998
2026-09-21 03:13:53 UTC completed_step=15824 elapsed_seconds=1735.27 learning_rate=0.00011658
2026-09-21 03:13:54 UTC completed_step=15840 elapsed_seconds=1735.93 learning_rate=0.000116163
2026-09-21 03:13:55 UTC completed_step=15856 elapsed_seconds=1736.59 learning_rate=0.000115747
2026-09-21 03:13:55 UTC completed_step=15872 elapsed_seconds=1737.25 learning_rate=0.000115333
2026-09-21 03:13:57 UTC step=15872 elapsed_seconds=1738.51 mean_loss=0.0100134 errors=5/10002 exact_sentences=1019/1024
2026-09-21 03:13:57 UTC completed_step=15888 elapsed_seconds=1739.18 learning_rate=0.00011492
2026-09-21 03:13:58 UTC completed_step=15904 elapsed_seconds=1739.84 learning_rate=0.000114508
2026-09-21 03:13:59 UTC completed_step=15920 elapsed_seconds=1740.5 learning_rate=0.000114098
2026-09-21 03:13:59 UTC completed_step=15936 elapsed_seconds=1741.15 learning_rate=0.000113689
2026-09-21 03:14:00 UTC completed_step=15952 elapsed_seconds=1741.81 learning_rate=0.000113282
2026-09-21 03:14:01 UTC completed_step=15968 elapsed_seconds=1742.47 learning_rate=0.000112876
2026-09-21 03:14:01 UTC completed_step=15984 elapsed_seconds=1743.13 learning_rate=0.000112471
2026-09-21 03:14:02 UTC completed_step=16000 elapsed_seconds=1743.78 learning_rate=0.000112068
2026-09-21 03:14:03 UTC step=16000 elapsed_seconds=1745.07 mean_loss=0.00965109 errors=3/10002 exact_sentences=1021/1024
2026-09-21 03:14:04 UTC completed_step=16016 elapsed_seconds=1745.74 learning_rate=0.000111666
2026-09-21 03:14:05 UTC completed_step=16032 elapsed_seconds=1746.4 learning_rate=0.000111265
2026-09-21 03:14:05 UTC completed_step=16048 elapsed_seconds=1747.06 learning_rate=0.000110866
2026-09-21 03:14:06 UTC completed_step=16064 elapsed_seconds=1747.72 learning_rate=0.000110468
2026-09-21 03:14:07 UTC completed_step=16080 elapsed_seconds=1748.38 learning_rate=0.000110072
2026-09-21 03:14:07 UTC completed_step=16096 elapsed_seconds=1749.04 learning_rate=0.000109677
2026-09-21 03:14:08 UTC completed_step=16112 elapsed_seconds=1749.71 learning_rate=0.000109284
2026-09-21 03:14:09 UTC completed_step=16128 elapsed_seconds=1750.37 learning_rate=0.000108891
2026-09-21 03:14:10 UTC step=16128 elapsed_seconds=1751.63 mean_loss=0.009276 errors=4/10002 exact_sentences=1021/1024
2026-09-21 03:14:11 UTC completed_step=16144 elapsed_seconds=1752.29 learning_rate=0.000108501
2026-09-21 03:14:11 UTC completed_step=16160 elapsed_seconds=1752.95 learning_rate=0.000108111
2026-09-21 03:14:12 UTC completed_step=16176 elapsed_seconds=1753.61 learning_rate=0.000107724
2026-09-21 03:14:12 UTC completed_step=16192 elapsed_seconds=1754.27 learning_rate=0.000107337
2026-09-21 03:14:13 UTC completed_step=16208 elapsed_seconds=1754.93 learning_rate=0.000106952
2026-09-21 03:14:14 UTC completed_step=16224 elapsed_seconds=1755.59 learning_rate=0.000106569
2026-09-21 03:14:14 UTC completed_step=16240 elapsed_seconds=1756.25 learning_rate=0.000106186
2026-09-21 03:14:15 UTC completed_step=16256 elapsed_seconds=1756.91 learning_rate=0.000105806
2026-09-21 03:14:16 UTC step=16256 elapsed_seconds=1758.18 mean_loss=0.00877832 errors=3/10002 exact_sentences=1021/1024
2026-09-21 03:14:17 UTC completed_step=16272 elapsed_seconds=1758.84 learning_rate=0.000105426
2026-09-21 03:14:18 UTC completed_step=16288 elapsed_seconds=1759.5 learning_rate=0.000105048
2026-09-21 03:14:18 UTC completed_step=16304 elapsed_seconds=1760.16 learning_rate=0.000104672
2026-09-21 03:14:19 UTC completed_step=16320 elapsed_seconds=1760.82 learning_rate=0.000104297
2026-09-21 03:14:20 UTC completed_step=16336 elapsed_seconds=1761.48 learning_rate=0.000103923
2026-09-21 03:14:20 UTC completed_step=16352 elapsed_seconds=1762.14 learning_rate=0.000103551
2026-09-21 03:14:21 UTC completed_step=16368 elapsed_seconds=1762.79 learning_rate=0.000103181
2026-09-21 03:14:22 UTC completed_step=16384 elapsed_seconds=1763.45 learning_rate=0.000102811
2026-09-21 03:14:23 UTC step=16384 elapsed_seconds=1764.7 mean_loss=0.00867923 errors=4/10002 exact_sentences=1020/1024
2026-09-21 03:14:24 UTC completed_step=16400 elapsed_seconds=1765.37 learning_rate=0.000102443
2026-09-21 03:14:24 UTC completed_step=16416 elapsed_seconds=1766.03 learning_rate=0.000102077
2026-09-21 03:14:25 UTC completed_step=16432 elapsed_seconds=1766.7 learning_rate=0.000101712
2026-09-21 03:14:26 UTC completed_step=16448 elapsed_seconds=1767.36 learning_rate=0.000101349
2026-09-21 03:14:26 UTC completed_step=16464 elapsed_seconds=1768.03 learning_rate=0.000100987
2026-09-21 03:14:27 UTC completed_step=16480 elapsed_seconds=1768.69 learning_rate=0.000100626
2026-09-21 03:14:28 UTC completed_step=16496 elapsed_seconds=1769.36 learning_rate=0.000100267
2026-09-21 03:14:28 UTC completed_step=16512 elapsed_seconds=1770.02 learning_rate=9.99097e-05
2026-09-21 03:14:29 UTC step=16512 elapsed_seconds=1771.28 mean_loss=0.00835197 errors=3/10002 exact_sentences=1021/1024
2026-09-21 03:14:30 UTC completed_step=16528 elapsed_seconds=1771.95 learning_rate=9.95536e-05
2026-09-21 03:14:31 UTC completed_step=16544 elapsed_seconds=1772.61 learning_rate=9.9199e-05
2026-09-21 03:14:31 UTC completed_step=16560 elapsed_seconds=1773.28 learning_rate=9.88458e-05
2026-09-21 03:14:32 UTC completed_step=16576 elapsed_seconds=1773.94 learning_rate=9.84941e-05
2026-09-21 03:14:33 UTC completed_step=16592 elapsed_seconds=1774.61 learning_rate=9.81439e-05
2026-09-21 03:14:33 UTC completed_step=16608 elapsed_seconds=1775.27 learning_rate=9.77952e-05
2026-09-21 03:14:34 UTC completed_step=16624 elapsed_seconds=1775.93 learning_rate=9.74479e-05
2026-09-21 03:14:35 UTC completed_step=16640 elapsed_seconds=1776.58 learning_rate=9.71021e-05
2026-09-21 03:14:36 UTC step=16640 elapsed_seconds=1777.85 mean_loss=0.00800787 errors=3/10002 exact_sentences=1022/1024
2026-09-21 03:14:37 UTC completed_step=16656 elapsed_seconds=1778.52 learning_rate=9.67579e-05
2026-09-21 03:14:37 UTC completed_step=16672 elapsed_seconds=1779.18 learning_rate=9.64151e-05
2026-09-21 03:14:38 UTC completed_step=16688 elapsed_seconds=1779.84 learning_rate=9.60737e-05
2026-09-21 03:14:39 UTC completed_step=16704 elapsed_seconds=1780.5 learning_rate=9.57339e-05
2026-09-21 03:14:39 UTC completed_step=16720 elapsed_seconds=1781.16 learning_rate=9.53956e-05
2026-09-21 03:14:40 UTC completed_step=16736 elapsed_seconds=1781.82 learning_rate=9.50588e-05
2026-09-21 03:14:41 UTC completed_step=16752 elapsed_seconds=1782.48 learning_rate=9.47235e-05
2026-09-21 03:14:41 UTC completed_step=16768 elapsed_seconds=1783.14 learning_rate=9.43896e-05
2026-09-21 03:14:43 UTC step=16768 elapsed_seconds=1784.39 mean_loss=0.00766342 errors=2/10002 exact_sentences=1022/1024
2026-09-21 03:14:43 UTC completed_step=16784 elapsed_seconds=1785.05 learning_rate=9.40573e-05
2026-09-21 03:14:44 UTC completed_step=16800 elapsed_seconds=1785.71 learning_rate=9.37265e-05
2026-09-21 03:14:45 UTC completed_step=16816 elapsed_seconds=1786.37 learning_rate=9.33972e-05
2026-09-21 03:14:45 UTC completed_step=16832 elapsed_seconds=1787.02 learning_rate=9.30694e-05
2026-09-21 03:14:46 UTC completed_step=16848 elapsed_seconds=1787.69 learning_rate=9.27431e-05
2026-09-21 03:14:47 UTC completed_step=16864 elapsed_seconds=1788.35 learning_rate=9.24183e-05
2026-09-21 03:14:47 UTC completed_step=16880 elapsed_seconds=1789.01 learning_rate=9.20951e-05
2026-09-21 03:14:48 UTC completed_step=16896 elapsed_seconds=1789.68 learning_rate=9.17733e-05
2026-09-21 03:14:49 UTC step=16896 elapsed_seconds=1790.93 mean_loss=0.00746011 errors=3/10002 exact_sentences=1021/1024
2026-09-21 03:14:50 UTC completed_step=16912 elapsed_seconds=1791.6 learning_rate=9.14531e-05
2026-09-21 03:14:50 UTC completed_step=16928 elapsed_seconds=1792.26 learning_rate=9.11344e-05
2026-09-21 03:14:51 UTC completed_step=16944 elapsed_seconds=1792.93 learning_rate=9.08173e-05
2026-09-21 03:14:52 UTC completed_step=16960 elapsed_seconds=1793.59 learning_rate=9.05016e-05
2026-09-21 03:14:52 UTC completed_step=16976 elapsed_seconds=1794.25 learning_rate=9.01875e-05
2026-09-21 03:14:53 UTC completed_step=16992 elapsed_seconds=1794.92 learning_rate=8.98749e-05
2026-09-21 03:14:54 UTC completed_step=17008 elapsed_seconds=1795.58 learning_rate=8.95638e-05
2026-09-21 03:14:54 UTC completed_step=17024 elapsed_seconds=1796.24 learning_rate=8.92543e-05
2026-09-21 03:14:56 UTC step=17024 elapsed_seconds=1797.51 mean_loss=0.0072922 errors=3/10002 exact_sentences=1022/1024
2026-09-21 03:14:56 UTC completed_step=17040 elapsed_seconds=1798.17 learning_rate=8.89463e-05
2026-09-21 03:14:57 UTC completed_step=17056 elapsed_seconds=1798.83 learning_rate=8.86399e-05
2026-09-21 03:14:58 UTC completed_step=17072 elapsed_seconds=1799.49 learning_rate=8.8335e-05
2026-09-21 03:14:58 UTC completed_step=17088 elapsed_seconds=1800.15 learning_rate=8.80316e-05
2026-09-21 03:14:59 UTC completed_step=17104 elapsed_seconds=1800.82 learning_rate=8.77298e-05
2026-09-21 03:15:00 UTC completed_step=17120 elapsed_seconds=1801.48 learning_rate=8.74295e-05
2026-09-21 03:15:00 UTC completed_step=17136 elapsed_seconds=1802.14 learning_rate=8.71308e-05
2026-09-21 03:15:01 UTC completed_step=17152 elapsed_seconds=1802.81 learning_rate=8.68336e-05
2026-09-21 03:15:02 UTC step=17152 elapsed_seconds=1804.08 mean_loss=0.00718822 errors=3/10002 exact_sentences=1021/1024
2026-09-21 03:15:03 UTC completed_step=17168 elapsed_seconds=1804.74 learning_rate=8.6538e-05
2026-09-21 03:15:04 UTC completed_step=17184 elapsed_seconds=1805.4 learning_rate=8.62439e-05
2026-09-21 03:15:04 UTC completed_step=17200 elapsed_seconds=1806.06 learning_rate=8.59514e-05
2026-09-21 03:15:05 UTC completed_step=17216 elapsed_seconds=1806.72 learning_rate=8.56604e-05
2026-09-21 03:15:06 UTC completed_step=17232 elapsed_seconds=1807.38 learning_rate=8.5371e-05
2026-09-21 03:15:06 UTC completed_step=17248 elapsed_seconds=1808.04 learning_rate=8.50832e-05
2026-09-21 03:15:07 UTC completed_step=17264 elapsed_seconds=1808.7 learning_rate=8.47969e-05
2026-09-21 03:15:08 UTC completed_step=17280 elapsed_seconds=1809.36 learning_rate=8.45122e-05
2026-09-21 03:15:09 UTC step=17280 elapsed_seconds=1810.6 mean_loss=0.00723967 errors=3/10002 exact_sentences=1021/1024
2026-09-21 03:15:09 UTC completed_step=17296 elapsed_seconds=1811.27 learning_rate=8.4229e-05
2026-09-21 03:15:10 UTC completed_step=17312 elapsed_seconds=1811.93 learning_rate=8.39474e-05
2026-09-21 03:15:11 UTC completed_step=17328 elapsed_seconds=1812.59 learning_rate=8.36674e-05
2026-09-21 03:15:11 UTC completed_step=17344 elapsed_seconds=1813.25 learning_rate=8.3389e-05
2026-09-21 03:15:12 UTC completed_step=17360 elapsed_seconds=1813.91 learning_rate=8.31121e-05
2026-09-21 03:15:13 UTC completed_step=17376 elapsed_seconds=1814.57 learning_rate=8.28368e-05
2026-09-21 03:15:13 UTC completed_step=17392 elapsed_seconds=1815.23 learning_rate=8.25631e-05
2026-09-21 03:15:14 UTC completed_step=17408 elapsed_seconds=1815.89 learning_rate=8.2291e-05
2026-09-21 03:15:15 UTC step=17408 elapsed_seconds=1817.14 mean_loss=0.00666362 errors=3/10002 exact_sentences=1021/1024
2026-09-21 03:15:16 UTC completed_step=17424 elapsed_seconds=1817.81 learning_rate=8.20204e-05
2026-09-21 03:15:17 UTC completed_step=17440 elapsed_seconds=1818.47 learning_rate=8.17514e-05
2026-09-21 03:15:17 UTC completed_step=17456 elapsed_seconds=1819.13 learning_rate=8.14841e-05
2026-09-21 03:15:18 UTC completed_step=17472 elapsed_seconds=1819.79 learning_rate=8.12182e-05
2026-09-21 03:15:19 UTC completed_step=17488 elapsed_seconds=1820.45 learning_rate=8.0954e-05
2026-09-21 03:15:19 UTC completed_step=17504 elapsed_seconds=1821.11 learning_rate=8.06914e-05
2026-09-21 03:15:20 UTC completed_step=17520 elapsed_seconds=1821.77 learning_rate=8.04304e-05
2026-09-21 03:15:21 UTC completed_step=17536 elapsed_seconds=1822.43 learning_rate=8.01709e-05
2026-09-21 03:15:22 UTC step=17536 elapsed_seconds=1823.71 mean_loss=0.00651639 errors=3/10002 exact_sentences=1021/1024
2026-09-21 03:15:23 UTC completed_step=17552 elapsed_seconds=1824.37 learning_rate=7.99131e-05
2026-09-21 03:15:23 UTC completed_step=17568 elapsed_seconds=1825.03 learning_rate=7.96568e-05
2026-09-21 03:15:24 UTC completed_step=17584 elapsed_seconds=1825.69 learning_rate=7.94022e-05
2026-09-21 03:15:25 UTC completed_step=17600 elapsed_seconds=1826.35 learning_rate=7.91491e-05
2026-09-21 03:15:25 UTC completed_step=17616 elapsed_seconds=1827.01 learning_rate=7.88976e-05
2026-09-21 03:15:26 UTC completed_step=17632 elapsed_seconds=1827.67 learning_rate=7.86478e-05
2026-09-21 03:15:27 UTC completed_step=17648 elapsed_seconds=1828.33 learning_rate=7.83995e-05
2026-09-21 03:15:27 UTC completed_step=17664 elapsed_seconds=1828.99 learning_rate=7.81529e-05
2026-09-21 03:15:28 UTC step=17664 elapsed_seconds=1830.24 mean_loss=0.00640931 errors=3/10002 exact_sentences=1021/1024
2026-09-21 03:15:29 UTC completed_step=17680 elapsed_seconds=1830.9 learning_rate=7.79078e-05
2026-09-21 03:15:30 UTC completed_step=17696 elapsed_seconds=1831.56 learning_rate=7.76644e-05
2026-09-21 03:15:30 UTC completed_step=17712 elapsed_seconds=1832.22 learning_rate=7.74226e-05
2026-09-21 03:15:31 UTC completed_step=17728 elapsed_seconds=1832.88 learning_rate=7.71824e-05
2026-09-21 03:15:32 UTC completed_step=17744 elapsed_seconds=1833.54 learning_rate=7.69438e-05
2026-09-21 03:15:32 UTC completed_step=17760 elapsed_seconds=1834.2 learning_rate=7.67068e-05
2026-09-21 03:15:33 UTC completed_step=17776 elapsed_seconds=1834.86 learning_rate=7.64714e-05
2026-09-21 03:15:34 UTC completed_step=17792 elapsed_seconds=1835.52 learning_rate=7.62377e-05
2026-09-21 03:15:35 UTC step=17792 elapsed_seconds=1836.78 mean_loss=0.00617231 errors=4/10002 exact_sentences=1020/1024
2026-09-21 03:15:36 UTC completed_step=17808 elapsed_seconds=1837.44 learning_rate=7.60055e-05
2026-09-21 03:15:36 UTC completed_step=17824 elapsed_seconds=1838.1 learning_rate=7.5775e-05
2026-09-21 03:15:37 UTC completed_step=17840 elapsed_seconds=1838.76 learning_rate=7.55461e-05
2026-09-21 03:15:38 UTC completed_step=17856 elapsed_seconds=1839.42 learning_rate=7.53189e-05
2026-09-21 03:15:38 UTC completed_step=17872 elapsed_seconds=1840.08 learning_rate=7.50932e-05
2026-09-21 03:15:39 UTC completed_step=17888 elapsed_seconds=1840.74 learning_rate=7.48692e-05
2026-09-21 03:15:40 UTC completed_step=17904 elapsed_seconds=1841.4 learning_rate=7.46468e-05
2026-09-21 03:15:40 UTC completed_step=17920 elapsed_seconds=1842.06 learning_rate=7.44261e-05
2026-09-21 03:15:42 UTC step=17920 elapsed_seconds=1843.34 mean_loss=0.00603066 errors=3/10002 exact_sentences=1021/1024
2026-09-21 03:15:42 UTC completed_step=17936 elapsed_seconds=1844.01 learning_rate=7.42069e-05
2026-09-21 03:15:43 UTC completed_step=17952 elapsed_seconds=1844.67 learning_rate=7.39895e-05
2026-09-21 03:15:44 UTC completed_step=17968 elapsed_seconds=1845.33 learning_rate=7.37736e-05
2026-09-21 03:15:44 UTC completed_step=17984 elapsed_seconds=1845.99 learning_rate=7.35594e-05
2026-09-21 03:15:45 UTC completed_step=18000 elapsed_seconds=1846.65 learning_rate=7.33468e-05
2026-09-21 03:15:46 UTC completed_step=18016 elapsed_seconds=1847.31 learning_rate=7.31358e-05
2026-09-21 03:15:46 UTC completed_step=18032 elapsed_seconds=1847.98 learning_rate=7.29265e-05
2026-09-21 03:15:47 UTC completed_step=18048 elapsed_seconds=1848.64 learning_rate=7.27188e-05
2026-09-21 03:15:48 UTC step=18048 elapsed_seconds=1849.89 mean_loss=0.00599017 errors=3/10002 exact_sentences=1021/1024
2026-09-21 03:15:49 UTC completed_step=18064 elapsed_seconds=1850.56 learning_rate=7.25128e-05
2026-09-21 03:15:49 UTC completed_step=18080 elapsed_seconds=1851.22 learning_rate=7.23084e-05
2026-09-21 03:15:50 UTC completed_step=18096 elapsed_seconds=1851.88 learning_rate=7.21057e-05
2026-09-21 03:15:51 UTC completed_step=18112 elapsed_seconds=1852.54 learning_rate=7.19046e-05
2026-09-21 03:15:51 UTC completed_step=18128 elapsed_seconds=1853.2 learning_rate=7.17051e-05
2026-09-21 03:15:52 UTC completed_step=18144 elapsed_seconds=1853.86 learning_rate=7.15073e-05
2026-09-21 03:15:53 UTC completed_step=18160 elapsed_seconds=1854.51 learning_rate=7.13112e-05
2026-09-21 03:15:53 UTC completed_step=18176 elapsed_seconds=1855.17 learning_rate=7.11167e-05
2026-09-21 03:15:55 UTC step=18176 elapsed_seconds=1856.42 mean_loss=0.00565338 errors=3/10002 exact_sentences=1022/1024
2026-09-21 03:15:55 UTC completed_step=18192 elapsed_seconds=1857.08 learning_rate=7.09238e-05
2026-09-21 03:15:56 UTC completed_step=18208 elapsed_seconds=1857.74 learning_rate=7.07326e-05
2026-09-21 03:15:57 UTC completed_step=18224 elapsed_seconds=1858.4 learning_rate=7.05431e-05
2026-09-21 03:15:57 UTC completed_step=18240 elapsed_seconds=1859.06 learning_rate=7.03552e-05
2026-09-21 03:15:58 UTC completed_step=18256 elapsed_seconds=1859.71 learning_rate=7.01689e-05
2026-09-21 03:15:59 UTC completed_step=18272 elapsed_seconds=1860.37 learning_rate=6.99844e-05
2026-09-21 03:15:59 UTC completed_step=18288 elapsed_seconds=1861.03 learning_rate=6.98014e-05
2026-09-21 03:16:00 UTC completed_step=18304 elapsed_seconds=1861.69 learning_rate=6.96202e-05
2026-09-21 03:16:01 UTC step=18304 elapsed_seconds=1862.95 mean_loss=0.00552879 errors=3/10002 exact_sentences=1021/1024
2026-09-21 03:16:02 UTC completed_step=18320 elapsed_seconds=1863.61 learning_rate=6.94406e-05
2026-09-21 03:16:02 UTC completed_step=18336 elapsed_seconds=1864.27 learning_rate=6.92626e-05
2026-09-21 03:16:03 UTC completed_step=18352 elapsed_seconds=1864.93 learning_rate=6.90864e-05
2026-09-21 03:16:04 UTC completed_step=18368 elapsed_seconds=1865.59 learning_rate=6.89118e-05
2026-09-21 03:16:04 UTC completed_step=18384 elapsed_seconds=1866.24 learning_rate=6.87388e-05
2026-09-21 03:16:05 UTC completed_step=18400 elapsed_seconds=1866.9 learning_rate=6.85676e-05
2026-09-21 03:16:06 UTC completed_step=18416 elapsed_seconds=1867.56 learning_rate=6.8398e-05
2026-09-21 03:16:06 UTC completed_step=18432 elapsed_seconds=1868.22 learning_rate=6.823e-05
2026-09-21 03:16:08 UTC step=18432 elapsed_seconds=1869.46 mean_loss=0.00544415 errors=3/10002 exact_sentences=1021/1024
2026-09-21 03:16:08 UTC completed_step=18448 elapsed_seconds=1870.12 learning_rate=6.80638e-05
2026-09-21 03:16:09 UTC completed_step=18464 elapsed_seconds=1870.78 learning_rate=6.78992e-05
2026-09-21 03:16:10 UTC completed_step=18480 elapsed_seconds=1871.44 learning_rate=6.77362e-05
2026-09-21 03:16:10 UTC completed_step=18496 elapsed_seconds=1872.1 learning_rate=6.7575e-05
2026-09-21 03:16:11 UTC completed_step=18512 elapsed_seconds=1872.75 learning_rate=6.74154e-05
2026-09-21 03:16:12 UTC completed_step=18528 elapsed_seconds=1873.41 learning_rate=6.72575e-05
2026-09-21 03:16:12 UTC completed_step=18544 elapsed_seconds=1874.07 learning_rate=6.71013e-05
2026-09-21 03:16:13 UTC completed_step=18560 elapsed_seconds=1874.73 learning_rate=6.69467e-05
2026-09-21 03:16:14 UTC step=18560 elapsed_seconds=1875.98 mean_loss=0.00525698 errors=3/10002 exact_sentences=1022/1024
2026-09-21 03:16:15 UTC completed_step=18576 elapsed_seconds=1876.65 learning_rate=6.67939e-05
2026-09-21 03:16:16 UTC completed_step=18592 elapsed_seconds=1877.31 learning_rate=6.66427e-05
2026-09-21 03:16:16 UTC completed_step=18608 elapsed_seconds=1877.97 learning_rate=6.64932e-05
2026-09-21 03:16:17 UTC completed_step=18624 elapsed_seconds=1878.63 learning_rate=6.63454e-05
2026-09-21 03:16:18 UTC completed_step=18640 elapsed_seconds=1879.29 learning_rate=6.61992e-05
2026-09-21 03:16:18 UTC completed_step=18656 elapsed_seconds=1879.95 learning_rate=6.60547e-05
2026-09-21 03:16:19 UTC completed_step=18672 elapsed_seconds=1880.61 learning_rate=6.5912e-05
2026-09-21 03:16:19 UTC completed_step=18688 elapsed_seconds=1881.27 learning_rate=6.57709e-05
2026-09-21 03:16:21 UTC step=18688 elapsed_seconds=1882.52 mean_loss=0.00534651 errors=3/10002 exact_sentences=1021/1024
2026-09-21 03:16:21 UTC completed_step=18704 elapsed_seconds=1883.18 learning_rate=6.56315e-05
2026-09-21 03:16:22 UTC completed_step=18720 elapsed_seconds=1883.84 learning_rate=6.54938e-05
2026-09-21 03:16:23 UTC completed_step=18736 elapsed_seconds=1884.5 learning_rate=6.53577e-05
2026-09-21 03:16:23 UTC completed_step=18752 elapsed_seconds=1885.16 learning_rate=6.52234e-05
2026-09-21 03:16:24 UTC completed_step=18768 elapsed_seconds=1885.82 learning_rate=6.50907e-05
2026-09-21 03:16:25 UTC completed_step=18784 elapsed_seconds=1886.48 learning_rate=6.49598e-05
2026-09-21 03:16:25 UTC completed_step=18800 elapsed_seconds=1887.15 learning_rate=6.48305e-05
2026-09-21 03:16:26 UTC completed_step=18816 elapsed_seconds=1887.8 learning_rate=6.47029e-05
2026-09-21 03:16:27 UTC step=18816 elapsed_seconds=1889.08 mean_loss=0.0051266 errors=3/10002 exact_sentences=1021/1024
2026-09-21 03:16:28 UTC completed_step=18832 elapsed_seconds=1889.74 learning_rate=6.4577e-05
2026-09-21 03:16:29 UTC completed_step=18848 elapsed_seconds=1890.4 learning_rate=6.44528e-05
2026-09-21 03:16:29 UTC completed_step=18864 elapsed_seconds=1891.06 learning_rate=6.43303e-05
2026-09-21 03:16:30 UTC completed_step=18880 elapsed_seconds=1891.72 learning_rate=6.42095e-05
2026-09-21 03:16:31 UTC completed_step=18896 elapsed_seconds=1892.38 learning_rate=6.40904e-05
2026-09-21 03:16:31 UTC completed_step=18912 elapsed_seconds=1893.04 learning_rate=6.3973e-05
2026-09-21 03:16:32 UTC completed_step=18928 elapsed_seconds=1893.7 learning_rate=6.38573e-05
2026-09-21 03:16:33 UTC completed_step=18944 elapsed_seconds=1894.36 learning_rate=6.37433e-05
2026-09-21 03:16:34 UTC step=18944 elapsed_seconds=1895.61 mean_loss=0.00487426 errors=3/10002 exact_sentences=1022/1024
2026-09-21 03:16:34 UTC completed_step=18960 elapsed_seconds=1896.27 learning_rate=6.36309e-05
2026-09-21 03:16:35 UTC completed_step=18976 elapsed_seconds=1896.93 learning_rate=6.35203e-05
2026-09-21 03:16:36 UTC completed_step=18992 elapsed_seconds=1897.59 learning_rate=6.34114e-05
2026-09-21 03:16:36 UTC completed_step=19008 elapsed_seconds=1898.25 learning_rate=6.33042e-05
2026-09-21 03:16:37 UTC completed_step=19024 elapsed_seconds=1898.91 learning_rate=6.31987e-05
2026-09-21 03:16:38 UTC completed_step=19040 elapsed_seconds=1899.57 learning_rate=6.30948e-05
2026-09-21 03:16:38 UTC completed_step=19056 elapsed_seconds=1900.23 learning_rate=6.29927e-05
2026-09-21 03:16:39 UTC completed_step=19072 elapsed_seconds=1900.89 learning_rate=6.28923e-05
2026-09-21 03:16:40 UTC step=19072 elapsed_seconds=1902.13 mean_loss=0.00496992 errors=3/10002 exact_sentences=1021/1024
2026-09-21 03:16:41 UTC completed_step=19088 elapsed_seconds=1902.79 learning_rate=6.27936e-05
2026-09-21 03:16:42 UTC completed_step=19104 elapsed_seconds=1903.45 learning_rate=6.26966e-05
2026-09-21 03:16:42 UTC completed_step=19120 elapsed_seconds=1904.11 learning_rate=6.26013e-05
2026-09-21 03:16:43 UTC completed_step=19136 elapsed_seconds=1904.77 learning_rate=6.25077e-05
2026-09-21 03:16:44 UTC completed_step=19152 elapsed_seconds=1905.43 learning_rate=6.24158e-05
2026-09-21 03:16:44 UTC completed_step=19168 elapsed_seconds=1906.08 learning_rate=6.23257e-05
2026-09-21 03:16:45 UTC completed_step=19184 elapsed_seconds=1906.74 learning_rate=6.22372e-05
2026-09-21 03:16:46 UTC completed_step=19200 elapsed_seconds=1907.4 learning_rate=6.21505e-05
2026-09-21 03:16:47 UTC step=19200 elapsed_seconds=1908.65 mean_loss=0.004821 errors=3/10002 exact_sentences=1021/1024
2026-09-21 03:16:48 UTC completed_step=19216 elapsed_seconds=1909.32 learning_rate=6.20654e-05
2026-09-21 03:16:48 UTC completed_step=19232 elapsed_seconds=1909.98 learning_rate=6.19821e-05
2026-09-21 03:16:49 UTC completed_step=19248 elapsed_seconds=1910.64 learning_rate=6.19004e-05
2026-09-21 03:16:50 UTC completed_step=19264 elapsed_seconds=1911.3 learning_rate=6.18205e-05
2026-09-21 03:16:50 UTC completed_step=19280 elapsed_seconds=1911.96 learning_rate=6.17423e-05
2026-09-21 03:16:51 UTC completed_step=19296 elapsed_seconds=1912.62 learning_rate=6.16658e-05
2026-09-21 03:16:51 UTC completed_step=19312 elapsed_seconds=1913.28 learning_rate=6.1591e-05
2026-09-21 03:16:52 UTC completed_step=19328 elapsed_seconds=1913.94 learning_rate=6.1518e-05
2026-09-21 03:16:53 UTC step=19328 elapsed_seconds=1915.2 mean_loss=0.00467416 errors=3/10002 exact_sentences=1021/1024
2026-09-21 03:16:54 UTC completed_step=19344 elapsed_seconds=1915.87 learning_rate=6.14466e-05
2026-09-21 03:16:55 UTC completed_step=19360 elapsed_seconds=1916.53 learning_rate=6.1377e-05
2026-09-21 03:16:55 UTC completed_step=19376 elapsed_seconds=1917.19 learning_rate=6.1309e-05
2026-09-21 03:16:56 UTC completed_step=19392 elapsed_seconds=1917.85 learning_rate=6.12428e-05
2026-09-21 03:16:57 UTC completed_step=19408 elapsed_seconds=1918.51 learning_rate=6.11783e-05
2026-09-21 03:16:57 UTC completed_step=19424 elapsed_seconds=1919.17 learning_rate=6.11155e-05
2026-09-21 03:16:58 UTC completed_step=19440 elapsed_seconds=1919.83 learning_rate=6.10544e-05
2026-09-21 03:16:59 UTC completed_step=19456 elapsed_seconds=1920.49 learning_rate=6.09951e-05
2026-09-21 03:17:00 UTC step=19456 elapsed_seconds=1921.75 mean_loss=0.00460579 errors=4/10002 exact_sentences=1020/1024
2026-09-21 03:17:01 UTC completed_step=19472 elapsed_seconds=1922.42 learning_rate=6.09374e-05
2026-09-21 03:17:01 UTC completed_step=19488 elapsed_seconds=1923.08 learning_rate=6.08815e-05
2026-09-21 03:17:02 UTC completed_step=19504 elapsed_seconds=1923.74 learning_rate=6.08273e-05
2026-09-21 03:17:03 UTC completed_step=19520 elapsed_seconds=1924.4 learning_rate=6.07748e-05
2026-09-21 03:17:03 UTC completed_step=19536 elapsed_seconds=1925.07 learning_rate=6.07241e-05
2026-09-21 03:17:04 UTC completed_step=19552 elapsed_seconds=1925.73 learning_rate=6.0675e-05
2026-09-21 03:17:05 UTC completed_step=19568 elapsed_seconds=1926.39 learning_rate=6.06277e-05
2026-09-21 03:17:05 UTC completed_step=19584 elapsed_seconds=1927.05 learning_rate=6.0582e-05
2026-09-21 03:17:07 UTC step=19584 elapsed_seconds=1928.32 mean_loss=0.00451149 errors=3/10002 exact_sentences=1021/1024
2026-09-21 03:17:07 UTC completed_step=19600 elapsed_seconds=1928.99 learning_rate=6.05382e-05
2026-09-21 03:17:08 UTC completed_step=19616 elapsed_seconds=1929.65 learning_rate=6.0496e-05
2026-09-21 03:17:09 UTC completed_step=19632 elapsed_seconds=1930.31 learning_rate=6.04555e-05
2026-09-21 03:17:09 UTC completed_step=19648 elapsed_seconds=1930.98 learning_rate=6.04168e-05
2026-09-21 03:17:10 UTC completed_step=19664 elapsed_seconds=1931.64 learning_rate=6.03798e-05
2026-09-21 03:17:11 UTC completed_step=19680 elapsed_seconds=1932.3 learning_rate=6.03445e-05
2026-09-21 03:17:11 UTC completed_step=19696 elapsed_seconds=1932.96 learning_rate=6.03109e-05
2026-09-21 03:17:12 UTC completed_step=19712 elapsed_seconds=1933.62 learning_rate=6.0279e-05
2026-09-21 03:17:13 UTC step=19712 elapsed_seconds=1934.86 mean_loss=0.00451928 errors=3/10002 exact_sentences=1022/1024
2026-09-21 03:17:14 UTC completed_step=19728 elapsed_seconds=1935.53 learning_rate=6.02489e-05
2026-09-21 03:17:14 UTC completed_step=19744 elapsed_seconds=1936.18 learning_rate=6.02205e-05
2026-09-21 03:17:15 UTC completed_step=19760 elapsed_seconds=1936.84 learning_rate=6.01938e-05
2026-09-21 03:17:16 UTC completed_step=19776 elapsed_seconds=1937.5 learning_rate=6.01688e-05
2026-09-21 03:17:16 UTC completed_step=19792 elapsed_seconds=1938.16 learning_rate=6.01456e-05
2026-09-21 03:17:17 UTC completed_step=19808 elapsed_seconds=1938.81 learning_rate=6.0124e-05
2026-09-21 03:17:18 UTC completed_step=19824 elapsed_seconds=1939.47 learning_rate=6.01042e-05
2026-09-21 03:17:18 UTC completed_step=19840 elapsed_seconds=1940.13 learning_rate=6.00861e-05
2026-09-21 03:17:20 UTC step=19840 elapsed_seconds=1941.39 mean_loss=0.00434687 errors=3/10002 exact_sentences=1021/1024
2026-09-21 03:17:20 UTC completed_step=19856 elapsed_seconds=1942.05 learning_rate=6.00698e-05
2026-09-21 03:17:21 UTC completed_step=19872 elapsed_seconds=1942.71 learning_rate=6.00551e-05
2026-09-21 03:17:22 UTC completed_step=19888 elapsed_seconds=1943.37 learning_rate=6.00422e-05
2026-09-21 03:17:22 UTC completed_step=19904 elapsed_seconds=1944.02 learning_rate=6.0031e-05
2026-09-21 03:17:23 UTC completed_step=19920 elapsed_seconds=1944.68 learning_rate=6.00215e-05
2026-09-21 03:17:24 UTC completed_step=19936 elapsed_seconds=1945.35 learning_rate=6.00138e-05
2026-09-21 03:17:24 UTC completed_step=19952 elapsed_seconds=1946.01 learning_rate=6.00078e-05
2026-09-21 03:17:25 UTC completed_step=19968 elapsed_seconds=1946.67 learning_rate=6.00034e-05
2026-09-21 03:17:26 UTC step=19968 elapsed_seconds=1947.92 mean_loss=0.00430673 errors=3/10002 exact_sentences=1021/1024
2026-09-21 03:17:27 UTC completed_step=19984 elapsed_seconds=1948.59 learning_rate=6.00009e-05
2026-09-21 03:17:27 UTC completed_step=20000 elapsed_seconds=1949.25 learning_rate=6e-05
2026-09-21 03:17:29 UTC step=20000 elapsed_seconds=1950.51 mean_loss=0.00438426 errors=3/10002 exact_sentences=1021/1024
2026-09-21 03:17:30 UTC step=20000 elapsed_seconds=1951.79 mean_loss=0.00438426 errors=3/10002 exact_sentences=1021/1024
BUDGET_EXHAUSTED checkpoint=/home/ubuntu/checkpoints/memorize_general_facts/width_depth_refine_24/width_24/layers_1/step_20000
