line_1based	target_token_index_0based	target_id	predicted_id	loss
1	5	31219	38198	10.8894
1	6	680	7135	10.7973
1	7	511	21925	10.8916
1	8	1862	511	10.9187
1	9	13	23719	10.8679
1	10	50256	37414	10.8332
2	5	286	17820	10.9038
2	6	10211	27946	10.7677
2	7	318	38296	10.7833
2	8	3221	41048	10.72
2	9	10693	23996	10.8913
2	10	618	17736	10.7638
2	11	9759	618	10.8033
2	12	284	41097	10.8279
2	13	262	48477	10.8788
2	14	5044	262	10.7641
2	15	13	21137	10.8109
2	16	50256	5801	10.8625
3	5	1205	2541	10.8303
3	6	2641	16575	10.8147
3	7	663	16478	10.7079
3	8	20596	12768	11.0407
3	9	11	47874	10.8512
3	10	11222	11	10.8928
3	11	88	29964	10.8389
3	12	4645	7157	10.8313
3	13	13	48031	10.8541
3	14	50256	34997	10.6788
4	5	5922	49353	10.8835
4	6	39966	4684	10.8183
4	7	287	27946	10.7481
4	8	257	5302	10.9658
4	9	36594	37014	10.8352
4	10	290	27259	10.7555
4	11	1577	1785	10.9227
4	12	4082	44344	10.8363
4	13	13	24947	10.7731
4	14	50256	34997	10.6787
5	5	945	48274	10.9085
5	6	4439	945	10.8688
5	7	23938	42145	10.7656
5	8	26742	46747	10.6658
5	9	981	17265	10.7877
5	10	30580	28740	10.8101
5	11	511	31160	10.8526
5	12	8954	19078	10.9237
5	13	13022	8938	10.8947
5	14	13	12435	10.7872
5	15	50256	569	10.7747
6	5	5739	4941	10.7811
6	6	11	25320	10.8879
6	7	281	11	10.8049
6	8	2134	49113	10.8041
6	9	351	23719	10.7082
6	10	645	351	10.8736
6	11	2010	39026	10.7497
6	12	2700	42578	10.7358
6	13	16047	34104	10.9313
6	14	6937	12161	10.8332
6	15	15432	40603	10.8662
6	16	13	45709	10.8762
6	17	50256	27259	10.6893
7	5	296	33348	10.9244
7	6	1045	40496	10.8693
7	7	1249	12508	10.6754
7	8	21678	38571	10.8615
7	9	284	16064	10.6951
7	10	1445	19508	10.8053
7	11	832	29198	10.9495
7	12	12835	4057	10.7524
7	13	16649	14181	10.6954
7	14	13	43740	10.8567
7	15	50256	569	10.7735
8	5	734	11343	10.8504
8	6	9403	32436	11.0048
8	7	5667	35936	10.6625
8	8	13	2120	10.8153
8	9	50256	8862	10.8322
9	5	4983	17430	10.9356
9	6	355	33042	10.8091
9	7	281	13271	10.8654
9	8	14312	49113	10.9592
9	9	20562	35566	10.7386
9	10	3716	47601	10.7783
9	11	13	24947	10.8684
9	12	50256	48593	10.8237
10	5	13522	1028	10.8148
10	6	5732	38455	10.7941
10	7	663	7582	10.8171
10	8	29973	12768	10.7803
10	9	2785	19303	10.7493
10	10	2568	2785	10.7384
10	11	13	44534	10.8962
10	12	50256	31221	10.8218
11	5	284	2870	10.8118
11	6	787	17820	10.7696
11	7	34476	37263	10.7703
11	8	1141	48519	10.6673
11	9	5205	42734	10.759
11	10	44411	28700	10.9111
11	11	13	32338	10.8485
11	12	50256	31221	10.822
12	5	257	32126	10.6594
12	6	43836	257	10.8906
12	7	416	17736	10.8924
12	8	12304	5575	10.8122
12	9	1780	23719	10.6952
12	10	299	499	10.7444
12	11	12345	33828	10.8919
12	12	1088	30065	10.96
12	13	281	29904	10.8869
12	14	14709	22788	10.6381
12	15	415	36517	10.8402
12	16	13	595	10.8336
12	17	50256	27259	10.6884
13	5	257	2870	10.7517
13	6	12505	257	10.8955
13	7	3716	15677	10.7084
13	8	287	47814	10.9285
13	9	1944	46699	10.8554
13	10	12	7746	11.008
13	11	820	16134	10.8297
13	12	31057	820	10.8487
13	13	13	24947	10.79
13	14	50256	34997	10.6795
14	5	2173	24272	10.8451
14	6	284	11158	10.8143
14	7	3435	45804	10.8499
14	8	973	46179	10.8329
14	9	287	29904	10.9409
14	10	867	41010	10.7857
14	11	3597	29904	10.7559
14	12	3341	23452	10.8397
14	13	13	8240	10.8013
14	14	50256	34997	10.6788
15	5	3665	46752	10.9409
15	6	7405	9629	10.7173
15	7	284	47623	10.7925
15	8	1057	838	10.8705
15	9	2138	23719	10.8677
15	10	621	16126	10.7669
15	11	6129	17265	10.743
15	12	13	15454	10.8576
15	13	50256	5928	10.8127
16	5	471	2870	10.8533
16	6	5031	37338	10.9137
16	7	272	5031	10.8752
16	8	7012	42726	10.8497
16	9	9459	16064	10.8397
16	10	11	43406	10.8393
16	11	281	45510	10.8514
16	12	37874	47618	10.8924
16	13	1748	29904	10.8457
16	14	13	38789	10.9168
16	15	50256	569	10.7737
17	5	326	8803	10.8815
17	6	2107	7117	10.9298
17	7	287	28505	10.7535
17	8	8389	5302	10.6848
17	9	20848	23719	10.8048
17	10	13	4045	10.8538
17	11	50256	19179	10.8358
18	5	11863	2766	10.7055
18	6	351	11863	10.8585
18	7	262	27708	10.8147
18	8	1037	262	10.6782
18	9	286	11056	10.7817
18	10	16869	15677	11.0048
18	11	49835	6255	10.8332
18	12	13	26245	10.8683
18	13	50256	5928	10.8125
19	5	257	2870	10.7506
19	6	20562	257	10.7656
19	7	290	41982	10.8092
19	8	28757	42726	10.7435
19	9	3716	9639	10.8818
19	10	287	2951	10.7809
19	11	17113	44805	10.9446
19	12	4763	33031	10.813
19	13	11	24947	10.836
19	14	8602	9904	10.7529
19	15	13	19522	10.7274
19	16	50256	5801	10.8623
20	5	286	17260	10.8837
20	6	15238	27946	10.8508
20	7	11	36238	10.6226
20	8	257	17690	10.9126
20	9	42238	37014	10.8655
20	10	1499	37414	10.7701
20	11	13	18529	10.8625
20	12	50256	31221	10.8218
21	5	3665	257	10.9108
21	6	25041	9629	10.8266
21	7	11278	4681	10.7131
21	8	326	3073	10.6884
21	9	460	49085	10.9352
21	10	11589	3842	10.7507
21	11	8976	2987	10.795
21	12	257	32960	10.7328
21	13	16161	32436	10.8314
21	14	338	389	10.8305
21	15	22204	47399	10.8681
21	16	13	40842	10.8932
21	17	50256	27259	10.6885
22	5	17669	43974	10.8537
22	6	23235	820	10.6828
22	7	40270	17640	10.8235
22	8	284	27059	10.7584
22	9	530	40354	10.976
22	10	11863	50097	10.7547
22	11	22037	4997	10.9288
22	12	13	22037	10.8907
22	13	50256	5928	10.8116
23	5	1262	18828	10.8541
23	6	4839	2949	10.7481
23	7	12	38455	10.8032
23	8	29289	17555	10.8159
23	9	15835	23185	10.777
23	10	13	36119	10.8158
23	11	50256	19179	10.836
24	5	286	14568	10.8363
24	6	4771	27946	10.8296
24	7	326	4771	10.9772
24	8	1445	27059	10.8013
24	9	739	37014	10.8125
24	10	511	739	10.8268
24	11	898	511	10.8682
24	12	3463	22851	10.7503
24	13	13	15980	10.8808
24	14	50256	34997	10.6797
25	5	976	262	10.9159
25	6	355	48893	10.8416
25	7	1194	13271	10.8104
25	8	1573	235	10.8059
25	9	475	35629	10.849
25	10	460	37338	10.8038
25	11	13238	6255	10.8078
25	12	287	23719	10.7736
25	13	3616	2809	10.8559
25	14	393	25335	10.8059
25	15	24993	47307	10.8089
25	16	13	3073	10.7278
25	17	50256	27259	10.6883
26	5	8384	16621	10.8155
26	6	319	25903	10.9623
26	7	5667	11952	10.6927
26	8	11	2120	10.8811
26	9	8701	23556	10.7685
26	10	274	9597	10.7432
26	11	11	48103	10.9934
26	12	290	13991	10.723
26	13	584	20754	10.8748
26	14	4618	3842	10.7401
26	15	2587	8821	10.8288
26	16	13	12102	10.8182
26	17	50256	27259	10.6874
27	5	284	16570	10.7283
27	6	4735	17820	10.9156
27	7	318	48519	10.7521
27	8	1444	41048	10.6713
27	9	32553	16431	10.9157
27	10	13	23716	10.7595
27	11	50256	19179	10.8359
28	5	287	3528	10.784
28	6	257	24766	10.7846
28	7	269	257	10.8314
28	8	8325	16129	10.9625
28	9	298	37014	10.7058
28	10	5931	29449	10.7256
28	11	6314	17265	10.8217
28	12	13	33792	10.88
28	13	50256	5928	10.8129
29	5	25834	511	10.7671
29	6	17783	29474	10.8505
29	7	7545	34284	10.9326
29	8	3805	15585	10.7987
29	9	1719	23719	10.7965
29	10	645	37414	10.9098
29	11	37368	39026	10.8375
29	12	13	44709	10.9243
29	13	50256	5928	10.8126
30	5	6071	3674	10.872
30	6	2641	45510	10.8298
30	7	257	16478	10.7226
30	8	24911	49551	10.7183
30	9	13	49353	10.9036
30	10	50256	37414	10.8315
31	5	12491	45708	10.6724
31	6	265	34850	10.9653
31	7	318	12013	10.7881
31	8	407	41048	10.944
31	9	257	17265	10.8167
31	10	1611	25816	10.713
31	11	286	43676	10.8017
31	12	17135	8516	10.7353
31	13	13	12774	10.8403
31	14	50256	34997	10.6785
32	5	11	29964	10.8263
32	6	262	11	10.9609
32	7	9848	262	10.8468
32	8	286	17685	10.7873
32	9	14580	46699	10.8839
32	10	21767	2769	10.837
32	11	262	5692	11.0103
32	12	9848	262	10.8156
32	13	286	8004	10.7634
32	14	18349	33031	10.9963
32	15	13	21137	10.8126
32	16	50256	5801	10.8606
33	5	1123	48477	10.7185
33	6	584	37338	10.8338
33	7	1973	34619	10.7943
33	8	262	42734	10.6094
33	9	41407	23719	10.8781
33	10	286	33681	10.8105
33	11	47403	19179	10.9012
33	12	13	48913	10.9316
33	13	50256	5928	10.8105
34	5	416	41010	10.8322
34	6	2876	36192	10.9071
34	7	3723	27946	10.8112
34	8	290	4291	10.8638
34	9	27172	23719	10.7858
34	10	3101	11523	10.8694
34	11	267	3735	10.9107
34	12	265	47017	10.7035
34	13	21824	47814	10.9392
34	14	13	43740	10.8083
34	15	50256	569	10.7741
35	5	663	39091	10.8742
35	6	9686	26442	11.0093
35	7	290	12508	10.6766
35	8	6727	42726	10.87
35	9	10645	30549	10.9301
35	10	13	27212	10.8103
35	11	50256	19179	10.836
36	5	11880	40569	10.9548
36	6	5419	41099	10.798
36	7	340	11270	10.8628
36	8	2824	42497	10.7656
36	9	5931	23719	10.7884
36	10	1321	43225	10.8328
36	11	422	3735	10.9916
36	12	663	8516	10.7522
36	13	21334	26672	10.8052
36	14	13	13047	10.7861
36	15	50256	569	10.7753
37	5	287	13271	10.8932
37	6	262	24766	10.7599
37	7	8434	262	10.7962
37	8	1027	8434	10.6796
37	9	4909	25084	10.795
37	10	23326	20962	10.895
37	11	4778	30043	10.8554
37	12	2950	38789	10.8314
37	13	287	29904	10.9405
37	14	4854	27250	10.7004
37	15	13	40603	10.7875
37	16	50256	5801	10.8616
38	5	2630	43360	10.9292
38	6	262	36232	10.8132
38	7	5337	262	10.878
38	8	44487	32995	10.7942
38	9	9869	33828	10.7738
38	10	12898	25320	10.751
38	11	546	28760	10.9055
38	12	257	16431	10.85
38	13	8557	32436	10.7338
38	14	7002	33388	10.8176
38	15	13	3067	10.8814
38	16	50256	5801	10.8612
39	5	257	41010	10.7929
39	6	38712	257	10.7688
39	7	460	8895	10.9769
39	8	6486	37519	10.8668
39	9	379	12157	10.8338
39	10	845	10430	10.7761
39	11	1180	15980	10.8917
39	12	18868	42578	11.0304
39	13	422	18868	10.8098
39	14	3668	9904	10.8111
39	15	13	3073	10.7415
39	16	50256	32019	10.8613
40	5	976	262	10.9154
40	6	1271	48893	10.8382
40	7	286	13793	10.688
40	8	28722	27059	10.8316
40	9	355	42734	10.8138
40	10	1237	30163	10.8674
40	11	684	41159	10.838
40	12	13	24554	10.9244
40	13	50256	5928	10.8122
41	5	5048	37877	10.8468
41	6	82	49231	10.9005
41	7	4731	13764	10.8976
41	8	1938	4731	10.863
41	9	284	37194	10.7964
41	10	458	19508	10.7777
41	11	1347	38083	10.797
41	12	2138	42578	10.7892
41	13	621	42919	10.8516
41	14	9563	46179	10.5941
41	15	262	41856	10.7332
41	16	13042	262	10.8322
41	17	13	26672	10.8567
41	18	50256	28799	10.7395
42	5	1712	28089	10.8127
42	6	32107	17757	10.794
42	7	1296	34689	10.8713
42	8	262	12768	10.766
42	9	20831	23719	10.8562
42	10	24491	7117	10.6995
42	11	22829	5692	10.7753
42	12	13	9669	10.8232
42	13	50256	5928	10.8155
43	5	3825	262	10.9573
43	6	318	30498	10.9002
43	7	1444	41010	10.7303
43	8	262	32275	10.6884
43	9	2825	23719	10.8372
43	10	22829	35216	10.7749
43	11	13	4997	10.776
43	12	50256	31221	10.8226
44	5	262	38198	10.7374
44	6	3825	262	10.9352
44	7	11	48893	10.6995
44	8	21094	17690	10.7941
44	9	468	40118	10.7444
44	10	257	27250	10.9017
44	11	37546	31767	10.8049
44	12	2811	25957	10.791
44	13	4417	37483	10.7504
44	14	13	30662	10.7826
44	15	50256	569	10.7739
45	5	257	2870	10.75
45	6	5863	257	10.6831
45	7	670	5159	10.813
45	8	416	32381	10.9059
45	9	12386	17265	10.7732
45	10	46525	499	10.7143
45	11	13	29513	10.8391
45	12	50256	31221	10.8227
46	5	262	27124	10.7572
46	6	9653	262	10.86
46	7	326	31747	10.8357
46	8	8080	27059	10.7878
46	9	607	36860	10.8285
46	10	18815	27946	10.8034
46	11	13	982	10.859
46	12	50256	31221	10.8224
47	5	422	36619	10.7789
47	6	826	9904	10.919
47	7	284	17640	10.8204
47	8	1364	838	10.9256
47	9	13	30549	10.8532
47	10	50256	37414	10.835
48	5	1872	4172	10.8488
48	6	389	49099	10.7594
48	7	3917	389	10.7097
48	8	351	42726	10.8393
48	9	12281	8862	10.7069
48	10	64	23845	10.8468
48	11	399	6780	10.7968
48	12	9019	43708	10.9126
48	13	13	19179	10.7442
48	14	50256	34997	10.6788
49	5	257	389	10.748
49	6	1296	257	10.8124
49	7	286	19535	10.6837
49	8	31094	27059	10.774
49	9	11881	38782	10.7094
49	10	13	19303	10.7522
49	11	50256	19179	10.8356
50	5	17226	47702	10.8087
50	6	1271	5555	10.7377
50	7	286	13793	10.6895
50	8	597	27059	10.7671
50	9	5931	16031	10.6997
50	10	5002	43225	10.774
50	11	13	16134	10.8393
50	12	50256	31221	10.8216
51	5	422	29964	10.8237
51	6	262	9904	10.9363
51	7	15921	262	10.9713
51	8	286	15921	10.7438
51	9	19450	46699	10.9206
51	10	7150	19450	10.8449
51	11	13	5692	10.9306
51	12	50256	31221	10.8226
52	5	25388	46725	10.8281
52	6	3623	47623	10.8223
52	7	284	34619	10.7776
52	8	1620	838	10.7614
52	9	12370	42734	10.8232
52	10	670	37877	10.969
52	11	13	6780	10.8604
52	12	50256	31221	10.8195
53	5	262	20776	10.9015
53	6	6869	262	10.8959
53	7	7021	45804	10.9251
53	8	636	14496	10.8149
53	9	393	40118	10.8331
53	10	477	36613	10.9878
53	11	286	4997	11.0058
53	12	262	8516	10.8208
53	13	3825	262	10.8872
53	14	422	33388	10.6771
53	15	1570	36517	10.7804
53	16	13	2120	10.8576
53	17	50256	27259	10.6883
54	5	393	19421	11.0321
54	6	7686	4530	10.6989
54	7	3170	32436	10.8984
54	8	422	37470	10.8825
54	9	5100	2778	11.0092
54	10	18955	21326	10.8173
54	11	4991	36885	10.7895
54	12	13	43708	10.9214
54	13	50256	5928	10.8132
55	5	3872	351	10.8949
55	6	3815	18473	10.7498
55	7	884	5801	10.8223
55	8	355	9365	10.9298
55	9	2081	4936	10.7371
55	10	290	37414	10.7036
55	11	3991	1785	10.7745
55	12	13	15683	10.9423
55	13	50256	5928	10.8127
56	5	6903	45285	10.8898
56	6	286	14452	10.9054
56	7	1692	31747	10.909
56	8	2910	46723	10.8229
56	9	13	8862	10.8717
56	10	50256	37414	10.8357
57	5	287	28038	10.7196
57	6	2166	24766	11.032
57	7	286	37121	10.6943
57	8	663	27059	10.7394
57	9	3491	26331	10.7936
57	10	460	31023	10.9398
57	11	2728	6255	10.9256
57	12	257	17685	10.7966
57	13	40757	32436	10.8895
57	14	19550	12704	10.7682
57	15	287	14877	10.8869
57	16	262	41010	10.8203
57	17	3491	262	10.85
57	18	338	1830	10.9092
57	19	22204	1112	10.8434
57	20	13	18378	10.9169
57	21	50256	27390	10.7365
58	5	3170	29964	10.8171
58	6	12972	4997	10.8308
58	7	43591	45804	10.9002
58	8	355	1716	10.8072
58	9	15100	4936	10.769
58	10	16667	21933	10.748
58	11	1443	4997	10.8294
58	12	13	8408	10.9108
58	13	50256	5928	10.8113
59	5	1510	8081	10.8551
59	6	400	7135	10.6886
59	7	286	45804	10.732
59	8	257	27059	11.0061
59	9	4326	37014	10.8083
59	10	13	19508	10.7888
59	11	50256	19179	10.834
60	5	735	16621	10.9187
60	6	460	28700	11.0475
60	7	10199	33285	10.7706
60	8	284	45078	10.7504
60	9	5044	40354	10.7353
60	10	9230	37263	10.9127
60	11	13	16134	10.879
60	12	50256	31221	10.8213
61	5	290	20776	10.8112
61	6	38467	7849	10.7967
61	7	5594	45804	10.7399
61	8	284	5617	10.8426
61	9	262	40354	10.7387
61	10	304	262	10.873
61	11	2724	5692	10.7846
61	12	560	30592	10.644
61	13	6421	32436	10.6628
61	14	13	48913	10.8098
61	15	50256	569	10.7733
62	5	13971	257	10.8506
62	6	9403	49699	10.8936
62	7	42626	35936	10.8916
62	8	3349	31091	10.7161
62	9	739	23719	10.8284
62	10	11080	739	10.8495
62	11	3403	3381	10.8322
62	12	13	41165	10.8594
62	13	50256	5928	10.8121
63	5	7319	8081	10.9545
63	6	16379	48930	10.9174
63	7	13	13793	10.8159
63	8	50256	42795	10.7961
64	5	47933	48649	10.9417
64	6	832	22983	10.8924
64	7	257	17690	10.9377
64	8	8122	48642	10.7114
64	9	13	42734	10.8712
64	10	50256	37414	10.8338
65	5	2339	29964	10.917
65	6	8573	49699	10.9916
65	7	326	12508	10.8616
65	8	1037	27059	10.6106
65	9	606	11056	10.9976
65	10	7906	13021	10.8092
65	11	832	19173	10.9194
65	12	262	4057	10.74
65	13	1633	262	10.8091
65	14	13	30662	10.8225
65	15	50256	569	10.774
66	5	262	48477	10.7782
66	6	5417	262	10.7797
66	7	832	48893	10.7543
66	8	257	48846	11.0358
66	9	25979	37014	10.8988
66	10	287	30163	10.9255
66	11	10836	44805	10.7928
66	12	13	30592	10.8922
66	13	50256	5928	10.8123
67	5	286	17260	10.8821
67	6	7517	27946	10.8024
67	7	11	48327	10.8748
67	8	319	17690	10.717
67	9	262	2873	10.7255
67	10	5866	262	10.9419
67	11	406	28760	10.8062
67	12	733	8135	10.7525
67	13	2959	24947	10.9293
67	14	13	43740	10.7933
67	15	50256	569	10.7751
68	5	4778	29964	10.7
68	6	326	19987	10.8449
68	7	3031	3356	10.8784
68	8	284	32275	10.8737
68	9	15938	40354	10.7556
68	10	26306	15980	10.8101
68	11	287	4997	10.8988
68	12	40333	27250	10.7169
68	13	13	38366	10.7364
68	14	50256	34997	10.678
69	5	284	17260	10.7761
69	6	45075	17820	10.7805
69	7	262	13793	10.7884
69	8	1271	262	10.7491
69	9	286	23719	10.7884
69	10	23235	15677	10.6814
69	11	286	6780	10.8172
69	12	1123	8516	10.8169
69	13	5002	7135	10.792
69	14	13	48649	10.7776
69	15	50256	569	10.7733
70	5	287	2870	10.8072
70	6	663	24766	11.0434
70	7	13179	36115	10.9586
70	8	13	32734	10.8509
70	9	50256	34676	10.8345
71	5	3623	20776	10.8625
71	6	11	16570	10.8583
71	7	8977	11	10.812
71	8	11	46034	10.9051
71	9	290	23556	10.7349
71	10	3223	14295	10.781
71	11	2300	3223	10.8018
71	12	1978	32960	10.7947
71	13	287	37483	10.9843
71	14	27982	27250	10.8712
71	15	13	24797	10.8659
71	16	50256	32019	10.8613
72	5	11904	24272	10.8156
72	6	832	30549	10.9683
72	7	2005	17690	10.8847
72	8	83	43321	10.873
72	9	654	37014	10.6785
72	10	393	28700	10.7778
72	11	584	17265	10.7677
72	12	7494	8135	10.8268
72	13	876	7494	10.6412
72	14	8573	33876	10.8908
72	15	13	13550	10.8824
72	16	50256	32019	10.8628
73	5	5451	17796	10.8726
73	6	3407	8185	10.9207
73	7	262	3407	10.7361
73	8	25868	262	10.8657
73	9	5882	44690	10.8162
73	10	1757	12102	10.8228
73	11	7698	10568	10.7601
73	12	13	18624	10.8455
73	13	50256	5928	10.8122
74	5	351	2870	10.7057
74	6	7572	351	10.896
74	7	286	45804	10.6967
74	8	4376	27059	10.8145
74	9	22969	26587	10.6943
74	10	13	22969	10.9107
74	11	50256	19179	10.837
75	5	24866	30691	10.7839
75	6	284	34135	10.7717
75	7	257	45804	10.8044
75	8	2440	48642	10.8925
75	9	11067	46940	10.7923
75	10	7078	20962	10.8249
75	11	13	8846	10.85
75	12	50256	31221	10.8203
76	5	13020	48477	10.7189
76	6	34262	48930	10.9065
76	7	422	24550	10.7795
76	8	257	42017	10.8876
76	9	8701	37014	10.8263
76	10	13	9597	10.7233
76	11	50256	19179	10.8343
77	5	2826	7685	10.935
77	6	351	30498	10.738
77	7	663	27708	10.8656
77	8	1767	12768	10.7433
77	9	4855	46940	10.7887
77	10	1022	17183	10.6639
77	11	262	28337	10.8186
77	12	2137	262	10.6808
77	13	338	27422	10.8545
77	14	14475	39083	10.8138
77	15	13	5255	10.7797
77	16	50256	32019	10.8632
78	5	11061	11165	10.8076
78	6	257	20493	10.6449
78	7	37327	257	10.8995
78	8	4645	31758	10.7309
78	9	1900	23719	10.8091
78	10	355	20962	10.7238
78	11	262	19179	10.8306
78	12	6124	262	10.7656
78	13	6391	40501	10.8828
78	14	17180	12435	10.8389
78	15	13	21137	10.7553
78	16	50256	32019	10.8612
79	5	351	24861	10.7456
79	6	281	351	10.9114
79	7	30690	47618	10.8813
79	8	6082	26452	10.8985
79	9	286	14674	10.7648
79	10	5186	15677	10.9176
79	11	3877	20689	10.7847
79	12	13	22851	10.9517
79	13	50256	5928	10.8122
80	5	6342	2870	10.8078
80	6	11	48134	10.7774
80	7	257	11	10.7958
80	8	1748	20702	10.8808
80	9	319	1748	10.932
80	10	262	5136	10.8751
80	11	1001	262	10.8892
80	12	500	46725	10.9335
80	13	13	32436	10.7869
80	14	50256	34997	10.6794
81	5	1141	11165	10.8765
81	6	262	34545	10.7394
81	7	1110	262	10.7526
81	8	618	27223	10.7681
81	9	1956	49085	10.8587
81	10	1175	36238	10.7524
81	11	907	35566	10.7806
81	12	5443	43708	10.8532
81	13	621	14546	10.8666
81	14	6716	46179	10.8567
81	15	1660	11773	10.8896
81	16	13	31077	10.8502
81	17	50256	27259	10.6894
82	5	10157	262	10.8304
82	6	549	19450	10.7669
82	7	32653	36079	10.7809
82	8	297	38846	10.6784
82	9	544	29513	10.8785
82	10	7813	23308	10.8284
82	11	37834	17265	10.7756
82	12	13	2785	10.8698
82	13	50256	5928	10.8116
83	5	1271	3967	10.7488
83	6	4249	37338	10.771
83	7	257	13793	10.8778
83	8	4633	48642	10.8635
83	9	1271	38782	10.8747
83	10	13	28740	10.8062
83	11	50256	19179	10.8329
84	5	3139	262	10.7925
84	6	286	21925	10.8637
84	7	10836	31747	10.7671
84	8	11	48519	10.8513
84	9	287	23556	10.7123
84	10	262	41010	10.8259
84	11	1499	262	10.8807
84	12	338	12508	10.7876
84	13	5093	32436	10.7762
84	14	13	38789	10.851
84	15	50256	569	10.7754
85	5	19812	262	10.85
85	6	20775	12774	10.9541
85	7	25730	21530	10.7903
85	8	17628	27059	10.7534
85	9	13	32636	10.874
85	10	50256	37414	10.8329
86	5	318	9499	10.7689
86	6	4635	38830	10.7222
86	7	416	30872	10.9508
86	8	38797	5575	10.8156
86	9	278	16031	10.8968
86	10	37624	16962	10.8675
86	11	41266	5692	10.9112
86	12	351	14855	10.8264
86	13	8268	8217	10.8097
86	14	13	8576	10.7867
86	15	50256	569	10.7757
87	5	262	43549	10.712
87	6	10359	262	10.7744
87	7	290	10359	10.7611
87	8	262	42726	10.574
87	9	10329	23719	10.7443
87	10	13	12424	10.7306
87	11	50256	19179	10.8334
88	5	11685	12991	10.7933
88	6	286	25885	10.8809
88	7	18190	31747	10.8453
88	8	290	17077	10.8668
88	9	511	23719	10.7444
88	10	3585	511	10.6914
88	11	6116	30368	10.8049
88	12	13	9957	10.9378
88	13	50256	5928	10.8148
89	5	18044	38198	10.8392
89	6	1633	19434	10.8137
89	7	832	31747	10.7407
89	8	511	48846	10.885
89	9	6611	511	10.7358
89	10	28439	26596	10.9559
89	11	13	31713	10.8316
89	12	50256	31221	10.8235
90	5	15061	40569	10.9801
90	6	36402	28700	10.8657
90	7	286	31461	10.6759
90	8	257	27059	11.0084
90	9	19690	37014	10.8157
90	10	5509	21883	10.8197
90	11	13	9805	10.9145
90	12	50256	31221	10.8195
91	5	11	17595	10.7814
91	6	1690	11	10.8632
91	7	41266	39083	10.8309
91	8	393	25038	10.7911
91	9	2511	23719	10.6821
91	10	680	49895	10.8364
91	11	11	39026	10.9936
91	12	351	13991	10.7807
91	13	1622	8217	10.8126
91	14	654	39099	10.9306
91	15	13	47307	10.7612
91	16	50256	32019	10.8618
92	5	4104	38198	10.887
92	6	1088	26475	10.7473
92	7	17648	27707	10.8488
92	8	290	19381	10.8351
92	9	832	23719	10.915
92	10	28431	30254	10.8627
92	11	13	47814	10.9082
92	12	50256	31221	10.8242
93	5	257	2870	10.7516
93	6	2139	257	10.939
93	7	3170	37121	10.8606
93	8	319	37470	10.7805
93	9	262	2873	10.7214
93	10	5230	262	10.8766
93	11	2138	19179	10.919
93	12	621	19851	10.7864
93	13	257	14708	10.8276
93	14	6171	35385	10.8125
93	15	5177	36517	11.0323
93	16	329	5177	10.7392
93	17	262	21857	10.8455
93	18	5230	262	10.9699
93	19	13	45382	10.8341
93	20	50256	45893	10.7646
94	5	6588	33388	10.8904
94	6	17556	9846	10.9911
94	7	326	49048	10.8454
94	8	5419	27059	10.8593
94	9	8509	23434	10.8781
94	10	15756	11791	10.9111
94	11	4485	42497	10.6944
94	12	13	42783	10.8778
94	13	50256	5928	10.8129
95	5	11073	13271	10.8118
95	6	281	20098	10.8301
95	7	772	47618	10.8886
95	8	18253	26672	10.7771
95	9	13	42734	10.8593
95	10	50256	37414	10.831
96	5	318	36170	10.8112
96	6	262	38830	10.9479
96	7	1218	262	10.8988
96	8	13	7780	10.7894
96	9	50256	8862	10.8335
97	5	262	41010	10.7273
97	6	20938	262	10.7144
97	7	7679	48474	10.8279
97	8	1444	7679	10.7831
97	9	262	16431	10.6965
97	10	14673	262	10.7725
97	11	22829	43923	10.8538
97	12	13	9669	10.8217
97	13	50256	5928	10.8129
98	5	6870	12161	10.9286
98	6	8787	6870	10.7548
98	7	1231	9383	10.7491
98	8	38875	8846	10.8616
98	9	1123	35566	10.9061
98	10	4637	41462	10.7997
98	11	257	20772	10.7432
98	12	4571	23917	10.7516
98	13	13	24947	10.794
98	14	50256	34997	10.6791
99	5	2138	20776	10.8998
99	6	621	40935	10.7872
99	7	1660	17736	10.7615
99	8	11	32275	11.0132
99	9	287	23556	10.7158
99	10	511	41010	10.7765
99	11	1311	511	10.733
99	12	862	42578	10.7847
99	13	13	26672	10.8628
99	14	50256	34997	10.6794
100	5	1514	27830	10.8677
100	6	3096	48930	10.7337
100	7	468	13793	10.7517
100	8	43063	22803	10.7826
100	9	3951	49207	10.8298
100	10	287	5822	10.7191
100	11	1123	44805	10.7738
100	12	4571	30267	10.8528
100	13	13	24947	10.7946
100	14	50256	34997	10.6787
101	5	48573	389	10.9599
101	6	6134	7135	10.71
101	7	16573	48893	10.9297
101	8	284	9365	10.7352
101	9	1204	40354	10.8929
101	10	11061	43785	10.9556
101	11	32085	44598	10.8653
101	12	729	5196	10.8988
101	13	13	41470	10.7983
101	14	50256	34997	10.6791
102	5	9197	257	10.7646
102	6	8320	37858	10.7325
102	7	689	48089	10.8702
102	8	772	38019	10.7859
102	9	611	42734	10.9266
102	10	663	11773	10.8691
102	11	2866	26672	10.8484
102	12	14768	40470	10.7028
102	13	6937	24947	10.8932
102	14	13	20502	10.8237
102	15	50256	569	10.7734
103	5	1660	20776	10.8845
103	6	40169	32760	10.7385
103	7	379	45804	10.786
103	8	257	42726	10.8817
103	9	2793	37014	10.8216
103	10	5951	23845	10.7217
103	11	13	19179	10.8684
103	12	50256	31221	10.8215
104	5	262	38198	10.738
104	6	23902	262	10.7391
104	7	23642	31747	10.9189
104	8	16161	17685	10.8454
104	9	1444	46940	10.8547
104	10	262	38789	10.7987
104	11	34822	262	10.8358
104	12	6378	29218	10.8763
104	13	13	24947	10.7506
104	14	50256	34997	10.678
105	5	1022	49896	10.8984
105	6	4237	38639	10.9662
105	7	290	46555	10.7524
105	8	3957	42726	10.8233
105	9	393	20841	10.8192
105	10	6143	36613	10.8841
105	11	21379	48913	10.8836
105	12	13	36115	10.8918
105	13	50256	5928	10.8108
106	5	262	2827	10.86
106	6	22088	262	10.8029
106	7	291	47293	10.7785
106	8	13061	18413	10.8511
106	9	21072	23719	10.762
106	10	44921	14349	10.8731
106	11	13	5603	10.8719
106	12	50256	31221	10.8219
107	5	1660	48477	10.8478
107	6	287	32760	11.0053
107	7	6546	27250	10.9158
107	8	2945	47185	10.8091
107	9	5667	19366	10.8361
107	10	11	4382	10.6757
107	11	21552	45510	10.825
107	12	11	41097	10.923
107	13	393	31421	10.9201
107	14	11135	30662	10.809
107	15	13	24797	10.8239
107	16	50256	32019	10.8621
108	5	7627	25039	10.8489
108	6	904	12774	10.8259
108	7	656	45804	10.8229
108	8	262	41764	10.6814
108	9	10596	23719	10.8581
108	10	10692	26341	10.6816
108	11	13	2870	10.9138
108	12	50256	31221	10.8233
109	5	262	9904	10.8475
109	6	16577	262	10.8864
109	7	15921	12508	10.9181
109	8	286	15921	10.746
109	9	257	46699	10.8765
109	10	14281	25816	10.7724
109	11	17793	749	10.8886
109	12	13	5896	10.9242
109	13	50256	5928	10.8121
110	5	41917	257	11.0424
110	6	9978	25126	10.7192
110	7	326	48893	10.9491
110	8	460	27059	10.8335
110	9	3650	31186	10.7423
110	10	290	18923	10.6729
110	11	21937	1785	10.9265
110	12	24284	30592	10.811
110	13	17794	37483	10.9548
110	14	286	27143	10.8814
110	15	34573	9432	10.8853
110	16	13	12102	10.7726
110	17	50256	27259	10.6882
111	5	6591	30691	10.7395
111	6	1080	21171	10.7147
111	7	11	46226	10.8558
111	8	22721	17690	10.7901
111	9	468	30549	10.7089
111	10	262	27250	10.7831
111	11	6000	262	10.9364
111	12	2347	9669	10.8463
111	13	13	48405	10.8496
111	14	50256	34997	10.6786
112	5	34616	33388	10.7855
112	6	29120	25341	10.8086
112	7	656	29120	10.9285
112	8	262	41764	10.6795
112	9	1402	23719	10.8473
112	10	45426	7849	10.784
112	11	13	45426	10.8556
112	12	50256	31221	10.8212
113	5	3625	12403	10.7934
113	6	329	31644	10.8618
113	7	3356	45804	10.7662
113	8	290	3356	10.8141
113	9	13017	23719	10.7862
113	10	13	4035	10.7821
113	11	50256	19179	10.8366
114	5	8122	2870	10.745
114	6	11	34545	10.8345
114	7	9472	11	10.8076
114	8	663	16555	10.7277
114	9	8434	26331	10.5427
114	10	4755	8434	10.747
114	11	318	10500	10.8995
114	12	4735	9669	10.8566
114	13	13	29904	10.7106
114	14	50256	34997	10.679
115	5	8802	43360	10.7883
115	6	19079	7135	10.9199
115	7	1998	13047	10.8059
115	8	6697	6560	10.9376
115	9	7028	29513	10.7475
115	10	13	17183	10.7664
115	11	50256	19179	10.8364
116	5	274	38396	10.8666
116	6	13617	28700	10.9315
116	7	278	3356	10.8656
116	8	329	34545	10.8643
116	9	1103	48327	10.8802
116	10	3146	14948	10.8854
116	11	13	23313	10.8001
116	12	50256	31221	10.8219
117	5	13204	18828	10.96
117	6	4991	32436	10.7952
117	7	286	45649	10.7233
117	8	2877	27059	10.8346
117	9	20296	49085	10.8698
117	10	13	15673	10.8448
117	11	50256	19179	10.8348
118	5	281	37314	10.9256
118	6	1633	9830	10.7617
118	7	1014	31747	10.8971
118	8	1022	3528	10.7826
118	9	262	13476	10.7063
118	10	300	262	10.8346
118	11	38621	4643	10.8982
118	12	87	29449	10.789
118	13	290	15407	10.9133
118	14	262	39795	10.6926
118	15	18443	262	10.8293
118	16	11072	18267	10.8327
118	17	13	25335	10.8746
118	18	50256	28799	10.7406
119	5	9460	3674	10.8656
119	6	293	24291	10.9611
119	7	9280	45649	10.7492
119	8	48556	27059	10.6892
119	9	1321	43741	10.8412
119	10	546	28342	10.869
119	11	262	25134	10.9264
119	12	4067	262	10.8308
119	13	286	7686	10.8186
119	14	2057	33031	10.8481
119	15	13	47372	10.8045
119	16	50256	5801	10.8623
120	5	17522	257	10.8131
120	6	318	30789	10.8773
120	7	5017	41010	10.7739
120	8	351	44649	10.7107
120	9	16252	8862	10.8111
120	10	13	16252	10.7554
120	11	50256	19179	10.8364
121	5	257	25903	10.5957
121	6	2393	257	10.7185
121	7	338	21925	10.7312
121	8	5794	15454	10.8067
121	9	11	11341	10.9124
121	10	475	11	10.9128
121	11	340	6780	10.8094
121	12	857	43708	10.7783
121	13	407	32436	10.8535
121	14	9149	31050	10.8671
121	15	326	30693	10.7622
121	16	5794	26152	10.8572
121	17	13	45078	10.8494
121	18	50256	28799	10.7401
122	5	262	355	10.7372
122	6	3139	262	10.8295
122	7	286	45804	10.711
122	8	21506	27059	10.8186
122	9	287	23719	10.6879
122	10	3687	41010	10.8265
122	11	5478	16134	10.897
122	12	13	30592	10.8945
122	13	50256	5928	10.8143
123	5	16021	257	10.7792
123	6	11447	28038	10.9264
123	7	10717	28505	10.7803
123	8	1444	3330	10.6727
123	9	257	16431	10.7566
123	10	9529	25816	10.9037
123	11	528	29904	10.7527
123	12	462	4643	10.8636
123	13	13	3987	10.8003
123	14	50256	34997	10.6785
124	5	866	29497	10.7609
124	6	2636	23222	10.8952
124	7	20296	28505	10.9855
124	8	290	32734	10.9543
124	9	48914	23719	10.7861
124	10	20901	7746	10.9766
124	11	832	5692	10.9424
124	12	30020	4057	10.8445
124	13	13	32436	10.794
124	14	50256	34997	10.6794
125	5	82	7135	10.8099
125	6	262	4997	10.7665
125	7	2989	262	10.8428
125	8	16654	35477	10.8355
125	9	287	43420	10.808
125	10	257	41010	10.9012
125	11	23243	31767	10.6697
125	12	8379	8408	10.8068
125	13	13	33270	10.7547
125	14	50256	34997	10.679
126	5	3519	7448	10.6407
126	6	1171	3519	10.9291
126	7	290	48893	10.8043
126	8	2839	42726	10.9511
126	9	8251	7516	10.8763
126	10	13	3193	10.8035
126	11	50256	19179	10.8364
127	5	318	5238	10.8412
127	6	1444	38830	10.7878
127	7	32896	49235	10.9371
127	8	14596	26672	10.6915
127	9	13	19396	10.8339
127	10	50256	37414	10.8332
128	5	925	7448	10.8889
128	6	7525	25816	10.7562
128	7	422	31470	10.7097
128	8	15317	44936	10.8353
128	9	290	19366	10.8626
128	10	31861	14295	10.8028
128	11	13	44598	10.9022
128	12	50256	31221	10.8226
129	5	257	20776	10.7401
129	6	7226	257	10.8628
129	7	21264	9383	10.9323
129	8	36264	10968	10.8225
129	9	36869	36860	10.8032
129	10	21126	26209	10.9136
129	11	7405	39920	10.8656
129	12	290	8135	10.7471
129	13	14754	20754	10.9655
129	14	663	46179	10.7162
129	15	7894	14877	10.8386
129	16	13	7894	10.7344
129	17	50256	27259	10.6883
130	5	290	12859	10.8402
130	6	17298	7849	10.8772
130	7	287	2827	10.762
130	8	262	5302	10.6809
130	9	7976	23719	10.7418
130	10	2436	7976	10.8226
130	11	26676	30043	10.7765
130	12	13	29218	10.9033
130	13	50256	5928	10.8126
131	5	389	30143	10.7169
131	6	262	389	10.6672
131	7	717	262	10.882
131	8	9403	32275	10.7954
131	9	5667	31484	10.7686
131	10	286	15723	10.6697
131	11	257	19179	10.9132
131	12	4618	23917	10.8248
131	13	39880	27253	10.8815
131	14	13	39083	10.8337
131	15	50256	569	10.7729
132	5	4847	39920	10.8721
132	6	287	48960	11.0063
132	7	5788	27250	10.8089
132	8	416	19381	10.8155
132	9	17247	17265	10.7697
132	10	7572	41010	10.889
132	11	286	34596	10.8964
132	12	37410	8516	10.7519
132	13	3951	37483	10.8388
132	14	13	38570	10.8798
132	15	50256	569	10.7755
133	5	7667	25966	10.6277
133	6	8598	5304	10.9889
133	7	16069	48519	10.8669
133	8	13	16069	10.863
133	9	50256	34676	10.8321
134	5	9260	24175	10.7914
134	6	1577	12725	10.7963
134	7	262	3572	10.9062
134	8	5440	262	10.8185
134	9	663	23719	10.9678
134	10	14688	29401	10.7322
134	11	680	34706	10.8739
134	12	5585	25010	10.8011
134	13	13	37483	10.7945
134	14	50256	34997	10.6789
135	5	389	48477	10.8864
135	6	1036	389	10.8194
135	7	515	43505	10.9635
135	8	284	26672	10.8241
135	9	787	40354	10.7897
135	10	257	19075	10.918
135	11	279	31767	10.7667
135	12	2150	38789	10.7597
135	13	298	40491	10.7447
135	14	1779	30662	10.8232
135	15	3681	36517	10.845
135	16	13	38296	10.7424
135	17	50256	27259	10.6881
136	5	24830	44457	10.8157
136	6	287	34850	10.944
136	7	543	27250	10.8543
136	8	1123	543	10.8305
136	9	6194	29603	10.9468
136	10	2391	36613	10.9293
136	11	6870	29198	10.881
136	12	530	9846	10.6922
136	13	44278	32436	10.8124
136	14	415	6647	10.7331
136	15	393	48560	10.7924
136	16	48617	9274	10.8237
136	17	13	36556	10.8173
136	18	50256	28799	10.7409
137	5	3473	29497	10.902
137	6	5688	42442	10.6891
137	7	286	47851	10.6268
137	8	12925	27059	10.7895
137	9	5207	49207	10.8439
137	10	286	45851	10.7976
137	11	1660	19179	10.7856
137	12	4771	1397	10.9114
137	13	13	30549	10.8288
137	14	50256	34997	10.6795
138	5	3825	262	10.9552
138	6	338	30498	10.811
138	7	4755	36079	10.782
138	8	26161	838	10.6733
138	9	17669	23719	10.7378
138	10	656	13530	10.8259
138	11	43142	25317	10.8108
138	12	290	23719	10.6012
138	13	10050	20754	10.8816
138	14	2568	35469	10.812
138	15	13	15978	10.8289
138	16	50256	5801	10.8629
139	5	3881	42862	10.8387
139	6	326	49843	10.7791
139	7	460	3356	10.9352
139	8	47577	37519	10.9307
139	9	6364	23719	10.9348
139	10	625	17701	10.8622
139	11	41917	4997	10.8325
139	12	1661	35469	10.8701
139	13	66	48924	10.8256
139	14	2040	39083	10.8376
139	15	13	11177	10.8516
139	16	50256	32019	10.8632
140	5	286	21933	10.8227
140	6	28722	27946	10.8892
140	7	287	24447	10.7774
140	8	257	5302	10.9662
140	9	5931	37014	10.7977
140	10	6317	43225	10.9989
140	11	13	5026	10.9259
140	12	50256	31221	10.8224
141	5	5002	19421	10.8459
141	6	326	23332	10.8848
141	7	318	3356	10.8788
141	8	8122	41048	10.7264
141	9	379	42734	10.8073
141	10	8850	10430	10.7249
141	11	2119	3027	10.7621
141	12	5951	23719	10.7833
141	13	13	37483	10.7823
141	14	50256	34997	10.6794
142	5	284	25307	10.7757
142	6	22792	17820	10.7634
142	7	962	2120	10.7906
142	8	2763	34759	10.8435
142	9	403	28337	10.7241
142	10	338	15980	10.8605
142	11	22234	6780	10.8662
142	12	287	39943	10.7154
142	13	36094	2809	10.7753
142	14	13	30662	10.8013
142	15	50256	569	10.7734
143	5	38467	16586	10.8629
143	6	1296	42660	10.8794
143	7	1969	19535	10.838
143	8	15814	26341	10.8726
143	9	351	23719	10.7701
143	10	262	351	10.853
143	11	11135	262	10.8016
143	12	286	31221	10.8458
143	13	6134	47478	10.766
143	14	13	41724	10.8225
143	15	50256	569	10.7739
144	5	262	36619	10.7003
144	6	39522	262	10.7608
144	7	286	39052	10.7414
144	8	1568	27059	10.7749
144	9	4795	23719	10.7605
144	10	10752	7157	10.8945
144	11	12153	5692	10.8382
144	12	274	30815	10.8601
144	13	13	3987	10.7575
144	14	50256	34997	10.6785
145	5	319	47702	10.864
145	6	2995	8895	10.7792
145	7	1141	45804	10.8825
145	8	262	16532	10.6988
145	9	44695	23719	10.8074
145	10	1810	20962	10.8444
145	11	13	10500	10.926
145	12	50256	31221	10.8214
146	5	48440	36619	10.8575
146	6	11904	37338	10.8659
146	7	973	31461	10.8943
146	8	355	235	10.7228
146	9	257	4936	10.8124
146	10	25721	25816	10.9885
146	11	13	34706	10.8353
146	12	50256	31221	10.8236
147	5	319	13395	10.9793
147	6	46376	8895	10.893
147	7	11	1893	10.8162
147	8	16083	17690	10.7711
147	9	981	46699	10.7011
147	10	262	28740	10.6843
147	11	46376	262	10.7504
147	12	318	43708	10.8024
147	13	9583	3168	10.8003
147	14	13	39083	10.8274
147	15	50256	569	10.7734
148	5	9779	257	10.8176
148	6	318	34545	10.843
148	7	257	41010	10.8191
148	8	7446	48642	10.857
148	9	8379	16064	10.8872
148	10	326	16977	10.8417
148	11	22625	5461	10.8833
148	12	284	36115	10.8464
148	13	257	48477	10.7471
148	14	10345	35385	10.9005
148	15	1720	7421	11.0132
148	16	13	12102	10.7539
148	17	50256	27259	10.6878
149	5	1254	24861	10.7574
149	6	3463	20181	10.822
149	7	1203	2870	10.7692
149	8	780	26341	10.8523
149	9	484	23719	10.8825
149	10	290	48169	10.8436
149	11	511	1785	10.6562
149	12	16807	19078	10.7847
149	13	389	32436	11.0754
149	14	17282	389	10.6865
149	15	7463	36517	10.9015
149	16	1978	30708	10.882
149	17	13	20579	10.8101
149	18	50256	28799	10.7411
150	5	262	41010	10.7222
150	6	6697	262	10.8482
150	7	4571	6459	10.8236
150	8	422	26672	10.8604
150	9	749	2778	10.9087
150	10	584	749	10.7519
150	11	14705	6780	10.7853
150	12	287	18624	10.8752
150	13	674	2809	10.8321
150	14	6591	35469	10.7602
150	15	1080	24861	10.6457
150	16	13	42253	10.8388
150	17	50256	27259	10.6891
151	5	287	17246	10.7905
151	6	10598	24766	10.8539
151	7	287	22507	10.8146
151	8	5846	5302	10.743
151	9	37078	4936	10.8609
151	10	13	17640	10.7974
151	11	50256	19179	10.8377
152	5	9505	14672	10.8726
152	6	379	41734	10.9181
152	7	262	22037	10.6828
152	8	5645	262	10.8148
152	9	286	23719	10.8418
152	10	11945	15677	11.0567
152	11	287	31713	10.9684
152	12	867	27250	10.7753
152	13	24039	29904	10.8593
152	14	13	36517	10.8232
152	15	50256	569	10.775
153	5	3106	37438	10.7555
153	6	36186	7135	10.7809
153	7	326	49048	10.8256
153	8	4909	27059	10.9102
153	9	6588	20962	10.6744
153	10	13	45851	10.8236
153	11	50256	19179	10.8367
154	5	2630	46834	10.8223
154	6	262	19450	10.8096
154	7	711	262	10.8232
154	8	1900	12013	10.8386
154	9	355	20962	10.7703
154	10	383	30163	10.8622
154	11	23165	5692	10.8719
154	12	1471	37880	10.7573
154	13	30215	15980	10.803
154	14	13	13860	10.8319
154	15	50256	569	10.7733
155	5	1497	627	10.96
155	6	422	25126	10.9135
155	7	262	9904	10.9156
155	8	2612	262	10.8459
155	9	11	16064	10.9344
155	10	7692	11	10.7679
155	11	286	36885	10.8418
155	12	663	8516	10.8438
155	13	11863	26672	10.7688
155	14	2695	11863	10.6951
155	15	13	12706	10.7986
155	16	50256	32019	10.8616
156	5	21718	13271	10.8516
156	6	6296	37314	10.7177
156	7	1474	6075	10.7378
156	8	6342	42726	10.8507
156	9	287	42734	10.8125
156	10	4881	41010	10.8787
156	11	13	4881	10.8116
156	12	50256	31221	10.8224
157	5	257	9904	10.705
157	6	2060	257	10.592
157	7	19078	48474	10.6519
157	8	1143	19078	10.8068
157	9	5935	16064	10.6747
157	10	326	13793	10.8894
157	11	36319	5461	10.8181
157	12	656	18573	10.831
157	13	4553	24947	10.8836
157	14	39966	9904	10.6867
157	15	13	48560	10.7587
157	16	50256	32019	10.8619
158	5	257	38198	10.7505
158	6	4553	257	10.829
158	7	13239	36523	10.7514
158	8	422	48846	10.8922
158	9	6134	2778	10.8913
158	10	290	36364	10.9166
158	11	4695	1785	10.8579
158	12	13	38789	10.8537
158	13	50256	5928	10.8123
159	5	881	30549	10.8422
159	6	286	40276	10.8429
159	7	21673	31747	10.7065
159	8	338	42795	10.8316
159	9	6156	20537	10.8555
159	10	26898	47906	10.8658
159	11	4417	8211	10.8718
159	12	13	30592	10.8817
159	13	50256	5928	10.8134
160	5	262	7448	10.7088
160	6	1180	262	10.7699
160	7	4069	15677	10.7558
160	8	286	48519	10.7754
160	9	3056	46699	10.9113
160	10	290	40086	11.0007
160	11	1660	1785	10.904
160	12	319	1397	10.8772
160	13	7815	47478	10.8375
160	14	13	4266	10.8264
160	15	50256	569	10.773
161	5	11	24175	10.8135
161	6	262	11	10.9597
161	7	3825	262	10.9856
161	8	24234	37230	10.6555
161	9	262	17265	10.7107
161	10	33258	262	10.694
161	11	1602	6370	10.8603
161	12	1352	36867	10.9564
161	13	13	19179	10.7853
161	14	50256	34997	10.6785
162	5	45656	47702	10.901
162	6	621	31732	10.7746
162	7	7424	17736	10.851
162	8	2266	42734	10.766
162	9	1657	48259	10.8926
162	10	13	38976	10.8014
162	11	50256	19179	10.8346
163	5	925	2870	10.7694
163	6	510	25816	10.8012
163	7	286	45804	10.6484
163	8	30362	27059	10.9119
163	9	16057	7849	10.8366
163	10	68	49895	10.8751
163	11	13	6255	10.8935
163	12	50256	31221	10.8228
164	5	3356	262	10.8826
164	6	286	3356	10.76
164	7	15938	31747	10.851
164	8	656	32275	10.8013
164	9	290	28337	10.7386
164	10	503	14295	10.8024
164	11	286	41159	10.9313
164	12	257	8516	10.8771
164	13	2685	32436	10.8331
164	14	13	12768	10.83
164	15	50256	569	10.7736
165	5	5732	2870	10.7089
165	6	351	4997	10.736
165	7	262	27708	10.8136
165	8	6616	262	10.7922
165	9	286	23719	10.7273
165	10	663	15677	10.8876
165	11	2866	26672	10.8492
165	12	287	40470	10.7083
165	13	15993	2809	10.7574
165	14	12933	36517	10.8787
165	15	13	4198	10.8073
165	16	50256	5801	10.8624
166	5	286	7448	10.8389
166	6	15317	27946	10.7582
166	7	290	42145	10.8878
166	8	19783	42726	10.636
166	9	13	23719	10.822
166	10	50256	37414	10.8336
167	5	5366	17796	10.6966
167	6	286	5366	10.8942
167	7	262	31747	10.9109
167	8	7022	262	10.6667
167	9	286	31598	10.7308
167	10	347	15677	10.8044
167	11	8553	40022	10.9025
167	12	78	49026	10.8831
167	13	13	6874	10.8418
167	14	50256	34997	10.6781
168	5	286	12161	10.9843
168	6	5186	27946	10.906
168	7	3877	5161	10.8873
168	8	13	20492	10.8294
168	9	50256	34676	10.8317
169	5	1768	34468	10.7083
169	6	3994	32760	10.6743
169	7	262	47496	10.7031
169	8	13204	262	10.7854
169	9	7532	1761	10.7829
169	10	41927	5159	10.8239
169	11	10680	47814	10.7007
169	12	13	30065	10.9763
169	13	50256	5928	10.8116
170	5	3139	262	10.7902
170	6	286	21925	10.8672
170	7	29638	31747	10.9266
170	8	11	26563	10.9786
170	9	2138	23556	10.944
170	10	621	16126	10.7661
170	11	11294	17265	10.8124
170	12	23117	23719	11.0779
170	13	42124	23117	10.8473
170	14	13	12435	10.8268
170	15	50256	569	10.7735
171	5	338	27623	10.7482
171	6	383	3137	10.7458
171	7	9467	20240	10.7993
171	8	13274	32275	10.7557
171	9	286	30549	10.7782
171	10	14059	15677	10.8299
171	11	3407	14059	11.0136
171	12	24203	41165	10.9686
171	13	29906	38455	10.8314
171	14	13	42654	10.7888
171	15	50256	569	10.7756
172	5	12	19976	10.9128
172	6	2164	23332	10.6567
172	7	1328	15052	10.8783
172	8	31513	4487	10.8361
172	9	3881	23719	10.8247
172	10	2219	49843	10.7784
172	11	287	27619	10.8216
172	12	9151	27250	10.7396
172	13	291	32436	10.835
172	14	20048	43740	10.7845
172	15	13	43265	10.7237
172	16	50256	5801	10.8624
173	5	1115	38024	10.7841
173	6	11954	1115	10.6688
173	7	11	15677	10.6316
173	8	734	17690	10.7676
173	9	8901	36086	10.7451
173	10	2910	35013	10.622
173	11	832	33828	10.8476
173	12	663	4057	10.7509
173	13	308	26672	10.8576
173	14	2171	9904	10.86
173	15	13	21137	10.8065
173	16	50256	32019	10.8629
174	5	12278	24920	11.0165
174	6	17655	44306	10.9098
174	7	1626	29552	10.8796
174	8	15114	12768	10.8989
174	9	393	8706	10.8057
174	10	1022	36613	10.8617
174	11	257	28337	10.7953
174	12	6279	23917	10.934
174	13	290	123	10.9694
174	14	262	39795	10.6916
174	15	2323	262	10.8077
174	16	13	6370	10.8744
174	17	50256	27259	10.6882
175	5	39526	257	10.8376
175	6	2877	42629	10.8694
175	7	351	41165	10.8542
175	8	257	48519	10.8518
175	9	5205	37014	10.7619
175	10	33567	28700	10.9223
175	11	6587	5461	10.6564
175	12	5212	39689	10.8014
175	13	13	32436	10.8191
175	14	50256	34997	10.6785
176	5	262	20776	10.9013
176	6	4376	262	10.7863
176	7	3006	13793	10.776
176	8	286	4291	10.8811
176	9	257	46699	10.8757
176	10	23470	25816	10.8474
176	11	2512	20772	10.8818
176	12	3328	43708	10.7763
176	13	16882	14546	10.7136
176	14	13	35469	10.769
176	15	50256	569	10.7739
177	5	9417	12275	10.8894
177	6	9136	23719	10.7938
177	7	6492	36870	10.8041
177	8	422	16252	10.9043
177	9	1728	2778	10.7895
177	10	2266	17736	10.8089
177	11	33773	39026	10.8933
177	12	13	17861	10.8998
177	13	50256	5928	10.8122
178	5	7411	12161	10.881
178	6	6953	9368	10.7198
178	7	11	37359	10.7797
178	8	11863	17690	10.6377
178	9	11	20962	10.8464
178	10	290	11	10.7967
178	11	1660	1785	10.9059
178	12	13	1397	10.9647
178	13	50256	5928	10.8128
179	5	1277	8	10.8419
179	6	511	1277	10.622
179	7	734	511	10.8303
179	8	2951	42726	10.9064
179	9	14799	2951	10.9089
179	10	981	47906	10.7788
179	11	21976	28337	10.8833
179	12	511	18299	10.9993
179	13	21334	511	10.8925
179	14	13	13047	10.7844
179	15	50256	569	10.7743
180	5	11	38789	10.83
180	6	2138	11	10.862
180	7	621	45649	10.9083
180	8	2458	22598	10.7511
180	9	287	42734	10.8038
180	10	663	41010	10.9809
180	11	5253	26672	10.9572
180	12	422	23200	10.7763
180	13	262	48924	11.0256
180	14	3825	262	10.971
180	15	11	4746	10.8769
180	16	5640	4382	10.7823
180	17	262	36590	10.8437
180	18	7028	262	10.8752
180	19	13	38431	10.8285
180	20	50256	45893	10.7656
181	5	8064	262	10.7664
181	6	286	26442	10.9582
181	7	257	31747	10.8799
181	8	48862	48642	10.8842
181	9	485	28521	10.7789
181	10	272	17736	10.8783
181	11	9197	36749	10.8431
181	12	338	8842	10.8533
181	13	38447	32436	10.8915
181	14	284	35469	10.9482
181	15	663	49739	10.8731
181	16	14753	37717	10.96
181	17	13	25335	10.9077
181	18	50256	28799	10.7396
182	5	874	8	10.8311
182	6	287	7849	10.9043
182	7	262	27250	10.7847
182	8	8434	262	10.8095
182	9	1027	19303	10.7183
182	10	1037	1027	10.7759
182	11	4886	6370	10.786
182	12	13179	23200	10.8204
182	13	286	24947	10.8513
182	14	262	33031	10.9717
182	15	1182	262	10.8342
182	16	13	4424	10.8889
182	17	50256	27259	10.6887
183	5	1262	2870	10.7795
183	6	14091	2949	10.7118
183	7	7572	42196	10.8737
183	8	319	9365	10.7932
183	9	24012	2873	10.8952
183	10	458	36232	10.8249
183	11	34387	38083	10.8048
183	12	13	8842	10.8714
183	13	50256	5928	10.8123
184	5	3463	44208	10.7885
184	6	318	22414	10.7895
184	7	262	41010	10.9259
184	8	29973	262	10.8235
184	9	2700	19303	10.949
184	10	7205	2700	10.7905
184	11	319	43102	10.7978
184	12	281	8516	10.7842
184	13	2134	9830	10.7906
184	14	13	39795	10.8104
184	15	50256	569	10.7735
185	5	7475	10692	10.9137
185	6	11	37781	10.8009
185	7	355	11	10.8311
185	8	618	48519	10.8129
185	9	466	49085	10.9382
185	10	407	15454	10.9017
185	11	4329	5692	10.8052
185	12	836	36705	10.832
185	13	470	5928	10.8098
185	14	13	41856	10.8148
185	15	50256	569	10.7751
186	5	19700	2827	10.993
186	6	6588	34545	10.929
186	7	378	48519	10.8142
186	8	21622	27330	10.8619
186	9	13	42734	10.8761
186	10	50256	37414	10.8339
187	5	18405	46725	10.8649
187	6	284	33077	10.8841
187	7	2222	45804	10.7658
187	8	15619	9097	10.8374
187	9	1657	2211	10.8584
187	10	284	38976	10.7685
187	11	257	39026	10.8175
187	12	2962	23917	10.8952
187	13	13	16771	10.8043
187	14	50256	34997	10.6797
188	5	14310	257	10.9795
188	6	287	21938	10.7945
188	7	8122	27250	10.8768
188	8	284	42734	10.7625
188	9	7603	40354	10.7294
188	10	1771	28700	10.7228
188	11	257	18529	10.677
188	12	4417	23917	10.8959
188	13	318	29904	10.9099
188	14	1241	1825	10.7437
188	15	13	24797	10.8897
188	16	50256	5801	10.8607
189	5	262	38130	10.6291
189	6	19517	262	10.9258
189	7	6896	19517	10.8778
189	8	351	10430	10.8412
189	9	262	8862	10.7606
189	10	2297	262	10.8934
189	11	6896	40022	10.9509
189	12	13	21356	10.8743
189	13	50256	5928	10.8107
190	5	269	19987	10.8462
190	6	8325	30621	10.9518
190	7	298	29479	10.8423
190	8	13100	17685	10.6865
190	9	290	11341	10.7377
190	10	318	14295	10.7426
190	11	4318	43923	10.7638
190	12	284	10792	10.7732
190	13	10469	24947	10.8933
190	14	16585	48220	10.8064
190	15	13	35654	10.7938
190	16	50256	32019	10.8613
191	5	3793	37877	10.8052
191	6	284	21468	10.8311
191	7	9161	45804	10.6752
191	8	1613	838	10.9226
191	9	1692	8862	10.9298
191	10	14515	1692	10.7727
191	11	13	17265	10.9158
191	12	50256	31221	10.8216
192	5	15715	45597	10.8788
192	6	621	15715	10.7127
192	7	8122	17736	10.8197
192	8	1660	42734	10.711
192	9	11	39471	11.0088
192	10	523	11	10.8895
192	11	340	19179	10.6855
192	12	36016	43708	10.7426
192	13	13	9615	10.7275
192	14	50256	34997	10.6798
193	5	9518	257	10.8005
193	6	11447	34850	10.8252
193	7	10717	28505	10.781
193	8	13	3330	10.8615
193	9	50256	34676	10.8322
194	5	656	45285	10.6571
194	6	257	11656	10.7506
194	7	4735	257	10.9924
194	8	13	42734	10.7754
194	9	50256	8862	10.8306
195	5	262	19987	10.8172
195	6	779	262	11.0178
195	7	286	779	10.6259
195	8	1657	27059	10.7919
195	9	290	23147	10.7171
195	10	9082	14295	10.817
195	11	287	39026	10.9736
195	12	5874	27250	10.7894
195	13	1242	5928	10.7393
195	14	13	34926	10.8176
195	15	50256	569	10.7722
196	5	6115	28772	10.7022
196	6	355	28089	10.7779
196	7	257	13271	10.8168
196	8	27216	20702	10.8186
196	9	875	22399	10.7837
196	10	16912	17736	10.8112
196	11	13	4997	10.8578
196	12	50256	31221	10.8215
197	5	373	47702	10.7731
197	6	257	373	10.9195
197	7	4960	257	10.7513
197	8	6761	12768	10.773
197	9	286	37014	10.7989
197	10	21641	15677	10.7394
197	11	290	10626	10.9296
197	12	4898	23719	10.8825
197	13	9967	19906	10.8286
197	14	20842	43740	10.9288
197	15	13	36517	10.8045
197	16	50256	32019	10.863
198	5	290	25966	10.7868
198	6	2314	7849	10.9838
198	7	47933	26192	10.8607
198	8	832	838	10.7883
198	9	257	8862	10.9581
198	10	2818	25816	10.6656
198	11	17076	43923	10.8342
198	12	13	24554	10.86
198	13	50256	5928	10.8119
199	5	11945	2827	10.8203
199	6	1978	22414	10.8556
199	7	379	49048	10.6966
199	8	867	42726	10.8731
199	9	24039	20537	10.7751
199	10	13	17736	10.8179
199	11	50256	19179	10.8355
200	5	1022	17796	10.6245
200	6	262	38639	10.7491
200	7	37015	262	10.8425
200	8	286	42734	10.8834
200	9	8706	46699	10.6898
200	10	290	8706	10.7179
200	11	22721	1785	10.8492
200	12	13	7991	10.8798
200	13	50256	5928	10.8111
201	5	8850	25612	10.7281
201	6	5405	32377	10.8172
201	7	621	8576	10.8917
201	8	832	22598	10.8357
201	9	257	8862	10.9604
201	10	17076	25816	10.8907
201	11	13	35322	10.8065
201	12	50256	31221	10.8219
202	5	257	41010	10.7904
202	6	20831	257	10.9163
202	7	15283	49602	10.7685
202	8	9290	44649	10.7973
202	9	4143	8862	10.8311
202	10	12073	15390	10.7902
202	11	663	48213	10.8945
202	12	3833	35469	10.8129
202	13	13	32436	10.7559
202	14	50256	34997	10.678
203	5	44653	2827	10.8317
203	6	389	19987	10.7172
203	7	34262	389	10.8566
203	8	878	27059	10.7831
203	9	511	27641	10.8506
203	10	15061	511	10.7865
203	11	36402	6370	10.8544
203	12	1280	10048	10.9778
203	13	13	30169	10.7504
203	14	50256	34997	10.6796
204	5	329	16621	10.8283
204	6	262	24766	10.8718
204	7	3491	262	10.9141
204	8	12	32734	10.8316
204	9	16760	49739	11.0764
204	10	13888	13021	10.9928
204	11	286	9567	10.8905
204	12	663	8516	10.8439
204	13	8234	26672	10.8602
204	14	17894	4266	10.8459
204	15	13	23478	10.7301
204	16	50256	32019	10.8626
205	5	10396	48649	10.8814
205	6	12610	49007	10.8697
205	7	6143	4382	10.7245
205	8	27452	26245	10.7924
205	9	1321	38968	10.8098
205	10	1231	28342	10.8685
205	11	12948	5692	10.831
205	12	1176	12795	10.7062
205	13	13	11938	10.8405
205	14	50256	34997	10.6793
206	5	12091	11687	10.7485
206	6	21566	19421	10.7609
206	7	260	29479	10.7781
206	8	739	6667	10.8225
206	9	262	30549	10.8847
206	10	3112	262	10.9203
206	11	1438	44823	10.9604
206	12	4424	9669	10.8844
206	13	11751	24947	10.776
206	14	7459	33388	10.7917
206	15	13	36517	10.7921
206	16	50256	32019	10.861
207	5	1863	8004	10.803
207	6	262	24766	10.6403
207	7	8830	262	10.7467
207	8	1735	1716	10.8961
207	9	286	23996	10.7621
207	10	2520	15677	10.6721
207	11	2253	19179	10.8527
207	12	13	44709	10.8972
207	13	50256	5928	10.8124
208	5	257	41010	10.7915
208	6	31607	257	10.7167
208	7	8122	46226	10.8309
208	8	5732	42734	10.7195
208	9	351	8862	10.639
208	10	6795	351	10.7046
208	11	13	31489	10.9
208	12	50256	31221	10.8229
209	5	3139	262	10.7922
209	6	1748	21925	10.8645
209	7	286	1748	10.8366
209	8	16519	27059	11.0932
209	9	13	45426	10.8905
209	10	50256	37414	10.8334
210	5	379	28469	10.8115
210	6	262	14809	10.6062
210	7	3641	262	10.9276
210	8	286	27059	10.7531
210	9	674	46699	10.8227
210	10	6591	25379	10.7616
210	11	1080	6780	10.6271
210	12	13	44709	10.9393
210	13	50256	5928	10.8119
211	5	4025	257	11.0101
211	6	2010	13692	10.7384
211	7	2700	12102	10.6086
211	8	11073	2700	10.8443
211	9	257	11341	10.8248
211	10	4025	25816	11.0354
211	11	20309	16134	10.6914
211	12	13	10048	10.972
211	13	50256	5928	10.8115
212	5	4656	45708	10.912
212	6	468	42056	10.945
212	7	6697	21530	10.89
212	8	6698	5378	10.9136
212	9	3025	36136	10.9503
212	10	3815	35567	10.7827
212	11	751	19179	10.709
212	12	284	385	10.7914
212	13	3598	48477	10.8186
212	14	13	19612	10.8784
212	15	50256	569	10.7743
213	5	262	25612	10.7834
213	6	1138	262	10.7195
213	7	37670	1549	10.8193
213	8	1042	17293	10.7768
213	9	286	19396	10.6826
213	10	30498	15677	10.7983
213	11	13	30498	10.811
213	12	50256	31221	10.8218
214	5	16662	47702	10.8286
214	6	284	35271	10.8369
214	7	24949	45804	10.8872
214	8	290	34759	10.8401
214	9	28436	23719	10.7506
214	10	2057	33250	10.6704
214	11	13	29513	10.8639
214	12	50256	31221	10.8206
215	5	4257	262	10.877
215	6	9106	4997	10.8315
215	7	316	13589	10.8887
215	8	16982	49551	10.8248
215	9	4879	40118	11.079
215	10	286	7837	10.8995
215	11	9403	19179	10.7075
215	12	6134	6667	10.8316
215	13	13	37483	10.8098
215	14	50256	34997	10.6784
216	5	318	28772	10.8967
216	6	262	38830	10.9413
216	7	4417	262	10.8461
216	8	4067	48519	10.7882
216	9	3264	16771	10.9465
216	10	2029	30789	10.7953
216	11	663	30169	10.7251
216	12	2962	35469	10.8858
216	13	13	16771	10.804
216	14	50256	34997	10.6787
217	5	318	19421	10.8421
217	6	9086	38830	10.8683
217	7	1022	41470	10.7349
217	8	16256	10430	10.7735
217	9	290	41517	10.7982
217	10	46117	14295	10.9353
217	11	968	28760	10.8987
217	12	22777	41097	10.7639
217	13	13	47702	10.8418
217	14	50256	34997	10.6784
218	5	981	18598	10.8253
218	6	8868	25341	10.8282
218	7	23822	29479	10.709
218	8	1022	40694	10.734
218	9	606	13476	10.9403
218	10	13	13021	10.7694
218	11	50256	19179	10.8346
219	5	8811	2870	11.029
219	6	925	8811	11.0044
219	7	422	11270	10.6487
219	8	22365	42017	10.8345
219	9	388	20962	10.6801
219	10	17135	3506	10.925
219	11	5026	6780	10.7002
219	12	47196	13083	10.8652
219	13	13	48477	10.7802
219	14	50256	34997	10.6789
220	5	780	25967	10.9954
220	6	484	28837	10.8921
220	7	389	15677	10.8145
220	8	19346	389	10.9076
220	9	621	23116	10.6803
220	10	262	23177	10.7227
220	11	7346	262	10.8383
220	12	6591	43708	10.7142
220	13	4417	4008	10.8593
220	14	13	30662	10.7831
220	15	50256	569	10.7734
221	5	262	9904	10.8506
221	6	8434	262	10.8358
221	7	21405	8434	10.7595
221	8	286	29949	10.7342
221	9	1728	46699	10.8193
221	10	7150	17736	10.9239
221	11	13	5692	10.9312
221	12	50256	31221	10.8229
222	5	2187	37483	10.6944
222	6	287	7135	10.8421
222	7	10801	27250	10.8305
222	8	290	3330	10.8273
222	9	12070	23719	10.6849
222	10	284	37858	10.8077
222	11	4439	39026	10.7957
222	12	3056	29218	10.7997
222	13	13	15980	10.8897
222	14	50256	34997	10.6783
223	5	395	29964	10.7491
223	6	563	25816	10.756
223	7	28539	11270	11.0061
223	8	2995	42876	10.8203
223	9	7346	8862	10.85
223	10	262	4035	10.9662
223	11	19636	262	10.8304
223	12	29179	47814	10.7334
223	13	286	28692	10.8574
223	14	4492	33031	10.9163
223	15	13	21137	10.819
223	16	50256	5801	10.8607
224	5	9565	46752	10.7482
224	6	832	5461	10.9121
224	7	35115	17690	10.8535
224	8	13	1716	10.8064
224	9	50256	34676	10.8316
225	5	16824	38024	10.7502
225	6	262	40496	10.8479
225	7	2159	262	10.8825
225	8	287	44649	10.9654
225	9	412	46699	10.8556
225	10	14400	42145	10.7295
225	11	12579	15980	10.7364
225	12	5679	48259	10.9066
225	13	1380	29904	10.9186
225	14	576	43740	10.9175
225	15	292	25317	10.9169
225	16	376	2120	10.875
225	17	10332	376	10.8653
225	18	13	11270	10.8207
225	19	50256	5105	10.8596
226	5	257	32126	10.6599
226	6	3288	257	11.0313
226	7	18645	45804	10.9515
226	8	1022	22598	10.8939
226	9	4881	13476	10.8228
226	10	290	4881	10.7341
226	11	8602	1785	10.8032
226	12	13	41165	10.8455
226	13	50256	5928	10.812
227	5	1296	20944	10.8301
227	6	618	32436	10.9479
227	7	27163	38789	10.8883
227	8	13166	20126	10.84
227	9	1716	17265	10.8844
227	10	16001	1716	10.7314
227	11	276	45285	10.8574
227	12	290	8516	10.7858
227	13	20534	20754	10.7838
227	14	276	45790	10.7523
227	15	1978	36517	10.7833
227	16	13	12102	10.7954
227	17	50256	27259	10.6898
228	5	5931	38789	10.7707
228	6	4847	48930	10.8385
228	7	287	38688	10.9087
228	8	1502	5302	10.8245
228	9	286	1761	10.772
228	10	3649	15677	10.6908
228	11	17226	19179	10.8564
228	12	1271	31221	10.7039
228	13	13	48477	10.7957
228	14	50256	34997	10.6782
229	5	1141	19987	10.8133
229	6	262	34545	10.7385
229	7	3227	262	10.8042
229	8	286	35644	10.7622
229	9	18391	46699	10.7852
229	10	4778	22636	10.6694
229	11	13	12923	10.8669
229	12	50256	31221	10.8219
230	5	5931	2870	10.7891
230	6	33543	48930	10.8663
230	7	290	45804	10.7219
230	8	6149	42726	10.8298
230	9	5387	19396	10.9711
230	10	15121	2769	10.8323
230	11	8573	34596	10.8476
230	12	13	12508	10.9686
230	13	50256	5928	10.8129
231	5	287	36619	10.8007
231	6	281	24766	10.8242
231	7	26433	47618	10.7422
231	8	338	26341	10.7696
231	9	7446	20537	10.8325
231	10	8379	7446	10.8735
231	11	13	18473	10.8607
231	12	50256	31221	10.8226
232	5	45656	18848	10.9112
232	6	621	31732	10.7752
232	7	7424	17736	10.8517
232	8	45725	42734	10.6844
232	9	1657	49085	10.8654
232	10	13	38976	10.8019
232	11	50256	19179	10.8352
233	5	422	25039	10.9451
233	6	11135	9904	10.8496
233	7	3812	41165	10.8152
233	8	262	12768	10.8088
233	9	6727	23719	10.8037
233	10	3354	17183	10.7332
233	11	286	16134	10.7797
233	12	257	8516	10.8775
233	13	4618	32436	10.8469
233	14	13	8821	10.8153
233	15	50256	569	10.7734
234	5	11	33379	10.8223
234	6	511	11	10.7344
234	7	781	511	10.7553
234	8	16415	1363	10.7125
234	9	43855	16415	10.8055
234	10	606	15390	10.8292
234	11	21258	43369	10.8965
234	12	13	13793	10.8598
234	13	50256	5928	10.814
235	5	338	5203	10.8552
235	6	10861	37754	10.843
235	7	49831	10861	10.8405
235	8	560	32024	10.6651
235	9	9335	23719	10.8565
235	10	373	14776	10.8005
235	11	4624	373	10.7504
235	12	625	44432	10.7863
235	13	465	4997	10.8149
235	14	285	12704	10.7438
235	15	13929	11045	10.6796
235	16	1431	32019	10.8244
235	17	1182	6868	10.8819
235	18	13	3114	10.9278
235	19	50256	5105	10.8585
236	5	5752	257	10.767
236	6	24139	646	10.8935
236	7	1626	17736	10.8781
236	8	257	12768	10.8093
236	9	50126	37014	10.6833
236	10	6831	7849	10.7562
236	11	3084	14566	10.8245
236	12	13	29218	10.9695
236	13	50256	5928	10.8113
237	5	2168	41010	10.8131
237	6	6673	34850	10.8579
237	7	511	12508	10.8683
237	8	4180	511	10.8408
237	9	1817	23719	10.7747
237	10	13	21468	10.7513
237	11	50256	19179	10.8371
238	5	379	35013	10.7981
238	6	393	14809	10.9797
238	7	1474	36613	10.952
238	8	3668	42726	10.7337
238	9	338	2282	10.8909
238	10	4417	7746	10.9259
238	11	13	19179	10.8391
238	12	50256	31221	10.8229
239	5	23426	34995	10.7188
239	6	6007	23719	10.7934
239	7	286	45804	10.7574
239	8	12605	27059	10.8564
239	9	13232	8862	10.7331
239	10	5474	17736	10.9143
239	11	13	35322	10.8544
239	12	50256	31221	10.8224
240	5	1366	2827	10.7979
240	6	523	31644	10.715
240	7	326	11952	10.787
240	8	5100	27059	10.8055
240	9	1895	17265	10.9557
240	10	460	42578	10.8769
240	11	307	6255	10.8748
240	12	5443	12508	10.8253
240	13	13	14546	10.7417
240	14	50256	34997	10.6794
241	5	636	34820	10.6432
241	6	286	32894	10.9259
241	7	262	31747	10.9115
241	8	4865	262	10.9218
241	9	1022	2873	10.8952
241	10	3340	48430	10.7943
241	11	290	16134	10.9144
241	12	262	23719	10.6177
241	13	1578	262	10.7653
241	14	1829	39285	10.8931
241	15	13	21137	10.8349
241	16	50256	5801	10.8607
242	5	286	3519	10.8949
242	6	14807	27946	10.8918
242	7	287	12508	10.7149
242	8	21199	5302	10.6569
242	9	7229	25906	10.7962
242	10	13	46940	10.9036
242	11	50256	19179	10.8367
243	5	262	2870	10.8416
243	6	16936	262	10.8523
243	7	1900	49048	10.6279
243	8	3491	20579	10.8262
243	9	284	42734	10.6696
243	10	262	19508	10.8383
243	11	3825	262	10.8956
243	12	13	30646	10.9631
243	13	50256	5928	10.81
244	5	5400	19987	10.9265
244	6	287	25816	10.9205
244	7	511	27250	10.8324
244	8	30772	511	10.703
244	9	13	30194	10.8337
244	10	50256	37414	10.8353
245	5	3154	511	10.9154
245	6	5667	38490	10.8489
245	7	379	24447	10.7231
245	8	262	42726	10.5973
245	9	1660	23719	10.8107
245	10	338	32760	10.8486
245	11	4417	35306	10.8673
245	12	13	30592	10.8804
245	13	50256	5928	10.8121
246	5	1864	15980	10.7857
246	6	284	47702	10.8559
246	7	511	45804	10.9745
246	8	12213	511	10.7566
246	9	351	32636	10.7956
246	10	3867	351	10.7948
246	11	290	44836	10.8071
246	12	31607	23719	10.9187
246	13	21164	24947	10.8035
246	14	13	3806	10.8346
246	15	50256	569	10.7745
247	5	329	8458	10.8615
247	6	496	24766	10.755
247	7	2354	27475	10.9039
247	8	257	22598	10.9415
247	9	35881	37014	10.8441
247	10	389	35881	11.004
247	11	4048	49793	10.7556
247	12	13	14373	10.9155
247	13	50256	5928	10.8118
248	5	262	38198	10.7373
248	6	4898	262	10.8107
248	7	7972	36523	10.7503
248	8	1641	45078	10.8093
248	9	3805	23719	10.7964
248	10	663	4035	10.8414
248	11	1877	26672	10.7797
248	12	7881	30065	10.7673
248	13	13	32436	10.8026
248	14	50256	34997	10.6785
249	5	511	18389	10.9175
249	6	2057	511	10.7281
249	7	7525	25967	10.8006
249	8	416	33719	10.824
249	9	6600	17265	10.9221
249	10	584	23519	10.7541
249	11	4695	6780	10.824
249	12	13	9368	10.8524
249	13	50256	5928	10.8121
250	5	15772	8	10.7988
250	6	7386	25320	10.918
250	7	3891	43498	10.7994
250	8	656	3891	10.912
250	9	6101	28337	10.9208
250	10	9405	13530	10.8378
250	11	13	27698	10.8351
250	12	50256	31221	10.8223
251	5	318	12774	10.9428
251	6	4055	38830	10.9209
251	7	276	4055	10.7988
251	8	287	32005	10.8162
251	9	281	46699	10.867
251	10	11557	35083	10.705
251	11	1080	22340	10.733
251	12	13	44709	10.9403
251	13	50256	5928	10.8134
252	5	257	2148	10.6542
252	6	4553	257	10.8275
252	7	18480	36523	10.6799
252	8	3108	45808	10.8581
252	9	329	32044	10.9647
252	10	1123	35619	10.757
252	11	4151	5461	10.9091
252	12	13	44344	10.9201
252	13	50256	5928	10.8115
253	5	973	9383	10.8846
253	6	2116	24947	10.77
253	7	12	27946	10.9566
253	8	634	17555	10.844
253	9	27554	23719	10.9185
253	10	284	13530	10.8227
253	11	7301	39026	10.8443
253	12	607	28975	10.9019
253	13	1204	37214	10.8484
253	14	290	45790	10.8404
253	15	5369	26596	10.8205
253	16	13	35566	10.8018
253	17	50256	27259	10.6884
254	5	11904	40118	10.7194
254	6	326	30549	10.991
254	7	1663	3356	10.8012
254	8	2641	32131	10.7345
254	9	262	16064	10.7284
254	10	37185	262	10.7266
254	11	286	32338	10.7171
254	12	1232	8516	10.6303
254	13	2454	7216	10.7872
254	14	6134	16252	10.917
254	15	13	4746	10.8059
254	16	50256	5801	10.8599
255	5	3491	20797	10.7279
255	6	287	25748	10.8233
255	7	3668	27250	10.9047
255	8	338	26672	10.8345
255	9	1755	20537	10.8965
255	10	6766	38455	10.8509
255	11	618	5692	10.7288
255	12	9569	38789	10.708
255	13	416	24947	10.9069
255	14	4156	21474	10.7808
255	15	5874	38096	10.8538
255	16	22204	42726	10.8701
255	17	13	23116	10.9088
255	18	50256	28799	10.7404
256	5	16968	38789	10.9492
256	6	11	3137	10.6346
256	7	3584	11	10.9148
256	8	617	42726	10.9238
256	9	5696	23719	10.7916
256	10	17438	45851	10.8776
256	11	10338	6780	10.8333
256	12	625	19303	10.8821
256	13	1728	4997	10.917
256	14	5951	19612	10.7972
256	15	16069	11045	10.8434
256	16	13	48296	10.8532
256	17	50256	27259	10.69
257	5	12	43974	10.8105
257	6	7784	23332	10.7961
257	7	29984	16816	10.7218
257	8	1043	7780	10.8268
257	9	287	11056	10.7965
257	10	5044	41010	10.795
257	11	4778	39386	10.9745
257	12	13	38789	10.8966
257	13	50256	5928	10.8137
258	5	324	48477	10.8679
258	6	2627	47702	10.7877
258	7	262	45804	10.763
258	8	717	262	10.8852
258	9	1893	28337	10.7039
258	10	286	1893	10.697
258	11	3794	8004	10.9232
258	12	287	3842	10.72
258	13	11445	2809	10.9445
258	14	13	2541	10.7757
258	15	50256	569	10.7728
259	5	422	47702	10.8353
259	6	543	9904	10.7487
259	7	749	39167	10.8937
259	8	1660	749	10.7013
259	9	290	40354	10.9059
259	10	7545	14295	10.8866
259	11	1540	5692	10.9053
259	12	2340	45649	10.9181
259	13	423	29904	10.9018
259	14	587	45527	10.9253
259	15	4615	18321	10.8143
259	16	13	4615	10.8785
259	17	50256	27259	10.6893
260	5	422	36619	10.7781
260	6	826	9904	10.9203
260	7	284	17640	10.8199
260	8	1364	838	10.925
260	9	13	30549	10.8528
260	10	50256	37414	10.8345
261	5	286	39754	10.9906
261	6	867	27946	10.7472
261	7	1402	45804	10.7435
261	8	12734	16046	10.8246
261	9	11856	19396	10.7541
261	10	1978	32019	10.7776
261	11	13	35151	10.8764
261	12	50256	31221	10.823
262	5	3917	2870	10.7969
262	6	351	7587	10.7703
262	7	262	27708	10.8124
262	8	4960	262	10.9503
262	9	6260	19517	10.8446
262	10	1001	47870	10.8047
262	11	72	35322	10.9065
262	12	911	45939	10.7762
262	13	261	3014	10.8502
262	14	1840	35569	10.7931
262	15	13	10084	10.7846
262	16	50256	32019	10.8628
263	5	558	49205	10.8848
263	6	504	27698	10.9096
263	7	351	504	10.7058
263	8	6466	48519	10.8638
263	9	276	16431	10.9349
263	10	21755	17701	10.8411
263	11	290	3735	10.9679
263	12	7097	23719	10.8113
263	13	25612	38617	10.8067
263	14	13	2541	10.7334
263	15	50256	569	10.7736
264	5	3356	19421	10.9227
264	6	1863	3356	10.8976
264	7	31025	27250	10.8891
264	8	287	22598	10.8705
264	9	3668	46699	11.0099
264	10	338	49446	10.799
264	11	20048	6780	10.9475
264	12	13	23719	10.8221
264	13	50256	5928	10.814
265	5	318	38789	10.78
265	6	29679	38830	10.8632
265	7	11	32732	10.7624
265	8	543	17690	10.6122
265	9	14582	29513	10.9168
265	10	1973	39920	10.9441
265	11	1811	5603	10.81
265	12	14807	8135	10.7107
265	13	13	31489	10.8236
265	14	50256	34997	10.6797
266	5	33274	25816	10.8543
266	6	468	37338	10.859
266	7	27913	21530	10.6915
266	8	1744	31758	10.788
266	9	3815	43871	10.8594
266	10	329	27259	10.853
266	11	1123	36885	10.768
266	12	16839	30267	10.7973
266	13	13	13957	10.8073
266	14	50256	34997	10.6796
267	5	1022	45708	10.7151
267	6	262	38639	10.7494
267	7	2910	262	10.7803
267	8	290	2120	10.8774
267	9	7346	23719	10.8724
267	10	21379	4035	10.8537
267	11	13	21379	10.8487
267	12	50256	31221	10.8224
268	5	13042	19987	10.796
268	6	16524	25816	10.9264
268	7	287	12508	10.6851
268	8	8150	5302	10.8658
268	9	82	25906	10.8065
268	10	13	25457	10.7997
268	11	50256	19179	10.8346
269	5	8701	262	10.8364
269	6	1641	9597	10.781
269	7	3805	22037	10.7989
269	8	663	42726	10.657
269	9	4898	26331	10.9229
269	10	88	45893	10.7606
269	11	21552	28337	10.7755
269	12	13	10667	10.8585
269	13	50256	5928	10.8136
270	5	10451	257	10.9595
270	6	552	4221	10.7219
270	7	1769	17396	10.8046
270	8	257	14877	10.8752
270	9	1988	37014	10.7863
270	10	422	21712	10.854
270	11	584	10222	10.9229
270	12	3815	8135	10.871
270	13	393	5928	10.8035
270	14	14700	30662	10.8127
270	15	13	14700	10.7043
270	16	50256	32019	10.8605
271	5	618	13827	10.8909
271	6	340	618	10.8742
271	7	468	27699	10.7602
271	8	257	22803	10.9434
271	9	7515	37014	10.8462
271	10	1863	16569	10.8818
271	11	281	22757	10.8113
271	12	2134	47618	10.8323
271	13	338	32436	10.7873
271	14	29358	39083	10.8695
271	15	13	14877	10.8111
271	16	50256	32019	10.8616
272	5	663	29497	10.8203
272	6	22421	26442	10.8209
272	7	981	45804	10.8398
272	8	23934	19381	10.806
272	9	262	4936	10.7632
272	10	20016	262	11.0094
272	11	1022	31644	10.8707
272	12	606	12508	10.8385
272	13	13	32436	10.7699
272	14	50256	34997	10.678
273	5	5667	7135	10.8875
273	6	8811	820	10.9486
273	7	3417	8811	10.7282
273	8	355	39361	10.9245
273	9	25209	4936	10.7975
273	10	13	25816	10.7895
273	11	50256	19179	10.8355
274	5	3601	12161	10.7839
274	6	540	25903	10.8701
274	7	7128	36115	10.8461
274	8	5241	1716	10.7817
274	9	416	23719	10.8906
274	10	7720	2769	10.9442
274	11	656	42546	10.825
274	12	257	8408	10.8048
274	13	4417	32436	10.8859
274	14	13	30662	10.7819
274	15	50256	569	10.7726
275	5	4909	18328	10.7611
275	6	27253	25816	10.9076
275	7	11945	27253	10.7505
275	8	13	49551	10.8624
275	9	50256	8862	10.8302
276	5	530	11343	10.8065
276	6	6588	34545	10.9502
276	7	22037	48519	10.5895
276	8	290	22037	10.7065
276	9	734	23719	10.7892
276	10	11863	48519	10.8615
276	11	23235	4997	10.7526
276	12	13	17640	10.8797
276	13	50256	5928	10.8117
277	5	48159	681	10.7854
277	6	2094	36232	10.8246
277	7	2264	31747	10.8346
277	8	844	22598	10.9802
277	9	1258	23719	10.8119
277	10	319	19450	10.8601
277	11	465	35322	10.8376
277	12	17545	43708	10.721
277	13	13	26672	10.8006
277	14	50256	34997	10.6782
278	5	1657	22705	10.8263
278	6	284	27475	10.8488
278	7	3151	45804	10.8697
278	8	262	18583	10.8735
278	9	2939	23719	10.6455
278	10	12694	31484	10.7443
278	11	329	41159	10.8773
278	12	517	12508	10.8072
278	13	640	37566	10.8091
278	14	13	24393	10.806
278	15	50256	569	10.7742
279	5	47969	11343	10.7755
279	6	11	30621	10.8158
279	7	730	11	10.8571
279	8	335	46509	10.6215
279	9	82	29513	10.7498
279	10	1845	25457	10.7918
279	11	11	38455	10.9743
279	12	290	13991	10.7225
279	13	285	20754	10.8726
279	14	3970	35469	10.8313
279	15	21622	14877	10.8118
279	16	13	31062	10.7882
279	17	50256	27259	10.6888
280	5	422	47403	10.8251
280	6	11527	9904	10.8858
280	7	45926	49858	10.6984
280	8	11	838	10.9672
280	9	981	23556	10.7328
280	10	29049	28740	10.7741
280	11	363	4997	10.7676
280	12	76	31221	10.834
280	13	2737	41992	10.8261
280	14	1663	43740	10.8146
280	15	18644	9702	10.98
280	16	422	18267	10.8897
280	17	11527	7308	10.8745
280	18	18570	28192	10.7988
280	19	13	8542	10.9222
280	20	50256	45893	10.7659
281	5	16697	3674	10.928
281	6	262	1058	10.9012
281	7	1767	262	10.817
281	8	338	235	10.8067
281	9	1660	20537	10.8668
281	10	290	32760	10.9972
281	11	8268	1785	10.8479
281	12	5236	39943	10.7876
281	13	13	37448	10.8632
281	14	50256	34997	10.6794
282	5	1936	9899	10.8523
282	6	16021	4732	10.7933
282	7	3951	13047	10.7768
282	8	13	49113	10.8852
282	9	50256	8862	10.8325
283	5	1573	257	10.9512
283	6	351	7117	10.7133
283	7	257	27708	10.754
283	8	3616	49551	10.8404
283	9	2092	42734	10.7839
283	10	284	18954	10.775
283	11	326	39026	10.9026
283	12	286	2785	10.771
283	13	1194	47478	10.6814
283	14	1573	40603	10.9
283	15	13	23657	10.7643
283	16	50256	32019	10.8624
284	5	11	29964	10.8775
284	6	262	11	10.9599
284	7	11087	262	10.7872
284	8	18333	24037	10.9413
284	9	286	16871	10.7656
284	10	257	15677	10.9561
284	11	22950	31767	10.8075
284	12	751	10048	11.0106
284	13	284	37483	10.8171
284	14	11546	12161	10.8234
284	15	7370	47399	10.7715
284	16	13	18267	10.7549
284	17	50256	27259	10.6887
285	5	262	9589	10.8109
285	6	1767	262	10.9161
285	7	416	23992	10.9165
285	8	10427	5575	10.9095
285	9	319	23719	10.9342
285	10	11945	5136	11.0082
285	11	13	31713	10.9092
285	12	50256	31221	10.8222
286	5	1487	8	10.8245
286	6	262	10271	10.7315
286	7	4571	262	10.8957
286	8	287	26672	10.9973
286	9	543	46699	10.9613
286	10	257	543	10.8667
286	11	17182	31767	10.8648
286	12	8991	38789	10.8303
286	13	2700	34051	10.6718
286	14	13	33876	10.7889
286	15	50256	569	10.774
287	5	422	25039	10.945
287	6	262	9904	10.9351
287	7	9151	262	10.8751
287	8	981	12768	10.8787
287	9	4305	23719	10.858
287	10	749	2769	10.8945
287	11	26306	749	10.822
287	12	37056	43708	10.7692
287	13	2157	32019	10.8504
287	14	13	37418	10.7978
287	15	50256	569	10.7741
288	5	9149	12161	10.8974
288	6	326	26341	10.7824
288	7	24624	3356	10.8872
288	8	9240	22598	10.9639
288	9	393	30549	10.7456
288	10	3520	36613	10.8666
288	11	287	3109	10.9396
288	12	511	27250	10.9589
288	13	2656	511	10.8388
288	14	1502	12704	10.7324
288	15	13	36517	10.8277
288	16	50256	32019	10.8634
289	5	262	10430	10.6046
289	6	2166	262	11.0173
289	7	286	37121	10.6966
289	8	262	27059	10.8372
289	9	5422	23719	10.7111
289	10	1037	23478	10.7
289	11	2005	6370	10.8549
289	12	2057	2005	10.7035
289	13	13	8004	10.8029
289	14	50256	34997	10.6785
290	5	14705	262	10.7905
290	6	287	12774	10.9689
290	7	674	27250	10.7974
290	8	6591	235	10.7503
290	9	1080	24730	10.7544
290	10	318	33528	10.8166
290	11	12548	43923	10.7463
290	12	19606	30065	10.8162
290	13	13	24947	10.8248
290	14	50256	34997	10.6789
291	5	5207	38130	10.8593
291	6	286	36967	10.924
291	7	4898	31747	10.8206
291	8	1262	8821	10.8279
291	9	987	2949	10.9432
291	10	48331	45708	10.6727
291	11	30514	30128	10.748
291	12	290	41165	10.7007
291	13	20567	20754	10.9106
291	14	13	38580	10.7784
291	15	50256	569	10.7738
292	5	2656	511	10.8404
292	6	2060	28975	10.7844
292	7	12	48474	10.8705
292	8	26327	17555	10.8773
292	9	3815	23719	10.844
292	10	618	27259	10.9036
292	11	30240	618	10.7618
292	12	287	49085	10.7914
292	13	41002	2809	10.8616
292	14	12	34926	10.855
292	15	23	36517	10.7229
292	16	13	48784	10.7241
292	17	50256	27259	10.6893
293	5	12737	45708	10.9259
293	6	287	36967	10.8489
293	7	2877	27250	10.9347
293	8	20296	42726	10.7821
293	9	1231	32910	10.7699
293	10	852	7849	10.8942
293	11	13529	11938	10.7809
293	12	416	12161	10.8751
293	13	883	43557	10.6876
293	14	12737	21474	10.7506
293	15	13	38080	10.8313
293	16	50256	32019	10.8624
294	5	460	44544	10.8203
294	6	3067	8	10.7555
294	7	832	18427	10.8576
294	8	1111	48846	10.7678
294	9	1540	1111	10.8608
294	10	2340	13530	10.8359
294	11	290	27619	10.9245
294	12	38236	23719	10.7958
294	13	13	47702	10.8077
294	14	50256	34997	10.6797
295	5	13991	355	10.7806
295	6	287	13991	10.7492
295	7	3833	27250	10.8767
295	8	13	12768	10.7809
295	9	50256	34676	10.8346
296	5	24742	9899	10.8818
296	6	12	23719	10.8582
296	7	14337	36485	10.8852
296	8	24438	42726	10.9606
296	9	14921	30549	10.8062
296	10	287	28700	10.815
296	11	3624	44805	10.8242
296	12	15274	1785	11.0014
296	13	290	32436	10.9582
296	14	3624	39795	10.8132
296	15	15180	5304	10.8145
296	16	13	18267	10.7693
296	17	50256	27259	10.6885
297	5	7042	12161	10.8137
297	6	416	11656	10.7625
297	7	8902	19012	10.8384
297	8	15134	5302	10.822
297	9	28856	35566	11.0033
297	10	13	13530	10.7609
297	11	50256	19179	10.8357
298	5	1402	2827	10.7484
298	6	11	36849	10.6808
298	7	9403	11	10.8903
298	8	12	31484	10.84
298	9	38301	49739	10.921
298	10	37215	50086	10.9688
298	11	431	32436	10.7143
298	12	5289	43708	10.8804
298	13	13	5584	10.7395
298	14	50256	34997	10.6803
299	5	338	33576	10.8785
299	6	2494	25005	10.9112
299	7	1231	9146	10.8332
299	8	852	8846	10.9978
299	9	13529	30549	10.7602
299	10	4045	47906	10.792
299	11	287	6370	10.9832
299	12	326	27250	10.873
299	13	6317	5928	10.7735
299	14	13	43740	10.8662
299	15	50256	569	10.7729
300	5	1474	19987	10.8679
300	6	262	31767	10.6567
300	7	47441	262	10.8108
300	8	9700	6100	10.7392
300	9	5866	23719	10.924
300	10	13	5866	10.7369
300	11	50256	19179	10.8348
301	5	257	30498	10.6586
301	6	3463	257	10.7872
301	7	286	2870	10.8234
301	8	11711	27059	10.7339
301	9	4961	11711	10.8597
301	10	284	5700	10.6488
301	11	663	39026	10.9231
301	12	898	35469	10.8342
301	13	3463	3987	10.7664
301	14	13	48913	10.8955
301	15	50256	569	10.773
302	5	11	19987	10.7488
302	6	2138	11	10.8627
302	7	621	45649	10.9084
302	8	6586	22598	10.6922
302	9	393	23719	10.7285
302	10	10930	36613	10.7965
302	11	13	1397	10.9175
302	12	50256	31221	10.8233
303	5	373	13271	10.7498
303	6	15283	373	10.7615
303	7	287	48474	10.8371
303	8	4492	5302	10.8108
303	9	287	23719	10.7936
303	10	1105	41010	10.8888
303	11	1314	3735	10.8187
303	12	13	5824	10.8953
303	13	50256	5928	10.8131
304	5	78	681	10.8608
304	6	1990	6874	10.9765
304	7	15688	39052	10.9157
304	8	338	376	10.8873
304	9	10003	20537	10.7978
304	10	290	32318	10.806
304	11	14944	1785	10.9329
304	12	17862	18624	10.8096
304	13	10399	47478	10.8163
304	14	319	43740	10.8327
304	15	6882	3073	10.7431
304	16	295	7434	10.8322
304	17	371	16532	10.9135
304	18	2093	25816	10.8886
304	19	10875	5105	10.9272
304	20	1134	7569	10.87
304	21	709	36867	10.7222
304	22	13	5407	10.8707
304	23	50256	23387	10.7748
305	5	385	30549	10.818
305	6	6486	385	11.0463
305	7	287	11952	10.839
305	8	644	5302	10.8105
305	9	318	2873	10.727
305	10	783	41010	10.6227
305	11	7137	27111	10.8793
305	12	13	23719	10.8689
305	13	50256	5928	10.814
306	5	286	17260	10.8808
306	6	262	27946	10.9434
306	7	1578	262	10.8043
306	8	7526	47623	10.7956
306	9	13	20962	10.8965
306	10	50256	37414	10.8348
307	5	29867	2827	11.0541
307	6	17556	6385	10.6754
307	7	13	49048	10.8253
307	8	50256	42795	10.7937
308	5	25041	15715	10.827
308	6	30468	29474	10.8939
308	7	326	38270	10.8917
308	8	645	27059	10.7878
308	9	2392	11341	10.8413
308	10	8080	26452	10.76
308	11	8850	35322	10.7669
308	12	4755	12795	10.698
308	13	21748	27707	10.745
308	14	13	20502	10.7668
308	15	50256	569	10.7749
309	5	3562	373	10.8068
309	6	416	34789	10.8379
309	7	20849	19012	10.8852
309	8	7068	838	10.8573
309	9	449	7516	10.8482
309	10	1211	12424	10.7404
309	11	7273	19321	10.8006
309	12	26361	23719	10.6639
309	13	13	32436	10.8004
309	14	50256	34997	10.6803
310	5	2788	16621	10.8824
310	6	4331	34998	10.7913
310	7	326	2120	10.9144
310	8	4100	27059	10.5516
310	9	65	49085	10.8861
310	10	2788	49289	10.7817
310	11	481	19179	10.8187
310	12	1716	41097	10.7673
310	13	5822	1716	10.7915
310	14	13	9694	10.8707
310	15	50256	569	10.7748
311	5	5865	17260	10.8966
311	6	15417	25126	10.8297
311	7	389	12508	10.7495
311	8	7310	389	10.6546
311	9	8950	4936	10.877
311	10	13	13530	10.7655
311	11	50256	19179	10.8363
312	5	28028	12161	10.8698
312	6	1141	31732	10.9542
312	7	262	8938	10.7544
312	8	1218	262	10.897
312	9	39210	18034	10.8497
312	10	37078	28700	10.7046
312	11	13	40842	10.868
312	12	50256	31221	10.82
313	5	2685	48477	10.8621
313	6	26161	25816	10.8182
313	7	1657	13793	10.6982
313	8	656	12795	10.7674
313	9	12278	28337	10.8593
313	10	2568	9325	10.8009
313	11	13	44534	10.8964
313	12	50256	31221	10.8203
314	5	355	39920	10.6588
314	6	2153	30163	10.6432
314	7	2611	48893	10.8555
314	8	3608	17685	10.8039
314	9	82	8542	10.7877
314	10	379	25457	10.7579
314	11	3095	31489	10.93
314	12	12	18299	10.9418
314	13	78	19179	10.8519
314	14	5829	12704	10.8557
314	15	5755	41938	10.787
314	16	3212	26106	10.878
314	17	13	23719	10.8713
314	18	50256	28799	10.7405
315	5	407	2870	10.8168
315	6	3706	43711	10.8742
315	7	12622	38270	10.9
315	8	45738	49026	10.7013
315	9	13	23719	10.9035
315	10	50256	37414	10.8342
316	5	262	20776	10.9027
316	6	21231	262	10.8468
316	7	8769	37121	10.7693
316	8	78	262	10.7668
316	9	43397	23719	10.8386
316	10	257	41010	10.6615
316	11	5766	31767	10.9345
316	12	286	31091	10.8073
316	13	530	47478	10.9704
316	14	7319	43208	10.9548
316	15	13	35654	10.7971
316	16	50256	32019	10.8597
317	5	29260	16484	10.8484
317	6	692	7135	10.8631
317	7	295	24982	10.7687
317	8	4193	31249	10.7424
317	9	42790	36860	10.8308
317	10	14075	2769	10.8888
317	11	13550	8811	10.8995
317	12	34619	13550	10.6984
317	13	746	34619	10.8238
317	14	82	22788	10.7912
317	15	287	38267	10.8024
317	16	262	41010	10.8208
317	17	29666	262	10.8556
317	18	4289	16558	10.7728
317	19	13	25816	10.8632
317	20	50256	45893	10.7654
318	5	925	22545	10.8018
318	6	422	25816	10.698
318	7	373	9904	10.8765
318	8	17914	373	10.7635
318	9	2058	6868	10.8621
318	10	8384	18093	10.8479
318	11	422	39026	10.9967
318	12	663	8516	10.7514
318	13	1036	26672	10.8931
318	14	515	30662	10.8624
318	15	10717	36517	10.8002
318	16	13	3330	10.8526
318	17	50256	27259	10.6883
319	5	422	41010	10.6982
319	6	262	9904	10.9332
319	7	16577	262	10.8651
319	8	9529	32275	10.8854
319	9	528	20537	10.8022
319	10	2586	36849	10.8756
319	11	286	8948	10.8846
319	12	262	8516	10.82
319	13	7858	262	10.8474
319	14	946	35469	10.9696
319	15	4618	19062	10.8105
319	16	13	28673	10.802
319	17	50256	27259	10.6885
320	5	286	613	10.9353
320	6	262	27946	10.9373
320	7	12108	262	10.8629
320	8	286	838	10.7363
320	9	5828	46699	10.8068
320	10	13	17736	10.8327
320	11	50256	19179	10.8357
321	5	37185	9953	10.7977
321	6	7268	24291	10.6504
321	7	262	32019	10.7281
321	8	11904	262	10.7895
321	9	973	20537	10.9875
321	10	284	12205	10.6988
321	11	787	39026	10.8242
321	12	11311	42578	10.865
321	13	13	48477	10.7684
321	14	50256	34997	10.6786
322	5	29909	48649	10.8491
322	6	3348	38455	10.8212
322	7	656	45804	10.8622
322	8	15268	41764	10.8837
322	9	13	23719	10.8868
322	10	50256	37414	10.8351
323	5	734	30498	10.8168
323	6	5621	32436	10.8476
323	7	286	27946	10.6264
323	8	14390	27059	10.8863
323	9	11	16064	10.9897
323	10	8811	11	10.9652
323	11	1444	8811	10.9627
323	12	25825	38789	10.9016
323	13	290	24947	10.9063
323	14	356	39795	10.6624
323	15	701	356	10.8563
323	16	13	12102	10.7455
323	17	50256	27259	10.6881
324	5	257	25966	10.6935
324	6	1573	257	10.9339
324	7	338	12106	10.8228
324	8	2779	15454	10.8584
324	9	11	28337	10.9506
324	10	9472	11	10.787
324	11	257	43420	10.7787
324	12	35488	23917	11.0043
324	13	318	37483	10.8738
324	14	7223	1825	10.7693
324	15	706	9927	10.8062
324	16	340	18019	10.7623
324	17	13	9274	10.776
324	18	50256	28799	10.7402
325	5	3912	262	10.7942
325	6	1900	25341	10.8194
325	7	355	1900	10.7711
325	8	26153	48519	10.8623
325	9	338	35566	10.9269
325	10	16734	7746	10.7699
325	11	13	28760	10.8039
325	12	50256	31221	10.8224
326	5	318	32412	10.792
326	6	25086	38830	10.8433
326	7	13	23813	10.7756
326	8	50256	42795	10.7974
327	5	976	262	10.9153
327	6	1986	48893	10.8013
327	7	3812	38199	10.813
327	8	3668	12768	10.7434
327	9	780	2282	10.8157
327	10	663	28837	10.9056
327	11	13179	26672	10.7305
327	12	290	30065	10.7823
327	13	13066	20754	10.8574
327	14	389	39083	10.6047
327	15	47192	389	10.9958
327	16	13	9830	10.7752
327	17	50256	27259	10.6874
328	5	20199	25039	10.7854
328	6	1779	37338	10.7669
328	7	4541	12508	10.9409
328	8	4291	22598	10.6241
328	9	257	42734	10.8815
328	10	4417	25816	10.9827
328	11	32162	19179	10.8502
328	12	2174	18624	10.9002
328	13	262	47478	10.9308
328	14	1633	262	10.8942
328	15	338	23692	10.8213
328	16	390	12102	10.7355
328	17	86	27259	10.8648
328	18	966	11773	10.8573
328	19	13	749	10.8189
328	20	50256	45893	10.7657
329	5	262	29216	10.8274
329	6	2612	262	10.8068
329	7	11	2529	10.6854
329	8	2138	17690	10.9155
329	9	621	9639	10.7482
329	10	6872	23177	10.8546
329	11	340	6872	10.6851
329	12	1497	43708	10.8718
329	13	13	24947	10.8071
329	14	50256	34997	10.6795
330	5	1688	257	10.8419
330	6	26041	8825	10.6277
330	7	1748	28505	10.8321
330	8	287	38571	10.7847
330	9	1944	46699	10.856
330	10	12	7746	11.0046
330	11	820	16134	10.8298
330	12	32183	820	10.8604
330	13	13	27707	10.7761
330	14	50256	34997	10.6794
331	5	2347	38024	10.8518
331	6	318	8185	10.8922
331	7	17298	41010	10.7845
331	8	287	10454	10.8946
331	9	663	46699	11.0031
331	10	29984	29401	10.845
331	11	13	39026	10.8656
331	12	50256	31221	10.8235
332	5	257	2870	10.7502
332	6	46103	257	10.7857
332	7	326	48924	10.9203
332	8	8186	27059	10.9324
332	9	728	37194	10.7533
332	10	416	728	10.7525
332	11	16299	17265	10.7774
332	12	9653	39943	10.8107
332	13	13	32436	10.8261
332	14	50256	34997	10.6794
333	5	33828	24861	10.9431
333	6	2630	33828	10.8432
333	7	262	17640	10.8198
333	8	4960	262	10.9511
333	9	670	19517	10.9194
333	10	383	12102	10.9787
333	11	17388	5692	10.8949
333	12	286	36867	10.8453
333	13	5215	47478	10.7659
333	14	7285	9904	10.8761
333	15	13	36517	10.7832
333	16	50256	32019	10.8622
334	5	656	45285	10.7878
334	6	262	11656	10.7566
334	7	12108	262	10.8616
334	8	286	838	10.733
334	9	5828	46699	10.8057
334	10	13	17736	10.8312
334	11	50256	19179	10.8362
335	5	1146	30880	10.868
335	6	14523	820	10.867
335	7	12076	27708	10.8039
335	8	4755	37931	10.7141
335	9	5419	23719	10.9793
335	10	7716	2769	10.787
335	11	663	17340	10.8395
335	12	14091	35469	10.8981
335	13	2214	37483	10.8229
335	14	13	2214	10.824
335	15	50256	569	10.7742
336	5	416	16621	10.7617
336	6	281	36192	10.9287
336	7	12064	47618	10.6537
336	8	900	7780	10.742
336	9	13	4936	10.8833
336	10	50256	37414	10.8345
337	5	4387	262	10.7809
337	6	2877	4387	10.8595
337	7	5044	31221	10.7175
337	8	416	17077	10.9061
337	9	2347	17265	10.8382
337	10	13	25973	10.867
337	11	50256	19179	10.8347
338	5	318	24861	10.8634
338	6	281	38830	10.772
338	7	12628	47618	10.7983
338	8	1286	31160	10.8337
338	9	35162	11341	10.7837
338	10	19955	35162	10.8393
338	11	17116	41159	10.8734
338	12	13	11341	10.9474
338	13	50256	5928	10.8125
339	5	1255	8	10.7692
339	6	422	36967	10.8141
339	7	4802	9904	10.826
339	8	29358	15454	10.8702
339	9	286	37014	10.8473
339	10	32085	15677	10.7589
339	11	729	45947	11.0913
339	12	416	36452	10.944
339	13	739	43557	10.8744
339	14	8583	18669	10.835
339	15	29781	48560	10.6686
339	16	13	123	10.7908
339	17	50256	27259	10.6887
340	5	4417	262	10.8687
340	6	11	21468	10.812
340	7	340	11	10.9324
340	8	318	42497	10.8263
340	9	1444	4936	10.7596
340	10	28856	38789	10.8869
340	11	13	44534	10.8508
340	12	50256	31221	10.8217
341	5	31094	19987	10.9055
341	6	9813	10751	10.8513
341	7	3067	38270	10.7639
341	8	379	31758	10.869
341	9	262	11341	10.5987
341	10	976	262	10.9315
341	11	2866	513	10.8699
341	12	13	40470	10.9098
341	13	50256	5928	10.812
342	5	338	19421	10.716
342	6	3139	25005	10.8468
342	7	11	45804	10.6705
342	8	319	17690	10.7192
342	9	262	2873	10.7244
342	10	2258	262	10.7925
342	11	5451	49793	10.7398
342	12	13	5451	10.8983
342	13	50256	5928	10.8135
343	5	290	34305	10.7612
343	6	262	7849	10.6432
343	7	7431	262	10.9359
343	8	323	41097	10.7817
343	9	2271	42734	10.876
343	10	389	2271	10.7206
343	11	1688	49793	10.7159
343	12	46178	43708	10.8112
343	13	2462	8	10.6893
343	14	873	39083	10.7425
343	15	13	22593	10.7839
343	16	50256	5801	10.8605
344	5	3303	41010	10.9137
344	6	13	4530	10.9213
344	7	50256	45804	10.8446
345	5	338	651	10.8262
345	6	1588	23729	10.767
345	7	14966	15677	10.7308
345	8	389	20579	10.7503
345	9	20633	17396	10.7575
345	10	416	28337	10.7077
345	11	16021	17265	10.8432
345	12	300	262	10.6922
345	13	600	12927	10.8202
345	14	1424	19612	10.8362
345	15	13	31381	10.8552
345	16	50256	32019	10.862
346	5	262	373	10.6782
346	6	717	262	10.7986
346	7	1893	6459	10.6485
346	8	286	1893	10.7355
346	9	16256	46699	10.8167
346	10	706	13476	10.8164
346	11	663	49663	10.7676
346	12	39862	35469	10.8925
346	13	286	11567	10.8299
346	14	10404	33031	10.8622
346	15	13	37781	10.7374
346	16	50256	32019	10.8613
347	5	1022	35154	10.9274
347	6	5387	38639	11.0202
347	7	21379	11952	10.661
347	8	290	21379	10.8543
347	9	262	23719	10.6373
347	10	7097	262	10.8882
347	11	2858	44435	10.7944
347	12	13	10048	10.8989
347	13	50256	5928	10.8117
348	5	17598	19987	10.7042
348	6	318	30163	10.9859
348	7	262	41010	10.9266
348	8	4756	262	10.941
348	9	832	35566	11.0023
348	10	543	30254	10.7177
348	11	4704	29513	10.8518
348	12	8318	16259	10.865
348	13	13	32436	10.763
348	14	50256	34997	10.6783
349	5	257	46834	10.7349
349	6	8122	257	10.7982
349	7	416	12102	10.8437
349	8	10829	5575	10.7635
349	9	5365	33828	10.7046
349	10	26758	30194	10.8961
349	11	17745	17265	10.6899
349	12	13	49085	10.9004
349	13	50256	5928	10.8119
350	5	12912	11343	10.8679
350	6	5696	30498	10.8438
350	7	7668	12508	10.8827
350	8	351	46509	10.7987
350	9	8977	8862	10.7457
350	10	290	8977	10.7557
350	11	26898	1785	10.8503
350	12	13166	35385	10.7471
350	13	13	14546	10.8229
350	14	50256	34997	10.6788
351	5	14281	257	10.8535
351	6	393	14281	10.8259
351	7	28402	36613	10.8775
351	8	7334	45469	10.8314
351	9	329	19396	10.9671
351	10	663	35619	10.9389
351	11	7956	26672	10.9124
351	12	5250	30592	10.8485
351	13	15921	40480	10.9549
351	14	13	15921	10.7698
351	15	50256	569	10.7739
352	5	11471	23222	10.7934
352	6	11	38455	10.8362
352	7	41331	11	10.7865
352	8	286	838	10.8537
352	9	21558	46699	10.7276
352	10	460	17736	10.9523
352	11	307	6255	10.8726
352	12	24167	12508	10.9118
352	13	284	47478	10.8854
352	14	1296	12161	10.8689
352	15	262	36517	10.7893
352	16	7714	262	10.8685
352	17	286	37781	10.8576
352	18	257	27946	10.804
352	19	8837	30659	10.7785
352	20	13	40603	10.8512
352	21	50256	27390	10.7377
353	5	504	47702	10.8188
353	6	23470	504	10.7856
353	7	36364	45804	10.5611
353	8	1777	36364	10.7703
353	9	2367	4936	10.8873
353	10	656	27259	10.8644
353	11	37285	25317	10.7551
353	12	338	7157	10.8355
353	13	6450	32436	10.7866
353	14	6440	2541	10.8512
353	15	41724	21137	10.9204
353	16	13	27623	10.777
353	17	50256	27259	10.6902
354	5	4577	3528	10.7682
354	6	284	26155	10.9004
354	7	10716	45804	10.7165
354	8	416	15454	10.7684
354	9	9194	17265	10.7373
354	10	7842	45851	10.7258
354	11	1431	23116	10.7707
354	12	4263	29218	10.8165
354	13	13	6555	10.7511
354	14	50256	34997	10.68
355	5	3623	44052	10.8648
355	6	326	16570	10.8976
355	7	30174	3356	10.8112
355	8	691	37640	10.6275
355	9	351	14084	10.6633
355	10	1049	351	10.8377
355	11	8722	6652	10.9647
355	12	739	18299	10.869
355	13	8850	33427	10.942
355	14	3403	14877	10.9041
355	15	13	47307	10.751
355	16	50256	32019	10.8616
356	5	318	19987	10.8838
356	6	257	38830	10.7215
356	7	31513	257	10.8419
356	8	8598	16129	10.7786
356	9	287	27059	10.8151
356	10	38131	41010	10.6823
356	11	37270	31484	10.8335
356	12	13	16404	10.8817
356	13	50256	5928	10.8111
357	5	7285	28089	10.8572
357	6	351	7849	10.7651
357	7	262	27708	10.8154
357	8	289	262	10.9
357	9	343	23719	10.868
357	10	363	32297	10.7503
357	11	2271	48213	10.8518
357	12	290	38789	10.6383
357	13	479	20754	10.8592
357	14	265	41539	10.8171
357	15	461	11045	10.8462
357	16	2271	32152	10.6541
357	17	27226	31062	10.7886
357	18	397	37877	10.8077
357	19	3166	1549	10.931
357	20	13	17701	10.8174
357	21	50256	27390	10.7378
358	5	2237	9899	10.8224
358	6	13042	45521	10.9234
358	7	13	31470	10.8452
358	8	50256	42795	10.7949
359	5	46916	19421	10.8066
359	6	286	11403	11.0208
359	7	530	31747	10.9947
359	8	8122	30957	10.7625
359	9	34646	42734	10.9501
359	10	287	26475	10.8356
359	11	1194	44805	10.8684
359	12	2296	43708	10.7449
359	13	2304	5073	10.8275
359	14	856	39083	10.7986
359	15	8122	47307	10.7844
359	16	13	12102	10.7808
359	17	50256	27259	10.6889
360	5	890	2827	10.9771
360	6	14659	49699	10.8016
360	7	7042	31747	10.8331
360	8	422	46747	10.8467
360	9	4555	2778	10.9874
360	10	37880	4555	10.7563
360	11	2615	37880	10.9235
360	12	7021	32960	10.795
360	13	13	48477	10.7955
360	14	50256	34997	10.6784
361	5	3812	4936	10.8064
361	6	1657	39285	10.7678
361	7	832	21509	10.6841
361	8	257	48846	11.0368
361	9	2882	37014	10.8235
361	10	1444	12305	10.9122
361	11	2825	15750	10.8505
361	12	34248	12508	10.732
361	13	1042	24947	10.8572
361	14	13	22944	10.7607
361	15	50256	569	10.7724
362	5	286	47530	10.8647
362	6	262	27946	10.9432
362	7	13387	262	10.8383
362	8	286	4291	10.9167
362	9	262	46699	10.8462
362	10	311	262	10.7183
362	11	32248	17265	10.7248
362	12	32939	36057	10.791
362	13	13	4997	10.8323
362	14	50256	34997	10.6782
363	5	9030	13271	10.7828
363	6	973	45849	10.8418
363	7	28713	37483	10.8129
363	8	284	10430	10.7146
363	9	2746	40354	10.837
363	10	37209	42145	10.8436
363	11	16006	6780	10.9199
363	12	13	13409	10.9261
363	13	50256	5928	10.8121
364	5	35831	44457	10.9578
364	6	26664	23719	10.7821
364	7	4735	17396	10.9212
364	8	422	12587	10.8586
364	9	257	2778	10.7514
364	10	8122	25816	10.7599
364	11	13	19179	10.8493
364	12	50256	31221	10.8216
365	5	290	8240	10.8271
365	6	1336	7849	10.8534
365	7	31093	28505	10.8605
365	8	11	23719	10.8878
365	9	618	23556	10.9594
365	10	6591	618	10.7274
365	11	290	6780	10.8288
365	12	25572	23719	10.6565
365	13	40738	32436	10.8012
365	14	3048	15799	11.0039
365	15	19594	22037	10.9499
365	16	1123	6780	10.7362
365	17	584	15121	10.7479
365	18	13	34783	10.9013
365	19	50256	5105	10.8571
366	5	4477	17260	10.9676
366	6	881	2400	10.738
366	7	286	16595	10.6976
366	8	663	27059	10.7386
366	9	1903	26331	10.7885
366	10	2478	10883	10.7019
366	11	2641	28760	10.8596
366	12	663	38789	10.7176
366	13	2802	26672	10.7568
366	14	338	22280	10.8088
366	15	36594	47399	10.9012
366	16	13	9274	10.794
366	17	50256	27259	10.6882
367	5	3734	49353	10.7254
367	6	32908	23719	10.8622
367	7	326	37121	10.7369
367	8	3342	27059	10.7644
367	9	2344	4936	10.8889
367	10	39895	5159	10.7564
367	11	282	10626	10.7326
367	12	13	23909	10.9503
367	13	50256	5928	10.8132
368	5	422	12161	10.8966
368	6	262	9904	10.9339
368	7	21405	262	10.9404
368	8	286	29949	10.7334
368	9	269	46699	10.8491
368	10	967	3176	10.8507
368	11	26210	40098	10.765
368	12	7150	38789	10.7492
368	13	13	10626	10.868
368	14	50256	34997	10.6789
369	5	26948	44457	10.8406
369	6	318	676	10.7221
369	7	257	41010	10.8193
369	8	9403	20702	10.9224
369	9	13	31484	10.9051
369	10	50256	37414	10.8335
370	5	1321	16621	10.7427
370	6	355	749	10.7778
370	7	880	13271	10.9154
370	8	355	42497	10.8278
370	9	663	4936	10.9481
370	10	21437	29401	10.8164
370	11	13	4573	10.7836
370	12	50256	31221	10.825
371	5	1735	16621	10.848
371	6	4129	11901	10.8653
371	7	15082	43505	10.7667
371	8	444	35629	10.8525
371	9	663	42734	10.8953
371	10	1989	29401	10.9116
371	11	416	47343	10.903
371	12	1440	34564	10.8849
371	13	13	20797	10.7898
371	14	50256	34997	10.6802
372	5	14807	25903	10.8825
372	6	1444	18093	10.8687
372	7	262	49235	10.752
372	8	2258	262	10.7497
372	9	5451	23176	10.7726
372	10	290	25973	10.8133
372	11	2520	1785	10.8297
372	12	5451	18624	10.703
372	13	13	22009	10.8146
372	14	50256	34997	10.6779
373	5	262	2827	10.8589
373	6	4151	262	10.7656
373	7	832	22037	10.8177
373	8	262	48846	10.7754
373	9	34047	23719	10.8225
373	10	13	15454	10.7841
373	11	50256	19179	10.8337
374	5	286	2827	10.7691
374	6	262	27946	10.9421
374	7	25730	262	10.8775
374	8	17628	27059	10.7524
374	9	3923	32636	10.7577
374	10	13	30194	10.7551
374	11	50256	19179	10.8372
375	5	4069	48941	10.7462
375	6	351	40501	10.7101
375	7	281	27708	10.8759
375	8	2938	49113	10.9056
375	9	1255	49779	10.8037
375	10	13	17701	10.8972
375	11	50256	19179	10.8347
376	5	8830	25612	10.884
376	6	3340	49699	10.7951
376	7	290	41982	10.7714
376	8	262	42726	10.5752
376	9	1578	23719	10.7783
376	10	1829	25320	10.855
376	11	13	17265	10.897
376	12	50256	31221	10.8222
377	5	17517	47731	10.8946
377	6	287	17517	10.8706
377	7	15142	27250	10.9524
377	8	318	1917	10.8427
377	9	7173	4936	10.8444
377	10	3917	36018	10.9425
377	11	351	24272	10.7916
377	12	7068	23452	10.8578
377	13	9261	32436	10.9095
377	14	72	25335	10.7752
377	15	402	36517	10.8466
377	16	31330	12102	10.9035
377	17	13	10841	10.8408
377	18	50256	28799	10.7416
378	5	284	27111	10.6771
378	6	663	17820	10.998
378	7	8373	36115	10.9059
378	8	13	8373	10.7894
378	9	50256	34676	10.8308
379	5	1748	48477	10.7738
379	6	351	1748	10.7689
379	7	3881	27708	10.7153
379	8	12	44649	10.8384
379	9	8968	49739	10.9202
379	10	28814	49895	10.8025
379	11	287	6780	10.9698
379	12	8078	27250	10.8422
379	13	13	40032	10.8841
379	14	50256	34997	10.6796
380	5	257	355	10.7688
380	6	6994	257	11.0045
380	7	1271	10048	10.7762
380	8	13	19381	10.8191
380	9	50256	8862	10.8317
381	5	2392	257	10.7876
381	6	28400	47702	10.7987
381	7	621	4011	10.9566
381	8	4171	22598	10.8175
381	9	7424	42070	10.8207
381	10	1657	7424	11.017
381	11	13	3109	10.8715
381	12	50256	31221	10.8203
382	5	21622	4487	10.7924
382	6	416	11403	10.7107
382	7	511	19012	10.7562
382	8	6625	511	10.8412
382	9	284	30572	10.7295
382	10	34688	19508	10.7696
382	11	13	28337	10.9189
382	12	50256	31221	10.8214
383	5	12866	39920	10.8843
383	6	278	32338	10.6742
383	7	20365	28330	10.667
383	8	3033	3842	10.6121
383	9	262	37194	10.6863
383	10	2095	262	10.7688
383	11	25846	9905	10.7567
383	12	565	23719	10.9694
383	13	733	15980	10.8558
383	14	13	47240	10.8113
383	15	50256	569	10.7743
384	5	313	43360	10.9572
384	6	48406	15980	10.7321
384	7	50195	18427	10.7755
384	8	6296	4712	10.7644
384	9	24287	23719	10.7351
384	10	286	27708	10.698
384	11	3660	19179	10.8193
384	12	5828	16431	10.7555
384	13	2254	11938	10.7408
384	14	13	4901	10.7748
384	15	50256	569	10.7746
385	5	2618	37438	10.8782
385	6	1080	12774	10.826
385	7	11	46226	10.8535
385	8	257	17690	10.9131
385	9	5421	37014	10.8072
385	10	29973	17769	10.6724
385	11	13066	26452	10.8357
385	12	318	30065	10.8365
385	13	281	3168	10.8194
385	14	30004	22788	10.9528
385	15	541	30846	10.8563
385	16	325	23845	10.745
385	17	13	9274	10.7965
385	18	50256	28799	10.7415
386	5	7729	10454	10.8754
386	6	422	40496	10.7798
386	7	7446	9904	10.8534
386	8	284	27223	10.7486
386	9	12183	40354	10.8525
386	10	418	1309	10.7922
386	11	2586	43923	10.768
386	12	13	25010	10.9299
386	13	50256	5928	10.8137
387	5	12022	12859	10.9744
387	6	373	8428	10.8284
387	7	257	32019	10.9814
387	8	1748	20702	10.8812
387	9	286	1748	10.8916
387	10	262	15677	10.9796
387	11	6156	262	10.7987
387	12	1423	12161	10.8579
387	13	385	14546	10.7428
387	14	6916	385	11.0005
387	15	14355	20797	10.9281
387	16	13	38270	10.8385
387	17	50256	27259	10.6894
388	5	656	2870	10.7309
388	6	257	11656	10.752
388	7	1296	257	10.7822
388	8	5292	12768	10.8179
388	9	284	46940	10.7475
388	10	21363	19508	10.7625
388	11	663	32338	10.9398
388	12	10154	35469	10.9248
388	13	13	7135	10.7769
388	14	50256	34997	10.6789
389	5	8899	19421	10.8383
389	6	35076	11343	10.7937
389	7	18180	42145	10.9284
389	8	3745	5302	10.6922
389	9	257	30549	10.7875
389	10	1588	25816	10.7387
389	11	25979	35322	10.785
389	12	287	31221	10.9258
389	13	19483	2809	10.7836
389	14	290	46752	10.8945
389	15	3794	26596	10.7495
389	16	13	19086	10.8143
389	17	50256	27259	10.6885
390	5	1296	43974	10.835
390	6	257	32436	10.6346
390	7	14153	257	10.7883
390	8	1339	6560	10.7616
390	9	1088	20537	10.6719
390	10	262	28700	10.9648
390	11	3632	262	10.9514
390	12	13	26225	10.9154
390	13	50256	5928	10.8119
391	5	1262	2870	10.7808
391	6	12278	2949	10.9809
391	7	10425	11952	10.763
391	8	290	14496	10.8463
391	9	5931	23719	10.7214
391	10	2085	43225	10.8705
391	11	9302	46747	10.9531
391	12	13	12508	10.8877
391	13	50256	5928	10.8113
392	5	286	39754	10.9913
392	6	257	27946	10.8338
392	7	6808	257	10.7926
392	8	11	27259	10.7737
392	9	257	23556	10.7793
392	10	1688	25816	10.8973
392	11	2368	6255	10.7202
392	12	11	3618	10.9123
392	13	290	31421	10.9127
392	14	257	39795	10.8429
392	15	2818	21137	10.6617
392	16	8150	511	10.7983
392	17	13	38721	10.8523
392	18	50256	28799	10.7403
393	5	734	389	10.8095
393	6	3891	32436	10.8344
393	7	329	3891	10.7815
393	8	262	32718	10.7871
393	9	976	23719	10.9332
393	10	33158	48893	10.8117
393	11	13833	19179	10.7493
393	12	13	26245	10.9074
393	13	50256	5928	10.8112
394	5	3578	38198	10.7788
394	6	38575	3578	10.9119
394	7	13871	12508	10.8404
394	8	621	6780	10.67
394	9	262	23116	10.6409
394	10	1388	262	10.794
394	11	5046	5692	10.7132
394	12	3436	32960	11.0244
394	13	13	3436	10.7072
394	14	50256	34997	10.6785
395	5	44504	35208	10.8913
395	6	422	5407	10.9325
395	7	12734	9904	10.8629
395	8	290	48519	10.7781
395	9	10385	23719	10.8342
395	10	340	5473	10.9687
395	11	656	19179	10.7574
395	12	12498	8408	10.8569
395	13	13	29904	10.8346
395	14	50256	34997	10.6801
396	5	832	19976	10.9374
396	6	257	45510	10.9136
396	7	1429	257	10.8795
396	8	1444	42783	10.8546
396	9	285	16431	10.8911
396	10	13929	44649	10.7574
396	11	2649	28760	10.8886
396	12	13	8576	10.8683
396	13	50256	5928	10.8113
397	5	422	39920	10.8263
397	6	262	9904	10.9342
397	7	25572	262	10.7278
397	8	4417	19381	10.832
397	9	13	19396	10.8602
397	10	50256	37414	10.8337
398	5	11	38198	10.7995
398	6	475	11	10.824
398	7	407	48893	10.978
398	8	790	25709	10.7999
398	9	35991	963	10.8558
398	10	318	44807	10.8385
398	11	257	43923	10.8343
398	12	6616	23917	10.8961
398	13	13	12193	10.7806
398	14	50256	34997	10.6796
399	5	618	39920	10.8986
399	6	663	618	10.811
399	7	13042	36115	10.764
399	8	12611	42726	10.7959
399	9	378	48155	10.9426
399	10	706	36829	10.8481
399	11	852	49663	10.7771
399	12	458	29218	10.7668
399	13	17758	12774	10.8063
399	14	13	12704	10.8684
399	15	50256	569	10.7734
400	5	4351	44767	10.9135
400	6	416	43145	10.7913
400	7	15637	19012	10.7343
400	8	369	3385	10.7427
400	9	11124	4936	10.8376
400	10	290	38789	10.8922
400	11	24748	1785	10.7676
400	12	596	26331	10.8313
400	13	1022	32436	10.8676
400	14	663	43508	10.7443
400	15	7714	14877	10.6145
400	16	13	48560	10.7809
400	17	50256	27259	10.6897
401	5	1458	29964	10.8056
401	6	1437	37880	10.7995
401	7	355	24550	10.8299
401	8	340	48519	10.7502
401	9	30174	32636	10.814
401	10	351	45804	10.5839
401	11	15938	35208	10.7274
401	12	287	12967	10.8375
401	13	663	2809	10.9891
401	14	21334	35469	10.9096
401	15	13	21030	10.7667
401	16	50256	32019	10.8626
402	5	373	2541	10.5984
402	6	3170	373	11.0124
402	7	329	12836	10.759
402	8	262	32718	10.7867
402	9	6342	23719	10.821
402	10	45357	36119	10.8903
402	11	286	35322	10.8414
402	12	49545	8516	10.944
402	13	13	7135	10.7921
402	14	50256	34997	10.679
403	5	15268	351	10.7275
403	6	290	36422	10.7811
403	7	13532	14295	10.7474
403	8	2427	2120	10.8999
403	9	286	8862	10.8142
403	10	691	15677	10.8871
403	11	257	8846	10.7657
403	12	5969	23917	10.8361
403	13	10706	40098	10.9059
403	14	286	43740	10.9064
403	15	17848	9432	10.8201
403	16	13	43106	10.8458
403	17	50256	27259	10.6883
404	5	28408	38130	10.9255
404	6	430	37338	10.72
404	7	704	22507	10.8152
404	8	1313	16129	10.8895
404	9	389	42746	10.9008
404	10	1440	389	10.8861
404	11	1602	5692	10.8567
404	12	14796	36867	10.7076
404	13	44360	3987	10.821
404	14	13	11290	10.8298
404	15	50256	569	10.7731
405	5	18665	29964	10.8311
405	6	1660	38399	10.8984
405	7	284	2120	10.6543
405	8	11684	838	10.8317
405	9	290	651	10.7152
405	10	4736	14295	10.9349
405	11	13	5692	10.8688
405	12	50256	31221	10.8223
406	5	21891	2870	10.7601
406	6	11	4746	10.8301
406	7	281	11	10.8032
406	8	6156	49113	10.853
406	9	19517	19788	10.6161
406	10	1748	19517	10.7918
406	11	13	1748	10.9542
406	12	50256	31221	10.8235
407	5	43088	19421	10.8543
407	6	351	27390	10.6796
407	7	471	27708	10.7526
407	8	12	49026	10.9502
407	9	16760	49739	11.0761
407	10	3272	13021	10.7665
407	11	9004	4997	10.9016
407	12	13	49826	10.9122
407	13	50256	5928	10.8124
408	5	13108	11343	10.9677
408	6	10340	7135	10.7855
408	7	13	28505	10.7859
408	8	50256	42795	10.7961
409	5	4645	16621	10.7863
409	6	4635	15303	10.8611
409	7	416	30872	10.95
409	8	1728	5575	10.8183
409	9	38467	23719	10.8772
409	10	13	45804	10.7579
409	11	50256	19179	10.8364
410	5	810	18898	10.8359
410	6	27163	7117	10.9103
410	7	33408	47618	10.8307
410	8	12188	12768	10.8565
410	9	510	30549	10.8945
410	10	1474	504	10.9338
410	11	257	1474	10.7927
410	12	7850	23917	10.7605
410	13	338	4997	10.8943
410	14	5422	39083	10.8806
410	15	13	38267	10.8072
410	16	50256	32019	10.8601
411	5	41578	2870	10.922
411	6	11	41578	10.8215
411	7	1474	11	11.0633
411	8	262	42726	10.6468
411	9	8211	23719	10.8359
411	10	7051	36081	10.8394
411	11	13	5692	10.8463
411	12	50256	31221	10.8213
412	5	9565	38198	10.771
412	6	24049	5461	10.8227
412	7	862	17736	10.9662
412	8	11	32275	11.0119
412	9	336	23556	10.8074
412	10	15515	41297	10.846
412	11	11	2987	11.0182
412	12	290	13991	10.7239
412	13	584	20754	10.8723
412	14	16759	3842	10.8699
412	15	13	36517	10.7728
412	16	50256	32019	10.8615
413	5	286	18598	10.7932
413	6	734	27946	10.8791
413	7	6134	33270	10.9085
413	8	523	22598	10.7626
413	9	326	44851	10.8495
413	10	484	34643	10.8044
413	11	1663	23082	10.8523
413	12	1978	38789	10.7937
413	13	13	37483	10.7976
413	14	50256	34997	10.6808
414	5	925	2870	10.7694
414	6	416	25816	10.8749
414	7	10708	19012	10.6904
414	8	290	6707	10.9144
414	9	23610	23719	10.8051
414	10	7135	4043	10.8864
414	11	22670	7135	10.9481
414	12	286	12508	10.7913
414	13	3348	47478	10.779
414	14	13	35469	10.7719
414	15	50256	569	10.7751
415	5	15568	16484	10.961
415	6	1864	48893	10.8729
415	7	284	21530	10.8182
415	8	7729	838	10.8895
415	9	5281	23719	10.7819
415	10	416	36785	10.8509
415	11	31228	17265	10.9927
415	12	25897	31228	10.8325
415	13	13	8004	10.7906
415	14	50256	34997	10.6795
416	5	4909	38083	10.7517
416	6	749	25816	10.5922
416	7	286	749	10.7577
416	8	22779	27059	10.782
416	9	8602	49085	10.8297
416	10	290	8235	10.7267
416	11	19101	1785	10.878
416	12	13	5302	10.8865
416	13	50256	5928	10.8135
417	5	5478	38396	10.7857
417	6	338	749	10.7813
417	7	10596	36079	10.8211
417	8	7051	26563	10.7965
417	9	11	45201	11.0036
417	10	318	11	10.7501
417	11	262	43923	10.9737
417	12	3139	262	10.7843
417	13	286	24947	10.7787
417	14	49657	33031	10.896
417	15	13	14877	10.8801
417	16	50256	32019	10.8629
418	5	874	23222	10.9308
418	6	7330	7849	10.8505
418	7	20901	11270	10.9122
418	8	422	43369	10.9011
418	9	33773	2778	10.8371
418	10	2877	13530	10.9288
418	11	1626	6255	10.7697
418	12	511	36115	11.0214
418	13	21379	511	10.8476
418	14	13	22944	10.8015
418	15	50256	569	10.7733
419	5	543	10430	10.7912
419	6	2568	37338	10.8303
419	7	318	16977	10.724
419	8	11172	41048	10.7504
419	9	393	11172	10.7455
419	10	670	36613	10.7975
419	11	318	6780	10.8232
419	12	1760	9669	10.8215
419	13	13	29904	10.8053
419	14	50256	34997	10.6787
420	5	6364	9589	10.9299
420	6	3585	36967	10.7388
420	7	284	13793	10.783
420	8	530	838	10.9085
420	9	1194	9846	10.8946
420	10	1973	36013	10.8317
420	11	3668	5603	10.7986
420	12	338	29735	10.8399
420	13	4417	32436	10.838
420	14	13	30662	10.7815
420	15	50256	569	10.774
421	5	19853	19987	10.7104
421	6	16736	24771	10.649
421	7	2029	41982	10.7401
421	8	262	2029	10.75
421	9	4417	23719	10.8162
421	10	286	48519	10.6801
421	11	8706	19179	10.8973
421	12	13	8706	10.947
421	13	50256	5928	10.8141
422	5	8384	28089	10.7638
422	6	329	25903	10.7894
422	7	663	45804	10.8979
422	8	35988	12768	10.7269
422	9	5667	23719	10.8466
422	10	13	15723	10.8049
422	11	50256	19179	10.834
423	5	929	8235	10.8635
423	6	8231	28700	10.8204
423	7	11	46226	10.7583
423	8	407	17690	10.9321
423	9	1866	17265	10.7662
423	10	286	49779	10.7402
423	11	262	19179	10.9991
423	12	6842	262	10.7734
423	13	1641	3294	10.7918
423	14	13	36517	10.7834
423	15	50256	569	10.774
424	5	416	12161	10.7255
424	6	41878	36192	10.9153
424	7	1402	13793	10.6969
424	8	5207	23426	10.8127
424	9	286	45851	10.8064
424	10	2587	15677	10.7065
424	11	13	42837	10.8802
424	12	50256	31221	10.8225
425	5	6588	2827	10.867
425	6	23235	9846	10.8583
425	7	326	17640	10.7889
425	8	460	27059	10.8328
425	9	10649	31186	10.8345
425	10	1613	35216	10.9206
425	11	530	3735	10.8679
425	12	1194	38789	10.9264
425	13	13	24947	10.7723
425	14	50256	34997	10.6797
426	5	422	2870	10.8814
426	6	14659	9904	10.7985
426	7	286	31747	10.6538
426	8	23206	27059	10.8223
426	9	17045	23719	10.7585
426	10	13	28837	10.7584
426	11	50256	19179	10.8353
427	5	1111	43208	10.7913
427	6	5594	1111	10.7832
427	7	284	5617	10.8265
427	8	262	838	10.707
427	9	285	23719	10.9165
427	10	692	44649	10.6568
427	11	17990	3465	10.9034
427	12	1448	23719	10.8474
427	13	13	8	10.8095
427	14	50256	34997	10.6776
428	5	286	17260	10.8833
428	6	16639	27946	10.9746
428	7	544	31470	10.7778
428	8	11	31160	10.9992
428	9	635	23556	10.7822
428	10	1444	635	10.8213
428	11	262	15750	10.8114
428	12	16639	262	10.8723
428	13	2066	30169	10.7972
428	14	13	22280	10.757
428	15	50256	569	10.7735
429	5	832	25039	10.8256
429	6	47683	46594	10.7315
429	7	290	12774	10.8572
429	8	8106	42726	10.7895
429	9	503	36860	10.7857
429	10	2057	22507	10.7277
429	11	13166	29513	10.7855
429	12	13	29218	10.9354
429	13	50256	5928	10.8133
430	5	16839	257	10.7392
430	6	338	30498	10.7753
430	7	2292	36079	10.9862
430	8	15947	2292	10.8261
430	9	663	33828	10.8432
430	10	1295	29401	10.6794
430	11	1988	19151	10.7643
430	12	13	38789	10.9296
430	13	50256	5928	10.813
431	5	20629	44805	10.7848
431	6	284	30498	10.8194
431	7	11007	45804	10.6783
431	8	12967	14724	10.6475
431	9	902	10667	10.7863
431	10	13	902	10.788
431	11	50256	19179	10.8355
432	5	262	38789	10.6979
432	6	6869	262	10.8969
432	7	8318	45804	10.8535
432	8	832	37029	10.7288
432	9	3668	8862	10.9513
432	10	338	49446	10.7989
432	11	9082	35306	10.865
432	12	13	11341	10.9435
432	13	50256	5928	10.8132
433	5	29410	43549	10.9745
433	6	544	28975	10.9068
433	7	290	46555	10.7955
433	8	3354	42726	10.8323
433	9	286	8862	10.6986
433	10	7840	15677	10.7941
433	11	22779	16134	10.7368
433	12	2031	8135	10.7597
433	13	13	11711	10.7774
433	14	50256	34997	10.6797
434	5	290	30691	10.8782
434	6	37919	7849	10.697
434	7	710	17396	10.8378
434	8	16189	235	10.8928
434	9	3822	23116	10.7939
434	10	1656	19508	10.9879
434	11	287	48689	11.0861
434	12	24956	27250	10.8134
434	13	290	47478	10.9797
434	14	14173	39795	10.7519
434	15	2247	36517	10.7768
434	16	13	21957	10.8053
434	17	50256	27259	10.6875
435	5	893	30216	10.8318
435	6	325	37448	10.8915
435	7	385	31747	10.9237
435	8	2111	385	10.8491
435	9	284	8862	10.7065
435	10	1441	19508	11.0442
435	11	1363	5318	10.6635
435	12	706	1363	10.7414
435	13	262	37483	10.9304
435	14	44695	262	10.955
435	15	1810	37747	10.774
435	16	13	13457	10.8774
435	17	50256	27259	10.6868
436	5	12277	11343	10.8801
436	6	12	6874	10.7042
436	7	11545	36485	11.0077
436	8	10340	46509	10.8656
436	9	13	23719	10.8637
436	10	50256	37414	10.8339
437	5	30176	37438	10.8829
437	6	4778	12774	10.8186
437	7	1444	17736	10.6787
437	8	32858	32275	10.9618
437	9	290	9039	10.7135
437	10	47314	14295	10.7169
437	11	13	6780	10.7885
437	12	50256	31221	10.8228
438	5	15358	11343	10.7845
438	6	1505	49699	10.7939
438	7	11	42145	10.7028
438	8	543	17690	10.611
438	9	5419	29513	10.9473
438	10	1296	2769	10.9114
438	11	257	9095	10.7389
438	12	14153	23917	10.7085
438	13	4417	22009	10.842
438	14	7679	30662	10.9168
438	15	13	7679	10.7529
438	16	50256	32019	10.8617
439	5	24240	257	10.7829
439	6	318	12774	10.9126
439	7	257	41010	10.8154
439	8	8234	49551	10.7618
439	9	772	36860	10.8864
439	10	996	40342	10.7626
439	11	340	19179	10.7878
439	12	318	43708	10.8133
439	13	8811	3168	11.1212
439	14	973	8811	10.9034
439	15	355	30169	10.694
439	16	257	32019	10.8503
439	17	20236	5603	10.7736
439	18	13	18916	10.8802
439	19	50256	5105	10.8575
440	5	286	39754	10.9907
440	6	734	27946	10.8774
440	7	13043	33270	10.7019
440	8	11	34975	10.924
440	9	1690	23556	10.8073
440	10	5399	13003	10.8265
440	11	1978	29904	10.8639
440	12	13	12508	10.9106
440	13	50256	5928	10.8135
441	5	42085	38396	10.8516
441	6	2138	42085	10.9131
441	7	621	45649	10.9038
441	8	2641	22598	10.8056
441	9	262	16064	10.731
441	10	3096	262	10.7315
441	11	338	43420	10.8631
441	12	24438	18427	10.8998
441	13	13	37214	10.7918
441	14	50256	34997	10.6789
442	5	9530	262	10.7065
442	6	5866	1055	10.7904
442	7	11	48560	10.6382
442	8	318	17690	10.7604
442	9	2520	4936	10.8499
442	10	4969	15677	10.7849
442	11	338	3465	10.8318
442	12	3139	18427	10.7654
442	13	13	24947	10.7508
442	14	50256	34997	10.68
443	5	21031	2191	10.8081
443	6	15974	25610	10.8614
443	7	351	22037	10.778
443	8	511	48519	10.7747
443	9	16976	511	10.7857
443	10	2166	44443	10.9639
443	11	7405	10222	10.8058
443	12	13	8135	10.951
443	13	50256	5928	10.8119
444	5	422	12161	10.8268
444	6	530	9904	10.7424
444	7	3303	22788	10.9295
444	8	656	32275	10.9449
444	9	1194	28337	10.9137
444	10	10552	36013	10.9114
444	11	13	27619	10.8976
444	12	50256	31221	10.822
445	5	262	1474	10.6332
445	6	717	262	10.7992
445	7	290	6459	10.805
445	8	2368	42726	10.9501
445	9	13620	17265	10.8456
445	10	286	17640	10.7259
445	11	262	19179	10.9987
445	12	25572	262	10.6451
445	13	6772	32436	11.0082
445	14	13	618	10.8575
445	15	50256	569	10.774
446	5	9052	257	10.7535
446	6	460	681	10.9541
446	7	21155	33285	10.8701
446	8	257	1028	10.8719
446	9	15004	37014	10.6926
446	10	13	45851	10.8931
446	11	50256	19179	10.833
447	5	286	45426	10.9658
447	6	18064	27946	10.7298
447	7	24969	37414	10.779
447	8	803	19381	10.8111
447	9	5186	41517	10.7296
447	10	290	20689	10.8814
447	11	14091	1785	10.7276
447	12	7032	9109	10.7794
447	13	13	24447	10.8261
447	14	50256	34997	10.679
448	5	17456	355	10.9387
448	6	338	11711	10.9066
448	7	3139	36079	10.7107
448	8	11	29735	10.8528
448	9	1474	23556	11.0413
448	10	262	1474	10.7089
448	11	843	262	10.8975
448	12	274	12508	10.7818
448	13	21124	3987	10.7616
448	14	13	24393	10.8528
448	15	50256	569	10.7733
449	5	49810	26189	10.6724
449	6	5788	11403	10.8628
449	7	3025	28505	10.7486
449	8	26741	28719	10.761
449	9	460	42734	10.9504
449	10	1656	3842	10.969
449	11	355	48689	10.7333
449	12	7987	12161	10.7883
449	13	38980	21468	10.8021
449	14	37783	35469	10.881
449	15	13	20097	10.7606
449	16	50256	32019	10.8603
450	5	31685	25966	10.7122
450	6	82	40118	10.8388
450	7	1588	13764	10.8537
450	8	12	15081	10.8345
450	9	9888	49739	10.8414
450	10	3867	9888	10.7863
450	11	1633	44836	10.7084
450	12	284	12508	10.7472
450	13	262	24947	10.8798
450	14	826	262	10.6911
450	15	287	11670	10.7297
450	16	262	41010	10.8236
450	17	8342	262	10.8032
450	18	42811	12708	10.9983
450	19	13	4997	10.8711
450	20	50256	45893	10.7648
451	5	530	20772	10.8711
451	6	3470	34545	10.8171
451	7	7370	38296	10.8099
451	8	34186	39651	10.7472
451	9	739	23719	10.9053
451	10	530	739	10.8871
451	11	8137	34545	10.7711
451	12	286	30646	10.7826
451	13	3833	47478	10.8855
451	14	13	2541	10.7792
451	15	50256	569	10.7742
452	5	262	16621	10.7648
452	6	886	262	10.8637
452	7	286	15736	10.6737
452	8	257	27059	11.0049
452	9	1277	37014	10.825
452	10	3194	41982	10.8077
452	11	1808	44836	10.9055
452	12	287	9669	10.7714
452	13	3594	2809	10.8459
452	14	13	27259	10.7435
452	15	50256	569	10.7752
453	5	17556	4936	10.9092
453	6	287	6719	10.9269
453	7	663	27250	10.9489
453	8	4735	12768	10.7978
453	9	1296	4936	10.8486
453	10	13	30190	10.7345
453	11	50256	19179	10.8364
454	5	402	29964	10.8186
454	6	5350	21883	10.8394
454	7	318	48474	10.8247
454	8	636	41048	10.9378
454	9	286	40118	10.8479
454	10	262	15677	10.977
454	11	4025	262	10.818
454	12	8882	43708	10.7386
454	13	397	32436	10.7269
454	14	9869	6647	10.8107
454	15	1045	45708	10.7824
454	16	13	20962	10.8527
454	17	50256	27259	10.6883
455	5	2033	262	10.9771
455	6	286	48088	10.8025
455	7	26306	31747	10.8032
455	8	37056	838	10.7912
455	9	287	23719	10.6986
455	10	32085	41010	10.8466
455	11	729	45947	11.095
455	12	13	36452	10.8951
455	13	50256	5928	10.8141
456	5	712	30163	10.8075
456	6	39781	34329	10.8
456	7	2630	12508	10.8599
456	8	262	32275	10.727
456	9	5337	23719	10.8704
456	10	2094	13530	10.8919
456	11	2264	44598	10.7352
456	12	844	29218	10.8942
456	13	1258	32436	10.7692
456	14	13	38789	10.8649
456	15	50256	569	10.7735
457	5	411	30621	10.8223
457	6	15695	30659	10.8716
457	7	78	40694	10.8651
457	8	1724	45078	10.8077
457	9	284	5407	10.7829
457	10	1716	19508	10.8319
457	11	11835	1716	10.933
457	12	27089	12508	10.8741
457	13	13	5928	10.7514
457	14	50256	34997	10.6782
458	5	14520	12859	10.8491
458	6	318	37338	10.8335
458	7	663	41010	10.8707
458	8	25317	12768	10.9294
458	9	13	25317	10.8881
458	10	50256	37414	10.8328
459	5	1180	389	10.85
459	6	13204	7849	10.9714
459	7	5107	12927	10.8956
459	8	286	15454	10.7953
459	9	262	46699	10.8441
459	10	5002	262	10.8619
459	11	6588	16134	10.813
459	12	13	41097	10.9098
459	13	50256	5928	10.8129
460	5	17465	38024	10.8499
460	6	15225	25126	10.8952
460	7	857	49048	10.6934
460	8	407	7780	10.8908
460	9	6338	17265	10.6951
460	10	11169	27277	10.9061
460	11	3703	12978	10.7896
460	12	326	41165	10.8459
460	13	373	5928	10.7477
460	14	1239	33876	10.918
460	15	6264	21137	10.9183
460	16	13	44035	10.7541
460	17	50256	27259	10.6892
461	5	525	44575	10.9517
461	6	907	28760	10.9431
461	7	11	235	10.8142
461	8	308	17690	10.8635
461	9	676	23719	10.7643
461	10	2188	676	10.737
461	11	7150	2987	10.7706
461	12	14999	24542	10.8005
461	13	511	32436	10.7518
461	14	5667	511	10.8359
461	15	1123	15723	10.9213
461	16	23608	41462	10.7889
461	17	13	40034	10.8264
461	18	50256	28799	10.7422
462	5	12748	20776	10.8212
462	6	7463	12063	10.934
462	7	5563	11952	10.8757
462	8	423	22598	10.7638
462	9	6702	36860	10.6108
462	10	262	16031	10.8195
462	11	976	262	10.9501
462	12	20309	39943	10.7628
462	13	618	3109	10.8973
462	14	1633	618	10.9785
462	15	6625	23692	10.9332
462	16	318	6780	10.8108
462	17	36480	42734	10.8062
462	18	13	25816	10.8315
462	19	50256	5105	10.8587
463	5	511	12859	10.9196
463	6	11904	511	10.941
463	7	287	12508	10.6561
463	8	47314	5302	10.7597
463	9	2138	18267	10.8333
463	10	621	16126	10.7675
463	11	15921	17265	11.0802
463	12	13	15043	10.8555
463	13	50256	5928	10.8145
464	5	530	5809	10.8171
464	6	7319	34545	10.908
464	7	10700	27699	10.6672
464	8	13	20579	10.7915
464	9	50256	34676	10.8299
465	5	3372	22164	10.7528
465	6	14644	3372	10.8076
465	7	2291	23716	10.7767
465	8	4263	16129	10.7978
465	9	286	4936	10.8062
465	10	14260	15677	10.7934
465	11	290	49748	10.8968
465	12	40317	23719	10.8204
465	13	13	8	10.7557
465	14	50256	34997	10.6795
466	5	6795	38198	10.745
466	6	287	651	10.7467
466	7	14174	27250	11.0269
466	8	6650	50146	10.739
466	9	13	41282	10.9342
466	10	50256	37414	10.8321
467	5	13179	17396	10.9398
467	6	656	31732	10.812
467	7	6268	46226	10.7768
467	8	1863	42734	10.8795
467	9	663	23719	10.9839
467	10	16488	29401	10.8956
467	11	13	5692	10.9108
467	12	50256	31221	10.8226
468	5	257	41010	10.7912
468	6	5664	257	10.8033
468	7	13	45804	10.7882
468	8	50256	42795	10.7961
469	5	2727	45708	10.6732
469	6	262	2727	10.622
469	7	19812	262	10.7953
469	8	3240	29064	10.7532
469	9	286	30549	10.828
469	10	4100	15677	10.8998
469	11	22311	8948	10.7786
469	12	13	29218	10.9366
469	13	50256	5928	10.8129
470	5	4486	25612	10.7875
470	6	878	31401	10.7916
470	7	8978	16977	10.919
470	8	262	42734	10.6569
470	9	2258	23719	10.8713
470	10	6896	43050	10.7894
470	11	13	4997	10.8389
470	12	50256	31221	10.8202
471	5	286	45426	10.9684
471	6	7446	27946	10.7603
471	7	3917	45804	10.8571
471	8	351	42726	10.8378
471	9	15568	8862	10.8977
471	10	287	13530	10.7651
471	11	304	44805	10.7636
471	12	2724	31186	10.7637
471	13	560	48477	10.8279
471	14	6210	560	10.8581
471	15	4778	43265	10.8085
471	16	13	43762	10.7961
471	17	50256	27259	10.6883
472	5	16839	33379	10.7978
472	6	326	30498	10.9373
472	7	460	3356	10.9377
472	8	1011	37519	10.8507
472	9	530	23719	10.9263
472	10	286	50097	10.9647
472	11	734	8004	10.8351
472	12	3815	41097	10.8766
472	13	13	5928	10.7385
472	14	50256	34997	10.6795
473	5	656	46834	10.6656
473	6	734	11656	10.9708
473	7	4778	33270	10.9143
473	8	13	22598	10.8164
473	9	50256	8862	10.833
474	5	17065	19976	10.7721
474	6	355	27866	10.7364
474	7	13701	13271	10.8227
474	8	389	49032	10.7337
474	9	7525	17396	10.8419
474	10	12835	14059	10.8535
474	11	336	40022	10.7897
474	12	23833	14385	10.8351
474	13	13	48309	10.8871
474	14	50256	34997	10.678
475	5	284	19421	10.8723
475	6	262	17820	10.7758
475	7	4571	262	10.8956
475	8	286	26672	10.8467
475	9	3668	46699	10.9463
475	10	338	49446	10.8011
475	11	5093	35306	10.8179
475	12	5724	38789	10.7226
475	13	864	5724	10.8074
475	14	16488	5302	10.8031
475	15	13	36517	10.8476
475	16	50256	5801	10.8608
476	5	10183	25612	10.8375
476	6	2258	7849	10.8953
476	7	2253	6964	10.8598
476	8	13	19172	10.801
476	9	50256	34676	10.8322
477	5	402	10430	10.8365
477	6	23638	21883	10.8604
477	7	21001	44293	10.891
477	8	257	41993	10.8414
477	9	1692	37014	10.8825
477	10	1182	1692	10.8011
477	11	351	28337	10.7525
477	12	257	23452	10.7475
477	13	18744	32436	10.8995
477	14	338	43740	10.8547
477	15	1767	47399	10.7362
477	16	13	12102	10.7898
477	17	50256	27259	10.6885
478	5	257	2870	10.7516
478	6	26041	257	10.7448
478	7	30971	28505	10.8485
478	8	2524	838	10.9082
478	9	319	40118	10.8914
478	10	262	5136	10.8749
478	11	575	262	10.9676
478	12	1229	17379	10.7521
478	13	39036	32436	10.8605
478	14	24078	39083	10.9426
478	15	13	48649	10.7974
478	16	50256	5801	10.8619
479	5	4729	12161	10.821
479	6	530	25320	10.7833
479	7	1194	22788	10.8352
479	8	287	235	10.9914
479	9	281	46699	10.8699
479	10	22088	35083	10.7727
479	11	291	18473	10.7664
479	12	4735	38789	10.9554
479	13	13	29904	10.7119
479	14	50256	34997	10.6791
480	5	355	18598	10.67
480	6	262	30163	10.771
480	7	3139	262	10.7359
480	8	1748	29735	10.9381
480	9	286	1748	10.8917
480	10	16490	15677	10.9739
480	11	13	38302	10.8894
480	12	50256	31221	10.8233
481	5	290	26819	10.7239
481	6	6140	7849	10.8309
481	7	262	23992	10.794
481	8	44639	262	10.8787
481	9	286	37014	10.7953
481	10	39515	15677	10.9923
481	11	13	16134	10.8831
481	12	50256	31221	10.8208
482	5	262	47702	10.5434
482	6	2656	262	10.8998
482	7	1366	27250	10.8105
482	8	284	22340	10.7886
482	9	307	40354	10.7073
482	10	49594	36613	10.8494
482	11	3446	21497	10.8395
482	12	13	31221	10.8412
482	13	50256	5928	10.8114
483	5	1317	26819	10.8614
483	6	379	28330	10.8865
483	7	262	22037	10.6814
483	8	3726	262	10.8736
483	9	286	8964	10.7157
483	10	257	15677	10.9552
483	11	3194	31767	10.7081
483	12	1808	19724	10.7806
483	13	13	7331	10.7256
483	14	50256	34997	10.6784
484	5	2678	16570	10.9452
484	6	11	32338	10.8817
484	7	1390	11	10.8438
484	8	14679	235	10.8613
484	9	290	29858	10.8083
484	10	17322	14295	10.8205
484	11	13	39797	10.8573
484	12	50256	48593	10.8238
485	5	290	40842	10.8285
485	6	5594	7849	10.8667
485	7	284	5617	10.8278
485	8	262	838	10.7095
485	9	610	23719	10.9253
485	10	620	45789	10.8154
485	11	77	6370	10.8913
485	12	2340	17903	10.8709
485	13	13	24947	10.8262
485	14	50256	34997	10.6794
486	5	38967	11045	10.9092
486	6	5911	29513	10.8816
486	7	257	32019	10.944
486	8	2524	48642	10.7408
486	9	338	40118	10.8302
486	10	9574	37263	10.9146
486	11	286	18328	10.9517
486	12	13755	8516	10.884
486	13	13	25786	10.7525
486	14	50256	34997	10.6792
487	5	3146	13395	10.9412
487	6	13	21468	10.7377
487	7	50256	45804	10.8454
488	5	3407	26810	10.7887
488	6	6285	3407	10.8782
488	7	6637	23992	10.8576
488	8	3170	43257	10.7461
488	9	1141	4936	10.7898
488	10	1180	42734	10.7493
488	11	37860	18529	10.9296
488	12	459	8516	10.7567
488	13	444	6707	10.8469
488	14	13	4712	10.7326
488	15	50256	569	10.7751
489	5	11	40118	10.7965
489	6	981	11	10.7835
489	7	257	13793	10.8284
489	8	2116	49551	10.8386
489	9	12	33828	10.8145
489	10	634	14126	10.8907
489	11	12907	39386	10.8777
489	12	6870	7157	10.9881
489	13	262	32436	10.8394
489	14	6802	262	10.952
489	15	13	17701	10.8048
489	16	50256	5801	10.8629
490	5	287	12161	10.7315
490	6	2882	24766	10.8478
490	7	284	16816	10.7474
490	8	13522	838	10.836
490	9	13	33828	10.8454
490	10	50256	37414	10.8346
491	5	3139	38024	10.7861
491	6	11	21925	10.6667
491	7	319	11	10.7199
491	8	262	15454	10.7279
491	9	12108	23719	10.7978
491	10	286	36613	10.684
491	11	22777	19179	10.963
491	12	13	28063	10.9321
491	13	50256	5928	10.8135
492	5	24907	43549	10.824
492	6	416	820	10.9214
492	7	31094	19012	10.7844
492	8	28471	19265	10.9675
492	9	13	47874	10.903
492	10	50256	37414	10.8353
493	5	7446	41010	10.8288
493	6	7000	21857	10.7046
493	7	8513	45804	10.7618
493	8	1321	8513	10.8052
493	9	13	4936	10.9161
493	10	50256	37414	10.8368
494	5	284	49896	10.7871
494	6	3197	17820	10.9007
494	7	21181	46226	10.8012
494	8	832	37065	10.7929
494	9	23607	8862	10.7906
494	10	13	32152	10.8316
494	11	50256	19179	10.836
495	5	20394	7448	10.7841
495	6	7572	44060	10.8056
495	7	290	45804	10.8474
495	8	987	42726	10.8773
495	9	48331	33261	10.7957
495	10	15268	41010	10.8191
495	11	13	17265	10.8733
495	12	50256	31221	10.8211
496	5	1973	40118	10.7192
496	6	2031	5323	10.7606
496	7	1141	19388	10.8176
496	8	262	16532	10.6985
496	9	1440	23719	10.7864
496	10	20283	26106	10.8245
496	11	4289	43557	10.921
496	12	13	38789	10.9089
496	13	50256	5928	10.8123
497	5	2057	17233	10.712
497	6	1863	29513	10.8984
497	7	262	27250	10.6687
497	8	34616	262	10.8245
497	9	14998	49779	10.9519
497	10	13	37754	10.8521
497	11	50256	19179	10.8346
498	5	878	21933	10.7796
498	6	5033	25238	10.558
498	7	8539	5033	10.891
498	8	276	11975	10.8286
498	9	6490	47874	10.8534
498	10	13	6490	10.7809
498	11	50256	19179	10.8349
499	5	18355	41010	10.9179
499	6	12135	36967	10.8227
499	7	15114	13136	10.9079
499	8	355	24037	10.8485
499	9	2208	4936	10.8648
499	10	24494	18011	10.8263
499	11	276	4573	10.8137
499	12	1660	8516	10.8862
499	13	44389	15980	10.8419
499	14	4291	4266	10.7191
499	15	4771	11045	10.947
499	16	13166	18267	10.8055
499	17	13	38721	10.8452
499	18	50256	28799	10.741
500	5	379	47906	10.7681
500	6	543	14809	10.7685
500	7	2647	39167	10.5806
500	8	318	19381	10.8798
500	9	6157	4936	10.8574
500	10	13	4035	10.7455
500	11	50256	19179	10.836
501	5	5440	20797	10.7961
501	6	3917	48930	10.8029
501	7	351	43825	10.7731
501	8	262	48519	10.7301
501	9	509	23719	10.8544
501	10	9019	17736	10.8722
501	11	525	19179	10.7448
501	12	16734	29218	10.8868
501	13	13	30498	10.7461
501	14	50256	34997	10.6797
502	5	262	43549	10.7156
502	6	2297	262	10.895
502	7	6896	37121	10.8373
502	8	290	10430	10.7123
502	9	262	23719	10.6386
502	10	22035	262	10.7066
502	11	12108	39386	10.864
502	12	13	29218	10.9218
502	13	50256	5928	10.8116
503	5	16968	38789	10.9479
503	6	1660	3137	10.882
503	7	2641	2120	10.8162
503	8	606	15014	10.7325
503	9	12188	29513	10.7702
503	10	6751	30549	10.875
503	11	3833	44560	10.8786
503	12	13	47814	10.8903
503	13	50256	5928	10.8135
504	5	22037	4936	10.7962
504	6	13100	22037	10.7703
504	7	284	22037	10.6547
504	8	1440	838	10.8455
504	9	19651	8862	10.7791
504	10	6588	17183	10.8365
504	11	23235	17265	10.9305
504	12	13	17640	10.8794
504	13	50256	5928	10.8129
505	5	18391	20944	10.8444
505	6	4778	30549	10.7275
505	7	284	17736	10.7276
505	8	1296	838	10.873
505	9	257	29016	10.7392
505	10	649	25816	10.6569
505	11	1976	8240	10.9307
505	12	35641	49085	10.8136
505	13	1258	37483	10.777
505	14	13	38789	10.8636
505	15	50256	569	10.7733
506	5	625	30621	10.87
506	6	37294	9629	10.8605
506	7	5207	17947	10.8454
506	8	13	15454	10.8311
506	9	50256	34676	10.8329
507	5	284	37483	10.6911
507	6	12405	17820	10.9197
507	7	290	46226	10.8341
507	8	18510	42726	10.895
507	9	50126	42734	10.7233
507	10	1366	7849	10.8136
507	11	13	18529	10.8999
507	12	50256	31221	10.8195
508	5	1022	47403	10.635
508	6	290	38639	10.858
508	7	1088	14295	10.9032
508	8	262	50146	10.8223
508	9	14189	23719	10.8524
508	10	2442	37604	10.6625
508	11	290	35322	10.8783
508	12	47441	23719	10.7894
508	13	9700	32436	10.7613
508	14	18180	35469	10.8211
508	15	13	36517	10.8025
508	16	50256	5801	10.8626
509	5	11	45708	10.7742
509	6	981	11	10.7826
509	7	4530	13793	10.9498
509	8	286	23719	10.9001
509	9	262	46699	10.8487
509	10	976	262	10.9329
509	11	1051	513	10.7969
509	12	1128	38789	10.9722
509	13	417	24947	10.941
509	14	13	417	10.8161
509	15	50256	569	10.7731
510	5	12	37126	10.7756
510	6	2385	23332	10.9001
510	7	863	31747	10.8191
510	8	2712	14084	11.0106
510	9	4116	19396	10.7201
510	10	4909	1115	10.6727
510	11	1440	42837	10.7902
510	12	14803	32960	10.8447
510	13	13	45789	10.7157
510	14	50256	34997	10.6794
511	5	257	12161	10.7654
511	6	14091	257	10.8119
511	7	2214	42196	10.9222
511	8	13	2214	10.8262
511	9	50256	8862	10.8293
512	5	3188	257	10.7441
512	6	393	28700	10.9421
512	7	4067	36613	10.8569
512	8	284	16532	10.7167
512	9	1194	40354	10.8754
512	10	8271	36013	10.7869
512	11	393	9307	10.856
512	12	4067	29218	10.8335
512	13	13	7686	10.8162
512	14	50256	34997	10.6798
513	5	4695	47702	10.8273
513	6	287	23729	10.8926
513	7	16976	27250	10.8798
513	8	11	48519	10.9676
513	9	18086	23556	10.8382
513	10	12	17736	10.9312
513	11	16760	16134	10.959
513	12	5667	38789	10.8617
513	13	13	21793	10.8012
513	14	50256	34997	10.6798
514	5	319	30691	10.8283
514	6	2869	8895	10.7627
514	7	338	38270	10.6961
514	8	7022	15454	10.6281
514	9	286	31598	10.7315
514	10	367	15677	10.672
514	11	684	29513	10.835
514	12	13415	24554	10.9027
514	13	13	34545	10.7671
514	14	50256	34997	10.679
515	5	8122	257	10.7559
515	6	656	34545	10.7699
515	7	257	46226	10.8172
515	8	3623	48642	10.6814
515	9	379	17861	10.7589
515	10	663	10430	10.908
515	11	4417	26672	10.8263
515	12	13	30592	10.8795
515	13	50256	5928	10.8105
516	5	416	41010	10.8323
516	6	38797	36192	10.6928
516	7	278	22507	10.8833
516	8	7545	34545	10.8514
516	9	351	33685	10.8204
516	10	300	351	11.0261
516	11	12009	4643	10.7802
516	12	7408	13493	10.7861
516	13	11492	3987	10.801
516	14	13	9904	10.8052
516	15	50256	569	10.7743
517	5	287	20097	10.7819
517	6	7408	24766	10.7988
517	7	414	504	10.9193
517	8	618	10361	10.7637
517	9	1402	49085	10.9725
517	10	6867	7849	10.8735
517	11	286	6867	10.858
517	12	7408	8516	10.8131
517	13	393	3987	10.8318
517	14	2779	30662	10.9706
517	15	389	5304	10.7891
517	16	2087	389	10.7673
517	17	13	42734	10.7763
517	18	50256	28799	10.7419
518	5	5107	262	10.8504
518	6	286	45510	10.8502
518	7	3194	31747	10.8267
518	8	3435	12706	10.9637
518	9	355	4098	10.881
518	10	281	30163	10.9227
518	11	1242	38056	10.9018
518	12	13	23719	10.9015
518	13	50256	5928	10.8127
519	5	3017	45708	10.7848
519	6	465	38455	10.8975
519	7	898	3572	10.7132
519	8	35674	17458	10.7537
519	9	287	8909	10.7853
519	10	10123	41010	10.8386
519	11	6065	4997	10.6614
519	12	24252	19851	10.9009
519	13	13	3168	10.8107
519	14	50256	34997	10.68
520	5	7421	17796	10.8019
520	6	286	31732	10.9014
520	7	3878	31747	10.8258
520	8	5491	4487	10.8105
520	9	13	46699	10.9041
520	10	50256	37414	10.8341
521	5	44771	41010	10.8817
521	6	262	44771	10.7599
521	7	27806	262	10.8461
521	8	286	7780	10.7902
521	9	262	46699	10.8444
521	10	449	262	10.724
521	11	544	29964	10.7225
521	12	1641	30592	10.9359
521	13	13	46089	10.7737
521	14	50256	34997	10.6788
522	5	28721	2870	10.872
522	6	287	28721	10.7804
522	7	8850	27250	10.8801
522	8	1103	19381	10.7354
522	9	34768	47702	10.6665
522	10	13	17701	10.8666
522	11	50256	19179	10.8382
523	5	286	636	10.9262
523	6	10183	27946	10.7789
523	7	2520	17396	10.7836
523	8	2253	47044	10.9117
523	9	13	34298	10.8855
523	10	50256	37414	10.8352
524	5	31555	48913	10.7549
524	6	262	7135	10.854
524	7	4434	262	10.9
524	8	323	25126	10.8354
524	9	24078	42734	10.7631
524	10	422	15715	10.8889
524	11	5060	10222	10.7331
524	12	26066	24887	10.8849
524	13	13	8004	10.7576
524	14	50256	34997	10.679
525	5	468	45804	10.6974
525	6	37516	7945	10.7358
525	7	12	24982	10.8299
525	8	26022	17555	10.8689
525	9	8251	30549	10.8033
525	10	13	3193	10.8025
525	11	50256	19179	10.8369
526	5	262	41010	10.7261
526	6	40829	262	10.8164
526	7	31643	32019	10.7917
526	8	4886	26120	10.8954
526	9	32726	23719	10.8285
526	10	28192	1716	10.7377
526	11	17745	28192	10.7732
526	12	13	49085	10.9012
526	13	50256	5928	10.8124
527	5	416	48477	10.8592
527	6	262	36192	10.8867
527	7	29973	262	10.7799
527	8	3048	48519	10.6399
527	9	286	23719	10.7451
527	10	262	15677	10.9782
527	11	6869	262	10.9201
527	12	290	39943	10.7029
527	13	262	20754	10.7365
527	14	3825	262	10.9719
527	15	13	47307	10.8159
527	16	50256	5801	10.8622
528	5	2587	12322	10.8238
528	6	422	20962	10.8651
528	7	7815	9904	10.8154
528	8	284	49551	10.8274
528	9	36717	40354	10.8359
528	10	257	18267	10.7385
528	11	3785	31767	10.9066
528	12	13	7157	10.9326
528	13	50256	5928	10.8124
529	5	2568	20272	10.8225
529	6	832	26341	10.9231
529	7	12213	17690	10.8311
529	8	1626	7780	10.798
529	9	2300	27641	10.6238
529	10	1231	13409	10.7834
529	11	11963	5692	10.8041
529	12	2587	12508	10.7509
529	13	5202	24947	10.8218
529	14	13	13003	10.8256
529	15	50256	569	10.7737
530	5	11904	389	10.7792
530	6	1043	30549	10.9205
530	7	2641	14040	10.9172
530	8	262	15014	10.7247
530	9	6891	23719	10.897
530	10	4618	6891	11.0225
530	11	338	12978	10.812
530	12	15921	18427	11.0032
530	13	13	15921	10.7601
530	14	50256	34997	10.6789
531	5	4833	12161	10.877
531	6	37446	36287	10.8455
531	7	11	31461	10.6901
531	8	1123	17690	10.8894
531	9	351	29603	10.7218
531	10	5093	351	10.8002
531	11	290	22164	10.9074
531	12	5366	23719	10.8158
531	13	24971	24947	10.7901
531	14	13	4266	10.8953
531	15	50256	569	10.772
532	5	5688	16484	11.0202
532	6	416	7135	10.8715
532	7	262	19012	10.9242
532	8	7492	262	10.8253
532	9	5866	42734	10.7477
532	10	13	5866	10.7373
532	11	50256	19179	10.839
533	5	511	18389	10.92
533	6	2057	511	10.7276
533	7	7525	25967	10.8003
533	8	416	33719	10.823
533	9	6600	17265	10.9229
533	10	4618	23519	10.8433
533	11	2587	12978	10.8376
533	12	13	12508	10.9222
533	13	50256	5928	10.812
534	5	656	45285	10.7862
534	6	262	11656	10.7548
534	7	2619	262	10.8039
534	8	6896	27330	10.7208
534	9	832	23719	10.9249
534	10	257	30254	11.0247
534	11	1588	31767	10.6874
534	12	25979	32532	10.9651
534	13	13	24947	10.7351
534	14	50256	34997	10.6782
535	5	663	27850	10.8685
535	6	8574	26442	10.8181
535	7	10154	37223	10.7812
535	8	618	6075	10.8519
535	9	1176	49085	10.6898
535	10	318	37263	10.7079
535	11	4615	43923	10.796
535	12	13	8408	10.9708
535	13	50256	5928	10.812
536	5	3696	38198	10.8065
536	6	625	38455	10.6515
536	7	640	820	10.8568
536	8	13	9639	10.8185
536	9	50256	8862	10.8333
537	5	41898	20776	10.8545
537	6	11	42919	10.8001
537	7	15677	11	10.5856
537	8	82	15677	10.8876
537	9	262	25457	10.7268
537	10	1556	262	10.7532
537	11	2838	17265	10.9365
537	12	286	2838	10.7581
537	13	262	47478	11.0051
537	14	17467	262	10.8067
537	15	385	36517	10.8632
537	16	5866	385	10.9435
537	17	13	5866	10.7525
537	18	50256	28799	10.7411
538	5	21079	12923	10.8653
538	6	262	42676	10.9048
538	7	3085	262	10.9471
538	8	1627	16815	10.8556
538	9	8686	19396	10.8444
538	10	284	22598	10.7197
538	11	262	39026	10.8445
538	12	3465	262	10.7075
538	13	402	3465	10.8889
538	14	13	39047	10.8452
538	15	50256	569	10.7745
539	5	29509	30691	10.8254
539	6	263	29509	10.8449
539	7	621	13793	10.8964
539	8	5814	22598	10.6786
539	9	32085	38175	10.8466
539	10	729	18954	10.9428
539	11	286	18825	10.9533
539	12	262	8516	10.8217
539	13	976	262	10.8175
539	14	3664	9904	10.7611
539	15	6269	47399	10.7133
539	16	379	27904	10.8967
539	17	7226	19623	10.8527
539	18	9151	22525	10.8378
539	19	10101	19321	10.8259
539	20	13	29254	10.9254
539	21	50256	27390	10.7379
540	5	1022	17796	10.6248
540	6	6632	38639	10.831
540	7	290	41982	10.7298
540	8	530	42726	10.8683
540	9	11	9846	10.9934
540	10	19889	11	10.6883
540	11	13	26668	10.7693
540	12	50256	31221	10.8219
541	5	1262	39920	10.8839
541	6	257	2949	10.8192
541	7	2060	257	10.6532
541	8	302	47623	10.8834
541	9	276	9399	10.8286
541	10	13	17701	10.7577
541	11	50256	19179	10.8352
542	5	11470	38198	10.854
542	6	7370	12063	10.8314
542	7	393	45804	10.8328
542	8	734	9274	10.6908
542	9	31028	36086	10.8086
542	10	2511	17183	10.6671
542	11	1547	35566	10.7079
542	12	13	16431	10.9163
542	13	50256	5928	10.8136
543	5	3436	47156	10.9748
543	6	857	3436	10.8856
543	7	407	13047	10.9059
543	8	10385	25709	10.8008
543	9	262	11341	10.7903
543	10	1366	262	10.9076
543	11	8574	18529	10.7825
543	12	2641	43708	10.8145
543	13	340	24947	10.8312
543	14	13	10774	10.7677
543	15	50256	569	10.7732
544	5	987	9904	10.7392
544	6	48331	45708	10.7086
544	7	23607	13827	10.7998
544	8	286	14084	10.8724
544	9	21181	46699	10.9626
544	10	13	9888	10.7856
544	11	50256	19179	10.8373
545	5	290	34468	10.9278
545	6	11298	7849	10.8374
545	7	4133	11298	10.806
545	8	884	26672	10.874
545	9	355	18706	10.9334
545	10	11532	30163	10.8872
545	11	4963	5461	10.7774
545	12	13	38789	10.9484
545	13	50256	5928	10.8115
546	5	287	40937	10.7172
546	6	257	24766	10.7836
546	7	16430	257	10.7365
546	8	13	15454	10.8128
546	9	50256	8862	10.8324
547	5	11408	20776	10.7927
547	6	787	37338	10.7737
547	7	10469	37263	10.8752
547	8	2300	13678	11.0137
547	9	422	11341	10.9217
547	10	287	17736	10.6498
547	11	36617	44805	10.8521
547	12	4237	12795	10.7874
547	13	13	29904	10.8092
547	14	50256	34997	10.6793
548	5	38985	48477	10.7361
548	6	636	38455	10.8513
548	7	286	45804	10.7795
548	8	7840	27059	10.7813
548	9	17456	32636	10.8073
548	10	13	17947	10.8525
548	11	50256	19179	10.8346
549	5	6268	43974	10.7583
549	6	656	7849	10.7732
549	7	18411	46226	10.7844
549	8	2568	18411	10.7471
549	9	13	43271	10.9216
549	10	50256	37414	10.8335
550	5	734	20776	10.886
550	6	318	32436	10.8623
550	7	262	41010	10.9233
550	8	691	262	10.6222
550	9	772	14084	10.8844
550	10	530	40342	10.9463
550	11	13	34545	10.8743
550	12	50256	31221	10.8216
551	5	262	20776	10.9014
551	6	3934	262	10.9139
551	7	16395	21653	10.9692
551	8	15989	16129	10.8657
551	9	3812	11341	10.9233
551	10	663	47070	10.7372
551	11	6971	26672	10.8985
551	12	8384	23719	10.7183
551	13	832	24947	10.8109
551	14	19794	42654	10.8026
551	15	13	36517	10.8151
551	16	50256	32019	10.8598
552	5	262	2870	10.8419
552	6	3139	262	10.8287
552	7	1748	45804	10.9258
552	8	286	38571	10.9436
552	9	27026	46699	10.9326
552	10	287	25126	10.9289
552	11	2520	44805	10.8979
552	12	7229	18624	10.7811
552	13	13	7686	10.8665
552	14	50256	34997	10.6792
553	5	37989	5809	10.8972
553	6	7370	5506	10.7898
553	7	13	45804	10.7495
553	8	50256	42795	10.7982
554	5	14422	651	10.8407
554	6	286	8081	11.0281
554	7	36683	31747	10.8808
554	8	571	28886	11.0237
554	9	10304	44851	10.9474
554	10	547	10304	10.8799
554	11	23470	19179	10.8559
554	12	656	7157	10.8739
554	13	7815	24947	10.8138
554	14	287	4266	10.7677
554	15	31592	27250	10.722
554	16	13	25816	10.7971
554	17	50256	27259	10.6887
555	5	2753	11791	10.9927
555	6	1295	28760	10.6777
555	7	1973	1295	10.9016
555	8	262	42734	10.6113
555	9	7714	23719	10.8884
555	10	286	7714	10.7979
555	11	7009	8004	10.8018
555	12	435	12508	10.6137
555	13	303	24947	10.7112
555	14	11106	9904	10.7957
555	15	13	2029	10.7773
555	16	50256	32019	10.863
556	5	2939	41010	10.8669
556	6	19794	4921	10.8217
556	7	290	49048	10.758
556	8	13902	42726	10.811
556	9	13	12927	10.8497
556	10	50256	37414	10.8311
557	5	4263	25966	10.7814
557	6	422	29497	10.8385
557	7	867	9904	10.7123
557	8	1402	20579	10.932
557	9	22969	7849	10.7771
557	10	286	22969	10.8816
557	11	3124	19179	10.8057
557	12	13	18573	10.9554
557	13	50256	5928	10.8127
558	5	3923	42654	10.8456
558	6	287	38455	10.9138
558	7	262	27250	10.7865
558	8	5739	262	10.8066
558	9	8689	28337	10.8019
558	10	286	27326	10.8087
558	11	1881	19179	10.8027
558	12	39255	30592	10.8713
558	13	290	34691	10.9113
558	14	1881	39795	10.6868
558	15	27760	36517	10.8833
558	16	13	9830	10.8034
558	17	50256	27259	10.6888
559	5	286	40582	10.8929
559	6	20296	27946	11.0001
559	7	326	30483	10.8031
559	8	5615	27059	10.8798
559	9	287	23719	10.8116
559	10	262	41010	10.825
559	11	41917	262	10.8844
559	12	1613	35469	10.9432
559	13	13	45288	10.7924
559	14	50256	34997	10.6791
560	5	15170	29834	10.7765
560	6	2577	26448	10.8642
560	7	8477	3073	10.8541
560	8	257	41048	10.9024
560	9	3350	37014	10.8155
560	10	8272	14019	10.792
560	11	338	4997	10.8798
560	12	1204	18427	10.8389
560	13	319	38115	10.8574
560	14	281	39083	10.8936
560	15	7022	9465	10.7393
560	16	13	12102	10.7828
560	17	50256	27259	10.6884
561	5	3825	262	10.9559
561	6	1656	30498	10.7152
561	7	284	21957	10.8612
561	8	1445	838	10.8163
561	9	1973	37014	10.7804
561	10	262	42734	10.7037
561	11	6766	262	10.8322
561	12	1123	12704	10.7573
561	13	1110	7135	10.7641
561	14	13	14134	10.8295
561	15	50256	569	10.773
562	5	262	48477	10.7772
562	6	15189	262	10.8245
562	7	3634	45804	10.7534
562	8	4279	19265	10.7538
562	9	11	19396	10.8194
562	10	340	11	10.9398
562	11	1276	19179	10.8
562	12	7719	24554	10.6894
562	13	284	24947	10.664
562	14	257	12161	10.8652
562	15	16599	21137	10.808
562	16	11	8365	10.6299
562	17	10929	27259	11.1147
562	18	11	31644	10.8996
562	19	24233	28342	10.7946
562	20	11	5238	10.7777
562	21	393	11	10.9115
562	22	22062	3465	10.8564
562	23	13	38671	10.7764
562	24	50256	8757	10.7891
563	5	2420	41010	10.7499
563	6	2915	2420	10.8578
563	7	13676	29474	10.7404
563	8	1088	15454	10.9613
563	9	15985	17265	10.8712
563	10	11904	19078	10.8289
563	11	13	48913	10.9404
563	12	50256	31221	10.823
564	5	389	25966	10.7902
564	6	3706	389	10.8454
564	7	13548	38270	10.8923
564	8	418	8821	10.812
564	9	11	23719	10.8733
564	10	350	11	10.9313
564	11	1506	10459	10.7686
564	12	418	12704	10.8369
564	13	11	17644	10.7869
564	14	290	9904	10.8188
564	15	39026	26596	10.9602
564	16	271	39026	10.8013
564	17	13	42734	10.8777
564	18	50256	28799	10.7398
565	5	6156	47702	10.6355
565	6	9088	40480	10.6445
565	7	286	9640	10.7914
565	8	24726	27059	10.756
565	9	13399	9639	10.7314
565	10	13	36119	10.779
565	11	50256	19179	10.8352
566	5	1402	45708	10.8486
566	6	11904	36849	10.8576
566	7	326	12508	10.9351
566	8	3092	27059	10.9603
566	9	257	47874	10.7903
566	10	8904	25816	10.9017
566	11	8574	26668	10.734
566	12	2057	43708	10.7429
566	13	5127	8004	10.983
566	14	13	39083	10.8022
566	15	50256	569	10.7727
567	5	2904	749	10.8134
567	6	2087	18061	10.6998
567	7	2378	27708	10.8759
567	8	717	17434	10.9634
567	9	13	28337	10.8995
567	10	50256	37414	10.8354
568	5	1717	41010	10.7567
568	6	6327	2850	10.6878
568	7	360	43498	10.8809
568	8	39781	33592	10.8178
568	9	262	42746	10.6058
568	10	20281	262	10.8788
568	11	286	44836	10.8617
568	12	383	8516	10.8648
568	13	2764	32436	10.8552
568	14	286	12704	10.9775
568	15	22489	9432	10.7867
568	16	24568	9817	10.7463
568	17	78	9274	10.9312
568	18	13	13083	10.8918
568	19	50256	5105	10.8574
569	5	287	12859	10.8228
569	6	2292	24766	10.8483
569	7	981	21130	10.7107
569	8	257	19381	10.9518
569	9	9664	37014	10.7327
569	10	318	43225	10.7394
569	11	36932	43923	10.8056
569	12	13	30621	10.9122
569	13	50256	5928	10.8134
570	5	516	37263	10.8085
570	6	15113	6868	10.7963
570	7	4635	4382	10.7573
570	8	355	20022	10.8801
570	9	257	4936	10.8109
570	10	19999	25816	10.8308
570	11	1868	6370	10.8885
570	12	14170	12508	10.8619
570	13	281	24947	10.8763
570	14	8137	22788	10.7971
570	15	13	2029	10.7845
570	16	50256	5801	10.861
571	5	262	38789	10.6982
571	6	6869	262	10.8964
571	7	318	45804	10.7832
571	8	6697	41048	10.9407
571	9	262	29513	10.7994
571	10	3825	262	11.0051
571	11	287	5692	11.0065
571	12	3668	27250	10.9809
571	13	338	24947	10.8401
571	14	6766	39083	10.7157
571	15	13	40603	10.7683
571	16	50256	32019	10.863
572	5	355	17396	10.7213
572	6	262	30163	10.7721
572	7	3139	262	10.7337
572	8	286	29735	10.8161
572	9	262	46699	10.847
572	10	45772	262	10.9076
572	11	8065	16134	10.8279
572	12	13	30592	10.9093
572	13	50256	5928	10.812
573	5	832	40342	10.7696
573	6	3668	45510	10.7797
573	7	338	3572	10.7832
573	8	8137	15454	10.8557
573	9	290	15980	10.9532
573	10	12229	14295	10.9378
573	11	262	19179	10.8995
573	12	2323	262	10.8348
573	13	318	24947	10.8753
573	14	1444	1825	10.7097
573	15	257	34419	10.8401
573	16	19999	25816	10.7539
573	17	578	26868	10.7786
573	18	13	38617	10.8433
573	19	50256	5105	10.857
574	5	660	18420	10.9177
574	6	318	25102	10.9911
574	7	3917	41010	10.7708
574	8	351	42726	10.8387
574	9	262	8862	10.7597
574	10	1855	262	10.8276
574	11	24611	35322	10.8164
574	12	14355	23452	10.7858
574	13	13	32436	10.8376
574	14	50256	34997	10.6785
575	5	2967	11661	10.9556
575	6	656	40496	10.8847
575	7	10601	46226	10.9036
575	8	329	3856	10.8999
575	9	8509	48327	10.9267
575	10	290	11791	10.8242
575	11	584	1785	10.7524
575	12	9013	8135	10.826
575	13	13	47478	10.8027
575	14	50256	34997	10.6787
576	5	14768	11687	10.9233
576	6	319	24291	10.7685
576	7	24438	11952	10.9285
576	8	286	4146	10.8174
576	9	262	46699	10.8446
576	10	976	262	10.9317
576	11	3124	513	10.8226
576	12	3690	18573	10.7857
576	13	8850	24947	10.8818
576	14	6100	14877	10.6746
576	15	13	38267	10.7811
576	16	50256	32019	10.862
577	5	3794	43549	10.9451
577	6	284	49007	10.9633
577	7	262	45804	10.7954
577	8	5366	262	10.959
577	9	290	18192	10.7276
577	10	2807	14295	10.8599
577	11	284	34026	10.8239
577	12	262	8408	10.7108
577	13	5093	262	10.7177
577	14	13	38789	10.8496
577	15	50256	569	10.7741
578	5	6727	262	10.8494
578	6	4417	38455	10.9537
578	7	286	45804	10.6238
578	8	262	27059	10.8393
578	9	24725	23719	10.7821
578	10	34573	37338	10.7521
578	11	6516	39026	10.8066
578	12	287	29218	10.6893
578	13	281	2809	10.8578
578	14	555	22788	10.785
578	15	10414	25152	10.7811
578	16	1389	32019	10.8221
578	17	14839	7308	10.836
578	18	7087	46022	10.8457
578	19	13	8075	10.9122
578	20	50256	45893	10.767
579	5	257	9904	10.7051
579	6	9629	257	10.6202
579	7	286	37338	10.7864
579	8	987	27059	10.8841
579	9	86	33261	10.7874
579	10	16206	11773	10.8076
579	11	4618	2987	10.8803
579	12	26742	46004	10.7403
579	13	13	9640	10.7969
579	14	50256	34997	10.6789
580	5	286	28089	10.9269
580	6	4930	27946	10.7492
580	7	20830	27946	10.765
580	8	287	27059	10.9884
580	9	3576	46699	10.8002
580	10	290	17640	10.7546
580	11	6342	1785	10.8826
580	12	13	29218	10.9346
580	13	50256	5928	10.8124
581	5	16524	13476	10.8436
581	6	284	9047	10.8145
581	7	1180	45804	10.7918
581	8	10530	9639	11.0112
581	9	22421	20816	10.8557
581	10	416	9325	10.8066
581	11	5609	17265	10.7597
581	12	262	8408	10.6892
581	13	12097	262	10.962
581	14	286	27977	10.8655
581	15	511	9432	10.7299
581	16	13026	511	10.8605
581	17	16600	27444	10.8093
581	18	13	43106	10.8203
581	19	50256	5105	10.8594
582	5	21270	8458	10.7668
582	6	287	10684	10.8334
582	7	11228	27250	10.8114
582	8	2057	36119	10.813
582	9	13	2057	10.8761
582	10	50256	37414	10.8343
583	5	9215	32358	10.7945
583	6	17359	9215	10.9632
583	7	284	16478	10.794
583	8	1296	838	10.8738
583	9	9215	29016	10.8567
583	10	13	7849	10.7711
583	11	50256	19179	10.8346
584	5	4492	2239	10.8573
584	6	422	31767	10.9068
584	7	7840	9904	10.8583
584	8	4881	15454	10.8008
584	9	13	2282	10.8316
584	10	50256	37414	10.8361
585	5	276	13271	10.8085
585	6	287	8365	10.7746
585	7	281	27250	10.7957
585	8	11557	49113	10.6218
585	9	1080	21653	10.8731
585	10	13	33528	10.8518
585	11	50256	19179	10.837
586	5	8771	257	10.7894
586	6	800	25320	10.81
586	7	3369	50140	10.8794
586	8	2346	32275	10.7427
586	9	11	19366	10.9659
586	10	3264	11	10.7804
586	11	393	39026	10.907
586	12	20762	29218	10.8484
586	13	13	50146	10.7701
586	14	50256	34997	10.6784
587	5	10087	48477	10.7083
587	6	422	32377	10.9559
587	7	477	9904	10.9197
587	8	584	49551	10.7143
587	9	2877	27328	10.7935
587	10	4695	21883	10.747
587	11	13	5461	10.8018
587	12	50256	31221	10.8177
588	5	925	8235	11.0038
588	6	422	25816	10.6961
588	7	262	9904	10.913
588	8	279	262	10.783
588	9	342	16647	10.9113
588	10	286	31023	10.762
588	11	262	19179	10.9977
588	12	20461	262	10.8531
588	13	21180	38455	10.8706
588	14	4618	43424	10.8888
588	15	13	8821	10.8025
588	16	50256	5801	10.8612
589	5	11	18848	10.8008
589	6	1663	11	10.7752
589	7	379	12508	10.7139
589	8	5417	42726	10.918
589	9	11	30549	10.8202
589	10	290	11	10.7969
589	11	1441	1785	10.9215
589	12	284	43708	10.87
589	13	40941	48477	10.9161
589	14	284	12704	10.8861
589	15	22919	49739	10.7562
589	16	13	32019	10.7608
589	17	50256	27259	10.6878
590	5	11	29071	10.8899
590	6	14104	11	10.9303
590	7	13015	17736	10.8975
590	8	11	4385	10.9648
590	9	290	23556	10.7363
590	10	3624	14295	10.7871
590	11	9421	35322	10.8798
590	12	1063	44967	10.8642
590	13	13	32436	10.7702
590	14	50256	34997	10.6798
591	5	29289	37438	10.8477
591	6	8435	30163	10.8034
591	7	973	48893	10.7032
591	8	284	235	10.7704
591	9	5163	40354	10.757
591	10	3992	26106	10.9352
591	11	4133	5603	10.7668
591	12	13	44344	10.9261
591	13	50256	5928	10.8128
592	5	9016	36619	10.8524
592	6	4731	4997	10.9151
592	7	318	4731	10.7996
592	8	2793	41048	10.7195
592	9	287	20537	10.8057
592	10	7078	41010	10.8361
592	11	621	8846	10.7717
592	12	262	42783	10.6052
592	13	38283	262	10.9045
592	14	338	35469	10.8775
592	15	6678	47399	10.8158
592	16	9016	32019	10.9293
592	17	4731	36034	10.9985
592	18	13	34783	10.8142
592	19	50256	5105	10.8587
593	5	4635	13476	10.844
593	6	416	29513	10.8571
593	7	23147	19012	10.8433
593	8	44030	45469	10.8361
593	9	6147	42746	10.7858
593	10	656	17736	10.7814
593	11	285	25317	10.7227
593	12	10119	47814	11.0528
593	13	13	10119	10.7234
593	14	50256	34997	10.6794
594	5	7363	19612	10.8098
594	6	284	13679	10.8531
594	7	262	45804	10.7888
594	8	7627	262	10.801
594	9	286	20537	10.7143
594	10	22779	15677	10.8466
594	11	7229	20772	10.8608
594	12	13	28063	10.9675
594	13	50256	5928	10.8107
595	5	262	9904	10.8553
595	6	13589	262	10.8107
595	7	284	13589	10.7954
595	8	262	838	10.7102
595	9	11384	23719	10.8796
595	10	832	8258	10.7564
595	11	262	19179	10.9213
595	12	1658	262	10.5951
595	13	2522	29552	10.7374
595	14	31111	30662	10.826
595	15	13	23692	10.753
595	16	50256	5801	10.8626
596	5	8630	2870	10.7097
596	6	287	8630	10.8786
596	7	2658	27250	10.8755
596	8	417	1716	10.7709
596	9	292	43741	10.72
596	10	287	4382	10.9252
596	11	262	44805	10.835
596	12	25861	262	10.9251
596	13	1080	41713	10.7606
596	14	13	48649	10.8497
596	15	50256	569	10.7751
597	5	11881	2870	10.893
597	6	1364	30549	10.7259
597	7	422	28505	10.7847
597	8	262	42017	10.8379
597	9	1903	23719	10.7602
597	10	3024	10883	10.7301
597	11	6881	6745	10.7396
597	12	13	29218	10.891
597	13	50256	5928	10.814
598	5	20435	17796	10.7439
598	6	3356	20435	10.9004
598	7	290	3356	10.7649
598	8	5529	42726	11.0051
598	9	5236	28337	10.8092
598	10	13	17793	10.8853
598	11	50256	19179	10.835
599	5	416	41010	10.8328
599	6	37228	36192	10.8081
599	7	7888	1893	10.7138
599	8	11685	779	10.7948
599	9	286	31484	10.7852
599	10	4898	15677	10.8968
599	11	11	38302	10.9572
599	12	3221	13991	10.7912
599	13	351	47478	10.8022
599	14	39623	12435	10.7936
599	15	13020	48560	10.9591
599	16	11678	33802	10.833
599	17	13	36034	10.8966
599	18	50256	28799	10.742
600	5	13055	12322	10.9623
600	6	1660	49699	10.7411
600	7	300	2120	10.9025
600	8	3922	14724	10.8982
600	9	287	8862	10.7499
600	10	465	41010	10.8912
600	11	11376	32292	10.7705
600	12	379	39943	10.7878
600	13	8118	29827	10.8426
600	14	933	39083	10.9238
600	15	88	21137	10.8053
600	16	13	12102	10.7927
600	17	50256	27259	10.6886
601	5	422	39920	10.8246
601	6	257	9904	10.6829
601	7	4417	257	10.9309
601	8	736	48519	10.8006
601	9	3812	20537	10.9633
601	10	257	47070	10.8734
601	11	24783	31767	10.8693
601	12	13	43708	10.8658
601	13	50256	5928	10.8115
602	5	257	25966	10.8155
602	6	18778	257	10.9546
602	7	14688	11952	10.926
602	8	680	13678	10.858
602	9	12	11341	10.7991
602	10	43745	14126	10.8757
602	11	19634	5461	10.9397
602	12	287	18624	10.741
602	13	281	2809	10.8592
602	14	12278	22788	10.8143
602	15	17655	14823	10.8072
602	16	13	32019	10.7571
602	17	50256	27259	10.6889
603	5	3794	41010	10.81
603	6	3994	49007	10.7415
603	7	20838	47496	10.9386
603	8	21641	12768	10.9004
603	9	290	2873	10.7977
603	10	42645	14295	10.798
603	11	13	19338	10.8727
603	12	50256	31221	10.8237
604	5	11	30163	10.7727
604	6	14354	11	10.7175
604	7	11	25813	10.6104
604	8	290	17690	10.8229
604	9	7572	23719	10.9138
604	10	286	16252	10.8063
604	11	3292	8004	10.8069
604	12	13	44709	10.8983
604	13	50256	5928	10.8144
605	5	379	43974	10.7295
605	6	7496	14809	10.757
605	7	290	32607	10.8357
605	8	734	42726	10.6904
605	9	7435	36086	10.8358
605	10	1173	32019	10.8468
605	11	829	44534	10.7794
605	12	13	40491	10.8707
605	13	50256	5928	10.8123
606	5	290	25039	10.9809
606	6	26306	7849	10.8733
606	7	21622	41165	11.0514
606	8	422	42734	10.8192
606	9	262	2778	10.8446
606	10	9260	262	10.883
606	11	13	3735	10.8787
606	12	50256	31221	10.8204
607	5	326	19421	10.8861
607	6	8833	7117	10.8017
607	7	351	36613	10.6966
607	8	262	48519	10.7286
607	9	6000	23719	10.9299
607	10	8373	6000	10.9237
607	11	287	8373	10.9702
607	12	257	27250	10.8383
607	13	27039	32436	10.8952
607	14	13	37418	10.7479
607	15	50256	569	10.7741
608	5	7043	257	10.8388
608	6	316	7135	10.894
608	7	787	5161	10.9733
608	8	2647	22598	10.7384
608	9	287	16031	10.7907
608	10	257	41010	10.9013
608	11	1448	31767	10.7285
608	12	286	38789	10.851
608	13	734	47478	10.7534
608	14	13	12768	10.7766
608	15	50256	569	10.7739
609	5	510	47906	10.8278
609	6	15455	25320	10.6555
609	7	1231	21925	10.8423
609	8	5609	8846	10.9273
609	9	262	19366	10.7265
609	10	1321	262	10.8828
609	11	852	3735	10.8029
609	12	42517	29218	10.8166
609	13	798	1842	10.7642
609	14	13	39083	10.8144
609	15	50256	569	10.7728
610	5	13055	45708	10.8439
610	6	383	49699	10.7304
610	7	2907	20240	10.8339
610	8	563	42726	10.7495
610	9	5265	37014	10.7779
610	10	287	11964	10.7701
610	11	49545	44805	10.8311
610	12	13	9368	10.8955
610	13	50256	5928	10.8114
611	5	1239	19987	10.8528
611	6	11073	4684	10.8552
611	7	257	11952	10.8296
611	8	4633	48642	10.8641
611	9	1255	19303	10.8547
611	10	13	17701	10.8969
611	11	50256	19179	10.833
612	5	2630	13793	10.9524
612	6	3923	36232	10.6565
612	7	326	25786	10.8146
612	8	7301	27059	10.8937
612	9	41553	34298	10.7298
612	10	82	11964	10.8322
612	11	11	29964	11.0273
612	12	37174	13991	10.9351
612	13	11	7686	10.9145
612	14	290	9904	10.8175
612	15	5369	26596	10.8206
612	16	13	30098	10.8023
612	17	50256	27259	10.6885
613	5	546	37877	10.8462
613	6	262	24797	10.8903
613	7	20175	262	10.87
613	8	43989	8757	10.8057
613	9	290	18706	10.7915
613	10	38201	14295	10.8753
613	11	13	35322	10.8196
613	12	50256	31221	10.821
614	5	9518	389	10.8026
614	6	5667	34850	10.848
614	7	2138	24447	10.913
614	8	621	31160	10.7362
614	9	8850	23116	10.7954
614	10	13737	26738	10.7416
614	11	13	28760	10.9087
614	12	50256	31221	10.8215
615	5	416	41010	10.833
615	6	27259	36192	10.8783
615	7	7545	27259	10.9684
615	8	656	15585	10.8415
615	9	1090	28337	10.9384
615	10	9310	43762	10.7877
615	11	290	21273	10.8508
615	12	483	23719	10.6933
615	13	88	30203	10.891
615	14	13	35754	10.8123
615	15	50256	569	10.7732
616	5	1633	262	10.849
616	6	5721	6868	10.7861
616	7	12611	13793	10.7854
616	8	803	38778	10.8391
616	9	416	41517	10.8357
616	10	41719	2769	10.8516
616	11	511	18529	10.8247
616	12	11914	19078	10.8497
616	13	656	24947	10.7857
616	14	257	39083	10.8683
616	15	5422	21137	10.7984
616	16	12239	26452	10.8174
616	17	13	14528	10.8077
616	18	50256	28799	10.7408
617	5	19418	20944	10.8271
617	6	36578	21468	10.8189
617	7	351	48327	10.8106
617	8	6496	48519	10.815
617	9	8188	23719	10.7505
617	10	13	48519	10.7783
617	11	50256	19179	10.8376
618	5	355	28839	10.6228
618	6	257	30163	10.7603
618	7	1271	257	10.8254
618	8	286	19381	10.8275
618	9	3470	46699	10.7854
618	10	9998	13530	10.7094
618	11	13	6370	10.8153
618	12	50256	31221	10.8223
619	5	284	25039	10.6378
619	6	3283	17820	10.8408
619	7	12967	31747	10.8454
619	8	902	22598	10.7676
619	9	1973	902	10.7515
619	10	257	42734	10.7806
619	11	4417	31767	10.9111
619	12	13	30592	10.8801
619	13	50256	5928	10.8117
620	5	4905	262	10.6228
620	6	286	4905	10.8756
620	7	281	31747	10.7977
620	8	15835	49113	10.8136
620	9	393	26587	10.7008
620	10	875	36613	10.7172
620	11	13168	23116	10.8521
620	12	11862	41097	10.8813
620	13	13	11862	10.8305
620	14	50256	34997	10.6797
621	5	338	3674	10.7783
621	6	1810	23729	11.04
621	7	290	8578	10.8126
621	8	12689	42726	10.7182
621	9	3407	2873	10.8701
621	10	262	3407	10.7576
621	11	14332	262	10.907
621	12	2305	16431	10.9035
621	13	9229	24947	10.7451
621	14	11796	12704	10.7786
621	15	286	26596	10.8401
621	16	3284	15677	10.8421
621	17	13	25335	10.8734
621	18	50256	28799	10.7393
622	5	3650	8	10.7099
622	6	12278	7135	10.9598
622	7	2568	11952	10.8169
622	8	832	11398	10.7861
622	9	48287	8862	10.8099
622	10	5931	16126	10.6964
622	11	12737	17265	10.7698
622	12	13	11341	10.9411
622	13	50256	5928	10.8126
623	5	4143	29497	10.786
623	6	2173	749	10.8609
623	7	1497	34284	10.9216
623	8	422	40034	10.9081
623	9	262	2778	10.8457
623	10	3825	262	11.0034
623	11	13	5692	10.8788
623	12	50256	31221	10.823
624	5	290	38198	10.8497
624	6	6754	7849	10.8901
624	7	2478	23992	10.7767
624	8	286	838	10.7548
624	9	2456	46699	10.6205
624	10	13	27708	10.7686
624	11	50256	19179	10.8351
625	5	3033	18378	10.8599
625	6	262	47623	10.7107
625	7	26997	262	10.8668
625	8	2677	27059	10.704
625	9	11	37014	10.9648
625	10	3825	11	10.8624
625	11	370	5692	10.7226
625	12	46654	8576	10.8012
625	13	13	5928	10.7631
625	14	50256	34997	10.6781
626	5	3139	38024	10.7819
626	6	373	21925	10.7947
626	7	327	32019	10.6372
626	8	385	10033	10.9162
626	9	1073	385	10.7431
626	10	11	9368	10.7517
626	11	287	45510	10.8661
626	12	1944	27250	10.7882
626	13	12	37483	10.8838
626	14	820	36517	10.9606
626	15	25768	820	10.872
626	16	13	30708	10.8222
626	17	50256	27259	10.6887
627	5	5403	2870	10.9409
627	6	663	5403	10.9147
627	7	16874	36115	10.7091
627	8	13	838	10.8424
627	9	50256	34676	10.8327
628	5	2583	38396	10.7546
628	6	4778	36967	10.794
628	7	284	17736	10.7258
628	8	4439	838	10.8067
628	9	649	46699	10.8893
628	10	9471	46526	10.8223
628	11	13166	35271	10.8023
628	12	13	29218	10.936
628	13	50256	5928	10.8125
629	5	2568	13271	10.8243
629	6	832	26341	10.9237
629	7	6565	17690	10.7882
629	8	2272	4487	10.7472
629	9	13	29858	10.8612
629	10	50256	37414	10.8346
630	5	3519	41396	10.6233
630	6	1035	3519	10.8293
630	7	24370	23719	10.7513
630	8	287	32275	10.9351
630	9	13550	46699	10.6125
630	10	34619	13550	10.7293
630	11	746	6780	10.8077
630	12	291	25010	10.9299
630	13	11	30498	10.7171
630	14	1897	9904	10.8753
630	15	6210	14777	10.9459
630	16	11	28700	10.7195
630	17	290	27259	10.8376
630	18	8312	17793	10.7773
630	19	14750	13530	10.7779
630	20	13	29996	10.8823
630	21	50256	27390	10.736
631	5	329	48477	10.7538
631	6	663	24766	10.9715
631	7	1913	36115	10.8203
631	8	8508	16977	10.7738
631	9	290	20740	10.8106
631	10	27892	14295	10.8233
631	11	35988	28760	10.9605
631	12	11222	23719	10.8085
631	13	13	29904	10.79
631	14	50256	34997	10.6788
632	5	329	19421	10.7809
632	6	18120	24766	10.7903
632	7	257	12102	10.7341
632	8	1917	48642	10.7713
632	9	393	23719	10.7546
632	10	9489	36613	10.7467
632	11	257	41517	10.768
632	12	4876	23917	10.8296
632	13	13	24947	10.7954
632	14	50256	34997	10.679
633	5	422	41010	10.6998
633	6	15756	9904	10.9313
633	7	5597	3356	10.8744
633	8	422	42726	10.9633
633	9	13686	2778	10.846
633	10	49235	40351	10.7704
633	11	13	28156	10.9382
633	12	50256	31221	10.823
634	5	34371	38789	10.8867
634	6	16578	30163	10.7943
634	7	283	4712	10.8143
634	8	3815	19381	10.8214
634	9	1262	11056	10.833
634	10	16311	10261	10.8619
634	11	286	9805	10.9006
634	12	530	8516	10.955
634	13	284	32436	10.8752
634	14	1440	12161	10.8189
634	15	9881	25327	10.7495
634	16	13	9881	10.7578
634	17	50256	27259	10.6884
635	5	2458	25966	10.849
635	6	257	31767	10.6821
635	7	6769	257	10.8584
635	8	338	24616	10.8203
635	9	6515	20537	10.7527
635	10	8373	23162	10.9169
635	11	618	8373	10.7411
635	12	2723	38789	10.92
635	13	290	7135	10.9933
635	14	22890	39795	10.8381
635	15	1445	48327	10.9023
635	16	3585	28192	10.7844
635	17	284	27259	10.7762
635	18	1123	37877	10.7838
635	19	584	1112	10.7255
635	20	13	33719	10.8957
635	21	50256	27390	10.7369
636	5	8372	40118	10.8194
636	6	3354	7849	10.8799
636	7	286	11476	10.5935
636	8	16519	27059	11.0923
636	9	290	45426	10.7815
636	10	17456	14295	10.864
636	11	13	3910	10.8989
636	12	50256	31221	10.8221
637	5	21767	19987	10.8115
637	6	262	30498	10.9403
637	7	1271	262	10.7431
637	8	286	19381	10.8282
637	9	1237	46699	10.9585
637	10	684	17736	10.912
637	11	287	18529	10.9813
637	12	663	27250	10.926
637	13	29984	26672	10.8291
637	14	13	39083	10.8061
637	15	50256	569	10.7733
638	5	5563	17796	10.8059
638	6	832	38490	10.8604
638	7	41630	17690	10.8122
638	8	38445	44649	10.8311
638	9	5107	23719	10.9081
638	10	13	2769	10.7537
638	11	50256	19179	10.8363
639	5	14921	17796	10.8127
639	6	5563	9629	10.7037
639	7	884	4382	10.858
639	8	355	9365	10.9284
639	9	8234	4936	10.7508
639	10	11	17640	10.7499
639	11	12734	45510	10.8508
639	12	11	31598	10.9341
639	13	393	31421	10.9205
639	14	14891	30662	10.8395
639	15	13	33025	10.8838
639	16	50256	32019	10.8635
640	5	7997	2870	10.7546
640	6	416	5555	10.9061
640	7	257	19012	10.8205
640	8	10706	48642	10.9396
640	9	286	30626	10.8108
640	10	17848	15677	10.8624
640	11	13	5692	10.9003
640	12	50256	31221	10.8217
641	5	281	2870	10.796
641	6	4457	9830	10.7607
641	7	29877	16635	10.9245
641	8	2858	27259	10.8278
641	9	11	34173	10.8714
641	10	407	11	10.856
641	11	257	5692	10.8349
641	12	2818	23917	10.7412
641	13	17076	32436	10.7942
641	14	13	40603	10.7542
641	15	50256	569	10.7742
642	5	3194	50140	10.7754
642	6	355	25816	10.762
642	7	257	13271	10.8185
642	8	8064	48642	10.7304
642	9	286	16064	10.8604
642	10	734	15677	10.8449
642	11	37014	24788	10.6218
642	12	13	37014	10.9827
642	13	50256	5928	10.811
643	5	2107	8	10.7346
643	6	290	12774	10.9079
643	7	1663	14295	10.7133
643	8	329	32131	10.9027
643	9	517	48327	10.8121
643	10	621	11773	10.8226
643	11	734	17265	10.8913
643	12	812	41097	10.8574
643	13	13	12774	10.7997
643	14	50256	34997	10.678
644	5	3139	262	10.7924
644	6	286	21925	10.8654
644	7	16952	31747	10.8206
644	8	287	12768	10.8904
644	9	21199	46699	10.7203
644	10	7229	41048	10.8922
644	11	13	5692	10.9331
644	12	50256	31221	10.8223
645	5	4847	46752	10.7675
645	6	832	48960	10.8729
645	7	10288	17690	10.8709
645	8	284	6370	10.7918
645	9	584	40354	10.8238
645	10	4847	584	10.9492
645	11	13	43102	10.8833
645	12	50256	31221	10.8222
646	5	10050	33576	10.9292
646	6	2568	27904	10.8506
646	7	284	16977	10.8812
646	8	663	838	10.8097
646	9	21334	26331	10.8303
646	10	13	15677	10.7854
646	11	50256	19179	10.8343
647	5	48135	262	10.8787
647	6	286	30368	10.9255
647	7	262	31747	10.9123
647	8	11188	262	10.7218
647	9	3967	42734	10.7833
647	10	1176	9316	10.8109
647	11	286	28337	10.8904
647	12	257	8516	10.8758
647	13	1729	32436	10.8361
647	14	22570	22343	10.7042
647	15	1271	14823	10.909
647	16	13	12102	10.7946
647	17	50256	27259	10.6891
648	5	262	16621	10.7651
648	6	3085	262	10.9457
648	7	1627	11270	10.999
648	8	8686	11975	10.803
648	9	284	49085	10.7046
648	10	262	19508	10.8405
648	11	3465	262	10.6681
648	12	376	3465	10.7257
648	13	13	47814	10.8168
648	14	50256	34997	10.6787
649	5	1499	10430	10.8309
649	6	287	18267	10.7789
649	7	262	27250	10.7844
649	8	7840	262	10.8559
649	9	18020	32636	10.863
649	10	13	18020	10.7872
649	11	50256	19179	10.8375
650	5	4469	262	10.782
650	6	286	11403	10.9982
650	7	26467	31747	10.8437
650	8	385	20408	10.8325
650	9	1872	385	10.8981
650	10	338	38318	10.7027
650	11	3878	35306	10.8437
650	12	17084	38789	10.7208
650	13	13	24947	10.8191
650	14	50256	34997	10.6792
651	5	2846	41010	10.8898
651	6	286	4997	10.8139
651	7	1223	31747	10.8597
651	8	2073	2785	10.7765
651	9	1231	30549	10.8351
651	10	10616	7849	10.8214
651	11	257	32845	10.765
651	12	18875	23917	10.8267
651	13	5369	24947	10.7551
651	14	13	20502	10.8212
651	15	50256	569	10.7736
652	5	77	21933	10.8192
652	6	2340	27243	10.7702
652	7	326	35619	10.8908
652	8	3745	27059	10.9329
652	9	319	30549	10.8851
652	10	262	5136	10.8714
652	11	2910	262	10.7953
652	12	286	34619	10.7526
652	13	11453	47478	10.8284
652	14	13	42439	10.7837
652	15	50256	569	10.7751
653	5	1602	44457	10.6929
653	6	14796	42280	10.7203
653	7	22950	45804	10.9019
653	8	423	28721	10.8435
653	9	262	36860	10.7506
653	10	976	262	10.9318
653	11	4129	513	10.8292
653	12	13	44709	10.9196
653	13	50256	5928	10.8136
654	5	6268	11687	10.7951
654	6	4073	7849	10.7077
654	7	416	27946	10.8693
654	8	29781	5575	10.9464
654	9	290	20797	10.9095
654	10	584	14295	10.7463
654	11	38622	6780	10.8049
654	12	13	37880	10.8512
654	13	50256	5928	10.8132
655	5	635	389	10.7597
655	6	8811	635	10.7756
655	7	1900	8811	10.8244
655	8	355	20579	10.7514
655	9	5482	4936	10.6903
655	10	3820	48519	10.769
655	11	10872	17641	10.7337
655	12	16567	46386	10.7854
655	13	13	5928	10.7525
655	14	50256	34997	10.6782
656	5	5405	28692	10.7829
656	6	416	46834	10.7761
656	7	28472	19012	10.8138
656	8	803	10033	10.8558
656	9	340	41517	10.8265
656	10	351	5177	10.7092
656	11	1633	35208	10.7185
656	12	13	12508	10.9341
656	13	50256	5928	10.8132
657	5	4756	262	10.8804
657	6	832	19450	10.9931
657	7	543	17690	10.7309
657	8	1657	543	10.8235
657	9	14170	23147	10.8753
657	10	262	12809	10.971
657	11	18480	262	10.8806
657	12	1080	23719	10.8892
657	13	13	11938	10.8358
657	14	50256	34997	10.6783
658	5	4855	3992	10.8194
658	6	14510	19428	10.895
658	7	287	22037	10.763
658	8	6156	5302	10.86
658	9	6365	19788	10.6725
658	10	13	20945	10.834
658	11	50256	19179	10.8358
659	5	423	13793	10.9538
659	6	257	31732	10.7934
659	7	2060	257	10.6542
659	8	269	47623	10.8034
659	9	313	23719	10.831
659	10	88	15980	10.862
659	11	992	28337	10.9505
659	12	261	31579	10.7973
659	13	13	24947	10.758
659	14	50256	34997	10.6785
660	5	2280	17595	10.9326
660	6	393	40133	10.8997
660	7	15256	36613	10.8464
660	8	2280	49113	10.8558
660	9	618	46227	10.8094
660	10	484	618	10.9056
660	11	21721	23082	10.7505
660	12	13	8725	10.8752
660	13	50256	5928	10.8147
661	5	12	45708	10.6822
661	6	13982	23332	10.8518
661	7	21824	34284	10.7677
661	8	5421	34926	10.882
661	9	1978	23719	10.8806
661	10	656	42145	10.7718
661	11	3881	25317	10.8695
661	12	13	5196	10.8803
661	13	50256	5928	10.8142
662	5	46716	2827	10.8604
662	6	1805	11656	10.8699
662	7	262	9293	10.9009
662	8	517	262	10.901
662	9	19217	9039	10.8534
662	10	12098	16562	10.8183
662	11	11061	21273	10.8384
662	12	606	32960	10.8763
662	13	13	32436	10.7681
662	14	50256	34997	10.6788
663	5	37475	47702	10.7044
663	6	11	28089	10.7798
663	7	284	11	10.8588
663	8	5643	838	10.797
663	9	11	42734	10.8615
663	10	3664	11	10.7701
663	11	321	4936	10.8114
663	12	45070	16259	10.7776
663	13	11	15980	10.8741
663	14	290	9904	10.8183
663	15	23849	26596	10.7874
663	16	2339	25589	10.7754
663	17	1275	42734	10.7431
663	18	721	17701	10.9112
663	19	346	7135	10.7268
663	20	1547	41713	10.8172
663	21	13	2120	10.8323
663	22	50256	48519	10.7612
664	5	3624	46752	10.7748
664	6	5101	5105	10.773
664	7	284	38366	10.9639
664	8	7301	838	10.9928
664	9	290	34298	10.7249
664	10	5412	14295	10.8163
664	11	5563	4997	10.8198
664	12	13	38789	10.8955
664	13	50256	5928	10.8116
665	5	262	351	10.7611
665	6	10596	262	10.8416
665	7	10692	11270	10.6708
665	8	832	10692	10.8513
665	9	262	8862	10.7743
665	10	41407	262	10.9689
665	11	286	5692	10.8938
665	12	47403	8516	10.8793
665	13	13	15980	10.8363
665	14	50256	34997	10.6779
666	5	42096	2541	10.9025
666	6	379	30789	10.8236
666	7	262	22037	10.6818
666	8	18955	262	10.8421
666	9	393	34173	10.7584
666	10	22088	36613	10.765
666	11	291	18473	10.7656
666	12	1241	38789	10.6483
666	13	13	15980	10.8863
666	14	50256	34997	10.6786
667	5	5563	47702	10.7294
667	6	416	38490	10.8232
667	7	13157	19012	11.0188
667	8	517	42726	10.8897
667	9	1657	9039	10.8211
667	10	621	38976	10.8903
667	11	262	17265	10.7499
667	12	555	262	10.874
667	13	64	37483	10.699
667	14	1384	4055	10.8805
667	15	4151	32024	10.7302
667	16	13	46187	10.8297
667	17	50256	27259	10.689
668	5	284	23222	10.6813
668	6	8181	17820	10.8533
668	7	422	1295	10.7268
668	8	5509	42017	10.899
668	9	13737	24730	10.9223
668	10	13	17736	10.8273
668	11	50256	19179	10.8364
669	5	2753	27866	10.9135
669	6	1295	28760	10.6755
669	7	8384	1295	10.8515
669	8	319	838	10.8635
669	9	281	2873	10.8572
669	10	7022	35083	10.6489
669	11	13	17718	10.8461
669	12	50256	31221	10.8218
670	5	16524	6248	10.8627
670	6	13510	9047	10.7461
670	7	9210	21925	10.7472
670	8	326	838	10.8048
670	9	389	49085	10.9732
670	10	7425	389	10.9627
670	11	351	48213	10.7901
670	12	6428	23452	10.7874
670	13	5289	32436	10.8308
670	14	13	39795	10.7539
670	15	50256	569	10.7733
671	5	7596	23308	10.947
671	6	4791	17309	10.8025
671	7	591	18189	10.9383
671	8	7346	14496	10.7254
671	9	257	42734	10.8392
671	10	1327	25816	10.7465
671	11	8434	5692	10.9171
671	12	7582	19303	10.8408
671	13	13	7582	10.7239
671	14	50256	34997	10.6798
672	5	2291	25966	10.8601
672	6	24789	7135	10.938
672	7	47523	12508	10.9303
672	8	290	22598	10.8806
672	9	14186	23719	10.8357
672	10	6147	45510	10.8484
672	11	12835	15980	10.8459
672	12	13	23200	10.9381
672	13	50256	5928	10.8125
673	5	878	22545	10.8743
673	6	14342	25238	10.8506
673	7	1973	46699	10.9188
673	8	2031	42734	10.7337
673	9	13	23719	10.863
673	10	50256	37414	10.8317
674	5	1104	257	10.7774
674	6	966	24175	10.7011
674	7	1444	5584	10.8969
674	8	257	32275	10.8621
674	9	46246	37014	10.8855
674	10	6098	30194	10.7878
674	11	388	33969	10.8088
674	12	13	8408	10.9145
674	13	50256	5928	10.8125
675	5	656	20459	10.6416
675	6	262	11656	10.7514
675	7	1956	262	10.8276
675	8	24162	6497	10.8364
675	9	327	35566	10.8634
675	10	5126	22507	10.7685
675	11	666	48213	10.865
675	12	6896	48913	10.8018
675	13	13	27390	10.7402
675	14	50256	34997	10.6793
676	5	5399	262	10.8813
676	6	15921	34397	10.8261
676	7	286	15921	10.6443
676	8	867	27059	10.7278
676	9	12734	20537	10.7129
676	10	13	48519	10.8075
676	11	50256	19179	10.8378
677	5	2568	26617	10.8435
677	6	656	26341	10.8801
677	7	12370	46226	10.7887
677	8	6268	26672	10.7919
677	9	13	8862	10.899
677	10	50256	37414	10.8317
678	5	389	3528	10.8641
678	6	1043	389	10.8642
678	7	355	14040	10.8777
678	8	880	48519	10.7423
678	9	355	4936	10.8416
678	10	644	37414	10.8745
678	11	484	35322	10.6932
678	12	389	32498	10.9046
678	13	13	43740	10.7701
678	14	50256	34997	10.6799
679	5	287	48477	10.8256
679	6	262	24766	10.7636
679	7	4037	262	10.7069
679	8	4482	10430	10.896
679	9	286	43271	10.7877
679	10	27719	15677	10.8651
679	11	13	28337	10.9242
679	12	50256	31221	10.8219
680	5	3139	262	10.7921
680	6	286	21925	10.8644
680	7	21291	31747	10.7129
680	8	11	29735	10.9796
680	9	1029	23556	10.7996
680	10	287	21273	10.8574
680	11	262	44805	10.8376
680	12	843	262	10.7754
680	13	274	15980	10.7748
680	14	13	45804	10.7668
680	15	50256	569	10.7749
681	5	3139	38024	10.7857
681	6	11	21925	10.6649
681	7	290	11	10.7691
681	8	262	42726	10.5743
681	9	569	23719	10.8192
681	10	396	569	10.7859
681	11	4712	41159	11.0282
681	12	15623	4712	10.7704
681	13	832	24947	10.777
681	14	340	42654	10.7613
681	15	13	2403	10.7618
681	16	50256	32019	10.8631
682	5	13	12161	10.8561
682	6	50256	23387	10.797
683	5	7306	44457	10.7937
683	6	10349	7135	10.8042
683	7	2648	10684	10.8937
683	8	262	42876	10.6695
683	9	976	23719	10.9342
683	10	15004	48893	10.9221
683	11	3580	17265	10.8322
683	12	13	38789	10.8595
683	13	50256	5928	10.8123
684	5	1103	32126	10.8513
684	6	3146	46834	10.8794
684	7	318	3146	10.8208
684	8	3967	41048	10.7994
684	9	13	23719	10.8627
684	10	50256	37414	10.8337
685	5	1296	13271	10.8355
685	6	618	32436	10.9442
685	7	44030	38789	10.8433
685	8	2587	16431	10.7886
685	9	3608	39423	10.9757
685	10	82	23530	10.9426
685	11	290	29964	10.8486
685	12	4735	23719	10.8288
685	13	6945	29904	10.6166
685	14	13	6945	10.7204
685	15	50256	569	10.7738
686	5	5894	20776	10.8049
686	6	4771	34545	10.8537
686	7	2458	4771	10.8735
686	8	3264	42734	10.8454
686	9	422	16647	10.9706
686	10	4735	17736	10.8075
686	11	284	4936	10.8051
686	12	3623	8408	10.6795
686	13	13	12774	10.8856
686	14	50256	34997	10.679
687	5	5002	44457	10.8714
687	6	423	23332	10.7177
687	7	4961	8895	10.8725
687	8	386	20579	10.7026
687	9	1122	23719	10.7372
687	10	9853	12424	10.7491
687	11	475	30043	10.9968
687	12	1180	475	10.8445
687	13	49810	47293	10.9701
687	14	9853	29382	10.7903
687	15	13	29502	10.8227
687	16	50256	32019	10.8631
688	5	42407	30691	10.7915
688	6	469	36967	10.8841
688	7	318	820	10.8072
688	8	262	41048	10.8261
688	9	4318	23719	10.9528
688	10	2095	43762	10.8487
688	11	287	9905	10.7602
688	12	317	27250	10.7679
688	13	6786	37271	10.7143
688	14	5074	6786	10.8017
688	15	13	37747	10.764
688	16	50256	5801	10.8629
689	5	925	2870	10.7716
689	6	7525	25816	10.756
689	7	286	31470	10.7285
689	8	6383	27059	10.9905
689	9	50006	46090	10.9042
689	10	2138	2998	10.8165
689	11	621	36749	10.7591
689	12	9970	42783	10.8296
689	13	13	8240	10.8695
689	14	50256	34997	10.679
690	5	26600	3528	10.8792
690	6	663	42056	10.7865
690	7	16704	36115	10.8554
690	8	11348	11398	10.7638
690	9	1108	42734	10.7431
690	10	13	38330	10.7937
690	11	50256	19179	10.8346
691	5	1748	17260	10.8286
691	6	286	1748	10.9701
691	7	8602	31747	10.7547
691	8	11	21454	10.8261
691	9	319	23556	10.8402
691	10	262	5136	10.8735
691	11	314	262	10.9498
691	12	527	39689	10.9845
691	13	666	29904	10.7575
691	14	24078	41856	10.8482
691	15	13	48649	10.7977
691	16	50256	5801	10.8635
692	5	319	16621	10.8656
692	6	49812	8895	10.7268
692	7	2340	38296	10.9372
692	8	290	16747	10.8915
692	9	584	23719	10.7649
692	10	1402	584	10.9137
692	11	19435	36849	10.866
692	12	13	23719	10.8683
692	13	50256	5928	10.8134
693	5	1022	20185	10.8162
693	6	7686	38639	10.8243
693	7	13	32436	10.8138
693	8	50256	42795	10.7962
694	5	11	10721	10.7281
694	6	318	11	10.8245
694	7	262	41010	10.926
694	8	2260	262	10.7472
694	9	3139	23719	10.8865
694	10	286	45804	10.7639
694	11	4505	19179	10.7839
694	12	13	18624	10.8211
694	13	50256	5928	10.8133
695	5	2024	48913	10.7256
695	6	460	12145	10.8555
695	7	307	33285	10.8177
695	8	2087	838	10.7577
695	9	416	42734	10.7575
695	10	4375	2769	10.7861
695	11	511	25317	10.6954
695	12	5470	19078	10.7379
695	13	2024	5584	10.8347
695	14	13	27977	10.8412
695	15	50256	569	10.776
696	5	262	2870	10.8404
696	6	25861	262	10.8801
696	7	2779	39052	10.8761
696	8	4326	7569	10.7377
696	9	329	8862	10.9061
696	10	21969	35619	10.8125
696	11	34743	5692	10.7674
696	12	5951	41097	10.8203
696	13	13	37483	10.7821
696	14	50256	34997	10.6798
697	5	14729	1115	10.8539
697	6	286	34643	10.8526
697	7	7405	31747	10.9487
697	8	13	42690	10.8643
697	9	50256	34676	10.8333
698	5	262	389	10.6447
698	6	2685	262	10.8138
698	7	8573	23942	10.7905
698	8	810	18286	10.7213
698	9	5205	28337	10.7791
698	10	44411	28700	10.9087
698	11	8833	32338	10.7742
698	12	287	42578	10.7631
698	13	4077	2809	10.8687
698	14	6134	43740	10.7588
698	15	13	4746	10.8071
698	16	50256	32019	10.8618
699	5	8850	41010	10.8705
699	6	1633	32377	10.8464
699	7	10874	31747	11.0396
699	8	8384	13678	10.9378
699	9	286	37014	10.8109
699	10	17745	15677	10.8127
699	11	7268	30043	10.9038
699	12	734	18624	10.8938
699	13	11863	8938	10.8659
699	14	23235	11863	10.7552
699	15	13	7117	10.7512
699	16	50256	5801	10.8622
700	5	416	29513	10.8201
700	6	1633	36192	10.7805
700	7	11581	31747	10.8837
700	8	8902	27059	10.8402
700	9	706	23719	10.8291
700	10	14357	42145	10.8951
700	11	37876	38455	10.6492
700	12	340	39727	10.7977
700	13	13	29904	10.7569
700	14	50256	34997	10.6805
701	5	13522	40569	10.797
701	6	11	38455	10.7922
701	7	257	11	10.7953
701	8	2829	49551	10.7478
701	9	44017	2829	10.8886
701	10	14452	38455	10.6837
701	11	26728	14452	10.9087
701	12	517	29218	10.7269
701	13	6364	37566	10.9276
701	14	618	25335	10.6928
701	15	663	618	10.7266
701	16	4129	37717	10.8269
701	17	318	11056	10.858
701	18	3220	46022	10.8056
701	19	13	30708	10.8507
701	20	50256	45893	10.766
702	5	1785	38024	10.9304
702	6	17810	1785	10.9406
702	7	11	20579	10.7895
702	8	1657	17690	10.8546
702	9	2314	23147	10.9583
702	10	6654	23222	10.8575
702	11	284	28760	10.7396
702	12	12899	8408	10.8854
702	13	17984	7686	10.7353
702	14	13	33388	10.8478
702	15	50256	569	10.7738
703	5	287	14046	10.7188
703	6	262	24766	10.7595
703	7	614	262	10.8062
703	8	1478	29939	10.8701
703	9	4310	19396	10.8204
703	10	13	42734	10.8659
703	11	50256	19179	10.8337
704	5	281	42168	10.8485
704	6	12278	9830	10.9584
704	7	6737	11952	10.8353
704	8	13	32275	10.8642
704	9	50256	34676	10.8316
705	5	5166	257	10.7985
705	6	286	5555	10.8834
705	7	302	31747	10.6293
705	8	5379	779	10.858
705	9	326	29513	10.8663
705	10	12611	34643	10.7004
705	11	378	39386	10.8498
705	12	1028	34590	10.7415
705	13	1123	1028	10.8187
705	14	584	7531	10.878
705	15	13	14059	10.8438
705	16	50256	32019	10.8608
706	5	284	30163	10.7523
706	6	1037	17820	10.8561
706	7	17276	45804	10.756
706	8	8574	1028	10.8126
706	9	12784	49085	10.5979
706	10	13	29513	10.8795
706	11	50256	19179	10.8353
707	5	1205	47702	10.8907
707	6	1231	16575	10.9272
707	7	15345	17396	10.8369
707	8	11904	32275	10.7833
707	9	13	20537	10.9236
707	10	50256	37414	10.8323
708	5	262	20776	10.9026
708	6	44345	262	10.7474
708	7	8813	2120	10.7984
708	8	268	17077	10.7108
708	9	1904	32636	10.8531
708	10	21767	31475	10.8112
708	11	262	5692	11.0098
708	12	2160	262	10.8768
708	13	286	47478	10.7937
708	14	262	33031	10.9716
708	15	24438	262	10.8843
708	16	286	33140	10.7822
708	17	262	43798	10.8947
708	18	584	262	10.8639
708	19	734	26341	10.8516
708	20	5389	33270	10.8105
708	21	13	13530	10.7011
708	22	50256	48519	10.7595
709	5	32202	257	10.7074
709	6	1276	8542	10.8959
709	7	14999	22037	10.8678
709	8	663	4146	10.7046
709	9	20831	26331	10.8408
709	10	409	7117	10.8392
709	11	418	4936	10.9742
709	12	38800	9193	10.7057
709	13	13	7686	10.8061
709	14	50256	34997	10.679
710	5	4279	257	10.8979
710	6	393	27866	10.799
710	7	2393	36613	10.8983
710	8	287	16129	10.9217
710	9	19780	46699	10.8852
710	10	13	13530	10.7379
710	11	50256	19179	10.8365
711	5	1245	39797	10.8636
711	6	286	38455	10.9023
711	7	257	31747	10.8794
711	8	2700	48642	11.015
711	9	546	14733	10.9323
711	10	281	38133	10.9303
711	11	16488	38056	10.7958
711	12	13	35385	10.9666
711	13	50256	5928	10.812
712	5	1588	32126	10.8271
712	6	9824	24920	10.8885
712	7	319	13793	10.7632
712	8	262	15454	10.7297
712	9	10326	23719	10.9402
712	10	4417	42145	10.8454
712	11	287	19179	10.9181
712	12	25768	27250	10.8118
712	13	13	27707	10.8192
712	14	50256	34997	10.6791
713	5	6869	262	10.8957
713	6	338	33140	10.7895
713	7	4252	36079	10.8396
713	8	18250	42690	10.8076
713	9	33169	23719	10.847
713	10	6698	28188	10.7973
713	11	4632	47814	10.8328
713	12	1497	17861	10.8301
713	13	422	24947	10.8913
713	14	3668	9904	10.8116
713	15	13	3073	10.7417
713	16	50256	32019	10.8618
714	5	779	28692	10.9906
714	6	16396	779	10.8159
714	7	5405	28505	10.8044
714	8	284	25038	10.7782
714	9	1296	40354	10.8949
714	10	9824	30190	10.779
714	11	393	33828	10.7974
714	12	5986	29218	10.7414
714	13	13	32436	10.7962
714	14	50256	34997	10.6786
715	5	2458	47702	10.9199
715	6	262	31767	10.8334
715	7	4129	262	10.878
715	8	286	40355	10.7747
715	9	262	46699	10.8487
715	10	8875	262	10.7422
715	11	338	4997	10.8741
715	12	1633	18427	10.8679
715	13	3108	29904	10.8376
715	14	13	26324	10.7782
715	15	50256	569	10.7739
716	5	287	30163	10.8952
716	6	13066	24766	10.7845
716	7	1088	12508	10.9892
716	8	262	50146	10.8198
716	9	3825	23719	10.9693
716	10	13	14571	10.8256
716	11	50256	19179	10.836
717	5	47786	21933	10.7289
717	6	262	20797	10.6985
717	7	3356	262	10.7365
717	8	286	3356	10.7463
717	9	5186	46699	10.8538
717	10	3877	20689	10.8135
717	11	832	5692	10.8901
717	12	663	4057	10.7497
717	13	11963	26672	10.9447
717	14	13	39795	10.8068
717	15	50256	569	10.7733
718	5	4483	8	10.8051
718	6	2057	41159	10.7425
718	7	422	25967	10.8657
718	8	1111	42017	10.8226
718	9	6134	1111	10.8307
718	10	290	36364	10.9179
718	11	4695	1785	10.8588
718	12	13	28123	10.8542
718	13	50256	5928	10.8134
719	5	6268	17616	10.9215
719	6	832	7849	10.9007
719	7	18842	17690	10.8946
719	8	722	49551	10.8432
719	9	9941	23719	10.7466
719	10	13	17736	10.7905
719	11	50256	19179	10.8355
720	5	3668	38198	10.9237
720	6	338	26442	10.8052
720	7	4417	36079	10.883
720	8	318	48519	10.8534
720	9	1444	4936	10.7592
720	10	2153	38789	10.8953
720	11	2611	23826	10.7893
720	12	13	44344	10.9413
720	13	50256	5928	10.8121
721	5	262	38198	10.7393
721	6	976	262	10.8909
721	7	1688	48893	10.8191
721	8	5044	42726	10.7135
721	9	1448	23719	10.9282
721	10	355	499	10.7856
721	11	5417	19179	10.8204
721	12	281	45649	10.7523
721	13	368	9830	10.8792
721	14	1952	43740	11.01
721	15	13	20797	10.8327
721	16	50256	5801	10.8613
722	5	656	2870	10.7315
722	6	12278	11656	10.8576
722	7	2568	11952	10.8177
722	8	13	11398	10.8432
722	9	50256	34676	10.8309
723	5	2219	262	10.7741
723	6	1438	25341	10.7917
723	7	329	39167	10.7943
723	8	21072	32718	10.7375
723	9	275	17265	10.9643
723	10	291	25126	10.8495
723	11	42084	35322	10.7947
723	12	378	31221	10.7136
723	13	13	32436	10.7875
723	14	50256	34997	10.6793
724	5	9377	257	10.8546
724	6	1271	23729	10.815
724	7	13	13793	10.8043
724	8	50256	42795	10.7948
725	5	19780	19987	10.8169
725	6	983	9629	10.8089
725	7	351	45804	10.6915
725	8	27913	48519	10.7583
725	9	5207	4216	10.8124
725	10	13	45851	10.8211
725	11	50256	19179	10.8358
726	5	286	47702	10.9404
726	6	16490	27946	10.9696
726	7	287	27533	10.9075
726	8	22197	5302	10.629
726	9	338	42001	10.8183
726	10	13574	7746	10.8325
726	11	13	44598	10.856
726	12	50256	31221	10.8227
727	5	878	41517	10.7213
727	6	340	25238	10.8871
727	7	5667	27699	10.7439
727	8	262	2120	10.7634
727	9	1767	23719	10.866
727	10	13	4035	10.7939
727	11	50256	19179	10.8369
728	5	36324	41010	10.8397
728	6	389	25816	10.7479
728	7	925	389	10.6778
728	8	422	12768	10.7201
728	9	35988	2778	10.6717
728	10	2266	27708	10.9008
728	11	32085	39026	10.8671
728	12	39642	9368	10.8289
728	13	13	30498	10.7521
728	14	50256	34997	10.6787
729	5	1862	389	10.8447
729	6	20611	4106	10.7786
729	7	34262	26192	10.9176
729	8	878	27059	10.7827
729	9	484	27641	10.7976
729	10	3938	48169	10.8583
729	11	4292	28337	10.9488
729	12	13	22851	10.9192
729	13	50256	5928	10.8111
730	5	10874	34305	10.9703
730	6	286	7135	10.9687
730	7	867	31747	10.685
730	8	5100	20579	10.8491
730	9	17894	17265	10.7159
730	10	13	13530	10.746
730	11	50256	19179	10.837
731	5	1690	15991	10.7165
731	6	18782	13003	10.8577
731	7	5609	3572	10.9081
731	8	1657	14708	10.9101
731	9	290	23147	10.7197
731	10	10908	14295	10.9381
731	11	8188	5692	10.8481
731	12	13	30592	10.8783
731	13	50256	5928	10.8126
732	5	663	32358	10.9669
732	6	1957	26442	10.7848
732	7	636	37121	10.8215
732	8	290	33599	10.7692
732	9	7386	23719	10.8756
732	10	351	39337	10.7605
732	11	281	35208	10.9101
732	12	379	47618	10.7283
732	13	1051	29827	10.9321
732	14	13	27977	10.8669
732	15	50256	569	10.7716
733	5	284	28692	10.7684
733	6	5951	17820	10.8374
733	7	284	37121	10.7794
733	8	1037	838	10.6818
733	9	16697	11056	10.9007
733	10	16930	26006	10.889
733	11	393	34545	10.8419
733	12	15134	29218	10.8745
733	13	13	15980	10.8399
733	14	50256	34997	10.6784
734	5	878	20996	10.8332
734	6	8978	25238	10.9552
734	7	262	45804	10.7362
734	8	19517	262	10.8672
734	9	6896	19517	10.8981
734	10	13	13530	10.7703
734	11	50256	19179	10.8339
735	5	5400	9904	10.7741
735	6	287	25816	10.9168
735	7	11711	27250	10.9778
735	8	3833	11711	10.8609
735	9	1088	29513	10.705
735	10	281	28700	10.8937
735	11	37970	38056	10.8073
735	12	2134	38789	10.8636
735	13	13	32436	10.7981
735	14	50256	34997	10.6786
736	5	5253	47403	10.7591
736	6	2138	12774	10.7844
736	7	621	45649	10.9065
736	8	257	22598	10.9794
736	9	9478	37014	10.8231
736	10	286	34619	10.6891
736	11	640	19179	10.7444
736	12	13	29218	10.9452
736	13	50256	5928	10.8121
737	5	4695	389	10.7234
737	6	11	23729	10.6616
737	7	772	11	10.804
737	8	996	26672	10.8467
737	9	867	8862	10.7555
737	10	22464	36613	10.843
737	11	7009	24788	10.834
737	12	12734	12508	10.7224
737	13	13	29904	10.783
737	14	50256	34997	10.6791
738	5	257	2827	10.8264
738	6	3992	257	10.6843
738	7	2443	3992	10.8434
738	8	815	5938	10.9747
738	9	307	8964	10.7162
738	10	5545	36613	10.8321
738	11	13	16134	10.826
738	12	50256	31221	10.8203
739	5	13066	33808	10.8622
739	6	23537	28564	10.7145
739	7	422	23537	10.8106
739	8	262	42017	10.8352
739	9	3825	23719	10.9685
739	10	13	14571	10.8255
739	11	50256	19179	10.836
740	5	76	45285	10.8078
740	6	8592	24616	10.8533
740	7	11	37121	10.7719
740	8	340	17690	10.8833
740	9	5419	32636	10.9556
740	10	3197	2769	10.8196
740	11	1633	28760	10.8189
740	12	656	12508	10.8949
740	13	262	24947	10.8609
740	14	21726	262	10.7579
740	15	13	38330	10.7479
740	16	50256	32019	10.8634
741	5	431	12161	10.8794
741	6	260	37251	10.7366
741	7	355	27475	10.8786
741	8	663	48519	10.7643
741	9	25861	26331	10.8651
741	10	2779	45851	10.8518
741	11	4326	35322	10.6603
741	12	13	15003	10.9282
741	13	50256	5928	10.8123
742	5	318	39083	10.8106
742	6	257	38830	10.7278
742	7	20838	257	10.8196
742	8	12505	12768	10.889
742	9	3716	16031	10.7866
742	10	319	2951	10.8171
742	11	262	35322	10.8861
742	12	28259	262	10.9628
742	13	7022	5928	10.9298
742	14	286	34975	10.817
742	15	7349	9432	10.776
742	16	13	12706	10.7454
742	17	50256	27259	10.6885
743	5	17777	19987	10.7165
743	6	274	33576	10.8237
743	7	1138	13793	11.0206
743	8	37670	45078	10.8493
743	9	1042	2282	10.8388
743	10	13	13530	10.737
743	11	50256	19179	10.8352
744	5	3218	12161	10.7503
744	6	37783	47623	10.9369
744	7	326	15736	10.9191
744	8	17245	27059	10.846
744	9	779	37014	10.943
744	10	284	779	10.7401
744	11	3357	39026	10.8748
744	12	10576	41165	10.696
744	13	13	3294	10.8422
744	14	50256	34997	10.6774
745	5	618	18898	10.7396
745	6	4683	618	10.793
745	7	12586	48560	10.823
745	8	1487	13457	10.855
745	9	739	16064	10.8818
745	10	4894	739	10.9262
745	11	290	39026	10.9752
745	12	3833	23719	10.8343
745	13	1231	32436	10.8431
745	14	3190	43740	10.7349
745	15	24203	40603	10.8286
745	16	13	38455	10.7906
745	17	50256	27259	10.6891
746	5	572	17796	10.8537
746	6	5478	572	10.8825
746	7	338	4382	10.7723
746	8	35618	15454	10.9083
746	9	7051	2873	10.8203
746	10	13	12854	10.7493
746	11	50256	19179	10.8352
747	5	8506	14391	10.807
747	6	12201	5105	10.8885
747	7	636	45649	10.7861
747	8	286	33599	10.8939
747	9	281	46699	10.8719
747	10	317	35083	10.7154
747	11	11693	30348	10.7982
747	12	8952	44709	10.8631
747	13	312	21793	10.9178
747	14	22035	35469	10.9498
747	15	39490	21137	10.8075
747	16	3641	12102	10.8489
747	17	13	42734	10.8106
747	18	50256	28799	10.7416
748	5	645	14452	10.8946
748	6	24012	6874	10.7858
748	7	6143	13214	10.7793
748	8	458	26245	10.8065
748	9	34387	24730	10.776
748	10	13	37194	10.775
748	11	50256	19179	10.8342
749	5	7667	389	10.7481
749	6	8701	5304	10.8443
749	7	4447	38366	10.8432
749	8	1043	17293	10.8674
749	9	8384	11056	10.7921
749	10	287	37877	10.8003
749	11	16519	44805	10.7929
749	12	290	12704	10.7699
749	13	36421	20754	10.8758
749	14	13	35469	10.8091
749	15	50256	569	10.7724
750	5	3473	8	10.8025
750	6	286	42442	10.9411
750	7	517	31747	10.8298
750	8	621	26331	10.7781
750	9	530	23116	10.892
750	10	34371	50097	10.8159
750	11	2438	28760	10.6824
750	12	966	32532	10.8565
750	13	13	32436	10.7541
750	14	50256	34997	10.6793
751	5	5640	34468	10.7892
751	6	257	2850	10.6667
751	7	15554	257	10.7957
751	8	9030	29552	10.6836
751	9	284	23719	10.8269
751	10	5587	19508	10.8841
751	11	13042	9095	10.7604
751	12	13	32131	10.937
751	13	50256	5928	10.81
752	5	286	43774	10.9243
752	6	26742	27946	10.8787
752	7	1626	23374	10.7638
752	8	257	12768	10.8082
752	9	3704	37014	10.8906
752	10	286	41982	10.755
752	11	4898	19179	10.8988
752	12	13	7991	10.8464
752	13	50256	5928	10.8114
753	5	24603	257	10.7642
753	6	5440	24603	10.7282
753	7	5140	23719	10.9219
753	8	287	235	11.0061
753	9	262	46699	10.7267
753	10	1388	262	10.7944
753	11	27460	5692	10.7772
753	12	10999	19388	10.8101
753	13	13	32436	10.783
753	14	50256	34997	10.6783
754	5	1657	29964	10.769
754	6	656	27475	10.7701
754	7	7577	46226	10.8538
754	8	780	42726	10.87
754	9	1180	23719	10.681
754	10	45656	49895	10.9404
754	11	1006	28760	10.8752
754	12	974	29218	10.7368
754	13	416	15980	10.7669
754	14	1180	21474	10.8881
754	15	6867	37263	10.8208
754	16	13	6867	10.7791
754	17	50256	27259	10.6901
755	5	2785	37263	10.9125
755	6	2568	2785	10.7803
755	7	13	16977	10.8325
755	8	50256	42795	10.7962
756	5	14568	20962	10.7749
756	6	351	14568	10.793
756	7	1180	27708	10.7548
756	8	5951	48519	10.8276
756	9	393	19396	10.7158
756	10	20160	36613	10.6759
756	11	9695	26595	10.8691
756	12	13	12508	10.8607
756	13	50256	5928	10.8142
757	5	262	31373	10.8436
757	6	31877	262	10.862
757	7	23648	49038	10.9415
757	8	559	838	10.7897
757	9	422	23719	10.9375
757	10	262	17736	10.9895
757	11	3942	262	10.9189
757	12	850	44432	10.8069
757	13	3642	8137	10.7137
757	14	7233	3642	10.7939
757	15	13	34522	10.8846
757	16	50256	5801	10.8601
758	5	7408	351	10.8225
758	6	290	9629	10.797
758	7	34616	14295	10.8668
758	8	29120	3330	10.8435
758	9	13	5407	10.8779
758	10	50256	37414	10.8337
759	5	389	17396	10.7191
759	6	14921	389	10.7909
759	7	656	31747	10.8326
759	8	20144	41764	10.8534
759	9	290	30549	10.7236
759	10	13439	14295	10.9292
759	11	13	39026	10.9112
759	12	50256	31221	10.8212
760	5	318	24861	10.8562
760	6	262	38830	10.9408
760	7	3139	262	10.7341
760	8	286	29735	10.8185
760	9	17333	46699	10.7396
760	10	11	18282	10.8975
760	11	281	45510	10.8508
760	12	7022	47618	10.6536
760	13	1499	29479	10.7665
760	14	13	27977	10.7958
760	15	50256	569	10.773
761	5	17008	11687	10.7912
761	6	8811	46834	10.8001
761	7	925	8811	10.902
761	8	1262	12768	10.9424
761	9	17797	2949	10.8707
761	10	44749	37877	10.975
761	11	13	5461	10.902
761	12	50256	31221	10.8192
762	5	1962	13395	10.7132
762	6	1142	37263	10.806
762	7	3970	10684	10.7554
762	8	287	10862	10.925
762	9	2882	46699	10.9614
762	10	284	12305	10.6984
762	11	262	39026	10.8426
762	12	13471	262	10.9032
762	13	286	24947	10.8466
762	14	257	33031	10.9784
762	15	7897	21137	10.8133
762	16	3240	37754	10.8184
762	17	13	20749	10.7965
762	18	50256	28799	10.7394
763	5	26371	262	10.8474
763	6	2100	28975	10.8449
763	7	3800	48560	10.8541
763	8	286	838	10.8831
763	9	257	46699	10.8763
763	10	35113	25816	10.7928
763	11	393	37251	10.8991
763	12	44400	29218	10.8857
763	13	13	37483	10.7974
763	14	50256	34997	10.6784
764	5	1978	43974	10.8107
764	6	287	23222	10.9175
764	7	257	27250	10.8471
764	8	2266	48642	10.8429
764	9	1140	48259	10.803
764	10	6317	33528	10.8227
764	11	13	5026	10.9253
764	12	50256	31221	10.8208
765	5	511	28089	10.7722
765	6	5667	511	10.7752
765	7	1141	24447	10.9324
765	8	257	16532	10.8589
765	9	3218	37014	10.5861
765	10	21819	34619	10.7725
765	11	6772	18473	10.7731
765	12	13	42578	10.938
765	13	50256	5928	10.8119
766	5	23638	38789	10.8329
766	6	373	21857	10.7647
766	7	3170	32019	10.9588
766	8	329	37470	10.9314
766	9	262	48327	10.8002
766	10	872	262	10.8619
766	11	33766	29198	10.8238
766	12	5311	8135	10.8267
766	13	3046	3987	10.7839
766	14	84	19612	10.7994
766	15	13	36517	10.7908
766	16	50256	32019	10.8602
767	5	8833	26819	10.8295
767	6	287	33051	10.8863
767	7	262	27250	10.7848
767	8	1402	262	10.955
767	9	45426	7849	10.6718
767	10	13	45426	10.8041
767	11	50256	19179	10.8347
768	5	281	2827	10.8305
768	6	21670	9830	10.9756
768	7	28287	46725	10.8039
768	8	389	4712	10.9137
768	9	9518	17396	10.7869
768	10	5667	45804	10.8628
768	11	13	33828	10.863
768	12	50256	48593	10.8216
769	5	8573	16621	10.8036
769	6	286	47700	10.796
769	7	48573	31747	10.899
769	8	6134	16575	10.8271
769	9	13	30549	10.9123
769	10	50256	37414	10.8337
770	5	16613	29497	10.8785
770	6	1626	38455	10.8761
770	7	262	36115	10.842
770	8	1692	262	10.7847
770	9	7721	23719	10.7856
770	10	13	21703	10.8551
770	11	50256	19179	10.8354
771	5	24927	262	10.8018
771	6	399	37754	10.7376
771	7	2306	21925	10.7452
771	8	35815	235	10.8236
771	9	287	2873	10.8942
771	10	22381	41010	10.7549
771	11	39255	17265	10.8581
771	12	1004	26245	10.8294
771	13	6120	24947	10.8984
771	14	4698	39083	10.6347
771	15	262	36517	10.8225
771	16	32306	262	10.8778
771	17	13	14496	10.805
771	18	50256	28799	10.7415
772	5	1657	257	10.7726
772	6	26842	27475	10.9728
772	7	618	26842	10.8566
772	8	340	618	10.7914
772	9	14170	32636	10.8859
772	10	257	12809	10.6881
772	11	1180	31767	10.835
772	12	13245	42578	10.7799
772	13	2587	18898	10.9785
772	14	379	39083	10.778
772	15	281	21137	10.8488
772	16	9848	38270	10.824
772	17	13	45710	10.8691
772	18	50256	28799	10.7389
773	5	351	29964	10.6772
773	6	663	351	10.9199
773	7	16488	36115	10.8522
773	8	37229	658	10.8521
773	9	2048	32044	10.9384
773	10	656	49263	10.826
773	11	262	25317	10.8261
773	12	6614	262	10.9642
773	13	286	9830	10.836
773	14	663	33031	10.7271
773	15	13066	14877	10.884
773	16	13	13327	10.87
773	17	50256	27259	10.6888
774	5	286	36619	10.9176
774	6	14159	27946	10.7615
774	7	287	46526	10.7183
774	8	262	5302	10.6794
774	9	18020	23719	11.1108
774	10	6896	18020	10.7965
774	11	13	4997	10.8416
774	12	50256	31221	10.8218
775	5	3210	257	10.6792
775	6	4141	49447	10.8715
775	7	12	20579	10.8598
775	8	2385	17555	10.8718
775	9	863	23719	10.7804
775	10	6203	28700	10.731
775	11	468	50106	10.8668
775	12	15334	27250	10.8741
775	13	12	30169	10.6386
775	14	11545	36517	10.8897
775	15	4116	40515	10.8608
775	16	13	26452	10.7455
775	17	50256	27259	10.6879
776	5	318	681	10.8347
776	6	262	38830	10.9455
776	7	640	262	10.8282
776	8	2672	9639	10.812
776	9	329	11341	10.9564
776	10	2063	35619	10.8051
776	11	286	17265	10.8287
776	12	257	8516	10.8751
776	13	1588	32436	10.7792
776	14	3265	15469	10.7813
776	15	286	18598	10.7325
776	16	10411	15677	10.7897
776	17	21354	27259	10.8516
776	18	17751	29474	10.7762
776	19	72	22976	10.7912
776	20	284	48924	10.8047
776	21	22119	17820	10.8501
776	22	319	31401	10.8559
776	23	2811	18362	10.8558
776	24	13	1186	10.8861
776	25	50256	538	10.8371
777	5	832	47976	10.8037
777	6	881	45510	10.7574
777	7	286	16595	10.6991
777	8	262	27059	10.8395
777	9	13009	23719	10.6385
777	10	22329	13009	10.7505
777	11	13	21857	10.7875
777	12	50256	31221	10.8231
778	5	37546	257	10.7765
778	6	1767	820	10.8447
778	7	284	23992	10.8028
778	8	257	838	10.914
778	9	38427	37014	10.7823
778	10	1767	27866	10.8009
778	11	13	6370	10.8626
778	12	50256	31221	10.8216
779	5	10017	39091	10.8817
779	6	351	15684	10.8886
779	7	37414	27708	10.6027
779	8	326	37414	10.7763
779	9	5419	49085	11.0082
779	10	4180	2769	10.9875
779	11	11192	5692	10.807
779	12	576	38789	10.8303
779	13	3386	19179	10.7726
779	14	13	34706	10.8045
779	15	50256	569	10.7734
780	5	422	25039	10.9413
780	6	2587	9904	10.881
780	7	6427	12508	10.7099
780	8	832	19381	10.7717
780	9	340	8862	10.811
780	10	13	5177	10.7333
780	11	50256	19179	10.8371
781	5	16882	20776	10.8906
781	6	318	3324	10.9639
781	7	11172	41010	10.6863
781	8	422	49026	10.8088
781	9	4376	2778	10.8402
781	10	16649	37781	10.841
781	11	4291	5692	10.7847
781	12	3348	4291	10.8222
781	13	13	29904	10.7652
781	14	50256	34997	10.6794
782	5	290	26343	10.8527
782	6	2962	7849	10.8051
782	7	1657	36613	10.8034
782	8	351	12795	10.8268
782	9	26929	8862	10.77
782	10	22353	12424	10.7838
782	11	13	16134	10.8691
782	12	50256	31221	10.8238
783	5	257	2827	10.8239
783	6	3992	257	10.6843
783	7	3188	3992	10.6962
783	8	1262	26672	10.8518
783	9	41485	2949	11.0089
783	10	13	41856	10.7978
783	11	50256	19179	10.8331
784	5	8850	20776	10.8598
784	6	5931	32377	10.7965
784	7	12737	43505	10.8186
784	8	45075	38721	10.8304
784	9	2472	8862	10.7153
784	10	2347	2472	10.9097
784	11	284	5026	10.7339
784	12	281	8408	10.7998
784	13	6275	9830	10.9648
784	14	40874	43740	10.7911
784	15	13	7178	10.7186
784	16	50256	32019	10.8623
785	5	5563	28089	10.7434
785	6	257	38490	10.7598
785	7	5405	257	10.7969
785	8	88	25038	10.7964
785	9	4417	40936	10.8136
785	10	706	48519	10.8014
785	11	9645	49663	10.8779
785	12	13	35469	10.8772
785	13	50256	5928	10.8111
786	5	1103	257	10.7637
786	6	1271	46834	10.8439
786	7	5260	13793	10.8129
786	8	663	14877	10.6092
786	9	5253	26331	10.8601
786	10	422	17736	10.7405
786	11	6632	10222	10.8152
786	12	13	18624	10.908
786	13	50256	5928	10.8113
787	5	5679	45804	10.7667
787	6	257	30498	10.7076
787	7	7002	257	10.8722
787	8	832	22598	10.8518
787	9	5783	8862	10.8192
787	10	11	17701	10.6889
787	11	49893	45510	10.7648
787	12	2870	44709	10.6539
787	13	11	2870	10.8773
787	14	290	9904	10.8189
787	15	20494	26596	10.7774
787	16	13	20494	10.7952
787	17	50256	27259	10.6899
788	5	422	32126	10.7556
788	6	262	9904	10.9337
788	7	14707	262	10.7311
788	8	4755	42726	10.7554
788	9	286	23719	10.739
788	10	257	15677	10.9556
788	11	4858	31767	10.7899
788	12	3491	23719	10.9044
788	13	13	24947	10.8271
788	14	50256	34997	10.6786
789	5	318	9277	10.9459
789	6	7685	38830	10.9041
789	7	3194	12102	10.7389
789	8	281	12706	10.8366
789	9	19318	30572	10.7947
789	10	1015	40086	10.8011
789	11	2029	1015	10.8346
789	12	663	35469	10.6893
789	13	22655	26672	10.842
789	14	7078	12435	10.7784
789	15	13	21137	10.7746
789	16	50256	32019	10.8609
790	5	48862	257	10.978
790	6	485	18253	10.8716
790	7	272	23374	10.8757
790	8	6614	42726	10.9283
790	9	1239	11550	10.7522
790	10	36177	42734	10.6584
790	11	13	44435	10.8353
790	12	50256	31221	10.8211
791	5	5822	257	10.8288
791	6	286	5822	10.8566
791	7	6156	31747	10.8644
791	8	25942	29834	10.7981
791	9	261	8862	10.7978
791	10	13	261	10.7667
791	11	50256	19179	10.8349
792	5	6203	46752	10.8319
792	6	1262	22983	10.8246
792	7	18018	27162	10.7967
792	8	326	17286	10.8299
792	9	8181	49085	10.9597
792	10	422	1295	10.7984
792	11	4025	10222	10.8343
792	12	6493	43708	10.7672
792	13	18018	46667	10.8693
792	14	13	11241	10.8699
792	15	50256	569	10.7727
793	5	787	47702	10.8666
793	6	510	9629	10.8518
793	7	262	45804	10.813
793	8	4318	262	10.9394
793	9	10927	7434	10.6666
793	10	1080	4035	10.8787
793	11	13	16134	10.8865
793	12	50256	31221	10.8224
794	5	262	2827	10.8634
794	6	7446	262	10.7939
794	7	287	45804	10.7843
794	8	257	5302	10.9678
794	9	7226	37014	10.8554
794	10	5044	26596	10.8352
794	11	2685	39386	10.804
794	12	13	38789	10.9172
794	13	50256	5928	10.8123
795	5	3623	257	10.7595
795	6	2458	16570	10.9052
795	7	656	23992	10.8424
795	8	257	41764	10.9294
795	9	8122	37014	10.7452
795	10	13	26106	10.7806
795	11	50256	19179	10.8334
796	5	45636	41010	10.7884
796	6	15027	511	10.9943
796	7	318	45804	10.8553
796	8	284	41048	10.8472
796	9	25432	40354	10.7299
796	10	5207	16031	10.7982
796	11	656	32714	10.7527
796	12	257	8408	10.808
796	13	1844	32436	10.7786
796	14	4286	40690	10.9055
796	15	393	12841	10.9763
796	16	5485	9274	10.8868
796	17	13	46021	10.9025
796	18	50256	28799	10.7405
797	5	625	9387	10.8147
797	6	281	9629	10.775
797	7	1989	47618	10.7272
797	8	13	838	10.8805
797	9	50256	34676	10.8325
798	5	318	14046	10.7625
798	6	783	38830	10.751
798	7	1900	39052	10.7994
798	8	355	20579	10.7531
798	9	25299	4936	10.7995
798	10	13	39872	10.8155
798	11	50256	19179	10.8349
799	5	7679	49038	10.8394
799	6	42909	7679	10.9392
799	7	881	48893	10.8218
799	8	286	881	10.8043
799	9	262	46699	10.8458
799	10	3825	262	11.0055
799	11	338	5692	10.8617
799	12	13568	18427	10.7984
799	13	49961	31421	10.8056
799	14	11881	27837	10.7373
799	15	13	36517	10.7566
799	16	50256	5801	10.8616
800	5	307	8	10.9246
800	6	9086	19374	10.8592
800	7	656	41470	10.7832
800	8	2237	41764	10.878
800	9	1602	23719	10.8173
800	10	14796	11178	10.6467
800	11	44360	21883	10.8038
800	12	13	10194	10.923
800	13	50256	5928	10.8119
801	5	287	30163	10.8501
801	6	2800	24766	10.9588
801	7	351	14724	10.9268
801	8	262	48519	10.7274
801	9	2323	23719	10.8183
801	10	13	29513	10.9004
801	11	50256	19179	10.8361
802	5	1351	34399	10.8934
802	6	318	18473	10.8088
802	7	663	41010	10.87
802	8	3504	12768	10.8571
802	9	1988	23719	10.8207
802	10	393	21712	10.943
802	11	262	17265	10.8815
802	12	1612	262	10.8898
802	13	286	24947	10.859
802	14	663	33031	10.7256
802	15	734	14877	10.7425
802	16	3504	12013	10.9382
802	17	3815	23116	10.7564
802	18	13	5866	10.7973
802	19	50256	5105	10.8579
803	5	49586	4997	10.8219
803	6	422	27475	10.8226
803	7	257	9904	10.7779
803	8	781	20702	10.7716
803	9	7241	16064	10.7667
803	10	7679	40496	10.7223
803	11	1022	6370	10.8407
803	12	6228	12508	10.7607
803	13	15747	50196	10.8739
803	14	13	30662	10.7968
803	15	50256	569	10.7743
804	5	12834	31050	10.8012
804	6	8811	12063	10.7692
804	7	925	8811	10.9068
804	8	422	12768	10.7209
804	9	6147	2778	10.7246
804	10	477	17736	10.8632
804	11	19417	4997	10.7781
804	12	13	17861	10.9021
804	13	50256	5928	10.8115
805	5	402	7135	10.9122
805	6	724	21883	10.749
805	7	1428	15192	10.9001
805	8	284	27059	10.7517
805	9	406	40354	10.7845
805	10	359	18267	10.7782
805	11	541	8870	10.7981
805	12	315	16431	10.8802
805	13	287	27707	10.9114
805	14	402	27250	10.7311
805	15	724	11045	10.868
805	16	1428	12102	10.9304
805	17	338	34596	10.8977
805	18	48899	25816	10.8523
805	19	13	1549	10.8933
805	20	50256	45893	10.7659
806	5	4326	23308	10.7626
806	6	329	43106	10.8209
806	7	2033	45804	10.7698
806	8	286	18286	10.7349
806	9	9136	46699	10.8017
806	10	13	676	10.7722
806	11	50256	19179	10.8369
807	5	3318	39754	10.866
807	6	1060	7849	10.8123
807	7	276	21957	10.7546
807	8	4823	32005	10.8155
807	9	1231	27111	10.8005
807	10	16006	7849	10.7799
807	11	13	2987	10.8818
807	12	50256	31221	10.8228
808	5	832	18420	10.9166
808	6	257	45510	10.9116
808	7	1429	257	10.8785
808	8	1444	42783	10.8549
808	9	1007	16431	10.8022
808	10	10514	12102	10.8699
808	11	13	33828	10.8594
808	12	50256	31221	10.8218
809	5	318	39920	10.7877
809	6	5447	38830	10.8076
809	7	284	45649	10.8663
809	8	307	838	10.763
809	9	530	23719	11.0439
809	10	13	50097	10.8173
809	11	50256	19179	10.8363
810	5	19780	257	10.8479
810	6	5822	9629	10.8417
810	7	318	5822	10.8043
810	8	7384	41048	10.8867
810	9	290	37014	10.821
810	10	645	14295	10.9131
810	11	2742	39026	10.8886
810	12	1445	30592	10.8671
810	13	460	24947	10.9422
810	14	4781	48220	10.7237
810	15	262	10774	10.9067
810	16	1368	262	10.7099
810	17	13	10603	10.8525
810	18	50256	28799	10.7399
811	5	4166	8463	10.988
811	6	257	23719	10.8107
811	7	1409	257	10.896
811	8	540	5749	10.7589
811	9	12	42734	10.8222
811	10	28469	14126	10.7414
811	11	12	35234	10.6895
811	12	4906	44709	10.9208
811	13	13570	41713	10.787
811	14	1080	11661	10.8456
811	15	287	21137	10.76
811	16	5515	41010	10.8659
811	17	20283	8811	10.7676
811	18	12	47307	10.7663
811	19	14792	28760	10.7916
811	20	2031	34023	10.9304
811	21	13	23719	10.8027
811	22	50256	48519	10.7612
812	5	503	17796	10.8743
812	6	416	26258	10.8233
812	7	2344	19012	10.7944
812	8	11	32275	10.9913
812	9	19435	23556	10.8088
812	10	11	41372	10.6979
812	11	10087	45510	10.832
812	12	11	12795	10.9963
812	13	393	31421	10.9201
812	14	584	30662	10.8721
812	15	4695	14059	10.8083
812	16	13	11863	10.7408
812	17	50256	27259	10.6905
813	5	290	20097	10.7325
813	6	423	7849	10.7579
813	7	511	8895	10.7064
813	8	898	511	10.9011
813	9	14599	20841	10.7715
813	10	44935	15281	10.8893
813	11	8573	8948	10.8758
813	12	13	12508	10.9681
813	13	50256	5928	10.8133
814	5	1660	20944	10.7904
814	6	338	32760	10.8503
814	7	23708	36079	10.9824
814	8	1029	23708	10.7738
814	9	24372	17265	10.8348
814	10	966	17736	10.8354
814	11	3688	5692	10.7718
814	12	351	29218	10.7157
814	13	2092	8217	10.6569
814	14	12	18954	10.6971
814	15	13982	36517	10.9211
814	16	17745	44690	10.7221
814	17	13	42734	10.7991
814	18	50256	28799	10.7422
815	5	3984	35478	10.8399
815	6	5679	36232	10.8905
815	7	10439	4011	10.8095
815	8	286	10361	10.7889
815	9	262	46699	10.8463
815	10	9842	262	10.7527
815	11	437	2987	10.7874
815	12	544	30621	10.9369
815	13	1641	29904	10.901
815	14	13	36517	10.7832
815	15	50256	569	10.7739
816	5	8638	356	10.8244
816	6	2587	7587	10.9577
816	7	422	12508	10.748
816	8	530	42017	10.8006
816	9	4067	9846	10.7287
816	10	284	19366	10.6494
816	11	1194	39026	10.8122
816	12	13	43708	10.8968
816	13	50256	5928	10.8109
817	5	9315	257	10.7534
817	6	6404	12063	10.9722
817	7	859	37121	10.7724
817	8	389	42734	10.8625
817	9	10730	17396	10.9939
817	10	13	33220	10.786
817	11	50256	19179	10.8349
818	5	3867	9904	10.7947
818	6	1633	3927	10.7433
818	7	13	31747	10.8178
818	8	50256	42795	10.7956
819	5	1232	262	10.8811
819	6	2454	23719	10.7473
819	7	1641	45804	10.8147
819	8	2138	8411	10.8049
819	9	621	9639	10.7502
819	10	262	23177	10.7233
819	11	5509	262	10.8865
819	12	6701	16259	10.8387
819	13	1448	24947	10.8174
819	14	13	21474	10.8236
819	15	50256	569	10.7731
820	5	2134	8081	10.7412
820	6	319	31767	10.8947
820	7	1194	11952	10.8245
820	8	468	235	10.8048
820	9	281	1761	10.841
820	10	4961	35083	10.8365
820	11	290	35151	10.9056
820	12	6697	23719	10.9744
820	13	5212	37483	10.8145
820	14	2700	12704	10.8213
820	15	13	27904	10.7722
820	16	50256	32019	10.8635
821	5	318	19522	10.7817
821	6	1900	38830	10.9336
821	7	329	17650	10.7185
821	8	44741	32718	10.8118
821	9	11527	28337	10.7482
821	10	21641	35569	10.8375
821	11	13	10626	10.913
821	12	50256	31221	10.8219
822	5	2420	47702	10.7372
822	6	2915	2420	10.8578
822	7	287	29474	10.781
822	8	543	5302	10.8447
822	9	14390	29513	10.82
822	10	1296	26542	10.8785
822	11	4263	9095	10.8426
822	12	393	38789	10.8149
822	13	7572	29904	10.7976
822	14	13	16252	10.7882
822	15	50256	569	10.7744
823	5	1660	9904	10.9038
823	6	832	32760	10.878
823	7	511	17690	10.8824
823	8	308	511	10.9751
823	9	2171	23719	10.882
823	10	13	10430	10.81
823	11	50256	19179	10.8355
824	5	5822	257	10.8295
824	6	290	5822	10.8954
824	7	257	14295	10.7858
824	8	10929	20702	10.8055
824	9	1141	28337	10.9021
824	10	257	42734	10.7968
824	11	2060	31767	10.6839
824	12	19780	30549	10.8711
824	13	1445	5928	10.9002
824	14	13	33189	10.8729
824	15	50256	569	10.7722
825	5	416	29513	10.82
825	6	38797	36192	10.6927
825	7	278	22507	10.8838
825	8	17797	34545	10.7924
825	9	44749	37014	10.8955
825	10	351	32948	10.7806
825	11	257	35208	10.7672
825	12	15936	23917	10.9268
825	13	3968	3014	10.8392
825	14	13	43740	10.8338
825	15	50256	569	10.7746
826	5	1111	25612	10.6234
826	6	21506	1111	10.7937
826	7	290	31747	10.6793
826	8	25794	42726	10.7946
826	9	13	11341	10.9837
826	10	50256	37414	10.8336
827	5	393	22037	10.9581
827	6	27756	4530	10.8804
827	7	351	33789	10.8014
827	8	257	48519	10.8548
827	9	2010	37014	10.9304
827	10	5186	25126	10.8688
827	11	3877	20689	10.7843
827	12	13	22851	10.952
827	13	50256	5928	10.8118
828	5	2401	39920	10.8099
828	6	2879	18267	10.7316
828	7	900	36079	10.8947
828	8	11	34596	11.0361
828	9	1123	23556	10.8913
828	10	886	41462	10.9281
828	11	286	5692	10.8637
828	12	257	8516	10.876
828	13	17763	32436	10.797
828	14	2523	39083	10.8272
828	15	257	32734	10.9252
828	16	1271	25816	10.8599
828	17	422	10603	10.905
828	18	6632	9904	10.8288
828	19	832	31644	10.8588
828	20	2237	45893	11.0324
828	21	13	17616	10.787
828	22	50256	48519	10.7601
829	5	496	42188	10.7911
829	6	6204	29474	10.8188
829	7	1474	37121	10.9897
829	8	1944	42726	10.9089
829	9	12	32044	10.886
829	10	820	14126	10.7565
829	11	25266	820	10.8079
829	12	13	11341	10.9883
829	13	50256	5928	10.8121
830	5	262	16621	10.8717
830	6	45656	262	10.8063
830	7	286	48560	10.7755
830	8	1657	27059	10.7902
830	9	11300	23147	10.7718
830	10	1022	36238	10.6907
830	11	12899	28337	10.7706
830	12	27982	41027	10.8747
830	13	13	15980	10.8449
830	14	50256	34997	10.6787
831	5	36288	20797	10.8448
831	6	423	30659	10.7675
831	7	42014	8895	10.816
831	8	307	3330	10.8425
831	9	4730	23719	10.7838
831	10	13	22705	10.8427
831	11	50256	19179	10.836
832	5	21001	9383	10.8113
832	6	5385	19123	10.8133
832	7	5563	27708	10.8115
832	8	287	22598	10.9626
832	9	4320	46699	10.8273
832	10	2339	38330	10.9237
832	11	14752	26563	10.835
832	12	13	18706	10.9601
832	13	50256	5928	10.8124
833	5	12070	11343	10.8066
833	6	35901	29474	10.7914
833	7	12	36079	10.9178
833	8	16760	17555	10.9555
833	9	8849	19285	10.874
833	10	656	18267	10.831
833	11	21558	25317	11.0078
833	12	284	8516	10.8096
833	13	3551	48477	10.8731
833	14	269	31629	10.8284
833	15	1726	21137	10.7328
833	16	6933	35619	10.724
833	17	13	23440	10.8396
833	18	50256	28799	10.7422
834	5	4888	28089	10.974
834	6	416	4888	10.8861
834	7	3644	19012	10.7831
834	8	4056	3448	10.851
834	9	13	49779	10.9243
834	10	50256	37414	10.8334
835	5	2700	21937	10.8783
835	6	832	2700	10.8348
835	7	1803	17690	10.9361
835	8	44796	8846	10.8631
835	9	8122	23719	10.7761
835	10	13	26106	10.7831
835	11	50256	19179	10.8355
836	5	3877	11687	10.7869
836	6	11	7135	10.7472
836	7	981	11	10.7848
836	8	1237	19381	10.767
836	9	684	28337	10.8826
836	10	3283	15677	10.8188
836	11	3967	18529	10.8622
836	12	5186	9316	10.8225
836	13	3877	15980	10.8045
836	14	13	12704	10.8203
836	15	50256	569	10.7738
837	5	2524	48477	10.7216
837	6	287	25816	10.8027
837	7	1944	27250	10.7789
837	8	12	42347	11.0221
837	9	820	49739	10.7934
837	10	7648	820	10.7361
837	11	13	30277	10.8996
837	12	50256	31221	10.8219
838	5	286	41010	10.8519
838	6	20422	27946	10.8443
838	7	11	25903	10.8092
838	8	257	17690	10.9133
838	9	46909	37014	10.6346
838	10	38656	46909	10.7233
838	11	318	42837	10.7507
838	12	10090	9669	10.7992
838	13	355	37214	10.7207
838	14	257	12161	10.8787
838	15	4898	21137	10.7575
838	16	7972	9461	10.8316
838	17	8875	45078	10.8964
838	18	13	25816	10.9105
838	19	50256	5105	10.8575
839	5	15061	257	11.0536
839	6	8811	28700	10.9236
839	7	21126	8811	10.7314
839	8	656	48318	10.7094
839	9	257	28337	10.8075
839	10	8234	25816	10.732
839	11	13	48213	10.8896
839	12	50256	31221	10.8204
840	5	1660	38789	10.7483
840	6	20199	32760	10.7333
840	7	18190	17736	10.7657
840	8	4291	17077	10.6166
840	9	4771	42734	10.9052
840	10	24770	4771	10.8981
840	11	287	31489	10.9714
840	12	15114	27250	10.6653
840	13	13	29071	10.8352
840	14	50256	34997	10.679
841	5	663	24766	10.9416
841	6	35988	26442	10.7853
841	7	11904	13793	10.752
841	8	290	19381	10.838
841	9	318	23719	10.7561
841	10	407	41010	10.8849
841	11	257	5692	10.8365
841	12	8701	23917	10.8123
841	13	13	7506	10.712
841	14	50256	34997	10.6792
842	5	71	39920	10.6887
842	6	36417	19987	10.8464
842	7	287	11952	10.6609
842	8	6156	5302	10.8606
842	9	14937	19788	10.8667
842	10	43372	17736	10.9209
842	11	321	6370	10.8017
842	12	666	16259	10.9456
842	13	13399	37483	10.7866
842	14	13	11773	10.7784
842	15	50256	569	10.7749
843	5	2081	20097	10.7447
843	6	284	25995	10.7924
843	7	3991	45804	10.7154
843	8	290	26672	10.8845
843	9	3991	23719	10.8224
843	10	284	10440	10.6766
843	11	2081	39026	10.811
843	12	13	23452	10.8492
843	13	50256	5928	10.8126
844	5	6268	18620	10.7795
844	6	2173	7849	10.8395
844	7	3812	34284	10.8259
844	8	262	12768	10.8106
844	9	9197	23719	10.7558
844	10	338	27708	10.8206
844	11	3641	35306	10.8643
844	12	13	9669	10.9329
844	13	50256	5928	10.8118
845	5	17467	30549	10.8456
845	6	382	18942	10.9119
845	7	2722	47618	10.9252
845	8	262	3073	10.7095
845	9	20715	23719	10.9173
845	10	15895	7117	10.8594
845	11	287	41159	10.8808
845	12	33818	27250	10.8259
845	13	287	32436	10.9438
845	14	35145	27250	10.8476
845	15	13	35145	10.833
845	16	50256	32019	10.8616
846	5	44543	257	10.8619
846	6	4144	11232	10.9843
846	7	16083	36613	10.7903
846	8	925	39582	10.7428
846	9	422	17861	10.788
846	10	7545	17736	10.8639
846	11	13	5692	10.9348
846	12	50256	31221	10.8217
847	5	2033	262	10.9776
847	6	286	25320	10.8035
847	7	1660	31747	10.9075
847	8	20199	32275	10.7688
847	9	287	23719	10.7445
847	10	1633	41010	10.8112
847	11	351	18529	10.72
847	12	663	23452	10.8551
847	13	36275	26672	10.7835
847	14	2033	12435	10.9153
847	15	379	11243	10.8479
847	16	262	12102	10.7126
847	17	976	262	10.8654
847	18	5951	22788	10.796
847	19	13	45382	10.8639
847	20	50256	45893	10.7658
848	5	976	262	10.9166
848	6	12234	48893	10.6967
848	7	1988	12234	10.881
848	8	11	49551	10.9702
848	9	257	23556	10.7793
848	10	3074	25816	10.7271
848	11	1444	4997	10.799
848	12	257	38789	10.7681
848	13	17661	32436	10.8437
848	14	13	13395	10.8024
848	15	50256	569	10.7726
849	5	1205	37628	10.8488
849	6	287	16575	10.9077
849	7	5055	27250	10.7328
849	8	393	6497	10.7841
849	9	3105	23719	10.8434
849	10	12	13793	10.8223
849	11	31462	16134	11.0413
849	12	1660	38789	10.8975
849	13	13	15980	10.8475
849	14	50256	34997	10.68
850	5	656	42862	10.6896
850	6	257	11656	10.7511
850	7	8122	257	10.8076
850	8	13	42734	10.8003
850	9	50256	8862	10.8315
851	5	10384	44457	10.8257
851	6	284	44072	10.8888
851	7	262	45804	10.7913
851	8	6156	262	10.8552
851	9	15433	19788	11.0111
851	10	6959	3073	10.7716
851	11	286	4997	10.8009
851	12	2011	8516	10.8396
851	13	66	37483	10.945
851	14	268	39083	10.9266
851	15	3609	48658	10.8687
851	16	13	11467	10.9091
851	17	50256	27259	10.6874
852	5	27602	13476	10.806
852	6	1084	27602	10.9018
852	7	515	14724	10.9312
852	8	290	26672	10.9334
852	9	16577	23719	10.8276
852	10	284	1249	10.6268
852	11	4439	39026	10.7955
852	12	26868	29218	10.6955
852	13	13	24947	10.8749
852	14	50256	34997	10.6781
853	5	319	28038	10.8787
853	6	262	8895	10.8021
853	7	4013	262	10.7541
853	8	25986	23992	10.7914
853	9	34603	36860	10.8048
853	10	21891	19151	10.7874
853	11	13	43923	10.852
853	12	50256	48593	10.8246
854	5	36140	29964	10.7711
854	6	11	37194	10.7304
854	7	281	11	10.8056
854	8	19318	49113	10.707
854	9	1015	16431	10.7267
854	10	318	1015	10.776
854	11	9086	43923	10.8293
854	12	656	32960	10.8534
854	13	14104	24947	10.8796
854	14	4961	37418	10.7845
854	15	5026	9432	10.7322
854	16	49644	5026	10.8507
854	17	4831	7558	10.6488
854	18	13	5105	10.802
854	19	50256	5105	10.8573
855	5	2081	262	10.7612
855	6	11135	25995	10.9168
855	7	1043	41165	10.9309
855	8	287	11056	10.9015
855	9	48573	46699	10.9757
855	10	6134	28718	10.7317
855	11	13	9805	10.8825
855	12	50256	31221	10.8229
856	5	1371	3460	10.7901
856	6	617	25816	10.8261
856	7	1321	48893	10.9418
856	8	422	22598	10.8959
856	9	262	2778	10.8428
856	10	2656	262	10.9094
856	11	1366	4915	10.7144
856	12	13	4888	10.9483
856	13	50256	5928	10.8112
857	5	83	47156	10.8773
857	6	270	17435	10.6749
857	7	9620	39337	10.8815
857	8	287	11585	10.9523
857	9	262	46699	10.7258
857	10	614	262	10.8434
857	11	1315	18529	10.9594
857	12	2481	29218	10.9395
857	13	13	6868	10.7797
857	14	50256	34997	10.6783
858	5	1011	46303	10.8386
858	6	262	37338	10.7396
858	7	2910	262	10.7797
858	8	13840	2120	10.8805
858	9	2622	31802	10.9006
858	10	416	7117	10.8186
858	11	867	17265	10.8593
858	12	4693	39943	10.8539
858	13	329	24947	10.7777
858	14	5935	39083	10.8759
858	15	3227	36517	10.8338
858	16	13	32019	10.7478
858	17	50256	27259	10.6888
859	5	338	19976	10.8176
859	6	8137	37754	10.8102
859	7	42909	8137	10.7577
859	8	2266	27059	10.78
859	9	1657	48259	10.8928
859	10	290	38976	10.7558
859	11	22625	1785	10.8268
859	12	284	36115	10.8474
859	13	663	48477	10.905
859	14	4171	35469	10.7694
859	15	5585	569	10.6868
859	16	13	37483	10.7837
859	17	50256	27259	10.6883
860	5	281	810	10.8812
860	6	16295	9830	10.6964
860	7	6140	5161	10.8135
860	8	318	32381	10.8456
860	9	1444	4936	10.7591
860	10	663	38789	10.8644
860	11	2962	26672	10.7506
860	12	13	49085	10.9247
860	13	50256	5928	10.812
861	5	418	11661	10.7911
861	6	389	17644	10.7536
861	7	262	389	10.7111
861	8	734	262	10.7309
861	9	1402	36086	10.8128
861	10	31093	7849	10.7333
861	11	286	8185	10.9658
861	12	8706	8516	10.7536
861	13	13	13975	10.8852
861	14	50256	34997	10.6779
862	5	12622	38267	10.8771
862	6	45738	12063	10.8372
862	7	287	35373	10.8036
862	8	607	5302	10.9035
862	9	5337	46699	10.8273
862	10	45738	13530	10.7822
862	11	13	1785	10.8959
862	12	50256	31221	10.8218
863	5	3395	47702	10.9073
863	6	37670	49614	10.7169
863	7	5958	38366	10.7162
863	8	6140	19612	10.7175
863	9	351	14084	10.7599
863	10	8547	351	10.865
863	11	273	12145	10.8285
863	12	3409	10048	10.8045
863	13	11400	11567	10.8876
863	14	338	47745	10.8805
863	15	11359	47399	10.8323
863	16	13389	10430	10.9396
863	17	13	6707	10.8402
863	18	50256	28799	10.7414
864	5	460	17796	10.8809
864	6	307	8	10.8945
864	7	7042	27946	10.8081
864	8	416	46747	10.7882
864	9	4375	17265	10.7977
864	10	262	45804	10.7829
864	11	734	262	10.8261
864	12	18148	41097	10.7165
864	13	2846	48924	10.899
864	14	284	5243	10.9532
864	15	7330	49739	10.9012
864	16	262	26868	10.8827
864	17	1306	262	10.8716
864	18	3381	24947	10.8916
864	19	13	3381	10.8766
864	20	50256	45893	10.764
865	5	11880	19987	10.9959
865	6	5419	41099	10.7984
865	7	340	11270	10.8633
865	8	2834	42497	10.8876
865	9	5667	11341	10.8255
865	10	422	9614	10.8278
865	11	13737	10222	10.8358
865	12	13	12508	10.9398
865	13	50256	5928	10.814
866	5	6903	40118	10.9059
866	6	318	14452	10.82
866	7	281	41010	10.7452
866	8	37287	49113	10.7837
866	9	9814	33828	10.9003
866	10	15763	24417	10.7634
866	11	13	7836	10.9235
866	12	50256	31221	10.8232
867	5	78	13271	10.9735
867	6	318	28975	10.9455
867	7	4888	41010	10.7515
867	8	416	4888	10.8814
867	9	16256	17265	10.7478
867	10	11	13476	10.7656
867	11	15336	45510	10.8593
867	12	11	38789	10.9243
867	13	290	31421	10.9121
867	14	46070	39795	10.7853
867	15	72	46502	10.9208
867	16	13	3580	10.7786
867	17	50256	27259	10.6878
868	5	19435	49274	10.7685
868	6	351	7135	10.7674
868	7	9518	27708	10.7775
868	8	5667	29647	10.889
868	9	13	36185	10.88
868	10	50256	37414	10.8358
869	5	547	13271	10.8673
869	6	14212	38455	10.8312
869	7	1748	36079	10.822
869	8	12	38571	10.9376
869	9	27219	49739	10.6958
869	10	287	42676	10.7914
869	11	6156	44805	10.7791
869	12	10315	12161	10.8632
869	13	13	3014	10.7563
869	14	50256	34997	10.6793
870	5	832	44767	10.8186
870	6	262	45510	10.8507
870	7	11963	262	10.7708
870	8	3356	4385	10.6997
870	9	286	34284	10.6699
870	10	257	15677	10.9563
870	11	11711	31767	10.7103
870	12	13	11711	10.8928
870	13	50256	5928	10.8124
871	5	3170	373	10.9509
871	6	416	4997	10.8415
871	7	262	19012	10.9233
871	8	3457	262	10.9208
871	9	292	20537	10.9037
871	10	287	4382	10.9243
871	11	262	44805	10.8369
871	12	843	262	10.7765
871	13	274	15980	10.7734
871	14	21124	45804	10.8462
871	15	13	21124	10.8416
871	16	50256	5801	10.862
872	5	1729	257	10.872
872	6	4164	7135	10.9538
872	7	18196	16977	10.6247
872	8	5002	29401	10.8882
872	9	326	28337	10.9217
872	10	318	34643	10.8381
872	11	8122	43923	10.7119
872	12	379	11716	10.7114
872	13	8850	29827	10.7998
872	14	2119	14877	10.8259
872	15	5951	2119	10.836
872	16	13	12102	10.7825
872	17	50256	27259	10.6883
873	5	286	29964	10.8944
873	6	28722	27946	10.89
873	7	287	24447	10.7762
873	8	257	5302	10.9664
873	9	5931	37014	10.7975
873	10	6317	43225	10.999
873	11	13	5026	10.9261
873	12	50256	31221	10.823
874	5	10947	34305	10.9491
874	6	4046	7135	10.8522
874	7	422	36238	10.7514
874	8	7346	42017	10.7683
874	9	27149	42734	10.9057
874	10	13	38330	10.7945
874	11	50256	19179	10.8369
875	5	973	3528	10.8831
875	6	329	24947	10.7832
875	7	35788	45804	10.8946
875	8	4263	38778	10.7684
875	9	13	4936	10.8658
875	10	50256	37414	10.8337
876	5	27458	28772	10.7281
876	6	12	499	10.8562
876	7	11487	36485	10.8768
876	8	1448	9274	10.8978
876	9	1690	17265	10.7846
876	10	423	26596	10.8163
876	11	2092	28760	10.8134
876	12	5931	18624	10.7589
876	13	6608	21468	10.7453
876	14	13	24616	10.7937
876	15	50256	569	10.7756
877	5	7306	2827	10.8548
877	6	3623	7135	10.826
877	7	379	34619	10.67
877	8	6937	42726	10.8607
877	9	5951	15564	10.9247
877	10	11	42145	10.6597
877	11	3833	45510	10.7541
877	12	5732	47814	10.7814
877	13	355	32436	10.6191
877	14	6115	12161	10.857
877	15	20638	6115	10.8386
877	16	13	32019	10.7294
877	17	50256	27259	10.6881
878	5	1588	257	10.7535
878	6	6903	24920	10.7982
878	7	286	1115	10.6748
878	8	2258	27059	10.8293
878	9	5478	23176	10.8904
878	10	13	21933	10.7686
878	11	50256	19179	10.8361
879	5	42909	12063	10.7378
879	6	2568	12774	10.9536
879	7	422	16977	10.7388
879	8	663	42017	10.6209
879	9	21334	26331	10.8307
879	10	13	15677	10.786
879	11	50256	19179	10.8343
880	5	7714	44575	10.7158
880	6	3170	48560	10.9483
880	7	1231	12836	10.8629
880	8	29871	8846	10.9
880	9	13	25903	10.948
880	10	50256	37414	10.8313
881	5	262	38396	10.727
881	6	21189	262	10.8453
881	7	21226	48893	10.9528
881	8	286	39651	10.7677
881	9	867	46699	10.7255
881	10	4903	36613	10.7427
881	11	694	16134	10.7101
881	12	418	34820	10.8785
881	13	1037	17644	10.9785
881	14	606	16252	10.8619
881	15	36331	28089	10.8604
881	16	284	37880	10.9054
881	17	16649	39026	10.7318
881	18	13	49793	10.9026
881	19	50256	5105	10.8571
882	5	22421	45708	10.7605
882	6	3025	44339	10.7295
882	7	7531	45804	10.7169
882	8	19998	7531	10.8019
882	9	423	4936	10.8955
882	10	257	47601	10.925
882	11	8064	31767	10.8357
882	12	286	36115	10.8657
882	13	734	47478	10.7553
882	14	284	8938	10.9061
882	15	530	49739	10.9336
882	16	13	25816	10.8105
882	17	50256	27259	10.6884
883	5	2010	48477	10.8575
883	6	5186	25126	10.8439
883	7	3877	5161	10.8844
883	8	13	20492	10.8296
883	9	50256	8862	10.8319
884	5	11	8200	10.8128
884	6	290	11	10.823
884	7	21813	14295	10.8739
884	8	4166	13255	10.7257
884	9	422	23719	10.9111
884	10	9133	17736	10.8532
884	11	20328	42837	10.8716
884	12	13	8516	10.8991
884	13	50256	5928	10.8132
885	5	326	32894	10.9576
885	6	257	7117	10.8904
885	7	12649	257	10.7731
885	8	460	14019	10.7982
885	9	12260	31186	10.8851
885	10	3264	41982	10.8567
885	11	13	39026	10.8517
885	12	50256	31221	10.8229
886	5	286	12859	10.8966
886	6	10529	27946	10.8224
886	7	893	48593	10.8159
886	8	325	42726	10.7417
886	9	385	23719	10.942
886	10	287	385	10.7305
886	11	262	44805	10.8324
886	12	28032	262	10.846
886	13	13	38617	10.8398
886	14	50256	34997	10.6789
887	5	2431	40118	10.7937
887	6	13	47702	10.7772
887	7	50256	45804	10.8441
888	5	11	29964	10.8942
888	6	543	11	10.6927
888	7	5419	39167	10.7985
888	8	262	16977	10.8437
888	9	1767	23719	10.8669
888	10	16274	4035	10.8856
888	11	27997	9805	10.9041
888	12	13	43708	10.9086
888	13	50256	5928	10.8122
889	5	16704	46752	10.8669
889	6	279	749	10.7077
889	7	2150	30163	10.954
889	8	1387	26563	10.8248
889	9	422	45851	10.9112
889	10	18577	17736	10.7219
889	11	33694	36885	10.8281
889	12	11904	7157	10.713
889	13	13	15980	10.8461
889	14	50256	34997	10.6779
890	5	388	2420	10.7427
890	6	12007	25320	10.8121
890	7	1278	45804	10.9656
890	8	9189	35722	10.8459
890	9	21592	23719	10.8702
890	10	22830	16977	10.6847
890	11	290	34545	10.8452
890	12	584	23719	10.706
890	13	1171	6780	10.8347
890	14	5444	14877	10.7263
890	15	9928	36517	10.9372
890	16	13	38206	10.7949
890	17	50256	27259	10.6882
891	5	286	17260	10.883
891	6	8031	27946	10.918
891	7	11	47618	10.8268
891	8	6296	17690	10.9219
891	9	319	23719	10.8975
891	10	262	5136	10.8728
891	11	309	262	10.8328
891	12	1856	39362	10.9416
891	13	5866	48960	10.835
891	14	13	5866	10.7487
891	15	50256	569	10.7749
892	5	416	41010	10.8313
892	6	763	36192	10.9174
892	7	363	3356	10.9507
892	8	8306	19381	10.8994
892	9	17797	46940	10.7997
892	10	7545	37877	10.8328
892	11	290	5692	10.8902
892	12	12273	23719	10.9158
892	13	262	24947	10.9934
892	14	7186	262	10.9973
892	15	1090	17183	10.9127
892	16	9310	12102	10.8101
892	17	13	4712	10.7584
892	18	50256	28799	10.7405
893	5	287	38789	10.754
893	6	23217	24766	10.753
893	7	460	45804	10.9528
893	8	1037	37519	10.7195
893	9	2270	11056	10.9787
893	10	12586	2270	10.7161
893	11	5475	19321	10.8434
893	12	13	25552	10.9031
893	13	50256	5928	10.8136
894	5	832	37314	10.8236
894	6	262	46594	10.8476
894	7	17661	262	10.8632
894	8	286	1716	10.9769
894	9	262	46699	10.8445
894	10	3942	262	10.8904
894	11	290	24947	10.9691
894	12	35769	23719	10.6956
894	13	666	37214	10.8296
894	14	13375	41856	10.8332
894	15	13	42100	10.8096
894	16	50256	5801	10.8605
895	5	1115	6248	10.8893
895	6	13043	1115	10.7545
895	7	326	13827	10.9601
895	8	1296	27059	10.7911
895	9	257	30549	10.7382
895	10	2060	25816	10.6336
895	11	16257	38455	10.8342
895	12	13	38789	10.9541
895	13	50256	5928	10.8124
896	5	8208	11343	10.8673
896	6	12	36232	10.8544
896	7	19412	36485	10.8039
896	8	7475	6780	10.8108
896	9	13	42734	10.9081
896	10	50256	37414	10.834
897	5	39880	44457	10.7577
897	6	460	47293	10.7465
897	7	1205	33285	10.7364
897	8	656	235	10.89
897	9	257	28337	10.806
897	10	649	25816	10.6591
897	11	4618	8240	10.7729
897	12	13	46004	10.9044
897	13	50256	5928	10.8113
898	5	1350	40065	10.8773
898	6	900	9629	10.9011
898	7	11597	46555	10.9
898	8	7218	18770	10.8689
898	9	22596	8428	10.8794
898	10	1871	41010	11.0217
898	11	28818	5692	10.8369
898	12	2127	6034	10.808
898	13	5348	15703	10.8144
898	14	13	39083	10.7982
898	15	50256	569	10.7746
899	5	5838	262	10.807
899	6	286	32894	10.8615
899	7	38330	31747	10.851
899	8	287	38330	10.8187
899	9	838	46699	10.8947
899	10	2791	838	10.7742
899	11	13	32338	10.8089
899	12	50256	48593	10.8225
900	5	11	47702	10.7656
900	6	717	11	10.7414
900	7	12	6459	10.8734
900	8	448	17555	10.8855
900	9	16834	17265	10.8506
900	10	11	37877	10.7665
900	11	262	45510	11.1196
900	12	14555	262	10.83
900	13	2087	21736	10.8864
900	14	2378	12435	10.8079
900	15	318	36500	10.8083
900	16	4615	18267	10.8721
900	17	717	39026	10.9143
900	18	13	26475	10.8749
900	19	50256	5105	10.8584
901	5	4180	38198	10.9148
901	6	30121	30549	10.7376
901	7	319	43816	10.8078
901	8	6163	15454	10.8438
901	9	3354	38782	10.8238
901	10	286	17183	10.6608
901	11	9664	19179	10.8433
901	12	13	17861	10.9197
901	13	50256	5928	10.8133
902	5	3688	8811	10.9303
902	6	284	15797	10.779
902	7	262	45804	10.7921
902	8	5485	262	10.9255
902	9	286	46940	10.7403
902	10	257	15677	10.9554
902	11	6297	31767	10.6526
902	12	13	38130	10.8916
902	13	50256	5928	10.8115
903	5	2318	8081	10.7507
903	6	19972	19451	10.8789
903	7	33174	23063	10.6833
903	8	262	15454	10.6908
903	9	5366	23719	10.8416
903	10	16825	5366	10.9243
903	11	286	18529	10.8886
903	12	1194	8516	10.8584
903	13	13	24947	10.7729
903	14	50256	34997	10.6784
904	5	16122	262	10.9042
904	6	11732	7117	10.7804
904	7	337	28188	10.8953
904	8	5847	45078	10.8378
904	9	2977	23719	10.8153
904	10	290	5831	10.7312
904	11	383	1785	10.7919
904	12	367	20240	10.7641
904	13	3316	367	10.9494
904	14	1891	48220	10.974
904	15	286	13692	10.8394
904	16	23382	15677	10.8706
904	17	12	6707	10.7594
904	18	35	47307	10.7809
904	19	480	26442	10.8833
904	20	13	19062	10.8989
904	21	50256	27390	10.7368
905	5	625	11687	10.8483
905	6	3090	9629	10.8722
905	7	287	8726	10.9005
905	8	8850	5302	10.8002
905	9	34768	36860	10.7828
905	10	13	17701	10.8666
905	11	50256	19179	10.8351
906	5	284	36517	10.7585
906	6	262	17820	10.7808
906	7	28761	262	10.8326
906	8	576	12768	10.9981
906	9	1448	17265	10.8689
906	10	11	499	10.6418
906	11	407	45510	10.7754
906	12	262	12704	10.6784
906	13	38255	262	10.8787
906	14	1547	2769	10.8862
906	15	13	1547	10.8117
906	16	50256	32019	10.8624
907	5	7861	15980	10.8304
907	6	11	32831	10.6177
907	7	5387	11	10.8572
907	8	14580	11975	10.7146
907	9	11	45201	10.955
907	10	290	11	10.7971
907	11	4596	1785	10.8498
907	12	6900	11341	10.8147
907	13	286	37483	10.8107
907	14	19606	33031	10.7768
907	15	287	14877	10.9187
907	16	1660	41010	10.9078
907	17	3102	16532	10.9498
907	18	46916	25816	10.7666
907	19	13	16558	10.8929
907	20	50256	45893	10.7655
908	5	3881	47156	10.9262
908	6	1296	49843	10.8469
908	7	257	19535	10.7325
908	8	4417	49551	10.9296
908	9	7679	19396	10.8247
908	10	1444	7679	10.8356
908	11	842	15750	10.7622
908	12	21446	47814	10.7421
908	13	319	37483	10.8244
908	14	262	39083	10.8378
908	15	6869	262	10.8443
908	16	13	18267	10.7768
908	17	50256	27259	10.6879
909	5	286	17396	10.8462
909	6	257	27946	10.8326
909	7	35991	257	10.8625
909	8	423	10968	10.8316
909	9	4961	36860	10.8571
909	10	20428	5700	10.8154
909	11	13	10568	10.9112
909	12	50256	31221	10.8215
910	5	10349	257	10.7148
910	6	618	1549	10.8865
910	7	663	38789	10.7398
910	8	5002	12768	10.8545
910	9	48813	28337	10.8595
910	10	422	367	10.8982
910	11	13181	10222	10.9045
910	12	1459	30592	10.858
910	13	13	32436	10.794
910	14	50256	34997	10.6781
911	5	3623	12275	10.9269
911	6	25037	16570	10.8514
911	7	13640	12508	10.7479
911	8	355	10430	10.8349
911	9	44030	4936	10.8767
911	10	3881	22289	10.6999
911	11	4735	30043	10.8295
911	12	6945	41097	10.8607
911	13	13	47478	10.7254
911	14	50256	34997	10.6792
912	5	12269	39091	10.9035
912	6	11	26069	10.7323
912	7	1660	11	10.9349
912	8	11	32275	11.0124
912	9	290	23556	10.7351
912	10	38084	14295	10.7463
912	11	14093	30277	10.7882
912	12	1818	49826	10.959
912	13	13	46900	10.7286
912	14	50256	34997	10.6793
913	5	689	38267	10.8889
913	6	9664	19374	10.7874
913	7	351	27946	10.711
913	8	28096	48519	10.7358
913	9	925	23719	10.8484
913	10	1262	41010	10.9721
913	11	257	2949	10.8861
913	12	17598	23917	10.7999
913	13	290	3987	10.9409
913	14	4704	39795	10.7982
913	15	13	3073	10.71
913	16	50256	5801	10.8617
914	5	2057	19421	10.7794
914	6	422	29513	10.9664
914	7	1660	9904	10.9559
914	8	351	32275	10.8447
914	9	13375	8862	10.8442
914	10	287	46235	10.7191
914	11	511	44805	10.7258
914	12	28552	19078	10.7277
914	13	13	24947	10.7882
914	14	50256	34997	10.6808
915	5	262	45708	10.8406
915	6	3463	262	10.8692
915	7	286	2870	10.824
915	8	262	27059	10.8378
915	9	11711	23719	10.882
915	10	20085	11711	10.8191
915	11	416	40022	10.7672
915	12	281	34564	10.9179
915	13	2134	9830	10.7908
915	14	13	39795	10.8102
915	15	50256	569	10.7733
916	5	262	38396	10.7289
916	6	12108	262	10.884
916	7	286	42145	10.6133
916	8	17837	27059	10.9548
916	9	11	28337	10.8649
916	10	318	11	10.75
916	11	17837	43923	10.7988
916	12	338	44709	10.8353
916	13	3139	32436	10.8401
916	14	13	34997	10.7744
916	15	50256	569	10.7751
917	5	37270	48649	10.783
917	6	11	19522	10.8197
917	7	30872	11	10.7918
917	8	11	30872	10.9005
917	9	290	23556	10.7355
917	10	21506	14295	10.7302
917	11	13	2987	10.8828
917	12	50256	31221	10.8235
918	5	3668	38789	10.9278
918	6	8318	38455	10.7914
918	7	832	33627	10.7185
918	8	16468	27059	10.8658
918	9	1364	4936	10.638
918	10	416	35013	10.7407
918	11	401	17265	10.8215
918	12	1039	12795	10.8297
918	13	13	38400	10.792
918	14	50256	34997	10.6796
919	5	44741	257	10.7356
919	6	17757	30368	10.7038
919	7	319	17757	10.7242
919	8	4849	15454	10.8003
919	9	47967	42734	10.7844
919	10	28847	47967	10.8264
919	11	287	3735	11.0133
919	12	4492	27250	10.8383
919	13	13	32436	10.8174
919	14	50256	34997	10.6804
920	5	350	2827	10.8849
920	6	9160	47489	10.8067
920	7	373	47618	10.8324
920	8	3170	373	10.8958
920	9	355	4936	10.8823
920	10	257	30163	10.8844
920	11	8966	31767	10.7908
920	12	10580	18299	10.8724
920	13	13	47478	10.7512
920	14	50256	34997	10.6788
921	5	257	50140	10.6708
921	6	5252	257	10.684
921	7	33413	37880	10.8947
921	8	8902	49551	10.8509
921	9	351	23719	10.6871
921	10	281	351	10.9184
921	11	18762	38056	10.8454
921	12	2890	36115	10.7471
921	13	5797	8240	10.5826
921	14	13	35469	10.7854
921	15	50256	569	10.7722
922	5	1811	2727	10.8402
922	6	6300	26341	10.8271
922	7	286	29479	10.6807
922	8	262	27059	10.8386
922	9	2939	23719	10.6452
922	10	1444	31484	10.8602
922	11	383	15750	10.7684
922	12	36306	20240	10.7086
922	13	13	24947	10.7955
922	14	50256	34997	10.679
923	5	460	18420	10.9737
923	6	2620	8	10.9444
923	7	257	2827	10.8828
923	8	2700	49551	11.0142
923	9	338	14733	10.7956
923	10	6225	7746	10.8246
923	11	1245	40351	10.8323
923	12	13	29735	10.9115
923	13	50256	5928	10.8127
924	5	286	30549	10.932
924	6	262	27946	10.9407
924	7	3624	262	10.9105
924	8	14705	4100	10.8338
924	9	287	23185	10.889
924	10	674	41010	10.8775
924	11	6591	40098	10.793
924	12	1080	6591	10.7538
924	13	13	11938	10.8364
924	14	50256	34997	10.6793
925	5	42742	12424	10.7984
925	6	656	7849	10.7827
925	7	734	46226	10.8412
925	8	4957	42726	10.7867
925	9	17751	38782	10.9142
925	10	72	42145	10.7831
925	11	13	5692	10.8611
925	12	50256	31221	10.8231
926	5	257	38396	10.8285
926	6	41236	257	10.7877
926	7	338	7746	10.7183
926	8	4417	15454	10.8579
926	9	389	19396	10.9807
926	10	7009	389	10.7057
926	11	1981	42130	10.8257
926	12	15921	41097	10.8581
926	13	13	15921	10.7591
926	14	50256	34997	10.6792
927	5	286	47530	10.8678
927	6	262	27946	10.9414
927	7	39046	262	10.7137
927	8	973	23609	10.8415
927	9	416	29904	10.7706
927	10	867	2769	10.8314
927	11	5044	29904	10.7779
927	12	4778	25957	10.89
927	13	13	11310	10.7965
927	14	50256	34997	10.6797
928	5	5496	25758	10.8545
928	6	326	12063	10.7907
928	7	460	3356	10.9319
928	8	2291	37519	10.731
928	9	6134	17265	10.8443
928	10	11	36364	10.651
928	11	5916	45510	10.8718
928	12	11	18573	10.8634
928	13	290	31421	10.9136
928	14	23426	39795	10.9082
928	15	13	37747	10.8034
928	16	50256	32019	10.861
929	5	287	30597	10.7625
929	6	40941	24766	10.883
929	7	15190	34284	10.7379
929	8	290	42726	10.7275
929	9	24768	23719	10.8922
929	10	13	46226	10.8285
929	11	50256	19179	10.8349
930	5	2081	2870	10.7235
930	6	691	25995	10.7385
930	7	618	33789	10.9728
930	8	1111	618	10.9196
930	9	286	1111	10.7302
930	10	663	15677	10.8872
930	11	17311	26672	10.8529
930	12	389	12508	10.7316
930	13	2081	43740	10.8112
930	14	13	39083	10.7387
930	15	50256	569	10.7746
931	5	3597	262	10.8286
931	6	1080	40118	10.9157
931	7	973	46226	10.7664
931	8	329	235	10.8676
931	9	6983	48327	10.8025
931	10	13	28188	10.8348
931	11	50256	19179	10.8373
932	5	262	681	10.6815
932	6	976	262	10.8923
932	7	6115	48893	10.8249
932	8	355	33135	10.8055
932	9	530	4936	10.9659
932	10	27216	50097	10.8096
932	11	1247	35322	10.8773
932	12	16912	39943	10.9255
932	13	13	3987	10.7849
932	14	50256	34997	10.679
933	5	416	19987	10.8724
933	6	530	36192	10.7273
933	7	5667	22788	10.8603
933	8	326	2120	10.7587
933	9	1271	49085	10.775
933	10	21588	28740	10.8098
933	11	13	47125	10.9249
933	12	50256	31221	10.8206
934	5	17825	45708	10.795
934	6	287	14571	10.8523
934	7	294	27250	10.8685
934	8	6037	48519	10.7283
934	9	13	49085	10.9274
934	10	50256	37414	10.8361
935	5	3878	38024	10.7235
935	6	17084	25005	10.8176
935	7	318	45804	10.803
935	8	257	41048	10.942
935	9	4898	37014	10.9381
935	10	9967	45893	10.8024
935	11	3601	18473	10.7647
935	12	11	11341	10.9533
935	13	407	31421	10.8711
935	14	281	31050	10.9567
935	15	3056	9465	10.7076
935	16	12036	40086	10.7407
935	17	13	14708	10.7905
935	18	50256	28799	10.7411
936	5	416	4169	10.7346
936	6	14583	36192	10.8609
936	7	257	46226	10.8089
936	8	6314	49551	10.9083
936	9	379	45426	10.8994
936	10	511	10430	10.8036
936	11	27390	511	10.8609
936	12	16649	13991	10.8423
936	13	13	24947	10.8393
936	14	50256	34997	10.6803
937	5	11	8137	10.7561
937	6	1444	11	10.8837
937	7	262	49235	10.7529
937	8	1162	262	10.9589
937	9	4450	13975	10.859
937	10	11	27259	10.7626
937	11	318	45510	10.7629
937	12	37546	9669	10.6941
937	13	621	3987	10.9297
937	14	663	46179	10.7581
937	15	7424	14877	10.7697
937	16	4417	10627	10.84
937	17	13	9274	10.7921
937	18	50256	28799	10.7405
938	5	281	38198	10.8793
938	6	2134	9830	10.7071
938	7	338	25816	10.7164
938	8	15432	15454	10.857
938	9	2458	17265	10.7786
938	10	351	42734	10.6976
938	11	640	35208	10.7952
938	12	13	29218	10.9446
938	13	50256	5928	10.8128
939	5	37008	32126	10.8137
939	6	379	4997	10.8847
939	7	5043	22037	10.7751
939	8	286	15454	10.7747
939	9	2910	46699	10.6992
939	10	8837	17183	11.0019
939	11	5095	5692	10.7423
939	12	13	3842	10.8643
939	13	50256	5928	10.8128
940	5	286	40118	10.9171
940	6	987	27946	10.8564
940	7	48331	29479	10.671
940	8	4847	37088	10.8675
940	9	351	17265	10.7262
940	10	257	351	10.8095
940	11	3867	31767	10.823
940	12	28982	17861	10.8699
940	13	13	5928	10.783
940	14	50256	34997	10.6789
941	5	257	35478	10.7285
941	6	22746	257	10.7524
941	7	656	16805	10.8979
941	8	42713	41764	10.8084
941	9	13	18514	10.9065
941	10	50256	37414	10.8331
942	5	257	48649	10.756
942	6	1729	257	10.8349
942	7	22570	32019	10.8272
942	8	1271	14823	10.8688
942	9	3607	23719	10.6683
942	10	6632	7737	10.8403
942	11	13	5692	10.8526
942	12	50256	31221	10.8232
943	5	1588	9953	10.7275
943	6	24969	24920	10.9242
943	7	602	45804	10.9049
943	8	618	602	10.6492
943	9	257	49085	10.8657
943	10	1080	25816	10.8827
943	11	318	16134	10.8518
943	12	7986	9669	10.9051
943	13	1474	38455	10.9443
943	14	257	1474	10.8304
943	15	3288	21137	10.9916
943	16	8373	12205	10.7589
943	17	13	8373	10.7892
943	18	50256	28799	10.7414
944	5	2278	257	10.7997
944	6	618	12774	10.9872
944	7	257	38789	10.8857
944	8	636	49551	10.7021
944	9	318	40118	10.8205
944	10	10574	41010	10.7545
944	11	13	35322	10.7819
944	12	50256	31221	10.8204
945	5	11	47702	10.7631
945	6	47394	11	10.7542
945	7	507	48893	10.8338
945	8	389	49551	10.7286
945	9	610	17396	10.9117
945	10	620	45789	10.8159
945	11	77	6370	10.8923
945	12	2340	17903	10.8709
945	13	2138	29904	10.9224
945	14	621	27800	10.7398
945	15	19435	27129	10.7016
945	16	13	32019	10.7232
945	17	50256	27259	10.6898
946	5	5101	25966	10.7942
946	6	290	38366	10.8029
946	7	734	14295	10.7597
946	8	2392	12768	10.7618
946	9	13017	17265	10.8499
946	10	41192	4035	10.8172
946	11	13	6370	10.8768
946	12	50256	31221	10.8212
947	5	5389	29964	10.9086
947	6	290	23729	10.8056
947	7	1440	14295	10.9103
947	8	826	30825	10.7886
947	9	18333	16126	10.845
947	10	13	26738	10.8269
947	11	50256	19179	10.8359
948	5	4778	34305	10.7722
948	6	7685	19987	10.8046
948	7	3994	12102	10.8753
948	8	6337	1363	10.7662
948	9	42742	49207	10.8329
948	10	13	43225	10.7754
948	11	50256	19179	10.8359
949	5	286	39754	10.9891
949	6	1402	27946	10.6763
949	7	19468	27946	10.8249
949	8	5028	838	10.897
949	9	16083	30549	10.8913
949	10	925	2769	10.7298
949	11	422	5754	10.8307
949	12	5026	8516	10.9708
949	13	47196	5026	10.7838
949	14	13	20502	10.7946
949	15	50256	569	10.7745
950	5	11	16621	10.9331
950	6	530	11	10.8264
950	7	256	22788	10.8089
950	8	478	26645	10.7039
950	9	9229	23719	10.7694
950	10	7480	13764	10.8102
950	11	1715	6456	10.9526
950	12	2412	9219	10.8921
950	13	11061	5928	10.8489
950	14	1194	29382	10.9178
950	15	13	9432	10.7624
950	16	50256	32019	10.861
951	5	13017	48477	10.8469
951	6	6958	29513	10.91
951	7	1626	18923	10.7471
951	8	281	12768	10.7811
951	9	13187	30572	10.9359
951	10	13	9888	10.7778
951	11	50256	19179	10.8334
952	5	262	41010	10.7283
952	6	1767	262	10.9159
952	7	338	23992	10.7568
952	8	10900	15454	10.7876
952	9	18370	17265	10.8806
952	10	13	45804	10.8187
952	11	50256	19179	10.8375
953	5	10816	257	10.9271
953	6	34537	10816	10.7232
953	7	1900	17736	10.8653
953	8	329	20579	10.8784
953	9	1588	48327	10.7634
953	10	4636	46235	10.8707
953	11	874	10459	10.79
953	12	13	44851	10.8998
953	13	50256	5928	10.8131
954	5	3994	9222	10.6219
954	6	5348	25605	10.9306
954	7	286	11952	10.6482
954	8	9838	27059	10.743
954	9	5773	46940	10.8156
954	10	290	17736	10.8282
954	11	300	1785	10.8581
954	12	12009	43708	10.761
954	13	7408	8	10.8172
954	14	11492	45790	10.9074
954	15	13	21933	10.7869
954	16	50256	5801	10.8613
955	5	48573	257	10.814
955	6	4618	7135	10.7848
955	7	338	22788	10.731
955	8	19643	15454	10.9021
955	9	2261	37014	10.8525
955	10	460	37888	10.884
955	11	1205	6255	10.8164
955	12	656	43708	10.9405
955	13	257	24947	10.751
955	14	9403	35385	10.9716
955	15	13	15978	10.8216
955	16	50256	32019	10.8612
956	5	1663	16621	10.7661
956	6	287	19421	10.7715
956	7	17475	27250	10.8397
956	8	12493	43708	10.7906
956	9	12824	23719	10.9276
956	10	416	35791	10.9451
956	11	8268	17265	10.9148
956	12	1660	39943	10.8577
956	13	13	15980	10.8478
956	14	50256	34997	10.6786
957	5	12	8185	10.5928
957	6	46155	23332	10.8224
957	7	1296	12102	10.7964
957	8	286	12768	10.8157
957	9	7729	46699	10.7739
957	10	3194	17183	10.6981
957	11	287	44836	10.8531
957	12	257	27250	10.8388
957	13	8300	32436	10.7179
957	14	3303	14877	10.8141
957	15	13	46958	10.8887
957	16	50256	5801	10.8629
958	5	905	20493	10.9213
958	6	281	905	10.9328
958	7	21388	47618	10.8985
958	8	18032	48519	10.7218
958	9	12	31007	10.7931
958	10	489	14126	10.9171
958	11	1523	29964	10.7733
958	12	2776	43708	10.7765
958	13	287	30169	10.8956
958	14	3594	27250	10.8069
958	15	13	30693	10.718
958	16	50256	5801	10.8626
959	5	11	25903	10.7864
959	6	290	11	10.8249
959	7	1395	14295	10.8497
959	8	12	45078	10.9196
959	9	20477	49739	10.7724
959	10	5594	37604	10.7364
959	11	284	19173	10.7645
959	12	262	8408	10.7097
959	13	976	262	10.8186
959	14	31094	9904	10.8021
959	15	10958	40603	10.8275
959	16	13	7749	10.7558
959	17	50256	27259	10.6882
960	5	14795	31802	10.9575
960	6	3754	34545	10.8678
960	7	11694	46226	10.9197
960	8	36103	30825	10.7813
960	9	4178	36860	10.8621
960	10	287	48255	10.6627
960	11	9225	44805	10.8502
960	12	18671	37640	10.6762
960	13	13	37483	10.8143
960	14	50256	34997	10.6791
961	5	257	19522	10.7528
961	6	1486	257	10.744
961	7	416	16977	10.9677
961	8	5086	12768	10.8553
961	9	2587	23185	10.8626
961	10	284	20524	10.6976
961	11	1208	39026	10.8519
961	12	832	43708	10.8982
961	13	6163	37483	10.9013
961	14	28431	39795	11.0017
961	15	13	7434	10.8677
961	16	50256	32019	10.8623
962	5	257	351	10.7105
962	6	9314	257	10.9367
962	7	11	12795	10.9136
962	8	6149	17690	10.7729
962	9	4269	19396	10.7833
962	10	286	39920	10.8193
962	11	9881	19179	10.7698
962	12	13	6097	10.8602
962	13	50256	5928	10.812
963	5	22532	28772	10.8941
963	6	7475	22532	10.8556
963	7	287	48560	10.825
963	8	281	5302	10.813
963	9	3594	30572	10.8537
963	10	36246	4035	10.8562
963	11	13	44851	10.908
963	12	50256	31221	10.8216
964	5	734	46725	10.8333
964	6	8950	32436	10.8021
964	7	13	16977	10.762
964	8	50256	42795	10.7958
965	5	867	7737	10.9169
965	6	5667	15407	10.8324
965	7	511	24447	10.8076
965	8	16704	511	10.874
965	9	4077	2873	10.9774
965	10	3124	45510	11.0024
965	11	13	35566	10.9298
965	12	50256	31221	10.8231
966	5	284	12859	10.7788
966	6	11945	17820	10.8301
966	7	287	10684	10.8252
966	8	262	5302	10.6768
966	9	1692	23719	10.7759
966	10	1767	1692	10.8221
966	11	13	6370	10.8626
966	12	50256	31221	10.8212
967	5	5419	2766	10.785
967	6	3608	21957	10.7892
967	7	262	37121	10.6917
967	8	1692	262	10.7833
967	9	1767	23719	10.8735
967	10	13	4035	10.7952
967	11	50256	19179	10.8365
968	5	663	8235	10.9642
968	6	20884	26442	10.7209
968	7	966	14040	10.8546
968	8	13	38455	10.7251
968	9	50256	8862	10.8314
969	5	9368	2827	10.9191
969	6	5374	9368	10.8769
969	7	83	41470	10.8242
969	8	270	19623	10.8113
969	9	9620	17265	10.7892
969	10	6204	38083	10.8091
969	11	319	5461	10.9419
969	12	281	8516	10.785
969	13	7022	9830	10.7905
969	14	287	34975	10.7162
969	15	6233	27250	10.9372
969	16	3567	28700	10.8027
969	17	66	6868	10.9776
969	18	25634	46022	10.7629
969	19	13	18328	10.9089
969	20	50256	45893	10.7649
970	5	511	28089	10.7745
970	6	30514	511	10.7202
970	7	284	36317	10.8438
970	8	6654	838	10.8829
970	9	23311	23719	10.7688
970	10	13	28700	10.7969
970	11	50256	19179	10.8358
971	5	13055	16621	10.9259
971	6	262	49699	10.6315
971	7	18560	262	10.8545
971	8	1900	47185	10.823
971	9	355	20962	10.7702
971	10	262	30163	10.8237
971	11	2892	262	10.9679
971	12	64	29218	10.7935
971	13	15378	5928	10.8639
971	14	13	34926	10.7875
971	15	50256	569	10.7721
972	5	262	38789	10.7124
972	6	7475	262	10.87
972	7	286	48560	10.7272
972	8	257	27059	11.0052
972	9	1573	37014	10.8963
972	10	393	26738	10.8192
972	11	9546	17265	10.8504
972	12	284	44432	10.6997
972	13	1296	48477	10.8595
972	14	1194	6647	10.8437
972	15	13888	9432	10.7531
972	16	13	7308	10.7702
972	17	50256	27259	10.6885
973	5	4886	11045	10.7415
973	6	23221	31732	10.8013
973	7	2458	595	10.8117
973	8	284	42734	10.8375
973	9	257	40354	10.8033
973	10	2512	25816	10.8649
973	11	286	6370	10.8136
973	12	1366	8516	10.761
973	13	13	36885	10.8488
973	14	50256	34997	10.6792
974	5	16577	2827	10.8172
974	6	336	46669	10.7014
974	7	328	46526	10.7796
974	8	5356	20579	10.7852
974	9	34262	42734	10.7856
974	10	422	47906	10.8815
974	11	257	10222	10.7617
974	12	4693	23917	10.729
974	13	286	24947	10.8263
974	14	6763	33031	10.7748
974	15	9042	569	10.9005
974	16	13	48784	10.7908
974	17	50256	27259	10.6889
975	5	2344	810	10.8357
975	6	18190	12774	10.775
975	7	22425	33285	10.8612
975	8	6450	46034	10.8792
975	9	13	8862	10.8249
975	10	50256	37414	10.8347
976	5	20838	47702	10.7686
976	6	11	42137	10.7242
976	7	16397	11	10.8163
976	8	11	235	10.875
976	9	290	23556	10.7354
976	10	449	14295	10.7848
976	11	391	29964	10.8525
976	12	28814	23719	10.8574
976	13	13	27707	10.812
976	14	50256	34997	10.6795
977	5	290	5560	10.8934
977	6	39381	7849	10.6621
977	7	11061	43498	10.8338
977	8	3668	16747	10.8357
977	9	338	2282	10.8919
977	10	4417	7746	10.9273
977	11	13	19179	10.8392
977	12	50256	31221	10.8235
978	5	2128	12161	10.7443
978	6	618	35125	10.9687
978	7	1633	38789	10.9349
978	8	318	32715	10.8074
978	9	7924	4936	10.8313
978	10	1973	44807	10.8347
978	11	262	5603	10.7463
978	12	5743	262	10.645
978	13	286	42919	10.8263
978	14	663	33031	10.725
978	15	5422	14877	10.7981
978	16	7604	26452	10.8444
978	17	13	33710	10.8245
978	18	50256	28799	10.7407
979	5	21558	17891	10.9152
979	6	416	10575	10.9369
979	7	9645	19012	10.8664
979	8	340	32275	10.762
979	9	287	32636	10.8168
979	10	257	41010	10.9033
979	11	8769	31767	10.8572
979	12	77	30621	10.8577
979	13	13	7506	10.7104
979	14	50256	34997	10.6799
980	5	1146	30880	10.868
980	6	5047	820	10.6541
980	7	13166	31747	10.8156
980	8	23537	15454	10.6891
980	9	422	48717	10.9675
980	10	262	17736	10.991
980	11	3825	262	10.8941
980	12	13	30646	10.9646
980	13	50256	5928	10.8122
981	5	286	17260	10.8853
981	6	17322	27946	10.7511
981	7	11	18624	10.7655
981	8	7363	17690	10.7655
981	9	319	27708	10.8514
981	10	262	5136	10.8726
981	11	6035	262	10.6805
981	12	3266	8408	10.7763
981	13	5866	5928	10.9769
981	14	13	5866	10.7488
981	15	50256	569	10.774
982	5	373	5407	10.7438
982	6	925	373	11.047
982	7	329	11270	10.7264
982	8	262	32718	10.7898
982	9	22234	23719	10.9007
982	10	3716	27475	10.6633
982	11	286	24947	10.8074
982	12	31482	8516	10.8477
982	13	16380	11567	10.8728
982	14	31663	39083	10.8586
982	15	13	16461	10.7327
982	16	50256	32019	10.8622
983	5	393	24920	10.9263
983	6	9421	4530	10.8117
983	7	1063	9421	10.9035
983	8	13	15877	10.7676
983	9	50256	8862	10.8331
984	5	2134	44457	10.7611
984	6	338	31767	10.7532
984	7	6268	36079	10.8369
984	8	3585	42734	10.7435
984	9	284	8862	10.7179
984	10	262	19508	10.8402
984	11	7346	262	10.8377
984	12	1633	43708	10.9153
984	13	13	29904	10.8115
984	14	50256	34997	10.6783
985	5	1123	20776	10.7733
985	6	5752	37338	10.7445
985	7	11	5161	10.7456
985	8	5721	17690	10.7534
985	9	11	8862	10.9042
985	10	290	11	10.7979
985	11	1115	1785	10.7864
985	12	12	1115	10.8288
985	13	1525	19179	10.8901
985	14	12	9904	10.9276
985	15	15542	36517	10.8831
985	16	3091	18267	10.7841
985	17	4909	40184	10.8046
985	18	262	25816	10.9211
985	19	19561	262	10.8374
985	20	530	2970	10.7273
985	21	832	25816	11.0061
985	22	5193	27059	10.71
985	23	1752	49145	10.7705
985	24	1123	25126	10.6882
985	25	13	5763	10.8104
985	26	50256	27243	10.6859
986	5	4909	5555	10.821
986	6	1115	25816	10.7564
986	7	12785	1115	10.8128
986	8	14729	10033	10.6188
986	9	286	26587	10.7745
986	10	5100	15677	10.975
986	11	7475	38302	10.9182
986	12	13	18573	10.9238
986	13	50256	5928	10.8139
987	5	734	5809	10.8562
987	6	3967	32436	10.5824
987	7	2659	33285	10.8469
987	8	271	47814	10.7304
987	9	669	16031	10.8509
987	10	13	14349	10.9126
987	11	50256	19179	10.8349
988	5	286	8463	10.8753
988	6	257	27946	10.8369
988	7	19690	257	10.8695
988	8	1683	45078	10.7574
988	9	14809	42734	10.95
988	10	5509	14809	10.8607
988	11	13	9805	10.9141
988	12	50256	31221	10.8214
989	5	7135	262	10.8239
989	6	314	7135	10.8726
989	7	48476	8895	10.7574
989	8	14664	48476	10.8037
989	9	286	24887	10.8597
989	10	23519	15677	10.6109
989	11	13	23519	10.8659
989	12	50256	31221	10.8211
990	5	19942	12161	10.7966
990	6	326	19942	10.9468
990	7	3994	3356	10.905
990	8	663	1363	10.8038
990	9	11904	26331	10.8005
990	10	13	17736	10.8608
990	11	50256	19179	10.8341
991	5	3146	2827	10.7169
991	6	11	21468	10.8552
991	7	262	11	10.9556
991	8	34768	262	10.7707
991	9	1612	11056	10.8711
991	10	318	21883	10.8241
991	11	511	43923	10.7282
991	12	2160	19078	10.7859
991	13	9086	47478	10.8545
991	14	416	1074	10.7397
991	15	511	48649	10.6491
991	16	954	511	10.7898
991	17	13	25102	10.7951
991	18	50256	28799	10.7431
992	5	291	8873	10.7202
992	6	2456	24271	10.8688
992	7	44638	22037	10.9261
992	8	393	42726	10.8409
992	9	1950	23719	10.802
992	10	5238	37877	10.7305
992	11	11	18328	10.8603
992	12	355	13991	10.9346
992	13	14713	5928	10.7246
992	14	857	37628	10.8078
992	15	13	569	10.7203
992	16	50256	32019	10.8629
993	5	5485	20097	10.9172
993	6	284	8240	10.8803
993	7	1037	45804	10.8155
993	8	2962	1716	10.8003
993	9	319	19396	10.9054
993	10	5563	5136	10.7413
993	11	379	38455	10.8411
993	12	1180	12508	10.8628
993	13	18868	47293	10.8106
993	14	13	18868	10.7442
993	15	50256	569	10.7739
994	5	47306	19987	10.9299
994	6	2427	26452	10.771
994	7	286	28839	10.722
994	8	9194	27059	10.8448
994	9	12734	25906	10.6854
994	10	393	48519	10.8093
994	11	11904	17265	10.8902
994	12	13	23452	10.9349
994	13	50256	5928	10.8128
995	5	20462	373	10.6948
995	6	416	45521	10.7149
995	7	18381	19012	10.7641
995	8	449	24226	10.7456
995	9	19210	4936	10.7707
995	10	287	19210	10.6924
995	11	4088	44805	10.9503
995	12	286	37880	10.7261
995	13	38367	47478	10.9324
995	14	83	39795	10.8003
995	15	1031	36517	10.8409
995	16	8882	28105	10.8096
995	17	282	42734	10.8708
995	18	13	16558	10.8609
995	19	50256	5105	10.8603
996	5	9151	262	10.8781
996	6	4417	32436	10.832
996	7	290	45804	10.7475
996	8	18616	42726	10.7223
996	9	867	23719	10.857
996	10	5385	15677	10.7575
996	11	5417	28760	10.8732
996	12	9813	45649	10.8269
996	13	13	41992	10.854
996	14	50256	34997	10.6788
997	5	262	32126	10.9434
997	6	976	262	10.8916
997	7	19528	48893	10.8589
997	8	290	22598	10.8986
997	9	2651	23719	10.8398
997	10	739	24982	10.7155
997	11	663	25477	10.9677
997	12	7147	35469	10.7823
997	13	3555	37483	10.7858
997	14	9831	4266	10.848
997	15	13	40400	10.7957
997	16	50256	32019	10.8621
998	5	460	35478	10.9306
998	6	2380	8	10.7449
998	7	17759	21925	10.8731
998	8	7310	7780	10.6309
998	9	1643	4936	10.8065
998	10	7572	45987	10.8044
998	11	13	34596	10.8381
998	12	50256	31221	10.8241
999	5	4961	2870	10.8099
999	6	284	20797	10.6891
999	7	8208	45804	10.8453
999	8	12	19381	10.8885
999	9	13261	49739	10.8733
999	10	1411	28700	11.0186
999	11	13	5026	10.8458
999	12	50256	31221	10.8223
1000	5	1326	4643	10.8715
1000	6	263	32831	10.7409
1000	7	338	13793	10.7909
1000	8	7430	15454	10.7683
1000	9	351	7430	10.627
1000	10	257	351	10.8083
1000	11	18482	31767	10.8218
1000	12	2905	30065	10.9922
1000	13	1806	3987	10.9373
1000	14	28539	11773	10.7346
1000	15	257	14144	11.0225
1000	16	3785	25816	10.9202
1000	17	5762	9274	11.0275
1000	18	257	24720	10.7272
1000	19	7858	30659	10.8796
1000	20	3820	15921	10.9204
1000	21	13	10712	10.811
1000	22	50256	48519	10.7604
1001	5	262	2827	10.8598
1001	6	2679	262	10.8224
1001	7	291	32019	10.8618
1001	8	8478	18413	10.7743
1001	9	286	18514	10.8382
1001	10	262	15677	10.9777
1001	11	40136	262	10.9341
1001	12	12	9669	11.0317
1001	13	22030	19179	10.8209
1001	14	3303	24887	10.8129
1001	15	1641	46958	10.6902
1001	16	13	26452	10.78
1001	17	50256	27259	10.6884
1002	5	271	19421	10.7735
1002	6	1630	23177	10.7528
1002	7	262	24550	10.7323
1002	8	2546	262	10.8704
1002	9	286	8862	10.7373
1002	10	262	15677	10.9783
1002	11	34047	262	10.7701
1002	12	13	15454	10.889
1002	13	50256	5928	10.8112
1003	5	40959	20776	10.8654
1003	6	11	3707	10.7446
1003	7	38985	11	10.8551
1003	8	1111	30306	10.8957
1003	9	6341	1111	10.7461
1003	10	286	13530	10.7246
1003	11	262	19179	10.997
1003	12	6035	262	10.7144
1003	13	3266	36885	10.7341
1003	14	13	49826	10.8344
1003	15	50256	569	10.7733
1004	5	290	21735	10.7717
1004	6	3771	7849	10.8607
1004	7	10456	48327	10.8117
1004	8	501	9274	10.8546
1004	9	3033	29333	10.8143
1004	10	10674	27708	10.9275
1004	11	14025	35322	10.8549
1004	12	316	9669	10.7186
1004	13	290	15980	10.9559
1004	14	16703	39795	10.7319
1004	15	10594	38267	10.8504
1004	16	1789	6370	10.8147
1004	17	7491	42734	10.8222
1004	18	948	46502	10.8923
1004	19	13	3735	10.9061
1004	20	50256	45893	10.7659
1005	5	2714	8235	10.7479
1005	6	379	19524	10.7553
1005	7	45760	22037	10.8382
1005	8	287	32510	11.0497
1005	9	10315	46699	10.8852
1005	10	13	35189	10.7078
1005	11	50256	19179	10.8359
1006	5	25299	41010	10.9526
1006	6	373	32436	10.9669
1006	7	6198	32019	10.8714
1006	8	3170	14084	10.8366
1006	9	355	4936	10.8832
1006	10	257	37414	10.8833
1006	11	4302	31767	10.873
1006	12	4928	49826	10.7699
1006	13	13	24947	10.8484
1006	14	50256	34997	10.6786
1007	5	1204	511	10.834
1007	6	6772	21468	10.8968
1007	7	1626	12102	10.8394
1007	8	530	12768	10.7487
1007	9	3957	9846	10.8785
1007	10	1622	13530	10.9024
1007	11	13	28337	10.9115
1007	12	50256	31221	10.8226
1008	5	1440	33481	10.6929
1008	6	12	20797	10.7358
1008	7	32041	36485	10.7507
1008	8	9998	1716	10.7533
1008	9	286	504	10.8093
1008	10	3668	15677	10.8586
1008	11	338	19321	10.8579
1008	12	5894	18427	10.8658
1008	13	8137	32436	10.5726
1008	14	416	8137	10.8105
1008	15	6115	48649	10.7841
1008	16	13	38455	10.7614
1008	17	50256	27259	10.6892
1009	5	23129	46904	10.833
1009	6	286	38455	10.7651
1009	7	262	31747	10.9116
1009	8	7993	262	10.8568
1009	9	8065	11341	10.8891
1009	10	13	31818	10.8037
1009	11	50256	19179	10.8347
1010	5	12278	44457	11.013
1010	6	6737	44306	10.7581
1010	7	656	12508	10.7386
1010	8	38071	41764	10.7443
1010	9	326	43280	10.7686
1010	10	4439	34643	10.8059
1010	11	2128	6780	10.6732
1010	12	13	15454	10.8577
1010	13	50256	5928	10.812
1011	5	8122	37877	10.7582
1011	6	3102	34545	10.7113
1011	7	46916	4382	10.8427
1011	8	11	49551	10.921
1011	9	4771	23556	10.7184
1011	10	24770	4771	10.8981
1011	11	11	31489	11.0005
1011	12	393	13991	10.8887
1011	13	1111	29904	10.8013
1011	14	9951	1111	10.8411
1011	15	287	9951	10.7999
1011	16	1633	41010	10.7453
1011	17	13	32715	10.8277
1011	18	50256	28799	10.7421
1012	5	8811	8458	10.7977
1012	6	1663	8811	10.9262
1012	7	355	12508	10.9488
1012	8	2060	48519	10.8292
1012	9	4778	30549	10.8724
1012	10	13	4778	10.8088
1012	11	50256	19179	10.8347
1013	5	262	34995	10.5696
1013	6	19561	262	10.8372
1013	7	6632	11270	10.8431
1013	8	290	29564	10.8052
1013	9	530	23719	10.9457
1013	10	13	50097	10.817
1013	11	50256	19179	10.8351
1014	5	12389	35478	11.0327
1014	6	286	47623	10.8247
1014	7	257	31747	10.8777
1014	8	1692	48642	10.9232
1014	9	16162	23719	10.8027
1014	10	13	41982	10.76
1014	11	50256	19179	10.8356
1015	5	422	37877	10.8335
1015	6	257	9904	10.6837
1015	7	2166	257	10.9504
1015	8	6333	32275	10.6812
1015	9	1806	26587	10.7184
1015	10	284	14084	10.8619
1015	11	257	39026	10.8175
1015	12	8286	23917	10.9391
1015	13	599	29904	10.7474
1015	14	30431	45790	10.8669
1015	15	13	32355	10.7736
1015	16	50256	5801	10.8612
1016	5	257	47702	10.7007
1016	6	11831	257	10.9418
1016	7	5186	15757	10.9703
1016	8	1459	31160	10.8986
1016	9	284	23719	10.8376
1016	10	49306	19508	10.926
1016	11	13	4997	10.8457
1016	12	50256	31221	10.8198
1017	5	16649	34305	10.8242
1017	6	621	38715	10.7963
1017	7	2266	17736	10.753
1017	8	5788	1397	10.8089
1017	9	13	16031	10.8949
1017	10	50256	37414	10.832
1018	5	257	9904	10.7026
1018	6	4469	257	10.8458
1018	7	2138	20293	10.9377
1018	8	621	31160	10.738
1018	9	5055	23116	10.8427
1018	10	5000	15677	10.9609
1018	11	1479	47814	10.8607
1018	12	13	24887	10.8694
1018	13	50256	5928	10.8126
1019	5	5594	48210	10.932
1019	6	284	47874	10.8659
1019	7	25794	45804	10.8095
1019	8	290	33719	10.8203
1019	9	6486	23719	10.7857
1019	10	287	17701	10.8382
1019	11	262	44805	10.8353
1019	12	8211	262	10.8847
1019	13	10692	24947	10.903
1019	14	13	38789	10.8735
1019	15	50256	569	10.7739
1020	5	2134	44457	10.7627
1020	6	1656	31767	10.8259
1020	7	284	21957	10.8616
1020	8	9117	838	10.8544
1020	9	3812	20537	10.9043
1020	10	393	47070	10.8971
1020	11	1497	17265	10.7134
1020	12	422	49826	10.8859
1020	13	262	48924	11.0245
1020	14	19091	262	10.8284
1020	15	13	38297	10.8797
1020	16	50256	32019	10.8609
1021	5	416	20097	10.7343
1021	6	14583	36192	10.8627
1021	7	257	46226	10.8102
1021	8	1218	49551	10.8362
1021	9	1182	18034	10.9085
1021	10	706	3391	10.8633
1021	11	36075	49663	10.8453
1021	12	13	39943	10.8626
1021	13	50256	5928	10.8121
1022	5	9951	49274	10.7447
1022	6	2057	20493	10.7549
1022	7	422	25967	10.8633
1022	8	262	42017	10.8377
1022	9	1660	23719	10.8102
1022	10	1088	32760	10.7695
1022	11	606	17265	10.9319
1022	12	13	2906	10.8813
1022	13	50256	5928	10.8133
1023	5	41408	41470	10.8696
1023	6	1088	25320	10.875
1023	7	6716	27707	10.9063
1023	8	6971	13692	11.0198
1023	9	13	23719	10.8665
1023	10	50256	37414	10.8355
1024	5	4556	43923	10.9398
1024	6	1223	25126	10.7827
1024	7	48237	45041	10.7852
1024	8	663	15454	10.7905
1024	9	9706	26331	10.7299
1024	10	13	37781	10.799
1024	11	50256	19179	10.8353
