layers=2 width=16 heads=1 feed_forward_width=64 parameters=827328 samples=1024 scored_targets=10002
2026-09-21 03:19:23 UTC step=0 elapsed_seconds=1.31747 mean_loss=10.8225 errors=10002/10002 exact_sentences=0/1024
2026-09-21 03:19:24 UTC completed_step=16 elapsed_seconds=2.33631 learning_rate=9.6e-05
2026-09-21 03:19:25 UTC completed_step=32 elapsed_seconds=3.13796 learning_rate=0.000192
2026-09-21 03:19:26 UTC completed_step=48 elapsed_seconds=3.93861 learning_rate=0.000288
2026-09-21 03:19:27 UTC completed_step=64 elapsed_seconds=4.73956 learning_rate=0.000384
2026-09-21 03:19:28 UTC completed_step=80 elapsed_seconds=5.53958 learning_rate=0.00048
2026-09-21 03:19:28 UTC completed_step=96 elapsed_seconds=6.34063 learning_rate=0.000576
2026-09-21 03:19:29 UTC completed_step=112 elapsed_seconds=7.14152 learning_rate=0.0006
2026-09-21 03:19:30 UTC completed_step=128 elapsed_seconds=7.94325 learning_rate=0.000599997
2026-09-21 03:19:31 UTC step=128 elapsed_seconds=9.25675 mean_loss=9.46657 errors=8978/10002 exact_sentences=0/1024
2026-09-21 03:19:32 UTC completed_step=144 elapsed_seconds=10.0635 learning_rate=0.000599994
2026-09-21 03:19:33 UTC completed_step=160 elapsed_seconds=10.8639 learning_rate=0.000599988
2026-09-21 03:19:34 UTC completed_step=176 elapsed_seconds=11.6657 learning_rate=0.000599981
2026-09-21 03:19:35 UTC completed_step=192 elapsed_seconds=12.4695 learning_rate=0.000599972
2026-09-21 03:19:35 UTC completed_step=208 elapsed_seconds=13.274 learning_rate=0.000599961
2026-09-21 03:19:36 UTC completed_step=224 elapsed_seconds=14.0781 learning_rate=0.000599948
2026-09-21 03:19:37 UTC completed_step=240 elapsed_seconds=14.8832 learning_rate=0.000599934
2026-09-21 03:19:38 UTC completed_step=256 elapsed_seconds=15.6875 learning_rate=0.000599918
2026-09-21 03:19:39 UTC step=256 elapsed_seconds=17.0021 mean_loss=7.44602 errors=8978/10002 exact_sentences=0/1024
2026-09-21 03:19:40 UTC completed_step=272 elapsed_seconds=17.8104 learning_rate=0.0005999
2026-09-21 03:19:41 UTC completed_step=288 elapsed_seconds=18.6148 learning_rate=0.000599881
2026-09-21 03:19:42 UTC completed_step=304 elapsed_seconds=19.419 learning_rate=0.00059986
2026-09-21 03:19:42 UTC completed_step=320 elapsed_seconds=20.2236 learning_rate=0.000599837
2026-09-21 03:19:43 UTC completed_step=336 elapsed_seconds=21.0286 learning_rate=0.000599813
2026-09-21 03:19:44 UTC completed_step=352 elapsed_seconds=21.833 learning_rate=0.000599786
2026-09-21 03:19:45 UTC completed_step=368 elapsed_seconds=22.6381 learning_rate=0.000599758
2026-09-21 03:19:46 UTC completed_step=384 elapsed_seconds=23.4426 learning_rate=0.000599729
2026-09-21 03:19:47 UTC step=384 elapsed_seconds=24.7673 mean_loss=6.35086 errors=8978/10002 exact_sentences=0/1024
2026-09-21 03:19:48 UTC completed_step=400 elapsed_seconds=25.5764 learning_rate=0.000599697
2026-09-21 03:19:49 UTC completed_step=416 elapsed_seconds=26.381 learning_rate=0.000599664
2026-09-21 03:19:49 UTC completed_step=432 elapsed_seconds=27.1859 learning_rate=0.000599629
2026-09-21 03:19:50 UTC completed_step=448 elapsed_seconds=27.9908 learning_rate=0.000599593
2026-09-21 03:19:51 UTC completed_step=464 elapsed_seconds=28.7945 learning_rate=0.000599554
2026-09-21 03:19:52 UTC completed_step=480 elapsed_seconds=29.5985 learning_rate=0.000599514
2026-09-21 03:19:53 UTC completed_step=496 elapsed_seconds=30.4031 learning_rate=0.000599473
2026-09-21 03:19:53 UTC completed_step=512 elapsed_seconds=31.2078 learning_rate=0.000599429
2026-09-21 03:19:55 UTC step=512 elapsed_seconds=32.5133 mean_loss=6.10168 errors=8051/10002 exact_sentences=1/1024
2026-09-21 03:19:55 UTC completed_step=528 elapsed_seconds=33.3236 learning_rate=0.000599384
2026-09-21 03:19:56 UTC completed_step=544 elapsed_seconds=34.1256 learning_rate=0.000599337
2026-09-21 03:19:57 UTC completed_step=560 elapsed_seconds=34.9281 learning_rate=0.000599288
2026-09-21 03:19:58 UTC completed_step=576 elapsed_seconds=35.7306 learning_rate=0.000599238
2026-09-21 03:19:59 UTC completed_step=592 elapsed_seconds=36.5314 learning_rate=0.000599186
2026-09-21 03:19:59 UTC completed_step=608 elapsed_seconds=37.3337 learning_rate=0.000599132
2026-09-21 03:20:00 UTC completed_step=624 elapsed_seconds=38.1364 learning_rate=0.000599077
2026-09-21 03:20:01 UTC completed_step=640 elapsed_seconds=38.9392 learning_rate=0.000599019
2026-09-21 03:20:02 UTC step=640 elapsed_seconds=40.2447 mean_loss=5.87858 errors=7979/10002 exact_sentences=1/1024
2026-09-21 03:20:03 UTC completed_step=656 elapsed_seconds=41.051 learning_rate=0.000598961
2026-09-21 03:20:04 UTC completed_step=672 elapsed_seconds=41.8535 learning_rate=0.0005989
2026-09-21 03:20:05 UTC completed_step=688 elapsed_seconds=42.6548 learning_rate=0.000598838
2026-09-21 03:20:06 UTC completed_step=704 elapsed_seconds=43.457 learning_rate=0.000598773
2026-09-21 03:20:06 UTC completed_step=720 elapsed_seconds=44.2598 learning_rate=0.000598708
2026-09-21 03:20:07 UTC completed_step=736 elapsed_seconds=45.0622 learning_rate=0.00059864
2026-09-21 03:20:08 UTC completed_step=752 elapsed_seconds=45.8649 learning_rate=0.000598571
2026-09-21 03:20:09 UTC completed_step=768 elapsed_seconds=46.6681 learning_rate=0.0005985
2026-09-21 03:20:10 UTC step=768 elapsed_seconds=47.9793 mean_loss=5.60215 errors=7779/10002 exact_sentences=1/1024
2026-09-21 03:20:11 UTC completed_step=784 elapsed_seconds=48.7877 learning_rate=0.000598427
2026-09-21 03:20:12 UTC completed_step=800 elapsed_seconds=49.5909 learning_rate=0.000598353
2026-09-21 03:20:13 UTC completed_step=816 elapsed_seconds=50.3942 learning_rate=0.000598277
2026-09-21 03:20:13 UTC completed_step=832 elapsed_seconds=51.1977 learning_rate=0.000598199
2026-09-21 03:20:14 UTC completed_step=848 elapsed_seconds=52.0003 learning_rate=0.00059812
2026-09-21 03:20:15 UTC completed_step=864 elapsed_seconds=52.8036 learning_rate=0.000598038
2026-09-21 03:20:16 UTC completed_step=880 elapsed_seconds=53.6074 learning_rate=0.000597956
2026-09-21 03:20:17 UTC completed_step=896 elapsed_seconds=54.4108 learning_rate=0.000597871
2026-09-21 03:20:18 UTC step=896 elapsed_seconds=55.7185 mean_loss=5.39648 errors=7626/10002 exact_sentences=1/1024
2026-09-21 03:20:19 UTC completed_step=912 elapsed_seconds=56.5241 learning_rate=0.000597785
2026-09-21 03:20:19 UTC completed_step=928 elapsed_seconds=57.3256 learning_rate=0.000597697
2026-09-21 03:20:20 UTC completed_step=944 elapsed_seconds=58.1279 learning_rate=0.000597607
2026-09-21 03:20:21 UTC completed_step=960 elapsed_seconds=58.9301 learning_rate=0.000597515
2026-09-21 03:20:22 UTC completed_step=976 elapsed_seconds=59.7305 learning_rate=0.000597422
2026-09-21 03:20:23 UTC completed_step=992 elapsed_seconds=60.5326 learning_rate=0.000597327
2026-09-21 03:20:23 UTC completed_step=1008 elapsed_seconds=61.3342 learning_rate=0.000597231
2026-09-21 03:20:24 UTC completed_step=1024 elapsed_seconds=62.136 learning_rate=0.000597133
2026-09-21 03:20:26 UTC step=1024 elapsed_seconds=63.434 mean_loss=5.23287 errors=7550/10002 exact_sentences=1/1024
2026-09-21 03:20:26 UTC completed_step=1040 elapsed_seconds=64.2417 learning_rate=0.000597033
2026-09-21 03:20:27 UTC completed_step=1056 elapsed_seconds=65.0431 learning_rate=0.000596931
2026-09-21 03:20:28 UTC completed_step=1072 elapsed_seconds=65.845 learning_rate=0.000596827
2026-09-21 03:20:29 UTC completed_step=1088 elapsed_seconds=66.6474 learning_rate=0.000596722
2026-09-21 03:20:30 UTC completed_step=1104 elapsed_seconds=67.4514 learning_rate=0.000596616
2026-09-21 03:20:30 UTC completed_step=1120 elapsed_seconds=68.2555 learning_rate=0.000596507
2026-09-21 03:20:31 UTC completed_step=1136 elapsed_seconds=69.0582 learning_rate=0.000596397
2026-09-21 03:20:32 UTC completed_step=1152 elapsed_seconds=69.8633 learning_rate=0.000596285
2026-09-21 03:20:33 UTC step=1152 elapsed_seconds=71.1696 mean_loss=5.10372 errors=7473/10002 exact_sentences=1/1024
2026-09-21 03:20:34 UTC completed_step=1168 elapsed_seconds=71.9778 learning_rate=0.000596171
2026-09-21 03:20:35 UTC completed_step=1184 elapsed_seconds=72.7802 learning_rate=0.000596056
2026-09-21 03:20:36 UTC completed_step=1200 elapsed_seconds=73.5837 learning_rate=0.000595939
2026-09-21 03:20:37 UTC completed_step=1216 elapsed_seconds=74.3873 learning_rate=0.00059582
2026-09-21 03:20:37 UTC completed_step=1232 elapsed_seconds=75.1905 learning_rate=0.0005957
2026-09-21 03:20:38 UTC completed_step=1248 elapsed_seconds=75.9935 learning_rate=0.000595578
2026-09-21 03:20:39 UTC completed_step=1264 elapsed_seconds=76.7944 learning_rate=0.000595454
2026-09-21 03:20:40 UTC completed_step=1280 elapsed_seconds=77.5963 learning_rate=0.000595329
2026-09-21 03:20:41 UTC step=1280 elapsed_seconds=78.8914 mean_loss=4.97482 errors=7408/10002 exact_sentences=1/1024
2026-09-21 03:20:42 UTC completed_step=1296 elapsed_seconds=79.6963 learning_rate=0.000595202
2026-09-21 03:20:43 UTC completed_step=1312 elapsed_seconds=80.4979 learning_rate=0.000595073
2026-09-21 03:20:43 UTC completed_step=1328 elapsed_seconds=81.2993 learning_rate=0.000594942
2026-09-21 03:20:44 UTC completed_step=1344 elapsed_seconds=82.1006 learning_rate=0.00059481
2026-09-21 03:20:45 UTC completed_step=1360 elapsed_seconds=82.9014 learning_rate=0.000594676
2026-09-21 03:20:46 UTC completed_step=1376 elapsed_seconds=83.7028 learning_rate=0.00059454
2026-09-21 03:20:47 UTC completed_step=1392 elapsed_seconds=84.5043 learning_rate=0.000594403
2026-09-21 03:20:47 UTC completed_step=1408 elapsed_seconds=85.3054 learning_rate=0.000594264
2026-09-21 03:20:49 UTC step=1408 elapsed_seconds=86.6347 mean_loss=4.86355 errors=7365/10002 exact_sentences=1/1024
2026-09-21 03:20:50 UTC completed_step=1424 elapsed_seconds=87.4401 learning_rate=0.000594123
2026-09-21 03:20:50 UTC completed_step=1440 elapsed_seconds=88.2414 learning_rate=0.000593981
2026-09-21 03:20:51 UTC completed_step=1456 elapsed_seconds=89.0433 learning_rate=0.000593837
2026-09-21 03:20:52 UTC completed_step=1472 elapsed_seconds=89.846 learning_rate=0.000593691
2026-09-21 03:20:53 UTC completed_step=1488 elapsed_seconds=90.6473 learning_rate=0.000593544
2026-09-21 03:20:54 UTC completed_step=1504 elapsed_seconds=91.4485 learning_rate=0.000593395
2026-09-21 03:20:54 UTC completed_step=1520 elapsed_seconds=92.2498 learning_rate=0.000593244
2026-09-21 03:20:55 UTC completed_step=1536 elapsed_seconds=93.0525 learning_rate=0.000593092
2026-09-21 03:20:56 UTC step=1536 elapsed_seconds=94.3491 mean_loss=4.75949 errors=7337/10002 exact_sentences=1/1024
2026-09-21 03:20:57 UTC completed_step=1552 elapsed_seconds=95.157 learning_rate=0.000592938
2026-09-21 03:20:58 UTC completed_step=1568 elapsed_seconds=95.9586 learning_rate=0.000592782
2026-09-21 03:20:59 UTC completed_step=1584 elapsed_seconds=96.7603 learning_rate=0.000592624
2026-09-21 03:21:00 UTC completed_step=1600 elapsed_seconds=97.5621 learning_rate=0.000592465
2026-09-21 03:21:01 UTC completed_step=1616 elapsed_seconds=98.3649 learning_rate=0.000592304
2026-09-21 03:21:01 UTC completed_step=1632 elapsed_seconds=99.1683 learning_rate=0.000592142
2026-09-21 03:21:02 UTC completed_step=1648 elapsed_seconds=99.9719 learning_rate=0.000591978
2026-09-21 03:21:03 UTC completed_step=1664 elapsed_seconds=100.776 learning_rate=0.000591812
2026-09-21 03:21:04 UTC step=1664 elapsed_seconds=102.09 mean_loss=4.65078 errors=7152/10002 exact_sentences=1/1024
2026-09-21 03:21:05 UTC completed_step=1680 elapsed_seconds=102.899 learning_rate=0.000591644
2026-09-21 03:21:06 UTC completed_step=1696 elapsed_seconds=103.703 learning_rate=0.000591475
2026-09-21 03:21:07 UTC completed_step=1712 elapsed_seconds=104.505 learning_rate=0.000591304
2026-09-21 03:21:07 UTC completed_step=1728 elapsed_seconds=105.308 learning_rate=0.000591132
2026-09-21 03:21:08 UTC completed_step=1744 elapsed_seconds=106.112 learning_rate=0.000590957
2026-09-21 03:21:09 UTC completed_step=1760 elapsed_seconds=106.916 learning_rate=0.000590782
2026-09-21 03:21:10 UTC completed_step=1776 elapsed_seconds=107.719 learning_rate=0.000590604
2026-09-21 03:21:11 UTC completed_step=1792 elapsed_seconds=108.521 learning_rate=0.000590425
2026-09-21 03:21:12 UTC step=1792 elapsed_seconds=109.828 mean_loss=4.54524 errors=7031/10002 exact_sentences=1/1024
2026-09-21 03:21:13 UTC completed_step=1808 elapsed_seconds=110.637 learning_rate=0.000590244
2026-09-21 03:21:14 UTC completed_step=1824 elapsed_seconds=111.441 learning_rate=0.000590062
2026-09-21 03:21:14 UTC completed_step=1840 elapsed_seconds=112.243 learning_rate=0.000589877
2026-09-21 03:21:15 UTC completed_step=1856 elapsed_seconds=113.047 learning_rate=0.000589692
2026-09-21 03:21:16 UTC completed_step=1872 elapsed_seconds=113.851 learning_rate=0.000589504
2026-09-21 03:21:17 UTC completed_step=1888 elapsed_seconds=114.655 learning_rate=0.000589315
2026-09-21 03:21:18 UTC completed_step=1904 elapsed_seconds=115.46 learning_rate=0.000589124
2026-09-21 03:21:18 UTC completed_step=1920 elapsed_seconds=116.262 learning_rate=0.000588932
2026-09-21 03:21:20 UTC step=1920 elapsed_seconds=117.58 mean_loss=4.44216 errors=6907/10002 exact_sentences=1/1024
2026-09-21 03:21:21 UTC completed_step=1936 elapsed_seconds=118.389 learning_rate=0.000588738
2026-09-21 03:21:21 UTC completed_step=1952 elapsed_seconds=119.192 learning_rate=0.000588542
2026-09-21 03:21:22 UTC completed_step=1968 elapsed_seconds=119.995 learning_rate=0.000588344
2026-09-21 03:21:23 UTC completed_step=1984 elapsed_seconds=120.797 learning_rate=0.000588145
2026-09-21 03:21:24 UTC completed_step=2000 elapsed_seconds=121.599 learning_rate=0.000587945
2026-09-21 03:21:25 UTC completed_step=2016 elapsed_seconds=122.401 learning_rate=0.000587742
2026-09-21 03:21:25 UTC completed_step=2032 elapsed_seconds=123.203 learning_rate=0.000587538
2026-09-21 03:21:26 UTC completed_step=2048 elapsed_seconds=124.005 learning_rate=0.000587333
2026-09-21 03:21:27 UTC step=2048 elapsed_seconds=125.31 mean_loss=4.34009 errors=6797/10002 exact_sentences=1/1024
2026-09-21 03:21:28 UTC completed_step=2064 elapsed_seconds=126.118 learning_rate=0.000587126
2026-09-21 03:21:29 UTC completed_step=2080 elapsed_seconds=126.92 learning_rate=0.000586917
2026-09-21 03:21:30 UTC completed_step=2096 elapsed_seconds=127.722 learning_rate=0.000586706
2026-09-21 03:21:31 UTC completed_step=2112 elapsed_seconds=128.523 learning_rate=0.000586494
2026-09-21 03:21:31 UTC completed_step=2128 elapsed_seconds=129.325 learning_rate=0.00058628
2026-09-21 03:21:32 UTC completed_step=2144 elapsed_seconds=130.126 learning_rate=0.000586065
2026-09-21 03:21:33 UTC completed_step=2160 elapsed_seconds=130.926 learning_rate=0.000585848
2026-09-21 03:21:34 UTC completed_step=2176 elapsed_seconds=131.726 learning_rate=0.000585629
2026-09-21 03:21:35 UTC step=2176 elapsed_seconds=133.035 mean_loss=4.24225 errors=6644/10002 exact_sentences=1/1024
2026-09-21 03:21:36 UTC completed_step=2192 elapsed_seconds=133.84 learning_rate=0.000585409
2026-09-21 03:21:37 UTC completed_step=2208 elapsed_seconds=134.641 learning_rate=0.000585187
2026-09-21 03:21:38 UTC completed_step=2224 elapsed_seconds=135.441 learning_rate=0.000584963
2026-09-21 03:21:38 UTC completed_step=2240 elapsed_seconds=136.242 learning_rate=0.000584738
2026-09-21 03:21:39 UTC completed_step=2256 elapsed_seconds=137.041 learning_rate=0.000584511
2026-09-21 03:21:40 UTC completed_step=2272 elapsed_seconds=137.842 learning_rate=0.000584282
2026-09-21 03:21:41 UTC completed_step=2288 elapsed_seconds=138.641 learning_rate=0.000584052
2026-09-21 03:21:42 UTC completed_step=2304 elapsed_seconds=139.441 learning_rate=0.000583821
2026-09-21 03:21:43 UTC step=2304 elapsed_seconds=140.752 mean_loss=4.15353 errors=6520/10002 exact_sentences=1/1024
2026-09-21 03:21:44 UTC completed_step=2320 elapsed_seconds=141.558 learning_rate=0.000583587
2026-09-21 03:21:45 UTC completed_step=2336 elapsed_seconds=142.361 learning_rate=0.000583352
2026-09-21 03:21:45 UTC completed_step=2352 elapsed_seconds=143.164 learning_rate=0.000583116
2026-09-21 03:21:46 UTC completed_step=2368 elapsed_seconds=143.97 learning_rate=0.000582877
2026-09-21 03:21:47 UTC completed_step=2384 elapsed_seconds=144.775 learning_rate=0.000582638
2026-09-21 03:21:48 UTC completed_step=2400 elapsed_seconds=145.58 learning_rate=0.000582396
2026-09-21 03:21:49 UTC completed_step=2416 elapsed_seconds=146.385 learning_rate=0.000582153
2026-09-21 03:21:49 UTC completed_step=2432 elapsed_seconds=147.189 learning_rate=0.000581909
2026-09-21 03:21:51 UTC step=2432 elapsed_seconds=148.507 mean_loss=4.04838 errors=6414/10002 exact_sentences=1/1024
2026-09-21 03:21:51 UTC completed_step=2448 elapsed_seconds=149.317 learning_rate=0.000581662
2026-09-21 03:21:52 UTC completed_step=2464 elapsed_seconds=150.122 learning_rate=0.000581414
2026-09-21 03:21:53 UTC completed_step=2480 elapsed_seconds=150.927 learning_rate=0.000581165
2026-09-21 03:21:54 UTC completed_step=2496 elapsed_seconds=151.731 learning_rate=0.000580914
2026-09-21 03:21:55 UTC completed_step=2512 elapsed_seconds=152.534 learning_rate=0.000580661
2026-09-21 03:21:55 UTC completed_step=2528 elapsed_seconds=153.338 learning_rate=0.000580407
2026-09-21 03:21:56 UTC completed_step=2544 elapsed_seconds=154.142 learning_rate=0.000580151
2026-09-21 03:21:57 UTC completed_step=2560 elapsed_seconds=154.946 learning_rate=0.000579894
2026-09-21 03:21:58 UTC step=2560 elapsed_seconds=156.275 mean_loss=3.96249 errors=6333/10002 exact_sentences=1/1024
2026-09-21 03:21:59 UTC completed_step=2576 elapsed_seconds=157.085 learning_rate=0.000579635
2026-09-21 03:22:00 UTC completed_step=2592 elapsed_seconds=157.889 learning_rate=0.000579374
2026-09-21 03:22:01 UTC completed_step=2608 elapsed_seconds=158.693 learning_rate=0.000579112
2026-09-21 03:22:02 UTC completed_step=2624 elapsed_seconds=159.497 learning_rate=0.000578848
2026-09-21 03:22:02 UTC completed_step=2640 elapsed_seconds=160.302 learning_rate=0.000578583
2026-09-21 03:22:03 UTC completed_step=2656 elapsed_seconds=161.107 learning_rate=0.000578316
2026-09-21 03:22:04 UTC completed_step=2672 elapsed_seconds=161.911 learning_rate=0.000578047
2026-09-21 03:22:05 UTC completed_step=2688 elapsed_seconds=162.713 learning_rate=0.000577777
2026-09-21 03:22:06 UTC step=2688 elapsed_seconds=164.017 mean_loss=3.8746 errors=6269/10002 exact_sentences=1/1024
2026-09-21 03:22:07 UTC completed_step=2704 elapsed_seconds=164.822 learning_rate=0.000577505
2026-09-21 03:22:08 UTC completed_step=2720 elapsed_seconds=165.623 learning_rate=0.000577232
2026-09-21 03:22:09 UTC completed_step=2736 elapsed_seconds=166.424 learning_rate=0.000576957
2026-09-21 03:22:09 UTC completed_step=2752 elapsed_seconds=167.226 learning_rate=0.00057668
2026-09-21 03:22:10 UTC completed_step=2768 elapsed_seconds=168.027 learning_rate=0.000576402
2026-09-21 03:22:11 UTC completed_step=2784 elapsed_seconds=168.828 learning_rate=0.000576123
2026-09-21 03:22:12 UTC completed_step=2800 elapsed_seconds=169.63 learning_rate=0.000575842
2026-09-21 03:22:13 UTC completed_step=2816 elapsed_seconds=170.432 learning_rate=0.000575559
2026-09-21 03:22:14 UTC step=2816 elapsed_seconds=171.733 mean_loss=3.78004 errors=6157/10002 exact_sentences=1/1024
2026-09-21 03:22:15 UTC completed_step=2832 elapsed_seconds=172.54 learning_rate=0.000575274
2026-09-21 03:22:15 UTC completed_step=2848 elapsed_seconds=173.342 learning_rate=0.000574989
2026-09-21 03:22:16 UTC completed_step=2864 elapsed_seconds=174.143 learning_rate=0.000574701
2026-09-21 03:22:17 UTC completed_step=2880 elapsed_seconds=174.944 learning_rate=0.000574412
2026-09-21 03:22:18 UTC completed_step=2896 elapsed_seconds=175.746 learning_rate=0.000574121
2026-09-21 03:22:19 UTC completed_step=2912 elapsed_seconds=176.548 learning_rate=0.000573829
2026-09-21 03:22:19 UTC completed_step=2928 elapsed_seconds=177.349 learning_rate=0.000573536
2026-09-21 03:22:20 UTC completed_step=2944 elapsed_seconds=178.151 learning_rate=0.00057324
2026-09-21 03:22:22 UTC step=2944 elapsed_seconds=179.463 mean_loss=3.70086 errors=6080/10002 exact_sentences=1/1024
2026-09-21 03:22:22 UTC completed_step=2960 elapsed_seconds=180.269 learning_rate=0.000572944
2026-09-21 03:22:23 UTC completed_step=2976 elapsed_seconds=181.072 learning_rate=0.000572645
2026-09-21 03:22:24 UTC completed_step=2992 elapsed_seconds=181.874 learning_rate=0.000572345
2026-09-21 03:22:25 UTC completed_step=3008 elapsed_seconds=182.676 learning_rate=0.000572044
2026-09-21 03:22:26 UTC completed_step=3024 elapsed_seconds=183.477 learning_rate=0.000571741
2026-09-21 03:22:26 UTC completed_step=3040 elapsed_seconds=184.278 learning_rate=0.000571436
2026-09-21 03:22:27 UTC completed_step=3056 elapsed_seconds=185.08 learning_rate=0.00057113
2026-09-21 03:22:28 UTC completed_step=3072 elapsed_seconds=185.882 learning_rate=0.000570823
2026-09-21 03:22:29 UTC step=3072 elapsed_seconds=187.18 mean_loss=3.61487 errors=5978/10002 exact_sentences=1/1024
2026-09-21 03:22:30 UTC completed_step=3088 elapsed_seconds=187.987 learning_rate=0.000570514
2026-09-21 03:22:31 UTC completed_step=3104 elapsed_seconds=188.788 learning_rate=0.000570203
2026-09-21 03:22:32 UTC completed_step=3120 elapsed_seconds=189.589 learning_rate=0.000569891
2026-09-21 03:22:33 UTC completed_step=3136 elapsed_seconds=190.39 learning_rate=0.000569577
2026-09-21 03:22:33 UTC completed_step=3152 elapsed_seconds=191.192 learning_rate=0.000569262
2026-09-21 03:22:34 UTC completed_step=3168 elapsed_seconds=191.994 learning_rate=0.000568945
2026-09-21 03:22:35 UTC completed_step=3184 elapsed_seconds=192.795 learning_rate=0.000568627
2026-09-21 03:22:36 UTC completed_step=3200 elapsed_seconds=193.596 learning_rate=0.000568307
2026-09-21 03:22:37 UTC step=3200 elapsed_seconds=194.905 mean_loss=3.53022 errors=5875/10002 exact_sentences=2/1024
2026-09-21 03:22:38 UTC completed_step=3216 elapsed_seconds=195.712 learning_rate=0.000567985
2026-09-21 03:22:39 UTC completed_step=3232 elapsed_seconds=196.513 learning_rate=0.000567663
2026-09-21 03:22:39 UTC completed_step=3248 elapsed_seconds=197.317 learning_rate=0.000567338
2026-09-21 03:22:40 UTC completed_step=3264 elapsed_seconds=198.12 learning_rate=0.000567012
2026-09-21 03:22:41 UTC completed_step=3280 elapsed_seconds=198.924 learning_rate=0.000566685
2026-09-21 03:22:42 UTC completed_step=3296 elapsed_seconds=199.727 learning_rate=0.000566356
2026-09-21 03:22:43 UTC completed_step=3312 elapsed_seconds=200.53 learning_rate=0.000566025
2026-09-21 03:22:43 UTC completed_step=3328 elapsed_seconds=201.334 learning_rate=0.000565694
2026-09-21 03:22:45 UTC step=3328 elapsed_seconds=202.635 mean_loss=3.46077 errors=5769/10002 exact_sentences=2/1024
2026-09-21 03:22:46 UTC completed_step=3344 elapsed_seconds=203.442 learning_rate=0.00056536
2026-09-21 03:22:46 UTC completed_step=3360 elapsed_seconds=204.246 learning_rate=0.000565025
2026-09-21 03:22:47 UTC completed_step=3376 elapsed_seconds=205.049 learning_rate=0.000564689
2026-09-21 03:22:48 UTC completed_step=3392 elapsed_seconds=205.852 learning_rate=0.000564351
2026-09-21 03:22:49 UTC completed_step=3408 elapsed_seconds=206.656 learning_rate=0.000564011
2026-09-21 03:22:50 UTC completed_step=3424 elapsed_seconds=207.46 learning_rate=0.00056367
2026-09-21 03:22:50 UTC completed_step=3440 elapsed_seconds=208.263 learning_rate=0.000563328
2026-09-21 03:22:51 UTC completed_step=3456 elapsed_seconds=209.067 learning_rate=0.000562984
2026-09-21 03:22:53 UTC step=3456 elapsed_seconds=210.385 mean_loss=3.37669 errors=5599/10002 exact_sentences=2/1024
2026-09-21 03:22:53 UTC completed_step=3472 elapsed_seconds=211.194 learning_rate=0.000562639
2026-09-21 03:22:54 UTC completed_step=3488 elapsed_seconds=211.996 learning_rate=0.000562292
2026-09-21 03:22:55 UTC completed_step=3504 elapsed_seconds=212.799 learning_rate=0.000561943
2026-09-21 03:22:56 UTC completed_step=3520 elapsed_seconds=213.604 learning_rate=0.000561594
2026-09-21 03:22:57 UTC completed_step=3536 elapsed_seconds=214.408 learning_rate=0.000561242
2026-09-21 03:22:57 UTC completed_step=3552 elapsed_seconds=215.212 learning_rate=0.000560889
2026-09-21 03:22:58 UTC completed_step=3568 elapsed_seconds=216.014 learning_rate=0.000560535
2026-09-21 03:22:59 UTC completed_step=3584 elapsed_seconds=216.813 learning_rate=0.000560179
2026-09-21 03:23:00 UTC step=3584 elapsed_seconds=218.119 mean_loss=3.3003 errors=5515/10002 exact_sentences=3/1024
2026-09-21 03:23:01 UTC completed_step=3600 elapsed_seconds=218.926 learning_rate=0.000559822
2026-09-21 03:23:02 UTC completed_step=3616 elapsed_seconds=219.728 learning_rate=0.000559464
2026-09-21 03:23:03 UTC completed_step=3632 elapsed_seconds=220.529 learning_rate=0.000559103
2026-09-21 03:23:03 UTC completed_step=3648 elapsed_seconds=221.33 learning_rate=0.000558742
2026-09-21 03:23:04 UTC completed_step=3664 elapsed_seconds=222.131 learning_rate=0.000558379
2026-09-21 03:23:05 UTC completed_step=3680 elapsed_seconds=222.932 learning_rate=0.000558014
2026-09-21 03:23:06 UTC completed_step=3696 elapsed_seconds=223.733 learning_rate=0.000557648
2026-09-21 03:23:07 UTC completed_step=3712 elapsed_seconds=224.534 learning_rate=0.000557281
2026-09-21 03:23:08 UTC step=3712 elapsed_seconds=225.864 mean_loss=3.22134 errors=5441/10002 exact_sentences=3/1024
2026-09-21 03:23:09 UTC completed_step=3728 elapsed_seconds=226.669 learning_rate=0.000556912
2026-09-21 03:23:10 UTC completed_step=3744 elapsed_seconds=227.471 learning_rate=0.000556542
2026-09-21 03:23:10 UTC completed_step=3760 elapsed_seconds=228.271 learning_rate=0.00055617
2026-09-21 03:23:11 UTC completed_step=3776 elapsed_seconds=229.073 learning_rate=0.000555797
2026-09-21 03:23:12 UTC completed_step=3792 elapsed_seconds=229.875 learning_rate=0.000555422
2026-09-21 03:23:13 UTC completed_step=3808 elapsed_seconds=230.676 learning_rate=0.000555046
2026-09-21 03:23:14 UTC completed_step=3824 elapsed_seconds=231.478 learning_rate=0.000554668
2026-09-21 03:23:14 UTC completed_step=3840 elapsed_seconds=232.28 learning_rate=0.000554289
2026-09-21 03:23:16 UTC step=3840 elapsed_seconds=233.594 mean_loss=3.15629 errors=5392/10002 exact_sentences=2/1024
2026-09-21 03:23:17 UTC completed_step=3856 elapsed_seconds=234.401 learning_rate=0.000553909
2026-09-21 03:23:17 UTC completed_step=3872 elapsed_seconds=235.203 learning_rate=0.000553527
2026-09-21 03:23:18 UTC completed_step=3888 elapsed_seconds=236.005 learning_rate=0.000553144
2026-09-21 03:23:19 UTC completed_step=3904 elapsed_seconds=236.807 learning_rate=0.000552759
2026-09-21 03:23:20 UTC completed_step=3920 elapsed_seconds=237.61 learning_rate=0.000552373
2026-09-21 03:23:21 UTC completed_step=3936 elapsed_seconds=238.412 learning_rate=0.000551986
2026-09-21 03:23:21 UTC completed_step=3952 elapsed_seconds=239.212 learning_rate=0.000551597
2026-09-21 03:23:22 UTC completed_step=3968 elapsed_seconds=240.015 learning_rate=0.000551206
2026-09-21 03:23:23 UTC step=3968 elapsed_seconds=241.318 mean_loss=3.0915 errors=5293/10002 exact_sentences=3/1024
2026-09-21 03:23:24 UTC completed_step=3984 elapsed_seconds=242.124 learning_rate=0.000550815
2026-09-21 03:23:25 UTC completed_step=4000 elapsed_seconds=242.926 learning_rate=0.000550421
2026-09-21 03:23:26 UTC completed_step=4016 elapsed_seconds=243.728 learning_rate=0.000550027
2026-09-21 03:23:27 UTC completed_step=4032 elapsed_seconds=244.531 learning_rate=0.000549631
2026-09-21 03:23:27 UTC completed_step=4048 elapsed_seconds=245.334 learning_rate=0.000549234
2026-09-21 03:23:28 UTC completed_step=4064 elapsed_seconds=246.137 learning_rate=0.000548835
2026-09-21 03:23:29 UTC completed_step=4080 elapsed_seconds=246.939 learning_rate=0.000548435
2026-09-21 03:23:30 UTC completed_step=4096 elapsed_seconds=247.742 learning_rate=0.000548033
2026-09-21 03:23:31 UTC step=4096 elapsed_seconds=249.048 mean_loss=3.01214 errors=5137/10002 exact_sentences=3/1024
2026-09-21 03:23:32 UTC completed_step=4112 elapsed_seconds=249.855 learning_rate=0.00054763
2026-09-21 03:23:33 UTC completed_step=4128 elapsed_seconds=250.655 learning_rate=0.000547226
2026-09-21 03:23:34 UTC completed_step=4144 elapsed_seconds=251.458 learning_rate=0.00054682
2026-09-21 03:23:34 UTC completed_step=4160 elapsed_seconds=252.259 learning_rate=0.000546413
2026-09-21 03:23:35 UTC completed_step=4176 elapsed_seconds=253.06 learning_rate=0.000546004
2026-09-21 03:23:36 UTC completed_step=4192 elapsed_seconds=253.861 learning_rate=0.000545595
2026-09-21 03:23:37 UTC completed_step=4208 elapsed_seconds=254.662 learning_rate=0.000545183
2026-09-21 03:23:38 UTC completed_step=4224 elapsed_seconds=255.463 learning_rate=0.000544771
2026-09-21 03:23:39 UTC step=4224 elapsed_seconds=256.764 mean_loss=2.93752 errors=5010/10002 exact_sentences=4/1024
2026-09-21 03:23:40 UTC completed_step=4240 elapsed_seconds=257.57 learning_rate=0.000544357
2026-09-21 03:23:41 UTC completed_step=4256 elapsed_seconds=258.37 learning_rate=0.000543941
2026-09-21 03:23:41 UTC completed_step=4272 elapsed_seconds=259.171 learning_rate=0.000543525
2026-09-21 03:23:42 UTC completed_step=4288 elapsed_seconds=259.974 learning_rate=0.000543107
2026-09-21 03:23:43 UTC completed_step=4304 elapsed_seconds=260.776 learning_rate=0.000542687
2026-09-21 03:23:44 UTC completed_step=4320 elapsed_seconds=261.579 learning_rate=0.000542266
2026-09-21 03:23:45 UTC completed_step=4336 elapsed_seconds=262.381 learning_rate=0.000541844
2026-09-21 03:23:45 UTC completed_step=4352 elapsed_seconds=263.184 learning_rate=0.000541421
2026-09-21 03:23:47 UTC step=4352 elapsed_seconds=264.481 mean_loss=2.87383 errors=4952/10002 exact_sentences=3/1024
2026-09-21 03:23:47 UTC completed_step=4368 elapsed_seconds=265.289 learning_rate=0.000540996
2026-09-21 03:23:48 UTC completed_step=4384 elapsed_seconds=266.092 learning_rate=0.00054057
2026-09-21 03:23:49 UTC completed_step=4400 elapsed_seconds=266.896 learning_rate=0.000540142
2026-09-21 03:23:50 UTC completed_step=4416 elapsed_seconds=267.697 learning_rate=0.000539713
2026-09-21 03:23:51 UTC completed_step=4432 elapsed_seconds=268.501 learning_rate=0.000539283
2026-09-21 03:23:51 UTC completed_step=4448 elapsed_seconds=269.304 learning_rate=0.000538851
2026-09-21 03:23:52 UTC completed_step=4464 elapsed_seconds=270.108 learning_rate=0.000538418
2026-09-21 03:23:53 UTC completed_step=4480 elapsed_seconds=270.912 learning_rate=0.000537984
2026-09-21 03:23:54 UTC step=4480 elapsed_seconds=272.211 mean_loss=2.81312 errors=4726/10002 exact_sentences=3/1024
2026-09-21 03:23:55 UTC completed_step=4496 elapsed_seconds=273.018 learning_rate=0.000537549
2026-09-21 03:23:56 UTC completed_step=4512 elapsed_seconds=273.819 learning_rate=0.000537112
2026-09-21 03:23:57 UTC completed_step=4528 elapsed_seconds=274.62 learning_rate=0.000536674
2026-09-21 03:23:58 UTC completed_step=4544 elapsed_seconds=275.423 learning_rate=0.000536234
2026-09-21 03:23:58 UTC completed_step=4560 elapsed_seconds=276.225 learning_rate=0.000535793
2026-09-21 03:23:59 UTC completed_step=4576 elapsed_seconds=277.026 learning_rate=0.000535351
2026-09-21 03:24:00 UTC completed_step=4592 elapsed_seconds=277.828 learning_rate=0.000534908
2026-09-21 03:24:01 UTC completed_step=4608 elapsed_seconds=278.63 learning_rate=0.000534463
2026-09-21 03:24:02 UTC step=4608 elapsed_seconds=279.937 mean_loss=2.74521 errors=4641/10002 exact_sentences=6/1024
2026-09-21 03:24:03 UTC completed_step=4624 elapsed_seconds=280.745 learning_rate=0.000534017
2026-09-21 03:24:04 UTC completed_step=4640 elapsed_seconds=281.546 learning_rate=0.000533569
2026-09-21 03:24:04 UTC completed_step=4656 elapsed_seconds=282.348 learning_rate=0.000533121
2026-09-21 03:24:05 UTC completed_step=4672 elapsed_seconds=283.151 learning_rate=0.000532671
2026-09-21 03:24:06 UTC completed_step=4688 elapsed_seconds=283.954 learning_rate=0.00053222
2026-09-21 03:24:07 UTC completed_step=4704 elapsed_seconds=284.758 learning_rate=0.000531767
2026-09-21 03:24:08 UTC completed_step=4720 elapsed_seconds=285.562 learning_rate=0.000531313
2026-09-21 03:24:09 UTC completed_step=4736 elapsed_seconds=286.366 learning_rate=0.000530858
2026-09-21 03:24:10 UTC step=4736 elapsed_seconds=287.678 mean_loss=2.68161 errors=4604/10002 exact_sentences=5/1024
2026-09-21 03:24:11 UTC completed_step=4752 elapsed_seconds=288.486 learning_rate=0.000530402
2026-09-21 03:24:11 UTC completed_step=4768 elapsed_seconds=289.289 learning_rate=0.000529944
2026-09-21 03:24:12 UTC completed_step=4784 elapsed_seconds=290.094 learning_rate=0.000529485
2026-09-21 03:24:13 UTC completed_step=4800 elapsed_seconds=290.897 learning_rate=0.000529025
2026-09-21 03:24:14 UTC completed_step=4816 elapsed_seconds=291.7 learning_rate=0.000528563
2026-09-21 03:24:15 UTC completed_step=4832 elapsed_seconds=292.5 learning_rate=0.000528101
2026-09-21 03:24:15 UTC completed_step=4848 elapsed_seconds=293.301 learning_rate=0.000527637
2026-09-21 03:24:16 UTC completed_step=4864 elapsed_seconds=294.101 learning_rate=0.000527171
2026-09-21 03:24:18 UTC step=4864 elapsed_seconds=295.407 mean_loss=2.62581 errors=4561/10002 exact_sentences=6/1024
2026-09-21 03:24:18 UTC completed_step=4880 elapsed_seconds=296.213 learning_rate=0.000526705
2026-09-21 03:24:19 UTC completed_step=4896 elapsed_seconds=297.014 learning_rate=0.000526237
2026-09-21 03:24:20 UTC completed_step=4912 elapsed_seconds=297.814 learning_rate=0.000525768
2026-09-21 03:24:21 UTC completed_step=4928 elapsed_seconds=298.615 learning_rate=0.000525298
2026-09-21 03:24:22 UTC completed_step=4944 elapsed_seconds=299.415 learning_rate=0.000524826
2026-09-21 03:24:22 UTC completed_step=4960 elapsed_seconds=300.215 learning_rate=0.000524353
2026-09-21 03:24:23 UTC completed_step=4976 elapsed_seconds=301.017 learning_rate=0.000523879
2026-09-21 03:24:24 UTC completed_step=4992 elapsed_seconds=301.817 learning_rate=0.000523404
2026-09-21 03:24:25 UTC step=4992 elapsed_seconds=303.125 mean_loss=2.56038 errors=4370/10002 exact_sentences=8/1024
2026-09-21 03:24:26 UTC completed_step=5008 elapsed_seconds=303.931 learning_rate=0.000522927
2026-09-21 03:24:27 UTC completed_step=5024 elapsed_seconds=304.731 learning_rate=0.00052245
2026-09-21 03:24:28 UTC completed_step=5040 elapsed_seconds=305.533 learning_rate=0.000521971
2026-09-21 03:24:28 UTC completed_step=5056 elapsed_seconds=306.335 learning_rate=0.000521491
2026-09-21 03:24:29 UTC completed_step=5072 elapsed_seconds=307.137 learning_rate=0.000521009
2026-09-21 03:24:30 UTC completed_step=5088 elapsed_seconds=307.94 learning_rate=0.000520527
2026-09-21 03:24:31 UTC completed_step=5104 elapsed_seconds=308.742 learning_rate=0.000520043
2026-09-21 03:24:32 UTC completed_step=5120 elapsed_seconds=309.544 learning_rate=0.000519558
2026-09-21 03:24:33 UTC step=5120 elapsed_seconds=310.853 mean_loss=2.51883 errors=4260/10002 exact_sentences=9/1024
2026-09-21 03:24:34 UTC completed_step=5136 elapsed_seconds=311.662 learning_rate=0.000519071
2026-09-21 03:24:35 UTC completed_step=5152 elapsed_seconds=312.464 learning_rate=0.000518584
2026-09-21 03:24:35 UTC completed_step=5168 elapsed_seconds=313.266 learning_rate=0.000518095
2026-09-21 03:24:36 UTC completed_step=5184 elapsed_seconds=314.065 learning_rate=0.000517605
2026-09-21 03:24:37 UTC completed_step=5200 elapsed_seconds=314.864 learning_rate=0.000517114
2026-09-21 03:24:38 UTC completed_step=5216 elapsed_seconds=315.663 learning_rate=0.000516622
2026-09-21 03:24:39 UTC completed_step=5232 elapsed_seconds=316.464 learning_rate=0.000516129
2026-09-21 03:24:39 UTC completed_step=5248 elapsed_seconds=317.264 learning_rate=0.000515634
2026-09-21 03:24:41 UTC step=5248 elapsed_seconds=318.581 mean_loss=2.45051 errors=4167/10002 exact_sentences=11/1024
2026-09-21 03:24:42 UTC completed_step=5264 elapsed_seconds=319.386 learning_rate=0.000515138
2026-09-21 03:24:42 UTC completed_step=5280 elapsed_seconds=320.186 learning_rate=0.000514641
2026-09-21 03:24:43 UTC completed_step=5296 elapsed_seconds=320.986 learning_rate=0.000514143
2026-09-21 03:24:44 UTC completed_step=5312 elapsed_seconds=321.787 learning_rate=0.000513644
2026-09-21 03:24:45 UTC completed_step=5328 elapsed_seconds=322.588 learning_rate=0.000513143
2026-09-21 03:24:46 UTC completed_step=5344 elapsed_seconds=323.388 learning_rate=0.000512641
2026-09-21 03:24:46 UTC completed_step=5360 elapsed_seconds=324.19 learning_rate=0.000512139
2026-09-21 03:24:47 UTC completed_step=5376 elapsed_seconds=324.991 learning_rate=0.000511635
2026-09-21 03:24:48 UTC step=5376 elapsed_seconds=326.288 mean_loss=2.40561 errors=4014/10002 exact_sentences=10/1024
2026-09-21 03:24:49 UTC completed_step=5392 elapsed_seconds=327.096 learning_rate=0.000511129
2026-09-21 03:24:50 UTC completed_step=5408 elapsed_seconds=327.899 learning_rate=0.000510623
2026-09-21 03:24:51 UTC completed_step=5424 elapsed_seconds=328.702 learning_rate=0.000510116
2026-09-21 03:24:52 UTC completed_step=5440 elapsed_seconds=329.506 learning_rate=0.000509607
2026-09-21 03:24:52 UTC completed_step=5456 elapsed_seconds=330.31 learning_rate=0.000509097
2026-09-21 03:24:53 UTC completed_step=5472 elapsed_seconds=331.113 learning_rate=0.000508586
2026-09-21 03:24:54 UTC completed_step=5488 elapsed_seconds=331.917 learning_rate=0.000508074
2026-09-21 03:24:55 UTC completed_step=5504 elapsed_seconds=332.72 learning_rate=0.000507561
2026-09-21 03:24:56 UTC step=5504 elapsed_seconds=334.022 mean_loss=2.34199 errors=3984/10002 exact_sentences=15/1024
2026-09-21 03:24:57 UTC completed_step=5520 elapsed_seconds=334.83 learning_rate=0.000507047
2026-09-21 03:24:58 UTC completed_step=5536 elapsed_seconds=335.632 learning_rate=0.000506531
2026-09-21 03:24:59 UTC completed_step=5552 elapsed_seconds=336.431 learning_rate=0.000506015
2026-09-21 03:24:59 UTC completed_step=5568 elapsed_seconds=337.231 learning_rate=0.000505497
2026-09-21 03:25:00 UTC completed_step=5584 elapsed_seconds=338.031 learning_rate=0.000504978
2026-09-21 03:25:01 UTC completed_step=5600 elapsed_seconds=338.832 learning_rate=0.000504458
2026-09-21 03:25:02 UTC completed_step=5616 elapsed_seconds=339.632 learning_rate=0.000503937
2026-09-21 03:25:03 UTC completed_step=5632 elapsed_seconds=340.433 learning_rate=0.000503415
2026-09-21 03:25:04 UTC step=5632 elapsed_seconds=341.768 mean_loss=2.28913 errors=3936/10002 exact_sentences=13/1024
2026-09-21 03:25:05 UTC completed_step=5648 elapsed_seconds=342.575 learning_rate=0.000502891
2026-09-21 03:25:06 UTC completed_step=5664 elapsed_seconds=343.375 learning_rate=0.000502367
2026-09-21 03:25:06 UTC completed_step=5680 elapsed_seconds=344.176 learning_rate=0.000501842
2026-09-21 03:25:07 UTC completed_step=5696 elapsed_seconds=344.976 learning_rate=0.000501315
2026-09-21 03:25:08 UTC completed_step=5712 elapsed_seconds=345.779 learning_rate=0.000500787
2026-09-21 03:25:09 UTC completed_step=5728 elapsed_seconds=346.583 learning_rate=0.000500259
2026-09-21 03:25:10 UTC completed_step=5744 elapsed_seconds=347.386 learning_rate=0.000499729
2026-09-21 03:25:10 UTC completed_step=5760 elapsed_seconds=348.19 learning_rate=0.000499198
2026-09-21 03:25:12 UTC step=5760 elapsed_seconds=349.492 mean_loss=2.243 errors=3917/10002 exact_sentences=14/1024
2026-09-21 03:25:12 UTC completed_step=5776 elapsed_seconds=350.3 learning_rate=0.000498666
2026-09-21 03:25:13 UTC completed_step=5792 elapsed_seconds=351.103 learning_rate=0.000498133
2026-09-21 03:25:14 UTC completed_step=5808 elapsed_seconds=351.906 learning_rate=0.000497599
2026-09-21 03:25:15 UTC completed_step=5824 elapsed_seconds=352.708 learning_rate=0.000497063
2026-09-21 03:25:16 UTC completed_step=5840 elapsed_seconds=353.511 learning_rate=0.000496527
2026-09-21 03:25:16 UTC completed_step=5856 elapsed_seconds=354.314 learning_rate=0.00049599
2026-09-21 03:25:17 UTC completed_step=5872 elapsed_seconds=355.116 learning_rate=0.000495451
2026-09-21 03:25:18 UTC completed_step=5888 elapsed_seconds=355.919 learning_rate=0.000494912
2026-09-21 03:25:19 UTC step=5888 elapsed_seconds=357.22 mean_loss=2.19493 errors=3785/10002 exact_sentences=15/1024
2026-09-21 03:25:20 UTC completed_step=5904 elapsed_seconds=358.026 learning_rate=0.000494371
2026-09-21 03:25:21 UTC completed_step=5920 elapsed_seconds=358.827 learning_rate=0.00049383
2026-09-21 03:25:22 UTC completed_step=5936 elapsed_seconds=359.629 learning_rate=0.000493287
2026-09-21 03:25:23 UTC completed_step=5952 elapsed_seconds=360.43 learning_rate=0.000492743
2026-09-21 03:25:23 UTC completed_step=5968 elapsed_seconds=361.231 learning_rate=0.000492199
2026-09-21 03:25:24 UTC completed_step=5984 elapsed_seconds=362.032 learning_rate=0.000491653
2026-09-21 03:25:25 UTC completed_step=6000 elapsed_seconds=362.833 learning_rate=0.000491106
2026-09-21 03:25:26 UTC completed_step=6016 elapsed_seconds=363.634 learning_rate=0.000490558
2026-09-21 03:25:27 UTC step=6016 elapsed_seconds=364.93 mean_loss=2.13991 errors=3691/10002 exact_sentences=22/1024
2026-09-21 03:25:28 UTC completed_step=6032 elapsed_seconds=365.736 learning_rate=0.00049001
2026-09-21 03:25:29 UTC completed_step=6048 elapsed_seconds=366.537 learning_rate=0.00048946
2026-09-21 03:25:29 UTC completed_step=6064 elapsed_seconds=367.337 learning_rate=0.000488909
2026-09-21 03:25:30 UTC completed_step=6080 elapsed_seconds=368.14 learning_rate=0.000488357
2026-09-21 03:25:31 UTC completed_step=6096 elapsed_seconds=368.942 learning_rate=0.000487804
2026-09-21 03:25:32 UTC completed_step=6112 elapsed_seconds=369.746 learning_rate=0.00048725
2026-09-21 03:25:33 UTC completed_step=6128 elapsed_seconds=370.551 learning_rate=0.000486695
2026-09-21 03:25:33 UTC completed_step=6144 elapsed_seconds=371.355 learning_rate=0.000486139
2026-09-21 03:25:35 UTC step=6144 elapsed_seconds=372.684 mean_loss=2.09627 errors=3553/10002 exact_sentences=27/1024
2026-09-21 03:25:36 UTC completed_step=6160 elapsed_seconds=373.493 learning_rate=0.000485583
2026-09-21 03:25:36 UTC completed_step=6176 elapsed_seconds=374.297 learning_rate=0.000485025
2026-09-21 03:25:37 UTC completed_step=6192 elapsed_seconds=375.102 learning_rate=0.000484466
2026-09-21 03:25:38 UTC completed_step=6208 elapsed_seconds=375.907 learning_rate=0.000483906
2026-09-21 03:25:39 UTC completed_step=6224 elapsed_seconds=376.711 learning_rate=0.000483345
2026-09-21 03:25:40 UTC completed_step=6240 elapsed_seconds=377.515 learning_rate=0.000482783
2026-09-21 03:25:40 UTC completed_step=6256 elapsed_seconds=378.315 learning_rate=0.00048222
2026-09-21 03:25:41 UTC completed_step=6272 elapsed_seconds=379.116 learning_rate=0.000481657
2026-09-21 03:25:43 UTC step=6272 elapsed_seconds=380.449 mean_loss=2.04274 errors=3537/10002 exact_sentences=30/1024
2026-09-21 03:25:43 UTC completed_step=6288 elapsed_seconds=381.253 learning_rate=0.000481092
2026-09-21 03:25:44 UTC completed_step=6304 elapsed_seconds=382.054 learning_rate=0.000480526
2026-09-21 03:25:45 UTC completed_step=6320 elapsed_seconds=382.856 learning_rate=0.00047996
2026-09-21 03:25:46 UTC completed_step=6336 elapsed_seconds=383.657 learning_rate=0.000479392
2026-09-21 03:25:47 UTC completed_step=6352 elapsed_seconds=384.459 learning_rate=0.000478823
2026-09-21 03:25:47 UTC completed_step=6368 elapsed_seconds=385.261 learning_rate=0.000478254
2026-09-21 03:25:48 UTC completed_step=6384 elapsed_seconds=386.061 learning_rate=0.000477684
2026-09-21 03:25:49 UTC completed_step=6400 elapsed_seconds=386.863 learning_rate=0.000477112
2026-09-21 03:25:50 UTC step=6400 elapsed_seconds=388.18 mean_loss=1.99297 errors=3422/10002 exact_sentences=24/1024
2026-09-21 03:25:51 UTC completed_step=6416 elapsed_seconds=388.986 learning_rate=0.00047654
2026-09-21 03:25:52 UTC completed_step=6432 elapsed_seconds=389.787 learning_rate=0.000475966
2026-09-21 03:25:53 UTC completed_step=6448 elapsed_seconds=390.588 learning_rate=0.000475392
2026-09-21 03:25:54 UTC completed_step=6464 elapsed_seconds=391.388 learning_rate=0.000474817
2026-09-21 03:25:54 UTC completed_step=6480 elapsed_seconds=392.19 learning_rate=0.000474241
2026-09-21 03:25:55 UTC completed_step=6496 elapsed_seconds=392.993 learning_rate=0.000473664
2026-09-21 03:25:56 UTC completed_step=6512 elapsed_seconds=393.795 learning_rate=0.000473086
2026-09-21 03:25:57 UTC completed_step=6528 elapsed_seconds=394.597 learning_rate=0.000472507
2026-09-21 03:25:58 UTC step=6528 elapsed_seconds=395.901 mean_loss=1.94624 errors=3281/10002 exact_sentences=37/1024
2026-09-21 03:25:59 UTC completed_step=6544 elapsed_seconds=396.708 learning_rate=0.000471928
2026-09-21 03:26:00 UTC completed_step=6560 elapsed_seconds=397.51 learning_rate=0.000471347
2026-09-21 03:26:00 UTC completed_step=6576 elapsed_seconds=398.311 learning_rate=0.000470766
2026-09-21 03:26:01 UTC completed_step=6592 elapsed_seconds=399.113 learning_rate=0.000470183
2026-09-21 03:26:02 UTC completed_step=6608 elapsed_seconds=399.914 learning_rate=0.0004696
2026-09-21 03:26:03 UTC completed_step=6624 elapsed_seconds=400.714 learning_rate=0.000469016
2026-09-21 03:26:04 UTC completed_step=6640 elapsed_seconds=401.515 learning_rate=0.000468431
2026-09-21 03:26:04 UTC completed_step=6656 elapsed_seconds=402.315 learning_rate=0.000467845
2026-09-21 03:26:06 UTC step=6656 elapsed_seconds=403.612 mean_loss=1.90971 errors=3276/10002 exact_sentences=41/1024
2026-09-21 03:26:07 UTC completed_step=6672 elapsed_seconds=404.418 learning_rate=0.000467258
2026-09-21 03:26:07 UTC completed_step=6688 elapsed_seconds=405.219 learning_rate=0.00046667
2026-09-21 03:26:08 UTC completed_step=6704 elapsed_seconds=406.019 learning_rate=0.000466081
2026-09-21 03:26:09 UTC completed_step=6720 elapsed_seconds=406.82 learning_rate=0.000465492
2026-09-21 03:26:10 UTC completed_step=6736 elapsed_seconds=407.62 learning_rate=0.000464902
2026-09-21 03:26:11 UTC completed_step=6752 elapsed_seconds=408.42 learning_rate=0.00046431
2026-09-21 03:26:11 UTC completed_step=6768 elapsed_seconds=409.221 learning_rate=0.000463718
2026-09-21 03:26:12 UTC completed_step=6784 elapsed_seconds=410.022 learning_rate=0.000463125
2026-09-21 03:26:13 UTC step=6784 elapsed_seconds=411.325 mean_loss=1.86397 errors=3188/10002 exact_sentences=45/1024
2026-09-21 03:26:14 UTC completed_step=6800 elapsed_seconds=412.133 learning_rate=0.000462532
2026-09-21 03:26:15 UTC completed_step=6816 elapsed_seconds=412.936 learning_rate=0.000461937
2026-09-21 03:26:16 UTC completed_step=6832 elapsed_seconds=413.739 learning_rate=0.000461342
2026-09-21 03:26:17 UTC completed_step=6848 elapsed_seconds=414.541 learning_rate=0.000460745
2026-09-21 03:26:17 UTC completed_step=6864 elapsed_seconds=415.342 learning_rate=0.000460148
2026-09-21 03:26:18 UTC completed_step=6880 elapsed_seconds=416.145 learning_rate=0.00045955
2026-09-21 03:26:19 UTC completed_step=6896 elapsed_seconds=416.947 learning_rate=0.000458951
2026-09-21 03:26:20 UTC completed_step=6912 elapsed_seconds=417.751 learning_rate=0.000458352
2026-09-21 03:26:21 UTC step=6912 elapsed_seconds=419.059 mean_loss=1.82541 errors=3137/10002 exact_sentences=45/1024
2026-09-21 03:26:22 UTC completed_step=6928 elapsed_seconds=419.866 learning_rate=0.000457751
2026-09-21 03:26:23 UTC completed_step=6944 elapsed_seconds=420.669 learning_rate=0.00045715
2026-09-21 03:26:24 UTC completed_step=6960 elapsed_seconds=421.471 learning_rate=0.000456548
2026-09-21 03:26:24 UTC completed_step=6976 elapsed_seconds=422.27 learning_rate=0.000455945
2026-09-21 03:26:25 UTC completed_step=6992 elapsed_seconds=423.07 learning_rate=0.000455342
2026-09-21 03:26:26 UTC completed_step=7008 elapsed_seconds=423.87 learning_rate=0.000454737
2026-09-21 03:26:27 UTC completed_step=7024 elapsed_seconds=424.672 learning_rate=0.000454132
2026-09-21 03:26:28 UTC completed_step=7040 elapsed_seconds=425.474 learning_rate=0.000453526
2026-09-21 03:26:29 UTC step=7040 elapsed_seconds=426.777 mean_loss=1.78201 errors=3010/10002 exact_sentences=59/1024
2026-09-21 03:26:30 UTC completed_step=7056 elapsed_seconds=427.584 learning_rate=0.000452919
2026-09-21 03:26:31 UTC completed_step=7072 elapsed_seconds=428.386 learning_rate=0.000452312
2026-09-21 03:26:31 UTC completed_step=7088 elapsed_seconds=429.188 learning_rate=0.000451703
2026-09-21 03:26:32 UTC completed_step=7104 elapsed_seconds=429.988 learning_rate=0.000451094
2026-09-21 03:26:33 UTC completed_step=7120 elapsed_seconds=430.79 learning_rate=0.000450484
2026-09-21 03:26:34 UTC completed_step=7136 elapsed_seconds=431.592 learning_rate=0.000449873
2026-09-21 03:26:35 UTC completed_step=7152 elapsed_seconds=432.392 learning_rate=0.000449262
2026-09-21 03:26:35 UTC completed_step=7168 elapsed_seconds=433.193 learning_rate=0.00044865
2026-09-21 03:26:37 UTC step=7168 elapsed_seconds=434.498 mean_loss=1.75479 errors=2948/10002 exact_sentences=58/1024
2026-09-21 03:26:37 UTC completed_step=7184 elapsed_seconds=435.305 learning_rate=0.000448037
2026-09-21 03:26:38 UTC completed_step=7200 elapsed_seconds=436.107 learning_rate=0.000447423
2026-09-21 03:26:39 UTC completed_step=7216 elapsed_seconds=436.91 learning_rate=0.000446808
2026-09-21 03:26:40 UTC completed_step=7232 elapsed_seconds=437.713 learning_rate=0.000446193
2026-09-21 03:26:41 UTC completed_step=7248 elapsed_seconds=438.515 learning_rate=0.000445577
2026-09-21 03:26:41 UTC completed_step=7264 elapsed_seconds=439.316 learning_rate=0.00044496
2026-09-21 03:26:42 UTC completed_step=7280 elapsed_seconds=440.119 learning_rate=0.000444343
2026-09-21 03:26:43 UTC completed_step=7296 elapsed_seconds=440.922 learning_rate=0.000443725
2026-09-21 03:26:44 UTC step=7296 elapsed_seconds=442.247 mean_loss=1.70248 errors=2876/10002 exact_sentences=73/1024
2026-09-21 03:26:45 UTC completed_step=7312 elapsed_seconds=443.054 learning_rate=0.000443106
2026-09-21 03:26:46 UTC completed_step=7328 elapsed_seconds=443.854 learning_rate=0.000442486
2026-09-21 03:26:47 UTC completed_step=7344 elapsed_seconds=444.656 learning_rate=0.000441866
2026-09-21 03:26:48 UTC completed_step=7360 elapsed_seconds=445.457 learning_rate=0.000441245
2026-09-21 03:26:48 UTC completed_step=7376 elapsed_seconds=446.26 learning_rate=0.000440623
2026-09-21 03:26:49 UTC completed_step=7392 elapsed_seconds=447.062 learning_rate=0.000440001
2026-09-21 03:26:50 UTC completed_step=7408 elapsed_seconds=447.865 learning_rate=0.000439377
2026-09-21 03:26:51 UTC completed_step=7424 elapsed_seconds=448.667 learning_rate=0.000438754
2026-09-21 03:26:52 UTC step=7424 elapsed_seconds=449.982 mean_loss=1.65759 errors=2745/10002 exact_sentences=85/1024
2026-09-21 03:26:53 UTC completed_step=7440 elapsed_seconds=450.788 learning_rate=0.000438129
2026-09-21 03:26:54 UTC completed_step=7456 elapsed_seconds=451.59 learning_rate=0.000437504
2026-09-21 03:26:55 UTC completed_step=7472 elapsed_seconds=452.392 learning_rate=0.000436878
2026-09-21 03:26:55 UTC completed_step=7488 elapsed_seconds=453.193 learning_rate=0.000436251
2026-09-21 03:26:56 UTC completed_step=7504 elapsed_seconds=453.992 learning_rate=0.000435624
2026-09-21 03:26:57 UTC completed_step=7520 elapsed_seconds=454.792 learning_rate=0.000434996
2026-09-21 03:26:58 UTC completed_step=7536 elapsed_seconds=455.592 learning_rate=0.000434367
2026-09-21 03:26:59 UTC completed_step=7552 elapsed_seconds=456.393 learning_rate=0.000433738
2026-09-21 03:27:00 UTC step=7552 elapsed_seconds=457.7 mean_loss=1.63651 errors=2840/10002 exact_sentences=73/1024
2026-09-21 03:27:01 UTC completed_step=7568 elapsed_seconds=458.506 learning_rate=0.000433108
2026-09-21 03:27:01 UTC completed_step=7584 elapsed_seconds=459.307 learning_rate=0.000432477
2026-09-21 03:27:02 UTC completed_step=7600 elapsed_seconds=460.109 learning_rate=0.000431846
2026-09-21 03:27:03 UTC completed_step=7616 elapsed_seconds=460.91 learning_rate=0.000431214
2026-09-21 03:27:04 UTC completed_step=7632 elapsed_seconds=461.711 learning_rate=0.000430581
2026-09-21 03:27:05 UTC completed_step=7648 elapsed_seconds=462.511 learning_rate=0.000429948
2026-09-21 03:27:05 UTC completed_step=7664 elapsed_seconds=463.313 learning_rate=0.000429314
2026-09-21 03:27:06 UTC completed_step=7680 elapsed_seconds=464.117 learning_rate=0.00042868
2026-09-21 03:27:08 UTC step=7680 elapsed_seconds=465.433 mean_loss=1.59393 errors=2684/10002 exact_sentences=82/1024
2026-09-21 03:27:08 UTC completed_step=7696 elapsed_seconds=466.243 learning_rate=0.000428045
2026-09-21 03:27:09 UTC completed_step=7712 elapsed_seconds=467.048 learning_rate=0.000427409
2026-09-21 03:27:10 UTC completed_step=7728 elapsed_seconds=467.854 learning_rate=0.000426773
2026-09-21 03:27:11 UTC completed_step=7744 elapsed_seconds=468.66 learning_rate=0.000426136
2026-09-21 03:27:12 UTC completed_step=7760 elapsed_seconds=469.465 learning_rate=0.000425498
2026-09-21 03:27:12 UTC completed_step=7776 elapsed_seconds=470.27 learning_rate=0.00042486
2026-09-21 03:27:13 UTC completed_step=7792 elapsed_seconds=471.075 learning_rate=0.000424221
2026-09-21 03:27:14 UTC completed_step=7808 elapsed_seconds=471.881 learning_rate=0.000423582
2026-09-21 03:27:15 UTC step=7808 elapsed_seconds=473.203 mean_loss=1.57685 errors=2770/10002 exact_sentences=90/1024
2026-09-21 03:27:16 UTC completed_step=7824 elapsed_seconds=474.012 learning_rate=0.000422942
2026-09-21 03:27:17 UTC completed_step=7840 elapsed_seconds=474.817 learning_rate=0.000422301
2026-09-21 03:27:18 UTC completed_step=7856 elapsed_seconds=475.621 learning_rate=0.00042166
2026-09-21 03:27:19 UTC completed_step=7872 elapsed_seconds=476.423 learning_rate=0.000421018
2026-09-21 03:27:19 UTC completed_step=7888 elapsed_seconds=477.225 learning_rate=0.000420376
2026-09-21 03:27:20 UTC completed_step=7904 elapsed_seconds=478.027 learning_rate=0.000419733
2026-09-21 03:27:21 UTC completed_step=7920 elapsed_seconds=478.83 learning_rate=0.000419089
2026-09-21 03:27:22 UTC completed_step=7936 elapsed_seconds=479.635 learning_rate=0.000418445
2026-09-21 03:27:23 UTC step=7936 elapsed_seconds=480.949 mean_loss=1.52832 errors=2524/10002 exact_sentences=101/1024
2026-09-21 03:27:24 UTC completed_step=7952 elapsed_seconds=481.757 learning_rate=0.0004178
2026-09-21 03:27:25 UTC completed_step=7968 elapsed_seconds=482.561 learning_rate=0.000417155
2026-09-21 03:27:26 UTC completed_step=7984 elapsed_seconds=483.365 learning_rate=0.000416509
2026-09-21 03:27:26 UTC completed_step=8000 elapsed_seconds=484.168 learning_rate=0.000415863
2026-09-21 03:27:27 UTC completed_step=8016 elapsed_seconds=484.973 learning_rate=0.000415216
2026-09-21 03:27:28 UTC completed_step=8032 elapsed_seconds=485.775 learning_rate=0.000414569
2026-09-21 03:27:29 UTC completed_step=8048 elapsed_seconds=486.577 learning_rate=0.000413921
2026-09-21 03:27:30 UTC completed_step=8064 elapsed_seconds=487.378 learning_rate=0.000413272
2026-09-21 03:27:31 UTC step=8064 elapsed_seconds=488.686 mean_loss=1.49267 errors=2464/10002 exact_sentences=121/1024
2026-09-21 03:27:32 UTC completed_step=8080 elapsed_seconds=489.491 learning_rate=0.000412623
2026-09-21 03:27:32 UTC completed_step=8096 elapsed_seconds=490.293 learning_rate=0.000411974
2026-09-21 03:27:33 UTC completed_step=8112 elapsed_seconds=491.095 learning_rate=0.000411324
2026-09-21 03:27:34 UTC completed_step=8128 elapsed_seconds=491.896 learning_rate=0.000410673
2026-09-21 03:27:35 UTC completed_step=8144 elapsed_seconds=492.697 learning_rate=0.000410022
2026-09-21 03:27:36 UTC completed_step=8160 elapsed_seconds=493.498 learning_rate=0.000409371
2026-09-21 03:27:36 UTC completed_step=8176 elapsed_seconds=494.299 learning_rate=0.000408718
2026-09-21 03:27:37 UTC completed_step=8192 elapsed_seconds=495.101 learning_rate=0.000408066
2026-09-21 03:27:39 UTC step=8192 elapsed_seconds=496.414 mean_loss=1.4613 errors=2439/10002 exact_sentences=119/1024
2026-09-21 03:27:39 UTC completed_step=8208 elapsed_seconds=497.223 learning_rate=0.000407413
2026-09-21 03:27:40 UTC completed_step=8224 elapsed_seconds=498.025 learning_rate=0.000406759
2026-09-21 03:27:41 UTC completed_step=8240 elapsed_seconds=498.827 learning_rate=0.000406105
2026-09-21 03:27:42 UTC completed_step=8256 elapsed_seconds=499.63 learning_rate=0.00040545
2026-09-21 03:27:43 UTC completed_step=8272 elapsed_seconds=500.433 learning_rate=0.000404795
2026-09-21 03:27:43 UTC completed_step=8288 elapsed_seconds=501.235 learning_rate=0.00040414
2026-09-21 03:27:44 UTC completed_step=8304 elapsed_seconds=502.037 learning_rate=0.000403484
2026-09-21 03:27:45 UTC completed_step=8320 elapsed_seconds=502.84 learning_rate=0.000402827
2026-09-21 03:27:46 UTC step=8320 elapsed_seconds=504.145 mean_loss=1.43542 errors=2414/10002 exact_sentences=125/1024
2026-09-21 03:27:47 UTC completed_step=8336 elapsed_seconds=504.952 learning_rate=0.00040217
2026-09-21 03:27:48 UTC completed_step=8352 elapsed_seconds=505.754 learning_rate=0.000401513
2026-09-21 03:27:49 UTC completed_step=8368 elapsed_seconds=506.557 learning_rate=0.000400855
2026-09-21 03:27:50 UTC completed_step=8384 elapsed_seconds=507.358 learning_rate=0.000400197
2026-09-21 03:27:50 UTC completed_step=8400 elapsed_seconds=508.159 learning_rate=0.000399538
2026-09-21 03:27:51 UTC completed_step=8416 elapsed_seconds=508.959 learning_rate=0.000398879
2026-09-21 03:27:52 UTC completed_step=8432 elapsed_seconds=509.759 learning_rate=0.000398219
2026-09-21 03:27:53 UTC completed_step=8448 elapsed_seconds=510.56 learning_rate=0.000397559
2026-09-21 03:27:54 UTC step=8448 elapsed_seconds=511.868 mean_loss=1.39215 errors=2272/10002 exact_sentences=131/1024
2026-09-21 03:27:55 UTC completed_step=8464 elapsed_seconds=512.675 learning_rate=0.000396899
2026-09-21 03:27:56 UTC completed_step=8480 elapsed_seconds=513.477 learning_rate=0.000396238
2026-09-21 03:27:56 UTC completed_step=8496 elapsed_seconds=514.279 learning_rate=0.000395576
2026-09-21 03:27:57 UTC completed_step=8512 elapsed_seconds=515.081 learning_rate=0.000394914
2026-09-21 03:27:58 UTC completed_step=8528 elapsed_seconds=515.883 learning_rate=0.000394252
2026-09-21 03:27:59 UTC completed_step=8544 elapsed_seconds=516.684 learning_rate=0.00039359
2026-09-21 03:28:00 UTC completed_step=8560 elapsed_seconds=517.485 learning_rate=0.000392927
2026-09-21 03:28:00 UTC completed_step=8576 elapsed_seconds=518.287 learning_rate=0.000392263
2026-09-21 03:28:02 UTC step=8576 elapsed_seconds=519.594 mean_loss=1.36383 errors=2255/10002 exact_sentences=138/1024
2026-09-21 03:28:03 UTC completed_step=8592 elapsed_seconds=520.4 learning_rate=0.000391599
2026-09-21 03:28:03 UTC completed_step=8608 elapsed_seconds=521.201 learning_rate=0.000390935
2026-09-21 03:28:04 UTC completed_step=8624 elapsed_seconds=522.002 learning_rate=0.000390271
2026-09-21 03:28:05 UTC completed_step=8640 elapsed_seconds=522.805 learning_rate=0.000389606
2026-09-21 03:28:06 UTC completed_step=8656 elapsed_seconds=523.608 learning_rate=0.00038894
2026-09-21 03:28:07 UTC completed_step=8672 elapsed_seconds=524.41 learning_rate=0.000388275
2026-09-21 03:28:07 UTC completed_step=8688 elapsed_seconds=525.212 learning_rate=0.000387608
2026-09-21 03:28:08 UTC completed_step=8704 elapsed_seconds=526.015 learning_rate=0.000386942
2026-09-21 03:28:09 UTC step=8704 elapsed_seconds=527.323 mean_loss=1.33322 errors=2233/10002 exact_sentences=147/1024
2026-09-21 03:28:10 UTC completed_step=8720 elapsed_seconds=528.132 learning_rate=0.000386275
2026-09-21 03:28:11 UTC completed_step=8736 elapsed_seconds=528.935 learning_rate=0.000385608
2026-09-21 03:28:12 UTC completed_step=8752 elapsed_seconds=529.736 learning_rate=0.00038494
2026-09-21 03:28:13 UTC completed_step=8768 elapsed_seconds=530.537 learning_rate=0.000384272
2026-09-21 03:28:13 UTC completed_step=8784 elapsed_seconds=531.339 learning_rate=0.000383604
2026-09-21 03:28:14 UTC completed_step=8800 elapsed_seconds=532.14 learning_rate=0.000382936
2026-09-21 03:28:15 UTC completed_step=8816 elapsed_seconds=532.944 learning_rate=0.000382267
2026-09-21 03:28:16 UTC completed_step=8832 elapsed_seconds=533.747 learning_rate=0.000381597
2026-09-21 03:28:17 UTC step=8832 elapsed_seconds=535.062 mean_loss=1.30113 errors=2112/10002 exact_sentences=166/1024
2026-09-21 03:28:18 UTC completed_step=8848 elapsed_seconds=535.87 learning_rate=0.000380928
2026-09-21 03:28:19 UTC completed_step=8864 elapsed_seconds=536.672 learning_rate=0.000380258
2026-09-21 03:28:20 UTC completed_step=8880 elapsed_seconds=537.475 learning_rate=0.000379588
2026-09-21 03:28:20 UTC completed_step=8896 elapsed_seconds=538.278 learning_rate=0.000378917
2026-09-21 03:28:21 UTC completed_step=8912 elapsed_seconds=539.081 learning_rate=0.000378246
2026-09-21 03:28:22 UTC completed_step=8928 elapsed_seconds=539.882 learning_rate=0.000377575
2026-09-21 03:28:23 UTC completed_step=8944 elapsed_seconds=540.684 learning_rate=0.000376904
2026-09-21 03:28:24 UTC completed_step=8960 elapsed_seconds=541.486 learning_rate=0.000376232
2026-09-21 03:28:25 UTC step=8960 elapsed_seconds=542.786 mean_loss=1.28145 errors=2079/10002 exact_sentences=175/1024
2026-09-21 03:28:26 UTC completed_step=8976 elapsed_seconds=543.592 learning_rate=0.00037556
2026-09-21 03:28:27 UTC completed_step=8992 elapsed_seconds=544.396 learning_rate=0.000374887
2026-09-21 03:28:27 UTC completed_step=9008 elapsed_seconds=545.198 learning_rate=0.000374215
2026-09-21 03:28:28 UTC completed_step=9024 elapsed_seconds=546.001 learning_rate=0.000373542
2026-09-21 03:28:29 UTC completed_step=9040 elapsed_seconds=546.803 learning_rate=0.000372869
2026-09-21 03:28:30 UTC completed_step=9056 elapsed_seconds=547.606 learning_rate=0.000372195
2026-09-21 03:28:31 UTC completed_step=9072 elapsed_seconds=548.408 learning_rate=0.000371521
2026-09-21 03:28:31 UTC completed_step=9088 elapsed_seconds=549.211 learning_rate=0.000370847
2026-09-21 03:28:33 UTC step=9088 elapsed_seconds=550.525 mean_loss=1.25561 errors=2023/10002 exact_sentences=179/1024
2026-09-21 03:28:33 UTC completed_step=9104 elapsed_seconds=551.334 learning_rate=0.000370173
2026-09-21 03:28:34 UTC completed_step=9120 elapsed_seconds=552.138 learning_rate=0.000369499
2026-09-21 03:28:35 UTC completed_step=9136 elapsed_seconds=552.943 learning_rate=0.000368824
2026-09-21 03:28:36 UTC completed_step=9152 elapsed_seconds=553.748 learning_rate=0.000368149
2026-09-21 03:28:37 UTC completed_step=9168 elapsed_seconds=554.553 learning_rate=0.000367474
2026-09-21 03:28:38 UTC completed_step=9184 elapsed_seconds=555.358 learning_rate=0.000366798
2026-09-21 03:28:38 UTC completed_step=9200 elapsed_seconds=556.163 learning_rate=0.000366122
2026-09-21 03:28:39 UTC completed_step=9216 elapsed_seconds=556.967 learning_rate=0.000365446
2026-09-21 03:28:40 UTC step=9216 elapsed_seconds=558.269 mean_loss=1.23327 errors=2030/10002 exact_sentences=178/1024
2026-09-21 03:28:41 UTC completed_step=9232 elapsed_seconds=559.079 learning_rate=0.00036477
2026-09-21 03:28:42 UTC completed_step=9248 elapsed_seconds=559.884 learning_rate=0.000364094
2026-09-21 03:28:43 UTC completed_step=9264 elapsed_seconds=560.689 learning_rate=0.000363417
2026-09-21 03:28:44 UTC completed_step=9280 elapsed_seconds=561.493 learning_rate=0.00036274
2026-09-21 03:28:44 UTC completed_step=9296 elapsed_seconds=562.297 learning_rate=0.000362063
2026-09-21 03:28:45 UTC completed_step=9312 elapsed_seconds=563.102 learning_rate=0.000361386
2026-09-21 03:28:46 UTC completed_step=9328 elapsed_seconds=563.907 learning_rate=0.000360708
2026-09-21 03:28:47 UTC completed_step=9344 elapsed_seconds=564.712 learning_rate=0.000360031
2026-09-21 03:28:48 UTC step=9344 elapsed_seconds=566.006 mean_loss=1.19918 errors=1945/10002 exact_sentences=193/1024
2026-09-21 03:28:49 UTC completed_step=9360 elapsed_seconds=566.816 learning_rate=0.000359353
2026-09-21 03:28:50 UTC completed_step=9376 elapsed_seconds=567.622 learning_rate=0.000358675
2026-09-21 03:28:51 UTC completed_step=9392 elapsed_seconds=568.426 learning_rate=0.000357997
2026-09-21 03:28:51 UTC completed_step=9408 elapsed_seconds=569.232 learning_rate=0.000357318
2026-09-21 03:28:52 UTC completed_step=9424 elapsed_seconds=570.038 learning_rate=0.00035664
2026-09-21 03:28:53 UTC completed_step=9440 elapsed_seconds=570.843 learning_rate=0.000355961
2026-09-21 03:28:54 UTC completed_step=9456 elapsed_seconds=571.647 learning_rate=0.000355282
2026-09-21 03:28:55 UTC completed_step=9472 elapsed_seconds=572.449 learning_rate=0.000354603
2026-09-21 03:28:56 UTC step=9472 elapsed_seconds=573.761 mean_loss=1.18184 errors=1963/10002 exact_sentences=195/1024
2026-09-21 03:28:57 UTC completed_step=9488 elapsed_seconds=574.567 learning_rate=0.000353924
2026-09-21 03:28:58 UTC completed_step=9504 elapsed_seconds=575.367 learning_rate=0.000353244
2026-09-21 03:28:58 UTC completed_step=9520 elapsed_seconds=576.167 learning_rate=0.000352565
2026-09-21 03:28:59 UTC completed_step=9536 elapsed_seconds=576.968 learning_rate=0.000351885
2026-09-21 03:29:00 UTC completed_step=9552 elapsed_seconds=577.77 learning_rate=0.000351205
2026-09-21 03:29:01 UTC completed_step=9568 elapsed_seconds=578.571 learning_rate=0.000350525
2026-09-21 03:29:02 UTC completed_step=9584 elapsed_seconds=579.373 learning_rate=0.000349845
2026-09-21 03:29:02 UTC completed_step=9600 elapsed_seconds=580.175 learning_rate=0.000349165
2026-09-21 03:29:04 UTC step=9600 elapsed_seconds=581.481 mean_loss=1.16024 errors=1935/10002 exact_sentences=215/1024
2026-09-21 03:29:04 UTC completed_step=9616 elapsed_seconds=582.288 learning_rate=0.000348485
2026-09-21 03:29:05 UTC completed_step=9632 elapsed_seconds=583.09 learning_rate=0.000347804
2026-09-21 03:29:06 UTC completed_step=9648 elapsed_seconds=583.894 learning_rate=0.000347124
2026-09-21 03:29:07 UTC completed_step=9664 elapsed_seconds=584.698 learning_rate=0.000346443
2026-09-21 03:29:08 UTC completed_step=9680 elapsed_seconds=585.501 learning_rate=0.000345762
2026-09-21 03:29:08 UTC completed_step=9696 elapsed_seconds=586.305 learning_rate=0.000345081
2026-09-21 03:29:09 UTC completed_step=9712 elapsed_seconds=587.111 learning_rate=0.0003444
2026-09-21 03:29:10 UTC completed_step=9728 elapsed_seconds=587.916 learning_rate=0.000343719
2026-09-21 03:29:11 UTC step=9728 elapsed_seconds=589.212 mean_loss=1.13345 errors=1827/10002 exact_sentences=230/1024
2026-09-21 03:29:12 UTC completed_step=9744 elapsed_seconds=590.023 learning_rate=0.000343038
2026-09-21 03:29:13 UTC completed_step=9760 elapsed_seconds=590.829 learning_rate=0.000342357
2026-09-21 03:29:14 UTC completed_step=9776 elapsed_seconds=591.634 learning_rate=0.000341676
2026-09-21 03:29:15 UTC completed_step=9792 elapsed_seconds=592.439 learning_rate=0.000340994
2026-09-21 03:29:15 UTC completed_step=9808 elapsed_seconds=593.243 learning_rate=0.000340313
2026-09-21 03:29:16 UTC completed_step=9824 elapsed_seconds=594.044 learning_rate=0.000339631
2026-09-21 03:29:17 UTC completed_step=9840 elapsed_seconds=594.844 learning_rate=0.00033895
2026-09-21 03:29:18 UTC completed_step=9856 elapsed_seconds=595.645 learning_rate=0.000338268
2026-09-21 03:29:19 UTC step=9856 elapsed_seconds=596.964 mean_loss=1.11175 errors=1805/10002 exact_sentences=235/1024
2026-09-21 03:29:20 UTC completed_step=9872 elapsed_seconds=597.77 learning_rate=0.000337586
2026-09-21 03:29:21 UTC completed_step=9888 elapsed_seconds=598.571 learning_rate=0.000336904
2026-09-21 03:29:22 UTC completed_step=9904 elapsed_seconds=599.373 learning_rate=0.000336223
2026-09-21 03:29:22 UTC completed_step=9920 elapsed_seconds=600.176 learning_rate=0.000335541
2026-09-21 03:29:23 UTC completed_step=9936 elapsed_seconds=600.979 learning_rate=0.000334859
2026-09-21 03:29:24 UTC completed_step=9952 elapsed_seconds=601.781 learning_rate=0.000334177
2026-09-21 03:29:25 UTC completed_step=9968 elapsed_seconds=602.583 learning_rate=0.000333495
2026-09-21 03:29:26 UTC completed_step=9984 elapsed_seconds=603.387 learning_rate=0.000332813
2026-09-21 03:29:27 UTC step=9984 elapsed_seconds=604.703 mean_loss=1.08628 errors=1712/10002 exact_sentences=257/1024
2026-09-21 03:29:28 UTC completed_step=10000 elapsed_seconds=605.512 learning_rate=0.000332131
2026-09-21 03:29:28 UTC completed_step=10016 elapsed_seconds=606.315 learning_rate=0.000331449
2026-09-21 03:29:29 UTC completed_step=10032 elapsed_seconds=607.12 learning_rate=0.000330767
2026-09-21 03:29:30 UTC completed_step=10048 elapsed_seconds=607.923 learning_rate=0.000330085
2026-09-21 03:29:31 UTC completed_step=10064 elapsed_seconds=608.727 learning_rate=0.000329403
2026-09-21 03:29:32 UTC completed_step=10080 elapsed_seconds=609.531 learning_rate=0.000328721
2026-09-21 03:29:32 UTC completed_step=10096 elapsed_seconds=610.336 learning_rate=0.000328039
2026-09-21 03:29:33 UTC completed_step=10112 elapsed_seconds=611.14 learning_rate=0.000327357
2026-09-21 03:29:35 UTC step=10112 elapsed_seconds=612.44 mean_loss=1.06135 errors=1693/10002 exact_sentences=267/1024
2026-09-21 03:29:35 UTC completed_step=10128 elapsed_seconds=613.25 learning_rate=0.000326675
2026-09-21 03:29:36 UTC completed_step=10144 elapsed_seconds=614.055 learning_rate=0.000325993
2026-09-21 03:29:37 UTC completed_step=10160 elapsed_seconds=614.858 learning_rate=0.000325312
2026-09-21 03:29:38 UTC completed_step=10176 elapsed_seconds=615.659 learning_rate=0.00032463
2026-09-21 03:29:39 UTC completed_step=10192 elapsed_seconds=616.46 learning_rate=0.000323948
2026-09-21 03:29:39 UTC completed_step=10208 elapsed_seconds=617.26 learning_rate=0.000323266
2026-09-21 03:29:40 UTC completed_step=10224 elapsed_seconds=618.061 learning_rate=0.000322584
2026-09-21 03:29:41 UTC completed_step=10240 elapsed_seconds=618.863 learning_rate=0.000321903
2026-09-21 03:29:42 UTC step=10240 elapsed_seconds=620.168 mean_loss=1.04454 errors=1643/10002 exact_sentences=280/1024
2026-09-21 03:29:43 UTC completed_step=10256 elapsed_seconds=620.977 learning_rate=0.000321221
2026-09-21 03:29:44 UTC completed_step=10272 elapsed_seconds=621.78 learning_rate=0.000320539
2026-09-21 03:29:45 UTC completed_step=10288 elapsed_seconds=622.582 learning_rate=0.000319858
2026-09-21 03:29:46 UTC completed_step=10304 elapsed_seconds=623.384 learning_rate=0.000319176
2026-09-21 03:29:46 UTC completed_step=10320 elapsed_seconds=624.187 learning_rate=0.000318495
2026-09-21 03:29:47 UTC completed_step=10336 elapsed_seconds=624.989 learning_rate=0.000317814
2026-09-21 03:29:48 UTC completed_step=10352 elapsed_seconds=625.79 learning_rate=0.000317132
2026-09-21 03:29:49 UTC completed_step=10368 elapsed_seconds=626.591 learning_rate=0.000316451
2026-09-21 03:29:50 UTC step=10368 elapsed_seconds=627.892 mean_loss=1.03164 errors=1680/10002 exact_sentences=275/1024
2026-09-21 03:29:51 UTC completed_step=10384 elapsed_seconds=628.698 learning_rate=0.00031577
2026-09-21 03:29:52 UTC completed_step=10400 elapsed_seconds=629.499 learning_rate=0.000315089
2026-09-21 03:29:52 UTC completed_step=10416 elapsed_seconds=630.299 learning_rate=0.000314408
2026-09-21 03:29:53 UTC completed_step=10432 elapsed_seconds=631.1 learning_rate=0.000313727
2026-09-21 03:29:54 UTC completed_step=10448 elapsed_seconds=631.903 learning_rate=0.000313047
2026-09-21 03:29:55 UTC completed_step=10464 elapsed_seconds=632.705 learning_rate=0.000312366
2026-09-21 03:29:56 UTC completed_step=10480 elapsed_seconds=633.507 learning_rate=0.000311685
2026-09-21 03:29:56 UTC completed_step=10496 elapsed_seconds=634.309 learning_rate=0.000311005
2026-09-21 03:29:58 UTC step=10496 elapsed_seconds=635.616 mean_loss=1.00862 errors=1620/10002 exact_sentences=288/1024
2026-09-21 03:29:59 UTC completed_step=10512 elapsed_seconds=636.423 learning_rate=0.000310325
2026-09-21 03:29:59 UTC completed_step=10528 elapsed_seconds=637.227 learning_rate=0.000309645
2026-09-21 03:30:00 UTC completed_step=10544 elapsed_seconds=638.032 learning_rate=0.000308965
2026-09-21 03:30:01 UTC completed_step=10560 elapsed_seconds=638.836 learning_rate=0.000308285
2026-09-21 03:30:02 UTC completed_step=10576 elapsed_seconds=639.64 learning_rate=0.000307605
2026-09-21 03:30:03 UTC completed_step=10592 elapsed_seconds=640.444 learning_rate=0.000306926
2026-09-21 03:30:03 UTC completed_step=10608 elapsed_seconds=641.249 learning_rate=0.000306246
2026-09-21 03:30:04 UTC completed_step=10624 elapsed_seconds=642.054 learning_rate=0.000305567
2026-09-21 03:30:06 UTC step=10624 elapsed_seconds=643.367 mean_loss=0.986728 errors=1580/10002 exact_sentences=297/1024
2026-09-21 03:30:06 UTC completed_step=10640 elapsed_seconds=644.176 learning_rate=0.000304888
2026-09-21 03:30:07 UTC completed_step=10656 elapsed_seconds=644.98 learning_rate=0.000304209
2026-09-21 03:30:08 UTC completed_step=10672 elapsed_seconds=645.784 learning_rate=0.00030353
2026-09-21 03:30:09 UTC completed_step=10688 elapsed_seconds=646.59 learning_rate=0.000302851
2026-09-21 03:30:10 UTC completed_step=10704 elapsed_seconds=647.395 learning_rate=0.000302173
2026-09-21 03:30:10 UTC completed_step=10720 elapsed_seconds=648.202 learning_rate=0.000301495
2026-09-21 03:30:11 UTC completed_step=10736 elapsed_seconds=649.007 learning_rate=0.000300817
2026-09-21 03:30:12 UTC completed_step=10752 elapsed_seconds=649.813 learning_rate=0.000300139
2026-09-21 03:30:13 UTC step=10752 elapsed_seconds=651.114 mean_loss=0.960543 errors=1509/10002 exact_sentences=320/1024
2026-09-21 03:30:14 UTC completed_step=10768 elapsed_seconds=651.926 learning_rate=0.000299461
2026-09-21 03:30:15 UTC completed_step=10784 elapsed_seconds=652.733 learning_rate=0.000298784
2026-09-21 03:30:16 UTC completed_step=10800 elapsed_seconds=653.54 learning_rate=0.000298106
2026-09-21 03:30:16 UTC completed_step=10816 elapsed_seconds=654.347 learning_rate=0.000297429
2026-09-21 03:30:17 UTC completed_step=10832 elapsed_seconds=655.155 learning_rate=0.000296752
2026-09-21 03:30:18 UTC completed_step=10848 elapsed_seconds=655.962 learning_rate=0.000296075
2026-09-21 03:30:19 UTC completed_step=10864 elapsed_seconds=656.77 learning_rate=0.000295399
2026-09-21 03:30:20 UTC completed_step=10880 elapsed_seconds=657.575 learning_rate=0.000294723
2026-09-21 03:30:21 UTC step=10880 elapsed_seconds=658.872 mean_loss=0.949666 errors=1484/10002 exact_sentences=314/1024
2026-09-21 03:30:22 UTC completed_step=10896 elapsed_seconds=659.68 learning_rate=0.000294047
2026-09-21 03:30:23 UTC completed_step=10912 elapsed_seconds=660.483 learning_rate=0.000293371
2026-09-21 03:30:23 UTC completed_step=10928 elapsed_seconds=661.286 learning_rate=0.000292695
2026-09-21 03:30:24 UTC completed_step=10944 elapsed_seconds=662.089 learning_rate=0.00029202
2026-09-21 03:30:25 UTC completed_step=10960 elapsed_seconds=662.894 learning_rate=0.000291345
2026-09-21 03:30:26 UTC completed_step=10976 elapsed_seconds=663.699 learning_rate=0.00029067
2026-09-21 03:30:27 UTC completed_step=10992 elapsed_seconds=664.502 learning_rate=0.000289995
2026-09-21 03:30:27 UTC completed_step=11008 elapsed_seconds=665.306 learning_rate=0.000289321
2026-09-21 03:30:29 UTC step=11008 elapsed_seconds=666.61 mean_loss=0.927816 errors=1429/10002 exact_sentences=335/1024
2026-09-21 03:30:30 UTC completed_step=11024 elapsed_seconds=667.418 learning_rate=0.000288647
2026-09-21 03:30:30 UTC completed_step=11040 elapsed_seconds=668.223 learning_rate=0.000287973
2026-09-21 03:30:31 UTC completed_step=11056 elapsed_seconds=669.029 learning_rate=0.0002873
2026-09-21 03:30:32 UTC completed_step=11072 elapsed_seconds=669.831 learning_rate=0.000286626
2026-09-21 03:30:33 UTC completed_step=11088 elapsed_seconds=670.634 learning_rate=0.000285953
2026-09-21 03:30:34 UTC completed_step=11104 elapsed_seconds=671.437 learning_rate=0.000285281
2026-09-21 03:30:34 UTC completed_step=11120 elapsed_seconds=672.24 learning_rate=0.000284608
2026-09-21 03:30:35 UTC completed_step=11136 elapsed_seconds=673.043 learning_rate=0.000283936
2026-09-21 03:30:36 UTC step=11136 elapsed_seconds=674.343 mean_loss=0.910694 errors=1419/10002 exact_sentences=334/1024
2026-09-21 03:30:37 UTC completed_step=11152 elapsed_seconds=675.152 learning_rate=0.000283264
2026-09-21 03:30:38 UTC completed_step=11168 elapsed_seconds=675.957 learning_rate=0.000282593
2026-09-21 03:30:39 UTC completed_step=11184 elapsed_seconds=676.762 learning_rate=0.000281921
2026-09-21 03:30:40 UTC completed_step=11200 elapsed_seconds=677.567 learning_rate=0.000281251
2026-09-21 03:30:41 UTC completed_step=11216 elapsed_seconds=678.37 learning_rate=0.00028058
2026-09-21 03:30:41 UTC completed_step=11232 elapsed_seconds=679.175 learning_rate=0.00027991
2026-09-21 03:30:42 UTC completed_step=11248 elapsed_seconds=679.977 learning_rate=0.00027924
2026-09-21 03:30:43 UTC completed_step=11264 elapsed_seconds=680.779 learning_rate=0.00027857
2026-09-21 03:30:44 UTC step=11264 elapsed_seconds=682.093 mean_loss=0.892715 errors=1338/10002 exact_sentences=364/1024
2026-09-21 03:30:45 UTC completed_step=11280 elapsed_seconds=682.902 learning_rate=0.000277901
2026-09-21 03:30:46 UTC completed_step=11296 elapsed_seconds=683.704 learning_rate=0.000277232
2026-09-21 03:30:47 UTC completed_step=11312 elapsed_seconds=684.507 learning_rate=0.000276563
2026-09-21 03:30:47 UTC completed_step=11328 elapsed_seconds=685.309 learning_rate=0.000275895
2026-09-21 03:30:48 UTC completed_step=11344 elapsed_seconds=686.112 learning_rate=0.000275227
2026-09-21 03:30:49 UTC completed_step=11360 elapsed_seconds=686.914 learning_rate=0.000274559
2026-09-21 03:30:50 UTC completed_step=11376 elapsed_seconds=687.716 learning_rate=0.000273892
2026-09-21 03:30:51 UTC completed_step=11392 elapsed_seconds=688.52 learning_rate=0.000273225
2026-09-21 03:30:52 UTC step=11392 elapsed_seconds=689.842 mean_loss=0.880688 errors=1317/10002 exact_sentences=366/1024
2026-09-21 03:30:53 UTC completed_step=11408 elapsed_seconds=690.649 learning_rate=0.000272558
2026-09-21 03:30:54 UTC completed_step=11424 elapsed_seconds=691.453 learning_rate=0.000271892
2026-09-21 03:30:54 UTC completed_step=11440 elapsed_seconds=692.257 learning_rate=0.000271226
2026-09-21 03:30:55 UTC completed_step=11456 elapsed_seconds=693.061 learning_rate=0.000270561
2026-09-21 03:30:56 UTC completed_step=11472 elapsed_seconds=693.867 learning_rate=0.000269896
2026-09-21 03:30:57 UTC completed_step=11488 elapsed_seconds=694.67 learning_rate=0.000269231
2026-09-21 03:30:58 UTC completed_step=11504 elapsed_seconds=695.475 learning_rate=0.000268567
2026-09-21 03:30:58 UTC completed_step=11520 elapsed_seconds=696.28 learning_rate=0.000267903
2026-09-21 03:31:00 UTC step=11520 elapsed_seconds=697.596 mean_loss=0.857545 errors=1273/10002 exact_sentences=378/1024
2026-09-21 03:31:01 UTC completed_step=11536 elapsed_seconds=698.406 learning_rate=0.000267239
2026-09-21 03:31:01 UTC completed_step=11552 elapsed_seconds=699.211 learning_rate=0.000266576
2026-09-21 03:31:02 UTC completed_step=11568 elapsed_seconds=700.017 learning_rate=0.000265913
2026-09-21 03:31:03 UTC completed_step=11584 elapsed_seconds=700.822 learning_rate=0.000265251
2026-09-21 03:31:04 UTC completed_step=11600 elapsed_seconds=701.627 learning_rate=0.000264589
2026-09-21 03:31:05 UTC completed_step=11616 elapsed_seconds=702.431 learning_rate=0.000263928
2026-09-21 03:31:05 UTC completed_step=11632 elapsed_seconds=703.235 learning_rate=0.000263267
2026-09-21 03:31:06 UTC completed_step=11648 elapsed_seconds=704.04 learning_rate=0.000262606
2026-09-21 03:31:08 UTC step=11648 elapsed_seconds=705.359 mean_loss=0.846896 errors=1267/10002 exact_sentences=379/1024
2026-09-21 03:31:08 UTC completed_step=11664 elapsed_seconds=706.167 learning_rate=0.000261946
2026-09-21 03:31:09 UTC completed_step=11680 elapsed_seconds=706.972 learning_rate=0.000261286
2026-09-21 03:31:10 UTC completed_step=11696 elapsed_seconds=707.777 learning_rate=0.000260627
2026-09-21 03:31:11 UTC completed_step=11712 elapsed_seconds=708.582 learning_rate=0.000259968
2026-09-21 03:31:12 UTC completed_step=11728 elapsed_seconds=709.386 learning_rate=0.000259309
2026-09-21 03:31:12 UTC completed_step=11744 elapsed_seconds=710.191 learning_rate=0.000258652
2026-09-21 03:31:13 UTC completed_step=11760 elapsed_seconds=710.996 learning_rate=0.000257994
2026-09-21 03:31:14 UTC completed_step=11776 elapsed_seconds=711.799 learning_rate=0.000257337
2026-09-21 03:31:15 UTC step=11776 elapsed_seconds=713.101 mean_loss=0.838333 errors=1290/10002 exact_sentences=368/1024
2026-09-21 03:31:16 UTC completed_step=11792 elapsed_seconds=713.908 learning_rate=0.00025668
2026-09-21 03:31:17 UTC completed_step=11808 elapsed_seconds=714.708 learning_rate=0.000256024
2026-09-21 03:31:18 UTC completed_step=11824 elapsed_seconds=715.509 learning_rate=0.000255369
2026-09-21 03:31:18 UTC completed_step=11840 elapsed_seconds=716.31 learning_rate=0.000254713
2026-09-21 03:31:19 UTC completed_step=11856 elapsed_seconds=717.11 learning_rate=0.000254059
2026-09-21 03:31:20 UTC completed_step=11872 elapsed_seconds=717.912 learning_rate=0.000253404
2026-09-21 03:31:21 UTC completed_step=11888 elapsed_seconds=718.714 learning_rate=0.000252751
2026-09-21 03:31:22 UTC completed_step=11904 elapsed_seconds=719.515 learning_rate=0.000252097
2026-09-21 03:31:23 UTC step=11904 elapsed_seconds=720.83 mean_loss=0.819205 errors=1184/10002 exact_sentences=409/1024
2026-09-21 03:31:24 UTC completed_step=11920 elapsed_seconds=721.637 learning_rate=0.000251445
2026-09-21 03:31:25 UTC completed_step=11936 elapsed_seconds=722.438 learning_rate=0.000250792
2026-09-21 03:31:25 UTC completed_step=11952 elapsed_seconds=723.24 learning_rate=0.000250141
2026-09-21 03:31:26 UTC completed_step=11968 elapsed_seconds=724.039 learning_rate=0.00024949
2026-09-21 03:31:27 UTC completed_step=11984 elapsed_seconds=724.84 learning_rate=0.000248839
2026-09-21 03:31:28 UTC completed_step=12000 elapsed_seconds=725.64 learning_rate=0.000248189
2026-09-21 03:31:29 UTC completed_step=12016 elapsed_seconds=726.441 learning_rate=0.000247539
2026-09-21 03:31:29 UTC completed_step=12032 elapsed_seconds=727.242 learning_rate=0.00024689
2026-09-21 03:31:31 UTC step=12032 elapsed_seconds=728.563 mean_loss=0.803104 errors=1197/10002 exact_sentences=408/1024
2026-09-21 03:31:32 UTC completed_step=12048 elapsed_seconds=729.37 learning_rate=0.000246241
2026-09-21 03:31:32 UTC completed_step=12064 elapsed_seconds=730.173 learning_rate=0.000245593
2026-09-21 03:31:33 UTC completed_step=12080 elapsed_seconds=730.974 learning_rate=0.000244946
2026-09-21 03:31:34 UTC completed_step=12096 elapsed_seconds=731.776 learning_rate=0.000244299
2026-09-21 03:31:35 UTC completed_step=12112 elapsed_seconds=732.578 learning_rate=0.000243652
2026-09-21 03:31:36 UTC completed_step=12128 elapsed_seconds=733.38 learning_rate=0.000243006
2026-09-21 03:31:36 UTC completed_step=12144 elapsed_seconds=734.185 learning_rate=0.000242361
2026-09-21 03:31:37 UTC completed_step=12160 elapsed_seconds=734.99 learning_rate=0.000241716
2026-09-21 03:31:38 UTC step=12160 elapsed_seconds=736.298 mean_loss=0.796419 errors=1193/10002 exact_sentences=409/1024
2026-09-21 03:31:39 UTC completed_step=12176 elapsed_seconds=737.109 learning_rate=0.000241072
2026-09-21 03:31:40 UTC completed_step=12192 elapsed_seconds=737.913 learning_rate=0.000240428
2026-09-21 03:31:41 UTC completed_step=12208 elapsed_seconds=738.719 learning_rate=0.000239785
2026-09-21 03:31:42 UTC completed_step=12224 elapsed_seconds=739.524 learning_rate=0.000239143
2026-09-21 03:31:42 UTC completed_step=12240 elapsed_seconds=740.33 learning_rate=0.000238501
2026-09-21 03:31:43 UTC completed_step=12256 elapsed_seconds=741.135 learning_rate=0.000237859
2026-09-21 03:31:44 UTC completed_step=12272 elapsed_seconds=741.941 learning_rate=0.000237219
2026-09-21 03:31:45 UTC completed_step=12288 elapsed_seconds=742.746 learning_rate=0.000236578
2026-09-21 03:31:46 UTC step=12288 elapsed_seconds=744.064 mean_loss=0.779871 errors=1139/10002 exact_sentences=424/1024
2026-09-21 03:31:47 UTC completed_step=12304 elapsed_seconds=744.875 learning_rate=0.000235939
2026-09-21 03:31:48 UTC completed_step=12320 elapsed_seconds=745.678 learning_rate=0.0002353
2026-09-21 03:31:49 UTC completed_step=12336 elapsed_seconds=746.481 learning_rate=0.000234661
2026-09-21 03:31:49 UTC completed_step=12352 elapsed_seconds=747.285 learning_rate=0.000234024
2026-09-21 03:31:50 UTC completed_step=12368 elapsed_seconds=748.088 learning_rate=0.000233387
2026-09-21 03:31:51 UTC completed_step=12384 elapsed_seconds=748.891 learning_rate=0.00023275
2026-09-21 03:31:52 UTC completed_step=12400 elapsed_seconds=749.695 learning_rate=0.000232114
2026-09-21 03:31:53 UTC completed_step=12416 elapsed_seconds=750.5 learning_rate=0.000231479
2026-09-21 03:31:54 UTC step=12416 elapsed_seconds=751.797 mean_loss=0.763941 errors=1115/10002 exact_sentences=434/1024
2026-09-21 03:31:55 UTC completed_step=12432 elapsed_seconds=752.607 learning_rate=0.000230844
2026-09-21 03:31:56 UTC completed_step=12448 elapsed_seconds=753.412 learning_rate=0.00023021
2026-09-21 03:31:56 UTC completed_step=12464 elapsed_seconds=754.216 learning_rate=0.000229577
2026-09-21 03:31:57 UTC completed_step=12480 elapsed_seconds=755.021 learning_rate=0.000228944
2026-09-21 03:31:58 UTC completed_step=12496 elapsed_seconds=755.825 learning_rate=0.000228312
2026-09-21 03:31:59 UTC completed_step=12512 elapsed_seconds=756.63 learning_rate=0.000227681
2026-09-21 03:32:00 UTC completed_step=12528 elapsed_seconds=757.434 learning_rate=0.00022705
2026-09-21 03:32:00 UTC completed_step=12544 elapsed_seconds=758.238 learning_rate=0.00022642
2026-09-21 03:32:02 UTC step=12544 elapsed_seconds=759.55 mean_loss=0.753159 errors=1116/10002 exact_sentences=429/1024
2026-09-21 03:32:03 UTC completed_step=12560 elapsed_seconds=760.359 learning_rate=0.00022579
2026-09-21 03:32:03 UTC completed_step=12576 elapsed_seconds=761.162 learning_rate=0.000225161
2026-09-21 03:32:04 UTC completed_step=12592 elapsed_seconds=761.967 learning_rate=0.000224533
2026-09-21 03:32:05 UTC completed_step=12608 elapsed_seconds=762.771 learning_rate=0.000223906
2026-09-21 03:32:06 UTC completed_step=12624 elapsed_seconds=763.576 learning_rate=0.000223279
2026-09-21 03:32:07 UTC completed_step=12640 elapsed_seconds=764.38 learning_rate=0.000222653
2026-09-21 03:32:07 UTC completed_step=12656 elapsed_seconds=765.186 learning_rate=0.000222027
2026-09-21 03:32:08 UTC completed_step=12672 elapsed_seconds=765.988 learning_rate=0.000221403
2026-09-21 03:32:09 UTC step=12672 elapsed_seconds=767.293 mean_loss=0.73907 errors=1068/10002 exact_sentences=448/1024
2026-09-21 03:32:10 UTC completed_step=12688 elapsed_seconds=768.103 learning_rate=0.000220779
2026-09-21 03:32:11 UTC completed_step=12704 elapsed_seconds=768.909 learning_rate=0.000220155
2026-09-21 03:32:12 UTC completed_step=12720 elapsed_seconds=769.714 learning_rate=0.000219532
2026-09-21 03:32:13 UTC completed_step=12736 elapsed_seconds=770.521 learning_rate=0.000218911
2026-09-21 03:32:13 UTC completed_step=12752 elapsed_seconds=771.327 learning_rate=0.000218289
2026-09-21 03:32:14 UTC completed_step=12768 elapsed_seconds=772.134 learning_rate=0.000217669
2026-09-21 03:32:15 UTC completed_step=12784 elapsed_seconds=772.94 learning_rate=0.000217049
2026-09-21 03:32:16 UTC completed_step=12800 elapsed_seconds=773.746 learning_rate=0.00021643
2026-09-21 03:32:17 UTC step=12800 elapsed_seconds=775.045 mean_loss=0.733072 errors=1101/10002 exact_sentences=443/1024
2026-09-21 03:32:18 UTC completed_step=12816 elapsed_seconds=775.857 learning_rate=0.000215812
2026-09-21 03:32:19 UTC completed_step=12832 elapsed_seconds=776.664 learning_rate=0.000215194
2026-09-21 03:32:20 UTC completed_step=12848 elapsed_seconds=777.469 learning_rate=0.000214577
2026-09-21 03:32:20 UTC completed_step=12864 elapsed_seconds=778.273 learning_rate=0.000213961
2026-09-21 03:32:21 UTC completed_step=12880 elapsed_seconds=779.076 learning_rate=0.000213345
2026-09-21 03:32:22 UTC completed_step=12896 elapsed_seconds=779.88 learning_rate=0.000212731
2026-09-21 03:32:23 UTC completed_step=12912 elapsed_seconds=780.685 learning_rate=0.000212117
2026-09-21 03:32:24 UTC completed_step=12928 elapsed_seconds=781.488 learning_rate=0.000211504
2026-09-21 03:32:25 UTC step=12928 elapsed_seconds=782.78 mean_loss=0.71934 errors=1048/10002 exact_sentences=453/1024
2026-09-21 03:32:26 UTC completed_step=12944 elapsed_seconds=783.588 learning_rate=0.000210891
2026-09-21 03:32:27 UTC completed_step=12960 elapsed_seconds=784.392 learning_rate=0.000210279
2026-09-21 03:32:27 UTC completed_step=12976 elapsed_seconds=785.196 learning_rate=0.000209669
2026-09-21 03:32:28 UTC completed_step=12992 elapsed_seconds=786 learning_rate=0.000209058
2026-09-21 03:32:29 UTC completed_step=13008 elapsed_seconds=786.805 learning_rate=0.000208449
2026-09-21 03:32:30 UTC completed_step=13024 elapsed_seconds=787.609 learning_rate=0.000207841
2026-09-21 03:32:31 UTC completed_step=13040 elapsed_seconds=788.41 learning_rate=0.000207233
2026-09-21 03:32:31 UTC completed_step=13056 elapsed_seconds=789.21 learning_rate=0.000206626
2026-09-21 03:32:33 UTC step=13056 elapsed_seconds=790.505 mean_loss=0.707495 errors=1002/10002 exact_sentences=470/1024
2026-09-21 03:32:33 UTC completed_step=13072 elapsed_seconds=791.311 learning_rate=0.000206019
2026-09-21 03:32:34 UTC completed_step=13088 elapsed_seconds=792.113 learning_rate=0.000205414
2026-09-21 03:32:35 UTC completed_step=13104 elapsed_seconds=792.915 learning_rate=0.000204809
2026-09-21 03:32:36 UTC completed_step=13120 elapsed_seconds=793.717 learning_rate=0.000204205
2026-09-21 03:32:37 UTC completed_step=13136 elapsed_seconds=794.519 learning_rate=0.000203602
2026-09-21 03:32:37 UTC completed_step=13152 elapsed_seconds=795.321 learning_rate=0.000203
2026-09-21 03:32:38 UTC completed_step=13168 elapsed_seconds=796.124 learning_rate=0.000202399
2026-09-21 03:32:39 UTC completed_step=13184 elapsed_seconds=796.926 learning_rate=0.000201798
2026-09-21 03:32:40 UTC step=13184 elapsed_seconds=798.234 mean_loss=0.695402 errors=982/10002 exact_sentences=480/1024
2026-09-21 03:32:41 UTC completed_step=13200 elapsed_seconds=799.041 learning_rate=0.000201198
2026-09-21 03:32:42 UTC completed_step=13216 elapsed_seconds=799.844 learning_rate=0.000200599
2026-09-21 03:32:43 UTC completed_step=13232 elapsed_seconds=800.648 learning_rate=0.000200001
2026-09-21 03:32:44 UTC completed_step=13248 elapsed_seconds=801.45 learning_rate=0.000199404
2026-09-21 03:32:44 UTC completed_step=13264 elapsed_seconds=802.254 learning_rate=0.000198807
2026-09-21 03:32:45 UTC completed_step=13280 elapsed_seconds=803.056 learning_rate=0.000198212
2026-09-21 03:32:46 UTC completed_step=13296 elapsed_seconds=803.858 learning_rate=0.000197617
2026-09-21 03:32:47 UTC completed_step=13312 elapsed_seconds=804.662 learning_rate=0.000197023
2026-09-21 03:32:48 UTC step=13312 elapsed_seconds=805.986 mean_loss=0.687665 errors=972/10002 exact_sentences=480/1024
2026-09-21 03:32:49 UTC completed_step=13328 elapsed_seconds=806.798 learning_rate=0.00019643
2026-09-21 03:32:50 UTC completed_step=13344 elapsed_seconds=807.602 learning_rate=0.000195838
2026-09-21 03:32:51 UTC completed_step=13360 elapsed_seconds=808.406 learning_rate=0.000195246
2026-09-21 03:32:51 UTC completed_step=13376 elapsed_seconds=809.21 learning_rate=0.000194656
2026-09-21 03:32:52 UTC completed_step=13392 elapsed_seconds=810.015 learning_rate=0.000194066
2026-09-21 03:32:53 UTC completed_step=13408 elapsed_seconds=810.82 learning_rate=0.000193477
2026-09-21 03:32:54 UTC completed_step=13424 elapsed_seconds=811.625 learning_rate=0.000192889
2026-09-21 03:32:55 UTC completed_step=13440 elapsed_seconds=812.43 learning_rate=0.000192302
2026-09-21 03:32:56 UTC step=13440 elapsed_seconds=813.73 mean_loss=0.67641 errors=973/10002 exact_sentences=477/1024
2026-09-21 03:32:57 UTC completed_step=13456 elapsed_seconds=814.536 learning_rate=0.000191716
2026-09-21 03:32:57 UTC completed_step=13472 elapsed_seconds=815.338 learning_rate=0.000191131
2026-09-21 03:32:58 UTC completed_step=13488 elapsed_seconds=816.141 learning_rate=0.000190546
2026-09-21 03:32:59 UTC completed_step=13504 elapsed_seconds=816.944 learning_rate=0.000189963
2026-09-21 03:33:00 UTC completed_step=13520 elapsed_seconds=817.747 learning_rate=0.00018938
2026-09-21 03:33:01 UTC completed_step=13536 elapsed_seconds=818.551 learning_rate=0.000188798
2026-09-21 03:33:01 UTC completed_step=13552 elapsed_seconds=819.356 learning_rate=0.000188217
2026-09-21 03:33:02 UTC completed_step=13568 elapsed_seconds=820.159 learning_rate=0.000187637
2026-09-21 03:33:04 UTC step=13568 elapsed_seconds=821.466 mean_loss=0.671373 errors=964/10002 exact_sentences=488/1024
2026-09-21 03:33:04 UTC completed_step=13584 elapsed_seconds=822.274 learning_rate=0.000187058
2026-09-21 03:33:05 UTC completed_step=13600 elapsed_seconds=823.078 learning_rate=0.00018648
2026-09-21 03:33:06 UTC completed_step=13616 elapsed_seconds=823.882 learning_rate=0.000185903
2026-09-21 03:33:07 UTC completed_step=13632 elapsed_seconds=824.686 learning_rate=0.000185327
2026-09-21 03:33:08 UTC completed_step=13648 elapsed_seconds=825.49 learning_rate=0.000184751
2026-09-21 03:33:08 UTC completed_step=13664 elapsed_seconds=826.294 learning_rate=0.000184177
2026-09-21 03:33:09 UTC completed_step=13680 elapsed_seconds=827.099 learning_rate=0.000183603
2026-09-21 03:33:10 UTC completed_step=13696 elapsed_seconds=827.904 learning_rate=0.000183031
2026-09-21 03:33:11 UTC step=13696 elapsed_seconds=829.215 mean_loss=0.657795 errors=913/10002 exact_sentences=498/1024
2026-09-21 03:33:12 UTC completed_step=13712 elapsed_seconds=830.026 learning_rate=0.000182459
2026-09-21 03:33:13 UTC completed_step=13728 elapsed_seconds=830.831 learning_rate=0.000181889
2026-09-21 03:33:14 UTC completed_step=13744 elapsed_seconds=831.633 learning_rate=0.000181319
2026-09-21 03:33:15 UTC completed_step=13760 elapsed_seconds=832.434 learning_rate=0.00018075
2026-09-21 03:33:15 UTC completed_step=13776 elapsed_seconds=833.237 learning_rate=0.000180182
2026-09-21 03:33:16 UTC completed_step=13792 elapsed_seconds=834.038 learning_rate=0.000179615
2026-09-21 03:33:17 UTC completed_step=13808 elapsed_seconds=834.84 learning_rate=0.000179049
2026-09-21 03:33:18 UTC completed_step=13824 elapsed_seconds=835.642 learning_rate=0.000178484
2026-09-21 03:33:19 UTC step=13824 elapsed_seconds=836.961 mean_loss=0.652771 errors=944/10002 exact_sentences=497/1024
2026-09-21 03:33:20 UTC completed_step=13840 elapsed_seconds=837.77 learning_rate=0.00017792
2026-09-21 03:33:21 UTC completed_step=13856 elapsed_seconds=838.573 learning_rate=0.000177357
2026-09-21 03:33:22 UTC completed_step=13872 elapsed_seconds=839.376 learning_rate=0.000176795
2026-09-21 03:33:22 UTC completed_step=13888 elapsed_seconds=840.179 learning_rate=0.000176234
2026-09-21 03:33:23 UTC completed_step=13904 elapsed_seconds=840.983 learning_rate=0.000175674
2026-09-21 03:33:24 UTC completed_step=13920 elapsed_seconds=841.787 learning_rate=0.000175115
2026-09-21 03:33:25 UTC completed_step=13936 elapsed_seconds=842.591 learning_rate=0.000174557
2026-09-21 03:33:26 UTC completed_step=13952 elapsed_seconds=843.394 learning_rate=0.000174
2026-09-21 03:33:27 UTC step=13952 elapsed_seconds=844.705 mean_loss=0.640265 errors=893/10002 exact_sentences=509/1024
2026-09-21 03:33:28 UTC completed_step=13968 elapsed_seconds=845.514 learning_rate=0.000173444
2026-09-21 03:33:28 UTC completed_step=13984 elapsed_seconds=846.318 learning_rate=0.000172888
2026-09-21 03:33:29 UTC completed_step=14000 elapsed_seconds=847.122 learning_rate=0.000172334
2026-09-21 03:33:30 UTC completed_step=14016 elapsed_seconds=847.926 learning_rate=0.000171781
2026-09-21 03:33:31 UTC completed_step=14032 elapsed_seconds=848.73 learning_rate=0.000171229
2026-09-21 03:33:32 UTC completed_step=14048 elapsed_seconds=849.535 learning_rate=0.000170678
2026-09-21 03:33:32 UTC completed_step=14064 elapsed_seconds=850.341 learning_rate=0.000170128
2026-09-21 03:33:33 UTC completed_step=14080 elapsed_seconds=851.148 learning_rate=0.000169579
2026-09-21 03:33:35 UTC step=14080 elapsed_seconds=852.452 mean_loss=0.624706 errors=850/10002 exact_sentences=519/1024
2026-09-21 03:33:35 UTC completed_step=14096 elapsed_seconds=853.261 learning_rate=0.000169031
2026-09-21 03:33:36 UTC completed_step=14112 elapsed_seconds=854.066 learning_rate=0.000168484
2026-09-21 03:33:37 UTC completed_step=14128 elapsed_seconds=854.871 learning_rate=0.000167938
2026-09-21 03:33:38 UTC completed_step=14144 elapsed_seconds=855.676 learning_rate=0.000167393
2026-09-21 03:33:39 UTC completed_step=14160 elapsed_seconds=856.48 learning_rate=0.000166849
2026-09-21 03:33:39 UTC completed_step=14176 elapsed_seconds=857.285 learning_rate=0.000166306
2026-09-21 03:33:40 UTC completed_step=14192 elapsed_seconds=858.088 learning_rate=0.000165764
2026-09-21 03:33:41 UTC completed_step=14208 elapsed_seconds=858.892 learning_rate=0.000165223
2026-09-21 03:33:42 UTC step=14208 elapsed_seconds=860.192 mean_loss=0.618728 errors=849/10002 exact_sentences=529/1024
2026-09-21 03:33:43 UTC completed_step=14224 elapsed_seconds=861 learning_rate=0.000164684
2026-09-21 03:33:44 UTC completed_step=14240 elapsed_seconds=861.804 learning_rate=0.000164145
2026-09-21 03:33:45 UTC completed_step=14256 elapsed_seconds=862.609 learning_rate=0.000163607
2026-09-21 03:33:46 UTC completed_step=14272 elapsed_seconds=863.413 learning_rate=0.000163071
2026-09-21 03:33:46 UTC completed_step=14288 elapsed_seconds=864.214 learning_rate=0.000162535
2026-09-21 03:33:47 UTC completed_step=14304 elapsed_seconds=865.016 learning_rate=0.000162001
2026-09-21 03:33:48 UTC completed_step=14320 elapsed_seconds=865.818 learning_rate=0.000161467
2026-09-21 03:33:49 UTC completed_step=14336 elapsed_seconds=866.619 learning_rate=0.000160935
2026-09-21 03:33:50 UTC step=14336 elapsed_seconds=867.935 mean_loss=0.610599 errors=829/10002 exact_sentences=539/1024
2026-09-21 03:33:51 UTC completed_step=14352 elapsed_seconds=868.743 learning_rate=0.000160404
2026-09-21 03:33:52 UTC completed_step=14368 elapsed_seconds=869.543 learning_rate=0.000159874
2026-09-21 03:33:52 UTC completed_step=14384 elapsed_seconds=870.346 learning_rate=0.000159345
2026-09-21 03:33:53 UTC completed_step=14400 elapsed_seconds=871.148 learning_rate=0.000158817
2026-09-21 03:33:54 UTC completed_step=14416 elapsed_seconds=871.951 learning_rate=0.00015829
2026-09-21 03:33:55 UTC completed_step=14432 elapsed_seconds=872.753 learning_rate=0.000157764
2026-09-21 03:33:56 UTC completed_step=14448 elapsed_seconds=873.556 learning_rate=0.00015724
2026-09-21 03:33:57 UTC completed_step=14464 elapsed_seconds=874.359 learning_rate=0.000156716
2026-09-21 03:33:58 UTC step=14464 elapsed_seconds=875.673 mean_loss=0.601923 errors=811/10002 exact_sentences=539/1024
2026-09-21 03:33:59 UTC completed_step=14480 elapsed_seconds=876.479 learning_rate=0.000156194
2026-09-21 03:33:59 UTC completed_step=14496 elapsed_seconds=877.281 learning_rate=0.000155672
2026-09-21 03:34:00 UTC completed_step=14512 elapsed_seconds=878.083 learning_rate=0.000155152
2026-09-21 03:34:01 UTC completed_step=14528 elapsed_seconds=878.885 learning_rate=0.000154633
2026-09-21 03:34:02 UTC completed_step=14544 elapsed_seconds=879.688 learning_rate=0.000154115
2026-09-21 03:34:03 UTC completed_step=14560 elapsed_seconds=880.491 learning_rate=0.000153598
2026-09-21 03:34:03 UTC completed_step=14576 elapsed_seconds=881.294 learning_rate=0.000153082
2026-09-21 03:34:04 UTC completed_step=14592 elapsed_seconds=882.097 learning_rate=0.000152568
2026-09-21 03:34:06 UTC step=14592 elapsed_seconds=883.401 mean_loss=0.594124 errors=820/10002 exact_sentences=537/1024
2026-09-21 03:34:06 UTC completed_step=14608 elapsed_seconds=884.207 learning_rate=0.000152054
2026-09-21 03:34:07 UTC completed_step=14624 elapsed_seconds=885.011 learning_rate=0.000151542
2026-09-21 03:34:08 UTC completed_step=14640 elapsed_seconds=885.817 learning_rate=0.000151031
2026-09-21 03:34:09 UTC completed_step=14656 elapsed_seconds=886.624 learning_rate=0.00015052
2026-09-21 03:34:10 UTC completed_step=14672 elapsed_seconds=887.431 learning_rate=0.000150012
2026-09-21 03:34:10 UTC completed_step=14688 elapsed_seconds=888.238 learning_rate=0.000149504
2026-09-21 03:34:11 UTC completed_step=14704 elapsed_seconds=889.045 learning_rate=0.000148997
2026-09-21 03:34:12 UTC completed_step=14720 elapsed_seconds=889.852 learning_rate=0.000148492
2026-09-21 03:34:13 UTC step=14720 elapsed_seconds=891.153 mean_loss=0.58847 errors=789/10002 exact_sentences=547/1024
2026-09-21 03:34:14 UTC completed_step=14736 elapsed_seconds=891.96 learning_rate=0.000147987
2026-09-21 03:34:15 UTC completed_step=14752 elapsed_seconds=892.765 learning_rate=0.000147484
2026-09-21 03:34:16 UTC completed_step=14768 elapsed_seconds=893.57 learning_rate=0.000146982
2026-09-21 03:34:17 UTC completed_step=14784 elapsed_seconds=894.374 learning_rate=0.000146481
2026-09-21 03:34:17 UTC completed_step=14800 elapsed_seconds=895.178 learning_rate=0.000145982
2026-09-21 03:34:18 UTC completed_step=14816 elapsed_seconds=895.979 learning_rate=0.000145483
2026-09-21 03:34:19 UTC completed_step=14832 elapsed_seconds=896.78 learning_rate=0.000144986
2026-09-21 03:34:20 UTC completed_step=14848 elapsed_seconds=897.581 learning_rate=0.00014449
2026-09-21 03:34:21 UTC step=14848 elapsed_seconds=898.906 mean_loss=0.580099 errors=778/10002 exact_sentences=551/1024
2026-09-21 03:34:22 UTC completed_step=14864 elapsed_seconds=899.713 learning_rate=0.000143995
2026-09-21 03:34:23 UTC completed_step=14880 elapsed_seconds=900.513 learning_rate=0.000143501
2026-09-21 03:34:23 UTC completed_step=14896 elapsed_seconds=901.314 learning_rate=0.000143009
2026-09-21 03:34:24 UTC completed_step=14912 elapsed_seconds=902.115 learning_rate=0.000142517
2026-09-21 03:34:25 UTC completed_step=14928 elapsed_seconds=902.917 learning_rate=0.000142027
2026-09-21 03:34:26 UTC completed_step=14944 elapsed_seconds=903.72 learning_rate=0.000141538
2026-09-21 03:34:27 UTC completed_step=14960 elapsed_seconds=904.521 learning_rate=0.00014105
2026-09-21 03:34:27 UTC completed_step=14976 elapsed_seconds=905.324 learning_rate=0.000140564
2026-09-21 03:34:29 UTC step=14976 elapsed_seconds=906.629 mean_loss=0.572696 errors=770/10002 exact_sentences=557/1024
2026-09-21 03:34:30 UTC completed_step=14992 elapsed_seconds=907.435 learning_rate=0.000140078
2026-09-21 03:34:30 UTC completed_step=15008 elapsed_seconds=908.238 learning_rate=0.000139594
2026-09-21 03:34:31 UTC completed_step=15024 elapsed_seconds=909.04 learning_rate=0.000139111
2026-09-21 03:34:32 UTC completed_step=15040 elapsed_seconds=909.843 learning_rate=0.00013863
2026-09-21 03:34:33 UTC completed_step=15056 elapsed_seconds=910.644 learning_rate=0.000138149
2026-09-21 03:34:34 UTC completed_step=15072 elapsed_seconds=911.445 learning_rate=0.00013767
2026-09-21 03:34:34 UTC completed_step=15088 elapsed_seconds=912.248 learning_rate=0.000137192
2026-09-21 03:34:35 UTC completed_step=15104 elapsed_seconds=913.049 learning_rate=0.000136715
2026-09-21 03:34:36 UTC step=15104 elapsed_seconds=914.354 mean_loss=0.567327 errors=748/10002 exact_sentences=566/1024
2026-09-21 03:34:37 UTC completed_step=15120 elapsed_seconds=915.161 learning_rate=0.000136239
2026-09-21 03:34:38 UTC completed_step=15136 elapsed_seconds=915.964 learning_rate=0.000135765
2026-09-21 03:34:39 UTC completed_step=15152 elapsed_seconds=916.767 learning_rate=0.000135292
2026-09-21 03:34:40 UTC completed_step=15168 elapsed_seconds=917.571 learning_rate=0.00013482
2026-09-21 03:34:41 UTC completed_step=15184 elapsed_seconds=918.372 learning_rate=0.00013435
2026-09-21 03:34:41 UTC completed_step=15200 elapsed_seconds=919.173 learning_rate=0.00013388
2026-09-21 03:34:42 UTC completed_step=15216 elapsed_seconds=919.975 learning_rate=0.000133412
2026-09-21 03:34:43 UTC completed_step=15232 elapsed_seconds=920.776 learning_rate=0.000132945
2026-09-21 03:34:44 UTC step=15232 elapsed_seconds=922.082 mean_loss=0.558544 errors=744/10002 exact_sentences=567/1024
2026-09-21 03:34:45 UTC completed_step=15248 elapsed_seconds=922.893 learning_rate=0.00013248
2026-09-21 03:34:46 UTC completed_step=15264 elapsed_seconds=923.698 learning_rate=0.000132015
2026-09-21 03:34:47 UTC completed_step=15280 elapsed_seconds=924.504 learning_rate=0.000131552
2026-09-21 03:34:47 UTC completed_step=15296 elapsed_seconds=925.31 learning_rate=0.00013109
2026-09-21 03:34:48 UTC completed_step=15312 elapsed_seconds=926.115 learning_rate=0.00013063
2026-09-21 03:34:49 UTC completed_step=15328 elapsed_seconds=926.92 learning_rate=0.000130171
2026-09-21 03:34:50 UTC completed_step=15344 elapsed_seconds=927.726 learning_rate=0.000129713
2026-09-21 03:34:51 UTC completed_step=15360 elapsed_seconds=928.528 learning_rate=0.000129256
2026-09-21 03:34:52 UTC step=15360 elapsed_seconds=929.84 mean_loss=0.552718 errors=738/10002 exact_sentences=577/1024
2026-09-21 03:34:53 UTC completed_step=15376 elapsed_seconds=930.649 learning_rate=0.0001288
2026-09-21 03:34:54 UTC completed_step=15392 elapsed_seconds=931.452 learning_rate=0.000128346
2026-09-21 03:34:54 UTC completed_step=15408 elapsed_seconds=932.256 learning_rate=0.000127893
2026-09-21 03:34:55 UTC completed_step=15424 elapsed_seconds=933.06 learning_rate=0.000127442
2026-09-21 03:34:56 UTC completed_step=15440 elapsed_seconds=933.864 learning_rate=0.000126992
2026-09-21 03:34:57 UTC completed_step=15456 elapsed_seconds=934.666 learning_rate=0.000126543
2026-09-21 03:34:58 UTC completed_step=15472 elapsed_seconds=935.471 learning_rate=0.000126095
2026-09-21 03:34:58 UTC completed_step=15488 elapsed_seconds=936.275 learning_rate=0.000125648
2026-09-21 03:35:00 UTC step=15488 elapsed_seconds=937.582 mean_loss=0.546802 errors=735/10002 exact_sentences=564/1024
2026-09-21 03:35:01 UTC completed_step=15504 elapsed_seconds=938.391 learning_rate=0.000125203
2026-09-21 03:35:01 UTC completed_step=15520 elapsed_seconds=939.195 learning_rate=0.00012476
2026-09-21 03:35:02 UTC completed_step=15536 elapsed_seconds=939.998 learning_rate=0.000124317
2026-09-21 03:35:03 UTC completed_step=15552 elapsed_seconds=940.8 learning_rate=0.000123876
2026-09-21 03:35:04 UTC completed_step=15568 elapsed_seconds=941.602 learning_rate=0.000123436
2026-09-21 03:35:05 UTC completed_step=15584 elapsed_seconds=942.406 learning_rate=0.000122998
2026-09-21 03:35:05 UTC completed_step=15600 elapsed_seconds=943.209 learning_rate=0.00012256
2026-09-21 03:35:06 UTC completed_step=15616 elapsed_seconds=944.012 learning_rate=0.000122125
2026-09-21 03:35:07 UTC step=15616 elapsed_seconds=945.316 mean_loss=0.540797 errors=702/10002 exact_sentences=581/1024
2026-09-21 03:35:08 UTC completed_step=15632 elapsed_seconds=946.124 learning_rate=0.00012169
2026-09-21 03:35:09 UTC completed_step=15648 elapsed_seconds=946.928 learning_rate=0.000121257
2026-09-21 03:35:10 UTC completed_step=15664 elapsed_seconds=947.734 learning_rate=0.000120825
2026-09-21 03:35:11 UTC completed_step=15680 elapsed_seconds=948.537 learning_rate=0.000120394
2026-09-21 03:35:11 UTC completed_step=15696 elapsed_seconds=949.343 learning_rate=0.000119965
2026-09-21 03:35:12 UTC completed_step=15712 elapsed_seconds=950.144 learning_rate=0.000119537
2026-09-21 03:35:13 UTC completed_step=15728 elapsed_seconds=950.948 learning_rate=0.000119111
2026-09-21 03:35:14 UTC completed_step=15744 elapsed_seconds=951.75 learning_rate=0.000118685
2026-09-21 03:35:15 UTC step=15744 elapsed_seconds=953.065 mean_loss=0.534742 errors=676/10002 exact_sentences=594/1024
2026-09-21 03:35:16 UTC completed_step=15760 elapsed_seconds=953.872 learning_rate=0.000118262
2026-09-21 03:35:17 UTC completed_step=15776 elapsed_seconds=954.673 learning_rate=0.000117839
2026-09-21 03:35:18 UTC completed_step=15792 elapsed_seconds=955.475 learning_rate=0.000117418
2026-09-21 03:35:18 UTC completed_step=15808 elapsed_seconds=956.276 learning_rate=0.000116998
2026-09-21 03:35:19 UTC completed_step=15824 elapsed_seconds=957.078 learning_rate=0.00011658
2026-09-21 03:35:20 UTC completed_step=15840 elapsed_seconds=957.88 learning_rate=0.000116163
2026-09-21 03:35:21 UTC completed_step=15856 elapsed_seconds=958.684 learning_rate=0.000115747
2026-09-21 03:35:22 UTC completed_step=15872 elapsed_seconds=959.486 learning_rate=0.000115333
2026-09-21 03:35:23 UTC step=15872 elapsed_seconds=960.789 mean_loss=0.527405 errors=686/10002 exact_sentences=590/1024
2026-09-21 03:35:24 UTC completed_step=15888 elapsed_seconds=961.601 learning_rate=0.00011492
2026-09-21 03:35:25 UTC completed_step=15904 elapsed_seconds=962.406 learning_rate=0.000114508
2026-09-21 03:35:25 UTC completed_step=15920 elapsed_seconds=963.211 learning_rate=0.000114098
2026-09-21 03:35:26 UTC completed_step=15936 elapsed_seconds=964.017 learning_rate=0.000113689
2026-09-21 03:35:27 UTC completed_step=15952 elapsed_seconds=964.822 learning_rate=0.000113282
2026-09-21 03:35:28 UTC completed_step=15968 elapsed_seconds=965.628 learning_rate=0.000112876
2026-09-21 03:35:29 UTC completed_step=15984 elapsed_seconds=966.434 learning_rate=0.000112471
2026-09-21 03:35:29 UTC completed_step=16000 elapsed_seconds=967.239 learning_rate=0.000112068
2026-09-21 03:35:31 UTC step=16000 elapsed_seconds=968.555 mean_loss=0.522277 errors=680/10002 exact_sentences=591/1024
2026-09-21 03:35:32 UTC completed_step=16016 elapsed_seconds=969.366 learning_rate=0.000111666
2026-09-21 03:35:32 UTC completed_step=16032 elapsed_seconds=970.173 learning_rate=0.000111265
2026-09-21 03:35:33 UTC completed_step=16048 elapsed_seconds=970.98 learning_rate=0.000110866
2026-09-21 03:35:34 UTC completed_step=16064 elapsed_seconds=971.785 learning_rate=0.000110468
2026-09-21 03:35:35 UTC completed_step=16080 elapsed_seconds=972.588 learning_rate=0.000110072
2026-09-21 03:35:36 UTC completed_step=16096 elapsed_seconds=973.392 learning_rate=0.000109677
2026-09-21 03:35:36 UTC completed_step=16112 elapsed_seconds=974.196 learning_rate=0.000109284
2026-09-21 03:35:37 UTC completed_step=16128 elapsed_seconds=975 learning_rate=0.000108891
2026-09-21 03:35:38 UTC step=16128 elapsed_seconds=976.326 mean_loss=0.522973 errors=687/10002 exact_sentences=592/1024
2026-09-21 03:35:39 UTC completed_step=16144 elapsed_seconds=977.133 learning_rate=0.000108501
2026-09-21 03:35:40 UTC completed_step=16160 elapsed_seconds=977.935 learning_rate=0.000108111
2026-09-21 03:35:41 UTC completed_step=16176 elapsed_seconds=978.736 learning_rate=0.000107724
2026-09-21 03:35:42 UTC completed_step=16192 elapsed_seconds=979.538 learning_rate=0.000107337
2026-09-21 03:35:42 UTC completed_step=16208 elapsed_seconds=980.343 learning_rate=0.000106952
2026-09-21 03:35:43 UTC completed_step=16224 elapsed_seconds=981.146 learning_rate=0.000106569
2026-09-21 03:35:44 UTC completed_step=16240 elapsed_seconds=981.95 learning_rate=0.000106186
2026-09-21 03:35:45 UTC completed_step=16256 elapsed_seconds=982.755 learning_rate=0.000105806
2026-09-21 03:35:46 UTC step=16256 elapsed_seconds=984.06 mean_loss=0.5131 errors=645/10002 exact_sentences=609/1024
2026-09-21 03:35:47 UTC completed_step=16272 elapsed_seconds=984.867 learning_rate=0.000105426
2026-09-21 03:35:48 UTC completed_step=16288 elapsed_seconds=985.67 learning_rate=0.000105048
2026-09-21 03:35:49 UTC completed_step=16304 elapsed_seconds=986.473 learning_rate=0.000104672
2026-09-21 03:35:49 UTC completed_step=16320 elapsed_seconds=987.275 learning_rate=0.000104297
2026-09-21 03:35:50 UTC completed_step=16336 elapsed_seconds=988.078 learning_rate=0.000103923
2026-09-21 03:35:51 UTC completed_step=16352 elapsed_seconds=988.88 learning_rate=0.000103551
2026-09-21 03:35:52 UTC completed_step=16368 elapsed_seconds=989.683 learning_rate=0.000103181
2026-09-21 03:35:53 UTC completed_step=16384 elapsed_seconds=990.488 learning_rate=0.000102811
2026-09-21 03:35:54 UTC step=16384 elapsed_seconds=991.791 mean_loss=0.50855 errors=642/10002 exact_sentences=612/1024
2026-09-21 03:35:55 UTC completed_step=16400 elapsed_seconds=992.6 learning_rate=0.000102443
2026-09-21 03:35:56 UTC completed_step=16416 elapsed_seconds=993.404 learning_rate=0.000102077
2026-09-21 03:35:56 UTC completed_step=16432 elapsed_seconds=994.21 learning_rate=0.000101712
2026-09-21 03:35:57 UTC completed_step=16448 elapsed_seconds=995.015 learning_rate=0.000101349
2026-09-21 03:35:58 UTC completed_step=16464 elapsed_seconds=995.822 learning_rate=0.000100987
2026-09-21 03:35:59 UTC completed_step=16480 elapsed_seconds=996.628 learning_rate=0.000100626
2026-09-21 03:36:00 UTC completed_step=16496 elapsed_seconds=997.434 learning_rate=0.000100267
2026-09-21 03:36:00 UTC completed_step=16512 elapsed_seconds=998.239 learning_rate=9.99097e-05
2026-09-21 03:36:02 UTC step=16512 elapsed_seconds=999.556 mean_loss=0.503157 errors=620/10002 exact_sentences=613/1024
2026-09-21 03:36:03 UTC completed_step=16528 elapsed_seconds=1000.37 learning_rate=9.95536e-05
2026-09-21 03:36:03 UTC completed_step=16544 elapsed_seconds=1001.17 learning_rate=9.9199e-05
2026-09-21 03:36:04 UTC completed_step=16560 elapsed_seconds=1001.98 learning_rate=9.88458e-05
2026-09-21 03:36:05 UTC completed_step=16576 elapsed_seconds=1002.79 learning_rate=9.84941e-05
2026-09-21 03:36:06 UTC completed_step=16592 elapsed_seconds=1003.59 learning_rate=9.81439e-05
2026-09-21 03:36:07 UTC completed_step=16608 elapsed_seconds=1004.4 learning_rate=9.77952e-05
2026-09-21 03:36:07 UTC completed_step=16624 elapsed_seconds=1005.2 learning_rate=9.74479e-05
2026-09-21 03:36:08 UTC completed_step=16640 elapsed_seconds=1006 learning_rate=9.71021e-05
2026-09-21 03:36:09 UTC step=16640 elapsed_seconds=1007.3 mean_loss=0.497749 errors=631/10002 exact_sentences=611/1024
2026-09-21 03:36:10 UTC completed_step=16656 elapsed_seconds=1008.11 learning_rate=9.67579e-05
2026-09-21 03:36:11 UTC completed_step=16672 elapsed_seconds=1008.92 learning_rate=9.64151e-05
2026-09-21 03:36:12 UTC completed_step=16688 elapsed_seconds=1009.72 learning_rate=9.60737e-05
2026-09-21 03:36:13 UTC completed_step=16704 elapsed_seconds=1010.53 learning_rate=9.57339e-05
2026-09-21 03:36:13 UTC completed_step=16720 elapsed_seconds=1011.33 learning_rate=9.53956e-05
2026-09-21 03:36:14 UTC completed_step=16736 elapsed_seconds=1012.14 learning_rate=9.50588e-05
2026-09-21 03:36:15 UTC completed_step=16752 elapsed_seconds=1012.94 learning_rate=9.47235e-05
2026-09-21 03:36:16 UTC completed_step=16768 elapsed_seconds=1013.75 learning_rate=9.43896e-05
2026-09-21 03:36:17 UTC step=16768 elapsed_seconds=1015.05 mean_loss=0.494162 errors=618/10002 exact_sentences=626/1024
2026-09-21 03:36:18 UTC completed_step=16784 elapsed_seconds=1015.86 learning_rate=9.40573e-05
2026-09-21 03:36:19 UTC completed_step=16800 elapsed_seconds=1016.66 learning_rate=9.37265e-05
2026-09-21 03:36:20 UTC completed_step=16816 elapsed_seconds=1017.46 learning_rate=9.33972e-05
2026-09-21 03:36:20 UTC completed_step=16832 elapsed_seconds=1018.26 learning_rate=9.30694e-05
2026-09-21 03:36:21 UTC completed_step=16848 elapsed_seconds=1019.06 learning_rate=9.27431e-05
2026-09-21 03:36:22 UTC completed_step=16864 elapsed_seconds=1019.87 learning_rate=9.24183e-05
2026-09-21 03:36:23 UTC completed_step=16880 elapsed_seconds=1020.67 learning_rate=9.20951e-05
2026-09-21 03:36:24 UTC completed_step=16896 elapsed_seconds=1021.47 learning_rate=9.17733e-05
2026-09-21 03:36:25 UTC step=16896 elapsed_seconds=1022.77 mean_loss=0.492999 errors=625/10002 exact_sentences=629/1024
2026-09-21 03:36:26 UTC completed_step=16912 elapsed_seconds=1023.58 learning_rate=9.14531e-05
2026-09-21 03:36:27 UTC completed_step=16928 elapsed_seconds=1024.39 learning_rate=9.11344e-05
2026-09-21 03:36:27 UTC completed_step=16944 elapsed_seconds=1025.19 learning_rate=9.08173e-05
2026-09-21 03:36:28 UTC completed_step=16960 elapsed_seconds=1026 learning_rate=9.05016e-05
2026-09-21 03:36:29 UTC completed_step=16976 elapsed_seconds=1026.8 learning_rate=9.01875e-05
2026-09-21 03:36:30 UTC completed_step=16992 elapsed_seconds=1027.6 learning_rate=8.98749e-05
2026-09-21 03:36:31 UTC completed_step=17008 elapsed_seconds=1028.4 learning_rate=8.95638e-05
2026-09-21 03:36:31 UTC completed_step=17024 elapsed_seconds=1029.21 learning_rate=8.92543e-05
2026-09-21 03:36:33 UTC step=17024 elapsed_seconds=1030.53 mean_loss=0.484917 errors=598/10002 exact_sentences=635/1024
2026-09-21 03:36:33 UTC completed_step=17040 elapsed_seconds=1031.33 learning_rate=8.89463e-05
2026-09-21 03:36:34 UTC completed_step=17056 elapsed_seconds=1032.14 learning_rate=8.86399e-05
2026-09-21 03:36:35 UTC completed_step=17072 elapsed_seconds=1032.94 learning_rate=8.8335e-05
2026-09-21 03:36:36 UTC completed_step=17088 elapsed_seconds=1033.74 learning_rate=8.80316e-05
2026-09-21 03:36:37 UTC completed_step=17104 elapsed_seconds=1034.54 learning_rate=8.77298e-05
2026-09-21 03:36:37 UTC completed_step=17120 elapsed_seconds=1035.35 learning_rate=8.74295e-05
2026-09-21 03:36:38 UTC completed_step=17136 elapsed_seconds=1036.15 learning_rate=8.71308e-05
2026-09-21 03:36:39 UTC completed_step=17152 elapsed_seconds=1036.95 learning_rate=8.68336e-05
2026-09-21 03:36:40 UTC step=17152 elapsed_seconds=1038.26 mean_loss=0.479591 errors=591/10002 exact_sentences=637/1024
2026-09-21 03:36:41 UTC completed_step=17168 elapsed_seconds=1039.07 learning_rate=8.6538e-05
2026-09-21 03:36:42 UTC completed_step=17184 elapsed_seconds=1039.87 learning_rate=8.62439e-05
2026-09-21 03:36:43 UTC completed_step=17200 elapsed_seconds=1040.68 learning_rate=8.59514e-05
2026-09-21 03:36:44 UTC completed_step=17216 elapsed_seconds=1041.48 learning_rate=8.56604e-05
2026-09-21 03:36:44 UTC completed_step=17232 elapsed_seconds=1042.28 learning_rate=8.5371e-05
2026-09-21 03:36:45 UTC completed_step=17248 elapsed_seconds=1043.09 learning_rate=8.50832e-05
2026-09-21 03:36:46 UTC completed_step=17264 elapsed_seconds=1043.89 learning_rate=8.47969e-05
2026-09-21 03:36:47 UTC completed_step=17280 elapsed_seconds=1044.7 learning_rate=8.45122e-05
2026-09-21 03:36:48 UTC step=17280 elapsed_seconds=1046.02 mean_loss=0.476687 errors=595/10002 exact_sentences=639/1024
2026-09-21 03:36:49 UTC completed_step=17296 elapsed_seconds=1046.83 learning_rate=8.4229e-05
2026-09-21 03:36:50 UTC completed_step=17312 elapsed_seconds=1047.63 learning_rate=8.39474e-05
2026-09-21 03:36:51 UTC completed_step=17328 elapsed_seconds=1048.44 learning_rate=8.36674e-05
2026-09-21 03:36:51 UTC completed_step=17344 elapsed_seconds=1049.24 learning_rate=8.3389e-05
2026-09-21 03:36:52 UTC completed_step=17360 elapsed_seconds=1050.05 learning_rate=8.31121e-05
2026-09-21 03:36:53 UTC completed_step=17376 elapsed_seconds=1050.85 learning_rate=8.28368e-05
2026-09-21 03:36:54 UTC completed_step=17392 elapsed_seconds=1051.66 learning_rate=8.25631e-05
2026-09-21 03:36:55 UTC completed_step=17408 elapsed_seconds=1052.46 learning_rate=8.2291e-05
2026-09-21 03:36:56 UTC step=17408 elapsed_seconds=1053.76 mean_loss=0.473025 errors=593/10002 exact_sentences=639/1024
2026-09-21 03:36:57 UTC completed_step=17424 elapsed_seconds=1054.58 learning_rate=8.20204e-05
2026-09-21 03:36:58 UTC completed_step=17440 elapsed_seconds=1055.38 learning_rate=8.17514e-05
2026-09-21 03:36:58 UTC completed_step=17456 elapsed_seconds=1056.18 learning_rate=8.14841e-05
2026-09-21 03:36:59 UTC completed_step=17472 elapsed_seconds=1056.99 learning_rate=8.12182e-05
2026-09-21 03:37:00 UTC completed_step=17488 elapsed_seconds=1057.79 learning_rate=8.0954e-05
2026-09-21 03:37:01 UTC completed_step=17504 elapsed_seconds=1058.59 learning_rate=8.06914e-05
2026-09-21 03:37:02 UTC completed_step=17520 elapsed_seconds=1059.39 learning_rate=8.04304e-05
2026-09-21 03:37:02 UTC completed_step=17536 elapsed_seconds=1060.2 learning_rate=8.01709e-05
2026-09-21 03:37:04 UTC step=17536 elapsed_seconds=1061.5 mean_loss=0.470219 errors=576/10002 exact_sentences=643/1024
2026-09-21 03:37:04 UTC completed_step=17552 elapsed_seconds=1062.31 learning_rate=7.99131e-05
2026-09-21 03:37:05 UTC completed_step=17568 elapsed_seconds=1063.11 learning_rate=7.96568e-05
2026-09-21 03:37:06 UTC completed_step=17584 elapsed_seconds=1063.92 learning_rate=7.94022e-05
2026-09-21 03:37:07 UTC completed_step=17600 elapsed_seconds=1064.72 learning_rate=7.91491e-05
2026-09-21 03:37:08 UTC completed_step=17616 elapsed_seconds=1065.52 learning_rate=7.88976e-05
2026-09-21 03:37:08 UTC completed_step=17632 elapsed_seconds=1066.33 learning_rate=7.86478e-05
2026-09-21 03:37:09 UTC completed_step=17648 elapsed_seconds=1067.13 learning_rate=7.83995e-05
2026-09-21 03:37:10 UTC completed_step=17664 elapsed_seconds=1067.94 learning_rate=7.81529e-05
2026-09-21 03:37:11 UTC step=17664 elapsed_seconds=1069.26 mean_loss=0.464232 errors=564/10002 exact_sentences=651/1024
2026-09-21 03:37:12 UTC completed_step=17680 elapsed_seconds=1070.07 learning_rate=7.79078e-05
2026-09-21 03:37:13 UTC completed_step=17696 elapsed_seconds=1070.87 learning_rate=7.76644e-05
2026-09-21 03:37:14 UTC completed_step=17712 elapsed_seconds=1071.68 learning_rate=7.74226e-05
2026-09-21 03:37:15 UTC completed_step=17728 elapsed_seconds=1072.49 learning_rate=7.71824e-05
2026-09-21 03:37:15 UTC completed_step=17744 elapsed_seconds=1073.3 learning_rate=7.69438e-05
2026-09-21 03:37:16 UTC completed_step=17760 elapsed_seconds=1074.1 learning_rate=7.67068e-05
2026-09-21 03:37:17 UTC completed_step=17776 elapsed_seconds=1074.91 learning_rate=7.64714e-05
2026-09-21 03:37:18 UTC completed_step=17792 elapsed_seconds=1075.72 learning_rate=7.62377e-05
2026-09-21 03:37:19 UTC step=17792 elapsed_seconds=1077.03 mean_loss=0.461805 errors=553/10002 exact_sentences=655/1024
2026-09-21 03:37:20 UTC completed_step=17808 elapsed_seconds=1077.84 learning_rate=7.60055e-05
2026-09-21 03:37:21 UTC completed_step=17824 elapsed_seconds=1078.64 learning_rate=7.5775e-05
2026-09-21 03:37:22 UTC completed_step=17840 elapsed_seconds=1079.45 learning_rate=7.55461e-05
2026-09-21 03:37:22 UTC completed_step=17856 elapsed_seconds=1080.25 learning_rate=7.53189e-05
2026-09-21 03:37:23 UTC completed_step=17872 elapsed_seconds=1081.06 learning_rate=7.50932e-05
2026-09-21 03:37:24 UTC completed_step=17888 elapsed_seconds=1081.87 learning_rate=7.48692e-05
2026-09-21 03:37:25 UTC completed_step=17904 elapsed_seconds=1082.67 learning_rate=7.46468e-05
2026-09-21 03:37:26 UTC completed_step=17920 elapsed_seconds=1083.48 learning_rate=7.44261e-05
2026-09-21 03:37:27 UTC step=17920 elapsed_seconds=1084.79 mean_loss=0.460631 errors=552/10002 exact_sentences=660/1024
2026-09-21 03:37:28 UTC completed_step=17936 elapsed_seconds=1085.6 learning_rate=7.42069e-05
2026-09-21 03:37:29 UTC completed_step=17952 elapsed_seconds=1086.41 learning_rate=7.39895e-05
2026-09-21 03:37:29 UTC completed_step=17968 elapsed_seconds=1087.22 learning_rate=7.37736e-05
2026-09-21 03:37:30 UTC completed_step=17984 elapsed_seconds=1088.02 learning_rate=7.35594e-05
2026-09-21 03:37:31 UTC completed_step=18000 elapsed_seconds=1088.83 learning_rate=7.33468e-05
2026-09-21 03:37:32 UTC completed_step=18016 elapsed_seconds=1089.64 learning_rate=7.31358e-05
2026-09-21 03:37:33 UTC completed_step=18032 elapsed_seconds=1090.44 learning_rate=7.29265e-05
2026-09-21 03:37:33 UTC completed_step=18048 elapsed_seconds=1091.24 learning_rate=7.27188e-05
2026-09-21 03:37:35 UTC step=18048 elapsed_seconds=1092.55 mean_loss=0.454341 errors=540/10002 exact_sentences=663/1024
2026-09-21 03:37:36 UTC completed_step=18064 elapsed_seconds=1093.36 learning_rate=7.25128e-05
2026-09-21 03:37:36 UTC completed_step=18080 elapsed_seconds=1094.16 learning_rate=7.23084e-05
2026-09-21 03:37:37 UTC completed_step=18096 elapsed_seconds=1094.97 learning_rate=7.21057e-05
2026-09-21 03:37:38 UTC completed_step=18112 elapsed_seconds=1095.77 learning_rate=7.19046e-05
2026-09-21 03:37:39 UTC completed_step=18128 elapsed_seconds=1096.58 learning_rate=7.17051e-05
2026-09-21 03:37:40 UTC completed_step=18144 elapsed_seconds=1097.38 learning_rate=7.15073e-05
2026-09-21 03:37:40 UTC completed_step=18160 elapsed_seconds=1098.19 learning_rate=7.13112e-05
2026-09-21 03:37:41 UTC completed_step=18176 elapsed_seconds=1098.99 learning_rate=7.11167e-05
2026-09-21 03:37:42 UTC step=18176 elapsed_seconds=1100.3 mean_loss=0.451811 errors=531/10002 exact_sentences=668/1024
2026-09-21 03:37:43 UTC completed_step=18192 elapsed_seconds=1101.11 learning_rate=7.09238e-05
2026-09-21 03:37:44 UTC completed_step=18208 elapsed_seconds=1101.91 learning_rate=7.07326e-05
2026-09-21 03:37:45 UTC completed_step=18224 elapsed_seconds=1102.71 learning_rate=7.05431e-05
2026-09-21 03:37:46 UTC completed_step=18240 elapsed_seconds=1103.51 learning_rate=7.03552e-05
2026-09-21 03:37:46 UTC completed_step=18256 elapsed_seconds=1104.31 learning_rate=7.01689e-05
2026-09-21 03:37:47 UTC completed_step=18272 elapsed_seconds=1105.12 learning_rate=6.99844e-05
2026-09-21 03:37:48 UTC completed_step=18288 elapsed_seconds=1105.92 learning_rate=6.98014e-05
2026-09-21 03:37:49 UTC completed_step=18304 elapsed_seconds=1106.72 learning_rate=6.96202e-05
2026-09-21 03:37:50 UTC step=18304 elapsed_seconds=1108.02 mean_loss=0.447025 errors=537/10002 exact_sentences=662/1024
2026-09-21 03:37:51 UTC completed_step=18320 elapsed_seconds=1108.83 learning_rate=6.94406e-05
2026-09-21 03:37:52 UTC completed_step=18336 elapsed_seconds=1109.64 learning_rate=6.92626e-05
2026-09-21 03:37:53 UTC completed_step=18352 elapsed_seconds=1110.44 learning_rate=6.90864e-05
2026-09-21 03:37:53 UTC completed_step=18368 elapsed_seconds=1111.25 learning_rate=6.89118e-05
2026-09-21 03:37:54 UTC completed_step=18384 elapsed_seconds=1112.05 learning_rate=6.87388e-05
2026-09-21 03:37:55 UTC completed_step=18400 elapsed_seconds=1112.85 learning_rate=6.85676e-05
2026-09-21 03:37:56 UTC completed_step=18416 elapsed_seconds=1113.66 learning_rate=6.8398e-05
2026-09-21 03:37:57 UTC completed_step=18432 elapsed_seconds=1114.46 learning_rate=6.823e-05
2026-09-21 03:37:58 UTC step=18432 elapsed_seconds=1115.78 mean_loss=0.444634 errors=524/10002 exact_sentences=674/1024
2026-09-21 03:37:59 UTC completed_step=18448 elapsed_seconds=1116.59 learning_rate=6.80638e-05
2026-09-21 03:38:00 UTC completed_step=18464 elapsed_seconds=1117.4 learning_rate=6.78992e-05
2026-09-21 03:38:00 UTC completed_step=18480 elapsed_seconds=1118.2 learning_rate=6.77362e-05
2026-09-21 03:38:01 UTC completed_step=18496 elapsed_seconds=1119.01 learning_rate=6.7575e-05
2026-09-21 03:38:02 UTC completed_step=18512 elapsed_seconds=1119.81 learning_rate=6.74154e-05
2026-09-21 03:38:03 UTC completed_step=18528 elapsed_seconds=1120.61 learning_rate=6.72575e-05
2026-09-21 03:38:04 UTC completed_step=18544 elapsed_seconds=1121.42 learning_rate=6.71013e-05
2026-09-21 03:38:04 UTC completed_step=18560 elapsed_seconds=1122.22 learning_rate=6.69467e-05
2026-09-21 03:38:06 UTC step=18560 elapsed_seconds=1123.53 mean_loss=0.443623 errors=524/10002 exact_sentences=675/1024
2026-09-21 03:38:06 UTC completed_step=18576 elapsed_seconds=1124.33 learning_rate=6.67939e-05
2026-09-21 03:38:07 UTC completed_step=18592 elapsed_seconds=1125.13 learning_rate=6.66427e-05
2026-09-21 03:38:08 UTC completed_step=18608 elapsed_seconds=1125.93 learning_rate=6.64932e-05
2026-09-21 03:38:09 UTC completed_step=18624 elapsed_seconds=1126.74 learning_rate=6.63454e-05
2026-09-21 03:38:10 UTC completed_step=18640 elapsed_seconds=1127.54 learning_rate=6.61992e-05
2026-09-21 03:38:10 UTC completed_step=18656 elapsed_seconds=1128.34 learning_rate=6.60547e-05
2026-09-21 03:38:11 UTC completed_step=18672 elapsed_seconds=1129.14 learning_rate=6.5912e-05
2026-09-21 03:38:12 UTC completed_step=18688 elapsed_seconds=1129.94 learning_rate=6.57709e-05
2026-09-21 03:38:13 UTC step=18688 elapsed_seconds=1131.24 mean_loss=0.43802 errors=518/10002 exact_sentences=676/1024
2026-09-21 03:38:14 UTC completed_step=18704 elapsed_seconds=1132.05 learning_rate=6.56315e-05
2026-09-21 03:38:15 UTC completed_step=18720 elapsed_seconds=1132.85 learning_rate=6.54938e-05
2026-09-21 03:38:16 UTC completed_step=18736 elapsed_seconds=1133.66 learning_rate=6.53577e-05
2026-09-21 03:38:17 UTC completed_step=18752 elapsed_seconds=1134.47 learning_rate=6.52234e-05
2026-09-21 03:38:17 UTC completed_step=18768 elapsed_seconds=1135.28 learning_rate=6.50907e-05
2026-09-21 03:38:18 UTC completed_step=18784 elapsed_seconds=1136.08 learning_rate=6.49598e-05
2026-09-21 03:38:19 UTC completed_step=18800 elapsed_seconds=1136.89 learning_rate=6.48305e-05
2026-09-21 03:38:20 UTC completed_step=18816 elapsed_seconds=1137.7 learning_rate=6.47029e-05
2026-09-21 03:38:21 UTC step=18816 elapsed_seconds=1139.01 mean_loss=0.436836 errors=509/10002 exact_sentences=685/1024
2026-09-21 03:38:22 UTC completed_step=18832 elapsed_seconds=1139.82 learning_rate=6.4577e-05
2026-09-21 03:38:23 UTC completed_step=18848 elapsed_seconds=1140.62 learning_rate=6.44528e-05
2026-09-21 03:38:24 UTC completed_step=18864 elapsed_seconds=1141.42 learning_rate=6.43303e-05
2026-09-21 03:38:24 UTC completed_step=18880 elapsed_seconds=1142.23 learning_rate=6.42095e-05
2026-09-21 03:38:25 UTC completed_step=18896 elapsed_seconds=1143.03 learning_rate=6.40904e-05
2026-09-21 03:38:26 UTC completed_step=18912 elapsed_seconds=1143.84 learning_rate=6.3973e-05
2026-09-21 03:38:27 UTC completed_step=18928 elapsed_seconds=1144.64 learning_rate=6.38573e-05
2026-09-21 03:38:28 UTC completed_step=18944 elapsed_seconds=1145.45 learning_rate=6.37433e-05
2026-09-21 03:38:29 UTC step=18944 elapsed_seconds=1146.76 mean_loss=0.434118 errors=509/10002 exact_sentences=682/1024
2026-09-21 03:38:30 UTC completed_step=18960 elapsed_seconds=1147.57 learning_rate=6.36309e-05
2026-09-21 03:38:31 UTC completed_step=18976 elapsed_seconds=1148.38 learning_rate=6.35203e-05
2026-09-21 03:38:31 UTC completed_step=18992 elapsed_seconds=1149.18 learning_rate=6.34114e-05
2026-09-21 03:38:32 UTC completed_step=19008 elapsed_seconds=1149.99 learning_rate=6.33042e-05
2026-09-21 03:38:33 UTC completed_step=19024 elapsed_seconds=1150.8 learning_rate=6.31987e-05
2026-09-21 03:38:34 UTC completed_step=19040 elapsed_seconds=1151.6 learning_rate=6.30948e-05
2026-09-21 03:38:35 UTC completed_step=19056 elapsed_seconds=1152.41 learning_rate=6.29927e-05
2026-09-21 03:38:35 UTC completed_step=19072 elapsed_seconds=1153.22 learning_rate=6.28923e-05
2026-09-21 03:38:37 UTC step=19072 elapsed_seconds=1154.53 mean_loss=0.430797 errors=510/10002 exact_sentences=685/1024
2026-09-21 03:38:37 UTC completed_step=19088 elapsed_seconds=1155.35 learning_rate=6.27936e-05
2026-09-21 03:38:38 UTC completed_step=19104 elapsed_seconds=1156.15 learning_rate=6.26966e-05
2026-09-21 03:38:39 UTC completed_step=19120 elapsed_seconds=1156.95 learning_rate=6.26013e-05
2026-09-21 03:38:40 UTC completed_step=19136 elapsed_seconds=1157.76 learning_rate=6.25077e-05
2026-09-21 03:38:41 UTC completed_step=19152 elapsed_seconds=1158.56 learning_rate=6.24158e-05
2026-09-21 03:38:42 UTC completed_step=19168 elapsed_seconds=1159.37 learning_rate=6.23257e-05
2026-09-21 03:38:42 UTC completed_step=19184 elapsed_seconds=1160.17 learning_rate=6.22372e-05
2026-09-21 03:38:43 UTC completed_step=19200 elapsed_seconds=1160.97 learning_rate=6.21505e-05
2026-09-21 03:38:44 UTC step=19200 elapsed_seconds=1162.27 mean_loss=0.429513 errors=502/10002 exact_sentences=686/1024
2026-09-21 03:38:45 UTC completed_step=19216 elapsed_seconds=1163.08 learning_rate=6.20654e-05
2026-09-21 03:38:46 UTC completed_step=19232 elapsed_seconds=1163.88 learning_rate=6.19821e-05
2026-09-21 03:38:47 UTC completed_step=19248 elapsed_seconds=1164.69 learning_rate=6.19004e-05
2026-09-21 03:38:48 UTC completed_step=19264 elapsed_seconds=1165.49 learning_rate=6.18205e-05
2026-09-21 03:38:48 UTC completed_step=19280 elapsed_seconds=1166.29 learning_rate=6.17423e-05
2026-09-21 03:38:49 UTC completed_step=19296 elapsed_seconds=1167.09 learning_rate=6.16658e-05
2026-09-21 03:38:50 UTC completed_step=19312 elapsed_seconds=1167.9 learning_rate=6.1591e-05
2026-09-21 03:38:51 UTC completed_step=19328 elapsed_seconds=1168.7 learning_rate=6.1518e-05
2026-09-21 03:38:52 UTC step=19328 elapsed_seconds=1170.01 mean_loss=0.425279 errors=495/10002 exact_sentences=694/1024
2026-09-21 03:38:53 UTC completed_step=19344 elapsed_seconds=1170.82 learning_rate=6.14466e-05
2026-09-21 03:38:54 UTC completed_step=19360 elapsed_seconds=1171.62 learning_rate=6.1377e-05
2026-09-21 03:38:55 UTC completed_step=19376 elapsed_seconds=1172.43 learning_rate=6.1309e-05
2026-09-21 03:38:55 UTC completed_step=19392 elapsed_seconds=1173.23 learning_rate=6.12428e-05
2026-09-21 03:38:56 UTC completed_step=19408 elapsed_seconds=1174.04 learning_rate=6.11783e-05
2026-09-21 03:38:57 UTC completed_step=19424 elapsed_seconds=1174.84 learning_rate=6.11155e-05
2026-09-21 03:38:58 UTC completed_step=19440 elapsed_seconds=1175.64 learning_rate=6.10544e-05
2026-09-21 03:38:59 UTC completed_step=19456 elapsed_seconds=1176.45 learning_rate=6.09951e-05
2026-09-21 03:39:00 UTC step=19456 elapsed_seconds=1177.76 mean_loss=0.423158 errors=487/10002 exact_sentences=695/1024
2026-09-21 03:39:01 UTC completed_step=19472 elapsed_seconds=1178.56 learning_rate=6.09374e-05
2026-09-21 03:39:02 UTC completed_step=19488 elapsed_seconds=1179.37 learning_rate=6.08815e-05
2026-09-21 03:39:02 UTC completed_step=19504 elapsed_seconds=1180.17 learning_rate=6.08273e-05
2026-09-21 03:39:03 UTC completed_step=19520 elapsed_seconds=1180.97 learning_rate=6.07748e-05
2026-09-21 03:39:04 UTC completed_step=19536 elapsed_seconds=1181.77 learning_rate=6.07241e-05
2026-09-21 03:39:05 UTC completed_step=19552 elapsed_seconds=1182.57 learning_rate=6.0675e-05
2026-09-21 03:39:06 UTC completed_step=19568 elapsed_seconds=1183.38 learning_rate=6.06277e-05
2026-09-21 03:39:06 UTC completed_step=19584 elapsed_seconds=1184.18 learning_rate=6.0582e-05
2026-09-21 03:39:08 UTC step=19584 elapsed_seconds=1185.48 mean_loss=0.419582 errors=471/10002 exact_sentences=707/1024
2026-09-21 03:39:08 UTC completed_step=19600 elapsed_seconds=1186.28 learning_rate=6.05382e-05
2026-09-21 03:39:09 UTC completed_step=19616 elapsed_seconds=1187.09 learning_rate=6.0496e-05
2026-09-21 03:39:10 UTC completed_step=19632 elapsed_seconds=1187.9 learning_rate=6.04555e-05
2026-09-21 03:39:11 UTC completed_step=19648 elapsed_seconds=1188.7 learning_rate=6.04168e-05
2026-09-21 03:39:12 UTC completed_step=19664 elapsed_seconds=1189.5 learning_rate=6.03798e-05
2026-09-21 03:39:12 UTC completed_step=19680 elapsed_seconds=1190.3 learning_rate=6.03445e-05
2026-09-21 03:39:13 UTC completed_step=19696 elapsed_seconds=1191.1 learning_rate=6.03109e-05
2026-09-21 03:39:14 UTC completed_step=19712 elapsed_seconds=1191.91 learning_rate=6.0279e-05
2026-09-21 03:39:15 UTC step=19712 elapsed_seconds=1193.21 mean_loss=0.417664 errors=474/10002 exact_sentences=706/1024
2026-09-21 03:39:16 UTC completed_step=19728 elapsed_seconds=1194.02 learning_rate=6.02489e-05
2026-09-21 03:39:17 UTC completed_step=19744 elapsed_seconds=1194.83 learning_rate=6.02205e-05
2026-09-21 03:39:18 UTC completed_step=19760 elapsed_seconds=1195.64 learning_rate=6.01938e-05
2026-09-21 03:39:19 UTC completed_step=19776 elapsed_seconds=1196.44 learning_rate=6.01688e-05
2026-09-21 03:39:19 UTC completed_step=19792 elapsed_seconds=1197.25 learning_rate=6.01456e-05
2026-09-21 03:39:20 UTC completed_step=19808 elapsed_seconds=1198.06 learning_rate=6.0124e-05
2026-09-21 03:39:21 UTC completed_step=19824 elapsed_seconds=1198.86 learning_rate=6.01042e-05
2026-09-21 03:39:22 UTC completed_step=19840 elapsed_seconds=1199.67 learning_rate=6.00861e-05
2026-09-21 03:39:23 UTC step=19840 elapsed_seconds=1200.97 mean_loss=0.415802 errors=467/10002 exact_sentences=704/1024
2026-09-21 03:39:24 UTC completed_step=19856 elapsed_seconds=1201.77 learning_rate=6.00698e-05
2026-09-21 03:39:25 UTC completed_step=19872 elapsed_seconds=1202.57 learning_rate=6.00551e-05
2026-09-21 03:39:26 UTC completed_step=19888 elapsed_seconds=1203.38 learning_rate=6.00422e-05
2026-09-21 03:39:26 UTC completed_step=19904 elapsed_seconds=1204.18 learning_rate=6.0031e-05
2026-09-21 03:39:27 UTC completed_step=19920 elapsed_seconds=1204.98 learning_rate=6.00215e-05
2026-09-21 03:39:28 UTC completed_step=19936 elapsed_seconds=1205.78 learning_rate=6.00138e-05
2026-09-21 03:39:29 UTC completed_step=19952 elapsed_seconds=1206.58 learning_rate=6.00078e-05
2026-09-21 03:39:30 UTC completed_step=19968 elapsed_seconds=1207.38 learning_rate=6.00034e-05
2026-09-21 03:39:31 UTC step=19968 elapsed_seconds=1208.71 mean_loss=0.412053 errors=455/10002 exact_sentences=713/1024
2026-09-21 03:39:32 UTC completed_step=19984 elapsed_seconds=1209.52 learning_rate=6.00009e-05
2026-09-21 03:39:32 UTC completed_step=20000 elapsed_seconds=1210.32 learning_rate=6e-05
2026-09-21 03:39:34 UTC step=20000 elapsed_seconds=1211.63 mean_loss=0.411473 errors=454/10002 exact_sentences=710/1024
2026-09-21 03:39:35 UTC step=20000 elapsed_seconds=1212.96 mean_loss=0.411473 errors=454/10002 exact_sentences=710/1024
BUDGET_EXHAUSTED checkpoint=/home/ubuntu/checkpoints/memorize_general_facts/width_depth_long_1/width_16/layers_2/step_20000
