line_1based	target_token_index_0based	target_id	predicted_id	loss
1	5	31219	31219	0.450829
1	6	680	680	0.258171
1	7	511	511	0.0821533
1	8	1862	1862	0.298582
1	9	13	13	0.00666046
1	10	50256	50256	1.14441e-05
2	5	286	286	0.0100574
2	6	10211	10211	1.30733
2	7	318	318	0.0558491
2	8	3221	3221	1.43892
2	9	10693	10693	0.283371
2	10	618	618	0.0576324
2	11	9759	9759	0.567864
2	12	284	284	0.0266533
2	13	262	262	0.00425339
2	14	5044	1767	1.96339
2	15	13	13	0.000495911
2	16	50256	50256	0.000766754
3	5	1205	1205	0.545871
3	6	2641	2641	1.35727
3	7	663	663	0.0325394
3	8	20596	6971	3.48775
3	9	11	11	0.00179291
3	10	11222	11222	1.90525
3	11	88	88	0.277256
3	12	4645	4645	0.528866
3	13	13	13	0.00681496
3	14	50256	50256	0.000125885
4	5	5922	5922	0.270954
4	6	39966	39966	0.610327
4	7	287	287	0.0274677
4	8	257	257	0.0269299
4	9	36594	36594	0.309279
4	10	290	290	0.037632
4	11	1577	1577	0.393889
4	12	4082	4082	0.0490055
4	13	13	13	0.00179482
4	14	50256	50256	0
5	5	945	945	0.0555019
5	6	4439	4439	0.0738106
5	7	23938	23938	0.269913
5	8	26742	26742	0.134618
5	9	981	981	0.114363
5	10	30580	30580	0.538578
5	11	511	511	0.0813198
5	12	8954	8954	0.220657
5	13	13022	13022	0.0704136
5	14	13	13	0
5	15	50256	50256	3.8147e-06
6	5	5739	5739	0.362372
6	6	11	11	0.0571423
6	7	281	281	0.356911
6	8	2134	2134	1.08123
6	9	351	351	0.569113
6	10	645	269	3.20907
6	11	2010	2010	0.48038
6	12	2700	2700	0.535676
6	13	16047	16047	0.314325
6	14	6937	6937	0.153271
6	15	15432	15432	0.337473
6	16	13	13	0.00576782
6	17	50256	50256	0
7	5	296	296	0.698258
7	6	1045	1045	1.31841
7	7	1249	1249	0.965917
7	8	21678	21678	0.734019
7	9	284	284	0.0750713
7	10	1445	1445	0.928998
7	11	832	832	0.287519
7	12	12835	12835	0.468056
7	13	16649	16649	0.794299
7	14	13	13	0.00221634
7	15	50256	50256	0
8	5	734	734	1.79719
8	6	9403	9403	1.35605
8	7	5667	5667	0.68978
8	8	13	13	0.0545177
8	9	50256	50256	1.14441e-05
9	5	4983	4983	0.0729771
9	6	355	355	0.0310402
9	7	281	281	0.0745583
9	8	14312	14312	0.307175
9	9	20562	20562	0.311719
9	10	3716	3716	0.222552
9	11	13	13	0.0114117
9	12	50256	50256	1.90735e-05
10	5	13522	13522	0.226769
10	6	5732	5732	0.0994778
10	7	663	663	0.0333729
10	8	29973	29973	0.202291
10	9	2785	2785	0.21232
10	10	2568	2568	0.0688019
10	11	13	13	0.0132122
10	12	50256	50256	0
11	5	284	284	0.167358
11	6	787	787	0.580043
11	7	34476	34476	0.764414
11	8	1141	1141	0.258997
11	9	5205	5205	1.72161
11	10	44411	44411	0.477227
11	11	13	13	0.000385284
11	12	50256	50256	0
12	5	257	257	0.0102921
12	6	43836	43836	0.973583
12	7	416	416	0.0571175
12	8	12304	12304	0.306961
12	9	1780	1780	0.147612
12	10	299	299	0.150146
12	11	12345	12345	0.214737
12	12	1088	1088	0.0575504
12	13	281	281	0.0512695
12	14	14709	14709	0.370766
12	15	415	415	0.178754
12	16	13	13	0.00254822
12	17	50256	50256	3.8147e-06
13	5	257	257	0.0242443
13	6	12505	12505	0.31241
13	7	3716	3716	0.0858383
13	8	287	287	0.00505829
13	9	1944	1944	0.0420017
13	10	12	12	0.00407219
13	11	820	820	0.0737801
13	12	31057	31057	0.285479
13	13	13	13	0.000106812
13	14	50256	50256	0
14	5	2173	2173	0.166836
14	6	284	284	0.198458
14	7	3435	3435	0.342601
14	8	973	973	0.0875225
14	9	287	287	0.0531197
14	10	867	867	0.237791
14	11	3597	3597	0.291859
14	12	3341	3341	0.189554
14	13	13	13	0
14	14	50256	50256	0
15	5	3665	3665	0.828284
15	6	7405	7405	0.362556
15	7	284	284	0.124485
15	8	1057	1057	0.478462
15	9	2138	2138	0.0640621
15	10	621	621	0.0153465
15	11	6129	6129	0.300988
15	12	13	13	3.8147e-06
15	13	50256	50256	0
16	5	471	471	0.407018
16	6	5031	5031	0.101997
16	7	272	272	0.0283661
16	8	7012	7012	0.242517
16	9	9459	9459	0.279625
16	10	11	11	0.0462437
16	11	281	281	0.0306053
16	12	37874	37874	0.647867
16	13	1748	1748	0.278762
16	14	13	13	0.000579834
16	15	50256	50256	0
17	5	326	326	0.0419235
17	6	2107	2107	0.278477
17	7	287	287	0.0551834
17	8	8389	8389	0.369302
17	9	20848	20848	0.0939426
17	10	13	13	0.00104713
17	11	50256	50256	0
18	5	11863	11863	0.137991
18	6	351	351	0.40906
18	7	262	262	0.00113297
18	8	1037	1037	0.913846
18	9	286	286	0.0492039
18	10	16869	16869	0.45113
18	11	49835	49835	0.0500793
18	12	13	13	0.000328064
18	13	50256	50256	0.000183105
19	5	257	257	0.0129852
19	6	20562	16021	3.12498
19	7	290	290	0.0975151
19	8	28757	28757	2.05078
19	9	3716	3716	0.315367
19	10	287	287	0.0274601
19	11	17113	17113	0.551142
19	12	4763	4763	0.109447
19	13	11	11	0.0112419
19	14	8602	8602	0.813793
19	15	13	13	1.90735e-06
19	16	50256	50256	0
20	5	286	286	0.0845509
20	6	15238	15238	0.316313
20	7	11	11	0.0351677
20	8	257	257	0.00896645
20	9	42238	42238	0.798678
20	10	1499	1499	0.114573
20	11	13	13	4.19617e-05
20	12	50256	50256	0
21	5	3665	3665	1.1923
21	6	25041	25041	0.442654
21	7	11278	11278	0.421183
21	8	326	326	0.0331764
21	9	460	460	0.0617065
21	10	11589	11589	0.270525
21	11	8976	8976	0.135489
21	12	257	257	0.00398636
21	13	16161	8122	5.04024
21	14	338	338	0.02742
21	15	22204	22204	0.156994
21	16	13	13	4.57764e-05
21	17	50256	50256	0
22	5	17669	17669	1.08842
22	6	23235	23235	0.898418
22	7	40270	40270	1.0026
22	8	284	284	0.200172
22	9	530	530	0.869961
22	10	11863	11863	1.14795
22	11	22037	22037	0.56295
22	12	13	13	0
22	13	50256	50256	3.05176e-05
23	5	1262	1262	0.0108986
23	6	4839	4839	0.254956
23	7	12	12	0.0265808
23	8	29289	29289	0.181078
23	9	15835	15835	0.12113
23	10	13	13	0.0116386
23	11	50256	50256	3.8147e-06
24	5	286	286	0.184258
24	6	4771	4771	1.31485
24	7	326	326	0.120199
24	8	1445	1445	0.996932
24	9	739	739	0.69567
24	10	511	511	0.137438
24	11	898	898	0.444547
24	12	3463	3463	0.473427
24	13	13	13	0.00727272
24	14	50256	50256	0
25	5	976	976	1.67491
25	6	355	389	1.23827
25	7	1194	340	2.25727
25	8	1573	1573	0.595988
25	9	475	475	0.579988
25	10	460	460	0.425068
25	11	13238	13238	1.11106
25	12	287	287	0.00964355
25	13	3616	3616	2.41062
25	14	393	393	0.105595
25	15	24993	24993	0.205578
25	16	13	13	0.00321198
25	17	50256	50256	0
26	5	8384	8384	0.294058
26	6	319	319	0.149075
26	7	5667	5667	0.770819
26	8	11	11	0.000892639
26	9	8701	8701	1.38703
26	10	274	274	0.650133
26	11	11	11	0.132565
26	12	290	290	0.497715
26	13	584	584	0.202991
26	14	4618	4618	0.286847
26	15	2587	2587	1.11997
26	16	13	13	0
26	17	50256	50256	0
27	5	284	284	0.226851
27	6	4735	4735	1.02773
27	7	318	318	0.0435696
27	8	1444	1444	0.486205
27	9	32553	32553	0.445818
27	10	13	13	0.00281143
27	11	50256	50256	0
28	5	287	287	0.0280285
28	6	257	257	0.000476837
28	7	269	269	0.49309
28	8	8325	8325	0.256941
28	9	298	298	0.203814
28	10	5931	5931	0.154455
28	11	6314	6314	0.800352
28	12	13	13	0.0160923
28	13	50256	50256	7.62939e-06
29	5	25834	25834	0.469641
29	6	17783	17783	0.224312
29	7	7545	7545	0.0842314
29	8	3805	3805	0.224932
29	9	1719	1719	0.255571
29	10	645	645	0.0905914
29	11	37368	37368	0.233713
29	12	13	13	0.000320435
29	13	50256	50256	1.90735e-05
30	5	6071	6071	1.71706
30	6	2641	2641	0.125542
30	7	257	257	0.0809803
30	8	24911	24911	0.273764
30	9	13	13	3.8147e-06
30	10	50256	50256	0
31	5	12491	12491	0.189308
31	6	265	265	0.223361
31	7	318	318	0.0826855
31	8	407	407	0.174089
31	9	257	257	0.0320072
31	10	1611	1611	0.593895
31	11	286	286	0.0132599
31	12	17135	17135	0.166439
31	13	13	13	0.00944328
31	14	50256	50256	0
32	5	11	11	0.023634
32	6	262	262	0.00162888
32	7	9848	976	3.59395
32	8	286	286	0.0118294
32	9	14580	14580	1.36262
32	10	21767	21767	0.196638
32	11	262	262	0.00164032
32	12	9848	9848	2.19028
32	13	286	286	0.0162697
32	14	18349	18349	0.0758057
32	15	13	13	0.000106812
32	16	50256	50256	0
33	5	1123	1123	0.0906506
33	6	584	584	0.363311
33	7	1973	1973	0.273024
33	8	262	262	0.0292988
33	9	41407	41407	0.239569
33	10	286	286	0.00117302
33	11	47403	47403	0.112907
33	12	13	13	0
33	13	50256	50256	0.000190735
34	5	416	416	0.0432854
34	6	2876	2876	0.100845
34	7	3723	3723	0.0499935
34	8	290	290	0.0144615
34	9	27172	27172	0.124317
34	10	3101	3101	0.119318
34	11	267	267	0.399927
34	12	265	265	0.258133
34	13	21824	21824	0.940044
34	14	13	13	3.8147e-05
34	15	50256	50256	7.62939e-06
35	5	663	663	0.0217361
35	6	9686	9686	0.401739
35	7	290	290	0.00388527
35	8	6727	6727	1.27847
35	9	10645	10645	0.294264
35	10	13	13	8.7738e-05
35	11	50256	50256	0.000450134
36	5	11880	11880	0.264645
36	6	5419	5419	0.0749912
36	7	340	663	1.98284
36	8	2824	2824	1.71571
36	9	5931	5931	0.286278
36	10	1321	734	3.35144
36	11	422	422	0.157316
36	12	663	663	0.358377
36	13	21334	21334	0.307333
36	14	13	13	0
36	15	50256	50256	0
37	5	287	287	0.542398
37	6	262	262	0.0113564
37	7	8434	8434	1.7962
37	8	1027	1027	0.287722
37	9	4909	4909	0.412514
37	10	23326	23326	0.942579
37	11	4778	4778	0.296978
37	12	2950	2950	0.56806
37	13	287	287	0.0870819
37	14	4854	4854	0.268436
37	15	13	13	0.0250778
37	16	50256	50256	0
38	5	2630	2630	0.190817
38	6	262	262	0.0953712
38	7	5337	5337	0.798798
38	8	44487	44487	0.249233
38	9	9869	9869	0.259531
38	10	12898	12898	0.298807
38	11	546	546	0.181427
38	12	257	257	0.0110912
38	13	8557	8557	1.6398
38	14	7002	7002	0.116051
38	15	13	13	0.000667572
38	16	50256	50256	0
39	5	257	257	0.0785961
39	6	38712	1729	2.77879
39	7	460	460	0.0241928
39	8	6486	6486	0.313394
39	9	379	379	0.113562
39	10	845	845	0.256896
39	11	1180	1180	0.26475
39	12	18868	18868	0.528969
39	13	422	422	0.0502205
39	14	3668	734	1.79957
39	15	13	13	0
39	16	50256	50256	0
40	5	976	976	0.61598
40	6	1271	1271	1.01237
40	7	286	286	0.134405
40	8	28722	28722	0.724543
40	9	355	355	0.143883
40	10	1237	1237	0.65237
40	11	684	684	0.182559
40	12	13	13	0.0620251
40	13	50256	50256	0
41	5	5048	5048	0.106384
41	6	82	82	0.0669765
41	7	4731	4731	0.335651
41	8	1938	1938	0.379025
41	9	284	284	0.00791359
41	10	458	458	0.218687
41	11	1347	1347	0.754637
41	12	2138	2138	0.0657368
41	13	621	621	0.134712
41	14	9563	9563	0.184343
41	15	262	262	0.0352612
41	16	13042	976	3.14421
41	17	13	13	0.000408173
41	18	50256	50256	0
42	5	1712	1712	0.730289
42	6	32107	32107	0.250038
42	7	1296	1296	0.129902
42	8	262	262	0.00358582
42	9	20831	976	1.99378
42	10	24491	24491	0.438634
42	11	22829	22829	0.109487
42	12	13	13	0.00762558
42	13	50256	50256	0
43	5	3825	976	2.69411
43	6	318	318	0.197372
43	7	1444	1444	0.242811
43	8	262	262	0.469547
43	9	2825	2825	1.602
43	10	22829	22829	0.153849
43	11	13	13	4.19617e-05
43	12	50256	50256	0
44	5	262	262	0.112053
44	6	3825	3825	0.767572
44	7	11	11	0.0903625
44	8	21094	21094	0.462686
44	9	468	468	0.0916786
44	10	257	257	0.0351429
44	11	37546	8064	2.52697
44	12	2811	2811	0.163042
44	13	4417	4417	0.148231
44	14	13	13	0
44	15	50256	50256	0
45	5	257	257	0.00789642
45	6	5863	5863	0.304152
45	7	670	670	0.0473766
45	8	416	416	0.0218086
45	9	12386	12386	0.121656
45	10	46525	46525	0.0292797
45	11	13	13	0.00168228
45	12	50256	50256	0
46	5	262	262	0.00339127
46	6	9653	9653	1.21677
46	7	326	326	0.142538
46	8	8080	8080	0.539469
46	9	607	607	0.212498
46	10	18815	18815	0.316795
46	11	13	13	0.0016098
46	12	50256	50256	3.8147e-06
47	5	422	422	0.0258446
47	6	826	826	0.436366
47	7	284	284	0.0423012
47	8	1364	1364	0.591955
47	9	13	13	0
47	10	50256	50256	9.15527e-05
48	5	1872	1872	0.317232
48	6	389	389	0.0632973
48	7	3917	3917	0.362129
48	8	351	351	0.0131702
48	9	12281	12281	0.516674
48	10	64	64	0.381716
48	11	399	399	0.366579
48	12	9019	9019	0.492651
48	13	13	13	0.00264359
48	14	50256	50256	0
49	5	257	257	0.157139
49	6	1296	749	4.87834
49	7	286	286	0.125216
49	8	31094	734	4.78098
49	9	11881	11881	0.750116
49	10	13	13	0
49	11	50256	50256	0.00326157
50	5	17226	17226	0.325748
50	6	1271	1271	0.433692
50	7	286	286	0.0188389
50	8	597	597	0.837949
50	9	5931	5931	0.068655
50	10	5002	5002	0.708372
50	11	13	13	0.00333786
50	12	50256	50256	0
51	5	422	422	0.058054
51	6	262	262	0.0335941
51	7	15921	15921	0.42975
51	8	286	286	0.00870895
51	9	19450	19450	0.653532
51	10	7150	7150	0.374943
51	11	13	13	0
51	12	50256	50256	0
52	5	25388	25388	0.139168
52	6	3623	3623	0.094449
52	7	284	284	0.0547161
52	8	1620	1620	0.684709
52	9	12370	12370	0.097662
52	10	670	670	0.590775
52	11	13	13	0.0137672
52	12	50256	50256	0
53	5	262	262	0.57802
53	6	6869	3825	2.49284
53	7	7021	7021	0.214236
53	8	636	636	0.23041
53	9	393	393	0.395151
53	10	477	477	1.16143
53	11	286	286	0.0280972
53	12	262	262	0.1751
53	13	3825	3825	0.822808
53	14	422	422	0.156404
53	15	1570	1570	0.173723
53	16	13	13	0.000190735
53	17	50256	50256	0
54	5	393	393	0.0497036
54	6	7686	7686	0.450948
54	7	3170	3170	0.295073
54	8	422	422	0.0740738
54	9	5100	5100	0.34308
54	10	18955	18955	1.0334
54	11	4991	4991	0.253403
54	12	13	13	0.000253677
54	13	50256	50256	0
55	5	3872	3872	0.280186
55	6	3815	3815	0.102247
55	7	884	884	0.373013
55	8	355	355	0.0954895
55	9	2081	2081	0.605182
55	10	290	290	0.0592804
55	11	3991	3991	0.925313
55	12	13	13	9.53674e-05
55	13	50256	50256	0
56	5	6903	6903	0.974433
56	6	286	286	0.0960007
56	7	1692	1692	1.13589
56	8	2910	1692	1.29304
56	9	13	13	0.0380077
56	10	50256	50256	1.14441e-05
57	5	287	287	0.067482
57	6	2166	2166	0.829265
57	7	286	286	0.0480709
57	8	663	663	0.871185
57	9	3491	4735	2.24823
57	10	460	460	0.149279
57	11	2728	2728	0.922561
57	12	257	257	0.0115108
57	13	40757	40757	1.14656
57	14	19550	19550	0.409739
57	15	287	287	0.0820827
57	16	262	262	0.00858307
57	17	3491	3491	1.55085
57	18	338	338	0.0361977
57	19	22204	22204	0.125349
57	20	13	13	0.0205746
57	21	50256	50256	0
58	5	3170	3170	0.0500431
58	6	12972	12972	0.397211
58	7	43591	43591	0.164473
58	8	355	355	0.0936089
58	9	15100	15100	0.206856
58	10	16667	16667	0.0995331
58	11	1443	1443	0.0247288
58	12	13	13	0
58	13	50256	50256	1.52588e-05
59	5	1510	1510	0.218894
59	6	400	400	0.0786991
59	7	286	286	0.00028801
59	8	257	257	0.0128574
59	9	4326	4326	0.992426
59	10	13	13	7.62939e-06
59	11	50256	50256	0.000354767
60	5	735	735	0.0321693
60	6	460	460	0.00292778
60	7	10199	10199	0.151205
60	8	284	284	0.00801468
60	9	5044	5044	0.19176
60	10	9230	9230	0.144997
60	11	13	13	0.00190735
60	12	50256	50256	0
61	5	290	290	0.0647545
61	6	38467	38467	0.402397
61	7	5594	5594	0.255692
61	8	284	284	0.00196838
61	9	262	262	0.0715446
61	10	304	2060	2.68004
61	11	2724	2724	0.125362
61	12	560	560	0.17635
61	13	6421	6421	0.160076
61	14	13	13	0
61	15	50256	50256	9.53674e-05
62	5	13971	13971	0.557623
62	6	9403	9403	0.18378
62	7	42626	42626	0.24043
62	8	3349	3349	0.0988503
62	9	739	739	0.0228043
62	10	11080	11080	0.23382
62	11	3403	3403	0.04529
62	12	13	13	5.72205e-05
62	13	50256	50256	1.14441e-05
63	5	7319	7319	0.0576515
63	6	16379	16379	0.0533218
63	7	13	13	0.00012207
63	8	50256	50256	2.67029e-05
64	5	47933	47933	0.136463
64	6	832	832	0.0460949
64	7	257	257	0.00448036
64	8	8122	8122	0.989213
64	9	13	13	0
64	10	50256	50256	1.90735e-05
65	5	2339	2339	0.445148
65	6	8573	8573	0.355133
65	7	326	326	0.266895
65	8	1037	1037	0.196482
65	9	606	606	0.915467
65	10	7906	7906	0.315714
65	11	832	832	0.036665
65	12	262	262	0.0660515
65	13	1633	530	1.68017
65	14	13	13	0.00829697
65	15	50256	50256	0.000114441
66	5	262	262	0.00721931
66	6	5417	20831	6.03718
66	7	832	832	0.0996876
66	8	257	257	0.276875
66	9	25979	3210	4.72731
66	10	287	287	0.118635
66	11	10836	10836	2.53236
66	12	13	13	0
66	13	50256	50256	0.000240326
67	5	286	286	0.0312424
67	6	7517	7517	1.35108
67	7	11	11	0.0324364
67	8	319	319	0.313257
67	9	262	262	0.000207901
67	10	5866	5866	1.51276
67	11	406	406	0.474935
67	12	733	733	0.230311
67	13	2959	2959	0.173721
67	14	13	13	0
67	15	50256	50256	3.8147e-06
68	5	4778	4778	0.0381012
68	6	326	326	0.117065
68	7	3031	3031	0.833463
68	8	284	284	0.00746918
68	9	15938	15938	0.81225
68	10	26306	26306	0.237765
68	11	287	287	0.0709114
68	12	40333	40333	0.113888
68	13	13	13	0.000951767
68	14	50256	50256	1.14441e-05
69	5	284	284	0.0158825
69	6	45075	45075	0.65483
69	7	262	262	0.0394688
69	8	1271	1271	2.30142
69	9	286	286	0.0297585
69	10	23235	2520	2.91839
69	11	286	286	0.027832
69	12	1123	1123	0.472658
69	13	5002	5002	1.52491
69	14	13	13	0.00632858
69	15	50256	50256	1.52588e-05
70	5	287	287	0.0775299
70	6	663	663	0.0652771
70	7	13179	13179	0.312214
70	8	13	13	0.00713348
70	9	50256	50256	0
71	5	3623	5894	3.21412
71	6	11	11	0.201105
71	7	8977	8977	1.22685
71	8	11	11	0.111675
71	9	290	290	0.000335693
71	10	3223	18616	2.4803
71	11	2300	2300	0.381843
71	12	1978	1978	0.874335
71	13	287	287	0.0827522
71	14	27982	27982	0.470098
71	15	13	13	3.8147e-06
71	16	50256	50256	0
72	5	11904	2877	3.98459
72	6	832	832	0.263363
72	7	2005	2005	1.21438
72	8	83	83	0.393906
72	9	654	654	0.427
72	10	393	393	0.212643
72	11	584	584	1.0265
72	12	7494	7494	0.609698
72	13	876	876	0.273129
72	14	8573	8573	0.0941906
72	15	13	13	3.05176e-05
72	16	50256	50256	0
73	5	5451	5451	0.0368423
73	6	3407	3407	0.170403
73	7	262	262	0.0118885
73	8	25868	25868	0.299212
73	9	5882	5882	0.13505
73	10	1757	1757	0.120123
73	11	7698	7698	0.0688953
73	12	13	13	0.00249481
73	13	50256	50256	0
74	5	351	351	0.0455952
74	6	7572	7572	0.912946
74	7	286	286	0.0659428
74	8	4376	4376	1.08992
74	9	22969	22969	0.140305
74	10	13	13	0.00429726
74	11	50256	50256	9.53674e-05
75	5	24866	24866	0.262545
75	6	284	284	0.0564213
75	7	257	257	0.109802
75	8	2440	3825	3.39384
75	9	11067	11067	0.174891
75	10	7078	7078	0.269462
75	11	13	13	0.0043354
75	12	50256	50256	3.8147e-06
76	5	13020	13020	0.229946
76	6	34262	34262	0.268009
76	7	422	422	0.0358524
76	8	257	257	0.00124168
76	9	8701	1588	2.44037
76	10	13	13	0.00193214
76	11	50256	50256	0.000785828
77	5	2826	2826	1.16523
77	6	351	351	0.205828
77	7	663	663	1.16279
77	8	1767	4417	4.38139
77	9	4855	4855	0.474943
77	10	1022	1022	0.157196
77	11	262	262	0.0547142
77	12	2137	2137	2.47029
77	13	338	338	0.0479527
77	14	14475	14475	0.318798
77	15	13	13	0
77	16	50256	50256	0
78	5	11061	11061	0.15815
78	6	257	257	0.134443
78	7	37327	8811	3.36119
78	8	4645	4645	0.372903
78	9	1900	1900	0.471184
78	10	355	355	0.258224
78	11	262	262	0.210274
78	12	6124	6124	1.23921
78	13	6391	6391	0.444626
78	14	17180	17180	0.100176
78	15	13	13	0.00084877
78	16	50256	50256	0
79	5	351	351	0.0104675
79	6	281	281	0.0223637
79	7	30690	30690	0.702791
79	8	6082	6082	0.268049
79	9	286	286	0.00827026
79	10	5186	5186	0.234576
79	11	3877	3877	0.0382881
79	12	13	13	8.58307e-05
79	13	50256	50256	0.000148773
80	5	6342	41578	8.82865
80	6	11	11	0.207336
80	7	257	257	0.0320282
80	8	1748	1748	1.72566
80	9	319	319	0.301933
80	10	262	262	0.118876
80	11	1001	1001	1.20275
80	12	500	500	0.154295
80	13	13	13	0
80	14	50256	50256	3.8147e-05
81	5	1141	1141	0.311754
81	6	262	262	0.0191498
81	7	1110	4417	2.92857
81	8	618	618	0.254656
81	9	1956	1956	1.24862
81	10	1175	1175	0.311651
81	11	907	907	0.322836
81	12	5443	5443	0.848933
81	13	621	621	0.0663452
81	14	6716	6716	0.963402
81	15	1660	1660	0.284924
81	16	13	13	0.00524712
81	17	50256	50256	7.62939e-06
82	5	10157	10157	0.552692
82	6	549	549	0.0719337
82	7	32653	32653	0.108284
82	8	297	297	0.167688
82	9	544	544	0.153593
82	10	7813	7813	0.0535259
82	11	37834	37834	0.0349197
82	12	13	13	0
82	13	50256	50256	1.90735e-05
83	5	1271	1271	0.439607
83	6	4249	4249	0.327188
83	7	257	257	0.01688
83	8	4633	4633	0.892585
83	9	1271	1271	0.145237
83	10	13	13	0.00733948
83	11	50256	50256	3.8147e-06
84	5	3139	16577	3.28247
84	6	286	286	0.0346088
84	7	10836	16577	2.77919
84	8	11	11	0.0195217
84	9	287	287	0.115599
84	10	262	262	0.0527458
84	11	1499	6156	2.84245
84	12	338	338	0.228876
84	13	5093	5093	0.584436
84	14	13	13	0.000574112
84	15	50256	50256	0.000221252
85	5	19812	19812	0.458019
85	6	20775	20775	0.080389
85	7	25730	25730	0.0964451
85	8	17628	17628	0.0440407
85	9	13	13	0.00173187
85	10	50256	50256	1.14441e-05
86	5	318	318	0.117832
86	6	4635	4635	0.22621
86	7	416	416	0.0356903
86	8	38797	38797	0.149773
86	9	278	278	0.11179
86	10	37624	37624	0.322949
86	11	41266	41266	0.180782
86	12	351	351	0.0228882
86	13	8268	8268	0.254122
86	14	13	13	0.0191383
86	15	50256	50256	3.8147e-06
87	5	262	262	0.0241566
87	6	10359	10359	0.522762
87	7	290	290	0.041996
87	8	262	262	0.0287018
87	9	10329	10329	0.292585
87	10	13	13	0.0064621
87	11	50256	50256	0.000774384
88	5	11685	11685	0.122707
88	6	286	286	0.00469589
88	7	18190	18190	0.307207
88	8	290	290	0.0344315
88	9	511	511	0.305262
88	10	3585	3585	0.716958
88	11	6116	6116	0.101614
88	12	13	13	0.00232315
88	13	50256	50256	0.000202179
89	5	18044	18044	1.64518
89	6	1633	1633	0.479897
89	7	832	832	0.138248
89	8	511	511	0.529126
89	9	6611	6611	0.717606
89	10	28439	28439	0.0738716
89	11	13	13	0.000675201
89	12	50256	50256	0
90	5	15061	15061	0.577195
90	6	36402	36402	0.314427
90	7	286	286	0.0197372
90	8	257	257	0.324354
90	9	19690	19690	1.29515
90	10	5509	5509	0.928204
90	11	13	13	0.00147629
90	12	50256	50256	0.000209808
91	5	11	11	0.160351
91	6	1690	1690	1.08577
91	7	41266	41266	0.223867
91	8	393	393	0.112608
91	9	2511	2511	0.428169
91	10	680	680	0.443275
91	11	11	11	0.242718
91	12	351	351	0.0827579
91	13	1622	1622	0.954508
91	14	654	654	0.289963
91	15	13	13	0.00551033
91	16	50256	50256	5.72205e-05
92	5	4104	35988	2.56606
92	6	1088	1088	0.24778
92	7	17648	17648	0.486718
92	8	290	290	0.0335217
92	9	832	5931	9.67619
92	10	28431	28431	0.529144
92	11	13	13	0.00645638
92	12	50256	50256	7.62939e-06
93	5	257	257	0.0455322
93	6	2139	19999	2.82839
93	7	3170	3170	0.200079
93	8	319	319	0.499678
93	9	262	262	0.293493
93	10	5230	3139	2.993
93	11	2138	2138	0.19475
93	12	621	621	0.16399
93	13	257	257	0.71842
93	14	6171	9315	3.9625
93	15	5177	5177	0.48375
93	16	329	329	0.0958462
93	17	262	262	0.0418892
93	18	5230	5230	1.64998
93	19	13	13	0.00976944
93	20	50256	50256	2.28882e-05
94	5	6588	2092	2.07461
94	6	17556	17556	0.621223
94	7	326	326	0.160976
94	8	5419	5419	0.339031
94	9	8509	8509	0.570403
94	10	15756	15756	0.338163
94	11	4485	4485	0.129128
94	12	13	13	0
94	13	50256	50256	0
95	5	11073	11073	0.120132
95	6	281	281	0.0584202
95	7	772	772	0.482229
95	8	18253	18253	0.121893
95	9	13	13	0.00164986
95	10	50256	50256	0
96	5	318	318	0.203821
96	6	262	262	0.0308075
96	7	1218	1218	2.17188
96	8	13	13	0.0310268
96	9	50256	50256	1.14441e-05
97	5	262	262	0.0325012
97	6	20938	20938	1.23732
97	7	7679	7679	0.125618
97	8	1444	1444	0.11833
97	9	262	262	0.00629234
97	10	14673	20938	1.65968
97	11	22829	22829	0.0833359
97	12	13	13	0
97	13	50256	50256	0
98	5	6870	6870	0.320569
98	6	8787	8787	0.390436
98	7	1231	1231	0.0527172
98	8	38875	38875	0.59395
98	9	1123	1123	0.0757599
98	10	4637	4637	0.230064
98	11	257	257	0.0243206
98	12	4571	4571	1.75994
98	13	13	13	1.90735e-06
98	14	50256	50256	7.62939e-06
99	5	2138	2138	0.0989017
99	6	621	621	0.0456657
99	7	1660	1660	1.13666
99	8	11	11	0.0246429
99	9	287	287	0.17738
99	10	511	511	0.155542
99	11	1311	1311	0.865664
99	12	862	862	0.261152
99	13	13	13	0.00569534
99	14	50256	50256	3.05176e-05
100	5	1514	1514	0.129927
100	6	3096	3096	0.311476
100	7	468	468	0.105267
100	8	43063	43063	0.399696
100	9	3951	3951	0.13278
100	10	287	287	0.0831814
100	11	1123	1123	0.130081
100	12	4571	4571	1.67043
100	13	13	13	0.0190563
100	14	50256	50256	3.8147e-06
101	5	48573	48573	0.866534
101	6	6134	6134	0.190559
101	7	16573	16573	0.246099
101	8	284	284	0.0470486
101	9	1204	1204	0.547384
101	10	11061	11061	0.099596
101	11	32085	32085	0.49232
101	12	729	729	0.178333
101	13	13	13	4.95911e-05
101	14	50256	50256	0
102	5	9197	17522	5.68204
102	6	8320	8320	0.356727
102	7	689	689	0.24679
102	8	772	772	0.564049
102	9	611	611	0.602085
102	10	663	663	0.122183
102	11	2866	2866	1.40544
102	12	14768	14768	1.89366
102	13	6937	6937	0.544486
102	14	13	13	0.00254631
102	15	50256	50256	0
103	5	1660	1660	0.159729
103	6	40169	40169	0.303493
103	7	379	379	0.222157
103	8	257	257	0.0762825
103	9	2793	9151	4.36145
103	10	5951	5951	0.546846
103	11	13	13	0.00404549
103	12	50256	50256	0
104	5	262	262	0.000513077
104	6	23902	23902	1.33381
104	7	23642	23642	0.0922298
104	8	16161	16161	0.936817
104	9	1444	1444	0.0690765
104	10	262	262	0.0766563
104	11	34822	34822	1.16123
104	12	6378	6378	0.034071
104	13	13	13	1.52588e-05
104	14	50256	50256	0
105	5	1022	1022	0.271191
105	6	4237	4237	0.324274
105	7	290	290	0.00187874
105	8	3957	3957	1.26408
105	9	393	393	0.0225048
105	10	6143	6143	0.480034
105	11	21379	21379	0.67079
105	12	13	13	0.000328064
105	13	50256	50256	1.14441e-05
106	5	262	262	0.029953
106	6	22088	22088	1.10574
106	7	291	291	0.0628796
106	8	13061	13061	0.297604
106	9	21072	21072	0.111399
106	10	44921	44921	0.198439
106	11	13	13	0.000448227
106	12	50256	50256	0
107	5	1660	1660	0.51884
107	6	287	287	0.0423489
107	7	6546	6546	0.634265
107	8	2945	2945	0.182333
107	9	5667	5667	0.154938
107	10	11	11	0.0507145
107	11	21552	21552	1.8405
107	12	11	11	0.0691223
107	13	393	393	0.330119
107	14	11135	11135	0.507033
107	15	13	13	0.00893593
107	16	50256	50256	0
108	5	7627	7627	0.303154
108	6	904	904	0.259405
108	7	656	656	0.073801
108	8	262	262	0.052887
108	9	10596	10596	1.10208
108	10	10692	10692	0.202356
108	11	13	13	0.00189209
108	12	50256	50256	6.10352e-05
109	5	262	262	0.0197086
109	6	16577	3825	3.19057
109	7	15921	15921	0.3046
109	8	286	286	0.000534058
109	9	257	257	0.0553169
109	10	14281	2060	3.32072
109	11	17793	17793	0.198124
109	12	13	13	0.000110626
109	13	50256	50256	7.62939e-06
110	5	41917	1692	2.54143
110	6	9978	9978	1.1236
110	7	326	326	0.2535
110	8	460	460	0.0441761
110	9	3650	3650	1.14039
110	10	290	290	0.0269814
110	11	21937	2807	2.98324
110	12	24284	24284	0.917379
110	13	17794	17794	0.297937
110	14	286	286	0.0216484
110	15	34573	4898	4.00954
110	16	13	13	0.0348167
110	17	50256	50256	3.8147e-06
111	5	6591	6591	0.17466
111	6	1080	1080	0.147099
111	7	11	11	0.186632
111	8	22721	22721	1.30891
111	9	468	468	0.323738
111	10	262	262	0.00599289
111	11	6000	2910	4.7785
111	12	2347	2347	0.549803
111	13	13	13	0
111	14	50256	50256	0
112	5	34616	34616	0.287697
112	6	29120	29120	0.139174
112	7	656	656	0.332773
112	8	262	262	0.030571
112	9	1402	1402	0.454603
112	10	45426	45426	0.175766
112	11	13	13	0
112	12	50256	50256	0
113	5	3625	3625	0.137337
113	6	329	329	0.0107613
113	7	3356	3356	0.642287
113	8	290	290	0.00839043
113	9	13017	13017	0.363004
113	10	13	13	0.001091
113	11	50256	50256	7.62939e-06
114	5	8122	8811	2.54306
114	6	11	11	0.0741005
114	7	9472	9472	0.616638
114	8	663	663	0.101175
114	9	8434	8434	0.43224
114	10	4755	4755	0.383011
114	11	318	318	0.139771
114	12	4735	8122	3.89248
114	13	13	13	0
114	14	50256	50256	2.67029e-05
115	5	8802	8802	0.0454769
115	6	19079	19079	0.0832157
115	7	1998	1998	0.0646515
115	8	6697	6697	0.138912
115	9	7028	7028	0.313946
115	10	13	13	0.000808716
115	11	50256	50256	6.86646e-05
116	5	274	274	0.0775909
116	6	13617	13617	0.28191
116	7	278	278	0.265236
116	8	329	329	0.115276
116	9	1103	1103	0.869308
116	10	3146	3146	0.722197
116	11	13	13	1.90735e-06
116	12	50256	50256	0
117	5	13204	13204	0.130386
117	6	4991	4991	0.302586
117	7	286	286	0.0110512
117	8	2877	2877	1.25525
117	9	20296	20296	0.323662
117	10	13	13	0.0329266
117	11	50256	50256	0
118	5	281	281	0.0108356
118	6	1633	1633	1.46245
118	7	1014	1014	0.435664
118	8	1022	1022	0.27957
118	9	262	262	0.0615807
118	10	300	300	0.828427
118	11	38621	38621	0.339855
118	12	87	87	0.27282
118	13	290	290	0.0168247
118	14	262	262	0.0838242
118	15	18443	18443	0.305653
118	16	11072	11072	0.103592
118	17	13	13	0.000598907
118	18	50256	50256	0.005867
119	5	9460	9460	0.138535
119	6	293	293	0.189301
119	7	9280	9280	0.476076
119	8	48556	48556	0.231659
119	9	1321	1321	0.432761
119	10	546	546	0.636927
119	11	262	262	0.0710926
119	12	4067	13982	4.09595
119	13	286	286	0.0898647
119	14	2057	18190	3.00171
119	15	13	13	0.00303268
119	16	50256	50256	7.62939e-06
120	5	17522	17522	1.4492
120	6	318	318	0.0768681
120	7	5017	5017	0.855954
120	8	351	351	0.0604153
120	9	16252	16252	1.7824
120	10	13	13	0.0017662
120	11	50256	50256	0
121	5	257	257	0.0494404
121	6	2393	2393	1.87364
121	7	338	338	0.103868
121	8	5794	5794	0.975562
121	9	11	11	0.0691319
121	10	475	475	0.302298
121	11	340	1194	2.34922
121	12	857	857	0.310951
121	13	407	407	0.0548306
121	14	9149	9149	0.740078
121	15	326	326	0.193258
121	16	5794	5794	1.1374
121	17	13	13	0.000370026
121	18	50256	50256	3.8147e-06
122	5	262	262	0.00164032
122	6	3139	3139	1.83825
122	7	286	286	0.00157547
122	8	21506	21506	0.490769
122	9	287	287	0.000879288
122	10	3687	3687	0.304394
122	11	5478	5478	0.15204
122	12	13	13	3.8147e-06
122	13	50256	50256	0
123	5	16021	10451	5.26358
123	6	11447	11447	0.142081
123	7	10717	10717	0.518689
123	8	1444	1444	0.147039
123	9	257	257	0.251711
123	10	9529	9529	2.17425
123	11	528	528	0.19355
123	12	462	462	0.174846
123	13	13	13	0.00314713
123	14	50256	50256	0
124	5	866	866	0.212334
124	6	2636	2636	0.139587
124	7	20296	20296	0.084691
124	8	290	290	0.00411224
124	9	48914	48914	0.915182
124	10	20901	20901	0.155176
124	11	832	832	0.113239
124	12	30020	30020	0.107277
124	13	13	13	0.000457764
124	14	50256	50256	0
125	5	82	82	0.597607
125	6	262	262	0.00643158
125	7	2989	2989	0.521767
125	8	16654	16654	0.237854
125	9	287	287	0.0428963
125	10	257	257	0.0117226
125	11	23243	23243	1.25034
125	12	8379	8379	0.489156
125	13	13	13	0.011055
125	14	50256	50256	0.000190735
126	5	3519	3519	0.11886
126	6	1171	1171	0.399353
126	7	290	290	0.00133324
126	8	2839	2839	0.386021
126	9	8251	8251	0.0453663
126	10	13	13	5.34058e-05
126	11	50256	50256	2.67029e-05
127	5	318	318	0.334097
127	6	1444	1444	0.0544415
127	7	32896	32896	0.163643
127	8	14596	14596	0.0857162
127	9	13	13	0.00174904
127	10	50256	50256	0
128	5	925	925	0.033535
128	6	7525	7525	0.0675659
128	7	422	422	0.0109768
128	8	15317	15317	0.0945492
128	9	290	290	0.00031662
128	10	31861	31861	0.18391
128	11	13	13	8.01086e-05
128	12	50256	50256	4.95911e-05
129	5	257	257	0.71496
129	6	7226	1688	1.99229
129	7	21264	21264	0.44698
129	8	36264	36264	0.214647
129	9	36869	36869	0.21221
129	10	21126	21126	1.01988
129	11	7405	7405	1.06944
129	12	290	290	0.0215416
129	13	14754	14754	0.276838
129	14	663	663	0.0317364
129	15	7894	7894	0.417054
129	16	13	13	0.0510178
129	17	50256	50256	7.62939e-06
130	5	290	290	0.0438004
130	6	17298	1441	3.2139
130	7	287	287	0.0823708
130	8	262	262	0.00716019
130	9	7976	7976	1.08479
130	10	2436	2436	0.2804
130	11	26676	26676	0.0782051
130	12	13	13	0
130	13	50256	50256	0.000144958
131	5	389	389	0.531097
131	6	262	262	0.282557
131	7	717	4417	4.59062
131	8	9403	9403	0.18953
131	9	5667	5667	1.16485
131	10	286	286	0.347664
131	11	257	257	0.251974
131	12	4618	4618	1.87755
131	13	39880	39880	0.482317
131	14	13	13	0.00485039
131	15	50256	50256	3.8147e-06
132	5	4847	4847	0.205298
132	6	287	287	0.0706062
132	7	5788	5788	0.424888
132	8	416	416	0.0617561
132	9	17247	17247	0.463094
132	10	7572	7572	0.157948
132	11	286	286	0.0534935
132	12	37410	37410	1.25141
132	13	3951	3951	0.234333
132	14	13	13	1.90735e-06
132	15	50256	50256	0
133	5	7667	7667	0.0609798
133	6	8598	8598	0.0495567
133	7	16069	16069	0.0372295
133	8	13	13	0.00278473
133	9	50256	50256	0.000110626
134	5	9260	9260	0.585233
134	6	1577	1577	0.462003
134	7	262	262	0.0321217
134	8	5440	5440	1.66825
134	9	663	663	0.0517712
134	10	14688	14688	0.865564
134	11	680	680	0.293226
134	12	5585	5585	0.112877
134	13	13	13	0.00547409
134	14	50256	50256	0
135	5	389	389	0.120222
135	6	1036	1036	1.32774
135	7	515	515	0.272559
135	8	284	284	0.0293941
135	9	787	787	0.779572
135	10	257	257	0.20208
135	11	279	4417	5.38308
135	12	2150	2150	0.45528
135	13	298	298	0.5287
135	14	1779	1779	1.08472
135	15	3681	3681	0.203859
135	16	13	13	0.00610352
135	17	50256	50256	7.62939e-06
136	5	24830	24830	1.16086
136	6	287	287	0.0788136
136	7	543	543	0.555976
136	8	1123	1123	0.437571
136	9	6194	6194	1.31059
136	10	2391	2391	0.396318
136	11	6870	6870	0.109957
136	12	530	530	0.379236
136	13	44278	44278	0.518031
136	14	415	415	0.552449
136	15	393	393	0.0582943
136	16	48617	48617	0.146063
136	17	13	13	0.000717163
136	18	50256	50256	0
137	5	3473	3473	0.126924
137	6	5688	5688	0.328872
137	7	286	286	0.0321484
137	8	12925	12925	0.864182
137	9	5207	5207	0.091608
137	10	286	286	0.0300426
137	11	1660	1660	0.384575
137	12	4771	4771	0.287561
137	13	13	13	0.0517654
137	14	50256	50256	0
138	5	3825	6035	3.93328
138	6	338	338	0.311947
138	7	4755	4755	2.08211
138	8	26161	26161	0.358441
138	9	17669	17669	0.812159
138	10	656	656	0.0432091
138	11	43142	43142	0.168407
138	12	290	290	0.0157757
138	13	10050	10050	0.27696
138	14	2568	2568	0.134678
138	15	13	13	0
138	16	50256	50256	2.67029e-05
139	5	3881	3881	0.681723
139	6	326	326	0.13484
139	7	460	460	0.178537
139	8	47577	47577	0.832777
139	9	6364	6364	0.223257
139	10	625	625	0.253258
139	11	41917	41917	1.04072
139	12	1661	1661	0.339771
139	13	66	66	0.321453
139	14	2040	2040	0.0891666
139	15	13	13	0.000190735
139	16	50256	50256	0
140	5	286	286	0.0164795
140	6	28722	28722	0.496544
140	7	287	287	0.00682068
140	8	257	257	0.02384
140	9	5931	5931	1.01577
140	10	6317	6317	0.0613098
140	11	13	13	0
140	12	50256	50256	0.000507355
141	5	5002	5002	0.306017
141	6	326	326	0.347193
141	7	318	318	0.473619
141	8	8122	8122	0.732436
141	9	379	379	0.44525
141	10	8850	8850	0.134335
141	11	2119	2119	0.389928
141	12	5951	5951	0.119862
141	13	13	13	3.8147e-06
141	14	50256	50256	0
142	5	284	284	0.0016098
142	6	22792	22792	0.115898
142	7	962	962	0.18609
142	8	2763	2763	0.162457
142	9	403	403	0.0298386
142	10	338	338	0.00576973
142	11	22234	22234	0.243622
142	12	287	287	0.00416183
142	13	36094	36094	0.108627
142	14	13	13	0.000806808
142	15	50256	50256	0
143	5	38467	38467	0.742065
143	6	1296	1296	0.327439
143	7	1969	1969	0.619603
143	8	15814	15814	0.728951
143	9	351	351	0.0489292
143	10	262	262	0.101303
143	11	11135	11135	2.36247
143	12	286	286	0.02215
143	13	6134	6134	0.341869
143	14	13	13	0
143	15	50256	50256	0.000953674
144	5	262	262	0.00531197
144	6	39522	39522	0.227095
144	7	286	286	0.00246429
144	8	1568	1568	0.1262
144	9	4795	4795	0.095438
144	10	10752	10752	0.0994701
144	11	12153	12153	0.101881
144	12	274	274	0.156881
144	13	13	13	0.00316048
144	14	50256	50256	0.000591278
145	5	319	319	0.101486
145	6	2995	2995	0.493015
145	7	1141	1141	0.0398369
145	8	262	262	0.0251732
145	9	44695	44695	0.709349
145	10	1810	1810	0.13829
145	11	13	13	0.00489044
145	12	50256	50256	3.05176e-05
146	5	48440	48440	0.243546
146	6	11904	11904	0.233097
146	7	973	973	0.101574
146	8	355	355	0.230782
146	9	257	257	0.0921345
146	10	25721	25721	1.1002
146	11	13	13	6.86646e-05
146	12	50256	50256	0
147	5	319	319	0.230108
147	6	46376	46376	1.16594
147	7	11	11	0.466537
147	8	16083	16083	0.927479
147	9	981	981	0.27739
147	10	262	262	0.0233307
147	11	46376	262	3.91491
147	12	318	318	0.232231
147	13	9583	9583	0.127094
147	14	13	13	0.00461578
147	15	50256	50256	0.0033493
148	5	9779	9779	1.13687
148	6	318	318	0.0713329
148	7	257	257	0.265478
148	8	7446	4618	10.279
148	9	8379	8379	0.47872
148	10	326	326	0.102886
148	11	22625	22625	1.37483
148	12	284	284	0.00131607
148	13	257	257	0.0539417
148	14	10345	10345	1.12905
148	15	1720	1720	0.322392
148	16	13	13	0
148	17	50256	50256	0
149	5	1254	1254	0.396984
149	6	3463	3463	0.656049
149	7	1203	3463	1.51407
149	8	780	780	0.674196
149	9	484	484	0.666688
149	10	290	290	0.0596085
149	11	511	530	4.14162
149	12	16807	16807	0.975251
149	13	389	389	0.399654
149	14	17282	17282	0.303265
149	15	7463	7463	0.579701
149	16	1978	1978	0.259594
149	17	13	13	0.00243378
149	18	50256	50256	4.57764e-05
150	5	262	262	0.204039
150	6	6697	976	3.34859
150	7	4571	4571	1.91377
150	8	422	422	0.0939484
150	9	749	517	2.18026
150	10	584	584	0.409943
150	11	14705	14705	1.30469
150	12	287	287	0.176989
150	13	674	674	0.193441
150	14	6591	6591	0.0828352
150	15	1080	1080	0.427258
150	16	13	13	0.00336456
150	17	50256	50256	7.62939e-06
151	5	287	287	0.00398827
151	6	10598	10598	0.236565
151	7	287	287	0.00546455
151	8	5846	5846	0.222883
151	9	37078	37078	0.0548
151	10	13	13	7.62939e-05
151	11	50256	50256	0
152	5	9505	9505	0.180895
152	6	379	379	0.577015
152	7	262	262	0.00779343
152	8	5645	5645	1.342
152	9	286	286	0.0377197
152	10	11945	11945	0.6466
152	11	287	287	0.00836372
152	12	867	867	0.256923
152	13	24039	24039	0.0966988
152	14	13	13	0.00153923
152	15	50256	50256	0
153	5	3106	3106	0.958414
153	6	36186	36186	0.583714
153	7	326	326	0.24159
153	8	4909	4909	0.244114
153	9	6588	6588	0.507655
153	10	13	13	0.00908661
153	11	50256	50256	0
154	5	2630	2630	0.039566
154	6	262	262	0.00128365
154	7	711	711	0.298313
154	8	1900	1900	0.153217
154	9	355	355	0.0434055
154	10	383	383	0.132795
154	11	23165	23165	0.192038
154	12	1471	1471	0.111797
154	13	30215	30215	0.0803585
154	14	13	13	0.000614166
154	15	50256	50256	3.05176e-05
155	5	1497	1497	0.29442
155	6	422	422	0.315228
155	7	262	262	0.00388908
155	8	2612	2612	1.71299
155	9	11	11	0.0242519
155	10	7692	7692	0.844255
155	11	286	286	0.0374489
155	12	663	262	1.08362
155	13	11863	11863	1.14817
155	14	2695	2695	0.131573
155	15	13	13	0.000137329
155	16	50256	50256	0.00328445
156	5	21718	21718	0.101873
156	6	6296	6296	0.0970306
156	7	1474	1474	0.102287
156	8	6342	6342	1.17758
156	9	287	287	0.0106659
156	10	4881	4881	1.33715
156	11	13	13	9.15527e-05
156	12	50256	50256	0
157	5	257	257	0.00993919
157	6	2060	2060	1.84276
157	7	19078	19078	0.217615
157	8	1143	1143	0.220871
157	9	5935	5935	0.259144
157	10	326	326	0.0778904
157	11	36319	36319	0.527091
157	12	656	656	0.0662689
157	13	4553	1803	2.10321
157	14	39966	39966	0.242004
157	15	13	13	0.0127811
157	16	50256	50256	0
158	5	257	257	0.0664692
158	6	4553	2060	2.44387
158	7	13239	13239	0.279387
158	8	422	422	0.0101166
158	9	6134	6134	0.359632
158	10	290	290	0.0556259
158	11	4695	4695	0.353441
158	12	13	13	8.7738e-05
158	13	50256	50256	3.8147e-06
159	5	881	881	0.0784073
159	6	286	286	0.00134087
159	7	21673	21673	0.765829
159	8	338	338	0.107405
159	9	6156	6156	1.0412
159	10	26898	26898	1.52593
159	11	4417	4417	0.417727
159	12	13	13	0
159	13	50256	50256	0.000919342
160	5	262	262	0.065443
160	6	1180	1692	4.9803
160	7	4069	4069	0.489002
160	8	286	286	0.269039
160	9	3056	3056	2.22656
160	10	290	290	0.0601749
160	11	1660	5509	5.4644
160	12	319	319	0.546612
160	13	7815	7815	0.700869
160	14	13	13	0.00195694
160	15	50256	50256	3.8147e-06
161	5	11	11	0.0403404
161	6	262	262	0.0250225
161	7	3825	976	1.75456
161	8	24234	24234	0.489157
161	9	262	262	0.0375614
161	10	33258	33258	2.31168
161	11	1602	1602	0.210297
161	12	1352	1352	0.359612
161	13	13	13	0.00780296
161	14	50256	50256	0
162	5	45656	45656	0.280894
162	6	621	621	0.160402
162	7	7424	7424	0.411431
162	8	2266	2266	0.316543
162	9	1657	1657	0.429421
162	10	13	13	3.8147e-06
162	11	50256	50256	3.8147e-06
163	5	925	925	0.45883
163	6	510	510	1.05536
163	7	286	286	0.122318
163	8	30362	30362	0.469981
163	9	16057	16057	0.165134
163	10	68	68	0.636917
163	11	13	13	0
163	12	50256	50256	0
164	5	3356	2258	2.05505
164	6	286	286	0.0623035
164	7	15938	15938	1.37791
164	8	656	656	0.302475
164	9	290	290	0.414181
164	10	503	584	4.12442
164	11	286	286	0.102739
164	12	257	257	0.465723
164	13	2685	9403	4.06411
164	14	13	13	0
164	15	50256	50256	7.62939e-06
165	5	5732	5732	0.982113
165	6	351	351	0.416527
165	7	262	262	0.140062
165	8	6616	6616	1.97425
165	9	286	286	0.0252571
165	10	663	663	0.329468
165	11	2866	2866	1.77366
165	12	287	287	0.372471
165	13	15993	15993	0.194308
165	14	12933	12933	0.0651913
165	15	13	13	0
165	16	50256	50256	0
166	5	286	286	0.00810623
166	6	15317	15317	0.144684
166	7	290	290	0.0202389
166	8	19783	19783	0.292135
166	9	13	13	0
166	10	50256	50256	6.48499e-05
167	5	5366	12611	8.50011
167	6	286	286	0.200281
167	7	262	262	0.575018
167	8	7022	6035	3.43252
167	9	286	286	0.156069
167	10	347	347	0.302622
167	11	8553	8553	0.948537
167	12	78	78	0.350204
167	13	13	13	0
167	14	50256	50256	0
168	5	286	286	0.0162468
168	6	5186	5186	0.151071
168	7	3877	3877	0.0361881
168	8	13	13	7.24792e-05
168	9	50256	50256	0.0026474
169	5	1768	1768	0.079052
169	6	3994	3994	0.0235901
169	7	262	262	0.0218716
169	8	13204	13204	0.304783
169	9	7532	7532	0.141609
169	10	41927	41927	0.112398
169	11	10680	10680	0.0862026
169	12	13	13	0
169	13	50256	50256	0
170	5	3139	3825	2.84177
170	6	286	286	0.00206757
170	7	29638	29638	0.83203
170	8	11	11	0.0142574
170	9	2138	2138	0.0530128
170	10	621	621	0.0119591
170	11	11294	11294	0.171213
170	12	23117	23117	0.0802116
170	13	42124	42124	0.0577354
170	14	13	13	0.00186539
170	15	50256	50256	1.52588e-05
171	5	338	338	0.00959969
171	6	383	383	0.163761
171	7	9467	9467	0.114321
171	8	13274	13274	0.0796013
171	9	286	286	0.00159645
171	10	14059	14059	0.608966
171	11	3407	3407	0.0696011
171	12	24203	24203	0.0171223
171	13	29906	29906	0.0643101
171	14	13	13	0.000492096
171	15	50256	50256	0.00037384
172	5	12	12	0.0385094
172	6	2164	2164	1.40225
172	7	1328	1328	0.117943
172	8	31513	31513	0.333762
172	9	3881	3881	0.246515
172	10	2219	2219	0.365466
172	11	287	287	0.0809669
172	12	9151	9151	1.18571
172	13	291	291	0.198427
172	14	20048	20048	1.41222
172	15	13	13	0.0134125
172	16	50256	50256	3.05176e-05
173	5	1115	717	2.37978
173	6	11954	11954	0.439178
173	7	11	11	0.0262775
173	8	734	734	0.246607
173	9	8901	8901	0.388151
173	10	2910	2910	1.44907
173	11	832	832	0.0449715
173	12	663	663	0.0793266
173	13	308	308	1.56501
173	14	2171	2171	0.0961704
173	15	13	13	3.8147e-06
173	16	50256	50256	8.7738e-05
174	5	12278	12278	0.97546
174	6	17655	17655	0.852596
174	7	1626	1626	0.225105
174	8	15114	1296	2.95095
174	9	393	393	0.21468
174	10	1022	663	2.74986
174	11	257	257	0.145681
174	12	6279	2800	2.97764
174	13	290	290	0.0616379
174	14	262	262	0.0008564
174	15	2323	2323	1.27267
174	16	13	13	7.43866e-05
174	17	50256	50256	7.62939e-06
175	5	39526	5205	1.97751
175	6	2877	2877	0.242072
175	7	351	351	0.12912
175	8	257	257	0.117182
175	9	5205	5205	1.18941
175	10	33567	33567	0.214748
175	11	6587	6587	0.154694
175	12	5212	5212	0.179824
175	13	13	13	0.00212479
175	14	50256	50256	1.14441e-05
176	5	262	262	0.0362244
176	6	4376	4376	1.46177
176	7	3006	3006	0.358217
176	8	286	286	0.0691319
176	9	257	257	0.0675411
176	10	23470	2060	2.52909
176	11	2512	10929	2.14284
176	12	3328	3328	0.477285
176	13	16882	16882	0.236709
176	14	13	13	0.0162792
176	15	50256	50256	3.8147e-06
177	5	9417	9417	0.346458
177	6	9136	9136	0.520962
177	7	6492	6492	0.438028
177	8	422	422	0.0194588
177	9	1728	1728	1.27521
177	10	2266	2266	0.217933
177	11	33773	33773	1.45264
177	12	13	13	0.0113392
177	13	50256	50256	3.8147e-05
178	5	7411	7411	0.443097
178	6	6953	6953	1.00483
178	7	11	11	0.0331135
178	8	11863	11863	0.733927
178	9	11	11	0.0550289
178	10	290	290	0.189789
178	11	1660	1660	1.63752
178	12	13	13	0
178	13	50256	50256	3.8147e-06
179	5	1277	3650	2.6605
179	6	511	511	0.566599
179	7	734	5667	5.20886
179	8	2951	2951	0.348995
179	9	14799	14799	0.248537
179	10	981	981	0.0766621
179	11	21976	21976	0.755402
179	12	511	511	0.0811596
179	13	21334	21334	0.437236
179	14	13	13	0
179	15	50256	50256	0
180	5	11	11	0.157986
180	6	2138	2138	0.184246
180	7	621	621	0.0806103
180	8	2458	2458	1.04251
180	9	287	287	0.064003
180	10	663	663	0.439064
180	11	5253	5253	0.679568
180	12	422	422	0.0638866
180	13	262	262	0.14584
180	14	3825	3825	0.70142
180	15	11	11	0.367186
180	16	5640	5640	0.705851
180	17	262	262	0.0829411
180	18	7028	7028	0.968611
180	19	13	13	0.0134182
180	20	50256	50256	1.14441e-05
181	5	8064	8064	1.99509
181	6	286	286	0.019825
181	7	257	257	0.146219
181	8	48862	48862	1.23168
181	9	485	485	0.0664635
181	10	272	272	0.0443783
181	11	9197	9197	0.610308
181	12	338	338	0.0667114
181	13	38447	38447	0.998192
181	14	284	284	0.0733891
181	15	663	663	0.0427189
181	16	14753	14753	0.400196
181	17	13	13	0.06464
181	18	50256	50256	2.28882e-05
182	5	874	874	0.887063
182	6	287	287	0.198429
182	7	262	262	0.0026474
182	8	8434	8434	0.835973
182	9	1027	1027	0.299222
182	10	1037	1037	0.285011
182	11	4886	4886	0.371039
182	12	13179	13179	1.54227
182	13	286	286	0.0859089
182	14	262	262	0.0147076
182	15	1182	1182	0.602934
182	16	13	13	3.8147e-06
182	17	50256	50256	6.48499e-05
183	5	1262	1262	0.304498
183	6	14091	14091	1.84176
183	7	7572	7572	0.568681
183	8	319	319	0.896856
183	9	24012	24012	0.569185
183	10	458	458	0.334526
183	11	34387	34387	0.176023
183	12	13	13	3.8147e-06
183	13	50256	50256	0
184	5	3463	3463	0.436803
184	6	318	318	0.141628
184	7	262	262	0.149519
184	8	29973	29973	0.271926
184	9	2700	2700	0.342072
184	10	7205	7205	0.506839
184	11	319	319	0.05233
184	12	281	281	0.00389481
184	13	2134	2134	0.477128
184	14	13	13	1.14441e-05
184	15	50256	50256	0
185	5	7475	7475	0.563643
185	6	11	11	0.141235
185	7	355	355	0.274172
185	8	618	281	2.27214
185	9	466	7405	4.45993
185	10	407	407	0.452353
185	11	4329	4329	0.294147
185	12	836	836	0.158976
185	13	470	470	0.0950966
185	14	13	13	4.95911e-05
185	15	50256	50256	0
186	5	19700	19700	0.0965633
186	6	6588	6588	0.177083
186	7	378	378	0.206618
186	8	21622	21622	0.247478
186	9	13	13	0.00937271
186	10	50256	50256	0
187	5	18405	18405	0.316973
187	6	284	284	0.00499725
187	7	2222	2222	0.63257
187	8	15619	15619	0.272123
187	9	1657	1657	0.105145
187	10	284	284	0.0166931
187	11	257	257	0.0590172
187	12	2962	2962	2.02796
187	13	13	13	0.00180435
187	14	50256	50256	0.00510788
188	5	14310	14310	2.31903
188	6	287	287	0.101671
188	7	8122	1194	2.77593
188	8	284	284	0.366362
188	9	7603	7603	0.828393
188	10	1771	1771	0.257469
188	11	257	257	0.00133133
188	12	4417	4417	1.29476
188	13	318	318	0.281349
188	14	1241	1241	0.73448
188	15	13	13	0
188	16	50256	50256	0
189	5	262	262	0.00938034
189	6	19517	19517	0.647119
189	7	6896	6896	0.102072
189	8	351	351	0.0657997
189	9	262	262	0.0102711
189	10	2297	19517	1.09826
189	11	6896	6896	0.13201
189	12	13	13	0
189	13	50256	50256	0.000125885
190	5	269	269	0.581718
190	6	8325	8325	0.203125
190	7	298	298	0.190166
190	8	13100	13100	0.445078
190	9	290	290	0.102762
190	10	318	3491	4.937
190	11	4318	4318	1.4686
190	12	284	284	0.121292
190	13	10469	10469	0.456104
190	14	16585	16585	0.128187
190	15	13	13	0
190	16	50256	50256	0
191	5	3793	3793	0.0621357
191	6	284	284	0.00208092
191	7	9161	9161	0.397218
191	8	1613	1613	0.121765
191	9	1692	1692	0.0589733
191	10	14515	14515	0.072752
191	11	13	13	0.0044136
191	12	50256	50256	0
192	5	15715	15715	0.541388
192	6	621	621	0.1227
192	7	8122	8122	0.737402
192	8	1660	1660	0.224504
192	9	11	11	0.148607
192	10	523	10087	2.71228
192	11	340	340	0.274967
192	12	36016	36016	0.24127
192	13	13	13	0.00056839
192	14	50256	50256	0
193	5	9518	9518	0.482497
193	6	11447	11447	0.118395
193	7	10717	10717	0.455122
193	8	13	13	0.0136032
193	9	50256	50256	0
194	5	656	656	0.0020752
194	6	257	257	0.000814438
194	7	4735	4735	0.501411
194	8	13	13	4.57764e-05
194	9	50256	50256	0
195	5	262	262	0.00437546
195	6	779	779	1.27683
195	7	286	286	0.0264969
195	8	1657	1657	1.14263
195	9	290	290	0.026741
195	10	9082	9082	0.593963
195	11	287	287	0.0245361
195	12	5874	5874	0.139582
195	13	1242	1242	0.162725
195	14	13	13	5.72205e-05
195	15	50256	50256	0
196	5	6115	6115	0.280568
196	6	355	355	0.107456
196	7	257	257	0.0487022
196	8	27216	27216	0.749233
196	9	875	875	0.258892
196	10	16912	16912	0.0840683
196	11	13	13	0.000207901
196	12	50256	50256	0
197	5	373	373	0.126509
197	6	257	257	0.0399837
197	7	4960	4960	0.519799
197	8	6761	6761	0.25214
197	9	286	286	0.00955582
197	10	21641	21641	0.738762
197	11	290	290	0.0337982
197	12	4898	4898	1.00232
197	13	9967	9967	0.304519
197	14	20842	20842	0.120764
197	15	13	13	0.00558853
197	16	50256	50256	1.52588e-05
198	5	290	290	0.036314
198	6	2314	2314	0.477365
198	7	47933	47933	0.16165
198	8	832	832	0.0792751
198	9	257	257	0.010519
198	10	2818	2818	0.206701
198	11	17076	17076	0.205919
198	12	13	13	0
198	13	50256	50256	0.000541687
199	5	11945	11945	0.188077
199	6	1978	1978	0.353134
199	7	379	379	0.194084
199	8	867	867	1.62483
199	9	24039	24039	0.0918598
199	10	13	13	0.00088501
199	11	50256	50256	0
200	5	1022	1022	0.137419
200	6	262	262	0.0196114
200	7	37015	37015	1.0407
200	8	286	286	0.0185299
200	9	8706	8706	0.767225
200	10	290	290	0.0450249
200	11	22721	8706	2.05397
200	12	13	13	0.00122261
200	13	50256	50256	7.62939e-06
201	5	8850	8850	0.169584
201	6	5405	5405	0.720468
201	7	621	621	0.272671
201	8	832	13	11.7563
201	9	257	257	0.324438
201	10	17076	17076	0.225649
201	11	13	13	0
201	12	50256	50256	7.62939e-06
202	5	257	257	0.250452
202	6	20831	640	3.34002
202	7	15283	15283	0.206928
202	8	9290	9290	0.415897
202	9	4143	4143	0.31126
202	10	12073	12073	0.137945
202	11	663	663	0.0137653
202	12	3833	3833	1.54494
202	13	13	13	0
202	14	50256	50256	0
203	5	44653	44653	1.41579
203	6	389	389	0.24728
203	7	34262	34262	0.616623
203	8	878	878	0.50717
203	9	511	511	1.14015
203	10	15061	15061	1.47415
203	11	36402	36402	0.228971
203	12	1280	1280	0.149086
203	13	13	13	0
203	14	50256	50256	3.8147e-05
204	5	329	329	0.433327
204	6	262	262	0.00502968
204	7	3491	4417	3.67623
204	8	12	12	0.148722
204	9	16760	16760	0.774868
204	10	13888	13888	0.15184
204	11	286	286	0.000207901
204	12	663	663	0.114309
204	13	8234	14091	4.62997
204	14	17894	17894	0.185577
204	15	13	13	0
204	16	50256	50256	3.8147e-06
205	5	10396	10396	0.16407
205	6	12610	12610	0.165621
205	7	6143	6143	0.187332
205	8	27452	27452	0.222816
205	9	1321	1321	0.256069
205	10	1231	1231	0.0665741
205	11	12948	12948	0.184443
205	12	1176	1176	0.105105
205	13	13	13	0.0031662
205	14	50256	50256	0
206	5	12091	12091	0.108061
206	6	21566	21566	0.139706
206	7	260	260	0.130756
206	8	739	739	0.136244
206	9	262	262	0.0155277
206	10	3112	3112	0.330645
206	11	1438	1438	0.263109
206	12	4424	4424	0.257975
206	13	11751	11751	0.122915
206	14	7459	7459	0.0750027
206	15	13	13	0.000116348
206	16	50256	50256	0
207	5	1863	1863	0.502223
207	6	262	262	0.0608387
207	7	8830	8830	0.5657
207	8	1735	1735	0.372196
207	9	286	286	0.0954533
207	10	2520	2520	0.50138
207	11	2253	2253	0.0500317
207	12	13	13	0
207	13	50256	50256	0.000236511
208	5	257	257	0.108664
208	6	31607	46909	5.27632
208	7	8122	8122	0.622387
208	8	5732	5732	0.355423
208	9	351	351	0.177977
208	10	6795	6795	0.416098
208	11	13	13	0.00834465
208	12	50256	50256	3.8147e-06
209	5	3139	3139	0.214485
209	6	1748	1748	0.0447254
209	7	286	286	0.0138454
209	8	16519	16519	0.235765
209	9	13	13	0.000305176
209	10	50256	50256	0
210	5	379	379	0.117868
210	6	262	262	0.116465
210	7	3641	8434	5.34009
210	8	286	286	0.0499592
210	9	674	734	1.85732
210	10	6591	6591	0.11657
210	11	1080	1080	0.172894
210	12	13	13	0
210	13	50256	50256	0
211	5	4025	2060	4.13745
211	6	2010	2010	0.766189
211	7	2700	2700	1.07135
211	8	11073	11073	0.378493
211	9	257	257	0.0253468
211	10	4025	7430	6.95776
211	11	20309	20309	0.967977
211	12	13	13	0
211	13	50256	50256	0
212	5	4656	4656	0.105309
212	6	468	468	0.0608006
212	7	6697	6697	0.822734
212	8	6698	6698	1.26449
212	9	3025	3025	0.563009
212	10	3815	326	1.76607
212	11	751	751	0.387774
212	12	284	284	0.0801239
212	13	3598	3598	0.137039
212	14	13	13	0
212	15	50256	50256	0
213	5	262	262	0.0606346
213	6	1138	1138	0.784362
213	7	37670	37670	0.210073
213	8	1042	1042	0.0535412
213	9	286	286	0.0101204
213	10	30498	30498	0.189362
213	11	13	13	0.0114479
213	12	50256	50256	3.8147e-06
214	5	16662	16662	0.357206
214	6	284	284	0.0180302
214	7	24949	24949	0.715974
214	8	290	290	0.00946045
214	9	28436	28436	0.648767
214	10	2057	2057	0.0621281
214	11	13	13	0
214	12	50256	50256	0
215	5	4257	4257	0.693354
215	6	9106	9106	0.201399
215	7	316	316	0.156546
215	8	16982	16982	0.34271
215	9	4879	4879	0.300327
215	10	286	286	0.00957298
215	11	9403	9403	1.3689
215	12	6134	6134	0.375626
215	13	13	13	0.0400467
215	14	50256	50256	1.90735e-05
216	5	318	318	0.013092
216	6	262	262	0.0260601
216	7	4417	4417	1.85351
216	8	4067	4067	0.673645
216	9	3264	3264	0.291994
216	10	2029	2029	0.454872
216	11	663	663	0.12677
216	12	2962	2962	1.17718
216	13	13	13	3.8147e-06
216	14	50256	50256	0
217	5	318	318	0.0670586
217	6	9086	9086	0.718044
217	7	1022	1022	0.175003
217	8	16256	16256	1.88381
217	9	290	290	0.0119781
217	10	46117	46117	0.712146
217	11	968	968	0.545612
217	12	22777	22777	0.50148
217	13	13	13	0
217	14	50256	50256	0
218	5	981	981	0.396193
218	6	8868	8868	0.714109
218	7	23822	23822	0.424446
218	8	1022	1022	0.185974
218	9	606	606	0.822095
218	10	13	13	5.72205e-06
218	11	50256	50256	6.10352e-05
219	5	8811	8811	1.52886
219	6	925	925	0.132832
219	7	422	422	0.0554409
219	8	22365	22365	0.607096
219	9	388	388	0.184484
219	10	17135	17135	0.413796
219	11	5026	5026	0.13212
219	12	47196	47196	0.0770092
219	13	13	13	0
219	14	50256	50256	0
220	5	780	780	0.480031
220	6	484	484	0.541444
220	7	389	389	0.238077
220	8	19346	19346	0.439351
220	9	621	621	0.137554
220	10	262	262	0.014761
220	11	7346	7346	0.224689
220	12	6591	6591	0.232173
220	13	4417	4417	1.33633
220	14	13	13	0
220	15	50256	50256	0
221	5	262	262	0.00462914
221	6	8434	8434	1.53005
221	7	21405	21405	0.413958
221	8	286	286	0.00270462
221	9	1728	674	2.75134
221	10	7150	7150	0.441864
221	11	13	13	0.00462914
221	12	50256	50256	0
222	5	2187	2187	0.16601
222	6	287	287	0.000860214
222	7	10801	10801	0.311472
222	8	290	290	0.00984001
222	9	12070	12070	0.331036
222	10	284	284	0.0298367
222	11	4439	4439	0.180122
222	12	3056	3056	0.465283
222	13	13	13	0.00662613
222	14	50256	50256	1.90735e-05
223	5	395	395	0.108828
223	6	563	563	0.258876
223	7	28539	28539	0.342842
223	8	2995	2995	0.315542
223	9	7346	7346	0.28458
223	10	262	262	0.0324669
223	11	19636	19636	0.577855
223	12	29179	29179	0.0768299
223	13	286	286	0.000400543
223	14	4492	4492	0.34388
223	15	13	13	7.62939e-06
223	16	50256	50256	0
224	5	9565	9565	0.269313
224	6	832	832	0.0107307
224	7	35115	35115	0.215763
224	8	13	13	0.00941849
224	9	50256	50256	0
225	5	16824	16824	0.36055
225	6	262	262	0.000812531
225	7	2159	2159	0.901754
225	8	287	287	0.0858955
225	9	412	412	0.184975
225	10	14400	14400	0.174824
225	11	12579	12579	0.187063
225	12	5679	5679	0.082407
225	13	1380	1380	0.151809
225	14	576	576	0.250947
225	15	292	292	0.546989
225	16	376	376	0.18647
225	17	10332	10332	0.0708389
225	18	13	13	3.8147e-06
225	19	50256	50256	3.8147e-06
226	5	257	257	0.0825386
226	6	3288	3288	1.90791
226	7	18645	18645	0.409772
226	8	1022	1022	0.138971
226	9	4881	4881	1.11855
226	10	290	290	0.107357
226	11	8602	8602	0.487597
226	12	13	13	0.00169754
226	13	50256	50256	0
227	5	1296	1296	0.584656
227	6	618	618	0.213194
227	7	27163	27163	0.37562
227	8	13166	13166	0.300066
227	9	1716	1716	0.490009
227	10	16001	16001	0.517122
227	11	276	276	0.660149
227	12	290	290	0.00156403
227	13	20534	20534	0.573979
227	14	276	276	0.316841
227	15	1978	1978	0.659602
227	16	13	13	7.62939e-06
227	17	50256	50256	0
228	5	5931	5931	0.0614967
228	6	4847	4847	0.27626
228	7	287	287	0.0211143
228	8	1502	1502	0.438459
228	9	286	286	0.0448265
228	10	3649	3649	0.249414
228	11	17226	17226	0.154381
228	12	1271	1271	0.749076
228	13	13	13	0.0123405
228	14	50256	50256	0.0113373
229	5	1141	1141	0.079092
229	6	262	262	0.0164146
229	7	3227	3227	0.140905
229	8	286	286	0.00421906
229	9	18391	18391	0.143042
229	10	4778	4778	0.156206
229	11	13	13	8.01086e-05
229	12	50256	50256	0
230	5	5931	5931	0.759852
230	6	33543	33543	0.534414
230	7	290	290	0.0545998
230	8	6149	6149	0.596043
230	9	5387	5387	0.537283
230	10	15121	15121	0.228403
230	11	8573	8573	0.129881
230	12	13	13	0.0016861
230	13	50256	50256	0.000282288
231	5	287	287	0.309973
231	6	281	257	2.15299
231	7	26433	26433	0.876118
231	8	338	338	0.345995
231	9	7446	4417	3.52564
231	10	8379	8379	0.598802
231	11	13	13	0.0703773
231	12	50256	50256	0
232	5	45656	45656	0.0663967
232	6	621	621	0.0517197
232	7	7424	7424	0.145658
232	8	45725	45725	0.177296
232	9	1657	1657	0.0906506
232	10	13	13	0.000514984
232	11	50256	50256	0
233	5	422	422	0.132927
233	6	11135	11135	1.19466
233	7	3812	3812	0.342175
233	8	262	262	0.078928
233	9	6727	6727	0.832178
233	10	3354	3354	0.57026
233	11	286	286	4.95911e-05
233	12	257	257	0.146236
233	13	4618	4618	0.481988
233	14	13	13	0.00034523
233	15	50256	50256	0.0301628
234	5	11	11	0.0180912
234	6	511	511	0.155331
234	7	781	2057	1.38434
234	8	16415	16415	0.163788
234	9	43855	43855	0.171007
234	10	606	606	0.353048
234	11	21258	21258	0.62313
234	12	13	13	0
234	13	50256	50256	0
235	5	338	338	0.0414257
235	6	10861	10861	0.94148
235	7	49831	49831	0.170591
235	8	560	560	0.163359
235	9	9335	9335	0.417521
235	10	373	373	0.202194
235	11	4624	4624	0.325637
235	12	625	625	0.0217628
235	13	465	465	0.681365
235	14	285	285	0.553948
235	15	13929	13929	0.254418
235	16	1431	1431	0.169786
235	17	1182	1182	0.499493
235	18	13	13	0
235	19	50256	50256	5.34058e-05
236	5	5752	5752	2.5424
236	6	24139	24139	0.183071
236	7	1626	1626	0.0606537
236	8	257	257	0.132267
236	9	50126	50126	0.534664
236	10	6831	6831	0.342804
236	11	3084	3084	0.414644
236	12	13	13	0
236	13	50256	50256	3.8147e-06
237	5	2168	2168	0.510491
237	6	6673	6673	0.11644
237	7	511	511	0.0593452
237	8	4180	4180	1.3067
237	9	1817	1817	0.2771
237	10	13	13	0.00152206
237	11	50256	50256	0
238	5	379	379	0.0822868
238	6	393	393	0.29388
238	7	1474	1474	0.333196
238	8	3668	3668	0.325251
238	9	338	338	0.0667591
238	10	4417	4417	0.348752
238	11	13	13	0
238	12	50256	50256	0
239	5	23426	23426	0.212389
239	6	6007	6007	0.196636
239	7	286	286	0.0522518
239	8	12605	12605	0.187147
239	9	13232	13232	0.0911293
239	10	5474	5474	0.119892
239	11	13	13	0.00152588
239	12	50256	50256	4.19617e-05
240	5	1366	1366	1.32396
240	6	523	523	1.16985
240	7	326	326	0.0453014
240	8	5100	2266	4.14402
240	9	1895	1895	0.766343
240	10	460	460	0.0993938
240	11	307	307	0.730596
240	12	5443	5443	0.297589
240	13	13	13	0.000391006
240	14	50256	50256	0
241	5	636	636	0.108704
241	6	286	286	0.110971
241	7	262	262	0.00097084
241	8	4865	976	4.09898
241	9	1022	1022	0.112003
241	10	3340	3340	0.460794
241	11	290	290	0.13032
241	12	262	262	0.00430107
241	13	1578	1578	0.43442
241	14	1829	1829	0.125542
241	15	13	13	4.19617e-05
241	16	50256	50256	0.00139618
242	5	286	286	0.0192509
242	6	14807	14807	0.773837
242	7	287	287	0.115908
242	8	21199	21199	0.264233
242	9	7229	7229	0.207262
242	10	13	13	8.96454e-05
242	11	50256	50256	0
243	5	262	262	0.140633
243	6	16936	16936	0.515608
243	7	1900	1900	0.14411
243	8	3491	973	8.69094
243	9	284	284	0.0798645
243	10	262	262	0.13545
243	11	3825	3825	0.409948
243	12	13	13	0.00445175
243	13	50256	50256	0
244	5	5400	5400	0.482674
244	6	287	287	0.0359859
244	7	511	511	0.0822716
244	8	30772	30772	0.139567
244	9	13	13	0.00956726
244	10	50256	50256	0
245	5	3154	3154	1.40421
245	6	5667	5667	0.238277
245	7	379	338	2.69614
245	8	262	262	0.00546646
245	9	1660	7446	4.64212
245	10	338	338	0.555021
245	11	4417	4417	0.96853
245	12	13	13	3.05176e-05
245	13	50256	50256	0
246	5	1864	1864	0.277319
246	6	284	284	0.0590649
246	7	511	511	0.24501
246	8	12213	6611	5.15085
246	9	351	351	0.0580406
246	10	3867	3867	0.800256
246	11	290	290	0.0832443
246	12	31607	15268	2.41953
246	13	21164	21164	0.126371
246	14	13	13	0.0130081
246	15	50256	50256	0
247	5	329	329	0.113338
247	6	496	496	0.468675
247	7	2354	2354	0.178217
247	8	257	257	0.00868797
247	9	35881	35881	1.97311
247	10	389	389	0.049942
247	11	4048	4048	0.0910282
247	12	13	13	0.000473022
247	13	50256	50256	2.28882e-05
248	5	262	262	0.0109577
248	6	4898	4898	1.2948
248	7	7972	7972	0.393599
248	8	1641	1641	0.517706
248	9	3805	3805	0.111185
248	10	663	663	0.0166759
248	11	1877	1877	0.516869
248	12	7881	7881	0.0725918
248	13	13	13	0
248	14	50256	50256	3.8147e-06
249	5	511	511	0.0445843
249	6	2057	2057	0.761298
249	7	7525	7525	0.294193
249	8	416	416	0.0194473
249	9	6600	6600	0.711724
249	10	584	584	0.310616
249	11	4695	4695	0.466621
249	12	13	13	0.0214272
249	13	50256	50256	3.8147e-06
250	5	15772	15772	0.212706
250	6	7386	7386	0.224427
250	7	3891	3891	0.292302
250	8	656	656	0.0365162
250	9	6101	6101	0.29006
250	10	9405	9405	0.045084
250	11	13	13	0.000114441
250	12	50256	50256	0
251	5	318	318	0.529261
251	6	4055	9086	1.8133
251	7	276	276	0.255018
251	8	287	287	0.0425987
251	9	281	281	0.272989
251	10	11557	11557	0.400451
251	11	1080	1080	0.350115
251	12	13	13	0.00224304
251	13	50256	50256	3.8147e-06
252	5	257	257	0.00137138
252	6	4553	48862	2.27965
252	7	18480	18480	0.527268
252	8	3108	3108	0.450783
252	9	329	329	0.0495281
252	10	1123	1123	0.110666
252	11	4151	4151	0.979798
252	12	13	13	0.0370998
252	13	50256	50256	0
253	5	973	973	0.228359
253	6	2116	973	3.29849
253	7	12	12	0.110037
253	8	634	634	0.287314
253	9	27554	27554	0.467093
253	10	284	284	0.0029068
253	11	7301	7301	0.513914
253	12	607	607	0.302362
253	13	1204	1204	0.829308
253	14	290	290	0.0288048
253	15	5369	5369	0.139177
253	16	13	13	0.0012207
253	17	50256	50256	0
254	5	11904	11904	1.10262
254	6	326	326	0.203997
254	7	1663	1663	0.752267
254	8	2641	2641	0.447639
254	9	262	262	0.0122414
254	10	37185	1767	3.1735
254	11	286	286	0.0495834
254	12	1232	1232	0.457752
254	13	2454	2454	0.217203
254	14	6134	6134	0.414831
254	15	13	13	0
254	16	50256	50256	7.62939e-06
255	5	3491	3491	0.547668
255	6	287	287	0.0112991
255	7	3668	3668	1.2672
255	8	338	338	0.0279617
255	9	1755	1755	1.7506
255	10	6766	6766	0.51654
255	11	618	618	0.129614
255	12	9569	9569	0.55174
255	13	416	416	0.0302887
255	14	4156	4156	0.681264
255	15	5874	5874	0.12192
255	16	22204	22204	0.10253
255	17	13	13	7.62939e-06
255	18	50256	50256	3.8147e-06
256	5	16968	16968	1.76309
256	6	11	11	0.0657921
256	7	3584	3584	0.412004
256	8	617	617	0.239479
256	9	5696	5696	0.462793
256	10	17438	17438	0.238195
256	11	10338	10338	0.187834
256	12	625	625	0.0693569
256	13	1728	1728	1.5416
256	14	5951	5951	0.457286
256	15	16069	16069	0.241169
256	16	13	13	0
256	17	50256	50256	0
257	5	12	12	0.10043
257	6	7784	7784	1.02824
257	7	29984	29984	0.446107
257	8	1043	1043	0.270542
257	9	287	287	0.0456276
257	10	5044	5044	0.995202
257	11	4778	4778	0.4007
257	12	13	13	0
257	13	50256	50256	2.28882e-05
258	5	324	324	0.489085
258	6	2627	2627	0.186153
258	7	262	262	0.0165977
258	8	717	717	0.902188
258	9	1893	1893	0.0716572
258	10	286	286	0.00611496
258	11	3794	3794	0.596706
258	12	287	287	0.0260048
258	13	11445	11445	0.42654
258	14	13	13	0.00166321
258	15	50256	50256	3.8147e-06
259	5	422	422	0.0322876
259	6	543	543	1.59779
259	7	749	749	1.67375
259	8	1660	1660	0.180115
259	9	290	290	0.00219536
259	10	7545	7545	1.50813
259	11	1540	1540	0.846866
259	12	2340	2340	0.0789852
259	13	423	423	0.161549
259	14	587	587	2.12796
259	15	4615	4615	0.428308
259	16	13	13	0
259	17	50256	50256	0
260	5	422	422	0.0627079
260	6	826	826	0.841076
260	7	284	284	0.0832787
260	8	1364	1364	0.667062
260	9	13	13	3.8147e-06
260	10	50256	50256	0.00037384
261	5	286	286	0.00790405
261	6	867	867	0.455505
261	7	1402	1402	0.418638
261	8	12734	12734	0.430292
261	9	11856	11856	0.323191
261	10	1978	1978	0.24176
261	11	13	13	0.000576019
261	12	50256	50256	0
262	5	3917	3917	0.111298
262	6	351	351	0.0429344
262	7	262	262	0.00993347
262	8	4960	4960	0.0944672
262	9	6260	6260	0.101656
262	10	1001	1001	0.120779
262	11	72	72	0.0827885
262	12	911	911	0.157492
262	13	261	261	0.14662
262	14	1840	1840	0.438148
262	15	13	13	0
262	16	50256	50256	0.00101089
263	5	558	558	0.410995
263	6	504	504	0.257057
263	7	351	351	0.0521507
263	8	6466	6466	0.496485
263	9	276	276	0.248344
263	10	21755	21755	0.0774994
263	11	290	290	0.00460052
263	12	7097	7097	1.47298
263	13	25612	25612	0.0486813
263	14	13	13	0
263	15	50256	50256	0
264	5	3356	3356	1.54664
264	6	1863	1863	0.819901
264	7	31025	31025	1.15586
264	8	287	287	0.0181866
264	9	3668	3668	0.464691
264	10	338	338	0.000780106
264	11	20048	2292	2.8241
264	12	13	13	3.8147e-06
264	13	50256	50256	3.8147e-06
265	5	318	318	0.157734
265	6	29679	29679	0.92472
265	7	11	11	0.0191822
265	8	543	543	0.279788
265	9	14582	14582	0.663324
265	10	1973	1973	0.172754
265	11	1811	1811	0.457192
265	12	14807	14807	0.813414
265	13	13	13	0.00136948
265	14	50256	50256	3.8147e-05
266	5	33274	33274	0.150328
266	6	468	468	0.0917912
266	7	27913	27913	1.40154
266	8	1744	1744	0.247071
266	9	3815	3815	0.251181
266	10	329	329	0.313944
266	11	1123	1123	0.18542
266	12	16839	16839	1.54565
266	13	13	13	0.016983
266	14	50256	50256	7.62939e-06
267	5	1022	1022	0.0586357
267	6	262	262	0.105757
267	7	2910	2910	1.77853
267	8	290	290	0.129534
267	9	7346	517	1.52188
267	10	21379	21379	0.32934
267	11	13	13	0.00203896
267	12	50256	50256	0
268	5	13042	16524	2.3908
268	6	16524	16524	0.830048
268	7	287	287	0.0741043
268	8	8150	8150	0.555986
268	9	82	82	0.621093
268	10	13	13	0.0170116
268	11	50256	50256	3.8147e-06
269	5	8701	4025	3.48297
269	6	1641	1641	0.399567
269	7	3805	3805	0.115368
269	8	663	663	0.0751781
269	9	4898	4898	1.79943
269	10	88	88	0.3041
269	11	21552	21552	1.88402
269	12	13	13	0.00723457
269	13	50256	50256	0
270	5	10451	10451	2.21079
270	6	552	552	0.412951
270	7	1769	1769	0.241554
270	8	257	257	0.0530243
270	9	1988	1988	1.64008
270	10	422	422	0.166788
270	11	584	584	1.26188
270	12	3815	3815	0.418936
270	13	393	393	0.487188
270	14	14700	14700	0.13476
270	15	13	13	0.000270844
270	16	50256	50256	4.57764e-05
271	5	618	618	0.208405
271	6	340	340	1.06209
271	7	468	468	0.134537
271	8	257	257	0.470785
271	9	7515	1271	3.73464
271	10	1863	1863	0.624984
271	11	281	281	0.294495
271	12	2134	2134	0.666928
271	13	338	338	0.0783558
271	14	29358	3139	2.74426
271	15	13	13	0.0165558
271	16	50256	50256	0
272	5	663	663	0.0076313
272	6	22421	4683	2.41354
272	7	981	981	0.0543842
272	8	23934	23934	0.27547
272	9	262	262	0.00165939
272	10	20016	20016	1.57722
272	11	1022	1022	0.0344982
272	12	606	606	0.212957
272	13	13	13	7.62939e-05
272	14	50256	50256	7.62939e-06
273	5	5667	11	2.783
273	6	8811	8811	0.636539
273	7	3417	3417	0.622521
273	8	355	355	0.0492535
273	9	25209	25209	0.407648
273	10	13	13	0.0408134
273	11	50256	50256	0
274	5	3601	3601	0.221078
274	6	540	540	0.109107
274	7	7128	7128	0.137024
274	8	5241	5241	0.103498
274	9	416	416	0.00923538
274	10	7720	7720	0.568713
274	11	656	656	0.04706
274	12	257	257	0.0568199
274	13	4417	4417	1.08406
274	14	13	13	0
274	15	50256	50256	0
275	5	4909	4909	0.0160332
275	6	27253	27253	0.37146
275	7	11945	11945	0.424308
275	8	13	13	0.0267906
275	9	50256	50256	0
276	5	530	13042	2.31004
276	6	6588	6588	0.726502
276	7	22037	22037	0.574907
276	8	290	290	0.0997353
276	9	734	734	1.09653
276	10	11863	11863	0.64246
276	11	23235	23235	0.681857
276	12	13	13	0.000286102
276	13	50256	50256	0.00019455
277	5	48159	48159	0.0709209
277	6	2094	2094	0.129333
277	7	2264	2264	0.117182
277	8	844	844	0.1015
277	9	1258	1258	0.106815
277	10	319	319	0.0278378
277	11	465	465	0.253904
277	12	17545	17545	0.145641
277	13	13	13	3.8147e-06
277	14	50256	50256	0
278	5	1657	1657	0.219614
278	6	284	284	0.191944
278	7	3151	3151	0.646287
278	8	262	262	0.0195484
278	9	2939	2939	0.985374
278	10	12694	12694	0.476847
278	11	329	329	0.235607
278	12	517	645	1.46719
278	13	640	640	0.92495
278	14	13	13	0.000135422
278	15	50256	50256	0
279	5	47969	47969	0.547437
279	6	11	11	0.0198956
279	7	730	730	0.99509
279	8	335	335	0.358916
279	9	82	82	0.17317
279	10	1845	1845	0.384806
279	11	11	11	0.00655365
279	12	290	290	0.0268135
279	13	285	285	0.797286
279	14	3970	3970	0.691128
279	15	21622	21622	0.149042
279	16	13	13	0.00018692
279	17	50256	50256	0
280	5	422	422	0.108791
280	6	11527	11527	0.241529
280	7	45926	45926	0.18515
280	8	11	11	0.000980377
280	9	981	981	0.0960236
280	10	29049	29049	0.842833
280	11	363	363	0.261454
280	12	76	76	0.411612
280	13	2737	2737	0.884771
280	14	1663	1663	0.68936
280	15	18644	18644	0.262413
280	16	422	422	0.0429382
280	17	11527	11527	0.266075
280	18	18570	18570	0.104561
280	19	13	13	0.000751495
280	20	50256	50256	0
281	5	16697	1660	4.16721
281	6	262	262	0.0018692
281	7	1767	11904	2.85112
281	8	338	338	0.0599556
281	9	1660	1660	0.559834
281	10	290	290	0.0971966
281	11	8268	1660	1.74281
281	12	5236	5236	0.240822
281	13	13	13	7.62939e-06
281	14	50256	50256	0
282	5	1936	1936	0.36919
282	6	16021	16021	0.354242
282	7	3951	3951	0.248075
282	8	13	13	0.0227814
282	9	50256	50256	8.7738e-05
283	5	1573	48573	4.69425
283	6	351	351	0.698072
283	7	257	257	0.338682
283	8	3616	48573	4.91236
283	9	2092	5667	2.39151
283	10	284	284	0.223095
283	11	326	318	5.93674
283	12	286	286	0.295956
283	13	1194	584	1.9853
283	14	1573	1573	0.65308
283	15	13	13	0.00956726
283	16	50256	50256	0
284	5	11	11	0.031786
284	6	262	262	0.0404243
284	7	11087	3139	3.0999
284	8	18333	18333	0.389381
284	9	286	286	0.045372
284	10	257	257	0.0835133
284	11	22950	22950	1.26829
284	12	751	751	0.441469
284	13	284	284	0.0368099
284	14	11546	11546	0.911675
284	15	7370	7370	0.442038
284	16	13	13	0.011261
284	17	50256	50256	0
285	5	262	262	0.0145874
285	6	1767	1767	0.130733
285	7	416	416	0.0445538
285	8	10427	10427	1.02297
285	9	319	319	0.076786
285	10	11945	11945	0.44564
285	11	13	13	0.0127182
285	12	50256	50256	0
286	5	1487	1487	0.879799
286	6	262	262	0.117512
286	7	4571	4571	1.26086
286	8	287	287	0.0801983
286	9	543	543	0.397418
286	10	257	257	0.0344849
286	11	17182	17182	0.879529
286	12	8991	8991	0.268347
286	13	2700	2700	0.186985
286	14	13	13	0.0126324
286	15	50256	50256	0
287	5	422	422	0.0845451
287	6	262	262	0.0543251
287	7	9151	717	2.86988
287	8	981	981	0.0841141
287	9	4305	4305	0.699974
287	10	749	749	1.98004
287	11	26306	26306	0.420773
287	12	37056	37056	0.355669
287	13	2157	2157	0.104416
287	14	13	13	0.00269127
287	15	50256	50256	0
288	5	9149	9149	0.132812
288	6	326	326	0.0236282
288	7	24624	24624	0.559469
288	8	9240	9240	0.299334
288	9	393	393	0.0507164
288	10	3520	3520	0.692817
288	11	287	287	0.0467815
288	12	511	511	0.130846
288	13	2656	2656	0.770844
288	14	1502	1502	0.2523
288	15	13	13	0.00803185
288	16	50256	50256	0
289	5	262	262	0.0275307
289	6	2166	2166	1.47585
289	7	286	286	0.0509243
289	8	262	262	0.149908
289	9	5422	2166	3.94661
289	10	1037	1037	0.24683
289	11	2005	2005	0.985306
289	12	2057	2057	0.30049
289	13	13	13	3.8147e-06
289	14	50256	50256	3.8147e-06
290	5	14705	35831	6.55824
290	6	287	287	0.425039
290	7	674	674	1.03966
290	8	6591	6591	0.204008
290	9	1080	1080	0.645584
290	10	318	318	0.310766
290	11	12548	7997	3.23006
290	12	19606	19606	0.138304
290	13	13	13	0.022316
290	14	50256	50256	3.8147e-06
291	5	5207	5207	0.0538387
291	6	286	286	0.0149269
291	7	4898	4898	0.501842
291	8	1262	1262	0.29641
291	9	987	987	0.468319
291	10	48331	48331	0.184105
291	11	30514	30514	0.827289
291	12	290	290	0.0396614
291	13	20567	20567	0.163712
291	14	13	13	0
291	15	50256	50256	7.62939e-06
292	5	2656	2656	0.726006
292	6	2060	2060	0.867171
292	7	12	12	0.0431023
292	8	26327	26327	0.285709
292	9	3815	3815	0.235989
292	10	618	618	0.240284
292	11	30240	30240	0.138419
292	12	287	287	0.00615501
292	13	41002	41002	0.247158
292	14	12	12	0.0310593
292	15	23	23	0.121786
292	16	13	13	0
292	17	50256	50256	0
293	5	12737	12737	0.598576
293	6	287	287	0.019062
293	7	2877	2877	0.461413
293	8	20296	20296	0.180038
293	9	1231	1231	0.0436325
293	10	852	852	0.0620537
293	11	13529	13529	0.404165
293	12	416	416	0.0817661
293	13	883	883	0.205257
293	14	12737	12737	0.393276
293	15	13	13	0
293	16	50256	50256	0
294	5	460	460	0.0604076
294	6	3067	3067	0.242357
294	7	832	832	0.056879
294	8	1111	1111	0.302357
294	9	1540	1540	1.04247
294	10	2340	2340	0.0913296
294	11	290	290	0.00165558
294	12	38236	38236	0.274323
294	13	13	13	0
294	14	50256	50256	0
295	5	13991	13991	0.208784
295	6	287	287	0.0498352
295	7	3833	3833	1.28425
295	8	13	13	0.0269604
295	9	50256	50256	0
296	5	24742	24742	0.194401
296	6	12	12	0.048645
296	7	14337	14337	0.686972
296	8	24438	24438	0.577505
296	9	14921	14921	0.676251
296	10	287	287	0.0799541
296	11	3624	3624	0.275202
296	12	15274	15274	0.355594
296	13	290	290	0.024004
296	14	3624	3624	0.861979
296	15	15180	15180	0.0875607
296	16	13	13	0
296	17	50256	50256	0
297	5	7042	7042	0.346921
297	6	416	416	0.0529213
297	7	8902	8902	0.383249
297	8	15134	15134	0.331777
297	9	28856	28856	0.276316
297	10	13	13	0.00524902
297	11	50256	50256	0
298	5	1402	1402	1.16205
298	6	11	11	0.181278
298	7	9403	9403	0.632861
298	8	12	12	0.218309
298	9	38301	38301	0.796011
298	10	37215	37215	0.274321
298	11	431	431	0.274853
298	12	5289	5289	0.175041
298	13	13	13	0
298	14	50256	50256	0
299	5	338	338	0.0305233
299	6	2494	38447	2.96204
299	7	1231	1231	0.120556
299	8	852	852	0.415173
299	9	13529	13529	0.193202
299	10	4045	4045	0.0964813
299	11	287	287	0.0162029
299	12	326	326	1.06637
299	13	6317	6317	0.388498
299	14	13	13	0.00435638
299	15	50256	50256	0
300	5	1474	1474	0.234001
300	6	262	262	0.00529671
300	7	47441	47441	1.10667
300	8	9700	9700	0.166475
300	9	5866	5866	0.658752
300	10	13	13	0.0644531
300	11	50256	50256	0.000274658
301	5	257	257	0.159388
301	6	3463	3463	0.705093
301	7	286	286	0.00273132
301	8	11711	11711	0.589592
301	9	4961	4961	0.650977
301	10	284	284	0.0412521
301	11	663	663	0.00815582
301	12	898	898	1.2465
301	13	3463	3463	0.165325
301	14	13	13	0.0231094
301	15	50256	50256	6.10352e-05
302	5	11	11	0.00864983
302	6	2138	2138	0.0132484
302	7	621	621	0.0189419
302	8	6586	6586	0.132938
302	9	393	393	0.0297146
302	10	10930	10930	0.0808239
302	11	13	13	9.53674e-05
302	12	50256	50256	3.8147e-06
303	5	373	373	0.279253
303	6	15283	15283	0.282034
303	7	287	287	0.0397663
303	8	4492	4492	0.220828
303	9	287	287	0.0122318
303	10	1105	1105	0.213417
303	11	1314	1314	0.0497189
303	12	13	13	0.0139828
303	13	50256	50256	0
304	5	78	78	0.0997906
304	6	1990	1990	0.210145
304	7	15688	15688	0.0919895
304	8	338	338	0.0294247
304	9	10003	10003	0.327202
304	10	290	290	0.0227947
304	11	14944	14944	0.286304
304	12	17862	17862	0.0986519
304	13	10399	10399	0.19882
304	14	319	319	0.0163174
304	15	6882	6882	0.220379
304	16	295	295	0.210503
304	17	371	371	0.133518
304	18	2093	2093	0.148504
304	19	10875	10875	0.202009
304	20	1134	1134	0.345097
304	21	709	709	0.198725
304	22	13	13	0.0257397
304	23	50256	50256	8.39233e-05
305	5	385	385	0.260609
305	6	6486	6486	0.138306
305	7	287	287	0.0475006
305	8	644	644	0.311125
305	9	318	318	0.0222549
305	10	783	783	0.349667
305	11	7137	7137	0.104982
305	12	13	13	0
305	13	50256	50256	0
306	5	286	286	0.0129147
306	6	262	262	0.0150833
306	7	1578	1578	0.190599
306	8	7526	7526	0.129347
306	9	13	13	0.0210495
306	10	50256	50256	3.43323e-05
307	5	29867	29867	0.689271
307	6	17556	17556	0.595679
307	7	13	13	0.0155716
307	8	50256	50256	0
308	5	25041	25041	0.295439
308	6	30468	30468	0.411272
308	7	326	326	0.0183754
308	8	645	645	1.37218
308	9	2392	2392	0.40335
308	10	8080	8080	0.267511
308	11	8850	8850	0.438919
308	12	4755	4755	0.942102
308	13	21748	21748	0.623785
308	14	13	13	0.0134239
308	15	50256	50256	0.000179291
309	5	3562	3562	0.19483
309	6	416	416	0.00545502
309	7	20849	20849	0.123314
309	8	7068	7068	0.0967922
309	9	449	449	0.102018
309	10	1211	1211	0.169632
309	11	7273	7273	0.123857
309	12	26361	26361	0.0602188
309	13	13	13	0.00279617
309	14	50256	50256	0
310	5	2788	2788	0.3445
310	6	4331	4331	0.42853
310	7	326	326	0.0357189
310	8	4100	4100	1.02739
310	9	65	65	0.233947
310	10	2788	2788	0.383499
310	11	481	481	0.526052
310	12	1716	1716	0.234924
310	13	5822	5822	0.446145
310	14	13	13	0
310	15	50256	50256	0
311	5	5865	5865	0.177299
311	6	15417	15417	0.197638
311	7	389	389	0.0753117
311	8	7310	7310	0.31359
311	9	8950	8950	0.143999
311	10	13	13	0.0150433
311	11	50256	50256	0
312	5	28028	28028	0.130533
312	6	1141	1141	0.0424023
312	7	262	262	0.0333004
312	8	1218	1218	0.838931
312	9	39210	39210	0.182028
312	10	37078	37078	0.0793495
312	11	13	13	1.90735e-05
312	12	50256	50256	3.8147e-06
313	5	2685	2685	0.203403
313	6	26161	26161	0.489113
313	7	1657	1657	0.789338
313	8	656	656	0.0500813
313	9	12278	12278	0.497959
313	10	2568	2568	0.273968
313	11	13	13	0.00208473
313	12	50256	50256	0
314	5	355	355	0.0665913
314	6	2153	2153	0.371995
314	7	2611	2611	0.259829
314	8	3608	3608	0.386724
314	9	82	82	0.622117
314	10	379	379	0.333067
314	11	3095	3095	0.752247
314	12	12	12	0.150394
314	13	78	16760	6.55083
314	14	5829	5829	0.19989
314	15	5755	5755	0.0916939
314	16	3212	3212	0.0776787
314	17	13	13	3.24249e-05
314	18	50256	50256	0.00218582
315	5	407	407	1.03924
315	6	3706	3706	0.946634
315	7	12622	12622	0.276909
315	8	45738	45738	0.148811
315	9	13	13	0.0027523
315	10	50256	50256	1.14441e-05
316	5	262	262	0.114119
316	6	21231	21231	0.832148
316	7	8769	8769	0.416785
316	8	78	78	0.534192
316	9	43397	43397	0.131889
316	10	257	257	0.102537
316	11	5766	5766	0.971593
316	12	286	286	0.013588
316	13	530	530	0.208456
316	14	7319	7319	0.351162
316	15	13	13	0.00451088
316	16	50256	50256	0
317	5	29260	29260	0.188984
317	6	692	692	0.126011
317	7	295	295	0.164211
317	8	4193	4193	0.251953
317	9	42790	42790	0.144783
317	10	14075	14075	0.0842533
317	11	13550	13550	0.0789776
317	12	34619	34619	0.0754147
317	13	746	746	0.106691
317	14	82	82	0.114918
317	15	287	287	0.0267258
317	16	262	262	0.0130329
317	17	29666	29666	0.683304
317	18	4289	4289	0.0614033
317	19	13	13	0.00255966
317	20	50256	50256	0
318	5	925	925	0.603423
318	6	422	422	0.282045
318	7	373	373	0.869301
318	8	17914	17914	0.330788
318	9	2058	2058	0.321408
318	10	8384	8384	0.54586
318	11	422	422	0.186682
318	12	663	663	0.134552
318	13	1036	1036	1.66059
318	14	515	515	0.426099
318	15	10717	10717	0.825044
318	16	13	13	0
318	17	50256	50256	0
319	5	422	422	0.0742798
319	6	262	262	0.0329037
319	7	16577	16577	1.05259
319	8	9529	9529	0.242304
319	9	528	528	0.0790024
319	10	2586	2586	0.14537
319	11	286	286	0.0276051
319	12	262	262	0.111626
319	13	7858	7858	1.79545
319	14	946	946	0.18178
319	15	4618	4618	0.09902
319	16	13	13	1.90735e-06
319	17	50256	50256	0
320	5	286	286	0.000980377
320	6	262	262	0.000305176
320	7	12108	12108	0.0715256
320	8	286	286	0.0294437
320	9	5828	5828	0.04599
320	10	13	13	0.00920296
320	11	50256	50256	0
321	5	37185	37185	2.04645
321	6	7268	7268	0.399641
321	7	262	262	0.162144
321	8	11904	11904	0.978776
321	9	973	973	0.415709
321	10	284	284	0.833929
321	11	787	787	0.437597
321	12	11311	11311	0.166046
321	13	13	13	0
321	14	50256	50256	0
322	5	29909	29909	0.208527
322	6	3348	3348	0.0331917
322	7	656	656	0.0964489
322	8	15268	15268	0.262425
322	9	13	13	0.000108719
322	10	50256	50256	0
323	5	734	734	0.239376
323	6	5621	5621	0.435058
323	7	286	286	0.0930691
323	8	14390	14390	1.45217
323	9	11	11	0.16691
323	10	8811	8811	0.858405
323	11	1444	1444	0.147356
323	12	25825	25825	0.797931
323	13	290	290	0.0205555
323	14	356	356	0.881572
323	15	701	701	0.0572319
323	16	13	13	3.05176e-05
323	17	50256	50256	3.8147e-06
324	5	257	257	0.0481186
324	6	1573	4417	2.43312
324	7	338	338	0.111725
324	8	2779	4417	7.21757
324	9	11	11	0.220636
324	10	9472	9472	0.788911
324	11	257	257	0.115961
324	12	35488	35488	1.88698
324	13	318	318	0.0758858
324	14	7223	7223	1.22299
324	15	706	706	0.167765
324	16	340	340	0.325143
324	17	13	13	0.023859
324	18	50256	50256	0.00037384
325	5	3912	3912	0.358458
325	6	1900	1900	0.0531464
325	7	355	355	0.0668831
325	8	26153	26153	0.142849
325	9	338	338	0.0383797
325	10	16734	16734	0.188416
325	11	13	13	3.8147e-06
325	12	50256	50256	0
326	5	318	318	0.067831
326	6	25086	8811	1.44882
326	7	13	13	0.0260696
326	8	50256	50256	3.8147e-06
327	5	976	976	0.939803
327	6	1986	1271	2.3236
327	7	3812	3812	0.36874
327	8	3668	530	4.47911
327	9	780	780	0.85801
327	10	663	663	0.112963
327	11	13179	5422	4.28952
327	12	290	290	0.15163
327	13	13066	517	1.8676
327	14	389	389	0.236038
327	15	47192	47192	0.304843
327	16	13	13	0.00126648
327	17	50256	50256	3.8147e-06
328	5	20199	20199	0.273884
328	6	1779	1779	0.190229
328	7	4541	4541	0.323895
328	8	4291	4291	0.238504
328	9	257	257	0.0518951
328	10	4417	2060	2.6447
328	11	32162	32162	0.333044
328	12	2174	2174	0.163685
328	13	262	262	0.0270767
328	14	1633	734	2.2106
328	15	338	338	0.0707645
328	16	390	2134	1.95632
328	17	86	86	0.308865
328	18	966	966	0.532404
328	19	13	13	0.00110435
328	20	50256	50256	7.62939e-06
329	5	262	262	0.0618095
329	6	2612	2612	1.85198
329	7	11	11	0.011694
329	8	2138	2138	0.170534
329	9	621	621	0.191166
329	10	6872	6872	1.50401
329	11	340	340	0.281702
329	12	1497	1497	0.517809
329	13	13	13	0.0161285
329	14	50256	50256	0.00215912
330	5	1688	9197	2.90348
330	6	26041	1688	2.39291
330	7	1748	1748	0.376206
330	8	287	287	0.0433273
330	9	1944	1944	0.358477
330	10	12	12	0.0468159
330	11	820	820	0.195454
330	12	32183	32183	0.323484
330	13	13	13	0.00127411
330	14	50256	50256	0
331	5	2347	5894	2.59842
331	6	318	318	0.189968
331	7	17298	8811	3.56258
331	8	287	287	0.106459
331	9	663	663	0.0643196
331	10	29984	29984	1.38718
331	11	13	13	4.76837e-05
331	12	50256	50256	0.00203323
332	5	257	257	0.0256786
332	6	46103	46103	1.01018
332	7	326	326	0.0186806
332	8	8186	8186	0.238226
332	9	728	728	0.0893917
332	10	416	416	0.0176868
332	11	16299	16299	0.221712
332	12	9653	9653	0.323084
332	13	13	13	0.00923157
332	14	50256	50256	0
333	5	33828	33828	0.114584
333	6	2630	2630	0.0961285
333	7	262	262	0.00438881
333	8	4960	4960	0.3542
333	9	670	670	0.333722
333	10	383	383	0.488401
333	11	17388	17388	0.200794
333	12	286	286	0.00468636
333	13	5215	5215	0.220658
333	14	7285	7285	0.123747
333	15	13	13	0.00729752
333	16	50256	50256	0
334	5	656	656	0.0379162
334	6	262	262	0.0122948
334	7	12108	12108	0.0809383
334	8	286	286	0.0370197
334	9	5828	5828	0.0509129
334	10	13	13	0.00282478
334	11	50256	50256	0
335	5	1146	1146	0.149824
335	6	14523	14523	0.360927
335	7	12076	12076	0.632965
335	8	4755	4755	0.750671
335	9	5419	5419	0.355572
335	10	7716	7716	0.437229
335	11	663	663	0.108641
335	12	14091	2962	2.68807
335	13	2214	2214	0.117319
335	14	13	13	9.15527e-05
335	15	50256	50256	2.28882e-05
336	5	416	416	0.0316849
336	6	281	281	0.0245113
336	7	12064	12064	0.151468
336	8	900	900	0.0516796
336	9	13	13	0.0019474
336	10	50256	50256	0
337	5	4387	976	3.97116
337	6	2877	2877	0.377125
337	7	5044	530	3.15634
337	8	416	416	0.453098
337	9	2347	2347	1.34701
337	10	13	13	0.00082016
337	11	50256	50256	0
338	5	318	318	0.0234852
338	6	281	281	0.0376835
338	7	12628	12628	0.214823
338	8	1286	1286	0.110647
338	9	35162	35162	0.081686
338	10	19955	19955	0.0833645
338	11	17116	17116	0.0710392
338	12	13	13	0.000398636
338	13	50256	50256	0
339	5	1255	1487	2.61212
339	6	422	422	0.0574589
339	7	4802	3794	3.06261
339	8	29358	29358	0.568602
339	9	286	286	0.0743237
339	10	32085	1728	2.11282
339	11	729	729	0.159748
339	12	416	416	0.157898
339	13	739	4375	10.4899
339	14	8583	8583	0.955626
339	15	29781	29781	0.622596
339	16	13	13	0.000181198
339	17	50256	50256	0
340	5	4417	4417	1.9151
340	6	11	11	0.0135307
340	7	340	340	1.28981
340	8	318	318	0.368799
340	9	1444	1444	1.21628
340	10	28856	28856	0.775099
340	11	13	13	9.53674e-06
340	12	50256	50256	3.8147e-06
341	5	31094	31094	0.603958
341	6	9813	9813	0.915328
341	7	3067	3067	0.359869
341	8	379	379	0.235807
341	9	262	262	0.0681152
341	10	976	5422	4.62312
341	11	2866	2866	0.624169
341	12	13	13	0
341	13	50256	50256	1.14441e-05
342	5	338	338	0.0435963
342	6	3139	3139	0.0998917
342	7	11	11	0.0538616
342	8	319	319	0.0611496
342	9	262	262	0.0305061
342	10	2258	2258	0.347573
342	11	5451	5451	0.19356
342	12	13	13	0.0148621
342	13	50256	50256	0
343	5	290	290	0.213108
343	6	262	262	0.00593758
343	7	7431	976	2.43068
343	8	323	323	0.778819
343	9	2271	2271	0.635511
343	10	389	389	1.07217
343	11	1688	1633	1.81333
343	12	46178	46178	0.353521
343	13	2462	2462	0.116156
343	14	873	873	0.110373
343	15	13	13	0.00248337
343	16	50256	50256	3.8147e-06
344	5	3303	3303	0.463781
344	6	13	13	3.8147e-06
344	7	50256	50256	0
345	5	338	338	0.0165501
345	6	1588	1180	2.44273
345	7	14966	14966	0.457615
345	8	389	389	0.263567
345	9	20633	20633	0.20266
345	10	416	416	0.0283508
345	11	16021	16021	0.606793
345	12	300	300	0.465247
345	13	600	600	0.189447
345	14	1424	1424	0.240561
345	15	13	13	0.0116253
345	16	50256	50256	3.8147e-06
346	5	262	262	0.0266724
346	6	717	717	1.84983
346	7	1893	1893	0.137663
346	8	286	286	0.00819778
346	9	16256	16256	1.00799
346	10	706	706	0.20577
346	11	663	663	0.136549
346	12	39862	39862	1.38709
346	13	286	286	0.02742
346	14	10404	10404	0.176851
346	15	13	13	3.8147e-06
346	16	50256	50256	2.67029e-05
347	5	1022	1022	0.115269
347	6	5387	5387	0.28664
347	7	21379	21379	0.725025
347	8	290	290	0.0406418
347	9	262	262	0.000118256
347	10	7097	7097	1.6333
347	11	2858	2858	0.148075
347	12	13	13	0.00274277
347	13	50256	50256	0.000164032
348	5	17598	17598	0.767694
348	6	318	318	0.0198193
348	7	262	262	0.019434
348	8	4756	976	2.98217
348	9	832	832	0.123539
348	10	543	543	0.499255
348	11	4704	4704	1.60439
348	12	8318	8318	0.416882
348	13	13	13	0
348	14	50256	50256	0
349	5	257	257	0.0160503
349	6	8122	8122	1.12749
349	7	416	416	0.0334835
349	8	10829	10829	0.794455
349	9	5365	5365	0.144337
349	10	26758	26758	0.15073
349	11	17745	17745	0.0493107
349	12	13	13	4.00543e-05
349	13	50256	50256	0
350	5	12912	12912	0.240785
350	6	5696	5696	0.310818
350	7	7668	7668	0.223457
350	8	351	351	0.0287247
350	9	8977	8977	0.496955
350	10	290	290	0.0385323
350	11	26898	26898	1.89534
350	12	13166	13166	0.240967
350	13	13	13	0.000617981
350	14	50256	50256	0
351	5	14281	14281	2.33811
351	6	393	393	0.0956402
351	7	28402	28402	0.634228
351	8	7334	7334	0.258825
351	9	329	329	0.143003
351	10	663	663	0.331829
351	11	7956	7956	1.15905
351	12	5250	5250	0.20465
351	13	15921	15921	0.145619
351	14	13	13	0
351	15	50256	50256	7.62939e-06
352	5	11471	11471	0.141062
352	6	11	11	0.0256405
352	7	41331	41331	0.366419
352	8	286	286	0.0469265
352	9	21558	21558	1.70154
352	10	460	460	0.0327797
352	11	307	307	0.960238
352	12	24167	24167	0.277828
352	13	284	284	0.0249386
352	14	1296	1296	0.587195
352	15	262	262	0.00522614
352	16	7714	7714	2.00339
352	17	286	286	0.00443268
352	18	257	257	0.0462437
352	19	8837	8837	2.39775
352	20	13	13	3.8147e-06
352	21	50256	50256	3.8147e-06
353	5	504	504	0.213043
353	6	23470	23470	0.401773
353	7	36364	36364	0.497215
353	8	1777	1777	0.451508
353	9	2367	2367	0.344683
353	10	656	656	0.0283585
353	11	37285	37285	1.08591
353	12	338	338	0.0844688
353	13	6450	6450	1.32907
353	14	6440	6440	0.210487
353	15	41724	41724	0.0988235
353	16	13	13	3.8147e-06
353	17	50256	50256	0
354	5	4577	4577	0.226534
354	6	284	284	0.012558
354	7	10716	10716	0.379587
354	8	416	416	0.069973
354	9	9194	9194	0.598533
354	10	7842	7842	0.336163
354	11	1431	1431	0.181906
354	12	4263	4263	0.4742
354	13	13	13	0.00788689
354	14	50256	50256	0
355	5	3623	3623	0.175814
355	6	326	326	0.336561
355	7	30174	30174	0.701251
355	8	691	691	0.961689
355	9	351	351	0.0999031
355	10	1049	1049	0.911442
355	11	8722	8722	0.238939
355	12	739	739	0.127781
355	13	8850	8850	0.32296
355	14	3403	3403	0.1173
355	15	13	13	5.72205e-05
355	16	50256	50256	0.000125885
356	5	318	318	0.0228024
356	6	257	257	0.0192566
356	7	31513	31513	0.955262
356	8	8598	8598	0.0702229
356	9	287	287	0.0103111
356	10	38131	38131	0.224333
356	11	37270	37270	0.167157
356	12	13	13	0
356	13	50256	50256	1.90735e-05
357	5	7285	7285	0.077879
357	6	351	351	0.102119
357	7	262	262	0.0189037
357	8	289	289	0.745895
357	9	343	343	0.16514
357	10	363	363	0.141731
357	11	2271	2271	0.182665
357	12	290	290	0.0855865
357	13	479	479	0.514782
357	14	265	265	0.272449
357	15	461	461	0.649584
357	16	2271	2271	0.246283
357	17	27226	27226	0.0705948
357	18	397	397	0.264111
357	19	3166	3166	0.182596
357	20	13	13	0
357	21	50256	50256	0.000106812
358	5	2237	2237	0.218481
358	6	13042	13042	0.154737
358	7	13	13	0.0019722
358	8	50256	50256	0
359	5	46916	46916	0.49724
359	6	286	286	0.0937119
359	7	530	530	1.44824
359	8	8122	1194	1.85746
359	9	34646	34646	0.493591
359	10	287	287	0.0469856
359	11	1194	530	1.93969
359	12	2296	2296	0.236991
359	13	2304	2304	0.130905
359	14	856	856	0.0680447
359	15	8122	8122	0.426118
359	16	13	13	0.0177078
359	17	50256	50256	0
360	5	890	890	1.13526
360	6	14659	14659	0.337639
360	7	7042	7042	0.342369
360	8	422	422	0.0824413
360	9	4555	4555	0.317373
360	10	37880	37880	0.123739
360	11	2615	2615	0.185646
360	12	7021	7021	0.16055
360	13	13	13	0
360	14	50256	50256	0
361	5	3812	3812	0.543713
361	6	1657	1657	0.773286
361	7	832	832	0.033083
361	8	257	257	0.312605
361	9	2882	1429	2.54327
361	10	1444	1444	0.137327
361	11	2825	2825	1.51898
361	12	34248	34248	0.445592
361	13	1042	1042	0.209787
361	14	13	13	0.000118256
361	15	50256	50256	0
362	5	286	286	0.00727463
362	6	262	262	3.8147e-05
362	7	13387	13387	0.766375
362	8	286	286	0.0156631
362	9	262	262	0.00050354
362	10	311	311	0.875643
362	11	32248	32248	0.0836296
362	12	32939	32939	0.0517845
362	13	13	13	0.00391388
362	14	50256	50256	0.0133209
363	5	9030	9030	0.165567
363	6	973	973	0.0967102
363	7	28713	28713	0.276329
363	8	284	284	0.00468445
363	9	2746	2746	0.192011
363	10	37209	37209	0.0969391
363	11	16006	16006	0.0464764
363	12	13	13	0
363	13	50256	50256	0
364	5	35831	24830	2.45209
364	6	26664	26664	0.205753
364	7	4735	4735	0.745293
364	8	422	422	0.0792332
364	9	257	257	0.0302296
364	10	8122	8122	0.474431
364	11	13	13	0.013607
364	12	50256	50256	0
365	5	290	290	0.00166702
365	6	1336	517	2.78259
365	7	31093	31093	0.266743
365	8	11	11	0.0697517
365	9	618	618	0.986946
365	10	6591	734	5.56487
365	11	290	290	0.103695
365	12	25572	25572	0.753715
365	13	40738	40738	0.496232
365	14	3048	3048	0.516773
365	15	19594	19594	0.338978
365	16	1123	1123	0.282696
365	17	584	584	0.354862
365	18	13	13	0.0285645
365	19	50256	50256	0
366	5	4477	4477	0.113625
366	6	881	881	0.195692
366	7	286	286	0.00387764
366	8	663	663	0.131794
366	9	1903	1903	0.544778
366	10	2478	2478	0.326809
366	11	2641	2641	0.368622
366	12	663	663	0.274462
366	13	2802	2802	2.04801
366	14	338	338	0.0836296
366	15	36594	36594	0.683762
366	16	13	13	0
366	17	50256	50256	0.00225449
367	5	3734	3734	0.253304
367	6	32908	32908	0.193404
367	7	326	326	0.0887737
367	8	3342	3342	0.532438
367	9	2344	2344	0.263758
367	10	39895	39895	0.293398
367	11	282	282	0.184589
367	12	13	13	4.19617e-05
367	13	50256	50256	0
368	5	422	422	0.0990677
368	6	262	262	0.000724792
368	7	21405	21405	0.358797
368	8	286	286	2.67029e-05
368	9	269	269	0.609335
368	10	967	967	0.662211
368	11	26210	26210	0.211557
368	12	7150	7150	0.15486
368	13	13	13	0
368	14	50256	50256	0
369	5	26948	26948	1.73604
369	6	318	318	0.164146
369	7	257	257	0.0126591
369	8	9403	4417	3.41109
369	9	13	13	0.0120716
369	10	50256	50256	0
370	5	1321	1321	0.0713863
370	6	355	355	0.53314
370	7	880	880	0.110233
370	8	355	355	0.060297
370	9	663	663	0.0602398
370	10	21437	21437	0.0475769
370	11	13	13	3.8147e-06
370	12	50256	50256	1.14441e-05
371	5	1735	1735	0.0872259
371	6	4129	4129	1.10652
371	7	15082	15082	0.260876
371	8	444	444	0.203609
371	9	663	663	0.0393944
371	10	1989	1989	0.623511
371	11	416	416	0.0349369
371	12	1440	530	2.27148
371	13	13	13	0.027317
371	14	50256	50256	3.8147e-05
372	5	14807	14807	1.01241
372	6	1444	1444	0.605564
372	7	262	262	0.151945
372	8	2258	2258	1.61585
372	9	5451	5451	0.217699
372	10	290	290	0.081749
372	11	2520	2520	1.12233
372	12	5451	5451	0.108944
372	13	13	13	0.000141144
372	14	50256	50256	0
373	5	262	262	0.0495644
373	6	4151	4151	1.13746
373	7	832	832	0.0603027
373	8	262	262	0.0595818
373	9	34047	34047	0.686767
373	10	13	13	0.0592518
373	11	50256	50256	2.28882e-05
374	5	286	286	0.00237465
374	6	262	262	0.00344849
374	7	25730	25730	0.16119
374	8	17628	17628	0.0397377
374	9	3923	3923	0.0345078
374	10	13	13	0.00223732
374	11	50256	50256	0.00311661
375	5	4069	4069	0.135149
375	6	351	351	0.0669346
375	7	281	281	0.0377045
375	8	2938	2938	0.379424
375	9	1255	1255	0.299055
375	10	13	13	0.000516891
375	11	50256	50256	0
376	5	8830	8830	0.270449
376	6	3340	3340	0.609614
376	7	290	290	0.0233727
376	8	262	262	0.000911713
376	9	1578	1578	0.118814
376	10	1829	1829	0.0552845
376	11	13	13	0.000576019
376	12	50256	50256	0.000125885
377	5	17517	17517	0.0964241
377	6	287	287	0.0182285
377	7	15142	15142	0.157806
377	8	318	318	0.056488
377	9	7173	7173	0.413644
377	10	3917	3917	0.112078
377	11	351	351	0.0213776
377	12	7068	7068	0.213036
377	13	9261	9261	0.243765
377	14	72	72	0.131397
377	15	402	402	0.131615
377	16	31330	31330	0.0990086
377	17	13	13	0.00193024
377	18	50256	50256	0
378	5	284	284	0.0316772
378	6	663	663	0.012537
378	7	8373	8373	0.871156
378	8	13	13	0.00336456
378	9	50256	50256	3.8147e-06
379	5	1748	6591	2.41876
379	6	351	351	0.121529
379	7	3881	3881	1.64187
379	8	12	12	0.224638
379	9	8968	8968	1.42499
379	10	28814	28814	0.34003
379	11	287	287	0.0280113
379	12	8078	8078	0.256061
379	13	13	13	0.00584793
379	14	50256	50256	3.8147e-06
380	5	257	257	0.00134277
380	6	6994	6994	2.55016
380	7	1271	1271	0.274966
380	8	13	13	0.0115356
380	9	50256	50256	0
381	5	2392	2392	0.939761
381	6	28400	28400	0.189817
381	7	621	621	0.0294113
381	8	4171	4171	0.754671
381	9	7424	7424	0.3272
381	10	1657	1657	0.126724
381	11	13	13	0
381	12	50256	50256	0.000602722
382	5	21622	21622	0.209301
382	6	416	416	0.0748253
382	7	511	511	0.241858
382	8	6625	6625	0.644987
382	9	284	284	0.0353031
382	10	34688	34688	0.402776
382	11	13	13	0.000211716
382	12	50256	50256	0
383	5	12866	12866	0.132359
383	6	278	278	0.0621834
383	7	20365	20365	0.135225
383	8	3033	3033	0.0768585
383	9	262	262	0.0188961
383	10	2095	2095	0.272601
383	11	25846	25846	0.449481
383	12	565	565	0.461975
383	13	733	733	0.184513
383	14	13	13	0.0231438
383	15	50256	50256	0
384	5	313	313	0.235205
384	6	48406	48406	0.0812969
384	7	50195	50195	0.095438
384	8	6296	6296	0.103876
384	9	24287	24287	0.217207
384	10	286	286	0.0370197
384	11	3660	3660	0.531651
384	12	5828	5828	0.159437
384	13	2254	2254	0.176016
384	14	13	13	1.90735e-06
384	15	50256	50256	0.00101471
385	5	2618	16760	2.26606
385	6	1080	1080	0.356046
385	7	11	11	0.218172
385	8	257	257	0.00543213
385	9	5421	1588	3.28981
385	10	29973	29973	0.566144
385	11	13066	13066	1.42071
385	12	318	318	0.186216
385	13	281	281	0.289959
385	14	30004	30004	1.13918
385	15	541	541	0.227282
385	16	325	325	0.638747
385	17	13	13	0.00111389
385	18	50256	50256	3.8147e-06
386	5	7729	7729	1.25793
386	6	422	422	0.0483112
386	7	7446	7446	1.33771
386	8	284	284	0.0522175
386	9	12183	12183	0.788851
386	10	418	418	0.0970945
386	11	2586	2586	0.169486
386	12	13	13	1.52588e-05
386	13	50256	50256	0
387	5	12022	12022	0.0699272
387	6	373	373	0.0382824
387	7	257	257	0.181173
387	8	1748	1748	0.188692
387	9	286	286	0.0475979
387	10	262	262	0.000150681
387	11	6156	6156	0.353428
387	12	1423	1423	0.55674
387	13	385	385	0.159861
387	14	6916	6916	0.0767536
387	15	14355	14355	0.0174255
387	16	13	13	0.000255585
387	17	50256	50256	0
388	5	656	656	0.121899
388	6	257	257	0.113794
388	7	1296	1296	0.359402
388	8	5292	5292	0.313095
388	9	284	284	0.0140057
388	10	21363	21363	0.367022
388	11	663	663	0.0358772
388	12	10154	10154	0.385736
388	13	13	13	0.000160217
388	14	50256	50256	3.8147e-06
389	5	8899	8899	0.440107
389	6	35076	35076	0.330128
389	7	18180	18180	0.334579
389	8	3745	3745	0.672023
389	9	257	257	0.127211
389	10	1588	1588	1.21386
389	11	25979	25979	0.125617
389	12	287	287	0.0551071
389	13	19483	19483	1.10154
389	14	290	290	0.0271187
389	15	3794	3794	2.06186
389	16	13	13	0.00094986
389	17	50256	50256	0
390	5	1296	1296	0.114784
390	6	257	257	0.0706387
390	7	14153	14153	1.78312
390	8	1339	1339	0.385163
390	9	1088	1088	0.189142
390	10	262	262	0.0380268
390	11	3632	3632	0.136137
390	12	13	13	0.00259399
390	13	50256	50256	7.62939e-06
391	5	1262	1262	0.14336
391	6	12278	12278	0.391129
391	7	10425	10425	0.35906
391	8	290	290	0.0118866
391	9	5931	5931	0.506581
391	10	2085	2085	0.353233
391	11	9302	9302	0.0475445
391	12	13	13	0.00389481
391	13	50256	50256	3.8147e-06
392	5	286	286	0.0989799
392	6	257	257	0.037241
392	7	6808	1729	3.74501
392	8	11	11	0.0236607
392	9	257	257	0.545338
392	10	1688	1688	2.60663
392	11	2368	367	2.01389
392	12	11	11	0.176235
392	13	290	257	0.941353
392	14	257	257	0.107281
392	15	2818	2818	0.839339
392	16	8150	8150	0.417943
392	17	13	13	0.0144043
392	18	50256	50256	3.43323e-05
393	5	734	734	0.155811
393	6	3891	3891	0.110174
393	7	329	329	0.0498466
393	8	262	262	0.00012207
393	9	976	976	0.64053
393	10	33158	33158	0.25927
393	11	13833	13833	0.0923824
393	12	13	13	1.14441e-05
393	13	50256	50256	0.00830841
394	5	3578	3578	0.16419
394	6	38575	38575	0.165146
394	7	13871	13871	0.176434
394	8	621	621	0.0582733
394	9	262	262	0.00788116
394	10	1388	1388	0.377184
394	11	5046	5046	0.227444
394	12	3436	3436	0.243097
394	13	13	13	0.0175438
394	14	50256	50256	0
395	5	44504	44504	0.246874
395	6	422	422	0.0361729
395	7	12734	12734	0.815901
395	8	290	290	0.103197
395	9	10385	10385	1.48495
395	10	340	340	0.135784
395	11	656	656	0.53516
395	12	12498	12498	0.584848
395	13	13	13	0
395	14	50256	50256	0
396	5	832	832	0.00836563
396	6	257	257	0.00542641
396	7	1429	1429	0.346543
396	8	1444	1444	0.0228806
396	9	285	285	0.134787
396	10	13929	13929	0.138001
396	11	2649	2649	0.113382
396	12	13	13	0.00710297
396	13	50256	50256	7.62939e-06
397	5	422	422	0.00410461
397	6	262	262	0.00106812
397	7	25572	25572	0.418265
397	8	4417	4417	0.664838
397	9	13	13	8.96454e-05
397	10	50256	50256	0
398	5	11	11	0.0317192
398	6	475	407	1.25996
398	7	407	407	1.53439
398	8	790	790	0.628428
398	9	35991	35991	1.67931
398	10	318	318	0.247066
398	11	257	257	0.297169
398	12	6616	17661	2.53225
398	13	13	13	8.96454e-05
398	14	50256	50256	0
399	5	618	618	0.33946
399	6	663	663	0.316692
399	7	13042	640	2.16437
399	8	12611	12611	1.35155
399	9	378	378	0.324419
399	10	706	706	0.831268
399	11	852	852	0.546906
399	12	458	458	0.0596752
399	13	17758	17758	0.118172
399	14	13	13	0
399	15	50256	50256	0
400	5	4351	4351	1.90899
400	6	416	416	0.102755
400	7	15637	15637	0.781249
400	8	369	369	0.212002
400	9	11124	11124	0.253483
400	10	290	290	0.0975189
400	11	24748	24748	1.56454
400	12	596	596	0.620412
400	13	1022	1022	0.080019
400	14	663	663	0.0450592
400	15	7714	7714	2.08538
400	16	13	13	5.91278e-05
400	17	50256	50256	3.8147e-05
401	5	1458	1458	0.326119
401	6	1437	1437	0.322653
401	7	355	355	0.0620232
401	8	340	340	0.861054
401	9	30174	510	2.87005
401	10	351	351	0.261934
401	11	15938	867	2.8617
401	12	287	287	0.0624619
401	13	663	663	0.196104
401	14	21334	21334	0.131695
401	15	13	13	0
401	16	50256	50256	1.52588e-05
402	5	373	373	0.0493679
402	6	3170	3170	0.17061
402	7	329	329	0.200804
402	8	262	262	0.0470352
402	9	6342	3139	2.09468
402	10	45357	45357	0.279844
402	11	286	286	0.0224094
402	12	49545	49545	0.17553
402	13	13	13	4.95911e-05
402	14	50256	50256	0
403	5	15268	15268	0.562989
403	6	290	290	0.00705147
403	7	13532	2800	2.11525
403	8	2427	2427	0.140223
403	9	286	286	0.00185776
403	10	691	691	1.34665
403	11	257	257	0.0618706
403	12	5969	5969	1.11613
403	13	10706	10706	0.162596
403	14	286	286	0.00891113
403	15	17848	17848	0.143841
403	16	13	13	0.0373611
403	17	50256	50256	0.00012207
404	5	28408	28408	0.196308
404	6	430	430	0.108158
404	7	704	704	0.191673
404	8	1313	1313	0.188793
404	9	389	389	0.24192
404	10	1440	1440	0.915514
404	11	1602	1602	0.267525
404	12	14796	14796	0.330694
404	13	44360	44360	0.17746
404	14	13	13	0.00578308
404	15	50256	50256	1.14441e-05
405	5	18665	18665	0.776458
405	6	1660	1660	0.222132
405	7	284	284	0.0150528
405	8	11684	11684	0.75665
405	9	290	290	0.0299644
405	10	4736	4736	0.0738544
405	11	13	13	0.00146103
405	12	50256	50256	0.000110626
406	5	21891	21891	0.347388
406	6	11	11	0.176086
406	7	281	281	0.0739441
406	8	6156	6156	1.08283
406	9	19517	19517	2.39836
406	10	1748	1748	0.232773
406	11	13	13	0.00501823
406	12	50256	50256	0
407	5	43088	43088	0.194378
407	6	351	351	0.00820541
407	7	471	471	0.287377
407	8	12	12	0.0200901
407	9	16760	16760	0.325876
407	10	3272	3272	0.28315
407	11	9004	9004	0.126764
407	12	13	13	0.000976562
407	13	50256	50256	0.00709152
408	5	13108	13108	0.091711
408	6	10340	10340	0.0273399
408	7	13	13	0.00287247
408	8	50256	50256	3.8147e-06
409	5	4645	4645	0.404627
409	6	4635	4635	0.383718
409	7	416	416	0.00263214
409	8	1728	1728	0.758627
409	9	38467	38467	0.2809
409	10	13	13	7.62939e-06
409	11	50256	50256	3.8147e-06
410	5	810	810	0.340105
410	6	27163	27163	0.475095
410	7	33408	33408	0.334991
410	8	12188	12188	0.360445
410	9	510	510	0.345402
410	10	1474	1474	0.255743
410	11	257	257	0.00529289
410	12	7850	3825	3.12036
410	13	338	338	0.0890083
410	14	5422	5422	1.09433
410	15	13	13	0.00146103
410	16	50256	50256	1.14441e-05
411	5	41578	41578	1.22514
411	6	11	11	0.0580235
411	7	1474	1474	0.163084
411	8	262	262	0.000123978
411	9	8211	8211	2.3085
411	10	7051	7051	0.197193
411	11	13	13	0
411	12	50256	50256	0.0232544
412	5	9565	9565	0.264109
412	6	24049	24049	0.210529
412	7	862	862	0.16296
412	8	11	11	0.0056572
412	9	336	336	0.480481
412	10	15515	15515	0.348279
412	11	11	11	0.02108
412	12	290	290	0.0205002
412	13	584	584	0.87418
412	14	16759	16759	0.103624
412	15	13	13	0.00521088
412	16	50256	50256	3.8147e-06
413	5	286	286	0.0775127
413	6	734	734	1.01711
413	7	6134	5667	5.67518
413	8	523	523	0.679655
413	9	326	326	0.0983658
413	10	484	484	1.38331
413	11	1663	484	3.40576
413	12	1978	1978	0.768303
413	13	13	13	0.000368118
413	14	50256	50256	0
414	5	925	925	0.178494
414	6	416	416	0.054472
414	7	10708	10708	0.219799
414	8	290	290	0.00569534
414	9	23610	23610	0.329227
414	10	7135	7135	0.173749
414	11	22670	22670	0.0434246
414	12	286	286	0.00913811
414	13	3348	3348	0.41971
414	14	13	13	0
414	15	50256	50256	0
415	5	15568	15568	0.326632
415	6	1864	1864	0.332479
415	7	284	284	0.0356598
415	8	7729	1364	1.91614
415	9	5281	5281	0.540432
415	10	416	416	0.0346928
415	11	31228	31228	0.524445
415	12	25897	25897	0.136343
415	13	13	13	3.8147e-06
415	14	50256	50256	0
416	5	4909	4909	0.110394
416	6	749	749	1.71906
416	7	286	286	0.0968628
416	8	22779	22779	0.744585
416	9	8602	22779	1.83401
416	10	290	290	0.013031
416	11	19101	19101	0.152508
416	12	13	13	0.00822449
416	13	50256	50256	1.14441e-05
417	5	5478	5478	0.549991
417	6	338	338	0.0935078
417	7	10596	10596	2.13784
417	8	7051	7051	0.49791
417	9	11	11	0.110189
417	10	318	318	0.0947151
417	11	262	262	0.0181198
417	12	3139	3139	1.55826
417	13	286	286	0.0278473
417	14	49657	49657	0.265358
417	15	13	13	0.0129452
417	16	50256	50256	0
418	5	874	874	0.791509
418	6	7330	7330	0.924917
418	7	20901	20901	0.579947
418	8	422	422	0.0839081
418	9	33773	33773	1.58809
418	10	2877	2877	0.822332
418	11	1626	1626	0.108778
418	12	511	511	0.306427
418	13	21379	21379	0.821529
418	14	13	13	0.0115299
418	15	50256	50256	3.8147e-06
419	5	543	543	0.733001
419	6	2568	2568	0.548578
419	7	318	318	0.236961
419	8	11172	11172	1.5594
419	9	393	393	0.11297
419	10	670	670	0.782417
419	11	318	318	0.164707
419	12	1760	1760	0.61589
419	13	13	13	0.00456619
419	14	50256	50256	0
420	5	6364	6364	0.331738
420	6	3585	3585	1.8752
420	7	284	284	0.254848
420	8	530	530	1.07719
420	9	1194	1633	2.30557
420	10	1973	1973	0.212112
420	11	3668	1194	2.16833
420	12	338	338	0.0902786
420	13	4417	4417	0.744594
420	14	13	13	0.0352745
420	15	50256	50256	0
421	5	19853	19853	0.106031
421	6	16736	16736	0.119852
421	7	2029	2029	0.126352
421	8	262	262	0.0605488
421	9	4417	4417	0.517635
421	10	286	286	0.0384159
421	11	8706	8706	0.326246
421	12	13	13	0
421	13	50256	50256	7.62939e-06
422	5	8384	8384	0.100626
422	6	329	329	0.0729542
422	7	663	663	0.0194035
422	8	35988	35988	0.256945
422	9	5667	5667	0.508356
422	10	13	13	0.000642776
422	11	50256	50256	0
423	5	929	929	0.100155
423	6	8231	8231	0.218902
423	7	11	11	0.0272865
423	8	407	407	0.128532
423	9	1866	1866	0.553478
423	10	286	286	0.0178585
423	11	262	262	0.0452271
423	12	6842	6842	2.26548
423	13	1641	1641	0.0936222
423	14	13	13	0.0352936
423	15	50256	50256	0.0163956
424	5	416	416	0.063364
424	6	41878	41878	0.280384
424	7	1402	1402	0.0815125
424	8	5207	5207	0.132757
424	9	286	286	0.0556355
424	10	2587	2587	0.147609
424	11	13	13	0.0277424
424	12	50256	50256	0
425	5	6588	6588	1.75096
425	6	23235	23235	0.644629
425	7	326	326	0.117071
425	8	460	460	0.026495
425	9	10649	307	2.45527
425	10	1613	1613	0.594484
425	11	530	530	0.450828
425	12	1194	1194	1.52184
425	13	13	13	0.000473022
425	14	50256	50256	0
426	5	422	422	0.225252
426	6	14659	14659	0.763673
426	7	286	286	0.0148144
426	8	23206	23206	0.621664
426	9	17045	17045	0.0740662
426	10	13	13	0.000770569
426	11	50256	50256	0
427	5	1111	1111	0.0916824
427	6	5594	5594	0.102873
427	7	284	284	0.0556355
427	8	262	262	0.00946426
427	9	285	285	0.13563
427	10	692	692	0.123835
427	11	17990	17990	0.176624
427	12	1448	1448	0.144793
427	13	13	13	0.000663757
427	14	50256	50256	1.14441e-05
428	5	286	286	0.0443172
428	6	16639	16639	0.4311
428	7	544	544	0.158215
428	8	11	11	0.0474453
428	9	635	635	0.411768
428	10	1444	1444	0.155012
428	11	262	262	0.133692
428	12	16639	16639	0.716527
428	13	2066	2066	0.175295
428	14	13	13	2.09808e-05
428	15	50256	50256	2.67029e-05
429	5	832	832	0.307917
429	6	47683	47683	1.23802
429	7	290	290	0.00322723
429	8	8106	8106	2.18323
429	9	503	503	0.355682
429	10	2057	2057	0.0752068
429	11	13166	13166	0.157169
429	12	13	13	0
429	13	50256	50256	3.8147e-06
430	5	16839	5822	2.59163
430	6	338	338	0.406029
430	7	2292	2292	1.31209
430	8	15947	15947	0.434694
430	9	663	663	0.0755157
430	10	1295	1295	1.96198
430	11	1988	1988	0.344495
430	12	13	13	0.0202866
430	13	50256	50256	3.8147e-06
431	5	20629	20629	0.125061
431	6	284	284	0.00281715
431	7	11007	11007	0.13319
431	8	12967	12967	0.1117
431	9	902	902	0.184163
431	10	13	13	0.00146294
431	11	50256	50256	0.000102997
432	5	262	262	0.00104332
432	6	6869	6869	1.63002
432	7	8318	8318	1.04606
432	8	832	832	0.11838
432	9	3668	3668	0.937057
432	10	338	338	0.098877
432	11	9082	9082	1.48548
432	12	13	13	0
432	13	50256	50256	0
433	5	29410	29410	1.37752
433	6	544	544	0.733383
433	7	290	290	0.015234
433	8	3354	3354	1.66157
433	9	286	286	0.00958633
433	10	7840	7840	0.646229
433	11	22779	22779	0.120361
433	12	2031	2031	0.561985
433	13	13	13	0
433	14	50256	50256	0.00376511
434	5	290	290	0.0346584
434	6	37919	37919	0.265846
434	7	710	710	0.140415
434	8	16189	16189	0.151155
434	9	3822	3822	0.184225
434	10	1656	1656	0.104952
434	11	287	287	0.081953
434	12	24956	24956	0.174683
434	13	290	290	0.0283489
434	14	14173	14173	0.456299
434	15	2247	2247	0.055891
434	16	13	13	0
434	17	50256	50256	0
435	5	893	893	0.174738
435	6	325	325	0.167261
435	7	385	385	0.133829
435	8	2111	2111	0.136959
435	9	284	284	0.0200443
435	10	1441	1441	0.747744
435	11	1363	1363	0.25226
435	12	706	706	0.109674
435	13	262	262	0.010891
435	14	44695	44695	1.12345
435	15	1810	1810	0.0791893
435	16	13	13	0.00462341
435	17	50256	50256	0.00150299
436	5	12277	12277	0.226459
436	6	12	12	0.0133247
436	7	11545	11545	0.111832
436	8	10340	10340	0.0508633
436	9	13	13	0.00744629
436	10	50256	50256	2.28882e-05
437	5	30176	30176	0.396223
437	6	4778	4778	0.139851
437	7	1444	1444	0.0605659
437	8	32858	32858	0.44697
437	9	290	290	0.0854378
437	10	47314	47314	0.698627
437	11	13	13	0.00182724
437	12	50256	50256	0.000141144
438	5	15358	15358	1.27347
438	6	1505	1505	0.648707
438	7	11	11	0.00389862
438	8	543	543	0.775146
438	9	5419	5419	0.222293
438	10	1296	1296	1.42109
438	11	257	257	0.013834
438	12	14153	14153	1.59706
438	13	4417	4417	0.265184
438	14	7679	7679	0.193012
438	15	13	13	3.62396e-05
438	16	50256	50256	0
439	5	24240	4881	5.24978
439	6	318	318	0.377174
439	7	257	257	1.19044
439	8	8234	8234	1.59438
439	9	772	772	0.334797
439	10	996	996	0.455878
439	11	340	340	0.550497
439	12	318	318	0.130445
439	13	8811	2081	1.42972
439	14	973	355	1.38782
439	15	355	287	1.22597
439	16	257	257	0.0665398
439	17	20236	20236	0.180483
439	18	13	13	0
439	19	50256	50256	0
440	5	286	286	0.0291214
440	6	734	734	0.803191
440	7	13043	13043	0.465895
440	8	11	11	0.0381927
440	9	1690	1690	0.918996
440	10	5399	517	1.93546
440	11	1978	5951	1.68087
440	12	13	13	0
440	13	50256	50256	0
441	5	42085	42085	2.35011
441	6	2138	2138	0.123838
441	7	621	621	0.00802994
441	8	2641	15921	3.58392
441	9	262	262	0.0110493
441	10	3096	3096	1.99168
441	11	338	338	0.0842018
441	12	24438	24438	0.666168
441	13	13	13	0
441	14	50256	50256	0.000495911
442	5	9530	9530	2.26682
442	6	5866	5866	0.301857
442	7	11	11	0.0485306
442	8	318	318	0.716204
442	9	2520	2520	0.662004
442	10	4969	4969	0.299774
442	11	338	338	0.0609913
442	12	3139	3139	0.831621
442	13	13	13	0.00200653
442	14	50256	50256	7.62939e-06
443	5	21031	21031	0.162317
443	6	15974	15974	0.143091
443	7	351	351	0.0408115
443	8	511	511	0.0432415
443	9	16976	16976	1.82305
443	10	2166	2166	0.270061
443	11	7405	7405	0.488985
443	12	13	13	3.8147e-06
443	13	50256	50256	3.8147e-06
444	5	422	422	0.00787544
444	6	530	530	0.131721
444	7	3303	3303	0.188377
444	8	656	656	0.0213757
444	9	1194	1194	1.21283
444	10	10552	10552	0.0722809
444	11	13	13	0
444	12	50256	50256	3.8147e-06
445	5	262	262	0.0109062
445	6	717	717	2.3027
445	7	290	290	0.116421
445	8	2368	2368	1.91776
445	9	13620	13620	0.535099
445	10	286	286	0.0781574
445	11	262	262	0.155958
445	12	25572	25572	1.33968
445	13	6772	6772	0.317276
445	14	13	13	5.53131e-05
445	15	50256	50256	0.000511169
446	5	9052	9052	0.755
446	6	460	460	0.0154457
446	7	21155	21155	0.235235
446	8	257	257	0.0341167
446	9	15004	15004	0.44897
446	10	13	13	0.00773811
446	11	50256	50256	6.86646e-05
447	5	286	286	0.00865936
447	6	18064	18064	0.707544
447	7	24969	24969	0.334338
447	8	803	803	0.388733
447	9	5186	5186	0.139986
447	10	290	290	0.0867481
447	11	14091	3624	1.69468
447	12	7032	7032	0.207012
447	13	13	13	0.00129318
447	14	50256	50256	0
448	5	17456	17456	0.595183
448	6	338	338	0.0619259
448	7	3139	3139	0.407056
448	8	11	11	0.0618191
448	9	1474	1474	0.12619
448	10	262	262	0.0735378
448	11	843	843	0.684572
448	12	274	274	0.249582
448	13	21124	21124	0.396019
448	14	13	13	0.00122643
448	15	50256	50256	3.05176e-05
449	5	49810	49810	0.514316
449	6	5788	5788	0.612217
449	7	3025	3025	0.187608
449	8	26741	26741	0.20742
449	9	460	460	0.0743847
449	10	1656	1656	0.64022
449	11	355	355	0.139614
449	12	7987	7987	0.148991
449	13	38980	38980	0.167561
449	14	37783	37783	0.247374
449	15	13	13	0.0200882
449	16	50256	50256	0
450	5	31685	31685	0.615792
450	6	82	82	0.382301
450	7	1588	1194	2.36169
450	8	12	12	0.192528
450	9	9888	9888	0.792098
450	10	3867	3867	0.356434
450	11	1633	1633	0.60205
450	12	284	284	0.192406
450	13	262	262	0.0255547
450	14	826	826	0.543336
450	15	287	287	0.162146
450	16	262	262	0.000808716
450	17	8342	8342	0.551464
450	18	42811	42811	0.0611877
450	19	13	13	0
450	20	50256	50256	7.62939e-06
451	5	530	530	0.378494
451	6	3470	11904	1.81972
451	7	7370	7370	0.305977
451	8	34186	34186	1.46191
451	9	739	739	0.177288
451	10	530	511	1.55435
451	11	8137	3470	4.15141
451	12	286	286	0.333172
451	13	3833	3833	0.91421
451	14	13	13	0
451	15	50256	50256	0
452	5	262	262	0.0541344
452	6	886	4571	2.50867
452	7	286	286	0.0486488
452	8	257	257	0.359756
452	9	1277	1588	4.19302
452	10	3194	3194	0.222165
452	11	1808	1808	0.321897
452	12	287	287	0.0637341
452	13	3594	3594	0.608075
452	14	13	13	1.90735e-05
452	15	50256	50256	3.8147e-06
453	5	17556	17556	1.19551
453	6	287	287	0.103209
453	7	663	663	0.0918293
453	8	4735	4735	1.01204
453	9	1296	1296	0.663722
453	10	13	13	0.00868225
453	11	50256	50256	0
454	5	402	402	0.411127
454	6	5350	5350	0.342515
454	7	318	318	0.0805531
454	8	636	636	0.811134
454	9	286	286	0.00185204
454	10	262	262	0.0189533
454	11	4025	734	2.44826
454	12	8882	8882	0.285076
454	13	397	397	0.247229
454	14	9869	9869	0.504822
454	15	1045	1045	0.912009
454	16	13	13	2.47955e-05
454	17	50256	50256	7.62939e-06
455	5	2033	2033	1.33929
455	6	286	286	0.00710678
455	7	26306	867	2.98306
455	8	37056	37056	0.258545
455	9	287	287	0.0632305
455	10	32085	32085	0.421185
455	11	729	729	0.206477
455	12	13	13	0.000988007
455	13	50256	50256	0
456	5	712	712	0.200701
456	6	39781	39781	0.0897007
456	7	2630	2630	0.126165
456	8	262	262	0.0385532
456	9	5337	5337	1.01642
456	10	2094	2094	0.131821
456	11	2264	2264	0.0548553
456	12	844	844	0.115189
456	13	1258	1258	0.0415058
456	14	13	13	0.00455856
456	15	50256	50256	7.62939e-06
457	5	411	411	0.223364
457	6	15695	15695	0.214491
457	7	78	78	0.543826
457	8	1724	1724	0.237648
457	9	284	284	0.0416069
457	10	1716	1716	0.187956
457	11	11835	11835	0.128052
457	12	27089	27089	0.0502434
457	13	13	13	0.00031662
457	14	50256	50256	0.000110626
458	5	14520	14520	0.195067
458	6	318	318	0.0427017
458	7	663	663	0.0461349
458	8	25317	25317	0.234522
458	9	13	13	0.0124054
458	10	50256	50256	3.8147e-06
459	5	1180	1180	0.301027
459	6	13204	13204	0.604747
459	7	5107	5107	0.285057
459	8	286	286	6.29425e-05
459	9	262	262	0.0110626
459	10	5002	5002	1.94604
459	11	6588	6588	0.587337
459	12	13	13	0.00911903
459	13	50256	50256	1.52588e-05
460	5	17465	17465	0.22584
460	6	15225	15225	0.0835724
460	7	857	857	0.0255051
460	8	407	407	0.0251141
460	9	6338	6338	0.192822
460	10	11169	11169	0.199549
460	11	3703	3703	0.306898
460	12	326	326	0.123194
460	13	373	373	0.155985
460	14	1239	1239	0.409119
460	15	6264	6264	0.144634
460	16	13	13	0.0041256
460	17	50256	50256	0
461	5	525	525	1.3882
461	6	907	907	0.345114
461	7	11	11	0.276426
461	8	308	308	1.39209
461	9	676	676	0.395449
461	10	2188	2188	0.240126
461	11	7150	7150	0.26704
461	12	14999	14999	0.273483
461	13	511	511	0.075285
461	14	5667	308	3.1461
461	15	1123	1123	0.173363
461	16	23608	23608	0.964223
461	17	13	13	0
461	18	50256	50256	0
462	5	12748	12748	1.37719
462	6	7463	7463	0.594445
462	7	5563	5563	0.933059
462	8	423	423	1.0359
462	9	6702	6702	1.87579
462	10	262	262	0.14921
462	11	976	976	0.818357
462	12	20309	20309	0.530974
462	13	618	618	0.274967
462	14	1633	1633	0.448328
462	15	6625	6625	0.913249
462	16	318	318	0.2055
462	17	36480	36480	0.256721
462	18	13	13	0.000337601
462	19	50256	50256	0.0082016
463	5	511	511	0.196543
463	6	11904	11904	1.21026
463	7	287	287	0.0398579
463	8	47314	47314	0.774529
463	9	2138	2138	0.084528
463	10	621	621	0.104107
463	11	15921	15921	0.839961
463	12	13	13	0.00166893
463	13	50256	50256	0
464	5	530	530	0.158302
464	6	7319	7319	0.120707
464	7	10700	10700	0.193747
464	8	13	13	0.00789642
464	9	50256	50256	0
465	5	3372	3372	0.212704
465	6	14644	14644	0.146269
465	7	2291	2291	0.150316
465	8	4263	4263	0.852635
465	9	286	286	0.191301
465	10	14260	14260	0.987438
465	11	290	290	0.05299
465	12	40317	40317	0.117537
465	13	13	13	0
465	14	50256	50256	3.8147e-06
466	5	6795	6795	0.0238533
466	6	287	287	0.0346394
466	7	14174	14174	0.36584
466	8	6650	6650	0.0352192
466	9	13	13	0.000389099
466	10	50256	50256	0
467	5	13179	13179	0.321446
467	6	656	656	0.125387
467	7	6268	6268	2.02563
467	8	1863	1863	0.620495
467	9	663	663	0.0240021
467	10	16488	16488	0.426979
467	11	13	13	0
467	12	50256	50256	1.14441e-05
468	5	257	257	0.000347137
468	6	5664	5664	0.0288525
468	7	13	13	0
468	8	50256	50256	1.14441e-05
469	5	2727	2727	0.0998516
469	6	262	262	0.0194664
469	7	19812	19812	0.518156
469	8	3240	3240	0.0310192
469	9	286	286	0.0206833
469	10	4100	4100	0.340055
469	11	22311	22311	0.0469761
469	12	13	13	0.000972748
469	13	50256	50256	0.0103416
470	5	4486	4486	0.280111
470	6	878	878	0.255638
470	7	8978	8978	0.120268
470	8	262	262	0.0302448
470	9	2258	2258	0.701347
470	10	6896	6896	0.254196
470	11	13	13	0.00053978
470	12	50256	50256	0.000461578
471	5	286	286	0.0910969
471	6	7446	9518	3.01415
471	7	3917	3917	0.228911
471	8	351	351	0.0366306
471	9	15568	15568	1.10907
471	10	287	287	0.109127
471	11	304	304	0.590843
471	12	2724	2724	0.134579
471	13	560	560	0.252801
471	14	6210	6210	0.921108
471	15	4778	4778	0.23208
471	16	13	13	3.8147e-06
471	17	50256	50256	0
472	5	16839	16839	1.53915
472	6	326	326	0.116356
472	7	460	460	0.297054
472	8	1011	1011	0.417636
472	9	530	530	0.378525
472	10	286	286	0.0769043
472	11	734	734	0.472937
472	12	3815	3815	0.360526
472	13	13	13	0.00183868
472	14	50256	50256	0.000205994
473	5	656	656	0.0495338
473	6	734	734	0.604678
473	7	4778	4778	0.123787
473	8	13	13	0.0130997
473	9	50256	50256	0
474	5	17065	17065	0.261745
474	6	355	355	0.0713654
474	7	13701	13701	0.885914
474	8	389	389	0.128399
474	9	7525	7525	0.521049
474	10	12835	12835	0.305359
474	11	336	336	0.685751
474	12	23833	23833	0.633761
474	13	13	13	0.00181961
474	14	50256	50256	0
475	5	284	284	0.0380459
475	6	262	262	0.00463104
475	7	4571	3139	4.59548
475	8	286	286	0.0468578
475	9	3668	3668	0.808867
475	10	338	338	0.0137196
475	11	5093	5093	0.629699
475	12	5724	5724	0.539669
475	13	864	864	0.351902
475	14	16488	16488	0.405592
475	15	13	13	0
475	16	50256	50256	0
476	5	10183	10183	0.0798035
476	6	2258	2258	0.150642
476	7	2253	2253	0.0605488
476	8	13	13	0.000530243
476	9	50256	50256	6.48499e-05
477	5	402	402	0.340872
477	6	23638	23638	0.322979
477	7	21001	21001	0.416381
477	8	257	257	0.0236931
477	9	1692	1692	1.48897
477	10	1182	1182	0.529251
477	11	351	351	0.140566
477	12	257	257	0.00479317
477	13	18744	1692	2.47504
477	14	338	338	0.0219059
477	15	1767	1767	0.620911
477	16	13	13	0.000980377
477	17	50256	50256	0.00188065
478	5	257	257	0.0562305
478	6	26041	26041	1.09176
478	7	30971	30971	0.101572
478	8	2524	2524	0.207794
478	9	319	319	0.1147
478	10	262	262	0.0429802
478	11	575	575	0.668558
478	12	1229	1229	0.112822
478	13	39036	39036	0.210581
478	14	24078	24078	0.153267
478	15	13	13	0.000188828
478	16	50256	50256	0
479	5	4729	4729	0.21443
479	6	530	530	0.275557
479	7	1194	1194	0.591452
479	8	287	287	0.0935879
479	9	281	281	0.136033
479	10	22088	22088	1.29284
479	11	291	291	0.189135
479	12	4735	4735	1.03008
479	13	13	13	0.005867
479	14	50256	50256	0
480	5	355	355	0.0415478
480	6	262	262	0.0468884
480	7	3139	3139	0.462335
480	8	1748	1748	0.18565
480	9	286	286	0.0909882
480	10	16490	16490	0.190451
480	11	13	13	0
480	12	50256	50256	0
481	5	290	290	0.0065403
481	6	6140	6140	0.158567
481	7	262	262	0.00190163
481	8	44639	44639	0.268348
481	9	286	286	0.00228691
481	10	39515	39515	0.114408
481	11	13	13	0
481	12	50256	50256	0
482	5	262	262	0.0348396
482	6	2656	37185	2.92638
482	7	1366	1366	0.838096
482	8	284	284	0.0777683
482	9	307	307	0.938838
482	10	49594	49594	0.304094
482	11	3446	3446	1.29163
482	12	13	13	0.00658417
482	13	50256	50256	0
483	5	1317	1317	1.89808
483	6	379	379	0.163925
483	7	262	262	0.00225067
483	8	3726	3726	1.31202
483	9	286	286	0.0164223
483	10	257	257	0.445107
483	11	3194	3194	1.68485
483	12	1808	1808	0.349314
483	13	13	13	0.00759315
483	14	50256	50256	0.000125885
484	5	2678	2678	0.253068
484	6	11	11	0.0607681
484	7	1390	1390	0.456753
484	8	14679	14679	0.23461
484	9	290	290	0.00511932
484	10	17322	17322	0.568186
484	11	13	13	0.00445747
484	12	50256	50256	0
485	5	290	290	0.0411606
485	6	5594	5594	0.444212
485	7	284	284	0.00845909
485	8	262	262	0.00951576
485	9	610	610	0.690963
485	10	620	620	0.0280914
485	11	77	77	0.11108
485	12	2340	2340	0.0909519
485	13	13	13	3.8147e-06
485	14	50256	50256	1.52588e-05
486	5	38967	38967	0.487382
486	6	5911	5911	0.195057
486	7	257	257	0.0206223
486	8	2524	2524	1.31161
486	9	338	338	0.0363121
486	10	9574	9574	1.09028
486	11	286	286	0.0123997
486	12	13755	13755	0.0996723
486	13	13	13	0
486	14	50256	50256	3.8147e-06
487	5	3146	3146	0.276262
487	6	13	13	0.00031662
487	7	50256	50256	0
488	5	3407	3407	0.442776
488	6	6285	6285	0.164762
488	7	6637	6637	0.105127
488	8	3170	3170	0.0905514
488	9	1141	1141	0.279856
488	10	1180	1180	0.718187
488	11	37860	37860	0.345392
488	12	459	459	0.137419
488	13	444	444	0.112595
488	14	13	13	0.010025
488	15	50256	50256	3.8147e-06
489	5	11	11	0.00102043
489	6	981	981	0.0729084
489	7	257	257	0.187111
489	8	2116	2385	3.11394
489	9	12	12	0.0931931
489	10	634	634	0.847527
489	11	12907	12907	0.349731
489	12	6870	6870	0.140821
489	13	262	262	0.0438557
489	14	6802	6802	1.79322
489	15	13	13	0.00551224
489	16	50256	50256	0
490	5	287	287	0.0522842
490	6	2882	2882	1.12762
490	7	284	284	0.0842667
490	8	13522	13522	0.128589
490	9	13	13	0.0134392
490	10	50256	50256	0
491	5	3139	3139	0.245974
491	6	11	11	0.0871773
491	7	319	319	0.0535202
491	8	262	262	0.0007267
491	9	12108	12108	0.168638
491	10	286	286	0.00771141
491	11	22777	22777	0.249689
491	12	13	13	5.72205e-05
491	13	50256	50256	3.8147e-06
492	5	24907	24907	0.573792
492	6	416	416	0.034193
492	7	31094	31094	0.634224
492	8	28471	28471	0.1703
492	9	13	13	0.00069809
492	10	50256	50256	0.000175476
493	5	7446	7446	1.51707
493	6	7000	7000	0.262318
493	7	8513	8513	0.366047
493	8	1321	1321	0.414998
493	9	13	13	0.000862122
493	10	50256	50256	3.43323e-05
494	5	284	284	0.00827217
494	6	3197	3197	0.282463
494	7	21181	21181	0.18609
494	8	832	832	0.0154381
494	9	23607	23607	0.304112
494	10	13	13	0.00147629
494	11	50256	50256	0
495	5	20394	20394	0.164553
495	6	7572	7572	0.246367
495	7	290	290	0.203903
495	8	987	987	0.971968
495	9	48331	48331	0.0340672
495	10	15268	15268	0.331901
495	11	13	13	0
495	12	50256	50256	3.8147e-06
496	5	1973	1973	0.0214958
496	6	2031	2031	0.117285
496	7	1141	1141	0.3034
496	8	262	262	0.00952721
496	9	1440	976	1.7414
496	10	20283	20283	0.253435
496	11	4289	4289	0.125536
496	12	13	13	0.000705719
496	13	50256	50256	0
497	5	2057	2057	0.0422001
497	6	1863	1863	0.175707
497	7	262	262	0.00657272
497	8	34616	34616	0.317318
497	9	14998	14998	0.0929222
497	10	13	13	1.52588e-05
497	11	50256	50256	5.72205e-05
498	5	878	878	0.0840645
498	6	5033	5033	0.106968
498	7	8539	8539	0.225454
498	8	276	276	0.280783
498	9	6490	6490	0.0773754
498	10	13	13	0.00263977
498	11	50256	50256	0
499	5	18355	18355	0.302446
499	6	12135	12135	0.229019
499	7	15114	15114	1.66577
499	8	355	355	0.074894
499	9	2208	2208	0.277306
499	10	24494	24494	0.18795
499	11	276	276	0.246351
499	12	1660	1660	0.529888
499	13	44389	44389	0.647009
499	14	4291	4291	0.29118
499	15	4771	4771	0.890957
499	16	13166	13	1.43799
499	17	13	13	0.000888824
499	18	50256	50256	0
500	5	379	379	0.129255
500	6	543	543	0.299154
500	7	2647	2647	0.545431
500	8	318	318	0.0467491
500	9	6157	6157	0.316512
500	10	13	13	0.00087738
500	11	50256	50256	0
501	5	5440	5440	0.187182
501	6	3917	3917	0.210112
501	7	351	351	0.186213
501	8	262	262	0.0145435
501	9	509	509	0.503734
501	10	9019	9019	0.197191
501	11	525	525	0.422557
501	12	16734	16734	0.138937
501	13	13	13	9.15527e-05
501	14	50256	50256	0
502	5	262	262	0.0833549
502	6	2297	2297	0.474448
502	7	6896	6896	0.34697
502	8	290	290	0.00409317
502	9	262	262	0.0309086
502	10	22035	22035	0.433938
502	11	12108	12108	0.319654
502	12	13	13	0.00238037
502	13	50256	50256	9.91821e-05
503	5	16968	5400	2.34846
503	6	1660	1660	0.283159
503	7	2641	2641	0.221758
503	8	606	606	0.905855
503	9	12188	12188	0.213619
503	10	6751	6751	0.0675831
503	11	3833	3833	0.618458
503	12	13	13	0
503	13	50256	50256	0
504	5	22037	22037	0.530708
504	6	13100	13100	0.60088
504	7	284	284	0.0462151
504	8	1440	1440	0.39084
504	9	19651	19651	0.289455
504	10	6588	6588	0.0982895
504	11	23235	23235	0.216183
504	12	13	13	0
504	13	50256	50256	0.000263214
505	5	18391	18391	0.345254
505	6	4778	4778	0.0961304
505	7	284	284	0.0573997
505	8	1296	1296	0.281485
505	9	257	257	0.0703983
505	10	649	649	0.243896
505	11	1976	1976	0.199539
505	12	35641	35641	0.155582
505	13	1258	1258	0.0955811
505	14	13	13	7.24792e-05
505	15	50256	50256	0
506	5	625	625	0.00570679
506	6	37294	37294	0.283752
506	7	5207	5207	0.125502
506	8	13	13	0.00012207
506	9	50256	50256	0
507	5	284	284	0.00696945
507	6	12405	12405	0.605003
507	7	290	290	0.00243187
507	8	18510	18510	0.116642
507	9	50126	50126	0.154652
507	10	1366	1366	0.595358
507	11	13	13	0
507	12	50256	50256	8.01086e-05
508	5	1022	1022	0.0535202
508	6	290	290	0.0759239
508	7	1088	1088	1.14721
508	8	262	262	0.0278072
508	9	14189	14189	0.866585
508	10	2442	2442	0.273825
508	11	290	290	0.0347137
508	12	47441	47441	0.197025
508	13	9700	9700	0.0887756
508	14	18180	18180	0.563847
508	15	13	13	3.8147e-06
508	16	50256	50256	8.01086e-05
509	5	11	11	0.0664921
509	6	981	981	0.412409
509	7	4530	9824	3.11382
509	8	286	286	0.0922356
509	9	262	262	0.0059185
509	10	976	1440	2.49251
509	11	1051	1051	0.587554
509	12	1128	1128	0.384117
509	13	417	417	0.216795
509	14	13	13	0.0155296
509	15	50256	50256	7.62939e-06
510	5	12	12	0.0449734
510	6	2385	2385	1.01681
510	7	863	863	0.161257
510	8	2712	2712	0.147454
510	9	4116	4116	0.166658
510	10	4909	4909	0.104919
510	11	1440	1440	0.882721
510	12	14803	14803	0.149662
510	13	13	13	0.00220299
510	14	50256	50256	3.8147e-06
511	5	257	257	0.0127239
511	6	14091	14091	0.532792
511	7	2214	2214	0.120724
511	8	13	13	0
511	9	50256	50256	1.52588e-05
512	5	3188	2060	4.30378
512	6	393	393	0.088213
512	7	4067	4067	0.603998
512	8	284	284	0.0396385
512	9	1194	1194	0.846073
512	10	8271	8271	0.233306
512	11	393	393	0.0389996
512	12	4067	4067	0.210108
512	13	13	13	6.48499e-05
512	14	50256	50256	7.62939e-06
513	5	4695	4695	0.222923
513	6	287	287	0.250544
513	7	16976	16976	1.05163
513	8	11	11	0.102312
513	9	18086	18086	0.273589
513	10	12	12	0.00715065
513	11	16760	16760	0.371347
513	12	5667	5667	0.223337
513	13	13	13	0.00142288
513	14	50256	50256	0
514	5	319	319	0.0160866
514	6	2869	2869	0.206993
514	7	338	338	0.0351906
514	8	7022	7022	0.546909
514	9	286	286	0.0141487
514	10	367	367	0.19823
514	11	684	684	1.46048
514	12	13415	13415	0.317274
514	13	13	13	0.0291977
514	14	50256	50256	3.8147e-06
515	5	8122	8122	1.52292
515	6	656	656	0.0558167
515	7	257	257	0.0510788
515	8	3623	8064	5.31585
515	9	379	379	0.21054
515	10	663	663	0.381357
515	11	4417	717	2.64915
515	12	13	13	0
515	13	50256	50256	0
516	5	416	416	0.0908375
516	6	38797	38797	0.352612
516	7	278	278	0.052927
516	8	7545	7545	0.58509
516	9	351	351	0.172499
516	10	300	300	0.795181
516	11	12009	12009	0.11939
516	12	7408	7408	0.438286
516	13	11492	11492	0.16658
516	14	13	13	3.8147e-06
516	15	50256	50256	0.000106812
517	5	287	287	0.129021
517	6	7408	7408	1.58082
517	7	414	414	1.52388
517	8	618	618	0.160988
517	9	1402	1402	0.363732
517	10	6867	6867	0.389896
517	11	286	286	0.0823231
517	12	7408	734	4.42425
517	13	393	393	0.202396
517	14	2779	2779	2.03003
517	15	389	389	0.111319
517	16	2087	2087	1.1188
517	17	13	13	0.0181274
517	18	50256	50256	3.8147e-06
518	5	5107	5107	1.28101
518	6	286	286	0.0108318
518	7	3194	3194	0.303638
518	8	3435	3435	0.29851
518	9	355	355	0.0170174
518	10	281	281	0.00973701
518	11	1242	1242	0.176286
518	12	13	13	0.00174141
518	13	50256	50256	0
519	5	3017	3017	0.107628
519	6	465	465	0.0611877
519	7	898	898	0.440471
519	8	35674	35674	0.211271
519	9	287	287	0.0222301
519	10	10123	10123	0.656341
519	11	6065	6065	0.140194
519	12	24252	24252	0.0655041
519	13	13	13	3.8147e-05
519	14	50256	50256	0
520	5	7421	7421	0.424586
520	6	286	286	0.0703487
520	7	3878	383	2.38926
520	8	5491	5491	0.214451
520	9	13	13	0.00126266
520	10	50256	50256	0
521	5	44771	44771	0.0579948
521	6	262	262	0.00315094
521	7	27806	449	1.24075
521	8	286	286	0.0388718
521	9	262	262	0.00888634
521	10	449	449	0.62344
521	11	544	544	0.321985
521	12	1641	1641	0.242598
521	13	13	13	0
521	14	50256	50256	0.000190735
522	5	28721	28721	0.505024
522	6	287	287	0.0607643
522	7	8850	8850	0.101501
522	8	1103	6588	1.96104
522	9	34768	34768	0.268668
522	10	13	13	0.0172005
522	11	50256	50256	0.000320435
523	5	286	286	0.0128899
523	6	10183	10183	0.218199
523	7	2520	2520	0.264488
523	8	2253	2253	0.0668831
523	9	13	13	0.000259399
523	10	50256	50256	0.000545502
524	5	31555	7330	5.28854
524	6	262	262	0.0993652
524	7	4434	4434	1.19449
524	8	323	323	0.510593
524	9	24078	24078	0.88146
524	10	422	422	0.093092
524	11	5060	5060	0.763306
524	12	26066	26066	0.0395584
524	13	13	13	0.00118256
524	14	50256	50256	0
525	5	468	468	0.00658798
525	6	37516	37516	0.0438919
525	7	12	12	0.0107117
525	8	26022	26022	0.195776
525	9	8251	8251	0.0440636
525	10	13	13	0.0051384
525	11	50256	50256	0.00012207
526	5	262	262	0.0115719
526	6	40829	40829	0.348571
526	7	31643	31643	0.0804768
526	8	4886	4886	0.0940342
526	9	32726	32726	0.206606
526	10	28192	28192	0.235611
526	11	17745	17745	0.190908
526	12	13	13	1.14441e-05
526	13	50256	50256	1.90735e-05
527	5	416	416	0.258007
527	6	262	262	0.105059
527	7	29973	29973	1.44532
527	8	3048	3048	0.598845
527	9	286	286	0.134859
527	10	262	262	0.0115166
527	11	6869	6869	1.88176
527	12	290	290	0.020277
527	13	262	262	0.0114403
527	14	3825	6869	4.44828
527	15	13	13	0
527	16	50256	50256	0
528	5	2587	2587	0.302364
528	6	422	422	0.107243
528	7	7815	7815	0.598723
528	8	284	284	0.170513
528	9	36717	36717	0.766256
528	10	257	257	0.026968
528	11	3785	3785	1.65072
528	12	13	13	0.0107441
528	13	50256	50256	0
529	5	2568	2568	0.0940161
529	6	832	832	0.242727
529	7	12213	18411	2.25321
529	8	1626	1626	0.151152
529	9	2300	2300	0.68772
529	10	1231	1231	0.125225
529	11	11963	11963	0.701853
529	12	2587	2587	0.0419941
529	13	5202	5202	0.183941
529	14	13	13	8.39233e-05
529	15	50256	50256	7.62939e-06
530	5	11904	11904	1.18655
530	6	1043	1043	0.703827
530	7	2641	329	1.83072
530	8	262	262	0.0812206
530	9	6891	6891	1.51634
530	10	4618	4618	0.302338
530	11	338	338	0.13031
530	12	15921	15921	0.28014
530	13	13	13	0.000522614
530	14	50256	50256	0
531	5	4833	4833	0.152925
531	6	37446	37446	0.406674
531	7	11	11	0.0669308
531	8	1123	1123	0.597536
531	9	351	584	5.05669
531	10	5093	5093	0.896981
531	11	290	290	0.0649948
531	12	5366	5366	1.67703
531	13	24971	24971	0.127979
531	14	13	13	0.000232697
531	15	50256	50256	7.62939e-06
532	5	5688	5688	0.183485
532	6	416	416	0.173044
532	7	262	262	0.0297756
532	8	7492	7492	0.389614
532	9	5866	5866	0.0302315
532	10	13	13	3.8147e-06
532	11	50256	50256	0.000602722
533	5	511	511	0.0614643
533	6	2057	2057	0.710125
533	7	7525	7525	0.270941
533	8	416	416	0.0537815
533	9	6600	6600	0.506275
533	10	4618	4618	0.181578
533	11	2587	2587	0.0454483
533	12	13	13	0
533	13	50256	50256	0
534	5	656	656	0.040823
534	6	262	262	0.0085144
534	7	2619	12097	4.71119
534	8	6896	6896	0.847589
534	9	832	832	0.185377
534	10	257	257	0.223278
534	11	1588	1588	1.40114
534	12	25979	25979	0.405761
534	13	13	13	0.036684
534	14	50256	50256	3.8147e-06
535	5	663	663	0.0872364
535	6	8574	8574	0.720331
535	7	10154	10154	0.245936
535	8	618	618	0.0838928
535	9	1176	1176	0.156556
535	10	318	318	0.0528851
535	11	4615	4615	0.285095
535	12	13	13	6.48499e-05
535	13	50256	50256	0.000152588
536	5	3696	3696	1.23308
536	6	625	625	0.0706997
536	7	640	640	0.821656
536	8	13	13	0.015522
536	9	50256	50256	0
537	5	41898	41898	0.359562
537	6	11	11	0.00822449
537	7	15677	15677	0.44553
537	8	82	82	0.121859
537	9	262	262	0.014122
537	10	1556	1556	0.666954
537	11	2838	2838	0.196508
537	12	286	286	0.0142174
537	13	262	262	0.0422382
537	14	17467	17467	0.556439
537	15	385	385	0.416355
537	16	5866	5866	0.417669
537	17	13	13	0.00418091
537	18	50256	50256	0.0011673
538	5	21079	21079	0.0254898
538	6	262	262	0.000587463
538	7	3085	3085	0.394257
538	8	1627	1627	0.100397
538	9	8686	8686	0.107485
538	10	284	284	0.00287628
538	11	262	262	0.0128689
538	12	3465	3465	0.434378
538	13	402	402	0.210878
538	14	13	13	0.000671387
538	15	50256	50256	3.43323e-05
539	5	29509	29509	0.196339
539	6	263	263	0.129869
539	7	621	621	0.032383
539	8	5814	5814	0.559758
539	9	32085	32085	0.213757
539	10	729	729	0.172634
539	11	286	286	0.0278702
539	12	262	262	0.099226
539	13	976	3825	3.55938
539	14	3664	3664	0.992762
539	15	6269	6269	0.509074
539	16	379	379	0.0991154
539	17	7226	281	2.09648
539	18	9151	9151	1.05547
539	19	10101	10101	0.0851574
539	20	13	13	0.00250053
539	21	50256	50256	7.62939e-06
540	5	1022	1022	0.500617
540	6	6632	6632	1.31604
540	7	290	290	0.0902729
540	8	530	530	0.3415
540	9	11	11	0.023674
540	10	19889	19889	0.72786
540	11	13	13	0.0129242
540	12	50256	50256	0.00309753
541	5	1262	1262	0.13949
541	6	257	257	0.00826645
541	7	2060	2060	0.612196
541	8	302	302	0.432169
541	9	276	276	0.570742
541	10	13	13	0.00118256
541	11	50256	50256	1.14441e-05
542	5	11470	11470	1.0621
542	6	7370	7370	0.296106
542	7	393	393	0.196058
542	8	734	734	0.386893
542	9	31028	31028	0.44339
542	10	2511	2511	0.266891
542	11	1547	1547	0.0504875
542	12	13	13	0.00144958
542	13	50256	50256	2.67029e-05
543	5	3436	3436	0.201401
543	6	857	857	0.137629
543	7	407	407	0.0245476
543	8	10385	10385	1.18157
543	9	262	262	0.138851
543	10	1366	1271	4.32161
543	11	8574	8574	0.677824
543	12	2641	2641	0.521687
543	13	340	340	0.268396
543	14	13	13	0.0453186
543	15	50256	50256	0.000125885
544	5	987	987	0.0883789
544	6	48331	48331	0.077179
544	7	23607	23607	0.283456
544	8	286	286	0.0303478
544	9	21181	21181	0.123236
544	10	13	13	0
544	11	50256	50256	0
545	5	290	290	0.00874901
545	6	11298	11298	0.31917
545	7	4133	4133	0.180174
545	8	884	884	0.271081
545	9	355	355	0.0226154
545	10	11532	11532	0.178605
545	11	4963	4963	0.0334129
545	12	13	13	1.90735e-05
545	13	50256	50256	0
546	5	287	287	0.000427246
546	6	257	257	0.00037384
546	7	16430	16430	0.547565
546	8	13	13	7.24792e-05
546	9	50256	50256	0
547	5	11408	11408	0.750004
547	6	787	787	0.128302
547	7	10469	10469	1.14695
547	8	2300	2300	0.868095
547	9	422	422	0.216827
547	10	287	416	1.51924
547	11	36617	36617	0.345005
547	12	4237	4237	0.175728
547	13	13	13	3.8147e-06
547	14	50256	50256	1.14441e-05
548	5	38985	38985	0.0702171
548	6	636	636	0.103004
548	7	286	286	0.0375919
548	8	7840	7840	0.399551
548	9	17456	17456	0.283924
548	10	13	13	0.00253487
548	11	50256	50256	0.00187683
549	5	6268	6268	0.120411
549	6	656	656	0.0687885
549	7	18411	18411	0.740772
549	8	2568	2568	0.22209
549	9	13	13	0
549	10	50256	50256	0
550	5	734	281	2.0072
550	6	318	318	0.177004
550	7	262	262	0.000274658
550	8	691	7009	5.87427
550	9	772	772	0.20998
550	10	530	530	0.300587
550	11	13	13	7.62939e-06
550	12	50256	50256	3.8147e-06
551	5	262	262	0.0125618
551	6	3934	976	2.8337
551	7	16395	16395	0.267437
551	8	15989	15989	0.234749
551	9	3812	3812	0.144491
551	10	663	663	0.158871
551	11	6971	6971	1.42371
551	12	8384	8384	0.374781
551	13	832	832	0.0675373
551	14	19794	19794	0.428864
551	15	13	13	0.000444412
551	16	50256	50256	0
552	5	262	262	0.0191708
552	6	3139	3139	0.29086
552	7	1748	1748	0.164678
552	8	286	286	0.0363808
552	9	27026	27026	0.327134
552	10	287	287	0.0417576
552	11	2520	2520	0.283813
552	12	7229	7229	0.173449
552	13	13	13	0.000156403
552	14	50256	50256	0
553	5	37989	37989	0.566427
553	6	7370	7370	0.397428
553	7	13	13	0.000110626
553	8	50256	50256	0
554	5	14422	14422	0.0566349
554	6	286	286	0.00420761
554	7	36683	36683	0.447987
554	8	571	571	0.220346
554	9	10304	10304	0.505337
554	10	547	547	0.374325
554	11	23470	23470	0.687046
554	12	656	656	0.111803
554	13	7815	7815	0.609669
554	14	287	287	0.000217438
554	15	31592	31592	0.425826
554	16	13	13	0.00178146
554	17	50256	50256	0
555	5	2753	2753	0.231499
555	6	1295	1295	0.511561
555	7	1973	1973	0.0982933
555	8	262	262	0.00385284
555	9	7714	7714	0.817858
555	10	286	286	0.010601
555	11	7009	867	2.77041
555	12	435	435	0.270336
555	13	303	303	0.149199
555	14	11106	11106	0.0506668
555	15	13	13	0.00345993
555	16	50256	50256	3.05176e-05
556	5	2939	2939	0.705729
556	6	19794	19794	0.181408
556	7	290	290	0.000835419
556	8	13902	13902	0.646279
556	9	13	13	0.00238419
556	10	50256	50256	0
557	5	4263	4263	0.0943985
557	6	422	422	0.093996
557	7	867	867	0.0626907
557	8	1402	1402	0.153227
557	9	22969	22969	0.10581
557	10	286	286	0.00147438
557	11	3124	3124	0.359116
557	12	13	13	1.52588e-05
557	13	50256	50256	0
558	5	3923	3923	0.1665
558	6	287	287	0.121843
558	7	262	262	0.0296059
558	8	5739	5739	0.781936
558	9	8689	8689	0.331627
558	10	286	286	0.0104256
558	11	1881	1881	0.30555
558	12	39255	39255	0.17734
558	13	290	290	0.025629
558	14	1881	1881	0.331181
558	15	27760	27760	0.0466633
558	16	13	13	1.90735e-05
558	17	50256	50256	3.8147e-06
559	5	286	286	0.000320435
559	6	20296	20296	0.473321
559	7	326	326	0.0702
559	8	5615	5615	0.343124
559	9	287	287	0.0209332
559	10	262	262	0.00123215
559	11	41917	41917	1.11454
559	12	1613	1613	0.399681
559	13	13	13	0.00353813
559	14	50256	50256	0.000202179
560	5	15170	15170	0.0682583
560	6	2577	2577	0.198317
560	7	8477	8477	0.348741
560	8	257	257	0.0572548
560	9	3350	3350	0.945986
560	10	8272	8272	0.165834
560	11	338	338	0.0819454
560	12	1204	1204	0.944114
560	13	319	319	0.0511074
560	14	281	281	0.0338726
560	15	7022	7022	0.263969
560	16	13	13	5.72205e-06
560	17	50256	50256	7.62939e-06
561	5	3825	3825	1.96542
561	6	1656	1656	0.41395
561	7	284	284	0.0310516
561	8	1445	1445	0.443923
561	9	1973	1973	0.671019
561	10	262	262	0.114828
561	11	6766	3825	2.22794
561	12	1123	1123	0.100424
561	13	1110	4417	1.95262
561	14	13	13	0.000154495
561	15	50256	50256	0
562	5	262	262	0.015377
562	6	15189	15189	1.90148
562	7	3634	3634	0.147007
562	8	4279	4279	0.403218
562	9	11	11	0.160322
562	10	340	340	1.15573
562	11	1276	1276	0.80445
562	12	7719	7719	0.396301
562	13	284	284	0.0496006
562	14	257	257	0.0771332
562	15	16599	4633	3.53878
562	16	11	11	0.0243664
562	17	10929	10929	0.980711
562	18	11	11	0.0794468
562	19	24233	24233	0.903485
562	20	11	11	0.0714302
562	21	393	393	0.074892
562	22	22062	22062	0.133259
562	23	13	13	0.00400352
562	24	50256	50256	0.000152588
563	5	2420	2420	0.418964
563	6	2915	2915	0.234416
563	7	13676	13676	0.352835
563	8	1088	1088	0.147923
563	9	15985	15985	0.146866
563	10	11904	11904	0.313116
563	11	13	13	0.000961304
563	12	50256	50256	0
564	5	389	389	0.0291405
564	6	3706	3706	0.280856
564	7	13548	13548	0.316145
564	8	418	418	0.168089
564	9	11	11	0.0644646
564	10	350	350	0.289627
564	11	1506	1506	0.141672
564	12	418	418	0.0817699
564	13	11	11	0.00437927
564	14	290	290	0.0249138
564	15	39026	39026	0.547997
564	16	271	271	0.273509
564	17	13	13	0.00718689
564	18	50256	50256	0
565	5	6156	6156	0.107731
565	6	9088	9088	0.0539169
565	7	286	286	5.72205e-05
565	8	24726	24726	0.571032
565	9	13399	13399	0.115643
565	10	13	13	3.8147e-06
565	11	50256	50256	7.62939e-06
566	5	1402	1402	0.0894089
566	6	11904	11904	0.681608
566	7	326	326	0.233814
566	8	3092	3092	1.11446
566	9	257	257	0.156948
566	10	8904	8904	1.05681
566	11	8574	8574	0.18321
566	12	2057	2057	0.128521
566	13	5127	5127	0.125114
566	14	13	13	0.000902176
566	15	50256	50256	0
567	5	2904	2904	0.326881
567	6	2087	2087	0.220835
567	7	2378	2378	0.592125
567	8	717	8122	3.18292
567	9	13	13	1.14441e-05
567	10	50256	50256	0
568	5	1717	1717	0.279539
568	6	6327	6327	0.208775
568	7	360	360	0.116491
568	8	39781	39781	0.0621223
568	9	262	262	0.00616264
568	10	20281	20281	1.2299
568	11	286	286	0.0281334
568	12	383	383	0.491966
568	13	2764	2764	0.207693
568	14	286	286	0.00154305
568	15	22489	22489	0.149904
568	16	24568	24568	0.108763
568	17	78	78	0.0996571
568	18	13	13	0.00618935
568	19	50256	50256	1.14441e-05
569	5	287	287	0.1534
569	6	2292	2292	2.56785
569	7	981	981	0.327486
569	8	257	257	0.177473
569	9	9664	8150	2.65254
569	10	318	318	0.294682
569	11	36932	36932	0.560404
569	12	13	13	0
569	13	50256	50256	0
570	5	516	516	0.139086
570	6	15113	15113	0.125374
570	7	4635	4635	0.290647
570	8	355	355	0.0452976
570	9	257	257	0.0877991
570	10	19999	48862	2.13275
570	11	1868	1868	0.514112
570	12	14170	14170	0.210085
570	13	281	281	0.0607491
570	14	8137	8137	0.697281
570	15	13	13	0
570	16	50256	50256	0
571	5	262	262	0.100952
571	6	6869	976	3.31864
571	7	318	318	0.27809
571	8	6697	1660	3.19065
571	9	262	262	0.156164
571	10	3825	3825	0.715175
571	11	287	287	0.912558
571	12	3668	3668	0.939264
571	13	338	338	0.0161419
571	14	6766	6766	1.06218
571	15	13	13	0.0035305
571	16	50256	50256	3.8147e-06
572	5	355	355	0.0306892
572	6	262	262	0.00094986
572	7	3139	3139	0.340891
572	8	286	286	0.00239754
572	9	262	262	0.0170898
572	10	45772	45772	0.428093
572	11	8065	8065	0.0377922
572	12	13	13	0
572	13	50256	50256	0.000137329
573	5	832	832	0.0818939
573	6	3668	3668	1.15726
573	7	338	338	0.00982285
573	8	8137	45656	2.49309
573	9	290	290	0.00445938
573	10	12229	12229	0.858997
573	11	262	262	0.0149002
573	12	2323	8211	3.96292
573	13	318	318	0.0996017
573	14	1444	1444	0.0814247
573	15	257	257	0.187201
573	16	19999	19999	2.35921
573	17	578	578	0.602917
573	18	13	13	0.000337601
573	19	50256	50256	1.14441e-05
574	5	660	660	0.103271
574	6	318	318	0.0132637
574	7	3917	3917	0.113342
574	8	351	351	0.0660114
574	9	262	262	0.00160217
574	10	1855	1855	0.809011
574	11	24611	24611	0.118017
574	12	14355	14355	0.0621395
574	13	13	13	3.43323e-05
574	14	50256	50256	0
575	5	2967	2967	0.163551
575	6	656	656	0.0387955
575	7	10601	10601	0.912254
575	8	329	329	0.150913
575	9	8509	8509	0.849739
575	10	290	290	0.0290356
575	11	584	584	0.223911
575	12	9013	9013	0.0917206
575	13	13	13	0.000377655
575	14	50256	50256	0.000133514
576	5	14768	14768	1.67358
576	6	319	319	1.05858
576	7	24438	24438	0.822577
576	8	286	286	0.0473976
576	9	262	262	0.0264683
576	10	976	3139	2.77505
576	11	3124	3124	0.896671
576	12	3690	3690	0.355648
576	13	8850	8850	0.0762844
576	14	6100	6100	0.293695
576	15	13	13	3.8147e-06
576	16	50256	50256	7.62939e-06
577	5	3794	3794	0.71909
577	6	284	284	0.0970612
577	7	262	262	0.023735
577	8	5366	5366	1.19689
577	9	290	290	0.036129
577	10	2807	5093	1.86424
577	11	284	284	0.187654
577	12	262	262	0.0574493
577	13	5093	5093	0.756292
577	14	13	13	4.19617e-05
577	15	50256	50256	3.8147e-06
578	5	6727	6727	1.67787
578	6	4417	4417	0.635956
578	7	286	286	0.0653248
578	8	262	262	0.0112267
578	9	24725	24725	0.847269
578	10	34573	555	1.98649
578	11	6516	6516	0.490085
578	12	287	287	0.0859737
578	13	281	281	0.271868
578	14	555	555	1.33012
578	15	10414	10414	0.19942
578	16	1389	1389	0.218319
578	17	14839	14839	0.21604
578	18	7087	7087	0.217367
578	19	13	13	3.8147e-06
578	20	50256	50256	0
579	5	257	257	0.0668011
579	6	9629	9629	2.45334
579	7	286	286	0.076107
579	8	987	987	0.587861
579	9	86	86	0.368217
579	10	16206	16206	0.456736
579	11	4618	4618	0.143603
579	12	26742	26742	0.339253
579	13	13	13	0.0203819
579	14	50256	50256	0
580	5	286	286	0.00304222
580	6	4930	4930	1.03148
580	7	20830	20830	0.0925007
580	8	287	287	0.0127926
580	9	3576	3576	0.353656
580	10	290	290	0.0204697
580	11	6342	6342	1.57872
580	12	13	13	3.8147e-06
580	13	50256	50256	3.8147e-06
581	5	16524	16524	0.590054
581	6	284	284	0.120806
581	7	1180	1180	0.957998
581	8	10530	10530	0.417662
581	9	22421	22421	0.242316
581	10	416	416	0.351765
581	11	5609	5609	1.26547
581	12	262	262	0.0724201
581	13	12097	10596	2.88285
581	14	286	286	0.0300159
581	15	511	511	0.264162
581	16	13026	13026	0.721806
581	17	16600	16600	0.093153
581	18	13	13	0.00146294
581	19	50256	50256	0
582	5	21270	21270	0.492951
582	6	287	287	0.00361252
582	7	11228	11228	0.395489
582	8	2057	2057	0.0952835
582	9	13	13	0.000810623
582	10	50256	50256	0
583	5	9215	9215	0.405941
583	6	17359	17359	0.220114
583	7	284	284	0.00380898
583	8	1296	1296	0.438807
583	9	9215	9215	0.165515
583	10	13	13	0.00259399
583	11	50256	50256	0
584	5	4492	4492	0.537742
584	6	422	422	0.117815
584	7	7840	7840	0.82525
584	8	4881	4881	0.758127
584	9	13	13	0.00212479
584	10	50256	50256	0
585	5	276	276	0.191603
585	6	287	287	0.0217247
585	7	281	281	0.036377
585	8	11557	11557	0.276772
585	9	1080	1080	0.141605
585	10	13	13	0.0050621
585	11	50256	50256	7.62939e-06
586	5	8771	8771	0.691501
586	6	800	800	0.184401
586	7	3369	3369	0.266964
586	8	2346	2346	0.376471
586	9	11	11	0.00896645
586	10	3264	3264	1.0464
586	11	393	393	0.25725
586	12	20762	20762	0.373425
586	13	13	13	1.90735e-05
586	14	50256	50256	1.14441e-05
587	5	10087	10087	0.597286
587	6	422	422	0.113749
587	7	477	477	0.316351
587	8	584	584	0.744938
587	9	2877	2877	1.17188
587	10	4695	4695	0.152666
587	11	13	13	0.0270233
587	12	50256	50256	0
588	5	925	925	0.406375
588	6	422	422	0.278959
588	7	262	262	0.0587025
588	8	279	8434	3.36982
588	9	342	342	0.519508
588	10	286	286	0.067997
588	11	262	262	0.057579
588	12	20461	3825	1.95699
588	13	21180	21180	0.38526
588	14	4618	4618	0.200694
588	15	13	13	0.00230598
588	16	50256	50256	3.05176e-05
589	5	11	11	0.153194
589	6	1663	543	3.42514
589	7	379	379	1.03592
589	8	5417	5417	2.20749
589	9	11	11	0.589828
589	10	290	290	0.0114136
589	11	1441	1441	2.34773
589	12	284	284	0.0405407
589	13	40941	787	1.48653
589	14	284	284	0.0558681
589	15	22919	22919	0.289536
589	16	13	13	2.28882e-05
589	17	50256	50256	7.62939e-06
590	5	11	11	0.091814
590	6	14104	14104	0.382483
590	7	13015	13015	0.652556
590	8	11	11	0.00128746
590	9	290	290	0.147625
590	10	3624	3624	0.63156
590	11	9421	9421	0.452585
590	12	1063	1063	0.0993404
590	13	13	13	0
590	14	50256	50256	0
591	5	29289	29289	0.156431
591	6	8435	8435	0.286282
591	7	973	973	0.0730591
591	8	284	284	0.0882607
591	9	5163	5163	0.950647
591	10	3992	3992	0.0739117
591	11	4133	4133	0.150791
591	12	13	13	0.000112534
591	13	50256	50256	0
592	5	9016	9016	0.284607
592	6	4731	4731	0.292567
592	7	318	318	0.0823689
592	8	2793	3218	2.0691
592	9	287	287	0.0723896
592	10	7078	5667	2.44339
592	11	621	621	0.0647335
592	12	262	262	0.0271282
592	13	38283	38283	1.76236
592	14	338	338	0.0430012
592	15	6678	6678	0.769232
592	16	9016	9016	0.339352
592	17	4731	4731	0.206741
592	18	13	13	0.0206089
592	19	50256	50256	1.14441e-05
593	5	4635	4635	0.160515
593	6	416	416	0.101658
593	7	23147	23147	0.851654
593	8	44030	44030	0.141283
593	9	6147	6147	0.359453
593	10	656	656	0.0474358
593	11	285	285	0.332741
593	12	10119	10119	0.0943623
593	13	13	13	0
593	14	50256	50256	0
594	5	7363	7363	0.309915
594	6	284	284	0.357302
594	7	262	262	0.0670948
594	8	7627	7627	0.588216
594	9	286	286	0.000982285
594	10	22779	22779	0.419704
594	11	7229	7229	0.205696
594	12	13	13	0
594	13	50256	50256	0
595	5	262	262	0.000362396
595	6	13589	13589	0.873268
595	7	284	284	0.00671005
595	8	262	262	0.00323486
595	9	11384	11384	0.864313
595	10	832	832	0.0749664
595	11	262	262	0.000217438
595	12	1658	1658	0.454706
595	13	2522	2522	0.0998974
595	14	31111	31111	0.0585155
595	15	13	13	7.62939e-06
595	16	50256	50256	7.62939e-06
596	5	8630	8630	0.18649
596	6	287	287	0.0221653
596	7	2658	2658	0.0893574
596	8	417	417	0.192369
596	9	292	292	0.131109
596	10	287	287	0.032196
596	11	262	262	0.0313244
596	12	25861	2010	1.96125
596	13	1080	1080	0.185942
596	14	13	13	0.000627518
596	15	50256	50256	6.48499e-05
597	5	11881	11881	0.317075
597	6	1364	1364	0.213005
597	7	422	422	0.17717
597	8	262	262	0.122822
597	9	1903	1903	0.31192
597	10	3024	3024	0.171907
597	11	6881	6881	0.0728703
597	12	13	13	0.00238228
597	13	50256	50256	0.000694275
598	5	20435	20435	0.0991344
598	6	3356	3356	0.28886
598	7	290	290	0.0356712
598	8	5529	5529	0.47577
598	9	5236	5236	0.109755
598	10	13	13	0.000816345
598	11	50256	50256	3.8147e-06
599	5	416	416	0.0635967
599	6	37228	37228	0.306736
599	7	7888	7888	0.112282
599	8	11685	11685	0.189737
599	9	286	286	0.000862122
599	10	4898	4898	0.698797
599	11	11	11	0.235403
599	12	3221	3221	0.798385
599	13	351	351	0.0743065
599	14	39623	39623	0.169004
599	15	13020	13020	0.154482
599	16	11678	11678	0.16703
599	17	13	13	0
599	18	50256	50256	0.00276947
600	5	13055	13055	0.145498
600	6	1660	1660	0.400337
600	7	300	300	0.148537
600	8	3922	3922	0.414134
600	9	287	287	0.0619392
600	10	465	465	0.121672
600	11	11376	11376	0.642658
600	12	379	379	0.0908165
600	13	8118	8118	0.274828
600	14	933	933	0.20177
600	15	88	88	0.0758209
600	16	13	13	0.000131607
600	17	50256	50256	0
601	5	422	422	0.0977421
601	6	257	257	0.436981
601	7	4417	4417	0.85488
601	8	736	736	0.504763
601	9	3812	3812	0.111288
601	10	257	257	0.064703
601	11	24783	8122	2.44973
601	12	13	13	0
601	13	50256	50256	7.62939e-06
602	5	257	257	0.0387802
602	6	18778	18778	0.960854
602	7	14688	14688	0.291755
602	8	680	680	0.156307
602	9	12	12	0.114632
602	10	43745	43745	1.56896
602	11	19634	19634	0.308297
602	12	287	287	0.0314445
602	13	281	281	0.327858
602	14	12278	12278	0.672179
602	15	17655	17655	0.28742
602	16	13	13	0.00137901
602	17	50256	50256	0
603	5	3794	3794	0.672655
603	6	3994	3994	0.168484
603	7	20838	20838	1.40623
603	8	21641	21641	0.20495
603	9	290	290	0.0287819
603	10	42645	42645	0.237453
603	11	13	13	0.00018692
603	12	50256	50256	0
604	5	11	11	0.0127335
604	6	14354	14354	0.353077
604	7	11	11	0.0113564
604	8	290	290	0.0839424
604	9	7572	7572	0.214559
604	10	286	286	0.0198574
604	11	3292	3292	0.146322
604	12	13	13	0.00189018
604	13	50256	50256	0.000469208
605	5	379	3881	3.66101
605	6	7496	7496	0.681666
605	7	290	290	0.0424862
605	8	734	734	1.17607
605	9	7435	7435	0.490955
605	10	1173	1173	0.208813
605	11	829	829	0.155973
605	12	13	13	0.0137463
605	13	50256	50256	0.0159569
606	5	290	290	0.192194
606	6	26306	26306	1.15884
606	7	21622	21622	0.29167
606	8	422	422	0.132727
606	9	262	262	0.000225067
606	10	9260	1402	4.20879
606	11	13	13	0.00185394
606	12	50256	50256	0
607	5	326	326	0.133602
607	6	8833	8833	0.889979
607	7	351	287	1.34835
607	8	262	262	0.000558853
607	9	6000	309	2.84006
607	10	8373	8373	0.525368
607	11	287	287	0.183262
607	12	257	257	0.162979
607	13	27039	27039	0.704965
607	14	13	13	0.0157394
607	15	50256	50256	3.8147e-06
608	5	7043	1729	3.28114
608	6	316	316	0.182505
608	7	787	787	0.162169
608	8	2647	2647	0.673473
608	9	287	287	0.0757332
608	10	257	257	0.00543404
608	11	1448	1448	0.899588
608	12	286	286	0.0878582
608	13	734	734	0.993433
608	14	13	13	0.0119247
608	15	50256	50256	3.8147e-06
609	5	510	510	0.436242
609	6	15455	15455	0.540856
609	7	1231	1231	0.0856247
609	8	5609	3608	2.44114
609	9	262	262	0.028656
609	10	1321	640	3.78558
609	11	852	852	0.251387
609	12	42517	42517	0.337421
609	13	798	798	0.1091
609	14	13	13	0.00166702
609	15	50256	50256	0
610	5	13055	13055	0.0334244
610	6	383	383	0.325924
610	7	2907	2907	0.0932541
610	8	563	563	0.184586
610	9	5265	5265	0.203438
610	10	287	287	0.0135307
610	11	49545	49545	0.16654
610	12	13	13	0.000473022
610	13	50256	50256	0
611	5	1239	1239	0.166748
611	6	11073	11073	0.475935
611	7	257	257	0.0293655
611	8	4633	4633	1.41998
611	9	1255	1255	0.478004
611	10	13	13	1.52588e-05
611	11	50256	50256	1.90735e-05
612	5	2630	2630	0.145248
612	6	3923	3923	0.17424
612	7	326	326	0.177839
612	8	7301	7301	0.737265
612	9	41553	41553	0.23849
612	10	82	82	0.0849733
612	11	11	11	0.0700226
612	12	37174	37174	0.399948
612	13	11	11	0.039362
612	14	290	290	0.00646591
612	15	5369	5369	0.366264
612	16	13	13	0
612	17	50256	50256	6.10352e-05
613	5	546	546	0.169069
613	6	262	262	0.0289898
613	7	20175	20175	0.332449
613	8	43989	43989	0.0997448
613	9	290	290	0.0254784
613	10	38201	38201	0.114943
613	11	13	13	0.000492096
613	12	50256	50256	3.8147e-05
614	5	9518	9518	0.77347
614	6	5667	5667	0.524619
614	7	2138	2138	0.0768948
614	8	621	621	0.0503025
614	9	8850	8850	0.302708
614	10	13737	13737	0.574764
614	11	13	13	0.00087738
614	12	50256	50256	0
615	5	416	416	0.035799
615	6	27259	27259	0.428433
615	7	7545	7545	0.151496
615	8	656	656	0.263929
615	9	1090	1090	0.409039
615	10	9310	9310	0.282473
615	11	290	290	0.0166187
615	12	483	483	0.738909
615	13	88	88	0.461948
615	14	13	13	0.00585365
615	15	50256	50256	0
616	5	1633	976	4.8876
616	6	5721	5721	1.31461
616	7	12611	12611	1.12203
616	8	803	803	0.495565
616	9	416	416	0.0439186
616	10	41719	41719	1.10132
616	11	511	511	0.0572338
616	12	11914	4417	2.81315
616	13	656	656	0.137392
616	14	257	257	0.000776291
616	15	5422	4417	3.20413
616	16	12239	12239	0.435472
616	17	13	13	0
616	18	50256	50256	5.72205e-05
617	5	19418	19418	0.214268
617	6	36578	36578	0.0668125
617	7	351	351	0.00991058
617	8	6496	6496	0.064249
617	9	8188	8188	0.0369415
617	10	13	13	0.00172424
617	11	50256	50256	3.8147e-06
618	5	355	355	0.0201416
618	6	257	257	0.262403
618	7	1271	1271	1.09445
618	8	286	286	0.0265198
618	9	3470	3470	0.430639
618	10	9998	9998	0.360483
618	11	13	13	0.00196457
618	12	50256	50256	0
619	5	284	284	0.0146809
619	6	3283	3283	0.327652
619	7	12967	12967	0.104034
619	8	902	902	0.14333
619	9	1973	1973	0.030859
619	10	257	257	0.0285473
619	11	4417	4417	0.257163
619	12	13	13	7.62939e-06
619	13	50256	50256	0.000133514
620	5	4905	4756	1.86958
620	6	286	286	0.0269642
620	7	281	281	0.239603
620	8	15835	15835	0.71924
620	9	393	393	0.0305462
620	10	875	875	0.334017
620	11	13168	13168	0.333033
620	12	11862	11862	0.17832
620	13	13	13	0
620	14	50256	50256	3.8147e-06
621	5	338	338	0.0188618
621	6	1810	1810	0.17695
621	7	290	290	0.040123
621	8	12689	12689	0.398467
621	9	3407	3407	0.138569
621	10	262	262	0.0162144
621	11	14332	14332	0.141088
621	12	2305	2305	0.123362
621	13	9229	9229	0.115709
621	14	11796	11796	0.09622
621	15	286	286	0.00571823
621	16	3284	3284	0.101381
621	17	13	13	0.0203667
621	18	50256	50256	6.10352e-05
622	5	3650	3650	0.785412
622	6	12278	12278	0.404741
622	7	2568	2568	0.194963
622	8	832	832	0.0532703
622	9	48287	48287	0.38047
622	10	5931	5931	0.211678
622	11	12737	12737	0.580354
622	12	13	13	0.000461578
622	13	50256	50256	0
623	5	4143	4143	0.426913
623	6	2173	2173	0.717222
623	7	1497	1497	0.401089
623	8	422	422	0.100964
623	9	262	262	0.00499344
623	10	3825	3825	0.689957
623	11	13	13	0.145981
623	12	50256	50256	0
624	5	290	290	0.00460815
624	6	6754	6754	0.735364
624	7	2478	2478	0.150055
624	8	286	286	0.0706577
624	9	2456	4898	1.51645
624	10	13	13	0.00396156
624	11	50256	50256	0.0017662
625	5	3033	3033	0.0845242
625	6	262	262	0.0302658
625	7	26997	26997	0.448854
625	8	2677	2677	0.141037
625	9	11	11	0.115627
625	10	3825	3825	0.419773
625	11	370	370	0.566216
625	12	46654	46654	0.105785
625	13	13	13	0
625	14	50256	50256	0
626	5	3139	3139	0.66046
626	6	373	373	0.211964
626	7	327	327	1.35631
626	8	385	385	0.728647
626	9	1073	1073	0.49819
626	10	11	11	0.157505
626	11	287	287	0.125196
626	12	1944	1944	0.393267
626	13	12	12	0.149469
626	14	820	820	0.367159
626	15	25768	25768	0.555754
626	16	13	13	0.000171661
626	17	50256	50256	1.52588e-05
627	5	5403	5403	0.917698
627	6	663	663	0.0992184
627	7	16874	16874	0.303321
627	8	13	13	0
627	9	50256	50256	3.8147e-06
628	5	2583	2583	0.234823
628	6	4778	4778	0.317293
628	7	284	284	0.0567589
628	8	4439	4439	0.305815
628	9	649	649	0.239826
628	10	9471	9471	0.176041
628	11	13166	13166	0.0608196
628	12	13	13	0.0166759
628	13	50256	50256	0
629	5	2568	2568	0.152561
629	6	832	832	0.119375
629	7	6565	6565	0.522071
629	8	2272	2272	0.470278
629	9	13	13	1.90735e-05
629	10	50256	50256	0.00793839
630	5	3519	3519	0.083374
630	6	1035	1035	0.167557
630	7	24370	24370	0.345996
630	8	287	287	0.0472355
630	9	13550	13550	0.130081
630	10	34619	34619	0.102051
630	11	746	746	0.169456
630	12	291	291	0.170984
630	13	11	11	0.0845566
630	14	1897	1897	0.573911
630	15	6210	6210	0.336143
630	16	11	11	0.139378
630	17	290	290	0.10733
630	18	8312	8312	0.139938
630	19	14750	14750	0.0861111
630	20	13	13	2.28882e-05
630	21	50256	50256	1.14441e-05
631	5	329	329	0.108593
631	6	663	663	0.104494
631	7	1913	1913	0.532662
631	8	8508	8508	0.135502
631	9	290	290	0.0116138
631	10	27892	27892	0.246893
631	11	35988	35988	0.299241
631	12	11222	11222	1.51445
631	13	13	13	0
631	14	50256	50256	0.000858307
632	5	329	329	0.148197
632	6	18120	18120	1.00495
632	7	257	257	0.184971
632	8	1917	1917	0.766967
632	9	393	393	0.0480556
632	10	9489	9489	0.20805
632	11	257	257	0.0697231
632	12	4876	4876	0.409971
632	13	13	13	0.00239563
632	14	50256	50256	0
633	5	422	422	0.0259018
633	6	15756	15756	0.324615
633	7	5597	5597	0.142241
633	8	422	422	0.0162449
633	9	13686	13686	0.318937
633	10	49235	49235	0.072794
633	11	13	13	0
633	12	50256	50256	0
634	5	34371	34371	0.209072
634	6	16578	16578	0.252943
634	7	283	283	0.232214
634	8	3815	3815	0.14743
634	9	1262	1262	0.267267
634	10	16311	16311	0.569456
634	11	286	286	0.0234165
634	12	530	530	0.402695
634	13	284	284	0.101017
634	14	1440	1440	0.617414
634	15	9881	9881	0.358208
634	16	13	13	0.00379181
634	17	50256	50256	0
635	5	2458	2458	0.228975
635	6	257	257	0.0274181
635	7	6769	6769	1.58358
635	8	338	338	0.0409451
635	9	6515	1755	3.28728
635	10	8373	8373	0.21767
635	11	618	618	0.0834618
635	12	2723	2723	1.18496
635	13	290	290	0.0434551
635	14	22890	22890	1.36428
635	15	1445	1445	0.196905
635	16	3585	3585	0.19337
635	17	284	284	0.0384693
635	18	1123	1123	0.180573
635	19	584	584	0.909161
635	20	13	13	9.72748e-05
635	21	50256	50256	0
636	5	8372	8372	0.824483
636	6	3354	3354	0.386734
636	7	286	286	1.52588e-05
636	8	16519	16519	0.334267
636	9	290	290	0.0123501
636	10	17456	17456	1.72438
636	11	13	13	0.0189228
636	12	50256	50256	0.00613785
637	5	21767	21767	0.998926
637	6	262	262	0.0270844
637	7	1271	1271	1.81362
637	8	286	286	0.0623074
637	9	1237	1237	2.13934
637	10	684	684	0.20015
637	11	287	287	0.176283
637	12	663	663	0.108299
637	13	29984	29984	1.07544
637	14	13	13	0.0265617
637	15	50256	50256	0.00018692
638	5	5563	5563	0.195085
638	6	832	832	0.0394802
638	7	41630	41630	0.126381
638	8	38445	38445	0.101168
638	9	5107	5107	0.204252
638	10	13	13	7.62939e-05
638	11	50256	50256	0
639	5	14921	14921	0.313833
639	6	5563	5563	0.343277
639	7	884	884	0.858483
639	8	355	355	0.120029
639	9	8234	8234	1.79066
639	10	11	11	0.245161
639	11	12734	12734	0.583282
639	12	11	11	0.156717
639	13	393	393	0.0734482
639	14	14891	14891	0.209616
639	15	13	13	0.000263214
639	16	50256	50256	0
640	5	7997	7997	0.376957
640	6	416	416	0.0379372
640	7	257	257	0.0346451
640	8	10706	10706	0.171783
640	9	286	286	0.00710487
640	10	17848	17848	0.0930347
640	11	13	13	0.00776291
640	12	50256	50256	5.72205e-05
641	5	281	281	0.071907
641	6	4457	4457	0.269926
641	7	29877	29877	0.0578613
641	8	2858	2858	0.0631905
641	9	11	11	0.0168514
641	10	407	407	0.0474606
641	11	257	257	0.0364323
641	12	2818	2818	0.166803
641	13	17076	17076	0.0865116
641	14	13	13	0.000675201
641	15	50256	50256	3.8147e-06
642	5	3194	3194	1.36143
642	6	355	355	0.373457
642	7	257	257	0.0338249
642	8	8064	3074	2.8453
642	9	286	286	0.101686
642	10	734	734	1.09917
642	11	37014	37014	0.592684
642	12	13	13	0.000165939
642	13	50256	50256	5.72205e-05
643	5	2107	2107	1.45459
643	6	290	290	0.0687675
643	7	1663	1663	2.34561
643	8	329	329	0.177814
643	9	517	517	0.593148
643	10	621	621	0.125359
643	11	734	1660	1.70381
643	12	812	812	0.240093
643	13	13	13	0.0113525
643	14	50256	50256	0
644	5	3139	3139	0.209901
644	6	286	286	0.000581741
644	7	16952	16952	0.281713
644	8	287	287	0.00348091
644	9	21199	21199	0.0554886
644	10	7229	7229	0.0164642
644	11	13	13	0.00124168
644	12	50256	50256	0
645	5	4847	4847	2.14098
645	6	832	832	0.122673
645	7	10288	10288	1.17046
645	8	284	284	0.105478
645	9	584	584	0.165354
645	10	4847	4847	0.589311
645	11	13	13	3.8147e-06
645	12	50256	50256	0
646	5	10050	10050	0.266803
646	6	2568	2568	0.395206
646	7	284	284	0.0522976
646	8	663	663	0.0384579
646	9	21334	21334	0.0914173
646	10	13	13	0
646	11	50256	50256	7.62939e-06
647	5	48135	48135	0.939507
647	6	286	286	0.00719452
647	7	262	262	0.00977898
647	8	11188	11188	1.20299
647	9	3967	3967	0.390253
647	10	1176	1176	0.13781
647	11	286	286	0.000547409
647	12	257	257	0.0473404
647	13	1729	14153	3.28489
647	14	22570	22570	0.197399
647	15	1271	1271	0.187504
647	16	13	13	0
647	17	50256	50256	3.8147e-06
648	5	262	262	0.0227432
648	6	3085	3085	0.443745
648	7	1627	1627	0.0787048
648	8	8686	8686	0.0741901
648	9	284	284	0.0134296
648	10	262	262	0.0349331
648	11	3465	3465	0.425478
648	12	376	376	0.223391
648	13	13	13	0.00337601
648	14	50256	50256	2.67029e-05
649	5	1499	1499	0.620445
649	6	287	287	0.0188656
649	7	262	262	0.0358772
649	8	7840	7840	0.416639
649	9	18020	18020	0.494883
649	10	13	13	0.0057888
649	11	50256	50256	0
650	5	4469	8211	2.66264
650	6	286	286	0.0518913
650	7	26467	26467	0.555984
650	8	385	385	0.17732
650	9	1872	1872	0.45862
650	10	338	338	0.02985
650	11	3878	3878	0.770498
650	12	17084	17084	0.165066
650	13	13	13	0.00388527
650	14	50256	50256	0
651	5	2846	2846	0.801403
651	6	286	286	0.0248547
651	7	1223	1223	0.458206
651	8	2073	2073	0.275753
651	9	1231	1231	0.0663624
651	10	10616	10616	0.362154
651	11	257	257	0.0228119
651	12	18875	18875	1.04169
651	13	5369	5369	0.0970459
651	14	13	13	7.62939e-06
651	15	50256	50256	0.000354767
652	5	77	77	0.316444
652	6	2340	2340	0.13207
652	7	326	326	0.118328
652	8	3745	3745	1.02343
652	9	319	319	0.235802
652	10	262	262	0.0338058
652	11	2910	2910	1.15204
652	12	286	286	0.0510406
652	13	11453	11453	0.167141
652	14	13	13	1.33514e-05
652	15	50256	50256	0
653	5	1602	1602	0.214588
653	6	14796	14796	0.383089
653	7	22950	22950	1.04041
653	8	423	423	0.080595
653	9	262	262	0.000293732
653	10	976	976	0.801826
653	11	4129	6134	1.24583
653	12	13	13	0
653	13	50256	50256	0
654	5	6268	6268	0.173425
654	6	4073	4073	0.292387
654	7	416	416	0.0426655
654	8	29781	29781	0.759783
654	9	290	290	0.0330162
654	10	584	584	0.229518
654	11	38622	38622	0.204393
654	12	13	13	0
654	13	50256	50256	0
655	5	635	635	1.97701
655	6	8811	8811	1.1684
655	7	1900	1900	0.346979
655	8	355	355	0.216768
655	9	5482	5482	1.11941
655	10	3820	3820	0.117416
655	11	10872	10872	0.136282
655	12	16567	16567	0.097229
655	13	13	13	0.00742722
655	14	50256	50256	0
656	5	5405	5405	0.0980434
656	6	416	416	0.0360432
656	7	28472	28472	2.05673
656	8	803	803	0.26911
656	9	340	340	0.146191
656	10	351	351	0.212343
656	11	1633	1660	2.66357
656	12	13	13	0.000572205
656	13	50256	50256	0
657	5	4756	976	1.65831
657	6	832	832	0.0841503
657	7	543	543	0.398061
657	8	1657	1657	0.122541
657	9	14170	14170	0.175348
657	10	262	262	0.0109062
657	11	18480	18480	1.16805
657	12	1080	1080	0.146635
657	13	13	13	0.000188828
657	14	50256	50256	0
658	5	4855	4855	0.0825596
658	6	14510	14510	0.388037
658	7	287	287	0.0899925
658	8	6156	6156	0.11164
658	9	6365	6365	1.33482
658	10	13	13	0.00749779
658	11	50256	50256	0
659	5	423	423	0.658623
659	6	257	257	0.946553
659	7	2060	19999	5.91067
659	8	269	269	0.998061
659	9	313	313	0.787834
659	10	88	88	0.706714
659	11	992	992	1.03676
659	12	261	261	0.256144
659	13	13	13	1.90735e-06
659	14	50256	50256	3.8147e-06
660	5	2280	2280	0.0407524
660	6	393	393	0.0630379
660	7	15256	15256	0.133337
660	8	2280	2280	0.189388
660	9	618	618	0.0143185
660	10	484	484	0.275627
660	11	21721	21721	0.202831
660	12	13	13	0.00146103
660	13	50256	50256	0.00018692
661	5	12	12	0.0188198
661	6	13982	13982	1.66994
661	7	21824	21824	0.313967
661	8	5421	5421	0.795049
661	9	1978	1978	0.253285
661	10	656	656	0.0687923
661	11	3881	3881	1.53959
661	12	13	13	0.0439835
661	13	50256	50256	0
662	5	46716	46716	0.563094
662	6	1805	1805	0.072258
662	7	262	262	0.0283298
662	8	517	517	1.49221
662	9	19217	19217	0.200845
662	10	12098	12098	0.145557
662	11	11061	11061	0.0640717
662	12	606	606	0.336835
662	13	13	13	0.00060463
662	14	50256	50256	0.00212479
663	5	37475	37475	0.254303
663	6	11	11	0.0411243
663	7	284	284	0.0546856
663	8	5643	5643	0.437069
663	9	11	11	0.0164623
663	10	3664	3664	0.39643
663	11	321	321	0.398317
663	12	45070	45070	0.467682
663	13	11	11	0.0795918
663	14	290	290	0.0450211
663	15	23849	23849	0.614308
663	16	2339	2339	0.326994
663	17	1275	1275	0.285469
663	18	721	721	0.164183
663	19	346	346	0.286671
663	20	1547	1547	0.131519
663	21	13	13	0.00498581
663	22	50256	50256	1.14441e-05
664	5	3624	3624	2.37417
664	6	5101	5101	0.423779
664	7	284	284	0.124893
664	8	7301	7301	1.40706
664	9	290	290	0.052742
664	10	5412	5412	1.46067
664	11	5563	5563	0.235474
664	12	13	13	0.00789261
664	13	50256	50256	0
665	5	262	262	0.0142441
665	6	10596	10596	1.22095
665	7	10692	10692	0.227171
665	8	832	832	0.100285
665	9	262	262	0.0240898
665	10	41407	41407	0.518246
665	11	286	286	0.0430241
665	12	47403	47403	0.123119
665	13	13	13	0
665	14	50256	50256	8.39233e-05
666	5	42096	42096	0.258095
666	6	379	379	0.0437565
666	7	262	262	0.00629997
666	8	18955	18955	2.27486
666	9	393	393	0.0491714
666	10	22088	22088	0.865589
666	11	291	291	0.182283
666	12	1241	1241	0.406945
666	13	13	13	0.000337601
666	14	50256	50256	3.8147e-06
667	5	5563	5563	0.235037
667	6	416	416	0.202877
667	7	13157	13157	1.96633
667	8	517	517	1.52452
667	9	1657	1657	1.16517
667	10	621	621	0.417915
667	11	262	262	0.207016
667	12	555	555	1.75197
667	13	64	64	0.264677
667	14	1384	1384	0.209164
667	15	4151	4151	0.261368
667	16	13	13	0.0196114
667	17	50256	50256	0
668	5	284	284	0.0565948
668	6	8181	8181	0.758719
668	7	422	422	0.0312843
668	8	5509	11904	1.7326
668	9	13737	13737	0.237331
668	10	13	13	0.000421524
668	11	50256	50256	0
669	5	2753	2753	0.0966969
669	6	1295	1295	0.286288
669	7	8384	8384	0.353837
669	8	319	319	0.347004
669	9	281	281	0.0762081
669	10	7022	7022	0.152548
669	11	13	13	0.00543785
669	12	50256	50256	0
670	5	16524	16524	0.372657
670	6	13510	13510	0.322956
670	7	9210	9210	0.171677
670	8	326	326	0.0451889
670	9	389	389	0.52644
670	10	7425	7425	0.268652
670	11	351	351	0.0939999
670	12	6428	6428	0.425344
670	13	5289	5289	0.148476
670	14	13	13	0
670	15	50256	50256	0
671	5	7596	7596	0.0505753
671	6	4791	4791	0.120319
671	7	591	591	0.164747
671	8	7346	7346	0.291668
671	9	257	257	0.0163708
671	10	1327	1327	0.582602
671	11	8434	8434	0.144226
671	12	7582	7582	0.176184
671	13	13	13	0.000137329
671	14	50256	50256	1.14441e-05
672	5	2291	2291	0.109943
672	6	24789	24789	0.211948
672	7	47523	47523	0.0456982
672	8	290	290	0.0110264
672	9	14186	14186	0.897576
672	10	6147	6147	0.141867
672	11	12835	12835	0.164112
672	12	13	13	1.90735e-05
672	13	50256	50256	3.8147e-06
673	5	878	878	0.0614185
673	6	14342	14342	0.523987
673	7	1973	1973	0.123379
673	8	2031	2031	0.107807
673	9	13	13	0.00150299
673	10	50256	50256	0.0235443
674	5	1104	1104	0.885326
674	6	966	966	0.198042
674	7	1444	1444	0.151764
674	8	257	257	0.016592
674	9	46246	46246	0.342159
674	10	6098	6098	0.185575
674	11	388	388	0.23687
674	12	13	13	0.000663757
674	13	50256	50256	0.000957489
675	5	656	656	0.0549717
675	6	262	262	0.00701141
675	7	1956	1956	0.592459
675	8	24162	24162	0.294682
675	9	327	327	0.232615
675	10	5126	5126	0.209778
675	11	666	666	0.249142
675	12	6896	6896	0.313
675	13	13	13	0.0200577
675	14	50256	50256	3.8147e-06
676	5	5399	5399	1.75308
676	6	15921	15921	0.379335
676	7	286	286	0.0214958
676	8	867	867	0.223091
676	9	12734	12734	0.304649
676	10	13	13	1.14441e-05
676	11	50256	50256	0
677	5	2568	2568	0.218645
677	6	656	656	0.209578
677	7	12370	12370	0.402978
677	8	6268	6268	0.423708
677	9	13	13	0.00440407
677	10	50256	50256	0
678	5	389	389	0.162928
678	6	1043	1043	0.504068
678	7	355	355	0.782722
678	8	880	880	0.437586
678	9	355	355	0.134325
678	10	644	644	0.412921
678	11	484	484	0.964
678	12	389	389	0.26438
678	13	13	13	0.0534554
678	14	50256	50256	3.8147e-06
679	5	287	287	0.0211239
679	6	262	262	0.0201092
679	7	4037	4037	0.147957
679	8	4482	4482	0.0779095
679	9	286	286	0.00114441
679	10	27719	27719	0.0808487
679	11	13	13	0
679	12	50256	50256	0.000133514
680	5	3139	3825	1.78604
680	6	286	286	0.000394821
680	7	21291	21291	1.08295
680	8	11	11	0.00542068
680	9	1029	1029	0.538496
680	10	287	287	0.217243
680	11	262	262	0.0137463
680	12	843	843	0.311533
680	13	274	274	0.152143
680	14	13	13	0.000183105
680	15	50256	50256	0
681	5	3139	3139	0.281106
681	6	11	11	0.157656
681	7	290	290	0.0228367
681	8	262	262	0.0012989
681	9	569	569	1.11307
681	10	396	396	0.0994282
681	11	4712	4712	0.129005
681	12	15623	15623	0.250729
681	13	832	832	0.0539818
681	14	340	340	0.384992
681	15	13	13	0.0122185
681	16	50256	50256	3.8147e-06
682	5	13	13	7.62939e-06
682	6	50256	50256	1.52588e-05
683	5	7306	7306	0.667647
683	6	10349	10349	0.527319
683	7	2648	2648	0.171722
683	8	262	262	0.00179482
683	9	976	976	0.56415
683	10	15004	15004	0.413265
683	11	3580	3580	0.0885124
683	12	13	13	0.00542831
683	13	50256	50256	7.62939e-06
684	5	1103	1103	0.430885
684	6	3146	3146	0.930098
684	7	318	318	0.149982
684	8	3967	3967	0.856528
684	9	13	13	0.00605202
684	10	50256	50256	0
685	5	1296	1296	0.350186
685	6	618	618	0.239487
685	7	44030	44030	0.579487
685	8	2587	2587	0.211826
685	9	3608	3608	0.714867
685	10	82	82	0.331301
685	11	290	290	0.0608444
685	12	4735	13066	3.61622
685	13	6945	6945	0.0378437
685	14	13	13	0.00502968
685	15	50256	50256	0
686	5	5894	5894	1.93326
686	6	4771	4771	0.593703
686	7	2458	2458	0.63026
686	8	3264	3264	0.438433
686	9	422	422	0.133726
686	10	4735	4771	3.21196
686	11	284	284	0.231596
686	12	3623	4735	1.53077
686	13	13	13	0.0235386
686	14	50256	50256	3.8147e-06
687	5	5002	1588	2.20965
687	6	423	423	0.231476
687	7	4961	4961	1.34484
687	8	386	386	0.350542
687	9	1122	1122	0.164022
687	10	9853	9853	0.274084
687	11	475	475	0.289267
687	12	1180	1180	0.867385
687	13	49810	49810	0.69503
687	14	9853	9853	0.418909
687	15	13	13	0.00165939
687	16	50256	50256	3.8147e-06
688	5	42407	42407	0.113791
688	6	469	469	0.0846405
688	7	318	318	0.00951195
688	8	262	262	0.00145721
688	9	4318	4318	1.75851
688	10	2095	2095	0.201361
688	11	287	287	0.0275478
688	12	317	317	0.229939
688	13	6786	6786	0.248747
688	14	5074	5074	0.0946445
688	15	13	13	0
688	16	50256	50256	0
689	5	925	925	0.523451
689	6	7525	7525	0.29188
689	7	286	286	0.168371
689	8	6383	6383	0.559774
689	9	50006	50006	0.218859
689	10	2138	2138	0.075304
689	11	621	621	0.0162487
689	12	9970	9970	0.285343
689	13	13	13	2.28882e-05
689	14	50256	50256	4.19617e-05
690	5	26600	26600	0.260365
690	6	663	663	0.0294743
690	7	16704	16704	0.213171
690	8	11348	11348	0.125044
690	9	1108	1108	0.0563583
690	10	13	13	0.00695801
690	11	50256	50256	0
691	5	1748	1748	0.216028
691	6	286	286	0.151077
691	7	8602	8602	0.255098
691	8	11	11	0.144669
691	9	319	319	0.298019
691	10	262	262	0.00976753
691	11	314	314	0.739685
691	12	527	527	0.597161
691	13	666	666	0.824612
691	14	24078	24078	0.722887
691	15	13	13	0.00566483
691	16	50256	50256	0
692	5	319	319	0.0322208
692	6	49812	49812	0.510495
692	7	2340	2340	0.1805
692	8	290	290	0.0409298
692	9	584	584	0.324121
692	10	1402	1402	0.868811
692	11	19435	1402	1.67606
692	12	13	13	0.00217819
692	13	50256	50256	0
693	5	1022	1022	0.0113697
693	6	7686	7686	0.124619
693	7	13	13	6.10352e-05
693	8	50256	50256	3.8147e-06
694	5	11	11	0.015789
694	6	318	318	0.0137501
694	7	262	262	0.0014801
694	8	2260	2260	0.797768
694	9	3139	3139	0.277328
694	10	286	286	0.0131645
694	11	4505	4505	0.15387
694	12	13	13	0.0195427
694	13	50256	50256	1.90735e-05
695	5	2024	2024	0.10495
695	6	460	460	0.0538921
695	7	307	307	0.199795
695	8	2087	2087	0.16958
695	9	416	416	0.0428886
695	10	4375	4375	0.369917
695	11	511	511	0.139259
695	12	5470	5470	0.435274
695	13	2024	2024	0.215134
695	14	13	13	0.0017643
695	15	50256	50256	0
696	5	262	262	0.00377846
696	6	25861	25861	0.461886
696	7	2779	2779	0.643502
696	8	4326	4326	0.278227
696	9	329	329	0.099041
696	10	21969	21969	0.209143
696	11	34743	34743	0.195887
696	12	5951	5951	0.129847
696	13	13	13	0
696	14	50256	50256	0
697	5	14729	14729	0.199987
697	6	286	286	0.0206928
697	7	7405	7405	0.357729
697	8	13	13	0.000411987
697	9	50256	50256	0
698	5	262	262	0.0034008
698	6	2685	2685	1.78643
698	7	8573	8573	0.152079
698	8	810	810	0.694887
698	9	5205	5205	0.921375
698	10	44411	44411	0.174265
698	11	8833	8833	0.0780869
698	12	287	287	0.0234985
698	13	4077	4077	1.37784
698	14	6134	6134	0.321119
698	15	13	13	0
698	16	50256	50256	0
699	5	8850	8850	0.454782
699	6	1633	8850	1.51011
699	7	10874	10874	0.6868
699	8	8384	8384	0.336674
699	9	286	286	0.0373325
699	10	17745	17745	1.08479
699	11	7268	7268	0.846024
699	12	734	734	0.366975
699	13	11863	11863	0.344164
699	14	23235	23235	0.474481
699	15	13	13	1.52588e-05
699	16	50256	50256	3.8147e-06
700	5	416	416	0.101034
700	6	1633	1180	3.27067
700	7	11581	11581	0.308463
700	8	8902	8902	0.14062
700	9	706	706	0.626427
700	10	14357	14357	0.146147
700	11	37876	37876	0.104488
700	12	340	340	0.201803
700	13	13	13	0.000553131
700	14	50256	50256	0.00365448
701	5	13522	13522	0.545457
701	6	11	11	0.0561886
701	7	257	257	0.528662
701	8	2829	9197	3.18364
701	9	44017	44017	0.382623
701	10	14452	14452	0.126232
701	11	26728	26728	0.306673
701	12	517	517	1.22364
701	13	6364	6364	0.487782
701	14	618	618	0.320951
701	15	663	663	0.285423
701	16	4129	4129	1.96671
701	17	318	318	0.0549641
701	18	3220	3220	0.489725
701	19	13	13	0.0195923
701	20	50256	50256	0
702	5	1785	1657	4.1938
702	6	17810	17810	0.271816
702	7	11	11	0.0483265
702	8	1657	1657	0.515157
702	9	2314	2314	0.520035
702	10	6654	6654	0.289812
702	11	284	284	0.0327644
702	12	12899	12899	1.64786
702	13	17984	17984	0.187786
702	14	13	13	0.00200272
702	15	50256	50256	0
703	5	287	287	0.00780487
703	6	262	262	0.00593567
703	7	614	614	0.176105
703	8	1478	1478	0.145016
703	9	4310	4310	0.0907612
703	10	13	13	3.8147e-05
703	11	50256	50256	0.000614166
704	5	281	281	0.330168
704	6	12278	12278	0.30518
704	7	6737	6737	0.162605
704	8	13	13	0.00141144
704	9	50256	50256	0
705	5	5166	5166	0.934848
705	6	286	286	0.001194
705	7	302	302	0.655286
705	8	5379	5379	0.823616
705	9	326	326	0.161196
705	10	12611	12611	0.565426
705	11	378	378	0.345412
705	12	1028	1028	0.436499
705	13	1123	1123	0.0815868
705	14	584	584	0.370607
705	15	13	13	0.00270081
705	16	50256	50256	0
706	5	284	284	0.0156975
706	6	1037	1037	0.0663567
706	7	17276	17276	0.224721
706	8	8574	8574	0.166288
706	9	12784	12784	0.100548
706	10	13	13	0.00173187
706	11	50256	50256	0.000167847
707	5	1205	1205	0.080225
707	6	1231	1231	0.0739975
707	7	15345	15345	0.157668
707	8	11904	11904	0.240714
707	9	13	13	0.00739288
707	10	50256	50256	0
708	5	262	257	1.44013
708	6	44345	44345	1.84994
708	7	8813	8813	0.204407
708	8	268	268	0.282793
708	9	1904	1904	0.449955
708	10	21767	21767	0.218529
708	11	262	262	0.00334549
708	12	2160	3139	6.12558
708	13	286	286	0.0333061
708	14	262	262	0.125872
708	15	24438	976	2.69537
708	16	286	286	0.000785828
708	17	262	262	0.0118656
708	18	584	584	1.25937
708	19	734	1633	2.62546
708	20	5389	5389	0.693705
708	21	13	13	2.86102e-05
708	22	50256	50256	0.000118256
709	5	32202	32202	0.647356
709	6	1276	1276	0.321886
709	7	14999	14999	0.229345
709	8	663	663	0.0561066
709	9	20831	717	3.08521
709	10	409	409	0.437957
709	11	418	418	0.323467
709	12	38800	38800	0.122444
709	13	13	13	3.8147e-06
709	14	50256	50256	0
710	5	4279	4417	6.96778
710	6	393	393	0.601046
710	7	2393	7714	3.39853
710	8	287	287	0.22842
710	9	19780	19780	1.04394
710	10	13	13	0.00229645
710	11	50256	50256	0
711	5	1245	1245	0.267277
711	6	286	286	0.0198116
711	7	257	257	0.0975246
711	8	2700	2700	0.640647
711	9	546	546	0.0918808
711	10	281	281	0.0285282
711	11	16488	16488	0.718123
711	12	13	13	0.00481415
711	13	50256	50256	0
712	5	1588	1588	1.02066
712	6	9824	9824	0.473339
712	7	319	319	0.26198
712	8	262	262	0.00031662
712	9	10326	10326	1.29333
712	10	4417	4417	0.0604305
712	11	287	287	0.117998
712	12	25768	25768	0.142387
712	13	13	13	0
712	14	50256	50256	0
713	5	6869	976	3.51289
713	6	338	338	0.0679913
713	7	4252	4252	2.03979
713	8	18250	18250	0.174702
713	9	33169	33169	0.301577
713	10	6698	6698	1.03016
713	11	4632	296	1.9871
713	12	1497	1497	0.751758
713	13	422	422	0.189632
713	14	3668	3668	1.29175
713	15	13	13	0.0658379
713	16	50256	50256	0
714	5	779	779	0.197573
714	6	16396	16396	0.746195
714	7	5405	5405	0.367879
714	8	284	284	0.066061
714	9	1296	1296	0.874335
714	10	9824	9824	0.93047
714	11	393	393	0.0490341
714	12	5986	5986	0.101849
714	13	13	13	0.0010643
714	14	50256	50256	0
715	5	2458	2458	0.292391
715	6	262	262	0.214025
715	7	4129	1767	2.51834
715	8	286	286	0.0768967
715	9	262	262	0.10355
715	10	8875	1767	3.41455
715	11	338	338	0.131138
715	12	1633	1180	1.77219
715	13	3108	3108	1.13864
715	14	13	13	0.0119228
715	15	50256	50256	7.62939e-06
716	5	287	287	0.00691605
716	6	13066	484	2.74139
716	7	1088	1088	0.186114
716	8	262	262	0.00458527
716	9	3825	3825	1.46809
716	10	13	13	0
716	11	50256	50256	0
717	5	47786	47786	0.070261
717	6	262	262	0.00342369
717	7	3356	3356	1.85762
717	8	286	286	0.0581512
717	9	5186	5186	0.341065
717	10	3877	3877	0.0523643
717	11	832	832	0.189117
717	12	663	663	0.00803757
717	13	11963	11963	1.75913
717	14	13	13	4.00543e-05
717	15	50256	50256	4.95911e-05
718	5	4483	1255	1.86903
718	6	2057	2057	0.150092
718	7	422	422	0.0746365
718	8	1111	1111	0.309422
718	9	6134	6134	0.676405
718	10	290	290	0.0316391
718	11	4695	4695	1.15511
718	12	13	13	0.00132751
718	13	50256	50256	0
719	5	6268	6268	0.491654
719	6	832	832	0.080534
719	7	18842	18842	0.388815
719	8	722	722	0.0807724
719	9	9941	9941	0.066618
719	10	13	13	7.62939e-05
719	11	50256	50256	0
720	5	3668	3668	1.06736
720	6	338	338	0.0675468
720	7	4417	4417	0.200883
720	8	318	318	0.174921
720	9	1444	1444	0.154844
720	10	2153	2153	0.253658
720	11	2611	2611	0.112747
720	12	13	13	0.00320435
720	13	50256	50256	0
721	5	262	262	0.244432
721	6	976	976	0.998112
721	7	1688	1688	1.15378
721	8	5044	1688	2.4482
721	9	1448	1448	0.423616
721	10	355	355	0.37421
721	11	5417	6115	2.43981
721	12	281	281	0.0477333
721	13	368	368	1.93918
721	14	1952	1952	0.346848
721	15	13	13	0
721	16	50256	50256	0
722	5	656	656	0.0591583
722	6	12278	12278	0.106457
722	7	2568	2568	0.131022
722	8	13	13	0
722	9	50256	50256	3.8147e-06
723	5	2219	2219	1.2527
723	6	1438	1438	0.363609
723	7	329	329	0.215963
723	8	21072	21072	0.419328
723	9	275	275	0.268269
723	10	291	291	0.289461
723	11	42084	42084	0.300882
723	12	378	378	0.272572
723	13	13	13	0.000648499
723	14	50256	50256	1.14441e-05
724	5	9377	9377	1.42091
724	6	1271	1271	0.172157
724	7	13	13	0
724	8	50256	50256	3.43323e-05
725	5	19780	19780	0.422771
725	6	983	983	0.749605
725	7	351	351	0.173082
725	8	27913	27913	0.771279
725	9	5207	5207	0.259043
725	10	13	13	0.00768089
725	11	50256	50256	0
726	5	286	286	0.0152855
726	6	16490	16490	0.0888748
726	7	287	287	0.00238419
726	8	22197	22197	0.13323
726	9	338	338	0.00321007
726	10	13574	13574	0.353156
726	11	13	13	0.00851059
726	12	50256	50256	0
727	5	878	878	0.0109024
727	6	340	340	0.493118
727	7	5667	5667	0.390018
727	8	262	262	0.0670128
727	9	1767	1767	0.120382
727	10	13	13	0.00443459
727	11	50256	50256	0
728	5	36324	36324	1.11615
728	6	389	389	0.137157
728	7	925	925	0.728867
728	8	422	422	0.310558
728	9	35988	35988	0.983891
728	10	2266	2266	0.549762
728	11	32085	32085	1.07275
728	12	39642	39642	0.167179
728	13	13	13	4.57764e-05
728	14	50256	50256	1.52588e-05
729	5	1862	1862	0.418567
729	6	20611	20611	0.261143
729	7	34262	34262	0.213486
729	8	878	878	0.224699
729	9	484	484	1.034
729	10	3938	3938	0.43359
729	11	4292	4292	0.278471
729	12	13	13	0
729	13	50256	50256	0
730	5	10874	10874	0.37
730	6	286	286	0.0606556
730	7	867	867	0.250456
730	8	5100	5100	0.535042
730	9	17894	17894	0.247219
730	10	13	13	0.00153351
730	11	50256	50256	0
731	5	1690	1690	0.110529
731	6	18782	18782	0.353411
731	7	5609	5609	0.208227
731	8	1657	1657	0.177532
731	9	290	290	0.0104179
731	10	10908	10908	0.423103
731	11	8188	8188	0.0307121
731	12	13	13	0
731	13	50256	50256	3.8147e-06
732	5	663	663	0.135799
732	6	1957	29984	2.44848
732	7	636	636	0.225662
732	8	290	290	0.10162
732	9	7386	1440	2.19968
732	10	351	351	0.0942059
732	11	281	281	0.432388
732	12	379	7205	9.6365
732	13	1051	1051	1.12804
732	14	13	13	0.0279217
732	15	50256	50256	0.000148773
733	5	284	284	0.121538
733	6	5951	5951	1.26606
733	7	284	284	0.0196857
733	8	1037	1037	0.716138
733	9	16697	16697	1.62526
733	10	16930	16930	0.296202
733	11	393	393	0.0827522
733	12	15134	15134	0.392944
733	13	13	13	1.14441e-05
733	14	50256	50256	0
734	5	878	878	0.110336
734	6	8978	8978	0.0955811
734	7	262	262	0.0150337
734	8	19517	19517	0.383347
734	9	6896	6896	0.0685844
734	10	13	13	0.000900269
734	11	50256	50256	3.8147e-06
735	5	5400	5400	0.378882
735	6	287	287	0.00135994
735	7	11711	11711	1.3884
735	8	3833	3833	1.27396
735	9	1088	1088	0.17857
735	10	281	281	0.0586147
735	11	37970	37970	0.251274
735	12	2134	2134	0.125455
735	13	13	13	0
735	14	50256	50256	0
736	5	5253	5253	0.200204
736	6	2138	2138	0.126089
736	7	621	621	0.179043
736	8	257	257	0.302265
736	9	9478	9478	1.15565
736	10	286	286	0.0341988
736	11	640	530	2.51111
736	12	13	13	0.000219345
736	13	50256	50256	0.000286102
737	5	4695	4695	0.431383
737	6	11	11	0.264223
737	7	772	772	0.503029
737	8	996	996	0.430194
737	9	867	867	0.296416
737	10	22464	22464	0.412868
737	11	7009	4693	2.34114
737	12	12734	12734	0.558234
737	13	13	13	0.01231
737	14	50256	50256	0
738	5	257	257	0.00279045
738	6	3992	3992	0.178829
738	7	2443	2443	0.0979691
738	8	815	815	0.121532
738	9	307	307	0.291991
738	10	5545	5545	0.140791
738	11	13	13	0.00135803
738	12	50256	50256	0.000179291
739	5	13066	13066	0.221024
739	6	23537	23537	0.808058
739	7	422	422	0.114492
739	8	262	262	0.00141525
739	9	3825	3825	0.651594
739	10	13	13	0.024395
739	11	50256	50256	3.8147e-06
740	5	76	76	0.323227
740	6	8592	8592	0.145744
740	7	11	11	0.029623
740	8	340	340	1.19802
740	9	5419	5419	0.260473
740	10	3197	3197	0.500903
740	11	1633	1633	0.267782
740	12	656	656	0.0497837
740	13	262	262	0.00104523
740	14	21726	1218	3.23892
740	15	13	13	3.43323e-05
740	16	50256	50256	0
741	5	431	431	0.281006
741	6	260	260	0.408372
741	7	355	355	0.208736
741	8	663	663	0.586994
741	9	25861	25861	1.73872
741	10	2779	2779	0.68494
741	11	4326	4326	0.126499
741	12	13	13	0.00508499
741	13	50256	50256	0
742	5	318	318	0.0284195
742	6	257	257	0.0730362
742	7	20838	20838	1.98473
742	8	12505	12505	0.26191
742	9	3716	3716	0.0822296
742	10	319	319	0.26247
742	11	262	262	0.127249
742	12	28259	7976	2.02608
742	13	7022	7022	0.2281
742	14	286	286	0.0338497
742	15	7349	7349	0.948151
742	16	13	13	0.0052433
742	17	50256	50256	0
743	5	17777	17777	0.109482
743	6	274	274	0.0925694
743	7	1138	1138	0.69919
743	8	37670	37670	0.148939
743	9	1042	1042	0.260691
743	10	13	13	0.00187683
743	11	50256	50256	5.72205e-05
744	5	3218	3218	0.974216
744	6	37783	37783	0.772686
744	7	326	326	0.110031
744	8	17245	17245	0.392849
744	9	779	779	0.451964
744	10	284	284	0.0318604
744	11	3357	3357	0.49317
744	12	10576	10576	0.0569229
744	13	13	13	0.00198746
744	14	50256	50256	0
745	5	618	618	0.623934
745	6	4683	4683	1.7256
745	7	12586	12586	0.606811
745	8	1487	1487	0.405499
745	9	739	739	0.205824
745	10	4894	4894	1.10364
745	11	290	290	0.0280399
745	12	3833	3623	2.78946
745	13	1231	1231	0.149338
745	14	3190	3190	0.26072
745	15	24203	24203	0.08218
745	16	13	13	0.000202179
745	17	50256	50256	0
746	5	572	572	0.571813
746	6	5478	5478	0.152576
746	7	338	338	0.0314369
746	8	35618	35618	0.324371
746	9	7051	7051	0.206394
746	10	13	13	0.00900078
746	11	50256	50256	0
747	5	8506	8506	0.153498
747	6	12201	12201	0.17606
747	7	636	636	0.176779
747	8	286	286	0.00600815
747	9	281	281	0.0243092
747	10	317	317	0.377868
747	11	11693	11693	0.154367
747	12	8952	8952	0.206085
747	13	312	312	0.127121
747	14	22035	22035	0.135572
747	15	39490	39490	0.295349
747	16	3641	3641	0.542257
747	17	13	13	0
747	18	50256	50256	0.000915527
748	5	645	645	0.31798
748	6	24012	24012	0.714783
748	7	6143	6143	0.819763
748	8	458	458	0.0350113
748	9	34387	34387	0.0349121
748	10	13	13	0.0033226
748	11	50256	50256	0
749	5	7667	7667	0.230501
749	6	8701	8701	0.16691
749	7	4447	4447	0.192926
749	8	1043	1043	0.389698
749	9	8384	8384	0.325365
749	10	287	287	0.038866
749	11	16519	16519	0.428566
749	12	290	290	0.02738
749	13	36421	36421	0.288815
749	14	13	13	7.62939e-06
749	15	50256	50256	3.8147e-06
750	5	3473	3473	1.2023
750	6	286	286	0.0664043
750	7	517	734	3.90989
750	8	621	621	0.083931
750	9	530	530	0.635075
750	10	34371	34371	0.394835
750	11	2438	2438	0.763565
750	12	966	966	0.423326
750	13	13	13	0
750	14	50256	50256	0
751	5	5640	5640	0.150253
751	6	257	257	0.0655231
751	7	15554	15554	0.362987
751	8	9030	9030	0.157446
751	9	284	284	0.00987244
751	10	5587	5587	0.311186
751	11	13042	13042	0.124379
751	12	13	13	0.00192451
751	13	50256	50256	4.57764e-05
752	5	286	286	0.0394115
752	6	26742	26742	0.31917
752	7	1626	1626	0.0921402
752	8	257	257	0.0283909
752	9	3704	3704	1.62459
752	10	286	286	0.0130024
752	11	4898	4898	0.552072
752	12	13	13	0.00609779
752	13	50256	50256	6.10352e-05
753	5	24603	24603	1.10449
753	6	5440	5440	0.283222
753	7	5140	5140	0.582291
753	8	287	287	0.320499
753	9	262	262	0.225906
753	10	1388	1388	1.34704
753	11	27460	27460	0.544425
753	12	10999	10999	0.906513
753	13	13	13	0.00189209
753	14	50256	50256	0
754	5	1657	1657	0.0994434
754	6	656	656	0.110767
754	7	7577	7577	0.370875
754	8	780	780	0.202779
754	9	1180	1180	1.40973
754	10	45656	45656	0.723821
754	11	1006	1006	0.140823
754	12	974	974	0.305126
754	13	416	416	0.18926
754	14	1180	1180	1.19678
754	15	6867	6867	0.479745
754	16	13	13	0.00963402
754	17	50256	50256	0
755	5	2785	2785	0.0610256
755	6	2568	2568	0.0145531
755	7	13	13	0
755	8	50256	50256	0
756	5	14568	14568	1.00327
756	6	351	351	0.306566
756	7	1180	734	1.78775
756	8	5951	1321	4.06023
756	9	393	393	0.466694
756	10	20160	20160	0.0738926
756	11	9695	9695	0.0540333
756	12	13	13	0.00253296
756	13	50256	50256	0
757	5	262	262	0.0722504
757	6	31877	31877	1.70194
757	7	23648	23648	0.105497
757	8	559	559	0.144594
757	9	422	422	0.0441914
757	10	262	262	0.0101471
757	11	3942	717	4.0526
757	12	850	850	0.27779
757	13	3642	3642	0.220789
757	14	7233	7233	0.15485
757	15	13	13	0
757	16	50256	50256	4.19617e-05
758	5	7408	7408	0.905823
758	6	290	290	0.125326
758	7	34616	34616	0.739787
758	8	29120	29120	0.446573
758	9	13	13	0.000108719
758	10	50256	50256	3.05176e-05
759	5	389	389	0.0341454
759	6	14921	14921	0.644849
759	7	656	656	0.0539474
759	8	20144	20144	0.215757
759	9	290	290	0.0162201
759	10	13439	13439	0.0969963
759	11	13	13	0
759	12	50256	50256	0
760	5	318	318	0.0998383
760	6	262	262	0.085743
760	7	3139	3139	0.78618
760	8	286	286	0.00438118
760	9	17333	17333	0.837349
760	10	11	11	0.0846786
760	11	281	281	0.104982
760	12	7022	7022	0.404207
760	13	1499	1499	0.473631
760	14	13	13	0.00130081
760	15	50256	50256	0
761	5	17008	17008	0.233924
761	6	8811	8811	0.676722
761	7	925	925	0.191602
761	8	1262	1262	0.269753
761	9	17797	17797	0.274712
761	10	44749	44749	0.660695
761	11	13	13	1.14441e-05
761	12	50256	50256	0
762	5	1962	1962	0.319521
762	6	1142	1142	0.386621
762	7	3970	3970	0.363468
762	8	287	287	0.0242157
762	9	2882	2882	1.67231
762	10	284	284	0.127897
762	11	262	262	0.00578308
762	12	13471	13471	0.473232
762	13	286	286	0.0169468
762	14	257	257	0.0168152
762	15	7897	7897	0.555295
762	16	3240	3240	0.0611954
762	17	13	13	0.00463104
762	18	50256	50256	0.0115585
763	5	26371	26371	0.794704
763	6	2100	2100	0.1728
763	7	3800	3800	0.146002
763	8	286	286	0.00625229
763	9	257	257	0.0462532
763	10	35113	35113	1.56449
763	11	393	393	0.0206509
763	12	44400	44400	0.0985031
763	13	13	13	0.000469208
763	14	50256	50256	0.0392647
764	5	1978	1978	0.339427
764	6	287	287	0.00992584
764	7	257	257	0.077095
764	8	2266	5931	2.00935
764	9	1140	1140	1.24969
764	10	6317	6317	0.267323
764	11	13	13	0
764	12	50256	50256	0
765	5	511	511	0.267063
765	6	5667	5667	0.509182
765	7	1141	1141	0.175407
765	8	257	257	0.0852184
765	9	3218	3288	4.04126
765	10	21819	21819	0.591424
765	11	6772	6772	0.172134
765	12	13	13	5.34058e-05
765	13	50256	50256	0
766	5	23638	23638	0.245638
766	6	373	373	0.173586
766	7	3170	3170	0.213711
766	8	329	329	0.212175
766	9	262	262	0.0564289
766	10	872	872	1.35712
766	11	33766	33766	0.118717
766	12	5311	5311	0.162514
766	13	3046	3046	0.149221
766	14	84	84	0.0947876
766	15	13	13	3.8147e-06
766	16	50256	50256	0
767	5	8833	8833	0.82369
767	6	287	287	0.300392
767	7	262	262	0.0415649
767	8	1402	1402	0.304905
767	9	45426	45426	0.0785046
767	10	13	13	0
767	11	50256	50256	0
768	5	281	281	0.377058
768	6	21670	21670	1.18013
768	7	28287	28287	0.154644
768	8	389	389	0.0335808
768	9	9518	9518	0.660866
768	10	5667	5667	0.310759
768	11	13	13	0.00976562
768	12	50256	50256	0
769	5	8573	8573	0.160448
769	6	286	286	0.044075
769	7	48573	48573	0.507641
769	8	6134	6134	0.185591
769	9	13	13	0.0218563
769	10	50256	50256	0
770	5	16613	16613	0.235841
770	6	1626	1626	0.08951
770	7	262	262	0.00460243
770	8	1692	1692	1.4052
770	9	7721	7721	0.0714245
770	10	13	13	0.00189972
770	11	50256	50256	1.90735e-05
771	5	24927	24927	0.480929
771	6	399	399	0.238333
771	7	2306	2306	0.10244
771	8	35815	35815	0.0768948
771	9	287	287	0.0183315
771	10	22381	22381	0.306955
771	11	39255	39255	0.081068
771	12	1004	1004	0.154634
771	13	6120	6120	0.0631542
771	14	4698	4698	0.0692253
771	15	262	262	0.00399017
771	16	32306	32306	0.154068
771	17	13	13	9.53674e-05
771	18	50256	50256	1.14441e-05
772	5	1657	20838	5.61717
772	6	26842	26842	0.658235
772	7	618	618	0.0941334
772	8	340	340	0.965958
772	9	14170	14170	0.192875
772	10	257	257	0.189346
772	11	1180	1588	2.42623
772	12	13245	13245	0.739491
772	13	2587	2587	0.138376
772	14	379	379	0.610298
772	15	281	281	0.0824299
772	16	9848	9848	1.49184
772	17	13	13	0
772	18	50256	50256	1.52588e-05
773	5	351	351	0.117331
773	6	663	663	0.452057
773	7	16488	16488	0.899056
773	8	37229	37229	0.361265
773	9	2048	2048	0.3015
773	10	656	656	0.116718
773	11	262	262	0.0206165
773	12	6614	13066	3.67468
773	13	286	286	0.248825
773	14	663	663	0.0859718
773	15	13066	13066	1.49123
773	16	13	13	0.0280666
773	17	50256	50256	1.14441e-05
774	5	286	286	0.00758743
774	6	14159	14159	0.594259
774	7	287	287	0.0242577
774	8	262	262	0.0271626
774	9	18020	18020	0.814183
774	10	6896	6896	0.0928955
774	11	13	13	0.0019455
774	12	50256	50256	6.10352e-05
775	5	3210	3210	1.87082
775	6	4141	4141	0.127689
775	7	12	12	0.0203819
775	8	2385	2385	0.297159
775	9	863	863	0.115227
775	10	6203	6203	0.609569
775	11	468	468	0.174843
775	12	15334	15334	0.158916
775	13	12	12	0.0233536
775	14	11545	11545	0.405857
775	15	4116	4116	0.208456
775	16	13	13	0.00127411
775	17	50256	50256	0
776	5	318	318	0.0686684
776	6	262	262	0.0050087
776	7	640	976	5.03997
776	8	2672	2672	0.405111
776	9	329	329	0.126396
776	10	2063	2063	1.55821
776	11	286	286	0.0241814
776	12	257	257	0.222666
776	13	1588	3833	3.39492
776	14	3265	3265	0.193068
776	15	286	286	0.0114632
776	16	10411	10411	0.84621
776	17	21354	21354	0.147774
776	18	17751	17751	0.328379
776	19	72	72	0.125454
776	20	284	284	0.0594254
776	21	22119	22119	0.272182
776	22	319	319	0.0631351
776	23	2811	2811	0.059248
776	24	13	13	0.000579834
776	25	50256	50256	3.8147e-06
777	5	832	832	0.00971603
777	6	881	881	0.265932
777	7	286	286	5.14984e-05
777	8	262	262	0.0470905
777	9	13009	13009	0.460644
777	10	22329	22329	0.168268
777	11	13	13	3.8147e-06
777	12	50256	50256	0.000839233
778	5	37546	2060	2.60162
778	6	1767	1767	0.792049
778	7	284	284	0.0173111
778	8	257	257	0.124577
778	9	38427	38427	1.88105
778	10	1767	1767	0.170027
778	11	13	13	0
778	12	50256	50256	0
779	5	10017	10017	0.627701
779	6	351	351	0.0178967
779	7	37414	37414	1.27513
779	8	326	326	0.0144215
779	9	5419	5419	0.581006
779	10	4180	4180	0.594458
779	11	11192	11192	0.206463
779	12	576	576	0.127293
779	13	3386	3386	0.141047
779	14	13	13	0
779	15	50256	50256	0
780	5	422	422	0.0921593
780	6	2587	2587	1.64942
780	7	6427	6427	0.366051
780	8	832	832	0.0264473
780	9	340	48573	2.44043
780	10	13	13	0.00907516
780	11	50256	50256	0
781	5	16882	16882	0.623242
781	6	318	318	0.10549
781	7	11172	11172	0.428129
781	8	422	422	0.0602474
781	9	4376	4376	0.214314
781	10	16649	16649	0.364705
781	11	4291	4291	0.260204
781	12	3348	3348	0.21368
781	13	13	13	0
781	14	50256	50256	6.86646e-05
782	5	290	290	0.0195351
782	6	2962	2962	1.67849
782	7	1657	1657	0.330435
782	8	351	351	0.151638
782	9	26929	26929	0.489335
782	10	22353	22353	0.129414
782	11	13	13	7.24792e-05
782	12	50256	50256	0
783	5	257	257	0.0372658
783	6	3992	3992	0.205252
783	7	3188	3188	1.97681
783	8	1262	1262	0.226101
783	9	41485	41485	0.119944
783	10	13	13	6.86646e-05
783	11	50256	50256	3.8147e-05
784	5	8850	8850	0.353857
784	6	5931	13737	4.61481
784	7	12737	12737	0.670701
784	8	45075	45075	0.551016
784	9	2472	2472	0.0906372
784	10	2347	2347	0.176104
784	11	284	284	0.126595
784	12	281	281	0.126486
784	13	6275	6275	0.675274
784	14	40874	40874	0.282143
784	15	13	13	0.000522614
784	16	50256	50256	0
785	5	5563	5563	0.0310898
785	6	257	257	0.4636
785	7	5405	41917	2.80706
785	8	88	284	1.67389
785	9	4417	4417	1.11824
785	10	706	706	0.287904
785	11	9645	9645	0.971204
785	12	13	13	0.000101089
785	13	50256	50256	3.8147e-06
786	5	1103	1103	2.20165
786	6	1271	1271	0.519588
786	7	5260	15756	2.50028
786	8	663	663	0.0534744
786	9	5253	5253	0.756829
786	10	422	422	0.124395
786	11	6632	606	2.84297
786	12	13	13	0.000801086
786	13	50256	50256	0
787	5	5679	5679	0.164629
787	6	257	257	0.0308914
787	7	7002	7002	0.389675
787	8	832	832	0.0686646
787	9	5783	5783	0.339434
787	10	11	11	0.0147743
787	11	49893	49893	0.305651
787	12	2870	2870	0.234037
787	13	11	11	0.0480061
787	14	290	290	0.00325012
787	15	20494	20494	0.264183
787	16	13	13	0
787	17	50256	50256	1.90735e-05
788	5	422	422	0.0173054
788	6	262	262	0.00393105
788	7	14707	1388	2.06467
788	8	4755	4755	0.403428
788	9	286	286	0.0410347
788	10	257	257	0.0306644
788	11	4858	4553	2.52202
788	12	3491	3491	0.302125
788	13	13	13	0
788	14	50256	50256	3.8147e-06
789	5	318	318	0.0496311
789	6	7685	7685	1.18991
789	7	3194	3194	1.555
789	8	281	281	0.137169
789	9	19318	19318	0.464089
789	10	1015	1015	0.174507
789	11	2029	2029	0.325839
789	12	663	663	0.0401306
789	13	22655	22655	1.32702
789	14	7078	7078	0.243704
789	15	13	13	3.05176e-05
789	16	50256	50256	0
790	5	48862	48862	0.807734
790	6	485	485	0.108366
790	7	272	272	0.113785
790	8	6614	6614	0.708558
790	9	1239	1239	0.214506
790	10	36177	36177	0.119413
790	11	13	13	0.00140572
790	12	50256	50256	0
791	5	5822	5822	0.559864
791	6	286	286	0.0192604
791	7	6156	6156	0.447462
791	8	25942	25942	0.368707
791	9	261	261	0.253822
791	10	13	13	0.00115967
791	11	50256	50256	3.05176e-05
792	5	6203	3665	2.71777
792	6	1262	1262	0.213982
792	7	18018	18018	0.559207
792	8	326	326	0.0826283
792	9	8181	8181	0.83087
792	10	422	422	0.0805855
792	11	4025	734	4.56191
792	12	6493	6493	0.479805
792	13	18018	18018	0.288866
792	14	13	13	0.0346756
792	15	50256	50256	3.8147e-06
793	5	787	787	0.116573
793	6	510	510	0.667173
793	7	262	262	0.0324936
793	8	4318	4318	1.47857
793	9	10927	10927	0.231537
793	10	1080	1080	0.0866661
793	11	13	13	0.0198765
793	12	50256	50256	0
794	5	262	262	0.118809
794	6	7446	1633	4.38518
794	7	287	287	0.0897675
794	8	257	257	0.160851
794	9	7226	7226	2.09828
794	10	5044	5044	0.190746
794	11	2685	2685	2.61384
794	12	13	13	0
794	13	50256	50256	7.62939e-06
795	5	3623	8122	2.04691
795	6	2458	2458	0.556302
795	7	656	656	0.31101
795	8	257	257	0.0254097
795	9	8122	8122	1.00857
795	10	13	13	0.00855446
795	11	50256	50256	0
796	5	45636	45636	0.194517
796	6	15027	15027	0.148792
796	7	318	318	0.0166016
796	8	284	284	0.718969
796	9	25432	25432	0.716249
796	10	5207	5207	0.16979
796	11	656	656	0.22081
796	12	257	257	0.317526
796	13	1844	1844	2.72473
796	14	4286	4286	0.272183
796	15	393	393	0.0287743
796	16	5485	5485	0.556516
796	17	13	13	0
796	18	50256	50256	0.0042572
797	5	625	625	0.0124207
797	6	281	281	0.0470867
797	7	1989	1989	0.353149
797	8	13	13	0.00204659
797	9	50256	50256	3.8147e-06
798	5	318	318	0.0740852
798	6	783	783	0.227331
798	7	1900	1900	0.237579
798	8	355	355	0.0594082
798	9	25299	5417	2.16343
798	10	13	13	0.00737572
798	11	50256	50256	0
799	5	7679	7679	0.0234909
799	6	42909	42909	0.0967598
799	7	881	881	0.111671
799	8	286	286	5.72205e-06
799	9	262	262	0.0171432
799	10	3825	3825	0.298265
799	11	338	338	0.0143089
799	12	13568	13568	0.146135
799	13	49961	49961	0.0957718
799	14	11881	11881	0.0916882
799	15	13	13	0
799	16	50256	50256	0.0235748
800	5	307	307	0.537079
800	6	9086	9086	0.747909
800	7	656	656	0.316595
800	8	2237	2237	0.142374
800	9	1602	1602	0.169926
800	10	14796	14796	0.231365
800	11	44360	44360	0.0900917
800	12	13	13	0.000198364
800	13	50256	50256	1.90735e-05
801	5	287	287	0.0244446
801	6	2800	2800	0.865175
801	7	351	351	0.115517
801	8	262	262	0.000375748
801	9	2323	2323	1.5179
801	10	13	13	0.00565147
801	11	50256	50256	0
802	5	1351	1351	0.322891
802	6	318	318	0.107815
802	7	663	663	0.158358
802	8	3504	3504	1.21276
802	9	1988	1988	0.480979
802	10	393	393	0.280125
802	11	262	262	0.0554523
802	12	1612	976	4.73245
802	13	286	286	0.0278053
802	14	663	663	0.587782
802	15	734	2962	2.34978
802	16	3504	3504	0.661945
802	17	3815	3815	0.100117
802	18	13	13	0
802	19	50256	50256	0
803	5	49586	49586	0.0601177
803	6	422	422	0.0258217
803	7	257	257	0.0341396
803	8	781	781	0.479941
803	9	7241	7241	0.185144
803	10	7679	7679	0.0572243
803	11	1022	1022	0.0547638
803	12	6228	6228	0.539691
803	13	15747	15747	0.753518
803	14	13	13	0
803	15	50256	50256	0
804	5	12834	12834	0.0544701
804	6	8811	8811	0.21635
804	7	925	925	0.263023
804	8	422	422	0.0834217
804	9	6147	6147	0.322433
804	10	477	477	0.444151
804	11	19417	19417	0.205408
804	12	13	13	5.72205e-06
804	13	50256	50256	0
805	5	402	402	0.0322609
805	6	724	724	0.0951843
805	7	1428	1428	0.114315
805	8	284	284	0.0390339
805	9	406	406	0.218466
805	10	359	359	0.142578
805	11	541	541	0.0971088
805	12	315	315	0.920321
805	13	287	287	0.0559387
805	14	402	402	0.205656
805	15	724	724	0.221436
805	16	1428	1428	0.0928402
805	17	338	338	0.0988255
805	18	48899	48899	0.126991
805	19	13	13	1.52588e-05
805	20	50256	50256	0
806	5	4326	4326	0.443148
806	6	329	329	0.09618
806	7	2033	2033	1.69223
806	8	286	286	0.0164223
806	9	9136	9136	0.729777
806	10	13	13	0.00133896
806	11	50256	50256	0
807	5	3318	3318	0.128702
807	6	1060	1060	0.233011
807	7	276	276	0.348545
807	8	4823	4823	2.30862
807	9	1231	1231	0.055624
807	10	16006	16006	0.107815
807	11	13	13	0
807	12	50256	50256	0
808	5	832	832	0.0203114
808	6	257	257	0.00647926
808	7	1429	1429	0.433453
808	8	1444	1444	0.0268402
808	9	1007	1007	0.197933
808	10	10514	10514	0.139328
808	11	13	13	0.00271797
808	12	50256	50256	1.14441e-05
809	5	318	318	0.00972366
809	6	5447	5447	1.28982
809	7	284	284	0.00703049
809	8	307	307	0.369351
809	9	530	530	0.343523
809	10	13	13	0.000961304
809	11	50256	50256	3.8147e-06
810	5	19780	19780	0.474998
810	6	5822	5822	0.730812
810	7	318	318	0.369581
810	8	7384	7384	0.951104
810	9	290	290	0.00446701
810	10	645	645	0.821021
810	11	2742	2742	0.40829
810	12	1445	1445	0.309174
810	13	460	460	0.0239182
810	14	4781	4781	1.32441
810	15	262	262	0.0482559
810	16	1368	1368	0.299818
810	17	13	13	3.05176e-05
810	18	50256	50256	0.000576019
811	5	4166	4166	0.141682
811	6	257	257	0.0294418
811	7	1409	9197	1.60639
811	8	540	540	0.131453
811	9	12	12	0.0110111
811	10	28469	28469	0.312803
811	11	12	12	0.0205345
811	12	4906	4906	0.443754
811	13	13570	13570	0.311996
811	14	1080	1080	0.0703964
811	15	287	287	0.0194988
811	16	5515	5515	0.398186
811	17	20283	20283	0.139894
811	18	12	12	0.0727768
811	19	14792	14792	0.381861
811	20	2031	2031	0.248159
811	21	13	13	0
811	22	50256	50256	0.000156403
812	5	503	503	0.673963
812	6	416	416	0.140858
812	7	2344	2344	0.632236
812	8	11	11	0.0583801
812	9	19435	19435	1.18053
812	10	11	11	0.0126724
812	11	10087	10087	2.05099
812	12	11	11	0.0648251
812	13	393	393	0.114403
812	14	584	584	0.260052
812	15	4695	4695	0.167042
812	16	13	13	0
812	17	50256	50256	1.14441e-05
813	5	290	290	0.0136166
813	6	423	423	0.775239
813	7	511	511	0.337355
813	8	898	898	0.20613
813	9	14599	14599	0.202662
813	10	44935	44935	0.147768
813	11	8573	8573	0.0841694
813	12	13	13	5.34058e-05
813	13	50256	50256	0.00141144
814	5	1660	1660	0.0575981
814	6	338	338	0.101063
814	7	23708	23708	1.30518
814	8	1029	1029	0.507978
814	9	24372	24372	0.500264
814	10	966	966	0.501825
814	11	3688	3688	0.353679
814	12	351	351	0.0174007
814	13	2092	2092	0.710016
814	14	12	12	0.110416
814	15	13982	13982	0.548883
814	16	17745	17745	0.36957
814	17	13	13	0.000652313
814	18	50256	50256	0
815	5	3984	3984	0.0650368
815	6	5679	5679	0.0651112
815	7	10439	10439	0.146366
815	8	286	286	0.00394821
815	9	262	262	0.0145588
815	10	9842	9842	0.198339
815	11	437	437	0.149925
815	12	544	544	0.130322
815	13	1641	1641	0.0724373
815	14	13	13	0.00416756
815	15	50256	50256	0.00323868
816	5	8638	8638	0.220211
816	6	2587	2587	0.061676
816	7	422	422	0.366261
816	8	530	530	0.785637
816	9	4067	4067	0.215274
816	10	284	284	0.121572
816	11	1194	1194	0.411682
816	12	13	13	0.00113106
816	13	50256	50256	1.52588e-05
817	5	9315	9315	0.902422
817	6	6404	6404	0.16407
817	7	859	859	0.167286
817	8	389	389	0.0647144
817	9	10730	10730	0.311726
817	10	13	13	0.00907516
817	11	50256	50256	0
818	5	3867	3867	0.908904
818	6	1633	1633	0.403318
818	7	13	13	1.14441e-05
818	8	50256	50256	0
819	5	1232	1232	1.13474
819	6	2454	2454	0.21529
819	7	1641	1641	0.668701
819	8	2138	2138	0.0425835
819	9	621	621	0.0383568
819	10	262	262	0.0977383
819	11	5509	584	2.4586
819	12	6701	6701	0.361666
819	13	1448	1448	0.335155
819	14	13	13	0
819	15	50256	50256	3.8147e-06
820	5	2134	1633	1.7935
820	6	319	319	0.361124
820	7	1194	1194	1.50736
820	8	468	468	0.371887
820	9	281	281	1.08556
820	10	4961	2134	2.95838
820	11	290	290	0.104176
820	12	6697	1660	2.98435
820	13	5212	5212	1.09117
820	14	2700	2700	0.588521
820	15	13	13	0.00231934
820	16	50256	50256	0
821	5	318	318	0.0174217
821	6	1900	1900	0.13583
821	7	329	329	0.284042
821	8	44741	44741	0.337872
821	9	11527	11527	0.16822
821	10	21641	21641	0.28964
821	11	13	13	0
821	12	50256	50256	0
822	5	2420	2420	0.256433
822	6	2915	2915	0.327627
822	7	287	287	0.0564175
822	8	543	543	0.335285
822	9	14390	14390	2.10433
822	10	1296	1296	0.176853
822	11	4263	4263	1.07821
822	12	393	393	0.780376
822	13	7572	7572	0.892764
822	14	13	13	0.00224686
822	15	50256	50256	3.8147e-06
823	5	1660	9403	4.25891
823	6	832	832	0.315031
823	7	511	511	0.307865
823	8	308	3154	2.35684
823	9	2171	2171	0.198038
823	10	13	13	0.0181751
823	11	50256	50256	0.00187683
824	5	5822	2060	3.38035
824	6	290	290	0.00650406
824	7	257	257	0.0742607
824	8	10929	4553	3.55495
824	9	1141	1141	0.199234
824	10	257	257	0.14661
824	11	2060	5822	2.70012
824	12	19780	19780	0.454818
824	13	1445	1445	0.227036
824	14	13	13	0
824	15	50256	50256	1.52588e-05
825	5	416	416	0.0667667
825	6	38797	38797	0.0782852
825	7	278	278	0.0374622
825	8	17797	17797	0.196804
825	9	44749	44749	0.540337
825	10	351	351	0.0848866
825	11	257	257	0.261086
825	12	15936	15936	0.957987
825	13	3968	3968	0.094759
825	14	13	13	0.00310326
825	15	50256	50256	0
826	5	1111	1111	0.401518
826	6	21506	21506	0.723661
826	7	290	290	0.00297546
826	8	25794	25794	0.331165
826	9	13	13	1.14441e-05
826	10	50256	50256	1.52588e-05
827	5	393	393	0.268627
827	6	27756	27756	2.65195
827	7	351	351	0.249863
827	8	257	257	0.114784
827	9	2010	1588	6.1387
827	10	5186	5186	1.00309
827	11	3877	3877	0.257895
827	12	13	13	0
827	13	50256	50256	1.90735e-05
828	5	2401	2401	0.330339
828	6	2879	2879	0.29488
828	7	900	900	0.288496
828	8	11	11	0.0437412
828	9	1123	1123	0.724876
828	10	886	1204	3.094
828	11	286	286	0.0747662
828	12	257	257	0.0313263
828	13	17763	10345	2.44996
828	14	2523	2523	0.134386
828	15	257	257	0.0230827
828	16	1271	1271	0.654414
828	17	422	422	0.123327
828	18	6632	6632	1.29352
828	19	832	832	0.0771484
828	20	2237	2237	0.268415
828	21	13	13	1.14441e-05
828	22	50256	50256	0.00148392
829	5	496	496	0.0875645
829	6	6204	6204	0.158076
829	7	1474	1474	0.0768414
829	8	1944	1944	0.0672741
829	9	12	12	0.0152168
829	10	820	820	0.1287
829	11	25266	25266	0.433493
829	12	13	13	3.8147e-06
829	13	50256	50256	3.8147e-06
830	5	262	262	0.0291882
830	6	45656	45656	1.09379
830	7	286	286	0.425383
830	8	1657	1657	1.29092
830	9	11300	11300	0.790195
830	10	1022	1022	0.263309
830	11	12899	12899	0.56671
830	12	27982	27982	0.149412
830	13	13	13	0
830	14	50256	50256	8.01086e-05
831	5	36288	36288	0.142607
831	6	423	423	0.0241432
831	7	42014	42014	0.287314
831	8	307	307	0.284689
831	9	4730	4730	0.127728
831	10	13	13	8.7738e-05
831	11	50256	50256	3.8147e-06
832	5	21001	21001	0.331135
832	6	5385	5385	0.431019
832	7	5563	5563	0.246137
832	8	287	287	0.0380993
832	9	4320	4320	0.191549
832	10	2339	2339	0.188765
832	11	14752	14752	0.11245
832	12	13	13	0
832	13	50256	50256	0
833	5	12070	12070	0.164646
833	6	35901	35901	0.164593
833	7	12	12	0.100555
833	8	16760	16760	0.205244
833	9	8849	8849	0.411143
833	10	656	656	0.0569515
833	11	21558	21558	2.59249
833	12	284	284	0.0588055
833	13	3551	3551	1.06584
833	14	269	269	0.171419
833	15	1726	1726	0.178253
833	16	6933	6933	0.117474
833	17	13	13	0
833	18	50256	50256	0
834	5	4888	4888	0.093029
834	6	416	416	0.0302181
834	7	3644	3644	0.137571
834	8	4056	4056	0.0470219
834	9	13	13	0
834	10	50256	50256	0
835	5	2700	2700	0.34396
835	6	832	832	0.418503
835	7	1803	1803	0.692719
835	8	44796	44796	0.134539
835	9	8122	8122	0.440884
835	10	13	13	0
835	11	50256	50256	0
836	5	3877	3877	0.400103
836	6	11	11	0.173454
836	7	981	981	0.163986
836	8	1237	1237	0.51965
836	9	684	684	0.486173
836	10	3283	3283	0.370054
836	11	3967	3967	0.115781
836	12	5186	5186	0.268376
836	13	3877	3877	0.0951519
836	14	13	13	0.000118256
836	15	50256	50256	4.95911e-05
837	5	2524	2524	0.210336
837	6	287	287	0.0427074
837	7	1944	1944	0.0713902
837	8	12	12	0.00667572
837	9	820	820	0.0557346
837	10	7648	7648	0.449408
837	11	13	13	0.0112572
837	12	50256	50256	3.8147e-06
838	5	286	286	0.086237
838	6	20422	20422	0.673557
838	7	11	11	0.000476837
838	8	257	257	0.0756969
838	9	46909	46909	0.60188
838	10	38656	38656	0.121634
838	11	318	318	0.019104
838	12	10090	10090	0.387283
838	13	355	355	0.175482
838	14	257	257	0.0231075
838	15	4898	4898	1.54942
838	16	7972	7972	0.471164
838	17	8875	8875	0.515094
838	18	13	13	0.00348854
838	19	50256	50256	2.28882e-05
839	5	15061	7226	3.97491
839	6	8811	8811	0.893296
839	7	21126	8811	1.9168
839	8	656	656	0.27784
839	9	257	257	0.00749588
839	10	8234	1588	5.43495
839	11	13	13	0
839	12	50256	50256	0
840	5	1660	1660	0.23471
840	6	20199	20199	0.142597
840	7	18190	18190	0.322947
840	8	4291	4291	0.154205
840	9	4771	4771	0.791982
840	10	24770	24770	0.356715
840	11	287	287	0.0349236
840	12	15114	15114	0.648673
840	13	13	13	0.00642014
840	14	50256	50256	0
841	5	663	663	1.0583
841	6	35988	35988	1.22999
841	7	11904	11904	0.589365
841	8	290	290	0.0237846
841	9	318	340	2.71287
841	10	407	407	0.499544
841	11	257	257	0.491447
841	12	8701	4960	2.6666
841	13	13	13	1.14441e-05
841	14	50256	50256	3.8147e-06
842	5	71	71	0.0506897
842	6	36417	36417	0.0803623
842	7	287	287	0.0171566
842	8	6156	6156	0.12886
842	9	14937	14937	0.431584
842	10	43372	43372	0.23806
842	11	321	321	0.242855
842	12	666	666	0.252697
842	13	13399	13399	0.0841866
842	14	13	13	0.000566483
842	15	50256	50256	0
843	5	2081	2081	1.12809
843	6	284	284	0.134918
843	7	3991	3991	1.18142
843	8	290	290	0.118511
843	9	3991	3991	1.72758
843	10	284	284	0.149651
843	11	2081	3991	1.30478
843	12	13	13	0.0109291
843	13	50256	50256	0
844	5	6268	6268	0.125451
844	6	2173	2173	0.148191
844	7	3812	3812	0.14151
844	8	262	262	0.00481796
844	9	9197	6869	3.07872
844	10	338	338	0.00792885
844	11	3641	22204	2.50767
844	12	13	13	1.14441e-05
844	13	50256	50256	2.28882e-05
845	5	17467	17467	0.0922298
845	6	382	382	0.154541
845	7	2722	2722	0.0605621
845	8	262	262	0.00641632
845	9	20715	20715	0.782059
845	10	15895	15895	0.100172
845	11	287	287	0.00358772
845	12	33818	33818	0.329874
845	13	287	287	0.015873
845	14	35145	35145	0.346914
845	15	13	13	0.0053215
845	16	50256	50256	0
846	5	44543	44543	1.43227
846	6	4144	4144	0.24756
846	7	16083	16083	0.201931
846	8	925	925	0.251499
846	9	422	422	0.0277634
846	10	7545	7545	0.527014
846	11	13	13	0.00472641
846	12	50256	50256	0
847	5	2033	2939	3.61774
847	6	286	286	0.109457
847	7	1660	1657	2.4042
847	8	20199	20199	0.084362
847	9	287	287	0.0709534
847	10	1633	1633	1.41192
847	11	351	351	0.185825
847	12	663	663	0.896793
847	13	36275	36275	1.98171
847	14	2033	2033	1.37309
847	15	379	379	0.293425
847	16	262	262	0.000301361
847	17	976	976	0.905856
847	18	5951	5951	0.366076
847	19	13	13	0
847	20	50256	50256	7.62939e-06
848	5	976	976	0.783629
848	6	12234	12234	0.512613
848	7	1988	1988	0.366607
848	8	11	11	0.206997
848	9	257	257	0.109474
848	10	3074	3074	2.64455
848	11	1444	1444	0.0570412
848	12	257	257	0.0782032
848	13	17661	17661	2.2542
848	14	13	13	0.0146217
848	15	50256	50256	0
849	5	1205	1205	0.44804
849	6	287	287	0.0342617
849	7	5055	5055	0.241991
849	8	393	393	0.034956
849	9	3105	3105	0.286757
849	10	12	12	0.0446358
849	11	31462	31462	0.12422
849	12	1660	1660	0.0312653
849	13	13	13	0.00465775
849	14	50256	50256	0
850	5	656	656	0.00622368
850	6	257	257	0.000255585
850	7	8122	8122	0.279583
850	8	13	13	0.000610352
850	9	50256	50256	3.8147e-06
851	5	10384	10384	0.484126
851	6	284	284	0.0841694
851	7	262	262	0.00062561
851	8	6156	6156	0.972385
851	9	15433	15433	0.167746
851	10	6959	6959	0.0585613
851	11	286	286	1.14441e-05
851	12	2011	2011	0.254099
851	13	66	66	0.0794811
851	14	268	268	0.259083
851	15	3609	3609	0.0926456
851	16	13	13	0.000242233
851	17	50256	50256	7.62939e-06
852	5	27602	27602	0.25876
852	6	1084	1084	0.284594
852	7	515	515	0.351141
852	8	290	290	0.00154114
852	9	16577	16577	1.72245
852	10	284	284	0.0845833
852	11	4439	4439	0.144411
852	12	26868	26868	0.207634
852	13	13	13	0.0220203
852	14	50256	50256	0
853	5	319	319	0.0185413
853	6	262	262	0.000720978
853	7	4013	4013	0.258278
853	8	25986	25986	0.0991306
853	9	34603	34603	0.211132
853	10	21891	21891	0.240166
853	11	13	13	0.00936508
853	12	50256	50256	0
854	5	36140	36140	0.667867
854	6	11	11	0.161829
854	7	281	281	0.145372
854	8	19318	19318	0.761772
854	9	1015	1015	0.0949974
854	10	318	318	0.120985
854	11	9086	9086	1.13047
854	12	656	656	0.134905
854	13	14104	14104	1.15472
854	14	4961	4961	0.246657
854	15	5026	5026	0.345631
854	16	49644	49644	0.113033
854	17	4831	4831	0.0988216
854	18	13	13	0.000909805
854	19	50256	50256	0.000366211
855	5	2081	2081	1.48629
855	6	11135	11135	1.28767
855	7	1043	1043	0.317825
855	8	287	287	0.11706
855	9	48573	3668	3.95644
855	10	6134	6134	0.334883
855	11	13	13	0.00645065
855	12	50256	50256	0
856	5	1371	1371	0.0941238
856	6	617	617	0.139116
856	7	1321	1321	0.241801
856	8	422	422	0.0962906
856	9	262	262	0.131809
856	10	2656	2656	0.385718
856	11	1366	1366	0.468291
856	12	13	13	0
856	13	50256	50256	0
857	5	83	83	0.151737
857	6	270	270	0.0581512
857	7	9620	9620	0.0734921
857	8	287	287	0.00962639
857	9	262	262	0.0271072
857	10	614	614	0.233917
857	11	1315	1315	0.0837173
857	12	2481	2481	0.0694618
857	13	13	13	0.00115967
857	14	50256	50256	0.0140686
858	5	1011	1011	0.148741
858	6	262	262	0.0144939
858	7	2910	3356	2.80956
858	8	13840	13840	0.25843
858	9	2622	2622	0.226044
858	10	416	416	0.0478115
858	11	867	867	0.447324
858	12	4693	4693	0.529733
858	13	329	329	0.0625591
858	14	5935	5935	0.367364
858	15	3227	3227	0.226904
858	16	13	13	3.8147e-06
858	17	50256	50256	0
859	5	338	338	0.0118847
859	6	8137	8137	1.81835
859	7	42909	42909	0.332914
859	8	2266	2266	0.800544
859	9	1657	1657	0.255809
859	10	290	290	0.0687695
859	11	22625	22625	1.2471
859	12	284	284	0.0190144
859	13	663	663	0.230913
859	14	4171	4171	1.51798
859	15	5585	5585	0.158195
859	16	13	13	0
859	17	50256	50256	3.8147e-06
860	5	281	281	0.137119
860	6	16295	7022	1.7015
860	7	6140	6140	0.576568
860	8	318	318	0.0429058
860	9	1444	1444	0.0272636
860	10	663	663	0.237793
860	11	2962	2962	1.51224
860	12	13	13	3.8147e-06
860	13	50256	50256	3.8147e-05
861	5	418	418	0.0472603
861	6	389	389	0.414734
861	7	262	262	0.134262
861	8	734	734	1.15751
861	9	1402	1402	0.420116
861	10	31093	31093	0.237512
861	11	286	286	0.0215912
861	12	8706	8706	0.290911
861	13	13	13	0
861	14	50256	50256	0
862	5	12622	12622	0.034462
862	6	45738	45738	0.0632343
862	7	287	287	0.0186214
862	8	607	607	0.512465
862	9	5337	5337	1.00773
862	10	45738	45738	0.224024
862	11	13	13	9.91821e-05
862	12	50256	50256	0
863	5	3395	3395	0.374626
863	6	37670	37670	0.297571
863	7	5958	5958	0.377676
863	8	6140	6140	0.27486
863	9	351	351	0.0831776
863	10	8547	8547	0.359488
863	11	273	273	0.286833
863	12	3409	3409	0.0880756
863	13	11400	11400	0.07798
863	14	338	338	0.0240097
863	15	11359	11359	0.2876
863	16	13389	13389	0.110203
863	17	13	13	0
863	18	50256	50256	2.28882e-05
864	5	460	460	0.209957
864	6	307	307	0.250785
864	7	7042	7042	0.199215
864	8	416	416	0.137651
864	9	4375	4375	0.517861
864	10	262	262	0.0520668
864	11	734	734	1.5721
864	12	18148	18148	0.257297
864	13	2846	2846	0.365121
864	14	284	284	0.0777149
864	15	7330	7330	1.63458
864	16	262	262	0.0150719
864	17	1306	1306	1.08537
864	18	3381	3381	0.171991
864	19	13	13	3.8147e-06
864	20	50256	50256	0
865	5	11880	11880	0.202013
865	6	5419	5419	0.112608
865	7	340	340	0.150635
865	8	2834	2834	0.463004
865	9	5667	5667	0.146518
865	10	422	422	0.0611553
865	11	13737	13737	0.250306
865	12	13	13	0
865	13	50256	50256	1.90735e-05
866	5	6903	6903	0.138738
866	6	318	318	0.0762882
866	7	281	281	0.506573
866	8	37287	37287	0.263897
866	9	9814	9814	0.114708
866	10	15763	15763	0.0939388
866	11	13	13	0.005867
866	12	50256	50256	0
867	5	78	78	0.27282
867	6	318	318	0.0185204
867	7	4888	4888	1.02339
867	8	416	416	0.109306
867	9	16256	16256	1.88219
867	10	11	11	0.360916
867	11	15336	15336	0.490192
867	12	11	11	0.0280571
867	13	290	290	0.0660591
867	14	46070	46070	0.355945
867	15	72	72	0.216427
867	16	13	13	0.00234222
867	17	50256	50256	3.8147e-06
868	5	19435	19435	0.289934
868	6	351	351	0.0317936
868	7	9518	9518	1.21229
868	8	5667	5667	0.103854
868	9	13	13	0.00888443
868	10	50256	50256	0
869	5	547	547	0.656479
869	6	14212	14212	0.268402
869	7	1748	1748	0.105995
869	8	12	12	0.0665359
869	9	27219	27219	0.540752
869	10	287	287	0.0373383
869	11	6156	6156	0.0875139
869	12	10315	10315	0.589813
869	13	13	13	3.8147e-06
869	14	50256	50256	0
870	5	832	832	0.101984
870	6	262	262	0.165422
870	7	11963	11963	0.847061
870	8	3356	3356	0.626831
870	9	286	286	0.0335751
870	10	257	257	0.406717
870	11	11711	11711	1.18617
870	12	13	13	0.000177383
870	13	50256	50256	6.86646e-05
871	5	3170	3170	0.488386
871	6	416	416	0.504261
871	7	262	262	0.0235558
871	8	3457	3457	1.62384
871	9	292	292	0.191612
871	10	287	287	0.0183983
871	11	262	262	0.00469971
871	12	843	843	0.955993
871	13	274	274	0.106913
871	14	21124	21124	0.0834274
871	15	13	13	9.72748e-05
871	16	50256	50256	3.8147e-06
872	5	1729	1729	2.08314
872	6	4164	4164	0.153858
872	7	18196	18196	0.0516624
872	8	5002	5002	0.316814
872	9	326	326	0.235067
872	10	318	318	0.598121
872	11	8122	8122	1.26388
872	12	379	379	0.106035
872	13	8850	8850	0.251886
872	14	2119	2119	0.556067
872	15	5951	5951	0.323389
872	16	13	13	0
872	17	50256	50256	0
873	5	286	286	0.0228748
873	6	28722	28722	0.308273
873	7	287	287	0.0254593
873	8	257	257	0.00601768
873	9	5931	5931	0.379762
873	10	6317	6317	0.0614796
873	11	13	13	0
873	12	50256	50256	0.000881195
874	5	10947	10947	0.0918274
874	6	4046	4046	0.0871124
874	7	422	422	0.0162392
874	8	7346	7346	0.201081
874	9	27149	27149	0.124111
874	10	13	13	2.28882e-05
874	11	50256	50256	0
875	5	973	973	0.0288506
875	6	329	329	0.0517445
875	7	35788	35788	0.297167
875	8	4263	4263	0.111885
875	9	13	13	0.00119972
875	10	50256	50256	0
876	5	27458	27458	0.688611
876	6	12	12	0.190992
876	7	11487	11487	0.521275
876	8	1448	1448	0.204865
876	9	1690	1690	0.386052
876	10	423	423	0.605462
876	11	2092	2092	0.718456
876	12	5931	5931	0.442583
876	13	6608	6608	0.401764
876	14	13	13	0.00440979
876	15	50256	50256	1.52588e-05
877	5	7306	7446	5.68324
877	6	3623	3623	0.361218
877	7	379	379	0.771528
877	8	6937	6937	1.22962
877	9	5951	5951	0.279438
877	10	11	11	0.0763245
877	11	3833	3833	2.41537
877	12	5732	5732	0.302958
877	13	355	355	0.243683
877	14	6115	6115	0.886868
877	15	20638	20638	0.181952
877	16	13	13	0
877	17	50256	50256	3.8147e-06
878	5	1588	1588	1.14964
878	6	6903	6903	1.33768
878	7	286	286	0.00901031
878	8	2258	2258	0.841423
878	9	5478	5478	0.409473
878	10	13	13	0.00601578
878	11	50256	50256	0
879	5	42909	42909	0.229572
879	6	2568	2568	0.891965
879	7	422	422	0.0730801
879	8	663	663	0.105194
879	9	21334	21334	0.0328178
879	10	13	13	0
879	11	50256	50256	3.8147e-06
880	5	7714	7714	0.410126
880	6	3170	3170	0.95393
880	7	1231	1231	0.25878
880	8	29871	29871	0.0264206
880	9	13	13	0
880	10	50256	50256	0
881	5	262	262	0.0121651
881	6	21189	21189	1.97825
881	7	21226	21226	0.0871296
881	8	286	286	0.00811768
881	9	867	867	0.209505
881	10	4903	4903	0.265577
881	11	694	694	0.176682
881	12	418	418	0.118817
881	13	1037	1037	0.176756
881	14	606	606	0.56432
881	15	36331	36331	0.225757
881	16	284	284	0.033411
881	17	16649	16649	0.410451
881	18	13	13	0.00940704
881	19	50256	50256	0
882	5	22421	22421	0.30481
882	6	3025	3025	0.393957
882	7	7531	7531	0.277029
882	8	19998	19998	0.260519
882	9	423	423	0.0800915
882	10	257	257	0.183998
882	11	8064	9151	3.09237
882	12	286	286	0.077013
882	13	734	734	0.901298
882	14	284	284	0.0218143
882	15	530	530	1.22769
882	16	13	13	0.0224037
882	17	50256	50256	0
883	5	2010	2010	0.412714
883	6	5186	5186	0.264752
883	7	3877	3877	0.0666924
883	8	13	13	0.0123081
883	9	50256	50256	1.90735e-05
884	5	11	11	0.0791206
884	6	290	290	0.0120506
884	7	21813	21813	1.08669
884	8	4166	4166	0.338606
884	9	422	422	0.124285
884	10	9133	9133	0.169992
884	11	20328	20328	0.0674152
884	12	13	13	0.00050354
884	13	50256	50256	3.8147e-06
885	5	326	326	0.0281296
885	6	257	257	0.0258961
885	7	12649	12649	2.06015
885	8	460	460	0.0174122
885	9	12260	12260	0.341162
885	10	3264	3264	0.322785
885	11	13	13	0.00431442
885	12	50256	50256	3.8147e-06
886	5	286	286	0.00884628
886	6	10529	10529	0.279928
886	7	893	893	0.185202
886	8	325	325	0.267788
886	9	385	385	0.174128
886	10	287	287	0.026825
886	11	262	262	0.0368423
886	12	28032	28032	0.998775
886	13	13	13	0.0121422
886	14	50256	50256	0
887	5	2431	2431	0.0211678
887	6	13	13	0.00104523
887	7	50256	50256	0
888	5	11	11	0.0139008
888	6	543	543	0.154057
888	7	5419	5419	0.188397
888	8	262	262	0.0323849
888	9	1767	6156	2.33457
888	10	16274	16274	0.209717
888	11	27997	27997	0.104357
888	12	13	13	0
888	13	50256	50256	0.00141907
889	5	16704	16704	0.355935
889	6	279	279	0.883808
889	7	2150	2150	0.352365
889	8	1387	1387	0.194487
889	9	422	422	0.0469475
889	10	18577	18577	0.503087
889	11	33694	33694	0.15905
889	12	11904	11904	0.35062
889	13	13	13	0
889	14	50256	50256	0
890	5	388	388	0.315666
890	6	12007	12007	0.201178
890	7	1278	1278	0.210989
890	8	9189	9189	0.355989
890	9	21592	21592	0.359346
890	10	22830	22830	0.191769
890	11	290	290	0.0237808
890	12	584	584	0.319126
890	13	1171	1171	0.572433
890	14	5444	5444	0.202259
890	15	9928	9928	0.130613
890	16	13	13	1.52588e-05
890	17	50256	50256	9.15527e-05
891	5	286	286	0.0502014
891	6	8031	16252	4.42238
891	7	11	11	0.00944328
891	8	6296	6296	0.242121
891	9	319	319	0.0758362
891	10	262	262	0.0319805
891	11	309	569	2.40339
891	12	1856	1856	0.112188
891	13	5866	5866	0.0459442
891	14	13	13	0.00122643
891	15	50256	50256	7.62939e-06
892	5	416	416	0.00349808
892	6	763	763	0.546644
892	7	363	363	0.308929
892	8	8306	8306	0.439079
892	9	17797	17797	0.137709
892	10	7545	7545	0.354086
892	11	290	290	0.0044899
892	12	12273	12273	0.207767
892	13	262	262	0.0109806
892	14	7186	7186	1.6222
892	15	1090	1090	0.339995
892	16	9310	9310	0.269896
892	17	13	13	1.52588e-05
892	18	50256	50256	0
893	5	287	287	0.152857
893	6	23217	23217	0.352125
893	7	460	460	0.089325
893	8	1037	307	2.0721
893	9	2270	2270	0.342487
893	10	12586	12586	0.347749
893	11	5475	5475	0.105076
893	12	13	13	0
893	13	50256	50256	3.8147e-06
894	5	832	287	1.17261
894	6	262	262	0.00409508
894	7	17661	6616	2.99757
894	8	286	286	0.0335693
894	9	262	262	0.139658
894	10	3942	4417	3.46431
894	11	290	290	0.0433121
894	12	35769	35769	0.967942
894	13	666	666	0.3902
894	14	13375	13375	0.878025
894	15	13	13	0.000833511
894	16	50256	50256	3.8147e-06
895	5	1115	1115	0.257594
895	6	13043	13043	0.584411
895	7	326	326	0.143181
895	8	1296	1296	0.391099
895	9	257	257	0.0415688
895	10	2060	8701	2.55136
895	11	16257	16257	0.165079
895	12	13	13	7.62939e-06
895	13	50256	50256	0
896	5	8208	8208	0.512858
896	6	12	12	0.0699825
896	7	19412	19412	0.581172
896	8	7475	7475	0.174536
896	9	13	13	0.00473213
896	10	50256	50256	0
897	5	39880	39880	0.723804
897	6	460	460	0.0553627
897	7	1205	307	2.46467
897	8	656	656	0.129652
897	9	257	257	0.00789642
897	10	649	649	1.61065
897	11	4618	4618	0.538115
897	12	13	13	0
897	13	50256	50256	3.8147e-06
898	5	1350	1350	0.0476036
898	6	900	900	0.0478287
898	7	11597	11597	0.10326
898	8	7218	7218	0.0968304
898	9	22596	22596	0.150908
898	10	1871	1871	0.166988
898	11	28818	28818	0.143768
898	12	2127	2127	0.17222
898	13	5348	5348	0.244545
898	14	13	13	0.00272942
898	15	50256	50256	0
899	5	5838	5838	0.276979
899	6	286	286	0.00492477
899	7	38330	38330	0.186598
899	8	287	287	0.00770187
899	9	838	838	0.145584
899	10	2791	2791	0.0850601
899	11	13	13	3.8147e-06
899	12	50256	50256	0
900	5	11	11	0.0804443
900	6	717	717	2.24443
900	7	12	12	0.0275879
900	8	448	448	1.11771
900	9	16834	16834	0.582277
900	10	11	11	0.0229244
900	11	262	262	0.186052
900	12	14555	14555	0.883996
900	13	2087	2087	0.194295
900	14	2378	2378	0.628829
900	15	318	318	0.0987206
900	16	4615	4615	0.612443
900	17	717	717	0.433159
900	18	13	13	2.86102e-05
900	19	50256	50256	0
901	5	4180	4180	1.793
901	6	30121	30121	0.150272
901	7	319	319	0.037487
901	8	6163	6163	0.961813
901	9	3354	3354	0.369557
901	10	286	286	0.0045166
901	11	9664	9664	1.93321
901	12	13	13	0
901	13	50256	50256	0.00197983
902	5	3688	3688	0.152718
902	6	284	284	0.0472031
902	7	262	262	0.00939369
902	8	5485	5485	0.546782
902	9	286	286	0.0868587
902	10	257	257	0.0410614
902	11	6297	6297	0.237565
902	12	13	13	0.000371933
902	13	50256	50256	3.43323e-05
903	5	2318	2318	0.342364
903	6	19972	19972	0.160028
903	7	33174	33174	0.0961475
903	8	262	262	0.0044651
903	9	5366	5366	1.81341
903	10	16825	16825	0.663235
903	11	286	286	0.0001297
903	12	1194	3668	1.98402
903	13	13	13	0.00053215
903	14	50256	50256	0.0280495
904	5	16122	16122	0.574678
904	6	11732	11732	0.21204
904	7	337	337	0.49474
904	8	5847	5847	0.395206
904	9	2977	2977	0.144369
904	10	290	290	0.0491257
904	11	383	383	0.528832
904	12	367	367	0.600132
904	13	3316	3316	0.340335
904	14	1891	1891	0.166311
904	15	286	286	0.0331631
904	16	23382	23382	0.865233
904	17	12	12	0.125717
904	18	35	3470	5.94193
904	19	480	480	0.207615
904	20	13	13	0
904	21	50256	50256	0
905	5	625	625	0.00996017
905	6	3090	3090	0.396779
905	7	287	287	0.007164
905	8	8850	8850	0.0325012
905	9	34768	34768	0.2965
905	10	13	13	0.00031662
905	11	50256	50256	0.000350952
906	5	284	284	0.0491619
906	6	262	262	0.012413
906	7	28761	28761	0.421807
906	8	576	576	0.250705
906	9	1448	1448	0.246476
906	10	11	11	0.0786629
906	11	407	407	0.131405
906	12	262	262	0.00908661
906	13	38255	38255	0.497482
906	14	1547	1547	0.0399075
906	15	13	13	0.00115204
906	16	50256	50256	3.8147e-06
907	5	7861	7861	0.268757
907	6	11	11	0.064827
907	7	5387	5387	0.321842
907	8	14580	14580	0.823873
907	9	11	11	0.0272312
907	10	290	290	0.0086956
907	11	4596	1660	1.48089
907	12	6900	6900	0.0727959
907	13	286	286	0.00574875
907	14	19606	19606	0.339529
907	15	287	287	0.0192757
907	16	1660	1660	1.5478
907	17	3102	3102	0.190441
907	18	46916	46916	0.477135
907	19	13	13	0.00776863
907	20	50256	50256	0
908	5	3881	3881	0.400662
908	6	1296	1296	0.436341
908	7	257	257	0.0830631
908	8	4417	4417	0.555763
908	9	7679	7679	0.203485
908	10	1444	1444	0.0651836
908	11	842	842	0.430313
908	12	21446	21446	0.200085
908	13	319	319	0.0944118
908	14	262	262	9.53674e-05
908	15	6869	6869	1.3945
908	16	13	13	1.90735e-06
908	17	50256	50256	0.00043869
909	5	286	286	0.104769
909	6	257	257	0.255255
909	7	35991	1588	7.10565
909	8	423	423	0.0757179
909	9	4961	4961	1.49553
909	10	20428	20428	0.276096
909	11	13	13	0.000709534
909	12	50256	50256	5.34058e-05
910	5	10349	3188	2.13144
910	6	618	618	0.384724
910	7	663	663	0.257248
910	8	5002	5002	1.20255
910	9	48813	48813	0.495804
910	10	422	422	0.0961628
910	11	13181	13181	0.551517
910	12	1459	1459	0.344858
910	13	13	13	0
910	14	50256	50256	3.8147e-06
911	5	3623	8234	4.22277
911	6	25037	25037	0.531302
911	7	13640	13640	0.338945
911	8	355	355	0.0982399
911	9	44030	44030	1.44637
911	10	3881	3881	2.37213
911	11	4735	4735	0.665869
911	12	6945	6945	0.241789
911	13	13	13	0.00354004
911	14	50256	50256	0
912	5	12269	12269	0.454695
912	6	11	11	0.131252
912	7	1660	1660	0.509243
912	8	11	11	0.063448
912	9	290	290	0.114214
912	10	38084	38084	0.323566
912	11	14093	14093	0.06884
912	12	1818	1818	0.0707436
912	13	13	13	0.000152588
912	14	50256	50256	3.8147e-06
913	5	689	689	0.105705
913	6	9664	9664	0.795517
913	7	351	351	0.104132
913	8	28096	28096	0.866226
913	9	925	925	0.140345
913	10	1262	1262	0.291769
913	11	257	257	0.0920601
913	12	17598	17598	0.887794
913	13	290	290	0.0862942
913	14	4704	1441	3.12093
913	15	13	13	0.000192642
913	16	50256	50256	1.52588e-05
914	5	2057	2057	0.013998
914	6	422	422	0.0823612
914	7	1660	1660	0.527253
914	8	351	351	0.1423
914	9	13375	13375	1.78483
914	10	287	287	0.053009
914	11	511	511	0.237982
914	12	28552	28552	0.171631
914	13	13	13	0.000102997
914	14	50256	50256	1.90735e-05
915	5	262	262	0.0250778
915	6	3463	3463	0.692953
915	7	286	286	0.0104485
915	8	262	262	0.068573
915	9	11711	11711	0.837947
915	10	20085	20085	0.591972
915	11	416	416	0.035677
915	12	281	281	0.113382
915	13	2134	2134	0.267091
915	14	13	13	0.0136414
915	15	50256	50256	0
916	5	262	262	0.00489235
916	6	12108	12108	0.39971
916	7	286	286	0.00974464
916	8	17837	17837	1.15719
916	9	11	11	0.0591164
916	10	318	318	0.190384
916	11	17837	17837	0.915372
916	12	338	338	0.141056
916	13	3139	3139	0.814661
916	14	13	13	1.90735e-05
916	15	50256	50256	0
917	5	37270	37270	0.23315
917	6	11	11	0.0371914
917	7	30872	30872	0.283304
917	8	11	11	0.030283
917	9	290	290	0.020319
917	10	21506	21506	0.331619
917	11	13	13	0
917	12	50256	50256	0.000530243
918	5	3668	3668	0.99481
918	6	8318	8318	0.317472
918	7	832	832	0.215567
918	8	16468	16468	0.779473
918	9	1364	1364	0.261882
918	10	416	416	0.0824585
918	11	401	401	0.668055
918	12	1039	1039	0.0676346
918	13	13	13	0.000352859
918	14	50256	50256	3.8147e-06
919	5	44741	44741	0.243429
919	6	17757	17757	0.18362
919	7	319	319	0.0427971
919	8	4849	4849	0.120361
919	9	47967	47967	0.0736713
919	10	28847	28847	0.0737553
919	11	287	287	0.00636864
919	12	4492	4492	0.143564
919	13	13	13	0
919	14	50256	50256	0
920	5	350	350	0.788591
920	6	9160	9160	0.264084
920	7	373	373	0.126173
920	8	3170	3170	0.169981
920	9	355	355	0.21986
920	10	257	257	0.00669861
920	11	8966	8966	1.85878
920	12	10580	10580	0.105021
920	13	13	13	0.0096035
920	14	50256	50256	3.8147e-06
921	5	257	257	0.00498009
921	6	5252	5252	0.300219
921	7	33413	33413	0.164305
921	8	8902	8902	0.139837
921	9	351	351	0.0492859
921	10	281	281	0.0484524
921	11	18762	18762	0.152399
921	12	2890	2890	0.0526237
921	13	5797	5797	0.0369816
921	14	13	13	0
921	15	50256	50256	1.14441e-05
922	5	1811	1811	0.37781
922	6	6300	6300	0.212551
922	7	286	286	0.00292969
922	8	262	262	0.0596485
922	9	2939	5337	1.76339
922	10	1444	1444	0.0595474
922	11	383	383	0.42875
922	12	36306	36306	0.106514
922	13	13	13	0.00568581
922	14	50256	50256	0
923	5	460	460	0.0383701
923	6	2620	2620	0.412094
923	7	257	257	0.0447845
923	8	2700	2700	0.411424
923	9	338	338	0.127419
923	10	6225	6225	0.270254
923	11	1245	1245	0.196652
923	12	13	13	0.00421524
923	13	50256	50256	0
924	5	286	286	0.0127258
924	6	262	262	0.043438
924	7	3624	3624	0.262467
924	8	14705	14705	0.691264
924	9	287	287	0.080328
924	10	674	674	0.371869
924	11	6591	6591	0.0776644
924	12	1080	1080	0.0926113
924	13	13	13	0.0344906
924	14	50256	50256	0
925	5	42742	42742	0.249685
925	6	656	656	0.0681076
925	7	734	734	0.355839
925	8	4957	4957	0.201845
925	9	17751	17751	0.256754
925	10	72	72	0.110682
925	11	13	13	0.00653839
925	12	50256	50256	3.8147e-06
926	5	257	257	0.0617733
926	6	41236	2060	3.6342
926	7	338	338	0.181105
926	8	4417	4417	1.43827
926	9	389	389	0.394755
926	10	7009	389	4.66161
926	11	1981	1981	0.290142
926	12	15921	15921	0.192014
926	13	13	13	0.0037117
926	14	50256	50256	0
927	5	286	286	0.0182705
927	6	262	262	0.00448227
927	7	39046	39046	0.449357
927	8	973	973	0.0936909
927	9	416	416	0.265495
927	10	867	867	0.371182
927	11	5044	5044	0.39612
927	12	4778	4778	0.256746
927	13	13	13	0.000324249
927	14	50256	50256	9.15527e-05
928	5	5496	5496	0.0845833
928	6	326	326	0.0256424
928	7	460	460	0.0233002
928	8	2291	2291	0.486656
928	9	6134	6134	0.584126
928	10	11	11	0.0580425
928	11	5916	5916	0.371649
928	12	11	11	0.000713348
928	13	290	290	0.00617218
928	14	23426	23426	0.487194
928	15	13	13	3.05176e-05
928	16	50256	50256	7.62939e-06
929	5	287	287	0.0134182
929	6	40941	40941	0.322823
929	7	15190	15190	0.0414295
929	8	290	290	0.0137653
929	9	24768	24768	0.284742
929	10	13	13	0.000776291
929	11	50256	50256	3.8147e-06
930	5	2081	8811	1.89007
930	6	691	1296	3.99041
930	7	618	618	0.781376
930	8	1111	663	1.6815
930	9	286	286	0.0776081
930	10	663	663	0.0721455
930	11	17311	4171	2.62978
930	12	389	389	0.279108
930	13	2081	2081	1.16123
930	14	13	13	0
930	15	50256	50256	3.43323e-05
931	5	3597	3597	0.399478
931	6	1080	1080	0.187756
931	7	973	973	0.184689
931	8	329	329	0.35516
931	9	6983	6983	0.139317
931	10	13	13	0.000362396
931	11	50256	50256	0
932	5	262	262	0.0396786
932	6	976	976	0.543045
932	7	6115	6115	0.136522
932	8	355	355	0.0427284
932	9	530	530	0.365643
932	10	27216	27216	0.255185
932	11	1247	1247	0.185444
932	12	16912	16912	0.0636272
932	13	13	13	0.00668335
932	14	50256	50256	0
933	5	416	416	0.192472
933	6	530	511	1.87457
933	7	5667	5667	0.645393
933	8	326	326	0.131222
933	9	1271	1271	1.66949
933	10	21588	21588	0.131882
933	11	13	13	0
933	12	50256	50256	0
934	5	17825	17825	0.0546112
934	6	287	287	0.00526619
934	7	294	294	0.0902138
934	8	6037	6037	0.0413132
934	9	13	13	0.00543213
934	10	50256	50256	0
935	5	3878	4417	2.30857
935	6	17084	17084	0.152222
935	7	318	318	0.0282402
935	8	257	257	0.18417
935	9	4898	1573	3.99888
935	10	9967	9967	0.886516
935	11	3601	3601	0.435246
935	12	11	11	0.0816059
935	13	407	407	0.259161
935	14	281	281	0.227013
935	15	3056	3056	0.328762
935	16	12036	12036	0.175999
935	17	13	13	0
935	18	50256	50256	7.62939e-06
936	5	416	416	0.0213871
936	6	14583	14583	0.907251
936	7	257	257	0.139868
936	8	6314	4847	2.66015
936	9	379	379	0.0487957
936	10	511	511	0.325829
936	11	27390	2656	2.10722
936	12	16649	16649	0.306542
936	13	13	13	0
936	14	50256	50256	0
937	5	11	11	0.00359344
937	6	1444	407	2.15534
937	7	262	262	0.000879288
937	8	1162	8434	5.31494
937	9	4450	4450	0.559321
937	10	11	11	0.0709362
937	11	318	8122	5.15186
937	12	37546	8122	3.82441
937	13	621	621	0.128138
937	14	663	257	3.97796
937	15	7424	5422	5.79727
937	16	4417	4417	1.0118
937	17	13	13	0.0153008
937	18	50256	50256	0
938	5	281	281	0.017498
938	6	2134	2134	0.30444
938	7	338	338	0.100533
938	8	15432	15432	0.30527
938	9	2458	2458	0.0492802
938	10	351	351	0.205078
938	11	640	734	3.74157
938	12	13	13	0.00103951
938	13	50256	50256	0
939	5	37008	37008	0.424181
939	6	379	379	0.0733471
939	7	5043	5043	0.407951
939	8	286	286	0.0809021
939	9	2910	2910	0.942877
939	10	8837	8837	0.421547
939	11	5095	5095	0.0928764
939	12	13	13	0.00031662
939	13	50256	50256	3.8147e-05
940	5	286	286	0.0257874
940	6	987	987	0.391529
940	7	48331	48331	0.0898743
940	8	4847	4847	0.701147
940	9	351	351	0.262115
940	10	257	257	0.0990486
940	11	3867	8557	3.19913
940	12	28982	28982	0.0995865
940	13	13	13	0.000839233
940	14	50256	50256	3.8147e-06
941	5	257	257	0.00356674
941	6	22746	22746	0.236116
941	7	656	656	0.00775909
941	8	42713	42713	0.0336208
941	9	13	13	0.00692368
941	10	50256	50256	0
942	5	257	257	0.18136
942	6	1729	1729	1.39087
942	7	22570	22570	0.0872173
942	8	1271	1271	0.367794
942	9	3607	3607	0.392328
942	10	6632	6632	0.391741
942	11	13	13	0.00285339
942	12	50256	50256	0
943	5	1588	1588	1.30738
943	6	24969	24969	0.387962
943	7	602	602	0.378611
943	8	618	618	0.0853634
943	9	257	257	0.0108089
943	10	1080	1080	1.84442
943	11	318	318	0.0198708
943	12	7986	7986	1.12413
943	13	1474	1474	0.0903606
943	14	257	257	0.0293217
943	15	3288	8837	2.19452
943	16	8373	8373	0.305605
943	17	13	13	0.00431061
943	18	50256	50256	3.8147e-06
944	5	2278	2033	2.67445
944	6	618	618	0.0946903
944	7	257	257	0.0218716
944	8	636	636	0.858081
944	9	318	318	0.0401669
944	10	10574	10574	0.390635
944	11	13	13	0.00416946
944	12	50256	50256	7.62939e-06
945	5	11	11	0.0499516
945	6	47394	47394	0.807087
945	7	507	507	0.287457
945	8	389	389	0.087059
945	9	610	610	0.174133
945	10	620	620	0.181549
945	11	77	77	0.169207
945	12	2340	2340	0.1068
945	13	2138	2138	0.0759926
945	14	621	621	0.0712376
945	15	19435	19435	0.818873
945	16	13	13	0
945	17	50256	50256	0
946	5	5101	5101	0.970154
946	6	290	290	0.0917549
946	7	734	734	0.728514
946	8	2392	2392	0.462221
946	9	13017	13017	0.221643
946	10	41192	41192	0.124441
946	11	13	13	0.000526428
946	12	50256	50256	7.62939e-06
947	5	5389	5389	0.487885
947	6	290	290	0.107752
947	7	1440	1180	3.51756
947	8	826	826	1.09644
947	9	18333	18333	0.23632
947	10	13	13	0
947	11	50256	50256	1.14441e-05
948	5	4778	4778	0.431133
948	6	7685	7685	0.474595
948	7	3994	3994	0.302053
948	8	6337	6337	0.158087
948	9	42742	42742	0.0764599
948	10	13	13	0
948	11	50256	50256	0
949	5	286	286	0.035284
949	6	1402	1402	0.811031
949	7	19468	19468	0.333157
949	8	5028	5028	0.323687
949	9	16083	16083	0.194927
949	10	925	925	0.0828209
949	11	422	422	0.115366
949	12	5026	5026	0.111931
949	13	47196	47196	0.113922
949	14	13	13	0
949	15	50256	50256	3.8147e-06
950	5	11	11	0.0875816
950	6	530	530	0.303705
950	7	256	256	0.914616
950	8	478	478	0.212229
950	9	9229	9229	0.14937
950	10	7480	7480	0.142672
950	11	1715	1715	0.222473
950	12	2412	2412	0.194502
950	13	11061	11061	0.0731468
950	14	1194	340	2.09858
950	15	13	13	0.0243874
950	16	50256	50256	1.52588e-05
951	5	13017	13017	0.200436
951	6	6958	6958	0.193035
951	7	1626	1626	0.0726166
951	8	281	281	0.0688572
951	9	13187	13187	0.168886
951	10	13	13	0
951	11	50256	50256	0
952	5	262	262	0.00783348
952	6	1767	1767	0.967847
952	7	338	338	0.0767879
952	8	10900	10900	0.967404
952	9	18370	18370	0.133389
952	10	13	13	0.000431061
952	11	50256	50256	7.62939e-06
953	5	10816	10816	0.342579
953	6	34537	34537	0.167826
953	7	1900	1900	0.132286
953	8	329	329	0.161163
953	9	1588	1588	0.831517
953	10	4636	4636	0.207769
953	11	874	874	0.0897264
953	12	13	13	0
953	13	50256	50256	0
954	5	3994	3994	0.0289288
954	6	5348	5348	0.277078
954	7	286	286	0.00814247
954	8	9838	9838	0.332981
954	9	5773	5773	0.120518
954	10	290	290	0.0476894
954	11	300	300	0.283717
954	12	12009	12009	0.111917
954	13	7408	7408	0.418657
954	14	11492	11492	0.0655308
954	15	13	13	0
954	16	50256	50256	3.8147e-05
955	5	48573	48573	0.748666
955	6	4618	4618	0.332595
955	7	338	338	0.255484
955	8	19643	19643	1.11814
955	9	2261	2261	0.195742
955	10	460	460	0.0542545
955	11	1205	1205	1.36966
955	12	656	656	0.0775223
955	13	257	257	0.055603
955	14	9403	9403	0.758025
955	15	13	13	0
955	16	50256	50256	3.8147e-06
956	5	1663	1663	0.357134
956	6	287	287	0.0238895
956	7	17475	17475	0.247524
956	8	12493	12493	0.381845
956	9	12824	12824	0.073391
956	10	416	416	0.0205765
956	11	8268	8268	0.998034
956	12	1660	1660	0.275532
956	13	13	13	0.00094986
956	14	50256	50256	0
957	5	12	12	0.173113
957	6	46155	46155	0.730212
957	7	1296	1296	0.127522
957	8	286	286	0.167921
957	9	7729	7729	0.710859
957	10	3194	3194	0.480454
957	11	287	287	0.0452404
957	12	257	257	0.0129414
957	13	8300	8300	1.7932
957	14	3303	3303	0.247034
957	15	13	13	2.47955e-05
957	16	50256	50256	0
958	5	905	905	0.134302
958	6	281	281	0.0323639
958	7	21388	21388	0.350636
958	8	18032	18032	0.126381
958	9	12	12	0.044878
958	10	489	489	0.361116
958	11	1523	1523	0.133169
958	12	2776	2776	0.135801
958	13	287	287	0.0496597
958	14	3594	3594	0.184545
958	15	13	13	0.0139961
958	16	50256	50256	0
959	5	11	11	0.0650997
959	6	290	290	0.283594
959	7	1395	1395	0.731317
959	8	12	12	0.0587158
959	9	20477	20477	1.73277
959	10	5594	5594	0.342083
959	11	284	284	0.000585556
959	12	262	262	0.245747
959	13	976	976	0.58063
959	14	31094	31094	0.871314
959	15	10958	10958	0.11454
959	16	13	13	2.28882e-05
959	17	50256	50256	1.90735e-05
960	5	14795	14795	0.0652981
960	6	3754	3754	0.140516
960	7	11694	11694	0.0685463
960	8	36103	36103	0.0762825
960	9	4178	4178	0.0525799
960	10	287	287	0.00356674
960	11	9225	9225	0.0833035
960	12	18671	18671	0.0439434
960	13	13	13	4.19617e-05
960	14	50256	50256	3.8147e-06
961	5	257	257	0.00143433
961	6	1486	1486	0.664334
961	7	416	416	0.0325317
961	8	5086	5086	0.905973
961	9	2587	2587	0.100046
961	10	284	284	0.0470772
961	11	1208	1208	0.996242
961	12	832	832	0.0511055
961	13	6163	6163	0.375059
961	14	28431	28431	0.205261
961	15	13	13	0.00177765
961	16	50256	50256	0
962	5	257	257	0.0985279
962	6	9314	9314	0.675087
962	7	11	11	0.0122223
962	8	6149	6149	0.515131
962	9	4269	4269	0.339649
962	10	286	286	0.0197315
962	11	9881	9881	0.151659
962	12	13	13	0.0022583
962	13	50256	50256	8.01086e-05
963	5	22532	22532	0.317442
963	6	7475	7475	0.32184
963	7	287	287	0.0741348
963	8	281	281	0.118135
963	9	3594	3594	0.77953
963	10	36246	36246	0.0881863
963	11	13	13	0.0023613
963	12	50256	50256	0
964	5	734	734	0.559772
964	6	8950	8950	0.15756
964	7	13	13	2.09808e-05
964	8	50256	50256	0
965	5	867	867	0.575726
965	6	5667	5667	0.71811
965	7	511	511	0.22699
965	8	16704	16704	0.490167
965	9	4077	4077	1.41965
965	10	3124	3124	0.51812
965	11	13	13	0
965	12	50256	50256	0
966	5	284	284	0.030365
966	6	11945	307	1.7572
966	7	287	287	0.00361252
966	8	262	262	0.0673046
966	9	1692	976	3.4301
966	10	1767	1767	0.293509
966	11	13	13	0.000185013
966	12	50256	50256	0
967	5	5419	5419	0.207319
967	6	3608	3608	1.2111
967	7	262	262	0.12089
967	8	1692	1692	1.24312
967	9	1767	1767	1.0479
967	10	13	13	0.0058403
967	11	50256	50256	0
968	5	663	663	0.0541859
968	6	20884	20884	0.524448
968	7	966	966	0.215244
968	8	13	13	0.00215721
968	9	50256	50256	1.14441e-05
969	5	9368	9368	0.3922
969	6	5374	5374	0.239058
969	7	83	83	0.258408
969	8	270	270	0.0851765
969	9	9620	9620	0.074398
969	10	6204	6204	0.132219
969	11	319	319	0.066185
969	12	281	281	0.0881081
969	13	7022	7022	0.34189
969	14	287	287	0.0141048
969	15	6233	6233	0.133421
969	16	3567	3567	0.105038
969	17	66	66	0.120672
969	18	25634	25634	0.291658
969	19	13	13	0.000181198
969	20	50256	50256	0
970	5	511	511	0.0358353
970	6	30514	30514	1.66868
970	7	284	284	0.208967
970	8	6654	6654	0.412831
970	9	23311	23311	0.114313
970	10	13	13	0.000144958
970	11	50256	50256	0
971	5	13055	13055	0.0338154
971	6	262	262	0.00648499
971	7	18560	18560	0.246378
971	8	1900	1900	0.124224
971	9	355	355	0.0257015
971	10	262	262	0.00481415
971	11	2892	2892	0.471321
971	12	64	64	0.149675
971	13	15378	15378	0.0629101
971	14	13	13	0.000453949
971	15	50256	50256	0
972	5	262	262	0.0610085
972	6	7475	7475	2.29651
972	7	286	286	0.13822
972	8	257	257	0.0839405
972	9	1573	1573	1.62099
972	10	393	393	0.0748672
972	11	9546	9546	1.79145
972	12	284	284	0.0529728
972	13	1296	1296	0.340052
972	14	1194	1194	0.148537
972	15	13888	13888	0.169674
972	16	13	13	0.000144958
972	17	50256	50256	0
973	5	4886	4886	0.402547
973	6	23221	23221	0.711996
973	7	2458	2458	0.320473
973	8	284	284	0.05299
973	9	257	257	0.14187
973	10	2512	3623	3.60958
973	11	286	286	0.0805626
973	12	1366	4898	3.00437
973	13	13	13	0
973	14	50256	50256	3.8147e-06
974	5	16577	16577	1.82064
974	6	336	336	0.374943
974	7	328	328	0.409044
974	8	5356	5356	0.460045
974	9	34262	34262	0.477043
974	10	422	422	0.0208969
974	11	257	257	0.268938
974	12	4693	4693	2.11509
974	13	286	286	0.133434
974	14	6763	6763	0.300261
974	15	9042	9042	0.0688419
974	16	13	13	0
974	17	50256	50256	0
975	5	2344	2344	0.204374
975	6	18190	18190	0.261042
975	7	22425	22425	0.187859
975	8	6450	6450	0.183356
975	9	13	13	0.000183105
975	10	50256	50256	0
976	5	20838	20838	0.728339
976	6	11	11	0.0296078
976	7	16397	16397	0.234137
976	8	11	11	0.0256062
976	9	290	290	0.00125504
976	10	449	449	0.173941
976	11	391	391	0.145758
976	12	28814	28814	0.253437
976	13	13	13	0.00205994
976	14	50256	50256	0.000259399
977	5	290	290	0.00751686
977	6	39381	39381	2.43428
977	7	11061	11061	0.053751
977	8	3668	3668	0.404394
977	9	338	338	0.0457592
977	10	4417	4417	0.442151
977	11	13	13	0.00207138
977	12	50256	50256	6.10352e-05
978	5	2128	2128	1.29043
978	6	618	618	0.178955
978	7	1633	1633	1.2271
978	8	318	318	0.0932293
978	9	7924	7924	0.762529
978	10	1973	1973	0.091732
978	11	262	262	0.0124645
978	12	5743	5743	1.07203
978	13	286	286	0.00926018
978	14	663	663	0.223948
978	15	5422	13179	2.77872
978	16	7604	7604	0.575972
978	17	13	13	0.0192719
978	18	50256	50256	0.0022316
979	5	21558	21558	1.20169
979	6	416	416	0.199108
979	7	9645	543	3.43998
979	8	340	340	0.173548
979	9	287	287	0.36878
979	10	257	257	0.235983
979	11	8769	8769	1.25875
979	12	77	77	0.319696
979	13	13	13	0.0107994
979	14	50256	50256	0
980	5	1146	1146	0.114016
980	6	5047	5047	0.286562
980	7	13166	13166	0.115892
980	8	23537	23537	0.440664
980	9	422	422	0.0449238
980	10	262	262	0.00168991
980	11	3825	3825	0.634153
980	12	13	13	0
980	13	50256	50256	0.000617981
981	5	286	286	0.0709095
981	6	17322	17322	1.1018
981	7	11	11	0.039896
981	8	7363	7363	0.479826
981	9	319	319	0.111591
981	10	262	262	0.00844002
981	11	6035	6035	1.62603
981	12	3266	3266	0.277191
981	13	5866	5866	0.133339
981	14	13	13	0.00727463
981	15	50256	50256	0
982	5	373	373	0.00643921
982	6	925	925	0.0936384
982	7	329	329	0.0697384
982	8	262	262	0.00532341
982	9	22234	22234	0.515305
982	10	3716	3716	0.0704432
982	11	286	286	0.00678635
982	12	31482	31482	0.113907
982	13	16380	16380	0.0596161
982	14	31663	31663	0.0270519
982	15	13	13	0.000282288
982	16	50256	50256	0
983	5	393	393	0.0494614
983	6	9421	9421	0.13669
983	7	1063	1063	0.129595
983	8	13	13	0
983	9	50256	50256	3.8147e-06
984	5	2134	2134	0.540506
984	6	338	338	0.0428848
984	7	6268	6268	1.14301
984	8	3585	3585	0.273347
984	9	284	284	0.0516796
984	10	262	262	0.567848
984	11	7346	7346	0.937567
984	12	1633	1633	0.221432
984	13	13	13	5.72205e-05
984	14	50256	50256	7.62939e-06
985	5	1123	1123	0.428928
985	6	5752	5752	1.71405
985	7	11	11	0.223606
985	8	5721	5721	1.3384
985	9	11	11	0.0983791
985	10	290	290	0.00811005
985	11	1115	1115	0.682778
985	12	12	12	0.4181
985	13	1525	1525	0.824493
985	14	12	12	0.0149899
985	15	15542	15542	0.492739
985	16	3091	3091	0.309956
985	17	4909	4909	0.0919266
985	18	262	262	0.0198555
985	19	19561	19561	1.45752
985	20	530	530	0.801346
985	21	832	832	0.0656281
985	22	5193	5193	0.0878029
985	23	1752	1752	0.101513
985	24	1123	1123	0.0116425
985	25	13	13	0
985	26	50256	50256	0
986	5	4909	4909	0.1131
986	6	1115	1115	0.751607
986	7	12785	12785	0.511108
986	8	14729	14729	0.238512
986	9	286	286	0.00199127
986	10	5100	5100	0.358083
986	11	7475	7475	0.305341
986	12	13	13	0
986	13	50256	50256	0
987	5	734	734	0.761304
987	6	3967	3967	0.781766
987	7	2659	2659	0.670641
987	8	271	271	0.28527
987	9	669	669	0.361679
987	10	13	13	0.00270844
987	11	50256	50256	0
988	5	286	286	0.0035038
988	6	257	257	0.00771713
988	7	19690	19690	0.267942
988	8	1683	1683	0.205652
988	9	14809	14809	0.116302
988	10	5509	5509	0.169229
988	11	13	13	0.00125504
988	12	50256	50256	0
989	5	7135	7135	0.648771
989	6	314	314	0.854151
989	7	48476	48476	0.209988
989	8	14664	14664	0.166836
989	9	286	286	0.0139008
989	10	23519	23519	0.201845
989	11	13	13	0
989	12	50256	50256	0.000328064
990	5	19942	19942	0.178175
990	6	326	326	0.044569
990	7	3994	3994	0.58168
990	8	663	663	0.0708218
990	9	11904	11904	0.625193
990	10	13	13	2.47955e-05
990	11	50256	50256	0
991	5	3146	5667	2.97073
991	6	11	11	0.213037
991	7	262	262	0.0407066
991	8	34768	34768	1.66469
991	9	1612	1612	0.781532
991	10	318	318	0.0423374
991	11	511	511	0.467888
991	12	2160	2160	2.21183
991	13	9086	9086	0.33935
991	14	416	416	0.180635
991	15	511	511	0.292253
991	16	954	954	0.972352
991	17	13	13	6.10352e-05
991	18	50256	50256	1.14441e-05
992	5	291	291	0.145138
992	6	2456	2456	0.927386
992	7	44638	44638	0.216816
992	8	393	393	0.122038
992	9	1950	1950	0.280863
992	10	5238	5238	0.460384
992	11	11	11	0.147654
992	12	355	355	0.0901508
992	13	14713	14713	0.111227
992	14	857	857	0.0518475
992	15	13	13	0.0215702
992	16	50256	50256	0
993	5	5485	5485	0.915379
993	6	284	284	0.0727139
993	7	1037	1037	1.65361
993	8	2962	2962	2.30269
993	9	319	319	0.292376
993	10	5563	307	2.95217
993	11	379	379	0.541348
993	12	1180	1180	0.945671
993	13	18868	18868	0.903186
993	14	13	13	0.00221252
993	15	50256	50256	0
994	5	47306	47306	0.36709
994	6	2427	2427	0.118931
994	7	286	286	0.00519943
994	8	9194	9194	0.824098
994	9	12734	12734	0.217032
994	10	393	393	0.0879879
994	11	11904	11904	0.654045
994	12	13	13	0.000207901
994	13	50256	50256	0
995	5	20462	20462	0.430557
995	6	416	416	0.0501289
995	7	18381	18381	0.570457
995	8	449	449	0.29427
995	9	19210	19210	0.184509
995	10	287	287	0.0190372
995	11	4088	4088	0.184551
995	12	286	286	0.00217628
995	13	38367	38367	0.713306
995	14	83	83	0.298779
995	15	1031	1031	0.200798
995	16	8882	8882	0.293667
995	17	282	282	0.263968
995	18	13	13	0.00167274
995	19	50256	50256	0
996	5	9151	19561	3.6295
996	6	4417	4417	0.349629
996	7	290	290	0.256773
996	8	18616	18616	2.23882
996	9	867	867	0.396575
996	10	5385	5667	4.06694
996	11	5417	3881	1.77157
996	12	9813	684	1.52322
996	13	13	13	0.00302696
996	14	50256	50256	0
997	5	262	262	0.0161133
997	6	976	976	0.381364
997	7	19528	19528	0.154907
997	8	290	290	0.025856
997	9	2651	2651	1.02863
997	10	739	739	0.0623188
997	11	663	663	0.0847912
997	12	7147	7147	0.20197
997	13	3555	3555	0.133116
997	14	9831	9831	0.0887489
997	15	13	13	0.000171661
997	16	50256	50256	7.62939e-06
998	5	460	460	0.0026226
998	6	2380	2380	0.115494
998	7	17759	17759	0.140211
998	8	7310	7310	0.257886
998	9	1643	1643	0.322312
998	10	7572	7572	0.113108
998	11	13	13	0
998	12	50256	50256	0.000118256
999	5	4961	4961	0.61925
999	6	284	284	0.0224857
999	7	8208	8208	0.480916
999	8	12	12	0.00809288
999	9	13261	13261	0.658484
999	10	1411	1411	0.110836
999	11	13	13	4.19617e-05
999	12	50256	50256	0
1000	5	1326	1326	0.117247
1000	6	263	263	0.144808
1000	7	338	338	0.0443096
1000	8	7430	7430	1.69722
1000	9	351	351	0.0384312
1000	10	257	257	0.016552
1000	11	18482	18482	2.66326
1000	12	2905	2905	0.317432
1000	13	1806	1806	0.181122
1000	14	28539	28539	0.298874
1000	15	257	257	0.0259399
1000	16	3785	3785	1.94168
1000	17	5762	5762	0.0807247
1000	18	257	257	0.00157356
1000	19	7858	7858	1.79516
1000	20	3820	3820	0.0592442
1000	21	13	13	0.00280762
1000	22	50256	50256	0.0029068
1001	5	262	262	0.0140896
1001	6	2679	2679	0.370628
1001	7	291	291	0.0652275
1001	8	8478	8478	0.36713
1001	9	286	286	0.0176888
1001	10	262	262	0.0119801
1001	11	40136	40136	1.06826
1001	12	12	12	0.0358791
1001	13	22030	22030	0.734869
1001	14	3303	3303	0.191158
1001	15	1641	1641	0.065094
1001	16	13	13	6.48499e-05
1001	17	50256	50256	3.43323e-05
1002	5	271	271	0.0599155
1002	6	1630	1630	0.112083
1002	7	262	262	0.0141335
1002	8	2546	2546	0.241791
1002	9	286	286	0.0011425
1002	10	262	262	0.00226974
1002	11	34047	34047	0.113428
1002	12	13	13	9.53674e-06
1002	13	50256	50256	9.53674e-05
1003	5	40959	40959	0.905169
1003	6	11	11	0.0603333
1003	7	38985	38985	0.461365
1003	8	1111	1111	0.459354
1003	9	6341	6341	0.282356
1003	10	286	286	0.00711441
1003	11	262	262	0.0800095
1003	12	6035	1180	3.43286
1003	13	3266	3266	0.453365
1003	14	13	13	0.00385857
1003	15	50256	50256	0.0213089
1004	5	290	290	0.00759125
1004	6	3771	3771	0.158949
1004	7	10456	10456	0.121998
1004	8	501	501	0.139935
1004	9	3033	3033	0.0986195
1004	10	10674	10674	0.129372
1004	11	14025	14025	0.163721
1004	12	316	316	0.145163
1004	13	290	290	0.0237503
1004	14	16703	16703	0.534874
1004	15	10594	10594	0.109776
1004	16	1789	1789	0.100071
1004	17	7491	7491	0.134899
1004	18	948	948	0.0875435
1004	19	13	13	0.00069809
1004	20	50256	50256	0.00175858
1005	5	2714	2714	0.173124
1005	6	379	379	0.0326462
1005	7	45760	45760	0.107059
1005	8	287	287	0.0283146
1005	9	10315	10315	0.168887
1005	10	13	13	0.00376701
1005	11	50256	50256	0
1006	5	25299	25299	0.521363
1006	6	373	373	0.185854
1006	7	6198	6198	0.150188
1006	8	3170	3170	0.0846825
1006	9	355	355	0.0666637
1006	10	257	257	0.00608063
1006	11	4302	4302	0.305862
1006	12	4928	4928	0.0905628
1006	13	13	13	0.000402451
1006	14	50256	50256	0.000209808
1007	5	1204	1204	1.3519
1007	6	6772	6772	0.094389
1007	7	1626	1626	0.0736446
1007	8	530	530	0.313375
1007	9	3957	3957	1.26681
1007	10	1622	1622	0.253487
1007	11	13	13	0.00758934
1007	12	50256	50256	3.8147e-06
1008	5	1440	1440	0.722386
1008	6	12	12	0.0924988
1008	7	32041	32041	1.25745
1008	8	9998	9998	0.369509
1008	9	286	286	0.0210247
1008	10	3668	383	1.51176
1008	11	338	338	0.0990906
1008	12	5894	5894	2.02806
1008	13	8137	8137	0.268139
1008	14	416	416	0.20266
1008	15	6115	6115	1.09514
1008	16	13	13	4.57764e-05
1008	17	50256	50256	0
1009	5	23129	23129	0.274077
1009	6	286	286	0.000499725
1009	7	262	262	0.0229969
1009	8	7993	7993	1.01745
1009	9	8065	8065	0.0746174
1009	10	13	13	0
1009	11	50256	50256	0.0035553
1010	5	12278	12278	0.268286
1010	6	6737	6737	0.307028
1010	7	656	656	0.0939922
1010	8	38071	543	3.65431
1010	9	326	326	0.0525856
1010	10	4439	4439	0.622145
1010	11	2128	2128	1.17777
1010	12	13	13	0
1010	13	50256	50256	0
1011	5	8122	8122	1.05282
1011	6	3102	3102	1.48102
1011	7	46916	46916	0.278374
1011	8	11	11	0.109005
1011	9	4771	1660	1.86587
1011	10	24770	24770	0.396996
1011	11	11	11	0.0930557
1011	12	393	393	0.679558
1011	13	1111	1633	7.42668
1011	14	9951	9951	0.613935
1011	15	287	287	0.0301495
1011	16	1633	262	1.69205
1011	17	13	13	0.000295639
1011	18	50256	50256	0
1012	5	8811	8122	1.78871
1012	6	1663	8811	2.95796
1012	7	355	355	0.36204
1012	8	2060	16021	2.32092
1012	9	4778	4778	0.548882
1012	10	13	13	0.0155392
1012	11	50256	50256	0
1013	5	262	262	0.032074
1013	6	19561	19561	1.54818
1013	7	6632	6632	0.701051
1013	8	290	290	0.0658741
1013	9	530	530	0.690033
1013	10	13	13	0.0305462
1013	11	50256	50256	0
1014	5	12389	12389	0.0689106
1014	6	286	286	0.00119019
1014	7	257	257	0.296528
1014	8	1692	1692	0.845789
1014	9	16162	16162	0.0690804
1014	10	13	13	0.0211163
1014	11	50256	50256	3.8147e-05
1015	5	422	422	0.17338
1015	6	257	257	0.437944
1015	7	2166	10349	4.28145
1015	8	6333	6333	0.341763
1015	9	1806	1806	0.43768
1015	10	284	284	0.0781956
1015	11	257	257	0.158529
1015	12	8286	6314	3.01997
1015	13	599	599	0.14599
1015	14	30431	30431	0.0555019
1015	15	13	13	0.00255585
1015	16	50256	50256	2.28882e-05
1016	5	257	257	0.0217323
1016	6	11831	35991	2.09239
1016	7	5186	5186	0.09305
1016	8	1459	1459	0.571015
1016	9	284	284	0.0810909
1016	10	49306	49306	0.410946
1016	11	13	13	7.62939e-06
1016	12	50256	50256	0
1017	5	16649	16649	0.705873
1017	6	621	621	0.0696831
1017	7	2266	38467	2.32371
1017	8	5788	5788	1.01695
1017	9	13	13	0.0415344
1017	10	50256	50256	0
1018	5	257	257	0.0415745
1018	6	4469	4469	0.810641
1018	7	2138	2138	0.0532665
1018	8	621	621	0.00919914
1018	9	5055	5055	0.280345
1018	10	5000	5000	0.0956745
1018	11	1479	1479	0.0493031
1018	12	13	13	0
1018	13	50256	50256	0
1019	5	5594	5594	0.0419044
1019	6	284	284	0.0135918
1019	7	25794	25794	0.590231
1019	8	290	290	0.0311699
1019	9	6486	6486	0.919466
1019	10	287	287	0.208027
1019	11	262	262	0.0282974
1019	12	8211	6869	3.04616
1019	13	10692	10692	0.0784416
1019	14	13	13	0.000736237
1019	15	50256	50256	3.8147e-06
1020	5	2134	2134	0.396787
1020	6	1656	1656	0.123217
1020	7	284	284	0.0259933
1020	8	9117	9117	1.18377
1020	9	3812	3812	0.156223
1020	10	393	393	0.117149
1020	11	1497	1497	0.450817
1020	12	422	422	0.0274334
1020	13	262	262	0.000469208
1020	14	19091	19091	0.193764
1020	15	13	13	0.0018692
1020	16	50256	50256	0
1021	5	416	416	0.0020256
1021	6	14583	14583	0.486834
1021	7	257	257	0.0220242
1021	8	1218	1218	1.79632
1021	9	1182	1182	0.106585
1021	10	706	706	0.171173
1021	11	36075	36075	0.178788
1021	12	13	13	0.000976562
1021	13	50256	50256	3.8147e-06
1022	5	9951	12737	1.98435
1022	6	2057	2057	0.710855
1022	7	422	422	0.153072
1022	8	262	262	0.343884
1022	9	1660	1692	6.87447
1022	10	1088	460	1.74565
1022	11	606	606	1.76569
1022	12	13	13	0
1022	13	50256	50256	7.62939e-06
1023	5	41408	41408	0.050024
1023	6	1088	1088	0.0370235
1023	7	6716	6716	0.157517
1023	8	6971	6971	0.898476
1023	9	13	13	0.00337029
1023	10	50256	50256	0
1024	5	4556	4556	0.0428238
1024	6	1223	1223	0.0826893
1024	7	48237	48237	0.0773354
1024	8	663	663	0.0157185
1024	9	9706	9706	0.0970211
1024	10	13	13	0
1024	11	50256	50256	0.00350189
