line_1based	target_token_index_0based	target_id	predicted_id	loss
1	5	31219	31219	4.95911e-05
1	6	680	680	3.05176e-05
1	7	511	511	1.90735e-05
1	8	1862	1862	0.000125885
1	9	13	13	0
1	10	50256	50256	0
2	5	286	286	5.72205e-06
2	6	10211	10211	0.000143051
2	7	318	318	1.90735e-06
2	8	3221	3221	0.000583649
2	9	10693	10693	0.00028801
2	10	618	618	0.000162125
2	11	9759	9759	0.000494003
2	12	284	284	0.00163841
2	13	262	262	0
2	14	5044	5044	5.53131e-05
2	15	13	13	1.33514e-05
2	16	50256	50256	0
3	5	1205	1205	0.000148773
3	6	2641	2641	0.000322342
3	7	663	663	0.000169754
3	8	20596	20596	0.00158691
3	9	11	11	0
3	10	11222	11222	0.000379562
3	11	88	88	0.000175476
3	12	4645	4645	0.000347137
3	13	13	13	3.8147e-05
3	14	50256	50256	0
4	5	5922	5922	0.000183105
4	6	39966	39966	0.000242233
4	7	287	287	1.90735e-06
4	8	257	257	3.62396e-05
4	9	36594	36594	0.000160217
4	10	290	290	0
4	11	1577	1577	0.000400543
4	12	4082	4082	3.8147e-05
4	13	13	13	1.90735e-06
4	14	50256	50256	0
5	5	945	945	6.86646e-05
5	6	4439	4439	0.000228882
5	7	23938	23938	0.000116348
5	8	26742	26742	0.000219345
5	9	981	981	2.28882e-05
5	10	30580	30580	2.47955e-05
5	11	511	511	3.8147e-06
5	12	8954	8954	1.90735e-05
5	13	13022	13022	3.43323e-05
5	14	13	13	0
5	15	50256	50256	0
6	5	5739	5739	0.000141144
6	6	11	11	3.8147e-06
6	7	281	281	0.000123978
6	8	2134	2134	0.000238419
6	9	351	351	0.000116348
6	10	645	645	7.62939e-05
6	11	2010	2010	0.000228882
6	12	2700	2700	3.24249e-05
6	13	16047	16047	0.000286102
6	14	6937	6937	0.000104904
6	15	15432	15432	0.000116348
6	16	13	13	0
6	17	50256	50256	0
7	5	296	296	0.000816345
7	6	1045	1045	0.00037384
7	7	1249	1249	0.000682831
7	8	21678	21678	0.000253677
7	9	284	284	1.14441e-05
7	10	1445	1445	0.000143051
7	11	832	832	9.53674e-06
7	12	12835	12835	0.000112534
7	13	16649	16649	0.000116348
7	14	13	13	4.00543e-05
7	15	50256	50256	0
8	5	734	734	0.000139236
8	6	9403	9403	8.58307e-05
8	7	5667	5667	0.000101089
8	8	13	13	0
8	9	50256	50256	0
9	5	4983	4983	0.000118256
9	6	355	355	2.09808e-05
9	7	281	281	7.62939e-06
9	8	14312	14312	7.82013e-05
9	9	20562	20562	2.86102e-05
9	10	3716	3716	4.76837e-05
9	11	13	13	3.8147e-06
9	12	50256	50256	0
10	5	13522	13522	0.000177383
10	6	5732	5732	3.8147e-05
10	7	663	663	0.000162125
10	8	29973	29973	0.000165939
10	9	2785	2785	0.000114441
10	10	2568	2568	9.72748e-05
10	11	13	13	3.8147e-06
10	12	50256	50256	0
11	5	284	284	5.72205e-06
11	6	787	787	4.3869e-05
11	7	34476	34476	0.00041008
11	8	1141	1141	0.000240326
11	9	5205	5205	0.000160217
11	10	44411	44411	0.000104904
11	11	13	13	0
11	12	50256	50256	0
12	5	257	257	0.000991821
12	6	43836	43836	8.7738e-05
12	7	416	416	2.09808e-05
12	8	12304	12304	0.000118256
12	9	1780	1780	0.000270844
12	10	299	299	0.000286102
12	11	12345	12345	0.000173569
12	12	1088	1088	9.91821e-05
12	13	281	281	1.14441e-05
12	14	14709	14709	8.39233e-05
12	15	415	415	0.00037384
12	16	13	13	5.72205e-06
12	17	50256	50256	0
13	5	257	257	1.90735e-06
13	6	12505	12505	7.82013e-05
13	7	3716	3716	4.57764e-05
13	8	287	287	3.8147e-06
13	9	1944	1944	5.34058e-05
13	10	12	12	7.62939e-06
13	11	820	820	9.53674e-05
13	12	31057	31057	5.91278e-05
13	13	13	13	0
13	14	50256	50256	0
14	5	2173	2173	0.000209808
14	6	284	284	0.000154495
14	7	3435	3435	0.00028038
14	8	973	973	0.000417709
14	9	287	287	0
14	10	867	867	8.58307e-05
14	11	3597	3597	0.000114441
14	12	3341	3341	0.000188828
14	13	13	13	1.14441e-05
14	14	50256	50256	0
15	5	3665	3665	0.000217438
15	6	7405	7405	0.000120163
15	7	284	284	6.29425e-05
15	8	1057	1057	0.000839233
15	9	2138	2138	1.90735e-06
15	10	621	621	3.8147e-06
15	11	6129	6129	0.000450134
15	12	13	13	0
15	13	50256	50256	0
16	5	471	471	0.000328064
16	6	5031	5031	0.000276566
16	7	272	272	0.000310898
16	8	7012	7012	0.000278473
16	9	9459	9459	0.000257492
16	10	11	11	3.8147e-06
16	11	281	281	5.14984e-05
16	12	37874	37874	0.000490189
16	13	1748	1748	0.000171661
16	14	13	13	3.8147e-06
16	15	50256	50256	0
17	5	326	326	1.90735e-06
17	6	2107	2107	0.000198364
17	7	287	287	1.90735e-06
17	8	8389	8389	0.000139236
17	9	20848	20848	4.76837e-05
17	10	13	13	1.90735e-06
17	11	50256	50256	0
18	5	11863	11863	4.57764e-05
18	6	351	351	2.86102e-05
18	7	262	262	7.62939e-06
18	8	1037	1037	0.000110626
18	9	286	286	2.67029e-05
18	10	16869	16869	5.91278e-05
18	11	49835	49835	6.48499e-05
18	12	13	13	0
18	13	50256	50256	0
19	5	257	257	1.90735e-06
19	6	20562	20562	0.000162125
19	7	290	290	0
19	8	28757	28757	0.000118256
19	9	3716	3716	5.53131e-05
19	10	287	287	7.62939e-06
19	11	17113	17113	0.000118256
19	12	4763	4763	0.000200272
19	13	11	11	3.8147e-06
19	14	8602	8602	8.2016e-05
19	15	13	13	0
19	16	50256	50256	0
20	5	286	286	3.8147e-06
20	6	15238	15238	0.000146866
20	7	11	11	3.24249e-05
20	8	257	257	0.000116348
20	9	42238	42238	8.39233e-05
20	10	1499	1499	0.00012207
20	11	13	13	0
20	12	50256	50256	0
21	5	3665	3665	8.7738e-05
21	6	25041	25041	0.000106812
21	7	11278	11278	0.00028038
21	8	326	326	5.72205e-06
21	9	460	460	0.000167847
21	10	11589	11589	4.76837e-05
21	11	8976	8976	4.95911e-05
21	12	257	257	0
21	13	16161	16161	0.000181198
21	14	338	338	2.47955e-05
21	15	22204	22204	0.000326157
21	16	13	13	3.8147e-06
21	17	50256	50256	0
22	5	17669	17669	0.000598907
22	6	23235	23235	1.33514e-05
22	7	40270	40270	0.000354767
22	8	284	284	0.000169754
22	9	530	530	0.0004673
22	10	11863	11863	0.00028038
22	11	22037	22037	0.000108719
22	12	13	13	1.90735e-06
22	13	50256	50256	0
23	5	1262	1262	3.8147e-06
23	6	4839	4839	2.67029e-05
23	7	12	12	0
23	8	29289	29289	6.67572e-05
23	9	15835	15835	2.09808e-05
23	10	13	13	0
23	11	50256	50256	0
24	5	286	286	5.72205e-06
24	6	4771	4771	0.000123978
24	7	326	326	2.28882e-05
24	8	1445	1445	9.15527e-05
24	9	739	739	0.000131607
24	10	511	511	2.86102e-05
24	11	898	898	1.33514e-05
24	12	3463	3463	0.000104904
24	13	13	13	0
24	14	50256	50256	0
25	5	976	976	1.90735e-05
25	6	355	355	2.28882e-05
25	7	1194	1194	0.000154495
25	8	1573	1573	5.34058e-05
25	9	475	475	0.000278473
25	10	460	460	2.67029e-05
25	11	13238	13238	0.00028038
25	12	287	287	0.000190735
25	13	3616	3616	0.00021553
25	14	393	393	0.000234604
25	15	24993	24993	0.000143051
25	16	13	13	1.90735e-06
25	17	50256	50256	0
26	5	8384	8384	0.000102997
26	6	319	319	8.58307e-05
26	7	5667	5667	0.000291824
26	8	11	11	3.8147e-06
26	9	8701	8701	0.000228882
26	10	274	274	0.000234604
26	11	11	11	2.09808e-05
26	12	290	290	6.29425e-05
26	13	584	584	0.000226974
26	14	4618	4618	0.000209808
26	15	2587	2587	0.000225067
26	16	13	13	0
26	17	50256	50256	0
27	5	284	284	7.62939e-06
27	6	4735	4735	0.00195312
27	7	318	318	9.53674e-06
27	8	1444	1444	0
27	9	32553	32553	0.000169754
27	10	13	13	0
27	11	50256	50256	0
28	5	287	287	0
28	6	257	257	3.8147e-06
28	7	269	269	5.72205e-06
28	8	8325	8325	0.000104904
28	9	298	298	8.39233e-05
28	10	5931	5931	8.58307e-05
28	11	6314	6314	0.000114441
28	12	13	13	3.8147e-06
28	13	50256	50256	0
29	5	25834	25834	0.000322342
29	6	17783	17783	0.000144958
29	7	7545	7545	8.2016e-05
29	8	3805	3805	5.14984e-05
29	9	1719	1719	3.05176e-05
29	10	645	645	4.76837e-05
29	11	37368	37368	0.000123978
29	12	13	13	0
29	13	50256	50256	0
30	5	6071	6071	0.000125885
30	6	2641	2641	0.000118256
30	7	257	257	7.62939e-06
30	8	24911	24911	2.28882e-05
30	9	13	13	7.62939e-06
30	10	50256	50256	0
31	5	12491	12491	0.00030899
31	6	265	265	0.000211716
31	7	318	318	0
31	8	407	407	0.000427246
31	9	257	257	0
31	10	1611	1611	1.52588e-05
31	11	286	286	1.90735e-06
31	12	17135	17135	0.000295639
31	13	13	13	0
31	14	50256	50256	0
32	5	11	11	1.90735e-06
32	6	262	262	0
32	7	9848	9848	7.62939e-05
32	8	286	286	0
32	9	14580	14580	0.000257492
32	10	21767	21767	0.000143051
32	11	262	262	1.71661e-05
32	12	9848	9848	4.00543e-05
32	13	286	286	0
32	14	18349	18349	0.000284195
32	15	13	13	3.8147e-06
32	16	50256	50256	0
33	5	1123	1123	6.10352e-05
33	6	584	584	1.14441e-05
33	7	1973	1973	7.24792e-05
33	8	262	262	1.90735e-06
33	9	41407	41407	0.00015831
33	10	286	286	0
33	11	47403	47403	0.00021553
33	12	13	13	3.8147e-06
33	13	50256	50256	0
34	5	416	416	5.72205e-06
34	6	2876	2876	9.72748e-05
34	7	3723	3723	0.000135422
34	8	290	290	0
34	9	27172	27172	9.34601e-05
34	10	3101	3101	0.000370026
34	11	267	267	0.000152588
34	12	265	265	0.000164032
34	13	21824	21824	0.000169754
34	14	13	13	0
34	15	50256	50256	0
35	5	663	663	1.90735e-05
35	6	9686	9686	7.05719e-05
35	7	290	290	0
35	8	6727	6727	9.15527e-05
35	9	10645	10645	2.47955e-05
35	10	13	13	1.90735e-06
35	11	50256	50256	0
36	5	11880	11880	0.000429153
36	6	5419	5419	7.43866e-05
36	7	340	340	6.86646e-05
36	8	2824	2824	0.000478745
36	9	5931	5931	0.000209808
36	10	1321	1321	7.82013e-05
36	11	422	422	8.39233e-05
36	12	663	663	9.53674e-06
36	13	21334	21334	2.86102e-05
36	14	13	13	0
36	15	50256	50256	0
37	5	287	287	0
37	6	262	262	9.91821e-05
37	7	8434	8434	0.000146866
37	8	1027	1027	0.00106049
37	9	4909	4909	0.000734329
37	10	23326	23326	0.000404358
37	11	4778	4778	4.76837e-05
37	12	2950	2950	0.000360489
37	13	287	287	0
37	14	4854	4854	0.000160217
37	15	13	13	0
37	16	50256	50256	0
38	5	2630	2630	4.3869e-05
38	6	262	262	0
38	7	5337	5337	4.95911e-05
38	8	44487	44487	6.86646e-05
38	9	9869	9869	0.000116348
38	10	12898	12898	7.82013e-05
38	11	546	546	2.47955e-05
38	12	257	257	3.8147e-06
38	13	8557	8557	3.43323e-05
38	14	7002	7002	1.90735e-05
38	15	13	13	0
38	16	50256	50256	0
39	5	257	257	0.000125885
39	6	38712	38712	0.000417709
39	7	460	460	2.09808e-05
39	8	6486	6486	0.000133514
39	9	379	379	0.000143051
39	10	845	845	0.000293732
39	11	1180	1180	7.62939e-06
39	12	18868	18868	0.000541687
39	13	422	422	0.000112534
39	14	3668	3668	0.000162125
39	15	13	13	1.33514e-05
39	16	50256	50256	0
40	5	976	976	1.71661e-05
40	6	1271	1271	7.62939e-06
40	7	286	286	5.72205e-06
40	8	28722	28722	0.000204086
40	9	355	355	1.33514e-05
40	10	1237	1237	0.000246048
40	11	684	684	0.000102997
40	12	13	13	1.33514e-05
40	13	50256	50256	0
41	5	5048	5048	0.000804901
41	6	82	82	5.14984e-05
41	7	4731	4731	0.000200272
41	8	1938	1938	0.000329971
41	9	284	284	3.8147e-06
41	10	458	458	0.000530243
41	11	1347	1347	9.15527e-05
41	12	2138	2138	3.24249e-05
41	13	621	621	4.3869e-05
41	14	9563	9563	9.34601e-05
41	15	262	262	0
41	16	13042	13042	3.62396e-05
41	17	13	13	0
41	18	50256	50256	0
42	5	1712	1712	0.000839233
42	6	32107	32107	0.000310898
42	7	1296	1296	0.000148773
42	8	262	262	1.90735e-06
42	9	20831	20831	6.10352e-05
42	10	24491	24491	0.000259399
42	11	22829	22829	2.28882e-05
42	12	13	13	0
42	13	50256	50256	0
43	5	3825	3825	0.000509262
43	6	318	318	3.62396e-05
43	7	1444	1444	1.71661e-05
43	8	262	262	1.14441e-05
43	9	2825	2825	0.000480652
43	10	22829	22829	9.34601e-05
43	11	13	13	5.72205e-06
43	12	50256	50256	0
44	5	262	262	9.53674e-06
44	6	3825	3825	0.00031662
44	7	11	11	9.53674e-06
44	8	21094	21094	0.000133514
44	9	468	468	9.72748e-05
44	10	257	257	3.24249e-05
44	11	37546	37546	0.000127792
44	12	2811	2811	0.000165939
44	13	4417	4417	0.000150681
44	14	13	13	0
44	15	50256	50256	0
45	5	257	257	1.33514e-05
45	6	5863	5863	8.2016e-05
45	7	670	670	6.86646e-05
45	8	416	416	3.43323e-05
45	9	12386	12386	0.000108719
45	10	46525	46525	6.29425e-05
45	11	13	13	1.90735e-06
45	12	50256	50256	0
46	5	262	262	0
46	6	9653	9653	3.62396e-05
46	7	326	326	1.33514e-05
46	8	8080	8080	0.000120163
46	9	607	607	9.53674e-06
46	10	18815	18815	2.47955e-05
46	11	13	13	0
46	12	50256	50256	0
47	5	422	422	5.72205e-06
47	6	826	826	4.00543e-05
47	7	284	284	1.33514e-05
47	8	1364	1364	3.05176e-05
47	9	13	13	9.53674e-06
47	10	50256	50256	0
48	5	1872	1872	0.000598907
48	6	389	389	0.000110626
48	7	3917	3917	0.00022316
48	8	351	351	3.8147e-06
48	9	12281	12281	0.000238419
48	10	64	64	0.000120163
48	11	399	399	0.000110626
48	12	9019	9019	9.91821e-05
48	13	13	13	9.53674e-06
48	14	50256	50256	0
49	5	257	257	3.8147e-06
49	6	1296	1296	4.76837e-05
49	7	286	286	1.90735e-06
49	8	31094	31094	0.000768661
49	9	11881	11881	0.000125885
49	10	13	13	0
49	11	50256	50256	0
50	5	17226	17226	0.000392914
50	6	1271	1271	4.76837e-05
50	7	286	286	0
50	8	597	597	0.000362396
50	9	5931	5931	5.72205e-05
50	10	5002	5002	8.96454e-05
50	11	13	13	7.62939e-06
50	12	50256	50256	0
51	5	422	422	1.52588e-05
51	6	262	262	5.72205e-06
51	7	15921	15921	0.000188828
51	8	286	286	0
51	9	19450	19450	6.10352e-05
51	10	7150	7150	7.82013e-05
51	11	13	13	0
51	12	50256	50256	0
52	5	25388	25388	4.76837e-05
52	6	3623	3623	9.53674e-06
52	7	284	284	1.33514e-05
52	8	1620	1620	0.000112534
52	9	12370	12370	0.000196457
52	10	670	670	4.00543e-05
52	11	13	13	1.90735e-06
52	12	50256	50256	0
53	5	262	262	0.000844955
53	6	6869	6869	0.000993729
53	7	7021	7021	0.000156403
53	8	636	636	0.000385284
53	9	393	393	0.000221252
53	10	477	477	0.000185013
53	11	286	286	0
53	12	262	262	3.8147e-06
53	13	3825	3825	5.72205e-05
53	14	422	422	0.00931358
53	15	1570	1570	6.48499e-05
53	16	13	13	1.90735e-06
53	17	50256	50256	0
54	5	393	393	3.43323e-05
54	6	7686	7686	6.10352e-05
54	7	3170	3170	1.14441e-05
54	8	422	422	1.90735e-05
54	9	5100	5100	3.24249e-05
54	10	18955	18955	6.29425e-05
54	11	4991	4991	8.2016e-05
54	12	13	13	1.90735e-06
54	13	50256	50256	0
55	5	3872	3872	5.53131e-05
55	6	3815	3815	0.00018692
55	7	884	884	9.91821e-05
55	8	355	355	5.72205e-06
55	9	2081	2081	3.05176e-05
55	10	290	290	0
55	11	3991	3991	4.95911e-05
55	12	13	13	0
55	13	50256	50256	0
56	5	6903	6903	0.000228882
56	6	286	286	1.33514e-05
56	7	1692	1692	3.8147e-05
56	8	2910	2910	0.000270844
56	9	13	13	2.47955e-05
56	10	50256	50256	0
57	5	287	287	3.8147e-06
57	6	2166	2166	0.000513077
57	7	286	286	3.24249e-05
57	8	663	663	0.000205994
57	9	3491	3491	0.000236511
57	10	460	460	5.72205e-06
57	11	2728	2728	0.000371933
57	12	257	257	5.72205e-06
57	13	40757	40757	0.000114441
57	14	19550	19550	0.000398636
57	15	287	287	0
57	16	262	262	0
57	17	3491	3491	5.34058e-05
57	18	338	338	7.05719e-05
57	19	22204	22204	5.53131e-05
57	20	13	13	1.90735e-06
57	21	50256	50256	0
58	5	3170	3170	5.72205e-06
58	6	12972	12972	7.62939e-05
58	7	43591	43591	4.76837e-05
58	8	355	355	1.33514e-05
58	9	15100	15100	3.05176e-05
58	10	16667	16667	3.8147e-05
58	11	1443	1443	3.43323e-05
58	12	13	13	0
58	13	50256	50256	0
59	5	1510	1510	6.10352e-05
59	6	400	400	3.62396e-05
59	7	286	286	1.90735e-06
59	8	257	257	4.00543e-05
59	9	4326	4326	1.52588e-05
59	10	13	13	1.90735e-06
59	11	50256	50256	0
60	5	735	735	6.48499e-05
60	6	460	460	1.90735e-05
60	7	10199	10199	2.86102e-05
60	8	284	284	4.76837e-05
60	9	5044	5044	0.00650024
60	10	9230	9230	3.8147e-05
60	11	13	13	0
60	12	50256	50256	0
61	5	290	290	2.86102e-05
61	6	38467	38467	0.00031662
61	7	5594	5594	0.000358582
61	8	284	284	0.000144958
61	9	262	262	1.90735e-05
61	10	304	304	0.00021553
61	11	2724	2724	6.67572e-05
61	12	560	560	0.00037384
61	13	6421	6421	7.24792e-05
61	14	13	13	0
61	15	50256	50256	0
62	5	13971	13971	3.24249e-05
62	6	9403	9403	2.67029e-05
62	7	42626	42626	4.57764e-05
62	8	3349	3349	2.86102e-05
62	9	739	739	3.8147e-05
62	10	11080	11080	3.8147e-05
62	11	3403	3403	1.71661e-05
62	12	13	13	5.72205e-06
62	13	50256	50256	0
63	5	7319	7319	4.00543e-05
63	6	16379	16379	2.67029e-05
63	7	13	13	0
63	8	50256	50256	0
64	5	47933	47933	8.01086e-05
64	6	832	832	1.71661e-05
64	7	257	257	9.53674e-06
64	8	8122	8122	2.09808e-05
64	9	13	13	1.33514e-05
64	10	50256	50256	0
65	5	2339	2339	0.000146866
65	6	8573	8573	0.000106812
65	7	326	326	4.19617e-05
65	8	1037	1037	0.000167847
65	9	606	606	0.000106812
65	10	7906	7906	9.15527e-05
65	11	832	832	5.72205e-06
65	12	262	262	0
65	13	1633	1633	5.14984e-05
65	14	13	13	0
65	15	50256	50256	0
66	5	262	262	1.90735e-06
66	6	5417	5417	0.000236511
66	7	832	832	3.24249e-05
66	8	257	257	9.91821e-05
66	9	25979	25979	6.29425e-05
66	10	287	287	3.8147e-06
66	11	10836	10836	0.000183105
66	12	13	13	0
66	13	50256	50256	0
67	5	286	286	1.90735e-06
67	6	7517	7517	0.000263214
67	7	11	11	8.58307e-05
67	8	319	319	4.19617e-05
67	9	262	262	5.14984e-05
67	10	5866	5866	9.53674e-05
67	11	406	406	0.000774384
67	12	733	733	0.000297546
67	13	2959	2959	0.000255585
67	14	13	13	2.09808e-05
67	15	50256	50256	0
68	5	4778	4778	0.000171661
68	6	326	326	1.71661e-05
68	7	3031	3031	8.96454e-05
68	8	284	284	1.90735e-05
68	9	15938	15938	0.000471115
68	10	26306	26306	6.48499e-05
68	11	287	287	1.52588e-05
68	12	40333	40333	0.00015831
68	13	13	13	9.53674e-06
68	14	50256	50256	0
69	5	284	284	1.71661e-05
69	6	45075	45075	0.000104904
69	7	262	262	0
69	8	1271	1271	0.000448227
69	9	286	286	0
69	10	23235	23235	6.10352e-05
69	11	286	286	1.90735e-06
69	12	1123	1123	7.05719e-05
69	13	5002	5002	6.48499e-05
69	14	13	13	0
69	15	50256	50256	0
70	5	287	287	9.91821e-05
70	6	663	663	2.86102e-05
70	7	13179	13179	4.57764e-05
70	8	13	13	3.8147e-05
70	9	50256	50256	0
71	5	3623	3623	0.000276566
71	6	11	11	0.000492096
71	7	8977	8977	0.000665665
71	8	11	11	3.8147e-06
71	9	290	290	1.71661e-05
71	10	3223	3223	8.96454e-05
71	11	2300	2300	0.000417709
71	12	1978	1978	0.000160217
71	13	287	287	1.71661e-05
71	14	27982	27982	5.53131e-05
71	15	13	13	1.90735e-06
71	16	50256	50256	0
72	5	11904	11904	6.48499e-05
72	6	832	832	7.62939e-05
72	7	2005	2005	3.62396e-05
72	8	83	83	0.000747681
72	9	654	654	6.48499e-05
72	10	393	393	0.000146866
72	11	584	584	0.000104904
72	12	7494	7494	0.000244141
72	13	876	876	0.000188828
72	14	8573	8573	0.000165939
72	15	13	13	0
72	16	50256	50256	0
73	5	5451	5451	4.76837e-05
73	6	3407	3407	8.2016e-05
73	7	262	262	1.90735e-06
73	8	25868	25868	2.86102e-05
73	9	5882	5882	1.90735e-05
73	10	1757	1757	3.62396e-05
73	11	7698	7698	1.33514e-05
73	12	13	13	0
73	13	50256	50256	0
74	5	351	351	3.05176e-05
74	6	7572	7572	2.86102e-05
74	7	286	286	1.90735e-06
74	8	4376	4376	4.3869e-05
74	9	22969	22969	3.05176e-05
74	10	13	13	3.8147e-06
74	11	50256	50256	0
75	5	24866	24866	0.000185013
75	6	284	284	9.53674e-06
75	7	257	257	3.8147e-06
75	8	2440	2440	0.000432968
75	9	11067	11067	5.91278e-05
75	10	7078	7078	0.000112534
75	11	13	13	7.62939e-06
75	12	50256	50256	0
76	5	13020	13020	0.000135422
76	6	34262	34262	0.000190735
76	7	422	422	9.15527e-05
76	8	257	257	0.000349045
76	9	8701	8701	9.53674e-05
76	10	13	13	1.90735e-06
76	11	50256	50256	0
77	5	2826	2826	0.000167847
77	6	351	351	5.14984e-05
77	7	663	663	0.000253677
77	8	1767	1767	9.53674e-05
77	9	4855	4855	0.000125885
77	10	1022	1022	3.8147e-05
77	11	262	262	1.71661e-05
77	12	2137	2137	5.91278e-05
77	13	338	338	1.52588e-05
77	14	14475	14475	3.05176e-05
77	15	13	13	1.90735e-06
77	16	50256	50256	0
78	5	11061	11061	0.000110626
78	6	257	257	3.8147e-06
78	7	37327	37327	0.000169754
78	8	4645	4645	0.000339508
78	9	1900	1900	3.8147e-05
78	10	355	355	1.33514e-05
78	11	262	262	1.90735e-06
78	12	6124	6124	0.000209808
78	13	6391	6391	0.000190735
78	14	17180	17180	0.000257492
78	15	13	13	0
78	16	50256	50256	0
79	5	351	351	5.53131e-05
79	6	281	281	1.90735e-05
79	7	30690	30690	7.82013e-05
79	8	6082	6082	5.53131e-05
79	9	286	286	9.53674e-06
79	10	5186	5186	9.15527e-05
79	11	3877	3877	5.53131e-05
79	12	13	13	0
79	13	50256	50256	0
80	5	6342	6342	0.000297546
80	6	11	11	9.34601e-05
80	7	257	257	3.05176e-05
80	8	1748	1748	0.000101089
80	9	319	319	1.71661e-05
80	10	262	262	0.000114441
80	11	1001	1001	0.000135422
80	12	500	500	7.43866e-05
80	13	13	13	0.000143051
80	14	50256	50256	0
81	5	1141	1141	6.48499e-05
81	6	262	262	0
81	7	1110	1110	0.000181198
81	8	618	618	8.7738e-05
81	9	1956	1956	0.000967026
81	10	1175	1175	0.000392914
81	11	907	907	0.000116348
81	12	5443	5443	0.000579834
81	13	621	621	2.28882e-05
81	14	6716	6716	8.96454e-05
81	15	1660	1660	7.62939e-05
81	16	13	13	0
81	17	50256	50256	0
82	5	10157	10157	0.000133514
82	6	549	549	0.000104904
82	7	32653	32653	0.000108719
82	8	297	297	8.96454e-05
82	9	544	544	3.43323e-05
82	10	7813	7813	6.29425e-05
82	11	37834	37834	2.47955e-05
82	12	13	13	0
82	13	50256	50256	0
83	5	1271	1271	1.14441e-05
83	6	4249	4249	0.000173569
83	7	257	257	1.52588e-05
83	8	4633	4633	6.29425e-05
83	9	1271	1271	1.90735e-06
83	10	13	13	0
83	11	50256	50256	0
84	5	3139	3139	7.43866e-05
84	6	286	286	3.8147e-06
84	7	10836	10836	0.000177383
84	8	11	11	1.14441e-05
84	9	287	287	7.62939e-06
84	10	262	262	1.33514e-05
84	11	1499	1499	0.000240326
84	12	338	338	1.71661e-05
84	13	5093	5093	0.000200272
84	14	13	13	0
84	15	50256	50256	0
85	5	19812	19812	5.53131e-05
85	6	20775	20775	6.67572e-05
85	7	25730	25730	2.86102e-05
85	8	17628	17628	2.67029e-05
85	9	13	13	1.90735e-06
85	10	50256	50256	0
86	5	318	318	1.90735e-06
86	6	4635	4635	0.000198364
86	7	416	416	4.76837e-05
86	8	38797	38797	9.34601e-05
86	9	278	278	0.000102997
86	10	37624	37624	0.00021553
86	11	41266	41266	3.8147e-05
86	12	351	351	6.10352e-05
86	13	8268	8268	0.000108719
86	14	13	13	0
86	15	50256	50256	0
87	5	262	262	1.71661e-05
87	6	10359	10359	7.82013e-05
87	7	290	290	3.8147e-06
87	8	262	262	5.72205e-06
87	9	10329	10329	2.09808e-05
87	10	13	13	1.90735e-06
87	11	50256	50256	0
88	5	11685	11685	1.90735e-06
88	6	286	286	5.72205e-06
88	7	18190	18190	0.000335693
88	8	290	290	0
88	9	511	511	0.000597
88	10	3585	3585	7.43866e-05
88	11	6116	6116	5.34058e-05
88	12	13	13	0
88	13	50256	50256	0
89	5	18044	18044	0.00015831
89	6	1633	1633	8.01086e-05
89	7	832	832	1.90735e-05
89	8	511	511	0.000114441
89	9	6611	6611	2.28882e-05
89	10	28439	28439	3.05176e-05
89	11	13	13	0
89	12	50256	50256	0
90	5	15061	15061	0.000150681
90	6	36402	36402	0.000587463
90	7	286	286	0
90	8	257	257	1.52588e-05
90	9	19690	19690	0.000413895
90	10	5509	5509	0.00167656
90	11	13	13	0
90	12	50256	50256	0
91	5	11	11	1.90735e-06
91	6	1690	1690	7.62939e-05
91	7	41266	41266	0.000291824
91	8	393	393	0.00022316
91	9	2511	2511	0.000112534
91	10	680	680	0.000282288
91	11	11	11	3.8147e-06
91	12	351	351	7.24792e-05
91	13	1622	1622	8.58307e-05
91	14	654	654	0.000139236
91	15	13	13	3.8147e-05
91	16	50256	50256	0
92	5	4104	4104	7.82013e-05
92	6	1088	1088	3.8147e-05
92	7	17648	17648	0.000173569
92	8	290	290	0
92	9	832	832	3.62396e-05
92	10	28431	28431	9.91821e-05
92	11	13	13	0
92	12	50256	50256	0
93	5	257	257	1.33514e-05
93	6	2139	2139	7.24792e-05
93	7	3170	3170	1.90735e-06
93	8	319	319	9.53674e-06
93	9	262	262	1.52588e-05
93	10	5230	5230	7.43866e-05
93	11	2138	2138	1.71661e-05
93	12	621	621	0.000146866
93	13	257	257	7.62939e-06
93	14	6171	6171	0.000741959
93	15	5177	5177	0.000406265
93	16	329	329	4.00543e-05
93	17	262	262	0
93	18	5230	5230	0.000154495
93	19	13	13	0
93	20	50256	50256	0
94	5	6588	6588	0.000135422
94	6	17556	17556	0.00043869
94	7	326	326	2.86102e-05
94	8	5419	5419	6.86646e-05
94	9	8509	8509	5.91278e-05
94	10	15756	15756	2.47955e-05
94	11	4485	4485	3.43323e-05
94	12	13	13	0
94	13	50256	50256	0
95	5	11073	11073	8.2016e-05
95	6	281	281	7.62939e-06
95	7	772	772	0.00028038
95	8	18253	18253	3.62396e-05
95	9	13	13	3.8147e-06
95	10	50256	50256	0
96	5	318	318	2.86102e-05
96	6	262	262	9.53674e-06
96	7	1218	1218	5.72205e-05
96	8	13	13	1.90735e-06
96	9	50256	50256	0
97	5	262	262	1.90735e-06
97	6	20938	20938	0.000764847
97	7	7679	7679	0.000356674
97	8	1444	1444	9.53674e-06
97	9	262	262	1.14441e-05
97	10	14673	14673	4.00543e-05
97	11	22829	22829	2.67029e-05
97	12	13	13	0
97	13	50256	50256	0
98	5	6870	6870	0.000263214
98	6	8787	8787	0.000669479
98	7	1231	1231	1.33514e-05
98	8	38875	38875	0.000541687
98	9	1123	1123	3.8147e-05
98	10	4637	4637	0.000583649
98	11	257	257	0.000188828
98	12	4571	4571	6.86646e-05
98	13	13	13	1.14441e-05
98	14	50256	50256	0
99	5	2138	2138	3.8147e-06
99	6	621	621	9.53674e-05
99	7	1660	1660	0.000181198
99	8	11	11	5.72205e-06
99	9	287	287	3.8147e-06
99	10	511	511	0.000118256
99	11	1311	1311	0.000322342
99	12	862	862	0.000196457
99	13	13	13	4.3869e-05
99	14	50256	50256	0
100	5	1514	1514	0.000286102
100	6	3096	3096	0.000637054
100	7	468	468	6.67572e-05
100	8	43063	43063	0.000137329
100	9	3951	3951	0.000476837
100	10	287	287	3.8147e-06
100	11	1123	1123	8.01086e-05
100	12	4571	4571	0.000181198
100	13	13	13	3.8147e-05
100	14	50256	50256	0
101	5	48573	48573	0.000488281
101	6	6134	6134	9.34601e-05
101	7	16573	16573	0.000102997
101	8	284	284	2.09808e-05
101	9	1204	1204	0.000352859
101	10	11061	11061	0.000118256
101	11	32085	32085	0.000110626
101	12	729	729	0.000230789
101	13	13	13	1.90735e-06
101	14	50256	50256	0
102	5	9197	9197	5.72205e-05
102	6	8320	8320	0.000499725
102	7	689	689	0.000383377
102	8	772	772	0.000341415
102	9	611	611	0.000146866
102	10	663	663	2.67029e-05
102	11	2866	2866	0.000244141
102	12	14768	14768	0.00022316
102	13	6937	6937	4.00543e-05
102	14	13	13	3.24249e-05
102	15	50256	50256	0
103	5	1660	1660	8.01086e-05
103	6	40169	40169	0.000946045
103	7	379	379	2.28882e-05
103	8	257	257	0.000179291
103	9	2793	2793	0.000225067
103	10	5951	5951	7.24792e-05
103	11	13	13	0
103	12	50256	50256	0
104	5	262	262	4.57764e-05
104	6	23902	23902	0.000190735
104	7	23642	23642	0.000236511
104	8	16161	16161	8.2016e-05
104	9	1444	1444	5.72205e-06
104	10	262	262	5.72205e-06
104	11	34822	34822	8.39233e-05
104	12	6378	6378	4.00543e-05
104	13	13	13	0
104	14	50256	50256	0
105	5	1022	1022	0.000144958
105	6	4237	4237	1.71661e-05
105	7	290	290	0
105	8	3957	3957	6.67572e-05
105	9	393	393	7.62939e-05
105	10	6143	6143	9.53674e-05
105	11	21379	21379	3.8147e-06
105	12	13	13	0
105	13	50256	50256	0
106	5	262	262	1.90735e-06
106	6	22088	22088	8.01086e-05
106	7	291	291	1.52588e-05
106	8	13061	13061	0.000152588
106	9	21072	21072	4.00543e-05
106	10	44921	44921	4.95911e-05
106	11	13	13	0
106	12	50256	50256	0
107	5	1660	1660	0.000236511
107	6	287	287	1.90735e-06
107	7	6546	6546	0.000141144
107	8	2945	2945	0.000478745
107	9	5667	5667	7.24792e-05
107	10	11	11	3.8147e-06
107	11	21552	21552	0.000263214
107	12	11	11	3.8147e-06
107	13	393	393	4.3869e-05
107	14	11135	11135	0.000213623
107	15	13	13	3.43323e-05
107	16	50256	50256	0
108	5	7627	7627	5.91278e-05
108	6	904	904	0.000127792
108	7	656	656	3.62396e-05
108	8	262	262	5.72205e-06
108	9	10596	10596	4.00543e-05
108	10	10692	10692	5.72205e-05
108	11	13	13	1.14441e-05
108	12	50256	50256	0
109	5	262	262	1.14441e-05
109	6	16577	16577	5.53131e-05
109	7	15921	15921	2.67029e-05
109	8	286	286	1.90735e-06
109	9	257	257	0
109	10	14281	14281	0.0001297
109	11	17793	17793	7.05719e-05
109	12	13	13	0
109	13	50256	50256	0
110	5	41917	41917	0.000860214
110	6	9978	9978	0.000362396
110	7	326	326	5.72205e-06
110	8	460	460	0.000150681
110	9	3650	3650	0.000869751
110	10	290	290	0
110	11	21937	21937	0.000465393
110	12	24284	24284	0.000482559
110	13	17794	17794	0.000183105
110	14	286	286	1.90735e-06
110	15	34573	34573	0.000175476
110	16	13	13	0
110	17	50256	50256	0
111	5	6591	6591	3.24249e-05
111	6	1080	1080	0.000385284
111	7	11	11	1.71661e-05
111	8	22721	22721	0.000238419
111	9	468	468	0.000144958
111	10	262	262	3.8147e-06
111	11	6000	6000	0.000160217
111	12	2347	2347	0.000282288
111	13	13	13	0
111	14	50256	50256	0
112	5	34616	34616	2.86102e-05
112	6	29120	29120	4.3869e-05
112	7	656	656	2.28882e-05
112	8	262	262	0
112	9	1402	1402	5.72205e-05
112	10	45426	45426	1.33514e-05
112	11	13	13	1.90735e-06
112	12	50256	50256	0
113	5	3625	3625	3.62396e-05
113	6	329	329	1.71661e-05
113	7	3356	3356	6.29425e-05
113	8	290	290	9.53674e-06
113	9	13017	13017	1.52588e-05
113	10	13	13	0
113	11	50256	50256	0
114	5	8122	8122	0.000202179
114	6	11	11	5.72205e-06
114	7	9472	9472	0.000858307
114	8	663	663	0.000768661
114	9	8434	8434	0.000909805
114	10	4755	4755	0.000162125
114	11	318	318	4.76837e-05
114	12	4735	4735	0.000198364
114	13	13	13	2.67029e-05
114	14	50256	50256	0
115	5	8802	8802	0.000169754
115	6	19079	19079	0.000104904
115	7	1998	1998	9.34601e-05
115	8	6697	6697	0.000114441
115	9	7028	7028	7.24792e-05
115	10	13	13	1.90735e-06
115	11	50256	50256	0
116	5	274	274	3.43323e-05
116	6	13617	13617	4.95911e-05
116	7	278	278	0.000217438
116	8	329	329	1.90735e-06
116	9	1103	1103	0.000108719
116	10	3146	3146	8.96454e-05
116	11	13	13	1.90735e-06
116	12	50256	50256	0
117	5	13204	13204	5.72205e-05
117	6	4991	4991	4.95911e-05
117	7	286	286	0
117	8	2877	2877	2.28882e-05
117	9	20296	20296	7.05719e-05
117	10	13	13	1.90735e-06
117	11	50256	50256	0
118	5	281	281	0.000116348
118	6	1633	1633	0.000101089
118	7	1014	1014	0.000112534
118	8	1022	1022	6.67572e-05
118	9	262	262	1.90735e-06
118	10	300	300	0.000400543
118	11	38621	38621	0.000150681
118	12	87	87	0.000207901
118	13	290	290	5.72205e-06
118	14	262	262	0
118	15	18443	18443	0.000272751
118	16	11072	11072	0.000171661
118	17	13	13	0
118	18	50256	50256	0
119	5	9460	9460	0.000267029
119	6	293	293	0.000400543
119	7	9280	9280	0.000183105
119	8	48556	48556	0.000148773
119	9	1321	1321	0.000188828
119	10	546	546	0.000131607
119	11	262	262	0
119	12	4067	4067	8.01086e-05
119	13	286	286	0
119	14	2057	2057	5.91278e-05
119	15	13	13	0
119	16	50256	50256	0
120	5	17522	17522	0.0004673
120	6	318	318	9.53674e-06
120	7	5017	5017	0.000150681
120	8	351	351	0.000473022
120	9	16252	16252	0.000118256
120	10	13	13	9.53674e-06
120	11	50256	50256	0
121	5	257	257	0.000909805
121	6	2393	2393	0.000131607
121	7	338	338	3.8147e-06
121	8	5794	5794	0.000364304
121	9	11	11	3.24249e-05
121	10	475	475	0.000234604
121	11	340	340	0.000442505
121	12	857	857	0.000104904
121	13	407	407	0.000146866
121	14	9149	9149	0.000141144
121	15	326	326	2.47955e-05
121	16	5794	5794	0.000236511
121	17	13	13	1.71661e-05
121	18	50256	50256	0
122	5	262	262	0
122	6	3139	3139	2.86102e-05
122	7	286	286	7.62939e-06
122	8	21506	21506	0.00015831
122	9	287	287	3.8147e-06
122	10	3687	3687	0.000101089
122	11	5478	5478	6.86646e-05
122	12	13	13	1.71661e-05
122	13	50256	50256	0
123	5	16021	16021	0.000703812
123	6	11447	11447	0.000282288
123	7	10717	10717	0.00120163
123	8	1444	1444	0.000171661
123	9	257	257	5.72205e-06
123	10	9529	9529	0.000350952
123	11	528	528	0.000165939
123	12	462	462	0.000282288
123	13	13	13	0
123	14	50256	50256	0
124	5	866	866	0.000183105
124	6	2636	2636	5.34058e-05
124	7	20296	20296	8.39233e-05
124	8	290	290	1.14441e-05
124	9	48914	48914	4.95911e-05
124	10	20901	20901	9.34601e-05
124	11	832	832	1.33514e-05
124	12	30020	30020	2.28882e-05
124	13	13	13	0
124	14	50256	50256	0
125	5	82	82	0.000144958
125	6	262	262	1.90735e-06
125	7	2989	2989	7.82013e-05
125	8	16654	16654	0.000650406
125	9	287	287	3.43323e-05
125	10	257	257	2.47955e-05
125	11	23243	23243	0.000383377
125	12	8379	8379	0.00143051
125	13	13	13	5.72205e-06
125	14	50256	50256	0
126	5	3519	3519	0.000127792
126	6	1171	1171	0.000101089
126	7	290	290	0
126	8	2839	2839	4.00543e-05
126	9	8251	8251	2.86102e-05
126	10	13	13	0
126	11	50256	50256	0
127	5	318	318	3.8147e-06
127	6	1444	1444	3.8147e-05
127	7	32896	32896	0.000106812
127	8	14596	14596	4.57764e-05
127	9	13	13	7.62939e-06
127	10	50256	50256	0
128	5	925	925	5.91278e-05
128	6	7525	7525	7.24792e-05
128	7	422	422	4.00543e-05
128	8	15317	15317	4.57764e-05
128	9	290	290	0
128	10	31861	31861	0.00012207
128	11	13	13	0
128	12	50256	50256	0
129	5	257	257	5.72205e-06
129	6	7226	7226	0.000175476
129	7	21264	21264	8.7738e-05
129	8	36264	36264	0.000165939
129	9	36869	36869	0.000198364
129	10	21126	21126	0.000267029
129	11	7405	7405	0.000337601
129	12	290	290	1.90735e-06
129	13	14754	14754	0.000286102
129	14	663	663	3.8147e-06
129	15	7894	7894	0.000135422
129	16	13	13	1.90735e-06
129	17	50256	50256	0
130	5	290	290	3.05176e-05
130	6	17298	17298	0.000192642
130	7	287	287	1.33514e-05
130	8	262	262	0
130	9	7976	7976	0.000133514
130	10	2436	2436	0.000236511
130	11	26676	26676	4.19617e-05
130	12	13	13	0
130	13	50256	50256	0
131	5	389	389	0.000135422
131	6	262	262	1.33514e-05
131	7	717	717	0.000179291
131	8	9403	9403	0.00056076
131	9	5667	5667	0.000253677
131	10	286	286	0
131	11	257	257	1.90735e-06
131	12	4618	4618	0.000444412
131	13	39880	39880	0.000268936
131	14	13	13	3.8147e-06
131	15	50256	50256	0
132	5	4847	4847	8.2016e-05
132	6	287	287	1.90735e-06
132	7	5788	5788	0.000646591
132	8	416	416	3.24249e-05
132	9	17247	17247	0.000600815
132	10	7572	7572	0.000131607
132	11	286	286	9.53674e-05
132	12	37410	37410	0.000167847
132	13	3951	3951	0.000322342
132	14	13	13	0
132	15	50256	50256	1.90735e-06
133	5	7667	7667	3.43323e-05
133	6	8598	8598	3.24249e-05
133	7	16069	16069	2.09808e-05
133	8	13	13	0
133	9	50256	50256	0
134	5	9260	9260	9.15527e-05
134	6	1577	1577	0.000577927
134	7	262	262	0
134	8	5440	5440	8.39233e-05
134	9	663	663	1.90735e-06
134	10	14688	14688	0.000354767
134	11	680	680	0.000167847
134	12	5585	5585	5.14984e-05
134	13	13	13	0
134	14	50256	50256	0
135	5	389	389	4.00543e-05
135	6	1036	1036	0.000289917
135	7	515	515	0.000164032
135	8	284	284	5.91278e-05
135	9	787	787	8.96454e-05
135	10	257	257	0.000175476
135	11	279	279	0.000112534
135	12	2150	2150	0.000219345
135	13	298	298	0.000108719
135	14	1779	1779	0.000265121
135	15	3681	3681	0.000349045
135	16	13	13	0
135	17	50256	50256	0
136	5	24830	24830	0.000289917
136	6	287	287	7.62939e-05
136	7	543	543	2.28882e-05
136	8	1123	1123	0.000196457
136	9	6194	6194	0.000213623
136	10	2391	2391	0.000295639
136	11	6870	6870	0.000255585
136	12	530	530	0
136	13	44278	44278	0.000537872
136	14	415	415	0.000482559
136	15	393	393	0.000337601
136	16	48617	48617	0.000244141
136	17	13	13	1.90735e-06
136	18	50256	50256	0
137	5	3473	3473	8.2016e-05
137	6	5688	5688	0.000106812
137	7	286	286	5.53131e-05
137	8	12925	12925	9.15527e-05
137	9	5207	5207	2.47955e-05
137	10	286	286	0
137	11	1660	1660	6.86646e-05
137	12	4771	4771	0.000202179
137	13	13	13	5.72205e-06
137	14	50256	50256	0
138	5	3825	3825	0.000549316
138	6	338	338	4.19617e-05
138	7	4755	4755	0.000167847
138	8	26161	26161	0.000547409
138	9	17669	17669	3.62396e-05
138	10	656	656	0.000112534
138	11	43142	43142	0.000318527
138	12	290	290	0.000114441
138	13	10050	10050	0.000921249
138	14	2568	2568	0.000658035
138	15	13	13	5.72205e-06
138	16	50256	50256	0
139	5	3881	3881	0.000526428
139	6	326	326	3.8147e-05
139	7	460	460	0.000179291
139	8	47577	47577	0.000167847
139	9	6364	6364	0.000253677
139	10	625	625	0.000375748
139	11	41917	41917	0.000108719
139	12	1661	1661	7.43866e-05
139	13	66	66	4.3869e-05
139	14	2040	2040	2.28882e-05
139	15	13	13	0
139	16	50256	50256	0
140	5	286	286	1.90735e-06
140	6	28722	28722	0.000104904
140	7	287	287	0
140	8	257	257	3.8147e-06
140	9	5931	5931	3.8147e-05
140	10	6317	6317	9.34601e-05
140	11	13	13	0
140	12	50256	50256	0
141	5	5002	5002	9.72748e-05
141	6	326	326	1.90735e-06
141	7	318	318	3.8147e-06
141	8	8122	8122	0.000318527
141	9	379	379	1.14441e-05
141	10	8850	8850	4.95911e-05
141	11	2119	2119	0.000183105
141	12	5951	5951	4.76837e-05
141	13	13	13	7.62939e-06
141	14	50256	50256	0
142	5	284	284	5.72205e-06
142	6	22792	22792	0.00015831
142	7	962	962	0.000396729
142	8	2763	2763	0.000156403
142	9	403	403	0.000303268
142	10	338	338	2.86102e-05
142	11	22234	22234	0.000165939
142	12	287	287	0
142	13	36094	36094	0.000148773
142	14	13	13	0
142	15	50256	50256	0
143	5	38467	38467	6.48499e-05
143	6	1296	1296	0.0001297
143	7	1969	1969	0.000185013
143	8	15814	15814	0.000123978
143	9	351	351	2.28882e-05
143	10	262	262	1.90735e-06
143	11	11135	11135	5.72205e-05
143	12	286	286	0
143	13	6134	6134	5.91278e-05
143	14	13	13	0.000543594
143	15	50256	50256	1.90735e-06
144	5	262	262	5.72205e-06
144	6	39522	39522	6.86646e-05
144	7	286	286	3.8147e-06
144	8	1568	1568	0.000144958
144	9	4795	4795	0.000101089
144	10	10752	10752	4.3869e-05
144	11	12153	12153	2.09808e-05
144	12	274	274	2.47955e-05
144	13	13	13	0
144	14	50256	50256	0
145	5	319	319	4.3869e-05
145	6	2995	2995	7.62939e-05
145	7	1141	1141	0.000175476
145	8	262	262	2.86102e-05
145	9	44695	44695	8.2016e-05
145	10	1810	1810	2.86102e-05
145	11	13	13	1.90735e-06
145	12	50256	50256	0
146	5	48440	48440	0.000120163
146	6	11904	11904	5.14984e-05
146	7	973	973	3.62396e-05
146	8	355	355	0
146	9	257	257	0
146	10	25721	25721	5.14984e-05
146	11	13	13	1.90735e-06
146	12	50256	50256	0
147	5	319	319	5.91278e-05
147	6	46376	46376	0.000101089
147	7	11	11	4.3869e-05
147	8	16083	16083	3.24249e-05
147	9	981	981	9.72748e-05
147	10	262	262	3.8147e-06
147	11	46376	46376	5.91278e-05
147	12	318	318	0
147	13	9583	9583	3.8147e-05
147	14	13	13	5.72205e-06
147	15	50256	50256	0
148	5	9779	9779	0.000133514
148	6	318	318	1.90735e-06
148	7	257	257	0.00025177
148	8	7446	7446	0.000225067
148	9	8379	8379	0.00125504
148	10	326	326	0.000343323
148	11	22625	22625	0.000617981
148	12	284	284	0.000358582
148	13	257	257	0.000148773
148	14	10345	10345	0.000629425
148	15	1720	1720	0.000473022
148	16	13	13	0
148	17	50256	50256	0
149	5	1254	1254	0.000205994
149	6	3463	3463	0.000247955
149	7	1203	1203	0.00100517
149	8	780	780	0.00222969
149	9	484	484	4.19617e-05
149	10	290	290	2.86102e-05
149	11	511	511	4.19617e-05
149	12	16807	16807	0.000240326
149	13	389	389	6.86646e-05
149	14	17282	17282	0.000221252
149	15	7463	7463	0.000211716
149	16	1978	1978	0.000270844
149	17	13	13	0
149	18	50256	50256	0
150	5	262	262	0
150	6	6697	6697	0.000263214
150	7	4571	4571	0.000143051
150	8	422	422	0.00172043
150	9	749	749	4.95911e-05
150	10	584	584	0.000274658
150	11	14705	14705	0.000146866
150	12	287	287	3.8147e-06
150	13	674	674	4.00543e-05
150	14	6591	6591	3.8147e-06
150	15	1080	1080	0.000478745
150	16	13	13	0
150	17	50256	50256	0
151	5	287	287	0
151	6	10598	10598	2.67029e-05
151	7	287	287	0
151	8	5846	5846	3.05176e-05
151	9	37078	37078	5.14984e-05
151	10	13	13	3.8147e-06
151	11	50256	50256	0
152	5	9505	9505	0.000116348
152	6	379	379	4.76837e-05
152	7	262	262	0
152	8	5645	5645	8.58307e-05
152	9	286	286	0
152	10	11945	11945	0.000114441
152	11	287	287	2.67029e-05
152	12	867	867	3.62396e-05
152	13	24039	24039	3.43323e-05
152	14	13	13	5.72205e-06
152	15	50256	50256	0
153	5	3106	3106	9.15527e-05
153	6	36186	36186	0.000127792
153	7	326	326	2.67029e-05
153	8	4909	4909	8.58307e-05
153	9	6588	6588	9.34601e-05
153	10	13	13	1.90735e-06
153	11	50256	50256	0
154	5	2630	2630	3.8147e-05
154	6	262	262	0
154	7	711	711	9.34601e-05
154	8	1900	1900	1.14441e-05
154	9	355	355	5.72205e-06
154	10	383	383	9.53674e-06
154	11	23165	23165	7.82013e-05
154	12	1471	1471	6.86646e-05
154	13	30215	30215	6.86646e-05
154	14	13	13	2.67029e-05
154	15	50256	50256	0
155	5	1497	1497	0.000274658
155	6	422	422	5.91278e-05
155	7	262	262	0
155	8	2612	2612	0.000167847
155	9	11	11	5.72205e-06
155	10	7692	7692	7.62939e-05
155	11	286	286	0
155	12	663	663	8.58307e-05
155	13	11863	11863	0.000135422
155	14	2695	2695	4.95911e-05
155	15	13	13	0
155	16	50256	50256	1.33514e-05
156	5	21718	21718	0.000257492
156	6	6296	6296	0.000211716
156	7	1474	1474	0.000162125
156	8	6342	6342	0.000146866
156	9	287	287	0
156	10	4881	4881	9.72748e-05
156	11	13	13	5.72205e-06
156	12	50256	50256	0
157	5	257	257	5.72205e-06
157	6	2060	2060	0.00015831
157	7	19078	19078	0.00082016
157	8	1143	1143	0.000431061
157	9	5935	5935	0.000234604
157	10	326	326	1.14441e-05
157	11	36319	36319	0.000392914
157	12	656	656	1.90735e-05
157	13	4553	4553	0.000234604
157	14	39966	39966	0.000230789
157	15	13	13	3.8147e-06
157	16	50256	50256	0
158	5	257	257	0.000234604
158	6	4553	4553	0.000196457
158	7	13239	13239	0.000175476
158	8	422	422	8.7738e-05
158	9	6134	6134	0.000137329
158	10	290	290	0
158	11	4695	4695	0.000207901
158	12	13	13	1.90735e-06
158	13	50256	50256	0
159	5	881	881	0.000108719
159	6	286	286	3.8147e-06
159	7	21673	21673	0.000160217
159	8	338	338	1.14441e-05
159	9	6156	6156	0.000125885
159	10	26898	26898	9.15527e-05
159	11	4417	4417	2.09808e-05
159	12	13	13	0
159	13	50256	50256	0
160	5	262	262	0
160	6	1180	1180	1.90735e-06
160	7	4069	4069	0.000257492
160	8	286	286	0
160	9	3056	3056	0.000276566
160	10	290	290	0
160	11	1660	1660	0.000104904
160	12	319	319	3.24249e-05
160	13	7815	7815	0.000171661
160	14	13	13	0
160	15	50256	50256	0
161	5	11	11	1.90735e-06
161	6	262	262	0
161	7	3825	3825	1.90735e-05
161	8	24234	24234	0.000347137
161	9	262	262	0
161	10	33258	33258	0.00044632
161	11	1602	1602	3.05176e-05
161	12	1352	1352	0.0001297
161	13	13	13	0
161	14	50256	50256	0
162	5	45656	45656	0.000114441
162	6	621	621	3.62396e-05
162	7	7424	7424	0.00019455
162	8	2266	2266	0.000234604
162	9	1657	1657	3.62396e-05
162	10	13	13	1.90735e-06
162	11	50256	50256	0
163	5	925	925	0.000209808
163	6	510	510	0.000452042
163	7	286	286	1.90735e-06
163	8	30362	30362	0.000326157
163	9	16057	16057	0.000171661
163	10	68	68	0.000257492
163	11	13	13	0
163	12	50256	50256	0
164	5	3356	3356	0.00012207
164	6	286	286	0
164	7	15938	15938	0.000219345
164	8	656	656	0.000143051
164	9	290	290	1.90735e-06
164	10	503	503	0.000324249
164	11	286	286	0
164	12	257	257	1.33514e-05
164	13	2685	2685	0.000265121
164	14	13	13	0
164	15	50256	50256	0
165	5	5732	5732	0.000179291
165	6	351	351	3.05176e-05
165	7	262	262	0
165	8	6616	6616	0.000324249
165	9	286	286	0
165	10	663	663	0.000282288
165	11	2866	2866	0.000352859
165	12	287	287	0.000118256
165	13	15993	15993	0.000253677
165	14	12933	12933	5.72205e-05
165	15	13	13	0
165	16	50256	50256	0
166	5	286	286	1.90735e-06
166	6	15317	15317	0.000133514
166	7	290	290	1.90735e-06
166	8	19783	19783	4.95911e-05
166	9	13	13	0
166	10	50256	50256	0
167	5	5366	5366	0.000337601
167	6	286	286	3.8147e-06
167	7	262	262	0.000246048
167	8	7022	7022	3.62396e-05
167	9	286	286	3.8147e-06
167	10	347	347	0.000564575
167	11	8553	8553	0.000289917
167	12	78	78	0.000188828
167	13	13	13	1.14441e-05
167	14	50256	50256	0
168	5	286	286	1.90735e-06
168	6	5186	5186	3.24249e-05
168	7	3877	3877	5.14984e-05
168	8	13	13	2.67029e-05
168	9	50256	50256	0
169	5	1768	1768	0.000148773
169	6	3994	3994	0.000106812
169	7	262	262	1.90735e-06
169	8	13204	13204	2.47955e-05
169	9	7532	7532	7.62939e-05
169	10	41927	41927	5.14984e-05
169	11	10680	10680	3.24249e-05
169	12	13	13	1.90735e-06
169	13	50256	50256	0
170	5	3139	3139	4.57764e-05
170	6	286	286	0
170	7	29638	29638	0.000310898
170	8	11	11	1.90735e-06
170	9	2138	2138	3.8147e-06
170	10	621	621	2.67029e-05
170	11	11294	11294	0.000314713
170	12	23117	23117	6.10352e-05
170	13	42124	42124	1.90735e-05
170	14	13	13	1.90735e-06
170	15	50256	50256	0
171	5	338	338	7.62939e-06
171	6	383	383	0.000101089
171	7	9467	9467	9.34601e-05
171	8	13274	13274	0.000268936
171	9	286	286	3.8147e-06
171	10	14059	14059	0.000131607
171	11	3407	3407	2.09808e-05
171	12	24203	24203	8.58307e-05
171	13	29906	29906	0.000116348
171	14	13	13	0
171	15	50256	50256	1.90735e-06
172	5	12	12	0
172	6	2164	2164	0.00044632
172	7	1328	1328	0.000320435
172	8	31513	31513	0.000457764
172	9	3881	3881	0.000118256
172	10	2219	2219	0.000108719
172	11	287	287	1.90735e-06
172	12	9151	9151	6.10352e-05
172	13	291	291	6.10352e-05
172	14	20048	20048	0.000341415
172	15	13	13	0
172	16	50256	50256	0
173	5	1115	1115	0.000156403
173	6	11954	11954	0.000123978
173	7	11	11	3.8147e-06
173	8	734	734	7.05719e-05
173	9	8901	8901	0.000175476
173	10	2910	2910	4.00543e-05
173	11	832	832	4.57764e-05
173	12	663	663	9.34601e-05
173	13	308	308	9.91821e-05
173	14	2171	2171	1.33514e-05
173	15	13	13	0
173	16	50256	50256	0
174	5	12278	12278	0.000375748
174	6	17655	17655	8.2016e-05
174	7	1626	1626	9.53674e-05
174	8	15114	15114	0.00025177
174	9	393	393	4.3869e-05
174	10	1022	1022	7.05719e-05
174	11	257	257	1.33514e-05
174	12	6279	6279	0.000246048
174	13	290	290	0
174	14	262	262	4.76837e-05
174	15	2323	2323	5.53131e-05
174	16	13	13	0
174	17	50256	50256	0
175	5	39526	39526	5.72205e-05
175	6	2877	2877	1.14441e-05
175	7	351	351	1.71661e-05
175	8	257	257	3.24249e-05
175	9	5205	5205	8.96454e-05
175	10	33567	33567	5.14984e-05
175	11	6587	6587	5.14984e-05
175	12	5212	5212	9.91821e-05
175	13	13	13	0
175	14	50256	50256	0
176	5	262	262	2.67029e-05
176	6	4376	4376	0.000116348
176	7	3006	3006	0.000104904
176	8	286	286	0
176	9	257	257	5.72205e-06
176	10	23470	23470	0.000118256
176	11	2512	2512	0.000440598
176	12	3328	3328	0.000143051
176	13	16882	16882	4.00543e-05
176	14	13	13	1.71661e-05
176	15	50256	50256	0
177	5	9417	9417	0.000270844
177	6	9136	9136	0.000314713
177	7	6492	6492	0.00022316
177	8	422	422	4.19617e-05
177	9	1728	1728	5.72205e-05
177	10	2266	2266	0.000263214
177	11	33773	33773	1.90735e-05
177	12	13	13	1.90735e-06
177	13	50256	50256	0
178	5	7411	7411	0.000131607
178	6	6953	6953	0.000160217
178	7	11	11	3.8147e-06
178	8	11863	11863	4.3869e-05
178	9	11	11	1.33514e-05
178	10	290	290	9.53674e-06
178	11	1660	1660	7.82013e-05
178	12	13	13	0
178	13	50256	50256	0
179	5	1277	1277	0.000185013
179	6	511	511	4.95911e-05
179	7	734	734	0.000394821
179	8	2951	2951	0.000131607
179	9	14799	14799	6.86646e-05
179	10	981	981	7.24792e-05
179	11	21976	21976	6.48499e-05
179	12	511	511	3.05176e-05
179	13	21334	21334	3.05176e-05
179	14	13	13	0
179	15	50256	50256	1.90735e-05
180	5	11	11	0
180	6	2138	2138	2.28882e-05
180	7	621	621	0.000469208
180	8	2458	2458	6.10352e-05
180	9	287	287	9.91821e-05
180	10	663	663	0
180	11	5253	5253	6.67572e-05
180	12	422	422	3.8147e-06
180	13	262	262	1.90735e-06
180	14	3825	3825	0.000833511
180	15	11	11	1.33514e-05
180	16	5640	5640	0.00047493
180	17	262	262	0
180	18	7028	7028	0.000148773
180	19	13	13	1.90735e-06
180	20	50256	50256	0
181	5	8064	8064	0.000196457
181	6	286	286	1.90735e-06
181	7	257	257	0.000181198
181	8	48862	48862	0.00019455
181	9	485	485	0.000226974
181	10	272	272	0.000207901
181	11	9197	9197	0.000295639
181	12	338	338	1.33514e-05
181	13	38447	38447	0.000339508
181	14	284	284	0.000114441
181	15	663	663	0.000480652
181	16	14753	14753	8.01086e-05
181	17	13	13	1.90735e-06
181	18	50256	50256	0
182	5	874	874	0.000419617
182	6	287	287	1.52588e-05
182	7	262	262	1.90735e-06
182	8	8434	8434	0.000364304
182	9	1027	1027	6.86646e-05
182	10	1037	1037	0.000207901
182	11	4886	4886	0.000297546
182	12	13179	13179	5.14984e-05
182	13	286	286	1.90735e-06
182	14	262	262	0
182	15	1182	1182	0.000482559
182	16	13	13	0
182	17	50256	50256	0
183	5	1262	1262	3.62396e-05
183	6	14091	14091	0.000139236
183	7	7572	7572	0.000131607
183	8	319	319	1.14441e-05
183	9	24012	24012	0.000232697
183	10	458	458	0.000169754
183	11	34387	34387	0.000114441
183	12	13	13	0
183	13	50256	50256	0
184	5	3463	3463	0.000123978
184	6	318	318	5.34058e-05
184	7	262	262	1.14441e-05
184	8	29973	29973	0.000116348
184	9	2700	2700	3.24249e-05
184	10	7205	7205	3.62396e-05
184	11	319	319	7.62939e-06
184	12	281	281	2.67029e-05
184	13	2134	2134	0.000209808
184	14	13	13	0
184	15	50256	50256	0
185	5	7475	7475	0.000112534
185	6	11	11	8.7738e-05
185	7	355	355	9.53674e-06
185	8	618	618	0.000102997
185	9	466	466	0.000175476
185	10	407	407	4.76837e-05
185	11	4329	4329	0.000318527
185	12	836	836	7.62939e-05
185	13	470	470	0.000118256
185	14	13	13	0
185	15	50256	50256	0
186	5	19700	19700	5.53131e-05
186	6	6588	6588	8.39233e-05
186	7	378	378	3.62396e-05
186	8	21622	21622	4.76837e-05
186	9	13	13	7.62939e-06
186	10	50256	50256	0
187	5	18405	18405	0.000112534
187	6	284	284	2.09808e-05
187	7	2222	2222	0.000240326
187	8	15619	15619	0.000169754
187	9	1657	1657	4.3869e-05
187	10	284	284	5.72205e-06
187	11	257	257	1.90735e-06
187	12	2962	2962	2.67029e-05
187	13	13	13	1.90735e-06
187	14	50256	50256	0
188	5	14310	14310	0.000225067
188	6	287	287	5.72205e-06
188	7	8122	8122	0.000333786
188	8	284	284	0.000127792
188	9	7603	7603	0.702299
188	10	1771	1771	0.000595093
188	11	257	257	2.09808e-05
188	12	4417	4417	9.53674e-06
188	13	318	318	3.8147e-05
188	14	1241	1241	0.000200272
188	15	13	13	0
188	16	50256	50256	0
189	5	262	262	1.14441e-05
189	6	19517	19517	0.000101089
189	7	6896	6896	0.000114441
189	8	351	351	0.000209808
189	9	262	262	0
189	10	2297	2297	5.34058e-05
189	11	6896	6896	2.86102e-05
189	12	13	13	0
189	13	50256	50256	0
190	5	269	269	2.28882e-05
190	6	8325	8325	0.000162125
190	7	298	298	0.000400543
190	8	13100	13100	0.000499725
190	9	290	290	3.8147e-06
190	10	318	318	5.72205e-06
190	11	4318	4318	0.000108719
190	12	284	284	3.8147e-06
190	13	10469	10469	0.000295639
190	14	16585	16585	9.34601e-05
190	15	13	13	7.62939e-06
190	16	50256	50256	0
191	5	3793	3793	0.000146866
191	6	284	284	0.000177383
191	7	9161	9161	7.62939e-05
191	8	1613	1613	0.000160217
191	9	1692	1692	0.000314713
191	10	14515	14515	6.10352e-05
191	11	13	13	1.90735e-06
191	12	50256	50256	0
192	5	15715	15715	0.00181389
192	6	621	621	1.71661e-05
192	7	8122	8122	0.000204086
192	8	1660	1660	0.000408173
192	9	11	11	5.72205e-06
192	10	523	523	0.00280571
192	11	340	340	0.00118065
192	12	36016	36016	7.05719e-05
192	13	13	13	5.72205e-06
192	14	50256	50256	0
193	5	9518	9518	5.34058e-05
193	6	11447	11447	3.24249e-05
193	7	10717	10717	0.000595093
193	8	13	13	7.62939e-06
193	9	50256	50256	0
194	5	656	656	1.71661e-05
194	6	257	257	7.82013e-05
194	7	4735	4735	0.000337601
194	8	13	13	0
194	9	50256	50256	0
195	5	262	262	4.19617e-05
195	6	779	779	0.000127792
195	7	286	286	9.53674e-06
195	8	1657	1657	0.000268936
195	9	290	290	5.72205e-06
195	10	9082	9082	0.000133514
195	11	287	287	1.90735e-06
195	12	5874	5874	4.3869e-05
195	13	1242	1242	9.91821e-05
195	14	13	13	0
195	15	50256	50256	0
196	5	6115	6115	5.91278e-05
196	6	355	355	1.90735e-05
196	7	257	257	1.71661e-05
196	8	27216	27216	0.000150681
196	9	875	875	9.34601e-05
196	10	16912	16912	0.000497818
196	11	13	13	0
196	12	50256	50256	0
197	5	373	373	5.34058e-05
197	6	257	257	1.90735e-06
197	7	4960	4960	4.95911e-05
197	8	6761	6761	0.00108528
197	9	286	286	1.90735e-05
197	10	21641	21641	9.91821e-05
197	11	290	290	0
197	12	4898	4898	0.000118256
197	13	9967	9967	8.2016e-05
197	14	20842	20842	0.000268936
197	15	13	13	0
197	16	50256	50256	0
198	5	290	290	3.62396e-05
198	6	2314	2314	0.000165939
198	7	47933	47933	7.62939e-05
198	8	832	832	1.90735e-05
198	9	257	257	0
198	10	2818	2818	4.19617e-05
198	11	17076	17076	5.34058e-05
198	12	13	13	0
198	13	50256	50256	0
199	5	11945	11945	0.000125885
199	6	1978	1978	0.000207901
199	7	379	379	1.71661e-05
199	8	867	867	6.48499e-05
199	9	24039	24039	2.47955e-05
199	10	13	13	0
199	11	50256	50256	0
200	5	1022	1022	1.33514e-05
200	6	262	262	0
200	7	37015	37015	0.000120163
200	8	286	286	1.90735e-06
200	9	8706	8706	2.28882e-05
200	10	290	290	0
200	11	22721	22721	7.62939e-05
200	12	13	13	5.34058e-05
200	13	50256	50256	0
201	5	8850	8850	6.67572e-05
201	6	5405	5405	0.000360489
201	7	621	621	8.2016e-05
201	8	832	832	0.00037384
201	9	257	257	0.000413895
201	10	17076	17076	8.96454e-05
201	11	13	13	0
201	12	50256	50256	0
202	5	257	257	2.28882e-05
202	6	20831	20831	0.000192642
202	7	15283	15283	8.96454e-05
202	8	9290	9290	0.000102997
202	9	4143	4143	0.000286102
202	10	12073	12073	0.000177383
202	11	663	663	0.000114441
202	12	3833	3833	0.000171661
202	13	13	13	0
202	14	50256	50256	0
203	5	44653	44653	0.000127792
203	6	389	389	2.09808e-05
203	7	34262	34262	0.000127792
203	8	878	878	3.24249e-05
203	9	511	511	0.000102997
203	10	15061	15061	0.000179291
203	11	36402	36402	0.000175476
203	12	1280	1280	0.000101089
203	13	13	13	0
203	14	50256	50256	0
204	5	329	329	6.10352e-05
204	6	262	262	0
204	7	3491	3491	0.000183105
204	8	12	12	2.67029e-05
204	9	16760	16760	0.000459671
204	10	13888	13888	0.0001297
204	11	286	286	0
204	12	663	663	1.14441e-05
204	13	8234	8234	0.000432968
204	14	17894	17894	0.00031662
204	15	13	13	0
204	16	50256	50256	0
205	5	10396	10396	0.000152588
205	6	12610	12610	0.000118256
205	7	6143	6143	4.3869e-05
205	8	27452	27452	0.000146866
205	9	1321	1321	2.47955e-05
205	10	1231	1231	1.90735e-05
205	11	12948	12948	0.000123978
205	12	1176	1176	7.24792e-05
205	13	13	13	1.90735e-06
205	14	50256	50256	0
206	5	12091	12091	9.53674e-05
206	6	21566	21566	8.7738e-05
206	7	260	260	0.000101089
206	8	739	739	7.05719e-05
206	9	262	262	0
206	10	3112	3112	9.53674e-05
206	11	1438	1438	0.000110626
206	12	4424	4424	6.48499e-05
206	13	11751	11751	5.14984e-05
206	14	7459	7459	4.57764e-05
206	15	13	13	0
206	16	50256	50256	0
207	5	1863	1863	0.000398636
207	6	262	262	3.8147e-06
207	7	8830	8830	6.86646e-05
207	8	1735	1735	0.000247955
207	9	286	286	8.01086e-05
207	10	2520	2520	0.000246048
207	11	2253	2253	3.24249e-05
207	12	13	13	0
207	13	50256	50256	0
208	5	257	257	7.62939e-06
208	6	31607	31607	4.19617e-05
208	7	8122	8122	0.00022316
208	8	5732	5732	0.000232697
208	9	351	351	1.14441e-05
208	10	6795	6795	0.000127792
208	11	13	13	0
208	12	50256	50256	0
209	5	3139	3139	2.47955e-05
209	6	1748	1748	1.14441e-05
209	7	286	286	7.62939e-06
209	8	16519	16519	8.39233e-05
209	9	13	13	0
209	10	50256	50256	0
210	5	379	379	4.3869e-05
210	6	262	262	0
210	7	3641	3641	0.000591278
210	8	286	286	0
210	9	674	674	0.000120163
210	10	6591	6591	0.00019455
210	11	1080	1080	0.000123978
210	12	13	13	0
210	13	50256	50256	0
211	5	4025	4025	0.000249863
211	6	2010	2010	0.000335693
211	7	2700	2700	8.96454e-05
211	8	11073	11073	5.53131e-05
211	9	257	257	1.71661e-05
211	10	4025	4025	0.000133514
211	11	20309	20309	6.48499e-05
211	12	13	13	3.8147e-06
211	13	50256	50256	0
212	5	4656	4656	0.000717163
212	6	468	468	0.000169754
212	7	6697	6697	0.000219345
212	8	6698	6698	0.000835419
212	9	3025	3025	0.000181198
212	10	3815	3815	0.0001297
212	11	751	751	0.000375748
212	12	284	284	5.53131e-05
212	13	3598	3598	0.000507355
212	14	13	13	1.71661e-05
212	15	50256	50256	0
213	5	262	262	1.90735e-06
213	6	1138	1138	3.43323e-05
213	7	37670	37670	4.19617e-05
213	8	1042	1042	0.000137329
213	9	286	286	7.62939e-06
213	10	30498	30498	0.00025177
213	11	13	13	1.90735e-06
213	12	50256	50256	0
214	5	16662	16662	6.48499e-05
214	6	284	284	0.000116348
214	7	24949	24949	6.29425e-05
214	8	290	290	1.90735e-06
214	9	28436	28436	7.05719e-05
214	10	2057	2057	3.62396e-05
214	11	13	13	3.8147e-06
214	12	50256	50256	0
215	5	4257	4257	8.2016e-05
215	6	9106	9106	0.000162125
215	7	316	316	0.00030899
215	8	16982	16982	0.000118256
215	9	4879	4879	6.48499e-05
215	10	286	286	0
215	11	9403	9403	8.01086e-05
215	12	6134	6134	4.00543e-05
215	13	13	13	1.90735e-06
215	14	50256	50256	0
216	5	318	318	0
216	6	262	262	7.62939e-06
216	7	4417	4417	3.8147e-06
216	8	4067	4067	0.000385284
216	9	3264	3264	0.000988007
216	10	2029	2029	0.000123978
216	11	663	663	0.00021553
216	12	2962	2962	0.000131607
216	13	13	13	1.52588e-05
216	14	50256	50256	0
217	5	318	318	3.8147e-06
217	6	9086	9086	9.53674e-05
217	7	1022	1022	0.000272751
217	8	16256	16256	4.19617e-05
217	9	290	290	1.90735e-06
217	10	46117	46117	0.000213623
217	11	968	968	0.000112534
217	12	22777	22777	0.000257492
217	13	13	13	0
217	14	50256	50256	0
218	5	981	981	8.01086e-05
218	6	8868	8868	6.86646e-05
218	7	23822	23822	8.7738e-05
218	8	1022	1022	2.86102e-05
218	9	606	606	1.52588e-05
218	10	13	13	0
218	11	50256	50256	0
219	5	8811	8811	5.72205e-05
219	6	925	925	1.71661e-05
219	7	422	422	5.72205e-06
219	8	22365	22365	0.000123978
219	9	388	388	0.000183105
219	10	17135	17135	8.39233e-05
219	11	5026	5026	6.86646e-05
219	12	47196	47196	3.05176e-05
219	13	13	13	3.8147e-06
219	14	50256	50256	0
220	5	780	780	0.000110626
220	6	484	484	0.000102997
220	7	389	389	7.62939e-05
220	8	19346	19346	0.000183105
220	9	621	621	1.71661e-05
220	10	262	262	1.90735e-06
220	11	7346	7346	4.3869e-05
220	12	6591	6591	0.000240326
220	13	4417	4417	3.62396e-05
220	14	13	13	0
220	15	50256	50256	0
221	5	262	262	3.8147e-06
221	6	8434	8434	4.3869e-05
221	7	21405	21405	8.96454e-05
221	8	286	286	1.90735e-06
221	9	1728	1728	4.3869e-05
221	10	7150	7150	3.8147e-05
221	11	13	13	1.90735e-06
221	12	50256	50256	0
222	5	2187	2187	0.000169754
222	6	287	287	3.05176e-05
222	7	10801	10801	0.000131607
222	8	290	290	2.28882e-05
222	9	12070	12070	0.000164032
222	10	284	284	6.86646e-05
222	11	4439	4439	3.24249e-05
222	12	3056	3056	0.000207901
222	13	13	13	3.8147e-06
222	14	50256	50256	0
223	5	395	395	6.48499e-05
223	6	563	563	9.72748e-05
223	7	28539	28539	7.62939e-05
223	8	2995	2995	4.3869e-05
223	9	7346	7346	5.14984e-05
223	10	262	262	0
223	11	19636	19636	0.000102997
223	12	29179	29179	6.29425e-05
223	13	286	286	1.90735e-06
223	14	4492	4492	4.95911e-05
223	15	13	13	1.90735e-06
223	16	50256	50256	0
224	5	9565	9565	2.67029e-05
224	6	832	832	7.62939e-06
224	7	35115	35115	1.71661e-05
224	8	13	13	0
224	9	50256	50256	0
225	5	16824	16824	0.00038147
225	6	262	262	0
225	7	2159	2159	0.000253677
225	8	287	287	1.14441e-05
225	9	412	412	0.000123978
225	10	14400	14400	8.7738e-05
225	11	12579	12579	5.72205e-05
225	12	5679	5679	7.24792e-05
225	13	1380	1380	8.7738e-05
225	14	576	576	0.000740051
225	15	292	292	0.000389099
225	16	376	376	0.000118256
225	17	10332	10332	6.48499e-05
225	18	13	13	0
225	19	50256	50256	0
226	5	257	257	1.71661e-05
226	6	3288	3288	4.76837e-05
226	7	18645	18645	6.86646e-05
226	8	1022	1022	1.90735e-05
226	9	4881	4881	9.34601e-05
226	10	290	290	5.72205e-06
226	11	8602	8602	4.95911e-05
226	12	13	13	3.8147e-06
226	13	50256	50256	0
227	5	1296	1296	1.90735e-06
227	6	618	618	0.000576019
227	7	27163	27163	5.34058e-05
227	8	13166	13166	0.000434875
227	9	1716	1716	7.62939e-06
227	10	16001	16001	0.000492096
227	11	276	276	9.53674e-05
227	12	290	290	4.95911e-05
227	13	20534	20534	0.000108719
227	14	276	276	0.000499725
227	15	1978	1978	0.000152588
227	16	13	13	0
227	17	50256	50256	0
228	5	5931	5931	6.10352e-05
228	6	4847	4847	9.15527e-05
228	7	287	287	0
228	8	1502	1502	6.48499e-05
228	9	286	286	3.8147e-06
228	10	3649	3649	9.91821e-05
228	11	17226	17226	0.000167847
228	12	1271	1271	1.90735e-06
228	13	13	13	0
228	14	50256	50256	0
229	5	1141	1141	2.47955e-05
229	6	262	262	0
229	7	3227	3227	1.71661e-05
229	8	286	286	0
229	9	18391	18391	2.09808e-05
229	10	4778	4778	2.28882e-05
229	11	13	13	1.90735e-06
229	12	50256	50256	0
230	5	5931	5931	0.000263214
230	6	33543	33543	0.000179291
230	7	290	290	9.53674e-06
230	8	6149	6149	0.000667572
230	9	5387	5387	4.76837e-05
230	10	15121	15121	7.05719e-05
230	11	8573	8573	0.000165939
230	12	13	13	0
230	13	50256	50256	0
231	5	287	287	1.90735e-06
231	6	281	281	8.7738e-05
231	7	26433	26433	0.000181198
231	8	338	338	1.14441e-05
231	9	7446	7446	6.10352e-05
231	10	8379	8379	0.000528336
231	11	13	13	5.72205e-06
231	12	50256	50256	0
232	5	45656	45656	2.47955e-05
232	6	621	621	5.72205e-06
232	7	7424	7424	4.3869e-05
232	8	45725	45725	0.000137329
232	9	1657	1657	3.8147e-06
232	10	13	13	0
232	11	50256	50256	0
233	5	422	422	3.8147e-06
233	6	11135	11135	9.53674e-05
233	7	3812	3812	0.000104904
233	8	262	262	0
233	9	6727	6727	0.000181198
233	10	3354	3354	7.62939e-05
233	11	286	286	0
233	12	257	257	0.000101089
233	13	4618	4618	0.000579834
233	14	13	13	0
233	15	50256	50256	0
234	5	11	11	7.62939e-06
234	6	511	511	8.39233e-05
234	7	781	781	6.10352e-05
234	8	16415	16415	5.34058e-05
234	9	43855	43855	0.0001297
234	10	606	606	2.28882e-05
234	11	21258	21258	8.39233e-05
234	12	13	13	0
234	13	50256	50256	0
235	5	338	338	4.95911e-05
235	6	10861	10861	0.000267029
235	7	49831	49831	0.000259399
235	8	560	560	0.000196457
235	9	9335	9335	0.000156403
235	10	373	373	0.000125885
235	11	4624	4624	0.000148773
235	12	625	625	0.00019455
235	13	465	465	7.62939e-05
235	14	285	285	3.8147e-05
235	15	13929	13929	8.01086e-05
235	16	1431	1431	0.000114441
235	17	1182	1182	0.000106812
235	18	13	13	5.72205e-06
235	19	50256	50256	0
236	5	5752	5752	2.67029e-05
236	6	24139	24139	0.000183105
236	7	1626	1626	7.43866e-05
236	8	257	257	8.58307e-05
236	9	50126	50126	0.000110626
236	10	6831	6831	0.000356674
236	11	3084	3084	0.000221252
236	12	13	13	0
236	13	50256	50256	0
237	5	2168	2168	4.3869e-05
237	6	6673	6673	4.76837e-05
237	7	511	511	1.52588e-05
237	8	4180	4180	7.62939e-05
237	9	1817	1817	3.62396e-05
237	10	13	13	1.90735e-06
237	11	50256	50256	0
238	5	379	379	5.72205e-06
238	6	393	393	6.10352e-05
238	7	1474	1474	0.000261307
238	8	3668	3668	3.43323e-05
238	9	338	338	3.8147e-06
238	10	4417	4417	3.8147e-06
238	11	13	13	1.14441e-05
238	12	50256	50256	0
239	5	23426	23426	0.000167847
239	6	6007	6007	9.91821e-05
239	7	286	286	3.8147e-06
239	8	12605	12605	9.91821e-05
239	9	13232	13232	7.62939e-05
239	10	5474	5474	0.000408173
239	11	13	13	1.90735e-06
239	12	50256	50256	0
240	5	1366	1366	0.000297546
240	6	523	523	4.76837e-05
240	7	326	326	8.39233e-05
240	8	5100	5100	0.00146484
240	9	1895	1895	0.000200272
240	10	460	460	0.000160217
240	11	307	307	0.000181198
240	12	5443	5443	0.000350952
240	13	13	13	2.67029e-05
240	14	50256	50256	0
241	5	636	636	0.000526428
241	6	286	286	1.33514e-05
241	7	262	262	1.14441e-05
241	8	4865	4865	0.000684738
241	9	1022	1022	3.62396e-05
241	10	3340	3340	0.000179291
241	11	290	290	3.8147e-06
241	12	262	262	8.96454e-05
241	13	1578	1578	0.000209808
241	14	1829	1829	0.000448227
241	15	13	13	0
241	16	50256	50256	0
242	5	286	286	1.14441e-05
242	6	14807	14807	0.000135422
242	7	287	287	0.000102997
242	8	21199	21199	0.000123978
242	9	7229	7229	0.000535965
242	10	13	13	1.90735e-06
242	11	50256	50256	0
243	5	262	262	0
243	6	16936	16936	0.000108719
243	7	1900	1900	1.33514e-05
243	8	3491	3491	0.000558853
243	9	284	284	9.53674e-05
243	10	262	262	0
243	11	3825	3825	2.09808e-05
243	12	13	13	3.8147e-06
243	13	50256	50256	0
244	5	5400	5400	7.82013e-05
244	6	287	287	0
244	7	511	511	1.90735e-05
244	8	30772	30772	7.82013e-05
244	9	13	13	3.8147e-06
244	10	50256	50256	0
245	5	3154	3154	0.000360489
245	6	5667	5667	5.34058e-05
245	7	379	379	2.86102e-05
245	8	262	262	1.90735e-06
245	9	1660	1660	0.000185013
245	10	338	338	3.8147e-06
245	11	4417	4417	0.000236511
245	12	13	13	0
245	13	50256	50256	0
246	5	1864	1864	9.53674e-05
246	6	284	284	9.53674e-06
246	7	511	511	0.00145912
246	8	12213	12213	0.000226974
246	9	351	351	4.95911e-05
246	10	3867	3867	0.000148773
246	11	290	290	1.90735e-06
246	12	31607	31607	0.000839233
246	13	21164	21164	0.000167847
246	14	13	13	0
246	15	50256	50256	0
247	5	329	329	8.58307e-05
247	6	496	496	0.000127792
247	7	2354	2354	6.29425e-05
247	8	257	257	1.33514e-05
247	9	35881	35881	5.53131e-05
247	10	389	389	3.8147e-06
247	11	4048	4048	4.00543e-05
247	12	13	13	0
247	13	50256	50256	0
248	5	262	262	2.86102e-05
248	6	4898	4898	3.62396e-05
248	7	7972	7972	0.000152588
248	8	1641	1641	1.52588e-05
248	9	3805	3805	7.05719e-05
248	10	663	663	1.33514e-05
248	11	1877	1877	4.57764e-05
248	12	7881	7881	2.86102e-05
248	13	13	13	0
248	14	50256	50256	0
249	5	511	511	8.7738e-05
249	6	2057	2057	2.09808e-05
249	7	7525	7525	0.000207901
249	8	416	416	4.00543e-05
249	9	6600	6600	8.01086e-05
249	10	584	584	0.000144958
249	11	4695	4695	5.53131e-05
249	12	13	13	0
249	13	50256	50256	0
250	5	15772	15772	7.43866e-05
250	6	7386	7386	0.000114441
250	7	3891	3891	2.67029e-05
250	8	656	656	1.52588e-05
250	9	6101	6101	5.14984e-05
250	10	9405	9405	4.00543e-05
250	11	13	13	0
250	12	50256	50256	0
251	5	318	318	1.90735e-06
251	6	4055	4055	0.000131607
251	7	276	276	8.39233e-05
251	8	287	287	7.62939e-06
251	9	281	281	7.62939e-06
251	10	11557	11557	0.000108719
251	11	1080	1080	2.28882e-05
251	12	13	13	0
251	13	50256	50256	0
252	5	257	257	7.62939e-06
252	6	4553	4553	0.000339508
252	7	18480	18480	0.000175476
252	8	3108	3108	0.000148773
252	9	329	329	0.000101089
252	10	1123	1123	3.62396e-05
252	11	4151	4151	4.76837e-05
252	12	13	13	3.8147e-06
252	13	50256	50256	0
253	5	973	973	0.000114441
253	6	2116	2116	7.62939e-05
253	7	12	12	0
253	8	634	634	0.000143051
253	9	27554	27554	8.7738e-05
253	10	284	284	3.8147e-06
253	11	7301	7301	5.14984e-05
253	12	607	607	2.86102e-05
253	13	1204	1204	0.000173569
253	14	290	290	0
253	15	5369	5369	5.53131e-05
253	16	13	13	0
253	17	50256	50256	0
254	5	11904	11904	4.3869e-05
254	6	326	326	0.000164032
254	7	1663	1663	0.000297546
254	8	2641	2641	9.72748e-05
254	9	262	262	1.90735e-06
254	10	37185	37185	8.96454e-05
254	11	286	286	0
254	12	1232	1232	0.00028038
254	13	2454	2454	0.000146866
254	14	6134	6134	4.3869e-05
254	15	13	13	1.52588e-05
254	16	50256	50256	0
255	5	3491	3491	0.00019455
255	6	287	287	0
255	7	3668	3668	7.24792e-05
255	8	338	338	5.34058e-05
255	9	1755	1755	0.000261307
255	10	6766	6766	0.000234604
255	11	618	618	5.34058e-05
255	12	9569	9569	0.000143051
255	13	416	416	2.28882e-05
255	14	4156	4156	5.14984e-05
255	15	5874	5874	9.53674e-05
255	16	22204	22204	0.000165939
255	17	13	13	1.71661e-05
255	18	50256	50256	0
256	5	16968	16968	0.000535965
256	6	11	11	0
256	7	3584	3584	9.53674e-05
256	8	617	617	0.000246048
256	9	5696	5696	0.000324249
256	10	17438	17438	0.000276566
256	11	10338	10338	0.000226974
256	12	625	625	0.000139236
256	13	1728	1728	0.000226974
256	14	5951	5951	0.000135422
256	15	16069	16069	0.000139236
256	16	13	13	0
256	17	50256	50256	0
257	5	12	12	0.000234604
257	6	7784	7784	0.000141144
257	7	29984	29984	0.000371933
257	8	1043	1043	0.000162125
257	9	287	287	0
257	10	5044	5044	0.000183105
257	11	4778	4778	0.000236511
257	12	13	13	6.48499e-05
257	13	50256	50256	0
258	5	324	324	0.000181198
258	6	2627	2627	0.00015831
258	7	262	262	7.62939e-06
258	8	717	717	8.2016e-05
258	9	1893	1893	4.00543e-05
258	10	286	286	0
258	11	3794	3794	6.29425e-05
258	12	287	287	4.95911e-05
258	13	11445	11445	1.71661e-05
258	14	13	13	0
258	15	50256	50256	0
259	5	422	422	2.86102e-05
259	6	543	543	0.000234604
259	7	749	749	7.43866e-05
259	8	1660	1660	0.00028038
259	9	290	290	4.57764e-05
259	10	7545	7545	0.000234604
259	11	1540	1540	0.000110626
259	12	2340	2340	0.000268936
259	13	423	423	0.000127792
259	14	587	587	0.000127792
259	15	4615	4615	0.000192642
259	16	13	13	1.90735e-06
259	17	50256	50256	1.90735e-06
260	5	422	422	5.72205e-06
260	6	826	826	0.000162125
260	7	284	284	0.000207901
260	8	1364	1364	8.7738e-05
260	9	13	13	1.14441e-05
260	10	50256	50256	0
261	5	286	286	1.90735e-06
261	6	867	867	4.76837e-05
261	7	1402	1402	1.52588e-05
261	8	12734	12734	8.01086e-05
261	9	11856	11856	0.000137329
261	10	1978	1978	0.000188828
261	11	13	13	7.62939e-06
261	12	50256	50256	0
262	5	3917	3917	3.8147e-05
262	6	351	351	7.62939e-05
262	7	262	262	3.8147e-06
262	8	4960	4960	7.82013e-05
262	9	6260	6260	6.67572e-05
262	10	1001	1001	8.96454e-05
262	11	72	72	7.82013e-05
262	12	911	911	0.000209808
262	13	261	261	0.000108719
262	14	1840	1840	0.0010891
262	15	13	13	0
262	16	50256	50256	0
263	5	558	558	7.24792e-05
263	6	504	504	0.000141144
263	7	351	351	3.8147e-05
263	8	6466	6466	5.14984e-05
263	9	276	276	9.53674e-06
263	10	21755	21755	4.3869e-05
263	11	290	290	3.8147e-06
263	12	7097	7097	0.000123978
263	13	25612	25612	7.82013e-05
263	14	13	13	0
263	15	50256	50256	0
264	5	3356	3356	0.000259399
264	6	1863	1863	0.000274658
264	7	31025	31025	0.0001297
264	8	287	287	9.53674e-06
264	9	3668	3668	0.000442505
264	10	338	338	1.52588e-05
264	11	20048	20048	0.00053978
264	12	13	13	0
264	13	50256	50256	0
265	5	318	318	2.47955e-05
265	6	29679	29679	0.000118256
265	7	11	11	3.8147e-06
265	8	543	543	0.000104904
265	9	14582	14582	0.000125885
265	10	1973	1973	0.000118256
265	11	1811	1811	7.62939e-06
265	12	14807	14807	0.00015831
265	13	13	13	3.8147e-06
265	14	50256	50256	0
266	5	33274	33274	0.000246048
266	6	468	468	2.67029e-05
266	7	27913	27913	3.24249e-05
266	8	1744	1744	0.000228882
266	9	3815	3815	6.10352e-05
266	10	329	329	6.10352e-05
266	11	1123	1123	6.10352e-05
266	12	16839	16839	8.96454e-05
266	13	13	13	0
266	14	50256	50256	0
267	5	1022	1022	4.95911e-05
267	6	262	262	0
267	7	2910	2910	0.000162125
267	8	290	290	0
267	9	7346	7346	7.62939e-05
267	10	21379	21379	7.62939e-05
267	11	13	13	0
267	12	50256	50256	0
268	5	13042	13042	5.53131e-05
268	6	16524	16524	0.000398636
268	7	287	287	5.72205e-06
268	8	8150	8150	0.000104904
268	9	82	82	2.28882e-05
268	10	13	13	0
268	11	50256	50256	0
269	5	8701	8701	0.000120163
269	6	1641	1641	4.00543e-05
269	7	3805	3805	5.14984e-05
269	8	663	663	0.000249863
269	9	4898	4898	2.67029e-05
269	10	88	88	0.000177383
269	11	21552	21552	0.000190735
269	12	13	13	3.8147e-06
269	13	50256	50256	0
270	5	10451	10451	0.00015831
270	6	552	552	0.000417709
270	7	1769	1769	0.000150681
270	8	257	257	0.00015831
270	9	1988	1988	0.000106812
270	10	422	422	3.8147e-06
270	11	584	584	5.53131e-05
270	12	3815	3815	3.24249e-05
270	13	393	393	0.000123978
270	14	14700	14700	6.29425e-05
270	15	13	13	4.3869e-05
270	16	50256	50256	0
271	5	618	618	0.000177383
271	6	340	340	0.000164032
271	7	468	468	0.000169754
271	8	257	257	3.8147e-06
271	9	7515	7515	0.000183105
271	10	1863	1863	8.7738e-05
271	11	281	281	5.34058e-05
271	12	2134	2134	4.3869e-05
271	13	338	338	1.90735e-06
271	14	29358	29358	4.19617e-05
271	15	13	13	1.14441e-05
271	16	50256	50256	0
272	5	663	663	3.8147e-06
272	6	22421	22421	2.47955e-05
272	7	981	981	0.000108719
272	8	23934	23934	5.91278e-05
272	9	262	262	0
272	10	20016	20016	6.48499e-05
272	11	1022	1022	5.72205e-06
272	12	606	606	3.8147e-05
272	13	13	13	1.14441e-05
272	14	50256	50256	0
273	5	5667	5667	4.3869e-05
273	6	8811	8811	3.8147e-05
273	7	3417	3417	0.000192642
273	8	355	355	7.05719e-05
273	9	25209	25209	4.00543e-05
273	10	13	13	1.90735e-06
273	11	50256	50256	0
274	5	3601	3601	0.000185013
274	6	540	540	0.00125313
274	7	7128	7128	0.000349045
274	8	5241	5241	0.000741959
274	9	416	416	1.90735e-06
274	10	7720	7720	4.19617e-05
274	11	656	656	8.01086e-05
274	12	257	257	1.14441e-05
274	13	4417	4417	1.71661e-05
274	14	13	13	0
274	15	50256	50256	0
275	5	4909	4909	0.00028038
275	6	27253	27253	0.000102997
275	7	11945	11945	0.000101089
275	8	13	13	1.90735e-06
275	9	50256	50256	0
276	5	530	530	1.90735e-06
276	6	6588	6588	0.000118256
276	7	22037	22037	0.000164032
276	8	290	290	1.90735e-06
276	9	734	734	0.000110626
276	10	11863	11863	9.34601e-05
276	11	23235	23235	6.10352e-05
276	12	13	13	0
276	13	50256	50256	0
277	5	48159	48159	4.76837e-05
277	6	2094	2094	4.76837e-05
277	7	2264	2264	7.62939e-05
277	8	844	844	9.72748e-05
277	9	1258	1258	2.47955e-05
277	10	319	319	1.14441e-05
277	11	465	465	7.62939e-05
277	12	17545	17545	2.86102e-05
277	13	13	13	1.14441e-05
277	14	50256	50256	0
278	5	1657	1657	0.000253677
278	6	284	284	0.000230789
278	7	3151	3151	0.000286102
278	8	262	262	5.72205e-05
278	9	2939	2939	0.000146866
278	10	12694	12694	6.67572e-05
278	11	329	329	8.2016e-05
278	12	517	517	0.000305176
278	13	640	640	0.000205994
278	14	13	13	0
278	15	50256	50256	0
279	5	47969	47969	0.000417709
279	6	11	11	1.14441e-05
279	7	730	730	0.00136185
279	8	335	335	0.00115967
279	9	82	82	0.000104904
279	10	1845	1845	0.000116348
279	11	11	11	0
279	12	290	290	0.0001297
279	13	285	285	0.000101089
279	14	3970	3970	0.000396729
279	15	21622	21622	0.000154495
279	16	13	13	5.72205e-06
279	17	50256	50256	0
280	5	422	422	0.00034523
280	6	11527	11527	0.000190735
280	7	45926	45926	0.000154495
280	8	11	11	3.05176e-05
280	9	981	981	0.000125885
280	10	29049	29049	0.000167847
280	11	363	363	2.28882e-05
280	12	76	76	0.000314713
280	13	2737	2737	0.000331879
280	14	1663	1663	0.000175476
280	15	18644	18644	0.000152588
280	16	422	422	2.09808e-05
280	17	11527	11527	0.000226974
280	18	18570	18570	6.86646e-05
280	19	13	13	0
280	20	50256	50256	0
281	5	16697	16697	0.000347137
281	6	262	262	2.09808e-05
281	7	1767	1767	7.82013e-05
281	8	338	338	0.000139236
281	9	1660	1660	9.91821e-05
281	10	290	290	7.05719e-05
281	11	8268	8268	0.000198364
281	12	5236	5236	8.01086e-05
281	13	13	13	0
281	14	50256	50256	0
282	5	1936	1936	0.000282288
282	6	16021	16021	5.72205e-05
282	7	3951	3951	6.48499e-05
282	8	13	13	0
282	9	50256	50256	0
283	5	1573	1573	0.000934601
283	6	351	351	0.000583649
283	7	257	257	0.000780106
283	8	3616	3616	0.000482559
283	9	2092	2092	4.19617e-05
283	10	284	284	2.67029e-05
283	11	326	326	5.72205e-06
283	12	286	286	3.8147e-06
283	13	1194	1194	1.14441e-05
283	14	1573	1573	0.000331879
283	15	13	13	0.000572205
283	16	50256	50256	0
284	5	11	11	1.90735e-06
284	6	262	262	2.28882e-05
284	7	11087	11087	0.000427246
284	8	18333	18333	0.000135422
284	9	286	286	0
284	10	257	257	2.09808e-05
284	11	22950	22950	0.000259399
284	12	751	751	0.0026741
284	13	284	284	0.000362396
284	14	11546	11546	0.00390434
284	15	7370	7370	0.00110435
284	16	13	13	0
284	17	50256	50256	0
285	5	262	262	9.53674e-06
285	6	1767	1767	2.28882e-05
285	7	416	416	1.90735e-06
285	8	10427	10427	3.05176e-05
285	9	319	319	1.71661e-05
285	10	11945	11945	9.53674e-05
285	11	13	13	5.72205e-06
285	12	50256	50256	0
286	5	1487	1487	0.000221252
286	6	262	262	3.8147e-06
286	7	4571	4571	1.71661e-05
286	8	287	287	1.90735e-06
286	9	543	543	1.90735e-05
286	10	257	257	0.000320435
286	11	17182	17182	0.000230789
286	12	8991	8991	8.96454e-05
286	13	2700	2700	4.3869e-05
286	14	13	13	1.90735e-06
286	15	50256	50256	0
287	5	422	422	9.53674e-06
287	6	262	262	7.62939e-06
287	7	9151	9151	0.000297546
287	8	981	981	0.000137329
287	9	4305	4305	0.000169754
287	10	749	749	2.67029e-05
287	11	26306	26306	6.67572e-05
287	12	37056	37056	3.05176e-05
287	13	2157	2157	1.71661e-05
287	14	13	13	1.14441e-05
287	15	50256	50256	0
288	5	9149	9149	0.0001297
288	6	326	326	2.28882e-05
288	7	24624	24624	0.000276566
288	8	9240	9240	0.000196457
288	9	393	393	9.15527e-05
288	10	3520	3520	0.000579834
288	11	287	287	0
288	12	511	511	0.000116348
288	13	2656	2656	0.000101089
288	14	1502	1502	6.86646e-05
288	15	13	13	0
288	16	50256	50256	0
289	5	262	262	4.19617e-05
289	6	2166	2166	0.000152588
289	7	286	286	0
289	8	262	262	1.90735e-06
289	9	5422	5422	0.000356674
289	10	1037	1037	0.000135422
289	11	2005	2005	0.000394821
289	12	2057	2057	8.58307e-05
289	13	13	13	0
289	14	50256	50256	0
290	5	14705	14705	0.000185013
290	6	287	287	3.8147e-06
290	7	674	674	0.000925064
290	8	6591	6591	2.09808e-05
290	9	1080	1080	1.52588e-05
290	10	318	318	5.72205e-06
290	11	12548	12548	0.000324249
290	12	19606	19606	0.000312805
290	13	13	13	5.72205e-06
290	14	50256	50256	0
291	5	5207	5207	2.67029e-05
291	6	286	286	7.62939e-06
291	7	4898	4898	3.43323e-05
291	8	1262	1262	8.01086e-05
291	9	987	987	0.000116348
291	10	48331	48331	5.91278e-05
291	11	30514	30514	4.3869e-05
291	12	290	290	0
291	13	20567	20567	5.72205e-05
291	14	13	13	0
291	15	50256	50256	0
292	5	2656	2656	2.09808e-05
292	6	2060	2060	0.000120163
292	7	12	12	5.72205e-06
292	8	26327	26327	0.000328064
292	9	3815	3815	6.86646e-05
292	10	618	618	2.86102e-05
292	11	30240	30240	0.000148773
292	12	287	287	1.33514e-05
292	13	41002	41002	9.15527e-05
292	14	12	12	3.8147e-06
292	15	23	23	0.000598907
292	16	13	13	0
292	17	50256	50256	0
293	5	12737	12737	0.00019455
293	6	287	287	5.72205e-05
293	7	2877	2877	0.000255585
293	8	20296	20296	0.000322342
293	9	1231	1231	0.000267029
293	10	852	852	4.76837e-05
293	11	13529	13529	9.53674e-05
293	12	416	416	1.33514e-05
293	13	883	883	0.000396729
293	14	12737	12737	0.00015831
293	15	13	13	0
293	16	50256	50256	0
294	5	460	460	2.67029e-05
294	6	3067	3067	5.72205e-05
294	7	832	832	4.3869e-05
294	8	1111	1111	6.48499e-05
294	9	1540	1540	4.19617e-05
294	10	2340	2340	8.7738e-05
294	11	290	290	1.90735e-06
294	12	38236	38236	5.14984e-05
294	13	13	13	0
294	14	50256	50256	0
295	5	13991	13991	7.82013e-05
295	6	287	287	3.8147e-06
295	7	3833	3833	4.00543e-05
295	8	13	13	0
295	9	50256	50256	0
296	5	24742	24742	0.000259399
296	6	12	12	1.33514e-05
296	7	14337	14337	0.000745773
296	8	24438	24438	0.000457764
296	9	14921	14921	0.000310898
296	10	287	287	0
296	11	3624	3624	0.000230789
296	12	15274	15274	0.00034523
296	13	290	290	1.90735e-06
296	14	3624	3624	6.29425e-05
296	15	15180	15180	0.000106812
296	16	13	13	3.8147e-06
296	17	50256	50256	0
297	5	7042	7042	0.000265121
297	6	416	416	5.72205e-06
297	7	8902	8902	5.91278e-05
297	8	15134	15134	8.01086e-05
297	9	28856	28856	0.000112534
297	10	13	13	1.90735e-06
297	11	50256	50256	0
298	5	1402	1402	0.000127792
298	6	11	11	2.47955e-05
298	7	9403	9403	0.000339508
298	8	12	12	3.8147e-06
298	9	38301	38301	0.000261307
298	10	37215	37215	0.000204086
298	11	431	431	0.000131607
298	12	5289	5289	0.000123978
298	13	13	13	0
298	14	50256	50256	0
299	5	338	338	1.52588e-05
299	6	2494	2494	0.000162125
299	7	1231	1231	0.000118256
299	8	852	852	5.72205e-05
299	9	13529	13529	0.00025177
299	10	4045	4045	9.72748e-05
299	11	287	287	3.8147e-06
299	12	326	326	3.8147e-06
299	13	6317	6317	8.96454e-05
299	14	13	13	3.8147e-06
299	15	50256	50256	3.8147e-06
300	5	1474	1474	6.29425e-05
300	6	262	262	0
300	7	47441	47441	3.43323e-05
300	8	9700	9700	6.29425e-05
300	9	5866	5866	3.43323e-05
300	10	13	13	9.53674e-06
300	11	50256	50256	0
301	5	257	257	3.43323e-05
301	6	3463	3463	4.00543e-05
301	7	286	286	3.24249e-05
301	8	11711	11711	0.000116348
301	9	4961	4961	2.09808e-05
301	10	284	284	4.3869e-05
301	11	663	663	1.90735e-06
301	12	898	898	4.57764e-05
301	13	3463	3463	0.000114441
301	14	13	13	0
301	15	50256	50256	0
302	5	11	11	0
302	6	2138	2138	1.90735e-06
302	7	621	621	4.76837e-05
302	8	6586	6586	2.67029e-05
302	9	393	393	1.90735e-05
302	10	10930	10930	3.8147e-05
302	11	13	13	0
302	12	50256	50256	0
303	5	373	373	2.47955e-05
303	6	15283	15283	1.90735e-05
303	7	287	287	3.8147e-06
303	8	4492	4492	9.72748e-05
303	9	287	287	0
303	10	1105	1105	0.000114441
303	11	1314	1314	2.86102e-05
303	12	13	13	0
303	13	50256	50256	0
304	5	78	78	0.000188828
304	6	1990	1990	0.000146866
304	7	15688	15688	0.000106812
304	8	338	338	9.53674e-06
304	9	10003	10003	0.000173569
304	10	290	290	0
304	11	14944	14944	0.000146866
304	12	17862	17862	0.000104904
304	13	10399	10399	0.00322533
304	14	319	319	7.62939e-06
304	15	6882	6882	4.00543e-05
304	16	295	295	9.53674e-05
304	17	371	371	0.000459671
304	18	2093	2093	8.7738e-05
304	19	10875	10875	0.000112534
304	20	1134	1134	0.000234604
304	21	709	709	0.000152588
304	22	13	13	1.90735e-06
304	23	50256	50256	0
305	5	385	385	3.8147e-05
305	6	6486	6486	0.000188828
305	7	287	287	0.000164032
305	8	644	644	0.000143051
305	9	318	318	0
305	10	783	783	0.000123978
305	11	7137	7137	5.72205e-05
305	12	13	13	0
305	13	50256	50256	0
306	5	286	286	7.62939e-06
306	6	262	262	1.33514e-05
306	7	1578	1578	5.53131e-05
306	8	7526	7526	6.48499e-05
306	9	13	13	1.90735e-06
306	10	50256	50256	0
307	5	29867	29867	5.34058e-05
307	6	17556	17556	0.000200272
307	7	13	13	5.72205e-06
307	8	50256	50256	0
308	5	25041	25041	0.000286102
308	6	30468	30468	0.000261307
308	7	326	326	0
308	8	645	645	0.000444412
308	9	2392	2392	0.000253677
308	10	8080	8080	5.34058e-05
308	11	8850	8850	8.7738e-05
308	12	4755	4755	3.62396e-05
308	13	21748	21748	0.00050354
308	14	13	13	5.72205e-05
308	15	50256	50256	3.8147e-06
309	5	3562	3562	3.8147e-05
309	6	416	416	3.8147e-05
309	7	20849	20849	0.000102997
309	8	7068	7068	0.000116348
309	9	449	449	4.57764e-05
309	10	1211	1211	4.57764e-05
309	11	7273	7273	7.43866e-05
309	12	26361	26361	0.000123978
309	13	13	13	0
309	14	50256	50256	0
310	5	2788	2788	0.000226974
310	6	4331	4331	8.2016e-05
310	7	326	326	2.09808e-05
310	8	4100	4100	0.000261307
310	9	65	65	0.000141144
310	10	2788	2788	0.000154495
310	11	481	481	0.000112534
310	12	1716	1716	5.72205e-05
310	13	5822	5822	5.72205e-05
310	14	13	13	0
310	15	50256	50256	0
311	5	5865	5865	7.82013e-05
311	6	15417	15417	7.05719e-05
311	7	389	389	5.72205e-06
311	8	7310	7310	2.86102e-05
311	9	8950	8950	0.000246048
311	10	13	13	9.53674e-06
311	11	50256	50256	0
312	5	28028	28028	0.000106812
312	6	1141	1141	5.34058e-05
312	7	262	262	0
312	8	1218	1218	6.29425e-05
312	9	39210	39210	1.14441e-05
312	10	37078	37078	1.33514e-05
312	11	13	13	1.90735e-06
312	12	50256	50256	0
313	5	2685	2685	0.000360489
313	6	26161	26161	0.00015831
313	7	1657	1657	0.000219345
313	8	656	656	3.62396e-05
313	9	12278	12278	2.09808e-05
313	10	2568	2568	0.000303268
313	11	13	13	0
313	12	50256	50256	0
314	5	355	355	0.000123978
314	6	2153	2153	0.000268936
314	7	2611	2611	0.000354767
314	8	3608	3608	0.000638962
314	9	82	82	0.000318527
314	10	379	379	0.000101089
314	11	3095	3095	7.62939e-05
314	12	12	12	7.62939e-06
314	13	78	78	2.09808e-05
314	14	5829	5829	0.000146866
314	15	5755	5755	0.000303268
314	16	3212	3212	0.000139236
314	17	13	13	0
314	18	50256	50256	0
315	5	407	407	4.95911e-05
315	6	3706	3706	0.00012207
315	7	12622	12622	1.14441e-05
315	8	45738	45738	6.86646e-05
315	9	13	13	0
315	10	50256	50256	0
316	5	262	262	7.62939e-06
316	6	21231	21231	0.000230789
316	7	8769	8769	7.05719e-05
316	8	78	78	0.000385284
316	9	43397	43397	0.000265121
316	10	257	257	2.86102e-05
316	11	5766	5766	9.53674e-05
316	12	286	286	0
316	13	530	530	2.67029e-05
316	14	7319	7319	0.000120163
316	15	13	13	0
316	16	50256	50256	0
317	5	29260	29260	0.000205994
317	6	692	692	0.00031662
317	7	295	295	0.000829697
317	8	4193	4193	0.000352859
317	9	42790	42790	9.91821e-05
317	10	14075	14075	0.000276566
317	11	13550	13550	5.14984e-05
317	12	34619	34619	7.43866e-05
317	13	746	746	9.15527e-05
317	14	82	82	3.62396e-05
317	15	287	287	4.95911e-05
317	16	262	262	0
317	17	29666	29666	2.86102e-05
317	18	4289	4289	5.53131e-05
317	19	13	13	0
317	20	50256	50256	0
318	5	925	925	8.58307e-05
318	6	422	422	4.3869e-05
318	7	373	373	0.000144958
318	8	17914	17914	0.000263214
318	9	2058	2058	0.000204086
318	10	8384	8384	0.000154495
318	11	422	422	1.52588e-05
318	12	663	663	0.000135422
318	13	1036	1036	2.47955e-05
318	14	515	515	0.000261307
318	15	10717	10717	0.000520706
318	16	13	13	1.90735e-06
318	17	50256	50256	0
319	5	422	422	7.62939e-06
319	6	262	262	3.8147e-05
319	7	16577	16577	9.91821e-05
319	8	9529	9529	0.000259399
319	9	528	528	0.000171661
319	10	2586	2586	0.000152588
319	11	286	286	1.90735e-06
319	12	262	262	3.8147e-06
319	13	7858	7858	0.000394821
319	14	946	946	0.000343323
319	15	4618	4618	5.91278e-05
319	16	13	13	0
319	17	50256	50256	0
320	5	286	286	1.90735e-06
320	6	262	262	1.90735e-06
320	7	12108	12108	1.90735e-05
320	8	286	286	0
320	9	5828	5828	5.14984e-05
320	10	13	13	0
320	11	50256	50256	0
321	5	37185	37185	8.39233e-05
321	6	7268	7268	0.000112534
321	7	262	262	0
321	8	11904	11904	4.57764e-05
321	9	973	973	7.62939e-06
321	10	284	284	0
321	11	787	787	0.000181198
321	12	11311	11311	4.19617e-05
321	13	13	13	1.52588e-05
321	14	50256	50256	0
322	5	29909	29909	1.52588e-05
322	6	3348	3348	2.09808e-05
322	7	656	656	1.52588e-05
322	8	15268	15268	4.95911e-05
322	9	13	13	1.14441e-05
322	10	50256	50256	0
323	5	734	734	0.000141144
323	6	5621	5621	6.10352e-05
323	7	286	286	2.09808e-05
323	8	14390	14390	0.000116348
323	9	11	11	0
323	10	8811	8811	0.000141144
323	11	1444	1444	3.8147e-06
323	12	25825	25825	0.000171661
323	13	290	290	1.90735e-06
323	14	356	356	0.000114441
323	15	701	701	7.82013e-05
323	16	13	13	0
323	17	50256	50256	0
324	5	257	257	3.05176e-05
324	6	1573	1573	0.000329971
324	7	338	338	0.000181198
324	8	2779	2779	3.05176e-05
324	9	11	11	1.90735e-06
324	10	9472	9472	0.000322342
324	11	257	257	2.28882e-05
324	12	35488	35488	0.000377655
324	13	318	318	2.86102e-05
324	14	7223	7223	0.000284195
324	15	706	706	0.000255585
324	16	340	340	9.72748e-05
324	17	13	13	0
324	18	50256	50256	0
325	5	3912	3912	0.000104904
325	6	1900	1900	5.91278e-05
325	7	355	355	3.8147e-06
325	8	26153	26153	5.34058e-05
325	9	338	338	3.8147e-06
325	10	16734	16734	1.52588e-05
325	11	13	13	0
325	12	50256	50256	0
326	5	318	318	3.8147e-06
326	6	25086	25086	0.000593185
326	7	13	13	1.90735e-06
326	8	50256	50256	0
327	5	976	976	0.000175476
327	6	1986	1986	0.000225067
327	7	3812	3812	0.000362396
327	8	3668	3668	2.86102e-05
327	9	780	780	0.000143051
327	10	663	663	1.90735e-06
327	11	13179	13179	0.000562668
327	12	290	290	2.09808e-05
327	13	13066	13066	4.57764e-05
327	14	389	389	0.000137329
327	15	47192	47192	0.000217438
327	16	13	13	2.28882e-05
327	17	50256	50256	0
328	5	20199	20199	0.000432968
328	6	1779	1779	0.000270844
328	7	4541	4541	0.00025177
328	8	4291	4291	0.000289917
328	9	257	257	3.8147e-06
328	10	4417	4417	1.71661e-05
328	11	32162	32162	0.000272751
328	12	2174	2174	0.000102997
328	13	262	262	1.52588e-05
328	14	1633	1633	0.000171661
328	15	338	338	4.19617e-05
328	16	390	390	0.00031662
328	17	86	86	6.86646e-05
328	18	966	966	0.000116348
328	19	13	13	0
328	20	50256	50256	0
329	5	262	262	1.90735e-06
329	6	2612	2612	8.39233e-05
329	7	11	11	7.62939e-06
329	8	2138	2138	4.95911e-05
329	9	621	621	1.14441e-05
329	10	6872	6872	0.000125885
329	11	340	340	0.000101089
329	12	1497	1497	0.00018692
329	13	13	13	1.90735e-06
329	14	50256	50256	0
330	5	1688	1688	0.00019455
330	6	26041	26041	0.000335693
330	7	1748	1748	4.57764e-05
330	8	287	287	1.71661e-05
330	9	1944	1944	6.86646e-05
330	10	12	12	7.62939e-06
330	11	820	820	9.34601e-05
330	12	32183	32183	8.96454e-05
330	13	13	13	0
330	14	50256	50256	0
331	5	2347	2347	0.00022316
331	6	318	318	0.000204086
331	7	17298	17298	0.000144958
331	8	287	287	2.28882e-05
331	9	663	663	1.52588e-05
331	10	29984	29984	9.72748e-05
331	11	13	13	0
331	12	50256	50256	0
332	5	257	257	1.90735e-05
332	6	46103	46103	6.86646e-05
332	7	326	326	5.72205e-06
332	8	8186	8186	0.0001297
332	9	728	728	0.000164032
332	10	416	416	5.72205e-06
332	11	16299	16299	5.72205e-05
332	12	9653	9653	6.86646e-05
332	13	13	13	0
332	14	50256	50256	0
333	5	33828	33828	0.000204086
333	6	2630	2630	0.000125885
333	7	262	262	1.90735e-06
333	8	4960	4960	0.000270844
333	9	670	670	8.01086e-05
333	10	383	383	0.000225067
333	11	17388	17388	4.57764e-05
333	12	286	286	0
333	13	5215	5215	0.000234604
333	14	7285	7285	0.000209808
333	15	13	13	0
333	16	50256	50256	0
334	5	656	656	9.53674e-06
334	6	262	262	1.90735e-05
334	7	12108	12108	1.90735e-05
334	8	286	286	0
334	9	5828	5828	0.000263214
334	10	13	13	1.90735e-06
334	11	50256	50256	0
335	5	1146	1146	0.000440598
335	6	14523	14523	0.000295639
335	7	12076	12076	0.000608444
335	8	4755	4755	0.00022316
335	9	5419	5419	0.000268936
335	10	7716	7716	2.86102e-05
335	11	663	663	3.24249e-05
335	12	14091	14091	0.000337601
335	13	2214	2214	0.00018692
335	14	13	13	1.90735e-06
335	15	50256	50256	0
336	5	416	416	5.72205e-06
336	6	281	281	1.90735e-06
336	7	12064	12064	3.05176e-05
336	8	900	900	8.96454e-05
336	9	13	13	0
336	10	50256	50256	0
337	5	4387	4387	0.000171661
337	6	2877	2877	5.72205e-05
337	7	5044	5044	0.000211716
337	8	416	416	4.57764e-05
337	9	2347	2347	0.000406265
337	10	13	13	0
337	11	50256	50256	0
338	5	318	318	1.90735e-06
338	6	281	281	1.52588e-05
338	7	12628	12628	6.86646e-05
338	8	1286	1286	0.000291824
338	9	35162	35162	6.48499e-05
338	10	19955	19955	5.53131e-05
338	11	17116	17116	3.62396e-05
338	12	13	13	0
338	13	50256	50256	0
339	5	1255	1255	0.000358582
339	6	422	422	3.8147e-06
339	7	4802	4802	0.000225067
339	8	29358	29358	0.000238419
339	9	286	286	1.14441e-05
339	10	32085	32085	0.000162125
339	11	729	729	0.000402451
339	12	416	416	0.000102997
339	13	739	739	0.000312805
339	14	8583	8583	0.000162125
339	15	29781	29781	0.000101089
339	16	13	13	0
339	17	50256	50256	0
340	5	4417	4417	0.000232697
340	6	11	11	8.39233e-05
340	7	340	340	0.000579834
340	8	318	318	1.52588e-05
340	9	1444	1444	1.90735e-06
340	10	28856	28856	0.000976562
340	11	13	13	2.86102e-05
340	12	50256	50256	0
341	5	31094	31094	0.000282288
341	6	9813	9813	0.000442505
341	7	3067	3067	8.96454e-05
341	8	379	379	2.67029e-05
341	9	262	262	0
341	10	976	976	9.91821e-05
341	11	2866	2866	0.00123596
341	12	13	13	0
341	13	50256	50256	0
342	5	338	338	5.72205e-06
342	6	3139	3139	6.10352e-05
342	7	11	11	2.28882e-05
342	8	319	319	1.33514e-05
342	9	262	262	0
342	10	2258	2258	0.000209808
342	11	5451	5451	0.000137329
342	12	13	13	0
342	13	50256	50256	0
343	5	290	290	7.62939e-06
343	6	262	262	7.62939e-06
343	7	7431	7431	0.000148773
343	8	323	323	0.000299454
343	9	2271	2271	0.000459671
343	10	389	389	6.86646e-05
343	11	1688	1688	0.0001297
343	12	46178	46178	0.000198364
343	13	2462	2462	0.000246048
343	14	873	873	0.000246048
343	15	13	13	0
343	16	50256	50256	0
344	5	3303	3303	1.14441e-05
344	6	13	13	0
344	7	50256	50256	0
345	5	338	338	3.62396e-05
345	6	1588	1588	8.39233e-05
345	7	14966	14966	0.000162125
345	8	389	389	0.000692368
345	9	20633	20633	2.28882e-05
345	10	416	416	0
345	11	16021	16021	7.24792e-05
345	12	300	300	3.8147e-05
345	13	600	600	0.000120163
345	14	1424	1424	0.000221252
345	15	13	13	0
345	16	50256	50256	0
346	5	262	262	3.8147e-06
346	6	717	717	7.24792e-05
346	7	1893	1893	3.8147e-05
346	8	286	286	1.90735e-06
346	9	16256	16256	0.000257492
346	10	706	706	0.000154495
346	11	663	663	0
346	12	39862	39862	5.14984e-05
346	13	286	286	5.72205e-06
346	14	10404	10404	4.95911e-05
346	15	13	13	7.62939e-06
346	16	50256	50256	0
347	5	1022	1022	5.91278e-05
347	6	5387	5387	0.000108719
347	7	21379	21379	7.82013e-05
347	8	290	290	3.8147e-06
347	9	262	262	1.33514e-05
347	10	7097	7097	0.000133514
347	11	2858	2858	7.82013e-05
347	12	13	13	0
347	13	50256	50256	0
348	5	17598	17598	5.53131e-05
348	6	318	318	2.86102e-05
348	7	262	262	3.8147e-06
348	8	4756	4756	2.67029e-05
348	9	832	832	0.000131607
348	10	543	543	5.53131e-05
348	11	4704	4704	0.000143051
348	12	8318	8318	2.28882e-05
348	13	13	13	0
348	14	50256	50256	0
349	5	257	257	1.71661e-05
349	6	8122	8122	0
349	7	416	416	6.48499e-05
349	8	10829	10829	7.62939e-05
349	9	5365	5365	0.000114441
349	10	26758	26758	8.96454e-05
349	11	17745	17745	7.05719e-05
349	12	13	13	3.8147e-06
349	13	50256	50256	0
350	5	12912	12912	0.000246048
350	6	5696	5696	2.47955e-05
350	7	7668	7668	0.000520706
350	8	351	351	5.14984e-05
350	9	8977	8977	0.000305176
350	10	290	290	3.8147e-06
350	11	26898	26898	4.57764e-05
350	12	13166	13166	4.00543e-05
350	13	13	13	0
350	14	50256	50256	0
351	5	14281	14281	0.00012207
351	6	393	393	1.71661e-05
351	7	28402	28402	0.000202179
351	8	7334	7334	0.000616074
351	9	329	329	0.000181198
351	10	663	663	9.53674e-06
351	11	7956	7956	0.000108719
351	12	5250	5250	9.34601e-05
351	13	15921	15921	8.39233e-05
351	14	13	13	0
351	15	50256	50256	0
352	5	11471	11471	0.000732422
352	6	11	11	0.000110626
352	7	41331	41331	0.000310898
352	8	286	286	1.14441e-05
352	9	21558	21558	0.00031662
352	10	460	460	0.000143051
352	11	307	307	5.34058e-05
352	12	24167	24167	0.000747681
352	13	284	284	7.05719e-05
352	14	1296	1296	2.09808e-05
352	15	262	262	0
352	16	7714	7714	0.000139236
352	17	286	286	1.90735e-06
352	18	257	257	1.90735e-06
352	19	8837	8837	0.00018692
352	20	13	13	3.8147e-06
352	21	50256	50256	0
353	5	504	504	0.000143051
353	6	23470	23470	0.000188828
353	7	36364	36364	0.000135422
353	8	1777	1777	0.000120163
353	9	2367	2367	7.43866e-05
353	10	656	656	2.28882e-05
353	11	37285	37285	2.09808e-05
353	12	338	338	1.90735e-06
353	13	6450	6450	8.96454e-05
353	14	6440	6440	0.000160217
353	15	41724	41724	3.05176e-05
353	16	13	13	0
353	17	50256	50256	0
354	5	4577	4577	0.00018692
354	6	284	284	3.62396e-05
354	7	10716	10716	0.00118256
354	8	416	416	0.000144958
354	9	9194	9194	6.48499e-05
354	10	7842	7842	0.000141144
354	11	1431	1431	4.76837e-05
354	12	4263	4263	7.24792e-05
354	13	13	13	0
354	14	50256	50256	0
355	5	3623	3623	9.53674e-05
355	6	326	326	0
355	7	30174	30174	0.000221252
355	8	691	691	0.000146866
355	9	351	351	3.05176e-05
355	10	1049	1049	3.8147e-05
355	11	8722	8722	9.53674e-05
355	12	739	739	2.67029e-05
355	13	8850	8850	6.86646e-05
355	14	3403	3403	8.7738e-05
355	15	13	13	0
355	16	50256	50256	0
356	5	318	318	7.62939e-06
356	6	257	257	7.62939e-06
356	7	31513	31513	7.24792e-05
356	8	8598	8598	4.19617e-05
356	9	287	287	1.90735e-06
356	10	38131	38131	2.47955e-05
356	11	37270	37270	2.86102e-05
356	12	13	13	1.90735e-06
356	13	50256	50256	0
357	5	7285	7285	0.00107002
357	6	351	351	3.8147e-06
357	7	262	262	0
357	8	289	289	0.000141144
357	9	343	343	0.000276566
357	10	363	363	9.34601e-05
357	11	2271	2271	0.00015831
357	12	290	290	1.14441e-05
357	13	479	479	0.00015831
357	14	265	265	0.000219345
357	15	461	461	0.000453949
357	16	2271	2271	0.000101089
357	17	27226	27226	0.000326157
357	18	397	397	0.000349045
357	19	3166	3166	0.000104904
357	20	13	13	9.53674e-06
357	21	50256	50256	0
358	5	2237	2237	0.000114441
358	6	13042	13042	1.90735e-05
358	7	13	13	1.90735e-06
358	8	50256	50256	0
359	5	46916	46916	0.000144958
359	6	286	286	7.62939e-06
359	7	530	530	0.000127792
359	8	8122	8122	0.000160217
359	9	34646	34646	0.000543594
359	10	287	287	2.47955e-05
359	11	1194	1194	1.52588e-05
359	12	2296	2296	0.000951767
359	13	2304	2304	0.000558853
359	14	856	856	0.000310898
359	15	8122	8122	8.01086e-05
359	16	13	13	0
359	17	50256	50256	0
360	5	890	890	0.000156403
360	6	14659	14659	8.2016e-05
360	7	7042	7042	0.000144958
360	8	422	422	0
360	9	4555	4555	2.86102e-05
360	10	37880	37880	4.00543e-05
360	11	2615	2615	1.52588e-05
360	12	7021	7021	0.000303268
360	13	13	13	0
360	14	50256	50256	0
361	5	3812	3812	0.000371933
361	6	1657	1657	0.00166702
361	7	832	832	0.000196457
361	8	257	257	0.000419617
361	9	2882	2882	0.000110626
361	10	1444	1444	7.62939e-06
361	11	2825	2825	7.62939e-06
361	12	34248	34248	2.67029e-05
361	13	1042	1042	5.72205e-05
361	14	13	13	0
361	15	50256	50256	0
362	5	286	286	1.90735e-06
362	6	262	262	0
362	7	13387	13387	0.000205994
362	8	286	286	1.90735e-06
362	9	262	262	0
362	10	311	311	0.000391006
362	11	32248	32248	0.000135422
362	12	32939	32939	3.43323e-05
362	13	13	13	0
362	14	50256	50256	0
363	5	9030	9030	5.91278e-05
363	6	973	973	2.47955e-05
363	7	28713	28713	7.62939e-05
363	8	284	284	2.67029e-05
363	9	2746	2746	2.28882e-05
363	10	37209	37209	8.01086e-05
363	11	16006	16006	3.43323e-05
363	12	13	13	0
363	13	50256	50256	0
364	5	35831	35831	0.000125885
364	6	26664	26664	0.000190735
364	7	4735	4735	0.000717163
364	8	422	422	6.86646e-05
364	9	257	257	1.14441e-05
364	10	8122	8122	4.00543e-05
364	11	13	13	8.58307e-05
364	12	50256	50256	0
365	5	290	290	3.8147e-05
365	6	1336	1336	0.000263214
365	7	31093	31093	0.000383377
365	8	11	11	0.000154495
365	9	618	618	5.72205e-05
365	10	6591	6591	7.82013e-05
365	11	290	290	2.09808e-05
365	12	25572	25572	2.09808e-05
365	13	40738	40738	0.000148773
365	14	3048	3048	0.000143051
365	15	19594	19594	0.000329971
365	16	1123	1123	0.000106812
365	17	584	584	4.76837e-05
365	18	13	13	1.33514e-05
365	19	50256	50256	0
366	5	4477	4477	0.000482559
366	6	881	881	0.00015831
366	7	286	286	1.90735e-06
366	8	663	663	0.000102997
366	9	1903	1903	0.000593185
366	10	2478	2478	0.00022316
366	11	2641	2641	7.62939e-05
366	12	663	663	1.90735e-06
366	13	2802	2802	0.000135422
366	14	338	338	0.00111961
366	15	36594	36594	5.91278e-05
366	16	13	13	0
366	17	50256	50256	0
367	5	3734	3734	0.000177383
367	6	32908	32908	0.000192642
367	7	326	326	1.90735e-05
367	8	3342	3342	0.000127792
367	9	2344	2344	4.57764e-05
367	10	39895	39895	3.24249e-05
367	11	282	282	0.000116348
367	12	13	13	0
367	13	50256	50256	0
368	5	422	422	3.8147e-05
368	6	262	262	0
368	7	21405	21405	2.67029e-05
368	8	286	286	1.90735e-06
368	9	269	269	2.67029e-05
368	10	967	967	0.000297546
368	11	26210	26210	7.24792e-05
368	12	7150	7150	0.000108719
368	13	13	13	0
368	14	50256	50256	0
369	5	26948	26948	0.000452042
369	6	318	318	5.72205e-06
369	7	257	257	1.52588e-05
369	8	9403	9403	0.000366211
369	9	13	13	1.90735e-06
369	10	50256	50256	0
370	5	1321	1321	0.000171661
370	6	355	355	1.90735e-06
370	7	880	880	9.91821e-05
370	8	355	355	5.72205e-06
370	9	663	663	7.62939e-06
370	10	21437	21437	5.91278e-05
370	11	13	13	0
370	12	50256	50256	0
371	5	1735	1735	0.000120163
371	6	4129	4129	7.62939e-05
371	7	15082	15082	0.000152588
371	8	444	444	0.000436783
371	9	663	663	2.09808e-05
371	10	1989	1989	6.48499e-05
371	11	416	416	1.33514e-05
371	12	1440	1440	9.34601e-05
371	13	13	13	0
371	14	50256	50256	0
372	5	14807	14807	0.0001297
372	6	1444	1444	1.90735e-05
372	7	262	262	0
372	8	2258	2258	2.47955e-05
372	9	5451	5451	0.000139236
372	10	290	290	1.71661e-05
372	11	2520	2520	0.000183105
372	12	5451	5451	9.91821e-05
372	13	13	13	0
372	14	50256	50256	0
373	5	262	262	0
373	6	4151	4151	0.000455856
373	7	832	832	0.000190735
373	8	262	262	1.90735e-06
373	9	34047	34047	0.000144958
373	10	13	13	4.95911e-05
373	11	50256	50256	0
374	5	286	286	7.62939e-06
374	6	262	262	0
374	7	25730	25730	4.57764e-05
374	8	17628	17628	6.48499e-05
374	9	3923	3923	7.62939e-05
374	10	13	13	1.90735e-06
374	11	50256	50256	0
375	5	4069	4069	8.39233e-05
375	6	351	351	4.00543e-05
375	7	281	281	2.09808e-05
375	8	2938	2938	5.14984e-05
375	9	1255	1255	6.48499e-05
375	10	13	13	0
375	11	50256	50256	0
376	5	8830	8830	0.000234604
376	6	3340	3340	0.000259399
376	7	290	290	1.90735e-06
376	8	262	262	2.09808e-05
376	9	1578	1578	9.15527e-05
376	10	1829	1829	9.15527e-05
376	11	13	13	1.90735e-06
376	12	50256	50256	0
377	5	17517	17517	0.000162125
377	6	287	287	7.62939e-06
377	7	15142	15142	0.000101089
377	8	318	318	2.47955e-05
377	9	7173	7173	6.86646e-05
377	10	3917	3917	4.00543e-05
377	11	351	351	5.72205e-06
377	12	7068	7068	4.00543e-05
377	13	9261	9261	0.000205994
377	14	72	72	0.000137329
377	15	402	402	0.000144958
377	16	31330	31330	5.72205e-05
377	17	13	13	0
377	18	50256	50256	0
378	5	284	284	1.90735e-05
378	6	663	663	7.62939e-06
378	7	8373	8373	0.00012207
378	8	13	13	2.28882e-05
378	9	50256	50256	1.90735e-06
379	5	1748	1748	0.000104904
379	6	351	351	5.34058e-05
379	7	3881	3881	0.000108719
379	8	12	12	1.33514e-05
379	9	8968	8968	0.000110626
379	10	28814	28814	5.14984e-05
379	11	287	287	3.8147e-06
379	12	8078	8078	8.58307e-05
379	13	13	13	1.90735e-06
379	14	50256	50256	0
380	5	257	257	1.71661e-05
380	6	6994	6994	0.000246048
380	7	1271	1271	0.000152588
380	8	13	13	1.90735e-06
380	9	50256	50256	0
381	5	2392	2392	0.00015831
381	6	28400	28400	0.000713348
381	7	621	621	0.000125885
381	8	4171	4171	6.48499e-05
381	9	7424	7424	0.000394821
381	10	1657	1657	0.000587463
381	11	13	13	0
381	12	50256	50256	0
382	5	21622	21622	8.96454e-05
382	6	416	416	2.86102e-05
382	7	511	511	3.05176e-05
382	8	6625	6625	0.000225067
382	9	284	284	4.3869e-05
382	10	34688	34688	3.62396e-05
382	11	13	13	0
382	12	50256	50256	0
383	5	12866	12866	0.0001297
383	6	278	278	0.000146866
383	7	20365	20365	0.000110626
383	8	3033	3033	0.000141144
383	9	262	262	0
383	10	2095	2095	0.00015831
383	11	25846	25846	5.72205e-05
383	12	565	565	5.34058e-05
383	13	733	733	9.34601e-05
383	14	13	13	7.62939e-06
383	15	50256	50256	7.62939e-06
384	5	313	313	0.000177383
384	6	48406	48406	0.000411987
384	7	50195	50195	8.01086e-05
384	8	6296	6296	3.62396e-05
384	9	24287	24287	0.000156403
384	10	286	286	1.90735e-06
384	11	3660	3660	0.000120163
384	12	5828	5828	0.000135422
384	13	2254	2254	7.05719e-05
384	14	13	13	1.90735e-06
384	15	50256	50256	0
385	5	2618	2618	0.000822067
385	6	1080	1080	0.000144958
385	7	11	11	1.90735e-06
385	8	257	257	4.57764e-05
385	9	5421	5421	0.000160217
385	10	29973	29973	0.00021553
385	11	13066	13066	7.43866e-05
385	12	318	318	5.72205e-06
385	13	281	281	6.67572e-05
385	14	30004	30004	0.000154495
385	15	541	541	0.000278473
385	16	325	325	0.000133514
385	17	13	13	0
385	18	50256	50256	0
386	5	7729	7729	2.28882e-05
386	6	422	422	2.09808e-05
386	7	7446	7446	0.000114441
386	8	284	284	5.72205e-05
386	9	12183	12183	0.000152588
386	10	418	418	0.000112534
386	11	2586	2586	0.000131607
386	12	13	13	9.53674e-06
386	13	50256	50256	0
387	5	12022	12022	8.39233e-05
387	6	373	373	0.000143051
387	7	257	257	1.14441e-05
387	8	1748	1748	5.72205e-06
387	9	286	286	3.8147e-06
387	10	262	262	0
387	11	6156	6156	6.10352e-05
387	12	1423	1423	7.05719e-05
387	13	385	385	4.00543e-05
387	14	6916	6916	0.000164032
387	15	14355	14355	9.53674e-05
387	16	13	13	0
387	17	50256	50256	0
388	5	656	656	0.00204849
388	6	257	257	1.90735e-05
388	7	1296	1296	6.67572e-05
388	8	5292	5292	0.000370026
388	9	284	284	0
388	10	21363	21363	0.000576019
388	11	663	663	6.67572e-05
388	12	10154	10154	0.000385284
388	13	13	13	0
388	14	50256	50256	0
389	5	8899	8899	8.58307e-05
389	6	35076	35076	0.000102997
389	7	18180	18180	0.000118256
389	8	3745	3745	0.000196457
389	9	257	257	2.09808e-05
389	10	1588	1588	4.3869e-05
389	11	25979	25979	9.53674e-05
389	12	287	287	7.62939e-06
389	13	19483	19483	5.14984e-05
389	14	290	290	0
389	15	3794	3794	8.7738e-05
389	16	13	13	0
389	17	50256	50256	0
390	5	1296	1296	6.67572e-05
390	6	257	257	0.00041008
390	7	14153	14153	0.000278473
390	8	1339	1339	0.000343323
390	9	1088	1088	1.90735e-05
390	10	262	262	0
390	11	3632	3632	0.000276566
390	12	13	13	1.52588e-05
390	13	50256	50256	0
391	5	1262	1262	1.90735e-05
391	6	12278	12278	5.34058e-05
391	7	10425	10425	2.86102e-05
391	8	290	290	3.8147e-06
391	9	5931	5931	8.7738e-05
391	10	2085	2085	0.000154495
391	11	9302	9302	6.29425e-05
391	12	13	13	1.90735e-06
391	13	50256	50256	0
392	5	286	286	9.53674e-06
392	6	257	257	0
392	7	6808	6808	0.000156403
392	8	11	11	3.8147e-06
392	9	257	257	3.8147e-06
392	10	1688	1688	6.29425e-05
392	11	2368	2368	0.000150681
392	12	11	11	1.71661e-05
392	13	290	290	1.90735e-06
392	14	257	257	1.90735e-06
392	15	2818	2818	0.000494003
392	16	8150	8150	8.58307e-05
392	17	13	13	3.8147e-06
392	18	50256	50256	0
393	5	734	734	1.71661e-05
393	6	3891	3891	4.57764e-05
393	7	329	329	9.53674e-06
393	8	262	262	3.8147e-06
393	9	976	976	3.8147e-05
393	10	33158	33158	0.000112534
393	11	13833	13833	1.52588e-05
393	12	13	13	0
393	13	50256	50256	0
394	5	3578	3578	0.000259399
394	6	38575	38575	3.24249e-05
394	7	13871	13871	8.01086e-05
394	8	621	621	7.62939e-05
394	9	262	262	0
394	10	1388	1388	0.00019455
394	11	5046	5046	0.000106812
394	12	3436	3436	0.000108719
394	13	13	13	0
394	14	50256	50256	0
395	5	44504	44504	9.53674e-05
395	6	422	422	2.47955e-05
395	7	12734	12734	0.000150681
395	8	290	290	1.52588e-05
395	9	10385	10385	2.28882e-05
395	10	340	340	0.00018692
395	11	656	656	5.14984e-05
395	12	12498	12498	0.000339508
395	13	13	13	5.72205e-06
395	14	50256	50256	0
396	5	832	832	1.14441e-05
396	6	257	257	1.90735e-05
396	7	1429	1429	5.34058e-05
396	8	1444	1444	5.72205e-06
396	9	285	285	7.62939e-06
396	10	13929	13929	1.52588e-05
396	11	2649	2649	2.47955e-05
396	12	13	13	0
396	13	50256	50256	0
397	5	422	422	9.53674e-06
397	6	262	262	0
397	7	25572	25572	4.57764e-05
397	8	4417	4417	2.09808e-05
397	9	13	13	0
397	10	50256	50256	0
398	5	11	11	1.71661e-05
398	6	475	475	2.86102e-05
398	7	407	407	0.00019455
398	8	790	790	0.00037384
398	9	35991	35991	0.000522614
398	10	318	318	1.90735e-06
398	11	257	257	0.00044632
398	12	6616	6616	0.000375748
398	13	13	13	5.34058e-05
398	14	50256	50256	0
399	5	618	618	7.24792e-05
399	6	663	663	0.000104904
399	7	13042	13042	3.24249e-05
399	8	12611	12611	0.00015831
399	9	378	378	5.14984e-05
399	10	706	706	0.000123978
399	11	852	852	8.7738e-05
399	12	458	458	3.62396e-05
399	13	17758	17758	4.19617e-05
399	14	13	13	0
399	15	50256	50256	1.90735e-06
400	5	4351	4351	0.00120735
400	6	416	416	5.72205e-05
400	7	15637	15637	0.000112534
400	8	369	369	0.000488281
400	9	11124	11124	0.000360489
400	10	290	290	2.67029e-05
400	11	24748	24748	8.01086e-05
400	12	596	596	0.000211716
400	13	1022	1022	1.33514e-05
400	14	663	663	6.48499e-05
400	15	7714	7714	8.2016e-05
400	16	13	13	1.33514e-05
400	17	50256	50256	0
401	5	1458	1458	0.000204086
401	6	1437	1437	0.000255585
401	7	355	355	1.90735e-06
401	8	340	340	8.96454e-05
401	9	30174	30174	0.000144958
401	10	351	351	7.62939e-06
401	11	15938	15938	7.62939e-05
401	12	287	287	0.000127792
401	13	663	663	2.28882e-05
401	14	21334	21334	3.43323e-05
401	15	13	13	0
401	16	50256	50256	0
402	5	373	373	0.000177383
402	6	3170	3170	4.3869e-05
402	7	329	329	9.91821e-05
402	8	262	262	1.90735e-06
402	9	6342	6342	4.57764e-05
402	10	45357	45357	5.14984e-05
402	11	286	286	0
402	12	49545	49545	4.76837e-05
402	13	13	13	0
402	14	50256	50256	0
403	5	15268	15268	9.72748e-05
403	6	290	290	2.67029e-05
403	7	13532	13532	0.00028038
403	8	2427	2427	0.000263214
403	9	286	286	0
403	10	691	691	0.000102997
403	11	257	257	3.24249e-05
403	12	5969	5969	0.000537872
403	13	10706	10706	7.43866e-05
403	14	286	286	1.90735e-06
403	15	17848	17848	7.62939e-05
403	16	13	13	0
403	17	50256	50256	0
404	5	28408	28408	0.000169754
404	6	430	430	0.000312805
404	7	704	704	0.00028801
404	8	1313	1313	0.000484467
404	9	389	389	0.000144958
404	10	1440	1440	0.000333786
404	11	1602	1602	2.86102e-05
404	12	14796	14796	0.000114441
404	13	44360	44360	7.24792e-05
404	14	13	13	0
404	15	50256	50256	0
405	5	18665	18665	8.96454e-05
405	6	1660	1660	0.000202179
405	7	284	284	3.05176e-05
405	8	11684	11684	0.00329781
405	9	290	290	0
405	10	4736	4736	5.53131e-05
405	11	13	13	0
405	12	50256	50256	0
406	5	21891	21891	0.000268936
406	6	11	11	7.24792e-05
406	7	281	281	0.000177383
406	8	6156	6156	0.000785828
406	9	19517	19517	0.000144958
406	10	1748	1748	4.57764e-05
406	11	13	13	0
406	12	50256	50256	0
407	5	43088	43088	2.67029e-05
407	6	351	351	3.43323e-05
407	7	471	471	8.96454e-05
407	8	12	12	1.90735e-06
407	9	16760	16760	0.00012207
407	10	3272	3272	5.14984e-05
407	11	9004	9004	1.33514e-05
407	12	13	13	0
407	13	50256	50256	0
408	5	13108	13108	2.67029e-05
408	6	10340	10340	2.47955e-05
408	7	13	13	1.90735e-06
408	8	50256	50256	0
409	5	4645	4645	0.000202179
409	6	4635	4635	0.000106812
409	7	416	416	1.71661e-05
409	8	1728	1728	0.000137329
409	9	38467	38467	0.000114441
409	10	13	13	1.90735e-06
409	11	50256	50256	0
410	5	810	810	0.00018692
410	6	27163	27163	0.000322342
410	7	33408	33408	0.000102997
410	8	12188	12188	0.000127792
410	9	510	510	0.000200272
410	10	1474	1474	8.96454e-05
410	11	257	257	5.72205e-06
410	12	7850	7850	0.000188828
410	13	338	338	1.33514e-05
410	14	5422	5422	6.10352e-05
410	15	13	13	3.8147e-06
410	16	50256	50256	0
411	5	41578	41578	0.000278473
411	6	11	11	5.72205e-06
411	7	1474	1474	0.000371933
411	8	262	262	2.09808e-05
411	9	8211	8211	0.000173569
411	10	7051	7051	0.000139236
411	11	13	13	1.90735e-06
411	12	50256	50256	0
412	5	9565	9565	0.000289917
412	6	24049	24049	0.00028038
412	7	862	862	0.00012207
412	8	11	11	0
412	9	336	336	6.86646e-05
412	10	15515	15515	0.000108719
412	11	11	11	5.72205e-06
412	12	290	290	1.90735e-06
412	13	584	584	4.3869e-05
412	14	16759	16759	0.000146866
412	15	13	13	0
412	16	50256	50256	0
413	5	286	286	9.53674e-06
413	6	734	734	0.000810623
413	7	6134	6134	0.000110626
413	8	523	523	8.58307e-05
413	9	326	326	2.09808e-05
413	10	484	484	5.34058e-05
413	11	1663	1663	0.000392914
413	12	1978	1978	0.000257492
413	13	13	13	0.000261307
413	14	50256	50256	0
414	5	925	925	2.28882e-05
414	6	416	416	1.52588e-05
414	7	10708	10708	7.24792e-05
414	8	290	290	5.72205e-06
414	9	23610	23610	0.000185013
414	10	7135	7135	0.000154495
414	11	22670	22670	0.000141144
414	12	286	286	0
414	13	3348	3348	9.53674e-05
414	14	13	13	0
414	15	50256	50256	0
415	5	15568	15568	0.000139236
415	6	1864	1864	0.000148773
415	7	284	284	6.48499e-05
415	8	7729	7729	0.682921
415	9	5281	5281	0.00232506
415	10	416	416	1.71661e-05
415	11	31228	31228	0.000116348
415	12	25897	25897	0.000188828
415	13	13	13	0
415	14	50256	50256	0
416	5	4909	4909	0.000425339
416	6	749	749	9.53674e-05
416	7	286	286	3.8147e-06
416	8	22779	22779	0.000579834
416	9	8602	8602	0.000102997
416	10	290	290	0
416	11	19101	19101	5.53131e-05
416	12	13	13	0
416	13	50256	50256	0
417	5	5478	5478	0.000297546
417	6	338	338	3.05176e-05
417	7	10596	10596	6.48499e-05
417	8	7051	7051	0.000127792
417	9	11	11	4.3869e-05
417	10	318	318	2.67029e-05
417	11	262	262	0.000101089
417	12	3139	3139	5.34058e-05
417	13	286	286	0
417	14	49657	49657	0.000221252
417	15	13	13	1.33514e-05
417	16	50256	50256	0
418	5	874	874	0.000389099
418	6	7330	7330	0.000255585
418	7	20901	20901	8.58307e-05
418	8	422	422	4.19617e-05
418	9	33773	33773	0.000131607
418	10	2877	2877	4.76837e-05
418	11	1626	1626	4.95911e-05
418	12	511	511	5.34058e-05
418	13	21379	21379	4.19617e-05
418	14	13	13	0
418	15	50256	50256	0
419	5	543	543	0.000720978
419	6	2568	2568	0.000394821
419	7	318	318	0
419	8	11172	11172	0.000116348
419	9	393	393	0.000200272
419	10	670	670	0.000547409
419	11	318	318	3.8147e-06
419	12	1760	1760	0.000192642
419	13	13	13	0
419	14	50256	50256	0
420	5	6364	6364	0.00167847
420	6	3585	3585	0.0176868
420	7	284	284	0
420	8	530	530	0.0116844
420	9	1194	1194	0.000377655
420	10	1973	1973	0.0016861
420	11	3668	3668	5.91278e-05
420	12	338	338	3.05176e-05
420	13	4417	4417	0.000211716
420	14	13	13	0
420	15	50256	50256	0
421	5	19853	19853	0.000143051
421	6	16736	16736	0.000120163
421	7	2029	2029	0.000135422
421	8	262	262	6.67572e-05
421	9	4417	4417	5.72205e-06
421	10	286	286	3.8147e-06
421	11	8706	8706	4.57764e-05
421	12	13	13	1.52588e-05
421	13	50256	50256	0
422	5	8384	8384	0.000322342
422	6	329	329	0
422	7	663	663	2.28882e-05
422	8	35988	35988	0.000108719
422	9	5667	5667	2.09808e-05
422	10	13	13	0
422	11	50256	50256	0
423	5	929	929	6.29425e-05
423	6	8231	8231	8.2016e-05
423	7	11	11	5.72205e-06
423	8	407	407	4.00543e-05
423	9	1866	1866	6.67572e-05
423	10	286	286	0
423	11	262	262	0
423	12	6842	6842	0.000106812
423	13	1641	1641	2.67029e-05
423	14	13	13	1.90735e-06
423	15	50256	50256	0
424	5	416	416	3.8147e-06
424	6	41878	41878	4.00543e-05
424	7	1402	1402	9.15527e-05
424	8	5207	5207	6.67572e-05
424	9	286	286	0
424	10	2587	2587	0.000328064
424	11	13	13	3.8147e-06
424	12	50256	50256	0
425	5	6588	6588	0.000190735
425	6	23235	23235	7.82013e-05
425	7	326	326	3.05176e-05
425	8	460	460	0.000141144
425	9	10649	10649	9.15527e-05
425	10	1613	1613	5.14984e-05
425	11	530	530	1.90735e-06
425	12	1194	1194	7.82013e-05
425	13	13	13	7.43866e-05
425	14	50256	50256	0
426	5	422	422	2.09808e-05
426	6	14659	14659	6.67572e-05
426	7	286	286	7.62939e-06
426	8	23206	23206	3.05176e-05
426	9	17045	17045	1.90735e-05
426	10	13	13	0
426	11	50256	50256	0
427	5	1111	1111	0.00038147
427	6	5594	5594	0.000602722
427	7	284	284	0.000185013
427	8	262	262	5.91278e-05
427	9	285	285	0.000143051
427	10	692	692	0.000528336
427	11	17990	17990	3.24249e-05
427	12	1448	1448	7.62939e-06
427	13	13	13	0
427	14	50256	50256	0
428	5	286	286	1.90735e-05
428	6	16639	16639	8.39233e-05
428	7	544	544	0.000238419
428	8	11	11	0.000480652
428	9	635	635	5.14984e-05
428	10	1444	1444	2.28882e-05
428	11	262	262	1.90735e-06
428	12	16639	16639	7.62939e-05
428	13	2066	2066	0.000255585
428	14	13	13	0
428	15	50256	50256	0
429	5	832	832	2.67029e-05
429	6	47683	47683	0.000453949
429	7	290	290	0
429	8	8106	8106	0.000436783
429	9	503	503	0.000272751
429	10	2057	2057	0.000125885
429	11	13166	13166	3.05176e-05
429	12	13	13	2.47955e-05
429	13	50256	50256	0
430	5	16839	16839	0.000213623
430	6	338	338	0.000442505
430	7	2292	2292	0.000188828
430	8	15947	15947	0.000442505
430	9	663	663	4.3869e-05
430	10	1295	1295	0.000232697
430	11	1988	1988	9.53674e-06
430	12	13	13	0
430	13	50256	50256	0
431	5	20629	20629	0.00019455
431	6	284	284	3.05176e-05
431	7	11007	11007	0.000120163
431	8	12967	12967	0.000297546
431	9	902	902	0.000127792
431	10	13	13	0
431	11	50256	50256	0
432	5	262	262	9.53674e-06
432	6	6869	6869	0.000368118
432	7	8318	8318	8.2016e-05
432	8	832	832	0.000106812
432	9	3668	3668	0.000232697
432	10	338	338	3.8147e-06
432	11	9082	9082	6.67572e-05
432	12	13	13	1.90735e-06
432	13	50256	50256	0
433	5	29410	29410	0.000375748
433	6	544	544	0.000165939
433	7	290	290	5.72205e-06
433	8	3354	3354	0.000144958
433	9	286	286	0
433	10	7840	7840	0.000429153
433	11	22779	22779	0.000120163
433	12	2031	2031	0.000289917
433	13	13	13	3.8147e-06
433	14	50256	50256	0
434	5	290	290	1.90735e-06
434	6	37919	37919	0.000104904
434	7	710	710	0.000535965
434	8	16189	16189	0.000190735
434	9	3822	3822	0.000406265
434	10	1656	1656	6.29425e-05
434	11	287	287	5.72205e-06
434	12	24956	24956	0.000127792
434	13	290	290	7.62939e-06
434	14	14173	14173	2.86102e-05
434	15	2247	2247	6.86646e-05
434	16	13	13	1.90735e-06
434	17	50256	50256	0
435	5	893	893	0.000131607
435	6	325	325	0.00015831
435	7	385	385	9.53674e-06
435	8	2111	2111	0.000125885
435	9	284	284	2.09808e-05
435	10	1441	1441	0.00263596
435	11	1363	1363	5.53131e-05
435	12	706	706	7.43866e-05
435	13	262	262	1.90735e-06
435	14	44695	44695	1.33514e-05
435	15	1810	1810	5.53131e-05
435	16	13	13	0
435	17	50256	50256	1.90735e-06
436	5	12277	12277	1.71661e-05
436	6	12	12	1.90735e-06
436	7	11545	11545	6.48499e-05
436	8	10340	10340	3.8147e-05
436	9	13	13	0
436	10	50256	50256	1.90735e-06
437	5	30176	30176	0.000375748
437	6	4778	4778	0.000169754
437	7	1444	1444	3.8147e-05
437	8	32858	32858	4.00543e-05
437	9	290	290	0
437	10	47314	47314	0.000123978
437	11	13	13	0
437	12	50256	50256	0
438	5	15358	15358	0.000387192
438	6	1505	1505	0.0001297
438	7	11	11	2.09808e-05
438	8	543	543	0.000167847
438	9	5419	5419	0.000204086
438	10	1296	1296	5.72205e-06
438	11	257	257	0.00382996
438	12	14153	14153	0.000139236
438	13	4417	4417	7.05719e-05
438	14	7679	7679	0.000179291
438	15	13	13	1.90735e-06
438	16	50256	50256	0
439	5	24240	24240	0.000486374
439	6	318	318	9.53674e-06
439	7	257	257	1.14441e-05
439	8	8234	8234	1.33514e-05
439	9	772	772	0.000265121
439	10	996	996	0.000131607
439	11	340	340	0.000574112
439	12	318	318	1.90735e-06
439	13	8811	8811	0.000293732
439	14	973	973	0.0433493
439	15	355	355	1.90735e-06
439	16	257	257	0.000722885
439	17	20236	20236	1.90735e-05
439	18	13	13	3.8147e-06
439	19	50256	50256	0
440	5	286	286	0
440	6	734	734	0.00041008
440	7	13043	13043	9.15527e-05
440	8	11	11	2.47955e-05
440	9	1690	1690	6.67572e-05
440	10	5399	5399	0.000461578
440	11	1978	1978	0.000120163
440	12	13	13	3.8147e-06
440	13	50256	50256	0
441	5	42085	42085	2.47955e-05
441	6	2138	2138	1.71661e-05
441	7	621	621	3.62396e-05
441	8	2641	2641	5.91278e-05
441	9	262	262	1.90735e-06
441	10	3096	3096	3.62396e-05
441	11	338	338	1.14441e-05
441	12	24438	24438	6.67572e-05
441	13	13	13	1.14441e-05
441	14	50256	50256	0
442	5	9530	9530	0.000116348
442	6	5866	5866	8.58307e-05
442	7	11	11	5.72205e-06
442	8	318	318	1.71661e-05
442	9	2520	2520	0.000125885
442	10	4969	4969	0.000110626
442	11	338	338	7.62939e-06
442	12	3139	3139	7.24792e-05
442	13	13	13	0
442	14	50256	50256	0
443	5	21031	21031	8.39233e-05
443	6	15974	15974	4.76837e-05
443	7	351	351	1.14441e-05
443	8	511	511	1.14441e-05
443	9	16976	16976	2.86102e-05
443	10	2166	2166	9.91821e-05
443	11	7405	7405	2.28882e-05
443	12	13	13	0
443	13	50256	50256	0
444	5	422	422	1.52588e-05
444	6	530	530	0
444	7	3303	3303	9.91821e-05
444	8	656	656	2.67029e-05
444	9	1194	1194	1.14441e-05
444	10	10552	10552	5.14984e-05
444	11	13	13	1.90735e-06
444	12	50256	50256	0
445	5	262	262	0
445	6	717	717	4.76837e-05
445	7	290	290	1.90735e-06
445	8	2368	2368	0.000221252
445	9	13620	13620	0.00018692
445	10	286	286	4.3869e-05
445	11	262	262	0
445	12	25572	25572	0.00018692
445	13	6772	6772	6.10352e-05
445	14	13	13	3.8147e-06
445	15	50256	50256	0
446	5	9052	9052	0.000886917
446	6	460	460	3.62396e-05
446	7	21155	21155	0.000247955
446	8	257	257	2.09808e-05
446	9	15004	15004	0.000192642
446	10	13	13	4.19617e-05
446	11	50256	50256	0
447	5	286	286	1.90735e-05
447	6	18064	18064	0.000234604
447	7	24969	24969	0.000162125
447	8	803	803	0.000326157
447	9	5186	5186	4.3869e-05
447	10	290	290	1.90735e-06
447	11	14091	14091	0.000263214
447	12	7032	7032	6.48499e-05
447	13	13	13	0
447	14	50256	50256	0
448	5	17456	17456	0.000141144
448	6	338	338	3.8147e-06
448	7	3139	3139	6.10352e-05
448	8	11	11	7.62939e-06
448	9	1474	1474	8.7738e-05
448	10	262	262	0
448	11	843	843	3.8147e-05
448	12	274	274	5.72205e-05
448	13	21124	21124	6.29425e-05
448	14	13	13	1.90735e-05
448	15	50256	50256	0
449	5	49810	49810	9.91821e-05
449	6	5788	5788	0.000404358
449	7	3025	3025	0.000473022
449	8	26741	26741	0.000301361
449	9	460	460	1.14441e-05
449	10	1656	1656	0.000123978
449	11	355	355	2.86102e-05
449	12	7987	7987	0.000274658
449	13	38980	38980	0.000183105
449	14	37783	37783	0.000312805
449	15	13	13	3.8147e-06
449	16	50256	50256	0
450	5	31685	31685	0.000534058
450	6	82	82	5.14984e-05
450	7	1588	1588	0.000305176
450	8	12	12	1.90735e-06
450	9	9888	9888	0.000396729
450	10	3867	3867	0.000139236
450	11	1633	1633	0.000341415
450	12	284	284	3.8147e-06
450	13	262	262	1.90735e-06
450	14	826	826	0.000713348
450	15	287	287	0
450	16	262	262	3.8147e-06
450	17	8342	8342	0.000320435
450	18	42811	42811	2.67029e-05
450	19	13	13	0
450	20	50256	50256	0
451	5	530	530	5.34058e-05
451	6	3470	3470	0.000102997
451	7	7370	7370	0.000341415
451	8	34186	34186	0.000152588
451	9	739	739	0.000228882
451	10	530	530	7.62939e-06
451	11	8137	8137	0.000171661
451	12	286	286	1.14441e-05
451	13	3833	3833	0.000602722
451	14	13	13	1.14441e-05
451	15	50256	50256	0
452	5	262	262	1.33514e-05
452	6	886	886	0.000240326
452	7	286	286	0
452	8	257	257	4.95911e-05
452	9	1277	1277	0.000263214
452	10	3194	3194	8.7738e-05
452	11	1808	1808	0.000362396
452	12	287	287	1.90735e-05
452	13	3594	3594	0.000326157
452	14	13	13	0
452	15	50256	50256	0
453	5	17556	17556	0.000265121
453	6	287	287	1.90735e-06
453	7	663	663	0.00019455
453	8	4735	4735	0.00262642
453	9	1296	1296	0.000434875
453	10	13	13	3.43323e-05
453	11	50256	50256	0
454	5	402	402	3.43323e-05
454	6	5350	5350	0.000114441
454	7	318	318	1.90735e-05
454	8	636	636	3.43323e-05
454	9	286	286	0
454	10	262	262	0
454	11	4025	4025	0.000139236
454	12	8882	8882	6.48499e-05
454	13	397	397	0.000143051
454	14	9869	9869	9.15527e-05
454	15	1045	1045	0.000127792
454	16	13	13	0
454	17	50256	50256	0
455	5	2033	2033	9.72748e-05
455	6	286	286	0
455	7	26306	26306	0.000226974
455	8	37056	37056	0.000267029
455	9	287	287	4.57764e-05
455	10	32085	32085	0.000106812
455	11	729	729	5.53131e-05
455	12	13	13	1.90735e-06
455	13	50256	50256	0
456	5	712	712	9.34601e-05
456	6	39781	39781	4.76837e-05
456	7	2630	2630	6.86646e-05
456	8	262	262	0.00015831
456	9	5337	5337	2.09808e-05
456	10	2094	2094	7.62939e-05
456	11	2264	2264	9.53674e-05
456	12	844	844	6.86646e-05
456	13	1258	1258	4.19617e-05
456	14	13	13	5.53131e-05
456	15	50256	50256	0
457	5	411	411	0.000268936
457	6	15695	15695	0.000263214
457	7	78	78	0.000202179
457	8	1724	1724	0.000108719
457	9	284	284	1.14441e-05
457	10	1716	1716	0.00163841
457	11	11835	11835	0.000135422
457	12	27089	27089	7.24792e-05
457	13	13	13	0
457	14	50256	50256	0
458	5	14520	14520	9.34601e-05
458	6	318	318	1.90735e-06
458	7	663	663	1.90735e-06
458	8	25317	25317	0.000125885
458	9	13	13	1.90735e-06
458	10	50256	50256	0
459	5	1180	1180	2.86102e-05
459	6	13204	13204	0.00043869
459	7	5107	5107	0.000171661
459	8	286	286	1.14441e-05
459	9	262	262	0
459	10	5002	5002	0.000522614
459	11	6588	6588	0.000101089
459	12	13	13	0
459	13	50256	50256	0
460	5	17465	17465	9.53674e-05
460	6	15225	15225	0.000188828
460	7	857	857	0.000247955
460	8	407	407	6.10352e-05
460	9	6338	6338	9.53674e-05
460	10	11169	11169	0.000108719
460	11	3703	3703	0.000144958
460	12	326	326	3.43323e-05
460	13	373	373	0.000108719
460	14	1239	1239	4.19617e-05
460	15	6264	6264	8.96454e-05
460	16	13	13	0
460	17	50256	50256	0
461	5	525	525	0.000112534
461	6	907	907	0.000116348
461	7	11	11	3.43323e-05
461	8	308	308	0.000225067
461	9	676	676	0.000183105
461	10	2188	2188	0.000171661
461	11	7150	7150	0.000125885
461	12	14999	14999	8.7738e-05
461	13	511	511	5.53131e-05
461	14	5667	5667	2.09808e-05
461	15	1123	1123	0.000328064
461	16	23608	23608	3.8147e-05
461	17	13	13	0
461	18	50256	50256	0
462	5	12748	12748	0.000366211
462	6	7463	7463	0.000417709
462	7	5563	5563	0.000137329
462	8	423	423	9.15527e-05
462	9	6702	6702	0.00119209
462	10	262	262	6.29425e-05
462	11	976	976	0.000143051
462	12	20309	20309	0.000303268
462	13	618	618	0.000104904
462	14	1633	1633	4.00543e-05
462	15	6625	6625	7.62939e-05
462	16	318	318	6.67572e-05
462	17	36480	36480	0.000108719
462	18	13	13	0
462	19	50256	50256	0
463	5	511	511	3.8147e-05
463	6	11904	11904	8.2016e-05
463	7	287	287	3.8147e-06
463	8	47314	47314	6.10352e-05
463	9	2138	2138	7.62939e-06
463	10	621	621	2.67029e-05
463	11	15921	15921	5.91278e-05
463	12	13	13	1.90735e-06
463	13	50256	50256	0
464	5	530	530	9.53674e-06
464	6	7319	7319	2.47955e-05
464	7	10700	10700	8.58307e-05
464	8	13	13	7.62939e-06
464	9	50256	50256	0
465	5	3372	3372	0.000617981
465	6	14644	14644	0.000463486
465	7	2291	2291	0.000587463
465	8	4263	4263	0.000118256
465	9	286	286	1.90735e-06
465	10	14260	14260	0.000318527
465	11	290	290	0.000305176
465	12	40317	40317	0.000141144
465	13	13	13	0
465	14	50256	50256	0
466	5	6795	6795	5.14984e-05
466	6	287	287	0
466	7	14174	14174	3.24249e-05
466	8	6650	6650	4.57764e-05
466	9	13	13	0
466	10	50256	50256	0
467	5	13179	13179	0.000324249
467	6	656	656	6.29425e-05
467	7	6268	6268	0.000192642
467	8	1863	1863	0.000118256
467	9	663	663	8.01086e-05
467	10	16488	16488	0.00012207
467	11	13	13	3.8147e-06
467	12	50256	50256	0
468	5	257	257	0
468	6	5664	5664	1.14441e-05
468	7	13	13	0
468	8	50256	50256	0
469	5	2727	2727	6.86646e-05
469	6	262	262	0
469	7	19812	19812	7.05719e-05
469	8	3240	3240	9.15527e-05
469	9	286	286	0
469	10	4100	4100	3.62396e-05
469	11	22311	22311	1.52588e-05
469	12	13	13	0
469	13	50256	50256	0
470	5	4486	4486	9.34601e-05
470	6	878	878	5.91278e-05
470	7	8978	8978	0.000146866
470	8	262	262	5.72205e-06
470	9	2258	2258	0.00028038
470	10	6896	6896	9.72748e-05
470	11	13	13	9.53674e-06
470	12	50256	50256	0
471	5	286	286	1.33514e-05
471	6	7446	7446	4.3869e-05
471	7	3917	3917	0.000347137
471	8	351	351	3.8147e-06
471	9	15568	15568	0.000123978
471	10	287	287	4.00543e-05
471	11	304	304	8.39233e-05
471	12	2724	2724	0.000169754
471	13	560	560	0.000265121
471	14	6210	6210	2.47955e-05
471	15	4778	4778	9.91821e-05
471	16	13	13	0
471	17	50256	50256	0
472	5	16839	16839	0.000844955
472	6	326	326	0.00015831
472	7	460	460	0.000299454
472	8	1011	1011	0.000398636
472	9	530	530	1.90735e-05
472	10	286	286	2.47955e-05
472	11	734	734	0.000209808
472	12	3815	3815	0.000802994
472	13	13	13	0
472	14	50256	50256	0
473	5	656	656	2.09808e-05
473	6	734	734	4.76837e-05
473	7	4778	4778	2.09808e-05
473	8	13	13	1.90735e-05
473	9	50256	50256	0
474	5	17065	17065	0.000173569
474	6	355	355	1.33514e-05
474	7	13701	13701	8.01086e-05
474	8	389	389	0.000181198
474	9	7525	7525	0.000116348
474	10	12835	12835	4.76837e-05
474	11	336	336	2.09808e-05
474	12	23833	23833	0.000293732
474	13	13	13	1.90735e-06
474	14	50256	50256	0
475	5	284	284	4.95911e-05
475	6	262	262	1.90735e-06
475	7	4571	4571	3.43323e-05
475	8	286	286	1.71661e-05
475	9	3668	3668	4.76837e-05
475	10	338	338	2.47955e-05
475	11	5093	5093	5.14984e-05
475	12	5724	5724	0.000278473
475	13	864	864	7.43866e-05
475	14	16488	16488	0.000120163
475	15	13	13	0
475	16	50256	50256	0
476	5	10183	10183	8.2016e-05
476	6	2258	2258	5.53131e-05
476	7	2253	2253	2.67029e-05
476	8	13	13	3.8147e-06
476	9	50256	50256	0
477	5	402	402	0.000209808
477	6	23638	23638	0.00022316
477	7	21001	21001	0.000478745
477	8	257	257	1.90735e-06
477	9	1692	1692	0.000152588
477	10	1182	1182	2.86102e-05
477	11	351	351	1.90735e-05
477	12	257	257	0.000106812
477	13	18744	18744	9.72748e-05
477	14	338	338	0
477	15	1767	1767	0.000656128
477	16	13	13	0
477	17	50256	50256	1.90735e-06
478	5	257	257	2.86102e-05
478	6	26041	26041	2.47955e-05
478	7	30971	30971	0.000148773
478	8	2524	2524	0.000267029
478	9	319	319	1.90735e-06
478	10	262	262	1.33514e-05
478	11	575	575	3.43323e-05
478	12	1229	1229	9.34601e-05
478	13	39036	39036	5.34058e-05
478	14	24078	24078	5.91278e-05
478	15	13	13	3.43323e-05
478	16	50256	50256	0
479	5	4729	4729	0.000514984
479	6	530	530	1.14441e-05
479	7	1194	1194	3.8147e-06
479	8	287	287	4.57764e-05
479	9	281	281	8.96454e-05
479	10	22088	22088	9.15527e-05
479	11	291	291	5.91278e-05
479	12	4735	4735	0.000167847
479	13	13	13	3.8147e-06
479	14	50256	50256	0
480	5	355	355	2.28882e-05
480	6	262	262	0
480	7	3139	3139	1.90735e-05
480	8	1748	1748	0.000101089
480	9	286	286	1.90735e-06
480	10	16490	16490	0.000173569
480	11	13	13	0
480	12	50256	50256	0
481	5	290	290	0
481	6	6140	6140	2.28882e-05
481	7	262	262	1.14441e-05
481	8	44639	44639	1.71661e-05
481	9	286	286	0
481	10	39515	39515	9.53674e-06
481	11	13	13	0
481	12	50256	50256	0
482	5	262	262	1.90735e-06
482	6	2656	2656	5.14984e-05
482	7	1366	1366	9.91821e-05
482	8	284	284	1.52588e-05
482	9	307	307	5.14984e-05
482	10	49594	49594	0.000276566
482	11	3446	3446	0.000770569
482	12	13	13	3.05176e-05
482	13	50256	50256	0
483	5	1317	1317	0.00030899
483	6	379	379	1.71661e-05
483	7	262	262	5.72205e-06
483	8	3726	3726	7.82013e-05
483	9	286	286	0
483	10	257	257	1.14441e-05
483	11	3194	3194	2.86102e-05
483	12	1808	1808	0.00037384
483	13	13	13	5.72205e-06
483	14	50256	50256	0
484	5	2678	2678	8.01086e-05
484	6	11	11	7.62939e-06
484	7	1390	1390	9.72748e-05
484	8	14679	14679	0.000133514
484	9	290	290	0
484	10	17322	17322	0.000202179
484	11	13	13	0
484	12	50256	50256	0
485	5	290	290	1.90735e-06
485	6	5594	5594	7.82013e-05
485	7	284	284	6.10352e-05
485	8	262	262	3.8147e-06
485	9	610	610	3.43323e-05
485	10	620	620	9.34601e-05
485	11	77	77	9.91821e-05
485	12	2340	2340	6.67572e-05
485	13	13	13	1.14441e-05
485	14	50256	50256	0
486	5	38967	38967	0.000295639
486	6	5911	5911	0.000432968
486	7	257	257	6.48499e-05
486	8	2524	2524	0.00021553
486	9	338	338	5.34058e-05
486	10	9574	9574	0.000289917
486	11	286	286	3.8147e-06
486	12	13755	13755	0.000635147
486	13	13	13	0
486	14	50256	50256	0
487	5	3146	3146	2.28882e-05
487	6	13	13	0
487	7	50256	50256	0
488	5	3407	3407	7.82013e-05
488	6	6285	6285	0.000101089
488	7	6637	6637	7.24792e-05
488	8	3170	3170	2.86102e-05
488	9	1141	1141	1.52588e-05
488	10	1180	1180	7.82013e-05
488	11	37860	37860	4.76837e-05
488	12	459	459	3.8147e-05
488	13	444	444	0.000202179
488	14	13	13	0
488	15	50256	50256	0
489	5	11	11	6.86646e-05
489	6	981	981	6.86646e-05
489	7	257	257	5.72205e-06
489	8	2116	2116	0.000261307
489	9	12	12	3.8147e-06
489	10	634	634	0.00021553
489	11	12907	12907	0.000156403
489	12	6870	6870	0.00037384
489	13	262	262	9.53674e-06
489	14	6802	6802	3.05176e-05
489	15	13	13	1.90735e-06
489	16	50256	50256	0
490	5	287	287	1.90735e-05
490	6	2882	2882	9.72748e-05
490	7	284	284	9.53674e-05
490	8	13522	13522	0.000627518
490	9	13	13	9.53674e-05
490	10	50256	50256	0
491	5	3139	3139	0.000156403
491	6	11	11	9.15527e-05
491	7	319	319	3.8147e-06
491	8	262	262	0.000150681
491	9	12108	12108	0.000188828
491	10	286	286	0
491	11	22777	22777	0.00021553
491	12	13	13	1.90735e-06
491	13	50256	50256	0
492	5	24907	24907	0.000125885
492	6	416	416	1.52588e-05
492	7	31094	31094	7.05719e-05
492	8	28471	28471	5.53131e-05
492	9	13	13	5.72205e-06
492	10	50256	50256	0
493	5	7446	7446	0.000282288
493	6	7000	7000	0.000354767
493	7	8513	8513	9.34601e-05
493	8	1321	1321	0.000394821
493	9	13	13	0
493	10	50256	50256	0
494	5	284	284	1.14441e-05
494	6	3197	3197	0.000175476
494	7	21181	21181	0.000179291
494	8	832	832	2.67029e-05
494	9	23607	23607	1.90735e-05
494	10	13	13	1.90735e-06
494	11	50256	50256	0
495	5	20394	20394	4.76837e-05
495	6	7572	7572	2.67029e-05
495	7	290	290	0
495	8	987	987	0.000207901
495	9	48331	48331	6.29425e-05
495	10	15268	15268	3.62396e-05
495	11	13	13	0
495	12	50256	50256	0
496	5	1973	1973	0.000143051
496	6	2031	2031	2.47955e-05
496	7	1141	1141	0.000102997
496	8	262	262	5.72205e-06
496	9	1440	1440	0.000154495
496	10	20283	20283	2.09808e-05
496	11	4289	4289	4.57764e-05
496	12	13	13	1.90735e-06
496	13	50256	50256	0
497	5	2057	2057	2.86102e-05
497	6	1863	1863	7.43866e-05
497	7	262	262	1.52588e-05
497	8	34616	34616	4.95911e-05
497	9	14998	14998	9.91821e-05
497	10	13	13	0
497	11	50256	50256	0
498	5	878	878	2.47955e-05
498	6	5033	5033	4.00543e-05
498	7	8539	8539	7.24792e-05
498	8	276	276	3.43323e-05
498	9	6490	6490	2.47955e-05
498	10	13	13	1.90735e-06
498	11	50256	50256	0
499	5	18355	18355	9.15527e-05
499	6	12135	12135	0.00028038
499	7	15114	15114	0.0001297
499	8	355	355	4.76837e-05
499	9	2208	2208	0.000205994
499	10	24494	24494	2.09808e-05
499	11	276	276	0.000299454
499	12	1660	1660	4.95911e-05
499	13	44389	44389	0.000238419
499	14	4291	4291	0.000257492
499	15	4771	4771	0.000246048
499	16	13166	13166	5.34058e-05
499	17	13	13	0
499	18	50256	50256	0
500	5	379	379	1.33514e-05
500	6	543	543	0.000209808
500	7	2647	2647	5.53131e-05
500	8	318	318	1.33514e-05
500	9	6157	6157	2.28882e-05
500	10	13	13	5.72205e-06
500	11	50256	50256	0
501	5	5440	5440	6.86646e-05
501	6	3917	3917	0.000110626
501	7	351	351	2.86102e-05
501	8	262	262	0
501	9	509	509	0.000246048
501	10	9019	9019	0.00012207
501	11	525	525	0.000682831
501	12	16734	16734	0.000198364
501	13	13	13	0
501	14	50256	50256	0
502	5	262	262	5.72205e-06
502	6	2297	2297	0.000181198
502	7	6896	6896	6.29425e-05
502	8	290	290	3.8147e-06
502	9	262	262	5.72205e-06
502	10	22035	22035	0.000160217
502	11	12108	12108	9.91821e-05
502	12	13	13	9.53674e-06
502	13	50256	50256	0
503	5	16968	16968	4.00543e-05
503	6	1660	1660	1.52588e-05
503	7	2641	2641	7.62939e-06
503	8	606	606	8.39233e-05
503	9	12188	12188	7.43866e-05
503	10	6751	6751	4.76837e-05
503	11	3833	3833	3.62396e-05
503	12	13	13	0
503	13	50256	50256	0
504	5	22037	22037	0.000703812
504	6	13100	13100	9.15527e-05
504	7	284	284	5.72205e-06
504	8	1440	1440	0.00053978
504	9	19651	19651	3.05176e-05
504	10	6588	6588	3.24249e-05
504	11	23235	23235	9.91821e-05
504	12	13	13	5.72205e-06
504	13	50256	50256	0
505	5	18391	18391	0.000843048
505	6	4778	4778	5.72205e-05
505	7	284	284	9.53674e-06
505	8	1296	1296	3.24249e-05
505	9	257	257	3.43323e-05
505	10	649	649	0.000276566
505	11	1976	1976	0.000211716
505	12	35641	35641	0.000116348
505	13	1258	1258	3.05176e-05
505	14	13	13	0
505	15	50256	50256	0
506	5	625	625	0.000135422
506	6	37294	37294	7.82013e-05
506	7	5207	5207	5.34058e-05
506	8	13	13	3.8147e-06
506	9	50256	50256	0
507	5	284	284	5.14984e-05
507	6	12405	12405	4.3869e-05
507	7	290	290	1.52588e-05
507	8	18510	18510	2.47955e-05
507	9	50126	50126	7.24792e-05
507	10	1366	1366	0.000110626
507	11	13	13	7.62939e-06
507	12	50256	50256	0
508	5	1022	1022	1.90735e-05
508	6	290	290	1.90735e-06
508	7	1088	1088	4.76837e-05
508	8	262	262	1.90735e-06
508	9	14189	14189	5.14984e-05
508	10	2442	2442	9.15527e-05
508	11	290	290	0
508	12	47441	47441	3.8147e-05
508	13	9700	9700	0.000102997
508	14	18180	18180	0.000135422
508	15	13	13	0
508	16	50256	50256	0
509	5	11	11	5.72205e-06
509	6	981	981	5.14984e-05
509	7	4530	4530	6.10352e-05
509	8	286	286	5.72205e-06
509	9	262	262	0
509	10	976	976	1.90735e-05
509	11	1051	1051	4.76837e-05
509	12	1128	1128	4.3869e-05
509	13	417	417	5.53131e-05
509	14	13	13	0
509	15	50256	50256	0
510	5	12	12	1.14441e-05
510	6	2385	2385	0.000114441
510	7	863	863	0.00120354
510	8	2712	2712	0.000272751
510	9	4116	4116	0.000150681
510	10	4909	4909	0.000995636
510	11	1440	1440	1.14441e-05
510	12	14803	14803	6.67572e-05
510	13	13	13	0
510	14	50256	50256	0
511	5	257	257	0.000192642
511	6	14091	14091	0.000167847
511	7	2214	2214	7.82013e-05
511	8	13	13	1.90735e-06
511	9	50256	50256	0
512	5	3188	3188	0.000137329
512	6	393	393	7.43866e-05
512	7	4067	4067	4.19617e-05
512	8	284	284	1.33514e-05
512	9	1194	1194	0.000108719
512	10	8271	8271	7.62939e-05
512	11	393	393	1.14441e-05
512	12	4067	4067	7.43866e-05
512	13	13	13	1.90735e-06
512	14	50256	50256	0
513	5	4695	4695	0.000118256
513	6	287	287	1.90735e-06
513	7	16976	16976	3.62396e-05
513	8	11	11	1.71661e-05
513	9	18086	18086	5.14984e-05
513	10	12	12	3.8147e-06
513	11	16760	16760	0.000183105
513	12	5667	5667	2.28882e-05
513	13	13	13	1.14441e-05
513	14	50256	50256	0
514	5	319	319	5.72205e-06
514	6	2869	2869	8.96454e-05
514	7	338	338	5.72205e-06
514	8	7022	7022	7.43866e-05
514	9	286	286	7.05719e-05
514	10	367	367	8.58307e-05
514	11	684	684	0.000196457
514	12	13415	13415	5.72205e-05
514	13	13	13	0
514	14	50256	50256	0
515	5	8122	8122	5.72205e-05
515	6	656	656	0.000141144
515	7	257	257	2.47955e-05
515	8	3623	3623	0.000244141
515	9	379	379	2.09808e-05
515	10	663	663	0.000394821
515	11	4417	4417	0.000188828
515	12	13	13	0
515	13	50256	50256	0
516	5	416	416	3.05176e-05
516	6	38797	38797	0.000152588
516	7	278	278	0.000205994
516	8	7545	7545	0.00037384
516	9	351	351	6.10352e-05
516	10	300	300	0.000154495
516	11	12009	12009	0.000102997
516	12	7408	7408	0.00015831
516	13	11492	11492	0.000141144
516	14	13	13	0
516	15	50256	50256	0
517	5	287	287	1.90735e-06
517	6	7408	7408	5.53131e-05
517	7	414	414	0.000171661
517	8	618	618	3.8147e-05
517	9	1402	1402	5.91278e-05
517	10	6867	6867	0.000392914
517	11	286	286	0
517	12	7408	7408	2.67029e-05
517	13	393	393	8.7738e-05
517	14	2779	2779	0.000162125
517	15	389	389	0.000141144
517	16	2087	2087	2.09808e-05
517	17	13	13	1.90735e-06
517	18	50256	50256	0
518	5	5107	5107	0.000177383
518	6	286	286	0
518	7	3194	3194	0.000738144
518	8	3435	3435	0.000123978
518	9	355	355	3.8147e-06
518	10	281	281	1.33514e-05
518	11	1242	1242	9.15527e-05
518	12	13	13	0
518	13	50256	50256	0
519	5	3017	3017	0.000228882
519	6	465	465	0.000127792
519	7	898	898	3.05176e-05
519	8	35674	35674	0.000120163
519	9	287	287	1.90735e-06
519	10	10123	10123	0.000108719
519	11	6065	6065	6.29425e-05
519	12	24252	24252	3.62396e-05
519	13	13	13	0
519	14	50256	50256	0
520	5	7421	7421	0.000188828
520	6	286	286	1.90735e-06
520	7	3878	3878	0.00053215
520	8	5491	5491	7.82013e-05
520	9	13	13	0
520	10	50256	50256	0
521	5	44771	44771	6.29425e-05
521	6	262	262	0
521	7	27806	27806	4.95911e-05
521	8	286	286	0
521	9	262	262	1.90735e-06
521	10	449	449	3.24249e-05
521	11	544	544	7.05719e-05
521	12	1641	1641	5.34058e-05
521	13	13	13	0
521	14	50256	50256	0
522	5	28721	28721	0.000112534
522	6	287	287	1.90735e-06
522	7	8850	8850	0.000102997
522	8	1103	1103	8.58307e-05
522	9	34768	34768	0.000165939
522	10	13	13	3.8147e-06
522	11	50256	50256	0
523	5	286	286	1.90735e-06
523	6	10183	10183	7.82013e-05
523	7	2520	2520	9.34601e-05
523	8	2253	2253	2.67029e-05
523	9	13	13	0
523	10	50256	50256	0
524	5	31555	31555	0.000104904
524	6	262	262	0
524	7	4434	4434	0.000162125
524	8	323	323	0.000152588
524	9	24078	24078	0.000171661
524	10	422	422	4.76837e-05
524	11	5060	5060	5.91278e-05
524	12	26066	26066	8.7738e-05
524	13	13	13	0
524	14	50256	50256	0
525	5	468	468	5.72205e-06
525	6	37516	37516	4.57764e-05
525	7	12	12	1.90735e-06
525	8	26022	26022	0.000118256
525	9	8251	8251	4.57764e-05
525	10	13	13	0
525	11	50256	50256	0
526	5	262	262	3.8147e-06
526	6	40829	40829	0.000143051
526	7	31643	31643	0.000120163
526	8	4886	4886	8.01086e-05
526	9	32726	32726	0.000209808
526	10	28192	28192	7.05719e-05
526	11	17745	17745	0.000209808
526	12	13	13	1.90735e-06
526	13	50256	50256	0
527	5	416	416	4.76837e-05
527	6	262	262	0
527	7	29973	29973	0.000198364
527	8	3048	3048	0.000175476
527	9	286	286	0
527	10	262	262	0
527	11	6869	6869	0.000265121
527	12	290	290	1.33514e-05
527	13	262	262	0
527	14	3825	3825	0.000202179
527	15	13	13	1.71661e-05
527	16	50256	50256	0
528	5	2587	2587	6.48499e-05
528	6	422	422	3.24249e-05
528	7	7815	7815	5.72205e-05
528	8	284	284	0.000110626
528	9	36717	36717	0.000928879
528	10	257	257	7.62939e-06
528	11	3785	3785	0.000112534
528	12	13	13	3.8147e-06
528	13	50256	50256	0
529	5	2568	2568	6.48499e-05
529	6	832	832	5.72205e-06
529	7	12213	12213	0.000120163
529	8	1626	1626	3.8147e-06
529	9	2300	2300	4.95911e-05
529	10	1231	1231	9.72748e-05
529	11	11963	11963	6.29425e-05
529	12	2587	2587	4.57764e-05
529	13	5202	5202	0.000242233
529	14	13	13	0
529	15	50256	50256	0
530	5	11904	11904	6.29425e-05
530	6	1043	1043	8.7738e-05
530	7	2641	2641	3.43323e-05
530	8	262	262	0
530	9	6891	6891	5.91278e-05
530	10	4618	4618	7.24792e-05
530	11	338	338	0
530	12	15921	15921	4.57764e-05
530	13	13	13	3.43323e-05
530	14	50256	50256	0
531	5	4833	4833	0.000278473
531	6	37446	37446	0.000335693
531	7	11	11	4.3869e-05
531	8	1123	1123	0.000322342
531	9	351	351	1.14441e-05
531	10	5093	5093	0.000417709
531	11	290	290	7.62939e-06
531	12	5366	5366	0.000185013
531	13	24971	24971	0.000104904
531	14	13	13	0
531	15	50256	50256	0
532	5	5688	5688	4.19617e-05
532	6	416	416	3.43323e-05
532	7	262	262	7.62939e-06
532	8	7492	7492	7.24792e-05
532	9	5866	5866	3.05176e-05
532	10	13	13	1.90735e-06
532	11	50256	50256	0
533	5	511	511	2.28882e-05
533	6	2057	2057	2.86102e-05
533	7	7525	7525	0.000154495
533	8	416	416	2.28882e-05
533	9	6600	6600	0.000102997
533	10	4618	4618	7.82013e-05
533	11	2587	2587	0.000177383
533	12	13	13	1.90735e-06
533	13	50256	50256	0
534	5	656	656	4.95911e-05
534	6	262	262	3.8147e-06
534	7	2619	2619	0.000164032
534	8	6896	6896	5.53131e-05
534	9	832	832	0.000141144
534	10	257	257	5.72205e-06
534	11	1588	1588	8.39233e-05
534	12	25979	25979	7.62939e-05
534	13	13	13	4.19617e-05
534	14	50256	50256	0
535	5	663	663	5.72205e-06
535	6	8574	8574	8.01086e-05
535	7	10154	10154	9.34601e-05
535	8	618	618	9.53674e-06
535	9	1176	1176	2.86102e-05
535	10	318	318	7.62939e-06
535	11	4615	4615	0.000146866
535	12	13	13	0
535	13	50256	50256	0
536	5	3696	3696	8.7738e-05
536	6	625	625	5.14984e-05
536	7	640	640	0.000125885
536	8	13	13	1.90735e-06
536	9	50256	50256	0
537	5	41898	41898	0.000240326
537	6	11	11	1.71661e-05
537	7	15677	15677	0.000242233
537	8	82	82	1.52588e-05
537	9	262	262	1.90735e-06
537	10	1556	1556	0.000175476
537	11	2838	2838	0.000160217
537	12	286	286	1.90735e-06
537	13	262	262	0
537	14	17467	17467	5.14984e-05
537	15	385	385	7.43866e-05
537	16	5866	5866	5.14984e-05
537	17	13	13	1.33514e-05
537	18	50256	50256	0
538	5	21079	21079	0.000175476
538	6	262	262	0
538	7	3085	3085	9.53674e-05
538	8	1627	1627	0.000108719
538	9	8686	8686	3.62396e-05
538	10	284	284	5.53131e-05
538	11	262	262	7.62939e-06
538	12	3465	3465	5.34058e-05
538	13	402	402	7.82013e-05
538	14	13	13	3.8147e-06
538	15	50256	50256	0
539	5	29509	29509	0.000143051
539	6	263	263	0.000349045
539	7	621	621	7.24792e-05
539	8	5814	5814	0.000200272
539	9	32085	32085	0.000123978
539	10	729	729	0.000221252
539	11	286	286	2.09808e-05
539	12	262	262	1.71661e-05
539	13	976	976	7.24792e-05
539	14	3664	3664	0.000511169
539	15	6269	6269	0.000299454
539	16	379	379	8.7738e-05
539	17	7226	7226	0.000169754
539	18	9151	9151	0.000261307
539	19	10101	10101	5.53131e-05
539	20	13	13	0
539	21	50256	50256	0
540	5	1022	1022	4.76837e-05
540	6	6632	6632	0.000534058
540	7	290	290	1.90735e-06
540	8	530	530	9.91821e-05
540	9	11	11	0.000137329
540	10	19889	19889	0.000137329
540	11	13	13	1.90735e-06
540	12	50256	50256	0
541	5	1262	1262	1.90735e-05
541	6	257	257	0
541	7	2060	2060	6.67572e-05
541	8	302	302	4.76837e-05
541	9	276	276	0.000102997
541	10	13	13	0
541	11	50256	50256	0
542	5	11470	11470	0.000188828
542	6	7370	7370	0.000335693
542	7	393	393	5.14984e-05
542	8	734	734	1.33514e-05
542	9	31028	31028	0.000162125
542	10	2511	2511	0.000144958
542	11	1547	1547	6.10352e-05
542	12	13	13	0
542	13	50256	50256	0
543	5	3436	3436	9.53674e-05
543	6	857	857	4.3869e-05
543	7	407	407	0.000135422
543	8	10385	10385	0.000120163
543	9	262	262	0
543	10	1366	1366	6.48499e-05
543	11	8574	8574	0.000188828
543	12	2641	2641	0.000329971
543	13	340	340	0.000196457
543	14	13	13	1.52588e-05
543	15	50256	50256	0
544	5	987	987	5.91278e-05
544	6	48331	48331	1.90735e-05
544	7	23607	23607	4.76837e-05
544	8	286	286	9.53674e-06
544	9	21181	21181	6.67572e-05
544	10	13	13	1.90735e-06
544	11	50256	50256	0
545	5	290	290	1.90735e-06
545	6	11298	11298	0.000120163
545	7	4133	4133	0.00012207
545	8	884	884	0.000133514
545	9	355	355	3.8147e-06
545	10	11532	11532	4.19617e-05
545	11	4963	4963	3.8147e-05
545	12	13	13	1.90735e-06
545	13	50256	50256	0
546	5	287	287	0
546	6	257	257	1.90735e-06
546	7	16430	16430	3.05176e-05
546	8	13	13	0
546	9	50256	50256	0
547	5	11408	11408	0.000123978
547	6	787	787	0.000198364
547	7	10469	10469	2.67029e-05
547	8	2300	2300	0.000225067
547	9	422	422	6.86646e-05
547	10	287	287	7.62939e-06
547	11	36617	36617	0.00021553
547	12	4237	4237	9.91821e-05
547	13	13	13	0
547	14	50256	50256	0
548	5	38985	38985	7.62939e-05
548	6	636	636	2.86102e-05
548	7	286	286	5.72205e-06
548	8	7840	7840	0.000171661
548	9	17456	17456	8.01086e-05
548	10	13	13	0
548	11	50256	50256	0
549	5	6268	6268	0.000110626
549	6	656	656	6.67572e-05
549	7	18411	18411	9.15527e-05
549	8	2568	2568	8.2016e-05
549	9	13	13	1.90735e-06
549	10	50256	50256	0
550	5	734	734	0.000173569
550	6	318	318	6.86646e-05
550	7	262	262	1.90735e-06
550	8	691	691	0.000160217
550	9	772	772	0.000143051
550	10	530	530	6.10352e-05
550	11	13	13	5.14984e-05
550	12	50256	50256	0
551	5	262	262	2.67029e-05
551	6	3934	3934	0.000112534
551	7	16395	16395	0.000154495
551	8	15989	15989	0.000160217
551	9	3812	3812	0.000108719
551	10	663	663	5.72205e-06
551	11	6971	6971	9.53674e-05
551	12	8384	8384	4.00543e-05
551	13	832	832	6.67572e-05
551	14	19794	19794	0.000406265
551	15	13	13	4.95911e-05
551	16	50256	50256	0
552	5	262	262	1.90735e-06
552	6	3139	3139	2.67029e-05
552	7	1748	1748	3.43323e-05
552	8	286	286	5.72205e-06
552	9	27026	27026	0.000123978
552	10	287	287	1.90735e-06
552	11	2520	2520	0.000185013
552	12	7229	7229	5.72205e-06
552	13	13	13	0
552	14	50256	50256	0
553	5	37989	37989	0.000261307
553	6	7370	7370	6.86646e-05
553	7	13	13	0
553	8	50256	50256	0
554	5	14422	14422	9.91821e-05
554	6	286	286	1.90735e-06
554	7	36683	36683	0.000219345
554	8	571	571	0.000160217
554	9	10304	10304	0.000139236
554	10	547	547	0.000638962
554	11	23470	23470	6.10352e-05
554	12	656	656	0.000133514
554	13	7815	7815	6.29425e-05
554	14	287	287	1.33514e-05
554	15	31592	31592	0.000106812
554	16	13	13	0
554	17	50256	50256	0
555	5	2753	2753	0.000150681
555	6	1295	1295	6.67572e-05
555	7	1973	1973	0.000165939
555	8	262	262	0
555	9	7714	7714	4.19617e-05
555	10	286	286	1.90735e-06
555	11	7009	7009	0.000101089
555	12	435	435	0.000123978
555	13	303	303	0.000198364
555	14	11106	11106	0.000213623
555	15	13	13	0
555	16	50256	50256	0
556	5	2939	2939	8.2016e-05
556	6	19794	19794	0.000141144
556	7	290	290	1.90735e-06
556	8	13902	13902	3.05176e-05
556	9	13	13	1.90735e-06
556	10	50256	50256	0
557	5	4263	4263	2.09808e-05
557	6	422	422	4.19617e-05
557	7	867	867	2.86102e-05
557	8	1402	1402	0.000377655
557	9	22969	22969	4.95911e-05
557	10	286	286	0
557	11	3124	3124	0.000108719
557	12	13	13	0
557	13	50256	50256	0
558	5	3923	3923	8.01086e-05
558	6	287	287	1.90735e-06
558	7	262	262	0
558	8	5739	5739	0.000137329
558	9	8689	8689	6.10352e-05
558	10	286	286	0
558	11	1881	1881	4.19617e-05
558	12	39255	39255	0.000108719
558	13	290	290	0
558	14	1881	1881	2.86102e-05
558	15	27760	27760	3.43323e-05
558	16	13	13	1.90735e-06
558	17	50256	50256	0
559	5	286	286	7.62939e-06
559	6	20296	20296	6.67572e-05
559	7	326	326	0
559	8	5615	5615	0.000141144
559	9	287	287	9.34601e-05
559	10	262	262	0
559	11	41917	41917	0.000108719
559	12	1613	1613	0.000404358
559	13	13	13	0
559	14	50256	50256	0
560	5	15170	15170	0.000463486
560	6	2577	2577	0.000238419
560	7	8477	8477	7.82013e-05
560	8	257	257	7.62939e-06
560	9	3350	3350	0.000110626
560	10	8272	8272	5.53131e-05
560	11	338	338	3.43323e-05
560	12	1204	1204	5.14984e-05
560	13	319	319	1.52588e-05
560	14	281	281	2.47955e-05
560	15	7022	7022	0.000234604
560	16	13	13	0
560	17	50256	50256	0
561	5	3825	3825	0.000358582
561	6	1656	1656	0.000253677
561	7	284	284	1.71661e-05
561	8	1445	1445	0.000257492
561	9	1973	1973	8.96454e-05
561	10	262	262	2.28882e-05
561	11	6766	6766	0.000198364
561	12	1123	1123	0.000413895
561	13	1110	1110	0.000341415
561	14	13	13	0.000144958
561	15	50256	50256	1.90735e-06
562	5	262	262	4.3869e-05
562	6	15189	15189	0.00117302
562	7	3634	3634	0.00088501
562	8	4279	4279	0.000627518
562	9	11	11	1.71661e-05
562	10	340	340	0.00238991
562	11	1276	1276	0.00245667
562	12	7719	7719	0.00259018
562	13	284	284	5.72205e-06
562	14	257	257	8.2016e-05
562	15	16599	16599	0.00255394
562	16	11	11	0.000312805
562	17	10929	10929	6.10352e-05
562	18	11	11	1.14441e-05
562	19	24233	24233	0.00147629
562	20	11	11	1.90735e-06
562	21	393	393	0.000352859
562	22	22062	22062	8.7738e-05
562	23	13	13	0
562	24	50256	50256	0
563	5	2420	2420	3.43323e-05
563	6	2915	2915	0.000167847
563	7	13676	13676	0.00012207
563	8	1088	1088	0.000469208
563	9	15985	15985	0.000209808
563	10	11904	11904	0.000110626
563	11	13	13	0
563	12	50256	50256	0
564	5	389	389	0.0001297
564	6	3706	3706	0.000177383
564	7	13548	13548	0.000120163
564	8	418	418	6.48499e-05
564	9	11	11	1.90735e-06
564	10	350	350	8.7738e-05
564	11	1506	1506	4.76837e-05
564	12	418	418	8.01086e-05
564	13	11	11	0
564	14	290	290	0
564	15	39026	39026	7.82013e-05
564	16	271	271	3.62396e-05
564	17	13	13	0
564	18	50256	50256	0
565	5	6156	6156	1.14441e-05
565	6	9088	9088	0.000169754
565	7	286	286	1.33514e-05
565	8	24726	24726	0.000106812
565	9	13399	13399	4.95911e-05
565	10	13	13	5.72205e-06
565	11	50256	50256	0
566	5	1402	1402	4.00543e-05
566	6	11904	11904	0.000110626
566	7	326	326	5.34058e-05
566	8	3092	3092	0.000509262
566	9	257	257	1.90735e-06
566	10	8904	8904	0.000188828
566	11	8574	8574	0.0001297
566	12	2057	2057	6.10352e-05
566	13	5127	5127	0.000127792
566	14	13	13	9.53674e-06
566	15	50256	50256	0
567	5	2904	2904	6.67572e-05
567	6	2087	2087	7.43866e-05
567	7	2378	2378	3.43323e-05
567	8	717	717	2.67029e-05
567	9	13	13	3.05176e-05
567	10	50256	50256	0
568	5	1717	1717	0.000133514
568	6	6327	6327	0.000133514
568	7	360	360	0.000190735
568	8	39781	39781	0.000127792
568	9	262	262	9.53674e-06
568	10	20281	20281	0.000209808
568	11	286	286	0
568	12	383	383	4.57764e-05
568	13	2764	2764	0.00015831
568	14	286	286	0
568	15	22489	22489	0.00018692
568	16	24568	24568	0.000116348
568	17	78	78	0.000225067
568	18	13	13	0
568	19	50256	50256	0
569	5	287	287	7.62939e-06
569	6	2292	2292	0.000478745
569	7	981	981	0.000785828
569	8	257	257	8.39233e-05
569	9	9664	9664	7.24792e-05
569	10	318	318	8.58307e-05
569	11	36932	36932	0.000535965
569	12	13	13	0
569	13	50256	50256	0
570	5	516	516	0.000265121
570	6	15113	15113	0.00028038
570	7	4635	4635	0.000225067
570	8	355	355	5.72205e-06
570	9	257	257	3.8147e-05
570	10	19999	19999	0.000116348
570	11	1868	1868	0.000228882
570	12	14170	14170	6.86646e-05
570	13	281	281	0.000118256
570	14	8137	8137	0.000141144
570	15	13	13	9.53674e-06
570	16	50256	50256	0
571	5	262	262	1.33514e-05
571	6	6869	6869	0.000284195
571	7	318	318	0.000102997
571	8	6697	6697	0.000522614
571	9	262	262	3.8147e-06
571	10	3825	3825	0.000137329
571	11	287	287	3.8147e-06
571	12	3668	3668	0.000469208
571	13	338	338	4.19617e-05
571	14	6766	6766	7.62939e-05
571	15	13	13	3.8147e-06
571	16	50256	50256	0
572	5	355	355	3.24249e-05
572	6	262	262	0
572	7	3139	3139	5.91278e-05
572	8	286	286	9.53674e-06
572	9	262	262	0
572	10	45772	45772	6.10352e-05
572	11	8065	8065	0.000232697
572	12	13	13	0
572	13	50256	50256	0
573	5	832	832	0.000123978
573	6	3668	3668	9.72748e-05
573	7	338	338	8.39233e-05
573	8	8137	8137	0.000162125
573	9	290	290	9.53674e-06
573	10	12229	12229	0.000629425
573	11	262	262	5.72205e-06
573	12	2323	2323	5.72205e-05
573	13	318	318	4.95911e-05
573	14	1444	1444	0
573	15	257	257	0.000818253
573	16	19999	19999	0.000286102
573	17	578	578	0.000162125
573	18	13	13	4.3869e-05
573	19	50256	50256	0
574	5	660	660	3.43323e-05
574	6	318	318	2.09808e-05
574	7	3917	3917	4.19617e-05
574	8	351	351	4.19617e-05
574	9	262	262	3.8147e-06
574	10	1855	1855	5.34058e-05
574	11	24611	24611	5.91278e-05
574	12	14355	14355	8.58307e-05
574	13	13	13	0
574	14	50256	50256	0
575	5	2967	2967	8.01086e-05
575	6	656	656	3.05176e-05
575	7	10601	10601	0.000205994
575	8	329	329	2.86102e-05
575	9	8509	8509	5.72205e-05
575	10	290	290	0
575	11	584	584	5.72205e-06
575	12	9013	9013	3.8147e-05
575	13	13	13	3.8147e-06
575	14	50256	50256	0
576	5	14768	14768	0.000516891
576	6	319	319	9.53674e-06
576	7	24438	24438	0.000209808
576	8	286	286	0.000343323
576	9	262	262	0
576	10	976	976	6.67572e-05
576	11	3124	3124	0.000343323
576	12	3690	3690	0.000303268
576	13	8850	8850	3.24249e-05
576	14	6100	6100	0.00105286
576	15	13	13	5.72205e-06
576	16	50256	50256	0
577	5	3794	3794	0.000265121
577	6	284	284	0.000106812
577	7	262	262	0
577	8	5366	5366	6.48499e-05
577	9	290	290	3.62396e-05
577	10	2807	2807	0.000354767
577	11	284	284	5.72205e-06
577	12	262	262	0
577	13	5093	5093	0.000360489
577	14	13	13	0
577	15	50256	50256	0
578	5	6727	6727	0.000497818
578	6	4417	4417	4.76837e-05
578	7	286	286	3.8147e-06
578	8	262	262	1.90735e-06
578	9	24725	24725	0.000179291
578	10	34573	34573	0.000135422
578	11	6516	6516	0.000148773
578	12	287	287	9.53674e-06
578	13	281	281	4.00543e-05
578	14	555	555	5.14984e-05
578	15	10414	10414	9.15527e-05
578	16	1389	1389	0.000110626
578	17	14839	14839	0.000209808
578	18	7087	7087	0.000772476
578	19	13	13	7.62939e-06
578	20	50256	50256	0
579	5	257	257	7.62939e-06
579	6	9629	9629	0.00028801
579	7	286	286	0
579	8	987	987	8.39233e-05
579	9	86	86	0.000179291
579	10	16206	16206	0.000234604
579	11	4618	4618	6.67572e-05
579	12	26742	26742	0.000236511
579	13	13	13	0
579	14	50256	50256	0
580	5	286	286	5.72205e-06
580	6	4930	4930	6.48499e-05
580	7	20830	20830	3.62396e-05
580	8	287	287	5.72205e-06
580	9	3576	3576	5.34058e-05
580	10	290	290	0
580	11	6342	6342	6.86646e-05
580	12	13	13	7.62939e-06
580	13	50256	50256	0
581	5	16524	16524	0.000108719
581	6	284	284	0.00228119
581	7	1180	1180	0.000455856
581	8	10530	10530	2.86102e-05
581	9	22421	22421	4.19617e-05
581	10	416	416	0.000123978
581	11	5609	5609	0.000289917
581	12	262	262	0
581	13	12097	12097	0.000188828
581	14	286	286	0
581	15	511	511	0.000143051
581	16	13026	13026	0.000169754
581	17	16600	16600	0.000141144
581	18	13	13	1.33514e-05
581	19	50256	50256	0
582	5	21270	21270	2.47955e-05
582	6	287	287	1.90735e-06
582	7	11228	11228	2.09808e-05
582	8	2057	2057	2.47955e-05
582	9	13	13	1.90735e-06
582	10	50256	50256	0
583	5	9215	9215	3.62396e-05
583	6	17359	17359	0.00019455
583	7	284	284	3.43323e-05
583	8	1296	1296	2.47955e-05
583	9	9215	9215	0.00185204
583	10	13	13	3.8147e-06
583	11	50256	50256	0
584	5	4492	4492	2.86102e-05
584	6	422	422	2.67029e-05
584	7	7840	7840	0.000160217
584	8	4881	4881	0.000162125
584	9	13	13	4.00543e-05
584	10	50256	50256	0
585	5	276	276	4.3869e-05
585	6	287	287	3.8147e-06
585	7	281	281	3.43323e-05
585	8	11557	11557	9.34601e-05
585	9	1080	1080	1.33514e-05
585	10	13	13	0
585	11	50256	50256	0
586	5	8771	8771	0.000576019
586	6	800	800	8.7738e-05
586	7	3369	3369	0.000228882
586	8	2346	2346	0.00025177
586	9	11	11	5.72205e-06
586	10	3264	3264	0.000322342
586	11	393	393	2.09808e-05
586	12	20762	20762	0.000293732
586	13	13	13	1.90735e-06
586	14	50256	50256	0
587	5	10087	10087	0.000112534
587	6	422	422	0
587	7	477	477	5.91278e-05
587	8	584	584	2.67029e-05
587	9	2877	2877	2.28882e-05
587	10	4695	4695	8.7738e-05
587	11	13	13	1.90735e-06
587	12	50256	50256	0
588	5	925	925	0.000202179
588	6	422	422	8.58307e-05
588	7	262	262	4.57764e-05
588	8	279	279	0.000257492
588	9	342	342	7.43866e-05
588	10	286	286	1.90735e-06
588	11	262	262	0
588	12	20461	20461	3.24249e-05
588	13	21180	21180	0.000185013
588	14	4618	4618	8.96454e-05
588	15	13	13	0
588	16	50256	50256	0
589	5	11	11	1.90735e-06
589	6	1663	1663	6.29425e-05
589	7	379	379	5.72205e-05
589	8	5417	5417	0.000364304
589	9	11	11	3.8147e-06
589	10	290	290	1.90735e-06
589	11	1441	1441	0.000637054
589	12	284	284	1.14441e-05
589	13	40941	40941	0.000364304
589	14	284	284	0.000665665
589	15	22919	22919	0.0011673
589	16	13	13	1.90735e-06
589	17	50256	50256	0
590	5	11	11	1.90735e-06
590	6	14104	14104	0.000295639
590	7	13015	13015	8.58307e-05
590	8	11	11	0
590	9	290	290	1.90735e-06
590	10	3624	3624	0.00030899
590	11	9421	9421	3.62396e-05
590	12	1063	1063	0.000150681
590	13	13	13	0
590	14	50256	50256	0
591	5	29289	29289	0.000144958
591	6	8435	8435	0.000259399
591	7	973	973	0.000118256
591	8	284	284	0.0001297
591	9	5163	5163	0.000144958
591	10	3992	3992	0.000417709
591	11	4133	4133	9.72748e-05
591	12	13	13	0
591	13	50256	50256	0
592	5	9016	9016	9.53674e-05
592	6	4731	4731	0.000263214
592	7	318	318	6.67572e-05
592	8	2793	2793	0.000343323
592	9	287	287	5.72205e-06
592	10	7078	7078	0.000162125
592	11	621	621	8.2016e-05
592	12	262	262	6.29425e-05
592	13	38283	38283	0.000104904
592	14	338	338	9.72748e-05
592	15	6678	6678	0.000835419
592	16	9016	9016	4.95911e-05
592	17	4731	4731	0.00015831
592	18	13	13	0
592	19	50256	50256	0
593	5	4635	4635	0.000190735
593	6	416	416	1.52588e-05
593	7	23147	23147	0.000143051
593	8	44030	44030	0.000301361
593	9	6147	6147	9.34601e-05
593	10	656	656	0.000183105
593	11	285	285	0.000278473
593	12	10119	10119	6.29425e-05
593	13	13	13	0
593	14	50256	50256	0
594	5	7363	7363	0.000133514
594	6	284	284	5.72205e-05
594	7	262	262	1.90735e-06
594	8	7627	7627	0.000179291
594	9	286	286	1.71661e-05
594	10	22779	22779	6.29425e-05
594	11	7229	7229	1.90735e-05
594	12	13	13	0
594	13	50256	50256	0
595	5	262	262	0
595	6	13589	13589	5.91278e-05
595	7	284	284	2.28882e-05
595	8	262	262	9.53674e-06
595	9	11384	11384	0.00021553
595	10	832	832	7.62939e-06
595	11	262	262	1.90735e-06
595	12	1658	1658	6.67572e-05
595	13	2522	2522	5.34058e-05
595	14	31111	31111	9.34601e-05
595	15	13	13	0
595	16	50256	50256	0
596	5	8630	8630	8.2016e-05
596	6	287	287	0
596	7	2658	2658	0.000112534
596	8	417	417	0.000154495
596	9	292	292	0.000118256
596	10	287	287	5.72205e-06
596	11	262	262	1.90735e-06
596	12	25861	25861	5.72205e-05
596	13	1080	1080	0.00018692
596	14	13	13	0
596	15	50256	50256	0
597	5	11881	11881	9.15527e-05
597	6	1364	1364	5.72205e-05
597	7	422	422	4.57764e-05
597	8	262	262	0
597	9	1903	1903	5.14984e-05
597	10	3024	3024	4.57764e-05
597	11	6881	6881	7.43866e-05
597	12	13	13	0
597	13	50256	50256	0
598	5	20435	20435	4.57764e-05
598	6	3356	3356	4.19617e-05
598	7	290	290	1.14441e-05
598	8	5529	5529	8.58307e-05
598	9	5236	5236	4.3869e-05
598	10	13	13	0
598	11	50256	50256	0
599	5	416	416	1.14441e-05
599	6	37228	37228	0.000141144
599	7	7888	7888	0.000587463
599	8	11685	11685	7.62939e-05
599	9	286	286	0
599	10	4898	4898	2.47955e-05
599	11	11	11	3.24249e-05
599	12	3221	3221	7.62939e-05
599	13	351	351	9.53674e-06
599	14	39623	39623	0.000413895
599	15	13020	13020	0.000307083
599	16	11678	11678	0.000139236
599	17	13	13	0
599	18	50256	50256	0
600	5	13055	13055	0.000310898
600	6	1660	1660	3.05176e-05
600	7	300	300	0.000228882
600	8	3922	3922	0.000394821
600	9	287	287	3.8147e-06
600	10	465	465	4.19617e-05
600	11	11376	11376	0.000108719
600	12	379	379	4.3869e-05
600	13	8118	8118	0.00028801
600	14	933	933	0.00022316
600	15	88	88	0.000164032
600	16	13	13	0
600	17	50256	50256	0
601	5	422	422	0.000127792
601	6	257	257	9.53674e-06
601	7	4417	4417	7.43866e-05
601	8	736	736	0.000440598
601	9	3812	3812	0.000139236
601	10	257	257	0
601	11	24783	24783	5.34058e-05
601	12	13	13	0
601	13	50256	50256	0
602	5	257	257	1.90735e-05
602	6	18778	18778	9.15527e-05
602	7	14688	14688	4.95911e-05
602	8	680	680	7.24792e-05
602	9	12	12	3.05176e-05
602	10	43745	43745	0.000679016
602	11	19634	19634	0.000400543
602	12	287	287	9.53674e-06
602	13	281	281	1.90735e-05
602	14	12278	12278	0.000152588
602	15	17655	17655	0.000148773
602	16	13	13	0
602	17	50256	50256	0
603	5	3794	3794	2.09808e-05
603	6	3994	3994	0.000192642
603	7	20838	20838	3.8147e-05
603	8	21641	21641	0.000202179
603	9	290	290	5.72205e-06
603	10	42645	42645	0.000137329
603	11	13	13	0
603	12	50256	50256	0
604	5	11	11	3.8147e-06
604	6	14354	14354	2.67029e-05
604	7	11	11	7.62939e-06
604	8	290	290	0
604	9	7572	7572	2.09808e-05
604	10	286	286	3.8147e-06
604	11	3292	3292	2.67029e-05
604	12	13	13	0
604	13	50256	50256	0
605	5	379	379	6.10352e-05
605	6	7496	7496	7.05719e-05
605	7	290	290	1.90735e-06
605	8	734	734	0.000120163
605	9	7435	7435	5.91278e-05
605	10	1173	1173	3.43323e-05
605	11	829	829	1.71661e-05
605	12	13	13	0
605	13	50256	50256	0
606	5	290	290	1.90735e-06
606	6	26306	26306	9.72748e-05
606	7	21622	21622	0.000165939
606	8	422	422	0.00018692
606	9	262	262	0
606	10	9260	9260	4.3869e-05
606	11	13	13	0
606	12	50256	50256	0
607	5	326	326	5.72205e-06
607	6	8833	8833	0.000825882
607	7	351	351	0.000173569
607	8	262	262	3.8147e-06
607	9	6000	6000	0.000305176
607	10	8373	8373	0.000165939
607	11	287	287	3.8147e-06
607	12	257	257	0.000244141
607	13	27039	27039	0.00012207
607	14	13	13	0
607	15	50256	50256	0
608	5	7043	7043	0.000326157
608	6	316	316	0.000301361
608	7	787	787	0.000707626
608	8	2647	2647	0.000391006
608	9	287	287	0.000156403
608	10	257	257	1.71661e-05
608	11	1448	1448	0.000146866
608	12	286	286	1.14441e-05
608	13	734	734	0.00018692
608	14	13	13	1.71661e-05
608	15	50256	50256	0
609	5	510	510	0.000375748
609	6	15455	15455	9.15527e-05
609	7	1231	1231	9.72748e-05
609	8	5609	5609	0.000436783
609	9	262	262	0
609	10	1321	1321	0.000226974
609	11	852	852	2.28882e-05
609	12	42517	42517	0.000110626
609	13	798	798	7.43866e-05
609	14	13	13	3.8147e-06
609	15	50256	50256	0
610	5	13055	13055	5.91278e-05
610	6	383	383	1.71661e-05
610	7	2907	2907	2.67029e-05
610	8	563	563	8.2016e-05
610	9	5265	5265	2.47955e-05
610	10	287	287	0
610	11	49545	49545	3.24249e-05
610	12	13	13	1.90735e-06
610	13	50256	50256	0
611	5	1239	1239	9.91821e-05
611	6	11073	11073	3.8147e-05
611	7	257	257	5.72205e-05
611	8	4633	4633	0.000377655
611	9	1255	1255	0.000284195
611	10	13	13	0
611	11	50256	50256	0
612	5	2630	2630	8.96454e-05
612	6	3923	3923	0.000171661
612	7	326	326	1.14441e-05
612	8	7301	7301	0.000274658
612	9	41553	41553	8.7738e-05
612	10	82	82	2.67029e-05
612	11	11	11	2.47955e-05
612	12	37174	37174	5.72205e-05
612	13	11	11	3.8147e-06
612	14	290	290	1.90735e-06
612	15	5369	5369	4.3869e-05
612	16	13	13	0
612	17	50256	50256	0
613	5	546	546	5.34058e-05
613	6	262	262	0
613	7	20175	20175	2.09808e-05
613	8	43989	43989	7.05719e-05
613	9	290	290	0
613	10	38201	38201	3.05176e-05
613	11	13	13	0
613	12	50256	50256	0
614	5	9518	9518	2.86102e-05
614	6	5667	5667	2.47955e-05
614	7	2138	2138	5.72205e-06
614	8	621	621	3.43323e-05
614	9	8850	8850	7.62939e-05
614	10	13737	13737	2.28882e-05
614	11	13	13	1.90735e-06
614	12	50256	50256	0
615	5	416	416	7.62939e-06
615	6	27259	27259	0.000102997
615	7	7545	7545	3.8147e-05
615	8	656	656	7.43866e-05
615	9	1090	1090	9.91821e-05
615	10	9310	9310	6.67572e-05
615	11	290	290	1.90735e-06
615	12	483	483	5.34058e-05
615	13	88	88	8.39233e-05
615	14	13	13	5.72205e-06
615	15	50256	50256	0
616	5	1633	1633	0.000133514
616	6	5721	5721	0.000236511
616	7	12611	12611	0.000125885
616	8	803	803	0.000135422
616	9	416	416	5.53131e-05
616	10	41719	41719	0.000165939
616	11	511	511	7.62939e-05
616	12	11914	11914	0.000209808
616	13	656	656	0.000305176
616	14	257	257	6.48499e-05
616	15	5422	5422	8.01086e-05
616	16	12239	12239	2.28882e-05
616	17	13	13	0
616	18	50256	50256	0
617	5	19418	19418	4.3869e-05
617	6	36578	36578	6.48499e-05
617	7	351	351	9.53674e-06
617	8	6496	6496	2.86102e-05
617	9	8188	8188	1.33514e-05
617	10	13	13	0
617	11	50256	50256	0
618	5	355	355	5.72205e-06
618	6	257	257	1.52588e-05
618	7	1271	1271	2.28882e-05
618	8	286	286	3.8147e-06
618	9	3470	3470	0.000268936
618	10	9998	9998	0.00028038
618	11	13	13	0.000106812
618	12	50256	50256	0
619	5	284	284	0
619	6	3283	3283	0.000236511
619	7	12967	12967	0.000150681
619	8	902	902	0.000375748
619	9	1973	1973	9.91821e-05
619	10	257	257	5.72205e-06
619	11	4417	4417	0
619	12	13	13	0
619	13	50256	50256	0
620	5	4905	4905	0.000202179
620	6	286	286	0
620	7	281	281	0
620	8	15835	15835	0.000120163
620	9	393	393	2.86102e-05
620	10	875	875	0.000213623
620	11	13168	13168	0.000337601
620	12	11862	11862	6.10352e-05
620	13	13	13	0
620	14	50256	50256	0
621	5	338	338	9.53674e-06
621	6	1810	1810	4.57764e-05
621	7	290	290	9.53674e-06
621	8	12689	12689	0.000192642
621	9	3407	3407	0.000112534
621	10	262	262	3.8147e-06
621	11	14332	14332	0.000120163
621	12	2305	2305	8.58307e-05
621	13	9229	9229	7.82013e-05
621	14	11796	11796	4.19617e-05
621	15	286	286	1.90735e-06
621	16	3284	3284	6.29425e-05
621	17	13	13	0
621	18	50256	50256	0
622	5	3650	3650	0.00019455
622	6	12278	12278	7.24792e-05
622	7	2568	2568	4.19617e-05
622	8	832	832	1.90735e-05
622	9	48287	48287	6.67572e-05
622	10	5931	5931	6.86646e-05
622	11	12737	12737	3.24249e-05
622	12	13	13	1.90735e-06
622	13	50256	50256	0
623	5	4143	4143	0.000110626
623	6	2173	2173	0.000135422
623	7	1497	1497	0.000127792
623	8	422	422	0.000331879
623	9	262	262	0
623	10	3825	3825	0.000110626
623	11	13	13	5.72205e-06
623	12	50256	50256	0
624	5	290	290	5.72205e-06
624	6	6754	6754	7.24792e-05
624	7	2478	2478	0.000276566
624	8	286	286	3.8147e-06
624	9	2456	2456	4.00543e-05
624	10	13	13	1.90735e-06
624	11	50256	50256	0
625	5	3033	3033	0.000246048
625	6	262	262	0
625	7	26997	26997	8.2016e-05
625	8	2677	2677	0.000123978
625	9	11	11	3.8147e-06
625	10	3825	3825	6.10352e-05
625	11	370	370	0.000118256
625	12	46654	46654	4.19617e-05
625	13	13	13	0
625	14	50256	50256	0
626	5	3139	3139	0.000108719
626	6	373	373	0.000110626
626	7	327	327	0.000204086
626	8	385	385	7.62939e-05
626	9	1073	1073	0.000177383
626	10	11	11	7.62939e-06
626	11	287	287	0
626	12	1944	1944	0.000326157
626	13	12	12	1.90735e-05
626	14	820	820	5.91278e-05
626	15	25768	25768	0.000179291
626	16	13	13	0
626	17	50256	50256	1.90735e-06
627	5	5403	5403	8.7738e-05
627	6	663	663	3.8147e-06
627	7	16874	16874	4.3869e-05
627	8	13	13	0
627	9	50256	50256	0
628	5	2583	2583	8.58307e-05
628	6	4778	4778	6.29425e-05
628	7	284	284	2.09808e-05
628	8	4439	4439	0.000226974
628	9	649	649	0.000156403
628	10	9471	9471	7.43866e-05
628	11	13166	13166	3.24249e-05
628	12	13	13	0
628	13	50256	50256	0
629	5	2568	2568	3.05176e-05
629	6	832	832	1.33514e-05
629	7	6565	6565	4.76837e-05
629	8	2272	2272	0.000183105
629	9	13	13	1.90735e-06
629	10	50256	50256	0
630	5	3519	3519	0.000272751
630	6	1035	1035	0.000150681
630	7	24370	24370	9.34601e-05
630	8	287	287	1.90735e-06
630	9	13550	13550	5.91278e-05
630	10	34619	34619	0.000143051
630	11	746	746	0.000104904
630	12	291	291	5.91278e-05
630	13	11	11	0
630	14	1897	1897	0.000135422
630	15	6210	6210	0.000150681
630	16	11	11	0
630	17	290	290	0
630	18	8312	8312	5.14984e-05
630	19	14750	14750	2.28882e-05
630	20	13	13	0
630	21	50256	50256	0
631	5	329	329	3.62396e-05
631	6	663	663	7.62939e-06
631	7	1913	1913	4.95911e-05
631	8	8508	8508	9.53674e-05
631	9	290	290	1.90735e-06
631	10	27892	27892	6.86646e-05
631	11	35988	35988	8.01086e-05
631	12	11222	11222	0.000112534
631	13	13	13	0
631	14	50256	50256	0
632	5	329	329	8.96454e-05
632	6	18120	18120	0.000135422
632	7	257	257	6.29425e-05
632	8	1917	1917	0.000225067
632	9	393	393	0.000104904
632	10	9489	9489	0.000127792
632	11	257	257	0.000148773
632	12	4876	4876	0.000148773
632	13	13	13	0
632	14	50256	50256	0
633	5	422	422	4.3869e-05
633	6	15756	15756	5.91278e-05
633	7	5597	5597	7.43866e-05
633	8	422	422	0.000127792
633	9	13686	13686	6.67572e-05
633	10	49235	49235	8.2016e-05
633	11	13	13	0
633	12	50256	50256	0
634	5	34371	34371	0.0129013
634	6	16578	16578	0.00115204
634	7	283	283	0.0076313
634	8	3815	3815	0.00520325
634	9	1262	1262	0.00213242
634	10	16311	16311	1.52588e-05
634	11	286	286	0
634	12	530	530	4.19617e-05
634	13	284	284	3.43323e-05
634	14	1440	1440	1.33514e-05
634	15	9881	9881	0.0975838
634	16	13	13	5.72205e-06
634	17	50256	50256	8.01086e-05
635	5	2458	2458	0.000120163
635	6	257	257	0.000461578
635	7	6769	6769	0.000226974
635	8	338	338	4.95911e-05
635	9	6515	6515	0.000183105
635	10	8373	8373	0.000322342
635	11	618	618	1.14441e-05
635	12	2723	2723	0.000366211
635	13	290	290	1.71661e-05
635	14	22890	22890	0.000120163
635	15	1445	1445	0.000112534
635	16	3585	3585	0.000200272
635	17	284	284	0
635	18	1123	1123	0.00131989
635	19	584	584	3.24249e-05
635	20	13	13	0
635	21	50256	50256	1.52588e-05
636	5	8372	8372	0.0001297
636	6	3354	3354	0.000133514
636	7	286	286	3.8147e-06
636	8	16519	16519	9.15527e-05
636	9	290	290	3.05176e-05
636	10	17456	17456	8.01086e-05
636	11	13	13	0
636	12	50256	50256	0
637	5	21767	21767	0.000505447
637	6	262	262	4.76837e-05
637	7	1271	1271	0.000394821
637	8	286	286	0
637	9	1237	1237	0.000181198
637	10	684	684	0.000236511
637	11	287	287	7.62939e-06
637	12	663	663	5.72205e-06
637	13	29984	29984	0.000400543
637	14	13	13	0
637	15	50256	50256	0
638	5	5563	5563	9.34601e-05
638	6	832	832	1.90735e-06
638	7	41630	41630	6.67572e-05
638	8	38445	38445	4.76837e-05
638	9	5107	5107	0.000125885
638	10	13	13	1.14441e-05
638	11	50256	50256	0
639	5	14921	14921	9.34601e-05
639	6	5563	5563	6.29425e-05
639	7	884	884	0.000406265
639	8	355	355	1.90735e-06
639	9	8234	8234	0.000894547
639	10	11	11	5.72205e-06
639	11	12734	12734	0.000558853
639	12	11	11	2.67029e-05
639	13	393	393	0
639	14	14891	14891	3.43323e-05
639	15	13	13	0
639	16	50256	50256	0
640	5	7997	7997	4.76837e-05
640	6	416	416	2.67029e-05
640	7	257	257	5.72205e-06
640	8	10706	10706	2.67029e-05
640	9	286	286	0
640	10	17848	17848	1.14441e-05
640	11	13	13	1.90735e-06
640	12	50256	50256	0
641	5	281	281	4.76837e-05
641	6	4457	4457	0.000219345
641	7	29877	29877	0.000190735
641	8	2858	2858	0.000162125
641	9	11	11	1.90735e-06
641	10	407	407	9.53674e-05
641	11	257	257	0
641	12	2818	2818	0.000112534
641	13	17076	17076	0.00053215
641	14	13	13	2.86102e-05
641	15	50256	50256	0
642	5	3194	3194	4.00543e-05
642	6	355	355	3.43323e-05
642	7	257	257	1.33514e-05
642	8	8064	8064	0.000118256
642	9	286	286	0
642	10	734	734	0.000389099
642	11	37014	37014	0.000131607
642	12	13	13	0
642	13	50256	50256	0
643	5	2107	2107	9.91821e-05
643	6	290	290	1.90735e-06
643	7	1663	1663	0.000289917
643	8	329	329	3.62396e-05
643	9	517	517	0.000114441
643	10	621	621	3.62396e-05
643	11	734	734	0.000169754
643	12	812	812	8.2016e-05
643	13	13	13	0
643	14	50256	50256	0
644	5	3139	3139	3.05176e-05
644	6	286	286	0
644	7	16952	16952	9.15527e-05
644	8	287	287	0
644	9	21199	21199	0.000106812
644	10	7229	7229	4.00543e-05
644	11	13	13	0
644	12	50256	50256	0
645	5	4847	4847	8.96454e-05
645	6	832	832	0.000234604
645	7	10288	10288	0.000131607
645	8	284	284	0.00091362
645	9	584	584	1.71661e-05
645	10	4847	4847	0.000165939
645	11	13	13	4.95911e-05
645	12	50256	50256	0
646	5	10050	10050	9.15527e-05
646	6	2568	2568	2.67029e-05
646	7	284	284	1.90735e-06
646	8	663	663	4.76837e-05
646	9	21334	21334	2.67029e-05
646	10	13	13	0
646	11	50256	50256	0
647	5	48135	48135	0.000255585
647	6	286	286	1.90735e-06
647	7	262	262	5.72205e-06
647	8	11188	11188	0.000555038
647	9	3967	3967	0.000421524
647	10	1176	1176	0.000183105
647	11	286	286	0
647	12	257	257	0.00053215
647	13	1729	1729	0.000671387
647	14	22570	22570	0.000104904
647	15	1271	1271	3.8147e-06
647	16	13	13	1.71661e-05
647	17	50256	50256	0
648	5	262	262	0
648	6	3085	3085	0.000118256
648	7	1627	1627	6.10352e-05
648	8	8686	8686	6.48499e-05
648	9	284	284	6.10352e-05
648	10	262	262	5.72205e-06
648	11	3465	3465	5.72205e-05
648	12	376	376	7.05719e-05
648	13	13	13	3.8147e-06
648	14	50256	50256	0
649	5	1499	1499	0.000131607
649	6	287	287	4.76837e-05
649	7	262	262	0
649	8	7840	7840	5.91278e-05
649	9	18020	18020	9.91821e-05
649	10	13	13	3.8147e-06
649	11	50256	50256	0
650	5	4469	4469	8.58307e-05
650	6	286	286	3.8147e-06
650	7	26467	26467	8.01086e-05
650	8	385	385	1.71661e-05
650	9	1872	1872	0.000337601
650	10	338	338	5.91278e-05
650	11	3878	3878	0.000226974
650	12	17084	17084	0.000205994
650	13	13	13	1.90735e-06
650	14	50256	50256	0
651	5	2846	2846	0.000192642
651	6	286	286	1.71661e-05
651	7	1223	1223	7.82013e-05
651	8	2073	2073	0.000118256
651	9	1231	1231	1.52588e-05
651	10	10616	10616	2.67029e-05
651	11	257	257	1.71661e-05
651	12	18875	18875	6.29425e-05
651	13	5369	5369	3.62396e-05
651	14	13	13	0
651	15	50256	50256	0
652	5	77	77	6.86646e-05
652	6	2340	2340	0.000289917
652	7	326	326	1.90735e-06
652	8	3745	3745	6.10352e-05
652	9	319	319	0.000101089
652	10	262	262	0
652	11	2910	2910	7.62939e-05
652	12	286	286	0.000190735
652	13	11453	11453	3.62396e-05
652	14	13	13	0
652	15	50256	50256	0
653	5	1602	1602	4.3869e-05
653	6	14796	14796	8.39233e-05
653	7	22950	22950	0.000101089
653	8	423	423	0.000169754
653	9	262	262	3.8147e-06
653	10	976	976	3.62396e-05
653	11	4129	4129	7.24792e-05
653	12	13	13	5.72205e-06
653	13	50256	50256	0
654	5	6268	6268	6.29425e-05
654	6	4073	4073	5.91278e-05
654	7	416	416	1.14441e-05
654	8	29781	29781	3.24249e-05
654	9	290	290	0
654	10	584	584	3.62396e-05
654	11	38622	38622	4.19617e-05
654	12	13	13	0
654	13	50256	50256	0
655	5	635	635	9.91821e-05
655	6	8811	8811	3.05176e-05
655	7	1900	1900	7.24792e-05
655	8	355	355	9.53674e-06
655	9	5482	5482	5.14984e-05
655	10	3820	3820	7.24792e-05
655	11	10872	10872	0.000232697
655	12	16567	16567	6.67572e-05
655	13	13	13	3.8147e-06
655	14	50256	50256	0
656	5	5405	5405	0.000112534
656	6	416	416	2.67029e-05
656	7	28472	28472	8.2016e-05
656	8	803	803	0.000133514
656	9	340	340	8.2016e-05
656	10	351	351	7.62939e-06
656	11	1633	1633	4.19617e-05
656	12	13	13	7.62939e-06
656	13	50256	50256	0
657	5	4756	4756	0.000101089
657	6	832	832	0.000322342
657	7	543	543	0.000587463
657	8	1657	1657	0.000144958
657	9	14170	14170	0.000261307
657	10	262	262	5.72205e-06
657	11	18480	18480	0.000211716
657	12	1080	1080	4.76837e-05
657	13	13	13	0
657	14	50256	50256	0
658	5	4855	4855	8.58307e-05
658	6	14510	14510	1.71661e-05
658	7	287	287	3.8147e-06
658	8	6156	6156	1.71661e-05
658	9	6365	6365	5.53131e-05
658	10	13	13	0
658	11	50256	50256	0
659	5	423	423	0.000139236
659	6	257	257	0.000343323
659	7	2060	2060	0.000110626
659	8	269	269	0.000148773
659	9	313	313	0.000156403
659	10	88	88	2.47955e-05
659	11	992	992	0.000293732
659	12	261	261	0.000118256
659	13	13	13	9.53674e-06
659	14	50256	50256	0
660	5	2280	2280	7.82013e-05
660	6	393	393	2.28882e-05
660	7	15256	15256	4.3869e-05
660	8	2280	2280	0.000183105
660	9	618	618	9.53674e-06
660	10	484	484	2.86102e-05
660	11	21721	21721	8.39233e-05
660	12	13	13	5.72205e-06
660	13	50256	50256	0
661	5	12	12	0
661	6	13982	13982	0.000448227
661	7	21824	21824	0.000205994
661	8	5421	5421	0.000415802
661	9	1978	1978	0.000263214
661	10	656	656	0.000219345
661	11	3881	3881	0.000385284
661	12	13	13	0
661	13	50256	50256	0
662	5	46716	46716	8.01086e-05
662	6	1805	1805	4.95911e-05
662	7	262	262	1.90735e-06
662	8	517	517	3.24249e-05
662	9	19217	19217	8.39233e-05
662	10	12098	12098	4.76837e-05
662	11	11061	11061	4.76837e-05
662	12	606	606	1.52588e-05
662	13	13	13	0
662	14	50256	50256	0
663	5	37475	37475	0.000144958
663	6	11	11	3.8147e-06
663	7	284	284	0.000249863
663	8	5643	5643	0.000133514
663	9	11	11	7.62939e-06
663	10	3664	3664	0.000299454
663	11	321	321	0.000284195
663	12	45070	45070	0.000799179
663	13	11	11	5.72205e-06
663	14	290	290	9.53674e-06
663	15	23849	23849	0.000164032
663	16	2339	2339	0.000165939
663	17	1275	1275	0.000135422
663	18	721	721	0.000137329
663	19	346	346	0.000150681
663	20	1547	1547	0.000148773
663	21	13	13	0
663	22	50256	50256	0
664	5	3624	3624	0.000707626
664	6	5101	5101	0.000205994
664	7	284	284	0.000112534
664	8	7301	7301	0.00217056
664	9	290	290	5.72205e-06
664	10	5412	5412	0.000419617
664	11	5563	5563	6.10352e-05
664	12	13	13	0
664	13	50256	50256	0
665	5	262	262	3.8147e-06
665	6	10596	10596	0.000173569
665	7	10692	10692	0.000219345
665	8	832	832	2.09808e-05
665	9	262	262	0
665	10	41407	41407	4.57764e-05
665	11	286	286	0
665	12	47403	47403	9.72748e-05
665	13	13	13	1.90735e-06
665	14	50256	50256	0
666	5	42096	42096	0.00028801
666	6	379	379	2.67029e-05
666	7	262	262	9.53674e-06
666	8	18955	18955	0.000368118
666	9	393	393	3.05176e-05
666	10	22088	22088	0.000171661
666	11	291	291	1.90735e-05
666	12	1241	1241	0.000253677
666	13	13	13	0
666	14	50256	50256	0
667	5	5563	5563	7.43866e-05
667	6	416	416	3.8147e-06
667	7	13157	13157	0.000118256
667	8	517	517	6.48499e-05
667	9	1657	1657	0.000167847
667	10	621	621	1.71661e-05
667	11	262	262	1.90735e-06
667	12	555	555	0.000387192
667	13	64	64	0.000282288
667	14	1384	1384	0.000110626
667	15	4151	4151	0.000230789
667	16	13	13	0
667	17	50256	50256	0
668	5	284	284	2.09808e-05
668	6	8181	8181	0.000665665
668	7	422	422	1.90735e-06
668	8	5509	5509	4.76837e-05
668	9	13737	13737	1.71661e-05
668	10	13	13	0
668	11	50256	50256	0
669	5	2753	2753	3.05176e-05
669	6	1295	1295	7.05719e-05
669	7	8384	8384	3.24249e-05
669	8	319	319	5.72205e-06
669	9	281	281	5.72205e-06
669	10	7022	7022	3.62396e-05
669	11	13	13	1.90735e-06
669	12	50256	50256	0
670	5	16524	16524	6.29425e-05
670	6	13510	13510	0.000102997
670	7	9210	9210	0.000278473
670	8	326	326	1.71661e-05
670	9	389	389	0.000123978
670	10	7425	7425	0.000188828
670	11	351	351	7.62939e-06
670	12	6428	6428	0.000417709
670	13	5289	5289	0.000104904
670	14	13	13	1.90735e-06
670	15	50256	50256	0
671	5	7596	7596	6.67572e-05
671	6	4791	4791	7.05719e-05
671	7	591	591	3.8147e-05
671	8	7346	7346	4.57764e-05
671	9	257	257	0
671	10	1327	1327	0.000123978
671	11	8434	8434	8.2016e-05
671	12	7582	7582	5.53131e-05
671	13	13	13	0
671	14	50256	50256	0
672	5	2291	2291	4.95911e-05
672	6	24789	24789	5.91278e-05
672	7	47523	47523	5.53131e-05
672	8	290	290	2.28882e-05
672	9	14186	14186	8.39233e-05
672	10	6147	6147	5.34058e-05
672	11	12835	12835	4.19617e-05
672	12	13	13	5.72205e-06
672	13	50256	50256	0
673	5	878	878	2.67029e-05
673	6	14342	14342	2.09808e-05
673	7	1973	1973	5.91278e-05
673	8	2031	2031	3.24249e-05
673	9	13	13	0
673	10	50256	50256	0
674	5	1104	1104	0.000127792
674	6	966	966	0.000217438
674	7	1444	1444	1.52588e-05
674	8	257	257	3.24249e-05
674	9	46246	46246	7.43866e-05
674	10	6098	6098	3.05176e-05
674	11	388	388	8.96454e-05
674	12	13	13	3.8147e-06
674	13	50256	50256	0
675	5	656	656	3.8147e-06
675	6	262	262	2.86102e-05
675	7	1956	1956	0.000143051
675	8	24162	24162	7.43866e-05
675	9	327	327	7.43866e-05
675	10	5126	5126	7.24792e-05
675	11	666	666	5.53131e-05
675	12	6896	6896	8.96454e-05
675	13	13	13	3.8147e-06
675	14	50256	50256	0
676	5	5399	5399	2.28882e-05
676	6	15921	15921	0.000146866
676	7	286	286	1.90735e-06
676	8	867	867	8.01086e-05
676	9	12734	12734	0.000116348
676	10	13	13	2.09808e-05
676	11	50256	50256	0
677	5	2568	2568	0.000123978
677	6	656	656	2.86102e-05
677	7	12370	12370	0.000185013
677	8	6268	6268	0.000354767
677	9	13	13	8.58307e-05
677	10	50256	50256	0
678	5	389	389	6.67572e-05
678	6	1043	1043	6.67572e-05
678	7	355	355	1.90735e-06
678	8	880	880	9.34601e-05
678	9	355	355	1.52588e-05
678	10	644	644	0.000120163
678	11	484	484	5.91278e-05
678	12	389	389	0.000286102
678	13	13	13	9.53674e-06
678	14	50256	50256	0
679	5	287	287	0
679	6	262	262	1.90735e-06
679	7	4037	4037	7.62939e-05
679	8	4482	4482	8.01086e-05
679	9	286	286	0
679	10	27719	27719	1.90735e-05
679	11	13	13	0
679	12	50256	50256	0
680	5	3139	3139	5.72205e-05
680	6	286	286	0
680	7	21291	21291	0.000406265
680	8	11	11	8.39233e-05
680	9	1029	1029	0.000164032
680	10	287	287	0.000177383
680	11	262	262	0
680	12	843	843	0.000102997
680	13	274	274	1.71661e-05
680	14	13	13	1.14441e-05
680	15	50256	50256	0
681	5	3139	3139	1.71661e-05
681	6	11	11	1.71661e-05
681	7	290	290	3.8147e-06
681	8	262	262	9.34601e-05
681	9	569	569	8.2016e-05
681	10	396	396	0.000267029
681	11	4712	4712	8.01086e-05
681	12	15623	15623	0.000217438
681	13	832	832	4.3869e-05
681	14	340	340	4.3869e-05
681	15	13	13	1.14441e-05
681	16	50256	50256	0
682	5	13	13	0
682	6	50256	50256	0
683	5	7306	7306	0.000102997
683	6	10349	10349	8.01086e-05
683	7	2648	2648	0.000177383
683	8	262	262	3.8147e-06
683	9	976	976	1.52588e-05
683	10	15004	15004	4.76837e-05
683	11	3580	3580	2.09808e-05
683	12	13	13	0
683	13	50256	50256	0
684	5	1103	1103	0.000108719
684	6	3146	3146	0.000165939
684	7	318	318	1.90735e-06
684	8	3967	3967	0.00053215
684	9	13	13	1.90735e-06
684	10	50256	50256	0
685	5	1296	1296	1.90735e-05
685	6	618	618	0.000230789
685	7	44030	44030	0.000114441
685	8	2587	2587	0.000211716
685	9	3608	3608	0.000141144
685	10	82	82	0.000120163
685	11	290	290	3.8147e-06
685	12	4735	4735	0.000522614
685	13	6945	6945	0.000125885
685	14	13	13	0
685	15	50256	50256	0
686	5	5894	5894	5.72205e-06
686	6	4771	4771	0.000411987
686	7	2458	2458	0.000183105
686	8	3264	3264	0.00123596
686	9	422	422	9.15527e-05
686	10	4735	4735	0.000579834
686	11	284	284	7.62939e-06
686	12	3623	3623	0.000339508
686	13	13	13	0
686	14	50256	50256	0
687	5	5002	5002	9.15527e-05
687	6	423	423	0.000160217
687	7	4961	4961	0.000497818
687	8	386	386	7.05719e-05
687	9	1122	1122	0.000204086
687	10	9853	9853	7.05719e-05
687	11	475	475	0.000244141
687	12	1180	1180	0.000253677
687	13	49810	49810	0.000221252
687	14	9853	9853	0.000425339
687	15	13	13	0.000143051
687	16	50256	50256	0
688	5	42407	42407	6.10352e-05
688	6	469	469	0.000102997
688	7	318	318	5.53131e-05
688	8	262	262	0
688	9	4318	4318	3.24249e-05
688	10	2095	2095	0.000167847
688	11	287	287	1.90735e-06
688	12	317	317	6.10352e-05
688	13	6786	6786	9.34601e-05
688	14	5074	5074	1.33514e-05
688	15	13	13	0
688	16	50256	50256	0
689	5	925	925	4.95911e-05
689	6	7525	7525	0.000858307
689	7	286	286	2.09808e-05
689	8	6383	6383	0.000135422
689	9	50006	50006	0.000141144
689	10	2138	2138	2.28882e-05
689	11	621	621	6.67572e-05
689	12	9970	9970	0.000169754
689	13	13	13	3.8147e-06
689	14	50256	50256	0
690	5	26600	26600	5.14984e-05
690	6	663	663	5.72205e-06
690	7	16704	16704	5.72205e-05
690	8	11348	11348	0.000118256
690	9	1108	1108	1.71661e-05
690	10	13	13	0
690	11	50256	50256	0
691	5	1748	1748	7.24792e-05
691	6	286	286	3.05176e-05
691	7	8602	8602	0.000204086
691	8	11	11	4.3869e-05
691	9	319	319	4.3869e-05
691	10	262	262	5.72205e-06
691	11	314	314	9.72748e-05
691	12	527	527	0.000370026
691	13	666	666	0.000164032
691	14	24078	24078	0.000141144
691	15	13	13	1.33514e-05
691	16	50256	50256	0
692	5	319	319	1.52588e-05
692	6	49812	49812	5.53131e-05
692	7	2340	2340	7.62939e-05
692	8	290	290	0
692	9	584	584	8.2016e-05
692	10	1402	1402	4.57764e-05
692	11	19435	19435	4.00543e-05
692	12	13	13	4.57764e-05
692	13	50256	50256	0
693	5	1022	1022	7.62939e-06
693	6	7686	7686	1.14441e-05
693	7	13	13	0
693	8	50256	50256	0
694	5	11	11	1.90735e-06
694	6	318	318	3.62396e-05
694	7	262	262	1.90735e-06
694	8	2260	2260	0.000165939
694	9	3139	3139	3.05176e-05
694	10	286	286	5.72205e-06
694	11	4505	4505	1.52588e-05
694	12	13	13	0
694	13	50256	50256	0
695	5	2024	2024	0.000125885
695	6	460	460	3.43323e-05
695	7	307	307	0.000131607
695	8	2087	2087	5.53131e-05
695	9	416	416	0.000112534
695	10	4375	4375	8.39233e-05
695	11	511	511	4.95911e-05
695	12	5470	5470	0.000106812
695	13	2024	2024	0.000247955
695	14	13	13	1.90735e-06
695	15	50256	50256	5.72205e-06
696	5	262	262	0
696	6	25861	25861	0.000101089
696	7	2779	2779	0.000402451
696	8	4326	4326	9.15527e-05
696	9	329	329	2.86102e-05
696	10	21969	21969	0.000120163
696	11	34743	34743	5.72205e-05
696	12	5951	5951	8.2016e-05
696	13	13	13	0
696	14	50256	50256	0
697	5	14729	14729	0.000141144
697	6	286	286	1.90735e-06
697	7	7405	7405	7.05719e-05
697	8	13	13	1.90735e-06
697	9	50256	50256	3.8147e-06
698	5	262	262	4.19617e-05
698	6	2685	2685	0.000352859
698	7	8573	8573	0.000165939
698	8	810	810	0.00060463
698	9	5205	5205	8.2016e-05
698	10	44411	44411	0.000120163
698	11	8833	8833	0.000535965
698	12	287	287	1.90735e-06
698	13	4077	4077	0.000211716
698	14	6134	6134	3.24249e-05
698	15	13	13	1.52588e-05
698	16	50256	50256	0
699	5	8850	8850	2.47955e-05
699	6	1633	1633	0.000114441
699	7	10874	10874	0.000118256
699	8	8384	8384	8.7738e-05
699	9	286	286	1.90735e-06
699	10	17745	17745	0.00031662
699	11	7268	7268	0.000156403
699	12	734	734	9.34601e-05
699	13	11863	11863	0.000226974
699	14	23235	23235	3.43323e-05
699	15	13	13	0
699	16	50256	50256	0
700	5	416	416	8.58307e-05
700	6	1633	1633	0.000137329
700	7	11581	11581	0.000156403
700	8	8902	8902	0.000123978
700	9	706	706	7.43866e-05
700	10	14357	14357	9.72748e-05
700	11	37876	37876	6.10352e-05
700	12	340	340	3.8147e-05
700	13	13	13	5.72205e-05
700	14	50256	50256	0
701	5	13522	13522	0.00060463
701	6	11	11	1.90735e-05
701	7	257	257	0.000337601
701	8	2829	2829	0.000198364
701	9	44017	44017	0.000175476
701	10	14452	14452	0.000432968
701	11	26728	26728	0.000696182
701	12	517	517	0.0011692
701	13	6364	6364	0.000558853
701	14	618	618	2.09808e-05
701	15	663	663	5.72205e-06
701	16	4129	4129	0.000499725
701	17	318	318	1.33514e-05
701	18	3220	3220	0.000743866
701	19	13	13	0
701	20	50256	50256	0
702	5	1785	1785	0.000331879
702	6	17810	17810	0.000181198
702	7	11	11	1.90735e-06
702	8	1657	1657	4.00543e-05
702	9	2314	2314	7.24792e-05
702	10	6654	6654	6.10352e-05
702	11	284	284	5.14984e-05
702	12	12899	12899	0.00192833
702	13	17984	17984	4.19617e-05
702	14	13	13	0
702	15	50256	50256	0
703	5	287	287	1.90735e-06
703	6	262	262	5.72205e-06
703	7	614	614	2.47955e-05
703	8	1478	1478	6.29425e-05
703	9	4310	4310	4.19617e-05
703	10	13	13	0
703	11	50256	50256	0
704	5	281	281	0.000133514
704	6	12278	12278	0.0001297
704	7	6737	6737	4.00543e-05
704	8	13	13	0
704	9	50256	50256	0
705	5	5166	5166	0.000127792
705	6	286	286	1.14441e-05
705	7	302	302	8.2016e-05
705	8	5379	5379	9.53674e-05
705	9	326	326	7.62939e-06
705	10	12611	12611	0.000225067
705	11	378	378	2.86102e-05
705	12	1028	1028	0.000268936
705	13	1123	1123	5.53131e-05
705	14	584	584	9.91821e-05
705	15	13	13	2.28882e-05
705	16	50256	50256	0
706	5	284	284	0
706	6	1037	1037	0.000102997
706	7	17276	17276	4.19617e-05
706	8	8574	8574	7.43866e-05
706	9	12784	12784	2.86102e-05
706	10	13	13	1.90735e-06
706	11	50256	50256	0
707	5	1205	1205	1.14441e-05
707	6	1231	1231	0.000101089
707	7	15345	15345	0.000116348
707	8	11904	11904	3.8147e-05
707	9	13	13	7.62939e-06
707	10	50256	50256	5.72205e-06
708	5	262	262	1.90735e-06
708	6	44345	44345	0.000181198
708	7	8813	8813	0.000114441
708	8	268	268	0.000211716
708	9	1904	1904	0.000127792
708	10	21767	21767	9.53674e-05
708	11	262	262	0
708	12	2160	2160	7.05719e-05
708	13	286	286	0
708	14	262	262	1.90735e-06
708	15	24438	24438	0.000247955
708	16	286	286	0
708	17	262	262	1.90735e-06
708	18	584	584	0.000175476
708	19	734	734	2.67029e-05
708	20	5389	5389	0.000301361
708	21	13	13	0.000238419
708	22	50256	50256	0
709	5	32202	32202	0.000204086
709	6	1276	1276	0.000154495
709	7	14999	14999	0.000162125
709	8	663	663	0.000143051
709	9	20831	20831	6.86646e-05
709	10	409	409	0.000263214
709	11	418	418	0.000156403
709	12	38800	38800	0.000116348
709	13	13	13	0
709	14	50256	50256	0
710	5	4279	4279	0.000102997
710	6	393	393	0.000144958
710	7	2393	2393	0.00141144
710	8	287	287	2.67029e-05
710	9	19780	19780	0.000455856
710	10	13	13	1.14441e-05
710	11	50256	50256	0
711	5	1245	1245	0.00038147
711	6	286	286	3.8147e-06
711	7	257	257	7.62939e-06
711	8	2700	2700	2.67029e-05
711	9	546	546	4.19617e-05
711	10	281	281	1.14441e-05
711	11	16488	16488	2.47955e-05
711	12	13	13	1.90735e-06
711	13	50256	50256	0
712	5	1588	1588	6.67572e-05
712	6	9824	9824	0.000131607
712	7	319	319	1.71661e-05
712	8	262	262	0
712	9	10326	10326	5.34058e-05
712	10	4417	4417	2.28882e-05
712	11	287	287	3.8147e-06
712	12	25768	25768	5.72205e-05
712	13	13	13	1.90735e-06
712	14	50256	50256	0
713	5	6869	6869	0.000169754
713	6	338	338	7.43866e-05
713	7	4252	4252	0.000234604
713	8	18250	18250	0.000162125
713	9	33169	33169	0.000118256
713	10	6698	6698	0.000143051
713	11	4632	4632	0.000349045
713	12	1497	1497	0.000202179
713	13	422	422	2.47955e-05
713	14	3668	3668	0.000213623
713	15	13	13	3.8147e-06
713	16	50256	50256	0
714	5	779	779	0.00021553
714	6	16396	16396	0.000173569
714	7	5405	5405	0.000139236
714	8	284	284	4.00543e-05
714	9	1296	1296	1.90735e-06
714	10	9824	9824	5.72205e-05
714	11	393	393	2.28882e-05
714	12	5986	5986	0.000167847
714	13	13	13	1.90735e-06
714	14	50256	50256	0
715	5	2458	2458	0.000146866
715	6	262	262	1.33514e-05
715	7	4129	4129	7.24792e-05
715	8	286	286	1.90735e-06
715	9	262	262	0
715	10	8875	8875	0.000141144
715	11	338	338	7.62939e-05
715	12	1633	1633	4.3869e-05
715	13	3108	3108	0.00019455
715	14	13	13	0
715	15	50256	50256	0
716	5	287	287	0
716	6	13066	13066	0.00019455
716	7	1088	1088	0.000509262
716	8	262	262	5.14984e-05
716	9	3825	3825	0.000101089
716	10	13	13	0
716	11	50256	50256	0
717	5	47786	47786	0.000782013
717	6	262	262	0
717	7	3356	3356	6.10352e-05
717	8	286	286	0
717	9	5186	5186	0.000127792
717	10	3877	3877	0.000102997
717	11	832	832	1.14441e-05
717	12	663	663	0.000101089
717	13	11963	11963	8.58307e-05
717	14	13	13	0
717	15	50256	50256	0
718	5	4483	4483	8.96454e-05
718	6	2057	2057	4.76837e-05
718	7	422	422	9.53674e-06
718	8	1111	1111	0.000125885
718	9	6134	6134	1.90735e-05
718	10	290	290	2.09808e-05
718	11	4695	4695	0.000152588
718	12	13	13	0
718	13	50256	50256	0
719	5	6268	6268	0.000108719
719	6	832	832	9.53674e-06
719	7	18842	18842	1.33514e-05
719	8	722	722	6.67572e-05
719	9	9941	9941	0.000101089
719	10	13	13	0
719	11	50256	50256	0
720	5	3668	3668	0.000305176
720	6	338	338	4.00543e-05
720	7	4417	4417	7.62939e-05
720	8	318	318	2.47955e-05
720	9	1444	1444	8.01086e-05
720	10	2153	2153	0.000505447
720	11	2611	2611	0.000240326
720	12	13	13	0
720	13	50256	50256	0
721	5	262	262	1.90735e-06
721	6	976	976	0.000160217
721	7	1688	1688	0.000101089
721	8	5044	5044	0.000261307
721	9	1448	1448	0.000154495
721	10	355	355	2.67029e-05
721	11	5417	5417	0.000135422
721	12	281	281	7.82013e-05
721	13	368	368	0.000169754
721	14	1952	1952	0.000133514
721	15	13	13	3.8147e-06
721	16	50256	50256	0
722	5	656	656	0.000934601
722	6	12278	12278	0.000608444
722	7	2568	2568	9.53674e-05
722	8	13	13	3.8147e-06
722	9	50256	50256	0
723	5	2219	2219	0.000150681
723	6	1438	1438	0.000488281
723	7	329	329	9.34601e-05
723	8	21072	21072	0.000120163
723	9	275	275	0.000204086
723	10	291	291	4.19617e-05
723	11	42084	42084	7.82013e-05
723	12	378	378	0.000236511
723	13	13	13	0
723	14	50256	50256	0
724	5	9377	9377	4.95911e-05
724	6	1271	1271	1.14441e-05
724	7	13	13	0
724	8	50256	50256	0
725	5	19780	19780	7.43866e-05
725	6	983	983	7.05719e-05
725	7	351	351	2.47955e-05
725	8	27913	27913	9.53674e-05
725	9	5207	5207	6.86646e-05
725	10	13	13	7.62939e-06
725	11	50256	50256	0
726	5	286	286	3.8147e-06
726	6	16490	16490	0.000104904
726	7	287	287	0
726	8	22197	22197	0.00025177
726	9	338	338	3.8147e-06
726	10	13574	13574	0.000164032
726	11	13	13	0
726	12	50256	50256	0
727	5	878	878	0.000154495
727	6	340	340	0.000553131
727	7	5667	5667	0.0001297
727	8	262	262	4.57764e-05
727	9	1767	1767	4.95911e-05
727	10	13	13	3.8147e-06
727	11	50256	50256	0
728	5	36324	36324	6.29425e-05
728	6	389	389	0.000152588
728	7	925	925	4.3869e-05
728	8	422	422	0.000152588
728	9	35988	35988	0.000131607
728	10	2266	2266	0.000219345
728	11	32085	32085	4.00543e-05
728	12	39642	39642	9.72748e-05
728	13	13	13	1.90735e-06
728	14	50256	50256	0
729	5	1862	1862	0.000141144
729	6	20611	20611	8.2016e-05
729	7	34262	34262	3.62396e-05
729	8	878	878	6.10352e-05
729	9	484	484	0.000335693
729	10	3938	3938	3.62396e-05
729	11	4292	4292	0.000160217
729	12	13	13	0
729	13	50256	50256	0
730	5	10874	10874	0.000879288
730	6	286	286	7.62939e-06
730	7	867	867	0.000293732
730	8	5100	5100	7.62939e-06
730	9	17894	17894	0.000431061
730	10	13	13	0
730	11	50256	50256	0
731	5	1690	1690	9.91821e-05
731	6	18782	18782	6.86646e-05
731	7	5609	5609	0.000110626
731	8	1657	1657	8.96454e-05
731	9	290	290	0
731	10	10908	10908	0.000101089
731	11	8188	8188	7.62939e-06
731	12	13	13	0
731	13	50256	50256	0
732	5	663	663	2.09808e-05
732	6	1957	1957	6.67572e-05
732	7	636	636	2.28882e-05
732	8	290	290	1.90735e-06
732	9	7386	7386	5.91278e-05
732	10	351	351	1.14441e-05
732	11	281	281	2.47955e-05
732	12	379	379	4.19617e-05
732	13	1051	1051	7.62939e-05
732	14	13	13	0
732	15	50256	50256	0
733	5	284	284	3.05176e-05
733	6	5951	5951	0.000577927
733	7	284	284	4.76837e-05
733	8	1037	1037	0.00111961
733	9	16697	16697	0.000183105
733	10	16930	16930	0.000114441
733	11	393	393	2.67029e-05
733	12	15134	15134	6.86646e-05
733	13	13	13	1.90735e-06
733	14	50256	50256	0
734	5	878	878	3.24249e-05
734	6	8978	8978	6.48499e-05
734	7	262	262	1.14441e-05
734	8	19517	19517	3.62396e-05
734	9	6896	6896	1.52588e-05
734	10	13	13	0
734	11	50256	50256	0
735	5	5400	5400	8.01086e-05
735	6	287	287	9.53674e-06
735	7	11711	11711	1.71661e-05
735	8	3833	3833	8.96454e-05
735	9	1088	1088	4.95911e-05
735	10	281	281	3.8147e-06
735	11	37970	37970	3.24249e-05
735	12	2134	2134	5.72205e-05
735	13	13	13	0
735	14	50256	50256	0
736	5	5253	5253	6.29425e-05
736	6	2138	2138	5.72205e-06
736	7	621	621	4.57764e-05
736	8	257	257	4.00543e-05
736	9	9478	9478	5.34058e-05
736	10	286	286	1.90735e-06
736	11	640	640	6.10352e-05
736	12	13	13	0
736	13	50256	50256	0
737	5	4695	4695	0.000205994
737	6	11	11	1.14441e-05
737	7	772	772	8.39233e-05
737	8	996	996	0.000396729
737	9	867	867	6.48499e-05
737	10	22464	22464	4.95911e-05
737	11	7009	7009	4.57764e-05
737	12	12734	12734	6.86646e-05
737	13	13	13	0
737	14	50256	50256	0
738	5	257	257	7.62939e-06
738	6	3992	3992	0.000165939
738	7	2443	2443	0.000219345
738	8	815	815	0.000362396
738	9	307	307	0.000125885
738	10	5545	5545	8.7738e-05
738	11	13	13	0
738	12	50256	50256	0
739	5	13066	13066	3.8147e-05
739	6	23537	23537	9.15527e-05
739	7	422	422	8.96454e-05
739	8	262	262	1.90735e-06
739	9	3825	3825	4.3869e-05
739	10	13	13	3.24249e-05
739	11	50256	50256	0
740	5	76	76	0.000368118
740	6	8592	8592	0.000116348
740	7	11	11	9.53674e-06
740	8	340	340	0.000490189
740	9	5419	5419	0.000234604
740	10	3197	3197	0.000246048
740	11	1633	1633	0.000165939
740	12	656	656	1.52588e-05
740	13	262	262	5.72205e-06
740	14	21726	21726	0.000118256
740	15	13	13	2.09808e-05
740	16	50256	50256	1.90735e-06
741	5	431	431	0.00030899
741	6	260	260	0.00015831
741	7	355	355	3.8147e-06
741	8	663	663	4.19617e-05
741	9	25861	25861	0.000146866
741	10	2779	2779	7.43866e-05
741	11	4326	4326	8.58307e-05
741	12	13	13	0
741	13	50256	50256	0
742	5	318	318	2.09808e-05
742	6	257	257	9.53674e-06
742	7	20838	20838	3.05176e-05
742	8	12505	12505	0.000209808
742	9	3716	3716	9.53674e-05
742	10	319	319	1.14441e-05
742	11	262	262	0
742	12	28259	28259	0.000133514
742	13	7022	7022	2.86102e-05
742	14	286	286	5.72205e-06
742	15	7349	7349	0.000255585
742	16	13	13	5.72205e-06
742	17	50256	50256	0
743	5	17777	17777	7.43866e-05
743	6	274	274	3.8147e-05
743	7	1138	1138	5.53131e-05
743	8	37670	37670	2.47955e-05
743	9	1042	1042	5.14984e-05
743	10	13	13	3.8147e-06
743	11	50256	50256	0
744	5	3218	3218	0.00041008
744	6	37783	37783	0.000284195
744	7	326	326	0
744	8	17245	17245	0.000167847
744	9	779	779	7.24792e-05
744	10	284	284	5.72205e-06
744	11	3357	3357	0.000148773
744	12	10576	10576	7.82013e-05
744	13	13	13	0
744	14	50256	50256	0
745	5	618	618	7.62939e-06
745	6	4683	4683	0.00015831
745	7	12586	12586	0.0007267
745	8	1487	1487	0.00116539
745	9	739	739	0.000255585
745	10	4894	4894	0.000541687
745	11	290	290	3.8147e-06
745	12	3833	3833	0.000310898
745	13	1231	1231	0.000160217
745	14	3190	3190	0.000144958
745	15	24203	24203	8.39233e-05
745	16	13	13	0
745	17	50256	50256	0
746	5	572	572	6.67572e-05
746	6	5478	5478	2.86102e-05
746	7	338	338	1.71661e-05
746	8	35618	35618	0.000116348
746	9	7051	7051	8.7738e-05
746	10	13	13	0
746	11	50256	50256	0
747	5	8506	8506	8.2016e-05
747	6	12201	12201	0.000295639
747	7	636	636	5.91278e-05
747	8	286	286	1.90735e-06
747	9	281	281	0.000123978
747	10	317	317	0.000888824
747	11	11693	11693	0.000570297
747	12	8952	8952	0.000343323
747	13	312	312	0.00028801
747	14	22035	22035	0.000268936
747	15	39490	39490	0.000652313
747	16	3641	3641	0.000293732
747	17	13	13	0
747	18	50256	50256	0
748	5	645	645	0.000104904
748	6	24012	24012	7.43866e-05
748	7	6143	6143	0.000106812
748	8	458	458	0.000213623
748	9	34387	34387	0.000123978
748	10	13	13	7.62939e-06
748	11	50256	50256	0
749	5	7667	7667	3.24249e-05
749	6	8701	8701	0.000101089
749	7	4447	4447	9.53674e-05
749	8	1043	1043	0.000123978
749	9	8384	8384	0.000202179
749	10	287	287	1.90735e-06
749	11	16519	16519	4.3869e-05
749	12	290	290	9.53674e-06
749	13	36421	36421	9.15527e-05
749	14	13	13	0
749	15	50256	50256	0
750	5	3473	3473	7.24792e-05
750	6	286	286	0.000310898
750	7	517	517	0.000413895
750	8	621	621	0.000284195
750	9	530	530	1.52588e-05
750	10	34371	34371	9.72748e-05
750	11	2438	2438	0.000585556
750	12	966	966	0.00140762
750	13	13	13	0
750	14	50256	50256	0
751	5	5640	5640	0.000154495
751	6	257	257	1.90735e-06
751	7	15554	15554	0.000179291
751	8	9030	9030	5.53131e-05
751	9	284	284	6.29425e-05
751	10	5587	5587	0.000585556
751	11	13042	13042	2.28882e-05
751	12	13	13	0
751	13	50256	50256	0
752	5	286	286	1.90735e-06
752	6	26742	26742	0.000331879
752	7	1626	1626	0.0001297
752	8	257	257	1.90735e-06
752	9	3704	3704	0.000154495
752	10	286	286	0
752	11	4898	4898	3.62396e-05
752	12	13	13	1.90735e-06
752	13	50256	50256	0
753	5	24603	24603	9.91821e-05
753	6	5440	5440	0.000116348
753	7	5140	5140	0.000116348
753	8	287	287	1.90735e-06
753	9	262	262	0
753	10	1388	1388	0.000202179
753	11	27460	27460	0.000148773
753	12	10999	10999	0.000156403
753	13	13	13	0
753	14	50256	50256	0
754	5	1657	1657	0.00012207
754	6	656	656	0.000165939
754	7	7577	7577	0.000276566
754	8	780	780	0.000757217
754	9	1180	1180	1.90735e-06
754	10	45656	45656	0.000696182
754	11	1006	1006	0.000349045
754	12	974	974	0.000871658
754	13	416	416	0.000400543
754	14	1180	1180	0
754	15	6867	6867	9.34601e-05
754	16	13	13	0.000125885
754	17	50256	50256	0
755	5	2785	2785	2.47955e-05
755	6	2568	2568	5.72205e-06
755	7	13	13	0
755	8	50256	50256	0
756	5	14568	14568	0.000389099
756	6	351	351	0.000261307
756	7	1180	1180	2.67029e-05
756	8	5951	5951	0.000610352
756	9	393	393	8.2016e-05
756	10	20160	20160	8.2016e-05
756	11	9695	9695	5.53131e-05
756	12	13	13	0
756	13	50256	50256	0
757	5	262	262	3.8147e-06
757	6	31877	31877	8.39233e-05
757	7	23648	23648	9.53674e-05
757	8	559	559	0.0001297
757	9	422	422	7.62939e-06
757	10	262	262	0
757	11	3942	3942	6.67572e-05
757	12	850	850	9.53674e-05
757	13	3642	3642	0.000213623
757	14	7233	7233	9.53674e-06
757	15	13	13	0
757	16	50256	50256	0
758	5	7408	7408	0.000144958
758	6	290	290	1.14441e-05
758	7	34616	34616	7.62939e-06
758	8	29120	29120	9.72748e-05
758	9	13	13	1.90735e-06
758	10	50256	50256	0
759	5	389	389	9.53674e-06
759	6	14921	14921	9.15527e-05
759	7	656	656	9.53674e-06
759	8	20144	20144	1.90735e-05
759	9	290	290	0
759	10	13439	13439	3.05176e-05
759	11	13	13	0
759	12	50256	50256	0
760	5	318	318	2.47955e-05
760	6	262	262	0
760	7	3139	3139	1.33514e-05
760	8	286	286	1.90735e-06
760	9	17333	17333	0.000171661
760	10	11	11	5.72205e-06
760	11	281	281	3.8147e-05
760	12	7022	7022	0.000165939
760	13	1499	1499	8.96454e-05
760	14	13	13	1.90735e-06
760	15	50256	50256	0
761	5	17008	17008	0.000118256
761	6	8811	8811	0.000440598
761	7	925	925	7.05719e-05
761	8	1262	1262	8.01086e-05
761	9	17797	17797	8.96454e-05
761	10	44749	44749	5.53131e-05
761	11	13	13	7.62939e-06
761	12	50256	50256	0
762	5	1962	1962	0.000221252
762	6	1142	1142	0.000198364
762	7	3970	3970	0.000123978
762	8	287	287	3.8147e-06
762	9	2882	2882	0.000217438
762	10	284	284	9.72748e-05
762	11	262	262	5.53131e-05
762	12	13471	13471	5.91278e-05
762	13	286	286	0
762	14	257	257	0
762	15	7897	7897	9.34601e-05
762	16	3240	3240	6.48499e-05
762	17	13	13	0
762	18	50256	50256	0
763	5	26371	26371	0.000200272
763	6	2100	2100	0.000261307
763	7	3800	3800	8.7738e-05
763	8	286	286	0
763	9	257	257	1.33514e-05
763	10	35113	35113	0.000118256
763	11	393	393	2.86102e-05
763	12	44400	44400	0.000112534
763	13	13	13	7.62939e-06
763	14	50256	50256	0
764	5	1978	1978	0.000148773
764	6	287	287	6.86646e-05
764	7	257	257	0
764	8	2266	2266	0.000135422
764	9	1140	1140	0.000391006
764	10	6317	6317	9.15527e-05
764	11	13	13	1.90735e-06
764	12	50256	50256	0
765	5	511	511	3.43323e-05
765	6	5667	5667	7.62939e-06
765	7	1141	1141	5.72205e-05
765	8	257	257	9.53674e-06
765	9	3218	3218	4.95911e-05
765	10	21819	21819	8.7738e-05
765	11	6772	6772	8.7738e-05
765	12	13	13	0
765	13	50256	50256	0
766	5	23638	23638	0.000232697
766	6	373	373	8.39233e-05
766	7	3170	3170	4.3869e-05
766	8	329	329	0.000127792
766	9	262	262	5.72205e-06
766	10	872	872	7.05719e-05
766	11	33766	33766	9.72748e-05
766	12	5311	5311	4.00543e-05
766	13	3046	3046	6.86646e-05
766	14	84	84	0.000286102
766	15	13	13	1.90735e-06
766	16	50256	50256	9.53674e-06
767	5	8833	8833	0.000305176
767	6	287	287	3.8147e-06
767	7	262	262	0
767	8	1402	1402	0.000556946
767	9	45426	45426	8.2016e-05
767	10	13	13	0
767	11	50256	50256	0
768	5	281	281	3.8147e-06
768	6	21670	21670	9.53674e-05
768	7	28287	28287	8.01086e-05
768	8	389	389	1.52588e-05
768	9	9518	9518	3.8147e-05
768	10	5667	5667	1.33514e-05
768	11	13	13	0
768	12	50256	50256	0
769	5	8573	8573	6.67572e-05
769	6	286	286	1.90735e-06
769	7	48573	48573	6.67572e-05
769	8	6134	6134	1.71661e-05
769	9	13	13	1.90735e-06
769	10	50256	50256	0
770	5	16613	16613	9.72748e-05
770	6	1626	1626	1.33514e-05
770	7	262	262	0
770	8	1692	1692	5.72205e-05
770	9	7721	7721	0.000118256
770	10	13	13	0
770	11	50256	50256	0
771	5	24927	24927	6.86646e-05
771	6	399	399	0.000179291
771	7	2306	2306	0.000101089
771	8	35815	35815	0.000209808
771	9	287	287	3.8147e-06
771	10	22381	22381	0.000101089
771	11	39255	39255	5.14984e-05
771	12	1004	1004	4.76837e-05
771	13	6120	6120	0.000120163
771	14	4698	4698	3.8147e-05
771	15	262	262	1.90735e-06
771	16	32306	32306	6.86646e-05
771	17	13	13	1.90735e-06
771	18	50256	50256	0
772	5	1657	1657	0.0010128
772	6	26842	26842	0.000257492
772	7	618	618	0.000255585
772	8	340	340	0.00217819
772	9	14170	14170	0.000530243
772	10	257	257	7.62939e-06
772	11	1180	1180	0.00241852
772	12	13245	13245	0.000188828
772	13	2587	2587	0.0164452
772	14	379	379	0.000167847
772	15	281	281	0.000196457
772	16	9848	9848	0.000349045
772	17	13	13	9.15527e-05
772	18	50256	50256	0
773	5	351	351	1.52588e-05
773	6	663	663	4.00543e-05
773	7	16488	16488	0.000293732
773	8	37229	37229	0.00031662
773	9	2048	2048	9.91821e-05
773	10	656	656	1.52588e-05
773	11	262	262	5.72205e-06
773	12	6614	6614	5.72205e-05
773	13	286	286	0
773	14	663	663	5.72205e-06
773	15	13066	13066	0.000146866
773	16	13	13	0
773	17	50256	50256	0
774	5	286	286	5.72205e-06
774	6	14159	14159	7.82013e-05
774	7	287	287	3.8147e-06
774	8	262	262	0
774	9	18020	18020	0.000114441
774	10	6896	6896	4.19617e-05
774	11	13	13	0
774	12	50256	50256	0
775	5	3210	3210	0.00041008
775	6	4141	4141	0.000444412
775	7	12	12	1.33514e-05
775	8	2385	2385	0.000385284
775	9	863	863	0.000167847
775	10	6203	6203	0.000230789
775	11	468	468	0.000261307
775	12	15334	15334	0.000324249
775	13	12	12	1.90735e-06
775	14	11545	11545	0.000150681
775	15	4116	4116	0.000156403
775	16	13	13	3.8147e-06
775	17	50256	50256	0
776	5	318	318	0.000135422
776	6	262	262	3.8147e-05
776	7	640	640	7.05719e-05
776	8	2672	2672	0.00025177
776	9	329	329	0.000597
776	10	2063	2063	0.000392914
776	11	286	286	0
776	12	257	257	0.00062561
776	13	1588	1588	5.72205e-05
776	14	3265	3265	0.0001297
776	15	286	286	0
776	16	10411	10411	0.000364304
776	17	21354	21354	0.000341415
776	18	17751	17751	0.00028038
776	19	72	72	5.53131e-05
776	20	284	284	3.62396e-05
776	21	22119	22119	0.00125694
776	22	319	319	5.72205e-06
776	23	2811	2811	0.000171661
776	24	13	13	1.90735e-06
776	25	50256	50256	0
777	5	832	832	3.8147e-06
777	6	881	881	7.43866e-05
777	7	286	286	1.90735e-06
777	8	262	262	0
777	9	13009	13009	9.34601e-05
777	10	22329	22329	8.96454e-05
777	11	13	13	1.90735e-06
777	12	50256	50256	0
778	5	37546	37546	0.000505447
778	6	1767	1767	1.33514e-05
778	7	284	284	0.000385284
778	8	257	257	5.72205e-06
778	9	38427	38427	0.000659943
778	10	1767	1767	0.000185013
778	11	13	13	0
778	12	50256	50256	0
779	5	10017	10017	0.000125885
779	6	351	351	4.3869e-05
779	7	37414	37414	9.34601e-05
779	8	326	326	2.86102e-05
779	9	5419	5419	0.00018692
779	10	4180	4180	2.86102e-05
779	11	11192	11192	5.34058e-05
779	12	576	576	0.00022316
779	13	3386	3386	8.2016e-05
779	14	13	13	0
779	15	50256	50256	0
780	5	422	422	1.33514e-05
780	6	2587	2587	9.15527e-05
780	7	6427	6427	0.000123978
780	8	832	832	1.52588e-05
780	9	340	340	1.14441e-05
780	10	13	13	3.62396e-05
780	11	50256	50256	0
781	5	16882	16882	0.00110817
781	6	318	318	4.95911e-05
781	7	11172	11172	0.000242233
781	8	422	422	2.47955e-05
781	9	4376	4376	0.000284195
781	10	16649	16649	0.000305176
781	11	4291	4291	0.000183105
781	12	3348	3348	0.000123978
781	13	13	13	0
781	14	50256	50256	0
782	5	290	290	3.8147e-06
782	6	2962	2962	3.24249e-05
782	7	1657	1657	6.86646e-05
782	8	351	351	3.62396e-05
782	9	26929	26929	4.76837e-05
782	10	22353	22353	4.3869e-05
782	11	13	13	0
782	12	50256	50256	0
783	5	257	257	8.96454e-05
783	6	3992	3992	0.000259399
783	7	3188	3188	0.000402451
783	8	1262	1262	8.39233e-05
783	9	41485	41485	4.00543e-05
783	10	13	13	5.72205e-06
783	11	50256	50256	0
784	5	8850	8850	0.000116348
784	6	5931	5931	0.000177383
784	7	12737	12737	0.000495911
784	8	45075	45075	0.000417709
784	9	2472	2472	0.00021553
784	10	2347	2347	0.000516891
784	11	284	284	5.72205e-06
784	12	281	281	4.76837e-05
784	13	6275	6275	0.000238419
784	14	40874	40874	5.53131e-05
784	15	13	13	9.53674e-06
784	16	50256	50256	0
785	5	5563	5563	0.000183105
785	6	257	257	5.14984e-05
785	7	5405	5405	8.39233e-05
785	8	88	88	0.000175476
785	9	4417	4417	5.72205e-06
785	10	706	706	1.90735e-05
785	11	9645	9645	0.000177383
785	12	13	13	0
785	13	50256	50256	0
786	5	1103	1103	8.39233e-05
786	6	1271	1271	0.000659943
786	7	5260	5260	0.00290489
786	8	663	663	1.52588e-05
786	9	5253	5253	0.000333786
786	10	422	422	0.000839233
786	11	6632	6632	0.000190735
786	12	13	13	4.57764e-05
786	13	50256	50256	0
787	5	5679	5679	0.000114441
787	6	257	257	9.72748e-05
787	7	7002	7002	5.91278e-05
787	8	832	832	5.53131e-05
787	9	5783	5783	0.000156403
787	10	11	11	5.72205e-06
787	11	49893	49893	7.05719e-05
787	12	2870	2870	0.000123978
787	13	11	11	9.53674e-06
787	14	290	290	7.62939e-06
787	15	20494	20494	8.96454e-05
787	16	13	13	1.90735e-06
787	17	50256	50256	0
788	5	422	422	0.000102997
788	6	262	262	9.53674e-06
788	7	14707	14707	2.28882e-05
788	8	4755	4755	1.52588e-05
788	9	286	286	0
788	10	257	257	1.33514e-05
788	11	4858	4858	0.000148773
788	12	3491	3491	9.53674e-05
788	13	13	13	5.72205e-06
788	14	50256	50256	0
789	5	318	318	1.90735e-06
789	6	7685	7685	8.58307e-05
789	7	3194	3194	2.67029e-05
789	8	281	281	7.62939e-06
789	9	19318	19318	0.000127792
789	10	1015	1015	0.000141144
789	11	2029	2029	6.48499e-05
789	12	663	663	2.47955e-05
789	13	22655	22655	7.82013e-05
789	14	7078	7078	0.00022316
789	15	13	13	1.90735e-06
789	16	50256	50256	0
790	5	48862	48862	0.000141144
790	6	485	485	5.53131e-05
790	7	272	272	0.000104904
790	8	6614	6614	4.19617e-05
790	9	1239	1239	0.000120163
790	10	36177	36177	1.90735e-05
790	11	13	13	1.90735e-06
790	12	50256	50256	0
791	5	5822	5822	0
791	6	286	286	9.53674e-06
791	7	6156	6156	0.000244141
791	8	25942	25942	2.67029e-05
791	9	261	261	0.000265121
791	10	13	13	0
791	11	50256	50256	0
792	5	6203	6203	0.000192642
792	6	1262	1262	2.86102e-05
792	7	18018	18018	0.000150681
792	8	326	326	1.90735e-06
792	9	8181	8181	0.000144958
792	10	422	422	9.53674e-06
792	11	4025	4025	0.000139236
792	12	6493	6493	0.000102997
792	13	18018	18018	0.00012207
792	14	13	13	0
792	15	50256	50256	0
793	5	787	787	0.000127792
793	6	510	510	0.000101089
793	7	262	262	9.53674e-06
793	8	4318	4318	0.00018692
793	9	10927	10927	2.86102e-05
793	10	1080	1080	1.14441e-05
793	11	13	13	1.90735e-06
793	12	50256	50256	0
794	5	262	262	1.90735e-06
794	6	7446	7446	1.14441e-05
794	7	287	287	1.90735e-06
794	8	257	257	0.000326157
794	9	7226	7226	0.000213623
794	10	5044	5044	0.000102997
794	11	2685	2685	0.000328064
794	12	13	13	0
794	13	50256	50256	0
795	5	3623	3623	9.53674e-06
795	6	2458	2458	0.00012207
795	7	656	656	0.00015831
795	8	257	257	2.67029e-05
795	9	8122	8122	7.62939e-06
795	10	13	13	4.00543e-05
795	11	50256	50256	0
796	5	45636	45636	0.000270844
796	6	15027	15027	0.000162125
796	7	318	318	0
796	8	284	284	9.91821e-05
796	9	25432	25432	0.000497818
796	10	5207	5207	0.00019455
796	11	656	656	0.000171661
796	12	257	257	3.8147e-06
796	13	1844	1844	0.000207901
796	14	4286	4286	0.00044632
796	15	393	393	0.000137329
796	16	5485	5485	3.8147e-05
796	17	13	13	7.62939e-06
796	18	50256	50256	0
797	5	625	625	1.33514e-05
797	6	281	281	1.90735e-06
797	7	1989	1989	2.09808e-05
797	8	13	13	0
797	9	50256	50256	0
798	5	318	318	7.62939e-06
798	6	783	783	0.0001297
798	7	1900	1900	5.91278e-05
798	8	355	355	3.43323e-05
798	9	25299	25299	3.8147e-06
798	10	13	13	0
798	11	50256	50256	0
799	5	7679	7679	9.72748e-05
799	6	42909	42909	8.39233e-05
799	7	881	881	0.000167847
799	8	286	286	5.72205e-06
799	9	262	262	0
799	10	3825	3825	5.14984e-05
799	11	338	338	3.8147e-06
799	12	13568	13568	0.000135422
799	13	49961	49961	4.00543e-05
799	14	11881	11881	0.000106812
799	15	13	13	1.14441e-05
799	16	50256	50256	0
800	5	307	307	0.000148773
800	6	9086	9086	0.000205994
800	7	656	656	1.90735e-06
800	8	2237	2237	0.000457764
800	9	1602	1602	9.53674e-06
800	10	14796	14796	5.14984e-05
800	11	44360	44360	0.000123978
800	12	13	13	0
800	13	50256	50256	0
801	5	287	287	8.2016e-05
801	6	2800	2800	9.15527e-05
801	7	351	351	3.8147e-06
801	8	262	262	0
801	9	2323	2323	8.58307e-05
801	10	13	13	3.8147e-06
801	11	50256	50256	0
802	5	1351	1351	0.000154495
802	6	318	318	0.000150681
802	7	663	663	4.57764e-05
802	8	3504	3504	0.000541687
802	9	1988	1988	0.000360489
802	10	393	393	0.000272751
802	11	262	262	8.96454e-05
802	12	1612	1612	0.000242233
802	13	286	286	6.10352e-05
802	14	663	663	2.47955e-05
802	15	734	734	0.000192642
802	16	3504	3504	0.000204086
802	17	3815	3815	7.24792e-05
802	18	13	13	1.33514e-05
802	19	50256	50256	0
803	5	49586	49586	0.000110626
803	6	422	422	8.96454e-05
803	7	257	257	2.86102e-05
803	8	781	781	0.000242233
803	9	7241	7241	0.000104904
803	10	7679	7679	0.000204086
803	11	1022	1022	3.43323e-05
803	12	6228	6228	8.39233e-05
803	13	15747	15747	0.000148773
803	14	13	13	0
803	15	50256	50256	0
804	5	12834	12834	0.000141144
804	6	8811	8811	3.43323e-05
804	7	925	925	4.00543e-05
804	8	422	422	5.14984e-05
804	9	6147	6147	6.86646e-05
804	10	477	477	5.72205e-05
804	11	19417	19417	4.00543e-05
804	12	13	13	3.8147e-06
804	13	50256	50256	0
805	5	402	402	2.67029e-05
805	6	724	724	2.86102e-05
805	7	1428	1428	0.000110626
805	8	284	284	6.67572e-05
805	9	406	406	0.000236511
805	10	359	359	0.000259399
805	11	541	541	0.000123978
805	12	315	315	0.000400543
805	13	287	287	1.90735e-06
805	14	402	402	2.28882e-05
805	15	724	724	7.82013e-05
805	16	1428	1428	0.000156403
805	17	338	338	2.86102e-05
805	18	48899	48899	4.76837e-05
805	19	13	13	0
805	20	50256	50256	0
806	5	4326	4326	0.000127792
806	6	329	329	7.62939e-06
806	7	2033	2033	9.15527e-05
806	8	286	286	1.90735e-06
806	9	9136	9136	0.000116348
806	10	13	13	5.72205e-06
806	11	50256	50256	0
807	5	3318	3318	0.000453949
807	6	1060	1060	0.000246048
807	7	276	276	0.000188828
807	8	4823	4823	0.000246048
807	9	1231	1231	3.62396e-05
807	10	16006	16006	5.14984e-05
807	11	13	13	1.90735e-06
807	12	50256	50256	0
808	5	832	832	5.72205e-06
808	6	257	257	7.62939e-06
808	7	1429	1429	8.58307e-05
808	8	1444	1444	1.90735e-06
808	9	1007	1007	4.00543e-05
808	10	10514	10514	3.62396e-05
808	11	13	13	0
808	12	50256	50256	0
809	5	318	318	0
809	6	5447	5447	0.000120163
809	7	284	284	8.01086e-05
809	8	307	307	0.00616455
809	9	530	530	1.71661e-05
809	10	13	13	1.90735e-06
809	11	50256	50256	0
810	5	19780	19780	0.000162125
810	6	5822	5822	7.82013e-05
810	7	318	318	1.33514e-05
810	8	7384	7384	4.00543e-05
810	9	290	290	1.71661e-05
810	10	645	645	0.000181198
810	11	2742	2742	0.000185013
810	12	1445	1445	2.47955e-05
810	13	460	460	9.34601e-05
810	14	4781	4781	0.000436783
810	15	262	262	1.14441e-05
810	16	1368	1368	0.000108719
810	17	13	13	0
810	18	50256	50256	0
811	5	4166	4166	9.91821e-05
811	6	257	257	2.09808e-05
811	7	1409	1409	0.000244141
811	8	540	540	0.000104904
811	9	12	12	9.53674e-06
811	10	28469	28469	0.00313187
811	11	12	12	3.8147e-06
811	12	4906	4906	0.000282288
811	13	13570	13570	0.000774384
811	14	1080	1080	0.0001297
811	15	287	287	1.33514e-05
811	16	5515	5515	0.000171661
811	17	20283	20283	4.76837e-05
811	18	12	12	3.8147e-06
811	19	14792	14792	0.000263214
811	20	2031	2031	7.05719e-05
811	21	13	13	0
811	22	50256	50256	0
812	5	503	503	0.000341415
812	6	416	416	1.52588e-05
812	7	2344	2344	0.000333786
812	8	11	11	1.90735e-06
812	9	19435	19435	0.000112534
812	10	11	11	0
812	11	10087	10087	0.000432968
812	12	11	11	0
812	13	393	393	9.34601e-05
812	14	584	584	4.76837e-05
812	15	4695	4695	0.000228882
812	16	13	13	0
812	17	50256	50256	0
813	5	290	290	0
813	6	423	423	9.72748e-05
813	7	511	511	1.52588e-05
813	8	898	898	1.14441e-05
813	9	14599	14599	6.67572e-05
813	10	44935	44935	6.67572e-05
813	11	8573	8573	5.72205e-05
813	12	13	13	0
813	13	50256	50256	0
814	5	1660	1660	5.91278e-05
814	6	338	338	1.52588e-05
814	7	23708	23708	0.00189972
814	8	1029	1029	0.000581741
814	9	24372	24372	0.000368118
814	10	966	966	0.000728607
814	11	3688	3688	8.96454e-05
814	12	351	351	0.000164032
814	13	2092	2092	1.90735e-05
814	14	12	12	7.62939e-06
814	15	13982	13982	0.000154495
814	16	17745	17745	0.000156403
814	17	13	13	0
814	18	50256	50256	0
815	5	3984	3984	0.000106812
815	6	5679	5679	6.48499e-05
815	7	10439	10439	0.000112534
815	8	286	286	1.90735e-06
815	9	262	262	7.62939e-06
815	10	9842	9842	0.000139236
815	11	437	437	0.000125885
815	12	544	544	0.000133514
815	13	1641	1641	3.62396e-05
815	14	13	13	1.90735e-06
815	15	50256	50256	0
816	5	8638	8638	4.19617e-05
816	6	2587	2587	0.000131607
816	7	422	422	5.72205e-06
816	8	530	530	5.72205e-06
816	9	4067	4067	3.24249e-05
816	10	284	284	0
816	11	1194	1194	3.43323e-05
816	12	13	13	5.72205e-06
816	13	50256	50256	0
817	5	9315	9315	5.72205e-05
817	6	6404	6404	5.53131e-05
817	7	859	859	4.00543e-05
817	8	389	389	7.24792e-05
817	9	10730	10730	1.52588e-05
817	10	13	13	1.90735e-06
817	11	50256	50256	0
818	5	3867	3867	0.000106812
818	6	1633	1633	1.52588e-05
818	7	13	13	0
818	8	50256	50256	0
819	5	1232	1232	0.000118256
819	6	2454	2454	0.000106812
819	7	1641	1641	4.19617e-05
819	8	2138	2138	3.24249e-05
819	9	621	621	2.28882e-05
819	10	262	262	1.90735e-06
819	11	5509	5509	7.43866e-05
819	12	6701	6701	0.00030899
819	13	1448	1448	0.000152588
819	14	13	13	0
819	15	50256	50256	7.62939e-06
820	5	2134	2134	0.000112534
820	6	319	319	1.14441e-05
820	7	1194	1194	3.8147e-06
820	8	468	468	0.000270844
820	9	281	281	2.86102e-05
820	10	4961	4961	0.000383377
820	11	290	290	0.000101089
820	12	6697	6697	0.00030899
820	13	5212	5212	8.58307e-05
820	14	2700	2700	0.000209808
820	15	13	13	1.90735e-06
820	16	50256	50256	0
821	5	318	318	9.53674e-06
821	6	1900	1900	4.19617e-05
821	7	329	329	8.96454e-05
821	8	44741	44741	7.62939e-06
821	9	11527	11527	0.000123978
821	10	21641	21641	9.72748e-05
821	11	13	13	0
821	12	50256	50256	0
822	5	2420	2420	0.000658035
822	6	2915	2915	0.000802994
822	7	287	287	0.000143051
822	8	543	543	0.000116348
822	9	14390	14390	0.000110626
822	10	1296	1296	0.000110626
822	11	4263	4263	2.67029e-05
822	12	393	393	0.00230026
822	13	7572	7572	0.000272751
822	14	13	13	7.62939e-06
822	15	50256	50256	0
823	5	1660	1660	0.000125885
823	6	832	832	4.57764e-05
823	7	511	511	0.000265121
823	8	308	308	0.000152588
823	9	2171	2171	4.00543e-05
823	10	13	13	0
823	11	50256	50256	0
824	5	5822	5822	3.62396e-05
824	6	290	290	9.53674e-06
824	7	257	257	0.000114441
824	8	10929	10929	0.000453949
824	9	1141	1141	2.28882e-05
824	10	257	257	5.72205e-06
824	11	2060	2060	4.00543e-05
824	12	19780	19780	0.000146866
824	13	1445	1445	3.8147e-05
824	14	13	13	9.53674e-06
824	15	50256	50256	0
825	5	416	416	2.86102e-05
825	6	38797	38797	5.53131e-05
825	7	278	278	3.05176e-05
825	8	17797	17797	9.91821e-05
825	9	44749	44749	0.000143051
825	10	351	351	7.05719e-05
825	11	257	257	1.71661e-05
825	12	15936	15936	5.53131e-05
825	13	3968	3968	6.67572e-05
825	14	13	13	0
825	15	50256	50256	0
826	5	1111	1111	0.000177383
826	6	21506	21506	0.000123978
826	7	290	290	5.72205e-06
826	8	25794	25794	9.15527e-05
826	9	13	13	1.90735e-06
826	10	50256	50256	0
827	5	393	393	0.000144958
827	6	27756	27756	0.000259399
827	7	351	351	0.000221252
827	8	257	257	0.000120163
827	9	2010	2010	0.000551224
827	10	5186	5186	0.000402451
827	11	3877	3877	0.000185013
827	12	13	13	0
827	13	50256	50256	0
828	5	2401	2401	0.00075531
828	6	2879	2879	0.000665665
828	7	900	900	7.43866e-05
828	8	11	11	7.62939e-06
828	9	1123	1123	0.000112534
828	10	886	886	0.000259399
828	11	286	286	3.8147e-06
828	12	257	257	1.52588e-05
828	13	17763	17763	0.000167847
828	14	2523	2523	0.000177383
828	15	257	257	7.62939e-06
828	16	1271	1271	3.62396e-05
828	17	422	422	4.00543e-05
828	18	6632	6632	0.000448227
828	19	832	832	0.000150681
828	20	2237	2237	0.000413895
828	21	13	13	0
828	22	50256	50256	0
829	5	496	496	0.000171661
829	6	6204	6204	0.000160217
829	7	1474	1474	9.72748e-05
829	8	1944	1944	6.10352e-05
829	9	12	12	1.90735e-06
829	10	820	820	7.05719e-05
829	11	25266	25266	0.000160217
829	12	13	13	0
829	13	50256	50256	0
830	5	262	262	0
830	6	45656	45656	0.000108719
830	7	286	286	1.90735e-06
830	8	1657	1657	0.000162125
830	9	11300	11300	9.53674e-05
830	10	1022	1022	3.24249e-05
830	11	12899	12899	8.2016e-05
830	12	27982	27982	0.000133514
830	13	13	13	3.8147e-06
830	14	50256	50256	0
831	5	36288	36288	7.82013e-05
831	6	423	423	6.86646e-05
831	7	42014	42014	5.53131e-05
831	8	307	307	4.76837e-05
831	9	4730	4730	3.8147e-05
831	10	13	13	0
831	11	50256	50256	0
832	5	21001	21001	0.000190735
832	6	5385	5385	6.10352e-05
832	7	5563	5563	0.000171661
832	8	287	287	1.14441e-05
832	9	4320	4320	1.52588e-05
832	10	2339	2339	3.8147e-05
832	11	14752	14752	5.72205e-06
832	12	13	13	0
832	13	50256	50256	0
833	5	12070	12070	0.000326157
833	6	35901	35901	0.000150681
833	7	12	12	3.8147e-06
833	8	16760	16760	0.000217438
833	9	8849	8849	0.00022316
833	10	656	656	4.00543e-05
833	11	21558	21558	0.000286102
833	12	284	284	0.000259399
833	13	3551	3551	0.00271225
833	14	269	269	1.52588e-05
833	15	1726	1726	4.00543e-05
833	16	6933	6933	7.62939e-06
833	17	13	13	1.90735e-06
833	18	50256	50256	0
834	5	4888	4888	9.72748e-05
834	6	416	416	1.52588e-05
834	7	3644	3644	0.000118256
834	8	4056	4056	0.000137329
834	9	13	13	0
834	10	50256	50256	0
835	5	2700	2700	5.53131e-05
835	6	832	832	1.33514e-05
835	7	1803	1803	0.000110626
835	8	44796	44796	8.2016e-05
835	9	8122	8122	3.8147e-06
835	10	13	13	0
835	11	50256	50256	0
836	5	3877	3877	7.62939e-05
836	6	11	11	5.14984e-05
836	7	981	981	0.000123978
836	8	1237	1237	9.34601e-05
836	9	684	684	0.000246048
836	10	3283	3283	0.000255585
836	11	3967	3967	0.000156403
836	12	5186	5186	0.000154495
836	13	3877	3877	0.000150681
836	14	13	13	0
836	15	50256	50256	0
837	5	2524	2524	3.24249e-05
837	6	287	287	0
837	7	1944	1944	2.09808e-05
837	8	12	12	0
837	9	820	820	1.90735e-05
837	10	7648	7648	8.39233e-05
837	11	13	13	0
837	12	50256	50256	0
838	5	286	286	2.09808e-05
838	6	20422	20422	0.000167847
838	7	11	11	3.8147e-06
838	8	257	257	0.000110626
838	9	46909	46909	7.24792e-05
838	10	38656	38656	0.000347137
838	11	318	318	0.000131607
838	12	10090	10090	0.000255585
838	13	355	355	3.05176e-05
838	14	257	257	1.14441e-05
838	15	4898	4898	0.000326157
838	16	7972	7972	0.000272751
838	17	8875	8875	0.000318527
838	18	13	13	0
838	19	50256	50256	0
839	5	15061	15061	5.34058e-05
839	6	8811	8811	0.000375748
839	7	21126	21126	0.00252724
839	8	656	656	7.05719e-05
839	9	257	257	7.62939e-06
839	10	8234	8234	6.48499e-05
839	11	13	13	1.90735e-06
839	12	50256	50256	0
840	5	1660	1660	0.000318527
840	6	20199	20199	0.000392914
840	7	18190	18190	0.000228882
840	8	4291	4291	9.53674e-06
840	9	4771	4771	0.000230789
840	10	24770	24770	0.000116348
840	11	287	287	9.53674e-06
840	12	15114	15114	8.01086e-05
840	13	13	13	2.09808e-05
840	14	50256	50256	0
841	5	663	663	4.19617e-05
841	6	35988	35988	0.000366211
841	7	11904	11904	0.000150681
841	8	290	290	0
841	9	318	318	0
841	10	407	407	0.000133514
841	11	257	257	3.8147e-06
841	12	8701	8701	0.000202179
841	13	13	13	0.000185013
841	14	50256	50256	0
842	5	71	71	0.000179291
842	6	36417	36417	0.00019455
842	7	287	287	1.33514e-05
842	8	6156	6156	1.14441e-05
842	9	14937	14937	5.14984e-05
842	10	43372	43372	9.15527e-05
842	11	321	321	0.000135422
842	12	666	666	0.000127792
842	13	13399	13399	0.000101089
842	14	13	13	0
842	15	50256	50256	0
843	5	2081	2081	9.91821e-05
843	6	284	284	7.62939e-06
843	7	3991	3991	0.000440598
843	8	290	290	3.8147e-06
843	9	3991	3991	0.000169754
843	10	284	284	7.62939e-06
843	11	2081	2081	0.00257492
843	12	13	13	2.47955e-05
843	13	50256	50256	0
844	5	6268	6268	8.39233e-05
844	6	2173	2173	6.86646e-05
844	7	3812	3812	0.000213623
844	8	262	262	1.90735e-06
844	9	9197	9197	0.0001297
844	10	338	338	5.72205e-06
844	11	3641	3641	6.10352e-05
844	12	13	13	0
844	13	50256	50256	0
845	5	17467	17467	0.000246048
845	6	382	382	0.000133514
845	7	2722	2722	0.000114441
845	8	262	262	3.8147e-06
845	9	20715	20715	7.24792e-05
845	10	15895	15895	6.67572e-05
845	11	287	287	0
845	12	33818	33818	8.96454e-05
845	13	287	287	1.90735e-06
845	14	35145	35145	1.52588e-05
845	15	13	13	3.8147e-06
845	16	50256	50256	0
846	5	44543	44543	4.76837e-05
846	6	4144	4144	0.000108719
846	7	16083	16083	0.0001297
846	8	925	925	2.67029e-05
846	9	422	422	3.24249e-05
846	10	7545	7545	4.57764e-05
846	11	13	13	7.62939e-06
846	12	50256	50256	0
847	5	2033	2033	0.00025177
847	6	286	286	3.8147e-06
847	7	1660	1660	0.000566483
847	8	20199	20199	0.000436783
847	9	287	287	1.14441e-05
847	10	1633	1633	0.000108719
847	11	351	351	0.000400543
847	12	663	663	9.91821e-05
847	13	36275	36275	0.000141144
847	14	2033	2033	0.000228882
847	15	379	379	0.000793457
847	16	262	262	5.72205e-06
847	17	976	976	2.47955e-05
847	18	5951	5951	3.24249e-05
847	19	13	13	0
847	20	50256	50256	0
848	5	976	976	5.91278e-05
848	6	12234	12234	0.000217438
848	7	1988	1988	7.82013e-05
848	8	11	11	1.90735e-06
848	9	257	257	0.000162125
848	10	3074	3074	5.72205e-05
848	11	1444	1444	0
848	12	257	257	3.8147e-06
848	13	17661	17661	0.000104904
848	14	13	13	1.90735e-05
848	15	50256	50256	0
849	5	1205	1205	0.00130081
849	6	287	287	0.000234604
849	7	5055	5055	0.000488281
849	8	393	393	7.62939e-06
849	9	3105	3105	0.000663757
849	10	12	12	9.53674e-06
849	11	31462	31462	0.000411987
849	12	1660	1660	0.000213623
849	13	13	13	0
849	14	50256	50256	0
850	5	656	656	9.53674e-06
850	6	257	257	1.33514e-05
850	7	8122	8122	1.90735e-05
850	8	13	13	3.8147e-06
850	9	50256	50256	0
851	5	10384	10384	0.000219345
851	6	284	284	3.8147e-05
851	7	262	262	0
851	8	6156	6156	4.00543e-05
851	9	15433	15433	0.000144958
851	10	6959	6959	8.58307e-05
851	11	286	286	0
851	12	2011	2011	0.000169754
851	13	66	66	0.00021553
851	14	268	268	9.34601e-05
851	15	3609	3609	7.82013e-05
851	16	13	13	1.90735e-06
851	17	50256	50256	0
852	5	27602	27602	0.000282288
852	6	1084	1084	0.000148773
852	7	515	515	0.000278473
852	8	290	290	1.14441e-05
852	9	16577	16577	0.000110626
852	10	284	284	5.72205e-05
852	11	4439	4439	1.52588e-05
852	12	26868	26868	4.3869e-05
852	13	13	13	0
852	14	50256	50256	0
853	5	319	319	1.33514e-05
853	6	262	262	1.90735e-06
853	7	4013	4013	4.76837e-05
853	8	25986	25986	7.43866e-05
853	9	34603	34603	7.24792e-05
853	10	21891	21891	6.67572e-05
853	11	13	13	3.8147e-06
853	12	50256	50256	0
854	5	36140	36140	0.000263214
854	6	11	11	1.52588e-05
854	7	281	281	3.8147e-06
854	8	19318	19318	0.000679016
854	9	1015	1015	0.000255585
854	10	318	318	4.95911e-05
854	11	9086	9086	0.000326157
854	12	656	656	8.96454e-05
854	13	14104	14104	0.000156403
854	14	4961	4961	8.01086e-05
854	15	5026	5026	0.000339508
854	16	49644	49644	0.000204086
854	17	4831	4831	0.000225067
854	18	13	13	1.33514e-05
854	19	50256	50256	0
855	5	2081	2081	0.000204086
855	6	11135	11135	0.000165939
855	7	1043	1043	5.53131e-05
855	8	287	287	1.90735e-06
855	9	48573	48573	0.000127792
855	10	6134	6134	0.000131607
855	11	13	13	7.62939e-06
855	12	50256	50256	0
856	5	1371	1371	0.000175476
856	6	617	617	8.2016e-05
856	7	1321	1321	5.91278e-05
856	8	422	422	5.72205e-06
856	9	262	262	0
856	10	2656	2656	9.72748e-05
856	11	1366	1366	6.10352e-05
856	12	13	13	2.67029e-05
856	13	50256	50256	0
857	5	83	83	0.000307083
857	6	270	270	8.01086e-05
857	7	9620	9620	2.09808e-05
857	8	287	287	1.90735e-05
857	9	262	262	0
857	10	614	614	4.76837e-05
857	11	1315	1315	4.76837e-05
857	12	2481	2481	4.3869e-05
857	13	13	13	0
857	14	50256	50256	0
858	5	1011	1011	0.000146866
858	6	262	262	5.72205e-06
858	7	2910	2910	0.00012207
858	8	13840	13840	0.000242233
858	9	2622	2622	6.10352e-05
858	10	416	416	4.76837e-05
858	11	867	867	0.000114441
858	12	4693	4693	2.67029e-05
858	13	329	329	4.57764e-05
858	14	5935	5935	4.76837e-05
858	15	3227	3227	6.48499e-05
858	16	13	13	1.14441e-05
858	17	50256	50256	0
859	5	338	338	4.19617e-05
859	6	8137	8137	0.000776291
859	7	42909	42909	0.00111198
859	8	2266	2266	0.00206566
859	9	1657	1657	0.000219345
859	10	290	290	0.000261307
859	11	22625	22625	5.91278e-05
859	12	284	284	7.62939e-06
859	13	663	663	0.000175476
859	14	4171	4171	6.10352e-05
859	15	5585	5585	5.91278e-05
859	16	13	13	0
859	17	50256	50256	7.62939e-06
860	5	281	281	1.33514e-05
860	6	16295	16295	0.000745773
860	7	6140	6140	0.000190735
860	8	318	318	9.53674e-06
860	9	1444	1444	7.62939e-06
860	10	663	663	1.14441e-05
860	11	2962	2962	0.00025177
860	12	13	13	1.90735e-06
860	13	50256	50256	0
861	5	418	418	7.82013e-05
861	6	389	389	4.00543e-05
861	7	262	262	0
861	8	734	734	3.05176e-05
861	9	1402	1402	0.000106812
861	10	31093	31093	0.000112534
861	11	286	286	0
861	12	8706	8706	8.2016e-05
861	13	13	13	0
861	14	50256	50256	0
862	5	12622	12622	0.000101089
862	6	45738	45738	2.47955e-05
862	7	287	287	1.90735e-06
862	8	607	607	1.33514e-05
862	9	5337	5337	1.14441e-05
862	10	45738	45738	2.86102e-05
862	11	13	13	0
862	12	50256	50256	0
863	5	3395	3395	0.000114441
863	6	37670	37670	0.000370026
863	7	5958	5958	0.000108719
863	8	6140	6140	7.43866e-05
863	9	351	351	0
863	10	8547	8547	2.47955e-05
863	11	273	273	0.000217438
863	12	3409	3409	3.8147e-05
863	13	11400	11400	5.14984e-05
863	14	338	338	4.76837e-05
863	15	11359	11359	0.000148773
863	16	13389	13389	6.67572e-05
863	17	13	13	0
863	18	50256	50256	0
864	5	460	460	7.62939e-05
864	6	307	307	0.000160217
864	7	7042	7042	9.91821e-05
864	8	416	416	7.62939e-06
864	9	4375	4375	0.00012207
864	10	262	262	1.33514e-05
864	11	734	734	8.96454e-05
864	12	18148	18148	9.91821e-05
864	13	2846	2846	0.0001297
864	14	284	284	0.000305176
864	15	7330	7330	0.000185013
864	16	262	262	3.8147e-06
864	17	1306	1306	0.000221252
864	18	3381	3381	0.00012207
864	19	13	13	1.90735e-06
864	20	50256	50256	1.90735e-06
865	5	11880	11880	0.000246048
865	6	5419	5419	5.34058e-05
865	7	340	340	6.48499e-05
865	8	2834	2834	0.000276566
865	9	5667	5667	7.24792e-05
865	10	422	422	1.90735e-05
865	11	13737	13737	5.72205e-05
865	12	13	13	1.90735e-06
865	13	50256	50256	0
866	5	6903	6903	2.67029e-05
866	6	318	318	1.33514e-05
866	7	281	281	2.86102e-05
866	8	37287	37287	0.00015831
866	9	9814	9814	3.43323e-05
866	10	15763	15763	2.09808e-05
866	11	13	13	1.90735e-06
866	12	50256	50256	0
867	5	78	78	6.29425e-05
867	6	318	318	0.000154495
867	7	4888	4888	0.000213623
867	8	416	416	3.05176e-05
867	9	16256	16256	0.000146866
867	10	11	11	0
867	11	15336	15336	0.000282288
867	12	11	11	3.8147e-06
867	13	290	290	7.62939e-06
867	14	46070	46070	0.000394821
867	15	72	72	3.8147e-05
867	16	13	13	1.90735e-06
867	17	50256	50256	0
868	5	19435	19435	6.48499e-05
868	6	351	351	1.52588e-05
868	7	9518	9518	6.10352e-05
868	8	5667	5667	1.14441e-05
868	9	13	13	9.53674e-06
868	10	50256	50256	0
869	5	547	547	0.000173569
869	6	14212	14212	0.000102997
869	7	1748	1748	6.29425e-05
869	8	12	12	9.53674e-06
869	9	27219	27219	0.000167847
869	10	287	287	1.90735e-06
869	11	6156	6156	2.67029e-05
869	12	10315	10315	9.72748e-05
869	13	13	13	1.90735e-06
869	14	50256	50256	0
870	5	832	832	8.2016e-05
870	6	262	262	5.72205e-06
870	7	11963	11963	0.000102997
870	8	3356	3356	0.000244141
870	9	286	286	0
870	10	257	257	0
870	11	11711	11711	0.000143051
870	12	13	13	1.90735e-06
870	13	50256	50256	0
871	5	3170	3170	7.82013e-05
871	6	416	416	8.7738e-05
871	7	262	262	5.72205e-06
871	8	3457	3457	0.000242233
871	9	292	292	8.39233e-05
871	10	287	287	1.90735e-06
871	11	262	262	1.90735e-06
871	12	843	843	0.000154495
871	13	274	274	5.53131e-05
871	14	21124	21124	9.72748e-05
871	15	13	13	0
871	16	50256	50256	0
872	5	1729	1729	7.62939e-06
872	6	4164	4164	0.000238419
872	7	18196	18196	0.000200272
872	8	5002	5002	0.00025177
872	9	326	326	3.8147e-05
872	10	318	318	2.28882e-05
872	11	8122	8122	1.33514e-05
872	12	379	379	1.71661e-05
872	13	8850	8850	8.01086e-05
872	14	2119	2119	0.000162125
872	15	5951	5951	2.28882e-05
872	16	13	13	0
872	17	50256	50256	0
873	5	286	286	0
873	6	28722	28722	1.14441e-05
873	7	287	287	0
873	8	257	257	1.90735e-06
873	9	5931	5931	1.14441e-05
873	10	6317	6317	2.09808e-05
873	11	13	13	0
873	12	50256	50256	0
874	5	10947	10947	4.76837e-05
874	6	4046	4046	3.43323e-05
874	7	422	422	1.90735e-05
874	8	7346	7346	3.62396e-05
874	9	27149	27149	9.53674e-06
874	10	13	13	0
874	11	50256	50256	0
875	5	973	973	2.28882e-05
875	6	329	329	9.53674e-06
875	7	35788	35788	1.52588e-05
875	8	4263	4263	2.67029e-05
875	9	13	13	0
875	10	50256	50256	0
876	5	27458	27458	0.000286102
876	6	12	12	7.62939e-06
876	7	11487	11487	0.000833511
876	8	1448	1448	0.000144958
876	9	1690	1690	2.67029e-05
876	10	423	423	1.71661e-05
876	11	2092	2092	5.14984e-05
876	12	5931	5931	0.000228882
876	13	6608	6608	8.2016e-05
876	14	13	13	3.8147e-06
876	15	50256	50256	0
877	5	7306	7306	0.000799179
877	6	3623	3623	1.90735e-06
877	7	379	379	2.86102e-05
877	8	6937	6937	0.000160217
877	9	5951	5951	9.15527e-05
877	10	11	11	3.8147e-06
877	11	3833	3833	0.00019455
877	12	5732	5732	0.000514984
877	13	355	355	7.05719e-05
877	14	6115	6115	0.000102997
877	15	20638	20638	0.000139236
877	16	13	13	0
877	17	50256	50256	0
878	5	1588	1588	0.000341415
878	6	6903	6903	5.14984e-05
878	7	286	286	0
878	8	2258	2258	0.000236511
878	9	5478	5478	0.000120163
878	10	13	13	0
878	11	50256	50256	0
879	5	42909	42909	9.72748e-05
879	6	2568	2568	0.00015831
879	7	422	422	1.90735e-06
879	8	663	663	3.62396e-05
879	9	21334	21334	3.24249e-05
879	10	13	13	0
879	11	50256	50256	0
880	5	7714	7714	3.24249e-05
880	6	3170	3170	2.67029e-05
880	7	1231	1231	4.76837e-05
880	8	29871	29871	4.76837e-05
880	9	13	13	5.72205e-06
880	10	50256	50256	0
881	5	262	262	0
881	6	21189	21189	5.34058e-05
881	7	21226	21226	8.01086e-05
881	8	286	286	3.8147e-06
881	9	867	867	4.3869e-05
881	10	4903	4903	4.3869e-05
881	11	694	694	4.19617e-05
881	12	418	418	0.000169754
881	13	1037	1037	3.05176e-05
881	14	606	606	6.29425e-05
881	15	36331	36331	9.15527e-05
881	16	284	284	1.90735e-06
881	17	16649	16649	8.58307e-05
881	18	13	13	0
881	19	50256	50256	0
882	5	22421	22421	0.000331879
882	6	3025	3025	0.000616074
882	7	7531	7531	0.000350952
882	8	19998	19998	0.000551224
882	9	423	423	0.00021553
882	10	257	257	5.72205e-06
882	11	8064	8064	5.53131e-05
882	12	286	286	3.8147e-06
882	13	734	734	0.000415802
882	14	284	284	0.00050354
882	15	530	530	1.33514e-05
882	16	13	13	0
882	17	50256	50256	0
883	5	2010	2010	4.3869e-05
883	6	5186	5186	4.95911e-05
883	7	3877	3877	9.91821e-05
883	8	13	13	1.90735e-06
883	9	50256	50256	0
884	5	11	11	1.90735e-06
884	6	290	290	2.47955e-05
884	7	21813	21813	4.57764e-05
884	8	4166	4166	8.39233e-05
884	9	422	422	9.53674e-06
884	10	9133	9133	2.67029e-05
884	11	20328	20328	2.47955e-05
884	12	13	13	0
884	13	50256	50256	0
885	5	326	326	5.72205e-06
885	6	257	257	0.00012207
885	7	12649	12649	0.000183105
885	8	460	460	9.34601e-05
885	9	12260	12260	0.000114441
885	10	3264	3264	0.00165939
885	11	13	13	1.90735e-06
885	12	50256	50256	0
886	5	286	286	0
886	6	10529	10529	0.000165939
886	7	893	893	0.000108719
886	8	325	325	0.000204086
886	9	385	385	3.8147e-06
886	10	287	287	0
886	11	262	262	3.8147e-06
886	12	28032	28032	0.000125885
886	13	13	13	1.90735e-06
886	14	50256	50256	0
887	5	2431	2431	4.3869e-05
887	6	13	13	0
887	7	50256	50256	1.90735e-06
888	5	11	11	2.47955e-05
888	6	543	543	0.000101089
888	7	5419	5419	2.28882e-05
888	8	262	262	0
888	9	1767	1767	0.000146866
888	10	16274	16274	6.48499e-05
888	11	27997	27997	7.82013e-05
888	12	13	13	0
888	13	50256	50256	0
889	5	16704	16704	2.47955e-05
889	6	279	279	4.57764e-05
889	7	2150	2150	0.00015831
889	8	1387	1387	6.29425e-05
889	9	422	422	1.90735e-06
889	10	18577	18577	5.72205e-05
889	11	33694	33694	0.000108719
889	12	11904	11904	4.3869e-05
889	13	13	13	0
889	14	50256	50256	0
890	5	388	388	0.000183105
890	6	12007	12007	0.000123978
890	7	1278	1278	0.000305176
890	8	9189	9189	0.000110626
890	9	21592	21592	4.95911e-05
890	10	22830	22830	8.01086e-05
890	11	290	290	1.90735e-06
890	12	584	584	5.72205e-05
890	13	1171	1171	0.000188828
890	14	5444	5444	0.000123978
890	15	9928	9928	5.14984e-05
890	16	13	13	1.90735e-06
890	17	50256	50256	0
891	5	286	286	2.09808e-05
891	6	8031	8031	0.000352859
891	7	11	11	1.14441e-05
891	8	6296	6296	0.000188828
891	9	319	319	4.95911e-05
891	10	262	262	0
891	11	309	309	0.000192642
891	12	1856	1856	0.000127792
891	13	5866	5866	7.62939e-05
891	14	13	13	0
891	15	50256	50256	0
892	5	416	416	3.8147e-06
892	6	763	763	0.000453949
892	7	363	363	0.000307083
892	8	8306	8306	0.000871658
892	9	17797	17797	0.000150681
892	10	7545	7545	5.53131e-05
892	11	290	290	1.90735e-06
892	12	12273	12273	0.000268936
892	13	262	262	2.47955e-05
892	14	7186	7186	0.000139236
892	15	1090	1090	2.67029e-05
892	16	9310	9310	4.00543e-05
892	17	13	13	1.90735e-06
892	18	50256	50256	0
893	5	287	287	9.53674e-06
893	6	23217	23217	0.00019455
893	7	460	460	6.48499e-05
893	8	1037	1037	0.000133514
893	9	2270	2270	0.000177383
893	10	12586	12586	0.000383377
893	11	5475	5475	5.72205e-05
893	12	13	13	1.90735e-06
893	13	50256	50256	0
894	5	832	832	3.8147e-05
894	6	262	262	9.53674e-06
894	7	17661	17661	0.000192642
894	8	286	286	0
894	9	262	262	1.52588e-05
894	10	3942	3942	4.3869e-05
894	11	290	290	7.62939e-06
894	12	35769	35769	0.000106812
894	13	666	666	6.67572e-05
894	14	13375	13375	0.000429153
894	15	13	13	7.62939e-06
894	16	50256	50256	0
895	5	1115	1115	0.000200272
895	6	13043	13043	0.000131607
895	7	326	326	1.33514e-05
895	8	1296	1296	0.000371933
895	9	257	257	0.000188828
895	10	2060	2060	5.14984e-05
895	11	16257	16257	0.000432968
895	12	13	13	0
895	13	50256	50256	0
896	5	8208	8208	0.000188828
896	6	12	12	1.33514e-05
896	7	19412	19412	0.000148773
896	8	7475	7475	0.000244141
896	9	13	13	0
896	10	50256	50256	0
897	5	39880	39880	0.000425339
897	6	460	460	8.01086e-05
897	7	1205	1205	0.000335693
897	8	656	656	3.43323e-05
897	9	257	257	0.000593185
897	10	649	649	0.000102997
897	11	4618	4618	0.00244331
897	12	13	13	1.90735e-06
897	13	50256	50256	0
898	5	1350	1350	4.57764e-05
898	6	900	900	0.000631332
898	7	11597	11597	7.43866e-05
898	8	7218	7218	0.000101089
898	9	22596	22596	3.05176e-05
898	10	1871	1871	6.48499e-05
898	11	28818	28818	6.48499e-05
898	12	2127	2127	0.000185013
898	13	5348	5348	5.53131e-05
898	14	13	13	5.72205e-06
898	15	50256	50256	0
899	5	5838	5838	6.48499e-05
899	6	286	286	0
899	7	38330	38330	9.72748e-05
899	8	287	287	9.53674e-06
899	9	838	838	4.19617e-05
899	10	2791	2791	2.67029e-05
899	11	13	13	0
899	12	50256	50256	0
900	5	11	11	1.90735e-06
900	6	717	717	0.000417709
900	7	12	12	1.33514e-05
900	8	448	448	0.00069046
900	9	16834	16834	0.000318527
900	10	11	11	1.33514e-05
900	11	262	262	9.53674e-06
900	12	14555	14555	0.000146866
900	13	2087	2087	0.000892639
900	14	2378	2378	0.000123978
900	15	318	318	6.86646e-05
900	16	4615	4615	0.000160217
900	17	717	717	0.000324249
900	18	13	13	0
900	19	50256	50256	0
901	5	4180	4180	0.000448227
901	6	30121	30121	6.29425e-05
901	7	319	319	1.90735e-05
901	8	6163	6163	8.58307e-05
901	9	3354	3354	4.95911e-05
901	10	286	286	0
901	11	9664	9664	5.53131e-05
901	12	13	13	0
901	13	50256	50256	0
902	5	3688	3688	4.00543e-05
902	6	284	284	3.8147e-06
902	7	262	262	0
902	8	5485	5485	5.34058e-05
902	9	286	286	1.90735e-06
902	10	257	257	1.90735e-06
902	11	6297	6297	4.95911e-05
902	12	13	13	0
902	13	50256	50256	0
903	5	2318	2318	0.000244141
903	6	19972	19972	0.000171661
903	7	33174	33174	0.000219345
903	8	262	262	5.72205e-06
903	9	5366	5366	3.62396e-05
903	10	16825	16825	8.2016e-05
903	11	286	286	1.90735e-06
903	12	1194	1194	3.8147e-05
903	13	13	13	1.90735e-06
903	14	50256	50256	0
904	5	16122	16122	0.000190735
904	6	11732	11732	0.00041008
904	7	337	337	0.000329971
904	8	5847	5847	0.000238419
904	9	2977	2977	0.000213623
904	10	290	290	1.90735e-06
904	11	383	383	3.8147e-05
904	12	367	367	0.000196457
904	13	3316	3316	0.000102997
904	14	1891	1891	0.000230789
904	15	286	286	5.72205e-06
904	16	23382	23382	0.000295639
904	17	12	12	2.67029e-05
904	18	35	35	0.000209808
904	19	480	480	0.000175476
904	20	13	13	0
904	21	50256	50256	0
905	5	625	625	0.000164032
905	6	3090	3090	3.8147e-05
905	7	287	287	0
905	8	8850	8850	1.14441e-05
905	9	34768	34768	0.000284195
905	10	13	13	1.90735e-06
905	11	50256	50256	0
906	5	284	284	8.96454e-05
906	6	262	262	0
906	7	28761	28761	0.000228882
906	8	576	576	0.000671387
906	9	1448	1448	6.86646e-05
906	10	11	11	0.000274658
906	11	407	407	0.00019455
906	12	262	262	0
906	13	38255	38255	4.95911e-05
906	14	1547	1547	2.86102e-05
906	15	13	13	0
906	16	50256	50256	0
907	5	7861	7861	0.00062561
907	6	11	11	3.8147e-06
907	7	5387	5387	7.43866e-05
907	8	14580	14580	0.000112534
907	9	11	11	1.33514e-05
907	10	290	290	2.28882e-05
907	11	4596	4596	8.58307e-05
907	12	6900	6900	0.000301361
907	13	286	286	5.72205e-06
907	14	19606	19606	0.000118256
907	15	287	287	0
907	16	1660	1660	5.14984e-05
907	17	3102	3102	0.000400543
907	18	46916	46916	8.2016e-05
907	19	13	13	0
907	20	50256	50256	0
908	5	3881	3881	0.00150871
908	6	1296	1296	0.000209808
908	7	257	257	3.43323e-05
908	8	4417	4417	0.000213623
908	9	7679	7679	4.57764e-05
908	10	1444	1444	9.15527e-05
908	11	842	842	0.000114441
908	12	21446	21446	0.000259399
908	13	319	319	1.71661e-05
908	14	262	262	3.8147e-06
908	15	6869	6869	0.000144958
908	16	13	13	5.72205e-06
908	17	50256	50256	0
909	5	286	286	1.33514e-05
909	6	257	257	5.34058e-05
909	7	35991	35991	0.000255585
909	8	423	423	0.000574112
909	9	4961	4961	8.01086e-05
909	10	20428	20428	6.67572e-05
909	11	13	13	0
909	12	50256	50256	0
910	5	10349	10349	0.000165939
910	6	618	618	2.47955e-05
910	7	663	663	0.000118256
910	8	5002	5002	2.86102e-05
910	9	48813	48813	0.000154495
910	10	422	422	8.2016e-05
910	11	13181	13181	4.19617e-05
910	12	1459	1459	0.000110626
910	13	13	13	0
910	14	50256	50256	0
911	5	3623	3623	7.05719e-05
911	6	25037	25037	0.000228882
911	7	13640	13640	0.000247955
911	8	355	355	2.67029e-05
911	9	44030	44030	0.00043869
911	10	3881	3881	0.000221252
911	11	4735	4735	0.000524521
911	12	6945	6945	4.00543e-05
911	13	13	13	1.90735e-06
911	14	50256	50256	0
912	5	12269	12269	0.000162125
912	6	11	11	7.05719e-05
912	7	1660	1660	7.24792e-05
912	8	11	11	0
912	9	290	290	2.09808e-05
912	10	38084	38084	0.000114441
912	11	14093	14093	3.8147e-05
912	12	1818	1818	4.57764e-05
912	13	13	13	0
912	14	50256	50256	0
913	5	689	689	0.000303268
913	6	9664	9664	0.000150681
913	7	351	351	2.28882e-05
913	8	28096	28096	8.7738e-05
913	9	925	925	2.47955e-05
913	10	1262	1262	9.91821e-05
913	11	257	257	1.90735e-06
913	12	17598	17598	0.000192642
913	13	290	290	7.62939e-06
913	14	4704	4704	0.000278473
913	15	13	13	7.62939e-06
913	16	50256	50256	0
914	5	2057	2057	0.000209808
914	6	422	422	3.24249e-05
914	7	1660	1660	6.29425e-05
914	8	351	351	0.000295639
914	9	13375	13375	0.00030899
914	10	287	287	3.05176e-05
914	11	511	511	9.53674e-06
914	12	28552	28552	6.67572e-05
914	13	13	13	0
914	14	50256	50256	0
915	5	262	262	0
915	6	3463	3463	0.000162125
915	7	286	286	1.90735e-06
915	8	262	262	0
915	9	11711	11711	0.000236511
915	10	20085	20085	8.2016e-05
915	11	416	416	2.47955e-05
915	12	281	281	9.15527e-05
915	13	2134	2134	0.000226974
915	14	13	13	1.33514e-05
915	15	50256	50256	0
916	5	262	262	3.8147e-06
916	6	12108	12108	7.43866e-05
916	7	286	286	1.14441e-05
916	8	17837	17837	0.000415802
916	9	11	11	3.8147e-06
916	10	318	318	0
916	11	17837	17837	6.86646e-05
916	12	338	338	7.62939e-06
916	13	3139	3139	1.71661e-05
916	14	13	13	1.90735e-06
916	15	50256	50256	0
917	5	37270	37270	4.00543e-05
917	6	11	11	1.52588e-05
917	7	30872	30872	0.000101089
917	8	11	11	1.90735e-06
917	9	290	290	0
917	10	21506	21506	9.53674e-05
917	11	13	13	0
917	12	50256	50256	0
918	5	3668	3668	0.000228882
918	6	8318	8318	0.000108719
918	7	832	832	0.000120163
918	8	16468	16468	0.000146866
918	9	1364	1364	3.24249e-05
918	10	416	416	7.62939e-06
918	11	401	401	0.000181198
918	12	1039	1039	2.86102e-05
918	13	13	13	0
918	14	50256	50256	0
919	5	44741	44741	5.91278e-05
919	6	17757	17757	8.7738e-05
919	7	319	319	5.72205e-06
919	8	4849	4849	5.14984e-05
919	9	47967	47967	3.8147e-05
919	10	28847	28847	3.05176e-05
919	11	287	287	1.33514e-05
919	12	4492	4492	5.72205e-05
919	13	13	13	1.33514e-05
919	14	50256	50256	0
920	5	350	350	0.000219345
920	6	9160	9160	8.96454e-05
920	7	373	373	8.39233e-05
920	8	3170	3170	2.86102e-05
920	9	355	355	1.14441e-05
920	10	257	257	0
920	11	8966	8966	0.000108719
920	12	10580	10580	3.62396e-05
920	13	13	13	0
920	14	50256	50256	0
921	5	257	257	1.14441e-05
921	6	5252	5252	5.53131e-05
921	7	33413	33413	7.24792e-05
921	8	8902	8902	5.53131e-05
921	9	351	351	3.8147e-06
921	10	281	281	0
921	11	18762	18762	1.52588e-05
921	12	2890	2890	3.8147e-05
921	13	5797	5797	1.90735e-05
921	14	13	13	0
921	15	50256	50256	1.90735e-06
922	5	1811	1811	3.8147e-05
922	6	6300	6300	1.71661e-05
922	7	286	286	5.72205e-06
922	8	262	262	0
922	9	2939	2939	2.47955e-05
922	10	1444	1444	7.62939e-06
922	11	383	383	2.28882e-05
922	12	36306	36306	3.8147e-05
922	13	13	13	0
922	14	50256	50256	0
923	5	460	460	9.53674e-06
923	6	2620	2620	5.72205e-05
923	7	257	257	2.09808e-05
923	8	2700	2700	0.000118256
923	9	338	338	3.8147e-06
923	10	6225	6225	0.000228882
923	11	1245	1245	0.000185013
923	12	13	13	1.90735e-06
923	13	50256	50256	0
924	5	286	286	1.90735e-06
924	6	262	262	9.53674e-06
924	7	3624	3624	9.15527e-05
924	8	14705	14705	0.000154495
924	9	287	287	3.8147e-06
924	10	674	674	6.29425e-05
924	11	6591	6591	4.3869e-05
924	12	1080	1080	0.000118256
924	13	13	13	1.90735e-06
924	14	50256	50256	0
925	5	42742	42742	5.91278e-05
925	6	656	656	4.00543e-05
925	7	734	734	7.82013e-05
925	8	4957	4957	4.57764e-05
925	9	17751	17751	4.3869e-05
925	10	72	72	1.71661e-05
925	11	13	13	1.90735e-06
925	12	50256	50256	0
926	5	257	257	0.000883102
926	6	41236	41236	0.000249863
926	7	338	338	3.8147e-06
926	8	4417	4417	0.000278473
926	9	389	389	8.01086e-05
926	10	7009	7009	3.24249e-05
926	11	1981	1981	0.000133514
926	12	15921	15921	4.57764e-05
926	13	13	13	0
926	14	50256	50256	0
927	5	286	286	1.90735e-06
927	6	262	262	3.8147e-06
927	7	39046	39046	0.00021553
927	8	973	973	6.10352e-05
927	9	416	416	3.62396e-05
927	10	867	867	0.000123978
927	11	5044	5044	0.000211716
927	12	4778	4778	3.8147e-05
927	13	13	13	1.90735e-06
927	14	50256	50256	0
928	5	5496	5496	9.53674e-05
928	6	326	326	1.71661e-05
928	7	460	460	1.52588e-05
928	8	2291	2291	5.53131e-05
928	9	6134	6134	2.47955e-05
928	10	11	11	3.8147e-06
928	11	5916	5916	9.72748e-05
928	12	11	11	5.72205e-06
928	13	290	290	1.90735e-06
928	14	23426	23426	6.29425e-05
928	15	13	13	0
928	16	50256	50256	0
929	5	287	287	3.8147e-06
929	6	40941	40941	0.000143051
929	7	15190	15190	4.19617e-05
929	8	290	290	1.90735e-06
929	9	24768	24768	3.8147e-05
929	10	13	13	0
929	11	50256	50256	0
930	5	2081	2081	8.7738e-05
930	6	691	691	4.57764e-05
930	7	618	618	0.000102997
930	8	1111	1111	0.000225067
930	9	286	286	3.43323e-05
930	10	663	663	1.14441e-05
930	11	17311	17311	9.91821e-05
930	12	389	389	5.72205e-06
930	13	2081	2081	9.34601e-05
930	14	13	13	1.90735e-06
930	15	50256	50256	0
931	5	3597	3597	7.05719e-05
931	6	1080	1080	0.000167847
931	7	973	973	4.00543e-05
931	8	329	329	4.19617e-05
931	9	6983	6983	4.3869e-05
931	10	13	13	9.53674e-06
931	11	50256	50256	0
932	5	262	262	7.62939e-06
932	6	976	976	2.28882e-05
932	7	6115	6115	1.90735e-05
932	8	355	355	1.14441e-05
932	9	530	530	3.8147e-06
932	10	27216	27216	5.72205e-05
932	11	1247	1247	5.72205e-05
932	12	16912	16912	0.000394821
932	13	13	13	7.62939e-06
932	14	50256	50256	0
933	5	416	416	9.53674e-06
933	6	530	530	4.19617e-05
933	7	5667	5667	4.00543e-05
933	8	326	326	3.8147e-06
933	9	1271	1271	0.000278473
933	10	21588	21588	1.14441e-05
933	11	13	13	0
933	12	50256	50256	0
934	5	17825	17825	2.67029e-05
934	6	287	287	9.53674e-06
934	7	294	294	7.62939e-06
934	8	6037	6037	9.53674e-06
934	9	13	13	3.8147e-06
934	10	50256	50256	0
935	5	3878	3878	0.000162125
935	6	17084	17084	0.000188828
935	7	318	318	0
935	8	257	257	0.000226974
935	9	4898	4898	9.53674e-06
935	10	9967	9967	0.000110626
935	11	3601	3601	3.43323e-05
935	12	11	11	2.28882e-05
935	13	407	407	2.67029e-05
935	14	281	281	3.8147e-05
935	15	3056	3056	0.000112534
935	16	12036	12036	0.000116348
935	17	13	13	3.8147e-06
935	18	50256	50256	0
936	5	416	416	1.90735e-06
936	6	14583	14583	9.91821e-05
936	7	257	257	1.14441e-05
936	8	6314	6314	0.000102997
936	9	379	379	4.19617e-05
936	10	511	511	4.57764e-05
936	11	27390	27390	0.000181198
936	12	16649	16649	3.8147e-05
936	13	13	13	3.8147e-06
936	14	50256	50256	0
937	5	11	11	3.8147e-06
937	6	1444	1444	1.14441e-05
937	7	262	262	0.000101089
937	8	1162	1162	0.000226974
937	9	4450	4450	0.000291824
937	10	11	11	5.72205e-06
937	11	318	318	1.90735e-06
937	12	37546	37546	0.000415802
937	13	621	621	3.43323e-05
937	14	663	663	0
937	15	7424	7424	0.000404358
937	16	4417	4417	0.00041008
937	17	13	13	0
937	18	50256	50256	0
938	5	281	281	0.000104904
938	6	2134	2134	7.62939e-05
938	7	338	338	1.90735e-06
938	8	15432	15432	8.7738e-05
938	9	2458	2458	4.00543e-05
938	10	351	351	1.71661e-05
938	11	640	640	6.67572e-05
938	12	13	13	0
938	13	50256	50256	0
939	5	37008	37008	0.000205994
939	6	379	379	5.72205e-05
939	7	5043	5043	0.000102997
939	8	286	286	0
939	9	2910	2910	4.95911e-05
939	10	8837	8837	4.95911e-05
939	11	5095	5095	0.000101089
939	12	13	13	0
939	13	50256	50256	0
940	5	286	286	1.71661e-05
940	6	987	987	0.000347137
940	7	48331	48331	0.000143051
940	8	4847	4847	0.000200272
940	9	351	351	1.71661e-05
940	10	257	257	4.3869e-05
940	11	3867	3867	0.000228882
940	12	28982	28982	0.000257492
940	13	13	13	0
940	14	50256	50256	0
941	5	257	257	3.8147e-06
941	6	22746	22746	2.28882e-05
941	7	656	656	5.72205e-06
941	8	42713	42713	1.52588e-05
941	9	13	13	1.90735e-06
941	10	50256	50256	0
942	5	257	257	2.28882e-05
942	6	1729	1729	6.10352e-05
942	7	22570	22570	2.67029e-05
942	8	1271	1271	3.24249e-05
942	9	3607	3607	0.000267029
942	10	6632	6632	0.000123978
942	11	13	13	2.47955e-05
942	12	50256	50256	0
943	5	1588	1588	7.43866e-05
943	6	24969	24969	0.000291824
943	7	602	602	4.57764e-05
943	8	618	618	1.90735e-05
943	9	257	257	0
943	10	1080	1080	0.000303268
943	11	318	318	4.00543e-05
943	12	7986	7986	0.00028038
943	13	1474	1474	0.000574112
943	14	257	257	9.53674e-06
943	15	3288	3288	0.000236511
943	16	8373	8373	0.000211716
943	17	13	13	0
943	18	50256	50256	0
944	5	2278	2278	0.000406265
944	6	618	618	0.000167847
944	7	257	257	2.67029e-05
944	8	636	636	6.86646e-05
944	9	318	318	1.71661e-05
944	10	10574	10574	4.00543e-05
944	11	13	13	0
944	12	50256	50256	0
945	5	11	11	9.72748e-05
945	6	47394	47394	4.57764e-05
945	7	507	507	9.15527e-05
945	8	389	389	4.57764e-05
945	9	610	610	0.000123978
945	10	620	620	6.10352e-05
945	11	77	77	8.2016e-05
945	12	2340	2340	0.000160217
945	13	2138	2138	1.14441e-05
945	14	621	621	1.14441e-05
945	15	19435	19435	0.000114441
945	16	13	13	3.24249e-05
945	17	50256	50256	0
946	5	5101	5101	0.000135422
946	6	290	290	1.90735e-06
946	7	734	734	0.000146866
946	8	2392	2392	2.09808e-05
946	9	13017	13017	8.96454e-05
946	10	41192	41192	0.000139236
946	11	13	13	0
946	12	50256	50256	0
947	5	5389	5389	0.00043869
947	6	290	290	1.33514e-05
947	7	1440	1440	7.62939e-06
947	8	826	826	0.000482559
947	9	18333	18333	0.000141144
947	10	13	13	1.52588e-05
947	11	50256	50256	0
948	5	4778	4778	0.000272751
948	6	7685	7685	0.000299454
948	7	3994	3994	0.000198364
948	8	6337	6337	0.00195503
948	9	42742	42742	0.000198364
948	10	13	13	3.8147e-06
948	11	50256	50256	0
949	5	286	286	1.90735e-06
949	6	1402	1402	3.05176e-05
949	7	19468	19468	0.000160217
949	8	5028	5028	0.000318527
949	9	16083	16083	0.000120163
949	10	925	925	7.62939e-06
949	11	422	422	1.14441e-05
949	12	5026	5026	0.000141144
949	13	47196	47196	0.000127792
949	14	13	13	0
949	15	50256	50256	0
950	5	11	11	4.19617e-05
950	6	530	530	1.90735e-06
950	7	256	256	0.000486374
950	8	478	478	0.00044632
950	9	9229	9229	0.000131607
950	10	7480	7480	0.000110626
950	11	1715	1715	0.000120163
950	12	2412	2412	0.000242233
950	13	11061	11061	7.05719e-05
950	14	1194	1194	5.72205e-06
950	15	13	13	2.67029e-05
950	16	50256	50256	0
951	5	13017	13017	9.72748e-05
951	6	6958	6958	6.29425e-05
951	7	1626	1626	3.43323e-05
951	8	281	281	1.33514e-05
951	9	13187	13187	0.000104904
951	10	13	13	0
951	11	50256	50256	0
952	5	262	262	0
952	6	1767	1767	4.76837e-05
952	7	338	338	8.58307e-05
952	8	10900	10900	0.000120163
952	9	18370	18370	4.00543e-05
952	10	13	13	0
952	11	50256	50256	0
953	5	10816	10816	0.00028801
953	6	34537	34537	0.000143051
953	7	1900	1900	3.05176e-05
953	8	329	329	7.82013e-05
953	9	1588	1588	0.000171661
953	10	4636	4636	3.8147e-05
953	11	874	874	0.000177383
953	12	13	13	0
953	13	50256	50256	0
954	5	3994	3994	0.000167847
954	6	5348	5348	6.67572e-05
954	7	286	286	0.000125885
954	8	9838	9838	0.000179291
954	9	5773	5773	0.000114441
954	10	290	290	0
954	11	300	300	0.000391006
954	12	12009	12009	5.14984e-05
954	13	7408	7408	0.000101089
954	14	11492	11492	0.000261307
954	15	13	13	3.43323e-05
954	16	50256	50256	0
955	5	48573	48573	6.86646e-05
955	6	4618	4618	0.000528336
955	7	338	338	1.90735e-06
955	8	19643	19643	0.000335693
955	9	2261	2261	8.58307e-05
955	10	460	460	5.14984e-05
955	11	1205	1205	8.2016e-05
955	12	656	656	0.000137329
955	13	257	257	7.43866e-05
955	14	9403	9403	0.000114441
955	15	13	13	0
955	16	50256	50256	0
956	5	1663	1663	0.000305176
956	6	287	287	0.000139236
956	7	17475	17475	0.000169754
956	8	12493	12493	0.00206375
956	9	12824	12824	0.000192642
956	10	416	416	9.53674e-06
956	11	8268	8268	0.000185013
956	12	1660	1660	0.000171661
956	13	13	13	0
956	14	50256	50256	0
957	5	12	12	1.90735e-06
957	6	46155	46155	0.000349045
957	7	1296	1296	0.000181198
957	8	286	286	1.90735e-06
957	9	7729	7729	0.000160217
957	10	3194	3194	7.43866e-05
957	11	287	287	7.62939e-06
957	12	257	257	9.34601e-05
957	13	8300	8300	8.96454e-05
957	14	3303	3303	0.000169754
957	15	13	13	5.72205e-06
957	16	50256	50256	0
958	5	905	905	0.000112534
958	6	281	281	4.00543e-05
958	7	21388	21388	0.000102997
958	8	18032	18032	0.000593185
958	9	12	12	1.90735e-06
958	10	489	489	0.000156403
958	11	1523	1523	4.57764e-05
958	12	2776	2776	3.62396e-05
958	13	287	287	0
958	14	3594	3594	0.000177383
958	15	13	13	0
958	16	50256	50256	0
959	5	11	11	1.90735e-06
959	6	290	290	4.76837e-05
959	7	1395	1395	0.000398636
959	8	12	12	7.82013e-05
959	9	20477	20477	0.000152588
959	10	5594	5594	0.000444412
959	11	284	284	3.05176e-05
959	12	262	262	0
959	13	976	976	0.000108719
959	14	31094	31094	0.000295639
959	15	10958	10958	5.72205e-05
959	16	13	13	0
959	17	50256	50256	0
960	5	14795	14795	0.000137329
960	6	3754	3754	0.000183105
960	7	11694	11694	0.000106812
960	8	36103	36103	0.000307083
960	9	4178	4178	1.14441e-05
960	10	287	287	0
960	11	9225	9225	1.71661e-05
960	12	18671	18671	1.71661e-05
960	13	13	13	0
960	14	50256	50256	0
961	5	257	257	4.19617e-05
961	6	1486	1486	0.000167847
961	7	416	416	5.91278e-05
961	8	5086	5086	0.000104904
961	9	2587	2587	0.000213623
961	10	284	284	1.90735e-06
961	11	1208	1208	7.62939e-05
961	12	832	832	9.53674e-06
961	13	6163	6163	0.000101089
961	14	28431	28431	0.000385284
961	15	13	13	1.90735e-06
961	16	50256	50256	0
962	5	257	257	1.52588e-05
962	6	9314	9314	0.000133514
962	7	11	11	7.62939e-06
962	8	6149	6149	0.00019455
962	9	4269	4269	4.3869e-05
962	10	286	286	0
962	11	9881	9881	0.000349045
962	12	13	13	0
962	13	50256	50256	0
963	5	22532	22532	0.000108719
963	6	7475	7475	0.000135422
963	7	287	287	1.14441e-05
963	8	281	281	3.8147e-06
963	9	3594	3594	0.000238419
963	10	36246	36246	0.000211716
963	11	13	13	1.90735e-06
963	12	50256	50256	0
964	5	734	734	4.3869e-05
964	6	8950	8950	0.000152588
964	7	13	13	0
964	8	50256	50256	0
965	5	867	867	0.000162125
965	6	5667	5667	2.09808e-05
965	7	511	511	0.000156403
965	8	16704	16704	3.43323e-05
965	9	4077	4077	7.43866e-05
965	10	3124	3124	0.000112534
965	11	13	13	0
965	12	50256	50256	0
966	5	284	284	7.62939e-05
966	6	11945	11945	0.000160217
966	7	287	287	0.000144958
966	8	262	262	0
966	9	1692	1692	0.000324249
966	10	1767	1767	0.000116348
966	11	13	13	0
966	12	50256	50256	0
967	5	5419	5419	0.000152588
967	6	3608	3608	9.91821e-05
967	7	262	262	5.72205e-06
967	8	1692	1692	0.000181198
967	9	1767	1767	2.28882e-05
967	10	13	13	0
967	11	50256	50256	0
968	5	663	663	5.72205e-06
968	6	20884	20884	3.24249e-05
968	7	966	966	3.62396e-05
968	8	13	13	9.53674e-06
968	9	50256	50256	0
969	5	9368	9368	0.000118256
969	6	5374	5374	0.000146866
969	7	83	83	0.000276566
969	8	270	270	0.000123978
969	9	9620	9620	0.000104904
969	10	6204	6204	0.000139236
969	11	319	319	5.72205e-06
969	12	281	281	7.62939e-06
969	13	7022	7022	0.000473022
969	14	287	287	0.000123978
969	15	6233	6233	4.00543e-05
969	16	3567	3567	6.48499e-05
969	17	66	66	0.000102997
969	18	25634	25634	3.24249e-05
969	19	13	13	0
969	20	50256	50256	0
970	5	511	511	2.67029e-05
970	6	30514	30514	8.01086e-05
970	7	284	284	1.90735e-06
970	8	6654	6654	0.000123978
970	9	23311	23311	3.62396e-05
970	10	13	13	0
970	11	50256	50256	0
971	5	13055	13055	4.3869e-05
971	6	262	262	0
971	7	18560	18560	6.10352e-05
971	8	1900	1900	3.62396e-05
971	9	355	355	3.8147e-06
971	10	262	262	0
971	11	2892	2892	8.96454e-05
971	12	64	64	0.000104904
971	13	15378	15378	2.09808e-05
971	14	13	13	7.62939e-05
971	15	50256	50256	0
972	5	262	262	9.72748e-05
972	6	7475	7475	0.000253677
972	7	286	286	1.90735e-06
972	8	257	257	7.43866e-05
972	9	1573	1573	0.000457764
972	10	393	393	0.0818291
972	11	9546	9546	0.0459557
972	12	284	284	4.76837e-05
972	13	1296	1296	0.00312805
972	14	1194	1194	0.00612068
972	15	13888	13888	0.000904083
972	16	13	13	0
972	17	50256	50256	0
973	5	4886	4886	0.000452042
973	6	23221	23221	0.000450134
973	7	2458	2458	0.000137329
973	8	284	284	2.47955e-05
973	9	257	257	0.000566483
973	10	2512	2512	0.000370026
973	11	286	286	9.53674e-06
973	12	1366	1366	0.000307083
973	13	13	13	0
973	14	50256	50256	0
974	5	16577	16577	0.00116158
974	6	336	336	0.000495911
974	7	328	328	0.00113487
974	8	5356	5356	0.000337601
974	9	34262	34262	0.000333786
974	10	422	422	1.71661e-05
974	11	257	257	7.62939e-06
974	12	4693	4693	0.000232697
974	13	286	286	0
974	14	6763	6763	0.000507355
974	15	9042	9042	5.72205e-05
974	16	13	13	0
974	17	50256	50256	0
975	5	2344	2344	3.43323e-05
975	6	18190	18190	0.000150681
975	7	22425	22425	6.48499e-05
975	8	6450	6450	0.000112534
975	9	13	13	9.53674e-06
975	10	50256	50256	0
976	5	20838	20838	0.000204086
976	6	11	11	0.000333786
976	7	16397	16397	0.000154495
976	8	11	11	3.8147e-06
976	9	290	290	3.8147e-06
976	10	449	449	0.000116348
976	11	391	391	0.000339508
976	12	28814	28814	0.00110054
976	13	13	13	0
976	14	50256	50256	0
977	5	290	290	0
977	6	39381	39381	0.000135422
977	7	11061	11061	7.62939e-05
977	8	3668	3668	0.000114441
977	9	338	338	0
977	10	4417	4417	3.8147e-06
977	11	13	13	0
977	12	50256	50256	0
978	5	2128	2128	0.000173569
978	6	618	618	7.24792e-05
978	7	1633	1633	5.72205e-05
978	8	318	318	5.91278e-05
978	9	7924	7924	0.000120163
978	10	1973	1973	9.72748e-05
978	11	262	262	5.72205e-06
978	12	5743	5743	9.34601e-05
978	13	286	286	0
978	14	663	663	2.47955e-05
978	15	5422	5422	0.000179291
978	16	7604	7604	0.000291824
978	17	13	13	1.90735e-06
978	18	50256	50256	0
979	5	21558	21558	0.000146866
979	6	416	416	3.24249e-05
979	7	9645	9645	0.000185013
979	8	340	340	0.000146866
979	9	287	287	7.62939e-06
979	10	257	257	0
979	11	8769	8769	9.72748e-05
979	12	77	77	0.00031662
979	13	13	13	0
979	14	50256	50256	0
980	5	1146	1146	0.000183105
980	6	5047	5047	0.000164032
980	7	13166	13166	3.05176e-05
980	8	23537	23537	0.00019455
980	9	422	422	4.3869e-05
980	10	262	262	5.72205e-06
980	11	3825	3825	2.86102e-05
980	12	13	13	0
980	13	50256	50256	0
981	5	286	286	2.28882e-05
981	6	17322	17322	0.000204086
981	7	11	11	3.62396e-05
981	8	7363	7363	0.000144958
981	9	319	319	1.52588e-05
981	10	262	262	0
981	11	6035	6035	0.000135422
981	12	3266	3266	0.000110626
981	13	5866	5866	0.000162125
981	14	13	13	1.90735e-06
981	15	50256	50256	0
982	5	373	373	6.29425e-05
982	6	925	925	4.19617e-05
982	7	329	329	1.90735e-05
982	8	262	262	3.8147e-06
982	9	22234	22234	9.91821e-05
982	10	3716	3716	5.72205e-05
982	11	286	286	0
982	12	31482	31482	0.000108719
982	13	16380	16380	4.19617e-05
982	14	31663	31663	3.24249e-05
982	15	13	13	0
982	16	50256	50256	0
983	5	393	393	3.24249e-05
983	6	9421	9421	5.34058e-05
983	7	1063	1063	3.24249e-05
983	8	13	13	1.90735e-06
983	9	50256	50256	0
984	5	2134	2134	3.8147e-05
984	6	338	338	1.90735e-06
984	7	6268	6268	5.34058e-05
984	8	3585	3585	0.000310898
984	9	284	284	3.62396e-05
984	10	262	262	7.62939e-06
984	11	7346	7346	4.19617e-05
984	12	1633	1633	8.58307e-05
984	13	13	13	0
984	14	50256	50256	0
985	5	1123	1123	0.000644684
985	6	5752	5752	0.000429153
985	7	11	11	1.90735e-06
985	8	5721	5721	0.00103188
985	9	11	11	1.52588e-05
985	10	290	290	9.53674e-06
985	11	1115	1115	2.86102e-05
985	12	12	12	1.90735e-06
985	13	1525	1525	0.000679016
985	14	12	12	0
985	15	15542	15542	0.000144958
985	16	3091	3091	0.000190735
985	17	4909	4909	0.000349045
985	18	262	262	5.72205e-06
985	19	19561	19561	6.48499e-05
985	20	530	530	9.53674e-06
985	21	832	832	0.000139236
985	22	5193	5193	0.00022316
985	23	1752	1752	0.000169754
985	24	1123	1123	4.57764e-05
985	25	13	13	0
985	26	50256	50256	0
986	5	4909	4909	0.0004673
986	6	1115	1115	0.000183105
986	7	12785	12785	0.000143051
986	8	14729	14729	0.000118256
986	9	286	286	5.72205e-06
986	10	5100	5100	6.48499e-05
986	11	7475	7475	0.000108719
986	12	13	13	0
986	13	50256	50256	0
987	5	734	734	0.000133514
987	6	3967	3967	6.29425e-05
987	7	2659	2659	6.86646e-05
987	8	271	271	0.000171661
987	9	669	669	0.000171661
987	10	13	13	1.14441e-05
987	11	50256	50256	0
988	5	286	286	0
988	6	257	257	5.72205e-06
988	7	19690	19690	0.00199509
988	8	1683	1683	0.000694275
988	9	14809	14809	0.000230789
988	10	5509	5509	0.000141144
988	11	13	13	0
988	12	50256	50256	0
989	5	7135	7135	0.000101089
989	6	314	314	0.000234604
989	7	48476	48476	0.000131607
989	8	14664	14664	5.34058e-05
989	9	286	286	0
989	10	23519	23519	0.000118256
989	11	13	13	1.90735e-06
989	12	50256	50256	0
990	5	19942	19942	2.28882e-05
990	6	326	326	7.62939e-06
990	7	3994	3994	0.000102997
990	8	663	663	3.24249e-05
990	9	11904	11904	5.53131e-05
990	10	13	13	0
990	11	50256	50256	0
991	5	3146	3146	0.00193214
991	6	11	11	0
991	7	262	262	6.86646e-05
991	8	34768	34768	0.000289917
991	9	1612	1612	7.24792e-05
991	10	318	318	7.62939e-06
991	11	511	511	0.000375748
991	12	2160	2160	0.000177383
991	13	9086	9086	0.000743866
991	14	416	416	4.95911e-05
991	15	511	511	0.000637054
991	16	954	954	0.00012207
991	17	13	13	0
991	18	50256	50256	0
992	5	291	291	5.91278e-05
992	6	2456	2456	0.000148773
992	7	44638	44638	0.000192642
992	8	393	393	0.000190735
992	9	1950	1950	0.000211716
992	10	5238	5238	0.000192642
992	11	11	11	1.14441e-05
992	12	355	355	2.28882e-05
992	13	14713	14713	9.15527e-05
992	14	857	857	0.000183105
992	15	13	13	1.90735e-06
992	16	50256	50256	0
993	5	5485	5485	8.39233e-05
993	6	284	284	6.29425e-05
993	7	1037	1037	0.000171661
993	8	2962	2962	0.000185013
993	9	319	319	4.57764e-05
993	10	5563	5563	0.000133514
993	11	379	379	3.8147e-05
993	12	1180	1180	1.90735e-06
993	13	18868	18868	0.000154495
993	14	13	13	5.53131e-05
993	15	50256	50256	0
994	5	47306	47306	0.000143051
994	6	2427	2427	0.000127792
994	7	286	286	3.8147e-06
994	8	9194	9194	0.00100708
994	9	12734	12734	0.000291824
994	10	393	393	0.000185013
994	11	11904	11904	0.000123978
994	12	13	13	0
994	13	50256	50256	0
995	5	20462	20462	0.000238419
995	6	416	416	0.000106812
995	7	18381	18381	8.58307e-05
995	8	449	449	6.29425e-05
995	9	19210	19210	8.01086e-05
995	10	287	287	7.62939e-06
995	11	4088	4088	0.00015831
995	12	286	286	1.14441e-05
995	13	38367	38367	0.000179291
995	14	83	83	0.003685
995	15	1031	1031	0.000196457
995	16	8882	8882	0.000228882
995	17	282	282	0.000370026
995	18	13	13	0
995	19	50256	50256	0
996	5	9151	9151	0.000246048
996	6	4417	4417	0.000104904
996	7	290	290	1.90735e-05
996	8	18616	18616	0.000270844
996	9	867	867	0.000583649
996	10	5385	5385	0.000238419
996	11	5417	5417	0.000234604
996	12	9813	9813	9.91821e-05
996	13	13	13	0
996	14	50256	50256	0
997	5	262	262	1.90735e-06
997	6	976	976	5.34058e-05
997	7	19528	19528	3.24249e-05
997	8	290	290	0
997	9	2651	2651	9.15527e-05
997	10	739	739	6.48499e-05
997	11	663	663	1.90735e-06
997	12	7147	7147	0.000137329
997	13	3555	3555	9.15527e-05
997	14	9831	9831	6.48499e-05
997	15	13	13	0
997	16	50256	50256	0
998	5	460	460	1.14441e-05
998	6	2380	2380	7.24792e-05
998	7	17759	17759	0.000133514
998	8	7310	7310	9.34601e-05
998	9	1643	1643	0.000192642
998	10	7572	7572	3.43323e-05
998	11	13	13	5.72205e-06
998	12	50256	50256	0
999	5	4961	4961	6.29425e-05
999	6	284	284	6.48499e-05
999	7	8208	8208	5.14984e-05
999	8	12	12	1.90735e-06
999	9	13261	13261	3.8147e-05
999	10	1411	1411	2.28882e-05
999	11	13	13	0
999	12	50256	50256	0
1000	5	1326	1326	0.00012207
1000	6	263	263	0.000326157
1000	7	338	338	1.90735e-05
1000	8	7430	7430	0.000213623
1000	9	351	351	7.62939e-06
1000	10	257	257	1.90735e-06
1000	11	18482	18482	0.000108719
1000	12	2905	2905	0.000272751
1000	13	1806	1806	0.000167847
1000	14	28539	28539	0.000118256
1000	15	257	257	1.14441e-05
1000	16	3785	3785	0.000616074
1000	17	5762	5762	0.000205994
1000	18	257	257	7.62939e-06
1000	19	7858	7858	0.000257492
1000	20	3820	3820	0.000238419
1000	21	13	13	1.14441e-05
1000	22	50256	50256	0
1001	5	262	262	0
1001	6	2679	2679	0.000249863
1001	7	291	291	0.000221252
1001	8	8478	8478	0.000680923
1001	9	286	286	0
1001	10	262	262	3.8147e-06
1001	11	40136	40136	0.000112534
1001	12	12	12	9.53674e-06
1001	13	22030	22030	0.000543594
1001	14	3303	3303	0.00015831
1001	15	1641	1641	9.91821e-05
1001	16	13	13	0
1001	17	50256	50256	0
1002	5	271	271	0.000188828
1002	6	1630	1630	0.000209808
1002	7	262	262	3.8147e-06
1002	8	2546	2546	0.000165939
1002	9	286	286	1.90735e-06
1002	10	262	262	0
1002	11	34047	34047	0.000583649
1002	12	13	13	1.90735e-06
1002	13	50256	50256	0
1003	5	40959	40959	0.000143051
1003	6	11	11	3.8147e-06
1003	7	38985	38985	0.000154495
1003	8	1111	1111	0.000253677
1003	9	6341	6341	6.10352e-05
1003	10	286	286	0
1003	11	262	262	0
1003	12	6035	6035	2.28882e-05
1003	13	3266	3266	3.05176e-05
1003	14	13	13	0
1003	15	50256	50256	0
1004	5	290	290	1.90735e-06
1004	6	3771	3771	9.91821e-05
1004	7	10456	10456	0.000255585
1004	8	501	501	0.000671387
1004	9	3033	3033	5.34058e-05
1004	10	10674	10674	0.000110626
1004	11	14025	14025	0.000230789
1004	12	316	316	0.000244141
1004	13	290	290	0
1004	14	16703	16703	0.000146866
1004	15	10594	10594	0.000139236
1004	16	1789	1789	5.34058e-05
1004	17	7491	7491	0.000141144
1004	18	948	948	6.10352e-05
1004	19	13	13	0
1004	20	50256	50256	0
1005	5	2714	2714	2.28882e-05
1005	6	379	379	1.71661e-05
1005	7	45760	45760	3.24249e-05
1005	8	287	287	7.62939e-06
1005	9	10315	10315	6.29425e-05
1005	10	13	13	0
1005	11	50256	50256	0
1006	5	25299	25299	6.10352e-05
1006	6	373	373	7.24792e-05
1006	7	6198	6198	9.15527e-05
1006	8	3170	3170	8.7738e-05
1006	9	355	355	2.09808e-05
1006	10	257	257	0
1006	11	4302	4302	1.14441e-05
1006	12	4928	4928	1.90735e-05
1006	13	13	13	0
1006	14	50256	50256	0
1007	5	1204	1204	5.34058e-05
1007	6	6772	6772	6.67572e-05
1007	7	1626	1626	5.72205e-06
1007	8	530	530	1.90735e-06
1007	9	3957	3957	7.05719e-05
1007	10	1622	1622	6.48499e-05
1007	11	13	13	5.72205e-06
1007	12	50256	50256	0
1008	5	1440	1440	0.000629425
1008	6	12	12	3.8147e-06
1008	7	32041	32041	0.000761032
1008	8	9998	9998	0.000753403
1008	9	286	286	3.8147e-06
1008	10	3668	3668	8.01086e-05
1008	11	338	338	1.14441e-05
1008	12	5894	5894	0.000377655
1008	13	8137	8137	0.000331879
1008	14	416	416	3.62396e-05
1008	15	6115	6115	0.000301361
1008	16	13	13	0
1008	17	50256	50256	0
1009	5	23129	23129	8.01086e-05
1009	6	286	286	0
1009	7	262	262	0
1009	8	7993	7993	7.62939e-05
1009	9	8065	8065	0.000165939
1009	10	13	13	0
1009	11	50256	50256	0
1010	5	12278	12278	0.000165939
1010	6	6737	6737	0.000110626
1010	7	656	656	4.19617e-05
1010	8	38071	38071	0.000295639
1010	9	326	326	7.62939e-06
1010	10	4439	4439	0.000240326
1010	11	2128	2128	0.000181198
1010	12	13	13	0
1010	13	50256	50256	0
1011	5	8122	8122	9.34601e-05
1011	6	3102	3102	0.000354767
1011	7	46916	46916	0.000207901
1011	8	11	11	1.90735e-06
1011	9	4771	4771	0.00053978
1011	10	24770	24770	0.00022316
1011	11	11	11	1.90735e-06
1011	12	393	393	0.000347137
1011	13	1111	1111	0.000244141
1011	14	9951	9951	8.58307e-05
1011	15	287	287	3.8147e-06
1011	16	1633	1633	0.000751495
1011	17	13	13	0
1011	18	50256	50256	0
1012	5	8811	8811	7.62939e-05
1012	6	1663	1663	4.57764e-05
1012	7	355	355	3.05176e-05
1012	8	2060	2060	0.000745773
1012	9	4778	4778	7.24792e-05
1012	10	13	13	7.62939e-06
1012	11	50256	50256	0
1013	5	262	262	1.90735e-06
1013	6	19561	19561	4.19617e-05
1013	7	6632	6632	0.00012207
1013	8	290	290	3.8147e-06
1013	9	530	530	9.53674e-06
1013	10	13	13	4.76837e-05
1013	11	50256	50256	0
1014	5	12389	12389	0.000108719
1014	6	286	286	0
1014	7	257	257	1.71661e-05
1014	8	1692	1692	5.14984e-05
1014	9	16162	16162	7.24792e-05
1014	10	13	13	0
1014	11	50256	50256	0
1015	5	422	422	4.57764e-05
1015	6	257	257	3.8147e-06
1015	7	2166	2166	8.39233e-05
1015	8	6333	6333	0.00097084
1015	9	1806	1806	0.000326157
1015	10	284	284	0.000139236
1015	11	257	257	0.000362396
1015	12	8286	8286	0.000116348
1015	13	599	599	0.000101089
1015	14	30431	30431	3.43323e-05
1015	15	13	13	7.62939e-06
1015	16	50256	50256	0
1016	5	257	257	3.8147e-06
1016	6	11831	11831	0.000131607
1016	7	5186	5186	7.24792e-05
1016	8	1459	1459	0.000114441
1016	9	284	284	6.67572e-05
1016	10	49306	49306	8.01086e-05
1016	11	13	13	7.62939e-06
1016	12	50256	50256	0
1017	5	16649	16649	7.82013e-05
1017	6	621	621	7.43866e-05
1017	7	2266	2266	0.000135422
1017	8	5788	5788	0.000337601
1017	9	13	13	2.09808e-05
1017	10	50256	50256	0
1018	5	257	257	9.53674e-06
1018	6	4469	4469	9.34601e-05
1018	7	2138	2138	2.67029e-05
1018	8	621	621	0.000125885
1018	9	5055	5055	9.91821e-05
1018	10	5000	5000	0.000167847
1018	11	1479	1479	9.53674e-05
1018	12	13	13	1.71661e-05
1018	13	50256	50256	0
1019	5	5594	5594	0.000205994
1019	6	284	284	1.90735e-05
1019	7	25794	25794	7.24792e-05
1019	8	290	290	9.53674e-06
1019	9	6486	6486	0.000169754
1019	10	287	287	4.19617e-05
1019	11	262	262	5.72205e-06
1019	12	8211	8211	7.62939e-05
1019	13	10692	10692	8.39233e-05
1019	14	13	13	0
1019	15	50256	50256	0
1020	5	2134	2134	0.000663757
1020	6	1656	1656	0.000324249
1020	7	284	284	3.8147e-06
1020	8	9117	9117	0.00372124
1020	9	3812	3812	0.000377655
1020	10	393	393	0.000238419
1020	11	1497	1497	0.000324249
1020	12	422	422	0.000236511
1020	13	262	262	0
1020	14	19091	19091	6.29425e-05
1020	15	13	13	0
1020	16	50256	50256	0
1021	5	416	416	1.52588e-05
1021	6	14583	14583	0.000139236
1021	7	257	257	5.72205e-06
1021	8	1218	1218	9.34601e-05
1021	9	1182	1182	2.28882e-05
1021	10	706	706	5.91278e-05
1021	11	36075	36075	1.71661e-05
1021	12	13	13	0
1021	13	50256	50256	0
1022	5	9951	9951	0.000190735
1022	6	2057	2057	0.0001297
1022	7	422	422	1.90735e-06
1022	8	262	262	0
1022	9	1660	1660	0.000133514
1022	10	1088	1088	0.000141144
1022	11	606	606	0.000146866
1022	12	13	13	3.8147e-06
1022	13	50256	50256	0
1023	5	41408	41408	4.19617e-05
1023	6	1088	1088	1.52588e-05
1023	7	6716	6716	4.95911e-05
1023	8	6971	6971	0.000137329
1023	9	13	13	0
1023	10	50256	50256	0
1024	5	4556	4556	4.3869e-05
1024	6	1223	1223	4.3869e-05
1024	7	48237	48237	7.24792e-05
1024	8	663	663	9.53674e-06
1024	9	9706	9706	4.00543e-05
1024	10	13	13	3.8147e-06
1024	11	50256	50256	0
