layers=1 width=16 heads=1 feed_forward_width=64 parameters=824048 samples=1024 scored_targets=10002
2026-09-21 02:40:05 UTC step=0 elapsed_seconds=1.24038 mean_loss=10.8224 errors=10002/10002 exact_sentences=0/1024
2026-09-21 02:40:06 UTC completed_step=16 elapsed_seconds=2.11508 learning_rate=9.6e-05
2026-09-21 02:40:07 UTC completed_step=32 elapsed_seconds=2.76855 learning_rate=0.000192
2026-09-21 02:40:07 UTC completed_step=48 elapsed_seconds=3.4215 learning_rate=0.000288
2026-09-21 02:40:08 UTC completed_step=64 elapsed_seconds=4.07387 learning_rate=0.000384
2026-09-21 02:40:08 UTC completed_step=80 elapsed_seconds=4.72623 learning_rate=0.00048
2026-09-21 02:40:09 UTC completed_step=96 elapsed_seconds=5.37914 learning_rate=0.000576
2026-09-21 02:40:10 UTC completed_step=112 elapsed_seconds=6.03241 learning_rate=0.0006
2026-09-21 02:40:10 UTC completed_step=128 elapsed_seconds=6.68495 learning_rate=0.000599997
2026-09-21 02:40:12 UTC step=128 elapsed_seconds=7.94495 mean_loss=9.50829 errors=8742/10002 exact_sentences=0/1024
2026-09-21 02:40:12 UTC completed_step=144 elapsed_seconds=8.6039 learning_rate=0.000599994
2026-09-21 02:40:13 UTC completed_step=160 elapsed_seconds=9.25552 learning_rate=0.000599988
2026-09-21 02:40:14 UTC completed_step=176 elapsed_seconds=9.90881 learning_rate=0.000599981
2026-09-21 02:40:14 UTC completed_step=192 elapsed_seconds=10.5616 learning_rate=0.000599972
2026-09-21 02:40:15 UTC completed_step=208 elapsed_seconds=11.2146 learning_rate=0.000599961
2026-09-21 02:40:16 UTC completed_step=224 elapsed_seconds=11.8678 learning_rate=0.000599948
2026-09-21 02:40:16 UTC completed_step=240 elapsed_seconds=12.5205 learning_rate=0.000599934
2026-09-21 02:40:17 UTC completed_step=256 elapsed_seconds=13.1732 learning_rate=0.000599918
2026-09-21 02:40:18 UTC step=256 elapsed_seconds=14.4082 mean_loss=7.50453 errors=8978/10002 exact_sentences=0/1024
2026-09-21 02:40:19 UTC completed_step=272 elapsed_seconds=15.0666 learning_rate=0.0005999
2026-09-21 02:40:19 UTC completed_step=288 elapsed_seconds=15.7199 learning_rate=0.000599881
2026-09-21 02:40:20 UTC completed_step=304 elapsed_seconds=16.3726 learning_rate=0.00059986
2026-09-21 02:40:21 UTC completed_step=320 elapsed_seconds=17.0256 learning_rate=0.000599837
2026-09-21 02:40:21 UTC completed_step=336 elapsed_seconds=17.6791 learning_rate=0.000599813
2026-09-21 02:40:22 UTC completed_step=352 elapsed_seconds=18.331 learning_rate=0.000599786
2026-09-21 02:40:23 UTC completed_step=368 elapsed_seconds=18.984 learning_rate=0.000599758
2026-09-21 02:40:23 UTC completed_step=384 elapsed_seconds=19.6368 learning_rate=0.000599729
2026-09-21 02:40:25 UTC step=384 elapsed_seconds=20.8698 mean_loss=6.38165 errors=8978/10002 exact_sentences=0/1024
2026-09-21 02:40:25 UTC completed_step=400 elapsed_seconds=21.5268 learning_rate=0.000599697
2026-09-21 02:40:26 UTC completed_step=416 elapsed_seconds=22.1791 learning_rate=0.000599664
2026-09-21 02:40:27 UTC completed_step=432 elapsed_seconds=22.8321 learning_rate=0.000599629
2026-09-21 02:40:27 UTC completed_step=448 elapsed_seconds=23.4847 learning_rate=0.000599593
2026-09-21 02:40:28 UTC completed_step=464 elapsed_seconds=24.137 learning_rate=0.000599554
2026-09-21 02:40:29 UTC completed_step=480 elapsed_seconds=24.7894 learning_rate=0.000599514
2026-09-21 02:40:29 UTC completed_step=496 elapsed_seconds=25.4421 learning_rate=0.000599473
2026-09-21 02:40:30 UTC completed_step=512 elapsed_seconds=26.0948 learning_rate=0.000599429
2026-09-21 02:40:31 UTC step=512 elapsed_seconds=27.3289 mean_loss=6.12344 errors=8342/10002 exact_sentences=1/1024
2026-09-21 02:40:32 UTC completed_step=528 elapsed_seconds=27.9877 learning_rate=0.000599384
2026-09-21 02:40:32 UTC completed_step=544 elapsed_seconds=28.6406 learning_rate=0.000599337
2026-09-21 02:40:33 UTC completed_step=560 elapsed_seconds=29.2928 learning_rate=0.000599288
2026-09-21 02:40:34 UTC completed_step=576 elapsed_seconds=29.9446 learning_rate=0.000599238
2026-09-21 02:40:34 UTC completed_step=592 elapsed_seconds=30.5962 learning_rate=0.000599186
2026-09-21 02:40:35 UTC completed_step=608 elapsed_seconds=31.2487 learning_rate=0.000599132
2026-09-21 02:40:36 UTC completed_step=624 elapsed_seconds=31.9011 learning_rate=0.000599077
2026-09-21 02:40:36 UTC completed_step=640 elapsed_seconds=32.5538 learning_rate=0.000599019
2026-09-21 02:40:38 UTC step=640 elapsed_seconds=33.798 mean_loss=5.9794 errors=8100/10002 exact_sentences=1/1024
2026-09-21 02:40:38 UTC completed_step=656 elapsed_seconds=34.4552 learning_rate=0.000598961
2026-09-21 02:40:39 UTC completed_step=672 elapsed_seconds=35.1089 learning_rate=0.0005989
2026-09-21 02:40:40 UTC completed_step=688 elapsed_seconds=35.761 learning_rate=0.000598838
2026-09-21 02:40:40 UTC completed_step=704 elapsed_seconds=36.4148 learning_rate=0.000598773
2026-09-21 02:40:41 UTC completed_step=720 elapsed_seconds=37.0677 learning_rate=0.000598708
2026-09-21 02:40:41 UTC completed_step=736 elapsed_seconds=37.7207 learning_rate=0.00059864
2026-09-21 02:40:42 UTC completed_step=752 elapsed_seconds=38.3735 learning_rate=0.000598571
2026-09-21 02:40:43 UTC completed_step=768 elapsed_seconds=39.0273 learning_rate=0.0005985
2026-09-21 02:40:44 UTC step=768 elapsed_seconds=40.2757 mean_loss=5.7032 errors=7765/10002 exact_sentences=1/1024
2026-09-21 02:40:45 UTC completed_step=784 elapsed_seconds=40.9337 learning_rate=0.000598427
2026-09-21 02:40:45 UTC completed_step=800 elapsed_seconds=41.5864 learning_rate=0.000598353
2026-09-21 02:40:46 UTC completed_step=816 elapsed_seconds=42.2395 learning_rate=0.000598277
2026-09-21 02:40:47 UTC completed_step=832 elapsed_seconds=42.8927 learning_rate=0.000598199
2026-09-21 02:40:47 UTC completed_step=848 elapsed_seconds=43.5451 learning_rate=0.00059812
2026-09-21 02:40:48 UTC completed_step=864 elapsed_seconds=44.1989 learning_rate=0.000598038
2026-09-21 02:40:49 UTC completed_step=880 elapsed_seconds=44.8522 learning_rate=0.000597956
2026-09-21 02:40:49 UTC completed_step=896 elapsed_seconds=45.5054 learning_rate=0.000597871
2026-09-21 02:40:51 UTC step=896 elapsed_seconds=46.7552 mean_loss=5.51007 errors=7671/10002 exact_sentences=1/1024
2026-09-21 02:40:51 UTC completed_step=912 elapsed_seconds=47.4134 learning_rate=0.000597785
2026-09-21 02:40:52 UTC completed_step=928 elapsed_seconds=48.0654 learning_rate=0.000597697
2026-09-21 02:40:52 UTC completed_step=944 elapsed_seconds=48.7185 learning_rate=0.000597607
2026-09-21 02:40:53 UTC completed_step=960 elapsed_seconds=49.3715 learning_rate=0.000597515
2026-09-21 02:40:54 UTC completed_step=976 elapsed_seconds=50.0243 learning_rate=0.000597422
2026-09-21 02:40:54 UTC completed_step=992 elapsed_seconds=50.6784 learning_rate=0.000597327
2026-09-21 02:40:55 UTC completed_step=1008 elapsed_seconds=51.3376 learning_rate=0.000597231
2026-09-21 02:40:56 UTC completed_step=1024 elapsed_seconds=51.998 learning_rate=0.000597133
2026-09-21 02:40:57 UTC step=1024 elapsed_seconds=53.2324 mean_loss=5.34347 errors=7635/10002 exact_sentences=1/1024
2026-09-21 02:40:58 UTC completed_step=1040 elapsed_seconds=53.8983 learning_rate=0.000597033
2026-09-21 02:40:58 UTC completed_step=1056 elapsed_seconds=54.5585 learning_rate=0.000596931
2026-09-21 02:40:59 UTC completed_step=1072 elapsed_seconds=55.2182 learning_rate=0.000596827
2026-09-21 02:41:00 UTC completed_step=1088 elapsed_seconds=55.8787 learning_rate=0.000596722
2026-09-21 02:41:00 UTC completed_step=1104 elapsed_seconds=56.5384 learning_rate=0.000596616
2026-09-21 02:41:01 UTC completed_step=1120 elapsed_seconds=57.1989 learning_rate=0.000596507
2026-09-21 02:41:02 UTC completed_step=1136 elapsed_seconds=57.8596 learning_rate=0.000596397
2026-09-21 02:41:02 UTC completed_step=1152 elapsed_seconds=58.5199 learning_rate=0.000596285
2026-09-21 02:41:04 UTC step=1152 elapsed_seconds=59.7731 mean_loss=5.21434 errors=7519/10002 exact_sentences=1/1024
2026-09-21 02:41:04 UTC completed_step=1168 elapsed_seconds=60.4384 learning_rate=0.000596171
2026-09-21 02:41:05 UTC completed_step=1184 elapsed_seconds=61.0989 learning_rate=0.000596056
2026-09-21 02:41:06 UTC completed_step=1200 elapsed_seconds=61.7589 learning_rate=0.000595939
2026-09-21 02:41:06 UTC completed_step=1216 elapsed_seconds=62.4193 learning_rate=0.00059582
2026-09-21 02:41:07 UTC completed_step=1232 elapsed_seconds=63.0804 learning_rate=0.0005957
2026-09-21 02:41:07 UTC completed_step=1248 elapsed_seconds=63.7402 learning_rate=0.000595578
2026-09-21 02:41:08 UTC completed_step=1264 elapsed_seconds=64.4003 learning_rate=0.000595454
2026-09-21 02:41:09 UTC completed_step=1280 elapsed_seconds=65.0609 learning_rate=0.000595329
2026-09-21 02:41:10 UTC step=1280 elapsed_seconds=66.2971 mean_loss=5.09084 errors=7456/10002 exact_sentences=1/1024
2026-09-21 02:41:11 UTC completed_step=1296 elapsed_seconds=66.9608 learning_rate=0.000595202
2026-09-21 02:41:11 UTC completed_step=1312 elapsed_seconds=67.6217 learning_rate=0.000595073
2026-09-21 02:41:12 UTC completed_step=1328 elapsed_seconds=68.2812 learning_rate=0.000594942
2026-09-21 02:41:13 UTC completed_step=1344 elapsed_seconds=68.937 learning_rate=0.00059481
2026-09-21 02:41:13 UTC completed_step=1360 elapsed_seconds=69.5932 learning_rate=0.000594676
2026-09-21 02:41:14 UTC completed_step=1376 elapsed_seconds=70.2499 learning_rate=0.00059454
2026-09-21 02:41:15 UTC completed_step=1392 elapsed_seconds=70.9059 learning_rate=0.000594403
2026-09-21 02:41:15 UTC completed_step=1408 elapsed_seconds=71.562 learning_rate=0.000594264
2026-09-21 02:41:17 UTC step=1408 elapsed_seconds=72.807 mean_loss=4.97434 errors=7378/10002 exact_sentences=1/1024
2026-09-21 02:41:17 UTC completed_step=1424 elapsed_seconds=73.4676 learning_rate=0.000594123
2026-09-21 02:41:18 UTC completed_step=1440 elapsed_seconds=74.1244 learning_rate=0.000593981
2026-09-21 02:41:19 UTC completed_step=1456 elapsed_seconds=74.7812 learning_rate=0.000593837
2026-09-21 02:41:19 UTC completed_step=1472 elapsed_seconds=75.4375 learning_rate=0.000593691
2026-09-21 02:41:20 UTC completed_step=1488 elapsed_seconds=76.0949 learning_rate=0.000593544
2026-09-21 02:41:21 UTC completed_step=1504 elapsed_seconds=76.7502 learning_rate=0.000593395
2026-09-21 02:41:21 UTC completed_step=1520 elapsed_seconds=77.4064 learning_rate=0.000593244
2026-09-21 02:41:22 UTC completed_step=1536 elapsed_seconds=78.0633 learning_rate=0.000593092
2026-09-21 02:41:23 UTC step=1536 elapsed_seconds=79.31 mean_loss=4.87102 errors=7319/10002 exact_sentences=1/1024
2026-09-21 02:41:24 UTC completed_step=1552 elapsed_seconds=79.9716 learning_rate=0.000592938
2026-09-21 02:41:24 UTC completed_step=1568 elapsed_seconds=80.6285 learning_rate=0.000592782
2026-09-21 02:41:25 UTC completed_step=1584 elapsed_seconds=81.2852 learning_rate=0.000592624
2026-09-21 02:41:26 UTC completed_step=1600 elapsed_seconds=81.9419 learning_rate=0.000592465
2026-09-21 02:41:26 UTC completed_step=1616 elapsed_seconds=82.5981 learning_rate=0.000592304
2026-09-21 02:41:27 UTC completed_step=1632 elapsed_seconds=83.2537 learning_rate=0.000592142
2026-09-21 02:41:28 UTC completed_step=1648 elapsed_seconds=83.9103 learning_rate=0.000591978
2026-09-21 02:41:28 UTC completed_step=1664 elapsed_seconds=84.567 learning_rate=0.000591812
2026-09-21 02:41:30 UTC step=1664 elapsed_seconds=85.8128 mean_loss=4.77317 errors=7178/10002 exact_sentences=1/1024
2026-09-21 02:41:30 UTC completed_step=1680 elapsed_seconds=86.4744 learning_rate=0.000591644
2026-09-21 02:41:31 UTC completed_step=1696 elapsed_seconds=87.1302 learning_rate=0.000591475
2026-09-21 02:41:32 UTC completed_step=1712 elapsed_seconds=87.7866 learning_rate=0.000591304
2026-09-21 02:41:32 UTC completed_step=1728 elapsed_seconds=88.4423 learning_rate=0.000591132
2026-09-21 02:41:33 UTC completed_step=1744 elapsed_seconds=89.0992 learning_rate=0.000590957
2026-09-21 02:41:34 UTC completed_step=1760 elapsed_seconds=89.7557 learning_rate=0.000590782
2026-09-21 02:41:34 UTC completed_step=1776 elapsed_seconds=90.4123 learning_rate=0.000590604
2026-09-21 02:41:35 UTC completed_step=1792 elapsed_seconds=91.069 learning_rate=0.000590425
2026-09-21 02:41:36 UTC step=1792 elapsed_seconds=92.3112 mean_loss=4.66259 errors=7010/10002 exact_sentences=1/1024
2026-09-21 02:41:37 UTC completed_step=1808 elapsed_seconds=92.9738 learning_rate=0.000590244
2026-09-21 02:41:37 UTC completed_step=1824 elapsed_seconds=93.629 learning_rate=0.000590062
2026-09-21 02:41:38 UTC completed_step=1840 elapsed_seconds=94.2848 learning_rate=0.000589877
2026-09-21 02:41:39 UTC completed_step=1856 elapsed_seconds=94.9408 learning_rate=0.000589692
2026-09-21 02:41:39 UTC completed_step=1872 elapsed_seconds=95.5976 learning_rate=0.000589504
2026-09-21 02:41:40 UTC completed_step=1888 elapsed_seconds=96.2542 learning_rate=0.000589315
2026-09-21 02:41:41 UTC completed_step=1904 elapsed_seconds=96.9114 learning_rate=0.000589124
2026-09-21 02:41:41 UTC completed_step=1920 elapsed_seconds=97.5673 learning_rate=0.000588932
2026-09-21 02:41:43 UTC step=1920 elapsed_seconds=98.8012 mean_loss=4.55093 errors=6886/10002 exact_sentences=1/1024
2026-09-21 02:41:43 UTC completed_step=1936 elapsed_seconds=99.4626 learning_rate=0.000588738
2026-09-21 02:41:44 UTC completed_step=1952 elapsed_seconds=100.119 learning_rate=0.000588542
2026-09-21 02:41:45 UTC completed_step=1968 elapsed_seconds=100.775 learning_rate=0.000588344
2026-09-21 02:41:45 UTC completed_step=1984 elapsed_seconds=101.432 learning_rate=0.000588145
2026-09-21 02:41:46 UTC completed_step=2000 elapsed_seconds=102.086 learning_rate=0.000587945
2026-09-21 02:41:46 UTC completed_step=2016 elapsed_seconds=102.741 learning_rate=0.000587742
2026-09-21 02:41:47 UTC completed_step=2032 elapsed_seconds=103.395 learning_rate=0.000587538
2026-09-21 02:41:48 UTC completed_step=2048 elapsed_seconds=104.05 learning_rate=0.000587333
2026-09-21 02:41:49 UTC step=2048 elapsed_seconds=105.291 mean_loss=4.44125 errors=6793/10002 exact_sentences=1/1024
2026-09-21 02:41:50 UTC completed_step=2064 elapsed_seconds=105.953 learning_rate=0.000587126
2026-09-21 02:41:50 UTC completed_step=2080 elapsed_seconds=106.608 learning_rate=0.000586917
2026-09-21 02:41:51 UTC completed_step=2096 elapsed_seconds=107.263 learning_rate=0.000586706
2026-09-21 02:41:52 UTC completed_step=2112 elapsed_seconds=107.919 learning_rate=0.000586494
2026-09-21 02:41:52 UTC completed_step=2128 elapsed_seconds=108.574 learning_rate=0.00058628
2026-09-21 02:41:53 UTC completed_step=2144 elapsed_seconds=109.227 learning_rate=0.000586065
2026-09-21 02:41:54 UTC completed_step=2160 elapsed_seconds=109.881 learning_rate=0.000585848
2026-09-21 02:41:54 UTC completed_step=2176 elapsed_seconds=110.536 learning_rate=0.000585629
2026-09-21 02:41:56 UTC step=2176 elapsed_seconds=111.796 mean_loss=4.33968 errors=6665/10002 exact_sentences=1/1024
2026-09-21 02:41:56 UTC completed_step=2192 elapsed_seconds=112.456 learning_rate=0.000585409
2026-09-21 02:41:57 UTC completed_step=2208 elapsed_seconds=113.112 learning_rate=0.000585187
2026-09-21 02:41:58 UTC completed_step=2224 elapsed_seconds=113.767 learning_rate=0.000584963
2026-09-21 02:41:58 UTC completed_step=2240 elapsed_seconds=114.422 learning_rate=0.000584738
2026-09-21 02:41:59 UTC completed_step=2256 elapsed_seconds=115.077 learning_rate=0.000584511
2026-09-21 02:41:59 UTC completed_step=2272 elapsed_seconds=115.732 learning_rate=0.000584282
2026-09-21 02:42:00 UTC completed_step=2288 elapsed_seconds=116.386 learning_rate=0.000584052
2026-09-21 02:42:01 UTC completed_step=2304 elapsed_seconds=117.04 learning_rate=0.000583821
2026-09-21 02:42:02 UTC step=2304 elapsed_seconds=118.278 mean_loss=4.22959 errors=6566/10002 exact_sentences=1/1024
2026-09-21 02:42:03 UTC completed_step=2320 elapsed_seconds=118.938 learning_rate=0.000583587
2026-09-21 02:42:03 UTC completed_step=2336 elapsed_seconds=119.592 learning_rate=0.000583352
2026-09-21 02:42:04 UTC completed_step=2352 elapsed_seconds=120.248 learning_rate=0.000583116
2026-09-21 02:42:05 UTC completed_step=2368 elapsed_seconds=120.904 learning_rate=0.000582877
2026-09-21 02:42:05 UTC completed_step=2384 elapsed_seconds=121.561 learning_rate=0.000582638
2026-09-21 02:42:06 UTC completed_step=2400 elapsed_seconds=122.217 learning_rate=0.000582396
2026-09-21 02:42:07 UTC completed_step=2416 elapsed_seconds=122.872 learning_rate=0.000582153
2026-09-21 02:42:07 UTC completed_step=2432 elapsed_seconds=123.529 learning_rate=0.000581909
2026-09-21 02:42:09 UTC step=2432 elapsed_seconds=124.774 mean_loss=4.13095 errors=6424/10002 exact_sentences=1/1024
2026-09-21 02:42:09 UTC completed_step=2448 elapsed_seconds=125.435 learning_rate=0.000581662
2026-09-21 02:42:10 UTC completed_step=2464 elapsed_seconds=126.09 learning_rate=0.000581414
2026-09-21 02:42:11 UTC completed_step=2480 elapsed_seconds=126.747 learning_rate=0.000581165
2026-09-21 02:42:11 UTC completed_step=2496 elapsed_seconds=127.403 learning_rate=0.000580914
2026-09-21 02:42:12 UTC completed_step=2512 elapsed_seconds=128.059 learning_rate=0.000580661
2026-09-21 02:42:12 UTC completed_step=2528 elapsed_seconds=128.715 learning_rate=0.000580407
2026-09-21 02:42:13 UTC completed_step=2544 elapsed_seconds=129.373 learning_rate=0.000580151
2026-09-21 02:42:14 UTC completed_step=2560 elapsed_seconds=130.029 learning_rate=0.000579894
2026-09-21 02:42:15 UTC step=2560 elapsed_seconds=131.268 mean_loss=4.0402 errors=6343/10002 exact_sentences=1/1024
2026-09-21 02:42:16 UTC completed_step=2576 elapsed_seconds=131.931 learning_rate=0.000579635
2026-09-21 02:42:16 UTC completed_step=2592 elapsed_seconds=132.586 learning_rate=0.000579374
2026-09-21 02:42:17 UTC completed_step=2608 elapsed_seconds=133.243 learning_rate=0.000579112
2026-09-21 02:42:18 UTC completed_step=2624 elapsed_seconds=133.898 learning_rate=0.000578848
2026-09-21 02:42:18 UTC completed_step=2640 elapsed_seconds=134.554 learning_rate=0.000578583
2026-09-21 02:42:19 UTC completed_step=2656 elapsed_seconds=135.21 learning_rate=0.000578316
2026-09-21 02:42:20 UTC completed_step=2672 elapsed_seconds=135.865 learning_rate=0.000578047
2026-09-21 02:42:20 UTC completed_step=2688 elapsed_seconds=136.52 learning_rate=0.000577777
2026-09-21 02:42:22 UTC step=2688 elapsed_seconds=137.776 mean_loss=3.94459 errors=6248/10002 exact_sentences=1/1024
2026-09-21 02:42:22 UTC completed_step=2704 elapsed_seconds=138.437 learning_rate=0.000577505
2026-09-21 02:42:23 UTC completed_step=2720 elapsed_seconds=139.092 learning_rate=0.000577232
2026-09-21 02:42:23 UTC completed_step=2736 elapsed_seconds=139.746 learning_rate=0.000576957
2026-09-21 02:42:24 UTC completed_step=2752 elapsed_seconds=140.4 learning_rate=0.00057668
2026-09-21 02:42:25 UTC completed_step=2768 elapsed_seconds=141.055 learning_rate=0.000576402
2026-09-21 02:42:25 UTC completed_step=2784 elapsed_seconds=141.71 learning_rate=0.000576123
2026-09-21 02:42:26 UTC completed_step=2800 elapsed_seconds=142.365 learning_rate=0.000575842
2026-09-21 02:42:27 UTC completed_step=2816 elapsed_seconds=143.02 learning_rate=0.000575559
2026-09-21 02:42:28 UTC step=2816 elapsed_seconds=144.249 mean_loss=3.8708 errors=6154/10002 exact_sentences=1/1024
2026-09-21 02:42:29 UTC completed_step=2832 elapsed_seconds=144.909 learning_rate=0.000575274
2026-09-21 02:42:29 UTC completed_step=2848 elapsed_seconds=145.563 learning_rate=0.000574989
2026-09-21 02:42:30 UTC completed_step=2864 elapsed_seconds=146.218 learning_rate=0.000574701
2026-09-21 02:42:31 UTC completed_step=2880 elapsed_seconds=146.872 learning_rate=0.000574412
2026-09-21 02:42:31 UTC completed_step=2896 elapsed_seconds=147.526 learning_rate=0.000574121
2026-09-21 02:42:32 UTC completed_step=2912 elapsed_seconds=148.181 learning_rate=0.000573829
2026-09-21 02:42:33 UTC completed_step=2928 elapsed_seconds=148.836 learning_rate=0.000573536
2026-09-21 02:42:33 UTC completed_step=2944 elapsed_seconds=149.491 learning_rate=0.00057324
2026-09-21 02:42:34 UTC step=2944 elapsed_seconds=150.736 mean_loss=3.78062 errors=6033/10002 exact_sentences=2/1024
2026-09-21 02:42:35 UTC completed_step=2960 elapsed_seconds=151.396 learning_rate=0.000572944
2026-09-21 02:42:36 UTC completed_step=2976 elapsed_seconds=152.051 learning_rate=0.000572645
2026-09-21 02:42:36 UTC completed_step=2992 elapsed_seconds=152.709 learning_rate=0.000572345
2026-09-21 02:42:37 UTC completed_step=3008 elapsed_seconds=153.368 learning_rate=0.000572044
2026-09-21 02:42:38 UTC completed_step=3024 elapsed_seconds=154.026 learning_rate=0.000571741
2026-09-21 02:42:38 UTC completed_step=3040 elapsed_seconds=154.685 learning_rate=0.000571436
2026-09-21 02:42:39 UTC completed_step=3056 elapsed_seconds=155.343 learning_rate=0.00057113
2026-09-21 02:42:40 UTC completed_step=3072 elapsed_seconds=156.002 learning_rate=0.000570823
2026-09-21 02:42:41 UTC step=3072 elapsed_seconds=157.247 mean_loss=3.69949 errors=5954/10002 exact_sentences=2/1024
2026-09-21 02:42:42 UTC completed_step=3088 elapsed_seconds=157.914 learning_rate=0.000570514
2026-09-21 02:42:42 UTC completed_step=3104 elapsed_seconds=158.573 learning_rate=0.000570203
2026-09-21 02:42:43 UTC completed_step=3120 elapsed_seconds=159.231 learning_rate=0.000569891
2026-09-21 02:42:44 UTC completed_step=3136 elapsed_seconds=159.891 learning_rate=0.000569577
2026-09-21 02:42:44 UTC completed_step=3152 elapsed_seconds=160.549 learning_rate=0.000569262
2026-09-21 02:42:45 UTC completed_step=3168 elapsed_seconds=161.208 learning_rate=0.000568945
2026-09-21 02:42:46 UTC completed_step=3184 elapsed_seconds=161.867 learning_rate=0.000568627
2026-09-21 02:42:46 UTC completed_step=3200 elapsed_seconds=162.526 learning_rate=0.000568307
2026-09-21 02:42:48 UTC step=3200 elapsed_seconds=163.768 mean_loss=3.62381 errors=5888/10002 exact_sentences=2/1024
2026-09-21 02:42:48 UTC completed_step=3216 elapsed_seconds=164.433 learning_rate=0.000567985
2026-09-21 02:42:49 UTC completed_step=3232 elapsed_seconds=165.092 learning_rate=0.000567663
2026-09-21 02:42:50 UTC completed_step=3248 elapsed_seconds=165.751 learning_rate=0.000567338
2026-09-21 02:42:50 UTC completed_step=3264 elapsed_seconds=166.41 learning_rate=0.000567012
2026-09-21 02:42:51 UTC completed_step=3280 elapsed_seconds=167.07 learning_rate=0.000566685
2026-09-21 02:42:51 UTC completed_step=3296 elapsed_seconds=167.729 learning_rate=0.000566356
2026-09-21 02:42:52 UTC completed_step=3312 elapsed_seconds=168.388 learning_rate=0.000566025
2026-09-21 02:42:53 UTC completed_step=3328 elapsed_seconds=169.043 learning_rate=0.000565694
2026-09-21 02:42:54 UTC step=3328 elapsed_seconds=170.281 mean_loss=3.54859 errors=5823/10002 exact_sentences=2/1024
2026-09-21 02:42:55 UTC completed_step=3344 elapsed_seconds=170.941 learning_rate=0.00056536
2026-09-21 02:42:55 UTC completed_step=3360 elapsed_seconds=171.597 learning_rate=0.000565025
2026-09-21 02:42:56 UTC completed_step=3376 elapsed_seconds=172.253 learning_rate=0.000564689
2026-09-21 02:42:57 UTC completed_step=3392 elapsed_seconds=172.908 learning_rate=0.000564351
2026-09-21 02:42:57 UTC completed_step=3408 elapsed_seconds=173.563 learning_rate=0.000564011
2026-09-21 02:42:58 UTC completed_step=3424 elapsed_seconds=174.219 learning_rate=0.00056367
2026-09-21 02:42:59 UTC completed_step=3440 elapsed_seconds=174.875 learning_rate=0.000563328
2026-09-21 02:42:59 UTC completed_step=3456 elapsed_seconds=175.531 learning_rate=0.000562984
2026-09-21 02:43:01 UTC step=3456 elapsed_seconds=176.778 mean_loss=3.47861 errors=5743/10002 exact_sentences=2/1024
2026-09-21 02:43:01 UTC completed_step=3472 elapsed_seconds=177.439 learning_rate=0.000562639
2026-09-21 02:43:02 UTC completed_step=3488 elapsed_seconds=178.094 learning_rate=0.000562292
2026-09-21 02:43:03 UTC completed_step=3504 elapsed_seconds=178.75 learning_rate=0.000561943
2026-09-21 02:43:03 UTC completed_step=3520 elapsed_seconds=179.406 learning_rate=0.000561594
2026-09-21 02:43:04 UTC completed_step=3536 elapsed_seconds=180.061 learning_rate=0.000561242
2026-09-21 02:43:04 UTC completed_step=3552 elapsed_seconds=180.716 learning_rate=0.000560889
2026-09-21 02:43:05 UTC completed_step=3568 elapsed_seconds=181.372 learning_rate=0.000560535
2026-09-21 02:43:06 UTC completed_step=3584 elapsed_seconds=182.028 learning_rate=0.000560179
2026-09-21 02:43:07 UTC step=3584 elapsed_seconds=183.278 mean_loss=3.41262 errors=5566/10002 exact_sentences=2/1024
2026-09-21 02:43:08 UTC completed_step=3600 elapsed_seconds=183.94 learning_rate=0.000559822
2026-09-21 02:43:08 UTC completed_step=3616 elapsed_seconds=184.595 learning_rate=0.000559464
2026-09-21 02:43:09 UTC completed_step=3632 elapsed_seconds=185.249 learning_rate=0.000559103
2026-09-21 02:43:10 UTC completed_step=3648 elapsed_seconds=185.905 learning_rate=0.000558742
2026-09-21 02:43:10 UTC completed_step=3664 elapsed_seconds=186.561 learning_rate=0.000558379
2026-09-21 02:43:11 UTC completed_step=3680 elapsed_seconds=187.216 learning_rate=0.000558014
2026-09-21 02:43:12 UTC completed_step=3696 elapsed_seconds=187.872 learning_rate=0.000557648
2026-09-21 02:43:12 UTC completed_step=3712 elapsed_seconds=188.529 learning_rate=0.000557281
2026-09-21 02:43:14 UTC step=3712 elapsed_seconds=189.771 mean_loss=3.34432 errors=5449/10002 exact_sentences=2/1024
2026-09-21 02:43:14 UTC completed_step=3728 elapsed_seconds=190.431 learning_rate=0.000556912
2026-09-21 02:43:15 UTC completed_step=3744 elapsed_seconds=191.087 learning_rate=0.000556542
2026-09-21 02:43:15 UTC completed_step=3760 elapsed_seconds=191.744 learning_rate=0.00055617
2026-09-21 02:43:16 UTC completed_step=3776 elapsed_seconds=192.4 learning_rate=0.000555797
2026-09-21 02:43:17 UTC completed_step=3792 elapsed_seconds=193.057 learning_rate=0.000555422
2026-09-21 02:43:17 UTC completed_step=3808 elapsed_seconds=193.713 learning_rate=0.000555046
2026-09-21 02:43:18 UTC completed_step=3824 elapsed_seconds=194.37 learning_rate=0.000554668
2026-09-21 02:43:19 UTC completed_step=3840 elapsed_seconds=195.026 learning_rate=0.000554289
2026-09-21 02:43:20 UTC step=3840 elapsed_seconds=196.262 mean_loss=3.27376 errors=5442/10002 exact_sentences=2/1024
2026-09-21 02:43:21 UTC completed_step=3856 elapsed_seconds=196.924 learning_rate=0.000553909
2026-09-21 02:43:21 UTC completed_step=3872 elapsed_seconds=197.579 learning_rate=0.000553527
2026-09-21 02:43:22 UTC completed_step=3888 elapsed_seconds=198.236 learning_rate=0.000553144
2026-09-21 02:43:23 UTC completed_step=3904 elapsed_seconds=198.892 learning_rate=0.000552759
2026-09-21 02:43:23 UTC completed_step=3920 elapsed_seconds=199.549 learning_rate=0.000552373
2026-09-21 02:43:24 UTC completed_step=3936 elapsed_seconds=200.206 learning_rate=0.000551986
2026-09-21 02:43:25 UTC completed_step=3952 elapsed_seconds=200.861 learning_rate=0.000551597
2026-09-21 02:43:25 UTC completed_step=3968 elapsed_seconds=201.518 learning_rate=0.000551206
2026-09-21 02:43:27 UTC step=3968 elapsed_seconds=202.755 mean_loss=3.21104 errors=5306/10002 exact_sentences=2/1024
2026-09-21 02:43:27 UTC completed_step=3984 elapsed_seconds=203.414 learning_rate=0.000550815
2026-09-21 02:43:28 UTC completed_step=4000 elapsed_seconds=204.067 learning_rate=0.000550421
2026-09-21 02:43:28 UTC completed_step=4016 elapsed_seconds=204.722 learning_rate=0.000550027
2026-09-21 02:43:29 UTC completed_step=4032 elapsed_seconds=205.376 learning_rate=0.000549631
2026-09-21 02:43:30 UTC completed_step=4048 elapsed_seconds=206.03 learning_rate=0.000549234
2026-09-21 02:43:30 UTC completed_step=4064 elapsed_seconds=206.684 learning_rate=0.000548835
2026-09-21 02:43:31 UTC completed_step=4080 elapsed_seconds=207.338 learning_rate=0.000548435
2026-09-21 02:43:32 UTC completed_step=4096 elapsed_seconds=207.992 learning_rate=0.000548033
2026-09-21 02:43:33 UTC step=4096 elapsed_seconds=209.231 mean_loss=3.14839 errors=5249/10002 exact_sentences=2/1024
2026-09-21 02:43:34 UTC completed_step=4112 elapsed_seconds=209.891 learning_rate=0.00054763
2026-09-21 02:43:34 UTC completed_step=4128 elapsed_seconds=210.545 learning_rate=0.000547226
2026-09-21 02:43:35 UTC completed_step=4144 elapsed_seconds=211.199 learning_rate=0.00054682
2026-09-21 02:43:36 UTC completed_step=4160 elapsed_seconds=211.853 learning_rate=0.000546413
2026-09-21 02:43:36 UTC completed_step=4176 elapsed_seconds=212.506 learning_rate=0.000546004
2026-09-21 02:43:37 UTC completed_step=4192 elapsed_seconds=213.16 learning_rate=0.000545595
2026-09-21 02:43:38 UTC completed_step=4208 elapsed_seconds=213.814 learning_rate=0.000545183
2026-09-21 02:43:38 UTC completed_step=4224 elapsed_seconds=214.467 learning_rate=0.000544771
2026-09-21 02:43:39 UTC step=4224 elapsed_seconds=215.721 mean_loss=3.0869 errors=5126/10002 exact_sentences=3/1024
2026-09-21 02:43:40 UTC completed_step=4240 elapsed_seconds=216.379 learning_rate=0.000544357
2026-09-21 02:43:41 UTC completed_step=4256 elapsed_seconds=217.033 learning_rate=0.000543941
2026-09-21 02:43:41 UTC completed_step=4272 elapsed_seconds=217.686 learning_rate=0.000543525
2026-09-21 02:43:42 UTC completed_step=4288 elapsed_seconds=218.34 learning_rate=0.000543107
2026-09-21 02:43:43 UTC completed_step=4304 elapsed_seconds=218.993 learning_rate=0.000542687
2026-09-21 02:43:43 UTC completed_step=4320 elapsed_seconds=219.648 learning_rate=0.000542266
2026-09-21 02:43:44 UTC completed_step=4336 elapsed_seconds=220.304 learning_rate=0.000541844
2026-09-21 02:43:45 UTC completed_step=4352 elapsed_seconds=220.959 learning_rate=0.000541421
2026-09-21 02:43:46 UTC step=4352 elapsed_seconds=222.208 mean_loss=3.02468 errors=5065/10002 exact_sentences=4/1024
2026-09-21 02:43:47 UTC completed_step=4368 elapsed_seconds=222.869 learning_rate=0.000540996
2026-09-21 02:43:47 UTC completed_step=4384 elapsed_seconds=223.525 learning_rate=0.00054057
2026-09-21 02:43:48 UTC completed_step=4400 elapsed_seconds=224.181 learning_rate=0.000540142
2026-09-21 02:43:49 UTC completed_step=4416 elapsed_seconds=224.837 learning_rate=0.000539713
2026-09-21 02:43:49 UTC completed_step=4432 elapsed_seconds=225.493 learning_rate=0.000539283
2026-09-21 02:43:50 UTC completed_step=4448 elapsed_seconds=226.149 learning_rate=0.000538851
2026-09-21 02:43:51 UTC completed_step=4464 elapsed_seconds=226.805 learning_rate=0.000538418
2026-09-21 02:43:51 UTC completed_step=4480 elapsed_seconds=227.461 learning_rate=0.000537984
2026-09-21 02:43:52 UTC step=4480 elapsed_seconds=228.71 mean_loss=2.97228 errors=4972/10002 exact_sentences=4/1024
2026-09-21 02:43:53 UTC completed_step=4496 elapsed_seconds=229.371 learning_rate=0.000537549
2026-09-21 02:43:54 UTC completed_step=4512 elapsed_seconds=230.027 learning_rate=0.000537112
2026-09-21 02:43:54 UTC completed_step=4528 elapsed_seconds=230.682 learning_rate=0.000536674
2026-09-21 02:43:55 UTC completed_step=4544 elapsed_seconds=231.339 learning_rate=0.000536234
2026-09-21 02:43:56 UTC completed_step=4560 elapsed_seconds=231.995 learning_rate=0.000535793
2026-09-21 02:43:56 UTC completed_step=4576 elapsed_seconds=232.651 learning_rate=0.000535351
2026-09-21 02:43:57 UTC completed_step=4592 elapsed_seconds=233.306 learning_rate=0.000534908
2026-09-21 02:43:58 UTC completed_step=4608 elapsed_seconds=233.961 learning_rate=0.000534463
2026-09-21 02:43:59 UTC step=4608 elapsed_seconds=235.207 mean_loss=2.91665 errors=4915/10002 exact_sentences=3/1024
2026-09-21 02:44:00 UTC completed_step=4624 elapsed_seconds=235.869 learning_rate=0.000534017
2026-09-21 02:44:00 UTC completed_step=4640 elapsed_seconds=236.523 learning_rate=0.000533569
2026-09-21 02:44:01 UTC completed_step=4656 elapsed_seconds=237.178 learning_rate=0.000533121
2026-09-21 02:44:02 UTC completed_step=4672 elapsed_seconds=237.833 learning_rate=0.000532671
2026-09-21 02:44:02 UTC completed_step=4688 elapsed_seconds=238.487 learning_rate=0.00053222
2026-09-21 02:44:03 UTC completed_step=4704 elapsed_seconds=239.142 learning_rate=0.000531767
2026-09-21 02:44:04 UTC completed_step=4720 elapsed_seconds=239.796 learning_rate=0.000531313
2026-09-21 02:44:04 UTC completed_step=4736 elapsed_seconds=240.452 learning_rate=0.000530858
2026-09-21 02:44:05 UTC step=4736 elapsed_seconds=241.689 mean_loss=2.86524 errors=4864/10002 exact_sentences=3/1024
2026-09-21 02:44:06 UTC completed_step=4752 elapsed_seconds=242.349 learning_rate=0.000530402
2026-09-21 02:44:07 UTC completed_step=4768 elapsed_seconds=243.003 learning_rate=0.000529944
2026-09-21 02:44:07 UTC completed_step=4784 elapsed_seconds=243.657 learning_rate=0.000529485
2026-09-21 02:44:08 UTC completed_step=4800 elapsed_seconds=244.311 learning_rate=0.000529025
2026-09-21 02:44:09 UTC completed_step=4816 elapsed_seconds=244.965 learning_rate=0.000528563
2026-09-21 02:44:09 UTC completed_step=4832 elapsed_seconds=245.619 learning_rate=0.000528101
2026-09-21 02:44:10 UTC completed_step=4848 elapsed_seconds=246.274 learning_rate=0.000527637
2026-09-21 02:44:11 UTC completed_step=4864 elapsed_seconds=246.928 learning_rate=0.000527171
2026-09-21 02:44:12 UTC step=4864 elapsed_seconds=248.168 mean_loss=2.81186 errors=4732/10002 exact_sentences=5/1024
2026-09-21 02:44:13 UTC completed_step=4880 elapsed_seconds=248.827 learning_rate=0.000526705
2026-09-21 02:44:13 UTC completed_step=4896 elapsed_seconds=249.481 learning_rate=0.000526237
2026-09-21 02:44:14 UTC completed_step=4912 elapsed_seconds=250.136 learning_rate=0.000525768
2026-09-21 02:44:15 UTC completed_step=4928 elapsed_seconds=250.79 learning_rate=0.000525298
2026-09-21 02:44:15 UTC completed_step=4944 elapsed_seconds=251.445 learning_rate=0.000524826
2026-09-21 02:44:16 UTC completed_step=4960 elapsed_seconds=252.099 learning_rate=0.000524353
2026-09-21 02:44:17 UTC completed_step=4976 elapsed_seconds=252.758 learning_rate=0.000523879
2026-09-21 02:44:17 UTC completed_step=4992 elapsed_seconds=253.419 learning_rate=0.000523404
2026-09-21 02:44:18 UTC step=4992 elapsed_seconds=254.671 mean_loss=2.76296 errors=4676/10002 exact_sentences=5/1024
2026-09-21 02:44:19 UTC completed_step=5008 elapsed_seconds=255.336 learning_rate=0.000522927
2026-09-21 02:44:20 UTC completed_step=5024 elapsed_seconds=255.995 learning_rate=0.00052245
2026-09-21 02:44:20 UTC completed_step=5040 elapsed_seconds=256.656 learning_rate=0.000521971
2026-09-21 02:44:21 UTC completed_step=5056 elapsed_seconds=257.317 learning_rate=0.000521491
2026-09-21 02:44:22 UTC completed_step=5072 elapsed_seconds=257.977 learning_rate=0.000521009
2026-09-21 02:44:22 UTC completed_step=5088 elapsed_seconds=258.637 learning_rate=0.000520527
2026-09-21 02:44:23 UTC completed_step=5104 elapsed_seconds=259.297 learning_rate=0.000520043
2026-09-21 02:44:24 UTC completed_step=5120 elapsed_seconds=259.957 learning_rate=0.000519558
2026-09-21 02:44:25 UTC step=5120 elapsed_seconds=261.191 mean_loss=2.71132 errors=4613/10002 exact_sentences=5/1024
2026-09-21 02:44:26 UTC completed_step=5136 elapsed_seconds=261.859 learning_rate=0.000519071
2026-09-21 02:44:26 UTC completed_step=5152 elapsed_seconds=262.519 learning_rate=0.000518584
2026-09-21 02:44:27 UTC completed_step=5168 elapsed_seconds=263.179 learning_rate=0.000518095
2026-09-21 02:44:28 UTC completed_step=5184 elapsed_seconds=263.839 learning_rate=0.000517605
2026-09-21 02:44:28 UTC completed_step=5200 elapsed_seconds=264.5 learning_rate=0.000517114
2026-09-21 02:44:29 UTC completed_step=5216 elapsed_seconds=265.159 learning_rate=0.000516622
2026-09-21 02:44:30 UTC completed_step=5232 elapsed_seconds=265.82 learning_rate=0.000516129
2026-09-21 02:44:30 UTC completed_step=5248 elapsed_seconds=266.48 learning_rate=0.000515634
2026-09-21 02:44:31 UTC step=5248 elapsed_seconds=267.722 mean_loss=2.66586 errors=4511/10002 exact_sentences=4/1024
2026-09-21 02:44:32 UTC completed_step=5264 elapsed_seconds=268.387 learning_rate=0.000515138
2026-09-21 02:44:33 UTC completed_step=5280 elapsed_seconds=269.048 learning_rate=0.000514641
2026-09-21 02:44:33 UTC completed_step=5296 elapsed_seconds=269.707 learning_rate=0.000514143
2026-09-21 02:44:34 UTC completed_step=5312 elapsed_seconds=270.36 learning_rate=0.000513644
2026-09-21 02:44:35 UTC completed_step=5328 elapsed_seconds=271.015 learning_rate=0.000513143
2026-09-21 02:44:35 UTC completed_step=5344 elapsed_seconds=271.668 learning_rate=0.000512641
2026-09-21 02:44:36 UTC completed_step=5360 elapsed_seconds=272.324 learning_rate=0.000512139
2026-09-21 02:44:37 UTC completed_step=5376 elapsed_seconds=272.978 learning_rate=0.000511635
2026-09-21 02:44:38 UTC step=5376 elapsed_seconds=274.219 mean_loss=2.62121 errors=4414/10002 exact_sentences=4/1024
2026-09-21 02:44:39 UTC completed_step=5392 elapsed_seconds=274.879 learning_rate=0.000511129
2026-09-21 02:44:39 UTC completed_step=5408 elapsed_seconds=275.534 learning_rate=0.000510623
2026-09-21 02:44:40 UTC completed_step=5424 elapsed_seconds=276.188 learning_rate=0.000510116
2026-09-21 02:44:41 UTC completed_step=5440 elapsed_seconds=276.844 learning_rate=0.000509607
2026-09-21 02:44:41 UTC completed_step=5456 elapsed_seconds=277.499 learning_rate=0.000509097
2026-09-21 02:44:42 UTC completed_step=5472 elapsed_seconds=278.153 learning_rate=0.000508586
2026-09-21 02:44:43 UTC completed_step=5488 elapsed_seconds=278.807 learning_rate=0.000508074
2026-09-21 02:44:43 UTC completed_step=5504 elapsed_seconds=279.462 learning_rate=0.000507561
2026-09-21 02:44:44 UTC step=5504 elapsed_seconds=280.718 mean_loss=2.57831 errors=4396/10002 exact_sentences=4/1024
2026-09-21 02:44:45 UTC completed_step=5520 elapsed_seconds=281.378 learning_rate=0.000507047
2026-09-21 02:44:46 UTC completed_step=5536 elapsed_seconds=282.034 learning_rate=0.000506531
2026-09-21 02:44:46 UTC completed_step=5552 elapsed_seconds=282.689 learning_rate=0.000506015
2026-09-21 02:44:47 UTC completed_step=5568 elapsed_seconds=283.343 learning_rate=0.000505497
2026-09-21 02:44:48 UTC completed_step=5584 elapsed_seconds=283.998 learning_rate=0.000504978
2026-09-21 02:44:48 UTC completed_step=5600 elapsed_seconds=284.652 learning_rate=0.000504458
2026-09-21 02:44:49 UTC completed_step=5616 elapsed_seconds=285.307 learning_rate=0.000503937
2026-09-21 02:44:50 UTC completed_step=5632 elapsed_seconds=285.961 learning_rate=0.000503415
2026-09-21 02:44:51 UTC step=5632 elapsed_seconds=287.213 mean_loss=2.54576 errors=4247/10002 exact_sentences=5/1024
2026-09-21 02:44:52 UTC completed_step=5648 elapsed_seconds=287.873 learning_rate=0.000502891
2026-09-21 02:44:52 UTC completed_step=5664 elapsed_seconds=288.526 learning_rate=0.000502367
2026-09-21 02:44:53 UTC completed_step=5680 elapsed_seconds=289.181 learning_rate=0.000501842
2026-09-21 02:44:54 UTC completed_step=5696 elapsed_seconds=289.835 learning_rate=0.000501315
2026-09-21 02:44:54 UTC completed_step=5712 elapsed_seconds=290.489 learning_rate=0.000500787
2026-09-21 02:44:55 UTC completed_step=5728 elapsed_seconds=291.143 learning_rate=0.000500259
2026-09-21 02:44:56 UTC completed_step=5744 elapsed_seconds=291.797 learning_rate=0.000499729
2026-09-21 02:44:56 UTC completed_step=5760 elapsed_seconds=292.451 learning_rate=0.000499198
2026-09-21 02:44:57 UTC step=5760 elapsed_seconds=293.706 mean_loss=2.49376 errors=4187/10002 exact_sentences=4/1024
2026-09-21 02:44:59 UTC completed_step=5776 elapsed_seconds=295.444 learning_rate=0.000498666
2026-09-21 02:45:03 UTC completed_step=5792 elapsed_seconds=299.185 learning_rate=0.000498133
2026-09-21 02:45:05 UTC completed_step=5808 elapsed_seconds=301.665 learning_rate=0.000497599
2026-09-21 02:45:07 UTC completed_step=5824 elapsed_seconds=303.734 learning_rate=0.000497063
2026-09-21 02:45:11 UTC completed_step=5840 elapsed_seconds=307.712 learning_rate=0.000496527
2026-09-21 02:45:15 UTC completed_step=5856 elapsed_seconds=311.463 learning_rate=0.00049599
2026-09-21 02:45:17 UTC completed_step=5872 elapsed_seconds=313.458 learning_rate=0.000495451
2026-09-21 02:45:19 UTC completed_step=5888 elapsed_seconds=315.458 learning_rate=0.000494912
2026-09-21 02:45:21 UTC step=5888 elapsed_seconds=316.964 mean_loss=2.4488 errors=4138/10002 exact_sentences=5/1024
2026-09-21 02:45:25 UTC completed_step=5904 elapsed_seconds=321.139 learning_rate=0.000494371
2026-09-21 02:45:26 UTC completed_step=5920 elapsed_seconds=322.466 learning_rate=0.00049383
2026-09-21 02:45:29 UTC completed_step=5936 elapsed_seconds=325.731 learning_rate=0.000493287
2026-09-21 02:45:34 UTC completed_step=5952 elapsed_seconds=330.698 learning_rate=0.000492743
2026-09-21 02:45:38 UTC completed_step=5968 elapsed_seconds=333.957 learning_rate=0.000492199
2026-09-21 02:45:40 UTC completed_step=5984 elapsed_seconds=336.289 learning_rate=0.000491653
2026-09-21 02:45:42 UTC completed_step=6000 elapsed_seconds=337.821 learning_rate=0.000491106
2026-09-21 02:45:44 UTC completed_step=6016 elapsed_seconds=340.379 learning_rate=0.000490558
2026-09-21 02:45:46 UTC step=6016 elapsed_seconds=342.432 mean_loss=2.41643 errors=4102/10002 exact_sentences=5/1024
2026-09-21 02:45:51 UTC completed_step=6032 elapsed_seconds=347.357 learning_rate=0.00049001
2026-09-21 02:45:54 UTC completed_step=6048 elapsed_seconds=349.826 learning_rate=0.00048946
2026-09-21 02:45:56 UTC completed_step=6064 elapsed_seconds=351.924 learning_rate=0.000488909
2026-09-21 02:45:59 UTC completed_step=6080 elapsed_seconds=355.155 learning_rate=0.000488357
2026-09-21 02:46:03 UTC completed_step=6096 elapsed_seconds=359.651 learning_rate=0.000487804
2026-09-21 02:46:07 UTC completed_step=6112 elapsed_seconds=363.718 learning_rate=0.00048725
2026-09-21 02:46:10 UTC completed_step=6128 elapsed_seconds=366.028 learning_rate=0.000486695
2026-09-21 02:46:13 UTC completed_step=6144 elapsed_seconds=369.732 learning_rate=0.000486139
2026-09-21 02:46:15 UTC step=6144 elapsed_seconds=371.453 mean_loss=2.3725 errors=4020/10002 exact_sentences=7/1024
2026-09-21 02:46:18 UTC completed_step=6160 elapsed_seconds=373.765 learning_rate=0.000485583
2026-09-21 02:46:21 UTC completed_step=6176 elapsed_seconds=377.432 learning_rate=0.000485025
2026-09-21 02:46:23 UTC completed_step=6192 elapsed_seconds=379.546 learning_rate=0.000484466
2026-09-21 02:46:27 UTC completed_step=6208 elapsed_seconds=383.279 learning_rate=0.000483906
2026-09-21 02:46:31 UTC completed_step=6224 elapsed_seconds=387.341 learning_rate=0.000483345
2026-09-21 02:46:36 UTC completed_step=6240 elapsed_seconds=391.889 learning_rate=0.000482783
2026-09-21 02:46:39 UTC completed_step=6256 elapsed_seconds=395.177 learning_rate=0.00048222
2026-09-21 02:46:43 UTC completed_step=6272 elapsed_seconds=399.644 learning_rate=0.000481657
2026-09-21 02:46:45 UTC step=6272 elapsed_seconds=401.174 mean_loss=2.33609 errors=3963/10002 exact_sentences=6/1024
2026-09-21 02:46:49 UTC completed_step=6288 elapsed_seconds=405.273 learning_rate=0.000481092
2026-09-21 02:46:50 UTC completed_step=6304 elapsed_seconds=406.102 learning_rate=0.000480526
2026-09-21 02:46:52 UTC completed_step=6320 elapsed_seconds=408.702 learning_rate=0.00047996
2026-09-21 02:46:56 UTC completed_step=6336 elapsed_seconds=412.64 learning_rate=0.000479392
2026-09-21 02:46:58 UTC completed_step=6352 elapsed_seconds=414.178 learning_rate=0.000478823
2026-09-21 02:47:00 UTC completed_step=6368 elapsed_seconds=416.121 learning_rate=0.000478254
2026-09-21 02:47:03 UTC completed_step=6384 elapsed_seconds=419.636 learning_rate=0.000477684
2026-09-21 02:47:06 UTC completed_step=6400 elapsed_seconds=422.167 learning_rate=0.000477112
2026-09-21 02:47:07 UTC step=6400 elapsed_seconds=423.687 mean_loss=2.30128 errors=3892/10002 exact_sentences=7/1024
2026-09-21 02:47:12 UTC completed_step=6416 elapsed_seconds=428.636 learning_rate=0.00047654
2026-09-21 02:47:15 UTC completed_step=6432 elapsed_seconds=431.13 learning_rate=0.000475966
2026-09-21 02:47:21 UTC completed_step=6448 elapsed_seconds=436.778 learning_rate=0.000475392
2026-09-21 02:47:21 UTC completed_step=6464 elapsed_seconds=437.552 learning_rate=0.000474817
2026-09-21 02:47:22 UTC completed_step=6480 elapsed_seconds=438.205 learning_rate=0.000474241
2026-09-21 02:47:23 UTC completed_step=6496 elapsed_seconds=438.858 learning_rate=0.000473664
2026-09-21 02:47:23 UTC completed_step=6512 elapsed_seconds=439.511 learning_rate=0.000473086
2026-09-21 02:47:24 UTC completed_step=6528 elapsed_seconds=440.164 learning_rate=0.000472507
2026-09-21 02:47:25 UTC step=6528 elapsed_seconds=441.397 mean_loss=2.28005 errors=3874/10002 exact_sentences=6/1024
2026-09-21 02:47:26 UTC completed_step=6544 elapsed_seconds=442.056 learning_rate=0.000471928
2026-09-21 02:47:26 UTC completed_step=6560 elapsed_seconds=442.71 learning_rate=0.000471347
2026-09-21 02:47:27 UTC completed_step=6576 elapsed_seconds=443.364 learning_rate=0.000470766
2026-09-21 02:47:28 UTC completed_step=6592 elapsed_seconds=444.018 learning_rate=0.000470183
2026-09-21 02:47:28 UTC completed_step=6608 elapsed_seconds=444.673 learning_rate=0.0004696
2026-09-21 02:47:29 UTC completed_step=6624 elapsed_seconds=445.328 learning_rate=0.000469016
2026-09-21 02:47:30 UTC completed_step=6640 elapsed_seconds=445.983 learning_rate=0.000468431
2026-09-21 02:47:30 UTC completed_step=6656 elapsed_seconds=446.638 learning_rate=0.000467845
2026-09-21 02:47:32 UTC step=6656 elapsed_seconds=447.882 mean_loss=2.23329 errors=3838/10002 exact_sentences=6/1024
2026-09-21 02:47:32 UTC completed_step=6672 elapsed_seconds=448.544 learning_rate=0.000467258
2026-09-21 02:47:33 UTC completed_step=6688 elapsed_seconds=449.199 learning_rate=0.00046667
2026-09-21 02:47:34 UTC completed_step=6704 elapsed_seconds=449.854 learning_rate=0.000466081
2026-09-21 02:47:34 UTC completed_step=6720 elapsed_seconds=450.509 learning_rate=0.000465492
2026-09-21 02:47:35 UTC completed_step=6736 elapsed_seconds=451.164 learning_rate=0.000464902
2026-09-21 02:47:36 UTC completed_step=6752 elapsed_seconds=451.819 learning_rate=0.00046431
2026-09-21 02:47:36 UTC completed_step=6768 elapsed_seconds=452.474 learning_rate=0.000463718
2026-09-21 02:47:37 UTC completed_step=6784 elapsed_seconds=453.129 learning_rate=0.000463125
2026-09-21 02:47:38 UTC step=6784 elapsed_seconds=454.363 mean_loss=2.1964 errors=3747/10002 exact_sentences=7/1024
2026-09-21 02:47:39 UTC completed_step=6800 elapsed_seconds=455.023 learning_rate=0.000462532
2026-09-21 02:47:39 UTC completed_step=6816 elapsed_seconds=455.679 learning_rate=0.000461937
2026-09-21 02:47:40 UTC completed_step=6832 elapsed_seconds=456.335 learning_rate=0.000461342
2026-09-21 02:47:41 UTC completed_step=6848 elapsed_seconds=456.989 learning_rate=0.000460745
2026-09-21 02:47:41 UTC completed_step=6864 elapsed_seconds=457.644 learning_rate=0.000460148
2026-09-21 02:47:42 UTC completed_step=6880 elapsed_seconds=458.299 learning_rate=0.00045955
2026-09-21 02:47:43 UTC completed_step=6896 elapsed_seconds=458.955 learning_rate=0.000458951
2026-09-21 02:47:43 UTC completed_step=6912 elapsed_seconds=459.611 learning_rate=0.000458352
2026-09-21 02:47:45 UTC step=6912 elapsed_seconds=460.852 mean_loss=2.16394 errors=3725/10002 exact_sentences=7/1024
2026-09-21 02:47:45 UTC completed_step=6928 elapsed_seconds=461.514 learning_rate=0.000457751
2026-09-21 02:47:46 UTC completed_step=6944 elapsed_seconds=462.171 learning_rate=0.00045715
2026-09-21 02:47:47 UTC completed_step=6960 elapsed_seconds=462.827 learning_rate=0.000456548
2026-09-21 02:47:47 UTC completed_step=6976 elapsed_seconds=463.485 learning_rate=0.000455945
2026-09-21 02:47:48 UTC completed_step=6992 elapsed_seconds=464.143 learning_rate=0.000455342
2026-09-21 02:47:49 UTC completed_step=7008 elapsed_seconds=464.799 learning_rate=0.000454737
2026-09-21 02:47:49 UTC completed_step=7024 elapsed_seconds=465.456 learning_rate=0.000454132
2026-09-21 02:47:50 UTC completed_step=7040 elapsed_seconds=466.114 learning_rate=0.000453526
2026-09-21 02:47:51 UTC step=7040 elapsed_seconds=467.346 mean_loss=2.13285 errors=3637/10002 exact_sentences=6/1024
2026-09-21 02:47:52 UTC completed_step=7056 elapsed_seconds=468.009 learning_rate=0.000452919
2026-09-21 02:47:52 UTC completed_step=7072 elapsed_seconds=468.666 learning_rate=0.000452312
2026-09-21 02:47:53 UTC completed_step=7088 elapsed_seconds=469.323 learning_rate=0.000451703
2026-09-21 02:47:54 UTC completed_step=7104 elapsed_seconds=469.98 learning_rate=0.000451094
2026-09-21 02:47:54 UTC completed_step=7120 elapsed_seconds=470.635 learning_rate=0.000450484
2026-09-21 02:47:55 UTC completed_step=7136 elapsed_seconds=471.288 learning_rate=0.000449873
2026-09-21 02:47:56 UTC completed_step=7152 elapsed_seconds=471.942 learning_rate=0.000449262
2026-09-21 02:47:56 UTC completed_step=7168 elapsed_seconds=472.595 learning_rate=0.00044865
2026-09-21 02:47:58 UTC step=7168 elapsed_seconds=473.839 mean_loss=2.09999 errors=3605/10002 exact_sentences=11/1024
2026-09-21 02:47:58 UTC completed_step=7184 elapsed_seconds=474.498 learning_rate=0.000448037
2026-09-21 02:47:59 UTC completed_step=7200 elapsed_seconds=475.151 learning_rate=0.000447423
2026-09-21 02:48:00 UTC completed_step=7216 elapsed_seconds=475.805 learning_rate=0.000446808
2026-09-21 02:48:00 UTC completed_step=7232 elapsed_seconds=476.459 learning_rate=0.000446193
2026-09-21 02:48:01 UTC completed_step=7248 elapsed_seconds=477.112 learning_rate=0.000445577
2026-09-21 02:48:02 UTC completed_step=7264 elapsed_seconds=477.767 learning_rate=0.00044496
2026-09-21 02:48:02 UTC completed_step=7280 elapsed_seconds=478.422 learning_rate=0.000444343
2026-09-21 02:48:03 UTC completed_step=7296 elapsed_seconds=479.077 learning_rate=0.000443725
2026-09-21 02:48:04 UTC step=7296 elapsed_seconds=480.315 mean_loss=2.07269 errors=3535/10002 exact_sentences=11/1024
2026-09-21 02:48:05 UTC completed_step=7312 elapsed_seconds=480.974 learning_rate=0.000443106
2026-09-21 02:48:05 UTC completed_step=7328 elapsed_seconds=481.629 learning_rate=0.000442486
2026-09-21 02:48:06 UTC completed_step=7344 elapsed_seconds=482.283 learning_rate=0.000441866
2026-09-21 02:48:07 UTC completed_step=7360 elapsed_seconds=482.938 learning_rate=0.000441245
2026-09-21 02:48:07 UTC completed_step=7376 elapsed_seconds=483.594 learning_rate=0.000440623
2026-09-21 02:48:08 UTC completed_step=7392 elapsed_seconds=484.249 learning_rate=0.000440001
2026-09-21 02:48:09 UTC completed_step=7408 elapsed_seconds=484.903 learning_rate=0.000439377
2026-09-21 02:48:09 UTC completed_step=7424 elapsed_seconds=485.559 learning_rate=0.000438754
2026-09-21 02:48:11 UTC step=7424 elapsed_seconds=486.802 mean_loss=2.04727 errors=3558/10002 exact_sentences=8/1024
2026-09-21 02:48:11 UTC completed_step=7440 elapsed_seconds=487.462 learning_rate=0.000438129
2026-09-21 02:48:12 UTC completed_step=7456 elapsed_seconds=488.116 learning_rate=0.000437504
2026-09-21 02:48:13 UTC completed_step=7472 elapsed_seconds=488.772 learning_rate=0.000436878
2026-09-21 02:48:13 UTC completed_step=7488 elapsed_seconds=489.427 learning_rate=0.000436251
2026-09-21 02:48:14 UTC completed_step=7504 elapsed_seconds=490.082 learning_rate=0.000435624
2026-09-21 02:48:14 UTC completed_step=7520 elapsed_seconds=490.738 learning_rate=0.000434996
2026-09-21 02:48:15 UTC completed_step=7536 elapsed_seconds=491.393 learning_rate=0.000434367
2026-09-21 02:48:16 UTC completed_step=7552 elapsed_seconds=492.049 learning_rate=0.000433738
2026-09-21 02:48:17 UTC step=7552 elapsed_seconds=493.299 mean_loss=2.01876 errors=3460/10002 exact_sentences=13/1024
2026-09-21 02:48:18 UTC completed_step=7568 elapsed_seconds=493.957 learning_rate=0.000433108
2026-09-21 02:48:18 UTC completed_step=7584 elapsed_seconds=494.611 learning_rate=0.000432477
2026-09-21 02:48:19 UTC completed_step=7600 elapsed_seconds=495.266 learning_rate=0.000431846
2026-09-21 02:48:20 UTC completed_step=7616 elapsed_seconds=495.922 learning_rate=0.000431214
2026-09-21 02:48:20 UTC completed_step=7632 elapsed_seconds=496.578 learning_rate=0.000430581
2026-09-21 02:48:21 UTC completed_step=7648 elapsed_seconds=497.233 learning_rate=0.000429948
2026-09-21 02:48:22 UTC completed_step=7664 elapsed_seconds=497.889 learning_rate=0.000429314
2026-09-21 02:48:22 UTC completed_step=7680 elapsed_seconds=498.545 learning_rate=0.00042868
2026-09-21 02:48:24 UTC step=7680 elapsed_seconds=499.792 mean_loss=1.9951 errors=3458/10002 exact_sentences=13/1024
2026-09-21 02:48:24 UTC completed_step=7696 elapsed_seconds=500.454 learning_rate=0.000428045
2026-09-21 02:48:25 UTC completed_step=7712 elapsed_seconds=501.111 learning_rate=0.000427409
2026-09-21 02:48:26 UTC completed_step=7728 elapsed_seconds=501.768 learning_rate=0.000426773
2026-09-21 02:48:26 UTC completed_step=7744 elapsed_seconds=502.425 learning_rate=0.000426136
2026-09-21 02:48:27 UTC completed_step=7760 elapsed_seconds=503.081 learning_rate=0.000425498
2026-09-21 02:48:27 UTC completed_step=7776 elapsed_seconds=503.736 learning_rate=0.00042486
2026-09-21 02:48:28 UTC completed_step=7792 elapsed_seconds=504.39 learning_rate=0.000424221
2026-09-21 02:48:29 UTC completed_step=7808 elapsed_seconds=505.044 learning_rate=0.000423582
2026-09-21 02:48:30 UTC step=7808 elapsed_seconds=506.284 mean_loss=1.96087 errors=3404/10002 exact_sentences=14/1024
2026-09-21 02:48:31 UTC completed_step=7824 elapsed_seconds=506.945 learning_rate=0.000422942
2026-09-21 02:48:31 UTC completed_step=7840 elapsed_seconds=507.6 learning_rate=0.000422301
2026-09-21 02:48:32 UTC completed_step=7856 elapsed_seconds=508.255 learning_rate=0.00042166
2026-09-21 02:48:33 UTC completed_step=7872 elapsed_seconds=508.911 learning_rate=0.000421018
2026-09-21 02:48:33 UTC completed_step=7888 elapsed_seconds=509.567 learning_rate=0.000420376
2026-09-21 02:48:34 UTC completed_step=7904 elapsed_seconds=510.223 learning_rate=0.000419733
2026-09-21 02:48:35 UTC completed_step=7920 elapsed_seconds=510.88 learning_rate=0.000419089
2026-09-21 02:48:35 UTC completed_step=7936 elapsed_seconds=511.536 learning_rate=0.000418445
2026-09-21 02:48:37 UTC step=7936 elapsed_seconds=512.78 mean_loss=1.9366 errors=3358/10002 exact_sentences=12/1024
2026-09-21 02:48:37 UTC completed_step=7952 elapsed_seconds=513.441 learning_rate=0.0004178
2026-09-21 02:48:38 UTC completed_step=7968 elapsed_seconds=514.097 learning_rate=0.000417155
2026-09-21 02:48:39 UTC completed_step=7984 elapsed_seconds=514.753 learning_rate=0.000416509
2026-09-21 02:48:39 UTC completed_step=8000 elapsed_seconds=515.408 learning_rate=0.000415863
2026-09-21 02:48:40 UTC completed_step=8016 elapsed_seconds=516.065 learning_rate=0.000415216
2026-09-21 02:48:40 UTC completed_step=8032 elapsed_seconds=516.719 learning_rate=0.000414569
2026-09-21 02:48:41 UTC completed_step=8048 elapsed_seconds=517.375 learning_rate=0.000413921
2026-09-21 02:48:42 UTC completed_step=8064 elapsed_seconds=518.03 learning_rate=0.000413272
2026-09-21 02:48:43 UTC step=8064 elapsed_seconds=519.295 mean_loss=1.90643 errors=3304/10002 exact_sentences=15/1024
2026-09-21 02:48:44 UTC completed_step=8080 elapsed_seconds=519.956 learning_rate=0.000412623
2026-09-21 02:48:44 UTC completed_step=8096 elapsed_seconds=520.611 learning_rate=0.000411974
2026-09-21 02:48:45 UTC completed_step=8112 elapsed_seconds=521.267 learning_rate=0.000411324
2026-09-21 02:48:46 UTC completed_step=8128 elapsed_seconds=521.924 learning_rate=0.000410673
2026-09-21 02:48:46 UTC completed_step=8144 elapsed_seconds=522.58 learning_rate=0.000410022
2026-09-21 02:48:47 UTC completed_step=8160 elapsed_seconds=523.237 learning_rate=0.000409371
2026-09-21 02:48:48 UTC completed_step=8176 elapsed_seconds=523.893 learning_rate=0.000408718
2026-09-21 02:48:48 UTC completed_step=8192 elapsed_seconds=524.552 learning_rate=0.000408066
2026-09-21 02:48:50 UTC step=8192 elapsed_seconds=525.803 mean_loss=1.88834 errors=3271/10002 exact_sentences=21/1024
2026-09-21 02:48:50 UTC completed_step=8208 elapsed_seconds=526.466 learning_rate=0.000407413
2026-09-21 02:48:51 UTC completed_step=8224 elapsed_seconds=527.124 learning_rate=0.000406759
2026-09-21 02:48:52 UTC completed_step=8240 elapsed_seconds=527.782 learning_rate=0.000406105
2026-09-21 02:48:52 UTC completed_step=8256 elapsed_seconds=528.438 learning_rate=0.00040545
2026-09-21 02:48:53 UTC completed_step=8272 elapsed_seconds=529.098 learning_rate=0.000404795
2026-09-21 02:48:54 UTC completed_step=8288 elapsed_seconds=529.755 learning_rate=0.00040414
2026-09-21 02:48:54 UTC completed_step=8304 elapsed_seconds=530.413 learning_rate=0.000403484
2026-09-21 02:48:55 UTC completed_step=8320 elapsed_seconds=531.072 learning_rate=0.000402827
2026-09-21 02:48:56 UTC step=8320 elapsed_seconds=532.329 mean_loss=1.86023 errors=3193/10002 exact_sentences=17/1024
2026-09-21 02:48:57 UTC completed_step=8336 elapsed_seconds=532.993 learning_rate=0.00040217
2026-09-21 02:48:57 UTC completed_step=8352 elapsed_seconds=533.652 learning_rate=0.000401513
2026-09-21 02:48:58 UTC completed_step=8368 elapsed_seconds=534.31 learning_rate=0.000400855
2026-09-21 02:48:59 UTC completed_step=8384 elapsed_seconds=534.969 learning_rate=0.000400197
2026-09-21 02:48:59 UTC completed_step=8400 elapsed_seconds=535.628 learning_rate=0.000399538
2026-09-21 02:49:00 UTC completed_step=8416 elapsed_seconds=536.286 learning_rate=0.000398879
2026-09-21 02:49:01 UTC completed_step=8432 elapsed_seconds=536.944 learning_rate=0.000398219
2026-09-21 02:49:01 UTC completed_step=8448 elapsed_seconds=537.601 learning_rate=0.000397559
2026-09-21 02:49:03 UTC step=8448 elapsed_seconds=538.865 mean_loss=1.83656 errors=3178/10002 exact_sentences=21/1024
2026-09-21 02:49:03 UTC completed_step=8464 elapsed_seconds=539.525 learning_rate=0.000396899
2026-09-21 02:49:04 UTC completed_step=8480 elapsed_seconds=540.178 learning_rate=0.000396238
2026-09-21 02:49:05 UTC completed_step=8496 elapsed_seconds=540.831 learning_rate=0.000395576
2026-09-21 02:49:05 UTC completed_step=8512 elapsed_seconds=541.484 learning_rate=0.000394914
2026-09-21 02:49:06 UTC completed_step=8528 elapsed_seconds=542.138 learning_rate=0.000394252
2026-09-21 02:49:07 UTC completed_step=8544 elapsed_seconds=542.792 learning_rate=0.00039359
2026-09-21 02:49:07 UTC completed_step=8560 elapsed_seconds=543.446 learning_rate=0.000392927
2026-09-21 02:49:08 UTC completed_step=8576 elapsed_seconds=544.1 learning_rate=0.000392263
2026-09-21 02:49:09 UTC step=8576 elapsed_seconds=545.338 mean_loss=1.8129 errors=3161/10002 exact_sentences=22/1024
2026-09-21 02:49:10 UTC completed_step=8592 elapsed_seconds=545.998 learning_rate=0.000391599
2026-09-21 02:49:10 UTC completed_step=8608 elapsed_seconds=546.653 learning_rate=0.000390935
2026-09-21 02:49:11 UTC completed_step=8624 elapsed_seconds=547.308 learning_rate=0.000390271
2026-09-21 02:49:12 UTC completed_step=8640 elapsed_seconds=547.963 learning_rate=0.000389606
2026-09-21 02:49:12 UTC completed_step=8656 elapsed_seconds=548.619 learning_rate=0.00038894
2026-09-21 02:49:13 UTC completed_step=8672 elapsed_seconds=549.273 learning_rate=0.000388275
2026-09-21 02:49:14 UTC completed_step=8688 elapsed_seconds=549.928 learning_rate=0.000387608
2026-09-21 02:49:14 UTC completed_step=8704 elapsed_seconds=550.583 learning_rate=0.000386942
2026-09-21 02:49:16 UTC step=8704 elapsed_seconds=551.839 mean_loss=1.79249 errors=3124/10002 exact_sentences=20/1024
2026-09-21 02:49:16 UTC completed_step=8720 elapsed_seconds=552.5 learning_rate=0.000386275
2026-09-21 02:49:17 UTC completed_step=8736 elapsed_seconds=553.156 learning_rate=0.000385608
2026-09-21 02:49:18 UTC completed_step=8752 elapsed_seconds=553.811 learning_rate=0.00038494
2026-09-21 02:49:18 UTC completed_step=8768 elapsed_seconds=554.466 learning_rate=0.000384272
2026-09-21 02:49:19 UTC completed_step=8784 elapsed_seconds=555.12 learning_rate=0.000383604
2026-09-21 02:49:20 UTC completed_step=8800 elapsed_seconds=555.774 learning_rate=0.000382936
2026-09-21 02:49:20 UTC completed_step=8816 elapsed_seconds=556.428 learning_rate=0.000382267
2026-09-21 02:49:21 UTC completed_step=8832 elapsed_seconds=557.083 learning_rate=0.000381597
2026-09-21 02:49:22 UTC step=8832 elapsed_seconds=558.314 mean_loss=1.77075 errors=3087/10002 exact_sentences=23/1024
2026-09-21 02:49:23 UTC completed_step=8848 elapsed_seconds=558.973 learning_rate=0.000380928
2026-09-21 02:49:23 UTC completed_step=8864 elapsed_seconds=559.626 learning_rate=0.000380258
2026-09-21 02:49:24 UTC completed_step=8880 elapsed_seconds=560.28 learning_rate=0.000379588
2026-09-21 02:49:25 UTC completed_step=8896 elapsed_seconds=560.933 learning_rate=0.000378917
2026-09-21 02:49:25 UTC completed_step=8912 elapsed_seconds=561.586 learning_rate=0.000378246
2026-09-21 02:49:26 UTC completed_step=8928 elapsed_seconds=562.24 learning_rate=0.000377575
2026-09-21 02:49:27 UTC completed_step=8944 elapsed_seconds=562.897 learning_rate=0.000376904
2026-09-21 02:49:27 UTC completed_step=8960 elapsed_seconds=563.552 learning_rate=0.000376232
2026-09-21 02:49:29 UTC step=8960 elapsed_seconds=564.795 mean_loss=1.75089 errors=3058/10002 exact_sentences=24/1024
2026-09-21 02:49:29 UTC completed_step=8976 elapsed_seconds=565.455 learning_rate=0.00037556
2026-09-21 02:49:30 UTC completed_step=8992 elapsed_seconds=566.109 learning_rate=0.000374887
2026-09-21 02:49:31 UTC completed_step=9008 elapsed_seconds=566.765 learning_rate=0.000374215
2026-09-21 02:49:31 UTC completed_step=9024 elapsed_seconds=567.42 learning_rate=0.000373542
2026-09-21 02:49:32 UTC completed_step=9040 elapsed_seconds=568.075 learning_rate=0.000372869
2026-09-21 02:49:32 UTC completed_step=9056 elapsed_seconds=568.73 learning_rate=0.000372195
2026-09-21 02:49:33 UTC completed_step=9072 elapsed_seconds=569.386 learning_rate=0.000371521
2026-09-21 02:49:34 UTC completed_step=9088 elapsed_seconds=570.041 learning_rate=0.000370847
2026-09-21 02:49:35 UTC step=9088 elapsed_seconds=571.283 mean_loss=1.72898 errors=3005/10002 exact_sentences=27/1024
2026-09-21 02:49:36 UTC completed_step=9104 elapsed_seconds=571.943 learning_rate=0.000370173
2026-09-21 02:49:36 UTC completed_step=9120 elapsed_seconds=572.597 learning_rate=0.000369499
2026-09-21 02:49:37 UTC completed_step=9136 elapsed_seconds=573.254 learning_rate=0.000368824
2026-09-21 02:49:38 UTC completed_step=9152 elapsed_seconds=573.909 learning_rate=0.000368149
2026-09-21 02:49:38 UTC completed_step=9168 elapsed_seconds=574.563 learning_rate=0.000367474
2026-09-21 02:49:39 UTC completed_step=9184 elapsed_seconds=575.218 learning_rate=0.000366798
2026-09-21 02:49:40 UTC completed_step=9200 elapsed_seconds=575.873 learning_rate=0.000366122
2026-09-21 02:49:40 UTC completed_step=9216 elapsed_seconds=576.528 learning_rate=0.000365446
2026-09-21 02:49:42 UTC step=9216 elapsed_seconds=577.803 mean_loss=1.70883 errors=2967/10002 exact_sentences=29/1024
2026-09-21 02:49:42 UTC completed_step=9232 elapsed_seconds=578.464 learning_rate=0.00036477
2026-09-21 02:49:43 UTC completed_step=9248 elapsed_seconds=579.12 learning_rate=0.000364094
2026-09-21 02:49:44 UTC completed_step=9264 elapsed_seconds=579.776 learning_rate=0.000363417
2026-09-21 02:49:44 UTC completed_step=9280 elapsed_seconds=580.431 learning_rate=0.00036274
2026-09-21 02:49:45 UTC completed_step=9296 elapsed_seconds=581.086 learning_rate=0.000362063
2026-09-21 02:49:45 UTC completed_step=9312 elapsed_seconds=581.742 learning_rate=0.000361386
2026-09-21 02:49:46 UTC completed_step=9328 elapsed_seconds=582.397 learning_rate=0.000360708
2026-09-21 02:49:47 UTC completed_step=9344 elapsed_seconds=583.052 learning_rate=0.000360031
2026-09-21 02:49:48 UTC step=9344 elapsed_seconds=584.288 mean_loss=1.68942 errors=2979/10002 exact_sentences=26/1024
2026-09-21 02:49:49 UTC completed_step=9360 elapsed_seconds=584.949 learning_rate=0.000359353
2026-09-21 02:49:49 UTC completed_step=9376 elapsed_seconds=585.605 learning_rate=0.000358675
2026-09-21 02:49:50 UTC completed_step=9392 elapsed_seconds=586.261 learning_rate=0.000357997
2026-09-21 02:49:51 UTC completed_step=9408 elapsed_seconds=586.917 learning_rate=0.000357318
2026-09-21 02:49:51 UTC completed_step=9424 elapsed_seconds=587.572 learning_rate=0.00035664
2026-09-21 02:49:52 UTC completed_step=9440 elapsed_seconds=588.229 learning_rate=0.000355961
2026-09-21 02:49:53 UTC completed_step=9456 elapsed_seconds=588.886 learning_rate=0.000355282
2026-09-21 02:49:53 UTC completed_step=9472 elapsed_seconds=589.542 learning_rate=0.000354603
2026-09-21 02:49:55 UTC step=9472 elapsed_seconds=590.799 mean_loss=1.67113 errors=2947/10002 exact_sentences=28/1024
2026-09-21 02:49:55 UTC completed_step=9488 elapsed_seconds=591.459 learning_rate=0.000353924
2026-09-21 02:49:56 UTC completed_step=9504 elapsed_seconds=592.113 learning_rate=0.000353244
2026-09-21 02:49:57 UTC completed_step=9520 elapsed_seconds=592.768 learning_rate=0.000352565
2026-09-21 02:49:57 UTC completed_step=9536 elapsed_seconds=593.421 learning_rate=0.000351885
2026-09-21 02:49:58 UTC completed_step=9552 elapsed_seconds=594.075 learning_rate=0.000351205
2026-09-21 02:49:58 UTC completed_step=9568 elapsed_seconds=594.73 learning_rate=0.000350525
2026-09-21 02:49:59 UTC completed_step=9584 elapsed_seconds=595.384 learning_rate=0.000349845
2026-09-21 02:50:00 UTC completed_step=9600 elapsed_seconds=596.039 learning_rate=0.000349165
2026-09-21 02:50:01 UTC step=9600 elapsed_seconds=597.294 mean_loss=1.65059 errors=2893/10002 exact_sentences=32/1024
2026-09-21 02:50:02 UTC completed_step=9616 elapsed_seconds=597.954 learning_rate=0.000348485
2026-09-21 02:50:02 UTC completed_step=9632 elapsed_seconds=598.61 learning_rate=0.000347804
2026-09-21 02:50:03 UTC completed_step=9648 elapsed_seconds=599.266 learning_rate=0.000347124
2026-09-21 02:50:04 UTC completed_step=9664 elapsed_seconds=599.921 learning_rate=0.000346443
2026-09-21 02:50:04 UTC completed_step=9680 elapsed_seconds=600.576 learning_rate=0.000345762
2026-09-21 02:50:05 UTC completed_step=9696 elapsed_seconds=601.232 learning_rate=0.000345081
2026-09-21 02:50:06 UTC completed_step=9712 elapsed_seconds=601.888 learning_rate=0.0003444
2026-09-21 02:50:06 UTC completed_step=9728 elapsed_seconds=602.545 learning_rate=0.000343719
2026-09-21 02:50:08 UTC step=9728 elapsed_seconds=603.784 mean_loss=1.63261 errors=2861/10002 exact_sentences=35/1024
2026-09-21 02:50:08 UTC completed_step=9744 elapsed_seconds=604.447 learning_rate=0.000343038
2026-09-21 02:50:09 UTC completed_step=9760 elapsed_seconds=605.104 learning_rate=0.000342357
2026-09-21 02:50:10 UTC completed_step=9776 elapsed_seconds=605.76 learning_rate=0.000341676
2026-09-21 02:50:10 UTC completed_step=9792 elapsed_seconds=606.415 learning_rate=0.000340994
2026-09-21 02:50:11 UTC completed_step=9808 elapsed_seconds=607.07 learning_rate=0.000340313
2026-09-21 02:50:11 UTC completed_step=9824 elapsed_seconds=607.726 learning_rate=0.000339631
2026-09-21 02:50:12 UTC completed_step=9840 elapsed_seconds=608.381 learning_rate=0.00033895
2026-09-21 02:50:13 UTC completed_step=9856 elapsed_seconds=609.036 learning_rate=0.000338268
2026-09-21 02:50:14 UTC step=9856 elapsed_seconds=610.292 mean_loss=1.61567 errors=2844/10002 exact_sentences=33/1024
2026-09-21 02:50:15 UTC completed_step=9872 elapsed_seconds=610.952 learning_rate=0.000337586
2026-09-21 02:50:15 UTC completed_step=9888 elapsed_seconds=611.608 learning_rate=0.000336904
2026-09-21 02:50:16 UTC completed_step=9904 elapsed_seconds=612.264 learning_rate=0.000336223
2026-09-21 02:50:17 UTC completed_step=9920 elapsed_seconds=612.92 learning_rate=0.000335541
2026-09-21 02:50:17 UTC completed_step=9936 elapsed_seconds=613.576 learning_rate=0.000334859
2026-09-21 02:50:18 UTC completed_step=9952 elapsed_seconds=614.231 learning_rate=0.000334177
2026-09-21 02:50:19 UTC completed_step=9968 elapsed_seconds=614.888 learning_rate=0.000333495
2026-09-21 02:50:19 UTC completed_step=9984 elapsed_seconds=615.544 learning_rate=0.000332813
2026-09-21 02:50:21 UTC step=9984 elapsed_seconds=616.784 mean_loss=1.59867 errors=2811/10002 exact_sentences=38/1024
2026-09-21 02:50:21 UTC completed_step=10000 elapsed_seconds=617.445 learning_rate=0.000332131
2026-09-21 02:50:22 UTC completed_step=10016 elapsed_seconds=618.102 learning_rate=0.000331449
2026-09-21 02:50:23 UTC completed_step=10032 elapsed_seconds=618.758 learning_rate=0.000330767
2026-09-21 02:50:23 UTC completed_step=10048 elapsed_seconds=619.414 learning_rate=0.000330085
2026-09-21 02:50:24 UTC completed_step=10064 elapsed_seconds=620.07 learning_rate=0.000329403
2026-09-21 02:50:24 UTC completed_step=10080 elapsed_seconds=620.727 learning_rate=0.000328721
2026-09-21 02:50:25 UTC completed_step=10096 elapsed_seconds=621.383 learning_rate=0.000328039
2026-09-21 02:50:26 UTC completed_step=10112 elapsed_seconds=622.036 learning_rate=0.000327357
2026-09-21 02:50:27 UTC step=10112 elapsed_seconds=623.3 mean_loss=1.58027 errors=2778/10002 exact_sentences=37/1024
2026-09-21 02:50:28 UTC completed_step=10128 elapsed_seconds=623.96 learning_rate=0.000326675
2026-09-21 02:50:28 UTC completed_step=10144 elapsed_seconds=624.613 learning_rate=0.000325993
2026-09-21 02:50:29 UTC completed_step=10160 elapsed_seconds=625.267 learning_rate=0.000325312
2026-09-21 02:50:30 UTC completed_step=10176 elapsed_seconds=625.923 learning_rate=0.00032463
2026-09-21 02:50:30 UTC completed_step=10192 elapsed_seconds=626.577 learning_rate=0.000323948
2026-09-21 02:50:31 UTC completed_step=10208 elapsed_seconds=627.232 learning_rate=0.000323266
2026-09-21 02:50:32 UTC completed_step=10224 elapsed_seconds=627.887 learning_rate=0.000322584
2026-09-21 02:50:32 UTC completed_step=10240 elapsed_seconds=628.543 learning_rate=0.000321903
2026-09-21 02:50:34 UTC step=10240 elapsed_seconds=629.782 mean_loss=1.5706 errors=2748/10002 exact_sentences=42/1024
2026-09-21 02:50:34 UTC completed_step=10256 elapsed_seconds=630.444 learning_rate=0.000321221
2026-09-21 02:50:35 UTC completed_step=10272 elapsed_seconds=631.1 learning_rate=0.000320539
2026-09-21 02:50:36 UTC completed_step=10288 elapsed_seconds=631.756 learning_rate=0.000319858
2026-09-21 02:50:36 UTC completed_step=10304 elapsed_seconds=632.412 learning_rate=0.000319176
2026-09-21 02:50:37 UTC completed_step=10320 elapsed_seconds=633.069 learning_rate=0.000318495
2026-09-21 02:50:37 UTC completed_step=10336 elapsed_seconds=633.725 learning_rate=0.000317814
2026-09-21 02:50:38 UTC completed_step=10352 elapsed_seconds=634.382 learning_rate=0.000317132
2026-09-21 02:50:39 UTC completed_step=10368 elapsed_seconds=635.038 learning_rate=0.000316451
2026-09-21 02:50:40 UTC step=10368 elapsed_seconds=636.303 mean_loss=1.5548 errors=2740/10002 exact_sentences=38/1024
2026-09-21 02:50:41 UTC completed_step=10384 elapsed_seconds=636.966 learning_rate=0.00031577
2026-09-21 02:50:41 UTC completed_step=10400 elapsed_seconds=637.623 learning_rate=0.000315089
2026-09-21 02:50:42 UTC completed_step=10416 elapsed_seconds=638.28 learning_rate=0.000314408
2026-09-21 02:50:43 UTC completed_step=10432 elapsed_seconds=638.936 learning_rate=0.000313727
2026-09-21 02:50:43 UTC completed_step=10448 elapsed_seconds=639.591 learning_rate=0.000313047
2026-09-21 02:50:44 UTC completed_step=10464 elapsed_seconds=640.247 learning_rate=0.000312366
2026-09-21 02:50:45 UTC completed_step=10480 elapsed_seconds=640.902 learning_rate=0.000311685
2026-09-21 02:50:45 UTC completed_step=10496 elapsed_seconds=641.559 learning_rate=0.000311005
2026-09-21 02:50:47 UTC step=10496 elapsed_seconds=642.806 mean_loss=1.53539 errors=2732/10002 exact_sentences=40/1024
2026-09-21 02:50:47 UTC completed_step=10512 elapsed_seconds=643.465 learning_rate=0.000310325
2026-09-21 02:50:48 UTC completed_step=10528 elapsed_seconds=644.119 learning_rate=0.000309645
2026-09-21 02:50:49 UTC completed_step=10544 elapsed_seconds=644.774 learning_rate=0.000308965
2026-09-21 02:50:49 UTC completed_step=10560 elapsed_seconds=645.429 learning_rate=0.000308285
2026-09-21 02:50:50 UTC completed_step=10576 elapsed_seconds=646.083 learning_rate=0.000307605
2026-09-21 02:50:50 UTC completed_step=10592 elapsed_seconds=646.738 learning_rate=0.000306926
2026-09-21 02:50:51 UTC completed_step=10608 elapsed_seconds=647.395 learning_rate=0.000306246
2026-09-21 02:50:52 UTC completed_step=10624 elapsed_seconds=648.051 learning_rate=0.000305567
2026-09-21 02:50:53 UTC step=10624 elapsed_seconds=649.287 mean_loss=1.51891 errors=2724/10002 exact_sentences=37/1024
2026-09-21 02:50:54 UTC completed_step=10640 elapsed_seconds=649.947 learning_rate=0.000304888
2026-09-21 02:50:54 UTC completed_step=10656 elapsed_seconds=650.602 learning_rate=0.000304209
2026-09-21 02:50:55 UTC completed_step=10672 elapsed_seconds=651.258 learning_rate=0.00030353
2026-09-21 02:50:56 UTC completed_step=10688 elapsed_seconds=651.914 learning_rate=0.000302851
2026-09-21 02:50:56 UTC completed_step=10704 elapsed_seconds=652.57 learning_rate=0.000302173
2026-09-21 02:50:57 UTC completed_step=10720 elapsed_seconds=653.225 learning_rate=0.000301495
2026-09-21 02:50:58 UTC completed_step=10736 elapsed_seconds=653.881 learning_rate=0.000300817
2026-09-21 02:50:58 UTC completed_step=10752 elapsed_seconds=654.537 learning_rate=0.000300139
2026-09-21 02:51:00 UTC step=10752 elapsed_seconds=655.79 mean_loss=1.5039 errors=2656/10002 exact_sentences=44/1024
2026-09-21 02:51:00 UTC completed_step=10768 elapsed_seconds=656.452 learning_rate=0.000299461
2026-09-21 02:51:01 UTC completed_step=10784 elapsed_seconds=657.106 learning_rate=0.000298784
2026-09-21 02:51:02 UTC completed_step=10800 elapsed_seconds=657.76 learning_rate=0.000298106
2026-09-21 02:51:02 UTC completed_step=10816 elapsed_seconds=658.415 learning_rate=0.000297429
2026-09-21 02:51:03 UTC completed_step=10832 elapsed_seconds=659.068 learning_rate=0.000296752
2026-09-21 02:51:03 UTC completed_step=10848 elapsed_seconds=659.722 learning_rate=0.000296075
2026-09-21 02:51:04 UTC completed_step=10864 elapsed_seconds=660.376 learning_rate=0.000295399
2026-09-21 02:51:05 UTC completed_step=10880 elapsed_seconds=661.029 learning_rate=0.000294723
2026-09-21 02:51:06 UTC step=10880 elapsed_seconds=662.262 mean_loss=1.48899 errors=2652/10002 exact_sentences=43/1024
2026-09-21 02:51:07 UTC completed_step=10896 elapsed_seconds=662.925 learning_rate=0.000294047
2026-09-21 02:51:07 UTC completed_step=10912 elapsed_seconds=663.583 learning_rate=0.000293371
2026-09-21 02:51:08 UTC completed_step=10928 elapsed_seconds=664.243 learning_rate=0.000292695
2026-09-21 02:51:09 UTC completed_step=10944 elapsed_seconds=664.901 learning_rate=0.00029202
2026-09-21 02:51:09 UTC completed_step=10960 elapsed_seconds=665.561 learning_rate=0.000291345
2026-09-21 02:51:10 UTC completed_step=10976 elapsed_seconds=666.22 learning_rate=0.00029067
2026-09-21 02:51:11 UTC completed_step=10992 elapsed_seconds=666.879 learning_rate=0.000289995
2026-09-21 02:51:11 UTC completed_step=11008 elapsed_seconds=667.538 learning_rate=0.000289321
2026-09-21 02:51:13 UTC step=11008 elapsed_seconds=668.771 mean_loss=1.4751 errors=2614/10002 exact_sentences=49/1024
2026-09-21 02:51:13 UTC completed_step=11024 elapsed_seconds=669.435 learning_rate=0.000288647
2026-09-21 02:51:14 UTC completed_step=11040 elapsed_seconds=670.095 learning_rate=0.000287973
2026-09-21 02:51:15 UTC completed_step=11056 elapsed_seconds=670.753 learning_rate=0.0002873
2026-09-21 02:51:15 UTC completed_step=11072 elapsed_seconds=671.412 learning_rate=0.000286626
2026-09-21 02:51:16 UTC completed_step=11088 elapsed_seconds=672.069 learning_rate=0.000285953
2026-09-21 02:51:16 UTC completed_step=11104 elapsed_seconds=672.726 learning_rate=0.000285281
2026-09-21 02:51:17 UTC completed_step=11120 elapsed_seconds=673.382 learning_rate=0.000284608
2026-09-21 02:51:18 UTC completed_step=11136 elapsed_seconds=674.037 learning_rate=0.000283936
2026-09-21 02:51:19 UTC step=11136 elapsed_seconds=675.273 mean_loss=1.4598 errors=2611/10002 exact_sentences=48/1024
2026-09-21 02:51:20 UTC completed_step=11152 elapsed_seconds=675.933 learning_rate=0.000283264
2026-09-21 02:51:20 UTC completed_step=11168 elapsed_seconds=676.588 learning_rate=0.000282593
2026-09-21 02:51:21 UTC completed_step=11184 elapsed_seconds=677.244 learning_rate=0.000281921
2026-09-21 02:51:22 UTC completed_step=11200 elapsed_seconds=677.9 learning_rate=0.000281251
2026-09-21 02:51:22 UTC completed_step=11216 elapsed_seconds=678.556 learning_rate=0.00028058
2026-09-21 02:51:23 UTC completed_step=11232 elapsed_seconds=679.212 learning_rate=0.00027991
2026-09-21 02:51:24 UTC completed_step=11248 elapsed_seconds=679.868 learning_rate=0.00027924
2026-09-21 02:51:24 UTC completed_step=11264 elapsed_seconds=680.524 learning_rate=0.00027857
2026-09-21 02:51:26 UTC step=11264 elapsed_seconds=681.78 mean_loss=1.44837 errors=2581/10002 exact_sentences=52/1024
2026-09-21 02:51:26 UTC completed_step=11280 elapsed_seconds=682.445 learning_rate=0.000277901
2026-09-21 02:51:27 UTC completed_step=11296 elapsed_seconds=683.102 learning_rate=0.000277232
2026-09-21 02:51:28 UTC completed_step=11312 elapsed_seconds=683.76 learning_rate=0.000276563
2026-09-21 02:51:28 UTC completed_step=11328 elapsed_seconds=684.418 learning_rate=0.000275895
2026-09-21 02:51:29 UTC completed_step=11344 elapsed_seconds=685.075 learning_rate=0.000275227
2026-09-21 02:51:29 UTC completed_step=11360 elapsed_seconds=685.732 learning_rate=0.000274559
2026-09-21 02:51:30 UTC completed_step=11376 elapsed_seconds=686.39 learning_rate=0.000273892
2026-09-21 02:51:31 UTC completed_step=11392 elapsed_seconds=687.047 learning_rate=0.000273225
2026-09-21 02:51:32 UTC step=11392 elapsed_seconds=688.284 mean_loss=1.43747 errors=2531/10002 exact_sentences=55/1024
2026-09-21 02:51:33 UTC completed_step=11408 elapsed_seconds=688.947 learning_rate=0.000272558
2026-09-21 02:51:33 UTC completed_step=11424 elapsed_seconds=689.604 learning_rate=0.000271892
2026-09-21 02:51:34 UTC completed_step=11440 elapsed_seconds=690.259 learning_rate=0.000271226
2026-09-21 02:51:35 UTC completed_step=11456 elapsed_seconds=690.912 learning_rate=0.000270561
2026-09-21 02:51:35 UTC completed_step=11472 elapsed_seconds=691.567 learning_rate=0.000269896
2026-09-21 02:51:36 UTC completed_step=11488 elapsed_seconds=692.222 learning_rate=0.000269231
2026-09-21 02:51:37 UTC completed_step=11504 elapsed_seconds=692.877 learning_rate=0.000268567
2026-09-21 02:51:37 UTC completed_step=11520 elapsed_seconds=693.532 learning_rate=0.000267903
2026-09-21 02:51:39 UTC step=11520 elapsed_seconds=694.768 mean_loss=1.42221 errors=2532/10002 exact_sentences=55/1024
2026-09-21 02:51:39 UTC completed_step=11536 elapsed_seconds=695.432 learning_rate=0.000267239
2026-09-21 02:51:40 UTC completed_step=11552 elapsed_seconds=696.09 learning_rate=0.000266576
2026-09-21 02:51:41 UTC completed_step=11568 elapsed_seconds=696.747 learning_rate=0.000265913
2026-09-21 02:51:41 UTC completed_step=11584 elapsed_seconds=697.405 learning_rate=0.000265251
2026-09-21 02:51:42 UTC completed_step=11600 elapsed_seconds=698.063 learning_rate=0.000264589
2026-09-21 02:51:42 UTC completed_step=11616 elapsed_seconds=698.721 learning_rate=0.000263928
2026-09-21 02:51:43 UTC completed_step=11632 elapsed_seconds=699.378 learning_rate=0.000263267
2026-09-21 02:51:44 UTC completed_step=11648 elapsed_seconds=700.036 learning_rate=0.000262606
2026-09-21 02:51:45 UTC step=11648 elapsed_seconds=701.276 mean_loss=1.4145 errors=2513/10002 exact_sentences=65/1024
2026-09-21 02:51:46 UTC completed_step=11664 elapsed_seconds=701.939 learning_rate=0.000261946
2026-09-21 02:51:46 UTC completed_step=11680 elapsed_seconds=702.596 learning_rate=0.000261286
2026-09-21 02:51:47 UTC completed_step=11696 elapsed_seconds=703.254 learning_rate=0.000260627
2026-09-21 02:51:48 UTC completed_step=11712 elapsed_seconds=703.911 learning_rate=0.000259968
2026-09-21 02:51:48 UTC completed_step=11728 elapsed_seconds=704.568 learning_rate=0.000259309
2026-09-21 02:51:49 UTC completed_step=11744 elapsed_seconds=705.225 learning_rate=0.000258652
2026-09-21 02:51:50 UTC completed_step=11760 elapsed_seconds=705.883 learning_rate=0.000257994
2026-09-21 02:51:50 UTC completed_step=11776 elapsed_seconds=706.537 learning_rate=0.000257337
2026-09-21 02:51:52 UTC step=11776 elapsed_seconds=707.768 mean_loss=1.39641 errors=2496/10002 exact_sentences=54/1024
2026-09-21 02:51:52 UTC completed_step=11792 elapsed_seconds=708.429 learning_rate=0.00025668
2026-09-21 02:51:53 UTC completed_step=11808 elapsed_seconds=709.083 learning_rate=0.000256024
2026-09-21 02:51:53 UTC completed_step=11824 elapsed_seconds=709.737 learning_rate=0.000255369
2026-09-21 02:51:54 UTC completed_step=11840 elapsed_seconds=710.392 learning_rate=0.000254713
2026-09-21 02:51:55 UTC completed_step=11856 elapsed_seconds=711.046 learning_rate=0.000254059
2026-09-21 02:51:55 UTC completed_step=11872 elapsed_seconds=711.7 learning_rate=0.000253404
2026-09-21 02:51:56 UTC completed_step=11888 elapsed_seconds=712.354 learning_rate=0.000252751
2026-09-21 02:51:57 UTC completed_step=11904 elapsed_seconds=713.007 learning_rate=0.000252097
2026-09-21 02:51:58 UTC step=11904 elapsed_seconds=714.236 mean_loss=1.38605 errors=2488/10002 exact_sentences=56/1024
2026-09-21 02:51:59 UTC completed_step=11920 elapsed_seconds=714.895 learning_rate=0.000251445
2026-09-21 02:51:59 UTC completed_step=11936 elapsed_seconds=715.55 learning_rate=0.000250792
2026-09-21 02:52:00 UTC completed_step=11952 elapsed_seconds=716.206 learning_rate=0.000250141
2026-09-21 02:52:01 UTC completed_step=11968 elapsed_seconds=716.862 learning_rate=0.00024949
2026-09-21 02:52:01 UTC completed_step=11984 elapsed_seconds=717.518 learning_rate=0.000248839
2026-09-21 02:52:02 UTC completed_step=12000 elapsed_seconds=718.173 learning_rate=0.000248189
2026-09-21 02:52:03 UTC completed_step=12016 elapsed_seconds=718.828 learning_rate=0.000247539
2026-09-21 02:52:03 UTC completed_step=12032 elapsed_seconds=719.484 learning_rate=0.00024689
2026-09-21 02:52:04 UTC step=12032 elapsed_seconds=720.726 mean_loss=1.37497 errors=2452/10002 exact_sentences=60/1024
2026-09-21 02:52:05 UTC completed_step=12048 elapsed_seconds=721.387 learning_rate=0.000246241
2026-09-21 02:52:06 UTC completed_step=12064 elapsed_seconds=722.043 learning_rate=0.000245593
2026-09-21 02:52:06 UTC completed_step=12080 elapsed_seconds=722.699 learning_rate=0.000244946
2026-09-21 02:52:07 UTC completed_step=12096 elapsed_seconds=723.354 learning_rate=0.000244299
2026-09-21 02:52:08 UTC completed_step=12112 elapsed_seconds=724.01 learning_rate=0.000243652
2026-09-21 02:52:08 UTC completed_step=12128 elapsed_seconds=724.667 learning_rate=0.000243006
2026-09-21 02:52:09 UTC completed_step=12144 elapsed_seconds=725.323 learning_rate=0.000242361
2026-09-21 02:52:10 UTC completed_step=12160 elapsed_seconds=725.979 learning_rate=0.000241716
2026-09-21 02:52:11 UTC step=12160 elapsed_seconds=727.222 mean_loss=1.36338 errors=2437/10002 exact_sentences=63/1024
2026-09-21 02:52:12 UTC completed_step=12176 elapsed_seconds=727.88 learning_rate=0.000241072
2026-09-21 02:52:12 UTC completed_step=12192 elapsed_seconds=728.533 learning_rate=0.000240428
2026-09-21 02:52:13 UTC completed_step=12208 elapsed_seconds=729.186 learning_rate=0.000239785
2026-09-21 02:52:14 UTC completed_step=12224 elapsed_seconds=729.839 learning_rate=0.000239143
2026-09-21 02:52:14 UTC completed_step=12240 elapsed_seconds=730.492 learning_rate=0.000238501
2026-09-21 02:52:15 UTC completed_step=12256 elapsed_seconds=731.145 learning_rate=0.000237859
2026-09-21 02:52:16 UTC completed_step=12272 elapsed_seconds=731.8 learning_rate=0.000237219
2026-09-21 02:52:16 UTC completed_step=12288 elapsed_seconds=732.454 learning_rate=0.000236578
2026-09-21 02:52:17 UTC step=12288 elapsed_seconds=733.704 mean_loss=1.35337 errors=2418/10002 exact_sentences=66/1024
2026-09-21 02:52:18 UTC completed_step=12304 elapsed_seconds=734.364 learning_rate=0.000235939
2026-09-21 02:52:19 UTC completed_step=12320 elapsed_seconds=735.019 learning_rate=0.0002353
2026-09-21 02:52:19 UTC completed_step=12336 elapsed_seconds=735.674 learning_rate=0.000234661
2026-09-21 02:52:20 UTC completed_step=12352 elapsed_seconds=736.328 learning_rate=0.000234024
2026-09-21 02:52:21 UTC completed_step=12368 elapsed_seconds=736.983 learning_rate=0.000233387
2026-09-21 02:52:21 UTC completed_step=12384 elapsed_seconds=737.637 learning_rate=0.00023275
2026-09-21 02:52:22 UTC completed_step=12400 elapsed_seconds=738.291 learning_rate=0.000232114
2026-09-21 02:52:23 UTC completed_step=12416 elapsed_seconds=738.946 learning_rate=0.000231479
2026-09-21 02:52:24 UTC step=12416 elapsed_seconds=740.194 mean_loss=1.3492 errors=2386/10002 exact_sentences=73/1024
2026-09-21 02:52:25 UTC completed_step=12432 elapsed_seconds=740.856 learning_rate=0.000230844
2026-09-21 02:52:25 UTC completed_step=12448 elapsed_seconds=741.513 learning_rate=0.00023021
2026-09-21 02:52:26 UTC completed_step=12464 elapsed_seconds=742.17 learning_rate=0.000229577
2026-09-21 02:52:27 UTC completed_step=12480 elapsed_seconds=742.827 learning_rate=0.000228944
2026-09-21 02:52:27 UTC completed_step=12496 elapsed_seconds=743.484 learning_rate=0.000228312
2026-09-21 02:52:28 UTC completed_step=12512 elapsed_seconds=744.143 learning_rate=0.000227681
2026-09-21 02:52:29 UTC completed_step=12528 elapsed_seconds=744.799 learning_rate=0.00022705
2026-09-21 02:52:29 UTC completed_step=12544 elapsed_seconds=745.457 learning_rate=0.00022642
2026-09-21 02:52:30 UTC step=12544 elapsed_seconds=746.688 mean_loss=1.33596 errors=2429/10002 exact_sentences=66/1024
2026-09-21 02:52:31 UTC completed_step=12560 elapsed_seconds=747.354 learning_rate=0.00022579
2026-09-21 02:52:32 UTC completed_step=12576 elapsed_seconds=748.016 learning_rate=0.000225161
2026-09-21 02:52:32 UTC completed_step=12592 elapsed_seconds=748.676 learning_rate=0.000224533
2026-09-21 02:52:33 UTC completed_step=12608 elapsed_seconds=749.338 learning_rate=0.000223906
2026-09-21 02:52:34 UTC completed_step=12624 elapsed_seconds=750 learning_rate=0.000223279
2026-09-21 02:52:34 UTC completed_step=12640 elapsed_seconds=750.661 learning_rate=0.000222653
2026-09-21 02:52:35 UTC completed_step=12656 elapsed_seconds=751.322 learning_rate=0.000222027
2026-09-21 02:52:36 UTC completed_step=12672 elapsed_seconds=751.984 learning_rate=0.000221403
2026-09-21 02:52:37 UTC step=12672 elapsed_seconds=753.219 mean_loss=1.31974 errors=2362/10002 exact_sentences=77/1024
2026-09-21 02:52:38 UTC completed_step=12688 elapsed_seconds=753.886 learning_rate=0.000220779
2026-09-21 02:52:38 UTC completed_step=12704 elapsed_seconds=754.548 learning_rate=0.000220155
2026-09-21 02:52:39 UTC completed_step=12720 elapsed_seconds=755.209 learning_rate=0.000219532
2026-09-21 02:52:40 UTC completed_step=12736 elapsed_seconds=755.87 learning_rate=0.000218911
2026-09-21 02:52:40 UTC completed_step=12752 elapsed_seconds=756.531 learning_rate=0.000218289
2026-09-21 02:52:41 UTC completed_step=12768 elapsed_seconds=757.189 learning_rate=0.000217669
2026-09-21 02:52:42 UTC completed_step=12784 elapsed_seconds=757.846 learning_rate=0.000217049
2026-09-21 02:52:42 UTC completed_step=12800 elapsed_seconds=758.504 learning_rate=0.00021643
2026-09-21 02:52:44 UTC step=12800 elapsed_seconds=759.753 mean_loss=1.3095 errors=2356/10002 exact_sentences=74/1024
2026-09-21 02:52:44 UTC completed_step=12816 elapsed_seconds=760.416 learning_rate=0.000215812
2026-09-21 02:52:45 UTC completed_step=12832 elapsed_seconds=761.073 learning_rate=0.000215194
2026-09-21 02:52:45 UTC completed_step=12848 elapsed_seconds=761.731 learning_rate=0.000214577
2026-09-21 02:52:46 UTC completed_step=12864 elapsed_seconds=762.389 learning_rate=0.000213961
2026-09-21 02:52:47 UTC completed_step=12880 elapsed_seconds=763.047 learning_rate=0.000213345
2026-09-21 02:52:47 UTC completed_step=12896 elapsed_seconds=763.704 learning_rate=0.000212731
2026-09-21 02:52:48 UTC completed_step=12912 elapsed_seconds=764.363 learning_rate=0.000212117
2026-09-21 02:52:49 UTC completed_step=12928 elapsed_seconds=765.021 learning_rate=0.000211504
2026-09-21 02:52:50 UTC step=12928 elapsed_seconds=766.262 mean_loss=1.30162 errors=2319/10002 exact_sentences=75/1024
2026-09-21 02:52:51 UTC completed_step=12944 elapsed_seconds=766.926 learning_rate=0.000210891
2026-09-21 02:52:51 UTC completed_step=12960 elapsed_seconds=767.585 learning_rate=0.000210279
2026-09-21 02:52:52 UTC completed_step=12976 elapsed_seconds=768.244 learning_rate=0.000209669
2026-09-21 02:52:53 UTC completed_step=12992 elapsed_seconds=768.904 learning_rate=0.000209058
2026-09-21 02:52:53 UTC completed_step=13008 elapsed_seconds=769.563 learning_rate=0.000208449
2026-09-21 02:52:54 UTC completed_step=13024 elapsed_seconds=770.223 learning_rate=0.000207841
2026-09-21 02:52:55 UTC completed_step=13040 elapsed_seconds=770.882 learning_rate=0.000207233
2026-09-21 02:52:55 UTC completed_step=13056 elapsed_seconds=771.541 learning_rate=0.000206626
2026-09-21 02:52:57 UTC step=13056 elapsed_seconds=772.786 mean_loss=1.28988 errors=2307/10002 exact_sentences=80/1024
2026-09-21 02:52:57 UTC completed_step=13072 elapsed_seconds=773.451 learning_rate=0.000206019
2026-09-21 02:52:58 UTC completed_step=13088 elapsed_seconds=774.11 learning_rate=0.000205414
2026-09-21 02:52:59 UTC completed_step=13104 elapsed_seconds=774.764 learning_rate=0.000204809
2026-09-21 02:52:59 UTC completed_step=13120 elapsed_seconds=775.42 learning_rate=0.000204205
2026-09-21 02:53:00 UTC completed_step=13136 elapsed_seconds=776.075 learning_rate=0.000203602
2026-09-21 02:53:00 UTC completed_step=13152 elapsed_seconds=776.731 learning_rate=0.000203
2026-09-21 02:53:01 UTC completed_step=13168 elapsed_seconds=777.387 learning_rate=0.000202399
2026-09-21 02:53:02 UTC completed_step=13184 elapsed_seconds=778.042 learning_rate=0.000201798
2026-09-21 02:53:03 UTC step=13184 elapsed_seconds=779.273 mean_loss=1.27911 errors=2305/10002 exact_sentences=80/1024
2026-09-21 02:53:04 UTC completed_step=13200 elapsed_seconds=779.934 learning_rate=0.000201198
2026-09-21 02:53:04 UTC completed_step=13216 elapsed_seconds=780.59 learning_rate=0.000200599
2026-09-21 02:53:05 UTC completed_step=13232 elapsed_seconds=781.246 learning_rate=0.000200001
2026-09-21 02:53:06 UTC completed_step=13248 elapsed_seconds=781.902 learning_rate=0.000199404
2026-09-21 02:53:06 UTC completed_step=13264 elapsed_seconds=782.558 learning_rate=0.000198807
2026-09-21 02:53:07 UTC completed_step=13280 elapsed_seconds=783.214 learning_rate=0.000198212
2026-09-21 02:53:08 UTC completed_step=13296 elapsed_seconds=783.872 learning_rate=0.000197617
2026-09-21 02:53:08 UTC completed_step=13312 elapsed_seconds=784.529 learning_rate=0.000197023
2026-09-21 02:53:10 UTC step=13312 elapsed_seconds=785.774 mean_loss=1.27244 errors=2295/10002 exact_sentences=78/1024
2026-09-21 02:53:10 UTC completed_step=13328 elapsed_seconds=786.439 learning_rate=0.00019643
2026-09-21 02:53:11 UTC completed_step=13344 elapsed_seconds=787.096 learning_rate=0.000195838
2026-09-21 02:53:12 UTC completed_step=13360 elapsed_seconds=787.754 learning_rate=0.000195246
2026-09-21 02:53:12 UTC completed_step=13376 elapsed_seconds=788.411 learning_rate=0.000194656
2026-09-21 02:53:13 UTC completed_step=13392 elapsed_seconds=789.068 learning_rate=0.000194066
2026-09-21 02:53:13 UTC completed_step=13408 elapsed_seconds=789.724 learning_rate=0.000193477
2026-09-21 02:53:14 UTC completed_step=13424 elapsed_seconds=790.381 learning_rate=0.000192889
2026-09-21 02:53:15 UTC completed_step=13440 elapsed_seconds=791.036 learning_rate=0.000192302
2026-09-21 02:53:16 UTC step=13440 elapsed_seconds=792.274 mean_loss=1.26416 errors=2275/10002 exact_sentences=85/1024
2026-09-21 02:53:17 UTC completed_step=13456 elapsed_seconds=792.935 learning_rate=0.000191716
2026-09-21 02:53:17 UTC completed_step=13472 elapsed_seconds=793.589 learning_rate=0.000191131
2026-09-21 02:53:18 UTC completed_step=13488 elapsed_seconds=794.245 learning_rate=0.000190546
2026-09-21 02:53:19 UTC completed_step=13504 elapsed_seconds=794.9 learning_rate=0.000189963
2026-09-21 02:53:19 UTC completed_step=13520 elapsed_seconds=795.554 learning_rate=0.00018938
2026-09-21 02:53:20 UTC completed_step=13536 elapsed_seconds=796.209 learning_rate=0.000188798
2026-09-21 02:53:21 UTC completed_step=13552 elapsed_seconds=796.864 learning_rate=0.000188217
2026-09-21 02:53:21 UTC completed_step=13568 elapsed_seconds=797.519 learning_rate=0.000187637
2026-09-21 02:53:23 UTC step=13568 elapsed_seconds=798.763 mean_loss=1.25488 errors=2234/10002 exact_sentences=84/1024
2026-09-21 02:53:23 UTC completed_step=13584 elapsed_seconds=799.422 learning_rate=0.000187058
2026-09-21 02:53:24 UTC completed_step=13600 elapsed_seconds=800.076 learning_rate=0.00018648
2026-09-21 02:53:24 UTC completed_step=13616 elapsed_seconds=800.732 learning_rate=0.000185903
2026-09-21 02:53:25 UTC completed_step=13632 elapsed_seconds=801.387 learning_rate=0.000185327
2026-09-21 02:53:26 UTC completed_step=13648 elapsed_seconds=802.043 learning_rate=0.000184751
2026-09-21 02:53:26 UTC completed_step=13664 elapsed_seconds=802.698 learning_rate=0.000184177
2026-09-21 02:53:27 UTC completed_step=13680 elapsed_seconds=803.354 learning_rate=0.000183603
2026-09-21 02:53:28 UTC completed_step=13696 elapsed_seconds=804.009 learning_rate=0.000183031
2026-09-21 02:53:29 UTC step=13696 elapsed_seconds=805.25 mean_loss=1.24713 errors=2231/10002 exact_sentences=89/1024
2026-09-21 02:53:30 UTC completed_step=13712 elapsed_seconds=805.91 learning_rate=0.000182459
2026-09-21 02:53:30 UTC completed_step=13728 elapsed_seconds=806.566 learning_rate=0.000181889
2026-09-21 02:53:31 UTC completed_step=13744 elapsed_seconds=807.221 learning_rate=0.000181319
2026-09-21 02:53:32 UTC completed_step=13760 elapsed_seconds=807.878 learning_rate=0.00018075
2026-09-21 02:53:32 UTC completed_step=13776 elapsed_seconds=808.537 learning_rate=0.000180182
2026-09-21 02:53:33 UTC completed_step=13792 elapsed_seconds=809.195 learning_rate=0.000179615
2026-09-21 02:53:34 UTC completed_step=13808 elapsed_seconds=809.853 learning_rate=0.000179049
2026-09-21 02:53:34 UTC completed_step=13824 elapsed_seconds=810.511 learning_rate=0.000178484
2026-09-21 02:53:36 UTC step=13824 elapsed_seconds=811.753 mean_loss=1.23765 errors=2225/10002 exact_sentences=92/1024
2026-09-21 02:53:36 UTC completed_step=13840 elapsed_seconds=812.418 learning_rate=0.00017792
2026-09-21 02:53:37 UTC completed_step=13856 elapsed_seconds=813.075 learning_rate=0.000177357
2026-09-21 02:53:37 UTC completed_step=13872 elapsed_seconds=813.733 learning_rate=0.000176795
2026-09-21 02:53:38 UTC completed_step=13888 elapsed_seconds=814.39 learning_rate=0.000176234
2026-09-21 02:53:39 UTC completed_step=13904 elapsed_seconds=815.047 learning_rate=0.000175674
2026-09-21 02:53:39 UTC completed_step=13920 elapsed_seconds=815.706 learning_rate=0.000175115
2026-09-21 02:53:40 UTC completed_step=13936 elapsed_seconds=816.363 learning_rate=0.000174557
2026-09-21 02:53:41 UTC completed_step=13952 elapsed_seconds=817.02 learning_rate=0.000174
2026-09-21 02:53:42 UTC step=13952 elapsed_seconds=818.262 mean_loss=1.22959 errors=2213/10002 exact_sentences=95/1024
2026-09-21 02:53:43 UTC completed_step=13968 elapsed_seconds=818.925 learning_rate=0.000173444
2026-09-21 02:53:43 UTC completed_step=13984 elapsed_seconds=819.582 learning_rate=0.000172888
2026-09-21 02:53:44 UTC completed_step=14000 elapsed_seconds=820.24 learning_rate=0.000172334
2026-09-21 02:53:45 UTC completed_step=14016 elapsed_seconds=820.897 learning_rate=0.000171781
2026-09-21 02:53:45 UTC completed_step=14032 elapsed_seconds=821.553 learning_rate=0.000171229
2026-09-21 02:53:46 UTC completed_step=14048 elapsed_seconds=822.211 learning_rate=0.000170678
2026-09-21 02:53:47 UTC completed_step=14064 elapsed_seconds=822.87 learning_rate=0.000170128
2026-09-21 02:53:47 UTC completed_step=14080 elapsed_seconds=823.527 learning_rate=0.000169579
2026-09-21 02:53:49 UTC step=14080 elapsed_seconds=824.785 mean_loss=1.2211 errors=2203/10002 exact_sentences=91/1024
2026-09-21 02:53:49 UTC completed_step=14096 elapsed_seconds=825.447 learning_rate=0.000169031
2026-09-21 02:53:50 UTC completed_step=14112 elapsed_seconds=826.103 learning_rate=0.000168484
2026-09-21 02:53:51 UTC completed_step=14128 elapsed_seconds=826.761 learning_rate=0.000167938
2026-09-21 02:53:51 UTC completed_step=14144 elapsed_seconds=827.418 learning_rate=0.000167393
2026-09-21 02:53:52 UTC completed_step=14160 elapsed_seconds=828.075 learning_rate=0.000166849
2026-09-21 02:53:52 UTC completed_step=14176 elapsed_seconds=828.732 learning_rate=0.000166306
2026-09-21 02:53:53 UTC completed_step=14192 elapsed_seconds=829.391 learning_rate=0.000165764
2026-09-21 02:53:54 UTC completed_step=14208 elapsed_seconds=830.048 learning_rate=0.000165223
2026-09-21 02:53:55 UTC step=14208 elapsed_seconds=831.288 mean_loss=1.21544 errors=2175/10002 exact_sentences=101/1024
2026-09-21 02:53:56 UTC completed_step=14224 elapsed_seconds=831.95 learning_rate=0.000164684
2026-09-21 02:53:56 UTC completed_step=14240 elapsed_seconds=832.605 learning_rate=0.000164145
2026-09-21 02:53:57 UTC completed_step=14256 elapsed_seconds=833.262 learning_rate=0.000163607
2026-09-21 02:53:58 UTC completed_step=14272 elapsed_seconds=833.917 learning_rate=0.000163071
2026-09-21 02:53:58 UTC completed_step=14288 elapsed_seconds=834.573 learning_rate=0.000162535
2026-09-21 02:53:59 UTC completed_step=14304 elapsed_seconds=835.229 learning_rate=0.000162001
2026-09-21 02:54:00 UTC completed_step=14320 elapsed_seconds=835.885 learning_rate=0.000161467
2026-09-21 02:54:00 UTC completed_step=14336 elapsed_seconds=836.54 learning_rate=0.000160935
2026-09-21 02:54:02 UTC step=14336 elapsed_seconds=837.787 mean_loss=1.20693 errors=2171/10002 exact_sentences=102/1024
2026-09-21 02:54:02 UTC completed_step=14352 elapsed_seconds=838.448 learning_rate=0.000160404
2026-09-21 02:54:03 UTC completed_step=14368 elapsed_seconds=839.103 learning_rate=0.000159874
2026-09-21 02:54:04 UTC completed_step=14384 elapsed_seconds=839.759 learning_rate=0.000159345
2026-09-21 02:54:04 UTC completed_step=14400 elapsed_seconds=840.415 learning_rate=0.000158817
2026-09-21 02:54:05 UTC completed_step=14416 elapsed_seconds=841.07 learning_rate=0.00015829
2026-09-21 02:54:05 UTC completed_step=14432 elapsed_seconds=841.725 learning_rate=0.000157764
2026-09-21 02:54:06 UTC completed_step=14448 elapsed_seconds=842.378 learning_rate=0.00015724
2026-09-21 02:54:07 UTC completed_step=14464 elapsed_seconds=843.032 learning_rate=0.000156716
2026-09-21 02:54:08 UTC step=14464 elapsed_seconds=844.291 mean_loss=1.1992 errors=2155/10002 exact_sentences=105/1024
2026-09-21 02:54:09 UTC completed_step=14480 elapsed_seconds=844.949 learning_rate=0.000156194
2026-09-21 02:54:09 UTC completed_step=14496 elapsed_seconds=845.602 learning_rate=0.000155672
2026-09-21 02:54:10 UTC completed_step=14512 elapsed_seconds=846.255 learning_rate=0.000155152
2026-09-21 02:54:11 UTC completed_step=14528 elapsed_seconds=846.909 learning_rate=0.000154633
2026-09-21 02:54:11 UTC completed_step=14544 elapsed_seconds=847.562 learning_rate=0.000154115
2026-09-21 02:54:12 UTC completed_step=14560 elapsed_seconds=848.215 learning_rate=0.000153598
2026-09-21 02:54:13 UTC completed_step=14576 elapsed_seconds=848.869 learning_rate=0.000153082
2026-09-21 02:54:13 UTC completed_step=14592 elapsed_seconds=849.523 learning_rate=0.000152568
2026-09-21 02:54:15 UTC step=14592 elapsed_seconds=850.759 mean_loss=1.19348 errors=2164/10002 exact_sentences=100/1024
2026-09-21 02:54:15 UTC completed_step=14608 elapsed_seconds=851.42 learning_rate=0.000152054
2026-09-21 02:54:16 UTC completed_step=14624 elapsed_seconds=852.078 learning_rate=0.000151542
2026-09-21 02:54:16 UTC completed_step=14640 elapsed_seconds=852.735 learning_rate=0.000151031
2026-09-21 02:54:17 UTC completed_step=14656 elapsed_seconds=853.392 learning_rate=0.00015052
2026-09-21 02:54:18 UTC completed_step=14672 elapsed_seconds=854.049 learning_rate=0.000150012
2026-09-21 02:54:18 UTC completed_step=14688 elapsed_seconds=854.707 learning_rate=0.000149504
2026-09-21 02:54:19 UTC completed_step=14704 elapsed_seconds=855.364 learning_rate=0.000148997
2026-09-21 02:54:20 UTC completed_step=14720 elapsed_seconds=856.021 learning_rate=0.000148492
2026-09-21 02:54:21 UTC step=14720 elapsed_seconds=857.263 mean_loss=1.1851 errors=2127/10002 exact_sentences=107/1024
2026-09-21 02:54:22 UTC completed_step=14736 elapsed_seconds=857.925 learning_rate=0.000147987
2026-09-21 02:54:22 UTC completed_step=14752 elapsed_seconds=858.581 learning_rate=0.000147484
2026-09-21 02:54:23 UTC completed_step=14768 elapsed_seconds=859.237 learning_rate=0.000146982
2026-09-21 02:54:24 UTC completed_step=14784 elapsed_seconds=859.894 learning_rate=0.000146481
2026-09-21 02:54:24 UTC completed_step=14800 elapsed_seconds=860.55 learning_rate=0.000145982
2026-09-21 02:54:25 UTC completed_step=14816 elapsed_seconds=861.207 learning_rate=0.000145483
2026-09-21 02:54:26 UTC completed_step=14832 elapsed_seconds=861.864 learning_rate=0.000144986
2026-09-21 02:54:26 UTC completed_step=14848 elapsed_seconds=862.52 learning_rate=0.00014449
2026-09-21 02:54:28 UTC step=14848 elapsed_seconds=863.787 mean_loss=1.18034 errors=2117/10002 exact_sentences=107/1024
2026-09-21 02:54:28 UTC completed_step=14864 elapsed_seconds=864.45 learning_rate=0.000143995
2026-09-21 02:54:29 UTC completed_step=14880 elapsed_seconds=865.107 learning_rate=0.000143501
2026-09-21 02:54:30 UTC completed_step=14896 elapsed_seconds=865.764 learning_rate=0.000143009
2026-09-21 02:54:30 UTC completed_step=14912 elapsed_seconds=866.421 learning_rate=0.000142517
2026-09-21 02:54:31 UTC completed_step=14928 elapsed_seconds=867.078 learning_rate=0.000142027
2026-09-21 02:54:31 UTC completed_step=14944 elapsed_seconds=867.734 learning_rate=0.000141538
2026-09-21 02:54:32 UTC completed_step=14960 elapsed_seconds=868.391 learning_rate=0.00014105
2026-09-21 02:54:33 UTC completed_step=14976 elapsed_seconds=869.048 learning_rate=0.000140564
2026-09-21 02:54:34 UTC step=14976 elapsed_seconds=870.291 mean_loss=1.17562 errors=2129/10002 exact_sentences=104/1024
2026-09-21 02:54:35 UTC completed_step=14992 elapsed_seconds=870.952 learning_rate=0.000140078
2026-09-21 02:54:35 UTC completed_step=15008 elapsed_seconds=871.609 learning_rate=0.000139594
2026-09-21 02:54:36 UTC completed_step=15024 elapsed_seconds=872.267 learning_rate=0.000139111
2026-09-21 02:54:37 UTC completed_step=15040 elapsed_seconds=872.925 learning_rate=0.00013863
2026-09-21 02:54:37 UTC completed_step=15056 elapsed_seconds=873.58 learning_rate=0.000138149
2026-09-21 02:54:38 UTC completed_step=15072 elapsed_seconds=874.238 learning_rate=0.00013767
2026-09-21 02:54:39 UTC completed_step=15088 elapsed_seconds=874.894 learning_rate=0.000137192
2026-09-21 02:54:39 UTC completed_step=15104 elapsed_seconds=875.549 learning_rate=0.000136715
2026-09-21 02:54:41 UTC step=15104 elapsed_seconds=876.787 mean_loss=1.16577 errors=2095/10002 exact_sentences=106/1024
2026-09-21 02:54:41 UTC completed_step=15120 elapsed_seconds=877.447 learning_rate=0.000136239
2026-09-21 02:54:42 UTC completed_step=15136 elapsed_seconds=878.101 learning_rate=0.000135765
2026-09-21 02:54:43 UTC completed_step=15152 elapsed_seconds=878.756 learning_rate=0.000135292
2026-09-21 02:54:43 UTC completed_step=15168 elapsed_seconds=879.411 learning_rate=0.00013482
2026-09-21 02:54:44 UTC completed_step=15184 elapsed_seconds=880.066 learning_rate=0.00013435
2026-09-21 02:54:44 UTC completed_step=15200 elapsed_seconds=880.72 learning_rate=0.00013388
2026-09-21 02:54:45 UTC completed_step=15216 elapsed_seconds=881.375 learning_rate=0.000133412
2026-09-21 02:54:46 UTC completed_step=15232 elapsed_seconds=882.03 learning_rate=0.000132945
2026-09-21 02:54:47 UTC step=15232 elapsed_seconds=883.259 mean_loss=1.16096 errors=2082/10002 exact_sentences=108/1024
2026-09-21 02:54:48 UTC completed_step=15248 elapsed_seconds=883.922 learning_rate=0.00013248
2026-09-21 02:54:48 UTC completed_step=15264 elapsed_seconds=884.578 learning_rate=0.000132015
2026-09-21 02:54:49 UTC completed_step=15280 elapsed_seconds=885.235 learning_rate=0.000131552
2026-09-21 02:54:50 UTC completed_step=15296 elapsed_seconds=885.892 learning_rate=0.00013109
2026-09-21 02:54:50 UTC completed_step=15312 elapsed_seconds=886.549 learning_rate=0.00013063
2026-09-21 02:54:51 UTC completed_step=15328 elapsed_seconds=887.207 learning_rate=0.000130171
2026-09-21 02:54:52 UTC completed_step=15344 elapsed_seconds=887.864 learning_rate=0.000129713
2026-09-21 02:54:52 UTC completed_step=15360 elapsed_seconds=888.52 learning_rate=0.000129256
2026-09-21 02:54:54 UTC step=15360 elapsed_seconds=889.78 mean_loss=1.15426 errors=2064/10002 exact_sentences=111/1024
2026-09-21 02:54:54 UTC completed_step=15376 elapsed_seconds=890.443 learning_rate=0.0001288
2026-09-21 02:54:55 UTC completed_step=15392 elapsed_seconds=891.101 learning_rate=0.000128346
2026-09-21 02:54:56 UTC completed_step=15408 elapsed_seconds=891.759 learning_rate=0.000127893
2026-09-21 02:54:56 UTC completed_step=15424 elapsed_seconds=892.413 learning_rate=0.000127442
2026-09-21 02:54:57 UTC completed_step=15440 elapsed_seconds=893.067 learning_rate=0.000126992
2026-09-21 02:54:57 UTC completed_step=15456 elapsed_seconds=893.72 learning_rate=0.000126543
2026-09-21 02:54:58 UTC completed_step=15472 elapsed_seconds=894.373 learning_rate=0.000126095
2026-09-21 02:54:59 UTC completed_step=15488 elapsed_seconds=895.027 learning_rate=0.000125648
2026-09-21 02:55:00 UTC step=15488 elapsed_seconds=896.264 mean_loss=1.14819 errors=2074/10002 exact_sentences=109/1024
2026-09-21 02:55:01 UTC completed_step=15504 elapsed_seconds=896.924 learning_rate=0.000125203
2026-09-21 02:55:01 UTC completed_step=15520 elapsed_seconds=897.578 learning_rate=0.00012476
2026-09-21 02:55:02 UTC completed_step=15536 elapsed_seconds=898.232 learning_rate=0.000124317
2026-09-21 02:55:03 UTC completed_step=15552 elapsed_seconds=898.886 learning_rate=0.000123876
2026-09-21 02:55:03 UTC completed_step=15568 elapsed_seconds=899.541 learning_rate=0.000123436
2026-09-21 02:55:04 UTC completed_step=15584 elapsed_seconds=900.196 learning_rate=0.000122998
2026-09-21 02:55:05 UTC completed_step=15600 elapsed_seconds=900.85 learning_rate=0.00012256
2026-09-21 02:55:05 UTC completed_step=15616 elapsed_seconds=901.505 learning_rate=0.000122125
2026-09-21 02:55:06 UTC step=15616 elapsed_seconds=902.739 mean_loss=1.14428 errors=2039/10002 exact_sentences=122/1024
2026-09-21 02:55:07 UTC completed_step=15632 elapsed_seconds=903.399 learning_rate=0.00012169
2026-09-21 02:55:08 UTC completed_step=15648 elapsed_seconds=904.054 learning_rate=0.000121257
2026-09-21 02:55:08 UTC completed_step=15664 elapsed_seconds=904.71 learning_rate=0.000120825
2026-09-21 02:55:09 UTC completed_step=15680 elapsed_seconds=905.366 learning_rate=0.000120394
2026-09-21 02:55:10 UTC completed_step=15696 elapsed_seconds=906.022 learning_rate=0.000119965
2026-09-21 02:55:10 UTC completed_step=15712 elapsed_seconds=906.677 learning_rate=0.000119537
2026-09-21 02:55:11 UTC completed_step=15728 elapsed_seconds=907.333 learning_rate=0.000119111
2026-09-21 02:55:12 UTC completed_step=15744 elapsed_seconds=907.988 learning_rate=0.000118685
2026-09-21 02:55:13 UTC step=15744 elapsed_seconds=909.216 mean_loss=1.13767 errors=2024/10002 exact_sentences=119/1024
2026-09-21 02:55:14 UTC completed_step=15760 elapsed_seconds=909.877 learning_rate=0.000118262
2026-09-21 02:55:14 UTC completed_step=15776 elapsed_seconds=910.532 learning_rate=0.000117839
2026-09-21 02:55:15 UTC completed_step=15792 elapsed_seconds=911.187 learning_rate=0.000117418
2026-09-21 02:55:16 UTC completed_step=15808 elapsed_seconds=911.843 learning_rate=0.000116998
2026-09-21 02:55:16 UTC completed_step=15824 elapsed_seconds=912.498 learning_rate=0.00011658
2026-09-21 02:55:17 UTC completed_step=15840 elapsed_seconds=913.153 learning_rate=0.000116163
2026-09-21 02:55:18 UTC completed_step=15856 elapsed_seconds=913.809 learning_rate=0.000115747
2026-09-21 02:55:18 UTC completed_step=15872 elapsed_seconds=914.465 learning_rate=0.000115333
2026-09-21 02:55:19 UTC step=15872 elapsed_seconds=915.724 mean_loss=1.13194 errors=2039/10002 exact_sentences=120/1024
2026-09-21 02:55:20 UTC completed_step=15888 elapsed_seconds=916.387 learning_rate=0.00011492
2026-09-21 02:55:21 UTC completed_step=15904 elapsed_seconds=917.044 learning_rate=0.000114508
2026-09-21 02:55:21 UTC completed_step=15920 elapsed_seconds=917.7 learning_rate=0.000114098
2026-09-21 02:55:22 UTC completed_step=15936 elapsed_seconds=918.355 learning_rate=0.000113689
2026-09-21 02:55:23 UTC completed_step=15952 elapsed_seconds=919.011 learning_rate=0.000113282
2026-09-21 02:55:23 UTC completed_step=15968 elapsed_seconds=919.667 learning_rate=0.000112876
2026-09-21 02:55:24 UTC completed_step=15984 elapsed_seconds=920.323 learning_rate=0.000112471
2026-09-21 02:55:25 UTC completed_step=16000 elapsed_seconds=920.979 learning_rate=0.000112068
2026-09-21 02:55:26 UTC step=16000 elapsed_seconds=922.23 mean_loss=1.12724 errors=2041/10002 exact_sentences=119/1024
2026-09-21 02:55:27 UTC completed_step=16016 elapsed_seconds=922.891 learning_rate=0.000111666
2026-09-21 02:55:27 UTC completed_step=16032 elapsed_seconds=923.547 learning_rate=0.000111265
2026-09-21 02:55:28 UTC completed_step=16048 elapsed_seconds=924.203 learning_rate=0.000110866
2026-09-21 02:55:29 UTC completed_step=16064 elapsed_seconds=924.859 learning_rate=0.000110468
2026-09-21 02:55:29 UTC completed_step=16080 elapsed_seconds=925.514 learning_rate=0.000110072
2026-09-21 02:55:30 UTC completed_step=16096 elapsed_seconds=926.168 learning_rate=0.000109677
2026-09-21 02:55:31 UTC completed_step=16112 elapsed_seconds=926.823 learning_rate=0.000109284
2026-09-21 02:55:31 UTC completed_step=16128 elapsed_seconds=927.478 learning_rate=0.000108891
2026-09-21 02:55:32 UTC step=16128 elapsed_seconds=928.722 mean_loss=1.12136 errors=2026/10002 exact_sentences=122/1024
2026-09-21 02:55:33 UTC completed_step=16144 elapsed_seconds=929.383 learning_rate=0.000108501
2026-09-21 02:55:34 UTC completed_step=16160 elapsed_seconds=930.041 learning_rate=0.000108111
2026-09-21 02:55:34 UTC completed_step=16176 elapsed_seconds=930.698 learning_rate=0.000107724
2026-09-21 02:55:35 UTC completed_step=16192 elapsed_seconds=931.356 learning_rate=0.000107337
2026-09-21 02:55:36 UTC completed_step=16208 elapsed_seconds=932.013 learning_rate=0.000106952
2026-09-21 02:55:36 UTC completed_step=16224 elapsed_seconds=932.67 learning_rate=0.000106569
2026-09-21 02:55:37 UTC completed_step=16240 elapsed_seconds=933.327 learning_rate=0.000106186
2026-09-21 02:55:38 UTC completed_step=16256 elapsed_seconds=933.984 learning_rate=0.000105806
2026-09-21 02:55:39 UTC step=16256 elapsed_seconds=935.22 mean_loss=1.11688 errors=2012/10002 exact_sentences=123/1024
2026-09-21 02:55:40 UTC completed_step=16272 elapsed_seconds=935.88 learning_rate=0.000105426
2026-09-21 02:55:40 UTC completed_step=16288 elapsed_seconds=936.536 learning_rate=0.000105048
2026-09-21 02:55:41 UTC completed_step=16304 elapsed_seconds=937.191 learning_rate=0.000104672
2026-09-21 02:55:42 UTC completed_step=16320 elapsed_seconds=937.847 learning_rate=0.000104297
2026-09-21 02:55:42 UTC completed_step=16336 elapsed_seconds=938.502 learning_rate=0.000103923
2026-09-21 02:55:43 UTC completed_step=16352 elapsed_seconds=939.157 learning_rate=0.000103551
2026-09-21 02:55:44 UTC completed_step=16368 elapsed_seconds=939.811 learning_rate=0.000103181
2026-09-21 02:55:44 UTC completed_step=16384 elapsed_seconds=940.467 learning_rate=0.000102811
2026-09-21 02:55:45 UTC step=16384 elapsed_seconds=941.711 mean_loss=1.11249 errors=2003/10002 exact_sentences=126/1024
2026-09-21 02:55:46 UTC completed_step=16400 elapsed_seconds=942.375 learning_rate=0.000102443
2026-09-21 02:55:47 UTC completed_step=16416 elapsed_seconds=943.029 learning_rate=0.000102077
2026-09-21 02:55:47 UTC completed_step=16432 elapsed_seconds=943.684 learning_rate=0.000101712
2026-09-21 02:55:48 UTC completed_step=16448 elapsed_seconds=944.339 learning_rate=0.000101349
2026-09-21 02:55:49 UTC completed_step=16464 elapsed_seconds=944.994 learning_rate=0.000100987
2026-09-21 02:55:49 UTC completed_step=16480 elapsed_seconds=945.649 learning_rate=0.000100626
2026-09-21 02:55:50 UTC completed_step=16496 elapsed_seconds=946.303 learning_rate=0.000100267
2026-09-21 02:55:51 UTC completed_step=16512 elapsed_seconds=946.959 learning_rate=9.99097e-05
2026-09-21 02:55:52 UTC step=16512 elapsed_seconds=948.196 mean_loss=1.10773 errors=1999/10002 exact_sentences=125/1024
2026-09-21 02:55:53 UTC completed_step=16528 elapsed_seconds=948.856 learning_rate=9.95536e-05
2026-09-21 02:55:53 UTC completed_step=16544 elapsed_seconds=949.511 learning_rate=9.9199e-05
2026-09-21 02:55:54 UTC completed_step=16560 elapsed_seconds=950.164 learning_rate=9.88458e-05
2026-09-21 02:55:55 UTC completed_step=16576 elapsed_seconds=950.817 learning_rate=9.84941e-05
2026-09-21 02:55:55 UTC completed_step=16592 elapsed_seconds=951.471 learning_rate=9.81439e-05
2026-09-21 02:55:56 UTC completed_step=16608 elapsed_seconds=952.126 learning_rate=9.77952e-05
2026-09-21 02:55:57 UTC completed_step=16624 elapsed_seconds=952.782 learning_rate=9.74479e-05
2026-09-21 02:55:57 UTC completed_step=16640 elapsed_seconds=953.438 learning_rate=9.71021e-05
2026-09-21 02:55:58 UTC step=16640 elapsed_seconds=954.67 mean_loss=1.10323 errors=1956/10002 exact_sentences=131/1024
2026-09-21 02:55:59 UTC completed_step=16656 elapsed_seconds=955.331 learning_rate=9.67579e-05
2026-09-21 02:56:00 UTC completed_step=16672 elapsed_seconds=955.987 learning_rate=9.64151e-05
2026-09-21 02:56:00 UTC completed_step=16688 elapsed_seconds=956.642 learning_rate=9.60737e-05
2026-09-21 02:56:01 UTC completed_step=16704 elapsed_seconds=957.298 learning_rate=9.57339e-05
2026-09-21 02:56:02 UTC completed_step=16720 elapsed_seconds=957.954 learning_rate=9.53956e-05
2026-09-21 02:56:02 UTC completed_step=16736 elapsed_seconds=958.611 learning_rate=9.50588e-05
2026-09-21 02:56:03 UTC completed_step=16752 elapsed_seconds=959.267 learning_rate=9.47235e-05
2026-09-21 02:56:04 UTC completed_step=16768 elapsed_seconds=959.923 learning_rate=9.43896e-05
2026-09-21 02:56:05 UTC step=16768 elapsed_seconds=961.167 mean_loss=1.09897 errors=1970/10002 exact_sentences=130/1024
2026-09-21 02:56:06 UTC completed_step=16784 elapsed_seconds=961.828 learning_rate=9.40573e-05
2026-09-21 02:56:06 UTC completed_step=16800 elapsed_seconds=962.484 learning_rate=9.37265e-05
2026-09-21 02:56:07 UTC completed_step=16816 elapsed_seconds=963.14 learning_rate=9.33972e-05
2026-09-21 02:56:08 UTC completed_step=16832 elapsed_seconds=963.796 learning_rate=9.30694e-05
2026-09-21 02:56:08 UTC completed_step=16848 elapsed_seconds=964.451 learning_rate=9.27431e-05
2026-09-21 02:56:09 UTC completed_step=16864 elapsed_seconds=965.108 learning_rate=9.24183e-05
2026-09-21 02:56:10 UTC completed_step=16880 elapsed_seconds=965.763 learning_rate=9.20951e-05
2026-09-21 02:56:10 UTC completed_step=16896 elapsed_seconds=966.419 learning_rate=9.17733e-05
2026-09-21 02:56:11 UTC step=16896 elapsed_seconds=967.662 mean_loss=1.09454 errors=1950/10002 exact_sentences=133/1024
2026-09-21 02:56:12 UTC completed_step=16912 elapsed_seconds=968.325 learning_rate=9.14531e-05
2026-09-21 02:56:13 UTC completed_step=16928 elapsed_seconds=968.981 learning_rate=9.11344e-05
2026-09-21 02:56:13 UTC completed_step=16944 elapsed_seconds=969.638 learning_rate=9.08173e-05
2026-09-21 02:56:14 UTC completed_step=16960 elapsed_seconds=970.294 learning_rate=9.05016e-05
2026-09-21 02:56:15 UTC completed_step=16976 elapsed_seconds=970.951 learning_rate=9.01875e-05
2026-09-21 02:56:15 UTC completed_step=16992 elapsed_seconds=971.609 learning_rate=8.98749e-05
2026-09-21 02:56:16 UTC completed_step=17008 elapsed_seconds=972.267 learning_rate=8.95638e-05
2026-09-21 02:56:17 UTC completed_step=17024 elapsed_seconds=972.925 learning_rate=8.92543e-05
2026-09-21 02:56:18 UTC step=17024 elapsed_seconds=974.171 mean_loss=1.09076 errors=1950/10002 exact_sentences=135/1024
2026-09-21 02:56:19 UTC completed_step=17040 elapsed_seconds=974.833 learning_rate=8.89463e-05
2026-09-21 02:56:19 UTC completed_step=17056 elapsed_seconds=975.492 learning_rate=8.86399e-05
2026-09-21 02:56:20 UTC completed_step=17072 elapsed_seconds=976.149 learning_rate=8.8335e-05
2026-09-21 02:56:21 UTC completed_step=17088 elapsed_seconds=976.803 learning_rate=8.80316e-05
2026-09-21 02:56:21 UTC completed_step=17104 elapsed_seconds=977.457 learning_rate=8.77298e-05
2026-09-21 02:56:22 UTC completed_step=17120 elapsed_seconds=978.113 learning_rate=8.74295e-05
2026-09-21 02:56:23 UTC completed_step=17136 elapsed_seconds=978.768 learning_rate=8.71308e-05
2026-09-21 02:56:23 UTC completed_step=17152 elapsed_seconds=979.422 learning_rate=8.68336e-05
2026-09-21 02:56:24 UTC step=17152 elapsed_seconds=980.655 mean_loss=1.08685 errors=1950/10002 exact_sentences=137/1024
2026-09-21 02:56:25 UTC completed_step=17168 elapsed_seconds=981.316 learning_rate=8.6538e-05
2026-09-21 02:56:26 UTC completed_step=17184 elapsed_seconds=981.973 learning_rate=8.62439e-05
2026-09-21 02:56:26 UTC completed_step=17200 elapsed_seconds=982.628 learning_rate=8.59514e-05
2026-09-21 02:56:27 UTC completed_step=17216 elapsed_seconds=983.284 learning_rate=8.56604e-05
2026-09-21 02:56:28 UTC completed_step=17232 elapsed_seconds=983.941 learning_rate=8.5371e-05
2026-09-21 02:56:28 UTC completed_step=17248 elapsed_seconds=984.597 learning_rate=8.50832e-05
2026-09-21 02:56:29 UTC completed_step=17264 elapsed_seconds=985.253 learning_rate=8.47969e-05
2026-09-21 02:56:30 UTC completed_step=17280 elapsed_seconds=985.909 learning_rate=8.45122e-05
2026-09-21 02:56:31 UTC step=17280 elapsed_seconds=987.194 mean_loss=1.08337 errors=1958/10002 exact_sentences=136/1024
2026-09-21 02:56:32 UTC completed_step=17296 elapsed_seconds=987.855 learning_rate=8.4229e-05
2026-09-21 02:56:32 UTC completed_step=17312 elapsed_seconds=988.514 learning_rate=8.39474e-05
2026-09-21 02:56:33 UTC completed_step=17328 elapsed_seconds=989.171 learning_rate=8.36674e-05
2026-09-21 02:56:34 UTC completed_step=17344 elapsed_seconds=989.829 learning_rate=8.3389e-05
2026-09-21 02:56:34 UTC completed_step=17360 elapsed_seconds=990.485 learning_rate=8.31121e-05
2026-09-21 02:56:35 UTC completed_step=17376 elapsed_seconds=991.144 learning_rate=8.28368e-05
2026-09-21 02:56:36 UTC completed_step=17392 elapsed_seconds=991.803 learning_rate=8.25631e-05
2026-09-21 02:56:36 UTC completed_step=17408 elapsed_seconds=992.459 learning_rate=8.2291e-05
2026-09-21 02:56:37 UTC step=17408 elapsed_seconds=993.71 mean_loss=1.07982 errors=1933/10002 exact_sentences=138/1024
2026-09-21 02:56:38 UTC completed_step=17424 elapsed_seconds=994.373 learning_rate=8.20204e-05
2026-09-21 02:56:39 UTC completed_step=17440 elapsed_seconds=995.029 learning_rate=8.17514e-05
2026-09-21 02:56:39 UTC completed_step=17456 elapsed_seconds=995.685 learning_rate=8.14841e-05
2026-09-21 02:56:40 UTC completed_step=17472 elapsed_seconds=996.342 learning_rate=8.12182e-05
2026-09-21 02:56:41 UTC completed_step=17488 elapsed_seconds=996.998 learning_rate=8.0954e-05
2026-09-21 02:56:41 UTC completed_step=17504 elapsed_seconds=997.655 learning_rate=8.06914e-05
2026-09-21 02:56:42 UTC completed_step=17520 elapsed_seconds=998.312 learning_rate=8.04304e-05
2026-09-21 02:56:43 UTC completed_step=17536 elapsed_seconds=998.969 learning_rate=8.01709e-05
2026-09-21 02:56:44 UTC step=17536 elapsed_seconds=1000.22 mean_loss=1.07639 errors=1937/10002 exact_sentences=137/1024
2026-09-21 02:56:45 UTC completed_step=17552 elapsed_seconds=1000.88 learning_rate=7.99131e-05
2026-09-21 02:56:45 UTC completed_step=17568 elapsed_seconds=1001.54 learning_rate=7.96568e-05
2026-09-21 02:56:46 UTC completed_step=17584 elapsed_seconds=1002.19 learning_rate=7.94022e-05
2026-09-21 02:56:47 UTC completed_step=17600 elapsed_seconds=1002.84 learning_rate=7.91491e-05
2026-09-21 02:56:47 UTC completed_step=17616 elapsed_seconds=1003.5 learning_rate=7.88976e-05
2026-09-21 02:56:48 UTC completed_step=17632 elapsed_seconds=1004.15 learning_rate=7.86478e-05
2026-09-21 02:56:49 UTC completed_step=17648 elapsed_seconds=1004.81 learning_rate=7.83995e-05
2026-09-21 02:56:49 UTC completed_step=17664 elapsed_seconds=1005.46 learning_rate=7.81529e-05
2026-09-21 02:56:50 UTC step=17664 elapsed_seconds=1006.72 mean_loss=1.07409 errors=1904/10002 exact_sentences=140/1024
2026-09-21 02:56:51 UTC completed_step=17680 elapsed_seconds=1007.38 learning_rate=7.79078e-05
2026-09-21 02:56:52 UTC completed_step=17696 elapsed_seconds=1008.04 learning_rate=7.76644e-05
2026-09-21 02:56:52 UTC completed_step=17712 elapsed_seconds=1008.69 learning_rate=7.74226e-05
2026-09-21 02:56:53 UTC completed_step=17728 elapsed_seconds=1009.35 learning_rate=7.71824e-05
2026-09-21 02:56:54 UTC completed_step=17744 elapsed_seconds=1010.01 learning_rate=7.69438e-05
2026-09-21 02:56:54 UTC completed_step=17760 elapsed_seconds=1010.66 learning_rate=7.67068e-05
2026-09-21 02:56:55 UTC completed_step=17776 elapsed_seconds=1011.32 learning_rate=7.64714e-05
2026-09-21 02:56:56 UTC completed_step=17792 elapsed_seconds=1011.98 learning_rate=7.62377e-05
2026-09-21 02:56:57 UTC step=17792 elapsed_seconds=1013.22 mean_loss=1.06912 errors=1922/10002 exact_sentences=140/1024
2026-09-21 02:56:58 UTC completed_step=17808 elapsed_seconds=1013.89 learning_rate=7.60055e-05
2026-09-21 02:56:58 UTC completed_step=17824 elapsed_seconds=1014.54 learning_rate=7.5775e-05
2026-09-21 02:56:59 UTC completed_step=17840 elapsed_seconds=1015.2 learning_rate=7.55461e-05
2026-09-21 02:57:00 UTC completed_step=17856 elapsed_seconds=1015.85 learning_rate=7.53189e-05
2026-09-21 02:57:00 UTC completed_step=17872 elapsed_seconds=1016.51 learning_rate=7.50932e-05
2026-09-21 02:57:01 UTC completed_step=17888 elapsed_seconds=1017.17 learning_rate=7.48692e-05
2026-09-21 02:57:02 UTC completed_step=17904 elapsed_seconds=1017.82 learning_rate=7.46468e-05
2026-09-21 02:57:02 UTC completed_step=17920 elapsed_seconds=1018.48 learning_rate=7.44261e-05
2026-09-21 02:57:03 UTC step=17920 elapsed_seconds=1019.72 mean_loss=1.06561 errors=1904/10002 exact_sentences=140/1024
2026-09-21 02:57:04 UTC completed_step=17936 elapsed_seconds=1020.38 learning_rate=7.42069e-05
2026-09-21 02:57:05 UTC completed_step=17952 elapsed_seconds=1021.04 learning_rate=7.39895e-05
2026-09-21 02:57:05 UTC completed_step=17968 elapsed_seconds=1021.69 learning_rate=7.37736e-05
2026-09-21 02:57:06 UTC completed_step=17984 elapsed_seconds=1022.35 learning_rate=7.35594e-05
2026-09-21 02:57:07 UTC completed_step=18000 elapsed_seconds=1023.01 learning_rate=7.33468e-05
2026-09-21 02:57:07 UTC completed_step=18016 elapsed_seconds=1023.67 learning_rate=7.31358e-05
2026-09-21 02:57:08 UTC completed_step=18032 elapsed_seconds=1024.32 learning_rate=7.29265e-05
2026-09-21 02:57:09 UTC completed_step=18048 elapsed_seconds=1024.98 learning_rate=7.27188e-05
2026-09-21 02:57:10 UTC step=18048 elapsed_seconds=1026.23 mean_loss=1.06223 errors=1887/10002 exact_sentences=144/1024
2026-09-21 02:57:11 UTC completed_step=18064 elapsed_seconds=1026.89 learning_rate=7.25128e-05
2026-09-21 02:57:11 UTC completed_step=18080 elapsed_seconds=1027.54 learning_rate=7.23084e-05
2026-09-21 02:57:12 UTC completed_step=18096 elapsed_seconds=1028.2 learning_rate=7.21057e-05
2026-09-21 02:57:13 UTC completed_step=18112 elapsed_seconds=1028.85 learning_rate=7.19046e-05
2026-09-21 02:57:13 UTC completed_step=18128 elapsed_seconds=1029.51 learning_rate=7.17051e-05
2026-09-21 02:57:14 UTC completed_step=18144 elapsed_seconds=1030.16 learning_rate=7.15073e-05
2026-09-21 02:57:15 UTC completed_step=18160 elapsed_seconds=1030.81 learning_rate=7.13112e-05
2026-09-21 02:57:15 UTC completed_step=18176 elapsed_seconds=1031.47 learning_rate=7.11167e-05
2026-09-21 02:57:16 UTC step=18176 elapsed_seconds=1032.72 mean_loss=1.05945 errors=1893/10002 exact_sentences=144/1024
2026-09-21 02:57:17 UTC completed_step=18192 elapsed_seconds=1033.37 learning_rate=7.09238e-05
2026-09-21 02:57:18 UTC completed_step=18208 elapsed_seconds=1034.03 learning_rate=7.07326e-05
2026-09-21 02:57:18 UTC completed_step=18224 elapsed_seconds=1034.68 learning_rate=7.05431e-05
2026-09-21 02:57:19 UTC completed_step=18240 elapsed_seconds=1035.34 learning_rate=7.03552e-05
2026-09-21 02:57:20 UTC completed_step=18256 elapsed_seconds=1035.99 learning_rate=7.01689e-05
2026-09-21 02:57:20 UTC completed_step=18272 elapsed_seconds=1036.65 learning_rate=6.99844e-05
2026-09-21 02:57:21 UTC completed_step=18288 elapsed_seconds=1037.3 learning_rate=6.98014e-05
2026-09-21 02:57:22 UTC completed_step=18304 elapsed_seconds=1037.96 learning_rate=6.96202e-05
2026-09-21 02:57:23 UTC step=18304 elapsed_seconds=1039.2 mean_loss=1.05718 errors=1901/10002 exact_sentences=141/1024
2026-09-21 02:57:24 UTC completed_step=18320 elapsed_seconds=1039.86 learning_rate=6.94406e-05
2026-09-21 02:57:24 UTC completed_step=18336 elapsed_seconds=1040.52 learning_rate=6.92626e-05
2026-09-21 02:57:25 UTC completed_step=18352 elapsed_seconds=1041.18 learning_rate=6.90864e-05
2026-09-21 02:57:26 UTC completed_step=18368 elapsed_seconds=1041.83 learning_rate=6.89118e-05
2026-09-21 02:57:26 UTC completed_step=18384 elapsed_seconds=1042.49 learning_rate=6.87388e-05
2026-09-21 02:57:27 UTC completed_step=18400 elapsed_seconds=1043.14 learning_rate=6.85676e-05
2026-09-21 02:57:28 UTC completed_step=18416 elapsed_seconds=1043.8 learning_rate=6.8398e-05
2026-09-21 02:57:28 UTC completed_step=18432 elapsed_seconds=1044.46 learning_rate=6.823e-05
2026-09-21 02:57:29 UTC step=18432 elapsed_seconds=1045.69 mean_loss=1.05245 errors=1877/10002 exact_sentences=144/1024
2026-09-21 02:57:30 UTC completed_step=18448 elapsed_seconds=1046.36 learning_rate=6.80638e-05
2026-09-21 02:57:31 UTC completed_step=18464 elapsed_seconds=1047.01 learning_rate=6.78992e-05
2026-09-21 02:57:31 UTC completed_step=18480 elapsed_seconds=1047.67 learning_rate=6.77362e-05
2026-09-21 02:57:32 UTC completed_step=18496 elapsed_seconds=1048.32 learning_rate=6.7575e-05
2026-09-21 02:57:33 UTC completed_step=18512 elapsed_seconds=1048.98 learning_rate=6.74154e-05
2026-09-21 02:57:33 UTC completed_step=18528 elapsed_seconds=1049.63 learning_rate=6.72575e-05
2026-09-21 02:57:34 UTC completed_step=18544 elapsed_seconds=1050.29 learning_rate=6.71013e-05
2026-09-21 02:57:35 UTC completed_step=18560 elapsed_seconds=1050.95 learning_rate=6.69467e-05
2026-09-21 02:57:36 UTC step=18560 elapsed_seconds=1052.19 mean_loss=1.04999 errors=1879/10002 exact_sentences=142/1024
2026-09-21 02:57:37 UTC completed_step=18576 elapsed_seconds=1052.85 learning_rate=6.67939e-05
2026-09-21 02:57:37 UTC completed_step=18592 elapsed_seconds=1053.51 learning_rate=6.66427e-05
2026-09-21 02:57:38 UTC completed_step=18608 elapsed_seconds=1054.16 learning_rate=6.64932e-05
2026-09-21 02:57:39 UTC completed_step=18624 elapsed_seconds=1054.81 learning_rate=6.63454e-05
2026-09-21 02:57:39 UTC completed_step=18640 elapsed_seconds=1055.47 learning_rate=6.61992e-05
2026-09-21 02:57:40 UTC completed_step=18656 elapsed_seconds=1056.13 learning_rate=6.60547e-05
2026-09-21 02:57:41 UTC completed_step=18672 elapsed_seconds=1056.78 learning_rate=6.5912e-05
2026-09-21 02:57:41 UTC completed_step=18688 elapsed_seconds=1057.44 learning_rate=6.57709e-05
2026-09-21 02:57:42 UTC step=18688 elapsed_seconds=1058.69 mean_loss=1.0469 errors=1866/10002 exact_sentences=142/1024
2026-09-21 02:57:43 UTC completed_step=18704 elapsed_seconds=1059.35 learning_rate=6.56315e-05
2026-09-21 02:57:44 UTC completed_step=18720 elapsed_seconds=1060 learning_rate=6.54938e-05
2026-09-21 02:57:44 UTC completed_step=18736 elapsed_seconds=1060.66 learning_rate=6.53577e-05
2026-09-21 02:57:45 UTC completed_step=18752 elapsed_seconds=1061.31 learning_rate=6.52234e-05
2026-09-21 02:57:46 UTC completed_step=18768 elapsed_seconds=1061.97 learning_rate=6.50907e-05
2026-09-21 02:57:46 UTC completed_step=18784 elapsed_seconds=1062.62 learning_rate=6.49598e-05
2026-09-21 02:57:47 UTC completed_step=18800 elapsed_seconds=1063.27 learning_rate=6.48305e-05
2026-09-21 02:57:48 UTC completed_step=18816 elapsed_seconds=1063.93 learning_rate=6.47029e-05
2026-09-21 02:57:49 UTC step=18816 elapsed_seconds=1065.17 mean_loss=1.04488 errors=1861/10002 exact_sentences=147/1024
2026-09-21 02:57:50 UTC completed_step=18832 elapsed_seconds=1065.83 learning_rate=6.4577e-05
2026-09-21 02:57:50 UTC completed_step=18848 elapsed_seconds=1066.49 learning_rate=6.44528e-05
2026-09-21 02:57:51 UTC completed_step=18864 elapsed_seconds=1067.15 learning_rate=6.43303e-05
2026-09-21 02:57:52 UTC completed_step=18880 elapsed_seconds=1067.8 learning_rate=6.42095e-05
2026-09-21 02:57:52 UTC completed_step=18896 elapsed_seconds=1068.46 learning_rate=6.40904e-05
2026-09-21 02:57:53 UTC completed_step=18912 elapsed_seconds=1069.12 learning_rate=6.3973e-05
2026-09-21 02:57:54 UTC completed_step=18928 elapsed_seconds=1069.78 learning_rate=6.38573e-05
2026-09-21 02:57:54 UTC completed_step=18944 elapsed_seconds=1070.43 learning_rate=6.37433e-05
2026-09-21 02:57:55 UTC step=18944 elapsed_seconds=1071.67 mean_loss=1.04141 errors=1869/10002 exact_sentences=148/1024
2026-09-21 02:57:56 UTC completed_step=18960 elapsed_seconds=1072.34 learning_rate=6.36309e-05
2026-09-21 02:57:57 UTC completed_step=18976 elapsed_seconds=1073 learning_rate=6.35203e-05
2026-09-21 02:57:57 UTC completed_step=18992 elapsed_seconds=1073.66 learning_rate=6.34114e-05
2026-09-21 02:57:58 UTC completed_step=19008 elapsed_seconds=1074.32 learning_rate=6.33042e-05
2026-09-21 02:57:59 UTC completed_step=19024 elapsed_seconds=1074.98 learning_rate=6.31987e-05
2026-09-21 02:57:59 UTC completed_step=19040 elapsed_seconds=1075.64 learning_rate=6.30948e-05
2026-09-21 02:58:00 UTC completed_step=19056 elapsed_seconds=1076.3 learning_rate=6.29927e-05
2026-09-21 02:58:01 UTC completed_step=19072 elapsed_seconds=1076.95 learning_rate=6.28923e-05
2026-09-21 02:58:02 UTC step=19072 elapsed_seconds=1078.19 mean_loss=1.03855 errors=1860/10002 exact_sentences=148/1024
2026-09-21 02:58:03 UTC completed_step=19088 elapsed_seconds=1078.86 learning_rate=6.27936e-05
2026-09-21 02:58:03 UTC completed_step=19104 elapsed_seconds=1079.52 learning_rate=6.26966e-05
2026-09-21 02:58:04 UTC completed_step=19120 elapsed_seconds=1080.17 learning_rate=6.26013e-05
2026-09-21 02:58:05 UTC completed_step=19136 elapsed_seconds=1080.83 learning_rate=6.25077e-05
2026-09-21 02:58:05 UTC completed_step=19152 elapsed_seconds=1081.49 learning_rate=6.24158e-05
2026-09-21 02:58:06 UTC completed_step=19168 elapsed_seconds=1082.15 learning_rate=6.23257e-05
2026-09-21 02:58:07 UTC completed_step=19184 elapsed_seconds=1082.81 learning_rate=6.22372e-05
2026-09-21 02:58:07 UTC completed_step=19200 elapsed_seconds=1083.47 learning_rate=6.21505e-05
2026-09-21 02:58:08 UTC step=19200 elapsed_seconds=1084.72 mean_loss=1.03639 errors=1868/10002 exact_sentences=146/1024
2026-09-21 02:58:09 UTC completed_step=19216 elapsed_seconds=1085.38 learning_rate=6.20654e-05
2026-09-21 02:58:10 UTC completed_step=19232 elapsed_seconds=1086.04 learning_rate=6.19821e-05
2026-09-21 02:58:10 UTC completed_step=19248 elapsed_seconds=1086.7 learning_rate=6.19004e-05
2026-09-21 02:58:11 UTC completed_step=19264 elapsed_seconds=1087.35 learning_rate=6.18205e-05
2026-09-21 02:58:12 UTC completed_step=19280 elapsed_seconds=1088.01 learning_rate=6.17423e-05
2026-09-21 02:58:12 UTC completed_step=19296 elapsed_seconds=1088.67 learning_rate=6.16658e-05
2026-09-21 02:58:13 UTC completed_step=19312 elapsed_seconds=1089.33 learning_rate=6.1591e-05
2026-09-21 02:58:14 UTC completed_step=19328 elapsed_seconds=1089.99 learning_rate=6.1518e-05
2026-09-21 02:58:15 UTC step=19328 elapsed_seconds=1091.23 mean_loss=1.03311 errors=1835/10002 exact_sentences=150/1024
2026-09-21 02:58:16 UTC completed_step=19344 elapsed_seconds=1091.89 learning_rate=6.14466e-05
2026-09-21 02:58:16 UTC completed_step=19360 elapsed_seconds=1092.55 learning_rate=6.1377e-05
2026-09-21 02:58:17 UTC completed_step=19376 elapsed_seconds=1093.21 learning_rate=6.1309e-05
2026-09-21 02:58:18 UTC completed_step=19392 elapsed_seconds=1093.87 learning_rate=6.12428e-05
2026-09-21 02:58:18 UTC completed_step=19408 elapsed_seconds=1094.53 learning_rate=6.11783e-05
2026-09-21 02:58:19 UTC completed_step=19424 elapsed_seconds=1095.18 learning_rate=6.11155e-05
2026-09-21 02:58:20 UTC completed_step=19440 elapsed_seconds=1095.84 learning_rate=6.10544e-05
2026-09-21 02:58:20 UTC completed_step=19456 elapsed_seconds=1096.5 learning_rate=6.09951e-05
2026-09-21 02:58:21 UTC step=19456 elapsed_seconds=1097.73 mean_loss=1.03082 errors=1822/10002 exact_sentences=156/1024
2026-09-21 02:58:22 UTC completed_step=19472 elapsed_seconds=1098.39 learning_rate=6.09374e-05
2026-09-21 02:58:23 UTC completed_step=19488 elapsed_seconds=1099.05 learning_rate=6.08815e-05
2026-09-21 02:58:23 UTC completed_step=19504 elapsed_seconds=1099.71 learning_rate=6.08273e-05
2026-09-21 02:58:24 UTC completed_step=19520 elapsed_seconds=1100.36 learning_rate=6.07748e-05
2026-09-21 02:58:25 UTC completed_step=19536 elapsed_seconds=1101.02 learning_rate=6.07241e-05
2026-09-21 02:58:25 UTC completed_step=19552 elapsed_seconds=1101.68 learning_rate=6.0675e-05
2026-09-21 02:58:26 UTC completed_step=19568 elapsed_seconds=1102.33 learning_rate=6.06277e-05
2026-09-21 02:58:27 UTC completed_step=19584 elapsed_seconds=1102.99 learning_rate=6.0582e-05
2026-09-21 02:58:28 UTC step=19584 elapsed_seconds=1104.24 mean_loss=1.02863 errors=1848/10002 exact_sentences=152/1024
2026-09-21 02:58:29 UTC completed_step=19600 elapsed_seconds=1104.9 learning_rate=6.05382e-05
2026-09-21 02:58:29 UTC completed_step=19616 elapsed_seconds=1105.56 learning_rate=6.0496e-05
2026-09-21 02:58:30 UTC completed_step=19632 elapsed_seconds=1106.21 learning_rate=6.04555e-05
2026-09-21 02:58:31 UTC completed_step=19648 elapsed_seconds=1106.87 learning_rate=6.04168e-05
2026-09-21 02:58:31 UTC completed_step=19664 elapsed_seconds=1107.52 learning_rate=6.03798e-05
2026-09-21 02:58:32 UTC completed_step=19680 elapsed_seconds=1108.18 learning_rate=6.03445e-05
2026-09-21 02:58:33 UTC completed_step=19696 elapsed_seconds=1108.83 learning_rate=6.03109e-05
2026-09-21 02:58:33 UTC completed_step=19712 elapsed_seconds=1109.49 learning_rate=6.0279e-05
2026-09-21 02:58:34 UTC step=19712 elapsed_seconds=1110.73 mean_loss=1.0268 errors=1822/10002 exact_sentences=160/1024
2026-09-21 02:58:35 UTC completed_step=19728 elapsed_seconds=1111.39 learning_rate=6.02489e-05
2026-09-21 02:58:36 UTC completed_step=19744 elapsed_seconds=1112.05 learning_rate=6.02205e-05
2026-09-21 02:58:36 UTC completed_step=19760 elapsed_seconds=1112.7 learning_rate=6.01938e-05
2026-09-21 02:58:37 UTC completed_step=19776 elapsed_seconds=1113.36 learning_rate=6.01688e-05
2026-09-21 02:58:38 UTC completed_step=19792 elapsed_seconds=1114.01 learning_rate=6.01456e-05
2026-09-21 02:58:38 UTC completed_step=19808 elapsed_seconds=1114.67 learning_rate=6.0124e-05
2026-09-21 02:58:39 UTC completed_step=19824 elapsed_seconds=1115.32 learning_rate=6.01042e-05
2026-09-21 02:58:40 UTC completed_step=19840 elapsed_seconds=1115.98 learning_rate=6.00861e-05
2026-09-21 02:58:41 UTC step=19840 elapsed_seconds=1117.23 mean_loss=1.02353 errors=1814/10002 exact_sentences=158/1024
2026-09-21 02:58:42 UTC completed_step=19856 elapsed_seconds=1117.89 learning_rate=6.00698e-05
2026-09-21 02:58:42 UTC completed_step=19872 elapsed_seconds=1118.54 learning_rate=6.00551e-05
2026-09-21 02:58:43 UTC completed_step=19888 elapsed_seconds=1119.2 learning_rate=6.00422e-05
2026-09-21 02:58:44 UTC completed_step=19904 elapsed_seconds=1119.85 learning_rate=6.0031e-05
2026-09-21 02:58:44 UTC completed_step=19920 elapsed_seconds=1120.51 learning_rate=6.00215e-05
2026-09-21 02:58:45 UTC completed_step=19936 elapsed_seconds=1121.16 learning_rate=6.00138e-05
2026-09-21 02:58:46 UTC completed_step=19952 elapsed_seconds=1121.82 learning_rate=6.00078e-05
2026-09-21 02:58:46 UTC completed_step=19968 elapsed_seconds=1122.47 learning_rate=6.00034e-05
2026-09-21 02:58:47 UTC step=19968 elapsed_seconds=1123.72 mean_loss=1.02032 errors=1820/10002 exact_sentences=152/1024
2026-09-21 02:58:48 UTC completed_step=19984 elapsed_seconds=1124.38 learning_rate=6.00009e-05
2026-09-21 02:58:49 UTC completed_step=20000 elapsed_seconds=1125.04 learning_rate=6e-05
2026-09-21 02:58:50 UTC step=20000 elapsed_seconds=1126.27 mean_loss=1.02021 errors=1833/10002 exact_sentences=151/1024
2026-09-21 02:58:51 UTC step=20000 elapsed_seconds=1127.54 mean_loss=1.02021 errors=1833/10002 exact_sentences=151/1024
BUDGET_EXHAUSTED checkpoint=/home/ubuntu/checkpoints/memorize_general_facts/width_depth_long_1/width_16/layers_1/step_20000
