# Inspection only; never linked into or read by inference.
# Examples are empirical captured token-prefix contexts, not semantic labels.
# Occurrences count each real sample position once at its named boundary (summed across BOTH boundaries for a shared MLP state), including prompt positions; no padding or repeated autoregressive passes.
# Each example has complete compact token IDs and text preview of at most 160 original bytes; at most three distinct examples per state.
state_id	boundary	observed_occurrences	empirical_prefix_examples	original_member_count
4475	token_plus_position_embedding	3373	tokens=[3711,3502]; text="Female mammals" | tokens=[3711,3502,1426,2013]; text="Female mammals produce milk" | tokens=[3711,3502,1426,2013,80,3862,337,250]; text="Female mammals produce milk to nourish their"	1901
4476	token_plus_position_embedding	776	tokens=[395,1240,0,61]; text="In English, the" | tokens=[395,1240,0,61,3474,82,2365,113,1166,2423,306,2317,80,61]; text="In English, the plural of mouse is usually mice when referring to the" | tokens=[216,2638,82]; text="The flowers of"	98
4477	token_plus_position_embedding	12	tokens=[3613,166]; text="Male se" | tokens=[2876,39]; text="Silk" | tokens=[2719,39]; text="Angk"	10
4478	token_plus_position_embedding	94	tokens=[6,3664]; text="A bean" | tokens=[216,4355,900,83,2521,1542]; text="The Forbidden City in Beijing served" | tokens=[216,1145,82,4310,113,222,1551,70,1922]; text="The capital of Mongolia is Ulaanba"	60
4479	token_plus_position_embedding	1230	tokens=[3711,3502,1426]; text="Female mammals produce" | tokens=[3711,3502,1426,2013,80]; text="Female mammals produce milk to" | tokens=[395,1240,0]; text="In English,"	413
4480	token_plus_position_embedding	6	tokens=[829,4258,234,1228,328]; text="An ostrich uses its" | tokens=[4427,3120,2433,3358,328]; text="Traditional soy sauce develops its" | tokens=[6,1859,604,3303,328]; text="A linked list connects its"	1
4481	token_plus_position_embedding	168	tokens=[216,4355,900,83,2521,1542,142,77,2799,3314,1278]; text="The Forbidden City in Beijing served as an imperial palace complex" | tokens=[3026,1634,113]; text="Oslo is" | tokens=[1834,3783]; text="HTTPS"	56
4482	token_plus_position_embedding	68	tokens=[6,888,4133,113,56]; text="A supernova is a" | tokens=[4116,3133,1763,306,56]; text="Germination begins when a" | tokens=[3217,1663,4143,130,3285,1640,1207,61,3634]; text="Robert Louis Stevenson's Treasure Island includes the pirate"	7
4483	token_plus_position_embedding	23	tokens=[6,888,4133,113,56,1266,3593,2485,121,212,2517,2211,56,2970,130]; text="A supernova is a powerful stellar explosion that can briefly rival a galaxy's" | tokens=[3803,121,700,813,83]; text="Stars that appear together in" | tokens=[1906,2452,1776,2189,83]; text="Most everyday weather occurs in"	2
4484	token_plus_position_embedding	63	tokens=[395,1240,0,61,3474,82]; text="In English, the plural of" | tokens=[3026,1634,113,61,1145,82]; text="Oslo is the capital of" | tokens=[2331,125,1154,170,2819,82]; text="Glaciers are masses of"	19
4485	token_plus_position_embedding	141	tokens=[395,77,3816,240,1532,1690,0,77,865]; text="In an inertial reference frame, an object" | tokens=[2746,1762,379,701,987,80,384,3972]; text="Green plants use light energy to make sugars" | tokens=[2719,39,71,2588,113]; text="Angkor Wat is"	25
4486	token_plus_position_embedding	9	tokens=[3100,3855,86]; text="Africa and" | tokens=[216,2132,86]; text="The Northern and" | tokens=[3311,1384,86]; text="Human hair and"	1
4487	token_plus_position_embedding	9	tokens=[3684,74,4387,170,445]; text="Rolled oats are made" | tokens=[3092,451,2551,113,445]; text="Turmeric powder is made" | tokens=[29,254,1187,113,445]; text="Yogurt is made"	1
4488	token_plus_position_embedding	60	tokens=[829,3346,130]; text="An elephant's" | tokens=[6,3095,130]; text="A snake's" | tokens=[216,1989,1420,82]; text="The visible surface of"	3
4489	token_plus_position_embedding	1	tokens=[13,894,42]; text="Hermann"	1
4490	token_plus_position_embedding	253	tokens=[216,2638,82,56,924,549,1008]; text="The flowers of a fig develop inside" | tokens=[216,4355,900,83]; text="The Forbidden City in" | tokens=[4203,1040,170,794,3231,121]; text="Termites are social insects that"	65
4491	token_plus_position_embedding	6136	tokens=[3711]; text="Female" | tokens=[3711,3502,1426,2013,80,3862]; text="Female mammals produce milk to nour" | tokens=[3711,3502,1426,2013,80,3862,337]; text="Female mammals produce milk to nourish"	4510
4492	token_plus_position_embedding	8	tokens=[4198,2166,219]; text="Hydrogen has" | tokens=[1291,2205,219]; text="New Zealand has" | tokens=[6,3503,219]; text="A cube has"	3
4493	token_plus_position_embedding	141	tokens=[1141,87,511,4386,952,882,80,1210,460,83]; text="Unicode assigns code points to characters used in" | tokens=[3100,3855,86,831,816,521,287,811,61,4225,82]; text="Africa and Europe face each other across the Strait of" | tokens=[216,375,141,89,30]; text="The cochlea"	56
4494	token_plus_position_embedding	19	tokens=[3819,3883,3864,1036,61,3256]; text="Arthur Conan Doyle created the fictional" | tokens=[1906]; text="Most" | tokens=[6,1390,3615,542,2448]; text="A sunflower head consists"	8
4495	token_plus_position_embedding	10	tokens=[2336,2710,113,445,196]; text="Black pepper is made from" | tokens=[3938,298,3299,549,196]; text="Identical twins develop from" | tokens=[8,3418,113,1827,196]; text="Cinnamon is obtained from"	1
4496	token_plus_position_embedding	5	tokens=[216,2132,86,2088,2932,2183,3211,821]; text="The Northern and Southern Hemispheres experience" | tokens=[22,176,63,113,61,1145,82,3810,0,867,309,2487]; text="Rabat is the capital of Morocco, rather than Cas" | tokens=[17,386,547,3255,1235]; text="Lossless compression allows"	4
4497	token_plus_position_embedding	1	tokens=[2427,92,798,148,906]; text="Decomposers break"	1
4498	token_plus_position_embedding	536	tokens=[216,2638,82,56,924,549]; text="The flowers of a fig develop" | tokens=[395,77,3816,240,1532,1690,0,77,865,139,322,824,1027]; text="In an inertial reference frame, an object with no net force" | tokens=[395,77,3816,240,1532,1690,0,77,865,139,322,824,1027,2965,1904,2915,2]; text="In an inertial reference frame, an object with no net force maintains constant velocity."	339
4499	token_plus_position_embedding	14	tokens=[1935,2026,43,1026,1284]; text="Many tortoises feed" | tokens=[3050,1285]; text="Julius" | tokens=[4042,325]; text="Bearings"	12
4500	token_plus_position_embedding	13	tokens=[216,1145,82,4310,113,222,1551,70,1922,2277,0,77,4106]; text="The capital of Mongolia is Ulaanbaatar, an inland" | tokens=[216,876,3500,1606,113,56,868,1153,114,61,1587,867,309,56,1773]; text="The World Wide Web is a service built on the internet rather than a syn" | tokens=[3911,2441,3200,61,2387,80,3472,456,1045,182,130,3441,83,4023]; text="Howard Carter uncovered the entrance to Tutankhamun's tomb in 1922"	9
4501	token_plus_position_embedding	10	tokens=[796,228,89,338,212]; text="Chameleons can" | tokens=[23,1607,814,448,212]; text="Semicircular can" | tokens=[216,3272,1833,1434,212]; text="The Domain Name System can"	1
4502	token_plus_position_embedding	173	tokens=[2746,1762,379]; text="Green plants use" | tokens=[3026,1634,113,61,1145,82,2895]; text="Oslo is the capital of Norway" | tokens=[6,1220,4142]; text="A homophone"	107
4503	token_plus_position_embedding	81	tokens=[829]; text="An" | tokens=[3026,1634,113,61,1145]; text="Oslo is the capital" | tokens=[3684,74,4387,170,445,192,1078,1279]; text="Rolled oats are made by steaming"	18
4504	token_plus_position_embedding	12	tokens=[18]; text="M" | tokens=[26,134,4100,3097]; text="Virgil guides"	2
4505	token_plus_position_embedding	13	tokens=[21,3823,3415,1178,61,1391,2227,111,3051,1515]; text="Pollen grains carry the male gametophytes" | tokens=[216,2283,3637,72]; text="The Pyrenees" | tokens=[6,1160,2404,1126]; text="A standard musical staff"	11
4506	token_plus_position_embedding	5	tokens=[3995,422]; text="Animals" | tokens=[18,1965,422,197,3022]; text="Minerals have characteristic" | tokens=[3612,1104,4372,2681,427]; text="Michelangelo painted much"	4
4507	token_plus_position_embedding	1	tokens=[527,3614,2276,417,1313]; text="Weathering breaks down rock"	1
4508	token_plus_position_embedding	7	tokens=[216,1925,82,1976,1978,1615,82,61,1925,82,136,2154]; text="The island of Java lies south of the island of Borne" | tokens=[13,503,332,32]; text="Hexadec" | tokens=[9,3934,91]; text="Dandelion"	5
4509	token_plus_position_embedding	231	tokens=[395,1240,0,61,3474,82,2365,113,1166]; text="In English, the plural of mouse is usually" | tokens=[395,1240,0,61,3474,82,2365,113,1166,2423,306,2317,80,61,1554,2]; text="In English, the plural of mouse is usually mice when referring to the animal." | tokens=[3613,166,469,2540,1178,1727,4185,83,56,4053,86,675,1353]; text="Male seahorses carry developing embryos in a pouch and give birth"	111
4510	token_plus_position_embedding	3	tokens=[6,4152,2696]; text="A dovetail" | tokens=[11,413,135]; text="Fertil" | tokens=[1159,1324,135]; text="One millil"	2
4511	token_plus_position_embedding	1	tokens=[1967,295,667,4087,2322]; text="Compressional seismic waves"	1
4512	token_plus_position_embedding	128	tokens=[829,4258,234,1228,328,1266,1982]; text="An ostrich uses its powerful legs" | tokens=[4203,1040]; text="Termites" | tokens=[6,888]; text="A super"	96
4513	token_plus_position_embedding	2	tokens=[11,52,3843,145,208]; text="Fyodor Dost" | tokens=[1142,43,3275,97,361]; text="Leo Tolstoy"	2
4514	token_plus_position_embedding	25	tokens=[2331,125,1154,170,2819]; text="Glaciers are masses" | tokens=[6,4242,1754]; text="A piston moves" | tokens=[1097,56,1953,3288,1420,0,61,2329]; text="At a smooth reflecting surface, the angle"	22
4515	token_plus_position_embedding	49	tokens=[1141]; text="Un" | tokens=[6,1761,3423,1918]; text="A flywheel stores" | tokens=[3771,113,1770,56,1328,574,1389]; text="Zero is neither a positive number nor"	46
4516	token_plus_position_embedding	2	tokens=[2108,126,338]; text="Neurons" | tokens=[24,202,338]; text="Tendons"	1
4517	token_plus_position_embedding	1	tokens=[4330,3918,1199,3070]; text="Ancient Egyptians sometimes preserved"	1
4518	token_plus_position_embedding	7	tokens=[22,176,63]; text="Rabat" | tokens=[3912]; text="Roman" | tokens=[891,56,3253,3811,2584,61,2887,1253,1396]; text="When a chess pawn reaches the farthest rank"	6
4519	token_plus_position_embedding	1	tokens=[3723,1735,1577,1445]; text="Opposite electric charges"	1
4520	token_plus_position_embedding	3	tokens=[29,254]; text="Yog" | tokens=[7,254]; text="Bog" | tokens=[11,254]; text="Fog"	1
4521	token_plus_position_embedding	165	tokens=[3613]; text="Male" | tokens=[2746,1762,379,701,987]; text="Green plants use light energy" | tokens=[829,3989,718,212,584,56,4297,192,2598,752,95]; text="An oyster can form a pearl by depositing n"	123
4522	token_plus_position_embedding	5	tokens=[216,1774,1718]; text="The Amazon River" | tokens=[216,2749,1718]; text="The Mississippi River" | tokens=[3987,2025,152,2474,2987]; text="Thermal conduction transfers"	4
4523	token_plus_position_embedding	2	tokens=[7,71]; text="Bor" | tokens=[3420,71]; text="Victor"	1
4524	token_plus_position_embedding	1	tokens=[2892,3565]; text="Multipl"	1
4525	token_plus_position_embedding	1	tokens=[2648,1923,132]; text="Acceleration"	1
4526	block_0.after_attention_residual + block_0.after_mlp_residual	40	tokens=[216,2638,82,56,924,549,1008,328,3318,0,2483,52,1469]; text="The flowers of a fig develop inside its hollow, fleshy structure" | tokens=[3613,166,469,2540,1178,1727,4185]; text="Male seahorses carry developing embryos" | tokens=[395,77,3816,240,1532,1690,0]; text="In an inertial reference frame,"	40
4527	block_0.after_attention_residual + block_0.after_mlp_residual	22	tokens=[24,1227,4403,638,128]; text="Tiny pores called st" | tokens=[2427,92,798,148,906]; text="Decomposers break" | tokens=[829,1240,4033,65,3581,1999,0,142,306,218,185]; text="An English contraction omits letters, as when do not"	22
4528	block_0.after_attention_residual + block_0.after_mlp_residual	92	tokens=[216,4355,900,83]; text="The Forbidden City in" | tokens=[216,375,141]; text="The coch" | tokens=[3871,2997,113,2037,1157]; text="Modern Hebrew is normally written"	48
4529	block_0.after_attention_residual + block_0.after_mlp_residual	276	tokens=[24,1227,4403,638]; text="Tiny pores called" | tokens=[3026,1634,113]; text="Oslo is" | tokens=[2331,125,1154,170]; text="Glaciers are"	120
4530	block_0.after_attention_residual + block_0.after_mlp_residual	3698	tokens=[3711]; text="Female" | tokens=[3711,3502,1426,2013,80,3862,337,250,774]; text="Female mammals produce milk to nourish their young" | tokens=[395]; text="In"	2888
4531	block_0.after_attention_residual + block_0.after_mlp_residual	4022	tokens=[3711,3502,1426,2013,80]; text="Female mammals produce milk to" | tokens=[395,1240,0,61,3474,82,2365,113,1166,2423,306,2317]; text="In English, the plural of mouse is usually mice when referring" | tokens=[395,1240,0,61,3474,82,2365,113,1166,2423,306,2317,80]; text="In English, the plural of mouse is usually mice when referring to"	3800
4532	block_0.after_attention_residual + block_0.after_mlp_residual	7332	tokens=[3711,3502,1426,2013,80,3862,337]; text="Female mammals produce milk to nourish" | tokens=[3711,3502,1426,2013,80,3862,337,250]; text="Female mammals produce milk to nourish their" | tokens=[3711,3502,1426,2013,80,3862,337,250,774,2]; text="Female mammals produce milk to nourish their young."	7116
4533	block_0.after_attention_residual + block_0.after_mlp_residual	2078	tokens=[395,1240,0,61,3474,82]; text="In English, the plural of" | tokens=[3613,166,469]; text="Male seah" | tokens=[3613,166,469,2540,1178,1727,4185,83,56,4053]; text="Male seahorses carry developing embryos in a pouch"	1782
4534	block_0.after_attention_residual + block_0.after_mlp_residual	3814	tokens=[3711,3502,1426,2013]; text="Female mammals produce milk" | tokens=[216,2638,82,56,924,549,1008,328,3318,0]; text="The flowers of a fig develop inside its hollow," | tokens=[3613,166,469,2540,1178,1727,4185,83]; text="Male seahorses carry developing embryos in"	3663
4535	block_0.after_attention_residual + block_0.after_mlp_residual	8	tokens=[3403,627,1262,1282,0]; text="Camels store fat," | tokens=[1951,528,4099,1732,0]; text="During metamorphosis," | tokens=[395,1307,2141,2729,0]; text="In letterpress printing,"	2
4536	block_0.after_attention_residual + block_0.after_mlp_residual	52	tokens=[3311,905,1089,1493,1506]; text="Human red blood cells transport" | tokens=[216,1774,1718,2432,704]; text="The Amazon River carries water" | tokens=[3911,2441,3200,61,2387]; text="Howard Carter uncovered the entrance"	42
4537	block_0.after_attention_residual + block_0.after_mlp_residual	906	tokens=[3711,3502,1426]; text="Female mammals produce" | tokens=[3711,3502,1426,2013,80,3862]; text="Female mammals produce milk to nour" | tokens=[395,1240,0]; text="In English,"	603
4538	block_0.after_attention_residual + block_0.after_mlp_residual	214	tokens=[4203,1040,170,794,3231,121,856,83,2138,3339]; text="Termites are social insects that live in organized colonies" | tokens=[3026,1634,113,61,1145]; text="Oslo is the capital" | tokens=[3684,74,4387,170,445]; text="Rolled oats are made"	200
4539	block_0.after_attention_residual + block_0.after_mlp_residual	4	tokens=[4454,1566,400,1728,2639,1985]; text="Rust forms through chemical reactions involving" | tokens=[4290,1204,2071,2263,1617]; text="Spanish forces captured Tenoch"	4
4540	block_0.after_attention_residual + block_0.after_mlp_residual	1286	tokens=[216]; text="The" | tokens=[216,2638,82,56,924,549]; text="The flowers of a fig develop" | tokens=[2876,39,3605,3333,3705,450,1426,3525,3678]; text="Silkworm caterpillars produce silk fibers"	876
4541	block_0.after_attention_residual + block_0.after_mlp_residual	2	tokens=[796,2621,3093,632,2142]; text="Chiaroscuro describes"	2
4542	block_0.after_attention_residual + block_0.after_mlp_residual	1308	tokens=[395,1240,0,61,3474,82,2365,113,1166,2423,306,2317,80,61]; text="In English, the plural of mouse is usually mice when referring to the" | tokens=[395,77,3816,240,1532]; text="In an inertial reference" | tokens=[829,3989,718,212,584,56,4297,192,2598]; text="An oyster can form a pearl by depos"	1067
4543	block_0.after_attention_residual + block_0.after_mlp_residual	4	tokens=[6,2883,113,56,653]; text="A mutation is a change" | tokens=[6,54,447,455,1555]; text="A vernier scale"	4
4544	block_0.after_attention_residual + block_0.after_mlp_residual	6	tokens=[6,1390,3615,542,2448]; text="A sunflower head consists" | tokens=[216,3159,4409,2448,82,3817,3098]; text="The mineral quartz consists of silicon dioxide" | tokens=[2591,2929,2287,170,2941]; text="White dwarfs are dense"	6
4545	block_0.after_attention_residual + block_0.after_mlp_residual	212	tokens=[829,4258,234,1228,328,1266,1982,80,499,867]; text="An ostrich uses its powerful legs to run rather" | tokens=[10,3751,3566,1284,250,3631,3116]; text="Echidnas feed their hatchlings" | tokens=[10,3751,3566,1284,250,3631,3116,2013]; text="Echidnas feed their hatchlings milk"	180
4546	block_0.after_attention_residual + block_0.after_mlp_residual	164	tokens=[6,888,4133,113,56,1266,3593,2485,121,212,2517,2211,56,2970]; text="A supernova is a powerful stellar explosion that can briefly rival a galaxy" | tokens=[2331,125,1154,170,2819]; text="Glaciers are masses" | tokens=[216,375,141,89,30]; text="The cochlea"	154
4547	block_0.after_attention_residual + block_0.after_mlp_residual	24	tokens=[3477,130,3274,86]; text="Earth's crust and" | tokens=[15,1550,1468,352,130]; text="Jules Verne's" | tokens=[1994,1717,2914,86]; text="American Sign Language and"	12
4548	block_0.after_attention_residual + block_0.after_mlp_residual	16	tokens=[796,177,4341,3878]; text="Chromatography separates" | tokens=[8,125,1648,1946,1426,4069,1963]; text="Cacao trees produce pods containing" | tokens=[9,213,79,0,114]; text="Dakar, on"	8
4549	block_0.after_attention_residual + block_0.after_mlp_residual	4	tokens=[6,1331,44,2466,864]; text="A harp produces sound" | tokens=[1935,2444,3044,4377,1284]; text="Many ladybird beetles feed"	4
4550	block_0.after_attention_residual + block_0.after_mlp_residual	36	tokens=[3995,422,0,1762,0,86,4136,1664]; text="Animals, plants, and fungi belong" | tokens=[3948,588,3107,83,2684,570,1214,547,380,232,86,250,3030,170,3074,1998,813]; text="Astronauts in orbit feel weightless because they and their spacecraft are continuously falling together" | tokens=[11,873,38,1664]; text="Fungi belong"	36
4551	block_0.after_attention_residual + block_0.after_mlp_residual	6	tokens=[2870,3115,253,1807,400,2192,1625]; text="Light travels more slowly through ordinary glass" | tokens=[17,386,547,3255,1235]; text="Lossless compression allows" | tokens=[6,1505,2817,1138,1235]; text="A closed conducting path allows"	6
4552	block_0.after_attention_residual + block_0.after_mlp_residual	10	tokens=[216,1312,1546,82,1057,1207,1793,1852,1153]; text="The Great Wall of China includes fortifications built" | tokens=[3121,2590,4081,856,3370]; text="Dragonfly larvae live underwater" | tokens=[395,2903,0,521,1842,3429]; text="In diamond, each carbon atom"	8
4553	block_0.after_attention_residual + block_0.after_mlp_residual	32	tokens=[3477,130,2567,1489]; text="Earth's outer core" | tokens=[4091,167,1687,340]; text="Venus rotates" | tokens=[216,1303,113,61,1221]; text="The Sun is the star"	32
4554	block_0.after_attention_residual + block_0.after_mlp_residual	2	tokens=[2905,4447,3852,88,445]; text="Alexandre Dumas made"	2
4555	block_0.after_attention_residual + block_0.after_mlp_residual	58	tokens=[3948,588,3390,1724]; text="Astronomers identify" | tokens=[1151,140,203]; text="Arteries" | tokens=[216,404,72]; text="The Andes"	48
4556	block_0.after_attention_residual + block_0.after_mlp_residual	2	tokens=[1142,43,3275,97,361]; text="Leo Tolstoy"	2
4557	block_0.after_attention_residual + block_0.after_mlp_residual	2368	tokens=[3711,3502]; text="Female mammals" | tokens=[395,1240]; text="In English" | tokens=[216,2638,82]; text="The flowers of"	2090
4558	block_0.after_attention_residual + block_0.after_mlp_residual	8	tokens=[3222,49,1934,145,1974]; text="Salvador Dali" | tokens=[1097,324,2187,0,61,1891,130,1390,3154]; text="At new moon, the Moon's sunlit" | tokens=[3836,2930,2644,3319,1038]; text="Jonathan Swift sends Lemuel"	8
4559	block_0.after_attention_residual + block_0.after_mlp_residual	88	tokens=[395,1240,0,61,3474,82,2365,113,1166,2423]; text="In English, the plural of mouse is usually mice" | tokens=[216,4355,900,83,2521,1542]; text="The Forbidden City in Beijing served" | tokens=[216,1054,126]; text="The femur"	83
4560	block_0.after_attention_residual + block_0.after_mlp_residual	2	tokens=[4283,3451,2004,1569,427]; text="Mitochondria supply much"	2
4596	block_1.after_attention_residual + block_1.after_mlp_residual	68	tokens=[216,4355,900,83,2521]; text="The Forbidden City in Beijing" | tokens=[1756,704,3732,1528,366]; text="Every water molecule contains two" | tokens=[1260,2536,113,61,2098,1901]; text="Plasma is the liquid portion"	68
4597	block_1.after_attention_residual + block_1.after_mlp_residual	18	tokens=[1097,1147,1011,2511,2840]; text="Atoms share electron pairs" | tokens=[6,1760,1812,1862,3358,2463,56,4080,1469,789,142,61,1760,1812,3067]; text="A cashew nut develops beneath a swollen structure known as the cashew apple" | tokens=[829,865,130,4109]; text="An object's kinetic"	18
4598	block_1.after_attention_residual + block_1.after_mlp_residual	8664	tokens=[3711]; text="Female" | tokens=[3711,3502,1426,2013,80,3862,337,250]; text="Female mammals produce milk to nourish their" | tokens=[395]; text="In"	7824
4599	block_1.after_attention_residual + block_1.after_mlp_residual	132	tokens=[3026,1634,113,61,1145,82,2895]; text="Oslo is the capital of Norway" | tokens=[3684,74,4387,170,445,192,1078,1279,86,3703,1133,65]; text="Rolled oats are made by steaming and flattening o" | tokens=[3477,130,3274,86,1867,721,3898,584]; text="Earth's crust and uppermost mantle form"	132
4600	block_1.after_attention_residual + block_1.after_mlp_residual	30	tokens=[216,1989,1420,82]; text="The visible surface of" | tokens=[216,1412,1297,82]; text="The burrs of" | tokens=[216,3633,1407,82]; text="The SI unit of"	30
4601	block_1.after_attention_residual + block_1.after_mlp_residual	132	tokens=[4203,1040,170,794,3231,121]; text="Termites are social insects that" | tokens=[1951,56,1843,3635,0,61,1891,1924,317]; text="During a solar eclipse, the Moon blocks part" | tokens=[4360,2685,2234,968,139,1310,1300,429,142]; text="Boolean logic works with truth values such as"	132
4602	block_1.after_attention_residual + block_1.after_mlp_residual	4	tokens=[1567,1843,506,2810,80]; text="Our solar system belongs to" | tokens=[7,471,66,3564,2770]; text="Baleen whales strain"	4
4603	block_1.after_attention_residual + block_1.after_mlp_residual	2692	tokens=[3711,3502]; text="Female mammals" | tokens=[3711,3502,1426,2013,80,3862]; text="Female mammals produce milk to nour" | tokens=[395,1240]; text="In English"	2624
4604	block_1.after_attention_residual + block_1.after_mlp_residual	1350	tokens=[24,1227,4403]; text="Tiny pores" | tokens=[24,1227,4403,638,128,92,495,569,3402,80]; text="Tiny pores called stomata allow gases to" | tokens=[216,4355,900,83,2521,1542,142,77,2799,3314]; text="The Forbidden City in Beijing served as an imperial palace"	1244
4605	block_1.after_attention_residual + block_1.after_mlp_residual	556	tokens=[2876,39,3605]; text="Silkworm" | tokens=[2746,1762,379]; text="Green plants use" | tokens=[216,1145,82,4310,113,222,1551,70]; text="The capital of Mongolia is Ulaan"	548
4606	block_1.after_attention_residual + block_1.after_mlp_residual	6	tokens=[3911,2441,3200,61,2387]; text="Howard Carter uncovered the entrance" | tokens=[3261,1246,2251,837,993]; text="Archaeologists study material" | tokens=[18,1965,422,197,3022]; text="Minerals have characteristic"	6
4607	block_1.after_attention_residual + block_1.after_mlp_residual	28	tokens=[24,1227,4403,638,128]; text="Tiny pores called st" | tokens=[3911,2441,3200,61]; text="Howard Carter uncovered the" | tokens=[3938,298,3299,549]; text="Identical twins develop"	28
4608	block_1.after_attention_residual + block_1.after_mlp_residual	14	tokens=[3222,49,1934,145,1974]; text="Salvador Dali" | tokens=[829,2980,130,2578,2252]; text="An earthquake's epicenter" | tokens=[1604,4276,2653,3968,574]; text="Meiosis reduces chromosome number"	14
4609	block_1.after_attention_residual + block_1.after_mlp_residual	20	tokens=[3819,3883,3864]; text="Arthur Conan Doyle" | tokens=[2963,1048,738,700,1167]; text="Sunspots appear dark" | tokens=[3298,4214,3878]; text="Distillation separates"	20
4610	block_1.after_attention_residual + block_1.after_mlp_residual	228	tokens=[3613,166,469,2540,1178,1727,4185]; text="Male seahorses carry developing embryos" | tokens=[3410,719,77,865,484,2722]; text="Raising an object against gravity" | tokens=[4203,1040,170,794,3231,121,856]; text="Termites are social insects that live"	228
4611	block_1.after_attention_residual + block_1.after_mlp_residual	1552	tokens=[395,1240,0,61]; text="In English, the" | tokens=[395,1240,0,61,3474,82,2365,113,1166,2423,306,2317,80,61]; text="In English, the plural of mouse is usually mice when referring to the" | tokens=[216,2638,82]; text="The flowers of"	1540
4612	block_1.after_attention_residual + block_1.after_mlp_residual	298	tokens=[3613,166,469,2540,1178,1727,4185,83,56,4053,86]; text="Male seahorses carry developing embryos in a pouch and" | tokens=[395,77,3816,240,1532,1690,0,77,865,139]; text="In an inertial reference frame, an object with" | tokens=[1141,87,511,4386,952,882,80,1210,460,83]; text="Unicode assigns code points to characters used in"	292
4613	block_1.after_attention_residual + block_1.after_mlp_residual	1434	tokens=[216,2638]; text="The flowers" | tokens=[2876,39,3605,3333,3705,450,1426,3525]; text="Silkworm caterpillars produce silk" | tokens=[216,4355]; text="The Forbidden"	1403
4614	block_1.after_attention_residual + block_1.after_mlp_residual	8	tokens=[6,3957,504,113,2681]; text="A fresco is painted" | tokens=[4434,2202,327,130,153]; text="Emily Bronte's W" | tokens=[3014,399,2030,1,33,2560]; text="Mohenjo-daro"	8
4615	block_1.after_attention_residual + block_1.after_mlp_residual	1832	tokens=[3711,3502,1426,2013]; text="Female mammals produce milk" | tokens=[3711,3502,1426,2013,80]; text="Female mammals produce milk to" | tokens=[3711,3502,1426,2013,80,3862,337,250,774]; text="Female mammals produce milk to nourish their young"	1818
4616	block_1.after_attention_residual + block_1.after_mlp_residual	32	tokens=[6,888,4133,113]; text="A supernova is" | tokens=[4243,298,3721,170,2670]; text="Chemical equations are balanced" | tokens=[6,3807,2014,714,2246]; text="A filename extension often indicates"	32
4617	block_1.after_attention_residual + block_1.after_mlp_residual	24	tokens=[395,77,3816,240]; text="In an inertial" | tokens=[3670,56,3503,1885]; text="Taking a cube root" | tokens=[13,625,4239,1062,95]; text="Honeybees collect n"	24
4618	block_1.after_attention_residual + block_1.after_mlp_residual	32	tokens=[1667,262,2902,1762,1262]; text="Succulent plants store" | tokens=[17,133,1513,2968,1228]; text="Lithography traditionally uses" | tokens=[13,503,332,32]; text="Hexadec"	32
4619	block_1.after_attention_residual + block_1.after_mlp_residual	6	tokens=[6,2546,1459,4406,958,83,1984,190,306,621,1890,82,1984,173]; text="A buffer solution resists changes in acidity when small amounts of acid or" | tokens=[395,1307,2141,2729,0]; text="In letterpress printing," | tokens=[6,4444,2917,366,2900,82,467,4420,1507,139]; text="A zipper joins two rows of interlocking elements with"	6
4620	block_1.after_attention_residual + block_1.after_mlp_residual	72	tokens=[21,352,3024]; text="Pneumatic" | tokens=[6,1023,43]; text="A cello" | tokens=[7,1139,130,3281]; text="Baker's yeast"	72
4621	block_1.after_attention_residual + block_1.after_mlp_residual	38	tokens=[4097,1059,113,61,1145]; text="Dublin is the capital" | tokens=[216,3898,113,1463,1486,1313,121,212,4401]; text="The mantle is mostly solid rock that can deform" | tokens=[4348,83,1268,130,3850,533,2817,2567]; text="Motion in Earth's electrically conducting outer"	38
4622	block_1.after_attention_residual + block_1.after_mlp_residual	168	tokens=[3711,3502,1426]; text="Female mammals produce" | tokens=[395,1240,0]; text="In English," | tokens=[1756,704,3732]; text="Every water molecule"	152
4623	block_1.after_attention_residual + block_1.after_mlp_residual	2846	tokens=[3711,3502,1426,2013,80,3862,337,250,774,2]; text="Female mammals produce milk to nourish their young." | tokens=[395,1240,0,61,3474,82,2365,113,1166,2423,306,2317,80,61,1554,2]; text="In English, the plural of mouse is usually mice when referring to the animal." | tokens=[216,2638,82,56,924,549,1008,328,3318,0,2483,52,1469,2]; text="The flowers of a fig develop inside its hollow, fleshy structure."	2844
4624	block_1.after_attention_residual + block_1.after_mlp_residual	2	tokens=[6,3738,265,1837,212]; text="A rechargeable battery can"	2
4625	block_1.after_attention_residual + block_1.after_mlp_residual	4700	tokens=[3711,3502,1426,2013,80,3862,337]; text="Female mammals produce milk to nourish" | tokens=[395,1240,0,61,3474]; text="In English, the plural" | tokens=[395,1240,0,61,3474,82,2365,113,1166,2423,306,2317,80,61,1554]; text="In English, the plural of mouse is usually mice when referring to the animal"	4250
4626	block_1.after_attention_residual + block_1.after_mlp_residual	6	tokens=[2637,144,175,3399,614,1392]; text="Pointillist paintings build images" | tokens=[1935,2444,3044,4377,1284]; text="Many ladybird beetles feed" | tokens=[216,1549,241,4414,2558,1664,80,3628]; text="The Galapagos Islands belong to Ecuador"	6
4627	block_1.after_attention_residual + block_1.after_mlp_residual	50	tokens=[216,463,1045,2966,113]; text="The Alhambra is" | tokens=[829,186,4379,111,2619,83,879,82,328,1221,212,1037,56,4210,3239,83,61,1221,130,3439]; text="An exoplanet crossing in front of its star can cause a measurable dip in the star's brightness" | tokens=[23,3955,2550,170,460,884]; text="Sesame seeds are used whole"	50
4628	block_1.after_attention_residual + block_1.after_mlp_residual	4	tokens=[20,2371,206,1071,212]; text="Omnivores can" | tokens=[6,2345,381,525,2466]; text="A concert flute produces"	4
4629	block_1.after_attention_residual + block_1.after_mlp_residual	54	tokens=[10,3751,3566,1284]; text="Echidnas feed" | tokens=[4257,2118,1892,1157,592]; text="Braille represents written information" | tokens=[829,865,1309,83,56,2242,2129,340,377,302,328,1075,2846,1904]; text="An object moving in a circle accelerates even if its speed stays constant"	54
4630	block_1.after_attention_residual + block_1.after_mlp_residual	2	tokens=[22,1098,4260,304,526]; text="Reykjavik"	2
4631	block_1.after_attention_residual + block_1.after_mlp_residual	2	tokens=[2176,4008,2082,987,196]; text="Wind turbines capture energy from"	2
4632	block_1.after_attention_residual + block_1.after_mlp_residual	1092	tokens=[216,2638,82,56,924,549,1008,328,3318]; text="The flowers of a fig develop inside its hollow" | tokens=[3613,166,469,2540]; text="Male seahorses" | tokens=[3613,166,469,2540,1178,1727,4185,83,56,4053,86,675,1353]; text="Male seahorses carry developing embryos in a pouch and give birth"	1070
4670	block_2.after_attention_residual + block_2.after_mlp_residual	338	tokens=[216,4355,900]; text="The Forbidden City" | tokens=[4203,1040,170,794,3231,121,856]; text="Termites are social insects that live" | tokens=[3026,1634,113,61,1145,82,2895,0,56,4256,656]; text="Oslo is the capital of Norway, a Scandinavian country"	336
4671	block_2.after_attention_residual + block_2.after_mlp_residual	760	tokens=[216,2638,82,56,924,549,1008,328,3318]; text="The flowers of a fig develop inside its hollow" | tokens=[395,77,3816,240]; text="In an inertial" | tokens=[395,77,3816,240,1532,1690]; text="In an inertial reference frame"	734
4672	block_2.after_attention_residual + block_2.after_mlp_residual	482	tokens=[3410,719,77,865,484,2722,1688,328,3824,1050,987]; text="Raising an object against gravity increases its gravitational potential energy" | tokens=[2746,1762,379,701,987,80,384,3972,530,1581,4313]; text="Green plants use light energy to make sugars during photosynthesis" | tokens=[1141,87,511,4386,952,882]; text="Unicode assigns code points"	482
4673	block_2.after_attention_residual + block_2.after_mlp_residual	4160	tokens=[3711,3502,1426,2013,80,3862,337,250,774,2]; text="Female mammals produce milk to nourish their young." | tokens=[395,1240,0,61,3474,82,2365,113,1166,2423,306,2317,80]; text="In English, the plural of mouse is usually mice when referring to" | tokens=[395,1240,0,61,3474,82,2365,113,1166,2423,306,2317,80,61,1554,2]; text="In English, the plural of mouse is usually mice when referring to the animal."	3758
4674	block_2.after_attention_residual + block_2.after_mlp_residual	102	tokens=[1935,2026,43,1026,1284,2137,114]; text="Many tortoises feed mainly on" | tokens=[20,2623,1121]; text="Olive oil" | tokens=[24,1457,4045]; text="Taste buds"	100
4675	block_2.after_attention_residual + block_2.after_mlp_residual	212	tokens=[2876,39,3605,3333,3705,450,1426,3525,3678,465,3845]; text="Silkworm caterpillars produce silk fibers while constructing" | tokens=[1920,3401,1978,1684,80]; text="Although Mercury lies closer to" | tokens=[216,2054,3781,638,1905,780,170]; text="The stone monuments called moai are"	212
4676	block_2.after_attention_residual + block_2.after_mlp_residual	6	tokens=[19,3147,2144,2239,142]; text="Nairobi serves as" | tokens=[16,378,3442,48,113]; text="Kathmandu is" | tokens=[13,627,4149,0,114]; text="Helsinki, on"	6
4677	block_2.after_attention_residual + block_2.after_mlp_residual	4	tokens=[6,3957,504,113,2681]; text="A fresco is painted" | tokens=[6,1390,3615,542,2448]; text="A sunflower head consists"	4
4678	block_2.after_attention_residual + block_2.after_mlp_residual	2890	tokens=[395,1240,0,61,3474]; text="In English, the plural" | tokens=[395,1240,0,61,3474,82,2365,113]; text="In English, the plural of mouse is" | tokens=[395,1240,0,61,3474,82,2365,113,1166,2423,306,2317,80,61,1554]; text="In English, the plural of mouse is usually mice when referring to the animal"	2856
4679	block_2.after_attention_residual + block_2.after_mlp_residual	2	tokens=[17,133,1513,2968,1228]; text="Lithography traditionally uses"	2
4680	block_2.after_attention_residual + block_2.after_mlp_residual	4	tokens=[3222,49,1934,145,1974]; text="Salvador Dali" | tokens=[1142,43,3275,97,361]; text="Leo Tolstoy"	4
4681	block_2.after_attention_residual + block_2.after_mlp_residual	10	tokens=[2921,969,113,56,1281,1,878,595,3876,1313,892]; text="Basalt is a fine-grained volcanic rock common" | tokens=[796,2621,3093,632,2142]; text="Chiaroscuro describes" | tokens=[3609,2504,3386,212,490]; text="Pottery fragments can help"	10
4682	block_2.after_attention_residual + block_2.after_mlp_residual	4	tokens=[4454,1566,400,1728,2639]; text="Rust forms through chemical reactions" | tokens=[2176,4008,2082,987,196]; text="Wind turbines capture energy from"	4
4683	block_2.after_attention_residual + block_2.after_mlp_residual	4	tokens=[23,1607,814,448,212]; text="Semicircular can" | tokens=[3261,1246,2251,837,993]; text="Archaeologists study material"	4
4684	block_2.after_attention_residual + block_2.after_mlp_residual	540	tokens=[3711,3502,1426,2013]; text="Female mammals produce milk" | tokens=[395,1240,0,61,3474,82,2365,113,1166,2423]; text="In English, the plural of mouse is usually mice" | tokens=[829,3989,718,212,584,56,4297,192,2598,752]; text="An oyster can form a pearl by depositing"	540
4685	block_2.after_attention_residual + block_2.after_mlp_residual	2242	tokens=[3711,3502,1426]; text="Female mammals produce" | tokens=[395,1240,0]; text="In English," | tokens=[216,2638,82,56,924,549,1008]; text="The flowers of a fig develop inside"	2234
4686	block_2.after_attention_residual + block_2.after_mlp_residual	1568	tokens=[216,2638,82,56]; text="The flowers of a" | tokens=[2876,39,3605]; text="Silkworm" | tokens=[2876,39,3605,3333,3705,450,1426]; text="Silkworm caterpillars produce"	1564
4687	block_2.after_attention_residual + block_2.after_mlp_residual	32	tokens=[6,1425,565,1228,56,2797,83,2098,80,2022,749,56,1420,113]; text="A spirit level uses a bubble in liquid to indicate whether a surface is" | tokens=[1100,51,2094,4416,113]; text="Proxima Centauri is" | tokens=[21,242,1946]; text="Pine trees"	32
4688	block_2.after_attention_residual + block_2.after_mlp_residual	4244	tokens=[3711,3502,1426,2013,80,3862,337,250,774]; text="Female mammals produce milk to nourish their young" | tokens=[395,1240,0,61,3474,82]; text="In English, the plural of" | tokens=[395,1240,0,61,3474,82,2365]; text="In English, the plural of mouse"	4238
4689	block_2.after_attention_residual + block_2.after_mlp_residual	14	tokens=[11,52,3843,145,208,43,819,2938,130,2344,86,2862,3127,2390,114,1895,91,154,851,2449]; text="Fyodor Dostoevsky's Crime and Punishment centers on Rodion Raskoln" | tokens=[24,3216,116,69,212]; text="Tsunamis can" | tokens=[3121,2590,4081,856,3370]; text="Dragonfly larvae live underwater"	14
4690	block_2.after_attention_residual + block_2.after_mlp_residual	4	tokens=[216,3983,83,1356,31,1051,1410,121]; text="The witches in Macbeth predict that" | tokens=[2905,4447,3852,88,445]; text="Alexandre Dumas made"	4
4691	block_2.after_attention_residual + block_2.after_mlp_residual	76	tokens=[4203,1040,170,794,3231,121,856,83]; text="Termites are social insects that live in" | tokens=[6,3095,130,124,2226,2547,1629,131,1062,1728,592,196]; text="A snake's forked tongue helps it collect chemical information from" | tokens=[3803,121,700,813,83,56,4145,212,1825,162]; text="Stars that appear together in a constellation can lie at"	76
4692	block_2.after_attention_residual + block_2.after_mlp_residual	22	tokens=[216,3983,83,1356,31]; text="The witches in Macb" | tokens=[1996,4303,1313,2584,61]; text="Once molten rock reaches the" | tokens=[4192,2472,56,1848,130]; text="Doubling a square's"	22
4693	block_2.after_attention_residual + block_2.after_mlp_residual	964	tokens=[2876,39,3605,3333,3705,450]; text="Silkworm caterpillars" | tokens=[24,1227,4403]; text="Tiny pores" | tokens=[24,1227,4403,638]; text="Tiny pores called"	950
4694	block_2.after_attention_residual + block_2.after_mlp_residual	16	tokens=[13,503,332,32]; text="Hexadec" | tokens=[6,312,1443,652]; text="A quilling design" | tokens=[4357,2532,3177,665]; text="Gabriel Garcia Mar"	16
4695	block_2.after_attention_residual + block_2.after_mlp_residual	8	tokens=[4360,2685,2234,968,139]; text="Boolean logic works with" | tokens=[3675,4134,566,1879,1228]; text="Islamic geometric art frequently uses" | tokens=[13,297,3777,706,83]; text="Hailstones grow in"	8
4696	block_2.after_attention_residual + block_2.after_mlp_residual	4	tokens=[1135,3197,58,320,1542]; text="Constantinople served" | tokens=[829,431,407,2266,629,4274,987]; text="An endothermic process absorbs energy"	4
4697	block_2.after_attention_residual + block_2.after_mlp_residual	138	tokens=[6,2145,3429]; text="A neutral atom" | tokens=[7,284,212]; text="Bile can" | tokens=[796,228,89]; text="Chamele"	138
4698	block_2.after_attention_residual + block_2.after_mlp_residual	10	tokens=[1604,4276,2653,3968,574]; text="Meiosis reduces chromosome number" | tokens=[1470,1072,0,114,61,2292,1718]; text="Seoul, on the Han River" | tokens=[1738,339,148,83,56,1929,111]; text="Performers in a duet"	10
4699	block_2.after_attention_residual + block_2.after_mlp_residual	86	tokens=[24,1227,4403,638,128,92,495,569,3402,80]; text="Tiny pores called stomata allow gases to" | tokens=[216,4355,900,83,2521,1542]; text="The Forbidden City in Beijing served" | tokens=[216,1145,82,4310,113,222,1551,70,1922,2277,0]; text="The capital of Mongolia is Ulaanbaatar,"	86
4700	block_2.after_attention_residual + block_2.after_mlp_residual	5120	tokens=[3711]; text="Female" | tokens=[3711,3502]; text="Female mammals" | tokens=[3711,3502,1426,2013,80]; text="Female mammals produce milk to"	4168
4701	block_2.after_attention_residual + block_2.after_mlp_residual	72	tokens=[3663,2465,1207,4317,2744]; text="Kimchi includes fermented vegetables" | tokens=[3379,1423,56,993,1937]; text="Sound requires a material medium" | tokens=[17,333,1730,170,3274,274,245,139,1823]; text="Lobsters are crustaceans with joint"	72
4702	block_2.after_attention_residual + block_2.after_mlp_residual	3946	tokens=[3711,3502,1426,2013,80,3862,337]; text="Female mammals produce milk to nourish" | tokens=[395,1240,0,61,3474,82,2365,113,1166]; text="In English, the plural of mouse is usually" | tokens=[395,1240,0,61,3474,82,2365,113,1166,2423,306,2317]; text="In English, the plural of mouse is usually mice when referring"	3890
4703	block_2.after_attention_residual + block_2.after_mlp_residual	102	tokens=[1097,1147,1011]; text="Atoms share" | tokens=[829,3346,130]; text="An elephant's" | tokens=[6,3095,130]; text="A snake's"	100
4704	block_2.after_attention_residual + block_2.after_mlp_residual	6	tokens=[3853,329,3772,3399,714]; text="Persian miniature paintings often" | tokens=[6,1163,3131,768,212]; text="A regular hexagon can" | tokens=[7,471,66,3564,2770]; text="Baleen whales strain"	6
4705	block_2.after_attention_residual + block_2.after_mlp_residual	2	tokens=[13,230,167,780,130]; text="Hokusai's"	2
4706	block_2.after_attention_residual + block_2.after_mlp_residual	2	tokens=[6,1505,2817,1138,1235]; text="A closed conducting path allows"	2
4744	block_3.after_attention_residual + block_3.after_mlp_residual	1352	tokens=[216,2638,82,56,924,549,1008,328,3318]; text="The flowers of a fig develop inside its hollow" | tokens=[395,77,3816,240,1532,1690]; text="In an inertial reference frame" | tokens=[24,1227]; text="Tiny"	1306
4745	block_3.after_attention_residual + block_3.after_mlp_residual	422	tokens=[3711,3502]; text="Female mammals" | tokens=[395,1240]; text="In English" | tokens=[3613,166]; text="Male se"	380
4746	block_3.after_attention_residual + block_3.after_mlp_residual	2260	tokens=[3711,3502,1426,2013,80,3862,337,250,774]; text="Female mammals produce milk to nourish their young" | tokens=[395,1240,0,61,3474,82,2365,113,1166,2423,306,2317,80,61,1554]; text="In English, the plural of mouse is usually mice when referring to the animal" | tokens=[216,2638,82,56,924,549,1008,328,3318,0,2483,52,1469]; text="The flowers of a fig develop inside its hollow, fleshy structure"	2258
4749	block_3.after_attention_residual + block_3.after_mlp_residual	2	tokens=[4265,1333,1210,2604,250,1014,841,1,3659,1300,306,3833,83,4217,1]; text="ASCII characters retain their original single-byte values when encoded in UTF-"	2
4753	block_3.after_attention_residual + block_3.after_mlp_residual	2	tokens=[3420,71,3638,1006,61,2969,2533,129,1715,1103,86,165,150,1185,785,82,3499,1]; text="Victor Hugo wrote the novels Les Miserables and The Hunchback of Notre-"	2
4774	block_3.after_attention_residual + block_3.after_mlp_residual	6	tokens=[216,2054,3781,638,1905,780,170,1319,139,2597]; text="The stone monuments called moai are associated with Rap" | tokens=[6,3546,212,2050,3145,1658,192,2689,253,701,309,61,273]; text="A telescope can reveal faint objects by collecting more light than the un" | tokens=[4030,2688,2605,2537,464,2681,61,3178,789,142,61,1084]; text="Leonardo da Vinci painted the portrait known as the Mon"	6
4775	block_3.after_attention_residual + block_3.after_mlp_residual	2	tokens=[216,3983,83,1356,31,1051,1410,121,1356]; text="The witches in Macbeth predict that Mac"	2
4776	block_3.after_attention_residual + block_3.after_mlp_residual	6	tokens=[216,3898,113,1463,1486,1313,121,212,4401,1807,311,4246,705]; text="The mantle is mostly solid rock that can deform slowly over geological times" | tokens=[216,2893,2645,1928,77,2387,80,61,1768,2916,1912,82,825]; text="The Lion Gate formed an entrance to the ancient citadel of My" | tokens=[216,2019,4036,739,82,2263,1617,47,68,2303,1780,114,77,1925,83,1785,1232]; text="The Aztec city of Tenochtitlan stood on an island in Lake Tex"	6
4778	block_3.after_attention_residual + block_3.after_mlp_residual	2	tokens=[216,715,3654,1686,113,445,249,82,3835,2966]; text="The human spinal column is made up of vertebra"	2
4781	block_3.after_attention_residual + block_3.after_mlp_residual	2	tokens=[216,3029,82,2421,3267]; text="The Epic of Gilgames"	2
4782	block_3.after_attention_residual + block_3.after_mlp_residual	10	tokens=[216,3252,117,1521,113,1319,139,61,1536,1786,472]; text="The Pillow Book is associated with the Japanese writer Se" | tokens=[216,3619,45,1491,2998,3094,83,2882,113,1948,1319,139,1932,2254]; text="The Sagrada Familia in Barcelona is closely associated with architect Anton" | tokens=[3650,1599,842,1,1746,113,61,318,1018,124,842,82,56,677,1174,82,2392,3377,3109]; text="Radioactive half-life is the time required for half of a large population of identical unstable nucle"	10
4785	block_3.after_attention_residual + block_3.after_mlp_residual	4	tokens=[575,78,260,1040,2103,196,2509,4354,0,465,3792,147]; text="Stalactites hang from cave ceilings, while stalag" | tokens=[891,61,986,1839,3458]; text="When the diaphrag"	4
4786	block_3.after_attention_residual + block_3.after_mlp_residual	8	tokens=[1452,1372,197,1250,1982,86,1664,80,61,301,308]; text="Spiders have eight legs and belong to the arach" | tokens=[24,1202,170,301,308]; text="Ticks are arach" | tokens=[2131,250,76,802,148,0,4395,247,170,301,308]; text="Despite their pincers, scorpions are arach"	8
4787	block_3.after_attention_residual + block_3.after_mlp_residual	14	tokens=[216,1925,82,1976,1978,1615,82,61,1925,82,136,2154]; text="The island of Java lies south of the island of Borne" | tokens=[11,52,3843,145,208]; text="Fyodor Dost" | tokens=[1291,2233,87,3274,1566,142,874,996,1245,46,162,1131,1]; text="New oceanic crust forms as magma cools at mid-"	14
4790	block_3.after_attention_residual + block_3.after_mlp_residual	20	tokens=[216,1203,4146,87,1657,1557]; text="The term pizzicato instruct" | tokens=[7,1164,1105,2056,1943]; text="Binary search repeatedly narrow" | tokens=[6,4125,2037,219,635,2678,3000,83,2101]; text="A violin normally has four strings tuned in fifth"	20
4791	block_3.after_attention_residual + block_3.after_mlp_residual	8	tokens=[1935,1762,212,3480,559,2550,400,823]; text="Many plants can reproduce without seeds through cut" | tokens=[4290,1204,2071,2263,1617]; text="Spanish forces captured Tenoch" | tokens=[216,2019,4036,739,82,2263,1617]; text="The Aztec city of Tenoch"	8
4792	block_3.after_attention_residual + block_3.after_mlp_residual	2	tokens=[216,1312,4228,162,181,3512,156,1153,124,61,420,3949,1605,1117]; text="The Great Pyramid at Giza was built for the pharaoh Khuf"	2
4794	block_3.after_attention_residual + block_3.after_mlp_residual	4	tokens=[9,189,1566,306,704,3284,751,1447,1399,56,1420,3899,883,61,695,130,171]; text="Dew forms when water vapor condenses onto a surface cooled below the air's de" | tokens=[4275,113,2185,445,196,56,2304,82,467]; text="Paper is commonly made from a sheet of inter"	4
4795	block_3.after_attention_residual + block_3.after_mlp_residual	2	tokens=[216,237,1519,30,1287,77,695,478,481,61,96,4139]; text="The trachea provides an airway between the laryn"	2
4796	block_3.after_attention_residual + block_3.after_mlp_residual	12	tokens=[216,2638,82,56,924,549,1008,328,3318,0,2483]; text="The flowers of a fig develop inside its hollow, flesh" | tokens=[7,3729,2810,80,61,2170,698,1296,328,1522]; text="Bamboo belongs to the grass family despite its wood" | tokens=[4397,970,1084,111,2056,2681,704,96,1320,83,217,2493,162,2097,447]; text="Claude Monet repeatedly painted water lilies in his garden at Givern"	12
4799	block_3.after_attention_residual + block_3.after_mlp_residual	2	tokens=[1097,56,408,2474,1831,0,261]; text="At a subduction zone, one"	2
4800	block_3.after_attention_residual + block_3.after_mlp_residual	566	tokens=[3613,166,469,2540,1178,1727,4185,83]; text="Male seahorses carry developing embryos in" | tokens=[829,3989,718,212,584]; text="An oyster can form" | tokens=[2719,39,71,2588,113]; text="Angkor Wat is"	564
4803	block_3.after_attention_residual + block_3.after_mlp_residual	4	tokens=[3552,2496,2202,327,1006,2568,3394]; text="Charlotte Bronte wrote Jane Ey" | tokens=[4304,645,219,61,355,199]; text="Electric current has the ampe"	4
4804	block_3.after_attention_residual + block_3.after_mlp_residual	6	tokens=[216,3252,117,1521,113,1319,139,61,1536,1786,472,38,443]; text="The Pillow Book is associated with the Japanese writer Sei Sh" | tokens=[216,4185,82,2170,72,197,56,841,67,108,52,468]; text="The embryos of grasses have a single cotyled" | tokens=[4144,61,1312,156,56,1706,82,1768,3639]; text="Alexander the Great was a king of ancient Maced"	6
4805	block_3.after_attention_residual + block_3.after_mlp_residual	936	tokens=[3711,3502,1426,2013]; text="Female mammals produce milk" | tokens=[395,1240,0,61,3474,82,2365,113,1166,2423,306,2317,80]; text="In English, the plural of mouse is usually mice when referring to" | tokens=[216,4355,900]; text="The Forbidden City"	934
4806	block_3.after_attention_residual + block_3.after_mlp_residual	4	tokens=[3966,3897,363,113,1367,3808]; text="Cold seawater is generally dens" | tokens=[15,554,562,72,1468,593]; text="Johannes Verme"	4
4807	block_3.after_attention_residual + block_3.after_mlp_residual	6	tokens=[2131,328,634,0,2369,2612]; text="Despite its name, buckwhe" | tokens=[3684,74,4387,170,445,192,1078,1279,86,3703,1133,65]; text="Rolled oats are made by steaming and flattening o" | tokens=[3606,1241,2185,3349,4301,1966,139,61,85,134,147,907,86,227]; text="Japanese writing commonly combines kanji with the hiragana and k"	6
4809	block_3.after_attention_residual + block_3.after_mlp_residual	2	tokens=[3684,74,4387,170,445,192,1078,1279,86,3703,1133]; text="Rolled oats are made by steaming and flattening"	2
4810	block_3.after_attention_residual + block_3.after_mlp_residual	4	tokens=[784,56,397,3482,0,61,4308,2186]; text="For a right triangle, the squared hypot" | tokens=[216,2893,2645,1928,77,2387,80,61,1768,2916,1912,82,825,32]; text="The Lion Gate formed an entrance to the ancient citadel of Myc"	4
4811	block_3.after_attention_residual + block_3.after_mlp_residual	10	tokens=[1097,1147,1011,2511,2840,83,56]; text="Atoms share electron pairs in a" | tokens=[2335,1383,212,584,635]; text="Carbon can form four" | tokens=[3997,67,458,113,3965,196,61,3383,82]; text="Natural cork is harvested from the bark of"	10
4812	block_3.after_attention_residual + block_3.after_mlp_residual	4	tokens=[4290,1204,2071,2263,1617,47]; text="Spanish forces captured Tenocht" | tokens=[216,2019,4036,739,82,2263,1617,47]; text="The Aztec city of Tenocht"	4
4813	block_3.after_attention_residual + block_3.after_mlp_residual	6	tokens=[216,519,797,1941,4402,170,1277,2725,194,0,138,660,194,0,86,4158]; text="The three musketeers are named Athos, Porthos, and Aram" | tokens=[6,1917,574,219,1212,366,1328,1016]; text="A prime number has exactly two positive div" | tokens=[2424,1632,83,61,1378]; text="Muscles in the ir"	6
4814	block_3.after_attention_residual + block_3.after_mlp_residual	6	tokens=[216,1145,82,4310,113,222,1551]; text="The capital of Mongolia is Ula" | tokens=[216,574,3857,113,61,2089,82,56,4440,233]; text="The number pi is the ratio of a Euclide" | tokens=[2348,3802,1326,83,56,4440,233]; text="Parallel lines in a Euclide"	6
4815	block_3.after_attention_residual + block_3.after_mlp_residual	2	tokens=[4151,53,4382,130,165,1205,4099,1732,1763,139,2153]; text="Franz Kafka's The Metamorphosis begins with Greg"	2
4816	block_3.after_attention_residual + block_3.after_mlp_residual	14	tokens=[1935,2026,43,1026,1284,2137,114,1678,0,2170]; text="Many tortoises feed mainly on leaves, grass" | tokens=[3670,56,3503,1885,2385]; text="Taking a cube root revers" | tokens=[2742,2451,218,185,653,61,4173,82,672,1498,2435,2575]; text="Earlier outcomes do not change the probabilities of later independent coin toss"	14
4817	block_3.after_attention_residual + block_3.after_mlp_residual	2	tokens=[7,419,3317,113,61,892,634,124,3353]; text="Baking soda is the common name for sodium"	2
4818	block_3.after_attention_residual + block_3.after_mlp_residual	18	tokens=[23,74,4161,2624,714,584,306,3702,2690,723,2961]; text="Sedimentary rocks often form when deposited particles become compact" | tokens=[23,74,4161,2624,714,584,306,3702,2690,723,2961,74,86,3313]; text="Sedimentary rocks often form when deposited particles become compacted and cement" | tokens=[3788,212,653,1566,224,113,1347]; text="Energy can change forms but is conserv"	18
4819	block_3.after_attention_residual + block_3.after_mlp_residual	10	tokens=[23,275,2301,198,110,113,1465,192,4147]; text="Sauerkraut is produced by ferment" | tokens=[3670,56,3503,1885,2385,72,2735]; text="Taking a cube root reverses cub" | tokens=[4434,2202,327,130,153,2654]; text="Emily Bronte's Wuther"	10
4820	block_3.after_attention_residual + block_3.after_mlp_residual	6	tokens=[13,330,62,4431,2475,170,489,251,80,384,56]; text="Horseradish roots are grated to make a" | tokens=[21,241,3361,2942,270,445,196,61]; text="Papyrus sheets were made from the" | tokens=[1866,3796,3947,1110,328,3022]; text="Prepared mustard gets its characteristic"	6
4821	block_3.after_attention_residual + block_3.after_mlp_residual	104	tokens=[395,77,3816,240,1532,1690,0]; text="In an inertial reference frame," | tokens=[216,4355,900,83,2521,1542,142]; text="The Forbidden City in Beijing served as" | tokens=[829,3989,718,212,584,56,4297,192,2598,752,95,2600,508]; text="An oyster can form a pearl by depositing nacre around"	104
4822	block_3.after_attention_residual + block_3.after_mlp_residual	4	tokens=[9,3934,91,2952,1178,1281,3929,121,1191,927,4183]; text="Dandelion fruits carry fine hairs that assist wind dispers" | tokens=[216,3914,2196,78,156,3309,192,3162,205,3220,83,1354,82,4128,47,486,2196]; text="The Taj Mahal was commissioned by Shah Jahan in memory of Mumtaz Mah"	4
4823	block_3.after_attention_residual + block_3.after_mlp_residual	2	tokens=[4428,1,5,887,1369,3970,3006]; text="UTF-8 encodes Unicode scal"	2
4824	block_3.after_attention_residual + block_3.after_mlp_residual	248	tokens=[395,1240,0,61,3474,82,2365,113,1166,2423,306,2317]; text="In English, the plural of mouse is usually mice when referring" | tokens=[24,1227,4403,638,128,92,495,569,3402]; text="Tiny pores called stomata allow gases" | tokens=[2746,1762,379,701,987]; text="Green plants use light energy"	248
4825	block_3.after_attention_residual + block_3.after_mlp_residual	12	tokens=[24,110,456,1045,182,130,2445,4465,276,2261,156,1462,311,217]; text="Tutankhamun's golden funerary mask was placed over his" | tokens=[12,994,286,2185,1528,4409,0,364,127,46,770,0,86]; text="Granite commonly contains quartz, feldspar, and" | tokens=[4330,3918,1199,3070,1726,400,56,629,638]; text="Ancient Egyptians sometimes preserved bodies through a process called"	12
4826	block_3.after_attention_residual + block_3.after_mlp_residual	702	tokens=[395,1240,0,61,3474]; text="In English, the plural" | tokens=[3311,905,1089,1493,1506,2544,139,61,490]; text="Human red blood cells transport oxygen with the help" | tokens=[3026,1634,113,61,1145]; text="Oslo is the capital"	702
4827	block_3.after_attention_residual + block_3.after_mlp_residual	364	tokens=[3613,166,469,2540,1178,1727,4185]; text="Male seahorses carry developing embryos" | tokens=[2719,39,71,2588,113,56,2616,1278]; text="Angkor Wat is a temple complex" | tokens=[1141,87,511,4386,952,882,80,1210,460]; text="Unicode assigns code points to characters used"	364
4829	block_3.after_attention_residual + block_3.after_mlp_residual	2	tokens=[3606,1241,2185,3349,4301,1966,139,61]; text="Japanese writing commonly combines kanji with the"	2
4830	block_3.after_attention_residual + block_3.after_mlp_residual	338	tokens=[3613,166,469,2540,1178,1727,4185,83,56,4053]; text="Male seahorses carry developing embryos in a pouch" | tokens=[216,463,1045,2966,113,56,3314]; text="The Alhambra is a palace" | tokens=[1935,2026,43,1026,1284,2137,114,1678,0,2170,72,0]; text="Many tortoises feed mainly on leaves, grasses,"	338
4831	block_3.after_attention_residual + block_3.after_mlp_residual	16	tokens=[2458,2117,2448,2137,82,61,3432]; text="Table salt consists mainly of the ion" | tokens=[2921,969,113,56,1281,1,878,595,3876,1313,892,83,2233]; text="Basalt is a fine-grained volcanic rock common in ocean" | tokens=[3723,194,1332,1556,4167,1483,261,545,83,77,3432]; text="Oppositely charged ions attract one another in an ion"	16
4832	block_3.after_attention_residual + block_3.after_mlp_residual	16	tokens=[6,2368,896,1]; text="A conventional six-" | tokens=[15,1550,1468,352,130,3031,61,876,83,188,2808,2622,1681,612,284]; text="Jules Verne's Around the World in Eighty Days follows Phile" | tokens=[1452,246,72,1158]; text="Sponges draw"	16
4833	block_3.after_attention_residual + block_3.after_mlp_residual	2	tokens=[6,2615,3347,130,64,2278]; text="A honeybee's wagg"	2
4834	block_3.after_attention_residual + block_3.after_mlp_residual	2	tokens=[3666,2872,2991,1005,2404,3123,83]; text="Simple triple meter groups musical beats in"	2
4835	block_3.after_attention_residual + block_3.after_mlp_residual	4	tokens=[11,52,3843,145,208,43,819,2938,130,2344,86,2862,3127,2390,114,1895]; text="Fyodor Dostoevsky's Crime and Punishment centers on Rod" | tokens=[4123,1,4151,504,69,3798,342]; text="Jean-Francois Champoll"	4
4836	block_3.after_attention_residual + block_3.after_mlp_residual	2	tokens=[24,1227,4403,638,128]; text="Tiny pores called st"	2
4837	block_3.after_attention_residual + block_3.after_mlp_residual	2	tokens=[4462,1678,581,196,61,2360,271,3917]; text="Tea leaves come from the shrub Came"	2
4838	block_3.after_attention_residual + block_3.after_mlp_residual	6	tokens=[1097,1147,1011,2511,2840,83,56,67,2130]; text="Atoms share electron pairs in a coval" | tokens=[13,330,62,4431,2475,170,489,251,80,384,56,76,873]; text="Horseradish roots are grated to make a pung" | tokens=[2335,1383,212,584,635,67,2130]; text="Carbon can form four coval"	6
4839	block_3.after_attention_residual + block_3.after_mlp_residual	2	tokens=[829,3989,718,212,584,56,4297,192,2598,752]; text="An oyster can form a pearl by depositing"	2
4840	block_3.after_attention_residual + block_3.after_mlp_residual	12	tokens=[216,237,1519,30,1287,77,695,478,481,61]; text="The trachea provides an airway between the" | tokens=[1413,82,2084,399,220,130,677,2864,170,3323,192,2964]; text="Some of Stonehenge's large stones are topped by horizontal" | tokens=[9,278,1492,113]; text="Dry ice is"	12
4842	block_3.after_attention_residual + block_3.after_mlp_residual	4	tokens=[6,2366,4262,2466,864,573,56,841]; text="A clarinet produces sound using a single" | tokens=[20,863,72,379,56,1575,82]; text="Oboes use a pair of"	4
4843	block_3.after_attention_residual + block_3.after_mlp_residual	2	tokens=[4178,1574,83,715,3406,1044,583,811,61,2042,82,1921,200]; text="Gas exchange in human lungs takes place across the walls of tiny al"	2
4844	block_3.after_attention_residual + block_3.after_mlp_residual	4	tokens=[3995,422,0,1762,0,86,4136,1664,80,61]; text="Animals, plants, and fungi belong to the" | tokens=[796,177,194,992,1217,82,1995,1319,139,2926,83]; text="Chromosomes consist of DNA associated with proteins in"	4
4847	block_3.after_attention_residual + block_3.after_mlp_residual	52	tokens=[2131,328,634,0]; text="Despite its name," | tokens=[3803,121,700,813]; text="Stars that appear together" | tokens=[3663,2465,1207,4317]; text="Kimchi includes fermented"	52
4848	block_3.after_attention_residual + block_3.after_mlp_residual	6	tokens=[1578,77,3224,3627,130,519,2554,0,366,2199,1089,400,328]; text="Of an octopus's three hearts, two pump blood through its" | tokens=[3175,418,287,4138,194,257,442,0]; text="Unlike many other gymnosperms," | tokens=[1906,1725,1972,2544,196,704,400,250]; text="Most fish obtain oxygen from water through their"	6
4849	block_3.after_attention_residual + block_3.after_mlp_residual	2	tokens=[22,214,0,61,1145,82,2085,0,1794,114,61]; text="Rome, the capital of Italy, stands on the"	2
4850	block_3.after_attention_residual + block_3.after_mlp_residual	2	tokens=[3612,1104,4372,2681,427,82,61,2711,82,61]; text="Michelangelo painted much of the ceiling of the"	2
4851	block_3.after_attention_residual + block_3.after_mlp_residual	2	tokens=[216,3277,82,3877,44,2146,2579,317,82,77,112,2526,2207]; text="The ruins of Persepolis preserve part of an Achaemen"	2
4852	block_3.after_attention_residual + block_3.after_mlp_residual	4	tokens=[216,1768,739,82,707]; text="The ancient city of Te" | tokens=[216,4185,82,2170,72,197,56,841,67]; text="The embryos of grasses have a single c"	4
4853	block_3.after_attention_residual + block_3.after_mlp_residual	4	tokens=[3169,1747,113,61,1145,739,82,2162,0,114,61]; text="Madrid is the capital city of Spain, on the" | tokens=[216,3506,3866,3541,61,1943]; text="The Panama Canal crosses the narrow"	4
4854	block_3.after_attention_residual + block_3.after_mlp_residual	2	tokens=[3836,2930,2644,3319,1038,181,360,628,80,184,144,266]; text="Jonathan Swift sends Lemuel Gulliver to Lillip"	2
4855	block_3.after_attention_residual + block_3.after_mlp_residual	6	tokens=[21,3823,3415,1178,61,1391,2227]; text="Pollen grains carry the male gam" | tokens=[1738,339,148,83,56,1929]; text="Performers in a du" | tokens=[4218,974,66,130,3407,86,1288,2398,243,1115,2419,2771]; text="Jane Austen's Pride and Prejudice features Elizabeth Benn"	6
4856	block_3.after_attention_residual + block_3.after_mlp_residual	4	tokens=[10,31,733,2228,640,4259,220,113,61,1405,853,83]; text="Ebenezer Scrooge is the central character in" | tokens=[216,3277,82,3877,44,2146,2579,317,82,77]; text="The ruins of Persepolis preserve part of an"	4
4857	block_3.after_attention_residual + block_3.after_mlp_residual	214	tokens=[395,1240,0,61,3474,82,2365]; text="In English, the plural of mouse" | tokens=[216,578,1883]; text="The direct transition" | tokens=[216,578,1883,196,1249,80,1486]; text="The direct transition from gas to solid"	214
4858	block_3.after_attention_residual + block_3.after_mlp_residual	68	tokens=[1935,2026,43,1026,1284,2137]; text="Many tortoises feed mainly" | tokens=[4097,1059,113,61,1145,82,2008,0]; text="Dublin is the capital of Ireland," | tokens=[216,1145,82,1516,113,1806,0,56,739]; text="The capital of France is Paris, a city"	68
4860	block_3.after_attention_residual + block_3.after_mlp_residual	4	tokens=[1712,371,281,670,911,4088,0,80,1675,0,1265]; text="Amphibians include frogs, toads, sal" | tokens=[216,3029,82,2421,3267,37,4047,83,1768,2861,4284]; text="The Epic of Gilgamesh survives in ancient Mesopot"	4
4862	block_3.after_attention_residual + block_3.after_mlp_residual	4	tokens=[216,2196,176,2332,495,86,61,1992]; text="The Mahabharata and the Ram" | tokens=[216,4225,82,1424,4289,3878,61,1424]; text="The Strait of Malacca separates the Mal"	4
4863	block_3.after_attention_residual + block_3.after_mlp_residual	2	tokens=[22,557,4417,735,88]; text="Rajendra Pras"	2
4864	block_3.after_attention_residual + block_3.after_mlp_residual	6	tokens=[395,77,1969,366,1,1000,506,0,56,1630,3824,2684,113,77,3826,266]; text="In an ideal two-body system, a bound gravitational orbit is an ellip" | tokens=[216,3743,1534,82,2403,435]; text="The Odyssey tells of Odys" | tokens=[3616,4393,113,61,1263,82,2403,435]; text="Penelope is the wife of Odys"	6
4865	block_3.after_attention_residual + block_3.after_mlp_residual	134	tokens=[4203,1040,170,794,3231]; text="Termites are social insects" | tokens=[6,888,4133,113,56,1266,3593,2485]; text="A supernova is a powerful stellar explosion" | tokens=[2331,125,1154,170,2819,82,1492]; text="Glaciers are masses of ice"	134
4866	block_3.after_attention_residual + block_3.after_mlp_residual	4	tokens=[216,1213,30,2090,130,1145,156]; text="The Inca Empire's capital was" | tokens=[216,1480,1527,1718,2934,326,61,807,3536]; text="The Volga River flows into the landlocked"	4
4867	block_3.after_attention_residual + block_3.after_mlp_residual	2	tokens=[23,822,588,2448,82,3005,128]; text="Saffron consists of dried st"	2
4868	block_3.after_attention_residual + block_3.after_mlp_residual	88	tokens=[216,463,1045,2966]; text="The Alhambra" | tokens=[216,876,3500,1606,113,56,868,1153,114,61,1587,867,309,56,1773,1576]; text="The World Wide Web is a service built on the internet rather than a synonym" | tokens=[4095,1701,379,1814,2608,1251]; text="Sea stars use numerous tube feet"	88
4871	block_3.after_attention_residual + block_3.after_mlp_residual	2	tokens=[12,994,286,2185,1528,4409,0,364]; text="Granite commonly contains quartz, fe"	2
4872	block_3.after_attention_residual + block_3.after_mlp_residual	6	tokens=[2898,1678,170,460,80,2296,3528,414,0]; text="Bay leaves are used to flavor soups," | tokens=[8,193,795,128,3520,3057,142,2744,170,2009,2651]; text="Celery stalks eaten as vegetables are primarily leaf" | tokens=[23,822,588,2448,82,3005]; text="Saffron consists of dried"	6
4873	block_3.after_attention_residual + block_3.after_mlp_residual	2	tokens=[3420,71,3638,1006,61,2969,2533]; text="Victor Hugo wrote the novels Les"	2
4874	block_3.after_attention_residual + block_3.after_mlp_residual	138	tokens=[6,888,4133,113,56,1266,3593,2485,121,212,2517,2211,56,2970]; text="A supernova is a powerful stellar explosion that can briefly rival a galaxy" | tokens=[829,186,4379,111,2619,83,879,82,328,1221,212,1037,56,4210,3239,83,61,1221]; text="An exoplanet crossing in front of its star can cause a measurable dip in the star" | tokens=[6,1023,43,113,2037,1064,139,328,746,1510,481,61,866]; text="A cello is normally played with its body supported between the player"	138
4875	block_3.after_attention_residual + block_3.after_mlp_residual	42	tokens=[6,3095,130,124,2226,2547,1629]; text="A snake's forked tongue helps" | tokens=[6,3807,2014,714,2246,56,943,130,1702,0,224]; text="A filename extension often indicates a file's format, but" | tokens=[3999,1164,1492,113,601,2941,309,2098,704,0,256]; text="Ordinary ice is less dense than liquid water, so"	42
4877	block_3.after_attention_residual + block_3.after_mlp_residual	2	tokens=[21,241,3361,2942,270,445,196,61,76]; text="Papyrus sheets were made from the p"	2
4878	block_3.after_attention_residual + block_3.after_mlp_residual	2	tokens=[3606,1241,2185,3349,4301,1966,139,61,85]; text="Japanese writing commonly combines kanji with the h"	2
4879	block_3.after_attention_residual + block_3.after_mlp_residual	2	tokens=[1712,371,281,670,911,4088,0,80,1675,0,1265,116,4332,0,86,3521,925,576,357]; text="Amphibians include frogs, toads, salamanders, and wormlike caec"	2
4880	block_3.after_attention_residual + block_3.after_mlp_residual	2	tokens=[216,1925,82,1976,1978,1615,82,61,1925,82]; text="The island of Java lies south of the island of"	2
4882	block_3.after_attention_residual + block_3.after_mlp_residual	8	tokens=[216,519,797,1941,4402,170,1277,2725,194,0]; text="The three musketeers are named Athos," | tokens=[3218,2516,142]; text="Water expanding as" | tokens=[216,473,2017,2178,82]; text="The Leaning Tower of"	8
4883	block_3.after_attention_residual + block_3.after_mlp_residual	150	tokens=[395,77,3816,240]; text="In an inertial" | tokens=[395,77,3816,240,1532,1690,0,77,865]; text="In an inertial reference frame, an object" | tokens=[3311,905,1089,1493,1506,2544]; text="Human red blood cells transport oxygen"	150
4886	block_3.after_attention_residual + block_3.after_mlp_residual	86	tokens=[216,4355,900,83,2521,1542]; text="The Forbidden City in Beijing served" | tokens=[6,1220,4142,1590,61,462]; text="A homophone sounds the same" | tokens=[6,2145,3429,1528,61,462,574,82,3776]; text="A neutral atom contains the same number of electrons"	86
4887	block_3.after_attention_residual + block_3.after_mlp_residual	2	tokens=[527,1028,467,40,858,366,1670,82,2807,0,2185,638,3630,86]; text="Weaving interlaces two sets of threads, commonly called warp and"	2
4888	block_3.after_attention_residual + block_3.after_mlp_residual	2	tokens=[3836,2930,2644,3319,1038,181,360,628,80,184]; text="Jonathan Swift sends Lemuel Gulliver to L"	2
4889	block_3.after_attention_residual + block_3.after_mlp_residual	2	tokens=[2905,4447,3852,88,445,724,1800]; text="Alexandre Dumas made Edmond"	2
4891	block_3.after_attention_residual + block_3.after_mlp_residual	16	tokens=[1935,2026,43,1026]; text="Many tortoises" | tokens=[23,1274,43,1733]; text="Sancho Pan" | tokens=[575,78,260,1040,2103,196,2509,4354,0,465,3792]; text="Stalactites hang from cave ceilings, while stal"	16
4894	block_3.after_attention_residual + block_3.after_mlp_residual	4	tokens=[4000,4294,113,56,3909,114,1076,130,1925,82]; text="Mount Fuji is a volcano on Japan's island of" | tokens=[3420,71,3638,1006,61,2969,2533,129,1715,1103,86,165]; text="Victor Hugo wrote the novels Les Miserables and The"	4
4895	block_3.after_attention_residual + block_3.after_mlp_residual	2	tokens=[15,1766,2468,1664,80,61,462,712,1554,641,142,1628,77]; text="Jellyfish belong to the same major animal group as sea an"	2
4896	block_3.after_attention_residual + block_3.after_mlp_residual	2	tokens=[6,3058,4273,2653,1520,1411,192,2935]; text="A vacuum flask reduces heat transfer by limiting"	2
4897	block_3.after_attention_residual + block_3.after_mlp_residual	2	tokens=[15,1666,80,61,1024,1115,61,3692,1020,0,1303]; text="Journey to the West features the Monkey King, Sun"	2
4898	block_3.after_attention_residual + block_3.after_mlp_residual	2	tokens=[11,52,3843,145,208,43,819,2938,130,2344,86,2862,3127,2390,114,1895,91]; text="Fyodor Dostoevsky's Crime and Punishment centers on Rodion"	2
4900	block_3.after_attention_residual + block_3.after_mlp_residual	24	tokens=[25,1359,2112,1,34]; text="Ukiyo-e" | tokens=[24,110,456,1045,182,130,2445,4465,276,2261]; text="Tutankhamun's golden funerary mask" | tokens=[216,1093,999,2743,30]; text="The Magna Carta"	24
4903	block_3.after_attention_residual + block_3.after_mlp_residual	4	tokens=[15,1550,1468,352,130,3031,61,876,83,188,2808,2622,1681,612,284,88]; text="Jules Verne's Around the World in Eighty Days follows Phileas" | tokens=[216,2636,544,35,2191,61,1126,691,2167,80,61,1215]; text="The bass clef marks the staff line assigned to the note"	4
4905	block_3.after_attention_residual + block_3.after_mlp_residual	14	tokens=[12,3052,1849]; text="Gravity holds" | tokens=[216,876,3500]; text="The World Wide" | tokens=[3226,2737,2448,1682,82,3250,1842]; text="Limestone consists largely of calcium carbon"	14
4906	block_3.after_attention_residual + block_3.after_mlp_residual	54	tokens=[3803,121,700,813,83,56,4145,212,1825]; text="Stars that appear together in a constellation can lie" | tokens=[1097,1053,1938,1305,0,704,4190]; text="At lower external pressure, water boils" | tokens=[4277,678,113,56,3713,1545,121,113,2098]; text="Mercury is a metallic element that is liquid"	54
4908	block_3.after_attention_residual + block_3.after_mlp_residual	2	tokens=[22,176,255,994,378,3089]; text="Rabindranath Tag"	2
4909	block_3.after_attention_residual + block_3.after_mlp_residual	14	tokens=[2699,60,990,2828,351,1006,61,353,789,142]; text="Anton Chekhov wrote the play known as" | tokens=[3222,49,1934,145,1974,130]; text="Salvador Dali's" | tokens=[18,3117,2104,443,526,3953,1006,61,1536,331]; text="Murasaki Shikibu wrote the Japanese work"	14
4911	block_3.after_attention_residual + block_3.after_mlp_residual	14	tokens=[216,3277,82,1448,454]; text="The ruins of Ephes" | tokens=[3014,399,2030,1,33,2560,156,56,739,82,61,1768,626]; text="Mohenjo-daro was a city of the ancient Ind" | tokens=[216,3743,1534,82,2403,435,120]; text="The Odyssey tells of Odysse"	14
4912	block_3.after_attention_residual + block_3.after_mlp_residual	2	tokens=[1292,108,2761,82,77,1545,197,1537]; text="Isotopes of an element have equal"	2
4913	block_3.after_attention_residual + block_3.after_mlp_residual	6	tokens=[4427,3005,2109,3656,113,2185,445,196,3449]; text="Traditional dried Italian pasta is commonly made from dur" | tokens=[6,3064,1538,508,56,513,457,638,56,4366,1753]; text="A lever turns around a support point called a fulcr" | tokens=[216,2080,689,194,120]; text="The Roman Colosse"	6
4914	block_3.after_attention_residual + block_3.after_mlp_residual	54	tokens=[216,2054,3781,638,1905,780]; text="The stone monuments called moai" | tokens=[3771,113,1770,56]; text="Zero is neither a" | tokens=[8,108,52,468,338]; text="Cotyledons"	54
4915	block_3.after_attention_residual + block_3.after_mlp_residual	2	tokens=[9,189,1566,306,704,3284,751,1447,1399,56,1420,3899,883,61,695,130]; text="Dew forms when water vapor condenses onto a surface cooled below the air's"	2
4916	block_3.after_attention_residual + block_3.after_mlp_residual	2	tokens=[216,1940,1704,3851,911,3336,0,2989,0,86,205]; text="The Ellora caves include Buddhist, Hindu, and J"	2
4917	block_3.after_attention_residual + block_3.after_mlp_residual	90	tokens=[6,1220,4142,1590,61,462,142,545,674,224,212,2702,83,1247]; text="A homophone sounds the same as another word but can differ in meaning" | tokens=[1951,56,1843,3635,0,61,1891,1924,317]; text="During a solar eclipse, the Moon blocks part" | tokens=[3963,2462,1337,433,2830]; text="Polymers contain long chains"	90
4918	block_3.after_attention_residual + block_3.after_mlp_residual	2	tokens=[216,1477,34,1061,3038]; text="The Bayeux Tap"	2
4919	block_3.after_attention_residual + block_3.after_mlp_residual	2	tokens=[4230,350,113,2656,130,1145,0,86,61,280]; text="Warsaw is Poland's capital, and the V"	2
4920	block_3.after_attention_residual + block_3.after_mlp_residual	4	tokens=[3606,1241,2185,3349,4301,1966,139,61,85,134,147,907,86,227,63,213,907,3708]; text="Japanese writing commonly combines kanji with the hiragana and katakana syll" | tokens=[216,3007,147,304,119,181,1610,113,317,82,61,1341,2196]; text="The Bhagavad Gita is part of the larger Mah"	4
4922	block_3.after_attention_residual + block_3.after_mlp_residual	4	tokens=[216,2054,3781,638,1905,780,170,1319,139,2597,30]; text="The stone monuments called moai are associated with Rapa" | tokens=[3736,3457,43,2315,61,3585]; text="Captain Nemo commands the submarine"	4
4923	block_3.after_attention_residual + block_3.after_mlp_residual	2	tokens=[216,3368,1456,4285,261,661]; text="The prefix micro denotes one million"	2
4924	block_3.after_attention_residual + block_3.after_mlp_residual	2	tokens=[1935,3270,3906,1119,306,1268,2128,400,2992,608,192]; text="Many meteor showers occur when Earth passes through debris left by"	2
4925	block_3.after_attention_residual + block_3.after_mlp_residual	12	tokens=[216,3619,45,1491,2998,3094,83,2882,113,1948,1319,139,1932,2254,38]; text="The Sagrada Familia in Barcelona is closely associated with architect Antoni" | tokens=[216,3007,147,304,119]; text="The Bhagavad" | tokens=[216,1312,4337,3753,162]; text="The Great Sphinx at"	12
4926	block_3.after_attention_residual + block_3.after_mlp_residual	2	tokens=[3911,2441,3200,61,2387,80,3472,456,1045]; text="Howard Carter uncovered the entrance to Tutankham"	2
4928	block_3.after_attention_residual + block_3.after_mlp_residual	4	tokens=[4097,1059,113,61,1145,82,2008,0,114,61,1718]; text="Dublin is the capital of Ireland, on the River" | tokens=[3836,2930,2644,3319,1038,181,360,628,80]; text="Jonathan Swift sends Lemuel Gulliver to"	4
4929	block_3.after_attention_residual + block_3.after_mlp_residual	24	tokens=[2131,328,634,0,2369,2612,63,113]; text="Despite its name, buckwheat is" | tokens=[6,3807,2014,714,2246,56,943,130,1702,0,224,131,411]; text="A filename extension often indicates a file's format, but it does" | tokens=[829,1240,4033,65,3581,1999,0,142,306,218]; text="An English contraction omits letters, as when do"	24
4930	block_3.after_attention_residual + block_3.after_mlp_residual	2	tokens=[973,706,1341,0,56,3902,577,2866,328,3335]; text="To grow larger, a crab must shed its rigid"	2
4931	block_3.after_attention_residual + block_3.after_mlp_residual	2	tokens=[395,2404,3941,0,67]; text="In musical notation, c"	2
4932	block_3.after_attention_residual + block_3.after_mlp_residual	2	tokens=[15,1550,1468,352,130,3031,61,876,83]; text="Jules Verne's Around the World in"	2
4934	block_3.after_attention_residual + block_3.after_mlp_residual	2	tokens=[6,2546,1459,4406,958,83,1984]; text="A buffer solution resists changes in acid"	2
4935	block_3.after_attention_residual + block_3.after_mlp_residual	4	tokens=[829,3989,718,212,584,56,4297,192,2598,752,95,2600,508,77,2838]; text="An oyster can form a pearl by depositing nacre around an irrit" | tokens=[3508,1210,170,185,77,3579,83,267,521,1777,941,1892,261,4307]; text="Chinese characters are not an alphabet in which each symbol simply represents one conson"	4
4936	block_3.after_attention_residual + block_3.after_mlp_residual	140	tokens=[829,3989,718,212,584,56,4297]; text="An oyster can form a pearl" | tokens=[3684,74,4387,170,445]; text="Rolled oats are made" | tokens=[216,3846,3687,1176,113,56,1716,331]; text="The marble sculpture David is a famous work"	140
4937	block_3.after_attention_residual + block_3.after_mlp_residual	4	tokens=[3723,1735,1577,1445,1483,0,465,1445,82,61,462,498,524]; text="Opposite electric charges attract, while charges of the same sign rep" | tokens=[17,1959,252,2589,113,2164,83,1015]; text="Luminous intensity is measured in cand"	4
4938	block_3.after_attention_residual + block_3.after_mlp_residual	12	tokens=[4050,1835,3636,2432,2149,2047,196,1995,80,2576]; text="Messenger RNA carries genetic instructions from DNA to rib" | tokens=[216,519,797,1941,4402,170,1277,2725]; text="The three musketeers are named Ath" | tokens=[216,519,797,1941,4402,170,1277,2725,194,0,138,660]; text="The three musketeers are named Athos, Porth"	12
4940	block_3.after_attention_residual + block_3.after_mlp_residual	208	tokens=[6,3095,130,124,2226,2547,1629,131,1062,1728,592]; text="A snake's forked tongue helps it collect chemical information" | tokens=[3803,121,700,813,83,56,4145,212,1825,162,406,541,3204]; text="Stars that appear together in a constellation can lie at very different distances" | tokens=[3871,2997,113,2037,1157]; text="Modern Hebrew is normally written"	208
4941	block_3.after_attention_residual + block_3.after_mlp_residual	26	tokens=[12,3352,113,3759,2245,196,267,372,704,86,2013,668,926]; text="Ghee is clarified butter from which most water and milk solids" | tokens=[4205,1268,130,1420,0,2640,1998,1658]; text="Near Earth's surface, freely falling objects" | tokens=[3218,2087,3905,379]; text="Watercolor paints use"	26
4942	block_3.after_attention_residual + block_3.after_mlp_residual	2	tokens=[216,1861,82,56,1163,3752]; text="The faces of a regular tet"	2
4943	block_3.after_attention_residual + block_3.after_mlp_residual	4	tokens=[6,4155,2448,82,418,621,0,2269,1,4126,4072]; text="A raspberry consists of many small, seed-containing dru" | tokens=[4304,645,219,61,355]; text="Electric current has the am"	4
4944	block_3.after_attention_residual + block_3.after_mlp_residual	2	tokens=[4178,1574,83,715,3406,1044,583,811,61,2042,82,1921]; text="Gas exchange in human lungs takes place across the walls of tiny"	2
4946	block_3.after_attention_residual + block_3.after_mlp_residual	2	tokens=[1159,4200,2698,82,1401,1334,1681,2396,82,61,2328]; text="One Hundred Years of Solitude follows generations of the Bu"	2
4947	block_3.after_attention_residual + block_3.after_mlp_residual	4	tokens=[4192,2472,56,1848,130,734,1363,2874]; text="Doubling a square's side length multipl" | tokens=[216,1312,1546,82,1057,1207,1793,1852,1153,530,541,4105,211]; text="The Great Wall of China includes fortifications built during different dynast"	4
4948	block_3.after_attention_residual + block_3.after_mlp_residual	2	tokens=[395,56,356,1,58,0,356,1]; text="In a first-in, first-"	2
4949	block_3.after_attention_residual + block_3.after_mlp_residual	8	tokens=[216,2541,3647,854,156,1231,192,3340,1932]; text="The Sydney Opera House was designed by Danish architect" | tokens=[3844,82,61,914,2949,4325,61,3734,82,61]; text="Dream of the Red Chamber portrays the fortunes of the" | tokens=[216,1940,1704,3851,911,3336,0,2989,0,86]; text="The Ellora caves include Buddhist, Hindu, and"	8
4954	block_3.after_attention_residual + block_3.after_mlp_residual	8	tokens=[216,1203,4146,87,1657,1557,46,1485,801,80]; text="The term pizzicato instructs string players to" | tokens=[6,594,2549,1918,592,573,2775,2016,114,3526]; text="A hard disk stores information using magnetic patterns on rotating" | tokens=[6,1331,44,2466,864,306,328,2678,2628,161,349,409]; text="A harp produces sound when its strings vibrate after being"	8
4955	block_3.after_attention_residual + block_3.after_mlp_residual	2	tokens=[216,1312,1546,82,1057,1207,1793,1852,1153,530,541,4105]; text="The Great Wall of China includes fortifications built during different dyn"	2
4956	block_3.after_attention_residual + block_3.after_mlp_residual	496	tokens=[216]; text="The" | tokens=[6,888,4133,113,56,1266,3593,2485,121]; text="A supernova is a powerful stellar explosion that" | tokens=[1834,3783,3075,2827]; text="HTTPS protects HTTP"	96
4957	block_3.after_attention_residual + block_3.after_mlp_residual	2	tokens=[3606,1241,2185,3349,4301,1966,139,61,85,134,147,907,86,227,63]; text="Japanese writing commonly combines kanji with the hiragana and kat"	2
4958	block_3.after_attention_residual + block_3.after_mlp_residual	2	tokens=[12,1315,2739,142,56,2964,2500,2430,638,56,2291,259]; text="Ginger grows as a horizontal underground stem called a rhiz"	2
4961	block_3.after_attention_residual + block_3.after_mlp_residual	8	tokens=[24,110,456,1045,182,130,2445,4465,276,2261,156,1462,311]; text="Tutankhamun's golden funerary mask was placed over" | tokens=[23,1274,43,1733,1440,4412,852,904,405,572,114]; text="Sancho Panza accompanies Don Quixote on" | tokens=[3910,885,3083,486,3444,1111]; text="Diego Velazquez included"	8
4962	block_3.after_attention_residual + block_3.after_mlp_residual	2	tokens=[829,1240,4033,65,3581,1999,0,142,306]; text="An English contraction omits letters, as when"	2
4963	block_3.after_attention_residual + block_3.after_mlp_residual	18	tokens=[1920,3401,1978,1684,80,61,1303,0,3355]; text="Although Mercury lies closer to the Sun, Venus" | tokens=[6,1160,599,1,2062,662,1132]; text="A standard full-size Go board" | tokens=[2798,61,2836,83,334,1843,506,0,3466]; text="Among the planets in our solar system, Jupiter"	18
4964	block_3.after_attention_residual + block_3.after_mlp_residual	2	tokens=[10,31,733,2228,640,4259]; text="Ebenezer Scroo"	2
4965	block_3.after_attention_residual + block_3.after_mlp_residual	2	tokens=[829,1240,4033,65,3581,1999,0,142,306,218,185,1409,401]; text="An English contraction omits letters, as when do not becomes don"	2
4966	block_3.after_attention_residual + block_3.after_mlp_residual	4	tokens=[216,1145,82,4310,113]; text="The capital of Mongolia is" | tokens=[3946,4199,212,4057,1149,4280,139]; text="Moving glaciers can carve broad valleys with"	4
4968	block_3.after_attention_residual + block_3.after_mlp_residual	8	tokens=[6,1220,4142,1590,61,462,142,545,674]; text="A homophone sounds the same as another word" | tokens=[6,3807,2014,714,2246,56,943,130,1702,0]; text="A filename extension often indicates a file's format," | tokens=[1756,1848,113,56,4019,0]; text="Every square is a rectangle,"	8
4969	block_3.after_attention_residual + block_3.after_mlp_residual	284	tokens=[24,1227,4403]; text="Tiny pores" | tokens=[2331,125,1154]; text="Glaciers" | tokens=[1951,56,1843,3635,0,61,1891,1924,317,173]; text="During a solar eclipse, the Moon blocks part or"	278
4970	block_3.after_attention_residual + block_3.after_mlp_residual	2	tokens=[1097,56,408,2474,1831,0,261,55]; text="At a subduction zone, one t"	2
4971	block_3.after_attention_residual + block_3.after_mlp_residual	2	tokens=[3606,1241,2185,3349,4301,1966,139,61,85,134,147,907,86]; text="Japanese writing commonly combines kanji with the hiragana and"	2
4972	block_3.after_attention_residual + block_3.after_mlp_residual	2	tokens=[3420,71,3638,1006,61,2969,2533,129,1715,1103,86,165,150,1185,785,82,3499,1,9]; text="Victor Hugo wrote the novels Les Miserables and The Hunchback of Notre-D"	2
4973	block_3.after_attention_residual + block_3.after_mlp_residual	2	tokens=[216,3983,83,1356,31,1051,1410,121,1356,31,1051]; text="The witches in Macbeth predict that Macbeth"	2
4975	block_3.after_attention_residual + block_3.after_mlp_residual	2	tokens=[1935,3714,72,170,445,192,3710,2013,326,509,2258,86]; text="Many cheeses are made by separating milk into curds and"	2
4976	block_3.after_attention_residual + block_3.after_mlp_residual	18	tokens=[1756,704,3732,1528]; text="Every water molecule contains" | tokens=[3948,588,3107,83,2684,570,1214,547,380]; text="Astronauts in orbit feel weightless because" | tokens=[2963,1048,738,700,1167,380]; text="Sunspots appear dark because"	18
4977	block_3.after_attention_residual + block_3.after_mlp_residual	4	tokens=[216,574,3857,113,61,2089,82,56,4440]; text="The number pi is the ratio of a Eucl" | tokens=[2348,3802,1326,83,56,4440]; text="Parallel lines in a Eucl"	4
4979	block_3.after_attention_residual + block_3.after_mlp_residual	2	tokens=[216,957,546,86,740,441,77,3382,3141,1]; text="The words child and children show an irregular singular-"	2
4983	block_3.after_attention_residual + block_3.after_mlp_residual	4	tokens=[216,2136,2615,4239,121,124]; text="The worker honeybees that for" | tokens=[216,1768,739,82,4450]; text="The ancient city of Carth"	4
4986	block_3.after_attention_residual + block_3.after_mlp_residual	2	tokens=[216,1145,82,1516,113,1806,0,56,739,114,61,472]; text="The capital of France is Paris, a city on the Se"	2
4987	block_3.after_attention_residual + block_3.after_mlp_residual	2	tokens=[4218,974,66,130,3407,86,1288,2398]; text="Jane Austen's Pride and Prejud"	2
4988	block_3.after_attention_residual + block_3.after_mlp_residual	6	tokens=[6,1023,3591,4169,61,1197,82,2954,326,86]; text="A cell membrane regulates the movement of substances into and" | tokens=[1452,246,72,1158,704,400,4403,86,2095]; text="Sponges draw water through pores and filter" | tokens=[4163,783,212,103,1600]; text="Pollination can be carried"	6
4989	block_3.after_attention_residual + block_3.after_mlp_residual	4	tokens=[17,333,1730,170,3274,274]; text="Lobsters are crustace" | tokens=[216,1768,4025,495,34]; text="The ancient Nabatae"	4
4991	block_3.after_attention_residual + block_3.after_mlp_residual	2	tokens=[2131,250,76,802,148,0,4395]; text="Despite their pincers, scorp"	2
4992	block_3.after_attention_residual + block_3.after_mlp_residual	22	tokens=[1260,2536,113,61]; text="Plasma is the" | tokens=[4097,1059,113,61]; text="Dublin is the" | tokens=[22,243,113,56]; text="Rice is a"	22
4993	block_3.after_attention_residual + block_3.after_mlp_residual	14	tokens=[216,715,3654,1686,113,445]; text="The human spinal column is made" | tokens=[4255,686,47,88,549,392,3702,3942,2577]; text="River deltas develop where deposited sediment builds" | tokens=[1935,3556,3631,83]; text="Many salmon hatch in"	14
4994	block_3.after_attention_residual + block_3.after_mlp_residual	82	tokens=[3711,3502,1426,2013,80,3862,337]; text="Female mammals produce milk to nourish" | tokens=[2876,39,3605,3333,3705,450,1426,3525,3678,465,3845]; text="Silkworm caterpillars produce silk fibers while constructing" | tokens=[2331,125,1154,170,2819,82,1492,121,639,369]; text="Glaciers are masses of ice that move under"	82
4995	block_3.after_attention_residual + block_3.after_mlp_residual	6	tokens=[13,330,62,4431,2475,170,489]; text="Horseradish roots are gr" | tokens=[216,76,873,94,3053,445,196,156,3132,840,2137,196,328,489]; text="The pungent paste made from wasabi comes mainly from its gr" | tokens=[2386,697,3415,212,103,3727,507]; text="Barley grains can be germin"	6
4996	block_3.after_attention_residual + block_3.after_mlp_residual	2	tokens=[6,3270,113,61,3814]; text="A meteor is the lumin"	2
4997	block_3.after_attention_residual + block_3.after_mlp_residual	12	tokens=[2826,62,1472,3901,569,701,80,1148,61,1092,2635,124]; text="Longer camera exposures allow light to reach the image sensor for" | tokens=[21,3893,240,1762,212,856,86,706,124]; text="Perennial plants can live and grow for" | tokens=[216,3932,709,4438,82,4377,758,61]; text="The hardened forewings of beetles protect the"	12
5000	block_3.after_attention_residual + block_3.after_mlp_residual	6	tokens=[3999,1164,1492,113,601,2941,309,2098,704,0]; text="Ordinary ice is less dense than liquid water," | tokens=[6,2665,2027,2225,82,609]; text="A cache keeps copies of data" | tokens=[12,685,75,2917,1196,82,366,1762]; text="Grafting joins parts of two plants"	6
5001	block_3.after_attention_residual + block_3.after_mlp_residual	4	tokens=[3175,418,287,4138,194]; text="Unlike many other gymnos" | tokens=[1260,2268,113,56,3560,1635,1319,139,61,248,2219]; text="Pluto is a dwarf planet associated with the Kui"	4
5002	block_3.after_attention_residual + block_3.after_mlp_residual	2	tokens=[3169,1747,113,61,1145,739,82,2162,0,114,61,109]; text="Madrid is the capital city of Spain, on the I"	2
5003	block_3.after_attention_residual + block_3.after_mlp_residual	4	tokens=[12,1315,2739,142,56,2964,2500,2430,638,56,2291]; text="Ginger grows as a horizontal underground stem called a rh" | tokens=[3092,451,2551,113,445,196,61,3005,2291]; text="Turmeric powder is made from the dried rh"	4
5005	block_3.after_attention_residual + block_3.after_mlp_residual	52	tokens=[1756,704,3732,1528,366,3106,3495,4191,80]; text="Every water molecule contains two hydrogen atoms bonded to" | tokens=[3508,1210,170,185,77,3579,83,267,521,1777,941,1892]; text="Chinese characters are not an alphabet in which each symbol simply represents" | tokens=[2446,1842,3098,3732,1528]; text="Each carbon dioxide molecule contains"	52
5009	block_3.after_attention_residual + block_3.after_mlp_residual	14	tokens=[6,888,4133,113]; text="A supernova is" | tokens=[829,754,198,505,2466,1243]; text="An engraving produces print" | tokens=[3966,3897,363,113]; text="Cold seawater is"	14
5010	block_3.after_attention_residual + block_3.after_mlp_residual	4	tokens=[395,77,1969,366,1,1000,506,0,56,1630,3824,2684,113,77,3826]; text="In an ideal two-body system, a bound gravitational orbit is an ell" | tokens=[3836,2930,2644,3319,1038,181,360,628,80,184,144]; text="Jonathan Swift sends Lemuel Gulliver to Lill"	4
5011	block_3.after_attention_residual + block_3.after_mlp_residual	28	tokens=[216,237,1519,30]; text="The trachea" | tokens=[3508,1210,170,185,77,3579,83]; text="Chinese characters are not an alphabet in" | tokens=[12,3352,113,3759,2245,196]; text="Ghee is clarified butter from"	28
5012	block_3.after_attention_residual + block_3.after_mlp_residual	10	tokens=[4462,1678,581,196,61,2360,271,3917,93]; text="Tea leaves come from the shrub Camell" | tokens=[1887,843,113,61,1145,82,3015]; text="Prague is the capital of Czech" | tokens=[216,3926,1899,1978,481,3805]; text="The Baltic Sea lies between Scandinav"	10
5013	block_3.after_attention_residual + block_3.after_mlp_residual	8	tokens=[13,894,42,150,3994,1006,61,1608,4315,2332,2658]; text="Hermann Hesse wrote the novel Siddhartha" | tokens=[6,2615,3347,130,64,2278,89,2255,4430,592]; text="A honeybee's waggle dance communicates information" | tokens=[3063,3438,1006,61,2730]; text="William Shakespeare wrote the tragedy"	8
5014	block_3.after_attention_residual + block_3.after_mlp_residual	4	tokens=[216,1313,1,57,335,2809,82,4056,281,2372]; text="The rock-hewn churches of Lalibela" | tokens=[1097,1571,86,3327,30]; text="Athens and Sparta"	4
5015	block_3.after_attention_residual + block_3.after_mlp_residual	2	tokens=[4462,1678,581,196,61,2360]; text="Tea leaves come from the shr"	2
5016	block_3.after_attention_residual + block_3.after_mlp_residual	2	tokens=[395,56,3828,0,56,2397]; text="In a spreadsheet, a formula"	2
5017	block_3.after_attention_residual + block_3.after_mlp_residual	4	tokens=[216,704,1125,2191,61,1867,1420,82,61,3567,3975,1831,83,77]; text="The water table marks the upper surface of the saturated groundwater zone in an" | tokens=[6,3546,212,2050,3145,1658,192,2689,253,701,309,61]; text="A telescope can reveal faint objects by collecting more light than the"	4
5018	block_3.after_attention_residual + block_3.after_mlp_residual	2	tokens=[17,333,1730,170,3274]; text="Lobsters are crust"	2
5019	block_3.after_attention_residual + block_3.after_mlp_residual	2	tokens=[216,4261,118,88,1449,61,3892,3515]; text="The Himalayas separate the Tibetan Plate"	2
5020	block_3.after_attention_residual + block_3.after_mlp_residual	6	tokens=[3995,422,0,1762,0,86,4136,1664,80,61,100,1034]; text="Animals, plants, and fungi belong to the euk" | tokens=[24,110,456,1045,182,130,2445,4465]; text="Tutankhamun's golden funer" | tokens=[796,177,194,992,1217,82,1995,1319,139,2926,83,100,1034]; text="Chromosomes consist of DNA associated with proteins in euk"	6
5022	block_3.after_attention_residual + block_3.after_mlp_residual	4	tokens=[216,1477,34,1061,3038,174]; text="The Bayeux Tapest" | tokens=[26,4271,1685,662,209,2681,165,1088]; text="Vincent van Gogh painted The Star"	4
5023	block_3.after_attention_residual + block_3.after_mlp_residual	2	tokens=[4434,2202,327,130,153,2654,75,3300,1115,61,853,3632]; text="Emily Bronte's Wuthering Heights features the character Heath"	2
5024	block_3.after_attention_residual + block_3.after_mlp_residual	2	tokens=[4230,350,113,2656,130,1145,0,86,61]; text="Warsaw is Poland's capital, and the"	2
5025	block_3.after_attention_residual + block_3.after_mlp_residual	18	tokens=[2742,2451,218,185]; text="Earlier outcomes do not" | tokens=[3865,3258,113,3876]; text="Obsidian is volcanic" | tokens=[3691,492,636,1089]; text="Veins return blood"	18
5026	block_3.after_attention_residual + block_3.after_mlp_residual	2	tokens=[216,1925,82,4376,1978]; text="The island of Madagascar lies"	2
5027	block_3.after_attention_residual + block_3.after_mlp_residual	2	tokens=[796,4227,314,1440,113,56,3646,3854,979,114,61]; text="Chichen Itza is a Maya archaeological site on the"	2
5028	block_3.after_attention_residual + block_3.after_mlp_residual	8	tokens=[3050,1285,3531,156]; text="Julius Caesar was" | tokens=[15,1550,1468,352,130,3031,61,876,83,188,2808,2622,1681,612]; text="Jules Verne's Around the World in Eighty Days follows Ph" | tokens=[1116,58,2565,2346,3349,2346,139,4085,121,1629,1380,2482]; text="Reinforced concrete combines concrete with reinforcement that helps resist tens"	8
5030	block_3.after_attention_residual + block_3.after_mlp_residual	2	tokens=[2778,1313,121,4047,2351,400,1268,130,2100,86,2584,61,922,113,638,56,3270]; text="Space rock that survives passage through Earth's atmosphere and reaches the ground is called a meteor"	2
5031	block_3.after_attention_residual + block_3.after_mlp_residual	46	tokens=[3613,166,469,2540]; text="Male seahorses" | tokens=[1935,2026,43,1026,1284,2137,114,1678,0,2170,72,0,86]; text="Many tortoises feed mainly on leaves, grasses, and" | tokens=[3100,3855,86,831,816,521]; text="Africa and Europe face each"	46
5032	block_3.after_attention_residual + block_3.after_mlp_residual	2	tokens=[12,3352,113,3759,2245,196,267,372,704,86,2013,668,926,197]; text="Ghee is clarified butter from which most water and milk solids have"	2
5034	block_3.after_attention_residual + block_3.after_mlp_residual	2	tokens=[8,4032,1651,197,2660,2021,1497]; text="Coconuts have fibrous hus"	2
5035	block_3.after_attention_residual + block_3.after_mlp_residual	2	tokens=[6,3058,4273,2653,1520,1411,192,2935,152,2474,86,3570]; text="A vacuum flask reduces heat transfer by limiting conduction and conve"	2
5036	block_3.after_attention_residual + block_3.after_mlp_residual	2	tokens=[4198,2166,219,61,2217,3069,574,82]; text="Hydrogen has the lowest atomic number of"	2
5037	block_3.after_attention_residual + block_3.after_mlp_residual	2	tokens=[6,3054,1801,2987,1788,196,56,879,1801,759,80,56,2123]; text="A bicycle chain transfers motion from a front chainring to a rear"	2
5038	block_3.after_attention_residual + block_3.after_mlp_residual	2	tokens=[1413,82,2084,399,220,130,677,2864,170,3323,192,2964,96]; text="Some of Stonehenge's large stones are topped by horizontal l"	2
5040	block_3.after_attention_residual + block_3.after_mlp_residual	2	tokens=[1540,60,289,212,1426,677,3588]; text="Resonance can produce large oscill"	2
5043	block_3.after_attention_residual + block_3.after_mlp_residual	16	tokens=[2759,89,2550,197,2151,925,2157,121,490]; text="Maple seeds have winglike structures that help" | tokens=[4042,325,513,1309,1196,465,2193,3519,481]; text="Bearings support moving parts while reducing friction between" | tokens=[1920,4129,492,920,1761,0,250,381,2990,4298]; text="Although penguins cannot fly, their flippers propel"	16
5044	block_3.after_attention_residual + block_3.after_mlp_residual	6	tokens=[6,2615,3347,3010,3672,61,2306,121,2093]; text="A honeybee queen lays the eggs that sustain" | tokens=[1868,1286,4148,1634,1879,460,859,1,315,3724,80,1968]; text="Frida Kahlo frequently used self-portraits to explore" | tokens=[3533,4380,1036,61,2498,2630,4347,83]; text="Mary Shelley created the scientist Victor Frankenstein in"	6
5045	block_3.after_attention_residual + block_3.after_mlp_residual	4	tokens=[1452,1372,197,1250,1982,86,1664,80,61]; text="Spiders have eight legs and belong to the" | tokens=[2131,250,76,802,148,0,4395,247,170]; text="Despite their pincers, scorpions are"	4
5046	block_3.after_attention_residual + block_3.after_mlp_residual	2	tokens=[829,865,1309,83,56,2242,2129,340,377]; text="An object moving in a circle accelerates even"	2
5047	block_3.after_attention_residual + block_3.after_mlp_residual	4	tokens=[216,3960,2090,2071,4368,83,61]; text="The Ottoman Empire captured Constantinople in the" | tokens=[4290,1204,2071,2263,1617,47,68,2303,83,61]; text="Spanish forces captured Tenochtitlan in the"	4
5049	block_3.after_attention_residual + block_3.after_mlp_residual	4	tokens=[1906,668,926,1400,306,3047,0,1237]; text="Most solids expand when heated, although" | tokens=[17,386,52,3255,555,611]; text="Lossy compression discards"	4
5050	block_3.after_attention_residual + block_3.after_mlp_residual	46	tokens=[395,1240,0,61,3474,82,2365,113,1166,2423]; text="In English, the plural of mouse is usually mice" | tokens=[6,1628,3769,2185,3358,530,61,517]; text="A sea breeze commonly develops during the day" | tokens=[829,1240,4033,65,3581,1999,0,142]; text="An English contraction omits letters, as"	46
5052	block_3.after_attention_residual + block_3.after_mlp_residual	4	tokens=[1452,1372,197,1250,1982,86,1664,80,61,301]; text="Spiders have eight legs and belong to the ar" | tokens=[2131,250,76,802,148,0,4395,247,170,301]; text="Despite their pincers, scorpions are ar"	4
5053	block_3.after_attention_residual + block_3.after_mlp_residual	62	tokens=[829,4258,234,1228,328,1266,1982,80,499,867]; text="An ostrich uses its powerful legs to run rather" | tokens=[216,1203,4146,87,1657,1557,46,1485,801,80,210,602,867]; text="The term pizzicato instructs string players to pluck rather" | tokens=[6,1628,3769,2185,3358,530,61,517,306,807,539,442,1636]; text="A sea breeze commonly develops during the day when land warms faster"	62
5055	block_3.after_attention_residual + block_3.after_mlp_residual	14	tokens=[216,3898,113,1463,1486,1313,121,212,4401,1807]; text="The mantle is mostly solid rock that can deform slowly" | tokens=[24,110,456,1045,182,130,2445,4465,276,2261,156,1462]; text="Tutankhamun's golden funerary mask was placed" | tokens=[1906,668,926,1400,306,3047,0,1237,305,1683,3086,2379]; text="Most solids expand when heated, although some materials behave differently"	14
5059	block_3.after_attention_residual + block_3.after_mlp_residual	4	tokens=[1868,1286,4148,1634,1879,460,859,1]; text="Frida Kahlo frequently used self-" | tokens=[6,3178,1892,56,496,0,465,56,859,1]; text="A portrait represents a person, while a self-"	4
5060	block_3.after_attention_residual + block_3.after_mlp_residual	4	tokens=[1887,843,113,61,1145,82,3015,268,0]; text="Prague is the capital of Czechia," | tokens=[796,310,199,88,170]; text="Chickpeas are"	4
5061	block_3.after_attention_residual + block_3.after_mlp_residual	14	tokens=[1951,56,1843,3635,0,61,1891,1924]; text="During a solar eclipse, the Moon blocks" | tokens=[216,1312,3535,1825,775]; text="The Great Lakes lie along" | tokens=[216,3007,147,304,119,181,1610,113]; text="The Bhagavad Gita is"	14
5062	block_3.after_attention_residual + block_3.after_mlp_residual	12	tokens=[6,1023,43,113]; text="A cello is" | tokens=[2826,62,1472,3901,569,701,80,1148,61,1092,2635,124,253]; text="Longer camera exposures allow light to reach the image sensor for more" | tokens=[2854,694,1419,958,80,1273,311]; text="Version control records changes to files over"	12
5065	block_3.after_attention_residual + block_3.after_mlp_residual	4	tokens=[216,3277,82,1448,454,167,1825,83]; text="The ruins of Ephesus lie in" | tokens=[829,4340,1419,392,1658,170,494,142,426,142]; text="An excavation records where objects are found as well as"	4
5066	block_3.after_attention_residual + block_3.after_mlp_residual	10	tokens=[395,77,3816,240,1532,1690,0,77,865,139]; text="In an inertial reference frame, an object with" | tokens=[10,3751,3566,1284,250,3631,3116,2013,1296,725]; text="Echidnas feed their hatchlings milk despite having" | tokens=[2591,2929,2287,170,2941,3593,3839,121]; text="White dwarfs are dense stellar remnants that"	10
5068	block_3.after_attention_residual + block_3.after_mlp_residual	6	tokens=[11,413,135,696,2917,3163,1493,80,584,56]; text="Fertilization joins reproductive cells to form a" | tokens=[26,134,1017,1488,114,991,1493,80,1426]; text="Viruses depend on host cells to produce" | tokens=[3551,56,2269,0,77,4182,212,549,326,56]; text="Inside a seed, an embryo can develop into a"	6
5069	block_3.after_attention_residual + block_3.after_mlp_residual	4	tokens=[1935,1762,212,3480,559,2550,400,823,47]; text="Many plants can reproduce without seeds through cutt" | tokens=[3663,2465,1207,4317,2744,0,714,4221,173,971,337,0,139,688]; text="Kimchi includes fermented vegetables, often cabbage or radish, with season"	4
5070	block_3.after_attention_residual + block_3.after_mlp_residual	90	tokens=[216,1774,1718,2432,704,2028,440]; text="The Amazon River carries water eastward" | tokens=[216,3437,59,88,2350,3977,3793]; text="The pancreas releases digestive enzymes" | tokens=[19,1340,3408,83,61,1303,130,1489,3652,3106]; text="Nuclear fusion in the Sun's core converts hydrogen"	90
5071	block_3.after_attention_residual + block_3.after_mlp_residual	2	tokens=[3597,386,194,114,1713]; text="Knossos on Cre"	2
5072	block_3.after_attention_residual + block_3.after_mlp_residual	172	tokens=[216,2638,82,56,924,549,1008]; text="The flowers of a fig develop inside" | tokens=[3410,719,77,865,484,2722,1688]; text="Raising an object against gravity increases" | tokens=[829,3346,130,3384]; text="An elephant's trunk"	172
5073	block_3.after_attention_residual + block_3.after_mlp_residual	8	tokens=[216,1480,1527,1718,2934,326,61,807,3536,122,1568]; text="The Volga River flows into the landlocked Casp" | tokens=[3169,1747,113,61,1145,739,82,2162,0,114,61,109,258]; text="Madrid is the capital city of Spain, on the Iber" | tokens=[216,3029,82,2421,3267,37,4047,83,1768,2861,4284,116]; text="The Epic of Gilgamesh survives in ancient Mesopotam"	8
5074	block_3.after_attention_residual + block_3.after_mlp_residual	2	tokens=[6,1917,574,219,1212,366,1328,1016,69]; text="A prime number has exactly two positive divis"	2
5075	block_3.after_attention_residual + block_3.after_mlp_residual	8	tokens=[216,3846,3687,1176,113,56,1716]; text="The marble sculpture David is a famous" | tokens=[21,352,3024,1523,379,3608,1249,80,687,2602]; text="Pneumatic tools use compressed gas to perform mechanical" | tokens=[18,3117,2104,443,526,3953,1006,61,1536]; text="Murasaki Shikibu wrote the Japanese"	8
5078	block_3.after_attention_residual + block_3.after_mlp_residual	8	tokens=[4091,167,1687,340,83,61,1860,1454,196,372,287,2836,83]; text="Venus rotates in the opposite direction from most other planets in" | tokens=[216,1303,113,61,1221,162,61,1256,82]; text="The Sun is the star at the center of" | tokens=[1906,1989,701,196,61,2836,83]; text="Most visible light from the planets in"	8
5080	block_3.after_attention_residual + block_3.after_mlp_residual	2	tokens=[3175,418,287,4138,194,257,442,0,104]; text="Unlike many other gymnosperms, g"	2
5081	block_3.after_attention_residual + block_3.after_mlp_residual	8	tokens=[3711,3502,1426,2013,80,3862]; text="Female mammals produce milk to nour" | tokens=[3663,2465,1207,4317,2744,0,714,4221,173,971]; text="Kimchi includes fermented vegetables, often cabbage or rad" | tokens=[3473,2559,646,83,3915,2253,675,61,1635,328,2834]; text="Iron oxides in Martian soil give the planet its redd"	8
5082	block_3.after_attention_residual + block_3.after_mlp_residual	8	tokens=[6,2145,3429,1528,61,462,574,82,3776,142,563]; text="A neutral atom contains the same number of electrons as prot" | tokens=[4000,4294,113,56,3909,114,1076,130,1925,82,150]; text="Mount Fuji is a volcano on Japan's island of H" | tokens=[829,3429,130,3069,574,3411,61,574,82,563]; text="An atom's atomic number equals the number of prot"	8
5084	block_3.after_attention_residual + block_3.after_mlp_residual	4	tokens=[829,865,1309,83,56,2242,2129]; text="An object moving in a circle acceler" | tokens=[3879,101,585,52,2529]; text="Embroidery decor"	4
5085	block_3.after_attention_residual + block_3.after_mlp_residual	8	tokens=[2629,659,113,56,2927,1249,121,3830]; text="Helium is a noble gas that reacts" | tokens=[23,4288,2142,2265,139,2899,86,2724,948,82]; text="SVG describes graphics with shapes and paths instead of" | tokens=[2798,61,1917,1146,0,366,113,61]; text="Among the prime numbers, two is the"	8
5086	block_3.after_attention_residual + block_3.after_mlp_residual	6	tokens=[4123,1,4151,504,69,3798]; text="Jean-Francois Champ" | tokens=[2996,747,86,263,1358,518,1664,80,61,81]; text="Snails and clams both belong to the m" | tokens=[3910,885,3083,486]; text="Diego Velaz"	6
5087	block_3.after_attention_residual + block_3.after_mlp_residual	2	tokens=[2677,624,3012,3929,114,61,3363,3367,82,418,1524]; text="Microscopic hairs on the toe pads of many ge"	2
5090	block_3.after_attention_residual + block_3.after_mlp_residual	2	tokens=[527,1028,467,40,858,366,1670,82,2807,0,2185,638,3630,86,143]; text="Weaving interlaces two sets of threads, commonly called warp and we"	2
5092	block_3.after_attention_residual + block_3.after_mlp_residual	2	tokens=[216,1861,82,56,1163,3752,198]; text="The faces of a regular tetra"	2
5093	block_3.after_attention_residual + block_3.after_mlp_residual	16	tokens=[6,3368,113,1956,425,56,674,130,1049,0,2281,56,4002,113,1956]; text="A prefix is attached before a word's base, whereas a suffix is attached" | tokens=[1906,82,77,3429]; text="Most of an atom" | tokens=[23,1034,657,43,156,61,356,786,82,2977]; text="Sukarno was the first president of Indonesia"	16
5095	block_3.after_attention_residual + block_3.after_mlp_residual	2	tokens=[11,52,3843,145,208,43,819,2938,130,2344,86,2862,3127,2390,114,1895,91,154,851,2449,526]; text="Fyodor Dostoevsky's Crime and Punishment centers on Rodion Raskolnik"	2
5096	block_3.after_attention_residual + block_3.after_mlp_residual	2	tokens=[216,2884,988,58,71,86,4110]; text="The sisters Elinor and Marian"	2
5097	block_3.after_attention_residual + block_3.after_mlp_residual	2	tokens=[2699,60,990,2828,351,1006,61]; text="Anton Chekhov wrote the"	2
5098	block_3.after_attention_residual + block_3.after_mlp_residual	2	tokens=[18,123,1038,171,122]; text="Miguel de C"	2
5100	block_3.after_attention_residual + block_3.after_mlp_residual	26	tokens=[395,1240,0,61]; text="In English, the" | tokens=[1935,1762,212,3480]; text="Many plants can reproduce" | tokens=[8,108,52,468,338,170,61]; text="Cotyledons are the"	26
5101	block_3.after_attention_residual + block_3.after_mlp_residual	2	tokens=[1712,371,281,670,911,4088,0,80,1675,0,1265,116,4332,0,86,3521,925,576]; text="Amphibians include frogs, toads, salamanders, and wormlike ca"	2
5102	block_3.after_attention_residual + block_3.after_mlp_residual	2	tokens=[12,1362,3419,1687,276,1788,400,3202]; text="Gears transmit rotary motion through mes"	2
5104	block_3.after_attention_residual + block_3.after_mlp_residual	4	tokens=[3836,2930,2644,3319,1038,181]; text="Jonathan Swift sends Lemuel G" | tokens=[3836,2930,2644,3319,1038,181,360,628,80,184,144,266,110,83,181]; text="Jonathan Swift sends Lemuel Gulliver to Lilliput in G"	4
5106	block_3.after_attention_residual + block_3.after_mlp_residual	2	tokens=[216,4193,1431,167,113,56,4358,121,2105]; text="The platypus is a mammal that reprodu"	2
5107	block_3.after_attention_residual + block_3.after_mlp_residual	8	tokens=[1470,147,45,2767,170,4432,1762,3004,80,548,2463,3897]; text="Seagrasses are flowering plants adapted to life beneath seaw" | tokens=[24,3216,116,69,212,571,196,1499,3801,82,3897]; text="Tsunamis can result from sudden displacement of seaw" | tokens=[4373,1265,1789,2142,61,832,82,3658,4064,83,3897]; text="Ocean salinity describes the amount of dissolved salts in seaw"	8
5108	block_3.after_attention_residual + block_3.after_mlp_residual	2	tokens=[12,994,286,2185,1528,4409,0]; text="Granite commonly contains quartz,"	2
5109	block_3.after_attention_residual + block_3.after_mlp_residual	4	tokens=[4097,1059,113,61,1145,82,2008,0,114,61,1718,184]; text="Dublin is the capital of Ireland, on the River L" | tokens=[4434,2202,327,130,153,2654,75,3300,1115,61,853,3632,279]; text="Emily Bronte's Wuthering Heights features the character Heathcl"	4
5110	block_3.after_attention_residual + block_3.after_mlp_residual	136	tokens=[6,3664,4182,2037,1528]; text="A bean embryo normally contains" | tokens=[6,2615,3347]; text="A honeybee" | tokens=[6,2179,3416]; text="A kilogram"	134
5111	block_3.after_attention_residual + block_3.after_mlp_residual	2	tokens=[216,1412,1297,82,2177]; text="The burrs of burd"	2
5112	block_3.after_attention_residual + block_3.after_mlp_residual	2	tokens=[829,2320,113,864,2620,196,56,1420]; text="An echo is sound reflected from a surface"	2
5113	block_3.after_attention_residual + block_3.after_mlp_residual	20	tokens=[2331,125,1154,170,2819,82,1492,121,639]; text="Glaciers are masses of ice that move" | tokens=[4116,3133,1763,306,56,2766,2269,4264,1194]; text="Germination begins when a viable seed resumes growth" | tokens=[3218,113,56]; text="Water is a"	20
5115	block_3.after_attention_residual + block_3.after_mlp_residual	4	tokens=[4123,1,4151,504,69,3798,342,91,1385,4269,2774,2726,3978]; text="Jean-Francois Champollion helped decipher Egyptian hierogly" | tokens=[216,2347,2896,2084,2432,1224,488,3547,83,2726,3978]; text="The Rosetta Stone carries related inscriptions in hierogly"	4
5116	block_3.after_attention_residual + block_3.after_mlp_residual	18	tokens=[2746,1762,379,701]; text="Green plants use light" | tokens=[4091,167,1687,340,83,61,1860,1454,196]; text="Venus rotates in the opposite direction from" | tokens=[12,3352,113,3759,2245,196,267]; text="Ghee is clarified butter from which"	18
5117	block_3.after_attention_residual + block_3.after_mlp_residual	4	tokens=[6,2368,896,1,3447,1471,219,1860,1861,1113,1300]; text="A conventional six-sided die has opposite faces whose values" | tokens=[395,4440,233,70,3481,0,61,2469,3157,82,56,3482]; text="In Euclidean geometry, the interior angles of a triangle"	4
5119	block_3.after_attention_residual + block_3.after_mlp_residual	2	tokens=[24,703,48,113,445,192]; text="Tofu is made by"	2
5121	block_3.after_attention_residual + block_3.after_mlp_residual	10	tokens=[3928,366,1673,4062,647,2466,77]; text="Adding two odd integers always produces an" | tokens=[829,865,1309,83,56,2242,2129,340]; text="An object moving in a circle accelerates" | tokens=[3322,70,533,0,56,3542,113,56,2114]; text="Botanically, a tomato is a fruit"	10
5123	block_3.after_attention_residual + block_3.after_mlp_residual	6	tokens=[796,2621,3093,632,2142,61]; text="Chiaroscuro describes the" | tokens=[575,595,1,3329,2237]; text="Stained-glass windows" | tokens=[6,528,588,214,2466,1163,4101,121,3071]; text="A metronome produces regular pulses that musicians"	6
5124	block_3.after_attention_residual + block_3.after_mlp_residual	8	tokens=[3948,588,3107,83,2684,570,1214,547]; text="Astronauts in orbit feel weightless" | tokens=[2963,1048,738,700,1167]; text="Sunspots appear dark" | tokens=[216,1891,2027,1863,61,462,816,1298,1268]; text="The Moon keeps approximately the same face toward Earth"	8
5125	block_3.after_attention_residual + block_3.after_mlp_residual	4	tokens=[1920,4129,492,920,1761,0,250]; text="Although penguins cannot fly, their" | tokens=[2414,871,251,3681,2184,4458,196,56]; text="Corrugated cardboard gains stiffness from a"	4
5126	block_3.after_attention_residual + block_3.after_mlp_residual	4	tokens=[216,3277,82,1448,454,167,1825,83,321,113]; text="The ruins of Ephesus lie in what is" | tokens=[216,739,741,638,4368,113]; text="The city once called Constantinople is"	4
5128	block_3.after_attention_residual + block_3.after_mlp_residual	12	tokens=[2746,1762,379,701,987,80]; text="Green plants use light energy to" | tokens=[13,330,62,4431,2475,170,489,251,80]; text="Horseradish roots are grated to" | tokens=[8,125,1648,1946,1426,4069,1963,61,2550,460,80]; text="Cacao trees produce pods containing the seeds used to"	12
5129	block_3.after_attention_residual + block_3.after_mlp_residual	2	tokens=[1756,1848,113,56,4019,0,224,185]; text="Every square is a rectangle, but not"	2
5132	block_3.after_attention_residual + block_3.after_mlp_residual	2	tokens=[6,1886,1809,212,1075,249,2918,559,1668,61,592,409,4263]; text="A database index can speed up searches without changing the information being quer"	2
5133	block_3.after_attention_residual + block_3.after_mlp_residual	2	tokens=[1858,3538,2189,306,56,2180]; text="Recursion occurs when a procedure"	2
5135	block_3.after_attention_residual + block_3.after_mlp_residual	8	tokens=[3233,177,3599,2322,1217,82,3143,3588]; text="Electromagnetic waves consist of coupled oscill" | tokens=[1772,111,801,437,61,695,1686,2628]; text="Trumpet players set the air column vibr" | tokens=[4404,951,2061,2899,4232,1625,192,3762]; text="Glassblowing shapes softened glass by infl"	8
5136	block_3.after_attention_residual + block_3.after_mlp_residual	4	tokens=[4255,686,47,88,549]; text="River deltas develop" | tokens=[796,1474,3279,1697,170,61,1023,2157]; text="Chloroplasts are the cell structures"	4
5137	block_3.after_attention_residual + block_3.after_mlp_residual	2	tokens=[21,3893,240,1762,212,856,86,706,124,253,309,366]; text="Perennial plants can live and grow for more than two"	2
5138	block_3.after_attention_residual + block_3.after_mlp_residual	2	tokens=[4448,3648,347,1507,82,56,1336,955]; text="CSS specifies how elements of a web page"	2
5140	block_3.after_attention_residual + block_3.after_mlp_residual	10	tokens=[2719,39,71,2588,113,56,2616,1278,83,804,1]; text="Angkor Wat is a temple complex in present-" | tokens=[24,526,78,156,56,712,3646,739,83,804,1]; text="Tikal was a major Maya city in present-" | tokens=[216,1213,30,2090,130,1145,156,122,167,504,0,83,804,1]; text="The Inca Empire's capital was Cusco, in present-"	10
5141	block_3.after_attention_residual + block_3.after_mlp_residual	54	tokens=[24,1227,4403,638]; text="Tiny pores called" | tokens=[2331,125,1154,170]; text="Glaciers are" | tokens=[3871,2997,113,2037,1157,196]; text="Modern Hebrew is normally written from"	54
5142	block_3.after_attention_residual + block_3.after_mlp_residual	2	tokens=[6,715,997,219,366,162,2004,86,366,1993,538]; text="A human heart has two atria and two ventric"	2
5144	block_3.after_attention_residual + block_3.after_mlp_residual	148	tokens=[24,1227,4403,638,128,92,495,569,3402,80,639]; text="Tiny pores called stomata allow gases to move" | tokens=[1192,79,4087,2322,920,4407]; text="Shear seismic waves cannot propagate" | tokens=[2759,89,2550,197,2151,925,2157,121,490,299,2070]; text="Maple seeds have winglike structures that help them spin"	148
5145	block_3.after_attention_residual + block_3.after_mlp_residual	2	tokens=[829,1240,4033,65,3581,1999,0,142,306,218,185,1409]; text="An English contraction omits letters, as when do not becomes"	2
5146	block_3.after_attention_residual + block_3.after_mlp_residual	2	tokens=[3063,82,4282,767,61,1711,82,4127,83]; text="William of Normandy won the Battle of Hastings in"	2
5147	block_3.after_attention_residual + block_3.after_mlp_residual	2	tokens=[3728,285,2212,86,1638,1313,584,56,1420,2036,638]; text="Loose dust and broken rock form a surface layer called"	2
5148	block_3.after_attention_residual + block_3.after_mlp_residual	6	tokens=[23,3060,1306,2239,142,3087,130,1145,0,649,61]; text="Santiago serves as Chile's capital, near the" | tokens=[7,254,1393,113,61,1145,82,3374,0,485,83,61]; text="Bogota is the capital of Colombia, high in the" | tokens=[18,3908,2875,4370,156,1153,192,61,1213,88,83,61]; text="Machu Picchu was built by the Incas in the"	6
5149	block_3.after_attention_residual + block_3.after_mlp_residual	4	tokens=[23,1274,43,1733,1440,4412,852,904]; text="Sancho Panza accompanies Don Qu" | tokens=[18,123,1038,171,122,354,4179,1006,61,1608,852,904]; text="Miguel de Cervantes wrote the novel Don Qu"	4
5150	block_3.after_attention_residual + block_3.after_mlp_residual	2	tokens=[3803,121,700,813,83,56,4145,212,1825,162]; text="Stars that appear together in a constellation can lie at"	2
5152	block_3.after_attention_residual + block_3.after_mlp_residual	2	tokens=[216,4261,118,88,1449,61,3892,3515,275,196,61,1325]; text="The Himalayas separate the Tibetan Plateau from the Indian"	2
5153	block_3.after_attention_residual + block_3.after_mlp_residual	8	tokens=[1504,53,3424,1075,249,2639,83,1079,3293,559]; text="Enzymes speed up reactions in living organisms without" | tokens=[6,3869,958,56,1798,130,967,559]; text="A catalyst changes a reaction's rate without" | tokens=[6,1331,44,2466,864,306,328,2678,2628,161,349]; text="A harp produces sound when its strings vibrate after"	8
5154	block_3.after_attention_residual + block_3.after_mlp_residual	2	tokens=[829,387,2891,1528,1134,4384,82,261,2098,3979,83,545,913,916]; text="An emulsion contains droplets of one liquid dispersed in another immisc"	2
5155	block_3.after_attention_residual + block_3.after_mlp_residual	22	tokens=[6,1220,4142,1590]; text="A homophone sounds" | tokens=[13,894,42,150]; text="Hermann H" | tokens=[4095,1701,379,1814]; text="Sea stars use numerous"	22
5156	block_3.after_attention_residual + block_3.after_mlp_residual	2	tokens=[3723,1735,1621,82,56,2260,1813]; text="Opposite sides of a parallelog"	2
5158	block_3.after_attention_residual + block_3.after_mlp_residual	4	tokens=[3403,627,1262,1282,0,867,309,704,0,83,250,587]; text="Camels store fat, rather than water, in their hum" | tokens=[2898,1678,170,460,80,2296,3528]; text="Bay leaves are used to flavor sou"	4
5159	block_3.after_attention_residual + block_3.after_mlp_residual	4	tokens=[6,1160,1779,82,1366,1,940]; text="A standard deck of French-su" | tokens=[2975,223,3190,0,56,1160,1366,1,940]; text="Without jokers, a standard French-su"	4
5160	block_3.after_attention_residual + block_3.after_mlp_residual	2	tokens=[21,1775,69,1978,810,80,61,1454,82,1268,130,1562,1687]; text="Polaris lies close to the direction of Earth's north rot"	2
5161	block_3.after_attention_residual + block_3.after_mlp_residual	2	tokens=[2427,92,798,148,906]; text="Decomposers break"	2
5162	block_3.after_attention_residual + block_3.after_mlp_residual	26	tokens=[1141,87,511,4386,952,882,80,1210,460,83]; text="Unicode assigns code points to characters used in" | tokens=[4287,4470,1287,56,1953,2288,162,61,1676,82,2553,83]; text="Cartilage provides a smooth covering at the ends of bones in" | tokens=[17,123,2625,490,737,2553,813,162]; text="Ligaments help hold bones together at"	26
5164	block_3.after_attention_residual + block_3.after_mlp_residual	2	tokens=[216,1312,4228,162,181,3512,156,1153,124,61]; text="The Great Pyramid at Giza was built for the"	2
5165	block_3.after_attention_residual + block_3.after_mlp_residual	2	tokens=[216,2196,176,2332,495,86,61,1992,118,907,170,712,4364,959]; text="The Mahabharata and the Ramayana are major Sanskrit ep"	2
5166	block_3.after_attention_residual + block_3.after_mlp_residual	6	tokens=[23,1607,814,448,212]; text="Semicircular can" | tokens=[1935,3596,1,3040,535]; text="Many reef-building cor" | tokens=[3910,885,3867,156,56,2439,3973,789,124,677,1466]; text="Diego Rivera was a Mexican painter known for large mur"	6
5167	block_3.after_attention_residual + block_3.after_mlp_residual	4	tokens=[6,1381,113,61,462,1757,142,56,3706]; text="A liter is the same volume as a cubic" | tokens=[6,4206,820,1914,61,1525,82,77,2948,173]; text="A cryptographic key controls the operation of an encryption or"	4
5168	block_3.after_attention_residual + block_3.after_mlp_residual	2	tokens=[1935,1762,212,3480,559,2550,400,823,47,325,173,287,2003]; text="Many plants can reproduce without seeds through cuttings or other veget"	2
5169	block_3.after_attention_residual + block_3.after_mlp_residual	14	tokens=[216,381,164,444,82,4320,170,3965]; text="The florets of broccoli are harvested" | tokens=[216,2375,242,2934,400,1437]; text="The Rhine flows through Germany" | tokens=[3121,2590,4081,856,3370]; text="Dragonfly larvae live underwater"	14
5170	block_3.after_attention_residual + block_3.after_mlp_residual	4	tokens=[829,1755,3246,2432,2733,592,142]; text="An IP packet carries addressing information as" | tokens=[829,4340,1419,392,1658,170,494,142]; text="An excavation records where objects are found as"	4
5171	block_3.after_attention_residual + block_3.after_mlp_residual	8	tokens=[3690,260,502,2163,1108]; text="Impact craters cover" | tokens=[6,774,227,323,4114,1433]; text="A young kangaroo continues" | tokens=[26,134,4100,3097,3985,400]; text="Virgil guides Dante through"	8
5172	block_3.after_attention_residual + block_3.after_mlp_residual	2	tokens=[1504,53,3424,1075,249,2639,83,1079,3293,559,409,2723,192]; text="Enzymes speed up reactions in living organisms without being consumed by"	2
5173	block_3.after_attention_residual + block_3.after_mlp_residual	6	tokens=[4360,2685,2234,968,139,1310,1300]; text="Boolean logic works with truth values" | tokens=[6,1336,1821,2701,534,86,2488,1364]; text="A web browser retrieves and displays resources" | tokens=[2302,1,1746,3399,3241,2860,1658]; text="Still-life paintings depict arranged objects"	6
5175	block_3.after_attention_residual + block_3.after_mlp_residual	4	tokens=[6,760,591,2185,2191,61]; text="A question mark commonly marks the" | tokens=[395,56,1395,1,3228,945,1080,437,0,521]; text="In a double-six domino set, each"	4
5177	block_3.after_attention_residual + block_3.after_mlp_residual	2	tokens=[3963,3397,733,2448,82]; text="Polyethylene consists of"	2
5179	block_3.after_attention_residual + block_3.after_mlp_residual	4	tokens=[216,3743,1534,82,2403]; text="The Odyssey tells of Od" | tokens=[3616,4393,113,61,1263,82,2403]; text="Penelope is the wife of Od"	4
5180	block_3.after_attention_residual + block_3.after_mlp_residual	8	tokens=[2331,125,1154,170,2819,82,1492,121,639,369,250]; text="Glaciers are masses of ice that move under their" | tokens=[6,2611,865,2059,858,56,1214,82,2530,1537,80,328]; text="A floating object displaces a weight of fluid equal to its" | tokens=[3910,885,3083,486,3444,1111,217]; text="Diego Velazquez included his"	8
5181	block_3.after_attention_residual + block_3.after_mlp_residual	6	tokens=[3974,3302,2592,2047,1639,192,77,2563]; text="Computer processors execute instructions defined by an instruction" | tokens=[395,56,1395,1,3228,945,1080]; text="In a double-six domino" | tokens=[796,58,1815,112,944,603]; text="Chinua Achebe"	6
5182	block_3.after_attention_residual + block_3.after_mlp_residual	4	tokens=[4305,3905,2968,379,3809,3321,80,2460,2668]; text="Oil paints traditionally use drying oils to bind pig" | tokens=[3218,2087,3905,379,704,80,1178,2668]; text="Watercolor paints use water to carry pig"	4
5184	block_3.after_attention_residual + block_3.after_mlp_residual	2	tokens=[216,1774,1718,2432,704,2028]; text="The Amazon River carries water east"	2
5185	block_3.after_attention_residual + block_3.after_mlp_residual	2	tokens=[216,957,546,86,740]; text="The words child and children"	2
5186	block_3.after_attention_residual + block_3.after_mlp_residual	4	tokens=[6,1628,3769,2185,3358,530,61,517,306,807,539]; text="A sea breeze commonly develops during the day when land war" | tokens=[3175,418,287,4138,194,257]; text="Unlike many other gymnosper"	4
5187	block_3.after_attention_residual + block_3.after_mlp_residual	2	tokens=[216,3252,117,1521,113,1319,139,61,1536,1786,472,38]; text="The Pillow Book is associated with the Japanese writer Sei"	2
5189	block_3.after_attention_residual + block_3.after_mlp_residual	28	tokens=[2272,277,113,77,4031]; text="Brass is an alloy" | tokens=[216,715,3654,1686,113]; text="The human spinal column is" | tokens=[4427,3005,2109,3656,113,2185]; text="Traditional dried Italian pasta is commonly"	28
5190	block_3.after_attention_residual + block_3.after_mlp_residual	2	tokens=[4435,78,88,170,4443]; text="Koalas are mars"	2
5191	block_3.after_attention_residual + block_3.after_mlp_residual	2	tokens=[4397,970,1084,111,2056,2681,704,96,1320,83,217,2493,162,2097]; text="Claude Monet repeatedly painted water lilies in his garden at Gi"	2
5194	block_3.after_attention_residual + block_3.after_mlp_residual	2	tokens=[2876,39,3605,3333,3705]; text="Silkworm caterpill"	2
5195	block_3.after_attention_residual + block_3.after_mlp_residual	2	tokens=[3092,451,2551,113,445,196,61,3005,2291,259,992,82,61,2063]; text="Turmeric powder is made from the dried rhizomes of the tur"	2
5196	block_3.after_attention_residual + block_3.after_mlp_residual	2	tokens=[4218,974,66,130,3407,86,1288,2398,243,1115,2419,2771,111,86,3021,2410,756,2001]; text="Jane Austen's Pride and Prejudice features Elizabeth Bennet and Fitzwilliam Dar"	2
5197	block_3.after_attention_residual + block_3.after_mlp_residual	2	tokens=[784,56,3717,604,82,1146,0,61,3982,682,113,250,877,2224,192,250]; text="For a finite list of numbers, the arithmetic mean is their sum divided by their"	2
5200	block_3.after_attention_residual + block_3.after_mlp_residual	2	tokens=[3911,2441,3200,61,2387,80,3472]; text="Howard Carter uncovered the entrance to Tut"	2
5201	block_3.after_attention_residual + block_3.after_mlp_residual	14	tokens=[9,189,1566,306,704,3284,751,1447,1399,56,1420,3899,883,61,695,130,171,50]; text="Dew forms when water vapor condenses onto a surface cooled below the air's dew" | tokens=[18,2152,421,898]; text="Mosaics create" | tokens=[6,3064,1538,508,56,513]; text="A lever turns around a support"	14
5202	block_3.after_attention_residual + block_3.after_mlp_residual	2	tokens=[3997,67,458,113,3965,196,61,3383,82,67]; text="Natural cork is harvested from the bark of c"	2
5203	block_3.after_attention_residual + block_3.after_mlp_residual	2	tokens=[216,1925,82,459,3469,113,2224,481,2977,86,4359]; text="The island of New Guinea is divided between Indonesia and Papua"	2
5204	block_3.after_attention_residual + block_3.after_mlp_residual	20	tokens=[1141,87,511,4386,952,882,80,1210]; text="Unicode assigns code points to characters" | tokens=[3046,116,92,4069,1337,4424,2550]; text="Cardamom pods contain aromatic seeds" | tokens=[1868,1286,4148,1634,1879]; text="Frida Kahlo frequently"	20
5205	block_3.after_attention_residual + block_3.after_mlp_residual	2	tokens=[6,4371,212,1449,923,701,326,2018,380,541,4344,474]; text="A prism can separate white light into colors because different wavelengths ref"	2
5206	block_3.after_attention_residual + block_3.after_mlp_residual	56	tokens=[6,1220,4142,1590,61]; text="A homophone sounds the" | tokens=[6,2145,3429,1528,61]; text="A neutral atom contains the" | tokens=[829,865,1309,83]; text="An object moving in"	56
5209	block_3.after_attention_residual + block_3.after_mlp_residual	36	tokens=[2876,39,3605,3333,3705,450,1426,3525,3678]; text="Silkworm caterpillars produce silk fibers" | tokens=[6,3957,504,113,2681,114,4369,0,2968]; text="A fresco is painted on plaster, traditionally" | tokens=[796,228,89,338,212,578,250,366,1096,2850]; text="Chameleons can direct their two eyes independently"	36
5210	block_3.after_attention_residual + block_3.after_mlp_residual	2	tokens=[2446,734,1763,56,1160,3253]; text="Each side begins a standard chess"	2
5211	block_3.after_attention_residual + block_3.after_mlp_residual	94	tokens=[216,463,1045]; text="The Alham" | tokens=[1097,1147,1011]; text="Atoms share" | tokens=[829,3346,130]; text="An elephant's"	94
5212	block_3.after_attention_residual + block_3.after_mlp_residual	2	tokens=[216,4185,82,2170,72,197,56,841,67,108,52]; text="The embryos of grasses have a single coty"	2
5214	block_3.after_attention_residual + block_3.after_mlp_residual	4	tokens=[3322,70,533,0,56,3542,113,56,2114,377]; text="Botanically, a tomato is a fruit even" | tokens=[8,1889,2006,414,170,1476,0,377]; text="Coral polyps are animals, even"	4
5216	block_3.after_attention_residual + block_3.after_mlp_residual	4	tokens=[216,1145,82,1516,113,1806,0,56,739,114,61]; text="The capital of France is Paris, a city on the" | tokens=[216,3252,117,1521,113,1319,139,61,1536,1786]; text="The Pillow Book is associated with the Japanese writer"	4
5217	block_3.after_attention_residual + block_3.after_mlp_residual	2	tokens=[3736,3457,43,2315,61,3585,178,918,4014,83,3450,4166]; text="Captain Nemo commands the submarine Nautilus in Twenty Thousand"	2
5218	block_3.after_attention_residual + block_3.after_mlp_residual	2	tokens=[6,4371,212,1449,923,701,326,2018,380,541,4344]; text="A prism can separate white light into colors because different wavelengths"	2
5219	block_3.after_attention_residual + block_3.after_mlp_residual	2	tokens=[1260,543,1422,704,3284,400,56,629,638]; text="Plants lose water vapor through a process called"	2
5221	block_3.after_attention_residual + block_3.after_mlp_residual	4	tokens=[6,699,113,56,2764,3034,121,212]; text="A bit is a binary digit that can" | tokens=[2798,4005,0,341,2601]; text="Among mosquitoes, only females"	4
5222	block_3.after_attention_residual + block_3.after_mlp_residual	2	tokens=[216,237,1519,30,1287,77,695]; text="The trachea provides an air"	2
5223	block_3.after_attention_residual + block_3.after_mlp_residual	4	tokens=[3463,124,61,1395,2636,113,2037,1157,77,3224]; text="Music for the double bass is normally written an oct" | tokens=[395,2777,1,4231,1537,4027,0,77,3224]; text="In twelve-tone equal temperament, an oct"	4
5225	block_3.after_attention_residual + block_3.after_mlp_residual	170	tokens=[2876,39]; text="Silk" | tokens=[6,3664]; text="A bean" | tokens=[2719,39]; text="Angk"	166
5227	block_3.after_attention_residual + block_3.after_mlp_residual	4	tokens=[216,375,141,89,30,83,61,2139]; text="The cochlea in the inner" | tokens=[23,1607,814,448,212,422,83,61,2139]; text="Semicircular canals in the inner"	4
5228	block_3.after_attention_residual + block_3.after_mlp_residual	2	tokens=[20,863,72,379,56,1575,82,98,1618,121,2628,161]; text="Oboes use a pair of reeds that vibrate"	2
5229	block_3.after_attention_residual + block_3.after_mlp_residual	4	tokens=[7,254,1393,113,61,1145,82,3374,0]; text="Bogota is the capital of Colombia," | tokens=[4198,2166,2686,490,1482,704,130,3518]; text="Hydrogen bonds help explain water's unusually"	4
5230	block_3.after_attention_residual + block_3.after_mlp_residual	2	tokens=[216,3914,2196,78,156,3309,192,3162,205,3220,83,1354,82,4128,47]; text="The Taj Mahal was commissioned by Shah Jahan in memory of Mumt"	2
5232	block_3.after_attention_residual + block_3.after_mlp_residual	2	tokens=[216,2347,2896,2084,2432,1224]; text="The Rosetta Stone carries related"	2
5233	block_3.after_attention_residual + block_3.after_mlp_residual	4	tokens=[13,330,62,4431,2475,170]; text="Horseradish roots are" | tokens=[216,76,873,94,3053,445,196,156,3132,840,2137,196,328]; text="The pungent paste made from wasabi comes mainly from its"	4
5234	block_3.after_attention_residual + block_3.after_mlp_residual	18	tokens=[3311,905,1089,1493,1506,2544,139,61]; text="Human red blood cells transport oxygen with the" | tokens=[2759,89,2550,197,2151,925,2157,121]; text="Maple seeds have winglike structures that" | tokens=[23,1607,814,448,212,422,83,61,2139,483]; text="Semicircular canals in the inner ear"	18
5235	block_3.after_attention_residual + block_3.after_mlp_residual	2	tokens=[1935,3270,3906,1119,306,1268,2128,400,2992,608,192,180]; text="Many meteor showers occur when Earth passes through debris left by com"	2
5237	block_3.after_attention_residual + block_3.after_mlp_residual	6	tokens=[2473,161,2185,1566,400,61,528,4099]; text="Slate commonly forms through the metamorph" | tokens=[1260,191,3392,212,3227,1298,701,400,56,1081,638,1063,3964]; text="Plant stems can bend toward light through a response called phototrop" | tokens=[2035,439,1566,306,4429,3114,72,528,4099]; text="Marble forms when limestone undergoes metamorph"	6
5238	block_3.after_attention_residual + block_3.after_mlp_residual	10	tokens=[7,2416,1130,61,3591,1,2052,3825]; text="Bacteria lack the membrane-bound nucleus" | tokens=[8,933,643,3003,170,2550]; text="Coffee beans are seeds" | tokens=[829,4340,1419,392,1658,170]; text="An excavation records where objects are"	10
5239	block_3.after_attention_residual + block_3.after_mlp_residual	4	tokens=[24,1227,4403,638,128,92]; text="Tiny pores called stom" | tokens=[216,3007,147,304,119,181,1610,113,317,82,61,1341,2196,176,2332]; text="The Bhagavad Gita is part of the larger Mahabhar"	4
5241	block_3.after_attention_residual + block_3.after_mlp_residual	2	tokens=[2629,659,113,56,2927,1249,121,3830,341,139]; text="Helium is a noble gas that reacts only with"	2
5242	block_3.after_attention_residual + block_3.after_mlp_residual	4	tokens=[3723,1735,1577,1445,1483,0,465,1445,82,61,462]; text="Opposite electric charges attract, while charges of the same" | tokens=[829,1120,889,2185,3878,328,808,317,86,1981,139,77,162]; text="An email address commonly separates its local part and domain with an at"	4
5243	block_3.after_attention_residual + block_3.after_mlp_residual	16	tokens=[829,4258,234,1228,328,1266,1982,80]; text="An ostrich uses its powerful legs to" | tokens=[3684,74,4387,170]; text="Rolled oats are" | tokens=[4462,1678,581,196]; text="Tea leaves come from"	16
5244	block_3.after_attention_residual + block_3.after_mlp_residual	2	tokens=[6,1652,113,56,1722,1186]; text="A tree is a connected und"	2
5245	block_3.after_attention_residual + block_3.after_mlp_residual	4	tokens=[6,3503,219,896,1861,0,2777,2672,0,86,1250,2274]; text="A cube has six faces, twelve edges, and eight vert" | tokens=[6,3002,219,322,2672,173,2274]; text="A sphere has no edges or vert"	4
5248	block_3.after_attention_residual + block_3.after_mlp_residual	2	tokens=[216,1213,30,2090,130,1145,156,122,167]; text="The Inca Empire's capital was Cus"	2
5250	block_3.after_attention_residual + block_3.after_mlp_residual	1602	tokens=[3711]; text="Female" | tokens=[395]; text="In" | tokens=[3613]; text="Male"	698
5251	block_3.after_attention_residual + block_3.after_mlp_residual	2	tokens=[2386,697,3415,212,103,3727]; text="Barley grains can be ger"	2
5252	block_3.after_attention_residual + block_3.after_mlp_residual	18	tokens=[829,3989,718,212,584,56,4297,192,2598,752,95,2600]; text="An oyster can form a pearl by depositing nacre" | tokens=[3780,2064,1235,2322,80,1357]; text="Diffraction allows waves to spread" | tokens=[7,806,82,61,2814,584,56,2781,600]; text="Bones of the skull form a protective case"	18
5253	block_3.after_attention_residual + block_3.after_mlp_residual	4	tokens=[1935,3714,72,170,445,192,3710,2013,326]; text="Many cheeses are made by separating milk into" | tokens=[24,703,48,113,445,192,375,147,2126,3120,2013,86,2594,61,1950]; text="Tofu is made by coagulating soy milk and pressing the resulting"	4
5256	block_3.after_attention_residual + block_3.after_mlp_residual	14	tokens=[3477,130,2567,1489]; text="Earth's outer core" | tokens=[3670,56,3503,1885,2385,72,2735,75,124]; text="Taking a cube root reverses cubing for" | tokens=[21,950,75,3577]; text="Praying mant"	14
5257	block_3.after_attention_residual + block_3.after_mlp_residual	2	tokens=[6,3064,1538,508,56]; text="A lever turns around a"	2
5258	block_3.after_attention_residual + block_3.after_mlp_residual	2	tokens=[216,1093,999,2743,30,156,2901,83,1439,83]; text="The Magna Carta was sealed in England in"	2
5259	block_3.after_attention_residual + block_3.after_mlp_residual	2	tokens=[2648,1572,1984,1244,2192,3671,328,3022,2491]; text="Acetic acid gives ordinary vinegar its characteristic sour"	2
5261	block_3.after_attention_residual + block_3.after_mlp_residual	4	tokens=[6,1628,3769,2185,3358,530,61]; text="A sea breeze commonly develops during the" | tokens=[3477,130,2692,766,61,1303,700,80,639,811,61,1875,521]; text="Earth's rotation makes the Sun appear to move across the sky each"	4
5262	block_3.after_attention_residual + block_3.after_mlp_residual	20	tokens=[1967,295,667,4087,2322,212,1122,400]; text="Compressional seismic waves can travel through" | tokens=[2996,747,86,263,1358]; text="Snails and clams" | tokens=[3675,4134,566]; text="Islamic geometric art"	20
5263	block_3.after_attention_residual + block_3.after_mlp_residual	10	tokens=[1578,77,3224,3627,130]; text="Of an octopus's" | tokens=[4000,4294,1233,83]; text="Mount Fuji appears in" | tokens=[6,597,1710,141,219]; text="A triptych has"	10
5264	block_3.after_attention_residual + block_3.after_mlp_residual	2	tokens=[1292,108,2761,82,77,1545,197,1537,168]; text="Isotopes of an element have equal pro"	2
5265	block_3.after_attention_residual + block_3.after_mlp_residual	40	tokens=[3100,3855,86,831,816]; text="Africa and Europe face" | tokens=[4243,298,3721,170,2670,80,4333,61,574,82,3495,82]; text="Chemical equations are balanced to conserve the number of atoms of" | tokens=[829,1186,500,74,1500,1892,2181,559,4153]; text="An undirected graph represents connections without assigning"	40
5268	block_3.after_attention_residual + block_3.after_mlp_residual	2	tokens=[3723,1735,1577,1445,1483,0,465,1445,82,61,462,498]; text="Opposite electric charges attract, while charges of the same sign"	2
5270	block_3.after_attention_residual + block_3.after_mlp_residual	2	tokens=[11,52,3843,145,208,43,819,2938,130,2344,86,2862,3127,2390,114,1895,91,154,851,2449]; text="Fyodor Dostoevsky's Crime and Punishment centers on Rodion Raskoln"	2
5272	block_3.after_attention_residual + block_3.after_mlp_residual	4	tokens=[2473,161,2185,1566,400,61]; text="Slate commonly forms through the" | tokens=[2035,439,1566,306,4429,3114,72]; text="Marble forms when limestone undergoes"	4
5273	block_3.after_attention_residual + block_3.after_mlp_residual	2	tokens=[4121,3571,86,2049,1119,813,83,56,905]; text="Oxidation and reduction occur together in a red"	2
5274	block_3.after_attention_residual + block_3.after_mlp_residual	18	tokens=[2746,1762,379,701,987,80,384,3972]; text="Green plants use light energy to make sugars" | tokens=[6,1628,3769,2185,3358]; text="A sea breeze commonly develops" | tokens=[216,109,1444,119,2390,114,1107]; text="The Iliad centers on events"	18
5275	block_3.after_attention_residual + block_3.after_mlp_residual	2	tokens=[21,3199,2875,3748,2681,809]; text="Pablo Picasso painted Gu"	2
5276	block_3.after_attention_residual + block_3.after_mlp_residual	2	tokens=[3938,298,3299,549,196,56,841,3210]; text="Identical twins develop from a single fertil"	2
5277	block_3.after_attention_residual + block_3.after_mlp_residual	4	tokens=[4348,83,1268,130,3850]; text="Motion in Earth's electr" | tokens=[216,1843,927,2432,3850]; text="The solar wind carries electr"	4
5279	block_3.after_attention_residual + block_3.after_mlp_residual	2	tokens=[216,1303,130,2567,2100,0,638,61]; text="The Sun's outer atmosphere, called the"	2
5281	block_3.after_attention_residual + block_3.after_mlp_residual	4	tokens=[2890,1,981,4352,1228,1224]; text="Public-key cryptography uses related" | tokens=[216,2080,689,194,120,169,2556,579,2240,3396,3476,86,287]; text="The Roman Colosseum hosted gladiatorial contests and other"	4
5282	block_3.after_attention_residual + block_3.after_mlp_residual	2	tokens=[6,715,997,219,366,162,2004,86,366,1993]; text="A human heart has two atria and two vent"	2
5283	block_3.after_attention_residual + block_3.after_mlp_residual	2	tokens=[6,1628,3769,2185,3358,530,61,517,306,807]; text="A sea breeze commonly develops during the day when land"	2
5284	block_3.after_attention_residual + block_3.after_mlp_residual	6	tokens=[3175,3468,1354,0,732,2389,2627,1764,3716,592,559,2666]; text="Unlike volatile memory, nonvolatile storage retains information without continuous" | tokens=[3009,2627,1259,1354,2845,328,2158,2359,306]; text="Volatile computer memory loses its stored contents when" | tokens=[6,1464,3768,1892,61,4411,82,61,2481,1328]; text="A negative exponent represents the reciprocal of the corresponding positive"	6
5285	block_3.after_attention_residual + block_3.after_mlp_residual	22	tokens=[3803,121,700,813,83,56,4145,212,1825,162,406]; text="Stars that appear together in a constellation can lie at very" | tokens=[17,133,1513,2968,1228,61]; text="Lithography traditionally uses the" | tokens=[4405,86,1500,286,170]; text="Diamond and graphite are"	22
5286	block_3.after_attention_residual + block_3.after_mlp_residual	8	tokens=[23,1607,814,448,212,422,83,61,2139,483,490,1517,2692,82,61]; text="Semicircular canals in the inner ear help detect rotation of the" | tokens=[24,110,456,1045,182,130,2445,4465,276,2261,156,1462,311,217,81,2763,631]; text="Tutankhamun's golden funerary mask was placed over his mummified" | tokens=[216,1312,4337,3753,162,181,3512,3349,56,715]; text="The Great Sphinx at Giza combines a human"	8
5289	block_3.after_attention_residual + block_3.after_mlp_residual	38	tokens=[6,1220,4142,1590,61,462,142]; text="A homophone sounds the same as" | tokens=[3819,3883,3864]; text="Arthur Conan Doyle" | tokens=[3298,4214,3878]; text="Distillation separates"	38
5291	block_3.after_attention_residual + block_3.after_mlp_residual	2	tokens=[3948,588,3107,83,2684,570,1214]; text="Astronauts in orbit feel weight"	2
5292	block_3.after_attention_residual + block_3.after_mlp_residual	10	tokens=[1470,147,45,2767,170,4432,1762,3004,80]; text="Seagrasses are flowering plants adapted to" | tokens=[1868,1286,4148,1634,1879,460,859,1,315,3724,80,1968,300]; text="Frida Kahlo frequently used self-portraits to explore her" | tokens=[21,3513,1762]; text="Pitcher plants"	10
5293	block_3.after_attention_residual + block_3.after_mlp_residual	48	tokens=[216,2638,82,56,924]; text="The flowers of a fig" | tokens=[1141,87,511,4386]; text="Unicode assigns" | tokens=[21,352,3024]; text="Pneumatic"	48
5294	block_3.after_attention_residual + block_3.after_mlp_residual	2	tokens=[6,4334,1073,2105,362,56,652,192,1561,993,80]; text="A stencil reproduces a design by allowing material to"	2
5296	block_3.after_attention_residual + block_3.after_mlp_residual	2	tokens=[216,2541,3647,854,156,1231,192,3340,1932,205]; text="The Sydney Opera House was designed by Danish architect J"	2
5297	block_3.after_attention_residual + block_3.after_mlp_residual	6	tokens=[216,3633,1407,82,318,113,61]; text="The SI unit of time is the" | tokens=[13,1824,126,3132,2195,3742,530,61]; text="Hammurabi ruled Babylon during the" | tokens=[6,4188,47,2917,1683,192,2823,56]; text="A rivet joins materials by forming a"	6
5300	block_3.after_attention_residual + block_3.after_mlp_residual	4	tokens=[6,3487,2142,556,83,1069,82]; text="A metaphor describes something in terms of" | tokens=[829,2922,2222,1433,3549,1451]; text="An infinite loop continues indefinitely unless"	4
5302	block_3.after_attention_residual + block_3.after_mlp_residual	2	tokens=[796,4227,314,1440,113,56,3646,3854,979,114,61,283]; text="Chichen Itza is a Maya archaeological site on the Y"	2
5303	block_3.after_attention_residual + block_3.after_mlp_residual	22	tokens=[829,1186,500,74,1500,1892,2181]; text="An undirected graph represents connections" | tokens=[3175,3468,1354,0,732,2389,2627,1764,3716,592]; text="Unlike volatile memory, nonvolatile storage retains information" | tokens=[1504,53,3424,1075,249,2639,83,1079,3293]; text="Enzymes speed up reactions in living organisms"	22
5304	block_3.after_attention_residual + block_3.after_mlp_residual	8	tokens=[995,1592,170,61]; text="Cloves are the" | tokens=[17,94,1438,170,4018,2550,121,706,1008,61,4069,82]; text="Lentils are edible seeds that grow inside the pods of" | tokens=[216,3933,3529,1978]; text="The Arabian Peninsula lies"	8
5307	block_3.after_attention_residual + block_3.after_mlp_residual	6	tokens=[6,2145,3429,1528,61,462,574,82,3776,142]; text="A neutral atom contains the same number of electrons as" | tokens=[829,3429,130,3069,574,3411,61,574,82]; text="An atom's atomic number equals the number of" | tokens=[3233,2581,1178,1464,1577,1311,0,465]; text="Electrons carry negative electric charge, while"	6
5308	block_3.after_attention_residual + block_3.after_mlp_residual	6	tokens=[2925,919,77,1092,130,3088,2894,411,185,1803,2477,1275,121,156]; text="Increasing an image's pixel dimensions does not automatically restore detail that was" | tokens=[3443,728,56,512,574]; text="Squaring a real number" | tokens=[2348,3802,1326,83,56,4440,233,70,1847]; text="Parallel lines in a Euclidean plane"	6
5309	block_3.after_attention_residual + block_3.after_mlp_residual	6	tokens=[1097,1053,1938]; text="At lower external" | tokens=[6,1425,565,1228,56,2797,83,2098,80,2022,749,56,1420,113]; text="A spirit level uses a bubble in liquid to indicate whether a surface is" | tokens=[6,1459,1528,2954,3979,4252,162,61,3208,173,3432,87]; text="A solution contains substances dispersed uniformly at the molecular or ionic"	6
5310	block_3.after_attention_residual + block_3.after_mlp_residual	4	tokens=[796,2621,3093,632,2142,61,379,82,701,86,2223,83,1720]; text="Chiaroscuro describes the use of light and shadow in visual" | tokens=[2780,4353,52,3166,61,1566,82,1157,1210,142,77]; text="Calligraphy treats the forms of written characters as an"	4
5311	block_3.after_attention_residual + block_3.after_mlp_residual	4	tokens=[2950,1382,2142,61,1782]; text="Torque describes the turning" | tokens=[3946,3173,196,56,3834,212,1002,56,1027,130,1782]; text="Moving farther from a pivot can increase a force's turning"	4
5312	block_3.after_attention_residual + block_3.after_mlp_residual	2	tokens=[1159,1324,135,1019,4157,61,462,1757,142,261,3706]; text="One milliliter occupies the same volume as one cubic"	2
5313	block_3.after_attention_residual + block_3.after_mlp_residual	2	tokens=[24,1227,4403,638,128,92,495]; text="Tiny pores called stomata"	2
5314	block_3.after_attention_residual + block_3.after_mlp_residual	2	tokens=[3948,588,3107,83,2684]; text="Astronauts in orbit"	2
5315	block_3.after_attention_residual + block_3.after_mlp_residual	6	tokens=[24,3216,116,69,212]; text="Tsunamis can" | tokens=[6,1290,596,3485,1830,1350,139,77,1091]; text="A software test compares observed behavior with an expected" | tokens=[3443,728,56,512,574,564,2466,56,1464]; text="Squaring a real number never produces a negative"	6
5316	block_3.after_attention_residual + block_3.after_mlp_residual	6	tokens=[23,1274,43,1733,1440,4412,852,904,405]; text="Sancho Panza accompanies Don Quix" | tokens=[18,123,1038,171,122,354,4179,1006,61,1608,852,904,405]; text="Miguel de Cervantes wrote the novel Don Quix" | tokens=[11,413,135,696,2917,3163,1493,80,584,56,324,812,4007]; text="Fertilization joins reproductive cells to form a new zyg"	6
5317	block_3.after_attention_residual + block_3.after_mlp_residual	20	tokens=[1834,3783,3075,2827,1909]; text="HTTPS protects HTTP communication" | tokens=[6,594,2549,1918,592]; text="A hard disk stores information" | tokens=[6,4152,2696,1823,3303,1582,82,1522]; text="A dovetail joint connects pieces of wood"	20
5318	block_3.after_attention_residual + block_3.after_mlp_residual	34	tokens=[6,2145,3429,1528,61,462]; text="A neutral atom contains the same" | tokens=[4198,2166,219,61,2217,3069]; text="Hydrogen has the lowest atomic" | tokens=[4243,298,3721,170,2670,80,4333,61]; text="Chemical equations are balanced to conserve the"	34
5320	block_3.after_attention_residual + block_3.after_mlp_residual	2	tokens=[1712,371,281,670,911,4088,0,80,1675,0,1265,116,4332,0,86,3521,925]; text="Amphibians include frogs, toads, salamanders, and wormlike"	2
5321	block_3.after_attention_residual + block_3.after_mlp_residual	4	tokens=[891,56,3253,3811,2584,61,2887,1253,1396,0,131]; text="When a chess pawn reaches the farthest rank, it" | tokens=[973,706,1341,0,56,3902]; text="To grow larger, a crab"	4
5322	block_3.after_attention_residual + block_3.after_mlp_residual	4	tokens=[796,228,89,338,212]; text="Chameleons can" | tokens=[6,760,591,2185,2191,61,431,82,56]; text="A question mark commonly marks the end of a"	4
5323	block_3.after_attention_residual + block_3.after_mlp_residual	2	tokens=[216,2080,689,194,120,169,2556]; text="The Roman Colosseum hosted"	2
5324	block_3.after_attention_residual + block_3.after_mlp_residual	2	tokens=[216,381,164,444,82,4320,170,3965,425,250,2873,4045]; text="The florets of broccoli are harvested before their flower buds"	2
5326	block_3.after_attention_residual + block_3.after_mlp_residual	2	tokens=[216,1521,82,248,3219,113,77,2631]; text="The Book of Kells is an elabor"	2
5327	block_3.after_attention_residual + block_3.after_mlp_residual	6	tokens=[395,3913,3941,0,56,3034,130,912,2955,328]; text="In decimal notation, a digit's position determines its" | tokens=[4178,1574,83,715,3406,1044]; text="Gas exchange in human lungs takes" | tokens=[966,3345,130,165,3969,1044]; text="Shakespeare's The Tempest takes"	6
5328	block_3.after_attention_residual + block_3.after_mlp_residual	72	tokens=[3477,130,3274,86,1867,721,3898]; text="Earth's crust and uppermost mantle" | tokens=[1920,3401,1978,1684]; text="Although Mercury lies closer" | tokens=[3650,2322,196,908,170,56]; text="Radio waves from space are a"	72
5330	block_3.after_attention_residual + block_3.after_mlp_residual	2	tokens=[216,4234,60,4314,2135,212,103,1928,192,1414,61,366,3149,1069,80,1972,61]; text="The Fibonacci sequence can be formed by adding the two preceding terms to obtain the"	2
5331	block_3.after_attention_residual + block_3.after_mlp_residual	2	tokens=[3403,627,1262,1282,0,867,309,704,0,83,250]; text="Camels store fat, rather than water, in their"	2
5332	block_3.after_attention_residual + block_3.after_mlp_residual	2	tokens=[216,1861,82,56,1163,3752,198,348]; text="The faces of a regular tetrahed"	2
5333	block_3.after_attention_residual + block_3.after_mlp_residual	2	tokens=[216,1093,999,2743,30,156,2901,83,1439,83,514]; text="The Magna Carta was sealed in England in 12"	2
5334	block_3.after_attention_residual + block_3.after_mlp_residual	2	tokens=[4290,1204,2071,2263,1617,47,68,2303,83,61,303]; text="Spanish forces captured Tenochtitlan in the year"	2
5335	block_3.after_attention_residual + block_3.after_mlp_residual	2	tokens=[4290,1228,77,4070,760]; text="Spanish uses an inverted question"	2
5336	block_3.after_attention_residual + block_3.after_mlp_residual	14	tokens=[6,3095,130,124,2226,2547,1629,131,1062,1728]; text="A snake's forked tongue helps it collect chemical" | tokens=[6,2615,3347,130,64,2278,89,2255,4430]; text="A honeybee's waggle dance communicates" | tokens=[3175,3468,1354,0,732,2389,2627,1764,3716]; text="Unlike volatile memory, nonvolatile storage retains"	14
5337	block_3.after_attention_residual + block_3.after_mlp_residual	2	tokens=[15,554,562,72,1468]; text="Johannes Ver"	2
5338	block_3.after_attention_residual + block_3.after_mlp_residual	2	tokens=[8,4032,1651,197,2660,2021,1497,290,1975,56]; text="Coconuts have fibrous husks surrounding a"	2
5339	block_3.after_attention_residual + block_3.after_mlp_residual	2	tokens=[2921,969,113,56,1281,1,878]; text="Basalt is a fine-gr"	2
5343	block_3.after_attention_residual + block_3.after_mlp_residual	2	tokens=[3837,4361,1119,649,324,86]; text="Spring tides occur near new and"	2
5344	block_3.after_attention_residual + block_3.after_mlp_residual	2	tokens=[7,806,82,61,2814,584,56,2781]; text="Bones of the skull form a protective"	2
5346	block_3.after_attention_residual + block_3.after_mlp_residual	2	tokens=[216,1203,4146,87,1657,1557,46,1485,801,80,210]; text="The term pizzicato instructs string players to pl"	2
5347	block_3.after_attention_residual + block_3.after_mlp_residual	2	tokens=[796,58,1815,112,944]; text="Chinua Ache"	2
5348	block_3.after_attention_residual + block_3.after_mlp_residual	2	tokens=[216,2794,82,77,1767]; text="The median of an ordered"	2
5349	block_3.after_attention_residual + block_3.after_mlp_residual	2	tokens=[1097,77,679,58,529,0,61,1303,3541,61,3940,679]; text="At an equinox, the Sun crosses the celestial equ"	2
5351	block_3.after_attention_residual + block_3.after_mlp_residual	2	tokens=[216,3743,1534,82,2403,435,120,167,857,80,636]; text="The Odyssey tells of Odysseus trying to return"	2
5352	block_3.after_attention_residual + block_3.after_mlp_residual	8	tokens=[3871,2997,113,2037,1157,196,397,80]; text="Modern Hebrew is normally written from right to" | tokens=[3881,87,113,2037,1157,196,397,80]; text="Arabic is normally written from right to" | tokens=[216,3504,3693,1432,113,2548]; text="The cosmic microwave background is radiation"	8
5353	block_3.after_attention_residual + block_3.after_mlp_residual	12	tokens=[6,2665,2027,2225,82]; text="A cache keeps copies of" | tokens=[17,386,547,3255,1235,61,1014]; text="Lossless compression allows the original" | tokens=[3126,113,56,1184,460,80,2609,86,3174,4471]; text="SQL is a language used to query and manipulate relational"	12
5354	block_3.after_attention_residual + block_3.after_mlp_residual	2	tokens=[2319,2325,2189,306,56,3253,1706,113,1980,86,322,1041,639,212,1494,61]; text="Checkmate occurs when a chess king is attacked and no legal move can remove the"	2
5355	block_3.after_attention_residual + block_3.after_mlp_residual	2	tokens=[17,386,52,3255,555]; text="Lossy compression disc"	2
5356	block_3.after_attention_residual + block_3.after_mlp_residual	12	tokens=[216,2132,86,2088]; text="The Northern and Southern" | tokens=[216,1925,82,459]; text="The island of New" | tokens=[15,1550,1468,352,130,3031,61,876,83,188,2808,2622,1681]; text="Jules Verne's Around the World in Eighty Days follows"	12
5359	block_3.after_attention_residual + block_3.after_mlp_residual	2	tokens=[6,3546,212,2050,3145,1658,192,2689,253,701,309,61,273,30]; text="A telescope can reveal faint objects by collecting more light than the una"	2
5360	block_3.after_attention_residual + block_3.after_mlp_residual	2	tokens=[1866,3796,3947,1110,328,3022,76,873]; text="Prepared mustard gets its characteristic pung"	2
5361	block_3.after_attention_residual + block_3.after_mlp_residual	4	tokens=[6,54,447,455,1555,1235,4137,2753,309,61]; text="A vernier scale allows finer measurements than the" | tokens=[8,34,187,113,56,3560,1635,1573,83,61]; text="Ceres is a dwarf planet located in the"	4
5362	block_3.after_attention_residual + block_3.after_mlp_residual	2	tokens=[216,704,1125,2191,61,1867,1420,82,61,3567,3975,1831,83,77,273,2393]; text="The water table marks the upper surface of the saturated groundwater zone in an unconf"	2
5363	block_3.after_attention_residual + block_3.after_mlp_residual	2	tokens=[216,4367,2229,400,762,1021,0]; text="The Alps extend through several countries,"	2
5364	block_3.after_attention_residual + block_3.after_mlp_residual	2	tokens=[3650,2322,0,1989,701,0,86]; text="Radio waves, visible light, and"	2
5365	block_3.after_attention_residual + block_3.after_mlp_residual	22	tokens=[216,3437,59,88,2350,3977,3793,326,61]; text="The pancreas releases digestive enzymes into the" | tokens=[6,1390,3615,542,2448,82,418]; text="A sunflower head consists of many" | tokens=[6,4155,2448,82,418]; text="A raspberry consists of many"	22
5366	block_3.after_attention_residual + block_3.after_mlp_residual	2	tokens=[15,554,562,72,3297,1375,56]; text="Johannes Gutenberg developed a"	2
5367	block_3.after_attention_residual + block_3.after_mlp_residual	2	tokens=[216,2713,261,1308,113,1537,80,2110,1,2705]; text="The fraction one quarter is equal to twenty-five"	2
5370	block_3.after_attention_residual + block_3.after_mlp_residual	2	tokens=[3014,399,2030,1,33,2560,156,56,739,82,61,1768]; text="Mohenjo-daro was a city of the ancient"	2
5371	block_3.after_attention_residual + block_3.after_mlp_residual	2	tokens=[1413,82,2084,399,220,130,677,2864,170,3323,192,2964,96,294]; text="Some of Stonehenge's large stones are topped by horizontal lint"	2
5372	block_3.after_attention_residual + block_3.after_mlp_residual	4	tokens=[3836,2930,2644,3319,1038,181,360]; text="Jonathan Swift sends Lemuel Gull" | tokens=[3836,2930,2644,3319,1038,181,360,628,80,184,144,266,110,83,181,360]; text="Jonathan Swift sends Lemuel Gulliver to Lilliput in Gull"	4
5373	block_3.after_attention_residual + block_3.after_mlp_residual	4	tokens=[4330,3918,1199,3070,1726,400,56]; text="Ancient Egyptians sometimes preserved bodies through a" | tokens=[1260,543,1422,704,3284,400,56]; text="Plants lose water vapor through a"	4
5375	block_3.after_attention_residual + block_3.after_mlp_residual	4	tokens=[24,110,456,1045,182,130,2445,4465,276,2261,156,1462,311,217,81,2763]; text="Tutankhamun's golden funerary mask was placed over his mumm" | tokens=[6,4044,766,621,1658,1455,80,2429,192,2241,2058]; text="A microscope makes small objects easier to examine by producing magn"	4
5377	block_3.after_attention_residual + block_3.after_mlp_residual	2	tokens=[1955,1070,3358,56,1420,644]; text="Copper develops a surface pat"	2
5378	block_3.after_attention_residual + block_3.after_mlp_residual	4	tokens=[3552,2496,2202,327,1006,2568,3394,59,369,61,1140]; text="Charlotte Bronte wrote Jane Eyre under the pen" | tokens=[7,419,3317,113,61,892]; text="Baking soda is the common"	4
5379	block_3.after_attention_residual + block_3.after_mlp_residual	16	tokens=[4192,2472,56,1848,130,734,1363,2874,203,328,818,192]; text="Doubling a square's side length multiplies its area by" | tokens=[216,1861,82,56,1163,3752,198,348,588,170]; text="The faces of a regular tetrahedron are" | tokens=[216,1001,1709,3594,2309,811,831,530,61]; text="The Black Death devastated populations across Europe during the"	16
5380	block_3.after_attention_residual + block_3.after_mlp_residual	4	tokens=[216,3743,1534,82,2403,435,120,167,857,80]; text="The Odyssey tells of Odysseus trying to" | tokens=[1935,3556,3631,83,4215,0,706,162,1628,0,86]; text="Many salmon hatch in freshwater, grow at sea, and"	4
5381	block_3.after_attention_residual + block_3.after_mlp_residual	2	tokens=[4330,2774,420,3949,46,1153,2669,4291,142,2877,3019]; text="Ancient Egyptian pharaohs built pyramids as royal tom"	2
5382	block_3.after_attention_residual + block_3.after_mlp_residual	56	tokens=[216,578,1883,196,1249,80,1486,113]; text="The direct transition from gas to solid is" | tokens=[216,1989,1420,82,61,1303,113]; text="The visible surface of the Sun is" | tokens=[1906,2452,1776,2189,83,61,3344,2036]; text="Most everyday weather occurs in the atmospheric layer"	56
5383	block_3.after_attention_residual + block_3.after_mlp_residual	12	tokens=[24,1227,4403,638,128,92,495,569,3402,80]; text="Tiny pores called stomata allow gases to" | tokens=[2331,125,1154,170,2819,82,1492,121]; text="Glaciers are masses of ice that" | tokens=[3477,130,2692,766,61,1303,700,80]; text="Earth's rotation makes the Sun appear to"	12
5385	block_3.after_attention_residual + block_3.after_mlp_residual	12	tokens=[2996,747,86,263,1358,518,1664,80,61,81,342,3137]; text="Snails and clams both belong to the mollusk" | tokens=[1738,339,148,83,56,1929,111,384,1010,83,56]; text="Performers in a duet make music in a" | tokens=[15,1766,2468,1664,80,61,462,712,1554]; text="Jellyfish belong to the same major animal"	12
5388	block_3.after_attention_residual + block_3.after_mlp_residual	2	tokens=[1955,1070,3358,56,1420]; text="Copper develops a surface"	2
5389	block_3.after_attention_residual + block_3.after_mlp_residual	4	tokens=[829,2596,3922,2276,56,2382,306,328,1545,4437,196,2693]; text="An electrical fuse breaks a circuit when its element melts from excessive" | tokens=[6,1505,2817,1138,1235,56,2538,1577]; text="A closed conducting path allows a steady electric"	4
5392	block_3.after_attention_residual + block_3.after_mlp_residual	2	tokens=[2699,60,990,2828,351,1006,61,353,789,142,165,3491]; text="Anton Chekhov wrote the play known as The Cherry"	2
5393	block_3.after_attention_residual + block_3.after_mlp_residual	18	tokens=[216,2904,82,3176,30,3404,1794]; text="The Palace of Versailles stands" | tokens=[527,3614,2276,417,1313,162,173]; text="Weathering breaks down rock at or" | tokens=[216,739,82,3742,1780]; text="The city of Babylon stood"	18
5394	block_3.after_attention_residual + block_3.after_mlp_residual	2	tokens=[216,3960,2090,2071,4368,83,61,303]; text="The Ottoman Empire captured Constantinople in the year"	2
5395	block_3.after_attention_residual + block_3.after_mlp_residual	2	tokens=[1898,848,4266,692,196,56,1432,867,309,1558,1544]; text="Relief sculptures project from a background rather than standing entirely"	2
5396	block_3.after_attention_residual + block_3.after_mlp_residual	12	tokens=[2759,89,2550,197]; text="Maple seeds have" | tokens=[3788,212,653,1566]; text="Energy can change forms" | tokens=[2898,1678,170,460]; text="Bay leaves are used"	12
5397	block_3.after_attention_residual + block_3.after_mlp_residual	4	tokens=[6,1734,3090,697,212]; text="A fixed pulley can" | tokens=[2238,4099,87,2624,549,306,1473,2624]; text="Metamorphic rocks develop when existing rocks"	4
5399	block_3.after_attention_residual + block_3.after_mlp_residual	10	tokens=[1151,140,203,1178,1089]; text="Arteries carry blood" | tokens=[3691,492,636,1089,1298,61,997,0,867,309,1893,131]; text="Veins return blood toward the heart, rather than carrying it" | tokens=[6,3888,130,3432,2068,1367,882]; text="A comet's ion tail generally points"	10
5400	block_3.after_attention_residual + block_3.after_mlp_residual	30	tokens=[3026,1634,113,61,1145,82,2895,0,56,4256]; text="Oslo is the capital of Norway, a Scandinavian" | tokens=[6,2615,3347,3010]; text="A honeybee queen" | tokens=[6,953,864,2134]; text="A higher sound frequency"	30
5402	block_3.after_attention_residual + block_3.after_mlp_residual	4	tokens=[216,3718,1125,1591,1784,1728,1507,83]; text="The periodic table arranges chemical elements in" | tokens=[25,1799,411,185,928,2232,121,3563,2250,173,1225,83,250,1014]; text="UDP does not itself guarantee that packets arrive or remain in their original"	4
5403	block_3.after_attention_residual + block_3.after_mlp_residual	2	tokens=[575,172,547,2051,1528,2911]; text="Stainless steel contains chrom"	2
5404	block_3.after_attention_residual + block_3.after_mlp_residual	2	tokens=[216,519,797,1941,4402,170,1277,2725,194,0,138]; text="The three musketeers are named Athos, P"	2
5405	block_3.after_attention_residual + block_3.after_mlp_residual	2	tokens=[216,3368,1456,4285,261]; text="The prefix micro denotes one"	2
5406	block_3.after_attention_residual + block_3.after_mlp_residual	2	tokens=[6,1160,599,1,2062]; text="A standard full-size"	2
5407	block_3.after_attention_residual + block_3.after_mlp_residual	2	tokens=[216,957,546,86,740,441,77,3382,3141,1,235]; text="The words child and children show an irregular singular-pl"	2
5408	block_3.after_attention_residual + block_3.after_mlp_residual	2	tokens=[395,1160,2855,2519,0,521,1692,0,1686,0,86,519,1]; text="In standard Sudoku, each row, column, and three-"	2
5412	block_3.after_attention_residual + block_3.after_mlp_residual	4	tokens=[12,3352,113,3759,2245,196,267,372,704,86,2013]; text="Ghee is clarified butter from which most water and milk" | tokens=[1967,295,667,4087,2322,212,1122,400,518]; text="Compressional seismic waves can travel through both"	4
5414	block_3.after_attention_residual + block_3.after_mlp_residual	6	tokens=[6,599,551,3580,80,2503,1979,173,366,3857,971]; text="A full turn corresponds to 360 degrees or two pi rad" | tokens=[1712,371,281,670,911,4088,0,80,1675,0,1265,116,4332,0,86,3521,925,576,357,135]; text="Amphibians include frogs, toads, salamanders, and wormlike caecil" | tokens=[8,2580,158,1090,1664,80,61,3779,284,641,0,185,61,4124]; text="Crocodiles belong to the reptile group, not the amphib"	6
5415	block_3.after_attention_residual + block_3.after_mlp_residual	2	tokens=[2762,4296,130,1145,0,4245,0,2937,46,61]; text="Portugal's capital, Lisbon, overlooks the"	2
5416	block_3.after_attention_residual + block_3.after_mlp_residual	2	tokens=[2742,2451,218,185,653,61,4173,82]; text="Earlier outcomes do not change the probabilities of"	2
5417	block_3.after_attention_residual + block_3.after_mlp_residual	2	tokens=[1951,56,1843,3635,0,61,1891,1924,317,173,225,82,61,1303,196]; text="During a solar eclipse, the Moon blocks part or all of the Sun from"	2
5418	block_3.after_attention_residual + block_3.after_mlp_residual	10	tokens=[6,1220,4142,1590,61,462,142,545]; text="A homophone sounds the same as another" | tokens=[6,1773,1576,113,56]; text="A synonym is a" | tokens=[6,1773,1576,113,56,674,139,56,1247,850,80,121,82,545]; text="A synonym is a word with a meaning similar to that of another"	10
5419	block_3.after_attention_residual + block_3.after_mlp_residual	4	tokens=[3613,166,469,2540,1178,1727,4185,83,56,4053,86]; text="Male seahorses carry developing embryos in a pouch and" | tokens=[3473,2559,646,83,3915,2253]; text="Iron oxides in Martian soil"	4
5420	block_3.after_attention_residual + block_3.after_mlp_residual	6	tokens=[216,1312,3535,1825,775,317,82,61,1512,481,1189,86,61]; text="The Great Lakes lie along part of the border between Canada and the" | tokens=[3501,2239,142,61,1145,82,61]; text="London serves as the capital of the" | tokens=[216,3555,3357,2229,400,2188,1189,86,61]; text="The Rocky Mountains extend through western Canada and the"	6
5421	block_3.after_attention_residual + block_3.after_mlp_residual	18	tokens=[1413,82,2084,399,220,130]; text="Some of Stonehenge's" | tokens=[216,181,1784,86,4046,2198,3988,3150,1284,56]; text="The Ganges and Brahmaputra rivers feed a" | tokens=[216,1042,708,69,567,3887,46]; text="The Coriolis effect deflects"	18
5423	block_3.after_attention_residual + block_3.after_mlp_residual	8	tokens=[1097,77,679,58,529,0,61,1303,3541,61,3940]; text="At an equinox, the Sun crosses the celestial" | tokens=[216,1861,82,56,1163,3752,198,348,588,170,635]; text="The faces of a regular tetrahedron are four" | tokens=[1169,519,1621,82,77]; text="All three sides of an"	8
5425	block_3.after_attention_residual + block_3.after_mlp_residual	2	tokens=[2131,328,634,0,2369,2612,63,113,185,56]; text="Despite its name, buckwheat is not a"	2
5426	block_3.after_attention_residual + block_3.after_mlp_residual	4	tokens=[216,2794,82,77,1767,604,113,328,1222,817,173,61]; text="The median of an ordered list is its middle value or the" | tokens=[784,56,3717,604,82,1146,0,61,3982]; text="For a finite list of numbers, the arithmetic"	4
5427	block_3.after_attention_residual + block_3.after_mlp_residual	6	tokens=[3261,1246,2251,837,993,1293,80,2236]; text="Archaeologists study material remains to investigate" | tokens=[4065,286,1528,2942,82,1842,3495,121,212,2418]; text="Graphite contains sheets of carbon atoms that can slide" | tokens=[11,386,1438,2579,936,82,3293,121,1669,83,61,4246]; text="Fossils preserve evidence of organisms that lived in the geological"	6
5431	block_3.after_attention_residual + block_3.after_mlp_residual	2	tokens=[21,352,3024,1523,379,3608,1249,80]; text="Pneumatic tools use compressed gas to"	2
5432	block_3.after_attention_residual + block_3.after_mlp_residual	4	tokens=[3663,2465,1207,4317,2744,0,714,4221,173,971,337,0,139]; text="Kimchi includes fermented vegetables, often cabbage or radish, with" | tokens=[3203,359,1762,769,250,548,1878,690,261,1327]; text="Annual plants complete their life cycle within one growing"	4
5434	block_3.after_attention_residual + block_3.after_mlp_residual	16	tokens=[2870,376,113,56,677,2596,3104]; text="Lightning is a large electrical discharge" | tokens=[6,1374,820,3354,56,1692,3534]; text="A primary key identifies a row uniquely" | tokens=[1935,3596,1,3040,535,422,1972,3343,196,3951,1079]; text="Many reef-building corals obtain nutrients from algae living"	16
5435	block_3.after_attention_residual + block_3.after_mlp_residual	4	tokens=[216,838,439,544,35,3354,61,1126]; text="The treble clef identifies the staff" | tokens=[216,2636,544,35,2191,61,1126]; text="The bass clef marks the staff"	4
5438	block_3.after_attention_residual + block_3.after_mlp_residual	2	tokens=[2424,1632,83,61,1378,69]; text="Muscles in the iris"	2
5439	block_3.after_attention_residual + block_3.after_mlp_residual	38	tokens=[2759,89,2550,197,2151,925,2157,121,490,299,2070,400,61]; text="Maple seeds have winglike structures that help them spin through the" | tokens=[9,3001,577,1420,80,3142]; text="Dolphins must surface to breathe" | tokens=[216,237,1519,30,1287,77]; text="The trachea provides an"	38
5442	block_3.after_attention_residual + block_3.after_mlp_residual	14	tokens=[216,2636,836,2810,80,61,1522,2076]; text="The bassoon belongs to the woodwind" | tokens=[7,3729,2810,80,61,2170]; text="Bamboo belongs to the grass" | tokens=[4435,78,88,170,4443,446,2113,0,185,777,82,61,1888]; text="Koalas are marsupials, not members of the bear"	14
5443	block_3.after_attention_residual + block_3.after_mlp_residual	2	tokens=[829,1250,1,984,3140,212,939,3112,1970]; text="An eight-bit byte can represent 256 distinct"	2
5444	block_3.after_attention_residual + block_3.after_mlp_residual	16	tokens=[216,2884,988,58,71,86,4110,352,2973,1302]; text="The sisters Elinor and Marianne Dashwood" | tokens=[21,1693,450,170,3526,4463,1701,1113,3677,212]; text="Pulsars are rotating neutron stars whose beams can" | tokens=[3532,536,192,1851]; text="Division by zero"	16
5445	block_3.after_attention_residual + block_3.after_mlp_residual	36	tokens=[3207,3598,2548,219,942,4344,309,1989,905]; text="Infrared radiation has longer wavelengths than visible red" | tokens=[2099,461,75,4249,379,3164,80,893,2933]; text="Refracting telescopes use lenses to bring incoming" | tokens=[796,2621,3093,632,2142,61,379,82]; text="Chiaroscuro describes the use of"	36
5446	block_3.after_attention_residual + block_3.after_mlp_residual	2	tokens=[2399,4212,839,3115,196,61,2732,80,61,2494,400,61]; text="Swallowed food travels from the throat to the stomach through the"	2
5448	block_3.after_attention_residual + block_3.after_mlp_residual	54	tokens=[6,1628,3769,2185,3358,530,61,517,306,807,539,442,1636,309,1865]; text="A sea breeze commonly develops during the day when land warms faster than nearby" | tokens=[3403,627,1262,1282,0,867,309]; text="Camels store fat, rather than" | tokens=[1097,1053,1938,1305,0]; text="At lower external pressure,"	54
5449	block_3.after_attention_residual + block_3.after_mlp_residual	2	tokens=[216,3898,113,1463,1486,1313,121,212,4401,1807,311,4246]; text="The mantle is mostly solid rock that can deform slowly over geological"	2
5450	block_3.after_attention_residual + block_3.after_mlp_residual	26	tokens=[3999,1164,1492,113]; text="Ordinary ice is" | tokens=[17,94,1438,170,4018,2550,121]; text="Lentils are edible seeds that" | tokens=[575,78,260,1040,2103,196,2509,4354,0,465,3792,147,41,1040]; text="Stalactites hang from cave ceilings, while stalagmites"	26
5455	block_3.after_attention_residual + block_3.after_mlp_residual	2	tokens=[4445,3787,113,61,2269,82,56,3249]; text="Nutmeg is the seed of a tropical"	2
5456	block_3.after_attention_residual + block_3.after_mlp_residual	8	tokens=[24,526,78,156,56]; text="Tikal was a" | tokens=[216,2196,176,2332,495,86,61,1992,118,907,170]; text="The Mahabharata and the Ramayana are" | tokens=[6,712,597,119,2448,82,56,1885,0,56]; text="A major triad consists of a root, a"	8
5458	block_3.after_attention_residual + block_3.after_mlp_residual	8	tokens=[3663,2465,1207,4317,2744,0]; text="Kimchi includes fermented vegetables," | tokens=[6,986,1710,141,2448,82,366,2679,0]; text="A diptych consists of two panels," | tokens=[3690,895,175,932,476]; text="Impressionist painters"	8
5459	block_3.after_attention_residual + block_3.after_mlp_residual	16	tokens=[1260,2536,113,61,2098,1901,82]; text="Plasma is the liquid portion of" | tokens=[3261,1246,2251,837,993,1293,80,2236,683]; text="Archaeologists study material remains to investigate past" | tokens=[216,1312,4337,3753,162,181,3512,3349,56]; text="The Great Sphinx at Giza combines a"	16
5465	block_3.after_attention_residual + block_3.after_mlp_residual	2	tokens=[3477,130,3274,86,1867]; text="Earth's crust and upper"	2
5466	block_3.after_attention_residual + block_3.after_mlp_residual	2	tokens=[1097,56,408,2474,1831,0,261,55,226,2248,2000]; text="At a subduction zone, one tectonic plate"	2
5467	block_3.after_attention_residual + block_3.after_mlp_residual	6	tokens=[23,74,4161,2624,714,584,306,3702,2690]; text="Sedimentary rocks often form when deposited particles" | tokens=[216,3983,83,1356,31,1051,1410,121,1356,31,1051,229]; text="The witches in Macbeth predict that Macbeth will" | tokens=[395,2404,3941,0,67,187,2939,43,729,80]; text="In musical notation, crescendo means to"	6
5468	block_3.after_attention_residual + block_3.after_mlp_residual	2	tokens=[2905,4447,3852,88,445]; text="Alexandre Dumas made"	2
5469	block_3.after_attention_residual + block_3.after_mlp_residual	2	tokens=[10,3751,3566,1284,250,3631,3116,2013,1296]; text="Echidnas feed their hatchlings milk despite"	2
5470	block_3.after_attention_residual + block_3.after_mlp_residual	2	tokens=[395,3257,3293,0,56,2318,113,56,1995,2135,121,3462,80,56,2381]; text="In cellular organisms, a gene is a DNA sequence that contributes to a functional"	2
5473	block_3.after_attention_residual + block_3.after_mlp_residual	2	tokens=[395,2404,3941,0,67,187,2939,43]; text="In musical notation, crescendo"	2
5474	block_3.after_attention_residual + block_3.after_mlp_residual	2	tokens=[23,1915,329,313,3433,2564,4017,1,3028,2191,326,3393,80,1229,67]; text="Sumerian scribes pressed wedge-shaped marks into clay to write c"	2
5475	block_3.after_attention_residual + block_3.after_mlp_residual	8	tokens=[6,1453,113,56,104,2273,2231,1827,196]; text="Agar is a gelling substance obtained from" | tokens=[8,3418,113,1827,196,61,2139,3383,82]; text="Cinnamon is obtained from the inner bark of" | tokens=[1906,668,926,1400,306,3047,0,1237,305,1683,3086,2379,311]; text="Most solids expand when heated, although some materials behave differently over"	8
5476	block_3.after_attention_residual + block_3.after_mlp_residual	6	tokens=[6,1464,3768,1892,61,4411,82,61,2481,1328,540,82,56]; text="A negative exponent represents the reciprocal of the corresponding positive power of a" | tokens=[7,177,242,113,56]; text="Bromine is a" | tokens=[9,716,75,1851,192,56]; text="Dividing zero by a"	6
5478	block_3.after_attention_residual + block_3.after_mlp_residual	4	tokens=[216,404,72,3357,2229,775,61,2188]; text="The Andes Mountains extend along the western" | tokens=[4192,2472,56,1848,130]; text="Doubling a square's"	4
5480	block_3.after_attention_residual + block_3.after_mlp_residual	2	tokens=[13,503,332,32,1418,3941,219,3737]; text="Hexadecimal notation has sixteen"	2
5483	block_3.after_attention_residual + block_3.after_mlp_residual	22	tokens=[216,1145,82,4310,113,222,1551,70,1922,2277,0,77,4106]; text="The capital of Mongolia is Ulaanbaatar, an inland" | tokens=[216,1145,82,1516,113,1806,0,56]; text="The capital of France is Paris, a" | tokens=[4130,3749,4321,113,61,1145]; text="Buenos Aires is the capital"	22
5485	block_3.after_attention_residual + block_3.after_mlp_residual	2	tokens=[395,1160,2855,2519,0,521,1692,0,1686,0,86,519,1,664,1,2923,1129,1528,61,3240,261,400,1579]; text="In standard Sudoku, each row, column, and three-by-three box contains the digits one through nine"	2
5487	block_3.after_attention_residual + block_3.after_mlp_residual	2	tokens=[3471,1285,113,61,3954,1221,83,1268,130]; text="Sirius is the brightest star in Earth's"	2
5488	block_3.after_attention_residual + block_3.after_mlp_residual	2	tokens=[3217,1663,4143,130,3285,1640,1207,61,3634,1721]; text="Robert Louis Stevenson's Treasure Island includes the pirate Long"	2
5489	block_3.after_attention_residual + block_3.after_mlp_residual	2	tokens=[2717,2142,61,967,162,267,987,113,2478,173,331,113]; text="Power describes the rate at which energy is transferred or work is"	2
5490	block_3.after_attention_residual + block_3.after_mlp_residual	22	tokens=[6,1023,43,113,2037,1064,139,328]; text="A cello is normally played with its" | tokens=[3311,4224,2095,1089,86,3020,61]; text="Human kidneys filter blood and regulate the" | tokens=[23,149,4390,2641,639,61]; text="Skeletal muscles move the"	22
5491	block_3.after_attention_residual + block_3.after_mlp_residual	2	tokens=[3311,1384,86,2086,531]; text="Human hair and fingern"	2
5492	block_3.after_attention_residual + block_3.after_mlp_residual	2	tokens=[395,56,3828,0,56,2397,272]; text="In a spreadsheet, a formula comp"	2
5493	block_3.after_attention_residual + block_3.after_mlp_residual	2	tokens=[6,1425,565,1228,56,2797,83,2098,80,2022]; text="A spirit level uses a bubble in liquid to indicate"	2
5494	block_3.after_attention_residual + block_3.after_mlp_residual	2	tokens=[216,1768,4025,495,34,245,3505,4043]; text="The ancient Nabataeans carved monumental"	2
5495	block_3.after_attention_residual + block_3.after_mlp_residual	4	tokens=[13,330,62,4431,2475,170,489,251,80,384,56,76,873,94]; text="Horseradish roots are grated to make a pungent" | tokens=[9,189,1566,306,704,3284]; text="Dew forms when water vapor"	4
5496	block_3.after_attention_residual + block_3.after_mlp_residual	2	tokens=[829,3989,718,212,584,56,4297,192,2598]; text="An oyster can form a pearl by depos"	2
5497	block_3.after_attention_residual + block_3.after_mlp_residual	2	tokens=[3551,56,834,2023,130]; text="Inside a black hole's"	2
5500	block_3.after_attention_residual + block_3.after_mlp_residual	2	tokens=[4218,974,66,130,3407,86,1288,2398,243,1115,2419,2771,111,86,3021,2410]; text="Jane Austen's Pride and Prejudice features Elizabeth Bennet and Fitzwill"	2
5501	block_3.after_attention_residual + block_3.after_mlp_residual	2	tokens=[4198,198,3766,1190,3419,1027,400]; text="Hydraulic systems transmit force through"	2
5502	block_3.after_attention_residual + block_3.after_mlp_residual	2	tokens=[216,3932,709,4438,82,4377]; text="The hardened forewings of beetles"	2
5503	block_3.after_attention_residual + block_3.after_mlp_residual	4	tokens=[15,554,562,72,1468,593,62,130,1991,139,56,3172,1087]; text="Johannes Vermeer's Girl with a Pearl Ear" | tokens=[6,3054,1801,2987,1788,196,56,879,1801]; text="A bicycle chain transfers motion from a front chain"	4
5504	block_3.after_attention_residual + block_3.after_mlp_residual	4	tokens=[6,760,591,2185,2191,61,431,82,56,578,1157]; text="A question mark commonly marks the end of a direct written" | tokens=[4290,1228,77,4070,760,591,162,61,1280,82,56,1157]; text="Spanish uses an inverted question mark at the beginning of a written"	4
5505	block_3.after_attention_residual + block_3.after_mlp_residual	6	tokens=[216,109,1444,119,2390,114,1107,530,61,4322]; text="The Iliad centers on events during the Trojan" | tokens=[216,3743,1534,82,2403,435,120,167,857,80,636,607,349,61,4322]; text="The Odyssey tells of Odysseus trying to return home after the Trojan" | tokens=[1142,43,3275,97,361,130]; text="Leo Tolstoy's"	6
5506	block_3.after_attention_residual + block_3.after_mlp_residual	4	tokens=[2399,3890,130,1145,739,113,3813,0,267,2822,811]; text="Sweden's capital city is Stockholm, which extends across" | tokens=[1983,2363,129,1185,1036]; text="Edvard Munch created"	4
5507	block_3.after_attention_residual + block_3.after_mlp_residual	2	tokens=[2707,75,1380,330,83,880,1856,250,1380]; text="Connecting resistors in series adds their resist"	2
5508	block_3.after_attention_residual + block_3.after_mlp_residual	2	tokens=[3508,2434,2561,714,3349,2593,0,704,0,86,4118,2776]; text="Chinese landscape painting often combines mountains, water, and expressive brush"	2
5509	block_3.after_attention_residual + block_3.after_mlp_residual	4	tokens=[216,1312,3535,1825,775,317,82,61,1512,481,1189,86,61,676]; text="The Great Lakes lie along part of the border between Canada and the United" | tokens=[216,3555,3357,2229,400,2188,1189,86,61,676]; text="The Rocky Mountains extend through western Canada and the United"	4
5512	block_3.after_attention_residual + block_3.after_mlp_residual	2	tokens=[216,3252,117,1521,113,1319,139,61,1536,1786,472,38,443,60]; text="The Pillow Book is associated with the Japanese writer Sei Shon"	2
5513	block_3.after_attention_residual + block_3.after_mlp_residual	2	tokens=[216,2275,82,56,223,4343,2869,113,80,3610,1582,326,56]; text="The objective of a jigsaw puzzle is to assemble pieces into a"	2
5514	block_3.after_attention_residual + block_3.after_mlp_residual	2	tokens=[12,994,286,2185,1528,4409,0,364,127,46]; text="Granite commonly contains quartz, felds"	2
5515	block_3.after_attention_residual + block_3.after_mlp_residual	2	tokens=[3597,386,194,114,1713,327,113,1319,139,61]; text="Knossos on Crete is associated with the"	2
5516	block_3.after_attention_residual + block_3.after_mlp_residual	2	tokens=[22,214,0,61,1145,82,2085,0,1794,114,61,105]; text="Rome, the capital of Italy, stands on the T"	2
5518	block_3.after_attention_residual + block_3.after_mlp_residual	4	tokens=[3711,3502,1426,2013,80,3862,337,250]; text="Female mammals produce milk to nourish their" | tokens=[727,770,3861,4378,170]; text="Asparagus spears are"	4
5519	block_3.after_attention_residual + block_3.after_mlp_residual	10	tokens=[216,404,72,3357,2229]; text="The Andes Mountains extend" | tokens=[1906,3815,571,196,1499,1197]; text="Most earthquakes result from sudden movement" | tokens=[6,1027,411,2602,331,306,131,219,56,2007]; text="A force does mechanical work when it has a component"	10
5520	block_3.after_attention_residual + block_3.after_mlp_residual	4	tokens=[796,177,4341,3878,2954]; text="Chromatography separates substances" | tokens=[22,281,194,992,3610,2926]; text="Ribosomes assemble proteins"	4
5521	block_3.after_attention_residual + block_3.after_mlp_residual	2	tokens=[4435,78,88,170,4443,446,2113,0,185]; text="Koalas are marsupials, not"	2
5522	block_3.after_attention_residual + block_3.after_mlp_residual	2	tokens=[6,3270,113,61,3814,252,2878,1465,142,56,3270]; text="A meteor is the luminous streak produced as a meteor"	2
5523	block_3.after_attention_residual + block_3.after_mlp_residual	2	tokens=[796,58,1815,112,944,603,437,2518,1954,3460]; text="Chinua Achebe set Things Fall Apart"	2
5524	block_3.after_attention_residual + block_3.after_mlp_residual	4	tokens=[216,2054,3781,638,1905]; text="The stone monuments called mo" | tokens=[4000,4294,1233,83,61,1432,82,3668,167]; text="Mount Fuji appears in the background of Hokus"	4
5525	block_3.after_attention_residual + block_3.after_mlp_residual	2	tokens=[216,2636,836,2810,80,61,1522,2076,698,1296,328]; text="The bassoon belongs to the woodwind family despite its"	2
5526	block_3.after_attention_residual + block_3.after_mlp_residual	70	tokens=[3026,1634,113]; text="Oslo is" | tokens=[3871,2997,113]; text="Modern Hebrew is" | tokens=[1906,2452,1776]; text="Most everyday weather"	68
5529	block_3.after_attention_residual + block_3.after_mlp_residual	2	tokens=[3420,71,3638,1006,61,2969,2533,129,1715,1103,86,165,150,1185]; text="Victor Hugo wrote the novels Les Miserables and The Hunch"	2
5530	block_3.after_attention_residual + block_3.after_mlp_residual	4	tokens=[22,557,4417,735,88,119,1004,61,356]; text="Rajendra Prasad became the first" | tokens=[23,1034,657,43,156,61,356]; text="Sukarno was the first"	4
5531	block_3.after_attention_residual + block_3.after_mlp_residual	2	tokens=[6,2665,2027,2225,82,609,256,121,1564]; text="A cache keeps copies of data so that repeated"	2
5532	block_3.after_attention_residual + block_3.after_mlp_residual	2	tokens=[216,2347,2896,2084,2432,1224,488,3547,83,2726,3978,371,87,0]; text="The Rosetta Stone carries related inscriptions in hieroglyphic,"	2
5533	block_3.after_attention_residual + block_3.after_mlp_residual	18	tokens=[6,1760,1812,1862,3358,2463,56,4080,1469]; text="A cashew nut develops beneath a swollen structure" | tokens=[2699,60,990,2828,351,1006,61,353]; text="Anton Chekhov wrote the play" | tokens=[1100,51,2094,4416,113,61,3043]; text="Proxima Centauri is the nearest"	18
5534	block_3.after_attention_residual + block_3.after_mlp_residual	4	tokens=[6,774,227,323,4114,1433,427,82,328]; text="A young kangaroo continues much of its" | tokens=[216,3504,3693,1432,113,2548,608,196,61]; text="The cosmic microwave background is radiation left from the"	4
5535	block_3.after_attention_residual + block_3.after_mlp_residual	2	tokens=[784,56,397,3482,0,61,4308,2186,66]; text="For a right triangle, the squared hypoten"	2
5536	block_3.after_attention_residual + block_3.after_mlp_residual	2	tokens=[4059,329,2114,113,789,124,328]; text="Durian fruit is known for its"	2
5537	block_3.after_attention_residual + block_3.after_mlp_residual	2	tokens=[829,2543,2142,56,2180,124,3146,56]; text="An algorithm describes a procedure for solving a"	2
5544	block_3.after_attention_residual + block_3.after_mlp_residual	2	tokens=[6,1160,2404,1126,219]; text="A standard musical staff has"	2
5545	block_3.after_attention_residual + block_3.after_mlp_residual	2	tokens=[216,1203,4146,87,1657,1557,46,1485]; text="The term pizzicato instructs string"	2
5548	block_3.after_attention_residual + block_3.after_mlp_residual	10	tokens=[2719,39,71,2588,113,56,2616,1278,83]; text="Angkor Wat is a temple complex in" | tokens=[24,526,78,156,56,712,3646,739,83]; text="Tikal was a major Maya city in" | tokens=[216,1213,30,2090,130,1145,156,122,167,504,0,83]; text="The Inca Empire's capital was Cusco, in"	10
5549	block_3.after_attention_residual + block_3.after_mlp_residual	2	tokens=[886,92,63,183,989,87,957,4318,173]; text="Onomatopoeic words imitate or"	2
5550	block_3.after_attention_residual + block_3.after_mlp_residual	2	tokens=[15,1766,2468,1664,80,61,462,712,1554,641,142,1628,77,151]; text="Jellyfish belong to the same major animal group as sea anem"	2
5551	block_3.after_attention_residual + block_3.after_mlp_residual	4	tokens=[6,1628,3769,2185,3358,530,61,517,306]; text="A sea breeze commonly develops during the day when" | tokens=[216,1480,1527,1718,2934,326,61]; text="The Volga River flows into the"	4
5552	block_3.after_attention_residual + block_3.after_mlp_residual	2	tokens=[829,1120,889,2185,3878,328]; text="An email address commonly separates its"	2
5553	block_3.after_attention_residual + block_3.after_mlp_residual	2	tokens=[21,3199,2875,3748,2681]; text="Pablo Picasso painted"	2
5554	block_3.after_attention_residual + block_3.after_mlp_residual	2	tokens=[1267,2367,3066,259,78,4136,584]; text="Mycorrhizal fungi form"	2
5555	block_3.after_attention_residual + block_3.after_mlp_residual	34	tokens=[3100,3855,86,831,816,521,287]; text="Africa and Europe face each other" | tokens=[6,3807,2014,714]; text="A filename extension often" | tokens=[6,594,2549,1918]; text="A hard disk stores"	34
5556	block_3.after_attention_residual + block_3.after_mlp_residual	2	tokens=[11,413,135,696,2917,3163,1493,80,584,56,324]; text="Fertilization joins reproductive cells to form a new"	2
5557	block_3.after_attention_residual + block_3.after_mlp_residual	18	tokens=[12,3052,1849,1701,0,1249,0,2212,0,86,1167,915]; text="Gravity holds stars, gas, dust, and dark matter" | tokens=[3948,588,3107,83,2684,570,1214,547,380,232,86,250,3030,170,3074,1998]; text="Astronauts in orbit feel weightless because they and their spacecraft are continuously falling" | tokens=[17,123,2625,490,737,2553]; text="Ligaments help hold bones"	18
5559	block_3.after_attention_residual + block_3.after_mlp_residual	2	tokens=[216,2269,925,2157,114,56,4220,130,1420,170,1921]; text="The seedlike structures on a strawberry's surface are tiny"	2
5560	block_3.after_attention_residual + block_3.after_mlp_residual	8	tokens=[395,56,1522,2210]; text="In a woodcut" | tokens=[216,1891,2027,1863,61,462]; text="The Moon keeps approximately the same" | tokens=[3477,130,2692,766]; text="Earth's rotation makes"	8
5561	block_3.after_attention_residual + block_3.after_mlp_residual	8	tokens=[395,56,3828,0,56,2397,272,748,56]; text="In a spreadsheet, a formula computes a" | tokens=[395,3913,3941,0,56,3034,130,912,2955,328,583]; text="In decimal notation, a digit's position determines its place" | tokens=[216,2794,82,77,1767,604,113,328,1222]; text="The median of an ordered list is its middle"	8
5562	block_3.after_attention_residual + block_3.after_mlp_residual	4	tokens=[4192,2472,56,1848,130,734,1363,2874,203,328]; text="Doubling a square's side length multiplies its" | tokens=[2750,238,113,1027,2267,311,77]; text="Pressure is force distributed over an"	4
5563	block_3.after_attention_residual + block_3.after_mlp_residual	2	tokens=[11,52,3843,145,208,43]; text="Fyodor Dosto"	2
5565	block_3.after_attention_residual + block_3.after_mlp_residual	2	tokens=[216,2132,86,2088,2932,2183,3211]; text="The Northern and Southern Hemispheres"	2
5567	block_3.after_attention_residual + block_3.after_mlp_residual	4	tokens=[1935,1762,212,3480,559,2550,400]; text="Many plants can reproduce without seeds through" | tokens=[216,374,69,330,162,61,879,82,61,1631,490]; text="The incisors at the front of the mouth help"	4
5568	block_3.after_attention_residual + block_3.after_mlp_residual	8	tokens=[395,77,3816,240,1532,1690,0,77,865,139,322]; text="In an inertial reference frame, an object with no" | tokens=[784,1904,929,0,56,1341]; text="For constant mass, a larger" | tokens=[829,3432,113,77,3429,173,3732,139,56]; text="An ion is an atom or molecule with a"	8
5569	block_3.after_attention_residual + block_3.after_mlp_residual	2	tokens=[216,2893,2645,1928,77,2387,80,61,1768,2916,1912,82]; text="The Lion Gate formed an entrance to the ancient citadel of"	2
5572	block_3.after_attention_residual + block_3.after_mlp_residual	4	tokens=[11,4102,139,1537,3873]; text="Fractions with equal denomin" | tokens=[11,4102,139,1537,3873,828,212,103,849,192,1414,250,1641]; text="Fractions with equal denominators can be added by adding their numer"	4
5574	block_3.after_attention_residual + block_3.after_mlp_residual	6	tokens=[829,2980,130,2578,2252,113,61,1420,1349,1173]; text="An earthquake's epicenter is the surface location directly" | tokens=[216,2321,2024,3909,4253,3259,3025]; text="The enormous shield volcano Olympus Mons rises" | tokens=[3463,124,61,1395,2636,113,2037,1157,77,3224,479]; text="Music for the double bass is normally written an octave"	6
5575	block_3.after_attention_residual + block_3.after_mlp_residual	8	tokens=[216,3926,1899,1978,481,3805,268,86,1196,82,2057,3470]; text="The Baltic Sea lies between Scandinavia and parts of northern mainland" | tokens=[216,1001,1709,3594,2309,811]; text="The Black Death devastated populations across" | tokens=[216,3804,982,83,2085,425,2802,811]; text="The Renaissance began in Italy before spreading across"	8
5576	block_3.after_attention_residual + block_3.after_mlp_residual	8	tokens=[4373,1265,1789,2142,61]; text="Ocean salinity describes the" | tokens=[216,2271,113,61,3633,1407,124]; text="The mole is the SI unit for" | tokens=[1898,424,3730,3485,61]; text="Relative humidity compares the"	8
5577	block_3.after_attention_residual + block_3.after_mlp_residual	2	tokens=[216,3898,113,1463,1486,1313,121,212,4401,1807,311,4246,705,32]; text="The mantle is mostly solid rock that can deform slowly over geological timesc"	2
5579	block_3.after_attention_residual + block_3.after_mlp_residual	2	tokens=[25,994,167,1687,340,139,328,2994,4074]; text="Uranus rotates with its axis tilted"	2
5583	block_3.after_attention_residual + block_3.after_mlp_residual	46	tokens=[6,2615,3347,130,64,2278,89,2255,4430,592,269,61,1349,82]; text="A honeybee's waggle dance communicates information about the location of" | tokens=[216,574,3857]; text="The number pi" | tokens=[216,1303,113]; text="The Sun is"	46
5584	block_3.after_attention_residual + block_3.after_mlp_residual	2	tokens=[216,76,873,94,3053,445,196,156,3132]; text="The pungent paste made from wasabi"	2
5585	block_3.after_attention_residual + block_3.after_mlp_residual	18	tokens=[3938,298,3299,549,196,56]; text="Identical twins develop from a" | tokens=[2921,969,113,56]; text="Basalt is a" | tokens=[4265,1333,1210,2604,250,1014]; text="ASCII characters retain their original"	18
5586	block_3.after_attention_residual + block_3.after_mlp_residual	2	tokens=[3650,1599,842,1,1746,113,61,318,1018,124]; text="Radioactive half-life is the time required for"	2
5588	block_3.after_attention_residual + block_3.after_mlp_residual	2	tokens=[1887,843,113,61,1145,82,3015,268,0,316,638,61,3015]; text="Prague is the capital of Czechia, also called the Czech"	2
5589	block_3.after_attention_residual + block_3.after_mlp_residual	2	tokens=[6,3487,2142,556,83,1069,82,556]; text="A metaphor describes something in terms of something"	2
5590	block_3.after_attention_residual + block_3.after_mlp_residual	28	tokens=[2746,1762,379]; text="Green plants use" | tokens=[3650,2322,196]; text="Radio waves from" | tokens=[4360,2685,2234,968,139,1310,1300,429,142]; text="Boolean logic works with truth values such as"	28
5591	block_3.after_attention_residual + block_3.after_mlp_residual	2	tokens=[2108,126,338,3419,592,573,2596,2394,86,1728]; text="Neurons transmit information using electrical signals and chemical"	2
5593	block_3.after_attention_residual + block_3.after_mlp_residual	8	tokens=[6,2546,1459,4406,958,83,1984,190,306,621,1890,82,1984,173,1049,170]; text="A buffer solution resists changes in acidity when small amounts of acid or base are" | tokens=[6,2204,3326,328,372,1086]; text="A stack removes its most recently" | tokens=[11,4102,139,1537,3873,828,212,103]; text="Fractions with equal denominators can be"	8
5594	block_3.after_attention_residual + block_3.after_mlp_residual	6	tokens=[6,1773,1576,113,56,674,139,56,1247]; text="A synonym is a word with a meaning" | tokens=[4198,2166,2686,490,1482,704,130,3518,485,3548,457,1271,139]; text="Hydrogen bonds help explain water's unusually high boiling point compared with" | tokens=[10,1254,83,61,462,3718,1,2505,641,714,197]; text="Elements in the same periodic-table group often have"	6
5595	block_3.after_attention_residual + block_3.after_mlp_residual	2	tokens=[11,52,3843,145,208,43,819,2938,130,2344,86,2862,3127,2390,114,1895,91,154]; text="Fyodor Dostoevsky's Crime and Punishment centers on Rodion R"	2
5596	block_3.after_attention_residual + block_3.after_mlp_residual	22	tokens=[3690,260]; text="Impact" | tokens=[23,1274,43,1733,1440,4412]; text="Sancho Panza accompanies" | tokens=[1504,53]; text="Enz"	18
5597	block_3.after_attention_residual + block_3.after_mlp_residual	4	tokens=[4434,2202,327,130,153,2654,75,3300,1115,61]; text="Emily Bronte's Wuthering Heights features the" | tokens=[10,31,733,2228,640,4259,220,113,61,1405]; text="Ebenezer Scrooge is the central"	4
5599	block_3.after_attention_residual + block_3.after_mlp_residual	2	tokens=[6,3333,4238,113,61,3662]; text="A caterpillar is the lar"	2
5600	block_3.after_attention_residual + block_3.after_mlp_residual	4	tokens=[4203,1040,170,794,3231,121]; text="Termites are social insects that" | tokens=[21,3893,240,1762,212]; text="Perennial plants can"	4
5601	block_3.after_attention_residual + block_3.after_mlp_residual	2	tokens=[216,3743,1534,82,2403,435,120,167]; text="The Odyssey tells of Odysseus"	2
5603	block_3.after_attention_residual + block_3.after_mlp_residual	4	tokens=[1868,1286,4148,1634,1879,460]; text="Frida Kahlo frequently used" | tokens=[6,3178,1892,56,496,0,465,56]; text="A portrait represents a person, while a"	4
5605	block_3.after_attention_residual + block_3.after_mlp_residual	4	tokens=[4277,678,113,56,3713,1545,121,113,2098,162,2192]; text="Mercury is a metallic element that is liquid at ordinary" | tokens=[7,177,242,113,56,732,1373,3152,1545,121,113,2098,162,2192]; text="Bromine is a nonmetallic element that is liquid at ordinary"	4
5607	block_3.after_attention_residual + block_3.after_mlp_residual	2	tokens=[796,58,1815,112,944,603,437,2518,1954,3460,779,3782]; text="Chinua Achebe set Things Fall Apart among Ig"	2
5608	block_3.after_attention_residual + block_3.after_mlp_residual	4	tokens=[6,2345,381,525,2466]; text="A concert flute produces" | tokens=[6,4436,1139,3652,77,2596,1870,326,4117,121,1426]; text="A loudspeaker converts an electrical signal into vibrations that produce"	4
5609	block_3.after_attention_residual + block_3.after_mlp_residual	18	tokens=[395,77,3816,240,1532,1690,0,77]; text="In an inertial reference frame, an" | tokens=[3290,1597,4426,0,465,1214,113,61,3824,1027,1952,114,77]; text="Mass measures inertia, while weight is the gravitational force acting on an" | tokens=[6,1027,411,2602,331,306,131,219,56,2007,775,77]; text="A force does mechanical work when it has a component along an"	18
5610	block_3.after_attention_residual + block_3.after_mlp_residual	2	tokens=[6,1023,43,113,2037,1064,139,328,746,1510,481,61]; text="A cello is normally played with its body supported between the"	2
5611	block_3.after_attention_residual + block_3.after_mlp_residual	48	tokens=[829,4258,234,1228,328,1266,1982,80,499]; text="An ostrich uses its powerful legs to run" | tokens=[216,1145,82,4310]; text="The capital of Mongolia" | tokens=[216,1203,4146,87,1657,1557,46,1485,801,80,210,602]; text="The term pizzicato instructs string players to pluck"	48
5612	block_3.after_attention_residual + block_3.after_mlp_residual	2	tokens=[216,876,3500,1606,113,56]; text="The World Wide Web is a"	2
5617	block_3.after_attention_residual + block_3.after_mlp_residual	4	tokens=[13,330,62,4431,2475,170,489,251,80,384,56,76]; text="Horseradish roots are grated to make a p" | tokens=[1866,3796,3947,1110,328,3022,76]; text="Prepared mustard gets its characteristic p"	4
5618	block_3.after_attention_residual + block_3.after_mlp_residual	4	tokens=[1291,2233,87,3274,1566,142]; text="New oceanic crust forms as" | tokens=[18,137,642,1313,2463,1268,130,1420,113,638]; text="Molten rock beneath Earth's surface is called"	4
5619	block_3.after_attention_residual + block_3.after_mlp_residual	2	tokens=[2889,241,1907,3326,704,196,61,2233,465,1403,372,3658,4064]; text="Evaporation removes water from the ocean while leaving most dissolved salts"	2
5620	block_3.after_attention_residual + block_3.after_mlp_residual	2	tokens=[15,1550,1468,352,130,3031,61]; text="Jules Verne's Around the"	2
5621	block_3.after_attention_residual + block_3.after_mlp_residual	4	tokens=[784,56,397,3482,0,61,4308,2186,66,791,3411,61]; text="For a right triangle, the squared hypotenuse equals the" | tokens=[784,56,3717,604,82,1146,0,61,3982,682,113,250]; text="For a finite list of numbers, the arithmetic mean is their"	4
5622	block_3.after_attention_residual + block_3.after_mlp_residual	2	tokens=[2921,969,113,56,1281,1]; text="Basalt is a fine-"	2
5623	block_3.after_attention_residual + block_3.after_mlp_residual	8	tokens=[829,186,4379,111,2619,83]; text="An exoplanet crossing in" | tokens=[216,374,69,330,162,61]; text="The incisors at the" | tokens=[21,950,75,3577,1026,3351,2956,139,250,3048]; text="Praying mantises seize prey with their specialized"	8
5624	block_3.after_attention_residual + block_3.after_mlp_residual	2	tokens=[2707,75,1380,330,83]; text="Connecting resistors in"	2
5625	block_3.after_attention_residual + block_3.after_mlp_residual	4	tokens=[1578,77,3224,3627,130,519,2554,0,366,2199,1089,400,328,104]; text="Of an octopus's three hearts, two pump blood through its g" | tokens=[1906,1725,1972,2544,196,704,400,250,104]; text="Most fish obtain oxygen from water through their g"	4
5626	block_3.after_attention_residual + block_3.after_mlp_residual	6	tokens=[1141,87,511,4386,952]; text="Unicode assigns code" | tokens=[6,3888,130,3432,2068,1367]; text="A comet's ion tail generally" | tokens=[216,3295,82,2106,3183,1788]; text="The acceleration of uniform circular motion"	6
5627	block_3.after_attention_residual + block_3.after_mlp_residual	2	tokens=[9,189,1566,306,704,3284,751,1447,1399,56,1420,3899]; text="Dew forms when water vapor condenses onto a surface cooled"	2
5628	block_3.after_attention_residual + block_3.after_mlp_residual	2	tokens=[23,3955,2550,170,460]; text="Sesame seeds are used"	2
5629	block_3.after_attention_residual + block_3.after_mlp_residual	2	tokens=[3175,418,287,4138,194,257,442,0,104,336]; text="Unlike many other gymnosperms, gink"	2
5632	block_3.after_attention_residual + block_3.after_mlp_residual	2	tokens=[13,297,3777,706,83,3160,2573,2879,142]; text="Hailstones grow in thunderstorm clouds as"	2
5634	block_3.after_attention_residual + block_3.after_mlp_residual	4	tokens=[4348,83,1268,130,3850,533,2817,2567,1489,1629,2043,328,2775]; text="Motion in Earth's electrically conducting outer core helps generate its magnetic" | tokens=[6,1309,1577,1311,2466,56,2775]; text="A moving electric charge produces a magnetic"	4
5636	block_3.after_attention_residual + block_3.after_mlp_residual	4	tokens=[2921,969,113,56,1281,1,878,595,3876,1313]; text="Basalt is a fine-grained volcanic rock" | tokens=[7,419,3317,113,61]; text="Baking soda is the"	4
5637	block_3.after_attention_residual + block_3.after_mlp_residual	2	tokens=[2099,461,75,4249,379,3164,80]; text="Refracting telescopes use lenses to"	2
5640	block_3.after_attention_residual + block_3.after_mlp_residual	14	tokens=[3410,719,77,865]; text="Raising an object" | tokens=[2124,3930,56,3925]; text="Transposing a melody" | tokens=[6,2960,2349,2037,219]; text="A classical guitar normally has"	14
5641	block_3.after_attention_residual + block_3.after_mlp_residual	2	tokens=[216,2884,988,58,71,86,4110,352,2973,1302,700,83,3587,86,2784]; text="The sisters Elinor and Marianne Dashwood appear in Sense and Sens"	2
5643	block_3.after_attention_residual + block_3.after_mlp_residual	18	tokens=[4091,167,1687,340]; text="Venus rotates" | tokens=[216,404,72,3357,2229,775,61,2188,734,82,976]; text="The Andes Mountains extend along the western side of South" | tokens=[1994,1717,2914,86]; text="American Sign Language and"	18
5644	block_3.after_attention_residual + block_3.after_mlp_residual	2	tokens=[216,1768,739,82,707,108,4423,4472,1794,3545,82,1264,1707]; text="The ancient city of Teotihuacan stands northeast of modern Mexico"	2
5645	block_3.after_attention_residual + block_3.after_mlp_residual	10	tokens=[1699,2294,113,459,2205,130,1145,0,114,61]; text="Wellington is New Zealand's capital, on the" | tokens=[1291,2205,219,366,617,2852,638,61]; text="New Zealand has two main islands called the" | tokens=[216,2375,242,2934,400,1437,425,2213,61]; text="The Rhine flows through Germany before reaching the"	10
5646	block_3.after_attention_residual + block_3.after_mlp_residual	2	tokens=[1752,3870,0,185,2541,0,113,61]; text="Canberra, not Sydney, is the"	2
5647	block_3.after_attention_residual + block_3.after_mlp_residual	2	tokens=[1172,3210,696,0,56,4432,1461,130,3247]; text="After fertilization, a flowering plant's ov"	2
5648	block_3.after_attention_residual + block_3.after_mlp_residual	4	tokens=[23,1274,43,1733,1440,4412,852]; text="Sancho Panza accompanies Don" | tokens=[18,123,1038,171,122,354,4179,1006,61,1608,852]; text="Miguel de Cervantes wrote the novel Don"	4
5649	block_3.after_attention_residual + block_3.after_mlp_residual	12	tokens=[3207,3598,2548,219,942,4344,309,1989]; text="Infrared radiation has longer wavelengths than visible" | tokens=[6,1453,113,56,104,2273,2231,1827,196,731]; text="Agar is a gelling substance obtained from certain" | tokens=[19,2358,2942,460,83,4040,170,445,196,4018]; text="Nori sheets used in sushi are made from edible"	12
5650	block_3.after_attention_residual + block_3.after_mlp_residual	2	tokens=[3218,2516,142,131,4311,83,3493,212,490]; text="Water expanding as it freezes in cracks can help"	2
5651	block_3.after_attention_residual + block_3.after_mlp_residual	6	tokens=[216,2196,176,2332,495,86,61,1992,118]; text="The Mahabharata and the Ramay" | tokens=[3606,1241,2185,3349,4301,1966,139,61,85,134,147]; text="Japanese writing commonly combines kanji with the hirag" | tokens=[3606,1241,2185,3349,4301,1966,139,61,85,134,147,907,86,227,63,213]; text="Japanese writing commonly combines kanji with the hiragana and katak"	6
5652	block_3.after_attention_residual + block_3.after_mlp_residual	2	tokens=[3987,2025,2548,212,1411,987,400,1838]; text="Thermal radiation can transfer energy through empty"	2
5653	block_3.after_attention_residual + block_3.after_mlp_residual	2	tokens=[6,2404,598,2246,56]; text="A musical rest indicates a"	2
5654	block_3.after_attention_residual + block_3.after_mlp_residual	4	tokens=[27,1124,212,3148,1680]; text="Waves can interfere construct" | tokens=[27,1124,212,3148,1680,910,173,2897]; text="Waves can interfere constructively or destruct"	4
5655	block_3.after_attention_residual + block_3.after_mlp_residual	30	tokens=[829,1186,500,74]; text="An undirected" | tokens=[829,754,198,505]; text="An engraving" | tokens=[829,387,2891,1528]; text="An emulsion contains"	30
5656	block_3.after_attention_residual + block_3.after_mlp_residual	4	tokens=[395,3913,3941,0,56,3034,130]; text="In decimal notation, a digit's" | tokens=[6,937,92,1849,2807,83]; text="A loom holds threads in"	4
5657	block_3.after_attention_residual + block_3.after_mlp_residual	2	tokens=[829,387,2891,1528,1134,4384,82,261,2098,3979,83,545]; text="An emulsion contains droplets of one liquid dispersed in another"	2
5658	block_3.after_attention_residual + block_3.after_mlp_residual	4	tokens=[216,106,2858,3866,3303,61,3237,1899,139,61]; text="The Suez Canal connects the Mediterranean Sea with the" | tokens=[216,3933,3529,1978,481,61]; text="The Arabian Peninsula lies between the"	4
5659	block_3.after_attention_residual + block_3.after_mlp_residual	6	tokens=[12,3052,1849,1701,0,1249,0,2212,0,86,1167]; text="Gravity holds stars, gas, dust, and dark" | tokens=[3987,2025,152,2474,2987,987,400,2582,690]; text="Thermal conduction transfers energy through interactions within" | tokens=[395,56,839,1801,0,2497,384,2400]; text="In a food chain, producers make organic"	6
5660	block_3.after_attention_residual + block_3.after_mlp_residual	2	tokens=[829,387,2891,1528,1134,4384,82,261,2098,3979,83,545,913]; text="An emulsion contains droplets of one liquid dispersed in another imm"	2
5661	block_3.after_attention_residual + block_3.after_mlp_residual	2	tokens=[1142,43,3275,97,361,130,761,86,2634,1207,61,2800]; text="Leo Tolstoy's War and Peace includes the Nap"	2
5662	block_3.after_attention_residual + block_3.after_mlp_residual	2	tokens=[3736,3457,43,2315,61,3585,178]; text="Captain Nemo commands the submarine N"	2
5664	block_3.after_attention_residual + block_3.after_mlp_residual	4	tokens=[3379,1423,56,993,1937,86]; text="Sound requires a material medium and" | tokens=[3551,56,834,2023,130,753,3122,0,701]; text="Inside a black hole's event horizon, light"	4
5665	block_3.after_attention_residual + block_3.after_mlp_residual	2	tokens=[216,1562,3032,82,261]; text="The north pole of one"	2
5666	block_3.after_attention_residual + block_3.after_mlp_residual	6	tokens=[2870,376,113,56,677,2596,3104,690,2879,173,481,56,1792,86,61]; text="Lightning is a large electrical discharge within clouds or between a cloud and the" | tokens=[2778,1313,121,4047,2351,400,1268,130,2100,86,2584,61]; text="Space rock that survives passage through Earth's atmosphere and reaches the" | tokens=[11,254,113,56,1792,83,1055,139,61]; text="Fog is a cloud in contact with the"	6
5669	block_3.after_attention_residual + block_3.after_mlp_residual	6	tokens=[2759,89,2550,197,2151]; text="Maple seeds have wing" | tokens=[1712,371,281,670,911,4088,0,80,1675,0,1265,116,4332,0,86,3521]; text="Amphibians include frogs, toads, salamanders, and worm" | tokens=[2790,1603,175,566,1879,3349,1619,1658,83,1406]; text="Surrealist art frequently combines familiar objects in dream"	6
5670	block_3.after_attention_residual + block_3.after_mlp_residual	14	tokens=[18,2055,197,1149]; text="Molars have broad" | tokens=[12,3352,113,3759,2245,196,267,372,704,86,2013,668]; text="Ghee is clarified butter from which most water and milk sol" | tokens=[1967,295,667,4087,2322,212,1122,400,518,668]; text="Compressional seismic waves can travel through both sol"	14
5671	block_3.after_attention_residual + block_3.after_mlp_residual	6	tokens=[9,3934,91,2952,1178,1281,3929,121,1191]; text="Dandelion fruits carry fine hairs that assist" | tokens=[4163,783,212,103,1600,244,192]; text="Pollination can be carried out by" | tokens=[3170,84,1339,584,392]; text="Sand dunes form where"	6
5672	block_3.after_attention_residual + block_3.after_mlp_residual	2	tokens=[1858,3538,2189,306,56,2180,389,1200]; text="Recursion occurs when a procedure invokes"	2
5673	block_3.after_attention_residual + block_3.after_mlp_residual	28	tokens=[2798,61,2836,83,334,1843,506,0,3466,219,61,1740]; text="Among the planets in our solar system, Jupiter has the greatest" | tokens=[3911,2441,3200,61]; text="Howard Carter uncovered the" | tokens=[3938,298,3299,549]; text="Identical twins develop"	28
5675	block_3.after_attention_residual + block_3.after_mlp_residual	2	tokens=[216,2136,2615,4239,121,124,239]; text="The worker honeybees that forage"	2
5678	block_3.after_attention_residual + block_3.after_mlp_residual	2	tokens=[216,1768,4025,495,34,245,3505,4043,750]; text="The ancient Nabataeans carved monumental fac"	2
5679	block_3.after_attention_residual + block_3.after_mlp_residual	4	tokens=[6,712,597,119,2448,82,56,1885,0,56,712]; text="A major triad consists of a root, a major" | tokens=[2108,241,4361,1119,649,61,356,86]; text="Neap tides occur near the first and"	4
5682	block_3.after_attention_residual + block_3.after_mlp_residual	4	tokens=[6,2204,3326,328,372,1086,849]; text="A stack removes its most recently added" | tokens=[395,56,356,1,58,0,356,1,204,3033,0,61,2818,849]; text="In a first-in, first-out queue, the earliest added"	4
5683	block_3.after_attention_residual + block_3.after_mlp_residual	2	tokens=[829,1250,1,984,3140,212]; text="An eight-bit byte can"	2
5684	block_3.after_attention_residual + block_3.after_mlp_residual	4	tokens=[6,1160,1779,82,1366,1]; text="A standard deck of French-" | tokens=[2975,223,3190,0,56,1160,1366,1]; text="Without jokers, a standard French-"	4
5685	block_3.after_attention_residual + block_3.after_mlp_residual	2	tokens=[3508,1210,170,185,77,3579,83,267,521,1777]; text="Chinese characters are not an alphabet in which each symbol"	2
5686	block_3.after_attention_residual + block_3.after_mlp_residual	18	tokens=[2707,75,1380,330]; text="Connecting resistors" | tokens=[2591,2929,2287,170,2941,3593,3839,121,322]; text="White dwarfs are dense stellar remnants that no" | tokens=[2048,1989,701,219,56]; text="Red visible light has a"	18
5687	block_3.after_attention_residual + block_3.after_mlp_residual	4	tokens=[6,3807,2014,714,2246,56]; text="A filename extension often indicates a" | tokens=[6,2454,1754,775,56,1396,173]; text="A rook moves along a rank or"	4
5689	block_3.after_attention_residual + block_3.after_mlp_residual	2	tokens=[395,56,1395,1,3228]; text="In a double-six"	2
5690	block_3.after_attention_residual + block_3.after_mlp_residual	2	tokens=[1097,56,408,2474,1831,0,261,55,226,2248,2000,722]; text="At a subduction zone, one tectonic plate desc"	2
5691	block_3.after_attention_residual + block_3.after_mlp_residual	4	tokens=[216,2957,2734,460,83]; text="The cotton fiber used in" | tokens=[24,4010,710,170,4060]; text="Tapestries are woven"	4
5692	block_3.after_attention_residual + block_3.after_mlp_residual	4	tokens=[23,4288,2142,2265,139,2899,86,2724]; text="SVG describes graphics with shapes and paths" | tokens=[11,531,46,3480,573,4391]; text="Ferns reproduce using spores"	4
5693	block_3.after_attention_residual + block_3.after_mlp_residual	2	tokens=[829,720,2448,82,3569]; text="An hour consists of sixty"	2
5695	block_3.after_attention_residual + block_3.after_mlp_residual	2	tokens=[7,284,212,103,2158,86,3076,83,61,2077]; text="Bile can be stored and concentrated in the gall"	2
5696	block_3.after_attention_residual + block_3.after_mlp_residual	2	tokens=[6,1989,947,853,212,1217,82,253,309,261,3970]; text="A visible text character can consist of more than one Unicode"	2
5697	block_3.after_attention_residual + block_3.after_mlp_residual	2	tokens=[6,953,864,2134,1367,3580,80,56]; text="A higher sound frequency generally corresponds to a"	2
5698	block_3.after_attention_residual + block_3.after_mlp_residual	2	tokens=[4330,2861,4284,4453,1304,481,86,508,61,2788]; text="Ancient Mesopotamia lay between and around the Tig"	2
5699	block_3.after_attention_residual + block_3.after_mlp_residual	2	tokens=[4448,3648,347,1507,82,56,1336]; text="CSS specifies how elements of a web"	2
5700	block_3.after_attention_residual + block_3.after_mlp_residual	4	tokens=[17,94,1438,170,4018,2550,121,706,1008,61,4069,82,560]; text="Lentils are edible seeds that grow inside the pods of leg" | tokens=[1819,4093,1664,80,61,560]; text="Peanuts belong to the leg"	4
5701	block_3.after_attention_residual + block_3.after_mlp_residual	4	tokens=[10,4286,4327,61,2928,86,1872,963,82]; text="Etymology investigates the origins and historical development of" | tokens=[886,92,63,183,989,87]; text="Onomatopoeic"	4
5702	block_3.after_attention_residual + block_3.after_mlp_residual	48	tokens=[829,865,1309]; text="An object moving" | tokens=[3477,130,2065,240]; text="Earth's axial" | tokens=[3477,130,2065,240,3669,0,867,309]; text="Earth's axial tilt, rather than"	48
5703	block_3.after_attention_residual + block_3.after_mlp_residual	2	tokens=[216,2196,176,2332,495,86,61,1992,118,907,170,712,4364]; text="The Mahabharata and the Ramayana are major Sanskrit"	2
5706	block_3.after_attention_residual + block_3.after_mlp_residual	2	tokens=[395,56,1505,506,0,2192,1728,2639,4333]; text="In a closed system, ordinary chemical reactions conserve"	2
5707	block_3.after_attention_residual + block_3.after_mlp_residual	4	tokens=[6,774,227,323,4114,1433,427,82,328,790]; text="A young kangaroo continues much of its early" | tokens=[10,4286,4327,61,2928,86,1872]; text="Etymology investigates the origins and historical"	4
5708	block_3.after_attention_residual + block_3.after_mlp_residual	2	tokens=[4290,1204,2071,2263,1617,47,68,2303,83,61,303,590]; text="Spanish forces captured Tenochtitlan in the year 15"	2
5711	block_3.after_attention_residual + block_3.after_mlp_residual	2	tokens=[6,3869,958,56,1798,130]; text="A catalyst changes a reaction's"	2
5715	block_3.after_attention_residual + block_3.after_mlp_residual	4	tokens=[3663,2465,1207,4317,2744,0,714,4221,173]; text="Kimchi includes fermented vegetables, often cabbage or" | tokens=[6,599,551,3580,80,2503,1979,173,366,3857]; text="A full turn corresponds to 360 degrees or two pi"	4
5716	block_3.after_attention_residual + block_3.after_mlp_residual	4	tokens=[395,56,1522,2210,0,61,1415,1109,82,56,3505]; text="In a woodcut, the raised areas of a carved" | tokens=[6,2182,169,212,490,1517,3494,958,80,56]; text="A checksum can help detect accidental changes to a"	4
5720	block_3.after_attention_residual + block_3.after_mlp_residual	10	tokens=[216,404,72,3357,2229,775,61,2188,734,82]; text="The Andes Mountains extend along the western side of" | tokens=[1291,2205,219,366,617,2852,638,61,901,1640,86]; text="New Zealand has two main islands called the North Island and" | tokens=[1470,1072,0,114,61,2292,1718,0,113]; text="Seoul, on the Han River, is"	10
5721	block_3.after_attention_residual + block_3.after_mlp_residual	2	tokens=[2399,4212,839,3115,196,61,2732,80,61,2494,400,61,702]; text="Swallowed food travels from the throat to the stomach through the es"	2
5722	block_3.after_attention_residual + block_3.after_mlp_residual	2	tokens=[395,56,1395,1,3228,945,1080,437,0,521,431,82,56,3113]; text="In a double-six domino set, each end of a tile"	2
5723	block_3.after_attention_residual + block_3.after_mlp_residual	6	tokens=[796,4227,314,1440,113,56,3646,3854]; text="Chichen Itza is a Maya archaeological" | tokens=[3609,2504,3386,212,490,4154,1724,56]; text="Pottery fragments can help archaeologists identify a" | tokens=[2731,3348,113,77,3854]; text="Harappa is an archaeological"	6
5729	block_3.after_attention_residual + block_3.after_mlp_residual	2	tokens=[2424,1632,83,61,1378,69,694,61]; text="Muscles in the iris control the"	2
5731	block_3.after_attention_residual + block_3.after_mlp_residual	26	tokens=[3410,719,77,865,484,2722,1688,328,3824,1050]; text="Raising an object against gravity increases its gravitational potential" | tokens=[19,1340,3408,83,61,1303,130,1489,3652,3106,326,4281,86,2350]; text="Nuclear fusion in the Sun's core converts hydrogen into helium and releases" | tokens=[6,1063,351,1736,3168,1023,3652,701,326,2596]; text="A photovoltaic cell converts light into electrical"	26
5733	block_3.after_attention_residual + block_3.after_mlp_residual	2	tokens=[3266,1085,989,130,2633,2885]; text="Daniel Defoe's Robinson Crus"	2
5735	block_3.after_attention_residual + block_3.after_mlp_residual	2	tokens=[26,134,1017,1488,114]; text="Viruses depend on"	2
5736	block_3.after_attention_residual + block_3.after_mlp_residual	4	tokens=[3092,451,2551,113,445,196,61,3005,2291,259]; text="Turmeric powder is made from the dried rhiz" | tokens=[4050,1835,3636,2432,2149,2047,196,1995,80,2576,194]; text="Messenger RNA carries genetic instructions from DNA to ribos"	4
5737	block_3.after_attention_residual + block_3.after_mlp_residual	32	tokens=[1935,2026,43,1026,1284,2137,114,1678,0,2170,72,0,86,287,1461]; text="Many tortoises feed mainly on leaves, grasses, and other plant" | tokens=[216,2136,2615,4239]; text="The worker honeybees" | tokens=[216,1093,999,2743]; text="The Magna Cart"	30
5740	block_3.after_attention_residual + block_3.after_mlp_residual	4	tokens=[1291,2233,87,3274,1566,142,874]; text="New oceanic crust forms as mag" | tokens=[18,137,642,1313,2463,1268,130,1420,113,638,874]; text="Molten rock beneath Earth's surface is called mag"	4
5741	block_3.after_attention_residual + block_3.after_mlp_residual	4	tokens=[1151,140,203,1178,1089,655,196,61]; text="Arteries carry blood away from the" | tokens=[3691,492,636,1089,1298,61]; text="Veins return blood toward the"	4
5742	block_3.after_attention_residual + block_3.after_mlp_residual	2	tokens=[3963,3397,733,2448,82,433,2830,1928,196,1450,4108]; text="Polyethylene consists of long chains formed from ethylene"	2
5744	block_3.after_attention_residual + block_3.after_mlp_residual	2	tokens=[395,77,1969,366,1]; text="In an ideal two-"	2
5745	block_3.after_attention_residual + block_3.after_mlp_residual	2	tokens=[216,1744,1175,3523,203,326,61]; text="The Danube empties into the"	2
5746	block_3.after_attention_residual + block_3.after_mlp_residual	2	tokens=[3946,3173,196,56,3834,212]; text="Moving farther from a pivot can"	2
5747	block_3.after_attention_residual + block_3.after_mlp_residual	2	tokens=[2798,4005,0,341,2601,477,61,1089,2752]; text="Among mosquitoes, only females take the blood meals"	2
5748	block_3.after_attention_residual + block_3.after_mlp_residual	2	tokens=[22,557,4417,735,88,119]; text="Rajendra Prasad"	2
5750	block_3.after_attention_residual + block_3.after_mlp_residual	10	tokens=[13,894,42,150,3994]; text="Hermann Hesse" | tokens=[2699,60,990,2828,351]; text="Anton Chekhov" | tokens=[18,3117,2104,443,526,3953]; text="Murasaki Shikibu"	10
5751	block_3.after_attention_residual + block_3.after_mlp_residual	2	tokens=[2427,92,798,148,906,417]; text="Decomposers break down"	2
5752	block_3.after_attention_residual + block_3.after_mlp_residual	16	tokens=[216,2638,82,56,924,549]; text="The flowers of a fig develop" | tokens=[6,4242,1754,368,86,1749]; text="A piston moves back and forth" | tokens=[17,94,1438,170,4018,2550,121,706]; text="Lentils are edible seeds that grow"	16
5754	block_3.after_attention_residual + block_3.after_mlp_residual	4	tokens=[2667,2005,2142,61,1075,162,267]; text="Tempo describes the speed at which" | tokens=[1738,339,148,83,56,1929,111,384]; text="Performers in a duet make"	4
5755	block_3.after_attention_residual + block_3.after_mlp_residual	2	tokens=[2348,3802,2747,82,77,1969,2382]; text="Parallel branches of an ideal circuit"	2
5756	block_3.after_attention_residual + block_3.after_mlp_residual	2	tokens=[4330,3918,1199,3070,1726,400,56,629,638,81,2763]; text="Ancient Egyptians sometimes preserved bodies through a process called mumm"	2
5757	block_3.after_attention_residual + block_3.after_mlp_residual	2	tokens=[6,1804,255,1739,2316,61,462,3238,86]; text="A palindrome reads the same backward and"	2
5758	block_3.after_attention_residual + block_3.after_mlp_residual	8	tokens=[25,1799,411,185,928,2232,121,3563,2250,173,1225,83,250]; text="UDP does not itself guarantee that packets arrive or remain in their" | tokens=[4265,1333,1210,2604,250]; text="ASCII characters retain their" | tokens=[17,386,547,3255,1235,61]; text="Lossless compression allows the"	8
5759	block_3.after_attention_residual + block_3.after_mlp_residual	2	tokens=[17,1959,252,2589,113,2164,83]; text="Luminous intensity is measured in"	2
5760	block_3.after_attention_residual + block_3.after_mlp_residual	2	tokens=[6,1917,574,219,1212,366,1328]; text="A prime number has exactly two positive"	2
5762	block_3.after_attention_residual + block_3.after_mlp_residual	2	tokens=[3650,1599,842,1,1746,113,61,318]; text="Radioactive half-life is the time"	2
5764	block_3.after_attention_residual + block_3.after_mlp_residual	2	tokens=[15,1666,80,61,1024,1115,61,3692]; text="Journey to the West features the Monkey"	2
5765	block_3.after_attention_residual + block_3.after_mlp_residual	2	tokens=[216,4367,2229,400,762]; text="The Alps extend through several"	2
5766	block_3.after_attention_residual + block_3.after_mlp_residual	2	tokens=[2947,113,56,1082,82,61]; text="English is a member of the"	2
5767	block_3.after_attention_residual + block_3.after_mlp_residual	8	tokens=[6,1023,3591,4169,61,1197,82,2954,326,86,244,82,56]; text="A cell membrane regulates the movement of substances into and out of a" | tokens=[6,1063,351,1736,3168]; text="A photovoltaic" | tokens=[796,1474,3279,1697,170,61]; text="Chloroplasts are the"	8
5769	block_3.after_attention_residual + block_3.after_mlp_residual	2	tokens=[1151,140,203,1178,1089,655,196,61,997,0,2039,82,328,2544]; text="Arteries carry blood away from the heart, regardless of its oxygen"	2
5771	block_3.after_attention_residual + block_3.after_mlp_residual	22	tokens=[395,77,3816,240,1532,1690,0,77,865,139,322,824]; text="In an inertial reference frame, an object with no net" | tokens=[6,2145,3429,1528]; text="A neutral atom contains" | tokens=[3290,1597,4426,0,465,1214,113,61,3824]; text="Mass measures inertia, while weight is the gravitational"	22
5774	block_3.after_attention_residual + block_3.after_mlp_residual	2	tokens=[6,1160,1779,82,1366,1,940,415]; text="A standard deck of French-suited"	2
5775	block_3.after_attention_residual + block_3.after_mlp_residual	2	tokens=[216,1768,2508,1698,270]; text="The ancient Olympic Games were"	2
5776	block_3.after_attention_residual + block_3.after_mlp_residual	2	tokens=[22,176,255,994,378,3089,164]; text="Rabindranath Tagore"	2
5777	block_3.after_attention_residual + block_3.after_mlp_residual	2	tokens=[216,869,163,742,567,958,56,1877,130,1830,2134,306]; text="The Doppler effect changes a wave's observed frequency when"	2
5778	block_3.after_attention_residual + block_3.after_mlp_residual	4	tokens=[3995,422,0,1762,0,86,4136,1664,80,61,100]; text="Animals, plants, and fungi belong to the e" | tokens=[796,177,194,992,1217,82,1995,1319,139,2926,83,100]; text="Chromosomes consist of DNA associated with proteins in e"	4
5780	block_3.after_attention_residual + block_3.after_mlp_residual	2	tokens=[4357,2532,3177,665,3444]; text="Gabriel Garcia Marquez"	2
5781	block_3.after_attention_residual + block_3.after_mlp_residual	2	tokens=[829,186,4379,111,2619,83,879,82,328,1221,212]; text="An exoplanet crossing in front of its star can"	2
5784	block_3.after_attention_residual + block_3.after_mlp_residual	2	tokens=[575,78,260,1040,2103,196,2509,4354,0,465,3792,147,41]; text="Stalactites hang from cave ceilings, while stalagm"	2
5785	block_3.after_attention_residual + block_3.after_mlp_residual	2	tokens=[2319,2325,2189,306,56,3253,1706,113,1980,86,322]; text="Checkmate occurs when a chess king is attacked and no"	2
5787	block_3.after_attention_residual + block_3.after_mlp_residual	2	tokens=[216,1283,4400,236,30,2220,460,3774,80]; text="The Antikythera mechanism used gears to"	2
5788	block_3.after_attention_residual + block_3.after_mlp_residual	4	tokens=[4178,1574,83,715,3406]; text="Gas exchange in human lungs" | tokens=[966,3345,130,165,3969]; text="Shakespeare's The Tempest"	4
5789	block_3.after_attention_residual + block_3.after_mlp_residual	2	tokens=[3911,2441,3200,61,2387,80,3472,456]; text="Howard Carter uncovered the entrance to Tutank"	2
5790	block_3.after_attention_residual + block_3.after_mlp_residual	2	tokens=[2905,4447,3852,88,445,724,1800,145,4179,61,3291,82,165]; text="Alexandre Dumas made Edmond Dantes the protagonist of The"	2
5791	block_3.after_attention_residual + block_3.after_mlp_residual	2	tokens=[216,957,546,86,740,441,77,3382,3141,1,235,663]; text="The words child and children show an irregular singular-plural"	2
5793	block_3.after_attention_residual + block_3.after_mlp_residual	8	tokens=[6,3368,113,1956,425,56,674,130]; text="A prefix is attached before a word's" | tokens=[6,2546,1459,4406,958,83,1984,190,306,621,1890,82,1984,173]; text="A buffer solution resists changes in acidity when small amounts of acid or" | tokens=[216,430,1880,58,113,61,3633]; text="The kelvin is the SI"	8
5794	block_3.after_attention_residual + block_3.after_mlp_residual	4	tokens=[3410,719,77,865,484,2722,1688,328,3824]; text="Raising an object against gravity increases its gravitational" | tokens=[6,3214,1750,1918,3720]; text="A stretched spring stores elastic"	4
5795	block_3.after_attention_residual + block_3.after_mlp_residual	4	tokens=[216,3983,83,1356,31]; text="The witches in Macb" | tokens=[216,3983,83,1356,31,1051,1410,121,1356,31]; text="The witches in Macbeth predict that Macb"	4
5796	block_3.after_attention_residual + block_3.after_mlp_residual	12	tokens=[1834,3783]; text="HTTPS" | tokens=[3226,2737]; text="Limestone" | tokens=[3233,177]; text="Electrom"	12
5797	block_3.after_attention_residual + block_3.after_mlp_residual	4	tokens=[1097,1053,1938,1305,0,704,4190,162,56]; text="At lower external pressure, water boils at a" | tokens=[216,799,30,130,1857,2217,1485,113]; text="The viola's usual lowest string is"	4
5799	block_3.after_attention_residual + block_3.after_mlp_residual	2	tokens=[11,254,113,56,1792,83]; text="Fog is a cloud in"	2
5800	block_3.after_attention_residual + block_3.after_mlp_residual	2	tokens=[6,774,227,323,4114,1433,427,82,328,790,963,1008,328]; text="A young kangaroo continues much of its early development inside its"	2
5801	block_3.after_attention_residual + block_3.after_mlp_residual	2	tokens=[19,264,78,1978,481,1294,80,61,1615,86]; text="Nepal lies between India to the south and"	2
5802	block_3.after_attention_residual + block_3.after_mlp_residual	4	tokens=[1920,3401,1978,1684,80,61,1303,0,3355,219,56,4092]; text="Although Mercury lies closer to the Sun, Venus has a hotter" | tokens=[3650,1599,842,1,1746,113,61,318,1018,124,842,82,56,677,1174,82,2392,3377,3109,38,80,3436,114]; text="Radioactive half-life is the time required for half of a large population of identical unstable nuclei to decay on"	4
5804	block_3.after_attention_residual + block_3.after_mlp_residual	6	tokens=[3379,1423,56,993,1937,86,920,4407,400,56]; text="Sound requires a material medium and cannot propagate through a" | tokens=[6,712,597,119,2448,82,56,1885,0,56,712,935,0,86,56]; text="A major triad consists of a root, a major third, and a" | tokens=[2286,2515,2150,908,113,77,1429,3820,1074,0,185,56]; text="Interplanetary space is an extremely sparse environment, not a"	6
5806	block_3.after_attention_residual + block_3.after_mlp_residual	2	tokens=[6,3095,130,124,2226,2547,1629,131]; text="A snake's forked tongue helps it"	2
5807	block_3.after_attention_residual + block_3.after_mlp_residual	4	tokens=[216,1989,1420,82,61,1303,113,638,61]; text="The visible surface of the Sun is called the" | tokens=[1260,191,3392,212,3227,1298,701,400,56,1081,638]; text="Plant stems can bend toward light through a response called"	4
5808	block_3.after_attention_residual + block_3.after_mlp_residual	2	tokens=[6,1023,43,113,2037]; text="A cello is normally"	2
5809	block_3.after_attention_residual + block_3.after_mlp_residual	2	tokens=[784,621,3676,162,1734,2722,0,56]; text="For small swings at fixed gravity, a"	2
5810	block_3.after_attention_residual + block_3.after_mlp_residual	2	tokens=[6,4083,3366,130,433,2547,1629,131]; text="A giraffe's long tongue helps it"	2
5811	block_3.after_attention_residual + block_3.after_mlp_residual	2	tokens=[2762,4296,130,1145,0,4245,0,2937,46,61,671]; text="Portugal's capital, Lisbon, overlooks the est"	2
5812	block_3.after_attention_residual + block_3.after_mlp_residual	2	tokens=[2890,1,981,4352,1228,1224,537,86]; text="Public-key cryptography uses related public and"	2
5813	block_3.after_attention_residual + block_3.after_mlp_residual	4	tokens=[6,3487,2142,556,83]; text="A metaphor describes something in" | tokens=[216,4234,60,4314,2135,212,103,1928,192,1414,61,366,3149]; text="The Fibonacci sequence can be formed by adding the two preceding"	4
5818	block_3.after_attention_residual + block_3.after_mlp_residual	4	tokens=[3311,1376,1566,56,2680,481,1620,3381,86,61,1938]; text="Human skin forms a barrier between internal tissues and the external" | tokens=[2286,2515,2150,908,113,77,1429,3820]; text="Interplanetary space is an extremely sparse"	4
5819	block_3.after_attention_residual + block_3.after_mlp_residual	6	tokens=[829,865,1309,83,56,2242,2129,340,377,302,328]; text="An object moving in a circle accelerates even if its" | tokens=[829,865,130,4109,987,1688,139,61,1848,82,328]; text="An object's kinetic energy increases with the square of its" | tokens=[395,56,3058,0,225,3860,2322,1122,162,61,462]; text="In a vacuum, all electromagnetic waves travel at the same"	6
5820	block_3.after_attention_residual + block_3.after_mlp_residual	2	tokens=[4000,4294,113,56,3909,114]; text="Mount Fuji is a volcano on"	2
5821	block_3.after_attention_residual + block_3.after_mlp_residual	2	tokens=[9,2610,130,2671,3446,1681,56,1919,400,1700,0,4468]; text="Dante's Divine Comedy follows a journey through Hell, Purg"	2
5822	block_3.after_attention_residual + block_3.after_mlp_residual	2	tokens=[3684,74,4387,170,445,192]; text="Rolled oats are made by"	2
5823	block_3.after_attention_residual + block_3.after_mlp_residual	46	tokens=[8,3219,170]; text="Cells are" | tokens=[8,3219,170,61,1355,2697,1543,82]; text="Cells are the basic structural units of" | tokens=[8,108,52]; text="Coty"	46
5824	block_3.after_attention_residual + block_3.after_mlp_residual	2	tokens=[395,56,1395,1,3228,945]; text="In a double-six dom"	2
5825	block_3.after_attention_residual + block_3.after_mlp_residual	6	tokens=[1260,191,3392,212,3227,1298,701,400,56]; text="Plant stems can bend toward light through a" | tokens=[22,2754,2185,706,3337,83]; text="Roots commonly grow downward in" | tokens=[21,3199,2875,3748,2681,809,531,1330,83]; text="Pablo Picasso painted Guernica in"	6
5827	block_3.after_attention_residual + block_3.after_mlp_residual	2	tokens=[3316,201,91,1166,2218,56,1595,3943,2200,139,77,3193]; text="Combustion usually involves a fuel reacting rapidly with an oxid"	2
5828	block_3.after_attention_residual + block_3.after_mlp_residual	2	tokens=[4030,2688,2605,2537,464,2681,61,3178,789,142,61]; text="Leonardo da Vinci painted the portrait known as the"	2
5830	block_3.after_attention_residual + block_3.after_mlp_residual	2	tokens=[6,2204,3326,328,372]; text="A stack removes its most"	2
5831	block_3.after_attention_residual + block_3.after_mlp_residual	2	tokens=[15,554,562,72,1468,593,62,130,1991,139,56,3172]; text="Johannes Vermeer's Girl with a Pearl"	2
5832	block_3.after_attention_residual + block_3.after_mlp_residual	2	tokens=[26,4271,1685,662,209,2681,165]; text="Vincent van Gogh painted The"	2
5833	block_3.after_attention_residual + block_3.after_mlp_residual	12	tokens=[1260,2536,113,61,2098,1901,82,715]; text="Plasma is the liquid portion of human" | tokens=[1578,77,3224,3627,130,519,2554,0,366,2199]; text="Of an octopus's three hearts, two pump" | tokens=[2931,144,1152,569,1574,481,61]; text="Capillaries allow exchange between the"	12
5834	block_3.after_attention_residual + block_3.after_mlp_residual	4	tokens=[216,2957,2734,460,83,947]; text="The cotton fiber used in text" | tokens=[24,4010,710,170,4060,947]; text="Tapestries are woven text"	4
5835	block_3.after_attention_residual + block_3.after_mlp_residual	2	tokens=[6,1290,596,3485,1830,1350,139,77]; text="A software test compares observed behavior with an"	2
5836	block_3.after_attention_residual + block_3.after_mlp_residual	6	tokens=[2826,62,1472,3901,569,701,80,1148,61]; text="Longer camera exposures allow light to reach the" | tokens=[21,2401,1913,1106,547]; text="PNG supports lossless" | tokens=[1983,2363,129,1185,1036,762,1796,82,61]; text="Edvard Munch created several versions of the"	6
5838	block_3.after_attention_residual + block_3.after_mlp_residual	2	tokens=[1667,262,2902,1762,1262,704,83,1836]; text="Succulent plants store water in thick"	2
5839	block_3.after_attention_residual + block_3.after_mlp_residual	2	tokens=[216,375,141,89,30,83,61,2139,483,1528,3498,1493]; text="The cochlea in the inner ear contains sensory cells"	2
5840	block_3.after_attention_residual + block_3.after_mlp_residual	2	tokens=[796,228,89,338,212,578,250,366]; text="Chameleons can direct their two"	2
5842	block_3.after_attention_residual + block_3.after_mlp_residual	2	tokens=[4097,1059,113,61,1145,82,2008,0,114,61,1718,184,365]; text="Dublin is the capital of Ireland, on the River Liff"	2
5843	block_3.after_attention_residual + block_3.after_mlp_residual	10	tokens=[2099,461,75,4249,379,3164,80,893,2933,701,80,56]; text="Refracting telescopes use lenses to bring incoming light to a" | tokens=[829,2980,130,2578,2252,113,61,1420,1349,1173,830,328]; text="An earthquake's epicenter is the surface location directly above its" | tokens=[2099,390,75,4249,1062,86]; text="Reflecting telescopes collect and"	10
5845	block_3.after_attention_residual + block_3.after_mlp_residual	2	tokens=[2443,63,3415,170,81]; text="Wheat grains are m"	2
5847	block_3.after_attention_residual + block_3.after_mlp_residual	2	tokens=[3420,71,3638,1006,61,2969,2533,129,1715]; text="Victor Hugo wrote the novels Les Miser"	2
5849	block_3.after_attention_residual + block_3.after_mlp_residual	2	tokens=[7,1164,1105,2056,1943,46,61]; text="Binary search repeatedly narrows the"	2
5851	block_3.after_attention_residual + block_3.after_mlp_residual	4	tokens=[216,109,1444,119,2390,114]; text="The Iliad centers on" | tokens=[216,1477,34,1061,3038,174,278,3764]; text="The Bayeux Tapestry depicts"	4
5853	block_3.after_attention_residual + block_3.after_mlp_residual	2	tokens=[395,56,1522,2210,0,61,1415]; text="In a woodcut, the raised"	2
5855	block_3.after_attention_residual + block_3.after_mlp_residual	2	tokens=[3910,885,3083,486,3444]; text="Diego Velazquez"	2
5856	block_3.after_attention_residual + block_3.after_mlp_residual	2	tokens=[216,3504,3693,1432,113,2548,608,196,61,790]; text="The cosmic microwave background is radiation left from the early"	2
5857	block_3.after_attention_residual + block_3.after_mlp_residual	8	tokens=[6,2368,896,1,3447,1471,219,1860,1861]; text="A conventional six-sided die has opposite faces" | tokens=[21,1693,450,170,3526,4463,1701]; text="Pulsars are rotating neutron stars" | tokens=[3675,4134,566,1879]; text="Islamic geometric art frequently"	8
5858	block_3.after_attention_residual + block_3.after_mlp_residual	2	tokens=[24,1457,4045,1337,3085,1493,121]; text="Taste buds contain receptor cells that"	2
5859	block_3.after_attention_residual + block_3.after_mlp_residual	6	tokens=[4434,2202,327,130,153,2654,75,3300]; text="Emily Bronte's Wuthering Heights" | tokens=[15,1666,80,61,1024]; text="Journey to the West" | tokens=[4218,974,66,130,3407,86,1288,2398,243]; text="Jane Austen's Pride and Prejudice"	6
5861	block_3.after_attention_residual + block_3.after_mlp_residual	2	tokens=[216,1312,4228,162,181,3512,156,1153,124,61,420,3949,1605]; text="The Great Pyramid at Giza was built for the pharaoh Kh"	2
5862	block_3.after_attention_residual + block_3.after_mlp_residual	4	tokens=[3837,4361,1119,649,324,86,599,3859,0,306,1843,86,3618,4209]; text="Spring tides occur near new and full moons, when solar and lunar tidal" | tokens=[4373,4361,170,2078,2137,192,61,3824]; text="Ocean tides are driven mainly by the gravitational"	4
5865	block_3.after_attention_residual + block_3.after_mlp_residual	6	tokens=[17,133,1513,2968,1228,61,541,1350,82]; text="Lithography traditionally uses the different behavior of" | tokens=[23,3955,2550,170,460,884,83,2437,86,2564,80,1426]; text="Sesame seeds are used whole in cooking and pressed to produce" | tokens=[13,230,167,780,130,1312,3059,113,56,1522,2340,1243,0,185,77]; text="Hokusai's Great Wave is a woodblock print, not an"	6
5866	block_3.after_attention_residual + block_3.after_mlp_residual	4	tokens=[1967,295,667,4087,2322,212]; text="Compressional seismic waves can" | tokens=[395,56,3058,0,225,3860,2322]; text="In a vacuum, all electromagnetic waves"	4
5867	block_3.after_attention_residual + block_3.after_mlp_residual	2	tokens=[4197,3078,212,1426,61,462,2585,817,0,56]; text="Different inputs can produce the same hash value, a"	2
5869	block_3.after_attention_residual + block_3.after_mlp_residual	2	tokens=[6,1374,820,3354,56,1692,3534,690,56,4471,1886]; text="A primary key identifies a row uniquely within a relational database"	2
5870	block_3.after_attention_residual + block_3.after_mlp_residual	4	tokens=[216,838,439,544,35,3354,61]; text="The treble clef identifies the" | tokens=[216,2636,544,35,2191,61]; text="The bass clef marks the"	4
5872	block_3.after_attention_residual + block_3.after_mlp_residual	2	tokens=[2892,3565,1183,561,2032,311]; text="Multiplication distributes over"	2
5873	block_3.after_attention_residual + block_3.after_mlp_residual	2	tokens=[395,1160,2855,2519,0,521,1692,0,1686,0,86,519,1,664,1,2923]; text="In standard Sudoku, each row, column, and three-by-three"	2
5874	block_3.after_attention_residual + block_3.after_mlp_residual	2	tokens=[1659,141,926,1426,3578,621,2550,121]; text="Orchids produce exceptionally small seeds that"	2
5875	block_3.after_attention_residual + block_3.after_mlp_residual	2	tokens=[1291,2233,87,3274,1566,142,874,996,1245,46,162]; text="New oceanic crust forms as magma cools at"	2
5876	block_3.after_attention_residual + block_3.after_mlp_residual	4	tokens=[6,1160,599,1,2062,662]; text="A standard full-size Go" | tokens=[1593,801,583,2864,114,4251,867,309,1008,61]; text="Go players place stones on intersections rather than inside the"	4
5877	block_3.after_attention_residual + block_3.after_mlp_residual	2	tokens=[3684,74,4387,170,445,192,1078,1279,86,3703]; text="Rolled oats are made by steaming and flatt"	2
5878	block_3.after_attention_residual + block_3.after_mlp_residual	4	tokens=[3872,3611,584,400,474,2064,0,1620,2821,0,86,1458,1900,82,3243,83,704]; text="Rainbows form through refraction, internal reflection, and dispersion of sunlight in water" | tokens=[3201,46,1217,82,1921,2098]; text="Clouds consist of tiny liquid"	4
5880	block_3.after_attention_residual + block_3.after_mlp_residual	2	tokens=[3919,195,2354,4081,1166,549,83,1558,173]; text="Mosquito larvae usually develop in standing or"	2
5881	block_3.after_attention_residual + block_3.after_mlp_residual	2	tokens=[4180,113,77,1910,1]; text="Steel is an iron-"	2
5882	block_3.after_attention_residual + block_3.after_mlp_residual	4	tokens=[7,58,4079,46,872,56,1449,3171]; text="Binoculars provide a separate optical" | tokens=[6,55,177,2959,2418,958,61,1363,82,61,2194,130,695]; text="A trombone slide changes the length of the instrument's air"	4
5884	block_3.after_attention_residual + block_3.after_mlp_residual	2	tokens=[3552,2496,2202,327,1006,2568,3394,59,369,61]; text="Charlotte Bronte wrote Jane Eyre under the"	2
5887	block_3.after_attention_residual + block_3.after_mlp_residual	6	tokens=[2637,144,175,3399,614,1392,196,418,621,3483,82]; text="Pointillist paintings build images from many small dots of" | tokens=[395,3253,0,56,3540,2846,114,3550,82,61,462]; text="In chess, a bishop stays on squares of the same" | tokens=[796,1474,3051,93,1244,418,1678,250,3022,1352]; text="Chlorophyll gives many leaves their characteristic green"	6
5889	block_3.after_attention_residual + block_3.after_mlp_residual	40	tokens=[13,1689,38,113,61]; text="Hanoi is the" | tokens=[19,3147,2144,2239,142,61]; text="Nairobi serves as the" | tokens=[22,176,63,113,61]; text="Rabat is the"	40
5890	block_3.after_attention_residual + block_3.after_mlp_residual	8	tokens=[3670,56,3503,1885,2385,72,2735,75,124,512]; text="Taking a cube root reverses cubing for real" | tokens=[773,170,3904,418,1917]; text="There are infinitely many prime" | tokens=[216,726,82,366,1464,512]; text="The product of two negative real"	8
5892	block_3.after_attention_residual + block_3.after_mlp_residual	2	tokens=[2826,62,1472,3901,569,701,80]; text="Longer camera exposures allow light to"	2
5893	block_3.after_attention_residual + block_3.after_mlp_residual	2	tokens=[3218,96,1320,737,250]; text="Water lilies hold their"	2
5896	block_3.after_attention_residual + block_3.after_mlp_residual	2	tokens=[3606,1241,2185,3349,4301,1966,139,61,85,134,147,907,86,227,63,213,907,3708,176]; text="Japanese writing commonly combines kanji with the hiragana and katakana syllab"	2
5897	block_3.after_attention_residual + block_3.after_mlp_residual	20	tokens=[3963,2462,1337,433,2830,173,2038]; text="Polymers contain long chains or networks" | tokens=[4330,2774,420,3949,46]; text="Ancient Egyptian pharaohs" | tokens=[216,876,3500,1606,113,56,868]; text="The World Wide Web is a service"	20
5899	block_3.after_attention_residual + block_3.after_mlp_residual	4	tokens=[6,2173,2175,3303,56]; text="A hyperlink connects a" | tokens=[3770,2142,61,1469,82,56,1336]; text="HTML describes the structure of a web"	4
5900	block_3.after_attention_residual + block_3.after_mlp_residual	2	tokens=[2238,4099,87,2624,549,306,1473,2624,653,369,1520,86,1305,559]; text="Metamorphic rocks develop when existing rocks change under heat and pressure without"	2
5901	block_3.after_attention_residual + block_3.after_mlp_residual	12	tokens=[6,760,591,2185,2191,61,431,82,56,578]; text="A question mark commonly marks the end of a direct" | tokens=[4290,1228,77,4070,760,591,162,61,1280,82,56]; text="Spanish uses an inverted question mark at the beginning of a" | tokens=[2780,4353,52,3166,61,1566,82]; text="Calligraphy treats the forms of"	12
5902	block_3.after_attention_residual + block_3.after_mlp_residual	4	tokens=[3998,3273,1228,56,2083,80]; text="Crochet uses a hook to" | tokens=[891,61,986,1839,3458,41,2160,0,131,1629]; text="When the diaphragm contracts, it helps"	4
5904	block_3.after_attention_residual + block_3.after_mlp_residual	2	tokens=[2975,223,3190,0,56]; text="Without jokers, a"	2
5905	block_3.after_attention_residual + block_3.after_mlp_residual	2	tokens=[1291,2233,87,3274,1566,142,874,996,1245,46,162,1131,1,43,1708,1694]; text="New oceanic crust forms as magma cools at mid-ocean rid"	2
5907	block_3.after_attention_residual + block_3.after_mlp_residual	4	tokens=[6,528,588,214,2466]; text="A metronome produces" | tokens=[2427,107,1671,1946,2866,250,1678,530,56]; text="Deciduous trees shed their leaves during a"	4
5909	block_3.after_attention_residual + block_3.after_mlp_residual	2	tokens=[784,621,3676,162,1734,2722,0,56,1065,4302,2811,3676,253,1807,306,328,1363,113]; text="For small swings at fixed gravity, a simple pendulum swings more slowly when its length is"	2
5910	block_3.after_attention_residual + block_3.after_mlp_residual	4	tokens=[395,1240,0,61,3474,82,2365,113]; text="In English, the plural of mouse is" | tokens=[21,102,1302,113,445,192,4073,2067,2525,82,1522,0]; text="Plywood is made by bonding thin layers of wood,"	4
5911	block_3.after_attention_residual + block_3.after_mlp_residual	2	tokens=[12,3052,1849,1701,0,1249,0,2212,0,86]; text="Gravity holds stars, gas, dust, and"	2
5912	block_3.after_attention_residual + block_3.after_mlp_residual	4	tokens=[1604,4276,2653,3968,574,530,61]; text="Meiosis reduces chromosome number during the" | tokens=[2798,4005,0,341,2601,477,61,1089,2752,1003,192,418,1475,124,1729]; text="Among mosquitoes, only females take the blood meals needed by many species for egg"	4
5914	block_3.after_attention_residual + block_3.after_mlp_residual	4	tokens=[4357,2532,3177,665,3444,1036,61,3256]; text="Gabriel Garcia Marquez created the fictional" | tokens=[21,3199,2875,3748,2681,809,531,1330,83,1081,80,61,2720,82,56,2069]; text="Pablo Picasso painted Guernica in response to the bombing of a Spanish"	4
5917	block_3.after_attention_residual + block_3.after_mlp_residual	16	tokens=[6,1023,3591,4169]; text="A cell membrane regulates" | tokens=[829,2980,130,2578,2252,113,61,1420,1349]; text="An earthquake's epicenter is the surface location" | tokens=[4330,2861,4284,4453]; text="Ancient Mesopotamia"	16
5918	block_3.after_attention_residual + block_3.after_mlp_residual	2	tokens=[3650,1599,842,1,1746,113,61,318,1018,124,842,82,56,677]; text="Radioactive half-life is the time required for half of a large"	2
5919	block_3.after_attention_residual + block_3.after_mlp_residual	4	tokens=[4132,2745,0,61,1145,82,3080,0,1978,114,61,1744]; text="Vienna, the capital of Austria, lies on the Dan" | tokens=[4171,276,130,1145,0,4216,0,4157,518,1805,82,61,1744]; text="Hungary's capital, Budapest, occupies both banks of the Dan"	4
5921	block_3.after_attention_residual + block_3.after_mlp_residual	2	tokens=[3946,4199,212,4057,1149,4280,139,222,1,3028]; text="Moving glaciers can carve broad valleys with U-shaped"	2
5922	block_3.after_attention_residual + block_3.after_mlp_residual	4	tokens=[3218,2087,3905,379,704,80]; text="Watercolor paints use water to" | tokens=[3233,2581,1178,1464,1577,1311,0,465,563,338]; text="Electrons carry negative electric charge, while protons"	4
5923	block_3.after_attention_residual + block_3.after_mlp_residual	2	tokens=[1142,43,3275,97,361,130,761,86,2634,1207,61,2800,917,2248,2535,82]; text="Leo Tolstoy's War and Peace includes the Napoleonic invasion of"	2
5924	block_3.after_attention_residual + block_3.after_mlp_residual	4	tokens=[216,2283,3637,72,584,56]; text="The Pyrenees form a" | tokens=[1540,60,289,212,1426,677,3588,296,306,56,506,113,2078,649,56]; text="Resonance can produce large oscillations when a system is driven near a"	4
5925	block_3.after_attention_residual + block_3.after_mlp_residual	2	tokens=[4330,2436,212,2050,3584,0,2803,0,86,2016,82]; text="Ancient coins can reveal rulers, symbols, and patterns of"	2
5928	block_3.after_attention_residual + block_3.after_mlp_residual	8	tokens=[2757,3800,1255,1247,83]; text="Semantics studies meaning in" | tokens=[6,3056,3516,56,630,196,261]; text="A compiler translates a program from one" | tokens=[1987,952,113,61,715,1,4362,584,82,2047,1157,83,56,2125]; text="Source code is the human-readable form of instructions written in a programming"	8
5929	block_3.after_attention_residual + block_3.after_mlp_residual	2	tokens=[3420,71,3638,1006,61,2969,2533,129,1715,1103,86,165,150]; text="Victor Hugo wrote the novels Les Miserables and The H"	2
5930	block_3.after_attention_residual + block_3.after_mlp_residual	2	tokens=[6,1652,113,56,1722]; text="A tree is a connected"	2
5932	block_3.after_attention_residual + block_3.after_mlp_residual	2	tokens=[395,56,1522,2210,0,61,1415,1109,82,56,3505,972]; text="In a woodcut, the raised areas of a carved block"	2
5933	block_3.after_attention_residual + block_3.after_mlp_residual	4	tokens=[216,1312,3535,1825,775,317,82,61,1512,481]; text="The Great Lakes lie along part of the border between" | tokens=[216,3555,3357,2229,400,2188]; text="The Rocky Mountains extend through western"	4
5934	block_3.after_attention_residual + block_3.after_mlp_residual	2	tokens=[1141,87,511,4386,952,882,80,1210,460,83,418,1241]; text="Unicode assigns code points to characters used in many writing"	2
5935	block_3.after_attention_residual + block_3.after_mlp_residual	2	tokens=[9,3934,91,2952,1178,1281,3929,121]; text="Dandelion fruits carry fine hairs that"	2
5937	block_3.after_attention_residual + block_3.after_mlp_residual	8	tokens=[2520,1791,2091,1566,192,3822]; text="Origami creates forms by folding" | tokens=[6,312,1443,652,113,445,192,2428,86,3511,1943,3465,82]; text="A quilling design is made by rolling and shaping narrow strips of" | tokens=[8,3425,113,77]; text="Cuba is an"	8
5938	block_3.after_attention_residual + block_3.after_mlp_residual	2	tokens=[4116,3133,1763,306,56,2766,2269,4264]; text="Germination begins when a viable seed resumes"	2
5939	block_3.after_attention_residual + block_3.after_mlp_residual	2	tokens=[3266,1085,989,130,2633,2885,989,2142,56]; text="Daniel Defoe's Robinson Crusoe describes a"	2
5940	block_3.after_attention_residual + block_3.after_mlp_residual	8	tokens=[28,930,41,2432,704,196,2475,1298,61,1867]; text="Xylem carries water from roots toward the upper" | tokens=[216,3926,1899,1978,481,3805,268,86]; text="The Baltic Sea lies between Scandinavia and" | tokens=[2572,768,268,2822,811,2133]; text="Patagonia extends across southern"	8
5941	block_3.after_attention_residual + block_3.after_mlp_residual	12	tokens=[4095,1701,379,1814,2608,1251,124]; text="Sea stars use numerous tube feet for" | tokens=[6,1023,3591,4169,61]; text="A cell membrane regulates the" | tokens=[1906,3815,571,196,1499]; text="Most earthquakes result from sudden"	12
5942	block_3.after_attention_residual + block_3.after_mlp_residual	2	tokens=[6,528,588,214,2466,1163,4101,121,3071,379,80]; text="A metronome produces regular pulses that musicians use to"	2
5944	block_3.after_attention_residual + block_3.after_mlp_residual	2	tokens=[1858,3538,2189,306,56,2180,389]; text="Recursion occurs when a procedure inv"	2
5945	block_3.after_attention_residual + block_3.after_mlp_residual	2	tokens=[216,2509,3399,162,184]; text="The cave paintings at L"	2
5947	block_3.after_attention_residual + block_3.after_mlp_residual	14	tokens=[216,1203,4146,87]; text="The term pizzic" | tokens=[216,3898,113,1463]; text="The mantle is mostly" | tokens=[12,3352,113,3759]; text="Ghee is clarified"	14
5948	block_3.after_attention_residual + block_3.after_mlp_residual	2	tokens=[1116,58,2565,2346,3349,2346,139,4085,121,1629,1380,2482,284]; text="Reinforced concrete combines concrete with reinforcement that helps resist tensile"	2
5949	block_3.after_attention_residual + block_3.after_mlp_residual	2	tokens=[4151,53,4382,130,165]; text="Franz Kafka's The"	2
5950	block_3.after_attention_residual + block_3.after_mlp_residual	4	tokens=[4116,3133,1763,306,56,2766,2269,4264,1194,369,2467]; text="Germination begins when a viable seed resumes growth under suitable" | tokens=[2629,659,113,56,2927,1249,121,3830,341,139,497,2174,369,2192]; text="Helium is a noble gas that reacts only with great difficulty under ordinary"	4
5951	block_3.after_attention_residual + block_3.after_mlp_residual	8	tokens=[3217,1663,4143,130,3285,1640]; text="Robert Louis Stevenson's Treasure Island" | tokens=[3222,49,1934,145,1974,130,165,2279,2706,82,2772]; text="Salvador Dali's The Persistence of Memory" | tokens=[216,1312,1546,82,1057]; text="The Great Wall of China"	8
5952	block_3.after_attention_residual + block_3.after_mlp_residual	2	tokens=[4151,53,4382,130,165,1205,4099,1732,1763,139,2153,71]; text="Franz Kafka's The Metamorphosis begins with Gregor"	2
5953	block_3.after_attention_residual + block_3.after_mlp_residual	2	tokens=[21,242,1946,197,1943,1678,2185]; text="Pine trees have narrow leaves commonly"	2
5954	block_3.after_attention_residual + block_3.after_mlp_residual	4	tokens=[1141,87,511,4386,952,882,80]; text="Unicode assigns code points to" | tokens=[2780,4353,52,3166,61,1566,82,1157]; text="Calligraphy treats the forms of written"	4
5955	block_3.after_attention_residual + block_3.after_mlp_residual	4	tokens=[6,54,447,455,1555,1235,4137,2753,309,61,617,1555]; text="A vernier scale allows finer measurements than the main scale" | tokens=[4421,56,943,130,634]; text="Changing a file's name"	4
5956	block_3.after_attention_residual + block_3.after_mlp_residual	2	tokens=[17,386,547,3255,1235,61,1014,609,80,103,4459]; text="Lossless compression allows the original data to be reconstructed"	2
5957	block_3.after_attention_residual + block_3.after_mlp_residual	6	tokens=[1097,1147,1011,2511]; text="Atoms share electron" | tokens=[829,1240,4033,65]; text="An English contraction o" | tokens=[18,3908,2875,4370,156,1153,192,61]; text="Machu Picchu was built by the"	6
5958	block_3.after_attention_residual + block_3.after_mlp_residual	12	tokens=[2331,125,1154,170,2819,82,1492,121,639,369,250,436]; text="Glaciers are masses of ice that move under their own" | tokens=[3948,588,3107,83,2684,570]; text="Astronauts in orbit feel" | tokens=[3290,1597,4426,0,465]; text="Mass measures inertia, while"	12
5959	block_3.after_attention_residual + block_3.after_mlp_residual	4	tokens=[216,838,439,544,35,3354,61,1126,691,2167,80,61]; text="The treble clef identifies the staff line assigned to the" | tokens=[216,2636,544,35,2191,61,1126,691,2167,80,61]; text="The bass clef marks the staff line assigned to the"	4
5960	block_3.after_attention_residual + block_3.after_mlp_residual	4	tokens=[4457,704,4190,162,1863,261]; text="Pure water boils at approximately one" | tokens=[6,1719,3722,56,2562,142,56,574,82]; text="A percentage expresses a quantity as a number of"	4
5961	block_3.after_attention_residual + block_3.after_mlp_residual	4	tokens=[3287,345,130,1742,2760]; text="Saturn's bright rings" | tokens=[6,1989,947,853,212]; text="A visible text character can"	4
5965	block_3.after_attention_residual + block_3.after_mlp_residual	12	tokens=[829,186,4379,111,2619,83,879,82,328]; text="An exoplanet crossing in front of its" | tokens=[829,186,4379,111,2619,83,879,82,328,1221,212,1037,56,4210,3239,83,61]; text="An exoplanet crossing in front of its star can cause a measurable dip in the" | tokens=[2115,77,383,113,1277,124,61]; text="Star anise is named for the"	12
5966	block_3.after_attention_residual + block_3.after_mlp_residual	4	tokens=[216,2794,82,77,1767,604,113,328]; text="The median of an ordered list is its" | tokens=[216,2794,82,77,1767,604,113,328,1222,817,173,61,682,82,328,366]; text="The median of an ordered list is its middle value or the mean of its two"	4
5968	block_3.after_attention_residual + block_3.after_mlp_residual	4	tokens=[2890,1,981,4352,1228]; text="Public-key cryptography uses" | tokens=[216,2347,2896,2084,2432]; text="The Rosetta Stone carries"	4
5969	block_3.after_attention_residual + block_3.after_mlp_residual	2	tokens=[25,1799,411,185,928,2232,121,3563,2250,173]; text="UDP does not itself guarantee that packets arrive or"	2
5973	block_3.after_attention_residual + block_3.after_mlp_residual	2	tokens=[23,1915,329,313,3433,2564,4017,1,3028,2191,326,3393,80]; text="Sumerian scribes pressed wedge-shaped marks into clay to"	2
5974	block_3.after_attention_residual + block_3.after_mlp_residual	2	tokens=[6,1804,255,1739,2316,61,462,3238,86,1013,369,328,1945]; text="A palindrome reads the same backward and forward under its chosen"	2
5975	block_3.after_attention_residual + block_3.after_mlp_residual	2	tokens=[216,2541,3647,854,156]; text="The Sydney Opera House was"	2
5976	block_3.after_attention_residual + block_3.after_mlp_residual	2	tokens=[216,2019,4036,739,82,2263,1617,47,68,2303,1780,114,77,1925,83,1785]; text="The Aztec city of Tenochtitlan stood on an island in Lake"	2
5978	block_3.after_attention_residual + block_3.after_mlp_residual	2	tokens=[3773,4363,437,112,3084,82,1531,3334,83]; text="Charles Dickens set A Tale of Two Cities in"	2
5979	block_3.after_attention_residual + block_3.after_mlp_residual	2	tokens=[6,54,447,455,1555]; text="A vernier scale"	2
5980	block_3.after_attention_residual + block_3.after_mlp_residual	2	tokens=[2348,3802,2747,82,77,1969,2382,1011,61,462,2867]; text="Parallel branches of an ideal circuit share the same voltage"	2
5981	block_3.after_attention_residual + block_3.after_mlp_residual	2	tokens=[1906,668,926,1400,306,3047,0]; text="Most solids expand when heated,"	2
5982	block_3.after_attention_residual + block_3.after_mlp_residual	8	tokens=[575,2384,4353,52,3741,2525,82,3151,86,250]; text="Stratigraphy examines layers of deposits and their" | tokens=[24,226,2248,2709,639,1807]; text="Tectonic plates move slowly" | tokens=[216,869,163,742,567,958,56,1877,130,1830,2134,306,1033,86,3478,639]; text="The Doppler effect changes a wave's observed frequency when source and observer move"	8
5984	block_3.after_attention_residual + block_3.after_mlp_residual	6	tokens=[6,760,591,2185,2191,61,431,82,56,578,1157,760,83]; text="A question mark commonly marks the end of a direct written question in" | tokens=[216,957,546,86,740,441,77,3382,3141,1,235,663,1047,83]; text="The words child and children show an irregular singular-plural relationship in" | tokens=[829,3181,3461,212,591,3456,1999,83,77]; text="An apostrophe can mark omitted letters in an"	6
5985	block_3.after_attention_residual + block_3.after_mlp_residual	4	tokens=[1141,87,511,4386,952,882,80,1210,460,83,418]; text="Unicode assigns code points to characters used in many" | tokens=[13,323,160,113,61]; text="Hangul is the"	4
5986	block_3.after_attention_residual + block_3.after_mlp_residual	2	tokens=[6,2368,896,1,3447,1471,219,1860,1861,1113,1300,373,80]; text="A conventional six-sided die has opposite faces whose values add to"	2
5987	block_3.after_attention_residual + block_3.after_mlp_residual	4	tokens=[829,754,198,505,2466]; text="An engraving produces" | tokens=[13,230,167,780,130,1312,3059,113,56,1522,2340]; text="Hokusai's Great Wave is a woodblock"	4
5988	block_3.after_attention_residual + block_3.after_mlp_residual	2	tokens=[9,716,75,1851,192,56,732,3459,574]; text="Dividing zero by a nonzero number"	2
5989	block_3.after_attention_residual + block_3.after_mlp_residual	6	tokens=[1291,2233,87,3274,1566,142,874,996]; text="New oceanic crust forms as magma" | tokens=[14,36,352,252,2624,584,306,4303,993]; text="Igneous rocks form when molten material" | tokens=[2889,241,1907,82,2919,1629]; text="Evaporation of sweat helps"	6
5990	block_3.after_attention_residual + block_3.after_mlp_residual	2	tokens=[216,2893,2645,1928,77,2387,80,61,1768,2916,1912,82,825,32,66]; text="The Lion Gate formed an entrance to the ancient citadel of Mycen"	2
5991	block_3.after_attention_residual + block_3.after_mlp_residual	4	tokens=[6,1220,4142,1590,61,462,142,545,674,224,212,2702,83]; text="A homophone sounds the same as another word but can differ in" | tokens=[6,1773,1576,113,56,674,139,56]; text="A synonym is a word with a"	4
5993	block_3.after_attention_residual + block_3.after_mlp_residual	16	tokens=[21,352,3024,1523,379,3608]; text="Pneumatic tools use compressed" | tokens=[12,3052,1849,1701,0]; text="Gravity holds stars," | tokens=[2629,659,113,56,2927]; text="Helium is a noble"	16
5994	block_3.after_attention_residual + block_3.after_mlp_residual	10	tokens=[6,1160,3253,1226,219,3569,1,2801,3550,2860,83]; text="A standard chessboard has sixty-four squares arranged in" | tokens=[6,1160,3253,1226,219,3569,1,2801,3550,2860,83,1250,2900,86]; text="A standard chessboard has sixty-four squares arranged in eight rows and" | tokens=[6,3503,219,896,1861,0,2777,2672,0,86]; text="A cube has six faces, twelve edges, and"	10
5995	block_3.after_attention_residual + block_3.after_mlp_residual	2	tokens=[4095,1701,379,1814,2608]; text="Sea stars use numerous tube"	2
5996	block_3.after_attention_residual + block_3.after_mlp_residual	2	tokens=[7,806,82,61,2814,584,56,2781,600,508,61]; text="Bones of the skull form a protective case around the"	2
5997	block_3.after_attention_residual + block_3.after_mlp_residual	2	tokens=[891,56,3253,3811,2584,61,2887]; text="When a chess pawn reaches the fart"	2
6000	block_3.after_attention_residual + block_3.after_mlp_residual	6	tokens=[216,1303,113,61,1221,162,61]; text="The Sun is the star at the" | tokens=[216,3277,82,3877,44,2146,2579,317,82,77,112,2526,2207,107,3428,4170]; text="The ruins of Persepolis preserve part of an Achaemenid Persian ceremonial" | tokens=[216,3295,82,2106,3183,1788,882,1298,61,2242,130]; text="The acceleration of uniform circular motion points toward the circle's"	6
6001	block_3.after_attention_residual + block_3.after_mlp_residual	2	tokens=[216,4261,118,88,1449,61,3892,3515,275,196,61,1325,408]; text="The Himalayas separate the Tibetan Plateau from the Indian sub"	2
6003	block_3.after_attention_residual + block_3.after_mlp_residual	2	tokens=[829,1613,506,2906,1364,1518,192]; text="An operating system manages resources shared by"	2
6005	block_3.after_attention_residual + block_3.after_mlp_residual	2	tokens=[216,3718,1125,1591,1784,1728,1507,83,658,82]; text="The periodic table arranges chemical elements in order of"	2
6006	block_3.after_attention_residual + block_3.after_mlp_residual	4	tokens=[829,2856,1936,113,56,4246,2342,121,212]; text="An aquifer is a geological formation that can" | tokens=[6,3738,265,1837,212]; text="A rechargeable battery can"	4
6008	block_3.after_attention_residual + block_3.after_mlp_residual	2	tokens=[216,1768,739,82,707,108,4423,4472,1794,3545,82]; text="The ancient city of Teotihuacan stands northeast of"	2
6009	block_3.after_attention_residual + block_3.after_mlp_residual	4	tokens=[3966,3897,363,113,1367,3808,62,309,1705,3897,363,82,61,462]; text="Cold seawater is generally denser than warm seawater of the same" | tokens=[1712,371,281,670,911,4088,0,80,1675,0]; text="Amphibians include frogs, toads,"	4
6010	block_3.after_attention_residual + block_3.after_mlp_residual	4	tokens=[829,4258,234,1228,328]; text="An ostrich uses its" | tokens=[6,888,4133,113,56]; text="A supernova is a"	4
6012	block_3.after_attention_residual + block_3.after_mlp_residual	30	tokens=[3803,121,700,813,83,56,4145,212,1825,162,406,541,3204,196]; text="Stars that appear together in a constellation can lie at very different distances from" | tokens=[527,3614,2276,417,1313,162,173,649]; text="Weathering breaks down rock at or near" | tokens=[3471,1285,113,61,3954,1221,83]; text="Sirius is the brightest star in"	30
6013	block_3.after_attention_residual + block_3.after_mlp_residual	2	tokens=[13,330,62,4431,2475,170,489,251,80,384,56,76,873,94,751]; text="Horseradish roots are grated to make a pungent cond"	2
6014	block_3.after_attention_residual + block_3.after_mlp_residual	2	tokens=[19,3147,2144,2239,142,61,1145,82,3391,83]; text="Nairobi serves as the capital of Kenya in"	2
6015	block_3.after_attention_residual + block_3.after_mlp_residual	4	tokens=[4198,2166,2686,490,1482,704,130,3518,485,3548,457]; text="Hydrogen bonds help explain water's unusually high boiling point" | tokens=[4331,130,3209,113,2185]; text="Italy's outline is commonly"	4
6016	block_3.after_attention_residual + block_3.after_mlp_residual	2	tokens=[395,3253,0,56,3540,2846,114,3550,82,61,462,1143]; text="In chess, a bishop stays on squares of the same color"	2
6017	block_3.after_attention_residual + block_3.after_mlp_residual	2	tokens=[2854,694,1419,958,80]; text="Version control records changes to"	2
6019	block_3.after_attention_residual + block_3.after_mlp_residual	2	tokens=[2925,919,77,1092,130,3088,2894,411,185,1803,2477]; text="Increasing an image's pixel dimensions does not automatically restore"	2
6020	block_3.after_attention_residual + block_3.after_mlp_residual	2	tokens=[3479,2674,2614,61,2756,82,3678,690,56]; text="Wood grain reflects the arrangement of fibers within a"	2
6021	block_3.after_attention_residual + block_3.after_mlp_residual	4	tokens=[216,1949,83,4347,113,185]; text="The creature in Frankenstein is not" | tokens=[216,519,797,1941,4402,170]; text="The three musketeers are"	4
6022	block_3.after_attention_residual + block_3.after_mlp_residual	10	tokens=[216,4355,900,83,2521,1542,142,77,2799,3314]; text="The Forbidden City in Beijing served as an imperial palace" | tokens=[2719,39,71,2588,113,56,2616]; text="Angkor Wat is a temple" | tokens=[216,463,1045,2966,113,56,3314,86,3778]; text="The Alhambra is a palace and fortress"	10
6023	block_3.after_attention_residual + block_3.after_mlp_residual	2	tokens=[3684,74,4387,170,445,192,1078]; text="Rolled oats are made by ste"	2
6024	block_3.after_attention_residual + block_3.after_mlp_residual	2	tokens=[4290,1228,77,4070,760,591,162,61]; text="Spanish uses an inverted question mark at the"	2
6025	block_3.after_attention_residual + block_3.after_mlp_residual	2	tokens=[9,3934,91,2952,1178]; text="Dandelion fruits carry"	2
6028	block_3.after_attention_residual + block_3.after_mlp_residual	4	tokens=[216,181,1784,86,4046,2198,3988,3150]; text="The Ganges and Brahmaputra rivers" | tokens=[24,1202,170,301,308,42,926,121]; text="Ticks are arachnids that"	4
6029	block_3.after_attention_residual + block_3.after_mlp_residual	2	tokens=[216,4028,82,1672,4049,2848]; text="The eruption of Mount Vesuv"	2
6032	block_3.after_attention_residual + block_3.after_mlp_residual	2	tokens=[4218,974,66,130,3407,86]; text="Jane Austen's Pride and"	2
6033	block_3.after_attention_residual + block_3.after_mlp_residual	4	tokens=[6,2841,71,212,1494,993,196,2054,80,4057,56]; text="A sculptor can remove material from stone to carve a" | tokens=[15,554,562,72,1468,593,62,130,1991,139,56,3172,1087,759,3764,56]; text="Johannes Vermeer's Girl with a Pearl Earring depicts a"	4
6037	block_3.after_attention_residual + block_3.after_mlp_residual	2	tokens=[3261,1246,2251,837,993]; text="Archaeologists study material"	2
6038	block_3.after_attention_residual + block_3.after_mlp_residual	8	tokens=[22,557,4417,735,88,119,1004,61,356,786,82]; text="Rajendra Prasad became the first president of" | tokens=[216,181,1784,86,4046,2198,3988,3150,1284,56,677,3641,83,3235,86]; text="The Ganges and Brahmaputra rivers feed a large delta in Bangladesh and" | tokens=[19,264,78,1978,481]; text="Nepal lies between"	8
6039	block_3.after_attention_residual + block_3.after_mlp_residual	2	tokens=[6,3333,4238,113,61,3662,855]; text="A caterpillar is the larval"	2
6040	block_3.after_attention_residual + block_3.after_mlp_residual	6	tokens=[10,3751,3566,1284,250,3631,3116,2013]; text="Echidnas feed their hatchlings milk" | tokens=[216,2636,836,2810,80,61,1522,2076,698]; text="The bassoon belongs to the woodwind family" | tokens=[7,3729,2810,80,61,2170,698]; text="Bamboo belongs to the grass family"	6
6042	block_3.after_attention_residual + block_3.after_mlp_residual	14	tokens=[28,930,41,2432,704,196,2475]; text="Xylem carries water from roots" | tokens=[216,1891,2027,1863,61,462,816]; text="The Moon keeps approximately the same face" | tokens=[1260,191,3392,212,3227]; text="Plant stems can bend"	14
6044	block_3.after_attention_residual + block_3.after_mlp_residual	16	tokens=[4360,2685,2234,968,139,1310]; text="Boolean logic works with truth" | tokens=[6,2368,896,1,3447,1471,219,1860,1861,1113]; text="A conventional six-sided die has opposite faces whose" | tokens=[13,503,332,32,1418,3941,219,3737,736]; text="Hexadecimal notation has sixteen possible"	16
6045	block_3.after_attention_residual + block_3.after_mlp_residual	4	tokens=[796,310,199,88,170,316,2185,789,142,1646]; text="Chickpeas are also commonly known as gar" | tokens=[15,554,562,72,1468,593,62,130,1991,139,56,3172,1087,759,3764,56,1289,1695,56,2063]; text="Johannes Vermeer's Girl with a Pearl Earring depicts a figure wearing a tur"	4
6046	block_3.after_attention_residual + block_3.after_mlp_residual	2	tokens=[216,2884,988,58,71,86,4110,352,2973]; text="The sisters Elinor and Marianne Dash"	2
6047	block_3.after_attention_residual + block_3.after_mlp_residual	38	tokens=[216,1989,1420,82,61]; text="The visible surface of the" | tokens=[1920,3401,1978,1684,80,61]; text="Although Mercury lies closer to the" | tokens=[1951,56,1843,3635,0,61,1891,1924,317,173,225,82,61]; text="During a solar eclipse, the Moon blocks part or all of the"	38
6049	block_3.after_attention_residual + block_3.after_mlp_residual	14	tokens=[669,391,56,1249,83,56,3335,2901,2256,1367,2566,328]; text="Heating a gas in a rigid sealed container generally raises its" | tokens=[3379,3115,400,695,142,2769,83]; text="Sound travels through air as variations in" | tokens=[4457,704,4190,162,1863,261,1216,1979,3962,369,261,2100,82]; text="Pure water boils at approximately one hundred degrees Celsius under one atmosphere of"	14
6053	block_3.after_attention_residual + block_3.after_mlp_residual	8	tokens=[796,177,4341,3878,2954,776,80,250,2582,139]; text="Chromatography separates substances according to their interactions with" | tokens=[216,1042,708,69,567,3887,46,677,1,2334]; text="The Coriolis effect deflects large-scale" | tokens=[2176,4008,2082,987,196]; text="Wind turbines capture energy from"	8
6054	block_3.after_attention_residual + block_3.after_mlp_residual	2	tokens=[4360,2685,2234,968,139]; text="Boolean logic works with"	2
6055	block_3.after_attention_residual + block_3.after_mlp_residual	14	tokens=[3218,113,56,2727,3732,139,77,3847,1751,82,1577]; text="Water is a polar molecule with an uneven distribution of electric" | tokens=[4304,645,113,61,1580,82,1577]; text="Electric current is the flow of electric" | tokens=[829,2596,488,2203,2029,4406,61,1197,82,1577]; text="An electrical insulator strongly resists the movement of electric"	14
6056	block_3.after_attention_residual + block_3.after_mlp_residual	6	tokens=[216,1925,82,2008,1978,1988,82]; text="The island of Ireland lies west of" | tokens=[4000,4294,1233,83,61,1432,82,3668,167,780,130]; text="Mount Fuji appears in the background of Hokusai's" | tokens=[13,230,167,780,130]; text="Hokusai's"	6
6057	block_3.after_attention_residual + block_3.after_mlp_residual	24	tokens=[216,3898,113,1463,1486]; text="The mantle is mostly solid" | tokens=[3207,3598,2548]; text="Infrared radiation" | tokens=[2921,969,113,56,1281,1,878,595,3876]; text="Basalt is a fine-grained volcanic"	24
6060	block_3.after_attention_residual + block_3.after_mlp_residual	4	tokens=[216,3272,1833,1434,212,2945,1981]; text="The Domain Name System can translate domain" | tokens=[3388,510,86,2522,170,366]; text="Maize and corn are two"	4
6062	block_3.after_attention_residual + block_3.after_mlp_residual	24	tokens=[2982,4306,2548,219]; text="Ultraviolet radiation has" | tokens=[6,4125,2037,219]; text="A violin normally has" | tokens=[3501,2239,142,61]; text="London serves as the"	24
6063	block_3.after_attention_residual + block_3.after_mlp_residual	12	tokens=[216,2054,3781,638,1905,780,170]; text="The stone monuments called moai are" | tokens=[216,3252,117,1521,113]; text="The Pillow Book is" | tokens=[216,3619,45,1491,2998,3094,83,2882,113,1948]; text="The Sagrada Familia in Barcelona is closely"	12
6064	block_3.after_attention_residual + block_3.after_mlp_residual	2	tokens=[4397,970,1084,111,2056,2681,704,96]; text="Claude Monet repeatedly painted water l"	2
6065	block_3.after_attention_residual + block_3.after_mlp_residual	6	tokens=[4094,2863,1855,340,418,82,61,3624,3102]; text="Doctor Watson narrates many of the Sherlock Holmes" | tokens=[3697,155,486,332,1534]; text="Scheherazade tells" | tokens=[15,1258,3342,3791,72,1006]; text="Jorge Luis Borges wrote"	6
6066	block_3.after_attention_residual + block_3.after_mlp_residual	2	tokens=[395,77,1322,2040,0,61]; text="In an arch bridge, the"	2
6067	block_3.after_attention_residual + block_3.after_mlp_residual	2	tokens=[727,770,3861,4378,170,774,3320,3965,425,232]; text="Asparagus spears are young shoots harvested before they"	2
6069	block_3.after_attention_residual + block_3.after_mlp_residual	42	tokens=[216,2638,82]; text="The flowers of" | tokens=[216,1145,82]; text="The capital of" | tokens=[216,837,82]; text="The study of"	34
6070	block_3.after_attention_residual + block_3.after_mlp_residual	6	tokens=[6,1160,599,1,2062,662,1132,219,4279]; text="A standard full-size Go board has nineteen" | tokens=[3948,588,3390,1724,1728,1507,83,1701,192,3072,2016,82,4084]; text="Astronomers identify chemical elements in stars by examining patterns of spectral" | tokens=[6,1160,2404,1126,219,800,2964]; text="A standard musical staff has five horizontal"	6
6071	block_3.after_attention_residual + block_3.after_mlp_residual	8	tokens=[1035,1634,151,4335,3972,481,1388,86]; text="Phloem transports sugars between sources and" | tokens=[21,3823,3415,1178]; text="Pollen grains carry" | tokens=[21,975,492,170]; text="Proteins are"	8
6072	block_3.after_attention_residual + block_3.after_mlp_residual	8	tokens=[6,1464,3768,1892,61,4411,82,61,2481]; text="A negative exponent represents the reciprocal of the corresponding" | tokens=[216,726,82,366,1464,512,1146,113]; text="The product of two negative real numbers is" | tokens=[3233,2581,1178,1464,1577,1311,0,465,563,338,1178]; text="Electrons carry negative electric charge, while protons carry"	8
6073	block_3.after_attention_residual + block_3.after_mlp_residual	2	tokens=[2667,199,37,113,1465,192,4147,75,3120,4324,139,56,2953]; text="Tempeh is produced by fermenting soybeans with a mold"	2
6074	block_3.after_attention_residual + block_3.after_mlp_residual	4	tokens=[12,994,286,2185,1528,4409,0,364,127,46,770,0,86,81]; text="Granite commonly contains quartz, feldspar, and m" | tokens=[21,3199,2875,3748,2681,809,531]; text="Pablo Picasso painted Guern"	4
6078	block_3.after_attention_residual + block_3.after_mlp_residual	2	tokens=[1159,4200,2698,82,1401]; text="One Hundred Years of Sol"	2
6079	block_3.after_attention_residual + block_3.after_mlp_residual	10	tokens=[4360,2685,2234,968,139,1310,1300,429,142,846,86]; text="Boolean logic works with truth values such as true and" | tokens=[4427,3435,113,77]; text="Traditional bronze is an" | tokens=[2870,376,113,56]; text="Lightning is a"	10
6080	block_3.after_attention_residual + block_3.after_mlp_residual	12	tokens=[216,2509,3399,162]; text="The cave paintings at" | tokens=[216,2957,2734,460]; text="The cotton fiber used" | tokens=[4207,113,77,1239,1,3799,2140,460,80,1574]; text="HTTP is an application-layer protocol used to exchange"	12
6081	block_3.after_attention_residual + block_3.after_mlp_residual	10	tokens=[3311,1384,86,2086,531,747]; text="Human hair and fingernails" | tokens=[216,3426,1529,3851,83,1294]; text="The Ajanta caves in India" | tokens=[1906,3109,251,715,746,1493,2037]; text="Most nucleated human body cells normally"	10
6082	block_3.after_attention_residual + block_3.after_mlp_residual	2	tokens=[216,870,399,60,1794,114,61]; text="The Parthenon stands on the"	2
6085	block_3.after_attention_residual + block_3.after_mlp_residual	8	tokens=[784,1904,929,0,56]; text="For constant mass, a" | tokens=[784,1904,929,0,56,1341,824,1027,2466,56]; text="For constant mass, a larger net force produces a" | tokens=[216,3007,147,304,119,181,1610,113,317,82,61]; text="The Bhagavad Gita is part of the"	8
6086	block_3.after_attention_residual + block_3.after_mlp_residual	2	tokens=[3557,113,2164,83,2425,83,61]; text="Length is measured in meters in the"	2
6088	block_3.after_attention_residual + block_3.after_mlp_residual	2	tokens=[6,3869,958,56,1798,130,967,559,409,2723]; text="A catalyst changes a reaction's rate without being consumed"	2
6089	block_3.after_attention_residual + block_3.after_mlp_residual	2	tokens=[1442,2791,2191,212,2940,2456]; text="Quotation marks can distinguish quoted"	2
6090	block_3.after_attention_residual + block_3.after_mlp_residual	6	tokens=[216,2136,2615,4239,121,124,239,931,56,4016,170]; text="The worker honeybees that forage outside a hive are" | tokens=[2262,31]; text="Herb" | tokens=[10,31]; text="Eb"	6
6091	block_3.after_attention_residual + block_3.after_mlp_residual	2	tokens=[3788,212,653,1566,224,113]; text="Energy can change forms but is"	2
6092	block_3.after_attention_residual + block_3.after_mlp_residual	2	tokens=[829,1613,506,2906,1364,1518,192,1259]; text="An operating system manages resources shared by computer"	2
6093	block_3.after_attention_residual + block_3.after_mlp_residual	10	tokens=[6,2615,3347,130,64,2278,89,2255,4430,592,269,61]; text="A honeybee's waggle dance communicates information about the" | tokens=[829,2980,130,2578,2252,113,61,1420]; text="An earthquake's epicenter is the surface" | tokens=[6,2173,2175,3303,56,1155,173]; text="A hyperlink connects a document or"	10
6094	block_3.after_attention_residual + block_3.after_mlp_residual	4	tokens=[17,133,1513,2968,1228,61,541]; text="Lithography traditionally uses the different" | tokens=[6,1290,596,3485,1830]; text="A software test compares observed"	4
6095	block_3.after_attention_residual + block_3.after_mlp_residual	2	tokens=[1470,493,4187,717,922,1788]; text="Seismometers record ground motion"	2
6096	block_3.after_attention_residual + block_3.after_mlp_residual	4	tokens=[796,1474,3279,1697,170,61,1023,2157,392,1581,4313,2189,83]; text="Chloroplasts are the cell structures where photosynthesis occurs in" | tokens=[796,1474,3051,93,1244,418,1678,250,3022]; text="Chlorophyll gives many leaves their characteristic"	4
6097	block_3.after_attention_residual + block_3.after_mlp_residual	2	tokens=[3613,166,469,2540,1178,1727,4185,83,56,4053,86,675]; text="Male seahorses carry developing embryos in a pouch and give"	2
6098	block_3.after_attention_residual + block_3.after_mlp_residual	2	tokens=[216,3914,2196,78,156,3309,192,3162,205,3220,83]; text="The Taj Mahal was commissioned by Shah Jahan in"	2
6100	block_3.after_attention_residual + block_3.after_mlp_residual	4	tokens=[216,3983,83,1356,31,1051,1410,121]; text="The witches in Macbeth predict that" | tokens=[4357,2532,3177,665,3444,1036,61,3256,1170,82]; text="Gabriel Garcia Marquez created the fictional town of"	4
6101	block_3.after_attention_residual + block_3.after_mlp_residual	2	tokens=[3780,2064,1235,2322,80]; text="Diffraction allows waves to"	2
6105	block_3.after_attention_residual + block_3.after_mlp_residual	4	tokens=[6,1160,1779,82,1366,1,940,415,1030]; text="A standard deck of French-suited playing" | tokens=[2975,223,3190,0,56,1160,1366,1,940,415,1779,219,2908,1,2512]; text="Without jokers, a standard French-suited deck has fifty-two"	4
6107	block_3.after_attention_residual + block_3.after_mlp_residual	8	tokens=[4192,2472,56,1848,130,734]; text="Doubling a square's side" | tokens=[1169,519,1621,82,77,679,2849,3482,197,61,462]; text="All three sides of an equilateral triangle have the same" | tokens=[784,621,3676,162,1734,2722,0,56,1065,4302,2811,3676,253,1807,306,328]; text="For small swings at fixed gravity, a simple pendulum swings more slowly when its"	8
6108	block_3.after_attention_residual + block_3.after_mlp_residual	4	tokens=[6,1336,1821,2701,534,86,2488]; text="A web browser retrieves and displays" | tokens=[4207,113,77,1239,1,3799,2140,460,80,1574,1336]; text="HTTP is an application-layer protocol used to exchange web"	4
6110	block_3.after_attention_residual + block_3.after_mlp_residual	2	tokens=[2975,223,3190,0,56,1160]; text="Without jokers, a standard"	2
6111	block_3.after_attention_residual + block_3.after_mlp_residual	4	tokens=[669,391,56,1249,83,56,3335,2901,2256]; text="Heating a gas in a rigid sealed container" | tokens=[6,3888,130,3432,2068]; text="A comet's ion tail"	4
6112	block_3.after_attention_residual + block_3.after_mlp_residual	2	tokens=[16,434,134,113,56,4317]; text="Kefir is a fermented"	2
6114	block_3.after_attention_residual + block_3.after_mlp_residual	6	tokens=[7,58,4079,46,872,56,1449,3171,1138,124,521]; text="Binoculars provide a separate optical path for each" | tokens=[2870,2783,61,2469,82,61]; text="Light enters the interior of the" | tokens=[6,3546,212,2050,3145,1658,192,2689,253,701,309,61,273,30,615]; text="A telescope can reveal faint objects by collecting more light than the unaided"	6
6115	block_3.after_attention_residual + block_3.after_mlp_residual	2	tokens=[3471,1285,113,61,3954,1221,83,1268,130,743,1875,306,2297,192]; text="Sirius is the brightest star in Earth's night sky when viewed by"	2
6117	block_3.after_attention_residual + block_3.after_mlp_residual	2	tokens=[7,177,242,113,56,732]; text="Bromine is a non"	2
6119	block_3.after_attention_residual + block_3.after_mlp_residual	4	tokens=[15,554,562,72,3297]; text="Johannes Gutenberg" | tokens=[4290,0,1366,0,2109,0,86,3412]; text="Spanish, French, Italian, and Portuguese"	4
6121	block_3.after_attention_residual + block_3.after_mlp_residual	4	tokens=[2048,1989,701,219,56,942,3750,309]; text="Red visible light has a longer wavelength than" | tokens=[18,1051,666,83,3667,130,2100,4274,905,701,86,3462,80,328]; text="Methane in Neptune's atmosphere absorbs red light and contributes to its"	4
6123	block_3.after_attention_residual + block_3.after_mlp_residual	2	tokens=[216,4028,82,1672,4049,2848,1285,2527,4026]; text="The eruption of Mount Vesuvius buried Pompe"	2
6124	block_3.after_attention_residual + block_3.after_mlp_residual	12	tokens=[2707,75,1380,330,83,880,1856,250]; text="Connecting resistors in series adds their" | tokens=[4373,1265,1789,2142]; text="Ocean salinity describes" | tokens=[216,1312,4228,162]; text="The Great Pyramid at"	12
6129	block_3.after_attention_residual + block_3.after_mlp_residual	2	tokens=[4123,1,4151,504,69,3798,342,91]; text="Jean-Francois Champollion"	2
6132	block_3.after_attention_residual + block_3.after_mlp_residual	4	tokens=[1035,1634,151,4335,3972,481]; text="Phloem transports sugars between" | tokens=[395,56,839,1801,0,2497,384,2400,915,196,83,4054]; text="In a food chain, producers make organic matter from inorganic"	4
6133	block_3.after_attention_residual + block_3.after_mlp_residual	2	tokens=[3771,113,1770,56,1328,574]; text="Zero is neither a positive number"	2
6134	block_3.after_attention_residual + block_3.after_mlp_residual	2	tokens=[1097,324,2187,0,61,1891,130]; text="At new moon, the Moon's"	2
6135	block_3.after_attention_residual + block_3.after_mlp_residual	2	tokens=[21,3823,3415,1178,61]; text="Pollen grains carry the"	2
6136	block_3.after_attention_residual + block_3.after_mlp_residual	10	tokens=[6,4044,766,621,1658,1455,80,2429,192,2241,2058,631]; text="A microscope makes small objects easier to examine by producing magnified" | tokens=[216,2509,3399,162,184,1201,2829,911]; text="The cave paintings at Lascaux include" | tokens=[2637,144,175,3399,614]; text="Pointillist paintings build"	10
6138	block_3.after_attention_residual + block_3.after_mlp_residual	2	tokens=[1501,21,1287,1645,139,56,2259,0,1767]; text="TCP provides applications with a reliable, ordered"	2
6140	block_3.after_attention_residual + block_3.after_mlp_residual	10	tokens=[22,176,63,113]; text="Rabat is" | tokens=[6,3253,3431,212]; text="A chess knight can" | tokens=[891,56,3253,3811,2584,61,2887,1253]; text="When a chess pawn reaches the farthest"	10
6141	block_3.after_attention_residual + block_3.after_mlp_residual	2	tokens=[216,2275,82,56,223,4343,2869,113,80,3610,1582,326,56,769]; text="The objective of a jigsaw puzzle is to assemble pieces into a complete"	2
6142	block_3.after_attention_residual + block_3.after_mlp_residual	4	tokens=[4123,1,4151,504,69,3798,342,91,1385,4269,2774,2726,3978,371,46,83,61,3812]; text="Jean-Francois Champollion helped decipher Egyptian hieroglyphs in the nineteenth" | tokens=[216,1001,1709,3594,2309,811,831,530,61,635,3292]; text="The Black Death devastated populations across Europe during the fourteenth"	4
6143	block_3.after_attention_residual + block_3.after_mlp_residual	8	tokens=[9,189,1566,306,704,3284,751,1447]; text="Dew forms when water vapor condenses" | tokens=[13,297,3777,706,83,3160,2573,2879,142,888,3554,74,704,4311]; text="Hailstones grow in thunderstorm clouds as supercooled water freezes" | tokens=[395,1307,2141,2729,0,3039,113,2478,196,1415,3016]; text="In letterpress printing, ink is transferred from raised surfaces"	8
6144	block_3.after_attention_residual + block_3.after_mlp_residual	2	tokens=[727,770,3861,4378,170,774,3320,3965,425,232,1323]; text="Asparagus spears are young shoots harvested before they fully"	2
6146	block_3.after_attention_residual + block_3.after_mlp_residual	2	tokens=[216,3380,268,4184,83,3602,156,1778,1153,142,56]; text="The Hagia Sophia in Istanbul was originally built as a"	2
6147	block_3.after_attention_residual + block_3.after_mlp_residual	2	tokens=[2889,241,1907,3326,704,196,61,2233,465]; text="Evaporation removes water from the ocean while"	2
6148	block_3.after_attention_residual + block_3.after_mlp_residual	2	tokens=[216,3960,2090,2071,4368,83,61,303,650]; text="The Ottoman Empire captured Constantinople in the year 14"	2
6149	block_3.after_attention_residual + block_3.after_mlp_residual	6	tokens=[2335,1383,212,584,635,67,2130,94,2686,86,113]; text="Carbon can form four covalent bonds and is" | tokens=[10,31,733,2228,640,4259,220,113,61]; text="Ebenezer Scrooge is the" | tokens=[216,1252,86,3654,2871,384,249,61]; text="The brain and spinal cord make up the"	6
6150	block_3.after_attention_residual + block_3.after_mlp_residual	2	tokens=[2790,1603,175,566,1879,3349,1619,1658,83]; text="Surrealist art frequently combines familiar objects in"	2
6151	block_3.after_attention_residual + block_3.after_mlp_residual	8	tokens=[216,3368,1456,4285,261,661,179,82,56]; text="The prefix micro denotes one millionth of a" | tokens=[216,430,1880,58,113,61,3633,1049]; text="The kelvin is the SI base" | tokens=[4304,645,219,61,355,199,59,142,328,3633,1049]; text="Electric current has the ampere as its SI base"	8
6153	block_3.after_attention_residual + block_3.after_mlp_residual	2	tokens=[829,1240,4033,65,3581,1999,0,142,306,218,185]; text="An English contraction omits letters, as when do not"	2
6154	block_3.after_attention_residual + block_3.after_mlp_residual	2	tokens=[216,3983,83,1356,31,1051]; text="The witches in Macbeth"	2
6155	block_3.after_attention_residual + block_3.after_mlp_residual	2	tokens=[6,3058,4273,2653,1520]; text="A vacuum flask reduces heat"	2
6158	block_3.after_attention_residual + block_3.after_mlp_residual	4	tokens=[11,4102,139,1537,3873,828,212,103,849,192]; text="Fractions with equal denominators can be added by" | tokens=[216,4234,60,4314,2135,212,103,1928,192]; text="The Fibonacci sequence can be formed by"	4
6159	block_3.after_attention_residual + block_3.after_mlp_residual	6	tokens=[4257,2118,1892,1157,592,139,2016,82]; text="Braille represents written information with patterns of" | tokens=[395,56,1522,2210,0,61]; text="In a woodcut, the" | tokens=[395,1307,2141,2729,0,3039,113,2478,196]; text="In letterpress printing, ink is transferred from"	6
6160	block_3.after_attention_residual + block_3.after_mlp_residual	2	tokens=[216,1377,3440,113,61]; text="The blue whale is the"	2
6164	block_3.after_attention_residual + block_3.after_mlp_residual	54	tokens=[1920,3401,1978,1684,80,61,1303,0,3355,219,56,4092,1058]; text="Although Mercury lies closer to the Sun, Venus has a hotter average" | tokens=[3690,260,502,2163,1108,427,82,3401,130,1768,3686]; text="Impact craters cover much of Mercury's ancient rocky" | tokens=[6,1425,565,1228,56,2797,83,2098,80,2022,749,56]; text="A spirit level uses a bubble in liquid to indicate whether a"	54
6165	block_3.after_attention_residual + block_3.after_mlp_residual	2	tokens=[3552,2496,2202,327,1006,2568,3394,59,369,61,1140,634]; text="Charlotte Bronte wrote Jane Eyre under the pen name"	2
6168	block_3.after_attention_residual + block_3.after_mlp_residual	2	tokens=[216,4225,82,1424,4289,3878,61]; text="The Strait of Malacca separates the"	2
6170	block_3.after_attention_residual + block_3.after_mlp_residual	14	tokens=[2876,39,3605,3333,3705,450]; text="Silkworm caterpillars" | tokens=[23,3955,2550,170,460,884,83,2437,86,2564,80]; text="Sesame seeds are used whole in cooking and pressed to" | tokens=[21,1775,69,1978]; text="Polaris lies"	14
6171	block_3.after_attention_residual + block_3.after_mlp_residual	2	tokens=[216,138,344,88,170,2033,2170]; text="The Pampas are extensive grass"	2
6172	block_3.after_attention_residual + block_3.after_mlp_residual	2	tokens=[216,1303,130,2567,2100,0,638,61,535]; text="The Sun's outer atmosphere, called the cor"	2
6173	block_3.after_attention_residual + block_3.after_mlp_residual	2	tokens=[2286,2515,2150,908,113,77]; text="Interplanetary space is an"	2
6176	block_3.after_attention_residual + block_3.after_mlp_residual	4	tokens=[4000,4294,1233,83,61]; text="Mount Fuji appears in the" | tokens=[1898,848,4266,692,196,56]; text="Relief sculptures project from a"	4
6177	block_3.after_attention_residual + block_3.after_mlp_residual	2	tokens=[6,774,227,323,4114]; text="A young kangaroo"	2
6178	block_3.after_attention_residual + block_3.after_mlp_residual	2	tokens=[3557,113,2164,83,2425,83,61,1342]; text="Length is measured in meters in the International"	2
6179	block_3.after_attention_residual + block_3.after_mlp_residual	2	tokens=[20,2371,206,1071,212]; text="Omnivores can"	2
6180	block_3.after_attention_residual + block_3.after_mlp_residual	2	tokens=[7,1139,130,3281,2350,1842,3098,121,1629,2148,2943]; text="Baker's yeast releases carbon dioxide that helps bread dough"	2
6181	block_3.after_attention_residual + block_3.after_mlp_residual	2	tokens=[216,2375,242,2934,400]; text="The Rhine flows through"	2
6183	block_3.after_attention_residual + block_3.after_mlp_residual	8	tokens=[216,1477,34,1061,3038,174,278,3764,1107,1975,61,3245,3795,82]; text="The Bayeux Tapestry depicts events surrounding the Norman conquest of" | tokens=[216,1093,999,2743,30,156,2901,83]; text="The Magna Carta was sealed in" | tokens=[216,1240,2470,3878,2133]; text="The English Channel separates southern"	8
6185	block_3.after_attention_residual + block_3.after_mlp_residual	2	tokens=[1752,3870,0,185,2541,0,113,61,902,1145,82]; text="Canberra, not Sydney, is the national capital of"	2
6189	block_3.after_attention_residual + block_3.after_mlp_residual	2	tokens=[3723,1735,1577,1445,1483,0,465]; text="Opposite electric charges attract, while"	2
6191	block_3.after_attention_residual + block_3.after_mlp_residual	2	tokens=[9,189,1566,306,704,3284,751]; text="Dew forms when water vapor cond"	2
6193	block_3.after_attention_residual + block_3.after_mlp_residual	6	tokens=[3938,298,3299,549,196,56,841,3210,532,1729,121,4039,326]; text="Identical twins develop from a single fertilized egg that divides into" | tokens=[11,873,38,1664,80,56]; text="Fungi belong to a" | tokens=[7,58,4079,46,872,56]; text="Binoculars provide a"	6
6194	block_3.after_attention_residual + block_3.after_mlp_residual	2	tokens=[3963,3397,733,2448,82,433,2830,1928,196]; text="Polyethylene consists of long chains formed from"	2
6195	block_3.after_attention_residual + block_3.after_mlp_residual	2	tokens=[829,2922,2222,1433,3549]; text="An infinite loop continues indefinitely"	2
6198	block_3.after_attention_residual + block_3.after_mlp_residual	326	tokens=[216,2638]; text="The flowers" | tokens=[216,4355]; text="The Forbidden" | tokens=[216,1145]; text="The capital"	302
6199	block_3.after_attention_residual + block_3.after_mlp_residual	2	tokens=[6,4044,766,621,1658]; text="A microscope makes small objects"	2
6202	block_3.after_attention_residual + block_3.after_mlp_residual	2	tokens=[3872,3611,584,400,474,2064,0,1620,2821,0,86]; text="Rainbows form through refraction, internal reflection, and"	2
6204	block_3.after_attention_residual + block_3.after_mlp_residual	6	tokens=[12,3352,113,3759,2245,196,267,372,704,86,2013,668,926,197,288]; text="Ghee is clarified butter from which most water and milk solids have been" | tokens=[3009,2627,1259,1354,2845,328,2158,2359,306,540,113]; text="Volatile computer memory loses its stored contents when power is" | tokens=[395,56,356,1,58,0,356,1,204,3033,0,61,2818,849,938,113]; text="In a first-in, first-out queue, the earliest added item is"	6
6205	block_3.after_attention_residual + block_3.after_mlp_residual	22	tokens=[1935,2026,43,1026,1284,2137,114,1678,0,2170,72,0,86,287]; text="Many tortoises feed mainly on leaves, grasses, and other" | tokens=[8,108,52,468,338,170,61,356,2269,1678,82,56]; text="Cotyledons are the first seed leaves of a" | tokens=[28,930,41,2432,704,196,2475,1298,61,1867,1196,82,56]; text="Xylem carries water from roots toward the upper parts of a"	22
6206	block_3.after_attention_residual + block_3.after_mlp_residual	2	tokens=[24,110,456,1045,182,130,2445,4465,276,2261,156]; text="Tutankhamun's golden funerary mask was"	2
6207	block_3.after_attention_residual + block_3.after_mlp_residual	2	tokens=[1097,324,2187,0,61,1891,130,1390,3154,3936,1861]; text="At new moon, the Moon's sunlit hemisphere faces"	2
6208	block_3.after_attention_residual + block_3.after_mlp_residual	4	tokens=[3771,113,1770,56,1328,574,1389,56]; text="Zero is neither a positive number nor a" | tokens=[3443,728,56,512,574,564,2466,56]; text="Squaring a real number never produces a"	4
6209	block_3.after_attention_residual + block_3.after_mlp_residual	8	tokens=[23,275,2301,198,110,113]; text="Sauerkraut is" | tokens=[6,3763,113,56,3163,1469]; text="A mushroom is a reproductive structure" | tokens=[6,3270,113,61,3814,252,2878]; text="A meteor is the luminous streak"	8
6210	block_3.after_attention_residual + block_3.after_mlp_residual	2	tokens=[3910,885,3867,156,56,2439,3973,789,124,677]; text="Diego Rivera was a Mexican painter known for large"	2
6211	block_3.after_attention_residual + block_3.after_mlp_residual	2	tokens=[829,1186,500,74,1500,1892,2181,559,4153,521]; text="An undirected graph represents connections without assigning each"	2
6213	block_3.after_attention_residual + block_3.after_mlp_residual	48	tokens=[3711,3502,1426]; text="Female mammals produce" | tokens=[395,1240,0]; text="In English," | tokens=[216,2638,82,56,924,549,1008,328,3318,0,2483,52]; text="The flowers of a fig develop inside its hollow, fleshy"	48
6215	block_3.after_attention_residual + block_3.after_mlp_residual	2	tokens=[6,2368,896,1,3447]; text="A conventional six-sided"	2
6217	block_3.after_attention_residual + block_3.after_mlp_residual	2	tokens=[2238,4099,87,2624,549,306]; text="Metamorphic rocks develop when"	2
6219	block_3.after_attention_residual + block_3.after_mlp_residual	4	tokens=[2798,4005,0,341,2601,477,61,1089,2752,1003,192,418]; text="Among mosquitoes, only females take the blood meals needed by many" | tokens=[23,822,588,2448,82,3005,128,123,1611,3965,196,56]; text="Saffron consists of dried stigmas harvested from a"	4
6220	block_3.after_attention_residual + block_3.after_mlp_residual	14	tokens=[11,873,38,1664,80,56,1449,2703,196,1762,86]; text="Fungi belong to a separate kingdom from plants and" | tokens=[8,657,206,1071,1972,250,839,2009,192,1844,287]; text="Carnivores obtain their food primarily by eating other" | tokens=[21,3513,1762,2652,621]; text="Pitcher plants trap small"	14
6222	block_3.after_attention_residual + block_3.after_mlp_residual	2	tokens=[3736,3457,43,2315,61,3585,178,918,4014,83,3450,4166,473,1759]; text="Captain Nemo commands the submarine Nautilus in Twenty Thousand Leagues"	2
6223	block_3.after_attention_residual + block_3.after_mlp_residual	4	tokens=[216,1370,82,56,3996,3101,113,61,1490,400,267]; text="The eye of a sewing needle is the opening through which" | tokens=[3879,101,585,52,2529,340,2308,139,3744,445,573,56,3101,86]; text="Embroidery decorates fabric with stitches made using a needle and"	4
6225	block_3.after_attention_residual + block_3.after_mlp_residual	2	tokens=[4230,350,113,2656,130,1145,0,86,61,280,175]; text="Warsaw is Poland's capital, and the Vist"	2
6227	block_3.after_attention_residual + block_3.after_mlp_residual	2	tokens=[3723,194,1332,1556,4167]; text="Oppositely charged ions"	2
6228	block_3.after_attention_residual + block_3.after_mlp_residual	2	tokens=[2695,82,2338,0,1264,4037,197,4248,103]; text="Instead of teeth, modern turtles have horny be"	2
6229	block_3.after_attention_residual + block_3.after_mlp_residual	6	tokens=[216,1203,4146,87,1657,1557,46]; text="The term pizzicato instructs" | tokens=[216,799,30,130,1857,2217]; text="The viola's usual lowest" | tokens=[216,799,30,130,1857,2217,1485,113,1053,83,1933,309,61,4125,130,1857,2217]; text="The viola's usual lowest string is lower in pitch than the violin's usual lowest"	6
6230	block_3.after_attention_residual + block_3.after_mlp_residual	18	tokens=[216,578,1883,196,1249,80]; text="The direct transition from gas to" | tokens=[3477,130,2567,1489,113,2098,0,2281,328,2139,1489,113]; text="Earth's outer core is liquid, whereas its inner core is" | tokens=[2476,2289,958,56,2098,326,56]; text="Freezing changes a liquid into a"	18
6231	block_3.after_attention_residual + block_3.after_mlp_residual	2	tokens=[3912,2856,74,1495,46,3187,704,80,2524,86]; text="Roman aqueducts transported water to towns and"	2
6233	block_3.after_attention_residual + block_3.after_mlp_residual	10	tokens=[3477,130,2567,1489,113,2098,0,2281,328,2139]; text="Earth's outer core is liquid, whereas its inner" | tokens=[19,1340,3408,83,61,1303,130]; text="Nuclear fusion in the Sun's" | tokens=[2591,2929,2287,170,2941,3593,3839,121,322,942,2093,2192]; text="White dwarfs are dense stellar remnants that no longer sustain ordinary"	10
6234	block_3.after_attention_residual + block_3.after_mlp_residual	4	tokens=[216,1370,82,56,3996,3101,113,61]; text="The eye of a sewing needle is the" | tokens=[6,1472,3921,1914,61]; text="A camera aperture controls the"	4
6235	block_3.after_attention_residual + block_3.after_mlp_residual	2	tokens=[216,463,1045,2966,113,56,3314,86,3778,1278,83,3061]; text="The Alhambra is a palace and fortress complex in Gran"	2
6236	block_3.after_attention_residual + block_3.after_mlp_residual	12	tokens=[2331,125,1154,170,2819,82]; text="Glaciers are masses of" | tokens=[3287,345,130,1742,2760,1217,1682,82,2663,1582,82,704]; text="Saturn's bright rings consist largely of countless pieces of water" | tokens=[13,297,3777,706,83,3160,2573,2879,142,888,3554,74,704,4311,1399]; text="Hailstones grow in thunderstorm clouds as supercooled water freezes onto"	12
6237	block_3.after_attention_residual + block_3.after_mlp_residual	24	tokens=[216,375,141,89,30,83,61,2139,483,1528,3498]; text="The cochlea in the inner ear contains sensory" | tokens=[24,1457,4045,1337,3085]; text="Taste buds contain receptor" | tokens=[1604,4276,2653,3968,574,530,61,1168,82,3163]; text="Meiosis reduces chromosome number during the production of reproductive"	24
6238	block_3.after_attention_residual + block_3.after_mlp_residual	2	tokens=[2319,2325,2189,306,56,3253,1706,113,1980,86,322,1041,639,212]; text="Checkmate occurs when a chess king is attacked and no legal move can"	2
6241	block_3.after_attention_residual + block_3.after_mlp_residual	2	tokens=[8,4032,1651,197,2660,2021]; text="Coconuts have fibrous"	2
6242	block_3.after_attention_residual + block_3.after_mlp_residual	2	tokens=[2742,2451,218,185,653,61,4173,82,672]; text="Earlier outcomes do not change the probabilities of later"	2
6243	block_3.after_attention_residual + block_3.after_mlp_residual	2	tokens=[24,3216,116,69,212,571,196]; text="Tsunamis can result from"	2
6244	block_3.after_attention_residual + block_3.after_mlp_residual	2	tokens=[6,1652,113,56,1722,1186,500,74]; text="A tree is a connected undirected"	2
6246	block_3.after_attention_residual + block_3.after_mlp_residual	2	tokens=[395,2777,1,4231,1537,4027,0,77,3224,479,113,2224,326,2777,1537,1548,4460]; text="In twelve-tone equal temperament, an octave is divided into twelve equal semitone"	2
6247	block_3.after_attention_residual + block_3.after_mlp_residual	2	tokens=[3806,56,921,3268,2466]; text="Breaking a bar magnet produces"	2
6250	block_3.after_attention_residual + block_3.after_mlp_residual	2	tokens=[1834,3783,3075,2827,1909,573]; text="HTTPS protects HTTP communication using"	2
6251	block_3.after_attention_residual + block_3.after_mlp_residual	10	tokens=[3948,588,3390,1724,1728]; text="Astronomers identify chemical" | tokens=[216,3718,1125,1591,1784,1728]; text="The periodic table arranges chemical" | tokens=[6,1859,604,3303,328]; text="A linked list connects its"	10
6252	block_3.after_attention_residual + block_3.after_mlp_residual	2	tokens=[3967,399,220,113,56,4323,3110,114]; text="Stonehenge is a prehistoric monument on"	2
6253	block_3.after_attention_residual + block_3.after_mlp_residual	2	tokens=[216,375,141,89,30,83,61,2139,483,1528,3498,1493,1095,83]; text="The cochlea in the inner ear contains sensory cells involved in"	2
6254	block_3.after_attention_residual + block_3.after_mlp_residual	18	tokens=[6,1023,43,113,2037,1064,139,328,746]; text="A cello is normally played with its body" | tokens=[216,2283,3637,72]; text="The Pyrenees" | tokens=[216,3555,3357,2229]; text="The Rocky Mountains extend"	18
6255	block_3.after_attention_residual + block_3.after_mlp_residual	2	tokens=[6,4463,1221,212,584,196,61,2837,1489,82,56]; text="A neutron star can form from the collapsed core of a"	2
6256	block_3.after_attention_residual + block_3.after_mlp_residual	2	tokens=[216,1312,3535,1825,775,317,82,61]; text="The Great Lakes lie along part of the"	2
6258	block_3.after_attention_residual + block_3.after_mlp_residual	2	tokens=[829,2543,2142,56,2180,124,3146,56,793,173,2284,56]; text="An algorithm describes a procedure for solving a problem or performing a"	2
6259	block_3.after_attention_residual + block_3.after_mlp_residual	2	tokens=[21,3823,3415,1178,61,1391,2227,111,3051]; text="Pollen grains carry the male gametophy"	2
6260	block_3.after_attention_residual + block_3.after_mlp_residual	6	tokens=[216,2904,82,3176,30,3404,1794,649,1806,83]; text="The Palace of Versailles stands near Paris in" | tokens=[216,2283,3637,72,584,56,1180,3185,481]; text="The Pyrenees form a natural boundary between" | tokens=[216,1240,2470,3878,2133,1439,196,2057]; text="The English Channel separates southern England from northern"	6
6261	block_3.after_attention_residual + block_3.after_mlp_residual	6	tokens=[23,1607,814,448,212,422,83,61,2139,483,490]; text="Semicircular canals in the inner ear help" | tokens=[1116,4455,1493,485,83,61,4211,3885]; text="Receptor cells high in the nasal cavity" | tokens=[6,2182,169,212,490]; text="A checksum can help"	6
6262	block_3.after_attention_residual + block_3.after_mlp_residual	4	tokens=[829,1613,506,2906,1364]; text="An operating system manages resources" | tokens=[216,1925,82,136,2154,43,113]; text="The island of Borneo is"	4
6264	block_3.after_attention_residual + block_3.after_mlp_residual	4	tokens=[2238,4099,87,2624,549,306,1473,2624,653,369]; text="Metamorphic rocks develop when existing rocks change under" | tokens=[1906,3725,3574,196]; text="Most nutrient absorption from"	4
6266	block_3.after_attention_residual + block_3.after_mlp_residual	16	tokens=[25,1359,2112,1,34,156,56,1536,1873,82,3399,86]; text="Ukiyo-e was a Japanese tradition of paintings and" | tokens=[216,2636,836,2810,80,61]; text="The bassoon belongs to the" | tokens=[7,3729,2810,80,61,2170,698,1296,328]; text="Bamboo belongs to the grass family despite its"	16
6268	block_3.after_attention_residual + block_3.after_mlp_residual	2	tokens=[2677,624,3012,3929,114,61,3363,3367,82,418]; text="Microscopic hairs on the toe pads of many"	2
6269	block_3.after_attention_residual + block_3.after_mlp_residual	2	tokens=[6,4206,820,1914,61]; text="A cryptographic key controls the"	2
6270	block_3.after_attention_residual + block_3.after_mlp_residual	2	tokens=[15,554,562,72,3297,1375,56,622,265,1,3760,1]; text="Johannes Gutenberg developed a movable-metal-"	2
6272	block_3.after_attention_residual + block_3.after_mlp_residual	16	tokens=[216,375,141,89,30,83,61,2139,483]; text="The cochlea in the inner ear" | tokens=[4180,113,77,1910]; text="Steel is an iron" | tokens=[4180,113,77,1910,1,1137,4031,121]; text="Steel is an iron-based alloy that"	16
6274	block_3.after_attention_residual + block_3.after_mlp_residual	2	tokens=[216,3380,268,4184,83,3602,156,1778,1153,142,56,1402]; text="The Hagia Sophia in Istanbul was originally built as a Christian"	2
6275	block_3.after_attention_residual + block_3.after_mlp_residual	2	tokens=[3773,4363,437,112,3084,82]; text="Charles Dickens set A Tale of"	2
6279	block_3.after_attention_residual + block_3.after_mlp_residual	2	tokens=[4283,1732,3878,2786,1218,4268,326,366]; text="Mitosis separates duplicated chromosomes into two"	2
6280	block_3.after_attention_residual + block_3.after_mlp_residual	6	tokens=[25,1359,2112,1,34,156,56]; text="Ukiyo-e was a" | tokens=[216,3252,117,1521,113,1319,139,61]; text="The Pillow Book is associated with the" | tokens=[18,3117,2104,443,526,3953,1006,61]; text="Murasaki Shikibu wrote the"	6
6281	block_3.after_attention_residual + block_3.after_mlp_residual	12	tokens=[6,2611,865,2059,858,56,1214,82,2530]; text="A floating object displaces a weight of fluid" | tokens=[1292,108,2761,82,77,1545,197]; text="Isotopes of an element have" | tokens=[1756,1027,4419,192,261,865,114,545,219,77]; text="Every force exerted by one object on another has an"	12
6283	block_3.after_attention_residual + block_3.after_mlp_residual	2	tokens=[6,1336,1821,2701,534,86,2488,1364,429,142,2510]; text="A web browser retrieves and displays resources such as HTML"	2
6285	block_3.after_attention_residual + block_3.after_mlp_residual	2	tokens=[1470,1072,0,114,61,2292,1718,0,113,976]; text="Seoul, on the Han River, is South"	2
6286	block_3.after_attention_residual + block_3.after_mlp_residual	2	tokens=[216,4355,900,83,2521]; text="The Forbidden City in Beijing"	2
6287	block_3.after_attention_residual + block_3.after_mlp_residual	4	tokens=[3963,2462,1337,433,2830,173,2038,1153,196,1564,3208]; text="Polymers contain long chains or networks built from repeated molecular" | tokens=[8,3219,170,61,1355,2697]; text="Cells are the basic structural"	4
6288	block_3.after_attention_residual + block_3.after_mlp_residual	2	tokens=[1898,848,4266,692,196,56,1432,867,309,1558]; text="Relief sculptures project from a background rather than standing"	2
6289	block_3.after_attention_residual + block_3.after_mlp_residual	18	tokens=[4198,2166,219,61,2217,3069,574,82,292,1728]; text="Hydrogen has the lowest atomic number of any chemical" | tokens=[4243,298,3721,170,2670,80,4333,61,574,82,3495,82,521]; text="Chemical equations are balanced to conserve the number of atoms of each" | tokens=[1667,262,2902,1762]; text="Succulent plants"	18
6291	block_3.after_attention_residual + block_3.after_mlp_residual	2	tokens=[216,2567,1376,82,56,3095,113]; text="The outer skin of a snake is"	2
6292	block_3.after_attention_residual + block_3.after_mlp_residual	6	tokens=[4427,3005,2109,3656,113,2185,445,196,3449,169,3065]; text="Traditional dried Italian pasta is commonly made from durum wheat" | tokens=[395,2777,1,4231,1537,4027,0,77,3224,479,113,2224,326,2777,1537]; text="In twelve-tone equal temperament, an octave is divided into twelve equal" | tokens=[8,252,32,252,2448,82,621,3234,1550,2968,445,196]; text="Couscous consists of small granules traditionally made from"	6
6294	block_3.after_attention_residual + block_3.after_mlp_residual	4	tokens=[575,595,1,3329]; text="Stained-glass" | tokens=[8,252,32,252,2448,82,621,3234]; text="Couscous consists of small gran"	4
6295	block_3.after_attention_residual + block_3.after_mlp_residual	2	tokens=[216,1145,82,4310,113,222]; text="The capital of Mongolia is U"	2
6296	block_3.after_attention_residual + block_3.after_mlp_residual	2	tokens=[3121,2590,4081,856,3370,425]; text="Dragonfly larvae live underwater before"	2
6297	block_3.after_attention_residual + block_3.after_mlp_residual	2	tokens=[1260,161,1601,490,584,4061,162]; text="Platelets help form plugs at"	2
6298	block_3.after_attention_residual + block_3.after_mlp_residual	14	tokens=[395,1240,0,61,3474,82,2365,113,1166,2423,306,2317,80,61]; text="In English, the plural of mouse is usually mice when referring to the" | tokens=[216,1412,1297,82,2177,367,212,2364,80]; text="The burrs of burdock can attach to" | tokens=[7,2416,1130,61,3591,1,2052,3825,494,83]; text="Bacteria lack the membrane-bound nucleus found in"	14
6299	block_3.after_attention_residual + block_3.after_mlp_residual	2	tokens=[6,54,447,455,1555,1235,4137,2753,309,61,617]; text="A vernier scale allows finer measurements than the main"	2
6300	block_3.after_attention_residual + block_3.after_mlp_residual	2	tokens=[216,1843,927,2432,3850,533]; text="The solar wind carries electrically"	2
6301	block_3.after_attention_residual + block_3.after_mlp_residual	2	tokens=[216,1203,4146,87,1657]; text="The term pizzicato"	2
6302	block_3.after_attention_residual + block_3.after_mlp_residual	22	tokens=[216,4272,246,1718]; text="The Mekong River" | tokens=[216,3365,4013,113]; text="The potato tuber is" | tokens=[216,617,3719,2459]; text="The main asteroid belt"	22
6303	block_3.after_attention_residual + block_3.after_mlp_residual	2	tokens=[216,4225,82,1424,4289,3878,61,1424,118,3529,196]; text="The Strait of Malacca separates the Malay Peninsula from"	2
6304	block_3.after_attention_residual + block_3.after_mlp_residual	2	tokens=[10,31,733,2228,640,4259,220,113,61,1405,853,83,112,1881]; text="Ebenezer Scrooge is the central character in A Christmas"	2
6305	block_3.after_attention_residual + block_3.after_mlp_residual	2	tokens=[6,4334,1073,2105,362,56,652,192]; text="A stencil reproduces a design by"	2
6306	block_3.after_attention_residual + block_3.after_mlp_residual	8	tokens=[13,1689,38,113,61,1145,82,2442,0,83,61,656,130]; text="Hanoi is the capital of Vietnam, in the country's" | tokens=[21,1775,69,1978,810,80,61,1454,82,1268,130]; text="Polaris lies close to the direction of Earth's" | tokens=[3806,56,921,3268,2466,1503,4086,0,521,139]; text="Breaking a bar magnet produces smaller magnets, each with"	8
6307	block_3.after_attention_residual + block_3.after_mlp_residual	2	tokens=[1260,161,1601,490,584,4061,162,1553,82,1089,2190]; text="Platelets help form plugs at sites of blood vessel"	2
6308	block_3.after_attention_residual + block_3.after_mlp_residual	8	tokens=[3963,2462,1337,433,2830,173,2038,1153,196]; text="Polymers contain long chains or networks built from" | tokens=[6,2665,2027,2225,82,609,256,121]; text="A cache keeps copies of data so that" | tokens=[829,1446,3605,130,746,2448,82,418]; text="An earthworm's body consists of many"	8
6309	block_3.after_attention_residual + block_3.after_mlp_residual	4	tokens=[829,3224,3627,1228,328,1250]; text="An octopus uses its eight" | tokens=[3443,107,1743,197,1250]; text="Squid typically have eight"	4
6310	block_3.after_attention_residual + block_3.after_mlp_residual	6	tokens=[4405,86,1500,286,170,541,2697]; text="Diamond and graphite are different structural" | tokens=[2780,4353,52,3166,61]; text="Calligraphy treats the" | tokens=[4293,175,2072,714,3241,1658,400,4236,4134]; text="Cubist artists often depict objects through fragmented geometric"	6
6312	block_3.after_attention_residual + block_3.after_mlp_residual	2	tokens=[216,1480,1527,1718,2934,326,61,807,3536,122]; text="The Volga River flows into the landlocked C"	2
6313	block_3.after_attention_residual + block_3.after_mlp_residual	2	tokens=[1659,141,926,1426,3578,621,2550,121,1130,56,2201,2158,839]; text="Orchids produce exceptionally small seeds that lack a substantial stored food"	2
6317	block_3.after_attention_residual + block_3.after_mlp_residual	2	tokens=[8,34,187,113,56,3560,1635]; text="Ceres is a dwarf planet"	2
6318	block_3.after_attention_residual + block_3.after_mlp_residual	2	tokens=[4207,113,77,1239,1,3799,2140,460,80]; text="HTTP is an application-layer protocol used to"	2
6319	block_3.after_attention_residual + block_3.after_mlp_residual	2	tokens=[20,863,72,379,56]; text="Oboes use a"	2
6320	block_3.after_attention_residual + block_3.after_mlp_residual	2	tokens=[216,876,3500,1606,113,56,868,1153,114,61,1587,867,309,56,1773]; text="The World Wide Web is a service built on the internet rather than a syn"	2
6321	block_3.after_attention_residual + block_3.after_mlp_residual	16	tokens=[3218,113,56,2727,3732,139,77,3847,1751,82]; text="Water is a polar molecule with an uneven distribution of" | tokens=[4304,645,113,61,1580,82]; text="Electric current is the flow of" | tokens=[3233,177,3599,2322,1217,82,3143,3588,391]; text="Electromagnetic waves consist of coupled oscillating"	16
6323	block_3.after_attention_residual + block_3.after_mlp_residual	2	tokens=[395,1160,2855,2519,0,521,1692,0,1686,0,86,519,1,664,1,2923,1129,1528,61,3240,261,400]; text="In standard Sudoku, each row, column, and three-by-three box contains the digits one through"	2
6324	block_3.after_attention_residual + block_3.after_mlp_residual	2	tokens=[3987,2025,152,2474,2987,987,400,2582,690,915,559,2555,993]; text="Thermal conduction transfers energy through interactions within matter without bulk material"	2
6325	block_3.after_attention_residual + block_3.after_mlp_residual	22	tokens=[2746,1762,379,701,987,80,384,3972,530]; text="Green plants use light energy to make sugars during" | tokens=[829,3989,718,212]; text="An oyster can" | tokens=[829,186,4379,111]; text="An exoplanet"	22
6326	block_3.after_attention_residual + block_3.after_mlp_residual	12	tokens=[3287,345,130,1742,2760,1217,1682,82,2663]; text="Saturn's bright rings consist largely of countless" | tokens=[6,4152,2696,1823,3303]; text="A dovetail joint connects" | tokens=[18,2152,421,898,1392,192,4244,621]; text="Mosaics create images by arranging small"	12
6327	block_3.after_attention_residual + block_3.after_mlp_residual	4	tokens=[6,1219,399,1207,56,4174,1079,139,56,1581,3945,1841]; text="A lichen includes a fungus living with a photosynthetic" | tokens=[1756,1027,4419,192,261,865,114,545,219,77,1537,86,1860]; text="Every force exerted by one object on another has an equal and opposite"	4
6328	block_3.after_attention_residual + block_3.after_mlp_residual	2	tokens=[18,3117,2104,443,526,3953,1006,61,1536,331,165,3084,82]; text="Murasaki Shikibu wrote the Japanese work The Tale of"	2
6331	block_3.after_attention_residual + block_3.after_mlp_residual	4	tokens=[216,876,3500,1606,113,56,868,1153,114,61]; text="The World Wide Web is a service built on the" | tokens=[216,876,3500,1606,113,56,868,1153,114,61,1587,867,309,56,1773,1576,124,61]; text="The World Wide Web is a service built on the internet rather than a synonym for the"	4
6333	block_3.after_attention_residual + block_3.after_mlp_residual	4	tokens=[3311,4224,2095,1089,86,3020,61,746,130,704,86,2117]; text="Human kidneys filter blood and regulate the body's water and salt" | tokens=[216,1869,2073,169,1629,3307,1197,86,1654]; text="The cerebellum helps coordinate movement and maintain"	4
6334	block_3.after_attention_residual + block_3.after_mlp_residual	2	tokens=[886,92,63,183,989,87,957,4318,173,805]; text="Onomatopoeic words imitate or suggest"	2
6336	block_3.after_attention_residual + block_3.after_mlp_residual	2	tokens=[829,754,198,505,2466,1243,265,1942]; text="An engraving produces printable gro"	2
6338	block_3.after_attention_residual + block_3.after_mlp_residual	2	tokens=[216,3035,1461,113,56,2793,173,3751,1973,124,328,2075]; text="The vanilla plant is a climbing orchid grown for its frag"	2
6339	block_3.after_attention_residual + block_3.after_mlp_residual	2	tokens=[3316,201,91,1166,2218,56]; text="Combustion usually involves a"	2
6340	block_3.after_attention_residual + block_3.after_mlp_residual	6	tokens=[3477,130,2065,240,3669,0,867,309,958,83,328]; text="Earth's axial tilt, rather than changes in its" | tokens=[6,701,1,803,1597]; text="A light-year measures" | tokens=[216,1360,817,82,56,512,574,1597,328]; text="The absolute value of a real number measures its"	6
6341	block_3.after_attention_residual + block_3.after_mlp_residual	2	tokens=[216,1360,817,82,56,512,574]; text="The absolute value of a real number"	2
6342	block_3.after_attention_residual + block_3.after_mlp_residual	2	tokens=[26,4271,1685,662,209,2681,165,1088,278]; text="Vincent van Gogh painted The Starry"	2
6344	block_3.after_attention_residual + block_3.after_mlp_residual	2	tokens=[22,281,194,992,3610,2926,776,80,2047]; text="Ribosomes assemble proteins according to instructions"	2
6345	block_3.after_attention_residual + block_3.after_mlp_residual	4	tokens=[6,4155,2448,82,418,621,0,2269,1,4126,4072,199]; text="A raspberry consists of many small, seed-containing drupe" | tokens=[6,862,1009,4142,219,3000,2721,2244,121,170,1990,139,1818]; text="A xylophone has tuned wooden bars that are struck with mal"	4
6346	block_3.after_attention_residual + block_3.after_mlp_residual	2	tokens=[3704,2691,3652,3889,592,326,56,584]; text="Encryption converts readable information into a form"	2
6349	block_3.after_attention_residual + block_3.after_mlp_residual	2	tokens=[216,1312,4228,162,181,3512,156,1153,124,61,420,3949]; text="The Great Pyramid at Giza was built for the pharaoh"	2
6352	block_3.after_attention_residual + block_3.after_mlp_residual	6	tokens=[13,894,42,150,3994,1006,61]; text="Hermann Hesse wrote the" | tokens=[18,123,1038,171,122,354,4179,1006,61]; text="Miguel de Cervantes wrote the" | tokens=[3533,4380,1036,61,2498,2630,4347,83,300]; text="Mary Shelley created the scientist Victor Frankenstein in her"	6
6353	block_3.after_attention_residual + block_3.after_mlp_residual	128	tokens=[216,578]; text="The direct" | tokens=[216,375]; text="The co" | tokens=[216,2054]; text="The stone"	104
6354	block_3.after_attention_residual + block_3.after_mlp_residual	2	tokens=[216,3007,147,304,119,181]; text="The Bhagavad G"	2
6355	block_3.after_attention_residual + block_3.after_mlp_residual	2	tokens=[23,822,588,2448,82,3005,128,123]; text="Saffron consists of dried stig"	2
6358	block_3.after_attention_residual + block_3.after_mlp_residual	2	tokens=[2889,241,1907,212,1245,56,2098,192,2440]; text="Evaporation can cool a liquid by removing"	2
6359	block_3.after_attention_residual + block_3.after_mlp_residual	8	tokens=[216,1925,82,1976,1978]; text="The island of Java lies" | tokens=[3806,56,921,3268,2466,1503,4086,0,521,139,1562,86]; text="Breaking a bar magnet produces smaller magnets, each with north and" | tokens=[19,264,78,1978,481,1294,80,61]; text="Nepal lies between India to the"	8
6360	block_3.after_attention_residual + block_3.after_mlp_residual	6	tokens=[1868,1286,4148,1634,1879,460,859,1,315,3724,80,1968,300,548,86]; text="Frida Kahlo frequently used self-portraits to explore her life and" | tokens=[15,1258,3342,3791,72,1006,1321,121,1968,4233,46,0,4068,0,86]; text="Jorge Luis Borges wrote stories that explore labyrinths, infinity, and" | tokens=[6,3487,2142,556,83,1069,82,556,845,559,2415,56,3205]; text="A metaphor describes something in terms of something else without requiring a literal"	6
6361	block_3.after_attention_residual + block_3.after_mlp_residual	2	tokens=[216,2019,4036,739,82,2263]; text="The Aztec city of Ten"	2
6362	block_3.after_attention_residual + block_3.after_mlp_residual	2	tokens=[20,863,72,379,56,1575,82,98]; text="Oboes use a pair of re"	2
6363	block_3.after_attention_residual + block_3.after_mlp_residual	8	tokens=[10,1533,91,4335]; text="Erosion transports" | tokens=[2790,1603,175,566,1879,3349]; text="Surrealist art frequently combines" | tokens=[3316,201,91,1166]; text="Combustion usually"	8
6364	block_3.after_attention_residual + block_3.after_mlp_residual	6	tokens=[18,1965,422,197,3022,1728,3944,86,1767]; text="Minerals have characteristic chemical compositions and ordered" | tokens=[3311,1376,1566,56,2680,481]; text="Human skin forms a barrier between" | tokens=[3872,3611,584,400,474,2064,0]; text="Rainbows form through refraction,"	6
6365	block_3.after_attention_residual + block_3.after_mlp_residual	4	tokens=[784,56,397,3482,0,61,4308,2186,66,791,3411,61,877,82,61,3550,82,61,287,366]; text="For a right triangle, the squared hypotenuse equals the sum of the squares of the other two" | tokens=[6,1848,219,635,1537]; text="A square has four equal"	4
6366	block_3.after_attention_residual + block_3.after_mlp_residual	10	tokens=[18,1965,422,197]; text="Minerals have" | tokens=[6,986,1710,141,2448,82,366,2679,0,714]; text="A diptych consists of two panels, often" | tokens=[1169,519,1621,82]; text="All three sides of"	10
6367	block_3.after_attention_residual + block_3.after_mlp_residual	4	tokens=[3298,4214,3878,2954,573]; text="Distillation separates substances using" | tokens=[4130,361,1314,965,196]; text="Buoyancy results from"	4
6368	block_3.after_attention_residual + block_3.after_mlp_residual	2	tokens=[6,2242,130,2844,113]; text="A circle's diameter is"	2
6369	block_3.after_attention_residual + block_3.after_mlp_residual	8	tokens=[2870,3115,253,1807,400,2192]; text="Light travels more slowly through ordinary" | tokens=[4404,951,2061,2899,4232]; text="Glassblowing shapes softened" | tokens=[575,595,1,3329,2237,379,2988]; text="Stained-glass windows use colored"	8
6371	block_3.after_attention_residual + block_3.after_mlp_residual	2	tokens=[829,3224,3627,1228,328,1250,1565,80,1968,86]; text="An octopus uses its eight arms to explore and"	2
6372	block_3.after_attention_residual + block_3.after_mlp_residual	8	tokens=[216,4272,246,1718,2584,61]; text="The Mekong River reaches the" | tokens=[1935,3556,3631,83,4215,0,706,162]; text="Many salmon hatch in freshwater, grow at" | tokens=[15,1766,2468,1664,80,61,462,712,1554,641,142]; text="Jellyfish belong to the same major animal group as"	8
6373	block_3.after_attention_residual + block_3.after_mlp_residual	20	tokens=[6,3095,130,124,2226,2547]; text="A snake's forked tongue" | tokens=[7,1139,130,3281,2350,1842,3098,121]; text="Baker's yeast releases carbon dioxide that" | tokens=[4348,83,1268,130,3850,533,2817,2567,1489]; text="Motion in Earth's electrically conducting outer core"	20
6374	block_3.after_attention_residual + block_3.after_mlp_residual	4	tokens=[395,77,1969,366,1,1000,506,0,56]; text="In an ideal two-body system, a" | tokens=[3170,1820,1566,196,1822,1,2768,3415]; text="Sandstone forms from sand-sized grains"	4
6375	block_3.after_attention_residual + block_3.after_mlp_residual	8	tokens=[216,374,69,330,162,61,879,82,61]; text="The incisors at the front of the" | tokens=[4255,686,47,88,549,392,3702,3942,2577,249,649,56,2060,130]; text="River deltas develop where deposited sediment builds up near a river's" | tokens=[1772,111,801,437,61,695,1686,2628,391,192,4240,250,2552,326,56]; text="Trumpet players set the air column vibrating by buzzing their lips into a"	8
6379	block_3.after_attention_residual + block_3.after_mlp_residual	12	tokens=[3473,2559,646,83,3915,2253,675,61]; text="Iron oxides in Martian soil give the" | tokens=[7,2416,1130,61]; text="Bacteria lack the" | tokens=[7,806,82,61]; text="Bones of the"	12
6380	block_3.after_attention_residual + block_3.after_mlp_residual	4	tokens=[6,1628,3769,2185,3358,530,61,517,306,807,539,442]; text="A sea breeze commonly develops during the day when land warms" | tokens=[6,2665,2027,2225,82,609,256,121,1564,787,212,103]; text="A cache keeps copies of data so that repeated access can be"	4
6381	block_3.after_attention_residual + block_3.after_mlp_residual	4	tokens=[216,2080,689,194,120,169,2556,579,2240,3396,3476,86,287,537]; text="The Roman Colosseum hosted gladiatorial contests and other public" | tokens=[2892,3565,1183,561]; text="Multiplication dist"	4
6383	block_3.after_attention_residual + block_3.after_mlp_residual	2	tokens=[216,516,1570,82,1851,113]; text="The factorial of zero is"	2
6384	block_3.after_attention_residual + block_3.after_mlp_residual	8	tokens=[3217,1663,4143,130,3285]; text="Robert Louis Stevenson's Treasure" | tokens=[1699,2294,113,459,2205,130,1145,0,114,61,901]; text="Wellington is New Zealand's capital, on the North" | tokens=[1291,2205,219,366,617,2852,638,61,901]; text="New Zealand has two main islands called the North"	8
6385	block_3.after_attention_residual + block_3.after_mlp_residual	2	tokens=[11,4102,139,1537,3873,828,212,103,849,192,1414,250]; text="Fractions with equal denominators can be added by adding their"	2
6386	block_3.after_attention_residual + block_3.after_mlp_residual	2	tokens=[7,613,170,61,341,3502,1741,82,2626,2700]; text="Bats are the only mammals capable of sustained powered"	2
6387	block_3.after_attention_residual + block_3.after_mlp_residual	2	tokens=[3218,2516,142,131,4311,83,3493,212,490,906,2624]; text="Water expanding as it freezes in cracks can help break rocks"	2
6388	block_3.after_attention_residual + block_3.after_mlp_residual	8	tokens=[19,3147,2144,2239,142,61,1145,82,3391,83,1270]; text="Nairobi serves as the capital of Kenya in East" | tokens=[9,213,79,0,114]; text="Dakar, on" | tokens=[216,1925,82,4376,1978,282]; text="The island of Madagascar lies off"	8
6390	block_3.after_attention_residual + block_3.after_mlp_residual	2	tokens=[796,310,199,88,170,316,2185,789,142]; text="Chickpeas are also commonly known as"	2
6391	block_3.after_attention_residual + block_3.after_mlp_residual	6	tokens=[216,2275,82,56,223,4343,2869,113,80,3610,1582,326,56,769,1397,173]; text="The objective of a jigsaw puzzle is to assemble pieces into a complete picture or" | tokens=[4331,130,3209,113,2185,1271,80,61]; text="Italy's outline is commonly compared to the" | tokens=[216,1370,130,2374,958]; text="The eye's lens changes"	6
6393	block_3.after_attention_residual + block_3.after_mlp_residual	2	tokens=[216,1925,82,2008,1978,1988,82,1312]; text="The island of Ireland lies west of Great"	2
6394	block_3.after_attention_residual + block_3.after_mlp_residual	2	tokens=[3325,2683,1435,56,2936]; text="Brown bears eat a varied"	2
6396	block_3.after_attention_residual + block_3.after_mlp_residual	8	tokens=[995,1592,170,61,3005,2873,4045,82,56,3249]; text="Cloves are the dried flower buds of a tropical" | tokens=[2473,3700,379,3688,3754,80,2103,196]; text="Sloths use curved claws to hang from" | tokens=[1819,4093,1664,80,61,560,956,698,867,309,61]; text="Peanuts belong to the legume family rather than the"	8
6397	block_3.after_attention_residual + block_3.after_mlp_residual	2	tokens=[15,554,562,72,3297,1375,56,622,265,1,3760,1,1526,2729,506,83]; text="Johannes Gutenberg developed a movable-metal-type printing system in"	2
6398	block_3.after_attention_residual + block_3.after_mlp_residual	2	tokens=[216,1869,2073,169,1629,3307,1197,86]; text="The cerebellum helps coordinate movement and"	2
6400	block_3.after_attention_residual + block_3.after_mlp_residual	2	tokens=[4448,3648,347,1507,82,56,1336,955,394,103]; text="CSS specifies how elements of a web page should be"	2
6402	block_3.after_attention_residual + block_3.after_mlp_residual	16	tokens=[4205,1268,130,1420,0,2640,1998]; text="Near Earth's surface, freely falling" | tokens=[4293,175,2072,714,3241]; text="Cubist artists often depict" | tokens=[2302,1,1746,3399,3241,2860]; text="Still-life paintings depict arranged"	16
6405	block_3.after_attention_residual + block_3.after_mlp_residual	4	tokens=[3473,2559,646,83,3915,2253,675,61,1635,328,2834,337]; text="Iron oxides in Martian soil give the planet its reddish" | tokens=[18,1051,666,83,3667,130,2100,4274,905,701,86,3462,80,328,1377]; text="Methane in Neptune's atmosphere absorbs red light and contributes to its blue"	4
6406	block_3.after_attention_residual + block_3.after_mlp_residual	2	tokens=[21,2528,56,3215,820,1674,56,2924,2220,80]; text="Pressing a piano key causes a hammer mechanism to"	2
6408	block_3.after_attention_residual + block_3.after_mlp_residual	10	tokens=[3995,422,0,1762,0,86,4136]; text="Animals, plants, and fungi" | tokens=[2996,747,86,263,1358,518]; text="Snails and clams both" | tokens=[1452,1372,197,1250,1982,86]; text="Spiders have eight legs and"	10
6409	block_3.after_attention_residual + block_3.after_mlp_residual	2	tokens=[4223,2026,3603,170,445,196,2943]; text="Corn tortillas are made from dough"	2
6412	block_3.after_attention_residual + block_3.after_mlp_residual	6	tokens=[24,2461,1162,212,103,3000,80,541,2404,3452,192]; text="Timpani can be tuned to different musical pitches by" | tokens=[6,1886,1809,212,1075,249,2918,559]; text="A database index can speed up searches without" | tokens=[3690,895,175,932,476,714,3196]; text="Impressionist painters often explored"	6
6413	block_3.after_attention_residual + block_3.after_mlp_residual	2	tokens=[11,386,1438,2579,936,82,3293,121]; text="Fossils preserve evidence of organisms that"	2
6414	block_3.after_attention_residual + block_3.after_mlp_residual	2	tokens=[527,1028,467,40,858,366]; text="Weaving interlaces two"	2
6418	block_3.after_attention_residual + block_3.after_mlp_residual	4	tokens=[3477,130,2065,240,3669,0,867,309,958,83,328,1596,196,61,1303,0]; text="Earth's axial tilt, rather than changes in its distance from the Sun," | tokens=[21,2528,56,3215,820]; text="Pressing a piano key"	4
6419	block_3.after_attention_residual + block_3.after_mlp_residual	2	tokens=[1712,371,281,670,911,4088,0,80]; text="Amphibians include frogs, to"	2
6420	block_3.after_attention_residual + block_3.after_mlp_residual	2	tokens=[4287,4470,1287,56,1953,2288,162,61]; text="Cartilage provides a smooth covering at the"	2
6421	block_3.after_attention_residual + block_3.after_mlp_residual	2	tokens=[773,170,3569,1386,83,56]; text="There are sixty seconds in a"	2
6422	block_3.after_attention_residual + block_3.after_mlp_residual	34	tokens=[6,3664,4182,2037,1528,366,2269]; text="A bean embryo normally contains two seed" | tokens=[1935,2026,43,1026,1284,2137,114]; text="Many tortoises feed mainly on" | tokens=[1667,262,2902,1762,1262,704,83,1836,1094]; text="Succulent plants store water in thickened"	34
6425	block_3.after_attention_residual + block_3.after_mlp_residual	6	tokens=[15,1550,1468,352,130,3031,61,876,83,188,2808,2622]; text="Jules Verne's Around the World in Eighty Days" | tokens=[9,2610,130,2671,3446]; text="Dante's Divine Comedy" | tokens=[1159,4200,2698,82,1401,1334]; text="One Hundred Years of Solitude"	6
6426	block_3.after_attention_residual + block_3.after_mlp_residual	4	tokens=[3287,345,130,1742,2760,1217]; text="Saturn's bright rings consist" | tokens=[216,1679,3434,156,3505]; text="The Grand Canyon was carved"	4
6427	block_3.after_attention_residual + block_3.after_mlp_residual	4	tokens=[1906,668,926,1400,306,3047,0,1237,305]; text="Most solids expand when heated, although some" | tokens=[6,3888,130,3825,1528,2662]; text="A comet's nucleus contains frozen"	4
6430	block_3.after_attention_residual + block_3.after_mlp_residual	4	tokens=[1772,111,801,437,61,695]; text="Trumpet players set the air" | tokens=[395,1160,2855,2519,0,521,1692,0]; text="In standard Sudoku, each row,"	4
6431	block_3.after_attention_residual + block_3.after_mlp_residual	2	tokens=[21,1775,69,1978,810,80,61,1454,82,1268,130,1562]; text="Polaris lies close to the direction of Earth's north"	2
6432	block_3.after_attention_residual + block_3.after_mlp_residual	8	tokens=[3410,719,77,865,484,2722]; text="Raising an object against gravity" | tokens=[829,865,130,4109,987]; text="An object's kinetic energy" | tokens=[2243,2722,0,1305,83,56,3882,2098]; text="Under gravity, pressure in a stationary liquid"	8
6434	block_3.after_attention_residual + block_3.after_mlp_residual	4	tokens=[395,77,3816,240,1532]; text="In an inertial reference" | tokens=[3697,155,486,332,1534,1321,83,61]; text="Scheherazade tells stories in the"	4
6435	block_3.after_attention_residual + block_3.after_mlp_residual	2	tokens=[6,2345,381,525,2466,864,306,695,113,2074,811,61]; text="A concert flute produces sound when air is directed across the"	2
6436	block_3.after_attention_residual + block_3.after_mlp_residual	4	tokens=[6,1374,820,3354,56]; text="A primary key identifies a" | tokens=[395,1160,2855,2519,0,521]; text="In standard Sudoku, each"	4
6438	block_3.after_attention_residual + block_3.after_mlp_residual	2	tokens=[1291,2233,87,3274,1566,142,874,996,1245,46,162,1131,1,43,1708]; text="New oceanic crust forms as magma cools at mid-ocean"	2
6439	block_3.after_attention_residual + block_3.after_mlp_residual	4	tokens=[1097,77,679]; text="At an equ" | tokens=[15,554,562,72,1468,593,62,130,1991,139,56,3172,1087,759,3764,56,1289]; text="Johannes Vermeer's Girl with a Pearl Earring depicts a figure"	4
6440	block_3.after_attention_residual + block_3.after_mlp_residual	2	tokens=[395,61,3186,506,0,61,3368,2179,43,4285,56]; text="In the metric system, the prefix kilo denotes a"	2
6441	block_3.after_attention_residual + block_3.after_mlp_residual	2	tokens=[23,207,33,307,3262,1337,1609,82,2327]; text="Sourdough starters contain communities of ye"	2
6444	block_3.after_attention_residual + block_3.after_mlp_residual	2	tokens=[9,2610,130,2671,3446,1681,56,1919,400]; text="Dante's Divine Comedy follows a journey through"	2
6445	block_3.after_attention_residual + block_3.after_mlp_residual	6	tokens=[3948,588,3390,1724,1728,1507,83]; text="Astronomers identify chemical elements in" | tokens=[21,1693,450,170,3526,4463]; text="Pulsars are rotating neutron" | tokens=[2820,1701,1367,197,4092,3016,309,905]; text="Blue stars generally have hotter surfaces than red"	6
6446	block_3.after_attention_residual + block_3.after_mlp_residual	4	tokens=[6,3807,2014,714,2246,56,943,130]; text="A filename extension often indicates a file's" | tokens=[6,3807,2014,714,2246,56,943,130,1702,0,224,131,411,185,2232,121]; text="A filename extension often indicates a file's format, but it does not guarantee that"	4
6447	block_3.after_attention_residual + block_3.after_mlp_residual	2	tokens=[3316,201,91,1166,2218,56,1595,3943,2200,139,77,3193,1083]; text="Combustion usually involves a fuel reacting rapidly with an oxidizing"	2
6449	block_3.after_attention_residual + block_3.after_mlp_residual	2	tokens=[3966,3897,363,113,1367,3808,62,309]; text="Cold seawater is generally denser than"	2
6450	block_3.after_attention_residual + block_3.after_mlp_residual	8	tokens=[216,3983,83,1356,31,1051,1410,121,1356,31,1051,229,723]; text="The witches in Macbeth predict that Macbeth will become" | tokens=[4144,61,1312,156,56]; text="Alexander the Great was a" | tokens=[2319,2325,2189,306,56,3253]; text="Checkmate occurs when a chess"	8
6451	block_3.after_attention_residual + block_3.after_mlp_residual	6	tokens=[216,3139,1899,1978,3643,82,61,2571,82]; text="The Caribbean Sea lies southeast of the Gulf of" | tokens=[216,2749,1718,3523,203,326,61,2571,82]; text="The Mississippi River empties into the Gulf of" | tokens=[216,1768,739,82,707,108,4423,4472,1794,3545,82,1264]; text="The ancient city of Teotihuacan stands northeast of modern"	6
6452	block_3.after_attention_residual + block_3.after_mlp_residual	2	tokens=[1291,2233,87,3274,1566,142,874,996,1245,46,162,1131,1,43]; text="New oceanic crust forms as magma cools at mid-o"	2
6455	block_3.after_attention_residual + block_3.after_mlp_residual	2	tokens=[3063,82,4282,767,61]; text="William of Normandy won the"	2
6458	block_3.after_attention_residual + block_3.after_mlp_residual	2	tokens=[3050,1285,3531,156,4186,83,2412,83]; text="Julius Caesar was assassinated in Rome in"	2
6459	block_3.after_attention_residual + block_3.after_mlp_residual	2	tokens=[3420,71,3638,1006,61,2969,2533,129]; text="Victor Hugo wrote the novels Les M"	2
6460	block_3.after_attention_residual + block_3.after_mlp_residual	2	tokens=[216,3846,3687,1176,113,56]; text="The marble sculpture David is a"	2
6461	block_3.after_attention_residual + block_3.after_mlp_residual	2	tokens=[1994,1717,2914,86,1223]; text="American Sign Language and British"	2
6462	block_3.after_attention_residual + block_3.after_mlp_residual	14	tokens=[4097,1059,113,61,1145,82,2008,0,114,61]; text="Dublin is the capital of Ireland, on the" | tokens=[216,739,82,3742,1780,649,61,4398,2312]; text="The city of Babylon stood near the Euphrates" | tokens=[1470,1072,0,114,61,2292]; text="Seoul, on the Han"	14
6464	block_3.after_attention_residual + block_3.after_mlp_residual	4	tokens=[796,2621,3093,632,2142,61,379,82,701,86,2223,83]; text="Chiaroscuro describes the use of light and shadow in" | tokens=[3471,1285,113,61,3954,1221,83,1268,130,743,1875,306,2297,192,1371]; text="Sirius is the brightest star in Earth's night sky when viewed by apparent"	4
6465	block_3.after_attention_residual + block_3.after_mlp_residual	2	tokens=[3217,1663,4143,130,3285,1640,1207,61,3634]; text="Robert Louis Stevenson's Treasure Island includes the pirate"	2
6467	block_3.after_attention_residual + block_3.after_mlp_residual	4	tokens=[1097,2192,3344,1305,0]; text="At ordinary atmospheric pressure," | tokens=[3950,2166,766,249,269,635,1,3896,2343,82,1268,130]; text="Nitrogen makes up about four-fifths of Earth's"	4
6468	block_3.after_attention_residual + block_3.after_mlp_residual	2	tokens=[3609,2504,3386,212,490,4154]; text="Pottery fragments can help archaeologists"	2
6469	block_3.after_attention_residual + block_3.after_mlp_residual	2	tokens=[3325,2683,1435,56,2936,1650,121,212,911,1762,0]; text="Brown bears eat a varied diet that can include plants,"	2
6471	block_3.after_attention_residual + block_3.after_mlp_residual	2	tokens=[3613,166,469,2540,1178]; text="Male seahorses carry"	2
6472	block_3.after_attention_residual + block_3.after_mlp_residual	22	tokens=[1097,1147,1011,2511,2840,83,56,67,2130,94]; text="Atoms share electron pairs in a covalent" | tokens=[6,3095,130,124,2226,2547,1629,131,1062]; text="A snake's forked tongue helps it collect" | tokens=[4198,2166,219,61,2217,3069,574,82,292]; text="Hydrogen has the lowest atomic number of any"	22
6473	block_3.after_attention_residual + block_3.after_mlp_residual	4	tokens=[3938,298,3299,549,196,56,841,3210,532]; text="Identical twins develop from a single fertilized" | tokens=[2798,4005,0,341,2601,477,61,1089,2752,1003,192,418,1475,124]; text="Among mosquitoes, only females take the blood meals needed by many species for"	4
6475	block_3.after_attention_residual + block_3.after_mlp_residual	22	tokens=[1097,1053,1938,1305,0,704,4190,162,56,1053]; text="At lower external pressure, water boils at a lower" | tokens=[4277,678,113,56,3713,1545,121,113,2098,162,2192,861]; text="Mercury is a metallic element that is liquid at ordinary room" | tokens=[216,715,3654]; text="The human spinal"	22
6476	block_3.after_attention_residual + block_3.after_mlp_residual	2	tokens=[4151,53,4382,130,165,1205,4099]; text="Franz Kafka's The Metamorph"	2
6478	block_3.after_attention_residual + block_3.after_mlp_residual	2	tokens=[23,4288,2142,2265,139,2899,86,2724,948,82,341,56]; text="SVG describes graphics with shapes and paths instead of only a"	2
6481	block_3.after_attention_residual + block_3.after_mlp_residual	2	tokens=[575,595,1,3329,2237,379,2988,1625,80,584,2324,173]; text="Stained-glass windows use colored glass to form designs or"	2
6484	block_3.after_attention_residual + block_3.after_mlp_residual	4	tokens=[2798,61,2836,83,334,1843,506,0,3466,219,61]; text="Among the planets in our solar system, Jupiter has the" | tokens=[6,1387,113,56,817,121,2189,139,61]; text="A mode is a value that occurs with the"	4
6485	block_3.after_attention_residual + block_3.after_mlp_residual	2	tokens=[7,613,170,61,341,3502]; text="Bats are the only mammals"	2
6488	block_3.after_attention_residual + block_3.after_mlp_residual	4	tokens=[4132,2745,0,61,1145,82,3080,0,1978,114,61]; text="Vienna, the capital of Austria, lies on the" | tokens=[4171,276,130,1145,0,4216,0,4157,518,1805,82,61]; text="Hungary's capital, Budapest, occupies both banks of the"	4
6489	block_3.after_attention_residual + block_3.after_mlp_residual	2	tokens=[3666,2872,2991,1005,2404,3123,83,90]; text="Simple triple meter groups musical beats in th"	2
6492	block_3.after_attention_residual + block_3.after_mlp_residual	2	tokens=[3910,885,3083,486,3444,1111,217,436,4009,83,2357]; text="Diego Velazquez included his own likeness in Las"	2
6493	block_3.after_attention_residual + block_3.after_mlp_residual	2	tokens=[6,4242,1754,368,86]; text="A piston moves back and"	2
6495	block_3.after_attention_residual + block_3.after_mlp_residual	2	tokens=[3218,113,56,2727,3732,139,77,3847]; text="Water is a polar molecule with an uneven"	2
6497	block_3.after_attention_residual + block_3.after_mlp_residual	2	tokens=[6,3064,1538,508,56,513,457,638,56,4366]; text="A lever turns around a support point called a ful"	2
6498	block_3.after_attention_residual + block_3.after_mlp_residual	2	tokens=[395,3253,0,56,3540,2846,114,3550,82,61,462,1143,1272,2192]; text="In chess, a bishop stays on squares of the same color throughout ordinary"	2
6499	block_3.after_attention_residual + block_3.after_mlp_residual	2	tokens=[216,3272,1833,1434,212,2945,1981,1316,326]; text="The Domain Name System can translate domain names into"	2
6501	block_3.after_attention_residual + block_3.after_mlp_residual	8	tokens=[6,1381,113,61,462]; text="A liter is the same" | tokens=[784,56,1734,832,82,1969,1249,162,1904,1731,0,1305,1688,142]; text="For a fixed amount of ideal gas at constant temperature, pressure increases as" | tokens=[1159,1324,135,1019,4157,61,462]; text="One milliliter occupies the same"	8
6502	block_3.after_attention_residual + block_3.after_mlp_residual	2	tokens=[575,2384,4353,52,3741,2525,82,3151,86,250,1238]; text="Stratigraphy examines layers of deposits and their relative"	2
6503	block_3.after_attention_residual + block_3.after_mlp_residual	2	tokens=[3736,3457,43,2315,61,3585,178,918,4014,83,3450,4166,473]; text="Captain Nemo commands the submarine Nautilus in Twenty Thousand Le"	2
6504	block_3.after_attention_residual + block_3.after_mlp_residual	2	tokens=[6,1760,1812,1862,3358,2463,56,4080,1469,789,142,61]; text="A cashew nut develops beneath a swollen structure known as the"	2
6505	block_3.after_attention_residual + block_3.after_mlp_residual	2	tokens=[829,4258,234,1228,328,1266,1982,80,499,867,309]; text="An ostrich uses its powerful legs to run rather than"	2
6506	block_3.after_attention_residual + block_3.after_mlp_residual	24	tokens=[1470,147,45,2767,170,4432]; text="Seagrasses are flowering" | tokens=[1267,2367,3066,259,78,4136,584,810,2946,139,61,2475,82]; text="Mycorrhizal fungi form close associations with the roots of" | tokens=[11,873,38,1664,80,56,1449,2703,196]; text="Fungi belong to a separate kingdom from"	24
6507	block_3.after_attention_residual + block_3.after_mlp_residual	6	tokens=[3222,2574,2714,319,839,86]; text="Saliva moistens food and" | tokens=[216,457,1008,1268,392,77,2980]; text="The point inside Earth where an earthquake" | tokens=[4151,53,4382,130,165,1205,4099,1732]; text="Franz Kafka's The Metamorphosis"	6
6508	block_3.after_attention_residual + block_3.after_mlp_residual	6	tokens=[1035,1634,151,4335,3972,481,1388,86,1327,173]; text="Phloem transports sugars between sources and growing or" | tokens=[3175,3468,1354,0,732,2389,2627]; text="Unlike volatile memory, nonvolatile" | tokens=[4385,1,1585,2361,197,322,3526]; text="Solid-state drives have no rotating"	6
6509	block_3.after_attention_residual + block_3.after_mlp_residual	6	tokens=[3192,1039,4266,212,103,1465,192,3490,4303]; text="Bronze sculptures can be produced by pouring molten" | tokens=[3389,169,1317,4052,370,911,3576,4399,86,2787]; text="Illuminated manuscripts may include decorated initials and precious" | tokens=[3304,827,422,170,4422,2650,2185,445,196]; text="Cymbals are percussion instruments commonly made from"	6
6511	block_3.after_attention_residual + block_3.after_mlp_residual	4	tokens=[18,1965,422,197,3022,1728,3944,86]; text="Minerals have characteristic chemical compositions and" | tokens=[1501,21,1287,1645,139,56,2259,0]; text="TCP provides applications with a reliable,"	4
6512	block_3.after_attention_residual + block_3.after_mlp_residual	18	tokens=[3690,260,502,2163,1108,427,82,3401,130]; text="Impact craters cover much of Mercury's" | tokens=[3014,399,2030,1,33,2560,156,56,739,82,61]; text="Mohenjo-daro was a city of the" | tokens=[216,1145,82,2373,113,3417,0,77]; text="The capital of Greece is Athens, an"	18
6513	block_3.after_attention_residual + block_3.after_mlp_residual	2	tokens=[2667,2005,2142,61,1075,162,267,1010,113]; text="Tempo describes the speed at which music is"	2
6515	block_3.after_attention_residual + block_3.after_mlp_residual	4	tokens=[3558,526,1228,3294,80,1380,3829,114]; text="Batik uses wax to resist dye on" | tokens=[6,4334,1073,2105,362,56,652,192,1561,993,80,550,400]; text="A stencil reproduces a design by allowing material to pass through"	4
6517	block_3.after_attention_residual + block_3.after_mlp_residual	2	tokens=[216,876,3500,1606,113,56,868,1153,114,61,1587,867,309,56]; text="The World Wide Web is a service built on the internet rather than a"	2
6521	block_3.after_attention_residual + block_3.after_mlp_residual	2	tokens=[3508,1210,170,185,77,3579,83,267,521]; text="Chinese characters are not an alphabet in which each"	2
6522	block_3.after_attention_residual + block_3.after_mlp_residual	2	tokens=[216,3380,268,4184,83,3602,156]; text="The Hagia Sophia in Istanbul was"	2
6523	block_3.after_attention_residual + block_3.after_mlp_residual	4	tokens=[2975,223,3190,0,56,1160,1366,1,940,415]; text="Without jokers, a standard French-suited" | tokens=[6,2502,2040,2432,328]; text="A suspension bridge carries its"	4
6524	block_3.after_attention_residual + block_3.after_mlp_residual	4	tokens=[216,1768,739,82,4450,239]; text="The ancient city of Carthage" | tokens=[216,2019,4036,739,82,2263,1617,47,68,2303]; text="The Aztec city of Tenochtitlan"	4
6525	block_3.after_attention_residual + block_3.after_mlp_residual	4	tokens=[796,177,194,992,1217,82,1995,1319,139,2926,83,100,1034,276]; text="Chromosomes consist of DNA associated with proteins in eukary" | tokens=[216,2347,2896,2084,2432,1224,488,3547,83,2726,3978,371,87,0,788]; text="The Rosetta Stone carries related inscriptions in hieroglyphic, Dem"	4
6526	block_3.after_attention_residual + block_3.after_mlp_residual	2	tokens=[3946,3173,196,56,3834,212,1002,56,1027,130]; text="Moving farther from a pivot can increase a force's"	2
6527	block_3.after_attention_residual + block_3.after_mlp_residual	2	tokens=[2414,871,251,3681,2184,4458,196,56,381,1962,2036,481]; text="Corrugated cardboard gains stiffness from a fluted layer between"	2
6529	block_3.after_attention_residual + block_3.after_mlp_residual	2	tokens=[216,2019,4036,739,82,2263,1617,47,68,2303,1780,114,77,1925,83]; text="The Aztec city of Tenochtitlan stood on an island in"	2
6530	block_3.after_attention_residual + block_3.after_mlp_residual	14	tokens=[6,2179,3416,1528]; text="A kilogram contains" | tokens=[2798,61,2836,83]; text="Among the planets in" | tokens=[216,3252,117,1521,113,1319,139,61,1536]; text="The Pillow Book is associated with the Japanese"	14
6531	block_3.after_attention_residual + block_3.after_mlp_residual	2	tokens=[2925,919,77,1092,130,3088,2894,411,185,1803,2477,1275,121,156,564]; text="Increasing an image's pixel dimensions does not automatically restore detail that was never"	2
6532	block_3.after_attention_residual + block_3.after_mlp_residual	14	tokens=[6,2299,130,1479,3652,2692,326]; text="A screw's thread converts rotation into" | tokens=[11,4365,212,2388,2138]; text="Friction can convert organized" | tokens=[1470,493,4187,717,922]; text="Seismometers record ground"	14
6533	block_3.after_attention_residual + block_3.after_mlp_residual	2	tokens=[3966,3897,363,113,1367,3808,62,309,1705,3897,363,82,61,462,1265]; text="Cold seawater is generally denser than warm seawater of the same sal"	2
6534	block_3.after_attention_residual + block_3.after_mlp_residual	2	tokens=[395,56,1505,506,0,2192,1728,2639,4333,962,929,80,77]; text="In a closed system, ordinary chemical reactions conserve total mass to an"	2
6536	block_3.after_attention_residual + block_3.after_mlp_residual	2	tokens=[2870,376,113,56,677,2596,3104,690,2879,173,481,56]; text="Lightning is a large electrical discharge within clouds or between a"	2
6537	block_3.after_attention_residual + block_3.after_mlp_residual	2	tokens=[216,1312,1546,82,1057,1207]; text="The Great Wall of China includes"	2
6538	block_3.after_attention_residual + block_3.after_mlp_residual	6	tokens=[216,2904,82,3176,30,3404]; text="The Palace of Versailles" | tokens=[216,1768,739,82,707,108,4423,4472]; text="The ancient city of Teotihuacan" | tokens=[22,214,0,61,1145,82,2085,0]; text="Rome, the capital of Italy,"	6
6539	block_3.after_attention_residual + block_3.after_mlp_residual	2	tokens=[4331,130,3209,113,2185,1271,80,61,1647,82,56]; text="Italy's outline is commonly compared to the shape of a"	2
6540	block_3.after_attention_residual + block_3.after_mlp_residual	2	tokens=[1983,2363,129,1185,1036,762]; text="Edvard Munch created several"	2
6541	block_3.after_attention_residual + block_3.after_mlp_residual	4	tokens=[1097,1147,1011,2511,2840,83,56,67,2130,94,1728]; text="Atoms share electron pairs in a covalent chemical" | tokens=[527,127,75,2917,1683,192,2823,56]; text="Welding joins materials by forming a"	4
6542	block_3.after_attention_residual + block_3.after_mlp_residual	8	tokens=[4121,3571,2218,61,1106,82,3776,83,56,1728]; text="Oxidation involves the loss of electrons in a chemical" | tokens=[6,3869,958,56,1798,130,967,559,409,2723,1344,83,121]; text="A catalyst changes a reaction's rate without being consumed overall in that" | tokens=[4121,3571,86,2049,1119,813,83,56,905,529]; text="Oxidation and reduction occur together in a redox"	8
6544	block_3.after_attention_residual + block_3.after_mlp_residual	2	tokens=[2905,4447,3852,88,445,724]; text="Alexandre Dumas made Ed"	2
6545	block_3.after_attention_residual + block_3.after_mlp_residual	2	tokens=[6,3054,1801,2987,1788,196,56,879]; text="A bicycle chain transfers motion from a front"	2
6546	block_3.after_attention_residual + block_3.after_mlp_residual	2	tokens=[1906,3109,251,715,746,1493,2037,1337]; text="Most nucleated human body cells normally contain"	2
6547	block_3.after_attention_residual + block_3.after_mlp_residual	2	tokens=[2925,919,77,1092,130,3088,2894,411,185]; text="Increasing an image's pixel dimensions does not"	2
6549	block_3.after_attention_residual + block_3.after_mlp_residual	2	tokens=[4171,276,130,1145,0,4216,0,4157,518]; text="Hungary's capital, Budapest, occupies both"	2
6550	block_3.after_attention_residual + block_3.after_mlp_residual	8	tokens=[216,1145,82,1516,113]; text="The capital of France is" | tokens=[216,2904,82,3176,30,3404,1794,649]; text="The Palace of Versailles stands near" | tokens=[216,188,365,193,2178,156,1153,124,61]; text="The Eiffel Tower was built for the"	8
6551	block_3.after_attention_residual + block_3.after_mlp_residual	6	tokens=[216,3898,113,1463,1486,1313,121,212,4401]; text="The mantle is mostly solid rock that can deform" | tokens=[24,226,2248,2709,639]; text="Tectonic plates move" | tokens=[784,621,3676,162,1734,2722,0,56,1065,4302,2811,3676,253]; text="For small swings at fixed gravity, a simple pendulum swings more"	6
6552	block_3.after_attention_residual + block_3.after_mlp_residual	2	tokens=[216,4115,130,3413,3712,1510,2813,83,1768]; text="The Nile's seasonal floods supported agriculture in ancient"	2
6554	block_3.after_attention_residual + block_3.after_mlp_residual	2	tokens=[1567,1843,506,2810,80,61,3522,3514,2970,638,61,3984]; text="Our solar system belongs to the barred spiral galaxy called the Milky"	2
6555	block_3.after_attention_residual + block_3.after_mlp_residual	2	tokens=[6,3350,130,3156,113,445,2009,82]; text="A shark's skeleton is made primarily of"	2
6556	block_3.after_attention_residual + block_3.after_mlp_residual	2	tokens=[6,1760,1812,1862,3358,2463,56,4080,1469,789,142,61,1760]; text="A cashew nut develops beneath a swollen structure known as the cas"	2
6557	block_3.after_attention_residual + block_3.after_mlp_residual	2	tokens=[3723,1735,1621,82,56,2260]; text="Opposite sides of a paralle"	2
6560	block_3.after_attention_residual + block_3.after_mlp_residual	2	tokens=[3995,422,0,1762,0,86,4136,1664,80,61,100,1034,276]; text="Animals, plants, and fungi belong to the eukary"	2
6561	block_3.after_attention_residual + block_3.after_mlp_residual	2	tokens=[216,677,4339,4274,704,196,993]; text="The large intestine absorbs water from material"	2
6562	block_3.after_attention_residual + block_3.after_mlp_residual	2	tokens=[6,862,1009,4142,219,3000,2721,2244,121,170,1990,139]; text="A xylophone has tuned wooden bars that are struck with"	2
6564	block_3.after_attention_residual + block_3.after_mlp_residual	2	tokens=[216,1768,4025,495,34,245,3505,4043,750,934,326,4076,130,1822]; text="The ancient Nabataeans carved monumental facades into Petra's sand"	2
6566	block_3.after_attention_residual + block_3.after_mlp_residual	4	tokens=[216,1768,4025,495,34,245,3505,4043,750,934,326,4076,130]; text="The ancient Nabataeans carved monumental facades into Petra's" | tokens=[3170,84,1339,584,392,927,3151,3453]; text="Sand dunes form where wind deposits accumulated"	4
6567	block_3.after_attention_residual + block_3.after_mlp_residual	2	tokens=[17,333,1730,170,3274,274,245,139]; text="Lobsters are crustaceans with"	2
6569	block_3.after_attention_residual + block_3.after_mlp_residual	6	tokens=[3803,121,700,813,83,56,4145,212]; text="Stars that appear together in a constellation can" | tokens=[216,3277,82,1448,454,167]; text="The ruins of Ephesus" | tokens=[216,1549,241,4414,2558,1664,80,3628,86]; text="The Galapagos Islands belong to Ecuador and"	6
6570	block_3.after_attention_residual + block_3.after_mlp_residual	2	tokens=[3121,2590,4081,856,3370,425,1552,2151,74]; text="Dragonfly larvae live underwater before becoming winged"	2
6571	block_3.after_attention_residual + block_3.after_mlp_residual	2	tokens=[6,1453,113,56,104,2273,2231]; text="Agar is a gelling substance"	2
6572	block_3.after_attention_residual + block_3.after_mlp_residual	2	tokens=[6,2502,2040,2432,328,1779,573,3138,121,2103,196,1341]; text="A suspension bridge carries its deck using cables that hang from larger"	2
6573	block_3.after_attention_residual + block_3.after_mlp_residual	2	tokens=[3853,329,3772,3399,714,3230,4052,139]; text="Persian miniature paintings often illustrate manuscripts with"	2
6574	block_3.after_attention_residual + block_3.after_mlp_residual	2	tokens=[216,869,163,742,567,958,56,1877,130]; text="The Doppler effect changes a wave's"	2
6575	block_3.after_attention_residual + block_3.after_mlp_residual	2	tokens=[216,704,1125,2191,61,1867,1420,82,61,3567,3975]; text="The water table marks the upper surface of the saturated groundwater"	2
6580	block_3.after_attention_residual + block_3.after_mlp_residual	2	tokens=[1667,262,2902,1762,1262,704,83]; text="Succulent plants store water in"	2
6582	block_3.after_attention_residual + block_3.after_mlp_residual	2	tokens=[3987,2025,2548,212,1411,987,400]; text="Thermal radiation can transfer energy through"	2
6584	block_3.after_attention_residual + block_3.after_mlp_residual	2	tokens=[3134,130,1145,113,2773,0,867,309]; text="Canada's capital is Ottawa, rather than"	2
6585	block_3.after_attention_residual + block_3.after_mlp_residual	2	tokens=[6,1219,399,1207,56,4174,1079,139,56,1581,3945]; text="A lichen includes a fungus living with a photosynt"	2
6586	block_3.after_attention_residual + block_3.after_mlp_residual	14	tokens=[7,1139,130,3281,2350]; text="Baker's yeast releases" | tokens=[4180,113,77,1910,1,1137,4031,121,1528]; text="Steel is an iron-based alloy that contains" | tokens=[3226,2737,2448,1682,82,3250]; text="Limestone consists largely of calcium"	14
6587	block_3.after_attention_residual + block_3.after_mlp_residual	14	tokens=[2798,61,2836,83,334]; text="Among the planets in our" | tokens=[4091,167,1687,340,83,61,1860,1454,196,372,287,2836,83,334]; text="Venus rotates in the opposite direction from most other planets in our" | tokens=[216,1303,113,61,1221,162,61,1256,82,334]; text="The Sun is the star at the center of our"	14
6588	block_3.after_attention_residual + block_3.after_mlp_residual	12	tokens=[216,837,82,1345]; text="The study of speech" | tokens=[8,657,206,1071,1972,250,839,2009,192]; text="Carnivores obtain their food primarily by" | tokens=[216,1145,82,3626]; text="The capital of Peru"	12
6589	block_3.after_attention_residual + block_3.after_mlp_residual	2	tokens=[10,1254,83,61,462,3718,1,2505,641,714,197,850,1728]; text="Elements in the same periodic-table group often have similar chemical"	2
6590	block_3.after_attention_residual + block_3.after_mlp_residual	2	tokens=[9,3001,577,1420,80,3142,695,400,250]; text="Dolphins must surface to breathe air through their"	2
6591	block_3.after_attention_residual + block_3.after_mlp_residual	4	tokens=[25,994,167,1687,340,139,328,2994,4074,835,326,61]; text="Uranus rotates with its axis tilted almost into the" | tokens=[2348,3802,1326,83,56,4440,233,70]; text="Parallel lines in a Euclidean"	4
6592	block_3.after_attention_residual + block_3.after_mlp_residual	4	tokens=[829,865,130,4109,987,1688,139,61]; text="An object's kinetic energy increases with the" | tokens=[1756,1848,113,56,4019,0,224,185,385,4019,113,56]; text="Every square is a rectangle, but not every rectangle is a"	4
6594	block_3.after_attention_residual + block_3.after_mlp_residual	4	tokens=[216,2314,46,1555,3485,3398,192,250]; text="The Mohs scale compares minerals by their" | tokens=[4205,1268,130,1420,0,2640,1998,1658,197,1863,61,462,3295,306,695]; text="Near Earth's surface, freely falling objects have approximately the same acceleration when air"	4
6595	block_3.after_attention_residual + block_3.after_mlp_residual	10	tokens=[829,753,130,2655,1978,481]; text="An event's probability lies between" | tokens=[216,1360,817,82,56,512,574,1597,328,1596,196]; text="The absolute value of a real number measures its distance from" | tokens=[395,56,1395,1,3228,945,1080,437,0,521,431,82,56,3113,978,56,574,196]; text="In a double-six domino set, each end of a tile shows a number from"	10
6596	block_3.after_attention_residual + block_3.after_mlp_residual	2	tokens=[216,1312,1546,82,1057,1207,1793]; text="The Great Wall of China includes fort"	2
6597	block_3.after_attention_residual + block_3.after_mlp_residual	2	tokens=[216,4446,457,1629,2993,1882,83,2785]; text="The vanishing point helps organize depth in linear"	2
6598	block_3.after_attention_residual + block_3.after_mlp_residual	4	tokens=[3551,56,834,2023,130,753,3122,0,701,920]; text="Inside a black hole's event horizon, light cannot" | tokens=[1413,96,2779,212,2866,250,3842,80]; text="Some lizards can shed their tails to"	4
6600	block_3.after_attention_residual + block_3.after_mlp_residual	2	tokens=[2707,75,1380,330,83,880]; text="Connecting resistors in series"	2
6601	block_3.after_attention_residual + block_3.after_mlp_residual	2	tokens=[216,799,30,130,1857,2217,1485,113,1053,83,1933,309,61,4125,130]; text="The viola's usual lowest string is lower in pitch than the violin's"	2
6604	block_3.after_attention_residual + block_3.after_mlp_residual	10	tokens=[216,2132,86,2088,2932,2183,3211,821]; text="The Northern and Southern Hemispheres experience" | tokens=[4091,167,1687,340,83,61]; text="Venus rotates in the" | tokens=[6,2368,896,1,3447,1471,219]; text="A conventional six-sided die has"	10
6605	block_3.after_attention_residual + block_3.after_mlp_residual	4	tokens=[6,2368,896,1,3447,1471,219,1860]; text="A conventional six-sided die has opposite" | tokens=[1097,324,2187,0,61,1891,130,1390,3154,3936]; text="At new moon, the Moon's sunlit hemisphere"	4
6606	block_3.after_attention_residual + block_3.after_mlp_residual	2	tokens=[1819,4093,1664,80,61,560,956,698,867,309,61,1652]; text="Peanuts belong to the legume family rather than the tree"	2
6607	block_3.after_attention_residual + block_3.after_mlp_residual	2	tokens=[4205,1268,130,1420,0,2640,1998,1658,197]; text="Near Earth's surface, freely falling objects have"	2
6609	block_3.after_attention_residual + block_3.after_mlp_residual	4	tokens=[6,1628,3769,2185,3358,530,61,517,306,807,539,442,1636,309]; text="A sea breeze commonly develops during the day when land warms faster than" | tokens=[1413,2793,1762,3622,1408,4226,508]; text="Some climbing plants coil tendrils around"	4
6611	block_3.after_attention_residual + block_3.after_mlp_residual	44	tokens=[829,3346,130,3384,3349,328,2310,86]; text="An elephant's trunk combines its nose and" | tokens=[3473,2559,646,83]; text="Iron oxides in" | tokens=[6,3957,504,113]; text="A fresco is"	44
6614	block_3.after_attention_residual + block_3.after_mlp_residual	4	tokens=[6,3414,3652,864,326,77,2596]; text="A microphone converts sound into an electrical" | tokens=[6,4436,1139,3652,77,2596]; text="A loudspeaker converts an electrical"	4
6615	block_3.after_attention_residual + block_3.after_mlp_residual	2	tokens=[3049,3331,4473,2479,306,3047,704,1008,299,2577]; text="Popcorn kernels burst when heated water inside them builds"	2
6616	block_3.after_attention_residual + block_3.after_mlp_residual	2	tokens=[10,4286,4327,61,2928,86]; text="Etymology investigates the origins and"	2
6617	block_3.after_attention_residual + block_3.after_mlp_residual	2	tokens=[25,1359,2112,1,34,156,56,1536]; text="Ukiyo-e was a Japanese"	2
6618	block_3.after_attention_residual + block_3.after_mlp_residual	2	tokens=[23,822,588,2448,82,3005,128,123,1611,3965,196,56,1475,82]; text="Saffron consists of dried stigmas harvested from a species of"	2
6619	block_3.after_attention_residual + block_3.after_mlp_residual	6	tokens=[3471,1285,113,61,3954,1221,83,1268,130,743]; text="Sirius is the brightest star in Earth's night" | tokens=[3477,130,2692,766,61,1303,700,80,639,811,61]; text="Earth's rotation makes the Sun appear to move across the" | tokens=[6,599,2187,2189,306,61,1891,113,1860,61,1303,83,1268,130]; text="A full moon occurs when the Moon is opposite the Sun in Earth's"	6
6621	block_3.after_attention_residual + block_3.after_mlp_residual	2	tokens=[216,869,163,742,567,958,56]; text="The Doppler effect changes a"	2
6622	block_3.after_attention_residual + block_3.after_mlp_residual	6	tokens=[2108,241,4361,1119,649,61,356,86,935,2736,82,61,3618]; text="Neap tides occur near the first and third quarters of the lunar" | tokens=[2427,107,1671,1946,2866,250,1678,530,56,1163,3413]; text="Deciduous trees shed their leaves during a regular seasonal" | tokens=[3203,359,1762,769,250,548]; text="Annual plants complete their life"	6
6625	block_3.after_attention_residual + block_3.after_mlp_residual	2	tokens=[10,31,733,2228,640,4259,220,113,61,1405,853,83,112]; text="Ebenezer Scrooge is the central character in A"	2
6626	block_3.after_attention_residual + block_3.after_mlp_residual	4	tokens=[2243,2722,0,1305,83,56,3882,2098,1688,139]; text="Under gravity, pressure in a stationary liquid increases with" | tokens=[216,4446,457,1629,2993]; text="The vanishing point helps organize"	4
6628	block_3.after_attention_residual + block_3.after_mlp_residual	2	tokens=[6,3178,1892,56,496,0,465,56,859,1,315,2661,1892,61]; text="A portrait represents a person, while a self-portrait represents the"	2
6629	block_3.after_attention_residual + block_3.after_mlp_residual	56	tokens=[20,2623,1121]; text="Olive oil" | tokens=[24,1457,4045]; text="Taste buds" | tokens=[3128,961,3894]; text="Continental collisions"	54
6630	block_3.after_attention_residual + block_3.after_mlp_residual	2	tokens=[6,1374,820,3354,56,1692,3534,690,56,4471]; text="A primary key identifies a row uniquely within a relational"	2
6632	block_3.after_attention_residual + block_3.after_mlp_residual	2	tokens=[4435,78,88,170,4443,446,2113,0,185,777,82,61]; text="Koalas are marsupials, not members of the"	2
6634	block_3.after_attention_residual + block_3.after_mlp_residual	4	tokens=[6,2546,1459,4406,958,83,1984,190,306,621]; text="A buffer solution resists changes in acidity when small" | tokens=[6,4371,212,1449,923,701,326,2018,380,541,4344,474,461,192,541]; text="A prism can separate white light into colors because different wavelengths refract by different"	4
6635	block_3.after_attention_residual + block_3.after_mlp_residual	12	tokens=[1951,56,1843,3635,0,61]; text="During a solar eclipse, the" | tokens=[6,3618,3635,2189,306,61]; text="A lunar eclipse occurs when the" | tokens=[4373,4361,170,2078,2137,192,61,3824,1118,82,61]; text="Ocean tides are driven mainly by the gravitational effects of the"	12
6636	block_3.after_attention_residual + block_3.after_mlp_residual	6	tokens=[829,1186,500,74,1500]; text="An undirected graph" | tokens=[3508,1210,170,185,77,3579,83,267,521,1777,941]; text="Chinese characters are not an alphabet in which each symbol simply" | tokens=[6,3178,1892,56,496,0,465,56,859,1,315,2661]; text="A portrait represents a person, while a self-portrait"	6
6637	block_3.after_attention_residual + block_3.after_mlp_residual	2	tokens=[3691,492,636,1089,1298,61,997,0,867,309]; text="Veins return blood toward the heart, rather than"	2
6638	block_3.after_attention_residual + block_3.after_mlp_residual	2	tokens=[216,3504,3693,1432,113,2548,608,196,61,790,1112]; text="The cosmic microwave background is radiation left from the early hot"	2
6639	block_3.after_attention_residual + block_3.after_mlp_residual	2	tokens=[11,52,3843,145,208,43,819,2938,130,2344,86,2862,3127,2390,114]; text="Fyodor Dostoevsky's Crime and Punishment centers on"	2
6641	block_3.after_attention_residual + block_3.after_mlp_residual	2	tokens=[8,933,643,3003,170,2550,494,1008,61]; text="Coffee beans are seeds found inside the"	2
6643	block_3.after_attention_residual + block_3.after_mlp_residual	16	tokens=[216,106,2858,3866,3303,61,3237]; text="The Suez Canal connects the Mediterranean" | tokens=[216,106,2858,3866,3303,61,3237,1899,139,61,914]; text="The Suez Canal connects the Mediterranean Sea with the Red" | tokens=[216,2375,242,2934,400,1437,425,2213,61,901]; text="The Rhine flows through Germany before reaching the North"	16
6644	block_3.after_attention_residual + block_3.after_mlp_residual	2	tokens=[3872,3611,584,400,474,2064,0,1620,2821,0,86,1458]; text="Rainbows form through refraction, internal reflection, and disp"	2
6645	block_3.after_attention_residual + block_3.after_mlp_residual	6	tokens=[1260,2536,113,61,2098]; text="Plasma is the liquid" | tokens=[6,4201,130,1619,4018]; text="A carrot's familiar edible" | tokens=[216,4381,3517,811,56,677]; text="The Sahara stretches across a large"	6
6646	block_3.after_attention_residual + block_3.after_mlp_residual	2	tokens=[3014,399,2030,1,33,2560,156,56,739,82,61,1768,626,167]; text="Mohenjo-daro was a city of the ancient Indus"	2
6647	block_3.after_attention_residual + block_3.after_mlp_residual	2	tokens=[23,1915,329,313,3433,2564,4017,1,3028,2191,326,3393,80,1229,67,730]; text="Sumerian scribes pressed wedge-shaped marks into clay to write cune"	2
6648	block_3.after_attention_residual + block_3.after_mlp_residual	6	tokens=[395,77,3816,240,1532,1690,0,77,865,139,322,824,1027,2965]; text="In an inertial reference frame, an object with no net force maintains" | tokens=[829,865,1309,83,56,2242,2129,340,377,302,328,1075,2846]; text="An object moving in a circle accelerates even if its speed stays" | tokens=[784,56,1734,832,82,1969,1249,162]; text="For a fixed amount of ideal gas at"	6
6652	block_3.after_attention_residual + block_3.after_mlp_residual	4	tokens=[14,36,352,252,2624,584,306,4303,993,1245,46,86,1486]; text="Igneous rocks form when molten material cools and solid" | tokens=[21,169,243,1528,418,1249,3592,2738,142,4303,1313,1486]; text="Pumice contains many gas bubbles trapped as molten rock solid"	4
6654	block_3.after_attention_residual + block_3.after_mlp_residual	2	tokens=[4454,1566,400,1728,2639,1985]; text="Rust forms through chemical reactions involving"	2
6655	block_3.after_attention_residual + block_3.after_mlp_residual	2	tokens=[6,839,1336,3303,1182,2673]; text="A food web connects multiple feeding"	2
6656	block_3.after_attention_residual + block_3.after_mlp_residual	2	tokens=[216,2893,2645,1928,77,2387,80,61,1768,2916]; text="The Lion Gate formed an entrance to the ancient cit"	2
6657	block_3.after_attention_residual + block_3.after_mlp_residual	4	tokens=[395,77,1322,2040,0,61,1322,2987,2958,1298,328]; text="In an arch bridge, the arch transfers loads toward its" | tokens=[1413,2793,1762,3622,1408,4226,508,1865]; text="Some climbing plants coil tendrils around nearby"	4
6660	block_3.after_attention_residual + block_3.after_mlp_residual	2	tokens=[13,323,160,113,61,1241,506,460,124]; text="Hangul is the writing system used for"	2
6661	block_3.after_attention_residual + block_3.after_mlp_residual	2	tokens=[1159,113,185,2353,142,56]; text="One is not classified as a"	2
6662	block_3.after_attention_residual + block_3.after_mlp_residual	2	tokens=[216,2135,82,2618,83,1995]; text="The sequence of bases in DNA"	2
6663	block_3.after_attention_residual + block_3.after_mlp_residual	4	tokens=[13,894,42,150,3994,1006,61,1608,4315,2332,2658,269,56,2155]; text="Hermann Hesse wrote the novel Siddhartha about a spiritual" | tokens=[9,2610,130,2671,3446,1681,56]; text="Dante's Divine Comedy follows a"	4
6665	block_3.after_attention_residual + block_3.after_mlp_residual	6	tokens=[4178,1574,83,715,3406,1044,583,811,61,2042,82]; text="Gas exchange in human lungs takes place across the walls of" | tokens=[8,1889,2006,414,170,1476,0,377,470,418,3454]; text="Coral polyps are animals, even though many resemble" | tokens=[216,2269,925,2157,114,56,4220,130,1420,170]; text="The seedlike structures on a strawberry's surface are"	6
6666	block_3.after_attention_residual + block_3.after_mlp_residual	2	tokens=[216,1145,82,4310,113,222,1551,70]; text="The capital of Mongolia is Ulaan"	2
6668	block_3.after_attention_residual + block_3.after_mlp_residual	4	tokens=[1951,56,1843,3635,0,61,1891]; text="During a solar eclipse, the Moon" | tokens=[3963,3397,733,2448,82,433,2830,1928,196,1450,4108,998]; text="Polyethylene consists of long chains formed from ethylene building"	4
6669	block_3.after_attention_residual + block_3.after_mlp_residual	14	tokens=[216,1925,82,1976,1978,1615,82,61]; text="The island of Java lies south of the" | tokens=[4000,4294,113,56,3909,114,1076,130]; text="Mount Fuji is a volcano on Japan's" | tokens=[3266,1085,989,130,2633,2885,989,2142,56,1195,2120,130,548,114,77]; text="Daniel Defoe's Robinson Crusoe describes a castaway's life on an"	14
6670	block_3.after_attention_residual + block_3.after_mlp_residual	4	tokens=[216,2132,86,2088,2932,2183,3211,821,1860]; text="The Northern and Southern Hemispheres experience opposite" | tokens=[3477,130,2065,240,3669,0,867,309,958,83,328,1596,196,61,1303,0,1674,61]; text="Earth's axial tilt, rather than changes in its distance from the Sun, causes the"	4
6671	block_3.after_attention_residual + block_3.after_mlp_residual	2	tokens=[3233,177,3599,2322,1217,82,3143,3588,391,1577,86,2775]; text="Electromagnetic waves consist of coupled oscillating electric and magnetic"	2
6672	block_3.after_attention_residual + block_3.after_mlp_residual	6	tokens=[3865,3258,113,3876,1625]; text="Obsidian is volcanic glass" | tokens=[3963,3397,733,2448,82,433,2830]; text="Polyethylene consists of long chains" | tokens=[216,4234,60,4314,2135,212,103]; text="The Fibonacci sequence can be"	6
6673	block_3.after_attention_residual + block_3.after_mlp_residual	2	tokens=[1738,339,148,83,56]; text="Performers in a"	2
6675	block_3.after_attention_residual + block_3.after_mlp_residual	6	tokens=[216,1145,82,3626,113,4235,0,649,61,2111]; text="The capital of Peru is Lima, near the Pacific" | tokens=[9,213,79,0,114,1644,130,2411]; text="Dakar, on Africa's Atlantic" | tokens=[216,1925,82,4376,1978,282,1644,130,4006]; text="The island of Madagascar lies off Africa's southeastern"	6
6676	block_3.after_attention_residual + block_3.after_mlp_residual	4	tokens=[216,2541,3647,854,156,1231,192,3340]; text="The Sydney Opera House was designed by Danish" | tokens=[216,3619,45,1491,2998,3094,83,2882,113,1948,1319,139]; text="The Sagrada Familia in Barcelona is closely associated with"	4
6677	block_3.after_attention_residual + block_3.after_mlp_residual	22	tokens=[10,3751,3566]; text="Echidnas" | tokens=[2759,89,2550]; text="Maple seeds" | tokens=[6,953,864,2134,1367,3580,80,56,953,2464]; text="A higher sound frequency generally corresponds to a higher perceived"	22
6680	block_3.after_attention_residual + block_3.after_mlp_residual	2	tokens=[216,704,1125,2191,61,1867,1420,82,61,3567,3975,1831,83,77,273,2393,618,2856]; text="The water table marks the upper surface of the saturated groundwater zone in an unconfined aqu"	2
6682	block_3.after_attention_residual + block_3.after_mlp_residual	48	tokens=[4287,4470,1287]; text="Cartilage provides" | tokens=[6,1219,399]; text="A lichen" | tokens=[2476,2289,958]; text="Freezing changes"	48
6686	block_3.after_attention_residual + block_3.after_mlp_residual	2	tokens=[829,754,198,505,2466,1243,265]; text="An engraving produces printable"	2
6687	block_3.after_attention_residual + block_3.after_mlp_residual	4	tokens=[6,312,1443,652,113,445,192,2428,86,3511]; text="A quilling design is made by rolling and shaping" | tokens=[216,3506,3866,3541,61]; text="The Panama Canal crosses the"	4
6688	block_3.after_attention_residual + block_3.after_mlp_residual	2	tokens=[216,3277,82,1448,454,167,1825,83,321,113,382]; text="The ruins of Ephesus lie in what is now"	2
6689	block_3.after_attention_residual + block_3.after_mlp_residual	2	tokens=[6,1804,255,1739,2316,61,462,3238,86,1013,369,328]; text="A palindrome reads the same backward and forward under its"	2
6690	block_3.after_attention_residual + block_3.after_mlp_residual	8	tokens=[20,2623,1121,113,3369,196,61,2952,82,3232]; text="Olive oil is extracted from the fruits of olive" | tokens=[8,3418,113,1827,196,61,2139,3383,82,731]; text="Cinnamon is obtained from the inner bark of certain" | tokens=[3997,67,458,113,3965,196,61,3383,82,67,458,3653]; text="Natural cork is harvested from the bark of cork oak"	8
6692	block_3.after_attention_residual + block_3.after_mlp_residual	2	tokens=[216,3619,45,1491,2998,3094,83,2882,113]; text="The Sagrada Familia in Barcelona is"	2
6694	block_3.after_attention_residual + block_3.after_mlp_residual	2	tokens=[24,703,48,113,445,192,375,147,2126,3120,2013,86,2594,61]; text="Tofu is made by coagulating soy milk and pressing the"	2
6696	block_3.after_attention_residual + block_3.after_mlp_residual	2	tokens=[3290,1597,4426,0,465,1214,113,61,3824,1027]; text="Mass measures inertia, while weight is the gravitational force"	2
6698	block_3.after_attention_residual + block_3.after_mlp_residual	2	tokens=[796,58,1815,112,944,603,437,2518]; text="Chinua Achebe set Things"	2
6700	block_3.after_attention_residual + block_3.after_mlp_residual	2	tokens=[6,3368,113,1956,425,56,674,130,1049,0,2281,56,4002,113]; text="A prefix is attached before a word's base, whereas a suffix is"	2
6701	block_3.after_attention_residual + block_3.after_mlp_residual	6	tokens=[1951,528,4099,1732,0,56]; text="During metamorphosis, a" | tokens=[3966,3897,363,113,1367,3808,62,309,1705,3897,363,82,61,462,1265,1789,162]; text="Cold seawater is generally denser than warm seawater of the same salinity at" | tokens=[216,3825,1528,372,82,61,1995,83,56]; text="The nucleus contains most of the DNA in a"	6
6702	block_3.after_attention_residual + block_3.after_mlp_residual	8	tokens=[216,2708,2448,82,1365,82,2852,83,3364]; text="The Philippines consists of thousands of islands in Southeast" | tokens=[16,378,3442,48,113,61,1145,739,82,3694,83,976]; text="Kathmandu is the capital city of Nepal in South" | tokens=[216,1536,1322,4204,1306,1978,80,61,2028,82,3470]; text="The Japanese archipelago lies to the east of mainland"	8
6704	block_3.after_attention_residual + block_3.after_mlp_residual	2	tokens=[216,4261,118,88,1449,61,3892,3515,275,196,61,1325,408,1257]; text="The Himalayas separate the Tibetan Plateau from the Indian subcont"	2
6706	block_3.after_attention_residual + block_3.after_mlp_residual	2	tokens=[2414,871,251,3681,2184,4458,196,56,381]; text="Corrugated cardboard gains stiffness from a fl"	2
6707	block_3.after_attention_residual + block_3.after_mlp_residual	4	tokens=[8,125,1648,1946,1426,4069]; text="Cacao trees produce pods" | tokens=[20,1633,1588,1249,83,2192,695,2448,2137,82,3108]; text="Oxygen gas in ordinary air consists mainly of molecules"	4
6708	block_3.after_attention_residual + block_3.after_mlp_residual	2	tokens=[216,2541,3647,854,156,1231,192,3340,1932,205,552]; text="The Sydney Opera House was designed by Danish architect Jorn"	2
6710	block_3.after_attention_residual + block_3.after_mlp_residual	4	tokens=[18,3117,2104,443,526,3953,1006,61,1536,331,165,3084,82,1584]; text="Murasaki Shikibu wrote the Japanese work The Tale of Gen" | tokens=[3606,1241,2185,3349,4301]; text="Japanese writing commonly combines kan"	4
6712	block_3.after_attention_residual + block_3.after_mlp_residual	6	tokens=[1868,1286,4148,1634,1879,460,859,1,315,3724,80]; text="Frida Kahlo frequently used self-portraits to" | tokens=[15,1258,3342,3791,72,1006,1321,121]; text="Jorge Luis Borges wrote stories that" | tokens=[829,3224,3627,1228,328,1250,1565,80]; text="An octopus uses its eight arms to"	6
6713	block_3.after_attention_residual + block_3.after_mlp_residual	4	tokens=[2348,3802,2747,82,77]; text="Parallel branches of an" | tokens=[784,56,1734,832,82]; text="For a fixed amount of"	4
6714	block_3.after_attention_residual + block_3.after_mlp_residual	4	tokens=[1994,1717,2914,86,1223,1717,2914,170]; text="American Sign Language and British Sign Language are" | tokens=[829,1250,1,984,3140,212,939,3112]; text="An eight-bit byte can represent 256"	4
6715	block_3.after_attention_residual + block_3.after_mlp_residual	24	tokens=[6,2179,3416,1528,261]; text="A kilogram contains one" | tokens=[3690]; text="Imp" | tokens=[1504]; text="En"	16
6716	block_3.after_attention_residual + block_3.after_mlp_residual	4	tokens=[1935,3596,1,3040,535,422]; text="Many reef-building corals" | tokens=[216,4234,60,4314,2135,212,103,1928,192,1414,61,366,3149,1069,80]; text="The Fibonacci sequence can be formed by adding the two preceding terms to"	4
6717	block_3.after_attention_residual + block_3.after_mlp_residual	2	tokens=[216,3035,1461,113,56,2793,173,3751]; text="The vanilla plant is a climbing orchid"	2
6719	block_3.after_attention_residual + block_3.after_mlp_residual	12	tokens=[2963,1048,738,700,1167,380,232,170,3225,309,61]; text="Sunspots appear dark because they are cooler than the" | tokens=[216,1477,34,1061,3038,174,278,3764,1107]; text="The Bayeux Tapestry depicts events" | tokens=[2931,144,1152,569,1574,481,61,1089,86]; text="Capillaries allow exchange between the blood and"	12
6720	block_3.after_attention_residual + block_3.after_mlp_residual	2	tokens=[7,71,333,215,126,113,56,3336,2616,1278,114,61,3746,1925,82]; text="Borobudur is a Buddhist temple complex on the Indonesian island of"	2
6722	block_3.after_attention_residual + block_3.after_mlp_residual	4	tokens=[216,1536,1322,4204,1306]; text="The Japanese archipelago" | tokens=[4132,2745,0,61,1145,82,3080,0]; text="Vienna, the capital of Austria,"	4
6723	block_3.after_attention_residual + block_3.after_mlp_residual	8	tokens=[395,4440,233,70,3481,0,61,2469,3157,82,56,3482,373,80,2513]; text="In Euclidean geometry, the interior angles of a triangle add to 180" | tokens=[4457,704,4190,162,1863,261,1216]; text="Pure water boils at approximately one hundred" | tokens=[6,599,551,3580,80,2503]; text="A full turn corresponds to 360"	8
6724	block_3.after_attention_residual + block_3.after_mlp_residual	2	tokens=[2319,2325,2189,306,56,3253,1706,113]; text="Checkmate occurs when a chess king is"	2
6725	block_3.after_attention_residual + block_3.after_mlp_residual	4	tokens=[216,3272,1833,1434,212,2945]; text="The Domain Name System can translate" | tokens=[829,1120,889,2185,3878,328,808,317,86]; text="An email address commonly separates its local part and"	4
6726	block_3.after_attention_residual + block_3.after_mlp_residual	8	tokens=[829,4258,234,1228,328,1266]; text="An ostrich uses its powerful" | tokens=[1951,528,4099,1732,0,56,1957,3371,4034,4058,3358]; text="During metamorphosis, a typical frog tadpole develops" | tokens=[21,950,75,3577,1026,3351,2956,139,250,3048,879]; text="Praying mantises seize prey with their specialized front"	8
6728	block_3.after_attention_residual + block_3.after_mlp_residual	12	tokens=[29,254,1187,113,445,192,4147,75,2013,139,96,2557]; text="Yogurt is made by fermenting milk with lactic" | tokens=[6,2546,1459,4406,958,83]; text="A buffer solution resists changes in" | tokens=[6,2546,1459,4406,958,83,1984,190,306,621,1890,82]; text="A buffer solution resists changes in acidity when small amounts of"	12
6729	block_3.after_attention_residual + block_3.after_mlp_residual	2	tokens=[4454,1566,400,1728,2639]; text="Rust forms through chemical reactions"	2
6732	block_3.after_attention_residual + block_3.after_mlp_residual	2	tokens=[216,1925,82,2008,1978]; text="The island of Ireland lies"	2
6733	block_3.after_attention_residual + block_3.after_mlp_residual	8	tokens=[3207,3598,2548,219,942,4344,309]; text="Infrared radiation has longer wavelengths than" | tokens=[2982,4306,2548,219,2586,4344,309]; text="Ultraviolet radiation has shorter wavelengths than" | tokens=[2048,1989,701,219,56,942,3750,309,1377]; text="Red visible light has a longer wavelength than blue"	8
6734	block_3.after_attention_residual + block_3.after_mlp_residual	2	tokens=[6,862,1009,4142,219,3000,2721,2244,121,170]; text="A xylophone has tuned wooden bars that are"	2
6735	block_3.after_attention_residual + block_3.after_mlp_residual	2	tokens=[15,554,562,72,1468,593,62,130]; text="Johannes Vermeer's"	2
6736	block_3.after_attention_residual + block_3.after_mlp_residual	2	tokens=[216,2196,176,2332,495,86,61]; text="The Mahabharata and the"	2
6737	block_3.after_attention_residual + block_3.after_mlp_residual	2	tokens=[6,715,997,219,366,162,2004,86,366]; text="A human heart has two atria and two"	2
6739	block_3.after_attention_residual + block_3.after_mlp_residual	12	tokens=[395,3257,3293,0,56,2318,113,56]; text="In cellular organisms, a gene is a" | tokens=[6,2883,113,56,653,83,77,3665,130]; text="A mutation is a change in an organism's" | tokens=[4050,1835,3636,2432,2149,2047,196]; text="Messenger RNA carries genetic instructions from"	12
6741	block_3.after_attention_residual + block_3.after_mlp_residual	2	tokens=[3552,2496,2202,327,1006,2568,3394,59,369,61,1140,634,1421,2534]; text="Charlotte Bronte wrote Jane Eyre under the pen name Currer"	2
6742	block_3.after_attention_residual + block_3.after_mlp_residual	4	tokens=[3948,588,3107,83,2684,570,1214,547,380,232,86,250,3030,170,3074]; text="Astronauts in orbit feel weightless because they and their spacecraft are continuously" | tokens=[4205,1268,130,1420,0,2640]; text="Near Earth's surface, freely"	4
6743	block_3.after_attention_residual + block_3.after_mlp_residual	10	tokens=[829,1240,4033,65,3581]; text="An English contraction omits" | tokens=[216,1264,1240,3579,1528,2110,1,3228]; text="The modern English alphabet contains twenty-six" | tokens=[829,3181,3461,212,591,3456]; text="An apostrophe can mark omitted"	10
6744	block_3.after_attention_residual + block_3.after_mlp_residual	2	tokens=[1097,56,408,2474,1831,0,261,55,226,2248]; text="At a subduction zone, one tectonic"	2
6745	block_3.after_attention_residual + block_3.after_mlp_residual	2	tokens=[4218,974,66,130,3407,86,1288,2398,243,1115,2419,2771,111,86,3021,2410,756]; text="Jane Austen's Pride and Prejudice features Elizabeth Bennet and Fitzwilliam"	2
6746	block_3.after_attention_residual + block_3.after_mlp_residual	2	tokens=[216,1679,3434,156,3505,1682,192,61]; text="The Grand Canyon was carved largely by the"	2
6747	block_3.after_attention_residual + block_3.after_mlp_residual	2	tokens=[1935,1762,212,3480,559,2550,400,823,47,325,173,287]; text="Many plants can reproduce without seeds through cuttings or other"	2
6748	block_3.after_attention_residual + block_3.after_mlp_residual	2	tokens=[6,715,997,219,366,162]; text="A human heart has two at"	2
6751	block_3.after_attention_residual + block_3.after_mlp_residual	2	tokens=[6,1027,411,2602,331,306,131,219,56]; text="A force does mechanical work when it has a"	2
6752	block_3.after_attention_residual + block_3.after_mlp_residual	2	tokens=[4097,1059,113,61,1145,82]; text="Dublin is the capital of"	2
6753	block_3.after_attention_residual + block_3.after_mlp_residual	10	tokens=[2272,277,113,77,4031,445]; text="Brass is an alloy made" | tokens=[8,657,206,1071,1972,250,839]; text="Carnivores obtain their food" | tokens=[8,193,795,128,3520,3057,142,2744,170]; text="Celery stalks eaten as vegetables are"	10
6754	block_3.after_attention_residual + block_3.after_mlp_residual	2	tokens=[3501,2239,142,61,1145,82,61,676]; text="London serves as the capital of the United"	2
6755	block_3.after_attention_residual + block_3.after_mlp_residual	2	tokens=[829,3224,479,3878,2404,3452,1113]; text="An octave separates musical pitches whose"	2
6756	block_3.after_attention_residual + block_3.after_mlp_residual	2	tokens=[3311,1384,86,2086,531,747,1337,61,2697]; text="Human hair and fingernails contain the structural"	2
6757	block_3.after_attention_residual + block_3.after_mlp_residual	12	tokens=[10,3751,3566,1284,250,3631,3116]; text="Echidnas feed their hatchlings" | tokens=[12,3352,113,3759,2245,196,267,372,704,86]; text="Ghee is clarified butter from which most water and" | tokens=[29,254,1187,113,445,192,4147,75]; text="Yogurt is made by fermenting"	12
6760	block_3.after_attention_residual + block_3.after_mlp_residual	24	tokens=[4257,2118,1892,1157,592,139]; text="Braille represents written information with" | tokens=[3948,588,3390,1724,1728,1507,83,1701,192,3072]; text="Astronomers identify chemical elements in stars by examining" | tokens=[1267,2367,3066,259]; text="Mycorrhiz"	24
6762	block_3.after_attention_residual + block_3.after_mlp_residual	2	tokens=[6,4371,212,1449,923,701,326]; text="A prism can separate white light into"	2
6764	block_3.after_attention_residual + block_3.after_mlp_residual	2	tokens=[8,4032,1651,197,2660,2021,1497,290,1975,56,594,2139]; text="Coconuts have fibrous husks surrounding a hard inner"	2
6765	block_3.after_attention_residual + block_3.after_mlp_residual	2	tokens=[8,4032,1651,197,2660]; text="Coconuts have fib"	2
6766	block_3.after_attention_residual + block_3.after_mlp_residual	2	tokens=[6,1425,565,1228,56,2797,83,2098,80]; text="A spirit level uses a bubble in liquid to"	2
6767	block_3.after_attention_residual + block_3.after_mlp_residual	2	tokens=[6,2345,381,525,2466,864,306,695,113,2074,811,61,1691,82,328,1631]; text="A concert flute produces sound when air is directed across the edge of its mouth"	2
6772	block_3.after_attention_residual + block_3.after_mlp_residual	6	tokens=[216,1774,1718,2432,704]; text="The Amazon River carries water" | tokens=[216,1536,1322,4204,1306,1978,80,61]; text="The Japanese archipelago lies to the" | tokens=[7,71,333,215]; text="Borobud"	6
6775	block_3.after_attention_residual + block_3.after_mlp_residual	2	tokens=[2731,3348,113,77,3854,979,83,804,1,396]; text="Harappa is an archaeological site in present-day"	2
6777	block_3.after_attention_residual + block_3.after_mlp_residual	4	tokens=[3128,961,3894,212,614]; text="Continental collisions can build" | tokens=[216,138,344,88,170]; text="The Pampas are"	4
6778	block_3.after_attention_residual + block_3.after_mlp_residual	2	tokens=[6,3888,130,3825,1528,2662,1683]; text="A comet's nucleus contains frozen materials"	2
6780	block_3.after_attention_residual + block_3.after_mlp_residual	10	tokens=[1906,2452,1776,2189,83,61,3344]; text="Most everyday weather occurs in the atmospheric" | tokens=[575,172,547,2051,1528,2911,659,0,267,1629,584,56,2781,1420]; text="Stainless steel contains chromium, which helps form a protective surface" | tokens=[216,3607,860,2868,4067]; text="The stratospheric ozone"	10
6781	block_3.after_attention_residual + block_3.after_mlp_residual	4	tokens=[3463,124,61,1395,2636,113]; text="Music for the double bass is" | tokens=[1906,3109,251,715,746,1493]; text="Most nucleated human body cells"	4
6782	block_3.after_attention_residual + block_3.after_mlp_residual	4	tokens=[3963,2462,1337,433,2830,173]; text="Polymers contain long chains or" | tokens=[6,1144,3289,3430,3563,481]; text="A network router forwards packets between"	4
6783	block_3.after_attention_residual + block_3.after_mlp_residual	2	tokens=[1151,140,203,1178,1089,655,196,61,997,0]; text="Arteries carry blood away from the heart,"	2
6785	block_3.after_attention_residual + block_3.after_mlp_residual	2	tokens=[3217,1663,4143,130,3285,1640,1207,61,3634,1721,744]; text="Robert Louis Stevenson's Treasure Island includes the pirate Long John"	2
6786	block_3.after_attention_residual + block_3.after_mlp_residual	8	tokens=[395,480,1,3195,755,2504,0,4222,82,3393,212,103,3537,80,584,61]; text="In hand-built pottery, coils of clay can be stacked to form the" | tokens=[6,3058,4273,2653,1520,1411,192,2935,152,2474,86,3570,291,481,328]; text="A vacuum flask reduces heat transfer by limiting conduction and convection between its" | tokens=[4178,1574,83,715,3406,1044,583,811,61]; text="Gas exchange in human lungs takes place across the"	8
6787	block_3.after_attention_residual + block_3.after_mlp_residual	2	tokens=[4348,83,1268,130,3850,533,2817,2567,1489,1629]; text="Motion in Earth's electrically conducting outer core helps"	2
6788	block_3.after_attention_residual + block_3.after_mlp_residual	18	tokens=[4198,2166,219,61]; text="Hydrogen has the" | tokens=[2667,2005,2142,61]; text="Tempo describes the" | tokens=[6,599,551,3580]; text="A full turn corresponds"	18
6789	block_3.after_attention_residual + block_3.after_mlp_residual	2	tokens=[829,754,198,505,2466,1243,265,1942,1592,192]; text="An engraving produces printable grooves by"	2
6790	block_3.after_attention_residual + block_3.after_mlp_residual	2	tokens=[22,281,46,490,758,3013,690,61,715]; text="Ribs help protect organs within the human"	2
6791	block_3.after_attention_residual + block_3.after_mlp_residual	6	tokens=[4050,1835,3636,2432,2149]; text="Messenger RNA carries genetic" | tokens=[22,281,194,992,3610,2926,776,80]; text="Ribosomes assemble proteins according to" | tokens=[1987,952,113,61,715,1,4362,584,82]; text="Source code is the human-readable form of"	6
6796	block_3.after_attention_residual + block_3.after_mlp_residual	2	tokens=[7,2416,1130,61,3591,1]; text="Bacteria lack the membrane-"	2
6797	block_3.after_attention_residual + block_3.after_mlp_residual	2	tokens=[4462,1678,581,196,61,2360,271,3917,93,268]; text="Tea leaves come from the shrub Camellia"	2
6798	block_3.after_attention_residual + block_3.after_mlp_residual	6	tokens=[17,133,1513,2968,1228,61,541,1350,82,1121,86,704,114]; text="Lithography traditionally uses the different behavior of oil and water on" | tokens=[6,2841,71,212,1494,993,196]; text="A sculptor can remove material from" | tokens=[216,1313,1,57,335,2809,82,4056,281,2372,270,3505,326]; text="The rock-hewn churches of Lalibela were carved into"	6
6801	block_3.after_attention_residual + block_3.after_mlp_residual	8	tokens=[216,3926,1899,1978,481,3805,268,86,1196,82]; text="The Baltic Sea lies between Scandinavia and parts of" | tokens=[216,693,125,713,3189,4157,317,82]; text="The Atacama Desert occupies part of" | tokens=[216,1240,2470,3878,2133,1439,196]; text="The English Channel separates southern England from"	8
6802	block_3.after_attention_residual + block_3.after_mlp_residual	2	tokens=[6,4044,766,621,1658,1455,80,2429,192,2241]; text="A microscope makes small objects easier to examine by producing"	2
6804	block_3.after_attention_residual + block_3.after_mlp_residual	2	tokens=[4255,686,47,88,549,392,3702,3942,2577,249,649,56]; text="River deltas develop where deposited sediment builds up near a"	2
6807	block_3.after_attention_residual + block_3.after_mlp_residual	14	tokens=[1097,56,1953]; text="At a smooth" | tokens=[3218,96,1320]; text="Water lilies" | tokens=[3092,451,2551,113,445,196,61,3005,2291,259,992,82,61]; text="Turmeric powder is made from the dried rhizomes of the"	14
6808	block_3.after_attention_residual + block_3.after_mlp_residual	2	tokens=[3872,3611,584,400,474]; text="Rainbows form through ref"	2
6810	block_3.after_attention_residual + block_3.after_mlp_residual	2	tokens=[216,2636,836,2810,80,61,1522,2076,698,1296,328,781]; text="The bassoon belongs to the woodwind family despite its low"	2
6811	block_3.after_attention_residual + block_3.after_mlp_residual	2	tokens=[21,102,1302,113,445,192,4073]; text="Plywood is made by bonding"	2
6812	block_3.after_attention_residual + block_3.after_mlp_residual	2	tokens=[1951,528,4099,1732,0,56,1957,3371,4034,4058,3358,1982,86,2845,328]; text="During metamorphosis, a typical frog tadpole develops legs and loses its"	2
6813	block_3.after_attention_residual + block_3.after_mlp_residual	2	tokens=[21,3199,2875,3748,2681,809,531,1330,83,1081,80,61,2720,82,56]; text="Pablo Picasso painted Guernica in response to the bombing of a"	2
6814	block_3.after_attention_residual + block_3.after_mlp_residual	2	tokens=[2759,89,2550,197,2151,925,2157,121,490,299]; text="Maple seeds have winglike structures that help them"	2
6818	block_3.after_attention_residual + block_3.after_mlp_residual	2	tokens=[6,2345,381,525,2466,864,306,695,113]; text="A concert flute produces sound when air is"	2
6819	block_3.after_attention_residual + block_3.after_mlp_residual	2	tokens=[216,3035,1461,113,56,2793,173,3751,1973,124,328]; text="The vanilla plant is a climbing orchid grown for its"	2
6820	block_3.after_attention_residual + block_3.after_mlp_residual	4	tokens=[216,2636,836,2810,80,61,1522]; text="The bassoon belongs to the wood" | tokens=[1920,131,113,1166,445,82,3305,0,56,4383,4142,113,2353,142,56,1522]; text="Although it is usually made of brass, a saxophone is classified as a wood"	4
6821	block_3.after_attention_residual + block_3.after_mlp_residual	2	tokens=[7,284,212,103,2158,86,3076,83,61]; text="Bile can be stored and concentrated in the"	2
6822	block_3.after_attention_residual + block_3.after_mlp_residual	2	tokens=[1540,60,289,212,1426,677,3588,296,306,56,506,113]; text="Resonance can produce large oscillations when a system is"	2
6823	block_3.after_attention_residual + block_3.after_mlp_residual	2	tokens=[21,1693,450,170,3526,4463,1701,1113,3677,212,700,142]; text="Pulsars are rotating neutron stars whose beams can appear as"	2
6824	block_3.after_attention_residual + block_3.after_mlp_residual	2	tokens=[3130,167,1004,61,356,3489,82,61]; text="Augustus became the first emperor of the"	2
6825	block_3.after_attention_residual + block_3.after_mlp_residual	2	tokens=[6,157,680,1092,113]; text="A raster image is"	2
6829	block_3.after_attention_residual + block_3.after_mlp_residual	10	tokens=[2399,3890,130,1145]; text="Sweden's capital" | tokens=[6,3888,130,3825]; text="A comet's nucleus" | tokens=[2762,4296,130,1145]; text="Portugal's capital"	10
6833	block_3.after_attention_residual + block_3.after_mlp_residual	6	tokens=[216,574,3857,113,61]; text="The number pi is the" | tokens=[829,3595,574,920,103,1157,142,56]; text="An irrational number cannot be written as a" | tokens=[829,3224,479,3878,2404,3452,1113,2011,3269,197,56]; text="An octave separates musical pitches whose fundamental frequencies have a"	6
6834	block_3.after_attention_residual + block_3.after_mlp_residual	4	tokens=[1135,3197,58,320,1542,142,61,1145,82,61,4350]; text="Constantinople served as the capital of the Byzantine" | tokens=[3130,167,1004,61,356,3489,82,61,2080]; text="Augustus became the first emperor of the Roman"	4
6836	block_3.after_attention_residual + block_3.after_mlp_residual	2	tokens=[3629,198,113,77,1768,739,139,1313,1,2210,3781,83]; text="Petra is an ancient city with rock-cut monuments in"	2
6837	block_3.after_attention_residual + block_3.after_mlp_residual	4	tokens=[6,2615,3347,3010,3672,61,2306,121]; text="A honeybee queen lays the eggs that" | tokens=[2591,2929,2287,170,2941,3593,3839,121,322,942]; text="White dwarfs are dense stellar remnants that no longer"	4
6839	block_3.after_attention_residual + block_3.after_mlp_residual	2	tokens=[1452,246,72,1158,704,400,4403,86]; text="Sponges draw water through pores and"	2
6841	block_3.after_attention_residual + block_3.after_mlp_residual	2	tokens=[4397,970,1084,111,2056,2681,704,96,1320,83,217,2493,162]; text="Claude Monet repeatedly painted water lilies in his garden at"	2
6842	block_3.after_attention_residual + block_3.after_mlp_residual	32	tokens=[1192,79,4087,2322,920,4407,400,56]; text="Shear seismic waves cannot propagate through a" | tokens=[3477,130,2567,1489,113]; text="Earth's outer core is" | tokens=[4277,678,113,56,3713,1545,121,113]; text="Mercury is a metallic element that is"	32
6844	block_3.after_attention_residual + block_3.after_mlp_residual	10	tokens=[4457,704,4190,162,1863,261,1216,1979,3962,369,261]; text="Pure water boils at approximately one hundred degrees Celsius under one" | tokens=[6,3270,113,61,3814,252,2878,1465,142,56,3270,778,2783,77]; text="A meteor is the luminous streak produced as a meteoroid enters an" | tokens=[2778,1313,121,4047,2351,400,1268,130]; text="Space rock that survives passage through Earth's"	10
6845	block_3.after_attention_residual + block_3.after_mlp_residual	4	tokens=[6,4125,2037,219,635,2678,3000,83]; text="A violin normally has four strings tuned in" | tokens=[6,712,597,119,2448,82,56,1885,0,56,712,935,0,86,56,1060]; text="A major triad consists of a root, a major third, and a perfect"	4
6847	block_3.after_attention_residual + block_3.after_mlp_residual	4	tokens=[2473,3700,379,3688,3754,80]; text="Sloths use curved claws to" | tokens=[6,2502,2040,2432,328,1779,573,3138,121]; text="A suspension bridge carries its deck using cables that"	4
6849	block_3.after_attention_residual + block_3.after_mlp_residual	2	tokens=[216,4193,1431,167,113,56,4358,121]; text="The platypus is a mammal that"	2
6851	block_3.after_attention_residual + block_3.after_mlp_residual	4	tokens=[3853,329,3772,3399,714,3230,4052,139,1829]; text="Persian miniature paintings often illustrate manuscripts with detailed" | tokens=[3690,895,175,932,476,714,3196,1668,701,86,2452]; text="Impressionist painters often explored changing light and everyday"	4
6854	block_3.after_attention_residual + block_3.after_mlp_residual	4	tokens=[216,1264,1240,3579,1528]; text="The modern English alphabet contains" | tokens=[216,2713,261,1308,113,1537,80]; text="The fraction one quarter is equal to"	4
6855	block_3.after_attention_residual + block_3.after_mlp_residual	4	tokens=[216,1145,82,3626,113,4235,0,649,61]; text="The capital of Peru is Lima, near the" | tokens=[216,1549,241,4414,2558,1664,80,3628,86,1825,83,61]; text="The Galapagos Islands belong to Ecuador and lie in the"	4
6857	block_3.after_attention_residual + block_3.after_mlp_residual	2	tokens=[4435,78,88,170,4443,446]; text="Koalas are marsup"	2
6858	block_3.after_attention_residual + block_3.after_mlp_residual	8	tokens=[2115,77,383,113,1277,124,61,1221,1,3028,2756,82,328]; text="Star anise is named for the star-shaped arrangement of its" | tokens=[3322,70,533,0,56,3542,113,56]; text="Botanically, a tomato is a" | tokens=[2302,1,1746,3399,3241,2860,1658,429,142]; text="Still-life paintings depict arranged objects such as"	8
6860	block_3.after_attention_residual + block_3.after_mlp_residual	4	tokens=[2890,1,981,4352,1228,1224,537,86,1068]; text="Public-key cryptography uses related public and private" | tokens=[6,1160,1264,3215,2409,219,4090,1,3645]; text="A standard modern piano keyboard has eighty-eight"	4
6861	block_3.after_attention_residual + block_3.after_mlp_residual	6	tokens=[23,275,2301,198,110,113,1465,192,4147,75,4098,4221,139]; text="Sauerkraut is produced by fermenting shredded cabbage with" | tokens=[3311,4224,2095,1089,86,3020,61,746,130,704,86]; text="Human kidneys filter blood and regulate the body's water and" | tokens=[18,323,101,99,1946,706,83,3091,2613,2647,192]; text="Mangrove trees grow in coastal environments influenced by"	6
6863	block_3.after_attention_residual + block_3.after_mlp_residual	2	tokens=[6,2173,2175,3303,56,1155,173,1349,80,545]; text="A hyperlink connects a document or location to another"	2
6864	block_3.after_attention_residual + block_3.after_mlp_residual	2	tokens=[3266,1085,989,130,2633,2885,989,2142,56,1195]; text="Daniel Defoe's Robinson Crusoe describes a cast"	2
6867	block_3.after_attention_residual + block_3.after_mlp_residual	2	tokens=[6,3054,1801,2987,1788,196,56,879,1801,759,80,56]; text="A bicycle chain transfers motion from a front chainring to a"	2
6869	block_3.after_attention_residual + block_3.after_mlp_residual	2	tokens=[1987,952,113,61,715,1,4362,584,82,2047,1157,83,56]; text="Source code is the human-readable form of instructions written in a"	2
6870	block_3.after_attention_residual + block_3.after_mlp_residual	2	tokens=[24,703,48,113,445,192,375,147]; text="Tofu is made by coag"	2
6871	block_3.after_attention_residual + block_3.after_mlp_residual	2	tokens=[216,2347,2896,2084,2432,1224,488,3547,83,2726,3978,371,87,0,788,1781,0,86]; text="The Rosetta Stone carries related inscriptions in hieroglyphic, Demotic, and"	2
6872	block_3.after_attention_residual + block_3.after_mlp_residual	6	tokens=[216,1370,82,56,3996,3101,113,61,1490,400,267,1479]; text="The eye of a sewing needle is the opening through which thread" | tokens=[6,3618,3635,2189,306,61,1891]; text="A lunar eclipse occurs when the Moon" | tokens=[1935,3270,3906,1119,306,1268]; text="Many meteor showers occur when Earth"	6
6873	block_3.after_attention_residual + block_3.after_mlp_residual	2	tokens=[829,865,1309,83,56,2242]; text="An object moving in a circle"	2
6874	block_3.after_attention_residual + block_3.after_mlp_residual	4	tokens=[1097,1147,1011,2511,2840,83,56,67]; text="Atoms share electron pairs in a c" | tokens=[2335,1383,212,584,635,67]; text="Carbon can form four c"	4
6876	block_3.after_attention_residual + block_3.after_mlp_residual	2	tokens=[216,1042,708,69,567,3887,46,677,1,2334,1309,695,80,61,397,83,61]; text="The Coriolis effect deflects large-scale moving air to the right in the"	2
6877	block_3.after_attention_residual + block_3.after_mlp_residual	2	tokens=[2572,768,268,2822,811]; text="Patagonia extends across"	2
6878	block_3.after_attention_residual + block_3.after_mlp_residual	8	tokens=[6,4413,2432,987,3699,80,328]; text="A photon carries energy proportional to its" | tokens=[6,1387,113,56,817,121,2189,139,61,1740]; text="A mode is a value that occurs with the greatest" | tokens=[216,869,163,742,567,958,56,1877,130,1830]; text="The Doppler effect changes a wave's observed"	8
6879	block_3.after_attention_residual + block_3.after_mlp_residual	6	tokens=[7,1164,1105,2056,1943,46,61,1105,3017,83,56,3496]; text="Binary search repeatedly narrows the search interval in a sorted" | tokens=[395,3257,3293,0,56,2318,113,56,1995]; text="In cellular organisms, a gene is a DNA" | tokens=[6,2883,113,56,653,83,77,3665,130,1995]; text="A mutation is a change in an organism's DNA"	6
6881	block_3.after_attention_residual + block_3.after_mlp_residual	14	tokens=[1935,2026,43,1026,1284]; text="Many tortoises feed" | tokens=[216,76,873,94,3053,445,196,156,3132,840]; text="The pungent paste made from wasabi comes" | tokens=[17,1127,1961,113,3841]; text="Lettuce is cultivated"	14
6882	block_3.after_attention_residual + block_3.after_mlp_residual	2	tokens=[4203,1040,170,794,3231,121,856,83]; text="Termites are social insects that live in"	2
6883	block_3.after_attention_residual + block_3.after_mlp_residual	12	tokens=[216,375,141,89,30,83,61]; text="The cochlea in the" | tokens=[1097,1053,1938,1305]; text="At lower external pressure" | tokens=[3477,130,2567,1489,113,2098,0,2281,328]; text="Earth's outer core is liquid, whereas its"	12
6884	block_3.after_attention_residual + block_3.after_mlp_residual	2	tokens=[4207,113,77,1239,1,3799]; text="HTTP is an application-layer"	2
6886	block_3.after_attention_residual + block_3.after_mlp_residual	2	tokens=[3266,1085,989,130,2633,2885,989]; text="Daniel Defoe's Robinson Crusoe"	2
6887	block_3.after_attention_residual + block_3.after_mlp_residual	2	tokens=[2947,113,56,1082,82,61,1022,87]; text="English is a member of the Germanic"	2
6890	block_3.after_attention_residual + block_3.after_mlp_residual	2	tokens=[216,3277,82,3877,44]; text="The ruins of Persep"	2
6891	block_3.after_attention_residual + block_3.after_mlp_residual	2	tokens=[4059,329,2114,113,789,124,328,792]; text="Durian fruit is known for its strong"	2
6892	block_3.after_attention_residual + block_3.after_mlp_residual	4	tokens=[7,1139,130,3281,2350,1842,3098,121,1629]; text="Baker's yeast releases carbon dioxide that helps" | tokens=[2443,63,3415,170,81,1101,326,2413,124]; text="Wheat grains are milled into flour for"	4
6893	block_3.after_attention_residual + block_3.after_mlp_residual	2	tokens=[216,2135,82,2618,83,1995,1918]; text="The sequence of bases in DNA stores"	2
6895	block_3.after_attention_residual + block_3.after_mlp_residual	64	tokens=[829,3989,718]; text="An oyster" | tokens=[829,4258,234]; text="An ostrich" | tokens=[829,186,4379]; text="An exoplan"	64
6897	block_3.after_attention_residual + block_3.after_mlp_residual	2	tokens=[4151,53,4382,130,165,1205,4099,1732,1763,139]; text="Franz Kafka's The Metamorphosis begins with"	2
6898	block_3.after_attention_residual + block_3.after_mlp_residual	2	tokens=[216,1925,82,1976,1978,1615,82,61,1925,82,136]; text="The island of Java lies south of the island of B"	2
6899	block_3.after_attention_residual + block_3.after_mlp_residual	2	tokens=[13,894,42,150,3994,1006,61,1608,4315,2332,2658,269,56]; text="Hermann Hesse wrote the novel Siddhartha about a"	2
6901	block_3.after_attention_residual + block_3.after_mlp_residual	12	tokens=[2759,89,2550,197,2151,925]; text="Maple seeds have winglike" | tokens=[1935,1762,212,3480,559,2550,400,823,47,325,173,287,2003,424]; text="Many plants can reproduce without seeds through cuttings or other vegetative" | tokens=[18,1965,422,197,3022,1728,3944,86,1767,1620,2880]; text="Minerals have characteristic chemical compositions and ordered internal crystal"	12
6902	block_3.after_attention_residual + block_3.after_mlp_residual	8	tokens=[3009,2627,1259,1354,2845,328]; text="Volatile computer memory loses its" | tokens=[4421,56,943,130,634,1211,411,185,2388,61,609]; text="Changing a file's name alone does not convert the data" | tokens=[1659,141,926,1426,3578,621,2550,121,1130,56,2201]; text="Orchids produce exceptionally small seeds that lack a substantial"	8
6903	block_3.after_attention_residual + block_3.after_mlp_residual	2	tokens=[24,3216,116,69,212,571,196,1499,3801,82,3897,363,192,369]; text="Tsunamis can result from sudden displacement of seawater by under"	2
6904	block_3.after_attention_residual + block_3.after_mlp_residual	6	tokens=[7,1139,130,3281]; text="Baker's yeast" | tokens=[3287,345,130,1742]; text="Saturn's bright" | tokens=[891,61,986,1839,3458,41]; text="When the diaphragm"	6
6905	block_3.after_attention_residual + block_3.after_mlp_residual	6	tokens=[2876,39,3605,3333]; text="Silkworm cater" | tokens=[3128,961,3894,212,614,2033]; text="Continental collisions can build extensive" | tokens=[4000,3263,3530,2285,43,113,56,3876]; text="Mount Kilimanjaro is a volcanic"	6
6906	block_3.after_attention_residual + block_3.after_mlp_residual	8	tokens=[216,463,1045,2966,113,56,3314,86,3778,1278,83,3061,1491,0]; text="The Alhambra is a palace and fortress complex in Granada," | tokens=[216,2283,3637,72,584,56,1180,3185,481,1516,86]; text="The Pyrenees form a natural boundary between France and" | tokens=[216,109,258,329,3529,1528,372,82,3470]; text="The Iberian Peninsula contains most of mainland"	8
6908	block_3.after_attention_residual + block_3.after_mlp_residual	2	tokens=[17,1959,252,2589,113]; text="Luminous intensity is"	2
6909	block_3.after_attention_residual + block_3.after_mlp_residual	2	tokens=[10,1533,91,4335,143]; text="Erosion transports we"	2
6911	block_3.after_attention_residual + block_3.after_mlp_residual	4	tokens=[216,838,439,544,35,3354,61,1126,691]; text="The treble clef identifies the staff line" | tokens=[216,2636,544,35,2191,61,1126,691]; text="The bass clef marks the staff line"	4
6912	block_3.after_attention_residual + block_3.after_mlp_residual	2	tokens=[3697,155,486,332,1534,1321,83,61,1690]; text="Scheherazade tells stories in the frame"	2
6914	block_3.after_attention_residual + block_3.after_mlp_residual	10	tokens=[1935,2026,43,1026,1284,2137,114,1678,0]; text="Many tortoises feed mainly on leaves," | tokens=[22,243,113,56,3935,2674,3965,196,56]; text="Rice is a cereal grain harvested from a" | tokens=[7,3729,2810,80,61]; text="Bamboo belongs to the"	10
6916	block_3.after_attention_residual + block_3.after_mlp_residual	6	tokens=[216,617,3719,2459,1978,481,61,4063,82]; text="The main asteroid belt lies between the orbits of" | tokens=[216,2321,2024,3909,4253,3259,3025,830,61,1420,82]; text="The enormous shield volcano Olympus Mons rises above the surface of" | tokens=[1035,4467,86,482,115,194,170,61,366,621,3859,82]; text="Phobos and Deimos are the two small moons of"	6
6918	block_3.after_attention_residual + block_3.after_mlp_residual	2	tokens=[2629,659,113,56,2927,1249,121,3830,341,139,497]; text="Helium is a noble gas that reacts only with great"	2
6923	block_3.after_attention_residual + block_3.after_mlp_residual	4	tokens=[395,61,3186,506,0,61,3368]; text="In the metric system, the prefix" | tokens=[3609,476,594,66,2795,3393,192,2305,131,83,56]; text="Potters harden shaped clay by firing it in a"	4
6924	block_3.after_attention_residual + block_3.after_mlp_residual	2	tokens=[1858,3538,2189,306,56]; text="Recursion occurs when a"	2
6925	block_3.after_attention_residual + block_3.after_mlp_residual	2	tokens=[829,1186,500,74,1500,1892]; text="An undirected graph represents"	2
6927	block_3.after_attention_residual + block_3.after_mlp_residual	2	tokens=[216,2132,86,2088,2932]; text="The Northern and Southern Hem"	2
6929	block_3.after_attention_residual + block_3.after_mlp_residual	18	tokens=[4427,3005,2109,3656,113]; text="Traditional dried Italian pasta is" | tokens=[21,242,1946,197,1943,1678]; text="Pine trees have narrow leaves" | tokens=[527,1028,467,40,858,366,1670,82,2807,0]; text="Weaving interlaces two sets of threads,"	18
6930	block_3.after_attention_residual + block_3.after_mlp_residual	2	tokens=[784,56,397,3482,0,61,4308]; text="For a right triangle, the squared"	2
6932	block_3.after_attention_residual + block_3.after_mlp_residual	4	tokens=[216,404,72,3357,2229,775,61]; text="The Andes Mountains extend along the" | tokens=[216,3555,3357,2229,400]; text="The Rocky Mountains extend through"	4
6933	block_3.after_attention_residual + block_3.after_mlp_residual	6	tokens=[6,1387,113,56,817,121]; text="A mode is a value that" | tokens=[796,1474,3279,1697,170,61,1023,2157,392,1581,4313]; text="Chloroplasts are the cell structures where photosynthesis" | tokens=[1906,3725,3574,196,839]; text="Most nutrient absorption from food"	6
6934	block_3.after_attention_residual + block_3.after_mlp_residual	4	tokens=[395,480,1,3195,755,2504,0,4222,82,3393,212,103,3537,80,584,61,2042,82,56]; text="In hand-built pottery, coils of clay can be stacked to form the walls of a" | tokens=[1260,161,1601,490,584,4061,162,1553,82,1089]; text="Platelets help form plugs at sites of blood"	4
6935	block_3.after_attention_residual + block_3.after_mlp_residual	2	tokens=[23,1915,329,313,3433,2564,4017,1,3028]; text="Sumerian scribes pressed wedge-shaped"	2
6936	block_3.after_attention_residual + block_3.after_mlp_residual	24	tokens=[4277,678,113,56,3713,1545,121,113,2098,162]; text="Mercury is a metallic element that is liquid at" | tokens=[3690,260,502,2163]; text="Impact craters" | tokens=[2870,3115,253,1807,400]; text="Light travels more slowly through"	24
6937	block_3.after_attention_residual + block_3.after_mlp_residual	2	tokens=[4042,325,513,1309,1196,465]; text="Bearings support moving parts while"	2
6938	block_3.after_attention_residual + block_3.after_mlp_residual	4	tokens=[6,55,177,2959,2418,958,61,1363,82,61]; text="A trombone slide changes the length of the" | tokens=[1920,131,113,1166,445,82,3305,0,56,4383,4142,113,2353,142,56,1522,2076]; text="Although it is usually made of brass, a saxophone is classified as a woodwind"	4
6940	block_3.after_attention_residual + block_3.after_mlp_residual	4	tokens=[216,3007,147,304,119,181,1610,113,317,82,61,1341]; text="The Bhagavad Gita is part of the larger" | tokens=[216,3914,2196,78,156,3309,192,3162,205,3220,83,1354,82,4128,47,486]; text="The Taj Mahal was commissioned by Shah Jahan in memory of Mumtaz"	4
6942	block_3.after_attention_residual + block_3.after_mlp_residual	2	tokens=[216,181,1784,86,4046]; text="The Ganges and Brah"	2
6943	block_3.after_attention_residual + block_3.after_mlp_residual	2	tokens=[1578,77,3224,3627,130,519,2554,0,366]; text="Of an octopus's three hearts, two"	2
6944	block_3.after_attention_residual + block_3.after_mlp_residual	10	tokens=[10,3751,3566,1284]; text="Echidnas feed" | tokens=[3865,3258,113,3876,1625,1928,192]; text="Obsidian is volcanic glass formed by" | tokens=[4345,113,61,864,1465,192,695,2516]; text="Thunder is the sound produced by air expanding"	10
6945	block_3.after_attention_residual + block_3.after_mlp_residual	2	tokens=[1659,141,926,1426,3578,621,2550,121,1130,56]; text="Orchids produce exceptionally small seeds that lack a"	2
6950	block_3.after_attention_residual + block_3.after_mlp_residual	4	tokens=[1994,1717,2914,86,1223,1717,2914,170,1970]; text="American Sign Language and British Sign Language are distinct" | tokens=[6,4410,496,212,379,366]; text="A bilingual person can use two"	4
6951	block_3.after_attention_residual + block_3.after_mlp_residual	2	tokens=[216,3277,82,3877,44,2146,2579,317,82,77,112,2526]; text="The ruins of Persepolis preserve part of an Acha"	2
6952	block_3.after_attention_residual + block_3.after_mlp_residual	2	tokens=[2876,39,3605,3333,3705,450,1426,3525,3678,465,3845,250]; text="Silkworm caterpillars produce silk fibers while constructing their"	2
6953	block_3.after_attention_residual + block_3.after_mlp_residual	2	tokens=[216,473,2017,2178,82,138,2235,156,1153,142,56]; text="The Leaning Tower of Pisa was built as a"	2
6954	block_3.after_attention_residual + block_3.after_mlp_residual	2	tokens=[3629,198,113,77,1768,739,139,1313,1]; text="Petra is an ancient city with rock-"	2
6955	block_3.after_attention_residual + block_3.after_mlp_residual	2	tokens=[6,888,4133,113,56,1266,3593,2485,121,212,2517]; text="A supernova is a powerful stellar explosion that can briefly"	2
6956	block_3.after_attention_residual + block_3.after_mlp_residual	4	tokens=[12,3052,1849,1701,0,1249,0]; text="Gravity holds stars, gas," | tokens=[6,3888,130,3825,1528,2662,1683,2034,139]; text="A comet's nucleus contains frozen materials mixed with"	4
6957	block_3.after_attention_residual + block_3.after_mlp_residual	4	tokens=[216,2375,242,2934,400,1437,425]; text="The Rhine flows through Germany before" | tokens=[216,4115,2934,400,1808,425]; text="The Nile flows through Egypt before"	4
6958	block_3.after_attention_residual + block_3.after_mlp_residual	2	tokens=[6,1734,3090,697,212,653,61,1454,83,267,56,3068]; text="A fixed pulley can change the direction in which a rope"	2
6959	block_3.after_attention_residual + block_3.after_mlp_residual	2	tokens=[3946,4199,212,4057,1149,4280,139,222,1,3028,1177]; text="Moving glaciers can carve broad valleys with U-shaped cross"	2
6960	block_3.after_attention_residual + block_3.after_mlp_residual	2	tokens=[2443,63,3415,170,81,1101,326,2413,124,2148,86,287]; text="Wheat grains are milled into flour for bread and other"	2
6961	block_3.after_attention_residual + block_3.after_mlp_residual	4	tokens=[216,799,30,130,1857]; text="The viola's usual" | tokens=[216,799,30,130,1857,2217,1485,113,1053,83,1933,309,61,4125,130,1857]; text="The viola's usual lowest string is lower in pitch than the violin's usual"	4
6963	block_3.after_attention_residual + block_3.after_mlp_residual	4	tokens=[216,2054,3781,638,1905,780,170,1319,139,2597,30,178]; text="The stone monuments called moai are associated with Rapa N" | tokens=[1260,2268,113,56,3560,1635,1319,139,61,248]; text="Pluto is a dwarf planet associated with the K"	4
6964	block_3.after_attention_residual + block_3.after_mlp_residual	4	tokens=[216,1283,4400,236,30]; text="The Antikythera" | tokens=[21,2528,56,3215,820,1674,56,2924]; text="Pressing a piano key causes a hammer"	4
6965	block_3.after_attention_residual + block_3.after_mlp_residual	2	tokens=[23,822,588,2448,82,3005,128,123,1611,3965,196,56,1475,82,1874]; text="Saffron consists of dried stigmas harvested from a species of cro"	2
6966	block_3.after_attention_residual + block_3.after_mlp_residual	2	tokens=[4421,2775,3758,400,56]; text="Changing magnetic flux through a"	2
6967	block_3.after_attention_residual + block_3.after_mlp_residual	4	tokens=[796,2621,3093,632,2142,61,379,82,701,86]; text="Chiaroscuro describes the use of light and" | tokens=[6,3618,3635,2189,306,61,1891,2128,400,1268,130]; text="A lunar eclipse occurs when the Moon passes through Earth's"	4
6968	block_3.after_attention_residual + block_3.after_mlp_residual	8	tokens=[216,1925,82,459,3469,113]; text="The island of New Guinea is" | tokens=[6,1163,3131,768,212,103]; text="A regular hexagon can be" | tokens=[395,2777,1,4231,1537,4027,0,77,3224,479,113]; text="In twelve-tone equal temperament, an octave is"	8
6969	block_3.after_attention_residual + block_3.after_mlp_residual	2	tokens=[216,1655,1899,3786,911,1768]; text="The Dead Sea Scrolls include ancient"	2
6971	block_3.after_attention_residual + block_3.after_mlp_residual	2	tokens=[21,3823,3415,1178,61,1391]; text="Pollen grains carry the male"	2
6973	block_3.after_attention_residual + block_3.after_mlp_residual	2	tokens=[2984,3236,1133,766,77,865,700,80]; text="Foreshortening makes an object appear to"	2
6974	block_3.after_attention_residual + block_3.after_mlp_residual	2	tokens=[4290,0,1366,0,2109,0,86,3412,1375,196]; text="Spanish, French, Italian, and Portuguese developed from"	2
6975	block_3.after_attention_residual + block_3.after_mlp_residual	6	tokens=[6,1453,113,56,104,2273]; text="Agar is a gelling" | tokens=[2996,747,86,263]; text="Snails and cl" | tokens=[216,2271,113,61,3633,1407,124,832,82]; text="The mole is the SI unit for amount of"	6
6976	block_3.after_attention_residual + block_3.after_mlp_residual	4	tokens=[6,3807,2014,714,2246,56,943,130,1702,0,224,131,411,185]; text="A filename extension often indicates a file's format, but it does not" | tokens=[25,1799,411,185,928]; text="UDP does not itself"	4
6977	block_3.after_attention_residual + block_3.after_mlp_residual	8	tokens=[2921,969,113,56,1281,1,878,595,3876,1313,892,83]; text="Basalt is a fine-grained volcanic rock common in" | tokens=[2889,241,1907,3326,704,196,61]; text="Evaporation removes water from the" | tokens=[3966,3897,363,113,1367,3808,62,309,1705,3897,363,82,61,462,1265,1789,162,1957]; text="Cold seawater is generally denser than warm seawater of the same salinity at typical"	8
6979	block_3.after_attention_residual + block_3.after_mlp_residual	2	tokens=[216,473,2017,2178,82,138]; text="The Leaning Tower of P"	2
6980	block_3.after_attention_residual + block_3.after_mlp_residual	2	tokens=[3261,1246,2251,837,993,1293,80]; text="Archaeologists study material remains to"	2
6984	block_3.after_attention_residual + block_3.after_mlp_residual	2	tokens=[216,2080,689,194,120,169,2556,579]; text="The Roman Colosseum hosted gl"	2
6985	block_3.after_attention_residual + block_3.after_mlp_residual	4	tokens=[6,4044,766,621,1658,1455,80,2429,192]; text="A microscope makes small objects easier to examine by" | tokens=[11,531,46,3480,573,4391,948,82]; text="Ferns reproduce using spores instead of"	4
6986	block_3.after_attention_residual + block_3.after_mlp_residual	6	tokens=[829,865,1309,83,56]; text="An object moving in a" | tokens=[216,574,3857,113,61,2089,82,56,4440,233,70]; text="The number pi is the ratio of a Euclidean" | tokens=[216,3295,82,2106,3183,1788,882,1298,61]; text="The acceleration of uniform circular motion points toward the"	6
6988	block_3.after_attention_residual + block_3.after_mlp_residual	2	tokens=[6,862,1009,4142,219,3000,2721]; text="A xylophone has tuned wooden"	2
6989	block_3.after_attention_residual + block_3.after_mlp_residual	4	tokens=[796,345,75,2156,3878]; text="Churning cream separates" | tokens=[796,345,75,2156,3878,2245,3082,80,584]; text="Churning cream separates butterfat to form"	4
6991	block_3.after_attention_residual + block_3.after_mlp_residual	2	tokens=[216,4028,82,1672,4049,2848,1285,2527,4026,1379,83]; text="The eruption of Mount Vesuvius buried Pompeii in"	2
6992	block_3.after_attention_residual + block_3.after_mlp_residual	4	tokens=[1142,43,3275,97,361,130,761,86,2634,1207,61,2800,917]; text="Leo Tolstoy's War and Peace includes the Napole" | tokens=[1097,56,408,2474,1831,0,261,55,226]; text="At a subduction zone, one tect"	4
6993	block_3.after_attention_residual + block_3.after_mlp_residual	2	tokens=[216,1412,1297,82,2177,367,212,2364,80,1554]; text="The burrs of burdock can attach to animal"	2
6994	block_3.after_attention_residual + block_3.after_mlp_residual	2	tokens=[25,1799,411,185,928,2232,121,3563]; text="UDP does not itself guarantee that packets"	2
6997	block_3.after_attention_residual + block_3.after_mlp_residual	4	tokens=[3473,2559,646,83,3915]; text="Iron oxides in Martian" | tokens=[1260,191,2475,3099,704,86,3658,3398,196,61]; text="Plant roots absorb water and dissolved minerals from the"	4
6998	block_3.after_attention_residual + block_3.after_mlp_residual	2	tokens=[216,3619,45,1491,2998,3094,83,2882,113,1948,1319,139,1932]; text="The Sagrada Familia in Barcelona is closely associated with architect"	2
6999	block_3.after_attention_residual + block_3.after_mlp_residual	2	tokens=[6,2615,3347,130,64,2278,89]; text="A honeybee's waggle"	2
7000	block_3.after_attention_residual + block_3.after_mlp_residual	2	tokens=[669,391,56,1249,83,56,3335,2901]; text="Heating a gas in a rigid sealed"	2
7001	block_3.after_attention_residual + block_3.after_mlp_residual	2	tokens=[2108,126,338,3419,592,573,2596,2394,86,1728,847]; text="Neurons transmit information using electrical signals and chemical mess"	2
7002	block_3.after_attention_residual + block_3.after_mlp_residual	4	tokens=[1935,3714,72,170,445,192,3710,2013,326,509]; text="Many cheeses are made by separating milk into cur" | tokens=[24,703,48,113,445,192,375,147,2126,3120,2013,86,2594,61,1950,509]; text="Tofu is made by coagulating soy milk and pressing the resulting cur"	4
7003	block_3.after_attention_residual + block_3.after_mlp_residual	2	tokens=[1501,21,1287,1645,139,56]; text="TCP provides applications with a"	2
7004	block_3.after_attention_residual + block_3.after_mlp_residual	2	tokens=[3723,1735,1621,82,56]; text="Opposite sides of a"	2
7005	block_3.after_attention_residual + block_3.after_mlp_residual	2	tokens=[24,110,456,1045,182,130,2445,4465,276]; text="Tutankhamun's golden funerary"	2
7007	block_3.after_attention_residual + block_3.after_mlp_residual	2	tokens=[216,2019,4036,739,82]; text="The Aztec city of"	2
7008	block_3.after_attention_residual + block_3.after_mlp_residual	2	tokens=[1756,3155,113,316,56]; text="Every integer is also a"	2
7013	block_3.after_attention_residual + block_3.after_mlp_residual	14	tokens=[6,3664,4182,2037,1528,366]; text="A bean embryo normally contains two" | tokens=[4116,3133,1763,306,56,2766]; text="Germination begins when a viable" | tokens=[8,108,52,468,338,170,61,356]; text="Cotyledons are the first"	14
7014	block_3.after_attention_residual + block_3.after_mlp_residual	12	tokens=[3690,260,502]; text="Impact cr" | tokens=[216,3272,1833,1434,212,2945,1981,1316,326,1755]; text="The Domain Name System can translate domain names into IP" | tokens=[1504,53,3424]; text="Enzymes"	12
7017	block_3.after_attention_residual + block_3.after_mlp_residual	2	tokens=[6,1453,113,56,104]; text="Agar is a g"	2
7018	block_3.after_attention_residual + block_3.after_mlp_residual	4	tokens=[6,3503,219,896,1861,0,2777,2672,0,86,1250]; text="A cube has six faces, twelve edges, and eight" | tokens=[6,3002,219,322,2672,173]; text="A sphere has no edges or"	4
7021	block_3.after_attention_residual + block_3.after_mlp_residual	2	tokens=[216,1145,82,4310,113,222,1551,70,1922]; text="The capital of Mongolia is Ulaanba"	2
7022	block_3.after_attention_residual + block_3.after_mlp_residual	2	tokens=[6,2615,3347,130,64]; text="A honeybee's w"	2
7023	block_3.after_attention_residual + block_3.after_mlp_residual	2	tokens=[3222,49,1934,145,1974,130,165]; text="Salvador Dali's The"	2
7024	block_3.after_attention_residual + block_3.after_mlp_residual	2	tokens=[26,134,1017,1488,114,991,1493,80,1426,324]; text="Viruses depend on host cells to produce new"	2
7025	block_3.after_attention_residual + block_3.after_mlp_residual	4	tokens=[3477,130,2567,1489,113,2098,0]; text="Earth's outer core is liquid," | tokens=[6,3368,113,1956,425,56,674,130,1049,0]; text="A prefix is attached before a word's base,"	4
7026	block_3.after_attention_residual + block_3.after_mlp_residual	2	tokens=[6,701,1,803,1597,1596,867,309,56]; text="A light-year measures distance rather than a"	2
7028	block_3.after_attention_residual + block_3.after_mlp_residual	2	tokens=[829,2543,2142,56,2180,124,3146,56,793,173]; text="An algorithm describes a procedure for solving a problem or"	2
7032	block_3.after_attention_residual + block_3.after_mlp_residual	2	tokens=[4287,4470,1287,56,1953]; text="Cartilage provides a smooth"	2
7034	block_3.after_attention_residual + block_3.after_mlp_residual	8	tokens=[216,3365,4013,113,56]; text="The potato tuber is a" | tokens=[8,3958,293,523,170]; text="Cactus spines are" | tokens=[216,2483,52,2976,82,77,3400,3747,170]; text="The fleshy scales of an onion bulb are"	8
7035	block_3.after_attention_residual + block_3.after_mlp_residual	4	tokens=[12,1315,2739,142,56,2964,2500,2430,638,56]; text="Ginger grows as a horizontal underground stem called a" | tokens=[3092,451,2551,113,445,196,61,3005]; text="Turmeric powder is made from the dried"	4
7036	block_3.after_attention_residual + block_3.after_mlp_residual	2	tokens=[1470,1072,0,114,61]; text="Seoul, on the"	2
7037	block_3.after_attention_residual + block_3.after_mlp_residual	2	tokens=[829,77,1864,4103,1784,61,1999,82,56,674,173]; text="An anagram rearranges the letters of a word or"	2
7039	block_3.after_attention_residual + block_3.after_mlp_residual	2	tokens=[216,1203,4146,87,1657,1557,46,1485,801,80,210,602,867,309]; text="The term pizzicato instructs string players to pluck rather than"	2
7040	block_3.after_attention_residual + block_3.after_mlp_residual	4	tokens=[4427,3120,2433,3358,328]; text="Traditional soy sauce develops its" | tokens=[2898,1678,170,460,80]; text="Bay leaves are used to"	4
7041	block_3.after_attention_residual + block_3.after_mlp_residual	2	tokens=[3471,1285,113,61,3954,1221,83,1268,130,743,1875,306]; text="Sirius is the brightest star in Earth's night sky when"	2
7042	block_3.after_attention_residual + block_3.after_mlp_residual	2	tokens=[3609,2504,3386,212,490,4154,1724,56,979,130]; text="Pottery fragments can help archaeologists identify a site's"	2
7044	block_3.after_attention_residual + block_3.after_mlp_residual	2	tokens=[6,3957,504,113,2681,114,4369,0,2968,465,61,4369,113]; text="A fresco is painted on plaster, traditionally while the plaster is"	2
7047	block_3.after_attention_residual + block_3.after_mlp_residual	4	tokens=[4290,1204,2071,2263,1617,47,68]; text="Spanish forces captured Tenochtit" | tokens=[216,2019,4036,739,82,2263,1617,47,68]; text="The Aztec city of Tenochtit"	4
7048	block_3.after_attention_residual + block_3.after_mlp_residual	2	tokens=[4275,113,2185,445,196,56]; text="Paper is commonly made from a"	2
7049	block_3.after_attention_residual + block_3.after_mlp_residual	4	tokens=[2331,4024,212,675,4112,1658,56,1625,52,1420,349]; text="Glazes can give ceramic objects a glassy surface after" | tokens=[3609,476,594,66,2795,3393,192]; text="Potters harden shaped clay by"	4
7050	block_3.after_attention_residual + block_3.after_mlp_residual	4	tokens=[6,2615,3347,3010,3672,61]; text="A honeybee queen lays the" | tokens=[216,4193,1431,167,113,56,4358,121,2105,362,192,2981]; text="The platypus is a mammal that reproduces by laying"	4
7052	block_3.after_attention_residual + block_3.after_mlp_residual	6	tokens=[6,937,92,1849,2807,83,912,465,56]; text="A loom holds threads in position while a" | tokens=[3558,526,1228,3294,80,1380,3829,114,1771,1196,82]; text="Batik uses wax to resist dye on selected parts of" | tokens=[3879,101,585,52,2529,340]; text="Embroidery decorates"	6
7054	block_3.after_attention_residual + block_3.after_mlp_residual	2	tokens=[829,3346,130,3384,3349,328]; text="An elephant's trunk combines its"	2
7055	block_3.after_attention_residual + block_3.after_mlp_residual	2	tokens=[6,1776,879,3878,695,2819,139,541,1731,173,3282]; text="A weather front separates air masses with different temperature or moisture"	2
7056	block_3.after_attention_residual + block_3.after_mlp_residual	16	tokens=[2890,1,981,4352]; text="Public-key cryptography" | tokens=[4427,3120,2433,3358]; text="Traditional soy sauce develops" | tokens=[216,739,82,3742,1780,649,61,4398]; text="The city of Babylon stood near the Euph"	16
7057	block_3.after_attention_residual + block_3.after_mlp_residual	2	tokens=[829,2922,2222,1433,3549,1451,556,4415,328]; text="An infinite loop continues indefinitely unless something interrupts its"	2
7061	block_3.after_attention_residual + block_3.after_mlp_residual	2	tokens=[395,1240,0,61,3474,82,2365,113,1166,2423,306]; text="In English, the plural of mouse is usually mice when"	2
7062	block_3.after_attention_residual + block_3.after_mlp_residual	2	tokens=[395,3257,3293,0,56]; text="In cellular organisms, a"	2
7066	block_3.after_attention_residual + block_3.after_mlp_residual	4	tokens=[395,56,3058,0,225,3860]; text="In a vacuum, all electromagnetic" | tokens=[2176,2987,987,80,61,2233,1420,86,3182,418,1619,1628]; text="Wind transfers energy to the ocean surface and generates many familiar sea"	4
7067	block_3.after_attention_residual + block_3.after_mlp_residual	2	tokens=[6,4201,130,1619,4018,1901,113,77,4077]; text="A carrot's familiar edible portion is an enlarged"	2
7068	block_3.after_attention_residual + block_3.after_mlp_residual	4	tokens=[216,2646,1896,3657,584,677]; text="The Nazca Lines form large" | tokens=[575,595,1,3329,2237,379,2988,1625,80,584]; text="Stained-glass windows use colored glass to form"	4
7070	block_3.after_attention_residual + block_3.after_mlp_residual	2	tokens=[6,1804,255,1739,2316,61,462,3238,86,1013,369,328,1945,1230]; text="A palindrome reads the same backward and forward under its chosen reading"	2
7071	block_3.after_attention_residual + block_3.after_mlp_residual	2	tokens=[23,207,33,307,3262,1337,1609,82]; text="Sourdough starters contain communities of"	2
7072	block_3.after_attention_residual + block_3.after_mlp_residual	2	tokens=[1159,4200,2698,82,1401,1334,1681,2396,82,61]; text="One Hundred Years of Solitude follows generations of the"	2
7073	block_3.after_attention_residual + block_3.after_mlp_residual	6	tokens=[1097,56,1953,3288,1420,0,61]; text="At a smooth reflecting surface, the" | tokens=[1097,56,1953,3288,1420,0,61,2329,82,2821,3411,61]; text="At a smooth reflecting surface, the angle of reflection equals the" | tokens=[2099,2064,212,3227,56,701,3682,306,131,2783,56,541,2704,993,162,77]; text="Refraction can bend a light ray when it enters a different transparent material at an"	6
7074	block_3.after_attention_residual + block_3.after_mlp_residual	4	tokens=[1292,108,2761,82,77,1545,197,1537,168,520]; text="Isotopes of an element have equal proton" | tokens=[1292,108,2761,82,77,1545,197,1537,168,520,2330,224,541,4463]; text="Isotopes of an element have equal proton counts but different neutron"	4
7076	block_3.after_attention_residual + block_3.after_mlp_residual	4	tokens=[13,894,42,150,3994,1006,61,1608,4315]; text="Hermann Hesse wrote the novel Sidd" | tokens=[216,3007,147,304,119,181,1610,113,317,82,61,1341,2196,176]; text="The Bhagavad Gita is part of the larger Mahab"	4
7077	block_3.after_attention_residual + block_3.after_mlp_residual	4	tokens=[4428,1,5,887,1369,3970,3006,79,1300,573,2983,82,261,80,635]; text="UTF-8 encodes Unicode scalar values using sequences of one to four" | tokens=[1501,21,1287,1645,139,56,2259,0,1767,1394,82]; text="TCP provides applications with a reliable, ordered stream of"	4
7078	block_3.after_attention_residual + block_3.after_mlp_residual	2	tokens=[216,1042,708,69,567,3887,46,677,1]; text="The Coriolis effect deflects large-"	2
7081	block_3.after_attention_residual + block_3.after_mlp_residual	2	tokens=[216,2080,689,194,120,169,2556,579,2240,3396,3476,86,287,537,1637]; text="The Roman Colosseum hosted gladiatorial contests and other public spect"	2
7082	block_3.after_attention_residual + block_3.after_mlp_residual	2	tokens=[12,1362,3419,1687,276,1788,400,3202,358]; text="Gears transmit rotary motion through meshing"	2
7083	block_3.after_attention_residual + block_3.after_mlp_residual	4	tokens=[3201,46,1217,82,1921,2098,1134,4384,0,1492,3573,0,173,518]; text="Clouds consist of tiny liquid droplets, ice crystals, or both" | tokens=[8,983,46,212,2095]; text="Clams can filter"	4
7084	block_3.after_attention_residual + block_3.after_mlp_residual	4	tokens=[25,1359,2112,1,34,156,56,1536,1873,82,3399,86,1522]; text="Ukiyo-e was a Japanese tradition of paintings and wood" | tokens=[13,230,167,780,130,1312,3059,113,56,1522]; text="Hokusai's Great Wave is a wood"	4
7085	block_3.after_attention_residual + block_3.after_mlp_residual	2	tokens=[6,3350,130,3156,113,445,2009,82,1811,4470,867,309]; text="A shark's skeleton is made primarily of cartilage rather than"	2
7086	block_3.after_attention_residual + block_3.after_mlp_residual	2	tokens=[829,2856,1936,113,56,4246]; text="An aquifer is a geological"	2
7087	block_3.after_attention_residual + block_3.after_mlp_residual	4	tokens=[6,1719,3722,56,2562,142,56,574,82,1216]; text="A percentage expresses a quantity as a number of hundred" | tokens=[3950,2166,766,249,269,635,1,3896]; text="Nitrogen makes up about four-fif"	4
7088	block_3.after_attention_residual + block_3.after_mlp_residual	2	tokens=[11,52,3843,145,208,43,819,2938,130]; text="Fyodor Dostoevsky's"	2
7090	block_3.after_attention_residual + block_3.after_mlp_residual	2	tokens=[1116,58,2565,2346,3349]; text="Reinforced concrete combines"	2
7094	block_3.after_attention_residual + block_3.after_mlp_residual	4	tokens=[19,1340,3408,83,61,1303,130,1489,3652,3106,326,4281,86]; text="Nuclear fusion in the Sun's core converts hydrogen into helium and" | tokens=[829,186,407,2266,1798]; text="An exothermic reaction"	4
7096	block_3.after_attention_residual + block_3.after_mlp_residual	104	tokens=[6,2145,3429]; text="A neutral atom" | tokens=[7,284,212]; text="Bile can" | tokens=[796,228,89]; text="Chamele"	104
7097	block_3.after_attention_residual + block_3.after_mlp_residual	2	tokens=[1920,131,113,1166,445,82,3305,0,56,4383,4142,113]; text="Although it is usually made of brass, a saxophone is"	2
7099	block_3.after_attention_residual + block_3.after_mlp_residual	2	tokens=[3966,3897,363,113,1367,3808,62,309,1705,3897,363,82,61,462,1265,1789,162,1957,2233]; text="Cold seawater is generally denser than warm seawater of the same salinity at typical ocean"	2
7100	block_3.after_attention_residual + block_3.after_mlp_residual	2	tokens=[3192,1039,4266,212,103,1465,192,3490,4303,1765,326,81]; text="Bronze sculptures can be produced by pouring molten metal into m"	2
7101	block_3.after_attention_residual + block_3.after_mlp_residual	2	tokens=[3910,885,3083,486,3444,1111,217,436,4009,83]; text="Diego Velazquez included his own likeness in"	2
7103	block_3.after_attention_residual + block_3.after_mlp_residual	4	tokens=[3704,2691,3652,3889,592,326,56,584,1602,80,3378,328]; text="Encryption converts readable information into a form intended to conceal its" | tokens=[3009,2627,1259,1354,2845,328,2158]; text="Volatile computer memory loses its stored"	4
7104	block_3.after_attention_residual + block_3.after_mlp_residual	2	tokens=[4462,1678,581,196,61]; text="Tea leaves come from the"	2
7106	block_3.after_attention_residual + block_3.after_mlp_residual	4	tokens=[216,4338,3357,499,400]; text="The Appalachian Mountains run through" | tokens=[4164,4157,56,677,317,82]; text="Brazil occupies a large part of"	4
7108	block_3.after_attention_residual + block_3.after_mlp_residual	2	tokens=[216,1412,1297,82,2177,367,212]; text="The burrs of burdock can"	2
7109	block_3.after_attention_residual + block_3.after_mlp_residual	2	tokens=[395,1240,0,61,3474,82]; text="In English, the plural of"	2
7114	block_3.after_attention_residual + block_3.after_mlp_residual	2	tokens=[6,1859,604,3303,328,1507,400]; text="A linked list connects its elements through"	2
7116	block_3.after_attention_residual + block_3.after_mlp_residual	2	tokens=[216,1313,1,57,335,2809,82,4056,281]; text="The rock-hewn churches of Lalib"	2
7117	block_3.after_attention_residual + block_3.after_mlp_residual	4	tokens=[1097,1571,86,3327,30,270,2789,739,1,3707,83,1768]; text="Athens and Sparta were influential city-states in ancient" | tokens=[216,1768,2508,1698,270,1031,162,4349,83]; text="The ancient Olympic Games were held at Olympia in"	4
7120	block_3.after_attention_residual + block_3.after_mlp_residual	2	tokens=[216,2646,1896,3657,584,677,2324,114,61]; text="The Nazca Lines form large designs on the"	2
7121	block_3.after_attention_residual + block_3.after_mlp_residual	2	tokens=[216,1054,126,2822,481,61,2383,86,61]; text="The femur extends between the hip and the"	2
7122	block_3.after_attention_residual + block_3.after_mlp_residual	2	tokens=[15,1550,1468,352,130,3031,61,876,83,188,2808,2622,1681,612,284,88,159]; text="Jules Verne's Around the World in Eighty Days follows Phileas F"	2
7123	block_3.after_attention_residual + block_3.after_mlp_residual	2	tokens=[1906,668,926,1400,306,3047,0,1237,305,1683,3086]; text="Most solids expand when heated, although some materials behave"	2
7124	block_3.after_attention_residual + block_3.after_mlp_residual	4	tokens=[829,3640,4,889,1528,2687]; text="An IPv6 address contains 128" | tokens=[829,3640,3,889,1528,2595,1,2512]; text="An IPv4 address contains thirty-two"	4
7125	block_3.after_attention_residual + block_3.after_mlp_residual	2	tokens=[395,3257,3293,0,56,2318,113,56,1995,2135,121,3462,80,56]; text="In cellular organisms, a gene is a DNA sequence that contributes to a"	2
7126	block_3.after_attention_residual + block_3.after_mlp_residual	4	tokens=[2348,3802,2747,82,77,1969]; text="Parallel branches of an ideal" | tokens=[829,2596,3922,2276,56]; text="An electrical fuse breaks a"	4
7127	block_3.after_attention_residual + block_3.after_mlp_residual	2	tokens=[216,1054,126,2822,481,61]; text="The femur extends between the"	2
7131	block_3.after_attention_residual + block_3.after_mlp_residual	2	tokens=[216,2893,2645,1928,77]; text="The Lion Gate formed an"	2
7132	block_3.after_attention_residual + block_3.after_mlp_residual	4	tokens=[13,625,4239,1062,95,4316,196,2638,86]; text="Honeybees collect nectar from flowers and" | tokens=[4421,56,943,130,634,1211,411,185]; text="Changing a file's name alone does not"	4
7133	block_3.after_attention_residual + block_3.after_mlp_residual	2	tokens=[3175,3468,1354,0,732]; text="Unlike volatile memory, non"	2
7134	block_3.after_attention_residual + block_3.after_mlp_residual	2	tokens=[11,52,3843,145,208,43,819,2938,130,2344,86,2862,3127]; text="Fyodor Dostoevsky's Crime and Punishment"	2
7135	block_3.after_attention_residual + block_3.after_mlp_residual	2	tokens=[23,1034,657,43,156,61,356,786,82,2977,349,328,4181,82]; text="Sukarno was the first president of Indonesia after its proclamation of"	2
7136	block_3.after_attention_residual + block_3.after_mlp_residual	2	tokens=[3650,1599,842,1,1746,113,61,318,1018,124,842,82,56,677,1174,82]; text="Radioactive half-life is the time required for half of a large population of"	2
7137	block_3.after_attention_residual + block_3.after_mlp_residual	2	tokens=[216,704,1125,2191,61,1867,1420,82,61,3567,3975,1831,83,77,273]; text="The water table marks the upper surface of the saturated groundwater zone in an un"	2
7138	block_3.after_attention_residual + block_3.after_mlp_residual	2	tokens=[2108,126,338,3419,592,573,2596]; text="Neurons transmit information using electrical"	2
7139	block_3.after_attention_residual + block_3.after_mlp_residual	2	tokens=[23,149,4390,2641,639,61,746,192]; text="Skeletal muscles move the body by"	2
7140	block_3.after_attention_residual + block_3.after_mlp_residual	2	tokens=[1159,4200,2698,82,1401,1334,1681]; text="One Hundred Years of Solitude follows"	2
7141	block_3.after_attention_residual + block_3.after_mlp_residual	2	tokens=[395,56,3828,0,56]; text="In a spreadsheet, a"	2
7142	block_3.after_attention_residual + block_3.after_mlp_residual	2	tokens=[4218,974,66,130,3407,86,1288]; text="Jane Austen's Pride and Pre"	2
7144	block_3.after_attention_residual + block_3.after_mlp_residual	4	tokens=[2335,1383,212,584,635,67,2130,94,2686,86,113,1405,80]; text="Carbon can form four covalent bonds and is central to" | tokens=[395,56,839,1801,0,2497,384]; text="In a food chain, producers make"	4
7146	block_3.after_attention_residual + block_3.after_mlp_residual	2	tokens=[1260,543,1422,704,3284,400,56,629,638,475]; text="Plants lose water vapor through a process called trans"	2
7147	block_3.after_attention_residual + block_3.after_mlp_residual	2	tokens=[3616,4393,113,61,1263,82]; text="Penelope is the wife of"	2
7148	block_3.after_attention_residual + block_3.after_mlp_residual	2	tokens=[24,2461,1162,212,103,3000,80,541]; text="Timpani can be tuned to different"	2
7149	block_3.after_attention_residual + block_3.after_mlp_residual	2	tokens=[6,3056,3516,56,630,196,261,1184,326,545]; text="A compiler translates a program from one language into another"	2
7150	block_3.after_attention_residual + block_3.after_mlp_residual	2	tokens=[6,2404,598,2246,56,909,306,56,317,113]; text="A musical rest indicates a period when a part is"	2
7151	block_3.after_attention_residual + block_3.after_mlp_residual	2	tokens=[6,528,588,214,2466,1163,4101,121,3071,379,80,1198]; text="A metronome produces regular pulses that musicians use to practice"	2
7152	block_3.after_attention_residual + block_3.after_mlp_residual	2	tokens=[216,473,2017,2178,82,138,2235,156,1153,142,56,2209]; text="The Leaning Tower of Pisa was built as a bell"	2
7154	block_3.after_attention_residual + block_3.after_mlp_residual	2	tokens=[4218,974,66,130,3407,86,1288,2398,243,1115,2419,2771,111,86,3021]; text="Jane Austen's Pride and Prejudice features Elizabeth Bennet and Fitz"	2
7155	block_3.after_attention_residual + block_3.after_mlp_residual	6	tokens=[216,1774,1718,2432,704,2028,440,326,61]; text="The Amazon River carries water eastward into the" | tokens=[9,213,79,0,114,1644,130]; text="Dakar, on Africa's" | tokens=[216,3237,1899,3303,139,61]; text="The Mediterranean Sea connects with the"	6
7156	block_3.after_attention_residual + block_3.after_mlp_residual	2	tokens=[3050,1285,3531,156,4186,83]; text="Julius Caesar was assassinated in"	2
7157	block_3.after_attention_residual + block_3.after_mlp_residual	2	tokens=[2443,63,3415,170,81,1101,326]; text="Wheat grains are milled into"	2
7159	block_3.after_attention_residual + block_3.after_mlp_residual	2	tokens=[6,3487,2142,556,83,1069,82,556,845,559]; text="A metaphor describes something in terms of something else without"	2
7161	block_3.after_attention_residual + block_3.after_mlp_residual	2	tokens=[829,3346,130,3384,3349,328,2310,86,1867]; text="An elephant's trunk combines its nose and upper"	2
7162	block_3.after_attention_residual + block_3.after_mlp_residual	2	tokens=[4065,286,1528,2942,82,1842,3495,121,212]; text="Graphite contains sheets of carbon atoms that can"	2
7163	block_3.after_attention_residual + block_3.after_mlp_residual	10	tokens=[4203,1040,170,794]; text="Termites are social" | tokens=[1951,56,1843,3635]; text="During a solar eclipse" | tokens=[11,873,38,1664]; text="Fungi belong"	10
7164	block_3.after_attention_residual + block_3.after_mlp_residual	2	tokens=[3311,1384,86,2086,531,747,1337,61,2697,2012,4247]; text="Human hair and fingernails contain the structural protein ker"	2
7166	block_3.after_attention_residual + block_3.after_mlp_residual	6	tokens=[216,1774,1718,2432,704,2028,440,326,61,2411]; text="The Amazon River carries water eastward into the Atlantic" | tokens=[216,3237,1899,3303,139,61,2411]; text="The Mediterranean Sea connects with the Atlantic" | tokens=[216,1549,241,4414,2558,1664,80,3628,86,1825,83,61,2111]; text="The Galapagos Islands belong to Ecuador and lie in the Pacific"	6
7167	block_3.after_attention_residual + block_3.after_mlp_residual	2	tokens=[395,1240,0,61,3474,82,2365,113,1166]; text="In English, the plural of mouse is usually"	2
7169	block_3.after_attention_residual + block_3.after_mlp_residual	2	tokens=[1159,2545,62,1528,1212,261,1971]; text="One kilometer contains exactly one thousand"	2
7170	block_3.after_attention_residual + block_3.after_mlp_residual	4	tokens=[23,4288,2142,2265,139,2899,86,2724,948,82,341,56,1734]; text="SVG describes graphics with shapes and paths instead of only a fixed" | tokens=[6,157,680,1092,113,2081,192,56]; text="A raster image is represented by a"	4
7172	block_3.after_attention_residual + block_3.after_mlp_residual	2	tokens=[6,312,1443,652,113,445,192]; text="A quilling design is made by"	2
7173	block_3.after_attention_residual + block_3.after_mlp_residual	2	tokens=[6,4044,766,621,1658,1455,80]; text="A microscope makes small objects easier to"	2
7174	block_3.after_attention_residual + block_3.after_mlp_residual	6	tokens=[12,1315,2739,142,56,2964,2500]; text="Ginger grows as a horizontal underground" | tokens=[216,3365,4013,113,56,2290,2500]; text="The potato tuber is a modified underground" | tokens=[216,76,873,94,3053,445,196,156,3132,840,2137,196,328,489,251]; text="The pungent paste made from wasabi comes mainly from its grated"	6
7175	block_3.after_attention_residual + block_3.after_mlp_residual	2	tokens=[3723,1735,1621,82,56,2260,1813,412,170]; text="Opposite sides of a parallelogram are"	2
7179	block_3.after_attention_residual + block_3.after_mlp_residual	2	tokens=[2742,2451,218,185,653,61,4173,82,672,1498]; text="Earlier outcomes do not change the probabilities of later independent"	2
7181	block_3.after_attention_residual + block_3.after_mlp_residual	2	tokens=[23,3955,2550,170,460,884,83]; text="Sesame seeds are used whole in"	2
7183	block_3.after_attention_residual + block_3.after_mlp_residual	2	tokens=[3910,885,3867,156,56]; text="Diego Rivera was a"	2
7184	block_3.after_attention_residual + block_3.after_mlp_residual	2	tokens=[2889,241,1907,212,1245,56,2098,192]; text="Evaporation can cool a liquid by"	2
7186	block_3.after_attention_residual + block_3.after_mlp_residual	4	tokens=[216,4272,246,1718,2584,61,1628,400,56,3641,83]; text="The Mekong River reaches the sea through a delta in" | tokens=[13,1689,38,113,61,1145,82]; text="Hanoi is the capital of"	4
7189	block_3.after_attention_residual + block_3.after_mlp_residual	2	tokens=[24,110,456,1045,182,130]; text="Tutankhamun's"	2
7191	block_3.after_attention_residual + block_3.after_mlp_residual	2	tokens=[796,310,199,88,170,316,2185,789,142,1646,1301]; text="Chickpeas are also commonly known as garban"	2
7192	block_3.after_attention_residual + block_3.after_mlp_residual	14	tokens=[1141,87,511]; text="Unicode" | tokens=[8,3418,113]; text="Cinnamon is" | tokens=[8,2307,37]; text="Copenh"	14
7193	block_3.after_attention_residual + block_3.after_mlp_residual	2	tokens=[11,52,3843,145,208,43,819,2938,130,2344,86,2862,3127,2390,114,1895,91,154,851]; text="Fyodor Dostoevsky's Crime and Punishment centers on Rodion Rask"	2
7194	block_3.after_attention_residual + block_3.after_mlp_residual	2	tokens=[2591,1089,1493,2121,83,61,746,130]; text="White blood cells participate in the body's"	2
7196	block_3.after_attention_residual + block_3.after_mlp_residual	2	tokens=[3690,895,175,932,476,714,3196,1668,701,86]; text="Impressionist painters often explored changing light and"	2
7197	block_3.after_attention_residual + block_3.after_mlp_residual	2	tokens=[216,1252,86,3654,2871,384,249,61,1405]; text="The brain and spinal cord make up the central"	2
7198	block_3.after_attention_residual + block_3.after_mlp_residual	4	tokens=[891,56,3253,3811,2584,61,2887,1253,1396,0,131,577,2044,80,56,3010,0]; text="When a chess pawn reaches the farthest rank, it must promote to a queen," | tokens=[3223,606,1754,518,56,1706,86,56]; text="Castling moves both a king and a"	4
7199	block_3.after_attention_residual + block_3.after_mlp_residual	2	tokens=[3134,130,1145,113,2773,0,867,309,1840,173]; text="Canada's capital is Ottawa, rather than Toronto or"	2
7200	block_3.after_attention_residual + block_3.after_mlp_residual	2	tokens=[1442,2791,2191,212,2940]; text="Quotation marks can distinguish"	2
7201	block_3.after_attention_residual + block_3.after_mlp_residual	2	tokens=[3650,2322,0,1989,701,0,86,620,1,3310,1664,80,61,462,3860]; text="Radio waves, visible light, and X-rays belong to the same electromagnetic"	2
7203	block_3.after_attention_residual + block_3.after_mlp_residual	2	tokens=[8,34,187,113,56,3560,1635,1573,83,61,617,3719]; text="Ceres is a dwarf planet located in the main asteroid"	2
7204	block_3.after_attention_residual + block_3.after_mlp_residual	2	tokens=[4305,3905,2968,379,3809,3321,80]; text="Oil paints traditionally use drying oils to"	2
7207	block_3.after_attention_residual + block_3.after_mlp_residual	10	tokens=[6,1760,1812,1862,3358]; text="A cashew nut develops" | tokens=[1470,147,45,2767,170,4432,1762,3004,80,548]; text="Seagrasses are flowering plants adapted to life" | tokens=[216,3932,709,4438,82,4377,758,61,253,3221,2570]; text="The hardened forewings of beetles protect the more delicate wings"	10
7208	block_3.after_attention_residual + block_3.after_mlp_residual	2	tokens=[6,953,864,2134,1367,3580,80,56,953]; text="A higher sound frequency generally corresponds to a higher"	2
7209	block_3.after_attention_residual + block_3.after_mlp_residual	2	tokens=[216,237,1519,30,1287,77,695,478,481,61,96,4139,51,86,61,3167]; text="The trachea provides an airway between the larynx and the bron"	2
7210	block_3.after_attention_residual + block_3.after_mlp_residual	6	tokens=[3928,366,1673,4062,647]; text="Adding two odd integers always" | tokens=[784,1904,929,0,56,1341,824,1027]; text="For constant mass, a larger net force" | tokens=[3443,728,56,512,574,564]; text="Squaring a real number never"	6
7211	block_3.after_attention_residual + block_3.after_mlp_residual	2	tokens=[4116,3133,1763,306,56,2766,2269,4264,1194,369]; text="Germination begins when a viable seed resumes growth under"	2
7213	block_3.after_attention_residual + block_3.after_mlp_residual	2	tokens=[395,4440,233,70,3481,0,61]; text="In Euclidean geometry, the"	2
7215	block_3.after_attention_residual + block_3.after_mlp_residual	2	tokens=[4178,1574,83,715,3406,1044,583,811,61,2042,82,1921,200,99]; text="Gas exchange in human lungs takes place across the walls of tiny alve"	2
7218	block_3.after_attention_residual + block_3.after_mlp_residual	2	tokens=[6,3058,4273,2653,1520,1411,192,2935,152]; text="A vacuum flask reduces heat transfer by limiting con"	2
7219	block_3.after_attention_residual + block_3.after_mlp_residual	8	tokens=[1667,262,2902,1762,1262,704,83,1836,1094,1678,0,3392,0,173]; text="Succulent plants store water in thickened leaves, stems, or" | tokens=[1267,2367,3066,259,78,4136,584,810,2946,139,61]; text="Mycorrhizal fungi form close associations with the" | tokens=[28,930,41,2432,704,196]; text="Xylem carries water from"	8
7221	block_3.after_attention_residual + block_3.after_mlp_residual	2	tokens=[2925,919,77,1092,130,3088,2894,411,185,1803]; text="Increasing an image's pixel dimensions does not automatically"	2
7222	block_3.after_attention_residual + block_3.after_mlp_residual	4	tokens=[2717,2142,61,967,162,267,987,113]; text="Power describes the rate at which energy is" | tokens=[395,1307,2141,2729,0,3039,113]; text="In letterpress printing, ink is"	4
7225	block_3.after_attention_residual + block_3.after_mlp_residual	2	tokens=[6,1464,3768,1892,61,4411,82,61]; text="A negative exponent represents the reciprocal of the"	2
7226	block_3.after_attention_residual + block_3.after_mlp_residual	2	tokens=[1116,58,2565,2346,3349,2346,139,4085,121,1629,1380]; text="Reinforced concrete combines concrete with reinforcement that helps resist"	2
7227	block_3.after_attention_residual + block_3.after_mlp_residual	4	tokens=[216,2638,82,56,924,549,1008,328,3318,0]; text="The flowers of a fig develop inside its hollow," | tokens=[4059,329,2114,113,789,124,328,792,2147,86,3735,4018]; text="Durian fruit is known for its strong smell and creamy edible"	4
7228	block_3.after_attention_residual + block_3.after_mlp_residual	2	tokens=[2699,3339,1337,1171,121,3372,83]; text="Ant colonies contain workers that cooperate in"	2
7229	block_3.after_attention_residual + block_3.after_mlp_residual	2	tokens=[6,888,4133,113,56,1266,3593]; text="A supernova is a powerful stellar"	2
7231	block_3.after_attention_residual + block_3.after_mlp_residual	2	tokens=[22,176,63,113,61,1145,82,3810,0,867,309]; text="Rabat is the capital of Morocco, rather than"	2
7232	block_3.after_attention_residual + block_3.after_mlp_residual	2	tokens=[6,1336,1821,2701,534,86]; text="A web browser retrieves and"	2
7233	block_3.after_attention_residual + block_3.after_mlp_residual	2	tokens=[216,1939,82,908,3517,61,4344,82,701]; text="The expansion of space stretches the wavelengths of light"	2
7234	block_3.after_attention_residual + block_3.after_mlp_residual	2	tokens=[8,125,1648,1946,1426,4069,1963,61,2550,460,80,384]; text="Cacao trees produce pods containing the seeds used to make"	2
7235	block_3.after_attention_residual + block_3.after_mlp_residual	2	tokens=[2648,1572,1984,1244,2192,3671,328,3022]; text="Acetic acid gives ordinary vinegar its characteristic"	2
7236	block_3.after_attention_residual + block_3.after_mlp_residual	2	tokens=[4151,53,4382,130,165,1205,4099,1732,1763,139,2153,71,1208,2495,130]; text="Franz Kafka's The Metamorphosis begins with Gregor Samsa's"	2
7237	block_3.after_attention_residual + block_3.after_mlp_residual	2	tokens=[4397,970,1084,111,2056,2681,704,96,1320,83,217]; text="Claude Monet repeatedly painted water lilies in his"	2
7238	block_3.after_attention_residual + block_3.after_mlp_residual	2	tokens=[2399,4212,839,3115,196,61,2732,80,61]; text="Swallowed food travels from the throat to the"	2
7239	block_3.after_attention_residual + block_3.after_mlp_residual	2	tokens=[4151,53,4382,130,165,1205,4099,1732,1763,139,2153,71,1208]; text="Franz Kafka's The Metamorphosis begins with Gregor Sam"	2
7241	block_3.after_attention_residual + block_3.after_mlp_residual	2	tokens=[395,56,839,1801,0]; text="In a food chain,"	2
7243	block_3.after_attention_residual + block_3.after_mlp_residual	2	tokens=[22,557,4417,735,88,119,1004,61,356,786,82,1294,83]; text="Rajendra Prasad became the first president of India in"	2
7244	block_3.after_attention_residual + block_3.after_mlp_residual	4	tokens=[12,1315,2739,142,56,2964]; text="Ginger grows as a horizontal" | tokens=[216,3365,4013,113,56,2290]; text="The potato tuber is a modified"	4
7245	block_3.after_attention_residual + block_3.after_mlp_residual	2	tokens=[24,1202,170,301,308,42,926,121,1284,114,61,1089,82]; text="Ticks are arachnids that feed on the blood of"	2
7247	block_3.after_attention_residual + block_3.after_mlp_residual	2	tokens=[6,599,551,3580,80]; text="A full turn corresponds to"	2
7248	block_3.after_attention_residual + block_3.after_mlp_residual	2	tokens=[395,480,1,3195,755]; text="In hand-built pot"	2
7249	block_3.after_attention_residual + block_3.after_mlp_residual	2	tokens=[10,1254,83,61,462,3718,1]; text="Elements in the same periodic-"	2
7250	block_3.after_attention_residual + block_3.after_mlp_residual	4	tokens=[29,254,1187,113,445,192,4147,75,2013,139,96,2557,1984]; text="Yogurt is made by fermenting milk with lactic acid" | tokens=[23,207,33,307,3262,1337,1609,82,2327,1697,86,96,2557,1984]; text="Sourdough starters contain communities of yeasts and lactic acid"	4
7253	block_3.after_attention_residual + block_3.after_mlp_residual	18	tokens=[20,2623,1121,113]; text="Olive oil is" | tokens=[19,1340,3408,83]; text="Nuclear fusion in" | tokens=[575,78,260,1040,2103,196]; text="Stalactites hang from"	18
7254	block_3.after_attention_residual + block_3.after_mlp_residual	16	tokens=[3819,3883,3864,1036]; text="Arthur Conan Doyle created" | tokens=[3298,4214,3878,2954]; text="Distillation separates substances" | tokens=[2446,1842,3098,3732]; text="Each carbon dioxide molecule"	16
7256	block_3.after_attention_residual + block_3.after_mlp_residual	10	tokens=[1756,1848,113,56]; text="Every square is a" | tokens=[829,3640,3,889,1528,2595,1]; text="An IPv4 address contains thirty-" | tokens=[3373,684,113,56]; text="Hamlet is a"	10
7257	block_3.after_attention_residual + block_3.after_mlp_residual	2	tokens=[395,4440,233,70,3481,0,61,2469,3157,82,56,3482,373,80]; text="In Euclidean geometry, the interior angles of a triangle add to"	2
7258	block_3.after_attention_residual + block_3.after_mlp_residual	4	tokens=[3788,212,653,1566,224,113,1347,74,83,77]; text="Energy can change forms but is conserved in an" | tokens=[3797,94,169,113,1347,74,83,77]; text="Momentum is conserved in an"	4
7260	block_3.after_attention_residual + block_3.after_mlp_residual	2	tokens=[4345,113,61,864,1465,192,695]; text="Thunder is the sound produced by air"	2
7261	block_3.after_attention_residual + block_3.after_mlp_residual	2	tokens=[6,888,4133,113,56,1266,3593,2485,121,212]; text="A supernova is a powerful stellar explosion that can"	2
7262	block_3.after_attention_residual + block_3.after_mlp_residual	2	tokens=[796,58,1815,112,944,603,437]; text="Chinua Achebe set"	2
7267	block_3.after_attention_residual + block_3.after_mlp_residual	2	tokens=[21,102,1302,113,445,192,4073,2067,2525,82,1522,0,1166,139,4176,2674]; text="Plywood is made by bonding thin layers of wood, usually with alternating grain"	2
7268	block_3.after_attention_residual + block_3.after_mlp_residual	2	tokens=[3912,2856,74,1495,46,3187,704,80]; text="Roman aqueducts transported water to"	2
7269	block_3.after_attention_residual + block_3.after_mlp_residual	4	tokens=[575,2384,4353,52,3741]; text="Stratigraphy examines" | tokens=[21,102,1302,113,445,192,4073,2067]; text="Plywood is made by bonding thin"	4
7270	block_3.after_attention_residual + block_3.after_mlp_residual	2	tokens=[216,3277,82,3877,44,2146,2579,317,82,77,112]; text="The ruins of Persepolis preserve part of an A"	2
7271	block_3.after_attention_residual + block_3.after_mlp_residual	2	tokens=[216,4028,82,1672,4049,2848,1285]; text="The eruption of Mount Vesuvius"	2
7274	block_3.after_attention_residual + block_3.after_mlp_residual	8	tokens=[6,2611,865,2059,858,56,1214,82]; text="A floating object displaces a weight of" | tokens=[4130,361,1314,965,196,1623,83]; text="Buoyancy results from differences in" | tokens=[1135,99,291,2987,1520,400,61,2555,1197,82,56]; text="Convection transfers heat through the bulk movement of a"	8
7277	block_3.after_attention_residual + block_3.after_mlp_residual	2	tokens=[3420,71,3638,1006,61,2969]; text="Victor Hugo wrote the novels"	2
7278	block_3.after_attention_residual + block_3.after_mlp_residual	2	tokens=[3552,2496,2202,327,1006,2568,3394,59,369,61,1140,634,1421]; text="Charlotte Bronte wrote Jane Eyre under the pen name Cur"	2
7279	block_3.after_attention_residual + block_3.after_mlp_residual	2	tokens=[1142,43,3275,97,361,130,761,86,2634,1207,61,2800,917,2248]; text="Leo Tolstoy's War and Peace includes the Napoleonic"	2
7282	block_3.after_attention_residual + block_3.after_mlp_residual	2	tokens=[6,1505,2817,1138,1235,56]; text="A closed conducting path allows a"	2
7283	block_3.after_attention_residual + block_3.after_mlp_residual	2	tokens=[395,2404,3941,0,67,187,2939,43,729,80,723]; text="In musical notation, crescendo means to become"	2
7286	block_3.after_attention_residual + block_3.after_mlp_residual	2	tokens=[6,1390,3615,542,2448,82,418,621,2638]; text="A sunflower head consists of many small flowers"	2
7287	block_3.after_attention_residual + block_3.after_mlp_residual	2	tokens=[6,4206,820,1914,61,1525,82,77,2948,173,423,2691]; text="A cryptographic key controls the operation of an encryption or decryption"	2
7288	block_3.after_attention_residual + block_3.after_mlp_residual	12	tokens=[3311,905,1089,1493,1506]; text="Human red blood cells transport" | tokens=[1756,704,3732,1528,366,3106,3495,4191,80,261]; text="Every water molecule contains two hydrogen atoms bonded to one" | tokens=[1151,140,203,1178,1089,655,196,61,997,0,2039,82,328]; text="Arteries carry blood away from the heart, regardless of its"	12
7291	block_3.after_attention_residual + block_3.after_mlp_residual	4	tokens=[6,3095,130,124,2226]; text="A snake's forked" | tokens=[6,4083,3366,130,433]; text="A giraffe's long"	4
7292	block_3.after_attention_residual + block_3.after_mlp_residual	8	tokens=[3650,2322,196,908,170,56,584,82,3860]; text="Radio waves from space are a form of electromagnetic" | tokens=[1578,77,3224,3627]; text="Of an octopus" | tokens=[216,3504,3693,1432,113]; text="The cosmic microwave background is"	8
7294	block_3.after_attention_residual + block_3.after_mlp_residual	26	tokens=[1935,1762,212,3480,559]; text="Many plants can reproduce without" | tokens=[3046,116,92,4069,1337,4424]; text="Cardamom pods contain aromatic" | tokens=[17,94,1438,170,4018]; text="Lentils are edible"	26
7296	block_3.after_attention_residual + block_3.after_mlp_residual	2	tokens=[1772,111,801,437,61,695,1686,2628,391,192,4240,250]; text="Trumpet players set the air column vibrating by buzzing their"	2
7297	block_3.after_attention_residual + block_3.after_mlp_residual	10	tokens=[4287,4470,1287,56,1953,2288,162,61,1676,82]; text="Cartilage provides a smooth covering at the ends of" | tokens=[17,123,2625,490,737]; text="Ligaments help hold" | tokens=[216,1957,1343,715,3156,1528,3709]; text="The typical adult human skeleton contains 206"	10
7298	block_3.after_attention_residual + block_3.after_mlp_residual	2	tokens=[1578,77,3224,3627,130,519]; text="Of an octopus's three"	2
7299	block_3.after_attention_residual + block_3.after_mlp_residual	6	tokens=[3987,2025,152,2474,2987,987,400,2582,690,915,559]; text="Thermal conduction transfers energy through interactions within matter without" | tokens=[829,2596,488,2203,2029,4406,61,1197,82,1577,1311,400,328]; text="An electrical insulator strongly resists the movement of electric charge through its" | tokens=[1135,99,291,2987,1520,400,61]; text="Convection transfers heat through the"	6
7300	block_3.after_attention_residual + block_3.after_mlp_residual	2	tokens=[216,2080,689,194,120,169]; text="The Roman Colosseum"	2
7301	block_3.after_attention_residual + block_3.after_mlp_residual	4	tokens=[29,254,1187,113,445,192,4147,75,2013,139,96]; text="Yogurt is made by fermenting milk with l" | tokens=[23,207,33,307,3262,1337,1609,82,2327,1697,86,96]; text="Sourdough starters contain communities of yeasts and l"	4
7304	block_3.after_attention_residual + block_3.after_mlp_residual	2	tokens=[3014,399,2030,1,33]; text="Mohenjo-d"	2
7305	block_3.after_attention_residual + block_3.after_mlp_residual	2	tokens=[13,230,167,780,130,1312,3059,113,56,1522,2340,1243,0,185,77,1121]; text="Hokusai's Great Wave is a woodblock print, not an oil"	2
7307	block_3.after_attention_residual + block_3.after_mlp_residual	2	tokens=[3974,3302,2592,2047,1639,192,77]; text="Computer processors execute instructions defined by an"	2
7308	block_3.after_attention_residual + block_3.after_mlp_residual	4	tokens=[23,3955,2550,170,460,884,83,2437,86]; text="Sesame seeds are used whole in cooking and" | tokens=[23,1915,329,313,3433]; text="Sumerian scribes"	4
7310	block_3.after_attention_residual + block_3.after_mlp_residual	2	tokens=[669,391,56,1249,83,56,3335,2901,2256,1367]; text="Heating a gas in a rigid sealed container generally"	2
7311	block_3.after_attention_residual + block_3.after_mlp_residual	2	tokens=[4348,83,1268,130,3850,533,2817]; text="Motion in Earth's electrically conducting"	2
7312	block_3.after_attention_residual + block_3.after_mlp_residual	2	tokens=[3552,2496,2202,327,1006]; text="Charlotte Bronte wrote"	2
7313	block_3.after_attention_residual + block_3.after_mlp_residual	2	tokens=[24,2461,1162,212,103,3000,80,541,2404,3452,192,1668,61]; text="Timpani can be tuned to different musical pitches by changing the"	2
7314	block_3.after_attention_residual + block_3.after_mlp_residual	2	tokens=[216,3932,709,4438,82,4377,758,61,253,3221]; text="The hardened forewings of beetles protect the more delicate"	2
7315	block_3.after_attention_residual + block_3.after_mlp_residual	10	tokens=[216,3139,1899,1978,3643,82,61]; text="The Caribbean Sea lies southeast of the" | tokens=[216,2749,1718,3523,203,326,61]; text="The Mississippi River empties into the" | tokens=[3079,198,113,3923,130,1145,0,114,61]; text="Accra is Ghana's capital, on the"	10
7317	block_3.after_attention_residual + block_3.after_mlp_residual	2	tokens=[13,297,3777,706,83,3160]; text="Hailstones grow in thunder"	2
7319	block_3.after_attention_residual + block_3.after_mlp_residual	2	tokens=[2742,2451,218,185,653,61,4173,82,672,1498,2435]; text="Earlier outcomes do not change the probabilities of later independent coin"	2
7320	block_3.after_attention_residual + block_3.after_mlp_residual	2	tokens=[4050,1835,3636,2432,2149,2047,196,1995,80]; text="Messenger RNA carries genetic instructions from DNA to"	2
7321	block_3.after_attention_residual + block_3.after_mlp_residual	4	tokens=[4255,686,47,88,549,392,3702,3942]; text="River deltas develop where deposited sediment" | tokens=[3049,3331,4473,2479,306,3047,704,1008,299]; text="Popcorn kernels burst when heated water inside them"	4
7323	block_3.after_attention_residual + block_3.after_mlp_residual	2	tokens=[216,3277,82,3877,44,2146]; text="The ruins of Persepolis"	2
7326	block_3.after_attention_residual + block_3.after_mlp_residual	4	tokens=[796,177,4341,3878,2954,776,80,250]; text="Chromatography separates substances according to their" | tokens=[3987,2025,152,2474,2987,987,400]; text="Thermal conduction transfers energy through"	4
7328	block_3.after_attention_residual + block_3.after_mlp_residual	2	tokens=[2778,1313,121,4047,2351,400,1268,130,2100,86]; text="Space rock that survives passage through Earth's atmosphere and"	2
7329	block_3.after_attention_residual + block_3.after_mlp_residual	2	tokens=[4197,3078,212,1426,61,462]; text="Different inputs can produce the same"	2
7331	block_3.after_attention_residual + block_3.after_mlp_residual	2	tokens=[1772,111,801,437,61,695,1686,2628,391,192,4240,250,2552,326,56,1631]; text="Trumpet players set the air column vibrating by buzzing their lips into a mouth"	2
7336	block_3.after_attention_residual + block_3.after_mlp_residual	2	tokens=[4096,952,2448,82,2047,121,56,2632,212]; text="Machine code consists of instructions that a processor can"	2
7337	block_3.after_attention_residual + block_3.after_mlp_residual	2	tokens=[3508,2434,2561,714,3349]; text="Chinese landscape painting often combines"	2
7338	block_3.after_attention_residual + block_3.after_mlp_residual	2	tokens=[24,703,48,113,445,192,375,147,2126,3120,2013,86]; text="Tofu is made by coagulating soy milk and"	2
7339	block_3.after_attention_residual + block_3.after_mlp_residual	6	tokens=[829,3640,3,889,1528]; text="An IPv4 address contains" | tokens=[1858,3538,2189,306]; text="Recursion occurs when" | tokens=[1906,1725,1972,2544]; text="Most fish obtain oxygen"	6
7340	block_3.after_attention_residual + block_3.after_mlp_residual	20	tokens=[2870,376,113,56,677]; text="Lightning is a large" | tokens=[6,1063,351,1736,3168,1023,3652,701,326]; text="A photovoltaic cell converts light into" | tokens=[216,1768,4025,495]; text="The ancient Nabata"	20
7341	block_3.after_attention_residual + block_3.after_mlp_residual	2	tokens=[216,2054,3781,638,1905,780,170,1319,139]; text="The stone monuments called moai are associated with"	2
7342	block_3.after_attention_residual + block_3.after_mlp_residual	2	tokens=[829,3989,718,212,584,56,4297,192]; text="An oyster can form a pearl by"	2
7344	block_3.after_attention_residual + block_3.after_mlp_residual	2	tokens=[829,3989,718,212,584,56,4297,192,2598,752,95]; text="An oyster can form a pearl by depositing n"	2
7346	block_3.after_attention_residual + block_3.after_mlp_residual	4	tokens=[21,352,3024,1523,379,3608,1249,80,687]; text="Pneumatic tools use compressed gas to perform" | tokens=[829,1577,1660,3652,2596,987,326]; text="An electric motor converts electrical energy into"	4
7350	block_3.after_attention_residual + block_3.after_mlp_residual	2	tokens=[216,3846,3687,1176,113,56,1716,331,192]; text="The marble sculpture David is a famous work by"	2
7351	block_3.after_attention_residual + block_3.after_mlp_residual	2	tokens=[1504,3135,2169,61,1977]; text="Enamel covers the exposed"	2
7353	block_3.after_attention_residual + block_3.after_mlp_residual	2	tokens=[3126,113,56,1184,460,80]; text="SQL is a language used to"	2
7356	block_3.after_attention_residual + block_3.after_mlp_residual	2	tokens=[2131,328,634,0,2369]; text="Despite its name, buck"	2
7357	block_3.after_attention_residual + block_3.after_mlp_residual	2	tokens=[18,323,101,99,1946,706,83,3091]; text="Mangrove trees grow in coastal"	2
7359	block_3.after_attention_residual + block_3.after_mlp_residual	2	tokens=[13,625,4239,1062,95,4316,196,2638,86,2388,131,326]; text="Honeybees collect nectar from flowers and convert it into"	2
7360	block_3.after_attention_residual + block_3.after_mlp_residual	32	tokens=[2719,39,71,2588,113,56]; text="Angkor Wat is a" | tokens=[3026,1634,113,61]; text="Oslo is the" | tokens=[4277,678,113,56]; text="Mercury is a"	32
7364	block_3.after_attention_residual + block_3.after_mlp_residual	2	tokens=[1906,1989,701,196,61,2836,83,334,1843,506,113]; text="Most visible light from the planets in our solar system is"	2
7366	block_3.after_attention_residual + block_3.after_mlp_residual	2	tokens=[15,1550,1468,352,130,3031,61,876,83,188,2808]; text="Jules Verne's Around the World in Eighty"	2
7368	block_3.after_attention_residual + block_3.after_mlp_residual	4	tokens=[2238,4099,87,2624,549,306,1473]; text="Metamorphic rocks develop when existing" | tokens=[3218,2516,142,131,4311,83,3493,212,490,906]; text="Water expanding as it freezes in cracks can help break"	4
7370	block_3.after_attention_residual + block_3.after_mlp_residual	2	tokens=[7,613,170,61,341,3502,1741,82]; text="Bats are the only mammals capable of"	2
7371	block_3.after_attention_residual + block_3.after_mlp_residual	2	tokens=[3175,3468,1354,0,732,2389]; text="Unlike volatile memory, nonvol"	2
7372	block_3.after_attention_residual + block_3.after_mlp_residual	6	tokens=[6,1331,44,2466,864,306,328,2678]; text="A harp produces sound when its strings" | tokens=[1772,111,801,437,61,695,1686]; text="Trumpet players set the air column" | tokens=[20,863,72,379,56,1575,82,98,1618,121]; text="Oboes use a pair of reeds that"	6
7374	block_3.after_attention_residual + block_3.after_mlp_residual	4	tokens=[216,1949,83,4347,113,185,1277]; text="The creature in Frankenstein is not named" | tokens=[3533,4380,1036,61,2498]; text="Mary Shelley created the scientist"	4
7375	block_3.after_attention_residual + block_3.after_mlp_residual	2	tokens=[216,1521,82,248,3219,113,77]; text="The Book of Kells is an"	2
7376	block_3.after_attention_residual + block_3.after_mlp_residual	2	tokens=[4096,952,2448,82,2047,121,56]; text="Machine code consists of instructions that a"	2
7378	block_3.after_attention_residual + block_3.after_mlp_residual	2	tokens=[1142,43,3275,97,361,130,761,86]; text="Leo Tolstoy's War and"	2
7379	block_3.after_attention_residual + block_3.after_mlp_residual	2	tokens=[2826,62,1472,3901,569,701,80,1148,61,1092]; text="Longer camera exposures allow light to reach the image"	2
7382	block_3.after_attention_residual + block_3.after_mlp_residual	12	tokens=[6,1390,3615,542,2448,82,418,621]; text="A sunflower head consists of many small" | tokens=[13,625,4239,1062,95,4316,196]; text="Honeybees collect nectar from" | tokens=[2302,1,1746,3399,3241,2860,1658,429,142,2114,0]; text="Still-life paintings depict arranged objects such as fruit,"	12
7383	block_3.after_attention_residual + block_3.after_mlp_residual	16	tokens=[1504,53,3424,1075,249]; text="Enzymes speed up" | tokens=[1504,53,3424,1075,249,2639,83,1079,3293,559,409,2723,192,428]; text="Enzymes speed up reactions in living organisms without being consumed by those" | tokens=[3311,1376,1566,56]; text="Human skin forms a"	16
7384	block_3.after_attention_residual + block_3.after_mlp_residual	2	tokens=[4205,1268,130,1420,0]; text="Near Earth's surface,"	2
7386	block_3.after_attention_residual + block_3.after_mlp_residual	2	tokens=[3655,2197,379,2585,1300,80,490,3073,2158]; text="Hash tables use hash values to help locate stored"	2
7387	block_3.after_attention_residual + block_3.after_mlp_residual	2	tokens=[216,1240,674,654,2755,1528,519]; text="The English word bookkeeper contains three"	2
7391	block_3.after_attention_residual + block_3.after_mlp_residual	2	tokens=[18,323,101,99,1946,706,83,3091,2613]; text="Mangrove trees grow in coastal environments"	2
7394	block_3.after_attention_residual + block_3.after_mlp_residual	2	tokens=[3304,827,422,170,4422]; text="Cymbals are percussion"	2
7395	block_3.after_attention_residual + block_3.after_mlp_residual	6	tokens=[24,1227,4403,638,128,92,495,569,3402,80,639,400]; text="Tiny pores called stomata allow gases to move through" | tokens=[8,193,795,128,3520,3057,142,2744,170,2009]; text="Celery stalks eaten as vegetables are primarily" | tokens=[3389,169,1317,4052,370,911,3576,4399,86,2787,1765]; text="Illuminated manuscripts may include decorated initials and precious metal"	6
7398	block_3.after_attention_residual + block_3.after_mlp_residual	2	tokens=[4434,2202,327,130,153]; text="Emily Bronte's W"	2
7402	block_3.after_attention_residual + block_3.after_mlp_residual	2	tokens=[13,894,42,150,3994,1006,61,1608,4315,2332]; text="Hermann Hesse wrote the novel Siddhar"	2
7403	block_3.after_attention_residual + block_3.after_mlp_residual	4	tokens=[3551,56,834,2023,130,753,3122,0,701,920,1854,80]; text="Inside a black hole's event horizon, light cannot escape to" | tokens=[216,1939,82,908,3517,61,4344,82,701,2489,481]; text="The expansion of space stretches the wavelengths of light traveling between"	4
7405	block_3.after_attention_residual + block_3.after_mlp_residual	2	tokens=[6,3178,1892,56,496,0,465,56,859,1,315]; text="A portrait represents a person, while a self-port"	2
7406	block_3.after_attention_residual + block_3.after_mlp_residual	2	tokens=[6,3888,130,3825,1528]; text="A comet's nucleus contains"	2
7407	block_3.after_attention_residual + block_3.after_mlp_residual	2	tokens=[3287,345,130,1742,2760,1217,1682,82]; text="Saturn's bright rings consist largely of"	2
7408	block_3.after_attention_residual + block_3.after_mlp_residual	2	tokens=[829,865,130,4109,987,1688,139,61,1848,82,328,1075,83,2960]; text="An object's kinetic energy increases with the square of its speed in classical"	2
7410	block_3.after_attention_residual + block_3.after_mlp_residual	2	tokens=[3175,3468,1354,0,732,2389,2627,1764,3716,592,559]; text="Unlike volatile memory, nonvolatile storage retains information without"	2
7412	block_3.after_attention_residual + block_3.after_mlp_residual	4	tokens=[4305,3905,2968,379,3809,3321,80,2460]; text="Oil paints traditionally use drying oils to bind" | tokens=[3218,2087,3905,379,704,80,1178]; text="Watercolor paints use water to carry"	4
7413	block_3.after_attention_residual + block_3.after_mlp_residual	2	tokens=[4330,2774,420,3949,46,1153]; text="Ancient Egyptian pharaohs built"	2
7415	block_3.after_attention_residual + block_3.after_mlp_residual	2	tokens=[26,134,4100,3097,3985,400,427,82,61]; text="Virgil guides Dante through much of the"	2
7416	block_3.after_attention_residual + block_3.after_mlp_residual	2	tokens=[6,3503,219,896,1861,0,2777]; text="A cube has six faces, twelve"	2
7417	block_3.after_attention_residual + block_3.after_mlp_residual	6	tokens=[4095,1701,379,1814,2608,1251,124,1197,86]; text="Sea stars use numerous tube feet for movement and" | tokens=[3443,107,1743,197,1250,1565,86,366,942]; text="Squid typically have eight arms and two longer" | tokens=[6,839,1336,3303,1182]; text="A food web connects multiple"	6
7418	block_3.after_attention_residual + block_3.after_mlp_residual	4	tokens=[22,243,113,56,3935]; text="Rice is a cereal" | tokens=[21,102,1302,113,445,192,4073,2067,2525,82,1522,0,1166,139,4176]; text="Plywood is made by bonding thin layers of wood, usually with alternating"	4
7419	block_3.after_attention_residual + block_3.after_mlp_residual	2	tokens=[2876,39,3605,3333,3705,450,1426,3525,3678,465,3845,250,2208]; text="Silkworm caterpillars produce silk fibers while constructing their coc"	2
7420	block_3.after_attention_residual + block_3.after_mlp_residual	2	tokens=[24,2461,1162,212,103,3000,80,541,2404,3452,192,1668,61,2569,82,250]; text="Timpani can be tuned to different musical pitches by changing the tension of their"	2
7422	block_3.after_attention_residual + block_3.after_mlp_residual	10	tokens=[216,1203,4146,87,1657,1557,46,1485,801,80,210,602,867,309,2295,61]; text="The term pizzicato instructs string players to pluck rather than bow the" | tokens=[6,4125,2037,219,635]; text="A violin normally has four" | tokens=[6,2960,2349,2037,219,896]; text="A classical guitar normally has six"	10
7423	block_3.after_attention_residual + block_3.after_mlp_residual	14	tokens=[6,986,1710,141,2448,82,366]; text="A diptych consists of two" | tokens=[216,3504,3693,1432]; text="The cosmic microwave background" | tokens=[216,1869,2073,169]; text="The cerebellum"	14
7425	block_3.after_attention_residual + block_3.after_mlp_residual	6	tokens=[4397,970,1084,111,2056]; text="Claude Monet repeatedly" | tokens=[26,4271,1685,662,209]; text="Vincent van Gogh" | tokens=[4030,2688,2605,2537,464]; text="Leonardo da Vinci"	6
7426	block_3.after_attention_residual + block_3.after_mlp_residual	2	tokens=[2458,2117,2448,2137,82,61,3432,87]; text="Table salt consists mainly of the ionic"	2
7428	block_3.after_attention_residual + block_3.after_mlp_residual	10	tokens=[216,1891,2027,1863,61,462,816,1298,1268,380,328,2692,86]; text="The Moon keeps approximately the same face toward Earth because its rotation and" | tokens=[395,77,1969,366,1,1000,506,0,56,1630,3824]; text="In an ideal two-body system, a bound gravitational" | tokens=[12,3052,2027,61,2836,83]; text="Gravity keeps the planets in"	10
7430	block_3.after_attention_residual + block_3.after_mlp_residual	4	tokens=[2335,1383,212,584,635,67,2130,94]; text="Carbon can form four covalent" | tokens=[395,2903,0,521,1842,3429]; text="In diamond, each carbon atom"	4
7431	block_3.after_attention_residual + block_3.after_mlp_residual	2	tokens=[829,3640,4,889,1528]; text="An IPv6 address contains"	2
7433	block_3.after_attention_residual + block_3.after_mlp_residual	14	tokens=[24,1457,4045,1337]; text="Taste buds contain" | tokens=[6,1027,411,2602]; text="A force does mechanical" | tokens=[6,3546,212,2050,3145,1658,192]; text="A telescope can reveal faint objects by"	12
7434	block_3.after_attention_residual + block_3.after_mlp_residual	12	tokens=[23,74,4161,2624,714,584,306,3702]; text="Sedimentary rocks often form when deposited" | tokens=[6,3888,130,3825,1528,2662,1683,2034,139,2212,86,3686]; text="A comet's nucleus contains frozen materials mixed with dust and rocky" | tokens=[1452,246,72,1158,704,400,4403,86,2095,244,839]; text="Sponges draw water through pores and filter out food"	12
7435	block_3.after_attention_residual + block_3.after_mlp_residual	2	tokens=[6,4206,820,1914,61,1525,82,77,2948,173,423]; text="A cryptographic key controls the operation of an encryption or dec"	2
7436	block_3.after_attention_residual + block_3.after_mlp_residual	10	tokens=[6,1761,3423,1918,987,83,328]; text="A flywheel stores energy in its" | tokens=[3207,3598,2548,219]; text="Infrared radiation has" | tokens=[23,1607,814,448,212,422,83,61,2139,483,490,1517]; text="Semicircular canals in the inner ear help detect"	10
7437	block_3.after_attention_residual + block_3.after_mlp_residual	2	tokens=[829,2596,3922,2276,56,2382,306,328,1545,4437,196]; text="An electrical fuse breaks a circuit when its element melts from"	2
7438	block_3.after_attention_residual + block_3.after_mlp_residual	2	tokens=[6,839,1336,3303,1182,2673,1911,690,77]; text="A food web connects multiple feeding relationships within an"	2
7441	block_3.after_attention_residual + block_3.after_mlp_residual	6	tokens=[8,3219,170,61,1355]; text="Cells are the basic" | tokens=[3311,1384,86,2086,531,747,1337,61]; text="Human hair and fingernails contain the" | tokens=[4405,86,1500,286,170,541]; text="Diamond and graphite are different"	6
7444	block_3.after_attention_residual + block_3.after_mlp_residual	2	tokens=[7,613,170,61,341,3502,1741,82,2626]; text="Bats are the only mammals capable of sustained"	2
7446	block_3.after_attention_residual + block_3.after_mlp_residual	2	tokens=[6,1220,4142,1590,61,462,142,545,674,224,212]; text="A homophone sounds the same as another word but can"	2
7447	block_3.after_attention_residual + block_3.after_mlp_residual	2	tokens=[11,873,38,1664,80,56,1449]; text="Fungi belong to a separate"	2
7448	block_3.after_attention_residual + block_3.after_mlp_residual	2	tokens=[2099,2064,212,3227,56,701,3682,306,131,2783,56,541]; text="Refraction can bend a light ray when it enters a different"	2
7449	block_3.after_attention_residual + block_3.after_mlp_residual	2	tokens=[216,2713,261,1308,113,1537,80,2110,1]; text="The fraction one quarter is equal to twenty-"	2
7450	block_3.after_attention_residual + block_3.after_mlp_residual	2	tokens=[3222,49,1934,145,1974,130,165,2279]; text="Salvador Dali's The Pers"	2
7453	block_3.after_attention_residual + block_3.after_mlp_residual	4	tokens=[216,4261,118,88,1928,400,61,3105,82,61,1325,86,4011,329]; text="The Himalayas formed through the collision of the Indian and Eurasian" | tokens=[7,471,66,3564,2770,839,196,704,139]; text="Baleen whales strain food from water with"	4
7455	block_3.after_attention_residual + block_3.after_mlp_residual	2	tokens=[3612,1104,4372,2681,427,82,61]; text="Michelangelo painted much of the"	2
7456	block_3.after_attention_residual + block_3.after_mlp_residual	2	tokens=[4151,53,4382,130,165,1205,4099,1732,1763,139,2153,71,1208,2495,130,2492]; text="Franz Kafka's The Metamorphosis begins with Gregor Samsa's extraordinary"	2
7459	block_3.after_attention_residual + block_3.after_mlp_residual	4	tokens=[216,1655,1899,3786,911,1768,2225,82,3568]; text="The Dead Sea Scrolls include ancient copies of biblical" | tokens=[216,3029,82,2421,3267,37,4047,83,1768,2861,4284,116,329]; text="The Epic of Gilgamesh survives in ancient Mesopotamian"	4
7460	block_3.after_attention_residual + block_3.after_mlp_residual	2	tokens=[4000,4294,113,56,3909,114,1076,130,1925,82,150,338]; text="Mount Fuji is a volcano on Japan's island of Hons"	2
7462	block_3.after_attention_residual + block_3.after_mlp_residual	2	tokens=[2765,4237,1496,347,957,170,2860,326,3280,86]; text="Syntax concerns how words are arranged into phrases and"	2
7464	block_3.after_attention_residual + block_3.after_mlp_residual	2	tokens=[21,3199,2875,3748,2681,809,531,1330,83,1081,80,61]; text="Pablo Picasso painted Guernica in response to the"	2
7465	block_3.after_attention_residual + block_3.after_mlp_residual	2	tokens=[6,862,1009,4142,219,3000]; text="A xylophone has tuned"	2
7466	block_3.after_attention_residual + block_3.after_mlp_residual	20	tokens=[3410,719,77,865,484]; text="Raising an object against" | tokens=[3046,116,92,4069]; text="Cardamom pods" | tokens=[3837,4361,1119,649]; text="Spring tides occur near"	20
7467	block_3.after_attention_residual + block_3.after_mlp_residual	4	tokens=[1504,53,3424,1075,249,2639,83,1079,3293,559,409]; text="Enzymes speed up reactions in living organisms without being" | tokens=[6,3869,958,56,1798,130,967,559,409]; text="A catalyst changes a reaction's rate without being"	4
7468	block_3.after_attention_residual + block_3.after_mlp_residual	2	tokens=[23,4288,2142,2265,139,2899,86]; text="SVG describes graphics with shapes and"	2
7469	block_3.after_attention_residual + block_3.after_mlp_residual	2	tokens=[216,519,797,1941,4402,170,1277]; text="The three musketeers are named"	2
7470	block_3.after_attention_residual + block_3.after_mlp_residual	4	tokens=[4123,1,4151,504,69,3798,342,91,1385,4269,2774]; text="Jean-Francois Champollion helped decipher Egyptian" | tokens=[216,2347,2896,2084,2432,1224,488,3547,83]; text="The Rosetta Stone carries related inscriptions in"	4
7472	block_3.after_attention_residual + block_3.after_mlp_residual	2	tokens=[216,3607,860,2868,4067,2036,4274,427,82,61,1303,130]; text="The stratospheric ozone layer absorbs much of the Sun's"	2
7473	block_3.after_attention_residual + block_3.after_mlp_residual	2	tokens=[15,554,562,72,3297,1375,56,622,265,1,3760,1,1526]; text="Johannes Gutenberg developed a movable-metal-type"	2
7474	block_3.after_attention_residual + block_3.after_mlp_residual	2	tokens=[3373,684,113,56,3251,82,2995,83,3438,130]; text="Hamlet is a prince of Denmark in Shakespeare's"	2
7476	block_3.after_attention_residual + block_3.after_mlp_residual	2	tokens=[2399,4212,839,3115,196,61]; text="Swallowed food travels from the"	2
7479	block_3.after_attention_residual + block_3.after_mlp_residual	2	tokens=[3670,56,3503,1885,2385,72]; text="Taking a cube root reverses"	2
7480	block_3.after_attention_residual + block_3.after_mlp_residual	2	tokens=[2108,241,4361,1119,649,61,356,86,935]; text="Neap tides occur near the first and third"	2
7482	block_3.after_attention_residual + block_3.after_mlp_residual	2	tokens=[21,169,243,1528,418,1249,3592]; text="Pumice contains many gas bubbles"	2
7483	block_3.after_attention_residual + block_3.after_mlp_residual	2	tokens=[216,2957,2734,460,83,947,1090]; text="The cotton fiber used in textiles"	2
7485	block_3.after_attention_residual + block_3.after_mlp_residual	2	tokens=[4223,2026,3603,170,445,196,2943,1665,196]; text="Corn tortillas are made from dough prepared from"	2
7488	block_3.after_attention_residual + block_3.after_mlp_residual	2	tokens=[8,193,795,128,3520,3057,142]; text="Celery stalks eaten as"	2
7491	block_3.after_attention_residual + block_3.after_mlp_residual	6	tokens=[8,3958,293,523,170,2290,1678,867,309,2192]; text="Cactus spines are modified leaves rather than ordinary" | tokens=[2473,3700,379,3688,3754,80,2103,196,1652]; text="Sloths use curved claws to hang from tree" | tokens=[6,4083,3366,130,433,2547,1629,131,1066,1678,196]; text="A giraffe's long tongue helps it pull leaves from"	6
7492	block_3.after_attention_residual + block_3.after_mlp_residual	2	tokens=[3609,2504,3386,212,490,4154,1724,56,979,130,2298,82]; text="Pottery fragments can help archaeologists identify a site's periods of"	2
7495	block_3.after_attention_residual + block_3.after_mlp_residual	2	tokens=[3388,510,86,2522,170,366,1316,124,61,462,3935]; text="Maize and corn are two names for the same cereal"	2
7496	block_3.after_attention_residual + block_3.after_mlp_residual	2	tokens=[2798,4005,0,341,2601,477,61,1089]; text="Among mosquitoes, only females take the blood"	2
7497	block_3.after_attention_residual + block_3.after_mlp_residual	2	tokens=[6,54,447,455,1555,1235,4137]; text="A vernier scale allows finer"	2
7500	block_3.after_attention_residual + block_3.after_mlp_residual	4	tokens=[2115,77,383,113,1277,124,61,1221,1,3028]; text="Star anise is named for the star-shaped" | tokens=[829,77,1864,4103,1784,61,1999,82,56,674,173,2293,80,584,545]; text="An anagram rearranges the letters of a word or phrase to form another"	4
7502	block_3.after_attention_residual + block_3.after_mlp_residual	2	tokens=[21,2401,1913,1106,547,1092,3255,86]; text="PNG supports lossless image compression and"	2
7507	block_3.after_attention_residual + block_3.after_mlp_residual	98	tokens=[829,3989]; text="An oy" | tokens=[829,4258]; text="An ostr" | tokens=[1097,1147]; text="Atoms"	90
7510	block_3.after_attention_residual + block_3.after_mlp_residual	2	tokens=[4116,3133,1763,306,56]; text="Germination begins when a"	2
7512	block_3.after_attention_residual + block_3.after_mlp_residual	4	tokens=[3170,1820,1566,196,1822,1]; text="Sandstone forms from sand-" | tokens=[4198,2166,2686,490,1482,704,130,3518,485,3548,457,1271,139,850,1]; text="Hydrogen bonds help explain water's unusually high boiling point compared with similar-"	4
7513	block_3.after_attention_residual + block_3.after_mlp_residual	2	tokens=[3379,3115,400,695,142]; text="Sound travels through air as"	2
7515	block_3.after_attention_residual + block_3.after_mlp_residual	2	tokens=[4218,974,66,130,3407,86,1288,2398,243,1115,2419]; text="Jane Austen's Pride and Prejudice features Elizabeth"	2
7516	block_3.after_attention_residual + block_3.after_mlp_residual	2	tokens=[3222,49,1934,145,1974,130,165,2279,2706,82]; text="Salvador Dali's The Persistence of"	2
7518	block_3.after_attention_residual + block_3.after_mlp_residual	2	tokens=[4123,1,4151,504,69,3798,342,91,1385,4269]; text="Jean-Francois Champollion helped decipher"	2
7519	block_3.after_attention_residual + block_3.after_mlp_residual	8	tokens=[6,594,2549,1918,592,573]; text="A hard disk stores information using" | tokens=[4348,83,1268,130,3850,533,2817,2567,1489,1629,2043,328]; text="Motion in Earth's electrically conducting outer core helps generate its" | tokens=[3233,177,3599,2322,1217,82,3143,3588,391,1577,86]; text="Electromagnetic waves consist of coupled oscillating electric and"	8
7520	block_3.after_attention_residual + block_3.after_mlp_residual	2	tokens=[3508,2434,2561,714,3349,2593,0,704,0,86,4118]; text="Chinese landscape painting often combines mountains, water, and expressive"	2
7521	block_3.after_attention_residual + block_3.after_mlp_residual	4	tokens=[6,3503,219,896,1861,0]; text="A cube has six faces," | tokens=[395,2777,1,4231,1537,4027,0,77,3224,479,113,2224,326]; text="In twelve-tone equal temperament, an octave is divided into"	4
7525	block_3.after_attention_residual + block_3.after_mlp_residual	4	tokens=[7,806,82,61,2814,584,56]; text="Bones of the skull form a" | tokens=[575,172,547,2051,1528,2911,659,0,267,1629,584,56]; text="Stainless steel contains chromium, which helps form a"	4
7526	block_3.after_attention_residual + block_3.after_mlp_residual	2	tokens=[15,713,1330,1978,1615,82]; text="Jamaica lies south of"	2
7527	block_3.after_attention_residual + block_3.after_mlp_residual	6	tokens=[6,3270,113,61,3814,252,2878,1465,142,56,3270,778]; text="A meteor is the luminous streak produced as a meteoroid" | tokens=[6,1472,3921,1914,61,1490,400,267,701]; text="A camera aperture controls the opening through which light" | tokens=[2099,2064,212,3227,56,701,3682,306,131]; text="Refraction can bend a light ray when it"	6
7528	block_3.after_attention_residual + block_3.after_mlp_residual	6	tokens=[1920,4129,492,920]; text="Although penguins cannot" | tokens=[216,2884,988,58,71,86,4110,352,2973,1302,700,83,3587,86]; text="The sisters Elinor and Marianne Dashwood appear in Sense and" | tokens=[3443,107,1743,197]; text="Squid typically have"	6
7529	block_3.after_attention_residual + block_3.after_mlp_residual	2	tokens=[216,4446,457,1629,2993,1882,83]; text="The vanishing point helps organize depth in"	2
7531	block_3.after_attention_residual + block_3.after_mlp_residual	2	tokens=[3389,169,1317,4052,370,911,3576,4399,86]; text="Illuminated manuscripts may include decorated initials and"	2
7532	block_3.after_attention_residual + block_3.after_mlp_residual	2	tokens=[4330,2861,4284,4453,1304,481,86,508,61]; text="Ancient Mesopotamia lay between and around the"	2
7533	block_3.after_attention_residual + block_3.after_mlp_residual	2	tokens=[1097,1571,86,3327,30,270]; text="Athens and Sparta were"	2
7536	block_3.after_attention_residual + block_3.after_mlp_residual	2	tokens=[216,2509,3399,162,184,1201,2829,911,1392,82]; text="The cave paintings at Lascaux include images of"	2
7537	block_3.after_attention_residual + block_3.after_mlp_residual	6	tokens=[2336,2710,113,445,196,61,3005,2952,82,56]; text="Black pepper is made from the dried fruits of a" | tokens=[216,3035,1461,113,56]; text="The vanilla plant is a" | tokens=[1540,60,289,212]; text="Resonance can"	6
7541	block_3.after_attention_residual + block_3.after_mlp_residual	2	tokens=[6,1425,565,1228,56]; text="A spirit level uses a"	2
7543	block_3.after_attention_residual + block_3.after_mlp_residual	2	tokens=[216,4355,900,83,2521,1542,142,77]; text="The Forbidden City in Beijing served as an"	2
7544	block_3.after_attention_residual + block_3.after_mlp_residual	2	tokens=[1142,43,3275,97,361,130,761,86,2634,1207,61]; text="Leo Tolstoy's War and Peace includes the"	2
7545	block_3.after_attention_residual + block_3.after_mlp_residual	2	tokens=[6,1160,3253,1226,219,3569,1]; text="A standard chessboard has sixty-"	2
7546	block_3.after_attention_residual + block_3.after_mlp_residual	2	tokens=[216,3804,982,83,2085,425]; text="The Renaissance began in Italy before"	2
7547	block_3.after_attention_residual + block_3.after_mlp_residual	2	tokens=[4330,2436,212,2050,3584,0]; text="Ancient coins can reveal rulers,"	2
7548	block_3.after_attention_residual + block_3.after_mlp_residual	4	tokens=[3014,399,2030,1,33,2560,156,56,739,82,61,1768,626,167,1902]; text="Mohenjo-daro was a city of the ancient Indus Valley" | tokens=[3597,386,194,114,1713,327,113,1319,139,61,771,3561]; text="Knossos on Crete is associated with the Minoan"	4
7549	block_3.after_attention_residual + block_3.after_mlp_residual	2	tokens=[4345,113,61,864,1465,192,695,2516,2200,349]; text="Thunder is the sound produced by air expanding rapidly after"	2
7551	block_3.after_attention_residual + block_3.after_mlp_residual	4	tokens=[527,1028,467,40,858,366,1670,82]; text="Weaving interlaces two sets of" | tokens=[24,4010,710,170,4060,947,1090,83,267]; text="Tapestries are woven textiles in which"	4
7552	block_3.after_attention_residual + block_3.after_mlp_residual	2	tokens=[15,1550,1468,352,130,3031,61,876,83,188]; text="Jules Verne's Around the World in E"	2
7553	block_3.after_attention_residual + block_3.after_mlp_residual	2	tokens=[216,1313,1,57,335]; text="The rock-hewn"	2
7555	block_3.after_attention_residual + block_3.after_mlp_residual	2	tokens=[784,621,3676,162,1734,2722,0,56,1065,4302]; text="For small swings at fixed gravity, a simple pend"	2
7556	block_3.after_attention_residual + block_3.after_mlp_residual	2	tokens=[6,1023,43,113,2037,1064,139,328,746,1510,481,61,866,130]; text="A cello is normally played with its body supported between the player's"	2
7557	block_3.after_attention_residual + block_3.after_mlp_residual	2	tokens=[216,4115,130,3413,3712,1510]; text="The Nile's seasonal floods supported"	2
7559	block_3.after_attention_residual + block_3.after_mlp_residual	2	tokens=[3261,1246,2251,837,993,1293,80,2236,683,715]; text="Archaeologists study material remains to investigate past human"	2
7560	block_3.after_attention_residual + block_3.after_mlp_residual	2	tokens=[216,1596,508,56,2006]; text="The distance around a poly"	2
7561	block_3.after_attention_residual + block_3.after_mlp_residual	2	tokens=[4348,83,1268,130,3850,533]; text="Motion in Earth's electrically"	2
7562	block_3.after_attention_residual + block_3.after_mlp_residual	6	tokens=[216,2638,82,56]; text="The flowers of a" | tokens=[216,2794,82,77]; text="The median of an" | tokens=[395,56,356,1,58,0,356,1,204,3033,0,61]; text="In a first-in, first-out queue, the"	6
7563	block_3.after_attention_residual + block_3.after_mlp_residual	2	tokens=[6,1776,879,3878,695]; text="A weather front separates air"	2
7565	block_3.after_attention_residual + block_3.after_mlp_residual	36	tokens=[1097,56,1953,3288,1420,0,61,2329,82]; text="At a smooth reflecting surface, the angle of" | tokens=[4116,3133,1763]; text="Germination begins" | tokens=[6,1760,1812]; text="A cashew"	36
7566	block_3.after_attention_residual + block_3.after_mlp_residual	2	tokens=[2399,3890,130,1145,739,113,3813,0,267]; text="Sweden's capital city is Stockholm, which"	2
7567	block_3.after_attention_residual + block_3.after_mlp_residual	8	tokens=[18,386,72,1130]; text="Mosses lack" | tokens=[527,127,75,2917,1683,192]; text="Welding joins materials by" | tokens=[18,323,101,99]; text="Mangrove"	8
7568	block_3.after_attention_residual + block_3.after_mlp_residual	2	tokens=[216,837,82,1345,1590,113,638,3927]; text="The study of speech sounds is called phon"	2
7569	block_3.after_attention_residual + block_3.after_mlp_residual	2	tokens=[2531,2206,379,1720,3562,86,197,250,436]; text="Sign languages use visual gestures and have their own"	2
7573	block_3.after_attention_residual + block_3.after_mlp_residual	2	tokens=[216,2509,3399,162,184,1201]; text="The cave paintings at Lasc"	2
7574	block_3.after_attention_residual + block_3.after_mlp_residual	4	tokens=[3963,3397,733,2448,82,433]; text="Polyethylene consists of long" | tokens=[21,975,492,170,1153,196]; text="Proteins are built from"	4
7575	block_3.after_attention_residual + block_3.after_mlp_residual	2	tokens=[216,3506,3866,3541,61,1943,109,4425]; text="The Panama Canal crosses the narrow Isth"	2
7576	block_3.after_attention_residual + block_3.after_mlp_residual	2	tokens=[1906,2452,1776,2189,83,61,3344,2036,638,61]; text="Most everyday weather occurs in the atmospheric layer called the"	2
7577	block_3.after_attention_residual + block_3.after_mlp_residual	2	tokens=[216,4367,2229,400,762,1021,0,619]; text="The Alps extend through several countries, including"	2
7578	block_3.after_attention_residual + block_3.after_mlp_residual	12	tokens=[3473,2559,646,83,3915,2253,675,61,1635,328]; text="Iron oxides in Martian soil give the planet its" | tokens=[13,330,62,4431]; text="Horseradish" | tokens=[2108,60,1249,212,3726,56,3194]; text="Neon gas can emit a distinctive"	12
7579	block_3.after_attention_residual + block_3.after_mlp_residual	2	tokens=[395,56,3828,0,56,2397,272,748,56,817,196,287,1300,173]; text="In a spreadsheet, a formula computes a value from other values or"	2
7580	block_3.after_attention_residual + block_3.after_mlp_residual	6	tokens=[4091,167,1687,340,83,61,1860,1454,196,372,287]; text="Venus rotates in the opposite direction from most other" | tokens=[1906,1989,701,196,61]; text="Most visible light from the" | tokens=[4277,678,113,61,3153,82,61,1250]; text="Mercury is the smallest of the eight"	6
7581	block_3.after_attention_residual + block_3.after_mlp_residual	2	tokens=[6,4463,1221,212,584,196,61]; text="A neutron star can form from the"	2
7582	block_3.after_attention_residual + block_3.after_mlp_residual	2	tokens=[829,3989,718,212,584,56,4297,192,2598,752,95,2600,508,77]; text="An oyster can form a pearl by depositing nacre around an"	2
7583	block_3.after_attention_residual + block_3.after_mlp_residual	2	tokens=[886,92,63,183,989,87,957,4318,173,805,1590,0,142]; text="Onomatopoeic words imitate or suggest sounds, as"	2
7584	block_3.after_attention_residual + block_3.after_mlp_residual	10	tokens=[3128,961,3894,212]; text="Continental collisions can" | tokens=[6,1773,1576,113]; text="A synonym is" | tokens=[829,1343,2649,219,519]; text="An adult insect has three"	10
7586	block_3.after_attention_residual + block_3.after_mlp_residual	2	tokens=[216,2347,2896,2084,2432,1224,488,3547,83,2726,3978,371,87,0,788,1781,0,86,2127]; text="The Rosetta Stone carries related inscriptions in hieroglyphic, Demotic, and Greek"	2
7587	block_3.after_attention_residual + block_3.after_mlp_residual	2	tokens=[2790,1603,175,566,1879,3349,1619,1658,83,1406,925]; text="Surrealist art frequently combines familiar objects in dreamlike"	2
7588	block_3.after_attention_residual + block_3.after_mlp_residual	2	tokens=[216,574,3857,113,61,2089,82,56,4440,233,70,2242,130,4135,80,328]; text="The number pi is the ratio of a Euclidean circle's circumference to its"	2
7589	block_3.after_attention_residual + block_3.after_mlp_residual	54	tokens=[2719,39,71]; text="Angkor" | tokens=[3311,905,1089,1493]; text="Human red blood cells" | tokens=[1260,2536,113]; text="Plasma is"	54
7590	block_3.after_attention_residual + block_3.after_mlp_residual	4	tokens=[829,865,1309,83,56,2242,2129,340,377,302,328,1075]; text="An object moving in a circle accelerates even if its speed" | tokens=[395,3253,0,56,3540]; text="In chess, a bishop"	4
7591	block_3.after_attention_residual + block_3.after_mlp_residual	2	tokens=[15,554,562,72,3297,1375,56,622,265,1,3760,1,1526,2729,506,83,1653,3292,1]; text="Johannes Gutenberg developed a movable-metal-type printing system in fifteenth-"	2
7592	block_3.after_attention_residual + block_3.after_mlp_residual	2	tokens=[216,4028,82,1672,4049]; text="The eruption of Mount Ves"	2
7593	block_3.after_attention_residual + block_3.after_mlp_residual	6	tokens=[216,1861,82,56,1163,3752,198,348,588,170,635,679]; text="The faces of a regular tetrahedron are four equ" | tokens=[1169,519,1621,82,77,679]; text="All three sides of an equ" | tokens=[6,1163,3131,768,212,103,2224,326,896,679]; text="A regular hexagon can be divided into six equ"	6
7594	block_3.after_attention_residual + block_3.after_mlp_residual	2	tokens=[796,228,89,338,212,578,250,366,1096]; text="Chameleons can direct their two eyes"	2
7595	block_3.after_attention_residual + block_3.after_mlp_residual	2	tokens=[6,1160,1779,82,1366,1,940,415,1030,1361,1528,635]; text="A standard deck of French-suited playing cards contains four"	2
7596	block_3.after_attention_residual + block_3.after_mlp_residual	6	tokens=[216,2708,2448,82,1365,82]; text="The Philippines consists of thousands of" | tokens=[2399,3890,130,1145,739,113,3813,0,267,2822,811,762]; text="Sweden's capital city is Stockholm, which extends across several" | tokens=[1291,2205,219,366,617]; text="New Zealand has two main"	6
7597	block_3.after_attention_residual + block_3.after_mlp_residual	2	tokens=[4445,3787,113,61,2269,82,56,3249,711]; text="Nutmeg is the seed of a tropical ever"	2
7600	block_3.after_attention_residual + block_3.after_mlp_residual	2	tokens=[216,704,1125,2191,61,1867,1420,82,61,3567,3975,1831,83,77,273,2393,618]; text="The water table marks the upper surface of the saturated groundwater zone in an unconfined"	2
7603	block_3.after_attention_residual + block_3.after_mlp_residual	2	tokens=[2302,1,1746,3399,3241,2860,1658,429,142,2114,0,2638,0,173]; text="Still-life paintings depict arranged objects such as fruit, flowers, or"	2
7604	block_3.after_attention_residual + block_3.after_mlp_residual	6	tokens=[6,1160,3253,1226,219,3569,1,2801,3550]; text="A standard chessboard has sixty-four squares" | tokens=[2302,1,1746,3399,3241]; text="Still-life paintings depict" | tokens=[2765,4237,1496,347,957,170]; text="Syntax concerns how words are"	6
7605	block_3.after_attention_residual + block_3.after_mlp_residual	2	tokens=[216,3029,82,2421,3267,37,4047,83,1768]; text="The Epic of Gilgamesh survives in ancient"	2
7606	block_3.after_attention_residual + block_3.after_mlp_residual	2	tokens=[11,52,3843,145,208,43,819,2938,130,2344,86]; text="Fyodor Dostoevsky's Crime and"	2
7608	block_3.after_attention_residual + block_3.after_mlp_residual	2	tokens=[1413,82,2084,399,220,130,677]; text="Some of Stonehenge's large"	2
7609	block_3.after_attention_residual + block_3.after_mlp_residual	2	tokens=[2015,1586,2122,1629,4298,839,775,61,3977]; text="Smooth muscle helps propel food along the digestive"	2
7610	block_3.after_attention_residual + block_3.after_mlp_residual	4	tokens=[3175,418,287,4138,194,257,442,0,104,336,885,1946]; text="Unlike many other gymnosperms, ginkgo trees" | tokens=[973,706,1341,0,56,3902,577]; text="To grow larger, a crab must"	4
7611	block_3.after_attention_residual + block_3.after_mlp_residual	4	tokens=[4421,2775,3758,400,56,2222,212,3359,56]; text="Changing magnetic flux through a loop can induce a" | tokens=[2348,3802,2747,82,77,1969,2382,1011,61,462]; text="Parallel branches of an ideal circuit share the same"	4
7613	block_3.after_attention_residual + block_3.after_mlp_residual	2	tokens=[216,2275,82,56,223,4343]; text="The objective of a jigsaw"	2
7617	block_3.after_attention_residual + block_3.after_mlp_residual	8	tokens=[995,1592,170,61,3005]; text="Cloves are the dried" | tokens=[1097,77,679,58]; text="At an equin" | tokens=[216,381,164,444,82,4320,170,3965,425,250]; text="The florets of broccoli are harvested before their"	8
7618	block_3.after_attention_residual + block_3.after_mlp_residual	2	tokens=[4192,2472,56,1848,130,734,1363]; text="Doubling a square's side length"	2
7621	block_3.after_attention_residual + block_3.after_mlp_residual	2	tokens=[4330,2774,420,3949,46,1153,2669,4291,142]; text="Ancient Egyptian pharaohs built pyramids as"	2
7622	block_3.after_attention_residual + block_3.after_mlp_residual	2	tokens=[6,3270,113,61,3814,252]; text="A meteor is the luminous"	2
7623	block_3.after_attention_residual + block_3.after_mlp_residual	8	tokens=[2870,376,113,56,677,2596,3104,690]; text="Lightning is a large electrical discharge within" | tokens=[2473,161,2185]; text="Slate commonly" | tokens=[13,297,3777,706,83,3160,2573]; text="Hailstones grow in thunderstorm"	8
7624	block_3.after_attention_residual + block_3.after_mlp_residual	2	tokens=[18,1965,422,197,3022,1728,3944,86,1767,1620]; text="Minerals have characteristic chemical compositions and ordered internal"	2
7625	block_3.after_attention_residual + block_3.after_mlp_residual	4	tokens=[3865,3258,113,3876,1625,1928,192,2200]; text="Obsidian is volcanic glass formed by rapidly" | tokens=[6,2438,721,63,3276,80,1731,80,490,3020,3042,173]; text="A thermostat responds to temperature to help regulate heating or"	4
7626	block_3.after_attention_residual + block_3.after_mlp_residual	2	tokens=[216,3619,45,1491,2998,3094,83]; text="The Sagrada Familia in"	2
7629	block_3.after_attention_residual + block_3.after_mlp_residual	2	tokens=[3266,1085,989,130,2633]; text="Daniel Defoe's Robinson"	2
7630	block_3.after_attention_residual + block_3.after_mlp_residual	2	tokens=[6,1160,3253,1226,219,3569,1,2801,3550,2860,83,1250,2900,86,1250]; text="A standard chessboard has sixty-four squares arranged in eight rows and eight"	2
7631	block_3.after_attention_residual + block_3.after_mlp_residual	2	tokens=[891,56,3253,3811,2584,61]; text="When a chess pawn reaches the"	2
7632	block_3.after_attention_residual + block_3.after_mlp_residual	2	tokens=[3872,2102,4452,212,856,83,4215]; text="Rainbow trout can live in freshwater"	2
7638	block_3.after_attention_residual + block_3.after_mlp_residual	2	tokens=[2925,919,77,1092,130,3088]; text="Increasing an image's pixel"	2
7639	block_3.after_attention_residual + block_3.after_mlp_residual	2	tokens=[3026,1634,113,61,1145,82]; text="Oslo is the capital of"	2
7641	block_3.after_attention_residual + block_3.after_mlp_residual	2	tokens=[27,1124,212,3148,1680,910,173]; text="Waves can interfere constructively or"	2
7643	block_3.after_attention_residual + block_3.after_mlp_residual	6	tokens=[2520,1791,2091,1566,192,3822,1193,326]; text="Origami creates forms by folding paper into" | tokens=[23,4288,2142,2265,139]; text="SVG describes graphics with" | tokens=[3675,4134,566,1879,1228,3301,2016,86,467,4420]; text="Islamic geometric art frequently uses repeating patterns and interlocking"	6
7644	block_3.after_attention_residual + block_3.after_mlp_residual	2	tokens=[6,1160,3253,1226,219,3569,1,2801,3550,2860,83,1250]; text="A standard chessboard has sixty-four squares arranged in eight"	2
7645	block_3.after_attention_residual + block_3.after_mlp_residual	4	tokens=[669,391,56,1249,83,56,3335]; text="Heating a gas in a rigid" | tokens=[216,1093,999,2743,30,156]; text="The Magna Carta was"	4
7651	block_3.after_attention_residual + block_3.after_mlp_residual	4	tokens=[2272,277,113,77,4031,445,2009,196]; text="Brass is an alloy made primarily from" | tokens=[4427,3435,113,77,4031,82]; text="Traditional bronze is an alloy of"	4
7652	block_3.after_attention_residual + block_3.after_mlp_residual	2	tokens=[2975,223,3190,0,56,1160,1366,1,940,415,1779,219]; text="Without jokers, a standard French-suited deck has"	2
7653	block_3.after_attention_residual + block_3.after_mlp_residual	2	tokens=[216,1925,82,136,2154,43,113,1518,192,2977,0]; text="The island of Borneo is shared by Indonesia,"	2
7654	block_3.after_attention_residual + block_3.after_mlp_residual	2	tokens=[1906,3685,1973,3486,4001,549,559]; text="Most commercially grown dessert bananas develop without"	2
7655	block_3.after_attention_residual + block_3.after_mlp_residual	2	tokens=[575,172,547,2051,1528]; text="Stainless steel contains"	2
7656	block_3.after_attention_residual + block_3.after_mlp_residual	2	tokens=[4030,2688,2605,2537,464,2681,61,3178,789,142,61,1084,30]; text="Leonardo da Vinci painted the portrait known as the Mona"	2
7658	block_3.after_attention_residual + block_3.after_mlp_residual	2	tokens=[1994,1717,2914,86,1223,1717]; text="American Sign Language and British Sign"	2
7659	block_3.after_attention_residual + block_3.after_mlp_residual	12	tokens=[395,77,3816,240,1532,1690,0,77,865,139,322,824,1027,2965,1904]; text="In an inertial reference frame, an object with no net force maintains constant" | tokens=[216,404,72,3357]; text="The Andes Mountains" | tokens=[9,3934,91,2952]; text="Dandelion fruits"	12
7660	block_3.after_attention_residual + block_3.after_mlp_residual	2	tokens=[216,2893,2645,1928,77,2387,80,61,1768]; text="The Lion Gate formed an entrance to the ancient"	2
7662	block_3.after_attention_residual + block_3.after_mlp_residual	2	tokens=[6,1886,1809,212,1075,249]; text="A database index can speed up"	2
7664	block_3.after_attention_residual + block_3.after_mlp_residual	2	tokens=[2898,1678,170,460,80,2296,3528,414,0,128]; text="Bay leaves are used to flavor soups, st"	2
7667	block_3.after_attention_residual + block_3.after_mlp_residual	2	tokens=[395,1160,2855,2519,0,521,1692,0,1686,0,86,519,1,664,1]; text="In standard Sudoku, each row, column, and three-by-"	2
7668	block_3.after_attention_residual + block_3.after_mlp_residual	2	tokens=[21,2528,56,3215,820,1674,56]; text="Pressing a piano key causes a"	2
7670	block_3.after_attention_residual + block_3.after_mlp_residual	4	tokens=[22,281,194,992,3610]; text="Ribosomes assemble" | tokens=[796,177,194,992,1217,82,1995,1319,139]; text="Chromosomes consist of DNA associated with"	4
7677	block_3.after_attention_residual + block_3.after_mlp_residual	80	tokens=[6,1220,4142]; text="A homophone" | tokens=[13,894,42]; text="Hermann" | tokens=[4198,2166,219]; text="Hydrogen has"	80
7678	block_3.after_attention_residual + block_3.after_mlp_residual	2	tokens=[4230,350,113,2656,130,1145,0,86,61,280,175,1481]; text="Warsaw is Poland's capital, and the Vistula"	2
7679	block_3.after_attention_residual + block_3.after_mlp_residual	2	tokens=[6,3058,4273,2653,1520,1411,192]; text="A vacuum flask reduces heat transfer by"	2
7681	block_3.after_attention_residual + block_3.after_mlp_residual	2	tokens=[2762,4296,130,1145,0,4245,0]; text="Portugal's capital, Lisbon,"	2
7682	block_3.after_attention_residual + block_3.after_mlp_residual	14	tokens=[13,503,332,32]; text="Hexadec" | tokens=[11,52,3843,145,208,43,819]; text="Fyodor Dostoev" | tokens=[6,312,1443,652]; text="A quilling design"	14
7683	block_3.after_attention_residual + block_3.after_mlp_residual	2	tokens=[395,2404,3941,0,67,187]; text="In musical notation, cres"	2
7685	block_3.after_attention_residual + block_3.after_mlp_residual	2	tokens=[3999,1164,1492,113,601]; text="Ordinary ice is less"	2
7686	block_3.after_attention_residual + block_3.after_mlp_residual	2	tokens=[2414,871,251,3681,2184,4458,196,56,381,1962,2036,481,1783]; text="Corrugated cardboard gains stiffness from a fluted layer between flat"	2
7687	block_3.after_attention_residual + block_3.after_mlp_residual	4	tokens=[7,1139,130,3281,2350,1842,3098,121,1629,2148]; text="Baker's yeast releases carbon dioxide that helps bread" | tokens=[4223,2026,3603,170,445,196]; text="Corn tortillas are made from"	4
7688	block_3.after_attention_residual + block_3.after_mlp_residual	2	tokens=[6,4201,130,1619,4018,1901,113,77,4077,2323]; text="A carrot's familiar edible portion is an enlarged tap"	2
7689	block_3.after_attention_residual + block_3.after_mlp_residual	2	tokens=[216,3272,1833,1434,212]; text="The Domain Name System can"	2
7690	block_3.after_attention_residual + block_3.after_mlp_residual	2	tokens=[1267,2367,3066,259,78,4136,584,810]; text="Mycorrhizal fungi form close"	2
7692	block_3.after_attention_residual + block_3.after_mlp_residual	4	tokens=[1834,3783,3075,2827,1909,573,1506,1,3799]; text="HTTPS protects HTTP communication using transport-layer" | tokens=[6,4206,820,1914,61,1525,82,77]; text="A cryptographic key controls the operation of an"	4
7695	block_3.after_attention_residual + block_3.after_mlp_residual	2	tokens=[22,176,255,994,378,3089,164,1032,61,3328]; text="Rabindranath Tagore received the Nobel"	2
7696	block_3.after_attention_residual + block_3.after_mlp_residual	14	tokens=[20,2623,1121,113,3369,196,61]; text="Olive oil is extracted from the" | tokens=[2336,2710,113,445,196,61,3005]; text="Black pepper is made from the dried" | tokens=[216,3035,1461,113,56,2793,173,3751,1973,124,328,2075,1594]; text="The vanilla plant is a climbing orchid grown for its fragrant"	14
7697	block_3.after_attention_residual + block_3.after_mlp_residual	2	tokens=[2667,199,37,113,1465,192,4147,75,3120,4324,139,56]; text="Tempeh is produced by fermenting soybeans with a"	2
7698	block_3.after_attention_residual + block_3.after_mlp_residual	6	tokens=[24,1457,4045,1337,3085,1493,121,1114,80]; text="Taste buds contain receptor cells that respond to" | tokens=[6,1023,3591,4169,61,1197,82]; text="A cell membrane regulates the movement of" | tokens=[1955,1070,3358,56,1420,644,633,142,131,3830,139]; text="Copper develops a surface patina as it reacts with"	6
7699	block_3.after_attention_residual + block_3.after_mlp_residual	2	tokens=[395,3913,3941,0,56,3034,130,912]; text="In decimal notation, a digit's position"	2
7700	block_3.after_attention_residual + block_3.after_mlp_residual	2	tokens=[21,950,75,3577,1026,3351]; text="Praying mantises seize"	2
7701	block_3.after_attention_residual + block_3.after_mlp_residual	2	tokens=[216,2957,2734,460,83,947,1090,2739,508]; text="The cotton fiber used in textiles grows around"	2
7702	block_3.after_attention_residual + block_3.after_mlp_residual	2	tokens=[395,77,1322,2040,0,61,1322,2987]; text="In an arch bridge, the arch transfers"	2
7704	block_3.after_attention_residual + block_3.after_mlp_residual	2	tokens=[829,865,130,4109,987,1688,139,61,1848,82,328,1075,83]; text="An object's kinetic energy increases with the square of its speed in"	2
7705	block_3.after_attention_residual + block_3.after_mlp_residual	2	tokens=[23,74,4161,2624,714,584,306,3702,2690,723]; text="Sedimentary rocks often form when deposited particles become"	2
7706	block_3.after_attention_residual + block_3.after_mlp_residual	4	tokens=[216,1283,4400,236,30,2220,460,3774,80,1043,4071]; text="The Antikythera mechanism used gears to model astronomical" | tokens=[6,1652,113,56,1722,1186,500,74,1500,559]; text="A tree is a connected undirected graph without"	4
7708	block_3.after_attention_residual + block_3.after_mlp_residual	6	tokens=[12,1315,2739,142,56]; text="Ginger grows as a" | tokens=[6,1160,2404,1126,219,800]; text="A standard musical staff has five" | tokens=[1413,82,2084,399,220,130,677,2864,170,3323,192]; text="Some of Stonehenge's large stones are topped by"	6
7709	block_3.after_attention_residual + block_3.after_mlp_residual	2	tokens=[395,77,3816,240,1532,1690,0,77,865,139,322,824,1027]; text="In an inertial reference frame, an object with no net force"	2
7710	block_3.after_attention_residual + block_3.after_mlp_residual	2	tokens=[216,715,3654,1686,113,445,249,82,3835]; text="The human spinal column is made up of verte"	2
7711	block_3.after_attention_residual + block_3.after_mlp_residual	4	tokens=[3128,961,3894,212,614,2033,2161]; text="Continental collisions can build extensive mountain" | tokens=[1906,668,926,1400,306,3047,0,1237,305,1683,3086,2379,311,731,1731]; text="Most solids expand when heated, although some materials behave differently over certain temperature"	4
7712	block_3.after_attention_residual + block_3.after_mlp_residual	6	tokens=[6,3957,504,113,2681,114,4369,0]; text="A fresco is painted on plaster," | tokens=[16,434,134,113,56,4317,1368]; text="Kefir is a fermented drink" | tokens=[8,252,32,252,2448,82,621,3234,1550]; text="Couscous consists of small granules"	6
7713	block_3.after_attention_residual + block_3.after_mlp_residual	2	tokens=[3420,71,3638,1006,61]; text="Victor Hugo wrote the"	2
7714	block_3.after_attention_residual + block_3.after_mlp_residual	4	tokens=[6,888,4133,113,56,1266,3593,2485,121,212,2517,2211,56]; text="A supernova is a powerful stellar explosion that can briefly rival a" | tokens=[1567,1843,506,2810,80,61,3522,3514]; text="Our solar system belongs to the barred spiral"	4
7715	block_3.after_attention_residual + block_3.after_mlp_residual	2	tokens=[1504,3135,2169,61,1977,2607,82,56,715]; text="Enamel covers the exposed crown of a human"	2
7717	block_3.after_attention_residual + block_3.after_mlp_residual	2	tokens=[216,2884,988,58,71,86,4110,352]; text="The sisters Elinor and Marianne"	2
7718	block_3.after_attention_residual + block_3.after_mlp_residual	2	tokens=[4275,113,2185,445,196,56,2304,82,467,50]; text="Paper is commonly made from a sheet of interw"	2
7720	block_3.after_attention_residual + block_3.after_mlp_residual	2	tokens=[216,2567,1376,82,56,3095,113,1547,139]; text="The outer skin of a snake is covered with"	2
7721	block_3.after_attention_residual + block_3.after_mlp_residual	6	tokens=[216,1925,82,459,3469,113,2224,481]; text="The island of New Guinea is divided between" | tokens=[23,1034,657,43,156,61,356,786,82]; text="Sukarno was the first president of" | tokens=[216,1925,82,136,2154,43,113,1518,192]; text="The island of Borneo is shared by"	6
7722	block_3.after_attention_residual + block_3.after_mlp_residual	2	tokens=[6,597,1710,141,219,519,2679,121,584,56,841]; text="A triptych has three panels that form a single"	2
7723	block_3.after_attention_residual + block_3.after_mlp_residual	2	tokens=[216,2806,2466,73,284,0,267,1629,61,746]; text="The liver produces bile, which helps the body"	2
7724	block_3.after_attention_residual + block_3.after_mlp_residual	2	tokens=[216,457,1008,1268,392,77]; text="The point inside Earth where an"	2
7725	block_3.after_attention_residual + block_3.after_mlp_residual	2	tokens=[216,4193,1431,167,113,56,4358,121,2105,362,192]; text="The platypus is a mammal that reproduces by"	2
7727	block_3.after_attention_residual + block_3.after_mlp_residual	2	tokens=[4428,1,5,887,1369,3970,3006,79,1300,573]; text="UTF-8 encodes Unicode scalar values using"	2
7729	block_3.after_attention_residual + block_3.after_mlp_residual	2	tokens=[6,2179,3416,1528,261,1971]; text="A kilogram contains one thousand"	2
7730	block_3.after_attention_residual + block_3.after_mlp_residual	2	tokens=[216,1299,2507,2603,1626,156,445,124,61,3441,1278,82,3875]; text="The Terracotta Army was made for the tomb complex of Qin"	2
7731	block_3.after_attention_residual + block_3.after_mlp_residual	2	tokens=[395,77,1322,2040,0,61,1322]; text="In an arch bridge, the arch"	2
7732	block_3.after_attention_residual + block_3.after_mlp_residual	2	tokens=[575,595,1,3329,2237,379]; text="Stained-glass windows use"	2
7733	block_3.after_attention_residual + block_3.after_mlp_residual	2	tokens=[216,1940,1704,3851,911,3336,0]; text="The Ellora caves include Buddhist,"	2
7734	block_3.after_attention_residual + block_3.after_mlp_residual	2	tokens=[1920,4129,492,920,1761,0,250,381]; text="Although penguins cannot fly, their fl"	2
7735	block_3.after_attention_residual + block_3.after_mlp_residual	2	tokens=[773,170,261,1216,4439,83,56]; text="There are one hundred centimeters in a"	2
7736	block_3.after_attention_residual + block_3.after_mlp_residual	2	tokens=[1935,3270,3906,1119,306,1268,2128,400]; text="Many meteor showers occur when Earth passes through"	2
7738	block_3.after_attention_residual + block_3.after_mlp_residual	8	tokens=[6,2299,130,1479,3652,2692,326,1788,775,328]; text="A screw's thread converts rotation into motion along its" | tokens=[21,1775,69,1978,810,80,61,1454,82,1268,130,1562,1687,416]; text="Polaris lies close to the direction of Earth's north rotational" | tokens=[2950,1382,2142,61,1782,567,82,56,1027,269,77]; text="Torque describes the turning effect of a force about an"	8
7739	block_3.after_attention_residual + block_3.after_mlp_residual	4	tokens=[8,2307,37,2486,2239,142,61,1145,739,82]; text="Copenhagen serves as the capital city of" | tokens=[3373,684,113,56,3251,82]; text="Hamlet is a prince of"	4
7743	block_3.after_attention_residual + block_3.after_mlp_residual	6	tokens=[4130,3749,4321,113,61,1145,739,82]; text="Buenos Aires is the capital city of" | tokens=[2572,768,268,2822,811,2133,1196,82]; text="Patagonia extends across southern parts of" | tokens=[216,138,344,88,170,2033,2170,1427,494,2137,83]; text="The Pampas are extensive grasslands found mainly in"	6
7744	block_3.after_attention_residual + block_3.after_mlp_residual	6	tokens=[6,4125,2037,219,635,2678]; text="A violin normally has four strings" | tokens=[24,2461,1162,212,103]; text="Timpani can be" | tokens=[6,862,1009,4142,219]; text="A xylophone has"	6
7747	block_3.after_attention_residual + block_3.after_mlp_residual	2	tokens=[796,310,199,88,170,316,2185,789,142,1646,1301,2447]; text="Chickpeas are also commonly known as garbanzo"	2
7748	block_3.after_attention_residual + block_3.after_mlp_residual	2	tokens=[1470,147,45,2767,170,4432,1762]; text="Seagrasses are flowering plants"	2
7749	block_3.after_attention_residual + block_3.after_mlp_residual	8	tokens=[2336,2710,113,445,196,61]; text="Black pepper is made from the" | tokens=[3092,451,2551,113,445,196,61]; text="Turmeric powder is made from the" | tokens=[2386,697,3415,212,103,3727,507,251,86]; text="Barley grains can be germinated and"	8
7750	block_3.after_attention_residual + block_3.after_mlp_residual	2	tokens=[4428,1,5,887,1369,3970]; text="UTF-8 encodes Unicode"	2
7752	block_3.after_attention_residual + block_3.after_mlp_residual	2	tokens=[2335,1383,212,584,635,67,2130,94,2686,86,113,1405,80,2400]; text="Carbon can form four covalent bonds and is central to organic"	2
7754	block_3.after_attention_residual + block_3.after_mlp_residual	2	tokens=[891,56,3253,3811,2584,61,2887,1253,1396,0,131,577,2044,80,56]; text="When a chess pawn reaches the farthest rank, it must promote to a"	2
7755	block_3.after_attention_residual + block_3.after_mlp_residual	2	tokens=[24,2461,1162,212,103,3000,80,541,2404,3452,192,1668,61,2569,82,250,2676]; text="Timpani can be tuned to different musical pitches by changing the tension of their drum"	2
7757	block_3.after_attention_residual + block_3.after_mlp_residual	2	tokens=[22,281,46,490,758]; text="Ribs help protect"	2
7759	block_3.after_attention_residual + block_3.after_mlp_residual	4	tokens=[1887,843,113,61,1145,82]; text="Prague is the capital of" | tokens=[1887,843,113,61,1145,82,3015,268,0,316,638,61]; text="Prague is the capital of Czechia, also called the"	4
7760	block_3.after_attention_residual + block_3.after_mlp_residual	10	tokens=[24,1227,4403,638,128,92,495,569,3402,80,639,400,2651]; text="Tiny pores called stomata allow gases to move through leaf" | tokens=[395,1307,2141,2729,0,3039,113,2478,196,1415]; text="In letterpress printing, ink is transferred from raised" | tokens=[2677,624,3012,3929,114,61,3363,3367,82,418,1524,343,194,490,299,4041,80]; text="Microscopic hairs on the toe pads of many geckos help them cling to"	10
7761	block_3.after_attention_residual + block_3.after_mlp_residual	2	tokens=[7,1164,1105,2056,1943,46,61,1105]; text="Binary search repeatedly narrows the search"	2
7762	block_3.after_attention_residual + block_3.after_mlp_residual	2	tokens=[18,2055,197,1149,3016]; text="Molars have broad surfaces"	2
7763	block_3.after_attention_residual + block_3.after_mlp_residual	2	tokens=[4330,2774,420,3949,46,1153,2669,4291,142,2877]; text="Ancient Egyptian pharaohs built pyramids as royal"	2
7764	block_3.after_attention_residual + block_3.after_mlp_residual	4	tokens=[3311,4224,2095,1089,86]; text="Human kidneys filter blood and" | tokens=[6,2438,721,63,3276,80,1731,80,490]; text="A thermostat responds to temperature to help"	4
7765	block_3.after_attention_residual + block_3.after_mlp_residual	2	tokens=[4218,974,66,130,3407,86,1288,2398,243,1115,2419,2771,111,86]; text="Jane Austen's Pride and Prejudice features Elizabeth Bennet and"	2
7766	block_3.after_attention_residual + block_3.after_mlp_residual	6	tokens=[2648,1572,1984,1244,2192,3671,328]; text="Acetic acid gives ordinary vinegar its" | tokens=[1866,3796,3947,1110,328]; text="Prepared mustard gets its" | tokens=[796,1474,3051,93,1244,418,1678,250]; text="Chlorophyll gives many leaves their"	6
7767	block_3.after_attention_residual + block_3.after_mlp_residual	4	tokens=[2617,4162,1701,584,61,1318,789,142,3651,130]; text="Three conspicuous stars form the pattern known as Orion's" | tokens=[1260,2268,113,56,3560,1635,1319,139,61,248,2219,257]; text="Pluto is a dwarf planet associated with the Kuiper"	4
7769	block_3.after_attention_residual + block_3.after_mlp_residual	2	tokens=[216,2321,2024,3909,4253,3259]; text="The enormous shield volcano Olympus Mons"	2
7771	block_3.after_attention_residual + block_3.after_mlp_residual	2	tokens=[2898,1678,170,460,80,2296,3528,414,0,128,2920,0,86,287]; text="Bay leaves are used to flavor soups, stews, and other"	2
7772	block_3.after_attention_residual + block_3.after_mlp_residual	8	tokens=[2115,77,383,113,1277,124,61,1221,1]; text="Star anise is named for the star-" | tokens=[3946,4199,212,4057,1149,4280,139,222,1]; text="Moving glaciers can carve broad valleys with U-" | tokens=[21,3513,1762,2652,621,1476,83,3048,0,3144,1]; text="Pitcher plants trap small animals in specialized, pitcher-"	8
7774	block_3.after_attention_residual + block_3.after_mlp_residual	2	tokens=[3948,588,3107,83,2684,570,1214,547,380,232,86,250]; text="Astronauts in orbit feel weightless because they and their"	2
7775	block_3.after_attention_residual + block_3.after_mlp_residual	2	tokens=[15,1550,1468,352,130]; text="Jules Verne's"	2
7776	block_3.after_attention_residual + block_3.after_mlp_residual	2	tokens=[216,1562,3032,82,261,921,3268,3937,61,1615]; text="The north pole of one bar magnet attracts the south"	2
7777	block_3.after_attention_residual + block_3.after_mlp_residual	2	tokens=[395,56,356,1,58,0,356,1,204]; text="In a first-in, first-out"	2
7778	block_3.after_attention_residual + block_3.after_mlp_residual	6	tokens=[13,503,332,32,1418,3941,219,3737,736,1300,124,521]; text="Hexadecimal notation has sixteen possible values for each" | tokens=[395,3913,3941,0,56]; text="In decimal notation, a" | tokens=[6,699,113,56,2764]; text="A bit is a binary"	6
7780	block_3.after_attention_residual + block_3.after_mlp_residual	2	tokens=[3311,905,1089,1493,1506,2544,139,61,490,82]; text="Human red blood cells transport oxygen with the help of"	2
7781	block_3.after_attention_residual + block_3.after_mlp_residual	2	tokens=[6,2242,130,2844,113,1624,328]; text="A circle's diameter is twice its"	2
7783	block_3.after_attention_residual + block_3.after_mlp_residual	4	tokens=[395,56,1522,2210,0,61,1415,1109,82,56,3505,972,1188]; text="In a woodcut, the raised areas of a carved block receive" | tokens=[395,1307,2141,2729,0]; text="In letterpress printing,"	4
7785	block_3.after_attention_residual + block_3.after_mlp_residual	4	tokens=[6,1381,113,61,462,1757,142,56,3706,423]; text="A liter is the same volume as a cubic dec" | tokens=[1159,1324,135,1019,4157,61,462,1757,142,261,3706,568]; text="One milliliter occupies the same volume as one cubic cent"	4
7786	block_3.after_attention_residual + block_3.after_mlp_residual	2	tokens=[6,2438,721,63,3276,80,1731,80,490,3020]; text="A thermostat responds to temperature to help regulate"	2
7787	block_3.after_attention_residual + block_3.after_mlp_residual	2	tokens=[1100,51,2094,4416,113,61]; text="Proxima Centauri is the"	2
7789	block_3.after_attention_residual + block_3.after_mlp_residual	2	tokens=[4299,3895,2239,142,61,1145,82]; text="Bangkok serves as the capital of"	2
7791	block_3.after_attention_residual + block_3.after_mlp_residual	4	tokens=[1906,668,926,1400,306]; text="Most solids expand when" | tokens=[3049,3331,4473,2479,306]; text="Popcorn kernels burst when"	4
7792	block_3.after_attention_residual + block_3.after_mlp_residual	4	tokens=[21,950,75,3577,1026,3351,2956,139,250]; text="Praying mantises seize prey with their" | tokens=[21,3513,1762,2652,621,1476,83]; text="Pitcher plants trap small animals in"	4
7795	block_3.after_attention_residual + block_3.after_mlp_residual	2	tokens=[21,3823,3415,1178,61,1391,2227,111]; text="Pollen grains carry the male gamet"	2
7797	block_3.after_attention_residual + block_3.after_mlp_residual	2	tokens=[18,3680,113,56,4317]; text="Miso is a fermented"	2
7799	block_3.after_attention_residual + block_3.after_mlp_residual	2	tokens=[21,975,492,170,1153,196,2830,82,3492]; text="Proteins are built from chains of amino"	2
7801	block_3.after_attention_residual + block_3.after_mlp_residual	2	tokens=[8,193,795,128,3520]; text="Celery stalks"	2
7802	block_3.after_attention_residual + block_3.after_mlp_residual	6	tokens=[3379,1423,56,993,1937,86,920,4407,400,56,1060]; text="Sound requires a material medium and cannot propagate through a perfect" | tokens=[2870,3115,253,1807,400,2192,1625,309,400,56]; text="Light travels more slowly through ordinary glass than through a" | tokens=[2286,2515,2150,908,113,77,1429,3820,1074,0,185,56,1060]; text="Interplanetary space is an extremely sparse environment, not a perfect"	6
7803	block_3.after_attention_residual + block_3.after_mlp_residual	4	tokens=[4000,4294,1233,83,61,1432,82,3668,167,780,130,1312]; text="Mount Fuji appears in the background of Hokusai's Great" | tokens=[13,230,167,780,130,1312]; text="Hokusai's Great"	4
7805	block_3.after_attention_residual + block_3.after_mlp_residual	2	tokens=[216,463,1045,2966,113,56,3314,86,3778,1278,83]; text="The Alhambra is a palace and fortress complex in"	2
7806	block_3.after_attention_residual + block_3.after_mlp_residual	2	tokens=[216,1521,82,248,3219,113,77,2631,582,3993,3265]; text="The Book of Kells is an elaborately illuminated medieval"	2
7809	block_3.after_attention_residual + block_3.after_mlp_residual	4	tokens=[2131,328,634,0,2369,2612,63,113,185,56,681,82]; text="Despite its name, buckwheat is not a kind of" | tokens=[4427,3005,2109,3656,113,2185,445,196,3449,169]; text="Traditional dried Italian pasta is commonly made from durum"	4
7811	block_3.after_attention_residual + block_3.after_mlp_residual	2	tokens=[6,1760,1812,1862,3358,2463,56,4080,1469,789,142,61,1760,1812]; text="A cashew nut develops beneath a swollen structure known as the cashew"	2
7812	block_3.after_attention_residual + block_3.after_mlp_residual	2	tokens=[6,1734,3090,697,212,653,61,1454,83,267,56]; text="A fixed pulley can change the direction in which a"	2
7813	block_3.after_attention_residual + block_3.after_mlp_residual	4	tokens=[4198,2166,219,61,2217]; text="Hydrogen has the lowest" | tokens=[216,3718,1125,1591,1784,1728,1507,83,658,82,1261]; text="The periodic table arranges chemical elements in order of increasing"	4
7815	block_3.after_attention_residual + block_3.after_mlp_residual	2	tokens=[6,528,588,214,2466,1163,4101,121]; text="A metronome produces regular pulses that"	2
7816	block_3.after_attention_residual + block_3.after_mlp_residual	2	tokens=[3948,588,3390,1724,1728,1507,83,1701,192]; text="Astronomers identify chemical elements in stars by"	2
7817	block_3.after_attention_residual + block_3.after_mlp_residual	2	tokens=[3655,2197,379,2585,1300,80,490]; text="Hash tables use hash values to help"	2
7818	block_3.after_attention_residual + block_3.after_mlp_residual	2	tokens=[3948,588,3107,83,2684,570,1214,547,380,232,86,250,3030,170]; text="Astronauts in orbit feel weightless because they and their spacecraft are"	2
7820	block_3.after_attention_residual + block_3.after_mlp_residual	4	tokens=[7,284,212,103,2158,86]; text="Bile can be stored and" | tokens=[1906,82,77,3429,130,929,113]; text="Most of an atom's mass is"	4
7822	block_3.after_attention_residual + block_3.after_mlp_residual	2	tokens=[216,2583,1612,1525,113,846,341,306,518,82,328]; text="The logical AND operation is true only when both of its"	2
7824	block_3.after_attention_residual + block_3.after_mlp_residual	4	tokens=[216,4367,2229,400,762,1021,0,619,2833,86]; text="The Alps extend through several countries, including Switzerland and" | tokens=[4132,2745,0,61,1145,82]; text="Vienna, the capital of"	4
7825	block_3.after_attention_residual + block_3.after_mlp_residual	2	tokens=[22,1098,4260,304,526,113,61,1145,82]; text="Reykjavik is the capital of"	2
7826	block_3.after_attention_residual + block_3.after_mlp_residual	2	tokens=[796,345,75,2156,3878,2245]; text="Churning cream separates butter"	2
7828	block_3.after_attention_residual + block_3.after_mlp_residual	2	tokens=[18,3117,2104,443,526,3953,1006,61,1536,331,165]; text="Murasaki Shikibu wrote the Japanese work The"	2
7830	block_3.after_attention_residual + block_3.after_mlp_residual	2	tokens=[1906,668,926,1400,306,3047,0,1237,305,1683]; text="Most solids expand when heated, although some materials"	2
7831	block_3.after_attention_residual + block_3.after_mlp_residual	6	tokens=[23,3060,1306,2239,142]; text="Santiago serves as" | tokens=[216,693,125,713,3189,4157,317,82,2057]; text="The Atacama Desert occupies part of northern" | tokens=[2572,768,268,2822,811,2133,1196,82,2999,86]; text="Patagonia extends across southern parts of Argentina and"	6
7832	block_3.after_attention_residual + block_3.after_mlp_residual	2	tokens=[2925,919,77,1092,130]; text="Increasing an image's"	2
7833	block_3.after_attention_residual + block_3.after_mlp_residual	4	tokens=[2762,4296,130,1145,0,4245,0,2937,46,61,671,1067,82,61]; text="Portugal's capital, Lisbon, overlooks the estuary of the" | tokens=[22,176,255,994,378]; text="Rabindranath"	4
7835	block_3.after_attention_residual + block_3.after_mlp_residual	2	tokens=[18,323,101,99,1946,706,83]; text="Mangrove trees grow in"	2
7838	block_3.after_attention_residual + block_3.after_mlp_residual	2	tokens=[216,3619,45,1491,2998]; text="The Sagrada Fam"	2
7839	block_3.after_attention_residual + block_3.after_mlp_residual	2	tokens=[216,2567,1376,82,56]; text="The outer skin of a"	2
7840	block_3.after_attention_residual + block_3.after_mlp_residual	2	tokens=[23,1274,43,1733,1440,4412,852,904,405,572,114,217]; text="Sancho Panza accompanies Don Quixote on his"	2
7842	block_3.after_attention_residual + block_3.after_mlp_residual	6	tokens=[7,1139,130,3281,2350,1842]; text="Baker's yeast releases carbon" | tokens=[216,3159,4409,2448,82,3817]; text="The mineral quartz consists of silicon" | tokens=[9,278,1492,113,1842]; text="Dry ice is carbon"	6
7845	block_3.after_attention_residual + block_3.after_mlp_residual	8	tokens=[4330,2774,420,3949]; text="Ancient Egyptian pharaoh" | tokens=[216,1370,82,56,3996]; text="The eye of a sewing" | tokens=[2331,4024,212,675]; text="Glazes can give"	8
7846	block_3.after_attention_residual + block_3.after_mlp_residual	4	tokens=[3819,3883,3864,1036,61,3256,3332,3624]; text="Arthur Conan Doyle created the fictional detective Sherlock" | tokens=[4094,2863,1855,340,418,82,61,3624]; text="Doctor Watson narrates many of the Sherlock"	4
7847	block_3.after_attention_residual + block_3.after_mlp_residual	2	tokens=[3780,2064,1235,2322,80,1357,508]; text="Diffraction allows waves to spread around"	2
7848	block_3.after_attention_residual + block_3.after_mlp_residual	4	tokens=[2870,376,113,56,677,2596]; text="Lightning is a large electrical" | tokens=[2108,60,1249,212,3726,56,3194,2834,337,1,4295,3244,83,77,2596]; text="Neon gas can emit a distinctive reddish-orange glow in an electrical"	4
7849	block_3.after_attention_residual + block_3.after_mlp_residual	4	tokens=[4197,3078,212,1426,61,462,2585,817,0,56,1123,638,56]; text="Different inputs can produce the same hash value, a situation called a" | tokens=[216,4261,118,88,1928,400,61]; text="The Himalayas formed through the"	4
7850	block_3.after_attention_residual + block_3.after_mlp_residual	4	tokens=[1756,704,3732,1528,366]; text="Every water molecule contains two" | tokens=[19,1340,3408,83,61,1303,130,1489,3652]; text="Nuclear fusion in the Sun's core converts"	4
7852	block_3.after_attention_residual + block_3.after_mlp_residual	8	tokens=[2889,241,1907,212,1245,56,2098,192,2440,1614,3679]; text="Evaporation can cool a liquid by removing relatively energetic" | tokens=[1116,4455,1493,485,83,61,4211,3885,1517,3920,3745]; text="Receptor cells high in the nasal cavity detect airborne odor" | tokens=[20,1633,1588,1249,83,2192,695,2448,2137,82]; text="Oxygen gas in ordinary air consists mainly of"	8
7853	block_3.after_attention_residual + block_3.after_mlp_residual	4	tokens=[3650,1599,842,1,1746,113,61,318,1018,124,842,82,56,677,1174,82,2392,3377]; text="Radioactive half-life is the time required for half of a large population of identical unstable" | tokens=[4283,1732,3878,2786,1218,4268,326,366,1535]; text="Mitosis separates duplicated chromosomes into two daughter"	4
7854	block_3.after_attention_residual + block_3.after_mlp_residual	2	tokens=[3967,399,220,113,56,4323]; text="Stonehenge is a prehistoric"	2
7855	block_3.after_attention_residual + block_3.after_mlp_residual	2	tokens=[6,1331,44,2466,864,306,328,2678,2628,161,349,409,210]; text="A harp produces sound when its strings vibrate after being pl"	2
7856	block_3.after_attention_residual + block_3.after_mlp_residual	2	tokens=[829,1250,1,984,3140,212,939]; text="An eight-bit byte can represent"	2
7857	block_3.after_attention_residual + block_3.after_mlp_residual	2	tokens=[395,56,1395,1,3228,945,1080,437,0,521,431,82,56]; text="In a double-six domino set, each end of a"	2
7858	block_3.after_attention_residual + block_3.after_mlp_residual	2	tokens=[2035,439,1566,306,4429]; text="Marble forms when limestone"	2
7860	block_3.after_attention_residual + block_3.after_mlp_residual	2	tokens=[10,3751,3566,1284,250,3631]; text="Echidnas feed their hatch"	2
7862	block_3.after_attention_residual + block_3.after_mlp_residual	2	tokens=[2336,2710,113,445,196,61,3005,2952,82,56,2793]; text="Black pepper is made from the dried fruits of a climbing"	2
7863	block_3.after_attention_residual + block_3.after_mlp_residual	2	tokens=[829,2856,1936,113,56,4246,2342,121,212,1262,86,3419,3544]; text="An aquifer is a geological formation that can store and transmit usable"	2
7864	block_3.after_attention_residual + block_3.after_mlp_residual	6	tokens=[18,3680,113,56,4317,3053,2185,445,573]; text="Miso is a fermented paste commonly made using" | tokens=[2667,199,37,113,1465,192,4147,75]; text="Tempeh is produced by fermenting" | tokens=[24,703,48,113,445,192,375,147,2126]; text="Tofu is made by coagulating"	6
7866	block_3.after_attention_residual + block_3.after_mlp_residual	2	tokens=[3551,56,834,2023,130,753]; text="Inside a black hole's event"	2
7867	block_3.after_attention_residual + block_3.after_mlp_residual	2	tokens=[3666,2872,2991,1005,2404]; text="Simple triple meter groups musical"	2
7868	block_3.after_attention_residual + block_3.after_mlp_residual	4	tokens=[13,627,4149,0,114,61,2571,82]; text="Helsinki, on the Gulf of" | tokens=[13,627,4149,0,114,61,2571,82,3124,0,113]; text="Helsinki, on the Gulf of Finland, is"	4
7869	block_3.after_attention_residual + block_3.after_mlp_residual	4	tokens=[23,4288,2142,2265,139,2899,86,2724,948,82,341,56,1734,2426,82]; text="SVG describes graphics with shapes and paths instead of only a fixed grid of" | tokens=[6,157,680,1092,113,2081,192,56,2426,82]; text="A raster image is represented by a grid of"	4
7871	block_3.after_attention_residual + block_3.after_mlp_residual	2	tokens=[11,52,3843,145,208,43,819,2938,130,2344,86,2862]; text="Fyodor Dostoevsky's Crime and Pun"	2
7873	block_3.after_attention_residual + block_3.after_mlp_residual	4	tokens=[2115,77,383,113,1277,124,61,1221,1,3028,2756,82,328,2114]; text="Star anise is named for the star-shaped arrangement of its fruit" | tokens=[829,1446,3605,130,746,2448,82,418,1564]; text="An earthworm's body consists of many repeated"	4
7876	block_3.after_attention_residual + block_3.after_mlp_residual	2	tokens=[216,76,873,94,3053,445,196,156]; text="The pungent paste made from was"	2
7880	block_3.after_attention_residual + block_3.after_mlp_residual	2	tokens=[3551,56,834,2023,130,753,3122,0,701,920,1854,80,2659]; text="Inside a black hole's event horizon, light cannot escape to distant"	2
7881	block_3.after_attention_residual + block_3.after_mlp_residual	2	tokens=[2996,747,86,263,1358,518,1664,80,61,81,342]; text="Snails and clams both belong to the moll"	2
7882	block_3.after_attention_residual + block_3.after_mlp_residual	4	tokens=[6,2502,2040,2432,328,1779,573]; text="A suspension bridge carries its deck using" | tokens=[6,2502,2040,2432,328,1779,573,3138,121,2103,196,1341,1828]; text="A suspension bridge carries its deck using cables that hang from larger supporting"	4
7883	block_3.after_attention_residual + block_3.after_mlp_residual	4	tokens=[8,3425,113,77,1925,656,83,61,2057]; text="Cuba is an island country in the northern" | tokens=[15,713,1330,1978,1615,82,2782,83,61]; text="Jamaica lies south of Cuba in the"	4
7885	block_3.after_attention_residual + block_3.after_mlp_residual	2	tokens=[216,957,546,86,740,441,77,3382]; text="The words child and children show an irregular"	2
7886	block_3.after_attention_residual + block_3.after_mlp_residual	2	tokens=[9,3001,577,1420,80]; text="Dolphins must surface to"	2
7887	block_3.after_attention_residual + block_3.after_mlp_residual	2	tokens=[3233,177,3599,2322,1217,82]; text="Electromagnetic waves consist of"	2
7888	block_3.after_attention_residual + block_3.after_mlp_residual	2	tokens=[21,3513,1762,2652,621,1476,83,3048,0]; text="Pitcher plants trap small animals in specialized,"	2
7890	block_3.after_attention_residual + block_3.after_mlp_residual	2	tokens=[829,2543,2142,56,2180,124]; text="An algorithm describes a procedure for"	2
7893	block_3.after_attention_residual + block_3.after_mlp_residual	2	tokens=[216,4234,60,4314,2135,212,103,1928,192,1414,61,366]; text="The Fibonacci sequence can be formed by adding the two"	2
7894	block_3.after_attention_residual + block_3.after_mlp_residual	4	tokens=[216,181,1784,86,4046,2198,3988]; text="The Ganges and Brahmaputra" | tokens=[4330,2861,4284,4453,1304,481,86,508,61,2788,954,86,4398,2312]; text="Ancient Mesopotamia lay between and around the Tigris and Euphrates"	4
7895	block_3.after_attention_residual + block_3.after_mlp_residual	6	tokens=[575,2384,4353,52,3741,2525,82]; text="Stratigraphy examines layers of" | tokens=[3789,1029,522,549,306,704,3284]; text="Snowflakes develop when water vapor" | tokens=[3170,84,1339,584,392,927]; text="Sand dunes form where wind"	6
7896	block_3.after_attention_residual + block_3.after_mlp_residual	2	tokens=[7,177,242,113,56,732,1373]; text="Bromine is a nonmet"	2
7898	block_3.after_attention_residual + block_3.after_mlp_residual	2	tokens=[1097,324,2187,0,61,1891,130,1390]; text="At new moon, the Moon's sun"	2
7899	block_3.after_attention_residual + block_3.after_mlp_residual	2	tokens=[3928,366,1673,4062,647,2466,77,377]; text="Adding two odd integers always produces an even"	2
7901	block_3.after_attention_residual + block_3.after_mlp_residual	4	tokens=[395,4440,233,70,3481,0,61,2469]; text="In Euclidean geometry, the interior" | tokens=[6,1848,219,635,1537,1621,86,635,397]; text="A square has four equal sides and four right"	4
7902	block_3.after_attention_residual + block_3.after_mlp_residual	2	tokens=[1097,56,1953,3288,1420,0,61,2329,82,2821,3411,61,2329,82]; text="At a smooth reflecting surface, the angle of reflection equals the angle of"	2
7904	block_3.after_attention_residual + block_3.after_mlp_residual	2	tokens=[13,297,3777,706,83]; text="Hailstones grow in"	2
7905	block_3.after_attention_residual + block_3.after_mlp_residual	2	tokens=[2591,1089,1493,2121,83,61,746,130,2450]; text="White blood cells participate in the body's immune"	2
7906	block_3.after_attention_residual + block_3.after_mlp_residual	2	tokens=[216,3914,2196,78,156,3309,192]; text="The Taj Mahal was commissioned by"	2
7907	block_3.after_attention_residual + block_3.after_mlp_residual	4	tokens=[1604,4276,2653,3968,574,530,61,1168,82]; text="Meiosis reduces chromosome number during the production of" | tokens=[11,413,135,696,2917]; text="Fertilization joins"	4
7908	block_3.after_attention_residual + block_3.after_mlp_residual	2	tokens=[2099,461,75,4249,379]; text="Refracting telescopes use"	2
7909	block_3.after_attention_residual + block_3.after_mlp_residual	2	tokens=[11,4365,212,2388,2138,1788,326]; text="Friction can convert organized motion into"	2
7911	block_3.after_attention_residual + block_3.after_mlp_residual	2	tokens=[216,237,1519,30,1287,77,695,478,481,61,96,4139,51,86,61]; text="The trachea provides an airway between the larynx and the"	2
7915	block_3.after_attention_residual + block_3.after_mlp_residual	4	tokens=[7,58,4079,46,872,56,1449]; text="Binoculars provide a separate" | tokens=[6,1472,3921,1914,61,1490,400,267,701,2783,61]; text="A camera aperture controls the opening through which light enters the"	4
7916	block_3.after_attention_residual + block_3.after_mlp_residual	2	tokens=[15,554,562,72,1468,593,62,130,1991,139,56]; text="Johannes Vermeer's Girl with a"	2
7918	block_3.after_attention_residual + block_3.after_mlp_residual	2	tokens=[3126,113,56,1184,460,80,2609,86]; text="SQL is a language used to query and"	2
7922	block_3.after_attention_residual + block_3.after_mlp_residual	2	tokens=[4030,2688,2605,2537,464,2681,61]; text="Leonardo da Vinci painted the"	2
7923	block_3.after_attention_residual + block_3.after_mlp_residual	2	tokens=[575,78,260,1040,2103,196,2509,4354,0,465,3792,147,41,1040,706,3184,196,2509]; text="Stalactites hang from cave ceilings, while stalagmites grow upward from cave"	2
7924	block_3.after_attention_residual + block_3.after_mlp_residual	2	tokens=[1866,3796,3947,1110,328,3022,76,873,616,196]; text="Prepared mustard gets its characteristic pungency from"	2
7926	block_3.after_attention_residual + block_3.after_mlp_residual	2	tokens=[2176,2987,987,80,61,2233,1420,86]; text="Wind transfers energy to the ocean surface and"	2
7928	block_3.after_attention_residual + block_3.after_mlp_residual	2	tokens=[575,78,260,1040,2103,196,2509,4354,0,465,3792,147,41,1040,706]; text="Stalactites hang from cave ceilings, while stalagmites grow"	2
7929	block_3.after_attention_residual + block_3.after_mlp_residual	2	tokens=[216,2283,3637,72,584,56,1180]; text="The Pyrenees form a natural"	2
7931	block_3.after_attention_residual + block_3.after_mlp_residual	2	tokens=[3912,2856,74,1495,46]; text="Roman aqueducts"	2
7932	block_3.after_attention_residual + block_3.after_mlp_residual	2	tokens=[216,4028,82,1672,4049,2848,1285,2527,4026,1379,83,2247]; text="The eruption of Mount Vesuvius buried Pompeii in 79"	2
7935	block_3.after_attention_residual + block_3.after_mlp_residual	2	tokens=[216,1312,4337,3753,162,181,3512,3349,56,715,542,139,56]; text="The Great Sphinx at Giza combines a human head with a"	2
7937	block_3.after_attention_residual + block_3.after_mlp_residual	2	tokens=[3316,201,91,1166,2218,56,1595,3943,2200,139,77]; text="Combustion usually involves a fuel reacting rapidly with an"	2
7938	block_3.after_attention_residual + block_3.after_mlp_residual	2	tokens=[2108,60,1249,212,3726,56]; text="Neon gas can emit a"	2
7940	block_3.after_attention_residual + block_3.after_mlp_residual	2	tokens=[3690,895,175,932,476,714]; text="Impressionist painters often"	2
7942	block_3.after_attention_residual + block_3.after_mlp_residual	2	tokens=[6,2615,3347,3010,3672,61,2306,121,2093,300]; text="A honeybee queen lays the eggs that sustain her"	2
7946	block_3.after_attention_residual + block_3.after_mlp_residual	2	tokens=[12,1362,3419,1687,276,1788,400]; text="Gears transmit rotary motion through"	2
7948	block_3.after_attention_residual + block_3.after_mlp_residual	4	tokens=[3803,121,700,813,83,56,4145,212,1825,162,406,541]; text="Stars that appear together in a constellation can lie at very different" | tokens=[216,1370,130,2374,958,1647,80,490,1099,114,1658,162,541]; text="The eye's lens changes shape to help focus on objects at different"	4
7949	block_3.after_attention_residual + block_3.after_mlp_residual	2	tokens=[6,3487,2142,556,83,1069,82,556,845,559,2415,56]; text="A metaphor describes something in terms of something else without requiring a"	2
7952	block_3.after_attention_residual + block_3.after_mlp_residual	4	tokens=[3963,2462,1337,433,2830,173,2038,1153,196,1564]; text="Polymers contain long chains or networks built from repeated" | tokens=[6,1459,1528,2954,3979,4252,162,61]; text="A solution contains substances dispersed uniformly at the"	4
7954	block_3.after_attention_residual + block_3.after_mlp_residual	2	tokens=[3938,298,3299,549,196,56,841]; text="Identical twins develop from a single"	2
7955	block_3.after_attention_residual + block_3.after_mlp_residual	2	tokens=[216,2132,86,2088,2932,2183]; text="The Northern and Southern Hemisp"	2
7956	block_3.after_attention_residual + block_3.after_mlp_residual	2	tokens=[2984,3236,1133,766,77,865,700,80,2229,1298,173,655,196,61]; text="Foreshortening makes an object appear to extend toward or away from the"	2
7957	block_3.after_attention_residual + block_3.after_mlp_residual	2	tokens=[216,109,258,329,3529,1528,372,82,3470,2162,86]; text="The Iberian Peninsula contains most of mainland Spain and"	2
7964	block_3.after_attention_residual + block_3.after_mlp_residual	2	tokens=[216,3914,2196,78,156,3309,192,3162,205]; text="The Taj Mahal was commissioned by Shah J"	2
7965	block_3.after_attention_residual + block_3.after_mlp_residual	2	tokens=[216,3932,709,4438,82,4377,758,61,253]; text="The hardened forewings of beetles protect the more"	2
7968	block_3.after_attention_residual + block_3.after_mlp_residual	6	tokens=[21,2528,56,3215]; text="Pressing a piano" | tokens=[3463,124,61,1395,2636,113,2037,1157,77]; text="Music for the double bass is normally written an" | tokens=[395,2777,1,4231,1537,4027,0,77]; text="In twelve-tone equal temperament, an"	6
7969	block_3.after_attention_residual + block_3.after_mlp_residual	2	tokens=[2963,1048,738,700,1167,380,232,170]; text="Sunspots appear dark because they are"	2
7972	block_3.after_attention_residual + block_3.after_mlp_residual	2	tokens=[216,1264,1240,3579,1528,2110,1]; text="The modern English alphabet contains twenty-"	2
7973	block_3.after_attention_residual + block_3.after_mlp_residual	2	tokens=[3304,827,422,170,4422,2650,2185,445,196,1765,225]; text="Cymbals are percussion instruments commonly made from metal all"	2
7974	block_3.after_attention_residual + block_3.after_mlp_residual	2	tokens=[3853,329,3772,3399,714]; text="Persian miniature paintings often"	2
7975	block_3.after_attention_residual + block_3.after_mlp_residual	8	tokens=[1935,2444,3044,4377,1284,114,4464,926,86,287,621]; text="Many ladybird beetles feed on aphids and other small" | tokens=[4163,783,212,103,1600,244,192,927,0]; text="Pollination can be carried out by wind," | tokens=[6,3355,1761,4375,3484]; text="A Venus flytrap captures"	8
7976	block_3.after_attention_residual + block_3.after_mlp_residual	2	tokens=[20,2623,1121,113,3369,196,61,2952,82]; text="Olive oil is extracted from the fruits of"	2
7978	block_3.after_attention_residual + block_3.after_mlp_residual	2	tokens=[8,252,32,252,2448,82,621]; text="Couscous consists of small"	2
7979	block_3.after_attention_residual + block_3.after_mlp_residual	2	tokens=[216,181,1784,86,4046,2198,3988,3150,1284,56,677,3641,83]; text="The Ganges and Brahmaputra rivers feed a large delta in"	2
7981	block_3.after_attention_residual + block_3.after_mlp_residual	6	tokens=[216,106,2858,3866,3303,61]; text="The Suez Canal connects the" | tokens=[216,1145,82,2373,113,3417,0,77,1768]; text="The capital of Greece is Athens, an ancient" | tokens=[216,4115,2934,400,1808,425,2213,61]; text="The Nile flows through Egypt before reaching the"	6
7982	block_3.after_attention_residual + block_3.after_mlp_residual	2	tokens=[6,1804,255,1739,2316,61,462]; text="A palindrome reads the same"	2
7983	block_3.after_attention_residual + block_3.after_mlp_residual	2	tokens=[829,186,4379,111,2619,83,879,82,328,1221,212,1037,56,4210]; text="An exoplanet crossing in front of its star can cause a measurable"	2
7984	block_3.after_attention_residual + block_3.after_mlp_residual	4	tokens=[395,1160,2855,2519,0,521,1692,0,1686,0,86,519,1,664,1,2923,1129,1528,61]; text="In standard Sudoku, each row, column, and three-by-three box contains the" | tokens=[7,1164,3941,1228,341,61]; text="Binary notation uses only the"	4
7986	block_3.after_attention_residual + block_3.after_mlp_residual	2	tokens=[3837,4361,1119,649,324,86,599,3859,0,306,1843,86,3618,4209,1118]; text="Spring tides occur near new and full moons, when solar and lunar tidal effects"	2
7987	block_3.after_attention_residual + block_3.after_mlp_residual	4	tokens=[1906,1989,701,196,61,2836,83,334,1843,506,113,2620]; text="Most visible light from the planets in our solar system is reflected" | tokens=[3872,3611,584,400,474,2064,0,1620,2821,0,86,1458,1900,82]; text="Rainbows form through refraction, internal reflection, and dispersion of"	4
7988	block_3.after_attention_residual + block_3.after_mlp_residual	2	tokens=[2108,60,1249,212,3726,56,3194,2834,337,1,4295]; text="Neon gas can emit a distinctive reddish-orange"	2
7989	block_3.after_attention_residual + block_3.after_mlp_residual	2	tokens=[216,1477,34,1061,3038,174,278,3764,1107,1975,61]; text="The Bayeux Tapestry depicts events surrounding the"	2
7991	block_3.after_attention_residual + block_3.after_mlp_residual	2	tokens=[1172,3210,696,0,56,4432,1461,130]; text="After fertilization, a flowering plant's"	2
7992	block_3.after_attention_residual + block_3.after_mlp_residual	2	tokens=[395,2903,0,521,1842,3429,2686,80,635]; text="In diamond, each carbon atom bonds to four"	2
7993	block_3.after_attention_residual + block_3.after_mlp_residual	4	tokens=[995,1592,170,61,3005,2873,4045,82,56]; text="Cloves are the dried flower buds of a" | tokens=[4445,3787,113,61,2269,82,56]; text="Nutmeg is the seed of a"	4
7994	block_3.after_attention_residual + block_3.after_mlp_residual	2	tokens=[3226,2737,2448,1682,82]; text="Limestone consists largely of"	2
7997	block_3.after_attention_residual + block_3.after_mlp_residual	8	tokens=[6,2454,1754,775,56,1396,173,943,83]; text="A rook moves along a rank or file in" | tokens=[2446,734,1763,56,1160]; text="Each side begins a standard" | tokens=[2319,2325,2189,306,56]; text="Checkmate occurs when a"	8
7998	block_3.after_attention_residual + block_3.after_mlp_residual	2	tokens=[4427,3435,113,77,4031,82,2907,86]; text="Traditional bronze is an alloy of copper and"	2
7999	block_3.after_attention_residual + block_3.after_mlp_residual	4	tokens=[395,77,1322,2040,0,61,1322,2987,2958,1298,328,1913,2137,400]; text="In an arch bridge, the arch transfers loads toward its supports mainly through" | tokens=[21,2401,1913,1106,547,1092]; text="PNG supports lossless image"	4
8000	block_3.after_attention_residual + block_3.after_mlp_residual	4	tokens=[3819,3883,3864,1036,61]; text="Arthur Conan Doyle created the" | tokens=[4357,2532,3177,665,3444,1036,61]; text="Gabriel Garcia Marquez created the"	4
8003	block_3.after_attention_residual + block_3.after_mlp_residual	2	tokens=[216,2321,2024,3909,4253]; text="The enormous shield volcano Olympus"	2
8004	block_3.after_attention_residual + block_3.after_mlp_residual	2	tokens=[829,753,130,2655,1978,481,1851,86,261,0]; text="An event's probability lies between zero and one,"	2
8008	block_3.after_attention_residual + block_3.after_mlp_residual	2	tokens=[829,3653,1652,2466,449]; text="An oak tree produces ac"	2
8009	block_3.after_attention_residual + block_3.after_mlp_residual	2	tokens=[216,1521,82,248,3219,113,77,2631,582,3993]; text="The Book of Kells is an elaborately illuminated"	2
8012	block_3.after_attention_residual + block_3.after_mlp_residual	2	tokens=[216,1562,3032,82,261,921]; text="The north pole of one bar"	2
8013	block_3.after_attention_residual + block_3.after_mlp_residual	2	tokens=[829,3224,479,3878,2404,3452,1113,2011]; text="An octave separates musical pitches whose fundamental"	2
8014	block_3.after_attention_residual + block_3.after_mlp_residual	4	tokens=[6,3270,113,61,3814,252,2878,1465,142,56]; text="A meteor is the luminous streak produced as a" | tokens=[2778,1313,121,4047,2351,400,1268,130,2100,86,2584,61,922,113,638,56]; text="Space rock that survives passage through Earth's atmosphere and reaches the ground is called a"	4
8015	block_3.after_attention_residual + block_3.after_mlp_residual	2	tokens=[2124,3930,56,3925,2913,328,3452,465,3524,61]; text="Transposing a melody shifts its pitches while preserving the"	2
8018	block_3.after_attention_residual + block_3.after_mlp_residual	4	tokens=[2921,969,113,56,1281,1,878,595,3876,1313,892,83,2233,87]; text="Basalt is a fine-grained volcanic rock common in oceanic" | tokens=[1906,3815,571,196,1499,1197,775,3856,83,1268,130]; text="Most earthquakes result from sudden movement along faults in Earth's"	4
8022	block_3.after_attention_residual + block_3.after_mlp_residual	2	tokens=[216,4055,191,1027,3411,61,1214,82,61,2530]; text="The buoyant force equals the weight of the fluid"	2
8024	block_3.after_attention_residual + block_3.after_mlp_residual	2	tokens=[2765,4237,1496,347,957,170,2860,326]; text="Syntax concerns how words are arranged into"	2
8026	block_3.after_attention_residual + block_3.after_mlp_residual	2	tokens=[6,1776,879,3878,695,2819,139,541,1731,173]; text="A weather front separates air masses with different temperature or"	2
8027	block_3.after_attention_residual + block_3.after_mlp_residual	2	tokens=[3063,3438,1006,61,2730,269,61]; text="William Shakespeare wrote the tragedy about the"	2
8028	block_3.after_attention_residual + block_3.after_mlp_residual	6	tokens=[9,189,1566,306,704]; text="Dew forms when water" | tokens=[3789,1029,522,549,306,704]; text="Snowflakes develop when water" | tokens=[1898,424,3730,3485,61,832,82,704]; text="Relative humidity compares the amount of water"	6
8030	block_3.after_attention_residual + block_3.after_mlp_residual	2	tokens=[3322,70,533,0,56,3542,113,56,2114,377,470,131,113,2185,460,142,56]; text="Botanically, a tomato is a fruit even though it is commonly used as a"	2
8035	block_3.after_attention_residual + block_3.after_mlp_residual	2	tokens=[2905,4447,3852,88,445,724,1800,145,4179,61]; text="Alexandre Dumas made Edmond Dantes the"	2
8036	block_3.after_attention_residual + block_3.after_mlp_residual	138	tokens=[395,77,3816]; text="In an inert" | tokens=[4203,1040,170]; text="Termites are" | tokens=[6,888,4133]; text="A supernova"	138
8037	block_3.after_attention_residual + block_3.after_mlp_residual	8	tokens=[8,3219,170,61,1355,2697,1543,82,1079]; text="Cells are the basic structural units of living" | tokens=[2427,92,798,148,906,417,1007]; text="Decomposers break down dead" | tokens=[1504,53,3424,1075,249,2639,83,1079]; text="Enzymes speed up reactions in living"	8
8039	block_3.after_attention_residual + block_3.after_mlp_residual	4	tokens=[784,1904,929,0,56,1341,824,1027,2466,56,1341]; text="For constant mass, a larger net force produces a larger" | tokens=[4205,1268,130,1420,0,2640,1998,1658,197,1863,61,462]; text="Near Earth's surface, freely falling objects have approximately the same"	4
8040	block_3.after_attention_residual + block_3.after_mlp_residual	2	tokens=[4290,0,1366,0,2109,0,86,3412,1375,196,2230]; text="Spanish, French, Italian, and Portuguese developed from Latin"	2
8044	block_3.after_attention_residual + block_3.after_mlp_residual	2	tokens=[4434,2202,327,130,153,2654,75]; text="Emily Bronte's Wuthering"	2
8045	block_3.after_attention_residual + block_3.after_mlp_residual	18	tokens=[4287,4470,1287,56]; text="Cartilage provides a" | tokens=[2476,2289,958,56]; text="Freezing changes a" | tokens=[1906,1989,701,196]; text="Most visible light from"	18
8049	block_3.after_attention_residual + block_3.after_mlp_residual	2	tokens=[1920,131,113,1166,445,82]; text="Although it is usually made of"	2
8050	block_3.after_attention_residual + block_3.after_mlp_residual	2	tokens=[216,366,986,768,422,82,56,4019,197,1537]; text="The two diagonals of a rectangle have equal"	2
8051	block_3.after_attention_residual + block_3.after_mlp_residual	2	tokens=[216,1869,2073,169,1629]; text="The cerebellum helps"	2
8052	block_3.after_attention_residual + block_3.after_mlp_residual	2	tokens=[21,241,3361,2942,270,445,196,61,76,133,82,61]; text="Papyrus sheets were made from the pith of the"	2
8053	block_3.after_attention_residual + block_3.after_mlp_residual	6	tokens=[22,281,194,992]; text="Ribosomes" | tokens=[216,3914,2196,78,156]; text="The Taj Mahal was" | tokens=[1413,2793,1762,3622]; text="Some climbing plants coil"	6
8054	block_3.after_attention_residual + block_3.after_mlp_residual	2	tokens=[3650,2322,0,1989,701,0,86,620,1]; text="Radio waves, visible light, and X-"	2
8056	block_3.after_attention_residual + block_3.after_mlp_residual	2	tokens=[9,2610,130,2671,3446,1681,56,1919,400,1700,0,4468,1077,0,86]; text="Dante's Divine Comedy follows a journey through Hell, Purgatory, and"	2
8057	block_3.after_attention_residual + block_3.after_mlp_residual	2	tokens=[23,74,4161,2624,714,584,306,3702,2690,723,2961,74,86]; text="Sedimentary rocks often form when deposited particles become compacted and"	2
8058	block_3.after_attention_residual + block_3.after_mlp_residual	4	tokens=[216,4355,900,83,2521,1542,142,77,2799]; text="The Forbidden City in Beijing served as an imperial" | tokens=[216,463,1045,2966,113,56]; text="The Alhambra is a"	4
8059	block_3.after_attention_residual + block_3.after_mlp_residual	2	tokens=[6,4152,2696,1823,3303,1582,82,1522,573,467,4420,3842,86]; text="A dovetail joint connects pieces of wood using interlocking tails and"	2
8062	block_3.after_attention_residual + block_3.after_mlp_residual	30	tokens=[216,2638,82,56,924,549,1008,328]; text="The flowers of a fig develop inside its" | tokens=[3684,74,4387]; text="Rolled oats" | tokens=[4462,1678,581]; text="Tea leaves come"	30
8064	block_3.after_attention_residual + block_3.after_mlp_residual	2	tokens=[727,770,3861,4378,170,774]; text="Asparagus spears are young"	2
8065	block_3.after_attention_residual + block_3.after_mlp_residual	2	tokens=[4305,3905,2968,379,3809]; text="Oil paints traditionally use drying"	2
8067	block_3.after_attention_residual + block_3.after_mlp_residual	2	tokens=[1413,82,2084,399,220,130,677,2864,170]; text="Some of Stonehenge's large stones are"	2
8068	block_3.after_attention_residual + block_3.after_mlp_residual	2	tokens=[784,56,1734,832,82,1969,1249,162,1904,1731,0,1305,1688,142,1757]; text="For a fixed amount of ideal gas at constant temperature, pressure increases as volume"	2
8072	block_3.after_attention_residual + block_3.after_mlp_residual	8	tokens=[4121,3571,2218,61]; text="Oxidation involves the" | tokens=[22,176,255,994,378,3089,164,1032,61]; text="Rabindranath Tagore received the" | tokens=[2048,2096,2218,61]; text="Reduction involves the"	8
8074	block_3.after_attention_residual + block_3.after_mlp_residual	10	tokens=[1151,140,203,1178]; text="Arteries carry" | tokens=[1858,3538,2189,306,56,2180,389,1200,928,0,1173,173]; text="Recursion occurs when a procedure invokes itself, directly or" | tokens=[1935,3714,72,170]; text="Many cheeses are"	10
8076	block_3.after_attention_residual + block_3.after_mlp_residual	2	tokens=[3819,3883,3864,1036,61,3256]; text="Arthur Conan Doyle created the fictional"	2
8078	block_3.after_attention_residual + block_3.after_mlp_residual	2	tokens=[3773,4363,437,112,3084,82,1531]; text="Charles Dickens set A Tale of Two"	2
8079	block_3.after_attention_residual + block_3.after_mlp_residual	8	tokens=[3477,130,3274,86,1867,721,3898,584,61]; text="Earth's crust and uppermost mantle form the" | tokens=[669,391,56,1249,83,56]; text="Heating a gas in a" | tokens=[973,706,1341,0,56,3902,577,2866,328]; text="To grow larger, a crab must shed its"	8
8080	block_3.after_attention_residual + block_3.after_mlp_residual	6	tokens=[216,3426,1529,3851,83,1294,1337]; text="The Ajanta caves in India contain" | tokens=[7,71,333,215,126,113,56]; text="Borobudur is a" | tokens=[216,1940,1704,3851,911]; text="The Ellora caves include"	6
8082	block_3.after_attention_residual + block_3.after_mlp_residual	2	tokens=[25,1359,2112,1,34,156,56,1536,1873,82,3399,86,1522,2340]; text="Ukiyo-e was a Japanese tradition of paintings and woodblock"	2
8083	block_3.after_attention_residual + block_3.after_mlp_residual	2	tokens=[4203,1040,170,794,3231,121,856,83,2138]; text="Termites are social insects that live in organized"	2
8084	block_3.after_attention_residual + block_3.after_mlp_residual	2	tokens=[216,2541,3647,854,156,1231,192]; text="The Sydney Opera House was designed by"	2
8085	block_3.after_attention_residual + block_3.after_mlp_residual	2	tokens=[3928,2117,80,704,3959,328]; text="Adding salt to water lowers its"	2
8087	block_3.after_attention_residual + block_3.after_mlp_residual	4	tokens=[2427,92,798,148,906,417,1007,3293,86,4442]; text="Decomposers break down dead organisms and recycle" | tokens=[1935,3596,1,3040,535,422,1972]; text="Many reef-building corals obtain"	4
8088	block_3.after_attention_residual + block_3.after_mlp_residual	2	tokens=[1906,2452,1776,2189,83,61]; text="Most everyday weather occurs in the"	2
8093	block_3.after_attention_residual + block_3.after_mlp_residual	4	tokens=[216,1312,4337,3753,162,181,3512]; text="The Great Sphinx at Giza" | tokens=[2790,1603,175,566,1879]; text="Surrealist art frequently"	4
8095	block_3.after_attention_residual + block_3.after_mlp_residual	2	tokens=[21,950,75,3577,1026]; text="Praying mantises"	2
8097	block_3.after_attention_residual + block_3.after_mlp_residual	4	tokens=[2458,2117,2448,2137,82,61,3432,87,2682]; text="Table salt consists mainly of the ionic compound" | tokens=[7,419,3317,113,61,892,634,124]; text="Baking soda is the common name for"	4
8098	block_3.after_attention_residual + block_3.after_mlp_residual	2	tokens=[216,838,439,544,35]; text="The treble clef"	2
8099	block_3.after_attention_residual + block_3.after_mlp_residual	2	tokens=[1920,3401,1978,1684,80,61,1303,0]; text="Although Mercury lies closer to the Sun,"	2
8101	block_3.after_attention_residual + block_3.after_mlp_residual	4	tokens=[23,3060,1306,2239,142,3087,130,1145,0,649,61,404,72]; text="Santiago serves as Chile's capital, near the Andes" | tokens=[18,3908,2875,4370,156,1153,192,61,1213,88,83,61,404,72]; text="Machu Picchu was built by the Incas in the Andes"	4
8102	block_3.after_attention_residual + block_3.after_mlp_residual	4	tokens=[1951,528,4099,1732,0,56,1957,3371,4034,4058]; text="During metamorphosis, a typical frog tadpole" | tokens=[216,3247,276,82,56,2873,2185]; text="The ovary of a flower commonly"	4
8103	block_3.after_attention_residual + block_3.after_mlp_residual	2	tokens=[4421,2775,3758,400,56,2222,212]; text="Changing magnetic flux through a loop can"	2
8104	block_3.after_attention_residual + block_3.after_mlp_residual	2	tokens=[796,177,4341,3878,2954,776,80,250,2582,139,1309,86,3882]; text="Chromatography separates substances according to their interactions with moving and stationary"	2
8105	block_3.after_attention_residual + block_3.after_mlp_residual	2	tokens=[21,241,3361,2942,270,445,196,61,76,133,82,61,3308]; text="Papyrus sheets were made from the pith of the pap"	2
8106	block_3.after_attention_residual + block_3.after_mlp_residual	4	tokens=[3998,3273,1228,56,2083,80,1158]; text="Crochet uses a hook to draw" | tokens=[3597,980,3961,2308,196,467,4420,3509,82]; text="Knitting constructs fabric from interlocking loops of"	4
8107	block_3.after_attention_residual + block_3.after_mlp_residual	2	tokens=[2677,624,3012,3929,114,61]; text="Microscopic hairs on the"	2
8108	block_3.after_attention_residual + block_3.after_mlp_residual	4	tokens=[216,2708,2448,82,1365,82,2852,83]; text="The Philippines consists of thousands of islands in" | tokens=[4299,3895,2239,142,61,1145,82,3045,83]; text="Bangkok serves as the capital of Thailand in"	4
8111	block_3.after_attention_residual + block_3.after_mlp_residual	2	tokens=[2677,624,3012,3929,114,61,3363]; text="Microscopic hairs on the toe"	2
8112	block_3.after_attention_residual + block_3.after_mlp_residual	2	tokens=[395,61,3186,506,0,61]; text="In the metric system, the"	2
8114	block_3.after_attention_residual + block_3.after_mlp_residual	2	tokens=[1920,4129,492,920,1761,0,250,381,2990,4298,299]; text="Although penguins cannot fly, their flippers propel them"	2
8115	block_3.after_attention_residual + block_3.after_mlp_residual	2	tokens=[1951,528,4099,1732,0,56,1957]; text="During metamorphosis, a typical"	2
8116	block_3.after_attention_residual + block_3.after_mlp_residual	2	tokens=[2699,3339,1337,1171,121]; text="Ant colonies contain workers that"	2
8118	block_3.after_attention_residual + block_3.after_mlp_residual	2	tokens=[7,254,1393,113,61,1145,82]; text="Bogota is the capital of"	2
8120	block_3.after_attention_residual + block_3.after_mlp_residual	10	tokens=[6,3095,130,124,2226,2547,1629,131,1062,1728,592,196,328]; text="A snake's forked tongue helps it collect chemical information from its" | tokens=[796,228,89,338,212,578,250,366,1096,2850,465,3422,250]; text="Chameleons can direct their two eyes independently while scanning their" | tokens=[1955,1070,3358,56,1420,644,633,142,131,3830,139,2954,83,328]; text="Copper develops a surface patina as it reacts with substances in its"	10
8121	block_3.after_attention_residual + block_3.after_mlp_residual	2	tokens=[3650,1599,842,1,1746,113,61,318,1018,124,842,82,56,677,1174,82,2392]; text="Radioactive half-life is the time required for half of a large population of identical"	2
8122	block_3.after_attention_residual + block_3.after_mlp_residual	2	tokens=[3704,2691,3652,3889,592,326,56,584,1602,80]; text="Encryption converts readable information into a form intended to"	2
8125	block_3.after_attention_residual + block_3.after_mlp_residual	8	tokens=[1035,1634,151,4335,3972,481,1388,86,1327,173,1764]; text="Phloem transports sugars between sources and growing or storage" | tokens=[2931,144,1152,569,1574,481,61,1089,86,1975]; text="Capillaries allow exchange between the blood and surrounding" | tokens=[3311,1376,1566,56,2680,481,1620]; text="Human skin forms a barrier between internal"	8
8126	block_3.after_attention_residual + block_3.after_mlp_residual	2	tokens=[216,957,546,86,740,441,77]; text="The words child and children show an"	2
8127	block_3.after_attention_residual + block_3.after_mlp_residual	4	tokens=[8,3418,113,1827,196,61,2139]; text="Cinnamon is obtained from the inner" | tokens=[3997,67,458,113,3965,196,61]; text="Natural cork is harvested from the"	4
8129	block_3.after_attention_residual + block_3.after_mlp_residual	2	tokens=[829,1755,3246,2432,2733,592,142,426,142,328]; text="An IP packet carries addressing information as well as its"	2
8131	block_3.after_attention_residual + block_3.after_mlp_residual	2	tokens=[3728,285,2212,86,1638,1313,584,56,1420,2036,638,403]; text="Loose dust and broken rock form a surface layer called reg"	2
8135	block_3.after_attention_residual + block_3.after_mlp_residual	6	tokens=[19,3147,2144,2239,142,61,1145,82]; text="Nairobi serves as the capital of" | tokens=[216,679,605,2128,400,518]; text="The equator passes through both" | tokens=[4278,2599,113,1518,192,4075,0,3849,0,86]; text="Lake Victoria is shared by Tanzania, Uganda, and"	6
8136	block_3.after_attention_residual + block_3.after_mlp_residual	4	tokens=[1667,262,2902,1762,1262,704,83,1836,1094,1678,0]; text="Succulent plants store water in thickened leaves," | tokens=[7,3729,2810,80,61,2170,698,1296,328,1522,52]; text="Bamboo belongs to the grass family despite its woody"	4
8137	block_3.after_attention_residual + block_3.after_mlp_residual	8	tokens=[395,480,1,3195,755,2504,0,4222,82]; text="In hand-built pottery, coils of" | tokens=[2319,2325,2189,306]; text="Checkmate occurs when" | tokens=[23,1915,329,313,3433,2564,4017,1,3028,2191,326]; text="Sumerian scribes pressed wedge-shaped marks into"	8
8138	block_3.after_attention_residual + block_3.after_mlp_residual	2	tokens=[3552,2496,2202,327,1006,2568]; text="Charlotte Bronte wrote Jane"	2
8139	block_3.after_attention_residual + block_3.after_mlp_residual	2	tokens=[2892,266,1150,56,574,192,261,1678,121,574]; text="Multiplying a number by one leaves that number"	2
8140	block_3.after_attention_residual + block_3.after_mlp_residual	2	tokens=[216,2080,689,194,120,169,2556,579,2240]; text="The Roman Colosseum hosted gladi"	2
8142	block_3.after_attention_residual + block_3.after_mlp_residual	8	tokens=[3226,2737,2448,1682,82,3250,1842,161]; text="Limestone consists largely of calcium carbonate" | tokens=[12,994,286,2185,1528,4409,0,364,127,46,770,0,86,81,1330]; text="Granite commonly contains quartz, feldspar, and mica" | tokens=[216,2314,46,1555,3485]; text="The Mohs scale compares"	8
8143	block_3.after_attention_residual + block_3.after_mlp_residual	6	tokens=[25,1359,2112,1,34,156,56,1536,1873,82]; text="Ukiyo-e was a Japanese tradition of" | tokens=[216,3426,1529,3851,83,1294,1337,3336]; text="The Ajanta caves in India contain Buddhist" | tokens=[3794,116,2171,83,2162,113,789,124,4323,2509]; text="Altamira in Spain is known for prehistoric cave"	6
8144	block_3.after_attention_residual + block_3.after_mlp_residual	2	tokens=[216,2483,52,2976,82,77]; text="The fleshy scales of an"	2
8145	block_3.after_attention_residual + block_3.after_mlp_residual	2	tokens=[3690,260,502,2163,1108,427,82]; text="Impact craters cover much of"	2
8146	block_3.after_attention_residual + block_3.after_mlp_residual	2	tokens=[24,1227,4403,638,128,92,495,569]; text="Tiny pores called stomata allow"	2
8148	block_3.after_attention_residual + block_3.after_mlp_residual	2	tokens=[216,2904,82,3176,30]; text="The Palace of Versa"	2
8149	block_3.after_attention_residual + block_3.after_mlp_residual	2	tokens=[27,1124,212,3148,1680,910,173,2897,910,306,232]; text="Waves can interfere constructively or destructively when they"	2
8150	block_3.after_attention_residual + block_3.after_mlp_residual	2	tokens=[891,61,986,1839,3458,41,2160,0,131,1629,1158,695,326,61]; text="When the diaphragm contracts, it helps draw air into the"	2
8152	block_3.after_attention_residual + block_3.after_mlp_residual	2	tokens=[2591,2929,2287,170,2941,3593,3839,121,322,942,2093,2192,1489]; text="White dwarfs are dense stellar remnants that no longer sustain ordinary core"	2
8153	block_3.after_attention_residual + block_3.after_mlp_residual	2	tokens=[17,333,1730,170,3274,274,245,139,1823,74]; text="Lobsters are crustaceans with jointed"	2
8155	block_3.after_attention_residual + block_3.after_mlp_residual	6	tokens=[1097,56,1953,3288,1420,0,61,2329,82,2821]; text="At a smooth reflecting surface, the angle of reflection" | tokens=[829,3429,130,3069,574]; text="An atom's atomic number" | tokens=[784,56,397,3482,0,61,4308,2186,66,791]; text="For a right triangle, the squared hypotenuse"	6
8156	block_3.after_attention_residual + block_3.after_mlp_residual	2	tokens=[4290,0,1366,0,2109,0,86]; text="Spanish, French, Italian, and"	2
8157	block_3.after_attention_residual + block_3.after_mlp_residual	2	tokens=[2427,107,1671,1946,2866,250,1678,530,56,1163]; text="Deciduous trees shed their leaves during a regular"	2
8159	block_3.after_attention_residual + block_3.after_mlp_residual	4	tokens=[3684,74,4387,170,445,192,1078,1279,86,3703,1133,65,63]; text="Rolled oats are made by steaming and flattening oat" | tokens=[3170,1820,1566,196,1822,1,2768]; text="Sandstone forms from sand-sized"	4
8161	block_3.after_attention_residual + block_3.after_mlp_residual	4	tokens=[216,1145,82,2373,113]; text="The capital of Greece is" | tokens=[216,870,399,60,1794,114,61,1338,3642,3976]; text="The Parthenon stands on the Acropolis overlooking"	4
8163	block_3.after_attention_residual + block_3.after_mlp_residual	2	tokens=[829,2856,1936,113,56,4246,2342,121,212,1262,86]; text="An aquifer is a geological formation that can store and"	2
8165	block_3.after_attention_residual + block_3.after_mlp_residual	2	tokens=[216,430,1880,58,113,61,3633,1049,1407,124]; text="The kelvin is the SI base unit for"	2
8166	block_3.after_attention_residual + block_3.after_mlp_residual	2	tokens=[796,228,89,338,212,578,250,366,1096,2850,465]; text="Chameleons can direct their two eyes independently while"	2
8171	block_3.after_attention_residual + block_3.after_mlp_residual	2	tokens=[2947,113,56,1082,82,61,1022,87,2143,82,61,4189,1]; text="English is a member of the Germanic branch of the Indo-"	2
8172	block_3.after_attention_residual + block_3.after_mlp_residual	4	tokens=[216,3933,3529,1978,481,61,914,1899,86,61]; text="The Arabian Peninsula lies between the Red Sea and the" | tokens=[216,3277,82,3877,44,2146,2579,317,82,77,112,2526,2207,107]; text="The ruins of Persepolis preserve part of an Achaemenid"	4
8173	block_3.after_attention_residual + block_3.after_mlp_residual	6	tokens=[1756,704,3732,1528,366,3106,3495,4191,80,261,2544]; text="Every water molecule contains two hydrogen atoms bonded to one oxygen" | tokens=[2446,1842,3098,3732,1528,261,1842]; text="Each carbon dioxide molecule contains one carbon" | tokens=[395,2903,0,521,1842]; text="In diamond, each carbon"	6
8175	block_3.after_attention_residual + block_3.after_mlp_residual	2	tokens=[891,56,3253,3811,2584,61,2887,1253,1396,0,131,577,2044,80,56,3010,0,2454,0,3540,0,173]; text="When a chess pawn reaches the farthest rank, it must promote to a queen, rook, bishop, or"	2
8176	block_3.after_attention_residual + block_3.after_mlp_residual	32	tokens=[2458,2117,2448,2137,82,61]; text="Table salt consists mainly of the" | tokens=[216,109,1444,119]; text="The Iliad" | tokens=[216,2636,836,2810]; text="The bassoon belongs"	32
8180	block_3.after_attention_residual + block_3.after_mlp_residual	2	tokens=[3650,1599,842,1,1746,113,61,318,1018,124,842,82,56,677,1174,82,2392,3377,3109,38,80]; text="Radioactive half-life is the time required for half of a large population of identical unstable nuclei to"	2
8182	block_3.after_attention_residual + block_3.after_mlp_residual	2	tokens=[3373,684,113,56,3251,82,2995,83]; text="Hamlet is a prince of Denmark in"	2
8183	block_3.after_attention_residual + block_3.after_mlp_residual	6	tokens=[6,888,4133,113,56,1266,3593,2485,121,212,2517,2211,56,2970,130]; text="A supernova is a powerful stellar explosion that can briefly rival a galaxy's" | tokens=[829,186,4379,111,2619,83,879,82,328,1221,212,1037,56,4210,3239,83,61,1221,130]; text="An exoplanet crossing in front of its star can cause a measurable dip in the star's" | tokens=[3471,1285,113,61,3954,1221,83,1268,130,743,1875,306,2297,192,1371,1720]; text="Sirius is the brightest star in Earth's night sky when viewed by apparent visual"	6
8185	block_3.after_attention_residual + block_3.after_mlp_residual	4	tokens=[3911,2441,3200,61,2387,80,3472,456,1045,182,130]; text="Howard Carter uncovered the entrance to Tutankhamun's" | tokens=[216,1299,2507,2603,1626,156,445,124,61]; text="The Terracotta Army was made for the"	4
8189	block_3.after_attention_residual + block_3.after_mlp_residual	2	tokens=[4357,2532,3177,665,3444,1036,61,3256,1170,82,1356]; text="Gabriel Garcia Marquez created the fictional town of Mac"	2
8190	block_3.after_attention_residual + block_3.after_mlp_residual	2	tokens=[26,134,4100,3097,3985,400,427,82,61,2671]; text="Virgil guides Dante through much of the Divine"	2
8192	block_3.after_attention_residual + block_3.after_mlp_residual	2	tokens=[2099,390,75,4249,1062,86,1099,701,139,3688]; text="Reflecting telescopes collect and focus light with curved"	2
8193	block_3.after_attention_residual + block_3.after_mlp_residual	2	tokens=[4427,3005,2109,3656,113,2185,445,196]; text="Traditional dried Italian pasta is commonly made from"	2
8194	block_3.after_attention_residual + block_3.after_mlp_residual	2	tokens=[3736,3457,43,2315,61,3585,178,918,4014,83]; text="Captain Nemo commands the submarine Nautilus in"	2
8196	block_3.after_attention_residual + block_3.after_mlp_residual	6	tokens=[2124,3930,56,3925,2913,328]; text="Transposing a melody shifts its" | tokens=[24,2461,1162,212,103,3000,80,541,2404]; text="Timpani can be tuned to different musical" | tokens=[829,3224,479,3878,2404]; text="An octave separates musical"	6
8197	block_3.after_attention_residual + block_3.after_mlp_residual	2	tokens=[3170,84,1339,584,392,927,3151]; text="Sand dunes form where wind deposits"	2
8198	block_3.after_attention_residual + block_3.after_mlp_residual	2	tokens=[8,1889,2006,414,170,1476,0,377,470,418]; text="Coral polyps are animals, even though many"	2
8199	block_3.after_attention_residual + block_3.after_mlp_residual	2	tokens=[2905,4447,3852,88,445,724,1800,145,4179,61,3291,82,165,1046,82]; text="Alexandre Dumas made Edmond Dantes the protagonist of The Count of"	2
8200	block_3.after_attention_residual + block_3.after_mlp_residual	2	tokens=[829,3181,3461,212,591]; text="An apostrophe can mark"	2
8203	block_3.after_attention_residual + block_3.after_mlp_residual	4	tokens=[6,1464,3768,1892,61,4411,82,61,2481,1328,540,82,56,732]; text="A negative exponent represents the reciprocal of the corresponding positive power of a non" | tokens=[9,716,75,1851,192,56,732]; text="Dividing zero by a non"	4
8204	block_3.after_attention_residual + block_3.after_mlp_residual	2	tokens=[796,58,1815,112,944,603,437,2518,1954]; text="Chinua Achebe set Things Fall"	2
8206	block_3.after_attention_residual + block_3.after_mlp_residual	4	tokens=[395,3257,3293,0,56,2318,113,56,1995,2135,121]; text="In cellular organisms, a gene is a DNA sequence that" | tokens=[18,1051,666,83,3667,130,2100,4274,905,701,86]; text="Methane in Neptune's atmosphere absorbs red light and"	4
8208	block_3.after_attention_residual + block_3.after_mlp_residual	2	tokens=[3463,124,61,1395,2636,113,2037,1157,77,3224,479,830,328]; text="Music for the double bass is normally written an octave above its"	2
8209	block_3.after_attention_residual + block_3.after_mlp_residual	2	tokens=[6,312,1443,652,113,445,192,2428,86,3511,1943]; text="A quilling design is made by rolling and shaping narrow"	2
8210	block_3.after_attention_residual + block_3.after_mlp_residual	4	tokens=[2798,61,2836,83,334,1843,506,0]; text="Among the planets in our solar system," | tokens=[216,617,3719,2459,1978,481,61,4063,82,2172,86]; text="The main asteroid belt lies between the orbits of Mars and"	4
8211	block_3.after_attention_residual + block_3.after_mlp_residual	2	tokens=[4195,3375,130,2857,1681,56]; text="Lewis Carroll's Alice follows a"	2
8213	block_3.after_attention_residual + block_3.after_mlp_residual	4	tokens=[216,1925,82,459,3469,113,2224,481,2977,86,4359,459]; text="The island of New Guinea is divided between Indonesia and Papua New" | tokens=[3079,198,113,3923,130,1145,0,114,61,2571,82]; text="Accra is Ghana's capital, on the Gulf of"	4
8214	block_3.after_attention_residual + block_3.after_mlp_residual	20	tokens=[1868,1286,4148,1634]; text="Frida Kahlo" | tokens=[216,109,258,329,3529,1528,372,82]; text="The Iberian Peninsula contains most of" | tokens=[216,3926,1899,1978,481,3805,268,86,1196,82,2057]; text="The Baltic Sea lies between Scandinavia and parts of northern"	20
8216	block_3.after_attention_residual + block_3.after_mlp_residual	2	tokens=[3911,2441,3200,61,2387,80]; text="Howard Carter uncovered the entrance to"	2
8219	block_3.after_attention_residual + block_3.after_mlp_residual	8	tokens=[3477,130,3274,86,1867,721,3898,584,61,3335,3553]; text="Earth's crust and uppermost mantle form the rigid lith" | tokens=[216,1989,1420,82,61,1303,113,638,61,1063]; text="The visible surface of the Sun is called the phot" | tokens=[3218,113,56,2727]; text="Water is a polar"	8
8220	block_3.after_attention_residual + block_3.after_mlp_residual	16	tokens=[6,1761,3423,1918]; text="A flywheel stores" | tokens=[3552,2496,2202,327]; text="Charlotte Bronte" | tokens=[575,78,260,1040]; text="Stalactites"	16
8222	block_3.after_attention_residual + block_3.after_mlp_residual	2	tokens=[216,869,163,742,567,958,56,1877,130,1830,2134,306,1033,86]; text="The Doppler effect changes a wave's observed frequency when source and"	2
8224	block_3.after_attention_residual + block_3.after_mlp_residual	2	tokens=[1935,3556,3631,83,4215,0,706,162,1628,0,86,636,80,4215,80]; text="Many salmon hatch in freshwater, grow at sea, and return to freshwater to"	2
8226	block_3.after_attention_residual + block_3.after_mlp_residual	4	tokens=[395,4440,233,70,3481,0,61,2469,3157,82,56]; text="In Euclidean geometry, the interior angles of a" | tokens=[1169,519,1621,82,77,679,2849]; text="All three sides of an equilateral"	4
8227	block_3.after_attention_residual + block_3.after_mlp_residual	36	tokens=[2876,39,3605]; text="Silkworm" | tokens=[2719,39,71,2588]; text="Angkor Wat" | tokens=[4257,2118,1892,1157,592,139,2016,82,1415]; text="Braille represents written information with patterns of raised"	36
8232	block_3.after_attention_residual + block_3.after_mlp_residual	2	tokens=[22,176,63,113,61,1145,82,3810,0,867,309,2487]; text="Rabat is the capital of Morocco, rather than Cas"	2
8233	block_3.after_attention_residual + block_3.after_mlp_residual	2	tokens=[3130,167,1004,61,356]; text="Augustus became the first"	2
8234	block_3.after_attention_residual + block_3.after_mlp_residual	2	tokens=[3192,1039,4266,212,103,1465,192]; text="Bronze sculptures can be produced by"	2
8235	block_3.after_attention_residual + block_3.after_mlp_residual	2	tokens=[2699,60,990,2828,351,1006,61,353,789,142,165]; text="Anton Chekhov wrote the play known as The"	2
8236	block_3.after_attention_residual + block_3.after_mlp_residual	2	tokens=[21,975,492,170,1153,196,2830,82]; text="Proteins are built from chains of"	2
8237	block_3.after_attention_residual + block_3.after_mlp_residual	2	tokens=[3218,2516,142,131,4311,83]; text="Water expanding as it freezes in"	2
8238	block_3.after_attention_residual + block_3.after_mlp_residual	2	tokens=[6,2182,169,212,490,1517]; text="A checksum can help detect"	2
8239	block_3.after_attention_residual + block_3.after_mlp_residual	28	tokens=[1756,704,3732,1528,366,3106]; text="Every water molecule contains two hydrogen" | tokens=[4243,298,3721,170,2670,80,4333,61,574,82]; text="Chemical equations are balanced to conserve the number of" | tokens=[3881,87,113]; text="Arabic is"	28
8240	block_3.after_attention_residual + block_3.after_mlp_residual	2	tokens=[7,1164,1105,2056,1943,46,61,1105,3017,83,56]; text="Binary search repeatedly narrows the search interval in a"	2
8241	block_3.after_attention_residual + block_3.after_mlp_residual	2	tokens=[1413,96,2779,212,2866,250,3842,80,1854]; text="Some lizards can shed their tails to escape"	2
8242	block_3.after_attention_residual + block_3.after_mlp_residual	2	tokens=[216,375,141,89,30,83,61,2139,483,1528]; text="The cochlea in the inner ear contains"	2
8243	block_3.after_attention_residual + block_3.after_mlp_residual	2	tokens=[3420,71,3638,1006,61,2969,2533,129,1715,1103,86,165,150,1185,785,82]; text="Victor Hugo wrote the novels Les Miserables and The Hunchback of"	2
8246	block_3.after_attention_residual + block_3.after_mlp_residual	4	tokens=[7,613,170,61,341]; text="Bats are the only" | tokens=[3325,2683,1435,56,2936,1650,121,212,911,1762,0,1725,0,86]; text="Brown bears eat a varied diet that can include plants, fish, and"	4
8249	block_3.after_attention_residual + block_3.after_mlp_residual	6	tokens=[395,56,1522,2210,0,61,1415,1109,82,56]; text="In a woodcut, the raised areas of a" | tokens=[216,1768,4025,495,34,245]; text="The ancient Nabataeans" | tokens=[216,1313,1,57,335,2809,82,4056,281,2372,270]; text="The rock-hewn churches of Lalibela were"	6
8250	block_3.after_attention_residual + block_3.after_mlp_residual	2	tokens=[216,3506,3866,3541,61,1943,109,4425,2831,82]; text="The Panama Canal crosses the narrow Isthmus of"	2
8251	block_3.after_attention_residual + block_3.after_mlp_residual	4	tokens=[3477,4157,61,935,3696,2684]; text="Earth occupies the third planetary orbit" | tokens=[216,1843,927,2432,3850,533,1556,2690]; text="The solar wind carries electrically charged particles"	4
8253	block_3.after_attention_residual + block_3.after_mlp_residual	4	tokens=[3998,3273,1228,56,2083,80,1158,3362,400]; text="Crochet uses a hook to draw yarn through" | tokens=[3597,980,3961,2308,196,467,4420]; text="Knitting constructs fabric from interlocking"	4
8254	block_3.after_attention_residual + block_3.after_mlp_residual	2	tokens=[3175,418,287,4138,194,257,442,0,104,336,885,1946,2866,250,1678,521]; text="Unlike many other gymnosperms, ginkgo trees shed their leaves each"	2
8255	block_3.after_attention_residual + block_3.after_mlp_residual	2	tokens=[6,312,1443,652,113,445,192,2428,86]; text="A quilling design is made by rolling and"	2
8256	block_3.after_attention_residual + block_3.after_mlp_residual	4	tokens=[216,1312,4337,3753,162,181]; text="The Great Sphinx at G" | tokens=[216,1312,4228,162,181]; text="The Great Pyramid at G"	4
8258	block_3.after_attention_residual + block_3.after_mlp_residual	2	tokens=[1567,1843,506,2810,80,61,3522]; text="Our solar system belongs to the barred"	2
8259	block_3.after_attention_residual + block_3.after_mlp_residual	2	tokens=[216,4261,118,88,1449,61,3892]; text="The Himalayas separate the Tibetan"	2
8262	block_3.after_attention_residual + block_3.after_mlp_residual	2	tokens=[4198,2166,2686,490,1482,704,130]; text="Hydrogen bonds help explain water's"	2
8263	block_3.after_attention_residual + block_3.after_mlp_residual	12	tokens=[829,4258,234,1228]; text="An ostrich uses" | tokens=[4042,325,513,1309,1196,465,2193]; text="Bearings support moving parts while reducing" | tokens=[829,3640,4,889]; text="An IPv6 address"	12
8264	block_3.after_attention_residual + block_3.after_mlp_residual	2	tokens=[8,193,795,128,3520,3057,142,2744,170,2009,2651,128]; text="Celery stalks eaten as vegetables are primarily leaf st"	2
8265	block_3.after_attention_residual + block_3.after_mlp_residual	2	tokens=[1712,371,281,670,911,4088,0,80,1675,0,1265,116,4332,0,86]; text="Amphibians include frogs, toads, salamanders, and"	2
8266	block_3.after_attention_residual + block_3.after_mlp_residual	2	tokens=[1567,1843,506,2810,80,61]; text="Our solar system belongs to the"	2
8268	block_3.after_attention_residual + block_3.after_mlp_residual	2	tokens=[2124,3930,56,3925,2913,328,3452,465]; text="Transposing a melody shifts its pitches while"	2
8269	block_3.after_attention_residual + block_3.after_mlp_residual	2	tokens=[2876,39,3605,3333,3705,450,1426]; text="Silkworm caterpillars produce"	2
8270	block_3.after_attention_residual + block_3.after_mlp_residual	4	tokens=[6,594,2549,1918,592,573,2775,2016,114]; text="A hard disk stores information using magnetic patterns on" | tokens=[4385,1,1585,2361,197,322]; text="Solid-state drives have no"	4
8271	block_3.after_attention_residual + block_3.after_mlp_residual	4	tokens=[4287,4470,1287,56,1953,2288,162,61,1676,82,2553,83,418]; text="Cartilage provides a smooth covering at the ends of bones in many" | tokens=[17,123,2625,490,737,2553,813,162,418]; text="Ligaments help hold bones together at many"	4
8272	block_3.after_attention_residual + block_3.after_mlp_residual	2	tokens=[2898,1678,170,460,80,2296]; text="Bay leaves are used to flavor"	2
8273	block_3.after_attention_residual + block_3.after_mlp_residual	6	tokens=[796,4227,314,1440,113,56,3646,3854,979,114,61,283,558,4159]; text="Chichen Itza is a Maya archaeological site on the Yucatan" | tokens=[216,4225,82,1424,4289,3878,61,1424,118]; text="The Strait of Malacca separates the Malay" | tokens=[3169,1747,113,61,1145,739,82,2162,0,114,61,109,258,329]; text="Madrid is the capital city of Spain, on the Iberian"	6
8278	block_3.after_attention_residual + block_3.after_mlp_residual	2	tokens=[6,1374,820,3354,56,1692]; text="A primary key identifies a row"	2
8280	block_3.after_attention_residual + block_3.after_mlp_residual	2	tokens=[216,1480,1527,1718,2934,326,61,807]; text="The Volga River flows into the land"	2
8281	block_3.after_attention_residual + block_3.after_mlp_residual	2	tokens=[395,480,1,3195,755,2504,0,4222,82,3393,212,103]; text="In hand-built pottery, coils of clay can be"	2
8283	block_3.after_attention_residual + block_3.after_mlp_residual	12	tokens=[6,3664,4182,2037]; text="A bean embryo normally" | tokens=[3222,49,1934,145,1974,130,165,2279,2706,82,2772,1207]; text="Salvador Dali's The Persistence of Memory includes" | tokens=[3612,1104,4372,2681]; text="Michelangelo painted"	12
8284	block_3.after_attention_residual + block_3.after_mlp_residual	2	tokens=[891,56,3253,3811,2584,61,2887,1253,1396,0,131,577,2044,80,56,3010,0,2454,0]; text="When a chess pawn reaches the farthest rank, it must promote to a queen, rook,"	2
8285	block_3.after_attention_residual + block_3.after_mlp_residual	2	tokens=[1097,77,679,58,529,0,61,1303]; text="At an equinox, the Sun"	2
8286	block_3.after_attention_residual + block_3.after_mlp_residual	2	tokens=[3322,70,533,0,56]; text="Botanically, a"	2
8287	block_3.after_attention_residual + block_3.after_mlp_residual	2	tokens=[3910,885,3083,486,3444,1111,217,436,4009,83,2357,1748]; text="Diego Velazquez included his own likeness in Las Men"	2
8288	block_3.after_attention_residual + block_3.after_mlp_residual	2	tokens=[829,2856,1936,113,56,4246,2342,121,212,1262,86,3419]; text="An aquifer is a geological formation that can store and transmit"	2
8289	block_3.after_attention_residual + block_3.after_mlp_residual	2	tokens=[216,1768,739,82,707,108,4423,4472,1794]; text="The ancient city of Teotihuacan stands"	2
8291	block_3.after_attention_residual + block_3.after_mlp_residual	2	tokens=[216,2347,2896,2084,2432,1224,488]; text="The Rosetta Stone carries related ins"	2
8292	block_3.after_attention_residual + block_3.after_mlp_residual	2	tokens=[4198,2166,2686,490,1482,704,130,3518,485]; text="Hydrogen bonds help explain water's unusually high"	2
8294	block_3.after_attention_residual + block_3.after_mlp_residual	8	tokens=[6,1160,3253,1226,219,3569,1,2801]; text="A standard chessboard has sixty-four" | tokens=[1593,801,583,2864,114,4251,867,309,1008,61,1132,130]; text="Go players place stones on intersections rather than inside the board's" | tokens=[395,3253,0,56,3540,2846,114]; text="In chess, a bishop stays on"	8
8297	block_3.after_attention_residual + block_3.after_mlp_residual	2	tokens=[3477,130,3274,86,1867,721,3898,584,61,3335]; text="Earth's crust and uppermost mantle form the rigid"	2
8298	block_3.after_attention_residual + block_3.after_mlp_residual	2	tokens=[13,297,3777,706,83,3160,2573,2879,142,888]; text="Hailstones grow in thunderstorm clouds as super"	2
8303	block_3.after_attention_residual + block_3.after_mlp_residual	2	tokens=[2905,4447,3852,88,445,724,1800,145,4179,61,3291,82,165,1046,82,3455]; text="Alexandre Dumas made Edmond Dantes the protagonist of The Count of Monte"	2
8304	block_3.after_attention_residual + block_3.after_mlp_residual	2	tokens=[8,34,187,113,56]; text="Ceres is a"	2
8305	block_3.after_attention_residual + block_3.after_mlp_residual	2	tokens=[3597,386,194,114,1713,327,113,1319,139,61,771]; text="Knossos on Crete is associated with the Min"	2
8307	block_3.after_attention_residual + block_3.after_mlp_residual	2	tokens=[25,1799,411,185,928,2232,121]; text="UDP does not itself guarantee that"	2
8311	block_3.after_attention_residual + block_3.after_mlp_residual	2	tokens=[216,704,1125,2191,61,1867,1420,82,61]; text="The water table marks the upper surface of the"	2
8312	block_3.after_attention_residual + block_3.after_mlp_residual	2	tokens=[216,1655,1899,3786,911,1768,2225,82]; text="The Dead Sea Scrolls include ancient copies of"	2
8313	block_3.after_attention_residual + block_3.after_mlp_residual	2	tokens=[6,1160,3253,1226,219]; text="A standard chessboard has"	2
8314	block_3.after_attention_residual + block_3.after_mlp_residual	2	tokens=[6,3058,4273,2653,1520,1411,192,2935,152,2474,86]; text="A vacuum flask reduces heat transfer by limiting conduction and"	2
8316	block_3.after_attention_residual + block_3.after_mlp_residual	2	tokens=[3872,2102,4452,212,856,83,4215,2888,86]; text="Rainbow trout can live in freshwater streams and"	2
8317	block_3.after_attention_residual + block_3.after_mlp_residual	4	tokens=[3789,1029,522,549,306,704,3284,3151,1399,1492]; text="Snowflakes develop when water vapor deposits onto ice" | tokens=[3201,46,1217,82,1921,2098,1134,4384,0,1492]; text="Clouds consist of tiny liquid droplets, ice"	4
8319	block_3.after_attention_residual + block_3.after_mlp_residual	2	tokens=[829,2320,113,864,2620,196,56,1420,368,1298,56]; text="An echo is sound reflected from a surface back toward a"	2
8320	block_3.after_attention_residual + block_3.after_mlp_residual	2	tokens=[3389,169,1317,4052,370,911]; text="Illuminated manuscripts may include"	2
8323	block_3.after_attention_residual + block_3.after_mlp_residual	2	tokens=[3508,1210,170,185,77]; text="Chinese characters are not an"	2
8324	block_3.after_attention_residual + block_3.after_mlp_residual	2	tokens=[6,953,864,2134,1367]; text="A higher sound frequency generally"	2
8326	block_3.after_attention_residual + block_3.after_mlp_residual	2	tokens=[6,4394,2987,987,481]; text="A transformer transfers energy between"	2
8327	block_3.after_attention_residual + block_3.after_mlp_residual	2	tokens=[6,4242,1754,368,86,1749,1008,56]; text="A piston moves back and forth inside a"	2
8329	block_3.after_attention_residual + block_3.after_mlp_residual	2	tokens=[3736,3457,43,2315,61]; text="Captain Nemo commands the"	2
8330	block_3.after_attention_residual + block_3.after_mlp_residual	2	tokens=[18,2055,197,1149,3016,3018,80]; text="Molars have broad surfaces suited to"	2
8331	block_3.after_attention_residual + block_3.after_mlp_residual	2	tokens=[216,2884,988,58,71,86,4110,352,2973,1302,700,83]; text="The sisters Elinor and Marianne Dashwood appear in"	2
8332	block_3.after_attention_residual + block_3.after_mlp_residual	4	tokens=[3233,177,3599,2322,1217,82,3143]; text="Electromagnetic waves consist of coupled" | tokens=[1540,60,289,212,1426,677]; text="Resonance can produce large"	4
8333	block_3.after_attention_residual + block_3.after_mlp_residual	2	tokens=[3806,56,921,3268,2466,1503,4086,0,521,139,1562,86,1615]; text="Breaking a bar magnet produces smaller magnets, each with north and south"	2
8334	block_3.after_attention_residual + block_3.after_mlp_residual	2	tokens=[6,1220,4142,1590,61,462,142,545,674,224,212,2702,83,1247,173]; text="A homophone sounds the same as another word but can differ in meaning or"	2
8336	block_3.after_attention_residual + block_3.after_mlp_residual	2	tokens=[21,169,243,1528,418,1249]; text="Pumice contains many gas"	2
8337	block_3.after_attention_residual + block_3.after_mlp_residual	4	tokens=[6,888,4133,113,56,1266]; text="A supernova is a powerful" | tokens=[2591,2929,2287,170,2941]; text="White dwarfs are dense"	4
8339	block_3.after_attention_residual + block_3.after_mlp_residual	2	tokens=[216,1848,1885,82,366,113]; text="The square root of two is"	2
8344	block_3.after_attention_residual + block_3.after_mlp_residual	2	tokens=[21,242,1946,197,1943,1678,2185,1209,142]; text="Pine trees have narrow leaves commonly described as"	2
8345	block_3.after_attention_residual + block_3.after_mlp_residual	2	tokens=[216,1768,739,82,4450,239,1780,649,804,1,396]; text="The ancient city of Carthage stood near present-day"	2
8346	block_3.after_attention_residual + block_3.after_mlp_residual	4	tokens=[216,739,741,638,4368,113,382,789,142]; text="The city once called Constantinople is now known as" | tokens=[216,3380,268,4184,83]; text="The Hagia Sophia in"	4
8348	block_3.after_attention_residual + block_3.after_mlp_residual	2	tokens=[216,1596,508,56,2006,2816,113,328]; text="The distance around a polygon is its"	2
8352	block_3.after_attention_residual + block_3.after_mlp_residual	2	tokens=[21,352,3024,1523,379]; text="Pneumatic tools use"	2
8354	block_3.after_attention_residual + block_3.after_mlp_residual	2	tokens=[216,2275,82,56,223,4343,2869,113,80]; text="The objective of a jigsaw puzzle is to"	2
8362	block_3.after_attention_residual + block_3.after_mlp_residual	6	tokens=[3837,4361,1119,649,324,86,599,3859,0,306,1843,86]; text="Spring tides occur near new and full moons, when solar and" | tokens=[3884,1102,113,3243,2620,196,61]; text="Moonlight is sunlight reflected from the" | tokens=[2108,241,4361,1119,649,61,356,86,935,2736,82,61]; text="Neap tides occur near the first and third quarters of the"	6
8364	block_3.after_attention_residual + block_3.after_mlp_residual	2	tokens=[17,333,1730,170,3274,274,245,139,1823,74,3409,86,1938]; text="Lobsters are crustaceans with jointed limbs and external"	2
8365	block_3.after_attention_residual + block_3.after_mlp_residual	2	tokens=[216,2019,4036,739,82,2263,1617,47,68,2303,1780,114,77,1925,83,1785,1232,32]; text="The Aztec city of Tenochtitlan stood on an island in Lake Texc"	2
8367	block_3.after_attention_residual + block_3.after_mlp_residual	2	tokens=[3046,116,92,4069,1337,4424,2550,460,142,56]; text="Cardamom pods contain aromatic seeds used as a"	2
8368	block_3.after_attention_residual + block_3.after_mlp_residual	4	tokens=[3819,3883,3864,1036,61,3256,3332]; text="Arthur Conan Doyle created the fictional detective" | tokens=[4094,2863,1855,340,418,82,61]; text="Doctor Watson narrates many of the"	4
8370	block_3.after_attention_residual + block_3.after_mlp_residual	4	tokens=[216,1213,30,2090,130,1145,156,122,167,504,0,83,804,1,396]; text="The Inca Empire's capital was Cusco, in present-day" | tokens=[216,2646,1896,3657,584,677,2324,114,61,2376,1420,83]; text="The Nazca Lines form large designs on the desert surface in"	4
8372	block_3.after_attention_residual + block_3.after_mlp_residual	28	tokens=[3613,166,469]; text="Male seah" | tokens=[2099,461,75]; text="Refracting" | tokens=[669,391,56]; text="Heating a"	28
8374	block_3.after_attention_residual + block_3.after_mlp_residual	2	tokens=[527,1028,467,40,858,366,1670,82,2807,0,2185,638]; text="Weaving interlaces two sets of threads, commonly called"	2
8375	block_3.after_attention_residual + block_3.after_mlp_residual	2	tokens=[10,3751,3566,1284,250]; text="Echidnas feed their"	2
8376	block_3.after_attention_residual + block_3.after_mlp_residual	2	tokens=[4434,2202,327,130,153,2654,75,3300,1115,61,853]; text="Emily Bronte's Wuthering Heights features the character"	2
8377	block_3.after_attention_residual + block_3.after_mlp_residual	6	tokens=[17,1959,252,2589,113,2164,83,1015,193,88,83,61]; text="Luminous intensity is measured in candelas in the" | tokens=[216,430,1880,58,113,61]; text="The kelvin is the" | tokens=[4304,645,219,61,355,199,59,142,328]; text="Electric current has the ampere as its"	6
8378	block_3.after_attention_residual + block_3.after_mlp_residual	4	tokens=[3217,1663,4143,130,3285,1640,1207,61]; text="Robert Louis Stevenson's Treasure Island includes the" | tokens=[4175,2934,4089,196]; text="Heat flows spontaneously from"	4
8380	block_3.after_attention_residual + block_3.after_mlp_residual	2	tokens=[22,281,194,992,3610,2926,776,80,2047,1600,192,3863]; text="Ribosomes assemble proteins according to instructions carried by messenger"	2
8383	block_3.after_attention_residual + block_3.after_mlp_residual	2	tokens=[4144,61,1312,156,56,1706,82,1768]; text="Alexander the Great was a king of ancient"	2
8385	block_3.after_attention_residual + block_3.after_mlp_residual	6	tokens=[216,4272,246,1718,2584,61,1628,400,56]; text="The Mekong River reaches the sea through a" | tokens=[216,181,1784,86,4046,2198,3988,3150,1284,56,677]; text="The Ganges and Brahmaputra rivers feed a large" | tokens=[216,1744,1175,3523,203,326,61,1001,1899,400,56,677]; text="The Danube empties into the Black Sea through a large"	6
8386	block_3.after_attention_residual + block_3.after_mlp_residual	2	tokens=[216,870,399,60,1794,114,61,1338]; text="The Parthenon stands on the Ac"	2
8389	block_3.after_attention_residual + block_3.after_mlp_residual	2	tokens=[6,1160,1264,3215,2409,219,4090,1]; text="A standard modern piano keyboard has eighty-"	2
8390	block_3.after_attention_residual + block_3.after_mlp_residual	4	tokens=[24,526,78,156,56,712]; text="Tikal was a major" | tokens=[796,4227,314,1440,113,56]; text="Chichen Itza is a"	4
8393	block_3.after_attention_residual + block_3.after_mlp_residual	2	tokens=[216,4225,82,1424,4289,3878,61,1424,118,3529,196,1559]; text="The Strait of Malacca separates the Malay Peninsula from Sum"	2
8395	block_3.after_attention_residual + block_3.after_mlp_residual	2	tokens=[2617,4162,1701,584,61,1318,789,142]; text="Three conspicuous stars form the pattern known as"	2
8396	block_3.after_attention_residual + block_3.after_mlp_residual	4	tokens=[19,1340,3408,83,61,1303,130,1489]; text="Nuclear fusion in the Sun's core" | tokens=[6,1063,351,1736,3168,1023]; text="A photovoltaic cell"	4
8397	block_3.after_attention_residual + block_3.after_mlp_residual	14	tokens=[8,108,52,468]; text="Cotyled" | tokens=[8,657,206,1071]; text="Carnivores" | tokens=[8,125,1648,1946]; text="Cacao trees"	14
8402	block_3.after_attention_residual + block_3.after_mlp_residual	38	tokens=[24,1457,4045,1337,3085,1493,121,1114,80,2954]; text="Taste buds contain receptor cells that respond to substances" | tokens=[796,228,89,338]; text="Chameleons" | tokens=[6,1425,565,1228]; text="A spirit level uses"	38
8403	block_3.after_attention_residual + block_3.after_mlp_residual	2	tokens=[4265,1333,1210,2604,250,1014,841,1]; text="ASCII characters retain their original single-"	2
8404	block_3.after_attention_residual + block_3.after_mlp_residual	2	tokens=[216,2541,3647,854,156,1231,192,3340,1932,205,552,1964]; text="The Sydney Opera House was designed by Danish architect Jorn Ut"	2
8406	block_3.after_attention_residual + block_3.after_mlp_residual	2	tokens=[6,3333,4238,113,61]; text="A caterpillar is the"	2
8409	block_3.after_attention_residual + block_3.after_mlp_residual	4	tokens=[2473,161,2185,1566]; text="Slate commonly forms" | tokens=[6,2883,113,56,653,83,77]; text="A mutation is a change in an"	4
8412	block_3.after_attention_residual + block_3.after_mlp_residual	2	tokens=[4000,4294,1233,83,61,1432,82]; text="Mount Fuji appears in the background of"	2
8415	block_3.after_attention_residual + block_3.after_mlp_residual	2	tokens=[2648,1572,1984,1244,2192]; text="Acetic acid gives ordinary"	2
8417	block_3.after_attention_residual + block_3.after_mlp_residual	2	tokens=[11,4021,212,1449,77,4015]; text="Filtration can separate an insol"	2
8418	block_3.after_attention_residual + block_3.after_mlp_residual	2	tokens=[7,284,212,103,2158,86,3076,83,61,2077,951]; text="Bile can be stored and concentrated in the gallbl"	2
8420	block_3.after_attention_residual + block_3.after_mlp_residual	2	tokens=[784,621,3676,162,1734,2722,0,56,1065,4302,2811]; text="For small swings at fixed gravity, a simple pendulum"	2
8421	block_3.after_attention_residual + block_3.after_mlp_residual	2	tokens=[21,1693,450,170,3526,4463,1701,1113]; text="Pulsars are rotating neutron stars whose"	2
8422	block_3.after_attention_residual + block_3.after_mlp_residual	6	tokens=[2876,39,3605,3333,3705,450,1426,3525]; text="Silkworm caterpillars produce silk" | tokens=[4275,113,2185,445,196,56,2304,82,467,50,2974,1461]; text="Paper is commonly made from a sheet of interwoven plant" | tokens=[3479,2674,2614,61,2756,82]; text="Wood grain reflects the arrangement of"	6
8423	block_3.after_attention_residual + block_3.after_mlp_residual	2	tokens=[2889,241,1907,212,1245,56,2098,192,2440,1614]; text="Evaporation can cool a liquid by removing relatively"	2
8426	block_3.after_attention_residual + block_3.after_mlp_residual	2	tokens=[2099,2064,212,3227,56,701]; text="Refraction can bend a light"	2
8427	block_3.after_attention_residual + block_3.after_mlp_residual	2	tokens=[2386,697,3415,212,103,3727,507,251,86,3005,80,1426]; text="Barley grains can be germinated and dried to produce"	2
8430	block_3.after_attention_residual + block_3.after_mlp_residual	4	tokens=[3690,260,502,2163,1108,427,82,3401,130,1768]; text="Impact craters cover much of Mercury's ancient" | tokens=[6,3888,130,3825,1528,2662,1683,2034,139,2212,86]; text="A comet's nucleus contains frozen materials mixed with dust and"	4
8432	block_3.after_attention_residual + block_3.after_mlp_residual	2	tokens=[2099,390,75,4249,1062,86,1099,701,139]; text="Reflecting telescopes collect and focus light with"	2
8433	block_3.after_attention_residual + block_3.after_mlp_residual	2	tokens=[216,4018,317,82,77]; text="The edible part of an"	2
8436	block_3.after_attention_residual + block_3.after_mlp_residual	2	tokens=[15,1666,80,61,1024,1115,61]; text="Journey to the West features the"	2
8438	block_3.after_attention_residual + block_3.after_mlp_residual	2	tokens=[16,378,3442,48,113,61,1145,739,82]; text="Kathmandu is the capital city of"	2
8439	block_3.after_attention_residual + block_3.after_mlp_residual	2	tokens=[6,1387,113,56,817,121,2189,139,61,1740,2134,83,56]; text="A mode is a value that occurs with the greatest frequency in a"	2
8442	block_3.after_attention_residual + block_3.after_mlp_residual	2	tokens=[395,2404,3941,0,67,187,2939,43,729,80,723,2539]; text="In musical notation, crescendo means to become gradually"	2
8445	block_3.after_attention_residual + block_3.after_mlp_residual	2	tokens=[1442,2791,2191,212,2940,2456,1345,196,1975]; text="Quotation marks can distinguish quoted speech from surrounding"	2
8446	block_3.after_attention_residual + block_3.after_mlp_residual	4	tokens=[23,74,4161,2624,714,584,306]; text="Sedimentary rocks often form when" | tokens=[4255,686,47,88,549,392]; text="River deltas develop where"	4
8447	block_3.after_attention_residual + block_3.after_mlp_residual	2	tokens=[3684,74,4387,170,445,192,1078,1279,86]; text="Rolled oats are made by steaming and"	2
8450	block_3.after_attention_residual + block_3.after_mlp_residual	4	tokens=[6,1381,113,61,462,1757,142,56]; text="A liter is the same volume as a" | tokens=[1159,1324,135,1019,4157,61,462,1757,142,261]; text="One milliliter occupies the same volume as one"	4
8451	block_3.after_attention_residual + block_3.after_mlp_residual	2	tokens=[1097,1571,86,3327,30,270,2789,739,1]; text="Athens and Sparta were influential city-"	2
8452	block_3.after_attention_residual + block_3.after_mlp_residual	14	tokens=[216,375,141,89]; text="The cochle" | tokens=[216,2054,3781,638]; text="The stone monuments called" | tokens=[216,1957,1343,715]; text="The typical adult human"	14
8453	block_3.after_attention_residual + block_3.after_mlp_residual	2	tokens=[216,1957,1343,715,3156,1528]; text="The typical adult human skeleton contains"	2
8454	block_3.after_attention_residual + block_3.after_mlp_residual	2	tokens=[1935,3714,72,170,445,192]; text="Many cheeses are made by"	2
8459	block_3.after_attention_residual + block_3.after_mlp_residual	2	tokens=[527,127,75,2917,1683,192,2823,56,1797,162,250]; text="Welding joins materials by forming a bond at their"	2
8460	block_3.after_attention_residual + block_3.after_mlp_residual	2	tokens=[3175,3468,1354,0,732,2389,2627,1764]; text="Unlike volatile memory, nonvolatile storage"	2
8462	block_3.after_attention_residual + block_3.after_mlp_residual	2	tokens=[10,1254,83,61,462]; text="Elements in the same"	2
8463	block_3.after_attention_residual + block_3.after_mlp_residual	2	tokens=[8,34,187,113,56,3560,1635,1573,83,61,617]; text="Ceres is a dwarf planet located in the main"	2
8468	block_3.after_attention_residual + block_3.after_mlp_residual	2	tokens=[1868,1286,4148,1634,1879,460,859,1,315]; text="Frida Kahlo frequently used self-port"	2
8471	block_3.after_attention_residual + block_3.after_mlp_residual	2	tokens=[2386,697,3415,212,103]; text="Barley grains can be"	2
8475	block_3.after_attention_residual + block_3.after_mlp_residual	2	tokens=[3557,113,2164,83,2425,83,61,1342,1434,82]; text="Length is measured in meters in the International System of"	2
8476	block_3.after_attention_residual + block_3.after_mlp_residual	2	tokens=[829,3432,113,77,3429,173]; text="An ion is an atom or"	2
8477	block_3.after_attention_residual + block_3.after_mlp_residual	2	tokens=[3697,155,486,332,1534,1321,83,61,1690,2168,82,782,4166,86,782]; text="Scheherazade tells stories in the frame narrative of One Thousand and One"	2
8478	block_3.after_attention_residual + block_3.after_mlp_residual	2	tokens=[3844,82,61,914,2949,4325,61]; text="Dream of the Red Chamber portrays the"	2
8479	block_3.after_attention_residual + block_3.after_mlp_residual	2	tokens=[4059,329,2114,113,789,124,328,792,2147,86]; text="Durian fruit is known for its strong smell and"	2
8481	block_3.after_attention_residual + block_3.after_mlp_residual	4	tokens=[13,503,332,32,1418,3941,219]; text="Hexadecimal notation has" | tokens=[2446,734,1763,56,1160,3253,466,139]; text="Each side begins a standard chess game with"	4
8483	block_3.after_attention_residual + block_3.after_mlp_residual	4	tokens=[12,3052,1849,1701,0,1249,0,2212,0,86,1167,915,813,83]; text="Gravity holds stars, gas, dust, and dark matter together in" | tokens=[216,1939,82,908,3517,61,4344,82,701,2489,481,2659]; text="The expansion of space stretches the wavelengths of light traveling between distant"	4
8484	block_3.after_attention_residual + block_3.after_mlp_residual	2	tokens=[216,2806,2466,73,284,0,267,1629,61,746,2979]; text="The liver produces bile, which helps the body digest"	2
8486	block_3.after_attention_residual + block_3.after_mlp_residual	2	tokens=[13,1824,126,3132,2195]; text="Hammurabi ruled"	2
8487	block_3.after_attention_residual + block_3.after_mlp_residual	2	tokens=[3616,4393,113,61,1263,82,2403,435,120,167,83,61]; text="Penelope is the wife of Odysseus in the"	2
8488	block_3.after_attention_residual + block_3.after_mlp_residual	2	tokens=[3879,101,585,52,2529,340,2308,139]; text="Embroidery decorates fabric with"	2
8489	block_3.after_attention_residual + block_3.after_mlp_residual	2	tokens=[1116,4455,1493,485,83,61,4211,3885,1517,3920]; text="Receptor cells high in the nasal cavity detect airborne"	2
8490	block_3.after_attention_residual + block_3.after_mlp_residual	14	tokens=[3217,1663,4143,130]; text="Robert Louis Stevenson's" | tokens=[6,1374,820,3354]; text="A primary key identifies" | tokens=[4434,2202,327,130]; text="Emily Bronte's"	14
8491	block_3.after_attention_residual + block_3.after_mlp_residual	2	tokens=[216,2483,52,2976,82,77,3400]; text="The fleshy scales of an onion"	2
8494	block_3.after_attention_residual + block_3.after_mlp_residual	2	tokens=[2048,1989,701,219,56,942]; text="Red visible light has a longer"	2
8495	block_3.after_attention_residual + block_3.after_mlp_residual	2	tokens=[216,3035,1461,113,56,2793,173]; text="The vanilla plant is a climbing or"	2
8496	block_3.after_attention_residual + block_3.after_mlp_residual	2	tokens=[216,1861,82,56,1163]; text="The faces of a regular"	2
8499	block_3.after_attention_residual + block_3.after_mlp_residual	4	tokens=[3780,2064,1235,2322,80,1357,508,3103,86,400]; text="Diffraction allows waves to spread around obstacles and through" | tokens=[6,4334,1073,2105,362,56,652,192,1561,993,80,550,400,1771]; text="A stencil reproduces a design by allowing material to pass through selected"	4
8500	block_3.after_attention_residual + block_3.after_mlp_residual	2	tokens=[18,2055,197,1149,3016,3018,80,3586,86]; text="Molars have broad surfaces suited to crushing and"	2
8501	block_3.after_attention_residual + block_3.after_mlp_residual	2	tokens=[9,3001,577,1420,80,3142,695,400,250,1846]; text="Dolphins must surface to breathe air through their blow"	2
8504	block_3.after_attention_residual + block_3.after_mlp_residual	2	tokens=[15,554,562,72,3297,1375,56,622,265,1]; text="Johannes Gutenberg developed a movable-"	2
8505	block_3.after_attention_residual + block_3.after_mlp_residual	2	tokens=[6,4394,2987,987,481,3582,192,3860]; text="A transformer transfers energy between circuits by electromagnetic"	2
8506	block_3.after_attention_residual + block_3.after_mlp_residual	2	tokens=[4404,951,2061,2899,4232,1625,192]; text="Glassblowing shapes softened glass by"	2
8508	block_3.after_attention_residual + block_3.after_mlp_residual	4	tokens=[216,1477,34,1061,3038,174,278]; text="The Bayeux Tapestry" | tokens=[15,554,562,72,1468,593,62,130,1991,139,56,3172,1087,759]; text="Johannes Vermeer's Girl with a Pearl Earring"	4
8509	block_3.after_attention_residual + block_3.after_mlp_residual	2	tokens=[7,471,66,3564,2770,839,196,704,139,2709,83,250]; text="Baleen whales strain food from water with plates in their"	2
8518	block_3.after_attention_residual + block_3.after_mlp_residual	2	tokens=[216,1283,4400,236,30,2220,460]; text="The Antikythera mechanism used"	2
8519	block_3.after_attention_residual + block_3.after_mlp_residual	2	tokens=[3532,536,192,1851,113]; text="Division by zero is"	2
8520	block_3.after_attention_residual + block_3.after_mlp_residual	12	tokens=[6,2145,3429,1528,61,462,574,82]; text="A neutral atom contains the same number of" | tokens=[216,2567,1376,82]; text="The outer skin of" | tokens=[4121,3571,2218,61,1106,82]; text="Oxidation involves the loss of"	10
8522	block_3.after_attention_residual + block_3.after_mlp_residual	2	tokens=[216,463,1045,2966,113,56,3314,86]; text="The Alhambra is a palace and"	2
8523	block_3.after_attention_residual + block_3.after_mlp_residual	2	tokens=[8,2580,158,1090,1664,80,61]; text="Crocodiles belong to the"	2
8525	block_3.after_attention_residual + block_3.after_mlp_residual	4	tokens=[3629,198,113,77,1768,739,139,1313,1,2210]; text="Petra is an ancient city with rock-cut" | tokens=[216,1940,1704,3851,911,3336,0,2989,0,86,205,172]; text="The Ellora caves include Buddhist, Hindu, and Jain"	4
8526	block_3.after_attention_residual + block_3.after_mlp_residual	2	tokens=[796,58,1815,112,944,603,437,2518,1954,3460,779]; text="Chinua Achebe set Things Fall Apart among"	2
8528	block_3.after_attention_residual + block_3.after_mlp_residual	4	tokens=[3175,3468,1354,0]; text="Unlike volatile memory," | tokens=[3967,399,220,113,56,4323,3110,114,1508,4408]; text="Stonehenge is a prehistoric monument on Salisbury"	4
8529	block_3.after_attention_residual + block_3.after_mlp_residual	4	tokens=[3865,3258,113,3876,1625,1928,192,2200,2881]; text="Obsidian is volcanic glass formed by rapidly cooling" | tokens=[1996,4303,1313,2584,61,1420,0,131,113,638]; text="Once molten rock reaches the surface, it is called"	4
8534	block_3.after_attention_residual + block_3.after_mlp_residual	2	tokens=[6,4444,2917,366,2900,82,467,4420,1507,139,56,1309]; text="A zipper joins two rows of interlocking elements with a moving"	2
8536	block_3.after_attention_residual + block_3.after_mlp_residual	2	tokens=[575,78,260,1040,2103,196,2509,4354,0,465]; text="Stalactites hang from cave ceilings, while"	2
8537	block_3.after_attention_residual + block_3.after_mlp_residual	4	tokens=[216,3437,59,88,2350,3977]; text="The pancreas releases digestive" | tokens=[216,2494,3939,839,139,1984,86,3977]; text="The stomach mixes food with acid and digestive"	4
8539	block_3.after_attention_residual + block_3.after_mlp_residual	2	tokens=[216,1477,34,1061,3038,174,278,3764,1107,1975,61,3245]; text="The Bayeux Tapestry depicts events surrounding the Norman"	2
8542	block_3.after_attention_residual + block_3.after_mlp_residual	2	tokens=[4123,1,4151,504,69]; text="Jean-Francois"	2
8543	block_3.after_attention_residual + block_3.after_mlp_residual	4	tokens=[1834,3783,3075,2827,1909,573,1506,1]; text="HTTPS protects HTTP communication using transport-" | tokens=[4207,113,77,1239,1]; text="HTTP is an application-"	4
8545	block_3.after_attention_residual + block_3.after_mlp_residual	4	tokens=[6,1027,411,2602,331,306,131,219,56,2007,775,77,865,130]; text="A force does mechanical work when it has a component along an object's" | tokens=[24,3216,116,69,212,571,196,1499]; text="Tsunamis can result from sudden"	4
8549	block_3.after_attention_residual + block_3.after_mlp_residual	2	tokens=[216,3926,1899,1978,481]; text="The Baltic Sea lies between"	2
8552	block_3.after_attention_residual + block_3.after_mlp_residual	2	tokens=[3966,3897,363,113,1367]; text="Cold seawater is generally"	2
8554	block_3.after_attention_residual + block_3.after_mlp_residual	2	tokens=[22,176,63,113,61,1145,82]; text="Rabat is the capital of"	2
8556	block_3.after_attention_residual + block_3.after_mlp_residual	2	tokens=[4123,1,4151,504,69,3798,342,91,1385,4269,2774,2726,3978,371,46,83,61]; text="Jean-Francois Champollion helped decipher Egyptian hieroglyphs in the"	2
8557	block_3.after_attention_residual + block_3.after_mlp_residual	2	tokens=[2399,3890,130,1145,739,113]; text="Sweden's capital city is"	2
8559	block_3.after_attention_residual + block_3.after_mlp_residual	4	tokens=[24,3216,116,69,212,571,196,1499,3801,82,3897,363,192,369,2159]; text="Tsunamis can result from sudden displacement of seawater by undersea" | tokens=[1470,493,4187,717,922,1788,1351,192]; text="Seismometers record ground motion caused by"	4
8561	block_3.after_attention_residual + block_3.after_mlp_residual	2	tokens=[216,3159,4409,2448,82]; text="The mineral quartz consists of"	2
8562	block_3.after_attention_residual + block_3.after_mlp_residual	2	tokens=[2740,3767,1528,2201,2054,2042,1153,559]; text="Great Zimbabwe contains substantial stone walls built without"	2
8564	block_3.after_attention_residual + block_3.after_mlp_residual	2	tokens=[2286,2515,2150,908,113,77,1429]; text="Interplanetary space is an extremely"	2
8565	block_3.after_attention_residual + block_3.after_mlp_residual	12	tokens=[1834]; text="HT" | tokens=[3222,49,1934,145,1974,130,165,2279,2706,82,2772,1207,3539]; text="Salvador Dali's The Persistence of Memory includes melting" | tokens=[3226]; text="Lim"	10
8566	block_3.after_attention_residual + block_3.after_mlp_residual	2	tokens=[2520,1791,2091,1566,192]; text="Origami creates forms by"	2
8568	block_3.after_attention_residual + block_3.after_mlp_residual	26	tokens=[3410,719,77,865,484,2722,1688,328]; text="Raising an object against gravity increases its" | tokens=[216,1774,1718,2432]; text="The Amazon River carries" | tokens=[3290,1597,4426,0,465,1214,113,61]; text="Mass measures inertia, while weight is the"	26
8569	block_3.after_attention_residual + block_3.after_mlp_residual	12	tokens=[7,2416,1130,61,3591,1,2052]; text="Bacteria lack the membrane-bound" | tokens=[3881,87,113,2037]; text="Arabic is normally" | tokens=[1906,82,77,3429,130,929,113,3076,83,328]; text="Most of an atom's mass is concentrated in its"	12
8570	block_3.after_attention_residual + block_3.after_mlp_residual	2	tokens=[395,77,1969,366,1,1000,506,0,56,1630,3824,2684,113,77]; text="In an ideal two-body system, a bound gravitational orbit is an"	2
8571	block_3.after_attention_residual + block_3.after_mlp_residual	2	tokens=[2427,92,798,148,906,417,1007,3293,86,4442,3343,400]; text="Decomposers break down dead organisms and recycle nutrients through"	2
8573	block_3.after_attention_residual + block_3.after_mlp_residual	2	tokens=[3558,526,1228,3294,80,1380]; text="Batik uses wax to resist"	2
8574	block_3.after_attention_residual + block_3.after_mlp_residual	4	tokens=[2629,659,113,56,2927,1249,121]; text="Helium is a noble gas that" | tokens=[1955,1070,3358,56,1420,644,633,142,131]; text="Copper develops a surface patina as it"	4
8575	block_3.after_attention_residual + block_3.after_mlp_residual	2	tokens=[216,4351,1528,701,1]; text="The retina contains light-"	2
8576	block_3.after_attention_residual + block_3.after_mlp_residual	2	tokens=[2699,60,990,2828,351,1006,61,353,789,142,165,3491,648]; text="Anton Chekhov wrote the play known as The Cherry Or"	2
8577	block_3.after_attention_residual + block_3.after_mlp_residual	2	tokens=[4265,1333,1210,2604,250,1014,841,1,3659,1300,306]; text="ASCII characters retain their original single-byte values when"	2
8579	block_3.after_attention_residual + block_3.after_mlp_residual	2	tokens=[216,715,3654,1686,113,445,249,82]; text="The human spinal column is made up of"	2
8582	block_3.after_attention_residual + block_3.after_mlp_residual	2	tokens=[6,3054,1801,2987,1788,196,56,879,1801,759,80,56,2123,293]; text="A bicycle chain transfers motion from a front chainring to a rear sp"	2
8583	block_3.after_attention_residual + block_3.after_mlp_residual	2	tokens=[2591,2929,2287,170,2941,3593]; text="White dwarfs are dense stellar"	2
8584	block_3.after_attention_residual + block_3.after_mlp_residual	2	tokens=[2473,161,2185,1566,400,61,528,4099,493,82]; text="Slate commonly forms through the metamorphism of"	2
8586	block_3.after_attention_residual + block_3.after_mlp_residual	4	tokens=[6,4152,2696,1823,3303,1582,82,1522,573,467,4420]; text="A dovetail joint connects pieces of wood using interlocking" | tokens=[1413,96,2779,212,2866,250]; text="Some lizards can shed their"	4
8589	block_3.after_attention_residual + block_3.after_mlp_residual	2	tokens=[2876,39,3605,3333,3705,450,1426,3525,3678,465]; text="Silkworm caterpillars produce silk fibers while"	2
8591	block_3.after_attention_residual + block_3.after_mlp_residual	2	tokens=[3218,113,56,2727,3732,139,77]; text="Water is a polar molecule with an"	2
8592	block_3.after_attention_residual + block_3.after_mlp_residual	2	tokens=[3298,4214,3878,2954,573,1623,83,250]; text="Distillation separates substances using differences in their"	2
8593	block_3.after_attention_residual + block_3.after_mlp_residual	2	tokens=[4278,2599,113,1518,192,4075,0]; text="Lake Victoria is shared by Tanzania,"	2
8598	block_3.after_attention_residual + block_3.after_mlp_residual	2	tokens=[796,4227,314,1440,113,56,3646]; text="Chichen Itza is a Maya"	2
8600	block_3.after_attention_residual + block_3.after_mlp_residual	2	tokens=[1906,3815,571,196,1499,1197,775]; text="Most earthquakes result from sudden movement along"	2
8601	block_3.after_attention_residual + block_3.after_mlp_residual	2	tokens=[6,599,551,3580,80,2503,1979,173,366]; text="A full turn corresponds to 360 degrees or two"	2
8602	block_3.after_attention_residual + block_3.after_mlp_residual	2	tokens=[2719,39,71,2588,113,56,2616,1278,83,804,1,396]; text="Angkor Wat is a temple complex in present-day"	2
8603	block_3.after_attention_residual + block_3.after_mlp_residual	4	tokens=[3837,4361,1119,649,324,86,599]; text="Spring tides occur near new and full" | tokens=[1035,4467,86,482,115,194,170,61,366,621]; text="Phobos and Deimos are the two small"	4
8604	block_3.after_attention_residual + block_3.after_mlp_residual	8	tokens=[3650,2322,196,908,170,56,584,82]; text="Radio waves from space are a form of" | tokens=[395,56,3058,0,225]; text="In a vacuum, all" | tokens=[6,4394,2987,987,481,3582,192]; text="A transformer transfers energy between circuits by"	8
8605	block_3.after_attention_residual + block_3.after_mlp_residual	2	tokens=[2399,4212,839,3115,196,61,2732,80,61,2494,400,61,702,977]; text="Swallowed food travels from the throat to the stomach through the esoph"	2
8606	block_3.after_attention_residual + block_3.after_mlp_residual	6	tokens=[3711,3502,1426,2013,80]; text="Female mammals produce milk to" | tokens=[6,1160,599,1]; text="A standard full-" | tokens=[28,930,41,2432]; text="Xylem carries"	6
8607	block_3.after_attention_residual + block_3.after_mlp_residual	2	tokens=[22,281,194,992,3610,2926,776,80,2047,1600,192]; text="Ribosomes assemble proteins according to instructions carried by"	2
8612	block_3.after_attention_residual + block_3.after_mlp_residual	2	tokens=[216,3619,45,1491,2998,3094,83,2882,113,1948,1319,139,1932,2254,38,181]; text="The Sagrada Familia in Barcelona is closely associated with architect Antoni G"	2
8618	block_3.after_attention_residual + block_3.after_mlp_residual	2	tokens=[3919,195,2354,4081,1166,549,83,1558,173,1136,1]; text="Mosquito larvae usually develop in standing or slow-"	2
8619	block_3.after_attention_residual + block_3.after_mlp_residual	2	tokens=[216,1299,2507,2603,1626,156,445,124,61,3441,1278,82]; text="The Terracotta Army was made for the tomb complex of"	2
8620	block_3.after_attention_residual + block_3.after_mlp_residual	4	tokens=[2921,969,113,56,1281,1,878,595]; text="Basalt is a fine-grained" | tokens=[4000,3263,3530,2285,43,113,56]; text="Mount Kilimanjaro is a"	4
8622	block_3.after_attention_residual + block_3.after_mlp_residual	2	tokens=[216,4225,82,1424,4289]; text="The Strait of Malacca"	2
8624	block_3.after_attention_residual + block_3.after_mlp_residual	2	tokens=[216,1313,1,57,335,2809,82,4056,281,2372,270,3505,326,2054,83]; text="The rock-hewn churches of Lalibela were carved into stone in"	2
8626	block_3.after_attention_residual + block_3.after_mlp_residual	4	tokens=[2243,2722,0,1305,83,56]; text="Under gravity, pressure in a" | tokens=[796,177,4341,3878,2954,776,80,250,2582,139,1309,86]; text="Chromatography separates substances according to their interactions with moving and"	4
8629	block_3.after_attention_residual + block_3.after_mlp_residual	2	tokens=[1116,4455,1493,485,83,61,4211]; text="Receptor cells high in the nasal"	2
8630	block_3.after_attention_residual + block_3.after_mlp_residual	2	tokens=[216,1299,2507,2603,1626,156,445,124,61,3441,1278,82,3875,2986]; text="The Terracotta Army was made for the tomb complex of Qin Shi"	2
8631	block_3.after_attention_residual + block_3.after_mlp_residual	2	tokens=[216,1042,708,69,567]; text="The Coriolis effect"	2
8635	block_3.after_attention_residual + block_3.after_mlp_residual	2	tokens=[2272,277,113,77,4031,445,2009,196,2907,86]; text="Brass is an alloy made primarily from copper and"	2
8636	block_3.after_attention_residual + block_3.after_mlp_residual	2	tokens=[216,4261,118,88,1449,61]; text="The Himalayas separate the"	2
8640	block_3.after_attention_residual + block_3.after_mlp_residual	2	tokens=[3950,2166,766,249,269,635,1]; text="Nitrogen makes up about four-"	2
8641	block_3.after_attention_residual + block_3.after_mlp_residual	10	tokens=[1470,147,45,2767,170,4432,1762,3004,80,548,2463]; text="Seagrasses are flowering plants adapted to life beneath" | tokens=[24,3216,116,69,212,571,196,1499,3801,82]; text="Tsunamis can result from sudden displacement of" | tokens=[4373,1265,1789,2142,61,832,82,3658,4064,83]; text="Ocean salinity describes the amount of dissolved salts in"	10
8642	block_3.after_attention_residual + block_3.after_mlp_residual	2	tokens=[3477,130,3274,86,1867,721]; text="Earth's crust and uppermost"	2
8643	block_3.after_attention_residual + block_3.after_mlp_residual	2	tokens=[9,189,1566,306,704,3284,751,1447,1399,56,1420]; text="Dew forms when water vapor condenses onto a surface"	2
8644	block_3.after_attention_residual + block_3.after_mlp_residual	6	tokens=[24,526,78,156,56,712,3646,739,83,804,1,396]; text="Tikal was a major Maya city in present-day" | tokens=[216,2135,82,2618]; text="The sequence of bases" | tokens=[9,2610,130,2671]; text="Dante's Divine"	6
8646	block_3.after_attention_residual + block_3.after_mlp_residual	2	tokens=[973,706,1341,0,56]; text="To grow larger, a"	2
8647	block_3.after_attention_residual + block_3.after_mlp_residual	2	tokens=[3612,1104,4372,2681,427,82,61,2711,82,61,106]; text="Michelangelo painted much of the ceiling of the S"	2
8651	block_3.after_attention_residual + block_3.after_mlp_residual	2	tokens=[3736,3457,43,2315,61,3585,178,918,4014,83,3450,4166,473,1759,1478,61]; text="Captain Nemo commands the submarine Nautilus in Twenty Thousand Leagues Under the"	2
8660	block_3.after_attention_residual + block_3.after_mlp_residual	2	tokens=[216,578,1883,196,1249,80,1486,113,638]; text="The direct transition from gas to solid is called"	2
8661	block_3.after_attention_residual + block_3.after_mlp_residual	2	tokens=[4462,1678,581,196,61,2360,271]; text="Tea leaves come from the shrub"	2
8664	block_3.after_attention_residual + block_3.after_mlp_residual	2	tokens=[1116,4455,1493,485,83,61,4211,3885,1517]; text="Receptor cells high in the nasal cavity detect"	2
8668	block_3.after_attention_residual + block_3.after_mlp_residual	2	tokens=[216,4351,1528,701,1,3831,1493,638]; text="The retina contains light-sensitive cells called"	2
8671	block_3.after_attention_residual + block_3.after_mlp_residual	2	tokens=[216,837,82,1345,1590,113,638]; text="The study of speech sounds is called"	2
8673	block_3.after_attention_residual + block_3.after_mlp_residual	2	tokens=[9,3934,91,2952,1178,1281]; text="Dandelion fruits carry fine"	2
8675	block_3.after_attention_residual + block_3.after_mlp_residual	2	tokens=[3612,1104,4372,2681,427,82,61,2711,82,61,106,3903]; text="Michelangelo painted much of the ceiling of the Sistine"	2
8679	block_3.after_attention_residual + block_3.after_mlp_residual	20	tokens=[3780,2064,1235]; text="Diffraction allows" | tokens=[4265,1333,1210]; text="ASCII characters" | tokens=[3311,1376,1566]; text="Human skin forms"	20
8680	block_3.after_attention_residual + block_3.after_mlp_residual	2	tokens=[1097,324,2187,0,61,1891,130,1390,3154]; text="At new moon, the Moon's sunlit"	2
8681	block_3.after_attention_residual + block_3.after_mlp_residual	2	tokens=[216,1562,3032,82,261,921,3268]; text="The north pole of one bar magnet"	2
8684	block_3.after_attention_residual + block_3.after_mlp_residual	2	tokens=[1097,77,679,58,529,0,61,1303,3541,61]; text="At an equinox, the Sun crosses the"	2
8685	block_3.after_attention_residual + block_3.after_mlp_residual	2	tokens=[13,503,332,32,1418]; text="Hexadecimal"	2
8686	block_3.after_attention_residual + block_3.after_mlp_residual	2	tokens=[4255,686,47,88,549,392,3702]; text="River deltas develop where deposited"	2
8687	block_3.after_attention_residual + block_3.after_mlp_residual	2	tokens=[3316,201,91,1166,2218,56,1595]; text="Combustion usually involves a fuel"	2
8688	block_3.after_attention_residual + block_3.after_mlp_residual	2	tokens=[18,1965,422,197,3022,1728]; text="Minerals have characteristic chemical"	2
8689	block_3.after_attention_residual + block_3.after_mlp_residual	2	tokens=[6,1219,399,1207,56,4174,1079,139,56,1581]; text="A lichen includes a fungus living with a photos"	2
8691	block_3.after_attention_residual + block_3.after_mlp_residual	2	tokens=[1866,3796,3947,1110,328,3022,76,873,616,196,3180]; text="Prepared mustard gets its characteristic pungency from crushed"	2
8693	block_3.after_attention_residual + block_3.after_mlp_residual	2	tokens=[216,1312,4228,162,181,3512,156,1153,124,61,420]; text="The Great Pyramid at Giza was built for the ph"	2
8695	block_3.after_attention_residual + block_3.after_mlp_residual	4	tokens=[6,1453,113,56,104,2273,2231,1827,196,731,905]; text="Agar is a gelling substance obtained from certain red" | tokens=[1935,3596,1,3040,535,422,1972,3343,196]; text="Many reef-building corals obtain nutrients from"	4
8696	block_3.after_attention_residual + block_3.after_mlp_residual	2	tokens=[22,176,255,994,378,3089,164,1032,61,3328,2951,83]; text="Rabindranath Tagore received the Nobel Prize in"	2
8697	block_3.after_attention_residual + block_3.after_mlp_residual	2	tokens=[18,3117,2104,443,526]; text="Murasaki Shik"	2
8700	block_3.after_attention_residual + block_3.after_mlp_residual	4	tokens=[2870,2783,61,2469,82,61,1370,400,61]; text="Light enters the interior of the eye through the" | tokens=[2424,1632,83,61,1378,69,694,61,985,82,61]; text="Muscles in the iris control the size of the"	4
8706	block_3.after_attention_residual + block_3.after_mlp_residual	2	tokens=[4457,704,4190,162,1863,261,1216,1979]; text="Pure water boils at approximately one hundred degrees"	2
8708	block_3.after_attention_residual + block_3.after_mlp_residual	8	tokens=[1504,53,3424,1075]; text="Enzymes speed" | tokens=[1260,191,3392,212,3227,1298,701,400,56,1081,638,1063]; text="Plant stems can bend toward light through a response called phot" | tokens=[3192,1039,4266,212]; text="Bronze sculptures can"	8
8709	block_3.after_attention_residual + block_3.after_mlp_residual	8	tokens=[22,243,113,56,3935,2674]; text="Rice is a cereal grain" | tokens=[216,381,164,444,82,4320,170]; text="The florets of broccoli are" | tokens=[727,770,3861,4378,170,774,3320]; text="Asparagus spears are young shoots"	8
8714	block_3.after_attention_residual + block_3.after_mlp_residual	4	tokens=[4428,1,5,887,1369]; text="UTF-8 encodes" | tokens=[6,1989,947,853,212,1217,82,253,309,261]; text="A visible text character can consist of more than one"	4
8715	block_3.after_attention_residual + block_3.after_mlp_residual	4	tokens=[6,594,2549,1918,592,573,2775,2016,114,3526,210]; text="A hard disk stores information using magnetic patterns on rotating pl" | tokens=[4385,1,1585,2361,197,322,3526,1764,210]; text="Solid-state drives have no rotating storage pl"	4
8716	block_3.after_attention_residual + block_3.after_mlp_residual	2	tokens=[2746,1762,379,701,987,80,384]; text="Green plants use light energy to make"	2
8717	block_3.after_attention_residual + block_3.after_mlp_residual	2	tokens=[3910,885,3867,156,56,2439]; text="Diego Rivera was a Mexican"	2
8719	block_3.after_attention_residual + block_3.after_mlp_residual	6	tokens=[829,2856,1936,113,56,4246,2342,121,212,1262,86,3419,3544,3119,82]; text="An aquifer is a geological formation that can store and transmit usable quantities of" | tokens=[2854,694,1419,958]; text="Version control records changes" | tokens=[216,704,1125,2191,61,1867,1420,82,61,3567]; text="The water table marks the upper surface of the saturated"	6
8720	block_3.after_attention_residual + block_3.after_mlp_residual	2	tokens=[216,870,399,60,1794,114,61,1338,3642]; text="The Parthenon stands on the Acropolis"	2
8721	block_3.after_attention_residual + block_3.after_mlp_residual	6	tokens=[216,3437,59,88,2350]; text="The pancreas releases" | tokens=[2015,1586,2122,1629,4298,839,775,61]; text="Smooth muscle helps propel food along the" | tokens=[216,2494,3939,839,139,1984,86]; text="The stomach mixes food with acid and"	6
8722	block_3.after_attention_residual + block_3.after_mlp_residual	4	tokens=[4123,1,4151,504,69,3798,342,91,1385,4269,2774,2726]; text="Jean-Francois Champollion helped decipher Egyptian hier" | tokens=[216,2347,2896,2084,2432,1224,488,3547,83,2726]; text="The Rosetta Stone carries related inscriptions in hier"	4
8723	block_3.after_attention_residual + block_3.after_mlp_residual	2	tokens=[829,387,2891,1528,1134,4384,82,261,2098]; text="An emulsion contains droplets of one liquid"	2
8724	block_3.after_attention_residual + block_3.after_mlp_residual	2	tokens=[216,2314,46,1555,3485,3398,192,250,1850,80]; text="The Mohs scale compares minerals by their resistance to"	2
8725	block_3.after_attention_residual + block_3.after_mlp_residual	2	tokens=[216,430,1880,58,113,61,3633,1049,1407,124,3421]; text="The kelvin is the SI base unit for therm"	2
8726	block_3.after_attention_residual + block_3.after_mlp_residual	6	tokens=[3532,536,192,1851,113,3775,83,2192,512]; text="Division by zero is undefined in ordinary real" | tokens=[2892,3565,1183,561,2032,311,1128,83,2192]; text="Multiplication distributes over addition in ordinary" | tokens=[784,56,3717,604,82,1146,0,61]; text="For a finite list of numbers, the"	6
8728	block_3.after_attention_residual + block_3.after_mlp_residual	2	tokens=[1567,1843,506,2810,80,61,3522,3514,2970,638,61]; text="Our solar system belongs to the barred spiral galaxy called the"	2
8732	block_3.after_attention_residual + block_3.after_mlp_residual	2	tokens=[216,181,1784,86,4046,2198]; text="The Ganges and Brahmap"	2
8734	block_3.after_attention_residual + block_3.after_mlp_residual	2	tokens=[6,3333,4238,113,61,3662,855,1295,82,56]; text="A caterpillar is the larval stage of a"	2
8735	block_3.after_attention_residual + block_3.after_mlp_residual	2	tokens=[4427,3120,2433,3358,328,2296,400]; text="Traditional soy sauce develops its flavor through"	2
8736	block_3.after_attention_residual + block_3.after_mlp_residual	2	tokens=[22,176,255,994,378,3089,164,1032,61,3328,2951,83,3952,83]; text="Rabindranath Tagore received the Nobel Prize in Literature in"	2
8737	block_3.after_attention_residual + block_3.after_mlp_residual	2	tokens=[216,1521,82,248,3219,113,77,2631,582]; text="The Book of Kells is an elaborately"	2
8746	block_3.after_attention_residual + block_3.after_mlp_residual	2	tokens=[6,3368,113,1956,425,56,674,130,1049,0,2281,56]; text="A prefix is attached before a word's base, whereas a"	2
8750	block_3.after_attention_residual + block_3.after_mlp_residual	2	tokens=[216,1925,82,4376,1978,282,1644,130]; text="The island of Madagascar lies off Africa's"	2
8751	block_3.after_attention_residual + block_3.after_mlp_residual	2	tokens=[11,413,135,696,2917,3163,1493,80,584,56,324,812]; text="Fertilization joins reproductive cells to form a new z"	2
8753	block_3.after_attention_residual + block_3.after_mlp_residual	2	tokens=[3910,885,3083,486,3444,1111,217,436]; text="Diego Velazquez included his own"	2
8755	block_3.after_attention_residual + block_3.after_mlp_residual	2	tokens=[216,4261,118,88,1928,400,61,3105,82,61,1325,86]; text="The Himalayas formed through the collision of the Indian and"	2
8756	block_3.after_attention_residual + block_3.after_mlp_residual	2	tokens=[2657,1947,3255,113,1876,460,124]; text="JPEG compression is widely used for"	2
8758	block_3.after_attention_residual + block_3.after_mlp_residual	2	tokens=[3736,3457,43,2315,61,3585,178,918]; text="Captain Nemo commands the submarine Naut"	2
8759	block_3.after_attention_residual + block_3.after_mlp_residual	2	tokens=[11,4021,212,1449,77]; text="Filtration can separate an"	2
8760	block_3.after_attention_residual + block_3.after_mlp_residual	2	tokens=[216,2136,2615,4239,121,124,239,931,56]; text="The worker honeybees that forage outside a"	2
8761	block_3.after_attention_residual + block_3.after_mlp_residual	2	tokens=[23,1915,329,313,3433,2564]; text="Sumerian scribes pressed"	2
8762	block_3.after_attention_residual + block_3.after_mlp_residual	8	tokens=[17,1127,1961,113,3841,2137,124,328]; text="Lettuce is cultivated mainly for its" | tokens=[4059,329,2114,113,789,124,328,792,2147,86,3735]; text="Durian fruit is known for its strong smell and creamy" | tokens=[19,2358,2942,460,83,4040,170,445,196]; text="Nori sheets used in sushi are made from"	8
8763	block_3.after_attention_residual + block_3.after_mlp_residual	4	tokens=[1756,1848,113,56,4019,0,224,185,385]; text="Every square is a rectangle, but not every" | tokens=[216,366,986,768,422,82,56]; text="The two diagonals of a"	4
8764	block_3.after_attention_residual + block_3.after_mlp_residual	2	tokens=[3999,1164,1492,113,601,2941,309,2098,704,0,256,131]; text="Ordinary ice is less dense than liquid water, so it"	2
8766	block_3.after_attention_residual + block_3.after_mlp_residual	2	tokens=[6,4188,47,2917,1683,192,2823,56,553,542,349]; text="A rivet joins materials by forming a second head after"	2
8767	block_3.after_attention_residual + block_3.after_mlp_residual	2	tokens=[3911,2441,3200,61,2387,80,3472,456,1045,182,130,3441,83]; text="Howard Carter uncovered the entrance to Tutankhamun's tomb in"	2
8770	block_3.after_attention_residual + block_3.after_mlp_residual	2	tokens=[216,4028,82,1672,4049,2848,1285,2527]; text="The eruption of Mount Vesuvius buried"	2
8771	block_3.after_attention_residual + block_3.after_mlp_residual	2	tokens=[395,2777,1,4231,1537]; text="In twelve-tone equal"	2
8773	block_3.after_attention_residual + block_3.after_mlp_residual	2	tokens=[2348,3802,1326,83,56,4440,233,70,1847,564]; text="Parallel lines in a Euclidean plane never"	2
8775	block_3.after_attention_residual + block_3.after_mlp_residual	2	tokens=[4180,113,77,1910,1,1137]; text="Steel is an iron-based"	2
8777	block_3.after_attention_residual + block_3.after_mlp_residual	2	tokens=[829,3181,3461,212,591,3456,1999,83,77,1240]; text="An apostrophe can mark omitted letters in an English"	2
8778	block_3.after_attention_residual + block_3.after_mlp_residual	2	tokens=[1951,528,4099,1732,0,56,1957,3371]; text="During metamorphosis, a typical frog"	2
8779	block_3.after_attention_residual + block_3.after_mlp_residual	2	tokens=[1898,424,3730,3485,61,832,82,704,3284,83,695,139,328]; text="Relative humidity compares the amount of water vapor in air with its"	2
8781	block_3.after_attention_residual + block_3.after_mlp_residual	2	tokens=[2695,82,2338,0,1264]; text="Instead of teeth, modern"	2
8782	block_3.after_attention_residual + block_3.after_mlp_residual	2	tokens=[1983,2363,129,1185,1036,762,1796,82,61,1092,638,165]; text="Edvard Munch created several versions of the image called The"	2
8783	block_3.after_attention_residual + block_3.after_mlp_residual	2	tokens=[3938,298,3299,549,196,56,841,3210,532,1729,121]; text="Identical twins develop from a single fertilized egg that"	2
8784	block_3.after_attention_residual + block_3.after_mlp_residual	2	tokens=[19,2358,2942,460,83]; text="Nori sheets used in"	2
8785	block_3.after_attention_residual + block_3.after_mlp_residual	2	tokens=[2677,624,3012,3929,114,61,3363,3367,82,418,1524,343,194,490,299]; text="Microscopic hairs on the toe pads of many geckos help them"	2
8787	block_3.after_attention_residual + block_3.after_mlp_residual	2	tokens=[216,1768,4025,495,34,245,3505]; text="The ancient Nabataeans carved"	2
8789	block_3.after_attention_residual + block_3.after_mlp_residual	4	tokens=[995,1592,170,61,3005,2873]; text="Cloves are the dried flower" | tokens=[216,381,164,444,82,4320,170,3965,425,250,2873]; text="The florets of broccoli are harvested before their flower"	4
8791	block_3.after_attention_residual + block_3.after_mlp_residual	2	tokens=[216,3029,82,2421,3267,37]; text="The Epic of Gilgamesh"	2
8792	block_3.after_attention_residual + block_3.after_mlp_residual	2	tokens=[216,138,344,88,170,2033,2170,1427,494,2137,83,2999,86]; text="The Pampas are extensive grasslands found mainly in Argentina and"	2
8795	block_3.after_attention_residual + block_3.after_mlp_residual	2	tokens=[4205,1268,130,1420,0,2640,1998,1658,197,1863,61,462,3295,306,695,1850,113]; text="Near Earth's surface, freely falling objects have approximately the same acceleration when air resistance is"	2
8796	block_3.after_attention_residual + block_3.after_mlp_residual	2	tokens=[3853,329,3772,3399,714,3230]; text="Persian miniature paintings often illustrate"	2
8797	block_3.after_attention_residual + block_3.after_mlp_residual	4	tokens=[3613,166,469,2540,1178,1727,4185,83,56]; text="Male seahorses carry developing embryos in a" | tokens=[6,774,227,323,4114,1433,427,82,328,790,963,1008,328,1056,130]; text="A young kangaroo continues much of its early development inside its mother's"	4
8798	block_3.after_attention_residual + block_3.after_mlp_residual	2	tokens=[395,56,839,1801,0,2497,384,2400,915,196,83]; text="In a food chain, producers make organic matter from in"	2
8800	block_3.after_attention_residual + block_3.after_mlp_residual	2	tokens=[216,1313,1,57,335,2809,82]; text="The rock-hewn churches of"	2
8801	block_3.after_attention_residual + block_3.after_mlp_residual	2	tokens=[6,2841,71,212,1494,993,196,2054,80]; text="A sculptor can remove material from stone to"	2
8802	block_3.after_attention_residual + block_3.after_mlp_residual	2	tokens=[1951,528,4099,1732,0,56,1957,3371,4034]; text="During metamorphosis, a typical frog tad"	2
8804	block_3.after_attention_residual + block_3.after_mlp_residual	2	tokens=[6,937,92,1849,2807,83,912,465,56,2308,113]; text="A loom holds threads in position while a fabric is"	2
8805	block_3.after_attention_residual + block_3.after_mlp_residual	2	tokens=[1260,161,1601,490,584]; text="Platelets help form"	2
8806	block_3.after_attention_residual + block_3.after_mlp_residual	2	tokens=[829,3595,574,920,103,1157,142,56,2089,82,366]; text="An irrational number cannot be written as a ratio of two"	2
8807	block_3.after_attention_residual + block_3.after_mlp_residual	2	tokens=[216,617,3719,2459,1978,481,61]; text="The main asteroid belt lies between the"	2
8808	block_3.after_attention_residual + block_3.after_mlp_residual	4	tokens=[2889,241,1907,3326,704,196,61,2233,465,1403,372,3658]; text="Evaporation removes water from the ocean while leaving most dissolved" | tokens=[4373,1265,1789,2142,61,832,82,3658]; text="Ocean salinity describes the amount of dissolved"	4
8810	block_3.after_attention_residual + block_3.after_mlp_residual	4	tokens=[3050,1285,3531,156,4186,83,2412,83,1714]; text="Julius Caesar was assassinated in Rome in 44" | tokens=[13,1824,126,3132,2195,3742,530,61,553,4165]; text="Hammurabi ruled Babylon during the second millennium"	4
8812	block_3.after_attention_residual + block_3.after_mlp_residual	2	tokens=[15,1258,3342,3791,72,1006,1321,121,1968,4233,46,0]; text="Jorge Luis Borges wrote stories that explore labyrinths,"	2
8813	block_3.after_attention_residual + block_3.after_mlp_residual	4	tokens=[17,94,1438,170,4018,2550,121,706,1008,61]; text="Lentils are edible seeds that grow inside the" | tokens=[8,125,1648,1946,1426]; text="Cacao trees produce"	4
8815	block_3.after_attention_residual + block_3.after_mlp_residual	2	tokens=[216,1283,4400,236,30,2220,460,3774,80,1043]; text="The Antikythera mechanism used gears to model"	2
8816	block_3.after_attention_residual + block_3.after_mlp_residual	2	tokens=[6,4155,2448,82,418,621,0,2269,1,4126]; text="A raspberry consists of many small, seed-containing"	2
8817	block_3.after_attention_residual + block_3.after_mlp_residual	2	tokens=[21,102,1302,113,445,192]; text="Plywood is made by"	2
8818	block_3.after_attention_residual + block_3.after_mlp_residual	2	tokens=[25,994,167,1687,340,139,328,2994]; text="Uranus rotates with its axis"	2
8819	block_3.after_attention_residual + block_3.after_mlp_residual	4	tokens=[4000,3263,3530,2285,43,113,56,3876,2161,83,4119]; text="Mount Kilimanjaro is a volcanic mountain in northeastern" | tokens=[4278,2599,113,1518,192]; text="Lake Victoria is shared by"	4
8820	block_3.after_attention_residual + block_3.after_mlp_residual	2	tokens=[216,1768,4025,495,34,245,3505,4043,750,934,326]; text="The ancient Nabataeans carved monumental facades into"	2
8821	block_3.after_attention_residual + block_3.after_mlp_residual	2	tokens=[6,4201,130,1619,4018,1901,113,77]; text="A carrot's familiar edible portion is an"	2
8822	block_3.after_attention_residual + block_3.after_mlp_residual	2	tokens=[6,3253,3431,212,1417,311]; text="A chess knight can jump over"	2
8824	block_3.after_attention_residual + block_3.after_mlp_residual	2	tokens=[6,1760,1812,1862,3358,2463,56]; text="A cashew nut develops beneath a"	2
8826	block_3.after_attention_residual + block_3.after_mlp_residual	2	tokens=[10,3751,3566,1284,250,3631,3116,2013,1296,725,322]; text="Echidnas feed their hatchlings milk despite having no"	2
8828	block_3.after_attention_residual + block_3.after_mlp_residual	2	tokens=[3948,588,3390,1724,1728,1507,83,1701,192,3072,2016,82]; text="Astronomers identify chemical elements in stars by examining patterns of"	2
8829	block_3.after_attention_residual + block_3.after_mlp_residual	2	tokens=[1116,58,2565,2346,3349,2346,139]; text="Reinforced concrete combines concrete with"	2
8830	block_3.after_attention_residual + block_3.after_mlp_residual	2	tokens=[3806,56,921,3268,2466,1503]; text="Breaking a bar magnet produces smaller"	2
8832	block_3.after_attention_residual + block_3.after_mlp_residual	2	tokens=[1712,371,281,670,911]; text="Amphibians include"	2
8834	block_3.after_attention_residual + block_3.after_mlp_residual	2	tokens=[6,1160,1264,3215,2409,219]; text="A standard modern piano keyboard has"	2
8836	block_3.after_attention_residual + block_3.after_mlp_residual	8	tokens=[1920,3401,1978,1684,80,61,1303,0,3355,219,56]; text="Although Mercury lies closer to the Sun, Venus has a" | tokens=[12,3052,2027,61]; text="Gravity keeps the" | tokens=[4175,2934,4089,196,56]; text="Heat flows spontaneously from a"	8
8842	block_3.after_attention_residual + block_3.after_mlp_residual	2	tokens=[23,275,2301,198,110,113,1465,192,4147,75]; text="Sauerkraut is produced by fermenting"	2
8843	block_3.after_attention_residual + block_3.after_mlp_residual	6	tokens=[2473,161,2185,1566,400,61,528]; text="Slate commonly forms through the met" | tokens=[2035,439,1566,306,4429,3114,72,528]; text="Marble forms when limestone undergoes met" | tokens=[4151,53,4382,130,165,1205]; text="Franz Kafka's The Met"	6
8845	block_3.after_attention_residual + block_3.after_mlp_residual	4	tokens=[21,1693,450,170,3526,4463,1701,1113,3677,212,700,142,2079,4156]; text="Pulsars are rotating neutron stars whose beams can appear as regularly spaced" | tokens=[6,528,588,214,2466,1163]; text="A metronome produces regular"	4
8848	block_3.after_attention_residual + block_3.after_mlp_residual	2	tokens=[4462,1678,581,196,61,2360,271,3917,93,268,2053]; text="Tea leaves come from the shrub Camellia sin"	2
8849	block_3.after_attention_residual + block_3.after_mlp_residual	2	tokens=[216,1312,1546,82,1057,1207,1793,1852,1153,530,541]; text="The Great Wall of China includes fortifications built during different"	2
8850	block_3.after_attention_residual + block_3.after_mlp_residual	2	tokens=[216,1145,82,4310,113,222,1551,70,1922,2277,0,77]; text="The capital of Mongolia is Ulaanbaatar, an"	2
8851	block_3.after_attention_residual + block_3.after_mlp_residual	2	tokens=[4345,113,61,864,1465,192,695,2516,2200,349,2805]; text="Thunder is the sound produced by air expanding rapidly after lightning"	2
8852	block_3.after_attention_residual + block_3.after_mlp_residual	2	tokens=[3963,3397,733,2448,82,433,2830,1928,196,1450]; text="Polyethylene consists of long chains formed from eth"	2
8854	block_3.after_attention_residual + block_3.after_mlp_residual	2	tokens=[216,2884,988,58,71,86]; text="The sisters Elinor and"	2
8855	block_3.after_attention_residual + block_3.after_mlp_residual	2	tokens=[4130,361,1314,965,196,1623,83,2530,1305,508,77]; text="Buoyancy results from differences in fluid pressure around an"	2
8857	block_3.after_attention_residual + block_3.after_mlp_residual	2	tokens=[6,397,2329,1528,1212]; text="A right angle contains exactly"	2
8861	block_3.after_attention_residual + block_3.after_mlp_residual	2	tokens=[6,4436,1139,3652,77,2596,1870,326]; text="A loudspeaker converts an electrical signal into"	2
8862	block_3.after_attention_residual + block_3.after_mlp_residual	2	tokens=[3508,2434,2561,714,3349,2593,0,704,0,86]; text="Chinese landscape painting often combines mountains, water, and"	2
8863	block_3.after_attention_residual + block_3.after_mlp_residual	2	tokens=[4000,3263,3530,2285,43,113,56,3876,2161,83]; text="Mount Kilimanjaro is a volcanic mountain in"	2
8864	block_3.after_attention_residual + block_3.after_mlp_residual	2	tokens=[3063,3438,1006,61,2730,269,61,3283,4300,86]; text="William Shakespeare wrote the tragedy about the lovers Romeo and"	2
8866	block_3.after_attention_residual + block_3.after_mlp_residual	2	tokens=[1967,295,667,4087,2322,212,1122,400,518,668,926,86]; text="Compressional seismic waves can travel through both solids and"	2
8868	block_3.after_attention_residual + block_3.after_mlp_residual	2	tokens=[8,2580,158,1090,1664,80,61,3779,284,641,0,185,61]; text="Crocodiles belong to the reptile group, not the"	2
8869	block_3.after_attention_residual + block_3.after_mlp_residual	2	tokens=[216,799,30,130,1857,2217,1485,113,1053,83,1933,309,61]; text="The viola's usual lowest string is lower in pitch than the"	2
8870	block_3.after_attention_residual + block_3.after_mlp_residual	2	tokens=[6,4155,2448,82,418,621,0,2269,1]; text="A raspberry consists of many small, seed-"	2
8871	block_3.after_attention_residual + block_3.after_mlp_residual	2	tokens=[3063,82,4282,767,61,1711,82]; text="William of Normandy won the Battle of"	2
8872	block_3.after_attention_residual + block_3.after_mlp_residual	2	tokens=[216,3914,2196,78,156,3309,192,3162,205,3220,83,1354,82]; text="The Taj Mahal was commissioned by Shah Jahan in memory of"	2
8875	block_3.after_attention_residual + block_3.after_mlp_residual	2	tokens=[4175,2934,4089,196,56,4092,746,80,56]; text="Heat flows spontaneously from a hotter body to a"	2
8878	block_3.after_attention_residual + block_3.after_mlp_residual	2	tokens=[4293,175,2072,714,3241,1658,400,4236]; text="Cubist artists often depict objects through fragmented"	2
8879	block_3.after_attention_residual + block_3.after_mlp_residual	2	tokens=[216,574,3857,113,61,2089,82,56,4440,233,70,2242,130]; text="The number pi is the ratio of a Euclidean circle's"	2
8880	block_3.after_attention_residual + block_3.after_mlp_residual	6	tokens=[3995,422,0,1762,0,86]; text="Animals, plants, and" | tokens=[1267,2367,3066,259,78]; text="Mycorrhizal" | tokens=[6,3763,113,56,3163,1469,1465,192,731]; text="A mushroom is a reproductive structure produced by certain"	6
8881	block_3.after_attention_residual + block_3.after_mlp_residual	2	tokens=[6,54,447,455,1555,1235]; text="A vernier scale allows"	2
8883	block_3.after_attention_residual + block_3.after_mlp_residual	2	tokens=[216,237,1519,30,1287,77,695,478,481,61,96]; text="The trachea provides an airway between the l"	2
8884	block_3.after_attention_residual + block_3.after_mlp_residual	2	tokens=[1470,493,4187,717,922,1788,1351,192,3815,86,287]; text="Seismometers record ground motion caused by earthquakes and other"	2
8886	block_3.after_attention_residual + block_3.after_mlp_residual	2	tokens=[1920,131,113,1166,445,82,3305,0,56,4383]; text="Although it is usually made of brass, a sax"	2
8889	block_3.after_attention_residual + block_3.after_mlp_residual	2	tokens=[3803,121,700,813,83,56]; text="Stars that appear together in a"	2
8891	block_3.after_attention_residual + block_3.after_mlp_residual	6	tokens=[23,275,2301,198,110,113,1465,192]; text="Sauerkraut is produced by" | tokens=[29,254,1187,113,445,192]; text="Yogurt is made by" | tokens=[2667,199,37,113,1465,192]; text="Tempeh is produced by"	6
8894	block_3.after_attention_residual + block_3.after_mlp_residual	2	tokens=[973,706,1341,0,56,3902,577,2866,328,3335,186,194]; text="To grow larger, a crab must shed its rigid exos"	2
8897	block_3.after_attention_residual + block_3.after_mlp_residual	2	tokens=[829,1186,500,74,1500,1892,2181,559]; text="An undirected graph represents connections without"	2
8898	block_3.after_attention_residual + block_3.after_mlp_residual	2	tokens=[3609,2504,3386,212,490]; text="Pottery fragments can help"	2
8900	block_3.after_attention_residual + block_3.after_mlp_residual	2	tokens=[21,1693,450,170,3526,4463,1701,1113,3677,212,700,142,2079]; text="Pulsars are rotating neutron stars whose beams can appear as regularly"	2
8901	block_3.after_attention_residual + block_3.after_mlp_residual	4	tokens=[216,693,125,713,3189]; text="The Atacama Desert" | tokens=[4171,276,130,1145,0,4216,0]; text="Hungary's capital, Budapest,"	4
8902	block_3.after_attention_residual + block_3.after_mlp_residual	2	tokens=[216,519,797,1941,4402,170,1277,2725,194,0,138,660,194,0,86]; text="The three musketeers are named Athos, Porthos, and"	2
8903	block_3.after_attention_residual + block_3.after_mlp_residual	2	tokens=[796,4227,314,1440,113,56,3646,3854,979,114,61,283,558]; text="Chichen Itza is a Maya archaeological site on the Yuc"	2
8904	block_3.after_attention_residual + block_3.after_mlp_residual	2	tokens=[4283,3451,2004,1569,427,82,61]; text="Mitochondria supply much of the"	2
8909	block_3.after_attention_residual + block_3.after_mlp_residual	2	tokens=[13,1824,126,3132,2195,3742,530,61,553]; text="Hammurabi ruled Babylon during the second"	2
8910	block_3.after_attention_residual + block_3.after_mlp_residual	4	tokens=[3697,155,486,332,1534,1321,83,61,1690,2168,82,782]; text="Scheherazade tells stories in the frame narrative of One" | tokens=[3736,3457,43,2315,61,3585,178,918,4014,83,3450]; text="Captain Nemo commands the submarine Nautilus in Twenty"	4
8912	block_3.after_attention_residual + block_3.after_mlp_residual	2	tokens=[4003,1930,4157,1722,4403,86]; text="Groundwater occupies connected pores and"	2
8914	block_3.after_attention_residual + block_3.after_mlp_residual	2	tokens=[216,3277,82,3877,44,2146,2579,317,82,77,112,2526,2207,107,3428]; text="The ruins of Persepolis preserve part of an Achaemenid Persian"	2
8916	block_3.after_attention_residual + block_3.after_mlp_residual	2	tokens=[3222,2574,2714,319,839,86,1763,61,4319,82]; text="Saliva moistens food and begins the digestion of"	2
8917	block_3.after_attention_residual + block_3.after_mlp_residual	2	tokens=[2742,2451,218,185,653,61]; text="Earlier outcomes do not change the"	2
8918	block_3.after_attention_residual + block_3.after_mlp_residual	10	tokens=[4116,3133,1763,306]; text="Germination begins when" | tokens=[6,1760,1812,1862]; text="A cashew nut" | tokens=[6,1219,399,1207,56]; text="A lichen includes a"	10
8920	block_3.after_attention_residual + block_3.after_mlp_residual	2	tokens=[21,102,1302,113,445,192,4073,2067,2525,82,1522,0,1166,139]; text="Plywood is made by bonding thin layers of wood, usually with"	2
8921	block_3.after_attention_residual + block_3.after_mlp_residual	2	tokens=[19,2358,2942,460,83,4040,170,445,196,4018,905,3897]; text="Nori sheets used in sushi are made from edible red seaw"	2
8923	block_3.after_attention_residual + block_3.after_mlp_residual	4	tokens=[18,123,1038,171,122,354]; text="Miguel de Cerv" | tokens=[2905,4447,3852,88,445,724,1800,145]; text="Alexandre Dumas made Edmond D"	4
8925	block_3.after_attention_residual + block_3.after_mlp_residual	2	tokens=[23,1034,657,43,156,61,356,786,82,2977,349,328]; text="Sukarno was the first president of Indonesia after its"	2
8926	block_3.after_attention_residual + block_3.after_mlp_residual	4	tokens=[8,108,52,468,338,170,61,356,2269,1678,82,56,1461]; text="Cotyledons are the first seed leaves of a plant" | tokens=[3551,56,2269,0,77]; text="Inside a seed, an"	4
8927	block_3.after_attention_residual + block_3.after_mlp_residual	2	tokens=[9,3934,91,2952,1178,1281,3929,121,1191,927]; text="Dandelion fruits carry fine hairs that assist wind"	2
8929	block_3.after_attention_residual + block_3.after_mlp_residual	4	tokens=[3613,166,469,2540,1178,1727]; text="Male seahorses carry developing" | tokens=[3938,298,3299,549,196,56,841,3210,532,1729,121,4039,326,1449]; text="Identical twins develop from a single fertilized egg that divides into separate"	4
8933	block_3.after_attention_residual + block_3.after_mlp_residual	2	tokens=[2947,113,56,1082,82,61,1022,87,2143,82,61]; text="English is a member of the Germanic branch of the"	2
8934	block_3.after_attention_residual + block_3.after_mlp_residual	2	tokens=[1097,1053,1938,1305,0,704]; text="At lower external pressure, water"	2
8935	block_3.after_attention_residual + block_3.after_mlp_residual	2	tokens=[1756,704,3732,1528,366,3106,3495]; text="Every water molecule contains two hydrogen atoms"	2
8938	block_3.after_attention_residual + block_3.after_mlp_residual	2	tokens=[216,2509,3399,162,184,1201,2829,911,1392,82,2792,86]; text="The cave paintings at Lascaux include images of horses and"	2
8940	block_3.after_attention_residual + block_3.after_mlp_residual	2	tokens=[24,1457,4045,1337,3085,1493,121,1114,80,2954,3658,83]; text="Taste buds contain receptor cells that respond to substances dissolved in"	2
8953	block_3.after_attention_residual + block_3.after_mlp_residual	2	tokens=[3837,4361,1119,649,324,86,599,3859,0,306,1843,86,3618]; text="Spring tides occur near new and full moons, when solar and lunar"	2
8954	block_3.after_attention_residual + block_3.after_mlp_residual	2	tokens=[829,186,4379,111,2619,83,879,82,328,1221,212,1037,56]; text="An exoplanet crossing in front of its star can cause a"	2
8955	block_3.after_attention_residual + block_3.after_mlp_residual	2	tokens=[1116,4455,1493,485,83,61]; text="Receptor cells high in the"	2
8957	block_3.after_attention_residual + block_3.after_mlp_residual	2	tokens=[395,56,1505,506,0,2192,1728,2639,4333,962,929,80,77,1790]; text="In a closed system, ordinary chemical reactions conserve total mass to an excellent"	2
8959	block_3.after_attention_residual + block_3.after_mlp_residual	42	tokens=[216,2132,86]; text="The Northern and" | tokens=[216,1925,82]; text="The island of" | tokens=[1578,77,3224]; text="Of an oct"	34
8960	block_3.after_attention_residual + block_3.after_mlp_residual	2	tokens=[4171,276,130,1145,0]; text="Hungary's capital,"	2
8961	block_3.after_attention_residual + block_3.after_mlp_residual	2	tokens=[4265,1333,1210,2604,250,1014,841,1,3659,1300,306,3833,83]; text="ASCII characters retain their original single-byte values when encoded in"	2
8963	block_3.after_attention_residual + block_3.after_mlp_residual	2	tokens=[3443,107,1743,197,1250,1565,86,366,942,2673]; text="Squid typically have eight arms and two longer feeding"	2
8964	block_3.after_attention_residual + block_3.after_mlp_residual	2	tokens=[216,2269,925,2157,114,56]; text="The seedlike structures on a"	2
8965	block_3.after_attention_residual + block_3.after_mlp_residual	4	tokens=[23,275,2301,198,110,113,1465,192,4147,75,4098]; text="Sauerkraut is produced by fermenting shredded" | tokens=[3663,2465,1207,4317,2744,0,714]; text="Kimchi includes fermented vegetables, often"	4
8966	block_3.after_attention_residual + block_3.after_mlp_residual	2	tokens=[395,480,1,3195,755,2504,0]; text="In hand-built pottery,"	2
8969	block_3.after_attention_residual + block_3.after_mlp_residual	16	tokens=[1097,56]; text="At a" | tokens=[3100,3855,86,831,816,521,287,811,61]; text="Africa and Europe face each other across the" | tokens=[1097,77]; text="At an"	14
8970	block_3.after_attention_residual + block_3.after_mlp_residual	2	tokens=[1413,2793,1762,3622,1408]; text="Some climbing plants coil tend"	2
8973	block_3.after_attention_residual + block_3.after_mlp_residual	2	tokens=[3770,2142,61,1469,82,56,1336,1155,573]; text="HTML describes the structure of a web document using"	2
8977	block_3.after_attention_residual + block_3.after_mlp_residual	2	tokens=[15,1258,3342,3791,72,1006,1321,121,1968]; text="Jorge Luis Borges wrote stories that explore"	2
8979	block_3.after_attention_residual + block_3.after_mlp_residual	2	tokens=[216,1145,82,3626,113]; text="The capital of Peru is"	2
8980	block_3.after_attention_residual + block_3.after_mlp_residual	2	tokens=[4293,175,2072,714,3241,1658,400]; text="Cubist artists often depict objects through"	2
8984	block_3.after_attention_residual + block_3.after_mlp_residual	2	tokens=[1772,111,801,437,61,695,1686,2628,391,192]; text="Trumpet players set the air column vibrating by"	2
8985	block_3.after_attention_residual + block_3.after_mlp_residual	2	tokens=[216,1768,4025,495,34,245,3505,4043,750,934,326,4076,130,1822,1820]; text="The ancient Nabataeans carved monumental facades into Petra's sandstone"	2
8988	block_3.after_attention_residual + block_3.after_mlp_residual	2	tokens=[18,2152,421,898,1392,192]; text="Mosaics create images by"	2
8989	block_3.after_attention_residual + block_3.after_mlp_residual	2	tokens=[2762,4296,130,1145,0]; text="Portugal's capital,"	2
8990	block_3.after_attention_residual + block_3.after_mlp_residual	6	tokens=[829,2856,1936,113,56]; text="An aquifer is a" | tokens=[216,3898,113,1463,1486,1313,121,212,4401,1807,311]; text="The mantle is mostly solid rock that can deform slowly over" | tokens=[11,386,1438,2579,936,82,3293,121,1669,83,61]; text="Fossils preserve evidence of organisms that lived in the"	6
8991	block_3.after_attention_residual + block_3.after_mlp_residual	2	tokens=[3311,1384,86,2086,531,747,1337,61,2697,2012]; text="Human hair and fingernails contain the structural protein"	2
8992	block_3.after_attention_residual + block_3.after_mlp_residual	2	tokens=[2695,82,2338,0,1264,4037,197]; text="Instead of teeth, modern turtles have"	2
8994	block_3.after_attention_residual + block_3.after_mlp_residual	2	tokens=[7,419,3317,113,61,892,634,124,3353,73,87]; text="Baking soda is the common name for sodium bic"	2
8995	block_3.after_attention_residual + block_3.after_mlp_residual	2	tokens=[1593,801,583,2864,114]; text="Go players place stones on"	2
8996	block_3.after_attention_residual + block_3.after_mlp_residual	2	tokens=[6,1459,1528,2954,3979]; text="A solution contains substances dispersed"	2
8998	block_3.after_attention_residual + block_3.after_mlp_residual	2	tokens=[22,176,63,113,61,1145,82,3810,0,867,309,2487,3488]; text="Rabat is the capital of Morocco, rather than Casabl"	2
9000	block_3.after_attention_residual + block_3.after_mlp_residual	2	tokens=[3026,1634,113,61,1145,82,2895,0,56]; text="Oslo is the capital of Norway, a"	2
9003	block_3.after_attention_residual + block_3.after_mlp_residual	2	tokens=[10,31,733,2228,640]; text="Ebenezer Sc"	2
9007	block_3.after_attention_residual + block_3.after_mlp_residual	2	tokens=[6,1886,1809,212,1075,249,2918,559,1668,61,592,409]; text="A database index can speed up searches without changing the information being"	2
9008	block_3.after_attention_residual + block_3.after_mlp_residual	2	tokens=[4116,3133,1763,306,56,2766,2269]; text="Germination begins when a viable seed"	2
9010	block_3.after_attention_residual + block_3.after_mlp_residual	2	tokens=[216,3426,1529,3851,83,1294,1337,3336,3399,86]; text="The Ajanta caves in India contain Buddhist paintings and"	2
9011	block_3.after_attention_residual + block_3.after_mlp_residual	2	tokens=[4195,3375,130,2857,1681,56,3467,326]; text="Lewis Carroll's Alice follows a rabbit into"	2
9012	block_3.after_attention_residual + block_3.after_mlp_residual	4	tokens=[4283,1732,3878,2786,1218]; text="Mitosis separates duplicated" | tokens=[1906,3109,251,715,746,1493,2037,1337,1802]; text="Most nucleated human body cells normally contain 46"	4
9013	block_3.after_attention_residual + block_3.after_mlp_residual	2	tokens=[4123,1,4151,504,69,3798,342,91,1385]; text="Jean-Francois Champollion helped"	2
9014	block_3.after_attention_residual + block_3.after_mlp_residual	2	tokens=[216,1042,708,69,567,3887,46,677,1,2334,1309,695,80,61,397,83,61,2132]; text="The Coriolis effect deflects large-scale moving air to the right in the Northern"	2
9018	block_3.after_attention_residual + block_3.after_mlp_residual	6	tokens=[216,3607,860,2868,4067,2036]; text="The stratospheric ozone layer" | tokens=[18,1051,666,83,3667,130,2100]; text="Methane in Neptune's atmosphere" | tokens=[829,431,407,2266,629]; text="An endothermic process"	6
9023	block_3.after_attention_residual + block_3.after_mlp_residual	2	tokens=[6,1160,599,1,2062,662,1132,219]; text="A standard full-size Go board has"	2
9024	block_3.after_attention_residual + block_3.after_mlp_residual	2	tokens=[3946,4199,212,4057,1149]; text="Moving glaciers can carve broad"	2
9025	block_3.after_attention_residual + block_3.after_mlp_residual	2	tokens=[19,1340,3408,83,61,1303,130,1489,3652,3106,326]; text="Nuclear fusion in the Sun's core converts hydrogen into"	2
9028	block_3.after_attention_residual + block_3.after_mlp_residual	2	tokens=[216,3029,82,2421,3267,37,4047,83,1768,2861]; text="The Epic of Gilgamesh survives in ancient Mes"	2
9029	block_3.after_attention_residual + block_3.after_mlp_residual	2	tokens=[395,61,3186,506,0,61,3368,2179,43]; text="In the metric system, the prefix kilo"	2
9035	block_3.after_attention_residual + block_3.after_mlp_residual	2	tokens=[4330,2774,420,3949,46,1153,2669]; text="Ancient Egyptian pharaohs built py"	2
9039	block_3.after_attention_residual + block_3.after_mlp_residual	2	tokens=[2108,60,1249,212,3726,56,3194,2834,337,1]; text="Neon gas can emit a distinctive reddish-"	2
9041	block_3.after_attention_residual + block_3.after_mlp_residual	2	tokens=[829,3989,718,212,584,56]; text="An oyster can form a"	2
9042	block_3.after_attention_residual + block_3.after_mlp_residual	2	tokens=[1920,4129,492,920,1761,0,250,381,2990]; text="Although penguins cannot fly, their flippers"	2
9044	block_3.after_attention_residual + block_3.after_mlp_residual	2	tokens=[3063,3438,1006,61,2730,269,61,3283]; text="William Shakespeare wrote the tragedy about the lovers"	2
9046	block_3.after_attention_residual + block_3.after_mlp_residual	2	tokens=[784,621,3676,162,1734,2722,0,56,1065]; text="For small swings at fixed gravity, a simple"	2
9047	block_3.after_attention_residual + block_3.after_mlp_residual	6	tokens=[3192,1039,4266,212,103,1465,192,3490]; text="Bronze sculptures can be produced by pouring" | tokens=[14,36,352,252,2624,584,306]; text="Igneous rocks form when" | tokens=[21,169,243,1528,418,1249,3592,2738,142]; text="Pumice contains many gas bubbles trapped as"	6
9051	block_3.after_attention_residual + block_3.after_mlp_residual	2	tokens=[3508,1210,170,185,77,3579,83,267,521,1777,941,1892,261]; text="Chinese characters are not an alphabet in which each symbol simply represents one"	2
9052	block_3.after_attention_residual + block_3.after_mlp_residual	2	tokens=[784,56,397,3482,0,61]; text="For a right triangle, the"	2
9053	block_3.after_attention_residual + block_3.after_mlp_residual	4	tokens=[216,1861,82,56,1163,3752,198,348,588,170,635,679,2849]; text="The faces of a regular tetrahedron are four equilateral" | tokens=[6,1163,3131,768,212,103,2224,326,896,679,2849]; text="A regular hexagon can be divided into six equilateral"	4
9055	block_3.after_attention_residual + block_3.after_mlp_residual	2	tokens=[13,297,3777,706,83,3160,2573,2879,142,888,3554,74,704]; text="Hailstones grow in thunderstorm clouds as supercooled water"	2
9056	block_3.after_attention_residual + block_3.after_mlp_residual	2	tokens=[6,3333,4238,113,61,3662,855,1295,82,56,3990,173]; text="A caterpillar is the larval stage of a butterfly or"	2
9057	block_3.after_attention_residual + block_3.after_mlp_residual	4	tokens=[2746,1762,379,701,987,80,384,3972,530,1581]; text="Green plants use light energy to make sugars during photos" | tokens=[796,1474,3279,1697,170,61,1023,2157,392,1581]; text="Chloroplasts are the cell structures where photos"	4
9059	block_3.after_attention_residual + block_3.after_mlp_residual	2	tokens=[13,894,42,150,3994,1006,61,1608]; text="Hermann Hesse wrote the novel"	2
9060	block_3.after_attention_residual + block_3.after_mlp_residual	2	tokens=[13,625,4239,1062,95]; text="Honeybees collect n"	2
9061	block_3.after_attention_residual + block_3.after_mlp_residual	2	tokens=[16,434,134,113,56]; text="Kefir is a"	2
9062	block_3.after_attention_residual + block_3.after_mlp_residual	2	tokens=[886,92,63,183,989,87,957]; text="Onomatopoeic words"	2
9063	block_3.after_attention_residual + block_3.after_mlp_residual	2	tokens=[3222,2574,2714,319,839,86,1763,61]; text="Saliva moistens food and begins the"	2
9064	block_3.after_attention_residual + block_3.after_mlp_residual	2	tokens=[216,381,164,444,82]; text="The florets of"	2
9066	block_3.after_attention_residual + block_3.after_mlp_residual	4	tokens=[216,109,1444,119,2390,114,1107,530,61]; text="The Iliad centers on events during the" | tokens=[216,3743,1534,82,2403,435,120,167,857,80,636,607,349,61]; text="The Odyssey tells of Odysseus trying to return home after the"	4
9067	block_3.after_attention_residual + block_3.after_mlp_residual	4	tokens=[3794,116,2171,83,2162,113,789,124]; text="Altamira in Spain is known for" | tokens=[3967,399,220,113,56]; text="Stonehenge is a"	4
9068	block_3.after_attention_residual + block_3.after_mlp_residual	4	tokens=[18,3680,113,56,4317,3053,2185,445,573,3120]; text="Miso is a fermented paste commonly made using soy" | tokens=[2667,199,37,113,1465,192,4147,75,3120]; text="Tempeh is produced by fermenting soy"	4
9069	block_3.after_attention_residual + block_3.after_mlp_residual	2	tokens=[3844,82,61,914,2949]; text="Dream of the Red Chamber"	2
9070	block_3.after_attention_residual + block_3.after_mlp_residual	2	tokens=[4198,198,3766,1190,3419,1027,400,757]; text="Hydraulic systems transmit force through press"	2
9072	block_3.after_attention_residual + block_3.after_mlp_residual	2	tokens=[2458,2117,2448,2137,82,61,3432,87,2682,3353]; text="Table salt consists mainly of the ionic compound sodium"	2
9073	block_3.after_attention_residual + block_3.after_mlp_residual	2	tokens=[2531,2206,379,1720,3562,86,197,250,436,2825]; text="Sign languages use visual gestures and have their own gram"	2
9076	block_3.after_attention_residual + block_3.after_mlp_residual	2	tokens=[1712,371,281,670,911,4088,0,80,1675,0,1265,116]; text="Amphibians include frogs, toads, salam"	2
9077	block_3.after_attention_residual + block_3.after_mlp_residual	16	tokens=[4243,298,3721,170,2670,80]; text="Chemical equations are balanced to" | tokens=[2963,1048,738,700]; text="Sunspots appear" | tokens=[2520,1791,2091,1566]; text="Origami creates forms"	16
9080	block_3.after_attention_residual + block_3.after_mlp_residual	2	tokens=[216,188,365,193,2178,156,1153,124,61,1806]; text="The Eiffel Tower was built for the Paris"	2
9083	block_3.after_attention_residual + block_3.after_mlp_residual	4	tokens=[216,3437,59,88,2350,3977,3793,326,61,621]; text="The pancreas releases digestive enzymes into the small" | tokens=[1906,3725,3574,196,839,2189,83,61,621]; text="Most nutrient absorption from food occurs in the small"	4
9087	block_3.after_attention_residual + block_3.after_mlp_residual	2	tokens=[216,2275,82,56,223]; text="The objective of a j"	2
9088	block_3.after_attention_residual + block_3.after_mlp_residual	8	tokens=[3207,3598,2548,219,942]; text="Infrared radiation has longer" | tokens=[2982,4306,2548,219,2586]; text="Ultraviolet radiation has shorter" | tokens=[6,4371,212,1449,923,701,326,2018,380,541]; text="A prism can separate white light into colors because different"	8
9090	block_3.after_attention_residual + block_3.after_mlp_residual	2	tokens=[2982,4306,2548,219,2586,4344,309,1989]; text="Ultraviolet radiation has shorter wavelengths than visible"	2
9091	block_3.after_attention_residual + block_3.after_mlp_residual	6	tokens=[216,1949,83,4347,113,185,1277,2630]; text="The creature in Frankenstein is not named Victor" | tokens=[3533,4380,1036,61,2498,2630]; text="Mary Shelley created the scientist Victor" | tokens=[3533,4380,1036,61,2498,2630,4347,83,300,1608]; text="Mary Shelley created the scientist Victor Frankenstein in her novel"	6
9093	block_3.after_attention_residual + block_3.after_mlp_residual	2	tokens=[216,1768,2508,1698,270,1031,162]; text="The ancient Olympic Games were held at"	2
9094	block_3.after_attention_residual + block_3.after_mlp_residual	2	tokens=[1135,3197,58,320,1542,142,61,1145,82,61]; text="Constantinople served as the capital of the"	2
9098	block_3.after_attention_residual + block_3.after_mlp_residual	2	tokens=[575,78,260,1040,2103,196,2509]; text="Stalactites hang from cave"	2
9100	block_3.after_attention_residual + block_3.after_mlp_residual	2	tokens=[216,1925,82,136,2154,43,113,1518,192,2977,0,2909,0,86]; text="The island of Borneo is shared by Indonesia, Malaysia, and"	2
9102	block_3.after_attention_residual + block_3.after_mlp_residual	2	tokens=[216,4193,1431,167,113,56]; text="The platypus is a"	2
9103	block_3.after_attention_residual + block_3.after_mlp_residual	2	tokens=[216,1925,82,459,3469,113,2224,481,2977,86]; text="The island of New Guinea is divided between Indonesia and"	2
9106	block_3.after_attention_residual + block_3.after_mlp_residual	2	tokens=[1987,952,113,61,715,1]; text="Source code is the human-"	2
9108	block_3.after_attention_residual + block_3.after_mlp_residual	2	tokens=[216,2196,176,2332,495,86,61,1992,118,907,170,712]; text="The Mahabharata and the Ramayana are major"	2
9110	block_3.after_attention_residual + block_3.after_mlp_residual	2	tokens=[6,3064,1538,508,56,513,457,638,56]; text="A lever turns around a support point called a"	2
9113	block_3.after_attention_residual + block_3.after_mlp_residual	4	tokens=[6,3957,504,113,2681,114]; text="A fresco is painted on" | tokens=[6,3957,504,113,2681,114,4369,0,2968,465,61]; text="A fresco is painted on plaster, traditionally while the"	4
9116	block_3.after_attention_residual + block_3.after_mlp_residual	2	tokens=[216,3846,3687,1176,113,56,1716,331,192,2606]; text="The marble sculpture David is a famous work by Michel"	2
9118	block_3.after_attention_residual + block_3.after_mlp_residual	2	tokens=[15,1666,80,61,1024,1115,61,3692,1020,0,1303,153]; text="Journey to the West features the Monkey King, Sun W"	2
9121	block_3.after_attention_residual + block_3.after_mlp_residual	2	tokens=[216,3932,709,4438,82]; text="The hardened forewings of"	2
9127	block_3.after_attention_residual + block_3.after_mlp_residual	2	tokens=[1920,131,113,1166,445,82,3305,0,56]; text="Although it is usually made of brass, a"	2
9128	block_3.after_attention_residual + block_3.after_mlp_residual	6	tokens=[829,387,2891,1528,1134]; text="An emulsion contains dro" | tokens=[3872,3611,584,400,474,2064,0,1620,2821,0,86,1458,1900,82,3243,83,704,1134]; text="Rainbows form through refraction, internal reflection, and dispersion of sunlight in water dro" | tokens=[3201,46,1217,82,1921,2098,1134]; text="Clouds consist of tiny liquid dro"	6
9132	block_3.after_attention_residual + block_3.after_mlp_residual	2	tokens=[216,1891,2027,1863,61,462,816,1298,1268,380,328,2692,86,2684,170]; text="The Moon keeps approximately the same face toward Earth because its rotation and orbit are"	2
9133	block_3.after_attention_residual + block_3.after_mlp_residual	4	tokens=[4427,3005,2109,3656,113,2185,445,196,3449,169,3065,1548]; text="Traditional dried Italian pasta is commonly made from durum wheat sem" | tokens=[8,252,32,252,2448,82,621,3234,1550,2968,445,196,1548]; text="Couscous consists of small granules traditionally made from sem"	4
9135	block_3.after_attention_residual + block_3.after_mlp_residual	2	tokens=[11,531,46,3480,573]; text="Ferns reproduce using"	2
9136	block_3.after_attention_residual + block_3.after_mlp_residual	38	tokens=[3410,719,77]; text="Raising an" | tokens=[4257,2118,1892]; text="Braille represents" | tokens=[3379,1423,56]; text="Sound requires a"	38
9139	block_3.after_attention_residual + block_3.after_mlp_residual	16	tokens=[216,381,164,444]; text="The florets" | tokens=[216,3983,83,1356]; text="The witches in Mac" | tokens=[216,1655,1899,3786]; text="The Dead Sea Scrolls"	16
9140	block_3.after_attention_residual + block_3.after_mlp_residual	4	tokens=[3100,3855,86,831,816,521,287,811,61,4225,82]; text="Africa and Europe face each other across the Strait of" | tokens=[216,3237,1899,3303,139,61,2411,2422,400,61,4225,82]; text="The Mediterranean Sea connects with the Atlantic Ocean through the Strait of"	4
9142	block_3.after_attention_residual + block_3.after_mlp_residual	4	tokens=[216,739,82,3742,1780,649,61]; text="The city of Babylon stood near the" | tokens=[4330,2861,4284,4453,1304,481,86,508,61,2788,954,86]; text="Ancient Mesopotamia lay between and around the Tigris and"	4
9143	block_3.after_attention_residual + block_3.after_mlp_residual	2	tokens=[3389,169,1317,4052,370,911,3576]; text="Illuminated manuscripts may include decorated"	2
9145	block_3.after_attention_residual + block_3.after_mlp_residual	2	tokens=[216,3898,113,1463,1486,1313,121,212]; text="The mantle is mostly solid rock that can"	2
9147	block_3.after_attention_residual + block_3.after_mlp_residual	2	tokens=[1452,246,72,1158,704,400]; text="Sponges draw water through"	2
9150	block_3.after_attention_residual + block_3.after_mlp_residual	2	tokens=[829,2596,488,2203,2029]; text="An electrical insulator strongly"	2
9151	block_3.after_attention_residual + block_3.after_mlp_residual	4	tokens=[1192,79,4087,2322,920]; text="Shear seismic waves cannot" | tokens=[3379,1423,56,993,1937,86,920]; text="Sound requires a material medium and cannot"	4
9152	block_3.after_attention_residual + block_3.after_mlp_residual	2	tokens=[3967,399,220,113,56,4323,3110,114,1508]; text="Stonehenge is a prehistoric monument on Sal"	2
9153	block_3.after_attention_residual + block_3.after_mlp_residual	2	tokens=[12,994,286,2185,1528]; text="Granite commonly contains"	2
9155	block_3.after_attention_residual + block_3.after_mlp_residual	2	tokens=[6,1464,3768,1892,61]; text="A negative exponent represents the"	2
9156	block_3.after_attention_residual + block_3.after_mlp_residual	2	tokens=[23,1274,43,1733,1440]; text="Sancho Panza"	2
9159	block_3.after_attention_residual + block_3.after_mlp_residual	2	tokens=[829,2922,2222,1433,3549,1451,556]; text="An infinite loop continues indefinitely unless something"	2
9162	block_3.after_attention_residual + block_3.after_mlp_residual	2	tokens=[6,3738,265,1837,212,1262,2596,987,400]; text="A rechargeable battery can store electrical energy through"	2
9164	block_3.after_attention_residual + block_3.after_mlp_residual	8	tokens=[6,4152,2696,1823,3303,1582,82,1522,573,467]; text="A dovetail joint connects pieces of wood using inter" | tokens=[3675,4134,566,1879,1228,3301,2016,86,467]; text="Islamic geometric art frequently uses repeating patterns and inter" | tokens=[3597,980,3961,2308,196,467]; text="Knitting constructs fabric from inter"	8
9167	block_3.after_attention_residual + block_3.after_mlp_residual	2	tokens=[216,1768,739,82,707,108]; text="The ancient city of Teot"	2
9168	block_3.after_attention_residual + block_3.after_mlp_residual	2	tokens=[3046,116,92,4069,1337]; text="Cardamom pods contain"	2
9169	block_3.after_attention_residual + block_3.after_mlp_residual	2	tokens=[216,3506,3866,3541,61,1943,109]; text="The Panama Canal crosses the narrow I"	2
9174	block_3.after_attention_residual + block_3.after_mlp_residual	2	tokens=[6,2615,3347,130,64,2278,89,2255]; text="A honeybee's waggle dance"	2
9176	block_3.after_attention_residual + block_3.after_mlp_residual	8	tokens=[1470,147,45,2767,170]; text="Seagrasses are" | tokens=[1986,1248,1337,61,3163,2157,82]; text="Flowers contain the reproductive structures of" | tokens=[18,386,72,1130,61,846,2475,494,83]; text="Mosses lack the true roots found in"	8
9177	block_3.after_attention_residual + block_3.after_mlp_residual	2	tokens=[3508,1210,170,185,77,3579,83,267,521,1777,941,1892,261,4307,191,173]; text="Chinese characters are not an alphabet in which each symbol simply represents one consonant or"	2
9181	block_3.after_attention_residual + block_3.after_mlp_residual	2	tokens=[829,2596,3922,2276,56,2382,306,328,1545]; text="An electrical fuse breaks a circuit when its element"	2
9184	block_3.after_attention_residual + block_3.after_mlp_residual	4	tokens=[216,574,3857,113,61,2089,82,56]; text="The number pi is the ratio of a" | tokens=[2348,3802,1326,83,56]; text="Parallel lines in a"	4
9185	block_3.after_attention_residual + block_3.after_mlp_residual	2	tokens=[3836,2930,2644,3319,1038,181,360,628,80,184,144,266,110,83,181,360,628,130]; text="Jonathan Swift sends Lemuel Gulliver to Lilliput in Gulliver's"	2
9186	block_3.after_attention_residual + block_3.after_mlp_residual	2	tokens=[2427,92,798,148,906,417,1007,3293,86]; text="Decomposers break down dead organisms and"	2
9193	block_3.after_attention_residual + block_3.after_mlp_residual	2	tokens=[4223,2026,3603,170,445,196,2943,1665,196,2741]; text="Corn tortillas are made from dough prepared from processed"	2
9195	block_3.after_attention_residual + block_3.after_mlp_residual	2	tokens=[6,1505,2817,1138,1235,56,2538,1577,645,80]; text="A closed conducting path allows a steady electric current to"	2
9200	block_3.after_attention_residual + block_3.after_mlp_residual	4	tokens=[216,188,365,193,2178,156,1153,124,61,1806,4336,82]; text="The Eiffel Tower was built for the Paris exposition of" | tokens=[26,4271,1685,662,209,2681,165,1088,278,1598,83]; text="Vincent van Gogh painted The Starry Night in"	4
9202	block_3.after_attention_residual + block_3.after_mlp_residual	2	tokens=[2414,871,251,3681,2184]; text="Corrugated cardboard gains"	2
9203	block_3.after_attention_residual + block_3.after_mlp_residual	2	tokens=[17,386,547,3255,1235,61,1014,609,80,103]; text="Lossless compression allows the original data to be"	2
9204	block_3.after_attention_residual + block_3.after_mlp_residual	2	tokens=[395,2777,1,4231,1537,4027,0,77,3224,479,113,2224,326,2777,1537,1548]; text="In twelve-tone equal temperament, an octave is divided into twelve equal sem"	2
9205	block_3.after_attention_residual + block_3.after_mlp_residual	2	tokens=[9,213,79,0,114,1644,130,2411,1931,0,113,61,1145,82]; text="Dakar, on Africa's Atlantic coast, is the capital of"	2
9207	block_3.after_attention_residual + block_3.after_mlp_residual	4	tokens=[21,1693,450,170,3526]; text="Pulsars are rotating" | tokens=[1292,108,2761,82,77,1545,197,1537,168,520,2330,224,541]; text="Isotopes of an element have equal proton counts but different"	4
9208	block_3.after_attention_residual + block_3.after_mlp_residual	2	tokens=[1935,2444,3044,4377,1284,114]; text="Many ladybird beetles feed on"	2
9209	block_3.after_attention_residual + block_3.after_mlp_residual	2	tokens=[24,110,456,1045,182,130,2445]; text="Tutankhamun's golden"	2
9210	block_3.after_attention_residual + block_3.after_mlp_residual	2	tokens=[3311,905,1089,1493,1506,2544,139,61,490,82,3036]; text="Human red blood cells transport oxygen with the help of hem"	2
9212	block_3.after_attention_residual + block_3.after_mlp_residual	2	tokens=[9,2610,130,2671,3446,1681,56,1919,400,1700,0]; text="Dante's Divine Comedy follows a journey through Hell,"	2
9213	block_3.after_attention_residual + block_3.after_mlp_residual	2	tokens=[216,3607,860,2868,4067,2036,4274,427,82,61,1303,130,2728]; text="The stratospheric ozone layer absorbs much of the Sun's harmful"	2
9214	block_3.after_attention_residual + block_3.after_mlp_residual	2	tokens=[6,3350,130,3156,113,445,2009,82,1811]; text="A shark's skeleton is made primarily of cart"	2
9215	block_3.after_attention_residual + block_3.after_mlp_residual	4	tokens=[6,1374,820,3354,56,1692,3534,690,56]; text="A primary key identifies a row uniquely within a" | tokens=[3126,113,56,1184,460,80,2609,86,3174]; text="SQL is a language used to query and manipulate"	4
9216	block_3.after_attention_residual + block_3.after_mlp_residual	2	tokens=[216,1768,739,82,707,108,4423]; text="The ancient city of Teotihu"	2
9218	block_3.after_attention_residual + block_3.after_mlp_residual	2084	tokens=[3711,3502,1426,2013,80,3862,337,250,774,2]; text="Female mammals produce milk to nourish their young." | tokens=[395,1240,0,61,3474,82,2365,113,1166,2423,306,2317,80,61,1554,2]; text="In English, the plural of mouse is usually mice when referring to the animal." | tokens=[216,2638,82,56,924,549,1008,328,3318,0,2483,52,1469,2]; text="The flowers of a fig develop inside its hollow, fleshy structure."	2084
